<?xml version="1.0" encoding="utf-8"?>
<!DOCTYPE div
  SYSTEM "about:legacy-compat">
<div xmlns:ecep="http://www.eighteenthcenturypoetry.org/ns"
     xmlns="http://www.tei-c.org/ns/1.0"
     xmlns:tei="http://www.tei-c.org/ns/1.0"
     ana="#iamb #tetrameter #trimeter #quatrain          #intermittent #hymn"
     corresp="#txt_BarbAn1743_w0028"
     decls="#semi-normalized"
     ecep:syllab="8.6.8.6"
     met="-+|-+|-+|-+/ -+|-+|-+/ -+|-+|-+|-+/ -+|-+|-+/"
     n="3"
     rendition="#lgvspace"
     rhyme="xaxa"
     subtype="eceptext"
     type="hymn"
     xml:id="o3555-w0280">
   <link target="authors.xml#aut_BarbAn1743" type="author"/>
   <head type="main">
      <w xml:id="o3555-148680"
         n="122-a-0010"
         ecep:lem="hymn"
         ecep:pos="n1"
         ecep:reg="HYMN"
         ecep:spe="HYMN"
         ecep:syllab="1"
         ecep:pron="hɪm">HYMN</w>
      <c> </c>
      <w xml:id="o3555-148690"
         n="122-a-0020"
         ecep:lem="iii"
         ecep:pos="crd"
         ecep:reg="III"
         ecep:spe="III"
         ecep:syllab="1"
         ecep:pron="rˌəʊmənθrˈiː">III</w>
      <pc xml:id="o3555-148700"
          n="122-a-0030"
          unit="sentence"
          ecep:lem="."
          ecep:pos="."
          ecep:reg="."
          ecep:spe=".">.</pc>
   </head>
   <head type="sub">
      <w xml:id="o3555-148730"
         n="122-a-0040"
         ecep:lem="for"
         ecep:pos="p-acp"
         ecep:reg="For"
         ecep:spe="For"
         ecep:syllab="1"
         ecep:pron="fɔː">For</w>
      <c> </c>
      <w xml:id="o3555-148740"
         n="122-a-0050"
         ecep:lem="easter-sunday"
         ecep:pos="np1"
         ecep:reg="EASTER-SUNDAY"
         ecep:spe="EASTER-SUNDAY"
         ecep:syllab="4"
         ecep:pron="ˈiːstəˌˈsʌndeɪ">EASTER-SUNDAY</w>
      <pc xml:id="o3555-148750"
          n="122-a-0060"
          unit="sentence"
          ecep:lem="."
          ecep:pos="."
          ecep:reg="."
          ecep:spe=".">.</pc>
   </head>
   <lg xml:id="o3555-s00905">
      <l xml:id="o3555-l08280">
         <w xml:id="o3555-148780"
            n="122-a-0070"
            ecep:lem="again"
            ecep:pos="av"
            ecep:reg="AGAIN"
            ecep:spe="AGAIN"
            ecep:syllab="2"
            ecep:pron="əˈgen">AGAIN</w>
         <c> </c>
         <w xml:id="o3555-148790"
            n="122-a-0080"
            ecep:lem="the"
            ecep:pos="dt"
            ecep:reg="the"
            ecep:spe="the"
            ecep:syllab="1"
            ecep:pron="ðə">the</w>
         <c> </c>
         <w xml:id="o3555-148800"
            n="122-a-0090"
            ecep:lem="lord"
            ecep:pos="n1"
            ecep:reg="LORD"
            ecep:spe="LORD"
            ecep:syllab="1"
            ecep:pron="lɔːd">LORD</w>
         <c> </c>
         <w xml:id="o3555-148810"
            n="122-a-0100"
            ecep:lem="of"
            ecep:pos="pp-f"
            ecep:reg="of"
            ecep:spe="of"
            ecep:syllab="1"
            ecep:pron="ɒv">of</w>
         <c> </c>
         <w xml:id="o3555-148820"
            n="122-a-0110"
            ecep:lem="life"
            ecep:pos="n1"
            ecep:reg="life"
            ecep:spe="life"
            ecep:syllab="1"
            ecep:pron="laɪf">life</w>
         <c> </c>
         <w xml:id="o3555-148830"
            n="122-a-0120"
            ecep:lem="and"
            ecep:pos="cc"
            ecep:reg="and"
            ecep:spe="and"
            ecep:syllab="1"
            ecep:pron="ænd">and</w>
         <c> </c>
         <w xml:id="o3555-148840"
            n="122-a-0130"
            ecep:lem="light"
            ecep:pos="n1"
            ecep:reg="light"
            ecep:spe="light"
            ecep:syllab="1"
            ecep:pron="laɪt">light</w>
      </l>
      <l xml:id="o3555-l08285">
         <c> </c>
         <w xml:id="o3555-148850"
            n="122-a-0140"
            ecep:lem="awake"
            ecep:pos="vvz"
            ecep:reg="Awakes"
            ecep:spe="Awakes"
            ecep:syllab="2"
            ecep:pron="əˈweɪks">Awakes</w>
         <c> </c>
         <w xml:id="o3555-148860"
            n="122-a-0150"
            ecep:lem="the"
            ecep:pos="dt"
            ecep:reg="the"
            ecep:spe="the"
            ecep:syllab="1"
            ecep:pron="ðə">the</w>
         <c> </c>
         <w xml:id="o3555-148870"
            n="122-a-0160"
            ecep:lem="kindle"
            ecep:pos="j-vvg"
            ecep:reg="kindling"
            ecep:spe="kindling"
            ecep:syllab="2"
            ecep:pron="ˈkɪndlɪŋ">kindling</w>
         <c> </c>
         <w xml:id="o3555-148880"
            n="122-a-0170"
            ecep:lem="ray"
            ecep:pos="n1"
            ecep:reg="ray"
            ecep:spe="ray"
            ecep:syllab="1"
            ecep:pron="reɪ">ray</w>
         <pc xml:id="o3555-148890"
             n="122-a-0180"
             ecep:lem=";"
             ecep:pos=";"
             ecep:reg=";"
             ecep:spe=";">;</pc>
      </l>
      <l xml:id="o3555-l08290">
         <c> </c>
         <w xml:id="o3555-148900"
            n="122-a-0190"
            ecep:lem="unseal"
            ecep:pos="vvz"
            ecep:reg="Unseals"
            ecep:spe="Unseals"
            ecep:syllab="2"
            ecep:pron="ˌʌnˈsiːlz">Unseals</w>
         <c> </c>
         <w xml:id="o3555-148910"
            n="122-a-0200"
            ecep:lem="the"
            ecep:pos="dt"
            ecep:reg="the"
            ecep:spe="the"
            ecep:syllab="1"
            ecep:pron="ðə">the</w>
         <c> </c>
         <w xml:id="o3555-148920"
            n="122-a-0210"
            ecep:lem="eyelid"
            ecep:pos="n2"
            ecep:reg="eyelids"
            ecep:spe="eyelids"
            ecep:syllab="2"
            ecep:pron="ˈaɪlɪdz">eyelids</w>
         <c> </c>
         <w xml:id="o3555-148930"
            n="122-a-0220"
            ecep:lem="of"
            ecep:pos="pp-f"
            ecep:reg="of"
            ecep:spe="of"
            ecep:syllab="1"
            ecep:pron="ɒv">of</w>
         <c> </c>
         <w xml:id="o3555-148940"
            n="122-a-0230"
            ecep:lem="the"
            ecep:pos="dt"
            ecep:reg="the"
            ecep:spe="the"
            ecep:syllab="1"
            ecep:pron="ðə">the</w>
         <c> </c>
         <w xml:id="o3555-148950"
            n="122-a-0240"
            ecep:lem="morn"
            ecep:pos="n1"
            ecep:reg="morn"
            ecep:spe="morn"
            ecep:syllab="1"
            ecep:pron="mɔːn">morn</w>
         <pc xml:id="o3555-148960"
             n="122-a-0250"
             ecep:lem=","
             ecep:pos=","
             ecep:reg=","
             ecep:spe=",">,</pc>
      </l>
      <l xml:id="o3555-l08295">
         <c> </c>
         <w xml:id="o3555-148970"
            n="122-a-0260"
            ecep:lem="and"
            ecep:pos="cc"
            ecep:reg="And"
            ecep:spe="And"
            ecep:syllab="1"
            ecep:pron="ænd">And</w>
         <c> </c>
         <w xml:id="o3555-148980"
            n="122-a-0270"
            ecep:lem="pour"
            ecep:pos="vvz"
            ecep:reg="pours"
            ecep:spe="pours"
            ecep:syllab="1"
            ecep:pron="pɔːz">pours</w>
         <c> </c>
         <w xml:id="o3555-148990"
            n="122-a-0280"
            ecep:lem="increase"
            ecep:pos="j-vvg"
            ecep:reg="increasing"
            ecep:spe="increasing"
            ecep:syllab="3"
            ecep:pron="ɪnˈkriːsɪŋ">increasing</w>
         <c> </c>
         <w xml:id="o3555-149000"
            n="122-a-0290"
            ecep:lem="day"
            ecep:pos="n1"
            ecep:reg="day"
            ecep:spe="day"
            ecep:syllab="1"
            ecep:pron="deɪ">day</w>
         <pc xml:id="o3555-149010"
             n="122-a-0300"
             unit="sentence"
             ecep:lem="."
             ecep:pos="."
             ecep:reg="."
             ecep:spe=".">.</pc>
         <c> </c>
      </l>
   </lg>
   <lg xml:id="o3555-s00910">
      <l xml:id="o3555-l08300">
         <w xml:id="o3555-149040"
            n="122-a-0310"
            ecep:lem="o"
            ecep:pos="uh"
            ecep:reg="OH"
            ecep:spe="O"
            ecep:syllab="1"
            ecep:pron="əʊ">O</w>
         <c> </c>
         <w xml:id="o3555-149050"
            n="122-a-0320"
            ecep:lem="what"
            ecep:pos="r-crq"
            ecep:reg="what"
            ecep:spe="what"
            ecep:syllab="1"
            ecep:pron="wɒt">what</w>
         <c> </c>
         <w xml:id="o3555-149060"
            n="122-a-0330"
            ecep:lem="a"
            ecep:pos="dt"
            ecep:reg="a"
            ecep:spe="a"
            ecep:syllab="1"
            ecep:pron="ə">a</w>
         <c> </c>
         <w xml:id="o3555-149070"
            n="122-a-0340"
            ecep:lem="night"
            ecep:pos="n1"
            ecep:reg="night"
            ecep:spe="night"
            ecep:syllab="1"
            ecep:pron="naɪt">night</w>
         <c> </c>
         <w xml:id="o3555-149080"
            n="122-a-0350"
            ecep:lem="be"
            ecep:pos="vbds"
            ecep:reg="was"
            ecep:spe="was"
            ecep:syllab="1"
            ecep:pron="wɒz">was</w>
         <c> </c>
         <w xml:id="o3555-149090"
            n="122-a-0360"
            ecep:lem="that"
            ecep:pos="d"
            ecep:reg="that"
            ecep:spe="that"
            ecep:syllab="1"
            ecep:pron="ðæt">that</w>
         <pc xml:id="o3555-149100"
             n="122-a-0370"
             ecep:lem=","
             ecep:pos=","
             ecep:reg=","
             ecep:spe=",">,</pc>
         <c> </c>
         <w xml:id="o3555-149110"
            n="122-a-0380"
            ecep:lem="which"
            ecep:pos="r-crq"
            ecep:reg="which"
            ecep:spe="which"
            ecep:syllab="1"
            ecep:pron="wɪtʃ">which</w>
         <c> </c>
         <w xml:id="o3555-149120"
            n="122-a-0390"
            ecep:lem="wrap"
            ecep:pos="vvd"
            ecep:reg="wrapped"
            ecep:spe="wrapt"
            ecep:syllab="1"
            ecep:pron="rˈæpt">wrapt</w>
      </l>
      <l xml:id="o3555-l08305">
         <c> </c>
         <w xml:id="o3555-149130"
            n="122-a-0400"
            ecep:lem="the"
            ecep:pos="dt"
            ecep:reg="The"
            ecep:spe="The"
            ecep:syllab="1"
            ecep:pron="ðə">The</w>
         <c> </c>
         <w xml:id="o3555-149140"
            n="122-a-0410"
            ecep:lem="heathen"
            ecep:pos="j-jn"
            ecep:reg="heathen"
            ecep:spe="heathen"
            ecep:syllab="2"
            ecep:pron="ˈhiːðən">heathen</w>
         <c> </c>
         <w xml:id="o3555-149150"
            n="122-a-0420"
            ecep:lem="world"
            ecep:pos="n1"
            ecep:reg="world"
            ecep:spe="world"
            ecep:syllab="1"
            ecep:pron="wɜːld">world</w>
         <c> </c>
         <w xml:id="o3555-149160"
            n="122-a-0430"
            ecep:lem="in"
            ecep:pos="p-acp"
            ecep:reg="in"
            ecep:spe="in"
            ecep:syllab="1"
            ecep:pron="ɪn">in</w>
         <c> </c>
         <w xml:id="o3555-149170"
            n="122-a-0440"
            ecep:lem="gloom"
            ecep:pos="n1"
            ecep:reg="gloom"
            ecep:spe="gloom"
            ecep:syllab="1"
            ecep:pron="gluːm">gloom</w>
         <pc xml:id="o3555-149180"
             n="122-a-0450"
             unit="sentence"
             ecep:lem="!"
             ecep:pos="!"
             ecep:reg="!"
             ecep:spe="!">!</pc>
         <c> </c>
      </l>
      <l xml:id="o3555-l08310">
         <w xml:id="o3555-149190"
            n="122-a-0460"
            ecep:lem="o"
            ecep:pos="uh"
            ecep:reg="OH"
            ecep:spe="O"
            ecep:syllab="1"
            ecep:pron="əʊ">O</w>
         <c> </c>
         <w xml:id="o3555-149200"
            n="122-a-0470"
            ecep:lem="what"
            ecep:pos="r-crq"
            ecep:reg="what"
            ecep:spe="what"
            ecep:syllab="1"
            ecep:pron="wɒt">what</w>
         <c> </c>
         <w xml:id="o3555-149210"
            n="122-a-0480"
            ecep:lem="a"
            ecep:pos="dt"
            ecep:reg="a"
            ecep:spe="a"
            ecep:syllab="1"
            ecep:pron="ə">a</w>
         <c> </c>
         <w xml:id="o3555-149220"
            n="122-a-0490"
            ecep:lem="sun"
            ecep:pos="n1"
            ecep:reg="sun"
            ecep:spe="sun"
            ecep:syllab="1"
            ecep:pron="sʌn">sun</w>
         <c> </c>
         <w xml:id="o3555-149230"
            n="122-a-0500"
            ecep:lem="which"
            ecep:pos="r-crq"
            ecep:reg="which"
            ecep:spe="which"
            ecep:syllab="1"
            ecep:pron="wɪtʃ">which</w>
         <c> </c>
         <w xml:id="o3555-149240"
            n="122-a-0510"
            ecep:lem="break"
            ecep:pos="vvd"
            ecep:reg="broke"
            ecep:spe="broke"
            ecep:syllab="1"
            ecep:pron="brəʊk">broke</w>
         <c> </c>
         <w xml:id="o3555-149250"
            n="122-a-0520"
            ecep:lem="this"
            ecep:pos="d"
            ecep:reg="this"
            ecep:spe="this"
            ecep:syllab="1"
            ecep:pron="ðɪs">this</w>
         <c> </c>
         <w xml:id="o3555-149260"
            n="122-a-0530"
            ecep:lem="day"
            ecep:pos="n1"
            ecep:reg="day"
            ecep:spe="day"
            ecep:syllab="1"
            ecep:pron="deɪ">day</w>
         <pc xml:id="o3555-149270"
             n="122-a-0540"
             ecep:lem=","
             ecep:pos=","
             ecep:reg=","
             ecep:spe=",">,</pc>
      </l>
      <l xml:id="o3555-l08315">
         <c> </c>
         <w xml:id="o3555-149280"
            n="122-a-0550"
            ecep:lem="triumphant"
            ecep:pos="j"
            ecep:reg="Triumphant"
            ecep:spe="Triumphant"
            ecep:syllab="3"
            ecep:pron="traɪˈʌmfənt">Triumphant</w>
         <c> </c>
         <w xml:id="o3555-149290"
            n="122-a-0560"
            ecep:lem="from"
            ecep:pos="p-acp"
            ecep:reg="from"
            ecep:spe="from"
            ecep:syllab="1"
            ecep:pron="frɒm">from</w>
         <c> </c>
         <w xml:id="o3555-149300"
            n="122-a-0570"
            ecep:lem="the"
            ecep:pos="dt"
            ecep:reg="the"
            ecep:spe="the"
            ecep:syllab="1"
            ecep:pron="ðə">the</w>
         <c> </c>
         <w xml:id="o3555-149310"
            n="122-a-0580"
            ecep:lem="tomb"
            ecep:pos="n1"
            ecep:reg="tomb"
            ecep:spe="tomb"
            ecep:syllab="1"
            ecep:pron="tuːm">tomb</w>
         <pc xml:id="o3555-149320"
             n="122-a-0590"
             unit="sentence"
             ecep:lem="!"
             ecep:pos="!"
             ecep:reg="!"
             ecep:spe="!">!</pc>
         <c> </c>
      </l>
   </lg>
   <lg xml:id="o3555-s00915">
      <l xml:id="o3555-l08320">
         <w xml:id="o3555-149350"
            n="122-a-0600"
            ecep:lem="this"
            ecep:pos="d"
            ecep:reg="This"
            ecep:spe="This"
            ecep:syllab="1"
            ecep:pron="ðɪs">This</w>
         <c> </c>
         <w xml:id="o3555-149360"
            n="122-a-0610"
            ecep:lem="day"
            ecep:pos="n1"
            ecep:reg="day"
            ecep:spe="day"
            ecep:syllab="1"
            ecep:pron="deɪ">day</w>
         <c> </c>
         <w xml:id="o3555-149370"
            n="122-a-0620"
            ecep:lem="be"
            ecep:pos="vbi"
            ecep:reg="be"
            ecep:spe="be"
            ecep:syllab="1"
            ecep:pron="biː">be</w>
         <c> </c>
         <w xml:id="o3555-149380"
            n="122-a-0630"
            ecep:lem="grateful"
            ecep:pos="j"
            ecep:reg="grateful"
            ecep:spe="grateful"
            ecep:syllab="2"
            ecep:pron="ˈgreɪtfʊl">grateful</w>
         <c> </c>
         <w xml:id="o3555-149390"
            n="122-a-0640"
            ecep:lem="homage"
            ecep:pos="n1"
            ecep:reg="homage"
            ecep:spe="homage"
            ecep:syllab="2"
            ecep:pron="ˈhɒmɪdʒ">homage</w>
         <c> </c>
         <w xml:id="o3555-149400"
            n="122-a-0650"
            ecep:lem="pay"
            ecep:pos="vvn"
            ecep:reg="paid"
            ecep:spe="paid"
            ecep:syllab="1"
            ecep:pron="peɪd">paid</w>
         <pc xml:id="o3555-149410"
             n="122-a-0660"
             ecep:lem=","
             ecep:pos=","
             ecep:reg=","
             ecep:spe=",">,</pc>
      </l>
      <l xml:id="o3555-l08325">
         <c> </c>
         <w xml:id="o3555-149420"
            n="122-a-0670"
            ecep:lem="and"
            ecep:pos="cc"
            ecep:reg="And"
            ecep:spe="And"
            ecep:syllab="1"
            ecep:pron="ænd">And</w>
         <c> </c>
         <w xml:id="o3555-149430"
            n="122-a-0680"
            ecep:lem="loud"
            ecep:pos="j"
            ecep:reg="loud"
            ecep:spe="loud"
            ecep:syllab="1"
            ecep:pron="laʊd">loud</w>
         <c> </c>
         <w xml:id="o3555-149440"
            n="122-a-0690"
            ecep:lem="hosanna"
            ecep:pos="fw-la"
            ecep:reg="hosannas"
            ecep:spe="hosannas"
            ecep:syllab="3"
            ecep:pron="həʊˈzænəz">hosannas</w>
         <c> </c>
         <w xml:id="o3555-149450"
            n="122-a-0700"
            ecep:lem="sing"
            ecep:pos="vvn"
            ecep:reg="sung"
            ecep:spe="sung"
            ecep:syllab="1"
            ecep:pron="sʌŋ">sung</w>
         <pc xml:id="o3555-149460"
             n="122-a-0710"
             ecep:lem=";"
             ecep:pos=";"
             ecep:reg=";"
             ecep:spe=";">;</pc>
      </l>
      <l xml:id="o3555-l08330">
         <c> </c>
         <w xml:id="o3555-149470"
            n="122-a-0720"
            ecep:lem="let"
            ecep:pos="vvb"
            ecep:reg="Let"
            ecep:spe="Let"
            ecep:syllab="1"
            ecep:pron="let">Let</w>
         <c> </c>
         <w xml:id="o3555-149480"
            n="122-a-0730"
            ecep:lem="gladness"
            ecep:pos="n1"
            ecep:reg="gladness"
            ecep:spe="gladness"
            ecep:syllab="2"
            ecep:pron="ˈglædnɪs">gladness</w>
         <c> </c>
         <w xml:id="o3555-149490"
            n="122-a-0740"
            ecep:lem="dwell"
            ecep:pos="vvi"
            ecep:reg="dwell"
            ecep:spe="dwell"
            ecep:syllab="1"
            ecep:pron="dwel">dwell</w>
         <c> </c>
         <w xml:id="o3555-149500"
            n="122-a-0750"
            ecep:lem="in"
            ecep:pos="p-acp"
            ecep:reg="in"
            ecep:spe="in"
            ecep:syllab="1"
            ecep:pron="ɪn">in</w>
         <c> </c>
         <w xml:id="o3555-149510"
            n="122-a-0760"
            ecep:lem="every"
            ecep:pos="d"
            ecep:reg="every"
            ecep:spe="every"
            ecep:syllab="3"
            ecep:pron="ˈevrɪ">every</w>
         <c> </c>
         <w xml:id="o3555-149520"
            n="122-a-0770"
            ecep:lem="heart"
            ecep:pos="n1"
            ecep:reg="heart"
            ecep:spe="heart"
            ecep:syllab="1"
            ecep:pron="hɑːt">heart</w>
         <pc xml:id="o3555-149530"
             n="122-a-0780"
             ecep:lem=","
             ecep:pos=","
             ecep:reg=","
             ecep:spe=",">,</pc>
      </l>
      <l xml:id="o3555-l08335">
         <c> </c>
         <w xml:id="o3555-149540"
            n="122-a-0790"
            ecep:lem="and"
            ecep:pos="cc"
            ecep:reg="And"
            ecep:spe="And"
            ecep:syllab="1"
            ecep:pron="ænd">And</w>
         <c> </c>
         <w xml:id="o3555-149550"
            n="122-a-0800"
            ecep:lem="praise"
            ecep:pos="vvb"
            ecep:reg="praise"
            ecep:spe="praise"
            ecep:syllab="1"
            ecep:pron="preɪz">praise</w>
         <c> </c>
         <w xml:id="o3555-149560"
            n="122-a-0810"
            ecep:lem="on"
            ecep:pos="p-acp"
            ecep:reg="on"
            ecep:spe="on"
            ecep:syllab="1"
            ecep:pron="ɒn">on</w>
         <c> </c>
         <w xml:id="o3555-149570"
            n="122-a-0820"
            ecep:lem="every"
            ecep:pos="d"
            ecep:reg="every"
            ecep:spe="every"
            ecep:syllab="3"
            ecep:pron="ˈevrɪ">every</w>
         <c> </c>
         <w xml:id="o3555-149580"
            n="122-a-0830"
            ecep:lem="tongue"
            ecep:pos="n1"
            ecep:reg="tongue"
            ecep:spe="tongue"
            ecep:syllab="1"
            ecep:pron="tʌŋ">tongue</w>
         <pc xml:id="o3555-149590"
             n="122-a-0840"
             unit="sentence"
             ecep:lem="."
             ecep:pos="."
             ecep:reg="."
             ecep:spe=".">.</pc>
         <c> </c>
      </l>
   </lg>
   <pb facs="123" n="119" rend="none"/>
   <lg xml:id="o3555-s00920">
      <l xml:id="o3555-l08340">
         <w xml:id="o3555-149620"
            n="123-a-0010"
            ecep:lem="ten"
            ecep:pos="crd"
            ecep:reg="Ten"
            ecep:spe="Ten"
            ecep:syllab="1"
            ecep:pron="ten">Ten</w>
         <c> </c>
         <w xml:id="o3555-149630"
            n="123-a-0020"
            ecep:lem="thousand"
            ecep:pos="crd"
            ecep:reg="thousand"
            ecep:spe="thousand"
            ecep:syllab="2"
            ecep:pron="ˈθaʊzənd">thousand</w>
         <c> </c>
         <w xml:id="o3555-149640"
            n="123-a-0030"
            ecep:lem="differ"
            ecep:pos="j-vvg"
            ecep:reg="differing"
            ecep:spe="differing"
            ecep:syllab="3"
            ecep:pron="ˈdɪfərɪŋ">differing</w>
         <c> </c>
         <w xml:id="o3555-149650"
            n="123-a-0040"
            ecep:lem="lip"
            ecep:pos="n2"
            ecep:reg="lips"
            ecep:spe="lips"
            ecep:syllab="1"
            ecep:pron="lɪps">lips</w>
         <c> </c>
         <w xml:id="o3555-149660"
            n="123-a-0050"
            ecep:lem="shall"
            ecep:pos="vmb"
            ecep:reg="shall"
            ecep:spe="shall"
            ecep:syllab="1"
            ecep:pron="ʃæl">shall</w>
         <c> </c>
         <w xml:id="o3555-149670"
            n="123-a-0060"
            ecep:lem="join"
            ecep:pos="vvi"
            ecep:reg="join"
            ecep:spe="join"
            ecep:syllab="1"
            ecep:pron="dʒɔɪn">join</w>
      </l>
      <l xml:id="o3555-l08345">
         <c> </c>
         <w xml:id="o3555-149680"
            n="123-a-0070"
            ecep:lem="to"
            ecep:pos="pc-acp"
            ecep:reg="To"
            ecep:spe="To"
            ecep:syllab="1"
            ecep:pron="tuː">To</w>
         <c> </c>
         <w xml:id="o3555-149690"
            n="123-a-0080"
            ecep:lem="hail"
            ecep:pos="vvi"
            ecep:reg="hail"
            ecep:spe="hail"
            ecep:syllab="1"
            ecep:pron="heɪl">hail</w>
         <c> </c>
         <w xml:id="o3555-149700"
            n="123-a-0090"
            ecep:lem="this"
            ecep:pos="d"
            ecep:reg="this"
            ecep:spe="this"
            ecep:syllab="1"
            ecep:pron="ðɪs">this</w>
         <c> </c>
         <w xml:id="o3555-149710"
            n="123-a-0100"
            ecep:lem="welcome"
            ecep:pos="j-jn"
            ecep:reg="welcome"
            ecep:spe="welcome"
            ecep:syllab="2"
            ecep:pron="ˈwelkəm">welcome</w>
         <c> </c>
         <w xml:id="o3555-149720"
            n="123-a-0110"
            ecep:lem="morn"
            ecep:pos="n1"
            ecep:reg="morn"
            ecep:spe="morn"
            ecep:syllab="1"
            ecep:pron="mɔːn">morn</w>
         <pc xml:id="o3555-149730"
             n="123-a-0120"
             ecep:lem=";"
             ecep:pos=";"
             ecep:reg=";"
             ecep:spe=";">;</pc>
      </l>
      <l xml:id="o3555-l08350">
         <c> </c>
         <w xml:id="o3555-149740"
            n="123-a-0130"
            ecep:lem="which"
            ecep:pos="r-crq"
            ecep:reg="Which"
            ecep:spe="Which"
            ecep:syllab="1"
            ecep:pron="wɪtʃ">Which</w>
         <c> </c>
         <w xml:id="o3555-149750"
            n="123-a-0140"
            ecep:lem="scatter"
            ecep:pos="vvz"
            ecep:reg="scatters"
            ecep:spe="scatters"
            ecep:syllab="2"
            ecep:pron="ˈskætəz">scatters</w>
         <c> </c>
         <w xml:id="o3555-149760"
            n="123-a-0150"
            ecep:lem="blessing"
            ecep:pos="n2"
            ecep:reg="blessings"
            ecep:spe="blessings"
            ecep:syllab="2"
            ecep:pron="ˈblesɪŋz">blessings</w>
         <c> </c>
         <w xml:id="o3555-149770"
            n="123-a-0160"
            ecep:lem="from"
            ecep:pos="p-acp"
            ecep:reg="from"
            ecep:spe="from"
            ecep:syllab="1"
            ecep:pron="frɒm">from</w>
         <c> </c>
         <w xml:id="o3555-149780"
            n="123-a-0170"
            ecep:lem="its"
            ecep:pos="po31"
            ecep:reg="its"
            ecep:spe="its"
            ecep:syllab="1"
            ecep:pron="ɪts">its</w>
         <c> </c>
         <w xml:id="o3555-149790"
            n="123-a-0180"
            ecep:lem="wing"
            ecep:pos="n2"
            ecep:reg="wings"
            ecep:spe="wings"
            ecep:syllab="1"
            ecep:pron="ˈwɪŋz">wings</w>
         <pc xml:id="o3555-149800"
             n="123-a-0190"
             ecep:lem=","
             ecep:pos=","
             ecep:reg=","
             ecep:spe=",">,</pc>
      </l>
      <l xml:id="o3555-l08355">
         <c> </c>
         <w xml:id="o3555-149810"
            n="123-a-0200"
            ecep:lem="to"
            ecep:pos="p-acp"
            ecep:reg="To"
            ecep:spe="To"
            ecep:syllab="1"
            ecep:pron="tuː">To</w>
         <c> </c>
         <w xml:id="o3555-149820"
            n="123-a-0210"
            ecep:lem="nation"
            ecep:pos="n2"
            ecep:reg="nations"
            ecep:spe="nations"
            ecep:syllab="2"
            ecep:pron="ˈneɪʃnz">nations</w>
         <c> </c>
         <w xml:id="o3555-149830"
            n="123-a-0220"
            ecep:lem="yet"
            ecep:pos="av"
            ecep:reg="yet"
            ecep:spe="yet"
            ecep:syllab="1"
            ecep:pron="jet">yet</w>
         <c> </c>
         <w xml:id="o3555-149840"
            n="123-a-0230"
            ecep:lem="unborn"
            ecep:pos="j"
            ecep:reg="unborn"
            ecep:spe="unborn"
            ecep:syllab="2"
            ecep:pron="ʌnˈbɔːn">unborn</w>
         <pc xml:id="o3555-149850"
             n="123-a-0240"
             unit="sentence"
             ecep:lem="."
             ecep:pos="."
             ecep:reg="."
             ecep:spe=".">.</pc>
         <c> </c>
      </l>
   </lg>
   <lg xml:id="o3555-s00925">
      <l xml:id="o3555-l08360">
         <w xml:id="o3555-149880"
            n="123-a-0250"
            ecep:lem="Jesus"
            ecep:pos="np1"
            ecep:reg="JESUS"
            ecep:spe="JESUS"
            ecep:syllab="2"
            ecep:pron="ˈdʒiːzəs">JESUS</w>
         <pc xml:id="o3555-149890"
             n="123-a-0260"
             ecep:lem=","
             ecep:pos=","
             ecep:reg=","
             ecep:spe=",">,</pc>
         <c> </c>
         <w xml:id="o3555-149900"
            n="123-a-0270"
            ecep:lem="the"
            ecep:pos="dt"
            ecep:reg="the"
            ecep:spe="the"
            ecep:syllab="1"
            ecep:pron="ðə">the</w>
         <c> </c>
         <w xml:id="o3555-149910"
            n="123-a-0280"
            ecep:lem="friend"
            ecep:pos="n1"
            ecep:reg="friend"
            ecep:spe="friend"
            ecep:syllab="1"
            ecep:pron="frend">friend</w>
         <c> </c>
         <w xml:id="o3555-149920"
            n="123-a-0290"
            ecep:lem="of"
            ecep:pos="pp-f"
            ecep:reg="of"
            ecep:spe="of"
            ecep:syllab="1"
            ecep:pron="ɒv">of</w>
         <c> </c>
         <w xml:id="o3555-149930"
            n="123-a-0300"
            ecep:lem="human"
            ecep:pos="j"
            ecep:reg="human"
            ecep:spe="human"
            ecep:syllab="2"
            ecep:pron="ˈhjuːmən">human</w>
         <c> </c>
         <w xml:id="o3555-149940"
            n="123-a-0310"
            ecep:lem="kind"
            ecep:pos="n1"
            ecep:reg="kind"
            ecep:spe="kind"
            ecep:syllab="1"
            ecep:pron="kaɪnd">kind</w>
         <pc xml:id="o3555-149950"
             n="123-a-0320"
             ecep:lem=","
             ecep:pos=","
             ecep:reg=","
             ecep:spe=",">,</pc>
      </l>
      <l xml:id="o3555-l08365">
         <c> </c>
         <w xml:id="o3555-149960"
            n="123-a-0330"
            ecep:lem="with"
            ecep:pos="p-acp"
            ecep:reg="With"
            ecep:spe="With"
            ecep:syllab="1"
            ecep:pron="wɪð">With</w>
         <c> </c>
         <w xml:id="o3555-149970"
            n="123-a-0340"
            ecep:lem="strong"
            ecep:pos="j"
            ecep:reg="strong"
            ecep:spe="strong"
            ecep:syllab="1"
            ecep:pron="strɒŋ">strong</w>
         <c> </c>
         <w xml:id="o3555-149980"
            n="123-a-0350"
            ecep:lem="compassion"
            ecep:pos="n1"
            ecep:reg="compassion"
            ecep:spe="compassion"
            ecep:syllab="3"
            ecep:pron="kəmˈpæʃən">compassion</w>
         <c> </c>
         <w xml:id="o3555-149990"
            n="123-a-0360"
            ecep:lem="move"
            ecep:pos="vvd"
            ecep:reg="moved"
            ecep:spe="mov'd"
            ecep:syllab="1"
            ecep:pron="muːvd">mov'd</w>
         <pc xml:id="o3555-150000"
             n="123-a-0370"
             ecep:lem=","
             ecep:pos=","
             ecep:reg=","
             ecep:spe=",">,</pc>
      </l>
      <l xml:id="o3555-l08370">
         <c> </c>
         <w xml:id="o3555-150010"
            n="123-a-0380"
            ecep:lem="descend"
            ecep:pos="vvd"
            ecep:reg="Descended"
            ecep:spe="Descended"
            ecep:syllab="3"
            ecep:pron="dɪˈsendɪd">Descended</w>
         <c> </c>
         <w xml:id="o3555-150020"
            n="123-a-0390"
            ecep:lem="like"
            ecep:pos="av-j"
            ecep:reg="like"
            ecep:spe="like"
            ecep:syllab="1"
            ecep:pron="laɪk">like</w>
         <c> </c>
         <w xml:id="o3555-150030"
            n="123-a-0400"
            ecep:lem="a"
            ecep:pos="dt"
            ecep:reg="a"
            ecep:spe="a"
            ecep:syllab="1"
            ecep:pron="ə">a</w>
         <c> </c>
         <w xml:id="o3555-150040"
            n="123-a-0410"
            ecep:lem="pity"
            ecep:pos="j-vvg"
            ecep:reg="pitying"
            ecep:spe="pitying"
            ecep:syllab="3"
            ecep:pron="ˈpɪtɪɪŋ">pitying</w>
         <c> </c>
         <w xml:id="o3555-150050"
            n="123-a-0420"
            ecep:lem="god"
            ecep:pos="n1"
            ecep:reg="GOD"
            ecep:spe="GOD"
            ecep:syllab="1"
            ecep:pron="gɒd">GOD</w>
         <pc xml:id="o3555-150060"
             n="123-a-0430"
             ecep:lem=","
             ecep:pos=","
             ecep:reg=","
             ecep:spe=",">,</pc>
      </l>
      <l xml:id="o3555-l08375">
         <c> </c>
         <w xml:id="o3555-150070"
            n="123-a-0440"
            ecep:lem="to"
            ecep:pos="pc-acp"
            ecep:reg="To"
            ecep:spe="To"
            ecep:syllab="1"
            ecep:pron="tuː">To</w>
         <c> </c>
         <w xml:id="o3555-150080"
            n="123-a-0450"
            ecep:lem="save"
            ecep:pos="vvi"
            ecep:reg="save"
            ecep:spe="save"
            ecep:syllab="1"
            ecep:pron="seɪv">save</w>
         <c> </c>
         <w xml:id="o3555-150090"
            n="123-a-0460"
            ecep:lem="the"
            ecep:pos="dt"
            ecep:reg="the"
            ecep:spe="the"
            ecep:syllab="1"
            ecep:pron="ðə">the</w>
         <c> </c>
         <w xml:id="o3555-150100"
            n="123-a-0470"
            ecep:lem="soul"
            ecep:pos="n2"
            ecep:reg="souls"
            ecep:spe="souls"
            ecep:syllab="1"
            ecep:pron="səʊlz">souls</w>
         <c> </c>
         <w xml:id="o3555-150110"
            n="123-a-0480"
            ecep:lem="he"
            ecep:pos="pns31"
            ecep:reg="he"
            ecep:spe="he"
            ecep:syllab="1"
            ecep:pron="hiː">he</w>
         <c> </c>
         <w xml:id="o3555-150120"
            n="123-a-0490"
            ecep:lem="love"
            ecep:pos="vvd"
            ecep:reg="loved"
            ecep:spe="lov'd"
            ecep:syllab="1"
            ecep:pron="ˈlʌvd">lov'd</w>
         <pc xml:id="o3555-150130"
             n="123-a-0500"
             unit="sentence"
             ecep:lem="."
             ecep:pos="."
             ecep:reg="."
             ecep:spe=".">.</pc>
         <c> </c>
      </l>
   </lg>
   <lg xml:id="o3555-s00930">
      <l xml:id="o3555-l08380">
         <w xml:id="o3555-150160"
            n="123-a-0510"
            ecep:lem="the"
            ecep:pos="dt"
            ecep:reg="The"
            ecep:spe="The"
            ecep:syllab="1"
            ecep:pron="ðə">The</w>
         <c> </c>
         <w xml:id="o3555-150170"
            n="123-a-0520"
            ecep:lem="power"
            ecep:pos="n2"
            ecep:reg="powers"
            ecep:spe="powers"
            ecep:syllab="2"
            ecep:pron="ˈpaʊəz">powers</w>
         <c> </c>
         <w xml:id="o3555-150180"
            n="123-a-0530"
            ecep:lem="of"
            ecep:pos="pp-f"
            ecep:reg="of"
            ecep:spe="of"
            ecep:syllab="1"
            ecep:pron="ɒv">of</w>
         <c> </c>
         <w xml:id="o3555-150190"
            n="123-a-0540"
            ecep:lem="darkness"
            ecep:pos="n1"
            ecep:reg="darkness"
            ecep:spe="darkness"
            ecep:syllab="2"
            ecep:pron="ˈdɑːknɪs">darkness</w>
         <c> </c>
         <w xml:id="o3555-150200"
            n="123-a-0550"
            ecep:lem="league"
            ecep:pos="vvn"
            ecep:reg="leagued"
            ecep:spe="leagued"
            ecep:syllab="2"
            ecep:pron="liːgd">leagued</w>
         <c> </c>
         <w xml:id="o3555-150210"
            n="123-a-0560"
            ecep:lem="in"
            ecep:pos="p-acp"
            ecep:reg="in"
            ecep:spe="in"
            ecep:syllab="1"
            ecep:pron="ɪn">in</w>
         <c> </c>
         <w xml:id="o3555-150220"
            n="123-a-0570"
            ecep:lem="vain"
            ecep:pos="j"
            ecep:reg="vain"
            ecep:spe="vain"
            ecep:syllab="1"
            ecep:pron="veɪn">vain</w>
      </l>
      <l xml:id="o3555-l08385">
         <c> </c>
         <w xml:id="o3555-150230"
            n="123-a-0580"
            ecep:lem="to"
            ecep:pos="pc-acp"
            ecep:reg="To"
            ecep:spe="To"
            ecep:syllab="1"
            ecep:pron="tuː">To</w>
         <c> </c>
         <w xml:id="o3555-150240"
            n="123-a-0590"
            ecep:lem="bind"
            ecep:pos="vvi"
            ecep:reg="bind"
            ecep:spe="bind"
            ecep:syllab="1"
            ecep:pron="baɪnd">bind</w>
         <c> </c>
         <w xml:id="o3555-150250"
            n="123-a-0600"
            ecep:lem="his"
            ecep:pos="po31"
            ecep:reg="his"
            ecep:spe="his"
            ecep:syllab="1"
            ecep:pron="hɪz">his</w>
         <c> </c>
         <w xml:id="o3555-150260"
            n="123-a-0610"
            ecep:lem="soul"
            ecep:pos="n1"
            ecep:reg="soul"
            ecep:spe="soul"
            ecep:syllab="1"
            ecep:pron="səʊl">soul</w>
         <c> </c>
         <w xml:id="o3555-150270"
            n="123-a-0620"
            ecep:lem="in"
            ecep:pos="p-acp"
            ecep:reg="in"
            ecep:spe="in"
            ecep:syllab="1"
            ecep:pron="ɪn">in</w>
         <c> </c>
         <w xml:id="o3555-150280"
            n="123-a-0630"
            ecep:lem="death"
            ecep:pos="n1"
            ecep:reg="death"
            ecep:spe="death"
            ecep:syllab="1"
            ecep:pron="deθ">death</w>
         <pc xml:id="o3555-150290"
             n="123-a-0640"
             ecep:lem=";"
             ecep:pos=";"
             ecep:reg=";"
             ecep:spe=";">;</pc>
      </l>
      <l xml:id="o3555-l08390">
         <c> </c>
         <w xml:id="o3555-150300"
            n="123-a-0650"
            ecep:lem="he"
            ecep:pos="pns31"
            ecep:reg="He"
            ecep:spe="He"
            ecep:syllab="1"
            ecep:pron="hiː">He</w>
         <c> </c>
         <w xml:id="o3555-150310"
            n="123-a-0660"
            ecep:lem="shake"
            ecep:pos="vvd"
            ecep:reg="shook"
            ecep:spe="shook"
            ecep:syllab="1"
            ecep:pron="ʃʊk">shook</w>
         <c> </c>
         <w xml:id="o3555-150320"
            n="123-a-0670"
            ecep:lem="their"
            ecep:pos="po32"
            ecep:reg="their"
            ecep:spe="their"
            ecep:syllab="1"
            ecep:pron="ðeə">their</w>
         <c> </c>
         <w xml:id="o3555-150330"
            n="123-a-0680"
            ecep:lem="kingdom"
            ecep:pos="n1"
            ecep:reg="kingdom"
            ecep:spe="kingdom"
            ecep:syllab="2"
            ecep:pron="ˈkɪŋdəm">kingdom</w>
         <c> </c>
         <w xml:id="o3555-150340"
            n="123-a-0690"
            ecep:lem="when"
            ecep:pos="c-crq"
            ecep:reg="when"
            ecep:spe="when"
            ecep:syllab="1"
            ecep:pron="wen">when</w>
         <c> </c>
         <w xml:id="o3555-150350"
            n="123-a-0700"
            ecep:lem="he"
            ecep:pos="pns31"
            ecep:reg="he"
            ecep:spe="he"
            ecep:syllab="1"
            ecep:pron="hiː">he</w>
         <c> </c>
         <w xml:id="o3555-150360"
            n="123-a-0710"
            ecep:lem="fall"
            ecep:pos="vvd"
            ecep:reg="fell"
            ecep:spe="fell"
            ecep:syllab="1"
            ecep:pron="fel">fell</w>
         <pc xml:id="o3555-150370"
             n="123-a-0720"
             ecep:lem=","
             ecep:pos=","
             ecep:reg=","
             ecep:spe=",">,</pc>
      </l>
      <l xml:id="o3555-l08395">
         <c> </c>
         <w xml:id="o3555-150380"
            n="123-a-0730"
            ecep:lem="with"
            ecep:pos="p-acp"
            ecep:reg="With"
            ecep:spe="With"
            ecep:syllab="1"
            ecep:pron="wɪð">With</w>
         <c> </c>
         <w xml:id="o3555-150390"
            n="123-a-0740"
            ecep:lem="his"
            ecep:pos="po31"
            ecep:reg="his"
            ecep:spe="his"
            ecep:syllab="1"
            ecep:pron="hɪz">his</w>
         <c> </c>
         <w xml:id="o3555-150400"
            n="123-a-0750"
            ecep:lem="expire"
            ecep:pos="j-vvg"
            ecep:reg="expiring"
            ecep:spe="expiring"
            ecep:syllab="3"
            ecep:pron="ɪkˈspaɪəɪŋ">expiring</w>
         <c> </c>
         <w xml:id="o3555-150410"
            n="123-a-0760"
            ecep:lem="breath"
            ecep:pos="n1"
            ecep:reg="breath"
            ecep:spe="breath"
            ecep:syllab="1"
            ecep:pron="breθ">breath</w>
         <pc xml:id="o3555-150420"
             n="123-a-0770"
             unit="sentence"
             ecep:lem="."
             ecep:pos="."
             ecep:reg="."
             ecep:spe=".">.</pc>
         <c> </c>
      </l>
   </lg>
   <lg xml:id="o3555-s00935">
      <l xml:id="o3555-l08400">
         <w xml:id="o3555-150450"
            n="123-a-0780"
            ecep:lem="not"
            ecep:pos="xx"
            ecep:reg="Not"
            ecep:spe="Not"
            ecep:syllab="1"
            ecep:pron="nɒt">Not</w>
         <c> </c>
         <w xml:id="o3555-150460"
            n="123-a-0790"
            ecep:lem="long"
            ecep:pos="av-j"
            ecep:reg="long"
            ecep:spe="long"
            ecep:syllab="1"
            ecep:pron="lɒŋ">long</w>
         <c> </c>
         <w xml:id="o3555-150470"
            n="123-a-0800"
            ecep:lem="the"
            ecep:pos="dt"
            ecep:reg="the"
            ecep:spe="the"
            ecep:syllab="1"
            ecep:pron="ðə">the</w>
         <c> </c>
         <w xml:id="o3555-150480"
            n="123-a-0810"
            ecep:lem="toil"
            ecep:pos="n2"
            ecep:reg="toils"
            ecep:spe="toils"
            ecep:syllab="1"
            ecep:pron="tɔɪlz">toils</w>
         <c> </c>
         <w xml:id="o3555-150490"
            n="123-a-0820"
            ecep:lem="of"
            ecep:pos="pp-f"
            ecep:reg="of"
            ecep:spe="of"
            ecep:syllab="1"
            ecep:pron="ɒv">of</w>
         <c> </c>
         <w xml:id="o3555-150500"
            n="123-a-0830"
            ecep:lem="hell"
            ecep:pos="n1"
            ecep:reg="hell"
            ecep:spe="hell"
            ecep:syllab="1"
            ecep:pron="hel">hell</w>
         <c> </c>
         <w xml:id="o3555-150510"
            n="123-a-0840"
            ecep:lem="can"
            ecep:pos="vmd"
            ecep:reg="could"
            ecep:spe="could"
            ecep:syllab="1"
            ecep:pron="kʊd">could</w>
         <c> </c>
         <w xml:id="o3555-150520"
            n="123-a-0850"
            ecep:lem="keep"
            ecep:pos="vvi"
            ecep:reg="keep"
            ecep:spe="keep"
            ecep:syllab="1"
            ecep:pron="kiːp">keep</w>
      </l>
      <l xml:id="o3555-l08405">
         <c> </c>
         <w xml:id="o3555-150530"
            n="123-a-0860"
            ecep:lem="the"
            ecep:pos="dt"
            ecep:reg="The"
            ecep:spe="The"
            ecep:syllab="1"
            ecep:pron="ðə">The</w>
         <c> </c>
         <w xml:id="o3555-150540"
            n="123-a-0870"
            ecep:lem="hope"
            ecep:pos="n1"
            ecep:reg="hope"
            ecep:spe="hope"
            ecep:syllab="1"
            ecep:pron="həʊp">hope</w>
         <c> </c>
         <w xml:id="o3555-150550"
            n="123-a-0880"
            ecep:lem="of"
            ecep:pos="pp-f"
            ecep:reg="of"
            ecep:spe="of"
            ecep:syllab="1"
            ecep:pron="ɒv">of</w>
         <c> </c>
         <w xml:id="o3555-150560"
            n="123-a-0890"
            ecep:lem="judah"
            ecep:pos="npg1"
            ecep:reg="JUDAH's"
            ecep:spe="JUDAH's"
            ecep:syllab="2"
            ecep:pron="ˈdʒuːdəz">JUDAH's</w>
         <c> </c>
         <w xml:id="o3555-150570"
            n="123-a-0900"
            ecep:lem="line"
            ecep:pos="n1"
            ecep:reg="line"
            ecep:spe="line"
            ecep:syllab="1"
            ecep:pron="laɪn">line</w>
         <pc xml:id="o3555-150580"
             n="123-a-0910"
             ecep:lem=";"
             ecep:pos=";"
             ecep:reg=";"
             ecep:spe=";">;</pc>
      </l>
      <l xml:id="o3555-l08410">
         <c> </c>
         <w xml:id="o3555-150590"
            n="123-a-0920"
            ecep:lem="corruption"
            ecep:pos="n1"
            ecep:reg="Corruption"
            ecep:spe="Corruption"
            ecep:syllab="3"
            ecep:pron="kəˈrʌpʃən">Corruption</w>
         <c> </c>
         <w xml:id="o3555-150600"
            n="123-a-0930"
            ecep:lem="never"
            ecep:pos="av-x"
            ecep:reg="never"
            ecep:spe="never"
            ecep:syllab="2"
            ecep:pron="ˈnevə">never</w>
         <c> </c>
         <w xml:id="o3555-150610"
            n="123-a-0940"
            ecep:lem="can"
            ecep:pos="vmd"
            ecep:reg="could"
            ecep:spe="could"
            ecep:syllab="1"
            ecep:pron="kʊd">could</w>
         <c> </c>
         <w xml:id="o3555-150620"
            n="123-a-0950"
            ecep:lem="take"
            ecep:pos="vvi"
            ecep:reg="take"
            ecep:spe="take"
            ecep:syllab="1"
            ecep:pron="teɪk">take</w>
         <c> </c>
         <w xml:id="o3555-150630"
            n="123-a-0960"
            ecep:lem="hold"
            ecep:pos="n1"
            ecep:reg="hold"
            ecep:spe="hold"
            ecep:syllab="1"
            ecep:pron="həʊld">hold</w>
      </l>
      <l xml:id="o3555-l08415">
         <c> </c>
         <w xml:id="o3555-150640"
            n="123-a-0970"
            ecep:lem="on"
            ecep:pos="p-acp"
            ecep:reg="On"
            ecep:spe="On"
            ecep:syllab="1"
            ecep:pron="ɒn">On</w>
         <c> </c>
         <w xml:id="o3555-150650"
            n="123-a-0980"
            ecep:lem="aught"
            ecep:pos="pi"
            ecep:reg="aught"
            ecep:spe="aught"
            ecep:syllab="1"
            ecep:pron="ɔːt">aught</w>
         <c> </c>
         <w xml:id="o3555-150660"
            n="123-a-0990"
            ecep:lem="so"
            ecep:pos="av"
            ecep:reg="so"
            ecep:spe="so"
            ecep:syllab="1"
            ecep:pron="səʊ">so</w>
         <c> </c>
         <w xml:id="o3555-150670"
            n="123-a-1000"
            ecep:lem="much"
            ecep:pos="av-d"
            ecep:reg="much"
            ecep:spe="much"
            ecep:syllab="1"
            ecep:pron="mʌtʃ">much</w>
         <c> </c>
         <w xml:id="o3555-150680"
            n="123-a-1010"
            ecep:lem="divine"
            ecep:pos="vvi"
            ecep:reg="divine"
            ecep:spe="divine"
            ecep:syllab="2"
            ecep:pron="dɪˈvaɪn">divine</w>
         <pc xml:id="o3555-150690"
             n="123-a-1020"
             unit="sentence"
             ecep:lem="."
             ecep:pos="."
             ecep:reg="."
             ecep:spe=".">.</pc>
         <c> </c>
      </l>
   </lg>
   <pb facs="124" n="120" rend="none"/>
   <lg xml:id="o3555-s00940">
      <l xml:id="o3555-l08420">
         <w xml:id="o3555-150720"
            n="124-a-0010"
            ecep:lem="and"
            ecep:pos="cc"
            ecep:reg="And"
            ecep:spe="And"
            ecep:syllab="1"
            ecep:pron="ænd">And</w>
         <c> </c>
         <w xml:id="o3555-150730"
            n="124-a-0020"
            ecep:lem="now"
            ecep:pos="av"
            ecep:reg="now"
            ecep:spe="now"
            ecep:syllab="1"
            ecep:pron="naʊ">now</w>
         <c> </c>
         <w xml:id="o3555-150740"
            n="124-a-0030"
            ecep:lem="his"
            ecep:pos="po31"
            ecep:reg="his"
            ecep:spe="his"
            ecep:syllab="1"
            ecep:pron="hɪz">his</w>
         <c> </c>
         <w xml:id="o3555-150750"
            n="124-a-0040"
            ecep:lem="conquer"
            ecep:pos="j-vvg"
            ecep:reg="conquering"
            ecep:spe="conquering"
            ecep:syllab="3"
            ecep:pron="ˈkɒŋkərɪŋ">conquering</w>
         <c> </c>
         <w xml:id="o3555-150760"
            n="124-a-0050"
            ecep:lem="chariot-wheel"
            ecep:pos="n2"
            ecep:reg="chariot-wheels"
            ecep:spe="chariot-wheels"
            ecep:syllab="4"
            ecep:pron="ˈtʃærɪətˌwiːlz">chariot-wheels</w>
      </l>
      <l xml:id="o3555-l08425">
         <c> </c>
         <w xml:id="o3555-150770"
            n="124-a-0060"
            ecep:lem="ascend"
            ecep:pos="vvb"
            ecep:reg="Ascend"
            ecep:spe="Ascend"
            ecep:syllab="2"
            ecep:pron="əˈsend">Ascend</w>
         <c> </c>
         <w xml:id="o3555-150780"
            n="124-a-0070"
            ecep:lem="the"
            ecep:pos="dt"
            ecep:reg="the"
            ecep:spe="the"
            ecep:syllab="1"
            ecep:pron="ðə">the</w>
         <c> </c>
         <w xml:id="o3555-150790"
            n="124-a-0080"
            ecep:lem="lofty"
            ecep:pos="j"
            ecep:reg="lofty"
            ecep:spe="lofty"
            ecep:syllab="2"
            ecep:pron="ˈlɒftɪ">lofty</w>
         <c> </c>
         <w xml:id="o3555-150800"
            n="124-a-0090"
            ecep:lem="sky"
            ecep:pos="n2"
            ecep:reg="skies"
            ecep:spe="skies"
            ecep:syllab="1"
            ecep:pron="skaɪz">skies</w>
         <pc xml:id="o3555-150810"
             n="124-a-0100"
             ecep:lem=";"
             ecep:pos=";"
             ecep:reg=";"
             ecep:spe=";">;</pc>
      </l>
      <l xml:id="o3555-l08430">
         <c> </c>
         <w xml:id="o3555-150820"
            n="124-a-0110"
            ecep:lem="while"
            ecep:pos="cs"
            ecep:reg="While"
            ecep:spe="While"
            ecep:syllab="1"
            ecep:pron="waɪl">While</w>
         <c> </c>
         <w xml:id="o3555-150830"
            n="124-a-0120"
            ecep:lem="break"
            ecep:pos="vvn"
            ecep:reg="broke"
            ecep:spe="broke"
            ecep:syllab="1"
            ecep:pron="brəʊk">broke</w>
         <pc xml:id="o3555-150840"
             n="124-a-0130"
             ecep:lem=","
             ecep:pos=","
             ecep:reg=","
             ecep:spe=",">,</pc>
         <c> </c>
         <w xml:id="o3555-150850"
            n="124-a-0140"
            ecep:lem="beneath"
            ecep:pos="p-acp"
            ecep:reg="beneath"
            ecep:spe="beneath"
            ecep:syllab="2"
            ecep:pron="bɪˈniːθ">beneath</w>
         <c> </c>
         <w xml:id="o3555-150860"
            n="124-a-0150"
            ecep:lem="his"
            ecep:pos="po31"
            ecep:reg="his"
            ecep:spe="his"
            ecep:syllab="1"
            ecep:pron="hɪz">his</w>
         <c> </c>
         <w xml:id="o3555-150870"
            n="124-a-0160"
            ecep:lem="powerful"
            ecep:pos="j"
            ecep:reg="powerful"
            ecep:spe="powerful"
            ecep:syllab="3"
            ecep:pron="ˈpaʊəfʊl">powerful</w>
         <c> </c>
         <w xml:id="o3555-150880"
            n="124-a-0170"
            ecep:lem="cross"
            ecep:pos="n1"
            ecep:reg="cross"
            ecep:spe="cross"
            ecep:syllab="1"
            ecep:pron="krɒs">cross</w>
         <pc xml:id="o3555-150890"
             n="124-a-0180"
             ecep:lem=","
             ecep:pos=","
             ecep:reg=","
             ecep:spe=",">,</pc>
      </l>
      <l xml:id="o3555-l08435">
         <c> </c>
         <w xml:id="o3555-150900"
            n="124-a-0190"
            ecep:lem="death"
            ecep:pos="ng1"
            ecep:reg="Death's"
            ecep:spe="Death's"
            ecep:syllab="1"
            ecep:pron="ˈdeθs">Death's</w>
         <c> </c>
         <w xml:id="o3555-150910"
            n="124-a-0200"
            ecep:lem="iron"
            ecep:pos="n1"
            ecep:reg="iron"
            ecep:spe="iron"
            ecep:syllab="2"
            ecep:pron="ˈaɪən">iron</w>
         <c> </c>
         <w xml:id="o3555-150920"
            n="124-a-0210"
            ecep:lem="sceptre"
            ecep:pos="n1"
            ecep:reg="sceptre"
            ecep:spe="sceptre"
            ecep:syllab="2"
            ecep:pron="ˈseptə">sceptre</w>
         <c> </c>
         <w xml:id="o3555-150930"
            n="124-a-0220"
            ecep:lem="lie"
            ecep:pos="vvz"
            ecep:reg="lies"
            ecep:spe="lies"
            ecep:syllab="1"
            ecep:pron="laɪz">lies</w>
         <pc xml:id="o3555-150940"
             n="124-a-0230"
             unit="sentence"
             ecep:lem="."
             ecep:pos="."
             ecep:reg="."
             ecep:spe=".">.</pc>
         <c> </c>
      </l>
   </lg>
   <lg xml:id="o3555-s00945">
      <l xml:id="o3555-l08440">
         <w xml:id="o3555-150970"
            n="124-a-0240"
            ecep:lem="exalt"
            ecep:pos="j-vvn"
            ecep:reg="Exalted"
            ecep:spe="Exalted"
            ecep:syllab="3"
            ecep:pron="ɪgˈzɔːltɪd">Exalted</w>
         <c> </c>
         <w xml:id="o3555-150980"
            n="124-a-0250"
            ecep:lem="high"
            ecep:pos="j"
            ecep:reg="high"
            ecep:spe="high"
            ecep:syllab="1"
            ecep:pron="haɪ">high</w>
         <c> </c>
         <w xml:id="o3555-150990"
            n="124-a-0260"
            ecep:lem="at"
            ecep:pos="p-acp"
            ecep:reg="at"
            ecep:spe="at"
            ecep:syllab="1"
            ecep:pron="æt">at</w>
         <c> </c>
         <w xml:id="o3555-151000"
            n="124-a-0270"
            ecep:lem="god"
            ecep:pos="npg1"
            ecep:reg="GOD's"
            ecep:spe="GOD's"
            ecep:syllab="1"
            ecep:pron="ˈgɒdz">GOD's</w>
         <c> </c>
         <w xml:id="o3555-151010"
            n="124-a-0280"
            ecep:lem="right"
            ecep:pos="j-jn"
            ecep:reg="right"
            ecep:spe="right"
            ecep:syllab="1"
            ecep:pron="raɪt">right</w>
         <c> </c>
         <w xml:id="o3555-151020"
            n="124-a-0290"
            ecep:lem="hand"
            ecep:pos="n1"
            ecep:reg="hand"
            ecep:spe="hand"
            ecep:syllab="1"
            ecep:pron="hænd">hand</w>
         <pc xml:id="o3555-151030"
             n="124-a-0300"
             ecep:lem=","
             ecep:pos=","
             ecep:reg=","
             ecep:spe=",">,</pc>
      </l>
      <l xml:id="o3555-l08445">
         <c> </c>
         <w xml:id="o3555-151040"
            n="124-a-0310"
            ecep:lem="and"
            ecep:pos="cc"
            ecep:reg="And"
            ecep:spe="And"
            ecep:syllab="1"
            ecep:pron="ænd">And</w>
         <c> </c>
         <w xml:id="o3555-151050"
            n="124-a-0320"
            ecep:lem="lord"
            ecep:pos="n1"
            ecep:reg="LORD"
            ecep:spe="LORD"
            ecep:syllab="1"
            ecep:pron="lɔːd">LORD</w>
         <c> </c>
         <w xml:id="o3555-151060"
            n="124-a-0330"
            ecep:lem="of"
            ecep:pos="pp-f"
            ecep:reg="of"
            ecep:spe="of"
            ecep:syllab="1"
            ecep:pron="ɒv">of</w>
         <c> </c>
         <w xml:id="o3555-151070"
            n="124-a-0340"
            ecep:lem="all"
            ecep:pos="d"
            ecep:reg="all"
            ecep:spe="all"
            ecep:syllab="1"
            ecep:pron="ɔːl">all</w>
         <c> </c>
         <w xml:id="o3555-151080"
            n="124-a-0350"
            ecep:lem="below"
            ecep:pos="a-acp"
            ecep:reg="below"
            ecep:spe="below"
            ecep:syllab="2"
            ecep:pron="bɪˈləʊ">below</w>
         <pc xml:id="o3555-151090"
             n="124-a-0360"
             ecep:lem=","
             ecep:pos=","
             ecep:reg=","
             ecep:spe=",">,</pc>
      </l>
      <l xml:id="o3555-l08450">
         <c> </c>
         <w xml:id="o3555-151100"
            n="124-a-0370"
            ecep:lem="through"
            ecep:pos="p-acp"
            ecep:reg="Through"
            ecep:spe="Thro'"
            ecep:syllab="1"
            ecep:pron="θruː">Thro'</w>
         <c> </c>
         <w xml:id="o3555-151110"
            n="124-a-0380"
            ecep:lem="he"
            ecep:pos="pno31"
            ecep:reg="him"
            ecep:spe="him"
            ecep:syllab="1"
            ecep:pron="hɪm">him</w>
         <c> </c>
         <w xml:id="o3555-151120"
            n="124-a-0390"
            ecep:lem="be"
            ecep:pos="vbz"
            ecep:reg="is"
            ecep:spe="is"
            ecep:syllab="1"
            ecep:pron="ɪz">is</w>
         <c> </c>
         <w xml:id="o3555-151130"
            n="124-a-0400"
            ecep:lem="pardon"
            ecep:pos="vvg"
            ecep:reg="pardoning"
            ecep:spe="pardoning"
            ecep:syllab="3"
            ecep:pron="ˈpɑːdnɪŋ">pardoning</w>
         <c> </c>
         <w xml:id="o3555-151140"
            n="124-a-0410"
            ecep:lem="love"
            ecep:pos="n1"
            ecep:reg="love"
            ecep:spe="love"
            ecep:syllab="1"
            ecep:pron="lʌv">love</w>
         <c> </c>
         <w xml:id="o3555-151150"
            n="124-a-0420"
            ecep:lem="dispense"
            ecep:pos="vvd"
            ecep:reg="dispensed"
            ecep:spe="dispens'd"
            ecep:syllab="2"
            ecep:pron="dɪˈspenst">dispens'd</w>
         <pc xml:id="o3555-151160"
             n="124-a-0430"
             ecep:lem=","
             ecep:pos=","
             ecep:reg=","
             ecep:spe=",">,</pc>
      </l>
      <l xml:id="o3555-l08455">
         <c> </c>
         <w xml:id="o3555-151170"
            n="124-a-0440"
            ecep:lem="and"
            ecep:pos="cc"
            ecep:reg="And"
            ecep:spe="And"
            ecep:syllab="1"
            ecep:pron="ænd">And</w>
         <c> </c>
         <w xml:id="o3555-151180"
            n="124-a-0450"
            ecep:lem="boundless"
            ecep:pos="j"
            ecep:reg="boundless"
            ecep:spe="boundless"
            ecep:syllab="2"
            ecep:pron="ˈbaʊndlɪs">boundless</w>
         <c> </c>
         <w xml:id="o3555-151190"
            n="124-a-0460"
            ecep:lem="blessing"
            ecep:pos="n2"
            ecep:reg="blessings"
            ecep:spe="blessings"
            ecep:syllab="2"
            ecep:pron="ˈblesɪŋz">blessings</w>
         <c> </c>
         <w xml:id="o3555-151200"
            n="124-a-0470"
            ecep:lem="flow"
            ecep:pos="vvb"
            ecep:reg="flow"
            ecep:spe="flow"
            ecep:syllab="1"
            ecep:pron="fləʊ">flow</w>
         <pc xml:id="o3555-151210"
             n="124-a-0480"
             unit="sentence"
             ecep:lem="."
             ecep:pos="."
             ecep:reg="."
             ecep:spe=".">.</pc>
         <c> </c>
      </l>
   </lg>
   <lg xml:id="o3555-s00950">
      <l xml:id="o3555-l08460">
         <w xml:id="o3555-151240"
            n="124-a-0490"
            ecep:lem="and"
            ecep:pos="cc"
            ecep:reg="And"
            ecep:spe="And"
            ecep:syllab="1"
            ecep:pron="ænd">And</w>
         <c> </c>
         <w xml:id="o3555-151250"
            n="124-a-0500"
            ecep:lem="still"
            ecep:pos="av"
            ecep:reg="still"
            ecep:spe="still"
            ecep:syllab="1"
            ecep:pron="stɪl">still</w>
         <c> </c>
         <w xml:id="o3555-151260"
            n="124-a-0510"
            ecep:lem="for"
            ecep:pos="p-acp"
            ecep:reg="for"
            ecep:spe="for"
            ecep:syllab="1"
            ecep:pron="fɔː">for</w>
         <c> </c>
         <w xml:id="o3555-151270"
            n="124-a-0520"
            ecep:lem="err"
            ecep:pos="vvg"
            ecep:reg="erring"
            ecep:spe="erring"
            ecep:syllab="2"
            ecep:pron="ˈɜːrɪŋ">erring</w>
         <pc xml:id="o3555-151280"
             n="124-a-0530"
             ecep:lem=","
             ecep:pos=","
             ecep:reg=","
             ecep:spe=",">,</pc>
         <c> </c>
         <w xml:id="o3555-151290"
            n="124-a-0540"
            ecep:lem="guilty"
            ecep:pos="j"
            ecep:reg="guilty"
            ecep:spe="guilty"
            ecep:syllab="2"
            ecep:pron="ˈgɪltɪ">guilty</w>
         <c> </c>
         <w xml:id="o3555-151300"
            n="124-a-0550"
            ecep:lem="man"
            ecep:pos="n1"
            ecep:reg="man"
            ecep:spe="man"
            ecep:syllab="1"
            ecep:pron="mæn">man</w>
         <pc xml:id="o3555-151310"
             n="124-a-0560"
             ecep:lem=","
             ecep:pos=","
             ecep:reg=","
             ecep:spe=",">,</pc>
      </l>
      <l xml:id="o3555-l08465">
         <c> </c>
         <w xml:id="o3555-151320"
            n="124-a-0570"
            ecep:lem="a"
            ecep:pos="dt"
            ecep:reg="A"
            ecep:spe="A"
            ecep:syllab="1"
            ecep:pron="ə">A</w>
         <c> </c>
         <w xml:id="o3555-151330"
            n="124-a-0580"
            ecep:lem="brother"
            ecep:pos="ng1"
            ecep:reg="brother's"
            ecep:spe="brother's"
            ecep:syllab="2"
            ecep:pron="ˈbrʌðəz">brother's</w>
         <c> </c>
         <w xml:id="o3555-151340"
            n="124-a-0590"
            ecep:lem="pity"
            ecep:pos="n1"
            ecep:reg="pity"
            ecep:spe="pity"
            ecep:syllab="2"
            ecep:pron="ˈpɪtɪ">pity</w>
         <c> </c>
         <w xml:id="o3555-151350"
            n="124-a-0600"
            ecep:lem="flow"
            ecep:pos="vvz"
            ecep:reg="flows"
            ecep:spe="flows"
            ecep:syllab="1"
            ecep:pron="fləʊz">flows</w>
         <pc xml:id="o3555-151360"
             n="124-a-0610"
             ecep:lem=";"
             ecep:pos=";"
             ecep:reg=";"
             ecep:spe=";">;</pc>
      </l>
      <l xml:id="o3555-l08470">
         <c> </c>
         <w xml:id="o3555-151370"
            n="124-a-0620"
            ecep:lem="and"
            ecep:pos="cc"
            ecep:reg="And"
            ecep:spe="And"
            ecep:syllab="1"
            ecep:pron="ænd">And</w>
         <c> </c>
         <w xml:id="o3555-151380"
            n="124-a-0630"
            ecep:lem="still"
            ecep:pos="av"
            ecep:reg="still"
            ecep:spe="still"
            ecep:syllab="1"
            ecep:pron="stɪl">still</w>
         <c> </c>
         <w xml:id="o3555-151390"
            n="124-a-0640"
            ecep:lem="his"
            ecep:pos="po31"
            ecep:reg="his"
            ecep:spe="his"
            ecep:syllab="1"
            ecep:pron="hɪz">his</w>
         <c> </c>
         <w xml:id="o3555-151400"
            n="124-a-0650"
            ecep:lem="bleed"
            ecep:pos="j-vvg"
            ecep:reg="bleeding"
            ecep:spe="bleeding"
            ecep:syllab="2"
            ecep:pron="ˈbliːdɪŋ">bleeding</w>
         <c> </c>
         <w xml:id="o3555-151410"
            n="124-a-0660"
            ecep:lem="heart"
            ecep:pos="n1"
            ecep:reg="heart"
            ecep:spe="heart"
            ecep:syllab="1"
            ecep:pron="hɑːt">heart</w>
         <c> </c>
         <w xml:id="o3555-151420"
            n="124-a-0670"
            ecep:lem="be"
            ecep:pos="vbz"
            ecep:reg="is"
            ecep:spe="is"
            ecep:syllab="1"
            ecep:pron="ɪz">is</w>
         <c> </c>
         <w xml:id="o3555-151430"
            n="124-a-0680"
            ecep:lem="touch"
            ecep:pos="vvn"
            ecep:reg="touched"
            ecep:spe="touch'd"
            ecep:syllab="1"
            ecep:pron="tʌtʃt">touch'd</w>
      </l>
      <l xml:id="o3555-l08475">
         <c> </c>
         <w xml:id="o3555-151440"
            n="124-a-0690"
            ecep:lem="with"
            ecep:pos="p-acp"
            ecep:reg="With"
            ecep:spe="With"
            ecep:syllab="1"
            ecep:pron="wɪð">With</w>
         <c> </c>
         <w xml:id="o3555-151450"
            n="124-a-0700"
            ecep:lem="memory"
            ecep:pos="n1"
            ecep:reg="memory"
            ecep:spe="memory"
            ecep:syllab="3"
            ecep:pron="ˈmemərɪ">memory</w>
         <c> </c>
         <w xml:id="o3555-151460"
            n="124-a-0710"
            ecep:lem="of"
            ecep:pos="pp-f"
            ecep:reg="of"
            ecep:spe="of"
            ecep:syllab="1"
            ecep:pron="ɒv">of</w>
         <c> </c>
         <w xml:id="o3555-151470"
            n="124-a-0720"
            ecep:lem="our"
            ecep:pos="po12"
            ecep:reg="our"
            ecep:spe="our"
            ecep:syllab="2"
            ecep:pron="aʊə">our</w>
         <c> </c>
         <w xml:id="o3555-151480"
            n="124-a-0730"
            ecep:lem="woe"
            ecep:pos="n2"
            ecep:reg="woes"
            ecep:spe="woes"
            ecep:syllab="1"
            ecep:pron="wəʊz">woes</w>
         <pc xml:id="o3555-151490"
             n="124-a-0740"
             unit="sentence"
             ecep:lem="."
             ecep:pos="."
             ecep:reg="."
             ecep:spe=".">.</pc>
         <c> </c>
      </l>
   </lg>
   <lg xml:id="o3555-s00955">
      <l xml:id="o3555-l08480">
         <w xml:id="o3555-151520"
            n="124-a-0750"
            ecep:lem="to"
            ecep:pos="p-acp"
            ecep:reg="To"
            ecep:spe="To"
            ecep:syllab="1"
            ecep:pron="tuː">To</w>
         <c> </c>
         <w xml:id="o3555-151530"
            n="124-a-0760"
            ecep:lem="thou"
            ecep:pos="pno21"
            ecep:reg="thee"
            ecep:spe="thee"
            ecep:syllab="1"
            ecep:pron="ðiː">thee</w>
         <pc xml:id="o3555-151540"
             n="124-a-0770"
             ecep:lem=","
             ecep:pos=","
             ecep:reg=","
             ecep:spe=",">,</pc>
         <c> </c>
         <w xml:id="o3555-151550"
            n="124-a-0780"
            ecep:lem="my"
            ecep:pos="po11"
            ecep:reg="my"
            ecep:spe="my"
            ecep:syllab="1"
            ecep:pron="maɪ">my</w>
         <c> </c>
         <w xml:id="o3555-151560"
            n="124-a-0790"
            ecep:lem="saviour"
            ecep:pos="n1"
            ecep:reg="Saviour"
            ecep:spe="Saviour"
            ecep:syllab="2"
            ecep:pron="ˈseɪvjə">Saviour</w>
         <pc xml:id="o3555-151570"
             n="124-a-0800"
             ecep:lem=","
             ecep:pos=","
             ecep:reg=","
             ecep:spe=",">,</pc>
         <c> </c>
         <w xml:id="o3555-151580"
            n="124-a-0810"
            ecep:lem="and"
            ecep:pos="cc"
            ecep:reg="and"
            ecep:spe="and"
            ecep:syllab="1"
            ecep:pron="ænd">and</w>
         <c> </c>
         <w xml:id="o3555-151590"
            n="124-a-0820"
            ecep:lem="my"
            ecep:pos="po11"
            ecep:reg="my"
            ecep:spe="my"
            ecep:syllab="1"
            ecep:pron="maɪ">my</w>
         <c> </c>
         <w xml:id="o3555-151600"
            n="124-a-0830"
            ecep:lem="king"
            ecep:pos="n1"
            ecep:reg="king"
            ecep:spe="king"
            ecep:syllab="1"
            ecep:pron="kɪŋ">king</w>
         <pc xml:id="o3555-151610"
             n="124-a-0840"
             ecep:lem=","
             ecep:pos=","
             ecep:reg=","
             ecep:spe=",">,</pc>
      </l>
      <l xml:id="o3555-l08485">
         <c> </c>
         <w xml:id="o3555-151620"
            n="124-a-0850"
            ecep:lem="glad"
            ecep:pos="j"
            ecep:reg="Glad"
            ecep:spe="Glad"
            ecep:syllab="1"
            ecep:pron="glæd">Glad</w>
         <c> </c>
         <w xml:id="o3555-151630"
            n="124-a-0860"
            ecep:lem="homage"
            ecep:pos="n1"
            ecep:reg="homage"
            ecep:spe="homage"
            ecep:syllab="2"
            ecep:pron="ˈhɒmɪdʒ">homage</w>
         <c> </c>
         <w xml:id="o3555-151640"
            n="124-a-0870"
            ecep:lem="let"
            ecep:pos="vvb"
            ecep:reg="let"
            ecep:spe="let"
            ecep:syllab="1"
            ecep:pron="let">let</w>
         <c> </c>
         <w xml:id="o3555-151650"
            n="124-a-0880"
            ecep:lem="i"
            ecep:pos="pno11"
            ecep:reg="me"
            ecep:spe="me"
            ecep:syllab="1"
            ecep:pron="miː">me</w>
         <c> </c>
         <w xml:id="o3555-151660"
            n="124-a-0890"
            ecep:lem="give"
            ecep:pos="vvi"
            ecep:reg="give"
            ecep:spe="give"
            ecep:syllab="1"
            ecep:pron="gɪv">give</w>
         <pc xml:id="o3555-151670"
             n="124-a-0900"
             ecep:lem=";"
             ecep:pos=";"
             ecep:reg=";"
             ecep:spe=";">;</pc>
      </l>
      <l xml:id="o3555-l08490">
         <c> </c>
         <w xml:id="o3555-151680"
            n="124-a-0910"
            ecep:lem="and"
            ecep:pos="cc"
            ecep:reg="And"
            ecep:spe="And"
            ecep:syllab="1"
            ecep:pron="ænd">And</w>
         <c> </c>
         <w xml:id="o3555-151690"
            n="124-a-0920"
            ecep:lem="stand"
            ecep:pos="vvb"
            ecep:reg="stand"
            ecep:spe="stand"
            ecep:syllab="1"
            ecep:pron="stænd">stand</w>
         <c> </c>
         <w xml:id="o3555-151700"
            n="124-a-0930"
            ecep:lem="prepare"
            ecep:pos="vvn"
            ecep:reg="prepared"
            ecep:spe="prepar'd"
            ecep:syllab="2"
            ecep:pron="prɪˈpeəd">prepar'd</w>
         <c> </c>
         <w xml:id="o3555-151710"
            n="124-a-0940"
            ecep:lem="like"
            ecep:pos="av-j"
            ecep:reg="like"
            ecep:spe="like"
            ecep:syllab="1"
            ecep:pron="laɪk">like</w>
         <c> </c>
         <w xml:id="o3555-151720"
            n="124-a-0950"
            ecep:lem="thou"
            ecep:pos="pno21"
            ecep:reg="thee"
            ecep:spe="thee"
            ecep:syllab="1"
            ecep:pron="ðiː">thee</w>
         <c> </c>
         <w xml:id="o3555-151730"
            n="124-a-0960"
            ecep:lem="to"
            ecep:pos="pc-acp"
            ecep:reg="to"
            ecep:spe="to"
            ecep:syllab="1"
            ecep:pron="tuː">to</w>
         <c> </c>
         <w xml:id="o3555-151740"
            n="124-a-0970"
            ecep:lem="die"
            ecep:pos="vvi"
            ecep:reg="die"
            ecep:spe="die"
            ecep:syllab="1"
            ecep:pron="daɪ">die</w>
         <pc xml:id="o3555-151750"
             n="124-a-0980"
             ecep:lem=","
             ecep:pos=","
             ecep:reg=","
             ecep:spe=",">,</pc>
      </l>
      <l xml:id="o3555-l08495">
         <c> </c>
         <w xml:id="o3555-151760"
            n="124-a-0990"
            ecep:lem="with"
            ecep:pos="p-acp"
            ecep:reg="With"
            ecep:spe="With"
            ecep:syllab="1"
            ecep:pron="wɪð">With</w>
         <c> </c>
         <w xml:id="o3555-151770"
            n="124-a-1000"
            ecep:lem="thou"
            ecep:pos="pno21"
            ecep:reg="thee"
            ecep:spe="thee"
            ecep:syllab="1"
            ecep:pron="ðiː">thee</w>
         <c> </c>
         <w xml:id="o3555-151780"
            n="124-a-1010"
            ecep:lem="that"
            ecep:pos="cst"
            ecep:reg="that"
            ecep:spe="that"
            ecep:syllab="1"
            ecep:pron="ðæt">that</w>
         <c> </c>
         <w xml:id="o3555-151790"
            n="124-a-1020"
            ecep:lem="i"
            ecep:pos="pns11"
            ecep:reg="I"
            ecep:spe="I"
            ecep:syllab="1"
            ecep:pron="aɪ">I</w>
         <c> </c>
         <w xml:id="o3555-151800"
            n="124-a-1030"
            ecep:lem="may"
            ecep:pos="vmb"
            ecep:reg="may"
            ecep:spe="may"
            ecep:syllab="1"
            ecep:pron="meɪ">may</w>
         <c> </c>
         <w xml:id="o3555-151810"
            n="124-a-1040"
            ecep:lem="live"
            ecep:pos="vvi"
            ecep:reg="live"
            ecep:spe="live"
            ecep:syllab="1"
            ecep:pron="lɪv">live</w>
         <pc xml:id="o3555-151820"
             n="124-a-1050"
             unit="sentence"
             ecep:lem="."
             ecep:pos="."
             ecep:reg="."
             ecep:spe=".">.</pc>
         <c> </c>
      </l>
   </lg>
</div>
