<?xml version="1.0" encoding="UTF-8"?>
<?xml-model href="../tei_all.rnc" type="application/relax-ng-compact-syntax"?>
<TEI xmlns="http://www.tei-c.org/ns/1.0">
   <teiHeader>
      <fileDesc>
         <titleStmt>
            <title corresp="#txt_SmitCh1749_w0039">SONNET [38] XXXVIII. From the Novel of Emmeline.</title>
            <author corresp="authors.xml#aut_SmitCh1749">Charlotte Smith (née Turner)</author>
            <respStmt>
               <name xml:id="AH">Alexander Huber</name>
               <resp>Editor</resp>
            </respStmt>
            <funder>
               <name type="institution" xml:id="BOD">Bodleian Libraries, University of Oxford</name>
               <address>
                  <addrLine>Broad Street</addrLine>
                  <addrLine>Oxford OX1 3BG</addrLine>
                  <addrLine>UK</addrLine>
               </address>
            </funder>
         </titleStmt>
         <publicationStmt>
            <publisher xml:id="ECPA">Eighteenth-Century Poetry Archive</publisher>
            <address>
               <addrLine>Taylor Institution Library</addrLine>
               <addrLine>St Giles'</addrLine>
               <addrLine>Oxford OX1 3NA</addrLine>
               <addrLine>UK</addrLine>
               <addrLine>
                  <email>info@eighteenthcenturypoetry.org</email>
               </addrLine>
               <addrLine>
                  <ref target="https://www.eighteenthcenturypoetry.org/">https://www.eighteenthcenturypoetry.org/</ref>
               </addrLine>
            </address>
            <pubPlace>Oxford</pubPlace>
            <availability status="restricted">
               <licence target="http://creativecommons.org/licenses/by-sa/3.0/">This work is licensed under a Creative Commons Attribution-ShareAlike 3.0 Unported License.</licence>
            </availability>
            <idno type="TCP">N22357</idno>
         </publicationStmt>
         <sourceDesc>
            <bibl>
               <author>Smith, Charlotte Turner, 1749-1806.</author>
               <title>Elegiac sonnets, and other poems. By Charlotte Smith.</title>
               <edition>The first Worcester edition, from the sixth London edition, with additions.</edition>
               <pubPlace>Printed at Worcester [Mass.]</pubPlace>
               <publisher>by Isaiah Thomas, sold by him in Worcester, and by said Thomas and Andrews in Boston</publisher>
               <date>1795</date>
               <biblScope>p. 58.</biblScope>
               <extent>xix,[2],22-126,[2]p.,[5] leaves of plates: ill.; 15 cm. (12mo)</extent>
            </bibl>
         </sourceDesc>
      </fileDesc>
      <encodingDesc>
         <projectDesc>
            <p>This e-text is part of the Works section of the Eighteenth-Century Poetry Archive (ECPA).</p>
            <p>XML created for the Eighteenth-Century Poetry Archive (ECPA).</p>
         </projectDesc>
         <editorialDecl>
            <p>The text has been typographically modernized, but without any silent modernization of
						spelling, capitalization, or punctuation. The source of the text is given and all editorial interventions
						have been recorded in textual notes. Based on the electronic text originally produced by the TCP project, this  text has been edited to conform to the recommendations found in Level 5 of the
						Best Practices for TEI in Libraries version 4.0.0.
					</p>
         </editorialDecl>
         <classDecl>
            <taxonomy xml:id="LCNAF">
               <bibl>Library of Congress Name Authority File (<abbr>LCNAF</abbr>)</bibl>
            </taxonomy>
         </classDecl>
         <tagsDecl>
            <rendition n="linegroups indented" xml:id="lgindent" scheme="css">text-indent: 1em;</rendition>
            <rendition n="linegroups vertically spaced" xml:id="lgvspace" scheme="css">margin-bottom: 1em;</rendition>
            <rendition n="aligned centrally" xml:id="align-center" scheme="css">text-align: center;</rendition>
            <rendition n="aligned right" xml:id="align-right" scheme="css">text-align: right;</rendition>
            <rendition n="aligned left" xml:id="align-left" scheme="css">text-align: left;</rendition>
            <rendition n="inline" xml:id="inline" scheme="css">display: inline</rendition>
            <rendition n="italic" xml:id="i" scheme="css">font-style: italic;</rendition>
            <rendition n="bold" xml:id="b" scheme="css">font-weight: bold;</rendition>
         </tagsDecl>
      </encodingDesc>
   </teiHeader>
   <text>
      <body>
         <div xmlns:ecep="http://www.eighteenthcenturypoetry.org/ns"
              xmlns:tei="http://www.tei-c.org/ns/1.0"
              ana="#iamb #pentameter #sonnet"
              corresp="#txt_SmitCh1749_w0039"
              decls="#semi-normalized"
              ecep:syllab="10"
              met="-+|-+|-+|-+|-+/"
              n="38"
              rendition="#lgvspace"
              rhyme="abbababaccdcdd"
              subtype="eceptext"
              type="sonnet"
              xml:id="n22cs-w0380">
            <link target="authors.xml#aut_SmitCh1749" type="author"/>
            <head type="main">
               <w xml:id="n22cs-093470"
                  n="0059-a-0010"
                  ecep:lem="sonnet"
                  ecep:pos="n1"
                  ecep:reg="SONNET"
                  ecep:spe="SONNET"
                  ecep:syllab="2"
                  ecep:pron="ˈsɒnɪt">SONNET</w>
               <c> </c>
               <pc xml:id="n22cs-093471"
                   ecep:lem="["
                   ecep:pos="["
                   ecep:reg="["
                   ecep:spe="[">[</pc>
               <w xml:id="n22cs-093472"
                  ecep:lem="38"
                  ecep:pos="crd"
                  ecep:reg="38"
                  ecep:spe="38"
                  ecep:syllab="1"
                  ecep:pron="θˈɜːtiˈeɪt">38</w>
               <pc xml:id="n22cs-093473"
                   ecep:lem="]"
                   ecep:pos="]"
                   ecep:reg="]"
                   ecep:spe="]">]</pc>
               <c> </c>
               <w xml:id="n22cs-093480"
                  n="0059-a-0020"
                  ecep:lem="xxxviii"
                  ecep:pos="crd"
                  ecep:reg="XXXVIII"
                  ecep:spe="XXXVIII"
                  ecep:syllab="3"
                  ecep:pron="rˌəʊmənθˈɜːtiˈeɪt">XXXVIII</w>
               <pc xml:id="n22cs-093490"
                   n="0059-a-0030"
                   unit="sentence"
                   ecep:lem="."
                   ecep:pos="."
                   ecep:reg="."
                   ecep:spe=".">.</pc>
               <c> </c>
               <hi>
                  <w xml:id="n22cs-093500"
                     n="0059-a-0040"
                     ecep:lem="from"
                     ecep:pos="p-acp"
                     ecep:reg="From"
                     ecep:spe="From"
                     ecep:syllab="1"
                     ecep:pron="frɒm">From</w>
                  <c> </c>
                  <w xml:id="n22cs-093510"
                     n="0059-a-0050"
                     ecep:lem="the"
                     ecep:pos="dt"
                     ecep:reg="the"
                     ecep:spe="the"
                     ecep:syllab="1"
                     ecep:pron="ðiː">the</w>
                  <c> </c>
                  <w xml:id="n22cs-093520"
                     n="0059-a-0060"
                     ecep:lem="novel"
                     ecep:pos="n1"
                     ecep:reg="Novel"
                     ecep:spe="Novel"
                     ecep:syllab="2"
                     ecep:pron="ˈnɒvl">Novel</w>
                  <c> </c>
                  <w xml:id="n22cs-093530"
                     n="0059-a-0070"
                     ecep:lem="of"
                     ecep:pos="pp-f"
                     ecep:reg="of"
                     ecep:spe="of"
                     ecep:syllab="1"
                     ecep:pron="ɒv">of</w>
                  <c> </c>
                  <w xml:id="n22cs-093540"
                     n="0059-a-0080"
                     ecep:lem="Emmeline"
                     ecep:pos="np1"
                     ecep:reg="Emmeline"
                     ecep:spe="Emmeline"
                     ecep:syllab="3"
                     ecep:pron="ˈemɪlˌaɪn">Emmeline</w>
                  <pc xml:id="n22cs-093550"
                      n="0059-a-0090"
                      unit="sentence"
                      ecep:lem="."
                      ecep:pos="."
                      ecep:reg="."
                      ecep:spe=".">.</pc>
                  <c> </c>
               </hi>
            </head>
            <lg xml:id="n22cs-s00680">
               <l xml:id="n22cs-l02790">
                  <w xml:id="n22cs-093580"
                     n="0059-a-0100"
                     ecep:lem="when"
                     ecep:pos="c-crq"
                     ecep:reg="WHEN"
                     ecep:spe="WHEN"
                     ecep:syllab="1"
                     ecep:pron="wen">WHEN</w>
                  <c> </c>
                  <w xml:id="n22cs-093590"
                     n="0059-a-0110"
                     ecep:lem="welcome"
                     ecep:pos="j-jn"
                     ecep:reg="welcome"
                     ecep:spe="welcome"
                     ecep:syllab="2"
                     ecep:pron="ˈwelkəm">welcome</w>
                  <c> </c>
                  <w xml:id="n22cs-093600"
                     n="0059-a-0120"
                     ecep:lem="slumber"
                     ecep:pos="n1"
                     ecep:reg="slumber"
                     ecep:spe="slumber"
                     ecep:syllab="2"
                     ecep:pron="ˈslʌmbə">slumber</w>
                  <c> </c>
                  <w xml:id="n22cs-093610"
                     n="0059-a-0130"
                     ecep:lem="set"
                     ecep:pos="vvz"
                     ecep:reg="sets"
                     ecep:spe="sets"
                     ecep:syllab="1"
                     ecep:pron="sets">sets</w>
                  <c> </c>
                  <w xml:id="n22cs-093620"
                     n="0059-a-0140"
                     ecep:lem="my"
                     ecep:pos="po11"
                     ecep:reg="my"
                     ecep:spe="my"
                     ecep:syllab="1"
                     ecep:pron="maɪ">my</w>
                  <c> </c>
                  <w xml:id="n22cs-093630"
                     n="0059-a-0150"
                     ecep:lem="spirit"
                     ecep:pos="n1"
                     ecep:reg="spirit"
                     ecep:spe="spirit"
                     ecep:syllab="2"
                     ecep:pron="ˈspɪrɪt">spirit</w>
                  <c> </c>
                  <w xml:id="n22cs-093640"
                     n="0059-a-0160"
                     ecep:lem="free"
                     ecep:pos="j"
                     ecep:reg="free"
                     ecep:spe="free"
                     ecep:syllab="1"
                     ecep:pron="friː">free</w>
                  <pc xml:id="n22cs-093650"
                      n="0059-a-0170"
                      ecep:lem=","
                      ecep:pos=","
                      ecep:reg=","
                      ecep:spe=",">,</pc>
               </l>
               <l xml:id="n22cs-l02795">
                  <c> </c>
                  <w xml:id="n22cs-093660"
                     n="0059-a-0180"
                     ecep:lem="forth"
                     ecep:pos="av"
                     ecep:reg="Forth"
                     ecep:spe="Forth"
                     ecep:syllab="1"
                     ecep:pron="fɔːθ">Forth</w>
                  <c> </c>
                  <w xml:id="n22cs-093670"
                     n="0059-a-0190"
                     ecep:lem="to"
                     ecep:pos="p-acp"
                     ecep:reg="to"
                     ecep:spe="to"
                     ecep:syllab="1"
                     ecep:pron="tuː">to</w>
                  <c> </c>
                  <w xml:id="n22cs-093680"
                     n="0059-a-0200"
                     ecep:lem="fictitious"
                     ecep:pos="j"
                     ecep:reg="fictitious"
                     ecep:spe="fictitious"
                     ecep:syllab="3"
                     ecep:pron="fɪkˈtɪʃəs">fictitious</w>
                  <c> </c>
                  <w xml:id="n22cs-093690"
                     n="0059-a-0210"
                     ecep:lem="happiness"
                     ecep:pos="n1"
                     ecep:reg="happiness"
                     ecep:spe="happiness"
                     ecep:syllab="3"
                     ecep:pron="ˈhæpɪnəs">happiness</w>
                  <c> </c>
                  <w xml:id="n22cs-093700"
                     n="0059-a-0220"
                     ecep:lem="it"
                     ecep:pos="pn31"
                     ecep:reg="it"
                     ecep:spe="it"
                     ecep:syllab="1"
                     ecep:pron="ɪt">it</w>
                  <c> </c>
                  <w xml:id="n22cs-093710"
                     n="0059-a-0230"
                     ecep:lem="fly"
                     ecep:pos="vvz"
                     ecep:reg="flies"
                     ecep:spe="flies"
                     ecep:syllab="1"
                     ecep:pron="flaɪz">flies</w>
                  <pc xml:id="n22cs-093720"
                      n="0059-a-0240"
                      ecep:lem=","
                      ecep:pos=","
                      ecep:reg=","
                      ecep:spe=",">,</pc>
               </l>
               <l xml:id="n22cs-l02800">
                  <c> </c>
                  <w xml:id="n22cs-093730"
                     n="0059-a-0250"
                     ecep:lem="and"
                     ecep:pos="cc"
                     ecep:reg="And"
                     ecep:spe="And"
                     ecep:syllab="1"
                     ecep:pron="ænd">And</w>
                  <c> </c>
                  <w xml:id="n22cs-093740"
                     n="0059-a-0260"
                     ecep:lem="where"
                     ecep:pos="q-crq"
                     ecep:reg="where"
                     ecep:spe="where"
                     ecep:syllab="1"
                     ecep:pron="weə">where</w>
                  <c> </c>
                  <w xml:id="n22cs-093750"
                     n="0059-a-0270"
                     ecep:lem="elysian"
                     ecep:pos="jp"
                     ecep:reg="Elysian"
                     ecep:spe="Elysian"
                     ecep:syllab="3"
                     ecep:pron="ɪˈlɪziən">Elysian</w>
                  <c> </c>
                  <w xml:id="n22cs-093760"
                     n="0059-a-0280"
                     ecep:lem="bower"
                     ecep:pos="n2"
                     ecep:reg="bowers"
                     ecep:spe="bow'rs"
                     ecep:syllab="1"
                     ecep:pron="ˈbaʊəz">bow'rs</w>
                  <c> </c>
                  <w xml:id="n22cs-093770"
                     n="0059-a-0290"
                     ecep:lem="of"
                     ecep:pos="pp-f"
                     ecep:reg="of"
                     ecep:spe="of"
                     ecep:syllab="1"
                     ecep:pron="ɒv">of</w>
                  <c> </c>
                  <w xml:id="n22cs-093780"
                     n="0059-a-0300"
                     ecep:lem="bliss"
                     ecep:pos="n1"
                     ecep:reg="bliss"
                     ecep:spe="bliss"
                     ecep:syllab="1"
                     ecep:pron="blɪs">bliss</w>
                  <c> </c>
                  <w xml:id="n22cs-093790"
                     n="0059-a-0310"
                     ecep:lem="arise"
                     ecep:pos="vvb"
                     ecep:reg="arise"
                     ecep:spe="arise"
                     ecep:syllab="2"
                     ecep:pron="əˈraɪz">arise</w>
               </l>
               <l xml:id="n22cs-l02805">
                  <c> </c>
                  <w xml:id="n22cs-093800"
                     n="0059-a-0320"
                     ecep:lem="i"
                     ecep:pos="pns11"
                     ecep:reg="I"
                     ecep:spe="I"
                     ecep:syllab="1"
                     ecep:pron="aɪ">I</w>
                  <c> </c>
                  <w xml:id="n22cs-093810"
                     n="0059-a-0330"
                     ecep:lem="seem"
                     ecep:pos="vvb"
                     ecep:reg="seem"
                     ecep:spe="seem"
                     ecep:syllab="1"
                     ecep:pron="siːm">seem</w>
                  <pc xml:id="n22cs-093820"
                      n="0059-a-0340"
                      ecep:lem=","
                      ecep:pos=","
                      ecep:reg=","
                      ecep:spe=",">,</pc>
                  <c> </c>
                  <w xml:id="n22cs-093830"
                     n="0059-a-0350"
                     ecep:lem="my"
                     ecep:pos="po11"
                     ecep:reg="my"
                     ecep:spe="my"
                     ecep:syllab="1"
                     ecep:pron="maɪ">my</w>
                  <c> </c>
                  <w xml:id="n22cs-093840"
                     n="0059-a-0360"
                     ecep:lem="Emmeline"
                     ecep:pos="np1"
                     ecep:reg="Emmeline"
                     ecep:spe="Emmeline"
                     ecep:syllab="3"
                     ecep:pron="ˈemɪlˌaɪn">Emmeline</w>
                  <c> </c>
                  <pc xml:id="n22cs-093850"
                      n="0059-a-0370"
                      ecep:lem="—"
                      ecep:pos="—"
                      ecep:reg="—"
                      ecep:spe="—">—</pc>
                  <c> </c>
                  <w xml:id="n22cs-093860"
                     n="0059-a-0380"
                     ecep:lem="to"
                     ecep:pos="pc-acp"
                     ecep:reg="to"
                     ecep:spe="to"
                     ecep:syllab="1"
                     ecep:pron="tuː">to</w>
                  <c> </c>
                  <w xml:id="n22cs-093870"
                     n="0059-a-0390"
                     ecep:lem="meet"
                     ecep:pos="vvi"
                     ecep:reg="meet"
                     ecep:spe="meet"
                     ecep:syllab="1"
                     ecep:pron="miːt">meet</w>
                  <c> </c>
                  <w xml:id="n22cs-093880"
                     n="0059-a-0400"
                     ecep:lem="with"
                     ecep:pos="p-acp"
                     ecep:reg="with"
                     ecep:spe="with"
                     ecep:syllab="1"
                     ecep:pron="wɪð">with</w>
                  <c> </c>
                  <w xml:id="n22cs-093890"
                     n="0059-a-0410"
                     ecep:lem="thou"
                     ecep:pos="pno21"
                     ecep:reg="thee"
                     ecep:spe="thee"
                     ecep:syllab="1"
                     ecep:pron="ðiː">thee</w>
                  <pc xml:id="n22cs-093900"
                      n="0059-a-0420"
                      unit="sentence"
                      ecep:lem="!"
                      ecep:pos="!"
                      ecep:reg="!"
                      ecep:spe="!">!</pc>
                  <c> </c>
               </l>
               <l xml:id="n22cs-l02810">
                  <w xml:id="n22cs-093910"
                     n="0059-a-0430"
                     ecep:lem="ah"
                     ecep:pos="uh"
                     ecep:reg="Ah"
                     ecep:spe="Ah"
                     ecep:syllab="1"
                     ecep:pron="ɑː">Ah</w>
                  <pc xml:id="n22cs-093915"
                      n="0059-a-0430"
                      ecep:lem="!"
                      ecep:pos="!"
                      ecep:reg="!"
                      ecep:spe="!">!</pc>
                  <c> </c>
                  <w xml:id="n22cs-093920"
                     n="0059-a-0440"
                     ecep:lem="fancy"
                     ecep:pos="vvb"
                     ecep:reg="Fancy"
                     ecep:spe="Fancy"
                     ecep:syllab="2"
                     ecep:pron="ˈfænsi">Fancy</w>
                  <c> </c>
                  <w xml:id="n22cs-093930"
                     n="0059-a-0450"
                     ecep:lem="then"
                     ecep:pos="av"
                     ecep:reg="then"
                     ecep:spe="then"
                     ecep:syllab="1"
                     ecep:pron="ðen">then</w>
                  <pc xml:id="n22cs-093940"
                      n="0059-a-0460"
                      ecep:lem=","
                      ecep:pos=","
                      ecep:reg=","
                      ecep:spe=",">,</pc>
                  <c> </c>
                  <w xml:id="n22cs-093950"
                     n="0059-a-0470"
                     ecep:lem="dissolve"
                     ecep:pos="vvg"
                     ecep:reg="dissolving"
                     ecep:spe="dissolving"
                     ecep:syllab="3"
                     ecep:pron="dɪˈzɒlvɪŋ">dissolving</w>
                  <c> </c>
                  <w xml:id="n22cs-093960"
                     n="0059-a-0480"
                     ecep:lem="human"
                     ecep:pos="j"
                     ecep:reg="human"
                     ecep:spe="human"
                     ecep:syllab="2"
                     ecep:pron="ˈhjuːmən">human</w>
                  <c> </c>
                  <w xml:id="n22cs-093970"
                     n="0059-a-0490"
                     ecep:lem="tie"
                     ecep:pos="n2"
                     ecep:reg="ties"
                     ecep:spe="ties"
                     ecep:syllab="1"
                     ecep:pron="taɪz">ties</w>
                  <pc xml:id="n22cs-093980"
                      n="0059-a-0500"
                      ecep:lem=","
                      ecep:pos=","
                      ecep:reg=","
                      ecep:spe=",">,</pc>
               </l>
               <l xml:id="n22cs-l02815">
                  <c> </c>
                  <w xml:id="n22cs-093990"
                     n="0059-a-0510"
                     ecep:lem="give"
                     ecep:pos="vvz"
                     ecep:reg="Gives"
                     ecep:spe="Gives"
                     ecep:syllab="1"
                     ecep:pron="gɪvz">Gives</w>
                  <c> </c>
                  <w xml:id="n22cs-094000"
                     n="0059-a-0520"
                     ecep:lem="i"
                     ecep:pos="pno11"
                     ecep:reg="me"
                     ecep:spe="me"
                     ecep:syllab="1"
                     ecep:pron="miː">me</w>
                  <c> </c>
                  <w xml:id="n22cs-094010"
                     n="0059-a-0530"
                     ecep:lem="the"
                     ecep:pos="dt"
                     ecep:reg="the"
                     ecep:spe="the"
                     ecep:syllab="1"
                     ecep:pron="ðiː">the</w>
                  <c> </c>
                  <w xml:id="n22cs-094020"
                     n="0059-a-0540"
                     ecep:lem="wish"
                     ecep:pos="n2"
                     ecep:reg="wishes"
                     ecep:spe="wishes"
                     ecep:syllab="2"
                     ecep:pron="wɪʃɪz">wishes</w>
                  <c> </c>
                  <w xml:id="n22cs-094030"
                     n="0059-a-0550"
                     ecep:lem="of"
                     ecep:pos="pp-f"
                     ecep:reg="of"
                     ecep:spe="of"
                     ecep:syllab="1"
                     ecep:pron="ɒv">of</w>
                  <c> </c>
                  <w xml:id="n22cs-094040"
                     n="0059-a-0560"
                     ecep:lem="my"
                     ecep:pos="po11"
                     ecep:reg="my"
                     ecep:spe="my"
                     ecep:syllab="1"
                     ecep:pron="maɪ">my</w>
                  <c> </c>
                  <w xml:id="n22cs-094050"
                     n="0059-a-0570"
                     ecep:lem="soul"
                     ecep:pos="n1"
                     ecep:reg="soul"
                     ecep:spe="soul"
                     ecep:syllab="1"
                     ecep:pron="səʊl">soul</w>
                  <c> </c>
                  <w xml:id="n22cs-094060"
                     n="0059-a-0580"
                     ecep:lem="to"
                     ecep:pos="pc-acp"
                     ecep:reg="to"
                     ecep:spe="to"
                     ecep:syllab="1"
                     ecep:pron="tuː">to</w>
                  <c> </c>
                  <w xml:id="n22cs-094070"
                     n="0059-a-0590"
                     ecep:lem="see"
                     ecep:pos="vvi"
                     ecep:reg="see"
                     ecep:spe="see"
                     ecep:syllab="1"
                     ecep:pron="siː">see</w>
                  <pc xml:id="n22cs-094080"
                      n="0059-a-0600"
                      ecep:lem=";"
                      ecep:pos=";"
                      ecep:reg=";"
                      ecep:spe=";">;</pc>
               </l>
               <l xml:id="n22cs-l02820">
                  <c> </c>
                  <w xml:id="n22cs-094090"
                     n="0059-a-0610"
                     ecep:lem="tear"
                     ecep:pos="n2"
                     ecep:reg="Tears"
                     ecep:spe="Tears"
                     ecep:syllab="1"
                     ecep:pron="tɪəz">Tears</w>
                  <c> </c>
                  <w xml:id="n22cs-094100"
                     n="0059-a-0620"
                     ecep:lem="of"
                     ecep:pos="pp-f"
                     ecep:reg="of"
                     ecep:spe="of"
                     ecep:syllab="1"
                     ecep:pron="ɒv">of</w>
                  <c> </c>
                  <w xml:id="n22cs-094110"
                     n="0059-a-0630"
                     ecep:lem="fond"
                     ecep:pos="j"
                     ecep:reg="fond"
                     ecep:spe="fond"
                     ecep:syllab="1"
                     ecep:pron="fɒnd">fond</w>
                  <c> </c>
                  <w xml:id="n22cs-094120"
                     n="0059-a-0640"
                     ecep:lem="pity"
                     ecep:pos="n1"
                     ecep:reg="pity"
                     ecep:spe="pity"
                     ecep:syllab="2"
                     ecep:pron="ˈpɪti">pity</w>
                  <c> </c>
                  <w xml:id="n22cs-094130"
                     n="0059-a-0650"
                     ecep:lem="fill"
                     ecep:pos="vvi"
                     ecep:reg="fill"
                     ecep:spe="fill"
                     ecep:syllab="1"
                     ecep:pron="fɪl">fill</w>
                  <c> </c>
                  <w xml:id="n22cs-094140"
                     n="0059-a-0660"
                     ecep:lem="thy"
                     ecep:pos="po21"
                     ecep:reg="thy"
                     ecep:spe="thy"
                     ecep:syllab="1"
                     ecep:pron="ðaɪ">thy</w>
                  <c> </c>
                  <w xml:id="n22cs-094150"
                     n="0059-a-0670"
                     ecep:lem="soften"
                     ecep:pos="j-vvn"
                     ecep:reg="softened"
                     ecep:spe="soften'd"
                     ecep:syllab="2"
                     ecep:pron="ˈsɒfnd">soften'd</w>
                  <c> </c>
                  <w xml:id="n22cs-094160"
                     n="0059-a-0680"
                     ecep:lem="eye"
                     ecep:pos="n2"
                     ecep:reg="eyes"
                     ecep:spe="eyes"
                     ecep:syllab="1"
                     ecep:pron="aɪz">eyes</w>
                  <pc xml:id="n22cs-094170"
                      n="0059-a-0690"
                      ecep:lem=";"
                      ecep:pos=";"
                      ecep:reg=";"
                      ecep:spe=";">;</pc>
               </l>
               <l xml:id="n22cs-l02825">
                  <c> </c>
                  <w xml:id="n22cs-094180"
                     n="0059-a-0700"
                     ecep:lem="in"
                     ecep:pos="p-acp"
                     ecep:reg="In"
                     ecep:spe="In"
                     ecep:syllab="1"
                     ecep:pron="ɪn">In</w>
                  <c> </c>
                  <w xml:id="n22cs-094190"
                     n="0059-a-0710"
                     ecep:lem="heavenly"
                     ecep:pos="j"
                     ecep:reg="heavenly"
                     ecep:spe="heav'nly"
                     ecep:syllab="2"
                     ecep:pron="ˈhevnli">heav'nly</w>
                  <c> </c>
                  <w xml:id="n22cs-094200"
                     n="0059-a-0720"
                     ecep:lem="harmony"
                     ecep:pos="n1"
                     ecep:reg="harmony"
                     ecep:spe="harmony"
                     ecep:syllab="3"
                     ecep:pron="ˈhɑːməni">harmony</w>
                  <c> </c>
                  <pc xml:id="n22cs-094210"
                      n="0059-a-0730"
                      ecep:lem="—"
                      ecep:pos="—"
                      ecep:reg="—"
                      ecep:spe="—">—</pc>
                  <c> </c>
                  <w xml:id="n22cs-094220"
                     n="0059-a-0740"
                     ecep:lem="our"
                     ecep:pos="po12"
                     ecep:reg="our"
                     ecep:spe="our"
                     ecep:syllab="1"
                     ecep:pron="æə">our</w>
                  <c> </c>
                  <w xml:id="n22cs-094230"
                     n="0059-a-0750"
                     ecep:lem="heart"
                     ecep:pos="n2"
                     ecep:reg="hearts"
                     ecep:spe="hearts"
                     ecep:syllab="1"
                     ecep:pron="hɑːts">hearts</w>
                  <c> </c>
                  <w xml:id="n22cs-094240"
                     n="0059-a-0760"
                     ecep:lem="agree"
                     ecep:pos="vvi"
                     ecep:reg="agree"
                     ecep:spe="agree"
                     ecep:syllab="2"
                     ecep:pron="əˈgriː">agree</w>
                  <pc xml:id="n22cs-094250"
                      n="0059-a-0770"
                      unit="sentence"
                      ecep:lem="."
                      ecep:pos="."
                      ecep:reg="."
                      ecep:spe=".">.</pc>
                  <c> </c>
               </l>
               <l xml:id="n22cs-l02830">
                  <w xml:id="n22cs-094260"
                     n="0059-a-0780"
                     ecep:lem="alas"
                     ecep:pos="uh"
                     ecep:reg="Alas"
                     ecep:spe="Alas"
                     ecep:syllab="2"
                     ecep:pron="əˈlæs">Alas</w>
                  <pc xml:id="n22cs-094270"
                      n="0059-a-0790"
                      ecep:lem="!"
                      ecep:pos="!"
                      ecep:reg="!"
                      ecep:spe="!">!</pc>
                  <c> </c>
                  <w xml:id="n22cs-094280"
                     n="0059-a-0800"
                     ecep:lem="these"
                     ecep:pos="d"
                     ecep:reg="these"
                     ecep:spe="these"
                     ecep:syllab="1"
                     ecep:pron="ðiːz">these</w>
                  <c> </c>
                  <w xml:id="n22cs-094290"
                     n="0059-a-0810"
                     ecep:lem="joy"
                     ecep:pos="n2"
                     ecep:reg="joys"
                     ecep:spe="joys"
                     ecep:syllab="1"
                     ecep:pron="dʒɔɪz">joys</w>
                  <c> </c>
                  <w xml:id="n22cs-094300"
                     n="0059-a-0820"
                     ecep:lem="be"
                     ecep:pos="vbr"
                     ecep:reg="are"
                     ecep:spe="are"
                     ecep:syllab="1"
                     ecep:pron="ɑː">are</w>
                  <c> </c>
                  <w xml:id="n22cs-094310"
                     n="0059-a-0830"
                     ecep:lem="i"
                     ecep:pos="png11"
                     ecep:reg="mine"
                     ecep:spe="mine"
                     ecep:syllab="1"
                     ecep:pron="maɪn">mine</w>
                  <c> </c>
                  <w xml:id="n22cs-094320"
                     n="0059-a-0840"
                     ecep:lem="in"
                     ecep:pos="p-acp"
                     ecep:reg="in"
                     ecep:spe="in"
                     ecep:syllab="1"
                     ecep:pron="ɪn">in</w>
                  <c> </c>
                  <w xml:id="n22cs-094330"
                     n="0059-a-0850"
                     ecep:lem="dream"
                     ecep:pos="n2"
                     ecep:reg="dreams"
                     ecep:spe="dreams"
                     ecep:syllab="1"
                     ecep:pron="driːmz">dreams</w>
                  <c> </c>
                  <w xml:id="n22cs-094340"
                     n="0059-a-0860"
                     ecep:lem="alone"
                     ecep:pos="j"
                     ecep:reg="alone"
                     ecep:spe="alone"
                     ecep:syllab="2"
                     ecep:pron="əˈləʊn">alone</w>
                  <pc xml:id="n22cs-094350"
                      n="0059-a-0870"
                      ecep:lem=","
                      ecep:pos=","
                      ecep:reg=","
                      ecep:spe=",">,</pc>
               </l>
               <l xml:id="n22cs-l02835">
                  <c> </c>
                  <w xml:id="n22cs-094360"
                     n="0059-a-0880"
                     ecep:lem="when"
                     ecep:pos="c-crq"
                     ecep:reg="When"
                     ecep:spe="When"
                     ecep:syllab="1"
                     ecep:pron="wen">When</w>
                  <c> </c>
                  <w xml:id="n22cs-094370"
                     n="0059-a-0890"
                     ecep:lem="cruel"
                     ecep:pos="j"
                     ecep:reg="cruel"
                     ecep:spe="cruel"
                     ecep:syllab="2"
                     ecep:pron="ˈkruːəl">cruel</w>
                  <c> </c>
                  <w xml:id="n22cs-094380"
                     n="0059-a-0900"
                     ecep:lem="reason"
                     ecep:pos="n1"
                     ecep:reg="Reason"
                     ecep:spe="Reason"
                     ecep:syllab="2"
                     ecep:pron="ˈriːzn">Reason</w>
                  <c> </c>
                  <w xml:id="n22cs-094390"
                     n="0059-a-0910"
                     ecep:lem="abdicate"
                     ecep:pos="vvz"
                     ecep:reg="abdicates"
                     ecep:spe="abdicates"
                     ecep:syllab="3"
                     ecep:pron="ˈæbdɪkeɪts">abdicates</w>
                  <c> </c>
                  <w xml:id="n22cs-094400"
                     n="0059-a-0920"
                     ecep:lem="her"
                     ecep:pos="po31"
                     ecep:reg="her"
                     ecep:spe="her"
                     ecep:syllab="1"
                     ecep:pron="hɜː">her</w>
                  <c> </c>
                  <w xml:id="n22cs-094410"
                     n="0059-a-0930"
                     ecep:lem="throne"
                     ecep:pos="n1"
                     ecep:reg="throne"
                     ecep:spe="throne"
                     ecep:syllab="1"
                     ecep:pron="θrəʊn">throne</w>
                  <pc xml:id="n22cs-094420"
                      n="0059-a-0940"
                      unit="sentence"
                      ecep:lem="!"
                      ecep:pos="!"
                      ecep:reg="!"
                      ecep:spe="!">!</pc>
                  <c> </c>
               </l>
               <l xml:id="n22cs-l02840">
                  <w xml:id="n22cs-094430"
                     n="0059-a-0950"
                     ecep:lem="her"
                     ecep:pos="po31"
                     ecep:reg="Her"
                     ecep:spe="Her"
                     ecep:syllab="1"
                     ecep:pron="hɜː">Her</w>
                  <c> </c>
                  <w xml:id="n22cs-094440"
                     n="0059-a-0960"
                     ecep:lem="harsh"
                     ecep:pos="j"
                     ecep:reg="harsh"
                     ecep:spe="harsh"
                     ecep:syllab="1"
                     ecep:pron="hɑːʃ">harsh</w>
                  <c> </c>
                  <w xml:id="n22cs-094450"
                     n="0059-a-0970"
                     ecep:lem="return"
                     ecep:pos="n1"
                     ecep:reg="return"
                     ecep:spe="return"
                     ecep:syllab="2"
                     ecep:pron="rɪˈtɜːn">return</w>
                  <c> </c>
                  <w xml:id="n22cs-094460"
                     n="0059-a-0980"
                     ecep:lem="condemn"
                     ecep:pos="vvz"
                     ecep:reg="condemns"
                     ecep:spe="condemns"
                     ecep:syllab="2"
                     ecep:pron="kənˈdemz">condemns</w>
                  <c> </c>
                  <w xml:id="n22cs-094470"
                     n="0059-a-0990"
                     ecep:lem="i"
                     ecep:pos="pno11"
                     ecep:reg="me"
                     ecep:spe="me"
                     ecep:syllab="1"
                     ecep:pron="miː">me</w>
                  <c> </c>
                  <w xml:id="n22cs-094480"
                     n="0059-a-1000"
                     ecep:lem="to"
                     ecep:pos="pc-acp"
                     ecep:reg="to"
                     ecep:spe="to"
                     ecep:syllab="1"
                     ecep:pron="tuː">to</w>
                  <c> </c>
                  <w xml:id="n22cs-094490"
                     n="0059-a-1010"
                     ecep:lem="complain"
                     ecep:pos="vvi"
                     ecep:reg="complain"
                     ecep:spe="complain"
                     ecep:syllab="2"
                     ecep:pron="kəmˈpleɪn">complain</w>
               </l>
               <l xml:id="n22cs-l02845">
                  <c> </c>
                  <w xml:id="n22cs-094500"
                     n="0059-a-1020"
                     ecep:lem="through"
                     ecep:pos="p-acp"
                     ecep:reg="Through"
                     ecep:spe="Thro'"
                     ecep:syllab="1"
                     ecep:pron="θruː">Thro'</w>
                  <c> </c>
                  <w xml:id="n22cs-094510"
                     n="0059-a-1030"
                     ecep:lem="life"
                     ecep:pos="n1"
                     ecep:reg="life"
                     ecep:spe="life"
                     ecep:syllab="1"
                     ecep:pron="laɪf">life</w>
                  <c> </c>
                  <w xml:id="n22cs-094520"
                     n="0059-a-1040"
                     ecep:lem="unpitied"
                     ecep:pos="j"
                     ecep:reg="unpitied"
                     ecep:spe="unpitied"
                     ecep:syllab="3"
                     ecep:pron="ʌnˈpɪtɪd">unpitied</w>
                  <pc xml:id="n22cs-094530"
                      n="0059-a-1050"
                      ecep:lem=","
                      ecep:pos=","
                      ecep:reg=","
                      ecep:spe=",">,</pc>
                  <c> </c>
                  <w xml:id="n22cs-094540"
                     n="0059-a-1060"
                     ecep:lem="unrelieved"
                     ecep:pos="j"
                     ecep:reg="unrelieved"
                     ecep:spe="unreliev'd"
                     ecep:syllab="3"
                     ecep:pron="ˌʌnrɪˈliːvd">unreliev'd</w>
                  <pc xml:id="n22cs-094550"
                      n="0059-a-1070"
                      ecep:lem=","
                      ecep:pos=","
                      ecep:reg=","
                      ecep:spe=",">,</pc>
                  <c> </c>
                  <w xml:id="n22cs-094560"
                     n="0059-a-1080"
                     ecep:lem="unknown"
                     ecep:pos="j"
                     ecep:reg="unknown"
                     ecep:spe="unknown"
                     ecep:syllab="2"
                     ecep:pron="ʌnˈnəʊn">unknown</w>
                  <pc xml:id="n22cs-094570"
                      n="0059-a-1090"
                      unit="sentence"
                      ecep:lem="."
                      ecep:pos="."
                      ecep:reg="."
                      ecep:spe=".">.</pc>
                  <c> </c>
               </l>
               <l xml:id="n22cs-l02850">
                  <w xml:id="n22cs-094580"
                     n="0059-a-1100"
                     ecep:lem="and"
                     ecep:pos="cc"
                     ecep:reg="And"
                     ecep:spe="And"
                     ecep:syllab="1"
                     ecep:pron="ænd">And</w>
                  <c> </c>
                  <w xml:id="n22cs-094590"
                     n="0059-a-1110"
                     ecep:lem="as"
                     ecep:pos="c-acp"
                     ecep:reg="as"
                     ecep:spe="as"
                     ecep:syllab="1"
                     ecep:pron="æz">as</w>
                  <c> </c>
                  <w xml:id="n22cs-094600"
                     n="0059-a-1120"
                     ecep:lem="the"
                     ecep:pos="dt"
                     ecep:reg="the"
                     ecep:spe="the"
                     ecep:syllab="1"
                     ecep:pron="ðiː">the</w>
                  <c> </c>
                  <w xml:id="n22cs-094610"
                     n="0059-a-1130"
                     ecep:lem="dear"
                     ecep:pos="j-jn"
                     ecep:reg="dear"
                     ecep:spe="dear"
                     ecep:syllab="1"
                     ecep:pron="dɪə">dear</w>
                  <c> </c>
                  <w xml:id="n22cs-094620"
                     n="0059-a-1140"
                     ecep:lem="delusion"
                     ecep:pos="n2"
                     ecep:reg="delusions"
                     ecep:spe="delusions"
                     ecep:syllab="3"
                     ecep:pron="dɪˈluːʒnz">delusions</w>
                  <c> </c>
                  <w xml:id="n22cs-094630"
                     n="0059-a-1150"
                     ecep:lem="leave"
                     ecep:pos="vvb"
                     ecep:reg="leave"
                     ecep:spe="leave"
                     ecep:syllab="1"
                     ecep:pron="liːv">leave</w>
                  <c> </c>
                  <w xml:id="n22cs-094640"
                     n="0059-a-1160"
                     ecep:lem="my"
                     ecep:pos="po11"
                     ecep:reg="my"
                     ecep:spe="my"
                     ecep:syllab="1"
                     ecep:pron="maɪ">my</w>
                  <c> </c>
                  <w xml:id="n22cs-094650"
                     n="0059-a-1170"
                     ecep:lem="brain"
                     ecep:pos="n1"
                     ecep:reg="brain"
                     ecep:spe="brain"
                     ecep:syllab="1"
                     ecep:pron="breɪn">brain</w>
                  <pc xml:id="n22cs-094660"
                      n="0059-a-1180"
                      ecep:lem=","
                      ecep:pos=","
                      ecep:reg=","
                      ecep:spe=",">,</pc>
               </l>
               <l ana="#iamb #hexameter"
                  ecep:syllab="12"
                  real="-+|-+|-+||-+|-+|-+/"
                  xml:id="n22cs-l02855">
                  <c> </c>
                  <w xml:id="n22cs-094670"
                     n="0059-a-1190"
                     ecep:lem="she"
                     ecep:pos="pns31"
                     ecep:reg="She"
                     ecep:spe="She"
                     ecep:syllab="1"
                     ecep:pron="ʃiː">She</w>
                  <c> </c>
                  <w xml:id="n22cs-094680"
                     n="0059-a-1200"
                     ecep:lem="bid"
                     ecep:pos="vvz"
                     ecep:reg="bids"
                     ecep:spe="bids"
                     ecep:syllab="1"
                     ecep:pron="bɪdz">bids</w>
                  <c> </c>
                  <w xml:id="n22cs-094690"
                     n="0059-a-1210"
                     ecep:lem="the"
                     ecep:pos="dt"
                     ecep:reg="the"
                     ecep:spe="the"
                     ecep:syllab="1"
                     ecep:pron="ðiː">the</w>
                  <c> </c>
                  <w xml:id="n22cs-094700"
                     n="0059-a-1220"
                     ecep:lem="truth"
                     ecep:pos="n1"
                     ecep:reg="truth"
                     ecep:spe="truth"
                     ecep:syllab="1"
                     ecep:pron="truːθ">truth</w>
                  <c> </c>
                  <w xml:id="n22cs-094710"
                     n="0059-a-1230"
                     ecep:lem="recur"
                     ecep:pos="vvi"
                     ecep:reg="recur"
                     ecep:spe="recur"
                     ecep:syllab="2"
                     ecep:pron="rɪˈkɜː">recur</w>
                  <c> </c>
                  <pc xml:id="n22cs-094720"
                      n="0059-a-1240"
                      ecep:lem="—"
                      ecep:pos="—"
                      ecep:reg="—"
                      ecep:spe="—">—</pc>
                  <c> </c>
                  <w xml:id="n22cs-094730"
                     n="0059-a-1250"
                     ecep:lem="with"
                     ecep:pos="p-acp"
                     ecep:reg="with"
                     ecep:spe="with"
                     ecep:syllab="1"
                     ecep:pron="wɪð">with</w>
                  <c> </c>
                  <w xml:id="n22cs-094740"
                     n="0059-a-1260"
                     ecep:lem="aggravate"
                     ecep:pos="j-vvn"
                     ecep:reg="aggravated"
                     ecep:spe="aggravated"
                     ecep:syllab="4"
                     ecep:pron="ˈægrəveɪtɪd">aggravated</w>
                  <c> </c>
                  <w xml:id="n22cs-094750"
                     n="0059-a-1270"
                     ecep:lem="pain"
                     ecep:pos="n1"
                     ecep:reg="pain"
                     ecep:spe="pain"
                     ecep:syllab="1"
                     ecep:pron="peɪn">pain</w>
                  <pc xml:id="n22cs-094760"
                      n="0059-a-1280"
                      unit="sentence"
                      ecep:lem="."
                      ecep:pos="."
                      ecep:reg="."
                      ecep:spe=".">.</pc>
                  <c> </c>
               </l>
            </lg>
         </div>
      </body>
   </text>
</TEI>
