<?xml version="1.0" encoding="utf-8"?>
<!DOCTYPE div
  SYSTEM "about:legacy-compat">
<div xmlns:ecep="http://www.eighteenthcenturypoetry.org/ns"
     xmlns="http://www.tei-c.org/ns/1.0"
     xmlns:tei="http://www.tei-c.org/ns/1.0"
     ana="#iamb #pentameter #couplet #pair #heroiccouplet #dreamvision"
     corresp="#txt_LennCh1730_w0022"
     decls="#semi-normalized"
     ecep:syllab="10"
     met="-+|-+|-+|-+|-+/"
     rendition="#lgvspace"
     rhyme="aa"
     subtype="eceptext"
     type="poem"
     xml:id="o5247-w0210">
   <link target="authors.xml#aut_LennCh1730" type="author"/>
   <head type="main">
      <w xml:id="o5247-068290"
         n="62-a-0740"
         ecep:lem="the"
         ecep:pos="dt"
         ecep:reg="The"
         ecep:spe="The"
         ecep:syllab="1"
         ecep:pron="ðiː">The</w>
      <c> </c>
      <w xml:id="o5247-068300"
         n="62-a-0750"
         ecep:lem="dream"
         ecep:pos="n1"
         ecep:reg="DREAM"
         ecep:spe="DREAM"
         ecep:syllab="1"
         ecep:pron="driːm">DREAM</w>
      <pc xml:id="o5247-068310"
          n="62-a-0760"
          unit="sentence"
          ecep:lem="."
          ecep:pos="."
          ecep:reg="."
          ecep:spe=".">.</pc>
   </head>
   <lg xml:id="o5247-s00440">
      <l xml:id="o5247-l03615">
         <w xml:id="o5247-068340"
            n="62-a-0770"
            ecep:lem="ah"
            ecep:pos="uh"
            ecep:reg="AH"
            ecep:spe="AH"
            ecep:syllab="1"
            ecep:pron="ɑː">AH</w>
         <c> </c>
         <w xml:id="o5247-068350"
            n="62-a-0780"
            ecep:lem="stay"
            ecep:pos="n1"
            ecep:reg="stay"
            ecep:spe="stay"
            ecep:syllab="1"
            ecep:pron="steɪ">stay</w>
         <pc xml:id="o5247-068360"
             n="62-a-0790"
             ecep:lem=","
             ecep:pos=","
             ecep:reg=","
             ecep:spe=",">,</pc>
         <c> </c>
         <w xml:id="o5247-068370"
            n="62-a-0800"
            ecep:lem="fair"
            ecep:pos="j"
            ecep:reg="fair"
            ecep:spe="fair"
            ecep:syllab="1"
            ecep:pron="feə">fair</w>
         <c> </c>
         <w xml:id="o5247-068380"
            n="62-a-0810"
            ecep:lem="fleet"
            ecep:pos="j-vvg"
            ecep:reg="fleeting"
            ecep:spe="fleeting"
            ecep:syllab="2"
            ecep:pron="ˈfliːtɪŋ">fleeting</w>
         <c> </c>
         <w xml:id="o5247-068390"
            n="62-a-0820"
            ecep:lem="form"
            ecep:pos="n1"
            ecep:reg="Form"
            ecep:spe="Form"
            ecep:syllab="1"
            ecep:pron="fɔːm">Form</w>
         <pc xml:id="o5247-068400"
             n="62-a-0830"
             ecep:lem=","
             ecep:pos=","
             ecep:reg=","
             ecep:spe=",">,</pc>
         <c> </c>
         <w xml:id="o5247-068410"
            n="62-a-0840"
            ecep:lem="i"
            ecep:pos="pns11"
            ecep:reg="I"
            ecep:spe="I"
            ecep:syllab="1"
            ecep:pron="aɪ">I</w>
         <c> </c>
         <w xml:id="o5247-068420"
            n="62-a-0850"
            ecep:lem="charge"
            ecep:pos="vvb"
            ecep:reg="charge"
            ecep:spe="charge"
            ecep:syllab="1"
            ecep:pron="tʃɑːdʒ">charge</w>
         <c> </c>
         <w xml:id="o5247-068430"
            n="62-a-0860"
            ecep:lem="thou"
            ecep:pos="pno21"
            ecep:reg="thee"
            ecep:spe="thee"
            ecep:syllab="1"
            ecep:pron="ðiː">thee</w>
         <c> </c>
         <w xml:id="o5247-068440"
            n="62-a-0870"
            ecep:lem="stay"
            ecep:pos="vvi"
            ecep:reg="stay"
            ecep:spe="stay"
            ecep:syllab="1"
            ecep:pron="steɪ">stay</w>
         <pc xml:id="o5247-068450"
             n="62-a-0880"
             ecep:lem=";"
             ecep:pos=";"
             ecep:reg=";"
             ecep:spe=";">;</pc>
      </l>
      <l xml:id="o5247-l03620">
         <c> </c>
         <w xml:id="o5247-068460"
            n="62-a-0890"
            ecep:lem="whither"
            ecep:pos="c-crq"
            ecep:reg="Whither"
            ecep:spe="Whither"
            ecep:syllab="2"
            ecep:pron="ˈwɪðə">Whither</w>
         <pc xml:id="o5247-068470"
             n="62-a-0900"
             ecep:lem=","
             ecep:pos=","
             ecep:reg=","
             ecep:spe=",">,</pc>
         <c> </c>
         <w xml:id="o5247-068480"
            n="62-a-0910"
            ecep:lem="ah"
            ecep:pos="uh"
            ecep:reg="ah"
            ecep:spe="ah"
            ecep:syllab="1"
            ecep:pron="ɑː">ah</w>
         <c> </c>
         <w xml:id="o5247-068490"
            n="62-a-0920"
            ecep:lem="whither"
            ecep:pos="q-crq"
            ecep:reg="whither"
            ecep:spe="whither"
            ecep:syllab="2"
            ecep:pron="ˈwɪðə">whither</w>
         <c> </c>
         <w xml:id="o5247-068500"
            n="62-a-0930"
            ecep:lem="will"
            ecep:pos="vmd2"
            ecep:reg="wouldst"
            ecep:spe="wouldst"
            ecep:syllab="1"
            ecep:pron="wʊdst">wouldst</w>
         <c> </c>
         <w xml:id="o5247-068510"
            n="62-a-0940"
            ecep:lem="thou"
            ecep:pos="pns21"
            ecep:reg="thou"
            ecep:spe="thou"
            ecep:syllab="1"
            ecep:pron="θaʊ">thou</w>
         <c> </c>
         <w xml:id="o5247-068520"
            n="62-a-0950"
            ecep:lem="glide"
            ecep:pos="vvi"
            ecep:reg="glide"
            ecep:spe="glide"
            ecep:syllab="1"
            ecep:pron="glaɪd">glide</w>
         <c> </c>
         <w xml:id="o5247-068530"
            n="62-a-0960"
            ecep:lem="away"
            ecep:pos="av"
            ecep:reg="away"
            ecep:spe="away"
            ecep:syllab="2"
            ecep:pron="əˈweɪ">away</w>
         <pc xml:id="o5247-068540"
             n="62-a-0970"
             unit="sentence"
             ecep:lem="?"
             ecep:pos="?"
             ecep:reg="?"
             ecep:spe="?">?</pc>
         <c> </c>
      </l>
      <l xml:id="o5247-l03625">
         <hi>
            <w xml:id="o5247-068550"
               n="62-a-0980"
               ecep:lem="ardelia"
               ecep:pos="np1"
               ecep:reg="Ardelia"
               ecep:spe="Ardelia"
               ecep:syllab="4"
               ecep:pron="ɑːdˈiːliə">Ardelia</w>
         </hi>
         <c> </c>
         <w xml:id="o5247-068560"
            n="62-a-0990"
            ecep:lem="call"
            ecep:pos="vvz"
            ecep:reg="calls"
            ecep:spe="calls"
            ecep:syllab="1"
            ecep:pron="kɔːlz">calls</w>
         <c> </c>
         <w xml:id="o5247-068570"
            n="62-a-1000"
            ecep:lem="thou"
            ecep:pos="pno21"
            ecep:reg="thee"
            ecep:spe="thee"
            ecep:syllab="1"
            ecep:pron="ðiː">thee</w>
         <pc xml:id="o5247-068580"
             n="62-a-1010"
             ecep:lem=","
             ecep:pos=","
             ecep:reg=","
             ecep:spe=",">,</pc>
         <c> </c>
         <w xml:id="o5247-068590"
            n="62-a-1020"
            ecep:lem="lovely"
            ecep:pos="j"
            ecep:reg="lovely"
            ecep:spe="lovely"
            ecep:syllab="2"
            ecep:pron="ˈlʌvli">lovely</w>
         <c> </c>
         <w xml:id="o5247-068600"
            n="62-a-1030"
            ecep:lem="cruel"
            ecep:pos="j"
            ecep:reg="cruel"
            ecep:spe="cruel"
            ecep:syllab="2"
            ecep:pron="ˈkruːəl">cruel</w>
         <c> </c>
         <w xml:id="o5247-068610"
            n="62-a-1040"
            ecep:lem="shade"
            ecep:pos="n1"
            ecep:reg="Shade"
            ecep:spe="Shade"
            ecep:syllab="1"
            ecep:pron="ʃeɪd">Shade</w>
         <pc xml:id="o5247-068620"
             n="62-a-1050"
             unit="sentence"
             ecep:lem="!"
             ecep:pos="!"
             ecep:reg="!"
             ecep:spe="!">!</pc>
         <c> </c>
      </l>
      <l xml:id="o5247-l03630">
         <hi>
            <w xml:id="o5247-068630"
               n="62-a-1060"
               ecep:lem="ardelia"
               ecep:pos="np1"
               ecep:reg="Ardelia"
               ecep:spe="Ardelia"
               ecep:syllab="4"
               ecep:pron="ɑːdˈiːliə">Ardelia</w>
         </hi>
         <c> </c>
         <w xml:id="o5247-068640"
            n="62-a-1070"
            ecep:lem="bid"
            ecep:pos="vvz"
            ecep:reg="bids"
            ecep:spe="bids"
            ecep:syllab="1"
            ecep:pron="bɪdz">bids</w>
         <c> </c>
         <w xml:id="o5247-068650"
            n="62-a-1080"
            ecep:lem="thou"
            ecep:pos="pno21"
            ecep:reg="thee"
            ecep:spe="thee"
            ecep:syllab="1"
            ecep:pron="ðiː">thee</w>
         <c> </c>
         <w xml:id="o5247-068660"
            n="62-a-1090"
            ecep:lem="stay"
            ecep:pos="vvi"
            ecep:reg="stay"
            ecep:spe="stay"
            ecep:syllab="1"
            ecep:pron="steɪ">stay</w>
         <pc xml:id="o5247-068670"
             n="62-a-1100"
             ecep:lem=","
             ecep:pos=","
             ecep:reg=","
             ecep:spe=",">,</pc>
         <c> </c>
         <w xml:id="o5247-068680"
            n="62-a-1110"
            ecep:lem="thy"
            ecep:pos="po21"
            ecep:reg="thy"
            ecep:spe="thy"
            ecep:syllab="1"
            ecep:pron="ðaɪ">thy</w>
         <c> </c>
         <w xml:id="o5247-068690"
            n="62-a-1120"
            ecep:lem="once"
            ecep:pos="a-acp"
            ecep:reg="once"
            ecep:spe="once"
            ecep:syllab="1"
            ecep:pron="wʌns">once</w>
         <c> </c>
         <w xml:id="o5247-068700"
            n="62-a-1130"
            ecep:lem="love"
            ecep:pos="j-vvn"
            ecep:reg="loved"
            ecep:spe="lov'd"
            ecep:syllab="1"
            ecep:pron="ˈlʌvd">lov'd</w>
         <c> </c>
         <w xml:id="o5247-068710"
            n="62-a-1140"
            ecep:lem="maid"
            ecep:pos="n1"
            ecep:reg="Maid"
            ecep:spe="Maid"
            ecep:syllab="1"
            ecep:pron="meɪd">Maid</w>
         <pc xml:id="o5247-068720"
             n="62-a-1150"
             unit="sentence"
             ecep:lem="!"
             ecep:pos="!"
             ecep:reg="!"
             ecep:spe="!">!</pc>
         <c> </c>
      </l>
      <pb facs="o5247/0060" n="58" rend="none"/>
      <l xml:id="o5247-l03635">
         <w xml:id="o5247-068730"
            n="63-a-0010"
            ecep:lem="alas"
            ecep:pos="uh"
            ecep:reg="Alas"
            ecep:spe="Alas"
            ecep:syllab="2"
            ecep:pron="əˈlæs">Alas</w>
         <pc xml:id="o5247-068740"
             n="63-a-0020"
             ecep:lem="!"
             ecep:pos="!"
             ecep:reg="!"
             ecep:spe="!">!</pc>
         <c> </c>
         <w xml:id="o5247-068750"
            n="63-a-0030"
            ecep:lem="in"
            ecep:pos="p-acp"
            ecep:reg="in"
            ecep:spe="in"
            ecep:syllab="1"
            ecep:pron="ɪn">in</w>
         <c> </c>
         <w xml:id="o5247-068760"
            n="63-a-0040"
            ecep:lem="vain"
            ecep:pos="j"
            ecep:reg="vain"
            ecep:spe="vain"
            ecep:syllab="1"
            ecep:pron="veɪn">vain</w>
         <c> </c>
         <w xml:id="o5247-068770"
            n="63-a-0050"
            ecep:lem="i"
            ecep:pos="pns11"
            ecep:reg="I"
            ecep:spe="I"
            ecep:syllab="1"
            ecep:pron="aɪ">I</w>
         <c> </c>
         <w xml:id="o5247-068780"
            n="63-a-0060"
            ecep:lem="call"
            ecep:pos="vvb"
            ecep:reg="call"
            ecep:spe="call"
            ecep:syllab="1"
            ecep:pron="kɔːl">call</w>
         <pc xml:id="o5247-068790"
             n="63-a-0070"
             ecep:lem=","
             ecep:pos=","
             ecep:reg=","
             ecep:spe=",">,</pc>
         <c> </c>
         <w xml:id="o5247-068800"
            n="63-a-0080"
            ecep:lem="for"
            ecep:pos="c-acp"
            ecep:reg="for"
            ecep:spe="for"
            ecep:syllab="1"
            ecep:pron="fɔː">for</w>
         <c> </c>
         <w xml:id="o5247-068810"
            n="63-a-0090"
            ecep:lem="see"
            ecep:pos="vvb"
            ecep:reg="see"
            ecep:spe="see"
            ecep:syllab="1"
            ecep:pron="siː">see</w>
         <c> </c>
         <w xml:id="o5247-068820"
            n="63-a-0100"
            ecep:lem="he"
            ecep:pos="pns31"
            ecep:reg="he"
            ecep:spe="he"
            ecep:syllab="1"
            ecep:pron="hiː">he</w>
         <c> </c>
         <w xml:id="o5247-068830"
            n="63-a-0110"
            ecep:lem="fly"
            ecep:pos="vvz"
            ecep:reg="flies"
            ecep:spe="flies"
            ecep:syllab="1"
            ecep:pron="flaɪz">flies</w>
         <pc xml:id="o5247-068840"
             n="63-a-0120"
             ecep:lem=";"
             ecep:pos=";"
             ecep:reg=";"
             ecep:spe=";">;</pc>
      </l>
      <l xml:id="o5247-l03640">
         <c> </c>
         <w xml:id="o5247-068850"
            n="63-a-0130"
            ecep:lem="fly"
            ecep:pos="vvz"
            ecep:reg="Flies"
            ecep:spe="Flies"
            ecep:syllab="1"
            ecep:pron="flaɪz">Flies</w>
         <c> </c>
         <w xml:id="o5247-068860"
            n="63-a-0140"
            ecep:lem="my"
            ecep:pos="po11"
            ecep:reg="my"
            ecep:spe="my"
            ecep:syllab="1"
            ecep:pron="maɪ">my</w>
         <c> </c>
         <w xml:id="o5247-068870"
            n="63-a-0150"
            ecep:lem="fond"
            ecep:pos="j"
            ecep:reg="fond"
            ecep:spe="fond"
            ecep:syllab="1"
            ecep:pron="fɒnd">fond</w>
         <c> </c>
         <w xml:id="o5247-068880"
            n="63-a-0160"
            ecep:lem="clasp"
            ecep:pos="vvg"
            ecep:reg="clasping"
            ecep:spe="clasping"
            ecep:syllab="2"
            ecep:pron="klɑːspɪŋ">clasping</w>
         <c> </c>
         <w xml:id="o5247-068890"
            n="63-a-0170"
            ecep:lem="arm"
            ecep:pos="n2"
            ecep:reg="Arms"
            ecep:spe="Arms"
            ecep:syllab="1"
            ecep:pron="ɑːmz">Arms</w>
         <pc xml:id="o5247-068900"
             n="63-a-0180"
             ecep:lem=","
             ecep:pos=","
             ecep:reg=","
             ecep:spe=",">,</pc>
         <c> </c>
         <w xml:id="o5247-068910"
            n="63-a-0190"
            ecep:lem="and"
            ecep:pos="cc"
            ecep:reg="and"
            ecep:spe="and"
            ecep:syllab="1"
            ecep:pron="ænd">and</w>
         <c> </c>
         <w xml:id="o5247-068920"
            n="63-a-0200"
            ecep:lem="ardent"
            ecep:pos="j"
            ecep:reg="ardent"
            ecep:spe="ardent"
            ecep:syllab="2"
            ecep:pron="ˈɑːdnt">ardent</w>
         <c> </c>
         <w xml:id="o5247-068930"
            n="63-a-0210"
            ecep:lem="eye"
            ecep:pos="n2"
            ecep:reg="Eyes"
            ecep:spe="Eyes"
            ecep:syllab="1"
            ecep:pron="aɪz">Eyes</w>
         <pc xml:id="o5247-068940"
             n="63-a-0220"
             unit="sentence"
             ecep:lem="."
             ecep:pos="."
             ecep:reg="."
             ecep:spe=".">.</pc>
         <c> </c>
      </l>
      <l xml:id="o5247-l03645">
         <w xml:id="o5247-068950"
            n="63-a-0230"
            ecep:lem="not"
            ecep:pos="xx"
            ecep:reg="Not"
            ecep:spe="Not"
            ecep:syllab="1"
            ecep:pron="nɒt">Not</w>
         <c> </c>
         <w xml:id="o5247-068960"
            n="63-a-0240"
            ecep:lem="all"
            ecep:pos="d"
            ecep:reg="all"
            ecep:spe="all"
            ecep:syllab="1"
            ecep:pron="ɔːl">all</w>
         <c> </c>
         <w xml:id="o5247-068970"
            n="63-a-0250"
            ecep:lem="my"
            ecep:pos="po11"
            ecep:reg="my"
            ecep:spe="my"
            ecep:syllab="1"
            ecep:pron="maɪ">my</w>
         <c> </c>
         <w xml:id="o5247-068980"
            n="63-a-0260"
            ecep:lem="prayer"
            ecep:pos="n2"
            ecep:reg="Prayers"
            ecep:spe="Prayers"
            ecep:syllab="2"
            ecep:pron="ˈpreɪəz">Prayers</w>
         <c> </c>
         <w xml:id="o5247-068990"
            n="63-a-0270"
            ecep:lem="can"
            ecep:pos="vmb"
            ecep:reg="can"
            ecep:spe="can"
            ecep:syllab="1"
            ecep:pron="kæn">can</w>
         <c> </c>
         <w xml:id="o5247-069000"
            n="63-a-0280"
            ecep:lem="the"
            ecep:pos="dt"
            ecep:reg="the"
            ecep:spe="the"
            ecep:syllab="1"
            ecep:pron="ðiː">the</w>
         <c> </c>
         <w xml:id="o5247-069010"
            n="63-a-0290"
            ecep:lem="love"
            ecep:pos="j-vvn"
            ecep:reg="loved"
            ecep:spe="lov'd"
            ecep:syllab="1"
            ecep:pron="ˈlʌvd">lov'd</w>
         <c> </c>
         <w xml:id="o5247-069020"
            n="63-a-0300"
            ecep:lem="form"
            ecep:pos="n1"
            ecep:reg="Form"
            ecep:spe="Form"
            ecep:syllab="1"
            ecep:pron="fɔːm">Form</w>
         <c> </c>
         <w xml:id="o5247-069030"
            n="63-a-0310"
            ecep:lem="detain"
            ecep:pos="vvi"
            ecep:reg="detain"
            ecep:spe="detain"
            ecep:syllab="2"
            ecep:pron="dɪˈteɪn">detain</w>
         <pc xml:id="o5247-069040"
             n="63-a-0320"
             ecep:lem=":"
             ecep:pos=":"
             ecep:reg=":"
             ecep:spe=":">:</pc>
      </l>
      <l xml:id="o5247-l03650">
         <c> </c>
         <w xml:id="o5247-069050"
            n="63-a-0330"
            ecep:lem="my"
            ecep:pos="po11"
            ecep:reg="My"
            ecep:spe="My"
            ecep:syllab="1"
            ecep:pron="maɪ">My</w>
         <c> </c>
         <w xml:id="o5247-069060"
            n="63-a-0340"
            ecep:lem="sigh"
            ecep:pos="n2"
            ecep:reg="Sighs"
            ecep:spe="Sighs"
            ecep:syllab="1"
            ecep:pron="saɪz">Sighs</w>
         <pc xml:id="o5247-069070"
             n="63-a-0350"
             ecep:lem=","
             ecep:pos=","
             ecep:reg=","
             ecep:spe=",">,</pc>
         <c> </c>
         <w xml:id="o5247-069080"
            n="63-a-0360"
            ecep:lem="my"
            ecep:pos="po11"
            ecep:reg="my"
            ecep:spe="my"
            ecep:syllab="1"
            ecep:pron="maɪ">my</w>
         <c> </c>
         <w xml:id="o5247-069090"
            n="63-a-0370"
            ecep:lem="tear"
            ecep:pos="n2"
            ecep:reg="Tears"
            ecep:spe="Tears"
            ecep:syllab="1"
            ecep:pron="tɪəz">Tears</w>
         <pc xml:id="o5247-069100"
             n="63-a-0380"
             ecep:lem=","
             ecep:pos=","
             ecep:reg=","
             ecep:spe=",">,</pc>
         <c> </c>
         <w xml:id="o5247-069110"
            n="63-a-0390"
            ecep:lem="my"
            ecep:pos="po11"
            ecep:reg="my"
            ecep:spe="my"
            ecep:syllab="1"
            ecep:pron="maɪ">my</w>
         <c> </c>
         <w xml:id="o5247-069120"
            n="63-a-0400"
            ecep:lem="wish"
            ecep:pos="n2"
            ecep:reg="Wishes"
            ecep:spe="Wishes"
            ecep:syllab="2"
            ecep:pron="wɪʃɪz">Wishes</w>
         <c> </c>
         <w xml:id="o5247-069130"
            n="63-a-0410"
            ecep:lem="be"
            ecep:pos="vbr"
            ecep:reg="are"
            ecep:spe="are"
            ecep:syllab="1"
            ecep:pron="ɑː">are</w>
         <c> </c>
         <w xml:id="o5247-069140"
            n="63-a-0420"
            ecep:lem="in"
            ecep:pos="p-acp"
            ecep:reg="in"
            ecep:spe="in"
            ecep:syllab="1"
            ecep:pron="ɪn">in</w>
         <c> </c>
         <w xml:id="o5247-069150"
            n="63-a-0430"
            ecep:lem="vain"
            ecep:pos="j"
            ecep:reg="vain"
            ecep:spe="vain"
            ecep:syllab="1"
            ecep:pron="veɪn">vain</w>
         <pc xml:id="o5247-069160"
             n="63-a-0440"
             unit="sentence"
             ecep:lem="."
             ecep:pos="."
             ecep:reg="."
             ecep:spe=".">.</pc>
         <c> </c>
      </l>
      <l xml:id="o5247-l03655">
         <w xml:id="o5247-069170"
            n="63-a-0450"
            ecep:lem="in"
            ecep:pos="p-acp"
            ecep:reg="In"
            ecep:spe="In"
            ecep:syllab="1"
            ecep:pron="ɪn">In</w>
         <c> </c>
         <w xml:id="o5247-069180"
            n="63-a-0460"
            ecep:lem="gentle"
            ecep:pos="j-jn"
            ecep:reg="gentle"
            ecep:spe="gentle"
            ecep:syllab="2"
            ecep:pron="ˈdʒentl">gentle</w>
         <c> </c>
         <w xml:id="o5247-069190"
            n="63-a-0470"
            ecep:lem="slumber"
            ecep:pos="n2"
            ecep:reg="Slumbers"
            ecep:spe="Slumbers"
            ecep:syllab="2"
            ecep:pron="ˈslʌmbəz">Slumbers</w>
         <pc xml:id="o5247-069200"
             n="63-a-0480"
             ecep:lem=","
             ecep:pos=","
             ecep:reg=","
             ecep:spe=",">,</pc>
         <c> </c>
         <hi>
            <w xml:id="o5247-069210"
               n="63-a-0490"
               ecep:lem="Morpheus"
               ecep:pos="np1"
               ecep:reg="Morpheus"
               ecep:spe="Morpheus"
               ecep:syllab="2"
               ecep:pron="ˈmɔːfiəs">Morpheus</w>
            <pc xml:id="o5247-069220"
                n="63-a-0500"
                ecep:lem=","
                ecep:pos=","
                ecep:reg=","
                ecep:spe=",">,</pc>
         </hi>
         <c> </c>
         <w xml:id="o5247-069230"
            n="63-a-0510"
            ecep:lem="close"
            ecep:pos="av-j"
            ecep:reg="close"
            ecep:spe="close"
            ecep:syllab="1"
            ecep:pron="kləʊz">close</w>
         <c> </c>
         <w xml:id="o5247-069240"
            n="63-a-0520"
            ecep:lem="my"
            ecep:pos="po11"
            ecep:reg="my"
            ecep:spe="my"
            ecep:syllab="1"
            ecep:pron="maɪ">my</w>
         <c> </c>
         <w xml:id="o5247-069250"
            n="63-a-0530"
            ecep:lem="eye"
            ecep:pos="n2"
            ecep:reg="Eyes"
            ecep:spe="Eyes"
            ecep:syllab="1"
            ecep:pron="aɪz">Eyes</w>
         <pc xml:id="o5247-069260"
             n="63-a-0540"
             ecep:lem=","
             ecep:pos=","
             ecep:reg=","
             ecep:spe=",">,</pc>
      </l>
      <l xml:id="o5247-l03660">
         <c> </c>
         <w xml:id="o5247-069270"
            n="63-a-0550"
            ecep:lem="and"
            ecep:pos="cc"
            ecep:reg="And"
            ecep:spe="And"
            ecep:syllab="1"
            ecep:pron="ænd">And</w>
         <c> </c>
         <w xml:id="o5247-069280"
            n="63-a-0560"
            ecep:lem="bid"
            ecep:pos="vvb"
            ecep:reg="bid"
            ecep:spe="bid"
            ecep:syllab="1"
            ecep:pron="bɪd">bid</w>
         <c> </c>
         <w xml:id="o5247-069290"
            n="63-a-0570"
            ecep:lem="once"
            ecep:pos="a-acp"
            ecep:reg="once"
            ecep:spe="once"
            ecep:syllab="1"
            ecep:pron="wʌns">once</w>
         <c> </c>
         <w xml:id="o5247-069300"
            n="63-a-0580"
            ecep:lem="more"
            ecep:pos="av-dc"
            ecep:reg="more"
            ecep:spe="more"
            ecep:syllab="1"
            ecep:pron="mɔː">more</w>
         <c> </c>
         <w xml:id="o5247-069310"
            n="63-a-0590"
            ecep:lem="the"
            ecep:pos="dt"
            ecep:reg="the"
            ecep:spe="the"
            ecep:syllab="1"
            ecep:pron="ðiː">the</w>
         <c> </c>
         <w xml:id="o5247-069320"
            n="63-a-0600"
            ecep:lem="lovely"
            ecep:pos="j"
            ecep:reg="lovely"
            ecep:spe="lovely"
            ecep:syllab="2"
            ecep:pron="ˈlʌvli">lovely</w>
         <c> </c>
         <w xml:id="o5247-069330"
            n="63-a-0610"
            ecep:lem="phantom"
            ecep:pos="n1"
            ecep:reg="Phantom"
            ecep:spe="Phantom"
            ecep:syllab="2"
            ecep:pron="ˈfæntəm">Phantom</w>
         <c> </c>
         <w xml:id="o5247-069340"
            n="63-a-0620"
            ecep:lem="rise"
            ecep:pos="vvi"
            ecep:reg="rise"
            ecep:spe="rise"
            ecep:syllab="1"
            ecep:pron="raɪz">rise</w>
         <pc xml:id="o5247-069350"
             n="63-a-0630"
             unit="sentence"
             ecep:lem="."
             ecep:pos="."
             ecep:reg="."
             ecep:spe=".">.</pc>
         <c> </c>
      </l>
      <l xml:id="o5247-l03665">
         <w xml:id="o5247-069360"
            n="63-a-0640"
            ecep:lem="bid"
            ecep:pos="vvb"
            ecep:reg="Bid"
            ecep:spe="Bid"
            ecep:syllab="1"
            ecep:pron="bɪd">Bid</w>
         <c> </c>
         <w xml:id="o5247-069370"
            n="63-a-0650"
            ecep:lem="he"
            ecep:pos="pno31"
            ecep:reg="him"
            ecep:spe="him"
            ecep:syllab="1"
            ecep:pron="hɪm">him</w>
         <c> </c>
         <w xml:id="o5247-069380"
            n="63-a-0660"
            ecep:lem="in"
            ecep:pos="p-acp"
            ecep:reg="in"
            ecep:spe="in"
            ecep:syllab="1"
            ecep:pron="ɪn">in</w>
         <c> </c>
         <w xml:id="o5247-069390"
            n="63-a-0670"
            ecep:lem="all"
            ecep:pos="d"
            ecep:reg="all"
            ecep:spe="all"
            ecep:syllab="1"
            ecep:pron="ɔːl">all</w>
         <c> </c>
         <w xml:id="o5247-069400"
            n="63-a-0680"
            ecep:lem="those"
            ecep:pos="d"
            ecep:reg="those"
            ecep:spe="those"
            ecep:syllab="1"
            ecep:pron="ðəʊz">those</w>
         <c> </c>
         <w xml:id="o5247-069410"
            n="63-a-0690"
            ecep:lem="heavenly"
            ecep:pos="j"
            ecep:reg="heavenly"
            ecep:spe="heavenly"
            ecep:syllab="2"
            ecep:pron="ˈhevnli">heavenly</w>
         <c> </c>
         <w xml:id="o5247-069420"
            n="63-a-0700"
            ecep:lem="charm"
            ecep:pos="n2"
            ecep:reg="Charms"
            ecep:spe="Charms"
            ecep:syllab="1"
            ecep:pron="tʃɑːmz">Charms</w>
         <c> </c>
         <w xml:id="o5247-069430"
            n="63-a-0710"
            ecep:lem="appear"
            ecep:pos="vvi"
            ecep:reg="appear"
            ecep:spe="appear"
            ecep:syllab="2"
            ecep:pron="əˈpɪə">appear</w>
         <pc xml:id="o5247-069440"
             n="63-a-0720"
             ecep:lem=";"
             ecep:pos=";"
             ecep:reg=";"
             ecep:spe=";">;</pc>
      </l>
      <l xml:id="o5247-l03670">
         <c> </c>
         <w xml:id="o5247-069450"
            n="63-a-0730"
            ecep:lem="that"
            ecep:pos="d"
            ecep:reg="That"
            ecep:spe="That"
            ecep:syllab="1"
            ecep:pron="ðæt">That</w>
         <c> </c>
         <w xml:id="o5247-069460"
            n="63-a-0740"
            ecep:lem="melt"
            ecep:pos="j-vvg"
            ecep:reg="melting"
            ecep:spe="melting"
            ecep:syllab="2"
            ecep:pron="meltɪŋ">melting</w>
         <c> </c>
         <w xml:id="o5247-069470"
            n="63-a-0750"
            ecep:lem="softness"
            ecep:pos="n1"
            ecep:reg="Softness"
            ecep:spe="Softness"
            ecep:syllab="2"
            ecep:pron="sɒftnəs">Softness</w>
         <pc xml:id="o5247-069480"
             n="63-a-0760"
             ecep:lem=","
             ecep:pos=","
             ecep:reg=","
             ecep:spe=",">,</pc>
         <c> </c>
         <w xml:id="o5247-069490"
            n="63-a-0770"
            ecep:lem="that"
            ecep:pos="cst"
            ecep:reg="that"
            ecep:spe="that"
            ecep:syllab="1"
            ecep:pron="ðæt">that</w>
         <c> </c>
         <w xml:id="o5247-069500"
            n="63-a-0780"
            ecep:lem="engage"
            ecep:pos="vvg"
            ecep:reg="engaging"
            ecep:spe="engaging"
            ecep:syllab="3"
            ecep:pron="ɪnˈgeɪdʒɪŋ">engaging</w>
         <c> </c>
         <w xml:id="o5247-069510"
            n="63-a-0790"
            ecep:lem="air"
            ecep:pos="n1"
            ecep:reg="Air"
            ecep:spe="Air"
            ecep:syllab="1"
            ecep:pron="eə">Air</w>
         <pc xml:id="o5247-069520"
             n="63-a-0800"
             ecep:lem=","
             ecep:pos=","
             ecep:reg=","
             ecep:spe=",">,</pc>
      </l>
      <l xml:id="o5247-l03675">
         <c> </c>
         <w xml:id="o5247-069530"
            n="63-a-0810"
            ecep:lem="in"
            ecep:pos="p-acp"
            ecep:reg="In"
            ecep:spe="In"
            ecep:syllab="1"
            ecep:pron="ɪn">In</w>
         <c> </c>
         <w xml:id="o5247-069540"
            n="63-a-0820"
            ecep:lem="that"
            ecep:pos="cst"
            ecep:reg="that"
            ecep:spe="that"
            ecep:syllab="1"
            ecep:pron="ðæt">that</w>
         <c> </c>
         <w xml:id="o5247-069550"
            n="63-a-0830"
            ecep:lem="too"
            ecep:pos="av"
            ecep:reg="too"
            ecep:spe="too"
            ecep:syllab="1"
            ecep:pron="tuː">too</w>
         <c> </c>
         <w xml:id="o5247-069560"
            n="63-a-0840"
            ecep:lem="powerful"
            ecep:pos="j"
            ecep:reg="powerful"
            ecep:spe="powerful"
            ecep:syllab="3"
            ecep:pron="ˈpaʊəfl">powerful</w>
         <c> </c>
         <w xml:id="o5247-069570"
            n="63-a-0850"
            ecep:lem="sorrow"
            ecep:pos="n1"
            ecep:reg="Sorrow"
            ecep:spe="Sorrow"
            ecep:syllab="2"
            ecep:pron="ˈsɒrəʊ">Sorrow</w>
         <c> </c>
         <w xml:id="o5247-069580"
            n="63-a-0860"
            ecep:lem="let"
            ecep:pos="vvb"
            ecep:reg="let"
            ecep:spe="let"
            ecep:syllab="1"
            ecep:pron="let">let</w>
         <c> </c>
         <w xml:id="o5247-069590"
            n="63-a-0870"
            ecep:lem="he"
            ecep:pos="pno31"
            ecep:reg="him"
            ecep:spe="him"
            ecep:syllab="1"
            ecep:pron="hɪm">him</w>
         <c> </c>
         <w xml:id="o5247-069600"
            n="63-a-0880"
            ecep:lem="shine"
            ecep:pos="vvi"
            ecep:reg="shine"
            ecep:spe="shine"
            ecep:syllab="1"
            ecep:pron="ʃaɪn">shine</w>
         <pc xml:id="o5247-069610"
             n="63-a-0890"
             ecep:lem=","
             ecep:pos=","
             ecep:reg=","
             ecep:spe=",">,</pc>
      </l>
      <l xml:id="o5247-l03680">
         <c> </c>
         <w xml:id="o5247-069620"
            n="63-a-0900"
            ecep:lem="when"
            ecep:pos="c-crq"
            ecep:reg="When"
            ecep:spe="When"
            ecep:syllab="1"
            ecep:pron="wen">When</w>
         <c> </c>
         <w xml:id="o5247-069630"
            n="63-a-0910"
            ecep:lem="first"
            ecep:pos="ord"
            ecep:reg="first"
            ecep:spe="first"
            ecep:syllab="1"
            ecep:pron="ˈfɜːst">first</w>
         <c> </c>
         <w xml:id="o5247-069640"
            n="63-a-0920"
            ecep:lem="he"
            ecep:pos="pns31"
            ecep:reg="he"
            ecep:spe="he"
            ecep:syllab="1"
            ecep:pron="hiː">he</w>
         <c> </c>
         <w xml:id="o5247-069650"
            n="63-a-0930"
            ecep:lem="give"
            ecep:pos="vvd"
            ecep:reg="gave"
            ecep:spe="gave"
            ecep:syllab="1"
            ecep:pron="geɪv">gave</w>
         <c> </c>
         <w xml:id="o5247-069660"
            n="63-a-0940"
            ecep:lem="his"
            ecep:pos="po31"
            ecep:reg="his"
            ecep:spe="his"
            ecep:syllab="1"
            ecep:pron="hɪz">his</w>
         <c> </c>
         <w xml:id="o5247-069670"
            n="63-a-0950"
            ecep:lem="heart"
            ecep:pos="n1"
            ecep:reg="Heart"
            ecep:spe="Heart"
            ecep:syllab="1"
            ecep:pron="hɑːt">Heart</w>
         <c> </c>
         <w xml:id="o5247-069680"
            n="63-a-0960"
            ecep:lem="and"
            ecep:pos="cc"
            ecep:reg="and"
            ecep:spe="and"
            ecep:syllab="1"
            ecep:pron="ænd">and</w>
         <c> </c>
         <w xml:id="o5247-069690"
            n="63-a-0970"
            ecep:lem="conquer"
            ecep:pos="j-vvn"
            ecep:reg="conquered"
            ecep:spe="conquer'd"
            ecep:syllab="2"
            ecep:pron="ˈkɒŋkəd">conquer'd</w>
         <c> </c>
         <w xml:id="o5247-069700"
            n="63-a-0980"
            ecep:lem="mine"
            ecep:pos="n1"
            ecep:reg="mine"
            ecep:spe="mine"
            ecep:syllab="1"
            ecep:pron="maɪn">mine</w>
         <pc xml:id="o5247-069710"
             n="63-a-0990"
             unit="sentence"
             ecep:lem="."
             ecep:pos="."
             ecep:reg="."
             ecep:spe=".">.</pc>
         <c> </c>
      </l>
      <l xml:id="o5247-l03685">
         <w xml:id="o5247-069720"
            n="63-a-1000"
            ecep:lem="hence"
            ecep:pos="av"
            ecep:reg="Hence"
            ecep:spe="Hence"
            ecep:syllab="1"
            ecep:pron="hens">Hence</w>
         <c> </c>
         <w xml:id="o5247-069730"
            n="63-a-1010"
            ecep:lem="then"
            ecep:pos="av"
            ecep:reg="then"
            ecep:spe="then"
            ecep:syllab="1"
            ecep:pron="ðen">then</w>
         <pc xml:id="o5247-069740"
             n="63-a-1020"
             ecep:lem=","
             ecep:pos=","
             ecep:reg=","
             ecep:spe=",">,</pc>
         <c> </c>
         <w xml:id="o5247-069750"
            n="63-a-1030"
            ecep:lem="you"
            ecep:pos="pn22"
            ecep:reg="you"
            ecep:spe="ye"
            ecep:syllab="1"
            ecep:pron="jiː">ye</w>
         <c> </c>
         <w xml:id="o5247-069760"
            n="63-a-1040"
            ecep:lem="sorrow"
            ecep:pos="n2"
            ecep:reg="Sorrows"
            ecep:spe="Sorrows"
            ecep:syllab="2"
            ecep:pron="ˈsɒrəʊz">Sorrows</w>
         <pc xml:id="o5247-069770"
             n="63-a-1050"
             ecep:lem=","
             ecep:pos=","
             ecep:reg=","
             ecep:spe=",">,</pc>
         <c> </c>
         <w xml:id="o5247-069780"
            n="63-a-1060"
            ecep:lem="from"
            ecep:pos="p-acp"
            ecep:reg="from"
            ecep:spe="from"
            ecep:syllab="1"
            ecep:pron="frɒm">from</w>
         <c> </c>
         <w xml:id="o5247-069790"
            n="63-a-1070"
            ecep:lem="the"
            ecep:pos="dt"
            ecep:reg="the"
            ecep:spe="the"
            ecep:syllab="1"
            ecep:pron="ðiː">the</w>
         <c> </c>
         <w xml:id="o5247-069800"
            n="63-a-1080"
            ecep:lem="fancy"
            ecep:pos="j-vvn"
            ecep:reg="fancied"
            ecep:spe="fancied"
            ecep:syllab="2"
            ecep:pron="ˈfænsid">fancied</w>
         <c> </c>
         <w xml:id="o5247-069810"
            n="63-a-1090"
            ecep:lem="scene"
            ecep:pos="n1"
            ecep:reg="Scene"
            ecep:spe="Scene"
            ecep:syllab="1"
            ecep:pron="siːn">Scene</w>
         <pc xml:id="o5247-069820"
             n="63-a-1100"
             ecep:lem=","
             ecep:pos=","
             ecep:reg=","
             ecep:spe=",">,</pc>
      </l>
      <l xml:id="o5247-l03690">
         <c> </c>
         <w xml:id="o5247-069830"
            n="63-a-1110"
            ecep:lem="despair"
            ecep:pos="vvz"
            ecep:reg="Despairs"
            ecep:spe="Despairs"
            ecep:syllab="2"
            ecep:pron="dɪˈspeəz">Despairs</w>
         <pc xml:id="o5247-069840"
             n="63-a-1120"
             ecep:lem=","
             ecep:pos=","
             ecep:reg=","
             ecep:spe=",">,</pc>
         <c> </c>
         <w xml:id="o5247-069850"
            n="63-a-1130"
            ecep:lem="eternal"
            ecep:pos="j"
            ecep:reg="eternal"
            ecep:spe="eternal"
            ecep:syllab="3"
            ecep:pron="ɪˈtɜːnl">eternal</w>
         <c> </c>
         <w xml:id="o5247-069860"
            n="63-a-1140"
            ecep:lem="sigh"
            ecep:pos="n2"
            ecep:reg="Sighs"
            ecep:spe="Sighs"
            ecep:syllab="1"
            ecep:pron="saɪz">Sighs</w>
         <pc xml:id="o5247-069870"
             n="63-a-1150"
             ecep:lem=","
             ecep:pos=","
             ecep:reg=","
             ecep:spe=",">,</pc>
         <c> </c>
         <w xml:id="o5247-069880"
            n="63-a-1160"
            ecep:lem="and"
            ecep:pos="cc"
            ecep:reg="and"
            ecep:spe="and"
            ecep:syllab="1"
            ecep:pron="ænd">and</w>
         <c> </c>
         <w xml:id="o5247-069890"
            n="63-a-1170"
            ecep:lem="secret"
            ecep:pos="j-jn"
            ecep:reg="secret"
            ecep:spe="secret"
            ecep:syllab="2"
            ecep:pron="ˈsiːkrət">secret</w>
         <c> </c>
         <w xml:id="o5247-069900"
            n="63-a-1180"
            ecep:lem="pain"
            ecep:pos="n1"
            ecep:reg="Pain"
            ecep:spe="Pain"
            ecep:syllab="1"
            ecep:pron="peɪn">Pain</w>
         <pc xml:id="o5247-069910"
             n="63-a-1190"
             ecep:lem=","
             ecep:pos=","
             ecep:reg=","
             ecep:spe=",">,</pc>
      </l>
      <l xml:id="o5247-l03695">
         <c> </c>
         <w xml:id="o5247-069920"
            n="63-a-1200"
            ecep:lem="shall"
            ecep:pos="vmb"
            ecep:reg="Shall"
            ecep:spe="Shall"
            ecep:syllab="1"
            ecep:pron="ʃæl">Shall</w>
         <c> </c>
         <w xml:id="o5247-069930"
            n="63-a-1210"
            ecep:lem="wound"
            ecep:pos="vvi"
            ecep:reg="wound"
            ecep:spe="wound"
            ecep:syllab="1"
            ecep:pron="waʊnd">wound</w>
         <c> </c>
         <w xml:id="o5247-069940"
            n="63-a-1220"
            ecep:lem="no"
            ecep:pos="av-dx"
            ecep:reg="no"
            ecep:spe="no"
            ecep:syllab="1"
            ecep:pron="nəʊ">no</w>
         <c> </c>
         <w xml:id="o5247-069950"
            n="63-a-1230"
            ecep:lem="more"
            ecep:pos="av-dc"
            ecep:reg="more"
            ecep:spe="more"
            ecep:syllab="1"
            ecep:pron="mɔː">more</w>
         <pc xml:id="o5247-069960"
             n="63-a-1240"
             ecep:lem=","
             ecep:pos=","
             ecep:reg=","
             ecep:spe=",">,</pc>
         <c> </c>
         <w xml:id="o5247-069970"
            n="63-a-1250"
            ecep:lem="no"
            ecep:pos="av-dx"
            ecep:reg="no"
            ecep:spe="no"
            ecep:syllab="1"
            ecep:pron="nəʊ">no</w>
         <c> </c>
         <w xml:id="o5247-069980"
            n="63-a-1260"
            ecep:lem="think"
            ecep:pos="vvd"
            ecep:reg="Thought"
            ecep:spe="Thought"
            ecep:syllab="1"
            ecep:pron="θɔːt">Thought</w>
         <c> </c>
         <w xml:id="o5247-069990"
            n="63-a-1270"
            ecep:lem="my"
            ecep:pos="po11"
            ecep:reg="my"
            ecep:spe="my"
            ecep:syllab="1"
            ecep:pron="maɪ">my</w>
         <c> </c>
         <w xml:id="o5247-070000"
            n="63-a-1280"
            ecep:lem="bliss"
            ecep:pos="n1"
            ecep:reg="Bliss"
            ecep:spe="Bliss"
            ecep:syllab="1"
            ecep:pron="blɪs">Bliss</w>
         <c> </c>
         <w xml:id="o5247-070010"
            n="63-a-1290"
            ecep:lem="destroy"
            ecep:pos="vvi"
            ecep:reg="destroy"
            ecep:spe="destroy"
            ecep:syllab="2"
            ecep:pron="dɪˈstrɔɪ">destroy</w>
         <pc xml:id="o5247-070020"
             n="63-a-1300"
             ecep:lem=";"
             ecep:pos=";"
             ecep:reg=";"
             ecep:spe=";">;</pc>
      </l>
      <l xml:id="o5247-l03700">
         <c> </c>
         <w xml:id="o5247-070030"
            n="63-a-1310"
            ecep:lem="no"
            ecep:pos="uh-x"
            ecep:reg="No"
            ecep:spe="No"
            ecep:syllab="1"
            ecep:pron="nəʊ">No</w>
         <c> </c>
         <w xml:id="o5247-070040"
            n="63-a-1320"
            ecep:lem="happy"
            ecep:pos="j"
            ecep:reg="happy"
            ecep:spe="happy"
            ecep:syllab="2"
            ecep:pron="ˈhæpi">happy</w>
         <c> </c>
         <w xml:id="o5247-070050"
            n="63-a-1330"
            ecep:lem="rival"
            ecep:pos="n1"
            ecep:reg="Rival"
            ecep:spe="Rival"
            ecep:syllab="2"
            ecep:pron="ˈraɪvl">Rival</w>
         <c> </c>
         <w xml:id="o5247-070060"
            n="63-a-1340"
            ecep:lem="interrupt"
            ecep:pos="vvi"
            ecep:reg="interrupt"
            ecep:spe="interrupt"
            ecep:syllab="3"
            ecep:pron="ˌɪntəˈrʌpt">interrupt</w>
         <c> </c>
         <w xml:id="o5247-070070"
            n="63-a-1350"
            ecep:lem="my"
            ecep:pos="po11"
            ecep:reg="my"
            ecep:spe="my"
            ecep:syllab="1"
            ecep:pron="maɪ">my</w>
         <c> </c>
         <w xml:id="o5247-070080"
            n="63-a-1360"
            ecep:lem="joy"
            ecep:pos="n1"
            ecep:reg="Joy"
            ecep:spe="Joy"
            ecep:syllab="1"
            ecep:pron="dʒɔɪ">Joy</w>
         <pc xml:id="o5247-070090"
             n="63-a-1370"
             ecep:lem=":"
             ecep:pos=":"
             ecep:reg=":"
             ecep:spe=":">:</pc>
      </l>
      <l xml:id="o5247-l03705">
         <c> </c>
         <w xml:id="o5247-070100"
            n="63-a-1380"
            ecep:lem="for"
            ecep:pos="p-acp"
            ecep:reg="For"
            ecep:spe="For"
            ecep:syllab="1"
            ecep:pron="fɔː">For</w>
         <c> </c>
         <w xml:id="o5247-070110"
            n="63-a-1390"
            ecep:lem="oh"
            ecep:pos="uh"
            ecep:reg="o"
            ecep:spe="oh"
            ecep:syllab="1"
            ecep:pron="əʊ">oh</w>
         <pc xml:id="o5247-070120"
             n="63-a-1400"
             ecep:lem="!"
             ecep:pos="!"
             ecep:reg="!"
             ecep:spe="!">!</pc>
         <c> </c>
         <w xml:id="o5247-070130"
            n="63-a-1410"
            ecep:lem="whatever"
            ecep:pos="q-crq"
            ecep:reg="whatever"
            ecep:spe="whate'er"
            ecep:syllab="2"
            ecep:pron="wɒtˈeə">whate'er</w>
         <c> </c>
         <w xml:id="o5247-070140"
            n="63-a-1420"
            ecep:lem="my"
            ecep:pos="po11"
            ecep:reg="my"
            ecep:spe="my"
            ecep:syllab="1"
            ecep:pron="maɪ">my</w>
         <c> </c>
         <w xml:id="o5247-070150"
            n="63-a-1430"
            ecep:lem="cruel"
            ecep:pos="j"
            ecep:reg="cruel"
            ecep:spe="cruel"
            ecep:syllab="2"
            ecep:pron="ˈkruːəl">cruel</w>
         <c> </c>
         <w xml:id="o5247-070160"
            n="63-a-1440"
            ecep:lem="fate"
            ecep:pos="n2"
            ecep:reg="Fates"
            ecep:spe="Fates"
            ecep:syllab="1"
            ecep:pron="feɪts">Fates</w>
         <c> </c>
         <w xml:id="o5247-070170"
            n="63-a-1450"
            ecep:lem="design"
            ecep:pos="vvb"
            ecep:reg="Design"
            ecep:spe="Design"
            ecep:syllab="2"
            ecep:pron="dɪˈzaɪn">Design</w>
         <pc xml:id="o5247-070180"
             n="63-a-1460"
             ecep:lem=","
             ecep:pos=","
             ecep:reg=","
             ecep:spe=",">,</pc>
      </l>
      <l xml:id="o5247-l03710">
         <c> </c>
         <w xml:id="o5247-070190"
            n="63-a-1470"
            ecep:lem="in"
            ecep:pos="p-acp"
            ecep:reg="In"
            ecep:spe="In"
            ecep:syllab="1"
            ecep:pron="ɪn">In</w>
         <c> </c>
         <w xml:id="o5247-070200"
            n="63-a-1480"
            ecep:lem="sleep"
            ecep:pos="n1"
            ecep:reg="Sleep"
            ecep:spe="Sleep"
            ecep:syllab="1"
            ecep:pron="sliːp">Sleep</w>
         <c> </c>
         <hi>
            <w xml:id="o5247-070210"
               n="63-a-1490"
               ecep:lem="Philander"
               ecep:pos="np1"
               ecep:reg="Philander"
               ecep:spe="Philander"
               ecep:syllab="3"
               ecep:pron="fɪˈlændə">Philander</w>
         </hi>
         <c> </c>
         <w xml:id="o5247-070220"
            n="63-a-1500"
            ecep:lem="can"
            ecep:pos="vmb"
            ecep:reg="can"
            ecep:spe="can"
            ecep:syllab="1"
            ecep:pron="kæn">can</w>
         <c> </c>
         <w xml:id="o5247-070230"
            n="63-a-1510"
            ecep:lem="be"
            ecep:pos="vbi"
            ecep:reg="be"
            ecep:spe="be"
            ecep:syllab="1"
            ecep:pron="biː">be</w>
         <c> </c>
         <w xml:id="o5247-070240"
            n="63-a-1520"
            ecep:lem="only"
            ecep:pos="av-j"
            ecep:reg="only"
            ecep:spe="only"
            ecep:syllab="2"
            ecep:pron="ˈəʊnli">only</w>
         <c> </c>
         <w xml:id="o5247-070250"
            n="63-a-1530"
            ecep:lem="i"
            ecep:pos="png11"
            ecep:reg="mine"
            ecep:spe="mine"
            ecep:syllab="1"
            ecep:pron="maɪn">mine</w>
         <pc xml:id="o5247-070260"
             n="63-a-1540"
             unit="sentence"
             ecep:lem="."
             ecep:pos="."
             ecep:reg="."
             ecep:spe=".">.</pc>
         <c> </c>
      </l>
   </lg>
</div>
