<?xml version="1.0" encoding="UTF-8"?>
<?xml-model href="../tei_all.rnc" type="application/relax-ng-compact-syntax"?>
<TEI xmlns="http://www.tei-c.org/ns/1.0">
   <teiHeader>
      <fileDesc>
         <titleStmt>
            <title corresp="#txt_HoadJo1711_w0007">VERSES said to be fixed on the Gate of the LOUVRE at PARIS. 1751.</title>
            <author corresp="authors.xml#aut_HoadJo1711">John Hoadly</author>
            <respStmt>
               <name xml:id="AH">Alexander Huber</name>
               <resp>Editor</resp>
            </respStmt>
            <funder>
               <name type="institution" xml:id="BOD">Bodleian Libraries, University of Oxford</name>
               <address>
                  <addrLine>Broad Street</addrLine>
                  <addrLine>Oxford OX1 3BG</addrLine>
                  <addrLine>UK</addrLine>
               </address>
            </funder>
         </titleStmt>
         <publicationStmt>
            <publisher xml:id="ECPA">Eighteenth-Century Poetry Archive</publisher>
            <address>
               <addrLine>Taylor Institution Library</addrLine>
               <addrLine>St Giles'</addrLine>
               <addrLine>Oxford OX1 3NA</addrLine>
               <addrLine>UK</addrLine>
               <addrLine>
                  <email>info@eighteenthcenturypoetry.org</email>
               </addrLine>
               <addrLine>
                  <ref target="https://www.eighteenthcenturypoetry.org/">https://www.eighteenthcenturypoetry.org/</ref>
               </addrLine>
            </address>
            <pubPlace>Oxford</pubPlace>
            <availability status="restricted">
               <licence target="http://creativecommons.org/licenses/by-sa/3.0/">This work is licensed under a Creative Commons Attribution-ShareAlike 3.0 Unported License.</licence>
            </availability>
            <idno type="ESTC">T131163</idno>
            <idno type="TCP">K104099.005</idno>
         </publicationStmt>
         <sourceDesc>
            <bibl>
               <author>Dodsley, Robert, 1703-1764.</author>
               <title>A Collection of Poems in Six Volumes. By Several Hands. Vol. V.</title>
               <pubPlace>London</pubPlace>
               <publisher>printed by J. Hughs, for R. and J. Dodsley</publisher>
               <date>1763 [1st ed. 1758]</date>
               <biblScope>p. 279.</biblScope>
               <extent>6v.: music; 8⁰.</extent>
            </bibl>
         </sourceDesc>
      </fileDesc>
      <encodingDesc>
         <projectDesc>
            <p>This e-text is part of the Works section of the Eighteenth-Century Poetry Archive (ECPA).</p>
            <p>XML created for the Eighteenth-Century Poetry Archive (ECPA).</p>
         </projectDesc>
         <editorialDecl>
            <p>The text has been typographically modernized, but without any silent modernization of
						spelling, capitalization, or punctuation. The source of the text is given and all editorial interventions
						have been recorded in textual notes. Based on the electronic text originally produced by the TCP project, this  text has been edited to conform to the recommendations found in Level 5 of the
						Best Practices for TEI in Libraries version 4.0.0.
					</p>
         </editorialDecl>
         <classDecl>
            <taxonomy xml:id="LCNAF">
               <bibl>Library of Congress Name Authority File (<abbr>LCNAF</abbr>)</bibl>
            </taxonomy>
         </classDecl>
         <tagsDecl>
            <rendition n="linegroups indented" xml:id="lgindent" scheme="css">text-indent: 1em;</rendition>
            <rendition n="linegroups vertically spaced" xml:id="lgvspace" scheme="css">margin-bottom: 1em;</rendition>
            <rendition n="aligned centrally" xml:id="align-center" scheme="css">text-align: center;</rendition>
            <rendition n="aligned right" xml:id="align-right" scheme="css">text-align: right;</rendition>
            <rendition n="aligned left" xml:id="align-left" scheme="css">text-align: left;</rendition>
            <rendition n="inline" xml:id="inline" scheme="css">display: inline</rendition>
            <rendition n="italic" xml:id="i" scheme="css">font-style: italic;</rendition>
            <rendition n="bold" xml:id="b" scheme="css">font-weight: bold;</rendition>
         </tagsDecl>
      </encodingDesc>
   </teiHeader>
   <text>
      <body>
         <div xmlns:ecep="http://www.eighteenthcenturypoetry.org/ns"
              ana="#iamb #pentameter #sestet #imitation #translation #paraphrase #pair"
              ecep:syllab="10"
              met="-+|-+|-+|-+|-+/"
              rhyme="aa"
              corresp="#txt_HoadJo1711_w0007"
              rendition="#lgvspace"
              subtype="eceptext"
              type="poem"
              xml:id="o5156-w0930"
              decls="#semi-normalized">
            <link target="authors.xml#aut_HoadJo1711" type="author"/>
            <head type="main">
               <w xmlns:ecep="http://www.eighteenthcenturypoetry.org/ns"
                  xml:id="o5156-590290"
                  n="281-a-0010"
                  ecep:lem="verse"
                  ecep:pos="n2"
                  ecep:reg="VERSES"
                  ecep:spe="VERSES"
                  ecep:syllab="2"
                  ecep:pron="vɜːsɪz">VERSES</w>
               <c> </c>
               <w xmlns:ecep="http://www.eighteenthcenturypoetry.org/ns"
                  xml:id="o5156-590300"
                  n="281-a-0020"
                  ecep:lem="say"
                  ecep:pos="vvd"
                  ecep:reg="said"
                  ecep:spe="said"
                  ecep:syllab="1"
                  ecep:pron="sed">said</w>
               <c> </c>
               <w xmlns:ecep="http://www.eighteenthcenturypoetry.org/ns"
                  xml:id="o5156-590310"
                  n="281-a-0030"
                  ecep:lem="to"
                  ecep:pos="pc-acp"
                  ecep:reg="to"
                  ecep:spe="to"
                  ecep:syllab="1"
                  ecep:pron="tuː">to</w>
               <c> </c>
               <w xmlns:ecep="http://www.eighteenthcenturypoetry.org/ns"
                  xml:id="o5156-590320"
                  n="281-a-0040"
                  ecep:lem="be"
                  ecep:pos="vbi"
                  ecep:reg="be"
                  ecep:spe="be"
                  ecep:syllab="1"
                  ecep:pron="biː">be</w>
               <c> </c>
               <w xmlns:ecep="http://www.eighteenthcenturypoetry.org/ns"
                  xml:id="o5156-590330"
                  n="281-a-0050"
                  ecep:lem="fix"
                  ecep:pos="vvn"
                  ecep:reg="fixed"
                  ecep:spe="fixed"
                  ecep:syllab="1"
                  ecep:pron="fɪkst">fixed</w>
               <c> </c>
               <w xmlns:ecep="http://www.eighteenthcenturypoetry.org/ns"
                  xml:id="o5156-590340"
                  n="281-a-0060"
                  ecep:lem="on"
                  ecep:pos="p-acp"
                  ecep:reg="on"
                  ecep:spe="on"
                  ecep:syllab="1"
                  ecep:pron="ɒn">on</w>
               <c> </c>
               <w xmlns:ecep="http://www.eighteenthcenturypoetry.org/ns"
                  xml:id="o5156-590350"
                  n="281-a-0070"
                  ecep:lem="the"
                  ecep:pos="dt"
                  ecep:reg="the"
                  ecep:spe="the"
                  ecep:syllab="1"
                  ecep:pron="ðiː">the</w>
               <c> </c>
               <w xmlns:ecep="http://www.eighteenthcenturypoetry.org/ns"
                  xml:id="o5156-590360"
                  n="281-a-0080"
                  ecep:lem="gate"
                  ecep:pos="n1"
                  ecep:reg="Gate"
                  ecep:spe="Gate"
                  ecep:syllab="1"
                  ecep:pron="geɪt">Gate</w>
               <c> </c>
               <w xmlns:ecep="http://www.eighteenthcenturypoetry.org/ns"
                  xml:id="o5156-590370"
                  n="281-a-0090"
                  ecep:lem="of"
                  ecep:pos="pp-f"
                  ecep:reg="of"
                  ecep:spe="of"
                  ecep:syllab="1"
                  ecep:pron="ɒv">of</w>
               <c> </c>
               <w xmlns:ecep="http://www.eighteenthcenturypoetry.org/ns"
                  xml:id="o5156-590380"
                  n="281-a-0100"
                  ecep:lem="the"
                  ecep:pos="dt"
                  ecep:reg="the"
                  ecep:spe="the"
                  ecep:syllab="1"
                  ecep:pron="ðiː">the</w>
               <c> </c>
               <w xmlns:ecep="http://www.eighteenthcenturypoetry.org/ns"
                  xml:id="o5156-590390"
                  n="281-a-0110"
                  ecep:lem="louvre"
                  ecep:pos="np1"
                  ecep:reg="LOUVRE"
                  ecep:spe="LOUVRE"
                  ecep:syllab="2"
                  ecep:pron="ˈluːvə">LOUVRE</w>
               <c> </c>
               <w xmlns:ecep="http://www.eighteenthcenturypoetry.org/ns"
                  xml:id="o5156-590400"
                  n="281-a-0120"
                  ecep:lem="at"
                  ecep:pos="p-acp"
                  ecep:reg="at"
                  ecep:spe="at"
                  ecep:syllab="1"
                  ecep:pron="æt">at</w>
               <c> </c>
               <w xmlns:ecep="http://www.eighteenthcenturypoetry.org/ns"
                  xml:id="o5156-590410"
                  n="281-a-0130"
                  ecep:lem="Paris"
                  ecep:pos="np1"
                  ecep:reg="PARIS"
                  ecep:spe="PARIS"
                  ecep:syllab="2"
                  ecep:pron="ˈpærɪs">PARIS</w>
               <pc xmlns:ecep="http://www.eighteenthcenturypoetry.org/ns"
                   xml:id="o5156-590420"
                   n="281-a-0140"
                   unit="sentence"
                   ecep:lem="."
                   ecep:pos="."
                   ecep:reg="."
                   ecep:spe=".">.</pc>
            </head>
            <head type="sub">
               <w xmlns:ecep="http://www.eighteenthcenturypoetry.org/ns"
                  xml:id="o5156-590450"
                  n="281-a-0150"
                  ecep:lem="1751."
                  ecep:pos="crd"
                  ecep:reg="1751."
                  ecep:spe="1751."
                  ecep:syllab="1"
                  ecep:pron="wˈɒnθˈaʊzəndsˈevənhˈʌndrədənfˈɪftiwˈɒn">1751.</w>
               <pc unit="sentence" xml:id="o5156-590450-eos" n="281-a-0160"/>
            </head>
            <l xml:id="o5156-l33400">
               <w xmlns:ecep="http://www.eighteenthcenturypoetry.org/ns"
                  xml:id="o5156-590480"
                  n="281-a-0170"
                  ecep:lem="deux"
                  ecep:pos="fw-fr"
                  ecep:reg="DEUX"
                  ecep:spe="DEUX"
                  ecep:syllab="1"
                  ecep:pron="ˈdɜː">DEUX</w>
               <c> </c>
               <w xmlns:ecep="http://www.eighteenthcenturypoetry.org/ns"
                  xml:id="o5156-590490"
                  n="281-a-0180"
                  ecep:lem="henris"
                  ecep:pos="fw-fr"
                  ecep:reg="Henris"
                  ecep:spe="Henris"
                  ecep:syllab="2"
                  ecep:pron="hˈenrɪs">Henris</w>
               <c> </c>
               <w xmlns:ecep="http://www.eighteenthcenturypoetry.org/ns"
                  xml:id="o5156-590500"
                  n="281-a-0190"
                  ecep:lem="immolés"
                  ecep:pos="fw-fr"
                  ecep:reg="immolés"
                  ecep:spe="immolés"
                  ecep:syllab="2"
                  ecep:pron="ɪməlˈeɪz">immolés</w>
               <c> </c>
               <w xmlns:ecep="http://www.eighteenthcenturypoetry.org/ns"
                  xml:id="o5156-590510"
                  n="281-a-0200"
                  ecep:lem="par"
                  ecep:pos="fw-fr"
                  ecep:reg="par"
                  ecep:spe="par"
                  ecep:syllab="1"
                  ecep:pron="pɑː">par</w>
               <c> </c>
               <w xmlns:ecep="http://www.eighteenthcenturypoetry.org/ns"
                  xml:id="o5156-590520"
                  n="281-a-0210"
                  ecep:lem="nos"
                  ecep:pos="fw-la"
                  ecep:reg="nos"
                  ecep:spe="nos"
                  ecep:syllab="1"
                  ecep:pron="ˈnʌmbəz">nos</w>
               <c> </c>
               <w xmlns:ecep="http://www.eighteenthcenturypoetry.org/ns"
                  xml:id="o5156-590530"
                  n="281-a-0220"
                  ecep:lem="brave"
                  ecep:pos="n2-j"
                  ecep:reg="braves"
                  ecep:spe="braves"
                  ecep:syllab="1"
                  ecep:pron="breɪvz">braves</w>
               <c> </c>
               <w xmlns:ecep="http://www.eighteenthcenturypoetry.org/ns"
                  xml:id="o5156-590540"
                  n="281-a-0230"
                  ecep:lem="ayeux"
                  ecep:pos="fw-fr"
                  ecep:reg="ayeux"
                  ecep:spe="ayeux"
                  ecep:syllab="1"
                  ecep:pron="ˈaɪjuː">ayeux</w>
               <pc xmlns:ecep="http://www.eighteenthcenturypoetry.org/ns"
                   xml:id="o5156-590550"
                   n="281-a-0240"
                   ecep:lem=","
                   ecep:pos=","
                   ecep:reg=","
                   ecep:spe=",">,</pc>
            </l>
            <l xml:id="o5156-l33405">
               <w xmlns:ecep="http://www.eighteenthcenturypoetry.org/ns"
                  xml:id="o5156-590560"
                  n="281-a-0250"
                  ecep:lem="l'un"
                  ecep:pos="fw-fr"
                  ecep:reg="L'un"
                  ecep:spe="L'un"
                  ecep:syllab="1"
                  ecep:pron="ˈelˈʌn">L'un</w>
               <c> </c>
               <w xmlns:ecep="http://www.eighteenthcenturypoetry.org/ns"
                  xml:id="o5156-590570"
                  n="281-a-0260"
                  ecep:lem="a"
                  ecep:pos="dt"
                  ecep:reg="a"
                  ecep:spe="a"
                  ecep:syllab="1"
                  ecep:pron="ə">a</w>
               <c> </c>
               <w xmlns:ecep="http://www.eighteenthcenturypoetry.org/ns"
                  xml:id="o5156-590580"
                  n="281-a-0270"
                  ecep:lem="la"
                  ecep:pos="fw-fr"
                  ecep:reg="la"
                  ecep:spe="la"
                  ecep:syllab="1"
                  ecep:pron="lɑː">la</w>
               <c> </c>
               <w xmlns:ecep="http://www.eighteenthcenturypoetry.org/ns"
                  xml:id="o5156-590590"
                  n="281-a-0280"
                  ecep:lem="liberté"
                  ecep:pos="fw-fr"
                  ecep:reg="liberté"
                  ecep:spe="liberté"
                  ecep:syllab="2"
                  ecep:pron="lˌɪbətˈeɪ">liberté</w>
               <pc xmlns:ecep="http://www.eighteenthcenturypoetry.org/ns"
                   xml:id="o5156-590600"
                   n="281-a-0290"
                   ecep:lem=","
                   ecep:pos=","
                   ecep:reg=","
                   ecep:spe=",">,</pc>
               <c> </c>
               <w xmlns:ecep="http://www.eighteenthcenturypoetry.org/ns"
                  xml:id="o5156-590610"
                  n="281-a-0300"
                  ecep:lem="et"
                  ecep:pos="fw-fr"
                  ecep:reg="aet"
                  ecep:spe="et"
                  ecep:syllab="1"
                  ecep:pron="et">et</w>
               <c> </c>
               <w xmlns:ecep="http://www.eighteenthcenturypoetry.org/ns"
                  xml:id="o5156-590620"
                  n="281-a-0310"
                  ecep:lem="Bourbon"
                  ecep:pos="np1"
                  ecep:reg="Bourbon"
                  ecep:spe="Bourbon"
                  ecep:syllab="2"
                  ecep:pron="ˈbɜːbən">Bourbon</w>
               <c> </c>
               <w xmlns:ecep="http://www.eighteenthcenturypoetry.org/ns"
                  xml:id="o5156-590630"
                  n="281-a-0320"
                  ecep:lem="à"
                  ecep:pos="fw-fr"
                  ecep:reg="à"
                  ecep:spe="à"
                  ecep:syllab="1"
                  ecep:pron="æ">à</w>
               <c> </c>
               <w xmlns:ecep="http://www.eighteenthcenturypoetry.org/ns"
                  xml:id="o5156-590640"
                  n="281-a-0330"
                  ecep:lem="nos"
                  ecep:pos="fw-la"
                  ecep:reg="nos"
                  ecep:spe="nos"
                  ecep:syllab="1"
                  ecep:pron="ˈnʌmbəz">nos</w>
               <c> </c>
               <w xmlns:ecep="http://www.eighteenthcenturypoetry.org/ns"
                  xml:id="o5156-590650"
                  n="281-a-0340"
                  ecep:lem="dieux"
                  ecep:pos="fw-fr"
                  ecep:reg="Dieux"
                  ecep:spe="Dieux"
                  ecep:syllab="2"
                  ecep:pron="ˈdjɜː">Dieux</w>
               <pc xmlns:ecep="http://www.eighteenthcenturypoetry.org/ns"
                   xml:id="o5156-590660"
                   n="281-a-0350"
                   ecep:lem=","
                   ecep:pos=","
                   ecep:reg=","
                   ecep:spe=",">,</pc>
            </l>
            <l xml:id="o5156-l33410">
               <w xmlns:ecep="http://www.eighteenthcenturypoetry.org/ns"
                  xml:id="o5156-590670"
                  n="281-a-0360"
                  ecep:lem="nous"
                  ecep:pos="fw-fr"
                  ecep:reg="Nous"
                  ecep:spe="Nous"
                  ecep:syllab="1"
                  ecep:pron="naʊs">Nous</w>
               <c> </c>
               <w xmlns:ecep="http://www.eighteenthcenturypoetry.org/ns"
                  xml:id="o5156-590680"
                  n="281-a-0370"
                  ecep:lem="animent"
                  ecep:pos="fw-mi"
                  ecep:reg="animent"
                  ecep:spe="animent"
                  ecep:syllab="3"
                  ecep:pron="ˈænɪmənt">animent</w>
               <pc xmlns:ecep="http://www.eighteenthcenturypoetry.org/ns"
                   xml:id="o5156-590690"
                   n="281-a-0380"
                   ecep:lem=","
                   ecep:pos=","
                   ecep:reg=","
                   ecep:spe=",">,</pc>
               <c> </c>
               <w xmlns:ecep="http://www.eighteenthcenturypoetry.org/ns"
                  xml:id="o5156-590700"
                  n="281-a-0390"
                  ecep:lem="louis"
                  ecep:pos="n1"
                  ecep:reg="Louis"
                  ecep:spe="Louis"
                  ecep:syllab="2"
                  ecep:pron="ˈluːɪ">Louis</w>
               <pc xmlns:ecep="http://www.eighteenthcenturypoetry.org/ns"
                   xml:id="o5156-590710"
                   n="281-a-0400"
                   ecep:lem=","
                   ecep:pos=","
                   ecep:reg=","
                   ecep:spe=",">,</pc>
               <c> </c>
               <w xmlns:ecep="http://www.eighteenthcenturypoetry.org/ns"
                  xml:id="o5156-590720"
                  n="281-a-0410"
                  ecep:lem="aux"
                  ecep:pos="fw-fr"
                  ecep:reg="aux"
                  ecep:spe="aux"
                  ecep:syllab="1"
                  ecep:pron="ˈəʊ">aux</w>
               <c> </c>
               <w xmlns:ecep="http://www.eighteenthcenturypoetry.org/ns"
                  xml:id="o5156-590730"
                  n="281-a-0420"
                  ecep:lem="mêmes"
                  ecep:pos="fw-fr"
                  ecep:reg="mêmes"
                  ecep:spe="mêmes"
                  ecep:syllab="1"
                  ecep:pron="mˈeːmz">mêmes</w>
               <c> </c>
               <w xmlns:ecep="http://www.eighteenthcenturypoetry.org/ns"
                  xml:id="o5156-590740"
                  n="281-a-0430"
                  ecep:lem="enterprise"
                  ecep:pos="n2"
                  ecep:reg="enterprises"
                  ecep:spe="enterprises"
                  ecep:syllab="4"
                  ecep:pron="ˈentəpraɪzɪz">enterprises</w>
               <pc xmlns:ecep="http://www.eighteenthcenturypoetry.org/ns"
                   xml:id="o5156-590750"
                   n="281-a-0440"
                   unit="sentence"
                   ecep:lem="."
                   ecep:pos="."
                   ecep:reg="."
                   ecep:spe=".">.</pc>
            </l>
            <l xml:id="o5156-l33415">
               <w xmlns:ecep="http://www.eighteenthcenturypoetry.org/ns"
                  xml:id="o5156-590760"
                  n="281-a-0450"
                  ecep:lem="ils"
                  ecep:pos="fw-fr"
                  ecep:reg="Ils"
                  ecep:spe="Ils"
                  ecep:syllab="1"
                  ecep:pron="ˈɪlz">Ils</w>
               <c> </c>
               <w xmlns:ecep="http://www.eighteenthcenturypoetry.org/ns"
                  xml:id="o5156-590770"
                  n="281-a-0460"
                  ecep:lem="revivent"
                  ecep:pos="fw-fr"
                  ecep:reg="revivent"
                  ecep:spe="revivent"
                  ecep:syllab="3"
                  ecep:pron="rɪvˈaɪvənt">revivent</w>
               <c> </c>
               <w xmlns:ecep="http://www.eighteenthcenturypoetry.org/ns"
                  xml:id="o5156-590780"
                  n="281-a-0470"
                  ecep:lem="en"
                  ecep:pos="fw-fr"
                  ecep:reg="en"
                  ecep:spe="en"
                  ecep:syllab="1"
                  ecep:pron="ɑː">en</w>
               <c> </c>
               <w xmlns:ecep="http://www.eighteenthcenturypoetry.org/ns"
                  xml:id="o5156-590790"
                  n="281-a-0480"
                  ecep:lem="toi"
                  ecep:pos="fw-fr"
                  ecep:reg="toi"
                  ecep:spe="toi"
                  ecep:syllab="1"
                  ecep:pron="tˈɔɪ">toi</w>
               <c> </c>
               <w xmlns:ecep="http://www.eighteenthcenturypoetry.org/ns"
                  xml:id="o5156-590800"
                  n="281-a-0490"
                  ecep:lem="ces"
                  ecep:pos="fw-fr"
                  ecep:reg="ces"
                  ecep:spe="ces"
                  ecep:syllab="1"
                  ecep:pron="sˈeɪz">ces</w>
               <c> </c>
               <w xmlns:ecep="http://www.eighteenthcenturypoetry.org/ns"
                  xml:id="o5156-590810"
                  n="281-a-0500"
                  ecep:lem="anciens"
                  ecep:pos="fw-fr"
                  ecep:reg="anciens"
                  ecep:spe="anciens"
                  ecep:syllab="2"
                  ecep:pron="ˈeɪnʃənz">anciens</w>
               <c> </c>
               <w xmlns:ecep="http://www.eighteenthcenturypoetry.org/ns"
                  xml:id="o5156-590820"
                  n="281-a-0510"
                  ecep:lem="tyrant"
                  ecep:pos="n2"
                  ecep:reg="tyrants"
                  ecep:spe="tyrans"
                  ecep:syllab="2"
                  ecep:pron="tˈaɪrənz">tyrans</w>
               <c> </c>
               <pc xmlns:ecep="http://www.eighteenthcenturypoetry.org/ns"
                   xml:id="o5156-590830"
                   n="281-a-0520"
                   ecep:lem="—"
                   ecep:pos="—"
                   ecep:reg="—"
                   ecep:spe="—">—</pc>
            </l>
            <l xml:id="o5156-l33420">
               <w xmlns:ecep="http://www.eighteenthcenturypoetry.org/ns"
                  xml:id="o5156-590840"
                  n="281-a-0530"
                  ecep:lem="crains"
                  ecep:pos="fw-fr"
                  ecep:reg="Crains"
                  ecep:spe="Crains"
                  ecep:syllab="1"
                  ecep:pron="krˈeɪnz">Crains</w>
               <c> </c>
               <w xmlns:ecep="http://www.eighteenthcenturypoetry.org/ns"
                  xml:id="o5156-590850"
                  n="281-a-0540"
                  ecep:lem="nôtre"
                  ecep:pos="fw-fr"
                  ecep:reg="nôtre"
                  ecep:spe="nôtre"
                  ecep:syllab="1"
                  ecep:pron="nˈɒtə">nôtre</w>
               <c> </c>
               <w xmlns:ecep="http://www.eighteenthcenturypoetry.org/ns"
                  xml:id="o5156-590860"
                  n="281-a-0550"
                  ecep:lem="desespoir"
                  ecep:pos="fw-fr"
                  ecep:reg="desespoir"
                  ecep:spe="desespoir"
                  ecep:syllab="3"
                  ecep:pron="dɪsˈespwɑː">desespoir</w>
               <c> </c>
               <pc xmlns:ecep="http://www.eighteenthcenturypoetry.org/ns"
                   xml:id="o5156-590870"
                   n="281-a-0560"
                   ecep:lem="—"
                   ecep:pos="—"
                   ecep:reg="—"
                   ecep:spe="—">—</pc>
               <c> </c>
               <w xmlns:ecep="http://www.eighteenthcenturypoetry.org/ns"
                  xml:id="o5156-590880"
                  n="281-a-0570"
                  ecep:lem="la"
                  ecep:pos="fw-fr"
                  ecep:reg="la"
                  ecep:spe="la"
                  ecep:syllab="1"
                  ecep:pron="lɑː">la</w>
               <c> </c>
               <w xmlns:ecep="http://www.eighteenthcenturypoetry.org/ns"
                  xml:id="o5156-590890"
                  n="281-a-0580"
                  ecep:lem="noblesse"
                  ecep:pos="n1"
                  ecep:reg="noblesse"
                  ecep:spe="noblesse"
                  ecep:syllab="2"
                  ecep:pron="nəʊˈbles">noblesse</w>
               <c> </c>
               <w xmlns:ecep="http://www.eighteenthcenturypoetry.org/ns"
                  xml:id="o5156-590900"
                  n="281-a-0590"
                  ecep:lem="a"
                  ecep:pos="dt"
                  ecep:reg="a"
                  ecep:spe="a"
                  ecep:syllab="1"
                  ecep:pron="ə">a</w>
               <c> </c>
               <w xmlns:ecep="http://www.eighteenthcenturypoetry.org/ns"
                  xml:id="o5156-590910"
                  n="281-a-0600"
                  ecep:lem="verse"
                  ecep:pos="n2"
                  ecep:reg="ses"
                  ecep:spe="ses"
                  ecep:syllab="1"
                  ecep:pron="sˈeɪz">ses</w>
               <c> </c>
               <hi>
                  <w xmlns:ecep="http://www.eighteenthcenturypoetry.org/ns"
                     xml:id="o5156-590920"
                     n="281-a-0610"
                     ecep:lem="guise"
                     ecep:pos="n2"
                     ecep:reg="Guises"
                     ecep:spe="Guises"
                     ecep:syllab="2"
                     ecep:pron="gaɪzɪz">Guises</w>
                  <pc xmlns:ecep="http://www.eighteenthcenturypoetry.org/ns"
                      xml:id="o5156-590930"
                      n="281-a-0620"
                      ecep:lem=","
                      ecep:pos=","
                      ecep:reg=","
                      ecep:spe=",">,</pc>
               </hi>
            </l>
            <l xml:id="o5156-l33425">
               <w xmlns:ecep="http://www.eighteenthcenturypoetry.org/ns"
                  xml:id="o5156-590940"
                  n="281-a-0630"
                  ecep:lem="Paris"
                  ecep:pos="np1"
                  ecep:reg="Paris"
                  ecep:spe="Paris"
                  ecep:syllab="2"
                  ecep:pron="ˈpærɪs">Paris</w>
               <c> </c>
               <w xmlns:ecep="http://www.eighteenthcenturypoetry.org/ns"
                  xml:id="o5156-590950"
                  n="281-a-0640"
                  ecep:lem="des"
                  ecep:pos="fw-fr"
                  ecep:reg="daes"
                  ecep:spe="des"
                  ecep:syllab="1"
                  ecep:pron="də">des</w>
               <c> </c>
               <w xmlns:ecep="http://www.eighteenthcenturypoetry.org/ns"
                  xml:id="o5156-590960"
                  n="281-a-0650"
                  ecep:lem="ravillac"
                  ecep:pos="np2"
                  ecep:reg="Ravillacs"
                  ecep:spe="Ravillacs"
                  ecep:syllab="3"
                  ecep:pron="rˈævɪlˌæks">Ravillacs</w>
               <pc xmlns:ecep="http://www.eighteenthcenturypoetry.org/ns"
                   xml:id="o5156-590970"
                   n="281-a-0660"
                   ecep:lem=","
                   ecep:pos=","
                   ecep:reg=","
                   ecep:spe=",">,</pc>
               <c> </c>
               <w xmlns:ecep="http://www.eighteenthcenturypoetry.org/ns"
                  xml:id="o5156-590980"
                  n="281-a-0670"
                  ecep:lem="le"
                  ecep:pos="uh"
                  ecep:reg="loe"
                  ecep:spe="le"
                  ecep:syllab="1"
                  ecep:pron="liː">le</w>
               <c> </c>
               <w xmlns:ecep="http://www.eighteenthcenturypoetry.org/ns"
                  xml:id="o5156-590990"
                  n="281-a-0680"
                  ecep:lem="clergé"
                  ecep:pos="n1"
                  ecep:reg="clergé"
                  ecep:spe="clergé"
                  ecep:syllab="1"
                  ecep:pron="klɜːgˈeɪ">clergé</w>
               <c> </c>
               <w xmlns:ecep="http://www.eighteenthcenturypoetry.org/ns"
                  xml:id="o5156-591000"
                  n="281-a-0690"
                  ecep:lem="des"
                  ecep:pos="fw-fr"
                  ecep:reg="daes"
                  ecep:spe="des"
                  ecep:syllab="1"
                  ecep:pron="də">des</w>
               <c> </c>
               <w xmlns:ecep="http://www.eighteenthcenturypoetry.org/ns"
                  xml:id="o5156-591010"
                  n="281-a-0700"
                  ecep:lem="Clements"
                  ecep:pos="np1"
                  ecep:reg="Clements"
                  ecep:spe="Clements"
                  ecep:syllab="2"
                  ecep:pron="ˈklemənts">Clements</w>
               <pc xmlns:ecep="http://www.eighteenthcenturypoetry.org/ns"
                   xml:id="o5156-591020"
                   n="281-a-0710"
                   unit="sentence"
                   ecep:lem="."
                   ecep:pos="."
                   ecep:reg="."
                   ecep:spe=".">.</pc>
            </l>
            <lg ana="#iamb #pentameter #sestet #imitation #translation #paraphrase #pair"
                ecep:syllab="10"
                met="-+|-+|-+|-+|-+/"
                rhyme="aabbcc"
                type="translation"
                subtype="ecep"
                xml:id="o5156-s03915">
               <link target="27745" type="DMI"/>
               <head type="sub">
                  <w xmlns:ecep="http://www.eighteenthcenturypoetry.org/ns"
                     xml:id="o5156-591080"
                     n="281-a-0720"
                     ecep:lem="english"
                     ecep:pos="jp"
                     ecep:reg="ENGLISH"
                     ecep:spe="ENGLISH"
                     ecep:syllab="2"
                     ecep:pron="ˈɪŋglɪʃ">ENGLISH</w>
                  <pc xmlns:ecep="http://www.eighteenthcenturypoetry.org/ns"
                      xml:id="o5156-591090"
                      n="281-a-0730"
                      unit="sentence"
                      ecep:lem="."
                      ecep:pos="."
                      ecep:reg="."
                      ecep:spe=".">.</pc>
               </head>
               <byline>
                  <w xmlns:ecep="http://www.eighteenthcenturypoetry.org/ns"
                     xml:id="o5156-591120"
                     n="281-a-0740"
                     ecep:lem="by"
                     ecep:pos="p-acp"
                     ecep:reg="By"
                     ecep:spe="By"
                     ecep:syllab="1"
                     ecep:pron="baɪ">By</w>
                  <c> </c>
                  <w xmlns:ecep="http://www.eighteenthcenturypoetry.org/ns"
                     xml:id="o5156-591130"
                     n="281-a-0750"
                     ecep:lem="the"
                     ecep:pos="dt"
                     ecep:reg="the"
                     ecep:spe="the"
                     ecep:syllab="1"
                     ecep:pron="ðiː">the</w>
                  <c> </c>
                  <w xmlns:ecep="http://www.eighteenthcenturypoetry.org/ns"
                     xml:id="o5156-591140"
                     n="281-a-0760"
                     ecep:lem="same"
                     ecep:pos="d"
                     ecep:reg="Same"
                     ecep:spe="Same"
                     ecep:syllab="1"
                     ecep:pron="seɪm">Same</w>
                  <pc xmlns:ecep="http://www.eighteenthcenturypoetry.org/ns"
                      xml:id="o5156-591150"
                      n="281-a-0770"
                      unit="sentence"
                      ecep:lem="."
                      ecep:pos="."
                      ecep:reg="."
                      ecep:spe=".">.</pc>
               </byline>
               <lg xml:id="o5156-s03920">
                  <l xml:id="o5156-l33430">
                     <w xmlns:ecep="http://www.eighteenthcenturypoetry.org/ns"
                        xml:id="o5156-591170"
                        n="281-a-0780"
                        ecep:lem="our"
                        ecep:pos="po12"
                        ecep:reg="OUR"
                        ecep:spe="OUR"
                        ecep:syllab="1"
                        ecep:pron="æə">OUR</w>
                     <c> </c>
                     <w xmlns:ecep="http://www.eighteenthcenturypoetry.org/ns"
                        xml:id="o5156-591180"
                        n="281-a-0790"
                        ecep:lem="father"
                        ecep:pos="ng2"
                        ecep:reg="fathers'"
                        ecep:spe="fathers'"
                        ecep:syllab="2"
                        ecep:pron="ˈfɑːðəz">fathers'</w>
                     <c> </c>
                     <w xmlns:ecep="http://www.eighteenthcenturypoetry.org/ns"
                        xml:id="o5156-591200"
                        n="281-a-0810"
                        ecep:lem="victim"
                        ecep:pos="n2"
                        ecep:reg="victims"
                        ecep:spe="victims"
                        ecep:syllab="2"
                        ecep:pron="ˈvɪktɪmz">victims</w>
                     <c> </c>
                     <w xmlns:ecep="http://www.eighteenthcenturypoetry.org/ns"
                        xml:id="o5156-591210"
                        n="281-a-0820"
                        ecep:lem="the"
                        ecep:pos="dt"
                        ecep:reg="the"
                        ecep:spe="the"
                        ecep:syllab="1"
                        ecep:pron="ðiː">the</w>
                     <c> </c>
                     <w xmlns:ecep="http://www.eighteenthcenturypoetry.org/ns"
                        xml:id="o5156-591220"
                        n="281-a-0830"
                        ecep:lem="two"
                        ecep:pos="crd"
                        ecep:reg="two"
                        ecep:spe="two"
                        ecep:syllab="1"
                        ecep:pron="tuː">two</w>
                     <c> </c>
                     <w xmlns:ecep="http://www.eighteenthcenturypoetry.org/ns"
                        xml:id="o5156-591230"
                        n="281-a-0840"
                        ecep:lem="Henries"
                        ecep:pos="np1"
                        ecep:reg="Henries"
                        ecep:spe="Henries"
                        ecep:syllab="2"
                        ecep:pron="ˈhenriz">Henries</w>
                     <c> </c>
                     <w xmlns:ecep="http://www.eighteenthcenturypoetry.org/ns"
                        xml:id="o5156-591240"
                        n="281-a-0850"
                        ecep:lem="see"
                        ecep:pos="vvi"
                        ecep:reg="see"
                        ecep:spe="see"
                        ecep:syllab="1"
                        ecep:pron="siː">see</w>
                     <pc xmlns:ecep="http://www.eighteenthcenturypoetry.org/ns"
                         xml:id="o5156-591250"
                         n="281-a-0860"
                         ecep:lem=","
                         ecep:pos=","
                         ecep:reg=","
                         ecep:spe=",">,</pc>
                  </l>
                  <l xml:id="o5156-l33435">
                     <w xmlns:ecep="http://www.eighteenthcenturypoetry.org/ns"
                        xml:id="o5156-591260"
                        n="281-a-0870"
                        ecep:lem="this"
                        ecep:pos="d"
                        ecep:reg="This"
                        ecep:spe="This"
                        ecep:syllab="1"
                        ecep:pron="ðɪs">This</w>
                     <c> </c>
                     <w xmlns:ecep="http://www.eighteenthcenturypoetry.org/ns"
                        xml:id="o5156-591270"
                        n="281-a-0880"
                        ecep:lem="to"
                        ecep:pos="p-acp"
                        ecep:reg="to"
                        ecep:spe="to"
                        ecep:syllab="1"
                        ecep:pron="tuː">to</w>
                     <c> </c>
                     <hi>
                        <w xmlns:ecep="http://www.eighteenthcenturypoetry.org/ns"
                           xml:id="o5156-591280"
                           n="281-a-0890"
                           ecep:lem="religion"
                           ecep:pos="n1"
                           ecep:reg="religion"
                           ecep:spe="religion"
                           ecep:syllab="3"
                           ecep:pron="rɪˈlɪdʒn">religion</w>
                        <pc xmlns:ecep="http://www.eighteenthcenturypoetry.org/ns"
                            xml:id="o5156-591290"
                            n="281-a-0900"
                            ecep:lem=","
                            ecep:pos=","
                            ecep:reg=","
                            ecep:spe=",">,</pc>
                     </hi>
                     <c> </c>
                     <w xmlns:ecep="http://www.eighteenthcenturypoetry.org/ns"
                        xml:id="o5156-591300"
                        n="281-a-0910"
                        ecep:lem="that"
                        ecep:pos="cst"
                        ecep:reg="that"
                        ecep:spe="that"
                        ecep:syllab="1"
                        ecep:pron="ðæt">that</w>
                     <c> </c>
                     <w xmlns:ecep="http://www.eighteenthcenturypoetry.org/ns"
                        xml:id="o5156-591310"
                        n="281-a-0920"
                        ecep:lem="to"
                        ecep:pos="p-acp"
                        ecep:reg="to"
                        ecep:spe="to"
                        ecep:syllab="1"
                        ecep:pron="tuː">to</w>
                     <c> </c>
                     <hi>
                        <w xmlns:ecep="http://www.eighteenthcenturypoetry.org/ns"
                           xml:id="o5156-591320"
                           n="281-a-0930"
                           ecep:lem="liberty"
                           ecep:pos="n1"
                           ecep:reg="liberty"
                           ecep:spe="liberty"
                           ecep:syllab="3"
                           ecep:pron="ˈlɪbəti">liberty</w>
                        <pc xmlns:ecep="http://www.eighteenthcenturypoetry.org/ns"
                            xml:id="o5156-591330"
                            n="281-a-0940"
                            unit="sentence"
                            ecep:lem="."
                            ecep:pos="."
                            ecep:reg="."
                            ecep:spe=".">.</pc>
                        <c> </c>
                     </hi>
                  </l>
                  <l xml:id="o5156-l33440">
                     <w xmlns:ecep="http://www.eighteenthcenturypoetry.org/ns"
                        xml:id="o5156-591340"
                        n="281-a-0950"
                        ecep:lem="louis"
                        ecep:pos="np1"
                        ecep:reg="Louis"
                        ecep:spe="Louis"
                        ecep:syllab="2"
                        ecep:pron="ˈluːɪ">Louis</w>
                     <pc xmlns:ecep="http://www.eighteenthcenturypoetry.org/ns"
                         xml:id="o5156-591350"
                         n="281-a-0960"
                         ecep:lem=","
                         ecep:pos=","
                         ecep:reg=","
                         ecep:spe=",">,</pc>
                     <c> </c>
                     <w xmlns:ecep="http://www.eighteenthcenturypoetry.org/ns"
                        xml:id="o5156-591360"
                        n="281-a-0970"
                        ecep:lem="in"
                        ecep:pos="p-acp"
                        ecep:reg="in"
                        ecep:spe="in"
                        ecep:syllab="1"
                        ecep:pron="ɪn">in</w>
                     <c> </c>
                     <w xmlns:ecep="http://www.eighteenthcenturypoetry.org/ns"
                        xml:id="o5156-591370"
                        n="281-a-0980"
                        ecep:lem="thou"
                        ecep:pos="pno21"
                        ecep:reg="thee"
                        ecep:spe="thee"
                        ecep:syllab="1"
                        ecep:pron="ðiː">thee</w>
                     <c> </c>
                     <w xmlns:ecep="http://www.eighteenthcenturypoetry.org/ns"
                        xml:id="o5156-591380"
                        n="281-a-0990"
                        ecep:lem="again"
                        ecep:pos="av"
                        ecep:reg="again"
                        ecep:spe="again"
                        ecep:syllab="2"
                        ecep:pron="əˈgen">again</w>
                     <c> </c>
                     <w xmlns:ecep="http://www.eighteenthcenturypoetry.org/ns"
                        xml:id="o5156-591390"
                        n="281-a-1000"
                        ecep:lem="the"
                        ecep:pos="dt"
                        ecep:reg="the"
                        ecep:spe="the"
                        ecep:syllab="1"
                        ecep:pron="ðiː">the</w>
                     <c> </c>
                     <w xmlns:ecep="http://www.eighteenthcenturypoetry.org/ns"
                        xml:id="o5156-591400"
                        n="281-a-1010"
                        ecep:lem="tyrant"
                        ecep:pos="n2"
                        ecep:reg="tyrants"
                        ecep:spe="tyrants"
                        ecep:syllab="2"
                        ecep:pron="ˈtaɪrənts">tyrants</w>
                     <c> </c>
                     <w xmlns:ecep="http://www.eighteenthcenturypoetry.org/ns"
                        xml:id="o5156-591410"
                        n="281-a-1020"
                        ecep:lem="live"
                        ecep:pos="vvb"
                        ecep:reg="live"
                        ecep:spe="live"
                        ecep:syllab="1"
                        ecep:pron="lɪv">live</w>
                     <pc xmlns:ecep="http://www.eighteenthcenturypoetry.org/ns"
                         xml:id="o5156-591420"
                         n="281-a-1030"
                         ecep:lem=";"
                         ecep:pos=";"
                         ecep:reg=";"
                         ecep:spe=";">;</pc>
                  </l>
                  <l xml:id="o5156-l33445">
                     <w xmlns:ecep="http://www.eighteenthcenturypoetry.org/ns"
                        xml:id="o5156-591430"
                        n="281-a-1040"
                        ecep:lem="dread"
                        ecep:pos="vvb"
                        ecep:reg="Dread"
                        ecep:spe="Dread"
                        ecep:syllab="1"
                        ecep:pron="dred">Dread</w>
                     <pc xmlns:ecep="http://www.eighteenthcenturypoetry.org/ns"
                         xml:id="o5156-591440"
                         n="281-a-1050"
                         ecep:lem=","
                         ecep:pos=","
                         ecep:reg=","
                         ecep:spe=",">,</pc>
                     <c> </c>
                     <w xmlns:ecep="http://www.eighteenthcenturypoetry.org/ns"
                        xml:id="o5156-591450"
                        n="281-a-1060"
                        ecep:lem="lest"
                        ecep:pos="cs"
                        ecep:reg="lest"
                        ecep:spe="lest"
                        ecep:syllab="1"
                        ecep:pron="lest">lest</w>
                     <c> </c>
                     <w xmlns:ecep="http://www.eighteenthcenturypoetry.org/ns"
                        xml:id="o5156-591460"
                        n="281-a-1070"
                        ecep:lem="our"
                        ecep:pos="po12"
                        ecep:reg="our"
                        ecep:spe="our"
                        ecep:syllab="1"
                        ecep:pron="æə">our</w>
                     <c> </c>
                     <w xmlns:ecep="http://www.eighteenthcenturypoetry.org/ns"
                        xml:id="o5156-591470"
                        n="281-a-1080"
                        ecep:lem="deep"
                        ecep:pos="j-jn"
                        ecep:reg="deep"
                        ecep:spe="deep"
                        ecep:syllab="1"
                        ecep:pron="diːp">deep</w>
                     <c> </c>
                     <w xmlns:ecep="http://www.eighteenthcenturypoetry.org/ns"
                        xml:id="o5156-591480"
                        n="281-a-1090"
                        ecep:lem="despair"
                        ecep:pos="n1"
                        ecep:reg="despair"
                        ecep:spe="despair"
                        ecep:syllab="2"
                        ecep:pron="dɪˈspeə">despair</w>
                     <c> </c>
                     <w xmlns:ecep="http://www.eighteenthcenturypoetry.org/ns"
                        xml:id="o5156-591490"
                        n="281-a-1100"
                        ecep:lem="those"
                        ecep:pos="d"
                        ecep:reg="those"
                        ecep:spe="those"
                        ecep:syllab="1"
                        ecep:pron="ðəʊz">those</w>
                     <c> </c>
                     <w xmlns:ecep="http://www.eighteenthcenturypoetry.org/ns"
                        xml:id="o5156-591500"
                        n="281-a-1110"
                        ecep:lem="scene"
                        ecep:pos="n2"
                        ecep:reg="scenes"
                        ecep:spe="scenes"
                        ecep:syllab="1"
                        ecep:pron="siːnz">scenes</w>
                     <c> </c>
                     <w xmlns:ecep="http://www.eighteenthcenturypoetry.org/ns"
                        xml:id="o5156-591510"
                        n="281-a-1120"
                        ecep:lem="revive"
                        ecep:pos="vvi"
                        ecep:reg="revive"
                        ecep:spe="revive"
                        ecep:syllab="2"
                        ecep:pron="rɪˈvaɪv">revive</w>
                     <pc xmlns:ecep="http://www.eighteenthcenturypoetry.org/ns"
                         xml:id="o5156-591520"
                         n="281-a-1130"
                         unit="sentence"
                         ecep:lem="."
                         ecep:pos="."
                         ecep:reg="."
                         ecep:spe=".">.</pc>
                  </l>
                  <l xml:id="o5156-l33450">
                     <hi>
                        <w xmlns:ecep="http://www.eighteenthcenturypoetry.org/ns"
                           xml:id="o5156-591530"
                           n="281-a-1140"
                           ecep:lem="Paris"
                           ecep:pos="np1"
                           ecep:reg="Paris"
                           ecep:spe="Paris"
                           ecep:syllab="2"
                           ecep:pron="ˈpærɪs">Paris</w>
                     </hi>
                     <c> </c>
                     <w xmlns:ecep="http://www.eighteenthcenturypoetry.org/ns"
                        xml:id="o5156-591540"
                        n="281-a-1150"
                        ecep:lem="nor"
                        ecep:pos="ccx"
                        ecep:reg="nor"
                        ecep:spe="nor"
                        ecep:syllab="1"
                        ecep:pron="nɔː">nor</w>
                     <c> </c>
                     <w xmlns:ecep="http://www.eighteenthcenturypoetry.org/ns"
                        xml:id="o5156-591550"
                        n="281-a-1160"
                        ecep:lem="yet"
                        ecep:pos="av"
                        ecep:reg="yet"
                        ecep:spe="yet"
                        ecep:syllab="1"
                        ecep:pron="jet">yet</w>
                     <c> </c>
                     <w xmlns:ecep="http://www.eighteenthcenturypoetry.org/ns"
                        xml:id="o5156-591560"
                        n="281-a-1170"
                        ecep:lem="a"
                        ecep:pos="dt"
                        ecep:reg="a"
                        ecep:spe="a"
                        ecep:syllab="1"
                        ecep:pron="ə">a</w>
                     <c> </c>
                     <hi>
                        <w xmlns:ecep="http://www.eighteenthcenturypoetry.org/ns"
                           xml:id="o5156-591570"
                           n="281-a-1180"
                           ecep:lem="ravilliac"
                           ecep:pos="np1"
                           ecep:reg="Ravilliac"
                           ecep:spe="Ravilliac"
                           ecep:syllab="4"
                           ecep:pron="rævˈɪlɪˌæk">Ravilliac</w>
                     </hi>
                     <c> </c>
                     <w xmlns:ecep="http://www.eighteenthcenturypoetry.org/ns"
                        xml:id="o5156-591580"
                        n="281-a-1190"
                        ecep:lem="deny"
                        ecep:pos="vvz"
                        ecep:reg="denies"
                        ecep:spe="denies"
                        ecep:syllab="2"
                        ecep:pron="dɪˈnaɪz">denies</w>
                     <pc xmlns:ecep="http://www.eighteenthcenturypoetry.org/ns"
                         xml:id="o5156-591590"
                         n="281-a-1200"
                         ecep:lem=","
                         ecep:pos=","
                         ecep:reg=","
                         ecep:spe=",">,</pc>
                  </l>
                  <l xml:id="o5156-l33455">
                     <w xmlns:ecep="http://www.eighteenthcenturypoetry.org/ns"
                        xml:id="o5156-591600"
                        n="281-a-1210"
                        ecep:lem="the"
                        ecep:pos="dt"
                        ecep:reg="The"
                        ecep:spe="The"
                        ecep:syllab="1"
                        ecep:pron="ðiː">The</w>
                     <c> </c>
                     <hi>
                        <w xmlns:ecep="http://www.eighteenthcenturypoetry.org/ns"
                           xml:id="o5156-591610"
                           n="281-a-1220"
                           ecep:lem="church"
                           ecep:pos="n1"
                           ecep:reg="church"
                           ecep:spe="church"
                           ecep:syllab="1"
                           ecep:pron="tʃɜːtʃ">church</w>
                     </hi>
                     <c> </c>
                     <w xmlns:ecep="http://www.eighteenthcenturypoetry.org/ns"
                        xml:id="o5156-591620"
                        n="281-a-1230"
                        ecep:lem="a"
                        ecep:pos="dt"
                        ecep:reg="a"
                        ecep:spe="a"
                        ecep:syllab="1"
                        ecep:pron="ə">a</w>
                     <c> </c>
                     <hi>
                        <w xmlns:ecep="http://www.eighteenthcenturypoetry.org/ns"
                           xml:id="o5156-591630"
                           n="281-a-1240"
                           ecep:lem="Clement"
                           ecep:pos="np1"
                           ecep:reg="Clement"
                           ecep:spe="Clement"
                           ecep:syllab="2"
                           ecep:pron="ˈklemənt">Clement</w>
                        <pc xmlns:ecep="http://www.eighteenthcenturypoetry.org/ns"
                            xml:id="o5156-591640"
                            n="281-a-1250"
                            ecep:lem=","
                            ecep:pos=","
                            ecep:reg=","
                            ecep:spe=",">,</pc>
                     </hi>
                     <c> </c>
                     <w xmlns:ecep="http://www.eighteenthcenturypoetry.org/ns"
                        xml:id="o5156-591650"
                        n="281-a-1260"
                        ecep:lem="nor"
                        ecep:pos="ccx"
                        ecep:reg="nor"
                        ecep:spe="nor"
                        ecep:syllab="1"
                        ecep:pron="nɔː">nor</w>
                     <c> </c>
                     <w xmlns:ecep="http://www.eighteenthcenturypoetry.org/ns"
                        xml:id="o5156-591660"
                        n="281-a-1270"
                        ecep:lem="the"
                        ecep:pos="dt"
                        ecep:reg="the"
                        ecep:spe="the"
                        ecep:syllab="1"
                        ecep:pron="ðiː">the</w>
                     <c> </c>
                     <hi>
                        <w xmlns:ecep="http://www.eighteenthcenturypoetry.org/ns"
                           xml:id="o5156-591670"
                           n="281-a-1280"
                           ecep:lem="court"
                           ecep:pos="n1"
                           ecep:reg="court"
                           ecep:spe="court"
                           ecep:syllab="1"
                           ecep:pron="kɔːt">court</w>
                     </hi>
                     <c> </c>
                     <w xmlns:ecep="http://www.eighteenthcenturypoetry.org/ns"
                        xml:id="o5156-591680"
                        n="281-a-1290"
                        ecep:lem="a"
                        ecep:pos="dt"
                        ecep:reg="a"
                        ecep:spe="a"
                        ecep:syllab="1"
                        ecep:pron="ə">a</w>
                     <c> </c>
                     <hi>
                        <w xmlns:ecep="http://www.eighteenthcenturypoetry.org/ns"
                           xml:id="o5156-591690"
                           n="281-a-1300"
                           ecep:lem="guise"
                           ecep:pos="n1"
                           ecep:reg="Guise"
                           ecep:spe="Guise"
                           ecep:syllab="1"
                           ecep:pron="gaɪz">Guise</w>
                        <pc xmlns:ecep="http://www.eighteenthcenturypoetry.org/ns"
                            xml:id="o5156-591700"
                            n="281-a-1310"
                            unit="sentence"
                            ecep:lem="."
                            ecep:pos="."
                            ecep:reg="."
                            ecep:spe=".">.</pc>
                        <c> </c>
                     </hi>
                  </l>
               </lg>
            </lg>
            <div>
               <head type="sub">
                  <w xmlns:ecep="http://www.eighteenthcenturypoetry.org/ns"
                     xml:id="o5156-591740"
                     n="281-a-1320"
                     ecep:lem="latin"
                     ecep:pos="jp"
                     ecep:reg="LATIN"
                     ecep:spe="LATIN"
                     ecep:syllab="2"
                     ecep:pron="ˈlætɪn">LATIN</w>
                  <pc xmlns:ecep="http://www.eighteenthcenturypoetry.org/ns"
                      xml:id="o5156-591750"
                      n="281-a-1330"
                      unit="sentence"
                      ecep:lem="."
                      ecep:pos="."
                      ecep:reg="."
                      ecep:spe=".">.</pc>
               </head>
               <byline>
                  <w xmlns:ecep="http://www.eighteenthcenturypoetry.org/ns"
                     xml:id="o5156-591780"
                     n="281-a-1340"
                     ecep:lem="by"
                     ecep:pos="p-acp"
                     ecep:reg="By"
                     ecep:spe="By"
                     ecep:syllab="1"
                     ecep:pron="baɪ">By</w>
                  <c> </c>
                  <w xmlns:ecep="http://www.eighteenthcenturypoetry.org/ns"
                     xml:id="o5156-591790"
                     n="281-a-1350"
                     ecep:lem="the"
                     ecep:pos="dt"
                     ecep:reg="the"
                     ecep:spe="the"
                     ecep:syllab="1"
                     ecep:pron="ðiː">the</w>
                  <c> </c>
                  <w xmlns:ecep="http://www.eighteenthcenturypoetry.org/ns"
                     xml:id="o5156-591800"
                     n="281-a-1360"
                     ecep:lem="same"
                     ecep:pos="d"
                     ecep:reg="Same"
                     ecep:spe="Same"
                     ecep:syllab="1"
                     ecep:pron="seɪm">Same</w>
                  <pc xmlns:ecep="http://www.eighteenthcenturypoetry.org/ns"
                      xml:id="o5156-591810"
                      n="281-a-1370"
                      unit="sentence"
                      ecep:lem="."
                      ecep:pos="."
                      ecep:reg="."
                      ecep:spe=".">.</pc>
               </byline>
               <l xml:id="o5156-l33460">
                  <w xmlns:ecep="http://www.eighteenthcenturypoetry.org/ns"
                     xml:id="o5156-591830"
                     n="281-a-1380"
                     ecep:lem="civili"
                     ecep:pos="fw-la"
                     ecep:reg="CIVILI"
                     ecep:spe="CIVILI"
                     ecep:syllab="3"
                     ecep:pron="sˈɪvɪlˌi">CIVILI</w>
                  <c> </c>
                  <w xmlns:ecep="http://www.eighteenthcenturypoetry.org/ns"
                     xml:id="o5156-591840"
                     n="281-a-1390"
                     ecep:lem="henricûm"
                     ecep:pos="fw-la"
                     ecep:reg="Henricûm"
                     ecep:spe="Henricûm"
                     ecep:syllab="2"
                     ecep:pron="hˈenrɪkˌuːm">Henricûm</w>
                  <c> </c>
                  <w xmlns:ecep="http://www.eighteenthcenturypoetry.org/ns"
                     xml:id="o5156-591850"
                     n="281-a-1400"
                     ecep:lem="cecidit"
                     ecep:pos="fw-la"
                     ecep:reg="cecidit"
                     ecep:spe="cecidit"
                     ecep:syllab="3"
                     ecep:pron="sˈesɪdˌɪt">cecidit</w>
                  <c> </c>
                  <w xmlns:ecep="http://www.eighteenthcenturypoetry.org/ns"
                     xml:id="o5156-591860"
                     n="281-a-1410"
                     ecep:lem="par"
                     ecep:pos="fw-la"
                     ecep:reg="par"
                     ecep:spe="par"
                     ecep:syllab="1"
                     ecep:pron="pɑː">par</w>
                  <c> </c>
                  <w xmlns:ecep="http://www.eighteenthcenturypoetry.org/ns"
                     xml:id="o5156-591870"
                     n="281-a-1420"
                     ecep:lem="nobile"
                     ecep:pos="fw-la"
                     ecep:reg="nobile"
                     ecep:spe="nobile"
                     ecep:syllab="2"
                     ecep:pron="nˈəʊbaɪl">nobile</w>
                  <c> </c>
                  <w xmlns:ecep="http://www.eighteenthcenturypoetry.org/ns"
                     xml:id="o5156-591880"
                     n="281-a-1430"
                     ecep:lem="ferro"
                     ecep:pos="fw-la"
                     ecep:reg="ferro"
                     ecep:spe="ferro"
                     ecep:syllab="2"
                     ecep:pron="ˈferəʊ">ferro</w>
                  <pc xmlns:ecep="http://www.eighteenthcenturypoetry.org/ns"
                      xml:id="o5156-591890"
                      n="281-a-1440"
                      ecep:lem=","
                      ecep:pos=","
                      ecep:reg=","
                      ecep:spe=",">,</pc>
               </l>
               <l xml:id="o5156-l33465">
                  <w xmlns:ecep="http://www.eighteenthcenturypoetry.org/ns"
                     xml:id="o5156-591900"
                     n="281-a-1450"
                     ecep:lem="hic"
                     ecep:pos="fw-la"
                     ecep:reg="Hic"
                     ecep:spe="Hic"
                     ecep:syllab="1"
                     ecep:pron="hɪk">Hic</w>
                  <c> </c>
                  <w xmlns:ecep="http://www.eighteenthcenturypoetry.org/ns"
                     xml:id="o5156-591910"
                     n="281-a-1460"
                     ecep:lem="libertati"
                     ecep:pos="fw-la"
                     ecep:reg="libertati"
                     ecep:spe="libertati"
                     ecep:syllab="4"
                     ecep:pron="lˌɪbətˈɑːti">libertati</w>
                  <c> </c>
                  <w xmlns:ecep="http://www.eighteenthcenturypoetry.org/ns"
                     xml:id="o5156-591920"
                     n="281-a-1470"
                     ecep:lem="victima"
                     ecep:pos="fw-la"
                     ecep:reg="victima"
                     ecep:spe="victima"
                     ecep:syllab="3"
                     ecep:pron="vˈɪktɪmə">victima</w>
                  <pc xmlns:ecep="http://www.eighteenthcenturypoetry.org/ns"
                      xml:id="o5156-591930"
                      n="281-a-1480"
                      ecep:lem=","
                      ecep:pos=","
                      ecep:reg=","
                      ecep:spe=",">,</pc>
                  <c> </c>
                  <w xmlns:ecep="http://www.eighteenthcenturypoetry.org/ns"
                     xml:id="o5156-591940"
                     n="281-a-1490"
                     ecep:lem="et"
                     ecep:pos="fw-la"
                     ecep:reg="aet"
                     ecep:spe="et"
                     ecep:syllab="1"
                     ecep:pron="et">et</w>
                  <c> </c>
                  <w xmlns:ecep="http://www.eighteenthcenturypoetry.org/ns"
                     xml:id="o5156-591950"
                     n="281-a-1500"
                     ecep:lem="ille"
                     ecep:pos="fw-la"
                     ecep:reg="ille"
                     ecep:spe="ille"
                     ecep:syllab="1"
                     ecep:pron="ɪlˈe">ille</w>
                  <c> </c>
                  <w xmlns:ecep="http://www.eighteenthcenturypoetry.org/ns"
                     xml:id="o5156-591960"
                     n="281-a-1510"
                     ecep:lem="Deo"
                     ecep:pos="np1"
                     ecep:reg="Deo"
                     ecep:spe="Deo"
                     ecep:syllab="2"
                     ecep:pron="diːˈəʊ">Deo</w>
                  <pc xmlns:ecep="http://www.eighteenthcenturypoetry.org/ns"
                      xml:id="o5156-591970"
                      n="281-a-1520"
                      ecep:lem=":"
                      ecep:pos=":"
                      ecep:reg=":"
                      ecep:spe=":">:</pc>
               </l>
               <l xml:id="o5156-l33470">
                  <w xmlns:ecep="http://www.eighteenthcenturypoetry.org/ns"
                     xml:id="o5156-591980"
                     n="281-a-1530"
                     ecep:lem="dum"
                     ecep:pos="crd"
                     ecep:reg="Dum"
                     ecep:spe="Dum"
                     ecep:syllab="1"
                     ecep:pron="dʌm">Dum</w>
                  <c> </c>
                  <w xmlns:ecep="http://www.eighteenthcenturypoetry.org/ns"
                     xml:id="o5156-591990"
                     n="281-a-1540"
                     ecep:lem="priscos"
                     ecep:pos="fw-la"
                     ecep:reg="priscos"
                     ecep:spe="priscos"
                     ecep:syllab="2"
                     ecep:pron="prˈɪskəʊz">priscos</w>
                  <c> </c>
                  <w xmlns:ecep="http://www.eighteenthcenturypoetry.org/ns"
                     xml:id="o5156-592000"
                     n="281-a-1550"
                     ecep:lem="renova"
                     ecep:pos="fw-la"
                     ecep:reg="renovas"
                     ecep:spe="renovas"
                     ecep:syllab="3"
                     ecep:pron="renˈəʊvəz">renovas</w>
                  <c> </c>
                  <w xmlns:ecep="http://www.eighteenthcenturypoetry.org/ns"
                     xml:id="o5156-592010"
                     n="281-a-1560"
                     ecep:lem="iterum"
                     ecep:pos="fw-la"
                     ecep:reg="iterum"
                     ecep:spe="iterum"
                     ecep:syllab="3"
                     ecep:pron="ˈɪtərəm">iterum</w>
                  <pc xmlns:ecep="http://www.eighteenthcenturypoetry.org/ns"
                      xml:id="o5156-592020"
                      n="281-a-1570"
                      ecep:lem=","
                      ecep:pos=","
                      ecep:reg=","
                      ecep:spe=",">,</pc>
                  <c> </c>
                  <w xmlns:ecep="http://www.eighteenthcenturypoetry.org/ns"
                     xml:id="o5156-592030"
                     n="281-a-1580"
                     ecep:lem="ludovice"
                     ecep:pos="np1"
                     ecep:reg="Ludovice"
                     ecep:spe="Ludovice"
                     ecep:syllab="3"
                     ecep:pron="lˈuːdɒvɪs">Ludovice</w>
                  <pc xmlns:ecep="http://www.eighteenthcenturypoetry.org/ns"
                      xml:id="o5156-592040"
                      n="281-a-1590"
                      ecep:lem=","
                      ecep:pos=","
                      ecep:reg=","
                      ecep:spe=",">,</pc>
                  <c> </c>
                  <w xmlns:ecep="http://www.eighteenthcenturypoetry.org/ns"
                     xml:id="o5156-592050"
                     n="281-a-1600"
                     ecep:lem="tyranno"
                     ecep:pos="fw-la"
                     ecep:reg="tyrannos"
                     ecep:spe="tyrannos"
                     ecep:syllab="3"
                     ecep:pron="tɪrˈænəʊz">tyrannos</w>
                  <pc xmlns:ecep="http://www.eighteenthcenturypoetry.org/ns"
                      xml:id="o5156-592060"
                      n="281-a-1610"
                      ecep:lem=","
                      ecep:pos=","
                      ecep:reg=","
                      ecep:spe=",">,</pc>
               </l>
               <l xml:id="o5156-l33475">
                  <w xmlns:ecep="http://www.eighteenthcenturypoetry.org/ns"
                     xml:id="o5156-592070"
                     n="281-a-1620"
                     ecep:lem="nos"
                     ecep:pos="fw-la"
                     ecep:reg="Nos"
                     ecep:spe="Nos"
                     ecep:syllab="1"
                     ecep:pron="ˈnʌmbəz">Nos</w>
                  <c> </c>
                  <w xmlns:ecep="http://www.eighteenthcenturypoetry.org/ns"
                     xml:id="o5156-592080"
                     n="281-a-1630"
                     ecep:lem="renovare"
                     ecep:pos="fw-la"
                     ecep:reg="renovare"
                     ecep:spe="renovare"
                     ecep:syllab="3"
                     ecep:pron="rˈenəvˌeə">renovare</w>
                  <c> </c>
                  <w xmlns:ecep="http://www.eighteenthcenturypoetry.org/ns"
                     xml:id="o5156-592090"
                     n="281-a-1640"
                     ecep:lem="iterum"
                     ecep:pos="fw-la"
                     ecep:reg="iterum"
                     ecep:spe="iterum"
                     ecep:syllab="3"
                     ecep:pron="ˈɪtərəm">iterum</w>
                  <c> </c>
                  <w xmlns:ecep="http://www.eighteenthcenturypoetry.org/ns"
                     xml:id="o5156-592100"
                     n="281-a-1650"
                     ecep:lem="facta"
                     ecep:pos="fw-la"
                     ecep:reg="facta"
                     ecep:spe="facta"
                     ecep:syllab="2"
                     ecep:pron="ˈfæktə">facta</w>
                  <c> </c>
                  <w xmlns:ecep="http://www.eighteenthcenturypoetry.org/ns"
                     xml:id="o5156-592110"
                     n="281-a-1660"
                     ecep:lem="priora"
                     ecep:pos="fw-la"
                     ecep:reg="priora"
                     ecep:spe="priora"
                     ecep:syllab="3"
                     ecep:pron="prˈaɪɔːrə">priora</w>
                  <c> </c>
                  <w xmlns:ecep="http://www.eighteenthcenturypoetry.org/ns"
                     xml:id="o5156-592120"
                     n="281-a-1670"
                     ecep:lem="doces"
                     ecep:pos="fw-la"
                     ecep:reg="doces"
                     ecep:spe="doces"
                     ecep:syllab="2"
                     ecep:pron="dˈəʊsɪz">doces</w>
                  <pc xmlns:ecep="http://www.eighteenthcenturypoetry.org/ns"
                      xml:id="o5156-592130"
                      n="281-a-1680"
                      unit="sentence"
                      ecep:lem="."
                      ecep:pos="."
                      ecep:reg="."
                      ecep:spe=".">.</pc>
               </l>
               <l xml:id="o5156-l33480">
                  <w xmlns:ecep="http://www.eighteenthcenturypoetry.org/ns"
                     xml:id="o5156-592140"
                     n="281-a-1690"
                     ecep:lem="nos"
                     ecep:pos="fw-la"
                     ecep:reg="Nos"
                     ecep:spe="Nos"
                     ecep:syllab="1"
                     ecep:pron="ˈnʌmbəz">Nos</w>
                  <c> </c>
                  <w xmlns:ecep="http://www.eighteenthcenturypoetry.org/ns"
                     xml:id="o5156-592150"
                     n="281-a-1700"
                     ecep:lem="timeas"
                     ecep:pos="fw-la"
                     ecep:reg="timeas"
                     ecep:spe="timeas"
                     ecep:syllab="2"
                     ecep:pron="tˈaɪmiəz">timeas</w>
                  <c> </c>
                  <w xmlns:ecep="http://www.eighteenthcenturypoetry.org/ns"
                     xml:id="o5156-592160"
                     n="281-a-1710"
                     ecep:lem="laesos"
                     ecep:pos="fw-la"
                     ecep:reg="laesos"
                     ecep:spe="laesos"
                     ecep:syllab="2"
                     ecep:pron="lˈiːsəʊz">laesos</w>
                  <c> </c>
                  <pc xmlns:ecep="http://www.eighteenthcenturypoetry.org/ns"
                      xml:id="o5156-592170"
                      n="281-a-1720"
                      ecep:lem="—"
                      ecep:pos="—"
                      ecep:reg="—"
                      ecep:spe="—">—</pc>
                  <c> </c>
                  <hi>
                     <w xmlns:ecep="http://www.eighteenthcenturypoetry.org/ns"
                        xml:id="o5156-592180"
                        n="281-a-1730"
                        ecep:lem="guisos"
                        ecep:pos="np1"
                        ecep:reg="Guisos"
                        ecep:spe="Guisos"
                        ecep:syllab="2"
                        ecep:pron="gˈaɪzəʊz">Guisos</w>
                  </hi>
                  <c> </c>
                  <w xmlns:ecep="http://www.eighteenthcenturypoetry.org/ns"
                     xml:id="o5156-592190"
                     n="281-a-1740"
                     ecep:lem="dabit"
                     ecep:pos="fw-la"
                     ecep:reg="dabit"
                     ecep:spe="dabit"
                     ecep:syllab="2"
                     ecep:pron="dˈæbɪt">dabit</w>
                  <c> </c>
                  <hi>
                     <w xmlns:ecep="http://www.eighteenthcenturypoetry.org/ns"
                        xml:id="o5156-592200"
                        n="281-a-1750"
                        ecep:lem="aula"
                        ecep:pos="fw-la"
                        ecep:reg="aula"
                        ecep:spe="aula"
                        ecep:syllab="2"
                        ecep:pron="ˈɔːlə">aula</w>
                  </hi>
                  <c> </c>
                  <w xmlns:ecep="http://www.eighteenthcenturypoetry.org/ns"
                     xml:id="o5156-592210"
                     n="281-a-1760"
                     ecep:lem="recentes"
                     ecep:pos="fw-la"
                     ecep:reg="recentes"
                     ecep:spe="recentes"
                     ecep:syllab="3"
                     ecep:pron="rˈiːsənts">recentes</w>
                  <pc xmlns:ecep="http://www.eighteenthcenturypoetry.org/ns"
                      xml:id="o5156-592220"
                      n="281-a-1770"
                      ecep:lem=","
                      ecep:pos=","
                      ecep:reg=","
                      ecep:spe=",">,</pc>
               </l>
               <l xml:id="o5156-l33485">
                  <hi>
                     <w xmlns:ecep="http://www.eighteenthcenturypoetry.org/ns"
                        xml:id="o5156-592230"
                        n="281-a-1780"
                        ecep:lem="claustraque"
                        ecep:pos="np1"
                        ecep:reg="Claustraque"
                        ecep:spe="Claustraque"
                        ecep:syllab="3"
                        ecep:pron="klˈɒstræk">Claustraque</w>
                     <c> </c>
                     <w xmlns:ecep="http://www.eighteenthcenturypoetry.org/ns"
                        xml:id="o5156-592240"
                        n="281-a-1790"
                        ecep:lem="clementes"
                        ecep:pos="fw-fr"
                        ecep:reg="Clementes"
                        ecep:spe="Clementes"
                        ecep:syllab="3"
                        ecep:pron="klˈemənts">Clementes</w>
                     <pc xmlns:ecep="http://www.eighteenthcenturypoetry.org/ns"
                         xml:id="o5156-592250"
                         n="281-a-1800"
                         ecep:lem=","
                         ecep:pos=","
                         ecep:reg=","
                         ecep:spe=",">,</pc>
                  </hi>
                  <c> </c>
                  <w xmlns:ecep="http://www.eighteenthcenturypoetry.org/ns"
                     xml:id="o5156-592260"
                     n="281-a-1810"
                     ecep:lem="urbsque"
                     ecep:pos="fw-la"
                     ecep:reg="urbsque"
                     ecep:spe="urbsque"
                     ecep:syllab="2"
                     ecep:pron="ˈɜːbsk">urbsque</w>
                  <c> </c>
                  <hi>
                     <w xmlns:ecep="http://www.eighteenthcenturypoetry.org/ns"
                        xml:id="o5156-592270"
                        n="281-a-1820"
                        ecep:lem="rabilliacos"
                        ecep:pos="np1"
                        ecep:reg="Rabilliacos"
                        ecep:spe="Rabilliacos"
                        ecep:syllab="5"
                        ecep:pron="rˌæbɪlɪˈɑːkəʊz">Rabilliacos</w>
                     <pc xmlns:ecep="http://www.eighteenthcenturypoetry.org/ns"
                         xml:id="o5156-592280"
                         n="281-a-1830"
                         unit="sentence"
                         ecep:lem="."
                         ecep:pos="."
                         ecep:reg="."
                         ecep:spe=".">.</pc>
                     <c> </c>
                  </hi>
               </l>
            </div>
         </div>
      </body>
   </text>
</TEI>
