<?xml version="1.0" encoding="UTF-8"?>
<div xmlns:ecep="http://www.eighteenthcenturypoetry.org/ns"
     xmlns="http://www.tei-c.org/ns/1.0"
     xmlns:tei="http://www.tei-c.org/ns/1.0"
     ana="#iamb #pentameter #sestet #pair #answer"
     corresp="#txt_BarbMa1685_w0072"
     decls="#semi-normalized"
     ecep:syllab="10.10.10.10.10.10"
     met="-+|-+|-+|-+|-+/ -+|-+|-+|-+|-+/ -+|-+|-+|-+|-+/ -+|-+|-+|-+|-+/ -+|-+|-+|-+|-+/ -+|-+|-+|-+|-+/"
     rendition="#lgvspace"
     rhyme="aabbcc"
     subtype="eceptext"
     type="poem"
     xml:id="pba35-w0770">
   <link target="11574" type="DMI"/>
   <link subtype="proposition" target="#pba35-w0760" type="related"/>
   <link target="authors.xml#aut_BarbMa1685" type="author"/>
   <head type="main">
      <w xml:id="pba35-190480"
         n="a-0010"
         ecep:lem="reply"
         ecep:pos="n1"
         ecep:reg="Reply"
         ecep:spe="Reply"
         ecep:syllab="2"
         ecep:pron="rɪˈplaɪ">Reply</w>
      <c> </c>
      <w xml:id="pba35-190490"
         n="a-0020"
         ecep:lem="to"
         ecep:pos="p-acp"
         ecep:reg="to"
         ecep:spe="to"
         ecep:syllab="1"
         ecep:pron="tuː">to</w>
      <c> </c>
      <w xml:id="pba35-190500"
         n="a-0030"
         ecep:lem="the"
         ecep:pos="dt"
         ecep:reg="the"
         ecep:spe="the"
         ecep:syllab="1"
         ecep:pron="ðiː">the</w>
      <c> </c>
      <w xml:id="pba35-190510"
         n="a-0040"
         ecep:lem="forgo"
         ecep:pos="j-vvg"
         ecep:reg="foregoing"
         ecep:spe="foregoing"
         ecep:syllab="3"
         ecep:pron="fɔːˈgəʊɪŋ">foregoing</w>
      <c> </c>
      <w xml:id="pba35-190520"
         n="a-0050"
         ecep:lem="verse"
         ecep:pos="n2"
         ecep:reg="Verses"
         ecep:spe="Verses"
         ecep:syllab="2"
         ecep:pron="vɜːsɪz">Verses</w>
      <pc xml:id="pba35-190530"
          n="a-0060"
          unit="sentence"
          ecep:lem="."
          ecep:pos="."
          ecep:reg="."
          ecep:spe=".">.</pc>
   </head>
   <lg xml:id="pba35-s01245">
      <l n="1" xml:id="pba35-l09740">
         <hi rendition="#sc">
            <w xml:id="pba35-190560"
               n="a-0070"
               ecep:lem="why"
               ecep:pos="q-crq"
               ecep:reg="Why"
               ecep:spe="Why"
               ecep:syllab="1"
               ecep:pron="waɪ">Why</w>
         </hi>
         <c> </c>
         <w xml:id="pba35-190570"
            n="a-0080"
            ecep:lem="do"
            ecep:pos="vdd"
            ecep:reg="did"
            ecep:spe="did"
            ecep:syllab="1"
            ecep:pron="dɪd">did</w>
         <c> </c>
         <w xml:id="pba35-190580"
            n="a-0090"
            ecep:lem="i"
            ecep:pos="pns11"
            ecep:reg="I"
            ecep:spe="I"
            ecep:syllab="1"
            ecep:pron="aɪ">I</w>
         <c> </c>
         <w xml:id="pba35-190590"
            n="a-0100"
            ecep:lem="hope"
            ecep:pos="vvi"
            ecep:reg="hope"
            ecep:spe="hope"
            ecep:syllab="1"
            ecep:pron="həʊp">hope</w>
         <c> </c>
         <w xml:id="pba35-190600"
            n="a-0110"
            ecep:lem="to"
            ecep:pos="pc-acp"
            ecep:reg="to"
            ecep:spe="to"
            ecep:syllab="1"
            ecep:pron="tuː">to</w>
         <c> </c>
         <w xml:id="pba35-190610"
            n="a-0120"
            ecep:lem="make"
            ecep:pos="vvi"
            ecep:reg="make"
            ecep:spe="make"
            ecep:syllab="1"
            ecep:pron="meɪk">make</w>
         <c> </c>
         <w xml:id="pba35-190620"
            n="a-0130"
            ecep:lem="your"
            ecep:pos="po22"
            ecep:reg="your"
            ecep:spe="your"
            ecep:syllab="1"
            ecep:pron="jɔː">your</w>
         <c> </c>
         <w xml:id="pba35-190630"
            n="a-0140"
            ecep:lem="anguish"
            ecep:pos="n1"
            ecep:reg="Anguish"
            ecep:spe="Anguish"
            ecep:syllab="2"
            ecep:pron="ˈæŋgwɪʃ">Anguish</w>
         <c> </c>
         <w xml:id="pba35-190640"
            n="a-0150"
            ecep:lem="less"
            ecep:pos="av-dc"
            ecep:reg="less"
            ecep:spe="less"
            ecep:syllab="1"
            ecep:pron="les">less</w>
         <pc xml:id="pba35-190650"
             n="a-0160"
             unit="sentence"
             ecep:lem="?"
             ecep:pos="?"
             ecep:reg="?"
             ecep:spe="?">?</pc>
         <c> </c>
      </l>
      <l n="2" xml:id="pba35-l09745">
         <w xml:id="pba35-190660"
            n="a-0170"
            ecep:lem="i"
            ecep:pos="pns11"
            ecep:reg="I"
            ecep:spe="I"
            ecep:syllab="1"
            ecep:pron="aɪ">I</w>
         <c> </c>
         <w xml:id="pba35-190670"
            n="a-0180"
            ecep:lem="try"
            ecep:pos="vvd"
            ecep:reg="tried"
            ecep:spe="try'd"
            ecep:syllab="1"
            ecep:pron="traɪd">try'd</w>
         <c> </c>
         <w xml:id="pba35-190680"
            n="a-0190"
            ecep:lem="to"
            ecep:pos="pc-acp"
            ecep:reg="to"
            ecep:spe="to"
            ecep:syllab="1"
            ecep:pron="tuː">to</w>
         <c> </c>
         <w xml:id="pba35-190690"
            n="a-0200"
            ecep:lem="cure"
            ecep:pos="vvi"
            ecep:reg="cure"
            ecep:spe="cure"
            ecep:syllab="1"
            ecep:pron="kjʊə">cure</w>
         <pc xml:id="pba35-190700"
             n="a-0210"
             ecep:lem=","
             ecep:pos=","
             ecep:reg=","
             ecep:spe=",">,</pc>
         <c> </c>
         <w xml:id="pba35-190710"
            n="a-0220"
            ecep:lem="and"
            ecep:pos="cc"
            ecep:reg="and"
            ecep:spe="and"
            ecep:syllab="1"
            ecep:pron="ænd">and</w>
         <c> </c>
         <w xml:id="pba35-190720"
            n="a-0230"
            ecep:lem="i"
            ecep:pos="pns11"
            ecep:reg="I"
            ecep:spe="I"
            ecep:syllab="1"
            ecep:pron="aɪ">I</w>
         <c> </c>
         <w xml:id="pba35-190730"
            n="a-0240"
            ecep:lem="have"
            ecep:pos="vhb"
            ecep:reg="have"
            ecep:spe="have"
            ecep:syllab="1"
            ecep:pron="hæv">have</w>
         <c> </c>
         <w xml:id="pba35-190740"
            n="a-0250"
            ecep:lem="catch"
            ecep:pos="vvn"
            ecep:reg="caught"
            ecep:spe="caught"
            ecep:syllab="1"
            ecep:pron="kɔːt">caught</w>
         <pc xml:id="pba35-190750"
             n="a-0260"
             ecep:lem=","
             ecep:pos=","
             ecep:reg=","
             ecep:spe=",">,</pc>
         <c> </c>
         <w xml:id="pba35-190760"
            n="a-0270"
            ecep:lem="distress"
            ecep:pos="n1"
            ecep:reg="Distress"
            ecep:spe="Distress"
            ecep:syllab="2"
            ecep:pron="dɪˈstres">Distress</w>
         <pc xml:id="pba35-190770"
             n="a-0280"
             unit="sentence"
             ecep:lem="."
             ecep:pos="."
             ecep:reg="."
             ecep:spe=".">.</pc>
         <c> </c>
      </l>
      <l n="3" xml:id="pba35-l09750">
         <w xml:id="pba35-190780"
            n="a-0290"
            ecep:lem="suppress"
            ecep:pos="vvi"
            ecep:reg="Suppress"
            ecep:spe="Suppress"
            ecep:syllab="2"
            ecep:pron="səˈpres">Suppress</w>
         <c> </c>
         <w xml:id="pba35-190790"
            n="a-0300"
            ecep:lem="your"
            ecep:pos="po22"
            ecep:reg="your"
            ecep:spe="your"
            ecep:syllab="1"
            ecep:pron="jɔː">your</w>
         <c> </c>
         <w xml:id="pba35-190800"
            n="a-0310"
            ecep:lem="sigh"
            ecep:pos="n2"
            ecep:reg="Sighs"
            ecep:spe="Sighs"
            ecep:syllab="1"
            ecep:pron="saɪz">Sighs</w>
         <pc xml:id="pba35-190810"
             n="a-0320"
             ecep:lem=","
             ecep:pos=","
             ecep:reg=","
             ecep:spe=",">,</pc>
         <c> </c>
         <w xml:id="pba35-190820"
            n="a-0330"
            ecep:lem="dry"
            ecep:pos="vvb"
            ecep:reg="dry"
            ecep:spe="dry"
            ecep:syllab="1"
            ecep:pron="draɪ">dry</w>
         <c> </c>
         <w xml:id="pba35-190830"
            n="a-0340"
            ecep:lem="up"
            ecep:pos="a-acp"
            ecep:reg="up"
            ecep:spe="up"
            ecep:syllab="1"
            ecep:pron="ʌp">up</w>
         <c> </c>
         <w xml:id="pba35-190840"
            n="a-0350"
            ecep:lem="your"
            ecep:pos="po22"
            ecep:reg="your"
            ecep:spe="your"
            ecep:syllab="1"
            ecep:pron="jɔː">your</w>
         <c> </c>
         <w xml:id="pba35-190850"
            n="a-0360"
            ecep:lem="tear"
            ecep:pos="n2"
            ecep:reg="Tears"
            ecep:spe="Tears"
            ecep:syllab="1"
            ecep:pron="tɪəz">Tears</w>
         <pc xml:id="pba35-190860"
             n="a-0370"
             ecep:lem=";"
             ecep:pos=";"
             ecep:reg=";"
             ecep:spe=";">;</pc>
         <c> </c>
         <w xml:id="pba35-190870"
            n="a-0380"
            ecep:lem="it|be"
            ecep:pos="pn31|vbz"
            ecep:reg="it's"
            ecep:spe="'tis"
            ecep:syllab="1"
            ecep:pron="tɪz">'tis</w>
         <c> </c>
         <w xml:id="pba35-190880"
            n="a-0390"
            ecep:lem="time"
            ecep:pos="n1"
            ecep:reg="Time"
            ecep:spe="Time"
            ecep:syllab="1"
            ecep:pron="taɪm">Time</w>
         <pc xml:id="pba35-190890"
             n="a-0400"
             ecep:lem=":"
             ecep:pos=":"
             ecep:reg=":"
             ecep:spe=":">:</pc>
      </l>
      <l n="4" xml:id="pba35-l09755">
         <c> </c>
         <w xml:id="pba35-190900"
            n="a-0410"
            ecep:lem="excess"
            ecep:pos="n1"
            ecep:reg="Excess"
            ecep:spe="Excess"
            ecep:syllab="2"
            ecep:pron="ɪkˈses">Excess</w>
         <c> </c>
         <w xml:id="pba35-190910"
            n="a-0420"
            ecep:lem="of"
            ecep:pos="pp-f"
            ecep:reg="of"
            ecep:spe="of"
            ecep:syllab="1"
            ecep:pron="ɒv">of</w>
         <c> </c>
         <w xml:id="pba35-190920"
            n="a-0430"
            ecep:lem="virtue"
            ecep:pos="n1"
            ecep:reg="Virtue"
            ecep:spe="Virtue"
            ecep:syllab="2"
            ecep:pron="ˈvɜːtʃuː">Virtue</w>
         <c> </c>
         <w xml:id="pba35-190930"
            n="a-0440"
            ecep:lem="may"
            ecep:pos="vmb"
            ecep:reg="may"
            ecep:spe="may"
            ecep:syllab="1"
            ecep:pron="meɪ">may</w>
         <c> </c>
         <w xml:id="pba35-190940"
            n="a-0450"
            ecep:lem="become"
            ecep:pos="vvi"
            ecep:reg="become"
            ecep:spe="become"
            ecep:syllab="2"
            ecep:pron="bɪˈkʌm">become</w>
         <c> </c>
         <w xml:id="pba35-190950"
            n="a-0460"
            ecep:lem="a"
            ecep:pos="dt"
            ecep:reg="a"
            ecep:spe="a"
            ecep:syllab="1"
            ecep:pron="ə">a</w>
         <c> </c>
         <w xml:id="pba35-190960"
            n="a-0470"
            ecep:lem="crime"
            ecep:pos="n1"
            ecep:reg="Crime"
            ecep:spe="Crime"
            ecep:syllab="1"
            ecep:pron="kraɪm">Crime</w>
         <pc xml:id="pba35-190970"
             n="a-0480"
             unit="sentence"
             ecep:lem="."
             ecep:pos="."
             ecep:reg="."
             ecep:spe=".">.</pc>
         <c> </c>
      </l>
      <l n="5" xml:id="pba35-l09760">
         <w xml:id="pba35-190980"
            n="a-0490"
            ecep:lem="you"
            ecep:pos="pn22"
            ecep:reg="You"
            ecep:spe="You"
            ecep:syllab="1"
            ecep:pron="juː">You</w>
         <c> </c>
         <w xml:id="pba35-190990"
            n="a-0500"
            ecep:lem="lose"
            ecep:pos="vvd"
            ecep:reg="lost"
            ecep:spe="lost"
            ecep:syllab="1"
            ecep:pron="lɒst">lost</w>
         <pc xml:id="pba35-191000"
             n="a-0510"
             ecep:lem=","
             ecep:pos=","
             ecep:reg=","
             ecep:spe=",">,</pc>
         <c> </c>
         <w xml:id="pba35-191010"
            n="a-0520"
            ecep:lem="you"
            ecep:pos="pn22"
            ecep:reg="you"
            ecep:spe="you"
            ecep:syllab="1"
            ecep:pron="juː">you</w>
         <c> </c>
         <w xml:id="pba35-191020"
            n="a-0530"
            ecep:lem="say"
            ecep:pos="vvb"
            ecep:reg="say"
            ecep:spe="say"
            ecep:syllab="1"
            ecep:pron="seɪ">say</w>
         <pc xml:id="pba35-191030"
             n="a-0540"
             ecep:lem=","
             ecep:pos=","
             ecep:reg=","
             ecep:spe=",">,</pc>
         <c> </c>
         <w xml:id="pba35-191040"
            n="a-0550"
            ecep:lem="a"
            ecep:pos="dt"
            ecep:reg="a"
            ecep:spe="a"
            ecep:syllab="1"
            ecep:pron="ə">a</w>
         <c> </c>
         <w xml:id="pba35-191050"
            n="a-0560"
            ecep:lem="friend"
            ecep:pos="n1"
            ecep:reg="Friend"
            ecep:spe="Friend"
            ecep:syllab="1"
            ecep:pron="frend">Friend</w>
         <pc xml:id="pba35-191060"
             n="a-0570"
             ecep:lem=","
             ecep:pos=","
             ecep:reg=","
             ecep:spe=",">,</pc>
         <c> </c>
         <w xml:id="pba35-191070"
            n="a-0580"
            ecep:lem="and"
            ecep:pos="cc"
            ecep:reg="and"
            ecep:spe="and"
            ecep:syllab="1"
            ecep:pron="ænd">and</w>
         <c> </c>
         <w xml:id="pba35-191080"
            n="a-0590"
            ecep:lem="father"
            ecep:pos="n1"
            ecep:reg="Father"
            ecep:spe="Father"
            ecep:syllab="2"
            ecep:pron="ˈfɑːðə">Father</w>
         <c> </c>
         <w xml:id="pba35-191090"
            n="a-0600"
            ecep:lem="too"
            ecep:pos="av"
            ecep:reg="too"
            ecep:spe="too"
            ecep:syllab="1"
            ecep:pron="tuː">too</w>
         <pc xml:id="pba35-191100"
             n="a-0610"
             ecep:lem=";"
             ecep:pos=";"
             ecep:reg=";"
             ecep:spe=";">;</pc>
      </l>
      <l n="6" xml:id="pba35-l09765">
         <c> </c>
         <w xml:id="pba35-191110"
            n="a-0620"
            ecep:lem="but"
            ecep:pos="cc-acp"
            ecep:reg="But"
            ecep:spe="But"
            ecep:syllab="1"
            ecep:pron="bʌt">But</w>
         <c> </c>
         <w xml:id="pba35-191120"
            n="a-0630"
            ecep:lem="know"
            ecep:pos="vvb"
            ecep:reg="know"
            ecep:spe="know"
            ecep:syllab="1"
            ecep:pron="nəʊ">know</w>
         <pc xml:id="pba35-191130"
             n="a-0640"
             ecep:lem=","
             ecep:pos=","
             ecep:reg=","
             ecep:spe=",">,</pc>
         <c> </c>
         <w xml:id="pba35-191140"
            n="a-0650"
            ecep:lem="mankind"
            ecep:pos="n1"
            ecep:reg="Mankind"
            ecep:spe="Mankind"
            ecep:syllab="2"
            ecep:pron="mænˈkaɪnd">Mankind</w>
         <c> </c>
         <w xml:id="pba35-191150"
            n="a-0660"
            ecep:lem="will"
            ecep:pos="vmd"
            ecep:reg="would"
            ecep:spe="would"
            ecep:syllab="1"
            ecep:pron="wʊd">would</w>
         <c> </c>
         <w xml:id="pba35-191160"
            n="a-0670"
            ecep:lem="lose"
            ecep:pos="vvi"
            ecep:reg="lose"
            ecep:spe="lose"
            ecep:syllab="1"
            ecep:pron="luːz">lose</w>
         <c> </c>
         <w xml:id="pba35-191170"
            n="a-0680"
            ecep:lem="a"
            ecep:pos="dt"
            ecep:reg="a"
            ecep:spe="a"
            ecep:syllab="1"
            ecep:pron="ə">a</w>
         <c> </c>
         <w xml:id="pba35-191180"
            n="a-0690"
            ecep:lem="friend"
            ecep:pos="n1"
            ecep:reg="Friend"
            ecep:spe="Friend"
            ecep:syllab="1"
            ecep:pron="frend">Friend</w>
         <c> </c>
         <w xml:id="pba35-191190"
            n="a-0700"
            ecep:lem="in"
            ecep:pos="p-acp"
            ecep:reg="in"
            ecep:spe="in"
            ecep:syllab="1"
            ecep:pron="ɪn">in</w>
         <c> </c>
         <w xml:id="pba35-191200"
            n="a-0710"
            ecep:lem="you"
            ecep:pos="pn22"
            ecep:reg="you"
            ecep:spe="you"
            ecep:syllab="1"
            ecep:pron="juː">you</w>
         <pc xml:id="pba35-191210"
             n="a-0720"
             unit="sentence"
             ecep:lem="."
             ecep:pos="."
             ecep:reg="."
             ecep:spe=".">.</pc>
         <c> </c>
      </l>
   </lg>
</div>
