<?xml version="1.0" encoding="UTF-8"?>
<div xmlns:ecep="http://www.eighteenthcenturypoetry.org/ns"
     xmlns="http://www.tei-c.org/ns/1.0"
     xmlns:tei="http://www.tei-c.org/ns/1.0"
     ana="#iamb #pentameter #blankverse #occasional"
     corresp="#txt_BerkGe1763_w0023"
     decls="#semi-normalized"
     ecep:syllab="10"
     met="-+|-+|-+|-+|-+/"
     rendition="#lgvspace"
     rhyme=""
     subtype="eceptext"
     type="poem"
     xml:id="o5280-w0220">
   <link target="authors.xml#aut_BerkGe1763" type="author"/>
   <head type="main">
      <w xml:id="o5280-2170250"
         n="692-a-0010"
         ecep:lem="the"
         ecep:pos="dt"
         ecep:reg="THE"
         ecep:spe="THE"
         ecep:syllab="1"
         ecep:pron="ðiː">THE</w>
      <c> </c>
      <w xml:id="o5280-2170260"
         n="692-a-0020"
         ecep:lem="bank"
         ecep:pos="n2"
         ecep:reg="BANKS"
         ecep:spe="BANKS"
         ecep:syllab="1"
         ecep:pron="bæŋks">BANKS</w>
      <c> </c>
      <w xml:id="o5280-2170270"
         n="692-a-0030"
         ecep:lem="of"
         ecep:pos="pp-f"
         ecep:reg="OF"
         ecep:spe="OF"
         ecep:syllab="1"
         ecep:pron="ɒv">OF</w>
      <c> </c>
      <w xml:id="o5280-2170280"
         n="692-a-0040"
         ecep:lem="Almond"
         ecep:pos="np1"
         ecep:reg="ALMOND"
         ecep:spe="ALMOND"
         ecep:syllab="2"
         ecep:pron="ˈɑːmənd">ALMOND</w>
      <pc xml:id="o5280-2170290"
          n="692-a-0050"
          unit="sentence"
          ecep:lem="."
          ecep:pos="."
          ecep:reg="."
          ecep:spe=".">.</pc>
   </head>
   <head type="sub">
      <pc xml:id="o5280-2170320"
          n="692-a-0060"
          ecep:lem="("
          ecep:pos="("
          ecep:reg="("
          ecep:spe="(">(</pc>
      <w xml:id="o5280-2170330"
         n="692-a-0070"
         ecep:lem="vide"
         ecep:pos="fw-la"
         ecep:reg="VIDE"
         ecep:spe="VIDE"
         ecep:syllab="1"
         ecep:pron="ˈvaɪdiː">VIDE</w>
      <c> </c>
      <w xml:id="o5280-2170340"
         n="692-a-0080"
         ecep:lem="pennant"
         ecep:pos="ng1"
         ecep:reg="PENNANT'S"
         ecep:spe="PENNANT'S"
         ecep:syllab="2"
         ecep:pron="ˈpenəntz">PENNANT'S</w>
      <c> </c>
      <w xml:id="o5280-2170350"
         n="692-a-0090"
         ecep:lem="tour"
         ecep:pos="n1"
         ecep:reg="TOUR"
         ecep:spe="TOUR"
         ecep:syllab="1"
         ecep:pron="tʊə">TOUR</w>
      <pc xml:id="o5280-2170360"
          n="692-a-0100"
          ecep:lem="."
          ecep:pos="."
          ecep:reg="."
          ecep:spe=".">.</pc>
      <pc xml:id="o5280-2170370"
          n="692-a-0110"
          unit="sentence"
          ecep:lem=")"
          ecep:pos=")"
          ecep:reg=")"
          ecep:spe=")">)</pc>
   </head>
   <head type="sub">
      <w xml:id="o5280-2170400"
         n="692-a-0120"
         ecep:lem="to"
         ecep:pos="p-acp"
         ecep:reg="TO"
         ecep:spe="TO"
         ecep:syllab="1"
         ecep:pron="tuː">TO</w>
      <c> </c>
      <w xml:id="o5280-2170410"
         n="692-a-0130"
         ecep:lem="MARY"
         ecep:pos="np1"
         ecep:reg="MARY"
         ecep:spe="MARY"
         ecep:syllab="2"
         ecep:pron="ˈmeəri">MARY</w>
      <c> </c>
      <w xml:id="o5280-2170420"
         n="692-a-0140"
         ecep:lem="lady"
         ecep:pos="n1"
         ecep:reg="LADY"
         ecep:spe="LADY"
         ecep:syllab="2"
         ecep:pron="ˈleɪdi">LADY</w>
      <c> </c>
      <w xml:id="o5280-2170430"
         n="692-a-0150"
         ecep:lem="Clarke"
         ecep:pos="np1"
         ecep:reg="CLARKE"
         ecep:spe="CLARKE"
         ecep:syllab="1"
         ecep:pron="ˈklɑːk">CLARKE</w>
      <c> </c>
      <w xml:id="o5280-2170440"
         n="692-a-0160"
         ecep:lem="of"
         ecep:pos="pp-f"
         ecep:reg="OF"
         ecep:spe="OF"
         ecep:syllab="1"
         ecep:pron="ɒv">OF</w>
      <c> </c>
      <w xml:id="o5280-2170450"
         n="692-a-0170"
         ecep:lem="PENNYCUICKE"
         ecep:pos="np1"
         ecep:reg="PENNYCUICKE"
         ecep:spe="PENNYCUICKE"
         ecep:syllab="3"
         ecep:pron="pˈenɪkjˌuːɪk">PENNYCUICKE</w>
      <pc xml:id="o5280-2170460"
          n="692-a-0180"
          unit="sentence"
          ecep:lem="."
          ecep:pos="."
          ecep:reg="."
          ecep:spe=".">.</pc>
   </head>
   <lg xml:id="o5280-s00185">
      <l xml:id="o5280-l03255">
         <w xml:id="o5280-2170490"
            n="692-a-0190"
            ecep:lem="still"
            ecep:pos="j"
            ecep:reg="STILL"
            ecep:spe="STILL"
            ecep:syllab="1"
            ecep:pron="stɪl">STILL</w>
         <c> </c>
         <w xml:id="o5280-2170500"
            n="692-a-0200"
            ecep:lem="be"
            ecep:pos="vbds"
            ecep:reg="was"
            ecep:spe="was"
            ecep:syllab="1"
            ecep:pron="wɒz">was</w>
         <c> </c>
         <w xml:id="o5280-2170510"
            n="692-a-0210"
            ecep:lem="the"
            ecep:pos="dt"
            ecep:reg="the"
            ecep:spe="the"
            ecep:syllab="1"
            ecep:pron="ðiː">the</w>
         <c> </c>
         <w xml:id="o5280-2170520"
            n="692-a-0220"
            ecep:lem="night"
            ecep:pos="n1"
            ecep:reg="night"
            ecep:spe="night"
            ecep:syllab="1"
            ecep:pron="naɪt">night</w>
         <pc xml:id="o5280-2170530"
             n="692-a-0230"
             ecep:lem=","
             ecep:pos=","
             ecep:reg=","
             ecep:spe=",">,</pc>
         <c> </c>
         <w xml:id="o5280-2170540"
            n="692-a-0240"
            ecep:lem="and"
            ecep:pos="cc"
            ecep:reg="and"
            ecep:spe="and"
            ecep:syllab="1"
            ecep:pron="ænd">and</w>
         <c> </c>
         <w xml:id="o5280-2170550"
            n="692-a-0250"
            ecep:lem="gentle"
            ecep:pos="av-jn"
            ecep:reg="gently"
            ecep:spe="gently"
            ecep:syllab="2"
            ecep:pron="ˈdʒentli">gently</w>
         <c> </c>
         <w xml:id="o5280-2170560"
            n="692-a-0260"
            ecep:lem="roll"
            ecep:pos="vvd"
            ecep:reg="rolled"
            ecep:spe="roll'd"
            ecep:syllab="1"
            ecep:pron="rəʊld">roll'd</w>
         <c> </c>
         <w xml:id="o5280-2170570"
            n="692-a-0270"
            ecep:lem="the"
            ecep:pos="dt"
            ecep:reg="the"
            ecep:spe="the"
            ecep:syllab="1"
            ecep:pron="ðiː">the</w>
         <c> </c>
         <w xml:id="o5280-2170580"
            n="692-a-0280"
            ecep:lem="wave"
            ecep:pos="n1"
            ecep:reg="wave"
            ecep:spe="wave"
            ecep:syllab="1"
            ecep:pron="weɪv">wave</w>
         <pc xml:id="o5280-2170590"
             n="692-a-0290"
             ecep:lem=","
             ecep:pos=","
             ecep:reg=","
             ecep:spe=",">,</pc>
      </l>
      <l xml:id="o5280-l03260">
         <c> </c>
         <w xml:id="o5280-2170600"
            n="692-a-0300"
            ecep:lem="when"
            ecep:pos="c-crq"
            ecep:reg="When"
            ecep:spe="When"
            ecep:syllab="1"
            ecep:pron="wen">When</w>
         <c> </c>
         <w xml:id="o5280-2170610"
            n="692-a-0310"
            ecep:lem="almond"
            ecep:pos="npg1"
            ecep:reg="Almond's"
            ecep:spe="Almond's"
            ecep:syllab="2"
            ecep:pron="ˈɑːməndz">Almond's</w>
         <c> </c>
         <w xml:id="o5280-2170620"
            n="692-a-0320"
            ecep:lem="bank"
            ecep:pos="n2"
            ecep:reg="banks"
            ecep:spe="banks"
            ecep:syllab="1"
            ecep:pron="bæŋks">banks</w>
         <c> </c>
         <w xml:id="o5280-2170630"
            n="692-a-0330"
            ecep:lem="a"
            ecep:pos="dt"
            ecep:reg="a"
            ecep:spe="a"
            ecep:syllab="1"
            ecep:pron="ə">a</w>
         <c> </c>
         <w xml:id="o5280-2170640"
            n="692-a-0340"
            ecep:lem="pensive"
            ecep:pos="j"
            ecep:reg="pensive"
            ecep:spe="pensive"
            ecep:syllab="2"
            ecep:pron="ˈpensɪv">pensive</w>
         <c> </c>
         <w xml:id="o5280-2170650"
            n="692-a-0350"
            ecep:lem="poet"
            ecep:pos="n1"
            ecep:reg="poet"
            ecep:spe="poet"
            ecep:syllab="2"
            ecep:pron="ˈpəʊɪt">poet</w>
         <c> </c>
         <w xml:id="o5280-2170660"
            n="692-a-0360"
            ecep:lem="seek"
            ecep:pos="vvd"
            ecep:reg="sought"
            ecep:spe="sought"
            ecep:syllab="1"
            ecep:pron="sɔːt">sought</w>
         <pc xml:id="o5280-2170670"
             n="692-a-0370"
             ecep:lem=","
             ecep:pos=","
             ecep:reg=","
             ecep:spe=",">,</pc>
      </l>
      <l xml:id="o5280-l03265">
         <c> </c>
         <w xml:id="o5280-2170680"
            n="692-a-0380"
            ecep:lem="and"
            ecep:pos="cc"
            ecep:reg="And"
            ecep:spe="And"
            ecep:syllab="1"
            ecep:pron="ænd">And</w>
         <c> </c>
         <w xml:id="o5280-2170690"
            n="692-a-0390"
            ecep:lem="free"
            ecep:pos="j"
            ecep:reg="free"
            ecep:spe="free"
            ecep:syllab="1"
            ecep:pron="friː">free</w>
         <c> </c>
         <w xml:id="o5280-2170700"
            n="692-a-0400"
            ecep:lem="from"
            ecep:pos="p-acp"
            ecep:reg="from"
            ecep:spe="from"
            ecep:syllab="1"
            ecep:pron="frɒm">from</w>
         <c> </c>
         <w xml:id="o5280-2170710"
            n="692-a-0410"
            ecep:lem="care"
            ecep:pos="vvi"
            ecep:reg="care"
            ecep:spe="care"
            ecep:syllab="1"
            ecep:pron="keə">care</w>
         <c> </c>
         <w xml:id="o5280-2170720"
            n="692-a-0420"
            ecep:lem="his"
            ecep:pos="po31"
            ecep:reg="his"
            ecep:spe="his"
            ecep:syllab="1"
            ecep:pron="hɪz">his</w>
         <c> </c>
         <w xml:id="o5280-2170730"
            n="692-a-0430"
            ecep:lem="rustic"
            ecep:pos="j-jn"
            ecep:reg="rustic"
            ecep:spe="rustic"
            ecep:syllab="2"
            ecep:pron="ˈrʌstɪk">rustic</w>
         <c> </c>
         <w xml:id="o5280-2170740"
            n="692-a-0440"
            ecep:lem="lay"
            ecep:pos="n-jn"
            ecep:reg="lay"
            ecep:spe="lay"
            ecep:syllab="1"
            ecep:pron="leɪ">lay</w>
         <c> </c>
         <w xml:id="o5280-2170750"
            n="692-a-0450"
            ecep:lem="attune"
            ecep:pos="vvd"
            ecep:reg="attuned"
            ecep:spe="attun'd"
            ecep:syllab="2"
            ecep:pron="əˈtʃuːnd">attun'd</w>
         <pc xml:id="o5280-2170760"
             n="692-a-0460"
             ecep:lem=","
             ecep:pos=","
             ecep:reg=","
             ecep:spe=",">,</pc>
      </l>
      <l xml:id="o5280-l03270">
         <c> </c>
         <w xml:id="o5280-2170770"
            n="692-a-0470"
            ecep:lem="when"
            ecep:pos="c-crq"
            ecep:reg="When"
            ecep:spe="When"
            ecep:syllab="1"
            ecep:pron="wen">When</w>
         <pc xml:id="o5280-2170780"
             n="692-a-0480"
             ecep:lem=","
             ecep:pos=","
             ecep:reg=","
             ecep:spe=",">,</pc>
         <c> </c>
         <w xml:id="o5280-2170790"
            n="692-a-0490"
            ecep:lem="lo"
            ecep:pos="uh"
            ecep:reg="lo"
            ecep:spe="lo"
            ecep:syllab="1"
            ecep:pron="ləʊ">lo</w>
         <pc xml:id="o5280-2170800"
             n="692-a-0500"
             ecep:lem="!"
             ecep:pos="!"
             ecep:reg="!"
             ecep:spe="!">!</pc>
         <c> </c>
         <w xml:id="o5280-2170810"
            n="692-a-0510"
            ecep:lem="by"
            ecep:pos="p-acp"
            ecep:reg="by"
            ecep:spe="by"
            ecep:syllab="1"
            ecep:pron="baɪ">by</w>
         <c> </c>
         <w xml:id="o5280-2170820"
            n="692-a-0520"
            ecep:lem="some"
            ecep:pos="d"
            ecep:reg="some"
            ecep:spe="some"
            ecep:syllab="1"
            ecep:pron="sʌm">some</w>
         <c> </c>
         <w xml:id="o5280-2170830"
            n="692-a-0530"
            ecep:lem="superior"
            ecep:pos="j-jn"
            ecep:reg="superior"
            ecep:spe="superior"
            ecep:syllab="4"
            ecep:pron="suːˈpɪəriə">superior</w>
         <c> </c>
         <w xml:id="o5280-2170840"
            n="692-a-0540"
            ecep:lem="power"
            ecep:pos="n1"
            ecep:reg="power"
            ecep:spe="pow'r"
            ecep:syllab="1"
            ecep:pron="ˈpaʊə">pow'r</w>
         <c> </c>
         <w xml:id="o5280-2170850"
            n="692-a-0550"
            ecep:lem="compel"
            ecep:pos="vvd"
            ecep:reg="compelled"
            ecep:spe="compell'd"
            ecep:syllab="2"
            ecep:pron="kəmˈpeld">compell'd</w>
         <pc xml:id="o5280-2170860"
             n="692-a-0560"
             ecep:lem=","
             ecep:pos=","
             ecep:reg=","
             ecep:spe=",">,</pc>
      </l>
      <l xml:id="o5280-l03275">
         <c> </c>
         <w xml:id="o5280-2170870"
            n="692-a-0570"
            ecep:lem="the"
            ecep:pos="dt"
            ecep:reg="The"
            ecep:spe="The"
            ecep:syllab="1"
            ecep:pron="ðiː">The</w>
         <c> </c>
         <w xml:id="o5280-2170880"
            n="692-a-0580"
            ecep:lem="silver"
            ecep:pos="n1"
            ecep:reg="silver"
            ecep:spe="silver"
            ecep:syllab="2"
            ecep:pron="ˈsɪlvə">silver</w>
         <c> </c>
         <w xml:id="o5280-2170890"
            n="692-a-0590"
            ecep:lem="wave"
            ecep:pos="vvz"
            ecep:reg="waves"
            ecep:spe="waves"
            ecep:syllab="1"
            ecep:pron="weɪvz">waves</w>
         <c> </c>
         <w xml:id="o5280-2170900"
            n="692-a-0600"
            ecep:lem="in"
            ecep:pos="p-acp"
            ecep:reg="in"
            ecep:spe="in"
            ecep:syllab="1"
            ecep:pron="ɪn">in</w>
         <c> </c>
         <w xml:id="o5280-2170910"
            n="692-a-0610"
            ecep:lem="equal"
            ecep:pos="j-jn"
            ecep:reg="equal"
            ecep:spe="equal"
            ecep:syllab="2"
            ecep:pron="ˈiːkwəl">equal</w>
         <c> </c>
         <w xml:id="o5280-2170920"
            n="692-a-0620"
            ecep:lem="part"
            ecep:pos="n2"
            ecep:reg="parts"
            ecep:spe="parts"
            ecep:syllab="1"
            ecep:pron="pɑːts">parts</w>
         <c> </c>
         <w xml:id="o5280-2170930"
            n="692-a-0630"
            ecep:lem="divide"
            ecep:pos="vvi"
            ecep:reg="divide"
            ecep:spe="divide"
            ecep:syllab="2"
            ecep:pron="dɪˈvaɪd">divide</w>
         <pc xml:id="o5280-2170940"
             n="692-a-0640"
             ecep:lem=","
             ecep:pos=","
             ecep:reg=","
             ecep:spe=",">,</pc>
      </l>
      <l xml:id="o5280-l03280">
         <c> </c>
         <w xml:id="o5280-2170950"
            n="692-a-0650"
            ecep:lem="and"
            ecep:pos="cc"
            ecep:reg="And"
            ecep:spe="And"
            ecep:syllab="1"
            ecep:pron="ænd">And</w>
         <c> </c>
         <w xml:id="o5280-2170960"
            n="692-a-0660"
            ecep:lem="thence"
            ecep:pos="av"
            ecep:reg="thence"
            ecep:spe="thence"
            ecep:syllab="1"
            ecep:pron="ðens">thence</w>
         <c> </c>
         <w xml:id="o5280-2170970"
            n="692-a-0670"
            ecep:lem="two"
            ecep:pos="crd"
            ecep:reg="two"
            ecep:spe="two"
            ecep:syllab="1"
            ecep:pron="tuː">two</w>
         <c> </c>
         <w xml:id="o5280-2170980"
            n="692-a-0680"
            ecep:lem="lovely"
            ecep:pos="j"
            ecep:reg="lovely"
            ecep:spe="lovely"
            ecep:syllab="2"
            ecep:pron="ˈlʌvli">lovely</w>
         <c> </c>
         <w xml:id="o5280-2170990"
            n="692-a-0690"
            ecep:lem="virgin"
            ecep:pos="n1"
            ecep:reg="virgin"
            ecep:spe="virgin"
            ecep:syllab="2"
            ecep:pron="ˈvɜːdʒɪn">virgin</w>
         <c> </c>
         <w xml:id="o5280-2171000"
            n="692-a-0700"
            ecep:lem="form"
            ecep:pos="n2"
            ecep:reg="forms"
            ecep:spe="forms"
            ecep:syllab="1"
            ecep:pron="fɔːmz">forms</w>
         <c> </c>
         <w xml:id="o5280-2171010"
            n="692-a-0710"
            ecep:lem="arise"
            ecep:pos="vvi"
            ecep:reg="arise"
            ecep:spe="arise"
            ecep:syllab="2"
            ecep:pron="əˈraɪz">arise</w>
         <pc xml:id="o5280-2171020"
             n="692-a-0720"
             ecep:lem=","
             ecep:pos=","
             ecep:reg=","
             ecep:spe=",">,</pc>
      </l>
      <l xml:id="o5280-l03285">
         <c> </c>
         <pc xml:id="o5280-2171030"
             n="692-a-0730"
             ecep:lem="("
             ecep:pos="("
             ecep:reg="("
             ecep:spe="(">(</pc>
         <w xml:id="o5280-2171040"
            n="692-a-0740"
            ecep:lem="the"
            ecep:pos="dt"
            ecep:reg="The"
            ecep:spe="The"
            ecep:syllab="1"
            ecep:pron="ðiː">The</w>
         <c> </c>
         <w xml:id="o5280-2171050"
            n="692-a-0750"
            ecep:lem="fair"
            ecep:pos="js"
            ecep:reg="fairest"
            ecep:spe="fairest"
            ecep:syllab="2"
            ecep:pron="feəɪst">fairest</w>
         <c> </c>
         <w xml:id="o5280-2171060"
            n="692-a-0760"
            ecep:lem="they"
            ecep:pos="pns32"
            ecep:reg="they"
            ecep:spe="they"
            ecep:syllab="1"
            ecep:pron="ðeɪ">they</w>
         <c> </c>
         <w xml:id="o5280-2171070"
            n="692-a-0770"
            ecep:lem="of"
            ecep:pos="pp-f"
            ecep:reg="of"
            ecep:spe="of"
            ecep:syllab="1"
            ecep:pron="ɒv">of</w>
         <c> </c>
         <w xml:id="o5280-2171080"
            n="692-a-0780"
            ecep:lem="caledonia"
            ecep:pos="npg1"
            ecep:reg="Caledonia's"
            ecep:spe="Caledonia's"
            ecep:syllab="5"
            ecep:pron="ˌkælɪˈdəʊniəz">Caledonia's</w>
         <c> </c>
         <w xml:id="o5280-2171090"
            n="692-a-0790"
            ecep:lem="fair"
            ecep:pos="j"
            ecep:reg="fair"
            ecep:spe="fair"
            ecep:syllab="1"
            ecep:pron="feə">fair</w>
         <pc xml:id="o5280-2171100"
             n="692-a-0800"
             ecep:lem=","
             ecep:pos=","
             ecep:reg=","
             ecep:spe=",">,</pc>
         <pc xml:id="o5280-2171110"
             n="692-a-0810"
             ecep:lem=")"
             ecep:pos=")"
             ecep:reg=")"
             ecep:spe=")">)</pc>
      </l>
      <l xml:id="o5280-l03290">
         <c> </c>
         <w xml:id="o5280-2171120"
            n="692-a-0820"
            ecep:lem="who"
            ecep:pos="q-crq"
            ecep:reg="Who"
            ecep:spe="Who"
            ecep:syllab="1"
            ecep:pron="huː">Who</w>
         <c> </c>
         <w xml:id="o5280-2171130"
            n="692-a-0830"
            ecep:lem="thus"
            ecep:pos="av"
            ecep:reg="thus"
            ecep:spe="thus"
            ecep:syllab="1"
            ecep:pron="ðʌs">thus</w>
         <c> </c>
         <w xml:id="o5280-2171140"
            n="692-a-0840"
            ecep:lem="with"
            ecep:pos="p-acp"
            ecep:reg="with"
            ecep:spe="with"
            ecep:syllab="1"
            ecep:pron="wɪð">with</w>
         <c> </c>
         <w xml:id="o5280-2171150"
            n="692-a-0850"
            ecep:lem="accent"
            ecep:pos="n1"
            ecep:reg="accent"
            ecep:spe="accent"
            ecep:syllab="2"
            ecep:pron="ˈæksnt">accent</w>
         <c> </c>
         <w xml:id="o5280-2171160"
            n="692-a-0860"
            ecep:lem="soft"
            ecep:pos="j"
            ecep:reg="soft"
            ecep:spe="soft"
            ecep:syllab="1"
            ecep:pron="sɒft">soft</w>
         <c> </c>
         <w xml:id="o5280-2171170"
            n="692-a-0870"
            ecep:lem="the"
            ecep:pos="dt"
            ecep:reg="the"
            ecep:spe="the"
            ecep:syllab="1"
            ecep:pron="ðiː">the</w>
         <c> </c>
         <w xml:id="o5280-2171180"
            n="692-a-0880"
            ecep:lem="bard"
            ecep:pos="n1"
            ecep:reg="bard"
            ecep:spe="bard"
            ecep:syllab="1"
            ecep:pron="bɑːd">bard</w>
         <c> </c>
         <w xml:id="o5280-2171190"
            n="692-a-0890"
            ecep:lem="bespeak"
            ecep:pos="vvi"
            ecep:reg="bespeak"
            ecep:spe="bespeak"
            ecep:syllab="2"
            ecep:pron="bɪˈspiːk">bespeak</w>
         <pc xml:id="o5280-2171200"
             n="692-a-0900"
             ecep:lem=":"
             ecep:pos=":"
             ecep:reg=":"
             ecep:spe=":">:</pc>
      </l>
      <l xml:id="o5280-l03295">
         <c> </c>
         <pc xml:id="o5280-2171210"
             n="692-a-0910"
             ecep:lem="&#34;"
             ecep:pos="&#34;"
             ecep:reg="&#34;"
             ecep:spe="&#34;">"</pc>
         <w xml:id="o5280-2171220"
            n="692-a-0920"
            ecep:lem="be"
            ecep:pos="vbb"
            ecep:reg="Be"
            ecep:spe="Be"
            ecep:syllab="1"
            ecep:pron="biː">Be</w>
         <c> </c>
         <w xml:id="o5280-2171230"
            n="692-a-0930"
            ecep:lem="thy"
            ecep:pos="po21"
            ecep:reg="thine"
            ecep:spe="thine"
            ecep:syllab="1"
            ecep:pron="ðaɪn">thine</w>
         <c> </c>
         <w xml:id="o5280-2171240"
            n="692-a-0940"
            ecep:lem="the"
            ecep:pos="dt"
            ecep:reg="the"
            ecep:spe="the"
            ecep:syllab="1"
            ecep:pron="ðiː">the</w>
         <c> </c>
         <w xml:id="o5280-2171250"
            n="692-a-0950"
            ecep:lem="task"
            ecep:pos="n1"
            ecep:reg="task"
            ecep:spe="task"
            ecep:syllab="1"
            ecep:pron="tɑːsk">task</w>
         <c> </c>
         <w xml:id="o5280-2171260"
            n="692-a-0960"
            ecep:lem="our"
            ecep:pos="po12"
            ecep:reg="our"
            ecep:spe="our"
            ecep:syllab="1"
            ecep:pron="æə">our</w>
         <c> </c>
         <w xml:id="o5280-2171270"
            n="692-a-0970"
            ecep:lem="hapless"
            ecep:pos="j"
            ecep:reg="hapless"
            ecep:spe="hapless"
            ecep:syllab="2"
            ecep:pron="ˈhæpləs">hapless</w>
         <c> </c>
         <w xml:id="o5280-2171280"
            n="692-a-0980"
            ecep:lem="fate"
            ecep:pos="n1"
            ecep:reg="fate"
            ecep:spe="fate"
            ecep:syllab="1"
            ecep:pron="feɪt">fate</w>
         <c> </c>
         <w xml:id="o5280-2171290"
            n="692-a-0990"
            ecep:lem="to"
            ecep:pos="pc-acp"
            ecep:reg="to"
            ecep:spe="to"
            ecep:syllab="1"
            ecep:pron="tuː">to</w>
         <c> </c>
         <w xml:id="o5280-2171300"
            n="692-a-1000"
            ecep:lem="sing"
            ecep:pos="vvi"
            ecep:reg="sing"
            ecep:spe="sing"
            ecep:syllab="1"
            ecep:pron="sɪŋ">sing</w>
         <pc xml:id="o5280-2171310"
             n="692-a-1010"
             ecep:lem=","
             ecep:pos=","
             ecep:reg=","
             ecep:spe=",">,</pc>
      </l>
      <l xml:id="o5280-l03300">
         <c> </c>
         <w xml:id="o5280-2171320"
            n="692-a-1020"
            ecep:lem="while"
            ecep:pos="cs"
            ecep:reg="While"
            ecep:spe="Whilst"
            ecep:syllab="1"
            ecep:pron="waɪlst">Whilst</w>
         <c> </c>
         <w xml:id="o5280-2171330"
            n="692-a-1030"
            ecep:lem="we"
            ecep:pos="pns12"
            ecep:reg="we"
            ecep:spe="we"
            ecep:syllab="1"
            ecep:pron="wiː">we</w>
         <pc xml:id="o5280-2171340"
             n="692-a-1040"
             ecep:lem=","
             ecep:pos=","
             ecep:reg=","
             ecep:spe=",">,</pc>
         <c> </c>
         <w xml:id="o5280-2171350"
            n="692-a-1050"
            ecep:lem="o"
            ecep:pos="uh"
            ecep:reg="OH"
            ecep:spe="O"
            ecep:syllab="1"
            ecep:pron="əʊ">O</w>
         <c> </c>
         <w xml:id="o5280-2171360"
            n="692-a-1060"
            ecep:lem="bard"
            ecep:pos="n1"
            ecep:reg="Bard"
            ecep:spe="Bard"
            ecep:syllab="1"
            ecep:pron="bɑːd">Bard</w>
         <pc xml:id="o5280-2171370"
             n="692-a-1070"
             ecep:lem=","
             ecep:pos=","
             ecep:reg=","
             ecep:spe=",">,</pc>
         <c> </c>
         <w xml:id="o5280-2171380"
            n="692-a-1080"
            ecep:lem="thy"
            ecep:pos="po21"
            ecep:reg="thy"
            ecep:spe="thy"
            ecep:syllab="1"
            ecep:pron="ðaɪ">thy</w>
         <c> </c>
         <w xml:id="o5280-2171390"
            n="692-a-1090"
            ecep:lem="rustic"
            ecep:pos="j-jn"
            ecep:reg="rustic"
            ecep:spe="rustic"
            ecep:syllab="2"
            ecep:pron="ˈrʌstɪk">rustic</w>
         <c> </c>
         <w xml:id="o5280-2171400"
            n="692-a-1100"
            ecep:lem="verse"
            ecep:pos="n1"
            ecep:reg="verse"
            ecep:spe="verse"
            ecep:syllab="1"
            ecep:pron="vɜːs">verse</w>
         <c> </c>
         <w xml:id="o5280-2171410"
            n="692-a-1110"
            ecep:lem="inspire"
            ecep:pos="vvi"
            ecep:reg="inspire"
            ecep:spe="inspire"
            ecep:syllab="2"
            ecep:pron="ɪnˈspæə">inspire</w>
         <pc xml:id="o5280-2171420"
             n="692-a-1120"
             ecep:lem=","
             ecep:pos=","
             ecep:reg=","
             ecep:spe=",">,</pc>
      </l>
      <l xml:id="o5280-l03305">
         <c> </c>
         <w xml:id="o5280-2171430"
            n="692-a-1130"
            ecep:lem="still"
            ecep:pos="av"
            ecep:reg="Still"
            ecep:spe="Still"
            ecep:syllab="1"
            ecep:pron="stɪl">Still</w>
         <c> </c>
         <w xml:id="o5280-2171440"
            n="692-a-1140"
            ecep:lem="on"
            ecep:pos="p-acp"
            ecep:reg="on"
            ecep:spe="on"
            ecep:syllab="1"
            ecep:pron="ɒn">on</w>
         <c> </c>
         <w xml:id="o5280-2171450"
            n="692-a-1150"
            ecep:lem="these"
            ecep:pos="d"
            ecep:reg="these"
            ecep:spe="these"
            ecep:syllab="1"
            ecep:pron="ðiːz">these</w>
         <c> </c>
         <w xml:id="o5280-2171460"
            n="692-a-1160"
            ecep:lem="bank"
            ecep:pos="n2"
            ecep:reg="banks"
            ecep:spe="banks"
            ecep:syllab="1"
            ecep:pron="bæŋks">banks</w>
         <c> </c>
         <w xml:id="o5280-2171470"
            n="692-a-1170"
            ecep:lem="our"
            ecep:pos="po12"
            ecep:reg="our"
            ecep:spe="our"
            ecep:syllab="1"
            ecep:pron="æə">our</w>
         <c> </c>
         <w xml:id="o5280-2171480"
            n="692-a-1180"
            ecep:lem="pensive"
            ecep:pos="j"
            ecep:reg="pensive"
            ecep:spe="pensive"
            ecep:syllab="2"
            ecep:pron="ˈpensɪv">pensive</w>
         <c> </c>
         <w xml:id="o5280-2171490"
            n="692-a-1190"
            ecep:lem="spirit"
            ecep:pos="n2"
            ecep:reg="spirits"
            ecep:spe="spirits"
            ecep:syllab="2"
            ecep:pron="ˈspɪrɪts">spirits</w>
         <c> </c>
         <w xml:id="o5280-2171500"
            n="692-a-1200"
            ecep:lem="stray"
            ecep:pos="vvi"
            ecep:reg="stray"
            ecep:spe="stray"
            ecep:syllab="1"
            ecep:pron="streɪ">stray</w>
         <pc xml:id="o5280-2171510"
             n="692-a-1210"
             ecep:lem=","
             ecep:pos=","
             ecep:reg=","
             ecep:spe=",">,</pc>
      </l>
      <pb facs="o5280/0693" n="49" rend="none"/>
      <l xml:id="o5280-l03310">
         <c> </c>
         <w xml:id="o5280-2171520"
            n="693-a-0010"
            ecep:lem="and"
            ecep:pos="cc"
            ecep:reg="And"
            ecep:spe="And"
            ecep:syllab="1"
            ecep:pron="ænd">And</w>
         <c> </c>
         <w xml:id="o5280-2171530"
            n="693-a-0020"
            ecep:lem="oft"
            ecep:pos="av"
            ecep:reg="oft"
            ecep:spe="oft"
            ecep:syllab="1"
            ecep:pron="ɒft">oft</w>
         <c> </c>
         <w xml:id="o5280-2171540"
            n="693-a-0030"
            ecep:lem="at"
            ecep:pos="p-acp"
            ecep:reg="at"
            ecep:spe="at"
            ecep:syllab="1"
            ecep:pron="æt">at</w>
         <c> </c>
         <w xml:id="o5280-2171550"
            n="693-a-0040"
            ecep:lem="evetide"
            ecep:pos="vvb"
            ecep:reg="evetide"
            ecep:spe="evetide"
            ecep:syllab="3"
            ecep:pron="ˈiːvtaɪd">evetide</w>
         <c> </c>
         <w xml:id="o5280-2171560"
            n="693-a-0050"
            ecep:lem="by"
            ecep:pos="p-acp"
            ecep:reg="by"
            ecep:spe="by"
            ecep:syllab="1"
            ecep:pron="baɪ">by</w>
         <c> </c>
         <w xml:id="o5280-2171570"
            n="693-a-0060"
            ecep:lem="the"
            ecep:pos="dt"
            ecep:reg="the"
            ecep:spe="the"
            ecep:syllab="1"
            ecep:pron="ðiː">the</w>
         <c> </c>
         <w xml:id="o5280-2171580"
            n="693-a-0070"
            ecep:lem="swain"
            ecep:pos="n2"
            ecep:reg="swains"
            ecep:spe="swains"
            ecep:syllab="1"
            ecep:pron="sweɪnz">swains</w>
         <c> </c>
         <w xml:id="o5280-2171590"
            n="693-a-0080"
            ecep:lem="be"
            ecep:pos="vbr"
            ecep:reg="are"
            ecep:spe="are"
            ecep:syllab="1"
            ecep:pron="ɑː">are</w>
         <c> </c>
         <w xml:id="o5280-2171600"
            n="693-a-0090"
            ecep:lem="see"
            ecep:pos="vvn"
            ecep:reg="seen"
            ecep:spe="seen"
            ecep:syllab="1"
            ecep:pron="siːn">seen</w>
         <pc xml:id="o5280-2171610"
             n="693-a-0100"
             unit="sentence"
             ecep:lem="."
             ecep:pos="."
             ecep:reg="."
             ecep:spe=".">.</pc>
         <c> </c>
      </l>
      <l xml:id="o5280-l03315">
         <w xml:id="o5280-2171620"
            n="693-a-0110"
            ecep:lem="in"
            ecep:pos="p-acp"
            ecep:reg="In"
            ecep:spe="In"
            ecep:syllab="1"
            ecep:pron="ɪn">In</w>
         <c> </c>
         <w xml:id="o5280-2171630"
            n="693-a-0120"
            ecep:lem="age"
            ecep:pos="n2"
            ecep:reg="ages"
            ecep:spe="ages"
            ecep:syllab="2"
            ecep:pron="eɪdʒɪz">ages</w>
         <c> </c>
         <w xml:id="o5280-2171640"
            n="693-a-0130"
            ecep:lem="past"
            ecep:pos="p-acp"
            ecep:reg="past"
            ecep:spe="past"
            ecep:syllab="1"
            ecep:pron="pɑːst">past</w>
         <c> </c>
         <w xml:id="o5280-2171650"
            n="693-a-0140"
            ecep:lem="we"
            ecep:pos="pns12"
            ecep:reg="we"
            ecep:spe="we"
            ecep:syllab="1"
            ecep:pron="wiː">we</w>
         <c> </c>
         <w xml:id="o5280-2171660"
            n="693-a-0150"
            ecep:lem="be"
            ecep:pos="vbdr"
            ecep:reg="were"
            ecep:spe="were"
            ecep:syllab="1"
            ecep:pron="wɜː">were</w>
         <c> </c>
         <w xml:id="o5280-2171670"
            n="693-a-0160"
            ecep:lem="for"
            ecep:pos="p-acp"
            ecep:reg="for"
            ecep:spe="for"
            ecep:syllab="1"
            ecep:pron="fɔː">for</w>
         <c> </c>
         <w xml:id="o5280-2171680"
            n="693-a-0170"
            ecep:lem="friendship"
            ecep:pos="n1"
            ecep:reg="friendship"
            ecep:spe="friendship"
            ecep:syllab="2"
            ecep:pron="ˈfrenʃɪp">friendship</w>
         <c> </c>
         <w xml:id="o5280-2171690"
            n="693-a-0180"
            ecep:lem="fame"
            ecep:pos="vvd"
            ecep:reg="famed"
            ecep:spe="fam'd"
            ecep:syllab="1"
            ecep:pron="feɪmd">fam'd</w>
         <pc xml:id="o5280-2171700"
             n="693-a-0190"
             ecep:lem=";"
             ecep:pos=";"
             ecep:reg=";"
             ecep:spe=";">;</pc>
      </l>
      <l xml:id="o5280-l03320">
         <c> </c>
         <w xml:id="o5280-2171710"
            n="693-a-0200"
            ecep:lem="nor"
            ecep:pos="ccx"
            ecep:reg="Nor"
            ecep:spe="Nor"
            ecep:syllab="1"
            ecep:pron="nɔː">Nor</w>
         <c> </c>
         <w xml:id="o5280-2171720"
            n="693-a-0210"
            ecep:lem="love"
            ecep:pos="n1"
            ecep:reg="love"
            ecep:spe="love"
            ecep:syllab="1"
            ecep:pron="lʌv">love</w>
         <pc xml:id="o5280-2171730"
             n="693-a-0220"
             ecep:lem=","
             ecep:pos=","
             ecep:reg=","
             ecep:spe=",">,</pc>
         <c> </c>
         <w xml:id="o5280-2171740"
            n="693-a-0230"
            ecep:lem="nor"
            ecep:pos="ccx"
            ecep:reg="nor"
            ecep:spe="nor"
            ecep:syllab="1"
            ecep:pron="nɔː">nor</w>
         <c> </c>
         <w xml:id="o5280-2171750"
            n="693-a-0240"
            ecep:lem="death"
            ecep:pos="n1"
            ecep:reg="death"
            ecep:spe="death"
            ecep:syllab="1"
            ecep:pron="deθ">death</w>
         <pc xml:id="o5280-2171760"
             n="693-a-0250"
             ecep:lem=","
             ecep:pos=","
             ecep:reg=","
             ecep:spe=",">,</pc>
         <c> </c>
         <w xml:id="o5280-2171770"
            n="693-a-0260"
            ecep:lem="our"
            ecep:pos="po12"
            ecep:reg="our"
            ecep:spe="our"
            ecep:syllab="1"
            ecep:pron="æə">our</w>
         <c> </c>
         <w xml:id="o5280-2171780"
            n="693-a-0270"
            ecep:lem="friendship"
            ecep:pos="n1"
            ecep:reg="friendship"
            ecep:spe="friendship"
            ecep:syllab="2"
            ecep:pron="ˈfrenʃɪp">friendship</w>
         <c> </c>
         <w xml:id="o5280-2171790"
            n="693-a-0280"
            ecep:lem="can"
            ecep:pos="vmd"
            ecep:reg="could"
            ecep:spe="could"
            ecep:syllab="1"
            ecep:pron="kʊd">could</w>
         <c> </c>
         <w xml:id="o5280-2171800"
            n="693-a-0290"
            ecep:lem="destroy"
            ecep:pos="vvi"
            ecep:reg="destroy"
            ecep:spe="destroy"
            ecep:syllab="2"
            ecep:pron="dɪˈstrɔɪ">destroy</w>
         <pc xml:id="o5280-2171810"
             n="693-a-0300"
             unit="sentence"
             ecep:lem="."
             ecep:pos="."
             ecep:reg="."
             ecep:spe=".">.</pc>
         <c> </c>
      </l>
      <l xml:id="o5280-l03325">
         <w xml:id="o5280-2171820"
            n="693-a-0310"
            ecep:lem="one"
            ecep:pos="crd"
            ecep:reg="One"
            ecep:spe="One"
            ecep:syllab="1"
            ecep:pron="wʌn">One</w>
         <c> </c>
         <w xml:id="o5280-2171830"
            n="693-a-0320"
            ecep:lem="happy"
            ecep:pos="j"
            ecep:reg="happy"
            ecep:spe="happy"
            ecep:syllab="2"
            ecep:pron="ˈhæpi">happy</w>
         <c> </c>
         <w xml:id="o5280-2171840"
            n="693-a-0330"
            ecep:lem="youth"
            ecep:pos="n1"
            ecep:reg="youth"
            ecep:spe="youth"
            ecep:syllab="1"
            ecep:pron="juːθ">youth</w>
         <pc xml:id="o5280-2171850"
             n="693-a-0340"
             ecep:lem=","
             ecep:pos=","
             ecep:reg=","
             ecep:spe=",">,</pc>
         <c> </c>
         <w xml:id="o5280-2171860"
            n="693-a-0350"
            ecep:lem="by"
            ecep:pos="p-acp"
            ecep:reg="by"
            ecep:spe="by"
            ecep:syllab="1"
            ecep:pron="baɪ">by</w>
         <c> </c>
         <w xml:id="o5280-2171870"
            n="693-a-0360"
            ecep:lem="both"
            ecep:pos="d"
            ecep:reg="both"
            ecep:spe="both"
            ecep:syllab="1"
            ecep:pron="bəʊθ">both</w>
         <c> </c>
         <w xml:id="o5280-2171880"
            n="693-a-0370"
            ecep:lem="alike"
            ecep:pos="av"
            ecep:reg="alike"
            ecep:spe="alike"
            ecep:syllab="2"
            ecep:pron="əˈlaɪk">alike</w>
         <c> </c>
         <w xml:id="o5280-2171890"
            n="693-a-0380"
            ecep:lem="belove"
            ecep:pos="vvn"
            ecep:reg="beloved"
            ecep:spe="belov'd"
            ecep:syllab="2"
            ecep:pron="bɪˈlʌvd">belov'd</w>
         <pc xml:id="o5280-2171900"
             n="693-a-0390"
             ecep:lem=","
             ecep:pos=","
             ecep:reg=","
             ecep:spe=",">,</pc>
      </l>
      <l xml:id="o5280-l03330">
         <c> </c>
         <w xml:id="o5280-2171910"
            n="693-a-0400"
            ecep:lem="be"
            ecep:pos="vbds"
            ecep:reg="Was"
            ecep:spe="Was"
            ecep:syllab="1"
            ecep:pron="wɒz">Was</w>
         <c> </c>
         <w xml:id="o5280-2171920"
            n="693-a-0410"
            ecep:lem="with"
            ecep:pos="p-acp"
            ecep:reg="with"
            ecep:spe="with"
            ecep:syllab="1"
            ecep:pron="wɪð">with</w>
         <c> </c>
         <w xml:id="o5280-2171930"
            n="693-a-0420"
            ecep:lem="our"
            ecep:pos="po12"
            ecep:reg="our"
            ecep:spe="our"
            ecep:syllab="1"
            ecep:pron="æə">our</w>
         <c> </c>
         <w xml:id="o5280-2171940"
            n="693-a-0430"
            ecep:lem="kind"
            ecep:pos="js"
            ecep:reg="kindest"
            ecep:spe="kindest"
            ecep:syllab="2"
            ecep:pron="kaɪndɪst">kindest</w>
         <pc xml:id="o5280-2171950"
             n="693-a-0440"
             ecep:lem=","
             ecep:pos=","
             ecep:reg=","
             ecep:spe=",">,</pc>
         <c> </c>
         <w xml:id="o5280-2171960"
            n="693-a-0450"
            ecep:lem="tender"
            ecep:pos="js"
            ecep:reg="tenderest"
            ecep:spe="tenderest"
            ecep:syllab="3"
            ecep:pron="ˈtendrɪst">tenderest</w>
         <c> </c>
         <w xml:id="o5280-2171970"
            n="693-a-0460"
            ecep:lem="wish"
            ecep:pos="n2"
            ecep:reg="wishes"
            ecep:spe="wishes"
            ecep:syllab="2"
            ecep:pron="wɪʃɪz">wishes</w>
         <c> </c>
         <w xml:id="o5280-2171980"
            n="693-a-0470"
            ecep:lem="bless"
            ecep:pos="vvd"
            ecep:reg="blessed"
            ecep:spe="bless'd"
            ecep:syllab="1"
            ecep:pron="ˈblesɪd">bless'd</w>
         <pc xml:id="o5280-2171990"
             n="693-a-0480"
             ecep:lem=";"
             ecep:pos=";"
             ecep:reg=";"
             ecep:spe=";">;</pc>
      </l>
      <l xml:id="o5280-l03335">
         <c> </c>
         <w xml:id="o5280-2172000"
            n="693-a-0490"
            ecep:lem="while"
            ecep:pos="cs"
            ecep:reg="While"
            ecep:spe="Whilst"
            ecep:syllab="1"
            ecep:pron="waɪlst">Whilst</w>
         <c> </c>
         <w xml:id="o5280-2172010"
            n="693-a-0500"
            ecep:lem="he"
            ecep:pos="pns31"
            ecep:reg="he"
            ecep:spe="he"
            ecep:syllab="1"
            ecep:pron="hiː">he</w>
         <c> </c>
         <w xml:id="o5280-2172020"
            n="693-a-0510"
            ecep:lem="for"
            ecep:pos="p-acp"
            ecep:reg="for"
            ecep:spe="for"
            ecep:syllab="1"
            ecep:pron="fɔː">for</w>
         <c> </c>
         <w xml:id="o5280-2172030"
            n="693-a-0520"
            ecep:lem="each"
            ecep:pos="d"
            ecep:reg="each"
            ecep:spe="each"
            ecep:syllab="1"
            ecep:pron="iːtʃ">each</w>
         <c> </c>
         <w xml:id="o5280-2172040"
            n="693-a-0530"
            ecep:lem="with"
            ecep:pos="p-acp"
            ecep:reg="with"
            ecep:spe="with"
            ecep:syllab="1"
            ecep:pron="wɪð">with</w>
         <c> </c>
         <w xml:id="o5280-2172050"
            n="693-a-0540"
            ecep:lem="equal"
            ecep:pos="j-jn"
            ecep:reg="equal"
            ecep:spe="equal"
            ecep:syllab="2"
            ecep:pron="ˈiːkwəl">equal</w>
         <c> </c>
         <w xml:id="o5280-2172060"
            n="693-a-0550"
            ecep:lem="passion"
            ecep:pos="n1"
            ecep:reg="passion"
            ecep:spe="passion"
            ecep:syllab="2"
            ecep:pron="ˈpæʃn">passion</w>
         <c> </c>
         <w xml:id="o5280-2172070"
            n="693-a-0560"
            ecep:lem="burn"
            ecep:pos="vvn"
            ecep:reg="burned"
            ecep:spe="burnt"
            ecep:syllab="1"
            ecep:pron="bɜːnt">burnt</w>
         <pc xml:id="o5280-2172080"
             n="693-a-0570"
             unit="sentence"
             ecep:lem="."
             ecep:pos="."
             ecep:reg="."
             ecep:spe=".">.</pc>
         <c> </c>
      </l>
      <l xml:id="o5280-l03340">
         <w xml:id="o5280-2172090"
            n="693-a-0580"
            ecep:lem="when"
            ecep:pos="c-crq"
            ecep:reg="When"
            ecep:spe="When"
            ecep:syllab="1"
            ecep:pron="wen">When</w>
         <c> </c>
         <w xml:id="o5280-2172100"
            n="693-a-0590"
            ecep:lem="from"
            ecep:pos="p-acp"
            ecep:reg="from"
            ecep:spe="from"
            ecep:syllab="1"
            ecep:pron="frɒm">from</w>
         <c> </c>
         <w xml:id="o5280-2172110"
            n="693-a-0600"
            ecep:lem="contagion"
            ecep:pos="n2"
            ecep:reg="contagions"
            ecep:spe="contagions"
            ecep:syllab="3"
            ecep:pron="kənˈteɪdʒnz">contagions</w>
         <c> </c>
         <w xml:id="o5280-2172120"
            n="693-a-0610"
            ecep:lem="dire"
            ecep:pos="j"
            ecep:reg="dire"
            ecep:spe="dire"
            ecep:syllab="1"
            ecep:pron="dæə">dire</w>
         <c> </c>
         <w xml:id="o5280-2172130"
            n="693-a-0620"
            ecep:lem="we"
            ecep:pos="pns12"
            ecep:reg="we"
            ecep:spe="we"
            ecep:syllab="1"
            ecep:pron="wiː">we</w>
         <c> </c>
         <w xml:id="o5280-2172140"
            n="693-a-0630"
            ecep:lem="hither"
            ecep:pos="av"
            ecep:reg="hither"
            ecep:spe="hither"
            ecep:syllab="2"
            ecep:pron="ˈhɪðə">hither</w>
         <c> </c>
         <w xml:id="o5280-2172150"
            n="693-a-0640"
            ecep:lem="flee"
            ecep:pos="vvn"
            ecep:reg="fled"
            ecep:spe="fled"
            ecep:syllab="1"
            ecep:pron="fled">fled</w>
         <pc xml:id="o5280-2172160"
             n="693-a-0650"
             ecep:lem=","
             ecep:pos=","
             ecep:reg=","
             ecep:spe=",">,</pc>
      </l>
      <l xml:id="o5280-l03345">
         <c> </c>
         <w xml:id="o5280-2172170"
            n="693-a-0660"
            ecep:lem="for"
            ecep:pos="p-acp"
            ecep:reg="For"
            ecep:spe="For"
            ecep:syllab="1"
            ecep:pron="fɔː">For</w>
         <c> </c>
         <w xml:id="o5280-2172180"
            n="693-a-0670"
            ecep:lem="we"
            ecep:pos="pno12"
            ecep:reg="us"
            ecep:spe="us"
            ecep:syllab="1"
            ecep:pron="ʌs">us</w>
         <pc xml:id="o5280-2172190"
             n="693-a-0680"
             ecep:lem=","
             ecep:pos=","
             ecep:reg=","
             ecep:spe=",">,</pc>
         <c> </c>
         <w xml:id="o5280-2172200"
            n="693-a-0690"
            ecep:lem="on"
            ecep:pos="p-acp"
            ecep:reg="on"
            ecep:spe="on"
            ecep:syllab="1"
            ecep:pron="ɒn">on</w>
         <c> </c>
         <w xml:id="o5280-2172210"
            n="693-a-0700"
            ecep:lem="yonder"
            ecep:pos="d"
            ecep:reg="yonder"
            ecep:spe="yonder"
            ecep:syllab="2"
            ecep:pron="ˈjɒndə">yonder</w>
         <c> </c>
         <w xml:id="o5280-2172220"
            n="693-a-0710"
            ecep:lem="hill"
            ecep:pos="n1"
            ecep:reg="hill"
            ecep:spe="hill"
            ecep:syllab="1"
            ecep:pron="hɪl">hill</w>
         <pc xml:id="o5280-2172230"
             n="693-a-0720"
             ecep:lem=","
             ecep:pos=","
             ecep:reg=","
             ecep:spe=",">,</pc>
         <c> </c>
         <w xml:id="o5280-2172240"
            n="693-a-0730"
            ecep:lem="a"
            ecep:pos="dt"
            ecep:reg="a"
            ecep:spe="a"
            ecep:syllab="1"
            ecep:pron="ə">a</w>
         <c> </c>
         <w xml:id="o5280-2172250"
            n="693-a-0740"
            ecep:lem="bower"
            ecep:pos="n1"
            ecep:reg="bower"
            ecep:spe="bower"
            ecep:syllab="2"
            ecep:pron="ˈbaʊə">bower</w>
         <c> </c>
         <w xml:id="o5280-2172260"
            n="693-a-0750"
            ecep:lem="he"
            ecep:pos="pns31"
            ecep:reg="he"
            ecep:spe="he"
            ecep:syllab="1"
            ecep:pron="hiː">he</w>
         <c> </c>
         <w xml:id="o5280-2172270"
            n="693-a-0760"
            ecep:lem="build"
            ecep:pos="vvd"
            ecep:reg="built"
            ecep:spe="built"
            ecep:syllab="1"
            ecep:pron="bɪlt">built</w>
         <pc xml:id="o5280-2172280"
             n="693-a-0770"
             ecep:lem=","
             ecep:pos=","
             ecep:reg=","
             ecep:spe=",">,</pc>
      </l>
      <l xml:id="o5280-l03350">
         <c> </c>
         <w xml:id="o5280-2172290"
            n="693-a-0780"
            ecep:lem="and"
            ecep:pos="cc"
            ecep:reg="And"
            ecep:spe="And"
            ecep:syllab="1"
            ecep:pron="ænd">And</w>
         <c> </c>
         <w xml:id="o5280-2172300"
            n="693-a-0790"
            ecep:lem="oft"
            ecep:pos="av"
            ecep:reg="oft"
            ecep:spe="oft"
            ecep:syllab="1"
            ecep:pron="ɒft">oft</w>
         <c> </c>
         <w xml:id="o5280-2172310"
            n="693-a-0800"
            ecep:lem="at"
            ecep:pos="p-acp"
            ecep:reg="at"
            ecep:spe="at"
            ecep:syllab="1"
            ecep:pron="æt">at</w>
         <c> </c>
         <w xml:id="o5280-2172320"
            n="693-a-0810"
            ecep:lem="evetide"
            ecep:pos="vvb"
            ecep:reg="evetide"
            ecep:spe="evetide"
            ecep:syllab="3"
            ecep:pron="ˈiːvtaɪd">evetide</w>
         <c> </c>
         <w xml:id="o5280-2172330"
            n="693-a-0820"
            ecep:lem="climb"
            ecep:pos="vvd"
            ecep:reg="climbed"
            ecep:spe="climb'd"
            ecep:syllab="1"
            ecep:pron="klaɪmd">climb'd</w>
         <c> </c>
         <w xml:id="o5280-2172340"
            n="693-a-0830"
            ecep:lem="the"
            ecep:pos="dt"
            ecep:reg="the"
            ecep:spe="the"
            ecep:syllab="1"
            ecep:pron="ðiː">the</w>
         <c> </c>
         <w xml:id="o5280-2172350"
            n="693-a-0840"
            ecep:lem="steepy"
            ecep:pos="j"
            ecep:reg="steepy"
            ecep:spe="steepy"
            ecep:syllab="2"
            ecep:pron="stˈiːpi">steepy</w>
         <c> </c>
         <w xml:id="o5280-2172360"
            n="693-a-0850"
            ecep:lem="brae"
            ecep:pos="n1"
            ecep:reg="brae"
            ecep:spe="brae"
            ecep:syllab="1"
            ecep:pron="breɪ">brae</w>
         <note n="*" place="bottom" xml:id="o5280-n01380">
            <w xml:id="o5280-2172380"
               n="693-a-0860"
               ecep:lem="a"
               ecep:pos="dt"
               ecep:reg="A"
               ecep:spe="A"
               ecep:syllab="1"
               ecep:pron="ə">A</w>
            <c> </c>
            <w xml:id="o5280-2172390"
               n="693-a-0870"
               ecep:lem="scotch"
               ecep:pos="jp"
               ecep:reg="Scotch"
               ecep:spe="Scotch"
               ecep:syllab="1"
               ecep:pron="skɒtʃ">Scotch</w>
            <c> </c>
            <w xml:id="o5280-2172400"
               n="693-a-0880"
               ecep:lem="expression"
               ecep:pos="n1"
               ecep:reg="expression"
               ecep:spe="expression"
               ecep:syllab="3"
               ecep:pron="ɪkˈspreʃn">expression</w>
            <pc xml:id="o5280-2172410"
                n="693-a-0890"
                unit="sentence"
                ecep:lem="."
                ecep:pos="."
                ecep:reg="."
                ecep:spe=".">.</pc>
         </note>
      </l>
      <l xml:id="o5280-l03355">
         <c> </c>
         <w xml:id="o5280-2172420"
            n="693-a-0900"
            ecep:lem="to"
            ecep:pos="pc-acp"
            ecep:reg="To"
            ecep:spe="To"
            ecep:syllab="1"
            ecep:pron="tuː">To</w>
         <c> </c>
         <w xml:id="o5280-2172430"
            n="693-a-0910"
            ecep:lem="meet"
            ecep:pos="vvi"
            ecep:reg="meet"
            ecep:spe="meet"
            ecep:syllab="1"
            ecep:pron="miːt">meet</w>
         <c> </c>
         <w xml:id="o5280-2172440"
            n="693-a-0920"
            ecep:lem="the"
            ecep:pos="dt"
            ecep:reg="the"
            ecep:spe="the"
            ecep:syllab="1"
            ecep:pron="ðiː">the</w>
         <c> </c>
         <w xml:id="o5280-2172450"
            n="693-a-0930"
            ecep:lem="will"
            ecep:pos="j-vvg"
            ecep:reg="willing"
            ecep:spe="willing"
            ecep:syllab="2"
            ecep:pron="ˈwɪlɪŋ">willing</w>
         <c> </c>
         <w xml:id="o5280-2172460"
            n="693-a-0940"
            ecep:lem="partner"
            ecep:pos="n2"
            ecep:reg="partners"
            ecep:spe="partners"
            ecep:syllab="2"
            ecep:pron="ˈpɑːtnəz">partners</w>
         <c> </c>
         <w xml:id="o5280-2172470"
            n="693-a-0950"
            ecep:lem="of"
            ecep:pos="pp-f"
            ecep:reg="of"
            ecep:spe="of"
            ecep:syllab="1"
            ecep:pron="ɒv">of</w>
         <c> </c>
         <w xml:id="o5280-2172480"
            n="693-a-0960"
            ecep:lem="his"
            ecep:pos="po31"
            ecep:reg="his"
            ecep:spe="his"
            ecep:syllab="1"
            ecep:pron="hɪz">his</w>
         <c> </c>
         <w xml:id="o5280-2172490"
            n="693-a-0970"
            ecep:lem="love"
            ecep:pos="n1"
            ecep:reg="love"
            ecep:spe="love"
            ecep:syllab="1"
            ecep:pron="lʌv">love</w>
         <pc xml:id="o5280-2172500"
             n="693-a-0980"
             ecep:lem=";"
             ecep:pos=";"
             ecep:reg=";"
             ecep:spe=";">;</pc>
      </l>
      <l xml:id="o5280-l03360">
         <c> </c>
         <w xml:id="o5280-2172510"
            n="693-a-0990"
            ecep:lem="but"
            ecep:pos="cc-acp"
            ecep:reg="But"
            ecep:spe="But"
            ecep:syllab="1"
            ecep:pron="bʌt">But</w>
         <c> </c>
         <w xml:id="o5280-2172520"
            n="693-a-1000"
            ecep:lem="when"
            ecep:pos="c-crq"
            ecep:reg="when"
            ecep:spe="when"
            ecep:syllab="1"
            ecep:pron="wen">when</w>
         <c> </c>
         <w xml:id="o5280-2172530"
            n="693-a-1010"
            ecep:lem="at"
            ecep:pos="p-acp"
            ecep:reg="at"
            ecep:spe="at"
            ecep:syllab="1"
            ecep:pron="æt">at</w>
         <c> </c>
         <w xml:id="o5280-2172540"
            n="693-a-1020"
            ecep:lem="once"
            ecep:pos="a-acp"
            ecep:reg="once"
            ecep:spe="once"
            ecep:syllab="1"
            ecep:pron="wʌns">once</w>
         <c> </c>
         <w xml:id="o5280-2172550"
            n="693-a-1030"
            ecep:lem="the"
            ecep:pos="dt"
            ecep:reg="the"
            ecep:spe="the"
            ecep:syllab="1"
            ecep:pron="ðiː">the</w>
         <c> </c>
         <w xml:id="o5280-2172560"
            n="693-a-1040"
            ecep:lem="azure"
            ecep:pos="j-jn"
            ecep:reg="azure"
            ecep:spe="azure"
            ecep:syllab="2"
            ecep:pron="ˈæzjʊə">azure</w>
         <c> </c>
         <w xml:id="o5280-2172570"
            n="693-a-1050"
            ecep:lem="sky"
            ecep:pos="n2"
            ecep:reg="skies"
            ecep:spe="skies"
            ecep:syllab="1"
            ecep:pron="skaɪz">skies</w>
         <c> </c>
         <w xml:id="o5280-2172580"
            n="693-a-1060"
            ecep:lem="we"
            ecep:pos="pns12"
            ecep:reg="we"
            ecep:spe="we"
            ecep:syllab="1"
            ecep:pron="wiː">we</w>
         <c> </c>
         <w xml:id="o5280-2172590"
            n="693-a-1070"
            ecep:lem="seek"
            ecep:pos="vvd"
            ecep:reg="sought"
            ecep:spe="sought"
            ecep:syllab="1"
            ecep:pron="sɔːt">sought</w>
         <pc xml:id="o5280-2172600"
             n="693-a-1080"
             ecep:lem=","
             ecep:pos=","
             ecep:reg=","
             ecep:spe=",">,</pc>
      </l>
      <l xml:id="o5280-l03365">
         <c> </c>
         <w xml:id="o5280-2172610"
            n="693-a-1090"
            ecep:lem="over"
            ecep:pos="p-acp"
            ecep:reg="Over"
            ecep:spe="O'er"
            ecep:syllab="1"
            ecep:pron="ˈɔːə">O'er</w>
         <c> </c>
         <w xml:id="o5280-2172620"
            n="693-a-1100"
            ecep:lem="our"
            ecep:pos="po12"
            ecep:reg="our"
            ecep:spe="our"
            ecep:syllab="1"
            ecep:pron="æə">our</w>
         <c> </c>
         <w xml:id="o5280-2172630"
            n="693-a-1110"
            ecep:lem="remains"
            ecep:pos="n2"
            ecep:reg="remains"
            ecep:spe="remains"
            ecep:syllab="2"
            ecep:pron="rɪˈmeɪnz">remains</w>
         <c> </c>
         <w xml:id="o5280-2172640"
            n="693-a-1120"
            ecep:lem="a"
            ecep:pos="dt"
            ecep:reg="a"
            ecep:spe="a"
            ecep:syllab="1"
            ecep:pron="ə">a</w>
         <c> </c>
         <w xml:id="o5280-2172650"
            n="693-a-1130"
            ecep:lem="simple"
            ecep:pos="j"
            ecep:reg="simple"
            ecep:spe="simple"
            ecep:syllab="2"
            ecep:pron="ˈsɪmpl">simple</w>
         <c> </c>
         <w xml:id="o5280-2172660"
            n="693-a-1140"
            ecep:lem="tomb"
            ecep:pos="n1"
            ecep:reg="tomb"
            ecep:spe="tomb"
            ecep:syllab="1"
            ecep:pron="tuːm">tomb</w>
         <c> </c>
         <w xml:id="o5280-2172670"
            n="693-a-1150"
            ecep:lem="he"
            ecep:pos="pns31"
            ecep:reg="he"
            ecep:spe="he"
            ecep:syllab="1"
            ecep:pron="hiː">he</w>
         <c> </c>
         <w xml:id="o5280-2172680"
            n="693-a-1160"
            ecep:lem="rear"
            ecep:pos="vvd"
            ecep:reg="reared"
            ecep:spe="rear'd"
            ecep:syllab="1"
            ecep:pron="rɪəd">rear'd</w>
         <pc xml:id="o5280-2172690"
             n="693-a-1170"
             ecep:lem=","
             ecep:pos=","
             ecep:reg=","
             ecep:spe=",">,</pc>
      </l>
      <l xml:id="o5280-l03370">
         <c> </c>
         <w xml:id="o5280-2172700"
            n="693-a-1180"
            ecep:lem="then"
            ecep:pos="av"
            ecep:reg="Then"
            ecep:spe="Then"
            ecep:syllab="1"
            ecep:pron="ðen">Then</w>
         <c> </c>
         <w xml:id="o5280-2172710"
            n="693-a-1190"
            ecep:lem="die"
            ecep:pos="vvn"
            ecep:reg="died"
            ecep:spe="died"
            ecep:syllab="1"
            ecep:pron="daɪd">died</w>
         <pc xml:id="o5280-2172720"
             n="693-a-1200"
             ecep:lem=","
             ecep:pos=","
             ecep:reg=","
             ecep:spe=",">,</pc>
         <c> </c>
         <w xml:id="o5280-2172730"
            n="693-a-1210"
            ecep:lem="and"
            ecep:pos="cc"
            ecep:reg="and"
            ecep:spe="and"
            ecep:syllab="1"
            ecep:pron="ænd">and</w>
         <c> </c>
         <w xml:id="o5280-2172740"
            n="693-a-1220"
            ecep:lem="join"
            ecep:pos="vvd"
            ecep:reg="joined"
            ecep:spe="join'd"
            ecep:syllab="1"
            ecep:pron="dʒɔɪnd">join'd</w>
         <c> </c>
         <w xml:id="o5280-2172750"
            n="693-a-1230"
            ecep:lem="we"
            ecep:pos="pno12"
            ecep:reg="us"
            ecep:spe="us"
            ecep:syllab="1"
            ecep:pron="ʌs">us</w>
         <c> </c>
         <w xml:id="o5280-2172760"
            n="693-a-1240"
            ecep:lem="in"
            ecep:pos="p-acp"
            ecep:reg="in"
            ecep:spe="in"
            ecep:syllab="1"
            ecep:pron="ɪn">in</w>
         <c> </c>
         <w xml:id="o5280-2172770"
            n="693-a-1250"
            ecep:lem="the"
            ecep:pos="dt"
            ecep:reg="the"
            ecep:spe="the"
            ecep:syllab="1"
            ecep:pron="ðiː">the</w>
         <c> </c>
         <w xml:id="o5280-2172780"
            n="693-a-1260"
            ecep:lem="realm"
            ecep:pos="n2"
            ecep:reg="realms"
            ecep:spe="realms"
            ecep:syllab="1"
            ecep:pron="relmz">realms</w>
         <c> </c>
         <w xml:id="o5280-2172790"
            n="693-a-1270"
            ecep:lem="of"
            ecep:pos="pp-f"
            ecep:reg="of"
            ecep:spe="of"
            ecep:syllab="1"
            ecep:pron="ɒv">of</w>
         <c> </c>
         <w xml:id="o5280-2172800"
            n="693-a-1280"
            ecep:lem="light"
            ecep:pos="n1"
            ecep:reg="light"
            ecep:spe="light"
            ecep:syllab="1"
            ecep:pron="laɪt">light</w>
         <pc xml:id="o5280-2172810"
             n="693-a-1290"
             unit="sentence"
             ecep:lem="."
             ecep:pos="."
             ecep:reg="."
             ecep:spe=".">.</pc>
         <c> </c>
      </l>
      <l xml:id="o5280-l03375">
         <w xml:id="o5280-2172820"
            n="693-a-1300"
            ecep:lem="Oh!"
            ecep:pos="np1"
            ecep:reg="Oh!"
            ecep:spe="Oh!"
            ecep:syllab="1"
            ecep:pron="ˈəʊ">Oh!</w>
         <c> </c>
         <w xml:id="o5280-2172830"
            n="693-a-1310"
            ecep:lem="from"
            ecep:pos="p-acp"
            ecep:reg="from"
            ecep:spe="from"
            ecep:syllab="1"
            ecep:pron="frɒm">from</w>
         <c> </c>
         <w xml:id="o5280-2172840"
            n="693-a-1320"
            ecep:lem="our"
            ecep:pos="po12"
            ecep:reg="our"
            ecep:spe="our"
            ecep:syllab="1"
            ecep:pron="æə">our</w>
         <c> </c>
         <w xml:id="o5280-2172850"
            n="693-a-1330"
            ecep:lem="tender"
            ecep:pos="j"
            ecep:reg="tender"
            ecep:spe="tender"
            ecep:syllab="2"
            ecep:pron="ˈtendə">tender</w>
         <c> </c>
         <w xml:id="o5280-2172860"
            n="693-a-1340"
            ecep:lem="tale"
            ecep:pos="n1"
            ecep:reg="tale"
            ecep:spe="tale"
            ecep:syllab="1"
            ecep:pron="teɪl">tale</w>
         <c> </c>
         <w xml:id="o5280-2172870"
            n="693-a-1350"
            ecep:lem="this"
            ecep:pos="d"
            ecep:reg="this"
            ecep:spe="this"
            ecep:syllab="1"
            ecep:pron="ðɪs">this</w>
         <c> </c>
         <w xml:id="o5280-2172880"
            n="693-a-1360"
            ecep:lem="moral"
            ecep:pos="n1"
            ecep:reg="moral"
            ecep:spe="moral"
            ecep:syllab="2"
            ecep:pron="ˈmɒrl">moral</w>
         <c> </c>
         <w xml:id="o5280-2172890"
            n="693-a-1370"
            ecep:lem="learn"
            ecep:pos="vvi"
            ecep:reg="learn"
            ecep:spe="learn"
            ecep:syllab="1"
            ecep:pron="lɜːn">learn</w>
         <pc xml:id="o5280-2172900"
             n="693-a-1380"
             ecep:lem=","
             ecep:pos=","
             ecep:reg=","
             ecep:spe=",">,</pc>
      </l>
      <l xml:id="o5280-l03380">
         <c> </c>
         <w xml:id="o5280-2172910"
            n="693-a-1390"
            ecep:lem="that"
            ecep:pos="cst"
            ecep:reg="That"
            ecep:spe="That"
            ecep:syllab="1"
            ecep:pron="ðæt">That</w>
         <c> </c>
         <w xml:id="o5280-2172920"
            n="693-a-1400"
            ecep:lem="real"
            ecep:pos="j"
            ecep:reg="real"
            ecep:spe="real"
            ecep:syllab="1"
            ecep:pron="rɪəl">real</w>
         <c> </c>
         <w xml:id="o5280-2172930"
            n="693-a-1410"
            ecep:lem="friendship"
            ecep:pos="n1"
            ecep:reg="friendship"
            ecep:spe="friendship"
            ecep:syllab="2"
            ecep:pron="ˈfrenʃɪp">friendship</w>
         <c> </c>
         <w xml:id="o5280-2172940"
            n="693-a-1420"
            ecep:lem="live"
            ecep:pos="vvz"
            ecep:reg="lives"
            ecep:spe="lives"
            ecep:syllab="1"
            ecep:pron="lɪvz">lives</w>
         <c> </c>
         <w xml:id="o5280-2172950"
            n="693-a-1430"
            ecep:lem="beyond"
            ecep:pos="p-acp"
            ecep:reg="beyond"
            ecep:spe="beyond"
            ecep:syllab="2"
            ecep:pron="biˈɒnd">beyond</w>
         <c> </c>
         <w xml:id="o5280-2172960"
            n="693-a-1440"
            ecep:lem="the"
            ecep:pos="dt"
            ecep:reg="the"
            ecep:spe="the"
            ecep:syllab="1"
            ecep:pron="ðiː">the</w>
         <c> </c>
         <w xml:id="o5280-2172970"
            n="693-a-1450"
            ecep:lem="grave"
            ecep:pos="n1"
            ecep:reg="grave"
            ecep:spe="grave"
            ecep:syllab="1"
            ecep:pron="grɑːv">grave</w>
         <pc xml:id="o5280-2172980"
             n="693-a-1460"
             ecep:lem=";"
             ecep:pos=";"
             ecep:reg=";"
             ecep:spe=";">;</pc>
      </l>
      <l xml:id="o5280-l03385">
         <c> </c>
         <w xml:id="o5280-2172990"
            n="693-a-1470"
            ecep:lem="and"
            ecep:pos="cc"
            ecep:reg="And"
            ecep:spe="And"
            ecep:syllab="1"
            ecep:pron="ænd">And</w>
         <c> </c>
         <w xml:id="o5280-2173000"
            n="693-a-1480"
            ecep:lem="when"
            ecep:pos="c-crq"
            ecep:reg="when"
            ecep:spe="when"
            ecep:syllab="1"
            ecep:pron="wen">when</w>
         <c> </c>
         <w xml:id="o5280-2173010"
            n="693-a-1490"
            ecep:lem="from"
            ecep:pos="p-acp"
            ecep:reg="from"
            ecep:spe="from"
            ecep:syllab="1"
            ecep:pron="frɒm">from</w>
         <c> </c>
         <w xml:id="o5280-2173020"
            n="693-a-1500"
            ecep:lem="earth"
            ecep:pos="n1"
            ecep:reg="earth"
            ecep:spe="earth"
            ecep:syllab="1"
            ecep:pron="ɜːθ">earth</w>
         <c> </c>
         <w xml:id="o5280-2173030"
            n="693-a-1510"
            ecep:lem="remove"
            ecep:pos="vvd"
            ecep:reg="removed"
            ecep:spe="remov'd"
            ecep:syllab="2"
            ecep:pron="rɪˈmuːvd">remov'd</w>
         <c> </c>
         <w xml:id="o5280-2173040"
            n="693-a-1520"
            ecep:lem="it"
            ecep:pos="pn31"
            ecep:reg="it"
            ecep:spe="it"
            ecep:syllab="1"
            ecep:pron="ɪt">it</w>
         <c> </c>
         <w xml:id="o5280-2173050"
            n="693-a-1530"
            ecep:lem="seek"
            ecep:pos="vvz"
            ecep:reg="seeks"
            ecep:spe="seeks"
            ecep:syllab="1"
            ecep:pron="siːks">seeks</w>
         <c> </c>
         <w xml:id="o5280-2173060"
            n="693-a-1540"
            ecep:lem="the"
            ecep:pos="dt"
            ecep:reg="the"
            ecep:spe="the"
            ecep:syllab="1"
            ecep:pron="ðiː">the</w>
         <c> </c>
         <w xml:id="o5280-2173070"
            n="693-a-1550"
            ecep:lem="sky"
            ecep:pos="n2"
            ecep:reg="skies"
            ecep:spe="skies"
            ecep:syllab="1"
            ecep:pron="skaɪz">skies</w>
         <pc xml:id="o5280-2173080"
             n="693-a-1560"
             ecep:lem=","
             ecep:pos=","
             ecep:reg=","
             ecep:spe=",">,</pc>
      </l>
      <pb facs="o5280/0694" n="50" rend="none"/>
      <l xml:id="o5280-l03390">
         <c> </c>
         <w xml:id="o5280-2173090"
            n="694-a-0010"
            ecep:lem="it"
            ecep:pos="pn31"
            ecep:reg="It"
            ecep:spe="It"
            ecep:syllab="1"
            ecep:pron="ɪt">It</w>
         <c> </c>
         <w xml:id="o5280-2173100"
            n="694-a-0020"
            ecep:lem="then"
            ecep:pos="av"
            ecep:reg="then"
            ecep:spe="then"
            ecep:syllab="1"
            ecep:pron="ðen">then</w>
         <c> </c>
         <w xml:id="o5280-2173110"
            n="694-a-0030"
            ecep:lem="for"
            ecep:pos="p-acp"
            ecep:reg="for"
            ecep:spe="for"
            ecep:syllab="1"
            ecep:pron="fɔː">for</w>
         <c> </c>
         <w xml:id="o5280-2173120"
            n="694-a-0040"
            ecep:lem="ever"
            ecep:pos="av"
            ecep:reg="ever"
            ecep:spe="ever"
            ecep:syllab="2"
            ecep:pron="ˈevə">ever</w>
         <c> </c>
         <w xml:id="o5280-2173130"
            n="694-a-0050"
            ecep:lem="burn"
            ecep:pos="vvz"
            ecep:reg="burns"
            ecep:spe="burns"
            ecep:syllab="1"
            ecep:pron="bɜːnz">burns</w>
         <c> </c>
         <w xml:id="o5280-2173140"
            n="694-a-0060"
            ecep:lem="a"
            ecep:pos="dt"
            ecep:reg="a"
            ecep:spe="a"
            ecep:syllab="1"
            ecep:pron="ə">a</w>
         <c> </c>
         <w xml:id="o5280-2173150"
            n="694-a-0070"
            ecep:lem="flame"
            ecep:pos="n1"
            ecep:reg="flame"
            ecep:spe="flame"
            ecep:syllab="1"
            ecep:pron="fleɪm">flame</w>
         <c> </c>
         <w xml:id="o5280-2173160"
            n="694-a-0080"
            ecep:lem="serene"
            ecep:pos="j"
            ecep:reg="serene"
            ecep:spe="serene"
            ecep:syllab="2"
            ecep:pron="sɪˈriːn">serene</w>
         <pc xml:id="o5280-2173170"
             n="694-a-0090"
             ecep:lem=","
             ecep:pos=","
             ecep:reg=","
             ecep:spe=",">,</pc>
      </l>
      <l xml:id="o5280-l03395">
         <c> </c>
         <w xml:id="o5280-2173180"
            n="694-a-0100"
            ecep:lem="and"
            ecep:pos="cc"
            ecep:reg="And"
            ecep:spe="And"
            ecep:syllab="1"
            ecep:pron="ænd">And</w>
         <c> </c>
         <w xml:id="o5280-2173190"
            n="694-a-0110"
            ecep:lem="gild"
            ecep:pos="vvz"
            ecep:reg="gilds"
            ecep:spe="gilds"
            ecep:syllab="1"
            ecep:pron="gɪldz">gilds</w>
         <c> </c>
         <w xml:id="o5280-2173200"
            n="694-a-0120"
            ecep:lem="the"
            ecep:pos="dt"
            ecep:reg="the"
            ecep:spe="the"
            ecep:syllab="1"
            ecep:pron="ðiː">the</w>
         <c> </c>
         <w xml:id="o5280-2173210"
            n="694-a-0130"
            ecep:lem="region"
            ecep:pos="n2"
            ecep:reg="regions"
            ecep:spe="regions"
            ecep:syllab="2"
            ecep:pron="ˈriːdʒnz">regions</w>
         <c> </c>
         <w xml:id="o5280-2173220"
            n="694-a-0140"
            ecep:lem="of"
            ecep:pos="pp-f"
            ecep:reg="of"
            ecep:spe="of"
            ecep:syllab="1"
            ecep:pron="ɒv">of</w>
         <c> </c>
         <w xml:id="o5280-2173230"
            n="694-a-0150"
            ecep:lem="eternal"
            ecep:pos="j"
            ecep:reg="eternal"
            ecep:spe="eternal"
            ecep:syllab="3"
            ecep:pron="ɪˈtɜːnl">eternal</w>
         <c> </c>
         <w xml:id="o5280-2173240"
            n="694-a-0160"
            ecep:lem="day"
            ecep:pos="n1"
            ecep:reg="day"
            ecep:spe="day"
            ecep:syllab="1"
            ecep:pron="deɪ">day</w>
         <pc xml:id="o5280-2173250"
             n="694-a-0170"
             ecep:lem="."
             ecep:pos="."
             ecep:reg="."
             ecep:spe=".">.</pc>
         <c> </c>
         <pc xml:id="o5280-2173260"
             n="694-a-0180"
             unit="sentence"
             ecep:lem="&#34;"
             ecep:pos="&#34;"
             ecep:reg="&#34;"
             ecep:spe="&#34;">"</pc>
         <c> </c>
      </l>
   </lg>
   <lg xml:id="o5280-s00190">
      <l xml:id="o5280-l03400">
         <w xml:id="o5280-2173290"
            n="694-a-0190"
            ecep:lem="the"
            ecep:pos="dt"
            ecep:reg="The"
            ecep:spe="The"
            ecep:syllab="1"
            ecep:pron="ðiː">The</w>
         <c> </c>
         <w xml:id="o5280-2173300"
            n="694-a-0200"
            ecep:lem="almond"
            ecep:pos="ng1"
            ecep:reg="Almond's"
            ecep:spe="Almond's"
            ecep:syllab="2"
            ecep:pron="ˈɑːməndz">Almond's</w>
         <c> </c>
         <w xml:id="o5280-2173310"
            n="694-a-0210"
            ecep:lem="will"
            ecep:pos="j-vvg"
            ecep:reg="willing"
            ecep:spe="willing"
            ecep:syllab="2"
            ecep:pron="ˈwɪlɪŋ">willing</w>
         <c> </c>
         <w xml:id="o5280-2173320"
            n="694-a-0220"
            ecep:lem="wave"
            ecep:pos="n2"
            ecep:reg="waves"
            ecep:spe="waves"
            ecep:syllab="1"
            ecep:pron="weɪvz">waves</w>
         <c> </c>
         <w xml:id="o5280-2173330"
            n="694-a-0230"
            ecep:lem="again"
            ecep:pos="av"
            ecep:reg="again"
            ecep:spe="again"
            ecep:syllab="2"
            ecep:pron="əˈgen">again</w>
         <c> </c>
         <w xml:id="o5280-2173340"
            n="694-a-0240"
            ecep:lem="divide"
            ecep:pos="vvb"
            ecep:reg="divide"
            ecep:spe="divide"
            ecep:syllab="2"
            ecep:pron="dɪˈvaɪd">divide</w>
         <pc xml:id="o5280-2173350"
             n="694-a-0250"
             ecep:lem=","
             ecep:pos=","
             ecep:reg=","
             ecep:spe=",">,</pc>
      </l>
      <l xml:id="o5280-l03405">
         <c> </c>
         <w xml:id="o5280-2173360"
            n="694-a-0260"
            ecep:lem="and"
            ecep:pos="cc"
            ecep:reg="And"
            ecep:spe="And"
            ecep:syllab="1"
            ecep:pron="ænd">And</w>
         <c> </c>
         <w xml:id="o5280-2173370"
            n="694-a-0270"
            ecep:lem="from"
            ecep:pos="p-acp"
            ecep:reg="from"
            ecep:spe="from"
            ecep:syllab="1"
            ecep:pron="frɒm">from</w>
         <c> </c>
         <w xml:id="o5280-2173380"
            n="694-a-0280"
            ecep:lem="his"
            ecep:pos="po31"
            ecep:reg="his"
            ecep:spe="his"
            ecep:syllab="1"
            ecep:pron="hɪz">his</w>
         <c> </c>
         <w xml:id="o5280-2173390"
            n="694-a-0290"
            ecep:lem="sight"
            ecep:pos="n1"
            ecep:reg="sight"
            ecep:spe="sight"
            ecep:syllab="1"
            ecep:pron="saɪt">sight</w>
         <c> </c>
         <w xml:id="o5280-2173400"
            n="694-a-0300"
            ecep:lem="the"
            ecep:pos="dt"
            ecep:reg="the"
            ecep:spe="the"
            ecep:syllab="1"
            ecep:pron="ðiː">the</w>
         <c> </c>
         <w xml:id="o5280-2173410"
            n="694-a-0310"
            ecep:lem="lovely"
            ecep:pos="j"
            ecep:reg="lovely"
            ecep:spe="lovely"
            ecep:syllab="2"
            ecep:pron="ˈlʌvli">lovely</w>
         <c> </c>
         <w xml:id="o5280-2173420"
            n="694-a-0320"
            ecep:lem="phantom"
            ecep:pos="n2"
            ecep:reg="phantoms"
            ecep:spe="phantoms"
            ecep:syllab="2"
            ecep:pron="ˈfæntəmz">phantoms</w>
         <c> </c>
         <w xml:id="o5280-2173430"
            n="694-a-0330"
            ecep:lem="sink"
            ecep:pos="vvi"
            ecep:reg="sink"
            ecep:spe="sink"
            ecep:syllab="1"
            ecep:pron="sɪŋk">sink</w>
         <pc xml:id="o5280-2173440"
             n="694-a-0340"
             unit="sentence"
             ecep:lem="."
             ecep:pos="."
             ecep:reg="."
             ecep:spe=".">.</pc>
         <c> </c>
      </l>
   </lg>
</div>
