<?xml version="1.0" encoding="UTF-8"?>
<div xmlns:ecep="http://www.eighteenthcenturypoetry.org/ns"
     xmlns="http://www.tei-c.org/ns/1.0"
     xmlns:tei="http://www.tei-c.org/ns/1.0"
     ana="#iamb #pentameter #couplet #pair #riddle"
     corresp="#txt_AlcoMa1741_w0043"
     decls="#semi-normalized"
     ecep:syllab="10.10"
     met="-+|-+|-+|-+|-+/ -+|-+|-+|-+|-+/"
     rendition="#lgvspace"
     rhyme="aa"
     subtype="eceptext"
     type="poem"
     xml:id="pma99-w0430">
   <link target="authors.xml#aut_AlcoMa1741" type="author"/>
   <link subtype="topic" target="#pma99-w0420" type="related"/>
   <head type="main">
      <w xml:id="pma99-185880"
         n="162-a-0450"
         ecep:lem="ditto"
         ecep:pos="n1"
         ecep:reg="DITTO"
         ecep:spe="DITTO"
         ecep:syllab="2"
         ecep:pron="ˈdɪtəʊ">DITTO</w>
      <pc xml:id="pma99-185890"
          n="162-a-0460"
          unit="sentence"
          ecep:lem="."
          ecep:pos="."
          ecep:reg="."
          ecep:spe=".">.</pc>
   </head>
   <lg xml:id="pma99-s01495">
      <l n="1" xml:id="pma99-l08095">
         <hi rendition="#sc">
            <w xml:id="pma99-185920"
               n="162-a-0470"
               ecep:lem="i"
               ecep:pos="pns11"
               ecep:reg="I"
               ecep:spe="I"
               ecep:syllab="1"
               ecep:pron="aɪ">I</w>
            <c> </c>
            <w xml:id="pma99-185930"
               n="162-a-0480"
               ecep:lem="have"
               ecep:pos="vhb"
               ecep:reg="have"
               ecep:spe="have"
               ecep:syllab="1"
               ecep:pron="hæv">have</w>
         </hi>
         <c> </c>
         <w xml:id="pma99-185940"
            n="162-a-0490"
            ecep:lem="five"
            ecep:pos="crd"
            ecep:reg="five"
            ecep:spe="five"
            ecep:syllab="1"
            ecep:pron="faɪv">five</w>
         <c> </c>
         <w xml:id="pma99-185950"
            n="162-a-0500"
            ecep:lem="son"
            ecep:pos="n2"
            ecep:reg="sons"
            ecep:spe="sons"
            ecep:syllab="1"
            ecep:pron="sʌnz">sons</w>
         <pc xml:id="pma99-185960"
             n="162-a-0510"
             ecep:lem=","
             ecep:pos=","
             ecep:reg=","
             ecep:spe=",">,</pc>
         <c> </c>
         <w xml:id="pma99-185970"
            n="162-a-0520"
            ecep:lem="i"
            ecep:pos="pns11"
            ecep:reg="I"
            ecep:spe="I"
            ecep:syllab="1"
            ecep:pron="aɪ">I</w>
         <c> </c>
         <w xml:id="pma99-185980"
            n="162-a-0530"
            ecep:lem="tell"
            ecep:pos="vvb"
            ecep:reg="tell"
            ecep:spe="tell"
            ecep:syllab="1"
            ecep:pron="tel">tell</w>
         <c> </c>
         <w xml:id="pma99-185990"
            n="162-a-0540"
            ecep:lem="it"
            ecep:pos="pn31"
            ecep:reg="it"
            ecep:spe="it"
            ecep:syllab="1"
            ecep:pron="ɪt">it</w>
         <c> </c>
         <w xml:id="pma99-186000"
            n="162-a-0550"
            ecep:lem="you"
            ecep:pos="pn22"
            ecep:reg="you"
            ecep:spe="you"
            ecep:syllab="1"
            ecep:pron="juː">you</w>
         <c> </c>
         <w xml:id="pma99-186010"
            n="162-a-0560"
            ecep:lem="in"
            ecep:pos="p-acp"
            ecep:reg="in"
            ecep:spe="in"
            ecep:syllab="1"
            ecep:pron="ɪn">in</w>
         <c> </c>
         <w xml:id="pma99-186020"
            n="162-a-0570"
            ecep:lem="grief"
            ecep:pos="n1"
            ecep:reg="grief"
            ecep:spe="grief"
            ecep:syllab="1"
            ecep:pron="griːf">grief</w>
         <pc xml:id="pma99-186030"
             n="162-a-0580"
             ecep:lem=","
             ecep:pos=","
             ecep:reg=","
             ecep:spe=",">,</pc>
      </l>
      <l n="2" xml:id="pma99-l08100">
         <c> </c>
         <w xml:id="pma99-186040"
            n="162-a-0590"
            ecep:lem="and"
            ecep:pos="cc"
            ecep:reg="And"
            ecep:spe="And"
            ecep:syllab="1"
            ecep:pron="ænd">And</w>
         <c> </c>
         <w xml:id="pma99-186050"
            n="162-a-0600"
            ecep:lem="each"
            ecep:pos="d"
            ecep:reg="each"
            ecep:spe="each"
            ecep:syllab="1"
            ecep:pron="iːtʃ">each</w>
         <c> </c>
         <w xml:id="pma99-186060"
            n="162-a-0610"
            ecep:lem="of"
            ecep:pos="pp-f"
            ecep:reg="of"
            ecep:spe="of"
            ecep:syllab="1"
            ecep:pron="ɒv">of</w>
         <c> </c>
         <w xml:id="pma99-186070"
            n="162-a-0620"
            ecep:lem="they"
            ecep:pos="pno32"
            ecep:reg="them"
            ecep:spe="them"
            ecep:syllab="1"
            ecep:pron="ðem">them</w>
         <c> </c>
         <w xml:id="pma99-186080"
            n="162-a-0630"
            ecep:lem="a"
            ecep:pos="dt"
            ecep:reg="a"
            ecep:spe="a"
            ecep:syllab="1"
            ecep:pron="ə">a</w>
         <c> </c>
         <hi>
            <w xml:id="pma99-186090"
               n="162-a-0640"
               ecep:lem="cutthroat"
               ecep:pos="n1"
               ecep:reg="cutthroat"
               ecep:spe="cut-throat"
               ecep:syllab="2"
               ecep:pron="ˈkʌtθrəʊt">cut-throat</w>
         </hi>
         <c> </c>
         <w xml:id="pma99-186100"
            n="162-a-0650"
            ecep:lem="or"
            ecep:pos="cc"
            ecep:reg="or"
            ecep:spe="or"
            ecep:syllab="1"
            ecep:pron="ɔː">or</w>
         <c> </c>
         <w xml:id="pma99-186110"
            n="162-a-0660"
            ecep:lem="a"
            ecep:pos="dt"
            ecep:reg="a"
            ecep:spe="a"
            ecep:syllab="1"
            ecep:pron="ə">a</w>
         <c> </c>
         <hi>
            <w xml:id="pma99-186120"
               n="162-a-0670"
               ecep:lem="thief"
               ecep:pos="n1"
               ecep:reg="thief"
               ecep:spe="thief"
               ecep:syllab="1"
               ecep:pron="θiːf">thief</w>
            <pc xml:id="pma99-186130"
                n="162-a-0680"
                unit="sentence"
                ecep:lem="."
                ecep:pos="."
                ecep:reg="."
                ecep:spe=".">.</pc>
            <c> </c>
         </hi>
      </l>
   </lg>
</div>
