<?xml version="1.0" encoding="utf-8"?>
<!DOCTYPE div
  SYSTEM "about:legacy-compat">
<div xmlns:tei="http://www.tei-c.org/ns/1.0"
     xmlns="http://www.tei-c.org/ns/1.0"
     xmlns:ecep="http://www.eighteenthcenturypoetry.org/ns"
     ana="#iamb #tetrameter #catalexis #quatrain #cross"
     corresp="#txt_Anon000005_w0001"
     ecep:syllab="8.7.8.7"
     met="-+|-+|-+|-+/          -+|-+|-+|-/         -+|-+|-+|-+/          -+|-+|-+|S-/"
     rendition="#lgvspace"
     rhyme="abab"
     subtype="eceptext"
     type="poem"
     xml:id="o5156-w0250"
     decls="#semi-normalized">
   <link target="authors.xml#aut_Anon000005" type="author"/>
   <link target="27249" type="DMI"/>
   <head type="main">
      <w xml:id="o5156-114400"
         n="60-a-1520"
         ecep:lem="verse"
         ecep:pos="n2"
         ecep:reg="VERSES"
         ecep:spe="VERSES"
         ecep:syllab="2"
         ecep:pron="ˈvɜːsɪz">VERSES</w>
      <c> </c>
      <w xml:id="o5156-114410"
         n="60-a-1530"
         ecep:lem="to"
         ecep:pos="p-acp"
         ecep:reg="to"
         ecep:spe="to"
         ecep:syllab="1"
         ecep:pron="tuː">to</w>
      <c> </c>
      <w xml:id="o5156-114420"
         n="60-a-1540"
         ecep:lem="a"
         ecep:pos="dt"
         ecep:reg="a"
         ecep:spe="a"
         ecep:syllab="1"
         ecep:pron="ə">a</w>
      <c> </c>
      <w xml:id="o5156-114430"
         n="60-a-1550"
         ecep:lem="writer"
         ecep:pos="n1"
         ecep:reg="Writer"
         ecep:spe="Writer"
         ecep:syllab="2"
         ecep:pron="ˈraɪtə">Writer</w>
      <c> </c>
      <w xml:id="o5156-114440"
         n="60-a-1560"
         ecep:lem="of"
         ecep:pos="pp-f"
         ecep:reg="of"
         ecep:spe="of"
         ecep:syllab="1"
         ecep:pron="ɒv">of</w>
      <c> </c>
      <w xml:id="o5156-114450"
         n="60-a-1570"
         ecep:lem="riddle"
         ecep:pos="n2"
         ecep:reg="RIDDLES"
         ecep:spe="RIDDLES"
         ecep:syllab="2"
         ecep:pron="ˈrɪdlz">RIDDLES</w>
      <pc xml:id="o5156-114460"
          n="60-a-1580"
          unit="sentence"
          ecep:lem="."
          ecep:pos="."
          ecep:reg="."
          ecep:spe=".">.</pc>
   </head>
   <lg xml:id="o5156-s01190">
      <l xml:id="o5156-l06630">
         <w xml:id="o5156-114490"
            n="60-a-1590"
            ecep:lem="ah"
            ecep:pos="uh"
            ecep:reg="AH"
            ecep:spe="AH"
            ecep:syllab="1"
            ecep:pron="ɑː">AH</w>
         <pc xml:id="o5156-114500"
             n="60-a-1600"
             ecep:lem="!"
             ecep:pos="!"
             ecep:reg="!"
             ecep:spe="!">!</pc>
         <c> </c>
         <w xml:id="o5156-114510"
            n="60-a-1610"
            ecep:lem="boast"
            ecep:pos="vvb"
            ecep:reg="boast"
            ecep:spe="boast"
            ecep:syllab="1"
            ecep:pron="bəʊst">boast</w>
         <c> </c>
         <w xml:id="o5156-114520"
            n="60-a-1620"
            ecep:lem="not"
            ecep:pos="xx"
            ecep:reg="not"
            ecep:spe="not"
            ecep:syllab="1"
            ecep:pron="ˈdɪdnt">not</w>
         <c> </c>
         <w xml:id="o5156-114530"
            n="60-a-1630"
            ecep:lem="those"
            ecep:pos="d"
            ecep:reg="those"
            ecep:spe="those"
            ecep:syllab="1"
            ecep:pron="ðəʊz">those</w>
         <c> </c>
         <w xml:id="o5156-114540"
            n="60-a-1640"
            ecep:lem="obscure"
            ecep:pos="j-vvg"
            ecep:reg="obscuring"
            ecep:spe="obscuring"
            ecep:syllab="3"
            ecep:pron="əbˈskjʊərɪŋ">obscuring</w>
         <c> </c>
         <w xml:id="o5156-114550"
            n="60-a-1650"
            ecep:lem="lay"
            ecep:pos="n2"
            ecep:reg="lays"
            ecep:spe="lays"
            ecep:syllab="1"
            ecep:pron="leɪz">lays</w>
         <pc xml:id="o5156-114560"
             n="60-a-1660"
             ecep:lem=","
             ecep:pos=","
             ecep:reg=","
             ecep:spe=",">,</pc>
      </l>
      <l xml:id="o5156-l06635">
         <w xml:id="o5156-114570"
            n="60-a-1670"
            ecep:lem="nor"
            ecep:pos="ccx"
            ecep:reg="Nor"
            ecep:spe="Nor"
            ecep:syllab="1"
            ecep:pron="nɔː">Nor</w>
         <c> </c>
         <w xml:id="o5156-114580"
            n="60-a-1680"
            ecep:lem="think"
            ecep:pos="vvi"
            ecep:reg="think"
            ecep:spe="think"
            ecep:syllab="1"
            ecep:pron="θɪŋk">think</w>
         <c> </c>
         <w xml:id="o5156-114590"
            n="60-a-1690"
            ecep:lem="it"
            ecep:pos="pn31"
            ecep:reg="it"
            ecep:spe="it"
            ecep:syllab="1"
            ecep:pron="ɪt">it</w>
         <c> </c>
         <w xml:id="o5156-114600"
            n="60-a-1700"
            ecep:lem="sure"
            ecep:pos="j"
            ecep:reg="sure"
            ecep:spe="sure"
            ecep:syllab="1"
            ecep:pron="ʃɔː">sure</w>
         <c> </c>
         <w xml:id="o5156-114610"
            n="60-a-1710"
            ecep:lem="and"
            ecep:pos="cc"
            ecep:reg="and"
            ecep:spe="and"
            ecep:syllab="1"
            ecep:pron="ænd">and</w>
         <c> </c>
         <w xml:id="o5156-114620"
            n="60-a-1720"
            ecep:lem="certain"
            ecep:pos="j"
            ecep:reg="certain"
            ecep:spe="certain"
            ecep:syllab="2"
            ecep:pron="ˈsɜːtn">certain</w>
      </l>
      <l xml:id="o5156-l06640">
         <w xml:id="o5156-114630"
            n="60-a-1730"
            ecep:lem="that"
            ecep:pos="cst"
            ecep:reg="That"
            ecep:spe="That"
            ecep:syllab="1"
            ecep:pron="ðæt">That</w>
         <c> </c>
         <w xml:id="o5156-114640"
            n="60-a-1740"
            ecep:lem="every"
            ecep:pos="d"
            ecep:reg="every"
            ecep:spe="every"
            ecep:syllab="2"
            ecep:pron="ˈevri">every</w>
         <c> </c>
         <w xml:id="o5156-114650"
            n="60-a-1750"
            ecep:lem="one"
            ecep:pos="pi"
            ecep:reg="one"
            ecep:spe="one"
            ecep:syllab="1"
            ecep:pron="wʌn">one</w>
         <c> </c>
         <w xml:id="o5156-114660"
            n="60-a-1760"
            ecep:lem="can"
            ecep:pos="vmb"
            ecep:reg="can"
            ecep:spe="can"
            ecep:syllab="1"
            ecep:pron="kæn">can</w>
         <c> </c>
         <w xml:id="o5156-114670"
            n="60-a-1770"
            ecep:lem="draw"
            ecep:pos="vvi"
            ecep:reg="draw"
            ecep:spe="draw"
            ecep:syllab="1"
            ecep:pron="drɔː">draw</w>
         <c> </c>
         <w xml:id="o5156-114680"
            n="60-a-1780"
            ecep:lem="a"
            ecep:pos="dt"
            ecep:reg="a"
            ecep:spe="a"
            ecep:syllab="1"
            ecep:pron="ə">a</w>
         <c> </c>
         <w xml:id="o5156-114690"
            n="60-a-1790"
            ecep:lem="face"
            ecep:pos="n1"
            ecep:reg="face"
            ecep:spe="face"
            ecep:syllab="1"
            ecep:pron="feɪs">face</w>
         <pc xml:id="o5156-114700"
             n="60-a-1800"
             ecep:lem=","
             ecep:pos=","
             ecep:reg=","
             ecep:spe=",">,</pc>
      </l>
      <l xml:id="o5156-l06645">
         <w xml:id="o5156-114710"
            n="60-a-1810"
            ecep:lem="who"
            ecep:pos="q-crq"
            ecep:reg="Who"
            ecep:spe="Who"
            ecep:syllab="1"
            ecep:pron="huː">Who</w>
         <c> </c>
         <w xml:id="o5156-114720"
            n="60-a-1820"
            ecep:lem="can"
            ecep:pos="vmb"
            ecep:reg="can"
            ecep:spe="can"
            ecep:syllab="1"
            ecep:pron="kæn">can</w>
         <c> </c>
         <w xml:id="o5156-114730"
            n="60-a-1830"
            ecep:lem="produce"
            ecep:pos="vvi"
            ecep:reg="produce"
            ecep:spe="produce"
            ecep:syllab="2"
            ecep:pron="ˈprɒdjuːs">produce</w>
         <c> </c>
         <w xml:id="o5156-114740"
            n="60-a-1840"
            ecep:lem="a"
            ecep:pos="dt"
            ecep:reg="a"
            ecep:spe="a"
            ecep:syllab="1"
            ecep:pron="ə">a</w>
         <c> </c>
         <w xml:id="o5156-114750"
            n="60-a-1850"
            ecep:lem="curtain"
            ecep:pos="n1"
            ecep:reg="curtain"
            ecep:spe="curtain"
            ecep:syllab="2"
            ecep:pron="ˈkɜːtn">curtain</w>
         <pc xml:id="o5156-114760"
             n="60-a-1860"
             unit="sentence"
             ecep:lem="."
             ecep:pos="."
             ecep:reg="."
             ecep:spe=".">.</pc>
      </l>
   </lg>
   <pb facs="o5156/0064_R" n="59" rend="none"/>
   <lg xml:id="o5156-s01195">
      <l xml:id="o5156-l06650">
         <w xml:id="o5156-114790"
            n="61-a-0010"
            ecep:lem="pope"
            ecep:pos="np1"
            ecep:reg="POPE"
            ecep:spe="POPE"
            ecep:syllab="1"
            ecep:pron="pəʊp">POPE</w>
         <c> </c>
         <w xml:id="o5156-114800"
            n="61-a-0020"
            ecep:lem="do"
            ecep:pos="vdz"
            ecep:reg="does"
            ecep:spe="does"
            ecep:syllab="1"
            ecep:pron="dʌz">does</w>
         <c> </c>
         <w xml:id="o5156-114810"
            n="61-a-0030"
            ecep:lem="the"
            ecep:pos="dt"
            ecep:reg="the"
            ecep:spe="the"
            ecep:syllab="1"
            ecep:pron="ðiː">the</w>
         <c> </c>
         <w xml:id="o5156-114820"
            n="61-a-0040"
            ecep:lem="flourish"
            ecep:pos="j-vvn"
            ecep:reg="flourished"
            ecep:spe="flourish'd"
            ecep:syllab="2"
            ecep:pron="ˈflʌrɪʃt">flourish'd</w>
         <c> </c>
         <w xml:id="o5156-114830"
            n="61-a-0050"
            ecep:lem="truth"
            ecep:pos="n1"
            ecep:reg="truth"
            ecep:spe="truth"
            ecep:syllab="1"
            ecep:pron="truːθ">truth</w>
         <c> </c>
         <w xml:id="o5156-114840"
            n="61-a-0060"
            ecep:lem="no"
            ecep:pos="dx"
            ecep:reg="no"
            ecep:spe="no"
            ecep:syllab="1"
            ecep:pron="nəʊ">no</w>
         <c> </c>
         <w xml:id="o5156-114850"
            n="61-a-0070"
            ecep:lem="hurt"
            ecep:pos="n1"
            ecep:reg="hurt"
            ecep:spe="hurt"
            ecep:syllab="1"
            ecep:pron="hɜːt">hurt</w>
         <pc xml:id="o5156-114860"
             n="61-a-0080"
             ecep:lem=","
             ecep:pos=","
             ecep:reg=","
             ecep:spe=",">,</pc>
      </l>
      <l xml:id="o5156-l06655">
         <w xml:id="o5156-114870"
            n="61-a-0090"
            ecep:lem="while"
            ecep:pos="cs"
            ecep:reg="While"
            ecep:spe="While"
            ecep:syllab="1"
            ecep:pron="waɪl">While</w>
         <c> </c>
         <w xml:id="o5156-114880"
            n="61-a-0100"
            ecep:lem="graceful"
            ecep:pos="j"
            ecep:reg="graceful"
            ecep:spe="graceful"
            ecep:syllab="2"
            ecep:pron="ˈgreɪsfl">graceful</w>
         <c> </c>
         <w xml:id="o5156-114890"
            n="61-a-0110"
            ecep:lem="flower"
            ecep:pos="n2"
            ecep:reg="flowers"
            ecep:spe="flowers"
            ecep:syllab="1"
            ecep:pron="ˈflaʊəz">flowers</w>
         <c> </c>
         <w xml:id="o5156-114900"
            n="61-a-0120"
            ecep:lem="disguise"
            ecep:pos="vvi"
            ecep:reg="disguise"
            ecep:spe="disguise"
            ecep:syllab="2"
            ecep:pron="dɪsˈgaɪz">disguise</w>
         <c> </c>
         <w xml:id="o5156-114910"
            n="61-a-0130"
            ecep:lem="it"
            ecep:pos="pn31"
            ecep:reg="it"
            ecep:spe="it"
            ecep:syllab="1"
            ecep:pron="ɪt">it</w>
         <pc xml:id="o5156-114920"
             n="61-a-0140"
             ecep:lem=";"
             ecep:pos=";"
             ecep:reg=";"
             ecep:spe=";">;</pc>
      </l>
      <l xml:id="o5156-l06660">
         <w xml:id="o5156-114930"
            n="61-a-0150"
            ecep:lem="thou"
            ecep:pos="pns21"
            ecep:reg="Thou"
            ecep:spe="Thou"
            ecep:syllab="1"
            ecep:pron="θaʊ">Thou</w>
         <c> </c>
         <w xml:id="o5156-114940"
            n="61-a-0160"
            ecep:lem="daub"
            ecep:pos="vv2"
            ecep:reg="daubst"
            ecep:spe="daub'st"
            ecep:syllab="1"
            ecep:pron="dɔːbst">daub'st</w>
         <c> </c>
         <w xml:id="o5156-114950"
            n="61-a-0170"
            ecep:lem="it"
            ecep:pos="pn31"
            ecep:reg="it"
            ecep:spe="it"
            ecep:syllab="1"
            ecep:pron="ɪt">it</w>
         <c> </c>
         <w xml:id="o5156-114960"
            n="61-a-0180"
            ecep:lem="so"
            ecep:pos="av"
            ecep:reg="so"
            ecep:spe="so"
            ecep:syllab="1"
            ecep:pron="səʊ">so</w>
         <c> </c>
         <w xml:id="o5156-114970"
            n="61-a-0190"
            ecep:lem="with"
            ecep:pos="p-acp"
            ecep:reg="with"
            ecep:spe="with"
            ecep:syllab="1"
            ecep:pron="wɪð">with</w>
         <c> </c>
         <w xml:id="o5156-114980"
            n="61-a-0200"
            ecep:lem="mud"
            ecep:pos="n1"
            ecep:reg="mud"
            ecep:spe="mud"
            ecep:syllab="1"
            ecep:pron="mʌd">mud</w>
         <c> </c>
         <w xml:id="o5156-114990"
            n="61-a-0210"
            ecep:lem="and"
            ecep:pos="cc"
            ecep:reg="and"
            ecep:spe="and"
            ecep:syllab="1"
            ecep:pron="ænd">and</w>
         <c> </c>
         <w xml:id="o5156-115000"
            n="61-a-0220"
            ecep:lem="dirt"
            ecep:pos="n1"
            ecep:reg="dirt"
            ecep:spe="dirt"
            ecep:syllab="1"
            ecep:pron="dɜːt">dirt</w>
         <pc xml:id="o5156-115010"
             n="61-a-0230"
             ecep:lem=","
             ecep:pos=","
             ecep:reg=","
             ecep:spe=",">,</pc>
      </l>
      <l xml:id="o5156-l06665">
         <w xml:id="o5156-115020"
            n="61-a-0240"
            ecep:lem="that"
            ecep:pos="cst"
            ecep:reg="That"
            ecep:spe="That"
            ecep:syllab="1"
            ecep:pron="ðæt">That</w>
         <c> </c>
         <w xml:id="o5156-115030"
            n="61-a-0250"
            ecep:lem="not"
            ecep:pos="xx"
            ecep:reg="not"
            ecep:spe="not"
            ecep:syllab="1"
            ecep:pron="ˈdɪdnt">not</w>
         <c> </c>
         <w xml:id="o5156-115040"
            n="61-a-0260"
            ecep:lem="a"
            ecep:pos="dt"
            ecep:reg="a"
            ecep:spe="a"
            ecep:syllab="1"
            ecep:pron="ə">a</w>
         <c> </c>
         <w xml:id="o5156-115050"
            n="61-a-0270"
            ecep:lem="soul"
            ecep:pos="n1"
            ecep:reg="soul"
            ecep:spe="soul"
            ecep:syllab="1"
            ecep:pron="səʊl">soul</w>
         <c> </c>
         <w xml:id="o5156-115060"
            n="61-a-0280"
            ecep:lem="espy"
            ecep:pos="vvz"
            ecep:reg="espies"
            ecep:spe="espies"
            ecep:syllab="2"
            ecep:pron="ɪˈspaɪz">espies</w>
         <c> </c>
         <w xml:id="o5156-115070"
            n="61-a-0290"
            ecep:lem="it"
            ecep:pos="pn31"
            ecep:reg="it"
            ecep:spe="it"
            ecep:syllab="1"
            ecep:pron="ɪt">it</w>
         <pc xml:id="o5156-115080"
             n="61-a-0300"
             unit="sentence"
             ecep:lem="."
             ecep:pos="."
             ecep:reg="."
             ecep:spe=".">.</pc>
      </l>
   </lg>
   <lg xml:id="o5156-s01200">
      <l xml:id="o5156-l06670">
         <w xml:id="o5156-115110"
            n="61-a-0310"
            ecep:lem="his"
            ecep:pos="po31"
            ecep:reg="His"
            ecep:spe="His"
            ecep:syllab="1"
            ecep:pron="hɪz">His</w>
         <c> </c>
         <w xml:id="o5156-115120"
            n="61-a-0320"
            ecep:lem="fancy"
            ecep:pos="n1"
            ecep:reg="fancy"
            ecep:spe="fancy"
            ecep:syllab="2"
            ecep:pron="ˈfænsi">fancy</w>
         <c> </c>
         <w xml:id="o5156-115130"
            n="61-a-0330"
            ecep:lem="deck"
            ecep:pos="n2"
            ecep:reg="decks"
            ecep:spe="decks"
            ecep:syllab="1"
            ecep:pron="deks">decks</w>
         <pc xml:id="o5156-115140"
             n="61-a-0340"
             ecep:lem=","
             ecep:pos=","
             ecep:reg=","
             ecep:spe=",">,</pc>
         <c> </c>
         <w xml:id="o5156-115150"
            n="61-a-0350"
            ecep:lem="thy"
            ecep:pos="po21"
            ecep:reg="thy"
            ecep:spe="thy"
            ecep:syllab="1"
            ecep:pron="ðaɪ">thy</w>
         <c> </c>
         <w xml:id="o5156-115160"
            n="61-a-0360"
            ecep:lem="fancy"
            ecep:pos="n1"
            ecep:reg="fancy"
            ecep:spe="fancy"
            ecep:syllab="2"
            ecep:pron="ˈfænsi">fancy</w>
         <c> </c>
         <w xml:id="o5156-115170"
            n="61-a-0370"
            ecep:lem="shrowd"
            ecep:pos="n2"
            ecep:reg="shrowds"
            ecep:spe="shrowds"
            ecep:syllab="1"
            ecep:pron="ʃrˈaʊdz">shrowds</w>
         <pc xml:id="o5156-115180"
             n="61-a-0380"
             ecep:lem=";"
             ecep:pos=";"
             ecep:reg=";"
             ecep:spe=";">;</pc>
      </l>
      <l xml:id="o5156-l06675">
         <w xml:id="o5156-115190"
            n="61-a-0390"
            ecep:lem="what"
            ecep:pos="q-crq"
            ecep:reg="What"
            ecep:spe="What"
            ecep:syllab="1"
            ecep:pron="wɒt">What</w>
         <c> </c>
         <w xml:id="o5156-115200"
            n="61-a-0400"
            ecep:lem="likeness"
            ecep:pos="n1"
            ecep:reg="likeness"
            ecep:spe="likeness"
            ecep:syllab="2"
            ecep:pron="ˈlaɪknəs">likeness</w>
         <c> </c>
         <w xml:id="o5156-115210"
            n="61-a-0410"
            ecep:lem="be"
            ecep:pos="vbz"
            ecep:reg="is"
            ecep:spe="is"
            ecep:syllab="1"
            ecep:pron="ɪz">is</w>
         <c> </c>
         <w xml:id="o5156-115220"
            n="61-a-0420"
            ecep:lem="between"
            ecep:pos="p-acp"
            ecep:reg="between"
            ecep:spe="between"
            ecep:syllab="2"
            ecep:pron="biˈtwiːn">between</w>
         <c> </c>
         <w xml:id="o5156-115240"
            n="61-a-0440"
            ecep:lem="they"
            ecep:pos="pno32"
            ecep:reg="them"
            ecep:spe="'em"
            ecep:syllab="1"
            ecep:pron="əm">'em</w>
         <pc xml:id="o5156-115250"
             n="61-a-0450"
             unit="sentence"
             ecep:lem="?"
             ecep:pos="?"
             ecep:reg="?"
             ecep:spe="?">?</pc>
      </l>
      <l xml:id="o5156-l06680">
         <w xml:id="o5156-115260"
            n="61-a-0460"
            ecep:lem="betwixt"
            ecep:pos="p-acp"
            ecep:reg="Betwixt"
            ecep:spe="'Twixt"
            ecep:syllab="1"
            ecep:pron="twɪkst">'Twixt</w>
         <c> </c>
         <w xml:id="o5156-115270"
            n="61-a-0470"
            ecep:lem="one"
            ecep:pos="pi"
            ecep:reg="one"
            ecep:spe="one"
            ecep:syllab="1"
            ecep:pron="wʌn">one</w>
         <c> </c>
         <w xml:id="o5156-115280"
            n="61-a-0480"
            ecep:lem="who"
            ecep:pos="r-crq"
            ecep:reg="who"
            ecep:spe="who"
            ecep:syllab="1"
            ecep:pron="huː">who</w>
         <c> </c>
         <w xml:id="o5156-115290"
            n="61-a-0490"
            ecep:lem="soar"
            ecep:pos="vvz"
            ecep:reg="soars"
            ecep:spe="soars"
            ecep:syllab="1"
            ecep:pron="sɔːz">soars</w>
         <c> </c>
         <w xml:id="o5156-115300"
            n="61-a-0500"
            ecep:lem="above"
            ecep:pos="p-acp"
            ecep:reg="above"
            ecep:spe="above"
            ecep:syllab="2"
            ecep:pron="əˈbʌv">above</w>
         <c> </c>
         <w xml:id="o5156-115310"
            n="61-a-0510"
            ecep:lem="the"
            ecep:pos="dt"
            ecep:reg="the"
            ecep:spe="the"
            ecep:syllab="1"
            ecep:pron="ðiː">the</w>
         <c> </c>
         <w xml:id="o5156-115320"
            n="61-a-0520"
            ecep:lem="cloud"
            ecep:pos="n2"
            ecep:reg="clouds"
            ecep:spe="clouds"
            ecep:syllab="1"
            ecep:pron="klaʊdz">clouds</w>
         <pc xml:id="o5156-115330"
             n="61-a-0530"
             ecep:lem=","
             ecep:pos=","
             ecep:reg=","
             ecep:spe=",">,</pc>
      </l>
      <l xml:id="o5156-l06685">
         <w xml:id="o5156-115340"
            n="61-a-0540"
            ecep:lem="and"
            ecep:pos="cc"
            ecep:reg="And"
            ecep:spe="And"
            ecep:syllab="1"
            ecep:pron="ænd">And</w>
         <c> </c>
         <w xml:id="o5156-115350"
            n="61-a-0550"
            ecep:lem="one"
            ecep:pos="pi"
            ecep:reg="one"
            ecep:spe="one"
            ecep:syllab="1"
            ecep:pron="wʌn">one</w>
         <c> </c>
         <w xml:id="o5156-115360"
            n="61-a-0560"
            ecep:lem="entangle"
            ecep:pos="vvn"
            ecep:reg="entangled"
            ecep:spe="entangled"
            ecep:syllab="3"
            ecep:pron="ɪnˈtæŋgld">entangled</w>
         <c> </c>
         <w xml:id="o5156-115370"
            n="61-a-0570"
            ecep:lem="in"
            ecep:pos="p-acp"
            ecep:reg="in"
            ecep:spe="in"
            ecep:syllab="1"
            ecep:pron="ɪn">in</w>
         <c> </c>
         <w xml:id="o5156-115390"
            n="61-a-0590"
            ecep:lem="they"
            ecep:pos="pno32"
            ecep:reg="them"
            ecep:spe="'em"
            ecep:syllab="1"
            ecep:pron="əm">'em</w>
         <pc xml:id="o5156-115400"
             n="61-a-0600"
             unit="sentence"
             ecep:lem="?"
             ecep:pos="?"
             ecep:reg="?"
             ecep:spe="?">?</pc>
      </l>
   </lg>
   <lg xml:id="o5156-s01205">
      <l xml:id="o5156-l06690">
         <w xml:id="o5156-115430"
            n="61-a-0610"
            ecep:lem="but"
            ecep:pos="cc-acp"
            ecep:reg="But"
            ecep:spe="But"
            ecep:syllab="1"
            ecep:pron="bʌt">But</w>
         <c> </c>
         <w xml:id="o5156-115440"
            n="61-a-0620"
            ecep:lem="let"
            ecep:pos="vvb"
            ecep:reg="let"
            ecep:spe="let"
            ecep:syllab="1"
            ecep:pron="let">let</w>
         <c> </c>
         <w xml:id="o5156-115450"
            n="61-a-0630"
            ecep:lem="my"
            ecep:pos="po11"
            ecep:reg="my"
            ecep:spe="my"
            ecep:syllab="1"
            ecep:pron="maɪ">my</w>
         <c> </c>
         <w xml:id="o5156-115460"
            n="61-a-0640"
            ecep:lem="candour"
            ecep:pos="n1"
            ecep:reg="candour"
            ecep:spe="candour"
            ecep:syllab="2"
            ecep:pron="ˈkændə">candour</w>
         <c> </c>
         <w xml:id="o5156-115470"
            n="61-a-0650"
            ecep:lem="not"
            ecep:pos="xx"
            ecep:reg="not"
            ecep:spe="not"
            ecep:syllab="1"
            ecep:pron="ˈdɪdnt">not</w>
         <c> </c>
         <w xml:id="o5156-115480"
            n="61-a-0660"
            ecep:lem="upbraid"
            ecep:pos="vvi"
            ecep:reg="upbraid"
            ecep:spe="upbraid"
            ecep:syllab="2"
            ecep:pron="ʌpˈbreɪd">upbraid</w>
      </l>
      <l xml:id="o5156-l06695">
         <w xml:id="o5156-115490"
            n="61-a-0670"
            ecep:lem="thy"
            ecep:pos="po21"
            ecep:reg="Thy"
            ecep:spe="Thy"
            ecep:syllab="1"
            ecep:pron="ðaɪ">Thy</w>
         <c> </c>
         <w xml:id="o5156-115500"
            n="61-a-0680"
            ecep:lem="strain"
            ecep:pos="n2"
            ecep:reg="strains"
            ecep:spe="strains"
            ecep:syllab="1"
            ecep:pron="streɪnz">strains</w>
         <pc xml:id="o5156-115510"
             n="61-a-0690"
             ecep:lem=","
             ecep:pos=","
             ecep:reg=","
             ecep:spe=",">,</pc>
         <c> </c>
         <w xml:id="o5156-115520"
            n="61-a-0700"
            ecep:lem="which"
            ecep:pos="r-crq"
            ecep:reg="which"
            ecep:spe="which"
            ecep:syllab="1"
            ecep:pron="wɪtʃ">which</w>
         <c> </c>
         <w xml:id="o5156-115530"
            n="61-a-0710"
            ecep:lem="flow"
            ecep:pos="n1"
            ecep:reg="flow"
            ecep:spe="flow"
            ecep:syllab="1"
            ecep:pron="fləʊ">flow</w>
         <c> </c>
         <w xml:id="o5156-115540"
            n="61-a-0720"
            ecep:lem="so"
            ecep:pos="av"
            ecep:reg="so"
            ecep:spe="so"
            ecep:syllab="1"
            ecep:pron="səʊ">so</w>
         <c> </c>
         <w xml:id="o5156-115550"
            n="61-a-0730"
            ecep:lem="pure"
            ecep:pos="av-j"
            ecep:reg="purely"
            ecep:spe="purely"
            ecep:syllab="2"
            ecep:pron="ˈpjʊəli">purely</w>
         <pc xml:id="o5156-115560"
             n="61-a-0740"
             ecep:lem=";"
             ecep:pos=";"
             ecep:reg=";"
             ecep:spe=";">;</pc>
      </l>
      <l xml:id="o5156-l06700">
         <w xml:id="o5156-115570"
            n="61-a-0750"
            ecep:lem="it"
            ecep:pos="pn31"
            ecep:reg="It"
            ecep:spe="It"
            ecep:syllab="1"
            ecep:pron="ɪt">It</w>
         <c> </c>
         <w xml:id="o5156-115580"
            n="61-a-0760"
            ecep:lem="be"
            ecep:pos="vbz"
            ecep:reg="is"
            ecep:spe="is"
            ecep:syllab="1"
            ecep:pron="ɪz">is</w>
         <c> </c>
         <w xml:id="o5156-115590"
            n="61-a-0770"
            ecep:lem="thy"
            ecep:pos="po21"
            ecep:reg="thy"
            ecep:spe="thy"
            ecep:syllab="1"
            ecep:pron="ðaɪ">thy</w>
         <c> </c>
         <w xml:id="o5156-115600"
            n="61-a-0780"
            ecep:lem="secret"
            ecep:pos="n-jn"
            ecep:reg="secret"
            ecep:spe="secret"
            ecep:syllab="2"
            ecep:pron="ˈsiːkrət">secret</w>
         <pc xml:id="o5156-115610"
             n="61-a-0790"
             ecep:lem=","
             ecep:pos=","
             ecep:reg=","
             ecep:spe=",">,</pc>
         <c> </c>
         <w xml:id="o5156-115620"
            n="61-a-0800"
            ecep:lem="it|be"
            ecep:pos="pn31|vbz"
            ecep:reg="it's"
            ecep:spe="'tis"
            ecep:syllab="1"
            ecep:pron="tɪz">'tis</w>
         <c> </c>
         <w xml:id="o5156-115630"
            n="61-a-0810"
            ecep:lem="thy"
            ecep:pos="po21"
            ecep:reg="thy"
            ecep:spe="thy"
            ecep:syllab="1"
            ecep:pron="ðaɪ">thy</w>
         <c> </c>
         <w xml:id="o5156-115640"
            n="61-a-0820"
            ecep:lem="trade"
            ecep:pos="n1"
            ecep:reg="trade"
            ecep:spe="trade"
            ecep:syllab="1"
            ecep:pron="treɪd">trade</w>
         <pc xml:id="o5156-115650"
             n="61-a-0830"
             ecep:lem=","
             ecep:pos=","
             ecep:reg=","
             ecep:spe=",">,</pc>
      </l>
      <l xml:id="o5156-l06705">
         <w xml:id="o5156-115660"
            n="61-a-0840"
            ecep:lem="thy"
            ecep:pos="po21"
            ecep:reg="Thy"
            ecep:spe="Thy"
            ecep:syllab="1"
            ecep:pron="ðaɪ">Thy</w>
         <c> </c>
         <w xml:id="o5156-115670"
            n="61-a-0850"
            ecep:lem="craft"
            ecep:pos="n1"
            ecep:reg="craft"
            ecep:spe="craft"
            ecep:syllab="1"
            ecep:pron="krɑːft">craft</w>
         <c> </c>
         <pc xml:id="o5156-115680"
             n="61-a-0860"
             ecep:lem="—"
             ecep:pos="—"
             ecep:reg="—"
             ecep:spe="—">—</pc>
         <c> </c>
         <w xml:id="o5156-115690"
            n="61-a-0870"
            ecep:lem="to"
            ecep:pos="pc-acp"
            ecep:reg="to"
            ecep:spe="to"
            ecep:syllab="1"
            ecep:pron="tuː">to</w>
         <c> </c>
         <w xml:id="o5156-115700"
            n="61-a-0880"
            ecep:lem="write"
            ecep:pos="vvi"
            ecep:reg="write"
            ecep:spe="write"
            ecep:syllab="1"
            ecep:pron="raɪt">write</w>
         <c> </c>
         <w xml:id="o5156-115710"
            n="61-a-0890"
            ecep:lem="obscure"
            ecep:pos="av-j"
            ecep:reg="obscurely"
            ecep:spe="obscurely"
            ecep:syllab="3"
            ecep:pron="əbˈskjʊəli">obscurely</w>
         <pc xml:id="o5156-115720"
             n="61-a-0900"
             unit="sentence"
             ecep:lem="."
             ecep:pos="."
             ecep:reg="."
             ecep:spe=".">.</pc>
      </l>
   </lg>
   <lg xml:id="o5156-s01210">
      <l xml:id="o5156-l06710">
         <w xml:id="o5156-115750"
            n="61-a-0910"
            ecep:lem="obscurity"
            ecep:pos="n1"
            ecep:reg="Obscurity"
            ecep:spe="Obscurity"
            ecep:syllab="4"
            ecep:pron="əbˈskjʊərəti">Obscurity</w>
         <c> </c>
         <w xml:id="o5156-115760"
            n="61-a-0920"
            ecep:lem="in"
            ecep:pos="p-acp"
            ecep:reg="in"
            ecep:spe="in"
            ecep:syllab="1"
            ecep:pron="ɪn">in</w>
         <c> </c>
         <w xml:id="o5156-115770"
            n="61-a-0930"
            ecep:lem="thou"
            ecep:pos="pno21"
            ecep:reg="thee"
            ecep:spe="thee"
            ecep:syllab="1"
            ecep:pron="ðiː">thee</w>
         <c> </c>
         <w xml:id="o5156-115780"
            n="61-a-0940"
            ecep:lem="to"
            ecep:pos="pc-acp"
            ecep:reg="to"
            ecep:spe="to"
            ecep:syllab="1"
            ecep:pron="tuː">to</w>
         <c> </c>
         <w xml:id="o5156-115790"
            n="61-a-0950"
            ecep:lem="blame"
            ecep:pos="vvi"
            ecep:reg="blame"
            ecep:spe="blame"
            ecep:syllab="1"
            ecep:pron="bleɪm">blame</w>
      </l>
      <l xml:id="o5156-l06715">
         <w xml:id="o5156-115800"
            n="61-a-0960"
            ecep:lem="I|have"
            ecep:pos="pns11|vhn"
            ecep:reg="I've"
            ecep:spe="I've"
            ecep:syllab="1"
            ecep:pron="ˈaɪv">I've</w>
         <c> </c>
         <w xml:id="o5156-115810"
            n="61-a-0970"
            ecep:lem="not"
            ecep:pos="xx"
            ecep:reg="not"
            ecep:spe="not"
            ecep:syllab="1"
            ecep:pron="ˈdɪdnt">not</w>
         <c> </c>
         <w xml:id="o5156-115820"
            n="61-a-0980"
            ecep:lem="the"
            ecep:pos="dt"
            ecep:reg="the"
            ecep:spe="the"
            ecep:syllab="1"
            ecep:pron="ðiː">the</w>
         <c> </c>
         <w xml:id="o5156-115830"
            n="61-a-0990"
            ecep:lem="least"
            ecep:pos="ds"
            ecep:reg="least"
            ecep:spe="least"
            ecep:syllab="1"
            ecep:pron="liːst">least</w>
         <c> </c>
         <w xml:id="o5156-115840"
            n="61-a-1000"
            ecep:lem="pretence"
            ecep:pos="n1"
            ecep:reg="pretence"
            ecep:spe="pretence"
            ecep:syllab="2"
            ecep:pron="priˈtens">pretence</w>
         <pc xml:id="o5156-115850"
             n="61-a-1010"
             ecep:lem=";"
             ecep:pos=";"
             ecep:reg=";"
             ecep:spe=";">;</pc>
      </l>
      <l xml:id="o5156-l06720">
         <w xml:id="o5156-115860"
            n="61-a-1020"
            ecep:lem="it|be"
            ecep:pos="pn31|vbz"
            ecep:reg="It's"
            ecep:spe="'Tis"
            ecep:syllab="1"
            ecep:pron="tɪz">'Tis</w>
         <c> </c>
         <w xml:id="o5156-115870"
            n="61-a-1030"
            ecep:lem="that"
            ecep:pos="d"
            ecep:reg="that"
            ecep:spe="that"
            ecep:syllab="1"
            ecep:pron="ðæt">that</w>
         <c> </c>
         <w xml:id="o5156-115880"
            n="61-a-1040"
            ecep:lem="alone"
            ecep:pos="j"
            ecep:reg="alone"
            ecep:spe="alone"
            ecep:syllab="2"
            ecep:pron="əˈləʊn">alone</w>
         <c> </c>
         <w xml:id="o5156-115890"
            n="61-a-1050"
            ecep:lem="can"
            ecep:pos="vmb"
            ecep:reg="can"
            ecep:spe="can"
            ecep:syllab="1"
            ecep:pron="kæn">can</w>
         <c> </c>
         <w xml:id="o5156-115900"
            n="61-a-1060"
            ecep:lem="guard"
            ecep:pos="vvi"
            ecep:reg="guard"
            ecep:spe="guard"
            ecep:syllab="1"
            ecep:pron="gɑːd">guard</w>
         <c> </c>
         <w xml:id="o5156-115910"
            n="61-a-1070"
            ecep:lem="thy"
            ecep:pos="po21"
            ecep:reg="thy"
            ecep:spe="thy"
            ecep:syllab="1"
            ecep:pron="ðaɪ">thy</w>
         <c> </c>
         <w xml:id="o5156-115920"
            n="61-a-1080"
            ecep:lem="fame"
            ecep:pos="n1"
            ecep:reg="fame"
            ecep:spe="fame"
            ecep:syllab="1"
            ecep:pron="feɪm">fame</w>
         <pc xml:id="o5156-115930"
             n="61-a-1090"
             ecep:lem=","
             ecep:pos=","
             ecep:reg=","
             ecep:spe=",">,</pc>
      </l>
      <l xml:id="o5156-l06725">
         <w xml:id="o5156-115940"
            n="61-a-1100"
            ecep:lem="the"
            ecep:pos="dt"
            ecep:reg="The"
            ecep:spe="The"
            ecep:syllab="1"
            ecep:pron="ðiː">The</w>
         <c> </c>
         <w xml:id="o5156-115950"
            n="61-a-1110"
            ecep:lem="style"
            ecep:pos="n1"
            ecep:reg="style"
            ecep:spe="style"
            ecep:syllab="1"
            ecep:pron="staɪl">style</w>
         <c> </c>
         <w xml:id="o5156-115960"
            n="61-a-1120"
            ecep:lem="that"
            ecep:pos="cst"
            ecep:reg="that"
            ecep:spe="that"
            ecep:syllab="1"
            ecep:pron="ðæt">that</w>
         <c> </c>
         <w xml:id="o5156-115970"
            n="61-a-1130"
            ecep:lem="suit"
            ecep:pos="vvz"
            ecep:reg="suits"
            ecep:spe="suits"
            ecep:syllab="1"
            ecep:pron="suːts">suits</w>
         <c> </c>
         <w xml:id="o5156-115980"
            n="61-a-1140"
            ecep:lem="thy"
            ecep:pos="po21"
            ecep:reg="thy"
            ecep:spe="thy"
            ecep:syllab="1"
            ecep:pron="ðaɪ">thy</w>
         <c> </c>
         <w xml:id="o5156-115990"
            n="61-a-1150"
            ecep:lem="sense"
            ecep:pos="n1"
            ecep:reg="sense"
            ecep:spe="sense"
            ecep:syllab="1"
            ecep:pron="sens">sense</w>
         <pc xml:id="o5156-116000"
             n="61-a-1160"
             unit="sentence"
             ecep:lem="."
             ecep:pos="."
             ecep:reg="."
             ecep:spe=".">.</pc>
      </l>
   </lg>
   <lg xml:id="o5156-s01215">
      <l xml:id="o5156-l06730">
         <w xml:id="o5156-116030"
            n="61-a-1170"
            ecep:lem="when"
            ecep:pos="c-crq"
            ecep:reg="When"
            ecep:spe="When"
            ecep:syllab="1"
            ecep:pron="wen">When</w>
         <c> </c>
         <w xml:id="o5156-116040"
            n="61-a-1180"
            ecep:lem="nature"
            ecep:pos="n1"
            ecep:reg="Nature"
            ecep:spe="Nature"
            ecep:syllab="2"
            ecep:pron="ˈneɪtʃə">Nature</w>
         <c> </c>
         <w xml:id="o5156-116050"
            n="61-a-1190"
            ecep:lem="form"
            ecep:pos="vvz"
            ecep:reg="forms"
            ecep:spe="forms"
            ecep:syllab="1"
            ecep:pron="fɔːmz">forms</w>
         <c> </c>
         <w xml:id="o5156-116060"
            n="61-a-1200"
            ecep:lem="a"
            ecep:pos="dt"
            ecep:reg="an"
            ecep:spe="an"
            ecep:syllab="1"
            ecep:pron="æn">an</w>
         <c> </c>
         <w xml:id="o5156-116070"
            n="61-a-1210"
            ecep:lem="horrid"
            ecep:pos="j"
            ecep:reg="horrid"
            ecep:spe="horrid"
            ecep:syllab="2"
            ecep:pron="ˈhɒrɪd">horrid</w>
         <c> </c>
         <w xml:id="o5156-116080"
            n="61-a-1220"
            ecep:lem="mien"
            ecep:pos="n1"
            ecep:reg="mien"
            ecep:spe="mien"
            ecep:syllab="1"
            ecep:pron="miːn">mien</w>
      </l>
      <l xml:id="o5156-l06735">
         <w xml:id="o5156-116090"
            n="61-a-1230"
            ecep:lem="less"
            ecep:pos="av-dc"
            ecep:reg="Less"
            ecep:spe="Less"
            ecep:syllab="1"
            ecep:pron="les">Less</w>
         <c> </c>
         <w xml:id="o5156-116100"
            n="61-a-1240"
            ecep:lem="fit"
            ecep:pos="j"
            ecep:reg="fit"
            ecep:spe="fit"
            ecep:syllab="1"
            ecep:pron="fɪt">fit</w>
         <c> </c>
         <w xml:id="o5156-116110"
            n="61-a-1250"
            ecep:lem="for"
            ecep:pos="p-acp"
            ecep:reg="for"
            ecep:spe="for"
            ecep:syllab="1"
            ecep:pron="fɔː">for</w>
         <c> </c>
         <w xml:id="o5156-116120"
            n="61-a-1260"
            ecep:lem="vulgar"
            ecep:pos="j"
            ecep:reg="vulgar"
            ecep:spe="vulgar"
            ecep:syllab="2"
            ecep:pron="ˈvʌlgə">vulgar</w>
         <c> </c>
         <w xml:id="o5156-116130"
            n="61-a-1270"
            ecep:lem="sight"
            ecep:pos="n1"
            ecep:reg="sight"
            ecep:spe="sight"
            ecep:syllab="1"
            ecep:pron="saɪt">sight</w>
         <pc xml:id="o5156-116140"
             n="61-a-1280"
             ecep:lem=";"
             ecep:pos=";"
             ecep:reg=";"
             ecep:spe=";">;</pc>
      </l>
      <l xml:id="o5156-l06740">
         <w xml:id="o5156-116150"
            n="61-a-1290"
            ecep:lem="the"
            ecep:pos="dt"
            ecep:reg="The"
            ecep:spe="The"
            ecep:syllab="1"
            ecep:pron="ðiː">The</w>
         <c> </c>
         <w xml:id="o5156-116160"
            n="61-a-1300"
            ecep:lem="creature"
            ecep:pos="n1"
            ecep:reg="creature"
            ecep:spe="creature"
            ecep:syllab="2"
            ecep:pron="ˈkriːtʃə">creature</w>
         <pc xml:id="o5156-116170"
             n="61-a-1310"
             ecep:lem=","
             ecep:pos=","
             ecep:reg=","
             ecep:spe=",">,</pc>
         <c> </c>
         <w xml:id="o5156-116180"
            n="61-a-1320"
            ecep:lem="fearful"
            ecep:pos="j"
            ecep:reg="fearful"
            ecep:spe="fearful"
            ecep:syllab="2"
            ecep:pron="ˈfɪəfl">fearful</w>
         <c> </c>
         <w xml:id="o5156-116190"
            n="61-a-1330"
            ecep:lem="to"
            ecep:pos="pc-acp"
            ecep:reg="to"
            ecep:spe="to"
            ecep:syllab="1"
            ecep:pron="tuː">to</w>
         <c> </c>
         <w xml:id="o5156-116200"
            n="61-a-1340"
            ecep:lem="be"
            ecep:pos="vbi"
            ecep:reg="be"
            ecep:spe="be"
            ecep:syllab="1"
            ecep:pron="biː">be</w>
         <c> </c>
         <w xml:id="o5156-116210"
            n="61-a-1350"
            ecep:lem="see"
            ecep:pos="vvn"
            ecep:reg="seen"
            ecep:spe="seen"
            ecep:syllab="1"
            ecep:pron="siːn">seen</w>
         <pc xml:id="o5156-116220"
             n="61-a-1360"
             ecep:lem=","
             ecep:pos=","
             ecep:reg=","
             ecep:spe=",">,</pc>
      </l>
      <l xml:id="o5156-l06745">
         <w xml:id="o5156-116230"
            n="61-a-1370"
            ecep:lem="spontaneous"
            ecep:pos="j"
            ecep:reg="Spontaneous"
            ecep:spe="Spontaneous"
            ecep:syllab="4"
            ecep:pron="ˌspɒnˈteɪniəs">Spontaneous</w>
         <c> </c>
         <w xml:id="o5156-116240"
            n="61-a-1380"
            ecep:lem="shun"
            ecep:pos="vvz"
            ecep:reg="shuns"
            ecep:spe="shuns"
            ecep:syllab="1"
            ecep:pron="ʃʌnz">shuns</w>
         <c> </c>
         <w xml:id="o5156-116250"
            n="61-a-1390"
            ecep:lem="the"
            ecep:pos="dt"
            ecep:reg="the"
            ecep:spe="the"
            ecep:syllab="1"
            ecep:pron="ðiː">the</w>
         <c> </c>
         <w xml:id="o5156-116260"
            n="61-a-1400"
            ecep:lem="light"
            ecep:pos="n1"
            ecep:reg="light"
            ecep:spe="light"
            ecep:syllab="1"
            ecep:pron="laɪt">light</w>
         <pc xml:id="o5156-116270"
             n="61-a-1410"
             unit="sentence"
             ecep:lem="."
             ecep:pos="."
             ecep:reg="."
             ecep:spe=".">.</pc>
      </l>
   </lg>
   <lg xml:id="o5156-s01220">
      <l xml:id="o5156-l06750">
         <w xml:id="o5156-116300"
            n="61-a-1420"
            ecep:lem="the"
            ecep:pos="dt"
            ecep:reg="The"
            ecep:spe="The"
            ecep:syllab="1"
            ecep:pron="ðiː">The</w>
         <c> </c>
         <w xml:id="o5156-116310"
            n="61-a-1430"
            ecep:lem="bat"
            ecep:pos="n1"
            ecep:reg="bat"
            ecep:spe="bat"
            ecep:syllab="1"
            ecep:pron="bæt">bat</w>
         <c> </c>
         <w xml:id="o5156-116320"
            n="61-a-1440"
            ecep:lem="uncouth"
            ecep:pos="j"
            ecep:reg="uncouth"
            ecep:spe="uncouth"
            ecep:syllab="2"
            ecep:pron="ʌnˈkuːθ">uncouth</w>
         <c> </c>
         <w xml:id="o5156-116330"
            n="61-a-1450"
            ecep:lem="through"
            ecep:pos="p-acp"
            ecep:reg="through"
            ecep:spe="thro'"
            ecep:syllab="1"
            ecep:pron="θruː">thro'</w>
         <c> </c>
         <w xml:id="o5156-116340"
            n="61-a-1460"
            ecep:lem="instinct"
            ecep:pos="n1"
            ecep:reg="instinct"
            ecep:spe="instinct"
            ecep:syllab="2"
            ecep:pron="ˈɪnstɪŋkt">instinct</w>
         <c> </c>
         <w xml:id="o5156-116350"
            n="61-a-1470"
            ecep:lem="fear"
            ecep:pos="vvz"
            ecep:reg="fears"
            ecep:spe="fears"
            ecep:syllab="1"
            ecep:pron="fɪəz">fears</w>
      </l>
      <l xml:id="o5156-l06755">
         <w xml:id="o5156-116360"
            n="61-a-1480"
            ecep:lem="the"
            ecep:pos="dt"
            ecep:reg="The"
            ecep:spe="The"
            ecep:syllab="1"
            ecep:pron="ðiː">The</w>
         <c> </c>
         <w xml:id="o5156-116370"
            n="61-a-1490"
            ecep:lem="pry"
            ecep:pos="j-vvg"
            ecep:reg="prying"
            ecep:spe="prying"
            ecep:syllab="2"
            ecep:pron="ˈpraɪɪŋ">prying</w>
         <c> </c>
         <w xml:id="o5156-116380"
            n="61-a-1500"
            ecep:lem="eye"
            ecep:pos="n2"
            ecep:reg="eyes"
            ecep:spe="eyes"
            ecep:syllab="1"
            ecep:pron="aɪz">eyes</w>
         <c> </c>
         <w xml:id="o5156-116390"
            n="61-a-1510"
            ecep:lem="of"
            ecep:pos="pp-f"
            ecep:reg="of"
            ecep:spe="of"
            ecep:syllab="1"
            ecep:pron="ɒv">of</w>
         <c> </c>
         <w xml:id="o5156-116400"
            n="61-a-1520"
            ecep:lem="day"
            ecep:pos="n1"
            ecep:reg="day"
            ecep:spe="day"
            ecep:syllab="1"
            ecep:pron="deɪ">day</w>
         <pc xml:id="o5156-116410"
             n="61-a-1530"
             ecep:lem=";"
             ecep:pos=";"
             ecep:reg=";"
             ecep:spe=";">;</pc>
      </l>
      <l xml:id="o5156-l06760">
         <w xml:id="o5156-116420"
            n="61-a-1540"
            ecep:lem="yet"
            ecep:pos="av"
            ecep:reg="Yet"
            ecep:spe="Yet"
            ecep:syllab="1"
            ecep:pron="jet">Yet</w>
         <c> </c>
         <w xml:id="o5156-116430"
            n="61-a-1550"
            ecep:lem="when"
            ecep:pos="c-crq"
            ecep:reg="when"
            ecep:spe="when"
            ecep:syllab="1"
            ecep:pron="wen">when</w>
         <c> </c>
         <w xml:id="o5156-116440"
            n="61-a-1560"
            ecep:lem="the"
            ecep:pos="dt"
            ecep:reg="the"
            ecep:spe="the"
            ecep:syllab="1"
            ecep:pron="ðiː">the</w>
         <c> </c>
         <w xml:id="o5156-116450"
            n="61-a-1570"
            ecep:lem="sun"
            ecep:pos="n1"
            ecep:reg="sun"
            ecep:spe="sun"
            ecep:syllab="1"
            ecep:pron="sʌn">sun</w>
         <c> </c>
         <w xml:id="o5156-116460"
            n="61-a-1580"
            ecep:lem="no"
            ecep:pos="av-dx"
            ecep:reg="no"
            ecep:spe="no"
            ecep:syllab="1"
            ecep:pron="nəʊ">no</w>
         <c> </c>
         <w xml:id="o5156-116470"
            n="61-a-1590"
            ecep:lem="more"
            ecep:pos="av-dc"
            ecep:reg="more"
            ecep:spe="more"
            ecep:syllab="1"
            ecep:pron="mɔː">more</w>
         <c> </c>
         <w xml:id="o5156-116480"
            n="61-a-1600"
            ecep:lem="appear"
            ecep:pos="vvz"
            ecep:reg="appears"
            ecep:spe="appears"
            ecep:syllab="2"
            ecep:pron="əˈpɪəz">appears</w>
         <pc xml:id="o5156-116490"
             n="61-a-1610"
             ecep:lem=","
             ecep:pos=","
             ecep:reg=","
             ecep:spe=",">,</pc>
      </l>
      <l xml:id="o5156-l06765">
         <w xml:id="o5156-116500"
            n="61-a-1620"
            ecep:lem="secure"
            ecep:pos="av-j"
            ecep:reg="Securely"
            ecep:spe="Securely"
            ecep:syllab="3"
            ecep:pron="sɪˈkjʊəli">Securely</w>
         <c> </c>
         <w xml:id="o5156-116510"
            n="61-a-1630"
            ecep:lem="wing"
            ecep:pos="n2"
            ecep:reg="wings"
            ecep:spe="wings"
            ecep:syllab="1"
            ecep:pron="wɪŋz">wings</w>
         <c> </c>
         <w xml:id="o5156-116520"
            n="61-a-1640"
            ecep:lem="away"
            ecep:pos="av"
            ecep:reg="away"
            ecep:spe="away"
            ecep:syllab="2"
            ecep:pron="əˈweɪ">away</w>
         <pc xml:id="o5156-116530"
             n="61-a-1650"
             unit="sentence"
             ecep:lem="."
             ecep:pos="."
             ecep:reg="."
             ecep:spe=".">.</pc>
      </l>
   </lg>
   <lg xml:id="o5156-s01225">
      <l xml:id="o5156-l06770">
         <w xml:id="o5156-116560"
            n="61-a-1660"
            ecep:lem="it|be"
            ecep:pos="pn31|vbz"
            ecep:reg="It's"
            ecep:spe="'Tis"
            ecep:syllab="1"
            ecep:pron="tɪz">'Tis</w>
         <c> </c>
         <w xml:id="o5156-116570"
            n="61-a-1670"
            ecep:lem="instinct"
            ecep:pos="n1"
            ecep:reg="instinct"
            ecep:spe="instinct"
            ecep:syllab="2"
            ecep:pron="ˈɪnstɪŋkt">instinct</w>
         <c> </c>
         <w xml:id="o5156-116580"
            n="61-a-1680"
            ecep:lem="bid"
            ecep:pos="vvz"
            ecep:reg="bids"
            ecep:spe="bids"
            ecep:syllab="1"
            ecep:pron="bɪdz">bids</w>
         <c> </c>
         <w xml:id="o5156-116590"
            n="61-a-1690"
            ecep:lem="the"
            ecep:pos="dt"
            ecep:reg="the"
            ecep:spe="the"
            ecep:syllab="1"
            ecep:pron="ðiː">the</w>
         <c> </c>
         <w xml:id="o5156-116600"
            n="61-a-1700"
            ecep:lem="frightful"
            ecep:pos="j"
            ecep:reg="frightful"
            ecep:spe="frightful"
            ecep:syllab="2"
            ecep:pron="ˈfraɪtfl">frightful</w>
         <c> </c>
         <w xml:id="o5156-116610"
            n="61-a-1710"
            ecep:lem="owl"
            ecep:pos="n1"
            ecep:reg="owl"
            ecep:spe="owl"
            ecep:syllab="1"
            ecep:pron="aʊl">owl</w>
      </l>
      <l xml:id="o5156-l06775">
         <w xml:id="o5156-116620"
            n="61-a-1720"
            ecep:lem="to"
            ecep:pos="p-acp"
            ecep:reg="To"
            ecep:spe="To"
            ecep:syllab="1"
            ecep:pron="tuː">To</w>
         <c> </c>
         <w xml:id="o5156-116630"
            n="61-a-1730"
            ecep:lem="devious"
            ecep:pos="j"
            ecep:reg="devious"
            ecep:spe="devious"
            ecep:syllab="3"
            ecep:pron="ˈdiːviəs">devious</w>
         <c> </c>
         <w xml:id="o5156-116640"
            n="61-a-1740"
            ecep:lem="gloom"
            ecep:pos="n2"
            ecep:reg="glooms"
            ecep:spe="glooms"
            ecep:syllab="1"
            ecep:pron="gluːmz">glooms</w>
         <c> </c>
         <w xml:id="o5156-116650"
            n="61-a-1750"
            ecep:lem="repair"
            ecep:pos="vvb"
            ecep:reg="repair"
            ecep:spe="repair"
            ecep:syllab="2"
            ecep:pron="riˈpeə">repair</w>
         <pc xml:id="o5156-116660"
             n="61-a-1760"
             ecep:lem=";"
             ecep:pos=";"
             ecep:reg=";"
             ecep:spe=";">;</pc>
      </l>
      <l xml:id="o5156-l06780">
         <w xml:id="o5156-116670"
            n="61-a-1770"
            ecep:lem="and"
            ecep:pos="cc"
            ecep:reg="And"
            ecep:spe="And"
            ecep:syllab="1"
            ecep:pron="ænd">And</w>
         <c> </c>
         <w xml:id="o5156-116680"
            n="61-a-1780"
            ecep:lem="point"
            ecep:pos="n2"
            ecep:reg="points"
            ecep:spe="points"
            ecep:syllab="1"
            ecep:pron="pɔɪnts">points</w>
         <c> </c>
         <w xml:id="o5156-116690"
            n="61-a-1790"
            ecep:lem="out"
            ecep:pos="av"
            ecep:reg="out"
            ecep:spe="out"
            ecep:syllab="1"
            ecep:pron="aʊt">out</w>
         <c> </c>
         <w xml:id="o5156-116700"
            n="61-a-1800"
            ecep:lem="riddle"
            ecep:pos="n2"
            ecep:reg="Riddles"
            ecep:spe="Riddles"
            ecep:syllab="2"
            ecep:pron="ˈrɪdlz">Riddles</w>
         <c> </c>
         <w xml:id="o5156-116710"
            n="61-a-1810"
            ecep:lem="to"
            ecep:pos="p-acp"
            ecep:reg="to"
            ecep:spe="to"
            ecep:syllab="1"
            ecep:pron="tuː">to</w>
         <c> </c>
         <w xml:id="o5156-116720"
            n="61-a-1820"
            ecep:lem="a"
            ecep:pos="dt"
            ecep:reg="a"
            ecep:spe="a"
            ecep:syllab="1"
            ecep:pron="ə">a</w>
         <c> </c>
         <w xml:id="o5156-116730"
            n="61-a-1830"
            ecep:lem="fool"
            ecep:pos="n1"
            ecep:reg="fool"
            ecep:spe="fool"
            ecep:syllab="1"
            ecep:pron="fuːl">fool</w>
         <pc xml:id="o5156-116740"
             n="61-a-1840"
             ecep:lem=","
             ecep:pos=","
             ecep:reg=","
             ecep:spe=",">,</pc>
      </l>
      <l xml:id="o5156-l06785">
         <w xml:id="o5156-116750"
            n="61-a-1850"
            ecep:lem="to"
            ecep:pos="pc-acp"
            ecep:reg="To"
            ecep:spe="To"
            ecep:syllab="1"
            ecep:pron="tuː">To</w>
         <c> </c>
         <w xml:id="o5156-116760"
            n="61-a-1860"
            ecep:lem="wrap"
            ecep:pos="vvi"
            ecep:reg="wrap"
            ecep:spe="wrap"
            ecep:syllab="1"
            ecep:pron="ræp">wrap</w>
         <c> </c>
         <w xml:id="o5156-116770"
            n="61-a-1870"
            ecep:lem="his"
            ecep:pos="po31"
            ecep:reg="his"
            ecep:spe="his"
            ecep:syllab="1"
            ecep:pron="hɪz">his</w>
         <c> </c>
         <w xml:id="o5156-116780"
            n="61-a-1880"
            ecep:lem="genius"
            ecep:pos="n1"
            ecep:reg="genius"
            ecep:spe="genius"
            ecep:syllab="2"
            ecep:pron="ˈdʒiːniəs">genius</w>
         <c> </c>
         <w xml:id="o5156-116790"
            n="61-a-1890"
            ecep:lem="there"
            ecep:pos="a-acp"
            ecep:reg="there"
            ecep:spe="there"
            ecep:syllab="1"
            ecep:pron="ðeə">there</w>
         <pc xml:id="o5156-116800"
             n="61-a-1900"
             unit="sentence"
             ecep:lem="."
             ecep:pos="."
             ecep:reg="."
             ecep:spe=".">.</pc>
      </l>
   </lg>
</div>
