<?xml version="1.0" encoding="UTF-8"?>
<?xml-model href="../tei_all.rnc" type="application/relax-ng-compact-syntax"?>
<TEI xmlns="http://www.tei-c.org/ns/1.0">
   <teiHeader>
      <fileDesc>
         <titleStmt>
            <title corresp="#txt_MannLa1766_w0026">On the Same.</title>
            <author corresp="authors.xml#aut_MannLa1766">Catherine Rebecca Grey, Lady Manners</author>
            <respStmt>
               <name xml:id="AH">Alexander Huber</name>
               <resp>Editor</resp>
            </respStmt>
            <funder>
               <name type="institution" xml:id="BOD">Bodleian Libraries, University of Oxford</name>
               <address>
                  <addrLine>Broad Street</addrLine>
                  <addrLine>Oxford OX1 3BG</addrLine>
                  <addrLine>UK</addrLine>
               </address>
            </funder>
         </titleStmt>
         <publicationStmt>
            <publisher xml:id="ECPA">Eighteenth-Century Poetry Archive</publisher>
            <address>
               <addrLine>Taylor Institution Library</addrLine>
               <addrLine>St Giles'</addrLine>
               <addrLine>Oxford OX1 3NA</addrLine>
               <addrLine>UK</addrLine>
               <addrLine>
                  <email>info@eighteenthcenturypoetry.org</email>
               </addrLine>
               <addrLine>
                  <ref target="https://www.eighteenthcenturypoetry.org/">https://www.eighteenthcenturypoetry.org/</ref>
               </addrLine>
            </address>
            <pubPlace>Oxford</pubPlace>
            <availability status="restricted">
               <licence target="http://creativecommons.org/licenses/by-sa/3.0/">This work is licensed under a Creative Commons Attribution-ShareAlike 3.0 Unported License.</licence>
            </availability>
            <idno type="ESTC">T173070</idno>
         </publicationStmt>
         <sourceDesc>
            <bibl>
               <author>Manners, Catherine Rebecca, Lady, 1766 or 1767-1852.</author>
               <title>Poems by Lady Manners.</title>
               <edition>Second edition.</edition>
               <pubPlace>London</pubPlace>
               <publisher>John Bell</publisher>
               <date>1793</date>
               <biblScope>p. [120].</biblScope>
               <extent>126p.</extent>
            </bibl>
         </sourceDesc>
      </fileDesc>
      <encodingDesc>
         <projectDesc>
            <p>This e-text is part of the Works section of the Eighteenth-Century Poetry Archive (ECPA).</p>
            <p>XML created for the Eighteenth-Century Poetry Archive (ECPA).</p>
         </projectDesc>
         <editorialDecl>
            <p>Typography, spelling, capitalization, and punctuation have been cautiously modernized. The source of the text is given and all significant
						editorial interventions have been recorded in textual notes. This  text has been edited to conform to the recommendations found 
						in Level 5 of the
						Best Practices for TEI in Libraries version 4.0.0.
					</p>
         </editorialDecl>
         <classDecl>
            <taxonomy xml:id="LCNAF">
               <bibl>Library of Congress Name Authority File (<abbr>LCNAF</abbr>)</bibl>
            </taxonomy>
         </classDecl>
         <tagsDecl>
            <rendition n="linegroups indented" xml:id="lgindent" scheme="css">text-indent: 1em;</rendition>
            <rendition n="linegroups vertically spaced" xml:id="lgvspace" scheme="css">margin-bottom: 1em;</rendition>
            <rendition n="aligned centrally" xml:id="align-center" scheme="css">text-align: center;</rendition>
            <rendition n="aligned right" xml:id="align-right" scheme="css">text-align: right;</rendition>
            <rendition n="aligned left" xml:id="align-left" scheme="css">text-align: left;</rendition>
            <rendition n="inline" xml:id="inline" scheme="css">display: inline</rendition>
            <rendition n="italic" xml:id="i" scheme="css">font-style: italic;</rendition>
            <rendition n="bold" xml:id="b" scheme="css">font-weight: bold;</rendition>
         </tagsDecl>
      </encodingDesc>
   </teiHeader>
   <text>
      <body>
         <div xmlns:ecep="http://www.eighteenthcenturypoetry.org/ns"
              ana="#trochee #tetrameter #couplet #pair #narrative"
              corresp="#txt_MannLa1766_w0026"
              decls="#semi-normalized"
              ecep:syllab="7"
              met="+-|+-|+-|+/"
              rendition="#lgvspace"
              rhyme="aa"
              subtype="eceptext"
              type="poem"
              xml:id="pcm93-w0260">
            <link target="authors.xml#aut_MannLa1766" type="author"/>
            <link subtype="topic" target="#pcm93-w0250" type="related"/>
            <link subtype="topic" target="#pcm93-w0270" type="related"/>
            <head type="main">
               <w xmlns:ecep="http://www.eighteenthcenturypoetry.org/ns"
                  xml:id="pcm93-186900"
                  n="a-0010"
                  ecep:lem="on"
                  ecep:pos="p-acp"
                  ecep:reg="On"
                  ecep:spe="On"
                  ecep:syllab="1"
                  ecep:pron="ɒn">On</w>
               <c> </c>
               <w xmlns:ecep="http://www.eighteenthcenturypoetry.org/ns"
                  xml:id="pcm93-186910"
                  n="a-0020"
                  ecep:lem="the"
                  ecep:pos="dt"
                  ecep:reg="the"
                  ecep:spe="the"
                  ecep:syllab="1"
                  ecep:pron="ðiː">the</w>
               <c> </c>
               <w xmlns:ecep="http://www.eighteenthcenturypoetry.org/ns"
                  xml:id="pcm93-186920"
                  n="a-0030"
                  ecep:lem="same"
                  ecep:pos="d"
                  ecep:reg="Same"
                  ecep:spe="Same"
                  ecep:syllab="1"
                  ecep:pron="seɪm">Same</w>
               <pc xmlns:ecep="http://www.eighteenthcenturypoetry.org/ns"
                   xml:id="pcm93-186930"
                   n="a-0040"
                   unit="sentence"
                   ecep:lem="."
                   ecep:pos="."
                   ecep:reg="."
                   ecep:spe=".">.</pc>
            </head>
            <lg xml:id="pcm93-s02290">
               <l xml:id="pcm93-l10550">
                  <w xmlns:ecep="http://www.eighteenthcenturypoetry.org/ns"
                     xml:id="pcm93-186960"
                     n="a-0050"
                     ecep:lem="little"
                     ecep:pos="j"
                     ecep:reg="LITTLE"
                     ecep:spe="LITTLE"
                     ecep:syllab="2"
                     ecep:pron="ˈlɪtl">LITTLE</w>
                  <c> </c>
                  <w xmlns:ecep="http://www.eighteenthcenturypoetry.org/ns"
                     xml:id="pcm93-186970"
                     n="a-0060"
                     ecep:lem="idol"
                     ecep:pos="n1"
                     ecep:reg="idol"
                     ecep:spe="idol"
                     ecep:syllab="2"
                     ecep:pron="ˈaɪdl">idol</w>
                  <c> </c>
                  <w xmlns:ecep="http://www.eighteenthcenturypoetry.org/ns"
                     xml:id="pcm93-186980"
                     n="a-0070"
                     ecep:lem="of"
                     ecep:pos="pp-f"
                     ecep:reg="of"
                     ecep:spe="of"
                     ecep:syllab="1"
                     ecep:pron="ɒv">of</w>
                  <c> </c>
                  <w xmlns:ecep="http://www.eighteenthcenturypoetry.org/ns"
                     xml:id="pcm93-186990"
                     n="a-0080"
                     ecep:lem="my"
                     ecep:pos="po11"
                     ecep:reg="my"
                     ecep:spe="my"
                     ecep:syllab="1"
                     ecep:pron="maɪ">my</w>
                  <c> </c>
                  <w xmlns:ecep="http://www.eighteenthcenturypoetry.org/ns"
                     xml:id="pcm93-187000"
                     n="a-0090"
                     ecep:lem="heart"
                     ecep:pos="n1"
                     ecep:reg="heart"
                     ecep:spe="heart"
                     ecep:syllab="1"
                     ecep:pron="hɑːt">heart</w>
                  <pc xmlns:ecep="http://www.eighteenthcenturypoetry.org/ns"
                      xml:id="pcm93-187010"
                      n="a-0100"
                      ecep:lem=","
                      ecep:pos=","
                      ecep:reg=","
                      ecep:spe=",">,</pc>
               </l>
               <l xml:id="pcm93-l10555">
                  <c> </c>
                  <w xmlns:ecep="http://www.eighteenthcenturypoetry.org/ns"
                     xml:id="pcm93-187020"
                     n="a-0110"
                     ecep:lem="thou"
                     ecep:pos="pns21"
                     ecep:reg="Thou"
                     ecep:spe="Thou"
                     ecep:syllab="1"
                     ecep:pron="θaʊ">Thou</w>
                  <c> </c>
                  <w xmlns:ecep="http://www.eighteenthcenturypoetry.org/ns"
                     xml:id="pcm93-187030"
                     n="a-0120"
                     ecep:lem="to"
                     ecep:pos="p-acp"
                     ecep:reg="to"
                     ecep:spe="to"
                     ecep:syllab="1"
                     ecep:pron="tuː">to</w>
                  <c> </c>
                  <w xmlns:ecep="http://www.eighteenthcenturypoetry.org/ns"
                     xml:id="pcm93-187040"
                     n="a-0130"
                     ecep:lem="i"
                     ecep:pos="pno11"
                     ecep:reg="me"
                     ecep:spe="me"
                     ecep:syllab="1"
                     ecep:pron="miː">me</w>
                  <c> </c>
                  <w xmlns:ecep="http://www.eighteenthcenturypoetry.org/ns"
                     xml:id="pcm93-187050"
                     n="a-0140"
                     ecep:lem="can"
                     ecep:pos="vm2"
                     ecep:reg="canst"
                     ecep:spe="canst"
                     ecep:syllab="1"
                     ecep:pron="kænst">canst</w>
                  <c> </c>
                  <w xmlns:ecep="http://www.eighteenthcenturypoetry.org/ns"
                     xml:id="pcm93-187060"
                     n="a-0150"
                     ecep:lem="joy"
                     ecep:pos="n2"
                     ecep:reg="joys"
                     ecep:spe="joys"
                     ecep:syllab="1"
                     ecep:pron="dʒɔɪz">joys</w>
                  <c> </c>
                  <w xmlns:ecep="http://www.eighteenthcenturypoetry.org/ns"
                     xml:id="pcm93-187070"
                     n="a-0160"
                     ecep:lem="impart"
                     ecep:pos="vvi"
                     ecep:reg="impart"
                     ecep:spe="impart"
                     ecep:syllab="2"
                     ecep:pron="ɪmˈpɑːt">impart</w>
               </l>
               <l xml:id="pcm93-l10560">
                  <c> </c>
                  <w xmlns:ecep="http://www.eighteenthcenturypoetry.org/ns"
                     xml:id="pcm93-187080"
                     n="a-0170"
                     ecep:lem="great"
                     ecep:pos="jc"
                     ecep:reg="Greater"
                     ecep:spe="Greater"
                     ecep:syllab="2"
                     ecep:pron="greɪtə">Greater</w>
                  <c> </c>
                  <w xmlns:ecep="http://www.eighteenthcenturypoetry.org/ns"
                     xml:id="pcm93-187090"
                     n="a-0180"
                     ecep:lem="than"
                     ecep:pos="cs"
                     ecep:reg="than"
                     ecep:spe="than"
                     ecep:syllab="1"
                     ecep:pron="ðæn">than</w>
                  <c> </c>
                  <w xmlns:ecep="http://www.eighteenthcenturypoetry.org/ns"
                     xml:id="pcm93-187100"
                     n="a-0190"
                     ecep:lem="the"
                     ecep:pos="dt"
                     ecep:reg="the"
                     ecep:spe="the"
                     ecep:syllab="1"
                     ecep:pron="ðiː">the</w>
                  <c> </c>
                  <w xmlns:ecep="http://www.eighteenthcenturypoetry.org/ns"
                     xml:id="pcm93-187110"
                     n="a-0200"
                     ecep:lem="glitter"
                     ecep:pos="j-vvg"
                     ecep:reg="glittering"
                     ecep:spe="glittering"
                     ecep:syllab="3"
                     ecep:pron="ˈglɪtrɪŋ">glittering</w>
                  <c> </c>
                  <w xmlns:ecep="http://www.eighteenthcenturypoetry.org/ns"
                     xml:id="pcm93-187120"
                     n="a-0210"
                     ecep:lem="prize"
                     ecep:pos="n1"
                     ecep:reg="prise"
                     ecep:spe="prize"
                     ecep:syllab="1"
                     ecep:pron="praɪz">prize</w>
               </l>
               <l xml:id="pcm93-l10565">
                  <c> </c>
                  <w xmlns:ecep="http://www.eighteenthcenturypoetry.org/ns"
                     xml:id="pcm93-187130"
                     n="a-0220"
                     ecep:lem="to"
                     ecep:pos="p-acp"
                     ecep:reg="To"
                     ecep:spe="To"
                     ecep:syllab="1"
                     ecep:pron="tuː">To</w>
                  <c> </c>
                  <w xmlns:ecep="http://www.eighteenthcenturypoetry.org/ns"
                     xml:id="pcm93-187140"
                     n="a-0230"
                     ecep:lem="ambition"
                     ecep:pos="ng1"
                     ecep:reg="Ambition's"
                     ecep:spe="Ambition's"
                     ecep:syllab="3"
                     ecep:pron="æmˈbɪʃnz">Ambition's</w>
                  <c> </c>
                  <w xmlns:ecep="http://www.eighteenthcenturypoetry.org/ns"
                     xml:id="pcm93-187150"
                     n="a-0240"
                     ecep:lem="eager"
                     ecep:pos="j"
                     ecep:reg="eager"
                     ecep:spe="eager"
                     ecep:syllab="2"
                     ecep:pron="ˈiːgə">eager</w>
                  <c> </c>
                  <w xmlns:ecep="http://www.eighteenthcenturypoetry.org/ns"
                     xml:id="pcm93-187160"
                     n="a-0250"
                     ecep:lem="eye"
                     ecep:pos="n2"
                     ecep:reg="eyes"
                     ecep:spe="eyes"
                     ecep:syllab="1"
                     ecep:pron="aɪz">eyes</w>
                  <pc xmlns:ecep="http://www.eighteenthcenturypoetry.org/ns"
                      xml:id="pcm93-187170"
                      n="a-0260"
                      ecep:lem=":"
                      ecep:pos=":"
                      ecep:reg=":"
                      ecep:spe=":">:</pc>
               </l>
               <l xml:id="pcm93-l10570">
                  <c> </c>
                  <w xmlns:ecep="http://www.eighteenthcenturypoetry.org/ns"
                     xml:id="pcm93-187180"
                     n="a-0270"
                     ecep:lem="great"
                     ecep:pos="jc"
                     ecep:reg="Greater"
                     ecep:spe="Greater"
                     ecep:syllab="2"
                     ecep:pron="greɪtə">Greater</w>
                  <c> </c>
                  <w xmlns:ecep="http://www.eighteenthcenturypoetry.org/ns"
                     xml:id="pcm93-187190"
                     n="a-0280"
                     ecep:lem="than"
                     ecep:pos="cs"
                     ecep:reg="than"
                     ecep:spe="than"
                     ecep:syllab="1"
                     ecep:pron="ðæn">than</w>
                  <c> </c>
                  <w xmlns:ecep="http://www.eighteenthcenturypoetry.org/ns"
                     xml:id="pcm93-187200"
                     n="a-0290"
                     ecep:lem="the"
                     ecep:pos="dt"
                     ecep:reg="the"
                     ecep:spe="the"
                     ecep:syllab="1"
                     ecep:pron="ðiː">the</w>
                  <c> </c>
                  <w xmlns:ecep="http://www.eighteenthcenturypoetry.org/ns"
                     xml:id="pcm93-187210"
                     n="a-0300"
                     ecep:lem="summer"
                     ecep:pos="n1"
                     ecep:reg="summer"
                     ecep:spe="summer"
                     ecep:syllab="2"
                     ecep:pron="ˈsʌmə">summer</w>
                  <c> </c>
                  <w xmlns:ecep="http://www.eighteenthcenturypoetry.org/ns"
                     xml:id="pcm93-187220"
                     n="a-0310"
                     ecep:lem="rise"
                     ecep:pos="vvd"
                     ecep:reg="rose"
                     ecep:spe="rose"
                     ecep:syllab="1"
                     ecep:pron="rəʊz">rose</w>
               </l>
               <l xml:id="pcm93-l10575">
                  <c> </c>
                  <w xmlns:ecep="http://www.eighteenthcenturypoetry.org/ns"
                     xml:id="pcm93-187230"
                     n="a-0320"
                     ecep:lem="to"
                     ecep:pos="p-acp"
                     ecep:reg="To"
                     ecep:spe="To"
                     ecep:syllab="1"
                     ecep:pron="tuː">To</w>
                  <c> </c>
                  <w xmlns:ecep="http://www.eighteenthcenturypoetry.org/ns"
                     xml:id="pcm93-187240"
                     n="a-0330"
                     ecep:lem="the"
                     ecep:pos="dt"
                     ecep:reg="the"
                     ecep:spe="the"
                     ecep:syllab="1"
                     ecep:pron="ðiː">the</w>
                  <c> </c>
                  <w xmlns:ecep="http://www.eighteenthcenturypoetry.org/ns"
                     xml:id="pcm93-187250"
                     n="a-0340"
                     ecep:lem="airy"
                     ecep:pos="j"
                     ecep:reg="airy"
                     ecep:spe="airy"
                     ecep:syllab="2"
                     ecep:pron="ˈeəri">airy</w>
                  <c> </c>
                  <w xmlns:ecep="http://www.eighteenthcenturypoetry.org/ns"
                     xml:id="pcm93-187260"
                     n="a-0350"
                     ecep:lem="bee"
                     ecep:pos="n1"
                     ecep:reg="bee"
                     ecep:spe="bee"
                     ecep:syllab="1"
                     ecep:pron="biː">bee</w>
                  <c> </c>
                  <w xmlns:ecep="http://www.eighteenthcenturypoetry.org/ns"
                     xml:id="pcm93-187270"
                     n="a-0360"
                     ecep:lem="bestow"
                     ecep:pos="vvz"
                     ecep:reg="bestows"
                     ecep:spe="bestows"
                     ecep:syllab="2"
                     ecep:pron="bɪˈstəʊz">bestows</w>
                  <pc xmlns:ecep="http://www.eighteenthcenturypoetry.org/ns"
                      xml:id="pcm93-187280"
                      n="a-0370"
                      ecep:lem=":"
                      ecep:pos=":"
                      ecep:reg=":"
                      ecep:spe=":">:</pc>
               </l>
               <l xml:id="pcm93-l10580">
                  <c> </c>
                  <w xmlns:ecep="http://www.eighteenthcenturypoetry.org/ns"
                     xml:id="pcm93-187290"
                     n="a-0380"
                     ecep:lem="great"
                     ecep:pos="jc"
                     ecep:reg="Greater"
                     ecep:spe="Greater"
                     ecep:syllab="2"
                     ecep:pron="greɪtə">Greater</w>
                  <c> </c>
                  <w xmlns:ecep="http://www.eighteenthcenturypoetry.org/ns"
                     xml:id="pcm93-187300"
                     n="a-0390"
                     ecep:lem="than"
                     ecep:pos="cs"
                     ecep:reg="than"
                     ecep:spe="than"
                     ecep:syllab="1"
                     ecep:pron="ðæn">than</w>
                  <c> </c>
                  <w xmlns:ecep="http://www.eighteenthcenturypoetry.org/ns"
                     xml:id="pcm93-187310"
                     n="a-0400"
                     ecep:lem="the"
                     ecep:pos="dt"
                     ecep:reg="the"
                     ecep:spe="the"
                     ecep:syllab="1"
                     ecep:pron="ðiː">the</w>
                  <c> </c>
                  <w xmlns:ecep="http://www.eighteenthcenturypoetry.org/ns"
                     xml:id="pcm93-187320"
                     n="a-0410"
                     ecep:lem="youth"
                     ecep:pos="ng1"
                     ecep:reg="youth's"
                     ecep:spe="youth's"
                     ecep:syllab="1"
                     ecep:pron="ˈjuːθs">youth's</w>
                  <c> </c>
                  <w xmlns:ecep="http://www.eighteenthcenturypoetry.org/ns"
                     xml:id="pcm93-187330"
                     n="a-0420"
                     ecep:lem="despair"
                     ecep:pos="n1"
                     ecep:reg="despair"
                     ecep:spe="despair"
                     ecep:syllab="2"
                     ecep:pron="dɪˈspeə">despair</w>
               </l>
               <l xml:id="pcm93-l10585">
                  <c> </c>
                  <w xmlns:ecep="http://www.eighteenthcenturypoetry.org/ns"
                     xml:id="pcm93-187340"
                     n="a-0430"
                     ecep:lem="to"
                     ecep:pos="p-acp"
                     ecep:reg="To"
                     ecep:spe="To"
                     ecep:syllab="1"
                     ecep:pron="tuː">To</w>
                  <c> </c>
                  <w xmlns:ecep="http://www.eighteenthcenturypoetry.org/ns"
                     xml:id="pcm93-187350"
                     n="a-0440"
                     ecep:lem="the"
                     ecep:pos="dt"
                     ecep:reg="the"
                     ecep:spe="the"
                     ecep:syllab="1"
                     ecep:pron="ðiː">the</w>
                  <c> </c>
                  <w xmlns:ecep="http://www.eighteenthcenturypoetry.org/ns"
                     xml:id="pcm93-187360"
                     n="a-0450"
                     ecep:lem="haughty"
                     ecep:pos="j"
                     ecep:reg="haughty"
                     ecep:spe="haughty"
                     ecep:syllab="2"
                     ecep:pron="ˈhɔːti">haughty</w>
                  <c> </c>
                  <w xmlns:ecep="http://www.eighteenthcenturypoetry.org/ns"
                     xml:id="pcm93-187370"
                     n="a-0460"
                     ecep:lem="fair"
                     ecep:pos="j"
                     ecep:reg="fair"
                     ecep:spe="fair"
                     ecep:syllab="1"
                     ecep:pron="feə">fair</w>
                  <c> </c>
                  <w xmlns:ecep="http://www.eighteenthcenturypoetry.org/ns"
                     xml:id="pcm93-187380"
                     n="a-0470"
                     ecep:lem="one"
                     ecep:pos="pig"
                     ecep:reg="one's"
                     ecep:spe="one's"
                     ecep:syllab="1"
                     ecep:pron="wʌnz">one's</w>
                  <c> </c>
                  <w xmlns:ecep="http://www.eighteenthcenturypoetry.org/ns"
                     xml:id="pcm93-187390"
                     n="a-0480"
                     ecep:lem="ear"
                     ecep:pos="n1"
                     ecep:reg="ear"
                     ecep:spe="ear"
                     ecep:syllab="1"
                     ecep:pron="ɪə">ear</w>
                  <pc xmlns:ecep="http://www.eighteenthcenturypoetry.org/ns"
                      xml:id="pcm93-187400"
                      n="a-0490"
                      ecep:lem=";"
                      ecep:pos=";"
                      ecep:reg=";"
                      ecep:spe=";">;</pc>
               </l>
               <l xml:id="pcm93-l10590">
                  <c> </c>
                  <w xmlns:ecep="http://www.eighteenthcenturypoetry.org/ns"
                     xml:id="pcm93-187410"
                     n="a-0500"
                     ecep:lem="great"
                     ecep:pos="jc"
                     ecep:reg="Greater"
                     ecep:spe="Greater"
                     ecep:syllab="2"
                     ecep:pron="greɪtə">Greater</w>
                  <c> </c>
                  <w xmlns:ecep="http://www.eighteenthcenturypoetry.org/ns"
                     xml:id="pcm93-187420"
                     n="a-0510"
                     ecep:lem="than"
                     ecep:pos="cs"
                     ecep:reg="than"
                     ecep:spe="than"
                     ecep:syllab="1"
                     ecep:pron="ðæn">than</w>
                  <c> </c>
                  <w xmlns:ecep="http://www.eighteenthcenturypoetry.org/ns"
                     xml:id="pcm93-187430"
                     n="a-0520"
                     ecep:lem="the"
                     ecep:pos="dt"
                     ecep:reg="the"
                     ecep:spe="the"
                     ecep:syllab="1"
                     ecep:pron="ðiː">the</w>
                  <c> </c>
                  <w xmlns:ecep="http://www.eighteenthcenturypoetry.org/ns"
                     xml:id="pcm93-187440"
                     n="a-0530"
                     ecep:lem="fair"
                     ecep:pos="j"
                     ecep:reg="fair"
                     ecep:spe="fair"
                     ecep:syllab="1"
                     ecep:pron="feə">fair</w>
                  <c> </c>
                  <w xmlns:ecep="http://www.eighteenthcenturypoetry.org/ns"
                     xml:id="pcm93-187450"
                     n="a-0540"
                     ecep:lem="one"
                     ecep:pos="pig"
                     ecep:reg="one's"
                     ecep:spe="one's"
                     ecep:syllab="1"
                     ecep:pron="wʌnz">one's</w>
                  <c> </c>
                  <w xmlns:ecep="http://www.eighteenthcenturypoetry.org/ns"
                     xml:id="pcm93-187460"
                     n="a-0550"
                     ecep:lem="smile"
                     ecep:pos="n1"
                     ecep:reg="smile"
                     ecep:spe="smile"
                     ecep:syllab="1"
                     ecep:pron="smaɪl">smile</w>
                  <pc xmlns:ecep="http://www.eighteenthcenturypoetry.org/ns"
                      xml:id="pcm93-187470"
                      n="a-0560"
                      ecep:lem=","
                      ecep:pos=","
                      ecep:reg=","
                      ecep:spe=",">,</pc>
               </l>
               <l xml:id="pcm93-l10595">
                  <c> </c>
                  <w xmlns:ecep="http://www.eighteenthcenturypoetry.org/ns"
                     xml:id="pcm93-187480"
                     n="a-0570"
                     ecep:lem="skill"
                     ecep:pos="vvn"
                     ecep:reg="Skilled"
                     ecep:spe="Skill'd"
                     ecep:syllab="1"
                     ecep:pron="skɪld">Skill'd</w>
                  <c> </c>
                  <w xmlns:ecep="http://www.eighteenthcenturypoetry.org/ns"
                     xml:id="pcm93-187490"
                     n="a-0580"
                     ecep:lem="her"
                     ecep:pos="po31"
                     ecep:reg="her"
                     ecep:spe="her"
                     ecep:syllab="1"
                     ecep:pron="hɜː">her</w>
                  <c> </c>
                  <w xmlns:ecep="http://www.eighteenthcenturypoetry.org/ns"
                     xml:id="pcm93-187500"
                     n="a-0590"
                     ecep:lem="lover"
                     ecep:pos="n2"
                     ecep:reg="lovers"
                     ecep:spe="lovers"
                     ecep:syllab="2"
                     ecep:pron="ˈlʌvəz">lovers</w>
                  <c> </c>
                  <w xmlns:ecep="http://www.eighteenthcenturypoetry.org/ns"
                     xml:id="pcm93-187510"
                     n="a-0600"
                     ecep:lem="to"
                     ecep:pos="pc-acp"
                     ecep:reg="to"
                     ecep:spe="to"
                     ecep:syllab="1"
                     ecep:pron="tuː">to</w>
                  <c> </c>
                  <w xmlns:ecep="http://www.eighteenthcenturypoetry.org/ns"
                     xml:id="pcm93-187520"
                     n="a-0610"
                     ecep:lem="beguile"
                     ecep:pos="vvi"
                     ecep:reg="beguile"
                     ecep:spe="beguile"
                     ecep:syllab="2"
                     ecep:pron="bɪˈgaɪl">beguile</w>
                  <pc xmlns:ecep="http://www.eighteenthcenturypoetry.org/ns"
                      xml:id="pcm93-187530"
                      n="a-0620"
                      ecep:lem=","
                      ecep:pos=","
                      ecep:reg=","
                      ecep:spe=",">,</pc>
               </l>
               <l xml:id="pcm93-l10600">
                  <c> </c>
                  <w xmlns:ecep="http://www.eighteenthcenturypoetry.org/ns"
                     xml:id="pcm93-187540"
                     n="a-0630"
                     ecep:lem="to"
                     ecep:pos="p-acp"
                     ecep:reg="To"
                     ecep:spe="To"
                     ecep:syllab="1"
                     ecep:pron="tuː">To</w>
                  <c> </c>
                  <w xmlns:ecep="http://www.eighteenthcenturypoetry.org/ns"
                     xml:id="pcm93-187550"
                     n="a-0640"
                     ecep:lem="the"
                     ecep:pos="dt"
                     ecep:reg="the"
                     ecep:spe="the"
                     ecep:syllab="1"
                     ecep:pron="ðiː">the</w>
                  <c> </c>
                  <w xmlns:ecep="http://www.eighteenthcenturypoetry.org/ns"
                     xml:id="pcm93-187560"
                     n="a-0650"
                     ecep:lem="enamour"
                     ecep:pos="j-vvn"
                     ecep:reg="enamoured"
                     ecep:spe="enamour'd"
                     ecep:syllab="3"
                     ecep:pron="ɪˈnæməd">enamour'd</w>
                  <c> </c>
                  <w xmlns:ecep="http://www.eighteenthcenturypoetry.org/ns"
                     xml:id="pcm93-187570"
                     n="a-0660"
                     ecep:lem="youth"
                     ecep:pos="n1"
                     ecep:reg="youth"
                     ecep:spe="youth"
                     ecep:syllab="1"
                     ecep:pron="juːθ">youth</w>
                  <c> </c>
                  <w xmlns:ecep="http://www.eighteenthcenturypoetry.org/ns"
                     xml:id="pcm93-187580"
                     n="a-0670"
                     ecep:lem="can"
                     ecep:pos="vmb"
                     ecep:reg="can"
                     ecep:spe="can"
                     ecep:syllab="1"
                     ecep:pron="kæn">can</w>
                  <c> </c>
                  <w xmlns:ecep="http://www.eighteenthcenturypoetry.org/ns"
                     xml:id="pcm93-187590"
                     n="a-0680"
                     ecep:lem="give"
                     ecep:pos="vvi"
                     ecep:reg="give"
                     ecep:spe="give"
                     ecep:syllab="1"
                     ecep:pron="gɪv">give</w>
                  <pc xmlns:ecep="http://www.eighteenthcenturypoetry.org/ns"
                      xml:id="pcm93-187600"
                      n="a-0690"
                      ecep:lem=","
                      ecep:pos=","
                      ecep:reg=","
                      ecep:spe=",">,</pc>
               </l>
               <l xml:id="pcm93-l10605">
                  <c> </c>
                  <w xmlns:ecep="http://www.eighteenthcenturypoetry.org/ns"
                     xml:id="pcm93-187610"
                     n="a-0700"
                     ecep:lem="shall"
                     ecep:pos="vmd"
                     ecep:reg="Should"
                     ecep:spe="Should"
                     ecep:syllab="1"
                     ecep:pron="ʃʊd">Should</w>
                  <c> </c>
                  <w xmlns:ecep="http://www.eighteenthcenturypoetry.org/ns"
                     xml:id="pcm93-187620"
                     n="a-0710"
                     ecep:lem="she"
                     ecep:pos="pns31"
                     ecep:reg="she"
                     ecep:spe="she"
                     ecep:syllab="1"
                     ecep:pron="ʃiː">she</w>
                  <c> </c>
                  <w xmlns:ecep="http://www.eighteenthcenturypoetry.org/ns"
                     xml:id="pcm93-187630"
                     n="a-0720"
                     ecep:lem="bid"
                     ecep:pos="vvi"
                     ecep:reg="bid"
                     ecep:spe="bid"
                     ecep:syllab="1"
                     ecep:pron="bɪd">bid</w>
                  <c> </c>
                  <w xmlns:ecep="http://www.eighteenthcenturypoetry.org/ns"
                     xml:id="pcm93-187640"
                     n="a-0730"
                     ecep:lem="he"
                     ecep:pos="pno31"
                     ecep:reg="him"
                     ecep:spe="him"
                     ecep:syllab="1"
                     ecep:pron="hɪm">him</w>
                  <c> </c>
                  <w xmlns:ecep="http://www.eighteenthcenturypoetry.org/ns"
                     xml:id="pcm93-187650"
                     n="a-0740"
                     ecep:lem="love"
                     ecep:pos="vvi"
                     ecep:reg="love"
                     ecep:spe="love"
                     ecep:syllab="1"
                     ecep:pron="lʌv">love</w>
                  <c> </c>
                  <w xmlns:ecep="http://www.eighteenthcenturypoetry.org/ns"
                     xml:id="pcm93-187660"
                     n="a-0750"
                     ecep:lem="and"
                     ecep:pos="cc"
                     ecep:reg="and"
                     ecep:spe="and"
                     ecep:syllab="1"
                     ecep:pron="ænd">and</w>
                  <c> </c>
                  <w xmlns:ecep="http://www.eighteenthcenturypoetry.org/ns"
                     xml:id="pcm93-187670"
                     n="a-0760"
                     ecep:lem="live"
                     ecep:pos="vvi"
                     ecep:reg="live"
                     ecep:spe="live"
                     ecep:syllab="1"
                     ecep:pron="lɪv">live</w>
                  <pc xmlns:ecep="http://www.eighteenthcenturypoetry.org/ns"
                      xml:id="pcm93-187680"
                      n="a-0770"
                      unit="sentence"
                      ecep:lem="."
                      ecep:pos="."
                      ecep:reg="."
                      ecep:spe=".">.</pc>
                  <c> </c>
               </l>
               <l xml:id="pcm93-l10610">
                  <w xmlns:ecep="http://www.eighteenthcenturypoetry.org/ns"
                     xml:id="pcm93-187690"
                     n="a-0780"
                     ecep:lem="soon"
                     ecep:pos="av"
                     ecep:reg="Soon"
                     ecep:spe="Soon"
                     ecep:syllab="1"
                     ecep:pron="suːn">Soon</w>
                  <c> </c>
                  <w xmlns:ecep="http://www.eighteenthcenturypoetry.org/ns"
                     xml:id="pcm93-187700"
                     n="a-0790"
                     ecep:lem="the"
                     ecep:pos="dt"
                     ecep:reg="the"
                     ecep:spe="the"
                     ecep:syllab="1"
                     ecep:pron="ðiː">the</w>
                  <c> </c>
                  <w xmlns:ecep="http://www.eighteenthcenturypoetry.org/ns"
                     xml:id="pcm93-187710"
                     n="a-0800"
                     ecep:lem="beauty"
                     ecep:pos="n1"
                     ecep:reg="beauty"
                     ecep:spe="beauty"
                     ecep:syllab="2"
                     ecep:pron="ˈbjuːti">beauty</w>
                  <c> </c>
                  <w xmlns:ecep="http://www.eighteenthcenturypoetry.org/ns"
                     xml:id="pcm93-187720"
                     n="a-0810"
                     ecep:lem="shall"
                     ecep:pos="vmb"
                     ecep:reg="shall"
                     ecep:spe="shall"
                     ecep:syllab="1"
                     ecep:pron="ʃæl">shall</w>
                  <c> </c>
                  <w xmlns:ecep="http://www.eighteenthcenturypoetry.org/ns"
                     xml:id="pcm93-187730"
                     n="a-0820"
                     ecep:lem="decay"
                     ecep:pos="vvi"
                     ecep:reg="decay"
                     ecep:spe="decay"
                     ecep:syllab="2"
                     ecep:pron="dɪˈkeɪ">decay</w>
                  <pc xmlns:ecep="http://www.eighteenthcenturypoetry.org/ns"
                      xml:id="pcm93-187740"
                      n="a-0830"
                      ecep:lem=","
                      ecep:pos=","
                      ecep:reg=","
                      ecep:spe=",">,</pc>
               </l>
               <l xml:id="pcm93-l10615">
                  <c> </c>
                  <w xmlns:ecep="http://www.eighteenthcenturypoetry.org/ns"
                     xml:id="pcm93-187750"
                     n="a-0840"
                     ecep:lem="soon"
                     ecep:pos="av"
                     ecep:reg="Soon"
                     ecep:spe="Soon"
                     ecep:syllab="1"
                     ecep:pron="suːn">Soon</w>
                  <c> </c>
                  <w xmlns:ecep="http://www.eighteenthcenturypoetry.org/ns"
                     xml:id="pcm93-187760"
                     n="a-0850"
                     ecep:lem="the"
                     ecep:pos="dt"
                     ecep:reg="the"
                     ecep:spe="the"
                     ecep:syllab="1"
                     ecep:pron="ðiː">the</w>
                  <c> </c>
                  <w xmlns:ecep="http://www.eighteenthcenturypoetry.org/ns"
                     xml:id="pcm93-187770"
                     n="a-0860"
                     ecep:lem="rose"
                     ecep:pos="n1"
                     ecep:reg="rose"
                     ecep:spe="rose"
                     ecep:syllab="1"
                     ecep:pron="rəʊz">rose</w>
                  <c> </c>
                  <w xmlns:ecep="http://www.eighteenthcenturypoetry.org/ns"
                     xml:id="pcm93-187780"
                     n="a-0870"
                     ecep:lem="shall"
                     ecep:pos="vmb"
                     ecep:reg="shall"
                     ecep:spe="shall"
                     ecep:syllab="1"
                     ecep:pron="ʃæl">shall</w>
                  <c> </c>
                  <w xmlns:ecep="http://www.eighteenthcenturypoetry.org/ns"
                     xml:id="pcm93-187790"
                     n="a-0880"
                     ecep:lem="fade"
                     ecep:pos="vvi"
                     ecep:reg="fade"
                     ecep:spe="fade"
                     ecep:syllab="1"
                     ecep:pron="feɪd">fade</w>
                  <c> </c>
                  <w xmlns:ecep="http://www.eighteenthcenturypoetry.org/ns"
                     xml:id="pcm93-187800"
                     n="a-0890"
                     ecep:lem="away"
                     ecep:pos="av"
                     ecep:reg="away"
                     ecep:spe="away"
                     ecep:syllab="2"
                     ecep:pron="əˈweɪ">away</w>
                  <pc xmlns:ecep="http://www.eighteenthcenturypoetry.org/ns"
                      xml:id="pcm93-187810"
                      n="a-0900"
                      ecep:lem=","
                      ecep:pos=","
                      ecep:reg=","
                      ecep:spe=",">,</pc>
               </l>
               <l xml:id="pcm93-l10620">
                  <c> </c>
                  <w xmlns:ecep="http://www.eighteenthcenturypoetry.org/ns"
                     xml:id="pcm93-187820"
                     n="a-0910"
                     ecep:lem="soon"
                     ecep:pos="av"
                     ecep:reg="Soon"
                     ecep:spe="Soon"
                     ecep:syllab="1"
                     ecep:pron="suːn">Soon</w>
                  <c> </c>
                  <w xmlns:ecep="http://www.eighteenthcenturypoetry.org/ns"
                     xml:id="pcm93-187830"
                     n="a-0920"
                     ecep:lem="the"
                     ecep:pos="dt"
                     ecep:reg="the"
                     ecep:spe="the"
                     ecep:syllab="1"
                     ecep:pron="ðiː">the</w>
                  <c> </c>
                  <w xmlns:ecep="http://www.eighteenthcenturypoetry.org/ns"
                     xml:id="pcm93-187840"
                     n="a-0930"
                     ecep:lem="lover"
                     ecep:pos="ng1"
                     ecep:reg="lover's"
                     ecep:spe="lover's"
                     ecep:syllab="2"
                     ecep:pron="ˈlʌvəz">lover's</w>
                  <c> </c>
                  <w xmlns:ecep="http://www.eighteenthcenturypoetry.org/ns"
                     xml:id="pcm93-187850"
                     n="a-0940"
                     ecep:lem="flame"
                     ecep:pos="n1"
                     ecep:reg="flame"
                     ecep:spe="flame"
                     ecep:syllab="1"
                     ecep:pron="fleɪm">flame</w>
                  <c> </c>
                  <w xmlns:ecep="http://www.eighteenthcenturypoetry.org/ns"
                     xml:id="pcm93-187860"
                     n="a-0950"
                     ecep:lem="be"
                     ecep:pos="vbz"
                     ecep:reg="is"
                     ecep:spe="is"
                     ecep:syllab="1"
                     ecep:pron="ɪz">is</w>
                  <c> </c>
                  <w xmlns:ecep="http://www.eighteenthcenturypoetry.org/ns"
                     xml:id="pcm93-187870"
                     n="a-0960"
                     ecep:lem="over"
                     ecep:pos="a-acp"
                     ecep:reg="over"
                     ecep:spe="o'er"
                     ecep:syllab="1"
                     ecep:pron="ˈɔːə">o'er</w>
                  <pc xmlns:ecep="http://www.eighteenthcenturypoetry.org/ns"
                      xml:id="pcm93-187880"
                      n="a-0970"
                      ecep:lem=","
                      ecep:pos=","
                      ecep:reg=","
                      ecep:spe=",">,</pc>
               </l>
               <l xml:id="pcm93-l10625">
                  <c> </c>
                  <w xmlns:ecep="http://www.eighteenthcenturypoetry.org/ns"
                     xml:id="pcm93-187890"
                     n="a-0980"
                     ecep:lem="power"
                     ecep:pos="n1"
                     ecep:reg="Power"
                     ecep:spe="Power"
                     ecep:syllab="1"
                     ecep:pron="ˈpaʊə">Power</w>
                  <c> </c>
                  <w xmlns:ecep="http://www.eighteenthcenturypoetry.org/ns"
                     xml:id="pcm93-187900"
                     n="a-0990"
                     ecep:lem="obtain"
                     ecep:pos="vvd"
                     ecep:reg="obtained"
                     ecep:spe="obtain'd"
                     ecep:syllab="2"
                     ecep:pron="əbˈteɪnd">obtain'd</w>
                  <c> </c>
                  <w xmlns:ecep="http://www.eighteenthcenturypoetry.org/ns"
                     xml:id="pcm93-187910"
                     n="a-1000"
                     ecep:lem="soon"
                     ecep:pos="av"
                     ecep:reg="soon"
                     ecep:spe="soon"
                     ecep:syllab="1"
                     ecep:pron="suːn">soon</w>
                  <c> </c>
                  <w xmlns:ecep="http://www.eighteenthcenturypoetry.org/ns"
                     xml:id="pcm93-187920"
                     n="a-1010"
                     ecep:lem="charm"
                     ecep:pos="n2"
                     ecep:reg="charms"
                     ecep:spe="charms"
                     ecep:syllab="1"
                     ecep:pron="tʃɑːmz">charms</w>
                  <c> </c>
                  <w xmlns:ecep="http://www.eighteenthcenturypoetry.org/ns"
                     xml:id="pcm93-187930"
                     n="a-1020"
                     ecep:lem="no"
                     ecep:pos="av-dx"
                     ecep:reg="no"
                     ecep:spe="no"
                     ecep:syllab="1"
                     ecep:pron="nəʊ">no</w>
                  <c> </c>
                  <w xmlns:ecep="http://www.eighteenthcenturypoetry.org/ns"
                     xml:id="pcm93-187940"
                     n="a-1030"
                     ecep:lem="more"
                     ecep:pos="av-dc"
                     ecep:reg="more"
                     ecep:spe="more"
                     ecep:syllab="1"
                     ecep:pron="mɔː">more</w>
                  <pc xmlns:ecep="http://www.eighteenthcenturypoetry.org/ns"
                      xml:id="pcm93-187950"
                      n="a-1040"
                      ecep:lem=":"
                      ecep:pos=":"
                      ecep:reg=":"
                      ecep:spe=":">:</pc>
               </l>
               <l xml:id="pcm93-l10630">
                  <c> </c>
                  <w xmlns:ecep="http://www.eighteenthcenturypoetry.org/ns"
                     xml:id="pcm93-187960"
                     n="a-1050"
                     ecep:lem="but"
                     ecep:pos="cc-acp"
                     ecep:reg="But"
                     ecep:spe="But"
                     ecep:syllab="1"
                     ecep:pron="bʌt">But</w>
                  <c> </c>
                  <w xmlns:ecep="http://www.eighteenthcenturypoetry.org/ns"
                     xml:id="pcm93-187970"
                     n="a-1060"
                     ecep:lem="nor"
                     ecep:pos="ccx"
                     ecep:reg="nor"
                     ecep:spe="nor"
                     ecep:syllab="1"
                     ecep:pron="nɔː">nor</w>
                  <c> </c>
                  <w xmlns:ecep="http://www.eighteenthcenturypoetry.org/ns"
                     xml:id="pcm93-187980"
                     n="a-1070"
                     ecep:lem="time"
                     ecep:pos="n1"
                     ecep:reg="Time"
                     ecep:spe="Time"
                     ecep:syllab="1"
                     ecep:pron="taɪm">Time</w>
                  <pc xmlns:ecep="http://www.eighteenthcenturypoetry.org/ns"
                      xml:id="pcm93-187990"
                      n="a-1080"
                      ecep:lem=","
                      ecep:pos=","
                      ecep:reg=","
                      ecep:spe=",">,</pc>
                  <c> </c>
                  <w xmlns:ecep="http://www.eighteenthcenturypoetry.org/ns"
                     xml:id="pcm93-188000"
                     n="a-1090"
                     ecep:lem="nor"
                     ecep:pos="ccx"
                     ecep:reg="nor"
                     ecep:spe="nor"
                     ecep:syllab="1"
                     ecep:pron="nɔː">nor</w>
                  <c> </c>
                  <w xmlns:ecep="http://www.eighteenthcenturypoetry.org/ns"
                     xml:id="pcm93-188010"
                     n="a-1100"
                     ecep:lem="Fortune"
                     ecep:pos="npg1"
                     ecep:reg="Fortune's"
                     ecep:spe="Fortune's"
                     ecep:syllab="2"
                     ecep:pron="ˈfɔːtʃuːnz">Fortune's</w>
                  <c> </c>
                  <w xmlns:ecep="http://www.eighteenthcenturypoetry.org/ns"
                     xml:id="pcm93-188020"
                     n="a-1110"
                     ecep:lem="change"
                     ecep:pos="n1"
                     ecep:reg="change"
                     ecep:spe="change"
                     ecep:syllab="1"
                     ecep:pron="tʃeɪndʒ">change</w>
                  <pc xmlns:ecep="http://www.eighteenthcenturypoetry.org/ns"
                      xml:id="pcm93-188030"
                      n="a-1120"
                      ecep:lem=","
                      ecep:pos=","
                      ecep:reg=","
                      ecep:spe=",">,</pc>
               </l>
               <l xml:id="pcm93-l10635">
                  <c> </c>
                  <w xmlns:ecep="http://www.eighteenthcenturypoetry.org/ns"
                     xml:id="pcm93-188040"
                     n="a-1130"
                     ecep:lem="can"
                     ecep:pos="vmb"
                     ecep:reg="Can"
                     ecep:spe="Can"
                     ecep:syllab="1"
                     ecep:pron="kæn">Can</w>
                  <c> </c>
                  <w xmlns:ecep="http://www.eighteenthcenturypoetry.org/ns"
                     xml:id="pcm93-188050"
                     n="a-1140"
                     ecep:lem="my"
                     ecep:pos="po11"
                     ecep:reg="my"
                     ecep:spe="my"
                     ecep:syllab="1"
                     ecep:pron="maɪ">my</w>
                  <c> </c>
                  <w xmlns:ecep="http://www.eighteenthcenturypoetry.org/ns"
                     xml:id="pcm93-188060"
                     n="a-1150"
                     ecep:lem="love"
                     ecep:pos="n1"
                     ecep:reg="love"
                     ecep:spe="love"
                     ecep:syllab="1"
                     ecep:pron="lʌv">love</w>
                  <c> </c>
                  <w xmlns:ecep="http://www.eighteenthcenturypoetry.org/ns"
                     xml:id="pcm93-188070"
                     n="a-1160"
                     ecep:lem="from"
                     ecep:pos="p-acp"
                     ecep:reg="from"
                     ecep:spe="from"
                     ecep:syllab="1"
                     ecep:pron="frɒm">from</w>
                  <c> </c>
                  <w xmlns:ecep="http://www.eighteenthcenturypoetry.org/ns"
                     xml:id="pcm93-188080"
                     n="a-1170"
                     ecep:lem="thou"
                     ecep:pos="pno21"
                     ecep:reg="thee"
                     ecep:spe="thee"
                     ecep:syllab="1"
                     ecep:pron="ðiː">thee</w>
                  <c> </c>
                  <w xmlns:ecep="http://www.eighteenthcenturypoetry.org/ns"
                     xml:id="pcm93-188090"
                     n="a-1180"
                     ecep:lem="estrange"
                     ecep:pos="vvb"
                     ecep:reg="estrange"
                     ecep:spe="estrange"
                     ecep:syllab="2"
                     ecep:pron="ɪˈstreɪndʒ">estrange</w>
                  <c> </c>
                  <pc xmlns:ecep="http://www.eighteenthcenturypoetry.org/ns"
                      xml:id="pcm93-188100"
                      n="a-1190"
                      ecep:lem="—"
                      ecep:pos="—"
                      ecep:reg="—"
                      ecep:spe="—">—</pc>
               </l>
               <l xml:id="pcm93-l10640">
                  <c> </c>
                  <w xmlns:ecep="http://www.eighteenthcenturypoetry.org/ns"
                     xml:id="pcm93-188110"
                     n="a-1200"
                     ecep:lem="that"
                     ecep:pos="d"
                     ecep:reg="That"
                     ecep:spe="That"
                     ecep:syllab="1"
                     ecep:pron="ðæt">That</w>
                  <pc xmlns:ecep="http://www.eighteenthcenturypoetry.org/ns"
                      xml:id="pcm93-188120"
                      n="a-1210"
                      ecep:lem=","
                      ecep:pos=","
                      ecep:reg=","
                      ecep:spe=",">,</pc>
                  <c> </c>
                  <w xmlns:ecep="http://www.eighteenthcenturypoetry.org/ns"
                     xml:id="pcm93-188130"
                     n="a-1220"
                     ecep:lem="on"
                     ecep:pos="p-acp"
                     ecep:reg="on"
                     ecep:spe="on"
                     ecep:syllab="1"
                     ecep:pron="ɒn">on</w>
                  <c> </c>
                  <w xmlns:ecep="http://www.eighteenthcenturypoetry.org/ns"
                     xml:id="pcm93-188140"
                     n="a-1230"
                     ecep:lem="firm"
                     ecep:pos="jc"
                     ecep:reg="firmer"
                     ecep:spe="firmer"
                     ecep:syllab="2"
                     ecep:pron="fɜːmə">firmer</w>
                  <c> </c>
                  <w xmlns:ecep="http://www.eighteenthcenturypoetry.org/ns"
                     xml:id="pcm93-188150"
                     n="a-1240"
                     ecep:lem="motive"
                     ecep:pos="n2"
                     ecep:reg="motives"
                     ecep:spe="motives"
                     ecep:syllab="2"
                     ecep:pron="ˈməʊtɪvz">motives</w>
                  <c> </c>
                  <w xmlns:ecep="http://www.eighteenthcenturypoetry.org/ns"
                     xml:id="pcm93-188160"
                     n="a-1250"
                     ecep:lem="place"
                     ecep:pos="vvn"
                     ecep:reg="placed"
                     ecep:spe="plac'd"
                     ecep:syllab="1"
                     ecep:pron="pleɪst">plac'd</w>
                  <pc xmlns:ecep="http://www.eighteenthcenturypoetry.org/ns"
                      xml:id="pcm93-188170"
                      n="a-1260"
                      ecep:lem=","
                      ecep:pos=","
                      ecep:reg=","
                      ecep:spe=",">,</pc>
               </l>
               <l xml:id="pcm93-l10645">
                  <c> </c>
                  <w xmlns:ecep="http://www.eighteenthcenturypoetry.org/ns"
                     xml:id="pcm93-188180"
                     n="a-1270"
                     ecep:lem="shall"
                     ecep:pos="vmb"
                     ecep:reg="Shall"
                     ecep:spe="Shall"
                     ecep:syllab="1"
                     ecep:pron="ʃæl">Shall</w>
                  <c> </c>
                  <w xmlns:ecep="http://www.eighteenthcenturypoetry.org/ns"
                     xml:id="pcm93-188190"
                     n="a-1280"
                     ecep:lem="with"
                     ecep:pos="p-acp"
                     ecep:reg="with"
                     ecep:spe="with"
                     ecep:syllab="1"
                     ecep:pron="wɪð">with</w>
                  <c> </c>
                  <w xmlns:ecep="http://www.eighteenthcenturypoetry.org/ns"
                     xml:id="pcm93-188200"
                     n="a-1290"
                     ecep:lem="my"
                     ecep:pos="po11"
                     ecep:reg="my"
                     ecep:spe="my"
                     ecep:syllab="1"
                     ecep:pron="maɪ">my</w>
                  <c> </c>
                  <w xmlns:ecep="http://www.eighteenthcenturypoetry.org/ns"
                     xml:id="pcm93-188210"
                     n="a-1300"
                     ecep:lem="existence"
                     ecep:pos="n1"
                     ecep:reg="existence"
                     ecep:spe="existence"
                     ecep:syllab="3"
                     ecep:pron="ɪgˈzɪstns">existence</w>
                  <c> </c>
                  <w xmlns:ecep="http://www.eighteenthcenturypoetry.org/ns"
                     xml:id="pcm93-188220"
                     n="a-1310"
                     ecep:lem="last"
                     ecep:pos="ord"
                     ecep:reg="last"
                     ecep:spe="last"
                     ecep:syllab="1"
                     ecep:pron="lɑːst">last</w>
                  <pc xmlns:ecep="http://www.eighteenthcenturypoetry.org/ns"
                      xml:id="pcm93-188230"
                      n="a-1320"
                      unit="sentence"
                      ecep:lem="."
                      ecep:pos="."
                      ecep:reg="."
                      ecep:spe=".">.</pc>
                  <c> </c>
               </l>
            </lg>
         </div>
      </body>
   </text>
</TEI>
