<?xml version="1.0" encoding="utf-8"?>
<!DOCTYPE div
  SYSTEM "about:legacy-compat">
<div xmlns:ecep="http://www.eighteenthcenturypoetry.org/ns"
     xmlns="http://www.tei-c.org/ns/1.0"
     xmlns:tei="http://www.tei-c.org/ns/1.0"
     ana="#iamb #pentameter #couplet #heroiccouplet #pair #address"
     corresp="#txt_CarmRe1790_w0017"
     decls="#semi-normalized"
     ecep:syllab="10"
     met="-+|-+|-+|-+|-+/"
     rendition="#lgvspace"
     rhyme="aa"
     subtype="eceptext"
     type="poem"
     xml:id="prc90-w0170">
   <link target="authors.xml#aut_CarmRe1790" type="author"/>
   <head type="main">
      <w xml:id="prc90-087260"
         n="prc90/0064-a-0010"
         ecep:lem="on"
         ecep:pos="p-acp"
         ecep:reg="ON"
         ecep:spe="ON"
         ecep:syllab="1"
         ecep:pron="ɒn">ON</w>
      <c> </c>
      <w xml:id="prc90-087270"
         n="prc90/0064-a-0020"
         ecep:lem="mr."
         ecep:pos="n1"
         ecep:reg="MR"
         ecep:spe="MR"
         ecep:syllab="2"
         ecep:pron="ˈmɪstə">MR</w>
      <c> </c>
      <pc xml:id="prc90-087280"
          n="prc90/0064-a-0030"
          ecep:lem="******"
          ecep:pos="******"
          ecep:reg="******"
          ecep:spe="******">******</pc>
   </head>
   <lg xml:id="prc90-s00655">
      <l xml:id="prc90-l03030">
         <w xml:id="prc90-087310"
            n="prc90/0064-a-0040"
            ecep:lem="I|be"
            ecep:pos="pns11|vbz"
            ecep:reg="I'm"
            ecep:spe="I'm"
            ecep:syllab="1"
            ecep:pron="ˈaɪm">I'm</w>
         <c> </c>
         <w xml:id="prc90-087320"
            n="prc90/0064-a-0050"
            ecep:lem="not"
            ecep:pos="xx"
            ecep:reg="not"
            ecep:spe="not"
            ecep:syllab="1"
            ecep:pron="nɒt">not</w>
         <c> </c>
         <w xml:id="prc90-087330"
            n="prc90/0064-a-0060"
            ecep:lem="so"
            ecep:pos="av"
            ecep:reg="so"
            ecep:spe="so"
            ecep:syllab="1"
            ecep:pron="səʊ">so</w>
         <c> </c>
         <w xml:id="prc90-087340"
            n="prc90/0064-a-0070"
            ecep:lem="great"
            ecep:pos="j"
            ecep:reg="great"
            ecep:spe="great"
            ecep:syllab="1"
            ecep:pron="greɪt">great</w>
         <c> </c>
         <w xml:id="prc90-087350"
            n="prc90/0064-a-0080"
            ecep:lem="a"
            ecep:pos="dt"
            ecep:reg="a"
            ecep:spe="a"
            ecep:syllab="1"
            ecep:pron="ə">a</w>
         <c> </c>
         <w xml:id="prc90-087360"
            n="prc90/0064-a-0090"
            ecep:lem="child"
            ecep:pos="n1"
            ecep:reg="child"
            ecep:spe="child"
            ecep:syllab="1"
            ecep:pron="tʃaɪld">child</w>
         <pc xml:id="prc90-087370"
             n="prc90/0064-a-0100"
             ecep:lem=","
             ecep:pos=","
             ecep:reg=","
             ecep:spe=",">,</pc>
         <c> </c>
         <w xml:id="prc90-087380"
            n="prc90/0064-a-0110"
            ecep:lem="misjudge"
            ecep:pos="vvg"
            ecep:reg="misjudging"
            ecep:spe="misjudging"
            ecep:syllab="3"
            ecep:pron="mɪsˈdʒʌdʒɪŋ">misjudging</w>
         <c> </c>
         <w xml:id="prc90-087390"
            n="prc90/0064-a-0120"
            ecep:lem="youth"
            ecep:pos="n1"
            ecep:reg="youth"
            ecep:spe="youth"
            ecep:syllab="1"
            ecep:pron="juːθ">youth</w>
         <pc xml:id="prc90-087400"
             n="prc90/0064-a-0130"
             ecep:lem=","
             ecep:pos=","
             ecep:reg=","
             ecep:spe=",">,</pc>
      </l>
      <l xml:id="prc90-l03035">
         <c> </c>
         <w xml:id="prc90-087410"
            n="prc90/0064-a-0140"
            ecep:lem="as"
            ecep:pos="c-acp"
            ecep:reg="As"
            ecep:spe="As"
            ecep:syllab="1"
            ecep:pron="æz">As</w>
         <c> </c>
         <w xml:id="prc90-087420"
            n="prc90/0064-a-0150"
            ecep:lem="be"
            ecep:pos="vbi"
            ecep:reg="be"
            ecep:spe="be"
            ecep:syllab="1"
            ecep:pron="biː">be</w>
         <c> </c>
         <w xml:id="prc90-087430"
            n="prc90/0064-a-0160"
            ecep:lem="offend"
            ecep:pos="vvn"
            ecep:reg="offended"
            ecep:spe="offended"
            ecep:syllab="3"
            ecep:pron="əˈfendɪd">offended</w>
         <c> </c>
         <w xml:id="prc90-087440"
            n="prc90/0064-a-0170"
            ecep:lem="at"
            ecep:pos="p-acp"
            ecep:reg="at"
            ecep:spe="at"
            ecep:syllab="1"
            ecep:pron="æt">at</w>
         <c> </c>
         <w xml:id="prc90-087450"
            n="prc90/0064-a-0180"
            ecep:lem="the"
            ecep:pos="dt"
            ecep:reg="the"
            ecep:spe="the"
            ecep:syllab="1"
            ecep:pron="ðiː">the</w>
         <c> </c>
         <w xml:id="prc90-087460"
            n="prc90/0064-a-0190"
            ecep:lem="simple"
            ecep:pos="j"
            ecep:reg="simple"
            ecep:spe="simple"
            ecep:syllab="2"
            ecep:pron="ˈsɪmpl">simple</w>
         <c> </c>
         <w xml:id="prc90-087470"
            n="prc90/0064-a-0200"
            ecep:lem="truth"
            ecep:pos="n1"
            ecep:reg="truth"
            ecep:spe="truth"
            ecep:syllab="1"
            ecep:pron="truːθ">truth</w>
         <pc xml:id="prc90-087480"
             n="prc90/0064-a-0210"
             unit="sentence"
             ecep:lem="."
             ecep:pos="."
             ecep:reg="."
             ecep:spe=".">.</pc>
         <c> </c>
      </l>
      <l xml:id="prc90-l03040">
         <w xml:id="prc90-087490"
            n="prc90/0064-a-0220"
            ecep:lem="but"
            ecep:pos="cc-acp"
            ecep:reg="But"
            ecep:spe="But"
            ecep:syllab="1"
            ecep:pron="bʌt">But</w>
         <c> </c>
         <w xml:id="prc90-087500"
            n="prc90/0064-a-0230"
            ecep:lem="since"
            ecep:pos="c-acp"
            ecep:reg="since"
            ecep:spe="since"
            ecep:syllab="1"
            ecep:pron="sɪns">since</w>
         <c> </c>
         <w xml:id="prc90-087510"
            n="prc90/0064-a-0240"
            ecep:lem="to"
            ecep:pos="p-acp"
            ecep:reg="to"
            ecep:spe="to"
            ecep:syllab="1"
            ecep:pron="tuː">to</w>
         <c> </c>
         <w xml:id="prc90-087520"
            n="prc90/0064-a-0250"
            ecep:lem="you"
            ecep:pos="pn22"
            ecep:reg="you"
            ecep:spe="you"
            ecep:syllab="1"
            ecep:pron="juː">you</w>
         <c> </c>
         <w xml:id="prc90-087530"
            n="prc90/0064-a-0260"
            ecep:lem="the"
            ecep:pos="dt"
            ecep:reg="the"
            ecep:spe="the"
            ecep:syllab="1"
            ecep:pron="ðiː">the</w>
         <c> </c>
         <w xml:id="prc90-087540"
            n="prc90/0064-a-0270"
            ecep:lem="muse"
            ecep:pos="n2"
            ecep:reg="muses"
            ecep:spe="muses"
            ecep:syllab="2"
            ecep:pron="mjuːzɪz">muses</w>
         <c> </c>
         <w xml:id="prc90-087550"
            n="prc90/0064-a-0280"
            ecep:lem="lend"
            ecep:pos="vvb"
            ecep:reg="lend"
            ecep:spe="lend"
            ecep:syllab="1"
            ecep:pron="lend">lend</w>
         <c> </c>
         <w xml:id="prc90-087560"
            n="prc90/0064-a-0290"
            ecep:lem="a"
            ecep:pos="dt"
            ecep:reg="an"
            ecep:spe="an"
            ecep:syllab="1"
            ecep:pron="æn">an</w>
         <c> </c>
         <w xml:id="prc90-087570"
            n="prc90/0064-a-0300"
            ecep:lem="ear"
            ecep:pos="n1"
            ecep:reg="ear"
            ecep:spe="ear"
            ecep:syllab="1"
            ecep:pron="ɪə">ear</w>
         <pc xml:id="prc90-087580"
             n="prc90/0064-a-0310"
             ecep:lem=","
             ecep:pos=","
             ecep:reg=","
             ecep:spe=",">,</pc>
      </l>
      <l xml:id="prc90-l03045">
         <c> </c>
         <w xml:id="prc90-087590"
            n="prc90/0064-a-0320"
            ecep:lem="guard"
            ecep:pos="n1"
            ecep:reg="Guard"
            ecep:spe="Guard"
            ecep:syllab="1"
            ecep:pron="gɑːd">Guard</w>
         <c> </c>
         <w xml:id="prc90-087600"
            n="prc90/0064-a-0330"
            ecep:lem="your"
            ecep:pos="po22"
            ecep:reg="your"
            ecep:spe="your"
            ecep:syllab="1"
            ecep:pron="jɔː">your</w>
         <c> </c>
         <w xml:id="prc90-087610"
            n="prc90/0064-a-0340"
            ecep:lem="poetic"
            ecep:pos="j"
            ecep:reg="poetic"
            ecep:spe="poetic"
            ecep:syllab="3"
            ecep:pron="pəʊˈetɪk">poetic</w>
         <c> </c>
         <w xml:id="prc90-087620"
            n="prc90/0064-a-0350"
            ecep:lem="genius"
            ecep:pos="n1"
            ecep:reg="genius"
            ecep:spe="genius"
            ecep:syllab="2"
            ecep:pron="ˈdʒiːniəs">genius</w>
         <c> </c>
         <w xml:id="prc90-087630"
            n="prc90/0064-a-0360"
            ecep:lem="by"
            ecep:pos="p-acp"
            ecep:reg="by"
            ecep:spe="by"
            ecep:syllab="1"
            ecep:pron="baɪ">by</w>
         <c> </c>
         <w xml:id="prc90-087640"
            n="prc90/0064-a-0370"
            ecep:lem="your"
            ecep:pos="po22"
            ecep:reg="your"
            ecep:spe="your"
            ecep:syllab="1"
            ecep:pron="jɔː">your</w>
         <c> </c>
         <w xml:id="prc90-087650"
            n="prc90/0064-a-0380"
            ecep:lem="fear"
            ecep:pos="n1"
            ecep:reg="fear"
            ecep:spe="fear"
            ecep:syllab="1"
            ecep:pron="fɪə">fear</w>
      </l>
      <l xml:id="prc90-l03050">
         <c> </c>
         <w xml:id="prc90-087660"
            n="prc90/0064-a-0390"
            ecep:lem="of"
            ecep:pos="pp-f"
            ecep:reg="Of"
            ecep:spe="Of"
            ecep:syllab="1"
            ecep:pron="ɒv">Of</w>
         <c> </c>
         <w xml:id="prc90-087670"
            n="prc90/0064-a-0400"
            ecep:lem="ever"
            ecep:pos="av"
            ecep:reg="ever"
            ecep:spe="e'er"
            ecep:syllab="1"
            ecep:pron="eə">e'er</w>
         <c> </c>
         <w xml:id="prc90-087680"
            n="prc90/0064-a-0410"
            ecep:lem="offend"
            ecep:pos="vvg"
            ecep:reg="offending"
            ecep:spe="offending"
            ecep:syllab="3"
            ecep:pron="əˈfendɪŋ">offending</w>
         <pc xml:id="prc90-087690"
             n="prc90/0064-a-0420"
             ecep:lem=";"
             ecep:pos=";"
             ecep:reg=";"
             ecep:spe=";">;</pc>
         <c> </c>
         <w xml:id="prc90-087700"
            n="prc90/0064-a-0430"
            ecep:lem="and"
            ecep:pos="cc"
            ecep:reg="and"
            ecep:spe="and"
            ecep:syllab="1"
            ecep:pron="ænd">and</w>
         <pc xml:id="prc90-087710"
             n="prc90/0064-a-0440"
             ecep:lem=","
             ecep:pos=","
             ecep:reg=","
             ecep:spe=",">,</pc>
         <c> </c>
         <w xml:id="prc90-087720"
            n="prc90/0064-a-0450"
            ecep:lem="as"
            ecep:pos="c-acp"
            ecep:reg="as"
            ecep:spe="as"
            ecep:syllab="1"
            ecep:pron="æz">as</w>
         <c> </c>
         <w xml:id="prc90-087730"
            n="prc90/0064-a-0460"
            ecep:lem="fate"
            ecep:pos="n1"
            ecep:reg="fate"
            ecep:spe="fate"
            ecep:syllab="1"
            ecep:pron="feɪt">fate</w>
         <c> </c>
         <w xml:id="prc90-087740"
            n="prc90/0064-a-0470"
            ecep:lem="decree"
            ecep:pos="n2"
            ecep:reg="decrees"
            ecep:spe="decrees"
            ecep:syllab="2"
            ecep:pron="dɪˈkriːz">decrees</w>
         <pc xml:id="prc90-087750"
             n="prc90/0064-a-0480"
             ecep:lem=","
             ecep:pos=","
             ecep:reg=","
             ecep:spe=",">,</pc>
      </l>
      <l xml:id="prc90-l03055">
         <c> </c>
         <w xml:id="prc90-087760"
            n="prc90/0064-a-0490"
            ecep:lem="that"
            ecep:pos="cst"
            ecep:reg="That"
            ecep:spe="That"
            ecep:syllab="1"
            ecep:pron="ðæt">That</w>
         <c> </c>
         <w xml:id="prc90-087770"
            n="prc90/0064-a-0500"
            ecep:lem="beauteous"
            ecep:pos="j"
            ecep:reg="beauteous"
            ecep:spe="beauteous"
            ecep:syllab="2"
            ecep:pron="ˈbjuːtiəs">beauteous</w>
         <c> </c>
         <w xml:id="prc90-087780"
            n="prc90/0064-a-0510"
            ecep:lem="form"
            ecep:pos="n1"
            ecep:reg="form"
            ecep:spe="form"
            ecep:syllab="1"
            ecep:pron="fɔːm">form</w>
         <c> </c>
         <w xml:id="prc90-087790"
            n="prc90/0064-a-0520"
            ecep:lem="must"
            ecep:pos="vmb"
            ecep:reg="must"
            ecep:spe="must"
            ecep:syllab="1"
            ecep:pron="mʌst">must</w>
         <c> </c>
         <w xml:id="prc90-087800"
            n="prc90/0064-a-0530"
            ecep:lem="cross"
            ecep:pos="vvi"
            ecep:reg="cross"
            ecep:spe="cross"
            ecep:syllab="1"
            ecep:pron="krɒs">cross</w>
         <c> </c>
         <w xml:id="prc90-087810"
            n="prc90/0064-a-0540"
            ecep:lem="the"
            ecep:pos="dt"
            ecep:reg="the"
            ecep:spe="the"
            ecep:syllab="1"
            ecep:pron="ðiː">the</w>
         <c> </c>
         <w xml:id="prc90-087820"
            n="prc90/0064-a-0550"
            ecep:lem="rage"
            ecep:pos="j-vvg"
            ecep:reg="raging"
            ecep:spe="raging"
            ecep:syllab="2"
            ecep:pron="reɪdʒɪŋ">raging</w>
         <c> </c>
         <w xml:id="prc90-087830"
            n="prc90/0064-a-0560"
            ecep:lem="sea"
            ecep:pos="n2"
            ecep:reg="seas"
            ecep:spe="seas"
            ecep:syllab="1"
            ecep:pron="siːz">seas</w>
         <pc xml:id="prc90-087840"
             n="prc90/0064-a-0570"
             ecep:lem=","
             ecep:pos=","
             ecep:reg=","
             ecep:spe=",">,</pc>
      </l>
      <l xml:id="prc90-l03060">
         <c> </c>
         <w xml:id="prc90-087850"
            n="prc90/0064-a-0580"
            ecep:lem="let"
            ecep:pos="vvb"
            ecep:reg="Let"
            ecep:spe="Let"
            ecep:syllab="1"
            ecep:pron="let">Let</w>
         <c> </c>
         <w xml:id="prc90-087860"
            n="prc90/0064-a-0590"
            ecep:lem="thy"
            ecep:pos="po21"
            ecep:reg="thy"
            ecep:spe="thy"
            ecep:syllab="1"
            ecep:pron="ðaɪ">thy</w>
         <c> </c>
         <w xml:id="prc90-087870"
            n="prc90/0064-a-0600"
            ecep:lem="young"
            ecep:pos="j"
            ecep:reg="young"
            ecep:spe="young"
            ecep:syllab="1"
            ecep:pron="jʌŋ">young</w>
         <c> </c>
         <w xml:id="prc90-087880"
            n="prc90/0064-a-0610"
            ecep:lem="heart"
            ecep:pos="n1"
            ecep:reg="heart"
            ecep:spe="heart"
            ecep:syllab="1"
            ecep:pron="hɑːt">heart</w>
         <c> </c>
         <w xml:id="prc90-087890"
            n="prc90/0064-a-0620"
            ecep:lem="with"
            ecep:pos="p-acp"
            ecep:reg="with"
            ecep:spe="with"
            ecep:syllab="1"
            ecep:pron="wɪð">with</w>
         <c> </c>
         <w xml:id="prc90-087900"
            n="prc90/0064-a-0630"
            ecep:lem="native"
            ecep:pos="j-jn"
            ecep:reg="native"
            ecep:spe="native"
            ecep:syllab="2"
            ecep:pron="ˈneɪtɪv">native</w>
         <c> </c>
         <w xml:id="prc90-087910"
            n="prc90/0064-a-0640"
            ecep:lem="goodness"
            ecep:pos="n1"
            ecep:reg="goodness"
            ecep:spe="goodness"
            ecep:syllab="2"
            ecep:pron="ˈgʊdnəs">goodness</w>
         <c> </c>
         <w xml:id="prc90-087920"
            n="prc90/0064-a-0650"
            ecep:lem="glow"
            ecep:pos="n1"
            ecep:reg="glow"
            ecep:spe="glow"
            ecep:syllab="1"
            ecep:pron="gləʊ">glow</w>
         <pc xml:id="prc90-087930"
             n="prc90/0064-a-0660"
             ecep:lem=","
             ecep:pos=","
             ecep:reg=","
             ecep:spe=",">,</pc>
      </l>
      <l xml:id="prc90-l03065">
         <c> </c>
         <w xml:id="prc90-087940"
            n="prc90/0064-a-0670"
            ecep:lem="nor"
            ecep:pos="ccx"
            ecep:reg="Nor"
            ecep:spe="Nor"
            ecep:syllab="1"
            ecep:pron="nɔː">Nor</w>
         <c> </c>
         <w xml:id="prc90-087950"
            n="prc90/0064-a-0680"
            ecep:lem="ever"
            ecep:pos="av"
            ecep:reg="ever"
            ecep:spe="e'er"
            ecep:syllab="1"
            ecep:pron="eə">e'er</w>
         <c> </c>
         <w xml:id="prc90-087960"
            n="prc90/0064-a-0690"
            ecep:lem="disgrace"
            ecep:pos="vvi"
            ecep:reg="disgrace"
            ecep:spe="disgrace"
            ecep:syllab="2"
            ecep:pron="dɪsˈgreɪs">disgrace</w>
         <c> </c>
         <w xml:id="prc90-087970"
            n="prc90/0064-a-0700"
            ecep:lem="the"
            ecep:pos="dt"
            ecep:reg="the"
            ecep:spe="the"
            ecep:syllab="1"
            ecep:pron="ðiː">the</w>
         <c> </c>
         <w xml:id="prc90-087980"
            n="prc90/0064-a-0710"
            ecep:lem="land"
            ecep:pos="n1"
            ecep:reg="land"
            ecep:spe="land"
            ecep:syllab="1"
            ecep:pron="lænd">land</w>
         <c> </c>
         <w xml:id="prc90-087990"
            n="prc90/0064-a-0720"
            ecep:lem="from"
            ecep:pos="p-acp"
            ecep:reg="from"
            ecep:spe="from"
            ecep:syllab="1"
            ecep:pron="frɒm">from</w>
         <c> </c>
         <w xml:id="prc90-088000"
            n="prc90/0064-a-0730"
            ecep:lem="whence"
            ecep:pos="c-crq"
            ecep:reg="whence"
            ecep:spe="whence"
            ecep:syllab="1"
            ecep:pron="wens">whence</w>
         <c> </c>
         <w xml:id="prc90-088010"
            n="prc90/0064-a-0740"
            ecep:lem="you"
            ecep:pos="pn22"
            ecep:reg="you"
            ecep:spe="you"
            ecep:syllab="1"
            ecep:pron="juː">you</w>
         <c> </c>
         <w xml:id="prc90-088020"
            n="prc90/0064-a-0750"
            ecep:lem="go"
            ecep:pos="vvb"
            ecep:reg="go"
            ecep:spe="go"
            ecep:syllab="1"
            ecep:pron="gəʊ">go</w>
         <pc xml:id="prc90-088030"
             n="prc90/0064-a-0760"
             unit="sentence"
             ecep:lem="."
             ecep:pos="."
             ecep:reg="."
             ecep:spe=".">.</pc>
         <c> </c>
      </l>
      <l xml:id="prc90-l03070">
         <w xml:id="prc90-088040"
            n="prc90/0064-a-0770"
            ecep:lem="may"
            ecep:pos="vmb"
            ecep:reg="May"
            ecep:spe="May"
            ecep:syllab="1"
            ecep:pron="meɪ">May</w>
         <c> </c>
         <w xml:id="prc90-088050"
            n="prc90/0064-a-0780"
            ecep:lem="he"
            ecep:pos="pns31"
            ecep:reg="he"
            ecep:spe="he"
            ecep:syllab="1"
            ecep:pron="hiː">he</w>
         <c> </c>
         <w xml:id="prc90-088060"
            n="prc90/0064-a-0790"
            ecep:lem="who"
            ecep:pos="r-crq"
            ecep:reg="who"
            ecep:spe="who"
            ecep:syllab="1"
            ecep:pron="huː">who</w>
         <c> </c>
         <w xml:id="prc90-088070"
            n="prc90/0064-a-0800"
            ecep:lem="name"
            ecep:pos="vvd"
            ecep:reg="named"
            ecep:spe="nam'd"
            ecep:syllab="1"
            ecep:pron="neɪmd">nam'd</w>
         <c> </c>
         <w xml:id="prc90-088080"
            n="prc90/0064-a-0810"
            ecep:lem="thou"
            ecep:pos="pno21"
            ecep:reg="thee"
            ecep:spe="thee"
            ecep:syllab="1"
            ecep:pron="ðiː">thee</w>
         <c> </c>
         <w xml:id="prc90-088090"
            n="prc90/0064-a-0820"
            ecep:lem="first"
            ecep:pos="ord"
            ecep:reg="first"
            ecep:spe="first"
            ecep:syllab="1"
            ecep:pron="ˈfɜːst">first</w>
         <c> </c>
         <w xml:id="prc90-088100"
            n="prc90/0064-a-0830"
            ecep:lem="creation"
            ecep:pos="ng1"
            ecep:reg="creation's"
            ecep:spe="creation's"
            ecep:syllab="2"
            ecep:pron="kriˈeɪʃnz">creation's</w>
         <c> </c>
         <w xml:id="prc90-088110"
            n="prc90/0064-a-0840"
            ecep:lem="lord"
            ecep:pos="n1"
            ecep:reg="lord"
            ecep:spe="lord"
            ecep:syllab="1"
            ecep:pron="lɔːd">lord</w>
         <pc xml:id="prc90-088120"
             n="prc90/0064-a-0850"
             ecep:lem=","
             ecep:pos=","
             ecep:reg=","
             ecep:spe=",">,</pc>
      </l>
      <l xml:id="prc90-l03075">
         <c> </c>
         <w xml:id="prc90-088130"
            n="prc90/0064-a-0860"
            ecep:lem="assist"
            ecep:pos="vvb"
            ecep:reg="Assist"
            ecep:spe="Assist"
            ecep:syllab="2"
            ecep:pron="əˈsɪst">Assist</w>
         <c> </c>
         <w xml:id="prc90-088140"
            n="prc90/0064-a-0870"
            ecep:lem="thy"
            ecep:pos="po21"
            ecep:reg="thy"
            ecep:spe="thy"
            ecep:syllab="1"
            ecep:pron="ðaɪ">thy</w>
         <c> </c>
         <w xml:id="prc90-088150"
            n="prc90/0064-a-0880"
            ecep:lem="courage"
            ecep:pos="n1"
            ecep:reg="courage"
            ecep:spe="courage"
            ecep:syllab="2"
            ecep:pron="ˈkʌrɪdʒ">courage</w>
         <pc xml:id="prc90-088160"
             n="prc90/0064-a-0890"
             ecep:lem=","
             ecep:pos=","
             ecep:reg=","
             ecep:spe=",">,</pc>
         <c> </c>
         <w xml:id="prc90-088170"
            n="prc90/0064-a-0900"
            ecep:lem="and"
            ecep:pos="cc"
            ecep:reg="and"
            ecep:spe="and"
            ecep:syllab="1"
            ecep:pron="ænd">and</w>
         <c> </c>
         <w xml:id="prc90-088180"
            n="prc90/0064-a-0910"
            ecep:lem="direct"
            ecep:pos="vvb"
            ecep:reg="direct"
            ecep:spe="direct"
            ecep:syllab="2"
            ecep:pron="dɪˈrekt">direct</w>
         <c> </c>
         <w xml:id="prc90-088190"
            n="prc90/0064-a-0920"
            ecep:lem="thy"
            ecep:pos="po21"
            ecep:reg="thy"
            ecep:spe="thy"
            ecep:syllab="1"
            ecep:pron="ðaɪ">thy</w>
         <c> </c>
         <w xml:id="prc90-088200"
            n="prc90/0064-a-0930"
            ecep:lem="sword"
            ecep:pos="n1"
            ecep:reg="sword"
            ecep:spe="sword"
            ecep:syllab="1"
            ecep:pron="sɔːd">sword</w>
         <pc xml:id="prc90-088210"
             n="prc90/0064-a-0940"
             ecep:lem=","
             ecep:pos=","
             ecep:reg=","
             ecep:spe=",">,</pc>
      </l>
      <l xml:id="prc90-l03080">
         <c> </c>
         <w xml:id="prc90-088220"
            n="prc90/0064-a-0950"
            ecep:lem="on"
            ecep:pos="p-acp"
            ecep:reg="On"
            ecep:spe="On"
            ecep:syllab="1"
            ecep:pron="ɒn">On</w>
         <c> </c>
         <w xml:id="prc90-088230"
            n="prc90/0064-a-0960"
            ecep:lem="earth"
            ecep:pos="n1"
            ecep:reg="earth"
            ecep:spe="earth"
            ecep:syllab="1"
            ecep:pron="ɜːθ">earth</w>
         <c> </c>
         <w xml:id="prc90-088240"
            n="prc90/0064-a-0970"
            ecep:lem="each"
            ecep:pos="d"
            ecep:reg="each"
            ecep:spe="each"
            ecep:syllab="1"
            ecep:pron="iːtʃ">each</w>
         <c> </c>
         <w xml:id="prc90-088250"
            n="prc90/0064-a-0980"
            ecep:lem="bliss"
            ecep:pos="n1"
            ecep:reg="bliss"
            ecep:spe="bliss"
            ecep:syllab="1"
            ecep:pron="blɪs">bliss</w>
         <c> </c>
         <w xml:id="prc90-088260"
            n="prc90/0064-a-0990"
            ecep:lem="of"
            ecep:pos="pp-f"
            ecep:reg="of"
            ecep:spe="of"
            ecep:syllab="1"
            ecep:pron="ɒv">of</w>
         <c> </c>
         <w xml:id="prc90-088270"
            n="prc90/0064-a-1000"
            ecep:lem="fortune"
            ecep:pos="n1"
            ecep:reg="fortune"
            ecep:spe="fortune"
            ecep:syllab="2"
            ecep:pron="ˈfɔːtʃuːn">fortune</w>
         <c> </c>
         <w xml:id="prc90-088280"
            n="prc90/0064-a-1010"
            ecep:lem="may"
            ecep:pos="vm2"
            ecep:reg="mayest"
            ecep:spe="may'st"
            ecep:syllab="1"
            ecep:pron="meɪst">may'st</w>
         <c> </c>
         <w xml:id="prc90-088290"
            n="prc90/0064-a-1020"
            ecep:lem="thou"
            ecep:pos="pns21"
            ecep:reg="thou"
            ecep:spe="thou"
            ecep:syllab="1"
            ecep:pron="θaʊ">thou</w>
         <c> </c>
         <w xml:id="prc90-088300"
            n="prc90/0064-a-1030"
            ecep:lem="reap"
            ecep:pos="vvi"
            ecep:reg="reap"
            ecep:spe="reap"
            ecep:syllab="1"
            ecep:pron="riːp">reap</w>
         <pc xml:id="prc90-088310"
             n="prc90/0064-a-1040"
             ecep:lem=","
             ecep:pos=","
             ecep:reg=","
             ecep:spe=",">,</pc>
      </l>
      <l xml:id="prc90-l03085">
         <c> </c>
         <w xml:id="prc90-088320"
            n="prc90/0064-a-1050"
            ecep:lem="and"
            ecep:pos="cc"
            ecep:reg="And"
            ecep:spe="And"
            ecep:syllab="1"
            ecep:pron="ænd">And</w>
         <c> </c>
         <w xml:id="prc90-088330"
            n="prc90/0064-a-1060"
            ecep:lem="death"
            ecep:pos="n1"
            ecep:reg="death"
            ecep:spe="death"
            ecep:syllab="1"
            ecep:pron="deθ">death</w>
         <c> </c>
         <w xml:id="prc90-088340"
            n="prc90/0064-a-1070"
            ecep:lem="approach"
            ecep:pos="vvb"
            ecep:reg="approach"
            ecep:spe="approach"
            ecep:syllab="2"
            ecep:pron="əˈprəʊtʃ">approach</w>
         <c> </c>
         <w xml:id="prc90-088350"
            n="prc90/0064-a-1080"
            ecep:lem="thou"
            ecep:pos="pno21"
            ecep:reg="thee"
            ecep:spe="thee"
            ecep:syllab="1"
            ecep:pron="ðiː">thee</w>
         <c> </c>
         <w xml:id="prc90-088360"
            n="prc90/0064-a-1090"
            ecep:lem="like"
            ecep:pos="av-j"
            ecep:reg="like"
            ecep:spe="like"
            ecep:syllab="1"
            ecep:pron="laɪk">like</w>
         <c> </c>
         <w xml:id="prc90-088370"
            n="prc90/0064-a-1100"
            ecep:lem="a"
            ecep:pos="dt"
            ecep:reg="an"
            ecep:spe="an"
            ecep:syllab="1"
            ecep:pron="æn">an</w>
         <c> </c>
         <w xml:id="prc90-088380"
            n="prc90/0064-a-1110"
            ecep:lem="infant"
            ecep:pos="ng1"
            ecep:reg="infant's"
            ecep:spe="infant's"
            ecep:syllab="2"
            ecep:pron="ˈɪnfənts">infant's</w>
         <c> </c>
         <w xml:id="prc90-088390"
            n="prc90/0064-a-1120"
            ecep:lem="sleep"
            ecep:pos="n1"
            ecep:reg="sleep"
            ecep:spe="sleep"
            ecep:syllab="1"
            ecep:pron="sliːp">sleep</w>
         <pc xml:id="prc90-088400"
             n="prc90/0064-a-1130"
             unit="sentence"
             ecep:lem="."
             ecep:pos="."
             ecep:reg="."
             ecep:spe=".">.</pc>
         <c> </c>
      </l>
      <l xml:id="prc90-l03090">
         <w xml:id="prc90-088410"
            n="prc90/0064-a-1140"
            ecep:lem="if"
            ecep:pos="cs"
            ecep:reg="If"
            ecep:spe="If"
            ecep:syllab="1"
            ecep:pron="ɪf">If</w>
         <c> </c>
         <w xml:id="prc90-088420"
            n="prc90/0064-a-1150"
            ecep:lem="doom"
            ecep:pos="vvd"
            ecep:reg="doomed"
            ecep:spe="doom'd"
            ecep:syllab="1"
            ecep:pron="duːmd">doom'd</w>
         <c> </c>
         <w xml:id="prc90-088430"
            n="prc90/0064-a-1160"
            ecep:lem="to"
            ecep:pos="pc-acp"
            ecep:reg="to"
            ecep:spe="to"
            ecep:syllab="1"
            ecep:pron="tuː">to</w>
         <c> </c>
         <w xml:id="prc90-088440"
            n="prc90/0064-a-1170"
            ecep:lem="fall"
            ecep:pos="vvi"
            ecep:reg="fall"
            ecep:spe="fall"
            ecep:syllab="1"
            ecep:pron="fɔːl">fall</w>
         <c> </c>
         <w xml:id="prc90-088450"
            n="prc90/0064-a-1180"
            ecep:lem="amid"
            ecep:pos="p-acp"
            ecep:reg="amid"
            ecep:spe="amidst"
            ecep:syllab="2"
            ecep:pron="əˈmɪdst">amidst</w>
         <c> </c>
         <w xml:id="prc90-088460"
            n="prc90/0064-a-1190"
            ecep:lem="the"
            ecep:pos="dt"
            ecep:reg="the"
            ecep:spe="the"
            ecep:syllab="1"
            ecep:pron="ðiː">the</w>
         <c> </c>
         <w xml:id="prc90-088470"
            n="prc90/0064-a-1200"
            ecep:lem="field"
            ecep:pos="n2"
            ecep:reg="fields"
            ecep:spe="fields"
            ecep:syllab="1"
            ecep:pron="ˈfiːldz">fields</w>
         <c> </c>
         <w xml:id="prc90-088480"
            n="prc90/0064-a-1210"
            ecep:lem="of"
            ecep:pos="pp-f"
            ecep:reg="of"
            ecep:spe="of"
            ecep:syllab="1"
            ecep:pron="ɒv">of</w>
         <c> </c>
         <w xml:id="prc90-088490"
            n="prc90/0064-a-1220"
            ecep:lem="fame"
            ecep:pos="n1"
            ecep:reg="fame"
            ecep:spe="fame"
            ecep:syllab="1"
            ecep:pron="feɪm">fame</w>
         <pc xml:id="prc90-088500"
             n="prc90/0064-a-1230"
             ecep:lem=","
             ecep:pos=","
             ecep:reg=","
             ecep:spe=",">,</pc>
      </l>
      <l xml:id="prc90-l03095">
         <c> </c>
         <w xml:id="prc90-088510"
            n="prc90/0064-a-1240"
            ecep:lem="may"
            ecep:pos="vmb"
            ecep:reg="May"
            ecep:spe="May"
            ecep:syllab="1"
            ecep:pron="meɪ">May</w>
         <c> </c>
         <w xml:id="prc90-088520"
            n="prc90/0064-a-1250"
            ecep:lem="deed"
            ecep:pos="n2"
            ecep:reg="deeds"
            ecep:spe="deeds"
            ecep:syllab="1"
            ecep:pron="diːdz">deeds</w>
         <c> </c>
         <w xml:id="prc90-088530"
            n="prc90/0064-a-1260"
            ecep:lem="of"
            ecep:pos="pp-f"
            ecep:reg="of"
            ecep:spe="of"
            ecep:syllab="1"
            ecep:pron="ɒv">of</w>
         <c> </c>
         <w xml:id="prc90-088540"
            n="prc90/0064-a-1270"
            ecep:lem="honour"
            ecep:pos="n1"
            ecep:reg="honour"
            ecep:spe="honour"
            ecep:syllab="2"
            ecep:pron="ˈɒnə">honour</w>
         <c> </c>
         <w xml:id="prc90-088550"
            n="prc90/0064-a-1280"
            ecep:lem="still"
            ecep:pos="av"
            ecep:reg="still"
            ecep:spe="still"
            ecep:syllab="1"
            ecep:pron="stɪl">still</w>
         <c> </c>
         <w xml:id="prc90-088560"
            n="prc90/0064-a-1290"
            ecep:lem="record"
            ecep:pos="vvi"
            ecep:reg="record"
            ecep:spe="record"
            ecep:syllab="2"
            ecep:pron="ˈrekɔːd">record</w>
         <c> </c>
         <w xml:id="prc90-088570"
            n="prc90/0064-a-1300"
            ecep:lem="your"
            ecep:pos="po22"
            ecep:reg="your"
            ecep:spe="your"
            ecep:syllab="1"
            ecep:pron="jɔː">your</w>
         <c> </c>
         <w xml:id="prc90-088580"
            n="prc90/0064-a-1310"
            ecep:lem="name"
            ecep:pos="n1"
            ecep:reg="name"
            ecep:spe="name"
            ecep:syllab="1"
            ecep:pron="neɪm">name</w>
         <pc xml:id="prc90-088590"
             n="prc90/0064-a-1320"
             unit="sentence"
             ecep:lem="."
             ecep:pos="."
             ecep:reg="."
             ecep:spe=".">.</pc>
         <c> </c>
      </l>
   </lg>
</div>
