<?xml version="1.0" encoding="UTF-8"?>
<?xml-model href="../tei_all.rnc" type="application/relax-ng-compact-syntax"?>
<TEI xmlns="http://www.tei-c.org/ns/1.0">
   <teiHeader>
      <fileDesc>
         <titleStmt>
            <title corresp="#txt_BurnRo1759_w0037">ANOTHER.</title>
            <author corresp="authors.xml#aut_BurnRo1759">Robert Burns</author>
            <respStmt>
               <name xml:id="AH">Alexander Huber</name>
               <resp>Editor</resp>
            </respStmt>
            <funder>
               <name type="institution" xml:id="BOD">Bodleian Libraries, University of Oxford</name>
               <address>
                  <addrLine>Broad Street</addrLine>
                  <addrLine>Oxford OX1 3BG</addrLine>
                  <addrLine>UK</addrLine>
               </address>
            </funder>
         </titleStmt>
         <publicationStmt>
            <publisher xml:id="ECPA">Eighteenth-Century Poetry Archive</publisher>
            <address>
               <addrLine>Taylor Institution Library</addrLine>
               <addrLine>St Giles'</addrLine>
               <addrLine>Oxford OX1 3NA</addrLine>
               <addrLine>UK</addrLine>
               <addrLine>
                  <email>info@eighteenthcenturypoetry.org</email>
               </addrLine>
               <addrLine>
                  <ref target="https://www.eighteenthcenturypoetry.org/">https://www.eighteenthcenturypoetry.org/</ref>
               </addrLine>
            </address>
            <pubPlace>Oxford</pubPlace>
            <availability status="restricted">
               <licence target="http://creativecommons.org/licenses/by-sa/3.0/">This work is licensed under a Creative Commons Attribution-ShareAlike 3.0 Unported License.</licence>
            </availability>
            <idno type="ESTC">T91548</idno>
         </publicationStmt>
         <sourceDesc>
            <bibl>
               <author>Burns, Robert, 1759-1796.</author>
               <title>POEMS, CHIEFLY IN THE SCOTTISH DIALECT, BY ROBERT BURNS.</title>
               <pubPlace>Kilmarnock</pubPlace>
               <publisher>printed by John Wilson, M,DCC,LXXXVI.</publisher>
               <date>1786</date>
               <biblScope>pp. 230-231.</biblScope>
               <extent>240p.; 8⁰.</extent>
            </bibl>
         </sourceDesc>
      </fileDesc>
      <encodingDesc>
         <projectDesc>
            <p>This e-text is part of the Works section of the Eighteenth-Century Poetry Archive (ECPA).</p>
            <p>XML created for the Eighteenth-Century Poetry Archive (ECPA).</p>
         </projectDesc>
         <editorialDecl>
            <p>Typography, spelling, capitalization, and punctuation have been cautiously modernized. The source of the text is given and all significant
						editorial interventions have been recorded in textual notes. This  text has been edited to conform to the recommendations found 
						in Level 5 of the
						Best Practices for TEI in Libraries version 4.0.0.
					</p>
         </editorialDecl>
         <classDecl>
            <taxonomy xml:id="LCNAF">
               <bibl>Library of Congress Name Authority File (<abbr>LCNAF</abbr>)</bibl>
            </taxonomy>
         </classDecl>
         <tagsDecl>
            <rendition n="linegroups indented" xml:id="lgindent" scheme="css">text-indent: 1em;</rendition>
            <rendition n="linegroups vertically spaced" xml:id="lgvspace" scheme="css">margin-bottom: 1em;</rendition>
            <rendition n="aligned centrally" xml:id="align-center" scheme="css">text-align: center;</rendition>
            <rendition n="aligned right" xml:id="align-right" scheme="css">text-align: right;</rendition>
            <rendition n="aligned left" xml:id="align-left" scheme="css">text-align: left;</rendition>
            <rendition n="inline" xml:id="inline" scheme="css">display: inline</rendition>
            <rendition n="italic" xml:id="i" scheme="css">font-style: italic;</rendition>
            <rendition n="bold" xml:id="b" scheme="css">font-weight: bold;</rendition>
         </tagsDecl>
      </encodingDesc>
   </teiHeader>
   <text>
      <body>
         <div xmlns:ecep="http://www.eighteenthcenturypoetry.org/ns"
              ana="#anapaest #tetrameter #quatrain #pair #epigram"
              corresp="#txt_BurnRo1759_w0037"
              decls="#semi-normalized"
              ecep:syllab="12.12.12.12"
              met="--+|--+|--+|--+/ --+|--+|--+|--+/ --+|--+|--+|--+/ --+|--+|--+|--+/"
              rendition="#lgvspace"
              rhyme="aabb"
              subtype="eceptext"
              type="poem"
              xml:id="cbu86-w0370">
            <link target="authors.xml#aut_BurnRo1759" type="author"/>
            <link subtype="topic" target="#cbu86-w0360" type="related"/>
            <head type="main">
               <w xmlns:ecep="http://www.eighteenthcenturypoetry.org/ns"
                  xml:id="cbu86-317970"
                  n="236-a-1030"
                  ecep:lem="another"
                  ecep:pos="j-jn"
                  ecep:reg="ANOTHER"
                  ecep:spe="ANOTHER"
                  ecep:syllab="3"
                  ecep:pron="əˈnʌðə">ANOTHER</w>
               <pc xmlns:ecep="http://www.eighteenthcenturypoetry.org/ns"
                   xml:id="cbu86-317980"
                   n="236-a-1040"
                   unit="sentence"
                   ecep:lem="."
                   ecep:pos="."
                   ecep:reg="."
                   ecep:spe=".">.</pc>
            </head>
            <lg xml:id="cbu86-s02630">
               <l xml:id="cbu86-l18495">
                  <w xmlns:ecep="http://www.eighteenthcenturypoetry.org/ns"
                     xml:id="cbu86-318010"
                     n="236-a-1050"
                     ecep:lem="one"
                     ecep:pos="crd"
                     ecep:reg="One"
                     ecep:spe="One"
                     ecep:syllab="1"
                     ecep:pron="wʌn">One</w>
                  <c> </c>
                  <w xmlns:ecep="http://www.eighteenthcenturypoetry.org/ns"
                     xml:id="cbu86-318020"
                     n="236-a-1060"
                     ecep:lem="queen"
                     ecep:pos="n1"
                     ecep:reg="Queen"
                     ecep:spe="Queen"
                     ecep:syllab="1"
                     ecep:pron="kwiːn">Queen</w>
                  <c> </c>
                  <w xmlns:ecep="http://www.eighteenthcenturypoetry.org/ns"
                     xml:id="cbu86-318030"
                     n="236-a-1070"
                     ecep:lem="artemisa"
                     ecep:pos="np1"
                     ecep:reg="Artemisa"
                     ecep:spe="Artemisa"
                     ecep:syllab="4"
                     ecep:pron="ˈɑːtɪmˌɪsə">Artemisa</w>
                  <pc xmlns:ecep="http://www.eighteenthcenturypoetry.org/ns"
                      xml:id="cbu86-318040"
                      n="236-a-1080"
                      ecep:lem=","
                      ecep:pos=","
                      ecep:reg=","
                      ecep:spe=",">,</pc>
                  <c> </c>
                  <w xmlns:ecep="http://www.eighteenthcenturypoetry.org/ns"
                     xml:id="cbu86-318050"
                     n="236-a-1090"
                     ecep:lem="as"
                     ecep:pos="c-acp"
                     ecep:reg="as"
                     ecep:spe="as"
                     ecep:syllab="1"
                     ecep:pron="æz">as</w>
                  <c> </c>
                  <w xmlns:ecep="http://www.eighteenthcenturypoetry.org/ns"
                     xml:id="cbu86-318060"
                     n="236-a-1100"
                     ecep:lem="old"
                     ecep:pos="j"
                     ecep:reg="old"
                     ecep:spe="old"
                     ecep:syllab="1"
                     ecep:pron="əʊld">old</w>
                  <c> </c>
                  <w xmlns:ecep="http://www.eighteenthcenturypoetry.org/ns"
                     xml:id="cbu86-318070"
                     n="236-a-1110"
                     ecep:lem="story"
                     ecep:pos="n2"
                     ecep:reg="storeys"
                     ecep:spe="stories"
                     ecep:syllab="2"
                     ecep:pron="ˈstɔːriz">stories</w>
                  <c> </c>
                  <w xmlns:ecep="http://www.eighteenthcenturypoetry.org/ns"
                     xml:id="cbu86-318080"
                     n="236-a-1120"
                     ecep:lem="tell"
                     ecep:pos="vvb"
                     ecep:reg="tell"
                     ecep:spe="tell"
                     ecep:syllab="1"
                     ecep:pron="tel">tell</w>
                  <pc xmlns:ecep="http://www.eighteenthcenturypoetry.org/ns"
                      xml:id="cbu86-318090"
                      n="236-a-1130"
                      ecep:lem=","
                      ecep:pos=","
                      ecep:reg=","
                      ecep:spe=",">,</pc>
               </l>
               <l xml:id="cbu86-l18500">
                  <c> </c>
                  <w xmlns:ecep="http://www.eighteenthcenturypoetry.org/ns"
                     xml:id="cbu86-318100"
                     n="236-a-1140"
                     ecep:lem="when"
                     ecep:pos="c-crq"
                     ecep:reg="When"
                     ecep:spe="When"
                     ecep:syllab="1"
                     ecep:pron="wen">When</w>
                  <c> </c>
                  <w xmlns:ecep="http://www.eighteenthcenturypoetry.org/ns"
                     xml:id="cbu86-318110"
                     n="236-a-1150"
                     ecep:lem="deprive"
                     ecep:pos="vvd"
                     ecep:reg="deprived"
                     ecep:spe="depriv'd"
                     ecep:syllab="2"
                     ecep:pron="dɪˈpraɪvd">depriv'd</w>
                  <c> </c>
                  <w xmlns:ecep="http://www.eighteenthcenturypoetry.org/ns"
                     xml:id="cbu86-318120"
                     n="236-a-1160"
                     ecep:lem="of"
                     ecep:pos="pp-f"
                     ecep:reg="of"
                     ecep:spe="of"
                     ecep:syllab="1"
                     ecep:pron="ɒv">of</w>
                  <c> </c>
                  <w xmlns:ecep="http://www.eighteenthcenturypoetry.org/ns"
                     xml:id="cbu86-318130"
                     n="236-a-1170"
                     ecep:lem="her"
                     ecep:pos="po31"
                     ecep:reg="her"
                     ecep:spe="her"
                     ecep:syllab="1"
                     ecep:pron="hɜː">her</w>
                  <c> </c>
                  <w xmlns:ecep="http://www.eighteenthcenturypoetry.org/ns"
                     xml:id="cbu86-318140"
                     n="236-a-1180"
                     ecep:lem="husband"
                     ecep:pos="n1"
                     ecep:reg="husband"
                     ecep:spe="husband"
                     ecep:syllab="2"
                     ecep:pron="ˈhʌzbənd">husband</w>
                  <c> </c>
                  <w xmlns:ecep="http://www.eighteenthcenturypoetry.org/ns"
                     xml:id="cbu86-318150"
                     n="236-a-1190"
                     ecep:lem="she"
                     ecep:pos="pns31"
                     ecep:reg="she"
                     ecep:spe="she"
                     ecep:syllab="1"
                     ecep:pron="ʃiː">she</w>
                  <c> </c>
                  <w xmlns:ecep="http://www.eighteenthcenturypoetry.org/ns"
                     xml:id="cbu86-318160"
                     n="236-a-1200"
                     ecep:lem="love"
                     ecep:pos="vvd"
                     ecep:reg="loved"
                     ecep:spe="loved"
                     ecep:syllab="1"
                     ecep:pron="lʌvd">loved</w>
                  <c> </c>
                  <w xmlns:ecep="http://www.eighteenthcenturypoetry.org/ns"
                     xml:id="cbu86-318170"
                     n="236-a-1210"
                     ecep:lem="so"
                     ecep:pos="av"
                     ecep:reg="so"
                     ecep:spe="so"
                     ecep:syllab="1"
                     ecep:pron="səʊ">so</w>
                  <c> </c>
                  <w xmlns:ecep="http://www.eighteenthcenturypoetry.org/ns"
                     xml:id="cbu86-318180"
                     n="236-a-1220"
                     ecep:lem="well"
                     ecep:pos="av"
                     ecep:reg="well"
                     ecep:spe="well"
                     ecep:syllab="1"
                     ecep:pron="wel">well</w>
                  <pc xmlns:ecep="http://www.eighteenthcenturypoetry.org/ns"
                      xml:id="cbu86-318190"
                      n="236-a-1230"
                      ecep:lem=","
                      ecep:pos=","
                      ecep:reg=","
                      ecep:spe=",">,</pc>
               </l>
               <pb facs="cbu86/0237" n="231" rend="none"/>
               <l xml:id="cbu86-l18505">
                  <c> </c>
                  <w xmlns:ecep="http://www.eighteenthcenturypoetry.org/ns"
                     xml:id="cbu86-318200"
                     n="237-a-0010"
                     ecep:lem="in"
                     ecep:pos="p-acp"
                     ecep:reg="In"
                     ecep:spe="In"
                     ecep:syllab="1"
                     ecep:pron="ɪn">In</w>
                  <c> </c>
                  <w xmlns:ecep="http://www.eighteenthcenturypoetry.org/ns"
                     xml:id="cbu86-318210"
                     n="237-a-0020"
                     ecep:lem="respect"
                     ecep:pos="n1"
                     ecep:reg="respect"
                     ecep:spe="respect"
                     ecep:syllab="2"
                     ecep:pron="rɪˈspekt">respect</w>
                  <c> </c>
                  <w xmlns:ecep="http://www.eighteenthcenturypoetry.org/ns"
                     xml:id="cbu86-318220"
                     n="237-a-0030"
                     ecep:lem="for"
                     ecep:pos="p-acp"
                     ecep:reg="for"
                     ecep:spe="for"
                     ecep:syllab="1"
                     ecep:pron="fɔː">for</w>
                  <c> </c>
                  <w xmlns:ecep="http://www.eighteenthcenturypoetry.org/ns"
                     xml:id="cbu86-318230"
                     n="237-a-0040"
                     ecep:lem="the"
                     ecep:pos="dt"
                     ecep:reg="the"
                     ecep:spe="the"
                     ecep:syllab="1"
                     ecep:pron="ðiː">the</w>
                  <c> </c>
                  <w xmlns:ecep="http://www.eighteenthcenturypoetry.org/ns"
                     xml:id="cbu86-318240"
                     n="237-a-0050"
                     ecep:lem="love"
                     ecep:pos="n1"
                     ecep:reg="love"
                     ecep:spe="love"
                     ecep:syllab="1"
                     ecep:pron="lʌv">love</w>
                  <c> </c>
                  <w xmlns:ecep="http://www.eighteenthcenturypoetry.org/ns"
                     xml:id="cbu86-318250"
                     n="237-a-0060"
                     ecep:lem="and"
                     ecep:pos="cc"
                     ecep:reg="and"
                     ecep:spe="and"
                     ecep:syllab="1"
                     ecep:pron="ænd">and</w>
                  <c> </c>
                  <w xmlns:ecep="http://www.eighteenthcenturypoetry.org/ns"
                     xml:id="cbu86-318260"
                     n="237-a-0070"
                     ecep:lem="affection"
                     ecep:pos="n1"
                     ecep:reg="affection"
                     ecep:spe="affection"
                     ecep:syllab="3"
                     ecep:pron="əˈfekʃn">affection</w>
                  <c> </c>
                  <w xmlns:ecep="http://www.eighteenthcenturypoetry.org/ns"
                     xml:id="cbu86-318270"
                     n="237-a-0080"
                     ecep:lem="he|will"
                     ecep:pos="pns31|vmd"
                     ecep:reg="he'd"
                     ecep:spe="he'd"
                     ecep:syllab="1"
                     ecep:pron="hiːd">he'd</w>
                  <c> </c>
                  <w xmlns:ecep="http://www.eighteenthcenturypoetry.org/ns"
                     xml:id="cbu86-318280"
                     n="237-a-0090"
                     ecep:lem="show"
                     ecep:pos="n-vvn"
                     ecep:reg="showed"
                     ecep:spe="show'd"
                     ecep:syllab="1"
                     ecep:pron="ʃəʊd">show'd</w>
                  <c> </c>
                  <w xmlns:ecep="http://www.eighteenthcenturypoetry.org/ns"
                     xml:id="cbu86-318290"
                     n="237-a-0100"
                     ecep:lem="she"
                     ecep:pos="pno31"
                     ecep:reg="her"
                     ecep:spe="her"
                     ecep:syllab="1"
                     ecep:pron="hɜː">her</w>
                  <pc xmlns:ecep="http://www.eighteenthcenturypoetry.org/ns"
                      xml:id="cbu86-318300"
                      n="237-a-0110"
                      ecep:lem=","
                      ecep:pos=","
                      ecep:reg=","
                      ecep:spe=",">,</pc>
               </l>
               <l xml:id="cbu86-l18510">
                  <c> </c>
                  <w xmlns:ecep="http://www.eighteenthcenturypoetry.org/ns"
                     xml:id="cbu86-318310"
                     n="237-a-0120"
                     ecep:lem="she"
                     ecep:pos="pns31"
                     ecep:reg="She"
                     ecep:spe="She"
                     ecep:syllab="1"
                     ecep:pron="ʃiː">She</w>
                  <c> </c>
                  <w xmlns:ecep="http://www.eighteenthcenturypoetry.org/ns"
                     xml:id="cbu86-318320"
                     n="237-a-0130"
                     ecep:lem="reduce"
                     ecep:pos="vvd"
                     ecep:reg="reduced"
                     ecep:spe="reduc'd"
                     ecep:syllab="2"
                     ecep:pron="rɪˈdʒuːst">reduc'd</w>
                  <c> </c>
                  <w xmlns:ecep="http://www.eighteenthcenturypoetry.org/ns"
                     xml:id="cbu86-318330"
                     n="237-a-0140"
                     ecep:lem="he"
                     ecep:pos="pno31"
                     ecep:reg="him"
                     ecep:spe="him"
                     ecep:syllab="1"
                     ecep:pron="hɪm">him</w>
                  <c> </c>
                  <w xmlns:ecep="http://www.eighteenthcenturypoetry.org/ns"
                     xml:id="cbu86-318340"
                     n="237-a-0150"
                     ecep:lem="to"
                     ecep:pos="p-acp"
                     ecep:reg="to"
                     ecep:spe="to"
                     ecep:syllab="1"
                     ecep:pron="tuː">to</w>
                  <c> </c>
                  <w xmlns:ecep="http://www.eighteenthcenturypoetry.org/ns"
                     xml:id="cbu86-318350"
                     n="237-a-0160"
                     ecep:lem="dust"
                     ecep:pos="n1"
                     ecep:reg="dust"
                     ecep:spe="dust"
                     ecep:syllab="1"
                     ecep:pron="dʌst">dust</w>
                  <pc xmlns:ecep="http://www.eighteenthcenturypoetry.org/ns"
                      xml:id="cbu86-318360"
                      n="237-a-0170"
                      ecep:lem=","
                      ecep:pos=","
                      ecep:reg=","
                      ecep:spe=",">,</pc>
                  <c> </c>
                  <w xmlns:ecep="http://www.eighteenthcenturypoetry.org/ns"
                     xml:id="cbu86-318370"
                     n="237-a-0180"
                     ecep:lem="and"
                     ecep:pos="cc"
                     ecep:reg="and"
                     ecep:spe="and"
                     ecep:syllab="1"
                     ecep:pron="ænd">and</w>
                  <c> </c>
                  <w xmlns:ecep="http://www.eighteenthcenturypoetry.org/ns"
                     xml:id="cbu86-318380"
                     n="237-a-0190"
                     ecep:lem="she"
                     ecep:pos="pns31"
                     ecep:reg="she"
                     ecep:spe="she"
                     ecep:syllab="1"
                     ecep:pron="ʃiː">she</w>
                  <c> </c>
                  <w xmlns:ecep="http://www.eighteenthcenturypoetry.org/ns"
                     xml:id="cbu86-318390"
                     n="237-a-0200"
                     ecep:lem="drink"
                     ecep:pos="vvd"
                     ecep:reg="drank"
                     ecep:spe="drank"
                     ecep:syllab="1"
                     ecep:pron="dræŋk">drank</w>
                  <c> </c>
                  <w xmlns:ecep="http://www.eighteenthcenturypoetry.org/ns"
                     xml:id="cbu86-318400"
                     n="237-a-0210"
                     ecep:lem="up"
                     ecep:pos="a-acp"
                     ecep:reg="up"
                     ecep:spe="up"
                     ecep:syllab="1"
                     ecep:pron="ʌp">up</w>
                  <c> </c>
                  <w xmlns:ecep="http://www.eighteenthcenturypoetry.org/ns"
                     xml:id="cbu86-318410"
                     n="237-a-0220"
                     ecep:lem="the"
                     ecep:pos="dt"
                     ecep:reg="the"
                     ecep:spe="the"
                     ecep:syllab="1"
                     ecep:pron="ðiː">the</w>
                  <c> </c>
                  <w xmlns:ecep="http://www.eighteenthcenturypoetry.org/ns"
                     xml:id="cbu86-318420"
                     n="237-a-0230"
                     ecep:lem="powder"
                     ecep:pos="n1"
                     ecep:reg="Powder"
                     ecep:spe="Powder"
                     ecep:syllab="2"
                     ecep:pron="ˈpaʊdə">Powder</w>
                  <pc xmlns:ecep="http://www.eighteenthcenturypoetry.org/ns"
                      xml:id="cbu86-318430"
                      n="237-a-0240"
                      unit="sentence"
                      ecep:lem="."
                      ecep:pos="."
                      ecep:reg="."
                      ecep:spe=".">.</pc>
                  <c> </c>
               </l>
            </lg>
            <lg xml:id="cbu86-s02635">
               <l xml:id="cbu86-l18515">
                  <w xmlns:ecep="http://www.eighteenthcenturypoetry.org/ns"
                     xml:id="cbu86-318460"
                     n="237-a-0250"
                     ecep:lem="but"
                     ecep:pos="p-acp"
                     ecep:reg="But"
                     ecep:spe="But"
                     ecep:syllab="1"
                     ecep:pron="bʌt">But</w>
                  <c> </c>
                  <w xmlns:ecep="http://www.eighteenthcenturypoetry.org/ns"
                     xml:id="cbu86-318470"
                     n="237-a-0260"
                     ecep:lem="queen"
                     ecep:pos="n1"
                     ecep:reg="Queen"
                     ecep:spe="Queen"
                     ecep:syllab="1"
                     ecep:pron="kwiːn">Queen</w>
                  <c> </c>
                  <w xmlns:ecep="http://www.eighteenthcenturypoetry.org/ns"
                     xml:id="cbu86-318480"
                     n="237-a-0270"
                     ecep:lem="N**********"
                     ecep:pos="np1"
                     ecep:reg="N**********"
                     ecep:spe="N**********"
                     ecep:syllab="1"
                     ecep:pron="ˈen">N**********</w>
                  <pc xmlns:ecep="http://www.eighteenthcenturypoetry.org/ns"
                      xml:id="cbu86-318490"
                      n="237-a-0280"
                      ecep:lem=","
                      ecep:pos=","
                      ecep:reg=","
                      ecep:spe=",">,</pc>
                  <c> </c>
                  <w xmlns:ecep="http://www.eighteenthcenturypoetry.org/ns"
                     xml:id="cbu86-318500"
                     n="237-a-0290"
                     ecep:lem="of"
                     ecep:pos="pp-f"
                     ecep:reg="of"
                     ecep:spe="of"
                     ecep:syllab="1"
                     ecep:pron="ɒv">of</w>
                  <c> </c>
                  <w xmlns:ecep="http://www.eighteenthcenturypoetry.org/ns"
                     xml:id="cbu86-318510"
                     n="237-a-0300"
                     ecep:lem="a"
                     ecep:pos="dt"
                     ecep:reg="a"
                     ecep:spe="a"
                     ecep:syllab="1"
                     ecep:pron="ə">a</w>
                  <c> </c>
                  <w xmlns:ecep="http://www.eighteenthcenturypoetry.org/ns"
                     xml:id="cbu86-318520"
                     n="237-a-0310"
                     ecep:lem="different"
                     ecep:pos="j"
                     ecep:reg="different"
                     ecep:spe="diff'rent"
                     ecep:syllab="2"
                     ecep:pron="dˈɪfrənt">diff'rent</w>
                  <c> </c>
                  <w xmlns:ecep="http://www.eighteenthcenturypoetry.org/ns"
                     xml:id="cbu86-318530"
                     n="237-a-0320"
                     ecep:lem="complexion"
                     ecep:pos="n1"
                     ecep:reg="complexion"
                     ecep:spe="complexion"
                     ecep:syllab="3"
                     ecep:pron="kəmˈplekʃn">complexion</w>
                  <pc xmlns:ecep="http://www.eighteenthcenturypoetry.org/ns"
                      xml:id="cbu86-318540"
                      n="237-a-0330"
                      ecep:lem=","
                      ecep:pos=","
                      ecep:reg=","
                      ecep:spe=",">,</pc>
               </l>
               <l xml:id="cbu86-l18520">
                  <c> </c>
                  <w xmlns:ecep="http://www.eighteenthcenturypoetry.org/ns"
                     xml:id="cbu86-318550"
                     n="237-a-0340"
                     ecep:lem="when"
                     ecep:pos="c-crq"
                     ecep:reg="When"
                     ecep:spe="When"
                     ecep:syllab="1"
                     ecep:pron="wen">When</w>
                  <c> </c>
                  <w xmlns:ecep="http://www.eighteenthcenturypoetry.org/ns"
                     xml:id="cbu86-318560"
                     n="237-a-0350"
                     ecep:lem="call"
                     ecep:pos="vvn"
                     ecep:reg="called"
                     ecep:spe="call'd"
                     ecep:syllab="1"
                     ecep:pron="kɔːld">call'd</w>
                  <c> </c>
                  <w xmlns:ecep="http://www.eighteenthcenturypoetry.org/ns"
                     xml:id="cbu86-318570"
                     n="237-a-0360"
                     ecep:lem="on"
                     ecep:pos="a-acp"
                     ecep:reg="on"
                     ecep:spe="on"
                     ecep:syllab="1"
                     ecep:pron="ɒn">on</w>
                  <c> </c>
                  <w xmlns:ecep="http://www.eighteenthcenturypoetry.org/ns"
                     xml:id="cbu86-318580"
                     n="237-a-0370"
                     ecep:lem="to"
                     ecep:pos="pc-acp"
                     ecep:reg="to"
                     ecep:spe="to"
                     ecep:syllab="1"
                     ecep:pron="tuː">to</w>
                  <c> </c>
                  <w xmlns:ecep="http://www.eighteenthcenturypoetry.org/ns"
                     xml:id="cbu86-318590"
                     n="237-a-0380"
                     ecep:lem="order"
                     ecep:pos="vvi"
                     ecep:reg="order"
                     ecep:spe="order"
                     ecep:syllab="2"
                     ecep:pron="ˈɔːdə">order</w>
                  <c> </c>
                  <w xmlns:ecep="http://www.eighteenthcenturypoetry.org/ns"
                     xml:id="cbu86-318600"
                     n="237-a-0390"
                     ecep:lem="the"
                     ecep:pos="dt"
                     ecep:reg="the"
                     ecep:spe="the"
                     ecep:syllab="1"
                     ecep:pron="ðiː">the</w>
                  <c> </c>
                  <w xmlns:ecep="http://www.eighteenthcenturypoetry.org/ns"
                     xml:id="cbu86-318610"
                     n="237-a-0400"
                     ecep:lem="funeral"
                     ecep:pos="n1"
                     ecep:reg="funeral"
                     ecep:spe="fun'ral"
                     ecep:syllab="2"
                     ecep:pron="ˈfjuːnrəl">fun'ral</w>
                  <c> </c>
                  <w xmlns:ecep="http://www.eighteenthcenturypoetry.org/ns"
                     xml:id="cbu86-318620"
                     n="237-a-0410"
                     ecep:lem="direction"
                     ecep:pos="n1"
                     ecep:reg="direction"
                     ecep:spe="direction"
                     ecep:syllab="3"
                     ecep:pron="dɪˈrekʃn">direction</w>
                  <pc xmlns:ecep="http://www.eighteenthcenturypoetry.org/ns"
                      xml:id="cbu86-318630"
                      n="237-a-0420"
                      ecep:lem=","
                      ecep:pos=","
                      ecep:reg=","
                      ecep:spe=",">,</pc>
               </l>
               <l xml:id="cbu86-l18525">
                  <c> </c>
                  <w xmlns:ecep="http://www.eighteenthcenturypoetry.org/ns"
                     xml:id="cbu86-318640"
                     n="237-a-0430"
                     ecep:lem="will"
                     ecep:pos="vmd"
                     ecep:reg="Would"
                     ecep:spe="Would"
                     ecep:syllab="1"
                     ecep:pron="wʊd">Would</w>
                  <c> </c>
                  <w xmlns:ecep="http://www.eighteenthcenturypoetry.org/ns"
                     xml:id="cbu86-318650"
                     n="237-a-0440"
                     ecep:lem="have"
                     ecep:pos="vhi"
                     ecep:reg="have"
                     ecep:spe="have"
                     ecep:syllab="1"
                     ecep:pron="hæv">have</w>
                  <c> </c>
                  <w xmlns:ecep="http://www.eighteenthcenturypoetry.org/ns"
                     xml:id="cbu86-318660"
                     n="237-a-0450"
                     ecep:lem="eat"
                     ecep:pos="vvn"
                     ecep:reg="eat"
                     ecep:spe="eat"
                     ecep:syllab="1"
                     ecep:pron="iːt">eat</w>
                  <c> </c>
                  <w xmlns:ecep="http://www.eighteenthcenturypoetry.org/ns"
                     xml:id="cbu86-318670"
                     n="237-a-0460"
                     ecep:lem="her"
                     ecep:pos="po31"
                     ecep:reg="her"
                     ecep:spe="her"
                     ecep:syllab="1"
                     ecep:pron="hɜː">her</w>
                  <c> </c>
                  <w xmlns:ecep="http://www.eighteenthcenturypoetry.org/ns"
                     xml:id="cbu86-318680"
                     n="237-a-0470"
                     ecep:lem="dead"
                     ecep:pos="j"
                     ecep:reg="dead"
                     ecep:spe="dead"
                     ecep:syllab="1"
                     ecep:pron="ded">dead</w>
                  <c> </c>
                  <w xmlns:ecep="http://www.eighteenthcenturypoetry.org/ns"
                     xml:id="cbu86-318690"
                     n="237-a-0480"
                     ecep:lem="lord"
                     ecep:pos="n1"
                     ecep:reg="lord"
                     ecep:spe="lord"
                     ecep:syllab="1"
                     ecep:pron="lɔːd">lord</w>
                  <pc xmlns:ecep="http://www.eighteenthcenturypoetry.org/ns"
                      xml:id="cbu86-318700"
                      n="237-a-0490"
                      ecep:lem=","
                      ecep:pos=","
                      ecep:reg=","
                      ecep:spe=",">,</pc>
                  <c> </c>
                  <w xmlns:ecep="http://www.eighteenthcenturypoetry.org/ns"
                     xml:id="cbu86-318710"
                     n="237-a-0500"
                     ecep:lem="on"
                     ecep:pos="p-acp"
                     ecep:reg="on"
                     ecep:spe="on"
                     ecep:syllab="1"
                     ecep:pron="ɒn">on</w>
                  <c> </c>
                  <w xmlns:ecep="http://www.eighteenthcenturypoetry.org/ns"
                     xml:id="cbu86-318720"
                     n="237-a-0510"
                     ecep:lem="a"
                     ecep:pos="dt"
                     ecep:reg="a"
                     ecep:spe="a"
                     ecep:syllab="1"
                     ecep:pron="ə">a</w>
                  <c> </c>
                  <w xmlns:ecep="http://www.eighteenthcenturypoetry.org/ns"
                     xml:id="cbu86-318730"
                     n="237-a-0520"
                     ecep:lem="slender"
                     ecep:pos="j"
                     ecep:reg="slender"
                     ecep:spe="slender"
                     ecep:syllab="2"
                     ecep:pron="ˈslendə">slender</w>
                  <c> </c>
                  <w xmlns:ecep="http://www.eighteenthcenturypoetry.org/ns"
                     xml:id="cbu86-318740"
                     n="237-a-0530"
                     ecep:lem="pretence"
                     ecep:pos="n1"
                     ecep:reg="pretence"
                     ecep:spe="pretence"
                     ecep:syllab="2"
                     ecep:pron="prɪˈtens">pretence</w>
                  <pc xmlns:ecep="http://www.eighteenthcenturypoetry.org/ns"
                      xml:id="cbu86-318750"
                      n="237-a-0540"
                      ecep:lem=","
                      ecep:pos=","
                      ecep:reg=","
                      ecep:spe=",">,</pc>
               </l>
               <l xml:id="cbu86-l18530">
                  <c> </c>
                  <w xmlns:ecep="http://www.eighteenthcenturypoetry.org/ns"
                     xml:id="cbu86-318760"
                     n="237-a-0550"
                     ecep:lem="not"
                     ecep:pos="xx"
                     ecep:reg="Not"
                     ecep:spe="Not"
                     ecep:syllab="1"
                     ecep:pron="nɒt">Not</w>
                  <c> </c>
                  <w xmlns:ecep="http://www.eighteenthcenturypoetry.org/ns"
                     xml:id="cbu86-318770"
                     n="237-a-0560"
                     ecep:lem="to"
                     ecep:pos="pc-acp"
                     ecep:reg="to"
                     ecep:spe="to"
                     ecep:syllab="1"
                     ecep:pron="tuː">to</w>
                  <c> </c>
                  <w xmlns:ecep="http://www.eighteenthcenturypoetry.org/ns"
                     xml:id="cbu86-318780"
                     n="237-a-0570"
                     ecep:lem="show"
                     ecep:pos="vvi"
                     ecep:reg="show"
                     ecep:spe="show"
                     ecep:syllab="1"
                     ecep:pron="ʃəʊ">show</w>
                  <c> </c>
                  <w xmlns:ecep="http://www.eighteenthcenturypoetry.org/ns"
                     xml:id="cbu86-318790"
                     n="237-a-0580"
                     ecep:lem="her"
                     ecep:pos="po31"
                     ecep:reg="her"
                     ecep:spe="her"
                     ecep:syllab="1"
                     ecep:pron="hɜː">her</w>
                  <c> </c>
                  <w xmlns:ecep="http://www.eighteenthcenturypoetry.org/ns"
                     xml:id="cbu86-318800"
                     n="237-a-0590"
                     ecep:lem="respect"
                     ecep:pos="n1"
                     ecep:reg="respect"
                     ecep:spe="respect"
                     ecep:syllab="2"
                     ecep:pron="rɪˈspekt">respect</w>
                  <pc xmlns:ecep="http://www.eighteenthcenturypoetry.org/ns"
                      xml:id="cbu86-318810"
                      n="237-a-0600"
                      ecep:lem=","
                      ecep:pos=","
                      ecep:reg=","
                      ecep:spe=",">,</pc>
                  <c> </c>
                  <w xmlns:ecep="http://www.eighteenthcenturypoetry.org/ns"
                     xml:id="cbu86-318820"
                     n="237-a-0610"
                     ecep:lem="but"
                     ecep:pos="cc-acp"
                     ecep:reg="but"
                     ecep:spe="but"
                     ecep:syllab="1"
                     ecep:pron="bʌt">but</w>
                  <c> </c>
                  <pc xmlns:ecep="http://www.eighteenthcenturypoetry.org/ns"
                      xml:id="cbu86-318830"
                      n="237-a-0620"
                      ecep:lem="—"
                      ecep:pos="—"
                      ecep:reg="—"
                      ecep:spe="—">—</pc>
                  <c> </c>
                  <w xmlns:ecep="http://www.eighteenthcenturypoetry.org/ns"
                     xml:id="cbu86-318840"
                     n="237-a-0630"
                     ecep:lem="to"
                     ecep:pos="pc-acp"
                     ecep:reg="to"
                     ecep:spe="to"
                     ecep:syllab="1"
                     ecep:pron="tuː">to</w>
                  <c> </c>
                  <w xmlns:ecep="http://www.eighteenthcenturypoetry.org/ns"
                     xml:id="cbu86-318850"
                     n="237-a-0640"
                     ecep:lem="save"
                     ecep:pos="vvi"
                     ecep:reg="save"
                     ecep:spe="save"
                     ecep:syllab="1"
                     ecep:pron="seɪv">save</w>
                  <c> </c>
                  <w xmlns:ecep="http://www.eighteenthcenturypoetry.org/ns"
                     xml:id="cbu86-318860"
                     n="237-a-0650"
                     ecep:lem="the"
                     ecep:pos="dt"
                     ecep:reg="the"
                     ecep:spe="the"
                     ecep:syllab="1"
                     ecep:pron="ðiː">the</w>
                  <c> </c>
                  <w xmlns:ecep="http://www.eighteenthcenturypoetry.org/ns"
                     xml:id="cbu86-318870"
                     n="237-a-0660"
                     ecep:lem="expense"
                     ecep:pos="n1"
                     ecep:reg="expense"
                     ecep:spe="expence"
                     ecep:syllab="2"
                     ecep:pron="ɪkˈspens">expence</w>
                  <pc xmlns:ecep="http://www.eighteenthcenturypoetry.org/ns"
                      xml:id="cbu86-318880"
                      n="237-a-0670"
                      unit="sentence"
                      ecep:lem="."
                      ecep:pos="."
                      ecep:reg="."
                      ecep:spe=".">.</pc>
                  <c> </c>
               </l>
            </lg>
         </div>
      </body>
   </text>
</TEI>
