<?xml version="1.0" encoding="utf-8"?>
<!DOCTYPE div
  SYSTEM "about:legacy-compat">
<div xmlns:ecep="http://www.eighteenthcenturypoetry.org/ns"
     xmlns="http://www.tei-c.org/ns/1.0"
     xmlns:tei="http://www.tei-c.org/ns/1.0"
     ana="#iamb #pentameter #couplet #heroiccouplet #pair #epistle"
     corresp="#txt_HandEl1746_w0019"
     decls="#semi-normalized"
     ecep:syllab="10"
     met="-+|-+|-+|-+|-+/"
     rendition="#lgvspace"
     rhyme="aa"
     subtype="eceptext"
     type="poem"
     xml:id="peh89-w0190">
   <link target="authors.xml#aut_HandEl1746" type="author"/>
   <head type="main">
      <w xml:id="peh89-254660"
         n="peh89/0130-a-0010"
         ecep:lem="Corinna"
         ecep:pos="np1"
         ecep:reg="CORINNA"
         ecep:spe="CORINNA"
         ecep:syllab="3"
         ecep:pron="kˈɒrɪnə">CORINNA</w>
      <c> </c>
      <w xml:id="peh89-254670"
         n="peh89/0130-a-0020"
         ecep:lem="to"
         ecep:pos="p-acp"
         ecep:reg="TO"
         ecep:spe="TO"
         ecep:syllab="1"
         ecep:pron="tuː">TO</w>
      <c> </c>
      <w xml:id="peh89-254680"
         n="peh89/0130-a-0030"
         ecep:lem="Lycidas"
         ecep:pos="np1"
         ecep:reg="LYCIDAS"
         ecep:spe="LYCIDAS"
         ecep:syllab="3"
         ecep:pron="lˈaɪsɪdəz">LYCIDAS</w>
      <pc xml:id="peh89-254690"
          n="peh89/0130-a-0040"
          unit="sentence"
          ecep:lem="."
          ecep:pos="."
          ecep:reg="."
          ecep:spe=".">.</pc>
   </head>
   <lg xml:id="peh89-s00550">
      <l n="1" xml:id="peh89-l08890">
         <hi rendition="#sc">
            <w xml:id="peh89-254720"
               n="peh89/0130-a-0050"
               ecep:lem="wherever"
               ecep:pos="c-crq"
               ecep:reg="Wherever"
               ecep:spe="Where'er"
               ecep:syllab="2"
               ecep:pron="weəˈreə">Where'er</w>
         </hi>
         <c> </c>
         <w xml:id="peh89-254730"
            n="peh89/0130-a-0060"
            ecep:lem="my"
            ecep:pos="po11"
            ecep:reg="my"
            ecep:spe="my"
            ecep:syllab="1"
            ecep:pron="maɪ">my</w>
         <c> </c>
         <w xml:id="peh89-254740"
            n="peh89/0130-a-0070"
            ecep:lem="Lycidas"
            ecep:pos="np1"
            ecep:reg="Lycidas"
            ecep:spe="Lycidas"
            ecep:syllab="3"
            ecep:pron="lˈaɪsɪdəz">Lycidas</w>
         <c> </c>
         <w xml:id="peh89-254750"
            n="peh89/0130-a-0080"
            ecep:lem="shall"
            ecep:pos="vmb"
            ecep:reg="shall"
            ecep:spe="shall"
            ecep:syllab="1"
            ecep:pron="ʃæl">shall</w>
         <c> </c>
         <w xml:id="peh89-254760"
            n="peh89/0130-a-0090"
            ecep:lem="turn"
            ecep:pos="vvi"
            ecep:reg="turn"
            ecep:spe="turn"
            ecep:syllab="1"
            ecep:pron="tɜːn">turn</w>
         <c> </c>
         <w xml:id="peh89-254770"
            n="peh89/0130-a-0100"
            ecep:lem="his"
            ecep:pos="po31"
            ecep:reg="his"
            ecep:spe="his"
            ecep:syllab="1"
            ecep:pron="hɪz">his</w>
         <c> </c>
         <w xml:id="peh89-254780"
            n="peh89/0130-a-0110"
            ecep:lem="eye"
            ecep:pos="n2"
            ecep:reg="eyes"
            ecep:spe="eyes"
            ecep:syllab="1"
            ecep:pron="aɪz">eyes</w>
         <pc xml:id="peh89-254790"
             n="peh89/0130-a-0120"
             ecep:lem=","
             ecep:pos=","
             ecep:reg=","
             ecep:spe=",">,</pc>
      </l>
      <l n="2" xml:id="peh89-l08895">
         <c> </c>
         <w xml:id="peh89-254800"
            n="peh89/0130-a-0130"
            ecep:lem="may"
            ecep:pos="vmb"
            ecep:reg="May"
            ecep:spe="May"
            ecep:syllab="1"
            ecep:pron="meɪ">May</w>
         <c> </c>
         <w xml:id="peh89-254810"
            n="peh89/0130-a-0140"
            ecep:lem="pleasure"
            ecep:pos="n2"
            ecep:reg="pleasures"
            ecep:spe="pleasures"
            ecep:syllab="2"
            ecep:pron="ˈpleʒəz">pleasures</w>
         <c> </c>
         <w xml:id="peh89-254820"
            n="peh89/0130-a-0150"
            ecep:lem="spring"
            ecep:pos="vvi"
            ecep:reg="spring"
            ecep:spe="spring"
            ecep:syllab="1"
            ecep:pron="sprɪŋ">spring</w>
         <pc xml:id="peh89-254830"
             n="peh89/0130-a-0160"
             ecep:lem=","
             ecep:pos=","
             ecep:reg=","
             ecep:spe=",">,</pc>
         <c> </c>
         <w xml:id="peh89-254840"
            n="peh89/0130-a-0170"
            ecep:lem="and"
            ecep:pos="cc"
            ecep:reg="and"
            ecep:spe="and"
            ecep:syllab="1"
            ecep:pron="ænd">and</w>
         <c> </c>
         <w xml:id="peh89-254850"
            n="peh89/0130-a-0180"
            ecep:lem="lovely"
            ecep:pos="j"
            ecep:reg="lovely"
            ecep:spe="lovely"
            ecep:syllab="2"
            ecep:pron="ˈlʌvli">lovely</w>
         <c> </c>
         <w xml:id="peh89-254860"
            n="peh89/0130-a-0190"
            ecep:lem="prospect"
            ecep:pos="n2"
            ecep:reg="prospects"
            ecep:spe="prospects"
            ecep:syllab="2"
            ecep:pron="ˈprɒspekts">prospects</w>
         <c> </c>
         <pc xml:id="peh89-254870"
             n="peh89/0130-a-0200"
             ecep:lem="'"
             ecep:pos="'"
             ecep:reg="'"
             ecep:spe="'">'</pc>
         <w xml:id="peh89-254880"
            n="peh89/0130-a-0210"
            ecep:lem="rise"
            ecep:pos="n1"
            ecep:reg="rise"
            ecep:spe="rise"
            ecep:syllab="1"
            ecep:pron="raɪz">rise</w>
         <pc xml:id="peh89-254890"
             n="peh89/0130-a-0220"
             ecep:lem=";"
             ecep:pos=";"
             ecep:reg=";"
             ecep:spe=";">;</pc>
      </l>
      <l n="3" xml:id="peh89-l08900">
         <c> </c>
         <w xml:id="peh89-254900"
            n="peh89/0130-a-0230"
            ecep:lem="while"
            ecep:pos="cs"
            ecep:reg="While"
            ecep:spe="While"
            ecep:syllab="1"
            ecep:pron="ˈwaɪl">While</w>
         <c> </c>
         <w xml:id="peh89-254910"
            n="peh89/0130-a-0240"
            ecep:lem="your"
            ecep:pos="po22"
            ecep:reg="your"
            ecep:spe="your"
            ecep:syllab="1"
            ecep:pron="jɔː">your</w>
         <c> </c>
         <w xml:id="peh89-254920"
            n="peh89/0130-a-0250"
            ecep:lem="Corinna"
            ecep:pos="np1"
            ecep:reg="Corinna"
            ecep:spe="Corinna"
            ecep:syllab="3"
            ecep:pron="kˈɒrɪnə">Corinna</w>
         <pc xml:id="peh89-254930"
             n="peh89/0130-a-0260"
             ecep:lem=","
             ecep:pos=","
             ecep:reg=","
             ecep:spe=",">,</pc>
         <c> </c>
         <w xml:id="peh89-254940"
            n="peh89/0130-a-0270"
            ecep:lem="on"
            ecep:pos="p-acp"
            ecep:reg="on"
            ecep:spe="on"
            ecep:syllab="1"
            ecep:pron="ɒn">on</w>
         <c> </c>
         <w xml:id="peh89-254950"
            n="peh89/0130-a-0280"
            ecep:lem="the"
            ecep:pos="dt"
            ecep:reg="the"
            ecep:spe="the"
            ecep:syllab="1"
            ecep:pron="ðiː">the</w>
         <c> </c>
         <w xml:id="peh89-254960"
            n="peh89/0130-a-0290"
            ecep:lem="bank"
            ecep:pos="n2"
            ecep:reg="banks"
            ecep:spe="banks"
            ecep:syllab="1"
            ecep:pron="bæŋks">banks</w>
         <c> </c>
         <w xml:id="peh89-254970"
            n="peh89/0130-a-0300"
            ecep:lem="of"
            ecep:pos="pp-f"
            ecep:reg="of"
            ecep:spe="of"
            ecep:syllab="1"
            ecep:pron="ɒv">of</w>
         <c> </c>
         <w xml:id="peh89-254980"
            n="peh89/0130-a-0310"
            ecep:lem="stowre"
            ecep:pos="fw-mi"
            ecep:reg="Stowre"
            ecep:spe="Stower"
            ecep:syllab="2"
            ecep:pron="ˈstəʊə">Stower</w>
         <pc xml:id="peh89-254990"
             n="peh89/0130-a-0320"
             ecep:lem=","
             ecep:pos=","
             ecep:reg=","
             ecep:spe=",">,</pc>
      </l>
      <l n="4" xml:id="peh89-l08905">
         <c> </c>
         <w xml:id="peh89-255000"
            n="peh89/0130-a-0330"
            ecep:lem="in"
            ecep:pos="p-acp"
            ecep:reg="In"
            ecep:spe="In"
            ecep:syllab="1"
            ecep:pron="ɪn">In</w>
         <c> </c>
         <w xml:id="peh89-255010"
            n="peh89/0130-a-0340"
            ecep:lem="pensive"
            ecep:pos="j"
            ecep:reg="pensive"
            ecep:spe="pensive"
            ecep:syllab="2"
            ecep:pron="ˈpensɪv">pensive</w>
         <c> </c>
         <w xml:id="peh89-255020"
            n="peh89/0130-a-0350"
            ecep:lem="sadness"
            ecep:pos="n1"
            ecep:reg="sadness"
            ecep:spe="sadness"
            ecep:syllab="2"
            ecep:pron="sædnəs">sadness</w>
         <c> </c>
         <w xml:id="peh89-255030"
            n="peh89/0130-a-0360"
            ecep:lem="view"
            ecep:pos="vvz"
            ecep:reg="views"
            ecep:spe="views"
            ecep:syllab="1"
            ecep:pron="vjuːz">views</w>
         <c> </c>
         <w xml:id="peh89-255040"
            n="peh89/0130-a-0370"
            ecep:lem="each"
            ecep:pos="d"
            ecep:reg="each"
            ecep:spe="each"
            ecep:syllab="1"
            ecep:pron="iːtʃ">each</w>
         <c> </c>
         <w xml:id="peh89-255050"
            n="peh89/0130-a-0380"
            ecep:lem="ripen"
            ecep:pos="j-vvg"
            ecep:reg="ripening"
            ecep:spe="ripening"
            ecep:syllab="2"
            ecep:pron="ˈraɪpnɪŋ">ripening</w>
         <c> </c>
         <w xml:id="peh89-255060"
            n="peh89/0130-a-0390"
            ecep:lem="flower"
            ecep:pos="n1"
            ecep:reg="flower"
            ecep:spe="flower"
            ecep:syllab="1"
            ecep:pron="flæə">flower</w>
         <pc xml:id="peh89-255070"
             n="peh89/0130-a-0400"
             ecep:lem=":"
             ecep:pos=":"
             ecep:reg=":"
             ecep:spe=":">:</pc>
      </l>
      <l n="5" xml:id="peh89-l08910">
         <c> </c>
         <w xml:id="peh89-255080"
            n="peh89/0130-a-0410"
            ecep:lem="why"
            ecep:pos="uh-crq"
            ecep:reg="Why"
            ecep:spe="Why"
            ecep:syllab="1"
            ecep:pron="waɪ">Why</w>
         <c> </c>
         <w xml:id="peh89-255090"
            n="peh89/0130-a-0420"
            ecep:lem="be"
            ecep:pos="vbm"
            ecep:reg="am"
            ecep:spe="am"
            ecep:syllab="1"
            ecep:pron="æm">am</w>
         <c> </c>
         <w xml:id="peh89-255100"
            n="peh89/0130-a-0430"
            ecep:lem="i"
            ecep:pos="pns11"
            ecep:reg="I"
            ecep:spe="I"
            ecep:syllab="1"
            ecep:pron="aɪ">I</w>
         <c> </c>
         <w xml:id="peh89-255110"
            n="peh89/0130-a-0440"
            ecep:lem="pensive"
            ecep:pos="j"
            ecep:reg="pensive"
            ecep:spe="pensive"
            ecep:syllab="2"
            ecep:pron="ˈpensɪv">pensive</w>
         <pc xml:id="peh89-255120"
             n="peh89/0130-a-0450"
             ecep:lem="?"
             ecep:pos="?"
             ecep:reg="?"
             ecep:spe="?">?</pc>
         <c> </c>
         <w xml:id="peh89-255130"
            n="peh89/0130-a-0460"
            ecep:lem="all"
            ecep:pos="d"
            ecep:reg="all"
            ecep:spe="all"
            ecep:syllab="1"
            ecep:pron="ɔːl">all</w>
         <c> </c>
         <w xml:id="peh89-255140"
            n="peh89/0130-a-0470"
            ecep:lem="thing"
            ecep:pos="n2"
            ecep:reg="things"
            ecep:spe="things"
            ecep:syllab="1"
            ecep:pron="θɪŋz">things</w>
         <c> </c>
         <w xml:id="peh89-255150"
            n="peh89/0130-a-0480"
            ecep:lem="else"
            ecep:pos="av"
            ecep:reg="else"
            ecep:spe="else"
            ecep:syllab="1"
            ecep:pron="els">else</w>
         <c> </c>
         <w xml:id="peh89-255160"
            n="peh89/0130-a-0490"
            ecep:lem="be"
            ecep:pos="vbr"
            ecep:reg="are"
            ecep:spe="are"
            ecep:syllab="1"
            ecep:pron="ɑː">are</w>
         <c> </c>
         <w xml:id="peh89-255170"
            n="peh89/0130-a-0500"
            ecep:lem="gay"
            ecep:pos="j"
            ecep:reg="gay"
            ecep:spe="gay"
            ecep:syllab="1"
            ecep:pron="geɪ">gay</w>
         <pc xml:id="peh89-255180"
             n="peh89/0130-a-0510"
             ecep:lem=","
             ecep:pos=","
             ecep:reg=","
             ecep:spe=",">,</pc>
      </l>
      <l n="6" xml:id="peh89-l08915">
         <c> </c>
         <w xml:id="peh89-255190"
            n="peh89/0130-a-0520"
            ecep:lem="fawn"
            ecep:pos="vvz"
            ecep:reg="Fawns"
            ecep:spe="Fawns"
            ecep:syllab="1"
            ecep:pron="fɔːnz">Fawns</w>
         <c> </c>
         <w xml:id="peh89-255200"
            n="peh89/0130-a-0530"
            ecep:lem="dance"
            ecep:pos="n1"
            ecep:reg="dance"
            ecep:spe="dance"
            ecep:syllab="1"
            ecep:pron="dɑːns">dance</w>
         <c> </c>
         <w xml:id="peh89-255210"
            n="peh89/0130-a-0540"
            ecep:lem="around"
            ecep:pos="a-acp"
            ecep:reg="around"
            ecep:spe="around"
            ecep:syllab="2"
            ecep:pron="əˈraʊnd">around</w>
         <pc xml:id="peh89-255220"
             n="peh89/0130-a-0550"
             ecep:lem=","
             ecep:pos=","
             ecep:reg=","
             ecep:spe=",">,</pc>
         <c> </c>
         <w xml:id="peh89-255230"
            n="peh89/0130-a-0560"
            ecep:lem="and"
            ecep:pos="cc"
            ecep:reg="and"
            ecep:spe="and"
            ecep:syllab="1"
            ecep:pron="ænd">and</w>
         <c> </c>
         <w xml:id="peh89-255240"
            n="peh89/0130-a-0570"
            ecep:lem="harmless"
            ecep:pos="j"
            ecep:reg="harmless"
            ecep:spe="harmless"
            ecep:syllab="2"
            ecep:pron="ˈhɑːmləs">harmless</w>
         <c> </c>
         <w xml:id="peh89-255250"
            n="peh89/0130-a-0580"
            ecep:lem="lambkin"
            ecep:pos="n2"
            ecep:reg="lambkins"
            ecep:spe="lambkins"
            ecep:syllab="2"
            ecep:pron="ˈlæmkɪnz">lambkins</w>
         <c> </c>
         <w xml:id="peh89-255260"
            n="peh89/0130-a-0590"
            ecep:lem="play"
            ecep:pos="vvi"
            ecep:reg="play"
            ecep:spe="play"
            ecep:syllab="1"
            ecep:pron="pleɪ">play</w>
         <pc xml:id="peh89-255270"
             n="peh89/0130-a-0600"
             ecep:lem=";"
             ecep:pos=";"
             ecep:reg=";"
             ecep:spe=";">;</pc>
      </l>
      <l n="7" xml:id="peh89-l08920">
         <c> </c>
         <w xml:id="peh89-255280"
            n="peh89/0130-a-0610"
            ecep:lem="surround"
            ecep:pos="vvg"
            ecep:reg="Surrounding"
            ecep:spe="Surrounding"
            ecep:syllab="3"
            ecep:pron="səˈraʊndɪŋ">Surrounding</w>
         <c> </c>
         <w xml:id="peh89-255290"
            n="peh89/0130-a-0620"
            ecep:lem="grove"
            ecep:pos="n2"
            ecep:reg="groves"
            ecep:spe="groves"
            ecep:syllab="1"
            ecep:pron="grəʊvz">groves</w>
         <c> </c>
         <w xml:id="peh89-255300"
            n="peh89/0130-a-0630"
            ecep:lem="invite"
            ecep:pos="vvb"
            ecep:reg="invite"
            ecep:spe="invite"
            ecep:syllab="2"
            ecep:pron="ˈɪnvaɪt">invite</w>
         <c> </c>
         <w xml:id="peh89-255310"
            n="peh89/0130-a-0640"
            ecep:lem="my"
            ecep:pos="po11"
            ecep:reg="my"
            ecep:spe="my"
            ecep:syllab="1"
            ecep:pron="maɪ">my</w>
         <c> </c>
         <w xml:id="peh89-255320"
            n="peh89/0130-a-0650"
            ecep:lem="step"
            ecep:pos="n2"
            ecep:reg="steps"
            ecep:spe="steps"
            ecep:syllab="1"
            ecep:pron="steps">steps</w>
         <c> </c>
         <w xml:id="peh89-255330"
            n="peh89/0130-a-0660"
            ecep:lem="to"
            ecep:pos="pc-acp"
            ecep:reg="to"
            ecep:spe="to"
            ecep:syllab="1"
            ecep:pron="tuː">to</w>
         <c> </c>
         <w xml:id="peh89-255340"
            n="peh89/0130-a-0670"
            ecep:lem="rove"
            ecep:pos="vvi"
            ecep:reg="rove"
            ecep:spe="rove"
            ecep:syllab="1"
            ecep:pron="rəʊv">rove</w>
         <pc xml:id="peh89-255350"
             n="peh89/0130-a-0680"
             ecep:lem=","
             ecep:pos=","
             ecep:reg=","
             ecep:spe=",">,</pc>
      </l>
      <l n="8" xml:id="peh89-l08925">
         <c> </c>
         <w xml:id="peh89-255360"
            n="peh89/0130-a-0690"
            ecep:lem="resemble"
            ecep:pos="vvg"
            ecep:reg="Resembling"
            ecep:spe="Resembling"
            ecep:syllab="4"
            ecep:pron="rɪˈzemblɪŋ">Resembling</w>
         <c> </c>
         <w xml:id="peh89-255370"
            n="peh89/0130-a-0700"
            ecep:lem="that"
            ecep:pos="cst"
            ecep:reg="that"
            ecep:spe="that"
            ecep:syllab="1"
            ecep:pron="ðæt">that</w>
         <c> </c>
         <w xml:id="peh89-255380"
            n="peh89/0130-a-0710"
            ecep:lem="in"
            ecep:pos="p-acp"
            ecep:reg="in"
            ecep:spe="in"
            ecep:syllab="1"
            ecep:pron="ɪn">in</w>
         <c> </c>
         <w xml:id="peh89-255390"
            n="peh89/0130-a-0720"
            ecep:lem="which"
            ecep:pos="r-crq"
            ecep:reg="which"
            ecep:spe="which"
            ecep:syllab="1"
            ecep:pron="wɪtʃ">which</w>
         <c> </c>
         <w xml:id="peh89-255400"
            n="peh89/0130-a-0730"
            ecep:lem="i"
            ecep:pos="pns11"
            ecep:reg="I"
            ecep:spe="I"
            ecep:syllab="1"
            ecep:pron="aɪ">I</w>
         <c> </c>
         <w xml:id="peh89-255410"
            n="peh89/0130-a-0740"
            ecep:lem="learn"
            ecep:pos="vvd"
            ecep:reg="learnt"
            ecep:spe="learn'd"
            ecep:syllab="1"
            ecep:pron="ˈlɜːnɪd">learn'd</w>
         <c> </c>
         <w xml:id="peh89-255420"
            n="peh89/0130-a-0750"
            ecep:lem="to"
            ecep:pos="pc-acp"
            ecep:reg="to"
            ecep:spe="to"
            ecep:syllab="1"
            ecep:pron="tuː">to</w>
         <c> </c>
         <w xml:id="peh89-255430"
            n="peh89/0130-a-0760"
            ecep:lem="love"
            ecep:pos="vvi"
            ecep:reg="love"
            ecep:spe="love"
            ecep:syllab="1"
            ecep:pron="lʌv">love</w>
         <pc xml:id="peh89-255440"
             n="peh89/0130-a-0770"
             ecep:lem=";"
             ecep:pos=";"
             ecep:reg=";"
             ecep:spe=";">;</pc>
      </l>
      <l n="9" xml:id="peh89-l08930">
         <c> </c>
         <w xml:id="peh89-255450"
            n="peh89/0130-a-0780"
            ecep:lem="they"
            ecep:pos="pns32"
            ecep:reg="They"
            ecep:spe="They"
            ecep:syllab="1"
            ecep:pron="ðeɪ">They</w>
         <c> </c>
         <w xml:id="peh89-255460"
            n="peh89/0130-a-0790"
            ecep:lem="each"
            ecep:pos="d"
            ecep:reg="each"
            ecep:spe="each"
            ecep:syllab="1"
            ecep:pron="iːtʃ">each</w>
         <c> </c>
         <w xml:id="peh89-255470"
            n="peh89/0130-a-0800"
            ecep:lem="return"
            ecep:pos="vvg"
            ecep:reg="returning"
            ecep:spe="returning"
            ecep:syllab="3"
            ecep:pron="rɪˈtɜːnɪŋ">returning</w>
         <c> </c>
         <w xml:id="peh89-255480"
            n="peh89/0130-a-0810"
            ecep:lem="morn"
            ecep:pos="n1"
            ecep:reg="morn"
            ecep:spe="morn"
            ecep:syllab="1"
            ecep:pron="mɔːn">morn</w>
         <pc xml:id="peh89-255490"
             n="peh89/0130-a-0820"
             ecep:lem=","
             ecep:pos=","
             ecep:reg=","
             ecep:spe=",">,</pc>
         <c> </c>
         <w xml:id="peh89-255500"
            n="peh89/0130-a-0830"
            ecep:lem="grow"
            ecep:pos="vvb"
            ecep:reg="grow"
            ecep:spe="grow"
            ecep:syllab="1"
            ecep:pron="grəʊ">grow</w>
         <c> </c>
         <w xml:id="peh89-255510"
            n="peh89/0130-a-0840"
            ecep:lem="fresh"
            ecep:pos="jc"
            ecep:reg="fresher"
            ecep:spe="fresher"
            ecep:syllab="2"
            ecep:pron="ˈfreʃə">fresher</w>
         <c> </c>
         <w xml:id="peh89-255520"
            n="peh89/0130-a-0850"
            ecep:lem="still"
            ecep:pos="av"
            ecep:reg="still"
            ecep:spe="still"
            ecep:syllab="1"
            ecep:pron="stɪl">still</w>
         <pc xml:id="peh89-255530"
             n="peh89/0130-a-0860"
             ecep:lem=","
             ecep:pos=","
             ecep:reg=","
             ecep:spe=",">,</pc>
      </l>
      <l n="10" xml:id="peh89-l08935">
         <c> </c>
         <w xml:id="peh89-255540"
            n="peh89/0130-a-0870"
            ecep:lem="and"
            ecep:pos="cc"
            ecep:reg="And"
            ecep:spe="And"
            ecep:syllab="1"
            ecep:pron="ænd">And</w>
         <c> </c>
         <w xml:id="peh89-255550"
            n="peh89/0130-a-0880"
            ecep:lem="happy"
            ecep:pos="j"
            ecep:reg="happy"
            ecep:spe="happy"
            ecep:syllab="2"
            ecep:pron="ˈhæpi">happy</w>
         <c> </c>
         <w xml:id="peh89-255560"
            n="peh89/0130-a-0890"
            ecep:lem="bird"
            ecep:pos="n2"
            ecep:reg="birds"
            ecep:spe="birds"
            ecep:syllab="1"
            ecep:pron="bɜːdz">birds</w>
         <c> </c>
         <w xml:id="peh89-255570"
            n="peh89/0130-a-0900"
            ecep:lem="their"
            ecep:pos="po32"
            ecep:reg="their"
            ecep:spe="their"
            ecep:syllab="1"
            ecep:pron="ðeə">their</w>
         <c> </c>
         <w xml:id="peh89-255580"
            n="peh89/0130-a-0910"
            ecep:lem="leafy"
            ecep:pos="j"
            ecep:reg="leasy"
            ecep:spe="leasy"
            ecep:syllab="2"
            ecep:pron="lˈiːzi">leasy</w>
         <c> </c>
         <w xml:id="peh89-255590"
            n="peh89/0130-a-0920"
            ecep:lem="branch"
            ecep:pos="n2"
            ecep:reg="branches"
            ecep:spe="branches"
            ecep:syllab="2"
            ecep:pron="brɑːnʃɪz">branches</w>
         <c> </c>
         <w xml:id="peh89-255600"
            n="peh89/0130-a-0930"
            ecep:lem="fill"
            ecep:pos="vvb"
            ecep:reg="fill"
            ecep:spe="fill"
            ecep:syllab="1"
            ecep:pron="fɪl">fill</w>
         <pc xml:id="peh89-255610"
             n="peh89/0130-a-0940"
             ecep:lem=";"
             ecep:pos=";"
             ecep:reg=";"
             ecep:spe=";">;</pc>
      </l>
      <l n="11" xml:id="peh89-l08940">
         <c> </c>
         <w xml:id="peh89-255620"
            n="peh89/0130-a-0950"
            ecep:lem="o"
            ecep:pos="uh"
            ecep:reg="OH"
            ecep:spe="O"
            ecep:syllab="1"
            ecep:pron="əʊ">O</w>
         <c> </c>
         <w xml:id="peh89-255630"
            n="peh89/0130-a-0960"
            ecep:lem="lovely"
            ecep:pos="j"
            ecep:reg="lovely"
            ecep:spe="lovely"
            ecep:syllab="2"
            ecep:pron="ˈlʌvli">lovely</w>
         <c> </c>
         <w xml:id="peh89-255640"
            n="peh89/0130-a-0970"
            ecep:lem="scene"
            ecep:pos="n2"
            ecep:reg="scenes"
            ecep:spe="scenes"
            ecep:syllab="1"
            ecep:pron="siːnz">scenes</w>
         <pc xml:id="peh89-255650"
             n="peh89/0130-a-0980"
             ecep:lem="!"
             ecep:pos="!"
             ecep:reg="!"
             ecep:spe="!">!</pc>
         <c> </c>
         <w xml:id="peh89-255660"
            n="peh89/0130-a-0990"
            ecep:lem="but"
            ecep:pos="cc-acp"
            ecep:reg="but"
            ecep:spe="but"
            ecep:syllab="1"
            ecep:pron="bʌt">but</w>
         <c> </c>
         <w xml:id="peh89-255670"
            n="peh89/0130-a-1000"
            ecep:lem="what"
            ecep:pos="q-crq"
            ecep:reg="what"
            ecep:spe="what"
            ecep:syllab="1"
            ecep:pron="wɒt">what</w>
         <c> </c>
         <w xml:id="peh89-255680"
            n="peh89/0130-a-1010"
            ecep:lem="be"
            ecep:pos="vbr"
            ecep:reg="are"
            ecep:spe="are"
            ecep:syllab="1"
            ecep:pron="ɑː">are</w>
         <c> </c>
         <w xml:id="peh89-255690"
            n="peh89/0130-a-1020"
            ecep:lem="these"
            ecep:pos="d"
            ecep:reg="these"
            ecep:spe="these"
            ecep:syllab="1"
            ecep:pron="ðiːz">these</w>
         <c> </c>
         <w xml:id="peh89-255700"
            n="peh89/0130-a-1030"
            ecep:lem="to"
            ecep:pos="p-acp"
            ecep:reg="to"
            ecep:spe="to"
            ecep:syllab="1"
            ecep:pron="tuː">to</w>
         <c> </c>
         <w xml:id="peh89-255710"
            n="peh89/0130-a-1040"
            ecep:lem="i"
            ecep:pos="pno11"
            ecep:reg="me"
            ecep:spe="me"
            ecep:syllab="1"
            ecep:pron="miː">me</w>
         <pc xml:id="peh89-255720"
             n="peh89/0130-a-1050"
             unit="sentence"
             ecep:lem="?"
             ecep:pos="?"
             ecep:reg="?"
             ecep:spe="?">?</pc>
         <c> </c>
      </l>
      <l n="12" xml:id="peh89-l08945">
         <w xml:id="peh89-255730"
            n="peh89/0130-a-1060"
            ecep:lem="joy"
            ecep:pos="n1"
            ecep:reg="Joy"
            ecep:spe="Joy"
            ecep:syllab="1"
            ecep:pron="dʒɔɪ">Joy</w>
         <c> </c>
         <w xml:id="peh89-255740"
            n="peh89/0130-a-1070"
            ecep:lem="be"
            ecep:pos="vbz"
            ecep:reg="is"
            ecep:spe="is"
            ecep:syllab="1"
            ecep:pron="ɪz">is</w>
         <c> </c>
         <w xml:id="peh89-255750"
            n="peh89/0130-a-1080"
            ecep:lem="no"
            ecep:pos="dx"
            ecep:reg="no"
            ecep:spe="no"
            ecep:syllab="1"
            ecep:pron="nəʊ">no</w>
         <c> </c>
         <w xml:id="peh89-255760"
            n="peh89/0130-a-1090"
            ecep:lem="joy"
            ecep:pos="n1"
            ecep:reg="joy"
            ecep:spe="joy"
            ecep:syllab="1"
            ecep:pron="dʒɔɪ">joy</w>
         <c> </c>
         <w xml:id="peh89-255770"
            n="peh89/0130-a-1100"
            ecep:lem="without"
            ecep:pos="p-acp"
            ecep:reg="without"
            ecep:spe="without"
            ecep:syllab="2"
            ecep:pron="wɪˈðaʊt">without</w>
         <c> </c>
         <w xml:id="peh89-255780"
            n="peh89/0130-a-1110"
            ecep:lem="society"
            ecep:pos="n1"
            ecep:reg="society"
            ecep:spe="society"
            ecep:syllab="4"
            ecep:pron="səˈsaɪəti">society</w>
         <pc xml:id="peh89-255790"
             n="peh89/0130-a-1120"
             unit="sentence"
             ecep:lem="."
             ecep:pos="."
             ecep:reg="."
             ecep:spe=".">.</pc>
         <c> </c>
      </l>
      <l n="13" xml:id="peh89-l08950">
         <w xml:id="peh89-255800"
            n="peh89/0130-a-1130"
            ecep:lem="if"
            ecep:pos="cs"
            ecep:reg="If"
            ecep:spe="If"
            ecep:syllab="1"
            ecep:pron="ɪf">If</w>
         <c> </c>
         <w xml:id="peh89-255810"
            n="peh89/0130-a-1140"
            ecep:lem="i"
            ecep:pos="pns11"
            ecep:reg="I"
            ecep:spe="I"
            ecep:syllab="1"
            ecep:pron="aɪ">I</w>
         <c> </c>
         <w xml:id="peh89-255820"
            n="peh89/0130-a-1150"
            ecep:lem="a"
            ecep:pos="dt"
            ecep:reg="a"
            ecep:spe="a"
            ecep:syllab="1"
            ecep:pron="ə">a</w>
         <c> </c>
         <w xml:id="peh89-255830"
            n="peh89/0130-a-1160"
            ecep:lem="friend"
            ecep:pos="n1"
            ecep:reg="friend"
            ecep:spe="friend"
            ecep:syllab="1"
            ecep:pron="frend">friend</w>
         <c> </c>
         <w xml:id="peh89-255840"
            n="peh89/0130-a-1170"
            ecep:lem="like"
            ecep:pos="av-j"
            ecep:reg="like"
            ecep:spe="like"
            ecep:syllab="1"
            ecep:pron="laɪk">like</w>
         <c> </c>
         <w xml:id="peh89-255850"
            n="peh89/0130-a-1180"
            ecep:lem="Lycidas"
            ecep:pos="np1"
            ecep:reg="Lycidas"
            ecep:spe="Lycidas"
            ecep:syllab="3"
            ecep:pron="lˈaɪsɪdəz">Lycidas</w>
         <c> </c>
         <w xml:id="peh89-255860"
            n="peh89/0130-a-1190"
            ecep:lem="can"
            ecep:pos="vmd"
            ecep:reg="could"
            ecep:spe="could"
            ecep:syllab="1"
            ecep:pron="kʊd">could</w>
         <c> </c>
         <w xml:id="peh89-255870"
            n="peh89/0130-a-1200"
            ecep:lem="find"
            ecep:pos="vvi"
            ecep:reg="find"
            ecep:spe="find"
            ecep:syllab="1"
            ecep:pron="faɪnd">find</w>
         <pc xml:id="peh89-255880"
             n="peh89/0130-a-1210"
             ecep:lem=","
             ecep:pos=","
             ecep:reg=","
             ecep:spe=",">,</pc>
      </l>
      <l n="14" xml:id="peh89-l08955">
         <c> </c>
         <w xml:id="peh89-255890"
            n="peh89/0130-a-1220"
            ecep:lem="to"
            ecep:pos="pc-acp"
            ecep:reg="To"
            ecep:spe="To"
            ecep:syllab="1"
            ecep:pron="tuː">To</w>
         <c> </c>
         <w xml:id="peh89-255900"
            n="peh89/0130-a-1230"
            ecep:lem="share"
            ecep:pos="vvi"
            ecep:reg="share"
            ecep:spe="share"
            ecep:syllab="1"
            ecep:pron="ʃeə">share</w>
         <c> </c>
         <w xml:id="peh89-255910"
            n="peh89/0130-a-1240"
            ecep:lem="my"
            ecep:pos="po11"
            ecep:reg="my"
            ecep:spe="my"
            ecep:syllab="1"
            ecep:pron="maɪ">my</w>
         <c> </c>
         <w xml:id="peh89-255920"
            n="peh89/0130-a-1250"
            ecep:lem="joy"
            ecep:pos="n2"
            ecep:reg="joys"
            ecep:spe="joys"
            ecep:syllab="1"
            ecep:pron="dʒɔɪz">joys</w>
         <pc xml:id="peh89-255930"
             n="peh89/0130-a-1260"
             ecep:lem=","
             ecep:pos=","
             ecep:reg=","
             ecep:spe=",">,</pc>
         <c> </c>
         <w xml:id="peh89-255940"
            n="peh89/0130-a-1270"
            ecep:lem="or"
            ecep:pos="cc"
            ecep:reg="or"
            ecep:spe="or"
            ecep:syllab="1"
            ecep:pron="ɔː">or</w>
         <c> </c>
         <w xml:id="peh89-255950"
            n="peh89/0130-a-1280"
            ecep:lem="sooth"
            ecep:pos="n1"
            ecep:reg="sooth"
            ecep:spe="sooth"
            ecep:syllab="1"
            ecep:pron="suːθ">sooth</w>
         <c> </c>
         <w xml:id="peh89-255960"
            n="peh89/0130-a-1290"
            ecep:lem="my"
            ecep:pos="po11"
            ecep:reg="my"
            ecep:spe="my"
            ecep:syllab="1"
            ecep:pron="maɪ">my</w>
         <c> </c>
         <w xml:id="peh89-255970"
            n="peh89/0130-a-1300"
            ecep:lem="anxious"
            ecep:pos="j"
            ecep:reg="anxious"
            ecep:spe="anxious"
            ecep:syllab="2"
            ecep:pron="ˈæŋʃəs">anxious</w>
         <c> </c>
         <w xml:id="peh89-255980"
            n="peh89/0130-a-1310"
            ecep:lem="mind"
            ecep:pos="n1"
            ecep:reg="mind"
            ecep:spe="mind"
            ecep:syllab="1"
            ecep:pron="maɪnd">mind</w>
         <pc xml:id="peh89-255990"
             n="peh89/0130-a-1320"
             ecep:lem=";"
             ecep:pos=";"
             ecep:reg=";"
             ecep:spe=";">;</pc>
      </l>
      <l n="15" xml:id="peh89-l08960">
         <c> </c>
         <w xml:id="peh89-256000"
            n="peh89/0130-a-1330"
            ecep:lem="then"
            ecep:pos="av"
            ecep:reg="Then"
            ecep:spe="Then"
            ecep:syllab="1"
            ecep:pron="ðen">Then</w>
         <c> </c>
         <w xml:id="peh89-256010"
            n="peh89/0130-a-1340"
            ecep:lem="morn"
            ecep:pos="n1"
            ecep:reg="morn"
            ecep:spe="morn"
            ecep:syllab="1"
            ecep:pron="mɔːn">morn</w>
         <c> </c>
         <w xml:id="peh89-256020"
            n="peh89/0130-a-1350"
            ecep:lem="and"
            ecep:pos="cc"
            ecep:reg="and"
            ecep:spe="and"
            ecep:syllab="1"
            ecep:pron="ænd">and</w>
         <c> </c>
         <w xml:id="peh89-256030"
            n="peh89/0130-a-1360"
            ecep:lem="night"
            ecep:pos="n1"
            ecep:reg="night"
            ecep:spe="night"
            ecep:syllab="1"
            ecep:pron="naɪt">night</w>
         <pc xml:id="peh89-256040"
             n="peh89/0130-a-1370"
             ecep:lem=","
             ecep:pos=","
             ecep:reg=","
             ecep:spe=",">,</pc>
         <c> </c>
         <w xml:id="peh89-256050"
            n="peh89/0130-a-1380"
            ecep:lem="i|will"
            ecep:pos="pns11|vmd"
            ecep:reg="I'd"
            ecep:spe="I'd"
            ecep:syllab="1"
            ecep:pron="ˈaɪd">I'd</w>
         <c> </c>
         <w xml:id="peh89-256060"
            n="peh89/0130-a-1390"
            ecep:lem="tune"
            ecep:pos="vvi"
            ecep:reg="tune"
            ecep:spe="tune"
            ecep:syllab="1"
            ecep:pron="tʃuːn">tune</w>
         <c> </c>
         <w xml:id="peh89-256070"
            n="peh89/0130-a-1400"
            ecep:lem="my"
            ecep:pos="po11"
            ecep:reg="my"
            ecep:spe="my"
            ecep:syllab="1"
            ecep:pron="maɪ">my</w>
         <c> </c>
         <w xml:id="peh89-256080"
            n="peh89/0130-a-1410"
            ecep:lem="cheerful"
            ecep:pos="j"
            ecep:reg="cheerful"
            ecep:spe="cheerful"
            ecep:syllab="2"
            ecep:pron="ˈtʃɪəfl">cheerful</w>
         <c> </c>
         <w xml:id="peh89-256090"
            n="peh89/0130-a-1420"
            ecep:lem="lay"
            ecep:pos="n-jn"
            ecep:reg="lay"
            ecep:spe="lay"
            ecep:syllab="1"
            ecep:pron="leɪ">lay</w>
         <pc xml:id="peh89-256100"
             n="peh89/0130-a-1430"
             ecep:lem=","
             ecep:pos=","
             ecep:reg=","
             ecep:spe=",">,</pc>
      </l>
      <l n="16" xml:id="peh89-l08965">
         <c> </c>
         <w xml:id="peh89-256110"
            n="peh89/0130-a-1440"
            ecep:lem="sing"
            ecep:pos="vvb"
            ecep:reg="Sing"
            ecep:spe="Sing"
            ecep:syllab="1"
            ecep:pron="sɪŋ">Sing</w>
         <c> </c>
         <w xml:id="peh89-256120"
            n="peh89/0130-a-1450"
            ecep:lem="with"
            ecep:pos="p-acp"
            ecep:reg="with"
            ecep:spe="with"
            ecep:syllab="1"
            ecep:pron="wɪð">with</w>
         <c> </c>
         <w xml:id="peh89-256130"
            n="peh89/0130-a-1460"
            ecep:lem="the"
            ecep:pos="dt"
            ecep:reg="the"
            ecep:spe="the"
            ecep:syllab="1"
            ecep:pron="ðiː">the</w>
         <c> </c>
         <w xml:id="peh89-256140"
            n="peh89/0130-a-1470"
            ecep:lem="bird"
            ecep:pos="n2"
            ecep:reg="birds"
            ecep:spe="birds"
            ecep:syllab="1"
            ecep:pron="bɜːdz">birds</w>
         <pc xml:id="peh89-256150"
             n="peh89/0130-a-1480"
             ecep:lem=","
             ecep:pos=","
             ecep:reg=","
             ecep:spe=",">,</pc>
         <c> </c>
         <w xml:id="peh89-256160"
            n="peh89/0130-a-1490"
            ecep:lem="and"
            ecep:pos="cc"
            ecep:reg="and"
            ecep:spe="and"
            ecep:syllab="1"
            ecep:pron="ænd">and</w>
         <c> </c>
         <w xml:id="peh89-256170"
            n="peh89/0130-a-1500"
            ecep:lem="be"
            ecep:pos="vbi"
            ecep:reg="be"
            ecep:spe="be"
            ecep:syllab="1"
            ecep:pron="biː">be</w>
         <c> </c>
         <w xml:id="peh89-256180"
            n="peh89/0130-a-1510"
            ecep:lem="more"
            ecep:pos="av-dc"
            ecep:reg="more"
            ecep:spe="more"
            ecep:syllab="1"
            ecep:pron="mɔː">more</w>
         <c> </c>
         <w xml:id="peh89-256190"
            n="peh89/0130-a-1520"
            ecep:lem="glad"
            ecep:pos="j"
            ecep:reg="glad"
            ecep:spe="glad"
            ecep:syllab="1"
            ecep:pron="glæd">glad</w>
         <c> </c>
         <w xml:id="peh89-256200"
            n="peh89/0130-a-1530"
            ecep:lem="than"
            ecep:pos="cs"
            ecep:reg="than"
            ecep:spe="than"
            ecep:syllab="1"
            ecep:pron="ðæn">than</w>
         <c> </c>
         <w xml:id="peh89-256210"
            n="peh89/0130-a-1540"
            ecep:lem="they"
            ecep:pos="pns32"
            ecep:reg="they"
            ecep:spe="they"
            ecep:syllab="1"
            ecep:pron="ðeɪ">they</w>
         <pc xml:id="peh89-256220"
             n="peh89/0130-a-1550"
             ecep:lem=";"
             ecep:pos=";"
             ecep:reg=";"
             ecep:spe=";">;</pc>
      </l>
      <l n="17" xml:id="peh89-l08970">
         <c> </c>
         <w xml:id="peh89-256230"
            n="peh89/0130-a-1560"
            ecep:lem="but"
            ecep:pos="cc-acp"
            ecep:reg="But"
            ecep:spe="But"
            ecep:syllab="1"
            ecep:pron="bʌt">But</w>
         <c> </c>
         <w xml:id="peh89-256240"
            n="peh89/0130-a-1570"
            ecep:lem="while"
            ecep:pos="cs"
            ecep:reg="while"
            ecep:spe="while"
            ecep:syllab="1"
            ecep:pron="ˈwaɪl">while</w>
         <c> </c>
         <w xml:id="peh89-256250"
            n="peh89/0130-a-1580"
            ecep:lem="your"
            ecep:pos="po22"
            ecep:reg="your"
            ecep:spe="your"
            ecep:syllab="1"
            ecep:pron="jɔː">your</w>
         <c> </c>
         <w xml:id="peh89-256260"
            n="peh89/0130-a-1590"
            ecep:lem="absence"
            ecep:pos="n1"
            ecep:reg="absence"
            ecep:spe="absence"
            ecep:syllab="2"
            ecep:pron="ˈæbsns">absence</w>
         <c> </c>
         <w xml:id="peh89-256270"
            n="peh89/0130-a-1600"
            ecep:lem="i"
            ecep:pos="pns11"
            ecep:reg="I"
            ecep:spe="I"
            ecep:syllab="1"
            ecep:pron="aɪ">I</w>
         <c> </c>
         <w xml:id="peh89-256280"
            n="peh89/0130-a-1610"
            ecep:lem="be"
            ecep:pos="vbm"
            ecep:reg="am"
            ecep:spe="am"
            ecep:syllab="1"
            ecep:pron="æm">am</w>
         <c> </c>
         <w xml:id="peh89-256290"
            n="peh89/0130-a-1620"
            ecep:lem="doom"
            ecep:pos="vvn"
            ecep:reg="doomed"
            ecep:spe="doom'd"
            ecep:syllab="1"
            ecep:pron="duːmd">doom'd</w>
         <c> </c>
         <w xml:id="peh89-256300"
            n="peh89/0130-a-1630"
            ecep:lem="to"
            ecep:pos="pc-acp"
            ecep:reg="to"
            ecep:spe="to"
            ecep:syllab="1"
            ecep:pron="tuː">to</w>
         <c> </c>
         <w xml:id="peh89-256310"
            n="peh89/0130-a-1640"
            ecep:lem="bear"
            ecep:pos="vvi"
            ecep:reg="bear"
            ecep:spe="bear"
            ecep:syllab="1"
            ecep:pron="beə">bear</w>
         <pc xml:id="peh89-256320"
             n="peh89/0130-a-1650"
             ecep:lem=","
             ecep:pos=","
             ecep:reg=","
             ecep:spe=",">,</pc>
      </l>
      <l n="18" xml:id="peh89-l08975">
         <c> </c>
         <w xml:id="peh89-256330"
            n="peh89/0130-a-1660"
            ecep:lem="your"
            ecep:pos="po22"
            ecep:reg="Your"
            ecep:spe="Your"
            ecep:syllab="1"
            ecep:pron="jɔː">Your</w>
         <c> </c>
         <w xml:id="peh89-256340"
            n="peh89/0130-a-1670"
            ecep:lem="fancy"
            ecep:pos="j-vvn"
            ecep:reg="fancied"
            ecep:spe="fancied"
            ecep:syllab="2"
            ecep:pron="ˈfænsid">fancied</w>
         <c> </c>
         <w xml:id="peh89-256350"
            n="peh89/0130-a-1680"
            ecep:lem="presence"
            ecep:pos="n1"
            ecep:reg="presence"
            ecep:spe="presence"
            ecep:syllab="2"
            ecep:pron="ˈprezns">presence</w>
         <c> </c>
         <w xml:id="peh89-256360"
            n="peh89/0130-a-1690"
            ecep:lem="in"
            ecep:pos="p-acp"
            ecep:reg="in"
            ecep:spe="in"
            ecep:syllab="1"
            ecep:pron="ɪn">in</w>
         <c> </c>
         <w xml:id="peh89-256370"
            n="peh89/0130-a-1700"
            ecep:lem="my"
            ecep:pos="po11"
            ecep:reg="my"
            ecep:spe="my"
            ecep:syllab="1"
            ecep:pron="maɪ">my</w>
         <c> </c>
         <w xml:id="peh89-256380"
            n="peh89/0130-a-1710"
            ecep:lem="thought"
            ecep:pos="n2"
            ecep:reg="thoughts"
            ecep:spe="thoughts"
            ecep:syllab="1"
            ecep:pron="θɔːts">thoughts</w>
         <c> </c>
         <w xml:id="peh89-256390"
            n="peh89/0130-a-1720"
            ecep:lem="shall"
            ecep:pos="vmb"
            ecep:reg="shall"
            ecep:spe="shall"
            ecep:syllab="1"
            ecep:pron="ʃæl">shall</w>
         <c> </c>
         <w xml:id="peh89-256400"
            n="peh89/0130-a-1730"
            ecep:lem="share"
            ecep:pos="vvi"
            ecep:reg="share"
            ecep:spe="share"
            ecep:syllab="1"
            ecep:pron="ʃeə">share</w>
         <pc xml:id="peh89-256410"
             n="peh89/0130-a-1740"
             ecep:lem=";"
             ecep:pos=";"
             ecep:reg=";"
             ecep:spe=";">;</pc>
      </l>
      <l n="19" xml:id="peh89-l08980">
         <c> </c>
         <w xml:id="peh89-256420"
            n="peh89/0130-a-1750"
            ecep:lem="i|will"
            ecep:pos="pns11|vmb"
            ecep:reg="I'll"
            ecep:spe="I'll"
            ecep:syllab="1"
            ecep:pron="ˈaɪl">I'll</w>
         <c> </c>
         <w xml:id="peh89-256430"
            n="peh89/0130-a-1760"
            ecep:lem="bless"
            ecep:pos="vvb"
            ecep:reg="bless"
            ecep:spe="bless"
            ecep:syllab="1"
            ecep:pron="bles">bless</w>
         <c> </c>
         <w xml:id="peh89-256440"
            n="peh89/0130-a-1770"
            ecep:lem="the"
            ecep:pos="dt"
            ecep:reg="the"
            ecep:spe="the"
            ecep:syllab="1"
            ecep:pron="ðiː">the</w>
         <c> </c>
         <w xml:id="peh89-256450"
            n="peh89/0130-a-1780"
            ecep:lem="hour"
            ecep:pos="n1"
            ecep:reg="hour"
            ecep:spe="hour"
            ecep:syllab="1"
            ecep:pron="æə">hour</w>
         <c> </c>
         <w xml:id="peh89-256460"
            n="peh89/0130-a-1790"
            ecep:lem="in"
            ecep:pos="p-acp"
            ecep:reg="in"
            ecep:spe="in"
            ecep:syllab="1"
            ecep:pron="ɪn">in</w>
         <c> </c>
         <w xml:id="peh89-256470"
            n="peh89/0130-a-1800"
            ecep:lem="which"
            ecep:pos="r-crq"
            ecep:reg="which"
            ecep:spe="which"
            ecep:syllab="1"
            ecep:pron="wɪtʃ">which</w>
         <c> </c>
         <w xml:id="peh89-256480"
            n="peh89/0130-a-1810"
            ecep:lem="our"
            ecep:pos="po12"
            ecep:reg="our"
            ecep:spe="our"
            ecep:syllab="1"
            ecep:pron="æə">our</w>
         <c> </c>
         <w xml:id="peh89-256490"
            n="peh89/0130-a-1820"
            ecep:lem="love"
            ecep:pos="n1"
            ecep:reg="love"
            ecep:spe="love"
            ecep:syllab="1"
            ecep:pron="lʌv">love</w>
         <c> </c>
         <w xml:id="peh89-256500"
            n="peh89/0130-a-1830"
            ecep:lem="begin"
            ecep:pos="vvd"
            ecep:reg="began"
            ecep:spe="began"
            ecep:syllab="2"
            ecep:pron="bɪˈgæn">began</w>
         <pc xml:id="peh89-256510"
             n="peh89/0130-a-1840"
             ecep:lem=","
             ecep:pos=","
             ecep:reg=","
             ecep:spe=",">,</pc>
      </l>
      <l n="20" xml:id="peh89-l08985">
         <c> </c>
         <w xml:id="peh89-256520"
            n="peh89/0130-a-1850"
            ecep:lem="and"
            ecep:pos="cc"
            ecep:reg="And"
            ecep:spe="And"
            ecep:syllab="1"
            ecep:pron="ænd">And</w>
         <c> </c>
         <w xml:id="peh89-256530"
            n="peh89/0130-a-1860"
            ecep:lem="ever"
            ecep:pos="av"
            ecep:reg="ever"
            ecep:spe="ever"
            ecep:syllab="2"
            ecep:pron="ˈevə">ever</w>
         <c> </c>
         <w xml:id="peh89-256540"
            n="peh89/0130-a-1870"
            ecep:lem="be"
            ecep:pos="vbi"
            ecep:reg="be"
            ecep:spe="be"
            ecep:syllab="1"
            ecep:pron="biː">be</w>
         <c> </c>
         <w xml:id="peh89-256550"
            n="peh89/0130-a-1880"
            ecep:lem="as"
            ecep:pos="a-acp"
            ecep:reg="as"
            ecep:spe="as"
            ecep:syllab="1"
            ecep:pron="æz">as</w>
         <c> </c>
         <w xml:id="peh89-256560"
            n="peh89/0130-a-1890"
            ecep:lem="constant"
            ecep:pos="j"
            ecep:reg="constant"
            ecep:spe="constant"
            ecep:syllab="2"
            ecep:pron="ˈkɒnstənt">constant</w>
         <c> </c>
         <w xml:id="peh89-256570"
            n="peh89/0130-a-1900"
            ecep:lem="as"
            ecep:pos="c-acp"
            ecep:reg="as"
            ecep:spe="as"
            ecep:syllab="1"
            ecep:pron="æz">as</w>
         <c> </c>
         <w xml:id="peh89-256580"
            n="peh89/0130-a-1910"
            ecep:lem="i"
            ecep:pos="pns11"
            ecep:reg="I"
            ecep:spe="I"
            ecep:syllab="1"
            ecep:pron="aɪ">I</w>
         <c> </c>
         <w xml:id="peh89-256590"
            n="peh89/0130-a-1920"
            ecep:lem="can"
            ecep:pos="vmb"
            ecep:reg="can"
            ecep:spe="can"
            ecep:syllab="1"
            ecep:pron="kæn">can</w>
         <pc xml:id="peh89-256600"
             n="peh89/0130-a-1930"
             unit="sentence"
             ecep:lem="."
             ecep:pos="."
             ecep:reg="."
             ecep:spe=".">.</pc>
         <c> </c>
      </l>
   </lg>
</div>
