<?xml version="1.0" encoding="UTF-8"?>
<?xml-model href="../tei_all.rnc" type="application/relax-ng-compact-syntax"?>
<TEI xmlns="http://www.tei-c.org/ns/1.0">
   <teiHeader>
      <fileDesc>
         <titleStmt>
            <title corresp="#txt_CowpWi1731_w0011">A COMPARISON.</title>
            <author corresp="authors.xml#aut_CowpWi1731">William Cowper</author>
            <respStmt>
               <name xml:id="AH">Alexander Huber</name>
               <resp>Editor</resp>
            </respStmt>
            <funder>
               <name type="institution" xml:id="BOD">Bodleian Libraries, University of Oxford</name>
               <address>
                  <addrLine>Broad Street</addrLine>
                  <addrLine>Oxford OX1 3BG</addrLine>
                  <addrLine>UK</addrLine>
               </address>
            </funder>
         </titleStmt>
         <publicationStmt>
            <publisher xml:id="ECPA">Eighteenth-Century Poetry Archive</publisher>
            <address>
               <addrLine>Taylor Institution Library</addrLine>
               <addrLine>St Giles'</addrLine>
               <addrLine>Oxford OX1 3NA</addrLine>
               <addrLine>UK</addrLine>
               <addrLine>
                  <email>info@eighteenthcenturypoetry.org</email>
               </addrLine>
               <addrLine>
                  <ref target="https://www.eighteenthcenturypoetry.org/">https://www.eighteenthcenturypoetry.org/</ref>
               </addrLine>
            </address>
            <pubPlace>Oxford</pubPlace>
            <availability status="restricted">
               <licence target="http://creativecommons.org/licenses/by-sa/3.0/">This work is licensed under a Creative Commons Attribution-ShareAlike 3.0 Unported License.</licence>
            </availability>
            <idno type="ESTC">T14895</idno>
            <idno type="TCP">K027775.000</idno>
         </publicationStmt>
         <sourceDesc>
            <bibl>
               <author>Cowper, William, 1731-1800.</author>
               <title>Poems: by William Cowper, of the Inner Temple, Esq.</title>
               <pubPlace>London</pubPlace>
               <publisher>printed for J. Johnson</publisher>
               <date>1782</date>
               <biblScope>p. 304.</biblScope>
               <extent>[4],367,[1]p. ; 8⁰.</extent>
            </bibl>
         </sourceDesc>
      </fileDesc>
      <encodingDesc>
         <projectDesc>
            <p>This e-text is part of the Works section of the Eighteenth-Century Poetry Archive (ECPA).</p>
            <p>XML created for the Eighteenth-Century Poetry Archive (ECPA).</p>
         </projectDesc>
         <editorialDecl>
            <p>The text has been typographically modernized, but without any silent modernization of
						spelling, capitalization, or punctuation. The source of the text is given and all editorial interventions
						have been recorded in textual notes. Based on the electronic text originally produced by the TCP project, this  text has been edited to conform to the recommendations found in Level 5 of the
						Best Practices for TEI in Libraries version 4.0.0.
					</p>
         </editorialDecl>
         <classDecl>
            <taxonomy xml:id="LCNAF">
               <bibl>Library of Congress Name Authority File (<abbr>LCNAF</abbr>)</bibl>
            </taxonomy>
         </classDecl>
         <tagsDecl>
            <rendition n="linegroups indented" xml:id="lgindent" scheme="css">text-indent: 1em;</rendition>
            <rendition n="linegroups vertically spaced" xml:id="lgvspace" scheme="css">margin-bottom: 1em;</rendition>
            <rendition n="aligned centrally" xml:id="align-center" scheme="css">text-align: center;</rendition>
            <rendition n="aligned right" xml:id="align-right" scheme="css">text-align: right;</rendition>
            <rendition n="aligned left" xml:id="align-left" scheme="css">text-align: left;</rendition>
            <rendition n="inline" xml:id="inline" scheme="css">display: inline</rendition>
            <rendition n="italic" xml:id="i" scheme="css">font-style: italic;</rendition>
            <rendition n="bold" xml:id="b" scheme="css">font-weight: bold;</rendition>
         </tagsDecl>
      </encodingDesc>
   </teiHeader>
   <text>
      <body>
         <div xmlns:ecep="http://www.eighteenthcenturypoetry.org/ns"
              xmlns:tei="http://www.tei-c.org/ns/1.0"
              ana="#iamb #pentameter #couplet #heroiccouplet #pair #philosophic"
              corresp="#txt_CowpWi1731_w0011"
              decls="#semi-normalized"
              ecep:syllab="10"
              met="-+|-+|-+|-+|-+/"
              rendition="#lgvspace"
              rhyme="aa"
              subtype="eceptext"
              type="poem"
              xml:id="o3794-w0110">
            <link target="authors.xml#aut_CowpWi1731" type="author"/>
            <head type="main">
               <w xml:id="o3794-533120"
                  n="307-a-0010"
                  ecep:lem="a"
                  ecep:pos="dt"
                  ecep:reg="A"
                  ecep:spe="A"
                  ecep:syllab="1"
                  ecep:pron="ə">A</w>
               <c> </c>
               <w xml:id="o3794-533130"
                  n="307-a-0020"
                  ecep:lem="comparison"
                  ecep:pos="n1"
                  ecep:reg="COMPARISON"
                  ecep:spe="COMPARISON"
                  ecep:syllab="4"
                  ecep:pron="kəmˈpærɪsn">COMPARISON</w>
               <pc xml:id="o3794-533140"
                   n="307-a-0030"
                   unit="sentence"
                   ecep:lem="."
                   ecep:pos="."
                   ecep:reg="."
                   ecep:spe=".">.</pc>
            </head>
            <lg xml:id="o3794-s00270">
               <l xml:id="o3794-l29705">
                  <w xml:id="o3794-533170"
                     n="307-a-0040"
                     ecep:lem="the"
                     ecep:pos="dt"
                     ecep:reg="THE"
                     ecep:spe="THE"
                     ecep:syllab="1"
                     ecep:pron="ðiː">THE</w>
                  <c> </c>
                  <w xml:id="o3794-533180"
                     n="307-a-0050"
                     ecep:lem="lapse"
                     ecep:pos="n1"
                     ecep:reg="lapse"
                     ecep:spe="lapse"
                     ecep:syllab="1"
                     ecep:pron="læps">lapse</w>
                  <c> </c>
                  <w xml:id="o3794-533190"
                     n="307-a-0060"
                     ecep:lem="of"
                     ecep:pos="pp-f"
                     ecep:reg="of"
                     ecep:spe="of"
                     ecep:syllab="1"
                     ecep:pron="ɒv">of</w>
                  <c> </c>
                  <w xml:id="o3794-533200"
                     n="307-a-0070"
                     ecep:lem="time"
                     ecep:pos="n1"
                     ecep:reg="time"
                     ecep:spe="time"
                     ecep:syllab="1"
                     ecep:pron="taɪm">time</w>
                  <c> </c>
                  <w xml:id="o3794-533210"
                     n="307-a-0080"
                     ecep:lem="and"
                     ecep:pos="cc"
                     ecep:reg="and"
                     ecep:spe="and"
                     ecep:syllab="1"
                     ecep:pron="ænd">and</w>
                  <c> </c>
                  <w xml:id="o3794-533220"
                     n="307-a-0090"
                     ecep:lem="river"
                     ecep:pos="n2"
                     ecep:reg="rivers"
                     ecep:spe="rivers"
                     ecep:syllab="2"
                     ecep:pron="ˈrɪvəz">rivers</w>
                  <c> </c>
                  <w xml:id="o3794-533230"
                     n="307-a-0100"
                     ecep:lem="be"
                     ecep:pos="vbz"
                     ecep:reg="is"
                     ecep:spe="is"
                     ecep:syllab="1"
                     ecep:pron="ɪz">is</w>
                  <c> </c>
                  <w xml:id="o3794-533240"
                     n="307-a-0110"
                     ecep:lem="the"
                     ecep:pos="dt"
                     ecep:reg="the"
                     ecep:spe="the"
                     ecep:syllab="1"
                     ecep:pron="ðiː">the</w>
                  <c> </c>
                  <w xml:id="o3794-533250"
                     n="307-a-0120"
                     ecep:lem="same"
                     ecep:pos="d"
                     ecep:reg="same"
                     ecep:spe="same"
                     ecep:syllab="1"
                     ecep:pron="seɪm">same</w>
                  <pc xml:id="o3794-533260"
                      n="307-a-0130"
                      ecep:lem=","
                      ecep:pos=","
                      ecep:reg=","
                      ecep:spe=",">,</pc>
               </l>
               <l xml:id="o3794-l29710">
                  <c> </c>
                  <w xml:id="o3794-533270"
                     n="307-a-0140"
                     ecep:lem="both"
                     ecep:pos="d"
                     ecep:reg="Both"
                     ecep:spe="Both"
                     ecep:syllab="1"
                     ecep:pron="bəʊθ">Both</w>
                  <c> </c>
                  <w xml:id="o3794-533280"
                     n="307-a-0150"
                     ecep:lem="speed"
                     ecep:pos="n1"
                     ecep:reg="speed"
                     ecep:spe="speed"
                     ecep:syllab="1"
                     ecep:pron="spiːd">speed</w>
                  <c> </c>
                  <w xml:id="o3794-533290"
                     n="307-a-0160"
                     ecep:lem="their"
                     ecep:pos="po32"
                     ecep:reg="their"
                     ecep:spe="their"
                     ecep:syllab="1"
                     ecep:pron="ðeə">their</w>
                  <c> </c>
                  <w xml:id="o3794-533300"
                     n="307-a-0170"
                     ecep:lem="journey"
                     ecep:pos="n1"
                     ecep:reg="journey"
                     ecep:spe="journey"
                     ecep:syllab="2"
                     ecep:pron="ˈdʒɜːni">journey</w>
                  <c> </c>
                  <w xml:id="o3794-533310"
                     n="307-a-0180"
                     ecep:lem="with"
                     ecep:pos="p-acp"
                     ecep:reg="with"
                     ecep:spe="with"
                     ecep:syllab="1"
                     ecep:pron="wɪð">with</w>
                  <c> </c>
                  <w xml:id="o3794-533320"
                     n="307-a-0190"
                     ecep:lem="a"
                     ecep:pos="dt"
                     ecep:reg="a"
                     ecep:spe="a"
                     ecep:syllab="1"
                     ecep:pron="ə">a</w>
                  <c> </c>
                  <w xml:id="o3794-533330"
                     n="307-a-0200"
                     ecep:lem="restless"
                     ecep:pos="j"
                     ecep:reg="restless"
                     ecep:spe="restless"
                     ecep:syllab="2"
                     ecep:pron="ˈrestləs">restless</w>
                  <c> </c>
                  <w xml:id="o3794-533340"
                     n="307-a-0210"
                     ecep:lem="stream"
                     ecep:pos="n1"
                     ecep:reg="stream"
                     ecep:spe="stream"
                     ecep:syllab="1"
                     ecep:pron="striːm">stream</w>
                  <pc xml:id="o3794-533350"
                      n="307-a-0220"
                      ecep:lem=","
                      ecep:pos=","
                      ecep:reg=","
                      ecep:spe=",">,</pc>
               </l>
               <l xml:id="o3794-l29715">
                  <c> </c>
                  <w xml:id="o3794-533360"
                     n="307-a-0230"
                     ecep:lem="the"
                     ecep:pos="dt"
                     ecep:reg="The"
                     ecep:spe="The"
                     ecep:syllab="1"
                     ecep:pron="ðiː">The</w>
                  <c> </c>
                  <w xml:id="o3794-533370"
                     n="307-a-0240"
                     ecep:lem="silent"
                     ecep:pos="j"
                     ecep:reg="silent"
                     ecep:spe="silent"
                     ecep:syllab="2"
                     ecep:pron="ˈsaɪlənt">silent</w>
                  <c> </c>
                  <w xml:id="o3794-533380"
                     n="307-a-0250"
                     ecep:lem="pace"
                     ecep:pos="n1"
                     ecep:reg="pace"
                     ecep:spe="pace"
                     ecep:syllab="1"
                     ecep:pron="ˈpeɪsi">pace</w>
                  <c> </c>
                  <w xml:id="o3794-533390"
                     n="307-a-0260"
                     ecep:lem="with"
                     ecep:pos="p-acp"
                     ecep:reg="with"
                     ecep:spe="with"
                     ecep:syllab="1"
                     ecep:pron="wɪð">with</w>
                  <c> </c>
                  <w xml:id="o3794-533400"
                     n="307-a-0270"
                     ecep:lem="which"
                     ecep:pos="r-crq"
                     ecep:reg="which"
                     ecep:spe="which"
                     ecep:syllab="1"
                     ecep:pron="wɪtʃ">which</w>
                  <c> </c>
                  <w xml:id="o3794-533410"
                     n="307-a-0280"
                     ecep:lem="they"
                     ecep:pos="pns32"
                     ecep:reg="they"
                     ecep:spe="they"
                     ecep:syllab="1"
                     ecep:pron="ðeɪ">they</w>
                  <c> </c>
                  <w xml:id="o3794-533420"
                     n="307-a-0290"
                     ecep:lem="steal"
                     ecep:pos="vvb"
                     ecep:reg="steal"
                     ecep:spe="steal"
                     ecep:syllab="1"
                     ecep:pron="stiːl">steal</w>
                  <c> </c>
                  <w xml:id="o3794-533430"
                     n="307-a-0300"
                     ecep:lem="away"
                     ecep:pos="av"
                     ecep:reg="away"
                     ecep:spe="away"
                     ecep:syllab="2"
                     ecep:pron="əˈweɪ">away</w>
                  <pc xml:id="o3794-533440"
                      n="307-a-0310"
                      ecep:lem=","
                      ecep:pos=","
                      ecep:reg=","
                      ecep:spe=",">,</pc>
               </l>
               <l xml:id="o3794-l29720">
                  <c> </c>
                  <w xml:id="o3794-533450"
                     n="307-a-0320"
                     ecep:lem="no"
                     ecep:pos="dx"
                     ecep:reg="No"
                     ecep:spe="No"
                     ecep:syllab="1"
                     ecep:pron="nəʊ">No</w>
                  <c> </c>
                  <w xml:id="o3794-533460"
                     n="307-a-0330"
                     ecep:lem="wealth"
                     ecep:pos="n1"
                     ecep:reg="wealth"
                     ecep:spe="wealth"
                     ecep:syllab="1"
                     ecep:pron="welθ">wealth</w>
                  <c> </c>
                  <w xml:id="o3794-533470"
                     n="307-a-0340"
                     ecep:lem="can"
                     ecep:pos="vmb"
                     ecep:reg="can"
                     ecep:spe="can"
                     ecep:syllab="1"
                     ecep:pron="kæn">can</w>
                  <c> </c>
                  <w xml:id="o3794-533480"
                     n="307-a-0350"
                     ecep:lem="bribe"
                     ecep:pos="n1"
                     ecep:reg="bribe"
                     ecep:spe="bribe"
                     ecep:syllab="1"
                     ecep:pron="braɪb">bribe</w>
                  <pc xml:id="o3794-533490"
                      n="307-a-0360"
                      ecep:lem=","
                      ecep:pos=","
                      ecep:reg=","
                      ecep:spe=",">,</pc>
                  <c> </c>
                  <w xml:id="o3794-533500"
                     n="307-a-0370"
                     ecep:lem="no"
                     ecep:pos="dx"
                     ecep:reg="no"
                     ecep:spe="no"
                     ecep:syllab="1"
                     ecep:pron="nəʊ">no</w>
                  <c> </c>
                  <w xml:id="o3794-533510"
                     n="307-a-0380"
                     ecep:lem="prayer"
                     ecep:pos="n2"
                     ecep:reg="prayers"
                     ecep:spe="pray'rs"
                     ecep:syllab="1"
                     ecep:pron="ˈpreɪəz">pray'rs</w>
                  <c> </c>
                  <w xml:id="o3794-533520"
                     n="307-a-0390"
                     ecep:lem="persuade"
                     ecep:pos="vvi"
                     ecep:reg="persuade"
                     ecep:spe="persuade"
                     ecep:syllab="2"
                     ecep:pron="pəˈsweɪd">persuade</w>
                  <c> </c>
                  <w xml:id="o3794-533530"
                     n="307-a-0400"
                     ecep:lem="to"
                     ecep:pos="pc-acp"
                     ecep:reg="to"
                     ecep:spe="to"
                     ecep:syllab="1"
                     ecep:pron="tuː">to</w>
                  <c> </c>
                  <w xml:id="o3794-533540"
                     n="307-a-0410"
                     ecep:lem="stay"
                     ecep:pos="vvi"
                     ecep:reg="stay"
                     ecep:spe="stay"
                     ecep:syllab="1"
                     ecep:pron="steɪ">stay</w>
                  <pc xml:id="o3794-533550"
                      n="307-a-0420"
                      ecep:lem=","
                      ecep:pos=","
                      ecep:reg=","
                      ecep:spe=",">,</pc>
               </l>
               <l xml:id="o3794-l29725">
                  <c> </c>
                  <w xml:id="o3794-533560"
                     n="307-a-0430"
                     ecep:lem="alike"
                     ecep:pos="av"
                     ecep:reg="Alike"
                     ecep:spe="Alike"
                     ecep:syllab="2"
                     ecep:pron="əˈlaɪk">Alike</w>
                  <c> </c>
                  <w xml:id="o3794-533570"
                     n="307-a-0440"
                     ecep:lem="irrevocable"
                     ecep:pos="j"
                     ecep:reg="irrevocable"
                     ecep:spe="irrevocable"
                     ecep:syllab="5"
                     ecep:pron="ɪˈrevəkəbl">irrevocable</w>
                  <c> </c>
                  <w xml:id="o3794-533580"
                     n="307-a-0450"
                     ecep:lem="both"
                     ecep:pos="av-d"
                     ecep:reg="both"
                     ecep:spe="both"
                     ecep:syllab="1"
                     ecep:pron="bəʊθ">both</w>
                  <c> </c>
                  <w xml:id="o3794-533590"
                     n="307-a-0460"
                     ecep:lem="when"
                     ecep:pos="c-crq"
                     ecep:reg="when"
                     ecep:spe="when"
                     ecep:syllab="1"
                     ecep:pron="wen">when</w>
                  <c> </c>
                  <w xml:id="o3794-533600"
                     n="307-a-0470"
                     ecep:lem="past"
                     ecep:pos="j"
                     ecep:reg="past"
                     ecep:spe="past"
                     ecep:syllab="1"
                     ecep:pron="pɑːst">past</w>
                  <pc xml:id="o3794-533610"
                      n="307-a-0480"
                      ecep:lem=","
                      ecep:pos=","
                      ecep:reg=","
                      ecep:spe=",">,</pc>
               </l>
               <l xml:id="o3794-l29730">
                  <c> </c>
                  <w xml:id="o3794-533620"
                     n="307-a-0490"
                     ecep:lem="and"
                     ecep:pos="cc"
                     ecep:reg="And"
                     ecep:spe="And"
                     ecep:syllab="1"
                     ecep:pron="ænd">And</w>
                  <c> </c>
                  <w xml:id="o3794-533630"
                     n="307-a-0500"
                     ecep:lem="a"
                     ecep:pos="dt"
                     ecep:reg="a"
                     ecep:spe="a"
                     ecep:syllab="1"
                     ecep:pron="ə">a</w>
                  <c> </c>
                  <w xml:id="o3794-533640"
                     n="307-a-0510"
                     ecep:lem="wide"
                     ecep:pos="j"
                     ecep:reg="wide"
                     ecep:spe="wide"
                     ecep:syllab="1"
                     ecep:pron="waɪd">wide</w>
                  <c> </c>
                  <w xml:id="o3794-533650"
                     n="307-a-0520"
                     ecep:lem="ocean"
                     ecep:pos="n1"
                     ecep:reg="ocean"
                     ecep:spe="ocean"
                     ecep:syllab="2"
                     ecep:pron="ˈəʊʃn">ocean</w>
                  <c> </c>
                  <w xml:id="o3794-533660"
                     n="307-a-0530"
                     ecep:lem="swallow"
                     ecep:pos="vvz"
                     ecep:reg="swallows"
                     ecep:spe="swallows"
                     ecep:syllab="2"
                     ecep:pron="ˈswɒləʊz">swallows</w>
                  <c> </c>
                  <w xml:id="o3794-533670"
                     n="307-a-0540"
                     ecep:lem="both"
                     ecep:pos="d"
                     ecep:reg="both"
                     ecep:spe="both"
                     ecep:syllab="1"
                     ecep:pron="bəʊθ">both</w>
                  <c> </c>
                  <w xml:id="o3794-533680"
                     n="307-a-0550"
                     ecep:lem="at"
                     ecep:pos="p-acp"
                     ecep:reg="at"
                     ecep:spe="at"
                     ecep:syllab="1"
                     ecep:pron="æt">at</w>
                  <c> </c>
                  <w xml:id="o3794-533690"
                     n="307-a-0560"
                     ecep:lem="last"
                     ecep:pos="ord"
                     ecep:reg="last"
                     ecep:spe="last"
                     ecep:syllab="1"
                     ecep:pron="lɑːst">last</w>
                  <pc xml:id="o3794-533700"
                      n="307-a-0570"
                      unit="sentence"
                      ecep:lem="."
                      ecep:pos="."
                      ecep:reg="."
                      ecep:spe=".">.</pc>
                  <c> </c>
               </l>
               <l xml:id="o3794-l29735">
                  <w xml:id="o3794-533710"
                     n="307-a-0580"
                     ecep:lem="though"
                     ecep:pos="c-acp"
                     ecep:reg="Though"
                     ecep:spe="Though"
                     ecep:syllab="1"
                     ecep:pron="ðəʊ">Though</w>
                  <c> </c>
                  <w xml:id="o3794-533720"
                     n="307-a-0590"
                     ecep:lem="each"
                     ecep:pos="d"
                     ecep:reg="each"
                     ecep:spe="each"
                     ecep:syllab="1"
                     ecep:pron="iːtʃ">each</w>
                  <c> </c>
                  <w xml:id="o3794-533730"
                     n="307-a-0600"
                     ecep:lem="resemble"
                     ecep:pos="vvb"
                     ecep:reg="resemble"
                     ecep:spe="resemble"
                     ecep:syllab="3"
                     ecep:pron="rɪˈzembl">resemble</w>
                  <c> </c>
                  <w xml:id="o3794-533740"
                     n="307-a-0610"
                     ecep:lem="each"
                     ecep:pos="d"
                     ecep:reg="each"
                     ecep:spe="each"
                     ecep:syllab="1"
                     ecep:pron="iːtʃ">each</w>
                  <c> </c>
                  <w xml:id="o3794-533750"
                     n="307-a-0620"
                     ecep:lem="in"
                     ecep:pos="p-acp"
                     ecep:reg="in"
                     ecep:spe="in"
                     ecep:syllab="1"
                     ecep:pron="ɪn">in</w>
                  <c> </c>
                  <w xml:id="o3794-533760"
                     n="307-a-0630"
                     ecep:lem="every"
                     ecep:pos="d"
                     ecep:reg="every"
                     ecep:spe="ev'ry"
                     ecep:syllab="2"
                     ecep:pron="ˈevri">ev'ry</w>
                  <c> </c>
                  <w xml:id="o3794-533770"
                     n="307-a-0640"
                     ecep:lem="part"
                     ecep:pos="n1"
                     ecep:reg="part"
                     ecep:spe="part"
                     ecep:syllab="1"
                     ecep:pron="pɑːt">part</w>
                  <pc xml:id="o3794-533780"
                      n="307-a-0650"
                      ecep:lem=","
                      ecep:pos=","
                      ecep:reg=","
                      ecep:spe=",">,</pc>
               </l>
               <l xml:id="o3794-l29740">
                  <c> </c>
                  <w xml:id="o3794-533790"
                     n="307-a-0660"
                     ecep:lem="a"
                     ecep:pos="dt"
                     ecep:reg="A"
                     ecep:spe="A"
                     ecep:syllab="1"
                     ecep:pron="ə">A</w>
                  <c> </c>
                  <w xml:id="o3794-533800"
                     n="307-a-0670"
                     ecep:lem="difference"
                     ecep:pos="n1"
                     ecep:reg="difference"
                     ecep:spe="difference"
                     ecep:syllab="3"
                     ecep:pron="ˈdɪfrns">difference</w>
                  <c> </c>
                  <w xml:id="o3794-533810"
                     n="307-a-0680"
                     ecep:lem="strike"
                     ecep:pos="vvz"
                     ecep:reg="strikes"
                     ecep:spe="strikes"
                     ecep:syllab="1"
                     ecep:pron="straɪks">strikes</w>
                  <c> </c>
                  <w xml:id="o3794-533820"
                     n="307-a-0690"
                     ecep:lem="at"
                     ecep:pos="p-acp"
                     ecep:reg="at"
                     ecep:spe="at"
                     ecep:syllab="1"
                     ecep:pron="æt">at</w>
                  <c> </c>
                  <w xml:id="o3794-533830"
                     n="307-a-0700"
                     ecep:lem="length"
                     ecep:pos="n1"
                     ecep:reg="length"
                     ecep:spe="length"
                     ecep:syllab="1"
                     ecep:pron="leŋθ">length</w>
                  <c> </c>
                  <w xml:id="o3794-533840"
                     n="307-a-0710"
                     ecep:lem="the"
                     ecep:pos="dt"
                     ecep:reg="the"
                     ecep:spe="the"
                     ecep:syllab="1"
                     ecep:pron="ðiː">the</w>
                  <c> </c>
                  <w xml:id="o3794-533850"
                     n="307-a-0720"
                     ecep:lem="muse"
                     ecep:pos="j-vvg"
                     ecep:reg="musing"
                     ecep:spe="musing"
                     ecep:syllab="2"
                     ecep:pron="mjuːzɪŋ">musing</w>
                  <c> </c>
                  <w xml:id="o3794-533860"
                     n="307-a-0730"
                     ecep:lem="heart"
                     ecep:pos="n1"
                     ecep:reg="heart"
                     ecep:spe="heart"
                     ecep:syllab="1"
                     ecep:pron="hɑːt">heart</w>
                  <pc xml:id="o3794-533870"
                      n="307-a-0740"
                      ecep:lem=";"
                      ecep:pos=";"
                      ecep:reg=";"
                      ecep:spe=";">;</pc>
               </l>
               <l xml:id="o3794-l29745">
                  <c> </c>
                  <w xml:id="o3794-533880"
                     n="307-a-0750"
                     ecep:lem="stream"
                     ecep:pos="n2"
                     ecep:reg="Streams"
                     ecep:spe="Streams"
                     ecep:syllab="1"
                     ecep:pron="striːmz">Streams</w>
                  <c> </c>
                  <w xml:id="o3794-533890"
                     n="307-a-0760"
                     ecep:lem="never"
                     ecep:pos="av-x"
                     ecep:reg="never"
                     ecep:spe="never"
                     ecep:syllab="2"
                     ecep:pron="ˈnevə">never</w>
                  <c> </c>
                  <w xml:id="o3794-533900"
                     n="307-a-0770"
                     ecep:lem="flow"
                     ecep:pos="vvb"
                     ecep:reg="flow"
                     ecep:spe="flow"
                     ecep:syllab="1"
                     ecep:pron="fləʊ">flow</w>
                  <c> </c>
                  <w xml:id="o3794-533910"
                     n="307-a-0780"
                     ecep:lem="in"
                     ecep:pos="p-acp"
                     ecep:reg="in"
                     ecep:spe="in"
                     ecep:syllab="1"
                     ecep:pron="ɪn">in</w>
                  <c> </c>
                  <w xml:id="o3794-533920"
                     n="307-a-0790"
                     ecep:lem="vain"
                     ecep:pos="j"
                     ecep:reg="vain"
                     ecep:spe="vain"
                     ecep:syllab="1"
                     ecep:pron="veɪn">vain</w>
                  <pc xml:id="o3794-533930"
                      n="307-a-0800"
                      ecep:lem=";"
                      ecep:pos=";"
                      ecep:reg=";"
                      ecep:spe=";">;</pc>
                  <c> </c>
                  <w xml:id="o3794-533940"
                     n="307-a-0810"
                     ecep:lem="where"
                     ecep:pos="c-crq"
                     ecep:reg="where"
                     ecep:spe="where"
                     ecep:syllab="1"
                     ecep:pron="weə">where</w>
                  <c> </c>
                  <w xml:id="o3794-533950"
                     n="307-a-0820"
                     ecep:lem="stream"
                     ecep:pos="n2"
                     ecep:reg="streams"
                     ecep:spe="streams"
                     ecep:syllab="1"
                     ecep:pron="striːmz">streams</w>
                  <c> </c>
                  <w xml:id="o3794-533960"
                     n="307-a-0830"
                     ecep:lem="abound"
                     ecep:pos="vvb"
                     ecep:reg="abound"
                     ecep:spe="abound"
                     ecep:syllab="2"
                     ecep:pron="əˈbaʊnd">abound</w>
                  <pc xml:id="o3794-533970"
                      n="307-a-0840"
                      ecep:lem=","
                      ecep:pos=","
                      ecep:reg=","
                      ecep:spe=",">,</pc>
               </l>
               <l xml:id="o3794-l29750">
                  <c> </c>
                  <w xml:id="o3794-533980"
                     n="307-a-0850"
                     ecep:lem="how"
                     ecep:pos="q-crq"
                     ecep:reg="How"
                     ecep:spe="How"
                     ecep:syllab="1"
                     ecep:pron="haʊ">How</w>
                  <c> </c>
                  <w xml:id="o3794-533990"
                     n="307-a-0860"
                     ecep:lem="laugh"
                     ecep:pos="vvz"
                     ecep:reg="laughs"
                     ecep:spe="laughs"
                     ecep:syllab="1"
                     ecep:pron="lɑːfs">laughs</w>
                  <c> </c>
                  <w xml:id="o3794-534000"
                     n="307-a-0870"
                     ecep:lem="the"
                     ecep:pos="dt"
                     ecep:reg="the"
                     ecep:spe="the"
                     ecep:syllab="1"
                     ecep:pron="ðiː">the</w>
                  <c> </c>
                  <w xml:id="o3794-534010"
                     n="307-a-0880"
                     ecep:lem="land"
                     ecep:pos="n1"
                     ecep:reg="land"
                     ecep:spe="land"
                     ecep:syllab="1"
                     ecep:pron="lænd">land</w>
                  <c> </c>
                  <w xml:id="o3794-534020"
                     n="307-a-0890"
                     ecep:lem="with"
                     ecep:pos="p-acp"
                     ecep:reg="with"
                     ecep:spe="with"
                     ecep:syllab="1"
                     ecep:pron="wɪð">with</w>
                  <c> </c>
                  <w xml:id="o3794-534030"
                     n="307-a-0900"
                     ecep:lem="various"
                     ecep:pos="j"
                     ecep:reg="various"
                     ecep:spe="various"
                     ecep:syllab="2"
                     ecep:pron="ˈveəriəs">various</w>
                  <c> </c>
                  <w xml:id="o3794-534040"
                     n="307-a-0910"
                     ecep:lem="plenty"
                     ecep:pos="n1"
                     ecep:reg="plenty"
                     ecep:spe="plenty"
                     ecep:syllab="2"
                     ecep:pron="ˈplenti">plenty</w>
                  <c> </c>
                  <w xml:id="o3794-534050"
                     n="307-a-0920"
                     ecep:lem="crown"
                     ecep:pos="vvn"
                     ecep:reg="crowned"
                     ecep:spe="crown'd"
                     ecep:syllab="1"
                     ecep:pron="kraʊnd">crown'd</w>
                  <pc xml:id="o3794-534060"
                      n="307-a-0930"
                      unit="sentence"
                      ecep:lem="!"
                      ecep:pos="!"
                      ecep:reg="!"
                      ecep:spe="!">!</pc>
                  <c> </c>
               </l>
               <l xml:id="o3794-l29755">
                  <w xml:id="o3794-534070"
                     n="307-a-0940"
                     ecep:lem="but"
                     ecep:pos="p-acp"
                     ecep:reg="But"
                     ecep:spe="But"
                     ecep:syllab="1"
                     ecep:pron="bʌt">But</w>
                  <c> </c>
                  <w xml:id="o3794-534080"
                     n="307-a-0950"
                     ecep:lem="time"
                     ecep:pos="n1"
                     ecep:reg="time"
                     ecep:spe="time"
                     ecep:syllab="1"
                     ecep:pron="taɪm">time</w>
                  <c> </c>
                  <w xml:id="o3794-534090"
                     n="307-a-0960"
                     ecep:lem="that"
                     ecep:pos="cst"
                     ecep:reg="that"
                     ecep:spe="that"
                     ecep:syllab="1"
                     ecep:pron="ðæt">that</w>
                  <c> </c>
                  <w xml:id="o3794-534100"
                     n="307-a-0970"
                     ecep:lem="shall"
                     ecep:pos="vmd"
                     ecep:reg="should"
                     ecep:spe="should"
                     ecep:syllab="1"
                     ecep:pron="ʃʊd">should</w>
                  <c> </c>
                  <w xml:id="o3794-534110"
                     n="307-a-0980"
                     ecep:lem="enrich"
                     ecep:pos="vvi"
                     ecep:reg="enrich"
                     ecep:spe="enrich"
                     ecep:syllab="2"
                     ecep:pron="ɪnˈrɪtʃ">enrich</w>
                  <c> </c>
                  <w xml:id="o3794-534120"
                     n="307-a-0990"
                     ecep:lem="the"
                     ecep:pos="dt"
                     ecep:reg="the"
                     ecep:spe="the"
                     ecep:syllab="1"
                     ecep:pron="ðiː">the</w>
                  <c> </c>
                  <w xml:id="o3794-534130"
                     n="307-a-1000"
                     ecep:lem="noble"
                     ecep:pos="jc"
                     ecep:reg="nobler"
                     ecep:spe="nobler"
                     ecep:syllab="2"
                     ecep:pron="ˈnəʊblə">nobler</w>
                  <c> </c>
                  <w xml:id="o3794-534140"
                     n="307-a-1010"
                     ecep:lem="mind"
                     ecep:pos="n1"
                     ecep:reg="mind"
                     ecep:spe="mind"
                     ecep:syllab="1"
                     ecep:pron="maɪnd">mind</w>
                  <pc xml:id="o3794-534150"
                      n="307-a-1020"
                      ecep:lem=","
                      ecep:pos=","
                      ecep:reg=","
                      ecep:spe=",">,</pc>
               </l>
               <l xml:id="o3794-l29760">
                  <c> </c>
                  <w xml:id="o3794-534160"
                     n="307-a-1030"
                     ecep:lem="neglect"
                     ecep:pos="j-vvn"
                     ecep:reg="Neglected"
                     ecep:spe="Neglected"
                     ecep:syllab="3"
                     ecep:pron="nɪˈglektɪd">Neglected</w>
                  <pc xml:id="o3794-534170"
                      n="307-a-1040"
                      ecep:lem=","
                      ecep:pos=","
                      ecep:reg=","
                      ecep:spe=",">,</pc>
                  <c> </c>
                  <w xml:id="o3794-534180"
                     n="307-a-1050"
                     ecep:lem="leave"
                     ecep:pos="vvz"
                     ecep:reg="leaves"
                     ecep:spe="leaves"
                     ecep:syllab="1"
                     ecep:pron="liːvz">leaves</w>
                  <c> </c>
                  <w xml:id="o3794-534190"
                     n="307-a-1060"
                     ecep:lem="a"
                     ecep:pos="dt"
                     ecep:reg="a"
                     ecep:spe="a"
                     ecep:syllab="1"
                     ecep:pron="ə">a</w>
                  <c> </c>
                  <w xml:id="o3794-534200"
                     n="307-a-1070"
                     ecep:lem="dreary"
                     ecep:pos="j"
                     ecep:reg="dreary"
                     ecep:spe="dreary"
                     ecep:syllab="2"
                     ecep:pron="ˈdrɪəri">dreary</w>
                  <c> </c>
                  <w xml:id="o3794-534210"
                     n="307-a-1080"
                     ecep:lem="waste"
                     ecep:pos="n1"
                     ecep:reg="waste"
                     ecep:spe="waste"
                     ecep:syllab="1"
                     ecep:pron="weɪst">waste</w>
                  <c> </c>
                  <w xml:id="o3794-534220"
                     n="307-a-1090"
                     ecep:lem="behind"
                     ecep:pos="a-acp"
                     ecep:reg="behind"
                     ecep:spe="behind"
                     ecep:syllab="2"
                     ecep:pron="bɪˈhaɪnd">behind</w>
                  <pc xml:id="o3794-534230"
                      n="307-a-1100"
                      unit="sentence"
                      ecep:lem="."
                      ecep:pos="."
                      ecep:reg="."
                      ecep:spe=".">.</pc>
                  <c> </c>
               </l>
            </lg>
         </div>
      </body>
   </text>
</TEI>
