<?xml version="1.0" encoding="utf-8"?>
<!DOCTYPE div
  SYSTEM "about:legacy-compat">
<div xmlns:tei="http://www.tei-c.org/ns/1.0"
     xmlns="http://www.tei-c.org/ns/1.0"
     xmlns:ecep="http://www.eighteenthcenturypoetry.org/ns"
     ana="#iamb #tetrameter #couplet #pair #epitaph"
     corresp="#txt_GrayTh1716_wepmc"
     ecep:syllab="8"
     met="-+|-+|-+|-+/"
     rendition="#lgvspace"
     rhyme="aa"
     subtype="eceptext"
     type="poem"
     xml:id="tgaen-wepmc"
     decls="#semi-normalized">
   <link target="authors.xml#aut_GrayTh1716" type="author"/>
   <head subtype="supplied" type="main">
      <pc xml:id="tgaen-185850"
          n="a-0010"
          ecep:lem="["
          ecep:pos="["
          ecep:reg="["
          ecep:spe="[">[</pc>
      <w xml:id="tgaen-185860"
         n="a-0020"
         ecep:lem="epitaph"
         ecep:pos="n1"
         ecep:reg="Epitaph"
         ecep:spe="Epitaph"
         ecep:syllab="3"
         ecep:pron="ˈepɪtɑːf">Epitaph</w>
      <c> </c>
      <w xml:id="tgaen-185870"
         n="a-0030"
         ecep:lem="on"
         ecep:pos="p-acp"
         ecep:reg="on"
         ecep:spe="on"
         ecep:syllab="1"
         ecep:pron="ɒn">on</w>
      <c> </c>
      <w xml:id="tgaen-185880"
         n="a-0040"
         ecep:lem="mrs."
         ecep:pos="n1"
         ecep:reg="Mrs"
         ecep:spe="Mrs"
         ecep:syllab="2"
         ecep:pron="ˈmɪsɪz">Mrs</w>
      <c> </c>
      <w xml:id="tgaen-185890"
         n="a-0050"
         ecep:lem="Clerke"
         ecep:pos="np1"
         ecep:reg="Clerke"
         ecep:spe="Clerke"
         ecep:syllab="1"
         ecep:pron="klˈɜːk">Clerke</w>
      <pc xml:id="tgaen-185900"
          n="a-0060"
          unit="sentence"
          ecep:lem="]"
          ecep:pos="]"
          ecep:reg="]"
          ecep:spe="]">]</pc>
   </head>
   <lg xml:id="tgaen-s00900">
      <l n="1" xml:id="tgaen-l08610">
         <w xml:id="tgaen-185930"
            n="a-0070"
            ecep:lem="lo"
            ecep:pos="uh"
            ecep:reg="Lo"
            ecep:spe="Lo"
            ecep:syllab="1"
            ecep:pron="ləʊ">Lo</w>
         <pc xml:id="tgaen-185940"
             n="a-0080"
             ecep:lem="!"
             ecep:pos="!"
             ecep:reg="!"
             ecep:spe="!">!</pc>
         <c> </c>
         <w xml:id="tgaen-185950"
            n="a-0090"
            ecep:lem="where"
            ecep:pos="c-crq"
            ecep:reg="where"
            ecep:spe="where"
            ecep:syllab="1"
            ecep:pron="weə">where</w>
         <c> </c>
         <w xml:id="tgaen-185960"
            n="a-0100"
            ecep:lem="this"
            ecep:pos="d"
            ecep:reg="this"
            ecep:spe="this"
            ecep:syllab="1"
            ecep:pron="ðɪs">this</w>
         <c> </c>
         <w xml:id="tgaen-185970"
            n="a-0110"
            ecep:lem="silent"
            ecep:pos="j"
            ecep:reg="silent"
            ecep:spe="silent"
            ecep:syllab="2"
            ecep:pron="ˈsaɪlənt">silent</w>
         <c> </c>
         <w xml:id="tgaen-185980"
            n="a-0120"
            ecep:lem="marble"
            ecep:pos="n1"
            ecep:reg="marble"
            ecep:spe="marble"
            ecep:syllab="2"
            ecep:pron="ˈmɑːbl">marble</w>
         <c> </c>
         <w xml:id="tgaen-185990"
            n="a-0130"
            ecep:lem="weep"
            ecep:pos="vvz"
            ecep:reg="weeps"
            ecep:spe="weeps"
            ecep:syllab="1"
            ecep:pron="wiːps">weeps</w>
         <pc xml:id="tgaen-186000"
             n="a-0140"
             ecep:lem=","
             ecep:pos=","
             ecep:reg=","
             ecep:spe=",">,</pc>
      </l>
      <l n="2" xml:id="tgaen-l08615">
         <w xml:id="tgaen-186010"
            n="a-0150"
            ecep:lem="a"
            ecep:pos="dt"
            ecep:reg="A"
            ecep:spe="A"
            ecep:syllab="1"
            ecep:pron="ə">A</w>
         <c> </c>
         <w xml:id="tgaen-186020"
            n="a-0160"
            ecep:lem="friend"
            ecep:pos="n1"
            ecep:reg="friend"
            ecep:spe="friend"
            ecep:syllab="1"
            ecep:pron="frend">friend</w>
         <pc xml:id="tgaen-186030"
             n="a-0170"
             ecep:lem=","
             ecep:pos=","
             ecep:reg=","
             ecep:spe=",">,</pc>
         <c> </c>
         <w xml:id="tgaen-186040"
            n="a-0180"
            ecep:lem="a"
            ecep:pos="dt"
            ecep:reg="a"
            ecep:spe="a"
            ecep:syllab="1"
            ecep:pron="ə">a</w>
         <c> </c>
         <w xml:id="tgaen-186050"
            n="a-0190"
            ecep:lem="wife"
            ecep:pos="n1"
            ecep:reg="wife"
            ecep:spe="wife"
            ecep:syllab="1"
            ecep:pron="waɪf">wife</w>
         <pc xml:id="tgaen-186060"
             n="a-0200"
             ecep:lem=","
             ecep:pos=","
             ecep:reg=","
             ecep:spe=",">,</pc>
         <c> </c>
         <w xml:id="tgaen-186070"
            n="a-0210"
            ecep:lem="a"
            ecep:pos="dt"
            ecep:reg="a"
            ecep:spe="a"
            ecep:syllab="1"
            ecep:pron="ə">a</w>
         <c> </c>
         <w xml:id="tgaen-186080"
            n="a-0220"
            ecep:lem="mother"
            ecep:pos="n1"
            ecep:reg="mother"
            ecep:spe="mother"
            ecep:syllab="2"
            ecep:pron="ˈmʌðə">mother</w>
         <c> </c>
         <w xml:id="tgaen-186090"
            n="a-0230"
            ecep:lem="sleep"
            ecep:pos="vvz"
            ecep:reg="sleeps"
            ecep:spe="sleeps"
            ecep:syllab="1"
            ecep:pron="sliːps">sleeps</w>
         <pc xml:id="tgaen-186100"
             n="a-0240"
             ecep:lem=":"
             ecep:pos=":"
             ecep:reg=":"
             ecep:spe=":">:</pc>
      </l>
      <l n="3" xml:id="tgaen-l08620">
         <w xml:id="tgaen-186110"
            n="a-0010"
            ecep:lem="a"
            ecep:pos="dt"
            ecep:reg="A"
            ecep:spe="A"
            ecep:syllab="1"
            ecep:pron="ə">A</w>
         <c> </c>
         <w xml:id="tgaen-186120"
            n="a-0020"
            ecep:lem="heart"
            ecep:pos="n1"
            ecep:reg="heart"
            ecep:spe="heart"
            ecep:syllab="1"
            ecep:pron="hɑːt">heart</w>
         <pc xml:id="tgaen-186130"
             n="a-0030"
             ecep:lem=","
             ecep:pos=","
             ecep:reg=","
             ecep:spe=",">,</pc>
         <c> </c>
         <w xml:id="tgaen-186140"
            n="a-0040"
            ecep:lem="within"
            ecep:pos="p-acp"
            ecep:reg="within"
            ecep:spe="within"
            ecep:syllab="2"
            ecep:pron="wɪˈðɪn">within</w>
         <c> </c>
         <w xml:id="tgaen-186150"
            n="a-0050"
            ecep:lem="who"
            ecep:pos="r-crq"
            ecep:reg="whose"
            ecep:spe="whose"
            ecep:syllab="1"
            ecep:pron="huːz">whose</w>
         <c> </c>
         <w xml:id="tgaen-186160"
            n="a-0060"
            ecep:lem="sacred"
            ecep:pos="j"
            ecep:reg="sacred"
            ecep:spe="sacred"
            ecep:syllab="1"
            ecep:pron="ˈseɪkrɪd">sacred</w>
         <c> </c>
         <w xml:id="tgaen-186170"
            n="a-0070"
            ecep:lem="cell"
            ecep:pos="n1"
            ecep:reg="cell"
            ecep:spe="cell"
            ecep:syllab="1"
            ecep:pron="sel">cell</w>
      </l>
      <l n="4" xml:id="tgaen-l08625">
         <w xml:id="tgaen-186180"
            n="a-0080"
            ecep:lem="the"
            ecep:pos="dt"
            ecep:reg="The"
            ecep:spe="The"
            ecep:syllab="1"
            ecep:pron="ðiː">The</w>
         <c> </c>
         <w xml:id="tgaen-186190"
            n="a-0090"
            ecep:lem="peaceful"
            ecep:pos="j"
            ecep:reg="peaceful"
            ecep:spe="peaceful"
            ecep:syllab="2"
            ecep:pron="ˈpiːsfl">peaceful</w>
         <c> </c>
         <w xml:id="tgaen-186200"
            n="a-0100"
            ecep:lem="virtue"
            ecep:pos="n2"
            ecep:reg="virtues"
            ecep:spe="virtues"
            ecep:syllab="2"
            ecep:pron="ˈvɜːtʃuːz">virtues</w>
         <c> </c>
         <w xml:id="tgaen-186210"
            n="a-0110"
            ecep:lem="love"
            ecep:pos="vvd"
            ecep:reg="loved"
            ecep:spe="loved"
            ecep:syllab="1"
            ecep:pron="lʌvd">loved</w>
         <c> </c>
         <w xml:id="tgaen-186220"
            n="a-0120"
            ecep:lem="to"
            ecep:pos="pc-acp"
            ecep:reg="to"
            ecep:spe="to"
            ecep:syllab="1"
            ecep:pron="tuː">to</w>
         <c> </c>
         <w xml:id="tgaen-186230"
            n="a-0130"
            ecep:lem="dwell"
            ecep:pos="vvi"
            ecep:reg="dwell"
            ecep:spe="dwell"
            ecep:syllab="1"
            ecep:pron="dwel">dwell</w>
         <pc xml:id="tgaen-186240"
             n="a-0140"
             unit="sentence"
             ecep:lem="."
             ecep:pos="."
             ecep:reg="."
             ecep:spe=".">.</pc>
      </l>
      <l n="5" xml:id="tgaen-l08630">
         <w xml:id="tgaen-186250"
            n="a-0150"
            ecep:lem="affection"
            ecep:pos="n1"
            ecep:reg="Affection"
            ecep:spe="Affection"
            ecep:syllab="3"
            ecep:pron="əˈfekʃn">Affection</w>
         <c> </c>
         <w xml:id="tgaen-186260"
            n="a-0160"
            ecep:lem="warm"
            ecep:pos="j"
            ecep:reg="warm"
            ecep:spe="warm"
            ecep:syllab="1"
            ecep:pron="wɔːm">warm</w>
         <pc xml:id="tgaen-186270"
             n="a-0170"
             ecep:lem=","
             ecep:pos=","
             ecep:reg=","
             ecep:spe=",">,</pc>
         <c> </c>
         <w xml:id="tgaen-186280"
            n="a-0180"
            ecep:lem="and"
            ecep:pos="cc"
            ecep:reg="and"
            ecep:spe="and"
            ecep:syllab="1"
            ecep:pron="ænd">and</w>
         <c> </c>
         <w xml:id="tgaen-186290"
            n="a-0190"
            ecep:lem="faith"
            ecep:pos="n1"
            ecep:reg="faith"
            ecep:spe="faith"
            ecep:syllab="1"
            ecep:pron="feɪθ">faith</w>
         <c> </c>
         <w xml:id="tgaen-186300"
            n="a-0200"
            ecep:lem="sincere"
            ecep:pos="j"
            ecep:reg="sincere"
            ecep:spe="sincere"
            ecep:syllab="2"
            ecep:pron="sɪnˈsɪə">sincere</w>
         <pc xml:id="tgaen-186310"
             n="a-0210"
             ecep:lem=","
             ecep:pos=","
             ecep:reg=","
             ecep:spe=",">,</pc>
      </l>
      <l n="6" xml:id="tgaen-l08635">
         <w xml:id="tgaen-186320"
            n="a-0220"
            ecep:lem="and"
            ecep:pos="cc"
            ecep:reg="And"
            ecep:spe="And"
            ecep:syllab="1"
            ecep:pron="ænd">And</w>
         <c> </c>
         <w xml:id="tgaen-186330"
            n="a-0230"
            ecep:lem="soft"
            ecep:pos="j"
            ecep:reg="soft"
            ecep:spe="soft"
            ecep:syllab="1"
            ecep:pron="sɒft">soft</w>
         <c> </c>
         <w xml:id="tgaen-186340"
            n="a-0240"
            ecep:lem="humanity"
            ecep:pos="n1"
            ecep:reg="humanity"
            ecep:spe="humanity"
            ecep:syllab="4"
            ecep:pron="hjuːˈmænəti">humanity</w>
         <c> </c>
         <w xml:id="tgaen-186350"
            n="a-0250"
            ecep:lem="be"
            ecep:pos="vbdr"
            ecep:reg="were"
            ecep:spe="were"
            ecep:syllab="1"
            ecep:pron="wɜː">were</w>
         <c> </c>
         <w xml:id="tgaen-186360"
            n="a-0260"
            ecep:lem="there"
            ecep:pos="a-acp"
            ecep:reg="there"
            ecep:spe="there"
            ecep:syllab="1"
            ecep:pron="ðeə">there</w>
         <pc xml:id="tgaen-186370"
             n="a-0270"
             unit="sentence"
             ecep:lem="."
             ecep:pos="."
             ecep:reg="."
             ecep:spe=".">.</pc>
      </l>
      <l n="7" xml:id="tgaen-l08640">
         <w xml:id="tgaen-186380"
            n="a-0280"
            ecep:lem="in"
            ecep:pos="p-acp"
            ecep:reg="In"
            ecep:spe="In"
            ecep:syllab="1"
            ecep:pron="ɪn">In</w>
         <c> </c>
         <w xml:id="tgaen-186390"
            n="a-0290"
            ecep:lem="agony"
            ecep:pos="n1"
            ecep:reg="agony"
            ecep:spe="agony"
            ecep:syllab="3"
            ecep:pron="ˈægəni">agony</w>
         <pc xml:id="tgaen-186400"
             n="a-0300"
             ecep:lem=","
             ecep:pos=","
             ecep:reg=","
             ecep:spe=",">,</pc>
         <c> </c>
         <w xml:id="tgaen-186410"
            n="a-0310"
            ecep:lem="in"
            ecep:pos="p-acp"
            ecep:reg="in"
            ecep:spe="in"
            ecep:syllab="1"
            ecep:pron="ɪn">in</w>
         <c> </c>
         <w xml:id="tgaen-186420"
            n="a-0320"
            ecep:lem="death"
            ecep:pos="n1"
            ecep:reg="death"
            ecep:spe="death"
            ecep:syllab="1"
            ecep:pron="deθ">death</w>
         <pc xml:id="tgaen-186430"
             n="a-0330"
             ecep:lem=","
             ecep:pos=","
             ecep:reg=","
             ecep:spe=",">,</pc>
         <c> </c>
         <w xml:id="tgaen-186440"
            n="a-0340"
            ecep:lem="resign"
            ecep:pos="vvn"
            ecep:reg="resigned"
            ecep:spe="resigned"
            ecep:syllab="2"
            ecep:pron="rɪˈzaɪnd">resigned</w>
         <pc xml:id="tgaen-186450"
             n="a-0350"
             ecep:lem=","
             ecep:pos=","
             ecep:reg=","
             ecep:spe=",">,</pc>
      </l>
      <l n="8" xml:id="tgaen-l08645">
         <w xml:id="tgaen-186460"
            n="a-0360"
            ecep:lem="she"
            ecep:pos="pns31"
            ecep:reg="She"
            ecep:spe="She"
            ecep:syllab="1"
            ecep:pron="ʃiː">She</w>
         <c> </c>
         <w xml:id="tgaen-186470"
            n="a-0370"
            ecep:lem="feel"
            ecep:pos="vvd"
            ecep:reg="felt"
            ecep:spe="felt"
            ecep:syllab="1"
            ecep:pron="felt">felt</w>
         <c> </c>
         <w xml:id="tgaen-186480"
            n="a-0380"
            ecep:lem="the"
            ecep:pos="dt"
            ecep:reg="the"
            ecep:spe="the"
            ecep:syllab="1"
            ecep:pron="ðiː">the</w>
         <c> </c>
         <w xml:id="tgaen-186490"
            n="a-0390"
            ecep:lem="wound"
            ecep:pos="n1"
            ecep:reg="wound"
            ecep:spe="wound"
            ecep:syllab="1"
            ecep:pron="wuːnd">wound</w>
         <c> </c>
         <w xml:id="tgaen-186500"
            n="a-0400"
            ecep:lem="she"
            ecep:pos="pns31"
            ecep:reg="she"
            ecep:spe="she"
            ecep:syllab="1"
            ecep:pron="ʃiː">she</w>
         <c> </c>
         <w xml:id="tgaen-186510"
            n="a-0410"
            ecep:lem="leave"
            ecep:pos="vvd"
            ecep:reg="left"
            ecep:spe="left"
            ecep:syllab="1"
            ecep:pron="left">left</w>
         <c> </c>
         <w xml:id="tgaen-186520"
            n="a-0420"
            ecep:lem="behind"
            ecep:pos="a-acp"
            ecep:reg="behind"
            ecep:spe="behind"
            ecep:syllab="2"
            ecep:pron="bɪˈhaɪnd">behind</w>
         <pc xml:id="tgaen-186530"
             n="a-0430"
             unit="sentence"
             ecep:lem="."
             ecep:pos="."
             ecep:reg="."
             ecep:spe=".">.</pc>
      </l>
      <l n="9" xml:id="tgaen-l08650">
         <w xml:id="tgaen-186540"
            n="a-0440"
            ecep:lem="her"
            ecep:pos="po31"
            ecep:reg="Her"
            ecep:spe="Her"
            ecep:syllab="1"
            ecep:pron="hɜː">Her</w>
         <c> </c>
         <w xml:id="tgaen-186550"
            n="a-0450"
            ecep:lem="infant"
            ecep:pos="n1"
            ecep:reg="infant"
            ecep:spe="infant"
            ecep:syllab="2"
            ecep:pron="ˈɪnfənt">infant</w>
         <c> </c>
         <w xml:id="tgaen-186560"
            n="a-0460"
            ecep:lem="image"
            ecep:pos="n1"
            ecep:reg="image"
            ecep:spe="image"
            ecep:syllab="2"
            ecep:pron="ˈɪmɪdʒ">image</w>
         <pc xml:id="tgaen-186570"
             n="a-0470"
             ecep:lem=","
             ecep:pos=","
             ecep:reg=","
             ecep:spe=",">,</pc>
         <c> </c>
         <w xml:id="tgaen-186580"
            n="a-0480"
            ecep:lem="here"
            ecep:pos="av"
            ecep:reg="here"
            ecep:spe="here"
            ecep:syllab="1"
            ecep:pron="hɪə">here</w>
         <c> </c>
         <w xml:id="tgaen-186590"
            n="a-0490"
            ecep:lem="below"
            ecep:pos="a-acp"
            ecep:reg="below"
            ecep:spe="below"
            ecep:syllab="2"
            ecep:pron="bɪˈləʊ">below</w>
         <pc xml:id="tgaen-186600"
             n="a-0500"
             ecep:lem=","
             ecep:pos=","
             ecep:reg=","
             ecep:spe=",">,</pc>
      </l>
      <l n="10" xml:id="tgaen-l08655">
         <w xml:id="tgaen-186610"
            n="a-0510"
            ecep:lem="sit"
            ecep:pos="vvz"
            ecep:reg="Sits"
            ecep:spe="Sits"
            ecep:syllab="1"
            ecep:pron="sɪts">Sits</w>
         <c> </c>
         <w xml:id="tgaen-186620"
            n="a-0520"
            ecep:lem="smile"
            ecep:pos="vvg"
            ecep:reg="smiling"
            ecep:spe="smiling"
            ecep:syllab="2"
            ecep:pron="smaɪlɪŋ">smiling</w>
         <c> </c>
         <w xml:id="tgaen-186630"
            n="a-0530"
            ecep:lem="on"
            ecep:pos="p-acp"
            ecep:reg="on"
            ecep:spe="on"
            ecep:syllab="1"
            ecep:pron="ɒn">on</w>
         <c> </c>
         <w xml:id="tgaen-186640"
            n="a-0540"
            ecep:lem="a"
            ecep:pos="dt"
            ecep:reg="a"
            ecep:spe="a"
            ecep:syllab="1"
            ecep:pron="ə">a</w>
         <c> </c>
         <w xml:id="tgaen-186650"
            n="a-0550"
            ecep:lem="father"
            ecep:pos="ng1"
            ecep:reg="father's"
            ecep:spe="father's"
            ecep:syllab="2"
            ecep:pron="ˈfɑːðəz">father's</w>
         <c> </c>
         <w xml:id="tgaen-186660"
            n="a-0560"
            ecep:lem="woe"
            ecep:pos="n1"
            ecep:reg="woe"
            ecep:spe="woe"
            ecep:syllab="1"
            ecep:pron="wəʊ">woe</w>
         <pc xml:id="tgaen-186670"
             n="a-0570"
             ecep:lem=":"
             ecep:pos=":"
             ecep:reg=":"
             ecep:spe=":">:</pc>
      </l>
      <l n="11" xml:id="tgaen-l08660">
         <w xml:id="tgaen-186680"
            n="a-0580"
            ecep:lem="who"
            ecep:pos="q-crq"
            ecep:reg="Whom"
            ecep:spe="Whom"
            ecep:syllab="1"
            ecep:pron="huːm">Whom</w>
         <c> </c>
         <w xml:id="tgaen-186690"
            n="a-0590"
            ecep:lem="what"
            ecep:pos="r-crq"
            ecep:reg="what"
            ecep:spe="what"
            ecep:syllab="1"
            ecep:pron="wɒt">what</w>
         <c> </c>
         <w xml:id="tgaen-186700"
            n="a-0600"
            ecep:lem="await"
            ecep:pos="vvz"
            ecep:reg="awaits"
            ecep:spe="awaits"
            ecep:syllab="2"
            ecep:pron="əˈweɪts">awaits</w>
         <pc xml:id="tgaen-186710"
             n="a-0610"
             ecep:lem=","
             ecep:pos=","
             ecep:reg=","
             ecep:spe=",">,</pc>
         <c> </c>
         <w xml:id="tgaen-186720"
            n="a-0620"
            ecep:lem="while"
            ecep:pos="cs"
            ecep:reg="while"
            ecep:spe="while"
            ecep:syllab="1"
            ecep:pron="ˈwaɪl">while</w>
         <c> </c>
         <w xml:id="tgaen-186730"
            n="a-0630"
            ecep:lem="yet"
            ecep:pos="av"
            ecep:reg="yet"
            ecep:spe="yet"
            ecep:syllab="1"
            ecep:pron="jet">yet</w>
         <c> </c>
         <w xml:id="tgaen-186740"
            n="a-0640"
            ecep:lem="he"
            ecep:pos="pns31"
            ecep:reg="he"
            ecep:spe="he"
            ecep:syllab="1"
            ecep:pron="hiː">he</w>
         <c> </c>
         <w xml:id="tgaen-186750"
            n="a-0650"
            ecep:lem="stray"
            ecep:pos="vvz"
            ecep:reg="strays"
            ecep:spe="strays"
            ecep:syllab="1"
            ecep:pron="streɪz">strays</w>
      </l>
      <l n="12" xml:id="tgaen-l08665">
         <w xml:id="tgaen-186760"
            n="a-0660"
            ecep:lem="along"
            ecep:pos="a-acp"
            ecep:reg="Along"
            ecep:spe="Along"
            ecep:syllab="2"
            ecep:pron="əˈlɒŋ">Along</w>
         <c> </c>
         <w xml:id="tgaen-186770"
            n="a-0670"
            ecep:lem="the"
            ecep:pos="dt"
            ecep:reg="the"
            ecep:spe="the"
            ecep:syllab="1"
            ecep:pron="ðiː">the</w>
         <c> </c>
         <w xml:id="tgaen-186780"
            n="a-0680"
            ecep:lem="lonely"
            ecep:pos="j"
            ecep:reg="lonely"
            ecep:spe="lonely"
            ecep:syllab="2"
            ecep:pron="ˈləʊnli">lonely</w>
         <c> </c>
         <w xml:id="tgaen-186790"
            n="a-0690"
            ecep:lem="vale"
            ecep:pos="n1"
            ecep:reg="vale"
            ecep:spe="vale"
            ecep:syllab="1"
            ecep:pron="ˈvɑːleɪ">vale</w>
         <c> </c>
         <w xml:id="tgaen-186800"
            n="a-0700"
            ecep:lem="of"
            ecep:pos="pp-f"
            ecep:reg="of"
            ecep:spe="of"
            ecep:syllab="1"
            ecep:pron="ɒv">of</w>
         <c> </c>
         <w xml:id="tgaen-186810"
            n="a-0710"
            ecep:lem="day"
            ecep:pos="n2"
            ecep:reg="days"
            ecep:spe="days"
            ecep:syllab="1"
            ecep:pron="deɪz">days</w>
         <pc xml:id="tgaen-186820"
             n="a-0720"
             unit="sentence"
             ecep:lem="?"
             ecep:pos="?"
             ecep:reg="?"
             ecep:spe="?">?</pc>
      </l>
      <l n="13" xml:id="tgaen-l08670">
         <w xml:id="tgaen-186830"
            n="a-0730"
            ecep:lem="a"
            ecep:pos="dt"
            ecep:reg="A"
            ecep:spe="A"
            ecep:syllab="1"
            ecep:pron="ə">A</w>
         <c> </c>
         <w xml:id="tgaen-186840"
            n="a-0740"
            ecep:lem="pang"
            ecep:pos="n1"
            ecep:reg="pang"
            ecep:spe="pang"
            ecep:syllab="1"
            ecep:pron="pæŋ">pang</w>
         <pc xml:id="tgaen-186850"
             n="a-0750"
             ecep:lem=","
             ecep:pos=","
             ecep:reg=","
             ecep:spe=",">,</pc>
         <c> </c>
         <w xml:id="tgaen-186860"
            n="a-0760"
            ecep:lem="to"
            ecep:pos="p-acp"
            ecep:reg="to"
            ecep:spe="to"
            ecep:syllab="1"
            ecep:pron="tuː">to</w>
         <c> </c>
         <w xml:id="tgaen-186870"
            n="a-0770"
            ecep:lem="secret"
            ecep:pos="j-jn"
            ecep:reg="secret"
            ecep:spe="secret"
            ecep:syllab="2"
            ecep:pron="ˈsiːkrət">secret</w>
         <c> </c>
         <w xml:id="tgaen-186880"
            n="a-0780"
            ecep:lem="sorrow"
            ecep:pos="n1"
            ecep:reg="sorrow"
            ecep:spe="sorrow"
            ecep:syllab="2"
            ecep:pron="ˈsɒrəʊ">sorrow</w>
         <c> </c>
         <w xml:id="tgaen-186890"
            n="a-0790"
            ecep:lem="dear"
            ecep:pos="j-jn"
            ecep:reg="dear"
            ecep:spe="dear"
            ecep:syllab="1"
            ecep:pron="dɪə">dear</w>
         <pc xml:id="tgaen-186900"
             n="a-0800"
             ecep:lem=";"
             ecep:pos=";"
             ecep:reg=";"
             ecep:spe=";">;</pc>
      </l>
      <l n="14" xml:id="tgaen-l08675">
         <w xml:id="tgaen-186910"
            n="a-0810"
            ecep:lem="a"
            ecep:pos="dt"
            ecep:reg="A"
            ecep:spe="A"
            ecep:syllab="1"
            ecep:pron="ə">A</w>
         <c> </c>
         <w xml:id="tgaen-186920"
            n="a-0820"
            ecep:lem="sigh"
            ecep:pos="n1"
            ecep:reg="sigh"
            ecep:spe="sigh"
            ecep:syllab="1"
            ecep:pron="saɪ">sigh</w>
         <pc xml:id="tgaen-186930"
             n="a-0830"
             ecep:lem=";"
             ecep:pos=";"
             ecep:reg=";"
             ecep:spe=";">;</pc>
         <c> </c>
         <w xml:id="tgaen-186940"
            n="a-0840"
            ecep:lem="a"
            ecep:pos="dt"
            ecep:reg="an"
            ecep:spe="an"
            ecep:syllab="1"
            ecep:pron="æn">an</w>
         <c> </c>
         <w xml:id="tgaen-186950"
            n="a-0850"
            ecep:lem="unavailing"
            ecep:pos="j"
            ecep:reg="unavailing"
            ecep:spe="unavailing"
            ecep:syllab="4"
            ecep:pron="ˌʌnəˈveɪlɪŋ">unavailing</w>
         <c> </c>
         <w xml:id="tgaen-186960"
            n="a-0860"
            ecep:lem="tear"
            ecep:pos="n1"
            ecep:reg="tear"
            ecep:spe="tear"
            ecep:syllab="1"
            ecep:pron="tɪə">tear</w>
         <pc xml:id="tgaen-186970"
             n="a-0870"
             ecep:lem=";"
             ecep:pos=";"
             ecep:reg=";"
             ecep:spe=";">;</pc>
      </l>
      <l n="15" xml:id="tgaen-l08680">
         <w xml:id="tgaen-186980"
            n="a-0880"
            ecep:lem="till"
            ecep:pos="c-acp"
            ecep:reg="Till"
            ecep:spe="Till"
            ecep:syllab="1"
            ecep:pron="tɪl">Till</w>
         <c> </c>
         <w xml:id="tgaen-186990"
            n="a-0890"
            ecep:lem="time"
            ecep:pos="n1"
            ecep:reg="time"
            ecep:spe="time"
            ecep:syllab="1"
            ecep:pron="taɪm">time</w>
         <c> </c>
         <w xml:id="tgaen-187000"
            n="a-0900"
            ecep:lem="shall"
            ecep:pos="vmb"
            ecep:reg="shall"
            ecep:spe="shall"
            ecep:syllab="1"
            ecep:pron="ʃæl">shall</w>
         <c> </c>
         <w xml:id="tgaen-187010"
            n="a-0910"
            ecep:lem="every"
            ecep:pos="d"
            ecep:reg="every"
            ecep:spe="every"
            ecep:syllab="2"
            ecep:pron="ˈevri">every</w>
         <c> </c>
         <w xml:id="tgaen-187020"
            n="a-0920"
            ecep:lem="grief"
            ecep:pos="n1"
            ecep:reg="grief"
            ecep:spe="grief"
            ecep:syllab="1"
            ecep:pron="griːf">grief</w>
         <c> </c>
         <w xml:id="tgaen-187030"
            n="a-0930"
            ecep:lem="remove"
            ecep:pos="vvi"
            ecep:reg="remove"
            ecep:spe="remove"
            ecep:syllab="2"
            ecep:pron="rɪˈmuːv">remove</w>
         <pc xml:id="tgaen-187040"
             n="a-0940"
             ecep:lem=","
             ecep:pos=","
             ecep:reg=","
             ecep:spe=",">,</pc>
      </l>
      <l n="16" xml:id="tgaen-l08685">
         <w xml:id="tgaen-187050"
            n="a-0950"
            ecep:lem="with"
            ecep:pos="p-acp"
            ecep:reg="With"
            ecep:spe="With"
            ecep:syllab="1"
            ecep:pron="wɪð">With</w>
         <c> </c>
         <w xml:id="tgaen-187060"
            n="a-0960"
            ecep:lem="life"
            ecep:pos="n1"
            ecep:reg="life"
            ecep:spe="life"
            ecep:syllab="1"
            ecep:pron="laɪf">life</w>
         <pc xml:id="tgaen-187070"
             n="a-0970"
             ecep:lem=","
             ecep:pos=","
             ecep:reg=","
             ecep:spe=",">,</pc>
         <c> </c>
         <w xml:id="tgaen-187080"
            n="a-0980"
            ecep:lem="with"
            ecep:pos="p-acp"
            ecep:reg="with"
            ecep:spe="with"
            ecep:syllab="1"
            ecep:pron="wɪð">with</w>
         <c> </c>
         <w xml:id="tgaen-187090"
            n="a-0990"
            ecep:lem="memory"
            ecep:pos="n1"
            ecep:reg="memory"
            ecep:spe="memory"
            ecep:syllab="3"
            ecep:pron="ˈmemri">memory</w>
         <pc xml:id="tgaen-187100"
             n="a-1000"
             ecep:lem=","
             ecep:pos=","
             ecep:reg=","
             ecep:spe=",">,</pc>
         <c> </c>
         <w xml:id="tgaen-187110"
            n="a-1010"
            ecep:lem="and"
            ecep:pos="cc"
            ecep:reg="and"
            ecep:spe="and"
            ecep:syllab="1"
            ecep:pron="ænd">and</w>
         <c> </c>
         <w xml:id="tgaen-187120"
            n="a-1020"
            ecep:lem="with"
            ecep:pos="p-acp"
            ecep:reg="with"
            ecep:spe="with"
            ecep:syllab="1"
            ecep:pron="wɪð">with</w>
         <c> </c>
         <w xml:id="tgaen-187130"
            n="a-1030"
            ecep:lem="love"
            ecep:pos="n1"
            ecep:reg="love"
            ecep:spe="love"
            ecep:syllab="1"
            ecep:pron="lʌv">love</w>
         <pc xml:id="tgaen-187140"
             n="a-1040"
             unit="sentence"
             ecep:lem="."
             ecep:pos="."
             ecep:reg="."
             ecep:spe=".">.</pc>
      </l>
   </lg>
</div>
