<?xml version="1.0" encoding="UTF-8"?>
<?xml-model href="../tei_all.rnc" type="application/relax-ng-compact-syntax"?>
<TEI xmlns="http://www.tei-c.org/ns/1.0">
   <teiHeader>
      <fileDesc>
         <titleStmt>
            <title corresp="#txt_Anon000028_w0004">TO THE SAME, WITH SHENSTONE'S WORKS, AFTER HAVING VISITED THE LEASOWES TOGETHER.</title>
            <author corresp="authors.xml#aut_Anon000028">Anonymous</author>
            <respStmt>
               <name xml:id="AH">Alexander Huber</name>
               <resp>Editor</resp>
            </respStmt>
            <funder>
               <name type="institution" xml:id="BOD">Bodleian Libraries, University of Oxford</name>
               <address>
                  <addrLine>Broad Street</addrLine>
                  <addrLine>Oxford OX1 3BG</addrLine>
                  <addrLine>UK</addrLine>
               </address>
            </funder>
         </titleStmt>
         <publicationStmt>
            <publisher xml:id="ECPA">Eighteenth-Century Poetry Archive</publisher>
            <address>
               <addrLine>Taylor Institution Library</addrLine>
               <addrLine>St Giles'</addrLine>
               <addrLine>Oxford OX1 3NA</addrLine>
               <addrLine>UK</addrLine>
               <addrLine>
                  <email>info@eighteenthcenturypoetry.org</email>
               </addrLine>
               <addrLine>
                  <ref target="https://www.eighteenthcenturypoetry.org/">https://www.eighteenthcenturypoetry.org/</ref>
               </addrLine>
            </address>
            <pubPlace>Oxford</pubPlace>
            <availability status="restricted">
               <licence target="http://creativecommons.org/licenses/by-sa/3.0/">This work is licensed under a Creative Commons Attribution-ShareAlike 3.0 Unported License.</licence>
            </availability>
            <idno type="ESTC">T116245</idno>
            <idno type="DMI">1136</idno>
            <idno type="TCP">K093079.003</idno>
         </publicationStmt>
         <sourceDesc>
            <bibl>
               <author>Pearch, G.</author>
               <title>A collection of poems in four volumes. By several hands. Vol. III.</title>
               <edition>[The second edition].</edition>
               <pubPlace>London</pubPlace>
               <publisher>printed for G. Pearch</publisher>
               <date>1770</date>
               <biblScope>pp. 46-47.</biblScope>
               <extent>4v. ; 8⁰.</extent>
            </bibl>
         </sourceDesc>
      </fileDesc>
      <encodingDesc>
         <projectDesc>
            <p>This e-text is part of the Works section of the Eighteenth-Century Poetry Archive (ECPA).</p>
            <p>XML created for the Eighteenth-Century Poetry Archive (ECPA).</p>
         </projectDesc>
         <editorialDecl>
            <p>The text has been typographically modernized, but without any silent modernization of
						spelling, capitalization, or punctuation. The source of the text is given and all editorial interventions
						have been recorded in textual notes. Based on the electronic text originally produced by the TCP project, this  text has been edited to conform to the recommendations found in Level 5 of the
						Best Practices for TEI in Libraries version 4.0.0.
					</p>
         </editorialDecl>
         <classDecl>
            <taxonomy xml:id="LCNAF">
               <bibl>Library of Congress Name Authority File (<abbr>LCNAF</abbr>)</bibl>
            </taxonomy>
         </classDecl>
         <tagsDecl>
            <rendition n="linegroups indented" xml:id="lgindent" scheme="css">text-indent: 1em;</rendition>
            <rendition n="linegroups vertically spaced" xml:id="lgvspace" scheme="css">margin-bottom: 1em;</rendition>
            <rendition n="aligned centrally" xml:id="align-center" scheme="css">text-align: center;</rendition>
            <rendition n="aligned right" xml:id="align-right" scheme="css">text-align: right;</rendition>
            <rendition n="aligned left" xml:id="align-left" scheme="css">text-align: left;</rendition>
            <rendition n="inline" xml:id="inline" scheme="css">display: inline</rendition>
            <rendition n="italic" xml:id="i" scheme="css">font-style: italic;</rendition>
            <rendition n="bold" xml:id="b" scheme="css">font-weight: bold;</rendition>
         </tagsDecl>
      </encodingDesc>
   </teiHeader>
   <text>
      <body>
         <div xmlns:ecep="http://www.eighteenthcenturypoetry.org/ns"
              ana="#anapaest #trimeter #quatrain #cross #address"
              corresp="#txt_Anon000028_w0004"
              decls="#semi-normalized"
              ecep:syllab="9.9.9.9"
              met="--+|--+|--+/ --+|--+|--+/ --+|--+|--+/ --+|--+|--+/"
              rendition="#lgvspace"
              rhyme="abab"
              subtype="eceptext"
              type="poem"
              xml:id="o4986-w0130">
            <link target="authors.xml#aut_Anon000028" type="author"/>
            <link target="32550" type="DMI"/>
            <head type="main">
               <w xmlns:ecep="http://www.eighteenthcenturypoetry.org/ns"
                  xml:id="o4986-093350"
                  n="48-a-0590"
                  ecep:lem="to"
                  ecep:pos="p-acp"
                  ecep:reg="TO"
                  ecep:spe="TO"
                  ecep:syllab="1"
                  ecep:pron="tuː">TO</w>
               <c> </c>
               <w xmlns:ecep="http://www.eighteenthcenturypoetry.org/ns"
                  xml:id="o4986-093360"
                  n="48-a-0600"
                  ecep:lem="the"
                  ecep:pos="dt"
                  ecep:reg="THE"
                  ecep:spe="THE"
                  ecep:syllab="1"
                  ecep:pron="ðiː">THE</w>
               <c> </c>
               <w xmlns:ecep="http://www.eighteenthcenturypoetry.org/ns"
                  xml:id="o4986-093370"
                  n="48-a-0610"
                  ecep:lem="same"
                  ecep:pos="d"
                  ecep:reg="SAME"
                  ecep:spe="SAME"
                  ecep:syllab="1"
                  ecep:pron="seɪm">SAME</w>
               <pc xmlns:ecep="http://www.eighteenthcenturypoetry.org/ns"
                   xml:id="o4986-093380"
                   n="48-a-0620"
                   ecep:lem=","
                   ecep:pos=","
                   ecep:reg=","
                   ecep:spe=",">,</pc>
               <c> </c>
               <w xmlns:ecep="http://www.eighteenthcenturypoetry.org/ns"
                  xml:id="o4986-093390"
                  n="48-a-0630"
                  ecep:lem="with"
                  ecep:pos="p-acp"
                  ecep:reg="WITH"
                  ecep:spe="WITH"
                  ecep:syllab="1"
                  ecep:pron="wɪð">WITH</w>
               <c> </c>
               <w xmlns:ecep="http://www.eighteenthcenturypoetry.org/ns"
                  xml:id="o4986-093400"
                  n="48-a-0640"
                  ecep:lem="shenstone"
                  ecep:pos="npg1"
                  ecep:reg="SHENSTONE'S"
                  ecep:spe="SHENSTONE'S"
                  ecep:syllab="3"
                  ecep:pron="ʃˈenstəʊnz">SHENSTONE'S</w>
               <c> </c>
               <w xmlns:ecep="http://www.eighteenthcenturypoetry.org/ns"
                  xml:id="o4986-093410"
                  n="48-a-0650"
                  ecep:lem="work"
                  ecep:pos="n2"
                  ecep:reg="WORKS"
                  ecep:spe="WORKS"
                  ecep:syllab="1"
                  ecep:pron="wɜːks">WORKS</w>
               <pc xmlns:ecep="http://www.eighteenthcenturypoetry.org/ns"
                   xml:id="o4986-093420"
                   n="48-a-0660"
                   ecep:lem=","
                   ecep:pos=","
                   ecep:reg=","
                   ecep:spe=",">,</pc>
               <c> </c>
               <w xmlns:ecep="http://www.eighteenthcenturypoetry.org/ns"
                  xml:id="o4986-093430"
                  n="48-a-0670"
                  ecep:lem="after"
                  ecep:pos="p-acp"
                  ecep:reg="AFTER"
                  ecep:spe="AFTER"
                  ecep:syllab="2"
                  ecep:pron="ˈɑːftə">AFTER</w>
               <c> </c>
               <w xmlns:ecep="http://www.eighteenthcenturypoetry.org/ns"
                  xml:id="o4986-093440"
                  n="48-a-0680"
                  ecep:lem="have"
                  ecep:pos="vhg"
                  ecep:reg="HAVING"
                  ecep:spe="HAVING"
                  ecep:syllab="2"
                  ecep:pron="ˈhævɪŋ">HAVING</w>
               <c> </c>
               <w xmlns:ecep="http://www.eighteenthcenturypoetry.org/ns"
                  xml:id="o4986-093450"
                  n="48-a-0690"
                  ecep:lem="visit"
                  ecep:pos="vvn"
                  ecep:reg="VISITED"
                  ecep:spe="VISITED"
                  ecep:syllab="3"
                  ecep:pron="ˈvɪzɪtɪd">VISITED</w>
               <c> </c>
               <w xmlns:ecep="http://www.eighteenthcenturypoetry.org/ns"
                  xml:id="o4986-093460"
                  n="48-a-0700"
                  ecep:lem="the"
                  ecep:pos="dt"
                  ecep:reg="THE"
                  ecep:spe="THE"
                  ecep:syllab="1"
                  ecep:pron="ðiː">THE</w>
               <c> </c>
               <w xmlns:ecep="http://www.eighteenthcenturypoetry.org/ns"
                  xml:id="o4986-093470"
                  n="48-a-0710"
                  ecep:lem="leasowes"
                  ecep:pos="np1"
                  ecep:reg="LEASOWES"
                  ecep:spe="LEASOWES"
                  ecep:syllab="3"
                  ecep:pron="lˈiːsəʊz">LEASOWES</w>
               <c> </c>
               <w xmlns:ecep="http://www.eighteenthcenturypoetry.org/ns"
                  xml:id="o4986-093480"
                  n="48-a-0720"
                  ecep:lem="together"
                  ecep:pos="av"
                  ecep:reg="TOGETHER"
                  ecep:spe="TOGETHER"
                  ecep:syllab="3"
                  ecep:pron="təˈgeðə">TOGETHER</w>
               <pc xmlns:ecep="http://www.eighteenthcenturypoetry.org/ns"
                   xml:id="o4986-093490"
                   n="48-a-0730"
                   unit="sentence"
                   ecep:lem="."
                   ecep:pos="."
                   ecep:reg="."
                   ecep:spe=".">.</pc>
            </head>
            <byline>
               <w xmlns:ecep="http://www.eighteenthcenturypoetry.org/ns"
                  xml:id="o4986-093520"
                  n="48-a-0740"
                  ecep:lem="by"
                  ecep:pos="p-acp"
                  ecep:reg="BY"
                  ecep:spe="BY"
                  ecep:syllab="1"
                  ecep:pron="baɪ">BY</w>
               <c> </c>
               <w xmlns:ecep="http://www.eighteenthcenturypoetry.org/ns"
                  xml:id="o4986-093530"
                  n="48-a-0750"
                  ecep:lem="the"
                  ecep:pos="dt"
                  ecep:reg="THE"
                  ecep:spe="THE"
                  ecep:syllab="1"
                  ecep:pron="ðiː">THE</w>
               <c> </c>
               <w xmlns:ecep="http://www.eighteenthcenturypoetry.org/ns"
                  xml:id="o4986-093540"
                  n="48-a-0760"
                  ecep:lem="same"
                  ecep:pos="d"
                  ecep:reg="SAME"
                  ecep:spe="SAME"
                  ecep:syllab="1"
                  ecep:pron="seɪm">SAME</w>
               <pc xmlns:ecep="http://www.eighteenthcenturypoetry.org/ns"
                   xml:id="o4986-093550"
                   n="48-a-0770"
                   unit="sentence"
                   ecep:lem="."
                   ecep:pos="."
                   ecep:reg="."
                   ecep:spe=".">.</pc>
            </byline>
            <lg xml:id="o4986-s00935">
               <l xml:id="o4986-l04830">
                  <w xmlns:ecep="http://www.eighteenthcenturypoetry.org/ns"
                     xml:id="o4986-093580"
                     n="48-a-0780"
                     ecep:lem="to"
                     ecep:pos="p-acp"
                     ecep:reg="TO"
                     ecep:spe="TO"
                     ecep:syllab="1"
                     ecep:pron="tuː">TO</w>
                  <c> </c>
                  <w xmlns:ecep="http://www.eighteenthcenturypoetry.org/ns"
                     xml:id="o4986-093590"
                     n="48-a-0790"
                     ecep:lem="speed"
                     ecep:pos="n1"
                     ecep:reg="speed"
                     ecep:spe="speed"
                     ecep:syllab="1"
                     ecep:pron="spiːd">speed</w>
                  <c> </c>
                  <w xmlns:ecep="http://www.eighteenthcenturypoetry.org/ns"
                     xml:id="o4986-093600"
                     n="48-a-0800"
                     ecep:lem="the"
                     ecep:pos="dt"
                     ecep:reg="the"
                     ecep:spe="the"
                     ecep:syllab="1"
                     ecep:pron="ðiː">the</w>
                  <c> </c>
                  <w xmlns:ecep="http://www.eighteenthcenturypoetry.org/ns"
                     xml:id="o4986-093610"
                     n="48-a-0810"
                     ecep:lem="sad"
                     ecep:pos="j"
                     ecep:reg="sad"
                     ecep:spe="sad"
                     ecep:syllab="1"
                     ecep:pron="sæd">sad</w>
                  <c> </c>
                  <w xmlns:ecep="http://www.eighteenthcenturypoetry.org/ns"
                     xml:id="o4986-093620"
                     n="48-a-0820"
                     ecep:lem="moment"
                     ecep:pos="n2"
                     ecep:reg="moments"
                     ecep:spe="moments"
                     ecep:syllab="2"
                     ecep:pron="ˈməʊmənts">moments</w>
                  <c> </c>
                  <w xmlns:ecep="http://www.eighteenthcenturypoetry.org/ns"
                     xml:id="o4986-093630"
                     n="48-a-0830"
                     ecep:lem="away"
                     ecep:pos="av"
                     ecep:reg="away"
                     ecep:spe="away"
                     ecep:syllab="2"
                     ecep:pron="əˈweɪ">away</w>
                  <pc xmlns:ecep="http://www.eighteenthcenturypoetry.org/ns"
                      xml:id="o4986-093640"
                      n="48-a-0840"
                      ecep:lem=","
                      ecep:pos=","
                      ecep:reg=","
                      ecep:spe=",">,</pc>
               </l>
               <l xml:id="o4986-l04835">
                  <c> </c>
                  <w xmlns:ecep="http://www.eighteenthcenturypoetry.org/ns"
                     xml:id="o4986-093650"
                     n="48-a-0850"
                     ecep:lem="which"
                     ecep:pos="r-crq"
                     ecep:reg="Which"
                     ecep:spe="Which"
                     ecep:syllab="1"
                     ecep:pron="wɪtʃ">Which</w>
                  <c> </c>
                  <w xmlns:ecep="http://www.eighteenthcenturypoetry.org/ns"
                     xml:id="o4986-093660"
                     n="48-a-0860"
                     ecep:lem="by"
                     ecep:pos="p-acp"
                     ecep:reg="by"
                     ecep:spe="by"
                     ecep:syllab="1"
                     ecep:pron="baɪ">by</w>
                  <c> </c>
                  <w xmlns:ecep="http://www.eighteenthcenturypoetry.org/ns"
                     xml:id="o4986-093670"
                     n="48-a-0870"
                     ecep:lem="absence"
                     ecep:pos="n1"
                     ecep:reg="absence"
                     ecep:spe="absence"
                     ecep:syllab="2"
                     ecep:pron="ˈæbsns">absence</w>
                  <c> </c>
                  <w xmlns:ecep="http://www.eighteenthcenturypoetry.org/ns"
                     xml:id="o4986-093680"
                     n="48-a-0880"
                     ecep:lem="seem"
                     ecep:pos="vvb"
                     ecep:reg="seem"
                     ecep:spe="seem"
                     ecep:syllab="1"
                     ecep:pron="siːm">seem</w>
                  <c> </c>
                  <w xmlns:ecep="http://www.eighteenthcenturypoetry.org/ns"
                     xml:id="o4986-093690"
                     n="48-a-0890"
                     ecep:lem="tedious"
                     ecep:pos="j"
                     ecep:reg="tedious"
                     ecep:spe="tedious"
                     ecep:syllab="3"
                     ecep:pron="ˈtiːdiəs">tedious</w>
                  <c> </c>
                  <w xmlns:ecep="http://www.eighteenthcenturypoetry.org/ns"
                     xml:id="o4986-093700"
                     n="48-a-0900"
                     ecep:lem="and"
                     ecep:pos="cc"
                     ecep:reg="and"
                     ecep:spe="and"
                     ecep:syllab="1"
                     ecep:pron="ænd">and</w>
                  <c> </c>
                  <w xmlns:ecep="http://www.eighteenthcenturypoetry.org/ns"
                     xml:id="o4986-093710"
                     n="48-a-0910"
                     ecep:lem="slow"
                     ecep:pos="j"
                     ecep:reg="slow"
                     ecep:spe="slow"
                     ecep:syllab="1"
                     ecep:pron="sləʊ">slow</w>
                  <pc xmlns:ecep="http://www.eighteenthcenturypoetry.org/ns"
                      xml:id="o4986-093720"
                      n="48-a-0920"
                      ecep:lem=","
                      ecep:pos=","
                      ecep:reg=","
                      ecep:spe=",">,</pc>
               </l>
               <l xml:id="o4986-l04840">
                  <c> </c>
                  <w xmlns:ecep="http://www.eighteenthcenturypoetry.org/ns"
                     xml:id="o4986-093730"
                     n="48-a-0930"
                     ecep:lem="attend"
                     ecep:pos="vvb"
                     ecep:reg="Attend"
                     ecep:spe="Attend"
                     ecep:syllab="2"
                     ecep:pron="əˈtend">Attend</w>
                  <pc xmlns:ecep="http://www.eighteenthcenturypoetry.org/ns"
                      xml:id="o4986-093740"
                      n="48-a-0940"
                      ecep:lem=","
                      ecep:pos=","
                      ecep:reg=","
                      ecep:spe=",">,</pc>
                  <c> </c>
                  <w xmlns:ecep="http://www.eighteenthcenturypoetry.org/ns"
                     xml:id="o4986-093750"
                     n="48-a-0950"
                     ecep:lem="my"
                     ecep:pos="po11"
                     ecep:reg="my"
                     ecep:spe="my"
                     ecep:syllab="1"
                     ecep:pron="maɪ">my</w>
                  <c> </c>
                  <w xmlns:ecep="http://www.eighteenthcenturypoetry.org/ns"
                     xml:id="o4986-093760"
                     n="48-a-0960"
                     ecep:lem="dear"
                     ecep:pos="j-jn"
                     ecep:reg="dear"
                     ecep:spe="dear"
                     ecep:syllab="1"
                     ecep:pron="dɪə">dear</w>
                  <c> </c>
                  <w xmlns:ecep="http://www.eighteenthcenturypoetry.org/ns"
                     xml:id="o4986-093770"
                     n="48-a-0970"
                     ecep:lem="girl"
                     ecep:pos="n1"
                     ecep:reg="girl"
                     ecep:spe="girl"
                     ecep:syllab="1"
                     ecep:pron="gɜːl">girl</w>
                  <pc xmlns:ecep="http://www.eighteenthcenturypoetry.org/ns"
                      xml:id="o4986-093780"
                      n="48-a-0980"
                      ecep:lem=","
                      ecep:pos=","
                      ecep:reg=","
                      ecep:spe=",">,</pc>
                  <c> </c>
                  <w xmlns:ecep="http://www.eighteenthcenturypoetry.org/ns"
                     xml:id="o4986-093790"
                     n="48-a-0990"
                     ecep:lem="to"
                     ecep:pos="p-acp"
                     ecep:reg="to"
                     ecep:spe="to"
                     ecep:syllab="1"
                     ecep:pron="tuː">to</w>
                  <c> </c>
                  <w xmlns:ecep="http://www.eighteenthcenturypoetry.org/ns"
                     xml:id="o4986-093800"
                     n="48-a-1000"
                     ecep:lem="the"
                     ecep:pos="dt"
                     ecep:reg="the"
                     ecep:spe="the"
                     ecep:syllab="1"
                     ecep:pron="ðiː">the</w>
                  <c> </c>
                  <w xmlns:ecep="http://www.eighteenthcenturypoetry.org/ns"
                     xml:id="o4986-093810"
                     n="48-a-1010"
                     ecep:lem="lay"
                     ecep:pos="n-jn"
                     ecep:reg="lay"
                     ecep:spe="lay"
                     ecep:syllab="1"
                     ecep:pron="leɪ">lay</w>
               </l>
               <l xml:id="o4986-l04845">
                  <c> </c>
                  <w xmlns:ecep="http://www.eighteenthcenturypoetry.org/ns"
                     xml:id="o4986-093820"
                     n="48-a-1020"
                     ecep:lem="that"
                     ecep:pos="cst"
                     ecep:reg="That"
                     ecep:spe="That"
                     ecep:syllab="1"
                     ecep:pron="ðæt">That</w>
                  <c> </c>
                  <w xmlns:ecep="http://www.eighteenthcenturypoetry.org/ns"
                     xml:id="o4986-093830"
                     n="48-a-1030"
                     ecep:lem="love"
                     ecep:pos="n1"
                     ecep:reg="Love"
                     ecep:spe="Love"
                     ecep:syllab="1"
                     ecep:pron="lʌv">Love</w>
                  <c> </c>
                  <w xmlns:ecep="http://www.eighteenthcenturypoetry.org/ns"
                     xml:id="o4986-093840"
                     n="48-a-1040"
                     ecep:lem="teach"
                     ecep:pos="vvd"
                     ecep:reg="taught"
                     ecep:spe="taught"
                     ecep:syllab="1"
                     ecep:pron="tɔːt">taught</w>
                  <c> </c>
                  <w xmlns:ecep="http://www.eighteenthcenturypoetry.org/ns"
                     xml:id="o4986-093850"
                     n="48-a-1050"
                     ecep:lem="so"
                     ecep:pos="av"
                     ecep:reg="so"
                     ecep:spe="so"
                     ecep:syllab="1"
                     ecep:pron="səʊ">so</w>
                  <c> </c>
                  <w xmlns:ecep="http://www.eighteenthcenturypoetry.org/ns"
                     xml:id="o4986-093860"
                     n="48-a-1060"
                     ecep:lem="sweet"
                     ecep:pos="av-j"
                     ecep:reg="sweetly"
                     ecep:spe="sweetly"
                     ecep:syllab="2"
                     ecep:pron="swiːtli">sweetly</w>
                  <c> </c>
                  <w xmlns:ecep="http://www.eighteenthcenturypoetry.org/ns"
                     xml:id="o4986-093870"
                     n="48-a-1070"
                     ecep:lem="to"
                     ecep:pos="pc-acp"
                     ecep:reg="to"
                     ecep:spe="to"
                     ecep:syllab="1"
                     ecep:pron="tuː">to</w>
                  <c> </c>
                  <w xmlns:ecep="http://www.eighteenthcenturypoetry.org/ns"
                     xml:id="o4986-093880"
                     n="48-a-1080"
                     ecep:lem="flow"
                     ecep:pos="vvi"
                     ecep:reg="flow"
                     ecep:spe="flow"
                     ecep:syllab="1"
                     ecep:pron="fləʊ">flow</w>
                  <pc xmlns:ecep="http://www.eighteenthcenturypoetry.org/ns"
                      xml:id="o4986-093890"
                      n="48-a-1090"
                      unit="sentence"
                      ecep:lem="."
                      ecep:pos="."
                      ecep:reg="."
                      ecep:spe=".">.</pc>
                  <c> </c>
               </l>
            </lg>
            <lg xml:id="o4986-s00940">
               <l xml:id="o4986-l04850">
                  <w xmlns:ecep="http://www.eighteenthcenturypoetry.org/ns"
                     xml:id="o4986-093920"
                     n="48-a-1100"
                     ecep:lem="through"
                     ecep:pos="p-acp"
                     ecep:reg="Through"
                     ecep:spe="Thro'"
                     ecep:syllab="1"
                     ecep:pron="θruː">Thro'</w>
                  <c> </c>
                  <w xmlns:ecep="http://www.eighteenthcenturypoetry.org/ns"
                     xml:id="o4986-093930"
                     n="48-a-1110"
                     ecep:lem="the"
                     ecep:pos="dt"
                     ecep:reg="the"
                     ecep:spe="the"
                     ecep:syllab="1"
                     ecep:pron="ðiː">the</w>
                  <c> </c>
                  <w xmlns:ecep="http://www.eighteenthcenturypoetry.org/ns"
                     xml:id="o4986-093940"
                     n="48-a-1120"
                     ecep:lem="region"
                     ecep:pos="n2"
                     ecep:reg="regions"
                     ecep:spe="regions"
                     ecep:syllab="2"
                     ecep:pron="ˈriːdʒnz">regions</w>
                  <c> </c>
                  <w xmlns:ecep="http://www.eighteenthcenturypoetry.org/ns"
                     xml:id="o4986-093950"
                     n="48-a-1130"
                     ecep:lem="of"
                     ecep:pos="pp-f"
                     ecep:reg="of"
                     ecep:spe="of"
                     ecep:syllab="1"
                     ecep:pron="ɒv">of</w>
                  <c> </c>
                  <w xmlns:ecep="http://www.eighteenthcenturypoetry.org/ns"
                     xml:id="o4986-093960"
                     n="48-a-1140"
                     ecep:lem="quiet"
                     ecep:pos="j-jn"
                     ecep:reg="quiet"
                     ecep:spe="quiet"
                     ecep:syllab="2"
                     ecep:pron="kwæət">quiet</w>
                  <c> </c>
                  <w xmlns:ecep="http://www.eighteenthcenturypoetry.org/ns"
                     xml:id="o4986-093970"
                     n="48-a-1150"
                     ecep:lem="and"
                     ecep:pos="cc"
                     ecep:reg="and"
                     ecep:spe="and"
                     ecep:syllab="1"
                     ecep:pron="ænd">and</w>
                  <c> </c>
                  <w xmlns:ecep="http://www.eighteenthcenturypoetry.org/ns"
                     xml:id="o4986-093980"
                     n="48-a-1160"
                     ecep:lem="joy"
                     ecep:pos="n1"
                     ecep:reg="joy"
                     ecep:spe="joy"
                     ecep:syllab="1"
                     ecep:pron="dʒɔɪ">joy</w>
                  <pc xmlns:ecep="http://www.eighteenthcenturypoetry.org/ns"
                      xml:id="o4986-093990"
                      n="48-a-1170"
                      ecep:lem=","
                      ecep:pos=","
                      ecep:reg=","
                      ecep:spe=",">,</pc>
               </l>
               <l xml:id="o4986-l04855">
                  <c> </c>
                  <w xmlns:ecep="http://www.eighteenthcenturypoetry.org/ns"
                     xml:id="o4986-094000"
                     n="48-a-1180"
                     ecep:lem="as"
                     ecep:pos="c-acp"
                     ecep:reg="As"
                     ecep:spe="As"
                     ecep:syllab="1"
                     ecep:pron="æz">As</w>
                  <c> </c>
                  <w xmlns:ecep="http://www.eighteenthcenturypoetry.org/ns"
                     xml:id="o4986-094010"
                     n="48-a-1190"
                     ecep:lem="lead"
                     ecep:pos="vvn"
                     ecep:reg="led"
                     ecep:spe="led"
                     ecep:syllab="1"
                     ecep:pron="led">led</w>
                  <c> </c>
                  <w xmlns:ecep="http://www.eighteenthcenturypoetry.org/ns"
                     xml:id="o4986-094020"
                     n="48-a-1200"
                     ecep:lem="by"
                     ecep:pos="p-acp"
                     ecep:reg="by"
                     ecep:spe="by"
                     ecep:syllab="1"
                     ecep:pron="baɪ">by</w>
                  <c> </c>
                  <w xmlns:ecep="http://www.eighteenthcenturypoetry.org/ns"
                     xml:id="o4986-094030"
                     n="48-a-1210"
                     ecep:lem="the"
                     ecep:pos="dt"
                     ecep:reg="the"
                     ecep:spe="the"
                     ecep:syllab="1"
                     ecep:pron="ðiː">the</w>
                  <c> </c>
                  <w xmlns:ecep="http://www.eighteenthcenturypoetry.org/ns"
                     xml:id="o4986-094040"
                     n="48-a-1220"
                     ecep:lem="muse"
                     ecep:pos="n2"
                     ecep:reg="Muses"
                     ecep:spe="Muses"
                     ecep:syllab="2"
                     ecep:pron="mjuːzɪz">Muses</w>
                  <c> </c>
                  <w xmlns:ecep="http://www.eighteenthcenturypoetry.org/ns"
                     xml:id="o4986-094050"
                     n="48-a-1230"
                     ecep:lem="you"
                     ecep:pos="pn22"
                     ecep:reg="you"
                     ecep:spe="you"
                     ecep:syllab="1"
                     ecep:pron="juː">you</w>
                  <c> </c>
                  <w xmlns:ecep="http://www.eighteenthcenturypoetry.org/ns"
                     xml:id="o4986-094060"
                     n="48-a-1240"
                     ecep:lem="stray"
                     ecep:pos="vvb"
                     ecep:reg="stray"
                     ecep:spe="stray"
                     ecep:syllab="1"
                     ecep:pron="streɪ">stray</w>
                  <pc xmlns:ecep="http://www.eighteenthcenturypoetry.org/ns"
                      xml:id="o4986-094070"
                      n="48-a-1250"
                      ecep:lem=","
                      ecep:pos=","
                      ecep:reg=","
                      ecep:spe=",">,</pc>
               </l>
               <l xml:id="o4986-l04860">
                  <c> </c>
                  <w xmlns:ecep="http://www.eighteenthcenturypoetry.org/ns"
                     xml:id="o4986-094080"
                     n="48-a-1260"
                     ecep:lem="oh"
                     ecep:pos="uh"
                     ecep:reg="O"
                     ecep:spe="Oh"
                     ecep:syllab="1"
                     ecep:pron="əʊ">Oh</w>
                  <pc xmlns:ecep="http://www.eighteenthcenturypoetry.org/ns"
                      xml:id="o4986-094090"
                      n="48-a-1270"
                      ecep:lem=","
                      ecep:pos=","
                      ecep:reg=","
                      ecep:spe=",">,</pc>
                  <c> </c>
                  <w xmlns:ecep="http://www.eighteenthcenturypoetry.org/ns"
                     xml:id="o4986-094100"
                     n="48-a-1280"
                     ecep:lem="think"
                     ecep:pos="vvb"
                     ecep:reg="think"
                     ecep:spe="think"
                     ecep:syllab="1"
                     ecep:pron="θɪŋk">think</w>
                  <c> </c>
                  <w xmlns:ecep="http://www.eighteenthcenturypoetry.org/ns"
                     xml:id="o4986-094110"
                     n="48-a-1290"
                     ecep:lem="that"
                     ecep:pos="d"
                     ecep:reg="that"
                     ecep:spe="that"
                     ecep:syllab="1"
                     ecep:pron="ðæt">that</w>
                  <c> </c>
                  <w xmlns:ecep="http://www.eighteenthcenturypoetry.org/ns"
                     xml:id="o4986-094120"
                     n="48-a-1300"
                     ecep:lem="your"
                     ecep:pos="po22"
                     ecep:reg="your"
                     ecep:spe="your"
                     ecep:syllab="1"
                     ecep:pron="jɔː">your</w>
                  <c> </c>
                  <w xmlns:ecep="http://www.eighteenthcenturypoetry.org/ns"
                     xml:id="o4986-094130"
                     n="48-a-1310"
                     ecep:lem="Damon"
                     ecep:pos="np1"
                     ecep:reg="Damon"
                     ecep:spe="Damon"
                     ecep:syllab="2"
                     ecep:pron="ˈdeɪmən">Damon</w>
                  <c> </c>
                  <w xmlns:ecep="http://www.eighteenthcenturypoetry.org/ns"
                     xml:id="o4986-094140"
                     n="48-a-1320"
                     ecep:lem="be"
                     ecep:pos="vbz"
                     ecep:reg="is"
                     ecep:spe="is"
                     ecep:syllab="1"
                     ecep:pron="ɪz">is</w>
                  <c> </c>
                  <w xmlns:ecep="http://www.eighteenthcenturypoetry.org/ns"
                     xml:id="o4986-094150"
                     n="48-a-1330"
                     ecep:lem="by"
                     ecep:pos="p-acp"
                     ecep:reg="by"
                     ecep:spe="by"
                     ecep:syllab="1"
                     ecep:pron="baɪ">by</w>
                  <pc xmlns:ecep="http://www.eighteenthcenturypoetry.org/ns"
                      xml:id="o4986-094160"
                      n="48-a-1340"
                      ecep:lem=","
                      ecep:pos=","
                      ecep:reg=","
                      ecep:spe=",">,</pc>
               </l>
               <l xml:id="o4986-l04865">
                  <c> </c>
                  <w xmlns:ecep="http://www.eighteenthcenturypoetry.org/ns"
                     xml:id="o4986-094170"
                     n="48-a-1350"
                     ecep:lem="and"
                     ecep:pos="cc"
                     ecep:reg="And"
                     ecep:spe="And"
                     ecep:syllab="1"
                     ecep:pron="ænd">And</w>
                  <c> </c>
                  <w xmlns:ecep="http://www.eighteenthcenturypoetry.org/ns"
                     xml:id="o4986-094180"
                     n="48-a-1360"
                     ecep:lem="that"
                     ecep:pos="cst"
                     ecep:reg="that"
                     ecep:spe="that"
                     ecep:syllab="1"
                     ecep:pron="ðæt">that</w>
                  <c> </c>
                  <w xmlns:ecep="http://www.eighteenthcenturypoetry.org/ns"
                     xml:id="o4986-094190"
                     n="48-a-1370"
                     ecep:lem="such"
                     ecep:pos="d"
                     ecep:reg="such"
                     ecep:spe="such"
                     ecep:syllab="1"
                     ecep:pron="sʌtʃ">such</w>
                  <c> </c>
                  <w xmlns:ecep="http://www.eighteenthcenturypoetry.org/ns"
                     xml:id="o4986-094200"
                     n="48-a-1380"
                     ecep:lem="be"
                     ecep:pos="vbr"
                     ecep:reg="are"
                     ecep:spe="are"
                     ecep:syllab="1"
                     ecep:pron="ɑː">are</w>
                  <c> </c>
                  <w xmlns:ecep="http://www.eighteenthcenturypoetry.org/ns"
                     xml:id="o4986-094210"
                     n="48-a-1390"
                     ecep:lem="the"
                     ecep:pos="dt"
                     ecep:reg="the"
                     ecep:spe="the"
                     ecep:syllab="1"
                     ecep:pron="ðiː">the</w>
                  <c> </c>
                  <w xmlns:ecep="http://www.eighteenthcenturypoetry.org/ns"
                     xml:id="o4986-094220"
                     n="48-a-1400"
                     ecep:lem="word"
                     ecep:pos="n2"
                     ecep:reg="words"
                     ecep:spe="words"
                     ecep:syllab="1"
                     ecep:pron="wɜːdz">words</w>
                  <c> </c>
                  <w xmlns:ecep="http://www.eighteenthcenturypoetry.org/ns"
                     xml:id="o4986-094230"
                     n="48-a-1410"
                     ecep:lem="he"
                     ecep:pos="pns31"
                     ecep:reg="he"
                     ecep:spe="he"
                     ecep:syllab="1"
                     ecep:pron="hiː">he</w>
                  <c> </c>
                  <w xmlns:ecep="http://www.eighteenthcenturypoetry.org/ns"
                     xml:id="o4986-094240"
                     n="48-a-1420"
                     ecep:lem="will"
                     ecep:pos="vmd"
                     ecep:reg="would"
                     ecep:spe="would"
                     ecep:syllab="1"
                     ecep:pron="wʊd">would</w>
                  <c> </c>
                  <w xmlns:ecep="http://www.eighteenthcenturypoetry.org/ns"
                     xml:id="o4986-094250"
                     n="48-a-1430"
                     ecep:lem="say"
                     ecep:pos="vvi"
                     ecep:reg="say"
                     ecep:spe="say"
                     ecep:syllab="1"
                     ecep:pron="seɪ">say</w>
                  <pc xmlns:ecep="http://www.eighteenthcenturypoetry.org/ns"
                      xml:id="o4986-094260"
                      n="48-a-1440"
                      unit="sentence"
                      ecep:lem="."
                      ecep:pos="."
                      ecep:reg="."
                      ecep:spe=".">.</pc>
                  <c> </c>
               </l>
            </lg>
            <pb facs="o4986/0049" n="47" rend="none"/>
            <lg xml:id="o4986-s00945">
               <l xml:id="o4986-l04870">
                  <w xmlns:ecep="http://www.eighteenthcenturypoetry.org/ns"
                     xml:id="o4986-094290"
                     n="49-a-0010"
                     ecep:lem="such"
                     ecep:pos="d"
                     ecep:reg="Such"
                     ecep:spe="Such"
                     ecep:syllab="1"
                     ecep:pron="sʌtʃ">Such</w>
                  <c> </c>
                  <w xmlns:ecep="http://www.eighteenthcenturypoetry.org/ns"
                     xml:id="o4986-094300"
                     n="49-a-0020"
                     ecep:lem="may"
                     ecep:pos="vmb"
                     ecep:reg="may"
                     ecep:spe="may"
                     ecep:syllab="1"
                     ecep:pron="meɪ">may</w>
                  <c> </c>
                  <w xmlns:ecep="http://www.eighteenthcenturypoetry.org/ns"
                     xml:id="o4986-094310"
                     n="49-a-0030"
                     ecep:lem="be"
                     ecep:pos="vbi"
                     ecep:reg="be"
                     ecep:spe="be"
                     ecep:syllab="1"
                     ecep:pron="biː">be</w>
                  <c> </c>
                  <w xmlns:ecep="http://www.eighteenthcenturypoetry.org/ns"
                     xml:id="o4986-094320"
                     n="49-a-0040"
                     ecep:lem="the"
                     ecep:pos="dt"
                     ecep:reg="the"
                     ecep:spe="the"
                     ecep:syllab="1"
                     ecep:pron="ðiː">the</w>
                  <c> </c>
                  <w xmlns:ecep="http://www.eighteenthcenturypoetry.org/ns"
                     xml:id="o4986-094330"
                     n="49-a-0050"
                     ecep:lem="word"
                     ecep:pos="n2"
                     ecep:reg="words"
                     ecep:spe="words"
                     ecep:syllab="1"
                     ecep:pron="wɜːdz">words</w>
                  <c> </c>
                  <w xmlns:ecep="http://www.eighteenthcenturypoetry.org/ns"
                     xml:id="o4986-094340"
                     n="49-a-0060"
                     ecep:lem="he"
                     ecep:pos="pns31"
                     ecep:reg="he"
                     ecep:spe="he"
                     ecep:syllab="1"
                     ecep:pron="hiː">he</w>
                  <c> </c>
                  <w xmlns:ecep="http://www.eighteenthcenturypoetry.org/ns"
                     xml:id="o4986-094350"
                     n="49-a-0070"
                     ecep:lem="may"
                     ecep:pos="vmd"
                     ecep:reg="might"
                     ecep:spe="might"
                     ecep:syllab="1"
                     ecep:pron="maɪt">might</w>
                  <c> </c>
                  <w xmlns:ecep="http://www.eighteenthcenturypoetry.org/ns"
                     xml:id="o4986-094360"
                     n="49-a-0080"
                     ecep:lem="say"
                     ecep:pos="vvi"
                     ecep:reg="say"
                     ecep:spe="say"
                     ecep:syllab="1"
                     ecep:pron="seɪ">say</w>
                  <pc xmlns:ecep="http://www.eighteenthcenturypoetry.org/ns"
                      xml:id="o4986-094370"
                      n="49-a-0090"
                      ecep:lem=","
                      ecep:pos=","
                      ecep:reg=","
                      ecep:spe=",">,</pc>
               </l>
               <l xml:id="o4986-l04875">
                  <c> </c>
                  <w xmlns:ecep="http://www.eighteenthcenturypoetry.org/ns"
                     xml:id="o4986-094380"
                     n="49-a-0100"
                     ecep:lem="but"
                     ecep:pos="cc-acp"
                     ecep:reg="But"
                     ecep:spe="But"
                     ecep:syllab="1"
                     ecep:pron="bʌt">But</w>
                  <c> </c>
                  <w xmlns:ecep="http://www.eighteenthcenturypoetry.org/ns"
                     xml:id="o4986-094390"
                     n="49-a-0110"
                     ecep:lem="what"
                     ecep:pos="q-crq"
                     ecep:reg="what"
                     ecep:spe="what"
                     ecep:syllab="1"
                     ecep:pron="wɒt">what</w>
                  <c> </c>
                  <w xmlns:ecep="http://www.eighteenthcenturypoetry.org/ns"
                     xml:id="o4986-094400"
                     n="49-a-0120"
                     ecep:lem="word"
                     ecep:pos="n2"
                     ecep:reg="words"
                     ecep:spe="words"
                     ecep:syllab="1"
                     ecep:pron="wɜːdz">words</w>
                  <c> </c>
                  <w xmlns:ecep="http://www.eighteenthcenturypoetry.org/ns"
                     xml:id="o4986-094410"
                     n="49-a-0130"
                     ecep:lem="can"
                     ecep:pos="vmb"
                     ecep:reg="can"
                     ecep:spe="can"
                     ecep:syllab="1"
                     ecep:pron="kæn">can</w>
                  <c> </c>
                  <w xmlns:ecep="http://www.eighteenthcenturypoetry.org/ns"
                     xml:id="o4986-094420"
                     n="49-a-0140"
                     ecep:lem="his"
                     ecep:pos="po31"
                     ecep:reg="his"
                     ecep:spe="his"
                     ecep:syllab="1"
                     ecep:pron="hɪz">his</w>
                  <c> </c>
                  <w xmlns:ecep="http://www.eighteenthcenturypoetry.org/ns"
                     xml:id="o4986-094430"
                     n="49-a-0150"
                     ecep:lem="passion"
                     ecep:pos="n1"
                     ecep:reg="passion"
                     ecep:spe="passion"
                     ecep:syllab="2"
                     ecep:pron="ˈpæʃn">passion</w>
                  <c> </c>
                  <w xmlns:ecep="http://www.eighteenthcenturypoetry.org/ns"
                     xml:id="o4986-094440"
                     n="49-a-0160"
                     ecep:lem="impart"
                     ecep:pos="vvi"
                     ecep:reg="impart"
                     ecep:spe="impart"
                     ecep:syllab="2"
                     ecep:pron="ɪmˈpɑːt">impart</w>
                  <pc xmlns:ecep="http://www.eighteenthcenturypoetry.org/ns"
                      xml:id="o4986-094450"
                      n="49-a-0170"
                      unit="sentence"
                      ecep:lem="?"
                      ecep:pos="?"
                      ecep:reg="?"
                      ecep:spe="?">?</pc>
                  <c> </c>
               </l>
               <l xml:id="o4986-l04880">
                  <w xmlns:ecep="http://www.eighteenthcenturypoetry.org/ns"
                     xml:id="o4986-094460"
                     n="49-a-0180"
                     ecep:lem="or"
                     ecep:pos="cc"
                     ecep:reg="Or"
                     ecep:spe="Or"
                     ecep:syllab="1"
                     ecep:pron="ɔː">Or</w>
                  <c> </c>
                  <w xmlns:ecep="http://www.eighteenthcenturypoetry.org/ns"
                     xml:id="o4986-094470"
                     n="49-a-0190"
                     ecep:lem="how"
                     ecep:pos="q-crq"
                     ecep:reg="how"
                     ecep:spe="how"
                     ecep:syllab="1"
                     ecep:pron="haʊ">how</w>
                  <c> </c>
                  <w xmlns:ecep="http://www.eighteenthcenturypoetry.org/ns"
                     xml:id="o4986-094480"
                     n="49-a-0200"
                     ecep:lem="shall"
                     ecep:pos="vmb"
                     ecep:reg="shall"
                     ecep:spe="shall"
                     ecep:syllab="1"
                     ecep:pron="ʃæl">shall</w>
                  <c> </c>
                  <w xmlns:ecep="http://www.eighteenthcenturypoetry.org/ns"
                     xml:id="o4986-094490"
                     n="49-a-0210"
                     ecep:lem="he"
                     ecep:pos="pns31"
                     ecep:reg="he"
                     ecep:spe="he"
                     ecep:syllab="1"
                     ecep:pron="hiː">he</w>
                  <c> </c>
                  <w xmlns:ecep="http://www.eighteenthcenturypoetry.org/ns"
                     xml:id="o4986-094500"
                     n="49-a-0220"
                     ecep:lem="form"
                     ecep:pos="vvi"
                     ecep:reg="form"
                     ecep:spe="form"
                     ecep:syllab="1"
                     ecep:pron="fɔːm">form</w>
                  <c> </c>
                  <w xmlns:ecep="http://www.eighteenthcenturypoetry.org/ns"
                     xml:id="o4986-094510"
                     n="49-a-0230"
                     ecep:lem="the"
                     ecep:pos="dt"
                     ecep:reg="the"
                     ecep:spe="the"
                     ecep:syllab="1"
                     ecep:pron="ðiː">the</w>
                  <c> </c>
                  <w xmlns:ecep="http://www.eighteenthcenturypoetry.org/ns"
                     xml:id="o4986-094520"
                     n="49-a-0240"
                     ecep:lem="soft"
                     ecep:pos="j"
                     ecep:reg="soft"
                     ecep:spe="soft"
                     ecep:syllab="1"
                     ecep:pron="sɒft">soft</w>
                  <c> </c>
                  <w xmlns:ecep="http://www.eighteenthcenturypoetry.org/ns"
                     xml:id="o4986-094530"
                     n="49-a-0250"
                     ecep:lem="lay"
                     ecep:pos="n-jn"
                     ecep:reg="lay"
                     ecep:spe="lay"
                     ecep:syllab="1"
                     ecep:pron="leɪ">lay</w>
                  <pc xmlns:ecep="http://www.eighteenthcenturypoetry.org/ns"
                      xml:id="o4986-094540"
                      n="49-a-0260"
                      ecep:lem=","
                      ecep:pos=","
                      ecep:reg=","
                      ecep:spe=",">,</pc>
               </l>
               <l xml:id="o4986-l04885">
                  <c> </c>
                  <w xmlns:ecep="http://www.eighteenthcenturypoetry.org/ns"
                     xml:id="o4986-094550"
                     n="49-a-0270"
                     ecep:lem="to"
                     ecep:pos="pc-acp"
                     ecep:reg="To"
                     ecep:spe="To"
                     ecep:syllab="1"
                     ecep:pron="tuː">To</w>
                  <c> </c>
                  <w xmlns:ecep="http://www.eighteenthcenturypoetry.org/ns"
                     xml:id="o4986-094560"
                     n="49-a-0280"
                     ecep:lem="express"
                     ecep:pos="vvi"
                     ecep:reg="express"
                     ecep:spe="express"
                     ecep:syllab="2"
                     ecep:pron="ɪkˈspres">express</w>
                  <c> </c>
                  <w xmlns:ecep="http://www.eighteenthcenturypoetry.org/ns"
                     xml:id="o4986-094570"
                     n="49-a-0290"
                     ecep:lem="what"
                     ecep:pos="r-crq"
                     ecep:reg="what"
                     ecep:spe="what"
                     ecep:syllab="1"
                     ecep:pron="wɒt">what</w>
                  <c> </c>
                  <w xmlns:ecep="http://www.eighteenthcenturypoetry.org/ns"
                     xml:id="o4986-094580"
                     n="49-a-0300"
                     ecep:lem="he"
                     ecep:pos="pns31"
                     ecep:reg="he"
                     ecep:spe="he"
                     ecep:syllab="1"
                     ecep:pron="hiː">he</w>
                  <c> </c>
                  <w xmlns:ecep="http://www.eighteenthcenturypoetry.org/ns"
                     xml:id="o4986-094590"
                     n="49-a-0310"
                     ecep:lem="feel"
                     ecep:pos="vvz"
                     ecep:reg="feels"
                     ecep:spe="feels"
                     ecep:syllab="1"
                     ecep:pron="fiːlz">feels</w>
                  <c> </c>
                  <w xmlns:ecep="http://www.eighteenthcenturypoetry.org/ns"
                     xml:id="o4986-094600"
                     n="49-a-0320"
                     ecep:lem="at"
                     ecep:pos="p-acp"
                     ecep:reg="at"
                     ecep:spe="at"
                     ecep:syllab="1"
                     ecep:pron="æt">at</w>
                  <c> </c>
                  <w xmlns:ecep="http://www.eighteenthcenturypoetry.org/ns"
                     xml:id="o4986-094610"
                     n="49-a-0330"
                     ecep:lem="his"
                     ecep:pos="po31"
                     ecep:reg="his"
                     ecep:spe="his"
                     ecep:syllab="1"
                     ecep:pron="hɪz">his</w>
                  <c> </c>
                  <w xmlns:ecep="http://www.eighteenthcenturypoetry.org/ns"
                     xml:id="o4986-094620"
                     n="49-a-0340"
                     ecep:lem="heart"
                     ecep:pos="n1"
                     ecep:reg="heart"
                     ecep:spe="heart"
                     ecep:syllab="1"
                     ecep:pron="hɑːt">heart</w>
                  <pc xmlns:ecep="http://www.eighteenthcenturypoetry.org/ns"
                      xml:id="o4986-094630"
                      n="49-a-0350"
                      unit="sentence"
                      ecep:lem="?"
                      ecep:pos="?"
                      ecep:reg="?"
                      ecep:spe="?">?</pc>
                  <c> </c>
               </l>
            </lg>
            <lg xml:id="o4986-s00950">
               <l xml:id="o4986-l04890">
                  <w xmlns:ecep="http://www.eighteenthcenturypoetry.org/ns"
                     xml:id="o4986-094660"
                     n="49-a-0360"
                     ecep:lem="though"
                     ecep:pos="c-acp"
                     ecep:reg="Though"
                     ecep:spe="Tho'"
                     ecep:syllab="1"
                     ecep:pron="ðəʊ">Tho'</w>
                  <c> </c>
                  <w xmlns:ecep="http://www.eighteenthcenturypoetry.org/ns"
                     xml:id="o4986-094670"
                     n="49-a-0370"
                     ecep:lem="thy"
                     ecep:pos="po21"
                     ecep:reg="thy"
                     ecep:spe="thy"
                     ecep:syllab="1"
                     ecep:pron="ðaɪ">thy</w>
                  <c> </c>
                  <w xmlns:ecep="http://www.eighteenthcenturypoetry.org/ns"
                     xml:id="o4986-094680"
                     n="49-a-0380"
                     ecep:lem="voice"
                     ecep:pos="n1"
                     ecep:reg="voice"
                     ecep:spe="voice"
                     ecep:syllab="1"
                     ecep:pron="vɔɪs">voice</w>
                  <pc xmlns:ecep="http://www.eighteenthcenturypoetry.org/ns"
                      xml:id="o4986-094690"
                      n="49-a-0390"
                      ecep:lem=","
                      ecep:pos=","
                      ecep:reg=","
                      ecep:spe=",">,</pc>
                  <c> </c>
                  <w xmlns:ecep="http://www.eighteenthcenturypoetry.org/ns"
                     xml:id="o4986-094700"
                     n="49-a-0400"
                     ecep:lem="gentle"
                     ecep:pos="j-jn"
                     ecep:reg="gentle"
                     ecep:spe="gentle"
                     ecep:syllab="2"
                     ecep:pron="ˈdʒentl">gentle</w>
                  <c> </c>
                  <w xmlns:ecep="http://www.eighteenthcenturypoetry.org/ns"
                     xml:id="o4986-094710"
                     n="49-a-0410"
                     ecep:lem="shepherd"
                     ecep:pos="n1"
                     ecep:reg="shepherd"
                     ecep:spe="shepherd"
                     ecep:syllab="2"
                     ecep:pron="ˈʃepəd">shepherd</w>
                  <pc xmlns:ecep="http://www.eighteenthcenturypoetry.org/ns"
                      xml:id="o4986-094720"
                      n="49-a-0420"
                      ecep:lem=","
                      ecep:pos=","
                      ecep:reg=","
                      ecep:spe=",">,</pc>
                  <c> </c>
                  <w xmlns:ecep="http://www.eighteenthcenturypoetry.org/ns"
                     xml:id="o4986-094730"
                     n="49-a-0430"
                     ecep:lem="be"
                     ecep:pos="vbds"
                     ecep:reg="was"
                     ecep:spe="was"
                     ecep:syllab="1"
                     ecep:pron="wɒz">was</w>
                  <c> </c>
                  <w xmlns:ecep="http://www.eighteenthcenturypoetry.org/ns"
                     xml:id="o4986-094740"
                     n="49-a-0440"
                     ecep:lem="clear"
                     ecep:pos="j"
                     ecep:reg="clear"
                     ecep:spe="clear"
                     ecep:syllab="1"
                     ecep:pron="klɪə">clear</w>
                  <pc xmlns:ecep="http://www.eighteenthcenturypoetry.org/ns"
                      xml:id="o4986-094750"
                      n="49-a-0450"
                      ecep:lem=","
                      ecep:pos=","
                      ecep:reg=","
                      ecep:spe=",">,</pc>
               </l>
               <l xml:id="o4986-l04895">
                  <c> </c>
                  <w xmlns:ecep="http://www.eighteenthcenturypoetry.org/ns"
                     xml:id="o4986-094760"
                     n="49-a-0460"
                     ecep:lem="though"
                     ecep:pos="c-acp"
                     ecep:reg="Though"
                     ecep:spe="Tho'"
                     ecep:syllab="1"
                     ecep:pron="ðəʊ">Tho'</w>
                  <c> </c>
                  <w xmlns:ecep="http://www.eighteenthcenturypoetry.org/ns"
                     xml:id="o4986-094770"
                     n="49-a-0470"
                     ecep:lem="the"
                     ecep:pos="dt"
                     ecep:reg="the"
                     ecep:spe="the"
                     ecep:syllab="1"
                     ecep:pron="ðiː">the</w>
                  <c> </c>
                  <w xmlns:ecep="http://www.eighteenthcenturypoetry.org/ns"
                     xml:id="o4986-094780"
                     n="49-a-0480"
                     ecep:lem="bower"
                     ecep:pos="n1"
                     ecep:reg="bower"
                     ecep:spe="bower"
                     ecep:syllab="2"
                     ecep:pron="ˈbaʊə">bower</w>
                  <c> </c>
                  <w xmlns:ecep="http://www.eighteenthcenturypoetry.org/ns"
                     xml:id="o4986-094790"
                     n="49-a-0490"
                     ecep:lem="of"
                     ecep:pos="pp-f"
                     ecep:reg="of"
                     ecep:spe="of"
                     ecep:syllab="1"
                     ecep:pron="ɒv">of</w>
                  <c> </c>
                  <w xmlns:ecep="http://www.eighteenthcenturypoetry.org/ns"
                     xml:id="o4986-094800"
                     n="49-a-0500"
                     ecep:lem="contentment"
                     ecep:pos="n1"
                     ecep:reg="Contentment"
                     ecep:spe="Contentment"
                     ecep:syllab="3"
                     ecep:pron="kənˈtentmənt">Contentment</w>
                  <c> </c>
                  <w xmlns:ecep="http://www.eighteenthcenturypoetry.org/ns"
                     xml:id="o4986-094810"
                     n="49-a-0510"
                     ecep:lem="be"
                     ecep:pos="vbds"
                     ecep:reg="was"
                     ecep:spe="was"
                     ecep:syllab="1"
                     ecep:pron="wɒz">was</w>
                  <c> </c>
                  <w xmlns:ecep="http://www.eighteenthcenturypoetry.org/ns"
                     xml:id="o4986-094820"
                     n="49-a-0520"
                     ecep:lem="thy"
                     ecep:pos="po21"
                     ecep:reg="thine"
                     ecep:spe="thine"
                     ecep:syllab="1"
                     ecep:pron="ðaɪn">thine</w>
                  <pc xmlns:ecep="http://www.eighteenthcenturypoetry.org/ns"
                      xml:id="o4986-094830"
                      n="49-a-0530"
                      ecep:lem=","
                      ecep:pos=","
                      ecep:reg=","
                      ecep:spe=",">,</pc>
               </l>
               <l xml:id="o4986-l04900">
                  <c> </c>
                  <w xmlns:ecep="http://www.eighteenthcenturypoetry.org/ns"
                     xml:id="o4986-094840"
                     n="49-a-0540"
                     ecep:lem="yet"
                     ecep:pos="av"
                     ecep:reg="Yet"
                     ecep:spe="Yet"
                     ecep:syllab="1"
                     ecep:pron="jet">Yet</w>
                  <c> </c>
                  <w xmlns:ecep="http://www.eighteenthcenturypoetry.org/ns"
                     xml:id="o4986-094850"
                     n="49-a-0550"
                     ecep:lem="thy"
                     ecep:pos="po21"
                     ecep:reg="thy"
                     ecep:spe="thy"
                     ecep:syllab="1"
                     ecep:pron="ðaɪ">thy</w>
                  <c> </c>
                  <w xmlns:ecep="http://www.eighteenthcenturypoetry.org/ns"
                     xml:id="o4986-094860"
                     n="49-a-0560"
                     ecep:lem="shepherdess"
                     ecep:pos="n1"
                     ecep:reg="shepherdess"
                     ecep:spe="shepherdess"
                     ecep:syllab="3"
                     ecep:pron="ˌʃepəˈdes">shepherdess</w>
                  <c> </c>
                  <w xmlns:ecep="http://www.eighteenthcenturypoetry.org/ns"
                     xml:id="o4986-094870"
                     n="49-a-0570"
                     ecep:lem="be"
                     ecep:pos="vbds"
                     ecep:reg="was"
                     ecep:spe="was"
                     ecep:syllab="1"
                     ecep:pron="wɒz">was</w>
                  <c> </c>
                  <w xmlns:ecep="http://www.eighteenthcenturypoetry.org/ns"
                     xml:id="o4986-094880"
                     n="49-a-0580"
                     ecep:lem="not"
                     ecep:pos="xx"
                     ecep:reg="not"
                     ecep:spe="not"
                     ecep:syllab="1"
                     ecep:pron="nɒt">not</w>
                  <c> </c>
                  <w xmlns:ecep="http://www.eighteenthcenturypoetry.org/ns"
                     xml:id="o4986-094890"
                     n="49-a-0590"
                     ecep:lem="so"
                     ecep:pos="av"
                     ecep:reg="so"
                     ecep:spe="so"
                     ecep:syllab="1"
                     ecep:pron="səʊ">so</w>
                  <c> </c>
                  <w xmlns:ecep="http://www.eighteenthcenturypoetry.org/ns"
                     xml:id="o4986-094900"
                     n="49-a-0600"
                     ecep:lem="fair"
                     ecep:pos="j"
                     ecep:reg="fair"
                     ecep:spe="fair"
                     ecep:syllab="1"
                     ecep:pron="feə">fair</w>
                  <pc xmlns:ecep="http://www.eighteenthcenturypoetry.org/ns"
                      xml:id="o4986-094910"
                      n="49-a-0610"
                      ecep:lem=","
                      ecep:pos=","
                      ecep:reg=","
                      ecep:spe=",">,</pc>
               </l>
               <l xml:id="o4986-l04905">
                  <c> </c>
                  <w xmlns:ecep="http://www.eighteenthcenturypoetry.org/ns"
                     xml:id="o4986-094920"
                     n="49-a-0620"
                     ecep:lem="yet"
                     ecep:pos="av"
                     ecep:reg="Yet"
                     ecep:spe="Yet"
                     ecep:syllab="1"
                     ecep:pron="jet">Yet</w>
                  <c> </c>
                  <w xmlns:ecep="http://www.eighteenthcenturypoetry.org/ns"
                     xml:id="o4986-094930"
                     n="49-a-0630"
                     ecep:lem="thy"
                     ecep:pos="po21"
                     ecep:reg="thy"
                     ecep:spe="thy"
                     ecep:syllab="1"
                     ecep:pron="ðaɪ">thy</w>
                  <c> </c>
                  <w xmlns:ecep="http://www.eighteenthcenturypoetry.org/ns"
                     xml:id="o4986-094940"
                     n="49-a-0640"
                     ecep:lem="love"
                     ecep:pos="n1"
                     ecep:reg="love"
                     ecep:spe="love"
                     ecep:syllab="1"
                     ecep:pron="lʌv">love</w>
                  <c> </c>
                  <w xmlns:ecep="http://www.eighteenthcenturypoetry.org/ns"
                     xml:id="o4986-094950"
                     n="49-a-0650"
                     ecep:lem="be"
                     ecep:pos="vbds"
                     ecep:reg="was"
                     ecep:spe="was"
                     ecep:syllab="1"
                     ecep:pron="wɒz">was</w>
                  <c> </c>
                  <w xmlns:ecep="http://www.eighteenthcenturypoetry.org/ns"
                     xml:id="o4986-094960"
                     n="49-a-0660"
                     ecep:lem="not"
                     ecep:pos="xx"
                     ecep:reg="not"
                     ecep:spe="not"
                     ecep:syllab="1"
                     ecep:pron="nɒt">not</w>
                  <c> </c>
                  <w xmlns:ecep="http://www.eighteenthcenturypoetry.org/ns"
                     xml:id="o4986-094970"
                     n="49-a-0670"
                     ecep:lem="equal"
                     ecep:pos="j-jn"
                     ecep:reg="equal"
                     ecep:spe="equal"
                     ecep:syllab="2"
                     ecep:pron="ˈiːkwəl">equal</w>
                  <c> </c>
                  <w xmlns:ecep="http://www.eighteenthcenturypoetry.org/ns"
                     xml:id="o4986-094980"
                     n="49-a-0680"
                     ecep:lem="to"
                     ecep:pos="p-acp"
                     ecep:reg="to"
                     ecep:spe="to"
                     ecep:syllab="1"
                     ecep:pron="tuː">to</w>
                  <c> </c>
                  <w xmlns:ecep="http://www.eighteenthcenturypoetry.org/ns"
                     xml:id="o4986-094990"
                     n="49-a-0690"
                     ecep:lem="i"
                     ecep:pos="png11"
                     ecep:reg="mine"
                     ecep:spe="mine"
                     ecep:syllab="1"
                     ecep:pron="maɪn">mine</w>
                  <pc xmlns:ecep="http://www.eighteenthcenturypoetry.org/ns"
                      xml:id="o4986-095000"
                      n="49-a-0700"
                      unit="sentence"
                      ecep:lem="."
                      ecep:pos="."
                      ecep:reg="."
                      ecep:spe=".">.</pc>
                  <c> </c>
               </l>
            </lg>
         </div>
      </body>
   </text>
</TEI>
