<?xml version="1.0" encoding="UTF-8"?>
<?xml-model href="../tei_all.rnc" type="application/relax-ng-compact-syntax"?>
<TEI xmlns="http://www.tei-c.org/ns/1.0">
   <teiHeader>
      <fileDesc>
         <titleStmt>
            <title corresp="#txt_SmarCh1722_w0025">The DECISION. BALLAD III.</title>
            <author corresp="authors.xml#aut_SmarCh1722">Christopher Smart</author>
            <respStmt>
               <name xml:id="AH">Alexander Huber</name>
               <resp>Editor</resp>
            </respStmt>
            <funder>
               <name type="institution" xml:id="BOD">Bodleian Libraries, University of Oxford</name>
               <address>
                  <addrLine>Broad Street</addrLine>
                  <addrLine>Oxford OX1 3BG</addrLine>
                  <addrLine>UK</addrLine>
               </address>
            </funder>
         </titleStmt>
         <publicationStmt>
            <publisher xml:id="ECPA">Eighteenth-Century Poetry Archive</publisher>
            <address>
               <addrLine>Taylor Institution Library</addrLine>
               <addrLine>St Giles'</addrLine>
               <addrLine>Oxford OX1 3NA</addrLine>
               <addrLine>UK</addrLine>
               <addrLine>
                  <email>info@eighteenthcenturypoetry.org</email>
               </addrLine>
               <addrLine>
                  <ref target="https://www.eighteenthcenturypoetry.org/">https://www.eighteenthcenturypoetry.org/</ref>
               </addrLine>
            </address>
            <pubPlace>Oxford</pubPlace>
            <availability status="restricted">
               <licence target="http://creativecommons.org/licenses/by-sa/3.0/">This work is licensed under a Creative Commons Attribution-ShareAlike 3.0 Unported License.</licence>
            </availability>
            <idno type="ESTC">T42626</idno>
            <idno type="TCP">K041581.000</idno>
         </publicationStmt>
         <sourceDesc>
            <bibl>
               <author>Smart, Christopher, 1722-1771.</author>
               <title>Poems on several occasions: By Christopher Smart, A. M. Fellow of Pembroke-Hall, Cambridge.</title>
               <pubPlace>London</pubPlace>
               <publisher>printed for the author, by W. Strahan; and sold by J. Newbery, at the Bible and Sun, in St. Paul’s Church-Yard, MDCCLII.</publisher>
               <date>1752</date>
               <biblScope>pp. 200-201.</biblScope>
               <extent>[16],230p.,plates; 4⁰.</extent>
            </bibl>
         </sourceDesc>
      </fileDesc>
      <encodingDesc>
         <projectDesc>
            <p>This e-text is part of the Works section of the Eighteenth-Century Poetry Archive (ECPA).</p>
            <p>XML created for the Eighteenth-Century Poetry Archive (ECPA).</p>
         </projectDesc>
         <editorialDecl>
            <p>The text has been typographically modernized, but without any silent modernization of
						spelling, capitalization, or punctuation. The source of the text is given and all editorial interventions
						have been recorded in textual notes. Based on the electronic text originally produced by the TCP project, this  text has been edited to conform to the recommendations found in Level 5 of the
						Best Practices for TEI in Libraries version 4.0.0.
					</p>
         </editorialDecl>
         <classDecl>
            <taxonomy xml:id="LCNAF">
               <bibl>Library of Congress Name Authority File (<abbr>LCNAF</abbr>)</bibl>
            </taxonomy>
         </classDecl>
         <tagsDecl>
            <rendition n="linegroups indented" xml:id="lgindent" scheme="css">text-indent: 1em;</rendition>
            <rendition n="linegroups vertically spaced" xml:id="lgvspace" scheme="css">margin-bottom: 1em;</rendition>
            <rendition n="aligned centrally" xml:id="align-center" scheme="css">text-align: center;</rendition>
            <rendition n="aligned right" xml:id="align-right" scheme="css">text-align: right;</rendition>
            <rendition n="aligned left" xml:id="align-left" scheme="css">text-align: left;</rendition>
            <rendition n="inline" xml:id="inline" scheme="css">display: inline</rendition>
            <rendition n="italic" xml:id="i" scheme="css">font-style: italic;</rendition>
            <rendition n="bold" xml:id="b" scheme="css">font-weight: bold;</rendition>
         </tagsDecl>
      </encodingDesc>
   </teiHeader>
   <text>
      <body>
         <div xmlns:ecep="http://www.eighteenthcenturypoetry.org/ns"
              xmlns:tei="http://www.tei-c.org/ns/1.0"
              ana="#iamb #tetrameter #ballad #sestet #tail #catalexis"
              corresp="#txt_SmarCh1722_w0025"
              decls="#semi-normalized"
              ecep:syllab="8.8.8.8.8.8"
              met="-+|-+|-+|-+/ -+|-+|-+|-+/ -+|-+|-+|-+/ -+|-+|-+|-+/ -+|-+|-+|-+/ -+|-+|-+|-+/"
              n="3"
              rendition="#lgvspace"
              rhyme="aabccb"
              subtype="eceptext"
              type="ballad"
              xml:id="o4103-w0240">
            <link target="authors.xml#aut_SmarCh1722" type="author"/>
            <head type="main">
               <w xml:id="o4103-415340"
                  n="207-a-0010"
                  ecep:lem="the"
                  ecep:pos="dt"
                  ecep:reg="The"
                  ecep:spe="The"
                  ecep:syllab="1"
                  ecep:pron="ðiː">The</w>
               <c> </c>
               <w xml:id="o4103-415350"
                  n="207-a-0020"
                  ecep:lem="decision"
                  ecep:pos="n1"
                  ecep:reg="DECISION"
                  ecep:spe="DECISION"
                  ecep:syllab="3"
                  ecep:pron="dɪˈsɪʒn">DECISION</w>
               <pc xml:id="o4103-415360"
                   n="207-a-0030"
                   unit="sentence"
                   ecep:lem="."
                   ecep:pos="."
                   ecep:reg="."
                   ecep:spe=".">.</pc>
            </head>
            <head type="sub">
               <w xml:id="o4103-415390"
                  n="207-a-0040"
                  ecep:lem="ballad"
                  ecep:pos="n1"
                  ecep:reg="BALLAD"
                  ecep:spe="BALLAD"
                  ecep:syllab="2"
                  ecep:pron="ˈbæləd">BALLAD</w>
               <c> </c>
               <w xml:id="o4103-415400"
                  n="207-a-0050"
                  ecep:lem="iii"
                  ecep:pos="crd"
                  ecep:reg="III"
                  ecep:spe="III"
                  ecep:syllab="1"
                  ecep:pron="rˌəʊmənθrˈiː">III</w>
               <pc xml:id="o4103-415410"
                   n="207-a-0060"
                   unit="sentence"
                   ecep:lem="."
                   ecep:pos="."
                   ecep:reg="."
                   ecep:spe=".">.</pc>
            </head>
            <lg n="1" xml:id="o4103-s01350">
               <head>
                  <w xml:id="o4103-415450"
                     n="207-a-0070"
                     ecep:lem="i"
                     ecep:pos="pns11"
                     ecep:reg="I"
                     ecep:spe="I."
                     ecep:syllab="1"
                     ecep:pron="ˈaɪ">I.</w>
                  <pc unit="sentence" xml:id="o4103-415450-eos" n="207-a-0080"/>
               </head>
               <l xml:id="o4103-l20035">
                  <w xml:id="o4103-415470"
                     n="207-a-0090"
                     ecep:lem="my"
                     ecep:pos="po11"
                     ecep:reg="MY"
                     ecep:spe="MY"
                     ecep:syllab="1"
                     ecep:pron="maɪ">MY</w>
                  <c> </c>
                  <w xml:id="o4103-415480"
                     n="207-a-0100"
                     ecep:lem="florio"
                     ecep:pos="np1"
                     ecep:reg="Florio"
                     ecep:spe="Florio"
                     ecep:syllab="3"
                     ecep:pron="flˈɒrɪˌəʊ">Florio</w>
                  <pc xml:id="o4103-415490"
                      n="207-a-0110"
                      ecep:lem=","
                      ecep:pos=","
                      ecep:reg=","
                      ecep:spe=",">,</pc>
                  <c> </c>
                  <w xml:id="o4103-415500"
                     n="207-a-0120"
                     ecep:lem="wild"
                     ecep:pos="js"
                     ecep:reg="wildest"
                     ecep:spe="wildest"
                     ecep:syllab="2"
                     ecep:pron="waɪldɪst">wildest</w>
                  <c> </c>
                  <w xml:id="o4103-415510"
                     n="207-a-0130"
                     ecep:lem="of"
                     ecep:pos="pp-f"
                     ecep:reg="of"
                     ecep:spe="of"
                     ecep:syllab="1"
                     ecep:pron="ɒv">of</w>
                  <c> </c>
                  <w xml:id="o4103-415520"
                     n="207-a-0140"
                     ecep:lem="his"
                     ecep:pos="po31"
                     ecep:reg="his"
                     ecep:spe="his"
                     ecep:syllab="1"
                     ecep:pron="hɪz">his</w>
                  <c> </c>
                  <w xml:id="o4103-415530"
                     n="207-a-0150"
                     ecep:lem="sex"
                     ecep:pos="n1"
                     ecep:reg="sex"
                     ecep:spe="sex"
                     ecep:syllab="1"
                     ecep:pron="seks">sex</w>
                  <pc xml:id="o4103-415540"
                      n="207-a-0160"
                      ecep:lem=","
                      ecep:pos=","
                      ecep:reg=","
                      ecep:spe=",">,</pc>
               </l>
               <l xml:id="o4103-l20040">
                  <c> </c>
                  <pc xml:id="o4103-415550"
                      n="207-a-0170"
                      ecep:lem="("
                      ecep:pos="("
                      ecep:reg="("
                      ecep:spe="(">(</pc>
                  <w xml:id="o4103-415560"
                     n="207-a-0180"
                     ecep:lem="who"
                     ecep:pos="r-crq"
                     ecep:reg="Who"
                     ecep:spe="Who"
                     ecep:syllab="1"
                     ecep:pron="huː">Who</w>
                  <c> </c>
                  <w xml:id="o4103-415570"
                     n="207-a-0190"
                     ecep:lem="sure"
                     ecep:pos="av-j"
                     ecep:reg="sure"
                     ecep:spe="sure"
                     ecep:syllab="1"
                     ecep:pron="ʃɔː">sure</w>
                  <c> </c>
                  <w xml:id="o4103-415580"
                     n="207-a-0200"
                     ecep:lem="the"
                     ecep:pos="dt"
                     ecep:reg="the"
                     ecep:spe="the"
                     ecep:syllab="1"
                     ecep:pron="ðiː">the</w>
                  <c> </c>
                  <w xml:id="o4103-415590"
                     n="207-a-0210"
                     ecep:lem="very"
                     ecep:pos="js"
                     ecep:reg="veriest"
                     ecep:spe="veriest"
                     ecep:syllab="3"
                     ecep:pron="ˈveriɪst">veriest</w>
                  <c> </c>
                  <w xml:id="o4103-415600"
                     n="207-a-0220"
                     ecep:lem="saint"
                     ecep:pos="n1"
                     ecep:reg="saint"
                     ecep:spe="saint"
                     ecep:syllab="1"
                     ecep:pron="seɪnt">saint</w>
                  <c> </c>
                  <w xml:id="o4103-415610"
                     n="207-a-0230"
                     ecep:lem="will"
                     ecep:pos="vmd"
                     ecep:reg="would"
                     ecep:spe="wou'd"
                     ecep:syllab="1"
                     ecep:pron="wʊd">wou'd</w>
                  <c> </c>
                  <w xml:id="o4103-415620"
                     n="207-a-0240"
                     ecep:lem="vex"
                     ecep:pos="vvi"
                     ecep:reg="vex"
                     ecep:spe="vex"
                     ecep:syllab="1"
                     ecep:pron="veks">vex</w>
                  <pc xml:id="o4103-415630"
                      n="207-a-0250"
                      ecep:lem=")"
                      ecep:pos=")"
                      ecep:reg=")"
                      ecep:spe=")">)</pc>
               </l>
               <l xml:id="o4103-l20045">
                  <c> </c>
                  <w xml:id="o4103-415640"
                     n="207-a-0260"
                     ecep:lem="from"
                     ecep:pos="p-acp"
                     ecep:reg="From"
                     ecep:spe="From"
                     ecep:syllab="1"
                     ecep:pron="frɒm">From</w>
                  <c> </c>
                  <w xml:id="o4103-415650"
                     n="207-a-0270"
                     ecep:lem="beauty"
                     ecep:pos="n1"
                     ecep:reg="beauty"
                     ecep:spe="beauty"
                     ecep:syllab="2"
                     ecep:pron="ˈbjuːti">beauty</w>
                  <c> </c>
                  <w xml:id="o4103-415660"
                     n="207-a-0280"
                     ecep:lem="rove"
                     ecep:pos="vvz"
                     ecep:reg="roves"
                     ecep:spe="roves"
                     ecep:syllab="1"
                     ecep:pron="rəʊvz">roves</w>
                  <c> </c>
                  <w xml:id="o4103-415670"
                     n="207-a-0290"
                     ecep:lem="to"
                     ecep:pos="p-acp"
                     ecep:reg="to"
                     ecep:spe="to"
                     ecep:syllab="1"
                     ecep:pron="tuː">to</w>
                  <c> </c>
                  <w xml:id="o4103-415680"
                     n="207-a-0300"
                     ecep:lem="beauty"
                     ecep:pos="n1"
                     ecep:reg="beauty"
                     ecep:spe="beauty"
                     ecep:syllab="2"
                     ecep:pron="ˈbjuːti">beauty</w>
                  <pc xml:id="o4103-415690"
                      n="207-a-0310"
                      ecep:lem=";"
                      ecep:pos=";"
                      ecep:reg=";"
                      ecep:spe=";">;</pc>
               </l>
               <l xml:id="o4103-l20050">
                  <c> </c>
                  <w xml:id="o4103-415700"
                     n="207-a-0320"
                     ecep:lem="yet"
                     ecep:pos="av"
                     ecep:reg="Yet"
                     ecep:spe="Yet"
                     ecep:syllab="1"
                     ecep:pron="jet">Yet</w>
                  <pc xml:id="o4103-415710"
                      n="207-a-0330"
                      ecep:lem=","
                      ecep:pos=","
                      ecep:reg=","
                      ecep:spe=",">,</pc>
                  <c> </c>
                  <w xml:id="o4103-415720"
                     n="207-a-0340"
                     ecep:lem="though"
                     ecep:pos="c-acp"
                     ecep:reg="though"
                     ecep:spe="tho'"
                     ecep:syllab="1"
                     ecep:pron="ðəʊ">tho'</w>
                  <c> </c>
                  <w xml:id="o4103-415730"
                     n="207-a-0350"
                     ecep:lem="abroad"
                     ecep:pos="av"
                     ecep:reg="abroad"
                     ecep:spe="abroad"
                     ecep:syllab="2"
                     ecep:pron="əˈbrɔːd">abroad</w>
                  <c> </c>
                  <w xml:id="o4103-415740"
                     n="207-a-0360"
                     ecep:lem="the"
                     ecep:pos="dt"
                     ecep:reg="the"
                     ecep:spe="the"
                     ecep:syllab="1"
                     ecep:pron="ðiː">the</w>
                  <c> </c>
                  <w xml:id="o4103-415750"
                     n="207-a-0370"
                     ecep:lem="wanton"
                     ecep:pos="j-jn"
                     ecep:reg="wanton"
                     ecep:spe="wanton"
                     ecep:syllab="2"
                     ecep:pron="ˈwɒntən">wanton</w>
                  <c> </c>
                  <w xml:id="o4103-415760"
                     n="207-a-0380"
                     ecep:lem="roam"
                     ecep:pos="vvb"
                     ecep:reg="roam"
                     ecep:spe="roam"
                     ecep:syllab="1"
                     ecep:pron="rəʊm">roam</w>
                  <pc xml:id="o4103-415770"
                      n="207-a-0390"
                      ecep:lem=","
                      ecep:pos=","
                      ecep:reg=","
                      ecep:spe=",">,</pc>
               </l>
               <l xml:id="o4103-l20055">
                  <c> </c>
                  <w xml:id="o4103-415780"
                     n="207-a-0400"
                     ecep:lem="whenever"
                     ecep:pos="cs"
                     ecep:reg="Whenever"
                     ecep:spe="Whene'er"
                     ecep:syllab="2"
                     ecep:pron="wenˈeə">Whene'er</w>
                  <c> </c>
                  <w xml:id="o4103-415790"
                     n="207-a-0410"
                     ecep:lem="he"
                     ecep:pos="pns31"
                     ecep:reg="he"
                     ecep:spe="he"
                     ecep:syllab="1"
                     ecep:pron="hiː">he</w>
                  <c> </c>
                  <w xml:id="o4103-415800"
                     n="207-a-0420"
                     ecep:lem="deign"
                     ecep:pos="vvz"
                     ecep:reg="deigns"
                     ecep:spe="deigns"
                     ecep:syllab="1"
                     ecep:pron="deɪnz">deigns</w>
                  <c> </c>
                  <w xml:id="o4103-415810"
                     n="207-a-0430"
                     ecep:lem="to"
                     ecep:pos="pc-acp"
                     ecep:reg="to"
                     ecep:spe="to"
                     ecep:syllab="1"
                     ecep:pron="tuː">to</w>
                  <c> </c>
                  <w xml:id="o4103-415820"
                     n="207-a-0440"
                     ecep:lem="stay"
                     ecep:pos="vvi"
                     ecep:reg="stay"
                     ecep:spe="stay"
                     ecep:syllab="1"
                     ecep:pron="steɪ">stay</w>
                  <c> </c>
                  <w xml:id="o4103-415830"
                     n="207-a-0450"
                     ecep:lem="at"
                     ecep:pos="p-acp"
                     ecep:reg="at"
                     ecep:spe="at"
                     ecep:syllab="1"
                     ecep:pron="æt">at</w>
                  <c> </c>
                  <w xml:id="o4103-415840"
                     n="207-a-0460"
                     ecep:lem="home"
                     ecep:pos="n1-an"
                     ecep:reg="home"
                     ecep:spe="home"
                     ecep:syllab="1"
                     ecep:pron="həʊm">home</w>
                  <pc xml:id="o4103-415850"
                      n="207-a-0470"
                      ecep:lem=","
                      ecep:pos=","
                      ecep:reg=","
                      ecep:spe=",">,</pc>
               </l>
               <l xml:id="o4103-l20060">
                  <c> </c>
                  <w xml:id="o4103-415860"
                     n="207-a-0480"
                     ecep:lem="he"
                     ecep:pos="pns31"
                     ecep:reg="He"
                     ecep:spe="He"
                     ecep:syllab="1"
                     ecep:pron="hiː">He</w>
                  <c> </c>
                  <w xml:id="o4103-415870"
                     n="207-a-0490"
                     ecep:lem="always"
                     ecep:pos="av"
                     ecep:reg="always"
                     ecep:spe="always"
                     ecep:syllab="2"
                     ecep:pron="ˈɔːlweɪz">always</w>
                  <c> </c>
                  <w xml:id="o4103-415880"
                     n="207-a-0500"
                     ecep:lem="mind"
                     ecep:pos="vvz"
                     ecep:reg="minds"
                     ecep:spe="minds"
                     ecep:syllab="1"
                     ecep:pron="maɪndz">minds</w>
                  <c> </c>
                  <w xml:id="o4103-415890"
                     n="207-a-0510"
                     ecep:lem="his"
                     ecep:pos="po31"
                     ecep:reg="his"
                     ecep:spe="his"
                     ecep:syllab="1"
                     ecep:pron="hɪz">his</w>
                  <c> </c>
                  <w xml:id="o4103-415900"
                     n="207-a-0520"
                     ecep:lem="duty"
                     ecep:pos="n1"
                     ecep:reg="duty"
                     ecep:spe="duty"
                     ecep:syllab="2"
                     ecep:pron="ˈdʒuːti">duty</w>
                  <pc xml:id="o4103-415910"
                      n="207-a-0530"
                      unit="sentence"
                      ecep:lem="."
                      ecep:pos="."
                      ecep:reg="."
                      ecep:spe=".">.</pc>
                  <c> </c>
               </l>
            </lg>
            <lg n="2" xml:id="o4103-s01355">
               <head>
                  <w xml:id="o4103-415950"
                     n="207-a-0540"
                     ecep:lem="ii"
                     ecep:pos="crd"
                     ecep:reg="II"
                     ecep:spe="II"
                     ecep:syllab="1"
                     ecep:pron="rˌəʊməntˈuː">II</w>
                  <pc xml:id="o4103-415960"
                      n="207-a-0550"
                      unit="sentence"
                      ecep:lem="."
                      ecep:pos="."
                      ecep:reg="."
                      ecep:spe=".">.</pc>
               </head>
               <l xml:id="o4103-l20065">
                  <w xml:id="o4103-415980"
                     n="207-a-0560"
                     ecep:lem="something"
                     ecep:pos="pi"
                     ecep:reg="Something"
                     ecep:spe="Something"
                     ecep:syllab="2"
                     ecep:pron="ˈsʌmθɪŋ">Something</w>
                  <c> </c>
                  <w xml:id="o4103-415990"
                     n="207-a-0570"
                     ecep:lem="to"
                     ecep:pos="p-acp"
                     ecep:reg="to"
                     ecep:spe="to"
                     ecep:syllab="1"
                     ecep:pron="tuː">to</w>
                  <c> </c>
                  <w xml:id="o4103-416000"
                     n="207-a-0580"
                     ecep:lem="every"
                     ecep:pos="d"
                     ecep:reg="every"
                     ecep:spe="every"
                     ecep:syllab="2"
                     ecep:pron="ˈevri">every</w>
                  <c> </c>
                  <w xml:id="o4103-416010"
                     n="207-a-0590"
                     ecep:lem="charm"
                     ecep:pos="vvg"
                     ecep:reg="charming"
                     ecep:spe="charming"
                     ecep:syllab="2"
                     ecep:pron="ˈtʃɑːmɪŋ">charming</w>
                  <c> </c>
                  <w xml:id="o4103-416020"
                     n="207-a-0600"
                     ecep:lem="she"
                     ecep:pos="pns31"
                     ecep:reg="she"
                     ecep:spe="she"
                     ecep:syllab="1"
                     ecep:pron="ʃiː">she</w>
                  <pc xml:id="o4103-416030"
                      n="207-a-0610"
                      ecep:lem=","
                      ecep:pos=","
                      ecep:reg=","
                      ecep:spe=",">,</pc>
               </l>
               <l xml:id="o4103-l20070">
                  <c> </c>
                  <w xml:id="o4103-416040"
                     n="207-a-0620"
                     ecep:lem="in"
                     ecep:pos="p-acp"
                     ecep:reg="In"
                     ecep:spe="In"
                     ecep:syllab="1"
                     ecep:pron="ɪn">In</w>
                  <c> </c>
                  <w xml:id="o4103-416050"
                     n="207-a-0630"
                     ecep:lem="thoughtless"
                     ecep:pos="j"
                     ecep:reg="thoughtless"
                     ecep:spe="thoughtless"
                     ecep:syllab="2"
                     ecep:pron="ˈθɔːtləs">thoughtless</w>
                  <c> </c>
                  <w xml:id="o4103-416060"
                     n="207-a-0640"
                     ecep:lem="prodigality"
                     ecep:pos="n1"
                     ecep:reg="prodigality"
                     ecep:spe="prodigality"
                     ecep:syllab="5"
                     ecep:pron="ˌprɒdɪˈgæləti">prodigality</w>
                  <pc xml:id="o4103-416070"
                      n="207-a-0650"
                      ecep:lem=","
                      ecep:pos=","
                      ecep:reg=","
                      ecep:spe=",">,</pc>
               </l>
               <l xml:id="o4103-l20075">
                  <c> </c>
                  <w xml:id="o4103-416080"
                     n="207-a-0660"
                     ecep:lem="he|be"
                     ecep:pos="pns31|vbz"
                     ecep:reg="He's"
                     ecep:spe="He's"
                     ecep:syllab="1"
                     ecep:pron="hiːz">He's</w>
                  <c> </c>
                  <w xml:id="o4103-416090"
                     n="207-a-0670"
                     ecep:lem="grant"
                     ecep:pos="vvg"
                     ecep:reg="granting"
                     ecep:spe="granting"
                     ecep:syllab="2"
                     ecep:pron="grɑːntɪŋ">granting</w>
                  <c> </c>
                  <w xml:id="o4103-416100"
                     n="207-a-0680"
                     ecep:lem="still"
                     ecep:pos="av"
                     ecep:reg="still"
                     ecep:spe="still"
                     ecep:syllab="1"
                     ecep:pron="stɪl">still</w>
                  <c> </c>
                  <w xml:id="o4103-416110"
                     n="207-a-0690"
                     ecep:lem="and"
                     ecep:pos="cc"
                     ecep:reg="and"
                     ecep:spe="and"
                     ecep:syllab="1"
                     ecep:pron="ænd">and</w>
                  <c> </c>
                  <w xml:id="o4103-416120"
                     n="207-a-0700"
                     ecep:lem="grant"
                     ecep:pos="j-vvg"
                     ecep:reg="granting"
                     ecep:spe="granting"
                     ecep:syllab="2"
                     ecep:pron="grɑːntɪŋ">granting</w>
                  <pc xml:id="o4103-416130"
                      n="207-a-0710"
                      ecep:lem=","
                      ecep:pos=","
                      ecep:reg=","
                      ecep:spe=",">,</pc>
               </l>
               <l xml:id="o4103-l20080">
                  <c> </c>
                  <w xml:id="o4103-416140"
                     n="207-a-0720"
                     ecep:lem="to"
                     ecep:pos="p-acp"
                     ecep:reg="To"
                     ecep:spe="To"
                     ecep:syllab="1"
                     ecep:pron="tuː">To</w>
                  <c> </c>
                  <w xml:id="o4103-416150"
                     n="207-a-0730"
                     ecep:lem="Phyllis"
                     ecep:pos="np1"
                     ecep:reg="Phyllis"
                     ecep:spe="Phyllis"
                     ecep:syllab="2"
                     ecep:pron="ˈfɪlɪs">Phyllis</w>
                  <c> </c>
                  <w xml:id="o4103-416160"
                     n="207-a-0740"
                     ecep:lem="that"
                     ecep:pos="cst"
                     ecep:reg="that"
                     ecep:spe="that"
                     ecep:syllab="1"
                     ecep:pron="ðæt">that</w>
                  <pc xml:id="o4103-416170"
                      n="207-a-0750"
                      ecep:lem=","
                      ecep:pos=","
                      ecep:reg=","
                      ecep:spe=",">,</pc>
                  <c> </c>
                  <w xml:id="o4103-416180"
                     n="207-a-0760"
                     ecep:lem="to"
                     ecep:pos="p-acp"
                     ecep:reg="to"
                     ecep:spe="to"
                     ecep:syllab="1"
                     ecep:pron="tuː">to</w>
                  <c> </c>
                  <w xml:id="o4103-416190"
                     n="207-a-0770"
                     ecep:lem="cloe"
                     ecep:pos="np1"
                     ecep:reg="Cloe"
                     ecep:spe="Cloe"
                     ecep:syllab="1"
                     ecep:pron="klˈəʊi">Cloe</w>
                  <c> </c>
                  <w xml:id="o4103-416200"
                     n="207-a-0780"
                     ecep:lem="this"
                     ecep:pos="d"
                     ecep:reg="this"
                     ecep:spe="this"
                     ecep:syllab="1"
                     ecep:pron="ðɪs">this</w>
                  <pc xml:id="o4103-416210"
                      n="207-a-0790"
                      ecep:lem=","
                      ecep:pos=","
                      ecep:reg=","
                      ecep:spe=",">,</pc>
               </l>
               <l xml:id="o4103-l20085">
                  <c> </c>
                  <w xml:id="o4103-416220"
                     n="207-a-0800"
                     ecep:lem="and"
                     ecep:pos="cc"
                     ecep:reg="And"
                     ecep:spe="And"
                     ecep:syllab="1"
                     ecep:pron="ænd">And</w>
                  <c> </c>
                  <w xml:id="o4103-416230"
                     n="207-a-0810"
                     ecep:lem="every"
                     ecep:pos="d"
                     ecep:reg="every"
                     ecep:spe="every"
                     ecep:syllab="2"
                     ecep:pron="ˈevri">every</w>
                  <c> </c>
                  <w xml:id="o4103-416240"
                     n="207-a-0820"
                     ecep:lem="madam"
                     ecep:pos="n1"
                     ecep:reg="madam"
                     ecep:spe="madam"
                     ecep:syllab="2"
                     ecep:pron="ˈmædəm">madam</w>
                  <pc xml:id="o4103-416250"
                      n="207-a-0830"
                      ecep:lem=","
                      ecep:pos=","
                      ecep:reg=","
                      ecep:spe=",">,</pc>
                  <c> </c>
                  <w xml:id="o4103-416260"
                     n="207-a-0840"
                     ecep:lem="every"
                     ecep:pos="d"
                     ecep:reg="every"
                     ecep:spe="every"
                     ecep:syllab="2"
                     ecep:pron="ˈevri">every</w>
                  <c> </c>
                  <w xml:id="o4103-416270"
                     n="207-a-0850"
                     ecep:lem="miss"
                     ecep:pos="n1"
                     ecep:reg="miss"
                     ecep:spe="miss"
                     ecep:syllab="1"
                     ecep:pron="mɪs">miss</w>
                  <pc xml:id="o4103-416280"
                      n="207-a-0860"
                      ecep:lem=";"
                      ecep:pos=";"
                      ecep:reg=";"
                      ecep:spe=";">;</pc>
               </l>
               <l xml:id="o4103-l20090">
                  <c> </c>
                  <w xml:id="o4103-416290"
                     n="207-a-0870"
                     ecep:lem="yet"
                     ecep:pos="av"
                     ecep:reg="Yet"
                     ecep:spe="Yet"
                     ecep:syllab="1"
                     ecep:pron="jet">Yet</w>
                  <c> </c>
                  <w xml:id="o4103-416300"
                     n="207-a-0880"
                     ecep:lem="i"
                     ecep:pos="pns11"
                     ecep:reg="I"
                     ecep:spe="I"
                     ecep:syllab="1"
                     ecep:pron="aɪ">I</w>
                  <c> </c>
                  <w xml:id="o4103-416310"
                     n="207-a-0890"
                     ecep:lem="find"
                     ecep:pos="vvb"
                     ecep:reg="find"
                     ecep:spe="find"
                     ecep:syllab="1"
                     ecep:pron="faɪnd">find</w>
                  <c> </c>
                  <w xml:id="o4103-416320"
                     n="207-a-0900"
                     ecep:lem="nothing"
                     ecep:pos="pix"
                     ecep:reg="nothing"
                     ecep:spe="nothing"
                     ecep:syllab="2"
                     ecep:pron="ˈnʌθɪŋ">nothing</w>
                  <c> </c>
                  <w xml:id="o4103-416330"
                     n="207-a-0910"
                     ecep:lem="want"
                     ecep:pos="vvg"
                     ecep:reg="wanting"
                     ecep:spe="wanting"
                     ecep:syllab="2"
                     ecep:pron="wɒntɪŋ">wanting</w>
                  <pc xml:id="o4103-416340"
                      n="207-a-0920"
                      unit="sentence"
                      ecep:lem="."
                      ecep:pos="."
                      ecep:reg="."
                      ecep:spe=".">.</pc>
                  <c> </c>
               </l>
            </lg>
            <lg n="3" xml:id="o4103-s01360">
               <head>
                  <w xml:id="o4103-416380"
                     n="207-a-0930"
                     ecep:lem="iii"
                     ecep:pos="crd"
                     ecep:reg="III"
                     ecep:spe="III"
                     ecep:syllab="1"
                     ecep:pron="rˌəʊmənθrˈiː">III</w>
                  <pc xml:id="o4103-416390"
                      n="207-a-0940"
                      unit="sentence"
                      ecep:lem="."
                      ecep:pos="."
                      ecep:reg="."
                      ecep:spe=".">.</pc>
               </head>
               <l xml:id="o4103-l20095">
                  <w xml:id="o4103-416410"
                     n="207-a-0950"
                     ecep:lem="if"
                     ecep:pos="cs"
                     ecep:reg="If"
                     ecep:spe="If"
                     ecep:syllab="1"
                     ecep:pron="ɪf">If</w>
                  <c> </c>
                  <w xml:id="o4103-416420"
                     n="207-a-0960"
                     ecep:lem="haply"
                     ecep:pos="av"
                     ecep:reg="haply"
                     ecep:spe="haply"
                     ecep:syllab="2"
                     ecep:pron="ˈhæpli">haply</w>
                  <c> </c>
                  <w xml:id="o4103-416430"
                     n="207-a-0970"
                     ecep:lem="i"
                     ecep:pos="pns11"
                     ecep:reg="I"
                     ecep:spe="I"
                     ecep:syllab="1"
                     ecep:pron="aɪ">I</w>
                  <c> </c>
                  <w xml:id="o4103-416440"
                     n="207-a-0980"
                     ecep:lem="his"
                     ecep:pos="po31"
                     ecep:reg="his"
                     ecep:spe="his"
                     ecep:syllab="1"
                     ecep:pron="hɪz">his</w>
                  <c> </c>
                  <w xml:id="o4103-416450"
                     n="207-a-0990"
                     ecep:lem="will"
                     ecep:pos="n1"
                     ecep:reg="will"
                     ecep:spe="will"
                     ecep:syllab="1"
                     ecep:pron="wɪl">will</w>
                  <c> </c>
                  <w xml:id="o4103-416460"
                     n="207-a-1000"
                     ecep:lem="displease"
                     ecep:pos="vvi"
                     ecep:reg="displease"
                     ecep:spe="displease"
                     ecep:syllab="2"
                     ecep:pron="dɪˈspliːz">displease</w>
                  <pc xml:id="o4103-416470"
                      n="207-a-1010"
                      ecep:lem=","
                      ecep:pos=","
                      ecep:reg=","
                      ecep:spe=",">,</pc>
               </l>
               <l xml:id="o4103-l20100">
                  <c> </c>
                  <w xml:id="o4103-416480"
                     n="207-a-1020"
                     ecep:lem="tempestuous"
                     ecep:pos="j"
                     ecep:reg="Tempestuous"
                     ecep:spe="Tempestuous"
                     ecep:syllab="4"
                     ecep:pron="temˈpestʃuəs">Tempestuous</w>
                  <c> </c>
                  <w xml:id="o4103-416490"
                     n="207-a-1030"
                     ecep:lem="as"
                     ecep:pos="c-acp"
                     ecep:reg="as"
                     ecep:spe="as"
                     ecep:syllab="1"
                     ecep:pron="æz">as</w>
                  <c> </c>
                  <w xml:id="o4103-416500"
                     n="207-a-1040"
                     ecep:lem="the"
                     ecep:pos="dt"
                     ecep:reg="the"
                     ecep:spe="th'"
                     ecep:syllab="0"
                     ecep:pron="ð">th'</w>
                  <c> </c>
                  <w xml:id="o4103-416510"
                     n="207-a-1050"
                     ecep:lem="autumnal"
                     ecep:pos="j"
                     ecep:reg="autumnal"
                     ecep:spe="autumnal"
                     ecep:syllab="3"
                     ecep:pron="ɔːˈtʌmnl">autumnal</w>
                  <c> </c>
                  <w xml:id="o4103-416520"
                     n="207-a-1060"
                     ecep:lem="sea"
                     ecep:pos="n2"
                     ecep:reg="seas"
                     ecep:spe="seas"
                     ecep:syllab="1"
                     ecep:pron="siːz">seas</w>
               </l>
               <l xml:id="o4103-l20105">
                  <c> </c>
                  <w xml:id="o4103-416530"
                     n="207-a-1070"
                     ecep:lem="he"
                     ecep:pos="pns31"
                     ecep:reg="He"
                     ecep:spe="He"
                     ecep:syllab="1"
                     ecep:pron="hiː">He</w>
                  <c> </c>
                  <w xml:id="o4103-416540"
                     n="207-a-1080"
                     ecep:lem="foam"
                     ecep:pos="vvz"
                     ecep:reg="foams"
                     ecep:spe="foams"
                     ecep:syllab="1"
                     ecep:pron="fəʊmz">foams</w>
                  <c> </c>
                  <w xml:id="o4103-416550"
                     n="207-a-1090"
                     ecep:lem="and"
                     ecep:pos="cc"
                     ecep:reg="and"
                     ecep:spe="and"
                     ecep:syllab="1"
                     ecep:pron="ænd">and</w>
                  <c> </c>
                  <w xml:id="o4103-416560"
                     n="207-a-1100"
                     ecep:lem="rage"
                     ecep:pos="vvz"
                     ecep:reg="rages"
                     ecep:spe="rages"
                     ecep:syllab="2"
                     ecep:pron="reɪdʒɪz">rages</w>
                  <c> </c>
                  <w xml:id="o4103-416570"
                     n="207-a-1110"
                     ecep:lem="ever"
                     ecep:pos="av"
                     ecep:reg="ever"
                     ecep:spe="ever"
                     ecep:syllab="2"
                     ecep:pron="ˈevə">ever</w>
                  <pc xml:id="o4103-416580"
                      n="207-a-1120"
                      ecep:lem=";"
                      ecep:pos=";"
                      ecep:reg=";"
                      ecep:spe=";">;</pc>
               </l>
               <pb facs="o4103/0221" n="201" rend="none"/>
               <l xml:id="o4103-l20110">
                  <c> </c>
                  <w xml:id="o4103-416590"
                     n="208-a-0010"
                     ecep:lem="but"
                     ecep:pos="cc-acp"
                     ecep:reg="But"
                     ecep:spe="But"
                     ecep:syllab="1"
                     ecep:pron="bʌt">But</w>
                  <c> </c>
                  <w xml:id="o4103-416600"
                     n="208-a-0020"
                     ecep:lem="when"
                     ecep:pos="c-crq"
                     ecep:reg="when"
                     ecep:spe="when"
                     ecep:syllab="1"
                     ecep:pron="wen">when</w>
                  <c> </c>
                  <w xml:id="o4103-416610"
                     n="208-a-0030"
                     ecep:lem="he"
                     ecep:pos="pns31"
                     ecep:reg="he"
                     ecep:spe="he"
                     ecep:syllab="1"
                     ecep:pron="hiː">he</w>
                  <c> </c>
                  <w xml:id="o4103-416620"
                     n="208-a-0040"
                     ecep:lem="cease"
                     ecep:pos="vvz"
                     ecep:reg="ceases"
                     ecep:spe="ceases"
                     ecep:syllab="2"
                     ecep:pron="siːsɪz">ceases</w>
                  <c> </c>
                  <w xml:id="o4103-416630"
                     n="208-a-0050"
                     ecep:lem="from"
                     ecep:pos="p-acp"
                     ecep:reg="from"
                     ecep:spe="from"
                     ecep:syllab="1"
                     ecep:pron="frɒm">from</w>
                  <c> </c>
                  <w xml:id="o4103-416640"
                     n="208-a-0060"
                     ecep:lem="his"
                     ecep:pos="po31"
                     ecep:reg="his"
                     ecep:spe="his"
                     ecep:syllab="1"
                     ecep:pron="hɪz">his</w>
                  <c> </c>
                  <w xml:id="o4103-416650"
                     n="208-a-0070"
                     ecep:lem="ire"
                     ecep:pos="n1"
                     ecep:reg="ire"
                     ecep:spe="ire"
                     ecep:syllab="1"
                     ecep:pron="æə">ire</w>
                  <pc xml:id="o4103-416660"
                      n="208-a-0080"
                      ecep:lem=","
                      ecep:pos=","
                      ecep:reg=","
                      ecep:spe=",">,</pc>
               </l>
               <l xml:id="o4103-l20115">
                  <c> </c>
                  <w xml:id="o4103-416670"
                     n="208-a-0090"
                     ecep:lem="i"
                     ecep:pos="pns11"
                     ecep:reg="I"
                     ecep:spe="I"
                     ecep:syllab="1"
                     ecep:pron="aɪ">I</w>
                  <c> </c>
                  <w xml:id="o4103-416680"
                     n="208-a-0100"
                     ecep:lem="cry"
                     ecep:pos="vvb"
                     ecep:reg="cry"
                     ecep:spe="cry"
                     ecep:syllab="1"
                     ecep:pron="kraɪ">cry</w>
                  <pc xml:id="o4103-416690"
                      n="208-a-0110"
                      ecep:lem=","
                      ecep:pos=","
                      ecep:reg=","
                      ecep:spe=",">,</pc>
                  <c> </c>
                  <w xml:id="o4103-416700"
                     n="208-a-0120"
                     ecep:lem="such"
                     ecep:pos="d"
                     ecep:reg="such"
                     ecep:spe="such"
                     ecep:syllab="1"
                     ecep:pron="sʌtʃ">such</w>
                  <c> </c>
                  <w xml:id="o4103-416710"
                     n="208-a-0130"
                     ecep:lem="spirit"
                     ecep:pos="n1"
                     ecep:reg="spirit"
                     ecep:spe="spirit"
                     ecep:syllab="2"
                     ecep:pron="ˈspɪrɪt">spirit</w>
                  <pc xml:id="o4103-416720"
                      n="208-a-0140"
                      ecep:lem=","
                      ecep:pos=","
                      ecep:reg=","
                      ecep:spe=",">,</pc>
                  <c> </c>
                  <w xml:id="o4103-416730"
                     n="208-a-0150"
                     ecep:lem="and"
                     ecep:pos="cc"
                     ecep:reg="and"
                     ecep:spe="and"
                     ecep:syllab="1"
                     ecep:pron="ænd">and</w>
                  <c> </c>
                  <w xml:id="o4103-416740"
                     n="208-a-0160"
                     ecep:lem="such"
                     ecep:pos="d"
                     ecep:reg="such"
                     ecep:spe="such"
                     ecep:syllab="1"
                     ecep:pron="sʌtʃ">such</w>
                  <c> </c>
                  <w xml:id="o4103-416750"
                     n="208-a-0170"
                     ecep:lem="fire"
                     ecep:pos="n1"
                     ecep:reg="fire"
                     ecep:spe="fire"
                     ecep:syllab="1"
                     ecep:pron="fæə">fire</w>
                  <pc xml:id="o4103-416760"
                      n="208-a-0180"
                      ecep:lem=","
                      ecep:pos=","
                      ecep:reg=","
                      ecep:spe=",">,</pc>
               </l>
               <l xml:id="o4103-l20120">
                  <c> </c>
                  <w xml:id="o4103-416770"
                     n="208-a-0190"
                     ecep:lem="be"
                     ecep:pos="vbz"
                     ecep:reg="Is"
                     ecep:spe="Is"
                     ecep:syllab="1"
                     ecep:pron="ɪz">Is</w>
                  <c> </c>
                  <w xml:id="o4103-416780"
                     n="208-a-0200"
                     ecep:lem="sure"
                     ecep:pos="av-j"
                     ecep:reg="surely"
                     ecep:spe="surely"
                     ecep:syllab="2"
                     ecep:pron="ˈʃɔːli">surely</w>
                  <c> </c>
                  <w xml:id="o4103-416790"
                     n="208-a-0210"
                     ecep:lem="wondrous"
                     ecep:pos="j"
                     ecep:reg="wondrous"
                     ecep:spe="wond'rous"
                     ecep:syllab="2"
                     ecep:pron="ˈwʌndrəs">wond'rous</w>
                  <c> </c>
                  <w xml:id="o4103-416800"
                     n="208-a-0220"
                     ecep:lem="clever"
                     ecep:pos="j"
                     ecep:reg="clever"
                     ecep:spe="clever"
                     ecep:syllab="2"
                     ecep:pron="ˈklevə">clever</w>
                  <pc xml:id="o4103-416810"
                      n="208-a-0230"
                      unit="sentence"
                      ecep:lem="."
                      ecep:pos="."
                      ecep:reg="."
                      ecep:spe=".">.</pc>
                  <c> </c>
               </l>
            </lg>
            <lg n="4" xml:id="o4103-s01365">
               <head>
                  <w xml:id="o4103-416850"
                     n="208-a-0240"
                     ecep:lem="iv"
                     ecep:pos="crd"
                     ecep:reg="IV"
                     ecep:spe="IV"
                     ecep:syllab="1"
                     ecep:pron="rˌəʊmənfˈɔː">IV</w>
                  <pc xml:id="o4103-416860"
                      n="208-a-0250"
                      unit="sentence"
                      ecep:lem="."
                      ecep:pos="."
                      ecep:reg="."
                      ecep:spe=".">.</pc>
               </head>
               <l xml:id="o4103-l20125">
                  <w xml:id="o4103-416880"
                     n="208-a-0260"
                     ecep:lem="i"
                     ecep:pos="pns11"
                     ecep:reg="I"
                     ecep:spe="I"
                     ecep:syllab="1"
                     ecep:pron="aɪ">I</w>
                  <c> </c>
                  <w xml:id="o4103-416890"
                     n="208-a-0270"
                     ecep:lem="never"
                     ecep:pos="av-x"
                     ecep:reg="never"
                     ecep:spe="ne'er"
                     ecep:syllab="1"
                     ecep:pron="neə">ne'er</w>
                  <c> </c>
                  <w xml:id="o4103-416900"
                     n="208-a-0280"
                     ecep:lem="want"
                     ecep:pos="vvb"
                     ecep:reg="want"
                     ecep:spe="want"
                     ecep:syllab="1"
                     ecep:pron="wɒnt">want</w>
                  <c> </c>
                  <w xml:id="o4103-416910"
                     n="208-a-0290"
                     ecep:lem="reason"
                     ecep:pos="n1"
                     ecep:reg="reason"
                     ecep:spe="reason"
                     ecep:syllab="2"
                     ecep:pron="ˈriːzn">reason</w>
                  <c> </c>
                  <w xml:id="o4103-416920"
                     n="208-a-0300"
                     ecep:lem="to"
                     ecep:pos="pc-acp"
                     ecep:reg="to"
                     ecep:spe="to"
                     ecep:syllab="1"
                     ecep:pron="tuː">to</w>
                  <c> </c>
                  <w xml:id="o4103-416930"
                     n="208-a-0310"
                     ecep:lem="complain"
                     ecep:pos="vvi"
                     ecep:reg="complain"
                     ecep:spe="complain"
                     ecep:syllab="2"
                     ecep:pron="kəmˈpleɪn">complain</w>
                  <pc xml:id="o4103-416940"
                      n="208-a-0320"
                      ecep:lem=";"
                      ecep:pos=";"
                      ecep:reg=";"
                      ecep:spe=";">;</pc>
               </l>
               <l xml:id="o4103-l20130">
                  <c> </c>
                  <w xml:id="o4103-416950"
                     n="208-a-0330"
                     ecep:lem="but"
                     ecep:pos="cc-acp"
                     ecep:reg="But"
                     ecep:spe="But"
                     ecep:syllab="1"
                     ecep:pron="bʌt">But</w>
                  <c> </c>
                  <w xml:id="o4103-416960"
                     n="208-a-0340"
                     ecep:lem="sweet"
                     ecep:pos="j"
                     ecep:reg="sweet"
                     ecep:spe="sweet"
                     ecep:syllab="1"
                     ecep:pron="swiːt">sweet</w>
                  <c> </c>
                  <w xml:id="o4103-416970"
                     n="208-a-0350"
                     ecep:lem="be"
                     ecep:pos="vbz"
                     ecep:reg="is"
                     ecep:spe="is"
                     ecep:syllab="1"
                     ecep:pron="ɪz">is</w>
                  <c> </c>
                  <w xml:id="o4103-416980"
                     n="208-a-0360"
                     ecep:lem="pleasure"
                     ecep:pos="n1"
                     ecep:reg="pleasure"
                     ecep:spe="pleasure"
                     ecep:syllab="2"
                     ecep:pron="ˈpleʒə">pleasure</w>
                  <c> </c>
                  <w xml:id="o4103-416990"
                     n="208-a-0370"
                     ecep:lem="after"
                     ecep:pos="p-acp"
                     ecep:reg="after"
                     ecep:spe="after"
                     ecep:syllab="2"
                     ecep:pron="ˈɑːftə">after</w>
                  <c> </c>
                  <w xml:id="o4103-417000"
                     n="208-a-0380"
                     ecep:lem="pain"
                     ecep:pos="n1"
                     ecep:reg="pain"
                     ecep:spe="pain"
                     ecep:syllab="1"
                     ecep:pron="peɪn">pain</w>
                  <pc xml:id="o4103-417010"
                      n="208-a-0390"
                      ecep:lem=","
                      ecep:pos=","
                      ecep:reg=","
                      ecep:spe=",">,</pc>
               </l>
               <l xml:id="o4103-l20135">
                  <c> </c>
                  <w xml:id="o4103-417020"
                     n="208-a-0400"
                     ecep:lem="and"
                     ecep:pos="cc"
                     ecep:reg="And"
                     ecep:spe="And"
                     ecep:syllab="1"
                     ecep:pron="ænd">And</w>
                  <c> </c>
                  <w xml:id="o4103-417030"
                     n="208-a-0410"
                     ecep:lem="every"
                     ecep:pos="d"
                     ecep:reg="every"
                     ecep:spe="every"
                     ecep:syllab="2"
                     ecep:pron="ˈevri">every</w>
                  <c> </c>
                  <w xml:id="o4103-417040"
                     n="208-a-0420"
                     ecep:lem="joy"
                     ecep:pos="n1"
                     ecep:reg="joy"
                     ecep:spe="joy"
                     ecep:syllab="1"
                     ecep:pron="dʒɔɪ">joy</w>
                  <c> </c>
                  <w xml:id="o4103-417050"
                     n="208-a-0430"
                     ecep:lem="grow"
                     ecep:pos="vvz"
                     ecep:reg="grows"
                     ecep:spe="grows"
                     ecep:syllab="1"
                     ecep:pron="grəʊz">grows</w>
                  <c> </c>
                  <w xml:id="o4103-417060"
                     n="208-a-0440"
                     ecep:lem="great"
                     ecep:pos="jc"
                     ecep:reg="greater"
                     ecep:spe="greater"
                     ecep:syllab="2"
                     ecep:pron="greɪtə">greater</w>
                  <pc xml:id="o4103-417070"
                      n="208-a-0450"
                      unit="sentence"
                      ecep:lem="."
                      ecep:pos="."
                      ecep:reg="."
                      ecep:spe=".">.</pc>
                  <c> </c>
               </l>
               <l xml:id="o4103-l20140">
                  <w xml:id="o4103-417080"
                     n="208-a-0460"
                     ecep:lem="then"
                     ecep:pos="av"
                     ecep:reg="Then"
                     ecep:spe="Then"
                     ecep:syllab="1"
                     ecep:pron="ðen">Then</w>
                  <c> </c>
                  <w xml:id="o4103-417090"
                     n="208-a-0470"
                     ecep:lem="trust"
                     ecep:pos="vvb"
                     ecep:reg="trust"
                     ecep:spe="trust"
                     ecep:syllab="1"
                     ecep:pron="trʌst">trust</w>
                  <c> </c>
                  <w xml:id="o4103-417100"
                     n="208-a-0480"
                     ecep:lem="i"
                     ecep:pos="pno11"
                     ecep:reg="me"
                     ecep:spe="me"
                     ecep:syllab="1"
                     ecep:pron="miː">me</w>
                  <pc xml:id="o4103-417110"
                      n="208-a-0490"
                      ecep:lem=","
                      ecep:pos=","
                      ecep:reg=","
                      ecep:spe=",">,</pc>
                  <c> </c>
                  <w xml:id="o4103-417120"
                     n="208-a-0500"
                     ecep:lem="damsel"
                     ecep:pos="n2"
                     ecep:reg="damsels"
                     ecep:spe="damsels"
                     ecep:syllab="2"
                     ecep:pron="ˈdæmzlz">damsels</w>
                  <pc xml:id="o4103-417130"
                      n="208-a-0510"
                      ecep:lem=","
                      ecep:pos=","
                      ecep:reg=","
                      ecep:spe=",">,</pc>
                  <c> </c>
                  <w xml:id="o4103-417140"
                     n="208-a-0520"
                     ecep:lem="while"
                     ecep:pos="cs"
                     ecep:reg="while"
                     ecep:spe="whilst"
                     ecep:syllab="1"
                     ecep:pron="waɪlst">whilst</w>
                  <c> </c>
                  <w xml:id="o4103-417150"
                     n="208-a-0530"
                     ecep:lem="i"
                     ecep:pos="pns11"
                     ecep:reg="I"
                     ecep:spe="I"
                     ecep:syllab="1"
                     ecep:pron="aɪ">I</w>
                  <c> </c>
                  <w xml:id="o4103-417160"
                     n="208-a-0540"
                     ecep:lem="tell"
                     ecep:pos="vvb"
                     ecep:reg="tell"
                     ecep:spe="tell"
                     ecep:syllab="1"
                     ecep:pron="tel">tell</w>
                  <pc xml:id="o4103-417170"
                      n="208-a-0550"
                      ecep:lem=","
                      ecep:pos=","
                      ecep:reg=","
                      ecep:spe=",">,</pc>
               </l>
               <l xml:id="o4103-l20145">
                  <c> </c>
                  <w xml:id="o4103-417180"
                     n="208-a-0560"
                     ecep:lem="i"
                     ecep:pos="pns11"
                     ecep:reg="I"
                     ecep:spe="I"
                     ecep:syllab="1"
                     ecep:pron="aɪ">I</w>
                  <c> </c>
                  <w xml:id="o4103-417190"
                     n="208-a-0570"
                     ecep:lem="shall"
                     ecep:pos="vmd"
                     ecep:reg="should"
                     ecep:spe="should"
                     ecep:syllab="1"
                     ecep:pron="ʃʊd">should</w>
                  <c> </c>
                  <w xml:id="o4103-417200"
                     n="208-a-0580"
                     ecep:lem="not"
                     ecep:pos="xx"
                     ecep:reg="not"
                     ecep:spe="not"
                     ecep:syllab="1"
                     ecep:pron="nɒt">not</w>
                  <c> </c>
                  <w xml:id="o4103-417210"
                     n="208-a-0590"
                     ecep:lem="like"
                     ecep:pos="vvi"
                     ecep:reg="like"
                     ecep:spe="like"
                     ecep:syllab="1"
                     ecep:pron="laɪk">like</w>
                  <c> </c>
                  <w xml:id="o4103-417220"
                     n="208-a-0600"
                     ecep:lem="he"
                     ecep:pos="pno31"
                     ecep:reg="him"
                     ecep:spe="him"
                     ecep:syllab="1"
                     ecep:pron="hɪm">him</w>
                  <c> </c>
                  <w xml:id="o4103-417230"
                     n="208-a-0610"
                     ecep:lem="half"
                     ecep:pos="av-jn"
                     ecep:reg="half"
                     ecep:spe="half"
                     ecep:syllab="1"
                     ecep:pron="hɑːf">half</w>
                  <c> </c>
                  <w xml:id="o4103-417240"
                     n="208-a-0620"
                     ecep:lem="so"
                     ecep:pos="av"
                     ecep:reg="so"
                     ecep:spe="so"
                     ecep:syllab="1"
                     ecep:pron="səʊ">so</w>
                  <c> </c>
                  <w xml:id="o4103-417250"
                     n="208-a-0630"
                     ecep:lem="well"
                     ecep:pos="av"
                     ecep:reg="well"
                     ecep:spe="well"
                     ecep:syllab="1"
                     ecep:pron="wel">well</w>
                  <pc xml:id="o4103-417260"
                      n="208-a-0640"
                      ecep:lem=","
                      ecep:pos=","
                      ecep:reg=","
                      ecep:spe=",">,</pc>
               </l>
               <l xml:id="o4103-l20150">
                  <c> </c>
                  <w xml:id="o4103-417270"
                     n="208-a-0650"
                     ecep:lem="if"
                     ecep:pos="cs"
                     ecep:reg="If"
                     ecep:spe="If"
                     ecep:syllab="1"
                     ecep:pron="ɪf">If</w>
                  <c> </c>
                  <w xml:id="o4103-417280"
                     n="208-a-0660"
                     ecep:lem="i"
                     ecep:pos="pns11"
                     ecep:reg="I"
                     ecep:spe="I"
                     ecep:syllab="1"
                     ecep:pron="aɪ">I</w>
                  <c> </c>
                  <w xml:id="o4103-417290"
                     n="208-a-0670"
                     ecep:lem="can"
                     ecep:pos="vmd"
                     ecep:reg="could"
                     ecep:spe="cou'd"
                     ecep:syllab="1"
                     ecep:pron="kʊd">cou'd</w>
                  <c> </c>
                  <w xml:id="o4103-417300"
                     n="208-a-0680"
                     ecep:lem="make"
                     ecep:pos="vvi"
                     ecep:reg="make"
                     ecep:spe="make"
                     ecep:syllab="1"
                     ecep:pron="meɪk">make</w>
                  <c> </c>
                  <w xml:id="o4103-417310"
                     n="208-a-0690"
                     ecep:lem="he"
                     ecep:pos="pno31"
                     ecep:reg="him"
                     ecep:spe="him"
                     ecep:syllab="1"
                     ecep:pron="hɪm">him</w>
                  <c> </c>
                  <w xml:id="o4103-417320"
                     n="208-a-0700"
                     ecep:lem="better"
                     ecep:pos="av-jc"
                     ecep:reg="better"
                     ecep:spe="better"
                     ecep:syllab="2"
                     ecep:pron="ˈbetə">better</w>
                  <pc xml:id="o4103-417330"
                      n="208-a-0710"
                      unit="sentence"
                      ecep:lem="."
                      ecep:pos="."
                      ecep:reg="."
                      ecep:spe=".">.</pc>
                  <c> </c>
               </l>
            </lg>
         </div>
      </body>
   </text>
</TEI>
