<?xml version="1.0" encoding="utf-8"?>
<!DOCTYPE div
  SYSTEM "about:legacy-compat">
<div xmlns:ecep="http://www.eighteenthcenturypoetry.org/ns"
     xmlns="http://www.tei-c.org/ns/1.0"
     xmlns:tei="http://www.tei-c.org/ns/1.0"
     ana="#iamb #tetrameter #sestet #sestarima #hymn"
     corresp="#txt_WeslCh1707_w0031"
     decls="#semi-normalized"
     ecep:syllab="8.8.8.8.8.8"
     met="-+|-+|-+|-+/ -+|-+|-+|-+/ -+|-+|-+|-+/ -+|-+|-+|-+/ -+|-+|-+|-+/ -+|-+|-+|-+/"
     rendition="#lgvspace"
     rhyme="ababcc"
     subtype="eceptext"
     type="poem"
     xml:id="o3900-w1000">
   <link target="authors.xml#aut_WeslCh1707" type="author"/>
   <head type="main">
      <bibl>
         <w xml:id="o3900-351010"
            n="172-a-0010"
            ecep:lem="Isaiah"
            ecep:pos="np1"
            ecep:reg="ISAIAH"
            ecep:spe="ISAIAH"
            ecep:syllab="3"
            ecep:pron="aɪˈzaɪə">ISAIAH</w>
         <c> </c>
         <w xml:id="o3900-351020"
            n="172-a-0020"
            ecep:lem="xliii"
            ecep:pos="crd"
            ecep:reg="xliii"
            ecep:spe="xliii"
            ecep:syllab="3"
            ecep:pron="rˌəʊmənfˈɔːtiθrˈiː">xliii</w>
         <pc xml:id="o3900-351030"
             n="172-a-0030"
             unit="sentence"
             ecep:lem="."
             ecep:pos="."
             ecep:reg="."
             ecep:spe=".">.</pc>
         <c> </c>
         <w xml:id="o3900-351040"
            n="172-a-0040"
            ecep:lem="1"
            ecep:pos="crd"
            ecep:reg="1"
            ecep:spe="1"
            ecep:syllab="1"
            ecep:pron="wˈɒn">1</w>
         <pc xml:id="o3900-351050"
             n="172-a-0050"
             ecep:lem=","
             ecep:pos=","
             ecep:reg=","
             ecep:spe=",">,</pc>
         <c> </c>
         <w xml:id="o3900-351060"
            n="172-a-0060"
            ecep:lem="2"
            ecep:pos="crd"
            ecep:reg="2"
            ecep:spe="2"
            ecep:syllab="1"
            ecep:pron="tˈuː">2</w>
         <pc xml:id="o3900-351070"
             n="172-a-0070"
             ecep:lem=","
             ecep:pos=","
             ecep:reg=","
             ecep:spe=",">,</pc>
         <c> </c>
         <w xml:id="o3900-351080"
            n="172-a-0080"
            ecep:lem="3."
            ecep:pos="crd"
            ecep:reg="3."
            ecep:spe="3."
            ecep:syllab="1"
            ecep:pron="θrˈiː">3.</w>
         <pc unit="sentence" xml:id="o3900-351080-eos" n="172-a-0090"/>
      </bibl>
   </head>
   <lg n="1" xml:id="o3900-s03445">
      <head>
         <w xml:id="o3900-351120"
            n="172-a-0100"
            ecep:lem="i"
            ecep:pos="pns11"
            ecep:reg="I"
            ecep:spe="I."
            ecep:syllab="1"
            ecep:pron="ˈaɪ">I.</w>
         <pc unit="sentence" xml:id="o3900-351120-eos" n="172-a-0110"/>
      </head>
      <l xml:id="o3900-l17760">
         <w xml:id="o3900-351140"
            n="172-a-0120"
            ecep:lem="peace"
            ecep:pos="n1"
            ecep:reg="PEACE"
            ecep:spe="PEACE"
            ecep:syllab="1"
            ecep:pron="piːs">PEACE</w>
         <pc xml:id="o3900-351150"
             n="172-a-0130"
             ecep:lem=","
             ecep:pos=","
             ecep:reg=","
             ecep:spe=",">,</pc>
         <c> </c>
         <w xml:id="o3900-351160"
            n="172-a-0140"
            ecep:lem="doubt"
            ecep:pos="vvg"
            ecep:reg="doubting"
            ecep:spe="doubting"
            ecep:syllab="2"
            ecep:pron="daʊtɪŋ">doubting</w>
         <c> </c>
         <w xml:id="o3900-351170"
            n="172-a-0150"
            ecep:lem="heart"
            ecep:pos="n1"
            ecep:reg="Heart"
            ecep:spe="Heart"
            ecep:syllab="1"
            ecep:pron="hɑːt">Heart</w>
         <c> </c>
         <pc xml:id="o3900-351180"
             n="172-a-0160"
             ecep:lem="—"
             ecep:pos="—"
             ecep:reg="—"
             ecep:spe="—">—</pc>
         <c> </c>
         <w xml:id="o3900-351190"
            n="172-a-0170"
            ecep:lem="my"
            ecep:pos="po11"
            ecep:reg="my"
            ecep:spe="my"
            ecep:syllab="1"
            ecep:pron="maɪ">my</w>
         <c> </c>
         <w xml:id="o3900-351200"
            n="172-a-0180"
            ecep:lem="god"
            ecep:pos="npg1"
            ecep:reg="GOD's"
            ecep:spe="GOD's"
            ecep:syllab="1"
            ecep:pron="ˈgɒdz">GOD's</w>
         <c> </c>
         <w xml:id="o3900-351210"
            n="172-a-0190"
            ecep:lem="i"
            ecep:pos="pns11"
            ecep:reg="I"
            ecep:spe="I"
            ecep:syllab="1"
            ecep:pron="aɪ">I</w>
         <c> </c>
         <w xml:id="o3900-351220"
            n="172-a-0200"
            ecep:lem="be"
            ecep:pos="vbm"
            ecep:reg="am"
            ecep:spe="am"
            ecep:syllab="1"
            ecep:pron="æm">am</w>
         <pc xml:id="o3900-351230"
             n="172-a-0210"
             unit="sentence"
             ecep:lem="!"
             ecep:pos="!"
             ecep:reg="!"
             ecep:spe="!">!</pc>
         <c> </c>
      </l>
      <l xml:id="o3900-l17765">
         <w xml:id="o3900-351240"
            n="172-a-0220"
            ecep:lem="who"
            ecep:pos="q-crq"
            ecep:reg="Who"
            ecep:spe="Who"
            ecep:syllab="1"
            ecep:pron="huː">Who</w>
         <c> </c>
         <w xml:id="o3900-351250"
            n="172-a-0230"
            ecep:lem="form"
            ecep:pos="vvd"
            ecep:reg="formed"
            ecep:spe="form'd"
            ecep:syllab="1"
            ecep:pron="fɔːmd">form'd</w>
         <c> </c>
         <w xml:id="o3900-351260"
            n="172-a-0240"
            ecep:lem="i"
            ecep:pos="pno11"
            ecep:reg="me"
            ecep:spe="me"
            ecep:syllab="1"
            ecep:pron="miː">me</w>
         <c> </c>
         <w xml:id="o3900-351270"
            n="172-a-0250"
            ecep:lem="man"
            ecep:pos="n1"
            ecep:reg="Man"
            ecep:spe="Man"
            ecep:syllab="1"
            ecep:pron="mæn">Man</w>
         <c> </c>
         <w xml:id="o3900-351280"
            n="172-a-0260"
            ecep:lem="forbid"
            ecep:pos="vvz"
            ecep:reg="forbids"
            ecep:spe="forbids"
            ecep:syllab="2"
            ecep:pron="fəˈbɪdz">forbids</w>
         <c> </c>
         <w xml:id="o3900-351290"
            n="172-a-0270"
            ecep:lem="my"
            ecep:pos="po11"
            ecep:reg="my"
            ecep:spe="my"
            ecep:syllab="1"
            ecep:pron="maɪ">my</w>
         <c> </c>
         <w xml:id="o3900-351300"
            n="172-a-0280"
            ecep:lem="fear"
            ecep:pos="n1"
            ecep:reg="Fear"
            ecep:spe="Fear"
            ecep:syllab="1"
            ecep:pron="fɪə">Fear</w>
         <pc xml:id="o3900-351310"
             n="172-a-0290"
             ecep:lem=":"
             ecep:pos=":"
             ecep:reg=":"
             ecep:spe=":">:</pc>
      </l>
      <l xml:id="o3900-l17770">
         <c> </c>
         <w xml:id="o3900-351320"
            n="172-a-0300"
            ecep:lem="the"
            ecep:pos="dt"
            ecep:reg="The"
            ecep:spe="The"
            ecep:syllab="1"
            ecep:pron="ðiː">The</w>
         <c> </c>
         <w xml:id="o3900-351330"
            n="172-a-0310"
            ecep:lem="lord"
            ecep:pos="n1"
            ecep:reg="LORD"
            ecep:spe="LORD"
            ecep:syllab="1"
            ecep:pron="lɔːd">LORD</w>
         <c> </c>
         <w xml:id="o3900-351340"
            n="172-a-0320"
            ecep:lem="have"
            ecep:pos="vhz"
            ecep:reg="hath"
            ecep:spe="hath"
            ecep:syllab="1"
            ecep:pron="hæθ">hath</w>
         <c> </c>
         <w xml:id="o3900-351350"
            n="172-a-0330"
            ecep:lem="call"
            ecep:pos="vvn"
            ecep:reg="called"
            ecep:spe="call'd"
            ecep:syllab="1"
            ecep:pron="kɔːld">call'd</w>
         <c> </c>
         <w xml:id="o3900-351360"
            n="172-a-0340"
            ecep:lem="i"
            ecep:pos="pno11"
            ecep:reg="me"
            ecep:spe="me"
            ecep:syllab="1"
            ecep:pron="miː">me</w>
         <c> </c>
         <w xml:id="o3900-351370"
            n="172-a-0350"
            ecep:lem="by"
            ecep:pos="p-acp"
            ecep:reg="by"
            ecep:spe="by"
            ecep:syllab="1"
            ecep:pron="baɪ">by</w>
         <c> </c>
         <w xml:id="o3900-351380"
            n="172-a-0360"
            ecep:lem="my"
            ecep:pos="po11"
            ecep:reg="my"
            ecep:spe="my"
            ecep:syllab="1"
            ecep:pron="maɪ">my</w>
         <c> </c>
         <w xml:id="o3900-351390"
            n="172-a-0370"
            ecep:lem="name"
            ecep:pos="n1"
            ecep:reg="Name"
            ecep:spe="Name"
            ecep:syllab="1"
            ecep:pron="neɪm">Name</w>
         <pc xml:id="o3900-351400"
             n="172-a-0380"
             ecep:lem=","
             ecep:pos=","
             ecep:reg=","
             ecep:spe=",">,</pc>
      </l>
      <l xml:id="o3900-l17775">
         <c> </c>
         <w xml:id="o3900-351410"
            n="172-a-0390"
            ecep:lem="the"
            ecep:pos="dt"
            ecep:reg="The"
            ecep:spe="The"
            ecep:syllab="1"
            ecep:pron="ðiː">The</w>
         <c> </c>
         <w xml:id="o3900-351420"
            n="172-a-0400"
            ecep:lem="lord"
            ecep:pos="n1"
            ecep:reg="LORD"
            ecep:spe="LORD"
            ecep:syllab="1"
            ecep:pron="lɔːd">LORD</w>
         <c> </c>
         <w xml:id="o3900-351430"
            n="172-a-0410"
            ecep:lem="protect"
            ecep:pos="vvz"
            ecep:reg="protects"
            ecep:spe="protects"
            ecep:syllab="2"
            ecep:pron="prəˈtekts">protects</w>
         <c> </c>
         <w xml:id="o3900-351440"
            n="172-a-0420"
            ecep:lem="for"
            ecep:pos="p-acp"
            ecep:reg="for"
            ecep:spe="for"
            ecep:syllab="1"
            ecep:pron="fɔː">for</w>
         <c> </c>
         <w xml:id="o3900-351450"
            n="172-a-0430"
            ecep:lem="ever"
            ecep:pos="av"
            ecep:reg="ever"
            ecep:spe="ever"
            ecep:syllab="2"
            ecep:pron="ˈevə">ever</w>
         <c> </c>
         <w xml:id="o3900-351460"
            n="172-a-0440"
            ecep:lem="near"
            ecep:pos="av-j"
            ecep:reg="near"
            ecep:spe="near"
            ecep:syllab="1"
            ecep:pron="nɪə">near</w>
         <pc xml:id="o3900-351470"
             n="172-a-0450"
             ecep:lem=":"
             ecep:pos=":"
             ecep:reg=":"
             ecep:spe=":">:</pc>
      </l>
      <l xml:id="o3900-l17780">
         <c> </c>
         <w xml:id="o3900-351480"
            n="172-a-0460"
            ecep:lem="he"
            ecep:pos="png31"
            ecep:reg="His"
            ecep:spe="His"
            ecep:syllab="1"
            ecep:pron="hɪz">His</w>
         <c> </c>
         <w xml:id="o3900-351490"
            n="172-a-0470"
            ecep:lem="blood"
            ecep:pos="n1"
            ecep:reg="Blood"
            ecep:spe="Blood"
            ecep:syllab="1"
            ecep:pron="blʌd">Blood</w>
         <c> </c>
         <w xml:id="o3900-351500"
            n="172-a-0480"
            ecep:lem="for"
            ecep:pos="p-acp"
            ecep:reg="for"
            ecep:spe="for"
            ecep:syllab="1"
            ecep:pron="fɔː">for</w>
         <c> </c>
         <w xml:id="o3900-351510"
            n="172-a-0490"
            ecep:lem="i"
            ecep:pos="pno11"
            ecep:reg="Me"
            ecep:spe="Me"
            ecep:syllab="1"
            ecep:pron="miː">Me</w>
         <c> </c>
         <w xml:id="o3900-351520"
            n="172-a-0500"
            ecep:lem="do"
            ecep:pos="vdd"
            ecep:reg="did"
            ecep:spe="did"
            ecep:syllab="1"
            ecep:pron="dɪd">did</w>
         <c> </c>
         <w xml:id="o3900-351530"
            n="172-a-0510"
            ecep:lem="once"
            ecep:pos="a-acp"
            ecep:reg="once"
            ecep:spe="once"
            ecep:syllab="1"
            ecep:pron="wʌns">once</w>
         <c> </c>
         <w xml:id="o3900-351540"
            n="172-a-0520"
            ecep:lem="atone"
            ecep:pos="vvi"
            ecep:reg="atone"
            ecep:spe="attone"
            ecep:syllab="2"
            ecep:pron="əˈtəʊn">attone</w>
         <pc xml:id="o3900-351550"
             n="172-a-0530"
             ecep:lem=","
             ecep:pos=","
             ecep:reg=","
             ecep:spe=",">,</pc>
      </l>
      <l xml:id="o3900-l17785">
         <c> </c>
         <w xml:id="o3900-351560"
            n="172-a-0540"
            ecep:lem="and"
            ecep:pos="cc"
            ecep:reg="And"
            ecep:spe="And"
            ecep:syllab="1"
            ecep:pron="ænd">And</w>
         <c> </c>
         <w xml:id="o3900-351570"
            n="172-a-0550"
            ecep:lem="still"
            ecep:pos="av"
            ecep:reg="still"
            ecep:spe="still"
            ecep:syllab="1"
            ecep:pron="stɪl">still</w>
         <c> </c>
         <w xml:id="o3900-351580"
            n="172-a-0560"
            ecep:lem="he"
            ecep:pos="pns31"
            ecep:reg="he"
            ecep:spe="he"
            ecep:syllab="1"
            ecep:pron="hiː">he</w>
         <c> </c>
         <w xml:id="o3900-351590"
            n="172-a-0570"
            ecep:lem="love"
            ecep:pos="vvz"
            ecep:reg="loves"
            ecep:spe="loves"
            ecep:syllab="1"
            ecep:pron="lʌvz">loves</w>
         <pc xml:id="o3900-351600"
             n="172-a-0580"
             ecep:lem=","
             ecep:pos=","
             ecep:reg=","
             ecep:spe=",">,</pc>
         <c> </c>
         <w xml:id="o3900-351610"
            n="172-a-0590"
            ecep:lem="and"
            ecep:pos="cc"
            ecep:reg="and"
            ecep:spe="and"
            ecep:syllab="1"
            ecep:pron="ænd">and</w>
         <c> </c>
         <w xml:id="o3900-351620"
            n="172-a-0600"
            ecep:lem="guard"
            ecep:pos="vvz"
            ecep:reg="guards"
            ecep:spe="guards"
            ecep:syllab="1"
            ecep:pron="gɑːdz">guards</w>
         <c> </c>
         <w xml:id="o3900-351630"
            n="172-a-0610"
            ecep:lem="his"
            ecep:pos="po31"
            ecep:reg="his"
            ecep:spe="his"
            ecep:syllab="1"
            ecep:pron="hɪz">his</w>
         <c> </c>
         <w xml:id="o3900-351640"
            n="172-a-0620"
            ecep:lem="own"
            ecep:pos="d"
            ecep:reg="own"
            ecep:spe="own"
            ecep:syllab="1"
            ecep:pron="əʊn">own</w>
         <pc xml:id="o3900-351650"
             n="172-a-0630"
             unit="sentence"
             ecep:lem="."
             ecep:pos="."
             ecep:reg="."
             ecep:spe=".">.</pc>
         <c> </c>
      </l>
   </lg>
   <lg n="2" xml:id="o3900-s03450">
      <head>
         <w xml:id="o3900-351690"
            n="172-a-0640"
            ecep:lem="ii"
            ecep:pos="crd"
            ecep:reg="II"
            ecep:spe="II"
            ecep:syllab="1"
            ecep:pron="rˌəʊməntˈuː">II</w>
         <pc xml:id="o3900-351700"
             n="172-a-0650"
             unit="sentence"
             ecep:lem="."
             ecep:pos="."
             ecep:reg="."
             ecep:spe=".">.</pc>
      </head>
      <l xml:id="o3900-l17790">
         <w xml:id="o3900-351720"
            n="172-a-0660"
            ecep:lem="when"
            ecep:pos="c-crq"
            ecep:reg="When"
            ecep:spe="When"
            ecep:syllab="1"
            ecep:pron="wen">When</w>
         <c> </c>
         <w xml:id="o3900-351730"
            n="172-a-0670"
            ecep:lem="pass"
            ecep:pos="vvg"
            ecep:reg="passing"
            ecep:spe="passing"
            ecep:syllab="2"
            ecep:pron="pɑːsɪŋ">passing</w>
         <c> </c>
         <w xml:id="o3900-351740"
            n="172-a-0680"
            ecep:lem="through"
            ecep:pos="p-acp"
            ecep:reg="through"
            ecep:spe="thro'"
            ecep:syllab="1"
            ecep:pron="θruː">thro'</w>
         <c> </c>
         <w xml:id="o3900-351750"
            n="172-a-0690"
            ecep:lem="the"
            ecep:pos="dt"
            ecep:reg="the"
            ecep:spe="the"
            ecep:syllab="1"
            ecep:pron="ðiː">the</w>
         <c> </c>
         <w xml:id="o3900-351760"
            n="172-a-0700"
            ecep:lem="watery"
            ecep:pos="j"
            ecep:reg="Watery"
            ecep:spe="Watry"
            ecep:syllab="2"
            ecep:pron="wˈætri">Watry</w>
         <c> </c>
         <w xml:id="o3900-351770"
            n="172-a-0710"
            ecep:lem="deep"
            ecep:pos="j-jn"
            ecep:reg="Deep"
            ecep:spe="Deep"
            ecep:syllab="1"
            ecep:pron="diːp">Deep</w>
      </l>
      <l xml:id="o3900-l17795">
         <c> </c>
         <w xml:id="o3900-351780"
            n="172-a-0720"
            ecep:lem="i"
            ecep:pos="pns11"
            ecep:reg="I"
            ecep:spe="I"
            ecep:syllab="1"
            ecep:pron="aɪ">I</w>
         <c> </c>
         <w xml:id="o3900-351790"
            n="172-a-0730"
            ecep:lem="ask"
            ecep:pos="vvb"
            ecep:reg="ask"
            ecep:spe="ask"
            ecep:syllab="1"
            ecep:pron="ɑːsk">ask</w>
         <c> </c>
         <w xml:id="o3900-351800"
            n="172-a-0740"
            ecep:lem="in"
            ecep:pos="p-acp"
            ecep:reg="in"
            ecep:spe="in"
            ecep:syllab="1"
            ecep:pron="ɪn">in</w>
         <c> </c>
         <w xml:id="o3900-351810"
            n="172-a-0750"
            ecep:lem="faith"
            ecep:pos="n1"
            ecep:reg="Faith"
            ecep:spe="Faith"
            ecep:syllab="1"
            ecep:pron="feɪθ">Faith</w>
         <c> </c>
         <w xml:id="o3900-351820"
            n="172-a-0760"
            ecep:lem="his"
            ecep:pos="po31"
            ecep:reg="his"
            ecep:spe="his"
            ecep:syllab="1"
            ecep:pron="hɪz">his</w>
         <c> </c>
         <w xml:id="o3900-351830"
            n="172-a-0770"
            ecep:lem="promise"
            ecep:pos="j-vvn"
            ecep:reg="promised"
            ecep:spe="promis'd"
            ecep:syllab="2"
            ecep:pron="ˈprɒmɪst">promis'd</w>
         <c> </c>
         <w xml:id="o3900-351840"
            n="172-a-0780"
            ecep:lem="aid"
            ecep:pos="n1"
            ecep:reg="Aid"
            ecep:spe="Aid"
            ecep:syllab="1"
            ecep:pron="eɪd">Aid</w>
         <pc xml:id="o3900-351850"
             n="172-a-0790"
             ecep:lem=","
             ecep:pos=","
             ecep:reg=","
             ecep:spe=",">,</pc>
      </l>
      <l xml:id="o3900-l17800">
         <c> </c>
         <w xml:id="o3900-351860"
            n="172-a-0800"
            ecep:lem="the"
            ecep:pos="dt"
            ecep:reg="The"
            ecep:spe="The"
            ecep:syllab="1"
            ecep:pron="ðiː">The</w>
         <c> </c>
         <w xml:id="o3900-351870"
            n="172-a-0810"
            ecep:lem="wave"
            ecep:pos="n2"
            ecep:reg="Waves"
            ecep:spe="Waves"
            ecep:syllab="1"
            ecep:pron="weɪvz">Waves</w>
         <c> </c>
         <w xml:id="o3900-351880"
            n="172-a-0820"
            ecep:lem="a"
            ecep:pos="dt"
            ecep:reg="an"
            ecep:spe="an"
            ecep:syllab="1"
            ecep:pron="æn">an</w>
         <c> </c>
         <w xml:id="o3900-351890"
            n="172-a-0830"
            ecep:lem="awful"
            ecep:pos="j"
            ecep:reg="awful"
            ecep:spe="awful"
            ecep:syllab="2"
            ecep:pron="ˈɔːfl">awful</w>
         <c> </c>
         <w xml:id="o3900-351900"
            n="172-a-0840"
            ecep:lem="distance"
            ecep:pos="n1"
            ecep:reg="Distance"
            ecep:spe="Distance"
            ecep:syllab="2"
            ecep:pron="ˈdɪstns">Distance</w>
         <c> </c>
         <w xml:id="o3900-351910"
            n="172-a-0850"
            ecep:lem="keep"
            ecep:pos="vvi"
            ecep:reg="keep"
            ecep:spe="keep"
            ecep:syllab="1"
            ecep:pron="kiːp">keep</w>
         <pc xml:id="o3900-351920"
             n="172-a-0860"
             ecep:lem=","
             ecep:pos=","
             ecep:reg=","
             ecep:spe=",">,</pc>
      </l>
      <l xml:id="o3900-l17805">
         <c> </c>
         <w xml:id="o3900-351930"
            n="172-a-0870"
            ecep:lem="and"
            ecep:pos="cc"
            ecep:reg="And"
            ecep:spe="And"
            ecep:syllab="1"
            ecep:pron="ænd">And</w>
         <c> </c>
         <w xml:id="o3900-351940"
            n="172-a-0880"
            ecep:lem="shrink"
            ecep:pos="vvi"
            ecep:reg="shrink"
            ecep:spe="shrink"
            ecep:syllab="1"
            ecep:pron="ʃrɪŋk">shrink</w>
         <c> </c>
         <w xml:id="o3900-351950"
            n="172-a-0890"
            ecep:lem="from"
            ecep:pos="p-acp"
            ecep:reg="from"
            ecep:spe="from"
            ecep:syllab="1"
            ecep:pron="frɒm">from</w>
         <c> </c>
         <w xml:id="o3900-351960"
            n="172-a-0900"
            ecep:lem="my"
            ecep:pos="po11"
            ecep:reg="my"
            ecep:spe="my"
            ecep:syllab="1"
            ecep:pron="maɪ">my</w>
         <c> </c>
         <w xml:id="o3900-351970"
            n="172-a-0910"
            ecep:lem="devote"
            ecep:pos="j-vvn"
            ecep:reg="devoted"
            ecep:spe="devoted"
            ecep:syllab="3"
            ecep:pron="dɪˈvəʊtɪd">devoted</w>
         <c> </c>
         <w xml:id="o3900-351980"
            n="172-a-0920"
            ecep:lem="head"
            ecep:pos="n1"
            ecep:reg="Head"
            ecep:spe="Head"
            ecep:syllab="1"
            ecep:pron="hed">Head</w>
         <pc xml:id="o3900-351990"
             n="172-a-0930"
             ecep:lem=":"
             ecep:pos=":"
             ecep:reg=":"
             ecep:spe=":">:</pc>
      </l>
      <l xml:id="o3900-l17810">
         <c> </c>
         <w xml:id="o3900-352000"
            n="172-a-0940"
            ecep:lem="fearless"
            ecep:pos="j"
            ecep:reg="Fearless"
            ecep:spe="Fearless"
            ecep:syllab="2"
            ecep:pron="ˈfɪələs">Fearless</w>
         <c> </c>
         <w xml:id="o3900-352010"
            n="172-a-0950"
            ecep:lem="their"
            ecep:pos="po32"
            ecep:reg="their"
            ecep:spe="their"
            ecep:syllab="1"
            ecep:pron="ðeə">their</w>
         <c> </c>
         <w xml:id="o3900-352020"
            n="172-a-0960"
            ecep:lem="violence"
            ecep:pos="n1"
            ecep:reg="Violence"
            ecep:spe="Violence"
            ecep:syllab="3"
            ecep:pron="ˈvaɪələns">Violence</w>
         <c> </c>
         <w xml:id="o3900-352030"
            n="172-a-0970"
            ecep:lem="i"
            ecep:pos="pns11"
            ecep:reg="I"
            ecep:spe="I"
            ecep:syllab="1"
            ecep:pron="aɪ">I</w>
         <c> </c>
         <w xml:id="o3900-352040"
            n="172-a-0980"
            ecep:lem="dare"
            ecep:pos="vvb"
            ecep:reg="dare"
            ecep:spe="dare"
            ecep:syllab="1"
            ecep:pron="deə">dare</w>
         <pc xml:id="o3900-352050"
             n="172-a-0990"
             ecep:lem=":"
             ecep:pos=":"
             ecep:reg=":"
             ecep:spe=":">:</pc>
      </l>
      <l xml:id="o3900-l17815">
         <c> </c>
         <w xml:id="o3900-352060"
            n="172-a-1000"
            ecep:lem="they"
            ecep:pos="pns32"
            ecep:reg="They"
            ecep:spe="They"
            ecep:syllab="1"
            ecep:pron="ðeɪ">They</w>
         <c> </c>
         <w xml:id="o3900-352070"
            n="172-a-1010"
            ecep:lem="can"
            ecep:pos="vmbx"
            ecep:reg="cannot"
            ecep:spe="cannot"
            ecep:syllab="2"
            ecep:pron="ˈkænɒt">cannot</w>
         <c> </c>
         <w xml:id="o3900-352080"
            n="172-a-1020"
            ecep:lem="harm"
            ecep:pos="vvi"
            ecep:reg="harm"
            ecep:spe="harm"
            ecep:syllab="1"
            ecep:pron="hɑːm">harm</w>
         <pc xml:id="o3900-352090"
             n="172-a-1030"
             ecep:lem=","
             ecep:pos=","
             ecep:reg=","
             ecep:spe=",">,</pc>
         <c> </c>
         <w xml:id="o3900-352100"
            n="172-a-1040"
            ecep:lem="for"
            ecep:pos="p-acp"
            ecep:reg="for"
            ecep:spe="for"
            ecep:syllab="1"
            ecep:pron="fɔː">for</w>
         <c> </c>
         <w xml:id="o3900-352110"
            n="172-a-1050"
            ecep:lem="god"
            ecep:pos="n1"
            ecep:reg="GOD"
            ecep:spe="GOD"
            ecep:syllab="1"
            ecep:pron="gɒd">GOD</w>
         <c> </c>
         <w xml:id="o3900-352120"
            n="172-a-1060"
            ecep:lem="be"
            ecep:pos="vbz"
            ecep:reg="is"
            ecep:spe="is"
            ecep:syllab="1"
            ecep:pron="ɪz">is</w>
         <c> </c>
         <w xml:id="o3900-352130"
            n="172-a-1070"
            ecep:lem="there"
            ecep:pos="a-acp"
            ecep:reg="there"
            ecep:spe="there"
            ecep:syllab="1"
            ecep:pron="ðeə">there</w>
         <pc xml:id="o3900-352140"
             n="172-a-1080"
             unit="sentence"
             ecep:lem="!"
             ecep:pos="!"
             ecep:reg="!"
             ecep:spe="!">!</pc>
         <c> </c>
      </l>
   </lg>
   <lg n="3" xml:id="o3900-s03455">
      <head>
         <w xml:id="o3900-352180"
            n="172-a-1090"
            ecep:lem="iii"
            ecep:pos="crd"
            ecep:reg="III"
            ecep:spe="III"
            ecep:syllab="1"
            ecep:pron="rˌəʊmənθrˈiː">III</w>
         <pc xml:id="o3900-352190"
             n="172-a-1100"
             unit="sentence"
             ecep:lem="."
             ecep:pos="."
             ecep:reg="."
             ecep:spe=".">.</pc>
      </head>
      <l xml:id="o3900-l17820">
         <w xml:id="o3900-352210"
            n="172-a-1110"
            ecep:lem="to"
            ecep:pos="p-acp"
            ecep:reg="To"
            ecep:spe="To"
            ecep:syllab="1"
            ecep:pron="tuː">To</w>
         <c> </c>
         <w xml:id="o3900-352220"
            n="172-a-1120"
            ecep:lem="he"
            ecep:pos="pno31"
            ecep:reg="Him"
            ecep:spe="Him"
            ecep:syllab="1"
            ecep:pron="hɪm">Him</w>
         <c> </c>
         <w xml:id="o3900-352230"
            n="172-a-1130"
            ecep:lem="my"
            ecep:pos="po11"
            ecep:reg="my"
            ecep:spe="my"
            ecep:syllab="1"
            ecep:pron="maɪ">my</w>
         <c> </c>
         <w xml:id="o3900-352240"
            n="172-a-1140"
            ecep:lem="eye"
            ecep:pos="n1"
            ecep:reg="Eye"
            ecep:spe="Eye"
            ecep:syllab="1"
            ecep:pron="aɪ">Eye</w>
         <c> </c>
         <w xml:id="o3900-352250"
            n="172-a-1150"
            ecep:lem="of"
            ecep:pos="pp-f"
            ecep:reg="of"
            ecep:spe="of"
            ecep:syllab="1"
            ecep:pron="ɒv">of</w>
         <c> </c>
         <w xml:id="o3900-352260"
            n="172-a-1160"
            ecep:lem="faith"
            ecep:pos="n1"
            ecep:reg="Faith"
            ecep:spe="Faith"
            ecep:syllab="1"
            ecep:pron="feɪθ">Faith</w>
         <c> </c>
         <w xml:id="o3900-352270"
            n="172-a-1170"
            ecep:lem="i"
            ecep:pos="pns11"
            ecep:reg="I"
            ecep:spe="I"
            ecep:syllab="1"
            ecep:pron="aɪ">I</w>
         <c> </c>
         <w xml:id="o3900-352280"
            n="172-a-1180"
            ecep:lem="turn"
            ecep:pos="vvb"
            ecep:reg="turn"
            ecep:spe="turn"
            ecep:syllab="1"
            ecep:pron="tɜːn">turn</w>
         <pc xml:id="o3900-352290"
             n="172-a-1190"
             ecep:lem=","
             ecep:pos=","
             ecep:reg=","
             ecep:spe=",">,</pc>
      </l>
      <l xml:id="o3900-l17825">
         <c> </c>
         <w xml:id="o3900-352300"
            n="172-a-1200"
            ecep:lem="and"
            ecep:pos="cc"
            ecep:reg="And"
            ecep:spe="And"
            ecep:syllab="1"
            ecep:pron="ænd">And</w>
         <c> </c>
         <w xml:id="o3900-352310"
            n="172-a-1210"
            ecep:lem="through"
            ecep:pos="p-acp"
            ecep:reg="through"
            ecep:spe="thro'"
            ecep:syllab="1"
            ecep:pron="θruː">thro'</w>
         <c> </c>
         <w xml:id="o3900-352320"
            n="172-a-1220"
            ecep:lem="the"
            ecep:pos="dt"
            ecep:reg="the"
            ecep:spe="the"
            ecep:syllab="1"
            ecep:pron="ðiː">the</w>
         <c> </c>
         <w xml:id="o3900-352330"
            n="172-a-1230"
            ecep:lem="fire"
            ecep:pos="n1"
            ecep:reg="Fire"
            ecep:spe="Fire"
            ecep:syllab="1"
            ecep:pron="fæə">Fire</w>
         <c> </c>
         <w xml:id="o3900-352340"
            n="172-a-1240"
            ecep:lem="pursue"
            ecep:pos="vvi"
            ecep:reg="pursue"
            ecep:spe="pursue"
            ecep:syllab="2"
            ecep:pron="pəˈsjuː">pursue</w>
         <c> </c>
         <w xml:id="o3900-352350"
            n="172-a-1250"
            ecep:lem="my"
            ecep:pos="po11"
            ecep:reg="my"
            ecep:spe="my"
            ecep:syllab="1"
            ecep:pron="maɪ">my</w>
         <c> </c>
         <w xml:id="o3900-352360"
            n="172-a-1260"
            ecep:lem="way"
            ecep:pos="n1"
            ecep:reg="Way"
            ecep:spe="Way"
            ecep:syllab="1"
            ecep:pron="weɪ">Way</w>
         <pc xml:id="o3900-352370"
             n="172-a-1270"
             ecep:lem=";"
             ecep:pos=";"
             ecep:reg=";"
             ecep:spe=";">;</pc>
      </l>
      <l xml:id="o3900-l17830">
         <c> </c>
         <w xml:id="o3900-352380"
            n="172-a-1280"
            ecep:lem="the"
            ecep:pos="dt"
            ecep:reg="The"
            ecep:spe="The"
            ecep:syllab="1"
            ecep:pron="ðiː">The</w>
         <c> </c>
         <w xml:id="o3900-352390"
            n="172-a-1290"
            ecep:lem="fire"
            ecep:pos="n1"
            ecep:reg="Fire"
            ecep:spe="Fire"
            ecep:syllab="1"
            ecep:pron="fæə">Fire</w>
         <c> </c>
         <w xml:id="o3900-352400"
            n="172-a-1300"
            ecep:lem="forget"
            ecep:pos="vvz"
            ecep:reg="forgets"
            ecep:spe="forgets"
            ecep:syllab="2"
            ecep:pron="fəˈgets">forgets</w>
         <c> </c>
         <w xml:id="o3900-352410"
            n="172-a-1310"
            ecep:lem="its"
            ecep:pos="po31"
            ecep:reg="its"
            ecep:spe="its"
            ecep:syllab="1"
            ecep:pron="ɪts">its</w>
         <c> </c>
         <w xml:id="o3900-352420"
            n="172-a-1320"
            ecep:lem="power"
            ecep:pos="n1"
            ecep:reg="Power"
            ecep:spe="Pow'r"
            ecep:syllab="1"
            ecep:pron="ˈpaʊə">Pow'r</w>
         <c> </c>
         <w xml:id="o3900-352430"
            n="172-a-1330"
            ecep:lem="to"
            ecep:pos="pc-acp"
            ecep:reg="to"
            ecep:spe="to"
            ecep:syllab="1"
            ecep:pron="tuː">to</w>
         <c> </c>
         <w xml:id="o3900-352440"
            n="172-a-1340"
            ecep:lem="burn"
            ecep:pos="vvi"
            ecep:reg="burn"
            ecep:spe="burn"
            ecep:syllab="1"
            ecep:pron="bɜːn">burn</w>
         <pc xml:id="o3900-352450"
             n="172-a-1350"
             ecep:lem=","
             ecep:pos=","
             ecep:reg=","
             ecep:spe=",">,</pc>
      </l>
      <l xml:id="o3900-l17835">
         <c> </c>
         <w xml:id="o3900-352460"
            n="172-a-1360"
            ecep:lem="the"
            ecep:pos="dt"
            ecep:reg="The"
            ecep:spe="The"
            ecep:syllab="1"
            ecep:pron="ðiː">The</w>
         <c> </c>
         <w xml:id="o3900-352470"
            n="172-a-1370"
            ecep:lem="lambent"
            ecep:pos="j"
            ecep:reg="lambent"
            ecep:spe="lambent"
            ecep:syllab="2"
            ecep:pron="ˈlæmbənt">lambent</w>
         <c> </c>
         <w xml:id="o3900-352480"
            n="172-a-1380"
            ecep:lem="flame"
            ecep:pos="n2"
            ecep:reg="Flames"
            ecep:spe="Flames"
            ecep:syllab="1"
            ecep:pron="fleɪmz">Flames</w>
         <c> </c>
         <w xml:id="o3900-352490"
            n="172-a-1390"
            ecep:lem="around"
            ecep:pos="p-acp"
            ecep:reg="around"
            ecep:spe="around"
            ecep:syllab="2"
            ecep:pron="əˈraʊnd">around</w>
         <c> </c>
         <w xml:id="o3900-352500"
            n="172-a-1400"
            ecep:lem="i"
            ecep:pos="pno11"
            ecep:reg="me"
            ecep:spe="me"
            ecep:syllab="1"
            ecep:pron="miː">me</w>
         <c> </c>
         <w xml:id="o3900-352510"
            n="172-a-1410"
            ecep:lem="play"
            ecep:pos="vvi"
            ecep:reg="play"
            ecep:spe="play"
            ecep:syllab="1"
            ecep:pron="pleɪ">play</w>
         <pc xml:id="o3900-352520"
             n="172-a-1420"
             ecep:lem=":"
             ecep:pos=":"
             ecep:reg=":"
             ecep:spe=":">:</pc>
      </l>
      <l xml:id="o3900-l17840">
         <c> </c>
         <w xml:id="o3900-352530"
            n="172-a-1430"
            ecep:lem="i"
            ecep:pos="pns11"
            ecep:reg="I"
            ecep:spe="I"
            ecep:syllab="1"
            ecep:pron="aɪ">I</w>
         <c> </c>
         <w xml:id="o3900-352540"
            n="172-a-1440"
            ecep:lem="own"
            ecep:pos="vvb"
            ecep:reg="own"
            ecep:spe="own"
            ecep:syllab="1"
            ecep:pron="əʊn">own</w>
         <c> </c>
         <w xml:id="o3900-352550"
            n="172-a-1450"
            ecep:lem="his"
            ecep:pos="po31"
            ecep:reg="his"
            ecep:spe="his"
            ecep:syllab="1"
            ecep:pron="hɪz">his</w>
         <c> </c>
         <w xml:id="o3900-352560"
            n="172-a-1460"
            ecep:lem="power"
            ecep:pos="n1"
            ecep:reg="Power"
            ecep:spe="Pow'r"
            ecep:syllab="1"
            ecep:pron="ˈpaʊə">Pow'r</w>
         <pc xml:id="o3900-352570"
             n="172-a-1470"
             ecep:lem=","
             ecep:pos=","
             ecep:reg=","
             ecep:spe=",">,</pc>
         <c> </c>
         <w xml:id="o3900-352580"
            n="172-a-1480"
            ecep:lem="accept"
            ecep:pos="vvb"
            ecep:reg="accept"
            ecep:spe="accept"
            ecep:syllab="2"
            ecep:pron="əkˈsept">accept</w>
         <c> </c>
         <w xml:id="o3900-352590"
            n="172-a-1490"
            ecep:lem="the"
            ecep:pos="dt"
            ecep:reg="the"
            ecep:spe="the"
            ecep:syllab="1"
            ecep:pron="ðiː">the</w>
         <c> </c>
         <w xml:id="o3900-352600"
            n="172-a-1500"
            ecep:lem="sign"
            ecep:pos="n1"
            ecep:reg="Sign"
            ecep:spe="Sign"
            ecep:syllab="1"
            ecep:pron="saɪn">Sign</w>
         <pc xml:id="o3900-352610"
             n="172-a-1510"
             ecep:lem=","
             ecep:pos=","
             ecep:reg=","
             ecep:spe=",">,</pc>
      </l>
      <l xml:id="o3900-l17845">
         <c> </c>
         <w xml:id="o3900-352620"
            n="172-a-1520"
            ecep:lem="and"
            ecep:pos="cc"
            ecep:reg="And"
            ecep:spe="And"
            ecep:syllab="1"
            ecep:pron="ænd">And</w>
         <c> </c>
         <w xml:id="o3900-352630"
            n="172-a-1530"
            ecep:lem="shout"
            ecep:pos="vvb"
            ecep:reg="shout"
            ecep:spe="shout"
            ecep:syllab="1"
            ecep:pron="ʃaʊt">shout</w>
         <c> </c>
         <w xml:id="o3900-352640"
            n="172-a-1540"
            ecep:lem="to"
            ecep:pos="pc-acp"
            ecep:reg="to"
            ecep:spe="to"
            ecep:syllab="1"
            ecep:pron="tuː">to</w>
         <c> </c>
         <w xml:id="o3900-352650"
            n="172-a-1550"
            ecep:lem="prove"
            ecep:pos="vvi"
            ecep:reg="prove"
            ecep:spe="prove"
            ecep:syllab="1"
            ecep:pron="pruːv">prove</w>
         <c> </c>
         <w xml:id="o3900-352660"
            n="172-a-1560"
            ecep:lem="the"
            ecep:pos="dt"
            ecep:reg="the"
            ecep:spe="the"
            ecep:syllab="1"
            ecep:pron="ðiː">the</w>
         <c> </c>
         <w xml:id="o3900-352670"
            n="172-a-1570"
            ecep:lem="saviour"
            ecep:pos="n1"
            ecep:reg="Saviour"
            ecep:spe="Saviour"
            ecep:syllab="2"
            ecep:pron="ˈseɪvjə">Saviour</w>
         <c> </c>
         <w xml:id="o3900-352680"
            n="172-a-1580"
            ecep:lem="i"
            ecep:pos="png11"
            ecep:reg="Mine"
            ecep:spe="Mine"
            ecep:syllab="1"
            ecep:pron="maɪn">Mine</w>
         <pc unit="sentence"
             xml:id="o3900-352680-eos"
             n="172-a-1590"
             ecep:lem="."
             ecep:pos="."
             ecep:reg="."
             ecep:spe=".">.</pc>
         <c> </c>
      </l>
   </lg>
   <lg n="4" xml:id="o3900-s03460">
      <head>
         <w xml:id="o3900-352720"
            n="172-a-1600"
            ecep:lem="iv"
            ecep:pos="crd"
            ecep:reg="IV"
            ecep:spe="IV"
            ecep:syllab="1"
            ecep:pron="rˌəʊmənfˈɔː">IV</w>
         <pc xml:id="o3900-352730"
             n="172-a-1610"
             unit="sentence"
             ecep:lem="."
             ecep:pos="."
             ecep:reg="."
             ecep:spe=".">.</pc>
      </head>
      <l xml:id="o3900-l17850">
         <w xml:id="o3900-352750"
            n="172-a-1620"
            ecep:lem="still"
            ecep:pos="j"
            ecep:reg="Still"
            ecep:spe="Still"
            ecep:syllab="1"
            ecep:pron="stɪl">Still</w>
         <c> </c>
         <w xml:id="o3900-352760"
            n="172-a-1630"
            ecep:lem="nigh"
            ecep:pos="av-j"
            ecep:reg="nigh"
            ecep:spe="nigh"
            ecep:syllab="1"
            ecep:pron="naɪ">nigh</w>
         <c> </c>
         <w xml:id="o3900-352770"
            n="172-a-1640"
            ecep:lem="i"
            ecep:pos="pno11"
            ecep:reg="me"
            ecep:spe="me"
            ecep:syllab="1"
            ecep:pron="miː">me</w>
         <pc xml:id="o3900-352780"
             n="172-a-1650"
             ecep:lem=","
             ecep:pos=","
             ecep:reg=","
             ecep:spe=",">,</pc>
         <c> </c>
         <w xml:id="o3900-352790"
            n="172-a-1660"
            ecep:lem="o"
            ecep:pos="uh"
            ecep:reg="OH"
            ecep:spe="O"
            ecep:syllab="1"
            ecep:pron="əʊ">O</w>
         <c> </c>
         <w xml:id="o3900-352800"
            n="172-a-1670"
            ecep:lem="my"
            ecep:pos="po11"
            ecep:reg="my"
            ecep:spe="my"
            ecep:syllab="1"
            ecep:pron="maɪ">my</w>
         <c> </c>
         <w xml:id="o3900-352810"
            n="172-a-1680"
            ecep:lem="saviour"
            ecep:pos="n1"
            ecep:reg="Saviour"
            ecep:spe="Saviour"
            ecep:syllab="2"
            ecep:pron="ˈseɪvjə">Saviour</w>
         <pc xml:id="o3900-352820"
             n="172-a-1690"
             ecep:lem=","
             ecep:pos=","
             ecep:reg=","
             ecep:spe=",">,</pc>
         <c> </c>
         <w xml:id="o3900-352830"
            n="172-a-1700"
            ecep:lem="stand"
            ecep:pos="vvb"
            ecep:reg="stand"
            ecep:spe="stand"
            ecep:syllab="1"
            ecep:pron="stænd">stand</w>
         <pc xml:id="o3900-352840"
             n="172-a-1710"
             ecep:lem=","
             ecep:pos=","
             ecep:reg=","
             ecep:spe=",">,</pc>
      </l>
      <l xml:id="o3900-l17855">
         <c> </c>
         <w xml:id="o3900-352850"
            n="172-a-1720"
            ecep:lem="and"
            ecep:pos="cc"
            ecep:reg="And"
            ecep:spe="And"
            ecep:syllab="1"
            ecep:pron="ænd">And</w>
         <c> </c>
         <w xml:id="o3900-352860"
            n="172-a-1730"
            ecep:lem="guard"
            ecep:pos="vvi"
            ecep:reg="guard"
            ecep:spe="guard"
            ecep:syllab="1"
            ecep:pron="gɑːd">guard</w>
         <c> </c>
         <w xml:id="o3900-352870"
            n="172-a-1740"
            ecep:lem="in"
            ecep:pos="p-acp"
            ecep:reg="in"
            ecep:spe="in"
            ecep:syllab="1"
            ecep:pron="ɪn">in</w>
         <c> </c>
         <w xml:id="o3900-352880"
            n="172-a-1750"
            ecep:lem="fierce"
            ecep:pos="j"
            ecep:reg="fierce"
            ecep:spe="fierce"
            ecep:syllab="1"
            ecep:pron="fɪəs">fierce</w>
         <c> </c>
         <w xml:id="o3900-352890"
            n="172-a-1760"
            ecep:lem="temptation"
            ecep:pos="ng1"
            ecep:reg="Temptation's"
            ecep:spe="Temptation's"
            ecep:syllab="3"
            ecep:pron="tempˈteɪʃnz">Temptation's</w>
         <c> </c>
         <w xml:id="o3900-352900"
            n="172-a-1770"
            ecep:lem="hour"
            ecep:pos="n1"
            ecep:reg="Hour"
            ecep:spe="Hour"
            ecep:syllab="1"
            ecep:pron="æə">Hour</w>
         <pc xml:id="o3900-352910"
             n="172-a-1780"
             ecep:lem=";"
             ecep:pos=";"
             ecep:reg=";"
             ecep:spe=";">;</pc>
      </l>
      <l xml:id="o3900-l17860">
         <c> </c>
         <w xml:id="o3900-352920"
            n="172-a-1790"
            ecep:lem="hide"
            ecep:pos="vvb"
            ecep:reg="Hide"
            ecep:spe="Hide"
            ecep:syllab="1"
            ecep:pron="haɪd">Hide</w>
         <c> </c>
         <w xml:id="o3900-352930"
            n="172-a-1800"
            ecep:lem="in"
            ecep:pos="p-acp"
            ecep:reg="in"
            ecep:spe="in"
            ecep:syllab="1"
            ecep:pron="ɪn">in</w>
         <c> </c>
         <w xml:id="o3900-352940"
            n="172-a-1810"
            ecep:lem="the"
            ecep:pos="dt"
            ecep:reg="the"
            ecep:spe="the"
            ecep:syllab="1"
            ecep:pron="ðiː">the</w>
         <c> </c>
         <w xml:id="o3900-352950"
            n="172-a-1820"
            ecep:lem="hollow"
            ecep:pos="j-jn"
            ecep:reg="Hollow"
            ecep:spe="Hollow"
            ecep:syllab="2"
            ecep:pron="ˈhɒləʊ">Hollow</w>
         <c> </c>
         <w xml:id="o3900-352960"
            n="172-a-1830"
            ecep:lem="of"
            ecep:pos="pp-f"
            ecep:reg="of"
            ecep:spe="of"
            ecep:syllab="1"
            ecep:pron="ɒv">of</w>
         <c> </c>
         <w xml:id="o3900-352970"
            n="172-a-1840"
            ecep:lem="thy"
            ecep:pos="po21"
            ecep:reg="thy"
            ecep:spe="thy"
            ecep:syllab="1"
            ecep:pron="ðaɪ">thy</w>
         <c> </c>
         <w xml:id="o3900-352980"
            n="172-a-1850"
            ecep:lem="hand"
            ecep:pos="n1"
            ecep:reg="Hand"
            ecep:spe="Hand"
            ecep:syllab="1"
            ecep:pron="hænd">Hand</w>
         <pc xml:id="o3900-352990"
             n="172-a-1860"
             ecep:lem=","
             ecep:pos=","
             ecep:reg=","
             ecep:spe=",">,</pc>
      </l>
      <l xml:id="o3900-l17865">
         <c> </c>
         <w xml:id="o3900-353000"
            n="172-a-1870"
            ecep:lem="show"
            ecep:pos="vvb"
            ecep:reg="Show"
            ecep:spe="Shew"
            ecep:syllab="1"
            ecep:pron="ʃəʊ">Shew</w>
         <c> </c>
         <w xml:id="o3900-353010"
            n="172-a-1880"
            ecep:lem="forth"
            ecep:pos="av"
            ecep:reg="forth"
            ecep:spe="forth"
            ecep:syllab="1"
            ecep:pron="fɔːθ">forth</w>
         <c> </c>
         <w xml:id="o3900-353020"
            n="172-a-1890"
            ecep:lem="in"
            ecep:pos="p-acp"
            ecep:reg="in"
            ecep:spe="in"
            ecep:syllab="1"
            ecep:pron="ɪn">in</w>
         <c> </c>
         <w xml:id="o3900-353030"
            n="172-a-1900"
            ecep:lem="i"
            ecep:pos="pno11"
            ecep:reg="me"
            ecep:spe="me"
            ecep:syllab="1"
            ecep:pron="miː">me</w>
         <c> </c>
         <w xml:id="o3900-353040"
            n="172-a-1910"
            ecep:lem="thy"
            ecep:pos="po21"
            ecep:reg="thy"
            ecep:spe="thy"
            ecep:syllab="1"
            ecep:pron="ðaɪ">thy</w>
         <c> </c>
         <w xml:id="o3900-353050"
            n="172-a-1920"
            ecep:lem="save"
            ecep:pos="j-vvg"
            ecep:reg="Saving"
            ecep:spe="Saving"
            ecep:syllab="2"
            ecep:pron="ˈseɪvɪŋ">Saving</w>
         <c> </c>
         <w xml:id="o3900-353060"
            n="172-a-1930"
            ecep:lem="power"
            ecep:pos="n1"
            ecep:reg="Power"
            ecep:spe="Pow'r"
            ecep:syllab="1"
            ecep:pron="ˈpaʊə">Pow'r</w>
         <pc xml:id="o3900-353070"
             n="172-a-1940"
             unit="sentence"
             ecep:lem="."
             ecep:pos="."
             ecep:reg="."
             ecep:spe=".">.</pc>
         <c> </c>
      </l>
      <l xml:id="o3900-l17870">
         <w xml:id="o3900-353080"
            n="172-a-1950"
            ecep:lem="still"
            ecep:pos="j"
            ecep:reg="Still"
            ecep:spe="Still"
            ecep:syllab="1"
            ecep:pron="stɪl">Still</w>
         <c> </c>
         <w xml:id="o3900-353090"
            n="172-a-1960"
            ecep:lem="be"
            ecep:pos="vbb"
            ecep:reg="be"
            ecep:spe="be"
            ecep:syllab="1"
            ecep:pron="biː">be</w>
         <c> </c>
         <w xml:id="o3900-353100"
            n="172-a-1970"
            ecep:lem="thy"
            ecep:pos="po21"
            ecep:reg="thy"
            ecep:spe="thy"
            ecep:syllab="1"
            ecep:pron="ðaɪ">thy</w>
         <c> </c>
         <w xml:id="o3900-353110"
            n="172-a-1980"
            ecep:lem="arm"
            ecep:pos="n1"
            ecep:reg="Arm"
            ecep:spe="Arm"
            ecep:syllab="1"
            ecep:pron="ɑːm">Arm</w>
         <c> </c>
         <w xml:id="o3900-353120"
            n="172-a-1990"
            ecep:lem="my"
            ecep:pos="po11"
            ecep:reg="my"
            ecep:spe="my"
            ecep:syllab="1"
            ecep:pron="maɪ">my</w>
         <c> </c>
         <w xml:id="o3900-353130"
            n="172-a-2000"
            ecep:lem="sure"
            ecep:pos="j"
            ecep:reg="sure"
            ecep:spe="sure"
            ecep:syllab="1"
            ecep:pron="ʃɔː">sure</w>
         <c> </c>
         <w xml:id="o3900-353140"
            n="172-a-2010"
            ecep:lem="defence"
            ecep:pos="n1"
            ecep:reg="Defence"
            ecep:spe="Defence"
            ecep:syllab="2"
            ecep:pron="dɪˈfens">Defence</w>
         <pc xml:id="o3900-353150"
             n="172-a-2020"
             ecep:lem=","
             ecep:pos=","
             ecep:reg=","
             ecep:spe=",">,</pc>
      </l>
      <l xml:id="o3900-l17875">
         <c> </c>
         <w xml:id="o3900-353160"
            n="172-a-2030"
            ecep:lem="nor"
            ecep:pos="ccx"
            ecep:reg="Nor"
            ecep:spe="Nor"
            ecep:syllab="1"
            ecep:pron="nɔː">Nor</w>
         <c> </c>
         <w xml:id="o3900-353170"
            n="172-a-2040"
            ecep:lem="earth"
            ecep:pos="n1"
            ecep:reg="Earth"
            ecep:spe="Earth"
            ecep:syllab="1"
            ecep:pron="ɜːθ">Earth</w>
         <c> </c>
         <w xml:id="o3900-353180"
            n="172-a-2050"
            ecep:lem="nor"
            ecep:pos="ccx"
            ecep:reg="nor"
            ecep:spe="nor"
            ecep:syllab="1"
            ecep:pron="nɔː">nor</w>
         <c> </c>
         <w xml:id="o3900-353190"
            n="172-a-2060"
            ecep:lem="hell"
            ecep:pos="n1"
            ecep:reg="Hell"
            ecep:spe="Hell"
            ecep:syllab="1"
            ecep:pron="hel">Hell</w>
         <c> </c>
         <w xml:id="o3900-353200"
            n="172-a-2070"
            ecep:lem="shall"
            ecep:pos="vmb"
            ecep:reg="shall"
            ecep:spe="shall"
            ecep:syllab="1"
            ecep:pron="ʃæl">shall</w>
         <c> </c>
         <w xml:id="o3900-353210"
            n="172-a-2080"
            ecep:lem="pluck"
            ecep:pos="vvi"
            ecep:reg="pluck"
            ecep:spe="pluck"
            ecep:syllab="1"
            ecep:pron="plʌk">pluck</w>
         <c> </c>
         <w xml:id="o3900-353220"
            n="172-a-2090"
            ecep:lem="i"
            ecep:pos="pno11"
            ecep:reg="me"
            ecep:spe="me"
            ecep:syllab="1"
            ecep:pron="miː">me</w>
         <c> </c>
         <w xml:id="o3900-353230"
            n="172-a-2100"
            ecep:lem="thence"
            ecep:pos="av"
            ecep:reg="thence"
            ecep:spe="thence"
            ecep:syllab="1"
            ecep:pron="ðens">thence</w>
         <pc xml:id="o3900-353240"
             n="172-a-2110"
             unit="sentence"
             ecep:lem="."
             ecep:pos="."
             ecep:reg="."
             ecep:spe=".">.</pc>
         <c> </c>
      </l>
   </lg>
   <pb facs="173" n="154" rend="none"/>
   <lg n="5" xml:id="o3900-s03465">
      <head>
         <w xml:id="o3900-353280"
            n="173-a-0010"
            ecep:lem="v."
            ecep:pos="crd"
            ecep:reg="V"
            ecep:spe="V."
            ecep:syllab="1"
            ecep:pron="viː">V.</w>
         <pc unit="sentence" xml:id="o3900-353280-eos" n="173-a-0020"/>
      </head>
      <l xml:id="o3900-l17880">
         <w xml:id="o3900-353300"
            n="173-a-0030"
            ecep:lem="since"
            ecep:pos="p-acp"
            ecep:reg="Since"
            ecep:spe="Since"
            ecep:syllab="1"
            ecep:pron="sɪns">Since</w>
         <c> </c>
         <w xml:id="o3900-353310"
            n="173-a-0040"
            ecep:lem="thou"
            ecep:pos="pns21"
            ecep:reg="Thou"
            ecep:spe="Thou"
            ecep:syllab="1"
            ecep:pron="θaʊ">Thou</w>
         <c> </c>
         <w xml:id="o3900-353320"
            n="173-a-0050"
            ecep:lem="have"
            ecep:pos="vh2"
            ecep:reg="hast"
            ecep:spe="hast"
            ecep:syllab="1"
            ecep:pron="hæst">hast</w>
         <c> </c>
         <w xml:id="o3900-353330"
            n="173-a-0060"
            ecep:lem="bid"
            ecep:pos="vvn"
            ecep:reg="bid"
            ecep:spe="bid"
            ecep:syllab="1"
            ecep:pron="bɪd">bid</w>
         <c> </c>
         <w xml:id="o3900-353340"
            n="173-a-0070"
            ecep:lem="i"
            ecep:pos="pno11"
            ecep:reg="me"
            ecep:spe="me"
            ecep:syllab="1"
            ecep:pron="miː">me</w>
         <c> </c>
         <w xml:id="o3900-353350"
            n="173-a-0080"
            ecep:lem="come"
            ecep:pos="vvi"
            ecep:reg="come"
            ecep:spe="come"
            ecep:syllab="1"
            ecep:pron="kʌm">come</w>
         <c> </c>
         <w xml:id="o3900-353360"
            n="173-a-0090"
            ecep:lem="to"
            ecep:pos="p-acp"
            ecep:reg="to"
            ecep:spe="to"
            ecep:syllab="1"
            ecep:pron="tuː">to</w>
         <c> </c>
         <w xml:id="o3900-353370"
            n="173-a-0100"
            ecep:lem="thou"
            ecep:pos="pno21"
            ecep:reg="Thee"
            ecep:spe="Thee"
            ecep:syllab="1"
            ecep:pron="ðiː">Thee</w>
         <pc xml:id="o3900-353380"
             n="173-a-0110"
             ecep:lem=","
             ecep:pos=","
             ecep:reg=","
             ecep:spe=",">,</pc>
      </l>
      <l xml:id="o3900-l17885">
         <c> </c>
         <pc xml:id="o3900-353390"
             n="173-a-0120"
             ecep:lem="("
             ecep:pos="("
             ecep:reg="("
             ecep:spe="(">(</pc>
         <w xml:id="o3900-353400"
            n="173-a-0130"
            ecep:lem="good"
            ecep:pos="j"
            ecep:reg="Good"
            ecep:spe="Good"
            ecep:syllab="1"
            ecep:pron="gʊd">Good</w>
         <c> </c>
         <w xml:id="o3900-353410"
            n="173-a-0140"
            ecep:lem="as"
            ecep:pos="c-acp"
            ecep:reg="as"
            ecep:spe="as"
            ecep:syllab="1"
            ecep:pron="æz">as</w>
         <c> </c>
         <w xml:id="o3900-353420"
            n="173-a-0150"
            ecep:lem="thou"
            ecep:pos="pns21"
            ecep:reg="Thou"
            ecep:spe="Thou"
            ecep:syllab="1"
            ecep:pron="θaʊ">Thou</w>
         <c> </c>
         <w xml:id="o3900-353430"
            n="173-a-0160"
            ecep:lem="be"
            ecep:pos="vb2r"
            ecep:reg="art"
            ecep:spe="art"
            ecep:syllab="1"
            ecep:pron="ɑːt">art</w>
         <c> </c>
         <w xml:id="o3900-353440"
            n="173-a-0170"
            ecep:lem="and"
            ecep:pos="cc"
            ecep:reg="and"
            ecep:spe="and"
            ecep:syllab="1"
            ecep:pron="ænd">and</w>
         <c> </c>
         <w xml:id="o3900-353450"
            n="173-a-0180"
            ecep:lem="strong"
            ecep:pos="j"
            ecep:reg="strong"
            ecep:spe="strong"
            ecep:syllab="1"
            ecep:pron="strɒŋ">strong</w>
         <c> </c>
         <w xml:id="o3900-353460"
            n="173-a-0190"
            ecep:lem="to"
            ecep:pos="pc-acp"
            ecep:reg="to"
            ecep:spe="to"
            ecep:syllab="1"
            ecep:pron="tuː">to</w>
         <c> </c>
         <w xml:id="o3900-353470"
            n="173-a-0200"
            ecep:lem="save"
            ecep:pos="vvi"
            ecep:reg="save"
            ecep:spe="save"
            ecep:syllab="1"
            ecep:pron="seɪv">save</w>
         <pc xml:id="o3900-353480"
             n="173-a-0210"
             ecep:lem=")"
             ecep:pos=")"
             ecep:reg=")"
             ecep:spe=")">)</pc>
      </l>
      <l xml:id="o3900-l17890">
         <c> </c>
         <w xml:id="o3900-353490"
            n="173-a-0220"
            ecep:lem="i|will"
            ecep:pos="pns11|vmb"
            ecep:reg="I'll"
            ecep:spe="I'll"
            ecep:syllab="1"
            ecep:pron="ˈaɪl">I'll</w>
         <c> </c>
         <w xml:id="o3900-353500"
            n="173-a-0230"
            ecep:lem="walk"
            ecep:pos="vvi"
            ecep:reg="walk"
            ecep:spe="walk"
            ecep:syllab="1"
            ecep:pron="wɔːk">walk</w>
         <c> </c>
         <w xml:id="o3900-353510"
            n="173-a-0240"
            ecep:lem="over"
            ecep:pos="p-acp"
            ecep:reg="over"
            ecep:spe="o'er"
            ecep:syllab="1"
            ecep:pron="ˈɔːə">o'er</w>
         <c> </c>
         <w xml:id="o3900-353520"
            n="173-a-0250"
            ecep:lem="life"
            ecep:pos="ng1"
            ecep:reg="Life's"
            ecep:spe="Life's"
            ecep:syllab="1"
            ecep:pron="laɪfs">Life's</w>
         <c> </c>
         <w xml:id="o3900-353530"
            n="173-a-0260"
            ecep:lem="tempestuous"
            ecep:pos="j"
            ecep:reg="tempestuous"
            ecep:spe="tempestuous"
            ecep:syllab="4"
            ecep:pron="temˈpestʃuəs">tempestuous</w>
         <c> </c>
         <w xml:id="o3900-353540"
            n="173-a-0270"
            ecep:lem="sea"
            ecep:pos="n1"
            ecep:reg="Sea"
            ecep:spe="Sea"
            ecep:syllab="1"
            ecep:pron="siː">Sea</w>
         <pc xml:id="o3900-353550"
             n="173-a-0280"
             ecep:lem=","
             ecep:pos=","
             ecep:reg=","
             ecep:spe=",">,</pc>
      </l>
      <l xml:id="o3900-l17895">
         <c> </c>
         <w xml:id="o3900-353560"
            n="173-a-0290"
            ecep:lem="upbear"
            ecep:pos="vvn"
            ecep:reg="Upborn"
            ecep:spe="Upborn"
            ecep:syllab="2"
            ecep:pron="ʌpbˈɔːn">Upborn</w>
         <c> </c>
         <w xml:id="o3900-353570"
            n="173-a-0300"
            ecep:lem="by"
            ecep:pos="p-acp"
            ecep:reg="by"
            ecep:spe="by"
            ecep:syllab="1"
            ecep:pron="baɪ">by</w>
         <c> </c>
         <w xml:id="o3900-353580"
            n="173-a-0310"
            ecep:lem="the"
            ecep:pos="dt"
            ecep:reg="the"
            ecep:spe="the"
            ecep:syllab="1"
            ecep:pron="ðiː">the</w>
         <c> </c>
         <w xml:id="o3900-353590"
            n="173-a-0320"
            ecep:lem="unyielding"
            ecep:pos="j"
            ecep:reg="unyielding"
            ecep:spe="unyielding"
            ecep:syllab="3"
            ecep:pron="ʌnˈjiːldɪŋ">unyielding</w>
         <c> </c>
         <w xml:id="o3900-353600"
            n="173-a-0330"
            ecep:lem="wave"
            ecep:pos="n1"
            ecep:reg="Wave"
            ecep:spe="Wave"
            ecep:syllab="1"
            ecep:pron="weɪv">Wave</w>
         <pc xml:id="o3900-353610"
             n="173-a-0340"
             ecep:lem=";"
             ecep:pos=";"
             ecep:reg=";"
             ecep:spe=";">;</pc>
      </l>
      <l xml:id="o3900-l17900">
         <c> </c>
         <w xml:id="o3900-353620"
            n="173-a-0350"
            ecep:lem="dauntless"
            ecep:pos="j"
            ecep:reg="Dauntless"
            ecep:spe="Dauntless"
            ecep:syllab="2"
            ecep:pron="ˈdɔːntləs">Dauntless</w>
         <pc xml:id="o3900-353630"
             n="173-a-0360"
             ecep:lem=","
             ecep:pos=","
             ecep:reg=","
             ecep:spe=",">,</pc>
         <c> </c>
         <w xml:id="o3900-353640"
            n="173-a-0370"
            ecep:lem="though"
            ecep:pos="c-acp"
            ecep:reg="though"
            ecep:spe="tho'"
            ecep:syllab="1"
            ecep:pron="ðəʊ">tho'</w>
         <c> </c>
         <w xml:id="o3900-353650"
            n="173-a-0380"
            ecep:lem="rock"
            ecep:pos="n2"
            ecep:reg="Rocks"
            ecep:spe="Rocks"
            ecep:syllab="1"
            ecep:pron="rɒks">Rocks</w>
         <c> </c>
         <w xml:id="o3900-353660"
            n="173-a-0390"
            ecep:lem="of"
            ecep:pos="pp-f"
            ecep:reg="of"
            ecep:spe="of"
            ecep:syllab="1"
            ecep:pron="ɒv">of</w>
         <c> </c>
         <w xml:id="o3900-353670"
            n="173-a-0400"
            ecep:lem="pride"
            ecep:pos="n1"
            ecep:reg="Pride"
            ecep:spe="Pride"
            ecep:syllab="1"
            ecep:pron="praɪd">Pride</w>
         <c> </c>
         <w xml:id="o3900-353680"
            n="173-a-0410"
            ecep:lem="be"
            ecep:pos="vbi"
            ecep:reg="be"
            ecep:spe="be"
            ecep:syllab="1"
            ecep:pron="biː">be</w>
         <c> </c>
         <w xml:id="o3900-353690"
            n="173-a-0420"
            ecep:lem="near"
            ecep:pos="j"
            ecep:reg="near"
            ecep:spe="near"
            ecep:syllab="1"
            ecep:pron="nɪə">near</w>
         <pc xml:id="o3900-353700"
             n="173-a-0430"
             ecep:lem=","
             ecep:pos=","
             ecep:reg=","
             ecep:spe=",">,</pc>
      </l>
      <l xml:id="o3900-l17905">
         <c> </c>
         <w xml:id="o3900-353710"
            n="173-a-0440"
            ecep:lem="and"
            ecep:pos="cc"
            ecep:reg="And"
            ecep:spe="And"
            ecep:syllab="1"
            ecep:pron="ænd">And</w>
         <c> </c>
         <w xml:id="o3900-353720"
            n="173-a-0450"
            ecep:lem="yawn"
            ecep:pos="j-vvg"
            ecep:reg="yawning"
            ecep:spe="yawning"
            ecep:syllab="2"
            ecep:pron="jɔːnɪŋ">yawning</w>
         <c> </c>
         <w xml:id="o3900-353730"
            n="173-a-0460"
            ecep:lem="whirlpool"
            ecep:pos="n2"
            ecep:reg="Whirlpools"
            ecep:spe="Whirlpools"
            ecep:syllab="2"
            ecep:pron="ˈwɜːlpuːlz">Whirlpools</w>
         <c> </c>
         <w xml:id="o3900-353740"
            n="173-a-0470"
            ecep:lem="of"
            ecep:pos="pp-f"
            ecep:reg="of"
            ecep:spe="of"
            ecep:syllab="1"
            ecep:pron="ɒv">of</w>
         <c> </c>
         <w xml:id="o3900-353750"
            n="173-a-0480"
            ecep:lem="despair"
            ecep:pos="n1"
            ecep:reg="Despair"
            ecep:spe="Despair"
            ecep:syllab="2"
            ecep:pron="dɪˈspeə">Despair</w>
         <pc xml:id="o3900-353760"
             n="173-a-0490"
             unit="sentence"
             ecep:lem="."
             ecep:pos="."
             ecep:reg="."
             ecep:spe=".">.</pc>
         <c> </c>
      </l>
   </lg>
   <lg n="6" xml:id="o3900-s03470">
      <head>
         <w xml:id="o3900-353800"
            n="173-a-0500"
            ecep:lem="vi"
            ecep:pos="crd"
            ecep:reg="VI"
            ecep:spe="VI"
            ecep:syllab="1"
            ecep:pron="ˈvaɪ">VI</w>
         <pc xml:id="o3900-353810"
             n="173-a-0510"
             unit="sentence"
             ecep:lem="."
             ecep:pos="."
             ecep:reg="."
             ecep:spe=".">.</pc>
      </head>
      <l xml:id="o3900-l17910">
         <w xml:id="o3900-353830"
            n="173-a-0520"
            ecep:lem="when"
            ecep:pos="c-crq"
            ecep:reg="When"
            ecep:spe="When"
            ecep:syllab="1"
            ecep:pron="wen">When</w>
         <c> </c>
         <w xml:id="o3900-353840"
            n="173-a-0530"
            ecep:lem="darkness"
            ecep:pos="n1"
            ecep:reg="Darkness"
            ecep:spe="Darkness"
            ecep:syllab="2"
            ecep:pron="dɑːknəs">Darkness</w>
         <c> </c>
         <w xml:id="o3900-353850"
            n="173-a-0540"
            ecep:lem="intercept"
            ecep:pos="vvz"
            ecep:reg="intercepts"
            ecep:spe="intercepts"
            ecep:syllab="3"
            ecep:pron="ˌɪntəˈsepts">intercepts</w>
         <c> </c>
         <w xml:id="o3900-353860"
            n="173-a-0550"
            ecep:lem="the"
            ecep:pos="dt"
            ecep:reg="the"
            ecep:spe="the"
            ecep:syllab="1"
            ecep:pron="ðiː">the</w>
         <c> </c>
         <w xml:id="o3900-353870"
            n="173-a-0560"
            ecep:lem="sky"
            ecep:pos="n2"
            ecep:reg="Skies"
            ecep:spe="Skies"
            ecep:syllab="1"
            ecep:pron="skaɪz">Skies</w>
         <pc xml:id="o3900-353880"
             n="173-a-0570"
             ecep:lem=","
             ecep:pos=","
             ecep:reg=","
             ecep:spe=",">,</pc>
      </l>
      <l xml:id="o3900-l17915">
         <c> </c>
         <w xml:id="o3900-353890"
            n="173-a-0580"
            ecep:lem="and"
            ecep:pos="cc"
            ecep:reg="And"
            ecep:spe="And"
            ecep:syllab="1"
            ecep:pron="ænd">And</w>
         <c> </c>
         <w xml:id="o3900-353900"
            n="173-a-0590"
            ecep:lem="sorrow"
            ecep:pos="ng1"
            ecep:reg="Sorrow's"
            ecep:spe="Sorrow's"
            ecep:syllab="2"
            ecep:pron="ˈsɒrəʊz">Sorrow's</w>
         <c> </c>
         <w xml:id="o3900-353910"
            n="173-a-0600"
            ecep:lem="wave"
            ecep:pos="n2"
            ecep:reg="Waves"
            ecep:spe="Waves"
            ecep:syllab="1"
            ecep:pron="weɪvz">Waves</w>
         <c> </c>
         <w xml:id="o3900-353920"
            n="173-a-0610"
            ecep:lem="around"
            ecep:pos="a-acp"
            ecep:reg="around"
            ecep:spe="around"
            ecep:syllab="2"
            ecep:pron="əˈraʊnd">around</w>
         <c> </c>
         <w xml:id="o3900-353930"
            n="173-a-0620"
            ecep:lem="i"
            ecep:pos="pno11"
            ecep:reg="me"
            ecep:spe="me"
            ecep:syllab="1"
            ecep:pron="miː">me</w>
         <c> </c>
         <w xml:id="o3900-353940"
            n="173-a-0630"
            ecep:lem="roll"
            ecep:pos="vvi"
            ecep:reg="roll"
            ecep:spe="roll"
            ecep:syllab="1"
            ecep:pron="rəʊl">roll</w>
         <pc xml:id="o3900-353950"
             n="173-a-0640"
             unit="sentence"
             ecep:lem="."
             ecep:pos="."
             ecep:reg="."
             ecep:spe=".">.</pc>
         <c> </c>
      </l>
      <l xml:id="o3900-l17920">
         <w xml:id="o3900-353960"
            n="173-a-0650"
            ecep:lem="when"
            ecep:pos="c-crq"
            ecep:reg="When"
            ecep:spe="When"
            ecep:syllab="1"
            ecep:pron="wen">When</w>
         <c> </c>
         <w xml:id="o3900-353970"
            n="173-a-0660"
            ecep:lem="high"
            ecep:pos="j"
            ecep:reg="high"
            ecep:spe="high"
            ecep:syllab="1"
            ecep:pron="haɪ">high</w>
         <c> </c>
         <w xml:id="o3900-353980"
            n="173-a-0670"
            ecep:lem="the"
            ecep:pos="dt"
            ecep:reg="the"
            ecep:spe="the"
            ecep:syllab="1"
            ecep:pron="ðiː">the</w>
         <c> </c>
         <w xml:id="o3900-353990"
            n="173-a-0680"
            ecep:lem="storm"
            ecep:pos="n2"
            ecep:reg="Storms"
            ecep:spe="Storms"
            ecep:syllab="1"
            ecep:pron="stɔːmz">Storms</w>
         <c> </c>
         <w xml:id="o3900-354000"
            n="173-a-0690"
            ecep:lem="of"
            ecep:pos="pp-f"
            ecep:reg="of"
            ecep:spe="of"
            ecep:syllab="1"
            ecep:pron="ɒv">of</w>
         <c> </c>
         <w xml:id="o3900-354010"
            n="173-a-0700"
            ecep:lem="passion"
            ecep:pos="n1"
            ecep:reg="Passion"
            ecep:spe="Passion"
            ecep:syllab="2"
            ecep:pron="ˈpæʃn">Passion</w>
         <c> </c>
         <w xml:id="o3900-354020"
            n="173-a-0710"
            ecep:lem="rise"
            ecep:pos="vvi"
            ecep:reg="rise"
            ecep:spe="rise"
            ecep:syllab="1"
            ecep:pron="raɪz">rise</w>
         <pc xml:id="o3900-354030"
             n="173-a-0720"
             ecep:lem=","
             ecep:pos=","
             ecep:reg=","
             ecep:spe=",">,</pc>
      </l>
      <l xml:id="o3900-l17925">
         <c> </c>
         <w xml:id="o3900-354040"
            n="173-a-0730"
            ecep:lem="and"
            ecep:pos="cc"
            ecep:reg="And"
            ecep:spe="And"
            ecep:syllab="1"
            ecep:pron="ænd">And</w>
         <c> </c>
         <w xml:id="o3900-354050"
            n="173-a-0740"
            ecep:lem="half"
            ecep:pos="av-jn"
            ecep:reg="half"
            ecep:spe="half"
            ecep:syllab="1"
            ecep:pron="hɑːf">half</w>
         <c> </c>
         <w xml:id="o3900-354060"
            n="173-a-0750"
            ecep:lem="overwhelm"
            ecep:pos="vvb"
            ecep:reg="overwhelm"
            ecep:spe="o'erwhelm"
            ecep:syllab="2"
            ecep:pron="ˈɔːwelm">o'erwhelm</w>
         <c> </c>
         <w xml:id="o3900-354070"
            n="173-a-0760"
            ecep:lem="my"
            ecep:pos="po11"
            ecep:reg="my"
            ecep:spe="my"
            ecep:syllab="1"
            ecep:pron="maɪ">my</w>
         <c> </c>
         <w xml:id="o3900-354080"
            n="173-a-0770"
            ecep:lem="sink"
            ecep:pos="j-vvg"
            ecep:reg="sinking"
            ecep:spe="sinking"
            ecep:syllab="2"
            ecep:pron="sɪŋkɪŋ">sinking</w>
         <c> </c>
         <w xml:id="o3900-354090"
            n="173-a-0780"
            ecep:lem="soul"
            ecep:pos="n1"
            ecep:reg="Soul"
            ecep:spe="Soul"
            ecep:syllab="1"
            ecep:pron="səʊl">Soul</w>
         <pc xml:id="o3900-354100"
             n="173-a-0790"
             ecep:lem=";"
             ecep:pos=";"
             ecep:reg=";"
             ecep:spe=";">;</pc>
      </l>
      <l xml:id="o3900-l17930">
         <c> </c>
         <w xml:id="o3900-354110"
            n="173-a-0800"
            ecep:lem="my"
            ecep:pos="po11"
            ecep:reg="My"
            ecep:spe="My"
            ecep:syllab="1"
            ecep:pron="maɪ">My</w>
         <c> </c>
         <w xml:id="o3900-354120"
            n="173-a-0810"
            ecep:lem="soul"
            ecep:pos="n1"
            ecep:reg="Soul"
            ecep:spe="Soul"
            ecep:syllab="1"
            ecep:pron="səʊl">Soul</w>
         <c> </c>
         <w xml:id="o3900-354130"
            n="173-a-0820"
            ecep:lem="a"
            ecep:pos="dt"
            ecep:reg="a"
            ecep:spe="a"
            ecep:syllab="1"
            ecep:pron="ə">a</w>
         <c> </c>
         <w xml:id="o3900-354140"
            n="173-a-0830"
            ecep:lem="sudden"
            ecep:pos="j"
            ecep:reg="sudden"
            ecep:spe="sudden"
            ecep:syllab="2"
            ecep:pron="ˈsʌdn">sudden</w>
         <c> </c>
         <w xml:id="o3900-354150"
            n="173-a-0840"
            ecep:lem="calm"
            ecep:pos="j-jn"
            ecep:reg="Calm"
            ecep:spe="Calm"
            ecep:syllab="1"
            ecep:pron="kɑːm">Calm</w>
         <c> </c>
         <w xml:id="o3900-354160"
            n="173-a-0850"
            ecep:lem="shall"
            ecep:pos="vmb"
            ecep:reg="shall"
            ecep:spe="shall"
            ecep:syllab="1"
            ecep:pron="ʃæl">shall</w>
         <c> </c>
         <w xml:id="o3900-354170"
            n="173-a-0860"
            ecep:lem="feel"
            ecep:pos="vvi"
            ecep:reg="feel"
            ecep:spe="feel"
            ecep:syllab="1"
            ecep:pron="fiːl">feel</w>
      </l>
      <l xml:id="o3900-l17935">
         <c> </c>
         <w xml:id="o3900-354180"
            n="173-a-0870"
            ecep:lem="and"
            ecep:pos="cc"
            ecep:reg="And"
            ecep:spe="And"
            ecep:syllab="1"
            ecep:pron="ænd">And</w>
         <c> </c>
         <w xml:id="o3900-354190"
            n="173-a-0880"
            ecep:lem="hear"
            ecep:pos="vvi"
            ecep:reg="hear"
            ecep:spe="hear"
            ecep:syllab="1"
            ecep:pron="hɪə">hear</w>
         <c> </c>
         <w xml:id="o3900-354200"
            n="173-a-0890"
            ecep:lem="a"
            ecep:pos="dt"
            ecep:reg="a"
            ecep:spe="a"
            ecep:syllab="1"
            ecep:pron="ə">a</w>
         <c> </c>
         <w xml:id="o3900-354210"
            n="173-a-0900"
            ecep:lem="whisper"
            ecep:pos="vvb"
            ecep:reg="Whisper"
            ecep:spe="Whisper"
            ecep:syllab="2"
            ecep:pron="ˈwɪspə">Whisper</w>
         <c> </c>
         <pc xml:id="o3900-354220"
             n="173-a-0910"
             ecep:lem="&#34;"
             ecep:pos="&#34;"
             ecep:reg="&#34;"
             ecep:spe="&#34;">"</pc>
         <w xml:id="o3900-354230"
            n="173-a-0920"
            ecep:lem="peace"
            ecep:pos="n1"
            ecep:reg="Peace"
            ecep:spe="Peace"
            ecep:syllab="1"
            ecep:pron="piːs">Peace</w>
         <pc xml:id="o3900-354240"
             n="173-a-0930"
             ecep:lem=","
             ecep:pos=","
             ecep:reg=","
             ecep:spe=",">,</pc>
         <c> </c>
         <w xml:id="o3900-354250"
            n="173-a-0940"
            ecep:lem="be"
            ecep:pos="vbb"
            ecep:reg="be"
            ecep:spe="be"
            ecep:syllab="1"
            ecep:pron="biː">be</w>
         <c> </c>
         <w xml:id="o3900-354260"
            n="173-a-0950"
            ecep:lem="still"
            ecep:pos="av"
            ecep:reg="still"
            ecep:spe="still"
            ecep:syllab="1"
            ecep:pron="stɪl">still</w>
         <pc xml:id="o3900-354270"
             n="173-a-0960"
             ecep:lem="."
             ecep:pos="."
             ecep:reg="."
             ecep:spe=".">.</pc>
         <pc xml:id="o3900-354280"
             n="173-a-0970"
             unit="sentence"
             ecep:lem="&#34;"
             ecep:pos="&#34;"
             ecep:reg="&#34;"
             ecep:spe="&#34;">"</pc>
         <c> </c>
      </l>
   </lg>
   <lg n="7" xml:id="o3900-s03475">
      <head>
         <w xml:id="o3900-354320"
            n="173-a-0980"
            ecep:lem="vii"
            ecep:pos="crd"
            ecep:reg="VII"
            ecep:spe="VII"
            ecep:syllab="1"
            ecep:pron="rˌəʊmənsˈevən">VII</w>
         <pc xml:id="o3900-354330"
             n="173-a-0990"
             unit="sentence"
             ecep:lem="."
             ecep:pos="."
             ecep:reg="."
             ecep:spe=".">.</pc>
      </head>
      <l xml:id="o3900-l17940">
         <w xml:id="o3900-354350"
            n="173-a-1000"
            ecep:lem="though"
            ecep:pos="c-acp"
            ecep:reg="Though"
            ecep:spe="Tho'"
            ecep:syllab="1"
            ecep:pron="ðəʊ">Tho'</w>
         <c> </c>
         <w xml:id="o3900-354360"
            n="173-a-1010"
            ecep:lem="in"
            ecep:pos="p-acp"
            ecep:reg="in"
            ecep:spe="in"
            ecep:syllab="1"
            ecep:pron="ɪn">in</w>
         <c> </c>
         <w xml:id="o3900-354370"
            n="173-a-1020"
            ecep:lem="affliction"
            ecep:pos="ng1"
            ecep:reg="Affliction's"
            ecep:spe="Affliction's"
            ecep:syllab="3"
            ecep:pron="əˈflɪkʃnz">Affliction's</w>
         <c> </c>
         <w xml:id="o3900-354380"
            n="173-a-1030"
            ecep:lem="furnace"
            ecep:pos="n1"
            ecep:reg="Furnace"
            ecep:spe="Furnace"
            ecep:syllab="2"
            ecep:pron="ˈfɜːnɪs">Furnace</w>
         <c> </c>
         <w xml:id="o3900-354390"
            n="173-a-1040"
            ecep:lem="try"
            ecep:pos="vvd"
            ecep:reg="tried"
            ecep:spe="tried"
            ecep:syllab="1"
            ecep:pron="traɪd">tried</w>
         <pc xml:id="o3900-354400"
             n="173-a-1050"
             ecep:lem=","
             ecep:pos=","
             ecep:reg=","
             ecep:spe=",">,</pc>
      </l>
      <l xml:id="o3900-l17945">
         <c> </c>
         <w xml:id="o3900-354410"
            n="173-a-1060"
            ecep:lem="unhurt"
            ecep:pos="j"
            ecep:reg="Unhurt"
            ecep:spe="Unhurt"
            ecep:syllab="2"
            ecep:pron="ʌnˈhɜːt">Unhurt</w>
         <c> </c>
         <w xml:id="o3900-354420"
            n="173-a-1070"
            ecep:lem="on"
            ecep:pos="p-acp"
            ecep:reg="on"
            ecep:spe="on"
            ecep:syllab="1"
            ecep:pron="ɒn">on</w>
         <c> </c>
         <w xml:id="o3900-354430"
            n="173-a-1080"
            ecep:lem="snare"
            ecep:pos="n2"
            ecep:reg="Snares"
            ecep:spe="Snares"
            ecep:syllab="1"
            ecep:pron="sneəz">Snares</w>
         <c> </c>
         <w xml:id="o3900-354440"
            n="173-a-1090"
            ecep:lem="and"
            ecep:pos="cc"
            ecep:reg="and"
            ecep:spe="and"
            ecep:syllab="1"
            ecep:pron="ænd">and</w>
         <c> </c>
         <w xml:id="o3900-354450"
            n="173-a-1100"
            ecep:lem="death"
            ecep:pos="n2"
            ecep:reg="Deaths"
            ecep:spe="Deaths"
            ecep:syllab="1"
            ecep:pron="deθs">Deaths</w>
         <c> </c>
         <w xml:id="o3900-354460"
            n="173-a-1110"
            ecep:lem="i|will"
            ecep:pos="pns11|vmb"
            ecep:reg="I'll"
            ecep:spe="I'll"
            ecep:syllab="1"
            ecep:pron="ˈaɪl">I'll</w>
         <c> </c>
         <w xml:id="o3900-354470"
            n="173-a-1120"
            ecep:lem="tread"
            ecep:pos="vvi"
            ecep:reg="tread"
            ecep:spe="tread"
            ecep:syllab="1"
            ecep:pron="tred">tread</w>
         <pc xml:id="o3900-354480"
             n="173-a-1130"
             ecep:lem=";"
             ecep:pos=";"
             ecep:reg=";"
             ecep:spe=";">;</pc>
      </l>
      <l xml:id="o3900-l17950">
         <c> </c>
         <w xml:id="o3900-354490"
            n="173-a-1140"
            ecep:lem="though"
            ecep:pos="c-acp"
            ecep:reg="Though"
            ecep:spe="Tho'"
            ecep:syllab="1"
            ecep:pron="ðəʊ">Tho'</w>
         <c> </c>
         <w xml:id="o3900-354500"
            n="173-a-1150"
            ecep:lem="sin"
            ecep:pos="n1"
            ecep:reg="Sin"
            ecep:spe="Sin"
            ecep:syllab="1"
            ecep:pron="sɪn">Sin</w>
         <c> </c>
         <w xml:id="o3900-354510"
            n="173-a-1160"
            ecep:lem="assail"
            ecep:pos="vvb"
            ecep:reg="assail"
            ecep:spe="assail"
            ecep:syllab="2"
            ecep:pron="əˈseɪl">assail</w>
         <pc xml:id="o3900-354520"
             n="173-a-1170"
             ecep:lem=","
             ecep:pos=","
             ecep:reg=","
             ecep:spe=",">,</pc>
         <c> </c>
         <w xml:id="o3900-354530"
            n="173-a-1180"
            ecep:lem="and"
            ecep:pos="cc"
            ecep:reg="and"
            ecep:spe="and"
            ecep:syllab="1"
            ecep:pron="ænd">and</w>
         <c> </c>
         <w xml:id="o3900-354540"
            n="173-a-1190"
            ecep:lem="hell"
            ecep:pos="n1"
            ecep:reg="Hell"
            ecep:spe="Hell"
            ecep:syllab="1"
            ecep:pron="hel">Hell</w>
         <c> </c>
         <w xml:id="o3900-354550"
            n="173-a-1200"
            ecep:lem="throw"
            ecep:pos="vvn"
            ecep:reg="thrown"
            ecep:spe="thrown"
            ecep:syllab="1"
            ecep:pron="θrəʊn">thrown</w>
         <c> </c>
         <w xml:id="o3900-354560"
            n="173-a-1210"
            ecep:lem="wide"
            ecep:pos="av-j"
            ecep:reg="wide"
            ecep:spe="wide"
            ecep:syllab="1"
            ecep:pron="waɪd">wide</w>
      </l>
      <l xml:id="o3900-l17955">
         <c> </c>
         <w xml:id="o3900-354570"
            n="173-a-1220"
            ecep:lem="pour"
            ecep:pos="vvb"
            ecep:reg="Pour"
            ecep:spe="Pour"
            ecep:syllab="1"
            ecep:pron="pɔː">Pour</w>
         <c> </c>
         <w xml:id="o3900-354580"
            n="173-a-1230"
            ecep:lem="all"
            ecep:pos="d"
            ecep:reg="all"
            ecep:spe="all"
            ecep:syllab="1"
            ecep:pron="ɔːl">all</w>
         <c> </c>
         <w xml:id="o3900-354590"
            n="173-a-1240"
            ecep:lem="its"
            ecep:pos="po31"
            ecep:reg="its"
            ecep:spe="its"
            ecep:syllab="1"
            ecep:pron="ɪts">its</w>
         <c> </c>
         <w xml:id="o3900-354600"
            n="173-a-1250"
            ecep:lem="flame"
            ecep:pos="n2"
            ecep:reg="Flames"
            ecep:spe="Flames"
            ecep:syllab="1"
            ecep:pron="fleɪmz">Flames</w>
         <c> </c>
         <w xml:id="o3900-354610"
            n="173-a-1260"
            ecep:lem="upon"
            ecep:pos="p-acp"
            ecep:reg="upon"
            ecep:spe="upon"
            ecep:syllab="2"
            ecep:pron="əˈpɒn">upon</w>
         <c> </c>
         <w xml:id="o3900-354620"
            n="173-a-1270"
            ecep:lem="my"
            ecep:pos="po11"
            ecep:reg="my"
            ecep:spe="my"
            ecep:syllab="1"
            ecep:pron="maɪ">my</w>
         <c> </c>
         <w xml:id="o3900-354630"
            n="173-a-1280"
            ecep:lem="head"
            ecep:pos="n1"
            ecep:reg="Head"
            ecep:spe="Head"
            ecep:syllab="1"
            ecep:pron="hed">Head</w>
         <pc xml:id="o3900-354640"
             n="173-a-1290"
             ecep:lem=","
             ecep:pos=","
             ecep:reg=","
             ecep:spe=",">,</pc>
      </l>
      <l xml:id="o3900-l17960">
         <c> </c>
         <w xml:id="o3900-354650"
            n="173-a-1300"
            ecep:lem="like"
            ecep:pos="av-j"
            ecep:reg="Like"
            ecep:spe="Like"
            ecep:syllab="1"
            ecep:pron="laɪk">Like</w>
         <c> </c>
         <hi>
            <w xml:id="o3900-354660"
               n="173-a-1310"
               ecep:lem="moses"
               ecep:pos="ng2"
               ecep:reg="Moses'"
               ecep:spe="Moses'"
               ecep:syllab="2"
               ecep:pron="ˈməʊzɪz">Moses'</w>
            <c> </c>
         </hi>
         <w xml:id="o3900-354680"
            n="173-a-1330"
            ecep:lem="bush"
            ecep:pos="n1"
            ecep:reg="Bush"
            ecep:spe="Bush"
            ecep:syllab="1"
            ecep:pron="bʊʃ">Bush</w>
         <c> </c>
         <w xml:id="o3900-354690"
            n="173-a-1340"
            ecep:lem="i|will"
            ecep:pos="pns11|vmb"
            ecep:reg="I'll"
            ecep:spe="I'll"
            ecep:syllab="1"
            ecep:pron="ˈaɪl">I'll</w>
         <c> </c>
         <w xml:id="o3900-354700"
            n="173-a-1350"
            ecep:lem="mount"
            ecep:pos="vvi"
            ecep:reg="mount"
            ecep:spe="mount"
            ecep:syllab="1"
            ecep:pron="maʊnt">mount</w>
         <c> </c>
         <w xml:id="o3900-354710"
            n="173-a-1360"
            ecep:lem="the"
            ecep:pos="dt"
            ecep:reg="the"
            ecep:spe="the"
            ecep:syllab="1"
            ecep:pron="ðiː">the</w>
         <c> </c>
         <w xml:id="o3900-354720"
            n="173-a-1370"
            ecep:lem="high"
            ecep:pos="jc"
            ecep:reg="higher"
            ecep:spe="higher"
            ecep:syllab="2"
            ecep:pron="haɪə">higher</w>
         <pc xml:id="o3900-354730"
             n="173-a-1380"
             ecep:lem=","
             ecep:pos=","
             ecep:reg=","
             ecep:spe=",">,</pc>
      </l>
      <l xml:id="o3900-l17965">
         <c> </c>
         <w xml:id="o3900-354740"
            n="173-a-1390"
            ecep:lem="and"
            ecep:pos="cc"
            ecep:reg="And"
            ecep:spe="And"
            ecep:syllab="1"
            ecep:pron="ænd">And</w>
         <c> </c>
         <w xml:id="o3900-354750"
            n="173-a-1400"
            ecep:lem="flourish"
            ecep:pos="vvb"
            ecep:reg="flourish"
            ecep:spe="flourish"
            ecep:syllab="2"
            ecep:pron="ˈflʌrɪʃ">flourish</w>
         <c> </c>
         <w xml:id="o3900-354760"
            n="173-a-1410"
            ecep:lem="unconsumed"
            ecep:pos="j"
            ecep:reg="unconsumed"
            ecep:spe="unconsum'd"
            ecep:syllab="3"
            ecep:pron="ʌnkənˈsjuːmd">unconsum'd</w>
         <c> </c>
         <w xml:id="o3900-354770"
            n="173-a-1420"
            ecep:lem="in"
            ecep:pos="p-acp"
            ecep:reg="in"
            ecep:spe="in"
            ecep:syllab="1"
            ecep:pron="ɪn">in</w>
         <c> </c>
         <w xml:id="o3900-354780"
            n="173-a-1430"
            ecep:lem="fire"
            ecep:pos="n1"
            ecep:reg="Fire"
            ecep:spe="Fire"
            ecep:syllab="1"
            ecep:pron="fæə">Fire</w>
         <pc xml:id="o3900-354790"
             n="173-a-1440"
             unit="sentence"
             ecep:lem="."
             ecep:pos="."
             ecep:reg="."
             ecep:spe=".">.</pc>
         <c> </c>
      </l>
   </lg>
</div>
