<?xml version="1.0" encoding="UTF-8"?>
<?xml-model href="../tei_all.rnc" type="application/relax-ng-compact-syntax"?>
<TEI xmlns="http://www.tei-c.org/ns/1.0">
   <teiHeader>
      <fileDesc>
         <titleStmt>
            <title corresp="#txt_RoweEl1674_w0017">The Vanity of the World, In a Poem to the Athenians.</title>
            <author corresp="authors.xml#aut_RoweEl1674">Elizabeth Rowe (née Singer)</author>
            <respStmt>
               <name xml:id="AH">Alexander Huber</name>
               <resp>Editor</resp>
            </respStmt>
            <funder>
               <name type="institution" xml:id="BOD">Bodleian Libraries, University of Oxford</name>
               <address>
                  <addrLine>Broad Street</addrLine>
                  <addrLine>Oxford OX1 3BG</addrLine>
                  <addrLine>UK</addrLine>
               </address>
            </funder>
         </titleStmt>
         <publicationStmt>
            <publisher xml:id="ECPA">Eighteenth-Century Poetry Archive</publisher>
            <address>
               <addrLine>Taylor Institution Library</addrLine>
               <addrLine>St Giles'</addrLine>
               <addrLine>Oxford OX1 3NA</addrLine>
               <addrLine>UK</addrLine>
               <addrLine>
                  <email>info@eighteenthcenturypoetry.org</email>
               </addrLine>
               <addrLine>
                  <ref target="https://www.eighteenthcenturypoetry.org/">https://www.eighteenthcenturypoetry.org/</ref>
               </addrLine>
            </address>
            <pubPlace>Oxford</pubPlace>
            <availability status="restricted">
               <licence target="http://creativecommons.org/licenses/by-sa/3.0/">This work is licensed under a Creative Commons Attribution-ShareAlike 3.0 Unported License.</licence>
            </availability>
            <idno type="ESTC">R7317</idno>
            <idno type="TCP">A57734</idno>
         </publicationStmt>
         <sourceDesc>
            <bibl>
               <author>Rowe, Elizabeth Singer, 1674-1737.</author>
               <title>Poems on several occasions. Written by Philomela.</title>
               <pubPlace>London</pubPlace>
               <publisher>Printed for John Dunton at the Raven in Jewen-street</publisher>
               <date>1696</date>
               <biblScope>pp. 33-34.</biblScope>
               <extent>[24],72,69,[11]p.; 8⁰</extent>
            </bibl>
         </sourceDesc>
      </fileDesc>
      <encodingDesc>
         <projectDesc>
            <p>This e-text is part of the Works section of the Eighteenth-Century Poetry Archive (ECPA).</p>
            <p>XML created for the Eighteenth-Century Poetry Archive (ECPA).</p>
         </projectDesc>
         <editorialDecl>
            <p>The text has been typographically modernized, but without any silent modernization of
						spelling, capitalization, or punctuation. The source of the text is given and all editorial interventions
						have been recorded in textual notes. Based on the electronic text originally produced by the TCP project, this  text has been edited to conform to the recommendations found in Level 5 of the
						Best Practices for TEI in Libraries version 4.0.0.
					</p>
         </editorialDecl>
         <classDecl>
            <taxonomy xml:id="LCNAF">
               <bibl>Library of Congress Name Authority File (<abbr>LCNAF</abbr>)</bibl>
            </taxonomy>
         </classDecl>
         <tagsDecl>
            <rendition n="linegroups indented" xml:id="lgindent" scheme="css">text-indent: 1em;</rendition>
            <rendition n="linegroups vertically spaced" xml:id="lgvspace" scheme="css">margin-bottom: 1em;</rendition>
            <rendition n="aligned centrally" xml:id="align-center" scheme="css">text-align: center;</rendition>
            <rendition n="aligned right" xml:id="align-right" scheme="css">text-align: right;</rendition>
            <rendition n="aligned left" xml:id="align-left" scheme="css">text-align: left;</rendition>
            <rendition n="inline" xml:id="inline" scheme="css">display: inline</rendition>
            <rendition n="italic" xml:id="i" scheme="css">font-style: italic;</rendition>
            <rendition n="bold" xml:id="b" scheme="css">font-weight: bold;</rendition>
         </tagsDecl>
      </encodingDesc>
   </teiHeader>
   <text>
      <body>
         <div xmlns:ecep="http://www.eighteenthcenturypoetry.org/ns"
              xmlns:tei="http://www.tei-c.org/ns/1.0"
              ana="#iamb #pentameter #pair #couplet #heroiccouplet #address"
              corresp="#txt_RoweEl1674_w0017"
              decls="#semi-normalized"
              ecep:syllab="10"
              met="-+|-+|-+|-+|-+/"
              rendition="#lgvspace"
              rhyme="aa"
              subtype="eceptext"
              type="poem"
              xml:id="oar96-w0160">
            <link target="authors.xml#aut_RoweEl1674" type="author"/>
            <link subtype="answer" target="#oar96-w0170" type="related"/>
            <head type="main">
               <w xml:id="oar96-063650"
                  n="29-b-0480"
                  ecep:lem="the"
                  ecep:pos="dt"
                  ecep:reg="The"
                  ecep:spe="The"
                  ecep:syllab="1"
                  ecep:pron="ðiː">The</w>
               <c> </c>
               <w xml:id="oar96-063660"
                  n="29-b-0490"
                  ecep:lem="vanity"
                  ecep:pos="n1"
                  ecep:reg="Vanity"
                  ecep:spe="Vanity"
                  ecep:syllab="3"
                  ecep:pron="ˈvænəti">Vanity</w>
               <c> </c>
               <w xml:id="oar96-063670"
                  n="29-b-0500"
                  ecep:lem="of"
                  ecep:pos="pp-f"
                  ecep:reg="of"
                  ecep:spe="of"
                  ecep:syllab="1"
                  ecep:pron="ɒv">of</w>
               <c> </c>
               <w xml:id="oar96-063680"
                  n="29-b-0510"
                  ecep:lem="the"
                  ecep:pos="dt"
                  ecep:reg="the"
                  ecep:spe="the"
                  ecep:syllab="1"
                  ecep:pron="ðiː">the</w>
               <c> </c>
               <w xml:id="oar96-063690"
                  n="29-b-0520"
                  ecep:lem="world"
                  ecep:pos="n1"
                  ecep:reg="World"
                  ecep:spe="World"
                  ecep:syllab="1"
                  ecep:pron="wɜːld">World</w>
               <pc xml:id="oar96-063700"
                   n="29-b-0530"
                   ecep:lem=","
                   ecep:pos=","
                   ecep:reg=","
                   ecep:spe=",">,</pc>
               <c> </c>
               <w xml:id="oar96-063710"
                  n="29-b-0540"
                  ecep:lem="in"
                  ecep:pos="p-acp"
                  ecep:reg="In"
                  ecep:spe="In"
                  ecep:syllab="1"
                  ecep:pron="ɪn">In</w>
               <c> </c>
               <w xml:id="oar96-063720"
                  n="29-b-0550"
                  ecep:lem="a"
                  ecep:pos="dt"
                  ecep:reg="a"
                  ecep:spe="a"
                  ecep:syllab="1"
                  ecep:pron="ə">a</w>
               <c> </c>
               <hi>
                  <w xml:id="oar96-063730"
                     n="29-b-0560"
                     ecep:lem="poem"
                     ecep:pos="n1"
                     ecep:reg="Poem"
                     ecep:spe="Poem"
                     ecep:syllab="2"
                     ecep:pron="ˈpəʊɪm">Poem</w>
               </hi>
               <c> </c>
               <w xml:id="oar96-063740"
                  n="29-b-0570"
                  ecep:lem="to"
                  ecep:pos="p-acp"
                  ecep:reg="to"
                  ecep:spe="to"
                  ecep:syllab="1"
                  ecep:pron="tuː">to</w>
               <c> </c>
               <w xml:id="oar96-063750"
                  n="29-b-0580"
                  ecep:lem="the"
                  ecep:pos="dt"
                  ecep:reg="the"
                  ecep:spe="the"
                  ecep:syllab="1"
                  ecep:pron="ðiː">the</w>
               <c> </c>
               <hi>
                  <w xml:id="oar96-063760"
                     n="29-b-0590"
                     ecep:lem="athenian"
                     ecep:pos="njp2"
                     ecep:reg="Athenians"
                     ecep:spe="Athenians"
                     ecep:syllab="4"
                     ecep:pron="əˈθiːniənz">Athenians</w>
               </hi>
               <pc xml:id="oar96-063770"
                   n="29-b-0600"
                   unit="sentence"
                   ecep:lem="."
                   ecep:pos="."
                   ecep:reg="."
                   ecep:spe=".">.</pc>
            </head>
            <lg xml:id="oar96-s00235">
               <l xml:id="oar96-l02420">
                  <w xml:id="oar96-063800"
                     n="29-b-0610"
                     ecep:lem="what"
                     ecep:pos="q-crq"
                     ecep:reg="WHat"
                     ecep:spe="WHat"
                     ecep:syllab="1"
                     ecep:pron="wɒt">WHat</w>
                  <c> </c>
                  <w xml:id="oar96-063810"
                     n="29-b-0620"
                     ecep:lem="if"
                     ecep:pos="cs"
                     ecep:reg="if"
                     ecep:spe="if"
                     ecep:syllab="1"
                     ecep:pron="ɪf">if</w>
                  <c> </c>
                  <w xml:id="oar96-063820"
                     n="29-b-0630"
                     ecep:lem="serene"
                     ecep:pos="av-j"
                     ecep:reg="serenely"
                     ecep:spe="serenely"
                     ecep:syllab="4"
                     ecep:pron="sɪˈriːnli">serenely</w>
                  <c> </c>
                  <w xml:id="oar96-063830"
                     n="29-b-0640"
                     ecep:lem="bless"
                     ecep:pos="vvn"
                     ecep:reg="blessed"
                     ecep:spe="blest"
                     ecep:syllab="1"
                     ecep:pron="blest">blest</w>
                  <c> </c>
                  <w xml:id="oar96-063840"
                     n="29-b-0650"
                     ecep:lem="with"
                     ecep:pos="p-acp"
                     ecep:reg="with"
                     ecep:spe="with"
                     ecep:syllab="1"
                     ecep:pron="wɪð">with</w>
                  <c> </c>
                  <w xml:id="oar96-063850"
                     n="29-b-0660"
                     ecep:lem="calm"
                     ecep:pos="n2-jn"
                     ecep:reg="Calms"
                     ecep:spe="Calms"
                     ecep:syllab="1"
                     ecep:pron="kɑːmz">Calms</w>
                  <c> </c>
                  <w xml:id="oar96-063860"
                     n="29-b-0670"
                     ecep:lem="i"
                     ecep:pos="pns11"
                     ecep:reg="I"
                     ecep:spe="I"
                     ecep:syllab="1"
                     ecep:pron="aɪ">I</w>
                  <c> </c>
                  <w xml:id="oar96-063870"
                     n="29-b-0680"
                     ecep:lem="swim"
                     ecep:pos="vvd"
                     ecep:reg="swam"
                     ecep:spe="swam"
                     ecep:syllab="1"
                     ecep:pron="swæm">swam</w>
               </l>
               <l xml:id="oar96-l02425">
                  <c> </c>
                  <hi>
                     <w xml:id="oar96-063880"
                        n="29-b-0690"
                        ecep:lem="Pactolus"
                        ecep:pos="np1"
                        ecep:reg="Pactolus"
                        ecep:spe="Pactolus"
                        ecep:syllab="3"
                        ecep:pron="pˈæktɒləs">Pactolus</w>
                     <pc xml:id="oar96-063890"
                         n="29-b-0700"
                         ecep:lem="!"
                         ecep:pos="!"
                         ecep:reg="!"
                         ecep:spe="!">!</pc>
                  </hi>
                  <c> </c>
                  <w xml:id="oar96-063900"
                     n="29-b-0710"
                     ecep:lem="in"
                     ecep:pos="p-acp"
                     ecep:reg="in"
                     ecep:spe="in"
                     ecep:syllab="1"
                     ecep:pron="ɪn">in</w>
                  <c> </c>
                  <w xml:id="oar96-063910"
                     n="29-b-0720"
                     ecep:lem="thy"
                     ecep:pos="po21"
                     ecep:reg="thy"
                     ecep:spe="thy"
                     ecep:syllab="1"
                     ecep:pron="ðaɪ">thy</w>
                  <c> </c>
                  <w xml:id="oar96-063920"
                     n="29-b-0730"
                     ecep:lem="golden"
                     ecep:pos="j"
                     ecep:reg="golden"
                     ecep:spe="golden"
                     ecep:syllab="2"
                     ecep:pron="ˈgəʊldn">golden</w>
                  <c> </c>
                  <w xml:id="oar96-063930"
                     n="29-b-0740"
                     ecep:lem="sand"
                     ecep:pos="j-vvn"
                     ecep:reg="Sanded"
                     ecep:spe="Sanded"
                     ecep:syllab="2"
                     ecep:pron="sændɪd">Sanded</w>
                  <c> </c>
                  <w xml:id="oar96-063940"
                     n="29-b-0750"
                     ecep:lem="stream"
                     ecep:pos="n1"
                     ecep:reg="stream"
                     ecep:spe="stream"
                     ecep:syllab="1"
                     ecep:pron="striːm">stream</w>
                  <pc xml:id="oar96-063950"
                      n="29-b-0760"
                      unit="sentence"
                      ecep:lem="?"
                      ecep:pos="?"
                      ecep:reg="?"
                      ecep:spe="?">?</pc>
                  <c> </c>
               </l>
               <l xml:id="oar96-l02430">
                  <w xml:id="oar96-063960"
                     n="29-b-0770"
                     ecep:lem="not"
                     ecep:pos="xx"
                     ecep:reg="Not"
                     ecep:spe="Not"
                     ecep:syllab="1"
                     ecep:pron="nɒt">Not</w>
                  <c> </c>
                  <w xml:id="oar96-063970"
                     n="29-b-0780"
                     ecep:lem="all"
                     ecep:pos="d"
                     ecep:reg="all"
                     ecep:spe="all"
                     ecep:syllab="1"
                     ecep:pron="ɔːl">all</w>
                  <c> </c>
                  <w xml:id="oar96-063980"
                     n="29-b-0790"
                     ecep:lem="the"
                     ecep:pos="dt"
                     ecep:reg="the"
                     ecep:spe="the"
                     ecep:syllab="1"
                     ecep:pron="ðiː">the</w>
                  <c> </c>
                  <w xml:id="oar96-063990"
                     n="29-b-0800"
                     ecep:lem="wealth"
                     ecep:pos="n1"
                     ecep:reg="wealth"
                     ecep:spe="wealth"
                     ecep:syllab="1"
                     ecep:pron="welθ">wealth</w>
                  <c> </c>
                  <w xml:id="oar96-064000"
                     n="29-b-0810"
                     ecep:lem="that"
                     ecep:pos="cst"
                     ecep:reg="that"
                     ecep:spe="that"
                     ecep:syllab="1"
                     ecep:pron="ðæt">that</w>
                  <c> </c>
                  <w xml:id="oar96-064010"
                     n="29-b-0820"
                     ecep:lem="lavish"
                     ecep:pos="j"
                     ecep:reg="lavish"
                     ecep:spe="lavish"
                     ecep:syllab="2"
                     ecep:pron="ˈlævɪʃ">lavish</w>
                  <c> </c>
                  <w xml:id="oar96-064020"
                     n="29-b-0830"
                     ecep:lem="chance"
                     ecep:pos="n1"
                     ecep:reg="Chance"
                     ecep:spe="Chance"
                     ecep:syllab="1"
                     ecep:pron="tʃɑːns">Chance</w>
                  <c> </c>
                  <w xml:id="oar96-064030"
                     n="29-b-0840"
                     ecep:lem="can"
                     ecep:pos="vmd"
                     ecep:reg="could"
                     ecep:spe="cou'd"
                     ecep:syllab="1"
                     ecep:pron="kʊd">cou'd</w>
                  <c> </c>
                  <w xml:id="oar96-064040"
                     n="29-b-0850"
                     ecep:lem="give"
                     ecep:pos="vvi"
                     ecep:reg="give"
                     ecep:spe="give"
                     ecep:syllab="1"
                     ecep:pron="gɪv">give</w>
               </l>
               <l xml:id="oar96-l02435">
                  <c> </c>
                  <w xml:id="oar96-064050"
                     n="29-b-0860"
                     ecep:lem="my"
                     ecep:pos="po11"
                     ecep:reg="My"
                     ecep:spe="My"
                     ecep:syllab="1"
                     ecep:pron="maɪ">My</w>
                  <c> </c>
                  <w xml:id="oar96-064060"
                     n="29-b-0870"
                     ecep:lem="soul"
                     ecep:pos="n1"
                     ecep:reg="soul"
                     ecep:spe="soul"
                     ecep:syllab="1"
                     ecep:pron="səʊl">soul</w>
                  <c> </c>
                  <w xml:id="oar96-064070"
                     n="29-b-0880"
                     ecep:lem="from"
                     ecep:pos="p-acp"
                     ecep:reg="from"
                     ecep:spe="from"
                     ecep:syllab="1"
                     ecep:pron="frɒm">from</w>
                  <c> </c>
                  <w xml:id="oar96-064080"
                     n="29-b-0890"
                     ecep:lem="death"
                     ecep:pos="n1"
                     ecep:reg="Death"
                     ecep:spe="Death"
                     ecep:syllab="1"
                     ecep:pron="deθ">Death</w>
                  <c> </c>
                  <w xml:id="oar96-064090"
                     n="29-b-0900"
                     ecep:lem="can"
                     ecep:pos="vmd"
                     ecep:reg="could"
                     ecep:spe="cou'd"
                     ecep:syllab="1"
                     ecep:pron="kʊd">cou'd</w>
                  <c> </c>
                  <w xml:id="oar96-064100"
                     n="29-b-0910"
                     ecep:lem="one"
                     ecep:pos="pi"
                     ecep:reg="one"
                     ecep:spe="one"
                     ecep:syllab="1"
                     ecep:pron="wʌn">one</w>
                  <c> </c>
                  <w xml:id="oar96-064110"
                     n="29-b-0920"
                     ecep:lem="short"
                     ecep:pos="j"
                     ecep:reg="short"
                     ecep:spe="short"
                     ecep:syllab="1"
                     ecep:pron="ʃɔːt">short</w>
                  <c> </c>
                  <w xml:id="oar96-064120"
                     n="29-b-0930"
                     ecep:lem="hour"
                     ecep:pos="n1"
                     ecep:reg="Hour"
                     ecep:spe="Hour"
                     ecep:syllab="1"
                     ecep:pron="æə">Hour</w>
                  <c> </c>
                  <w xml:id="oar96-064130"
                     n="29-b-0940"
                     ecep:lem="reprieve"
                     ecep:pos="n1"
                     ecep:reg="reprieve"
                     ecep:spe="reprieve"
                     ecep:syllab="2"
                     ecep:pron="rɪˈpriːv">reprieve</w>
                  <pc xml:id="oar96-064140"
                      n="29-b-0950"
                      unit="sentence"
                      ecep:lem="."
                      ecep:pos="."
                      ecep:reg="."
                      ecep:spe=".">.</pc>
                  <c> </c>
               </l>
               <l xml:id="oar96-l02440">
                  <w xml:id="oar96-064150"
                     n="29-b-0960"
                     ecep:lem="when"
                     ecep:pos="c-crq"
                     ecep:reg="When"
                     ecep:spe="When"
                     ecep:syllab="1"
                     ecep:pron="wen">When</w>
                  <c> </c>
                  <w xml:id="oar96-064160"
                     n="29-b-0970"
                     ecep:lem="from"
                     ecep:pos="p-acp"
                     ecep:reg="from"
                     ecep:spe="from"
                     ecep:syllab="1"
                     ecep:pron="frɒm">from</w>
                  <c> </c>
                  <w xml:id="oar96-064170"
                     n="29-b-0980"
                     ecep:lem="my"
                     ecep:pos="po11"
                     ecep:reg="my"
                     ecep:spe="my"
                     ecep:syllab="1"
                     ecep:pron="maɪ">my</w>
                  <c> </c>
                  <w xml:id="oar96-064180"
                     n="29-b-0990"
                     ecep:lem="heart"
                     ecep:pos="n1"
                     ecep:reg="Heart"
                     ecep:spe="Heart"
                     ecep:syllab="1"
                     ecep:pron="hɑːt">Heart</w>
                  <c> </c>
                  <w xml:id="oar96-064190"
                     n="29-b-1000"
                     ecep:lem="the"
                     ecep:pos="dt"
                     ecep:reg="the"
                     ecep:spe="the"
                     ecep:syllab="1"
                     ecep:pron="ðiː">the</w>
                  <c> </c>
                  <w xml:id="oar96-064200"
                     n="29-b-1010"
                     ecep:lem="wander"
                     ecep:pos="j-vvg"
                     ecep:reg="wandering"
                     ecep:spe="wandring"
                     ecep:syllab="2"
                     ecep:pron="wˈɒndrɪŋ">wandring</w>
                  <c> </c>
                  <w xml:id="oar96-064210"
                     n="29-b-1020"
                     ecep:lem="life"
                     ecep:pos="n1"
                     ecep:reg="Life"
                     ecep:spe="Life"
                     ecep:syllab="1"
                     ecep:pron="laɪf">Life</w>
                  <c> </c>
                  <w xml:id="oar96-064220"
                     n="29-b-1030"
                     ecep:lem="must"
                     ecep:pos="vmb"
                     ecep:reg="must"
                     ecep:spe="must"
                     ecep:syllab="1"
                     ecep:pron="mʌst">must</w>
                  <c> </c>
                  <w xml:id="oar96-064230"
                     n="29-b-1040"
                     ecep:lem="move"
                     ecep:pos="vvi"
                     ecep:reg="move"
                     ecep:spe="move"
                     ecep:syllab="1"
                     ecep:pron="muːv">move</w>
               </l>
               <l xml:id="oar96-l02445">
                  <c> </c>
                  <w xml:id="oar96-064240"
                     n="29-b-1050"
                     ecep:lem="no"
                     ecep:pos="dx"
                     ecep:reg="No"
                     ecep:spe="No"
                     ecep:syllab="1"
                     ecep:pron="nəʊ">No</w>
                  <c> </c>
                  <w xml:id="oar96-064250"
                     n="29-b-1060"
                     ecep:lem="cordial"
                     ecep:pos="j"
                     ecep:reg="Cordial"
                     ecep:spe="Cordial"
                     ecep:syllab="2"
                     ecep:pron="ˈkɔːdiəl">Cordial</w>
                  <c> </c>
                  <w xml:id="oar96-064260"
                     n="29-b-1070"
                     ecep:lem="all"
                     ecep:pos="av-d"
                     ecep:reg="all"
                     ecep:spe="all"
                     ecep:syllab="1"
                     ecep:pron="ɔːl">all</w>
                  <c> </c>
                  <w xml:id="oar96-064270"
                     n="29-b-1080"
                     ecep:lem="my"
                     ecep:pos="po11"
                     ecep:reg="my"
                     ecep:spe="my"
                     ecep:syllab="1"
                     ecep:pron="maɪ">my</w>
                  <c> </c>
                  <w xml:id="oar96-064280"
                     n="29-b-1090"
                     ecep:lem="useless"
                     ecep:pos="j"
                     ecep:reg="useless"
                     ecep:spe="useless"
                     ecep:syllab="2"
                     ecep:pron="ˈjuːsləs">useless</w>
                  <c> </c>
                  <w xml:id="oar96-064290"
                     n="29-b-1100"
                     ecep:lem="gold"
                     ecep:pos="n1"
                     ecep:reg="Gold"
                     ecep:spe="Gold"
                     ecep:syllab="1"
                     ecep:pron="gəʊld">Gold</w>
                  <c> </c>
                  <w xml:id="oar96-064300"
                     n="29-b-1110"
                     ecep:lem="can"
                     ecep:pos="vmd"
                     ecep:reg="could"
                     ecep:spe="cou'd"
                     ecep:syllab="1"
                     ecep:pron="kʊd">cou'd</w>
                  <c> </c>
                  <w xml:id="oar96-064310"
                     n="29-b-1120"
                     ecep:lem="prove"
                     ecep:pos="vvi"
                     ecep:reg="prove"
                     ecep:spe="prove"
                     ecep:syllab="1"
                     ecep:pron="pruːv">prove</w>
                  <pc xml:id="oar96-064320"
                      n="29-b-1130"
                      unit="sentence"
                      ecep:lem="."
                      ecep:pos="."
                      ecep:reg="."
                      ecep:spe=".">.</pc>
                  <c> </c>
               </l>
               <l xml:id="oar96-l02450">
                  <w xml:id="oar96-064330"
                     n="29-b-1140"
                     ecep:lem="what"
                     ecep:pos="q-crq"
                     ecep:reg="What"
                     ecep:spe="What"
                     ecep:syllab="1"
                     ecep:pron="wɒt">What</w>
                  <c> </c>
                  <w xml:id="oar96-064340"
                     n="29-b-1150"
                     ecep:lem="though"
                     ecep:pos="c-acp"
                     ecep:reg="though"
                     ecep:spe="tho'"
                     ecep:syllab="1"
                     ecep:pron="ðəʊ">tho'</w>
                  <c> </c>
                  <w xml:id="oar96-064350"
                     n="29-b-1160"
                     ecep:lem="i"
                     ecep:pos="pns11"
                     ecep:reg="I"
                     ecep:spe="I"
                     ecep:syllab="1"
                     ecep:pron="aɪ">I</w>
                  <c> </c>
                  <w xml:id="oar96-064360"
                     n="29-b-1170"
                     ecep:lem="plunge"
                     ecep:pos="vvd"
                     ecep:reg="plunged"
                     ecep:spe="plung'd"
                     ecep:syllab="1"
                     ecep:pron="plʌndʒd">plung'd</w>
                  <c> </c>
                  <w xml:id="oar96-064370"
                     n="29-b-1180"
                     ecep:lem="in"
                     ecep:pos="p-acp"
                     ecep:reg="in"
                     ecep:spe="in"
                     ecep:syllab="1"
                     ecep:pron="ɪn">in</w>
                  <c> </c>
                  <w xml:id="oar96-064380"
                     n="29-b-1190"
                     ecep:lem="joy"
                     ecep:pos="n2"
                     ecep:reg="Joys"
                     ecep:spe="Ioys"
                     ecep:syllab="2"
                     ecep:pron="ˈaɪɔɪz">Ioys</w>
                  <c> </c>
                  <w xml:id="oar96-064390"
                     n="29-b-1200"
                     ecep:lem="so"
                     ecep:pos="av"
                     ecep:reg="so"
                     ecep:spe="so"
                     ecep:syllab="1"
                     ecep:pron="səʊ">so</w>
                  <c> </c>
                  <w xml:id="oar96-064400"
                     n="29-b-1210"
                     ecep:lem="deep"
                     ecep:pos="j-jn"
                     ecep:reg="deep"
                     ecep:spe="deep"
                     ecep:syllab="1"
                     ecep:pron="diːp">deep</w>
                  <c> </c>
                  <w xml:id="oar96-064410"
                     n="29-b-1220"
                     ecep:lem="and"
                     ecep:pos="cc"
                     ecep:reg="and"
                     ecep:spe="and"
                     ecep:syllab="1"
                     ecep:pron="ænd">and</w>
                  <c> </c>
                  <w xml:id="oar96-064420"
                     n="29-b-1230"
                     ecep:lem="wide"
                     ecep:pos="j"
                     ecep:reg="wide"
                     ecep:spe="wide"
                     ecep:syllab="1"
                     ecep:pron="waɪd">wide</w>
                  <pc xml:id="oar96-064430"
                      n="29-b-1240"
                      ecep:lem=","
                      ecep:pos=","
                      ecep:reg=","
                      ecep:spe=",">,</pc>
               </l>
               <l xml:id="oar96-l02455">
                  <c> </c>
                  <w xml:id="oar96-064450"
                     n="29-b-1260"
                     ecep:lem="it|will"
                     ecep:pos="pn31|vmd"
                     ecep:reg="'Twould"
                     ecep:spe="'Twou'd"
                     ecep:syllab="1"
                     ecep:pron="tˈuːuːd">'Twou'd</w>
                  <c> </c>
                  <w xml:id="oar96-064460"
                     n="29-b-1270"
                     ecep:lem="tire"
                     ecep:pos="vvi"
                     ecep:reg="tyre"
                     ecep:spe="tire"
                     ecep:syllab="2"
                     ecep:pron="tæə">tire</w>
                  <c> </c>
                  <w xml:id="oar96-064470"
                     n="29-b-1280"
                     ecep:lem="my"
                     ecep:pos="po11"
                     ecep:reg="my"
                     ecep:spe="my"
                     ecep:syllab="1"
                     ecep:pron="maɪ">my</w>
                  <c> </c>
                  <w xml:id="oar96-064480"
                     n="29-b-1290"
                     ecep:lem="thought"
                     ecep:pos="n2"
                     ecep:reg="Thoughts"
                     ecep:spe="Thoughts"
                     ecep:syllab="1"
                     ecep:pron="θɔːts">Thoughts</w>
                  <c> </c>
                  <w xml:id="oar96-064490"
                     n="29-b-1300"
                     ecep:lem="to"
                     ecep:pos="pc-acp"
                     ecep:reg="to"
                     ecep:spe="to"
                     ecep:syllab="1"
                     ecep:pron="tuː">to</w>
                  <c> </c>
                  <w xml:id="oar96-064500"
                     n="29-b-1310"
                     ecep:lem="reach"
                     ecep:pos="vvi"
                     ecep:reg="reach"
                     ecep:spe="reach"
                     ecep:syllab="1"
                     ecep:pron="riːtʃ">reach</w>
                  <c> </c>
                  <w xml:id="oar96-064510"
                     n="29-b-1320"
                     ecep:lem="the"
                     ecep:pos="dt"
                     ecep:reg="the"
                     ecep:spe="the"
                     ecep:syllab="1"
                     ecep:pron="ðiː">the</w>
                  <c> </c>
                  <w xml:id="oar96-064520"
                     n="29-b-1330"
                     ecep:lem="distant"
                     ecep:pos="j"
                     ecep:reg="distant"
                     ecep:spe="distant"
                     ecep:syllab="2"
                     ecep:pron="ˈdɪstnt">distant</w>
                  <c> </c>
                  <w xml:id="oar96-064530"
                     n="29-b-1340"
                     ecep:lem="side"
                     ecep:pos="n1"
                     ecep:reg="side"
                     ecep:spe="side"
                     ecep:syllab="1"
                     ecep:pron="saɪd">side</w>
                  <pc xml:id="oar96-064540"
                      n="29-b-1350"
                      ecep:lem=","
                      ecep:pos=","
                      ecep:reg=","
                      ecep:spe=",">,</pc>
               </l>
               <l ana="#triplet" rhyme="aaa" xml:id="oar96-l02460">
                  <c> </c>
                  <w xml:id="oar96-064550"
                     n="29-b-1360"
                     ecep:lem="fancy"
                     ecep:pos="vvb"
                     ecep:reg="Fancy"
                     ecep:spe="Fancy"
                     ecep:syllab="2"
                     ecep:pron="ˈfænsi">Fancy</w>
                  <c> </c>
                  <w xml:id="oar96-064560"
                     n="29-b-1370"
                     ecep:lem="it"
                     ecep:pos="pn31"
                     ecep:reg="it"
                     ecep:spe="it"
                     ecep:syllab="1"
                     ecep:pron="ɪt">it</w>
                  <c> </c>
                  <w xml:id="oar96-064570"
                     n="29-b-1380"
                     ecep:lem="self"
                     ecep:pos="n1"
                     ecep:reg="self"
                     ecep:spe="self"
                     ecep:syllab="1"
                     ecep:pron="self">self</w>
                  <c> </c>
                  <w xml:id="oar96-064580"
                     n="29-b-1390"
                     ecep:lem="it|will"
                     ecep:pos="pn31|vmd"
                     ecep:reg="'twould"
                     ecep:spe="'twou'd"
                     ecep:syllab="1"
                     ecep:pron="tˈuːuːd">'twou'd</w>
                  <c> </c>
                  <w xml:id="oar96-064590"
                     n="29-b-1400"
                     ecep:lem="tire"
                     ecep:pos="vvi"
                     ecep:reg="tyre"
                     ecep:spe="tire"
                     ecep:syllab="2"
                     ecep:pron="tæə">tire</w>
                  <c> </c>
                  <w xml:id="oar96-064600"
                     n="29-b-1410"
                     ecep:lem="to"
                     ecep:pos="p-acp"
                     ecep:reg="to"
                     ecep:spe="to"
                     ecep:syllab="1"
                     ecep:pron="tuː">to</w>
                  <c> </c>
                  <w xml:id="oar96-064610"
                     n="29-b-1420"
                     ecep:lem="plumb"
                     ecep:pos="av"
                     ecep:reg="plumb"
                     ecep:spe="plumb"
                     ecep:syllab="1"
                     ecep:pron="plʌm">plumb</w>
                  <c> </c>
                  <w xml:id="oar96-064620"
                     n="29-b-1430"
                     ecep:lem="the"
                     ecep:pos="dt"
                     ecep:reg="the"
                     ecep:spe="the"
                     ecep:syllab="1"
                     ecep:pron="ðiː">the</w>
                  <c> </c>
                  <w xml:id="oar96-064630"
                     n="29-b-1440"
                     ecep:lem="abyss"
                     ecep:pos="n1"
                     ecep:reg="Abyss"
                     ecep:spe="Abyss"
                     ecep:syllab="2"
                     ecep:pron="əˈbɪs">Abyss</w>
                  <pc xml:id="oar96-064640"
                      n="29-b-1450"
                      ecep:lem=";"
                      ecep:pos=";"
                      ecep:reg=";"
                      ecep:spe=";">;</pc>
               </l>
               <l ana="#triplet" rhyme="aaa" xml:id="oar96-l02465">
                  <c> </c>
                  <w xml:id="oar96-064650"
                     n="29-b-1460"
                     ecep:lem="if"
                     ecep:pos="cs"
                     ecep:reg="If"
                     ecep:spe="If"
                     ecep:syllab="1"
                     ecep:pron="ɪf">If</w>
                  <c> </c>
                  <w xml:id="oar96-064660"
                     n="29-b-1470"
                     ecep:lem="i"
                     ecep:pos="pns11"
                     ecep:reg="I"
                     ecep:spe="I"
                     ecep:syllab="1"
                     ecep:pron="aɪ">I</w>
                  <c> </c>
                  <w xml:id="oar96-064670"
                     n="29-b-1480"
                     ecep:lem="for"
                     ecep:pos="p-acp"
                     ecep:reg="for"
                     ecep:spe="for"
                     ecep:syllab="1"
                     ecep:pron="fɔː">for</w>
                  <c> </c>
                  <w xml:id="oar96-064680"
                     n="29-b-1490"
                     ecep:lem="a"
                     ecep:pos="dt"
                     ecep:reg="an"
                     ecep:spe="an"
                     ecep:syllab="1"
                     ecep:pron="æn">an</w>
                  <c> </c>
                  <w xml:id="oar96-064690"
                     n="29-b-1500"
                     ecep:lem="uncertain"
                     ecep:pos="j"
                     ecep:reg="uncertain"
                     ecep:spe="uncertain"
                     ecep:syllab="3"
                     ecep:pron="ʌnˈsɜːtn">uncertain</w>
                  <c> </c>
                  <w xml:id="oar96-064700"
                     n="29-b-1510"
                     ecep:lem="lease"
                     ecep:pos="n1"
                     ecep:reg="Lease"
                     ecep:spe="Lease"
                     ecep:syllab="1"
                     ecep:pron="liːs">Lease</w>
                  <c> </c>
                  <w xml:id="oar96-064710"
                     n="29-b-1520"
                     ecep:lem="of"
                     ecep:pos="pp-f"
                     ecep:reg="of"
                     ecep:spe="of"
                     ecep:syllab="1"
                     ecep:pron="ɒv">of</w>
                  <c> </c>
                  <w xml:id="oar96-064720"
                     n="29-b-1530"
                     ecep:lem="this"
                     ecep:pos="d"
                     ecep:reg="this"
                     ecep:spe="this"
                     ecep:syllab="1"
                     ecep:pron="ðɪs">this</w>
               </l>
               <l ana="#triplet" rhyme="aaa" xml:id="oar96-l02470">
                  <c> </c>
                  <w xml:id="oar96-064730"
                     n="29-b-1540"
                     ecep:lem="sell"
                     ecep:pos="vvn"
                     ecep:reg="Sold"
                     ecep:spe="Sold"
                     ecep:syllab="1"
                     ecep:pron="səʊld">Sold</w>
                  <c> </c>
                  <w xml:id="oar96-064740"
                     n="29-b-1550"
                     ecep:lem="the"
                     ecep:pos="dt"
                     ecep:reg="the"
                     ecep:spe="the"
                     ecep:syllab="1"
                     ecep:pron="ðiː">the</w>
                  <c> </c>
                  <w xml:id="oar96-064750"
                     n="29-b-1560"
                     ecep:lem="fair"
                     ecep:pos="j"
                     ecep:reg="fair"
                     ecep:spe="fair"
                     ecep:syllab="1"
                     ecep:pron="feə">fair</w>
                  <c> </c>
                  <w xml:id="oar96-064760"
                     n="29-b-1570"
                     ecep:lem="hope"
                     ecep:pos="n2"
                     ecep:reg="hopes"
                     ecep:spe="hopes"
                     ecep:syllab="1"
                     ecep:pron="həʊps">hopes</w>
                  <c> </c>
                  <w xml:id="oar96-064770"
                     n="29-b-1580"
                     ecep:lem="of"
                     ecep:pos="pp-f"
                     ecep:reg="of"
                     ecep:spe="of"
                     ecep:syllab="1"
                     ecep:pron="ɒv">of</w>
                  <c> </c>
                  <w xml:id="oar96-064780"
                     n="29-b-1590"
                     ecep:lem="a"
                     ecep:pos="dt"
                     ecep:reg="an"
                     ecep:spe="an"
                     ecep:syllab="1"
                     ecep:pron="æn">an</w>
                  <c> </c>
                  <w xml:id="oar96-064790"
                     n="29-b-1600"
                     ecep:lem="eternal"
                     ecep:pos="j"
                     ecep:reg="eternal"
                     ecep:spe="eternal"
                     ecep:syllab="3"
                     ecep:pron="ɪˈtɜːnl">eternal</w>
                  <c> </c>
                  <w xml:id="oar96-064800"
                     n="29-b-1610"
                     ecep:lem="bliss"
                     ecep:pos="n1"
                     ecep:reg="bliss"
                     ecep:spe="bliss"
                     ecep:syllab="1"
                     ecep:pron="blɪs">bliss</w>
                  <pc xml:id="oar96-064810"
                      n="29-b-1620"
                      unit="sentence"
                      ecep:lem="?"
                      ecep:pos="?"
                      ecep:reg="?"
                      ecep:spe="?">?</pc>
                  <c> </c>
               </l>
               <pb facs="oar96/0061" n="34" rend="none"/>
               <l xml:id="oar96-l02475">
                  <w xml:id="oar96-064820"
                     n="30-a-0010"
                     ecep:lem="what"
                     ecep:pos="q-crq"
                     ecep:reg="What"
                     ecep:spe="What"
                     ecep:syllab="1"
                     ecep:pron="wɒt">What</w>
                  <c> </c>
                  <w xml:id="oar96-064830"
                     n="30-a-0020"
                     ecep:lem="if"
                     ecep:pos="cs"
                     ecep:reg="if"
                     ecep:spe="if"
                     ecep:syllab="1"
                     ecep:pron="ɪf">if</w>
                  <c> </c>
                  <w xml:id="oar96-064840"
                     n="30-a-0030"
                     ecep:lem="invest"
                     ecep:pos="vvn"
                     ecep:reg="invested"
                     ecep:spe="invested"
                     ecep:syllab="3"
                     ecep:pron="ɪnˈvestɪd">invested</w>
                  <c> </c>
                  <w xml:id="oar96-064850"
                     n="30-a-0040"
                     ecep:lem="with"
                     ecep:pos="p-acp"
                     ecep:reg="with"
                     ecep:spe="with"
                     ecep:syllab="1"
                     ecep:pron="wɪð">with</w>
                  <c> </c>
                  <w xml:id="oar96-064860"
                     n="30-a-0050"
                     ecep:lem="the"
                     ecep:pos="dt"
                     ecep:reg="the"
                     ecep:spe="the"
                     ecep:syllab="1"
                     ecep:pron="ðiː">the</w>
                  <c> </c>
                  <w xml:id="oar96-064870"
                     n="30-a-0060"
                     ecep:lem="royal"
                     ecep:pos="j"
                     ecep:reg="Royal"
                     ecep:spe="Royal"
                     ecep:syllab="2"
                     ecep:pron="ˈrɔɪəl">Royal</w>
                  <c> </c>
                  <w xml:id="oar96-064880"
                     n="30-a-0070"
                     ecep:lem="state"
                     ecep:pos="n1"
                     ecep:reg="State"
                     ecep:spe="State"
                     ecep:syllab="1"
                     ecep:pron="steɪt">State</w>
               </l>
               <l xml:id="oar96-l02480">
                  <c> </c>
                  <w xml:id="oar96-064890"
                     n="30-a-0080"
                     ecep:lem="of"
                     ecep:pos="pp-f"
                     ecep:reg="Of"
                     ecep:spe="Of"
                     ecep:syllab="1"
                     ecep:pron="ɒv">Of</w>
                  <c> </c>
                  <w xml:id="oar96-064900"
                     n="30-a-0090"
                     ecep:lem="dazzle"
                     ecep:pos="j-vvg"
                     ecep:reg="dazzling"
                     ecep:spe="dazling"
                     ecep:syllab="2"
                     ecep:pron="dˈæzlɪŋ">dazling</w>
                  <c> </c>
                  <w xml:id="oar96-064910"
                     n="30-a-0100"
                     ecep:lem="queen"
                     ecep:pos="n2"
                     ecep:reg="Queens"
                     ecep:spe="Queens"
                     ecep:syllab="1"
                     ecep:pron="kwiːnz">Queens</w>
                  <pc xml:id="oar96-064920"
                      n="30-a-0110"
                      ecep:lem=","
                      ecep:pos=","
                      ecep:reg=","
                      ecep:spe=",">,</pc>
                  <c> </c>
                  <w xml:id="oar96-064930"
                     n="30-a-0120"
                     ecep:lem="adore"
                     ecep:pos="vvn"
                     ecep:reg="adored"
                     ecep:spe="ador'd"
                     ecep:syllab="2"
                     ecep:pron="əˈdɔːd">ador'd</w>
                  <c> </c>
                  <w xml:id="oar96-064940"
                     n="30-a-0130"
                     ecep:lem="by"
                     ecep:pos="p-acp"
                     ecep:reg="by"
                     ecep:spe="by"
                     ecep:syllab="1"
                     ecep:pron="baɪ">by</w>
                  <c> </c>
                  <w xml:id="oar96-064950"
                     n="30-a-0140"
                     ecep:lem="king"
                     ecep:pos="n2"
                     ecep:reg="Kings"
                     ecep:spe="Kings"
                     ecep:syllab="1"
                     ecep:pron="kɪŋz">Kings</w>
                  <c> </c>
                  <w xml:id="oar96-064960"
                     n="30-a-0150"
                     ecep:lem="i"
                     ecep:pos="pns11"
                     ecep:reg="I"
                     ecep:spe="I"
                     ecep:syllab="1"
                     ecep:pron="aɪ">I</w>
                  <c> </c>
                  <w xml:id="oar96-064970"
                     n="30-a-0160"
                     ecep:lem="sit"
                     ecep:pos="vvd"
                     ecep:reg="sat"
                     ecep:spe="sat"
                     ecep:syllab="1"
                     ecep:pron="sæt">sat</w>
                  <pc xml:id="oar96-064980"
                      n="30-a-0170"
                      unit="sentence"
                      ecep:lem="?"
                      ecep:pos="?"
                      ecep:reg="?"
                      ecep:spe="?">?</pc>
                  <c> </c>
               </l>
               <l xml:id="oar96-l02485">
                  <w xml:id="oar96-064990"
                     n="30-a-0180"
                     ecep:lem="yet"
                     ecep:pos="av"
                     ecep:reg="Yet"
                     ecep:spe="Yet"
                     ecep:syllab="1"
                     ecep:pron="jet">Yet</w>
                  <c> </c>
                  <w xml:id="oar96-065000"
                     n="30-a-0190"
                     ecep:lem="when"
                     ecep:pos="c-crq"
                     ecep:reg="when"
                     ecep:spe="when"
                     ecep:syllab="1"
                     ecep:pron="wen">when</w>
                  <c> </c>
                  <w xml:id="oar96-065010"
                     n="30-a-0200"
                     ecep:lem="my"
                     ecep:pos="po11"
                     ecep:reg="my"
                     ecep:spe="my"
                     ecep:syllab="1"
                     ecep:pron="maɪ">my</w>
                  <c> </c>
                  <w xml:id="oar96-065020"
                     n="30-a-0210"
                     ecep:lem="tremble"
                     ecep:pos="j-vvg"
                     ecep:reg="trembling"
                     ecep:spe="trembling"
                     ecep:syllab="2"
                     ecep:pron="ˈtremblɪŋ">trembling</w>
                  <c> </c>
                  <w xml:id="oar96-065030"
                     n="30-a-0220"
                     ecep:lem="soul"
                     ecep:pos="ng1"
                     ecep:reg="Soul's"
                     ecep:spe="Soul's"
                     ecep:syllab="1"
                     ecep:pron="səʊlz">Soul's</w>
                  <c> </c>
                  <w xml:id="oar96-065040"
                     n="30-a-0230"
                     ecep:lem="dislodge"
                     ecep:pos="j-vvn"
                     ecep:reg="dislodged"
                     ecep:spe="dislodg'd"
                     ecep:syllab="2"
                     ecep:pron="dɪˈslɒdʒd">dislodg'd</w>
                  <c> </c>
                  <w xml:id="oar96-065050"
                     n="30-a-0240"
                     ecep:lem="will"
                     ecep:pos="vmd"
                     ecep:reg="would"
                     ecep:spe="wou'd"
                     ecep:syllab="1"
                     ecep:pron="wʊd">wou'd</w>
                  <c> </c>
                  <w xml:id="oar96-065060"
                     n="30-a-0250"
                     ecep:lem="be"
                     ecep:pos="vbi"
                     ecep:reg="be"
                     ecep:spe="be"
                     ecep:syllab="1"
                     ecep:pron="biː">be</w>
               </l>
               <l xml:id="oar96-l02490">
                  <c> </c>
                  <w xml:id="oar96-065070"
                     n="30-a-0260"
                     ecep:lem="no"
                     ecep:pos="dx"
                     ecep:reg="No"
                     ecep:spe="No"
                     ecep:syllab="1"
                     ecep:pron="nəʊ">No</w>
                  <c> </c>
                  <w xml:id="oar96-065080"
                     n="30-a-0270"
                     ecep:lem="room"
                     ecep:pos="n1"
                     ecep:reg="Room"
                     ecep:spe="Room"
                     ecep:syllab="1"
                     ecep:pron="ruːm">Room</w>
                  <c> </c>
                  <w xml:id="oar96-065090"
                     n="30-a-0280"
                     ecep:lem="of"
                     ecep:pos="pp-f"
                     ecep:reg="of"
                     ecep:spe="of"
                     ecep:syllab="1"
                     ecep:pron="ɒv">of</w>
                  <c> </c>
                  <w xml:id="oar96-065100"
                     n="30-a-0290"
                     ecep:lem="state"
                     ecep:pos="n1"
                     ecep:reg="State"
                     ecep:spe="State"
                     ecep:syllab="1"
                     ecep:pron="steɪt">State</w>
                  <c> </c>
                  <w xml:id="oar96-065110"
                     n="30-a-0300"
                     ecep:lem="within"
                     ecep:pos="p-acp"
                     ecep:reg="within"
                     ecep:spe="within"
                     ecep:syllab="2"
                     ecep:pron="wɪˈðɪn">within</w>
                  <c> </c>
                  <w xml:id="oar96-065120"
                     n="30-a-0310"
                     ecep:lem="the"
                     ecep:pos="dt"
                     ecep:reg="the"
                     ecep:spe="the"
                     ecep:syllab="1"
                     ecep:pron="ðiː">the</w>
                  <c> </c>
                  <w xml:id="oar96-065130"
                     n="30-a-0320"
                     ecep:lem="grave"
                     ecep:pos="n1"
                     ecep:reg="Grave"
                     ecep:spe="Grave"
                     ecep:syllab="1"
                     ecep:pron="grɑːv">Grave</w>
                  <c> </c>
                  <w xml:id="oar96-065140"
                     n="30-a-0330"
                     ecep:lem="for"
                     ecep:pos="p-acp"
                     ecep:reg="for"
                     ecep:spe="for"
                     ecep:syllab="1"
                     ecep:pron="fɔː">for</w>
                  <c> </c>
                  <w xml:id="oar96-065150"
                     n="30-a-0340"
                     ecep:lem="i"
                     ecep:pos="pno11"
                     ecep:reg="me"
                     ecep:spe="me"
                     ecep:syllab="1"
                     ecep:pron="miː">me</w>
                  <pc xml:id="oar96-065160"
                      n="30-a-0350"
                      unit="sentence"
                      ecep:lem="."
                      ecep:pos="."
                      ecep:reg="."
                      ecep:spe=".">.</pc>
                  <c> </c>
               </l>
               <l xml:id="oar96-l02495">
                  <w xml:id="oar96-065170"
                     n="30-a-0360"
                     ecep:lem="what"
                     ecep:pos="q-crq"
                     ecep:reg="What"
                     ecep:spe="What"
                     ecep:syllab="1"
                     ecep:pron="wɒt">What</w>
                  <c> </c>
                  <w xml:id="oar96-065180"
                     n="30-a-0370"
                     ecep:lem="if"
                     ecep:pos="cs"
                     ecep:reg="if"
                     ecep:spe="if"
                     ecep:syllab="1"
                     ecep:pron="ɪf">if</w>
                  <c> </c>
                  <w xml:id="oar96-065190"
                     n="30-a-0380"
                     ecep:lem="my"
                     ecep:pos="po11"
                     ecep:reg="my"
                     ecep:spe="my"
                     ecep:syllab="1"
                     ecep:pron="maɪ">my</w>
                  <c> </c>
                  <w xml:id="oar96-065200"
                     n="30-a-0390"
                     ecep:lem="youth"
                     ecep:pos="n1"
                     ecep:reg="Youth"
                     ecep:spe="Youth"
                     ecep:syllab="1"
                     ecep:pron="juːθ">Youth</w>
                  <pc xml:id="oar96-065210"
                      n="30-a-0400"
                      ecep:lem=","
                      ecep:pos=","
                      ecep:reg=","
                      ecep:spe=",">,</pc>
                  <c> </c>
                  <w xml:id="oar96-065220"
                     n="30-a-0410"
                     ecep:lem="in"
                     ecep:pos="p-acp"
                     ecep:reg="in"
                     ecep:spe="in"
                     ecep:syllab="1"
                     ecep:pron="ɪn">in</w>
                  <c> </c>
                  <w xml:id="oar96-065230"
                     n="30-a-0420"
                     ecep:lem="wit"
                     ecep:pos="n2"
                     ecep:reg="Wits"
                     ecep:spe="Wits"
                     ecep:syllab="1"
                     ecep:pron="wɪts">Wits</w>
                  <c> </c>
                  <w xml:id="oar96-065240"
                     n="30-a-0430"
                     ecep:lem="and"
                     ecep:pos="cc"
                     ecep:reg="and"
                     ecep:spe="and"
                     ecep:syllab="1"
                     ecep:pron="ænd">and</w>
                  <c> </c>
                  <w xml:id="oar96-065250"
                     n="30-a-0440"
                     ecep:lem="beauty"
                     ecep:pos="n2"
                     ecep:reg="Beautys"
                     ecep:spe="Beautys"
                     ecep:syllab="3"
                     ecep:pron="bjˈuːtɪz">Beautys</w>
                  <c> </c>
                  <w xml:id="oar96-065260"
                     n="30-a-0450"
                     ecep:lem="bloom"
                     ecep:pos="n1"
                     ecep:reg="bloom"
                     ecep:spe="bloom"
                     ecep:syllab="1"
                     ecep:pron="bluːm">bloom</w>
               </l>
               <l xml:id="oar96-l02500">
                  <c> </c>
                  <w xml:id="oar96-065270"
                     n="30-a-0460"
                     ecep:lem="shall"
                     ecep:pos="vmd"
                     ecep:reg="Should"
                     ecep:spe="Shou'd"
                     ecep:syllab="1"
                     ecep:pron="ʃʊd">Shou'd</w>
                  <c> </c>
                  <w xml:id="oar96-065280"
                     n="30-a-0470"
                     ecep:lem="promise"
                     ecep:pos="vvi"
                     ecep:reg="promise"
                     ecep:spe="promise"
                     ecep:syllab="2"
                     ecep:pron="ˈprɒmɪs">promise</w>
                  <c> </c>
                  <w xml:id="oar96-065290"
                     n="30-a-0480"
                     ecep:lem="many"
                     ecep:pos="d"
                     ecep:reg="many"
                     ecep:spe="many"
                     ecep:syllab="2"
                     ecep:pron="ˈmeni">many</w>
                  <c> </c>
                  <w xml:id="oar96-065300"
                     n="30-a-0490"
                     ecep:lem="a"
                     ecep:pos="dt"
                     ecep:reg="a"
                     ecep:spe="a"
                     ecep:syllab="1"
                     ecep:pron="ə">a</w>
                  <c> </c>
                  <w xml:id="oar96-065310"
                     n="30-a-0500"
                     ecep:lem="flatter"
                     ecep:pos="j-vvg"
                     ecep:reg="flattering"
                     ecep:spe="flatt'ring"
                     ecep:syllab="2"
                     ecep:pron="ˈflætrɪŋ">flatt'ring</w>
                  <c> </c>
                  <w xml:id="oar96-065320"
                     n="30-a-0510"
                     ecep:lem="year"
                     ecep:pos="n1"
                     ecep:reg="Year"
                     ecep:spe="Year"
                     ecep:syllab="1"
                     ecep:pron="jɪə">Year</w>
                  <c> </c>
                  <w xml:id="oar96-065330"
                     n="30-a-0520"
                     ecep:lem="to"
                     ecep:pos="pc-acp"
                     ecep:reg="to"
                     ecep:spe="to"
                     ecep:syllab="1"
                     ecep:pron="tuː">to</w>
                  <c> </c>
                  <w xml:id="oar96-065340"
                     n="30-a-0530"
                     ecep:lem="come"
                     ecep:pos="vvi"
                     ecep:reg="come"
                     ecep:spe="come"
                     ecep:syllab="1"
                     ecep:pron="kʌm">come</w>
                  <pc xml:id="oar96-065350"
                      n="30-a-0540"
                      ecep:lem=":"
                      ecep:pos=":"
                      ecep:reg=":"
                      ecep:spe=":">:</pc>
               </l>
               <l xml:id="oar96-l02505">
                  <c> </c>
                  <w xml:id="oar96-065360"
                     n="30-a-0550"
                     ecep:lem="though"
                     ecep:pos="c-acp"
                     ecep:reg="Though"
                     ecep:spe="Tho'"
                     ecep:syllab="1"
                     ecep:pron="ðəʊ">Tho'</w>
                  <c> </c>
                  <w xml:id="oar96-065370"
                     n="30-a-0560"
                     ecep:lem="death"
                     ecep:pos="n1"
                     ecep:reg="Death"
                     ecep:spe="Death"
                     ecep:syllab="1"
                     ecep:pron="deθ">Death</w>
                  <c> </c>
                  <w xml:id="oar96-065380"
                     n="30-a-0570"
                     ecep:lem="shall"
                     ecep:pos="vmd"
                     ecep:reg="should"
                     ecep:spe="shou'd"
                     ecep:syllab="1"
                     ecep:pron="ʃʊd">shou'd</w>
                  <c> </c>
                  <w xml:id="oar96-065390"
                     n="30-a-0580"
                     ecep:lem="pass"
                     ecep:pos="vvi"
                     ecep:reg="pass"
                     ecep:spe="pass"
                     ecep:syllab="1"
                     ecep:pron="pɑːs">pass</w>
                  <c> </c>
                  <w xml:id="oar96-065400"
                     n="30-a-0590"
                     ecep:lem="the"
                     ecep:pos="dt"
                     ecep:reg="the"
                     ecep:spe="the"
                     ecep:syllab="1"
                     ecep:pron="ðiː">the</w>
                  <c> </c>
                  <w xml:id="oar96-065410"
                     n="30-a-0600"
                     ecep:lem="beauteous"
                     ecep:pos="j"
                     ecep:reg="beauteous"
                     ecep:spe="beauteous"
                     ecep:syllab="2"
                     ecep:pron="ˈbjuːtiəs">beauteous</w>
                  <c> </c>
                  <w xml:id="oar96-065420"
                     n="30-a-0610"
                     ecep:lem="flourisher"
                     ecep:pos="n1"
                     ecep:reg="Flourisher"
                     ecep:spe="Flourisher"
                     ecep:syllab="3"
                     ecep:pron="ˈflʌrɪʃə">Flourisher</w>
                  <pc xml:id="oar96-065430"
                      n="30-a-0620"
                      ecep:lem=","
                      ecep:pos=","
                      ecep:reg=","
                      ecep:spe=",">,</pc>
               </l>
               <l xml:id="oar96-l02510">
                  <c> </c>
                  <w xml:id="oar96-065440"
                     n="30-a-0630"
                     ecep:lem="advance"
                     ecep:pos="vvg"
                     ecep:reg="Advancing"
                     ecep:spe="Advancing"
                     ecep:syllab="3"
                     ecep:pron="ədˈvɑːnsɪŋ">Advancing</w>
                  <c> </c>
                  <w xml:id="oar96-065450"
                     n="30-a-0640"
                     ecep:lem="time"
                     ecep:pos="n1"
                     ecep:reg="Time"
                     ecep:spe="Time"
                     ecep:syllab="1"
                     ecep:pron="taɪm">Time</w>
                  <c> </c>
                  <w xml:id="oar96-065460"
                     n="30-a-0650"
                     ecep:lem="will"
                     ecep:pos="vmd"
                     ecep:reg="would"
                     ecep:spe="wou'd"
                     ecep:syllab="1"
                     ecep:pron="wʊd">wou'd</w>
                  <c> </c>
                  <w xml:id="oar96-065470"
                     n="30-a-0660"
                     ecep:lem="all"
                     ecep:pos="d"
                     ecep:reg="all"
                     ecep:spe="all"
                     ecep:syllab="1"
                     ecep:pron="ɔːl">all</w>
                  <c> </c>
                  <w xml:id="oar96-065480"
                     n="30-a-0670"
                     ecep:lem="its"
                     ecep:pos="po31"
                     ecep:reg="its"
                     ecep:spe="its"
                     ecep:syllab="1"
                     ecep:pron="ɪts">its</w>
                  <c> </c>
                  <w xml:id="oar96-065490"
                     n="30-a-0680"
                     ecep:lem="glory"
                     ecep:pos="n1"
                     ecep:reg="Glory"
                     ecep:spe="Glory"
                     ecep:syllab="2"
                     ecep:pron="ˈglɔːri">Glory</w>
                  <c> </c>
                  <w xml:id="oar96-065500"
                     n="30-a-0690"
                     ecep:lem="mar"
                     ecep:pos="vvi"
                     ecep:reg="mar"
                     ecep:spe="marr"
                     ecep:syllab="1"
                     ecep:pron="ˈmɑː">marr</w>
                  <pc xml:id="oar96-065510"
                      n="30-a-0700"
                      unit="sentence"
                      ecep:lem="."
                      ecep:pos="."
                      ecep:reg="."
                      ecep:spe=".">.</pc>
                  <c> </c>
               </l>
               <l xml:id="oar96-l02515">
                  <w xml:id="oar96-065520"
                     n="30-a-0710"
                     ecep:lem="what"
                     ecep:pos="q-crq"
                     ecep:reg="What"
                     ecep:spe="What"
                     ecep:syllab="1"
                     ecep:pron="wɒt">What</w>
                  <c> </c>
                  <w xml:id="oar96-065530"
                     n="30-a-0720"
                     ecep:lem="if"
                     ecep:pos="cs"
                     ecep:reg="if"
                     ecep:spe="if"
                     ecep:syllab="1"
                     ecep:pron="ɪf">if</w>
                  <c> </c>
                  <w xml:id="oar96-065540"
                     n="30-a-0730"
                     ecep:lem="the"
                     ecep:pos="dt"
                     ecep:reg="the"
                     ecep:spe="the"
                     ecep:syllab="1"
                     ecep:pron="ðiː">the</w>
                  <c> </c>
                  <w xml:id="oar96-065550"
                     n="30-a-0740"
                     ecep:lem="muse"
                     ecep:pos="n2"
                     ecep:reg="Muses"
                     ecep:spe="Muses"
                     ecep:syllab="2"
                     ecep:pron="mjuːzɪz">Muses</w>
                  <c> </c>
                  <w xml:id="oar96-065560"
                     n="30-a-0750"
                     ecep:lem="loud"
                     ecep:pos="av-j"
                     ecep:reg="loudly"
                     ecep:spe="loudly"
                     ecep:syllab="2"
                     ecep:pron="laʊdli">loudly</w>
                  <c> </c>
                  <w xml:id="oar96-065570"
                     n="30-a-0760"
                     ecep:lem="sing"
                     ecep:pos="vvd"
                     ecep:reg="sang"
                     ecep:spe="sang"
                     ecep:syllab="1"
                     ecep:pron="sæŋ">sang</w>
                  <c> </c>
                  <w xml:id="oar96-065580"
                     n="30-a-0770"
                     ecep:lem="my"
                     ecep:pos="po11"
                     ecep:reg="my"
                     ecep:spe="my"
                     ecep:syllab="1"
                     ecep:pron="maɪ">my</w>
                  <c> </c>
                  <w xml:id="oar96-065590"
                     n="30-a-0780"
                     ecep:lem="fame"
                     ecep:pos="n1"
                     ecep:reg="Fame"
                     ecep:spe="Fame"
                     ecep:syllab="1"
                     ecep:pron="feɪm">Fame</w>
                  <pc xml:id="oar96-065600"
                      n="30-a-0790"
                      ecep:lem=","
                      ecep:pos=","
                      ecep:reg=","
                      ecep:spe=",">,</pc>
               </l>
               <l xml:id="oar96-l02520">
                  <c> </c>
                  <w xml:id="oar96-065610"
                     n="30-a-0800"
                     ecep:lem="the"
                     ecep:pos="dt"
                     ecep:reg="The"
                     ecep:spe="The"
                     ecep:syllab="1"
                     ecep:pron="ðiː">The</w>
                  <c> </c>
                  <w xml:id="oar96-065620"
                     n="30-a-0810"
                     ecep:lem="barren"
                     ecep:pos="j"
                     ecep:reg="barren"
                     ecep:spe="barren"
                     ecep:syllab="2"
                     ecep:pron="ˈbærn">barren</w>
                  <c> </c>
                  <w xml:id="oar96-065630"
                     n="30-a-0820"
                     ecep:lem="mountain"
                     ecep:pos="n2"
                     ecep:reg="Mountains"
                     ecep:spe="Mountains"
                     ecep:syllab="2"
                     ecep:pron="ˈmaʊntɪnz">Mountains</w>
                  <c> </c>
                  <w xml:id="oar96-065640"
                     n="30-a-0830"
                     ecep:lem="echo"
                     ecep:pos="vvg"
                     ecep:reg="echoing"
                     ecep:spe="ecchoing"
                     ecep:syllab="2"
                     ecep:pron="ˈekəʊɪŋ">ecchoing</w>
                  <c> </c>
                  <w xml:id="oar96-065650"
                     n="30-a-0840"
                     ecep:lem="with"
                     ecep:pos="p-acp"
                     ecep:reg="with"
                     ecep:spe="with"
                     ecep:syllab="1"
                     ecep:pron="wɪð">with</w>
                  <c> </c>
                  <w xml:id="oar96-065660"
                     n="30-a-0850"
                     ecep:lem="my"
                     ecep:pos="po11"
                     ecep:reg="my"
                     ecep:spe="my"
                     ecep:syllab="1"
                     ecep:pron="maɪ">my</w>
                  <c> </c>
                  <w xml:id="oar96-065670"
                     n="30-a-0860"
                     ecep:lem="name"
                     ecep:pos="n1"
                     ecep:reg="Name"
                     ecep:spe="Name"
                     ecep:syllab="1"
                     ecep:pron="neɪm">Name</w>
                  <pc xml:id="oar96-065680"
                      n="30-a-0870"
                      unit="sentence"
                      ecep:lem="?"
                      ecep:pos="?"
                      ecep:reg="?"
                      ecep:spe="?">?</pc>
                  <c> </c>
               </l>
               <l xml:id="oar96-l02525">
                  <w xml:id="oar96-065690"
                     n="30-a-0880"
                     ecep:lem="a"
                     ecep:pos="dt"
                     ecep:reg="An"
                     ecep:spe="An"
                     ecep:syllab="1"
                     ecep:pron="æn">An</w>
                  <c> </c>
                  <w xml:id="oar96-065700"
                     n="30-a-0890"
                     ecep:lem="envious"
                     ecep:pos="j"
                     ecep:reg="envious"
                     ecep:spe="envious"
                     ecep:syllab="2"
                     ecep:pron="ˈenviəs">envious</w>
                  <c> </c>
                  <w xml:id="oar96-065710"
                     n="30-a-0900"
                     ecep:lem="puff"
                     ecep:pos="n1"
                     ecep:reg="puff"
                     ecep:spe="puff"
                     ecep:syllab="1"
                     ecep:pron="pʌf">puff</w>
                  <c> </c>
                  <w xml:id="oar96-065720"
                     n="30-a-0910"
                     ecep:lem="may"
                     ecep:pos="vmd"
                     ecep:reg="might"
                     ecep:spe="might"
                     ecep:syllab="1"
                     ecep:pron="maɪt">might</w>
                  <c> </c>
                  <w xml:id="oar96-065730"
                     n="30-a-0920"
                     ecep:lem="blast"
                     ecep:pos="vvi"
                     ecep:reg="blast"
                     ecep:spe="blast"
                     ecep:syllab="1"
                     ecep:pron="blɑːst">blast</w>
                  <c> </c>
                  <w xml:id="oar96-065740"
                     n="30-a-0930"
                     ecep:lem="the"
                     ecep:pos="dt"
                     ecep:reg="the"
                     ecep:spe="the"
                     ecep:syllab="1"
                     ecep:pron="ðiː">the</w>
                  <c> </c>
                  <w xml:id="oar96-065750"
                     n="30-a-0940"
                     ecep:lem="rise"
                     ecep:pos="j-vvg"
                     ecep:reg="rising"
                     ecep:spe="rising"
                     ecep:syllab="2"
                     ecep:pron="ˈraɪzɪŋ">rising</w>
                  <c> </c>
                  <w xml:id="oar96-065760"
                     n="30-a-0950"
                     ecep:lem="pride"
                     ecep:pos="n1"
                     ecep:reg="Pride"
                     ecep:spe="Pride"
                     ecep:syllab="1"
                     ecep:pron="praɪd">Pride</w>
                  <pc xml:id="oar96-065770"
                      n="30-a-0960"
                      unit="sentence"
                      ecep:lem="."
                      ecep:pos="."
                      ecep:reg="."
                      ecep:spe=".">.</pc>
                  <c> </c>
               </l>
               <l xml:id="oar96-l02530">
                  <w xml:id="oar96-065780"
                     n="30-a-0970"
                     ecep:lem="and"
                     ecep:pos="cc"
                     ecep:reg="And"
                     ecep:spe="And"
                     ecep:syllab="1"
                     ecep:pron="ænd">And</w>
                  <c> </c>
                  <w xml:id="oar96-065790"
                     n="30-a-0980"
                     ecep:lem="all"
                     ecep:pos="d"
                     ecep:reg="all"
                     ecep:spe="all"
                     ecep:syllab="1"
                     ecep:pron="ɔːl">all</w>
                  <c> </c>
                  <w xml:id="oar96-065800"
                     n="30-a-0990"
                     ecep:lem="its"
                     ecep:pos="po31"
                     ecep:reg="its"
                     ecep:spe="its"
                     ecep:syllab="1"
                     ecep:pron="ɪts">its</w>
                  <c> </c>
                  <w xml:id="oar96-065810"
                     n="30-a-1000"
                     ecep:lem="bright"
                     ecep:pos="j"
                     ecep:reg="bright"
                     ecep:spe="bright"
                     ecep:syllab="1"
                     ecep:pron="braɪt">bright</w>
                  <c> </c>
                  <w xml:id="oar96-065820"
                     n="30-a-1010"
                     ecep:lem="conspicuous"
                     ecep:pos="j"
                     ecep:reg="conspicuous"
                     ecep:spe="conspicuous"
                     ecep:syllab="4"
                     ecep:pron="kənˈspɪkjuəs">conspicuous</w>
                  <c> </c>
                  <w xml:id="oar96-065830"
                     n="30-a-1020"
                     ecep:lem="lustre"
                     ecep:pos="n1"
                     ecep:reg="Lustre"
                     ecep:spe="Lustre"
                     ecep:syllab="2"
                     ecep:pron="ˈlʌstə">Lustre</w>
                  <c> </c>
                  <w xml:id="oar96-065840"
                     n="30-a-1030"
                     ecep:lem="hide"
                     ecep:pos="vvi"
                     ecep:reg="hide"
                     ecep:spe="hide"
                     ecep:syllab="1"
                     ecep:pron="haɪd">hide</w>
                  <pc xml:id="oar96-065850"
                      n="30-a-1040"
                      unit="sentence"
                      ecep:lem="."
                      ecep:pos="."
                      ecep:reg="."
                      ecep:spe=".">.</pc>
                  <c> </c>
               </l>
               <l xml:id="oar96-l02535">
                  <w xml:id="oar96-065860"
                     n="30-a-1050"
                     ecep:lem="if"
                     ecep:pos="cs"
                     ecep:reg="If"
                     ecep:spe="If"
                     ecep:syllab="1"
                     ecep:pron="ɪf">If</w>
                  <c> </c>
                  <w xml:id="oar96-065870"
                     n="30-a-1060"
                     ecep:lem="over"
                     ecep:pos="p-acp"
                     ecep:reg="over"
                     ecep:spe="o're"
                     ecep:syllab="1"
                     ecep:pron="əʊrˈiː">o're</w>
                  <c> </c>
                  <w xml:id="oar96-065880"
                     n="30-a-1070"
                     ecep:lem="my"
                     ecep:pos="po11"
                     ecep:reg="my"
                     ecep:spe="my"
                     ecep:syllab="1"
                     ecep:pron="maɪ">my</w>
                  <c> </c>
                  <w xml:id="oar96-065890"
                     n="30-a-1080"
                     ecep:lem="relic"
                     ecep:pos="n2"
                     ecep:reg="Relics"
                     ecep:spe="Relicks"
                     ecep:syllab="2"
                     ecep:pron="ˈrelɪks">Relicks</w>
                  <c> </c>
                  <w xml:id="oar96-065900"
                     n="30-a-1090"
                     ecep:lem="monument"
                     ecep:pos="n2"
                     ecep:reg="Monuments"
                     ecep:spe="Monuments"
                     ecep:syllab="3"
                     ecep:pron="ˈmɒnjəmənts">Monuments</w>
                  <c> </c>
                  <w xml:id="oar96-065910"
                     n="30-a-1100"
                     ecep:lem="they"
                     ecep:pos="pns32"
                     ecep:reg="they"
                     ecep:spe="they"
                     ecep:syllab="1"
                     ecep:pron="ðeɪ">they</w>
                  <c> </c>
                  <w xml:id="oar96-065920"
                     n="30-a-1110"
                     ecep:lem="raise"
                     ecep:pos="vvi"
                     ecep:reg="raise"
                     ecep:spe="raise"
                     ecep:syllab="1"
                     ecep:pron="reɪz">raise</w>
               </l>
               <l xml:id="oar96-l02540">
                  <c> </c>
                  <w xml:id="oar96-065930"
                     n="30-a-1120"
                     ecep:lem="and"
                     ecep:pos="cc"
                     ecep:reg="And"
                     ecep:spe="And"
                     ecep:syllab="1"
                     ecep:pron="ænd">And</w>
                  <c> </c>
                  <w xml:id="oar96-065940"
                     n="30-a-1130"
                     ecep:lem="fill"
                     ecep:pos="vvi"
                     ecep:reg="fill"
                     ecep:spe="fill"
                     ecep:syllab="1"
                     ecep:pron="fɪl">fill</w>
                  <c> </c>
                  <w xml:id="oar96-065950"
                     n="30-a-1140"
                     ecep:lem="the"
                     ecep:pos="dt"
                     ecep:reg="the"
                     ecep:spe="the"
                     ecep:syllab="1"
                     ecep:pron="ðiː">the</w>
                  <c> </c>
                  <w xml:id="oar96-065960"
                     n="30-a-1150"
                     ecep:lem="world"
                     ecep:pos="n1"
                     ecep:reg="World"
                     ecep:spe="World"
                     ecep:syllab="1"
                     ecep:pron="wɜːld">World</w>
                  <c> </c>
                  <w xml:id="oar96-065970"
                     n="30-a-1160"
                     ecep:lem="with"
                     ecep:pos="p-acp"
                     ecep:reg="with"
                     ecep:spe="with"
                     ecep:syllab="1"
                     ecep:pron="wɪð">with</w>
                  <c> </c>
                  <w xml:id="oar96-065980"
                     n="30-a-1170"
                     ecep:lem="flattery"
                     ecep:pos="n1"
                     ecep:reg="Flattery"
                     ecep:spe="Flattery"
                     ecep:syllab="3"
                     ecep:pron="ˈflætri">Flattery</w>
                  <pc xml:id="oar96-065990"
                      n="30-a-1180"
                      ecep:lem=","
                      ecep:pos=","
                      ecep:reg=","
                      ecep:spe=",">,</pc>
                  <c> </c>
                  <w xml:id="oar96-066000"
                     n="30-a-1190"
                     ecep:lem="or"
                     ecep:pos="cc"
                     ecep:reg="or"
                     ecep:spe="or"
                     ecep:syllab="1"
                     ecep:pron="ɔː">or</w>
                  <c> </c>
                  <w xml:id="oar96-066010"
                     n="30-a-1200"
                     ecep:lem="with"
                     ecep:pos="p-acp"
                     ecep:reg="with"
                     ecep:spe="with"
                     ecep:syllab="1"
                     ecep:pron="wɪð">with</w>
                  <c> </c>
                  <w xml:id="oar96-066020"
                     n="30-a-1210"
                     ecep:lem="praise"
                     ecep:pos="n1"
                     ecep:reg="Praise"
                     ecep:spe="Praise"
                     ecep:syllab="1"
                     ecep:pron="preɪz">Praise</w>
                  <pc xml:id="oar96-066030"
                      n="30-a-1220"
                      ecep:lem=","
                      ecep:pos=","
                      ecep:reg=","
                      ecep:spe=",">,</pc>
               </l>
               <l xml:id="oar96-l02545">
                  <c> </c>
                  <w xml:id="oar96-066040"
                     n="30-a-1230"
                     ecep:lem="what"
                     ecep:pos="q-crq"
                     ecep:reg="What"
                     ecep:spe="What"
                     ecep:syllab="1"
                     ecep:pron="wɒt">What</w>
                  <c> </c>
                  <w xml:id="oar96-066050"
                     n="30-a-1240"
                     ecep:lem="will"
                     ecep:pos="vmd"
                     ecep:reg="would"
                     ecep:spe="wou'd"
                     ecep:syllab="1"
                     ecep:pron="wʊd">wou'd</w>
                  <c> </c>
                  <w xml:id="oar96-066060"
                     n="30-a-1250"
                     ecep:lem="they"
                     ecep:pos="pns32"
                     ecep:reg="they"
                     ecep:spe="they"
                     ecep:syllab="1"
                     ecep:pron="ðeɪ">they</w>
                  <c> </c>
                  <w xml:id="oar96-066070"
                     n="30-a-1260"
                     ecep:lem="all"
                     ecep:pos="d"
                     ecep:reg="all"
                     ecep:spe="all"
                     ecep:syllab="1"
                     ecep:pron="ɔːl">all</w>
                  <c> </c>
                  <w xml:id="oar96-066080"
                     n="30-a-1270"
                     ecep:lem="avail"
                     ecep:pos="vvi"
                     ecep:reg="avail"
                     ecep:spe="avail"
                     ecep:syllab="2"
                     ecep:pron="əˈveɪl">avail</w>
                  <pc xml:id="oar96-066090"
                      n="30-a-1280"
                      ecep:lem=","
                      ecep:pos=","
                      ecep:reg=","
                      ecep:spe=",">,</pc>
                  <c> </c>
                  <w xml:id="oar96-066100"
                     n="30-a-1290"
                     ecep:lem="if"
                     ecep:pos="cs"
                     ecep:reg="if"
                     ecep:spe="if"
                     ecep:syllab="1"
                     ecep:pron="ɪf">if</w>
                  <c> </c>
                  <w xml:id="oar96-066110"
                     n="30-a-1300"
                     ecep:lem="sink"
                     ecep:pos="vvb"
                     ecep:reg="sink"
                     ecep:spe="sink"
                     ecep:syllab="1"
                     ecep:pron="sɪŋk">sink</w>
                  <c> </c>
                  <w xml:id="oar96-066120"
                     n="30-a-1310"
                     ecep:lem="i"
                     ecep:pos="pns11"
                     ecep:reg="I"
                     ecep:spe="I"
                     ecep:syllab="1"
                     ecep:pron="aɪ">I</w>
                  <c> </c>
                  <w xml:id="oar96-066130"
                     n="30-a-1320"
                     ecep:lem="must"
                     ecep:pos="vmb"
                     ecep:reg="must"
                     ecep:spe="must"
                     ecep:syllab="1"
                     ecep:pron="mʌst">must</w>
                  <pc xml:id="oar96-066140"
                      n="30-a-1330"
                      ecep:lem=","
                      ecep:pos=","
                      ecep:reg=","
                      ecep:spe=",">,</pc>
               </l>
               <l ana="#iamb #hexameter"
                  ecep:syllab="12"
                  real="-+|-+|-+|-+|-+|-+/"
                  xml:id="oar96-l02550">
                  <c> </c>
                  <w xml:id="oar96-066150"
                     n="30-a-1340"
                     ecep:lem="my"
                     ecep:pos="po11"
                     ecep:reg="My"
                     ecep:spe="My"
                     ecep:syllab="1"
                     ecep:pron="maɪ">My</w>
                  <c> </c>
                  <w xml:id="oar96-066160"
                     n="30-a-1350"
                     ecep:lem="soul"
                     ecep:pos="n1"
                     ecep:reg="Soul"
                     ecep:spe="Soul"
                     ecep:syllab="1"
                     ecep:pron="səʊl">Soul</w>
                  <c> </c>
                  <w xml:id="oar96-066170"
                     n="30-a-1360"
                     ecep:lem="to"
                     ecep:pos="p-acp"
                     ecep:reg="to"
                     ecep:spe="to"
                     ecep:syllab="1"
                     ecep:pron="tuː">to</w>
                  <c> </c>
                  <w xml:id="oar96-066180"
                     n="30-a-1370"
                     ecep:lem="endless"
                     ecep:pos="j"
                     ecep:reg="endless"
                     ecep:spe="endless"
                     ecep:syllab="2"
                     ecep:pron="ˈendləs">endless</w>
                  <c> </c>
                  <w xml:id="oar96-066190"
                     n="30-a-1380"
                     ecep:lem="shade"
                     ecep:pos="n2"
                     ecep:reg="shades"
                     ecep:spe="shades"
                     ecep:syllab="1"
                     ecep:pron="ʃeɪdz">shades</w>
                  <pc xml:id="oar96-066200"
                      n="30-a-1390"
                      ecep:lem=","
                      ecep:pos=","
                      ecep:reg=","
                      ecep:spe=",">,</pc>
                  <c> </c>
                  <w xml:id="oar96-066210"
                     n="30-a-1400"
                     ecep:lem="my"
                     ecep:pos="po11"
                     ecep:reg="my"
                     ecep:spe="my"
                     ecep:syllab="1"
                     ecep:pron="maɪ">my</w>
                  <c> </c>
                  <w xml:id="oar96-066220"
                     n="30-a-1410"
                     ecep:lem="body"
                     ecep:pos="n1"
                     ecep:reg="Body"
                     ecep:spe="Body"
                     ecep:syllab="2"
                     ecep:pron="ˈbɒdi">Body</w>
                  <c> </c>
                  <w xml:id="oar96-066230"
                     n="30-a-1420"
                     ecep:lem="to"
                     ecep:pos="p-acp"
                     ecep:reg="to"
                     ecep:spe="to"
                     ecep:syllab="1"
                     ecep:pron="tuː">to</w>
                  <c> </c>
                  <w xml:id="oar96-066240"
                     n="30-a-1430"
                     ecep:lem="the"
                     ecep:pos="dt"
                     ecep:reg="the"
                     ecep:spe="the"
                     ecep:syllab="1"
                     ecep:pron="ðiː">the</w>
                  <c> </c>
                  <w xml:id="oar96-066250"
                     n="30-a-1440"
                     ecep:lem="dust"
                     ecep:pos="n1"
                     ecep:reg="dust"
                     ecep:spe="dust"
                     ecep:syllab="1"
                     ecep:pron="dʌst">dust</w>
                  <pc xml:id="oar96-066260"
                      n="30-a-1450"
                      unit="sentence"
                      ecep:lem="?"
                      ecep:pos="?"
                      ecep:reg="?"
                      ecep:spe="?">?</pc>
                  <c> </c>
               </l>
            </lg>
         </div>
      </body>
   </text>
</TEI>
