<?xml version="1.0" encoding="UTF-8"?>
<?xml-model href="../tei_all.rnc" type="application/relax-ng-compact-syntax"?>
<TEI xmlns="http://www.tei-c.org/ns/1.0">
   <teiHeader>
      <fileDesc>
         <titleStmt>
            <title corresp="#txt_BlamSu1747_w0077">I AM OF A TEMPER FIXED AS A DECREE.</title>
            <author corresp="authors.xml#aut_BlamSu1747">Susanna Blamire</author>
            <respStmt>
               <name xml:id="AH">Alexander Huber</name>
               <resp>Editor</resp>
            </respStmt>
            <funder>
               <name type="institution" xml:id="BOD">Bodleian Libraries, University of Oxford</name>
               <address>
                  <addrLine>Broad Street</addrLine>
                  <addrLine>Oxford OX1 3BG</addrLine>
                  <addrLine>UK</addrLine>
               </address>
            </funder>
         </titleStmt>
         <publicationStmt>
            <publisher xml:id="ECPA">Eighteenth-Century Poetry Archive</publisher>
            <address>
               <addrLine>Taylor Institution Library</addrLine>
               <addrLine>St Giles'</addrLine>
               <addrLine>Oxford OX1 3NA</addrLine>
               <addrLine>UK</addrLine>
               <addrLine>
                  <email>info@eighteenthcenturypoetry.org</email>
               </addrLine>
               <addrLine>
                  <ref target="https://www.eighteenthcenturypoetry.org/">https://www.eighteenthcenturypoetry.org/</ref>
               </addrLine>
            </address>
            <pubPlace>Oxford</pubPlace>
            <availability status="restricted">
               <licence target="http://creativecommons.org/licenses/by-sa/3.0/">This work is licensed under a Creative Commons Attribution-ShareAlike 3.0 Unported License.</licence>
            </availability>
         </publicationStmt>
         <sourceDesc>
            <bibl>
               <author>Blamire, Susanna, 1747-1794.</author>
               <title>The Poetical Works of Miss Susanna Blamire “The muse of Cumberland.” Now for the first time collected by Henry Lonsdale, M.D. with a preface, memoir, and notes by Patrick Maxwell, ...</title>
               <pubPlace>Edinburgh</pubPlace>
               <publisher>John Menzies, 61 Princes Street; R. Tyas, London; D. Robertson, Glasgow; and C. Thurnam, Carlisle. MDCCCXLII.</publisher>
               <date>1842</date>
               <biblScope>p. 243.</biblScope>
               <extent/>
            </bibl>
         </sourceDesc>
      </fileDesc>
      <encodingDesc>
         <projectDesc>
            <p>This e-text is part of the Works section of the Eighteenth-Century Poetry Archive (ECPA).</p>
            <p>XML created for the Eighteenth-Century Poetry Archive (ECPA).</p>
         </projectDesc>
         <editorialDecl>
            <p>Typography, spelling, capitalization, and punctuation have been cautiously modernized. The source of the text is given and all significant
						editorial interventions have been recorded in textual notes. This  text has been edited to conform to the recommendations found 
						in Level 5 of the
						Best Practices for TEI in Libraries version 4.0.0.
					</p>
         </editorialDecl>
         <classDecl>
            <taxonomy xml:id="LCNAF">
               <bibl>Library of Congress Name Authority File (<abbr>LCNAF</abbr>)</bibl>
            </taxonomy>
         </classDecl>
         <tagsDecl>
            <rendition n="linegroups indented" xml:id="lgindent" scheme="css">text-indent: 1em;</rendition>
            <rendition n="linegroups vertically spaced" xml:id="lgvspace" scheme="css">margin-bottom: 1em;</rendition>
            <rendition n="aligned centrally" xml:id="align-center" scheme="css">text-align: center;</rendition>
            <rendition n="aligned right" xml:id="align-right" scheme="css">text-align: right;</rendition>
            <rendition n="aligned left" xml:id="align-left" scheme="css">text-align: left;</rendition>
            <rendition n="inline" xml:id="inline" scheme="css">display: inline</rendition>
            <rendition n="italic" xml:id="i" scheme="css">font-style: italic;</rendition>
            <rendition n="bold" xml:id="b" scheme="css">font-weight: bold;</rendition>
         </tagsDecl>
      </encodingDesc>
   </teiHeader>
   <text>
      <body>
         <div xmlns:ecep="http://www.eighteenthcenturypoetry.org/ns"
              ana="#anapaest #tetrameter #pair #sestet #song"
              corresp="#txt_BlamSu1747_w0077"
              decls="#semi-normalized"
              ecep:syllab="12.12.12.12.12.12"
              met="--+|--+|--+|--+/ --+|--+|--+|--+/ --+|--+|--+|--+/ --+|--+|--+|--+/ --+|--+|--+|--+/ --+|--+|--+|--+/"
              rendition="#lgvspace"
              rhyme="aabbcc"
              subtype="eceptext"
              type="poem"
              xml:id="bsb18-w0770">
            <link target="authors.xml#aut_BlamSu1747" type="author"/>
            <head type="main">
               <w xmlns:ecep="http://www.eighteenthcenturypoetry.org/ns"
                  xml:id="bsb18-689600"
                  n="a-0010"
                  ecep:lem="i"
                  ecep:pos="pns11"
                  ecep:reg="I"
                  ecep:spe="I"
                  ecep:syllab="1"
                  ecep:pron="aɪ">I</w>
               <c> </c>
               <w xmlns:ecep="http://www.eighteenthcenturypoetry.org/ns"
                  xml:id="bsb18-689610"
                  n="a-0020"
                  ecep:lem="be"
                  ecep:pos="vbm"
                  ecep:reg="AM"
                  ecep:spe="AM"
                  ecep:syllab="1"
                  ecep:pron="æm">AM</w>
               <c> </c>
               <w xmlns:ecep="http://www.eighteenthcenturypoetry.org/ns"
                  xml:id="bsb18-689620"
                  n="a-0030"
                  ecep:lem="of"
                  ecep:pos="pp-f"
                  ecep:reg="OF"
                  ecep:spe="OF"
                  ecep:syllab="1"
                  ecep:pron="ɒv">OF</w>
               <c> </c>
               <w xmlns:ecep="http://www.eighteenthcenturypoetry.org/ns"
                  xml:id="bsb18-689630"
                  n="a-0040"
                  ecep:lem="a"
                  ecep:pos="dt"
                  ecep:reg="A"
                  ecep:spe="A"
                  ecep:syllab="1"
                  ecep:pron="ə">A</w>
               <c> </c>
               <w xmlns:ecep="http://www.eighteenthcenturypoetry.org/ns"
                  xml:id="bsb18-689640"
                  n="a-0050"
                  ecep:lem="temper"
                  ecep:pos="n1"
                  ecep:reg="TEMPER"
                  ecep:spe="TEMPER"
                  ecep:syllab="2"
                  ecep:pron="ˈtempə">TEMPER</w>
               <c> </c>
               <w xmlns:ecep="http://www.eighteenthcenturypoetry.org/ns"
                  xml:id="bsb18-689650"
                  n="a-0060"
                  ecep:lem="fix"
                  ecep:pos="vvn"
                  ecep:reg="FIXED"
                  ecep:spe="FIXED"
                  ecep:syllab="1"
                  ecep:pron="fɪkst">FIXED</w>
               <c> </c>
               <w xmlns:ecep="http://www.eighteenthcenturypoetry.org/ns"
                  xml:id="bsb18-689660"
                  n="a-0070"
                  ecep:lem="as"
                  ecep:pos="a-acp"
                  ecep:reg="AS"
                  ecep:spe="AS"
                  ecep:syllab="1"
                  ecep:pron="æz">AS</w>
               <c> </c>
               <w xmlns:ecep="http://www.eighteenthcenturypoetry.org/ns"
                  xml:id="bsb18-689670"
                  n="a-0080"
                  ecep:lem="a"
                  ecep:pos="dt"
                  ecep:reg="A"
                  ecep:spe="A"
                  ecep:syllab="1"
                  ecep:pron="ə">A</w>
               <c> </c>
               <w xmlns:ecep="http://www.eighteenthcenturypoetry.org/ns"
                  xml:id="bsb18-689680"
                  n="a-0090"
                  ecep:lem="decree"
                  ecep:pos="n1"
                  ecep:reg="DECREE"
                  ecep:spe="DECREE"
                  ecep:syllab="2"
                  ecep:pron="dɪˈkriː">DECREE</w>
               <pc xmlns:ecep="http://www.eighteenthcenturypoetry.org/ns"
                   xml:id="bsb18-689690"
                   n="a-0100"
                   unit="sentence"
                   ecep:lem="."
                   ecep:pos="."
                   ecep:reg="."
                   ecep:spe=".">.</pc>
            </head>
            <lg xml:id="bsb18-s02030">
               <l xml:id="bsb18-l31130">
                  <w xmlns:ecep="http://www.eighteenthcenturypoetry.org/ns"
                     xml:id="bsb18-689720"
                     n="a-0110"
                     ecep:lem="i"
                     ecep:pos="pns11"
                     ecep:reg="I"
                     ecep:spe="I"
                     ecep:syllab="1"
                     ecep:pron="aɪ">I</w>
                  <c> </c>
                  <w xmlns:ecep="http://www.eighteenthcenturypoetry.org/ns"
                     xml:id="bsb18-689730"
                     n="a-0120"
                     ecep:lem="be"
                     ecep:pos="vbm"
                     ecep:reg="AM"
                     ecep:spe="AM"
                     ecep:syllab="1"
                     ecep:pron="æm">AM</w>
                  <c> </c>
                  <w xmlns:ecep="http://www.eighteenthcenturypoetry.org/ns"
                     xml:id="bsb18-689740"
                     n="a-0130"
                     ecep:lem="of"
                     ecep:pos="pp-f"
                     ecep:reg="of"
                     ecep:spe="of"
                     ecep:syllab="1"
                     ecep:pron="ɒv">of</w>
                  <c> </c>
                  <w xmlns:ecep="http://www.eighteenthcenturypoetry.org/ns"
                     xml:id="bsb18-689750"
                     n="a-0140"
                     ecep:lem="a"
                     ecep:pos="dt"
                     ecep:reg="a"
                     ecep:spe="a"
                     ecep:syllab="1"
                     ecep:pron="ə">a</w>
                  <c> </c>
                  <w xmlns:ecep="http://www.eighteenthcenturypoetry.org/ns"
                     xml:id="bsb18-689760"
                     n="a-0150"
                     ecep:lem="temper"
                     ecep:pos="n1"
                     ecep:reg="temper"
                     ecep:spe="temper"
                     ecep:syllab="2"
                     ecep:pron="ˈtempə">temper</w>
                  <c> </c>
                  <w xmlns:ecep="http://www.eighteenthcenturypoetry.org/ns"
                     xml:id="bsb18-689770"
                     n="a-0160"
                     ecep:lem="fix"
                     ecep:pos="vvn"
                     ecep:reg="fixed"
                     ecep:spe="fixed"
                     ecep:syllab="1"
                     ecep:pron="fɪkst">fixed</w>
                  <c> </c>
                  <w xmlns:ecep="http://www.eighteenthcenturypoetry.org/ns"
                     xml:id="bsb18-689780"
                     n="a-0170"
                     ecep:lem="as"
                     ecep:pos="p-acp"
                     ecep:reg="as"
                     ecep:spe="as"
                     ecep:syllab="1"
                     ecep:pron="æz">as</w>
                  <c> </c>
                  <w xmlns:ecep="http://www.eighteenthcenturypoetry.org/ns"
                     xml:id="bsb18-689790"
                     n="a-0180"
                     ecep:lem="a"
                     ecep:pos="dt"
                     ecep:reg="a"
                     ecep:spe="a"
                     ecep:syllab="1"
                     ecep:pron="ə">a</w>
                  <c> </c>
                  <w xmlns:ecep="http://www.eighteenthcenturypoetry.org/ns"
                     xml:id="bsb18-689800"
                     n="a-0190"
                     ecep:lem="decree"
                     ecep:pos="n1"
                     ecep:reg="decree"
                     ecep:spe="decree"
                     ecep:syllab="2"
                     ecep:pron="dɪˈkriː">decree</w>
                  <pc xmlns:ecep="http://www.eighteenthcenturypoetry.org/ns"
                      xml:id="bsb18-689810"
                      n="a-0200"
                      ecep:lem=","
                      ecep:pos=","
                      ecep:reg=","
                      ecep:spe=",">,</pc>
               </l>
               <l xml:id="bsb18-l31135">
                  <c> </c>
                  <w xmlns:ecep="http://www.eighteenthcenturypoetry.org/ns"
                     xml:id="bsb18-689820"
                     n="a-0210"
                     ecep:lem="resolve"
                     ecep:pos="vvn"
                     ecep:reg="Resolved"
                     ecep:spe="Resolv'd"
                     ecep:syllab="2"
                     ecep:pron="rɪˈzɒlvd">Resolv'd</w>
                  <c> </c>
                  <w xmlns:ecep="http://www.eighteenthcenturypoetry.org/ns"
                     xml:id="bsb18-689830"
                     n="a-0220"
                     ecep:lem="with"
                     ecep:pos="p-acp"
                     ecep:reg="with"
                     ecep:spe="with"
                     ecep:syllab="1"
                     ecep:pron="wɪð">with</w>
                  <c> </c>
                  <w xmlns:ecep="http://www.eighteenthcenturypoetry.org/ns"
                     xml:id="bsb18-689840"
                     n="a-0230"
                     ecep:lem="myself"
                     ecep:pos="px11"
                     ecep:reg="myself"
                     ecep:spe="myself"
                     ecep:syllab="2"
                     ecep:pron="maɪˈself">myself</w>
                  <c> </c>
                  <w xmlns:ecep="http://www.eighteenthcenturypoetry.org/ns"
                     xml:id="bsb18-689850"
                     n="a-0240"
                     ecep:lem="to"
                     ecep:pos="pc-acp"
                     ecep:reg="to"
                     ecep:spe="to"
                     ecep:syllab="1"
                     ecep:pron="tuː">to</w>
                  <c> </c>
                  <w xmlns:ecep="http://www.eighteenthcenturypoetry.org/ns"
                     xml:id="bsb18-689860"
                     n="a-0250"
                     ecep:lem="live"
                     ecep:pos="vvi"
                     ecep:reg="live"
                     ecep:spe="live"
                     ecep:syllab="1"
                     ecep:pron="lɪv">live</w>
                  <c> </c>
                  <w xmlns:ecep="http://www.eighteenthcenturypoetry.org/ns"
                     xml:id="bsb18-689870"
                     n="a-0260"
                     ecep:lem="happy"
                     ecep:pos="j"
                     ecep:reg="happy"
                     ecep:spe="happy"
                     ecep:syllab="2"
                     ecep:pron="ˈhæpi">happy</w>
                  <c> </c>
                  <w xmlns:ecep="http://www.eighteenthcenturypoetry.org/ns"
                     xml:id="bsb18-689880"
                     n="a-0270"
                     ecep:lem="and"
                     ecep:pos="cc"
                     ecep:reg="and"
                     ecep:spe="and"
                     ecep:syllab="1"
                     ecep:pron="ænd">and</w>
                  <c> </c>
                  <w xmlns:ecep="http://www.eighteenthcenturypoetry.org/ns"
                     xml:id="bsb18-689890"
                     n="a-0280"
                     ecep:lem="free"
                     ecep:pos="j"
                     ecep:reg="free"
                     ecep:spe="free"
                     ecep:syllab="1"
                     ecep:pron="friː">free</w>
                  <pc xmlns:ecep="http://www.eighteenthcenturypoetry.org/ns"
                      xml:id="bsb18-689900"
                      n="a-0290"
                      ecep:lem=";"
                      ecep:pos=";"
                      ecep:reg=";"
                      ecep:spe=";">;</pc>
               </l>
               <l xml:id="bsb18-l31140">
                  <c> </c>
                  <w xmlns:ecep="http://www.eighteenthcenturypoetry.org/ns"
                     xml:id="bsb18-689910"
                     n="a-0300"
                     ecep:lem="with"
                     ecep:pos="p-acp"
                     ecep:reg="With"
                     ecep:spe="With"
                     ecep:syllab="1"
                     ecep:pron="wɪð">With</w>
                  <c> </c>
                  <w xmlns:ecep="http://www.eighteenthcenturypoetry.org/ns"
                     xml:id="bsb18-689920"
                     n="a-0310"
                     ecep:lem="the"
                     ecep:pos="dt"
                     ecep:reg="the"
                     ecep:spe="the"
                     ecep:syllab="1"
                     ecep:pron="ðiː">the</w>
                  <c> </c>
                  <w xmlns:ecep="http://www.eighteenthcenturypoetry.org/ns"
                     xml:id="bsb18-689930"
                     n="a-0320"
                     ecep:lem="care"
                     ecep:pos="n2"
                     ecep:reg="cares"
                     ecep:spe="cares"
                     ecep:syllab="1"
                     ecep:pron="keəz">cares</w>
                  <c> </c>
                  <w xmlns:ecep="http://www.eighteenthcenturypoetry.org/ns"
                     xml:id="bsb18-689940"
                     n="a-0330"
                     ecep:lem="of"
                     ecep:pos="pp-f"
                     ecep:reg="of"
                     ecep:spe="of"
                     ecep:syllab="1"
                     ecep:pron="ɒv">of</w>
                  <c> </c>
                  <w xmlns:ecep="http://www.eighteenthcenturypoetry.org/ns"
                     xml:id="bsb18-689950"
                     n="a-0340"
                     ecep:lem="this"
                     ecep:pos="d"
                     ecep:reg="this"
                     ecep:spe="this"
                     ecep:syllab="1"
                     ecep:pron="ðɪs">this</w>
                  <c> </c>
                  <w xmlns:ecep="http://www.eighteenthcenturypoetry.org/ns"
                     xml:id="bsb18-689960"
                     n="a-0350"
                     ecep:lem="world"
                     ecep:pos="n1"
                     ecep:reg="world"
                     ecep:spe="world"
                     ecep:syllab="1"
                     ecep:pron="wɜːld">world</w>
                  <c> </c>
                  <w xmlns:ecep="http://www.eighteenthcenturypoetry.org/ns"
                     xml:id="bsb18-689970"
                     n="a-0360"
                     ecep:lem="i"
                     ecep:pos="pns11"
                     ecep:reg="I"
                     ecep:spe="I"
                     ecep:syllab="1"
                     ecep:pron="aɪ">I</w>
                  <c> </c>
                  <w xmlns:ecep="http://www.eighteenthcenturypoetry.org/ns"
                     xml:id="bsb18-689980"
                     n="a-0370"
                     ecep:lem="be"
                     ecep:pos="vbm"
                     ecep:reg="am"
                     ecep:spe="am"
                     ecep:syllab="1"
                     ecep:pron="æm">am</w>
                  <c> </c>
                  <w xmlns:ecep="http://www.eighteenthcenturypoetry.org/ns"
                     xml:id="bsb18-689990"
                     n="a-0380"
                     ecep:lem="seldom"
                     ecep:pos="av"
                     ecep:reg="seldom"
                     ecep:spe="seldom"
                     ecep:syllab="2"
                     ecep:pron="ˈseldəm">seldom</w>
                  <c> </c>
                  <w xmlns:ecep="http://www.eighteenthcenturypoetry.org/ns"
                     xml:id="bsb18-690000"
                     n="a-0390"
                     ecep:lem="perplex"
                     ecep:pos="vvn"
                     ecep:reg="perplexed"
                     ecep:spe="perplex'd"
                     ecep:syllab="2"
                     ecep:pron="pəˈplekst">perplex'd</w>
                  <pc xmlns:ecep="http://www.eighteenthcenturypoetry.org/ns"
                      xml:id="bsb18-690010"
                      n="a-0400"
                      ecep:lem=","
                      ecep:pos=","
                      ecep:reg=","
                      ecep:spe=",">,</pc>
               </l>
               <l xml:id="bsb18-l31145">
                  <c> </c>
                  <w xmlns:ecep="http://www.eighteenthcenturypoetry.org/ns"
                     xml:id="bsb18-690020"
                     n="a-0410"
                     ecep:lem="i"
                     ecep:pos="pns11"
                     ecep:reg="I"
                     ecep:spe="I"
                     ecep:syllab="1"
                     ecep:pron="aɪ">I</w>
                  <c> </c>
                  <w xmlns:ecep="http://www.eighteenthcenturypoetry.org/ns"
                     xml:id="bsb18-690030"
                     n="a-0420"
                     ecep:lem="be"
                     ecep:pos="vbm"
                     ecep:reg="am"
                     ecep:spe="am"
                     ecep:syllab="1"
                     ecep:pron="æm">am</w>
                  <c> </c>
                  <w xmlns:ecep="http://www.eighteenthcenturypoetry.org/ns"
                     xml:id="bsb18-690040"
                     n="a-0430"
                     ecep:lem="sometime"
                     ecep:pos="av"
                     ecep:reg="sometime"
                     ecep:spe="sometimes"
                     ecep:syllab="2"
                     ecep:pron="ˈsʌmtaɪmz">sometimes</w>
                  <c> </c>
                  <w xmlns:ecep="http://www.eighteenthcenturypoetry.org/ns"
                     xml:id="bsb18-690050"
                     n="a-0440"
                     ecep:lem="uneasy"
                     ecep:pos="j"
                     ecep:reg="uneasy"
                     ecep:spe="uneasy"
                     ecep:syllab="3"
                     ecep:pron="ʌnˈiːzi">uneasy</w>
                  <pc xmlns:ecep="http://www.eighteenthcenturypoetry.org/ns"
                      xml:id="bsb18-690060"
                      n="a-0450"
                      ecep:lem=","
                      ecep:pos=","
                      ecep:reg=","
                      ecep:spe=",">,</pc>
                  <c> </c>
                  <w xmlns:ecep="http://www.eighteenthcenturypoetry.org/ns"
                     xml:id="bsb18-690070"
                     n="a-0460"
                     ecep:lem="but"
                     ecep:pos="cc-acp"
                     ecep:reg="but"
                     ecep:spe="but"
                     ecep:syllab="1"
                     ecep:pron="bʌt">but</w>
                  <c> </c>
                  <w xmlns:ecep="http://www.eighteenthcenturypoetry.org/ns"
                     xml:id="bsb18-690080"
                     n="a-0470"
                     ecep:lem="never"
                     ecep:pos="av-x"
                     ecep:reg="never"
                     ecep:spe="never"
                     ecep:syllab="2"
                     ecep:pron="ˈnevə">never</w>
                  <c> </c>
                  <w xmlns:ecep="http://www.eighteenthcenturypoetry.org/ns"
                     xml:id="bsb18-690090"
                     n="a-0480"
                     ecep:lem="quite"
                     ecep:pos="av"
                     ecep:reg="quite"
                     ecep:spe="quite"
                     ecep:syllab="1"
                     ecep:pron="kwaɪt">quite</w>
                  <c> </c>
                  <w xmlns:ecep="http://www.eighteenthcenturypoetry.org/ns"
                     xml:id="bsb18-690100"
                     n="a-0490"
                     ecep:lem="vex"
                     ecep:pos="vvn"
                     ecep:reg="vexed"
                     ecep:spe="vex'd"
                     ecep:syllab="1"
                     ecep:pron="vekst">vex'd</w>
                  <pc xmlns:ecep="http://www.eighteenthcenturypoetry.org/ns"
                      xml:id="bsb18-690110"
                      n="a-0500"
                      ecep:lem=";"
                      ecep:pos=";"
                      ecep:reg=";"
                      ecep:spe=";">;</pc>
               </l>
               <l xml:id="bsb18-l31150">
                  <c> </c>
                  <w xmlns:ecep="http://www.eighteenthcenturypoetry.org/ns"
                     xml:id="bsb18-690120"
                     n="a-0510"
                     ecep:lem="i"
                     ecep:pos="pns11"
                     ecep:reg="I"
                     ecep:spe="I"
                     ecep:syllab="1"
                     ecep:pron="aɪ">I</w>
                  <c> </c>
                  <w xmlns:ecep="http://www.eighteenthcenturypoetry.org/ns"
                     xml:id="bsb18-690130"
                     n="a-0520"
                     ecep:lem="be"
                     ecep:pos="vbm"
                     ecep:reg="am"
                     ecep:spe="am"
                     ecep:syllab="1"
                     ecep:pron="æm">am</w>
                  <c> </c>
                  <w xmlns:ecep="http://www.eighteenthcenturypoetry.org/ns"
                     xml:id="bsb18-690140"
                     n="a-0530"
                     ecep:lem="neither"
                     ecep:pos="dx"
                     ecep:reg="neither"
                     ecep:spe="neither"
                     ecep:syllab="2"
                     ecep:pron="ˈnaɪðə">neither</w>
                  <c> </c>
                  <w xmlns:ecep="http://www.eighteenthcenturypoetry.org/ns"
                     xml:id="bsb18-690150"
                     n="a-0540"
                     ecep:lem="too"
                     ecep:pos="av"
                     ecep:reg="too"
                     ecep:spe="too"
                     ecep:syllab="1"
                     ecep:pron="tuː">too</w>
                  <c> </c>
                  <w xmlns:ecep="http://www.eighteenthcenturypoetry.org/ns"
                     xml:id="bsb18-690160"
                     n="a-0550"
                     ecep:lem="high"
                     ecep:pos="j"
                     ecep:reg="high"
                     ecep:spe="high"
                     ecep:syllab="1"
                     ecep:pron="haɪ">high</w>
                  <c> </c>
                  <w xmlns:ecep="http://www.eighteenthcenturypoetry.org/ns"
                     xml:id="bsb18-690170"
                     n="a-0560"
                     ecep:lem="nor"
                     ecep:pos="ccx"
                     ecep:reg="nor"
                     ecep:spe="nor"
                     ecep:syllab="1"
                     ecep:pron="nɔː">nor</w>
                  <c> </c>
                  <w xmlns:ecep="http://www.eighteenthcenturypoetry.org/ns"
                     xml:id="bsb18-690180"
                     n="a-0570"
                     ecep:lem="too"
                     ecep:pos="av"
                     ecep:reg="too"
                     ecep:spe="too"
                     ecep:syllab="1"
                     ecep:pron="tuː">too</w>
                  <c> </c>
                  <w xmlns:ecep="http://www.eighteenthcenturypoetry.org/ns"
                     xml:id="bsb18-690190"
                     n="a-0580"
                     ecep:lem="low"
                     ecep:pos="j"
                     ecep:reg="low"
                     ecep:spe="low"
                     ecep:syllab="1"
                     ecep:pron="ləʊ">low</w>
                  <c> </c>
                  <w xmlns:ecep="http://www.eighteenthcenturypoetry.org/ns"
                     xml:id="bsb18-690200"
                     n="a-0590"
                     ecep:lem="in"
                     ecep:pos="p-acp"
                     ecep:reg="in"
                     ecep:spe="in"
                     ecep:syllab="1"
                     ecep:pron="ɪn">in</w>
                  <c> </c>
                  <w xmlns:ecep="http://www.eighteenthcenturypoetry.org/ns"
                     xml:id="bsb18-690210"
                     n="a-0600"
                     ecep:lem="degree"
                     ecep:pos="n1"
                     ecep:reg="degree"
                     ecep:spe="degree"
                     ecep:syllab="2"
                     ecep:pron="dɪˈgriː">degree</w>
                  <pc xmlns:ecep="http://www.eighteenthcenturypoetry.org/ns"
                      xml:id="bsb18-690220"
                      n="a-0610"
                      ecep:lem=";"
                      ecep:pos=";"
                      ecep:reg=";"
                      ecep:spe=";">;</pc>
               </l>
               <l xml:id="bsb18-l31155">
                  <c> </c>
                  <w xmlns:ecep="http://www.eighteenthcenturypoetry.org/ns"
                     xml:id="bsb18-690230"
                     n="a-0620"
                     ecep:lem="there"
                     ecep:pos="pc-acp"
                     ecep:reg="There"
                     ecep:spe="There"
                     ecep:syllab="1"
                     ecep:pron="ðeə">There</w>
                  <c> </c>
                  <w xmlns:ecep="http://www.eighteenthcenturypoetry.org/ns"
                     xml:id="bsb18-690240"
                     n="a-0630"
                     ecep:lem="be"
                     ecep:pos="vbr"
                     ecep:reg="are"
                     ecep:spe="are"
                     ecep:syllab="1"
                     ecep:pron="ɑː">are</w>
                  <c> </c>
                  <w xmlns:ecep="http://www.eighteenthcenturypoetry.org/ns"
                     xml:id="bsb18-690250"
                     n="a-0640"
                     ecep:lem="more"
                     ecep:pos="dc"
                     ecep:reg="more"
                     ecep:spe="more"
                     ecep:syllab="1"
                     ecep:pron="mɔː">more</w>
                  <c> </c>
                  <w xmlns:ecep="http://www.eighteenthcenturypoetry.org/ns"
                     xml:id="bsb18-690260"
                     n="a-0650"
                     ecep:lem="that"
                     ecep:pos="cst"
                     ecep:reg="that"
                     ecep:spe="that"
                     ecep:syllab="1"
                     ecep:pron="ðæt">that</w>
                  <c> </c>
                  <w xmlns:ecep="http://www.eighteenthcenturypoetry.org/ns"
                     xml:id="bsb18-690270"
                     n="a-0660"
                     ecep:lem="live"
                     ecep:pos="vvb"
                     ecep:reg="live"
                     ecep:spe="live"
                     ecep:syllab="1"
                     ecep:pron="lɪv">live</w>
                  <c> </c>
                  <w xmlns:ecep="http://www.eighteenthcenturypoetry.org/ns"
                     xml:id="bsb18-690280"
                     n="a-0670"
                     ecep:lem="worse"
                     ecep:pos="av-jc"
                     ecep:reg="worse"
                     ecep:spe="worse"
                     ecep:syllab="1"
                     ecep:pron="wɜːs">worse</w>
                  <c> </c>
                  <w xmlns:ecep="http://www.eighteenthcenturypoetry.org/ns"
                     xml:id="bsb18-690290"
                     n="a-0680"
                     ecep:lem="than"
                     ecep:pos="cs"
                     ecep:reg="than"
                     ecep:spe="than"
                     ecep:syllab="1"
                     ecep:pron="ðæn">than</w>
                  <c> </c>
                  <w xmlns:ecep="http://www.eighteenthcenturypoetry.org/ns"
                     xml:id="bsb18-690300"
                     n="a-0690"
                     ecep:lem="live"
                     ecep:pos="vvb"
                     ecep:reg="live"
                     ecep:spe="live"
                     ecep:syllab="1"
                     ecep:pron="lɪv">live</w>
                  <c> </c>
                  <w xmlns:ecep="http://www.eighteenthcenturypoetry.org/ns"
                     xml:id="bsb18-690310"
                     n="a-0700"
                     ecep:lem="better"
                     ecep:pos="av-jc"
                     ecep:reg="better"
                     ecep:spe="better"
                     ecep:syllab="2"
                     ecep:pron="ˈbetə">better</w>
                  <c> </c>
                  <w xmlns:ecep="http://www.eighteenthcenturypoetry.org/ns"
                     xml:id="bsb18-690320"
                     n="a-0710"
                     ecep:lem="than"
                     ecep:pos="cs"
                     ecep:reg="than"
                     ecep:spe="than"
                     ecep:syllab="1"
                     ecep:pron="ðæn">than</w>
                  <c> </c>
                  <w xmlns:ecep="http://www.eighteenthcenturypoetry.org/ns"
                     xml:id="bsb18-690330"
                     n="a-0720"
                     ecep:lem="i"
                     ecep:pos="pno11"
                     ecep:reg="me"
                     ecep:spe="me"
                     ecep:syllab="1"
                     ecep:pron="miː">me</w>
                  <pc xmlns:ecep="http://www.eighteenthcenturypoetry.org/ns"
                      xml:id="bsb18-690340"
                      n="a-0730"
                      unit="sentence"
                      ecep:lem="."
                      ecep:pos="."
                      ecep:reg="."
                      ecep:spe=".">.</pc>
                  <c> </c>
               </l>
            </lg>
            <lg xml:id="bsb18-s02035">
               <l xml:id="bsb18-l31160">
                  <w xmlns:ecep="http://www.eighteenthcenturypoetry.org/ns"
                     xml:id="bsb18-690370"
                     n="a-0740"
                     ecep:lem="my"
                     ecep:pos="po11"
                     ecep:reg="My"
                     ecep:spe="My"
                     ecep:syllab="1"
                     ecep:pron="maɪ">My</w>
                  <c> </c>
                  <w xmlns:ecep="http://www.eighteenthcenturypoetry.org/ns"
                     xml:id="bsb18-690380"
                     n="a-0750"
                     ecep:lem="life"
                     ecep:pos="n1"
                     ecep:reg="life"
                     ecep:spe="life"
                     ecep:syllab="1"
                     ecep:pron="laɪf">life</w>
                  <c> </c>
                  <w xmlns:ecep="http://www.eighteenthcenturypoetry.org/ns"
                     xml:id="bsb18-690390"
                     n="a-0760"
                     ecep:lem="thus"
                     ecep:pos="av"
                     ecep:reg="thus"
                     ecep:spe="thus"
                     ecep:syllab="1"
                     ecep:pron="ðʌs">thus</w>
                  <c> </c>
                  <w xmlns:ecep="http://www.eighteenthcenturypoetry.org/ns"
                     xml:id="bsb18-690400"
                     n="a-0770"
                     ecep:lem="move"
                     ecep:pos="vvz"
                     ecep:reg="moves"
                     ecep:spe="moves"
                     ecep:syllab="1"
                     ecep:pron="muːvz">moves</w>
                  <c> </c>
                  <w xmlns:ecep="http://www.eighteenthcenturypoetry.org/ns"
                     xml:id="bsb18-690410"
                     n="a-0780"
                     ecep:lem="on"
                     ecep:pos="a-acp"
                     ecep:reg="on"
                     ecep:spe="on"
                     ecep:syllab="1"
                     ecep:pron="ɒn">on</w>
                  <c> </c>
                  <w xmlns:ecep="http://www.eighteenthcenturypoetry.org/ns"
                     xml:id="bsb18-690420"
                     n="a-0790"
                     ecep:lem="amid"
                     ecep:pos="p-acp"
                     ecep:reg="amid"
                     ecep:spe="amid"
                     ecep:syllab="2"
                     ecep:pron="əˈmɪd">amid</w>
                  <c> </c>
                  <w xmlns:ecep="http://www.eighteenthcenturypoetry.org/ns"
                     xml:id="bsb18-690430"
                     n="a-0800"
                     ecep:lem="freedom"
                     ecep:pos="n1"
                     ecep:reg="freedom"
                     ecep:spe="freedom"
                     ecep:syllab="2"
                     ecep:pron="ˈfriːdəm">freedom</w>
                  <c> </c>
                  <w xmlns:ecep="http://www.eighteenthcenturypoetry.org/ns"
                     xml:id="bsb18-690440"
                     n="a-0810"
                     ecep:lem="and"
                     ecep:pos="cc"
                     ecep:reg="and"
                     ecep:spe="and"
                     ecep:syllab="1"
                     ecep:pron="ænd">and</w>
                  <c> </c>
                  <w xmlns:ecep="http://www.eighteenthcenturypoetry.org/ns"
                     xml:id="bsb18-690450"
                     n="a-0820"
                     ecep:lem="ease"
                     ecep:pos="n1"
                     ecep:reg="ease"
                     ecep:spe="ease"
                     ecep:syllab="1"
                     ecep:pron="iːz">ease</w>
                  <pc xmlns:ecep="http://www.eighteenthcenturypoetry.org/ns"
                      xml:id="bsb18-690460"
                      n="a-0830"
                      ecep:lem=","
                      ecep:pos=","
                      ecep:reg=","
                      ecep:spe=",">,</pc>
               </l>
               <l xml:id="bsb18-l31165">
                  <c> </c>
                  <w xmlns:ecep="http://www.eighteenthcenturypoetry.org/ns"
                     xml:id="bsb18-690470"
                     n="a-0840"
                     ecep:lem="i"
                     ecep:pos="pns11"
                     ecep:reg="I"
                     ecep:spe="I"
                     ecep:syllab="1"
                     ecep:pron="aɪ">I</w>
                  <c> </c>
                  <w xmlns:ecep="http://www.eighteenthcenturypoetry.org/ns"
                     xml:id="bsb18-690480"
                     n="a-0850"
                     ecep:lem="go"
                     ecep:pos="vvb"
                     ecep:reg="go"
                     ecep:spe="go"
                     ecep:syllab="1"
                     ecep:pron="gəʊ">go</w>
                  <c> </c>
                  <w xmlns:ecep="http://www.eighteenthcenturypoetry.org/ns"
                     xml:id="bsb18-690490"
                     n="a-0860"
                     ecep:lem="where"
                     ecep:pos="c-crq"
                     ecep:reg="where"
                     ecep:spe="where"
                     ecep:syllab="1"
                     ecep:pron="weə">where</w>
                  <c> </c>
                  <w xmlns:ecep="http://www.eighteenthcenturypoetry.org/ns"
                     xml:id="bsb18-690500"
                     n="a-0870"
                     ecep:lem="i"
                     ecep:pos="pns11"
                     ecep:reg="I"
                     ecep:spe="I"
                     ecep:syllab="1"
                     ecep:pron="aɪ">I</w>
                  <c> </c>
                  <w xmlns:ecep="http://www.eighteenthcenturypoetry.org/ns"
                     xml:id="bsb18-690510"
                     n="a-0880"
                     ecep:lem="will"
                     ecep:pos="vmb"
                     ecep:reg="will"
                     ecep:spe="will"
                     ecep:syllab="1"
                     ecep:pron="wɪl">will</w>
                  <pc xmlns:ecep="http://www.eighteenthcenturypoetry.org/ns"
                      xml:id="bsb18-690520"
                      n="a-0890"
                      ecep:lem=","
                      ecep:pos=","
                      ecep:reg=","
                      ecep:spe=",">,</pc>
                  <c> </c>
                  <w xmlns:ecep="http://www.eighteenthcenturypoetry.org/ns"
                     xml:id="bsb18-690530"
                     n="a-0900"
                     ecep:lem="and"
                     ecep:pos="cc"
                     ecep:reg="and"
                     ecep:spe="and"
                     ecep:syllab="1"
                     ecep:pron="ænd">and</w>
                  <c> </c>
                  <w xmlns:ecep="http://www.eighteenthcenturypoetry.org/ns"
                     xml:id="bsb18-690540"
                     n="a-0910"
                     ecep:lem="i"
                     ecep:pos="pns11"
                     ecep:reg="I"
                     ecep:spe="I"
                     ecep:syllab="1"
                     ecep:pron="aɪ">I</w>
                  <c> </c>
                  <w xmlns:ecep="http://www.eighteenthcenturypoetry.org/ns"
                     xml:id="bsb18-690550"
                     n="a-0920"
                     ecep:lem="come"
                     ecep:pos="vvb"
                     ecep:reg="come"
                     ecep:spe="come"
                     ecep:syllab="1"
                     ecep:pron="kʌm">come</w>
                  <c> </c>
                  <w xmlns:ecep="http://www.eighteenthcenturypoetry.org/ns"
                     xml:id="bsb18-690560"
                     n="a-0930"
                     ecep:lem="when"
                     ecep:pos="c-crq"
                     ecep:reg="when"
                     ecep:spe="when"
                     ecep:syllab="1"
                     ecep:pron="wen">when</w>
                  <c> </c>
                  <w xmlns:ecep="http://www.eighteenthcenturypoetry.org/ns"
                     xml:id="bsb18-690570"
                     n="a-0940"
                     ecep:lem="i"
                     ecep:pos="pns11"
                     ecep:reg="I"
                     ecep:spe="I"
                     ecep:syllab="1"
                     ecep:pron="aɪ">I</w>
                  <c> </c>
                  <w xmlns:ecep="http://www.eighteenthcenturypoetry.org/ns"
                     xml:id="bsb18-690580"
                     n="a-0950"
                     ecep:lem="please"
                     ecep:pos="vvb"
                     ecep:reg="please"
                     ecep:spe="please"
                     ecep:syllab="1"
                     ecep:pron="pliːz">please</w>
                  <pc xmlns:ecep="http://www.eighteenthcenturypoetry.org/ns"
                      xml:id="bsb18-690590"
                      n="a-0960"
                      ecep:lem=";"
                      ecep:pos=";"
                      ecep:reg=";"
                      ecep:spe=";">;</pc>
               </l>
               <l xml:id="bsb18-l31170">
                  <c> </c>
                  <w xmlns:ecep="http://www.eighteenthcenturypoetry.org/ns"
                     xml:id="bsb18-690600"
                     n="a-0970"
                     ecep:lem="i"
                     ecep:pos="pns11"
                     ecep:reg="I"
                     ecep:spe="I"
                     ecep:syllab="1"
                     ecep:pron="aɪ">I</w>
                  <c> </c>
                  <w xmlns:ecep="http://www.eighteenthcenturypoetry.org/ns"
                     xml:id="bsb18-690610"
                     n="a-0980"
                     ecep:lem="be"
                     ecep:pos="vbm"
                     ecep:reg="am"
                     ecep:spe="am"
                     ecep:syllab="1"
                     ecep:pron="æm">am</w>
                  <c> </c>
                  <w xmlns:ecep="http://www.eighteenthcenturypoetry.org/ns"
                     xml:id="bsb18-690620"
                     n="a-0990"
                     ecep:lem="place"
                     ecep:pos="vvn"
                     ecep:reg="placed"
                     ecep:spe="plac'd"
                     ecep:syllab="1"
                     ecep:pron="pleɪst">plac'd</w>
                  <c> </c>
                  <w xmlns:ecep="http://www.eighteenthcenturypoetry.org/ns"
                     xml:id="bsb18-690630"
                     n="a-1000"
                     ecep:lem="below"
                     ecep:pos="p-acp"
                     ecep:reg="below"
                     ecep:spe="below"
                     ecep:syllab="2"
                     ecep:pron="bɪˈləʊ">below</w>
                  <c> </c>
                  <w xmlns:ecep="http://www.eighteenthcenturypoetry.org/ns"
                     xml:id="bsb18-690640"
                     n="a-1010"
                     ecep:lem="envy"
                     ecep:pos="n1"
                     ecep:reg="envy"
                     ecep:spe="envy"
                     ecep:syllab="2"
                     ecep:pron="ˈenvi">envy</w>
                  <pc xmlns:ecep="http://www.eighteenthcenturypoetry.org/ns"
                      xml:id="bsb18-690650"
                      n="a-1020"
                      ecep:lem=","
                      ecep:pos=","
                      ecep:reg=","
                      ecep:spe=",">,</pc>
                  <c> </c>
                  <w xmlns:ecep="http://www.eighteenthcenturypoetry.org/ns"
                     xml:id="bsb18-690660"
                     n="a-1030"
                     ecep:lem="and"
                     ecep:pos="cc"
                     ecep:reg="and"
                     ecep:spe="and"
                     ecep:syllab="1"
                     ecep:pron="ænd">and</w>
                  <c> </c>
                  <w xmlns:ecep="http://www.eighteenthcenturypoetry.org/ns"
                     xml:id="bsb18-690670"
                     n="a-1040"
                     ecep:lem="yet"
                     ecep:pos="av"
                     ecep:reg="yet"
                     ecep:spe="yet"
                     ecep:syllab="1"
                     ecep:pron="jet">yet</w>
                  <c> </c>
                  <w xmlns:ecep="http://www.eighteenthcenturypoetry.org/ns"
                     xml:id="bsb18-690680"
                     n="a-1050"
                     ecep:lem="above"
                     ecep:pos="p-acp"
                     ecep:reg="above"
                     ecep:spe="above"
                     ecep:syllab="2"
                     ecep:pron="əˈbʌv">above</w>
                  <c> </c>
                  <w xmlns:ecep="http://www.eighteenthcenturypoetry.org/ns"
                     xml:id="bsb18-690690"
                     n="a-1060"
                     ecep:lem="spite"
                     ecep:pos="n1"
                     ecep:reg="spite"
                     ecep:spe="spite"
                     ecep:syllab="1"
                     ecep:pron="spaɪt">spite</w>
                  <pc xmlns:ecep="http://www.eighteenthcenturypoetry.org/ns"
                      xml:id="bsb18-690700"
                      n="a-1070"
                      ecep:lem=";"
                      ecep:pos=";"
                      ecep:reg=";"
                      ecep:spe=";">;</pc>
               </l>
               <l xml:id="bsb18-l31175">
                  <c> </c>
                  <w xmlns:ecep="http://www.eighteenthcenturypoetry.org/ns"
                     xml:id="bsb18-690710"
                     n="a-1080"
                     ecep:lem="i|have"
                     ecep:pos="pns11|vhb"
                     ecep:reg="I've"
                     ecep:spe="I've"
                     ecep:syllab="1"
                     ecep:pron="ˈaɪv">I've</w>
                  <c> </c>
                  <w xmlns:ecep="http://www.eighteenthcenturypoetry.org/ns"
                     xml:id="bsb18-690720"
                     n="a-1090"
                     ecep:lem="judgement"
                     ecep:pos="n1"
                     ecep:reg="judgement"
                     ecep:spe="judgment"
                     ecep:syllab="2"
                     ecep:pron="ˈdʒʌdʒmənt">judgment</w>
                  <c> </c>
                  <w xmlns:ecep="http://www.eighteenthcenturypoetry.org/ns"
                     xml:id="bsb18-690730"
                     n="a-1100"
                     ecep:lem="enough"
                     ecep:pos="av-d"
                     ecep:reg="enough"
                     ecep:spe="enough"
                     ecep:syllab="2"
                     ecep:pron="ɪˈnʌf">enough</w>
                  <c> </c>
                  <w xmlns:ecep="http://www.eighteenthcenturypoetry.org/ns"
                     xml:id="bsb18-690740"
                     n="a-1110"
                     ecep:lem="still"
                     ecep:pos="av"
                     ecep:reg="still"
                     ecep:spe="still"
                     ecep:syllab="1"
                     ecep:pron="stɪl">still</w>
                  <c> </c>
                  <w xmlns:ecep="http://www.eighteenthcenturypoetry.org/ns"
                     xml:id="bsb18-690750"
                     n="a-1120"
                     ecep:lem="to"
                     ecep:pos="pc-acp"
                     ecep:reg="to"
                     ecep:spe="to"
                     ecep:syllab="1"
                     ecep:pron="tuː">to</w>
                  <c> </c>
                  <w xmlns:ecep="http://www.eighteenthcenturypoetry.org/ns"
                     xml:id="bsb18-690760"
                     n="a-1130"
                     ecep:lem="do"
                     ecep:pos="vdi"
                     ecep:reg="do"
                     ecep:spe="do"
                     ecep:syllab="1"
                     ecep:pron="duː">do</w>
                  <c> </c>
                  <w xmlns:ecep="http://www.eighteenthcenturypoetry.org/ns"
                     xml:id="bsb18-690770"
                     n="a-1140"
                     ecep:lem="myself"
                     ecep:pos="px11"
                     ecep:reg="myself"
                     ecep:spe="myself"
                     ecep:syllab="2"
                     ecep:pron="maɪˈself">myself</w>
                  <c> </c>
                  <w xmlns:ecep="http://www.eighteenthcenturypoetry.org/ns"
                     xml:id="bsb18-690780"
                     n="a-1150"
                     ecep:lem="right"
                     ecep:pos="n-jn"
                     ecep:reg="right"
                     ecep:spe="right"
                     ecep:syllab="1"
                     ecep:pron="raɪt">right</w>
                  <pc xmlns:ecep="http://www.eighteenthcenturypoetry.org/ns"
                      xml:id="bsb18-690790"
                      n="a-1160"
                      ecep:lem=":"
                      ecep:pos=":"
                      ecep:reg=":"
                      ecep:spe=":">:</pc>
               </l>
               <l xml:id="bsb18-l31180">
                  <c> </c>
                  <w xmlns:ecep="http://www.eighteenthcenturypoetry.org/ns"
                     xml:id="bsb18-690800"
                     n="a-1170"
                     ecep:lem="some"
                     ecep:pos="d"
                     ecep:reg="Some"
                     ecep:spe="Some"
                     ecep:syllab="1"
                     ecep:pron="sʌm">Some</w>
                  <c> </c>
                  <w xmlns:ecep="http://www.eighteenthcenturypoetry.org/ns"
                     xml:id="bsb18-690810"
                     n="a-1180"
                     ecep:lem="high"
                     ecep:pos="jc"
                     ecep:reg="higher"
                     ecep:spe="higher"
                     ecep:syllab="2"
                     ecep:pron="haɪə">higher</w>
                  <pc xmlns:ecep="http://www.eighteenthcenturypoetry.org/ns"
                      xml:id="bsb18-690820"
                      n="a-1190"
                      ecep:lem=","
                      ecep:pos=","
                      ecep:reg=","
                      ecep:spe=",">,</pc>
                  <c> </c>
                  <w xmlns:ecep="http://www.eighteenthcenturypoetry.org/ns"
                     xml:id="bsb18-690830"
                     n="a-1200"
                     ecep:lem="some"
                     ecep:pos="d"
                     ecep:reg="some"
                     ecep:spe="some"
                     ecep:syllab="1"
                     ecep:pron="sʌm">some</w>
                  <c> </c>
                  <w xmlns:ecep="http://www.eighteenthcenturypoetry.org/ns"
                     xml:id="bsb18-690840"
                     n="a-1210"
                     ecep:lem="low"
                     ecep:pos="jc"
                     ecep:reg="lower"
                     ecep:spe="lower"
                     ecep:syllab="2"
                     ecep:pron="ˈləʊə">lower</w>
                  <pc xmlns:ecep="http://www.eighteenthcenturypoetry.org/ns"
                      xml:id="bsb18-690850"
                      n="a-1220"
                      ecep:lem=","
                      ecep:pos=","
                      ecep:reg=","
                      ecep:spe=",">,</pc>
                  <c> </c>
                  <w xmlns:ecep="http://www.eighteenthcenturypoetry.org/ns"
                     xml:id="bsb18-690860"
                     n="a-1230"
                     ecep:lem="i"
                     ecep:pos="pns11"
                     ecep:reg="I"
                     ecep:spe="I"
                     ecep:syllab="1"
                     ecep:pron="aɪ">I</w>
                  <c> </c>
                  <w xmlns:ecep="http://www.eighteenthcenturypoetry.org/ns"
                     xml:id="bsb18-690870"
                     n="a-1240"
                     ecep:lem="own"
                     ecep:pos="vvb"
                     ecep:reg="own"
                     ecep:spe="own"
                     ecep:syllab="1"
                     ecep:pron="əʊn">own</w>
                  <c> </c>
                  <w xmlns:ecep="http://www.eighteenthcenturypoetry.org/ns"
                     xml:id="bsb18-690880"
                     n="a-1250"
                     ecep:lem="there"
                     ecep:pos="pc-acp"
                     ecep:reg="there"
                     ecep:spe="there"
                     ecep:syllab="1"
                     ecep:pron="ðeə">there</w>
                  <c> </c>
                  <w xmlns:ecep="http://www.eighteenthcenturypoetry.org/ns"
                     xml:id="bsb18-690890"
                     n="a-1260"
                     ecep:lem="may"
                     ecep:pos="vmb"
                     ecep:reg="may"
                     ecep:spe="may"
                     ecep:syllab="1"
                     ecep:pron="meɪ">may</w>
                  <c> </c>
                  <w xmlns:ecep="http://www.eighteenthcenturypoetry.org/ns"
                     xml:id="bsb18-690900"
                     n="a-1270"
                     ecep:lem="be"
                     ecep:pos="vbi"
                     ecep:reg="be"
                     ecep:spe="be"
                     ecep:syllab="1"
                     ecep:pron="biː">be</w>
                  <pc xmlns:ecep="http://www.eighteenthcenturypoetry.org/ns"
                      xml:id="bsb18-690910"
                      n="a-1280"
                      ecep:lem=","
                      ecep:pos=","
                      ecep:reg=","
                      ecep:spe=",">,</pc>
               </l>
               <l xml:id="bsb18-l31185">
                  <c> </c>
                  <w xmlns:ecep="http://www.eighteenthcenturypoetry.org/ns"
                     xml:id="bsb18-690920"
                     n="a-1290"
                     ecep:lem="but"
                     ecep:pos="cc-acp"
                     ecep:reg="But"
                     ecep:spe="But"
                     ecep:syllab="1"
                     ecep:pron="bʌt">But</w>
                  <c> </c>
                  <w xmlns:ecep="http://www.eighteenthcenturypoetry.org/ns"
                     xml:id="bsb18-690930"
                     n="a-1300"
                     ecep:lem="ambition"
                     ecep:pos="n1"
                     ecep:reg="ambition"
                     ecep:spe="ambition"
                     ecep:syllab="3"
                     ecep:pron="æmˈbɪʃn">ambition</w>
                  <c> </c>
                  <w xmlns:ecep="http://www.eighteenthcenturypoetry.org/ns"
                     xml:id="bsb18-690940"
                     n="a-1310"
                     ecep:lem="and"
                     ecep:pos="cc"
                     ecep:reg="and"
                     ecep:spe="and"
                     ecep:syllab="1"
                     ecep:pron="ænd">and</w>
                  <c> </c>
                  <w xmlns:ecep="http://www.eighteenthcenturypoetry.org/ns"
                     xml:id="bsb18-690950"
                     n="a-1320"
                     ecep:lem="want"
                     ecep:pos="n1"
                     ecep:reg="want"
                     ecep:spe="want"
                     ecep:syllab="1"
                     ecep:pron="wɒnt">want</w>
                  <c> </c>
                  <w xmlns:ecep="http://www.eighteenthcenturypoetry.org/ns"
                     xml:id="bsb18-690960"
                     n="a-1330"
                     ecep:lem="be"
                     ecep:pos="vbr"
                     ecep:reg="are"
                     ecep:spe="are"
                     ecep:syllab="1"
                     ecep:pron="ɑː">are</w>
                  <c> </c>
                  <w xmlns:ecep="http://www.eighteenthcenturypoetry.org/ns"
                     xml:id="bsb18-690970"
                     n="a-1340"
                     ecep:lem="both"
                     ecep:pos="d"
                     ecep:reg="both"
                     ecep:spe="both"
                     ecep:syllab="1"
                     ecep:pron="bəʊθ">both</w>
                  <c> </c>
                  <w xmlns:ecep="http://www.eighteenthcenturypoetry.org/ns"
                     xml:id="bsb18-690980"
                     n="a-1350"
                     ecep:lem="stranger"
                     ecep:pos="n2"
                     ecep:reg="strangers"
                     ecep:spe="strangers"
                     ecep:syllab="2"
                     ecep:pron="ˈstreɪndʒəz">strangers</w>
                  <c> </c>
                  <w xmlns:ecep="http://www.eighteenthcenturypoetry.org/ns"
                     xml:id="bsb18-690990"
                     n="a-1360"
                     ecep:lem="to"
                     ecep:pos="p-acp"
                     ecep:reg="to"
                     ecep:spe="to"
                     ecep:syllab="1"
                     ecep:pron="tuː">to</w>
                  <c> </c>
                  <w xmlns:ecep="http://www.eighteenthcenturypoetry.org/ns"
                     xml:id="bsb18-691000"
                     n="a-1370"
                     ecep:lem="i"
                     ecep:pos="pno11"
                     ecep:reg="me"
                     ecep:spe="me"
                     ecep:syllab="1"
                     ecep:pron="miː">me</w>
                  <pc xmlns:ecep="http://www.eighteenthcenturypoetry.org/ns"
                      xml:id="bsb18-691010"
                      n="a-1380"
                      unit="sentence"
                      ecep:lem="."
                      ecep:pos="."
                      ecep:reg="."
                      ecep:spe=".">.</pc>
                  <c> </c>
               </l>
            </lg>
            <lg xml:id="bsb18-s02040">
               <l xml:id="bsb18-l31190">
                  <w xmlns:ecep="http://www.eighteenthcenturypoetry.org/ns"
                     xml:id="bsb18-691040"
                     n="a-1390"
                     ecep:lem="when"
                     ecep:pos="c-crq"
                     ecep:reg="When"
                     ecep:spe="When"
                     ecep:syllab="1"
                     ecep:pron="wen">When</w>
                  <c> </c>
                  <w xmlns:ecep="http://www.eighteenthcenturypoetry.org/ns"
                     xml:id="bsb18-691050"
                     n="a-1400"
                     ecep:lem="money"
                     ecep:pos="n1"
                     ecep:reg="money"
                     ecep:spe="money"
                     ecep:syllab="2"
                     ecep:pron="ˈmʌni">money</w>
                  <c> </c>
                  <w xmlns:ecep="http://www.eighteenthcenturypoetry.org/ns"
                     xml:id="bsb18-691060"
                     n="a-1410"
                     ecep:lem="come"
                     ecep:pos="vvz"
                     ecep:reg="comes"
                     ecep:spe="comes"
                     ecep:syllab="1"
                     ecep:pron="kʌmz">comes</w>
                  <c> </c>
                  <w xmlns:ecep="http://www.eighteenthcenturypoetry.org/ns"
                     xml:id="bsb18-691070"
                     n="a-1420"
                     ecep:lem="in"
                     ecep:pos="p-acp"
                     ecep:reg="in"
                     ecep:spe="in"
                     ecep:syllab="1"
                     ecep:pron="ɪn">in</w>
                  <pc xmlns:ecep="http://www.eighteenthcenturypoetry.org/ns"
                      xml:id="bsb18-691080"
                      n="a-1430"
                      ecep:lem=","
                      ecep:pos=","
                      ecep:reg=","
                      ecep:spe=",">,</pc>
                  <c> </c>
                  <w xmlns:ecep="http://www.eighteenthcenturypoetry.org/ns"
                     xml:id="bsb18-691090"
                     n="a-1440"
                     ecep:lem="please"
                     ecep:pos="vvd"
                     ecep:reg="pleased"
                     ecep:spe="pleas'd"
                     ecep:syllab="1"
                     ecep:pron="pliːzd">pleas'd</w>
                  <c> </c>
                  <w xmlns:ecep="http://www.eighteenthcenturypoetry.org/ns"
                     xml:id="bsb18-691100"
                     n="a-1450"
                     ecep:lem="i"
                     ecep:pos="pns11"
                     ecep:reg="I"
                     ecep:spe="I"
                     ecep:syllab="1"
                     ecep:pron="aɪ">I</w>
                  <c> </c>
                  <w xmlns:ecep="http://www.eighteenthcenturypoetry.org/ns"
                     xml:id="bsb18-691110"
                     n="a-1460"
                     ecep:lem="live"
                     ecep:pos="vvb"
                     ecep:reg="live"
                     ecep:spe="live"
                     ecep:syllab="1"
                     ecep:pron="lɪv">live</w>
                  <c> </c>
                  <w xmlns:ecep="http://www.eighteenthcenturypoetry.org/ns"
                     xml:id="bsb18-691120"
                     n="a-1470"
                     ecep:lem="till"
                     ecep:pos="c-acp"
                     ecep:reg="till"
                     ecep:spe="till"
                     ecep:syllab="1"
                     ecep:pron="tɪl">till</w>
                  <c> </c>
                  <w xmlns:ecep="http://www.eighteenthcenturypoetry.org/ns"
                     xml:id="bsb18-691130"
                     n="a-1480"
                     ecep:lem="it|be"
                     ecep:pos="pn31|vbz"
                     ecep:reg="it's"
                     ecep:spe="'tis"
                     ecep:syllab="1"
                     ecep:pron="tɪz">'tis</w>
                  <c> </c>
                  <w xmlns:ecep="http://www.eighteenthcenturypoetry.org/ns"
                     xml:id="bsb18-691140"
                     n="a-1490"
                     ecep:lem="go"
                     ecep:pos="vvn"
                     ecep:reg="gone"
                     ecep:spe="gone"
                     ecep:syllab="1"
                     ecep:pron="gɒn">gone</w>
                  <pc xmlns:ecep="http://www.eighteenthcenturypoetry.org/ns"
                      xml:id="bsb18-691150"
                      n="a-1500"
                      ecep:lem=","
                      ecep:pos=","
                      ecep:reg=","
                      ecep:spe=",">,</pc>
               </l>
               <l xml:id="bsb18-l31195">
                  <c> </c>
                  <w xmlns:ecep="http://www.eighteenthcenturypoetry.org/ns"
                     xml:id="bsb18-691160"
                     n="a-1510"
                     ecep:lem="i"
                     ecep:pos="pns11"
                     ecep:reg="I"
                     ecep:spe="I"
                     ecep:syllab="1"
                     ecep:pron="aɪ">I</w>
                  <c> </c>
                  <w xmlns:ecep="http://www.eighteenthcenturypoetry.org/ns"
                     xml:id="bsb18-691170"
                     n="a-1520"
                     ecep:lem="be"
                     ecep:pos="vbm"
                     ecep:reg="am"
                     ecep:spe="am"
                     ecep:syllab="1"
                     ecep:pron="æm">am</w>
                  <c> </c>
                  <w xmlns:ecep="http://www.eighteenthcenturypoetry.org/ns"
                     xml:id="bsb18-691180"
                     n="a-1530"
                     ecep:lem="happy"
                     ecep:pos="j"
                     ecep:reg="happy"
                     ecep:spe="happy"
                     ecep:syllab="2"
                     ecep:pron="ˈhæpi">happy</w>
                  <c> </c>
                  <w xmlns:ecep="http://www.eighteenthcenturypoetry.org/ns"
                     xml:id="bsb18-691190"
                     n="a-1540"
                     ecep:lem="when"
                     ecep:pos="c-crq"
                     ecep:reg="when"
                     ecep:spe="when"
                     ecep:syllab="1"
                     ecep:pron="wen">when</w>
                  <c> </c>
                  <w xmlns:ecep="http://www.eighteenthcenturypoetry.org/ns"
                     xml:id="bsb18-691200"
                     n="a-1550"
                     ecep:lem="with"
                     ecep:pos="p-acp"
                     ecep:reg="with"
                     ecep:spe="with"
                     ecep:syllab="1"
                     ecep:pron="wɪð">with</w>
                  <c> </c>
                  <w xmlns:ecep="http://www.eighteenthcenturypoetry.org/ns"
                     xml:id="bsb18-691210"
                     n="a-1560"
                     ecep:lem="it"
                     ecep:pos="pn31"
                     ecep:reg="it"
                     ecep:spe="it"
                     ecep:syllab="1"
                     ecep:pron="ɪt">it</w>
                  <pc xmlns:ecep="http://www.eighteenthcenturypoetry.org/ns"
                      xml:id="bsb18-691220"
                      n="a-1570"
                      ecep:lem=","
                      ecep:pos=","
                      ecep:reg=","
                      ecep:spe=",">,</pc>
                  <c> </c>
                  <w xmlns:ecep="http://www.eighteenthcenturypoetry.org/ns"
                     xml:id="bsb18-691230"
                     n="a-1580"
                     ecep:lem="content"
                     ecep:pos="vvn"
                     ecep:reg="contented"
                     ecep:spe="contented"
                     ecep:syllab="3"
                     ecep:pron="kənˈtentɪd">contented</w>
                  <c> </c>
                  <w xmlns:ecep="http://www.eighteenthcenturypoetry.org/ns"
                     xml:id="bsb18-691240"
                     n="a-1590"
                     ecep:lem="with"
                     ecep:pos="p-acp"
                     ecep:reg="with"
                     ecep:spe="with"
                     ecep:syllab="1"
                     ecep:pron="wɪð">with</w>
                  <c> </c>
                  <w xmlns:ecep="http://www.eighteenthcenturypoetry.org/ns"
                     xml:id="bsb18-691250"
                     n="a-1600"
                     ecep:lem="none"
                     ecep:pos="pix"
                     ecep:reg="none"
                     ecep:spe="none"
                     ecep:syllab="1"
                     ecep:pron="nəʊn">none</w>
                  <pc xmlns:ecep="http://www.eighteenthcenturypoetry.org/ns"
                      xml:id="bsb18-691260"
                      n="a-1610"
                      ecep:lem=";"
                      ecep:pos=";"
                      ecep:reg=";"
                      ecep:spe=";">;</pc>
               </l>
               <l xml:id="bsb18-l31200">
                  <c> </c>
                  <w xmlns:ecep="http://www.eighteenthcenturypoetry.org/ns"
                     xml:id="bsb18-691270"
                     n="a-1620"
                     ecep:lem="if"
                     ecep:pos="cs"
                     ecep:reg="If"
                     ecep:spe="If"
                     ecep:syllab="1"
                     ecep:pron="ɪf">If</w>
                  <c> </c>
                  <w xmlns:ecep="http://www.eighteenthcenturypoetry.org/ns"
                     xml:id="bsb18-691280"
                     n="a-1630"
                     ecep:lem="i"
                     ecep:pos="pns11"
                     ecep:reg="I"
                     ecep:spe="I"
                     ecep:syllab="1"
                     ecep:pron="aɪ">I</w>
                  <c> </c>
                  <w xmlns:ecep="http://www.eighteenthcenturypoetry.org/ns"
                     xml:id="bsb18-691290"
                     n="a-1640"
                     ecep:lem="spend"
                     ecep:pos="vvb"
                     ecep:reg="spend"
                     ecep:spe="spend"
                     ecep:syllab="1"
                     ecep:pron="spend">spend</w>
                  <c> </c>
                  <w xmlns:ecep="http://www.eighteenthcenturypoetry.org/ns"
                     xml:id="bsb18-691300"
                     n="a-1650"
                     ecep:lem="it"
                     ecep:pos="pn31"
                     ecep:reg="it"
                     ecep:spe="it"
                     ecep:syllab="1"
                     ecep:pron="ɪt">it</w>
                  <c> </c>
                  <w xmlns:ecep="http://www.eighteenthcenturypoetry.org/ns"
                     xml:id="bsb18-691310"
                     n="a-1660"
                     ecep:lem="among"
                     ecep:pos="p-acp"
                     ecep:reg="among"
                     ecep:spe="'mong"
                     ecep:syllab="1"
                     ecep:pron="mˈɒŋ">'mong</w>
                  <c> </c>
                  <w xmlns:ecep="http://www.eighteenthcenturypoetry.org/ns"
                     xml:id="bsb18-691320"
                     n="a-1670"
                     ecep:lem="friend"
                     ecep:pos="n2"
                     ecep:reg="friends"
                     ecep:spe="friends"
                     ecep:syllab="1"
                     ecep:pron="frendz">friends</w>
                  <c> </c>
                  <w xmlns:ecep="http://www.eighteenthcenturypoetry.org/ns"
                     xml:id="bsb18-691330"
                     n="a-1680"
                     ecep:lem="i"
                     ecep:pos="pns11"
                     ecep:reg="I"
                     ecep:spe="I"
                     ecep:syllab="1"
                     ecep:pron="aɪ">I</w>
                  <c> </c>
                  <w xmlns:ecep="http://www.eighteenthcenturypoetry.org/ns"
                     xml:id="bsb18-691340"
                     n="a-1690"
                     ecep:lem="count"
                     ecep:pos="vvb"
                     ecep:reg="count"
                     ecep:spe="count"
                     ecep:syllab="1"
                     ecep:pron="kaʊnt">count</w>
                  <c> </c>
                  <w xmlns:ecep="http://www.eighteenthcenturypoetry.org/ns"
                     xml:id="bsb18-691350"
                     n="a-1700"
                     ecep:lem="it"
                     ecep:pos="pn31"
                     ecep:reg="it"
                     ecep:spe="it"
                     ecep:syllab="1"
                     ecep:pron="ɪt">it</w>
                  <c> </c>
                  <w xmlns:ecep="http://www.eighteenthcenturypoetry.org/ns"
                     xml:id="bsb18-691360"
                     n="a-1710"
                     ecep:lem="but"
                     ecep:pos="p-acp"
                     ecep:reg="but"
                     ecep:spe="but"
                     ecep:syllab="1"
                     ecep:pron="bʌt">but</w>
                  <c> </c>
                  <w xmlns:ecep="http://www.eighteenthcenturypoetry.org/ns"
                     xml:id="bsb18-691370"
                     n="a-1720"
                     ecep:lem="lent"
                     ecep:pos="n1"
                     ecep:reg="lent"
                     ecep:spe="lent"
                     ecep:syllab="1"
                     ecep:pron="lent">lent</w>
                  <pc xmlns:ecep="http://www.eighteenthcenturypoetry.org/ns"
                      xml:id="bsb18-691380"
                      n="a-1730"
                      ecep:lem=","
                      ecep:pos=","
                      ecep:reg=","
                      ecep:spe=",">,</pc>
               </l>
               <l xml:id="bsb18-l31205">
                  <c> </c>
                  <w xmlns:ecep="http://www.eighteenthcenturypoetry.org/ns"
                     xml:id="bsb18-691390"
                     n="a-1740"
                     ecep:lem="it"
                     ecep:pos="pn31"
                     ecep:reg="It"
                     ecep:spe="It"
                     ecep:syllab="1"
                     ecep:pron="ɪt">It</w>
                  <c> </c>
                  <w xmlns:ecep="http://www.eighteenthcenturypoetry.org/ns"
                     xml:id="bsb18-691400"
                     n="a-1750"
                     ecep:lem="thus"
                     ecep:pos="av"
                     ecep:reg="thus"
                     ecep:spe="thus"
                     ecep:syllab="1"
                     ecep:pron="ðʌs">thus</w>
                  <c> </c>
                  <w xmlns:ecep="http://www.eighteenthcenturypoetry.org/ns"
                     xml:id="bsb18-691410"
                     n="a-1760"
                     ecep:lem="go"
                     ecep:pos="vvz"
                     ecep:reg="goes"
                     ecep:spe="goes"
                     ecep:syllab="1"
                     ecep:pron="gəʊz">goes</w>
                  <c> </c>
                  <w xmlns:ecep="http://www.eighteenthcenturypoetry.org/ns"
                     xml:id="bsb18-691420"
                     n="a-1770"
                     ecep:lem="genteel"
                     ecep:pos="av-j"
                     ecep:reg="genteelly"
                     ecep:spe="genteelly"
                     ecep:syllab="3"
                     ecep:pron="dʒenˈtiːlli">genteelly</w>
                  <c> </c>
                  <pc xmlns:ecep="http://www.eighteenthcenturypoetry.org/ns"
                      xml:id="bsb18-691430"
                      n="a-1780"
                      ecep:lem="—"
                      ecep:pos="—"
                      ecep:reg="—"
                      ecep:spe="—">—</pc>
                  <c> </c>
                  <w xmlns:ecep="http://www.eighteenthcenturypoetry.org/ns"
                     xml:id="bsb18-691440"
                     n="a-1790"
                     ecep:lem="i"
                     ecep:pos="pns11"
                     ecep:reg="I"
                     ecep:spe="I"
                     ecep:syllab="1"
                     ecep:pron="aɪ">I</w>
                  <c> </c>
                  <w xmlns:ecep="http://www.eighteenthcenturypoetry.org/ns"
                     xml:id="bsb18-691450"
                     n="a-1800"
                     ecep:lem="never"
                     ecep:pos="av-x"
                     ecep:reg="never"
                     ecep:spe="never"
                     ecep:syllab="2"
                     ecep:pron="ˈnevə">never</w>
                  <c> </c>
                  <w xmlns:ecep="http://www.eighteenthcenturypoetry.org/ns"
                     xml:id="bsb18-691460"
                     n="a-1810"
                     ecep:lem="repent"
                     ecep:pos="vvi"
                     ecep:reg="repent"
                     ecep:spe="repent"
                     ecep:syllab="2"
                     ecep:pron="rɪˈpent">repent</w>
                  <pc xmlns:ecep="http://www.eighteenthcenturypoetry.org/ns"
                      xml:id="bsb18-691470"
                      n="a-1820"
                      ecep:lem=";"
                      ecep:pos=";"
                      ecep:reg=";"
                      ecep:spe=";">;</pc>
               </l>
               <l xml:id="bsb18-l31210">
                  <c> </c>
                  <w xmlns:ecep="http://www.eighteenthcenturypoetry.org/ns"
                     xml:id="bsb18-691480"
                     n="a-1830"
                     ecep:lem="with"
                     ecep:pos="p-acp"
                     ecep:reg="With"
                     ecep:spe="With"
                     ecep:syllab="1"
                     ecep:pron="wɪð">With</w>
                  <c> </c>
                  <w xmlns:ecep="http://www.eighteenthcenturypoetry.org/ns"
                     xml:id="bsb18-691490"
                     n="a-1840"
                     ecep:lem="mirth"
                     ecep:pos="n1"
                     ecep:reg="mirth"
                     ecep:spe="mirth"
                     ecep:syllab="1"
                     ecep:pron="mɜːθ">mirth</w>
                  <c> </c>
                  <w xmlns:ecep="http://www.eighteenthcenturypoetry.org/ns"
                     xml:id="bsb18-691500"
                     n="a-1850"
                     ecep:lem="to"
                     ecep:pos="p-acp"
                     ecep:reg="to"
                     ecep:spe="to"
                     ecep:syllab="1"
                     ecep:pron="tuː">to</w>
                  <c> </c>
                  <w xmlns:ecep="http://www.eighteenthcenturypoetry.org/ns"
                     xml:id="bsb18-691510"
                     n="a-1860"
                     ecep:lem="my"
                     ecep:pos="po11"
                     ecep:reg="my"
                     ecep:spe="my"
                     ecep:syllab="1"
                     ecep:pron="maɪ">my</w>
                  <c> </c>
                  <w xmlns:ecep="http://www.eighteenthcenturypoetry.org/ns"
                     xml:id="bsb18-691520"
                     n="a-1870"
                     ecep:lem="labour"
                     ecep:pos="n1"
                     ecep:reg="labour"
                     ecep:spe="labour"
                     ecep:syllab="2"
                     ecep:pron="ˈleɪbə">labour</w>
                  <c> </c>
                  <w xmlns:ecep="http://www.eighteenthcenturypoetry.org/ns"
                     xml:id="bsb18-691530"
                     n="a-1880"
                     ecep:lem="the"
                     ecep:pos="dt"
                     ecep:reg="the"
                     ecep:spe="the"
                     ecep:syllab="1"
                     ecep:pron="ðiː">the</w>
                  <c> </c>
                  <w xmlns:ecep="http://www.eighteenthcenturypoetry.org/ns"
                     xml:id="bsb18-691540"
                     n="a-1890"
                     ecep:lem="hour"
                     ecep:pos="n2"
                     ecep:reg="hours"
                     ecep:spe="hours"
                     ecep:syllab="1"
                     ecep:pron="æəz">hours</w>
                  <c> </c>
                  <w xmlns:ecep="http://www.eighteenthcenturypoetry.org/ns"
                     xml:id="bsb18-691550"
                     n="a-1900"
                     ecep:lem="sweet"
                     ecep:pos="av-j"
                     ecep:reg="sweetly"
                     ecep:spe="sweetly"
                     ecep:syllab="2"
                     ecep:pron="swiːtli">sweetly</w>
                  <c> </c>
                  <w xmlns:ecep="http://www.eighteenthcenturypoetry.org/ns"
                     xml:id="bsb18-691560"
                     n="a-1910"
                     ecep:lem="pass"
                     ecep:pos="vvi"
                     ecep:reg="pass"
                     ecep:spe="pass"
                     ecep:syllab="1"
                     ecep:pron="pɑːs">pass</w>
                  <pc xmlns:ecep="http://www.eighteenthcenturypoetry.org/ns"
                      xml:id="bsb18-691570"
                      n="a-1920"
                      ecep:lem=","
                      ecep:pos=","
                      ecep:reg=","
                      ecep:spe=",">,</pc>
               </l>
               <l xml:id="bsb18-l31215">
                  <c> </c>
                  <w xmlns:ecep="http://www.eighteenthcenturypoetry.org/ns"
                     xml:id="bsb18-691580"
                     n="a-1930"
                     ecep:lem="though"
                     ecep:pos="c-acp"
                     ecep:reg="Though"
                     ecep:spe="Though"
                     ecep:syllab="1"
                     ecep:pron="ðəʊ">Though</w>
                  <c> </c>
                  <w xmlns:ecep="http://www.eighteenthcenturypoetry.org/ns"
                     xml:id="bsb18-691590"
                     n="a-1940"
                     ecep:lem="at"
                     ecep:pos="p-acp"
                     ecep:reg="at"
                     ecep:spe="at"
                     ecep:syllab="1"
                     ecep:pron="æt">at</w>
                  <c> </c>
                  <w xmlns:ecep="http://www.eighteenthcenturypoetry.org/ns"
                     xml:id="bsb18-691600"
                     n="a-1950"
                     ecep:lem="Saturday"
                     ecep:pos="np1"
                     ecep:reg="Saturday"
                     ecep:spe="Saturday"
                     ecep:syllab="3"
                     ecep:pron="ˈsætədeɪ">Saturday</w>
                  <c> </c>
                  <w xmlns:ecep="http://www.eighteenthcenturypoetry.org/ns"
                     xml:id="bsb18-691610"
                     n="a-1960"
                     ecep:lem="night"
                     ecep:pos="n1"
                     ecep:reg="night"
                     ecep:spe="night"
                     ecep:syllab="1"
                     ecep:pron="naɪt">night</w>
                  <c> </c>
                  <w xmlns:ecep="http://www.eighteenthcenturypoetry.org/ns"
                     xml:id="bsb18-691620"
                     n="a-1970"
                     ecep:lem="i"
                     ecep:pos="pns11"
                     ecep:reg="I"
                     ecep:spe="I"
                     ecep:syllab="1"
                     ecep:pron="aɪ">I</w>
                  <c> </c>
                  <w xmlns:ecep="http://www.eighteenthcenturypoetry.org/ns"
                     xml:id="bsb18-691630"
                     n="a-1980"
                     ecep:lem="be"
                     ecep:pos="vbm"
                     ecep:reg="am"
                     ecep:spe="am"
                     ecep:syllab="1"
                     ecep:pron="æm">am</w>
                  <c> </c>
                  <w xmlns:ecep="http://www.eighteenthcenturypoetry.org/ns"
                     xml:id="bsb18-691640"
                     n="a-1990"
                     ecep:lem="just"
                     ecep:pos="j"
                     ecep:reg="just"
                     ecep:spe="just"
                     ecep:syllab="1"
                     ecep:pron="dʒʌst">just</w>
                  <c> </c>
                  <w xmlns:ecep="http://www.eighteenthcenturypoetry.org/ns"
                     xml:id="bsb18-691650"
                     n="a-2000"
                     ecep:lem="where"
                     ecep:pos="c-crq"
                     ecep:reg="where"
                     ecep:spe="where"
                     ecep:syllab="1"
                     ecep:pron="weə">where</w>
                  <c> </c>
                  <w xmlns:ecep="http://www.eighteenthcenturypoetry.org/ns"
                     xml:id="bsb18-691660"
                     n="a-2010"
                     ecep:lem="i"
                     ecep:pos="pns11"
                     ecep:reg="I"
                     ecep:spe="I"
                     ecep:syllab="1"
                     ecep:pron="aɪ">I</w>
                  <c> </c>
                  <w xmlns:ecep="http://www.eighteenthcenturypoetry.org/ns"
                     xml:id="bsb18-691670"
                     n="a-2020"
                     ecep:lem="be"
                     ecep:pos="vbds"
                     ecep:reg="was"
                     ecep:spe="was"
                     ecep:syllab="1"
                     ecep:pron="wɒz">was</w>
                  <pc xmlns:ecep="http://www.eighteenthcenturypoetry.org/ns"
                      xml:id="bsb18-691680"
                      n="a-2030"
                      unit="sentence"
                      ecep:lem="."
                      ecep:pos="."
                      ecep:reg="."
                      ecep:spe=".">.</pc>
                  <c> </c>
               </l>
            </lg>
         </div>
      </body>
   </text>
</TEI>
