<?xml version="1.0" encoding="utf-8"?>
<!DOCTYPE div
  SYSTEM "about:legacy-compat">
<div xmlns:tei="http://www.tei-c.org/ns/1.0"
     xmlns="http://www.tei-c.org/ns/1.0"
     xmlns:ecep="http://www.eighteenthcenturypoetry.org/ns"
     ana="#iamb #tetrameter #trimeter #ballad #sestet #epigram #tail"
     corresp="#txt_NugeEa1709_w0021"
     ecep:syllab="8.8.6.8.8.6"
     met="-+|-+|-+|-+/      -+|-+|-+|-+/      -+|-+|-+/      -+|-+|-+|-+/      -+|-+|-+|-+/      -+|-+|-+/"
     n="7"
     rendition="#lgvspace"
     rhyme="aabccb"
     subtype="eceptext"
     type="epigram"
     xml:id="o5153-w0796"
     decls="#semi-normalized">
   <link target="authors.xml#aut_NugeEa1709" type="author"/>
   <link target="22444" type="DMI"/>
   <head type="main">
      <w xml:id="o5153-516310"
         n="237-a-0210"
         ecep:lem="epigram"
         ecep:pos="n1"
         ecep:reg="EPIGRAM"
         ecep:spe="EPIGRAM"
         ecep:syllab="3"
         ecep:pron="ˈepɪgræm">EPIGRAM</w>
      <c> </c>
      <w xml:id="o5153-516320"
         n="237-a-0220"
         ecep:lem="vii"
         ecep:pos="crd"
         ecep:reg="VII"
         ecep:spe="VII"
         ecep:syllab="1"
         ecep:pron="rˌəʊmənsˈevən">VII</w>
      <pc xml:id="o5153-516330"
          n="237-a-0230"
          unit="sentence"
          ecep:lem="."
          ecep:pos="."
          ecep:reg="."
          ecep:spe=".">.</pc>
   </head>
   <lg>
      <l xml:id="o5153-l27195">
         <w xml:id="o5153-516350"
            n="237-a-0240"
            ecep:lem="i"
            ecep:pos="pns11"
            ecep:reg="I"
            ecep:spe="I"
            ecep:syllab="1"
            ecep:pron="aɪ">I</w>
         <c> </c>
         <w xml:id="o5153-516360"
            n="237-a-0250"
            ecep:lem="swear"
            ecep:pos="vvd"
            ecep:reg="Swore"
            ecep:spe="Swore"
            ecep:syllab="1"
            ecep:pron="swɔː">Swore</w>
         <c> </c>
         <w xml:id="o5153-516370"
            n="237-a-0260"
            ecep:lem="i"
            ecep:pos="pns11"
            ecep:reg="I"
            ecep:spe="I"
            ecep:syllab="1"
            ecep:pron="aɪ">I</w>
         <c> </c>
         <w xml:id="o5153-516380"
            n="237-a-0270"
            ecep:lem="love"
            ecep:pos="vvd"
            ecep:reg="loved"
            ecep:spe="lov'd"
            ecep:syllab="1"
            ecep:pron="ˈlʌvd">lov'd</w>
         <pc xml:id="o5153-516390"
             n="237-a-0280"
             ecep:lem=","
             ecep:pos=","
             ecep:reg=","
             ecep:spe=",">,</pc>
         <c> </c>
         <w xml:id="o5153-516400"
            n="237-a-0290"
            ecep:lem="and"
            ecep:pos="cc"
            ecep:reg="and"
            ecep:spe="and"
            ecep:syllab="1"
            ecep:pron="ænd">and</w>
         <c> </c>
         <w xml:id="o5153-516410"
            n="237-a-0300"
            ecep:lem="you"
            ecep:pos="pn22"
            ecep:reg="you"
            ecep:spe="you"
            ecep:syllab="1"
            ecep:pron="juː">you</w>
         <c> </c>
         <w xml:id="o5153-516420"
            n="237-a-0310"
            ecep:lem="believe"
            ecep:pos="vvd"
            ecep:reg="believed"
            ecep:spe="believ'd"
            ecep:syllab="2"
            ecep:pron="biˈliːvd">believ'd</w>
         <pc xml:id="o5153-516430"
             n="237-a-0320"
             ecep:lem=","
             ecep:pos=","
             ecep:reg=","
             ecep:spe=",">,</pc>
      </l>
      <l xml:id="o5153-l27200">
         <w xml:id="o5153-516440"
            n="237-a-0330"
            ecep:lem="yet"
            ecep:pos="av"
            ecep:reg="Yet"
            ecep:spe="Yet"
            ecep:syllab="1"
            ecep:pron="jet">Yet</w>
         <pc xml:id="o5153-516450"
             n="237-a-0340"
             ecep:lem=","
             ecep:pos=","
             ecep:reg=","
             ecep:spe=",">,</pc>
         <c> </c>
         <w xml:id="o5153-516460"
            n="237-a-0350"
            ecep:lem="trust"
            ecep:pos="vvb"
            ecep:reg="trust"
            ecep:spe="trust"
            ecep:syllab="1"
            ecep:pron="trʌst">trust</w>
         <c> </c>
         <w xml:id="o5153-516470"
            n="237-a-0360"
            ecep:lem="i"
            ecep:pos="pno11"
            ecep:reg="me"
            ecep:spe="me"
            ecep:syllab="1"
            ecep:pron="miː">me</w>
         <pc xml:id="o5153-516480"
             n="237-a-0370"
             ecep:lem=","
             ecep:pos=","
             ecep:reg=","
             ecep:spe=",">,</pc>
         <c> </c>
         <w xml:id="o5153-516490"
            n="237-a-0380"
            ecep:lem="we"
            ecep:pos="pns12"
            ecep:reg="we"
            ecep:spe="we"
            ecep:syllab="1"
            ecep:pron="wiː">we</w>
         <c> </c>
         <w xml:id="o5153-516500"
            n="237-a-0390"
            ecep:lem="be"
            ecep:pos="vbdr"
            ecep:reg="were"
            ecep:spe="were"
            ecep:syllab="1"
            ecep:pron="wɜː">were</w>
         <c> </c>
         <w xml:id="o5153-516510"
            n="237-a-0400"
            ecep:lem="both"
            ecep:pos="d"
            ecep:reg="both"
            ecep:spe="both"
            ecep:syllab="1"
            ecep:pron="bəʊθ">both</w>
         <c> </c>
         <w xml:id="o5153-516520"
            n="237-a-0410"
            ecep:lem="deceive"
            ecep:pos="vvn"
            ecep:reg="deceived"
            ecep:spe="deceiv'd"
            ecep:syllab="2"
            ecep:pron="diˈsiːvd">deceiv'd</w>
         <pc xml:id="o5153-516530"
             n="237-a-0420"
             ecep:lem=";"
             ecep:pos=";"
             ecep:reg=";"
             ecep:spe=";">;</pc>
      </l>
      <l xml:id="o5153-l27205">
         <w xml:id="o5153-516540"
            n="237-a-0430"
            ecep:lem="though"
            ecep:pos="c-acp"
            ecep:reg="Though"
            ecep:spe="Tho'"
            ecep:syllab="1"
            ecep:pron="ðəʊ">Tho'</w>
         <c> </c>
         <w xml:id="o5153-516550"
            n="237-a-0440"
            ecep:lem="all"
            ecep:pos="d"
            ecep:reg="all"
            ecep:spe="all"
            ecep:syllab="1"
            ecep:pron="ɔːl">all</w>
         <c> </c>
         <w xml:id="o5153-516560"
            n="237-a-0450"
            ecep:lem="i"
            ecep:pos="pns11"
            ecep:reg="I"
            ecep:spe="I"
            ecep:syllab="1"
            ecep:pron="aɪ">I</w>
         <c> </c>
         <w xml:id="o5153-516570"
            n="237-a-0460"
            ecep:lem="swear"
            ecep:pos="vvd"
            ecep:reg="swore"
            ecep:spe="swore"
            ecep:syllab="1"
            ecep:pron="swɔː">swore</w>
         <pc xml:id="o5153-516580"
             n="237-a-0470"
             ecep:lem=","
             ecep:pos=","
             ecep:reg=","
             ecep:spe=",">,</pc>
         <c> </c>
         <w xml:id="o5153-516590"
            n="237-a-0480"
            ecep:lem="be"
            ecep:pos="vbds"
            ecep:reg="was"
            ecep:spe="was"
            ecep:syllab="1"
            ecep:pron="wɒz">was</w>
         <c> </c>
         <w xml:id="o5153-516600"
            n="237-a-0490"
            ecep:lem="true"
            ecep:pos="j"
            ecep:reg="true"
            ecep:spe="true"
            ecep:syllab="1"
            ecep:pron="truː">true</w>
         <pc xml:id="o5153-516610"
             n="237-a-0500"
             unit="sentence"
             ecep:lem="."
             ecep:pos="."
             ecep:reg="."
             ecep:spe=".">.</pc>
      </l>
      <l xml:id="o5153-l27210">
         <w xml:id="o5153-516620"
            n="237-a-0510"
            ecep:lem="i"
            ecep:pos="pns11"
            ecep:reg="I"
            ecep:spe="I"
            ecep:syllab="1"
            ecep:pron="aɪ">I</w>
         <c> </c>
         <w xml:id="o5153-516630"
            n="237-a-0520"
            ecep:lem="love"
            ecep:pos="vvd"
            ecep:reg="loved"
            ecep:spe="lov'd"
            ecep:syllab="1"
            ecep:pron="ˈlʌvd">lov'd</w>
         <c> </c>
         <w xml:id="o5153-516640"
            n="237-a-0530"
            ecep:lem="one"
            ecep:pos="crd"
            ecep:reg="one"
            ecep:spe="one"
            ecep:syllab="1"
            ecep:pron="wʌn">one</w>
         <c> </c>
         <w xml:id="o5153-516650"
            n="237-a-0540"
            ecep:lem="generous"
            ecep:pos="j"
            ecep:reg="generous"
            ecep:spe="gen'rous"
            ecep:syllab="2"
            ecep:pron="ˈdʒenrəs">gen'rous</w>
         <pc xml:id="o5153-516660"
             n="237-a-0550"
             ecep:lem=","
             ecep:pos=","
             ecep:reg=","
             ecep:spe=",">,</pc>
         <c> </c>
         <w xml:id="o5153-516670"
            n="237-a-0560"
            ecep:lem="good"
            ecep:pos="j"
            ecep:reg="good"
            ecep:spe="good"
            ecep:syllab="1"
            ecep:pron="gʊd">good</w>
         <pc xml:id="o5153-516680"
             n="237-a-0570"
             ecep:lem=","
             ecep:pos=","
             ecep:reg=","
             ecep:spe=",">,</pc>
         <c> </c>
         <w xml:id="o5153-516690"
            n="237-a-0580"
            ecep:lem="and"
            ecep:pos="cc"
            ecep:reg="and"
            ecep:spe="and"
            ecep:syllab="1"
            ecep:pron="ænd">and</w>
         <c> </c>
         <w xml:id="o5153-516700"
            n="237-a-0590"
            ecep:lem="kind"
            ecep:pos="j"
            ecep:reg="kind"
            ecep:spe="kind"
            ecep:syllab="1"
            ecep:pron="kaɪnd">kind</w>
         <pc xml:id="o5153-516710"
             n="237-a-0600"
             ecep:lem=","
             ecep:pos=","
             ecep:reg=","
             ecep:spe=",">,</pc>
      </l>
      <l xml:id="o5153-l27215">
         <w xml:id="o5153-516720"
            n="237-a-0610"
            ecep:lem="a"
            ecep:pos="dt"
            ecep:reg="A"
            ecep:spe="A"
            ecep:syllab="1"
            ecep:pron="ə">A</w>
         <c> </c>
         <w xml:id="o5153-516730"
            n="237-a-0620"
            ecep:lem="form"
            ecep:pos="n1"
            ecep:reg="form"
            ecep:spe="form"
            ecep:syllab="1"
            ecep:pron="fɔːm">form</w>
         <c> </c>
         <w xml:id="o5153-516740"
            n="237-a-0630"
            ecep:lem="create"
            ecep:pos="vvn"
            ecep:reg="created"
            ecep:spe="created"
            ecep:syllab="3"
            ecep:pron="kriˈeɪtɪd">created</w>
         <c> </c>
         <w xml:id="o5153-516750"
            n="237-a-0640"
            ecep:lem="in"
            ecep:pos="p-acp"
            ecep:reg="in"
            ecep:spe="in"
            ecep:syllab="1"
            ecep:pron="ɪn">in</w>
         <c> </c>
         <w xml:id="o5153-516760"
            n="237-a-0650"
            ecep:lem="my"
            ecep:pos="po11"
            ecep:reg="my"
            ecep:spe="my"
            ecep:syllab="1"
            ecep:pron="maɪ">my</w>
         <c> </c>
         <w xml:id="o5153-516770"
            n="237-a-0660"
            ecep:lem="mind"
            ecep:pos="n1"
            ecep:reg="mind"
            ecep:spe="mind"
            ecep:syllab="1"
            ecep:pron="maɪnd">mind</w>
         <pc xml:id="o5153-516780"
             n="237-a-0670"
             ecep:lem=";"
             ecep:pos=";"
             ecep:reg=";"
             ecep:spe=";">;</pc>
      </l>
      <l xml:id="o5153-l27220">
         <w xml:id="o5153-516790"
            n="237-a-0680"
            ecep:lem="and"
            ecep:pos="cc"
            ecep:reg="And"
            ecep:spe="And"
            ecep:syllab="1"
            ecep:pron="ænd">And</w>
         <c> </c>
         <w xml:id="o5153-516800"
            n="237-a-0690"
            ecep:lem="think"
            ecep:pos="vvd"
            ecep:reg="thought"
            ecep:spe="thought"
            ecep:syllab="1"
            ecep:pron="θɔːt">thought</w>
         <c> </c>
         <w xml:id="o5153-516810"
            n="237-a-0700"
            ecep:lem="that"
            ecep:pos="d"
            ecep:reg="that"
            ecep:spe="that"
            ecep:syllab="1"
            ecep:pron="ðæt">that</w>
         <c> </c>
         <w xml:id="o5153-516820"
            n="237-a-0710"
            ecep:lem="form"
            ecep:pos="n1"
            ecep:reg="form"
            ecep:spe="form"
            ecep:syllab="1"
            ecep:pron="fɔːm">form</w>
         <c> </c>
         <w xml:id="o5153-516830"
            n="237-a-0720"
            ecep:lem="be"
            ecep:pos="vbds"
            ecep:reg="was"
            ecep:spe="was"
            ecep:syllab="1"
            ecep:pron="wɒz">was</w>
         <c> </c>
         <w xml:id="o5153-516840"
            n="237-a-0730"
            ecep:lem="you"
            ecep:pos="pn22"
            ecep:reg="you"
            ecep:spe="you"
            ecep:syllab="1"
            ecep:pron="juː">you</w>
         <pc xml:id="o5153-516850"
             n="237-a-0740"
             unit="sentence"
             ecep:lem="."
             ecep:pos="."
             ecep:reg="."
             ecep:spe=".">.</pc>
      </l>
   </lg>
</div>
