<?xml version="1.0" encoding="UTF-8"?>
<?xml-model href="../tei_all.rnc" type="application/relax-ng-compact-syntax"?>
<TEI xmlns="http://www.tei-c.org/ns/1.0">
   <teiHeader>
      <fileDesc>
         <titleStmt>
            <title corresp="#txt_RoweEl1674_w0002">Platonick Love.</title>
            <author corresp="authors.xml#aut_RoweEl1674">Elizabeth Rowe (née Singer)</author>
            <respStmt>
               <name xml:id="AH">Alexander Huber</name>
               <resp>Editor</resp>
            </respStmt>
            <funder>
               <name type="institution" xml:id="BOD">Bodleian Libraries, University of Oxford</name>
               <address>
                  <addrLine>Broad Street</addrLine>
                  <addrLine>Oxford OX1 3BG</addrLine>
                  <addrLine>UK</addrLine>
               </address>
            </funder>
         </titleStmt>
         <publicationStmt>
            <publisher xml:id="ECPA">Eighteenth-Century Poetry Archive</publisher>
            <address>
               <addrLine>Taylor Institution Library</addrLine>
               <addrLine>St Giles'</addrLine>
               <addrLine>Oxford OX1 3NA</addrLine>
               <addrLine>UK</addrLine>
               <addrLine>
                  <email>info@eighteenthcenturypoetry.org</email>
               </addrLine>
               <addrLine>
                  <ref target="https://www.eighteenthcenturypoetry.org/">https://www.eighteenthcenturypoetry.org/</ref>
               </addrLine>
            </address>
            <pubPlace>Oxford</pubPlace>
            <availability status="restricted">
               <licence target="http://creativecommons.org/licenses/by-sa/3.0/">This work is licensed under a Creative Commons Attribution-ShareAlike 3.0 Unported License.</licence>
            </availability>
            <idno type="ESTC">R7317</idno>
            <idno type="TCP">A57734</idno>
         </publicationStmt>
         <sourceDesc>
            <bibl>
               <author>Rowe, Elizabeth Singer, 1674-1737.</author>
               <title>Poems on several occasions. Written by Philomela.</title>
               <pubPlace>London</pubPlace>
               <publisher>Printed for John Dunton at the Raven in Jewen-street</publisher>
               <date>1696</date>
               <biblScope>pp. 1-2.</biblScope>
               <extent>[24],72,69,[11]p.; 8⁰</extent>
            </bibl>
         </sourceDesc>
      </fileDesc>
      <encodingDesc>
         <projectDesc>
            <p>This e-text is part of the Works section of the Eighteenth-Century Poetry Archive (ECPA).</p>
            <p>XML created for the Eighteenth-Century Poetry Archive (ECPA).</p>
         </projectDesc>
         <editorialDecl>
            <p>The text has been typographically modernized, but without any silent modernization of
						spelling, capitalization, or punctuation. The source of the text is given and all editorial interventions
						have been recorded in textual notes. Based on the electronic text originally produced by the TCP project, this  text has been edited to conform to the recommendations found in Level 5 of the
						Best Practices for TEI in Libraries version 4.0.0.
					</p>
         </editorialDecl>
         <classDecl>
            <taxonomy xml:id="LCNAF">
               <bibl>Library of Congress Name Authority File (<abbr>LCNAF</abbr>)</bibl>
            </taxonomy>
         </classDecl>
         <tagsDecl>
            <rendition n="linegroups indented" xml:id="lgindent" scheme="css">text-indent: 1em;</rendition>
            <rendition n="linegroups vertically spaced" xml:id="lgvspace" scheme="css">margin-bottom: 1em;</rendition>
            <rendition n="aligned centrally" xml:id="align-center" scheme="css">text-align: center;</rendition>
            <rendition n="aligned right" xml:id="align-right" scheme="css">text-align: right;</rendition>
            <rendition n="aligned left" xml:id="align-left" scheme="css">text-align: left;</rendition>
            <rendition n="inline" xml:id="inline" scheme="css">display: inline</rendition>
            <rendition n="italic" xml:id="i" scheme="css">font-style: italic;</rendition>
            <rendition n="bold" xml:id="b" scheme="css">font-weight: bold;</rendition>
         </tagsDecl>
      </encodingDesc>
   </teiHeader>
   <text>
      <body>
         <div xmlns:ecep="http://www.eighteenthcenturypoetry.org/ns"
              xmlns:tei="http://www.tei-c.org/ns/1.0"
              ana="#iamb #pentameter #pair #quatrain #epigram"
              corresp="#txt_RoweEl1674_w0002"
              decls="#semi-normalized"
              ecep:syllab="10.10.10.10"
              met="-+|-+|-+|-+|-+/ -+|-+|-+|-+|-+/ -+|-+|-+|-+|-+/ -+|-+|-+|-+|-+/"
              rendition="#lgvspace"
              rhyme="aabb"
              subtype="eceptext"
              type="poem"
              xml:id="oar96-w0010">
            <link target="authors.xml#aut_RoweEl1674" type="author"/>
            <link subtype="reply" target="#oar96-w0020" type="related"/>
            <head type="main">
               <hi>
                  <w xml:id="oar96-022770"
                     n="13-b-0060"
                     ecep:lem="platonic"
                     ecep:pos="j"
                     ecep:reg="Platonic"
                     ecep:spe="Platonick"
                     ecep:syllab="3"
                     ecep:pron="plˈætənˌɪk">Platonick</w>
               </hi>
               <c> </c>
               <w xml:id="oar96-022780"
                  n="13-b-0070"
                  ecep:lem="love"
                  ecep:pos="np1-n"
                  ecep:reg="Love"
                  ecep:spe="Love"
                  ecep:syllab="1"
                  ecep:pron="lʌv">Love</w>
               <pc xml:id="oar96-022790"
                   n="13-b-0080"
                   unit="sentence"
                   ecep:lem="."
                   ecep:pos="."
                   ecep:reg="."
                   ecep:spe=".">.</pc>
            </head>
            <lg n="1" xml:id="oar96-s00030">
               <head>
                  <w xml:id="oar96-022830"
                     n="13-b-0090"
                     ecep:lem="i"
                     ecep:pos="pns11"
                     ecep:reg="I"
                     ecep:spe="I."
                     ecep:syllab="1"
                     ecep:pron="ˈaɪ">I.</w>
                  <pc unit="sentence" xml:id="oar96-022830-eos" n="13-b-0100"/>
               </head>
               <l xml:id="oar96-l00340">
                  <w xml:id="oar96-022850"
                     n="13-b-0110"
                     ecep:lem="so"
                     ecep:pos="av"
                     ecep:reg="SO"
                     ecep:spe="SO"
                     ecep:syllab="1"
                     ecep:pron="səʊ">SO</w>
                  <c> </c>
                  <w xml:id="oar96-022860"
                     n="13-b-0120"
                     ecep:lem="angel"
                     ecep:pos="n2"
                     ecep:reg="Angels"
                     ecep:spe="Angels"
                     ecep:syllab="2"
                     ecep:pron="ˈeɪndʒlz">Angels</w>
                  <c> </c>
                  <w xml:id="oar96-022870"
                     n="13-b-0130"
                     ecep:lem="love"
                     ecep:pos="vvb"
                     ecep:reg="Love"
                     ecep:spe="Love"
                     ecep:syllab="1"
                     ecep:pron="lʌv">Love</w>
                  <c> </c>
                  <w xml:id="oar96-022880"
                     n="13-b-0140"
                     ecep:lem="and"
                     ecep:pos="cc"
                     ecep:reg="and"
                     ecep:spe="and"
                     ecep:syllab="1"
                     ecep:pron="ænd">and</w>
                  <c> </c>
                  <w xml:id="oar96-022890"
                     n="13-b-0150"
                     ecep:lem="all"
                     ecep:pos="d"
                     ecep:reg="all"
                     ecep:spe="all"
                     ecep:syllab="1"
                     ecep:pron="ɔːl">all</w>
                  <c> </c>
                  <w xml:id="oar96-022900"
                     n="13-b-0160"
                     ecep:lem="the"
                     ecep:pos="dt"
                     ecep:reg="the"
                     ecep:spe="the"
                     ecep:syllab="1"
                     ecep:pron="ðiː">the</w>
                  <c> </c>
                  <w xml:id="oar96-022910"
                     n="13-b-0170"
                     ecep:lem="rest"
                     ecep:pos="n1"
                     ecep:reg="rest"
                     ecep:spe="rest"
                     ecep:syllab="1"
                     ecep:pron="rest">rest</w>
                  <c> </c>
                  <w xml:id="oar96-022920"
                     n="13-b-0180"
                     ecep:lem="be"
                     ecep:pos="vbz"
                     ecep:reg="is"
                     ecep:spe="is"
                     ecep:syllab="1"
                     ecep:pron="ɪz">is</w>
                  <c> </c>
                  <w xml:id="oar96-022930"
                     n="13-b-0190"
                     ecep:lem="dross"
                     ecep:pos="n1"
                     ecep:reg="dross"
                     ecep:spe="dross"
                     ecep:syllab="1"
                     ecep:pron="drɒs">dross</w>
                  <pc xml:id="oar96-022940"
                      n="13-b-0200"
                      ecep:lem=","
                      ecep:pos=","
                      ecep:reg=","
                      ecep:spe=",">,</pc>
               </l>
               <l xml:id="oar96-l00345">
                  <c> </c>
                  <w xml:id="oar96-022950"
                     n="13-b-0210"
                     ecep:lem="contract"
                     ecep:pos="vvn"
                     ecep:reg="Contracted"
                     ecep:spe="Contracted"
                     ecep:syllab="3"
                     ecep:pron="kənˈtræktɪd">Contracted</w>
                  <pc xml:id="oar96-022960"
                      n="13-b-0220"
                      ecep:lem=","
                      ecep:pos=","
                      ecep:reg=","
                      ecep:spe=",">,</pc>
                  <c> </c>
                  <w xml:id="oar96-022970"
                     n="13-b-0230"
                     ecep:lem="selfish"
                     ecep:pos="j"
                     ecep:reg="selfish"
                     ecep:spe="selfish"
                     ecep:syllab="2"
                     ecep:pron="ˈselfɪʃ">selfish</w>
                  <pc xml:id="oar96-022980"
                      n="13-b-0240"
                      ecep:lem=","
                      ecep:pos=","
                      ecep:reg=","
                      ecep:spe=",">,</pc>
                  <c> </c>
                  <w xml:id="oar96-022990"
                     n="13-b-0250"
                     ecep:lem="sensitive"
                     ecep:pos="j"
                     ecep:reg="sensitive"
                     ecep:spe="sensitive"
                     ecep:syllab="3"
                     ecep:pron="ˈsensɪtɪv">sensitive</w>
                  <c> </c>
                  <w xml:id="oar96-023000"
                     n="13-b-0260"
                     ecep:lem="and"
                     ecep:pos="cc"
                     ecep:reg="and"
                     ecep:spe="and"
                     ecep:syllab="1"
                     ecep:pron="ænd">and</w>
                  <c> </c>
                  <w xml:id="oar96-023010"
                     n="13-b-0270"
                     ecep:lem="gross"
                     ecep:pos="j"
                     ecep:reg="gross"
                     ecep:spe="gross"
                     ecep:syllab="1"
                     ecep:pron="grəʊs">gross</w>
                  <pc xml:id="oar96-023020"
                      n="13-b-0280"
                      unit="sentence"
                      ecep:lem="."
                      ecep:pos="."
                      ecep:reg="."
                      ecep:spe=".">.</pc>
                  <c> </c>
               </l>
               <l xml:id="oar96-l00350">
                  <w xml:id="oar96-023030"
                     n="13-b-0290"
                     ecep:lem="unlike"
                     ecep:pos="av-j"
                     ecep:reg="Unlike"
                     ecep:spe="Unlike"
                     ecep:syllab="2"
                     ecep:pron="ʌnˈlaɪk">Unlike</w>
                  <c> </c>
                  <w xml:id="oar96-023040"
                     n="13-b-0300"
                     ecep:lem="to"
                     ecep:pos="p-acp"
                     ecep:reg="to"
                     ecep:spe="to"
                     ecep:syllab="1"
                     ecep:pron="tuː">to</w>
                  <c> </c>
                  <w xml:id="oar96-023050"
                     n="13-b-0310"
                     ecep:lem="this"
                     ecep:pos="d"
                     ecep:reg="this"
                     ecep:spe="this"
                     ecep:syllab="1"
                     ecep:pron="ðɪs">this</w>
                  <pc xml:id="oar96-023060"
                      n="13-b-0320"
                      ecep:lem=","
                      ecep:pos=","
                      ecep:reg=","
                      ecep:spe=",">,</pc>
                  <c> </c>
                  <w xml:id="oar96-023070"
                     n="13-b-0330"
                     ecep:lem="all"
                     ecep:pos="d"
                     ecep:reg="all"
                     ecep:spe="all"
                     ecep:syllab="1"
                     ecep:pron="ɔːl">all</w>
                  <c> </c>
                  <w xml:id="oar96-023080"
                     n="13-b-0340"
                     ecep:lem="free"
                     ecep:pos="j"
                     ecep:reg="free"
                     ecep:spe="free"
                     ecep:syllab="1"
                     ecep:pron="friː">free</w>
                  <c> </c>
                  <w xml:id="oar96-023090"
                     n="13-b-0350"
                     ecep:lem="and"
                     ecep:pos="cc"
                     ecep:reg="and"
                     ecep:spe="and"
                     ecep:syllab="1"
                     ecep:pron="ænd">and</w>
                  <c> </c>
                  <w xml:id="oar96-023100"
                     n="13-b-0360"
                     ecep:lem="unconfined"
                     ecep:pos="j"
                     ecep:reg="unconfined"
                     ecep:spe="unconfin'd"
                     ecep:syllab="3"
                     ecep:pron="ˌʌnkənˈfaɪnd">unconfin'd</w>
                  <pc xml:id="oar96-023110"
                      n="13-b-0370"
                      ecep:lem=","
                      ecep:pos=","
                      ecep:reg=","
                      ecep:spe=",">,</pc>
               </l>
               <l xml:id="oar96-l00355">
                  <c> </c>
                  <w xml:id="oar96-023120"
                     n="13-b-0380"
                     ecep:lem="be"
                     ecep:pos="vbz"
                     ecep:reg="Is"
                     ecep:spe="Is"
                     ecep:syllab="1"
                     ecep:pron="ɪz">Is</w>
                  <c> </c>
                  <w xml:id="oar96-023130"
                     n="13-b-0390"
                     ecep:lem="that"
                     ecep:pos="d"
                     ecep:reg="that"
                     ecep:spe="that"
                     ecep:syllab="1"
                     ecep:pron="ðæt">that</w>
                  <c> </c>
                  <w xml:id="oar96-023140"
                     n="13-b-0400"
                     ecep:lem="bright"
                     ecep:pos="j"
                     ecep:reg="bright"
                     ecep:spe="bright"
                     ecep:syllab="1"
                     ecep:pron="braɪt">bright</w>
                  <c> </c>
                  <w xml:id="oar96-023150"
                     n="13-b-0410"
                     ecep:lem="flame"
                     ecep:pos="n1"
                     ecep:reg="flame"
                     ecep:spe="flame"
                     ecep:syllab="1"
                     ecep:pron="fleɪm">flame</w>
                  <c> </c>
                  <w xml:id="oar96-023160"
                     n="13-b-0420"
                     ecep:lem="i"
                     ecep:pos="pns11"
                     ecep:reg="I"
                     ecep:spe="I"
                     ecep:syllab="1"
                     ecep:pron="aɪ">I</w>
                  <c> </c>
                  <w xml:id="oar96-023170"
                     n="13-b-0430"
                     ecep:lem="bear"
                     ecep:pos="vvb"
                     ecep:reg="bear"
                     ecep:spe="bear"
                     ecep:syllab="1"
                     ecep:pron="beə">bear</w>
                  <c> </c>
                  <w xml:id="oar96-023180"
                     n="13-b-0440"
                     ecep:lem="thy"
                     ecep:pos="po21"
                     ecep:reg="thy"
                     ecep:spe="thy"
                     ecep:syllab="1"
                     ecep:pron="ðaɪ">thy</w>
                  <c> </c>
                  <w xml:id="oar96-023190"
                     n="13-b-0450"
                     ecep:lem="bright"
                     ecep:pos="jc"
                     ecep:reg="brighter"
                     ecep:spe="brighter"
                     ecep:syllab="2"
                     ecep:pron="braɪtə">brighter</w>
                  <c> </c>
                  <w xml:id="oar96-023200"
                     n="13-b-0460"
                     ecep:lem="mind"
                     ecep:pos="n1"
                     ecep:reg="mind"
                     ecep:spe="mind"
                     ecep:syllab="1"
                     ecep:pron="maɪnd">mind</w>
                  <pc xml:id="oar96-023210"
                      n="13-b-0470"
                      unit="sentence"
                      ecep:lem="."
                      ecep:pos="."
                      ecep:reg="."
                      ecep:spe=".">.</pc>
                  <c> </c>
               </l>
            </lg>
            <lg n="2" xml:id="oar96-s00035">
               <head>
                  <w xml:id="oar96-023250"
                     n="13-b-0480"
                     ecep:lem="ii"
                     ecep:pos="crd"
                     ecep:reg="II"
                     ecep:spe="II"
                     ecep:syllab="1"
                     ecep:pron="rˌəʊməntˈuː">II</w>
                  <pc xml:id="oar96-023260"
                      n="13-b-0490"
                      unit="sentence"
                      ecep:lem="."
                      ecep:pos="."
                      ecep:reg="."
                      ecep:spe=".">.</pc>
               </head>
               <l xml:id="oar96-l00360">
                  <w xml:id="oar96-023280"
                     n="13-b-0500"
                     ecep:lem="no"
                     ecep:pos="dx"
                     ecep:reg="No"
                     ecep:spe="No"
                     ecep:syllab="1"
                     ecep:pron="nəʊ">No</w>
                  <c> </c>
                  <w xml:id="oar96-023290"
                     n="13-b-0510"
                     ecep:lem="straggle"
                     ecep:pos="n-vvg"
                     ecep:reg="straggling"
                     ecep:spe="stragling"
                     ecep:syllab="2"
                     ecep:pron="strˈæglɪŋ">stragling</w>
                  <c> </c>
                  <w xml:id="oar96-023300"
                     n="13-b-0520"
                     ecep:lem="wish"
                     ecep:pos="vvi"
                     ecep:reg="wish"
                     ecep:spe="wish"
                     ecep:syllab="1"
                     ecep:pron="wɪʃ">wish</w>
                  <pc xml:id="oar96-023310"
                      n="13-b-0530"
                      ecep:lem=","
                      ecep:pos=","
                      ecep:reg=","
                      ecep:spe=",">,</pc>
                  <c> </c>
                  <w xml:id="oar96-023320"
                     n="13-b-0540"
                     ecep:lem="or"
                     ecep:pos="cc"
                     ecep:reg="or"
                     ecep:spe="or"
                     ecep:syllab="1"
                     ecep:pron="ɔː">or</w>
                  <c> </c>
                  <w xml:id="oar96-023330"
                     n="13-b-0550"
                     ecep:lem="symptom"
                     ecep:pos="n1"
                     ecep:reg="symptom"
                     ecep:spe="symptom"
                     ecep:syllab="2"
                     ecep:pron="ˈsɪmtəm">symptom</w>
                  <c> </c>
                  <w xml:id="oar96-023340"
                     n="13-b-0560"
                     ecep:lem="of"
                     ecep:pos="pp-f"
                     ecep:reg="of"
                     ecep:spe="of"
                     ecep:syllab="1"
                     ecep:pron="ɒv">of</w>
                  <c> </c>
                  <w xml:id="oar96-023350"
                     n="13-b-0570"
                     ecep:lem="desire"
                     ecep:pos="n1"
                     ecep:reg="desire"
                     ecep:spe="desire"
                     ecep:syllab="2"
                     ecep:pron="dɪˈzæə">desire</w>
                  <pc xml:id="oar96-023360"
                      n="13-b-0580"
                      ecep:lem=","
                      ecep:pos=","
                      ecep:reg=","
                      ecep:spe=",">,</pc>
               </l>
               <l xml:id="oar96-l00365">
                  <c> </c>
                  <w xml:id="oar96-023370"
                     n="13-b-0590"
                     ecep:lem="come"
                     ecep:pos="vvz"
                     ecep:reg="Comes"
                     ecep:spe="Comes"
                     ecep:syllab="1"
                     ecep:pron="kʌmz">Comes</w>
                  <c> </c>
                  <w xml:id="oar96-023380"
                     n="13-b-0600"
                     ecep:lem="near"
                     ecep:pos="av-j"
                     ecep:reg="near"
                     ecep:spe="near"
                     ecep:syllab="1"
                     ecep:pron="nɪə">near</w>
                  <c> </c>
                  <w xml:id="oar96-023390"
                     n="13-b-0610"
                     ecep:lem="the"
                     ecep:pos="dt"
                     ecep:reg="the"
                     ecep:spe="the"
                     ecep:syllab="1"
                     ecep:pron="ðiː">the</w>
                  <c> </c>
                  <w xml:id="oar96-023400"
                     n="13-b-0620"
                     ecep:lem="limit"
                     ecep:pos="n2"
                     ecep:reg="Limits"
                     ecep:spe="Limits"
                     ecep:syllab="2"
                     ecep:pron="ˈlɪmɪts">Limits</w>
                  <c> </c>
                  <w xml:id="oar96-023410"
                     n="13-b-0630"
                     ecep:lem="of"
                     ecep:pos="pp-f"
                     ecep:reg="of"
                     ecep:spe="of"
                     ecep:syllab="1"
                     ecep:pron="ɒv">of</w>
                  <c> </c>
                  <w xml:id="oar96-023420"
                     n="13-b-0640"
                     ecep:lem="this"
                     ecep:pos="d"
                     ecep:reg="this"
                     ecep:spe="this"
                     ecep:syllab="1"
                     ecep:pron="ðɪs">this</w>
                  <c> </c>
                  <w xml:id="oar96-023430"
                     n="13-b-0650"
                     ecep:lem="holy"
                     ecep:pos="j"
                     ecep:reg="holy"
                     ecep:spe="holy"
                     ecep:syllab="2"
                     ecep:pron="ˈhəʊli">holy</w>
                  <c> </c>
                  <w xml:id="oar96-023440"
                     n="13-b-0660"
                     ecep:lem="fire"
                     ecep:pos="n1"
                     ecep:reg="fire"
                     ecep:spe="fire"
                     ecep:syllab="1"
                     ecep:pron="fæə">fire</w>
                  <pc xml:id="oar96-023450"
                      n="13-b-0670"
                      ecep:lem=";"
                      ecep:pos=";"
                      ecep:reg=";"
                      ecep:spe=";">;</pc>
               </l>
               <pb facs="oar96/0029" n="2" rend="none"/>
               <l xml:id="oar96-l00370">
                  <c> </c>
                  <w xml:id="oar96-023460"
                     n="14-a-0010"
                     ecep:lem="yet"
                     ecep:pos="av"
                     ecep:reg="Yet"
                     ecep:spe="Yet"
                     ecep:syllab="1"
                     ecep:pron="jet">Yet</w>
                  <c> </c>
                  <w xml:id="oar96-023470"
                     n="14-a-0020"
                     ecep:lem="it|be"
                     ecep:pos="pn31|vbz"
                     ecep:reg="it's"
                     ecep:spe="'tis"
                     ecep:syllab="1"
                     ecep:pron="tɪz">'tis</w>
                  <c> </c>
                  <w xml:id="oar96-023480"
                     n="14-a-0030"
                     ecep:lem="intense"
                     ecep:pos="j"
                     ecep:reg="intense"
                     ecep:spe="intense"
                     ecep:syllab="2"
                     ecep:pron="ɪnˈtens">intense</w>
                  <c> </c>
                  <w xml:id="oar96-023490"
                     n="14-a-0040"
                     ecep:lem="and"
                     ecep:pos="cc"
                     ecep:reg="and"
                     ecep:spe="and"
                     ecep:syllab="1"
                     ecep:pron="ænd">and</w>
                  <c> </c>
                  <w xml:id="oar96-023500"
                     n="14-a-0050"
                     ecep:lem="active"
                     ecep:pos="j"
                     ecep:reg="active"
                     ecep:spe="active"
                     ecep:syllab="2"
                     ecep:pron="ˈæktɪv">active</w>
                  <pc xml:id="oar96-023510"
                      n="14-a-0060"
                      ecep:lem=","
                      ecep:pos=","
                      ecep:reg=","
                      ecep:spe=",">,</pc>
                  <c> </c>
                  <w xml:id="oar96-023520"
                     n="14-a-0070"
                     ecep:lem="though"
                     ecep:pos="c-acp"
                     ecep:reg="though"
                     ecep:spe="tho"
                     ecep:syllab="1"
                     ecep:pron="ðəʊ">tho</w>
                  <c> </c>
                  <w xml:id="oar96-023530"
                     n="14-a-0080"
                     ecep:lem="so"
                     ecep:pos="av"
                     ecep:reg="so"
                     ecep:spe="so"
                     ecep:syllab="1"
                     ecep:pron="səʊ">so</w>
                  <c> </c>
                  <w xml:id="oar96-023540"
                     n="14-a-0090"
                     ecep:lem="fine"
                     ecep:pos="j"
                     ecep:reg="fine"
                     ecep:spe="fine"
                     ecep:syllab="1"
                     ecep:pron="faɪn">fine</w>
                  <pc xml:id="oar96-023550"
                      n="14-a-0100"
                      ecep:lem=";"
                      ecep:pos=";"
                      ecep:reg=";"
                      ecep:spe=";">;</pc>
               </l>
               <l xml:id="oar96-l00375">
                  <c> </c>
                  <w xml:id="oar96-023560"
                     n="14-a-0110"
                     ecep:lem="for"
                     ecep:pos="p-acp"
                     ecep:reg="For"
                     ecep:spe="For"
                     ecep:syllab="1"
                     ecep:pron="fɔː">For</w>
                  <c> </c>
                  <w xml:id="oar96-023570"
                     n="14-a-0120"
                     ecep:lem="all"
                     ecep:pos="d"
                     ecep:reg="all"
                     ecep:spe="all"
                     ecep:syllab="1"
                     ecep:pron="ɔːl">all</w>
                  <c> </c>
                  <w xml:id="oar96-023580"
                     n="14-a-0130"
                     ecep:lem="my"
                     ecep:pos="po11"
                     ecep:reg="my"
                     ecep:spe="my"
                     ecep:syllab="1"
                     ecep:pron="maɪ">my</w>
                  <c> </c>
                  <w xml:id="oar96-023590"
                     n="14-a-0140"
                     ecep:lem="pure"
                     ecep:pos="j"
                     ecep:reg="pure"
                     ecep:spe="pure"
                     ecep:syllab="1"
                     ecep:pron="pjʊə">pure</w>
                  <c> </c>
                  <w xml:id="oar96-023600"
                     n="14-a-0150"
                     ecep:lem="immortal"
                     ecep:pos="j"
                     ecep:reg="immortal"
                     ecep:spe="immortal"
                     ecep:syllab="3"
                     ecep:pron="ɪˈmɔːtl">immortal</w>
                  <c> </c>
                  <w xml:id="oar96-023610"
                     n="14-a-0160"
                     ecep:lem="part"
                     ecep:pos="n1"
                     ecep:reg="part"
                     ecep:spe="part"
                     ecep:syllab="1"
                     ecep:pron="pɑːt">part</w>
                  <c> </c>
                  <w xml:id="oar96-023620"
                     n="14-a-0170"
                     ecep:lem="be"
                     ecep:pos="vbz"
                     ecep:reg="is"
                     ecep:spe="is"
                     ecep:syllab="1"
                     ecep:pron="ɪz">is</w>
                  <c> </c>
                  <w xml:id="oar96-023630"
                     n="14-a-0180"
                     ecep:lem="thy"
                     ecep:pos="po21"
                     ecep:reg="thine"
                     ecep:spe="thine"
                     ecep:syllab="1"
                     ecep:pron="ðaɪn">thine</w>
                  <pc xml:id="oar96-023640"
                      n="14-a-0190"
                      unit="sentence"
                      ecep:lem="."
                      ecep:pos="."
                      ecep:reg="."
                      ecep:spe=".">.</pc>
                  <c> </c>
               </l>
            </lg>
            <lg n="3" xml:id="oar96-s00040">
               <head>
                  <w xml:id="oar96-023680"
                     n="14-a-0200"
                     ecep:lem="iii"
                     ecep:pos="crd"
                     ecep:reg="III"
                     ecep:spe="III"
                     ecep:syllab="1"
                     ecep:pron="rˌəʊmənθrˈiː">III</w>
                  <pc xml:id="oar96-023690"
                      n="14-a-0210"
                      unit="sentence"
                      ecep:lem="."
                      ecep:pos="."
                      ecep:reg="."
                      ecep:spe=".">.</pc>
               </head>
               <l xml:id="oar96-l00380">
                  <w xml:id="oar96-023710"
                     n="14-a-0220"
                     ecep:lem="why"
                     ecep:pos="q-crq"
                     ecep:reg="Why"
                     ecep:spe="Why"
                     ecep:syllab="1"
                     ecep:pron="waɪ">Why</w>
                  <c> </c>
                  <w xml:id="oar96-023720"
                     n="14-a-0230"
                     ecep:lem="shall"
                     ecep:pos="vmd"
                     ecep:reg="should"
                     ecep:spe="should"
                     ecep:syllab="1"
                     ecep:pron="ʃʊd">should</w>
                  <c> </c>
                  <w xml:id="oar96-023730"
                     n="14-a-0240"
                     ecep:lem="i"
                     ecep:pos="pns11"
                     ecep:reg="I"
                     ecep:spe="I"
                     ecep:syllab="1"
                     ecep:pron="aɪ">I</w>
                  <c> </c>
                  <w xml:id="oar96-023740"
                     n="14-a-0250"
                     ecep:lem="then"
                     ecep:pos="av"
                     ecep:reg="then"
                     ecep:spe="then"
                     ecep:syllab="1"
                     ecep:pron="ðen">then</w>
                  <c> </c>
                  <w xml:id="oar96-023750"
                     n="14-a-0260"
                     ecep:lem="the"
                     ecep:pos="dt"
                     ecep:reg="the"
                     ecep:spe="the"
                     ecep:syllab="1"
                     ecep:pron="ðiː">the</w>
                  <c> </c>
                  <w xml:id="oar96-023760"
                     n="14-a-0270"
                     ecep:lem="heavenly"
                     ecep:pos="j"
                     ecep:reg="Heavenly"
                     ecep:spe="Heav'nly"
                     ecep:syllab="2"
                     ecep:pron="ˈhevnli">Heav'nly</w>
                  <c> </c>
                  <w xml:id="oar96-023770"
                     n="14-a-0280"
                     ecep:lem="spark"
                     ecep:pos="n1"
                     ecep:reg="spark"
                     ecep:spe="spark"
                     ecep:syllab="1"
                     ecep:pron="spɑːk">spark</w>
                  <c> </c>
                  <w xml:id="oar96-023780"
                     n="14-a-0290"
                     ecep:lem="controul"
                     ecep:pos="n1"
                     ecep:reg="control"
                     ecep:spe="controul"
                     ecep:syllab="2"
                     ecep:pron="kənˈtrəʊl">controul</w>
                  <pc xml:id="oar96-023790"
                      n="14-a-0300"
                      ecep:lem=","
                      ecep:pos=","
                      ecep:reg=","
                      ecep:spe=",">,</pc>
               </l>
               <l xml:id="oar96-l00385">
                  <c> </c>
                  <w xml:id="oar96-023800"
                     n="14-a-0310"
                     ecep:lem="since"
                     ecep:pos="c-acp"
                     ecep:reg="Since"
                     ecep:spe="Since"
                     ecep:syllab="1"
                     ecep:pron="sɪns">Since</w>
                  <c> </c>
                  <w xml:id="oar96-023810"
                     n="14-a-0320"
                     ecep:lem="there|be"
                     ecep:pos="pc-acp|vbz"
                     ecep:reg="there's"
                     ecep:spe="there's"
                     ecep:syllab="1"
                     ecep:pron="ðeəz">there's</w>
                  <c> </c>
                  <w xml:id="oar96-023820"
                     n="14-a-0330"
                     ecep:lem="no"
                     ecep:pos="dx"
                     ecep:reg="no"
                     ecep:spe="no"
                     ecep:syllab="1"
                     ecep:pron="nəʊ">no</w>
                  <c> </c>
                  <w xml:id="oar96-023830"
                     n="14-a-0340"
                     ecep:lem="bright"
                     ecep:pos="jc"
                     ecep:reg="brighter"
                     ecep:spe="brighter"
                     ecep:syllab="2"
                     ecep:pron="braɪtə">brighter</w>
                  <c> </c>
                  <w xml:id="oar96-023840"
                     n="14-a-0350"
                     ecep:lem="ray"
                     ecep:pos="n1"
                     ecep:reg="Ray"
                     ecep:spe="Ray"
                     ecep:syllab="1"
                     ecep:pron="reɪ">Ray</w>
                  <c> </c>
                  <w xml:id="oar96-023850"
                     n="14-a-0360"
                     ecep:lem="in"
                     ecep:pos="p-acp"
                     ecep:reg="in"
                     ecep:spe="in"
                     ecep:syllab="1"
                     ecep:pron="ɪn">in</w>
                  <c> </c>
                  <w xml:id="oar96-023860"
                     n="14-a-0370"
                     ecep:lem="all"
                     ecep:pos="d"
                     ecep:reg="all"
                     ecep:spe="all"
                     ecep:syllab="1"
                     ecep:pron="ɔːl">all</w>
                  <c> </c>
                  <w xml:id="oar96-023870"
                     n="14-a-0380"
                     ecep:lem="my"
                     ecep:pos="po11"
                     ecep:reg="my"
                     ecep:spe="my"
                     ecep:syllab="1"
                     ecep:pron="maɪ">my</w>
                  <c> </c>
                  <w xml:id="oar96-023880"
                     n="14-a-0390"
                     ecep:lem="soul"
                     ecep:pos="n1"
                     ecep:reg="Soul"
                     ecep:spe="Soul"
                     ecep:syllab="1"
                     ecep:pron="səʊl">Soul</w>
                  <pc xml:id="oar96-023890"
                      n="14-a-0400"
                      ecep:lem=","
                      ecep:pos=","
                      ecep:reg=","
                      ecep:spe=",">,</pc>
               </l>
               <l xml:id="oar96-l00390">
                  <c> </c>
                  <w xml:id="oar96-023900"
                     n="14-a-0410"
                     ecep:lem="why"
                     ecep:pos="q-crq"
                     ecep:reg="Why"
                     ecep:spe="Why"
                     ecep:syllab="1"
                     ecep:pron="waɪ">Why</w>
                  <c> </c>
                  <w xml:id="oar96-023910"
                     n="14-a-0420"
                     ecep:lem="shall"
                     ecep:pos="vmd"
                     ecep:reg="should"
                     ecep:spe="should"
                     ecep:syllab="1"
                     ecep:pron="ʃʊd">should</w>
                  <c> </c>
                  <w xml:id="oar96-023920"
                     n="14-a-0430"
                     ecep:lem="i"
                     ecep:pos="pns11"
                     ecep:reg="I"
                     ecep:spe="I"
                     ecep:syllab="1"
                     ecep:pron="aɪ">I</w>
                  <c> </c>
                  <w xml:id="oar96-023930"
                     n="14-a-0440"
                     ecep:lem="blush"
                     ecep:pos="vvi"
                     ecep:reg="blush"
                     ecep:spe="blush"
                     ecep:syllab="1"
                     ecep:pron="blʌʃ">blush</w>
                  <c> </c>
                  <w xml:id="oar96-023940"
                     n="14-a-0450"
                     ecep:lem="to"
                     ecep:pos="pc-acp"
                     ecep:reg="to"
                     ecep:spe="to"
                     ecep:syllab="1"
                     ecep:pron="tuː">to</w>
                  <c> </c>
                  <w xml:id="oar96-023950"
                     n="14-a-0460"
                     ecep:lem="indulge"
                     ecep:pos="vvi"
                     ecep:reg="indulge"
                     ecep:spe="indulge"
                     ecep:syllab="2"
                     ecep:pron="ɪnˈdʌldʒ">indulge</w>
                  <c> </c>
                  <w xml:id="oar96-023960"
                     n="14-a-0470"
                     ecep:lem="the"
                     ecep:pos="dt"
                     ecep:reg="the"
                     ecep:spe="the"
                     ecep:syllab="1"
                     ecep:pron="ðiː">the</w>
                  <c> </c>
                  <w xml:id="oar96-023970"
                     n="14-a-0480"
                     ecep:lem="noble"
                     ecep:pos="j"
                     ecep:reg="noble"
                     ecep:spe="noble"
                     ecep:syllab="2"
                     ecep:pron="ˈnəʊbl">noble</w>
                  <c> </c>
                  <w xml:id="oar96-023980"
                     n="14-a-0490"
                     ecep:lem="flame"
                     ecep:pos="n1"
                     ecep:reg="flame"
                     ecep:spe="flame"
                     ecep:syllab="1"
                     ecep:pron="fleɪm">flame</w>
                  <pc xml:id="oar96-023990"
                      n="14-a-0500"
                      ecep:lem=","
                      ecep:pos=","
                      ecep:reg=","
                      ecep:spe=",">,</pc>
               </l>
               <l xml:id="oar96-l00395">
                  <c> </c>
                  <w xml:id="oar96-024000"
                     n="14-a-0510"
                     ecep:lem="for"
                     ecep:pos="p-acp"
                     ecep:reg="For"
                     ecep:spe="For"
                     ecep:syllab="1"
                     ecep:pron="fɔː">For</w>
                  <c> </c>
                  <w xml:id="oar96-024010"
                     n="14-a-0520"
                     ecep:lem="which"
                     ecep:pos="r-crq"
                     ecep:reg="which"
                     ecep:spe="which"
                     ecep:syllab="1"
                     ecep:pron="wɪtʃ">which</w>
                  <c> </c>
                  <w xml:id="oar96-024020"
                     n="14-a-0530"
                     ecep:lem="even"
                     ecep:pos="j"
                     ecep:reg="even"
                     ecep:spe="even"
                     ecep:syllab="2"
                     ecep:pron="ˈiːvn">even</w>
                  <c> </c>
                  <w xml:id="oar96-024030"
                     n="14-a-0540"
                     ecep:lem="friendship"
                     ecep:pos="n1|vbz"
                     ecep:reg="friendship's"
                     ecep:spe="friendship's"
                     ecep:syllab="2"
                     ecep:pron="ˈfrenʃɪpz">friendship's</w>
                  <c> </c>
                  <w xml:id="oar96-024040"
                     n="14-a-0550"
                     ecep:lem="a"
                     ecep:pos="dt"
                     ecep:reg="a"
                     ecep:spe="a"
                     ecep:syllab="1"
                     ecep:pron="ə">a</w>
                  <c> </c>
                  <w xml:id="oar96-024050"
                     n="14-a-0560"
                     ecep:lem="degrade"
                     ecep:pos="j-vvg"
                     ecep:reg="degrading"
                     ecep:spe="degrading"
                     ecep:syllab="3"
                     ecep:pron="dɪˈgreɪdɪŋ">degrading</w>
                  <c> </c>
                  <w xml:id="oar96-024060"
                     n="14-a-0570"
                     ecep:lem="name"
                     ecep:pos="n1"
                     ecep:reg="name"
                     ecep:spe="name"
                     ecep:syllab="1"
                     ecep:pron="neɪm">name</w>
                  <pc xml:id="oar96-024070"
                      n="14-a-0580"
                      unit="sentence"
                      ecep:lem="."
                      ecep:pos="."
                      ecep:reg="."
                      ecep:spe=".">.</pc>
                  <c> </c>
               </l>
            </lg>
            <lg n="4" xml:id="oar96-s00045">
               <head>
                  <w xml:id="oar96-024110"
                     n="14-a-0590"
                     ecep:lem="iv"
                     ecep:pos="crd"
                     ecep:reg="IV"
                     ecep:spe="IV"
                     ecep:syllab="1"
                     ecep:pron="rˌəʊmənfˈɔː">IV</w>
                  <pc xml:id="oar96-024120"
                      n="14-a-0600"
                      unit="sentence"
                      ecep:lem="."
                      ecep:pos="."
                      ecep:reg="."
                      ecep:spe=".">.</pc>
               </head>
               <l xml:id="oar96-l00400">
                  <w xml:id="oar96-024140"
                     n="14-a-0610"
                     ecep:lem="nor"
                     ecep:pos="ccx"
                     ecep:reg="Nor"
                     ecep:spe="Nor"
                     ecep:syllab="1"
                     ecep:pron="nɔː">Nor</w>
                  <c> </c>
                  <w xml:id="oar96-024150"
                     n="14-a-0620"
                     ecep:lem="be"
                     ecep:pos="vbz"
                     ecep:reg="is"
                     ecep:spe="is"
                     ecep:syllab="1"
                     ecep:pron="ɪz">is</w>
                  <c> </c>
                  <w xml:id="oar96-024160"
                     n="14-a-0630"
                     ecep:lem="the"
                     ecep:pos="dt"
                     ecep:reg="the"
                     ecep:spe="the"
                     ecep:syllab="1"
                     ecep:pron="ðiː">the</w>
                  <c> </c>
                  <w xml:id="oar96-024170"
                     n="14-a-0640"
                     ecep:lem="greatness"
                     ecep:pos="n1"
                     ecep:reg="greatness"
                     ecep:spe="greatness"
                     ecep:syllab="2"
                     ecep:pron="greɪtnəs">greatness</w>
                  <c> </c>
                  <w xml:id="oar96-024180"
                     n="14-a-0650"
                     ecep:lem="of"
                     ecep:pos="pp-f"
                     ecep:reg="of"
                     ecep:spe="of"
                     ecep:syllab="1"
                     ecep:pron="ɒv">of</w>
                  <c> </c>
                  <w xml:id="oar96-024190"
                     n="14-a-0660"
                     ecep:lem="my"
                     ecep:pos="po11"
                     ecep:reg="my"
                     ecep:spe="my"
                     ecep:syllab="1"
                     ecep:pron="maɪ">my</w>
                  <c> </c>
                  <w xml:id="oar96-024200"
                     n="14-a-0670"
                     ecep:lem="love"
                     ecep:pos="n1"
                     ecep:reg="Love"
                     ecep:spe="Love"
                     ecep:syllab="1"
                     ecep:pron="lʌv">Love</w>
                  <c> </c>
                  <w xml:id="oar96-024210"
                     n="14-a-0680"
                     ecep:lem="to"
                     ecep:pos="p-acp"
                     ecep:reg="to"
                     ecep:spe="to"
                     ecep:syllab="1"
                     ecep:pron="tuː">to</w>
                  <c> </c>
                  <w xml:id="oar96-024220"
                     n="14-a-0690"
                     ecep:lem="thou"
                     ecep:pos="pno21"
                     ecep:reg="thee"
                     ecep:spe="thee"
                     ecep:syllab="1"
                     ecep:pron="ðiː">thee</w>
                  <pc xml:id="oar96-024230"
                      n="14-a-0700"
                      ecep:lem=","
                      ecep:pos=","
                      ecep:reg=","
                      ecep:spe=",">,</pc>
               </l>
               <l xml:id="oar96-l00405">
                  <c> </c>
                  <w xml:id="oar96-024240"
                     n="14-a-0710"
                     ecep:lem="a"
                     ecep:pos="dt"
                     ecep:reg="A"
                     ecep:spe="A"
                     ecep:syllab="1"
                     ecep:pron="ə">A</w>
                  <c> </c>
                  <w xml:id="oar96-024250"
                     n="14-a-0720"
                     ecep:lem="sacrilege"
                     ecep:pos="n1"
                     ecep:reg="sacrilege"
                     ecep:spe="sacriledge"
                     ecep:syllab="3"
                     ecep:pron="sˈækrɪlˌɪdʒ">sacriledge</w>
                  <c> </c>
                  <w xml:id="oar96-024260"
                     n="14-a-0730"
                     ecep:lem="unto"
                     ecep:pos="p-acp"
                     ecep:reg="unto"
                     ecep:spe="unto"
                     ecep:syllab="2"
                     ecep:pron="ˈʌntuː">unto</w>
                  <c> </c>
                  <w xml:id="oar96-024270"
                     n="14-a-0740"
                     ecep:lem="the"
                     ecep:pos="dt"
                     ecep:reg="the"
                     ecep:spe="the"
                     ecep:syllab="1"
                     ecep:pron="ðiː">the</w>
                  <c> </c>
                  <w xml:id="oar96-024280"
                     n="14-a-0750"
                     ecep:lem="deity"
                     ecep:pos="n1"
                     ecep:reg="Deity"
                     ecep:spe="Deity"
                     ecep:syllab="3"
                     ecep:pron="ˈdeɪɪti">Deity</w>
                  <pc xml:id="oar96-024290"
                      n="14-a-0760"
                      ecep:lem=","
                      ecep:pos=","
                      ecep:reg=","
                      ecep:spe=",">,</pc>
               </l>
               <l xml:id="oar96-l00410">
                  <c> </c>
                  <w xml:id="oar96-024300"
                     n="14-a-0770"
                     ecep:lem="can"
                     ecep:pos="vmb"
                     ecep:reg="Can"
                     ecep:spe="Can"
                     ecep:syllab="1"
                     ecep:pron="kæn">Can</w>
                  <c> </c>
                  <w xml:id="oar96-024310"
                     n="14-a-0780"
                     ecep:lem="i"
                     ecep:pos="pns11"
                     ecep:reg="I"
                     ecep:spe="I"
                     ecep:syllab="1"
                     ecep:pron="aɪ">I</w>
                  <c> </c>
                  <w xml:id="oar96-024320"
                     n="14-a-0790"
                     ecep:lem="the"
                     ecep:pos="dt"
                     ecep:reg="the"
                     ecep:spe="th'"
                     ecep:syllab="0"
                     ecep:pron="ð">th'</w>
                  <c> </c>
                  <w xml:id="oar96-024330"
                     n="14-a-0800"
                     ecep:lem="entice"
                     ecep:pos="j-vvg"
                     ecep:reg="enticing"
                     ecep:spe="enticing"
                     ecep:syllab="3"
                     ecep:pron="ɪnˈtaɪsɪŋ">enticing</w>
                  <c> </c>
                  <w xml:id="oar96-024340"
                     n="14-a-0810"
                     ecep:lem="stream"
                     ecep:pos="n1"
                     ecep:reg="stream"
                     ecep:spe="stream"
                     ecep:syllab="1"
                     ecep:pron="striːm">stream</w>
                  <c> </c>
                  <w xml:id="oar96-024350"
                     n="14-a-0820"
                     ecep:lem="almost"
                     ecep:pos="av"
                     ecep:reg="almost"
                     ecep:spe="almost"
                     ecep:syllab="2"
                     ecep:pron="ˈɔːlməʊst">almost</w>
                  <c> </c>
                  <w xml:id="oar96-024360"
                     n="14-a-0830"
                     ecep:lem="adore"
                     ecep:pos="vvb"
                     ecep:reg="adore"
                     ecep:spe="adore"
                     ecep:syllab="2"
                     ecep:pron="əˈdɔː">adore</w>
                  <pc xml:id="oar96-024370"
                      n="14-a-0840"
                      ecep:lem=","
                      ecep:pos=","
                      ecep:reg=","
                      ecep:spe=",">,</pc>
               </l>
               <l xml:id="oar96-l00415">
                  <c> </c>
                  <w xml:id="oar96-024380"
                     n="14-a-0850"
                     ecep:lem="and"
                     ecep:pos="cc"
                     ecep:reg="And"
                     ecep:spe="And"
                     ecep:syllab="1"
                     ecep:pron="ænd">And</w>
                  <c> </c>
                  <w xml:id="oar96-024390"
                     n="14-a-0860"
                     ecep:lem="not"
                     ecep:pos="xx"
                     ecep:reg="not"
                     ecep:spe="not"
                     ecep:syllab="1"
                     ecep:pron="nɒt">not</w>
                  <c> </c>
                  <w xml:id="oar96-024400"
                     n="14-a-0870"
                     ecep:lem="respect"
                     ecep:pos="vvi"
                     ecep:reg="respect"
                     ecep:spe="respect"
                     ecep:syllab="2"
                     ecep:pron="rɪˈspekt">respect</w>
                  <c> </c>
                  <w xml:id="oar96-024410"
                     n="14-a-0880"
                     ecep:lem="its"
                     ecep:pos="po31"
                     ecep:reg="its"
                     ecep:spe="its"
                     ecep:syllab="1"
                     ecep:pron="ɪts">its</w>
                  <c> </c>
                  <w xml:id="oar96-024420"
                     n="14-a-0890"
                     ecep:lem="lovely"
                     ecep:pos="j"
                     ecep:reg="lovely"
                     ecep:spe="lovely"
                     ecep:syllab="2"
                     ecep:pron="ˈlʌvli">lovely</w>
                  <c> </c>
                  <w xml:id="oar96-024430"
                     n="14-a-0900"
                     ecep:lem="fountain"
                     ecep:pos="n1"
                     ecep:reg="fountain"
                     ecep:spe="fountain"
                     ecep:syllab="2"
                     ecep:pron="ˈfaʊntɪn">fountain</w>
                  <c> </c>
                  <w xml:id="oar96-024440"
                     n="14-a-0910"
                     ecep:lem="more"
                     ecep:pos="av-dc"
                     ecep:reg="more"
                     ecep:spe="more"
                     ecep:syllab="1"
                     ecep:pron="mɔː">more</w>
                  <pc xml:id="oar96-024450"
                      n="14-a-0920"
                      unit="sentence"
                      ecep:lem="?"
                      ecep:pos="?"
                      ecep:reg="?"
                      ecep:spe="?">?</pc>
                  <c> </c>
               </l>
            </lg>
         </div>
      </body>
   </text>
</TEI>
