<?xml version="1.0" encoding="utf-8"?>
<!DOCTYPE div
  SYSTEM "about:legacy-compat">
<div xmlns:ecep="http://www.eighteenthcenturypoetry.org/ns"
     xmlns="http://www.tei-c.org/ns/1.0"
     xmlns:tei="http://www.tei-c.org/ns/1.0"
     ana="#iamb #tetrameter #trimeter #quatrain #cross #eulogy"
     corresp="#txt_CowpWi1731_w0021"
     decls="#semi-normalized"
     ecep:syllab="8.6.8.6"
     met="-+|-+|-+|-+/ -+|-+|-+/ -+|-+|-+|-+/ -+|-+|-+/"
     rendition="#lgvspace"
     rhyme="abab"
     subtype="eceptext"
     type="poem"
     xml:id="o3794-w0210">
   <link target="authors.xml#aut_CowpWi1731" type="author"/>
   <link subtype="topic" target="#o3794-w0200" type="related"/>
   <head type="main" xml:id="o3794-s00474">
      <w xml:id="o3794-554050"
         n="322-a-0010"
         ecep:lem="on"
         ecep:pos="p-acp"
         ecep:reg="ON"
         ecep:spe="ON"
         ecep:syllab="1"
         ecep:pron="ɒn">ON</w>
      <c> </c>
      <w xml:id="o3794-554060"
         n="322-a-0020"
         ecep:lem="the"
         ecep:pos="dt"
         ecep:reg="THE"
         ecep:spe="THE"
         ecep:syllab="1"
         ecep:pron="ðə">THE</w>
      <c> </c>
      <w xml:id="o3794-554070"
         n="322-a-0030"
         ecep:lem="same"
         ecep:pos="d"
         ecep:reg="SAME"
         ecep:spe="SAME"
         ecep:syllab="1"
         ecep:pron="seɪm">SAME</w>
      <pc xml:id="o3794-554080"
          n="322-a-0040"
          unit="sentence"
          ecep:lem="."
          ecep:pos="."
          ecep:reg="."
          ecep:spe=".">.</pc>
      <note place="bottom"
            n="[ed.]"
            resp="#AH"
            xml:id="app_CowpWi1731_w0021_n1">"On the fifth night of the Gordon Riots, Tuesday, 6 June 1780, the mob attacked the Bloomsbury Square 
									house of William Murray, first Earl of Mansfield (1705–93), Lord Chief Justice from 1756 to 1788. The rioters looted the house, burned its contents 
									on the street, and then set fire to the building itself." 
									(Baird/Ryskamp [1980-95], vol. 1, 411.)
								</note>
   </head>
   <lg n="1" xml:id="o3794-s00475">
      <head>
         <w xml:id="o3794-554120"
            n="322-a-0050"
            ecep:lem="1."
            ecep:pos="crd"
            ecep:reg="1."
            ecep:spe="1."
            ecep:syllab="1"
            ecep:pron="wˈɒn">1.</w>
         <pc unit="sentence" xml:id="o3794-554120-eos" n="322-a-0060"/>
      </head>
      <l xml:id="o3794-l30845">
         <w xml:id="o3794-554140"
            n="322-a-0070"
            ecep:lem="when"
            ecep:pos="c-crq"
            ecep:reg="WHEN"
            ecep:spe="WHEN"
            ecep:syllab="1"
            ecep:pron="wen">WHEN</w>
         <c> </c>
         <w xml:id="o3794-554150"
            n="322-a-0080"
            ecep:lem="wit"
            ecep:pos="n1"
            ecep:reg="wit"
            ecep:spe="wit"
            ecep:syllab="1"
            ecep:pron="wɪt">wit</w>
         <c> </c>
         <w xml:id="o3794-554160"
            n="322-a-0090"
            ecep:lem="and"
            ecep:pos="cc"
            ecep:reg="and"
            ecep:spe="and"
            ecep:syllab="1"
            ecep:pron="ænd">and</w>
         <c> </c>
         <w xml:id="o3794-554170"
            n="322-a-0100"
            ecep:lem="genius"
            ecep:pos="n1"
            ecep:reg="genius"
            ecep:spe="genius"
            ecep:syllab="2"
            ecep:pron="ˈdʒiːnɪəs">genius</w>
         <c> </c>
         <w xml:id="o3794-554180"
            n="322-a-0110"
            ecep:lem="meet"
            ecep:pos="vvi"
            ecep:reg="meet"
            ecep:spe="meet"
            ecep:syllab="1"
            ecep:pron="miːt">meet</w>
         <c> </c>
         <w xml:id="o3794-554190"
            n="322-a-0120"
            ecep:lem="their"
            ecep:pos="po32"
            ecep:reg="their"
            ecep:spe="their"
            ecep:syllab="1"
            ecep:pron="ðeə">their</w>
         <c> </c>
         <w xml:id="o3794-554200"
            n="322-a-0130"
            ecep:lem="doom"
            ecep:pos="n1"
            ecep:reg="doom"
            ecep:spe="doom"
            ecep:syllab="1"
            ecep:pron="duːm">doom</w>
      </l>
      <l xml:id="o3794-l30850">
         <c> </c>
         <w xml:id="o3794-554210"
            n="322-a-0140"
            ecep:lem="in"
            ecep:pos="p-acp"
            ecep:reg="In"
            ecep:spe="In"
            ecep:syllab="1"
            ecep:pron="ɪn">In</w>
         <c> </c>
         <w xml:id="o3794-554220"
            n="322-a-0150"
            ecep:lem="all"
            ecep:pos="d"
            ecep:reg="all"
            ecep:spe="all"
            ecep:syllab="1"
            ecep:pron="ɔːl">all</w>
         <c> </c>
         <w xml:id="o3794-554230"
            n="322-a-0160"
            ecep:lem="devour"
            ecep:pos="j-vvg"
            ecep:reg="devouring"
            ecep:spe="devouring"
            ecep:syllab="4"
            ecep:pron="dɪˈvaʊərɪŋ">devouring</w>
         <c> </c>
         <w xml:id="o3794-554240"
            n="322-a-0170"
            ecep:lem="flame"
            ecep:pos="n1"
            ecep:reg="flame"
            ecep:spe="flame"
            ecep:syllab="1"
            ecep:pron="fleɪm">flame</w>
         <pc xml:id="o3794-554250"
             n="322-a-0180"
             ecep:lem=","
             ecep:pos=","
             ecep:reg=","
             ecep:spe=",">,</pc>
      </l>
      <l xml:id="o3794-l30855">
         <c> </c>
         <w xml:id="o3794-554260"
            n="322-a-0190"
            ecep:lem="they"
            ecep:pos="pns32"
            ecep:reg="They"
            ecep:spe="They"
            ecep:syllab="1"
            ecep:pron="ðeɪ">They</w>
         <c> </c>
         <w xml:id="o3794-554270"
            n="322-a-0200"
            ecep:lem="tell"
            ecep:pos="vvb"
            ecep:reg="tell"
            ecep:spe="tell"
            ecep:syllab="1"
            ecep:pron="tel">tell</w>
         <c> </c>
         <w xml:id="o3794-554280"
            n="322-a-0210"
            ecep:lem="we"
            ecep:pos="pno12"
            ecep:reg="us"
            ecep:spe="us"
            ecep:syllab="2"
            ecep:pron="ʌs">us</w>
         <c> </c>
         <w xml:id="o3794-554290"
            n="322-a-0220"
            ecep:lem="of"
            ecep:pos="pp-f"
            ecep:reg="of"
            ecep:spe="of"
            ecep:syllab="1"
            ecep:pron="ɒv">of</w>
         <c> </c>
         <w xml:id="o3794-554300"
            n="322-a-0230"
            ecep:lem="the"
            ecep:pos="dt"
            ecep:reg="the"
            ecep:spe="the"
            ecep:syllab="1"
            ecep:pron="ðə">the</w>
         <c> </c>
         <w xml:id="o3794-554310"
            n="322-a-0240"
            ecep:lem="fate"
            ecep:pos="n1"
            ecep:reg="fate"
            ecep:spe="fate"
            ecep:syllab="1"
            ecep:pron="feɪt">fate</w>
         <c> </c>
         <w xml:id="o3794-554320"
            n="322-a-0250"
            ecep:lem="of"
            ecep:pos="pp-f"
            ecep:reg="of"
            ecep:spe="of"
            ecep:syllab="1"
            ecep:pron="ɒv">of</w>
         <c> </c>
         <w xml:id="o3794-554330"
            n="322-a-0260"
            ecep:lem="Rome"
            ecep:pos="np1"
            ecep:reg="Rome"
            ecep:spe="Rome"
            ecep:syllab="1"
            ecep:pron="ˈrəʊm">Rome</w>
         <pc xml:id="o3794-554340"
             n="322-a-0270"
             ecep:lem=","
             ecep:pos=","
             ecep:reg=","
             ecep:spe=",">,</pc>
      </l>
      <l xml:id="o3794-l30860">
         <c> </c>
         <w xml:id="o3794-554350"
            n="322-a-0280"
            ecep:lem="and"
            ecep:pos="cc"
            ecep:reg="And"
            ecep:spe="And"
            ecep:syllab="1"
            ecep:pron="ænd">And</w>
         <c> </c>
         <w xml:id="o3794-554360"
            n="322-a-0290"
            ecep:lem="bid"
            ecep:pos="vvb"
            ecep:reg="bid"
            ecep:spe="bid"
            ecep:syllab="1"
            ecep:pron="bɪd">bid</w>
         <c> </c>
         <w xml:id="o3794-554370"
            n="322-a-0300"
            ecep:lem="we"
            ecep:pos="pno12"
            ecep:reg="us"
            ecep:spe="us"
            ecep:syllab="2"
            ecep:pron="ʌs">us</w>
         <c> </c>
         <w xml:id="o3794-554380"
            n="322-a-0310"
            ecep:lem="fear"
            ecep:pos="vvi"
            ecep:reg="fear"
            ecep:spe="fear"
            ecep:syllab="1"
            ecep:pron="fɪə">fear</w>
         <c> </c>
         <w xml:id="o3794-554390"
            n="322-a-0320"
            ecep:lem="the"
            ecep:pos="dt"
            ecep:reg="the"
            ecep:spe="the"
            ecep:syllab="1"
            ecep:pron="ðə">the</w>
         <c> </c>
         <w xml:id="o3794-554400"
            n="322-a-0330"
            ecep:lem="same"
            ecep:pos="d"
            ecep:reg="same"
            ecep:spe="same"
            ecep:syllab="1"
            ecep:pron="seɪm">same</w>
         <pc xml:id="o3794-554410"
             n="322-a-0340"
             unit="sentence"
             ecep:lem="."
             ecep:pos="."
             ecep:reg="."
             ecep:spe=".">.</pc>
         <c> </c>
      </l>
   </lg>
   <lg n="2" xml:id="o3794-s00480">
      <head>
         <w xml:id="o3794-554450"
            n="322-a-0350"
            ecep:lem="2."
            ecep:pos="crd"
            ecep:reg="2."
            ecep:spe="2."
            ecep:syllab="1"
            ecep:pron="tˈuː">2.</w>
         <pc unit="sentence" xml:id="o3794-554450-eos" n="322-a-0360"/>
      </head>
      <l xml:id="o3794-l30865">
         <w xml:id="o3794-554470"
            n="322-a-0370"
            ecep:lem="over"
            ecep:pos="p-acp"
            ecep:reg="Over"
            ecep:spe="O'er"
            ecep:syllab="1"
            ecep:pron="əʊə">O'er</w>
         <c> </c>
         <w xml:id="o3794-554480"
            n="322-a-0380"
            ecep:lem="Murray"
            ecep:pos="npg1"
            ecep:reg="MURRAY'S"
            ecep:spe="MURRAY'S"
            ecep:syllab="2"
            ecep:pron="ˈmʌriz">MURRAY'S</w>
         <c> </c>
         <w xml:id="o3794-554490"
            n="322-a-0390"
            ecep:lem="loss"
            ecep:pos="n1"
            ecep:reg="loss"
            ecep:spe="loss"
            ecep:syllab="1"
            ecep:pron="lɒs">loss</w>
         <c> </c>
         <w xml:id="o3794-554500"
            n="322-a-0400"
            ecep:lem="the"
            ecep:pos="dt"
            ecep:reg="the"
            ecep:spe="the"
            ecep:syllab="1"
            ecep:pron="ðə">the</w>
         <c> </c>
         <w xml:id="o3794-554510"
            n="322-a-0410"
            ecep:lem="muse"
            ecep:pos="n2"
            ecep:reg="muses"
            ecep:spe="muses"
            ecep:syllab="2"
            ecep:pron="ˈmjuːzɪz">muses</w>
         <c> </c>
         <w xml:id="o3794-554520"
            n="322-a-0420"
            ecep:lem="weep"
            ecep:pos="vvd"
            ecep:reg="wept"
            ecep:spe="wept"
            ecep:syllab="1"
            ecep:pron="wept">wept</w>
         <pc xml:id="o3794-554530"
             n="322-a-0430"
             ecep:lem=","
             ecep:pos=","
             ecep:reg=","
             ecep:spe=",">,</pc>
      </l>
      <l xml:id="o3794-l30870">
         <c> </c>
         <w xml:id="o3794-554540"
            n="322-a-0440"
            ecep:lem="they"
            ecep:pos="pns32"
            ecep:reg="They"
            ecep:spe="They"
            ecep:syllab="1"
            ecep:pron="ðeɪ">They</w>
         <c> </c>
         <w xml:id="o3794-554550"
            n="322-a-0450"
            ecep:lem="feel"
            ecep:pos="vvd"
            ecep:reg="felt"
            ecep:spe="felt"
            ecep:syllab="1"
            ecep:pron="felt">felt</w>
         <c> </c>
         <w xml:id="o3794-554560"
            n="322-a-0460"
            ecep:lem="the"
            ecep:pos="dt"
            ecep:reg="the"
            ecep:spe="the"
            ecep:syllab="1"
            ecep:pron="ðə">the</w>
         <c> </c>
         <w xml:id="o3794-554570"
            n="322-a-0470"
            ecep:lem="rude"
            ecep:pos="j"
            ecep:reg="rude"
            ecep:spe="rude"
            ecep:syllab="1"
            ecep:pron="ruːd">rude</w>
         <c> </c>
         <w xml:id="o3794-554580"
            n="322-a-0480"
            ecep:lem="alarm"
            ecep:pos="n1"
            ecep:reg="alarm"
            ecep:spe="alarm"
            ecep:syllab="2"
            ecep:pron="əˈlɑːm">alarm</w>
         <pc xml:id="o3794-554590"
             n="322-a-0490"
             ecep:lem=","
             ecep:pos=","
             ecep:reg=","
             ecep:spe=",">,</pc>
      </l>
      <l xml:id="o3794-l30875">
         <c> </c>
         <w xml:id="o3794-554600"
            n="322-a-0500"
            ecep:lem="yet"
            ecep:pos="av"
            ecep:reg="Yet"
            ecep:spe="Yet"
            ecep:syllab="1"
            ecep:pron="jet">Yet</w>
         <c> </c>
         <w xml:id="o3794-554610"
            n="322-a-0510"
            ecep:lem="bless"
            ecep:pos="vvd"
            ecep:reg="blessed"
            ecep:spe="bless'd"
            ecep:syllab="1"
            ecep:pron="ˈblesɪd">bless'd</w>
         <c> </c>
         <w xml:id="o3794-554620"
            n="322-a-0520"
            ecep:lem="the"
            ecep:pos="dt"
            ecep:reg="the"
            ecep:spe="the"
            ecep:syllab="1"
            ecep:pron="ðə">the</w>
         <c> </c>
         <w xml:id="o3794-554630"
            n="322-a-0530"
            ecep:lem="guardian"
            ecep:pos="n1"
            ecep:reg="guardian"
            ecep:spe="guardian"
            ecep:syllab="3"
            ecep:pron="ˈgɑːdɪən">guardian</w>
         <c> </c>
         <w xml:id="o3794-554640"
            n="322-a-0540"
            ecep:lem="care"
            ecep:pos="n1"
            ecep:reg="care"
            ecep:spe="care"
            ecep:syllab="1"
            ecep:pron="keə">care</w>
         <c> </c>
         <w xml:id="o3794-554650"
            n="322-a-0550"
            ecep:lem="that"
            ecep:pos="cst"
            ecep:reg="that"
            ecep:spe="that"
            ecep:syllab="1"
            ecep:pron="ðæt">that</w>
         <c> </c>
         <w xml:id="o3794-554660"
            n="322-a-0560"
            ecep:lem="keep"
            ecep:pos="vvd"
            ecep:reg="kept"
            ecep:spe="kept"
            ecep:syllab="1"
            ecep:pron="kept">kept</w>
      </l>
      <l xml:id="o3794-l30880">
         <c> </c>
         <w xml:id="o3794-554670"
            n="322-a-0570"
            ecep:lem="his"
            ecep:pos="po31"
            ecep:reg="His"
            ecep:spe="His"
            ecep:syllab="1"
            ecep:pron="hɪz">His</w>
         <c> </c>
         <w xml:id="o3794-554680"
            n="322-a-0580"
            ecep:lem="sacred"
            ecep:pos="j"
            ecep:reg="sacred"
            ecep:spe="sacred"
            ecep:syllab="2"
            ecep:pron="ˈseɪkrɪd">sacred</w>
         <c> </c>
         <w xml:id="o3794-554690"
            n="322-a-0590"
            ecep:lem="head"
            ecep:pos="n1"
            ecep:reg="head"
            ecep:spe="head"
            ecep:syllab="1"
            ecep:pron="hed">head</w>
         <c> </c>
         <w xml:id="o3794-554700"
            n="322-a-0600"
            ecep:lem="from"
            ecep:pos="p-acp"
            ecep:reg="from"
            ecep:spe="from"
            ecep:syllab="1"
            ecep:pron="frɒm">from</w>
         <c> </c>
         <w xml:id="o3794-554710"
            n="322-a-0610"
            ecep:lem="harm"
            ecep:pos="n1"
            ecep:reg="harm"
            ecep:spe="harm"
            ecep:syllab="1"
            ecep:pron="hɑːm">harm</w>
         <pc xml:id="o3794-554720"
             n="322-a-0620"
             unit="sentence"
             ecep:lem="."
             ecep:pos="."
             ecep:reg="."
             ecep:spe=".">.</pc>
         <c> </c>
      </l>
   </lg>
   <lg n="3" xml:id="o3794-s00485">
      <head>
         <w xml:id="o3794-554760"
            n="322-a-0630"
            ecep:lem="3."
            ecep:pos="crd"
            ecep:reg="3."
            ecep:spe="3."
            ecep:syllab="1"
            ecep:pron="θrˈiː">3.</w>
         <pc unit="sentence" xml:id="o3794-554760-eos" n="322-a-0640"/>
      </head>
      <l xml:id="o3794-l30885">
         <w xml:id="o3794-554780"
            n="322-a-0650"
            ecep:lem="there"
            ecep:pos="a-acp"
            ecep:reg="There"
            ecep:spe="There"
            ecep:syllab="1"
            ecep:pron="ðeə">There</w>
         <c> </c>
         <w xml:id="o3794-554790"
            n="322-a-0660"
            ecep:lem="memory"
            ecep:pos="n1"
            ecep:reg="memory"
            ecep:spe="mem'ry"
            ecep:syllab="2"
            ecep:pron="ˈmemri">mem'ry</w>
         <pc xml:id="o3794-554800"
             n="322-a-0670"
             ecep:lem=","
             ecep:pos=","
             ecep:reg=","
             ecep:spe=",">,</pc>
         <c> </c>
         <w xml:id="o3794-554810"
            n="322-a-0680"
            ecep:lem="like"
            ecep:pos="av-j"
            ecep:reg="like"
            ecep:spe="like"
            ecep:syllab="1"
            ecep:pron="laɪk">like</w>
         <c> </c>
         <w xml:id="o3794-554820"
            n="322-a-0690"
            ecep:lem="the"
            ecep:pos="dt"
            ecep:reg="the"
            ecep:spe="the"
            ecep:syllab="1"
            ecep:pron="ðə">the</w>
         <c> </c>
         <w xml:id="o3794-554830"
            n="322-a-0700"
            ecep:lem="bee"
            ecep:pos="n1"
            ecep:reg="bee"
            ecep:spe="bee"
            ecep:syllab="1"
            ecep:pron="biː">bee</w>
         <c> </c>
         <w xml:id="o3794-554840"
            n="322-a-0710"
            ecep:lem="that|be"
            ecep:pos="cst|vbz"
            ecep:reg="that's"
            ecep:spe="that's"
            ecep:syllab="1"
            ecep:pron="ðæts">that's</w>
         <c> </c>
         <w xml:id="o3794-554850"
            n="322-a-0720"
            ecep:lem="feed"
            ecep:pos="vvn"
            ecep:reg="fed"
            ecep:spe="fed"
            ecep:syllab="1"
            ecep:pron="fed">fed</w>
      </l>
      <l xml:id="o3794-l30890">
         <c> </c>
         <w xml:id="o3794-554860"
            n="322-a-0730"
            ecep:lem="from"
            ecep:pos="p-acp"
            ecep:reg="From"
            ecep:spe="From"
            ecep:syllab="1"
            ecep:pron="frɒm">From</w>
         <c> </c>
         <w xml:id="o3794-554870"
            n="322-a-0740"
            ecep:lem="Flora"
            ecep:pos="npg1"
            ecep:reg="Flora's"
            ecep:spe="Flora's"
            ecep:syllab="2"
            ecep:pron="ˈflɔːrəz">Flora's</w>
         <c> </c>
         <w xml:id="o3794-554880"
            n="322-a-0750"
            ecep:lem="balmy"
            ecep:pos="j"
            ecep:reg="balmy"
            ecep:spe="balmy"
            ecep:syllab="2"
            ecep:pron="ˈbɑːmɪ">balmy</w>
         <c> </c>
         <w xml:id="o3794-554890"
            n="322-a-0760"
            ecep:lem="store"
            ecep:pos="n1"
            ecep:reg="store"
            ecep:spe="store"
            ecep:syllab="1"
            ecep:pron="stɔː">store</w>
         <pc xml:id="o3794-554900"
             n="322-a-0770"
             ecep:lem=","
             ecep:pos=","
             ecep:reg=","
             ecep:spe=",">,</pc>
      </l>
      <l xml:id="o3794-l30895">
         <c> </c>
         <w xml:id="o3794-554910"
            n="322-a-0780"
            ecep:lem="the"
            ecep:pos="dt"
            ecep:reg="The"
            ecep:spe="The"
            ecep:syllab="1"
            ecep:pron="ðə">The</w>
         <c> </c>
         <w xml:id="o3794-554920"
            n="322-a-0790"
            ecep:lem="quintessence"
            ecep:pos="n1"
            ecep:reg="quintessence"
            ecep:spe="quintessence"
            ecep:syllab="3"
            ecep:pron="kwɪnˈtesəns">quintessence</w>
         <c> </c>
         <w xml:id="o3794-554930"
            n="322-a-0800"
            ecep:lem="of"
            ecep:pos="pp-f"
            ecep:reg="of"
            ecep:spe="of"
            ecep:syllab="1"
            ecep:pron="ɒv">of</w>
         <c> </c>
         <w xml:id="o3794-554940"
            n="322-a-0810"
            ecep:lem="all"
            ecep:pos="d"
            ecep:reg="all"
            ecep:spe="all"
            ecep:syllab="1"
            ecep:pron="ɔːl">all</w>
         <c> </c>
         <w xml:id="o3794-554950"
            n="322-a-0820"
            ecep:lem="he"
            ecep:pos="pns31"
            ecep:reg="he"
            ecep:spe="he"
            ecep:syllab="1"
            ecep:pron="hiː">he</w>
         <c> </c>
         <w xml:id="o3794-554960"
            n="322-a-0830"
            ecep:lem="read"
            ecep:pos="vvn"
            ecep:reg="read"
            ecep:spe="read"
            ecep:syllab="1"
            ecep:pron="red">read</w>
      </l>
      <l xml:id="o3794-l30900">
         <c> </c>
         <w xml:id="o3794-554970"
            n="322-a-0840"
            ecep:lem="have"
            ecep:pos="vhd"
            ecep:reg="Had"
            ecep:spe="Had"
            ecep:syllab="1"
            ecep:pron="hæd">Had</w>
         <c> </c>
         <w xml:id="o3794-554980"
            n="322-a-0850"
            ecep:lem="treasure"
            ecep:pos="vvn"
            ecep:reg="treasured"
            ecep:spe="treasur'd"
            ecep:syllab="2"
            ecep:pron="ˈtreʒəd">treasur'd</w>
         <c> </c>
         <w xml:id="o3794-554990"
            n="322-a-0860"
            ecep:lem="up"
            ecep:pos="a-acp"
            ecep:reg="up"
            ecep:spe="up"
            ecep:syllab="1"
            ecep:pron="ʌp">up</w>
         <c> </c>
         <w xml:id="o3794-555000"
            n="322-a-0870"
            ecep:lem="before"
            ecep:pos="a-acp"
            ecep:reg="before"
            ecep:spe="before"
            ecep:syllab="2"
            ecep:pron="bɪˈfɔː">before</w>
         <pc xml:id="o3794-555010"
             n="322-a-0880"
             unit="sentence"
             ecep:lem="."
             ecep:pos="."
             ecep:reg="."
             ecep:spe=".">.</pc>
         <c> </c>
      </l>
   </lg>
   <lg n="4" xml:id="o3794-s00490">
      <head>
         <w xml:id="o3794-555050"
            n="322-a-0890"
            ecep:lem="4."
            ecep:pos="crd"
            ecep:reg="4."
            ecep:spe="4."
            ecep:syllab="1"
            ecep:pron="fˈɔː">4.</w>
         <pc unit="sentence" xml:id="o3794-555050-eos" n="322-a-0900"/>
      </head>
      <l xml:id="o3794-l30905">
         <w xml:id="o3794-555070"
            n="322-a-0910"
            ecep:lem="the"
            ecep:pos="dt"
            ecep:reg="The"
            ecep:spe="The"
            ecep:syllab="1"
            ecep:pron="ðə">The</w>
         <c> </c>
         <w xml:id="o3794-555080"
            n="322-a-0920"
            ecep:lem="lawless"
            ecep:pos="j"
            ecep:reg="lawless"
            ecep:spe="lawless"
            ecep:syllab="2"
            ecep:pron="ˈlɔːlɪs">lawless</w>
         <c> </c>
         <w xml:id="o3794-555090"
            n="322-a-0930"
            ecep:lem="herd"
            ecep:pos="n1"
            ecep:reg="herd"
            ecep:spe="herd"
            ecep:syllab="1"
            ecep:pron="hɜːd">herd</w>
         <c> </c>
         <w xml:id="o3794-555100"
            n="322-a-0940"
            ecep:lem="with"
            ecep:pos="p-acp"
            ecep:reg="with"
            ecep:spe="with"
            ecep:syllab="1"
            ecep:pron="wɪð">with</w>
         <c> </c>
         <w xml:id="o3794-555110"
            n="322-a-0950"
            ecep:lem="fury"
            ecep:pos="n1"
            ecep:reg="fury"
            ecep:spe="fury"
            ecep:syllab="2"
            ecep:pron="ˈfjʊərɪ">fury</w>
         <c> </c>
         <w xml:id="o3794-555120"
            n="322-a-0960"
            ecep:lem="blind"
            ecep:pos="j"
            ecep:reg="blind"
            ecep:spe="blind"
            ecep:syllab="1"
            ecep:pron="blaɪnd">blind</w>
      </l>
      <l xml:id="o3794-l30910">
         <c> </c>
         <w xml:id="o3794-555130"
            n="322-a-0970"
            ecep:lem="have"
            ecep:pos="vhb"
            ecep:reg="Have"
            ecep:spe="Have"
            ecep:syllab="1"
            ecep:pron="hæv">Have</w>
         <c> </c>
         <w xml:id="o3794-555140"
            n="322-a-0980"
            ecep:lem="do"
            ecep:pos="vdn"
            ecep:reg="done"
            ecep:spe="done"
            ecep:syllab="1"
            ecep:pron="dʌn">done</w>
         <c> </c>
         <w xml:id="o3794-555150"
            n="322-a-0990"
            ecep:lem="he"
            ecep:pos="pno31"
            ecep:reg="him"
            ecep:spe="him"
            ecep:syllab="1"
            ecep:pron="hɪm">him</w>
         <c> </c>
         <w xml:id="o3794-555160"
            n="322-a-1000"
            ecep:lem="cruel"
            ecep:pos="j"
            ecep:reg="cruel"
            ecep:spe="cruel"
            ecep:syllab="2"
            ecep:pron="ˈkruːəl">cruel</w>
         <c> </c>
         <w xml:id="o3794-555170"
            n="322-a-1010"
            ecep:lem="wrong"
            ecep:pos="n-jn"
            ecep:reg="wrong"
            ecep:spe="wrong"
            ecep:syllab="1"
            ecep:pron="rɒŋ">wrong</w>
         <pc xml:id="o3794-555180"
             n="322-a-1020"
             ecep:lem=","
             ecep:pos=","
             ecep:reg=","
             ecep:spe=",">,</pc>
      </l>
      <l xml:id="o3794-l30915">
         <c> </c>
         <w xml:id="o3794-555190"
            n="322-a-1030"
            ecep:lem="the"
            ecep:pos="dt"
            ecep:reg="The"
            ecep:spe="The"
            ecep:syllab="1"
            ecep:pron="ðə">The</w>
         <c> </c>
         <w xml:id="o3794-555200"
            n="322-a-1040"
            ecep:lem="flower"
            ecep:pos="n2"
            ecep:reg="flowers"
            ecep:spe="flow'rs"
            ecep:syllab="1"
            ecep:pron="ˈflaʊəz">flow'rs</w>
         <c> </c>
         <w xml:id="o3794-555210"
            n="322-a-1050"
            ecep:lem="be"
            ecep:pos="vbr"
            ecep:reg="are"
            ecep:spe="are"
            ecep:syllab="1"
            ecep:pron="ɑː">are</w>
         <c> </c>
         <w xml:id="o3794-555220"
            n="322-a-1060"
            ecep:lem="go"
            ecep:pos="vvn"
            ecep:reg="gone"
            ecep:spe="gone"
            ecep:syllab="1"
            ecep:pron="gɒn">gone</w>
         <c> </c>
         <pc xml:id="o3794-555230"
             n="322-a-1070"
             ecep:lem="—"
             ecep:pos="—"
             ecep:reg="—"
             ecep:spe="—">—</pc>
         <c> </c>
         <w xml:id="o3794-555240"
            n="322-a-1080"
            ecep:lem="but"
            ecep:pos="cc-acp"
            ecep:reg="but"
            ecep:spe="but"
            ecep:syllab="1"
            ecep:pron="bʌt">but</w>
         <c> </c>
         <w xml:id="o3794-555250"
            n="322-a-1090"
            ecep:lem="still"
            ecep:pos="av"
            ecep:reg="still"
            ecep:spe="still"
            ecep:syllab="1"
            ecep:pron="stɪl">still</w>
         <c> </c>
         <w xml:id="o3794-555260"
            n="322-a-1100"
            ecep:lem="we"
            ecep:pos="pns12"
            ecep:reg="we"
            ecep:spe="we"
            ecep:syllab="1"
            ecep:pron="wiː">we</w>
         <c> </c>
         <w xml:id="o3794-555270"
            n="322-a-1110"
            ecep:lem="find"
            ecep:pos="vvb"
            ecep:reg="find"
            ecep:spe="find"
            ecep:syllab="1"
            ecep:pron="faɪnd">find</w>
      </l>
      <l xml:id="o3794-l30920">
         <c> </c>
         <w xml:id="o3794-555280"
            n="322-a-1120"
            ecep:lem="the"
            ecep:pos="dt"
            ecep:reg="The"
            ecep:spe="The"
            ecep:syllab="1"
            ecep:pron="ðə">The</w>
         <c> </c>
         <w xml:id="o3794-555290"
            n="322-a-1130"
            ecep:lem="honey"
            ecep:pos="n1"
            ecep:reg="honey"
            ecep:spe="honey"
            ecep:syllab="2"
            ecep:pron="ˈhʌnɪ">honey</w>
         <c> </c>
         <w xml:id="o3794-555300"
            n="322-a-1140"
            ecep:lem="on"
            ecep:pos="p-acp"
            ecep:reg="on"
            ecep:spe="on"
            ecep:syllab="1"
            ecep:pron="ɒn">on</w>
         <c> </c>
         <w xml:id="o3794-555310"
            n="322-a-1150"
            ecep:lem="his"
            ecep:pos="po31"
            ecep:reg="his"
            ecep:spe="his"
            ecep:syllab="1"
            ecep:pron="hɪz">his</w>
         <c> </c>
         <w xml:id="o3794-555320"
            n="322-a-1160"
            ecep:lem="tongue"
            ecep:pos="n1"
            ecep:reg="tongue"
            ecep:spe="tongue"
            ecep:syllab="1"
            ecep:pron="tʌŋ">tongue</w>
         <pc xml:id="o3794-555330"
             n="322-a-1170"
             unit="sentence"
             ecep:lem="."
             ecep:pos="."
             ecep:reg="."
             ecep:spe=".">.</pc>
         <c> </c>
      </l>
   </lg>
</div>
