<?xml version="1.0" encoding="utf-8"?>
<!DOCTYPE div
  SYSTEM "about:legacy-compat">
<div xmlns:ecep="http://www.eighteenthcenturypoetry.org/ns"
     xmlns="http://www.tei-c.org/ns/1.0"
     xmlns:tei="http://www.tei-c.org/ns/1.0"
     ana="#iamb #tetrameter #couplet #pair #occasional #address"
     corresp="#txt_WillHe1759_w0049"
     decls="#semi-normalized"
     ecep:syllab="8"
     met="-+|-+|-+|-+/"
     rendition="#lgvspace"
     rhyme="aa"
     subtype="eceptext"
     type="poem"
     xml:id="bhw18-w0490">
   <link target="authors.xml#aut_WillHe1759" type="author"/>
   <head type="main">
      <w xml:id="bhw18-456750"
         n="a-0010"
         ecep:lem="to"
         ecep:pos="p-acp"
         ecep:reg="TO"
         ecep:spe="TO"
         ecep:syllab="1"
         ecep:pron="tuː">TO</w>
      <c> </c>
      <w xml:id="bhw18-456760"
         n="a-0020"
         ecep:lem="JAMES"
         ecep:pos="np1"
         ecep:reg="JAMES"
         ecep:spe="JAMES"
         ecep:syllab="1"
         ecep:pron="ˈdʒeɪmz">JAMES</w>
      <c> </c>
      <w xml:id="bhw18-456770"
         n="a-0030"
         ecep:lem="Forbes"
         ecep:pos="np1"
         ecep:reg="FORBES"
         ecep:spe="FORBES"
         ecep:syllab="1"
         ecep:pron="ˈfɔːbz">FORBES</w>
      <pc xml:id="bhw18-456780"
          n="a-0040"
          ecep:lem=","
          ecep:pos=","
          ecep:reg=","
          ecep:spe=",">,</pc>
      <c> </c>
      <w xml:id="bhw18-456790"
         n="a-0050"
         ecep:lem="ESQ"
         ecep:pos="np1"
         ecep:reg="ESQ"
         ecep:spe="ESQ"
         ecep:syllab="1"
         ecep:pron="ˈesk">ESQ</w>
      <pc xml:id="bhw18-456800"
          n="a-0060"
          unit="sentence"
          ecep:lem="."
          ecep:pos="."
          ecep:reg="."
          ecep:spe=".">.</pc>
   </head>
   <head type="sub">
      <w xml:id="bhw18-456830"
         n="a-0070"
         ecep:lem="on"
         ecep:pos="p-acp"
         ecep:reg="ON"
         ecep:spe="ON"
         ecep:syllab="1"
         ecep:pron="ɒn">ON</w>
      <c> </c>
      <w xml:id="bhw18-456840"
         n="a-0080"
         ecep:lem="his"
         ecep:pos="po31"
         ecep:reg="HIS"
         ecep:spe="HIS"
         ecep:syllab="1"
         ecep:pron="hɪz">HIS</w>
      <c> </c>
      <w xml:id="bhw18-456850"
         n="a-0090"
         ecep:lem="bring"
         ecep:pos="vvg"
         ecep:reg="BRINGING"
         ecep:spe="BRINGING"
         ecep:syllab="2"
         ecep:pron="ˈbrɪŋɪŋ">BRINGING</w>
      <c> </c>
      <w xml:id="bhw18-456860"
         n="a-0100"
         ecep:lem="i"
         ecep:pos="pno11"
         ecep:reg="ME"
         ecep:spe="ME"
         ecep:syllab="1"
         ecep:pron="miː">ME</w>
      <c> </c>
      <w xml:id="bhw18-456870"
         n="a-0110"
         ecep:lem="flower"
         ecep:pos="n2"
         ecep:reg="FLOWERS"
         ecep:spe="FLOWERS"
         ecep:syllab="1"
         ecep:pron="ˈflaʊəz">FLOWERS</w>
      <c> </c>
      <w xml:id="bhw18-456880"
         n="a-0120"
         ecep:lem="from"
         ecep:pos="p-acp"
         ecep:reg="FROM"
         ecep:spe="FROM"
         ecep:syllab="1"
         ecep:pron="frɒm">FROM</w>
      <c> </c>
      <w xml:id="bhw18-456890"
         n="a-0130"
         ecep:lem="Vaucluse"
         ecep:pos="np1"
         ecep:reg="VAUCLUSE"
         ecep:spe="VAUCLUSE"
         ecep:syllab="2"
         ecep:pron="vˈɔːkluːs">VAUCLUSE</w>
      <pc xml:id="bhw18-456900"
          n="a-0140"
          ecep:lem=","
          ecep:pos=","
          ecep:reg=","
          ecep:spe=",">,</pc>
      <c> </c>
      <w xml:id="bhw18-456910"
         n="a-0150"
         ecep:lem="and"
         ecep:pos="cc"
         ecep:reg="AND"
         ecep:spe="AND"
         ecep:syllab="1"
         ecep:pron="ænd">AND</w>
      <c> </c>
      <w xml:id="bhw18-456920"
         n="a-0160"
         ecep:lem="which"
         ecep:pos="r-crq"
         ecep:reg="WHICH"
         ecep:spe="WHICH"
         ecep:syllab="1"
         ecep:pron="wɪtʃ">WHICH</w>
      <c> </c>
      <w xml:id="bhw18-456930"
         n="a-0170"
         ecep:lem="he"
         ecep:pos="pns31"
         ecep:reg="HE"
         ecep:spe="HE"
         ecep:syllab="1"
         ecep:pron="hiː">HE</w>
      <c> </c>
      <w xml:id="bhw18-456940"
         n="a-0180"
         ecep:lem="have"
         ecep:pos="vhd"
         ecep:reg="HAD"
         ecep:spe="HAD"
         ecep:syllab="1"
         ecep:pron="hæd">HAD</w>
      <c> </c>
      <w xml:id="bhw18-456950"
         n="a-0190"
         ecep:lem="preserve"
         ecep:pos="vvn"
         ecep:reg="PRESERVED"
         ecep:spe="PRESERVED"
         ecep:syllab="2"
         ecep:pron="priˈzɜːvd">PRESERVED</w>
      <c> </c>
      <w xml:id="bhw18-456960"
         n="a-0200"
         ecep:lem="by"
         ecep:pos="p-acp"
         ecep:reg="BY"
         ecep:spe="BY"
         ecep:syllab="1"
         ecep:pron="baɪ">BY</w>
      <c> </c>
      <w xml:id="bhw18-456970"
         n="a-0210"
         ecep:lem="mean"
         ecep:pos="n2"
         ecep:reg="MEANS"
         ecep:spe="MEANS"
         ecep:syllab="1"
         ecep:pron="miːnz">MEANS</w>
      <c> </c>
      <w xml:id="bhw18-456980"
         n="a-0220"
         ecep:lem="of"
         ecep:pos="pp-f"
         ecep:reg="OF"
         ecep:spe="OF"
         ecep:syllab="1"
         ecep:pron="ɒv">OF</w>
      <c> </c>
      <w xml:id="bhw18-456990"
         n="a-0230"
         ecep:lem="a"
         ecep:pos="dt"
         ecep:reg="AN"
         ecep:spe="AN"
         ecep:syllab="1"
         ecep:pron="æn">AN</w>
      <c> </c>
      <w xml:id="bhw18-457000"
         n="a-0240"
         ecep:lem="ingenious"
         ecep:pos="j"
         ecep:reg="INGENIOUS"
         ecep:spe="INGENIOUS"
         ecep:syllab="3"
         ecep:pron="ɪnˈdʒiːniəs">INGENIOUS</w>
      <c> </c>
      <w xml:id="bhw18-457010"
         n="a-0250"
         ecep:lem="process"
         ecep:pos="n1"
         ecep:reg="PROCESS"
         ecep:spe="PROCESS"
         ecep:syllab="2"
         ecep:pron="ˈprəʊses">PROCESS</w>
      <c> </c>
      <w xml:id="bhw18-457020"
         n="a-0260"
         ecep:lem="in"
         ecep:pos="p-acp"
         ecep:reg="IN"
         ecep:spe="IN"
         ecep:syllab="1"
         ecep:pron="ɪn">IN</w>
      <c> </c>
      <w xml:id="bhw18-457030"
         n="a-0270"
         ecep:lem="their"
         ecep:pos="po32"
         ecep:reg="THEIR"
         ecep:spe="THEIR"
         ecep:syllab="1"
         ecep:pron="ðeə">THEIR</w>
      <c> </c>
      <w xml:id="bhw18-457040"
         n="a-0280"
         ecep:lem="original"
         ecep:pos="j-jn"
         ecep:reg="ORIGINAL"
         ecep:spe="ORIGINAL"
         ecep:syllab="4"
         ecep:pron="əˈrɪdʒnəl">ORIGINAL</w>
      <c> </c>
      <w xml:id="bhw18-457050"
         n="a-0290"
         ecep:lem="beauty"
         ecep:pos="n1"
         ecep:reg="BEAUTY"
         ecep:spe="BEAUTY"
         ecep:syllab="2"
         ecep:pron="ˈbjuːti">BEAUTY</w>
      <pc xml:id="bhw18-457060"
          n="a-0300"
          unit="sentence"
          ecep:lem="."
          ecep:pos="."
          ecep:reg="."
          ecep:spe=".">.</pc>
   </head>
   <lg xml:id="bhw18-s01680">
      <l rendition="#h_3" xml:id="bhw18-l19380">
         <hi rendition="#sc">
            <w xml:id="bhw18-457090"
               n="a-0310"
               ecep:lem="sweet"
               ecep:pos="j"
               ecep:reg="SWEET"
               ecep:spe="SWEET"
               ecep:syllab="1"
               ecep:pron="swiːt">SWEET</w>
         </hi>
         <c> </c>
         <w xml:id="bhw18-457100"
            n="a-0320"
            ecep:lem="spoil"
            ecep:pos="n2"
            ecep:reg="spoils"
            ecep:spe="spoils"
            ecep:syllab="1"
            ecep:pron="spɔɪlz">spoils</w>
         <c> </c>
         <w xml:id="bhw18-457110"
            n="a-0330"
            ecep:lem="of"
            ecep:pos="pp-f"
            ecep:reg="of"
            ecep:spe="of"
            ecep:syllab="1"
            ecep:pron="ɒv">of</w>
         <c> </c>
         <w xml:id="bhw18-457120"
            n="a-0340"
            ecep:lem="consecrate"
            ecep:pos="j-vvn"
            ecep:reg="consecrated"
            ecep:spe="consecrated"
            ecep:syllab="4"
            ecep:pron="ˈkɒnsɪkreɪtɪd">consecrated</w>
         <c> </c>
         <w xml:id="bhw18-457130"
            n="a-0350"
            ecep:lem="bower"
            ecep:pos="n2"
            ecep:reg="bowers"
            ecep:spe="bowers"
            ecep:syllab="2"
            ecep:pron="ˈbaʊəz">bowers</w>
         <pc xml:id="bhw18-457140"
             n="a-0360"
             ecep:lem=","
             ecep:pos=","
             ecep:reg=","
             ecep:spe=",">,</pc>
      </l>
      <l xml:id="bhw18-l19385">
         <c> </c>
         <w xml:id="bhw18-457150"
            n="a-0370"
            ecep:lem="how"
            ecep:pos="c-crq"
            ecep:reg="How"
            ecep:spe="How"
            ecep:syllab="1"
            ecep:pron="haʊ">How</w>
         <c> </c>
         <w xml:id="bhw18-457160"
            n="a-0380"
            ecep:lem="dear"
            ecep:pos="j-jn"
            ecep:reg="dear"
            ecep:spe="dear"
            ecep:syllab="1"
            ecep:pron="dɪə">dear</w>
         <c> </c>
         <w xml:id="bhw18-457170"
            n="a-0390"
            ecep:lem="to"
            ecep:pos="p-acp"
            ecep:reg="to"
            ecep:spe="to"
            ecep:syllab="1"
            ecep:pron="tuː">to</w>
         <c> </c>
         <w xml:id="bhw18-457180"
            n="a-0400"
            ecep:lem="i"
            ecep:pos="pno11"
            ecep:reg="me"
            ecep:spe="me"
            ecep:syllab="1"
            ecep:pron="miː">me</w>
         <c> </c>
         <w xml:id="bhw18-457190"
            n="a-0410"
            ecep:lem="these"
            ecep:pos="d"
            ecep:reg="these"
            ecep:spe="these"
            ecep:syllab="1"
            ecep:pron="ðiːz">these</w>
         <c> </c>
         <w xml:id="bhw18-457200"
            n="a-0420"
            ecep:lem="choose"
            ecep:pos="j-vvn"
            ecep:reg="chosen"
            ecep:spe="chosen"
            ecep:syllab="2"
            ecep:pron="ˈtʃəʊzn">chosen</w>
         <c> </c>
         <w xml:id="bhw18-457210"
            n="a-0430"
            ecep:lem="flower"
            ecep:pos="n2"
            ecep:reg="flowers"
            ecep:spe="flowers"
            ecep:syllab="1"
            ecep:pron="ˈflaʊəz">flowers</w>
         <pc xml:id="bhw18-457220"
             n="a-0440"
             unit="sentence"
             ecep:lem="!"
             ecep:pos="!"
             ecep:reg="!"
             ecep:spe="!">!</pc>
         <c> </c>
      </l>
      <l xml:id="bhw18-l19390">
         <w xml:id="bhw18-457230"
            n="a-0450"
            ecep:lem="i"
            ecep:pos="pns11"
            ecep:reg="I"
            ecep:spe="I"
            ecep:syllab="1"
            ecep:pron="aɪ">I</w>
         <c> </c>
         <w xml:id="bhw18-457240"
            n="a-0460"
            ecep:lem="love"
            ecep:pos="vvb"
            ecep:reg="love"
            ecep:spe="love"
            ecep:syllab="1"
            ecep:pron="lʌv">love</w>
         <c> </c>
         <w xml:id="bhw18-457250"
            n="a-0470"
            ecep:lem="the"
            ecep:pos="dt"
            ecep:reg="the"
            ecep:spe="the"
            ecep:syllab="1"
            ecep:pron="ðiː">the</w>
         <c> </c>
         <w xml:id="bhw18-457260"
            n="a-0480"
            ecep:lem="simple"
            ecep:pos="js"
            ecep:reg="simplest"
            ecep:spe="simplest"
            ecep:syllab="2"
            ecep:pron="ˈsɪmplɪst">simplest</w>
         <c> </c>
         <w xml:id="bhw18-457270"
            n="a-0490"
            ecep:lem="bud"
            ecep:pos="n1"
            ecep:reg="bud"
            ecep:spe="bud"
            ecep:syllab="1"
            ecep:pron="bʌd">bud</w>
         <c> </c>
         <w xml:id="bhw18-457280"
            n="a-0500"
            ecep:lem="that"
            ecep:pos="cst"
            ecep:reg="that"
            ecep:spe="that"
            ecep:syllab="1"
            ecep:pron="ðæt">that</w>
         <c> </c>
         <w xml:id="bhw18-457290"
            n="a-0510"
            ecep:lem="blow"
            ecep:pos="vvz"
            ecep:reg="blows"
            ecep:spe="blows"
            ecep:syllab="1"
            ecep:pron="bləʊz">blows</w>
         <pc xml:id="bhw18-457300"
             n="a-0520"
             ecep:lem=","
             ecep:pos=","
             ecep:reg=","
             ecep:spe=",">,</pc>
      </l>
      <l xml:id="bhw18-l19395">
         <c> </c>
         <w xml:id="bhw18-457310"
            n="a-0530"
            ecep:lem="i"
            ecep:pos="pns11"
            ecep:reg="I"
            ecep:spe="I"
            ecep:syllab="1"
            ecep:pron="aɪ">I</w>
         <c> </c>
         <w xml:id="bhw18-457320"
            n="a-0540"
            ecep:lem="love"
            ecep:pos="vvb"
            ecep:reg="love"
            ecep:spe="love"
            ecep:syllab="1"
            ecep:pron="lʌv">love</w>
         <c> </c>
         <w xml:id="bhw18-457330"
            n="a-0550"
            ecep:lem="the"
            ecep:pos="dt"
            ecep:reg="the"
            ecep:spe="the"
            ecep:syllab="1"
            ecep:pron="ðiː">the</w>
         <c> </c>
         <w xml:id="bhw18-457340"
            n="a-0560"
            ecep:lem="mean"
            ecep:pos="js"
            ecep:reg="meanest"
            ecep:spe="meanest"
            ecep:syllab="2"
            ecep:pron="ˈmiːnɪst">meanest</w>
         <c> </c>
         <w xml:id="bhw18-457350"
            n="a-0570"
            ecep:lem="weed"
            ecep:pos="n1"
            ecep:reg="weed"
            ecep:spe="weed"
            ecep:syllab="1"
            ecep:pron="wiːd">weed</w>
         <c> </c>
         <w xml:id="bhw18-457360"
            n="a-0580"
            ecep:lem="that"
            ecep:pos="cst"
            ecep:reg="that"
            ecep:spe="that"
            ecep:syllab="1"
            ecep:pron="ðæt">that</w>
         <c> </c>
         <w xml:id="bhw18-457370"
            n="a-0590"
            ecep:lem="grow"
            ecep:pos="vvz"
            ecep:reg="grows"
            ecep:spe="grows"
            ecep:syllab="1"
            ecep:pron="grəʊz">grows</w>
         <pc xml:id="bhw18-457380"
             n="a-0600"
             ecep:lem=":"
             ecep:pos=":"
             ecep:reg=":"
             ecep:spe=":">:</pc>
      </l>
      <l xml:id="bhw18-l19400">
         <c> </c>
         <w xml:id="bhw18-457390"
            n="a-0610"
            ecep:lem="symbol"
            ecep:pos="n2"
            ecep:reg="Symbols"
            ecep:spe="Symbols"
            ecep:syllab="2"
            ecep:pron="ˈsɪmblz">Symbols</w>
         <c> </c>
         <w xml:id="bhw18-457400"
            n="a-0620"
            ecep:lem="of"
            ecep:pos="pp-f"
            ecep:reg="of"
            ecep:spe="of"
            ecep:syllab="1"
            ecep:pron="ɒv">of</w>
         <c> </c>
         <w xml:id="bhw18-457410"
            n="a-0630"
            ecep:lem="nature"
            ecep:pos="n1"
            ecep:reg="nature"
            ecep:spe="nature"
            ecep:syllab="2"
            ecep:pron="ˈneɪtʃə">nature</w>
         <c> </c>
         <pc xml:id="bhw18-457420"
             n="a-0640"
             ecep:lem="—"
             ecep:pos="—"
             ecep:reg="—"
             ecep:spe="—">—</pc>
         <c> </c>
         <w xml:id="bhw18-457430"
            n="a-0650"
            ecep:lem="every"
            ecep:pos="d"
            ecep:reg="every"
            ecep:spe="every"
            ecep:syllab="2"
            ecep:pron="ˈevri">every</w>
         <c> </c>
         <w xml:id="bhw18-457440"
            n="a-0660"
            ecep:lem="form"
            ecep:pos="n1"
            ecep:reg="form"
            ecep:spe="form"
            ecep:syllab="1"
            ecep:pron="fɔːm">form</w>
      </l>
      <l xml:id="bhw18-l19405">
         <c> </c>
         <w xml:id="bhw18-457450"
            n="a-0670"
            ecep:lem="that"
            ecep:pos="cst"
            ecep:reg="That"
            ecep:spe="That"
            ecep:syllab="1"
            ecep:pron="ðæt">That</w>
         <c> </c>
         <w xml:id="bhw18-457460"
            n="a-0680"
            ecep:lem="speak"
            ecep:pos="vvz"
            ecep:reg="speaks"
            ecep:spe="speaks"
            ecep:syllab="1"
            ecep:pron="spiːks">speaks</w>
         <c> </c>
         <w xml:id="bhw18-457470"
            n="a-0690"
            ecep:lem="of"
            ecep:pos="pp-f"
            ecep:reg="of"
            ecep:spe="of"
            ecep:syllab="1"
            ecep:pron="ɒv">of</w>
         <c> </c>
         <w xml:id="bhw18-457480"
            n="a-0700"
            ecep:lem="her"
            ecep:pos="po31"
            ecep:reg="her"
            ecep:spe="her"
            ecep:syllab="1"
            ecep:pron="hɜː">her</w>
         <c> </c>
         <w xml:id="bhw18-457490"
            n="a-0710"
            ecep:lem="this"
            ecep:pos="d"
            ecep:reg="this"
            ecep:spe="this"
            ecep:syllab="1"
            ecep:pron="ðɪs">this</w>
         <c> </c>
         <w xml:id="bhw18-457500"
            n="a-0720"
            ecep:lem="heart"
            ecep:pos="n1"
            ecep:reg="heart"
            ecep:spe="heart"
            ecep:syllab="1"
            ecep:pron="hɑːt">heart</w>
         <c> </c>
         <w xml:id="bhw18-457510"
            n="a-0730"
            ecep:lem="can"
            ecep:pos="vmb"
            ecep:reg="can"
            ecep:spe="can"
            ecep:syllab="1"
            ecep:pron="kæn">can</w>
         <c> </c>
         <w xml:id="bhw18-457520"
            n="a-0740"
            ecep:lem="warm"
            ecep:pos="vvi"
            ecep:reg="warm"
            ecep:spe="warm"
            ecep:syllab="1"
            ecep:pron="wɔːm">warm</w>
         <pc xml:id="bhw18-457530"
             n="a-0750"
             ecep:lem=";"
             ecep:pos=";"
             ecep:reg=";"
             ecep:spe=";">;</pc>
      </l>
      <l xml:id="bhw18-l19410">
         <c> </c>
         <w xml:id="bhw18-457540"
            n="a-0760"
            ecep:lem="but"
            ecep:pos="cc-acp"
            ecep:reg="But"
            ecep:spe="But"
            ecep:syllab="1"
            ecep:pron="bʌt">But</w>
         <c> </c>
         <w xml:id="bhw18-457550"
            n="a-0770"
            ecep:lem="you"
            ecep:pos="pn22"
            ecep:reg="you"
            ecep:spe="ye"
            ecep:syllab="1"
            ecep:pron="jiː">ye</w>
         <pc xml:id="bhw18-457560"
             n="a-0780"
             ecep:lem=","
             ecep:pos=","
             ecep:reg=","
             ecep:spe=",">,</pc>
         <c> </c>
         <w xml:id="bhw18-457570"
            n="a-0790"
            ecep:lem="delicious"
            ecep:pos="j"
            ecep:reg="delicious"
            ecep:spe="delicious"
            ecep:syllab="3"
            ecep:pron="diˈlɪʃəs">delicious</w>
         <c> </c>
         <w xml:id="bhw18-457580"
            n="a-0800"
            ecep:lem="flower"
            ecep:pos="n2"
            ecep:reg="flowers"
            ecep:spe="flowers"
            ecep:syllab="1"
            ecep:pron="ˈflaʊəz">flowers</w>
         <pc xml:id="bhw18-457590"
             n="a-0810"
             ecep:lem=","
             ecep:pos=","
             ecep:reg=","
             ecep:spe=",">,</pc>
         <c> </c>
         <w xml:id="bhw18-457600"
            n="a-0820"
            ecep:lem="assume"
            ecep:pos="vvb"
            ecep:reg="assume"
            ecep:spe="assume"
            ecep:syllab="2"
            ecep:pron="əˈsjuːm">assume</w>
      </l>
      <l xml:id="bhw18-l19415">
         <c> </c>
         <w xml:id="bhw18-457610"
            n="a-0830"
            ecep:lem="in"
            ecep:pos="p-acp"
            ecep:reg="In"
            ecep:spe="In"
            ecep:syllab="1"
            ecep:pron="ɪn">In</w>
         <c> </c>
         <w xml:id="bhw18-457620"
            n="a-0840"
            ecep:lem="fancy"
            ecep:pos="ng1"
            ecep:reg="fancy's"
            ecep:spe="fancy's"
            ecep:syllab="2"
            ecep:pron="ˈfænsiz">fancy's</w>
         <c> </c>
         <w xml:id="bhw18-457630"
            n="a-0850"
            ecep:lem="eye"
            ecep:pos="n1"
            ecep:reg="eye"
            ecep:spe="eye"
            ecep:syllab="1"
            ecep:pron="aɪ">eye</w>
         <c> </c>
         <w xml:id="bhw18-457640"
            n="a-0860"
            ecep:lem="a"
            ecep:pos="dt"
            ecep:reg="a"
            ecep:spe="a"
            ecep:syllab="1"
            ecep:pron="ə">a</w>
         <c> </c>
         <w xml:id="bhw18-457650"
            n="a-0870"
            ecep:lem="bright"
            ecep:pos="jc"
            ecep:reg="brighter"
            ecep:spe="brighter"
            ecep:syllab="2"
            ecep:pron="ˈbraɪtə">brighter</w>
         <c> </c>
         <w xml:id="bhw18-457660"
            n="a-0880"
            ecep:lem="bloom"
            ecep:pos="n1"
            ecep:reg="bloom"
            ecep:spe="bloom"
            ecep:syllab="1"
            ecep:pron="bluːm">bloom</w>
         <pc xml:id="bhw18-457670"
             n="a-0890"
             ecep:lem=";"
             ecep:pos=";"
             ecep:reg=";"
             ecep:spe=";">;</pc>
      </l>
      <l xml:id="bhw18-l19420">
         <c> </c>
         <w xml:id="bhw18-457680"
            n="a-0900"
            ecep:lem="a"
            ecep:pos="dt"
            ecep:reg="A"
            ecep:spe="A"
            ecep:syllab="1"
            ecep:pron="ə">A</w>
         <c> </c>
         <w xml:id="bhw18-457690"
            n="a-0910"
            ecep:lem="dear"
            ecep:pos="jc-jn"
            ecep:reg="dearer"
            ecep:spe="dearer"
            ecep:syllab="2"
            ecep:pron="ˈdɪərə">dearer</w>
         <c> </c>
         <w xml:id="bhw18-457700"
            n="a-0920"
            ecep:lem="pleasure"
            ecep:pos="n1"
            ecep:reg="pleasure"
            ecep:spe="pleasure"
            ecep:syllab="2"
            ecep:pron="ˈpleʒə">pleasure</w>
         <c> </c>
         <w xml:id="bhw18-457710"
            n="a-0930"
            ecep:lem="you"
            ecep:pos="pn22"
            ecep:reg="you"
            ecep:spe="ye"
            ecep:syllab="1"
            ecep:pron="jiː">ye</w>
         <c> </c>
         <w xml:id="bhw18-457720"
            n="a-0940"
            ecep:lem="diffuse"
            ecep:pos="vvb"
            ecep:reg="diffuse"
            ecep:spe="diffuse"
            ecep:syllab="2"
            ecep:pron="dɪˈfjuːz">diffuse</w>
         <pc xml:id="bhw18-457730"
             n="a-0950"
             ecep:lem=","
             ecep:pos=","
             ecep:reg=","
             ecep:spe=",">,</pc>
      </l>
      <l xml:id="bhw18-l19425">
         <c> </c>
         <w xml:id="bhw18-457740"
            n="a-0960"
            ecep:lem="cull"
            ecep:pos="vvn"
            ecep:reg="Culled"
            ecep:spe="Cull'd"
            ecep:syllab="1"
            ecep:pron="kʌld">Cull'd</w>
         <c> </c>
         <w xml:id="bhw18-457750"
            n="a-0970"
            ecep:lem="by"
            ecep:pos="p-acp"
            ecep:reg="by"
            ecep:spe="by"
            ecep:syllab="1"
            ecep:pron="baɪ">by</w>
         <c> </c>
         <w xml:id="bhw18-457760"
            n="a-0980"
            ecep:lem="the"
            ecep:pos="dt"
            ecep:reg="the"
            ecep:spe="the"
            ecep:syllab="1"
            ecep:pron="ðiː">the</w>
         <c> </c>
         <w xml:id="bhw18-457770"
            n="a-0990"
            ecep:lem="fountain"
            ecep:pos="n1"
            ecep:reg="fountain"
            ecep:spe="fountain"
            ecep:syllab="2"
            ecep:pron="ˈfaʊntɪn">fountain</w>
         <c> </c>
         <w xml:id="bhw18-457780"
            n="a-1000"
            ecep:lem="of"
            ecep:pos="pp-f"
            ecep:reg="of"
            ecep:spe="of"
            ecep:syllab="1"
            ecep:pron="ɒv">of</w>
         <c> </c>
         <w xml:id="bhw18-457790"
            n="a-1010"
            ecep:lem="Vaucluse"
            ecep:pos="np1"
            ecep:reg="Vaucluse"
            ecep:spe="Vaucluse"
            ecep:syllab="2"
            ecep:pron="vˈɔːkluːs">Vaucluse</w>
         <pc xml:id="bhw18-457800"
             n="a-1020"
             unit="sentence"
             ecep:lem="!"
             ecep:pos="!"
             ecep:reg="!"
             ecep:spe="!">!</pc>
         <c> </c>
      </l>
      <pb n="263" rend="none"/>
      <l xml:id="bhw18-l19430">
         <w xml:id="bhw18-457810"
            n="a-0010"
            ecep:lem="for"
            ecep:pos="p-acp"
            ecep:reg="For"
            ecep:spe="For"
            ecep:syllab="1"
            ecep:pron="fɔː">For</w>
         <c> </c>
         <w xml:id="bhw18-457820"
            n="a-0020"
            ecep:lem="you"
            ecep:pos="pn22"
            ecep:reg="you"
            ecep:spe="ye"
            ecep:syllab="1"
            ecep:pron="jiː">ye</w>
         <c> </c>
         <w xml:id="bhw18-457830"
            n="a-0030"
            ecep:lem="be"
            ecep:pos="vbdr"
            ecep:reg="were"
            ecep:spe="were"
            ecep:syllab="1"
            ecep:pron="wɜː">were</w>
         <c> </c>
         <w xml:id="bhw18-457840"
            n="a-0040"
            ecep:lem="nurture"
            ecep:pos="vvn"
            ecep:reg="nurtured"
            ecep:spe="nurtur'd"
            ecep:syllab="2"
            ecep:pron="ˈnɜːtʃəd">nurtur'd</w>
         <c> </c>
         <w xml:id="bhw18-457850"
            n="a-0050"
            ecep:lem="on"
            ecep:pos="p-acp"
            ecep:reg="on"
            ecep:spe="on"
            ecep:syllab="1"
            ecep:pron="ɒn">on</w>
         <c> </c>
         <w xml:id="bhw18-457860"
            n="a-0060"
            ecep:lem="the"
            ecep:pos="dt"
            ecep:reg="the"
            ecep:spe="the"
            ecep:syllab="1"
            ecep:pron="ðiː">the</w>
         <c> </c>
         <w xml:id="bhw18-457870"
            n="a-0070"
            ecep:lem="sod"
            ecep:pos="n1"
            ecep:reg="sod"
            ecep:spe="sod"
            ecep:syllab="1"
            ecep:pron="sɒd">sod</w>
      </l>
      <l xml:id="bhw18-l19435">
         <c> </c>
         <w xml:id="bhw18-457880"
            n="a-0080"
            ecep:lem="where"
            ecep:pos="c-crq"
            ecep:reg="Where"
            ecep:spe="Where"
            ecep:syllab="1"
            ecep:pron="weə">Where</w>
         <c> </c>
         <hi rendition="#sc">
            <w xml:id="bhw18-457890"
               n="a-0090"
               ecep:lem="Petrarch"
               ecep:pos="np1"
               ecep:reg="PETRARCH"
               ecep:spe="PETRARCH"
               ecep:syllab="2"
               ecep:pron="ˈpetrɑːk">PETRARCH</w>
         </hi>
         <c> </c>
         <w xml:id="bhw18-457900"
            n="a-0100"
            ecep:lem="mourn"
            ecep:pos="vvd"
            ecep:reg="mourned"
            ecep:spe="mourn'd"
            ecep:syllab="1"
            ecep:pron="mɔːnd">mourn'd</w>
         <pc xml:id="bhw18-457910"
             n="a-0110"
             ecep:lem=","
             ecep:pos=","
             ecep:reg=","
             ecep:spe=",">,</pc>
         <c> </c>
         <w xml:id="bhw18-457920"
            n="a-0120"
            ecep:lem="and"
            ecep:pos="cc"
            ecep:reg="and"
            ecep:spe="and"
            ecep:syllab="1"
            ecep:pron="ænd">and</w>
         <c> </c>
         <hi rendition="#sc">
            <w xml:id="bhw18-457930"
               n="a-0130"
               ecep:lem="Laura"
               ecep:pos="np1"
               ecep:reg="LAURA"
               ecep:spe="LAURA"
               ecep:syllab="2"
               ecep:pron="ˈlɔːrə">LAURA</w>
         </hi>
         <c> </c>
         <w xml:id="bhw18-457940"
            n="a-0140"
            ecep:lem="tread"
            ecep:pos="vvd"
            ecep:reg="trod"
            ecep:spe="trod"
            ecep:syllab="1"
            ecep:pron="trɒd">trod</w>
         <pc xml:id="bhw18-457950"
             n="a-0150"
             ecep:lem=";"
             ecep:pos=";"
             ecep:reg=";"
             ecep:spe=";">;</pc>
      </l>
      <l xml:id="bhw18-l19440">
         <c> </c>
         <w xml:id="bhw18-457960"
            n="a-0160"
            ecep:lem="you"
            ecep:pos="pn22"
            ecep:reg="You"
            ecep:spe="Ye"
            ecep:syllab="1"
            ecep:pron="jiː">Ye</w>
         <c> </c>
         <w xml:id="bhw18-457970"
            n="a-0170"
            ecep:lem="grow"
            ecep:pos="vvd"
            ecep:reg="grew"
            ecep:spe="grew"
            ecep:syllab="1"
            ecep:pron="gruː">grew</w>
         <c> </c>
         <w xml:id="bhw18-457980"
            n="a-0180"
            ecep:lem="on"
            ecep:pos="p-acp"
            ecep:reg="on"
            ecep:spe="on"
            ecep:syllab="1"
            ecep:pron="ɒn">on</w>
         <c> </c>
         <w xml:id="bhw18-457990"
            n="a-0190"
            ecep:lem="that"
            ecep:pos="d"
            ecep:reg="that"
            ecep:spe="that"
            ecep:syllab="1"
            ecep:pron="ðæt">that</w>
         <c> </c>
         <w xml:id="bhw18-458000"
            n="a-0200"
            ecep:lem="inspire"
            ecep:pos="j-vvg"
            ecep:reg="inspiring"
            ecep:spe="inspiring"
            ecep:syllab="3"
            ecep:pron="ɪnˈspaɪərɪŋ">inspiring</w>
         <c> </c>
         <w xml:id="bhw18-458010"
            n="a-0210"
            ecep:lem="ground"
            ecep:pos="n1"
            ecep:reg="ground"
            ecep:spe="ground"
            ecep:syllab="1"
            ecep:pron="graʊnd">ground</w>
      </l>
      <l xml:id="bhw18-l19445">
         <c> </c>
         <w xml:id="bhw18-458020"
            n="a-0220"
            ecep:lem="where"
            ecep:pos="q-crq"
            ecep:reg="Where"
            ecep:spe="Where"
            ecep:syllab="1"
            ecep:pron="weə">Where</w>
         <c> </c>
         <w xml:id="bhw18-458030"
            n="a-0230"
            ecep:lem="love"
            ecep:pos="n1"
            ecep:reg="love"
            ecep:spe="love"
            ecep:syllab="1"
            ecep:pron="lʌv">love</w>
         <c> </c>
         <w xml:id="bhw18-458040"
            n="a-0240"
            ecep:lem="have"
            ecep:pos="vhz"
            ecep:reg="has"
            ecep:spe="has"
            ecep:syllab="1"
            ecep:pron="hæz">has</w>
         <c> </c>
         <w xml:id="bhw18-458050"
            n="a-0250"
            ecep:lem="shed"
            ecep:pos="vvn"
            ecep:reg="shed"
            ecep:spe="shed"
            ecep:syllab="1"
            ecep:pron="ʃed">shed</w>
         <c> </c>
         <w xml:id="bhw18-458060"
            n="a-0260"
            ecep:lem="enchantment"
            ecep:pos="n1"
            ecep:reg="enchantment"
            ecep:spe="enchantment"
            ecep:syllab="3"
            ecep:pron="ɪnˈtʃɑːntmənt">enchantment</w>
         <c> </c>
         <w xml:id="bhw18-458070"
            n="a-0270"
            ecep:lem="round"
            ecep:pos="av-j"
            ecep:reg="round"
            ecep:spe="round"
            ecep:syllab="1"
            ecep:pron="raʊnd">round</w>
         <pc xml:id="bhw18-458080"
             n="a-0280"
             ecep:lem=";"
             ecep:pos=";"
             ecep:reg=";"
             ecep:spe=";">;</pc>
      </l>
      <l xml:id="bhw18-l19450">
         <c> </c>
         <w xml:id="bhw18-458090"
            n="a-0290"
            ecep:lem="where"
            ecep:pos="q-crq"
            ecep:reg="Where"
            ecep:spe="Where"
            ecep:syllab="1"
            ecep:pron="weə">Where</w>
         <c> </c>
         <w xml:id="bhw18-458100"
            n="a-0300"
            ecep:lem="still"
            ecep:pos="av"
            ecep:reg="still"
            ecep:spe="still"
            ecep:syllab="1"
            ecep:pron="stɪl">still</w>
         <c> </c>
         <w xml:id="bhw18-458110"
            n="a-0310"
            ecep:lem="the"
            ecep:pos="dt"
            ecep:reg="the"
            ecep:spe="the"
            ecep:syllab="1"
            ecep:pron="ðiː">the</w>
         <c> </c>
         <w xml:id="bhw18-458120"
            n="a-0320"
            ecep:lem="tear"
            ecep:pos="n1"
            ecep:reg="tear"
            ecep:spe="tear"
            ecep:syllab="1"
            ecep:pron="tɪə">tear</w>
         <c> </c>
         <w xml:id="bhw18-458130"
            n="a-0330"
            ecep:lem="of"
            ecep:pos="pp-f"
            ecep:reg="of"
            ecep:spe="of"
            ecep:syllab="1"
            ecep:pron="ɒv">of</w>
         <c> </c>
         <w xml:id="bhw18-458140"
            n="a-0340"
            ecep:lem="passion"
            ecep:pos="n1"
            ecep:reg="passion"
            ecep:spe="passion"
            ecep:syllab="2"
            ecep:pron="ˈpæʃn">passion</w>
         <c> </c>
         <w xml:id="bhw18-458150"
            n="a-0350"
            ecep:lem="flow"
            ecep:pos="vvz"
            ecep:reg="flows"
            ecep:spe="flows"
            ecep:syllab="1"
            ecep:pron="fləʊz">flows</w>
         <pc xml:id="bhw18-458160"
             n="a-0360"
             ecep:lem=","
             ecep:pos=","
             ecep:reg=","
             ecep:spe=",">,</pc>
      </l>
      <l xml:id="bhw18-l19455">
         <c> </c>
         <w xml:id="bhw18-458170"
            n="a-0370"
            ecep:lem="fond"
            ecep:pos="j"
            ecep:reg="Fond"
            ecep:spe="Fond"
            ecep:syllab="1"
            ecep:pron="fɒnd">Fond</w>
         <c> </c>
         <w xml:id="bhw18-458180"
            n="a-0380"
            ecep:lem="tribute"
            ecep:pos="n1"
            ecep:reg="tribute"
            ecep:spe="tribute"
            ecep:syllab="2"
            ecep:pron="ˈtrɪbjuːt">tribute</w>
         <c> </c>
         <w xml:id="bhw18-458190"
            n="a-0390"
            ecep:lem="to"
            ecep:pos="p-acp"
            ecep:reg="to"
            ecep:spe="to"
            ecep:syllab="1"
            ecep:pron="tuː">to</w>
         <c> </c>
         <w xml:id="bhw18-458200"
            n="a-0400"
            ecep:lem="a"
            ecep:pos="dt"
            ecep:reg="a"
            ecep:spe="a"
            ecep:syllab="1"
            ecep:pron="ə">a</w>
         <c> </c>
         <w xml:id="bhw18-458210"
            n="a-0410"
            ecep:lem="poet"
            ecep:pos="ng1"
            ecep:reg="poet's"
            ecep:spe="poet's"
            ecep:syllab="2"
            ecep:pron="ˈpəʊɪts">poet's</w>
         <c> </c>
         <w xml:id="bhw18-458220"
            n="a-0420"
            ecep:lem="woe"
            ecep:pos="n2"
            ecep:reg="woes"
            ecep:spe="woes"
            ecep:syllab="1"
            ecep:pron="wəʊz">woes</w>
         <pc xml:id="bhw18-458230"
             n="a-0430"
             unit="sentence"
             ecep:lem="!"
             ecep:pos="!"
             ecep:reg="!"
             ecep:spe="!">!</pc>
         <c> </c>
      </l>
      <l xml:id="bhw18-l19460">
         <w xml:id="bhw18-458240"
            n="a-0440"
            ecep:lem="yet"
            ecep:pos="av"
            ecep:reg="Yet"
            ecep:spe="Yet"
            ecep:syllab="1"
            ecep:pron="jet">Yet</w>
         <pc xml:id="bhw18-458250"
             n="a-0450"
             ecep:lem=","
             ecep:pos=","
             ecep:reg=","
             ecep:spe=",">,</pc>
         <c> </c>
         <w xml:id="bhw18-458260"
            n="a-0460"
            ecep:lem="cherish"
            ecep:pos="j-vvn"
            ecep:reg="cherished"
            ecep:spe="cherish'd"
            ecep:syllab="2"
            ecep:pron="ˈtʃerɪʃt">cherish'd</w>
         <c> </c>
         <w xml:id="bhw18-458270"
            n="a-0470"
            ecep:lem="flower"
            ecep:pos="n2"
            ecep:reg="flowers"
            ecep:spe="flowers"
            ecep:syllab="1"
            ecep:pron="ˈflaʊəz">flowers</w>
         <pc xml:id="bhw18-458280"
             n="a-0480"
             ecep:lem=","
             ecep:pos=","
             ecep:reg=","
             ecep:spe=",">,</pc>
         <c> </c>
         <w xml:id="bhw18-458290"
            n="a-0490"
            ecep:lem="with"
            ecep:pos="p-acp"
            ecep:reg="with"
            ecep:spe="with"
            ecep:syllab="1"
            ecep:pron="wɪð">with</w>
         <c> </c>
         <w xml:id="bhw18-458300"
            n="a-0500"
            ecep:lem="love"
            ecep:pos="n1"
            ecep:reg="love"
            ecep:spe="love"
            ecep:syllab="1"
            ecep:pron="lʌv">love</w>
         <c> </c>
         <w xml:id="bhw18-458310"
            n="a-0510"
            ecep:lem="and"
            ecep:pos="cc"
            ecep:reg="and"
            ecep:spe="and"
            ecep:syllab="1"
            ecep:pron="ænd">and</w>
         <c> </c>
         <w xml:id="bhw18-458320"
            n="a-0520"
            ecep:lem="fame"
            ecep:pos="n1"
            ecep:reg="fame"
            ecep:spe="fame"
            ecep:syllab="1"
            ecep:pron="feɪm">fame</w>
      </l>
      <l xml:id="bhw18-l19465">
         <c> </c>
         <w xml:id="bhw18-458330"
            n="a-0530"
            ecep:lem="this"
            ecep:pos="d"
            ecep:reg="This"
            ecep:spe="This"
            ecep:syllab="1"
            ecep:pron="ðɪs">This</w>
         <c> </c>
         <w xml:id="bhw18-458340"
            n="a-0540"
            ecep:lem="wreath"
            ecep:pos="n1"
            ecep:reg="wreathe"
            ecep:spe="wreath"
            ecep:syllab="1"
            ecep:pron="riːθ">wreath</w>
         <c> </c>
         <w xml:id="bhw18-458350"
            n="a-0550"
            ecep:lem="entwine"
            ecep:pos="vvz"
            ecep:reg="entwines"
            ecep:spe="entwines"
            ecep:syllab="3"
            ecep:pron="ɪnˈtwaɪnz">entwines</w>
         <c> </c>
         <w xml:id="bhw18-458360"
            n="a-0560"
            ecep:lem="a"
            ecep:pos="dt"
            ecep:reg="a"
            ecep:spe="a"
            ecep:syllab="1"
            ecep:pron="ə">a</w>
         <c> </c>
         <w xml:id="bhw18-458370"
            n="a-0570"
            ecep:lem="mild"
            ecep:pos="jc"
            ecep:reg="milder"
            ecep:spe="milder"
            ecep:syllab="2"
            ecep:pron="ˈmaɪldə">milder</w>
         <c> </c>
         <w xml:id="bhw18-458380"
            n="a-0580"
            ecep:lem="name"
            ecep:pos="n1"
            ecep:reg="name"
            ecep:spe="name"
            ecep:syllab="1"
            ecep:pron="neɪm">name</w>
         <pc xml:id="bhw18-458390"
             n="a-0590"
             ecep:lem=";"
             ecep:pos=";"
             ecep:reg=";"
             ecep:spe=";">;</pc>
      </l>
      <l xml:id="bhw18-l19470">
         <c> </c>
         <w xml:id="bhw18-458400"
            n="a-0600"
            ecep:lem="friendship"
            ecep:pos="n1"
            ecep:reg="Friendship"
            ecep:spe="Friendship"
            ecep:syllab="2"
            ecep:pron="ˈfrendʃɪp">Friendship</w>
         <pc xml:id="bhw18-458410"
             n="a-0610"
             ecep:lem=","
             ecep:pos=","
             ecep:reg=","
             ecep:spe=",">,</pc>
         <c> </c>
         <w xml:id="bhw18-458420"
            n="a-0620"
            ecep:lem="who"
            ecep:pos="r-crq"
            ecep:reg="who"
            ecep:spe="who"
            ecep:syllab="1"
            ecep:pron="huː">who</w>
         <c> </c>
         <w xml:id="bhw18-458430"
            n="a-0630"
            ecep:lem="better"
            ecep:pos="av-jc"
            ecep:reg="better"
            ecep:spe="better"
            ecep:syllab="2"
            ecep:pron="ˈbetə">better</w>
         <c> </c>
         <w xml:id="bhw18-458440"
            n="a-0640"
            ecep:lem="know"
            ecep:pos="vvz"
            ecep:reg="knows"
            ecep:spe="knows"
            ecep:syllab="1"
            ecep:pron="nəʊz">knows</w>
         <c> </c>
         <w xml:id="bhw18-458450"
            n="a-0650"
            ecep:lem="than"
            ecep:pos="cs"
            ecep:reg="than"
            ecep:spe="than"
            ecep:syllab="1"
            ecep:pron="ðæn">than</w>
         <c> </c>
         <w xml:id="bhw18-458460"
            n="a-0660"
            ecep:lem="they"
            ecep:pos="pns32"
            ecep:reg="they"
            ecep:spe="they"
            ecep:syllab="1"
            ecep:pron="ðeɪ">they</w>
      </l>
      <l xml:id="bhw18-l19475">
         <c> </c>
         <w xml:id="bhw18-458470"
            n="a-0670"
            ecep:lem="the"
            ecep:pos="dt"
            ecep:reg="The"
            ecep:spe="The"
            ecep:syllab="1"
            ecep:pron="ðiː">The</w>
         <c> </c>
         <w xml:id="bhw18-458480"
            n="a-0680"
            ecep:lem="spell"
            ecep:pos="n2"
            ecep:reg="spells"
            ecep:spe="spells"
            ecep:syllab="1"
            ecep:pron="spelz">spells</w>
         <c> </c>
         <w xml:id="bhw18-458490"
            n="a-0690"
            ecep:lem="that"
            ecep:pos="cst"
            ecep:reg="that"
            ecep:spe="that"
            ecep:syllab="1"
            ecep:pron="ðæt">that</w>
         <c> </c>
         <w xml:id="bhw18-458500"
            n="a-0700"
            ecep:lem="smooth"
            ecep:pos="vvb"
            ecep:reg="smooth"
            ecep:spe="smooth"
            ecep:syllab="1"
            ecep:pron="smuːð">smooth</w>
         <c> </c>
         <w xml:id="bhw18-458510"
            n="a-0710"
            ecep:lem="our"
            ecep:pos="po12"
            ecep:reg="our"
            ecep:spe="our"
            ecep:syllab="1"
            ecep:pron="ˈaʊə">our</w>
         <c> </c>
         <w xml:id="bhw18-458520"
            n="a-0720"
            ecep:lem="lengthen"
            ecep:pos="j-vvg"
            ecep:reg="lengthening"
            ecep:spe="length'ning"
            ecep:syllab="2"
            ecep:pron="ˈleŋθnɪŋ">length'ning</w>
         <c> </c>
         <w xml:id="bhw18-458530"
            n="a-0730"
            ecep:lem="way"
            ecep:pos="n1"
            ecep:reg="way"
            ecep:spe="way"
            ecep:syllab="1"
            ecep:pron="weɪ">way</w>
         <pc xml:id="bhw18-458540"
             n="a-0740"
             ecep:lem=","
             ecep:pos=","
             ecep:reg=","
             ecep:spe=",">,</pc>
         <c> </c>
         <pc xml:id="bhw18-458550"
             n="a-0750"
             ecep:lem="—"
             ecep:pos="—"
             ecep:reg="—"
             ecep:spe="—">—</pc>
      </l>
      <l xml:id="bhw18-l19480">
         <c> </c>
         <w xml:id="bhw18-458560"
            n="a-0760"
            ecep:lem="friendship"
            ecep:pos="n1"
            ecep:reg="Friendship"
            ecep:spe="Friendship"
            ecep:syllab="2"
            ecep:pron="ˈfrendʃɪp">Friendship</w>
         <c> </c>
         <w xml:id="bhw18-458570"
            n="a-0770"
            ecep:lem="the"
            ecep:pos="dt"
            ecep:reg="the"
            ecep:spe="the"
            ecep:syllab="1"
            ecep:pron="ðiː">the</w>
         <c> </c>
         <w xml:id="bhw18-458580"
            n="a-0780"
            ecep:lem="bloom"
            ecep:pos="n-vvg"
            ecep:reg="blooming"
            ecep:spe="blooming"
            ecep:syllab="2"
            ecep:pron="ˈbluːmɪŋ">blooming</w>
         <c> </c>
         <w xml:id="bhw18-458590"
            n="a-0790"
            ecep:lem="offer"
            ecep:pos="n-vvg"
            ecep:reg="offering"
            ecep:spe="off'ring"
            ecep:syllab="2"
            ecep:pron="ˈɒfrɪŋ">off'ring</w>
         <c> </c>
         <w xml:id="bhw18-458600"
            n="a-0800"
            ecep:lem="bring"
            ecep:pos="vvd"
            ecep:reg="brought"
            ecep:spe="brought"
            ecep:syllab="1"
            ecep:pron="brɔːt">brought</w>
         <pc xml:id="bhw18-458610"
             n="a-0810"
             ecep:lem=";"
             ecep:pos=";"
             ecep:reg=";"
             ecep:spe=";">;</pc>
      </l>
      <l xml:id="bhw18-l19485">
         <c> </c>
         <w xml:id="bhw18-458620"
            n="a-0820"
            ecep:lem="when"
            ecep:pos="c-crq"
            ecep:reg="When"
            ecep:spe="When"
            ecep:syllab="1"
            ecep:pron="wen">When</w>
         <c> </c>
         <hi rendition="#sc">
            <w xml:id="bhw18-458630"
               n="a-0830"
               ecep:lem="Forbes"
               ecep:pos="np1"
               ecep:reg="FORBES"
               ecep:spe="FORBES"
               ecep:syllab="1"
               ecep:pron="ˈfɔːbz">FORBES</w>
         </hi>
         <c> </c>
         <w xml:id="bhw18-458640"
            n="a-0840"
            ecep:lem="the"
            ecep:pos="dt"
            ecep:reg="the"
            ecep:spe="the"
            ecep:syllab="1"
            ecep:pron="ðiː">the</w>
         <c> </c>
         <w xml:id="bhw18-458650"
            n="a-0850"
            ecep:lem="classic"
            ecep:pos="j-jn"
            ecep:reg="classic"
            ecep:spe="classic"
            ecep:syllab="2"
            ecep:pron="ˈklæsɪk">classic</w>
         <c> </c>
         <w xml:id="bhw18-458660"
            n="a-0860"
            ecep:lem="fountain"
            ecep:pos="n1"
            ecep:reg="fountain"
            ecep:spe="fountain"
            ecep:syllab="2"
            ecep:pron="ˈfaʊntɪn">fountain</w>
         <c> </c>
         <w xml:id="bhw18-458670"
            n="a-0870"
            ecep:lem="seek"
            ecep:pos="vvd"
            ecep:reg="sought"
            ecep:spe="sought"
            ecep:syllab="1"
            ecep:pron="sɔːt">sought</w>
         <pc xml:id="bhw18-458680"
             n="a-0880"
             ecep:lem=","
             ecep:pos=","
             ecep:reg=","
             ecep:spe=",">,</pc>
      </l>
      <l xml:id="bhw18-l19490">
         <c> </c>
         <w xml:id="bhw18-458690"
            n="a-0890"
            ecep:lem="for"
            ecep:pos="p-acp"
            ecep:reg="For"
            ecep:spe="For"
            ecep:syllab="1"
            ecep:pron="fɔː">For</w>
         <c> </c>
         <w xml:id="bhw18-458700"
            n="a-0900"
            ecep:lem="i"
            ecep:pos="pno11"
            ecep:reg="me"
            ecep:spe="me"
            ecep:syllab="1"
            ecep:pron="miː">me</w>
         <c> </c>
         <w xml:id="bhw18-458710"
            n="a-0910"
            ecep:lem="he"
            ecep:pos="pns31"
            ecep:reg="he"
            ecep:spe="he"
            ecep:syllab="1"
            ecep:pron="hiː">he</w>
         <c> </c>
         <w xml:id="bhw18-458720"
            n="a-0920"
            ecep:lem="cull"
            ecep:pos="vvd"
            ecep:reg="culled"
            ecep:spe="cull'd"
            ecep:syllab="1"
            ecep:pron="kʌld">cull'd</w>
         <c> </c>
         <w xml:id="bhw18-458730"
            n="a-0930"
            ecep:lem="the"
            ecep:pos="dt"
            ecep:reg="the"
            ecep:spe="the"
            ecep:syllab="1"
            ecep:pron="ðiː">the</w>
         <c> </c>
         <w xml:id="bhw18-458740"
            n="a-0940"
            ecep:lem="fresh-blow"
            ecep:pos="j"
            ecep:reg="fresh-blown"
            ecep:spe="fresh-blown"
            ecep:syllab="2"
            ecep:pron="freʃˌbləʊn">fresh-blown</w>
         <c> </c>
         <w xml:id="bhw18-458750"
            n="a-0950"
            ecep:lem="flower"
            ecep:pos="n2"
            ecep:reg="flowers"
            ecep:spe="flowers"
            ecep:syllab="1"
            ecep:pron="ˈflaʊəz">flowers</w>
         <pc xml:id="bhw18-458760"
             n="a-0960"
             ecep:lem=","
             ecep:pos=","
             ecep:reg=","
             ecep:spe=",">,</pc>
      </l>
      <l xml:id="bhw18-l19495">
         <c> </c>
         <w xml:id="bhw18-458770"
            n="a-0970"
            ecep:lem="and"
            ecep:pos="cc"
            ecep:reg="And"
            ecep:spe="And"
            ecep:syllab="1"
            ecep:pron="ænd">And</w>
         <c> </c>
         <w xml:id="bhw18-458780"
            n="a-0980"
            ecep:lem="fix"
            ecep:pos="vvd"
            ecep:reg="fixed"
            ecep:spe="fix'd"
            ecep:syllab="1"
            ecep:pron="fɪkst">fix'd</w>
         <c> </c>
         <w xml:id="bhw18-458790"
            n="a-0990"
            ecep:lem="their"
            ecep:pos="po32"
            ecep:reg="their"
            ecep:spe="their"
            ecep:syllab="1"
            ecep:pron="ðeə">their</w>
         <c> </c>
         <w xml:id="bhw18-458800"
            n="a-1000"
            ecep:lem="hue"
            ecep:pos="n2"
            ecep:reg="hues"
            ecep:spe="hues"
            ecep:syllab="1"
            ecep:pron="hjuːz">hues</w>
         <c> </c>
         <w xml:id="bhw18-458810"
            n="a-1010"
            ecep:lem="with"
            ecep:pos="p-acp"
            ecep:reg="with"
            ecep:spe="with"
            ecep:syllab="1"
            ecep:pron="wɪð">with</w>
         <c> </c>
         <w xml:id="bhw18-458820"
            n="a-1020"
            ecep:lem="potent"
            ecep:pos="j"
            ecep:reg="potent"
            ecep:spe="potent"
            ecep:syllab="2"
            ecep:pron="ˈpəʊtnt">potent</w>
         <c> </c>
         <w xml:id="bhw18-458830"
            n="a-1030"
            ecep:lem="power"
            ecep:pos="n2"
            ecep:reg="powers"
            ecep:spe="powers"
            ecep:syllab="1"
            ecep:pron="ˈpaʊəz">powers</w>
         <pc xml:id="bhw18-458840"
             n="a-1040"
             ecep:lem=";"
             ecep:pos=";"
             ecep:reg=";"
             ecep:spe=";">;</pc>
      </l>
      <l xml:id="bhw18-l19500">
         <c> </c>
         <w xml:id="bhw18-458850"
            n="a-1050"
            ecep:lem="their"
            ecep:pos="po32"
            ecep:reg="Their"
            ecep:spe="Their"
            ecep:syllab="1"
            ecep:pron="ðeə">Their</w>
         <c> </c>
         <w xml:id="bhw18-458860"
            n="a-1060"
            ecep:lem="pliant"
            ecep:pos="j"
            ecep:reg="pliant"
            ecep:spe="pliant"
            ecep:syllab="2"
            ecep:pron="ˈplaɪənt">pliant</w>
         <c> </c>
         <w xml:id="bhw18-458870"
            n="a-1070"
            ecep:lem="form"
            ecep:pos="n2"
            ecep:reg="forms"
            ecep:spe="forms"
            ecep:syllab="1"
            ecep:pron="fɔːmz">forms</w>
         <c> </c>
         <w xml:id="bhw18-458880"
            n="a-1080"
            ecep:lem="with"
            ecep:pos="p-acp"
            ecep:reg="with"
            ecep:spe="with"
            ecep:syllab="1"
            ecep:pron="wɪð">with</w>
         <c> </c>
         <w xml:id="bhw18-458890"
            n="a-1090"
            ecep:lem="skilful"
            ecep:pos="j"
            ecep:reg="skilful"
            ecep:spe="skilful"
            ecep:syllab="2"
            ecep:pron="ˈskɪlfl">skilful</w>
         <c> </c>
         <w xml:id="bhw18-458900"
            n="a-1100"
            ecep:lem="care"
            ecep:pos="n1"
            ecep:reg="care"
            ecep:spe="care"
            ecep:syllab="1"
            ecep:pron="keə">care</w>
      </l>
      <l xml:id="bhw18-l19505">
         <c> </c>
         <w xml:id="bhw18-458910"
            n="a-1110"
            ecep:lem="he"
            ecep:pos="pns31"
            ecep:reg="He"
            ecep:spe="He"
            ecep:syllab="1"
            ecep:pron="hiː">He</w>
         <c> </c>
         <w xml:id="bhw18-458920"
            n="a-1120"
            ecep:lem="seize"
            ecep:pos="vvd"
            ecep:reg="seized"
            ecep:spe="seized"
            ecep:syllab="1"
            ecep:pron="siːzd">seized</w>
         <pc xml:id="bhw18-458930"
             n="a-1130"
             ecep:lem=","
             ecep:pos=","
             ecep:reg=","
             ecep:spe=",">,</pc>
         <c> </c>
         <w xml:id="bhw18-458940"
            n="a-1140"
            ecep:lem="and"
            ecep:pos="cc"
            ecep:reg="and"
            ecep:spe="and"
            ecep:syllab="1"
            ecep:pron="ænd">and</w>
         <c> </c>
         <w xml:id="bhw18-458950"
            n="a-1150"
            ecep:lem="stamp"
            ecep:pos="j-vvn"
            ecep:reg="stamped"
            ecep:spe="stamp'd"
            ecep:syllab="1"
            ecep:pron="stæmpt">stamp'd</w>
         <c> </c>
         <w xml:id="bhw18-458960"
            n="a-1160"
            ecep:lem="duration"
            ecep:pos="n1"
            ecep:reg="duration"
            ecep:spe="duration"
            ecep:syllab="3"
            ecep:pron="djuˈreɪʃn">duration</w>
         <c> </c>
         <w xml:id="bhw18-458970"
            n="a-1170"
            ecep:lem="there"
            ecep:pos="a-acp"
            ecep:reg="there"
            ecep:spe="there"
            ecep:syllab="1"
            ecep:pron="ðeə">there</w>
         <pc xml:id="bhw18-458980"
             n="a-1180"
             ecep:lem=";"
             ecep:pos=";"
             ecep:reg=";"
             ecep:spe=";">;</pc>
      </l>
      <l xml:id="bhw18-l19510">
         <c> </c>
         <w xml:id="bhw18-458990"
            n="a-1190"
            ecep:lem="his"
            ecep:pos="po31"
            ecep:reg="His"
            ecep:spe="His"
            ecep:syllab="1"
            ecep:pron="hɪz">His</w>
         <c> </c>
         <w xml:id="bhw18-459000"
            n="a-1200"
            ecep:lem="gift"
            ecep:pos="n1"
            ecep:reg="gift"
            ecep:spe="gift"
            ecep:syllab="1"
            ecep:pron="gɪft">gift</w>
         <c> </c>
         <w xml:id="bhw18-459010"
            n="a-1210"
            ecep:lem="shall"
            ecep:pos="vmb"
            ecep:reg="shall"
            ecep:spe="shall"
            ecep:syllab="1"
            ecep:pron="ʃæl">shall</w>
         <c> </c>
         <w xml:id="bhw18-459020"
            n="a-1220"
            ecep:lem="ever"
            ecep:pos="av"
            ecep:reg="ever"
            ecep:spe="ever"
            ecep:syllab="2"
            ecep:pron="ˈevə">ever</w>
         <c> </c>
         <w xml:id="bhw18-459030"
            n="a-1230"
            ecep:lem="glad"
            ecep:pos="j"
            ecep:reg="glad"
            ecep:spe="glad"
            ecep:syllab="1"
            ecep:pron="glæd">glad</w>
         <c> </c>
         <w xml:id="bhw18-459040"
            n="a-1240"
            ecep:lem="the"
            ecep:pos="dt"
            ecep:reg="the"
            ecep:spe="the"
            ecep:syllab="1"
            ecep:pron="ðiː">the</w>
         <c> </c>
         <w xml:id="bhw18-459050"
            n="a-1250"
            ecep:lem="eye"
            ecep:pos="n1"
            ecep:reg="eye"
            ecep:spe="eye"
            ecep:syllab="1"
            ecep:pron="aɪ">eye</w>
         <pc xml:id="bhw18-459060"
             n="a-1260"
             ecep:lem=","
             ecep:pos=","
             ecep:reg=","
             ecep:spe=",">,</pc>
         <c> </c>
         <pc xml:id="bhw18-459070"
             n="a-1270"
             ecep:lem="—"
             ecep:pos="—"
             ecep:reg="—"
             ecep:spe="—">—</pc>
      </l>
      <l xml:id="bhw18-l19515">
         <c> </c>
         <w xml:id="bhw18-459080"
            n="a-1280"
            ecep:lem="nor"
            ecep:pos="ccx"
            ecep:reg="Nor"
            ecep:spe="Nor"
            ecep:syllab="1"
            ecep:pron="nɔː">Nor</w>
         <pc xml:id="bhw18-459090"
             n="a-1290"
             ecep:lem=","
             ecep:pos=","
             ecep:reg=","
             ecep:spe=",">,</pc>
         <c> </c>
         <w xml:id="bhw18-459100"
            n="a-1300"
            ecep:lem="like"
            ecep:pos="vvi"
            ecep:reg="like"
            ecep:spe="like"
            ecep:syllab="1"
            ecep:pron="laɪk">like</w>
         <c> </c>
         <w xml:id="bhw18-459110"
            n="a-1310"
            ecep:lem="my"
            ecep:pos="po11"
            ecep:reg="my"
            ecep:spe="my"
            ecep:syllab="1"
            ecep:pron="maɪ">my</w>
         <c> </c>
         <w xml:id="bhw18-459120"
            n="a-1320"
            ecep:lem="verse"
            ecep:pos="n1"
            ecep:reg="verse"
            ecep:spe="verse"
            ecep:syllab="1"
            ecep:pron="vɜːs">verse</w>
         <c> </c>
         <w xml:id="bhw18-459130"
            n="a-1330"
            ecep:lem="be"
            ecep:pos="vbz"
            ecep:reg="is"
            ecep:spe="is"
            ecep:syllab="1"
            ecep:pron="ɪz">is</w>
         <c> </c>
         <w xml:id="bhw18-459140"
            n="a-1340"
            ecep:lem="bear"
            ecep:pos="vvn"
            ecep:reg="born"
            ecep:spe="born"
            ecep:syllab="1"
            ecep:pron="bɔːn">born</w>
         <c> </c>
         <w xml:id="bhw18-459150"
            n="a-1350"
            ecep:lem="to"
            ecep:pos="pc-acp"
            ecep:reg="to"
            ecep:spe="to"
            ecep:syllab="1"
            ecep:pron="tuː">to</w>
         <c> </c>
         <w xml:id="bhw18-459160"
            n="a-1360"
            ecep:lem="die"
            ecep:pos="vvi"
            ecep:reg="die"
            ecep:spe="die"
            ecep:syllab="1"
            ecep:pron="daɪ">die</w>
         <pc xml:id="bhw18-459170"
             n="a-1370"
             unit="sentence"
             ecep:lem="."
             ecep:pos="."
             ecep:reg="."
             ecep:spe=".">.</pc>
         <c> </c>
      </l>
   </lg>
</div>
