<?xml version="1.0" encoding="UTF-8"?>
<?xml-model href="../tei_all.rnc" type="application/relax-ng-compact-syntax"?>
<TEI xmlns="http://www.tei-c.org/ns/1.0">
   <teiHeader>
      <fileDesc>
         <titleStmt>
            <title corresp="#txt_MontLa1689_w0011">In Answer to a LADY who advised RETIREMENT.</title>
            <author corresp="authors.xml#aut_MontLa1689">Lady Mary Wortley Montagu (née Pierrepont)</author>
            <respStmt>
               <name xml:id="AH">Alexander Huber</name>
               <resp>Editor</resp>
            </respStmt>
            <funder>
               <name type="institution" xml:id="BOD">Bodleian Libraries, University of Oxford</name>
               <address>
                  <addrLine>Broad Street</addrLine>
                  <addrLine>Oxford OX1 3BG</addrLine>
                  <addrLine>UK</addrLine>
               </address>
            </funder>
         </titleStmt>
         <publicationStmt>
            <publisher xml:id="ECPA">Eighteenth-Century Poetry Archive</publisher>
            <address>
               <addrLine>Taylor Institution Library</addrLine>
               <addrLine>St Giles'</addrLine>
               <addrLine>Oxford OX1 3NA</addrLine>
               <addrLine>UK</addrLine>
               <addrLine>
                  <email>info@eighteenthcenturypoetry.org</email>
               </addrLine>
               <addrLine>
                  <ref target="https://www.eighteenthcenturypoetry.org/">https://www.eighteenthcenturypoetry.org/</ref>
               </addrLine>
            </address>
            <pubPlace>Oxford</pubPlace>
            <availability status="restricted">
               <licence target="http://creativecommons.org/licenses/by-sa/3.0/">This work is licensed under a Creative Commons Attribution-ShareAlike 3.0 Unported License.</licence>
            </availability>
            <idno type="ESTC">T131163</idno>
            <idno type="TCP">K104099.004</idno>
         </publicationStmt>
         <sourceDesc>
            <bibl>
               <author>Dodsley, Robert, 1703-1764.</author>
               <title>A Collection of Poems in Six Volumes. By Several Hands. Vol. IV.</title>
               <pubPlace>London</pubPlace>
               <publisher>printed by J. Hughs, for R. and J. Dodsley</publisher>
               <date>1763 [1st ed. 1758]</date>
               <biblScope>p. 195.</biblScope>
               <extent>6v.: music; 8⁰.</extent>
            </bibl>
         </sourceDesc>
      </fileDesc>
      <encodingDesc>
         <projectDesc>
            <p>This e-text is part of the Works section of the Eighteenth-Century Poetry Archive (ECPA).</p>
            <p>XML created for the Eighteenth-Century Poetry Archive (ECPA).</p>
         </projectDesc>
         <editorialDecl>
            <p>The text has been typographically modernized, but without any silent modernization of
						spelling, capitalization, or punctuation. The source of the text is given and all editorial interventions
						have been recorded in textual notes. Based on the electronic text originally produced by the TCP project, this  text has been edited to conform to the recommendations found in Level 5 of the
						Best Practices for TEI in Libraries version 4.0.0.
					</p>
         </editorialDecl>
         <classDecl>
            <taxonomy xml:id="LCNAF">
               <bibl>Library of Congress Name Authority File (<abbr>LCNAF</abbr>)</bibl>
            </taxonomy>
         </classDecl>
         <tagsDecl>
            <rendition n="linegroups indented" xml:id="lgindent" scheme="css">text-indent: 1em;</rendition>
            <rendition n="linegroups vertically spaced" xml:id="lgvspace" scheme="css">margin-bottom: 1em;</rendition>
            <rendition n="aligned centrally" xml:id="align-center" scheme="css">text-align: center;</rendition>
            <rendition n="aligned right" xml:id="align-right" scheme="css">text-align: right;</rendition>
            <rendition n="aligned left" xml:id="align-left" scheme="css">text-align: left;</rendition>
            <rendition n="inline" xml:id="inline" scheme="css">display: inline</rendition>
            <rendition n="italic" xml:id="i" scheme="css">font-style: italic;</rendition>
            <rendition n="bold" xml:id="b" scheme="css">font-weight: bold;</rendition>
         </tagsDecl>
      </encodingDesc>
   </teiHeader>
   <text>
      <body>
         <div xmlns:ecep="http://www.eighteenthcenturypoetry.org/ns"
              ana="#iamb #pentameter #couplet #heroiccouplet #answer #pair"
              corresp="#txt_MontLa1689_w0011"
              ecep:syllab="10"
              met="-+|-+|-+|-+|-+/"
              rhyme="aa"
              subtype="eceptext"
              type="poem"
              xml:id="o5155-w0320"
              decls="#semi-normalized">
            <link target="authors.xml#aut_MontLa1689" type="author"/>
            <link target="25745" type="DMI"/>
            <head type="main">
               <w xmlns:ecep="http://www.eighteenthcenturypoetry.org/ns"
                  xml:id="o5155-423290"
                  n="197-a-0010"
                  ecep:lem="in"
                  ecep:pos="p-acp"
                  ecep:reg="In"
                  ecep:spe="In"
                  ecep:syllab="1"
                  ecep:pron="ɪn">In</w>
               <c> </c>
               <w xmlns:ecep="http://www.eighteenthcenturypoetry.org/ns"
                  xml:id="o5155-423300"
                  n="197-a-0020"
                  ecep:lem="answer"
                  ecep:pos="n1"
                  ecep:reg="Answer"
                  ecep:spe="Answer"
                  ecep:syllab="2"
                  ecep:pron="ˈɑːnsə">Answer</w>
               <c> </c>
               <w xmlns:ecep="http://www.eighteenthcenturypoetry.org/ns"
                  xml:id="o5155-423310"
                  n="197-a-0030"
                  ecep:lem="to"
                  ecep:pos="p-acp"
                  ecep:reg="to"
                  ecep:spe="to"
                  ecep:syllab="1"
                  ecep:pron="tuː">to</w>
               <c> </c>
               <w xmlns:ecep="http://www.eighteenthcenturypoetry.org/ns"
                  xml:id="o5155-423320"
                  n="197-a-0040"
                  ecep:lem="a"
                  ecep:pos="dt"
                  ecep:reg="a"
                  ecep:spe="a"
                  ecep:syllab="1"
                  ecep:pron="ə">a</w>
               <c> </c>
               <w xmlns:ecep="http://www.eighteenthcenturypoetry.org/ns"
                  xml:id="o5155-423330"
                  n="197-a-0050"
                  ecep:lem="lady"
                  ecep:pos="n1"
                  ecep:reg="LADY"
                  ecep:spe="LADY"
                  ecep:syllab="2"
                  ecep:pron="ˈleɪdi">LADY</w>
               <c> </c>
               <w xmlns:ecep="http://www.eighteenthcenturypoetry.org/ns"
                  xml:id="o5155-423340"
                  n="197-a-0060"
                  ecep:lem="who"
                  ecep:pos="r-crq"
                  ecep:reg="who"
                  ecep:spe="who"
                  ecep:syllab="1"
                  ecep:pron="huː">who</w>
               <c> </c>
               <w xmlns:ecep="http://www.eighteenthcenturypoetry.org/ns"
                  xml:id="o5155-423350"
                  n="197-a-0070"
                  ecep:lem="advise"
                  ecep:pos="vvd"
                  ecep:reg="advised"
                  ecep:spe="advised"
                  ecep:syllab="2"
                  ecep:pron="ədˈvaɪzd">advised</w>
               <c> </c>
               <w xmlns:ecep="http://www.eighteenthcenturypoetry.org/ns"
                  xml:id="o5155-423360"
                  n="197-a-0080"
                  ecep:lem="retirement"
                  ecep:pos="n1"
                  ecep:reg="RETIREMENT"
                  ecep:spe="RETIREMENT"
                  ecep:syllab="4"
                  ecep:pron="rɪˈtæəmənt">RETIREMENT</w>
               <pc xmlns:ecep="http://www.eighteenthcenturypoetry.org/ns"
                   xml:id="o5155-423370"
                   n="197-a-0090"
                   unit="sentence"
                   ecep:lem="."
                   ecep:pos="."
                   ecep:reg="."
                   ecep:spe=".">.</pc>
            </head>
            <byline>
               <w xmlns:ecep="http://www.eighteenthcenturypoetry.org/ns"
                  xml:id="o5155-423400"
                  n="197-a-0100"
                  ecep:lem="by"
                  ecep:pos="p-acp"
                  ecep:reg="By"
                  ecep:spe="By"
                  ecep:syllab="1"
                  ecep:pron="baɪ">By</w>
               <c> </c>
               <w xmlns:ecep="http://www.eighteenthcenturypoetry.org/ns"
                  xml:id="o5155-423410"
                  n="197-a-0110"
                  ecep:lem="the"
                  ecep:pos="dt"
                  ecep:reg="the"
                  ecep:spe="the"
                  ecep:syllab="1"
                  ecep:pron="ðiː">the</w>
               <c> </c>
               <w xmlns:ecep="http://www.eighteenthcenturypoetry.org/ns"
                  xml:id="o5155-423420"
                  n="197-a-0120"
                  ecep:lem="same"
                  ecep:pos="d"
                  ecep:reg="Same"
                  ecep:spe="Same"
                  ecep:syllab="1"
                  ecep:pron="seɪm">Same</w>
               <pc xmlns:ecep="http://www.eighteenthcenturypoetry.org/ns"
                   xml:id="o5155-423430"
                   n="197-a-0130"
                   unit="sentence"
                   ecep:lem="."
                   ecep:pos="."
                   ecep:reg="."
                   ecep:spe=".">.</pc>
            </byline>
            <lg xml:id="o5155-s02340">
               <l xml:id="o5155-l21815">
                  <w xmlns:ecep="http://www.eighteenthcenturypoetry.org/ns"
                     xml:id="o5155-423460"
                     n="197-a-0140"
                     ecep:lem="you"
                     ecep:pos="pn22"
                     ecep:reg="YOU"
                     ecep:spe="YOU"
                     ecep:syllab="1"
                     ecep:pron="juː">YOU</w>
                  <c> </c>
                  <w xmlns:ecep="http://www.eighteenthcenturypoetry.org/ns"
                     xml:id="o5155-423470"
                     n="197-a-0150"
                     ecep:lem="little"
                     ecep:pos="j"
                     ecep:reg="little"
                     ecep:spe="little"
                     ecep:syllab="2"
                     ecep:pron="ˈlɪtl">little</w>
                  <c> </c>
                  <w xmlns:ecep="http://www.eighteenthcenturypoetry.org/ns"
                     xml:id="o5155-423480"
                     n="197-a-0160"
                     ecep:lem="know"
                     ecep:pos="vvb"
                     ecep:reg="know"
                     ecep:spe="know"
                     ecep:syllab="1"
                     ecep:pron="nəʊ">know</w>
                  <c> </c>
                  <w xmlns:ecep="http://www.eighteenthcenturypoetry.org/ns"
                     xml:id="o5155-423490"
                     n="197-a-0170"
                     ecep:lem="the"
                     ecep:pos="dt"
                     ecep:reg="the"
                     ecep:spe="the"
                     ecep:syllab="1"
                     ecep:pron="ðiː">the</w>
                  <c> </c>
                  <w xmlns:ecep="http://www.eighteenthcenturypoetry.org/ns"
                     xml:id="o5155-423500"
                     n="197-a-0180"
                     ecep:lem="heart"
                     ecep:pos="n1"
                     ecep:reg="heart"
                     ecep:spe="heart"
                     ecep:syllab="1"
                     ecep:pron="hɑːt">heart</w>
                  <c> </c>
                  <w xmlns:ecep="http://www.eighteenthcenturypoetry.org/ns"
                     xml:id="o5155-423510"
                     n="197-a-0190"
                     ecep:lem="that"
                     ecep:pos="cst"
                     ecep:reg="that"
                     ecep:spe="that"
                     ecep:syllab="1"
                     ecep:pron="ðæt">that</w>
                  <c> </c>
                  <w xmlns:ecep="http://www.eighteenthcenturypoetry.org/ns"
                     xml:id="o5155-423520"
                     n="197-a-0200"
                     ecep:lem="you"
                     ecep:pos="pn22"
                     ecep:reg="you"
                     ecep:spe="you"
                     ecep:syllab="1"
                     ecep:pron="juː">you</w>
                  <c> </c>
                  <w xmlns:ecep="http://www.eighteenthcenturypoetry.org/ns"
                     xml:id="o5155-423530"
                     n="197-a-0210"
                     ecep:lem="advise"
                     ecep:pos="vvb"
                     ecep:reg="advise"
                     ecep:spe="advise"
                     ecep:syllab="2"
                     ecep:pron="ədˈvaɪz">advise</w>
                  <pc xmlns:ecep="http://www.eighteenthcenturypoetry.org/ns"
                      xml:id="o5155-423540"
                      n="197-a-0220"
                      ecep:lem=";"
                      ecep:pos=";"
                      ecep:reg=";"
                      ecep:spe=";">;</pc>
               </l>
               <l xml:id="o5155-l21820">
                  <w xmlns:ecep="http://www.eighteenthcenturypoetry.org/ns"
                     xml:id="o5155-423550"
                     n="197-a-0230"
                     ecep:lem="i"
                     ecep:pos="pns11"
                     ecep:reg="I"
                     ecep:spe="I"
                     ecep:syllab="1"
                     ecep:pron="aɪ">I</w>
                  <c> </c>
                  <w xmlns:ecep="http://www.eighteenthcenturypoetry.org/ns"
                     xml:id="o5155-423560"
                     n="197-a-0240"
                     ecep:lem="view"
                     ecep:pos="vvb"
                     ecep:reg="view"
                     ecep:spe="view"
                     ecep:syllab="1"
                     ecep:pron="vjuː">view</w>
                  <c> </c>
                  <w xmlns:ecep="http://www.eighteenthcenturypoetry.org/ns"
                     xml:id="o5155-423570"
                     n="197-a-0250"
                     ecep:lem="this"
                     ecep:pos="d"
                     ecep:reg="this"
                     ecep:spe="this"
                     ecep:syllab="1"
                     ecep:pron="ðɪs">this</w>
                  <c> </c>
                  <w xmlns:ecep="http://www.eighteenthcenturypoetry.org/ns"
                     xml:id="o5155-423580"
                     n="197-a-0260"
                     ecep:lem="various"
                     ecep:pos="j"
                     ecep:reg="various"
                     ecep:spe="various"
                     ecep:syllab="2"
                     ecep:pron="ˈveəriəs">various</w>
                  <c> </c>
                  <w xmlns:ecep="http://www.eighteenthcenturypoetry.org/ns"
                     xml:id="o5155-423590"
                     n="197-a-0270"
                     ecep:lem="scene"
                     ecep:pos="n1"
                     ecep:reg="scene"
                     ecep:spe="scene"
                     ecep:syllab="1"
                     ecep:pron="siːn">scene</w>
                  <c> </c>
                  <w xmlns:ecep="http://www.eighteenthcenturypoetry.org/ns"
                     xml:id="o5155-423600"
                     n="197-a-0280"
                     ecep:lem="with"
                     ecep:pos="p-acp"
                     ecep:reg="with"
                     ecep:spe="with"
                     ecep:syllab="1"
                     ecep:pron="wɪð">with</w>
                  <c> </c>
                  <w xmlns:ecep="http://www.eighteenthcenturypoetry.org/ns"
                     xml:id="o5155-423610"
                     n="197-a-0290"
                     ecep:lem="equal"
                     ecep:pos="j-jn"
                     ecep:reg="equal"
                     ecep:spe="equal"
                     ecep:syllab="2"
                     ecep:pron="ˈiːkwəl">equal</w>
                  <c> </c>
                  <w xmlns:ecep="http://www.eighteenthcenturypoetry.org/ns"
                     xml:id="o5155-423620"
                     n="197-a-0300"
                     ecep:lem="eye"
                     ecep:pos="n2"
                     ecep:reg="eyes"
                     ecep:spe="eyes"
                     ecep:syllab="1"
                     ecep:pron="aɪz">eyes</w>
                  <pc xmlns:ecep="http://www.eighteenthcenturypoetry.org/ns"
                      xml:id="o5155-423630"
                      n="197-a-0310"
                      ecep:lem=":"
                      ecep:pos=":"
                      ecep:reg=":"
                      ecep:spe=":">:</pc>
               </l>
               <l xml:id="o5155-l21825">
                  <w xmlns:ecep="http://www.eighteenthcenturypoetry.org/ns"
                     xml:id="o5155-423640"
                     n="197-a-0320"
                     ecep:lem="in"
                     ecep:pos="p-acp"
                     ecep:reg="In"
                     ecep:spe="In"
                     ecep:syllab="1"
                     ecep:pron="ɪn">In</w>
                  <c> </c>
                  <w xmlns:ecep="http://www.eighteenthcenturypoetry.org/ns"
                     xml:id="o5155-423650"
                     n="197-a-0330"
                     ecep:lem="crowd"
                     ecep:pos="j-vvn"
                     ecep:reg="crowded"
                     ecep:spe="crowded"
                     ecep:syllab="2"
                     ecep:pron="kraʊdɪd">crowded</w>
                  <c> </c>
                  <w xmlns:ecep="http://www.eighteenthcenturypoetry.org/ns"
                     xml:id="o5155-423660"
                     n="197-a-0340"
                     ecep:lem="court"
                     ecep:pos="n2"
                     ecep:reg="courts"
                     ecep:spe="courts"
                     ecep:syllab="1"
                     ecep:pron="kɔːts">courts</w>
                  <c> </c>
                  <w xmlns:ecep="http://www.eighteenthcenturypoetry.org/ns"
                     xml:id="o5155-423670"
                     n="197-a-0350"
                     ecep:lem="i"
                     ecep:pos="pns11"
                     ecep:reg="I"
                     ecep:spe="I"
                     ecep:syllab="1"
                     ecep:pron="aɪ">I</w>
                  <c> </c>
                  <w xmlns:ecep="http://www.eighteenthcenturypoetry.org/ns"
                     xml:id="o5155-423680"
                     n="197-a-0360"
                     ecep:lem="find"
                     ecep:pos="vvb"
                     ecep:reg="find"
                     ecep:spe="find"
                     ecep:syllab="1"
                     ecep:pron="faɪnd">find</w>
                  <c> </c>
                  <w xmlns:ecep="http://www.eighteenthcenturypoetry.org/ns"
                     xml:id="o5155-423690"
                     n="197-a-0370"
                     ecep:lem="myself"
                     ecep:pos="px11"
                     ecep:reg="myself"
                     ecep:spe="myself"
                     ecep:syllab="2"
                     ecep:pron="maɪˈself">myself</w>
                  <c> </c>
                  <w xmlns:ecep="http://www.eighteenthcenturypoetry.org/ns"
                     xml:id="o5155-423700"
                     n="197-a-0380"
                     ecep:lem="alone"
                     ecep:pos="av-j"
                     ecep:reg="alone"
                     ecep:spe="alone"
                     ecep:syllab="2"
                     ecep:pron="əˈləʊn">alone</w>
                  <pc xmlns:ecep="http://www.eighteenthcenturypoetry.org/ns"
                      xml:id="o5155-423710"
                      n="197-a-0390"
                      ecep:lem=","
                      ecep:pos=","
                      ecep:reg=","
                      ecep:spe=",">,</pc>
               </l>
               <l xml:id="o5155-l21830">
                  <w xmlns:ecep="http://www.eighteenthcenturypoetry.org/ns"
                     xml:id="o5155-423720"
                     n="197-a-0400"
                     ecep:lem="and"
                     ecep:pos="cc"
                     ecep:reg="And"
                     ecep:spe="And"
                     ecep:syllab="1"
                     ecep:pron="ænd">And</w>
                  <c> </c>
                  <w xmlns:ecep="http://www.eighteenthcenturypoetry.org/ns"
                     xml:id="o5155-423730"
                     n="197-a-0410"
                     ecep:lem="pay"
                     ecep:pos="vvi"
                     ecep:reg="pay"
                     ecep:spe="pay"
                     ecep:syllab="1"
                     ecep:pron="peɪ">pay</w>
                  <c> </c>
                  <w xmlns:ecep="http://www.eighteenthcenturypoetry.org/ns"
                     xml:id="o5155-423740"
                     n="197-a-0420"
                     ecep:lem="my"
                     ecep:pos="po11"
                     ecep:reg="my"
                     ecep:spe="my"
                     ecep:syllab="1"
                     ecep:pron="maɪ">my</w>
                  <c> </c>
                  <w xmlns:ecep="http://www.eighteenthcenturypoetry.org/ns"
                     xml:id="o5155-423750"
                     n="197-a-0430"
                     ecep:lem="worship"
                     ecep:pos="n1"
                     ecep:reg="worship"
                     ecep:spe="worship"
                     ecep:syllab="2"
                     ecep:pron="ˈwɜːʃɪp">worship</w>
                  <c> </c>
                  <w xmlns:ecep="http://www.eighteenthcenturypoetry.org/ns"
                     xml:id="o5155-423760"
                     n="197-a-0440"
                     ecep:lem="to"
                     ecep:pos="p-acp"
                     ecep:reg="to"
                     ecep:spe="to"
                     ecep:syllab="1"
                     ecep:pron="tuː">to</w>
                  <c> </c>
                  <w xmlns:ecep="http://www.eighteenthcenturypoetry.org/ns"
                     xml:id="o5155-423770"
                     n="197-a-0450"
                     ecep:lem="a"
                     ecep:pos="dt"
                     ecep:reg="a"
                     ecep:spe="a"
                     ecep:syllab="1"
                     ecep:pron="ə">a</w>
                  <c> </c>
                  <w xmlns:ecep="http://www.eighteenthcenturypoetry.org/ns"
                     xml:id="o5155-423780"
                     n="197-a-0460"
                     ecep:lem="noble"
                     ecep:pos="jc"
                     ecep:reg="nobler"
                     ecep:spe="nobler"
                     ecep:syllab="2"
                     ecep:pron="ˈnəʊblə">nobler</w>
                  <c> </c>
                  <w xmlns:ecep="http://www.eighteenthcenturypoetry.org/ns"
                     xml:id="o5155-423790"
                     n="197-a-0470"
                     ecep:lem="throne"
                     ecep:pos="n1"
                     ecep:reg="throne"
                     ecep:spe="throne"
                     ecep:syllab="1"
                     ecep:pron="θrəʊn">throne</w>
                  <pc xmlns:ecep="http://www.eighteenthcenturypoetry.org/ns"
                      xml:id="o5155-423800"
                      n="197-a-0480"
                      unit="sentence"
                      ecep:lem="."
                      ecep:pos="."
                      ecep:reg="."
                      ecep:spe=".">.</pc>
               </l>
               <l xml:id="o5155-l21835">
                  <w xmlns:ecep="http://www.eighteenthcenturypoetry.org/ns"
                     xml:id="o5155-423810"
                     n="197-a-0490"
                     ecep:lem="long"
                     ecep:pos="j"
                     ecep:reg="Long"
                     ecep:spe="Long"
                     ecep:syllab="1"
                     ecep:pron="lɒŋ">Long</w>
                  <c> </c>
                  <w xmlns:ecep="http://www.eighteenthcenturypoetry.org/ns"
                     xml:id="o5155-423820"
                     n="197-a-0500"
                     ecep:lem="since"
                     ecep:pos="c-acp"
                     ecep:reg="since"
                     ecep:spe="since"
                     ecep:syllab="1"
                     ecep:pron="sɪns">since</w>
                  <c> </c>
                  <w xmlns:ecep="http://www.eighteenthcenturypoetry.org/ns"
                     xml:id="o5155-423830"
                     n="197-a-0510"
                     ecep:lem="the"
                     ecep:pos="dt"
                     ecep:reg="the"
                     ecep:spe="the"
                     ecep:syllab="1"
                     ecep:pron="ðiː">the</w>
                  <c> </c>
                  <w xmlns:ecep="http://www.eighteenthcenturypoetry.org/ns"
                     xml:id="o5155-423840"
                     n="197-a-0520"
                     ecep:lem="value"
                     ecep:pos="n1"
                     ecep:reg="value"
                     ecep:spe="value"
                     ecep:syllab="2"
                     ecep:pron="ˈvæljuː">value</w>
                  <c> </c>
                  <w xmlns:ecep="http://www.eighteenthcenturypoetry.org/ns"
                     xml:id="o5155-423850"
                     n="197-a-0530"
                     ecep:lem="of"
                     ecep:pos="pp-f"
                     ecep:reg="of"
                     ecep:spe="of"
                     ecep:syllab="1"
                     ecep:pron="ɒv">of</w>
                  <c> </c>
                  <w xmlns:ecep="http://www.eighteenthcenturypoetry.org/ns"
                     xml:id="o5155-423860"
                     n="197-a-0540"
                     ecep:lem="this"
                     ecep:pos="d"
                     ecep:reg="this"
                     ecep:spe="this"
                     ecep:syllab="1"
                     ecep:pron="ðɪs">this</w>
                  <c> </c>
                  <w xmlns:ecep="http://www.eighteenthcenturypoetry.org/ns"
                     xml:id="o5155-423870"
                     n="197-a-0550"
                     ecep:lem="world"
                     ecep:pos="n1"
                     ecep:reg="world"
                     ecep:spe="world"
                     ecep:syllab="1"
                     ecep:pron="wɜːld">world</w>
                  <c> </c>
                  <w xmlns:ecep="http://www.eighteenthcenturypoetry.org/ns"
                     xml:id="o5155-423880"
                     n="197-a-0560"
                     ecep:lem="i"
                     ecep:pos="pns11"
                     ecep:reg="I"
                     ecep:spe="I"
                     ecep:syllab="1"
                     ecep:pron="aɪ">I</w>
                  <c> </c>
                  <w xmlns:ecep="http://www.eighteenthcenturypoetry.org/ns"
                     xml:id="o5155-423890"
                     n="197-a-0570"
                     ecep:lem="know"
                     ecep:pos="vvb"
                     ecep:reg="know"
                     ecep:spe="know"
                     ecep:syllab="1"
                     ecep:pron="nəʊ">know</w>
                  <pc xmlns:ecep="http://www.eighteenthcenturypoetry.org/ns"
                      xml:id="o5155-423900"
                      n="197-a-0580"
                      ecep:lem=","
                      ecep:pos=","
                      ecep:reg=","
                      ecep:spe=",">,</pc>
               </l>
               <l xml:id="o5155-l21840">
                  <w xmlns:ecep="http://www.eighteenthcenturypoetry.org/ns"
                     xml:id="o5155-423910"
                     n="197-a-0590"
                     ecep:lem="pity"
                     ecep:pos="vvb"
                     ecep:reg="Pity"
                     ecep:spe="Pity"
                     ecep:syllab="2"
                     ecep:pron="ˈpɪti">Pity</w>
                  <c> </c>
                  <w xmlns:ecep="http://www.eighteenthcenturypoetry.org/ns"
                     xml:id="o5155-423920"
                     n="197-a-0600"
                     ecep:lem="the"
                     ecep:pos="dt"
                     ecep:reg="the"
                     ecep:spe="the"
                     ecep:syllab="1"
                     ecep:pron="ðiː">the</w>
                  <c> </c>
                  <w xmlns:ecep="http://www.eighteenthcenturypoetry.org/ns"
                     xml:id="o5155-423930"
                     n="197-a-0610"
                     ecep:lem="madness"
                     ecep:pos="n1"
                     ecep:reg="madness"
                     ecep:spe="madness"
                     ecep:syllab="2"
                     ecep:pron="mædnəs">madness</w>
                  <pc xmlns:ecep="http://www.eighteenthcenturypoetry.org/ns"
                      xml:id="o5155-423940"
                      n="197-a-0620"
                      ecep:lem=","
                      ecep:pos=","
                      ecep:reg=","
                      ecep:spe=",">,</pc>
                  <c> </c>
                  <w xmlns:ecep="http://www.eighteenthcenturypoetry.org/ns"
                     xml:id="o5155-423950"
                     n="197-a-0630"
                     ecep:lem="and"
                     ecep:pos="cc"
                     ecep:reg="and"
                     ecep:spe="and"
                     ecep:syllab="1"
                     ecep:pron="ænd">and</w>
                  <c> </c>
                  <w xmlns:ecep="http://www.eighteenthcenturypoetry.org/ns"
                     xml:id="o5155-423960"
                     n="197-a-0640"
                     ecep:lem="despise"
                     ecep:pos="vvb"
                     ecep:reg="despise"
                     ecep:spe="despise"
                     ecep:syllab="2"
                     ecep:pron="dɪˈspaɪz">despise</w>
                  <c> </c>
                  <w xmlns:ecep="http://www.eighteenthcenturypoetry.org/ns"
                     xml:id="o5155-423970"
                     n="197-a-0650"
                     ecep:lem="the"
                     ecep:pos="dt"
                     ecep:reg="the"
                     ecep:spe="the"
                     ecep:syllab="1"
                     ecep:pron="ðiː">the</w>
                  <c> </c>
                  <w xmlns:ecep="http://www.eighteenthcenturypoetry.org/ns"
                     xml:id="o5155-423980"
                     n="197-a-0660"
                     ecep:lem="show"
                     ecep:pos="n1"
                     ecep:reg="show"
                     ecep:spe="show"
                     ecep:syllab="1"
                     ecep:pron="ʃəʊ">show</w>
                  <pc xmlns:ecep="http://www.eighteenthcenturypoetry.org/ns"
                      xml:id="o5155-423990"
                      n="197-a-0670"
                      unit="sentence"
                      ecep:lem="."
                      ecep:pos="."
                      ecep:reg="."
                      ecep:spe=".">.</pc>
               </l>
               <l xml:id="o5155-l21845">
                  <w xmlns:ecep="http://www.eighteenthcenturypoetry.org/ns"
                     xml:id="o5155-424000"
                     n="197-a-0680"
                     ecep:lem="well"
                     ecep:pos="uh-av"
                     ecep:reg="Well"
                     ecep:spe="Well"
                     ecep:syllab="1"
                     ecep:pron="wel">Well</w>
                  <c> </c>
                  <w xmlns:ecep="http://www.eighteenthcenturypoetry.org/ns"
                     xml:id="o5155-424010"
                     n="197-a-0690"
                     ecep:lem="as"
                     ecep:pos="c-acp"
                     ecep:reg="as"
                     ecep:spe="as"
                     ecep:syllab="1"
                     ecep:pron="æz">as</w>
                  <c> </c>
                  <w xmlns:ecep="http://www.eighteenthcenturypoetry.org/ns"
                     xml:id="o5155-424020"
                     n="197-a-0700"
                     ecep:lem="i"
                     ecep:pos="pns11"
                     ecep:reg="I"
                     ecep:spe="I"
                     ecep:syllab="1"
                     ecep:pron="aɪ">I</w>
                  <c> </c>
                  <w xmlns:ecep="http://www.eighteenthcenturypoetry.org/ns"
                     xml:id="o5155-424030"
                     n="197-a-0710"
                     ecep:lem="can"
                     ecep:pos="vmb"
                     ecep:reg="can"
                     ecep:spe="can"
                     ecep:syllab="1"
                     ecep:pron="kæn">can</w>
                  <c> </c>
                  <w xmlns:ecep="http://www.eighteenthcenturypoetry.org/ns"
                     xml:id="o5155-424040"
                     n="197-a-0720"
                     ecep:lem="my"
                     ecep:pos="po11"
                     ecep:reg="my"
                     ecep:spe="my"
                     ecep:syllab="1"
                     ecep:pron="maɪ">my</w>
                  <c> </c>
                  <w xmlns:ecep="http://www.eighteenthcenturypoetry.org/ns"
                     xml:id="o5155-424050"
                     n="197-a-0730"
                     ecep:lem="tedious"
                     ecep:pos="j"
                     ecep:reg="tedious"
                     ecep:spe="tedious"
                     ecep:syllab="3"
                     ecep:pron="ˈtiːdiəs">tedious</w>
                  <c> </c>
                  <w xmlns:ecep="http://www.eighteenthcenturypoetry.org/ns"
                     xml:id="o5155-424060"
                     n="197-a-0740"
                     ecep:lem="part"
                     ecep:pos="n1"
                     ecep:reg="part"
                     ecep:spe="part"
                     ecep:syllab="1"
                     ecep:pron="pɑːt">part</w>
                  <c> </c>
                  <w xmlns:ecep="http://www.eighteenthcenturypoetry.org/ns"
                     xml:id="o5155-424070"
                     n="197-a-0750"
                     ecep:lem="i"
                     ecep:pos="pns11"
                     ecep:reg="I"
                     ecep:spe="I"
                     ecep:syllab="1"
                     ecep:pron="aɪ">I</w>
                  <c> </c>
                  <w xmlns:ecep="http://www.eighteenthcenturypoetry.org/ns"
                     xml:id="o5155-424080"
                     n="197-a-0760"
                     ecep:lem="bear"
                     ecep:pos="vvb"
                     ecep:reg="bear"
                     ecep:spe="bear"
                     ecep:syllab="1"
                     ecep:pron="beə">bear</w>
                  <pc xmlns:ecep="http://www.eighteenthcenturypoetry.org/ns"
                      xml:id="o5155-424090"
                      n="197-a-0770"
                      ecep:lem=","
                      ecep:pos=","
                      ecep:reg=","
                      ecep:spe=",">,</pc>
               </l>
               <l xml:id="o5155-l21850">
                  <w xmlns:ecep="http://www.eighteenthcenturypoetry.org/ns"
                     xml:id="o5155-424100"
                     n="197-a-0780"
                     ecep:lem="and"
                     ecep:pos="cc"
                     ecep:reg="And"
                     ecep:spe="And"
                     ecep:syllab="1"
                     ecep:pron="ænd">And</w>
                  <c> </c>
                  <w xmlns:ecep="http://www.eighteenthcenturypoetry.org/ns"
                     xml:id="o5155-424110"
                     n="197-a-0790"
                     ecep:lem="wait"
                     ecep:pos="vvi"
                     ecep:reg="wait"
                     ecep:spe="wait"
                     ecep:syllab="1"
                     ecep:pron="weɪt">wait</w>
                  <c> </c>
                  <w xmlns:ecep="http://www.eighteenthcenturypoetry.org/ns"
                     xml:id="o5155-424120"
                     n="197-a-0800"
                     ecep:lem="for"
                     ecep:pos="p-acp"
                     ecep:reg="for"
                     ecep:spe="for"
                     ecep:syllab="1"
                     ecep:pron="fɔː">for</w>
                  <c> </c>
                  <w xmlns:ecep="http://www.eighteenthcenturypoetry.org/ns"
                     xml:id="o5155-424130"
                     n="197-a-0810"
                     ecep:lem="my"
                     ecep:pos="po11"
                     ecep:reg="my"
                     ecep:spe="my"
                     ecep:syllab="1"
                     ecep:pron="maɪ">my</w>
                  <c> </c>
                  <w xmlns:ecep="http://www.eighteenthcenturypoetry.org/ns"
                     xml:id="o5155-424140"
                     n="197-a-0820"
                     ecep:lem="dismission"
                     ecep:pos="n1"
                     ecep:reg="dismission"
                     ecep:spe="dismission"
                     ecep:syllab="3"
                     ecep:pron="dɪsˈmɪsən">dismission</w>
                  <c> </c>
                  <w xmlns:ecep="http://www.eighteenthcenturypoetry.org/ns"
                     xml:id="o5155-424150"
                     n="197-a-0830"
                     ecep:lem="without"
                     ecep:pos="p-acp"
                     ecep:reg="without"
                     ecep:spe="without"
                     ecep:syllab="2"
                     ecep:pron="wɪˈðaʊt">without</w>
                  <c> </c>
                  <w xmlns:ecep="http://www.eighteenthcenturypoetry.org/ns"
                     xml:id="o5155-424160"
                     n="197-a-0840"
                     ecep:lem="fear"
                     ecep:pos="n1"
                     ecep:reg="fear"
                     ecep:spe="fear"
                     ecep:syllab="1"
                     ecep:pron="fɪə">fear</w>
                  <pc xmlns:ecep="http://www.eighteenthcenturypoetry.org/ns"
                      xml:id="o5155-424170"
                      n="197-a-0850"
                      unit="sentence"
                      ecep:lem="."
                      ecep:pos="."
                      ecep:reg="."
                      ecep:spe=".">.</pc>
               </l>
               <l xml:id="o5155-l21855">
                  <w xmlns:ecep="http://www.eighteenthcenturypoetry.org/ns"
                     xml:id="o5155-424180"
                     n="197-a-0860"
                     ecep:lem="seldom"
                     ecep:pos="av"
                     ecep:reg="Seldom"
                     ecep:spe="Seldom"
                     ecep:syllab="2"
                     ecep:pron="ˈseldəm">Seldom</w>
                  <c> </c>
                  <w xmlns:ecep="http://www.eighteenthcenturypoetry.org/ns"
                     xml:id="o5155-424190"
                     n="197-a-0870"
                     ecep:lem="i"
                     ecep:pos="pns11"
                     ecep:reg="I"
                     ecep:spe="I"
                     ecep:syllab="1"
                     ecep:pron="aɪ">I</w>
                  <c> </c>
                  <w xmlns:ecep="http://www.eighteenthcenturypoetry.org/ns"
                     xml:id="o5155-424200"
                     n="197-a-0880"
                     ecep:lem="mark"
                     ecep:pos="vvb"
                     ecep:reg="mark"
                     ecep:spe="mark"
                     ecep:syllab="1"
                     ecep:pron="mɑːk">mark</w>
                  <c> </c>
                  <w xmlns:ecep="http://www.eighteenthcenturypoetry.org/ns"
                     xml:id="o5155-424210"
                     n="197-a-0890"
                     ecep:lem="mankind"
                     ecep:pos="ng1"
                     ecep:reg="mankind's"
                     ecep:spe="mankind's"
                     ecep:syllab="2"
                     ecep:pron="ˈmænkaɪndz">mankind's</w>
                  <c> </c>
                  <w xmlns:ecep="http://www.eighteenthcenturypoetry.org/ns"
                     xml:id="o5155-424220"
                     n="197-a-0900"
                     ecep:lem="detest"
                     ecep:pos="j-vvn"
                     ecep:reg="detested"
                     ecep:spe="detested"
                     ecep:syllab="3"
                     ecep:pron="dɪˈtestɪd">detested</w>
                  <c> </c>
                  <w xmlns:ecep="http://www.eighteenthcenturypoetry.org/ns"
                     xml:id="o5155-424230"
                     n="197-a-0910"
                     ecep:lem="way"
                     ecep:pos="n2"
                     ecep:reg="ways"
                     ecep:spe="ways"
                     ecep:syllab="1"
                     ecep:pron="weɪz">ways</w>
                  <pc xmlns:ecep="http://www.eighteenthcenturypoetry.org/ns"
                      xml:id="o5155-424240"
                      n="197-a-0920"
                      ecep:lem=","
                      ecep:pos=","
                      ecep:reg=","
                      ecep:spe=",">,</pc>
               </l>
               <l xml:id="o5155-l21860">
                  <w xmlns:ecep="http://www.eighteenthcenturypoetry.org/ns"
                     xml:id="o5155-424250"
                     n="197-a-0930"
                     ecep:lem="not"
                     ecep:pos="xx"
                     ecep:reg="Not"
                     ecep:spe="Not"
                     ecep:syllab="1"
                     ecep:pron="nɒt">Not</w>
                  <c> </c>
                  <w xmlns:ecep="http://www.eighteenthcenturypoetry.org/ns"
                     xml:id="o5155-424260"
                     n="197-a-0940"
                     ecep:lem="hear"
                     ecep:pos="vvg"
                     ecep:reg="hearing"
                     ecep:spe="hearing"
                     ecep:syllab="2"
                     ecep:pron="hɪəɪŋ">hearing</w>
                  <c> </c>
                  <w xmlns:ecep="http://www.eighteenthcenturypoetry.org/ns"
                     xml:id="o5155-424270"
                     n="197-a-0950"
                     ecep:lem="censure"
                     ecep:pos="n1"
                     ecep:reg="censure"
                     ecep:spe="censure"
                     ecep:syllab="2"
                     ecep:pron="ˈsenʃə">censure</w>
                  <pc xmlns:ecep="http://www.eighteenthcenturypoetry.org/ns"
                      xml:id="o5155-424280"
                      n="197-a-0960"
                      ecep:lem=","
                      ecep:pos=","
                      ecep:reg=","
                      ecep:spe=",">,</pc>
                  <c> </c>
                  <w xmlns:ecep="http://www.eighteenthcenturypoetry.org/ns"
                     xml:id="o5155-424290"
                     n="197-a-0970"
                     ecep:lem="nor"
                     ecep:pos="ccx"
                     ecep:reg="nor"
                     ecep:spe="nor"
                     ecep:syllab="1"
                     ecep:pron="nɔː">nor</w>
                  <c> </c>
                  <w xmlns:ecep="http://www.eighteenthcenturypoetry.org/ns"
                     xml:id="o5155-424300"
                     n="197-a-0980"
                     ecep:lem="affect"
                     ecep:pos="j-vvg"
                     ecep:reg="affecting"
                     ecep:spe="affecting"
                     ecep:syllab="3"
                     ecep:pron="əˈfektɪŋ">affecting</w>
                  <c> </c>
                  <w xmlns:ecep="http://www.eighteenthcenturypoetry.org/ns"
                     xml:id="o5155-424310"
                     n="197-a-0990"
                     ecep:lem="praise"
                     ecep:pos="n1"
                     ecep:reg="praise"
                     ecep:spe="praise"
                     ecep:syllab="1"
                     ecep:pron="preɪz">praise</w>
                  <pc xmlns:ecep="http://www.eighteenthcenturypoetry.org/ns"
                      xml:id="o5155-424320"
                      n="197-a-1000"
                      ecep:lem=";"
                      ecep:pos=";"
                      ecep:reg=";"
                      ecep:spe=";">;</pc>
               </l>
               <l xml:id="o5155-l21865">
                  <w xmlns:ecep="http://www.eighteenthcenturypoetry.org/ns"
                     xml:id="o5155-424330"
                     n="197-a-1010"
                     ecep:lem="and"
                     ecep:pos="cc"
                     ecep:reg="And"
                     ecep:spe="And"
                     ecep:syllab="1"
                     ecep:pron="ænd">And</w>
                  <pc xmlns:ecep="http://www.eighteenthcenturypoetry.org/ns"
                      xml:id="o5155-424340"
                      n="197-a-1020"
                      ecep:lem=","
                      ecep:pos=","
                      ecep:reg=","
                      ecep:spe=",">,</pc>
                  <c> </c>
                  <w xmlns:ecep="http://www.eighteenthcenturypoetry.org/ns"
                     xml:id="o5155-424350"
                     n="197-a-1030"
                     ecep:lem="unconcerned"
                     ecep:pos="j"
                     ecep:reg="unconcerned"
                     ecep:spe="unconcern'd"
                     ecep:syllab="3"
                     ecep:pron="ˌʌnkənˈsɜːnd">unconcern'd</w>
                  <pc xmlns:ecep="http://www.eighteenthcenturypoetry.org/ns"
                      xml:id="o5155-424360"
                      n="197-a-1040"
                      ecep:lem=","
                      ecep:pos=","
                      ecep:reg=","
                      ecep:spe=",">,</pc>
                  <c> </c>
                  <w xmlns:ecep="http://www.eighteenthcenturypoetry.org/ns"
                     xml:id="o5155-424370"
                     n="197-a-1050"
                     ecep:lem="my"
                     ecep:pos="po11"
                     ecep:reg="my"
                     ecep:spe="my"
                     ecep:syllab="1"
                     ecep:pron="maɪ">my</w>
                  <c> </c>
                  <w xmlns:ecep="http://www.eighteenthcenturypoetry.org/ns"
                     xml:id="o5155-424380"
                     n="197-a-1060"
                     ecep:lem="future"
                     ecep:pos="j-jn"
                     ecep:reg="future"
                     ecep:spe="future"
                     ecep:syllab="2"
                     ecep:pron="ˈfjuːtʃə">future</w>
                  <c> </c>
                  <w xmlns:ecep="http://www.eighteenthcenturypoetry.org/ns"
                     xml:id="o5155-424390"
                     n="197-a-1070"
                     ecep:lem="state"
                     ecep:pos="n1"
                     ecep:reg="state"
                     ecep:spe="state"
                     ecep:syllab="1"
                     ecep:pron="steɪt">state</w>
                  <c> </c>
                  <w xmlns:ecep="http://www.eighteenthcenturypoetry.org/ns"
                     xml:id="o5155-424400"
                     n="197-a-1080"
                     ecep:lem="i"
                     ecep:pos="pns11"
                     ecep:reg="I"
                     ecep:spe="I"
                     ecep:syllab="1"
                     ecep:pron="aɪ">I</w>
                  <c> </c>
                  <w xmlns:ecep="http://www.eighteenthcenturypoetry.org/ns"
                     xml:id="o5155-424410"
                     n="197-a-1090"
                     ecep:lem="trust"
                     ecep:pos="vvb"
                     ecep:reg="trust"
                     ecep:spe="trust"
                     ecep:syllab="1"
                     ecep:pron="trʌst">trust</w>
               </l>
               <l xml:id="o5155-l21870">
                  <w xmlns:ecep="http://www.eighteenthcenturypoetry.org/ns"
                     xml:id="o5155-424420"
                     n="197-a-1100"
                     ecep:lem="to"
                     ecep:pos="p-acp"
                     ecep:reg="To"
                     ecep:spe="To"
                     ecep:syllab="1"
                     ecep:pron="tuː">To</w>
                  <c> </c>
                  <w xmlns:ecep="http://www.eighteenthcenturypoetry.org/ns"
                     xml:id="o5155-424430"
                     n="197-a-1110"
                     ecep:lem="that"
                     ecep:pos="d"
                     ecep:reg="that"
                     ecep:spe="that"
                     ecep:syllab="1"
                     ecep:pron="ðæt">that</w>
                  <c> </c>
                  <w xmlns:ecep="http://www.eighteenthcenturypoetry.org/ns"
                     xml:id="o5155-424440"
                     n="197-a-1120"
                     ecep:lem="sole"
                     ecep:pos="j"
                     ecep:reg="sole"
                     ecep:spe="sole"
                     ecep:syllab="1"
                     ecep:pron="səʊl">sole</w>
                  <c> </c>
                  <w xmlns:ecep="http://www.eighteenthcenturypoetry.org/ns"
                     xml:id="o5155-424450"
                     n="197-a-1130"
                     ecep:lem="be"
                     ecep:pos="vbg"
                     ecep:reg="Being"
                     ecep:spe="Being"
                     ecep:syllab="2"
                     ecep:pron="ˈbiːɪŋ">Being</w>
                  <pc xmlns:ecep="http://www.eighteenthcenturypoetry.org/ns"
                      xml:id="o5155-424460"
                      n="197-a-1140"
                      ecep:lem=","
                      ecep:pos=","
                      ecep:reg=","
                      ecep:spe=",">,</pc>
                  <c> </c>
                  <w xmlns:ecep="http://www.eighteenthcenturypoetry.org/ns"
                     xml:id="o5155-424470"
                     n="197-a-1150"
                     ecep:lem="merciful"
                     ecep:pos="j"
                     ecep:reg="merciful"
                     ecep:spe="merciful"
                     ecep:syllab="3"
                     ecep:pron="ˈmɜːsɪfl">merciful</w>
                  <c> </c>
                  <w xmlns:ecep="http://www.eighteenthcenturypoetry.org/ns"
                     xml:id="o5155-424480"
                     n="197-a-1160"
                     ecep:lem="and"
                     ecep:pos="cc"
                     ecep:reg="and"
                     ecep:spe="and"
                     ecep:syllab="1"
                     ecep:pron="ænd">and</w>
                  <c> </c>
                  <w xmlns:ecep="http://www.eighteenthcenturypoetry.org/ns"
                     xml:id="o5155-424490"
                     n="197-a-1170"
                     ecep:lem="just"
                     ecep:pos="j"
                     ecep:reg="just"
                     ecep:spe="just"
                     ecep:syllab="1"
                     ecep:pron="dʒʌst">just</w>
                  <pc xmlns:ecep="http://www.eighteenthcenturypoetry.org/ns"
                      xml:id="o5155-424500"
                      n="197-a-1180"
                      unit="sentence"
                      ecep:lem="."
                      ecep:pos="."
                      ecep:reg="."
                      ecep:spe=".">.</pc>
               </l>
            </lg>
         </div>
      </body>
   </text>
</TEI>
