<?xml version="1.0" encoding="UTF-8"?>
<div xmlns:ecep="http://www.eighteenthcenturypoetry.org/ns"
     xmlns="http://www.tei-c.org/ns/1.0"
     xmlns:tei="http://www.tei-c.org/ns/1.0"
     ana="#iamb #pentameter #couplet #pair #heroiccouplet #epistle"
     corresp="#txt_WattIs1674_w0067"
     decls="#semi-normalized"
     ecep:syllab="10"
     met="-+|-+|-+|-+|-+/"
     rendition="#lgvspace"
     rhyme="aa"
     subtype="eceptext"
     type="poem"
     xml:id="o4672-w0670">
   <link target="authors.xml#aut_WattIs1674" type="author"/>
   <head type="main">
      <w xml:id="o4672-290960"
         n="o4672/0226-a-0010"
         ecep:lem="to"
         ecep:pos="p-acp"
         ecep:reg="TO"
         ecep:spe="TO"
         ecep:syllab="1"
         ecep:pron="tuː">TO</w>
      <c> </c>
      <w xml:id="o4672-290970"
         n="o4672/0226-a-0020"
         ecep:lem="dr."
         ecep:pos="n1"
         ecep:reg="Dr."
         ecep:spe="Dr."
         ecep:syllab="2"
         ecep:pron="dˈɒktə">Dr.</w>
      <c> </c>
      <hi>
         <w xml:id="o4672-290980"
            n="o4672/0226-a-0030"
            ecep:lem="JOHN"
            ecep:pos="np1"
            ecep:reg="JOHN"
            ecep:spe="JOHN"
            ecep:syllab="1"
            ecep:pron="dʒɒn">JOHN</w>
         <c> </c>
         <w xml:id="o4672-290990"
            n="o4672/0226-a-0040"
            ecep:lem="speed"
            ecep:pos="n1"
            ecep:reg="SPEED"
            ecep:spe="SPEED"
            ecep:syllab="1"
            ecep:pron="spiːd">SPEED</w>
      </hi>
      <c> </c>
      <w xml:id="o4672-291000"
         n="o4672/0226-a-0050"
         ecep:lem="of"
         ecep:pos="pp-f"
         ecep:reg="of"
         ecep:spe="of"
         ecep:syllab="1"
         ecep:pron="ɒv">of</w>
      <c> </c>
      <hi>
         <w xml:id="o4672-291010"
            n="o4672/0226-a-0060"
            ecep:lem="Southampton"
            ecep:pos="np1"
            ecep:reg="Southampton"
            ecep:spe="Southampton"
            ecep:syllab="3"
            ecep:pron="saʊθˈhæmptən">Southampton</w>
         <pc xml:id="o4672-291020"
             n="o4672/0226-a-0070"
             unit="sentence"
             ecep:lem="."
             ecep:pos="."
             ecep:reg="."
             ecep:spe=".">.</pc>
         <c> </c>
      </hi>
   </head>
   <head>
      <w xml:id="o4672-291050"
         n="o4672/0226-a-0080"
         ecep:lem="a"
         ecep:pos="dt"
         ecep:reg="An"
         ecep:spe="An"
         ecep:syllab="1"
         ecep:pron="æn">An</w>
      <c> </c>
      <w xml:id="o4672-291060"
         n="o4672/0226-a-0090"
         ecep:lem="epistle"
         ecep:pos="n1"
         ecep:reg="EPISTLE"
         ecep:spe="EPISTLE"
         ecep:syllab="3"
         ecep:pron="ɪˈpɪsl">EPISTLE</w>
      <pc xml:id="o4672-291070"
          n="o4672/0226-a-0100"
          ecep:lem=","
          ecep:pos=","
          ecep:reg=","
          ecep:spe=",">,</pc>
      <c> </c>
      <w xml:id="o4672-291080"
         n="o4672/0226-a-0110"
         ecep:lem="occasion"
         ecep:pos="vvn"
         ecep:reg="Occasioned"
         ecep:spe="Occasion'd"
         ecep:syllab="3"
         ecep:pron="əˈkeɪʒnd">Occasion'd</w>
      <c> </c>
      <w xml:id="o4672-291090"
         n="o4672/0226-a-0120"
         ecep:lem="by"
         ecep:pos="p-acp"
         ecep:reg="by"
         ecep:spe="by"
         ecep:syllab="1"
         ecep:pron="baɪ">by</w>
      <c> </c>
      <w xml:id="o4672-291100"
         n="o4672/0226-a-0130"
         ecep:lem="his"
         ecep:pos="po31"
         ecep:reg="his"
         ecep:spe="his"
         ecep:syllab="1"
         ecep:pron="hɪz">his</w>
      <c> </c>
      <w xml:id="o4672-291110"
         n="o4672/0226-a-0140"
         ecep:lem="ingenious"
         ecep:pos="j"
         ecep:reg="Ingenious"
         ecep:spe="Ingenious"
         ecep:syllab="3"
         ecep:pron="ɪnˈdʒiːniəs">Ingenious</w>
      <c> </c>
      <w xml:id="o4672-291120"
         n="o4672/0226-a-0150"
         ecep:lem="satyr"
         ecep:pos="n1"
         ecep:reg="Satyr"
         ecep:spe="Satyr"
         ecep:syllab="2"
         ecep:pron="ˈsætə">Sa<lb rend="hidden" type="hyphenInWord"/>tyr</w>
      <c> </c>
      <w xml:id="o4672-291140"
         n="o4672/0226-a-0170"
         ecep:lem="on"
         ecep:pos="p-acp"
         ecep:reg="on"
         ecep:spe="on"
         ecep:syllab="1"
         ecep:pron="ɒn">on</w>
      <c> </c>
      <w xml:id="o4672-291150"
         n="o4672/0226-a-0180"
         ecep:lem="the"
         ecep:pos="dt"
         ecep:reg="the"
         ecep:spe="the"
         ecep:syllab="1"
         ecep:pron="ðiː">the</w>
      <c> </c>
      <hi>
         <w xml:id="o4672-291160"
            n="o4672/0226-a-0190"
            ecep:lem="dissenter"
            ecep:pos="n2"
            ecep:reg="Dissenters"
            ecep:spe="Dissenters"
            ecep:syllab="3"
            ecep:pron="dɪˈsentəz">Dissenters</w>
         <pc xml:id="o4672-291170"
             n="o4672/0226-a-0200"
             ecep:lem=","
             ecep:pos=","
             ecep:reg=","
             ecep:spe=",">,</pc>
      </hi>
      <c> </c>
      <w xml:id="o4672-291180"
         n="o4672/0226-a-0210"
         ecep:lem="mingle"
         ecep:pos="vvn"
         ecep:reg="mingled"
         ecep:spe="mingled"
         ecep:syllab="2"
         ecep:pron="ˈmɪŋgld">mingled</w>
      <c> </c>
      <w xml:id="o4672-291190"
         n="o4672/0226-a-0220"
         ecep:lem="with"
         ecep:pos="p-acp"
         ecep:reg="with"
         ecep:spe="with"
         ecep:syllab="1"
         ecep:pron="wɪð">with</w>
      <c> </c>
      <w xml:id="o4672-291200"
         n="o4672/0226-a-0230"
         ecep:lem="his"
         ecep:pos="po31"
         ecep:reg="his"
         ecep:spe="his"
         ecep:syllab="1"
         ecep:pron="hɪz">his</w>
      <c> </c>
      <w xml:id="o4672-291210"
         n="o4672/0226-a-0240"
         ecep:lem="encomium"
         ecep:pos="n1"
         ecep:reg="Encomium"
         ecep:spe="Encomium"
         ecep:syllab="4"
         ecep:pron="ɪnˈkəʊmiəm">Encomium</w>
      <c> </c>
      <w xml:id="o4672-291220"
         n="o4672/0226-a-0250"
         ecep:lem="of"
         ecep:pos="pp-f"
         ecep:reg="of"
         ecep:spe="of"
         ecep:syllab="1"
         ecep:pron="ɒv">of</w>
      <c> </c>
      <w xml:id="o4672-291230"
         n="o4672/0226-a-0260"
         ecep:lem="mr."
         ecep:pos="n1"
         ecep:reg="Mr."
         ecep:spe="Mr."
         ecep:syllab="2"
         ecep:pron="mɪstə">Mr.</w>
      <c> </c>
      <hi>
         <w xml:id="o4672-291240.1"
            n="o4672/0226-a-0270"
            rend="plain_apostrophe"
            ecep:lem="lloyd"
            ecep:pos="npg1"
            ecep:reg="Lloyd's"
            ecep:spe="Lloyd's"
            ecep:syllab="1"
            ecep:pron="ˈlɔɪdz">Lloyd's</w>
      </hi>
      <c> </c>
      <w xml:id="o4672-291250"
         n="o4672/0226-a-0280"
         ecep:lem="paraphrase"
         ecep:pos="vvb"
         ecep:reg="Paraphrase"
         ecep:spe="Paraphrase"
         ecep:syllab="3"
         ecep:pron="ˈpærəfreɪz">Paraphrase</w>
      <c> </c>
      <w xml:id="o4672-291260"
         n="o4672/0226-a-0290"
         ecep:lem="on"
         ecep:pos="p-acp"
         ecep:reg="on"
         ecep:spe="on"
         ecep:syllab="1"
         ecep:pron="ɒn">on</w>
      <c> </c>
      <hi>
         <w xml:id="o4672-291270.1"
            n="o4672/0226-a-0300"
            rend="plain_apostrophe"
            ecep:lem="Solomon"
            ecep:pos="npg1"
            ecep:reg="Solomon's"
            ecep:spe="Solomon's"
            ecep:syllab="3"
            ecep:pron="ˈsɒləmənz">Solomon's</w>
      </hi>
      <c> </c>
      <w xml:id="o4672-291280"
         n="o4672/0226-a-0310"
         ecep:lem="song"
         ecep:pos="n1"
         ecep:reg="Song"
         ecep:spe="Song"
         ecep:syllab="1"
         ecep:pron="sɒŋ">Song</w>
      <pc xml:id="o4672-291290"
          n="o4672/0226-a-0320"
          ecep:lem=","
          ecep:pos=","
          ecep:reg=","
          ecep:spe=",">,</pc>
      <c> </c>
      <w xml:id="o4672-291300"
         n="o4672/0226-a-0330"
         ecep:lem="print"
         ecep:pos="vvn"
         ecep:reg="printed"
         ecep:spe="printed"
         ecep:syllab="2"
         ecep:pron="prɪntɪd">printed</w>
      <c> </c>
      <w xml:id="o4672-291310"
         n="o4672/0226-a-0340"
         ecep:lem="in"
         ecep:pos="p-acp"
         ecep:reg="in"
         ecep:spe="in"
         ecep:syllab="1"
         ecep:pron="ɪn">in</w>
      <c> </c>
      <w xml:id="o4672-291320.1"
         n="o4672/0226-a-0350"
         rend="italic_word"
         ecep:lem="8vo"
         ecep:pos="n1"
         ecep:reg="8vo"
         ecep:spe="8vo"
         ecep:syllab="1"
         ecep:pron="ˈeɪtvˈəʊ">8vo</w>
      <pc xml:id="o4672-291330"
          n="o4672/0226-a-0360"
          unit="sentence"
          ecep:lem="."
          ecep:pos="."
          ecep:reg="."
          ecep:spe=".">.</pc>
      <c> </c>
      <w xml:id="o4672-291340"
         n="o4672/0226-a-0370"
         ecep:lem="1682."
         ecep:pos="crd"
         ecep:reg="1682."
         ecep:spe="1682."
         ecep:syllab="1"
         ecep:pron="wˈɒnθˈaʊzəndsˈɪkshˈʌndrədənˈeɪtitˈuː">1682.</w>
      <pc unit="sentence" xml:id="o4672-291340-eos" n="o4672/0226-a-0380"/>
   </head>
   <lg xml:id="o4672-s02615">
      <l xml:id="o4672-l13785">
         <w xml:id="o4672-291370"
            n="o4672/0226-a-0390"
            ecep:lem="true"
            ecep:pos="j"
            ecep:reg="TRUE"
            ecep:spe="TRUE"
            ecep:syllab="1"
            ecep:pron="truː">TRUE</w>
         <c> </c>
         <w xml:id="o4672-291380"
            n="o4672/0226-a-0400"
            ecep:lem="son"
            ecep:pos="n1"
            ecep:reg="Son"
            ecep:spe="Son"
            ecep:syllab="1"
            ecep:pron="sʌn">Son</w>
         <c> </c>
         <w xml:id="o4672-291390"
            n="o4672/0226-a-0410"
            ecep:lem="of"
            ecep:pos="pp-f"
            ecep:reg="of"
            ecep:spe="of"
            ecep:syllab="1"
            ecep:pron="ɒv">of</w>
         <c> </c>
         <hi>
            <w xml:id="o4672-291400"
               n="o4672/0226-a-0420"
               ecep:lem="Phoebus"
               ecep:pos="np1"
               ecep:reg="Phoebus"
               ecep:spe="Phoebus"
               ecep:syllab="2"
               ecep:pron="ˈfiːbəs">Phoebus</w>
            <pc xml:id="o4672-291410"
                n="o4672/0226-a-0430"
                ecep:lem=","
                ecep:pos=","
                ecep:reg=","
                ecep:spe=",">,</pc>
         </hi>
         <c> </c>
         <w xml:id="o4672-291420"
            n="o4672/0226-a-0440"
            ecep:lem="heir"
            ecep:pos="n1"
            ecep:reg="Heir"
            ecep:spe="Heir"
            ecep:syllab="1"
            ecep:pron="eə">Heir</w>
         <c> </c>
         <w xml:id="o4672-291430"
            n="o4672/0226-a-0450"
            ecep:lem="to"
            ecep:pos="p-acp"
            ecep:reg="to"
            ecep:spe="t'"
            ecep:syllab="0"
            ecep:pron="tiː">t'</w>
         <c> </c>
         <w xml:id="o4672-291440"
            n="o4672/0226-a-0460"
            ecep:lem="his"
            ecep:pos="po31"
            ecep:reg="his"
            ecep:spe="his"
            ecep:syllab="1"
            ecep:pron="hɪz">his</w>
         <c> </c>
         <w xml:id="o4672-291450"
            n="o4672/0226-a-0470"
            ecep:lem="tuneful"
            ecep:pos="j"
            ecep:reg="Tuneful"
            ecep:spe="Tuneful"
            ecep:syllab="2"
            ecep:pron="ˈtʃuːnfl">Tuneful</w>
         <c> </c>
         <w xml:id="o4672-291460"
            n="o4672/0226-a-0480"
            ecep:lem="quill"
            ecep:pos="n1"
            ecep:reg="Quill"
            ecep:spe="Quill"
            ecep:syllab="1"
            ecep:pron="kwɪl">Quill</w>
         <pc xml:id="o4672-291470"
             n="o4672/0226-a-0490"
             ecep:lem=","
             ecep:pos=","
             ecep:reg=","
             ecep:spe=",">,</pc>
      </l>
      <l xml:id="o4672-l13790">
         <c> </c>
         <w xml:id="o4672-291480"
            n="o4672/0226-a-0500"
            ecep:lem="his"
            ecep:pos="po31"
            ecep:reg="His"
            ecep:spe="His"
            ecep:syllab="1"
            ecep:pron="hɪz">His</w>
         <c> </c>
         <w xml:id="o4672-291490"
            n="o4672/0226-a-0510"
            ecep:lem="murder"
            ecep:pos="j-vvg"
            ecep:reg="murdering"
            ecep:spe="murthering"
            ecep:syllab="3"
            ecep:pron="mˈɜːðərɪŋ">murthering</w>
         <c> </c>
         <w xml:id="o4672-291500"
            n="o4672/0226-a-0520"
            ecep:lem="arrow"
            ecep:pos="n2"
            ecep:reg="Arrows"
            ecep:spe="Arrows"
            ecep:syllab="2"
            ecep:pron="ˈærəʊz">Arrows</w>
         <pc xml:id="o4672-291510"
             n="o4672/0226-a-0530"
             ecep:lem=","
             ecep:pos=","
             ecep:reg=","
             ecep:spe=",">,</pc>
         <c> </c>
         <w xml:id="o4672-291520"
            n="o4672/0226-a-0540"
            ecep:lem="and"
            ecep:pos="cc"
            ecep:reg="and"
            ecep:spe="and"
            ecep:syllab="1"
            ecep:pron="ænd">and</w>
         <c> </c>
         <w xml:id="o4672-291530"
            n="o4672/0226-a-0550"
            ecep:lem="his"
            ecep:pos="po31"
            ecep:reg="his"
            ecep:spe="his"
            ecep:syllab="1"
            ecep:pron="hɪz">his</w>
         <c> </c>
         <w xml:id="o4672-291540"
            n="o4672/0226-a-0560"
            ecep:lem="heal"
            ecep:pos="j-vvg"
            ecep:reg="healing"
            ecep:spe="healing"
            ecep:syllab="2"
            ecep:pron="hiːlɪŋ">healing</w>
         <c> </c>
         <w xml:id="o4672-291550"
            n="o4672/0226-a-0570"
            ecep:lem="skill"
            ecep:pos="n1"
            ecep:reg="Skill"
            ecep:spe="Skill"
            ecep:syllab="1"
            ecep:pron="skɪl">Skill</w>
         <pc xml:id="o4672-291560"
             n="o4672/0226-a-0580"
             ecep:lem=":"
             ecep:pos=":"
             ecep:reg=":"
             ecep:spe=":">:</pc>
      </l>
      <l xml:id="o4672-l13795">
         <c> </c>
         <w xml:id="o4672-291570"
            n="o4672/0226-a-0590"
            ecep:lem="thy"
            ecep:pos="po21"
            ecep:reg="Thy"
            ecep:spe="Thy"
            ecep:syllab="1"
            ecep:pron="ðaɪ">Thy</w>
         <c> </c>
         <w xml:id="o4672-291580"
            n="o4672/0226-a-0600"
            ecep:lem="bill"
            ecep:pos="n2"
            ecep:reg="Bills"
            ecep:spe="Bills"
            ecep:syllab="1"
            ecep:pron="bɪlz">Bills</w>
         <c> </c>
         <w xml:id="o4672-291590"
            n="o4672/0226-a-0610"
            ecep:lem="his"
            ecep:pos="po31"
            ecep:reg="his"
            ecep:spe="his"
            ecep:syllab="1"
            ecep:pron="hɪz">his</w>
         <c> </c>
         <w xml:id="o4672-291600"
            n="o4672/0226-a-0620"
            ecep:lem="medicine"
            ecep:pos="n2"
            ecep:reg="Medicines"
            ecep:spe="Med'cines"
            ecep:syllab="3"
            ecep:pron="mˈedsiːnz">Med'cines</w>
         <c> </c>
         <w xml:id="o4672-291610"
            n="o4672/0226-a-0630"
            ecep:lem="be"
            ecep:pos="vbr"
            ecep:reg="are"
            ecep:spe="are"
            ecep:syllab="1"
            ecep:pron="ɑː">are</w>
         <pc xml:id="o4672-291620"
             n="o4672/0226-a-0640"
             ecep:lem=","
             ecep:pos=","
             ecep:reg=","
             ecep:spe=",">,</pc>
         <c> </c>
         <w xml:id="o4672-291630"
            n="o4672/0226-a-0650"
            ecep:lem="his"
            ecep:pos="po31"
            ecep:reg="his"
            ecep:spe="his"
            ecep:syllab="1"
            ecep:pron="hɪz">his</w>
         <c> </c>
         <w xml:id="o4672-291640"
            n="o4672/0226-a-0660"
            ecep:lem="lyre"
            ecep:pos="n1"
            ecep:reg="Lyre"
            ecep:spe="Lyre"
            ecep:syllab="1"
            ecep:pron="laɪə">Lyre</w>
         <c> </c>
         <w xml:id="o4672-291650"
            n="o4672/0226-a-0670"
            ecep:lem="thy"
            ecep:pos="po21"
            ecep:reg="thy"
            ecep:spe="thy"
            ecep:syllab="1"
            ecep:pron="ðaɪ">thy</w>
         <c> </c>
         <w xml:id="o4672-291660"
            n="o4672/0226-a-0680"
            ecep:lem="song"
            ecep:pos="n1"
            ecep:reg="Song"
            ecep:spe="Song"
            ecep:syllab="1"
            ecep:pron="sɒŋ">Song</w>
         <pc xml:id="o4672-291670"
             n="o4672/0226-a-0690"
             ecep:lem=","
             ecep:pos=","
             ecep:reg=","
             ecep:spe=",">,</pc>
      </l>
      <l xml:id="o4672-l13800">
         <c> </c>
         <w xml:id="o4672-291680"
            n="o4672/0226-a-0700"
            ecep:lem="thy"
            ecep:pos="po21"
            ecep:reg="Thine"
            ecep:spe="Thine"
            ecep:syllab="1"
            ecep:pron="ðaɪn">Thine</w>
         <c> </c>
         <w xml:id="o4672-291690"
            n="o4672/0226-a-0710"
            ecep:lem="heart"
            ecep:pos="n1"
            ecep:reg="Heart"
            ecep:spe="Heart"
            ecep:syllab="1"
            ecep:pron="hɑːt">Heart</w>
         <c> </c>
         <w xml:id="o4672-291700"
            n="o4672/0226-a-0720"
            ecep:lem="his"
            ecep:pos="po31"
            ecep:reg="his"
            ecep:spe="his"
            ecep:syllab="1"
            ecep:pron="hɪz">his</w>
         <c> </c>
         <w xml:id="o4672-291710"
            n="o4672/0226-a-0730"
            ecep:lem="quiver"
            ecep:pos="n1"
            ecep:reg="Quiver"
            ecep:spe="Quiver"
            ecep:syllab="2"
            ecep:pron="ˈkwɪvə">Quiver</w>
         <pc xml:id="o4672-291720"
             n="o4672/0226-a-0740"
             ecep:lem=","
             ecep:pos=","
             ecep:reg=","
             ecep:spe=",">,</pc>
         <c> </c>
         <w xml:id="o4672-291730"
            n="o4672/0226-a-0750"
            ecep:lem="and"
            ecep:pos="cc"
            ecep:reg="and"
            ecep:spe="and"
            ecep:syllab="1"
            ecep:pron="ænd">and</w>
         <c> </c>
         <w xml:id="o4672-291740"
            n="o4672/0226-a-0760"
            ecep:lem="his"
            ecep:pos="po31"
            ecep:reg="his"
            ecep:spe="his"
            ecep:syllab="1"
            ecep:pron="hɪz">his</w>
         <c> </c>
         <w xml:id="o4672-291750"
            n="o4672/0226-a-0770"
            ecep:lem="bow"
            ecep:pos="n1"
            ecep:reg="Bow"
            ecep:spe="Bow"
            ecep:syllab="1"
            ecep:pron="bəʊ">Bow</w>
         <c> </c>
         <w xml:id="o4672-291760"
            n="o4672/0226-a-0780"
            ecep:lem="thy"
            ecep:pos="po21"
            ecep:reg="thy"
            ecep:spe="thy"
            ecep:syllab="1"
            ecep:pron="ðaɪ">thy</w>
         <c> </c>
         <w xml:id="o4672-291770"
            n="o4672/0226-a-0790"
            ecep:lem="tongue"
            ecep:pos="n1"
            ecep:reg="Tongue"
            ecep:spe="Tongue"
            ecep:syllab="1"
            ecep:pron="tʌŋ">Tongue</w>
         <pc xml:id="o4672-291780"
             n="o4672/0226-a-0800"
             ecep:lem=":"
             ecep:pos=":"
             ecep:reg=":"
             ecep:spe=":">:</pc>
      </l>
      <pb facs="o4672/0227" n="208" rend="none"/>
      <l xml:id="o4672-l13805">
         <note n="*" place="bottom" xml:id="o4672-n00075">
            <w xml:id="o4672-291910"
               n="o4672/0227-a-0010"
               ecep:lem="neque"
               ecep:pos="fw-la"
               ecep:reg="Neque"
               ecep:spe="Neque"
               ecep:syllab="2"
               ecep:pron="nˈek">Neque</w>
            <c> </c>
            <w xml:id="o4672-291920"
               n="o4672/0227-a-0020"
               ecep:lem="sempec"
               ecep:pos="fw-la"
               ecep:reg="sempec"
               ecep:spe="sempec"
               ecep:syllab="2"
               ecep:pron="sˈempek">sempec</w>
            <c> </c>
            <w xml:id="o4672-291930"
               n="o4672/0227-a-0030"
               ecep:lem="arcum"
               ecep:pos="fw-la"
               ecep:reg="arcum"
               ecep:spe="arcum"
               ecep:syllab="2"
               ecep:pron="ˈɑːkəm">arcum</w>
            <c> </c>
            <w xml:id="o4672-291940"
               n="o4672/0227-a-0040"
               ecep:lem="tendit"
               ecep:pos="fw-la"
               ecep:reg="Tendit"
               ecep:spe="Tendit"
               ecep:syllab="2"
               ecep:pron="tˈendɪt">Tendit</w>
            <c> </c>
            <w xml:id="o4672-291950"
               n="o4672/0227-a-0050"
               ecep:lem="Apollo"
               ecep:pos="np1"
               ecep:reg="Apollo"
               ecep:spe="Apollo"
               ecep:syllab="3"
               ecep:pron="əˈpɒləʊ">Apollo</w>
            <pc xml:id="o4672-291960"
                n="o4672/0227-a-0060"
                unit="sentence"
                ecep:lem="."
                ecep:pos="."
                ecep:reg="."
                ecep:spe=".">.</pc>
            <c> </c>
            <w xml:id="o4672-291970"
               n="o4672/0227-a-0070"
               ecep:lem="Horat."
               ecep:pos="np1"
               ecep:reg="Horat."
               ecep:spe="Horat."
               ecep:syllab="2"
               ecep:pron="hˈɔːræt">Horat.</w>
            <c> </c>
            <w xml:id="o4672-291980"
               n="o4672/0227-a-0080"
               ecep:lem="lib."
               ecep:pos="n1"
               ecep:reg="lib."
               ecep:spe="lib."
               ecep:syllab="1"
               ecep:pron="lˈɪb">lib.</w>
            <c> </c>
            <w xml:id="o4672-291990"
               n="o4672/0227-a-0090"
               ecep:lem="2."
               ecep:pos="crd"
               ecep:reg="2."
               ecep:spe="2."
               ecep:syllab="1"
               ecep:pron="tˈuː">2.</w>
            <pc unit="sentence" xml:id="o4672-291990-eos" n="o4672/0227-a-0100"/>
            <c> </c>
            <w xml:id="o4672-292000"
               n="o4672/0227-a-0110"
               ecep:lem="od."
               ecep:pos="np1"
               ecep:reg="Od."
               ecep:spe="Od."
               ecep:syllab="1"
               ecep:pron="ˈɒd">Od.</w>
            <c> </c>
            <w xml:id="o4672-292010"
               n="o4672/0227-a-0120"
               ecep:lem="10."
               ecep:pos="crd"
               ecep:reg="10."
               ecep:spe="10."
               ecep:syllab="1"
               ecep:pron="tˈen">10.</w>
            <pc unit="sentence" xml:id="o4672-292010-eos" n="o4672/0227-a-0130"/>
         </note>
         <c> </c>
         <w xml:id="o4672-291790"
            n="o4672/0227-a-0140"
            ecep:lem="but"
            ecep:pos="cc-acp"
            ecep:reg="But"
            ecep:spe="But"
            ecep:syllab="1"
            ecep:pron="bʌt">But</w>
         <c> </c>
         <w xml:id="o4672-291800"
            n="o4672/0227-a-0150"
            ecep:lem="here|be"
            ecep:pos="av|vbz"
            ecep:reg="here's"
            ecep:spe="here's"
            ecep:syllab="1"
            ecep:pron="hɪəz">here's</w>
         <c> </c>
         <w xml:id="o4672-291810"
            n="o4672/0227-a-0160"
            ecep:lem="no"
            ecep:pos="dx"
            ecep:reg="no"
            ecep:spe="no"
            ecep:syllab="1"
            ecep:pron="nəʊ">no</w>
         <c> </c>
         <hi>
            <w xml:id="o4672-291820"
               n="o4672/0227-a-0170"
               ecep:lem="Python"
               ecep:pos="np1"
               ecep:reg="Python"
               ecep:spe="Python"
               ecep:syllab="2"
               ecep:pron="ˈpaɪθn">Python</w>
         </hi>
         <pc xml:id="o4672-291830"
             n="o4672/0227-a-0180"
             ecep:lem=":"
             ecep:pos=":"
             ecep:reg=":"
             ecep:spe=":">:</pc>
         <c> </c>
         <w xml:id="o4672-291840"
            n="o4672/0227-a-0190"
            ecep:lem="sooth"
            ecep:pos="n1"
            ecep:reg="Sooth"
            ecep:spe="Sooth"
            ecep:syllab="1"
            ecep:pron="suːθ">Sooth</w>
         <c> </c>
         <w xml:id="o4672-291850"
            n="o4672/0227-a-0200"
            ecep:lem="thy"
            ecep:pos="po21"
            ecep:reg="thine"
            ecep:spe="thine"
            ecep:syllab="1"
            ecep:pron="ðaɪn">thine</w>
         <c> </c>
         <w xml:id="o4672-291860"
            n="o4672/0227-a-0210"
            ecep:lem="arm"
            ecep:pos="n2"
            ecep:reg="Arms"
            ecep:spe="Arms"
            ecep:syllab="1"
            ecep:pron="ɑːmz">Arms</w>
         <c> </c>
         <w xml:id="o4672-291870"
            n="o4672/0227-a-0220"
            ecep:lem="a"
            ecep:pos="dt"
            ecep:reg="a"
            ecep:spe="a"
            ecep:syllab="1"
            ecep:pron="ə">a</w>
         <c> </c>
         <w xml:id="o4672-291880"
            n="o4672/0227-a-0230"
            ecep:lem="while"
            ecep:pos="n1"
            ecep:reg="while"
            ecep:spe="while"
            ecep:syllab="1"
            ecep:pron="ˈwaɪl">while</w>
         <pc xml:id="o4672-291890"
             n="o4672/0227-a-0240"
             ecep:lem=","
             ecep:pos=","
             ecep:reg=","
             ecep:spe=",">,</pc>
      </l>
      <l xml:id="o4672-l13810">
         <c> </c>
         <w xml:id="o4672-292020"
            n="o4672/0227-a-0250"
            ecep:lem="and"
            ecep:pos="cc"
            ecep:reg="And"
            ecep:spe="And"
            ecep:syllab="1"
            ecep:pron="ænd">And</w>
         <c> </c>
         <w xml:id="o4672-292030"
            n="o4672/0227-a-0260"
            ecep:lem="charm"
            ecep:pos="vvb"
            ecep:reg="charm"
            ecep:spe="charm"
            ecep:syllab="1"
            ecep:pron="tʃɑːm">charm</w>
         <c> </c>
         <w xml:id="o4672-292040"
            n="o4672/0227-a-0270"
            ecep:lem="thy"
            ecep:pos="po21"
            ecep:reg="thy"
            ecep:spe="thy"
            ecep:syllab="1"
            ecep:pron="ðaɪ">thy</w>
         <c> </c>
         <w xml:id="o4672-292050"
            n="o4672/0227-a-0280"
            ecep:lem="stately"
            ecep:pos="j"
            ecep:reg="stately"
            ecep:spe="stately"
            ecep:syllab="2"
            ecep:pron="ˈsteɪtli">stately</w>
         <c> </c>
         <w xml:id="o4672-292060"
            n="o4672/0227-a-0290"
            ecep:lem="rigor"
            ecep:pos="n1"
            ecep:reg="Rigour"
            ecep:spe="Rigor"
            ecep:syllab="2"
            ecep:pron="ˈrɪgə">Rigor</w>
         <c> </c>
         <w xml:id="o4672-292070"
            n="o4672/0227-a-0300"
            ecep:lem="to"
            ecep:pos="p-acp"
            ecep:reg="to"
            ecep:spe="to"
            ecep:syllab="1"
            ecep:pron="tuː">to</w>
         <c> </c>
         <w xml:id="o4672-292080"
            n="o4672/0227-a-0310"
            ecep:lem="a"
            ecep:pos="dt"
            ecep:reg="a"
            ecep:spe="a"
            ecep:syllab="1"
            ecep:pron="ə">a</w>
         <c> </c>
         <w xml:id="o4672-292090"
            n="o4672/0227-a-0320"
            ecep:lem="smile"
            ecep:pos="n1"
            ecep:reg="Smile"
            ecep:spe="Smile"
            ecep:syllab="1"
            ecep:pron="smaɪl">Smile</w>
         <pc xml:id="o4672-292100"
             n="o4672/0227-a-0330"
             ecep:lem=","
             ecep:pos=","
             ecep:reg=","
             ecep:spe=",">,</pc>
      </l>
      <l ana="#triplet" rhyme="aaa" xml:id="o4672-l13815">
         <c> </c>
         <w xml:id="o4672-292110"
            n="o4672/0227-a-0340"
            ecep:lem="for"
            ecep:pos="p-acp"
            ecep:reg="For"
            ecep:spe="For"
            ecep:syllab="1"
            ecep:pron="fɔː">For</w>
         <c> </c>
         <hi>
            <w xml:id="o4672-292120"
               n="o4672/0227-a-0350"
               ecep:lem="schism"
               ecep:pos="n1"
               ecep:reg="Schism"
               ecep:spe="Schism"
               ecep:syllab="2"
               ecep:pron="ˈskɪzəm">Schism</w>
            <c> </c>
            <w xml:id="o4672-292130"
               n="o4672/0227-a-0360"
               ecep:lem="prevail"
               ecep:pos="vvz"
               ecep:reg="prevails"
               ecep:spe="prevails"
               ecep:syllab="2"
               ecep:pron="prɪˈveɪlz">prevails</w>
         </hi>
         <c> </c>
         <w xml:id="o4672-292140"
            n="o4672/0227-a-0370"
            ecep:lem="no"
            ecep:pos="av-dx"
            ecep:reg="no"
            ecep:spe="no"
            ecep:syllab="1"
            ecep:pron="nəʊ">no</w>
         <c> </c>
         <w xml:id="o4672-292150"
            n="o4672/0227-a-0380"
            ecep:lem="more"
            ecep:pos="av-dc"
            ecep:reg="more"
            ecep:spe="more"
            ecep:syllab="1"
            ecep:pron="mɔː">more</w>
         <pc xml:id="o4672-292160"
             n="o4672/0227-a-0390"
             ecep:lem=";"
             ecep:pos=";"
             ecep:reg=";"
             ecep:spe=";">;</pc>
         <c> </c>
         <w xml:id="o4672-292170"
            n="o4672/0227-a-0400"
            ecep:lem="we"
            ecep:pos="pns12"
            ecep:reg="we"
            ecep:spe="we"
            ecep:syllab="1"
            ecep:pron="wiː">we</w>
         <c> </c>
         <w xml:id="o4672-292180"
            n="o4672/0227-a-0410"
            ecep:lem="love"
            ecep:pos="vvb"
            ecep:reg="love"
            ecep:spe="love"
            ecep:syllab="1"
            ecep:pron="lʌv">love</w>
         <c> </c>
         <hi>
            <w xml:id="o4672-292190"
               n="o4672/0227-a-0420"
               ecep:lem="to"
               ecep:pos="pc-acp"
               ecep:reg="to"
               ecep:spe="to"
               ecep:syllab="1"
               ecep:pron="tuː">to</w>
            <c> </c>
            <w xml:id="o4672-292200"
               n="o4672/0227-a-0430"
               ecep:lem="see"
               ecep:pos="vvi"
               ecep:reg="see"
               ecep:spe="see"
               ecep:syllab="1"
               ecep:pron="siː">see</w>
         </hi>
      </l>
      <l ana="#triplet" rhyme="aaa" xml:id="o4672-l13820">
         <c> </c>
         <hi>
            <w xml:id="o4672-292210"
               n="o4672/0227-a-0440"
               ecep:lem="our"
               ecep:pos="po12"
               ecep:reg="Our"
               ecep:spe="Our"
               ecep:syllab="1"
               ecep:pron="æə">Our</w>
            <c> </c>
            <w xml:id="o4672-292220"
               n="o4672/0227-a-0450"
               ecep:lem="word"
               ecep:pos="n2"
               ecep:reg="Words"
               ecep:spe="Words"
               ecep:syllab="1"
               ecep:pron="wɜːdz">Words</w>
            <c> </c>
            <w xml:id="o4672-292230"
               n="o4672/0227-a-0460"
               ecep:lem="and"
               ecep:pos="cc"
               ecep:reg="and"
               ecep:spe="and"
               ecep:syllab="1"
               ecep:pron="ænd">and</w>
            <c> </c>
            <w xml:id="o4672-292240"
               n="o4672/0227-a-0470"
               ecep:lem="line"
               ecep:pos="n2"
               ecep:reg="Lines"
               ecep:spe="Lines"
               ecep:syllab="1"
               ecep:pron="laɪnz">Lines</w>
            <c> </c>
            <w xml:id="o4672-292250"
               n="o4672/0227-a-0480"
               ecep:lem="in"
               ecep:pos="p-acp"
               ecep:reg="in"
               ecep:spe="in"
               ecep:syllab="1"
               ecep:pron="ɪn">in</w>
            <c> </c>
            <w xml:id="o4672-292260"
               n="o4672/0227-a-0490"
               ecep:lem="couple"
               ecep:pos="n2-vvg"
               ecep:reg="Couplings"
               ecep:spe="Couplings"
               ecep:syllab="2"
               ecep:pron="ˈkʌplɪŋz">Couplings</w>
         </hi>
         <c> </c>
         <w xml:id="o4672-292270"
            n="o4672/0227-a-0500"
            ecep:lem="well"
            ecep:pos="vvb"
            ecep:reg="well"
            ecep:spe="well"
            ecep:syllab="1"
            ecep:pron="wel">well</w>
         <c> </c>
         <hi>
            <w xml:id="o4672-292280"
               n="o4672/0227-a-0510"
               ecep:lem="agree"
               ecep:pos="vvi"
               ecep:reg="agree"
               ecep:spe="agree"
               ecep:syllab="2"
               ecep:pron="əˈgriː">agree</w>
         </hi>
      </l>
      <l ana="#triplet" rhyme="aaa" xml:id="o4672-l13825">
         <c> </c>
         <w xml:id="o4672-292290"
            n="o4672/0227-a-0520"
            ecep:lem="nor"
            ecep:pos="ccx"
            ecep:reg="Nor"
            ecep:spe="Nor"
            ecep:syllab="1"
            ecep:pron="nɔː">Nor</w>
         <c> </c>
         <w xml:id="o4672-292300"
            n="o4672/0227-a-0530"
            ecep:lem="do"
            ecep:pos="vdb"
            ecep:reg="do"
            ecep:spe="do"
            ecep:syllab="1"
            ecep:pron="duː">do</w>
         <c> </c>
         <w xml:id="o4672-292310"
            n="o4672/0227-a-0540"
            ecep:lem="we"
            ecep:pos="pns12"
            ecep:reg="we"
            ecep:spe="we"
            ecep:syllab="1"
            ecep:pron="wiː">we</w>
         <c> </c>
         <w xml:id="o4672-292320"
            n="o4672/0227-a-0550"
            ecep:lem="thus"
            ecep:pos="av"
            ecep:reg="thus"
            ecep:spe="thus"
            ecep:syllab="1"
            ecep:pron="ðʌs">thus</w>
         <c> </c>
         <hi>
            <w xml:id="o4672-292330"
               n="o4672/0227-a-0560"
               ecep:lem="abhor"
               ecep:pos="vvb"
               ecep:reg="abhor"
               ecep:spe="abhor"
               ecep:syllab="2"
               ecep:pron="əbˈhɔː">abhor</w>
            <c> </c>
            <w xml:id="o4672-292340"
               n="o4672/0227-a-0570"
               ecep:lem="conformity"
               ecep:pos="n1"
               ecep:reg="Conformity"
               ecep:spe="Conformity"
               ecep:syllab="4"
               ecep:pron="kənˈfɔːməti">Conformity</w>
            <pc xml:id="o4672-292350"
                n="o4672/0227-a-0580"
                unit="sentence"
                ecep:lem="."
                ecep:pos="."
                ecep:reg="."
                ecep:spe=".">.</pc>
            <c> </c>
         </hi>
      </l>
      <l xml:id="o4672-l13830">
         <hi>
            <w xml:id="o4672-292360"
               n="o4672/0227-a-0590"
               ecep:lem="hymn"
               ecep:pos="n2"
               ecep:reg="Hymns"
               ecep:spe="Hymns"
               ecep:syllab="1"
               ecep:pron="hɪmz">Hymns</w>
         </hi>
         <c> </c>
         <w xml:id="o4672-292370"
            n="o4672/0227-a-0600"
            ecep:lem="may"
            ecep:pos="vmb"
            ecep:reg="may"
            ecep:spe="may"
            ecep:syllab="1"
            ecep:pron="meɪ">may</w>
         <c> </c>
         <w xml:id="o4672-292380"
            n="o4672/0227-a-0610"
            ecep:lem="be"
            ecep:pos="vbi"
            ecep:reg="be"
            ecep:spe="be"
            ecep:syllab="1"
            ecep:pron="biː">be</w>
         <c> </c>
         <hi>
            <w xml:id="o4672-292390"
               n="o4672/0227-a-0620"
               ecep:lem="soft"
               ecep:pos="j"
               ecep:reg="soft"
               ecep:spe="soft"
               ecep:syllab="1"
               ecep:pron="sɒft">soft</w>
            <c> </c>
            <w xml:id="o4672-292400"
               n="o4672/0227-a-0630"
               ecep:lem="and"
               ecep:pos="cc"
               ecep:reg="and"
               ecep:spe="and"
               ecep:syllab="1"
               ecep:pron="ænd">and</w>
            <c> </c>
            <w xml:id="o4672-292410"
               n="o4672/0227-a-0640"
               ecep:lem="smooth"
               ecep:pos="j"
               ecep:reg="smooth"
               ecep:spe="smooth"
               ecep:syllab="1"
               ecep:pron="smuːð">smooth</w>
            <c> </c>
            <w xml:id="o4672-292420"
               n="o4672/0227-a-0650"
               ecep:lem="and"
               ecep:pos="cc"
               ecep:reg="and"
               ecep:spe="and"
               ecep:syllab="1"
               ecep:pron="ænd">and</w>
            <c> </c>
            <w xml:id="o4672-292430"
               n="o4672/0227-a-0660"
               ecep:lem="comely"
               ecep:pos="j"
               ecep:reg="comely"
               ecep:spe="comely"
               ecep:syllab="2"
               ecep:pron="ˈkʌmli">comely</w>
            <c> </c>
            <w xml:id="o4672-292440"
               n="o4672/0227-a-0670"
               ecep:lem="dress"
               ecep:pos="vvn"
               ecep:reg="Dressed"
               ecep:spe="Drest"
               ecep:syllab="1"
               ecep:pron="drest">Drest</w>
         </hi>
      </l>
      <l xml:id="o4672-l13835">
         <c> </c>
         <w xml:id="o4672-292450"
            n="o4672/0227-a-0680"
            ecep:lem="with"
            ecep:pos="p-acp"
            ecep:reg="With"
            ecep:spe="With"
            ecep:syllab="1"
            ecep:pron="wɪð">With</w>
         <c> </c>
         <hi>
            <w xml:id="o4672-292460"
               n="o4672/0227-a-0690"
               ecep:lem="humane"
               ecep:pos="j"
               ecep:reg="humane"
               ecep:spe="humane"
               ecep:syllab="2"
               ecep:pron="hjuːˈmeɪn">humane</w>
         </hi>
         <c> </c>
         <w xml:id="o4672-292470"
            n="o4672/0227-a-0700"
            ecep:lem="art"
            ecep:pos="n1"
            ecep:reg="Art"
            ecep:spe="Art"
            ecep:syllab="1"
            ecep:pron="ɑːt">Art</w>
         <pc xml:id="o4672-292480"
             n="o4672/0227-a-0710"
             ecep:lem=","
             ecep:pos=","
             ecep:reg=","
             ecep:spe=",">,</pc>
         <c> </c>
         <w xml:id="o4672-292490"
            n="o4672/0227-a-0720"
            ecep:lem="nor"
            ecep:pos="ccx"
            ecep:reg="nor"
            ecep:spe="nor"
            ecep:syllab="1"
            ecep:pron="nɔː">nor</w>
         <c> </c>
         <hi>
            <w xml:id="o4672-292500"
               n="o4672/0227-a-0730"
               ecep:lem="savour"
               ecep:pos="n1"
               ecep:reg="savour"
               ecep:spe="savour"
               ecep:syllab="2"
               ecep:pron="ˈseɪvə">savour</w>
            <c> </c>
            <w xml:id="o4672-292510"
               n="o4672/0227-a-0740"
               ecep:lem="of"
               ecep:pos="pp-f"
               ecep:reg="of"
               ecep:spe="of"
               ecep:syllab="1"
               ecep:pron="ɒv">of</w>
            <c> </c>
            <w xml:id="o4672-292520"
               n="o4672/0227-a-0750"
               ecep:lem="the"
               ecep:pos="dt"
               ecep:reg="the"
               ecep:spe="the"
               ecep:syllab="1"
               ecep:pron="ðiː">the</w>
            <c> </c>
            <w xml:id="o4672-292530"
               n="o4672/0227-a-0760"
               ecep:lem="beast"
               ecep:pos="n1"
               ecep:reg="Beast"
               ecep:spe="Beast"
               ecep:syllab="1"
               ecep:pron="biːst">Beast</w>
            <pc xml:id="o4672-292540"
                n="o4672/0227-a-0770"
                ecep:lem=","
                ecep:pos=","
                ecep:reg=","
                ecep:spe=",">,</pc>
         </hi>
      </l>
      <l xml:id="o4672-l13840">
         <c> </c>
         <w xml:id="o4672-292550"
            n="o4672/0227-a-0780"
            ecep:lem="a"
            ecep:pos="dt"
            ecep:reg="A"
            ecep:spe="A"
            ecep:syllab="1"
            ecep:pron="ə">A</w>
         <c> </c>
         <w xml:id="o4672-292560"
            n="o4672/0227-a-0790"
            ecep:lem="lyric"
            ecep:pos="j-jn"
            ecep:reg="Lyric"
            ecep:spe="Lyrick"
            ecep:syllab="2"
            ecep:pron="lˈɪrɪk">Lyrick</w>
         <c> </c>
         <w xml:id="o4672-292570"
            n="o4672/0227-a-0800"
            ecep:lem="ode"
            ecep:pos="n1"
            ecep:reg="Ode"
            ecep:spe="Ode"
            ecep:syllab="1"
            ecep:pron="əʊd">Ode</w>
         <c> </c>
         <w xml:id="o4672-292580"
            n="o4672/0227-a-0810"
            ecep:lem="submit"
            ecep:pos="vvz"
            ecep:reg="submits"
            ecep:spe="submits"
            ecep:syllab="2"
            ecep:pron="səbˈmɪts">submits</w>
         <c> </c>
         <hi>
            <w xml:id="o4672-292590"
               n="o4672/0227-a-0820"
               ecep:lem="to"
               ecep:pos="p-acp"
               ecep:reg="to"
               ecep:spe="to"
               ecep:syllab="1"
               ecep:pron="tuː">to</w>
            <c> </c>
            <w xml:id="o4672-292600"
               n="o4672/0227-a-0830"
               ecep:lem="godly"
               ecep:pos="j"
               ecep:reg="Godly"
               ecep:spe="Godly"
               ecep:syllab="2"
               ecep:pron="ˈgɒdli">Godly</w>
            <c> </c>
            <w xml:id="o4672-292610"
               n="o4672/0227-a-0840"
               ecep:lem="note"
               ecep:pos="n2"
               ecep:reg="Notes"
               ecep:spe="Notes"
               ecep:syllab="1"
               ecep:pron="nəʊts">Notes</w>
         </hi>
         <pc xml:id="o4672-292620"
             n="o4672/0227-a-0850"
             ecep:lem=";"
             ecep:pos=";"
             ecep:reg=";"
             ecep:spe=";">;</pc>
      </l>
      <l xml:id="o4672-l13845">
         <c> </c>
         <hi>
            <w xml:id="o4672-292630"
               n="o4672/0227-a-0860"
               ecep:lem="harmonious"
               ecep:pos="j"
               ecep:reg="Harmonious"
               ecep:spe="Harmonious"
               ecep:syllab="4"
               ecep:pron="hɑːˈməʊniəs">Harmonious</w>
            <c> </c>
            <w xml:id="o4672-292640"
               n="o4672/0227-a-0870"
               ecep:lem="word"
               ecep:pos="n2"
               ecep:reg="Words"
               ecep:spe="Words"
               ecep:syllab="1"
               ecep:pron="wɜːdz">Words</w>
         </hi>
         <c> </c>
         <w xml:id="o4672-292650"
            n="o4672/0227-a-0880"
            ecep:lem="no"
            ecep:pos="av-dx"
            ecep:reg="no"
            ecep:spe="no"
            ecep:syllab="1"
            ecep:pron="nəʊ">no</w>
         <c> </c>
         <w xml:id="o4672-292660"
            n="o4672/0227-a-0890"
            ecep:lem="more"
            ecep:pos="av-dc"
            ecep:reg="more"
            ecep:spe="more"
            ecep:syllab="1"
            ecep:pron="mɔː">more</w>
         <c> </c>
         <w xml:id="o4672-292670"
            n="o4672/0227-a-0900"
            ecep:lem="offend"
            ecep:pos="vvi"
            ecep:reg="offend"
            ecep:spe="offend"
            ecep:syllab="2"
            ecep:pron="əˈfend">offend</w>
         <c> </c>
         <hi>
            <w xml:id="o4672-292680"
               n="o4672/0227-a-0910"
               ecep:lem="our"
               ecep:pos="po12"
               ecep:reg="our"
               ecep:spe="our"
               ecep:syllab="1"
               ecep:pron="æə">our</w>
            <c> </c>
            <w xml:id="o4672-292690"
               n="o4672/0227-a-0920"
               ecep:lem="throat"
               ecep:pos="n2"
               ecep:reg="Throats"
               ecep:spe="Throats"
               ecep:syllab="1"
               ecep:pron="θrəʊts">Throats</w>
            <pc xml:id="o4672-292700"
                n="o4672/0227-a-0930"
                unit="sentence"
                ecep:lem="."
                ecep:pos="."
                ecep:reg="."
                ecep:spe=".">.</pc>
            <c> </c>
         </hi>
      </l>
      <l xml:id="o4672-l13850">
         <w xml:id="o4672-292710"
            n="o4672/0227-a-0940"
            ecep:lem="nor"
            ecep:pos="ccx"
            ecep:reg="Nor"
            ecep:spe="Nor"
            ecep:syllab="1"
            ecep:pron="nɔː">Nor</w>
         <c> </c>
         <hi>
            <w xml:id="o4672-292720"
               n="o4672/0227-a-0950"
               ecep:lem="rhime"
               ecep:pos="n1"
               ecep:reg="Rhime"
               ecep:spe="Rhime"
               ecep:syllab="1"
               ecep:pron="raɪm">Rhime</w>
            <pc xml:id="o4672-292730"
                n="o4672/0227-a-0960"
                ecep:lem=","
                ecep:pos=","
                ecep:reg=","
                ecep:spe=",">,</pc>
         </hi>
         <c> </c>
         <w xml:id="o4672-292740"
            n="o4672/0227-a-0970"
            ecep:lem="nor"
            ecep:pos="ccx"
            ecep:reg="nor"
            ecep:spe="nor"
            ecep:syllab="1"
            ecep:pron="nɔː">nor</w>
         <c> </c>
         <hi>
            <w xml:id="o4672-292750"
               n="o4672/0227-a-0980"
               ecep:lem="tune"
               ecep:pos="n1"
               ecep:reg="Tune"
               ecep:spe="Tune"
               ecep:syllab="1"
               ecep:pron="tʃuːn">Tune</w>
            <pc xml:id="o4672-292760"
                n="o4672/0227-a-0990"
                ecep:lem=","
                ecep:pos=","
                ecep:reg=","
                ecep:spe=",">,</pc>
         </hi>
         <c> </c>
         <w xml:id="o4672-292770"
            n="o4672/0227-a-1000"
            ecep:lem="nor"
            ecep:pos="ccx"
            ecep:reg="nor"
            ecep:spe="nor"
            ecep:syllab="1"
            ecep:pron="nɔː">nor</w>
         <c> </c>
         <w xml:id="o4672-292780"
            n="o4672/0227-a-1010"
            ecep:lem="sacred"
            ecep:pos="j"
            ecep:reg="Sacred"
            ecep:spe="Sacred"
            ecep:syllab="1"
            ecep:pron="ˈseɪkrɪd">Sacred</w>
         <c> </c>
         <hi>
            <w xml:id="o4672-292790"
               n="o4672/0227-a-1020"
               ecep:lem="sense"
               ecep:pos="n1"
               ecep:reg="Sense"
               ecep:spe="Sense"
               ecep:syllab="1"
               ecep:pron="sens">Sense</w>
            <c> </c>
            <w xml:id="o4672-292800"
               n="o4672/0227-a-1030"
               ecep:lem="confine"
               ecep:pos="vvz"
               ecep:reg="confines"
               ecep:spe="confines"
               ecep:syllab="2"
               ecep:pron="ˈkɒnfaɪnz">confines</w>
         </hi>
      </l>
      <l xml:id="o4672-l13855">
         <c> </c>
         <hi>
            <w xml:id="o4672-292810"
               n="o4672/0227-a-1040"
               ecep:lem="the"
               ecep:pos="dt"
               ecep:reg="The"
               ecep:spe="The"
               ecep:syllab="1"
               ecep:pron="ðiː">The</w>
            <c> </c>
            <w xml:id="o4672-292820"
               n="o4672/0227-a-1050"
               ecep:lem="spirit"
               ecep:pos="n1"
               ecep:reg="Spirit"
               ecep:spe="Spirit"
               ecep:syllab="2"
               ecep:pron="ˈspɪrɪt">Spirit</w>
            <pc xml:id="o4672-292830"
                n="o4672/0227-a-1060"
                ecep:lem=","
                ecep:pos=","
                ecep:reg=","
                ecep:spe=",">,</pc>
            <c> </c>
            <w xml:id="o4672-292840"
               n="o4672/0227-a-1070"
               ecep:lem="freedom"
               ecep:pos="n1"
               ecep:reg="Freedom"
               ecep:spe="Freedom"
               ecep:syllab="2"
               ecep:pron="ˈfriːdəm">Freedom</w>
         </hi>
         <c> </c>
         <w xml:id="o4672-292850"
            n="o4672/0227-a-1080"
            ecep:lem="flow"
            ecep:pos="vvz"
            ecep:reg="flows"
            ecep:spe="flows"
            ecep:syllab="1"
            ecep:pron="fləʊz">flows</w>
         <c> </c>
         <w xml:id="o4672-292860"
            n="o4672/0227-a-1090"
            ecep:lem="in"
            ecep:pos="p-acp"
            ecep:reg="in"
            ecep:spe="in"
            ecep:syllab="1"
            ecep:pron="ɪn">in</w>
         <c> </c>
         <w xml:id="o4672-292870"
            n="o4672/0227-a-1100"
            ecep:lem="tuneful"
            ecep:pos="j"
            ecep:reg="tuneful"
            ecep:spe="tuneful"
            ecep:syllab="2"
            ecep:pron="ˈtʃuːnfl">tuneful</w>
         <c> </c>
         <hi>
            <w xml:id="o4672-292880"
               n="o4672/0227-a-1110"
               ecep:lem="line"
               ecep:pos="n2"
               ecep:reg="Lines"
               ecep:spe="Lines"
               ecep:syllab="1"
               ecep:pron="laɪnz">Lines</w>
            <pc xml:id="o4672-292890"
                n="o4672/0227-a-1120"
                ecep:lem=","
                ecep:pos=","
                ecep:reg=","
                ecep:spe=",">,</pc>
         </hi>
      </l>
      <l ana="#triplet" rhyme="aaa" xml:id="o4672-l13860">
         <c> </c>
         <w xml:id="o4672-292900"
            n="o4672/0227-a-1130"
            ecep:lem="and"
            ecep:pos="cc"
            ecep:reg="And"
            ecep:spe="And"
            ecep:syllab="1"
            ecep:pron="ænd">And</w>
         <c> </c>
         <hi>
            <w xml:id="o4672-292910"
               n="o4672/0227-a-1140"
               ecep:lem="conscience"
               ecep:pos="n1"
               ecep:reg="Conscience"
               ecep:spe="Conscience"
               ecep:syllab="2"
               ecep:pron="ˈkɒnʃns">Conscience</w>
         </hi>
         <c> </c>
         <w xml:id="o4672-292920"
            n="o4672/0227-a-1150"
            ecep:lem="feel"
            ecep:pos="vvz"
            ecep:reg="feels"
            ecep:spe="feels"
            ecep:syllab="1"
            ecep:pron="fiːlz">feels</w>
         <c> </c>
         <w xml:id="o4672-292930"
            n="o4672/0227-a-1160"
            ecep:lem="the"
            ecep:pos="dt"
            ecep:reg="the"
            ecep:spe="the"
            ecep:syllab="1"
            ecep:pron="ðiː">the</w>
         <c> </c>
         <w xml:id="o4672-292940"
            n="o4672/0227-a-1170"
            ecep:lem="pleasure"
            ecep:pos="n1"
            ecep:reg="Pleasure"
            ecep:spe="Pleasure"
            ecep:syllab="2"
            ecep:pron="ˈpleʒə">Pleasure</w>
         <pc xml:id="o4672-292950"
             n="o4672/0227-a-1180"
             ecep:lem=","
             ecep:pos=","
             ecep:reg=","
             ecep:spe=",">,</pc>
         <c> </c>
         <w xml:id="o4672-292960"
            n="o4672/0227-a-1190"
            ecep:lem="nor"
            ecep:pos="ccx"
            ecep:reg="nor"
            ecep:spe="nor"
            ecep:syllab="1"
            ecep:pron="nɔː">nor</w>
         <c> </c>
         <w xml:id="o4672-292970"
            n="o4672/0227-a-1200"
            ecep:lem="complain"
            ecep:pos="vvz"
            ecep:reg="complains"
            ecep:spe="complains"
            ecep:syllab="2"
            ecep:pron="kəmˈpleɪnz">complains</w>
      </l>
      <l ana="#triplet" rhyme="aaa" xml:id="o4672-l13865">
         <c> </c>
         <w xml:id="o4672-292980"
            n="o4672/0227-a-1210"
            ecep:lem="of"
            ecep:pos="pp-f"
            ecep:reg="Of"
            ecep:spe="Of"
            ecep:syllab="1"
            ecep:pron="ɒv">Of</w>
         <c> </c>
         <w xml:id="o4672-292990"
            n="o4672/0227-a-1220"
            ecep:lem="imposition"
            ecep:pos="n2"
            ecep:reg="Impositions"
            ecep:spe="Impositions"
            ecep:syllab="4"
            ecep:pron="ˌɪmpəˈzɪʃnz">Impositions</w>
         <pc xml:id="o4672-293000"
             n="o4672/0227-a-1230"
             ecep:lem=","
             ecep:pos=","
             ecep:reg=","
             ecep:spe=",">,</pc>
         <c> </c>
         <w xml:id="o4672-293010"
            n="o4672/0227-a-1240"
            ecep:lem="prison"
            ecep:pos="n2"
            ecep:reg="Prisons"
            ecep:spe="Prisons"
            ecep:syllab="2"
            ecep:pron="ˈprɪznz">Prisons</w>
         <pc xml:id="o4672-293020"
             n="o4672/0227-a-1250"
             ecep:lem=","
             ecep:pos=","
             ecep:reg=","
             ecep:spe=",">,</pc>
         <c> </c>
         <w xml:id="o4672-293030"
            n="o4672/0227-a-1260"
            ecep:lem="bond"
            ecep:pos="n2"
            ecep:reg="Bonds"
            ecep:spe="Bonds"
            ecep:syllab="1"
            ecep:pron="bɒndz">Bonds</w>
         <pc xml:id="o4672-293040"
             n="o4672/0227-a-1270"
             ecep:lem=","
             ecep:pos=","
             ecep:reg=","
             ecep:spe=",">,</pc>
         <c> </c>
         <w xml:id="o4672-293050"
            n="o4672/0227-a-1280"
            ecep:lem="and"
            ecep:pos="cc"
            ecep:reg="and"
            ecep:spe="and"
            ecep:syllab="1"
            ecep:pron="ænd">and</w>
         <c> </c>
         <w xml:id="o4672-293060"
            n="o4672/0227-a-1290"
            ecep:lem="chain"
            ecep:pos="n2"
            ecep:reg="Chains"
            ecep:spe="Chains"
            ecep:syllab="1"
            ecep:pron="tʃeɪnz">Chains</w>
         <pc xml:id="o4672-293070"
             n="o4672/0227-a-1300"
             ecep:lem=","
             ecep:pos=","
             ecep:reg=","
             ecep:spe=",">,</pc>
      </l>
      <l ana="#triplet" rhyme="aaa" xml:id="o4672-l13870">
         <c> </c>
         <w xml:id="o4672-293080"
            n="o4672/0227-a-1310"
            ecep:lem="while"
            ecep:pos="cs"
            ecep:reg="While"
            ecep:spe="Whilst"
            ecep:syllab="1"
            ecep:pron="waɪlst">Whilst</w>
         <c> </c>
         <w xml:id="o4672-293090"
            n="o4672/0227-a-1320"
            ecep:lem="pure"
            ecep:pos="j"
            ecep:reg="pure"
            ecep:spe="pure"
            ecep:syllab="1"
            ecep:pron="pjʊə">pure</w>
         <c> </c>
         <w xml:id="o4672-293100"
            n="o4672/0227-a-1330"
            ecep:lem="devotion"
            ecep:pos="n1"
            ecep:reg="Devotion"
            ecep:spe="Devotion"
            ecep:syllab="3"
            ecep:pron="dɪˈvəʊʃn">Devotion</w>
         <c> </c>
         <w xml:id="o4672-293110"
            n="o4672/0227-a-1340"
            ecep:lem="sing"
            ecep:pos="vvz"
            ecep:reg="sings"
            ecep:spe="sings"
            ecep:syllab="1"
            ecep:pron="sɪŋz">sings</w>
         <c> </c>
         <w xml:id="o4672-293120"
            n="o4672/0227-a-1350"
            ecep:lem="and"
            ecep:pos="cc"
            ecep:reg="and"
            ecep:spe="and"
            ecep:syllab="1"
            ecep:pron="ænd">and</w>
         <c> </c>
         <hi>
            <w xml:id="o4672-293130"
               n="o4672/0227-a-1360"
               ecep:lem="ANNE"
               ecep:pos="np1"
               ecep:reg="ANNE"
               ecep:spe="ANNE"
               ecep:syllab="1"
               ecep:pron="ˈæn">ANNE</w>
         </hi>
         <c> </c>
         <w xml:id="o4672-293140"
            n="o4672/0227-a-1370"
            ecep:lem="the"
            ecep:pos="dt"
            ecep:reg="the"
            ecep:spe="th'"
            ecep:syllab="0"
            ecep:pron="ð">th'</w>
         <c> </c>
         <w xml:id="o4672-293150"
            n="o4672/0227-a-1380"
            ecep:lem="indulgent"
            ecep:pos="j"
            ecep:reg="Indulgent"
            ecep:spe="Indulgent"
            ecep:syllab="3"
            ecep:pron="ɪnˈdʌldʒənt">Indul<lb rend="hidden" type="hyphenInWord"/>gent</w>
         <c> </c>
         <w xml:id="o4672-293170"
            n="o4672/0227-a-1400"
            ecep:lem="reign"
            ecep:pos="n2"
            ecep:reg="Reigns"
            ecep:spe="Reigns"
            ecep:syllab="1"
            ecep:pron="reɪnz">Reigns</w>
         <pc xml:id="o4672-293180"
             n="o4672/0227-a-1410"
             unit="sentence"
             ecep:lem="."
             ecep:pos="."
             ecep:reg="."
             ecep:spe=".">.</pc>
         <c> </c>
      </l>
   </lg>
   <lg xml:id="o4672-s02620">
      <l xml:id="o4672-l13875">
         <hi>
            <w xml:id="o4672-293210"
               n="o4672/0227-a-1420"
               ecep:lem="then"
               ecep:pos="av"
               ecep:reg="Then"
               ecep:spe="Then"
               ecep:syllab="1"
               ecep:pron="ðen">Then</w>
            <pc xml:id="o4672-293220"
                n="o4672/0227-a-1430"
                ecep:lem=","
                ecep:pos=","
                ecep:reg=","
                ecep:spe=",">,</pc>
            <c> </c>
            <w xml:id="o4672-293230"
               n="o4672/0227-a-1440"
               ecep:lem="sir"
               ecep:pos="n1"
               ecep:reg="Sir"
               ecep:spe="Sir"
               ecep:syllab="1"
               ecep:pron="sɜː">Sir</w>
            <pc xml:id="o4672-293240"
                n="o4672/0227-a-1450"
                ecep:lem=","
                ecep:pos=","
                ecep:reg=","
                ecep:spe=",">,</pc>
            <c> </c>
            <w xml:id="o4672-293250"
               n="o4672/0227-a-1460"
               ecep:lem="submit"
               ecep:pos="vvb"
               ecep:reg="Submit"
               ecep:spe="Submit"
               ecep:syllab="2"
               ecep:pron="səbˈmɪt">Submit</w>
         </hi>
         <c> </c>
         <w xml:id="o4672-293260"
            n="o4672/0227-a-1470"
            ecep:lem="with"
            ecep:pos="p-acp"
            ecep:reg="with"
            ecep:spe="with"
            ecep:syllab="1"
            ecep:pron="wɪð">with</w>
         <c> </c>
         <w xml:id="o4672-293270"
            n="o4672/0227-a-1480"
            ecep:lem="joy"
            ecep:pos="n1"
            ecep:reg="Joy"
            ecep:spe="Joy"
            ecep:syllab="1"
            ecep:pron="dʒɔɪ">Joy</w>
         <c> </c>
         <w xml:id="o4672-293280"
            n="o4672/0227-a-1490"
            ecep:lem="thy"
            ecep:pos="po21"
            ecep:reg="thine"
            ecep:spe="thine"
            ecep:syllab="1"
            ecep:pron="ðaɪn">thine</w>
         <c> </c>
         <w xml:id="o4672-293290"
            n="o4672/0227-a-1500"
            ecep:lem="iron"
            ecep:pos="n1"
            ecep:reg="Iron"
            ecep:spe="Iron"
            ecep:syllab="2"
            ecep:pron="æən">Iron</w>
         <c> </c>
         <w xml:id="o4672-293300"
            n="o4672/0227-a-1510"
            ecep:lem="stile"
            ecep:pos="n1"
            ecep:reg="Style"
            ecep:spe="Stile"
            ecep:syllab="1"
            ecep:pron="staɪl">Stile</w>
      </l>
      <l xml:id="o4672-l13880">
         <c> </c>
         <w xml:id="o4672-293310"
            n="o4672/0227-a-1520"
            ecep:lem="to"
            ecep:pos="p-acp"
            ecep:reg="To"
            ecep:spe="To"
            ecep:syllab="1"
            ecep:pron="tuː">To</w>
         <c> </c>
         <w xml:id="o4672-293320"
            n="o4672/0227-a-1530"
            ecep:lem="the"
            ecep:pos="dt"
            ecep:reg="the"
            ecep:spe="the"
            ecep:syllab="1"
            ecep:pron="ðiː">the</w>
         <c> </c>
         <w xml:id="o4672-293330"
            n="o4672/0227-a-1540"
            ecep:lem="soft"
            ecep:pos="j"
            ecep:reg="soft"
            ecep:spe="soft"
            ecep:syllab="1"
            ecep:pron="sɒft">soft</w>
         <c> </c>
         <w xml:id="o4672-293340"
            n="o4672/0227-a-1550"
            ecep:lem="polish"
            ecep:pos="jp"
            ecep:reg="Polish"
            ecep:spe="Polish"
            ecep:syllab="2"
            ecep:pron="ˈpəʊlɪʃ">Polish</w>
         <c> </c>
         <w xml:id="o4672-293350"
            n="o4672/0227-a-1560"
            ecep:lem="of"
            ecep:pos="pp-f"
            ecep:reg="of"
            ecep:spe="of"
            ecep:syllab="1"
            ecep:pron="ɒv">of</w>
         <c> </c>
         <w xml:id="o4672-293360"
            n="o4672/0227-a-1570"
            ecep:lem="a"
            ecep:pos="dt"
            ecep:reg="a"
            ecep:spe="a"
            ecep:syllab="1"
            ecep:pron="ə">a</w>
         <c> </c>
         <w xml:id="o4672-293370"
            n="o4672/0227-a-1580"
            ecep:lem="gentle"
            ecep:pos="j-jn"
            ecep:reg="gentle"
            ecep:spe="gentle"
            ecep:syllab="2"
            ecep:pron="ˈdʒentl">gentle</w>
         <c> </c>
         <w xml:id="o4672-293380"
            n="o4672/0227-a-1590"
            ecep:lem="file"
            ecep:pos="n1"
            ecep:reg="File"
            ecep:spe="File"
            ecep:syllab="1"
            ecep:pron="faɪl">File</w>
         <pc xml:id="o4672-293390"
             n="o4672/0227-a-1600"
             ecep:lem=";"
             ecep:pos=";"
             ecep:reg=";"
             ecep:spe=";">;</pc>
      </l>
      <l xml:id="o4672-l13885">
         <c> </c>
         <w xml:id="o4672-293400"
            n="o4672/0227-a-1610"
            ecep:lem="the"
            ecep:pos="dt"
            ecep:reg="The"
            ecep:spe="The"
            ecep:syllab="1"
            ecep:pron="ðiː">The</w>
         <c> </c>
         <w xml:id="o4672-293410"
            n="o4672/0227-a-1620"
            ecep:lem="courteous"
            ecep:pos="j"
            ecep:reg="Courteous"
            ecep:spe="Courteous"
            ecep:syllab="3"
            ecep:pron="ˈkɜːtiəs">Courteous</w>
         <c> </c>
         <w xml:id="o4672-293420"
            n="o4672/0227-a-1630"
            ecep:lem="muse"
            ecep:pos="n1"
            ecep:reg="Muse"
            ecep:spe="Muse"
            ecep:syllab="1"
            ecep:pron="mjuːz">Muse</w>
         <c> </c>
         <w xml:id="o4672-293430"
            n="o4672/0227-a-1640"
            ecep:lem="shine"
            ecep:pos="vvz"
            ecep:reg="shines"
            ecep:spe="shines"
            ecep:syllab="1"
            ecep:pron="ʃaɪnz">shines</w>
         <c> </c>
         <w xml:id="o4672-293440"
            n="o4672/0227-a-1650"
            ecep:lem="bright"
            ecep:pos="js"
            ecep:reg="brightest"
            ecep:spe="brightest"
            ecep:syllab="2"
            ecep:pron="braɪtɪst">brightest</w>
         <pc xml:id="o4672-293450"
             n="o4672/0227-a-1660"
             ecep:lem=";"
             ecep:pos=";"
             ecep:reg=";"
             ecep:spe=";">;</pc>
         <c> </c>
         <w xml:id="o4672-293460"
            n="o4672/0227-a-1670"
            ecep:lem="and"
            ecep:pos="cc"
            ecep:reg="and"
            ecep:spe="and"
            ecep:syllab="1"
            ecep:pron="ænd">and</w>
         <c> </c>
         <w xml:id="o4672-293470"
            n="o4672/0227-a-1680"
            ecep:lem="it|be"
            ecep:pos="pn31|vbz"
            ecep:reg="it's"
            ecep:spe="'tis"
            ecep:syllab="1"
            ecep:pron="tɪz">'tis</w>
         <c> </c>
         <w xml:id="o4672-293480"
            n="o4672/0227-a-1690"
            ecep:lem="fit"
            ecep:pos="j"
            ecep:reg="fit"
            ecep:spe="fit"
            ecep:syllab="1"
            ecep:pron="fɪt">fit</w>
      </l>
      <l xml:id="o4672-l13890">
         <c> </c>
         <hi>
            <w xml:id="o4672-293490.1"
               n="o4672/0227-a-1700"
               rend="plain_apostrophe"
               ecep:lem="apollo"
               ecep:pos="npg1"
               ecep:reg="Apollo's"
               ecep:spe="Apollo's"
               ecep:syllab="3"
               ecep:pron="əˈpɒləʊz">Apollo's</w>
         </hi>
         <c> </c>
         <w xml:id="o4672-293500"
            n="o4672/0227-a-1710"
            ecep:lem="heir"
            ecep:pos="n1"
            ecep:reg="Heir"
            ecep:spe="Heir"
            ecep:syllab="1"
            ecep:pron="eə">Heir</w>
         <c> </c>
         <w xml:id="o4672-293510"
            n="o4672/0227-a-1720"
            ecep:lem="shall"
            ecep:pos="vmd"
            ecep:reg="should"
            ecep:spe="should"
            ecep:syllab="1"
            ecep:pron="ʃʊd">should</w>
         <c> </c>
         <w xml:id="o4672-293520"
            n="o4672/0227-a-1730"
            ecep:lem="deal"
            ecep:pos="vvi"
            ecep:reg="deal"
            ecep:spe="deal"
            ecep:syllab="1"
            ecep:pron="diːl">deal</w>
         <c> </c>
         <w xml:id="o4672-293530"
            n="o4672/0227-a-1740"
            ecep:lem="in"
            ecep:pos="p-acp"
            ecep:reg="in"
            ecep:spe="in"
            ecep:syllab="1"
            ecep:pron="ɪn">in</w>
         <c> </c>
         <w xml:id="o4672-293540"
            n="o4672/0227-a-1750"
            ecep:lem="kind"
            ecep:pos="jc"
            ecep:reg="kinder"
            ecep:spe="kinder"
            ecep:syllab="2"
            ecep:pron="kaɪndə">kinder</w>
         <c> </c>
         <w xml:id="o4672-293550"
            n="o4672/0227-a-1760"
            ecep:lem="wit"
            ecep:pos="n1"
            ecep:reg="Wit"
            ecep:spe="Wit"
            ecep:syllab="1"
            ecep:pron="wɪt">Wit</w>
         <pc xml:id="o4672-293560"
             n="o4672/0227-a-1770"
             unit="sentence"
             ecep:lem="."
             ecep:pos="."
             ecep:reg="."
             ecep:spe=".">.</pc>
         <c> </c>
      </l>
      <pb facs="o4672/0228" n="209" rend="none"/>
      <l ana="#triplet" rhyme="aaa" xml:id="o4672-l13895">
         <hi>
            <w xml:id="o4672-293570"
               n="o4672/0228-a-0010"
               ecep:lem="speed"
               ecep:pos="n1"
               ecep:reg="SPEED"
               ecep:spe="SPEED"
               ecep:syllab="1"
               ecep:pron="spiːd">SPEED</w>
         </hi>
         <c> </c>
         <w xml:id="o4672-293580"
            n="o4672/0228-a-0020"
            ecep:lem="to"
            ecep:pos="p-acp"
            ecep:reg="to"
            ecep:spe="to"
            ecep:syllab="1"
            ecep:pron="tuː">to</w>
         <c> </c>
         <w xml:id="o4672-293590"
            n="o4672/0228-a-0030"
            ecep:lem="his"
            ecep:pos="po31"
            ecep:reg="his"
            ecep:spe="his"
            ecep:syllab="1"
            ecep:pron="hɪz">his</w>
         <c> </c>
         <w xml:id="o4672-293600"
            n="o4672/0228-a-0040"
            ecep:lem="lute"
            ecep:pos="n1"
            ecep:reg="Lute"
            ecep:spe="Lute"
            ecep:syllab="1"
            ecep:pron="luːt">Lute</w>
         <c> </c>
         <w xml:id="o4672-293610"
            n="o4672/0228-a-0050"
            ecep:lem="in"
            ecep:pos="p-acp"
            ecep:reg="in"
            ecep:spe="in"
            ecep:syllab="1"
            ecep:pron="ɪn">in</w>
         <c> </c>
         <w xml:id="o4672-293620"
            n="o4672/0228-a-0060"
            ecep:lem="artful"
            ecep:pos="j"
            ecep:reg="Artful"
            ecep:spe="Artful"
            ecep:syllab="2"
            ecep:pron="ˈɑːtfl">Artful</w>
         <c> </c>
         <w xml:id="o4672-293630"
            n="o4672/0228-a-0070"
            ecep:lem="number"
            ecep:pos="n2"
            ecep:reg="Numbers"
            ecep:spe="Numbers"
            ecep:syllab="2"
            ecep:pron="ˈnʌmbəz">Numbers</w>
         <c> </c>
         <w xml:id="o4672-293640"
            n="o4672/0228-a-0080"
            ecep:lem="sing"
            ecep:pos="vvz"
            ecep:reg="sings"
            ecep:spe="sings"
            ecep:syllab="1"
            ecep:pron="sɪŋz">sings</w>
      </l>
      <l ana="#triplet" rhyme="aaa" xml:id="o4672-l13900">
         <c> </c>
         <w xml:id="o4672-293650"
            n="o4672/0228-a-0090"
            ecep:lem="melodious"
            ecep:pos="j"
            ecep:reg="Melodious"
            ecep:spe="Melodious"
            ecep:syllab="4"
            ecep:pron="məˈləʊdiəs">Melodious</w>
         <pc xml:id="o4672-293660"
             n="o4672/0228-a-0100"
             ecep:lem=";"
             ecep:pos=";"
             ecep:reg=";"
             ecep:spe=";">;</pc>
         <c> </c>
         <w xml:id="o4672-293670"
            n="o4672/0228-a-0110"
            ecep:lem="till"
            ecep:pos="c-acp"
            ecep:reg="till"
            ecep:spe="till"
            ecep:syllab="1"
            ecep:pron="tɪl">till</w>
         <c> </c>
         <w xml:id="o4672-293680"
            n="o4672/0228-a-0120"
            ecep:lem="his"
            ecep:pos="po31"
            ecep:reg="his"
            ecep:spe="his"
            ecep:syllab="1"
            ecep:pron="hɪz">his</w>
         <c> </c>
         <w xml:id="o4672-293690"
            n="o4672/0228-a-0130"
            ecep:lem="angry"
            ecep:pos="j"
            ecep:reg="Angry"
            ecep:spe="Angry"
            ecep:syllab="2"
            ecep:pron="ˈæŋgri">Angry</w>
         <c> </c>
         <w xml:id="o4672-293700"
            n="o4672/0228-a-0140"
            ecep:lem="bow"
            ecep:pos="n1"
            ecep:reg="Bow"
            ecep:spe="Bow"
            ecep:syllab="1"
            ecep:pron="bəʊ">Bow</w>
         <c> </c>
         <w xml:id="o4672-293710"
            n="o4672/0228-a-0150"
            ecep:lem="he"
            ecep:pos="pns31"
            ecep:reg="he"
            ecep:spe="he"
            ecep:syllab="1"
            ecep:pron="hiː">he</w>
         <c> </c>
         <w xml:id="o4672-293720"
            n="o4672/0228-a-0160"
            ecep:lem="bring"
            ecep:pos="vvz"
            ecep:reg="brings"
            ecep:spe="brings"
            ecep:syllab="1"
            ecep:pron="brɪŋz">brings</w>
      </l>
      <l ana="#triplet" rhyme="aaa" xml:id="o4672-l13905">
         <c> </c>
         <w xml:id="o4672-293730"
            n="o4672/0228-a-0170"
            ecep:lem="across"
            ecep:pos="p-acp"
            ecep:reg="Across"
            ecep:spe="Across"
            ecep:syllab="2"
            ecep:pron="əˈkrɒs">Across</w>
         <c> </c>
         <w xml:id="o4672-293740"
            n="o4672/0228-a-0180"
            ecep:lem="the"
            ecep:pos="dt"
            ecep:reg="the"
            ecep:spe="the"
            ecep:syllab="1"
            ecep:pron="ðiː">the</w>
         <c> </c>
         <w xml:id="o4672-293750"
            n="o4672/0228-a-0190"
            ecep:lem="chord"
            ecep:pos="j-vvn"
            ecep:reg="Chorded"
            ecep:spe="Chorded"
            ecep:syllab="2"
            ecep:pron="ˈkɔːdɪd">Chorded</w>
         <c> </c>
         <w xml:id="o4672-293760"
            n="o4672/0228-a-0200"
            ecep:lem="shell"
            ecep:pos="n1"
            ecep:reg="Shell"
            ecep:spe="Shell"
            ecep:syllab="1"
            ecep:pron="ʃel">Shell</w>
         <pc xml:id="o4672-293770"
             n="o4672/0228-a-0210"
             ecep:lem=","
             ecep:pos=","
             ecep:reg=","
             ecep:spe=",">,</pc>
         <c> </c>
         <w xml:id="o4672-293780"
            n="o4672/0228-a-0220"
            ecep:lem="and"
            ecep:pos="cc"
            ecep:reg="and"
            ecep:spe="and"
            ecep:syllab="1"
            ecep:pron="ænd">and</w>
         <c> </c>
         <w xml:id="o4672-293790"
            n="o4672/0228-a-0230"
            ecep:lem="hurt"
            ecep:pos="vvz"
            ecep:reg="hurts"
            ecep:spe="hurts"
            ecep:syllab="1"
            ecep:pron="hɜːts">hurts</w>
         <c> </c>
         <w xml:id="o4672-293800"
            n="o4672/0228-a-0240"
            ecep:lem="the"
            ecep:pos="dt"
            ecep:reg="the"
            ecep:spe="the"
            ecep:syllab="1"
            ecep:pron="ðiː">the</w>
         <c> </c>
         <w xml:id="o4672-293810"
            n="o4672/0228-a-0250"
            ecep:lem="gentle"
            ecep:pos="jc-jn"
            ecep:reg="gentler"
            ecep:spe="gentler"
            ecep:syllab="2"
            ecep:pron="ˈdʒentlə">gentler</w>
         <c> </c>
         <w xml:id="o4672-293820"
            n="o4672/0228-a-0260"
            ecep:lem="string"
            ecep:pos="n2"
            ecep:reg="Strings"
            ecep:spe="Strings"
            ecep:syllab="1"
            ecep:pron="strɪŋz">Strings</w>
         <pc xml:id="o4672-293830"
             n="o4672/0228-a-0270"
             unit="sentence"
             ecep:lem="."
             ecep:pos="."
             ecep:reg="."
             ecep:spe=".">.</pc>
         <c> </c>
      </l>
   </lg>
</div>
