<?xml version="1.0" encoding="UTF-8"?>
<div xmlns:ecep="http://www.eighteenthcenturypoetry.org/ns"
     xmlns="http://www.tei-c.org/ns/1.0"
     xmlns:tei="http://www.tei-c.org/ns/1.0"
     ana="#iamb #tetrameter #quatrain #cross #ode"
     corresp="#txt_HawkJo1720_w0006"
     decls="#semi-normalized"
     ecep:syllab="8.8.8.8"
     met="-+|-+|-+|-+/ -+|-+|-+|-+/ -+|-+|-+|-+/ -+|-+|-+|-+/"
     rendition="#lgvspace"
     rhyme="abab"
     subtype="eceptext"
     type="ode"
     xml:id="o4986-w0610">
   <link target="authors.xml#aut_HawkJo1720" type="author"/>
   <link target="30679" type="DMI"/>
   <head type="main">
      <w xml:id="o4986-514890"
         n="242-a-0010"
         ecep:lem="autumn"
         ecep:pos="n1"
         ecep:reg="AUTUMN"
         ecep:spe="AUTUMN"
         ecep:syllab="2"
         ecep:pron="ˈɔːtəm">AUTUMN</w>
      <pc xml:id="o4986-514900"
          n="242-a-0020"
          ecep:lem=":"
          ecep:pos=":"
          ecep:reg=":"
          ecep:spe=":">:</pc>
   </head>
   <head type="sub">
      <w xml:id="o4986-514930"
         n="242-a-0030"
         ecep:lem="a"
         ecep:pos="dt"
         ecep:reg="AN"
         ecep:spe="AN"
         ecep:syllab="1"
         ecep:pron="æn">AN</w>
      <c> </c>
      <w xml:id="o4986-514940"
         n="242-a-0040"
         ecep:lem="ode"
         ecep:pos="n1"
         ecep:reg="ODE"
         ecep:spe="ODE"
         ecep:syllab="1"
         ecep:pron="əʊd">ODE</w>
      <pc xml:id="o4986-514950"
          n="242-a-0050"
          ecep:lem=","
          ecep:pos=","
          ecep:reg=","
          ecep:spe=",">,</pc>
   </head>
   <byline>
      <w xml:id="o4986-514980"
         n="242-a-0060"
         ecep:lem="by"
         ecep:pos="p-acp"
         ecep:reg="BY"
         ecep:spe="BY"
         ecep:syllab="1"
         ecep:pron="baɪ">BY</w>
      <c> </c>
      <w xml:id="o4986-514990"
         n="242-a-0070"
         ecep:lem="the"
         ecep:pos="dt"
         ecep:reg="THE"
         ecep:spe="THE"
         ecep:syllab="1"
         ecep:pron="ðiː">THE</w>
      <c> </c>
      <w xml:id="o4986-515000"
         n="242-a-0080"
         ecep:lem="same"
         ecep:pos="d"
         ecep:reg="SAME"
         ecep:spe="SAME"
         ecep:syllab="1"
         ecep:pron="seɪm">SAME</w>
      <pc xml:id="o4986-515010"
          n="242-a-0090"
          unit="sentence"
          ecep:lem="."
          ecep:pos="."
          ecep:reg="."
          ecep:spe=".">.</pc>
   </byline>
   <lg xml:id="o4986-s03400">
      <l xml:id="o4986-l27725">
         <w xml:id="o4986-515040"
            n="242-a-0100"
            ecep:lem="alas"
            ecep:pos="uh"
            ecep:reg="ALAS"
            ecep:spe="ALAS"
            ecep:syllab="2"
            ecep:pron="əˈlæs">ALAS</w>
         <pc xml:id="o4986-515050"
             n="242-a-0110"
             ecep:lem="!"
             ecep:pos="!"
             ecep:reg="!"
             ecep:spe="!">!</pc>
         <c> </c>
         <w xml:id="o4986-515060"
            n="242-a-0120"
            ecep:lem="with"
            ecep:pos="p-acp"
            ecep:reg="with"
            ecep:spe="with"
            ecep:syllab="1"
            ecep:pron="wɪð">with</w>
         <c> </c>
         <w xml:id="o4986-515070"
            n="242-a-0130"
            ecep:lem="swift"
            ecep:pos="j"
            ecep:reg="swift"
            ecep:spe="swift"
            ecep:syllab="1"
            ecep:pron="swɪft">swift</w>
         <c> </c>
         <w xml:id="o4986-515080"
            n="242-a-0140"
            ecep:lem="and"
            ecep:pos="cc"
            ecep:reg="and"
            ecep:spe="and"
            ecep:syllab="1"
            ecep:pron="ænd">and</w>
         <c> </c>
         <w xml:id="o4986-515090"
            n="242-a-0150"
            ecep:lem="silent"
            ecep:pos="j"
            ecep:reg="silent"
            ecep:spe="silent"
            ecep:syllab="2"
            ecep:pron="ˈsaɪlənt">silent</w>
         <c> </c>
         <w xml:id="o4986-515100"
            n="242-a-0160"
            ecep:lem="pace"
            ecep:pos="n1"
            ecep:reg="pace"
            ecep:spe="pace"
            ecep:syllab="1"
            ecep:pron="ˈpeɪsi">pace</w>
      </l>
      <l xml:id="o4986-l27730">
         <c> </c>
         <w xml:id="o4986-515110"
            n="242-a-0170"
            ecep:lem="impatient"
            ecep:pos="j"
            ecep:reg="Impatient"
            ecep:spe="Impatient"
            ecep:syllab="3"
            ecep:pron="ɪmˈpeɪʃnt">Impatient</w>
         <c> </c>
         <w xml:id="o4986-515120"
            n="242-a-0180"
            ecep:lem="time"
            ecep:pos="n1"
            ecep:reg="Time"
            ecep:spe="Time"
            ecep:syllab="1"
            ecep:pron="taɪm">Time</w>
         <c> </c>
         <w xml:id="o4986-515130"
            n="242-a-0190"
            ecep:lem="roll"
            ecep:pos="vvz"
            ecep:reg="rolls"
            ecep:spe="rolls"
            ecep:syllab="1"
            ecep:pron="rəʊlz">rolls</w>
         <c> </c>
         <w xml:id="o4986-515140"
            n="242-a-0200"
            ecep:lem="on"
            ecep:pos="p-acp"
            ecep:reg="on"
            ecep:spe="on"
            ecep:syllab="1"
            ecep:pron="ɒn">on</w>
         <c> </c>
         <w xml:id="o4986-515150"
            n="242-a-0210"
            ecep:lem="the"
            ecep:pos="dt"
            ecep:reg="the"
            ecep:spe="the"
            ecep:syllab="1"
            ecep:pron="ðiː">the</w>
         <c> </c>
         <w xml:id="o4986-515160"
            n="242-a-0220"
            ecep:lem="year"
            ecep:pos="n1"
            ecep:reg="year"
            ecep:spe="year"
            ecep:syllab="1"
            ecep:pron="jɪə">year</w>
         <pc xml:id="o4986-515170"
             n="242-a-0230"
             ecep:lem=","
             ecep:pos=","
             ecep:reg=","
             ecep:spe=",">,</pc>
      </l>
      <l xml:id="o4986-l27735">
         <c> </c>
         <w xml:id="o4986-515180"
            n="242-a-0240"
            ecep:lem="the"
            ecep:pos="dt"
            ecep:reg="The"
            ecep:spe="The"
            ecep:syllab="1"
            ecep:pron="ðiː">The</w>
         <c> </c>
         <w xml:id="o4986-515190"
            n="242-a-0250"
            ecep:lem="season"
            ecep:pos="n2"
            ecep:reg="Seasons"
            ecep:spe="Seasons"
            ecep:syllab="2"
            ecep:pron="ˈsiːznz">Seasons</w>
         <c> </c>
         <w xml:id="o4986-515200"
            n="242-a-0260"
            ecep:lem="change"
            ecep:pos="vvi"
            ecep:reg="change"
            ecep:spe="change"
            ecep:syllab="1"
            ecep:pron="tʃeɪndʒ">change</w>
         <pc xml:id="o4986-515210"
             n="242-a-0270"
             ecep:lem=","
             ecep:pos=","
             ecep:reg=","
             ecep:spe=",">,</pc>
         <c> </c>
         <w xml:id="o4986-515220"
            n="242-a-0280"
            ecep:lem="and"
            ecep:pos="cc"
            ecep:reg="and"
            ecep:spe="and"
            ecep:syllab="1"
            ecep:pron="ænd">and</w>
         <c> </c>
         <w xml:id="o4986-515230"
            n="242-a-0290"
            ecep:lem="nature"
            ecep:pos="ng1"
            ecep:reg="Nature's"
            ecep:spe="Nature's"
            ecep:syllab="2"
            ecep:pron="ˈneɪtʃəz">Nature's</w>
         <c> </c>
         <w xml:id="o4986-515240"
            n="242-a-0300"
            ecep:lem="face"
            ecep:pos="n1"
            ecep:reg="face"
            ecep:spe="face"
            ecep:syllab="1"
            ecep:pron="feɪs">face</w>
      </l>
      <l xml:id="o4986-l27740">
         <c> </c>
         <w xml:id="o4986-515250"
            n="242-a-0310"
            ecep:lem="now"
            ecep:pos="av"
            ecep:reg="Now"
            ecep:spe="Now"
            ecep:syllab="1"
            ecep:pron="naʊ">Now</w>
         <c> </c>
         <w xml:id="o4986-515260"
            n="242-a-0320"
            ecep:lem="sweet"
            ecep:pos="av-j"
            ecep:reg="sweetly"
            ecep:spe="sweetly"
            ecep:syllab="2"
            ecep:pron="swiːtli">sweetly</w>
         <c> </c>
         <w xml:id="o4986-515270"
            n="242-a-0330"
            ecep:lem="smile"
            ecep:pos="n2"
            ecep:reg="smiles"
            ecep:spe="smiles"
            ecep:syllab="1"
            ecep:pron="smaɪlz">smiles</w>
         <pc xml:id="o4986-515280"
             n="242-a-0340"
             ecep:lem=","
             ecep:pos=","
             ecep:reg=","
             ecep:spe=",">,</pc>
         <c> </c>
         <w xml:id="o4986-515290"
            n="242-a-0350"
            ecep:lem="now"
            ecep:pos="av"
            ecep:reg="now"
            ecep:spe="now"
            ecep:syllab="1"
            ecep:pron="naʊ">now</w>
         <c> </c>
         <w xml:id="o4986-515300"
            n="242-a-0360"
            ecep:lem="frown"
            ecep:pos="n2"
            ecep:reg="frowns"
            ecep:spe="frowns"
            ecep:syllab="1"
            ecep:pron="fraʊnz">frowns</w>
         <c> </c>
         <w xml:id="o4986-515310"
            n="242-a-0370"
            ecep:lem="severe"
            ecep:pos="j"
            ecep:reg="severe"
            ecep:spe="severe"
            ecep:syllab="2"
            ecep:pron="sɪˈvɪə">severe</w>
         <pc xml:id="o4986-515320"
             n="242-a-0380"
             unit="sentence"
             ecep:lem="."
             ecep:pos="."
             ecep:reg="."
             ecep:spe=".">.</pc>
         <c> </c>
      </l>
   </lg>
   <lg xml:id="o4986-s03405">
      <l xml:id="o4986-l27745">
         <w xml:id="o4986-515350"
            n="242-a-0390"
            ecep:lem="it|be"
            ecep:pos="pn31|vbds"
            ecep:reg="'Twas"
            ecep:spe="'Twas"
            ecep:syllab="1"
            ecep:pron="twɒz">'Twas</w>
         <c> </c>
         <w xml:id="o4986-515360"
            n="242-a-0400"
            ecep:lem="spring"
            ecep:pos="n1"
            ecep:reg="Spring"
            ecep:spe="Spring"
            ecep:syllab="1"
            ecep:pron="sprɪŋ">Spring</w>
         <pc xml:id="o4986-515370"
             n="242-a-0410"
             ecep:lem=","
             ecep:pos=","
             ecep:reg=","
             ecep:spe=",">,</pc>
         <c> </c>
         <w xml:id="o4986-515380"
            n="242-a-0420"
            ecep:lem="it|be"
            ecep:pos="pn31|vbds"
            ecep:reg="'twas"
            ecep:spe="'twas"
            ecep:syllab="1"
            ecep:pron="twɒz">'twas</w>
         <c> </c>
         <w xml:id="o4986-515390"
            n="242-a-0430"
            ecep:lem="summer"
            ecep:pos="n1"
            ecep:reg="Summer"
            ecep:spe="Summer"
            ecep:syllab="2"
            ecep:pron="ˈsʌmə">Summer</w>
         <pc xml:id="o4986-515400"
             n="242-a-0440"
             ecep:lem=","
             ecep:pos=","
             ecep:reg=","
             ecep:spe=",">,</pc>
         <c> </c>
         <w xml:id="o4986-515410"
            n="242-a-0450"
            ecep:lem="all"
            ecep:pos="d"
            ecep:reg="all"
            ecep:spe="all"
            ecep:syllab="1"
            ecep:pron="ɔːl">all</w>
         <c> </c>
         <w xml:id="o4986-515420"
            n="242-a-0460"
            ecep:lem="be"
            ecep:pos="vbds"
            ecep:reg="was"
            ecep:spe="was"
            ecep:syllab="1"
            ecep:pron="wɒz">was</w>
         <c> </c>
         <w xml:id="o4986-515430"
            n="242-a-0470"
            ecep:lem="gay"
            ecep:pos="j"
            ecep:reg="gay"
            ecep:spe="gay"
            ecep:syllab="1"
            ecep:pron="geɪ">gay</w>
         <pc xml:id="o4986-515440"
             n="242-a-0480"
             ecep:lem=","
             ecep:pos=","
             ecep:reg=","
             ecep:spe=",">,</pc>
      </l>
      <l xml:id="o4986-l27750">
         <c> </c>
         <w xml:id="o4986-515450"
            n="242-a-0490"
            ecep:lem="now"
            ecep:pos="av"
            ecep:reg="Now"
            ecep:spe="Now"
            ecep:syllab="1"
            ecep:pron="naʊ">Now</w>
         <c> </c>
         <w xml:id="o4986-515460"
            n="242-a-0500"
            ecep:lem="autumn"
            ecep:pos="n1"
            ecep:reg="Autumn"
            ecep:spe="Autumn"
            ecep:syllab="2"
            ecep:pron="ˈɔːtəm">Autumn</w>
         <c> </c>
         <w xml:id="o4986-515470"
            n="242-a-0510"
            ecep:lem="bend"
            ecep:pos="vvz"
            ecep:reg="bends"
            ecep:spe="bends"
            ecep:syllab="1"
            ecep:pron="bendz">bends</w>
         <c> </c>
         <w xml:id="o4986-515480"
            n="242-a-0520"
            ecep:lem="a"
            ecep:pos="dt"
            ecep:reg="a"
            ecep:spe="a"
            ecep:syllab="1"
            ecep:pron="ə">a</w>
         <c> </c>
         <w xml:id="o4986-515490"
            n="242-a-0530"
            ecep:lem="cloudy"
            ecep:pos="j"
            ecep:reg="cloudy"
            ecep:spe="cloudy"
            ecep:syllab="2"
            ecep:pron="ˈklaʊdi">cloudy</w>
         <c> </c>
         <w xml:id="o4986-515500"
            n="242-a-0540"
            ecep:lem="brow"
            ecep:pos="n1"
            ecep:reg="brow"
            ecep:spe="brow"
            ecep:syllab="1"
            ecep:pron="braʊ">brow</w>
         <pc xml:id="o4986-515510"
             n="242-a-0550"
             ecep:lem=","
             ecep:pos=","
             ecep:reg=","
             ecep:spe=",">,</pc>
      </l>
      <l xml:id="o4986-l27755">
         <c> </c>
         <w xml:id="o4986-515520"
            n="242-a-0560"
            ecep:lem="the"
            ecep:pos="dt"
            ecep:reg="The"
            ecep:spe="The"
            ecep:syllab="1"
            ecep:pron="ðiː">The</w>
         <c> </c>
         <w xml:id="o4986-515530"
            n="242-a-0570"
            ecep:lem="flower"
            ecep:pos="n2"
            ecep:reg="flowers"
            ecep:spe="flowers"
            ecep:syllab="1"
            ecep:pron="flæəz">flowers</w>
         <c> </c>
         <w xml:id="o4986-515540"
            n="242-a-0580"
            ecep:lem="of"
            ecep:pos="pp-f"
            ecep:reg="of"
            ecep:spe="of"
            ecep:syllab="1"
            ecep:pron="ɒv">of</w>
         <c> </c>
         <w xml:id="o4986-515550"
            n="242-a-0590"
            ecep:lem="spring"
            ecep:pos="n1"
            ecep:reg="Spring"
            ecep:spe="Spring"
            ecep:syllab="1"
            ecep:pron="sprɪŋ">Spring</w>
         <c> </c>
         <w xml:id="o4986-515560"
            n="242-a-0600"
            ecep:lem="be"
            ecep:pos="vbb"
            ecep:reg="are"
            ecep:spe="are"
            ecep:syllab="1"
            ecep:pron="ɑː">are</w>
         <c> </c>
         <w xml:id="o4986-515570"
            n="242-a-0610"
            ecep:lem="sweep"
            ecep:pos="vvn"
            ecep:reg="swept"
            ecep:spe="swept"
            ecep:syllab="1"
            ecep:pron="swept">swept</w>
         <c> </c>
         <w xml:id="o4986-515580"
            n="242-a-0620"
            ecep:lem="away"
            ecep:pos="av"
            ecep:reg="away"
            ecep:spe="away"
            ecep:syllab="2"
            ecep:pron="əˈweɪ">away</w>
         <pc xml:id="o4986-515590"
             n="242-a-0630"
             ecep:lem=","
             ecep:pos=","
             ecep:reg=","
             ecep:spe=",">,</pc>
      </l>
      <l xml:id="o4986-l27760">
         <c> </c>
         <w xml:id="o4986-515600"
            n="242-a-0640"
            ecep:lem="and"
            ecep:pos="cc"
            ecep:reg="And"
            ecep:spe="And"
            ecep:syllab="1"
            ecep:pron="ænd">And</w>
         <c> </c>
         <w xml:id="o4986-515610"
            n="242-a-0650"
            ecep:lem="summer"
            ecep:pos="n1"
            ecep:reg="Summer"
            ecep:spe="Summer"
            ecep:syllab="2"
            ecep:pron="ˈsʌmə">Summer</w>
         <c> </c>
         <w xml:id="o4986-515620"
            n="242-a-0660"
            ecep:lem="fruit"
            ecep:pos="n2"
            ecep:reg="fruits"
            ecep:spe="fruits"
            ecep:syllab="1"
            ecep:pron="fruːts">fruits</w>
         <c> </c>
         <w xml:id="o4986-515630"
            n="242-a-0670"
            ecep:lem="desert"
            ecep:pos="vvi"
            ecep:reg="desert"
            ecep:spe="desert"
            ecep:syllab="2"
            ecep:pron="ˈdezət">desert</w>
         <c> </c>
         <w xml:id="o4986-515640"
            n="242-a-0680"
            ecep:lem="the"
            ecep:pos="dt"
            ecep:reg="the"
            ecep:spe="the"
            ecep:syllab="1"
            ecep:pron="ðiː">the</w>
         <c> </c>
         <w xml:id="o4986-515650"
            n="242-a-0690"
            ecep:lem="bough"
            ecep:pos="n1"
            ecep:reg="bough"
            ecep:spe="bough"
            ecep:syllab="1"
            ecep:pron="baʊ">bough</w>
         <pc xml:id="o4986-515660"
             n="242-a-0700"
             unit="sentence"
             ecep:lem="."
             ecep:pos="."
             ecep:reg="."
             ecep:spe=".">.</pc>
         <c> </c>
      </l>
   </lg>
   <lg xml:id="o4986-s03410">
      <l xml:id="o4986-l27765">
         <w xml:id="o4986-515690"
            n="242-a-0710"
            ecep:lem="the"
            ecep:pos="dt"
            ecep:reg="The"
            ecep:spe="The"
            ecep:syllab="1"
            ecep:pron="ðiː">The</w>
         <c> </c>
         <w xml:id="o4986-515700"
            n="242-a-0720"
            ecep:lem="verdant"
            ecep:pos="j"
            ecep:reg="verdant"
            ecep:spe="verdant"
            ecep:syllab="2"
            ecep:pron="ˈvɜːdnt">verdant</w>
         <c> </c>
         <w xml:id="o4986-515710"
            n="242-a-0730"
            ecep:lem="leaf"
            ecep:pos="n2"
            ecep:reg="leaves"
            ecep:spe="leaves"
            ecep:syllab="1"
            ecep:pron="liːvz">leaves</w>
         <c> </c>
         <w xml:id="o4986-515720"
            n="242-a-0740"
            ecep:lem="that"
            ecep:pos="cst"
            ecep:reg="that"
            ecep:spe="that"
            ecep:syllab="1"
            ecep:pron="ðæt">that</w>
         <c> </c>
         <w xml:id="o4986-515730"
            n="242-a-0750"
            ecep:lem="play"
            ecep:pos="vvd"
            ecep:reg="played"
            ecep:spe="play'd"
            ecep:syllab="1"
            ecep:pron="pleɪd">play'd</w>
         <c> </c>
         <w xml:id="o4986-515740"
            n="242-a-0760"
            ecep:lem="on"
            ecep:pos="p-acp"
            ecep:reg="on"
            ecep:spe="on"
            ecep:syllab="1"
            ecep:pron="ɒn">on</w>
         <c> </c>
         <w xml:id="o4986-515750"
            n="242-a-0770"
            ecep:lem="high"
            ecep:pos="j"
            ecep:reg="high"
            ecep:spe="high"
            ecep:syllab="1"
            ecep:pron="haɪ">high</w>
         <pc xml:id="o4986-515760"
             n="242-a-0780"
             ecep:lem=","
             ecep:pos=","
             ecep:reg=","
             ecep:spe=",">,</pc>
      </l>
      <l xml:id="o4986-l27770">
         <c> </c>
         <w xml:id="o4986-515770"
            n="242-a-0790"
            ecep:lem="and"
            ecep:pos="cc"
            ecep:reg="And"
            ecep:spe="And"
            ecep:syllab="1"
            ecep:pron="ænd">And</w>
         <c> </c>
         <w xml:id="o4986-515780"
            n="242-a-0800"
            ecep:lem="wanton"
            ecep:pos="vvd"
            ecep:reg="wantoned"
            ecep:spe="wanton'd"
            ecep:syllab="2"
            ecep:pron="ˈwɒntənd">wanton'd</w>
         <c> </c>
         <w xml:id="o4986-515790"
            n="242-a-0810"
            ecep:lem="on"
            ecep:pos="p-acp"
            ecep:reg="on"
            ecep:spe="on"
            ecep:syllab="1"
            ecep:pron="ɒn">on</w>
         <c> </c>
         <w xml:id="o4986-515800"
            n="242-a-0820"
            ecep:lem="the"
            ecep:pos="dt"
            ecep:reg="the"
            ecep:spe="the"
            ecep:syllab="1"
            ecep:pron="ðiː">the</w>
         <c> </c>
         <w xml:id="o4986-515810"
            n="242-a-0830"
            ecep:lem="western"
            ecep:pos="j"
            ecep:reg="western"
            ecep:spe="western"
            ecep:syllab="2"
            ecep:pron="ˈwestən">western</w>
         <c> </c>
         <w xml:id="o4986-515820"
            n="242-a-0840"
            ecep:lem="breeze"
            ecep:pos="n1"
            ecep:reg="breeze"
            ecep:spe="breeze"
            ecep:syllab="1"
            ecep:pron="briːz">breeze</w>
         <pc xml:id="o4986-515830"
             n="242-a-0850"
             ecep:lem=","
             ecep:pos=","
             ecep:reg=","
             ecep:spe=",">,</pc>
      </l>
      <l xml:id="o4986-l27775">
         <c> </c>
         <w xml:id="o4986-515840"
            n="242-a-0860"
            ecep:lem="now"
            ecep:pos="av"
            ecep:reg="Now"
            ecep:spe="Now"
            ecep:syllab="1"
            ecep:pron="naʊ">Now</w>
         <c> </c>
         <w xml:id="o4986-515850"
            n="242-a-0870"
            ecep:lem="tread"
            ecep:pos="vvn"
            ecep:reg="trod"
            ecep:spe="trod"
            ecep:syllab="1"
            ecep:pron="trɒd">trod</w>
         <c> </c>
         <w xml:id="o4986-515860"
            n="242-a-0880"
            ecep:lem="in"
            ecep:pos="p-acp"
            ecep:reg="in"
            ecep:spe="in"
            ecep:syllab="1"
            ecep:pron="ɪn">in</w>
         <c> </c>
         <w xml:id="o4986-515870"
            n="242-a-0890"
            ecep:lem="dust"
            ecep:pos="n1"
            ecep:reg="dust"
            ecep:spe="dust"
            ecep:syllab="1"
            ecep:pron="dʌst">dust</w>
         <pc xml:id="o4986-515880"
             n="242-a-0900"
             ecep:lem=","
             ecep:pos=","
             ecep:reg=","
             ecep:spe=",">,</pc>
         <c> </c>
         <w xml:id="o4986-515890"
            n="242-a-0910"
            ecep:lem="neglect"
            ecep:pos="j-vvn"
            ecep:reg="neglected"
            ecep:spe="neglected"
            ecep:syllab="3"
            ecep:pron="nɪˈglektɪd">neglected</w>
         <c> </c>
         <w xml:id="o4986-515900"
            n="242-a-0920"
            ecep:lem="lie"
            ecep:pos="n1"
            ecep:reg="lie"
            ecep:spe="lie"
            ecep:syllab="1"
            ecep:pron="laɪ">lie</w>
         <pc xml:id="o4986-515910"
             n="242-a-0930"
             ecep:lem=","
             ecep:pos=","
             ecep:reg=","
             ecep:spe=",">,</pc>
      </l>
      <l xml:id="o4986-l27780">
         <c> </c>
         <w xml:id="o4986-515920"
            n="242-a-0940"
            ecep:lem="as"
            ecep:pos="c-acp"
            ecep:reg="As"
            ecep:spe="As"
            ecep:syllab="1"
            ecep:pron="æz">As</w>
         <c> </c>
         <w xml:id="o4986-515930"
            n="242-a-0950"
            ecep:lem="Boreas"
            ecep:pos="np1"
            ecep:reg="Boreas"
            ecep:spe="Boreas"
            ecep:syllab="3"
            ecep:pron="ˈbɔːriæs">Boreas</w>
         <c> </c>
         <w xml:id="o4986-515940"
            n="242-a-0960"
            ecep:lem="strip"
            ecep:pos="n2"
            ecep:reg="strips"
            ecep:spe="strips"
            ecep:syllab="1"
            ecep:pron="strɪps">strips</w>
         <c> </c>
         <w xml:id="o4986-515950"
            n="242-a-0970"
            ecep:lem="the"
            ecep:pos="dt"
            ecep:reg="the"
            ecep:spe="the"
            ecep:syllab="1"
            ecep:pron="ðiː">the</w>
         <c> </c>
         <w xml:id="o4986-515960"
            n="242-a-0980"
            ecep:lem="bend"
            ecep:pos="j-vvg"
            ecep:reg="bending"
            ecep:spe="bending"
            ecep:syllab="2"
            ecep:pron="bendɪŋ">bending</w>
         <c> </c>
         <w xml:id="o4986-515970"
            n="242-a-0990"
            ecep:lem="tree"
            ecep:pos="n2"
            ecep:reg="trees"
            ecep:spe="trees"
            ecep:syllab="1"
            ecep:pron="triːz">trees</w>
         <pc xml:id="o4986-515980"
             n="242-a-1000"
             unit="sentence"
             ecep:lem="."
             ecep:pos="."
             ecep:reg="."
             ecep:spe=".">.</pc>
         <c> </c>
      </l>
   </lg>
   <lg xml:id="o4986-s03415">
      <l xml:id="o4986-l27785">
         <w xml:id="o4986-516010"
            n="242-a-1010"
            ecep:lem="the"
            ecep:pos="dt"
            ecep:reg="The"
            ecep:spe="The"
            ecep:syllab="1"
            ecep:pron="ðiː">The</w>
         <c> </c>
         <w xml:id="o4986-516020"
            n="242-a-1020"
            ecep:lem="field"
            ecep:pos="n2"
            ecep:reg="fields"
            ecep:spe="fields"
            ecep:syllab="1"
            ecep:pron="ˈfiːldz">fields</w>
         <c> </c>
         <w xml:id="o4986-516030"
            n="242-a-1030"
            ecep:lem="that"
            ecep:pos="cst"
            ecep:reg="that"
            ecep:spe="that"
            ecep:syllab="1"
            ecep:pron="ðæt">that</w>
         <c> </c>
         <w xml:id="o4986-516040"
            n="242-a-1040"
            ecep:lem="wave"
            ecep:pos="vvd"
            ecep:reg="waved"
            ecep:spe="wav'd"
            ecep:syllab="1"
            ecep:pron="weɪvd">wav'd</w>
         <c> </c>
         <w xml:id="o4986-516050"
            n="242-a-1050"
            ecep:lem="with"
            ecep:pos="p-acp"
            ecep:reg="with"
            ecep:spe="with"
            ecep:syllab="1"
            ecep:pron="wɪð">with</w>
         <c> </c>
         <w xml:id="o4986-516060"
            n="242-a-1060"
            ecep:lem="golden"
            ecep:pos="j"
            ecep:reg="golden"
            ecep:spe="golden"
            ecep:syllab="2"
            ecep:pron="ˈgəʊldn">golden</w>
         <c> </c>
         <w xml:id="o4986-516070"
            n="242-a-1070"
            ecep:lem="grain"
            ecep:pos="n1"
            ecep:reg="grain"
            ecep:spe="grain"
            ecep:syllab="1"
            ecep:pron="greɪn">grain</w>
         <pc xml:id="o4986-516080"
             n="242-a-1080"
             ecep:lem=","
             ecep:pos=","
             ecep:reg=","
             ecep:spe=",">,</pc>
      </l>
      <l xml:id="o4986-l27790">
         <c> </c>
         <w xml:id="o4986-516090"
            n="242-a-1090"
            ecep:lem="as"
            ecep:pos="c-acp"
            ecep:reg="As"
            ecep:spe="As"
            ecep:syllab="1"
            ecep:pron="æz">As</w>
         <c> </c>
         <w xml:id="o4986-516100"
            n="242-a-1100"
            ecep:lem="russet"
            ecep:pos="n1"
            ecep:reg="russet"
            ecep:spe="russet"
            ecep:syllab="2"
            ecep:pron="ˈrʌsɪt">russet</w>
         <c> </c>
         <w xml:id="o4986-516110"
            n="242-a-1110"
            ecep:lem="heath"
            ecep:pos="n2"
            ecep:reg="heaths"
            ecep:spe="heaths"
            ecep:syllab="1"
            ecep:pron="hiːθs">heaths</w>
         <c> </c>
         <w xml:id="o4986-516120"
            n="242-a-1120"
            ecep:lem="be"
            ecep:pos="vbr"
            ecep:reg="are"
            ecep:spe="are"
            ecep:syllab="1"
            ecep:pron="ɑː">are</w>
         <c> </c>
         <w xml:id="o4986-516130"
            n="242-a-1130"
            ecep:lem="wild"
            ecep:pos="j"
            ecep:reg="wild"
            ecep:spe="wild"
            ecep:syllab="1"
            ecep:pron="waɪld">wild</w>
         <c> </c>
         <w xml:id="o4986-516140"
            n="242-a-1140"
            ecep:lem="and"
            ecep:pos="cc"
            ecep:reg="and"
            ecep:spe="and"
            ecep:syllab="1"
            ecep:pron="ænd">and</w>
         <c> </c>
         <w xml:id="o4986-516150"
            n="242-a-1150"
            ecep:lem="bare"
            ecep:pos="j"
            ecep:reg="bare"
            ecep:spe="bare"
            ecep:syllab="1"
            ecep:pron="beə">bare</w>
         <pc xml:id="o4986-516160"
             n="242-a-1160"
             ecep:lem=";"
             ecep:pos=";"
             ecep:reg=";"
             ecep:spe=";">;</pc>
      </l>
      <l xml:id="o4986-l27795">
         <c> </c>
         <w xml:id="o4986-516170"
            n="242-a-1170"
            ecep:lem="not"
            ecep:pos="xx"
            ecep:reg="Not"
            ecep:spe="Not"
            ecep:syllab="1"
            ecep:pron="nɒt">Not</w>
         <c> </c>
         <w xml:id="o4986-516180"
            n="242-a-1180"
            ecep:lem="moist"
            ecep:pos="j"
            ecep:reg="moist"
            ecep:spe="moist"
            ecep:syllab="1"
            ecep:pron="mɔɪst">moist</w>
         <c> </c>
         <w xml:id="o4986-516190"
            n="242-a-1190"
            ecep:lem="with"
            ecep:pos="p-acp"
            ecep:reg="with"
            ecep:spe="with"
            ecep:syllab="1"
            ecep:pron="wɪð">with</w>
         <c> </c>
         <w xml:id="o4986-516200"
            n="242-a-1200"
            ecep:lem="dew"
            ecep:pos="n1"
            ecep:reg="dew"
            ecep:spe="dew"
            ecep:syllab="1"
            ecep:pron="dʒuː">dew</w>
         <pc xml:id="o4986-516210"
             n="242-a-1210"
             ecep:lem=","
             ecep:pos=","
             ecep:reg=","
             ecep:spe=",">,</pc>
         <c> </c>
         <w xml:id="o4986-516220"
            n="242-a-1220"
            ecep:lem="but"
            ecep:pos="cc-acp"
            ecep:reg="but"
            ecep:spe="but"
            ecep:syllab="1"
            ecep:pron="bʌt">but</w>
         <c> </c>
         <w xml:id="o4986-516230"
            n="242-a-1230"
            ecep:lem="drench"
            ecep:pos="vvd"
            ecep:reg="drenched"
            ecep:spe="drench'd"
            ecep:syllab="1"
            ecep:pron="drenʃt">drench'd</w>
         <c> </c>
         <w xml:id="o4986-516240"
            n="242-a-1240"
            ecep:lem="in"
            ecep:pos="p-acp"
            ecep:reg="in"
            ecep:spe="in"
            ecep:syllab="1"
            ecep:pron="ɪn">in</w>
         <c> </c>
         <w xml:id="o4986-516250"
            n="242-a-1250"
            ecep:lem="rain"
            ecep:pos="n1"
            ecep:reg="rain"
            ecep:spe="rain"
            ecep:syllab="1"
            ecep:pron="reɪn">rain</w>
         <pc xml:id="o4986-516260"
             n="242-a-1260"
             ecep:lem=";"
             ecep:pos=";"
             ecep:reg=";"
             ecep:spe=";">;</pc>
      </l>
      <l xml:id="o4986-l27800">
         <c> </c>
         <w xml:id="o4986-516270"
            n="242-a-1270"
            ecep:lem="nor"
            ecep:pos="ccx"
            ecep:reg="Nor"
            ecep:spe="Nor"
            ecep:syllab="1"
            ecep:pron="nɔː">Nor</w>
         <c> </c>
         <w xml:id="o4986-516280"
            n="242-a-1280"
            ecep:lem="health"
            ecep:pos="n1"
            ecep:reg="Health"
            ecep:spe="Health"
            ecep:syllab="1"
            ecep:pron="helθ">Health</w>
         <pc xml:id="o4986-516290"
             n="242-a-1290"
             ecep:lem=","
             ecep:pos=","
             ecep:reg=","
             ecep:spe=",">,</pc>
         <c> </c>
         <w xml:id="o4986-516300"
            n="242-a-1300"
            ecep:lem="nor"
            ecep:pos="ccx"
            ecep:reg="nor"
            ecep:spe="nor"
            ecep:syllab="1"
            ecep:pron="nɔː">nor</w>
         <c> </c>
         <w xml:id="o4986-516310"
            n="242-a-1310"
            ecep:lem="pleasure"
            ecep:pos="n1"
            ecep:reg="Pleasure"
            ecep:spe="Pleasure"
            ecep:syllab="2"
            ecep:pron="ˈpleʒə">Pleasure</w>
         <pc xml:id="o4986-516320"
             n="242-a-1320"
             ecep:lem=","
             ecep:pos=","
             ecep:reg=","
             ecep:spe=",">,</pc>
         <c> </c>
         <w xml:id="o4986-516330"
            n="242-a-1330"
            ecep:lem="wander"
            ecep:pos="vvz"
            ecep:reg="wanders"
            ecep:spe="wanders"
            ecep:syllab="2"
            ecep:pron="ˈwɒndəz">wanders</w>
         <c> </c>
         <w xml:id="o4986-516340"
            n="242-a-1340"
            ecep:lem="there"
            ecep:pos="a-acp"
            ecep:reg="there"
            ecep:spe="there"
            ecep:syllab="1"
            ecep:pron="ðeə">there</w>
         <pc xml:id="o4986-516350"
             n="242-a-1350"
             unit="sentence"
             ecep:lem="."
             ecep:pos="."
             ecep:reg="."
             ecep:spe=".">.</pc>
         <c> </c>
      </l>
   </lg>
   <pb facs="o4986/0243" n="241" rend="none"/>
   <lg xml:id="o4986-s03420">
      <l xml:id="o4986-l27805">
         <w xml:id="o4986-516380"
            n="243-a-0010"
            ecep:lem="no"
            ecep:pos="av-dx"
            ecep:reg="No"
            ecep:spe="No"
            ecep:syllab="1"
            ecep:pron="nəʊ">No</w>
         <c> </c>
         <w xml:id="o4986-516390"
            n="243-a-0020"
            ecep:lem="more"
            ecep:pos="av-dc"
            ecep:reg="more"
            ecep:spe="more"
            ecep:syllab="1"
            ecep:pron="mɔː">more</w>
         <pc xml:id="o4986-516400"
             n="243-a-0030"
             ecep:lem=","
             ecep:pos=","
             ecep:reg=","
             ecep:spe=",">,</pc>
         <c> </c>
         <w xml:id="o4986-516410"
            n="243-a-0040"
            ecep:lem="while"
            ecep:pos="cs"
            ecep:reg="while"
            ecep:spe="while"
            ecep:syllab="1"
            ecep:pron="ˈwaɪl">while</w>
         <c> </c>
         <w xml:id="o4986-516420"
            n="243-a-0050"
            ecep:lem="through"
            ecep:pos="p-acp"
            ecep:reg="through"
            ecep:spe="thro'"
            ecep:syllab="1"
            ecep:pron="θruː">thro'</w>
         <c> </c>
         <w xml:id="o4986-516430"
            n="243-a-0060"
            ecep:lem="the"
            ecep:pos="dt"
            ecep:reg="the"
            ecep:spe="the"
            ecep:syllab="1"
            ecep:pron="ðiː">the</w>
         <c> </c>
         <w xml:id="o4986-516440"
            n="243-a-0070"
            ecep:lem="midnight"
            ecep:pos="n1"
            ecep:reg="midnight"
            ecep:spe="midnight"
            ecep:syllab="2"
            ecep:pron="ˈmɪdnaɪt">midnight</w>
         <c> </c>
         <w xml:id="o4986-516450"
            n="243-a-0080"
            ecep:lem="shade"
            ecep:pos="n1"
            ecep:reg="shade"
            ecep:spe="shade"
            ecep:syllab="1"
            ecep:pron="ʃeɪd">shade</w>
         <pc xml:id="o4986-516460"
             n="243-a-0090"
             ecep:lem=","
             ecep:pos=","
             ecep:reg=","
             ecep:spe=",">,</pc>
      </l>
      <l xml:id="o4986-l27810">
         <c> </c>
         <w xml:id="o4986-516470"
            n="243-a-0100"
            ecep:lem="beneath"
            ecep:pos="p-acp"
            ecep:reg="Beneath"
            ecep:spe="Beneath"
            ecep:syllab="2"
            ecep:pron="bɪˈniːθ">Beneath</w>
         <c> </c>
         <w xml:id="o4986-516480"
            n="243-a-0110"
            ecep:lem="the"
            ecep:pos="dt"
            ecep:reg="the"
            ecep:spe="the"
            ecep:syllab="1"
            ecep:pron="ðiː">the</w>
         <c> </c>
         <w xml:id="o4986-516490"
            n="243-a-0120"
            ecep:lem="moon"
            ecep:pos="ng1"
            ecep:reg="moon's"
            ecep:spe="moon's"
            ecep:syllab="1"
            ecep:pron="ˈmuːnz">moon's</w>
         <c> </c>
         <w xml:id="o4986-516500"
            n="243-a-0130"
            ecep:lem="pale"
            ecep:pos="j"
            ecep:reg="pale"
            ecep:spe="pale"
            ecep:syllab="1"
            ecep:pron="peɪl">pale</w>
         <c> </c>
         <w xml:id="o4986-516510"
            n="243-a-0140"
            ecep:lem="orb"
            ecep:pos="n1"
            ecep:reg="orb"
            ecep:spe="orb"
            ecep:syllab="1"
            ecep:pron="ɔːb">orb</w>
         <c> </c>
         <w xml:id="o4986-516520"
            n="243-a-0150"
            ecep:lem="i"
            ecep:pos="pns11"
            ecep:reg="I"
            ecep:spe="I"
            ecep:syllab="1"
            ecep:pron="aɪ">I</w>
         <c> </c>
         <w xml:id="o4986-516530"
            n="243-a-0160"
            ecep:lem="stray"
            ecep:pos="vvb"
            ecep:reg="stray"
            ecep:spe="stray"
            ecep:syllab="1"
            ecep:pron="streɪ">stray</w>
         <pc xml:id="o4986-516540"
             n="243-a-0170"
             ecep:lem=","
             ecep:pos=","
             ecep:reg=","
             ecep:spe=",">,</pc>
      </l>
      <l xml:id="o4986-l27815">
         <c> </c>
         <w xml:id="o4986-516550"
            n="243-a-0180"
            ecep:lem="soft"
            ecep:pos="j"
            ecep:reg="Soft"
            ecep:spe="Soft"
            ecep:syllab="1"
            ecep:pron="sɒft">Soft</w>
         <c> </c>
         <w xml:id="o4986-516560"
            n="243-a-0190"
            ecep:lem="please"
            ecep:pos="j-vvg"
            ecep:reg="pleasing"
            ecep:spe="pleasing"
            ecep:syllab="2"
            ecep:pron="pliːzɪŋ">pleasing</w>
         <c> </c>
         <w xml:id="o4986-516570"
            n="243-a-0200"
            ecep:lem="woe"
            ecep:pos="n2"
            ecep:reg="woes"
            ecep:spe="woes"
            ecep:syllab="1"
            ecep:pron="wəʊz">woes</w>
         <c> </c>
         <w xml:id="o4986-516580"
            n="243-a-0210"
            ecep:lem="my"
            ecep:pos="po11"
            ecep:reg="my"
            ecep:spe="my"
            ecep:syllab="1"
            ecep:pron="maɪ">my</w>
         <c> </c>
         <w xml:id="o4986-516590"
            n="243-a-0220"
            ecep:lem="heart"
            ecep:pos="n1"
            ecep:reg="heart"
            ecep:spe="heart"
            ecep:syllab="1"
            ecep:pron="hɑːt">heart</w>
         <c> </c>
         <w xml:id="o4986-516600"
            n="243-a-0230"
            ecep:lem="invade"
            ecep:pos="vvi"
            ecep:reg="invade"
            ecep:spe="invade"
            ecep:syllab="2"
            ecep:pron="ɪnˈveɪd">invade</w>
         <pc xml:id="o4986-516610"
             n="243-a-0240"
             ecep:lem=","
             ecep:pos=","
             ecep:reg=","
             ecep:spe=",">,</pc>
      </l>
      <l xml:id="o4986-l27820">
         <c> </c>
         <w xml:id="o4986-516620"
            n="243-a-0250"
            ecep:lem="as"
            ecep:pos="c-acp"
            ecep:reg="As"
            ecep:spe="As"
            ecep:syllab="1"
            ecep:pron="æz">As</w>
         <c> </c>
         <w xml:id="o4986-516630"
            n="243-a-0260"
            ecep:lem="progne"
            ecep:pos="np1"
            ecep:reg="Progne"
            ecep:spe="Progne"
            ecep:syllab="2"
            ecep:pron="prˈɒgnɪ">Progne</w>
         <c> </c>
         <w xml:id="o4986-516640"
            n="243-a-0270"
            ecep:lem="pour"
            ecep:pos="vvz"
            ecep:reg="pours"
            ecep:spe="pours"
            ecep:syllab="1"
            ecep:pron="pɔːz">pours</w>
         <c> </c>
         <w xml:id="o4986-516650"
            n="243-a-0280"
            ecep:lem="the"
            ecep:pos="dt"
            ecep:reg="the"
            ecep:spe="the"
            ecep:syllab="1"
            ecep:pron="ðiː">the</w>
         <c> </c>
         <w xml:id="o4986-516660"
            n="243-a-0290"
            ecep:lem="melt"
            ecep:pos="j-vvg"
            ecep:reg="melting"
            ecep:spe="melting"
            ecep:syllab="2"
            ecep:pron="meltɪŋ">melting</w>
         <c> </c>
         <w xml:id="o4986-516670"
            n="243-a-0300"
            ecep:lem="lay"
            ecep:pos="vvb"
            ecep:reg="lay"
            ecep:spe="lay"
            ecep:syllab="1"
            ecep:pron="leɪ">lay</w>
         <pc xml:id="o4986-516680"
             n="243-a-0310"
             unit="sentence"
             ecep:lem="."
             ecep:pos="."
             ecep:reg="."
             ecep:spe=".">.</pc>
         <c> </c>
      </l>
   </lg>
   <lg xml:id="o4986-s03425">
      <l xml:id="o4986-l27825">
         <w xml:id="o4986-516710"
            n="243-a-0320"
            ecep:lem="from"
            ecep:pos="p-acp"
            ecep:reg="From"
            ecep:spe="From"
            ecep:syllab="1"
            ecep:pron="frɒm">From</w>
         <c> </c>
         <w xml:id="o4986-516720"
            n="243-a-0330"
            ecep:lem="this"
            ecep:pos="d"
            ecep:reg="this"
            ecep:spe="this"
            ecep:syllab="1"
            ecep:pron="ðɪs">this</w>
         <c> </c>
         <w xml:id="o4986-516730"
            n="243-a-0340"
            ecep:lem="capricious"
            ecep:pos="j"
            ecep:reg="capricious"
            ecep:spe="capricious"
            ecep:syllab="3"
            ecep:pron="kəˈprɪʃəs">capricious</w>
         <c> </c>
         <w xml:id="o4986-516740"
            n="243-a-0350"
            ecep:lem="clime"
            ecep:pos="n1"
            ecep:reg="clime"
            ecep:spe="clime"
            ecep:syllab="1"
            ecep:pron="klaɪm">clime</w>
         <c> </c>
         <w xml:id="o4986-516750"
            n="243-a-0360"
            ecep:lem="she"
            ecep:pos="pns31"
            ecep:reg="she"
            ecep:spe="she"
            ecep:syllab="1"
            ecep:pron="ʃiː">she</w>
         <c> </c>
         <w xml:id="o4986-516760"
            n="243-a-0370"
            ecep:lem="soar"
            ecep:pos="vvz"
            ecep:reg="soars"
            ecep:spe="soars"
            ecep:syllab="1"
            ecep:pron="sɔːz">soars</w>
         <pc xml:id="o4986-516770"
             n="243-a-0380"
             ecep:lem=","
             ecep:pos=","
             ecep:reg=","
             ecep:spe=",">,</pc>
      </l>
      <l xml:id="o4986-l27830">
         <c> </c>
         <w xml:id="o4986-516780"
            n="243-a-0390"
            ecep:lem="o"
            ecep:pos="uh"
            ecep:reg="OH"
            ecep:spe="O"
            ecep:syllab="1"
            ecep:pron="əʊ">O</w>
         <pc xml:id="o4986-516785"
             n="243-a-0395"
             ecep:lem="!"
             ecep:pos="!"
             ecep:reg="!"
             ecep:spe="!">!</pc>
         <c> </c>
         <w xml:id="o4986-516790"
            n="243-a-0400"
            ecep:lem="will"
            ecep:pos="vmd"
            ecep:reg="would"
            ecep:spe="would"
            ecep:syllab="1"
            ecep:pron="wʊd">would</w>
         <c> </c>
         <w xml:id="o4986-516800"
            n="243-a-0410"
            ecep:lem="some"
            ecep:pos="d"
            ecep:reg="some"
            ecep:spe="some"
            ecep:syllab="1"
            ecep:pron="sʌm">some</w>
         <c> </c>
         <w xml:id="o4986-516810"
            n="243-a-0420"
            ecep:lem="god"
            ecep:pos="n1"
            ecep:reg="God"
            ecep:spe="God"
            ecep:syllab="1"
            ecep:pron="gɒd">God</w>
         <c> </c>
         <w xml:id="o4986-516820"
            n="243-a-0430"
            ecep:lem="but"
            ecep:pos="p-acp"
            ecep:reg="but"
            ecep:spe="but"
            ecep:syllab="1"
            ecep:pron="bʌt">but</w>
         <c> </c>
         <w xml:id="o4986-516830"
            n="243-a-0440"
            ecep:lem="wing"
            ecep:pos="n2"
            ecep:reg="wings"
            ecep:spe="wings"
            ecep:syllab="1"
            ecep:pron="wɪŋz">wings</w>
         <c> </c>
         <w xml:id="o4986-516840"
            n="243-a-0450"
            ecep:lem="supply"
            ecep:pos="vvi"
            ecep:reg="supply"
            ecep:spe="supply"
            ecep:syllab="2"
            ecep:pron="səˈplaɪ">supply</w>
         <pc xml:id="o4986-516850"
             n="243-a-0460"
             unit="sentence"
             ecep:lem="!"
             ecep:pos="!"
             ecep:reg="!"
             ecep:spe="!">!</pc>
         <c> </c>
      </l>
      <l xml:id="o4986-l27835">
         <w xml:id="o4986-516860"
            n="243-a-0470"
            ecep:lem="to"
            ecep:pos="p-acp"
            ecep:reg="To"
            ecep:spe="To"
            ecep:syllab="1"
            ecep:pron="tuː">To</w>
         <c> </c>
         <w xml:id="o4986-516870"
            n="243-a-0480"
            ecep:lem="where"
            ecep:pos="c-crq"
            ecep:reg="where"
            ecep:spe="where"
            ecep:syllab="1"
            ecep:pron="weə">where</w>
         <c> </c>
         <w xml:id="o4986-516880"
            n="243-a-0490"
            ecep:lem="each"
            ecep:pos="d"
            ecep:reg="each"
            ecep:spe="each"
            ecep:syllab="1"
            ecep:pron="iːtʃ">each</w>
         <c> </c>
         <w xml:id="o4986-516890"
            n="243-a-0500"
            ecep:lem="morn"
            ecep:pos="n1"
            ecep:reg="morn"
            ecep:spe="morn"
            ecep:syllab="1"
            ecep:pron="mɔːn">morn</w>
         <c> </c>
         <w xml:id="o4986-516900"
            n="243-a-0510"
            ecep:lem="the"
            ecep:pos="dt"
            ecep:reg="the"
            ecep:spe="the"
            ecep:syllab="1"
            ecep:pron="ðiː">the</w>
         <c> </c>
         <w xml:id="o4986-516910"
            n="243-a-0520"
            ecep:lem="spring"
            ecep:pos="n1"
            ecep:reg="Spring"
            ecep:spe="Spring"
            ecep:syllab="1"
            ecep:pron="sprɪŋ">Spring</w>
         <c> </c>
         <w xml:id="o4986-516920"
            n="243-a-0530"
            ecep:lem="restore"
            ecep:pos="vvz"
            ecep:reg="restores"
            ecep:spe="restores"
            ecep:syllab="2"
            ecep:pron="rɪˈstɔːz">restores</w>
         <pc xml:id="o4986-516930"
             n="243-a-0540"
             ecep:lem=","
             ecep:pos=","
             ecep:reg=","
             ecep:spe=",">,</pc>
      </l>
      <l xml:id="o4986-l27840">
         <c> </c>
         <w xml:id="o4986-516940"
            n="243-a-0550"
            ecep:lem="companion"
            ecep:pos="n1"
            ecep:reg="Companion"
            ecep:spe="Companion"
            ecep:syllab="3"
            ecep:pron="kəmˈpænjən">Companion</w>
         <c> </c>
         <w xml:id="o4986-516950"
            n="243-a-0560"
            ecep:lem="of"
            ecep:pos="pp-f"
            ecep:reg="of"
            ecep:spe="of"
            ecep:syllab="1"
            ecep:pron="ɒv">of</w>
         <c> </c>
         <w xml:id="o4986-516960"
            n="243-a-0570"
            ecep:lem="her"
            ecep:pos="po31"
            ecep:reg="her"
            ecep:spe="her"
            ecep:syllab="1"
            ecep:pron="hɜː">her</w>
         <c> </c>
         <w xml:id="o4986-516970"
            n="243-a-0580"
            ecep:lem="flight"
            ecep:pos="n1"
            ecep:reg="flight"
            ecep:spe="flight"
            ecep:syllab="1"
            ecep:pron="flaɪt">flight</w>
         <c> </c>
         <w xml:id="o4986-516980"
            n="243-a-0590"
            ecep:lem="i|will"
            ecep:pos="pns11|vmd"
            ecep:reg="I'd"
            ecep:spe="I'd"
            ecep:syllab="1"
            ecep:pron="ˈaɪd">I'd</w>
         <c> </c>
         <w xml:id="o4986-516990"
            n="243-a-0600"
            ecep:lem="fly"
            ecep:pos="vvi"
            ecep:reg="fly"
            ecep:spe="fly"
            ecep:syllab="1"
            ecep:pron="flaɪ">fly</w>
         <pc xml:id="o4986-517000"
             n="243-a-0610"
             unit="sentence"
             ecep:lem="."
             ecep:pos="."
             ecep:reg="."
             ecep:spe=".">.</pc>
         <c> </c>
      </l>
   </lg>
   <lg xml:id="o4986-s03430">
      <l xml:id="o4986-l27845">
         <w xml:id="o4986-517030"
            n="243-a-0620"
            ecep:lem="vain"
            ecep:pos="j"
            ecep:reg="Vain"
            ecep:spe="Vain"
            ecep:syllab="1"
            ecep:pron="veɪn">Vain</w>
         <c> </c>
         <w xml:id="o4986-517040"
            n="243-a-0630"
            ecep:lem="wish"
            ecep:pos="n1"
            ecep:reg="wish"
            ecep:spe="wish"
            ecep:syllab="1"
            ecep:pron="wɪʃ">wish</w>
         <pc xml:id="o4986-517050"
             n="243-a-0640"
             ecep:lem="!"
             ecep:pos="!"
             ecep:reg="!"
             ecep:spe="!">!</pc>
         <c> </c>
         <w xml:id="o4986-517060"
            n="243-a-0650"
            ecep:lem="i"
            ecep:pos="pno11"
            ecep:reg="me"
            ecep:spe="me"
            ecep:syllab="1"
            ecep:pron="miː">me</w>
         <c> </c>
         <w xml:id="o4986-517070"
            n="243-a-0660"
            ecep:lem="fate"
            ecep:pos="n1"
            ecep:reg="Fate"
            ecep:spe="Fate"
            ecep:syllab="1"
            ecep:pron="feɪt">Fate</w>
         <c> </c>
         <w xml:id="o4986-517080"
            n="243-a-0670"
            ecep:lem="compel"
            ecep:pos="vvz"
            ecep:reg="compels"
            ecep:spe="compels"
            ecep:syllab="2"
            ecep:pron="kəmˈpelz">compels</w>
         <c> </c>
         <w xml:id="o4986-517090"
            n="243-a-0680"
            ecep:lem="to"
            ecep:pos="pc-acp"
            ecep:reg="to"
            ecep:spe="to"
            ecep:syllab="1"
            ecep:pron="tuː">to</w>
         <c> </c>
         <w xml:id="o4986-517100"
            n="243-a-0690"
            ecep:lem="bear"
            ecep:pos="vvi"
            ecep:reg="bear"
            ecep:spe="bear"
            ecep:syllab="1"
            ecep:pron="beə">bear</w>
      </l>
      <l xml:id="o4986-l27850">
         <c> </c>
         <w xml:id="o4986-517110"
            n="243-a-0700"
            ecep:lem="the"
            ecep:pos="dt"
            ecep:reg="The"
            ecep:spe="The"
            ecep:syllab="1"
            ecep:pron="ðiː">The</w>
         <c> </c>
         <w xml:id="o4986-517120"
            n="243-a-0710"
            ecep:lem="downward"
            ecep:pos="j"
            ecep:reg="downward"
            ecep:spe="downward"
            ecep:syllab="2"
            ecep:pron="ˈdaʊnwəd">downward</w>
         <c> </c>
         <w xml:id="o4986-517130"
            n="243-a-0720"
            ecep:lem="season"
            ecep:pos="ng1"
            ecep:reg="Season's"
            ecep:spe="Season's"
            ecep:syllab="2"
            ecep:pron="ˈsiːznz">Season's</w>
         <c> </c>
         <w xml:id="o4986-517140"
            n="243-a-0730"
            ecep:lem="iron"
            ecep:pos="n1"
            ecep:reg="iron"
            ecep:spe="iron"
            ecep:syllab="2"
            ecep:pron="æən">iron</w>
         <c> </c>
         <w xml:id="o4986-517150"
            n="243-a-0740"
            ecep:lem="reign"
            ecep:pos="vvi"
            ecep:reg="reign"
            ecep:spe="reign"
            ecep:syllab="1"
            ecep:pron="reɪn">reign</w>
         <pc xml:id="o4986-517160"
             n="243-a-0750"
             ecep:lem=","
             ecep:pos=","
             ecep:reg=","
             ecep:spe=",">,</pc>
      </l>
      <l xml:id="o4986-l27855">
         <c> </c>
         <w xml:id="o4986-517170"
            n="243-a-0760"
            ecep:lem="compel"
            ecep:pos="vvz"
            ecep:reg="Compels"
            ecep:spe="Compels"
            ecep:syllab="2"
            ecep:pron="kəmˈpelz">Compels</w>
         <c> </c>
         <w xml:id="o4986-517180"
            n="243-a-0770"
            ecep:lem="to"
            ecep:pos="pc-acp"
            ecep:reg="to"
            ecep:spe="to"
            ecep:syllab="1"
            ecep:pron="tuː">to</w>
         <c> </c>
         <w xml:id="o4986-517190"
            n="243-a-0780"
            ecep:lem="breathe"
            ecep:pos="vvi"
            ecep:reg="breathe"
            ecep:spe="breathe"
            ecep:syllab="1"
            ecep:pron="briːð">breathe</w>
         <c> </c>
         <w xml:id="o4986-517200"
            n="243-a-0790"
            ecep:lem="pollute"
            ecep:pos="j-vvn"
            ecep:reg="polluted"
            ecep:spe="polluted"
            ecep:syllab="3"
            ecep:pron="pəˈluːtɪd">polluted</w>
         <c> </c>
         <w xml:id="o4986-517210"
            n="243-a-0800"
            ecep:lem="air"
            ecep:pos="n1"
            ecep:reg="air"
            ecep:spe="air"
            ecep:syllab="1"
            ecep:pron="eə">air</w>
         <pc xml:id="o4986-517220"
             n="243-a-0810"
             ecep:lem=","
             ecep:pos=","
             ecep:reg=","
             ecep:spe=",">,</pc>
      </l>
      <l xml:id="o4986-l27860">
         <c> </c>
         <w xml:id="o4986-517230"
            n="243-a-0820"
            ecep:lem="and"
            ecep:pos="cc"
            ecep:reg="And"
            ecep:spe="And"
            ecep:syllab="1"
            ecep:pron="ænd">And</w>
         <c> </c>
         <w xml:id="o4986-517240"
            n="243-a-0830"
            ecep:lem="shiver"
            ecep:pos="vvi"
            ecep:reg="shiver"
            ecep:spe="shiver"
            ecep:syllab="2"
            ecep:pron="ˈʃɪvə">shiver</w>
         <c> </c>
         <w xml:id="o4986-517250"
            n="243-a-0840"
            ecep:lem="on"
            ecep:pos="p-acp"
            ecep:reg="on"
            ecep:spe="on"
            ecep:syllab="1"
            ecep:pron="ɒn">on</w>
         <c> </c>
         <w xml:id="o4986-517260"
            n="243-a-0850"
            ecep:lem="a"
            ecep:pos="dt"
            ecep:reg="a"
            ecep:spe="a"
            ecep:syllab="1"
            ecep:pron="ə">a</w>
         <c> </c>
         <w xml:id="o4986-517270"
            n="243-a-0860"
            ecep:lem="blast"
            ecep:pos="j-vvn"
            ecep:reg="blasted"
            ecep:spe="blasted"
            ecep:syllab="2"
            ecep:pron="blɑːstɪd">blasted</w>
         <c> </c>
         <w xml:id="o4986-517280"
            n="243-a-0870"
            ecep:lem="plain"
            ecep:pos="n1"
            ecep:reg="plain"
            ecep:spe="plain"
            ecep:syllab="1"
            ecep:pron="pleɪn">plain</w>
         <pc xml:id="o4986-517290"
             n="243-a-0880"
             unit="sentence"
             ecep:lem="."
             ecep:pos="."
             ecep:reg="."
             ecep:spe=".">.</pc>
         <c> </c>
      </l>
   </lg>
   <lg xml:id="o4986-s03435">
      <l xml:id="o4986-l27865">
         <w xml:id="o4986-517320"
            n="243-a-0890"
            ecep:lem="what"
            ecep:pos="q-crq"
            ecep:reg="What"
            ecep:spe="What"
            ecep:syllab="1"
            ecep:pron="wɒt">What</w>
         <c> </c>
         <w xml:id="o4986-517330"
            n="243-a-0900"
            ecep:lem="bliss"
            ecep:pos="n1"
            ecep:reg="bliss"
            ecep:spe="bliss"
            ecep:syllab="1"
            ecep:pron="blɪs">bliss</w>
         <c> </c>
         <w xml:id="o4986-517340"
            n="243-a-0910"
            ecep:lem="to"
            ecep:pos="p-acp"
            ecep:reg="to"
            ecep:spe="to"
            ecep:syllab="1"
            ecep:pron="tuː">to</w>
         <c> </c>
         <w xml:id="o4986-517350"
            n="243-a-0920"
            ecep:lem="life"
            ecep:pos="n1"
            ecep:reg="life"
            ecep:spe="life"
            ecep:syllab="1"
            ecep:pron="laɪf">life</w>
         <c> </c>
         <w xml:id="o4986-517360"
            n="243-a-0930"
            ecep:lem="can"
            ecep:pos="vmb"
            ecep:reg="can"
            ecep:spe="can"
            ecep:syllab="1"
            ecep:pron="kæn">can</w>
         <c> </c>
         <w xml:id="o4986-517370"
            n="243-a-0940"
            ecep:lem="autumn"
            ecep:pos="n1"
            ecep:reg="Autumn"
            ecep:spe="Autumn"
            ecep:syllab="2"
            ecep:pron="ˈɔːtəm">Autumn</w>
         <c> </c>
         <w xml:id="o4986-517380"
            n="243-a-0950"
            ecep:lem="yield"
            ecep:pos="vvi"
            ecep:reg="yield"
            ecep:spe="yield"
            ecep:syllab="1"
            ecep:pron="jiːld">yield</w>
         <pc xml:id="o4986-517390"
             n="243-a-0960"
             ecep:lem=","
             ecep:pos=","
             ecep:reg=","
             ecep:spe=",">,</pc>
      </l>
      <l xml:id="o4986-l27870">
         <c> </c>
         <w xml:id="o4986-517400"
            n="243-a-0970"
            ecep:lem="if"
            ecep:pos="cs"
            ecep:reg="If"
            ecep:spe="If"
            ecep:syllab="1"
            ecep:pron="ɪf">If</w>
         <c> </c>
         <w xml:id="o4986-517410"
            n="243-a-0980"
            ecep:lem="gloom"
            ecep:pos="n2"
            ecep:reg="glooms"
            ecep:spe="glooms"
            ecep:syllab="1"
            ecep:pron="gluːmz">glooms</w>
         <pc xml:id="o4986-517420"
             n="243-a-0990"
             ecep:lem=","
             ecep:pos=","
             ecep:reg=","
             ecep:spe=",">,</pc>
         <c> </c>
         <w xml:id="o4986-517430"
            n="243-a-1000"
            ecep:lem="and"
            ecep:pos="cc"
            ecep:reg="and"
            ecep:spe="and"
            ecep:syllab="1"
            ecep:pron="ænd">and</w>
         <c> </c>
         <w xml:id="o4986-517440"
            n="243-a-1010"
            ecep:lem="shower"
            ecep:pos="n2"
            ecep:reg="showers"
            ecep:spe="showers"
            ecep:syllab="1"
            ecep:pron="ˈʃaʊəz">showers</w>
         <pc xml:id="o4986-517450"
             n="243-a-1020"
             ecep:lem=","
             ecep:pos=","
             ecep:reg=","
             ecep:spe=",">,</pc>
         <c> </c>
         <w xml:id="o4986-517460"
            n="243-a-1030"
            ecep:lem="and"
            ecep:pos="cc"
            ecep:reg="and"
            ecep:spe="and"
            ecep:syllab="1"
            ecep:pron="ænd">and</w>
         <c> </c>
         <w xml:id="o4986-517470"
            n="243-a-1040"
            ecep:lem="storm"
            ecep:pos="n2"
            ecep:reg="storms"
            ecep:spe="storms"
            ecep:syllab="1"
            ecep:pron="stɔːmz">storms</w>
         <c> </c>
         <w xml:id="o4986-517480"
            n="243-a-1050"
            ecep:lem="prevail"
            ecep:pos="vvi"
            ecep:reg="prevail"
            ecep:spe="prevail"
            ecep:syllab="2"
            ecep:pron="prɪˈveɪl">prevail</w>
         <pc xml:id="o4986-517490"
             n="243-a-1060"
             ecep:lem=","
             ecep:pos=","
             ecep:reg=","
             ecep:spe=",">,</pc>
      </l>
      <l xml:id="o4986-l27875">
         <c> </c>
         <w xml:id="o4986-517500"
            n="243-a-1070"
            ecep:lem="and"
            ecep:pos="cc"
            ecep:reg="And"
            ecep:spe="And"
            ecep:syllab="1"
            ecep:pron="ænd">And</w>
         <c> </c>
         <w xml:id="o4986-517510"
            n="243-a-1080"
            ecep:lem="Ceres"
            ecep:pos="np1"
            ecep:reg="Crees"
            ecep:spe="Ceres"
            ecep:syllab="2"
            ecep:pron="sɪəz">Ceres</w>
         <c> </c>
         <w xml:id="o4986-517520"
            n="243-a-1090"
            ecep:lem="fly"
            ecep:pos="vvz"
            ecep:reg="flies"
            ecep:spe="flies"
            ecep:syllab="1"
            ecep:pron="flaɪz">flies</w>
         <c> </c>
         <w xml:id="o4986-517530"
            n="243-a-1100"
            ecep:lem="the"
            ecep:pos="dt"
            ecep:reg="the"
            ecep:spe="the"
            ecep:syllab="1"
            ecep:pron="ðiː">the</w>
         <c> </c>
         <w xml:id="o4986-517540"
            n="243-a-1110"
            ecep:lem="naked"
            ecep:pos="j"
            ecep:reg="naked"
            ecep:spe="naked"
            ecep:syllab="2"
            ecep:pron="ˈneɪkɪd">naked</w>
         <c> </c>
         <w xml:id="o4986-517550"
            n="243-a-1120"
            ecep:lem="field"
            ecep:pos="n1"
            ecep:reg="field"
            ecep:spe="field"
            ecep:syllab="1"
            ecep:pron="ˈfiːld">field</w>
         <pc xml:id="o4986-517560"
             n="243-a-1130"
             ecep:lem=","
             ecep:pos=","
             ecep:reg=","
             ecep:spe=",">,</pc>
      </l>
      <l xml:id="o4986-l27880">
         <c> </c>
         <w xml:id="o4986-517570"
            n="243-a-1140"
            ecep:lem="and"
            ecep:pos="cc"
            ecep:reg="And"
            ecep:spe="And"
            ecep:syllab="1"
            ecep:pron="ænd">And</w>
         <c> </c>
         <w xml:id="o4986-517580"
            n="243-a-1150"
            ecep:lem="flower"
            ecep:pos="n2"
            ecep:reg="flowers"
            ecep:spe="flowers"
            ecep:syllab="1"
            ecep:pron="flæəz">flowers</w>
         <pc xml:id="o4986-517590"
             n="243-a-1160"
             ecep:lem=","
             ecep:pos=","
             ecep:reg=","
             ecep:spe=",">,</pc>
         <c> </c>
         <w xml:id="o4986-517600"
            n="243-a-1170"
            ecep:lem="and"
            ecep:pos="cc"
            ecep:reg="and"
            ecep:spe="and"
            ecep:syllab="1"
            ecep:pron="ænd">and</w>
         <c> </c>
         <w xml:id="o4986-517610"
            n="243-a-1180"
            ecep:lem="fruit"
            ecep:pos="n2"
            ecep:reg="fruits"
            ecep:spe="fruits"
            ecep:syllab="1"
            ecep:pron="fruːts">fruits</w>
         <pc xml:id="o4986-517620"
             n="243-a-1190"
             ecep:lem=","
             ecep:pos=","
             ecep:reg=","
             ecep:spe=",">,</pc>
         <c> </c>
         <w xml:id="o4986-517630"
            n="243-a-1200"
            ecep:lem="and"
            ecep:pos="cc"
            ecep:reg="and"
            ecep:spe="and"
            ecep:syllab="1"
            ecep:pron="ænd">and</w>
         <c> </c>
         <w xml:id="o4986-517640"
            n="243-a-1210"
            ecep:lem="Phoebus"
            ecep:pos="np1"
            ecep:reg="Phoebus"
            ecep:spe="Phoebus"
            ecep:syllab="2"
            ecep:pron="ˈfiːbəs">Phoebus</w>
         <c> </c>
         <w xml:id="o4986-517650"
            n="243-a-1220"
            ecep:lem="fail"
            ecep:pos="vvi"
            ecep:reg="fail"
            ecep:spe="fail"
            ecep:syllab="1"
            ecep:pron="feɪl">fail</w>
         <pc xml:id="o4986-517660"
             n="243-a-1230"
             unit="sentence"
             ecep:lem="?"
             ecep:pos="?"
             ecep:reg="?"
             ecep:spe="?">?</pc>
         <c> </c>
      </l>
   </lg>
   <lg xml:id="o4986-s03440">
      <l xml:id="o4986-l27885">
         <w xml:id="o4986-517690"
            n="243-a-1240"
            ecep:lem="oh"
            ecep:pos="uh"
            ecep:reg="O"
            ecep:spe="Oh"
            ecep:syllab="1"
            ecep:pron="əʊ">Oh</w>
         <pc xml:id="o4986-517695"
             n="243-a-1245"
             ecep:lem="!"
             ecep:pos="!"
             ecep:reg="!"
             ecep:spe="!">!</pc>
         <c> </c>
         <w xml:id="o4986-517700"
            n="243-a-1250"
            ecep:lem="what"
            ecep:pos="q-crq"
            ecep:reg="what"
            ecep:spe="what"
            ecep:syllab="1"
            ecep:pron="wɒt">what</w>
         <c> </c>
         <w xml:id="o4986-517710"
            n="243-a-1260"
            ecep:lem="remain"
            ecep:pos="vvz"
            ecep:reg="remains"
            ecep:spe="remains"
            ecep:syllab="2"
            ecep:pron="rɪˈmeɪnz">remains</w>
         <pc xml:id="o4986-517720"
             n="243-a-1270"
             ecep:lem=","
             ecep:pos=","
             ecep:reg=","
             ecep:spe=",">,</pc>
         <c> </c>
         <w xml:id="o4986-517730"
            n="243-a-1280"
            ecep:lem="what"
            ecep:pos="r-crq"
            ecep:reg="what"
            ecep:spe="what"
            ecep:syllab="1"
            ecep:pron="wɒt">what</w>
         <c> </c>
         <w xml:id="o4986-517740"
            n="243-a-1290"
            ecep:lem="linger"
            ecep:pos="vvz"
            ecep:reg="lingers"
            ecep:spe="lingers"
            ecep:syllab="2"
            ecep:pron="ˈlɪŋgəz">lingers</w>
         <c> </c>
         <w xml:id="o4986-517750"
            n="243-a-1300"
            ecep:lem="yet"
            ecep:pos="av"
            ecep:reg="yet"
            ecep:spe="yet"
            ecep:syllab="1"
            ecep:pron="jet">yet</w>
      </l>
      <l xml:id="o4986-l27890">
         <c> </c>
         <w xml:id="o4986-517760"
            n="243-a-1310"
            ecep:lem="to"
            ecep:pos="pc-acp"
            ecep:reg="To"
            ecep:spe="To"
            ecep:syllab="1"
            ecep:pron="tuː">To</w>
         <c> </c>
         <w xml:id="o4986-517770"
            n="243-a-1320"
            ecep:lem="cheer"
            ecep:pos="vvi"
            ecep:reg="cheer"
            ecep:spe="cheer"
            ecep:syllab="1"
            ecep:pron="tʃɪə">cheer</w>
         <c> </c>
         <w xml:id="o4986-517780"
            n="243-a-1330"
            ecep:lem="i"
            ecep:pos="pno11"
            ecep:reg="me"
            ecep:spe="me"
            ecep:syllab="1"
            ecep:pron="miː">me</w>
         <c> </c>
         <w xml:id="o4986-517790"
            n="243-a-1340"
            ecep:lem="in"
            ecep:pos="p-acp"
            ecep:reg="in"
            ecep:spe="in"
            ecep:syllab="1"
            ecep:pron="ɪn">in</w>
         <c> </c>
         <w xml:id="o4986-517800"
            n="243-a-1350"
            ecep:lem="the"
            ecep:pos="dt"
            ecep:reg="the"
            ecep:spe="the"
            ecep:syllab="1"
            ecep:pron="ðiː">the</w>
         <c> </c>
         <w xml:id="o4986-517810"
            n="243-a-1360"
            ecep:lem="darken"
            ecep:pos="j-vvg"
            ecep:reg="darkening"
            ecep:spe="darkening"
            ecep:syllab="3"
            ecep:pron="ˈdɑːknɪŋ">darkening</w>
         <c> </c>
         <w xml:id="o4986-517820"
            n="243-a-1370"
            ecep:lem="hour"
            ecep:pos="n1"
            ecep:reg="hour"
            ecep:spe="hour"
            ecep:syllab="1"
            ecep:pron="æə">hour</w>
         <pc xml:id="o4986-517830"
             n="243-a-1380"
             unit="sentence"
             ecep:lem="?"
             ecep:pos="?"
             ecep:reg="?"
             ecep:spe="?">?</pc>
         <c> </c>
      </l>
      <l xml:id="o4986-l27895">
         <w xml:id="o4986-517840"
            n="243-a-1390"
            ecep:lem="the"
            ecep:pos="dt"
            ecep:reg="The"
            ecep:spe="The"
            ecep:syllab="1"
            ecep:pron="ðiː">The</w>
         <c> </c>
         <w xml:id="o4986-517850"
            n="243-a-1400"
            ecep:lem="grape"
            ecep:pos="n1"
            ecep:reg="Grape"
            ecep:spe="Grape"
            ecep:syllab="1"
            ecep:pron="greɪp">Grape</w>
         <c> </c>
         <w xml:id="o4986-517860"
            n="243-a-1410"
            ecep:lem="remain"
            ecep:pos="vvz"
            ecep:reg="remains"
            ecep:spe="remains"
            ecep:syllab="2"
            ecep:pron="rɪˈmeɪnz">remains</w>
         <pc xml:id="o4986-517870"
             n="243-a-1420"
             ecep:lem="!"
             ecep:pos="!"
             ecep:reg="!"
             ecep:spe="!">!</pc>
         <c> </c>
         <w xml:id="o4986-517880"
            n="243-a-1430"
            ecep:lem="the"
            ecep:pos="dt"
            ecep:reg="the"
            ecep:spe="the"
            ecep:syllab="1"
            ecep:pron="ðiː">the</w>
         <c> </c>
         <w xml:id="o4986-517890"
            n="243-a-1440"
            ecep:lem="friend"
            ecep:pos="n1"
            ecep:reg="friend"
            ecep:spe="friend"
            ecep:syllab="1"
            ecep:pron="frend">friend</w>
         <c> </c>
         <w xml:id="o4986-517900"
            n="243-a-1450"
            ecep:lem="of"
            ecep:pos="pp-f"
            ecep:reg="of"
            ecep:spe="of"
            ecep:syllab="1"
            ecep:pron="ɒv">of</w>
         <c> </c>
         <w xml:id="o4986-517910"
            n="243-a-1460"
            ecep:lem="wit"
            ecep:pos="n1"
            ecep:reg="Wit"
            ecep:spe="Wit"
            ecep:syllab="1"
            ecep:pron="wɪt">Wit</w>
         <pc xml:id="o4986-517920"
             n="243-a-1470"
             ecep:lem=","
             ecep:pos=","
             ecep:reg=","
             ecep:spe=",">,</pc>
      </l>
      <l xml:id="o4986-l27900">
         <c> </c>
         <w xml:id="o4986-517930"
            n="243-a-1480"
            ecep:lem="in"
            ecep:pos="p-acp"
            ecep:reg="In"
            ecep:spe="In"
            ecep:syllab="1"
            ecep:pron="ɪn">In</w>
         <c> </c>
         <w xml:id="o4986-517940"
            n="243-a-1490"
            ecep:lem="love"
            ecep:pos="n1"
            ecep:reg="Love"
            ecep:spe="Love"
            ecep:syllab="1"
            ecep:pron="lʌv">Love</w>
         <c> </c>
         <w xml:id="o4986-517950"
            n="243-a-1500"
            ecep:lem="and"
            ecep:pos="cc"
            ecep:reg="and"
            ecep:spe="and"
            ecep:syllab="1"
            ecep:pron="ænd">and</w>
         <c> </c>
         <w xml:id="o4986-517960"
            n="243-a-1510"
            ecep:lem="mirth"
            ecep:pos="n1"
            ecep:reg="Mirth"
            ecep:spe="Mirth"
            ecep:syllab="1"
            ecep:pron="mɜːθ">Mirth</w>
         <c> </c>
         <w xml:id="o4986-517970"
            n="243-a-1520"
            ecep:lem="of"
            ecep:pos="pp-f"
            ecep:reg="of"
            ecep:spe="of"
            ecep:syllab="1"
            ecep:pron="ɒv">of</w>
         <c> </c>
         <w xml:id="o4986-517980"
            n="243-a-1530"
            ecep:lem="mighty"
            ecep:pos="j"
            ecep:reg="mighty"
            ecep:spe="mighty"
            ecep:syllab="2"
            ecep:pron="ˈmaɪti">mighty</w>
         <c> </c>
         <w xml:id="o4986-517990"
            n="243-a-1540"
            ecep:lem="power"
            ecep:pos="n1"
            ecep:reg="power"
            ecep:spe="power"
            ecep:syllab="1"
            ecep:pron="ˈpaʊə">power</w>
         <pc xml:id="o4986-518000"
             n="243-a-1550"
             unit="sentence"
             ecep:lem="."
             ecep:pos="."
             ecep:reg="."
             ecep:spe=".">.</pc>
         <c> </c>
      </l>
   </lg>
   <lg xml:id="o4986-s03445">
      <l xml:id="o4986-l27905">
         <w xml:id="o4986-518030"
            n="243-a-1560"
            ecep:lem="haste"
            ecep:pos="n1"
            ecep:reg="Haste"
            ecep:spe="Haste"
            ecep:syllab="1"
            ecep:pron="heɪst">Haste</w>
         <pc xml:id="o4986-518040"
             n="243-a-1570"
             ecep:lem=","
             ecep:pos=","
             ecep:reg=","
             ecep:spe=",">,</pc>
         <c> </c>
         <w xml:id="o4986-518050"
            n="243-a-1580"
            ecep:lem="press"
            ecep:pos="vvb"
            ecep:reg="press"
            ecep:spe="press"
            ecep:syllab="1"
            ecep:pron="pres">press</w>
         <c> </c>
         <w xml:id="o4986-518060"
            n="243-a-1590"
            ecep:lem="the"
            ecep:pos="dt"
            ecep:reg="the"
            ecep:spe="the"
            ecep:syllab="1"
            ecep:pron="ðiː">the</w>
         <c> </c>
         <w xml:id="o4986-518070"
            n="243-a-1600"
            ecep:lem="cluster"
            ecep:pos="n2"
            ecep:reg="clusters"
            ecep:spe="clusters"
            ecep:syllab="2"
            ecep:pron="ˈklʌstəz">clusters</w>
         <pc xml:id="o4986-518080"
             n="243-a-1610"
             ecep:lem=","
             ecep:pos=","
             ecep:reg=","
             ecep:spe=",">,</pc>
         <c> </c>
         <w xml:id="o4986-518090"
            n="243-a-1620"
            ecep:lem="fill"
            ecep:pos="vvb"
            ecep:reg="fill"
            ecep:spe="fill"
            ecep:syllab="1"
            ecep:pron="fɪl">fill</w>
         <c> </c>
         <w xml:id="o4986-518100"
            n="243-a-1630"
            ecep:lem="the"
            ecep:pos="dt"
            ecep:reg="the"
            ecep:spe="the"
            ecep:syllab="1"
            ecep:pron="ðiː">the</w>
         <c> </c>
         <w xml:id="o4986-518110"
            n="243-a-1640"
            ecep:lem="bowl"
            ecep:pos="n1"
            ecep:reg="bowl"
            ecep:spe="bowl"
            ecep:syllab="1"
            ecep:pron="bəʊl">bowl</w>
         <c> </c>
         <pc xml:id="o4986-518120"
             n="243-a-1650"
             ecep:lem="—"
             ecep:pos="—"
             ecep:reg="—"
             ecep:spe="—">—</pc>
      </l>
      <l xml:id="o4986-l27910">
         <c> </c>
         <w xml:id="o4986-518130"
            n="243-a-1660"
            ecep:lem="Apollo"
            ecep:pos="np1"
            ecep:reg="Apollo"
            ecep:spe="Apollo"
            ecep:syllab="3"
            ecep:pron="əˈpɒləʊ">Apollo</w>
         <pc xml:id="o4986-518140"
             n="243-a-1670"
             ecep:lem="!"
             ecep:pos="!"
             ecep:reg="!"
             ecep:spe="!">!</pc>
         <c> </c>
         <w xml:id="o4986-518150"
            n="243-a-1680"
            ecep:lem="shoot"
            ecep:pos="vvb"
            ecep:reg="shoot"
            ecep:spe="shoot"
            ecep:syllab="1"
            ecep:pron="ʃuːt">shoot</w>
         <c> </c>
         <w xml:id="o4986-518160"
            n="243-a-1690"
            ecep:lem="thy"
            ecep:pos="po21"
            ecep:reg="thy"
            ecep:spe="thy"
            ecep:syllab="1"
            ecep:pron="ðaɪ">thy</w>
         <c> </c>
         <w xml:id="o4986-518170"
            n="243-a-1700"
            ecep:lem="part"
            ecep:pos="j-vvg"
            ecep:reg="parting"
            ecep:spe="parting"
            ecep:syllab="2"
            ecep:pron="ˈpɑːtɪŋ">parting</w>
         <c> </c>
         <w xml:id="o4986-518180"
            n="243-a-1710"
            ecep:lem="ray"
            ecep:pos="n1"
            ecep:reg="ray"
            ecep:spe="ray"
            ecep:syllab="1"
            ecep:pron="reɪ">ray</w>
         <pc xml:id="o4986-518190"
             n="243-a-1720"
             ecep:lem=";"
             ecep:pos=";"
             ecep:reg=";"
             ecep:spe=";">;</pc>
      </l>
      <l xml:id="o4986-l27915">
         <c> </c>
         <w xml:id="o4986-518200"
            n="243-a-1730"
            ecep:lem="this"
            ecep:pos="d"
            ecep:reg="This"
            ecep:spe="This"
            ecep:syllab="1"
            ecep:pron="ðɪs">This</w>
         <c> </c>
         <w xml:id="o4986-518210"
            n="243-a-1740"
            ecep:lem="give"
            ecep:pos="vvz"
            ecep:reg="gives"
            ecep:spe="gives"
            ecep:syllab="1"
            ecep:pron="gɪvz">gives</w>
         <c> </c>
         <w xml:id="o4986-518220"
            n="243-a-1750"
            ecep:lem="the"
            ecep:pos="dt"
            ecep:reg="the"
            ecep:spe="the"
            ecep:syllab="1"
            ecep:pron="ðiː">the</w>
         <c> </c>
         <w xml:id="o4986-518230"
            n="243-a-1760"
            ecep:lem="sunshine"
            ecep:pos="n1"
            ecep:reg="sunshine"
            ecep:spe="sunshine"
            ecep:syllab="2"
            ecep:pron="ˈsʌnʃaɪn">sunshine</w>
         <c> </c>
         <w xml:id="o4986-518240"
            n="243-a-1770"
            ecep:lem="of"
            ecep:pos="pp-f"
            ecep:reg="of"
            ecep:spe="of"
            ecep:syllab="1"
            ecep:pron="ɒv">of</w>
         <c> </c>
         <w xml:id="o4986-518250"
            n="243-a-1780"
            ecep:lem="the"
            ecep:pos="dt"
            ecep:reg="the"
            ecep:spe="the"
            ecep:syllab="1"
            ecep:pron="ðiː">the</w>
         <c> </c>
         <w xml:id="o4986-518260"
            n="243-a-1790"
            ecep:lem="soul"
            ecep:pos="n1"
            ecep:reg="soul"
            ecep:spe="soul"
            ecep:syllab="1"
            ecep:pron="səʊl">soul</w>
         <pc xml:id="o4986-518270"
             n="243-a-1800"
             ecep:lem=","
             ecep:pos=","
             ecep:reg=","
             ecep:spe=",">,</pc>
      </l>
      <l xml:id="o4986-l27920">
         <c> </c>
         <w xml:id="o4986-518280"
            n="243-a-1810"
            ecep:lem="this"
            ecep:pos="d"
            ecep:reg="This"
            ecep:spe="This"
            ecep:syllab="1"
            ecep:pron="ðɪs">This</w>
         <pc xml:id="o4986-518290"
             n="243-a-1820"
             ecep:lem=","
             ecep:pos=","
             ecep:reg=","
             ecep:spe=",">,</pc>
         <c> </c>
         <w xml:id="o4986-518300"
            n="243-a-1830"
            ecep:lem="god"
            ecep:pos="n1"
            ecep:reg="God"
            ecep:spe="God"
            ecep:syllab="1"
            ecep:pron="gɒd">God</w>
         <c> </c>
         <w xml:id="o4986-518310"
            n="243-a-1840"
            ecep:lem="of"
            ecep:pos="pp-f"
            ecep:reg="of"
            ecep:spe="of"
            ecep:syllab="1"
            ecep:pron="ɒv">of</w>
         <c> </c>
         <w xml:id="o4986-518320"
            n="243-a-1850"
            ecep:lem="health"
            ecep:pos="n1"
            ecep:reg="Health"
            ecep:spe="Health"
            ecep:syllab="1"
            ecep:pron="helθ">Health</w>
         <pc xml:id="o4986-518330"
             n="243-a-1860"
             ecep:lem=","
             ecep:pos=","
             ecep:reg=","
             ecep:spe=",">,</pc>
         <c> </c>
         <w xml:id="o4986-518340"
            n="243-a-1870"
            ecep:lem="and"
            ecep:pos="cc"
            ecep:reg="and"
            ecep:spe="and"
            ecep:syllab="1"
            ecep:pron="ænd">and</w>
         <c> </c>
         <w xml:id="o4986-518350"
            n="243-a-1880"
            ecep:lem="verse"
            ecep:pos="n1"
            ecep:reg="Verse"
            ecep:spe="Verse"
            ecep:syllab="1"
            ecep:pron="vɜːs">Verse</w>
         <pc xml:id="o4986-518360"
             n="243-a-1890"
             ecep:lem=","
             ecep:pos=","
             ecep:reg=","
             ecep:spe=",">,</pc>
         <c> </c>
         <w xml:id="o4986-518370"
            n="243-a-1900"
            ecep:lem="and"
            ecep:pos="cc"
            ecep:reg="and"
            ecep:spe="and"
            ecep:syllab="1"
            ecep:pron="ænd">and</w>
         <c> </c>
         <w xml:id="o4986-518380"
            n="243-a-1910"
            ecep:lem="day"
            ecep:pos="n1"
            ecep:reg="Day"
            ecep:spe="Day"
            ecep:syllab="1"
            ecep:pron="deɪ">Day</w>
         <pc xml:id="o4986-518390"
             n="243-a-1920"
             unit="sentence"
             ecep:lem="."
             ecep:pos="."
             ecep:reg="."
             ecep:spe=".">.</pc>
         <c> </c>
      </l>
   </lg>
   <pb facs="o4986/0244" n="242" rend="none"/>
   <lg xml:id="o4986-s03450">
      <l xml:id="o4986-l27925">
         <w xml:id="o4986-518420"
            n="244-a-0010"
            ecep:lem="still"
            ecep:pos="j"
            ecep:reg="Still"
            ecep:spe="Still"
            ecep:syllab="1"
            ecep:pron="stɪl">Still</w>
         <pc xml:id="o4986-518430"
             n="244-a-0020"
             ecep:lem=","
             ecep:pos=","
             ecep:reg=","
             ecep:spe=",">,</pc>
         <c> </c>
         <w xml:id="o4986-518440"
            n="244-a-0030"
            ecep:lem="still"
            ecep:pos="av"
            ecep:reg="still"
            ecep:spe="still"
            ecep:syllab="1"
            ecep:pron="stɪl">still</w>
         <pc xml:id="o4986-518450"
             n="244-a-0040"
             ecep:lem=","
             ecep:pos=","
             ecep:reg=","
             ecep:spe=",">,</pc>
         <c> </c>
         <w xml:id="o4986-518460"
            n="244-a-0050"
            ecep:lem="the"
            ecep:pos="dt"
            ecep:reg="the"
            ecep:spe="the"
            ecep:syllab="1"
            ecep:pron="ðiː">the</w>
         <c> </c>
         <w xml:id="o4986-518470"
            n="244-a-0060"
            ecep:lem="jocund"
            ecep:pos="j"
            ecep:reg="jocund"
            ecep:spe="jocund"
            ecep:syllab="2"
            ecep:pron="ˈdʒɒkənd">jocund</w>
         <c> </c>
         <w xml:id="o4986-518480"
            n="244-a-0070"
            ecep:lem="strain"
            ecep:pos="n1"
            ecep:reg="strain"
            ecep:spe="strain"
            ecep:syllab="1"
            ecep:pron="streɪn">strain</w>
         <c> </c>
         <w xml:id="o4986-518490"
            n="244-a-0080"
            ecep:lem="shall"
            ecep:pos="vmb"
            ecep:reg="shall"
            ecep:spe="shall"
            ecep:syllab="1"
            ecep:pron="ʃæl">shall</w>
         <c> </c>
         <w xml:id="o4986-518500"
            n="244-a-0090"
            ecep:lem="flow"
            ecep:pos="vvi"
            ecep:reg="flow"
            ecep:spe="flow"
            ecep:syllab="1"
            ecep:pron="fləʊ">flow</w>
         <pc xml:id="o4986-518510"
             n="244-a-0100"
             ecep:lem=","
             ecep:pos=","
             ecep:reg=","
             ecep:spe=",">,</pc>
      </l>
      <l xml:id="o4986-l27930">
         <c> </c>
         <w xml:id="o4986-518520"
            n="244-a-0110"
            ecep:lem="the"
            ecep:pos="dt"
            ecep:reg="The"
            ecep:spe="The"
            ecep:syllab="1"
            ecep:pron="ðiː">The</w>
         <c> </c>
         <w xml:id="o4986-518530"
            n="244-a-0120"
            ecep:lem="pulse"
            ecep:pos="n1"
            ecep:reg="pulse"
            ecep:spe="pulse"
            ecep:syllab="1"
            ecep:pron="pʌls">pulse</w>
         <c> </c>
         <w xml:id="o4986-518540"
            n="244-a-0130"
            ecep:lem="with"
            ecep:pos="p-acp"
            ecep:reg="with"
            ecep:spe="with"
            ecep:syllab="1"
            ecep:pron="wɪð">with</w>
         <c> </c>
         <w xml:id="o4986-518550"
            n="244-a-0140"
            ecep:lem="vigorous"
            ecep:pos="j"
            ecep:reg="vigorous"
            ecep:spe="vigorous"
            ecep:syllab="3"
            ecep:pron="ˈvɪgrəs">vigorous</w>
         <c> </c>
         <w xml:id="o4986-518560"
            n="244-a-0150"
            ecep:lem="rapture"
            ecep:pos="n1"
            ecep:reg="rapture"
            ecep:spe="rapture"
            ecep:syllab="2"
            ecep:pron="ˈræptʃə">rapture</w>
         <c> </c>
         <w xml:id="o4986-518570"
            n="244-a-0160"
            ecep:lem="beat"
            ecep:pos="vvi"
            ecep:reg="beat"
            ecep:spe="beat"
            ecep:syllab="1"
            ecep:pron="biːt">beat</w>
         <pc xml:id="o4986-518580"
             n="244-a-0170"
             ecep:lem=";"
             ecep:pos=";"
             ecep:reg=";"
             ecep:spe=";">;</pc>
      </l>
      <l xml:id="o4986-l27935">
         <c> </c>
         <w xml:id="o4986-518590"
            n="244-a-0180"
            ecep:lem="my"
            ecep:pos="po11"
            ecep:reg="My"
            ecep:spe="My"
            ecep:syllab="1"
            ecep:pron="maɪ">My</w>
         <c> </c>
         <w xml:id="o4986-518600"
            n="244-a-0190"
            ecep:lem="Stella"
            ecep:pos="np1"
            ecep:reg="STELLA"
            ecep:spe="STELLA"
            ecep:syllab="2"
            ecep:pron="ˈstelə">STELLA</w>
         <c> </c>
         <w xml:id="o4986-518610"
            n="244-a-0200"
            ecep:lem="with"
            ecep:pos="p-acp"
            ecep:reg="with"
            ecep:spe="with"
            ecep:syllab="1"
            ecep:pron="wɪð">with</w>
         <c> </c>
         <w xml:id="o4986-518620"
            n="244-a-0210"
            ecep:lem="new"
            ecep:pos="j"
            ecep:reg="new"
            ecep:spe="new"
            ecep:syllab="1"
            ecep:pron="njuː">new</w>
         <c> </c>
         <w xml:id="o4986-518630"
            n="244-a-0220"
            ecep:lem="charm"
            ecep:pos="n2"
            ecep:reg="charms"
            ecep:spe="charms"
            ecep:syllab="1"
            ecep:pron="tʃɑːmz">charms</w>
         <c> </c>
         <w xml:id="o4986-518640"
            n="244-a-0230"
            ecep:lem="shall"
            ecep:pos="vmb"
            ecep:reg="shall"
            ecep:spe="shall"
            ecep:syllab="1"
            ecep:pron="ʃæl">shall</w>
         <c> </c>
         <w xml:id="o4986-518650"
            n="244-a-0240"
            ecep:lem="glow"
            ecep:pos="vvi"
            ecep:reg="glow"
            ecep:spe="glow"
            ecep:syllab="1"
            ecep:pron="gləʊ">glow</w>
         <pc xml:id="o4986-518660"
             n="244-a-0250"
             ecep:lem=","
             ecep:pos=","
             ecep:reg=","
             ecep:spe=",">,</pc>
      </l>
      <l xml:id="o4986-l27940">
         <c> </c>
         <w xml:id="o4986-518670"
            n="244-a-0260"
            ecep:lem="and"
            ecep:pos="cc"
            ecep:reg="And"
            ecep:spe="And"
            ecep:syllab="1"
            ecep:pron="ænd">And</w>
         <c> </c>
         <w xml:id="o4986-518680"
            n="244-a-0270"
            ecep:lem="every"
            ecep:pos="d"
            ecep:reg="every"
            ecep:spe="every"
            ecep:syllab="2"
            ecep:pron="ˈevri">every</w>
         <c> </c>
         <w xml:id="o4986-518690"
            n="244-a-0280"
            ecep:lem="bliss"
            ecep:pos="n1"
            ecep:reg="bliss"
            ecep:spe="bliss"
            ecep:syllab="1"
            ecep:pron="blɪs">bliss</w>
         <c> </c>
         <w xml:id="o4986-518700"
            n="244-a-0290"
            ecep:lem="in"
            ecep:pos="p-acp"
            ecep:reg="in"
            ecep:spe="in"
            ecep:syllab="1"
            ecep:pron="ɪn">in</w>
         <c> </c>
         <w xml:id="o4986-518710"
            n="244-a-0300"
            ecep:lem="wine"
            ecep:pos="n1"
            ecep:reg="wine"
            ecep:spe="wine"
            ecep:syllab="1"
            ecep:pron="waɪn">wine</w>
         <c> </c>
         <w xml:id="o4986-518720"
            n="244-a-0310"
            ecep:lem="shall"
            ecep:pos="vmb"
            ecep:reg="shall"
            ecep:spe="shall"
            ecep:syllab="1"
            ecep:pron="ʃæl">shall</w>
         <c> </c>
         <w xml:id="o4986-518730"
            n="244-a-0320"
            ecep:lem="meet"
            ecep:pos="vvi"
            ecep:reg="meet"
            ecep:spe="meet"
            ecep:syllab="1"
            ecep:pron="miːt">meet</w>
         <pc xml:id="o4986-518740"
             n="244-a-0330"
             unit="sentence"
             ecep:lem="."
             ecep:pos="."
             ecep:reg="."
             ecep:spe=".">.</pc>
         <c> </c>
      </l>
   </lg>
</div>
