<?xml version="1.0" encoding="UTF-8"?>
<?xml-model href="../tei_all.rnc" type="application/relax-ng-compact-syntax"?>
<TEI xmlns="http://www.tei-c.org/ns/1.0">
   <teiHeader>
      <fileDesc>
         <titleStmt>
            <title corresp="#txt_LittJa1759_w0039">ON READING LADY MARY MONTAGUE AND MRS. ROWE'S LETTERS.</title>
            <author corresp="authors.xml#aut_LittJa1759">Janet Little (later Richmond)</author>
            <respStmt>
               <name xml:id="AH">Alexander Huber</name>
               <resp>Editor</resp>
            </respStmt>
            <funder>
               <name type="institution" xml:id="BOD">Bodleian Libraries, University of Oxford</name>
               <address>
                  <addrLine>Broad Street</addrLine>
                  <addrLine>Oxford OX1 3BG</addrLine>
                  <addrLine>UK</addrLine>
               </address>
            </funder>
         </titleStmt>
         <publicationStmt>
            <publisher xml:id="ECPA">Eighteenth-Century Poetry Archive</publisher>
            <address>
               <addrLine>Taylor Institution Library</addrLine>
               <addrLine>St Giles'</addrLine>
               <addrLine>Oxford OX1 3NA</addrLine>
               <addrLine>UK</addrLine>
               <addrLine>
                  <email>info@eighteenthcenturypoetry.org</email>
               </addrLine>
               <addrLine>
                  <ref target="https://www.eighteenthcenturypoetry.org/">https://www.eighteenthcenturypoetry.org/</ref>
               </addrLine>
            </address>
            <pubPlace>Oxford</pubPlace>
            <availability status="restricted">
               <licence target="http://creativecommons.org/licenses/by-sa/3.0/">This work is licensed under a Creative Commons Attribution-ShareAlike 3.0 Unported License.</licence>
            </availability>
            <idno type="ESTC">T126549</idno>
         </publicationStmt>
         <sourceDesc>
            <bibl>
               <author>Little, Janet, 1759-1813.</author>
               <title>The Poetical Works of Janet Little, the Scotch Milkmaid.</title>
               <pubPlace>Air</pubPlace>
               <publisher>Printed by John &amp; Peter Wilson</publisher>
               <date>1792</date>
               <biblScope>pp. [153]-154.</biblScope>
               <extent/>
            </bibl>
         </sourceDesc>
      </fileDesc>
      <encodingDesc>
         <projectDesc>
            <p>This e-text is part of the Works section of the Eighteenth-Century Poetry Archive (ECPA).</p>
            <p>XML created for the Eighteenth-Century Poetry Archive (ECPA).</p>
         </projectDesc>
         <editorialDecl>
            <p>Typography, spelling, capitalization, and punctuation have been cautiously modernized. The source of the text is given and all significant
						editorial interventions have been recorded in textual notes. This  text has been edited to conform to the recommendations found 
						in Level 5 of the
						Best Practices for TEI in Libraries version 4.0.0.
					</p>
         </editorialDecl>
         <classDecl>
            <taxonomy xml:id="LCNAF">
               <bibl>Library of Congress Name Authority File (<abbr>LCNAF</abbr>)</bibl>
            </taxonomy>
         </classDecl>
         <tagsDecl>
            <rendition n="linegroups indented" xml:id="lgindent" scheme="css">text-indent: 1em;</rendition>
            <rendition n="linegroups vertically spaced" xml:id="lgvspace" scheme="css">margin-bottom: 1em;</rendition>
            <rendition n="aligned centrally" xml:id="align-center" scheme="css">text-align: center;</rendition>
            <rendition n="aligned right" xml:id="align-right" scheme="css">text-align: right;</rendition>
            <rendition n="aligned left" xml:id="align-left" scheme="css">text-align: left;</rendition>
            <rendition n="inline" xml:id="inline" scheme="css">display: inline</rendition>
            <rendition n="italic" xml:id="i" scheme="css">font-style: italic;</rendition>
            <rendition n="bold" xml:id="b" scheme="css">font-weight: bold;</rendition>
         </tagsDecl>
      </encodingDesc>
   </teiHeader>
   <text>
      <body>
         <div xmlns:ecep="http://www.eighteenthcenturypoetry.org/ns"
              ana="#anapaest #tetrameter #trimeter #quatrain #occasional #intermittent"
              corresp="#txt_LittJa1759_w0039"
              decls="#semi-diplomatic"
              ecep:syllab="10.8.10.8"
              met="-+|--+|-+|--+/ -+|--+|--+/ -+|--+|-+|--+/ -+|--+|--+/"
              rendition="#lgindent"
              rhyme="xaxa"
              subtype="eceptext"
              type="poem"
              xml:id="bjl92-w0390">
            <link target="authors.xml#aut_LittJa1759" type="author"/>
            <head type="main">
               <w xmlns:ecep="http://www.eighteenthcenturypoetry.org/ns"
                  xml:id="bjl92-229380"
                  n="bjl92/000163-a-0010"
                  ecep:lem="on"
                  ecep:pos="p-acp"
                  ecep:reg="ON"
                  ecep:spe="ON"
                  ecep:syllab="1"
                  ecep:pron="ɒn">ON</w>
               <c> </c>
               <w xmlns:ecep="http://www.eighteenthcenturypoetry.org/ns"
                  xml:id="bjl92-229390"
                  n="bjl92/000163-a-0020"
                  ecep:lem="read"
                  ecep:pos="vvg"
                  ecep:reg="READING"
                  ecep:spe="READING"
                  ecep:syllab="2"
                  ecep:pron="ˈriːdɪŋ">READING</w>
               <c> </c>
               <w xmlns:ecep="http://www.eighteenthcenturypoetry.org/ns"
                  xml:id="bjl92-229400"
                  n="bjl92/000163-a-0030"
                  ecep:lem="lady"
                  ecep:pos="n1"
                  ecep:reg="LADY"
                  ecep:spe="LADY"
                  ecep:syllab="2"
                  ecep:pron="ˈleɪdi">LADY</w>
               <c> </c>
               <w xmlns:ecep="http://www.eighteenthcenturypoetry.org/ns"
                  xml:id="bjl92-229410"
                  n="bjl92/000163-a-0040"
                  ecep:lem="MARY"
                  ecep:pos="np1"
                  ecep:reg="MARY"
                  ecep:spe="MARY"
                  ecep:syllab="2"
                  ecep:pron="ˈmeəri">MARY</w>
               <c> </c>
               <w xmlns:ecep="http://www.eighteenthcenturypoetry.org/ns"
                  xml:id="bjl92-229420"
                  n="bjl92/000163-a-0050"
                  ecep:lem="Montague"
                  ecep:pos="np1"
                  ecep:reg="MONTAGUE"
                  ecep:spe="MONTAGUE"
                  ecep:syllab="3"
                  ecep:pron="ˈmɒntəgjuː">MONTAGUE</w>
               <c> </c>
               <w xmlns:ecep="http://www.eighteenthcenturypoetry.org/ns"
                  xml:id="bjl92-229430"
                  n="bjl92/000163-a-0060"
                  ecep:lem="and"
                  ecep:pos="cc"
                  ecep:reg="AND"
                  ecep:spe="AND"
                  ecep:syllab="1"
                  ecep:pron="ænd">AND</w>
               <c> </c>
               <w xmlns:ecep="http://www.eighteenthcenturypoetry.org/ns"
                  xml:id="bjl92-229440"
                  n="bjl92/000163-a-0070"
                  ecep:lem="mrs."
                  ecep:pos="n1"
                  ecep:reg="MRS."
                  ecep:spe="MRS."
                  ecep:syllab="2"
                  ecep:pron="mɪsɪz">MRS.</w>
               <c> </c>
               <w xmlns:ecep="http://www.eighteenthcenturypoetry.org/ns"
                  xml:id="bjl92-229450"
                  n="bjl92/000163-a-0080"
                  ecep:lem="rowe"
                  ecep:pos="npg1"
                  ecep:reg="ROWE'S"
                  ecep:spe="ROWE'S"
                  ecep:syllab="1"
                  ecep:pron="ˈrəʊz">ROWE'S</w>
               <c> </c>
               <hi>
                  <w xmlns:ecep="http://www.eighteenthcenturypoetry.org/ns"
                     xml:id="bjl92-229460"
                     n="bjl92/000163-a-0090"
                     ecep:lem="letter"
                     ecep:pos="n2"
                     ecep:reg="LETTERS"
                     ecep:spe="LETTERS"
                     ecep:syllab="2"
                     ecep:pron="ˈletəz">LETTERS</w>
                  <pc xmlns:ecep="http://www.eighteenthcenturypoetry.org/ns"
                      xml:id="bjl92-229470"
                      n="bjl92/000163-a-0100"
                      unit="sentence"
                      ecep:lem="."
                      ecep:pos="."
                      ecep:reg="."
                      ecep:spe=".">.</pc>
                  <c> </c>
               </hi>
            </head>
            <lg xml:id="bjl92-s01790">
               <l xml:id="bjl92-l09630">
                  <w xmlns:ecep="http://www.eighteenthcenturypoetry.org/ns"
                     xml:id="bjl92-229500"
                     n="bjl92/000163-a-0110"
                     ecep:lem="as"
                     ecep:pos="c-acp"
                     ecep:reg="AS"
                     ecep:spe="AS"
                     ecep:syllab="1"
                     ecep:pron="æz">AS</w>
                  <c> </c>
                  <w xmlns:ecep="http://www.eighteenthcenturypoetry.org/ns"
                     xml:id="bjl92-229510"
                     n="bjl92/000163-a-0120"
                     ecep:lem="Venus"
                     ecep:pos="np1"
                     ecep:reg="Venus"
                     ecep:spe="Venus"
                     ecep:syllab="2"
                     ecep:pron="ˈviːnəs">Venus</w>
                  <c> </c>
                  <w xmlns:ecep="http://www.eighteenthcenturypoetry.org/ns"
                     xml:id="bjl92-229520"
                     n="bjl92/000163-a-0130"
                     ecep:lem="by"
                     ecep:pos="p-acp"
                     ecep:reg="by"
                     ecep:spe="by"
                     ecep:syllab="1"
                     ecep:pron="baɪ">by</w>
                  <c> </c>
                  <w xmlns:ecep="http://www.eighteenthcenturypoetry.org/ns"
                     xml:id="bjl92-229530"
                     n="bjl92/000163-a-0140"
                     ecep:lem="night"
                     ecep:pos="n1"
                     ecep:reg="night"
                     ecep:spe="night"
                     ecep:syllab="1"
                     ecep:pron="naɪt">night</w>
                  <pc xmlns:ecep="http://www.eighteenthcenturypoetry.org/ns"
                      xml:id="bjl92-229540"
                      n="bjl92/000163-a-0150"
                      ecep:lem=","
                      ecep:pos=","
                      ecep:reg=","
                      ecep:spe=",">,</pc>
                  <c> </c>
                  <w xmlns:ecep="http://www.eighteenthcenturypoetry.org/ns"
                     xml:id="bjl92-229550"
                     n="bjl92/000163-a-0160"
                     ecep:lem="so"
                     ecep:pos="av"
                     ecep:reg="so"
                     ecep:spe="so"
                     ecep:syllab="1"
                     ecep:pron="səʊ">so</w>
                  <c> </c>
                  <w xmlns:ecep="http://www.eighteenthcenturypoetry.org/ns"
                     xml:id="bjl92-229560"
                     n="bjl92/000163-a-0170"
                     ecep:lem="Montague"
                     ecep:pos="np1"
                     ecep:reg="MONTAGUE"
                     ecep:spe="MONTAGUE"
                     ecep:syllab="3"
                     ecep:pron="ˈmɒntəgjuː">MONTAGUE</w>
                  <c> </c>
                  <w xmlns:ecep="http://www.eighteenthcenturypoetry.org/ns"
                     xml:id="bjl92-229570"
                     n="bjl92/000163-a-0180"
                     ecep:lem="bright"
                     ecep:pos="j"
                     ecep:reg="bright"
                     ecep:spe="bright"
                     ecep:syllab="1"
                     ecep:pron="braɪt">bright</w>
               </l>
               <l rendition="#h_4" xml:id="bjl92-l09635">
                  <c> </c>
                  <w xmlns:ecep="http://www.eighteenthcenturypoetry.org/ns"
                     xml:id="bjl92-229580"
                     n="bjl92/000163-a-0190"
                     ecep:lem="long"
                     ecep:pos="av-j"
                     ecep:reg="Long"
                     ecep:spe="Long"
                     ecep:syllab="1"
                     ecep:pron="lɒŋ">Long</w>
                  <c> </c>
                  <w xmlns:ecep="http://www.eighteenthcenturypoetry.org/ns"
                     xml:id="bjl92-229590"
                     n="bjl92/000163-a-0200"
                     ecep:lem="in"
                     ecep:pos="p-acp"
                     ecep:reg="in"
                     ecep:spe="in"
                     ecep:syllab="1"
                     ecep:pron="ɪn">in</w>
                  <c> </c>
                  <w xmlns:ecep="http://www.eighteenthcenturypoetry.org/ns"
                     xml:id="bjl92-229600"
                     n="bjl92/000163-a-0210"
                     ecep:lem="the"
                     ecep:pos="dt"
                     ecep:reg="the"
                     ecep:spe="the"
                     ecep:syllab="1"
                     ecep:pron="ðiː">the</w>
                  <c> </c>
                  <w xmlns:ecep="http://www.eighteenthcenturypoetry.org/ns"
                     xml:id="bjl92-229610"
                     n="bjl92/000163-a-0220"
                     ecep:lem="gay"
                     ecep:pos="j"
                     ecep:reg="gay"
                     ecep:spe="gay"
                     ecep:syllab="1"
                     ecep:pron="geɪ">gay</w>
                  <c> </c>
                  <w xmlns:ecep="http://www.eighteenthcenturypoetry.org/ns"
                     xml:id="bjl92-229620"
                     n="bjl92/000163-a-0230"
                     ecep:lem="circle"
                     ecep:pos="n1"
                     ecep:reg="circle"
                     ecep:spe="circle"
                     ecep:syllab="2"
                     ecep:pron="ˈsɜːkl">circle</w>
                  <c> </c>
                  <w xmlns:ecep="http://www.eighteenthcenturypoetry.org/ns"
                     xml:id="bjl92-229630"
                     n="bjl92/000163-a-0240"
                     ecep:lem="do"
                     ecep:pos="vdd"
                     ecep:reg="did"
                     ecep:spe="did"
                     ecep:syllab="1"
                     ecep:pron="dɪd">did</w>
                  <c> </c>
                  <w xmlns:ecep="http://www.eighteenthcenturypoetry.org/ns"
                     xml:id="bjl92-229640"
                     n="bjl92/000163-a-0250"
                     ecep:lem="shine"
                     ecep:pos="vvi"
                     ecep:reg="shine"
                     ecep:spe="shine"
                     ecep:syllab="1"
                     ecep:pron="ʃaɪn">shine</w>
                  <pc xmlns:ecep="http://www.eighteenthcenturypoetry.org/ns"
                      xml:id="bjl92-229650"
                      n="bjl92/000163-a-0260"
                      ecep:lem=":"
                      ecep:pos=":"
                      ecep:reg=":"
                      ecep:spe=":">:</pc>
               </l>
               <l xml:id="bjl92-l09640">
                  <c> </c>
                  <w xmlns:ecep="http://www.eighteenthcenturypoetry.org/ns"
                     xml:id="bjl92-229660"
                     n="bjl92/000163-a-0270"
                     ecep:lem="she"
                     ecep:pos="pns31"
                     ecep:reg="She"
                     ecep:spe="She"
                     ecep:syllab="1"
                     ecep:pron="ʃiː">She</w>
                  <c> </c>
                  <w xmlns:ecep="http://www.eighteenthcenturypoetry.org/ns"
                     xml:id="bjl92-229670"
                     n="bjl92/000163-a-0280"
                     ecep:lem="tune"
                     ecep:pos="vvd"
                     ecep:reg="tuned"
                     ecep:spe="tun'd"
                     ecep:syllab="1"
                     ecep:pron="tʃuːnd">tun'd</w>
                  <c> </c>
                  <w xmlns:ecep="http://www.eighteenthcenturypoetry.org/ns"
                     xml:id="bjl92-229680"
                     n="bjl92/000163-a-0290"
                     ecep:lem="well"
                     ecep:pos="av"
                     ecep:reg="well"
                     ecep:spe="well"
                     ecep:syllab="1"
                     ecep:pron="wel">well</w>
                  <c> </c>
                  <w xmlns:ecep="http://www.eighteenthcenturypoetry.org/ns"
                     xml:id="bjl92-229690"
                     n="bjl92/000163-a-0300"
                     ecep:lem="the"
                     ecep:pos="dt"
                     ecep:reg="the"
                     ecep:spe="the"
                     ecep:syllab="1"
                     ecep:pron="ðiː">the</w>
                  <c> </c>
                  <w xmlns:ecep="http://www.eighteenthcenturypoetry.org/ns"
                     xml:id="bjl92-229700"
                     n="bjl92/000163-a-0310"
                     ecep:lem="lyre"
                     ecep:pos="n1"
                     ecep:reg="lyre"
                     ecep:spe="lyre"
                     ecep:syllab="1"
                     ecep:pron="laɪə">lyre</w>
                  <pc xmlns:ecep="http://www.eighteenthcenturypoetry.org/ns"
                      xml:id="bjl92-229710"
                      n="bjl92/000163-a-0320"
                      ecep:lem=","
                      ecep:pos=","
                      ecep:reg=","
                      ecep:spe=",">,</pc>
                  <c> </c>
                  <w xmlns:ecep="http://www.eighteenthcenturypoetry.org/ns"
                     xml:id="bjl92-229720"
                     n="bjl92/000163-a-0330"
                     ecep:lem="mankind"
                     ecep:pos="n1"
                     ecep:reg="mankind"
                     ecep:spe="mankind"
                     ecep:syllab="2"
                     ecep:pron="mænˈkaɪnd">mankind</w>
                  <c> </c>
                  <w xmlns:ecep="http://www.eighteenthcenturypoetry.org/ns"
                     xml:id="bjl92-229730"
                     n="bjl92/000163-a-0340"
                     ecep:lem="do"
                     ecep:pos="vdd"
                     ecep:reg="did"
                     ecep:spe="did"
                     ecep:syllab="1"
                     ecep:pron="dɪd">did</w>
                  <c> </c>
                  <w xmlns:ecep="http://www.eighteenthcenturypoetry.org/ns"
                     xml:id="bjl92-229740"
                     n="bjl92/000163-a-0350"
                     ecep:lem="admire"
                     ecep:pos="vvi"
                     ecep:reg="admire"
                     ecep:spe="admire"
                     ecep:syllab="2"
                     ecep:pron="ədˈmæə">admire</w>
                  <pc xmlns:ecep="http://www.eighteenthcenturypoetry.org/ns"
                      xml:id="bjl92-229750"
                      n="bjl92/000163-a-0360"
                      ecep:lem=";"
                      ecep:pos=";"
                      ecep:reg=";"
                      ecep:spe=";">;</pc>
               </l>
               <l rendition="#h_4" xml:id="bjl92-l09645">
                  <c> </c>
                  <w xmlns:ecep="http://www.eighteenthcenturypoetry.org/ns"
                     xml:id="bjl92-229760"
                     n="bjl92/000163-a-0370"
                     ecep:lem="they"
                     ecep:pos="pns32"
                     ecep:reg="They"
                     ecep:spe="They"
                     ecep:syllab="1"
                     ecep:pron="ðeɪ">They</w>
                  <c> </c>
                  <w xmlns:ecep="http://www.eighteenthcenturypoetry.org/ns"
                     xml:id="bjl92-229770"
                     n="bjl92/000163-a-0380"
                     ecep:lem="praise"
                     ecep:pos="vvd"
                     ecep:reg="praised"
                     ecep:spe="prais'd"
                     ecep:syllab="1"
                     ecep:pron="preɪzd">prais'd</w>
                  <pc xmlns:ecep="http://www.eighteenthcenturypoetry.org/ns"
                      xml:id="bjl92-229780"
                      n="bjl92/000163-a-0390"
                      ecep:lem=","
                      ecep:pos=","
                      ecep:reg=","
                      ecep:spe=",">,</pc>
                  <c> </c>
                  <w xmlns:ecep="http://www.eighteenthcenturypoetry.org/ns"
                     xml:id="bjl92-229790"
                     n="bjl92/000163-a-0400"
                     ecep:lem="and"
                     ecep:pos="cc"
                     ecep:reg="and"
                     ecep:spe="and"
                     ecep:syllab="1"
                     ecep:pron="ænd">and</w>
                  <c> </c>
                  <w xmlns:ecep="http://www.eighteenthcenturypoetry.org/ns"
                     xml:id="bjl92-229800"
                     n="bjl92/000163-a-0410"
                     ecep:lem="they"
                     ecep:pos="pns32"
                     ecep:reg="they"
                     ecep:spe="they"
                     ecep:syllab="1"
                     ecep:pron="ðeɪ">they</w>
                  <c> </c>
                  <w xmlns:ecep="http://www.eighteenthcenturypoetry.org/ns"
                     xml:id="bjl92-229810"
                     n="bjl92/000163-a-0420"
                     ecep:lem="call"
                     ecep:pos="vvd"
                     ecep:reg="called"
                     ecep:spe="call'd"
                     ecep:syllab="1"
                     ecep:pron="kɔːld">call'd</w>
                  <c> </c>
                  <w xmlns:ecep="http://www.eighteenthcenturypoetry.org/ns"
                     xml:id="bjl92-229820"
                     n="bjl92/000163-a-0430"
                     ecep:lem="her"
                     ecep:pos="po31"
                     ecep:reg="her"
                     ecep:spe="her"
                     ecep:syllab="1"
                     ecep:pron="hɜː">her</w>
                  <c> </c>
                  <w xmlns:ecep="http://www.eighteenthcenturypoetry.org/ns"
                     xml:id="bjl92-229830"
                     n="bjl92/000163-a-0440"
                     ecep:lem="divine"
                     ecep:pos="j-jn"
                     ecep:reg="divine"
                     ecep:spe="divine"
                     ecep:syllab="2"
                     ecep:pron="dɪˈvaɪn">divine</w>
                  <pc xmlns:ecep="http://www.eighteenthcenturypoetry.org/ns"
                      xml:id="bjl92-229840"
                      n="bjl92/000163-a-0450"
                      unit="sentence"
                      ecep:lem="."
                      ecep:pos="."
                      ecep:reg="."
                      ecep:spe=".">.</pc>
                  <c> </c>
               </l>
            </lg>
            <lg xml:id="bjl92-s01795">
               <l xml:id="bjl92-l09650">
                  <w xmlns:ecep="http://www.eighteenthcenturypoetry.org/ns"
                     xml:id="bjl92-229870"
                     n="bjl92/000163-a-0460"
                     ecep:lem="this"
                     ecep:pos="d"
                     ecep:reg="This"
                     ecep:spe="This"
                     ecep:syllab="1"
                     ecep:pron="ðɪs">This</w>
                  <c> </c>
                  <w xmlns:ecep="http://www.eighteenthcenturypoetry.org/ns"
                     xml:id="bjl92-229880"
                     n="bjl92/000163-a-0470"
                     ecep:lem="pride"
                     ecep:pos="n1"
                     ecep:reg="pride"
                     ecep:spe="pride"
                     ecep:syllab="1"
                     ecep:pron="praɪd">pride</w>
                  <c> </c>
                  <w xmlns:ecep="http://www.eighteenthcenturypoetry.org/ns"
                     xml:id="bjl92-229890"
                     n="bjl92/000163-a-0480"
                     ecep:lem="of"
                     ecep:pos="pp-f"
                     ecep:reg="of"
                     ecep:spe="of"
                     ecep:syllab="1"
                     ecep:pron="ɒv">of</w>
                  <c> </c>
                  <w xmlns:ecep="http://www.eighteenthcenturypoetry.org/ns"
                     xml:id="bjl92-229900"
                     n="bjl92/000163-a-0490"
                     ecep:lem="the"
                     ecep:pos="dt"
                     ecep:reg="the"
                     ecep:spe="the"
                     ecep:syllab="1"
                     ecep:pron="ðiː">the</w>
                  <c> </c>
                  <w xmlns:ecep="http://www.eighteenthcenturypoetry.org/ns"
                     xml:id="bjl92-229910"
                     n="bjl92/000163-a-0500"
                     ecep:lem="time"
                     ecep:pos="n2"
                     ecep:reg="times"
                     ecep:spe="times"
                     ecep:syllab="1"
                     ecep:pron="taɪmz">times</w>
                  <pc xmlns:ecep="http://www.eighteenthcenturypoetry.org/ns"
                      xml:id="bjl92-229920"
                      n="bjl92/000163-a-0510"
                      ecep:lem=","
                      ecep:pos=","
                      ecep:reg=","
                      ecep:spe=",">,</pc>
                  <c> </c>
                  <w xmlns:ecep="http://www.eighteenthcenturypoetry.org/ns"
                     xml:id="bjl92-229930"
                     n="bjl92/000163-a-0520"
                     ecep:lem="in"
                     ecep:pos="p-acp"
                     ecep:reg="in"
                     ecep:spe="in"
                     ecep:syllab="1"
                     ecep:pron="ɪn">in</w>
                  <c> </c>
                  <w xmlns:ecep="http://www.eighteenthcenturypoetry.org/ns"
                     xml:id="bjl92-229940"
                     n="bjl92/000163-a-0530"
                     ecep:lem="far"
                     ecep:pos="av-j"
                     ecep:reg="far"
                     ecep:spe="far"
                     ecep:syllab="1"
                     ecep:pron="fɑː">far</w>
                  <c> </c>
                  <w xmlns:ecep="http://www.eighteenthcenturypoetry.org/ns"
                     xml:id="bjl92-229950"
                     n="bjl92/000163-a-0540"
                     ecep:lem="distant"
                     ecep:pos="j"
                     ecep:reg="distant"
                     ecep:spe="distant"
                     ecep:syllab="2"
                     ecep:pron="ˈdɪstnt">distant</w>
                  <c> </c>
                  <w xmlns:ecep="http://www.eighteenthcenturypoetry.org/ns"
                     xml:id="bjl92-229960"
                     n="bjl92/000163-a-0550"
                     ecep:lem="clime"
                     ecep:pos="n2"
                     ecep:reg="climes"
                     ecep:spe="climes"
                     ecep:syllab="1"
                     ecep:pron="klaɪmz">climes</w>
                  <pc xmlns:ecep="http://www.eighteenthcenturypoetry.org/ns"
                      xml:id="bjl92-229970"
                      n="bjl92/000163-a-0560"
                      ecep:lem=","
                      ecep:pos=","
                      ecep:reg=","
                      ecep:spe=",">,</pc>
               </l>
               <l rendition="#h_4" xml:id="bjl92-l09655">
                  <c> </c>
                  <w xmlns:ecep="http://www.eighteenthcenturypoetry.org/ns"
                     xml:id="bjl92-229980"
                     n="bjl92/000163-a-0570"
                     ecep:lem="stand"
                     ecep:pos="vvd"
                     ecep:reg="Stood"
                     ecep:spe="Stood"
                     ecep:syllab="1"
                     ecep:pron="stʊd">Stood</w>
                  <c> </c>
                  <w xmlns:ecep="http://www.eighteenthcenturypoetry.org/ns"
                     xml:id="bjl92-229990"
                     n="bjl92/000163-a-0580"
                     ecep:lem="high"
                     ecep:pos="j"
                     ecep:reg="high"
                     ecep:spe="high"
                     ecep:syllab="1"
                     ecep:pron="haɪ">high</w>
                  <c> </c>
                  <w xmlns:ecep="http://www.eighteenthcenturypoetry.org/ns"
                     xml:id="bjl92-230000"
                     n="bjl92/000163-a-0590"
                     ecep:lem="in"
                     ecep:pos="p-acp"
                     ecep:reg="in"
                     ecep:spe="in"
                     ecep:syllab="1"
                     ecep:pron="ɪn">in</w>
                  <c> </c>
                  <w xmlns:ecep="http://www.eighteenthcenturypoetry.org/ns"
                     xml:id="bjl92-230010"
                     n="bjl92/000163-a-0600"
                     ecep:lem="the"
                     ecep:pos="dt"
                     ecep:reg="the"
                     ecep:spe="the"
                     ecep:syllab="1"
                     ecep:pron="ðiː">the</w>
                  <c> </c>
                  <w xmlns:ecep="http://www.eighteenthcenturypoetry.org/ns"
                     xml:id="bjl92-230020"
                     n="bjl92/000163-a-0610"
                     ecep:lem="temple"
                     ecep:pos="n1"
                     ecep:reg="temple"
                     ecep:spe="temple"
                     ecep:syllab="2"
                     ecep:pron="ˈtempl">temple</w>
                  <c> </c>
                  <w xmlns:ecep="http://www.eighteenthcenturypoetry.org/ns"
                     xml:id="bjl92-230030"
                     n="bjl92/000163-a-0620"
                     ecep:lem="of"
                     ecep:pos="pp-f"
                     ecep:reg="of"
                     ecep:spe="of"
                     ecep:syllab="1"
                     ecep:pron="ɒv">of</w>
                  <c> </c>
                  <w xmlns:ecep="http://www.eighteenthcenturypoetry.org/ns"
                     xml:id="bjl92-230040"
                     n="bjl92/000163-a-0630"
                     ecep:lem="fame"
                     ecep:pos="n1"
                     ecep:reg="Fame"
                     ecep:spe="Fame"
                     ecep:syllab="1"
                     ecep:pron="feɪm">Fame</w>
                  <pc xmlns:ecep="http://www.eighteenthcenturypoetry.org/ns"
                      xml:id="bjl92-230050"
                      n="bjl92/000163-a-0640"
                      ecep:lem=":"
                      ecep:pos=":"
                      ecep:reg=":"
                      ecep:spe=":">:</pc>
               </l>
               <l xml:id="bjl92-l09660">
                  <c> </c>
                  <w xmlns:ecep="http://www.eighteenthcenturypoetry.org/ns"
                     xml:id="bjl92-230060"
                     n="bjl92/000163-a-0650"
                     ecep:lem="britannia"
                     ecep:pos="npg1"
                     ecep:reg="Britannia's"
                     ecep:spe="Britannia's"
                     ecep:syllab="3"
                     ecep:pron="brɪˈtæniəz">Britannia's</w>
                  <c> </c>
                  <w xmlns:ecep="http://www.eighteenthcenturypoetry.org/ns"
                     xml:id="bjl92-230070"
                     n="bjl92/000163-a-0660"
                     ecep:lem="shore"
                     ecep:pos="n1"
                     ecep:reg="shore"
                     ecep:spe="shore"
                     ecep:syllab="1"
                     ecep:pron="ʃɔː">shore</w>
                  <pc xmlns:ecep="http://www.eighteenthcenturypoetry.org/ns"
                      xml:id="bjl92-230080"
                      n="bjl92/000163-a-0670"
                      ecep:lem=","
                      ecep:pos=","
                      ecep:reg=","
                      ecep:spe=",">,</pc>
                  <c> </c>
                  <w xmlns:ecep="http://www.eighteenthcenturypoetry.org/ns"
                     xml:id="bjl92-230090"
                     n="bjl92/000163-a-0680"
                     ecep:lem="then"
                     ecep:pos="av"
                     ecep:reg="then"
                     ecep:spe="then"
                     ecep:syllab="1"
                     ecep:pron="ðen">then</w>
                  <c> </c>
                  <w xmlns:ecep="http://www.eighteenthcenturypoetry.org/ns"
                     xml:id="bjl92-230100"
                     n="bjl92/000163-a-0690"
                     ecep:lem="cease"
                     ecep:pos="vvd"
                     ecep:reg="ceased"
                     ecep:spe="ceas'd"
                     ecep:syllab="1"
                     ecep:pron="siːst">ceas'd</w>
                  <c> </c>
                  <w xmlns:ecep="http://www.eighteenthcenturypoetry.org/ns"
                     xml:id="bjl92-230110"
                     n="bjl92/000163-a-0700"
                     ecep:lem="to"
                     ecep:pos="pc-acp"
                     ecep:reg="to"
                     ecep:spe="to"
                     ecep:syllab="1"
                     ecep:pron="tuː">to</w>
                  <c> </c>
                  <w xmlns:ecep="http://www.eighteenthcenturypoetry.org/ns"
                     xml:id="bjl92-230120"
                     n="bjl92/000163-a-0710"
                     ecep:lem="adore"
                     ecep:pos="vvi"
                     ecep:reg="adore"
                     ecep:spe="adore"
                     ecep:syllab="2"
                     ecep:pron="əˈdɔː">adore</w>
                  <pc xmlns:ecep="http://www.eighteenthcenturypoetry.org/ns"
                      xml:id="bjl92-230130"
                      n="bjl92/000163-a-0720"
                      ecep:lem=","
                      ecep:pos=","
                      ecep:reg=","
                      ecep:spe=",">,</pc>
               </l>
               <l rendition="#h_4" xml:id="bjl92-l09665">
                  <c> </c>
                  <w xmlns:ecep="http://www.eighteenthcenturypoetry.org/ns"
                     xml:id="bjl92-230140"
                     n="bjl92/000163-a-0730"
                     ecep:lem="a"
                     ecep:pos="dt"
                     ecep:reg="A"
                     ecep:spe="A"
                     ecep:syllab="1"
                     ecep:pron="ə">A</w>
                  <c> </c>
                  <w xmlns:ecep="http://www.eighteenthcenturypoetry.org/ns"
                     xml:id="bjl92-230150"
                     n="bjl92/000163-a-0740"
                     ecep:lem="great"
                     ecep:pos="jc"
                     ecep:reg="greater"
                     ecep:spe="greater"
                     ecep:syllab="2"
                     ecep:pron="greɪtə">greater</w>
                  <c> </c>
                  <w xmlns:ecep="http://www.eighteenthcenturypoetry.org/ns"
                     xml:id="bjl92-230160"
                     n="bjl92/000163-a-0750"
                     ecep:lem="the"
                     ecep:pos="dt"
                     ecep:reg="the"
                     ecep:spe="the"
                     ecep:syllab="1"
                     ecep:pron="ðiː">the</w>
                  <c> </c>
                  <w xmlns:ecep="http://www.eighteenthcenturypoetry.org/ns"
                     xml:id="bjl92-230170"
                     n="bjl92/000163-a-0760"
                     ecep:lem="tribute"
                     ecep:pos="n1"
                     ecep:reg="tribute"
                     ecep:spe="tribute"
                     ecep:syllab="2"
                     ecep:pron="ˈtrɪbjuːt">tribute</w>
                  <c> </c>
                  <w xmlns:ecep="http://www.eighteenthcenturypoetry.org/ns"
                     xml:id="bjl92-230180"
                     n="bjl92/000163-a-0770"
                     ecep:lem="do"
                     ecep:pos="vdd"
                     ecep:reg="did"
                     ecep:spe="did"
                     ecep:syllab="1"
                     ecep:pron="dɪd">did</w>
                  <c> </c>
                  <w xmlns:ecep="http://www.eighteenthcenturypoetry.org/ns"
                     xml:id="bjl92-230190"
                     n="bjl92/000163-a-0780"
                     ecep:lem="claim"
                     ecep:pos="vvi"
                     ecep:reg="claim"
                     ecep:spe="claim"
                     ecep:syllab="1"
                     ecep:pron="kleɪm">claim</w>
                  <pc xmlns:ecep="http://www.eighteenthcenturypoetry.org/ns"
                      xml:id="bjl92-230200"
                      n="bjl92/000163-a-0790"
                      unit="sentence"
                      ecep:lem="."
                      ecep:pos="."
                      ecep:reg="."
                      ecep:spe=".">.</pc>
                  <c> </c>
               </l>
            </lg>
            <pb facs="bjl92/000164" n="154" rend="none"/>
            <lg xml:id="bjl92-s01800">
               <l xml:id="bjl92-l09670">
                  <w xmlns:ecep="http://www.eighteenthcenturypoetry.org/ns"
                     xml:id="bjl92-230230"
                     n="bjl92/000164-a-0010"
                     ecep:lem="to"
                     ecep:pos="p-acp"
                     ecep:reg="To"
                     ecep:spe="To"
                     ecep:syllab="1"
                     ecep:pron="tuː">To</w>
                  <c> </c>
                  <w xmlns:ecep="http://www.eighteenthcenturypoetry.org/ns"
                     xml:id="bjl92-230240"
                     n="bjl92/000164-a-0020"
                     ecep:lem="sue"
                     ecep:pos="vvi"
                     ecep:reg="sue"
                     ecep:spe="sue"
                     ecep:syllab="1"
                     ecep:pron="suː">sue</w>
                  <c> </c>
                  <w xmlns:ecep="http://www.eighteenthcenturypoetry.org/ns"
                     xml:id="bjl92-230250"
                     n="bjl92/000164-a-0030"
                     ecep:lem="for"
                     ecep:pos="p-acp"
                     ecep:reg="for"
                     ecep:spe="for"
                     ecep:syllab="1"
                     ecep:pron="fɔː">for</w>
                  <c> </c>
                  <w xmlns:ecep="http://www.eighteenthcenturypoetry.org/ns"
                     xml:id="bjl92-230260"
                     n="bjl92/000164-a-0040"
                     ecep:lem="the"
                     ecep:pos="dt"
                     ecep:reg="the"
                     ecep:spe="the"
                     ecep:syllab="1"
                     ecep:pron="ðiː">the</w>
                  <c> </c>
                  <w xmlns:ecep="http://www.eighteenthcenturypoetry.org/ns"
                     xml:id="bjl92-230270"
                     n="bjl92/000164-a-0050"
                     ecep:lem="prize"
                     ecep:pos="n1"
                     ecep:reg="prise"
                     ecep:spe="prize"
                     ecep:syllab="1"
                     ecep:pron="praɪz">prize</w>
                  <pc xmlns:ecep="http://www.eighteenthcenturypoetry.org/ns"
                      xml:id="bjl92-230280"
                      n="bjl92/000164-a-0060"
                      ecep:lem=","
                      ecep:pos=","
                      ecep:reg=","
                      ecep:spe=",">,</pc>
                  <c> </c>
                  <w xmlns:ecep="http://www.eighteenthcenturypoetry.org/ns"
                     xml:id="bjl92-230290"
                     n="bjl92/000164-a-0070"
                     ecep:lem="fame"
                     ecep:pos="vvd"
                     ecep:reg="famed"
                     ecep:spe="fam'd"
                     ecep:syllab="1"
                     ecep:pron="feɪmd">fam'd</w>
                  <c> </c>
                  <w xmlns:ecep="http://www.eighteenthcenturypoetry.org/ns"
                     xml:id="bjl92-230300"
                     n="bjl92/000164-a-0080"
                     ecep:lem="Rowe"
                     ecep:pos="np1"
                     ecep:reg="ROWE"
                     ecep:spe="ROWE"
                     ecep:syllab="1"
                     ecep:pron="ˈrəʊ">ROWE</w>
                  <c> </c>
                  <w xmlns:ecep="http://www.eighteenthcenturypoetry.org/ns"
                     xml:id="bjl92-230310"
                     n="bjl92/000164-a-0090"
                     ecep:lem="do"
                     ecep:pos="vdd"
                     ecep:reg="did"
                     ecep:spe="did"
                     ecep:syllab="1"
                     ecep:pron="dɪd">did</w>
                  <c> </c>
                  <w xmlns:ecep="http://www.eighteenthcenturypoetry.org/ns"
                     xml:id="bjl92-230320"
                     n="bjl92/000164-a-0100"
                     ecep:lem="arise"
                     ecep:pos="vvi"
                     ecep:reg="arise"
                     ecep:spe="arise"
                     ecep:syllab="2"
                     ecep:pron="əˈraɪz">arise</w>
                  <pc xmlns:ecep="http://www.eighteenthcenturypoetry.org/ns"
                      xml:id="bjl92-230330"
                      n="bjl92/000164-a-0110"
                      ecep:lem=","
                      ecep:pos=","
                      ecep:reg=","
                      ecep:spe=",">,</pc>
               </l>
               <l rendition="#h_4" xml:id="bjl92-l09675">
                  <c> </c>
                  <w xmlns:ecep="http://www.eighteenthcenturypoetry.org/ns"
                     xml:id="bjl92-230340"
                     n="bjl92/000164-a-0120"
                     ecep:lem="more"
                     ecep:pos="av-dc"
                     ecep:reg="More"
                     ecep:spe="More"
                     ecep:syllab="1"
                     ecep:pron="mɔː">More</w>
                  <c> </c>
                  <w xmlns:ecep="http://www.eighteenthcenturypoetry.org/ns"
                     xml:id="bjl92-230350"
                     n="bjl92/000164-a-0130"
                     ecep:lem="bright"
                     ecep:pos="j"
                     ecep:reg="bright"
                     ecep:spe="bright"
                     ecep:syllab="1"
                     ecep:pron="braɪt">bright</w>
                  <c> </c>
                  <w xmlns:ecep="http://www.eighteenthcenturypoetry.org/ns"
                     xml:id="bjl92-230360"
                     n="bjl92/000164-a-0140"
                     ecep:lem="than"
                     ecep:pos="cs"
                     ecep:reg="than"
                     ecep:spe="than"
                     ecep:syllab="1"
                     ecep:pron="ðæn">than</w>
                  <c> </c>
                  <w xmlns:ecep="http://www.eighteenthcenturypoetry.org/ns"
                     xml:id="bjl92-230370"
                     n="bjl92/000164-a-0150"
                     ecep:lem="Apollo"
                     ecep:pos="np1"
                     ecep:reg="Apollo"
                     ecep:spe="Apollo"
                     ecep:syllab="3"
                     ecep:pron="əˈpɒləʊ">Apollo</w>
                  <c> </c>
                  <w xmlns:ecep="http://www.eighteenthcenturypoetry.org/ns"
                     xml:id="bjl92-230380"
                     n="bjl92/000164-a-0160"
                     ecep:lem="be"
                     ecep:pos="vbds"
                     ecep:reg="was"
                     ecep:spe="was"
                     ecep:syllab="1"
                     ecep:pron="wɒz">was</w>
                  <c> </c>
                  <w xmlns:ecep="http://www.eighteenthcenturypoetry.org/ns"
                     xml:id="bjl92-230390"
                     n="bjl92/000164-a-0170"
                     ecep:lem="she"
                     ecep:pos="pns31"
                     ecep:reg="she"
                     ecep:spe="she"
                     ecep:syllab="1"
                     ecep:pron="ʃiː">she</w>
                  <pc xmlns:ecep="http://www.eighteenthcenturypoetry.org/ns"
                      xml:id="bjl92-230400"
                      n="bjl92/000164-a-0180"
                      ecep:lem=":"
                      ecep:pos=":"
                      ecep:reg=":"
                      ecep:spe=":">:</pc>
               </l>
               <l xml:id="bjl92-l09680">
                  <c> </c>
                  <w xmlns:ecep="http://www.eighteenthcenturypoetry.org/ns"
                     xml:id="bjl92-230410"
                     n="bjl92/000164-a-0190"
                     ecep:lem="superior"
                     ecep:pos="j-jn"
                     ecep:reg="Superior"
                     ecep:spe="Superior"
                     ecep:syllab="4"
                     ecep:pron="suːˈpɪəriə">Superior</w>
                  <c> </c>
                  <w xmlns:ecep="http://www.eighteenthcenturypoetry.org/ns"
                     xml:id="bjl92-230420"
                     n="bjl92/000164-a-0200"
                     ecep:lem="ray"
                     ecep:pos="n2"
                     ecep:reg="rays"
                     ecep:spe="rays"
                     ecep:syllab="1"
                     ecep:pron="reɪz">rays</w>
                  <c> </c>
                  <w xmlns:ecep="http://www.eighteenthcenturypoetry.org/ns"
                     xml:id="bjl92-230430"
                     n="bjl92/000164-a-0210"
                     ecep:lem="obtain"
                     ecep:pos="vvd"
                     ecep:reg="obtained"
                     ecep:spe="obtain'd"
                     ecep:syllab="2"
                     ecep:pron="əbˈteɪnd">obtain'd</w>
                  <c> </c>
                  <w xmlns:ecep="http://www.eighteenthcenturypoetry.org/ns"
                     xml:id="bjl92-230440"
                     n="bjl92/000164-a-0220"
                     ecep:lem="now"
                     ecep:pos="av"
                     ecep:reg="now"
                     ecep:spe="now"
                     ecep:syllab="1"
                     ecep:pron="naʊ">now</w>
                  <c> </c>
                  <w xmlns:ecep="http://www.eighteenthcenturypoetry.org/ns"
                     xml:id="bjl92-230450"
                     n="bjl92/000164-a-0230"
                     ecep:lem="the"
                     ecep:pos="dt"
                     ecep:reg="the"
                     ecep:spe="the"
                     ecep:syllab="1"
                     ecep:pron="ðiː">the</w>
                  <c> </c>
                  <w xmlns:ecep="http://www.eighteenthcenturypoetry.org/ns"
                     xml:id="bjl92-230460"
                     n="bjl92/000164-a-0240"
                     ecep:lem="bay"
                     ecep:pos="n2"
                     ecep:reg="bays"
                     ecep:spe="bays"
                     ecep:syllab="1"
                     ecep:pron="beɪz">bays</w>
                  <pc xmlns:ecep="http://www.eighteenthcenturypoetry.org/ns"
                      xml:id="bjl92-230470"
                      n="bjl92/000164-a-0250"
                      ecep:lem=","
                      ecep:pos=","
                      ecep:reg=","
                      ecep:spe=",">,</pc>
               </l>
               <l rendition="#h_4" xml:id="bjl92-l09685">
                  <c> </c>
                  <w xmlns:ecep="http://www.eighteenthcenturypoetry.org/ns"
                     xml:id="bjl92-230480"
                     n="bjl92/000164-a-0260"
                     ecep:lem="and"
                     ecep:pos="cc"
                     ecep:reg="And"
                     ecep:spe="And"
                     ecep:syllab="1"
                     ecep:pron="ænd">And</w>
                  <c> </c>
                  <w xmlns:ecep="http://www.eighteenthcenturypoetry.org/ns"
                     xml:id="bjl92-230490"
                     n="bjl92/000164-a-0270"
                     ecep:lem="Montague"
                     ecep:pos="np1"
                     ecep:reg="MONTAGUE"
                     ecep:spe="MONTAGUE"
                     ecep:syllab="3"
                     ecep:pron="ˈmɒntəgjuː">MONTAGUE</w>
                  <c> </c>
                  <w xmlns:ecep="http://www.eighteenthcenturypoetry.org/ns"
                     xml:id="bjl92-230500"
                     n="bjl92/000164-a-0280"
                     ecep:lem="bend"
                     ecep:pos="vvd"
                     ecep:reg="bent"
                     ecep:spe="bended"
                     ecep:syllab="2"
                     ecep:pron="bendɪd">bended</w>
                  <c> </c>
                  <w xmlns:ecep="http://www.eighteenthcenturypoetry.org/ns"
                     xml:id="bjl92-230510"
                     n="bjl92/000164-a-0290"
                     ecep:lem="the"
                     ecep:pos="dt"
                     ecep:reg="the"
                     ecep:spe="the"
                     ecep:syllab="1"
                     ecep:pron="ðiː">the</w>
                  <c> </c>
                  <w xmlns:ecep="http://www.eighteenthcenturypoetry.org/ns"
                     xml:id="bjl92-230520"
                     n="bjl92/000164-a-0300"
                     ecep:lem="knee"
                     ecep:pos="n1"
                     ecep:reg="knee"
                     ecep:spe="knee"
                     ecep:syllab="1"
                     ecep:pron="niː">knee</w>
                  <pc xmlns:ecep="http://www.eighteenthcenturypoetry.org/ns"
                      xml:id="bjl92-230530"
                      n="bjl92/000164-a-0310"
                      unit="sentence"
                      ecep:lem="."
                      ecep:pos="."
                      ecep:reg="."
                      ecep:spe=".">.</pc>
                  <c> </c>
               </l>
            </lg>
            <lg xml:id="bjl92-s01805">
               <l xml:id="bjl92-l09690">
                  <w xmlns:ecep="http://www.eighteenthcenturypoetry.org/ns"
                     xml:id="bjl92-230560"
                     n="bjl92/000164-a-0320"
                     ecep:lem="o"
                     ecep:pos="uh"
                     ecep:reg="OH"
                     ecep:spe="O"
                     ecep:syllab="1"
                     ecep:pron="əʊ">O</w>
                  <c> </c>
                  <w xmlns:ecep="http://www.eighteenthcenturypoetry.org/ns"
                     xml:id="bjl92-230570"
                     n="bjl92/000164-a-0330"
                     ecep:lem="excellent"
                     ecep:pos="j"
                     ecep:reg="excellent"
                     ecep:spe="excellent"
                     ecep:syllab="3"
                     ecep:pron="ˈekslnt">excellent</w>
                  <c> </c>
                  <w xmlns:ecep="http://www.eighteenthcenturypoetry.org/ns"
                     xml:id="bjl92-230580"
                     n="bjl92/000164-a-0340"
                     ecep:lem="Rowe"
                     ecep:pos="np1"
                     ecep:reg="ROWE"
                     ecep:spe="ROWE"
                     ecep:syllab="1"
                     ecep:pron="ˈrəʊ">ROWE</w>
                  <pc xmlns:ecep="http://www.eighteenthcenturypoetry.org/ns"
                      xml:id="bjl92-230590"
                      n="bjl92/000164-a-0350"
                      ecep:lem=","
                      ecep:pos=","
                      ecep:reg=","
                      ecep:spe=",">,</pc>
                  <c> </c>
                  <w xmlns:ecep="http://www.eighteenthcenturypoetry.org/ns"
                     xml:id="bjl92-230600"
                     n="bjl92/000164-a-0360"
                     ecep:lem="much"
                     ecep:pos="d"
                     ecep:reg="much"
                     ecep:spe="much"
                     ecep:syllab="1"
                     ecep:pron="mʌtʃ">much</w>
                  <c> </c>
                  <w xmlns:ecep="http://www.eighteenthcenturypoetry.org/ns"
                     xml:id="bjl92-230610"
                     n="bjl92/000164-a-0370"
                     ecep:lem="Britain"
                     ecep:pos="np1"
                     ecep:reg="Britain"
                     ecep:spe="Britain"
                     ecep:syllab="2"
                     ecep:pron="ˈbrɪtən">Britain</w>
                  <c> </c>
                  <w xmlns:ecep="http://www.eighteenthcenturypoetry.org/ns"
                     xml:id="bjl92-230620"
                     n="bjl92/000164-a-0380"
                     ecep:lem="do"
                     ecep:pos="vdz"
                     ecep:reg="does"
                     ecep:spe="does"
                     ecep:syllab="1"
                     ecep:pron="dʌz">does</w>
                  <c> </c>
                  <w xmlns:ecep="http://www.eighteenthcenturypoetry.org/ns"
                     xml:id="bjl92-230630"
                     n="bjl92/000164-a-0390"
                     ecep:lem="owe"
                     ecep:pos="vvi"
                     ecep:reg="owe"
                     ecep:spe="owe"
                     ecep:syllab="1"
                     ecep:pron="əʊ">owe</w>
               </l>
               <l rendition="#h_4" xml:id="bjl92-l09695">
                  <c> </c>
                  <w xmlns:ecep="http://www.eighteenthcenturypoetry.org/ns"
                     xml:id="bjl92-230640"
                     n="bjl92/000164-a-0400"
                     ecep:lem="to"
                     ecep:pos="p-acp"
                     ecep:reg="To"
                     ecep:spe="To"
                     ecep:syllab="1"
                     ecep:pron="tuː">To</w>
                  <c> </c>
                  <w xmlns:ecep="http://www.eighteenthcenturypoetry.org/ns"
                     xml:id="bjl92-230650"
                     n="bjl92/000164-a-0410"
                     ecep:lem="what"
                     ecep:pos="r-crq"
                     ecep:reg="what"
                     ecep:spe="what"
                     ecep:syllab="1"
                     ecep:pron="wɒt">what</w>
                  <c> </c>
                  <w xmlns:ecep="http://www.eighteenthcenturypoetry.org/ns"
                     xml:id="bjl92-230660"
                     n="bjl92/000164-a-0420"
                     ecep:lem="you|have"
                     ecep:pos="pn22|vhb"
                     ecep:reg="you've"
                     ecep:spe="you've"
                     ecep:syllab="1"
                     ecep:pron="juːv">you've</w>
                  <c> </c>
                  <w xmlns:ecep="http://www.eighteenthcenturypoetry.org/ns"
                     xml:id="bjl92-230670"
                     n="bjl92/000164-a-0430"
                     ecep:lem="ingen'ous"
                     ecep:pos="av-j"
                     ecep:reg="ingen'ously"
                     ecep:spe="ingen'ously"
                     ecep:syllab="4"
                     ecep:pron="ɪndʒˈenəsli">ingen'ously</w>
                  <c> </c>
                  <w xmlns:ecep="http://www.eighteenthcenturypoetry.org/ns"
                     xml:id="bjl92-230680"
                     n="bjl92/000164-a-0440"
                     ecep:lem="pen"
                     ecep:pos="vvn"
                     ecep:reg="penned"
                     ecep:spe="penn'd"
                     ecep:syllab="1"
                     ecep:pron="pend">penn'd</w>
                  <pc xmlns:ecep="http://www.eighteenthcenturypoetry.org/ns"
                      xml:id="bjl92-230690"
                      n="bjl92/000164-a-0450"
                      ecep:lem=":"
                      ecep:pos=":"
                      ecep:reg=":"
                      ecep:spe=":">:</pc>
               </l>
               <l xml:id="bjl92-l09700">
                  <c> </c>
                  <w xmlns:ecep="http://www.eighteenthcenturypoetry.org/ns"
                     xml:id="bjl92-230700"
                     n="bjl92/000164-a-0460"
                     ecep:lem="of"
                     ecep:pos="pp-f"
                     ecep:reg="Of"
                     ecep:spe="Of"
                     ecep:syllab="1"
                     ecep:pron="ɒv">Of</w>
                  <c> </c>
                  <w xmlns:ecep="http://www.eighteenthcenturypoetry.org/ns"
                     xml:id="bjl92-230710"
                     n="bjl92/000164-a-0470"
                     ecep:lem="virtue"
                     ecep:pos="n1"
                     ecep:reg="virtue"
                     ecep:spe="virtue"
                     ecep:syllab="2"
                     ecep:pron="ˈvɜːtʃuː">virtue</w>
                  <c> </c>
                  <w xmlns:ecep="http://www.eighteenthcenturypoetry.org/ns"
                     xml:id="bjl92-230720"
                     n="bjl92/000164-a-0480"
                     ecep:lem="and"
                     ecep:pos="cc"
                     ecep:reg="and"
                     ecep:spe="and"
                     ecep:syllab="1"
                     ecep:pron="ænd">and</w>
                  <c> </c>
                  <w xmlns:ecep="http://www.eighteenthcenturypoetry.org/ns"
                     xml:id="bjl92-230730"
                     n="bjl92/000164-a-0490"
                     ecep:lem="wit"
                     ecep:pos="n1"
                     ecep:reg="wit"
                     ecep:spe="wit"
                     ecep:syllab="1"
                     ecep:pron="wɪt">wit</w>
                  <pc xmlns:ecep="http://www.eighteenthcenturypoetry.org/ns"
                      xml:id="bjl92-230740"
                      n="bjl92/000164-a-0500"
                      ecep:lem=","
                      ecep:pos=","
                      ecep:reg=","
                      ecep:spe=",">,</pc>
                  <c> </c>
                  <w xmlns:ecep="http://www.eighteenthcenturypoetry.org/ns"
                     xml:id="bjl92-230750"
                     n="bjl92/000164-a-0510"
                     ecep:lem="the"
                     ecep:pos="dt"
                     ecep:reg="the"
                     ecep:spe="the"
                     ecep:syllab="1"
                     ecep:pron="ðiː">the</w>
                  <c> </c>
                  <w xmlns:ecep="http://www.eighteenthcenturypoetry.org/ns"
                     xml:id="bjl92-230760"
                     n="bjl92/000164-a-0520"
                     ecep:lem="model"
                     ecep:pos="n1"
                     ecep:reg="model"
                     ecep:spe="model"
                     ecep:syllab="2"
                     ecep:pron="ˈmɒdl">model</w>
                  <c> </c>
                  <w xmlns:ecep="http://www.eighteenthcenturypoetry.org/ns"
                     xml:id="bjl92-230770"
                     n="bjl92/000164-a-0530"
                     ecep:lem="you|have"
                     ecep:pos="pn22|vhb"
                     ecep:reg="you've"
                     ecep:spe="you've"
                     ecep:syllab="1"
                     ecep:pron="juːv">you've</w>
                  <c> </c>
                  <w xmlns:ecep="http://www.eighteenthcenturypoetry.org/ns"
                     xml:id="bjl92-230780"
                     n="bjl92/000164-a-0540"
                     ecep:lem="hit"
                     ecep:pos="vvn"
                     ecep:reg="hit"
                     ecep:spe="hit"
                     ecep:syllab="1"
                     ecep:pron="hɪt">hit</w>
                  <pc xmlns:ecep="http://www.eighteenthcenturypoetry.org/ns"
                      xml:id="bjl92-230790"
                      n="bjl92/000164-a-0550"
                      ecep:lem=";"
                      ecep:pos=";"
                      ecep:reg=";"
                      ecep:spe=";">;</pc>
               </l>
               <l rendition="#h_4" xml:id="bjl92-l09705">
                  <c> </c>
                  <w xmlns:ecep="http://www.eighteenthcenturypoetry.org/ns"
                     xml:id="bjl92-230800"
                     n="bjl92/000164-a-0560"
                     ecep:lem="who"
                     ecep:pos="q-crq"
                     ecep:reg="Who"
                     ecep:spe="Who"
                     ecep:syllab="1"
                     ecep:pron="huː">Who</w>
                  <c> </c>
                  <w xmlns:ecep="http://www.eighteenthcenturypoetry.org/ns"
                     xml:id="bjl92-230810"
                     n="bjl92/000164-a-0570"
                     ecep:lem="read"
                     ecep:pos="vvz"
                     ecep:reg="reads"
                     ecep:spe="reads"
                     ecep:syllab="1"
                     ecep:pron="riːdz">reads</w>
                  <c> </c>
                  <w xmlns:ecep="http://www.eighteenthcenturypoetry.org/ns"
                     xml:id="bjl92-230820"
                     n="bjl92/000164-a-0580"
                     ecep:lem="must"
                     ecep:pos="vmb"
                     ecep:reg="must"
                     ecep:spe="must"
                     ecep:syllab="1"
                     ecep:pron="mʌst">must</w>
                  <c> </c>
                  <w xmlns:ecep="http://www.eighteenthcenturypoetry.org/ns"
                     xml:id="bjl92-230830"
                     n="bjl92/000164-a-0590"
                     ecep:lem="you"
                     ecep:pos="pn22"
                     ecep:reg="you"
                     ecep:spe="you"
                     ecep:syllab="1"
                     ecep:pron="juː">you</w>
                  <c> </c>
                  <w xmlns:ecep="http://www.eighteenthcenturypoetry.org/ns"
                     xml:id="bjl92-230840"
                     n="bjl92/000164-a-0600"
                     ecep:lem="ever"
                     ecep:pos="av"
                     ecep:reg="ever"
                     ecep:spe="ever"
                     ecep:syllab="2"
                     ecep:pron="ˈevə">ever</w>
                  <c> </c>
                  <w xmlns:ecep="http://www.eighteenthcenturypoetry.org/ns"
                     xml:id="bjl92-230850"
                     n="bjl92/000164-a-0610"
                     ecep:lem="commend"
                     ecep:pos="vvi"
                     ecep:reg="commend"
                     ecep:spe="commend"
                     ecep:syllab="2"
                     ecep:pron="kəˈmend">commend</w>
                  <pc xmlns:ecep="http://www.eighteenthcenturypoetry.org/ns"
                      xml:id="bjl92-230860"
                      n="bjl92/000164-a-0620"
                      unit="sentence"
                      ecep:lem="."
                      ecep:pos="."
                      ecep:reg="."
                      ecep:spe=".">.</pc>
                  <c> </c>
               </l>
            </lg>
            <lg xml:id="bjl92-s01810">
               <l xml:id="bjl92-l09710">
                  <w xmlns:ecep="http://www.eighteenthcenturypoetry.org/ns"
                     xml:id="bjl92-230890"
                     n="bjl92/000164-a-0630"
                     ecep:lem="will"
                     ecep:pos="vmd"
                     ecep:reg="Would"
                     ecep:spe="Would"
                     ecep:syllab="1"
                     ecep:pron="wʊd">Would</w>
                  <c> </c>
                  <w xmlns:ecep="http://www.eighteenthcenturypoetry.org/ns"
                     xml:id="bjl92-230900"
                     n="bjl92/000164-a-0640"
                     ecep:lem="lady"
                     ecep:pos="n2"
                     ecep:reg="ladies"
                     ecep:spe="ladies"
                     ecep:syllab="2"
                     ecep:pron="ˈleɪdiz">ladies</w>
                  <c> </c>
                  <w xmlns:ecep="http://www.eighteenthcenturypoetry.org/ns"
                     xml:id="bjl92-230910"
                     n="bjl92/000164-a-0650"
                     ecep:lem="pursue"
                     ecep:pos="vvi"
                     ecep:reg="pursue"
                     ecep:spe="pursue"
                     ecep:syllab="2"
                     ecep:pron="pəˈsjuː">pursue</w>
                  <pc xmlns:ecep="http://www.eighteenthcenturypoetry.org/ns"
                      xml:id="bjl92-230920"
                      n="bjl92/000164-a-0660"
                      ecep:lem=","
                      ecep:pos=","
                      ecep:reg=","
                      ecep:spe=",">,</pc>
                  <c> </c>
                  <w xmlns:ecep="http://www.eighteenthcenturypoetry.org/ns"
                     xml:id="bjl92-230930"
                     n="bjl92/000164-a-0670"
                     ecep:lem="the"
                     ecep:pos="dt"
                     ecep:reg="the"
                     ecep:spe="the"
                     ecep:syllab="1"
                     ecep:pron="ðiː">the</w>
                  <c> </c>
                  <w xmlns:ecep="http://www.eighteenthcenturypoetry.org/ns"
                     xml:id="bjl92-230940"
                     n="bjl92/000164-a-0680"
                     ecep:lem="path"
                     ecep:pos="n2"
                     ecep:reg="paths"
                     ecep:spe="paths"
                     ecep:syllab="1"
                     ecep:pron="pɑːðz">paths</w>
                  <c> </c>
                  <w xmlns:ecep="http://www.eighteenthcenturypoetry.org/ns"
                     xml:id="bjl92-230950"
                     n="bjl92/000164-a-0690"
                     ecep:lem="tread"
                     ecep:pos="vvn"
                     ecep:reg="trod"
                     ecep:spe="trod"
                     ecep:syllab="1"
                     ecep:pron="trɒd">trod</w>
                  <c> </c>
                  <w xmlns:ecep="http://www.eighteenthcenturypoetry.org/ns"
                     xml:id="bjl92-230960"
                     n="bjl92/000164-a-0700"
                     ecep:lem="by"
                     ecep:pos="p-acp"
                     ecep:reg="by"
                     ecep:spe="by"
                     ecep:syllab="1"
                     ecep:pron="baɪ">by</w>
                  <c> </c>
                  <w xmlns:ecep="http://www.eighteenthcenturypoetry.org/ns"
                     xml:id="bjl92-230970"
                     n="bjl92/000164-a-0710"
                     ecep:lem="you"
                     ecep:pos="pn22"
                     ecep:reg="you"
                     ecep:spe="you"
                     ecep:syllab="1"
                     ecep:pron="juː">you</w>
                  <pc xmlns:ecep="http://www.eighteenthcenturypoetry.org/ns"
                      xml:id="bjl92-230980"
                      n="bjl92/000164-a-0720"
                      ecep:lem=","
                      ecep:pos=","
                      ecep:reg=","
                      ecep:spe=",">,</pc>
               </l>
               <l rendition="#h_4" xml:id="bjl92-l09715">
                  <c> </c>
                  <w xmlns:ecep="http://www.eighteenthcenturypoetry.org/ns"
                     xml:id="bjl92-230990"
                     n="bjl92/000164-a-0730"
                     ecep:lem="and"
                     ecep:pos="cc"
                     ecep:reg="And"
                     ecep:spe="And"
                     ecep:syllab="1"
                     ecep:pron="ænd">And</w>
                  <c> </c>
                  <w xmlns:ecep="http://www.eighteenthcenturypoetry.org/ns"
                     xml:id="bjl92-231000"
                     n="bjl92/000164-a-0740"
                     ecep:lem="joint"
                     ecep:pos="av-j"
                     ecep:reg="jointly"
                     ecep:spe="jointly"
                     ecep:syllab="2"
                     ecep:pron="dʒɔɪntli">jointly</w>
                  <c> </c>
                  <w xmlns:ecep="http://www.eighteenthcenturypoetry.org/ns"
                     xml:id="bjl92-231010"
                     n="bjl92/000164-a-0750"
                     ecep:lem="to"
                     ecep:pos="p-acp"
                     ecep:reg="to"
                     ecep:spe="to"
                     ecep:syllab="1"
                     ecep:pron="tuː">to</w>
                  <c> </c>
                  <w xmlns:ecep="http://www.eighteenthcenturypoetry.org/ns"
                     xml:id="bjl92-231020"
                     n="bjl92/000164-a-0760"
                     ecep:lem="learning"
                     ecep:pos="n1"
                     ecep:reg="learning"
                     ecep:spe="learning"
                     ecep:syllab="2"
                     ecep:pron="lɜːnɪŋ">learning</w>
                  <c> </c>
                  <w xmlns:ecep="http://www.eighteenthcenturypoetry.org/ns"
                     xml:id="bjl92-231030"
                     n="bjl92/000164-a-0770"
                     ecep:lem="aspire"
                     ecep:pos="vvi"
                     ecep:reg="aspire"
                     ecep:spe="aspire"
                     ecep:syllab="2"
                     ecep:pron="əˈspæə">aspire</w>
                  <pc xmlns:ecep="http://www.eighteenthcenturypoetry.org/ns"
                      xml:id="bjl92-231040"
                      n="bjl92/000164-a-0780"
                      ecep:lem=","
                      ecep:pos=","
                      ecep:reg=","
                      ecep:spe=",">,</pc>
               </l>
               <l xml:id="bjl92-l09720">
                  <c> </c>
                  <w xmlns:ecep="http://www.eighteenthcenturypoetry.org/ns"
                     xml:id="bjl92-231050"
                     n="bjl92/000164-a-0790"
                     ecep:lem="the"
                     ecep:pos="dt"
                     ecep:reg="The"
                     ecep:spe="The"
                     ecep:syllab="1"
                     ecep:pron="ðiː">The</w>
                  <c> </c>
                  <w xmlns:ecep="http://www.eighteenthcenturypoetry.org/ns"
                     xml:id="bjl92-231060"
                     n="bjl92/000164-a-0800"
                     ecep:lem="man"
                     ecep:pos="n2"
                     ecep:reg="men"
                     ecep:spe="men"
                     ecep:syllab="1"
                     ecep:pron="men">men</w>
                  <c> </c>
                  <w xmlns:ecep="http://www.eighteenthcenturypoetry.org/ns"
                     xml:id="bjl92-231070"
                     n="bjl92/000164-a-0810"
                     ecep:lem="soon"
                     ecep:pos="av"
                     ecep:reg="soon"
                     ecep:spe="soon"
                     ecep:syllab="1"
                     ecep:pron="suːn">soon</w>
                  <c> </c>
                  <w xmlns:ecep="http://www.eighteenthcenturypoetry.org/ns"
                     xml:id="bjl92-231080"
                     n="bjl92/000164-a-0820"
                     ecep:lem="will"
                     ecep:pos="vmd"
                     ecep:reg="would"
                     ecep:spe="would"
                     ecep:syllab="1"
                     ecep:pron="wʊd">would</w>
                  <c> </c>
                  <w xmlns:ecep="http://www.eighteenthcenturypoetry.org/ns"
                     xml:id="bjl92-231090"
                     n="bjl92/000164-a-0830"
                     ecep:lem="yield"
                     ecep:pos="vvi"
                     ecep:reg="yield"
                     ecep:spe="yield"
                     ecep:syllab="1"
                     ecep:pron="jiːld">yield</w>
                  <c> </c>
                  <w xmlns:ecep="http://www.eighteenthcenturypoetry.org/ns"
                     xml:id="bjl92-231100"
                     n="bjl92/000164-a-0840"
                     ecep:lem="unto"
                     ecep:pos="p-acp"
                     ecep:reg="unto"
                     ecep:spe="unto"
                     ecep:syllab="2"
                     ecep:pron="ˈʌntuː">unto</w>
                  <c> </c>
                  <w xmlns:ecep="http://www.eighteenthcenturypoetry.org/ns"
                     xml:id="bjl92-231110"
                     n="bjl92/000164-a-0850"
                     ecep:lem="they"
                     ecep:pos="pno32"
                     ecep:reg="them"
                     ecep:spe="them"
                     ecep:syllab="1"
                     ecep:pron="ðem">them</w>
                  <c> </c>
                  <w xmlns:ecep="http://www.eighteenthcenturypoetry.org/ns"
                     xml:id="bjl92-231120"
                     n="bjl92/000164-a-0860"
                     ecep:lem="the"
                     ecep:pos="dt"
                     ecep:reg="the"
                     ecep:spe="the"
                     ecep:syllab="1"
                     ecep:pron="ðiː">the</w>
                  <c> </c>
                  <w xmlns:ecep="http://www.eighteenthcenturypoetry.org/ns"
                     xml:id="bjl92-231130"
                     n="bjl92/000164-a-0870"
                     ecep:lem="field"
                     ecep:pos="n1"
                     ecep:reg="field"
                     ecep:spe="field"
                     ecep:syllab="1"
                     ecep:pron="ˈfiːld">field</w>
                  <pc xmlns:ecep="http://www.eighteenthcenturypoetry.org/ns"
                      xml:id="bjl92-231140"
                      n="bjl92/000164-a-0880"
                      ecep:lem=","
                      ecep:pos=","
                      ecep:reg=","
                      ecep:spe=",">,</pc>
               </l>
               <l rendition="#h_4" xml:id="bjl92-l09725">
                  <c> </c>
                  <w xmlns:ecep="http://www.eighteenthcenturypoetry.org/ns"
                     xml:id="bjl92-231150"
                     n="bjl92/000164-a-0890"
                     ecep:lem="and"
                     ecep:pos="cc"
                     ecep:reg="And"
                     ecep:spe="And"
                     ecep:syllab="1"
                     ecep:pron="ænd">And</w>
                  <c> </c>
                  <w xmlns:ecep="http://www.eighteenthcenturypoetry.org/ns"
                     xml:id="bjl92-231160"
                     n="bjl92/000164-a-0900"
                     ecep:lem="critic"
                     ecep:pos="n2"
                     ecep:reg="critics"
                     ecep:spe="critics"
                     ecep:syllab="2"
                     ecep:pron="ˈkrɪtɪks">critics</w>
                  <c> </c>
                  <w xmlns:ecep="http://www.eighteenthcenturypoetry.org/ns"
                     xml:id="bjl92-231170"
                     n="bjl92/000164-a-0910"
                     ecep:lem="in"
                     ecep:pos="p-acp"
                     ecep:reg="in"
                     ecep:spe="in"
                     ecep:syllab="1"
                     ecep:pron="ɪn">in</w>
                  <c> </c>
                  <w xmlns:ecep="http://www.eighteenthcenturypoetry.org/ns"
                     xml:id="bjl92-231180"
                     n="bjl92/000164-a-0920"
                     ecep:lem="silence"
                     ecep:pos="n1"
                     ecep:reg="silence"
                     ecep:spe="silence"
                     ecep:syllab="2"
                     ecep:pron="ˈsaɪləns">silence</w>
                  <c> </c>
                  <w xmlns:ecep="http://www.eighteenthcenturypoetry.org/ns"
                     xml:id="bjl92-231190"
                     n="bjl92/000164-a-0930"
                     ecep:lem="admire"
                     ecep:pos="vvi"
                     ecep:reg="admire"
                     ecep:spe="admire"
                     ecep:syllab="2"
                     ecep:pron="ədˈmæə">admire</w>
                  <pc xmlns:ecep="http://www.eighteenthcenturypoetry.org/ns"
                      xml:id="bjl92-231200"
                      n="bjl92/000164-a-0940"
                      unit="sentence"
                      ecep:lem="."
                      ecep:pos="."
                      ecep:reg="."
                      ecep:spe=".">.</pc>
                  <c> </c>
               </l>
            </lg>
         </div>
      </body>
   </text>
</TEI>
