<?xml version="1.0" encoding="utf-8"?>
<!DOCTYPE div
  SYSTEM "about:legacy-compat">
<div xmlns:ecep="http://www.eighteenthcenturypoetry.org/ns"
     xmlns="http://www.tei-c.org/ns/1.0"
     xmlns:tei="http://www.tei-c.org/ns/1.0"
     ana="#iamb #tetrameter #trimeter #sestet #tail #fable"
     corresp="#txt_FincAn1661_w0067"
     decls="#semi-normalized"
     ecep:syllab="8.8.6.8.8.6"
     met="-+|-+|-+|-+/ -+|-+|-+|-+/ -+|-+|-+/ -+|-+|-+|-+/ -+|-+|-+|-+/ -+|-+|-+/"
     rendition="#lgvspace"
     rhyme="aabaab"
     subtype="eceptext"
     type="poem"
     xml:id="o4784-w0670">
   <link target="authors.xml#aut_FincAn1661" type="author"/>
   <head type="main">
      <w xml:id="o4784-401340"
         n="265-a-0640"
         ecep:lem="the"
         ecep:pos="dt"
         ecep:reg="The"
         ecep:spe="The"
         ecep:syllab="1"
         ecep:pron="ðiː">The</w>
      <c> </c>
      <hi>
         <w xml:id="o4784-401350"
            n="265-a-0650"
            ecep:lem="man"
            ecep:pos="n1"
            ecep:reg="MAN"
            ecep:spe="MAN"
            ecep:syllab="1"
            ecep:pron="mæn">MAN</w>
      </hi>
      <c> </c>
      <w xml:id="o4784-401360"
         n="265-a-0660"
         ecep:lem="and"
         ecep:pos="cc"
         ecep:reg="and"
         ecep:spe="and"
         ecep:syllab="1"
         ecep:pron="ænd">and</w>
      <c> </c>
      <w xml:id="o4784-401370"
         n="265-a-0670"
         ecep:lem="his"
         ecep:pos="po31"
         ecep:reg="his"
         ecep:spe="his"
         ecep:syllab="1"
         ecep:pron="hɪz">his</w>
      <c> </c>
      <hi>
         <w xml:id="o4784-401380"
            n="265-a-0680"
            ecep:lem="horse"
            ecep:pos="n1"
            ecep:reg="HORSE"
            ecep:spe="HORSE"
            ecep:syllab="1"
            ecep:pron="hɔːs">HORSE</w>
         <pc xml:id="o4784-401390"
             n="265-a-0690"
             unit="sentence"
             ecep:lem="."
             ecep:pos="."
             ecep:reg="."
             ecep:spe=".">.</pc>
         <c> </c>
      </hi>
   </head>
   <lg xml:id="o4784-s01490">
      <l xml:id="o4784-l21685">
         <w xml:id="o4784-401420"
            n="265-a-0700"
            ecep:lem="within"
            ecep:pos="p-acp"
            ecep:reg="WIthin"
            ecep:spe="WIthin"
            ecep:syllab="2"
            ecep:pron="wɪˈðɪn">WIthin</w>
         <c> </c>
         <w xml:id="o4784-401430"
            n="265-a-0710"
            ecep:lem="a"
            ecep:pos="dt"
            ecep:reg="a"
            ecep:spe="a"
            ecep:syllab="1"
            ecep:pron="ə">a</w>
         <c> </c>
         <w xml:id="o4784-401440"
            n="265-a-0720"
            ecep:lem="meadow"
            ecep:pos="n1"
            ecep:reg="Meadow"
            ecep:spe="Meadow"
            ecep:syllab="2"
            ecep:pron="ˈmedəʊ">Meadow</w>
         <pc xml:id="o4784-401450"
             n="265-a-0730"
             ecep:lem=","
             ecep:pos=","
             ecep:reg=","
             ecep:spe=",">,</pc>
         <c> </c>
         <w xml:id="o4784-401460"
            n="265-a-0740"
            ecep:lem="on"
            ecep:pos="p-acp"
            ecep:reg="on"
            ecep:spe="on"
            ecep:syllab="1"
            ecep:pron="ɒn">on</w>
         <c> </c>
         <w xml:id="o4784-401470"
            n="265-a-0750"
            ecep:lem="the"
            ecep:pos="dt"
            ecep:reg="the"
            ecep:spe="the"
            ecep:syllab="1"
            ecep:pron="ðiː">the</w>
         <c> </c>
         <w xml:id="o4784-401480"
            n="265-a-0760"
            ecep:lem="way"
            ecep:pos="n1"
            ecep:reg="way"
            ecep:spe="way"
            ecep:syllab="1"
            ecep:pron="weɪ">way</w>
         <pc xml:id="o4784-401490"
             n="265-a-0770"
             ecep:lem=","
             ecep:pos=","
             ecep:reg=","
             ecep:spe=",">,</pc>
      </l>
      <l xml:id="o4784-l21690">
         <c> </c>
         <w xml:id="o4784-401500"
            n="265-a-0780"
            ecep:lem="a"
            ecep:pos="dt"
            ecep:reg="A"
            ecep:spe="A"
            ecep:syllab="1"
            ecep:pron="ə">A</w>
         <c> </c>
         <w xml:id="o4784-401510"
            n="265-a-0790"
            ecep:lem="sordid"
            ecep:pos="j"
            ecep:reg="fordid"
            ecep:spe="fordid"
            ecep:syllab="2"
            ecep:pron="fɔːˈdɪd">fordid</w>
         <c> </c>
         <w xml:id="o4784-401520"
            n="265-a-0800"
            ecep:lem="churl"
            ecep:pos="n1"
            ecep:reg="Churl"
            ecep:spe="Churl"
            ecep:syllab="1"
            ecep:pron="tʃɜːl">Churl</w>
         <c> </c>
         <w xml:id="o4784-401530"
            n="265-a-0810"
            ecep:lem="resolve"
            ecep:pos="vvd"
            ecep:reg="resolved"
            ecep:spe="resolv'd"
            ecep:syllab="2"
            ecep:pron="rɪˈzɒlvd">resolv'd</w>
         <c> </c>
         <w xml:id="o4784-401540"
            n="265-a-0820"
            ecep:lem="to"
            ecep:pos="pc-acp"
            ecep:reg="to"
            ecep:spe="to"
            ecep:syllab="1"
            ecep:pron="tuː">to</w>
         <c> </c>
         <w xml:id="o4784-401550"
            n="265-a-0830"
            ecep:lem="stay"
            ecep:pos="vvi"
            ecep:reg="stay"
            ecep:spe="stay"
            ecep:syllab="1"
            ecep:pron="steɪ">stay</w>
         <pc xml:id="o4784-401560"
             n="265-a-0840"
             ecep:lem=","
             ecep:pos=","
             ecep:reg=","
             ecep:spe=",">,</pc>
      </l>
      <l xml:id="o4784-l21695">
         <c> </c>
         <w xml:id="o4784-401570"
            n="265-a-0850"
            ecep:lem="and"
            ecep:pos="cc"
            ecep:reg="And"
            ecep:spe="And"
            ecep:syllab="1"
            ecep:pron="ænd">And</w>
         <c> </c>
         <w xml:id="o4784-401580"
            n="265-a-0860"
            ecep:lem="give"
            ecep:pos="vvi"
            ecep:reg="give"
            ecep:spe="give"
            ecep:syllab="1"
            ecep:pron="gɪv">give</w>
         <c> </c>
         <w xml:id="o4784-401590"
            n="265-a-0870"
            ecep:lem="his"
            ecep:pos="po31"
            ecep:reg="his"
            ecep:spe="his"
            ecep:syllab="1"
            ecep:pron="hɪz">his</w>
         <c> </c>
         <hi>
            <w xml:id="o4784-401600"
               n="265-a-0880"
               ecep:lem="horse"
               ecep:pos="n1"
               ecep:reg="Horse"
               ecep:spe="Horse"
               ecep:syllab="1"
               ecep:pron="hɔːs">Horse</w>
         </hi>
         <c> </c>
         <w xml:id="o4784-401610"
            n="265-a-0890"
            ecep:lem="a"
            ecep:pos="dt"
            ecep:reg="a"
            ecep:spe="a"
            ecep:syllab="1"
            ecep:pron="ə">a</w>
         <c> </c>
         <w xml:id="o4784-401620"
            n="265-a-0900"
            ecep:lem="bite"
            ecep:pos="vvb"
            ecep:reg="Bite"
            ecep:spe="Bite"
            ecep:syllab="1"
            ecep:pron="baɪt">Bite</w>
         <pc xml:id="o4784-401630"
             n="265-a-0910"
             ecep:lem=";"
             ecep:pos=";"
             ecep:reg=";"
             ecep:spe=";">;</pc>
      </l>
      <l xml:id="o4784-l21700">
         <c> </c>
         <w xml:id="o4784-401640"
            n="265-a-0920"
            ecep:lem="purloin"
            ecep:pos="vvg"
            ecep:reg="Purloining"
            ecep:spe="Purloining"
            ecep:syllab="3"
            ecep:pron="pɜːˈlɔɪnɪŋ">Purloining</w>
         <c> </c>
         <w xml:id="o4784-401650"
            n="265-a-0930"
            ecep:lem="so"
            ecep:pos="av"
            ecep:reg="so"
            ecep:spe="so"
            ecep:syllab="1"
            ecep:pron="səʊ">so</w>
         <c> </c>
         <w xml:id="o4784-401660"
            n="265-a-0940"
            ecep:lem="his"
            ecep:pos="po31"
            ecep:reg="his"
            ecep:spe="his"
            ecep:syllab="1"
            ecep:pron="hɪz">his</w>
         <c> </c>
         <w xml:id="o4784-401670"
            n="265-a-0950"
            ecep:lem="neighbour"
            ecep:pos="n2"
            ecep:reg="Neighbours"
            ecep:spe="Neighbours"
            ecep:syllab="2"
            ecep:pron="ˈneɪbəz">Neighbours</w>
         <c> </c>
         <w xml:id="o4784-401680"
            n="265-a-0960"
            ecep:lem="hay"
            ecep:pos="n1"
            ecep:reg="Hay"
            ecep:spe="Hay"
            ecep:syllab="1"
            ecep:pron="heɪ">Hay</w>
         <pc xml:id="o4784-401690"
             n="265-a-0970"
             ecep:lem=","
             ecep:pos=","
             ecep:reg=","
             ecep:spe=",">,</pc>
      </l>
      <l xml:id="o4784-l21705">
         <c> </c>
         <w xml:id="o4784-401700"
            n="265-a-0980"
            ecep:lem="that"
            ecep:pos="cst"
            ecep:reg="That"
            ecep:spe="That"
            ecep:syllab="1"
            ecep:pron="ðæt">That</w>
         <c> </c>
         <w xml:id="o4784-401710"
            n="265-a-0990"
            ecep:lem="at"
            ecep:pos="p-acp"
            ecep:reg="at"
            ecep:spe="at"
            ecep:syllab="1"
            ecep:pron="æt">at</w>
         <c> </c>
         <w xml:id="o4784-401720"
            n="265-a-1000"
            ecep:lem="the"
            ecep:pos="dt"
            ecep:reg="the"
            ecep:spe="the"
            ecep:syllab="1"
            ecep:pron="ðiː">the</w>
         <c> </c>
         <w xml:id="o4784-401730"
            n="265-a-1010"
            ecep:lem="inn"
            ecep:pos="n1"
            ecep:reg="Inn"
            ecep:spe="Inn"
            ecep:syllab="1"
            ecep:pron="ɪn">Inn</w>
         <c> </c>
         <w xml:id="o4784-401740"
            n="265-a-1020"
            ecep:lem="he"
            ecep:pos="pns31"
            ecep:reg="he"
            ecep:spe="he"
            ecep:syllab="1"
            ecep:pron="hiː">he</w>
         <c> </c>
         <w xml:id="o4784-401750"
            n="265-a-1030"
            ecep:lem="may"
            ecep:pos="vmd"
            ecep:reg="might"
            ecep:spe="might"
            ecep:syllab="1"
            ecep:pron="maɪt">might</w>
         <c> </c>
         <w xml:id="o4784-401760"
            n="265-a-1040"
            ecep:lem="not"
            ecep:pos="xx"
            ecep:reg="not"
            ecep:spe="not"
            ecep:syllab="1"
            ecep:pron="nɒt">not</w>
         <c> </c>
         <w xml:id="o4784-401770"
            n="265-a-1050"
            ecep:lem="pay"
            ecep:pos="vvi"
            ecep:reg="pay"
            ecep:spe="pay"
            ecep:syllab="1"
            ecep:pron="peɪ">pay</w>
      </l>
      <l xml:id="o4784-l21710">
         <c> </c>
         <w xml:id="o4784-401780"
            n="265-a-1060"
            ecep:lem="for"
            ecep:pos="p-acp"
            ecep:reg="For"
            ecep:spe="For"
            ecep:syllab="1"
            ecep:pron="fɔː">For</w>
         <c> </c>
         <w xml:id="o4784-401790"
            n="265-a-1070"
            ecep:lem="forage"
            ecep:pos="n1"
            ecep:reg="Forage"
            ecep:spe="Forage"
            ecep:syllab="2"
            ecep:pron="ˈfɒrɪdʒ">Forage</w>
         <c> </c>
         <w xml:id="o4784-401800"
            n="265-a-1080"
            ecep:lem="all"
            ecep:pos="d"
            ecep:reg="all"
            ecep:spe="all"
            ecep:syllab="1"
            ecep:pron="ɔːl">all</w>
         <c> </c>
         <w xml:id="o4784-401810"
            n="265-a-1090"
            ecep:lem="the"
            ecep:pos="dt"
            ecep:reg="the"
            ecep:spe="the"
            ecep:syllab="1"
            ecep:pron="ðiː">the</w>
         <c> </c>
         <w xml:id="o4784-401820"
            n="265-a-1100"
            ecep:lem="night"
            ecep:pos="n1"
            ecep:reg="Night"
            ecep:spe="Night"
            ecep:syllab="1"
            ecep:pron="naɪt">Night</w>
         <pc xml:id="o4784-401830"
             n="265-a-1110"
             unit="sentence"
             ecep:lem="."
             ecep:pos="."
             ecep:reg="."
             ecep:spe=".">.</pc>
         <c> </c>
      </l>
   </lg>
   <pb facs="266" n="258" rend="none"/>
   <lg xml:id="o4784-s01495">
      <l xml:id="o4784-l21715">
         <w xml:id="o4784-401860"
            n="266-a-0010"
            ecep:lem="with"
            ecep:pos="p-acp"
            ecep:reg="With"
            ecep:spe="With"
            ecep:syllab="1"
            ecep:pron="wɪð">With</w>
         <c> </c>
         <w xml:id="o4784-401870"
            n="266-a-0020"
            ecep:lem="heart"
            ecep:pos="ng1"
            ecep:reg="Heart's"
            ecep:spe="Heart's"
            ecep:syllab="1"
            ecep:pron="ˈhɑːts">Heart's</w>
         <c> </c>
         <w xml:id="o4784-401880"
            n="266-a-0030"
            ecep:lem="content"
            ecep:pos="n1"
            ecep:reg="content"
            ecep:spe="content"
            ecep:syllab="2"
            ecep:pron="ˈkɒntent">content</w>
         <c> </c>
         <w xml:id="o4784-401890"
            n="266-a-0040"
            ecep:lem="the"
            ecep:pos="dt"
            ecep:reg="the"
            ecep:spe="th'"
            ecep:syllab="0"
            ecep:pron="ð">th'</w>
         <c> </c>
         <w xml:id="o4784-401900"
            n="266-a-0050"
            ecep:lem="unload"
            ecep:pos="j-vvn"
            ecep:reg="unloaded"
            ecep:spe="unloaded"
            ecep:syllab="3"
            ecep:pron="ʌnˈləʊdɪd">unloaded</w>
         <c> </c>
         <w xml:id="o4784-401910"
            n="266-a-0060"
            ecep:lem="steed"
            ecep:pos="n1"
            ecep:reg="Steed"
            ecep:spe="Steed"
            ecep:syllab="1"
            ecep:pron="stiːd">Steed</w>
      </l>
      <l xml:id="o4784-l21720">
         <c> </c>
         <w xml:id="o4784-401920"
            n="266-a-0070"
            ecep:lem="begin"
            ecep:pos="vvd"
            ecep:reg="Began"
            ecep:spe="Began"
            ecep:syllab="2"
            ecep:pron="bɪˈgæn">Began</w>
         <c> </c>
         <w xml:id="o4784-401930"
            n="266-a-0080"
            ecep:lem="to"
            ecep:pos="pc-acp"
            ecep:reg="to"
            ecep:spe="to"
            ecep:syllab="1"
            ecep:pron="tuː">to</w>
         <c> </c>
         <w xml:id="o4784-401940"
            n="266-a-0090"
            ecep:lem="neigh"
            ecep:pos="vvi"
            ecep:reg="neigh"
            ecep:spe="neigh"
            ecep:syllab="1"
            ecep:pron="neɪ">neigh</w>
         <pc xml:id="o4784-401950"
             n="266-a-0100"
             ecep:lem=","
             ecep:pos=","
             ecep:reg=","
             ecep:spe=",">,</pc>
         <c> </c>
         <w xml:id="o4784-401960"
            n="266-a-0110"
            ecep:lem="and"
            ecep:pos="cc"
            ecep:reg="and"
            ecep:spe="and"
            ecep:syllab="1"
            ecep:pron="ænd">and</w>
         <c> </c>
         <w xml:id="o4784-401970"
            n="266-a-0120"
            ecep:lem="frisk"
            ecep:pos="n1"
            ecep:reg="frisk"
            ecep:spe="frisk"
            ecep:syllab="1"
            ecep:pron="frɪsk">frisk</w>
         <pc xml:id="o4784-401980"
             n="266-a-0130"
             ecep:lem=","
             ecep:pos=","
             ecep:reg=","
             ecep:spe=",">,</pc>
         <c> </c>
         <w xml:id="o4784-401990"
            n="266-a-0140"
            ecep:lem="and"
            ecep:pos="cc"
            ecep:reg="and"
            ecep:spe="and"
            ecep:syllab="1"
            ecep:pron="ænd">and</w>
         <c> </c>
         <w xml:id="o4784-402000"
            n="266-a-0150"
            ecep:lem="feed"
            ecep:pos="vvi"
            ecep:reg="feed"
            ecep:spe="feed"
            ecep:syllab="1"
            ecep:pron="fiːd">feed</w>
         <pc xml:id="o4784-402010"
             n="266-a-0160"
             ecep:lem=";"
             ecep:pos=";"
             ecep:reg=";"
             ecep:spe=";">;</pc>
      </l>
      <l xml:id="o4784-l21725">
         <c> </c>
         <w xml:id="o4784-402020"
            n="266-a-0170"
            ecep:lem="for"
            ecep:pos="c-acp"
            ecep:reg="For"
            ecep:spe="For"
            ecep:syllab="1"
            ecep:pron="fɔː">For</w>
         <c> </c>
         <w xml:id="o4784-402030"
            n="266-a-0180"
            ecep:lem="nothing"
            ecep:pos="pix"
            ecep:reg="nothing"
            ecep:spe="nothing"
            ecep:syllab="2"
            ecep:pron="ˈnʌθɪŋ">nothing</w>
         <c> </c>
         <w xml:id="o4784-402040"
            n="266-a-0190"
            ecep:lem="more"
            ecep:pos="av-dc"
            ecep:reg="more"
            ecep:spe="more"
            ecep:syllab="1"
            ecep:pron="mɔː">more</w>
         <c> </c>
         <w xml:id="o4784-402050"
            n="266-a-0200"
            ecep:lem="he"
            ecep:pos="pns31"
            ecep:reg="he"
            ecep:spe="he"
            ecep:syllab="1"
            ecep:pron="hiː">he</w>
         <c> </c>
         <w xml:id="o4784-402060"
            n="266-a-0210"
            ecep:lem="care"
            ecep:pos="vvd"
            ecep:reg="cared"
            ecep:spe="car'd"
            ecep:syllab="1"
            ecep:pron="keəd">car'd</w>
         <pc xml:id="o4784-402070"
             n="266-a-0220"
             ecep:lem=","
             ecep:pos=","
             ecep:reg=","
             ecep:spe=",">,</pc>
      </l>
      <l xml:id="o4784-l21730">
         <c> </c>
         <w xml:id="o4784-402080"
            n="266-a-0230"
            ecep:lem="since"
            ecep:pos="c-acp"
            ecep:reg="Since"
            ecep:spe="Since"
            ecep:syllab="1"
            ecep:pron="sɪns">Since</w>
         <c> </c>
         <w xml:id="o4784-402090"
            n="266-a-0240"
            ecep:lem="none"
            ecep:pos="pix"
            ecep:reg="none"
            ecep:spe="none"
            ecep:syllab="1"
            ecep:pron="nəʊn">none</w>
         <c> </c>
         <w xml:id="o4784-402100"
            n="266-a-0250"
            ecep:lem="of"
            ecep:pos="pp-f"
            ecep:reg="of"
            ecep:spe="of"
            ecep:syllab="1"
            ecep:pron="ɒv">of</w>
         <c> </c>
         <w xml:id="o4784-402110"
            n="266-a-0260"
            ecep:lem="all"
            ecep:pos="d"
            ecep:reg="all"
            ecep:spe="all"
            ecep:syllab="1"
            ecep:pron="ɔːl">all</w>
         <c> </c>
         <w xml:id="o4784-402120"
            n="266-a-0270"
            ecep:lem="his"
            ecep:pos="po31"
            ecep:reg="his"
            ecep:spe="his"
            ecep:syllab="1"
            ecep:pron="hɪz">his</w>
         <c> </c>
         <w xml:id="o4784-402130"
            n="266-a-0280"
            ecep:lem="master"
            ecep:pos="ng1"
            ecep:reg="Master's"
            ecep:spe="Master's"
            ecep:syllab="2"
            ecep:pron="ˈmɑːstəz">Master's</w>
         <c> </c>
         <w xml:id="o4784-402140"
            n="266-a-0290"
            ecep:lem="breed"
            ecep:pos="n1"
            ecep:reg="breed"
            ecep:spe="breed"
            ecep:syllab="1"
            ecep:pron="briːd">breed</w>
      </l>
      <l xml:id="o4784-l21735">
         <c> </c>
         <w xml:id="o4784-402150"
            n="266-a-0300"
            ecep:lem="ever"
            ecep:pos="av"
            ecep:reg="Ever"
            ecep:spe="E'er"
            ecep:syllab="1"
            ecep:pron="eə">E'er</w>
         <c> </c>
         <w xml:id="o4784-402160"
            n="266-a-0310"
            ecep:lem="sound"
            ecep:pos="vvi"
            ecep:reg="sound"
            ecep:spe="sound"
            ecep:syllab="1"
            ecep:pron="saʊnd">sound</w>
         <c> </c>
         <w xml:id="o4784-402170"
            n="266-a-0320"
            ecep:lem="such"
            ecep:pos="d"
            ecep:reg="such"
            ecep:spe="such"
            ecep:syllab="1"
            ecep:pron="sʌtʃ">such</w>
         <c> </c>
         <w xml:id="o4784-402180"
            n="266-a-0330"
            ecep:lem="pasture"
            ecep:pos="n1"
            ecep:reg="Pasture"
            ecep:spe="Pasture"
            ecep:syllab="2"
            ecep:pron="ˈpɑːstʃə">Pasture</w>
         <pc xml:id="o4784-402190"
             n="266-a-0340"
             ecep:lem=","
             ecep:pos=","
             ecep:reg=","
             ecep:spe=",">,</pc>
         <c> </c>
         <w xml:id="o4784-402200"
            n="266-a-0350"
            ecep:lem="at"
            ecep:pos="p-acp"
            ecep:reg="at"
            ecep:spe="at"
            ecep:syllab="1"
            ecep:pron="æt">at</w>
         <c> </c>
         <w xml:id="o4784-402210"
            n="266-a-0360"
            ecep:lem="their"
            ecep:pos="po32"
            ecep:reg="their"
            ecep:spe="their"
            ecep:syllab="1"
            ecep:pron="ðeə">their</w>
         <c> </c>
         <w xml:id="o4784-402220"
            n="266-a-0370"
            ecep:lem="need"
            ecep:pos="n1"
            ecep:reg="need"
            ecep:spe="need"
            ecep:syllab="1"
            ecep:pron="niːd">need</w>
         <pc xml:id="o4784-402230"
             n="266-a-0380"
             ecep:lem=","
             ecep:pos=","
             ecep:reg=","
             ecep:spe=",">,</pc>
      </l>
      <l xml:id="o4784-l21740">
         <c> </c>
         <w xml:id="o4784-402240"
            n="266-a-0390"
            ecep:lem="or"
            ecep:pos="cc"
            ecep:reg="Or"
            ecep:spe="Or"
            ecep:syllab="1"
            ecep:pron="ɔː">Or</w>
         <c> </c>
         <w xml:id="o4784-402250"
            n="266-a-0400"
            ecep:lem="half"
            ecep:pos="j-jn"
            ecep:reg="half"
            ecep:spe="half"
            ecep:syllab="1"
            ecep:pron="hɑːf">half</w>
         <c> </c>
         <w xml:id="o4784-402260"
            n="266-a-0410"
            ecep:lem="so"
            ecep:pos="av"
            ecep:reg="so"
            ecep:spe="so"
            ecep:syllab="1"
            ecep:pron="səʊ">so</w>
         <c> </c>
         <w xml:id="o4784-402270"
            n="266-a-0420"
            ecep:lem="well"
            ecep:pos="av"
            ecep:reg="well"
            ecep:spe="well"
            ecep:syllab="1"
            ecep:pron="wel">well</w>
         <c> </c>
         <w xml:id="o4784-402280"
            n="266-a-0430"
            ecep:lem="have"
            ecep:pos="vhd"
            ecep:reg="had"
            ecep:spe="had"
            ecep:syllab="1"
            ecep:pron="hæd">had</w>
         <c> </c>
         <w xml:id="o4784-402290"
            n="266-a-0440"
            ecep:lem="fare"
            ecep:pos="vvn"
            ecep:reg="fared"
            ecep:spe="far'd"
            ecep:syllab="1"
            ecep:pron="feəd">far'd</w>
         <pc xml:id="o4784-402300"
             n="266-a-0450"
             unit="sentence"
             ecep:lem="."
             ecep:pos="."
             ecep:reg="."
             ecep:spe=".">.</pc>
         <c> </c>
      </l>
   </lg>
   <lg xml:id="o4784-s01500">
      <l xml:id="o4784-l21745">
         <w xml:id="o4784-402330"
            n="266-a-0460"
            ecep:lem="when"
            ecep:pos="c-crq"
            ecep:reg="When"
            ecep:spe="When"
            ecep:syllab="1"
            ecep:pron="wen">When</w>
         <pc xml:id="o4784-402340"
             n="266-a-0470"
             ecep:lem=","
             ecep:pos=","
             ecep:reg=","
             ecep:spe=",">,</pc>
         <c> </c>
         <w xml:id="o4784-402350"
            n="266-a-0480"
            ecep:lem="in"
            ecep:pos="p-acp"
            ecep:reg="in"
            ecep:spe="in"
            ecep:syllab="1"
            ecep:pron="ɪn">in</w>
         <c> </c>
         <w xml:id="o4784-402360"
            n="266-a-0490"
            ecep:lem="the"
            ecep:pos="dt"
            ecep:reg="the"
            ecep:spe="the"
            ecep:syllab="1"
            ecep:pron="ðiː">the</w>
         <c> </c>
         <w xml:id="o4784-402370"
            n="266-a-0500"
            ecep:lem="turn"
            ecep:pos="n-vvg"
            ecep:reg="turning"
            ecep:spe="turning"
            ecep:syllab="2"
            ecep:pron="ˈtɜːnɪŋ">turning</w>
         <c> </c>
         <w xml:id="o4784-402380"
            n="266-a-0510"
            ecep:lem="of"
            ecep:pos="pp-f"
            ecep:reg="of"
            ecep:spe="of"
            ecep:syllab="1"
            ecep:pron="ɒv">of</w>
         <c> </c>
         <w xml:id="o4784-402390"
            n="266-a-0520"
            ecep:lem="a"
            ecep:pos="dt"
            ecep:reg="a"
            ecep:spe="a"
            ecep:syllab="1"
            ecep:pron="ə">a</w>
         <c> </c>
         <w xml:id="o4784-402400"
            n="266-a-0530"
            ecep:lem="hand"
            ecep:pos="n1"
            ecep:reg="Hand"
            ecep:spe="Hand"
            ecep:syllab="1"
            ecep:pron="hænd">Hand</w>
         <pc xml:id="o4784-402410"
             n="266-a-0540"
             ecep:lem=","
             ecep:pos=","
             ecep:reg=","
             ecep:spe=",">,</pc>
      </l>
      <l xml:id="o4784-l21750">
         <c> </c>
         <w xml:id="o4784-402420"
            n="266-a-0550"
            ecep:lem="out"
            ecep:pos="av"
            ecep:reg="Out"
            ecep:spe="Out"
            ecep:syllab="1"
            ecep:pron="aʊt">Out</w>
         <c> </c>
         <w xml:id="o4784-402430"
            n="266-a-0560"
            ecep:lem="come"
            ecep:pos="vvz"
            ecep:reg="comes"
            ecep:spe="comes"
            ecep:syllab="1"
            ecep:pron="kʌmz">comes</w>
         <c> </c>
         <w xml:id="o4784-402440"
            n="266-a-0570"
            ecep:lem="the"
            ecep:pos="dt"
            ecep:reg="the"
            ecep:spe="the"
            ecep:syllab="1"
            ecep:pron="ðiː">the</w>
         <c> </c>
         <w xml:id="o4784-402450"
            n="266-a-0580"
            ecep:lem="owner"
            ecep:pos="n1"
            ecep:reg="Owner"
            ecep:spe="Owner"
            ecep:syllab="2"
            ecep:pron="əʊnə">Owner</w>
         <c> </c>
         <w xml:id="o4784-402460"
            n="266-a-0590"
            ecep:lem="of"
            ecep:pos="pp-f"
            ecep:reg="of"
            ecep:spe="of"
            ecep:syllab="1"
            ecep:pron="ɒv">of</w>
         <c> </c>
         <w xml:id="o4784-402470"
            n="266-a-0600"
            ecep:lem="the"
            ecep:pos="dt"
            ecep:reg="the"
            ecep:spe="the"
            ecep:syllab="1"
            ecep:pron="ðiː">the</w>
         <c> </c>
         <w xml:id="o4784-402480"
            n="266-a-0610"
            ecep:lem="land"
            ecep:pos="n1"
            ecep:reg="Land"
            ecep:spe="Land"
            ecep:syllab="1"
            ecep:pron="lænd">Land</w>
         <pc xml:id="o4784-402490"
             n="266-a-0620"
             ecep:lem=","
             ecep:pos=","
             ecep:reg=","
             ecep:spe=",">,</pc>
      </l>
      <l xml:id="o4784-l21755">
         <c> </c>
         <w xml:id="o4784-402500"
            n="266-a-0630"
            ecep:lem="and"
            ecep:pos="cc"
            ecep:reg="And"
            ecep:spe="And"
            ecep:syllab="1"
            ecep:pron="ænd">And</w>
         <c> </c>
         <w xml:id="o4784-402510"
            n="266-a-0640"
            ecep:lem="do"
            ecep:pos="vvz"
            ecep:reg="do's"
            ecep:spe="do's"
            ecep:syllab="1"
            ecep:pron="duːz">do's</w>
         <c> </c>
         <w xml:id="o4784-402520"
            n="266-a-0650"
            ecep:lem="the"
            ecep:pos="dt"
            ecep:reg="the"
            ecep:spe="the"
            ecep:syllab="1"
            ecep:pron="ðiː">the</w>
         <c> </c>
         <w xml:id="o4784-402530"
            n="266-a-0660"
            ecep:lem="trespass"
            ecep:pos="n1"
            ecep:reg="Trespass"
            ecep:spe="Trespass"
            ecep:syllab="2"
            ecep:pron="ˈtrespəs">Trespass</w>
         <c> </c>
         <w xml:id="o4784-402540"
            n="266-a-0670"
            ecep:lem="eye"
            ecep:pos="n1"
            ecep:reg="eye"
            ecep:spe="eye"
            ecep:syllab="1"
            ecep:pron="aɪ">eye</w>
         <pc xml:id="o4784-402550"
             n="266-a-0680"
             ecep:lem=";"
             ecep:pos=";"
             ecep:reg=";"
             ecep:spe=";">;</pc>
      </l>
      <l xml:id="o4784-l21760">
         <c> </c>
         <w xml:id="o4784-402560"
            n="266-a-0690"
            ecep:lem="which"
            ecep:pos="r-crq"
            ecep:reg="Which"
            ecep:spe="Which"
            ecep:syllab="1"
            ecep:pron="wɪtʃ">Which</w>
         <c> </c>
         <w xml:id="o4784-402570"
            n="266-a-0700"
            ecep:lem="put"
            ecep:pos="vvz"
            ecep:reg="puts"
            ecep:spe="puts"
            ecep:syllab="1"
            ecep:pron="pʊts">puts</w>
         <c> </c>
         <w xml:id="o4784-402580"
            n="266-a-0710"
            ecep:lem="poor"
            ecep:pos="j"
            ecep:reg="poor"
            ecep:spe="poor"
            ecep:syllab="1"
            ecep:pron="pɔː">poor</w>
         <c> </c>
         <hi>
            <w xml:id="o4784-402590"
               n="266-a-0720"
               ecep:lem="Bayard"
               ecep:pos="np1"
               ecep:reg="Bayard"
               ecep:spe="Bayard"
               ecep:syllab="2"
               ecep:pron="ˈbeɪəd">Bayard</w>
         </hi>
         <c> </c>
         <w xml:id="o4784-402600"
            n="266-a-0730"
            ecep:lem="to"
            ecep:pos="p-acp"
            ecep:reg="to"
            ecep:spe="to"
            ecep:syllab="1"
            ecep:pron="tuː">to</w>
         <c> </c>
         <w xml:id="o4784-402610"
            n="266-a-0740"
            ecep:lem="a"
            ecep:pos="dt"
            ecep:reg="a"
            ecep:spe="a"
            ecep:syllab="1"
            ecep:pron="ə">a</w>
         <c> </c>
         <w xml:id="o4784-402620"
            n="266-a-0750"
            ecep:lem="stand"
            ecep:pos="vvb"
            ecep:reg="Stand"
            ecep:spe="Stand"
            ecep:syllab="1"
            ecep:pron="stænd">Stand</w>
         <pc xml:id="o4784-402630"
             n="266-a-0760"
             ecep:lem=","
             ecep:pos=","
             ecep:reg=","
             ecep:spe=",">,</pc>
      </l>
      <l xml:id="o4784-l21765">
         <c> </c>
         <w xml:id="o4784-402640"
            n="266-a-0770"
            ecep:lem="for"
            ecep:pos="c-acp"
            ecep:reg="For"
            ecep:spe="For"
            ecep:syllab="1"
            ecep:pron="fɔː">For</w>
         <c> </c>
         <w xml:id="o4784-402650"
            n="266-a-0780"
            ecep:lem="now"
            ecep:pos="av"
            ecep:reg="now"
            ecep:spe="now"
            ecep:syllab="1"
            ecep:pron="naʊ">now</w>
         <c> </c>
         <w xml:id="o4784-402660"
            n="266-a-0790"
            ecep:lem="his"
            ecep:pos="po31"
            ecep:reg="his"
            ecep:spe="his"
            ecep:syllab="1"
            ecep:pron="hɪz">his</w>
         <c> </c>
         <w xml:id="o4784-402670"
            n="266-a-0800"
            ecep:lem="master"
            ecep:pos="n1"
            ecep:reg="Master"
            ecep:spe="Master"
            ecep:syllab="2"
            ecep:pron="ˈmɑːstə">Master</w>
         <c> </c>
         <w xml:id="o4784-402680"
            n="266-a-0810"
            ecep:lem="do|his"
            ecep:pos="vdi|po31"
            ecep:reg="do's"
            ecep:spe="do's"
            ecep:syllab="1"
            ecep:pron="duːz">do's</w>
         <c> </c>
         <w xml:id="o4784-402690"
            n="266-a-0820"
            ecep:lem="command"
            ecep:pos="vvi"
            ecep:reg="command"
            ecep:spe="command"
            ecep:syllab="2"
            ecep:pron="kəˈmɑːnd">command</w>
      </l>
      <l xml:id="o4784-l21770">
         <c> </c>
         <w xml:id="o4784-402700"
            n="266-a-0830"
            ecep:lem="he"
            ecep:pos="pno31"
            ecep:reg="Him"
            ecep:spe="Him"
            ecep:syllab="1"
            ecep:pron="hɪm">Him</w>
         <c> </c>
         <w xml:id="o4784-402710"
            n="266-a-0840"
            ecep:lem="to"
            ecep:pos="pc-acp"
            ecep:reg="to"
            ecep:spe="to"
            ecep:syllab="1"
            ecep:pron="tuː">to</w>
         <c> </c>
         <w xml:id="o4784-402720"
            n="266-a-0850"
            ecep:lem="return"
            ecep:pos="vvi"
            ecep:reg="return"
            ecep:spe="return"
            ecep:syllab="2"
            ecep:pron="rɪˈtɜːn">return</w>
         <c> </c>
         <w xml:id="o4784-402730"
            n="266-a-0860"
            ecep:lem="and"
            ecep:pos="cc"
            ecep:reg="and"
            ecep:spe="and"
            ecep:syllab="1"
            ecep:pron="ænd">and</w>
         <c> </c>
         <w xml:id="o4784-402740"
            n="266-a-0870"
            ecep:lem="fly"
            ecep:pos="vvi"
            ecep:reg="fly"
            ecep:spe="fly"
            ecep:syllab="1"
            ecep:pron="flaɪ">fly</w>
         <pc xml:id="o4784-402750"
             n="266-a-0880"
             unit="sentence"
             ecep:lem="."
             ecep:pos="."
             ecep:reg="."
             ecep:spe=".">.</pc>
         <c> </c>
      </l>
   </lg>
   <lg xml:id="o4784-s01505">
      <l xml:id="o4784-l21775">
         <w xml:id="o4784-402780"
            n="266-a-0890"
            ecep:lem="but"
            ecep:pos="p-acp"
            ecep:reg="But"
            ecep:spe="But"
            ecep:syllab="1"
            ecep:pron="bʌt">But</w>
         <c> </c>
         <w xml:id="o4784-402790"
            n="266-a-0900"
            ecep:lem="hunger"
            ecep:pos="n1"
            ecep:reg="Hunger"
            ecep:spe="Hunger"
            ecep:syllab="2"
            ecep:pron="ˈhʌŋgə">Hunger</w>
         <c> </c>
         <w xml:id="o4784-402800"
            n="266-a-0910"
            ecep:lem="quicken"
            ecep:pos="vvg"
            ecep:reg="quickening"
            ecep:spe="quick'ning"
            ecep:syllab="2"
            ecep:pron="kwˈɪknɪŋ">quick'ning</w>
         <c> </c>
         <w xml:id="o4784-402810"
            n="266-a-0920"
            ecep:lem="up"
            ecep:pos="a-acp"
            ecep:reg="up"
            ecep:spe="up"
            ecep:syllab="1"
            ecep:pron="ʌp">up</w>
         <c> </c>
         <w xml:id="o4784-402820"
            n="266-a-0930"
            ecep:lem="his"
            ecep:pos="po31"
            ecep:reg="his"
            ecep:spe="his"
            ecep:syllab="1"
            ecep:pron="hɪz">his</w>
         <c> </c>
         <w xml:id="o4784-402830"
            n="266-a-0940"
            ecep:lem="wit"
            ecep:pos="n1"
            ecep:reg="Wit"
            ecep:spe="Wit"
            ecep:syllab="1"
            ecep:pron="wɪt">Wit</w>
         <pc xml:id="o4784-402840"
             n="266-a-0950"
             ecep:lem=","
             ecep:pos=","
             ecep:reg=","
             ecep:spe=",">,</pc>
      </l>
      <l xml:id="o4784-l21780">
         <c> </c>
         <w xml:id="o4784-402850"
            n="266-a-0960"
            ecep:lem="and"
            ecep:pos="cc"
            ecep:reg="And"
            ecep:spe="And"
            ecep:syllab="1"
            ecep:pron="ænd">And</w>
         <c> </c>
         <w xml:id="o4784-402860"
            n="266-a-0970"
            ecep:lem="grass"
            ecep:pos="n1"
            ecep:reg="Grass"
            ecep:spe="Grass"
            ecep:syllab="1"
            ecep:pron="grɑːs">Grass</w>
         <c> </c>
         <w xml:id="o4784-402870"
            n="266-a-0980"
            ecep:lem="be"
            ecep:pos="vbg"
            ecep:reg="being"
            ecep:spe="being"
            ecep:syllab="2"
            ecep:pron="ˈbiːɪŋ">being</w>
         <c> </c>
         <w xml:id="o4784-402880"
            n="266-a-0990"
            ecep:lem="sweet"
            ecep:pos="jc"
            ecep:reg="sweeter"
            ecep:spe="sweeter"
            ecep:syllab="2"
            ecep:pron="swiːtə">sweeter</w>
         <c> </c>
         <w xml:id="o4784-402890"
            n="266-a-1000"
            ecep:lem="than"
            ecep:pos="cs"
            ecep:reg="than"
            ecep:spe="than"
            ecep:syllab="1"
            ecep:pron="ðæn">than</w>
         <c> </c>
         <w xml:id="o4784-402900"
            n="266-a-1010"
            ecep:lem="the"
            ecep:pos="dt"
            ecep:reg="the"
            ecep:spe="the"
            ecep:syllab="1"
            ecep:pron="ðiː">the</w>
         <c> </c>
         <w xml:id="o4784-402910"
            n="266-a-1020"
            ecep:lem="bit"
            ecep:pos="n1"
            ecep:reg="Bit"
            ecep:spe="Bit"
            ecep:syllab="1"
            ecep:pron="bɪt">Bit</w>
         <pc xml:id="o4784-402920"
             n="266-a-1030"
             ecep:lem=","
             ecep:pos=","
             ecep:reg=","
             ecep:spe=",">,</pc>
      </l>
      <l xml:id="o4784-l21785">
         <c> </c>
         <w xml:id="o4784-402930"
            n="266-a-1040"
            ecep:lem="he"
            ecep:pos="pns31"
            ecep:reg="He"
            ecep:spe="He"
            ecep:syllab="1"
            ecep:pron="hiː">He</w>
         <c> </c>
         <w xml:id="o4784-402940"
            n="266-a-1050"
            ecep:lem="to"
            ecep:pos="p-acp"
            ecep:reg="to"
            ecep:spe="to"
            ecep:syllab="1"
            ecep:pron="tuː">to</w>
         <c> </c>
         <w xml:id="o4784-402950"
            n="266-a-1060"
            ecep:lem="the"
            ecep:pos="dt"
            ecep:reg="the"
            ecep:spe="the"
            ecep:syllab="1"
            ecep:pron="ðiː">the</w>
         <c> </c>
         <w xml:id="o4784-402960"
            n="266-a-1070"
            ecep:lem="clown"
            ecep:pos="n1"
            ecep:reg="Clown"
            ecep:spe="Clown"
            ecep:syllab="1"
            ecep:pron="klaʊn">Clown</w>
         <c> </c>
         <w xml:id="o4784-402970"
            n="266-a-1080"
            ecep:lem="reply"
            ecep:pos="vvd"
            ecep:reg="replied"
            ecep:spe="reply'd"
            ecep:syllab="2"
            ecep:pron="rɪˈplaɪd">reply'd</w>
         <pc xml:id="o4784-402980"
             n="266-a-1090"
             ecep:lem=":"
             ecep:pos=":"
             ecep:reg=":"
             ecep:spe=":">:</pc>
      </l>
      <l xml:id="o4784-l21790">
         <c> </c>
         <w xml:id="o4784-402990"
            n="266-a-1100"
            ecep:lem="shall"
            ecep:pos="vmb"
            ecep:reg="Shall"
            ecep:spe="Shall"
            ecep:syllab="1"
            ecep:pron="ʃæl">Shall</w>
         <c> </c>
         <w xml:id="o4784-403000"
            n="266-a-1110"
            ecep:lem="i"
            ecep:pos="pns11"
            ecep:reg="I"
            ecep:spe="I"
            ecep:syllab="1"
            ecep:pron="aɪ">I</w>
         <c> </c>
         <w xml:id="o4784-403010"
            n="266-a-1120"
            ecep:lem="for"
            ecep:pos="p-acp"
            ecep:reg="for"
            ecep:spe="for"
            ecep:syllab="1"
            ecep:pron="fɔː">for</w>
         <c> </c>
         <w xml:id="o4784-403020"
            n="266-a-1130"
            ecep:lem="you"
            ecep:pos="pn22"
            ecep:reg="you"
            ecep:spe="you"
            ecep:syllab="1"
            ecep:pron="juː">you</w>
         <c> </c>
         <w xml:id="o4784-403030"
            n="266-a-1140"
            ecep:lem="this"
            ecep:pos="d"
            ecep:reg="this"
            ecep:spe="this"
            ecep:syllab="1"
            ecep:pron="ðɪs">this</w>
         <c> </c>
         <w xml:id="o4784-403040"
            n="266-a-1150"
            ecep:lem="dinner"
            ecep:pos="n1"
            ecep:reg="Dinner"
            ecep:spe="Dinner"
            ecep:syllab="2"
            ecep:pron="ˈdɪnə">Dinner</w>
         <c> </c>
         <w xml:id="o4784-403050"
            n="266-a-1160"
            ecep:lem="quit"
            ecep:pos="vvi"
            ecep:reg="quit"
            ecep:spe="quit"
            ecep:syllab="1"
            ecep:pron="kwɪt">quit</w>
         <pc xml:id="o4784-403060"
             n="266-a-1170"
             ecep:lem=","
             ecep:pos=","
             ecep:reg=","
             ecep:spe=",">,</pc>
      </l>
      <l xml:id="o4784-l21795">
         <c> </c>
         <w xml:id="o4784-403070"
            n="266-a-1180"
            ecep:lem="who"
            ecep:pos="q-crq"
            ecep:reg="Who"
            ecep:spe="Who"
            ecep:syllab="1"
            ecep:pron="huː">Who</w>
         <c> </c>
         <w xml:id="o4784-403080"
            n="266-a-1190"
            ecep:lem="to"
            ecep:pos="p-acp"
            ecep:reg="to"
            ecep:spe="to"
            ecep:syllab="1"
            ecep:pron="tuː">to</w>
         <c> </c>
         <w xml:id="o4784-403090"
            n="266-a-1200"
            ecep:lem="my"
            ecep:pos="po11"
            ecep:reg="my"
            ecep:spe="my"
            ecep:syllab="1"
            ecep:pron="maɪ">my</w>
         <c> </c>
         <w xml:id="o4784-403100"
            n="266-a-1210"
            ecep:lem="back"
            ecep:pos="av"
            ecep:reg="Back"
            ecep:spe="Back"
            ecep:syllab="1"
            ecep:pron="bæk">Back</w>
         <c> </c>
         <w xml:id="o4784-403110"
            n="266-a-1220"
            ecep:lem="hard"
            ecep:pos="j"
            ecep:reg="hard"
            ecep:spe="hard"
            ecep:syllab="1"
            ecep:pron="hɑːd">hard</w>
         <c> </c>
         <w xml:id="o4784-403120"
            n="266-a-1230"
            ecep:lem="burden"
            ecep:pos="n2"
            ecep:reg="Burdens"
            ecep:spe="Burdens"
            ecep:syllab="2"
            ecep:pron="ˈbɜːdnz">Burdens</w>
         <c> </c>
         <w xml:id="o4784-403130"
            n="266-a-1240"
            ecep:lem="sit"
            ecep:pos="vvi"
            ecep:reg="sit"
            ecep:spe="sit"
            ecep:syllab="1"
            ecep:pron="sɪt">sit</w>
         <pc xml:id="o4784-403140"
             n="266-a-1250"
             ecep:lem=","
             ecep:pos=","
             ecep:reg=","
             ecep:spe=",">,</pc>
      </l>
      <l xml:id="o4784-l21800">
         <c> </c>
         <w xml:id="o4784-403150"
            n="266-a-1260"
            ecep:lem="and"
            ecep:pos="cc"
            ecep:reg="And"
            ecep:spe="And"
            ecep:syllab="1"
            ecep:pron="ænd">And</w>
         <c> </c>
         <w xml:id="o4784-403160"
            n="266-a-1270"
            ecep:lem="to"
            ecep:pos="p-acp"
            ecep:reg="to"
            ecep:spe="to"
            ecep:syllab="1"
            ecep:pron="tuː">to</w>
         <c> </c>
         <w xml:id="o4784-403170"
            n="266-a-1280"
            ecep:lem="the"
            ecep:pos="dt"
            ecep:reg="the"
            ecep:spe="the"
            ecep:syllab="1"
            ecep:pron="ðiː">the</w>
         <c> </c>
         <w xml:id="o4784-403180"
            n="266-a-1290"
            ecep:lem="death"
            ecep:pos="n1"
            ecep:reg="Death"
            ecep:spe="Death"
            ecep:syllab="1"
            ecep:pron="deθ">Death</w>
         <c> </c>
         <w xml:id="o4784-403190"
            n="266-a-1300"
            ecep:lem="will"
            ecep:pos="vmd"
            ecep:reg="would"
            ecep:spe="wou'd"
            ecep:syllab="1"
            ecep:pron="wʊd">wou'd</w>
         <c> </c>
         <w xml:id="o4784-403200"
            n="266-a-1310"
            ecep:lem="ride"
            ecep:pos="vvi"
            ecep:reg="ride"
            ecep:spe="ride"
            ecep:syllab="1"
            ecep:pron="raɪd">ride</w>
         <pc xml:id="o4784-403210"
             n="266-a-1320"
             unit="sentence"
             ecep:lem="?"
             ecep:pos="?"
             ecep:reg="?"
             ecep:spe="?">?</pc>
         <c> </c>
      </l>
   </lg>
   <pb facs="267" n="259" rend="none"/>
   <lg xml:id="o4784-s01510">
      <l xml:id="o4784-l21805">
         <w xml:id="o4784-403240"
            n="267-a-0010"
            ecep:lem="no"
            ecep:pos="uh-x"
            ecep:reg="No"
            ecep:spe="No"
            ecep:syllab="1"
            ecep:pron="nəʊ">No</w>
         <pc xml:id="o4784-403250"
             n="267-a-0020"
             ecep:lem=";"
             ecep:pos=";"
             ecep:reg=";"
             ecep:spe=";">;</pc>
         <c> </c>
         <w xml:id="o4784-403260"
            n="267-a-0030"
            ecep:lem="shall"
            ecep:pos="vmd"
            ecep:reg="should"
            ecep:spe="shou'd"
            ecep:syllab="1"
            ecep:pron="ʃʊd">shou'd</w>
         <c> </c>
         <w xml:id="o4784-403270"
            n="267-a-0040"
            ecep:lem="i"
            ecep:pos="pns11"
            ecep:reg="I"
            ecep:spe="I"
            ecep:syllab="1"
            ecep:pron="aɪ">I</w>
         <c> </c>
         <w xml:id="o4784-403280"
            n="267-a-0050"
            ecep:lem="as"
            ecep:pos="p-acp"
            ecep:reg="as"
            ecep:spe="as"
            ecep:syllab="1"
            ecep:pron="æz">as</w>
         <c> </c>
         <w xml:id="o4784-403290"
            n="267-a-0060"
            ecep:lem="a"
            ecep:pos="dt"
            ecep:reg="a"
            ecep:spe="a"
            ecep:syllab="1"
            ecep:pron="ə">a</w>
         <c> </c>
         <w xml:id="o4784-403300"
            n="267-a-0070"
            ecep:lem="stray"
            ecep:pos="n1"
            ecep:reg="Stray"
            ecep:spe="Stray"
            ecep:syllab="1"
            ecep:pron="streɪ">Stray</w>
         <c> </c>
         <w xml:id="o4784-403310"
            n="267-a-0080"
            ecep:lem="be"
            ecep:pos="vbi"
            ecep:reg="be"
            ecep:spe="be"
            ecep:syllab="1"
            ecep:pron="biː">be</w>
         <c> </c>
         <w xml:id="o4784-403320"
            n="267-a-0090"
            ecep:lem="find"
            ecep:pos="vvn"
            ecep:reg="found"
            ecep:spe="found"
            ecep:syllab="1"
            ecep:pron="faʊnd">found</w>
         <pc xml:id="o4784-403330"
             n="267-a-0100"
             ecep:lem=","
             ecep:pos=","
             ecep:reg=","
             ecep:spe=",">,</pc>
      </l>
      <l xml:id="o4784-l21810">
         <c> </c>
         <w xml:id="o4784-403340"
            n="267-a-0110"
            ecep:lem="and"
            ecep:pos="cc"
            ecep:reg="And"
            ecep:spe="And"
            ecep:syllab="1"
            ecep:pron="ænd">And</w>
         <c> </c>
         <w xml:id="o4784-403350"
            n="267-a-0120"
            ecep:lem="seize"
            ecep:pos="vvd"
            ecep:reg="seized"
            ecep:spe="seiz'd"
            ecep:syllab="1"
            ecep:pron="siːzd">seiz'd</w>
         <c> </c>
         <w xml:id="o4784-403360"
            n="267-a-0130"
            ecep:lem="upon"
            ecep:pos="p-acp"
            ecep:reg="upon"
            ecep:spe="upon"
            ecep:syllab="2"
            ecep:pron="əˈpɒn">upon</w>
         <c> </c>
         <w xml:id="o4784-403370"
            n="267-a-0140"
            ecep:lem="forbid"
            ecep:pos="j-vvn"
            ecep:reg="forbidden"
            ecep:spe="forbidden"
            ecep:syllab="3"
            ecep:pron="fəˈbɪdn">forbidden</w>
         <c> </c>
         <w xml:id="o4784-403380"
            n="267-a-0150"
            ecep:lem="ground"
            ecep:pos="n1"
            ecep:reg="Ground"
            ecep:spe="Ground"
            ecep:syllab="1"
            ecep:pron="graʊnd">Ground</w>
         <pc xml:id="o4784-403390"
             n="267-a-0160"
             ecep:lem=","
             ecep:pos=","
             ecep:reg=","
             ecep:spe=",">,</pc>
      </l>
      <l xml:id="o4784-l21815">
         <c> </c>
         <w xml:id="o4784-403400"
            n="267-a-0170"
            ecep:lem="i|will"
            ecep:pos="pns11|vmb"
            ecep:reg="I'll"
            ecep:spe="I'll"
            ecep:syllab="1"
            ecep:pron="ˈaɪl">I'll</w>
         <c> </c>
         <w xml:id="o4784-403410"
            n="267-a-0180"
            ecep:lem="on"
            ecep:pos="p-acp"
            ecep:reg="on"
            ecep:spe="on"
            ecep:syllab="1"
            ecep:pron="ɒn">on</w>
         <c> </c>
         <w xml:id="o4784-403420"
            n="267-a-0190"
            ecep:lem="this"
            ecep:pos="d"
            ecep:reg="this"
            ecep:spe="this"
            ecep:syllab="1"
            ecep:pron="ðɪs">this</w>
         <c> </c>
         <w xml:id="o4784-403430"
            n="267-a-0200"
            ecep:lem="spot"
            ecep:pos="n1"
            ecep:reg="Spot"
            ecep:spe="Spot"
            ecep:syllab="1"
            ecep:pron="spɒt">Spot</w>
         <c> </c>
         <w xml:id="o4784-403440"
            n="267-a-0210"
            ecep:lem="stand"
            ecep:pos="vvb"
            ecep:reg="stand"
            ecep:spe="stand"
            ecep:syllab="1"
            ecep:pron="stænd">stand</w>
         <c> </c>
         <w xml:id="o4784-403450"
            n="267-a-0220"
            ecep:lem="still"
            ecep:pos="av"
            ecep:reg="still"
            ecep:spe="still"
            ecep:syllab="1"
            ecep:pron="stɪl">still</w>
         <pc xml:id="o4784-403460"
             n="267-a-0230"
             ecep:lem=";"
             ecep:pos=";"
             ecep:reg=";"
             ecep:spe=";">;</pc>
      </l>
      <l xml:id="o4784-l21820">
         <c> </c>
         <w xml:id="o4784-403470"
            n="267-a-0240"
            ecep:lem="for"
            ecep:pos="p-acp"
            ecep:reg="For"
            ecep:spe="For"
            ecep:syllab="1"
            ecep:pron="fɔː">For</w>
         <c> </c>
         <w xml:id="o4784-403480"
            n="267-a-0250"
            ecep:lem="though"
            ecep:pos="c-acp"
            ecep:reg="though"
            ecep:spe="tho'"
            ecep:syllab="1"
            ecep:pron="ðəʊ">tho'</w>
         <c> </c>
         <w xml:id="o4784-403490"
            n="267-a-0260"
            ecep:lem="new"
            ecep:pos="j"
            ecep:reg="new"
            ecep:spe="new"
            ecep:syllab="1"
            ecep:pron="njuː">new</w>
         <c> </c>
         <w xml:id="o4784-403500"
            n="267-a-0270"
            ecep:lem="rider"
            ecep:pos="n2"
            ecep:reg="Riders"
            ecep:spe="Riders"
            ecep:syllab="2"
            ecep:pron="ˈraɪdəz">Riders</w>
         <c> </c>
         <w xml:id="o4784-403510"
            n="267-a-0280"
            ecep:lem="shall"
            ecep:pos="vmd"
            ecep:reg="should"
            ecep:spe="shou'd"
            ecep:syllab="1"
            ecep:pron="ʃʊd">shou'd</w>
         <c> </c>
         <w xml:id="o4784-403520"
            n="267-a-0290"
            ecep:lem="abound"
            ecep:pos="vvi"
            ecep:reg="abound"
            ecep:spe="abound"
            ecep:syllab="2"
            ecep:pron="əˈbaʊnd">abound</w>
         <pc xml:id="o4784-403530"
             n="267-a-0300"
             ecep:lem=","
             ecep:pos=","
             ecep:reg=","
             ecep:spe=",">,</pc>
      </l>
      <l xml:id="o4784-l21825">
         <c> </c>
         <pc xml:id="o4784-403540"
             n="267-a-0310"
             ecep:lem="("
             ecep:pos="("
             ecep:reg="("
             ecep:spe="(">(</pc>
         <w xml:id="o4784-403550"
            n="267-a-0320"
            ecep:lem="or"
            ecep:pos="cc"
            ecep:reg="Or"
            ecep:spe="Or"
            ecep:syllab="1"
            ecep:pron="ɔː">Or</w>
         <c> </c>
         <w xml:id="o4784-403560"
            n="267-a-0330"
            ecep:lem="do"
            ecep:pos="vdd"
            ecep:reg="did"
            ecep:spe="did"
            ecep:syllab="1"
            ecep:pron="dɪd">did</w>
         <c> </c>
         <w xml:id="o4784-403570"
            n="267-a-0340"
            ecep:lem="mankind"
            ecep:pos="n1"
            ecep:reg="Mankind"
            ecep:spe="Mankind"
            ecep:syllab="2"
            ecep:pron="mænˈkaɪnd">Mankind</w>
         <c> </c>
         <w xml:id="o4784-403580"
            n="267-a-0350"
            ecep:lem="this"
            ecep:pos="d"
            ecep:reg="this"
            ecep:spe="this"
            ecep:syllab="1"
            ecep:pron="ðɪs">this</w>
         <c> </c>
         <w xml:id="o4784-403590"
            n="267-a-0360"
            ecep:lem="field"
            ecep:pos="n1"
            ecep:reg="Field"
            ecep:spe="Field"
            ecep:syllab="1"
            ecep:pron="ˈfiːld">Field</w>
         <c> </c>
         <w xml:id="o4784-403600"
            n="267-a-0370"
            ecep:lem="surround"
            ecep:pos="vvi"
            ecep:reg="surround"
            ecep:spe="surround"
            ecep:syllab="2"
            ecep:pron="səˈraʊnd">surround</w>
         <pc xml:id="o4784-403610"
             n="267-a-0380"
             ecep:lem=")"
             ecep:pos=")"
             ecep:reg=")"
             ecep:spe=")">)</pc>
      </l>
      <l xml:id="o4784-l21830">
         <c> </c>
         <w xml:id="o4784-403620"
            n="267-a-0390"
            ecep:lem="they"
            ecep:pos="pns32"
            ecep:reg="They"
            ecep:spe="They"
            ecep:syllab="1"
            ecep:pron="ðeɪ">They</w>
         <c> </c>
         <w xml:id="o4784-403630"
            n="267-a-0400"
            ecep:lem="can"
            ecep:pos="vmd"
            ecep:reg="could"
            ecep:spe="cou'd"
            ecep:syllab="1"
            ecep:pron="kʊd">cou'd</w>
         <c> </c>
         <w xml:id="o4784-403640"
            n="267-a-0410"
            ecep:lem="but"
            ecep:pos="p-acp"
            ecep:reg="but"
            ecep:spe="but"
            ecep:syllab="1"
            ecep:pron="bʌt">but</w>
         <c> </c>
         <w xml:id="o4784-403650"
            n="267-a-0420"
            ecep:lem="use"
            ecep:pos="vvi"
            ecep:reg="use"
            ecep:spe="use"
            ecep:syllab="1"
            ecep:pron="juːz">use</w>
         <c> </c>
         <w xml:id="o4784-403660"
            n="267-a-0430"
            ecep:lem="i"
            ecep:pos="pno11"
            ecep:reg="me"
            ecep:spe="me"
            ecep:syllab="1"
            ecep:pron="miː">me</w>
         <c> </c>
         <w xml:id="o4784-403670"
            n="267-a-0440"
            ecep:lem="ill"
            ecep:pos="av-jn"
            ecep:reg="ill"
            ecep:spe="ill"
            ecep:syllab="1"
            ecep:pron="ɪl">ill</w>
         <pc xml:id="o4784-403680"
             n="267-a-0450"
             unit="sentence"
             ecep:lem="."
             ecep:pos="."
             ecep:reg="."
             ecep:spe=".">.</pc>
         <c> </c>
      </l>
   </lg>
   <lg rhyme="aa" xml:id="o4784-s01515">
      <l xml:id="o4784-l21835">
         <hi>
            <w xml:id="o4784-403710"
               n="267-a-0460"
               ecep:lem="urge"
               ecep:pos="vvb"
               ecep:reg="Urge"
               ecep:spe="Urge"
               ecep:syllab="1"
               ecep:pron="ɜːdʒ">Urge</w>
            <c> </c>
            <w xml:id="o4784-403720"
               n="267-a-0470"
               ecep:lem="no"
               ecep:pos="dx"
               ecep:reg="no"
               ecep:spe="no"
               ecep:syllab="1"
               ecep:pron="nəʊ">no</w>
            <c> </c>
            <w xml:id="o4784-403730"
               n="267-a-0480"
               ecep:lem="man"
               ecep:pos="n1"
               ecep:reg="Man"
               ecep:spe="Man"
               ecep:syllab="1"
               ecep:pron="mæn">Man</w>
            <c> </c>
            <w xml:id="o4784-403740"
               n="267-a-0490"
               ecep:lem="to"
               ecep:pos="pc-acp"
               ecep:reg="to"
               ecep:spe="to"
               ecep:syllab="1"
               ecep:pron="tuː">to</w>
            <c> </c>
            <w xml:id="o4784-403750"
               n="267-a-0500"
               ecep:lem="despair"
               ecep:pos="vvi"
               ecep:reg="despair"
               ecep:spe="despair"
               ecep:syllab="2"
               ecep:pron="dɪˈspeə">despair</w>
            <pc xml:id="o4784-403760"
                n="267-a-0510"
                ecep:lem=";"
                ecep:pos=";"
                ecep:reg=";"
                ecep:spe=";">;</pc>
            <c> </c>
            <w xml:id="o4784-403770"
               n="267-a-0520"
               ecep:lem="lest"
               ecep:pos="cs"
               ecep:reg="lest"
               ecep:spe="lest"
               ecep:syllab="1"
               ecep:pron="lest">lest</w>
            <c> </c>
            <w xml:id="o4784-403780"
               n="267-a-0530"
               ecep:lem="in"
               ecep:pos="p-acp"
               ecep:reg="in"
               ecep:spe="in"
               ecep:syllab="1"
               ecep:pron="ɪn">in</w>
            <c> </c>
            <w xml:id="o4784-403790"
               n="267-a-0540"
               ecep:lem="the"
               ecep:pos="dt"
               ecep:reg="the"
               ecep:spe="the"
               ecep:syllab="1"
               ecep:pron="ðiː">the</w>
            <c> </c>
            <w xml:id="o4784-403800"
               n="267-a-0550"
               ecep:lem="fit"
               ecep:pos="j"
               ecep:reg="Fit"
               ecep:spe="Fit"
               ecep:syllab="1"
               ecep:pron="fɪt">Fit</w>
         </hi>
      </l>
      <l xml:id="o4784-l21840">
         <c> </c>
         <hi>
            <w xml:id="o4784-403810"
               n="267-a-0560"
               ecep:lem="he"
               ecep:pos="pns31"
               ecep:reg="He"
               ecep:spe="He"
               ecep:syllab="1"
               ecep:pron="hiː">He</w>
            <c> </c>
            <w xml:id="o4784-403820"
               n="267-a-0570"
               ecep:lem="with"
               ecep:pos="p-acp"
               ecep:reg="with"
               ecep:spe="with"
               ecep:syllab="1"
               ecep:pron="wɪð">with</w>
            <c> </c>
            <w xml:id="o4784-403830"
               n="267-a-0580"
               ecep:lem="some"
               ecep:pos="d"
               ecep:reg="some"
               ecep:spe="some"
               ecep:syllab="1"
               ecep:pron="sʌm">some</w>
            <c> </c>
            <w xml:id="o4784-403840"
               n="267-a-0590"
               ecep:lem="counterblow"
               ecep:pos="n1"
               ecep:reg="Counterblow"
               ecep:spe="Counterblow"
               ecep:syllab="3"
               ecep:pron="ˈkaʊntəbləʊ">Counterblow</w>
            <c> </c>
            <w xml:id="o4784-403850"
               n="267-a-0600"
               ecep:lem="thy"
               ecep:pos="po21"
               ecep:reg="thy"
               ecep:spe="thy"
               ecep:syllab="1"
               ecep:pron="ðaɪ">thy</w>
            <c> </c>
            <w xml:id="o4784-403860"
               n="267-a-0610"
               ecep:lem="head"
               ecep:pos="n1"
               ecep:reg="Head"
               ecep:spe="Head"
               ecep:syllab="1"
               ecep:pron="hed">Head</w>
            <c> </c>
            <w xml:id="o4784-403870"
               n="267-a-0620"
               ecep:lem="may"
               ecep:pos="vmb"
               ecep:reg="may"
               ecep:spe="may"
               ecep:syllab="1"
               ecep:pron="meɪ">may</w>
            <c> </c>
            <w xml:id="o4784-403880"
               n="267-a-0630"
               ecep:lem="hit"
               ecep:pos="vvi"
               ecep:reg="hit"
               ecep:spe="hit"
               ecep:syllab="1"
               ecep:pron="hɪt">hit</w>
            <pc xml:id="o4784-403890"
                n="267-a-0640"
                unit="sentence"
                ecep:lem="."
                ecep:pos="."
                ecep:reg="."
                ecep:spe=".">.</pc>
            <c> </c>
         </hi>
      </l>
   </lg>
</div>
