<?xml version="1.0" encoding="UTF-8"?>
<?xml-model href="../tei_all.rnc" type="application/relax-ng-compact-syntax"?>
<TEI xmlns="http://www.tei-c.org/ns/1.0">
   <teiHeader>
      <fileDesc>
         <titleStmt>
            <title corresp="#txt_RobiMa1758_w0019">WRITTEN EXTEMPORE on the PICTURE of a FRIEND.</title>
            <author corresp="authors.xml#aut_RobiMa1758">Mary Robinson (née Darby)</author>
            <respStmt>
               <name xml:id="AH">Alexander Huber</name>
               <resp>Editor</resp>
            </respStmt>
            <funder>
               <name type="institution" xml:id="BOD">Bodleian Libraries, University of Oxford</name>
               <address>
                  <addrLine>Broad Street</addrLine>
                  <addrLine>Oxford OX1 3BG</addrLine>
                  <addrLine>UK</addrLine>
               </address>
            </funder>
         </titleStmt>
         <publicationStmt>
            <publisher xml:id="ECPA">Eighteenth-Century Poetry Archive</publisher>
            <address>
               <addrLine>Taylor Institution Library</addrLine>
               <addrLine>St Giles'</addrLine>
               <addrLine>Oxford OX1 3NA</addrLine>
               <addrLine>UK</addrLine>
               <addrLine>
                  <email>info@eighteenthcenturypoetry.org</email>
               </addrLine>
               <addrLine>
                  <ref target="https://www.eighteenthcenturypoetry.org/">https://www.eighteenthcenturypoetry.org/</ref>
               </addrLine>
            </address>
            <pubPlace>Oxford</pubPlace>
            <availability status="restricted">
               <licence target="http://creativecommons.org/licenses/by-sa/3.0/">This work is licensed under a Creative Commons Attribution-ShareAlike 3.0 Unported License.</licence>
            </availability>
            <idno type="ESTC">T100118</idno>
         </publicationStmt>
         <sourceDesc>
            <bibl>
               <author>Robinson, Mary, 1758-1800.</author>
               <title>Poems by Mrs. Robinson [poems only].</title>
               <pubPlace>London</pubPlace>
               <publisher>Printed for C. Parker, the Upper Part of New Bond-Street</publisher>
               <date>1775</date>
               <biblScope>pp. 85-86.</biblScope>
               <extent>[8],134p.,plate; 8⁰.</extent>
            </bibl>
         </sourceDesc>
      </fileDesc>
      <encodingDesc>
         <projectDesc>
            <p>This e-text is part of the Works section of the Eighteenth-Century Poetry Archive (ECPA).</p>
            <p>XML created for the Eighteenth-Century Poetry Archive (ECPA).</p>
         </projectDesc>
         <editorialDecl>
            <p>Typography, spelling, capitalization, and punctuation have been cautiously modernized. The source of the text is given and all significant
						editorial interventions have been recorded in textual notes. This  text has been edited to conform to the recommendations found 
						in Level 5 of the
						Best Practices for TEI in Libraries version 4.0.0.
					</p>
         </editorialDecl>
         <classDecl>
            <taxonomy xml:id="LCNAF">
               <bibl>Library of Congress Name Authority File (<abbr>LCNAF</abbr>)</bibl>
            </taxonomy>
         </classDecl>
         <tagsDecl>
            <rendition n="linegroups indented" xml:id="lgindent" scheme="css">text-indent: 1em;</rendition>
            <rendition n="linegroups vertically spaced" xml:id="lgvspace" scheme="css">margin-bottom: 1em;</rendition>
            <rendition n="aligned centrally" xml:id="align-center" scheme="css">text-align: center;</rendition>
            <rendition n="aligned right" xml:id="align-right" scheme="css">text-align: right;</rendition>
            <rendition n="aligned left" xml:id="align-left" scheme="css">text-align: left;</rendition>
            <rendition n="inline" xml:id="inline" scheme="css">display: inline</rendition>
            <rendition n="italic" xml:id="i" scheme="css">font-style: italic;</rendition>
            <rendition n="bold" xml:id="b" scheme="css">font-weight: bold;</rendition>
         </tagsDecl>
      </encodingDesc>
   </teiHeader>
   <text>
      <body>
         <div xmlns:ecep="http://www.eighteenthcenturypoetry.org/ns"
              ana="#iamb #pentameter #quatrain #heroicquatrain #cross #occasional"
              corresp="#txt_RobiMa1758_w0019"
              decls="#semi-normalized"
              ecep:syllab="10.10.10.10"
              met="-+|-+|-+|-+|-+/ -+|-+|-+|-+|-+/ -+|-+|-+|-+|-+/ -+|-+|-+|-+|-+/"
              rendition="#lgvspace"
              rhyme="abab"
              subtype="eceptext"
              type="poem"
              xml:id="pro75-w0190">
            <link target="authors.xml#aut_RobiMa1758" type="author"/>
            <head type="main">
               <w xmlns:ecep="http://www.eighteenthcenturypoetry.org/ns"
                  xml:id="pro75-073430"
                  n="a-0010"
                  ecep:lem="write"
                  ecep:pos="vvn"
                  ecep:reg="WRITTEN"
                  ecep:spe="WRITTEN"
                  ecep:syllab="2"
                  ecep:pron="ˈrɪtn">WRITTEN</w>
               <c> </c>
               <w xmlns:ecep="http://www.eighteenthcenturypoetry.org/ns"
                  xml:id="pro75-073440"
                  n="a-0020"
                  ecep:lem="extempore"
                  ecep:pos="fw-la"
                  ecep:reg="EXTEMPORE"
                  ecep:spe="EXTEMPORE"
                  ecep:syllab="4"
                  ecep:pron="ɪkˈstempri">EXTEMPORE</w>
               <c> </c>
               <w xmlns:ecep="http://www.eighteenthcenturypoetry.org/ns"
                  xml:id="pro75-073450"
                  n="a-0030"
                  ecep:lem="on"
                  ecep:pos="p-acp"
                  ecep:reg="on"
                  ecep:spe="on"
                  ecep:syllab="1"
                  ecep:pron="ɒn">on</w>
               <c> </c>
               <w xmlns:ecep="http://www.eighteenthcenturypoetry.org/ns"
                  xml:id="pro75-073460"
                  n="a-0040"
                  ecep:lem="the"
                  ecep:pos="dt"
                  ecep:reg="the"
                  ecep:spe="the"
                  ecep:syllab="1"
                  ecep:pron="ðiː">the</w>
               <c> </c>
               <w xmlns:ecep="http://www.eighteenthcenturypoetry.org/ns"
                  xml:id="pro75-073470"
                  n="a-0050"
                  ecep:lem="picture"
                  ecep:pos="n1"
                  ecep:reg="PICTURE"
                  ecep:spe="PICTURE"
                  ecep:syllab="2"
                  ecep:pron="ˈpɪktʃə">PICTURE</w>
               <c> </c>
               <w xmlns:ecep="http://www.eighteenthcenturypoetry.org/ns"
                  xml:id="pro75-073480"
                  n="a-0060"
                  ecep:lem="of"
                  ecep:pos="pp-f"
                  ecep:reg="of"
                  ecep:spe="of"
                  ecep:syllab="1"
                  ecep:pron="ɒv">of</w>
               <c> </c>
               <w xmlns:ecep="http://www.eighteenthcenturypoetry.org/ns"
                  xml:id="pro75-073490"
                  n="a-0070"
                  ecep:lem="a"
                  ecep:pos="dt"
                  ecep:reg="a"
                  ecep:spe="a"
                  ecep:syllab="1"
                  ecep:pron="ə">a</w>
               <c> </c>
               <w xmlns:ecep="http://www.eighteenthcenturypoetry.org/ns"
                  xml:id="pro75-073500"
                  n="a-0080"
                  ecep:lem="friend"
                  ecep:pos="n1"
                  ecep:reg="FRIEND"
                  ecep:spe="FRIEND"
                  ecep:syllab="1"
                  ecep:pron="frend">FRIEND</w>
               <pc xmlns:ecep="http://www.eighteenthcenturypoetry.org/ns"
                   xml:id="pro75-073510"
                   n="a-0090"
                   unit="sentence"
                   ecep:lem="."
                   ecep:pos="."
                   ecep:reg="."
                   ecep:spe=".">.</pc>
            </head>
            <lg xml:id="pro75-s00540">
               <head>
                  <w xmlns:ecep="http://www.eighteenthcenturypoetry.org/ns"
                     xml:id="pro75-073550"
                     n="a-0100"
                     ecep:lem="i"
                     ecep:pos="pns11"
                     ecep:reg="I"
                     ecep:spe="I"
                     ecep:syllab="1"
                     ecep:pron="aɪ">I</w>
               </head>
               <l n="1" xml:id="pro75-l04305">
                  <hi rendition="#sc">
                     <w xmlns:ecep="http://www.eighteenthcenturypoetry.org/ns"
                        xml:id="pro75-073570"
                        n="a-0110"
                        ecep:lem="within"
                        ecep:pos="p-acp"
                        ecep:reg="Within"
                        ecep:spe="Within"
                        ecep:syllab="2"
                        ecep:pron="wɪˈðɪn">Within</w>
                  </hi>
                  <c> </c>
                  <w xmlns:ecep="http://www.eighteenthcenturypoetry.org/ns"
                     xml:id="pro75-073580"
                     n="a-0120"
                     ecep:lem="this"
                     ecep:pos="d"
                     ecep:reg="this"
                     ecep:spe="this"
                     ecep:syllab="1"
                     ecep:pron="ðɪs">this</w>
                  <c> </c>
                  <w xmlns:ecep="http://www.eighteenthcenturypoetry.org/ns"
                     xml:id="pro75-073590"
                     n="a-0130"
                     ecep:lem="narrow"
                     ecep:pos="j"
                     ecep:reg="narrow"
                     ecep:spe="narrow"
                     ecep:syllab="2"
                     ecep:pron="ˈnærəʊ">narrow</w>
                  <c> </c>
                  <w xmlns:ecep="http://www.eighteenthcenturypoetry.org/ns"
                     xml:id="pro75-073600"
                     n="a-0140"
                     ecep:lem="compass"
                     ecep:pos="n1"
                     ecep:reg="compass"
                     ecep:spe="compass"
                     ecep:syllab="2"
                     ecep:pron="ˈkʌmpəs">compass</w>
                  <c> </c>
                  <w xmlns:ecep="http://www.eighteenthcenturypoetry.org/ns"
                     xml:id="pro75-073610"
                     n="a-0150"
                     ecep:lem="be"
                     ecep:pos="vbz"
                     ecep:reg="is"
                     ecep:spe="is"
                     ecep:syllab="1"
                     ecep:pron="ɪz">is</w>
                  <c> </c>
                  <w xmlns:ecep="http://www.eighteenthcenturypoetry.org/ns"
                     xml:id="pro75-073620"
                     n="a-0160"
                     ecep:lem="confine"
                     ecep:pos="vvn"
                     ecep:reg="confined"
                     ecep:spe="confin'd"
                     ecep:syllab="2"
                     ecep:pron="kənˈfaɪnd">confin'd</w>
                  <pc xmlns:ecep="http://www.eighteenthcenturypoetry.org/ns"
                      xml:id="pro75-073630"
                      n="a-0170"
                      ecep:lem=","
                      ecep:pos=","
                      ecep:reg=","
                      ecep:spe=",">,</pc>
               </l>
               <l n="2" rendition="#h_3" xml:id="pro75-l04310">
                  <w xmlns:ecep="http://www.eighteenthcenturypoetry.org/ns"
                     xml:id="pro75-073640"
                     n="a-0180"
                     ecep:lem="a"
                     ecep:pos="dt"
                     ecep:reg="A"
                     ecep:spe="A"
                     ecep:syllab="1"
                     ecep:pron="ə">A</w>
                  <c> </c>
                  <w xmlns:ecep="http://www.eighteenthcenturypoetry.org/ns"
                     xml:id="pro75-073650"
                     n="a-0190"
                     ecep:lem="form"
                     ecep:pos="n1"
                     ecep:reg="form"
                     ecep:spe="form"
                     ecep:syllab="1"
                     ecep:pron="fɔːm">form</w>
                  <c> </c>
                  <w xmlns:ecep="http://www.eighteenthcenturypoetry.org/ns"
                     xml:id="pro75-073660"
                     n="a-0200"
                     ecep:lem="possess"
                     ecep:pos="vvn"
                     ecep:reg="possessed"
                     ecep:spe="possess'd"
                     ecep:syllab="2"
                     ecep:pron="pəˈzest">possess'd</w>
                  <c> </c>
                  <w xmlns:ecep="http://www.eighteenthcenturypoetry.org/ns"
                     xml:id="pro75-073670"
                     n="a-0210"
                     ecep:lem="of"
                     ecep:pos="pp-f"
                     ecep:reg="of"
                     ecep:spe="of"
                     ecep:syllab="1"
                     ecep:pron="ɒv">of</w>
                  <c> </c>
                  <w xmlns:ecep="http://www.eighteenthcenturypoetry.org/ns"
                     xml:id="pro75-073680"
                     n="a-0220"
                     ecep:lem="every"
                     ecep:pos="d"
                     ecep:reg="every"
                     ecep:spe="every"
                     ecep:syllab="2"
                     ecep:pron="ˈevri">every</w>
                  <c> </c>
                  <w xmlns:ecep="http://www.eighteenthcenturypoetry.org/ns"
                     xml:id="pro75-073690"
                     n="a-0230"
                     ecep:lem="please"
                     ecep:pos="j-vvg"
                     ecep:reg="pleasing"
                     ecep:spe="pleasing"
                     ecep:syllab="2"
                     ecep:pron="pliːzɪŋ">pleasing</w>
                  <c> </c>
                  <w xmlns:ecep="http://www.eighteenthcenturypoetry.org/ns"
                     xml:id="pro75-073700"
                     n="a-0240"
                     ecep:lem="grace"
                     ecep:pos="n1"
                     ecep:reg="grace"
                     ecep:spe="grace"
                     ecep:syllab="1"
                     ecep:pron="greɪs">grace</w>
                  <pc xmlns:ecep="http://www.eighteenthcenturypoetry.org/ns"
                      xml:id="pro75-073710"
                      n="a-0250"
                      ecep:lem=","
                      ecep:pos=","
                      ecep:reg=","
                      ecep:spe=",">,</pc>
               </l>
               <l n="3" xml:id="pro75-l04315">
                  <w xmlns:ecep="http://www.eighteenthcenturypoetry.org/ns"
                     xml:id="pro75-073720"
                     n="a-0260"
                     ecep:lem="the"
                     ecep:pos="dt"
                     ecep:reg="The"
                     ecep:spe="The"
                     ecep:syllab="1"
                     ecep:pron="ðiː">The</w>
                  <c> </c>
                  <w xmlns:ecep="http://www.eighteenthcenturypoetry.org/ns"
                     xml:id="pro75-073730"
                     n="a-0270"
                     ecep:lem="matchless"
                     ecep:pos="j"
                     ecep:reg="matchless"
                     ecep:spe="matchless"
                     ecep:syllab="2"
                     ecep:pron="ˈmætʃləs">matchless</w>
                  <c> </c>
                  <w xmlns:ecep="http://www.eighteenthcenturypoetry.org/ns"
                     xml:id="pro75-073740"
                     n="a-0280"
                     ecep:lem="beauty"
                     ecep:pos="n2"
                     ecep:reg="beauties"
                     ecep:spe="beauties"
                     ecep:syllab="2"
                     ecep:pron="ˈbjuːtiz">beauties</w>
                  <c> </c>
                  <w xmlns:ecep="http://www.eighteenthcenturypoetry.org/ns"
                     xml:id="pro75-073750"
                     n="a-0290"
                     ecep:lem="of"
                     ecep:pos="pp-f"
                     ecep:reg="of"
                     ecep:spe="of"
                     ecep:syllab="1"
                     ecep:pron="ɒv">of</w>
                  <c> </c>
                  <w xmlns:ecep="http://www.eighteenthcenturypoetry.org/ns"
                     xml:id="pro75-073760"
                     n="a-0300"
                     ecep:lem="who"
                     ecep:pos="r-crq"
                     ecep:reg="whose"
                     ecep:spe="whose"
                     ecep:syllab="1"
                     ecep:pron="huːz">whose</w>
                  <c> </c>
                  <w xmlns:ecep="http://www.eighteenthcenturypoetry.org/ns"
                     xml:id="pro75-073770"
                     n="a-0310"
                     ecep:lem="heavenly"
                     ecep:pos="j"
                     ecep:reg="heavenly"
                     ecep:spe="heav'nly"
                     ecep:syllab="2"
                     ecep:pron="ˈhevnli">heav'nly</w>
                  <c> </c>
                  <w xmlns:ecep="http://www.eighteenthcenturypoetry.org/ns"
                     xml:id="pro75-073780"
                     n="a-0320"
                     ecep:lem="mind"
                     ecep:pos="n1"
                     ecep:reg="mind"
                     ecep:spe="mind"
                     ecep:syllab="1"
                     ecep:pron="maɪnd">mind</w>
                  <pc xmlns:ecep="http://www.eighteenthcenturypoetry.org/ns"
                      xml:id="pro75-073790"
                      n="a-0330"
                      ecep:lem=","
                      ecep:pos=","
                      ecep:reg=","
                      ecep:spe=",">,</pc>
               </l>
               <l n="4" rendition="#h_3" xml:id="pro75-l04320">
                  <w xmlns:ecep="http://www.eighteenthcenturypoetry.org/ns"
                     xml:id="pro75-073800"
                     n="a-0340"
                     ecep:lem="can"
                     ecep:pos="vmd"
                     ecep:reg="Could"
                     ecep:spe="Cou'd"
                     ecep:syllab="1"
                     ecep:pron="kʊd">Cou'd</w>
                  <c> </c>
                  <w xmlns:ecep="http://www.eighteenthcenturypoetry.org/ns"
                     xml:id="pro75-073810"
                     n="a-0350"
                     ecep:lem="never"
                     ecep:pos="av-x"
                     ecep:reg="never"
                     ecep:spe="ne'er"
                     ecep:syllab="1"
                     ecep:pron="neə">ne'er</w>
                  <c> </c>
                  <w xmlns:ecep="http://www.eighteenthcenturypoetry.org/ns"
                     xml:id="pro75-073820"
                     n="a-0360"
                     ecep:lem="be"
                     ecep:pos="vbi"
                     ecep:reg="be"
                     ecep:spe="be"
                     ecep:syllab="1"
                     ecep:pron="biː">be</w>
                  <c> </c>
                  <w xmlns:ecep="http://www.eighteenthcenturypoetry.org/ns"
                     xml:id="pro75-073830"
                     n="a-0370"
                     ecep:lem="paint"
                     ecep:pos="vvn"
                     ecep:reg="painted"
                     ecep:spe="painted"
                     ecep:syllab="2"
                     ecep:pron="peɪntɪd">painted</w>
                  <c> </c>
                  <w xmlns:ecep="http://www.eighteenthcenturypoetry.org/ns"
                     xml:id="pro75-073840"
                     n="a-0380"
                     ecep:lem="in"
                     ecep:pos="p-acp"
                     ecep:reg="in"
                     ecep:spe="in"
                     ecep:syllab="1"
                     ecep:pron="ɪn">in</w>
                  <c> </c>
                  <w xmlns:ecep="http://www.eighteenthcenturypoetry.org/ns"
                     xml:id="pro75-073850"
                     n="a-0390"
                     ecep:lem="so"
                     ecep:pos="av"
                     ecep:reg="so"
                     ecep:spe="so"
                     ecep:syllab="1"
                     ecep:pron="səʊ">so</w>
                  <c> </c>
                  <w xmlns:ecep="http://www.eighteenthcenturypoetry.org/ns"
                     xml:id="pro75-073860"
                     n="a-0400"
                     ecep:lem="small"
                     ecep:pos="j"
                     ecep:reg="small"
                     ecep:spe="small"
                     ecep:syllab="1"
                     ecep:pron="smɔːl">small</w>
                  <c> </c>
                  <w xmlns:ecep="http://www.eighteenthcenturypoetry.org/ns"
                     xml:id="pro75-073870"
                     n="a-0410"
                     ecep:lem="a"
                     ecep:pos="dt"
                     ecep:reg="a"
                     ecep:spe="a"
                     ecep:syllab="1"
                     ecep:pron="ə">a</w>
                  <c> </c>
                  <w xmlns:ecep="http://www.eighteenthcenturypoetry.org/ns"
                     xml:id="pro75-073880"
                     n="a-0420"
                     ecep:lem="space"
                     ecep:pos="n1"
                     ecep:reg="space"
                     ecep:spe="space"
                     ecep:syllab="1"
                     ecep:pron="speɪs">space</w>
                  <pc xmlns:ecep="http://www.eighteenthcenturypoetry.org/ns"
                      xml:id="pro75-073890"
                      n="a-0430"
                      unit="sentence"
                      ecep:lem="."
                      ecep:pos="."
                      ecep:reg="."
                      ecep:spe=".">.</pc>
               </l>
            </lg>
            <lg xml:id="pro75-s00545">
               <head>
                  <w xmlns:ecep="http://www.eighteenthcenturypoetry.org/ns"
                     xml:id="pro75-073930"
                     n="a-0440"
                     ecep:lem="ii"
                     ecep:pos="crd"
                     ecep:reg="II"
                     ecep:spe="II"
                     ecep:syllab="1"
                     ecep:pron="rˌəʊməntˈuː">II</w>
               </head>
               <l n="5" xml:id="pro75-l04325">
                  <w xmlns:ecep="http://www.eighteenthcenturypoetry.org/ns"
                     xml:id="pro75-073950"
                     n="a-0450"
                     ecep:lem="let"
                     ecep:pos="vvb"
                     ecep:reg="Let"
                     ecep:spe="Let"
                     ecep:syllab="1"
                     ecep:pron="let">Let</w>
                  <c> </c>
                  <w xmlns:ecep="http://www.eighteenthcenturypoetry.org/ns"
                     xml:id="pro75-073960"
                     n="a-0460"
                     ecep:lem="every"
                     ecep:pos="d"
                     ecep:reg="every"
                     ecep:spe="every"
                     ecep:syllab="2"
                     ecep:pron="ˈevri">every</w>
                  <c> </c>
                  <w xmlns:ecep="http://www.eighteenthcenturypoetry.org/ns"
                     xml:id="pro75-073970"
                     n="a-0470"
                     ecep:lem="praise"
                     ecep:pos="n1"
                     ecep:reg="praise"
                     ecep:spe="praise"
                     ecep:syllab="1"
                     ecep:pron="preɪz">praise</w>
                  <c> </c>
                  <w xmlns:ecep="http://www.eighteenthcenturypoetry.org/ns"
                     xml:id="pro75-073980"
                     n="a-0480"
                     ecep:lem="so"
                     ecep:pos="av"
                     ecep:reg="so"
                     ecep:spe="so"
                     ecep:syllab="1"
                     ecep:pron="səʊ">so</w>
                  <c> </c>
                  <w xmlns:ecep="http://www.eighteenthcenturypoetry.org/ns"
                     xml:id="pro75-073990"
                     n="a-0490"
                     ecep:lem="much"
                     ecep:pos="av-d"
                     ecep:reg="much"
                     ecep:spe="much"
                     ecep:syllab="1"
                     ecep:pron="mʌtʃ">much</w>
                  <c> </c>
                  <w xmlns:ecep="http://www.eighteenthcenturypoetry.org/ns"
                     xml:id="pro75-074000"
                     n="a-0500"
                     ecep:lem="the"
                     ecep:pos="dt"
                     ecep:reg="the"
                     ecep:spe="the"
                     ecep:syllab="1"
                     ecep:pron="ðiː">the</w>
                  <c> </c>
                  <w xmlns:ecep="http://www.eighteenthcenturypoetry.org/ns"
                     xml:id="pro75-074010"
                     n="a-0510"
                     ecep:lem="artist"
                     ecep:pos="ng1"
                     ecep:reg="artist's"
                     ecep:spe="artist's"
                     ecep:syllab="2"
                     ecep:pron="ˈɑːtɪsts">artist's</w>
                  <c> </c>
                  <w xmlns:ecep="http://www.eighteenthcenturypoetry.org/ns"
                     xml:id="pro75-074020"
                     n="a-0520"
                     ecep:lem="due"
                     ecep:pos="j-jn"
                     ecep:reg="due"
                     ecep:spe="due"
                     ecep:syllab="1"
                     ecep:pron="dʒuː">due</w>
                  <pc xmlns:ecep="http://www.eighteenthcenturypoetry.org/ns"
                      xml:id="pro75-074030"
                      n="a-0530"
                      ecep:lem=","
                      ecep:pos=","
                      ecep:reg=","
                      ecep:spe=",">,</pc>
               </l>
               <l n="6" rendition="#h_3" xml:id="pro75-l04330">
                  <w xmlns:ecep="http://www.eighteenthcenturypoetry.org/ns"
                     xml:id="pro75-074040"
                     n="a-0540"
                     ecep:lem="with"
                     ecep:pos="p-acp"
                     ecep:reg="With"
                     ecep:spe="With"
                     ecep:syllab="1"
                     ecep:pron="wɪð">With</w>
                  <c> </c>
                  <w xmlns:ecep="http://www.eighteenthcenturypoetry.org/ns"
                     xml:id="pro75-074050"
                     n="a-0550"
                     ecep:lem="never-ceasing"
                     ecep:pos="j"
                     ecep:reg="never-ceasing"
                     ecep:spe="never-ceasing"
                     ecep:syllab="4"
                     ecep:pron="ˈnevəˌsiːsɪŋ">never-ceasing</w>
                  <c> </c>
                  <w xmlns:ecep="http://www.eighteenthcenturypoetry.org/ns"
                     xml:id="pro75-074060"
                     n="a-0560"
                     ecep:lem="honour"
                     ecep:pos="n2"
                     ecep:reg="honours"
                     ecep:spe="honors"
                     ecep:syllab="2"
                     ecep:pron="ˈɒnəz">honors</w>
                  <c> </c>
                  <w xmlns:ecep="http://www.eighteenthcenturypoetry.org/ns"
                     xml:id="pro75-074070"
                     n="a-0570"
                     ecep:lem="on"
                     ecep:pos="p-acp"
                     ecep:reg="on"
                     ecep:spe="on"
                     ecep:syllab="1"
                     ecep:pron="ɒn">on</w>
                  <c> </c>
                  <w xmlns:ecep="http://www.eighteenthcenturypoetry.org/ns"
                     xml:id="pro75-074080"
                     n="a-0580"
                     ecep:lem="he"
                     ecep:pos="pno31"
                     ecep:reg="him"
                     ecep:spe="him"
                     ecep:syllab="1"
                     ecep:pron="hɪm">him</w>
                  <c> </c>
                  <w xmlns:ecep="http://www.eighteenthcenturypoetry.org/ns"
                     xml:id="pro75-074090"
                     n="a-0590"
                     ecep:lem="fall"
                     ecep:pos="vvi"
                     ecep:reg="fall"
                     ecep:spe="fall"
                     ecep:syllab="1"
                     ecep:pron="fɔːl">fall</w>
                  <pc xmlns:ecep="http://www.eighteenthcenturypoetry.org/ns"
                      xml:id="pro75-074100"
                      n="a-0600"
                      ecep:lem=","
                      ecep:pos=","
                      ecep:reg=","
                      ecep:spe=",">,</pc>
               </l>
               <l n="7" xml:id="pro75-l04335">
                  <w xmlns:ecep="http://www.eighteenthcenturypoetry.org/ns"
                     xml:id="pro75-074110"
                     n="a-0610"
                     ecep:lem="yet"
                     ecep:pos="av"
                     ecep:reg="Yet"
                     ecep:spe="Yet"
                     ecep:syllab="1"
                     ecep:pron="jet">Yet</w>
                  <c> </c>
                  <w xmlns:ecep="http://www.eighteenthcenturypoetry.org/ns"
                     xml:id="pro75-074120"
                     n="a-0620"
                     ecep:lem="when"
                     ecep:pos="c-crq"
                     ecep:reg="when"
                     ecep:spe="when"
                     ecep:syllab="1"
                     ecep:pron="wen">when</w>
                  <c> </c>
                  <w xmlns:ecep="http://www.eighteenthcenturypoetry.org/ns"
                     xml:id="pro75-074130"
                     n="a-0630"
                     ecep:lem="this"
                     ecep:pos="d"
                     ecep:reg="this"
                     ecep:spe="this"
                     ecep:syllab="1"
                     ecep:pron="ðɪs">this</w>
                  <c> </c>
                  <w xmlns:ecep="http://www.eighteenthcenturypoetry.org/ns"
                     xml:id="pro75-074140"
                     n="a-0640"
                     ecep:lem="bright"
                     ecep:pos="j"
                     ecep:reg="bright"
                     ecep:spe="bright"
                     ecep:syllab="1"
                     ecep:pron="braɪt">bright</w>
                  <c> </c>
                  <w xmlns:ecep="http://www.eighteenthcenturypoetry.org/ns"
                     xml:id="pro75-074150"
                     n="a-0650"
                     ecep:lem="similitude"
                     ecep:pos="n1"
                     ecep:reg="similitude"
                     ecep:spe="similitude"
                     ecep:syllab="4"
                     ecep:pron="sɪˈmɪlɪtʃuːd">similitude</w>
                  <c> </c>
                  <w xmlns:ecep="http://www.eighteenthcenturypoetry.org/ns"
                     xml:id="pro75-074160"
                     n="a-0660"
                     ecep:lem="i"
                     ecep:pos="pns11"
                     ecep:reg="I"
                     ecep:spe="I"
                     ecep:syllab="1"
                     ecep:pron="aɪ">I</w>
                  <c> </c>
                  <w xmlns:ecep="http://www.eighteenthcenturypoetry.org/ns"
                     xml:id="pro75-074170"
                     n="a-0670"
                     ecep:lem="view"
                     ecep:pos="vvb"
                     ecep:reg="view"
                     ecep:spe="view"
                     ecep:syllab="1"
                     ecep:pron="vjuː">view</w>
                  <pc xmlns:ecep="http://www.eighteenthcenturypoetry.org/ns"
                      xml:id="pro75-074180"
                      n="a-0680"
                      ecep:lem=","
                      ecep:pos=","
                      ecep:reg=","
                      ecep:spe=",">,</pc>
               </l>
               <l n="8" rendition="#h_3" xml:id="pro75-l04340">
                  <w xmlns:ecep="http://www.eighteenthcenturypoetry.org/ns"
                     xml:id="pro75-074190"
                     n="a-0690"
                     ecep:lem="i"
                     ecep:pos="pns11"
                     ecep:reg="I"
                     ecep:spe="I"
                     ecep:syllab="1"
                     ecep:pron="aɪ">I</w>
                  <c> </c>
                  <w xmlns:ecep="http://www.eighteenthcenturypoetry.org/ns"
                     xml:id="pro75-074200"
                     n="a-0700"
                     ecep:lem="mourn"
                     ecep:pos="vvb"
                     ecep:reg="mourn"
                     ecep:spe="mourn"
                     ecep:syllab="1"
                     ecep:pron="mɔːn">mourn</w>
                  <c> </c>
                  <w xmlns:ecep="http://www.eighteenthcenturypoetry.org/ns"
                     xml:id="pro75-074210"
                     n="a-0710"
                     ecep:lem="the"
                     ecep:pos="dt"
                     ecep:reg="the"
                     ecep:spe="the"
                     ecep:syllab="1"
                     ecep:pron="ðiː">the</w>
                  <c> </c>
                  <w xmlns:ecep="http://www.eighteenthcenturypoetry.org/ns"
                     xml:id="pro75-074220"
                     n="a-0720"
                     ecep:lem="loss"
                     ecep:pos="n1"
                     ecep:reg="loss"
                     ecep:spe="loss"
                     ecep:syllab="1"
                     ecep:pron="lɒs">loss</w>
                  <c> </c>
                  <w xmlns:ecep="http://www.eighteenthcenturypoetry.org/ns"
                     xml:id="pro75-074230"
                     n="a-0730"
                     ecep:lem="of"
                     ecep:pos="pp-f"
                     ecep:reg="of"
                     ecep:spe="of"
                     ecep:syllab="1"
                     ecep:pron="ɒv">of</w>
                  <c> </c>
                  <w xmlns:ecep="http://www.eighteenthcenturypoetry.org/ns"
                     xml:id="pro75-074240"
                     n="a-0740"
                     ecep:lem="the"
                     ecep:pos="dt"
                     ecep:reg="the"
                     ecep:spe="the"
                     ecep:syllab="1"
                     ecep:pron="ðiː">the</w>
                  <c> </c>
                  <hi>
                     <w xmlns:ecep="http://www.eighteenthcenturypoetry.org/ns"
                        xml:id="pro75-074250"
                        n="a-0750"
                        ecep:lem="original"
                        ecep:pos="j-jn"
                        ecep:reg="original"
                        ecep:spe="original"
                        ecep:syllab="4"
                        ecep:pron="əˈrɪdʒnl">original</w>
                  </hi>
                  <pc xmlns:ecep="http://www.eighteenthcenturypoetry.org/ns"
                      xml:id="pro75-074260"
                      n="a-0760"
                      unit="sentence"
                      ecep:lem="."
                      ecep:pos="."
                      ecep:reg="."
                      ecep:spe=".">.</pc>
               </l>
               <pb facs="pro75/0096" n="86" rend="none"/>
            </lg>
            <lg xml:id="pro75-s00550">
               <head>
                  <w xmlns:ecep="http://www.eighteenthcenturypoetry.org/ns"
                     xml:id="pro75-074300"
                     n="a-0010"
                     ecep:lem="iii"
                     ecep:pos="crd"
                     ecep:reg="III"
                     ecep:spe="III"
                     ecep:syllab="1"
                     ecep:pron="rˌəʊmənθrˈiː">III</w>
               </head>
               <l n="9" xml:id="pro75-l04345">
                  <w xmlns:ecep="http://www.eighteenthcenturypoetry.org/ns"
                     xml:id="pro75-074320"
                     n="a-0020"
                     ecep:lem="to"
                     ecep:pos="p-acp"
                     ecep:reg="To"
                     ecep:spe="To"
                     ecep:syllab="1"
                     ecep:pron="tuː">To</w>
                  <c> </c>
                  <w xmlns:ecep="http://www.eighteenthcenturypoetry.org/ns"
                     xml:id="pro75-074330"
                     n="a-0030"
                     ecep:lem="fames"
                     ecep:pos="fw-la"
                     ecep:reg="fames"
                     ecep:spe="fames"
                     ecep:syllab="1"
                     ecep:pron="fˈeɪmz">fames</w>
                  <c> </c>
                  <w xmlns:ecep="http://www.eighteenthcenturypoetry.org/ns"
                     xml:id="pro75-074340"
                     n="a-0040"
                     ecep:lem="exalt"
                     ecep:pos="vvn"
                     ecep:reg="exalted"
                     ecep:spe="exalted"
                     ecep:syllab="3"
                     ecep:pron="ɪgˈzɔːltɪd">exalted</w>
                  <c> </c>
                  <w xmlns:ecep="http://www.eighteenthcenturypoetry.org/ns"
                     xml:id="pro75-074350"
                     n="a-0050"
                     ecep:lem="summit"
                     ecep:pos="n1"
                     ecep:reg="summit"
                     ecep:spe="summit"
                     ecep:syllab="2"
                     ecep:pron="ˈsʌmɪt">summit</w>
                  <c> </c>
                  <w xmlns:ecep="http://www.eighteenthcenturypoetry.org/ns"
                     xml:id="pro75-074360"
                     n="a-0060"
                     ecep:lem="be"
                     ecep:pos="vbi"
                     ecep:reg="be"
                     ecep:spe="be"
                     ecep:syllab="1"
                     ecep:pron="biː">be</w>
                  <c> </c>
                  <w xmlns:ecep="http://www.eighteenthcenturypoetry.org/ns"
                     xml:id="pro75-074370"
                     n="a-0070"
                     ecep:lem="thou"
                     ecep:pos="pns21"
                     ecep:reg="thou"
                     ecep:spe="thou"
                     ecep:syllab="1"
                     ecep:pron="θaʊ">thou</w>
                  <c> </c>
                  <w xmlns:ecep="http://www.eighteenthcenturypoetry.org/ns"
                     xml:id="pro75-074380"
                     n="a-0080"
                     ecep:lem="raise"
                     ecep:pos="vvn"
                     ecep:reg="raised"
                     ecep:spe="rais'd"
                     ecep:syllab="1"
                     ecep:pron="reɪzd">rais'd</w>
                  <pc xmlns:ecep="http://www.eighteenthcenturypoetry.org/ns"
                      xml:id="pro75-074390"
                      n="a-0090"
                      ecep:lem=","
                      ecep:pos=","
                      ecep:reg=","
                      ecep:spe=",">,</pc>
               </l>
               <l n="10" rendition="#h_3" xml:id="pro75-l04350">
                  <w xmlns:ecep="http://www.eighteenthcenturypoetry.org/ns"
                     xml:id="pro75-074400"
                     n="a-0100"
                     ecep:lem="and"
                     ecep:pos="cc"
                     ecep:reg="And"
                     ecep:spe="And"
                     ecep:syllab="1"
                     ecep:pron="ænd">And</w>
                  <c> </c>
                  <w xmlns:ecep="http://www.eighteenthcenturypoetry.org/ns"
                     xml:id="pro75-074410"
                     n="a-0110"
                     ecep:lem="move"
                     ecep:pos="vvi"
                     ecep:reg="move"
                     ecep:spe="move"
                     ecep:syllab="1"
                     ecep:pron="muːv">move</w>
                  <c> </c>
                  <w xmlns:ecep="http://www.eighteenthcenturypoetry.org/ns"
                     xml:id="pro75-074420"
                     n="a-0120"
                     ecep:lem="sublime"
                     ecep:pos="j"
                     ecep:reg="sublime"
                     ecep:spe="sublime"
                     ecep:syllab="2"
                     ecep:pron="səˈblaɪm">sublime</w>
                  <c> </c>
                  <w xmlns:ecep="http://www.eighteenthcenturypoetry.org/ns"
                     xml:id="pro75-074430"
                     n="a-0130"
                     ecep:lem="in"
                     ecep:pos="p-acp"
                     ecep:reg="in"
                     ecep:spe="in"
                     ecep:syllab="1"
                     ecep:pron="ɪn">in</w>
                  <c> </c>
                  <w xmlns:ecep="http://www.eighteenthcenturypoetry.org/ns"
                     xml:id="pro75-074440"
                     n="a-0140"
                     ecep:lem="a"
                     ecep:pos="dt"
                     ecep:reg="a"
                     ecep:spe="a"
                     ecep:syllab="1"
                     ecep:pron="ə">a</w>
                  <c> </c>
                  <w xmlns:ecep="http://www.eighteenthcenturypoetry.org/ns"
                     xml:id="pro75-074450"
                     n="a-0150"
                     ecep:lem="distinguish"
                     ecep:pos="j-vvn"
                     ecep:reg="distinguished"
                     ecep:spe="distinguish'd"
                     ecep:syllab="3"
                     ecep:pron="dɪˈstɪŋgwɪʃt">distinguish'd</w>
                  <c> </c>
                  <w xmlns:ecep="http://www.eighteenthcenturypoetry.org/ns"
                     xml:id="pro75-074460"
                     n="a-0160"
                     ecep:lem="sphere"
                     ecep:pos="n1"
                     ecep:reg="sphere"
                     ecep:spe="sphere"
                     ecep:syllab="1"
                     ecep:pron="sfɪə">sphere</w>
                  <pc xmlns:ecep="http://www.eighteenthcenturypoetry.org/ns"
                      xml:id="pro75-074470"
                      n="a-0170"
                      ecep:lem=","
                      ecep:pos=","
                      ecep:reg=","
                      ecep:spe=",">,</pc>
               </l>
               <l n="11" xml:id="pro75-l04355">
                  <w xmlns:ecep="http://www.eighteenthcenturypoetry.org/ns"
                     xml:id="pro75-074480"
                     n="a-0180"
                     ecep:lem="where"
                     ecep:pos="c-crq"
                     ecep:reg="Where"
                     ecep:spe="Where"
                     ecep:syllab="1"
                     ecep:pron="weə">Where</w>
                  <c> </c>
                  <w xmlns:ecep="http://www.eighteenthcenturypoetry.org/ns"
                     xml:id="pro75-074490"
                     n="a-0190"
                     ecep:lem="wonder"
                     ecep:pos="j-vvg"
                     ecep:reg="wondering"
                     ecep:spe="wond'ring"
                     ecep:syllab="2"
                     ecep:pron="ˈwʌndrɪŋ">wond'ring</w>
                  <c> </c>
                  <w xmlns:ecep="http://www.eighteenthcenturypoetry.org/ns"
                     xml:id="pro75-074500"
                     n="a-0200"
                     ecep:lem="mortal"
                     ecep:pos="n2-jn"
                     ecep:reg="mortals"
                     ecep:spe="mortals"
                     ecep:syllab="2"
                     ecep:pron="ˈmɔːtlz">mortals</w>
                  <c> </c>
                  <w xmlns:ecep="http://www.eighteenthcenturypoetry.org/ns"
                     xml:id="pro75-074510"
                     n="a-0210"
                     ecep:lem="shall"
                     ecep:pos="vmb"
                     ecep:reg="shall"
                     ecep:spe="shall"
                     ecep:syllab="1"
                     ecep:pron="ʃæl">shall</w>
                  <c> </c>
                  <w xmlns:ecep="http://www.eighteenthcenturypoetry.org/ns"
                     xml:id="pro75-074520"
                     n="a-0220"
                     ecep:lem="behold"
                     ecep:pos="vvi"
                     ecep:reg="behold"
                     ecep:spe="behold"
                     ecep:syllab="2"
                     ecep:pron="bɪˈhəʊld">behold</w>
                  <c> </c>
                  <w xmlns:ecep="http://www.eighteenthcenturypoetry.org/ns"
                     xml:id="pro75-074530"
                     n="a-0230"
                     ecep:lem="amaze"
                     ecep:pos="vvn"
                     ecep:reg="amazed"
                     ecep:spe="amaz'd"
                     ecep:syllab="2"
                     ecep:pron="əˈmeɪzd">amaz'd</w>
                  <pc xmlns:ecep="http://www.eighteenthcenturypoetry.org/ns"
                      xml:id="pro75-074540"
                      n="a-0240"
                      ecep:lem=","
                      ecep:pos=","
                      ecep:reg=","
                      ecep:spe=",">,</pc>
               </l>
               <l n="12" rendition="#h_3" xml:id="pro75-l04360">
                  <w xmlns:ecep="http://www.eighteenthcenturypoetry.org/ns"
                     xml:id="pro75-074550"
                     n="a-0250"
                     ecep:lem="those"
                     ecep:pos="d"
                     ecep:reg="Those"
                     ecep:spe="Those"
                     ecep:syllab="1"
                     ecep:pron="ðəʊz">Those</w>
                  <c> </c>
                  <w xmlns:ecep="http://www.eighteenthcenturypoetry.org/ns"
                     xml:id="pro75-074560"
                     n="a-0260"
                     ecep:lem="last"
                     ecep:pos="j-vvg"
                     ecep:reg="lasting"
                     ecep:spe="lasting"
                     ecep:syllab="2"
                     ecep:pron="lɑːstɪŋ">lasting</w>
                  <c> </c>
                  <w xmlns:ecep="http://www.eighteenthcenturypoetry.org/ns"
                     xml:id="pro75-074570"
                     n="a-0270"
                     ecep:lem="honour"
                     ecep:pos="n2"
                     ecep:reg="honours"
                     ecep:spe="honors"
                     ecep:syllab="2"
                     ecep:pron="ˈɒnəz">honors</w>
                  <c> </c>
                  <w xmlns:ecep="http://www.eighteenthcenturypoetry.org/ns"
                     xml:id="pro75-074580"
                     n="a-0280"
                     ecep:lem="which"
                     ecep:pos="r-crq"
                     ecep:reg="which"
                     ecep:spe="which"
                     ecep:syllab="1"
                     ecep:pron="wɪtʃ">which</w>
                  <c> </c>
                  <w xmlns:ecep="http://www.eighteenthcenturypoetry.org/ns"
                     xml:id="pro75-074590"
                     n="a-0290"
                     ecep:lem="the"
                     ecep:pos="dt"
                     ecep:reg="the"
                     ecep:spe="the"
                     ecep:syllab="1"
                     ecep:pron="ðiː">the</w>
                  <c> </c>
                  <w xmlns:ecep="http://www.eighteenthcenturypoetry.org/ns"
                     xml:id="pro75-074600"
                     n="a-0300"
                     ecep:lem="just"
                     ecep:pos="av-j"
                     ecep:reg="just"
                     ecep:spe="just"
                     ecep:syllab="1"
                     ecep:pron="dʒʌst">just</w>
                  <c> </c>
                  <w xmlns:ecep="http://www.eighteenthcenturypoetry.org/ns"
                     xml:id="pro75-074610"
                     n="a-0310"
                     ecep:lem="revere"
                     ecep:pos="vvi"
                     ecep:reg="revere"
                     ecep:spe="revere"
                     ecep:syllab="2"
                     ecep:pron="rɪˈvɪə">revere</w>
                  <pc xmlns:ecep="http://www.eighteenthcenturypoetry.org/ns"
                      xml:id="pro75-074620"
                      n="a-0320"
                      unit="sentence"
                      ecep:lem="."
                      ecep:pos="."
                      ecep:reg="."
                      ecep:spe=".">.</pc>
               </l>
            </lg>
            <lg xml:id="pro75-s00555">
               <head>
                  <w xmlns:ecep="http://www.eighteenthcenturypoetry.org/ns"
                     xml:id="pro75-074660"
                     n="a-0330"
                     ecep:lem="iv"
                     ecep:pos="crd"
                     ecep:reg="IV"
                     ecep:spe="IV"
                     ecep:syllab="1"
                     ecep:pron="rˌəʊmənfˈɔː">IV</w>
               </head>
               <l n="13" xml:id="pro75-l04365">
                  <w xmlns:ecep="http://www.eighteenthcenturypoetry.org/ns"
                     xml:id="pro75-074680"
                     n="a-0340"
                     ecep:lem="above"
                     ecep:pos="p-acp"
                     ecep:reg="Above"
                     ecep:spe="Above"
                     ecep:syllab="2"
                     ecep:pron="əˈbʌv">Above</w>
                  <c> </c>
                  <w xmlns:ecep="http://www.eighteenthcenturypoetry.org/ns"
                     xml:id="pro75-074690"
                     n="a-0350"
                     ecep:lem="the"
                     ecep:pos="dt"
                     ecep:reg="the"
                     ecep:spe="the"
                     ecep:syllab="1"
                     ecep:pron="ðiː">the</w>
                  <c> </c>
                  <w xmlns:ecep="http://www.eighteenthcenturypoetry.org/ns"
                     xml:id="pro75-074700"
                     n="a-0360"
                     ecep:lem="malice"
                     ecep:pos="n1"
                     ecep:reg="malice"
                     ecep:spe="malice"
                     ecep:syllab="2"
                     ecep:pron="ˈmælɪs">malice</w>
                  <c> </c>
                  <w xmlns:ecep="http://www.eighteenthcenturypoetry.org/ns"
                     xml:id="pro75-074710"
                     n="a-0370"
                     ecep:lem="of"
                     ecep:pos="pp-f"
                     ecep:reg="of"
                     ecep:spe="of"
                     ecep:syllab="1"
                     ecep:pron="ɒv">of</w>
                  <c> </c>
                  <w xmlns:ecep="http://www.eighteenthcenturypoetry.org/ns"
                     xml:id="pro75-074720"
                     n="a-0380"
                     ecep:lem="the"
                     ecep:pos="dt"
                     ecep:reg="the"
                     ecep:spe="the"
                     ecep:syllab="1"
                     ecep:pron="ðiː">the</w>
                  <c> </c>
                  <w xmlns:ecep="http://www.eighteenthcenturypoetry.org/ns"
                     xml:id="pro75-074730"
                     n="a-0390"
                     ecep:lem="artful"
                     ecep:pos="j"
                     ecep:reg="artful"
                     ecep:spe="artful"
                     ecep:syllab="2"
                     ecep:pron="ˈɑːtfl">artful</w>
                  <c> </c>
                  <w xmlns:ecep="http://www.eighteenthcenturypoetry.org/ns"
                     xml:id="pro75-074740"
                     n="a-0400"
                     ecep:lem="mind"
                     ecep:pos="n1"
                     ecep:reg="mind"
                     ecep:spe="mind"
                     ecep:syllab="1"
                     ecep:pron="maɪnd">mind</w>
                  <pc xmlns:ecep="http://www.eighteenthcenturypoetry.org/ns"
                      xml:id="pro75-074750"
                      n="a-0410"
                      ecep:lem=","
                      ecep:pos=","
                      ecep:reg=","
                      ecep:spe=",">,</pc>
               </l>
               <l n="14" rendition="#h_3" xml:id="pro75-l04370">
                  <w xmlns:ecep="http://www.eighteenthcenturypoetry.org/ns"
                     xml:id="pro75-074760"
                     n="a-0420"
                     ecep:lem="above"
                     ecep:pos="p-acp"
                     ecep:reg="Above"
                     ecep:spe="Above"
                     ecep:syllab="2"
                     ecep:pron="əˈbʌv">Above</w>
                  <c> </c>
                  <w xmlns:ecep="http://www.eighteenthcenturypoetry.org/ns"
                     xml:id="pro75-074770"
                     n="a-0430"
                     ecep:lem="the"
                     ecep:pos="dt"
                     ecep:reg="the"
                     ecep:spe="the"
                     ecep:syllab="1"
                     ecep:pron="ðiː">the</w>
                  <c> </c>
                  <w xmlns:ecep="http://www.eighteenthcenturypoetry.org/ns"
                     xml:id="pro75-074780"
                     n="a-0440"
                     ecep:lem="envious"
                     ecep:pos="j"
                     ecep:reg="envious"
                     ecep:spe="envious"
                     ecep:syllab="2"
                     ecep:pron="ˈenviəs">envious</w>
                  <pc xmlns:ecep="http://www.eighteenthcenturypoetry.org/ns"
                      xml:id="pro75-074790"
                      n="a-0450"
                      ecep:lem=","
                      ecep:pos=","
                      ecep:reg=","
                      ecep:spe=",">,</pc>
                  <c> </c>
                  <w xmlns:ecep="http://www.eighteenthcenturypoetry.org/ns"
                     xml:id="pro75-074800"
                     n="a-0460"
                     ecep:lem="ignorant"
                     ecep:pos="j"
                     ecep:reg="ignorant"
                     ecep:spe="ignorant"
                     ecep:syllab="3"
                     ecep:pron="ˈɪgnrnt">ignorant</w>
                  <pc xmlns:ecep="http://www.eighteenthcenturypoetry.org/ns"
                      xml:id="pro75-074810"
                      n="a-0470"
                      ecep:lem=","
                      ecep:pos=","
                      ecep:reg=","
                      ecep:spe=",">,</pc>
                  <c> </c>
                  <w xmlns:ecep="http://www.eighteenthcenturypoetry.org/ns"
                     xml:id="pro75-074820"
                     n="a-0480"
                     ecep:lem="and"
                     ecep:pos="cc"
                     ecep:reg="and"
                     ecep:spe="and"
                     ecep:syllab="1"
                     ecep:pron="ænd">and</w>
                  <c> </c>
                  <w xmlns:ecep="http://www.eighteenthcenturypoetry.org/ns"
                     xml:id="pro75-074830"
                     n="a-0490"
                     ecep:lem="vain"
                     ecep:pos="j"
                     ecep:reg="vain"
                     ecep:spe="vain"
                     ecep:syllab="1"
                     ecep:pron="veɪn">vain</w>
                  <pc xmlns:ecep="http://www.eighteenthcenturypoetry.org/ns"
                      xml:id="pro75-074840"
                      n="a-0500"
                      ecep:lem=","
                      ecep:pos=","
                      ecep:reg=","
                      ecep:spe=",">,</pc>
               </l>
               <l n="15" xml:id="pro75-l04375">
                  <w xmlns:ecep="http://www.eighteenthcenturypoetry.org/ns"
                     xml:id="pro75-074850"
                     n="a-0510"
                     ecep:lem="above"
                     ecep:pos="p-acp"
                     ecep:reg="Above"
                     ecep:spe="Above"
                     ecep:syllab="2"
                     ecep:pron="əˈbʌv">Above</w>
                  <c> </c>
                  <w xmlns:ecep="http://www.eighteenthcenturypoetry.org/ns"
                     xml:id="pro75-074860"
                     n="a-0520"
                     ecep:lem="the"
                     ecep:pos="dt"
                     ecep:reg="the"
                     ecep:spe="the"
                     ecep:syllab="1"
                     ecep:pron="ðiː">the</w>
                  <c> </c>
                  <w xmlns:ecep="http://www.eighteenthcenturypoetry.org/ns"
                     xml:id="pro75-074870"
                     n="a-0530"
                     ecep:lem="reach"
                     ecep:pos="n1"
                     ecep:reg="reach"
                     ecep:spe="reach"
                     ecep:syllab="1"
                     ecep:pron="riːtʃ">reach</w>
                  <c> </c>
                  <w xmlns:ecep="http://www.eighteenthcenturypoetry.org/ns"
                     xml:id="pro75-074880"
                     n="a-0540"
                     ecep:lem="of"
                     ecep:pos="pp-f"
                     ecep:reg="of"
                     ecep:spe="of"
                     ecep:syllab="1"
                     ecep:pron="ɒv">of</w>
                  <c> </c>
                  <w xmlns:ecep="http://www.eighteenthcenturypoetry.org/ns"
                     xml:id="pro75-074890"
                     n="a-0550"
                     ecep:lem="slanderous"
                     ecep:pos="j"
                     ecep:reg="slanderous"
                     ecep:spe="slanderous"
                     ecep:syllab="3"
                     ecep:pron="ˈslɑːndrəs">slanderous</w>
                  <c> </c>
                  <w xmlns:ecep="http://www.eighteenthcenturypoetry.org/ns"
                     xml:id="pro75-074900"
                     n="a-0560"
                     ecep:lem="mankind"
                     ecep:pos="n1"
                     ecep:reg="mankind"
                     ecep:spe="mankind"
                     ecep:syllab="2"
                     ecep:pron="mænˈkaɪnd">mankind</w>
                  <pc xmlns:ecep="http://www.eighteenthcenturypoetry.org/ns"
                      xml:id="pro75-074910"
                      n="a-0570"
                      ecep:lem=","
                      ecep:pos=","
                      ecep:reg=","
                      ecep:spe=",">,</pc>
               </l>
               <l n="16" rendition="#h_3" xml:id="pro75-l04380">
                  <w xmlns:ecep="http://www.eighteenthcenturypoetry.org/ns"
                     xml:id="pro75-074920"
                     n="a-0580"
                     ecep:lem="who"
                     ecep:pos="r-crq"
                     ecep:reg="Whose"
                     ecep:spe="Whose"
                     ecep:syllab="1"
                     ecep:pron="huːz">Whose</w>
                  <c> </c>
                  <w xmlns:ecep="http://www.eighteenthcenturypoetry.org/ns"
                     xml:id="pro75-074930"
                     n="a-0590"
                     ecep:lem="great"
                     ecep:pos="js"
                     ecep:reg="greatest"
                     ecep:spe="greatest"
                     ecep:syllab="2"
                     ecep:pron="greɪtɪst">greatest</w>
                  <c> </c>
                  <w xmlns:ecep="http://www.eighteenthcenturypoetry.org/ns"
                     xml:id="pro75-074940"
                     n="a-0600"
                     ecep:lem="pleasure"
                     ecep:pos="n1"
                     ecep:reg="pleasure"
                     ecep:spe="pleasure"
                     ecep:syllab="2"
                     ecep:pron="ˈpleʒə">pleasure</w>
                  <c> </c>
                  <w xmlns:ecep="http://www.eighteenthcenturypoetry.org/ns"
                     xml:id="pro75-074950"
                     n="a-0610"
                     ecep:lem="be"
                     ecep:pos="vbz"
                     ecep:reg="is"
                     ecep:spe="is"
                     ecep:syllab="1"
                     ecep:pron="ɪz">is</w>
                  <c> </c>
                  <w xmlns:ecep="http://www.eighteenthcenturypoetry.org/ns"
                     xml:id="pro75-074960"
                     n="a-0620"
                     ecep:lem="another"
                     ecep:pos="ng1-jn"
                     ecep:reg="another's"
                     ecep:spe="another's"
                     ecep:syllab="3"
                     ecep:pron="əˈnʌðəz">another's</w>
                  <c> </c>
                  <w xmlns:ecep="http://www.eighteenthcenturypoetry.org/ns"
                     xml:id="pro75-074970"
                     n="a-0630"
                     ecep:lem="pain"
                     ecep:pos="n1"
                     ecep:reg="pain"
                     ecep:spe="pain"
                     ecep:syllab="1"
                     ecep:pron="peɪn">pain</w>
                  <pc xmlns:ecep="http://www.eighteenthcenturypoetry.org/ns"
                      xml:id="pro75-074980"
                      n="a-0640"
                      unit="sentence"
                      ecep:lem="."
                      ecep:pos="."
                      ecep:reg="."
                      ecep:spe=".">.</pc>
               </l>
            </lg>
            <lg xml:id="pro75-s00560">
               <head>
                  <w xmlns:ecep="http://www.eighteenthcenturypoetry.org/ns"
                     xml:id="pro75-075020"
                     n="a-0650"
                     ecep:lem="v"
                     ecep:pos="crd"
                     ecep:reg="V"
                     ecep:spe="V"
                     ecep:syllab="1"
                     ecep:pron="viː">V</w>
               </head>
               <l n="17" xml:id="pro75-l04385">
                  <w xmlns:ecep="http://www.eighteenthcenturypoetry.org/ns"
                     xml:id="pro75-075040"
                     n="a-0660"
                     ecep:lem="thou"
                     ecep:pos="pns21"
                     ecep:reg="Thou"
                     ecep:spe="Thou"
                     ecep:syllab="1"
                     ecep:pron="θaʊ">Thou</w>
                  <c> </c>
                  <w xmlns:ecep="http://www.eighteenthcenturypoetry.org/ns"
                     xml:id="pro75-075050"
                     n="a-0670"
                     ecep:lem="chief"
                     ecep:pos="js-jn"
                     ecep:reg="chiefest"
                     ecep:spe="chiefest"
                     ecep:syllab="2"
                     ecep:pron="ˈtʃiːfɪst">chiefest</w>
                  <c> </c>
                  <w xmlns:ecep="http://www.eighteenthcenturypoetry.org/ns"
                     xml:id="pro75-075060"
                     n="a-0680"
                     ecep:lem="wonder"
                     ecep:pos="n1"
                     ecep:reg="wonder"
                     ecep:spe="wonder"
                     ecep:syllab="2"
                     ecep:pron="ˈwʌndə">wonder</w>
                  <c> </c>
                  <w xmlns:ecep="http://www.eighteenthcenturypoetry.org/ns"
                     xml:id="pro75-075070"
                     n="a-0690"
                     ecep:lem="that"
                     ecep:pos="cst"
                     ecep:reg="that"
                     ecep:spe="that"
                     ecep:syllab="1"
                     ecep:pron="ðæt">that</w>
                  <c> </c>
                  <w xmlns:ecep="http://www.eighteenthcenturypoetry.org/ns"
                     xml:id="pro75-075080"
                     n="a-0700"
                     ecep:lem="adorn"
                     ecep:pos="vvz"
                     ecep:reg="adorns"
                     ecep:spe="adorns"
                     ecep:syllab="2"
                     ecep:pron="əˈdɔːnz">adorns</w>
                  <c> </c>
                  <w xmlns:ecep="http://www.eighteenthcenturypoetry.org/ns"
                     xml:id="pro75-075090"
                     n="a-0710"
                     ecep:lem="the"
                     ecep:pos="dt"
                     ecep:reg="the"
                     ecep:spe="the"
                     ecep:syllab="1"
                     ecep:pron="ðiː">the</w>
                  <c> </c>
                  <w xmlns:ecep="http://www.eighteenthcenturypoetry.org/ns"
                     xml:id="pro75-075100"
                     n="a-0720"
                     ecep:lem="age"
                     ecep:pos="n1"
                     ecep:reg="age"
                     ecep:spe="age"
                     ecep:syllab="1"
                     ecep:pron="eɪdʒ">age</w>
                  <pc xmlns:ecep="http://www.eighteenthcenturypoetry.org/ns"
                      xml:id="pro75-075110"
                      n="a-0730"
                      ecep:lem=","
                      ecep:pos=","
                      ecep:reg=","
                      ecep:spe=",">,</pc>
               </l>
               <l n="18" rendition="#h_3" xml:id="pro75-l04390">
                  <w xmlns:ecep="http://www.eighteenthcenturypoetry.org/ns"
                     xml:id="pro75-075120"
                     n="a-0740"
                     ecep:lem="still"
                     ecep:pos="av"
                     ecep:reg="Still"
                     ecep:spe="Still"
                     ecep:syllab="1"
                     ecep:pron="stɪl">Still</w>
                  <pc xmlns:ecep="http://www.eighteenthcenturypoetry.org/ns"
                      xml:id="pro75-075130"
                      n="a-0750"
                      ecep:lem=","
                      ecep:pos=","
                      ecep:reg=","
                      ecep:spe=",">,</pc>
                  <c> </c>
                  <w xmlns:ecep="http://www.eighteenthcenturypoetry.org/ns"
                     xml:id="pro75-075140"
                     n="a-0760"
                     ecep:lem="still"
                     ecep:pos="av"
                     ecep:reg="still"
                     ecep:spe="still"
                     ecep:syllab="1"
                     ecep:pron="stɪl">still</w>
                  <pc xmlns:ecep="http://www.eighteenthcenturypoetry.org/ns"
                      xml:id="pro75-075150"
                      n="a-0770"
                      ecep:lem=","
                      ecep:pos=","
                      ecep:reg=","
                      ecep:spe=",">,</pc>
                  <c> </c>
                  <w xmlns:ecep="http://www.eighteenthcenturypoetry.org/ns"
                     xml:id="pro75-075160"
                     n="a-0780"
                     ecep:lem="the"
                     ecep:pos="dt"
                     ecep:reg="the"
                     ecep:spe="the"
                     ecep:syllab="1"
                     ecep:pron="ðiː">the</w>
                  <c> </c>
                  <w xmlns:ecep="http://www.eighteenthcenturypoetry.org/ns"
                     xml:id="pro75-075170"
                     n="a-0790"
                     ecep:lem="path"
                     ecep:pos="n2"
                     ecep:reg="paths"
                     ecep:spe="paths"
                     ecep:syllab="1"
                     ecep:pron="pɑːðz">paths</w>
                  <c> </c>
                  <w xmlns:ecep="http://www.eighteenthcenturypoetry.org/ns"
                     xml:id="pro75-075180"
                     n="a-0800"
                     ecep:lem="of"
                     ecep:pos="pp-f"
                     ecep:reg="of"
                     ecep:spe="of"
                     ecep:syllab="1"
                     ecep:pron="ɒv">of</w>
                  <c> </c>
                  <w xmlns:ecep="http://www.eighteenthcenturypoetry.org/ns"
                     xml:id="pro75-075190"
                     n="a-0810"
                     ecep:lem="fame"
                     ecep:pos="n1"
                     ecep:reg="fame"
                     ecep:spe="fame"
                     ecep:syllab="1"
                     ecep:pron="feɪm">fame</w>
                  <c> </c>
                  <w xmlns:ecep="http://www.eighteenthcenturypoetry.org/ns"
                     xml:id="pro75-075200"
                     n="a-0820"
                     ecep:lem="and"
                     ecep:pos="cc"
                     ecep:reg="and"
                     ecep:spe="and"
                     ecep:syllab="1"
                     ecep:pron="ænd">and</w>
                  <c> </c>
                  <w xmlns:ecep="http://www.eighteenthcenturypoetry.org/ns"
                     xml:id="pro75-075210"
                     n="a-0830"
                     ecep:lem="truth"
                     ecep:pos="n1"
                     ecep:reg="truth"
                     ecep:spe="truth"
                     ecep:syllab="1"
                     ecep:pron="truːθ">truth</w>
                  <c> </c>
                  <w xmlns:ecep="http://www.eighteenthcenturypoetry.org/ns"
                     xml:id="pro75-075220"
                     n="a-0840"
                     ecep:lem="pursue"
                     ecep:pos="vvi"
                     ecep:reg="pursue"
                     ecep:spe="pursue"
                     ecep:syllab="2"
                     ecep:pron="pəˈsjuː">pursue</w>
                  <pc xmlns:ecep="http://www.eighteenthcenturypoetry.org/ns"
                      xml:id="pro75-075230"
                      n="a-0850"
                      ecep:lem=","
                      ecep:pos=","
                      ecep:reg=","
                      ecep:spe=",">,</pc>
               </l>
               <l n="19" xml:id="pro75-l04395">
                  <w xmlns:ecep="http://www.eighteenthcenturypoetry.org/ns"
                     xml:id="pro75-075240"
                     n="a-0860"
                     ecep:lem="thy"
                     ecep:pos="po21"
                     ecep:reg="Thy"
                     ecep:spe="Thy"
                     ecep:syllab="1"
                     ecep:pron="ðaɪ">Thy</w>
                  <c> </c>
                  <w xmlns:ecep="http://www.eighteenthcenturypoetry.org/ns"
                     xml:id="pro75-075250"
                     n="a-0870"
                     ecep:lem="name"
                     ecep:pos="n1"
                     ecep:reg="name"
                     ecep:spe="name"
                     ecep:syllab="1"
                     ecep:pron="neɪm">name</w>
                  <c> </c>
                  <w xmlns:ecep="http://www.eighteenthcenturypoetry.org/ns"
                     xml:id="pro75-075260"
                     n="a-0880"
                     ecep:lem="shall"
                     ecep:pos="vmb"
                     ecep:reg="shall"
                     ecep:spe="shall"
                     ecep:syllab="1"
                     ecep:pron="ʃæl">shall</w>
                  <c> </c>
                  <w xmlns:ecep="http://www.eighteenthcenturypoetry.org/ns"
                     xml:id="pro75-075270"
                     n="a-0890"
                     ecep:lem="celebrate"
                     ecep:pos="vvi"
                     ecep:reg="celebrate"
                     ecep:spe="celebrate"
                     ecep:syllab="3"
                     ecep:pron="ˈseləbreɪt">celebrate</w>
                  <c> </c>
                  <w xmlns:ecep="http://www.eighteenthcenturypoetry.org/ns"
                     xml:id="pro75-075280"
                     n="a-0900"
                     ecep:lem="some"
                     ecep:pos="d"
                     ecep:reg="some"
                     ecep:spe="some"
                     ecep:syllab="1"
                     ecep:pron="sʌm">some</w>
                  <c> </c>
                  <w xmlns:ecep="http://www.eighteenthcenturypoetry.org/ns"
                     xml:id="pro75-075290"
                     n="a-0910"
                     ecep:lem="future"
                     ecep:pos="j-jn"
                     ecep:reg="future"
                     ecep:spe="future"
                     ecep:syllab="2"
                     ecep:pron="ˈfjuːtʃə">future</w>
                  <c> </c>
                  <w xmlns:ecep="http://www.eighteenthcenturypoetry.org/ns"
                     xml:id="pro75-075300"
                     n="a-0920"
                     ecep:lem="page"
                     ecep:pos="n1"
                     ecep:reg="page"
                     ecep:spe="page"
                     ecep:syllab="1"
                     ecep:pron="peɪdʒ">page</w>
                  <pc xmlns:ecep="http://www.eighteenthcenturypoetry.org/ns"
                      xml:id="pro75-075310"
                      n="a-0930"
                      ecep:lem=","
                      ecep:pos=","
                      ecep:reg=","
                      ecep:spe=",">,</pc>
               </l>
               <l n="20" rendition="#h_3" xml:id="pro75-l04400">
                  <w xmlns:ecep="http://www.eighteenthcenturypoetry.org/ns"
                     xml:id="pro75-075320"
                     n="a-0940"
                     ecep:lem="some"
                     ecep:pos="d"
                     ecep:reg="Some"
                     ecep:spe="Some"
                     ecep:syllab="1"
                     ecep:pron="sʌm">Some</w>
                  <c> </c>
                  <w xmlns:ecep="http://www.eighteenthcenturypoetry.org/ns"
                     xml:id="pro75-075330"
                     n="a-0950"
                     ecep:lem="yet"
                     ecep:pos="av"
                     ecep:reg="yet"
                     ecep:spe="yet"
                     ecep:syllab="1"
                     ecep:pron="jet">yet</w>
                  <c> </c>
                  <w xmlns:ecep="http://www.eighteenthcenturypoetry.org/ns"
                     xml:id="pro75-075340"
                     n="a-0960"
                     ecep:lem="unheard"
                     ecep:pos="j"
                     ecep:reg="unheard"
                     ecep:spe="unheard"
                     ecep:syllab="2"
                     ecep:pron="ʌnˈhɜːd">unheard</w>
                  <c> </c>
                  <w xmlns:ecep="http://www.eighteenthcenturypoetry.org/ns"
                     xml:id="pro75-075350"
                     n="a-0970"
                     ecep:lem="of"
                     ecep:pos="pp-f"
                     ecep:reg="of"
                     ecep:spe="of"
                     ecep:syllab="1"
                     ecep:pron="ɒv">of</w>
                  <c> </c>
                  <w xmlns:ecep="http://www.eighteenthcenturypoetry.org/ns"
                     xml:id="pro75-075360"
                     n="a-0980"
                     ecep:lem="muse"
                     ecep:pos="n1"
                     ecep:reg="muse"
                     ecep:spe="muse"
                     ecep:syllab="1"
                     ecep:pron="mjuːz">muse</w>
                  <c> </c>
                  <w xmlns:ecep="http://www.eighteenthcenturypoetry.org/ns"
                     xml:id="pro75-075370"
                     n="a-0990"
                     ecep:lem="shall"
                     ecep:pos="vmb"
                     ecep:reg="shall"
                     ecep:spe="shall"
                     ecep:syllab="1"
                     ecep:pron="ʃæl">shall</w>
                  <c> </c>
                  <w xmlns:ecep="http://www.eighteenthcenturypoetry.org/ns"
                     xml:id="pro75-075380"
                     n="a-1000"
                     ecep:lem="sing"
                     ecep:pos="vvi"
                     ecep:reg="sing"
                     ecep:spe="sing"
                     ecep:syllab="1"
                     ecep:pron="sɪŋ">sing</w>
                  <c> </c>
                  <w xmlns:ecep="http://www.eighteenthcenturypoetry.org/ns"
                     xml:id="pro75-075390"
                     n="a-1010"
                     ecep:lem="of"
                     ecep:pos="pp-f"
                     ecep:reg="of"
                     ecep:spe="of"
                     ecep:syllab="1"
                     ecep:pron="ɒv">of</w>
                  <c> </c>
                  <w xmlns:ecep="http://www.eighteenthcenturypoetry.org/ns"
                     xml:id="pro75-075400"
                     n="a-1020"
                     ecep:lem="you"
                     ecep:pos="pn22"
                     ecep:reg="you"
                     ecep:spe="you"
                     ecep:syllab="1"
                     ecep:pron="juː">you</w>
                  <pc xmlns:ecep="http://www.eighteenthcenturypoetry.org/ns"
                      xml:id="pro75-075410"
                      n="a-1030"
                      unit="sentence"
                      ecep:lem="."
                      ecep:pos="."
                      ecep:reg="."
                      ecep:spe=".">.</pc>
               </l>
            </lg>
         </div>
      </body>
   </text>
</TEI>
