<?xml version="1.0" encoding="utf-8"?>
<!DOCTYPE div
  SYSTEM "about:legacy-compat">
<div xmlns:ecep="http://www.eighteenthcenturypoetry.org/ns"
     xmlns="http://www.tei-c.org/ns/1.0"
     xmlns:tei="http://www.tei-c.org/ns/1.0"
     ana="#iamb #pentameter #cross #quatrain"
     corresp="#txt_ScotJo1730_w0013"
     decls="#semi-normalized"
     ecep:syllab="10.10.10.10"
     met="-+|-+|-+|-+|-+/ -+|-+|-+|-+|-+/ -+|-+|-+|-+|-+/ -+|-+|-+|-+|-+/"
     rendition="#lgvspace"
     rhyme="abab"
     subtype="eceptext"
     type="poem"
     xml:id="o4987-w0450">
   <link target="authors.xml#aut_ScotJo1730" type="author"/>
   <link target="32648" type="DMI"/>
   <head type="main">
      <w xml:id="o4987-261470"
         n="129-a-0010"
         ecep:lem="on"
         ecep:pos="p-acp"
         ecep:reg="ON"
         ecep:spe="ON"
         ecep:syllab="1"
         ecep:pron="ɒn">ON</w>
      <c> </c>
      <w xml:id="o4987-261480"
         n="129-a-0020"
         ecep:lem="read"
         ecep:pos="vvg"
         ecep:reg="READING"
         ecep:spe="READING"
         ecep:syllab="2"
         ecep:pron="ˈriːdɪŋ">READING</w>
      <c> </c>
      <w xml:id="o4987-261490"
         n="129-a-0030"
         ecep:lem="mrs."
         ecep:pos="n1"
         ecep:reg="MRS."
         ecep:spe="MRS."
         ecep:syllab="2"
         ecep:pron="mɪsɪz">MRS.</w>
      <c> </c>
      <w xml:id="o4987-261500"
         n="129-a-0040"
         ecep:lem="macaulay"
         ecep:pos="npg1"
         ecep:reg="MACAULAY'S"
         ecep:spe="MACAULAY'S"
         ecep:syllab="3"
         ecep:pron="məˈkɔːliz">MACAULAY'S</w>
      <c> </c>
      <w xml:id="o4987-261510"
         n="129-a-0050"
         ecep:lem="history"
         ecep:pos="n1"
         ecep:reg="HISTORY"
         ecep:spe="HISTORY"
         ecep:syllab="3"
         ecep:pron="ˈhɪstri">HISTORY</w>
      <c> </c>
      <w xml:id="o4987-261520"
         n="129-a-0060"
         ecep:lem="of"
         ecep:pos="pp-f"
         ecep:reg="OF"
         ecep:spe="OF"
         ecep:syllab="1"
         ecep:pron="ɒv">OF</w>
      <c> </c>
      <w xml:id="o4987-261530"
         n="129-a-0070"
         ecep:lem="ENGLAND"
         ecep:pos="np1"
         ecep:reg="ENGLAND"
         ecep:spe="ENGLAND"
         ecep:syllab="2"
         ecep:pron="ˈɪŋglənd">ENGLAND</w>
      <pc xml:id="o4987-261540"
          n="129-a-0080"
          unit="sentence"
          ecep:lem="."
          ecep:pos="."
          ecep:reg="."
          ecep:spe=".">.</pc>
   </head>
   <byline>
      <w xml:id="o4987-261570"
         n="129-a-0090"
         ecep:lem="by"
         ecep:pos="p-acp"
         ecep:reg="BY"
         ecep:spe="BY"
         ecep:syllab="1"
         ecep:pron="baɪ">BY</w>
      <c> </c>
      <w xml:id="o4987-261580"
         n="129-a-0100"
         ecep:lem="the"
         ecep:pos="dt"
         ecep:reg="THE"
         ecep:spe="THE"
         ecep:syllab="1"
         ecep:pron="ðiː">THE</w>
      <c> </c>
      <w xml:id="o4987-261590"
         n="129-a-0110"
         ecep:lem="same"
         ecep:pos="d"
         ecep:reg="SAME"
         ecep:spe="SAME"
         ecep:syllab="1"
         ecep:pron="seɪm">SAME</w>
      <pc xml:id="o4987-261600"
          n="129-a-0120"
          unit="sentence"
          ecep:lem="."
          ecep:pos="."
          ecep:reg="."
          ecep:spe=".">.</pc>
   </byline>
   <lg xml:id="o4987-s01950">
      <l xml:id="o4987-l14010">
         <w xml:id="o4987-261630"
            n="129-a-0130"
            ecep:lem="to"
            ecep:pos="p-acp"
            ecep:reg="TO"
            ecep:spe="TO"
            ecep:syllab="1"
            ecep:pron="tuː">TO</w>
         <c> </c>
         <w xml:id="o4987-261640"
            n="129-a-0140"
            ecep:lem="albion"
            ecep:pos="npg1"
            ecep:reg="Albion's"
            ecep:spe="Albion's"
            ecep:syllab="2"
            ecep:pron="ˈælbiənz">Albion's</w>
         <c> </c>
         <w xml:id="o4987-261650"
            n="129-a-0150"
            ecep:lem="bard"
            ecep:pos="n2"
            ecep:reg="Bards"
            ecep:spe="Bards"
            ecep:syllab="1"
            ecep:pron="bɑːdz">Bards</w>
         <pc xml:id="o4987-261660"
             n="129-a-0160"
             ecep:lem=","
             ecep:pos=","
             ecep:reg=","
             ecep:spe=",">,</pc>
         <c> </c>
         <w xml:id="o4987-261670"
            n="129-a-0170"
            ecep:lem="the"
            ecep:pos="dt"
            ecep:reg="the"
            ecep:spe="the"
            ecep:syllab="1"
            ecep:pron="ðiː">the</w>
         <c> </c>
         <w xml:id="o4987-261680"
            n="129-a-0180"
            ecep:lem="muse"
            ecep:pos="n1"
            ecep:reg="Muse"
            ecep:spe="Muse"
            ecep:syllab="1"
            ecep:pron="mjuːz">Muse</w>
         <c> </c>
         <w xml:id="o4987-261690"
            n="129-a-0190"
            ecep:lem="of"
            ecep:pos="pp-f"
            ecep:reg="of"
            ecep:spe="of"
            ecep:syllab="1"
            ecep:pron="ɒv">of</w>
         <c> </c>
         <w xml:id="o4987-261700"
            n="129-a-0200"
            ecep:lem="history"
            ecep:pos="n1"
            ecep:reg="History"
            ecep:spe="History"
            ecep:syllab="3"
            ecep:pron="ˈhɪstri">History</w>
         <c> </c>
         <w xml:id="o4987-261710"
            n="129-a-0210"
            ecep:lem="speak"
            ecep:pos="vvd"
            ecep:reg="spoke"
            ecep:spe="spoke"
            ecep:syllab="1"
            ecep:pron="spəʊk">spoke</w>
         <pc xml:id="o4987-261720"
             n="129-a-0220"
             ecep:lem=";"
             ecep:pos=";"
             ecep:reg=";"
             ecep:spe=";">;</pc>
      </l>
      <l xml:id="o4987-l14015">
         <c> </c>
         <pc xml:id="o4987-261730"
             n="129-a-0230"
             ecep:lem="&#34;"
             ecep:pos="&#34;"
             ecep:reg="&#34;"
             ecep:spe="&#34;">"</pc>
         <w xml:id="o4987-261740"
            n="129-a-0240"
            ecep:lem="record"
            ecep:pos="vvb"
            ecep:reg="Record"
            ecep:spe="Record"
            ecep:syllab="2"
            ecep:pron="ˈrekɔːd">Record</w>
         <c> </c>
         <w xml:id="o4987-261750"
            n="129-a-0250"
            ecep:lem="the"
            ecep:pos="dt"
            ecep:reg="the"
            ecep:spe="the"
            ecep:syllab="1"
            ecep:pron="ðiː">the</w>
         <c> </c>
         <w xml:id="o4987-261760"
            n="129-a-0260"
            ecep:lem="glory"
            ecep:pos="n2"
            ecep:reg="glories"
            ecep:spe="glories"
            ecep:syllab="2"
            ecep:pron="ˈglɔːriz">glories</w>
         <c> </c>
         <w xml:id="o4987-261770"
            n="129-a-0270"
            ecep:lem="of"
            ecep:pos="pp-f"
            ecep:reg="of"
            ecep:spe="of"
            ecep:syllab="1"
            ecep:pron="ɒv">of</w>
         <c> </c>
         <w xml:id="o4987-261780"
            n="129-a-0280"
            ecep:lem="your"
            ecep:pos="po22"
            ecep:reg="your"
            ecep:spe="your"
            ecep:syllab="1"
            ecep:pron="jɔː">your</w>
         <c> </c>
         <w xml:id="o4987-261790"
            n="129-a-0290"
            ecep:lem="native"
            ecep:pos="j-jn"
            ecep:reg="native"
            ecep:spe="native"
            ecep:syllab="2"
            ecep:pron="ˈneɪtɪv">native</w>
         <c> </c>
         <w xml:id="o4987-261800"
            n="129-a-0300"
            ecep:lem="land"
            ecep:pos="n1"
            ecep:reg="land"
            ecep:spe="land"
            ecep:syllab="1"
            ecep:pron="lænd">land</w>
         <pc xml:id="o4987-261810"
             n="129-a-0310"
             ecep:lem=","
             ecep:pos=","
             ecep:reg=","
             ecep:spe=",">,</pc>
      </l>
      <l xml:id="o4987-l14020">
         <pc xml:id="o4987-261820"
             n="129-a-0320"
             ecep:lem="&#34;"
             ecep:pos="&#34;"
             ecep:reg="&#34;"
             ecep:spe="&#34;">"</pc>
         <c> </c>
         <w xml:id="o4987-261830"
            n="129-a-0330"
            ecep:lem="how"
            ecep:pos="q-crq"
            ecep:reg="How"
            ecep:spe="How"
            ecep:syllab="1"
            ecep:pron="haʊ">How</w>
         <c> </c>
         <w xml:id="o4987-261840"
            n="129-a-0340"
            ecep:lem="her"
            ecep:pos="po31"
            ecep:reg="her"
            ecep:spe="her"
            ecep:syllab="1"
            ecep:pron="hɜː">her</w>
         <c> </c>
         <w xml:id="o4987-261850"
            n="129-a-0350"
            ecep:lem="brave"
            ecep:pos="j"
            ecep:reg="brave"
            ecep:spe="brave"
            ecep:syllab="1"
            ecep:pron="breɪv">brave</w>
         <c> </c>
         <w xml:id="o4987-261860"
            n="129-a-0360"
            ecep:lem="son"
            ecep:pos="n2"
            ecep:reg="sons"
            ecep:spe="sons"
            ecep:syllab="1"
            ecep:pron="sʌnz">sons</w>
         <c> </c>
         <w xml:id="o4987-261870"
            n="129-a-0370"
            ecep:lem="the"
            ecep:pos="dt"
            ecep:reg="the"
            ecep:spe="the"
            ecep:syllab="1"
            ecep:pron="ðiː">the</w>
         <c> </c>
         <w xml:id="o4987-261880"
            n="129-a-0380"
            ecep:lem="bond"
            ecep:pos="n2"
            ecep:reg="bonds"
            ecep:spe="bonds"
            ecep:syllab="1"
            ecep:pron="bɒndz">bonds</w>
         <c> </c>
         <w xml:id="o4987-261890"
            n="129-a-0390"
            ecep:lem="of"
            ecep:pos="pp-f"
            ecep:reg="of"
            ecep:spe="of"
            ecep:syllab="1"
            ecep:pron="ɒv">of</w>
         <c> </c>
         <w xml:id="o4987-261900"
            n="129-a-0400"
            ecep:lem="slavery"
            ecep:pos="n1"
            ecep:reg="Slavery"
            ecep:spe="Slavery"
            ecep:syllab="3"
            ecep:pron="ˈsleɪvəri">Slavery</w>
         <c> </c>
         <w xml:id="o4987-261910"
            n="129-a-0410"
            ecep:lem="break"
            ecep:pos="vvn"
            ecep:reg="broke"
            ecep:spe="broke"
            ecep:syllab="1"
            ecep:pron="brəʊk">broke</w>
         <pc xml:id="o4987-261920"
             n="129-a-0420"
             ecep:lem=","
             ecep:pos=","
             ecep:reg=","
             ecep:spe=",">,</pc>
      </l>
      <l xml:id="o4987-l14025">
         <c> </c>
         <pc xml:id="o4987-261930"
             n="129-a-0430"
             ecep:lem="&#34;"
             ecep:pos="&#34;"
             ecep:reg="&#34;"
             ecep:spe="&#34;">"</pc>
         <w xml:id="o4987-261940"
            n="129-a-0440"
            ecep:lem="and"
            ecep:pos="cc"
            ecep:reg="And"
            ecep:spe="And"
            ecep:syllab="1"
            ecep:pron="ænd">And</w>
         <c> </c>
         <w xml:id="o4987-261950"
            n="129-a-0450"
            ecep:lem="power"
            ecep:pos="n1|vbz"
            ecep:reg="Power's"
            ecep:spe="Power's"
            ecep:syllab="2"
            ecep:pron="ˈpaʊəz">Power's</w>
         <c> </c>
         <w xml:id="o4987-261960"
            n="129-a-0460"
            ecep:lem="fell"
            ecep:pos="j"
            ecep:reg="fell"
            ecep:spe="fell"
            ecep:syllab="1"
            ecep:pron="fel">fell</w>
         <c> </c>
         <w xml:id="o4987-261970"
            n="129-a-0470"
            ecep:lem="rod"
            ecep:pos="n1"
            ecep:reg="rod"
            ecep:spe="rod"
            ecep:syllab="1"
            ecep:pron="rɒd">rod</w>
         <c> </c>
         <w xml:id="o4987-261980"
            n="129-a-0480"
            ecep:lem="tear"
            ecep:pos="vvd"
            ecep:reg="tore"
            ecep:spe="tore"
            ecep:syllab="1"
            ecep:pron="tɔː">tore</w>
         <c> </c>
         <w xml:id="o4987-261990"
            n="129-a-0490"
            ecep:lem="from"
            ecep:pos="p-acp"
            ecep:reg="from"
            ecep:spe="from"
            ecep:syllab="1"
            ecep:pron="frɒm">from</w>
         <c> </c>
         <w xml:id="o4987-262000"
            n="129-a-0500"
            ecep:lem="the"
            ecep:pos="dt"
            ecep:reg="the"
            ecep:spe="th'"
            ecep:syllab="0"
            ecep:pron="ð">th'</w>
         <c> </c>
         <w xml:id="o4987-262010"
            n="129-a-0510"
            ecep:lem="oppressor"
            ecep:pos="ng1"
            ecep:reg="Oppressor's"
            ecep:spe="Oppressor's"
            ecep:syllab="3"
            ecep:pron="əˈpresəz">Oppressor's</w>
         <c> </c>
         <w xml:id="o4987-262020"
            n="129-a-0520"
            ecep:lem="hand"
            ecep:pos="n1"
            ecep:reg="hand"
            ecep:spe="hand"
            ecep:syllab="1"
            ecep:pron="hænd">hand</w>
         <pc xml:id="o4987-262030"
             n="129-a-0530"
             ecep:lem=","
             ecep:pos=","
             ecep:reg=","
             ecep:spe=",">,</pc>
      </l>
   </lg>
   <lg xml:id="o4987-s01955">
      <l xml:id="o4987-l14030">
         <c> </c>
         <pc xml:id="o4987-262060"
             n="129-a-0540"
             ecep:lem="&#34;"
             ecep:pos="&#34;"
             ecep:reg="&#34;"
             ecep:spe="&#34;">"</pc>
         <w xml:id="o4987-262070"
            n="129-a-0550"
            ecep:lem="give"
            ecep:pos="vvb"
            ecep:reg="Give"
            ecep:spe="Give"
            ecep:syllab="1"
            ecep:pron="gɪv">Give</w>
         <c> </c>
         <w xml:id="o4987-262080"
            n="129-a-0560"
            ecep:lem="to"
            ecep:pos="p-acp"
            ecep:reg="to"
            ecep:spe="to"
            ecep:syllab="1"
            ecep:pron="tuː">to</w>
         <c> </c>
         <w xml:id="o4987-262090"
            n="129-a-0570"
            ecep:lem="renown"
            ecep:pos="n1"
            ecep:reg="renown"
            ecep:spe="renown"
            ecep:syllab="2"
            ecep:pron="riˈnaʊn">renown</w>
         <c> </c>
         <w xml:id="o4987-262100"
            n="129-a-0580"
            ecep:lem="the"
            ecep:pos="dt"
            ecep:reg="the"
            ecep:spe="the"
            ecep:syllab="1"
            ecep:pron="ðiː">the</w>
         <c> </c>
         <w xml:id="o4987-262110"
            n="129-a-0590"
            ecep:lem="patriot"
            ecep:pos="n1|vbz"
            ecep:reg="Patriot's"
            ecep:spe="Patriot's"
            ecep:syllab="3"
            ecep:pron="ˈpætriətz">Patriot's</w>
         <c> </c>
         <w xml:id="o4987-262120"
            n="129-a-0600"
            ecep:lem="noble"
            ecep:pos="j"
            ecep:reg="noble"
            ecep:spe="noble"
            ecep:syllab="2"
            ecep:pron="ˈnəʊbl">noble</w>
         <c> </c>
         <w xml:id="o4987-262130"
            n="129-a-0610"
            ecep:lem="deed"
            ecep:pos="n2"
            ecep:reg="deeds"
            ecep:spe="deeds"
            ecep:syllab="1"
            ecep:pron="diːdz">deeds</w>
         <pc xml:id="o4987-262140"
             n="129-a-0620"
             ecep:lem=","
             ecep:pos=","
             ecep:reg=","
             ecep:spe=",">,</pc>
      </l>
      <l xml:id="o4987-l14035">
         <pc xml:id="o4987-262150"
             n="129-a-0630"
             ecep:lem="&#34;"
             ecep:pos="&#34;"
             ecep:reg="&#34;"
             ecep:spe="&#34;">"</pc>
         <c> </c>
         <w xml:id="o4987-262160"
            n="129-a-0640"
            ecep:lem="brand"
            ecep:pos="n1"
            ecep:reg="Brand"
            ecep:spe="Brand"
            ecep:syllab="1"
            ecep:pron="brænd">Brand</w>
         <c> </c>
         <w xml:id="o4987-262170"
            n="129-a-0650"
            ecep:lem="with"
            ecep:pos="p-acp"
            ecep:reg="with"
            ecep:spe="with"
            ecep:syllab="1"
            ecep:pron="wɪð">with</w>
         <c> </c>
         <w xml:id="o4987-262180"
            n="129-a-0660"
            ecep:lem="disgrace"
            ecep:pos="n1"
            ecep:reg="disgrace"
            ecep:spe="disgrace"
            ecep:syllab="2"
            ecep:pron="dɪsˈgreɪs">disgrace</w>
         <c> </c>
         <w xml:id="o4987-262190"
            n="129-a-0670"
            ecep:lem="the"
            ecep:pos="dt"
            ecep:reg="the"
            ecep:spe="the"
            ecep:syllab="1"
            ecep:pron="ðiː">the</w>
         <c> </c>
         <w xml:id="o4987-262200"
            n="129-a-0680"
            ecep:lem="tyrant"
            ecep:pos="ng1"
            ecep:reg="Tyrant's"
            ecep:spe="Tyrant's"
            ecep:syllab="2"
            ecep:pron="ˈtaɪrəntz">Tyrant's</w>
         <c> </c>
         <w xml:id="o4987-262210"
            n="129-a-0690"
            ecep:lem="hate"
            ecep:pos="j-vvn"
            ecep:reg="hated"
            ecep:spe="hated"
            ecep:syllab="2"
            ecep:pron="ˈheɪtɪd">hated</w>
         <c> </c>
         <w xml:id="o4987-262220"
            n="129-a-0700"
            ecep:lem="name"
            ecep:pos="n1"
            ecep:reg="name"
            ecep:spe="name"
            ecep:syllab="1"
            ecep:pron="neɪm">name</w>
         <pc xml:id="o4987-262230"
             n="129-a-0710"
             ecep:lem=";"
             ecep:pos=";"
             ecep:reg=";"
             ecep:spe=";">;</pc>
      </l>
      <l xml:id="o4987-l14040">
         <c> </c>
         <pc xml:id="o4987-262240"
             n="129-a-0720"
             ecep:lem="&#34;"
             ecep:pos="&#34;"
             ecep:reg="&#34;"
             ecep:spe="&#34;">"</pc>
         <w xml:id="o4987-262250"
            n="129-a-0730"
            ecep:lem="though"
            ecep:pos="c-acp"
            ecep:reg="Though"
            ecep:spe="Tho'"
            ecep:syllab="1"
            ecep:pron="ðəʊ">Tho'</w>
         <c> </c>
         <w xml:id="o4987-262260"
            n="129-a-0740"
            ecep:lem="falsehood"
            ecep:pos="n1"
            ecep:reg="Falsehood"
            ecep:spe="Falshood"
            ecep:syllab="2"
            ecep:pron="ˈfɔːlshʊd">Falshood</w>
         <c> </c>
         <w xml:id="o4987-262270"
            n="129-a-0750"
            ecep:lem="oft"
            ecep:pos="av"
            ecep:reg="oft"
            ecep:spe="oft'"
            ecep:syllab="1"
            ecep:pron="ɒft">oft'</w>
         <c> </c>
         <w xml:id="o4987-262280"
            n="129-a-0760"
            ecep:lem="awhile"
            ecep:pos="av"
            ecep:reg="awhile"
            ecep:spe="awhile"
            ecep:syllab="2"
            ecep:pron="əˈwaɪl">awhile</w>
         <c> </c>
         <w xml:id="o4987-262290"
            n="129-a-0770"
            ecep:lem="the"
            ecep:pos="dt"
            ecep:reg="the"
            ecep:spe="the"
            ecep:syllab="1"
            ecep:pron="ðiː">the</w>
         <c> </c>
         <w xml:id="o4987-262300"
            n="129-a-0780"
            ecep:lem="mind"
            ecep:pos="n1"
            ecep:reg="mind"
            ecep:spe="mind"
            ecep:syllab="1"
            ecep:pron="maɪnd">mind</w>
         <c> </c>
         <w xml:id="o4987-262310"
            n="129-a-0790"
            ecep:lem="mislead"
            ecep:pos="vvz"
            ecep:reg="misleads"
            ecep:spe="misleads"
            ecep:syllab="2"
            ecep:pron="ˌmɪsˈliːdz">misleads</w>
         <pc xml:id="o4987-262320"
             n="129-a-0800"
             ecep:lem=","
             ecep:pos=","
             ecep:reg=","
             ecep:spe=",">,</pc>
      </l>
      <l xml:id="o4987-l14045">
         <pc xml:id="o4987-262330"
             n="129-a-0810"
             ecep:lem="&#34;"
             ecep:pos="&#34;"
             ecep:reg="&#34;"
             ecep:spe="&#34;">"</pc>
         <c> </c>
         <w xml:id="o4987-262340"
            n="129-a-0820"
            ecep:lem="impartial"
            ecep:pos="j"
            ecep:reg="Impartial"
            ecep:spe="Impartial"
            ecep:syllab="3"
            ecep:pron="ɪmˈpɑːʃl">Impartial</w>
         <c> </c>
         <w xml:id="o4987-262350"
            n="129-a-0830"
            ecep:lem="time"
            ecep:pos="n1"
            ecep:reg="Time"
            ecep:spe="Time"
            ecep:syllab="1"
            ecep:pron="taɪm">Time</w>
         <c> </c>
         <w xml:id="o4987-262360"
            n="129-a-0840"
            ecep:lem="bestow"
            ecep:pos="vvz"
            ecep:reg="bestows"
            ecep:spe="bestows"
            ecep:syllab="2"
            ecep:pron="biˈstəʊz">bestows</w>
         <c> </c>
         <w xml:id="o4987-262370"
            n="129-a-0850"
            ecep:lem="impartial"
            ecep:pos="j"
            ecep:reg="impartial"
            ecep:spe="impartial"
            ecep:syllab="3"
            ecep:pron="ɪmˈpɑːʃl">impartial</w>
         <c> </c>
         <w xml:id="o4987-262380"
            n="129-a-0860"
            ecep:lem="fame"
            ecep:pos="n1"
            ecep:reg="Fame"
            ecep:spe="Fame"
            ecep:syllab="1"
            ecep:pron="feɪm">Fame</w>
         <pc xml:id="o4987-262390"
             n="129-a-0870"
             ecep:lem="."
             ecep:pos="."
             ecep:reg="."
             ecep:spe=".">.</pc>
         <c> </c>
         <pc xml:id="o4987-262400"
             n="129-a-0880"
             unit="sentence"
             ecep:lem="&#34;"
             ecep:pos="&#34;"
             ecep:reg="&#34;"
             ecep:spe="&#34;">"</pc>
         <c> </c>
      </l>
   </lg>
   <lg xml:id="o4987-s01960">
      <l xml:id="o4987-l14050">
         <w xml:id="o4987-262430"
            n="129-a-0890"
            ecep:lem="she"
            ecep:pos="pns31"
            ecep:reg="She"
            ecep:spe="She"
            ecep:syllab="1"
            ecep:pron="ʃiː">She</w>
         <c> </c>
         <w xml:id="o4987-262440"
            n="129-a-0900"
            ecep:lem="say"
            ecep:pos="vvd"
            ecep:reg="said"
            ecep:spe="said"
            ecep:syllab="1"
            ecep:pron="sed">said</w>
         <pc xml:id="o4987-262450"
             n="129-a-0910"
             ecep:lem=","
             ecep:pos=","
             ecep:reg=","
             ecep:spe=",">,</pc>
         <c> </c>
         <w xml:id="o4987-262460"
            n="129-a-0920"
            ecep:lem="and"
            ecep:pos="cc"
            ecep:reg="and"
            ecep:spe="and"
            ecep:syllab="1"
            ecep:pron="ænd">and</w>
         <c> </c>
         <w xml:id="o4987-262470"
            n="129-a-0930"
            ecep:lem="soon"
            ecep:pos="av"
            ecep:reg="soon"
            ecep:spe="soon"
            ecep:syllab="1"
            ecep:pron="suːn">soon</w>
         <c> </c>
         <w xml:id="o4987-262480"
            n="129-a-0940"
            ecep:lem="the"
            ecep:pos="dt"
            ecep:reg="the"
            ecep:spe="the"
            ecep:syllab="1"
            ecep:pron="ðiː">the</w>
         <c> </c>
         <w xml:id="o4987-262490"
            n="129-a-0950"
            ecep:lem="lofty"
            ecep:pos="j"
            ecep:reg="lofty"
            ecep:spe="lofty"
            ecep:syllab="2"
            ecep:pron="ˈlɒfti">lofty</w>
         <c> </c>
         <w xml:id="o4987-262500"
            n="129-a-0960"
            ecep:lem="lyre"
            ecep:pos="n1"
            ecep:reg="lyre"
            ecep:spe="lyre"
            ecep:syllab="1"
            ecep:pron="ˈlaɪə">lyre</w>
         <c> </c>
         <w xml:id="o4987-262510"
            n="129-a-0970"
            ecep:lem="they"
            ecep:pos="pns32"
            ecep:reg="they"
            ecep:spe="they"
            ecep:syllab="1"
            ecep:pron="ðeɪ">they</w>
         <c> </c>
         <w xml:id="o4987-262520"
            n="129-a-0980"
            ecep:lem="string"
            ecep:pos="vvd"
            ecep:reg="strung"
            ecep:spe="strung"
            ecep:syllab="1"
            ecep:pron="strʌŋ">strung</w>
         <pc xml:id="o4987-262530"
             n="129-a-0990"
             ecep:lem=","
             ecep:pos=","
             ecep:reg=","
             ecep:spe=",">,</pc>
      </l>
      <l xml:id="o4987-l14055">
         <c> </c>
         <w xml:id="o4987-262540"
            n="129-a-1000"
            ecep:lem="but"
            ecep:pos="cc-acp"
            ecep:reg="But"
            ecep:spe="But"
            ecep:syllab="1"
            ecep:pron="bʌt">But</w>
         <pc xml:id="o4987-262550"
             n="129-a-1010"
             ecep:lem=","
             ecep:pos=","
             ecep:reg=","
             ecep:spe=",">,</pc>
         <c> </c>
         <w xml:id="o4987-262560"
            n="129-a-1020"
            ecep:lem="artful"
            ecep:pos="j"
            ecep:reg="artful"
            ecep:spe="artful"
            ecep:syllab="2"
            ecep:pron="ˈɑːtfl">artful</w>
         <pc xml:id="o4987-262570"
             n="129-a-1030"
             ecep:lem=","
             ecep:pos=","
             ecep:reg=","
             ecep:spe=",">,</pc>
         <c> </c>
         <w xml:id="o4987-262580"
            n="129-a-1040"
            ecep:lem="change"
            ecep:pos="vvd"
            ecep:reg="changed"
            ecep:spe="chang'd"
            ecep:syllab="1"
            ecep:pron="tʃeɪndʒd">chang'd</w>
         <c> </c>
         <w xml:id="o4987-262590"
            n="129-a-1050"
            ecep:lem="the"
            ecep:pos="dt"
            ecep:reg="the"
            ecep:spe="the"
            ecep:syllab="1"
            ecep:pron="ðiː">the</w>
         <c> </c>
         <w xml:id="o4987-262600"
            n="129-a-1060"
            ecep:lem="subject"
            ecep:pos="n-jn"
            ecep:reg="subject"
            ecep:spe="subject"
            ecep:syllab="2"
            ecep:pron="ˈsʌbdʒekt">subject</w>
         <c> </c>
         <w xml:id="o4987-262610"
            n="129-a-1070"
            ecep:lem="and"
            ecep:pos="cc"
            ecep:reg="and"
            ecep:spe="and"
            ecep:syllab="1"
            ecep:pron="ænd">and</w>
         <c> </c>
         <w xml:id="o4987-262620"
            n="129-a-1080"
            ecep:lem="the"
            ecep:pos="dt"
            ecep:reg="the"
            ecep:spe="the"
            ecep:syllab="1"
            ecep:pron="ðiː">the</w>
         <c> </c>
         <w xml:id="o4987-262630"
            n="129-a-1090"
            ecep:lem="lore"
            ecep:pos="n1"
            ecep:reg="lore"
            ecep:spe="lore"
            ecep:syllab="1"
            ecep:pron="lɔː">lore</w>
         <pc xml:id="o4987-262640"
             n="129-a-1100"
             ecep:lem=","
             ecep:pos=","
             ecep:reg=","
             ecep:spe=",">,</pc>
      </l>
      <l xml:id="o4987-l14060">
         <c> </c>
         <w xml:id="o4987-262650"
            n="129-a-1110"
            ecep:lem="applause"
            ecep:pos="n1"
            ecep:reg="Applause"
            ecep:spe="Applause"
            ecep:syllab="2"
            ecep:pron="əˈplɔːz">Applause</w>
         <c> </c>
         <w xml:id="o4987-262660"
            n="129-a-1120"
            ecep:lem="of"
            ecep:pos="pp-f"
            ecep:reg="of"
            ecep:spe="of"
            ecep:syllab="1"
            ecep:pron="ɒv">of</w>
         <c> </c>
         <w xml:id="o4987-262670"
            n="129-a-1130"
            ecep:lem="court"
            ecep:pos="n2"
            ecep:reg="courts"
            ecep:spe="courts"
            ecep:syllab="1"
            ecep:pron="kɔːts">courts</w>
         <c> </c>
         <w xml:id="o4987-262680"
            n="129-a-1140"
            ecep:lem="and"
            ecep:pos="cc"
            ecep:reg="and"
            ecep:spe="and"
            ecep:syllab="1"
            ecep:pron="ænd">and</w>
         <c> </c>
         <w xml:id="o4987-262690"
            n="129-a-1150"
            ecep:lem="courtly"
            ecep:pos="j"
            ecep:reg="courtly"
            ecep:spe="courtly"
            ecep:syllab="2"
            ecep:pron="ˈkɔːtli">courtly</w>
         <c> </c>
         <w xml:id="o4987-262700"
            n="129-a-1160"
            ecep:lem="slave"
            ecep:pos="n2"
            ecep:reg="slaves"
            ecep:spe="slaves"
            ecep:syllab="1"
            ecep:pron="sleɪvz">slaves</w>
         <c> </c>
         <w xml:id="o4987-262710"
            n="129-a-1170"
            ecep:lem="they"
            ecep:pos="pns32"
            ecep:reg="they"
            ecep:spe="they"
            ecep:syllab="1"
            ecep:pron="ðeɪ">they</w>
         <c> </c>
         <w xml:id="o4987-262720"
            n="129-a-1180"
            ecep:lem="sing"
            ecep:pos="vvd"
            ecep:reg="sung"
            ecep:spe="sung"
            ecep:syllab="1"
            ecep:pron="sʌŋ">sung</w>
         <pc xml:id="o4987-262730"
             n="129-a-1190"
             ecep:lem=","
             ecep:pos=","
             ecep:reg=","
             ecep:spe=",">,</pc>
      </l>
      <l xml:id="o4987-l14065">
         <c> </c>
         <w xml:id="o4987-262740"
            n="129-a-1200"
            ecep:lem="but"
            ecep:pos="cc-acp"
            ecep:reg="But"
            ecep:spe="But"
            ecep:syllab="1"
            ecep:pron="bʌt">But</w>
         <c> </c>
         <w xml:id="o4987-262750"
            n="129-a-1210"
            ecep:lem="touch"
            ecep:pos="vvd"
            ecep:reg="touched"
            ecep:spe="touch'd"
            ecep:syllab="1"
            ecep:pron="tʌtʃt">touch'd</w>
         <c> </c>
         <w xml:id="o4987-262760"
            n="129-a-1220"
            ecep:lem="on"
            ecep:pos="p-acp"
            ecep:reg="on"
            ecep:spe="on"
            ecep:syllab="1"
            ecep:pron="ɒn">on</w>
         <c> </c>
         <w xml:id="o4987-262770"
            n="129-a-1230"
            ecep:lem="freedom"
            ecep:pos="ng1"
            ecep:reg="Freedom's"
            ecep:spe="Freedom's"
            ecep:syllab="2"
            ecep:pron="ˈfriːdəmz">Freedom's</w>
         <c> </c>
         <w xml:id="o4987-262780"
            n="129-a-1240"
            ecep:lem="genuine"
            ecep:pos="j"
            ecep:reg="genuine"
            ecep:spe="genuine"
            ecep:syllab="3"
            ecep:pron="ˈdʒenjuɪn">genuine</w>
         <c> </c>
         <w xml:id="o4987-262790"
            n="129-a-1250"
            ecep:lem="note"
            ecep:pos="n2"
            ecep:reg="notes"
            ecep:spe="notes"
            ecep:syllab="1"
            ecep:pron="nəʊts">notes</w>
         <c> </c>
         <w xml:id="o4987-262800"
            n="129-a-1260"
            ecep:lem="no"
            ecep:pos="av-dx"
            ecep:reg="no"
            ecep:spe="no"
            ecep:syllab="1"
            ecep:pron="nəʊ">no</w>
         <c> </c>
         <w xml:id="o4987-262810"
            n="129-a-1270"
            ecep:lem="more"
            ecep:pos="av-dc"
            ecep:reg="more"
            ecep:spe="more"
            ecep:syllab="1"
            ecep:pron="mɔː">more</w>
         <pc xml:id="o4987-262820"
             n="129-a-1280"
             unit="sentence"
             ecep:lem="."
             ecep:pos="."
             ecep:reg="."
             ecep:spe=".">.</pc>
         <c> </c>
      </l>
   </lg>
   <lg xml:id="o4987-s01965">
      <l xml:id="o4987-l14070">
         <w xml:id="o4987-262850"
            n="129-a-1290"
            ecep:lem="the"
            ecep:pos="dt"
            ecep:reg="The"
            ecep:spe="The"
            ecep:syllab="1"
            ecep:pron="ðiː">The</w>
         <c> </c>
         <w xml:id="o4987-262860"
            n="129-a-1300"
            ecep:lem="servile"
            ecep:pos="j"
            ecep:reg="servile"
            ecep:spe="servile"
            ecep:syllab="2"
            ecep:pron="ˈsɜːvaɪl">servile</w>
         <c> </c>
         <w xml:id="o4987-262870"
            n="129-a-1310"
            ecep:lem="strain"
            ecep:pos="n1"
            ecep:reg="strain"
            ecep:spe="strain"
            ecep:syllab="1"
            ecep:pron="streɪn">strain</w>
         <c> </c>
         <w xml:id="o4987-262880"
            n="129-a-1320"
            ecep:lem="the"
            ecep:pos="dt"
            ecep:reg="the"
            ecep:spe="the"
            ecep:syllab="1"
            ecep:pron="ðiː">the</w>
         <c> </c>
         <w xml:id="o4987-262890"
            n="129-a-1330"
            ecep:lem="muse"
            ecep:pos="n1"
            ecep:reg="Muse"
            ecep:spe="Muse"
            ecep:syllab="1"
            ecep:pron="mjuːz">Muse</w>
         <c> </c>
         <w xml:id="o4987-262900"
            n="129-a-1340"
            ecep:lem="indignant"
            ecep:pos="j"
            ecep:reg="indignant"
            ecep:spe="indignant"
            ecep:syllab="3"
            ecep:pron="ɪnˈdɪgnənt">indignant</w>
         <c> </c>
         <w xml:id="o4987-262910"
            n="129-a-1350"
            ecep:lem="hear"
            ecep:pos="vvn"
            ecep:reg="heard"
            ecep:spe="heard"
            ecep:syllab="1"
            ecep:pron="hɜːd">heard</w>
         <pc xml:id="o4987-262920"
             n="129-a-1360"
             ecep:lem=","
             ecep:pos=","
             ecep:reg=","
             ecep:spe=",">,</pc>
      </l>
      <l xml:id="o4987-l14075">
         <c> </c>
         <w xml:id="o4987-262930"
            n="129-a-1370"
            ecep:lem="anxious"
            ecep:pos="j"
            ecep:reg="Anxious"
            ecep:spe="Anxious"
            ecep:syllab="2"
            ecep:pron="ˈæŋkʃəs">Anxious</w>
         <c> </c>
         <w xml:id="o4987-262940"
            n="129-a-1380"
            ecep:lem="for"
            ecep:pos="p-acp"
            ecep:reg="for"
            ecep:spe="for"
            ecep:syllab="1"
            ecep:pron="fɔː">for</w>
         <c> </c>
         <w xml:id="o4987-262950"
            n="129-a-1390"
            ecep:lem="truth"
            ecep:pos="n1"
            ecep:reg="Truth"
            ecep:spe="Truth"
            ecep:syllab="1"
            ecep:pron="truːθ">Truth</w>
         <pc xml:id="o4987-262960"
             n="129-a-1400"
             ecep:lem=","
             ecep:pos=","
             ecep:reg=","
             ecep:spe=",">,</pc>
         <c> </c>
         <w xml:id="o4987-262970"
            n="129-a-1410"
            ecep:lem="for"
            ecep:pos="p-acp"
            ecep:reg="for"
            ecep:spe="for"
            ecep:syllab="1"
            ecep:pron="fɔː">for</w>
         <c> </c>
         <w xml:id="o4987-262980"
            n="129-a-1420"
            ecep:lem="public"
            ecep:pos="j"
            ecep:reg="Public"
            ecep:spe="Public"
            ecep:syllab="2"
            ecep:pron="ˈpʌblɪk">Public</w>
         <c> </c>
         <w xml:id="o4987-262990"
            n="129-a-1430"
            ecep:lem="virtue"
            ecep:pos="n1"
            ecep:reg="Virtue"
            ecep:spe="Virtue"
            ecep:syllab="2"
            ecep:pron="ˈvɜːtʃuː">Virtue</w>
         <c> </c>
         <w xml:id="o4987-263000"
            n="129-a-1440"
            ecep:lem="warm"
            ecep:pos="j"
            ecep:reg="warm"
            ecep:spe="warm"
            ecep:syllab="1"
            ecep:pron="wɔːm">warm</w>
         <pc xml:id="o4987-263010"
             n="129-a-1450"
             ecep:lem=","
             ecep:pos=","
             ecep:reg=","
             ecep:spe=",">,</pc>
      </l>
      <l xml:id="o4987-l14080">
         <c> </c>
         <w xml:id="o4987-263020"
            n="129-a-1460"
            ecep:lem="she"
            ecep:pos="pns31"
            ecep:reg="She"
            ecep:spe="She"
            ecep:syllab="1"
            ecep:pron="ʃiː">She</w>
         <pc xml:id="o4987-263030"
             n="129-a-1470"
             ecep:lem=","
             ecep:pos=","
             ecep:reg=","
             ecep:spe=",">,</pc>
         <c> </c>
         <w xml:id="o4987-263040"
            n="129-a-1480"
            ecep:lem="freedom"
            ecep:pos="n1|vbz"
            ecep:reg="Freedom's"
            ecep:spe="Freedom's"
            ecep:syllab="2"
            ecep:pron="ˈfriːdəmz">Freedom's</w>
         <c> </c>
         <w xml:id="o4987-263050"
            n="129-a-1490"
            ecep:lem="faithful"
            ecep:pos="j"
            ecep:reg="faithful"
            ecep:spe="faithful"
            ecep:syllab="2"
            ecep:pron="ˈfeɪθfl">faithful</w>
         <c> </c>
         <w xml:id="o4987-263060"
            n="129-a-1500"
            ecep:lem="advocate"
            ecep:pos="n1"
            ecep:reg="advocate"
            ecep:spe="advocate"
            ecep:syllab="3"
            ecep:pron="ˈædvəkət">advocate</w>
         <pc xml:id="o4987-263070"
             n="129-a-1510"
             ecep:lem=","
             ecep:pos=","
             ecep:reg=","
             ecep:spe=",">,</pc>
         <c> </c>
         <w xml:id="o4987-263080"
            n="129-a-1520"
            ecep:lem="appear"
            ecep:pos="vvn"
            ecep:reg="appeared"
            ecep:spe="appear'd"
            ecep:syllab="2"
            ecep:pron="əˈpɪəd">appear'd</w>
         <pc xml:id="o4987-263090"
             n="129-a-1530"
             ecep:lem=","
             ecep:pos=","
             ecep:reg=","
             ecep:spe=",">,</pc>
      </l>
      <l xml:id="o4987-l14085">
         <c> </c>
         <w xml:id="o4987-263100"
            n="129-a-1540"
            ecep:lem="and"
            ecep:pos="cc"
            ecep:reg="And"
            ecep:spe="And"
            ecep:syllab="1"
            ecep:pron="ænd">And</w>
         <c> </c>
         <w xml:id="o4987-263110"
            n="129-a-1550"
            ecep:lem="bear"
            ecep:pos="vvd"
            ecep:reg="bore"
            ecep:spe="bore"
            ecep:syllab="1"
            ecep:pron="bɔː">bore</w>
         <c> </c>
         <w xml:id="o4987-263120"
            n="129-a-1560"
            ecep:lem="on"
            ecep:pos="p-acp"
            ecep:reg="on"
            ecep:spe="on"
            ecep:syllab="1"
            ecep:pron="ɒn">on</w>
         <c> </c>
         <w xml:id="o4987-263130"
            n="129-a-1570"
            ecep:lem="earth"
            ecep:pos="n1"
            ecep:reg="earth"
            ecep:spe="earth"
            ecep:syllab="1"
            ecep:pron="ɜːθ">earth</w>
         <c> </c>
         <w xml:id="o4987-263140"
            n="129-a-1580"
            ecep:lem="the"
            ecep:pos="dt"
            ecep:reg="the"
            ecep:spe="the"
            ecep:syllab="1"
            ecep:pron="ðiː">the</w>
         <c> </c>
         <w xml:id="o4987-263150"
            n="129-a-1590"
            ecep:lem="fair"
            ecep:pos="j"
            ecep:reg="fair"
            ecep:spe="fair"
            ecep:syllab="1"
            ecep:pron="feə">fair</w>
         <c> </c>
         <w xml:id="o4987-263160"
            n="129-a-1600"
            ecep:lem="macaulay"
            ecep:pos="npg1"
            ecep:reg="MACAULAY's"
            ecep:spe="MACAULAY's"
            ecep:syllab="3"
            ecep:pron="məˈkɔːliz">MACAULAY's</w>
         <c> </c>
         <w xml:id="o4987-263170"
            n="129-a-1610"
            ecep:lem="form"
            ecep:pos="n1"
            ecep:reg="form"
            ecep:spe="form"
            ecep:syllab="1"
            ecep:pron="fɔːm">form</w>
         <pc xml:id="o4987-263180"
             n="129-a-1620"
             unit="sentence"
             ecep:lem="."
             ecep:pos="."
             ecep:reg="."
             ecep:spe=".">.</pc>
         <c> </c>
      </l>
   </lg>
</div>
