<?xml version="1.0" encoding="UTF-8"?>
<div xmlns:ecep="http://www.eighteenthcenturypoetry.org/ns"
     xmlns="http://www.tei-c.org/ns/1.0"
     xmlns:tei="http://www.tei-c.org/ns/1.0"
     ana="#iamb #tetrameter #octet #cross #song"
     corresp="#txt_PrioMa1664_w0033"
     decls="#semi-normalized"
     ecep:syllab="8.8.8.8.8.8.8.8"
     met="-+|-+|-+|-+/ -+|-+|-+|-+/ -+|-+|-+|-+/ -+|-+|-+|-+/ -+|-+|-+|-+/ -+|-+|-+|-+/ -+|-+|-+|-+/ -+|-+|-+|-+/"
     rendition="#lgvspace"
     rhyme="ababcdcd"
     subtype="eceptext"
     type="poem"
     xml:id="pmp18-w0300">
   <link target="authors.xml#aut_PrioMa1664" type="author"/>
   <head type="main">
      <w xml:id="pmp18-0202090"
         n="a-0450"
         ecep:lem="a"
         ecep:pos="dt"
         ecep:reg="A"
         ecep:spe="A"
         ecep:syllab="1"
         ecep:pron="ə">A</w>
      <c> </c>
      <w xml:id="pmp18-0202100"
         n="a-0460"
         ecep:lem="song"
         ecep:pos="n1"
         ecep:reg="SONG"
         ecep:spe="SONG"
         ecep:syllab="1"
         ecep:pron="sɒŋ">SONG</w>
      <pc xml:id="pmp18-0202110"
          n="a-0470"
          unit="sentence"
          ecep:lem="."
          ecep:pos="."
          ecep:reg="."
          ecep:spe=".">.</pc>
   </head>
   <lg xml:id="pmp18-s01375">
      <l n="1" xml:id="pmp18-l08120">
         <hi rendition="#sc">
            <w xml:id="pmp18-0202140"
               n="a-0480"
               ecep:lem="if"
               ecep:pos="cs"
               ecep:reg="If"
               ecep:spe="If"
               ecep:syllab="1"
               ecep:pron="ɪf">If</w>
         </hi>
         <c> </c>
         <w xml:id="pmp18-0202150"
            n="a-0490"
            ecep:lem="wine"
            ecep:pos="n1"
            ecep:reg="Wine"
            ecep:spe="Wine"
            ecep:syllab="1"
            ecep:pron="waɪn">Wine</w>
         <c> </c>
         <w xml:id="pmp18-0202160"
            n="a-0500"
            ecep:lem="and"
            ecep:pos="cc"
            ecep:reg="and"
            ecep:spe="and"
            ecep:syllab="1"
            ecep:pron="ænd">and</w>
         <c> </c>
         <w xml:id="pmp18-0202170"
            n="a-0510"
            ecep:lem="music"
            ecep:pos="n1"
            ecep:reg="Music"
            ecep:spe="Musick"
            ecep:syllab="2"
            ecep:pron="mjˈuːzɪk">Musick</w>
         <c> </c>
         <w xml:id="pmp18-0202180"
            n="a-0520"
            ecep:lem="have"
            ecep:pos="vhb"
            ecep:reg="have"
            ecep:spe="have"
            ecep:syllab="1"
            ecep:pron="hæv">have</w>
         <c> </c>
         <w xml:id="pmp18-0202190"
            n="a-0530"
            ecep:lem="the"
            ecep:pos="dt"
            ecep:reg="the"
            ecep:spe="the"
            ecep:syllab="1"
            ecep:pron="ðiː">the</w>
         <c> </c>
         <w xml:id="pmp18-0202200"
            n="a-0540"
            ecep:lem="power"
            ecep:pos="n1"
            ecep:reg="Power"
            ecep:spe="Pow'r"
            ecep:syllab="1"
            ecep:pron="ˈpaʊə">Pow'r</w>
         <pc xml:id="pmp18-0202210"
             n="a-0550"
             ecep:lem=","
             ecep:pos=","
             ecep:reg=","
             ecep:spe=",">,</pc>
      </l>
      <l n="2" xml:id="pmp18-l08125">
         <c> </c>
         <w xml:id="pmp18-0202220"
            n="a-0560"
            ecep:lem="to"
            ecep:pos="pc-acp"
            ecep:reg="To"
            ecep:spe="To"
            ecep:syllab="1"
            ecep:pron="tuː">To</w>
         <c> </c>
         <w xml:id="pmp18-0202230"
            n="a-0570"
            ecep:lem="ease"
            ecep:pos="vvi"
            ecep:reg="ease"
            ecep:spe="ease"
            ecep:syllab="1"
            ecep:pron="iːz">ease</w>
         <c> </c>
         <w xml:id="pmp18-0202240"
            n="a-0580"
            ecep:lem="the"
            ecep:pos="dt"
            ecep:reg="the"
            ecep:spe="the"
            ecep:syllab="1"
            ecep:pron="ðiː">the</w>
         <c> </c>
         <w xml:id="pmp18-0202250"
            n="a-0590"
            ecep:lem="sickness"
            ecep:pos="n1"
            ecep:reg="Sickness"
            ecep:spe="Sickness"
            ecep:syllab="2"
            ecep:pron="ˈsɪknəs">Sickness</w>
         <c> </c>
         <w xml:id="pmp18-0202260"
            n="a-0600"
            ecep:lem="of"
            ecep:pos="pp-f"
            ecep:reg="of"
            ecep:spe="of"
            ecep:syllab="1"
            ecep:pron="ɒv">of</w>
         <c> </c>
         <w xml:id="pmp18-0202270"
            n="a-0610"
            ecep:lem="the"
            ecep:pos="dt"
            ecep:reg="the"
            ecep:spe="the"
            ecep:syllab="1"
            ecep:pron="ðiː">the</w>
         <c> </c>
         <w xml:id="pmp18-0202280"
            n="a-0620"
            ecep:lem="soul"
            ecep:pos="n1"
            ecep:reg="Soul"
            ecep:spe="Soul"
            ecep:syllab="1"
            ecep:pron="səʊl">Soul</w>
         <pc xml:id="pmp18-0202290"
             n="a-0630"
             ecep:lem=";"
             ecep:pos=";"
             ecep:reg=";"
             ecep:spe=";">;</pc>
      </l>
      <l n="3" xml:id="pmp18-l08130">
         <c> </c>
         <w xml:id="pmp18-0202300"
            n="a-0640"
            ecep:lem="let"
            ecep:pos="vvb"
            ecep:reg="Let"
            ecep:spe="Let"
            ecep:syllab="1"
            ecep:pron="let">Let</w>
         <c> </c>
         <hi rendition="#sc">
            <w xml:id="pmp18-0202310"
               n="a-0650"
               ecep:lem="Phoebus"
               ecep:pos="np1"
               ecep:reg="Phoebus"
               ecep:spe="Phoebus"
               ecep:syllab="2"
               ecep:pron="ˈfiːbəs">Phoebus</w>
         </hi>
         <c> </c>
         <w xml:id="pmp18-0202320"
            n="a-0660"
            ecep:lem="every"
            ecep:pos="d"
            ecep:reg="every"
            ecep:spe="ev'ry"
            ecep:syllab="2"
            ecep:pron="ˈevri">ev'ry</w>
         <c> </c>
         <w xml:id="pmp18-0202330"
            n="a-0670"
            ecep:lem="string"
            ecep:pos="n1"
            ecep:reg="String"
            ecep:spe="String"
            ecep:syllab="1"
            ecep:pron="strɪŋ">String</w>
         <c> </c>
         <w xml:id="pmp18-0202340"
            n="a-0680"
            ecep:lem="explore"
            ecep:pos="vvi"
            ecep:reg="explore"
            ecep:spe="explore"
            ecep:syllab="2"
            ecep:pron="ɪkˈsplɔː">explore</w>
         <pc xml:id="pmp18-0202350"
             n="a-0690"
             ecep:lem=";"
             ecep:pos=";"
             ecep:reg=";"
             ecep:spe=";">;</pc>
      </l>
      <l n="4" xml:id="pmp18-l08135">
         <c> </c>
         <w xml:id="pmp18-0202360"
            n="a-0700"
            ecep:lem="and"
            ecep:pos="cc"
            ecep:reg="And"
            ecep:spe="And"
            ecep:syllab="1"
            ecep:pron="ænd">And</w>
         <c> </c>
         <hi rendition="#sc">
            <w xml:id="pmp18-0202370"
               n="a-0710"
               ecep:lem="Bacchus"
               ecep:pos="np1"
               ecep:reg="Bacchus"
               ecep:spe="Bacchus"
               ecep:syllab="2"
               ecep:pron="ˈbækəs">Bacchus</w>
         </hi>
         <c> </c>
         <w xml:id="pmp18-0202380"
            n="a-0720"
            ecep:lem="fill"
            ecep:pos="vvb"
            ecep:reg="fill"
            ecep:spe="fill"
            ecep:syllab="1"
            ecep:pron="fɪl">fill</w>
         <c> </c>
         <w xml:id="pmp18-0202390"
            n="a-0730"
            ecep:lem="the"
            ecep:pos="dt"
            ecep:reg="the"
            ecep:spe="the"
            ecep:syllab="1"
            ecep:pron="ðiː">the</w>
         <c> </c>
         <w xml:id="pmp18-0202400"
            n="a-0740"
            ecep:lem="sprightly"
            ecep:pos="j"
            ecep:reg="sprightly"
            ecep:spe="sprightly"
            ecep:syllab="2"
            ecep:pron="ˈspraɪtli">sprightly</w>
         <c> </c>
         <w xml:id="pmp18-0202410"
            n="a-0750"
            ecep:lem="bowl"
            ecep:pos="n1"
            ecep:reg="Bowl"
            ecep:spe="Bowl"
            ecep:syllab="1"
            ecep:pron="bəʊl">Bowl</w>
         <pc xml:id="pmp18-0202420"
             n="a-0760"
             unit="sentence"
             ecep:lem="."
             ecep:pos="."
             ecep:reg="."
             ecep:spe=".">.</pc>
         <c> </c>
      </l>
      <l n="5" xml:id="pmp18-l08140">
         <w xml:id="pmp18-0202430"
            n="a-0770"
            ecep:lem="let"
            ecep:pos="vvb"
            ecep:reg="Let"
            ecep:spe="Let"
            ecep:syllab="1"
            ecep:pron="let">Let</w>
         <c> </c>
         <w xml:id="pmp18-0202440"
            n="a-0780"
            ecep:lem="they"
            ecep:pos="pno32"
            ecep:reg="Them"
            ecep:spe="Them"
            ecep:syllab="1"
            ecep:pron="ðem">Them</w>
         <c> </c>
         <w xml:id="pmp18-0202450"
            n="a-0790"
            ecep:lem="their"
            ecep:pos="po32"
            ecep:reg="their"
            ecep:spe="their"
            ecep:syllab="1"
            ecep:pron="ðeə">their</w>
         <c> </c>
         <w xml:id="pmp18-0202460"
            n="a-0800"
            ecep:lem="friendly"
            ecep:pos="j"
            ecep:reg="friendly"
            ecep:spe="friendly"
            ecep:syllab="2"
            ecep:pron="ˈfrendli">friendly</w>
         <c> </c>
         <w xml:id="pmp18-0202470"
            n="a-0810"
            ecep:lem="aid"
            ecep:pos="n1"
            ecep:reg="Aid"
            ecep:spe="Aid"
            ecep:syllab="1"
            ecep:pron="eɪd">Aid</w>
         <c> </c>
         <w xml:id="pmp18-0202480"
            n="a-0820"
            ecep:lem="employ"
            ecep:pos="vvb"
            ecep:reg="employ"
            ecep:spe="imploy"
            ecep:syllab="2"
            ecep:pron="ɪmplˈɔɪ">imploy</w>
         <pc xml:id="pmp18-0202490"
             n="a-0830"
             ecep:lem=","
             ecep:pos=","
             ecep:reg=","
             ecep:spe=",">,</pc>
      </l>
      <l n="6" xml:id="pmp18-l08145">
         <c> </c>
         <w xml:id="pmp18-0202500"
            n="a-0840"
            ecep:lem="to"
            ecep:pos="pc-acp"
            ecep:reg="To"
            ecep:spe="To"
            ecep:syllab="1"
            ecep:pron="tuː">To</w>
         <c> </c>
         <w xml:id="pmp18-0202510"
            n="a-0850"
            ecep:lem="make"
            ecep:pos="vvi"
            ecep:reg="make"
            ecep:spe="make"
            ecep:syllab="1"
            ecep:pron="meɪk">make</w>
         <c> </c>
         <w xml:id="pmp18-0202520"
            n="a-0860"
            ecep:lem="my"
            ecep:pos="po11"
            ecep:reg="my"
            ecep:spe="my"
            ecep:syllab="1"
            ecep:pron="maɪ">my</w>
         <c> </c>
         <hi rendition="#sc">
            <w xml:id="pmp18-0202530"
               n="a-0870"
               ecep:lem="cloe"
               ecep:pos="npg1"
               ecep:reg="Cloe's"
               ecep:spe="Cloe's"
               ecep:syllab="1"
               ecep:pron="klˈəʊiz">Cloe's</w>
         </hi>
         <c> </c>
         <w xml:id="pmp18-0202540"
            n="a-0880"
            ecep:lem="absence"
            ecep:pos="n1"
            ecep:reg="Absence"
            ecep:spe="Absence"
            ecep:syllab="2"
            ecep:pron="ˈæbsns">Absence</w>
         <c> </c>
         <w xml:id="pmp18-0202550"
            n="a-0890"
            ecep:lem="light"
            ecep:pos="n1"
            ecep:reg="light"
            ecep:spe="light"
            ecep:syllab="1"
            ecep:pron="laɪt">light</w>
         <pc xml:id="pmp18-0202560"
             n="a-0900"
             ecep:lem=";"
             ecep:pos=";"
             ecep:reg=";"
             ecep:spe=";">;</pc>
      </l>
      <l n="7" xml:id="pmp18-l08150">
         <c> </c>
         <w xml:id="pmp18-0202570"
            n="a-0910"
            ecep:lem="and"
            ecep:pos="cc"
            ecep:reg="And"
            ecep:spe="And"
            ecep:syllab="1"
            ecep:pron="ænd">And</w>
         <c> </c>
         <w xml:id="pmp18-0202580"
            n="a-0920"
            ecep:lem="seek"
            ecep:pos="vvb"
            ecep:reg="seek"
            ecep:spe="seek"
            ecep:syllab="1"
            ecep:pron="siːk">seek</w>
         <c> </c>
         <w xml:id="pmp18-0202590"
            n="a-0930"
            ecep:lem="for"
            ecep:pos="p-acp"
            ecep:reg="for"
            ecep:spe="for"
            ecep:syllab="1"
            ecep:pron="fɔː">for</w>
         <c> </c>
         <w xml:id="pmp18-0202600"
            n="a-0940"
            ecep:lem="pleasure"
            ecep:pos="n1"
            ecep:reg="Pleasure"
            ecep:spe="Pleasure"
            ecep:syllab="2"
            ecep:pron="ˈpleʒə">Pleasure</w>
         <pc xml:id="pmp18-0202610"
             n="a-0950"
             ecep:lem=","
             ecep:pos=","
             ecep:reg=","
             ecep:spe=",">,</pc>
         <c> </c>
         <w xml:id="pmp18-0202620"
            n="a-0960"
            ecep:lem="to"
            ecep:pos="pc-acp"
            ecep:reg="to"
            ecep:spe="to"
            ecep:syllab="1"
            ecep:pron="tuː">to</w>
         <c> </c>
         <w xml:id="pmp18-0202630"
            n="a-0970"
            ecep:lem="destroy"
            ecep:pos="vvi"
            ecep:reg="destroy"
            ecep:spe="destroy"
            ecep:syllab="2"
            ecep:pron="dɪˈstrɔɪ">destroy</w>
      </l>
      <l n="8" xml:id="pmp18-l08155">
         <c> </c>
         <w xml:id="pmp18-0202640"
            n="a-0980"
            ecep:lem="the"
            ecep:pos="dt"
            ecep:reg="The"
            ecep:spe="The"
            ecep:syllab="1"
            ecep:pron="ðiː">The</w>
         <c> </c>
         <w xml:id="pmp18-0202650"
            n="a-0990"
            ecep:lem="sorrow"
            ecep:pos="n2"
            ecep:reg="Sorrows"
            ecep:spe="Sorrows"
            ecep:syllab="2"
            ecep:pron="ˈsɒrəʊz">Sorrows</w>
         <c> </c>
         <w xml:id="pmp18-0202660"
            n="a-1000"
            ecep:lem="of"
            ecep:pos="pp-f"
            ecep:reg="of"
            ecep:spe="of"
            ecep:syllab="1"
            ecep:pron="ɒv">of</w>
         <c> </c>
         <w xml:id="pmp18-0202670"
            n="a-1010"
            ecep:lem="this"
            ecep:pos="d"
            ecep:reg="this"
            ecep:spe="this"
            ecep:syllab="1"
            ecep:pron="ðɪs">this</w>
         <c> </c>
         <w xml:id="pmp18-0202680"
            n="a-1020"
            ecep:lem="live-long"
            ecep:pos="j"
            ecep:reg="livelong"
            ecep:spe="live-long"
            ecep:syllab="2"
            ecep:pron="ˈlaɪvlɒŋ">live-long</w>
         <c> </c>
         <w xml:id="pmp18-0202690"
            n="a-1030"
            ecep:lem="night"
            ecep:pos="n1"
            ecep:reg="Night"
            ecep:spe="Night"
            ecep:syllab="1"
            ecep:pron="naɪt">Night</w>
         <pc xml:id="pmp18-0202700"
             n="a-1040"
             unit="sentence"
             ecep:lem="."
             ecep:pos="."
             ecep:reg="."
             ecep:spe=".">.</pc>
         <c> </c>
      </l>
   </lg>
   <lg xml:id="pmp18-s01380">
      <l n="9" xml:id="pmp18-l08160">
         <w xml:id="pmp18-0202730"
            n="a-1050"
            ecep:lem="but"
            ecep:pos="p-acp"
            ecep:reg="But"
            ecep:spe="But"
            ecep:syllab="1"
            ecep:pron="bʌt">But</w>
         <c> </c>
         <w xml:id="pmp18-0202740"
            n="a-1060"
            ecep:lem="she"
            ecep:pos="pns31"
            ecep:reg="She"
            ecep:spe="She"
            ecep:syllab="1"
            ecep:pron="ʃiː">She</w>
         <c> </c>
         <w xml:id="pmp18-0202750"
            n="a-1070"
            ecep:lem="to"
            ecep:pos="p-acp"
            ecep:reg="to"
            ecep:spe="to"
            ecep:syllab="1"
            ecep:pron="tuː">to</w>
         <c> </c>
         <w xml:id="pmp18-0202760"
            n="a-1080"
            ecep:lem="morrow"
            ecep:pos="n1"
            ecep:reg="Morrow"
            ecep:spe="Morrow"
            ecep:syllab="2"
            ecep:pron="ˈmɒrəʊ">Morrow</w>
         <c> </c>
         <w xml:id="pmp18-0202770"
            n="a-1090"
            ecep:lem="will"
            ecep:pos="vmb"
            ecep:reg="will"
            ecep:spe="will"
            ecep:syllab="1"
            ecep:pron="wɪl">will</w>
         <c> </c>
         <w xml:id="pmp18-0202780"
            n="a-1100"
            ecep:lem="return"
            ecep:pos="vvi"
            ecep:reg="return"
            ecep:spe="return"
            ecep:syllab="2"
            ecep:pron="rɪˈtɜːn">return</w>
         <pc xml:id="pmp18-0202790"
             n="a-1110"
             ecep:lem=":"
             ecep:pos=":"
             ecep:reg=":"
             ecep:spe=":">:</pc>
      </l>
      <l n="10" xml:id="pmp18-l08165">
         <c> </c>
         <hi rendition="#sc">
            <w xml:id="pmp18-0202800"
               n="a-1120"
               ecep:lem="Venus"
               ecep:pos="np1"
               ecep:reg="Venus"
               ecep:spe="Venus"
               ecep:syllab="2"
               ecep:pron="ˈviːnəs">Venus</w>
         </hi>
         <pc xml:id="pmp18-0202810"
             n="a-1130"
             ecep:lem=","
             ecep:pos=","
             ecep:reg=","
             ecep:spe=",">,</pc>
         <c> </c>
         <w xml:id="pmp18-0202820"
            n="a-1140"
            ecep:lem="be"
            ecep:pos="vbb"
            ecep:reg="be"
            ecep:spe="be"
            ecep:syllab="1"
            ecep:pron="biː">be</w>
         <c> </c>
         <w xml:id="pmp18-0202830"
            n="a-1150"
            ecep:lem="thou"
            ecep:pos="pns21"
            ecep:reg="Thou"
            ecep:spe="Thou"
            ecep:syllab="1"
            ecep:pron="θaʊ">Thou</w>
         <c> </c>
         <w xml:id="pmp18-0202840"
            n="a-1160"
            ecep:lem="to"
            ecep:pos="p-acp"
            ecep:reg="to"
            ecep:spe="to"
            ecep:syllab="1"
            ecep:pron="tuː">to</w>
         <c> </c>
         <w xml:id="pmp18-0202850"
            n="a-1170"
            ecep:lem="morrow"
            ecep:pos="n1"
            ecep:reg="Morrow"
            ecep:spe="Morrow"
            ecep:syllab="2"
            ecep:pron="ˈmɒrəʊ">Morrow</w>
         <c> </c>
         <w xml:id="pmp18-0202860"
            n="a-1180"
            ecep:lem="great"
            ecep:pos="j"
            ecep:reg="great"
            ecep:spe="great"
            ecep:syllab="1"
            ecep:pron="greɪt">great</w>
         <pc xml:id="pmp18-0202870"
             n="a-1190"
             ecep:lem=";"
             ecep:pos=";"
             ecep:reg=";"
             ecep:spe=";">;</pc>
      </l>
      <l n="11" xml:id="pmp18-l08170">
         <c> </c>
         <w xml:id="pmp18-0202880"
            n="a-1200"
            ecep:lem="thy"
            ecep:pos="po21"
            ecep:reg="Thy"
            ecep:spe="Thy"
            ecep:syllab="1"
            ecep:pron="ðaɪ">Thy</w>
         <c> </c>
         <w xml:id="pmp18-0202890"
            n="a-1210"
            ecep:lem="myrtle"
            ecep:pos="n2"
            ecep:reg="Myrtles"
            ecep:spe="Myrtles"
            ecep:syllab="2"
            ecep:pron="ˈmɜːtlz">Myrtles</w>
         <c> </c>
         <w xml:id="pmp18-0202900"
            n="a-1220"
            ecep:lem="strow"
            ecep:pos="vvb"
            ecep:reg="strow"
            ecep:spe="strow"
            ecep:syllab="1"
            ecep:pron="strəʊ">strow</w>
         <pc xml:id="pmp18-0202910"
             n="a-1230"
             ecep:lem=","
             ecep:pos=","
             ecep:reg=","
             ecep:spe=",">,</pc>
         <c> </c>
         <w xml:id="pmp18-0202920"
            n="a-1240"
            ecep:lem="thy"
            ecep:pos="po21"
            ecep:reg="Thy"
            ecep:spe="Thy"
            ecep:syllab="1"
            ecep:pron="ðaɪ">Thy</w>
         <c> </c>
         <w xml:id="pmp18-0202930"
            n="a-1250"
            ecep:lem="odour"
            ecep:pos="n2"
            ecep:reg="Odours"
            ecep:spe="Odours"
            ecep:syllab="2"
            ecep:pron="ˈəʊdəz">Odours</w>
         <c> </c>
         <w xml:id="pmp18-0202940"
            n="a-1260"
            ecep:lem="burn"
            ecep:pos="vvb"
            ecep:reg="burn"
            ecep:spe="burn"
            ecep:syllab="1"
            ecep:pron="bɜːn">burn</w>
         <pc xml:id="pmp18-0202950"
             n="a-1270"
             ecep:lem=";"
             ecep:pos=";"
             ecep:reg=";"
             ecep:spe=";">;</pc>
      </l>
      <l n="12" xml:id="pmp18-l08175">
         <c> </c>
         <w xml:id="pmp18-0202960"
            n="a-1280"
            ecep:lem="and"
            ecep:pos="cc"
            ecep:reg="And"
            ecep:spe="And"
            ecep:syllab="1"
            ecep:pron="ænd">And</w>
         <c> </c>
         <w xml:id="pmp18-0202970"
            n="a-1290"
            ecep:lem="meet"
            ecep:pos="vvb"
            ecep:reg="meet"
            ecep:spe="meet"
            ecep:syllab="1"
            ecep:pron="miːt">meet</w>
         <c> </c>
         <w xml:id="pmp18-0202980"
            n="a-1300"
            ecep:lem="thy"
            ecep:pos="po21"
            ecep:reg="Thy"
            ecep:spe="Thy"
            ecep:syllab="1"
            ecep:pron="ðaɪ">Thy</w>
         <c> </c>
         <w xml:id="pmp18-0202990"
            n="a-1310"
            ecep:lem="favourite"
            ecep:pos="n1"
            ecep:reg="Favourite"
            ecep:spe="Fav'rite"
            ecep:syllab="2"
            ecep:pron="ˈfeɪvrɪt">Fav'rite</w>
         <c> </c>
         <w xml:id="pmp18-0203000"
            n="a-1320"
            ecep:lem="nymph"
            ecep:pos="n1"
            ecep:reg="Nymph"
            ecep:spe="Nymph"
            ecep:syllab="1"
            ecep:pron="nɪmf">Nymph</w>
         <c> </c>
         <w xml:id="pmp18-0203010"
            n="a-1330"
            ecep:lem="in"
            ecep:pos="p-acp"
            ecep:reg="in"
            ecep:spe="in"
            ecep:syllab="1"
            ecep:pron="ɪn">in</w>
         <c> </c>
         <w xml:id="pmp18-0203020"
            n="a-1340"
            ecep:lem="state"
            ecep:pos="n1"
            ecep:reg="State"
            ecep:spe="State"
            ecep:syllab="1"
            ecep:pron="steɪt">State</w>
         <pc xml:id="pmp18-0203030"
             n="a-1350"
             unit="sentence"
             ecep:lem="."
             ecep:pos="."
             ecep:reg="."
             ecep:spe=".">.</pc>
         <c> </c>
      </l>
      <l n="13" xml:id="pmp18-l08180">
         <w xml:id="pmp18-0203040"
            n="a-1360"
            ecep:lem="kind"
            ecep:pos="j"
            ecep:reg="Kind"
            ecep:spe="Kind"
            ecep:syllab="1"
            ecep:pron="kaɪnd">Kind</w>
         <c> </c>
         <w xml:id="pmp18-0203050"
            n="a-1370"
            ecep:lem="goddess"
            ecep:pos="n1"
            ecep:reg="Goddess"
            ecep:spe="Goddess"
            ecep:syllab="2"
            ecep:pron="ˈgɒdes">Goddess</w>
         <pc xml:id="pmp18-0203060"
             n="a-1380"
             ecep:lem=","
             ecep:pos=","
             ecep:reg=","
             ecep:spe=",">,</pc>
         <c> </c>
         <w xml:id="pmp18-0203070"
            n="a-1390"
            ecep:lem="to"
            ecep:pos="p-acp"
            ecep:reg="to"
            ecep:spe="to"
            ecep:syllab="1"
            ecep:pron="tuː">to</w>
         <c> </c>
         <w xml:id="pmp18-0203080"
            n="a-1400"
            ecep:lem="no"
            ecep:pos="dx"
            ecep:reg="no"
            ecep:spe="no"
            ecep:syllab="1"
            ecep:pron="nəʊ">no</w>
         <c> </c>
         <w xml:id="pmp18-0203090"
            n="a-1410"
            ecep:lem="other"
            ecep:pos="j-jn"
            ecep:reg="other"
            ecep:spe="other"
            ecep:syllab="2"
            ecep:pron="ˈʌðə">other</w>
         <c> </c>
         <w xml:id="pmp18-0203100"
            n="a-1420"
            ecep:lem="power"
            ecep:pos="n2"
            ecep:reg="Powers"
            ecep:spe="Pow'rs"
            ecep:syllab="1"
            ecep:pron="ˈpaʊəz">Pow'rs</w>
      </l>
      <l n="14" xml:id="pmp18-l08185">
         <c> </c>
         <w xml:id="pmp18-0203110"
            n="a-1430"
            ecep:lem="let"
            ecep:pos="vvb"
            ecep:reg="Let"
            ecep:spe="Let"
            ecep:syllab="1"
            ecep:pron="let">Let</w>
         <c> </c>
         <w xml:id="pmp18-0203120"
            n="a-1440"
            ecep:lem="we"
            ecep:pos="pno12"
            ecep:reg="Us"
            ecep:spe="Us"
            ecep:syllab="1"
            ecep:pron="ʌs">Us</w>
         <c> </c>
         <w xml:id="pmp18-0203130"
            n="a-1450"
            ecep:lem="to"
            ecep:pos="pc-acp"
            ecep:reg="to"
            ecep:spe="to"
            ecep:syllab="1"
            ecep:pron="tuː">to</w>
         <c> </c>
         <w xml:id="pmp18-0203140"
            n="a-1460"
            ecep:lem="morrow"
            ecep:pos="ng1"
            ecep:reg="Morrow's"
            ecep:spe="Morrow's"
            ecep:syllab="2"
            ecep:pron="ˈmɒrəʊz">Morrow's</w>
         <c> </c>
         <w xml:id="pmp18-0203150"
            n="a-1470"
            ecep:lem="blessing"
            ecep:pos="n2"
            ecep:reg="Blessings"
            ecep:spe="Blessings"
            ecep:syllab="2"
            ecep:pron="ˈblesɪŋz">Blessings</w>
         <c> </c>
         <w xml:id="pmp18-0203160"
            n="a-1480"
            ecep:lem="own"
            ecep:pos="d"
            ecep:reg="own"
            ecep:spe="own"
            ecep:syllab="1"
            ecep:pron="əʊn">own</w>
         <pc xml:id="pmp18-0203170"
             n="a-1490"
             ecep:lem=":"
             ecep:pos=":"
             ecep:reg=":"
             ecep:spe=":">:</pc>
      </l>
      <l n="15" xml:id="pmp18-l08190">
         <c> </c>
         <w xml:id="pmp18-0203180"
            n="a-1500"
            ecep:lem="thy"
            ecep:pos="po21"
            ecep:reg="Thy"
            ecep:spe="Thy"
            ecep:syllab="1"
            ecep:pron="ðaɪ">Thy</w>
         <c> </c>
         <w xml:id="pmp18-0203190"
            n="a-1510"
            ecep:lem="darling"
            ecep:pos="j-jn"
            ecep:reg="darling"
            ecep:spe="darling"
            ecep:syllab="2"
            ecep:pron="ˈdɑːlɪŋ">darling</w>
         <c> </c>
         <hi rendition="#sc">
            <w xml:id="pmp18-0203200"
               n="a-1520"
               ecep:lem="love"
               ecep:pos="n2"
               ecep:reg="Loves"
               ecep:spe="Loves"
               ecep:syllab="1"
               ecep:pron="lʌvz">Loves</w>
         </hi>
         <c> </c>
         <w xml:id="pmp18-0203210"
            n="a-1530"
            ecep:lem="shall"
            ecep:pos="vmb"
            ecep:reg="shall"
            ecep:spe="shall"
            ecep:syllab="1"
            ecep:pron="ʃæl">shall</w>
         <c> </c>
         <w xml:id="pmp18-0203220"
            n="a-1540"
            ecep:lem="guide"
            ecep:pos="vvi"
            ecep:reg="guide"
            ecep:spe="guide"
            ecep:syllab="1"
            ecep:pron="gaɪd">guide</w>
         <c> </c>
         <w xml:id="pmp18-0203230"
            n="a-1550"
            ecep:lem="the"
            ecep:pos="dt"
            ecep:reg="the"
            ecep:spe="the"
            ecep:syllab="1"
            ecep:pron="ðiː">the</w>
         <c> </c>
         <w xml:id="pmp18-0203240"
            n="a-1560"
            ecep:lem="hour"
            ecep:pos="n2"
            ecep:reg="Hours"
            ecep:spe="Hours"
            ecep:syllab="1"
            ecep:pron="æəz">Hours</w>
         <pc xml:id="pmp18-0203250"
             n="a-1570"
             ecep:lem=";"
             ecep:pos=";"
             ecep:reg=";"
             ecep:spe=";">;</pc>
      </l>
      <l n="16" xml:id="pmp18-l08195">
         <c> </c>
         <w xml:id="pmp18-0203260"
            n="a-1580"
            ecep:lem="and"
            ecep:pos="cc"
            ecep:reg="And"
            ecep:spe="And"
            ecep:syllab="1"
            ecep:pron="ænd">And</w>
         <c> </c>
         <w xml:id="pmp18-0203270"
            n="a-1590"
            ecep:lem="all"
            ecep:pos="d"
            ecep:reg="all"
            ecep:spe="all"
            ecep:syllab="1"
            ecep:pron="ɔːl">all</w>
         <c> </c>
         <w xml:id="pmp18-0203280"
            n="a-1600"
            ecep:lem="the"
            ecep:pos="dt"
            ecep:reg="the"
            ecep:spe="the"
            ecep:syllab="1"
            ecep:pron="ðiː">the</w>
         <c> </c>
         <w xml:id="pmp18-0203290"
            n="a-1610"
            ecep:lem="day"
            ecep:pos="n1"
            ecep:reg="Day"
            ecep:spe="Day"
            ecep:syllab="1"
            ecep:pron="deɪ">Day</w>
         <c> </c>
         <w xml:id="pmp18-0203300"
            n="a-1620"
            ecep:lem="be"
            ecep:pos="vbi"
            ecep:reg="be"
            ecep:spe="be"
            ecep:syllab="1"
            ecep:pron="biː">be</w>
         <c> </c>
         <w xml:id="pmp18-0203310"
            n="a-1630"
            ecep:lem="thy"
            ecep:pos="po21"
            ecep:reg="Thine"
            ecep:spe="Thine"
            ecep:syllab="1"
            ecep:pron="ðaɪn">Thine</w>
         <c> </c>
         <w xml:id="pmp18-0203320"
            n="a-1640"
            ecep:lem="alone"
            ecep:pos="j"
            ecep:reg="alone"
            ecep:spe="alone"
            ecep:syllab="2"
            ecep:pron="əˈləʊn">alone</w>
         <pc xml:id="pmp18-0203330"
             n="a-1650"
             unit="sentence"
             ecep:lem="."
             ecep:pos="."
             ecep:reg="."
             ecep:spe=".">.</pc>
         <c> </c>
      </l>
   </lg>
</div>
