<?xml version="1.0" encoding="utf-8"?>
<!DOCTYPE div
  SYSTEM "about:legacy-compat">
<div xmlns:ecep="http://www.eighteenthcenturypoetry.org/ns"
     xmlns="http://www.tei-c.org/ns/1.0"
     xmlns:tei="http://www.tei-c.org/ns/1.0"
     ana="#iamb #tetrameter #couplet #pair #occasional"
     corresp="#txt_DuckSt1705_w0014"
     decls="#semi-normalized"
     ecep:syllab="8"
     met="-+|-+|-+|-+/"
     rendition="#lgvspace"
     rhyme="aa"
     subtype="eceptext"
     type="poem"
     xml:id="o4741-w0120">
   <link target="authors.xml#aut_DuckSt1705" type="author"/>
   <head type="main">
      <w xml:id="o4741-303920"
         n="174-a-0010"
         ecep:lem="on"
         ecep:pos="p-acp"
         ecep:reg="On"
         ecep:spe="On"
         ecep:syllab="1"
         ecep:pron="ɒn">On</w>
      <c> </c>
      <w xml:id="o4741-303930"
         n="174-a-0020"
         ecep:lem="the"
         ecep:pos="dt"
         ecep:reg="the"
         ecep:spe="the"
         ecep:syllab="1"
         ecep:pron="ðiː">the</w>
      <c> </c>
      <w xml:id="o4741-303940"
         n="174-a-0030"
         ecep:lem="Hon."
         ecep:pos="np1"
         ecep:reg="Hon."
         ecep:spe="Hon."
         ecep:syllab="1"
         ecep:pron="ˈɒnrəbl">Hon.</w>
      <c> </c>
      <w xml:id="o4741-303950"
         n="174-a-0040"
         ecep:lem="mrs."
         ecep:pos="n1"
         ecep:reg="Mrs."
         ecep:spe="Mrs."
         ecep:syllab="2"
         ecep:pron="mɪsɪz">Mrs.</w>
      <c> </c>
      <w xml:id="o4741-303960"
         n="174-a-0050"
         ecep:lem="horner"
         ecep:pos="ng1"
         ecep:reg="HORNER's"
         ecep:spe="HORNER's"
         ecep:syllab="2"
         ecep:pron="ˈhɔːnəz">HORNER's</w>
      <c> </c>
      <w xml:id="o4741-303970"
         n="174-a-0060"
         ecep:lem="travel"
         ecep:pos="j-vvg"
         ecep:reg="Travelling"
         ecep:spe="Travelling"
         ecep:syllab="3"
         ecep:pron="ˈtrævlɪŋ">Travelling</w>
      <c> </c>
      <w xml:id="o4741-303980"
         n="174-a-0070"
         ecep:lem="for"
         ecep:pos="p-acp"
         ecep:reg="for"
         ecep:spe="for"
         ecep:syllab="1"
         ecep:pron="fɔː">for</w>
      <c> </c>
      <w xml:id="o4741-303990"
         n="174-a-0080"
         ecep:lem="the"
         ecep:pos="dt"
         ecep:reg="the"
         ecep:spe="the"
         ecep:syllab="1"
         ecep:pron="ðiː">the</w>
      <c> </c>
      <w xml:id="o4741-304000"
         n="174-a-0090"
         ecep:lem="recovery"
         ecep:pos="n1"
         ecep:reg="Recovery"
         ecep:spe="Recovery"
         ecep:syllab="4"
         ecep:pron="rɪˈkʌvri">Recovery</w>
      <c> </c>
      <w xml:id="o4741-304010"
         n="174-a-0100"
         ecep:lem="of"
         ecep:pos="pp-f"
         ecep:reg="of"
         ecep:spe="of"
         ecep:syllab="1"
         ecep:pron="ɒv">of</w>
      <c> </c>
      <w xml:id="o4741-304020"
         n="174-a-0110"
         ecep:lem="her"
         ecep:pos="po31"
         ecep:reg="her"
         ecep:spe="her"
         ecep:syllab="1"
         ecep:pron="hɜː">her</w>
      <c> </c>
      <hi>
         <w xml:id="o4741-304030"
            n="174-a-0120"
            ecep:lem="health"
            ecep:pos="n1"
            ecep:reg="Health"
            ecep:spe="Health"
            ecep:syllab="1"
            ecep:pron="helθ">Health</w>
         <pc xml:id="o4741-304040"
             n="174-a-0130"
             unit="sentence"
             ecep:lem="."
             ecep:pos="."
             ecep:reg="."
             ecep:spe=".">.</pc>
         <c> </c>
      </hi>
   </head>
   <lg xml:id="o4741-s00845">
      <l xml:id="o4741-l09890">
         <w xml:id="o4741-304070"
            n="174-a-0140"
            ecep:lem="CLARISSA"
            ecep:pos="np1"
            ecep:reg="CLARISSA"
            ecep:spe="CLARISSA"
            ecep:syllab="3"
            ecep:pron="kləˈrɪsə">CLARISSA</w>
         <c> </c>
         <w xml:id="o4741-304080"
            n="174-a-0150"
            ecep:lem="long"
            ecep:pos="av-j"
            ecep:reg="long"
            ecep:spe="long"
            ecep:syllab="1"
            ecep:pron="lɒŋ">long</w>
         <c> </c>
         <w xml:id="o4741-304090"
            n="174-a-0160"
            ecep:lem="have"
            ecep:pos="vhz"
            ecep:reg="has"
            ecep:spe="has"
            ecep:syllab="1"
            ecep:pron="hæz">has</w>
         <c> </c>
         <w xml:id="o4741-304100"
            n="174-a-0170"
            ecep:lem="seek"
            ecep:pos="vvn"
            ecep:reg="sought"
            ecep:spe="sought"
            ecep:syllab="1"
            ecep:pron="sɔːt">sought</w>
         <pc xml:id="o4741-304110"
             n="174-a-0180"
             ecep:lem=","
             ecep:pos=","
             ecep:reg=","
             ecep:spe=",">,</pc>
         <c> </c>
         <w xml:id="o4741-304120"
            n="174-a-0190"
            ecep:lem="in"
            ecep:pos="p-acp"
            ecep:reg="in"
            ecep:spe="in"
            ecep:syllab="1"
            ecep:pron="ɪn">in</w>
         <c> </c>
         <w xml:id="o4741-304130"
            n="174-a-0200"
            ecep:lem="vain"
            ecep:pos="j"
            ecep:reg="vain"
            ecep:spe="vain"
            ecep:syllab="1"
            ecep:pron="veɪn">vain</w>
         <pc xml:id="o4741-304140"
             n="174-a-0210"
             ecep:lem=","
             ecep:pos=","
             ecep:reg=","
             ecep:spe=",">,</pc>
      </l>
      <l xml:id="o4741-l09895">
         <c> </c>
         <w xml:id="o4741-304150"
            n="174-a-0220"
            ecep:lem="physician"
            ecep:pos="n2"
            ecep:reg="Physicians"
            ecep:spe="Physicians"
            ecep:syllab="3"
            ecep:pron="fɪˈzɪʃnz">Physicians</w>
         <c> </c>
         <w xml:id="o4741-304160"
            n="174-a-0230"
            ecep:lem="aid"
            ecep:pos="vvi"
            ecep:reg="Aid"
            ecep:spe="Aid"
            ecep:syllab="1"
            ecep:pron="eɪd">Aid</w>
         <pc xml:id="o4741-304170"
             n="174-a-0240"
             ecep:lem=","
             ecep:pos=","
             ecep:reg=","
             ecep:spe=",">,</pc>
         <c> </c>
         <w xml:id="o4741-304180"
            n="174-a-0250"
            ecep:lem="to"
            ecep:pos="pc-acp"
            ecep:reg="to"
            ecep:spe="to"
            ecep:syllab="1"
            ecep:pron="tuː">to</w>
         <c> </c>
         <w xml:id="o4741-304190"
            n="174-a-0260"
            ecep:lem="ease"
            ecep:pos="vvi"
            ecep:reg="ease"
            ecep:spe="ease"
            ecep:syllab="1"
            ecep:pron="iːz">ease</w>
         <c> </c>
         <w xml:id="o4741-304200"
            n="174-a-0270"
            ecep:lem="her"
            ecep:pos="po31"
            ecep:reg="her"
            ecep:spe="her"
            ecep:syllab="1"
            ecep:pron="hɜː">her</w>
         <c> </c>
         <w xml:id="o4741-304210"
            n="174-a-0280"
            ecep:lem="pain"
            ecep:pos="n1"
            ecep:reg="Pain"
            ecep:spe="Pain"
            ecep:syllab="1"
            ecep:pron="peɪn">Pain</w>
         <pc xml:id="o4741-304220"
             n="174-a-0290"
             ecep:lem=";"
             ecep:pos=";"
             ecep:reg=";"
             ecep:spe=";">;</pc>
      </l>
      <l xml:id="o4741-l09900">
         <c> </c>
         <w xml:id="o4741-304230"
            n="174-a-0300"
            ecep:lem="but"
            ecep:pos="cc-acp"
            ecep:reg="But"
            ecep:spe="But"
            ecep:syllab="1"
            ecep:pron="bʌt">But</w>
         <c> </c>
         <w xml:id="o4741-304240"
            n="174-a-0310"
            ecep:lem="now"
            ecep:pos="av"
            ecep:reg="now"
            ecep:spe="now"
            ecep:syllab="1"
            ecep:pron="naʊ">now</w>
         <c> </c>
         <w xml:id="o4741-304250"
            n="174-a-0320"
            ecep:lem="their"
            ecep:pos="po32"
            ecep:reg="their"
            ecep:spe="their"
            ecep:syllab="1"
            ecep:pron="ðeə">their</w>
         <c> </c>
         <w xml:id="o4741-304260"
            n="174-a-0330"
            ecep:lem="aid"
            ecep:pos="n1"
            ecep:reg="Aid"
            ecep:spe="Aid"
            ecep:syllab="1"
            ecep:pron="eɪd">Aid</w>
         <c> </c>
         <w xml:id="o4741-304270"
            n="174-a-0340"
            ecep:lem="she"
            ecep:pos="pns31"
            ecep:reg="she"
            ecep:spe="she"
            ecep:syllab="1"
            ecep:pron="ʃiː">she</w>
         <c> </c>
         <w xml:id="o4741-304280"
            n="174-a-0350"
            ecep:lem="seek"
            ecep:pos="vvz"
            ecep:reg="seeks"
            ecep:spe="seeks"
            ecep:syllab="1"
            ecep:pron="siːks">seeks</w>
         <c> </c>
         <w xml:id="o4741-304290"
            n="174-a-0360"
            ecep:lem="no"
            ecep:pos="av-dx"
            ecep:reg="no"
            ecep:spe="no"
            ecep:syllab="1"
            ecep:pron="nəʊ">no</w>
         <c> </c>
         <w xml:id="o4741-304300"
            n="174-a-0370"
            ecep:lem="more"
            ecep:pos="av-dc"
            ecep:reg="more"
            ecep:spe="more"
            ecep:syllab="1"
            ecep:pron="mɔː">more</w>
         <pc xml:id="o4741-304310"
             n="174-a-0380"
             ecep:lem=","
             ecep:pos=","
             ecep:reg=","
             ecep:spe=",">,</pc>
      </l>
      <l xml:id="o4741-l09905">
         <c> </c>
         <w xml:id="o4741-304320"
            n="174-a-0390"
            ecep:lem="nor"
            ecep:pos="ccx"
            ecep:reg="Nor"
            ecep:spe="Nor"
            ecep:syllab="1"
            ecep:pron="nɔː">Nor</w>
         <c> </c>
         <w xml:id="o4741-304330"
            n="174-a-0400"
            ecep:lem="long"
            ecep:pos="jc"
            ecep:reg="longer"
            ecep:spe="longer"
            ecep:syllab="2"
            ecep:pron="lɒŋgə">longer</w>
         <c> </c>
         <w xml:id="o4741-304340"
            n="174-a-0410"
            ecep:lem="will"
            ecep:pos="n1"
            ecep:reg="will"
            ecep:spe="will"
            ecep:syllab="1"
            ecep:pron="wɪl">will</w>
         <c> </c>
         <w xml:id="o4741-304350"
            n="174-a-0420"
            ecep:lem="their"
            ecep:pos="po32"
            ecep:reg="their"
            ecep:spe="their"
            ecep:syllab="1"
            ecep:pron="ðeə">their</w>
         <c> </c>
         <w xml:id="o4741-304360"
            n="174-a-0430"
            ecep:lem="drug"
            ecep:pos="n2"
            ecep:reg="Drugs"
            ecep:spe="Drugs"
            ecep:syllab="1"
            ecep:pron="drʌgz">Drugs</w>
         <c> </c>
         <w xml:id="o4741-304370"
            n="174-a-0440"
            ecep:lem="endure"
            ecep:pos="vvi"
            ecep:reg="endure"
            ecep:spe="endure"
            ecep:syllab="2"
            ecep:pron="ɪnˈdʒʊə">endure</w>
         <pc xml:id="o4741-304380"
             n="174-a-0450"
             ecep:lem=";"
             ecep:pos=";"
             ecep:reg=";"
             ecep:spe=";">;</pc>
      </l>
      <l xml:id="o4741-l09910">
         <c> </c>
         <w xml:id="o4741-304390"
            n="174-a-0460"
            ecep:lem="spite"
            ecep:pos="n1"
            ecep:reg="Spite"
            ecep:spe="Spite"
            ecep:syllab="1"
            ecep:pron="spaɪt">Spite</w>
         <c> </c>
         <w xml:id="o4741-304400"
            n="174-a-0470"
            ecep:lem="of"
            ecep:pos="pp-f"
            ecep:reg="of"
            ecep:spe="of"
            ecep:syllab="1"
            ecep:pron="ɒv">of</w>
         <c> </c>
         <w xml:id="o4741-304410"
            n="174-a-0480"
            ecep:lem="their"
            ecep:pos="po32"
            ecep:reg="their"
            ecep:spe="their"
            ecep:syllab="1"
            ecep:pron="ðeə">their</w>
         <c> </c>
         <w xml:id="o4741-304420"
            n="174-a-0490"
            ecep:lem="art"
            ecep:pos="n1"
            ecep:reg="Art"
            ecep:spe="Art"
            ecep:syllab="1"
            ecep:pron="ɑːt">Art</w>
         <pc xml:id="o4741-304430"
             n="174-a-0500"
             ecep:lem=","
             ecep:pos=","
             ecep:reg=","
             ecep:spe=",">,</pc>
         <c> </c>
         <w xml:id="o4741-304440"
            n="174-a-0510"
            ecep:lem="her"
            ecep:pos="po31"
            ecep:reg="her"
            ecep:spe="her"
            ecep:syllab="1"
            ecep:pron="hɜː">her</w>
         <c> </c>
         <w xml:id="o4741-304450"
            n="174-a-0520"
            ecep:lem="spirit"
            ecep:pos="n2"
            ecep:reg="Spirits"
            ecep:spe="Spirits"
            ecep:syllab="2"
            ecep:pron="ˈspɪrɪts">Spirits</w>
         <c> </c>
         <w xml:id="o4741-304460"
            n="174-a-0530"
            ecep:lem="fail"
            ecep:pos="vvi"
            ecep:reg="fail"
            ecep:spe="fail"
            ecep:syllab="1"
            ecep:pron="feɪl">fail</w>
         <pc xml:id="o4741-304470"
             n="174-a-0540"
             ecep:lem=","
             ecep:pos=","
             ecep:reg=","
             ecep:spe=",">,</pc>
      </l>
      <l xml:id="o4741-l09915">
         <c> </c>
         <w xml:id="o4741-304480"
            n="174-a-0550"
            ecep:lem="her"
            ecep:pos="po31"
            ecep:reg="Her"
            ecep:spe="Her"
            ecep:syllab="1"
            ecep:pron="hɜː">Her</w>
         <c> </c>
         <w xml:id="o4741-304490"
            n="174-a-0560"
            ecep:lem="cheek"
            ecep:pos="n2"
            ecep:reg="Cheeks"
            ecep:spe="Cheeks"
            ecep:syllab="1"
            ecep:pron="tʃiːks">Cheeks</w>
         <c> </c>
         <w xml:id="o4741-304500"
            n="174-a-0570"
            ecep:lem="be"
            ecep:pos="vbr"
            ecep:reg="are"
            ecep:spe="are"
            ecep:syllab="1"
            ecep:pron="ɑː">are</w>
         <c> </c>
         <w xml:id="o4741-304510"
            n="174-a-0580"
            ecep:lem="turn"
            ecep:pos="vvn"
            ecep:reg="turned"
            ecep:spe="turn'd"
            ecep:syllab="1"
            ecep:pron="tɜːnd">turn'd</w>
         <c> </c>
         <w xml:id="o4741-304520"
            n="174-a-0590"
            ecep:lem="a"
            ecep:pos="dt"
            ecep:reg="a"
            ecep:spe="a"
            ecep:syllab="1"
            ecep:pron="ə">a</w>
         <c> </c>
         <w xml:id="o4741-304530"
            n="174-a-0600"
            ecep:lem="languid"
            ecep:pos="j"
            ecep:reg="languid"
            ecep:spe="languid"
            ecep:syllab="2"
            ecep:pron="ˈlæŋgwɪd">languid</w>
         <c> </c>
         <w xml:id="o4741-304540"
            n="174-a-0610"
            ecep:lem="pale"
            ecep:pos="j"
            ecep:reg="Pale"
            ecep:spe="Pale"
            ecep:syllab="1"
            ecep:pron="peɪl">Pale</w>
         <pc xml:id="o4741-304550"
             n="174-a-0620"
             ecep:lem=";"
             ecep:pos=";"
             ecep:reg=";"
             ecep:spe=";">;</pc>
      </l>
      <l xml:id="o4741-l09920">
         <c> </c>
         <w xml:id="o4741-304560"
            n="174-a-0630"
            ecep:lem="yet"
            ecep:pos="av"
            ecep:reg="Yet"
            ecep:spe="Yet"
            ecep:syllab="1"
            ecep:pron="jet">Yet</w>
         <pc xml:id="o4741-304570"
             n="174-a-0640"
             ecep:lem=","
             ecep:pos=","
             ecep:reg=","
             ecep:spe=",">,</pc>
         <c> </c>
         <w xml:id="o4741-304580"
            n="174-a-0650"
            ecep:lem="though"
            ecep:pos="c-acp"
            ecep:reg="though"
            ecep:spe="tho'"
            ecep:syllab="1"
            ecep:pron="ðəʊ">tho'</w>
         <c> </c>
         <w xml:id="o4741-304590"
            n="174-a-0660"
            ecep:lem="her"
            ecep:pos="po31"
            ecep:reg="her"
            ecep:spe="her"
            ecep:syllab="1"
            ecep:pron="hɜː">her</w>
         <c> </c>
         <w xml:id="o4741-304600"
            n="174-a-0670"
            ecep:lem="mortal"
            ecep:pos="j-jn"
            ecep:reg="mortal"
            ecep:spe="mortal"
            ecep:syllab="2"
            ecep:pron="ˈmɔːtl">mortal</w>
         <c> </c>
         <w xml:id="o4741-304610"
            n="174-a-0680"
            ecep:lem="part"
            ecep:pos="npg1"
            ecep:reg="Part's"
            ecep:spe="Part's"
            ecep:syllab="1"
            ecep:pron="ˈpɑːts">Part's</w>
         <c> </c>
         <w xml:id="o4741-304620"
            n="174-a-0690"
            ecep:lem="decay"
            ecep:pos="vvn"
            ecep:reg="decayed"
            ecep:spe="decay'd"
            ecep:syllab="2"
            ecep:pron="dɪˈkeɪd">decay'd</w>
         <pc xml:id="o4741-304630"
             n="174-a-0700"
             ecep:lem=","
             ecep:pos=","
             ecep:reg=","
             ecep:spe=",">,</pc>
      </l>
      <l xml:id="o4741-l09925">
         <c> </c>
         <w xml:id="o4741-304640"
            n="174-a-0710"
            ecep:lem="her"
            ecep:pos="po31"
            ecep:reg="Her"
            ecep:spe="Her"
            ecep:syllab="1"
            ecep:pron="hɜː">Her</w>
         <c> </c>
         <w xml:id="o4741-304650"
            n="174-a-0720"
            ecep:lem="noble"
            ecep:pos="jc"
            ecep:reg="nobler"
            ecep:spe="nobler"
            ecep:syllab="2"
            ecep:pron="ˈnəʊblə">nobler</w>
         <c> </c>
         <hi>
            <w xml:id="o4741-304660"
               n="174-a-0730"
               ecep:lem="virtue"
               ecep:pos="n1"
               ecep:reg="Virtue"
               ecep:spe="Virtue"
               ecep:syllab="2"
               ecep:pron="ˈvɜːtʃuː">Virtue</w>
         </hi>
         <c> </c>
         <w xml:id="o4741-304670"
            n="174-a-0740"
            ecep:lem="do"
            ecep:pos="vdz"
            ecep:reg="does"
            ecep:spe="does"
            ecep:syllab="1"
            ecep:pron="dʌz">does</w>
         <c> </c>
         <w xml:id="o4741-304680"
            n="174-a-0750"
            ecep:lem="not"
            ecep:pos="xx"
            ecep:reg="not"
            ecep:spe="not"
            ecep:syllab="1"
            ecep:pron="nɒt">not</w>
         <c> </c>
         <w xml:id="o4741-304690"
            n="174-a-0760"
            ecep:lem="fade"
            ecep:pos="vvi"
            ecep:reg="fade"
            ecep:spe="fade"
            ecep:syllab="1"
            ecep:pron="feɪd">fade</w>
         <pc xml:id="o4741-304700"
             n="174-a-0770"
             ecep:lem=";"
             ecep:pos=";"
             ecep:reg=";"
             ecep:spe=";">;</pc>
      </l>
      <l xml:id="o4741-l09930">
         <c> </c>
         <w xml:id="o4741-304710"
            n="174-a-0780"
            ecep:lem="her"
            ecep:pos="po31"
            ecep:reg="Her"
            ecep:spe="Her"
            ecep:syllab="1"
            ecep:pron="hɜː">Her</w>
         <c> </c>
         <w xml:id="o4741-304720"
            n="174-a-0790"
            ecep:lem="soul"
            ecep:pos="n1"
            ecep:reg="Soul"
            ecep:spe="Soul"
            ecep:syllab="1"
            ecep:pron="səʊl">Soul</w>
         <pc xml:id="o4741-304730"
             n="174-a-0800"
             ecep:lem=","
             ecep:pos=","
             ecep:reg=","
             ecep:spe=",">,</pc>
         <c> </c>
         <w xml:id="o4741-304740"
            n="174-a-0810"
            ecep:lem="inflexible"
            ecep:pos="j"
            ecep:reg="inflexible"
            ecep:spe="inflexible"
            ecep:syllab="4"
            ecep:pron="ɪnˈfleksəbl">inflexible</w>
         <c> </c>
         <w xml:id="o4741-304750"
            n="174-a-0820"
            ecep:lem="to"
            ecep:pos="p-acp"
            ecep:reg="to"
            ecep:spe="to"
            ecep:syllab="1"
            ecep:pron="tuː">to</w>
         <c> </c>
         <w xml:id="o4741-304760"
            n="174-a-0830"
            ecep:lem="ill"
            ecep:pos="j-jn"
            ecep:reg="Ill"
            ecep:spe="Ill"
            ecep:syllab="1"
            ecep:pron="ɪl">Ill</w>
         <pc xml:id="o4741-304770"
             n="174-a-0840"
             ecep:lem=","
             ecep:pos=","
             ecep:reg=","
             ecep:spe=",">,</pc>
      </l>
      <l xml:id="o4741-l09935">
         <c> </c>
         <w xml:id="o4741-304780"
            n="174-a-0850"
            ecep:lem="in"
            ecep:pos="p-acp"
            ecep:reg="In"
            ecep:spe="In"
            ecep:syllab="1"
            ecep:pron="ɪn">In</w>
         <c> </c>
         <w xml:id="o4741-304790"
            n="174-a-0860"
            ecep:lem="piety"
            ecep:pos="n1"
            ecep:reg="Piety"
            ecep:spe="Piety"
            ecep:syllab="3"
            ecep:pron="ˈpaɪəti">Piety</w>
         <c> </c>
         <w xml:id="o4741-304800"
            n="174-a-0870"
            ecep:lem="advance"
            ecep:pos="vvz"
            ecep:reg="advances"
            ecep:spe="advances"
            ecep:syllab="3"
            ecep:pron="ədˈvɑːnsɪz">advances</w>
         <c> </c>
         <w xml:id="o4741-304810"
            n="174-a-0880"
            ecep:lem="still"
            ecep:pos="av"
            ecep:reg="still"
            ecep:spe="still"
            ecep:syllab="1"
            ecep:pron="stɪl">still</w>
         <pc xml:id="o4741-304820"
             n="174-a-0890"
             ecep:lem=":"
             ecep:pos=":"
             ecep:reg=":"
             ecep:spe=":">:</pc>
      </l>
      <pb facs="175" n="131" rend="none"/>
      <l xml:id="o4741-l09940">
         <c> </c>
         <w xml:id="o4741-304830"
            n="175-a-0010"
            ecep:lem="so"
            ecep:pos="av"
            ecep:reg="So"
            ecep:spe="So"
            ecep:syllab="1"
            ecep:pron="səʊ">So</w>
         <c> </c>
         <w xml:id="o4741-304840"
            n="175-a-0020"
            ecep:lem="metal"
            ecep:pos="n2"
            ecep:reg="Metals"
            ecep:spe="Metals"
            ecep:syllab="2"
            ecep:pron="ˈmetlz">Metals</w>
         <c> </c>
         <w xml:id="o4741-304850"
            n="175-a-0030"
            ecep:lem="lie"
            ecep:pos="vvb"
            ecep:reg="lie"
            ecep:spe="lie"
            ecep:syllab="1"
            ecep:pron="laɪ">lie</w>
         <c> </c>
         <w xml:id="o4741-304860"
            n="175-a-0040"
            ecep:lem="in"
            ecep:pos="p-acp"
            ecep:reg="in"
            ecep:spe="in"
            ecep:syllab="1"
            ecep:pron="ɪn">in</w>
         <c> </c>
         <w xml:id="o4741-304870"
            n="175-a-0050"
            ecep:lem="chemic"
            ecep:pos="j"
            ecep:reg="chemic"
            ecep:spe="chymic"
            ecep:syllab="2"
            ecep:pron="tʃˈɪmɪk">chymic</w>
         <c> </c>
         <w xml:id="o4741-304880"
            n="175-a-0060"
            ecep:lem="fire"
            ecep:pos="n2"
            ecep:reg="Fires"
            ecep:spe="Fires"
            ecep:syllab="1"
            ecep:pron="fæəz">Fires</w>
         <pc xml:id="o4741-304890"
             n="175-a-0070"
             ecep:lem=";"
             ecep:pos=";"
             ecep:reg=";"
             ecep:spe=";">;</pc>
      </l>
      <l xml:id="o4741-l09945">
         <c> </c>
         <w xml:id="o4741-304900"
            n="175-a-0080"
            ecep:lem="and"
            ecep:pos="cc"
            ecep:reg="And"
            ecep:spe="And"
            ecep:syllab="1"
            ecep:pron="ænd">And</w>
         <pc xml:id="o4741-304910"
             n="175-a-0090"
             ecep:lem=","
             ecep:pos=","
             ecep:reg=","
             ecep:spe=",">,</pc>
         <c> </c>
         <w xml:id="o4741-304920"
            n="175-a-0100"
            ecep:lem="while"
            ecep:pos="cs"
            ecep:reg="while"
            ecep:spe="while"
            ecep:syllab="1"
            ecep:pron="ˈwaɪl">while</w>
         <c> </c>
         <w xml:id="o4741-304930"
            n="175-a-0110"
            ecep:lem="the"
            ecep:pos="dt"
            ecep:reg="the"
            ecep:spe="the"
            ecep:syllab="1"
            ecep:pron="ðiː">the</w>
         <c> </c>
         <w xml:id="o4741-304940"
            n="175-a-0120"
            ecep:lem="gross"
            ecep:pos="jc"
            ecep:reg="grosser"
            ecep:spe="grosser"
            ecep:syllab="2"
            ecep:pron="grəʊsə">grosser</w>
         <c> </c>
         <w xml:id="o4741-304950"
            n="175-a-0130"
            ecep:lem="part"
            ecep:pos="n1"
            ecep:reg="Part"
            ecep:spe="Part"
            ecep:syllab="1"
            ecep:pron="pɑːt">Part</w>
         <c> </c>
         <w xml:id="o4741-304960"
            n="175-a-0140"
            ecep:lem="expire"
            ecep:pos="vvz"
            ecep:reg="expires"
            ecep:spe="expires"
            ecep:syllab="3"
            ecep:pron="ɪkˈspæəz">expires</w>
         <pc xml:id="o4741-304970"
             n="175-a-0150"
             ecep:lem=","
             ecep:pos=","
             ecep:reg=","
             ecep:spe=",">,</pc>
      </l>
      <l xml:id="o4741-l09950">
         <c> </c>
         <w xml:id="o4741-304980"
            n="175-a-0160"
            ecep:lem="the"
            ecep:pos="dt"
            ecep:reg="The"
            ecep:spe="The"
            ecep:syllab="1"
            ecep:pron="ðiː">The</w>
         <c> </c>
         <w xml:id="o4741-304990"
            n="175-a-0170"
            ecep:lem="flame"
            ecep:pos="n2"
            ecep:reg="Flames"
            ecep:spe="Flames"
            ecep:syllab="1"
            ecep:pron="fleɪmz">Flames</w>
         <c> </c>
         <w xml:id="o4741-305000"
            n="175-a-0180"
            ecep:lem="refine"
            ecep:pos="vvb"
            ecep:reg="refine"
            ecep:spe="refine"
            ecep:syllab="2"
            ecep:pron="rɪˈfaɪn">refine</w>
         <c> </c>
         <w xml:id="o4741-305010"
            n="175-a-0190"
            ecep:lem="the"
            ecep:pos="dt"
            ecep:reg="the"
            ecep:spe="the"
            ecep:syllab="1"
            ecep:pron="ðiː">the</w>
         <c> </c>
         <w xml:id="o4741-305020"
            n="175-a-0200"
            ecep:lem="golden"
            ecep:pos="j"
            ecep:reg="golden"
            ecep:spe="golden"
            ecep:syllab="2"
            ecep:pron="ˈgəʊldn">golden</w>
         <c> </c>
         <w xml:id="o4741-305030"
            n="175-a-0210"
            ecep:lem="over"
            ecep:pos="p-acp"
            ecep:reg="Over"
            ecep:spe="Ore"
            ecep:syllab="1"
            ecep:pron="ɔː">Ore</w>
         <pc xml:id="o4741-305040"
             n="175-a-0220"
             ecep:lem=","
             ecep:pos=","
             ecep:reg=","
             ecep:spe=",">,</pc>
      </l>
      <l xml:id="o4741-l09955">
         <c> </c>
         <w xml:id="o4741-305050"
            n="175-a-0230"
            ecep:lem="and"
            ecep:pos="cc"
            ecep:reg="And"
            ecep:spe="And"
            ecep:syllab="1"
            ecep:pron="ænd">And</w>
         <c> </c>
         <w xml:id="o4741-305060"
            n="175-a-0240"
            ecep:lem="make"
            ecep:pos="vvi"
            ecep:reg="make"
            ecep:spe="make"
            ecep:syllab="1"
            ecep:pron="meɪk">make</w>
         <c> </c>
         <w xml:id="o4741-305070"
            n="175-a-0250"
            ecep:lem="it"
            ecep:pos="pn31"
            ecep:reg="it"
            ecep:spe="it"
            ecep:syllab="1"
            ecep:pron="ɪt">it</w>
         <c> </c>
         <w xml:id="o4741-305080"
            n="175-a-0260"
            ecep:lem="bright"
            ecep:pos="jc"
            ecep:reg="brighter"
            ecep:spe="brighter"
            ecep:syllab="2"
            ecep:pron="braɪtə">brighter</w>
         <c> </c>
         <w xml:id="o4741-305090"
            n="175-a-0270"
            ecep:lem="than"
            ecep:pos="cs"
            ecep:reg="than"
            ecep:spe="than"
            ecep:syllab="1"
            ecep:pron="ðæn">than</w>
         <c> </c>
         <w xml:id="o4741-305100"
            n="175-a-0280"
            ecep:lem="before"
            ecep:pos="a-acp"
            ecep:reg="before"
            ecep:spe="before"
            ecep:syllab="2"
            ecep:pron="bɪˈfɔː">before</w>
         <pc xml:id="o4741-305110"
             n="175-a-0290"
             unit="sentence"
             ecep:lem="."
             ecep:pos="."
             ecep:reg="."
             ecep:spe=".">.</pc>
         <c> </c>
      </l>
   </lg>
   <lg xml:id="o4741-s00850">
      <l xml:id="o4741-l09960">
         <w xml:id="o4741-305140"
            n="175-a-0300"
            ecep:lem="she"
            ecep:pos="pns31"
            ecep:reg="SHE"
            ecep:spe="SHE"
            ecep:syllab="1"
            ecep:pron="ʃiː">SHE</w>
         <c> </c>
         <w xml:id="o4741-305150"
            n="175-a-0310"
            ecep:lem="now"
            ecep:pos="av"
            ecep:reg="now"
            ecep:spe="now"
            ecep:syllab="1"
            ecep:pron="naʊ">now</w>
         <c> </c>
         <w xml:id="o4741-305160"
            n="175-a-0320"
            ecep:lem="a"
            ecep:pos="dt"
            ecep:reg="a"
            ecep:spe="a"
            ecep:syllab="1"
            ecep:pron="ə">a</w>
         <c> </c>
         <w xml:id="o4741-305170"
            n="175-a-0330"
            ecep:lem="warm"
            ecep:pos="jc"
            ecep:reg="warmer"
            ecep:spe="warmer"
            ecep:syllab="2"
            ecep:pron="ˈwɔːmə">warmer</w>
         <c> </c>
         <w xml:id="o4741-305180"
            n="175-a-0340"
            ecep:lem="clime"
            ecep:pos="n1"
            ecep:reg="Clime"
            ecep:spe="Clime"
            ecep:syllab="1"
            ecep:pron="klaɪm">Clime</w>
         <c> </c>
         <w xml:id="o4741-305190"
            n="175-a-0350"
            ecep:lem="explore"
            ecep:pos="vvz"
            ecep:reg="explores"
            ecep:spe="explores"
            ecep:syllab="2"
            ecep:pron="ɪkˈsplɔːz">explores</w>
         <pc xml:id="o4741-305200"
             n="175-a-0360"
             ecep:lem=","
             ecep:pos=","
             ecep:reg=","
             ecep:spe=",">,</pc>
      </l>
      <l xml:id="o4741-l09965">
         <c> </c>
         <w xml:id="o4741-305210"
            n="175-a-0370"
            ecep:lem="to"
            ecep:pos="pc-acp"
            ecep:reg="To"
            ecep:spe="To"
            ecep:syllab="1"
            ecep:pron="tuː">To</w>
         <c> </c>
         <w xml:id="o4741-305220"
            n="175-a-0380"
            ecep:lem="prove"
            ecep:pos="vvi"
            ecep:reg="prove"
            ecep:spe="prove"
            ecep:syllab="1"
            ecep:pron="pruːv">prove</w>
         <c> </c>
         <w xml:id="o4741-305230"
            n="175-a-0390"
            ecep:lem="the"
            ecep:pos="dt"
            ecep:reg="the"
            ecep:spe="the"
            ecep:syllab="1"
            ecep:pron="ðiː">the</w>
         <c> </c>
         <w xml:id="o4741-305240"
            n="175-a-0400"
            ecep:lem="air"
            ecep:pos="n1"
            ecep:reg="Air"
            ecep:spe="Air"
            ecep:syllab="1"
            ecep:pron="eə">Air</w>
         <c> </c>
         <w xml:id="o4741-305250"
            n="175-a-0410"
            ecep:lem="of"
            ecep:pos="pp-f"
            ecep:reg="of"
            ecep:spe="of"
            ecep:syllab="1"
            ecep:pron="ɒv">of</w>
         <c> </c>
         <w xml:id="o4741-305260"
            n="175-a-0420"
            ecep:lem="foreign"
            ecep:pos="j"
            ecep:reg="foreign"
            ecep:spe="foreign"
            ecep:syllab="2"
            ecep:pron="ˈfɒrɪn">foreign</w>
         <c> </c>
         <w xml:id="o4741-305270"
            n="175-a-0430"
            ecep:lem="shore"
            ecep:pos="n2"
            ecep:reg="Shores"
            ecep:spe="Shores"
            ecep:syllab="1"
            ecep:pron="ʃɔːz">Shores</w>
         <pc xml:id="o4741-305280"
             n="175-a-0440"
             ecep:lem=":"
             ecep:pos=":"
             ecep:reg=":"
             ecep:spe=":">:</pc>
      </l>
      <l xml:id="o4741-l09970">
         <c> </c>
         <w xml:id="o4741-305290"
            n="175-a-0450"
            ecep:lem="o"
            ecep:pos="uh"
            ecep:reg="OH"
            ecep:spe="O"
            ecep:syllab="1"
            ecep:pron="əʊ">O</w>
         <pc xml:id="o4741-305295"
             n="175-a-0450"
             ecep:lem="!"
             ecep:pos="!"
             ecep:reg="!"
             ecep:spe="!">!</pc>
         <c> </c>
         <w xml:id="o4741-305300"
            n="175-a-0460"
            ecep:lem="may"
            ecep:pos="vmb"
            ecep:reg="may"
            ecep:spe="may"
            ecep:syllab="1"
            ecep:pron="meɪ">may</w>
         <c> </c>
         <w xml:id="o4741-305310"
            n="175-a-0470"
            ecep:lem="the"
            ecep:pos="dt"
            ecep:reg="the"
            ecep:spe="the"
            ecep:syllab="1"
            ecep:pron="ðiː">the</w>
         <c> </c>
         <w xml:id="o4741-305320"
            n="175-a-0480"
            ecep:lem="temperate"
            ecep:pos="j"
            ecep:reg="temperate"
            ecep:spe="temp'rate"
            ecep:syllab="2"
            ecep:pron="tˈempreɪt">temp'rate</w>
         <c> </c>
         <w xml:id="o4741-305330"
            n="175-a-0490"
            ecep:lem="breeze"
            ecep:pos="vvz"
            ecep:reg="Breezes"
            ecep:spe="Breezes"
            ecep:syllab="2"
            ecep:pron="briːzɪz">Breezes</w>
         <c> </c>
         <w xml:id="o4741-305340"
            n="175-a-0500"
            ecep:lem="bring"
            ecep:pos="vvb"
            ecep:reg="bring"
            ecep:spe="bring"
            ecep:syllab="1"
            ecep:pron="brɪŋ">bring</w>
      </l>
      <l xml:id="o4741-l09975">
         <c> </c>
         <w xml:id="o4741-305350"
            n="175-a-0510"
            ecep:lem="salubrious"
            ecep:pos="j"
            ecep:reg="Salubrious"
            ecep:spe="Salubrious"
            ecep:syllab="4"
            ecep:pron="səˈluːbriəs">Salubrious</w>
         <c> </c>
         <w xml:id="o4741-305360"
            n="175-a-0520"
            ecep:lem="medicine"
            ecep:pos="n2"
            ecep:reg="Medicines"
            ecep:spe="Med'cines"
            ecep:syllab="3"
            ecep:pron="mˈedsiːnz">Med'cines</w>
         <c> </c>
         <w xml:id="o4741-305370"
            n="175-a-0530"
            ecep:lem="on"
            ecep:pos="p-acp"
            ecep:reg="on"
            ecep:spe="on"
            ecep:syllab="1"
            ecep:pron="ɒn">on</w>
         <c> </c>
         <w xml:id="o4741-305380"
            n="175-a-0540"
            ecep:lem="their"
            ecep:pos="po32"
            ecep:reg="their"
            ecep:spe="their"
            ecep:syllab="1"
            ecep:pron="ðeə">their</w>
         <c> </c>
         <w xml:id="o4741-305390"
            n="175-a-0550"
            ecep:lem="wing"
            ecep:pos="n1"
            ecep:reg="Wing"
            ecep:spe="Wing"
            ecep:syllab="1"
            ecep:pron="wɪŋ">Wing</w>
         <pc xml:id="o4741-305400"
             n="175-a-0560"
             ecep:lem=":"
             ecep:pos=":"
             ecep:reg=":"
             ecep:spe=":">:</pc>
      </l>
      <l xml:id="o4741-l09980">
         <c> </c>
         <w xml:id="o4741-305410"
            n="175-a-0570"
            ecep:lem="thou"
            ecep:pos="pns21"
            ecep:reg="Thou"
            ecep:spe="Thou"
            ecep:syllab="1"
            ecep:pron="θaʊ">Thou</w>
         <pc xml:id="o4741-305420"
             n="175-a-0580"
             ecep:lem=","
             ecep:pos=","
             ecep:reg=","
             ecep:spe=",">,</pc>
         <c> </c>
         <w xml:id="o4741-305430"
            n="175-a-0590"
            ecep:lem="Phoebus"
            ecep:pos="np1"
            ecep:reg="PHOEBUS"
            ecep:spe="PHOEBUS"
            ecep:syllab="2"
            ecep:pron="ˈfiːbəs">PHOEBUS</w>
         <pc xml:id="o4741-305440"
             n="175-a-0600"
             ecep:lem=","
             ecep:pos=","
             ecep:reg=","
             ecep:spe=",">,</pc>
         <c> </c>
         <w xml:id="o4741-305450"
            n="175-a-0610"
            ecep:lem="too"
            ecep:pos="av"
            ecep:reg="too"
            ecep:spe="too"
            ecep:syllab="1"
            ecep:pron="tuː">too</w>
         <pc xml:id="o4741-305460"
             n="175-a-0620"
             ecep:lem=","
             ecep:pos=","
             ecep:reg=","
             ecep:spe=",">,</pc>
         <c> </c>
         <w xml:id="o4741-305470"
            n="175-a-0630"
            ecep:lem="propitious"
            ecep:pos="j"
            ecep:reg="propitious"
            ecep:spe="propitious"
            ecep:syllab="3"
            ecep:pron="prəˈpɪʃəs">propitious</w>
         <c> </c>
         <w xml:id="o4741-305480"
            n="175-a-0640"
            ecep:lem="shine"
            ecep:pos="n1"
            ecep:reg="shine"
            ecep:spe="shine"
            ecep:syllab="1"
            ecep:pron="ʃaɪn">shine</w>
         <pc xml:id="o4741-305490"
             n="175-a-0650"
             ecep:lem=";"
             ecep:pos=";"
             ecep:reg=";"
             ecep:spe=";">;</pc>
      </l>
      <l xml:id="o4741-l09985">
         <c> </c>
         <w xml:id="o4741-305500"
            n="175-a-0660"
            ecep:lem="and"
            ecep:pos="cc"
            ecep:reg="And"
            ecep:spe="And"
            ecep:syllab="1"
            ecep:pron="ænd">And</w>
         <c> </c>
         <pc xml:id="o4741-305510"
             n="175-a-0670"
             ecep:lem="("
             ecep:pos="("
             ecep:reg="("
             ecep:spe="(">(</pc>
         <w xml:id="o4741-305520"
            n="175-a-0680"
            ecep:lem="since"
            ecep:pos="c-acp"
            ecep:reg="since"
            ecep:spe="since"
            ecep:syllab="1"
            ecep:pron="sɪns">since</w>
         <c> </c>
         <w xml:id="o4741-305530"
            n="175-a-0690"
            ecep:lem="the"
            ecep:pos="dt"
            ecep:reg="the"
            ecep:spe="the"
            ecep:syllab="1"
            ecep:pron="ðiː">the</w>
         <c> </c>
         <w xml:id="o4741-305540"
            n="175-a-0700"
            ecep:lem="power"
            ecep:pos="n1"
            ecep:reg="Power"
            ecep:spe="Pow'r"
            ecep:syllab="1"
            ecep:pron="ˈpaʊə">Pow'r</w>
         <c> </c>
         <w xml:id="o4741-305550"
            n="175-a-0710"
            ecep:lem="of"
            ecep:pos="pp-f"
            ecep:reg="of"
            ecep:spe="of"
            ecep:syllab="1"
            ecep:pron="ɒv">of</w>
         <c> </c>
         <w xml:id="o4741-305560"
            n="175-a-0720"
            ecep:lem="physic"
            ecep:pos="ng1"
            ecep:reg="Physic's"
            ecep:spe="Physic's"
            ecep:syllab="2"
            ecep:pron="ˈfɪzɪkz">Physic's</w>
         <c> </c>
         <w xml:id="o4741-305570"
            n="175-a-0730"
            ecep:lem="thy"
            ecep:pos="po21"
            ecep:reg="thine"
            ecep:spe="thine"
            ecep:syllab="1"
            ecep:pron="ðaɪn">thine</w>
         <pc xml:id="o4741-305580"
             n="175-a-0740"
             ecep:lem=")"
             ecep:pos=")"
             ecep:reg=")"
             ecep:spe=")">)</pc>
      </l>
      <l xml:id="o4741-l09990">
         <c> </c>
         <w xml:id="o4741-305590"
            n="175-a-0750"
            ecep:lem="send"
            ecep:pos="vvb"
            ecep:reg="Send"
            ecep:spe="Send"
            ecep:syllab="1"
            ecep:pron="send">Send</w>
         <c> </c>
         <w xml:id="o4741-305600"
            n="175-a-0760"
            ecep:lem="bloom"
            ecep:pos="vvg"
            ecep:reg="blooming"
            ecep:spe="blooming"
            ecep:syllab="2"
            ecep:pron="bluːmɪŋ">blooming</w>
         <c> </c>
         <w xml:id="o4741-305610"
            n="175-a-0770"
            ecep:lem="health"
            ecep:pos="n1"
            ecep:reg="Health"
            ecep:spe="Health"
            ecep:syllab="1"
            ecep:pron="helθ">Health</w>
         <c> </c>
         <w xml:id="o4741-305620"
            n="175-a-0780"
            ecep:lem="on"
            ecep:pos="p-acp"
            ecep:reg="on"
            ecep:spe="on"
            ecep:syllab="1"
            ecep:pron="ɒn">on</w>
         <c> </c>
         <w xml:id="o4741-305630"
            n="175-a-0790"
            ecep:lem="every"
            ecep:pos="d"
            ecep:reg="every"
            ecep:spe="ev'ry"
            ecep:syllab="2"
            ecep:pron="ˈevri">ev'ry</w>
         <c> </c>
         <w xml:id="o4741-305640"
            n="175-a-0800"
            ecep:lem="beam"
            ecep:pos="n1"
            ecep:reg="Beam"
            ecep:spe="Beam"
            ecep:syllab="1"
            ecep:pron="biːm">Beam</w>
         <pc xml:id="o4741-305650"
             n="175-a-0810"
             ecep:lem=","
             ecep:pos=","
             ecep:reg=","
             ecep:spe=",">,</pc>
      </l>
      <l xml:id="o4741-l09995">
         <c> </c>
         <w xml:id="o4741-305660"
            n="175-a-0820"
            ecep:lem="dispel"
            ecep:pos="vvb"
            ecep:reg="Dispel"
            ecep:spe="Dispel"
            ecep:syllab="2"
            ecep:pron="dɪˈspel">Dispel</w>
         <c> </c>
         <w xml:id="o4741-305670"
            n="175-a-0830"
            ecep:lem="her"
            ecep:pos="po31"
            ecep:reg="her"
            ecep:spe="her"
            ecep:syllab="1"
            ecep:pron="hɜː">her</w>
         <c> </c>
         <w xml:id="o4741-305680"
            n="175-a-0840"
            ecep:lem="pain"
            ecep:pos="n2"
            ecep:reg="Pains"
            ecep:spe="Pains"
            ecep:syllab="1"
            ecep:pron="peɪnz">Pains</w>
         <pc xml:id="o4741-305690"
             n="175-a-0850"
             ecep:lem=","
             ecep:pos=","
             ecep:reg=","
             ecep:spe=",">,</pc>
         <c> </c>
         <w xml:id="o4741-305700"
            n="175-a-0860"
            ecep:lem="and"
            ecep:pos="cc"
            ecep:reg="and"
            ecep:spe="and"
            ecep:syllab="1"
            ecep:pron="ænd">and</w>
         <c> </c>
         <w xml:id="o4741-305710"
            n="175-a-0870"
            ecep:lem="cheer"
            ecep:pos="vvb"
            ecep:reg="cheer"
            ecep:spe="chear"
            ecep:syllab="1"
            ecep:pron="tʃɪə">chear</w>
         <c> </c>
         <w xml:id="o4741-305720"
            n="175-a-0880"
            ecep:lem="the"
            ecep:pos="dt"
            ecep:reg="the"
            ecep:spe="the"
            ecep:syllab="1"
            ecep:pron="ðiː">the</w>
         <c> </c>
         <w xml:id="o4741-305730"
            n="175-a-0890"
            ecep:lem="dame"
            ecep:pos="n1"
            ecep:reg="Dame"
            ecep:spe="Dame"
            ecep:syllab="1"
            ecep:pron="deɪm">Dame</w>
         <pc xml:id="o4741-305740"
             n="175-a-0900"
             unit="sentence"
             ecep:lem="."
             ecep:pos="."
             ecep:reg="."
             ecep:spe=".">.</pc>
         <c> </c>
      </l>
      <l xml:id="o4741-l10000">
         <w xml:id="o4741-305750"
            n="175-a-0910"
            ecep:lem="else"
            ecep:pos="av"
            ecep:reg="Else"
            ecep:spe="Else"
            ecep:syllab="1"
            ecep:pron="els">Else</w>
         <c> </c>
         <w xml:id="o4741-305760"
            n="175-a-0920"
            ecep:lem="must"
            ecep:pos="vmb"
            ecep:reg="must"
            ecep:spe="must"
            ecep:syllab="1"
            ecep:pron="mʌst">must</w>
         <c> </c>
         <w xml:id="o4741-305770"
            n="175-a-0930"
            ecep:lem="my"
            ecep:pos="po11"
            ecep:reg="my"
            ecep:spe="my"
            ecep:syllab="1"
            ecep:pron="maɪ">my</w>
         <c> </c>
         <w xml:id="o4741-305780"
            n="175-a-0940"
            ecep:lem="melancholy"
            ecep:pos="j-jn"
            ecep:reg="melancholy"
            ecep:spe="melancholy"
            ecep:syllab="4"
            ecep:pron="ˈmelənkli">melancholy</w>
         <c> </c>
         <w xml:id="o4741-305790"
            n="175-a-0950"
            ecep:lem="strain"
            ecep:pos="n1"
            ecep:reg="Strain"
            ecep:spe="Strain"
            ecep:syllab="1"
            ecep:pron="streɪn">Strain</w>
         <pc xml:id="o4741-305800"
             n="175-a-0960"
             ecep:lem=","
             ecep:pos=","
             ecep:reg=","
             ecep:spe=",">,</pc>
      </l>
      <l xml:id="o4741-l10005">
         <c> </c>
         <w xml:id="o4741-305810"
            n="175-a-0970"
            ecep:lem="in"
            ecep:pos="p-acp"
            ecep:reg="In"
            ecep:spe="In"
            ecep:syllab="1"
            ecep:pron="ɪn">In</w>
         <c> </c>
         <w xml:id="o4741-305820"
            n="175-a-0980"
            ecep:lem="mournful"
            ecep:pos="j"
            ecep:reg="mournful"
            ecep:spe="mournful"
            ecep:syllab="2"
            ecep:pron="ˈmɔːnfl">mournful</w>
         <c> </c>
         <w xml:id="o4741-305830"
            n="175-a-0990"
            ecep:lem="elegy"
            ecep:pos="n2"
            ecep:reg="Elegies"
            ecep:spe="Elegies"
            ecep:syllab="3"
            ecep:pron="ˈelɪdʒiz">Elegies</w>
         <pc xml:id="o4741-305840"
             n="175-a-1000"
             ecep:lem=","
             ecep:pos=","
             ecep:reg=","
             ecep:spe=",">,</pc>
         <c> </c>
         <w xml:id="o4741-305850"
            n="175-a-1010"
            ecep:lem="complain"
            ecep:pos="vvb"
            ecep:reg="complain"
            ecep:spe="complain"
            ecep:syllab="2"
            ecep:pron="kəmˈpleɪn">complain</w>
         <pc xml:id="o4741-305860"
             n="175-a-1020"
             unit="sentence"
             ecep:lem="."
             ecep:pos="."
             ecep:reg="."
             ecep:spe=".">.</pc>
         <c> </c>
      </l>
      <l xml:id="o4741-l10010">
         <w xml:id="o4741-305870"
            n="175-a-1030"
            ecep:lem="even"
            ecep:pos="av-j"
            ecep:reg="Even"
            ecep:spe="Ev'n"
            ecep:syllab="1"
            ecep:pron="ˈiːvn">Ev'n</w>
         <c> </c>
         <w xml:id="o4741-305880"
            n="175-a-1040"
            ecep:lem="now"
            ecep:pos="av"
            ecep:reg="now"
            ecep:spe="now"
            ecep:syllab="1"
            ecep:pron="naʊ">now</w>
         <pc xml:id="o4741-305890"
             n="175-a-1050"
             ecep:lem=","
             ecep:pos=","
             ecep:reg=","
             ecep:spe=",">,</pc>
         <c> </c>
         <w xml:id="o4741-305900"
            n="175-a-1060"
            ecep:lem="too"
            ecep:pos="av"
            ecep:reg="too"
            ecep:spe="too"
            ecep:syllab="1"
            ecep:pron="tuː">too</w>
         <c> </c>
         <w xml:id="o4741-305910"
            n="175-a-1070"
            ecep:lem="well"
            ecep:pos="av"
            ecep:reg="well"
            ecep:spe="well"
            ecep:syllab="1"
            ecep:pron="wel">well</w>
         <pc xml:id="o4741-305920"
             n="175-a-1080"
             ecep:lem=","
             ecep:pos=","
             ecep:reg=","
             ecep:spe=",">,</pc>
         <c> </c>
         <w xml:id="o4741-305930"
            n="175-a-1090"
            ecep:lem="these"
            ecep:pos="d"
            ecep:reg="these"
            ecep:spe="these"
            ecep:syllab="1"
            ecep:pron="ðiːz">these</w>
         <c> </c>
         <w xml:id="o4741-305940"
            n="175-a-1100"
            ecep:lem="number"
            ecep:pos="n2"
            ecep:reg="Numbers"
            ecep:spe="Numbers"
            ecep:syllab="2"
            ecep:pron="ˈnʌmbəz">Numbers</w>
         <c> </c>
         <w xml:id="o4741-305950"
            n="175-a-1110"
            ecep:lem="show"
            ecep:pos="vvi"
            ecep:reg="show"
            ecep:spe="show"
            ecep:syllab="1"
            ecep:pron="ʃəʊ">show</w>
         <pc xml:id="o4741-305960"
             n="175-a-1120"
             ecep:lem=","
             ecep:pos=","
             ecep:reg=","
             ecep:spe=",">,</pc>
      </l>
      <l xml:id="o4741-l10015">
         <c> </c>
         <w xml:id="o4741-305970"
            n="175-a-1130"
            ecep:lem="my"
            ecep:pos="po11"
            ecep:reg="My"
            ecep:spe="My"
            ecep:syllab="1"
            ecep:pron="maɪ">My</w>
         <c> </c>
         <w xml:id="o4741-305980"
            n="175-a-1140"
            ecep:lem="droop"
            ecep:pos="j-vvg"
            ecep:reg="drooping"
            ecep:spe="drooping"
            ecep:syllab="2"
            ecep:pron="druːpɪŋ">drooping</w>
         <c> </c>
         <w xml:id="o4741-305990"
            n="175-a-1150"
            ecep:lem="fancy"
            ecep:pos="n1|vbz"
            ecep:reg="Fancy's"
            ecep:spe="Fancy's"
            ecep:syllab="2"
            ecep:pron="ˈfænsiz">Fancy's</w>
         <c> </c>
         <w xml:id="o4741-306000"
            n="175-a-1160"
            ecep:lem="damp"
            ecep:pos="vvn"
            ecep:reg="damped"
            ecep:spe="damp'd"
            ecep:syllab="1"
            ecep:pron="dæmpt">damp'd</w>
         <c> </c>
         <w xml:id="o4741-306010"
            n="175-a-1170"
            ecep:lem="with"
            ecep:pos="p-acp"
            ecep:reg="with"
            ecep:spe="with"
            ecep:syllab="1"
            ecep:pron="wɪð">with</w>
         <c> </c>
         <w xml:id="o4741-306020"
            n="175-a-1180"
            ecep:lem="woe"
            ecep:pos="n1"
            ecep:reg="Woe"
            ecep:spe="Woe"
            ecep:syllab="1"
            ecep:pron="wəʊ">Woe</w>
         <pc xml:id="o4741-306030"
             n="175-a-1190"
             ecep:lem=":"
             ecep:pos=":"
             ecep:reg=":"
             ecep:spe=":">:</pc>
      </l>
      <pb facs="176" n="132" rend="none"/>
      <l xml:id="o4741-l10020">
         <c> </c>
         <w xml:id="o4741-306040"
            n="176-a-0010"
            ecep:lem="yet"
            ecep:pos="av"
            ecep:reg="Yet"
            ecep:spe="Yet"
            ecep:syllab="1"
            ecep:pron="jet">Yet</w>
         <pc xml:id="o4741-306050"
             n="176-a-0020"
             ecep:lem=","
             ecep:pos=","
             ecep:reg=","
             ecep:spe=",">,</pc>
         <c> </c>
         <w xml:id="o4741-306060"
            n="176-a-0030"
            ecep:lem="though"
            ecep:pos="c-acp"
            ecep:reg="though"
            ecep:spe="tho'"
            ecep:syllab="1"
            ecep:pron="ðəʊ">tho'</w>
         <c> </c>
         <w xml:id="o4741-306070"
            n="176-a-0040"
            ecep:lem="my"
            ecep:pos="po11"
            ecep:reg="my"
            ecep:spe="my"
            ecep:syllab="1"
            ecep:pron="maɪ">my</w>
         <c> </c>
         <w xml:id="o4741-306080"
            n="176-a-0050"
            ecep:lem="verse"
            ecep:pos="n1"
            ecep:reg="Verse"
            ecep:spe="Verse"
            ecep:syllab="1"
            ecep:pron="vɜːs">Verse</w>
         <c> </c>
         <w xml:id="o4741-306090"
            n="176-a-0060"
            ecep:lem="deserve"
            ecep:pos="vvz"
            ecep:reg="deserves"
            ecep:spe="deserves"
            ecep:syllab="2"
            ecep:pron="dɪˈzɜːvz">deserves</w>
         <c> </c>
         <w xml:id="o4741-306100"
            n="176-a-0070"
            ecep:lem="no"
            ecep:pos="dx"
            ecep:reg="no"
            ecep:spe="no"
            ecep:syllab="1"
            ecep:pron="nəʊ">no</w>
         <c> </c>
         <w xml:id="o4741-306110"
            n="176-a-0080"
            ecep:lem="praise"
            ecep:pos="n1"
            ecep:reg="Praise"
            ecep:spe="Praise"
            ecep:syllab="1"
            ecep:pron="preɪz">Praise</w>
         <pc xml:id="o4741-306120"
             n="176-a-0090"
             ecep:lem=","
             ecep:pos=","
             ecep:reg=","
             ecep:spe=",">,</pc>
      </l>
      <l xml:id="o4741-l10025">
         <c> </c>
         <w xml:id="o4741-306130"
            n="176-a-0100"
            ecep:lem="let"
            ecep:pos="vvb"
            ecep:reg="Let"
            ecep:spe="Let"
            ecep:syllab="1"
            ecep:pron="let">Let</w>
         <c> </c>
         <w xml:id="o4741-306140"
            n="176-a-0110"
            ecep:lem="no"
            ecep:pos="dx"
            ecep:reg="no"
            ecep:spe="no"
            ecep:syllab="1"
            ecep:pron="nəʊ">no</w>
         <c> </c>
         <w xml:id="o4741-306150"
            n="176-a-0120"
            ecep:lem="sour"
            ecep:pos="j"
            ecep:reg="sour"
            ecep:spe="sour"
            ecep:syllab="2"
            ecep:pron="ˈsaʊə">sour</w>
         <c> </c>
         <w xml:id="o4741-306160"
            n="176-a-0130"
            ecep:lem="critic"
            ecep:pos="n1"
            ecep:reg="Critic"
            ecep:spe="Critic"
            ecep:syllab="2"
            ecep:pron="ˈkrɪtɪk">Critic</w>
         <c> </c>
         <w xml:id="o4741-306170"
            n="176-a-0140"
            ecep:lem="damn"
            ecep:pos="vvb"
            ecep:reg="damn"
            ecep:spe="damn"
            ecep:syllab="1"
            ecep:pron="dæm">damn</w>
         <c> </c>
         <w xml:id="o4741-306180"
            n="176-a-0150"
            ecep:lem="my"
            ecep:pos="po11"
            ecep:reg="my"
            ecep:spe="my"
            ecep:syllab="1"
            ecep:pron="maɪ">my</w>
         <c> </c>
         <w xml:id="o4741-306190"
            n="176-a-0160"
            ecep:lem="lay"
            ecep:pos="n2"
            ecep:reg="Lays"
            ecep:spe="Lays"
            ecep:syllab="1"
            ecep:pron="leɪz">Lays</w>
         <pc xml:id="o4741-306200"
             n="176-a-0170"
             ecep:lem=";"
             ecep:pos=";"
             ecep:reg=";"
             ecep:spe=";">;</pc>
      </l>
      <l xml:id="o4741-l10030">
         <c> </c>
         <w xml:id="o4741-306210"
            n="176-a-0180"
            ecep:lem="since"
            ecep:pos="c-acp"
            ecep:reg="Since"
            ecep:spe="Since"
            ecep:syllab="1"
            ecep:pron="sɪns">Since</w>
         <c> </c>
         <w xml:id="o4741-306220"
            n="176-a-0190"
            ecep:lem="ovid"
            ecep:pos="npg1"
            ecep:reg="OVID's"
            ecep:spe="OVID's"
            ecep:syllab="2"
            ecep:pron="ˈɒvɪdz">OVID's</w>
         <c> </c>
         <w xml:id="o4741-306230"
            n="176-a-0200"
            ecep:lem="self"
            ecep:pos="n1"
            ecep:reg="Self"
            ecep:spe="Self"
            ecep:syllab="1"
            ecep:pron="self">Self</w>
         <c> </c>
         <w xml:id="o4741-306240"
            n="176-a-0210"
            ecep:lem="but"
            ecep:pos="cc-acp"
            ecep:reg="but"
            ecep:spe="but"
            ecep:syllab="1"
            ecep:pron="bʌt">but</w>
         <c> </c>
         <w xml:id="o4741-306250"
            n="176-a-0220"
            ecep:lem="faint"
            ecep:pos="av-j"
            ecep:reg="faintly"
            ecep:spe="faintly"
            ecep:syllab="2"
            ecep:pron="feɪntli">faintly</w>
         <c> </c>
         <w xml:id="o4741-306260"
            n="176-a-0230"
            ecep:lem="sing"
            ecep:pos="vvn"
            ecep:reg="sung"
            ecep:spe="sung"
            ecep:syllab="1"
            ecep:pron="sʌŋ">sung</w>
         <pc xml:id="o4741-306270"
             n="176-a-0240"
             ecep:lem=","
             ecep:pos=","
             ecep:reg=","
             ecep:spe=",">,</pc>
      </l>
      <l xml:id="o4741-l10035">
         <c> </c>
         <w xml:id="o4741-306280"
            n="176-a-0250"
            ecep:lem="when"
            ecep:pos="c-crq"
            ecep:reg="When"
            ecep:spe="When"
            ecep:syllab="1"
            ecep:pron="wen">When</w>
         <c> </c>
         <w xml:id="o4741-306290"
            n="176-a-0260"
            ecep:lem="only"
            ecep:pos="j"
            ecep:reg="only"
            ecep:spe="only"
            ecep:syllab="2"
            ecep:pron="ˈəʊnli">only</w>
         <c> </c>
         <w xml:id="o4741-306300"
            n="176-a-0270"
            ecep:lem="grief"
            ecep:pos="n1"
            ecep:reg="Grief"
            ecep:spe="Grief"
            ecep:syllab="1"
            ecep:pron="griːf">Grief</w>
         <c> </c>
         <w xml:id="o4741-306310"
            n="176-a-0280"
            ecep:lem="inspire"
            ecep:pos="vvd"
            ecep:reg="inspired"
            ecep:spe="inspir'd"
            ecep:syllab="2"
            ecep:pron="ɪnˈspæəd">inspir'd</w>
         <c> </c>
         <w xml:id="o4741-306320"
            n="176-a-0290"
            ecep:lem="his"
            ecep:pos="po31"
            ecep:reg="his"
            ecep:spe="his"
            ecep:syllab="1"
            ecep:pron="hɪz">his</w>
         <c> </c>
         <w xml:id="o4741-306330"
            n="176-a-0300"
            ecep:lem="tongue"
            ecep:pos="n1"
            ecep:reg="Tongue"
            ecep:spe="Tongue"
            ecep:syllab="1"
            ecep:pron="tʌŋ">Tongue</w>
         <pc xml:id="o4741-306340"
             n="176-a-0310"
             unit="sentence"
             ecep:lem="."
             ecep:pos="."
             ecep:reg="."
             ecep:spe=".">.</pc>
         <c> </c>
      </l>
   </lg>
</div>
