<?xml version="1.0" encoding="UTF-8"?>
<?xml-model href="../tei_all.rnc" type="application/relax-ng-compact-syntax"?>
<TEI xmlns="http://www.tei-c.org/ns/1.0">
   <teiHeader>
      <fileDesc>
         <titleStmt>
            <title corresp="#txt_ShenWi1714_w0045">ANSWER.</title>
            <author corresp="authors.xml#aut_ShenWi1714">William Shenstone</author>
            <respStmt>
               <name xml:id="AH">Alexander Huber</name>
               <resp>Editor</resp>
            </respStmt>
            <funder>
               <name type="institution" xml:id="BOD">Bodleian Libraries, University of Oxford</name>
               <address>
                  <addrLine>Broad Street</addrLine>
                  <addrLine>Oxford OX1 3BG</addrLine>
                  <addrLine>UK</addrLine>
               </address>
            </funder>
         </titleStmt>
         <publicationStmt>
            <publisher xml:id="ECPA">Eighteenth-Century Poetry Archive</publisher>
            <address>
               <addrLine>Taylor Institution Library</addrLine>
               <addrLine>St Giles'</addrLine>
               <addrLine>Oxford OX1 3NA</addrLine>
               <addrLine>UK</addrLine>
               <addrLine>
                  <email>info@eighteenthcenturypoetry.org</email>
               </addrLine>
               <addrLine>
                  <ref target="https://www.eighteenthcenturypoetry.org/">https://www.eighteenthcenturypoetry.org/</ref>
               </addrLine>
            </address>
            <pubPlace>Oxford</pubPlace>
            <availability status="restricted">
               <licence target="http://creativecommons.org/licenses/by-sa/3.0/">This work is licensed under a Creative Commons Attribution-ShareAlike 3.0 Unported License.</licence>
            </availability>
            <idno type="ESTC">T131163</idno>
            <idno type="TCP">K104099.006</idno>
         </publicationStmt>
         <sourceDesc>
            <bibl>
               <author>Dodsley, Robert, 1703-1764.</author>
               <title>A Collection of Poems in Six Volumes. By Several Hands. Vol. VI.</title>
               <pubPlace>London</pubPlace>
               <publisher>printed by J. Hughs, for R. and J. Dodsley</publisher>
               <date>1763 [1st ed. 1758]</date>
               <biblScope>p. 212.</biblScope>
               <extent>6v.: music; 8⁰.</extent>
            </bibl>
         </sourceDesc>
      </fileDesc>
      <encodingDesc>
         <projectDesc>
            <p>This e-text is part of the Works section of the Eighteenth-Century Poetry Archive (ECPA).</p>
            <p>XML created for the Eighteenth-Century Poetry Archive (ECPA).</p>
         </projectDesc>
         <editorialDecl>
            <p>The text has been typographically modernized, but without any silent modernization of
						spelling, capitalization, or punctuation. The source of the text is given and all editorial interventions
						have been recorded in textual notes. Based on the electronic text originally produced by the TCP project, this  text has been edited to conform to the recommendations found in Level 5 of the
						Best Practices for TEI in Libraries version 4.0.0.
					</p>
         </editorialDecl>
         <classDecl>
            <taxonomy xml:id="LCNAF">
               <bibl>Library of Congress Name Authority File (<abbr>LCNAF</abbr>)</bibl>
            </taxonomy>
         </classDecl>
         <tagsDecl>
            <rendition n="linegroups indented" xml:id="lgindent" scheme="css">text-indent: 1em;</rendition>
            <rendition n="linegroups vertically spaced" xml:id="lgvspace" scheme="css">margin-bottom: 1em;</rendition>
            <rendition n="aligned centrally" xml:id="align-center" scheme="css">text-align: center;</rendition>
            <rendition n="aligned right" xml:id="align-right" scheme="css">text-align: right;</rendition>
            <rendition n="aligned left" xml:id="align-left" scheme="css">text-align: left;</rendition>
            <rendition n="inline" xml:id="inline" scheme="css">display: inline</rendition>
            <rendition n="italic" xml:id="i" scheme="css">font-style: italic;</rendition>
            <rendition n="bold" xml:id="b" scheme="css">font-weight: bold;</rendition>
         </tagsDecl>
      </encodingDesc>
   </teiHeader>
   <text>
      <body>
         <div xmlns:tei="http://www.tei-c.org/ns/1.0"
              xmlns:ecep="http://www.eighteenthcenturypoetry.org/ns"
              ana="#iamb #tetrameter #quatrain #cross #answer"
              corresp="#txt_ShenWi1714_w0045"
              ecep:syllab="8.8.8.8"
              met="-+|-+|-+|-+/         -+|-+|-+|-+/         -+|-+|-+|-+/         -+|-+|-+|-+/"
              rendition="#lgvspace"
              rhyme="abab"
              subtype="eceptext"
              type="poem"
              xml:id="o5157-w0350"
              decls="#semi-normalized">
            <link target="authors.xml#aut_ShenWi1714" type="author"/>
            <link target="39150" type="DMI"/>
            <link subtype="proposition" target="#o5157-w0340" type="related"/>
            <head type="main">
               <w xml:id="o5157-475070"
                  n="214-a-0360"
                  ecep:lem="answer"
                  ecep:pos="n1"
                  ecep:reg="ANSWER"
                  ecep:spe="ANSWER"
                  ecep:syllab="2"
                  ecep:pron="ˈɑːnsə">ANSWER</w>
               <pc xml:id="o5157-475080"
                   n="214-a-0370"
                   unit="sentence"
                   ecep:lem="."
                   ecep:pos="."
                   ecep:reg="."
                   ecep:spe=".">.</pc>
            </head>
            <lg xml:id="o5157-s02090">
               <l xml:id="o5157-l25740">
                  <w xml:id="o5157-475110"
                     n="214-a-0380"
                     ecep:lem="too"
                     ecep:pos="av"
                     ecep:reg="TOO"
                     ecep:spe="TOO"
                     ecep:syllab="1"
                     ecep:pron="tuː">TOO</w>
                  <c> </c>
                  <w xml:id="o5157-475120"
                     n="214-a-0390"
                     ecep:lem="timorous"
                     ecep:pos="j"
                     ecep:reg="timorous"
                     ecep:spe="timorous"
                     ecep:syllab="3"
                     ecep:pron="ˈtɪmrəs">timorous</w>
                  <c> </c>
                  <w xml:id="o5157-475130"
                     n="214-a-0400"
                     ecep:lem="maid"
                     ecep:pos="n1"
                     ecep:reg="maid"
                     ecep:spe="maid"
                     ecep:syllab="1"
                     ecep:pron="meɪd">maid</w>
                  <pc xml:id="o5157-475140"
                      n="214-a-0410"
                      ecep:lem="!"
                      ecep:pos="!"
                      ecep:reg="!"
                      ecep:spe="!">!</pc>
                  <c> </c>
                  <w xml:id="o5157-475150"
                     n="214-a-0420"
                     ecep:lem="can"
                     ecep:pos="vmb"
                     ecep:reg="can"
                     ecep:spe="can"
                     ecep:syllab="1"
                     ecep:pron="kæn">can</w>
                  <c> </c>
                  <w xml:id="o5157-475160"
                     n="214-a-0430"
                     ecep:lem="time"
                     ecep:pos="n1"
                     ecep:reg="time"
                     ecep:spe="time"
                     ecep:syllab="1"
                     ecep:pron="taɪm">time</w>
                  <c> </c>
                  <w xml:id="o5157-475170"
                     n="214-a-0440"
                     ecep:lem="or"
                     ecep:pos="cc"
                     ecep:reg="or"
                     ecep:spe="or"
                     ecep:syllab="1"
                     ecep:pron="ɔː">or</w>
                  <c> </c>
                  <w xml:id="o5157-475180"
                     n="214-a-0450"
                     ecep:lem="chance"
                     ecep:pos="n1"
                     ecep:reg="chance"
                     ecep:spe="chance"
                     ecep:syllab="1"
                     ecep:pron="tʃɑːns">chance</w>
               </l>
               <l xml:id="o5157-l25745">
                  <w xml:id="o5157-475190"
                     n="214-a-0460"
                     ecep:lem="a"
                     ecep:pos="dt"
                     ecep:reg="A"
                     ecep:spe="A"
                     ecep:syllab="1"
                     ecep:pron="ə">A</w>
                  <c> </c>
                  <w xml:id="o5157-475200"
                     n="214-a-0470"
                     ecep:lem="pure"
                     ecep:pos="j"
                     ecep:reg="pure"
                     ecep:spe="pure"
                     ecep:syllab="1"
                     ecep:pron="pjʊə">pure</w>
                  <c> </c>
                  <w xml:id="o5157-475210"
                     n="214-a-0480"
                     ecep:lem="ingenuous"
                     ecep:pos="j"
                     ecep:reg="ingenuous"
                     ecep:spe="ingenuous"
                     ecep:syllab="4"
                     ecep:pron="ɪnˈdʒenjuəs">ingenuous</w>
                  <c> </c>
                  <w xml:id="o5157-475220"
                     n="214-a-0490"
                     ecep:lem="flame"
                     ecep:pos="n1"
                     ecep:reg="flame"
                     ecep:spe="flame"
                     ecep:syllab="1"
                     ecep:pron="fleɪm">flame</w>
                  <c> </c>
                  <w xml:id="o5157-475230"
                     n="214-a-0500"
                     ecep:lem="controul"
                     ecep:pos="n1"
                     ecep:reg="control"
                     ecep:spe="controul"
                     ecep:syllab="2"
                     ecep:pron="kənˈtrəʊl">controul</w>
                  <pc xml:id="o5157-475240"
                      n="214-a-0510"
                      unit="sentence"
                      ecep:lem="?"
                      ecep:pos="?"
                      ecep:reg="?"
                      ecep:spe="?">?</pc>
               </l>
               <l xml:id="o5157-l25750">
                  <w xml:id="o5157-475250"
                     n="214-a-0520"
                     ecep:lem="o"
                     ecep:pos="uh"
                     ecep:reg="OH"
                     ecep:spe="O"
                     ecep:syllab="1"
                     ecep:pron="əʊ">O</w>
                  <c> </c>
                  <w xml:id="o5157-475260"
                     n="214-a-0530"
                     ecep:lem="lay"
                     ecep:pos="vvb"
                     ecep:reg="lay"
                     ecep:spe="lay"
                     ecep:syllab="1"
                     ecep:pron="leɪ">lay</w>
                  <c> </c>
                  <w xml:id="o5157-475270"
                     n="214-a-0540"
                     ecep:lem="aside"
                     ecep:pos="av"
                     ecep:reg="aside"
                     ecep:spe="aside"
                     ecep:syllab="2"
                     ecep:pron="əˈsaɪd">aside</w>
                  <c> </c>
                  <w xml:id="o5157-475280"
                     n="214-a-0550"
                     ecep:lem="that"
                     ecep:pos="d"
                     ecep:reg="that"
                     ecep:spe="that"
                     ecep:syllab="1"
                     ecep:pron="ðæt">that</w>
                  <c> </c>
                  <w xml:id="o5157-475290"
                     n="214-a-0560"
                     ecep:lem="tender"
                     ecep:pos="j"
                     ecep:reg="tender"
                     ecep:spe="tender"
                     ecep:syllab="2"
                     ecep:pron="ˈtendə">tender</w>
                  <c> </c>
                  <w xml:id="o5157-475300"
                     n="214-a-0570"
                     ecep:lem="glance"
                     ecep:pos="n1"
                     ecep:reg="glance"
                     ecep:spe="glance"
                     ecep:syllab="1"
                     ecep:pron="glɑːns">glance</w>
                  <pc xml:id="o5157-475310"
                      n="214-a-0580"
                      ecep:lem=","
                      ecep:pos=","
                      ecep:reg=","
                      ecep:spe=",">,</pc>
               </l>
               <l xml:id="o5157-l25755">
                  <w xml:id="o5157-475320"
                     n="214-a-0590"
                     ecep:lem="that"
                     ecep:pos="cst"
                     ecep:reg="That"
                     ecep:spe="That"
                     ecep:syllab="1"
                     ecep:pron="ðæt">That</w>
                  <c> </c>
                  <w xml:id="o5157-475330"
                     n="214-a-0600"
                     ecep:lem="melt"
                     ecep:pos="vvz"
                     ecep:reg="melts"
                     ecep:spe="melts"
                     ecep:syllab="1"
                     ecep:pron="melts">melts</w>
                  <c> </c>
                  <w xml:id="o5157-475340"
                     n="214-a-0610"
                     ecep:lem="my"
                     ecep:pos="po11"
                     ecep:reg="my"
                     ecep:spe="my"
                     ecep:syllab="1"
                     ecep:pron="maɪ">my</w>
                  <c> </c>
                  <w xml:id="o5157-475350"
                     n="214-a-0620"
                     ecep:lem="frame"
                     ecep:pos="n1"
                     ecep:reg="frame"
                     ecep:spe="frame"
                     ecep:syllab="1"
                     ecep:pron="freɪm">frame</w>
                  <pc xml:id="o5157-475360"
                      n="214-a-0630"
                      ecep:lem=","
                      ecep:pos=","
                      ecep:reg=","
                      ecep:spe=",">,</pc>
                  <c> </c>
                  <w xml:id="o5157-475370"
                     n="214-a-0640"
                     ecep:lem="that"
                     ecep:pos="cst"
                     ecep:reg="that"
                     ecep:spe="that"
                     ecep:syllab="1"
                     ecep:pron="ðæt">that</w>
                  <c> </c>
                  <w xml:id="o5157-475380"
                     n="214-a-0650"
                     ecep:lem="kill"
                     ecep:pos="vvz"
                     ecep:reg="kills"
                     ecep:spe="kills"
                     ecep:syllab="1"
                     ecep:pron="kɪlz">kills</w>
                  <c> </c>
                  <w xml:id="o5157-475390"
                     n="214-a-0660"
                     ecep:lem="my"
                     ecep:pos="po11"
                     ecep:reg="my"
                     ecep:spe="my"
                     ecep:syllab="1"
                     ecep:pron="maɪ">my</w>
                  <c> </c>
                  <w xml:id="o5157-475400"
                     n="214-a-0670"
                     ecep:lem="soul"
                     ecep:pos="n1"
                     ecep:reg="soul"
                     ecep:spe="soul"
                     ecep:syllab="1"
                     ecep:pron="səʊl">soul</w>
                  <pc xml:id="o5157-475410"
                      n="214-a-0680"
                      unit="sentence"
                      ecep:lem="!"
                      ecep:pos="!"
                      ecep:reg="!"
                      ecep:spe="!">!</pc>
               </l>
            </lg>
            <lg xml:id="o5157-s02095">
               <l xml:id="o5157-l25760">
                  <w xml:id="o5157-475440"
                     n="214-a-0690"
                     ecep:lem="be"
                     ecep:pos="vbdr"
                     ecep:reg="Were"
                     ecep:spe="Were"
                     ecep:syllab="1"
                     ecep:pron="wɜː">Were</w>
                  <c> </c>
                  <w xml:id="o5157-475450"
                     n="214-a-0700"
                     ecep:lem="but"
                     ecep:pos="p-acp"
                     ecep:reg="but"
                     ecep:spe="but"
                     ecep:syllab="1"
                     ecep:pron="bʌt">but</w>
                  <c> </c>
                  <w xml:id="o5157-475460"
                     n="214-a-0710"
                     ecep:lem="thy"
                     ecep:pos="po21"
                     ecep:reg="thy"
                     ecep:spe="thy"
                     ecep:syllab="1"
                     ecep:pron="ðaɪ">thy</w>
                  <c> </c>
                  <w xml:id="o5157-475470"
                     n="214-a-0720"
                     ecep:lem="outward"
                     ecep:pos="j"
                     ecep:reg="outward"
                     ecep:spe="outward"
                     ecep:syllab="2"
                     ecep:pron="ˈaʊtwəd">outward</w>
                  <c> </c>
                  <w xml:id="o5157-475480"
                     n="214-a-0730"
                     ecep:lem="charm"
                     ecep:pos="n2"
                     ecep:reg="charms"
                     ecep:spe="charms"
                     ecep:syllab="1"
                     ecep:pron="tʃɑːmz">charms</w>
                  <c> </c>
                  <w xml:id="o5157-475490"
                     n="214-a-0740"
                     ecep:lem="admire"
                     ecep:pos="vvn"
                     ecep:reg="admired"
                     ecep:spe="admir'd"
                     ecep:syllab="2"
                     ecep:pron="ədˈmæəd">admir'd</w>
                  <pc xml:id="o5157-475500"
                      n="214-a-0750"
                      ecep:lem=","
                      ecep:pos=","
                      ecep:reg=","
                      ecep:spe=",">,</pc>
               </l>
               <l xml:id="o5157-l25765">
                  <w xml:id="o5157-475510"
                     n="214-a-0760"
                     ecep:lem="frail"
                     ecep:pos="j"
                     ecep:reg="Frail"
                     ecep:spe="Frail"
                     ecep:syllab="1"
                     ecep:pron="freɪl">Frail</w>
                  <c> </c>
                  <w xml:id="o5157-475520"
                     n="214-a-0770"
                     ecep:lem="origin"
                     ecep:pos="n1"
                     ecep:reg="origin"
                     ecep:spe="origin"
                     ecep:syllab="3"
                     ecep:pron="ˈɒrɪdʒɪn">origin</w>
                  <c> </c>
                  <w xml:id="o5157-475530"
                     n="214-a-0780"
                     ecep:lem="of"
                     ecep:pos="pp-f"
                     ecep:reg="of"
                     ecep:spe="of"
                     ecep:syllab="1"
                     ecep:pron="ɒv">of</w>
                  <c> </c>
                  <w xml:id="o5157-475540"
                     n="214-a-0790"
                     ecep:lem="female"
                     ecep:pos="j-jn"
                     ecep:reg="female"
                     ecep:spe="female"
                     ecep:syllab="2"
                     ecep:pron="ˈfiːmeɪl">female</w>
                  <c> </c>
                  <w xml:id="o5157-475550"
                     n="214-a-0800"
                     ecep:lem="sway"
                     ecep:pos="n1"
                     ecep:reg="sway"
                     ecep:spe="sway"
                     ecep:syllab="1"
                     ecep:pron="sweɪ">sway</w>
                  <pc xml:id="o5157-475560"
                      n="214-a-0810"
                      unit="sentence"
                      ecep:lem="!"
                      ecep:pos="!"
                      ecep:reg="!"
                      ecep:spe="!">!</pc>
               </l>
               <l xml:id="o5157-l25770">
                  <w xml:id="o5157-475570"
                     n="214-a-0820"
                     ecep:lem="my"
                     ecep:pos="po11"
                     ecep:reg="My"
                     ecep:spe="My"
                     ecep:syllab="1"
                     ecep:pron="maɪ">My</w>
                  <c> </c>
                  <w xml:id="o5157-475580"
                     n="214-a-0830"
                     ecep:lem="flame"
                     ecep:pos="n1"
                     ecep:reg="flame"
                     ecep:spe="flame"
                     ecep:syllab="1"
                     ecep:pron="fleɪm">flame</w>
                  <c> </c>
                  <w xml:id="o5157-475590"
                     n="214-a-0840"
                     ecep:lem="like"
                     ecep:pos="av-j"
                     ecep:reg="like"
                     ecep:spe="like"
                     ecep:syllab="1"
                     ecep:pron="laɪk">like</w>
                  <c> </c>
                  <w xml:id="o5157-475600"
                     n="214-a-0850"
                     ecep:lem="other"
                     ecep:pos="j-jn"
                     ecep:reg="other"
                     ecep:spe="other"
                     ecep:syllab="2"
                     ecep:pron="ˈʌðə">other</w>
                  <c> </c>
                  <w xml:id="o5157-475610"
                     n="214-a-0860"
                     ecep:lem="flame"
                     ecep:pos="n2"
                     ecep:reg="flames"
                     ecep:spe="flames"
                     ecep:syllab="1"
                     ecep:pron="fleɪmz">flames</w>
                  <c> </c>
                  <w xml:id="o5157-475620"
                     n="214-a-0870"
                     ecep:lem="inspire"
                     ecep:pos="vvn"
                     ecep:reg="inspired"
                     ecep:spe="inspir'd"
                     ecep:syllab="2"
                     ecep:pron="ɪnˈspæəd">inspir'd</w>
                  <pc xml:id="o5157-475630"
                      n="214-a-0880"
                      ecep:lem=","
                      ecep:pos=","
                      ecep:reg=","
                      ecep:spe=",">,</pc>
               </l>
               <l xml:id="o5157-l25775">
                  <w xml:id="o5157-475640"
                     n="214-a-0890"
                     ecep:lem="may"
                     ecep:pos="vmd"
                     ecep:reg="Might"
                     ecep:spe="Might"
                     ecep:syllab="1"
                     ecep:pron="maɪt">Might</w>
                  <c> </c>
                  <w xml:id="o5157-475650"
                     n="214-a-0900"
                     ecep:lem="then"
                     ecep:pos="av"
                     ecep:reg="then"
                     ecep:spe="then"
                     ecep:syllab="1"
                     ecep:pron="ðen">then</w>
                  <c> </c>
                  <w xml:id="o5157-475660"
                     n="214-a-0910"
                     ecep:lem="like"
                     ecep:pos="vvi"
                     ecep:reg="like"
                     ecep:spe="like"
                     ecep:syllab="1"
                     ecep:pron="laɪk">like</w>
                  <c> </c>
                  <w xml:id="o5157-475670"
                     n="214-a-0920"
                     ecep:lem="other"
                     ecep:pos="j-jn"
                     ecep:reg="other"
                     ecep:spe="other"
                     ecep:syllab="2"
                     ecep:pron="ˈʌðə">other</w>
                  <c> </c>
                  <w xml:id="o5157-475680"
                     n="214-a-0930"
                     ecep:lem="flame"
                     ecep:pos="n2"
                     ecep:reg="flames"
                     ecep:spe="flames"
                     ecep:syllab="1"
                     ecep:pron="fleɪmz">flames</w>
                  <c> </c>
                  <w xml:id="o5157-475690"
                     n="214-a-0940"
                     ecep:lem="decay"
                     ecep:pos="vvi"
                     ecep:reg="decay"
                     ecep:spe="decay"
                     ecep:syllab="2"
                     ecep:pron="dɪˈkeɪ">decay</w>
                  <pc xml:id="o5157-475700"
                      n="214-a-0950"
                      ecep:lem=":"
                      ecep:pos=":"
                      ecep:reg=":"
                      ecep:spe=":">:</pc>
               </l>
            </lg>
            <lg xml:id="o5157-s02100">
               <l xml:id="o5157-l25780">
                  <w xml:id="o5157-475730"
                     n="214-a-0960"
                     ecep:lem="but"
                     ecep:pos="cc-acp"
                     ecep:reg="But"
                     ecep:spe="But"
                     ecep:syllab="1"
                     ecep:pron="bʌt">But</w>
                  <c> </c>
                  <w xml:id="o5157-475740"
                     n="214-a-0970"
                     ecep:lem="while"
                     ecep:pos="cs"
                     ecep:reg="while"
                     ecep:spe="whilst"
                     ecep:syllab="1"
                     ecep:pron="waɪlst">whilst</w>
                  <c> </c>
                  <w xml:id="o5157-475750"
                     n="214-a-0980"
                     ecep:lem="thy"
                     ecep:pos="po21"
                     ecep:reg="thy"
                     ecep:spe="thy"
                     ecep:syllab="1"
                     ecep:pron="ðaɪ">thy</w>
                  <c> </c>
                  <w xml:id="o5157-475760"
                     n="214-a-0990"
                     ecep:lem="mind"
                     ecep:pos="n1"
                     ecep:reg="mind"
                     ecep:spe="mind"
                     ecep:syllab="1"
                     ecep:pron="maɪnd">mind</w>
                  <c> </c>
                  <w xml:id="o5157-475770"
                     n="214-a-1000"
                     ecep:lem="shall"
                     ecep:pos="vmb"
                     ecep:reg="shall"
                     ecep:spe="shall"
                     ecep:syllab="1"
                     ecep:pron="ʃæl">shall</w>
                  <c> </c>
                  <w xml:id="o5157-475780"
                     n="214-a-1010"
                     ecep:lem="seem"
                     ecep:pos="vvi"
                     ecep:reg="seem"
                     ecep:spe="seem"
                     ecep:syllab="1"
                     ecep:pron="siːm">seem</w>
                  <c> </c>
                  <w xml:id="o5157-475790"
                     n="214-a-1020"
                     ecep:lem="thus"
                     ecep:pos="av"
                     ecep:reg="thus"
                     ecep:spe="thus"
                     ecep:syllab="1"
                     ecep:pron="ðʌs">thus</w>
                  <c> </c>
                  <w xml:id="o5157-475800"
                     n="214-a-1030"
                     ecep:lem="fair"
                     ecep:pos="j"
                     ecep:reg="fair"
                     ecep:spe="fair"
                     ecep:syllab="1"
                     ecep:pron="feə">fair</w>
                  <pc xml:id="o5157-475810"
                      n="214-a-1040"
                      ecep:lem=","
                      ecep:pos=","
                      ecep:reg=","
                      ecep:spe=",">,</pc>
               </l>
               <l xml:id="o5157-l25785">
                  <w xml:id="o5157-475820"
                     n="214-a-1050"
                     ecep:lem="thy"
                     ecep:pos="po21"
                     ecep:reg="Thy"
                     ecep:spe="Thy"
                     ecep:syllab="1"
                     ecep:pron="ðaɪ">Thy</w>
                  <c> </c>
                  <w xml:id="o5157-475830"
                     n="214-a-1060"
                     ecep:lem="soul"
                     ecep:pos="ng1"
                     ecep:reg="soul's"
                     ecep:spe="soul's"
                     ecep:syllab="1"
                     ecep:pron="səʊlz">soul's</w>
                  <c> </c>
                  <w xml:id="o5157-475840"
                     n="214-a-1070"
                     ecep:lem="unfading"
                     ecep:pos="j"
                     ecep:reg="unfading"
                     ecep:spe="unfading"
                     ecep:syllab="3"
                     ecep:pron="ʌnˈfeɪdɪŋ">unfading</w>
                  <c> </c>
                  <w xml:id="o5157-475850"
                     n="214-a-1080"
                     ecep:lem="charm"
                     ecep:pos="n2"
                     ecep:reg="charms"
                     ecep:spe="charms"
                     ecep:syllab="1"
                     ecep:pron="tʃɑːmz">charms</w>
                  <c> </c>
                  <w xml:id="o5157-475860"
                     n="214-a-1090"
                     ecep:lem="be"
                     ecep:pos="vbb"
                     ecep:reg="be"
                     ecep:spe="be"
                     ecep:syllab="1"
                     ecep:pron="biː">be</w>
                  <c> </c>
                  <w xml:id="o5157-475870"
                     n="214-a-1100"
                     ecep:lem="see"
                     ecep:pos="vvn"
                     ecep:reg="seen"
                     ecep:spe="seen"
                     ecep:syllab="1"
                     ecep:pron="siːn">seen</w>
                  <pc xml:id="o5157-475880"
                      n="214-a-1110"
                      ecep:lem=";"
                      ecep:pos=";"
                      ecep:reg=";"
                      ecep:spe=";">;</pc>
               </l>
               <l xml:id="o5157-l25790">
                  <w xml:id="o5157-475890"
                     n="214-a-1120"
                     ecep:lem="thou"
                     ecep:pos="pns21"
                     ecep:reg="Thou"
                     ecep:spe="Thou"
                     ecep:syllab="1"
                     ecep:pron="θaʊ">Thou</w>
                  <c> </c>
                  <w xml:id="o5157-475900"
                     n="214-a-1130"
                     ecep:lem="may"
                     ecep:pos="vm2"
                     ecep:reg="mayest"
                     ecep:spe="may'st"
                     ecep:syllab="1"
                     ecep:pron="meɪst">may'st</w>
                  <c> </c>
                  <w xml:id="o5157-475910"
                     n="214-a-1140"
                     ecep:lem="resign"
                     ecep:pos="vvi"
                     ecep:reg="resign"
                     ecep:spe="resign"
                     ecep:syllab="2"
                     ecep:pron="rɪˈzaɪn">resign</w>
                  <c> </c>
                  <w xml:id="o5157-475920"
                     n="214-a-1150"
                     ecep:lem="that"
                     ecep:pos="d"
                     ecep:reg="that"
                     ecep:spe="that"
                     ecep:syllab="1"
                     ecep:pron="ðæt">that</w>
                  <c> </c>
                  <w xml:id="o5157-475930"
                     n="214-a-1160"
                     ecep:lem="shape"
                     ecep:pos="n1"
                     ecep:reg="shape"
                     ecep:spe="shape"
                     ecep:syllab="1"
                     ecep:pron="ʃeɪp">shape</w>
                  <c> </c>
                  <w xml:id="o5157-475940"
                     n="214-a-1170"
                     ecep:lem="and"
                     ecep:pos="cc"
                     ecep:reg="and"
                     ecep:spe="and"
                     ecep:syllab="1"
                     ecep:pron="ænd">and</w>
                  <c> </c>
                  <w xml:id="o5157-475950"
                     n="214-a-1180"
                     ecep:lem="air"
                     ecep:pos="n1"
                     ecep:reg="air"
                     ecep:spe="air"
                     ecep:syllab="1"
                     ecep:pron="eə">air</w>
                  <pc xml:id="o5157-475960"
                      n="214-a-1190"
                      ecep:lem=","
                      ecep:pos=","
                      ecep:reg=","
                      ecep:spe=",">,</pc>
               </l>
               <l xml:id="o5157-l25795">
                  <w xml:id="o5157-475970"
                     n="214-a-1200"
                     ecep:lem="yet"
                     ecep:pos="av"
                     ecep:reg="Yet"
                     ecep:spe="Yet"
                     ecep:syllab="1"
                     ecep:pron="jet">Yet</w>
                  <c> </c>
                  <w xml:id="o5157-475980"
                     n="214-a-1210"
                     ecep:lem="find"
                     ecep:pos="vvb"
                     ecep:reg="find"
                     ecep:spe="find"
                     ecep:syllab="1"
                     ecep:pron="faɪnd">find</w>
                  <c> </c>
                  <w xml:id="o5157-475990"
                     n="214-a-1220"
                     ecep:lem="thy"
                     ecep:pos="po21"
                     ecep:reg="thy"
                     ecep:spe="thy"
                     ecep:syllab="1"
                     ecep:pron="ðaɪ">thy</w>
                  <c> </c>
                  <w xml:id="o5157-476000"
                     n="214-a-1230"
                     ecep:lem="swain"
                     ecep:pos="n1"
                     ecep:reg="swain"
                     ecep:spe="swain"
                     ecep:syllab="1"
                     ecep:pron="sweɪn">swain</w>
                  <c> </c>
                  <pc xml:id="o5157-476010"
                      n="214-a-1240"
                      ecep:lem="—"
                      ecep:pos="—"
                      ecep:reg="—"
                      ecep:spe="—">—</pc>
                  <c> </c>
                  <w xml:id="o5157-476020"
                     n="214-a-1250"
                     ecep:lem="a"
                     ecep:pos="dt"
                     ecep:reg="an"
                     ecep:spe="an"
                     ecep:syllab="1"
                     ecep:pron="æn">an</w>
                  <c> </c>
                  <w xml:id="o5157-476030"
                     n="214-a-1260"
                     ecep:lem="evergreen"
                     ecep:pos="j"
                     ecep:reg="evergreen"
                     ecep:spe="ever-green"
                     ecep:syllab="3"
                     ecep:pron="ˈevəˌgriːn">ever-green</w>
                  <pc xml:id="o5157-476040"
                      n="214-a-1270"
                      unit="sentence"
                      ecep:lem="."
                      ecep:pos="."
                      ecep:reg="."
                      ecep:spe=".">.</pc>
               </l>
            </lg>
         </div>
      </body>
   </text>
</TEI>
