<?xml version="1.0" encoding="utf-8"?>
<!DOCTYPE div
  SYSTEM "about:legacy-compat">
<div xmlns:tei="http://www.tei-c.org/ns/1.0"
     xmlns="http://www.tei-c.org/ns/1.0"
     xmlns:ecep="http://www.eighteenthcenturypoetry.org/ns"
     ana="#iamb #tetrameter #trimeter #quatrain #ballad #chevy-chase #cross #song"
     corresp="#txt_ElliJo1698_w0002"
     ecep:syllab="8.6.8.6"
     met="-+|-+|-+|-+/         -+|-+|-+/         -+|-+|-+|-+/         -+|-+|-+/"
     rendition="#lgvspace"
     rhyme="abab"
     subtype="eceptext"
     type="song"
     xml:id="o5157-w0620"
     decls="#semi-normalized">
   <link target="authors.xml#aut_ElliJo1698" type="author"/>
   <link target="27897" type="DMI"/>
   <head type="main">
      <w xml:id="o5157-598510"
         n="272-a-1140"
         ecep:lem="song"
         ecep:pos="n1"
         ecep:reg="SONG"
         ecep:spe="SONG"
         ecep:syllab="1"
         ecep:pron="sɒŋ">SONG</w>
      <pc xml:id="o5157-598520"
          n="272-a-1150"
          unit="sentence"
          ecep:lem="."
          ecep:pos="."
          ecep:reg="."
          ecep:spe=".">.</pc>
   </head>
   <byline>
      <w xml:id="o5157-598550"
         n="272-a-1160"
         ecep:lem="by"
         ecep:pos="p-acp"
         ecep:reg="By"
         ecep:spe="By"
         ecep:syllab="1"
         ecep:pron="baɪ">By</w>
      <c> </c>
      <w xml:id="o5157-598560"
         n="272-a-1170"
         ecep:lem="the"
         ecep:pos="dt"
         ecep:reg="the"
         ecep:spe="the"
         ecep:syllab="1"
         ecep:pron="ðə">the</w>
      <c> </c>
      <w xml:id="o5157-598570"
         n="272-a-1180"
         ecep:lem="same"
         ecep:pos="d"
         ecep:reg="Same"
         ecep:spe="Same"
         ecep:syllab="1"
         ecep:pron="seɪm">Same</w>
      <pc xml:id="o5157-598580"
          n="272-a-1190"
          unit="sentence"
          ecep:lem="."
          ecep:pos="."
          ecep:reg="."
          ecep:spe=".">.</pc>
   </byline>
   <lg xml:id="o5157-s03120">
      <l xml:id="o5157-l32650">
         <w xml:id="o5157-598610"
            n="272-a-1200"
            ecep:lem="as"
            ecep:pos="c-acp"
            ecep:reg="AS"
            ecep:spe="AS"
            ecep:syllab="1"
            ecep:pron="æz">AS</w>
         <c> </c>
         <w xml:id="o5157-598620"
            n="272-a-1210"
            ecep:lem="Chloe"
            ecep:pos="np1"
            ecep:reg="Chloe"
            ecep:spe="Chloe"
            ecep:syllab="2"
            ecep:pron="ˈkləʊi">Chloe</w>
         <c> </c>
         <w xml:id="o5157-598630"
            n="272-a-1220"
            ecep:lem="ply"
            ecep:pos="vvd"
            ecep:reg="plied"
            ecep:spe="ply'd"
            ecep:syllab="1"
            ecep:pron="plaɪd">ply'd</w>
         <c> </c>
         <w xml:id="o5157-598640"
            n="272-a-1230"
            ecep:lem="her"
            ecep:pos="po31"
            ecep:reg="her"
            ecep:spe="her"
            ecep:syllab="1"
            ecep:pron="hɜː">her</w>
         <c> </c>
         <w xml:id="o5157-598650"
            n="272-a-1240"
            ecep:lem="needle"
            ecep:pos="ng1"
            ecep:reg="needle's"
            ecep:spe="needle's"
            ecep:syllab="2"
            ecep:pron="ˈniːdlz">needle's</w>
         <c> </c>
         <w xml:id="o5157-598660"
            n="272-a-1250"
            ecep:lem="art"
            ecep:pos="n1"
            ecep:reg="art"
            ecep:spe="art"
            ecep:syllab="1"
            ecep:pron="ɑːt">art</w>
         <pc xml:id="o5157-598670"
             n="272-a-1260"
             ecep:lem=","
             ecep:pos=","
             ecep:reg=","
             ecep:spe=",">,</pc>
      </l>
      <l xml:id="o5157-l32655">
         <w xml:id="o5157-598680"
            n="272-a-1270"
            ecep:lem="a"
            ecep:pos="dt"
            ecep:reg="A"
            ecep:spe="A"
            ecep:syllab="1"
            ecep:pron="ə">A</w>
         <c> </c>
         <w xml:id="o5157-598690"
            n="272-a-1280"
            ecep:lem="purple"
            ecep:pos="j-jn"
            ecep:reg="purple"
            ecep:spe="purple"
            ecep:syllab="2"
            ecep:pron="ˈpɜːpl">purple</w>
         <c> </c>
         <w xml:id="o5157-598700"
            n="272-a-1290"
            ecep:lem="drop"
            ecep:pos="n1"
            ecep:reg="drop"
            ecep:spe="drop"
            ecep:syllab="1"
            ecep:pron="drɒp">drop</w>
         <c> </c>
         <w xml:id="o5157-598710"
            n="272-a-1300"
            ecep:lem="the"
            ecep:pos="dt"
            ecep:reg="the"
            ecep:spe="the"
            ecep:syllab="1"
            ecep:pron="ðə">the</w>
         <c> </c>
         <w xml:id="o5157-598720"
            n="272-a-1310"
            ecep:lem="spear"
            ecep:pos="n1"
            ecep:reg="spear"
            ecep:spe="spear"
            ecep:syllab="1"
            ecep:pron="spɪə">spear</w>
      </l>
      <l xml:id="o5157-l32660">
         <w xml:id="o5157-598730"
            n="272-a-1320"
            ecep:lem="make"
            ecep:pos="vvn"
            ecep:reg="Made"
            ecep:spe="Made"
            ecep:syllab="1"
            ecep:pron="meɪd">Made</w>
         <c> </c>
         <w xml:id="o5157-598740"
            n="272-a-1330"
            ecep:lem="from"
            ecep:pos="p-acp"
            ecep:reg="from"
            ecep:spe="from"
            ecep:syllab="1"
            ecep:pron="frɒm">from</w>
         <c> </c>
         <w xml:id="o5157-598750"
            n="272-a-1340"
            ecep:lem="her"
            ecep:pos="po31"
            ecep:reg="her"
            ecep:spe="her"
            ecep:syllab="1"
            ecep:pron="hɜː">her</w>
         <c> </c>
         <w xml:id="o5157-598760"
            n="272-a-1350"
            ecep:lem="heedless"
            ecep:pos="j"
            ecep:reg="heedless"
            ecep:spe="heedless"
            ecep:syllab="2"
            ecep:pron="ˈhiːdlɪs">heedless</w>
         <c> </c>
         <w xml:id="o5157-598770"
            n="272-a-1360"
            ecep:lem="finger"
            ecep:pos="n1"
            ecep:reg="finger"
            ecep:spe="finger"
            ecep:syllab="2"
            ecep:pron="ˈfɪŋgə">finger</w>
         <c> </c>
         <w xml:id="o5157-598780"
            n="272-a-1370"
            ecep:lem="start"
            ecep:pos="vvi"
            ecep:reg="start"
            ecep:spe="start"
            ecep:syllab="1"
            ecep:pron="stɑːt">start</w>
         <pc xml:id="o5157-598790"
             n="272-a-1380"
             ecep:lem=","
             ecep:pos=","
             ecep:reg=","
             ecep:spe=",">,</pc>
      </l>
      <l xml:id="o5157-l32665">
         <w xml:id="o5157-598800"
            n="272-a-1390"
            ecep:lem="and"
            ecep:pos="cc"
            ecep:reg="And"
            ecep:spe="And"
            ecep:syllab="1"
            ecep:pron="ænd">And</w>
         <c> </c>
         <w xml:id="o5157-598810"
            n="272-a-1400"
            ecep:lem="from"
            ecep:pos="p-acp"
            ecep:reg="from"
            ecep:spe="from"
            ecep:syllab="1"
            ecep:pron="frɒm">from</w>
         <c> </c>
         <w xml:id="o5157-598820"
            n="272-a-1410"
            ecep:lem="her"
            ecep:pos="po31"
            ecep:reg="her"
            ecep:spe="her"
            ecep:syllab="1"
            ecep:pron="hɜː">her</w>
         <c> </c>
         <w xml:id="o5157-598830"
            n="272-a-1420"
            ecep:lem="eye"
            ecep:pos="n2"
            ecep:reg="eyes"
            ecep:spe="eyes"
            ecep:syllab="1"
            ecep:pron="aɪz">eyes</w>
         <c> </c>
         <w xml:id="o5157-598840"
            n="272-a-1430"
            ecep:lem="a"
            ecep:pos="dt"
            ecep:reg="a"
            ecep:spe="a"
            ecep:syllab="1"
            ecep:pron="ə">a</w>
         <c> </c>
         <w xml:id="o5157-598850"
            n="272-a-1440"
            ecep:lem="tear"
            ecep:pos="n1"
            ecep:reg="tear"
            ecep:spe="tear"
            ecep:syllab="1"
            ecep:pron="tɪə">tear</w>
         <pc xml:id="o5157-598860"
             n="272-a-1450"
             unit="sentence"
             ecep:lem="."
             ecep:pos="."
             ecep:reg="."
             ecep:spe=".">.</pc>
      </l>
   </lg>
   <lg xml:id="o5157-s03125">
      <l xml:id="o5157-l32670">
         <w xml:id="o5157-598890"
            n="272-a-1460"
            ecep:lem="ah"
            ecep:pos="uh"
            ecep:reg="Ah"
            ecep:spe="Ah"
            ecep:syllab="1"
            ecep:pron="ɑː">Ah</w>
         <pc xml:id="o5157-598891"
             n="272-a-1461"
             ecep:lem="!"
             ecep:pos="!"
             ecep:reg="!"
             ecep:spe="!">!</pc>
         <c> </c>
         <w xml:id="o5157-598900"
            n="272-a-1470"
            ecep:lem="may"
            ecep:pos="vmd"
            ecep:reg="might"
            ecep:spe="might"
            ecep:syllab="1"
            ecep:pron="maɪt">might</w>
         <c> </c>
         <w xml:id="o5157-598910"
            n="272-a-1480"
            ecep:lem="but"
            ecep:pos="p-acp"
            ecep:reg="but"
            ecep:spe="but"
            ecep:syllab="1"
            ecep:pron="bʌt">but</w>
         <c> </c>
         <w xml:id="o5157-598920"
            n="272-a-1490"
            ecep:lem="Chloe"
            ecep:pos="np1"
            ecep:reg="Chloe"
            ecep:spe="Chloe"
            ecep:syllab="2"
            ecep:pron="ˈkləʊi">Chloe</w>
         <c> </c>
         <w xml:id="o5157-598930"
            n="272-a-1500"
            ecep:lem="by"
            ecep:pos="p-acp"
            ecep:reg="by"
            ecep:spe="by"
            ecep:syllab="1"
            ecep:pron="baɪ">by</w>
         <c> </c>
         <w xml:id="o5157-598940"
            n="272-a-1510"
            ecep:lem="her"
            ecep:pos="po31"
            ecep:reg="her"
            ecep:spe="her"
            ecep:syllab="1"
            ecep:pron="hɜː">her</w>
         <c> </c>
         <w xml:id="o5157-598950"
            n="272-a-1520"
            ecep:lem="smart"
            ecep:pos="j"
            ecep:reg="smart"
            ecep:spe="smart"
            ecep:syllab="1"
            ecep:pron="smɑːt">smart</w>
      </l>
      <l xml:id="o5157-l32675">
         <w xml:id="o5157-598960"
            n="272-a-1530"
            ecep:lem="be"
            ecep:pos="vbb"
            ecep:reg="Be"
            ecep:spe="Be"
            ecep:syllab="1"
            ecep:pron="biː">Be</w>
         <c> </c>
         <w xml:id="o5157-598970"
            n="272-a-1540"
            ecep:lem="teach"
            ecep:pos="vvn"
            ecep:reg="taught"
            ecep:spe="taught"
            ecep:syllab="1"
            ecep:pron="tɔːt">taught</w>
         <c> </c>
         <w xml:id="o5157-598980"
            n="272-a-1550"
            ecep:lem="for"
            ecep:pos="p-acp"
            ecep:reg="for"
            ecep:spe="for"
            ecep:syllab="1"
            ecep:pron="fɔː">for</w>
         <c> </c>
         <w xml:id="o5157-598990"
            n="272-a-1560"
            ecep:lem="i"
            ecep:pos="png11"
            ecep:reg="mine"
            ecep:spe="mine"
            ecep:syllab="1"
            ecep:pron="maɪn">mine</w>
         <c> </c>
         <w xml:id="o5157-599000"
            n="272-a-1570"
            ecep:lem="to"
            ecep:pos="pc-acp"
            ecep:reg="to"
            ecep:spe="to"
            ecep:syllab="1"
            ecep:pron="tuː">to</w>
         <c> </c>
         <w xml:id="o5157-599010"
            n="272-a-1580"
            ecep:lem="feel"
            ecep:pos="vvi"
            ecep:reg="feel"
            ecep:spe="feel"
            ecep:syllab="1"
            ecep:pron="fiːl">feel</w>
         <pc xml:id="o5157-599020"
             n="272-a-1590"
             ecep:lem=";"
             ecep:pos=";"
             ecep:reg=";"
             ecep:spe=";">;</pc>
      </l>
      <l xml:id="o5157-l32680">
         <w xml:id="o5157-599030"
            n="272-a-1600"
            ecep:lem="my"
            ecep:pos="po11"
            ecep:reg="Mine"
            ecep:spe="Mine"
            ecep:syllab="1"
            ecep:pron="maɪn">Mine</w>
         <c> </c>
         <w xml:id="o5157-599040"
            n="272-a-1610"
            ecep:lem="cause"
            ecep:pos="j-vvn"
            ecep:reg="caused"
            ecep:spe="caus'd"
            ecep:syllab="1"
            ecep:pron="kɔːzd">caus'd</w>
         <c> </c>
         <w xml:id="o5157-599050"
            n="272-a-1620"
            ecep:lem="by"
            ecep:pos="p-acp"
            ecep:reg="by"
            ecep:spe="by"
            ecep:syllab="1"
            ecep:pron="baɪ">by</w>
         <c> </c>
         <w xml:id="o5157-599060"
            n="272-a-1630"
            ecep:lem="Cupid"
            ecep:pos="npg1"
            ecep:reg="Cupid's"
            ecep:spe="Cupid's"
            ecep:syllab="2"
            ecep:pron="ˈkjuːpɪdz">Cupid's</w>
         <c> </c>
         <w xml:id="o5157-599070"
            n="272-a-1640"
            ecep:lem="pierce"
            ecep:pos="j-vvg"
            ecep:reg="piercing"
            ecep:spe="piercing"
            ecep:syllab="2"
            ecep:pron="ˈpɪəsɪŋ">piercing</w>
         <c> </c>
         <w xml:id="o5157-599080"
            n="272-a-1650"
            ecep:lem="dart"
            ecep:pos="n1"
            ecep:reg="dart"
            ecep:spe="dart"
            ecep:syllab="1"
            ecep:pron="dɑːt">dart</w>
         <pc xml:id="o5157-599090"
             n="272-a-1660"
             ecep:lem=","
             ecep:pos=","
             ecep:reg=","
             ecep:spe=",">,</pc>
      </l>
      <l xml:id="o5157-l32685">
         <w xml:id="o5157-599100"
            n="272-a-1670"
            ecep:lem="more"
            ecep:pos="av-dc"
            ecep:reg="More"
            ecep:spe="More"
            ecep:syllab="1"
            ecep:pron="mɔː">More</w>
         <c> </c>
         <w xml:id="o5157-599110"
            n="272-a-1680"
            ecep:lem="sharp"
            ecep:pos="j"
            ecep:reg="sharp"
            ecep:spe="sharp"
            ecep:syllab="1"
            ecep:pron="ʃɑːp">sharp</w>
         <c> </c>
         <w xml:id="o5157-599120"
            n="272-a-1690"
            ecep:lem="than"
            ecep:pos="cs"
            ecep:reg="than"
            ecep:spe="than"
            ecep:syllab="1"
            ecep:pron="ðæn">than</w>
         <c> </c>
         <w xml:id="o5157-599130"
            n="272-a-1700"
            ecep:lem="point"
            ecep:pos="j-vvn"
            ecep:reg="pointed"
            ecep:spe="pointed"
            ecep:syllab="2"
            ecep:pron="ˈpɔɪntɪd">pointed</w>
         <c> </c>
         <w xml:id="o5157-599140"
            n="272-a-1710"
            ecep:lem="steel"
            ecep:pos="n1"
            ecep:reg="steel"
            ecep:spe="steel"
            ecep:syllab="1"
            ecep:pron="stiːl">steel</w>
         <pc xml:id="o5157-599150"
             n="272-a-1720"
             unit="sentence"
             ecep:lem="!"
             ecep:pos="!"
             ecep:reg="!"
             ecep:spe="!">!</pc>
      </l>
   </lg>
   <pb facs="o5157/0276_R" n="271" rend="none"/>
   <lg xml:id="o5157-s03130">
      <l xml:id="o5157-l32690">
         <w xml:id="o5157-599180"
            n="273-a-0010"
            ecep:lem="then"
            ecep:pos="av"
            ecep:reg="Then"
            ecep:spe="Then"
            ecep:syllab="1"
            ecep:pron="ðen">Then</w>
         <c> </c>
         <w xml:id="o5157-599190"
            n="273-a-0020"
            ecep:lem="i"
            ecep:pos="pns11"
            ecep:reg="I"
            ecep:spe="I"
            ecep:syllab="1"
            ecep:pron="aɪ">I</w>
         <c> </c>
         <w xml:id="o5157-599200"
            n="273-a-0030"
            ecep:lem="her"
            ecep:pos="po31"
            ecep:reg="her"
            ecep:spe="her"
            ecep:syllab="1"
            ecep:pron="hɜː">her</w>
         <c> </c>
         <w xml:id="o5157-599210"
            n="273-a-0040"
            ecep:lem="needle"
            ecep:pos="n1"
            ecep:reg="needle"
            ecep:spe="needle"
            ecep:syllab="2"
            ecep:pron="ˈniːdl">needle</w>
         <c> </c>
         <w xml:id="o5157-599220"
            n="273-a-0050"
            ecep:lem="will"
            ecep:pos="vmd"
            ecep:reg="would"
            ecep:spe="would"
            ecep:syllab="1"
            ecep:pron="wʊd">would</w>
         <c> </c>
         <w xml:id="o5157-599230"
            n="273-a-0060"
            ecep:lem="adore"
            ecep:pos="vvi"
            ecep:reg="adore"
            ecep:spe="adore"
            ecep:syllab="2"
            ecep:pron="əˈdɔː">adore</w>
         <pc xml:id="o5157-599240"
             n="273-a-0070"
             ecep:lem=","
             ecep:pos=","
             ecep:reg=","
             ecep:spe=",">,</pc>
      </l>
      <l xml:id="o5157-l32695">
         <w xml:id="o5157-599250"
            n="273-a-0080"
            ecep:lem="love"
            ecep:pos="ng1"
            ecep:reg="Love's"
            ecep:spe="Love's"
            ecep:syllab="1"
            ecep:pron="ˈlʌvz">Love's</w>
         <c> </c>
         <w xml:id="o5157-599260"
            n="273-a-0090"
            ecep:lem="arrow"
            ecep:pos="n1"
            ecep:reg="arrow"
            ecep:spe="arrow"
            ecep:syllab="2"
            ecep:pron="ˈærəʊ">arrow</w>
         <c> </c>
         <w xml:id="o5157-599270"
            n="273-a-0100"
            ecep:lem="it"
            ecep:pos="pn31"
            ecep:reg="it"
            ecep:spe="it"
            ecep:syllab="1"
            ecep:pron="ɪt">it</w>
         <c> </c>
         <w xml:id="o5157-599280"
            n="273-a-0110"
            ecep:lem="shall"
            ecep:pos="vmd"
            ecep:reg="should"
            ecep:spe="should"
            ecep:syllab="1"
            ecep:pron="ʃʊd">should</w>
         <c> </c>
         <w xml:id="o5157-599290"
            n="273-a-0120"
            ecep:lem="be"
            ecep:pos="vbi"
            ecep:reg="be"
            ecep:spe="be"
            ecep:syllab="1"
            ecep:pron="biː">be</w>
         <pc xml:id="o5157-599300"
             n="273-a-0130"
             ecep:lem=","
             ecep:pos=","
             ecep:reg=","
             ecep:spe=",">,</pc>
      </l>
      <l xml:id="o5157-l32700">
         <w xml:id="o5157-599310"
            n="273-a-0140"
            ecep:lem="endue"
            ecep:pos="vvn"
            ecep:reg="Endued"
            ecep:spe="Indu'd"
            ecep:syllab="2"
            ecep:pron="ɪnˈdjuːd">Indu'd</w>
         <c> </c>
         <w xml:id="o5157-599320"
            n="273-a-0150"
            ecep:lem="with"
            ecep:pos="p-acp"
            ecep:reg="with"
            ecep:spe="with"
            ecep:syllab="1"
            ecep:pron="wɪð">with</w>
         <c> </c>
         <w xml:id="o5157-599330"
            n="273-a-0160"
            ecep:lem="such"
            ecep:pos="d"
            ecep:reg="such"
            ecep:spe="such"
            ecep:syllab="1"
            ecep:pron="sʌtʃ">such</w>
         <c> </c>
         <w xml:id="o5157-599340"
            n="273-a-0170"
            ecep:lem="a"
            ecep:pos="dt"
            ecep:reg="a"
            ecep:spe="a"
            ecep:syllab="1"
            ecep:pron="ə">a</w>
         <c> </c>
         <w xml:id="o5157-599350"
            n="273-a-0180"
            ecep:lem="subtle"
            ecep:pos="j"
            ecep:reg="subtle"
            ecep:spe="subtle"
            ecep:syllab="2"
            ecep:pron="ˈsʌtl">subtle</w>
         <c> </c>
         <w xml:id="o5157-599360"
            n="273-a-0190"
            ecep:lem="power"
            ecep:pos="n1"
            ecep:reg="power"
            ecep:spe="pow'r"
            ecep:syllab="1"
            ecep:pron="ˈpaʊə">pow'r</w>
      </l>
      <l xml:id="o5157-l32705">
         <w xml:id="o5157-599370"
            n="273-a-0200"
            ecep:lem="to"
            ecep:pos="pc-acp"
            ecep:reg="To"
            ecep:spe="To"
            ecep:syllab="1"
            ecep:pron="tuː">To</w>
         <c> </c>
         <w xml:id="o5157-599380"
            n="273-a-0210"
            ecep:lem="reach"
            ecep:pos="vvi"
            ecep:reg="reach"
            ecep:spe="reach"
            ecep:syllab="1"
            ecep:pron="riːtʃ">reach</w>
         <c> </c>
         <w xml:id="o5157-599390"
            n="273-a-0220"
            ecep:lem="her"
            ecep:pos="po31"
            ecep:reg="her"
            ecep:spe="her"
            ecep:syllab="1"
            ecep:pron="hɜː">her</w>
         <c> </c>
         <w xml:id="o5157-599400"
            n="273-a-0230"
            ecep:lem="heart"
            ecep:pos="n1"
            ecep:reg="heart"
            ecep:spe="heart"
            ecep:syllab="1"
            ecep:pron="hɑːt">heart</w>
         <c> </c>
         <w xml:id="o5157-599410"
            n="273-a-0240"
            ecep:lem="for"
            ecep:pos="p-acp"
            ecep:reg="for"
            ecep:spe="for"
            ecep:syllab="1"
            ecep:pron="fɔː">for</w>
         <c> </c>
         <w xml:id="o5157-599420"
            n="273-a-0250"
            ecep:lem="i"
            ecep:pos="pno11"
            ecep:reg="me"
            ecep:spe="me"
            ecep:syllab="1"
            ecep:pron="miː">me</w>
         <pc xml:id="o5157-599430"
             n="273-a-0260"
             unit="sentence"
             ecep:lem="."
             ecep:pos="."
             ecep:reg="."
             ecep:spe=".">.</pc>
      </l>
   </lg>
</div>
