<?xml version="1.0" encoding="UTF-8"?>
<?xml-model href="../tei_all.rnc" type="application/relax-ng-compact-syntax"?>
<TEI xmlns="http://www.tei-c.org/ns/1.0">
   <teiHeader>
      <fileDesc>
         <titleStmt>
            <title corresp="#txt_PrioMa1664_w0087">PHYLLIS's AGE.</title>
            <author corresp="authors.xml#aut_PrioMa1664">Matthew Prior</author>
            <respStmt>
               <name xml:id="AH">Alexander Huber</name>
               <resp>Editor</resp>
            </respStmt>
            <funder>
               <name type="institution" xml:id="BOD">Bodleian Libraries, University of Oxford</name>
               <address>
                  <addrLine>Broad Street</addrLine>
                  <addrLine>Oxford OX1 3BG</addrLine>
                  <addrLine>UK</addrLine>
               </address>
            </funder>
         </titleStmt>
         <publicationStmt>
            <publisher xml:id="ECPA">Eighteenth-Century Poetry Archive</publisher>
            <address>
               <addrLine>Taylor Institution Library</addrLine>
               <addrLine>St Giles'</addrLine>
               <addrLine>Oxford OX1 3NA</addrLine>
               <addrLine>UK</addrLine>
               <addrLine>
                  <email>info@eighteenthcenturypoetry.org</email>
               </addrLine>
               <addrLine>
                  <ref target="https://www.eighteenthcenturypoetry.org/">https://www.eighteenthcenturypoetry.org/</ref>
               </addrLine>
            </address>
            <pubPlace>Oxford</pubPlace>
            <availability status="restricted">
               <licence target="http://creativecommons.org/licenses/by-sa/3.0/">This work is licensed under a Creative Commons Attribution-ShareAlike 3.0 Unported License.</licence>
            </availability>
            <idno type="ESTC">T075639</idno>
         </publicationStmt>
         <sourceDesc>
            <bibl>
               <author>Prior, Matthew, 1664-1721.</author>
               <title>Poems on Several Occasions [English poems only].</title>
               <pubPlace>London</pubPlace>
               <publisher>Printed for JACOB TONSON at Shakespear's-Head over against Katharine-Street in the Strand, and JOHN BARBER upon Lambeth-Hill. MDCCXVIII.</publisher>
               <date>1718</date>
               <biblScope>p. 272.</biblScope>
               <extent>[42],506,[6]p.: ill.; 2°.</extent>
            </bibl>
         </sourceDesc>
      </fileDesc>
      <encodingDesc>
         <projectDesc>
            <p>This e-text is part of the Works section of the Eighteenth-Century Poetry Archive (ECPA).</p>
            <p>XML created for the Eighteenth-Century Poetry Archive (ECPA).</p>
         </projectDesc>
         <editorialDecl>
            <p>Typography, spelling, capitalization, and punctuation have been cautiously modernized. The source of the text is given and all significant
						editorial interventions have been recorded in textual notes. This  text has been edited to conform to the recommendations found 
						in Level 5 of the
						Best Practices for TEI in Libraries version 4.0.0.
					</p>
         </editorialDecl>
         <classDecl>
            <taxonomy xml:id="LCNAF">
               <bibl>Library of Congress Name Authority File (<abbr>LCNAF</abbr>)</bibl>
            </taxonomy>
         </classDecl>
         <tagsDecl>
            <rendition n="linegroups indented" xml:id="lgindent" scheme="css">text-indent: 1em;</rendition>
            <rendition n="linegroups vertically spaced" xml:id="lgvspace" scheme="css">margin-bottom: 1em;</rendition>
            <rendition n="aligned centrally" xml:id="align-center" scheme="css">text-align: center;</rendition>
            <rendition n="aligned right" xml:id="align-right" scheme="css">text-align: right;</rendition>
            <rendition n="aligned left" xml:id="align-left" scheme="css">text-align: left;</rendition>
            <rendition n="inline" xml:id="inline" scheme="css">display: inline</rendition>
            <rendition n="italic" xml:id="i" scheme="css">font-style: italic;</rendition>
            <rendition n="bold" xml:id="b" scheme="css">font-weight: bold;</rendition>
         </tagsDecl>
      </encodingDesc>
   </teiHeader>
   <text>
      <body>
         <div xmlns:ecep="http://www.eighteenthcenturypoetry.org/ns"
              ana="#iamb #tetrameter #quatrain #cross #epigram"
              corresp="#txt_PrioMa1664_w0087"
              decls="#semi-normalized"
              ecep:syllab="8.8.8.8"
              met="-+|-+|-+|-+/ -+|-+|-+|-+/ -+|-+|-+|-+/ -+|-+|-+|-+/"
              rendition="#lgvspace"
              rhyme="abab"
              subtype="eceptext"
              type="poem"
              xml:id="pmp18-w0840">
            <link target="authors.xml#aut_PrioMa1664" type="author"/>
            <head type="main">
               <hi>
                  <w xmlns:ecep="http://www.eighteenthcenturypoetry.org/ns"
                     xml:id="pmp18-0535020.1"
                     n="a-0010"
                     rend="plain_apostrophe"
                     ecep:lem="phyllis"
                     ecep:pos="npg1"
                     ecep:reg="PHYLLIS's"
                     ecep:spe="PHYLLIS's"
                     ecep:syllab="2"
                     ecep:pron="ˈfɪlɪsz">PHYLLIS's</w>
               </hi>
               <c> </c>
               <w xmlns:ecep="http://www.eighteenthcenturypoetry.org/ns"
                  xml:id="pmp18-0535030"
                  n="a-0020"
                  ecep:lem="age"
                  ecep:pos="n1"
                  ecep:reg="AGE"
                  ecep:spe="AGE"
                  ecep:syllab="1"
                  ecep:pron="eɪdʒ">AGE</w>
               <pc xmlns:ecep="http://www.eighteenthcenturypoetry.org/ns"
                   xml:id="pmp18-0535040"
                   n="a-0030"
                   unit="sentence"
                   ecep:lem="."
                   ecep:pos="."
                   ecep:reg="."
                   ecep:spe=".">.</pc>
            </head>
            <lg xml:id="pmp18-s03315">
               <l n="1" xml:id="pmp18-l26020">
                  <hi rendition="#sc">
                     <w xmlns:ecep="http://www.eighteenthcenturypoetry.org/ns"
                        xml:id="pmp18-0535070"
                        n="a-0040"
                        ecep:lem="how"
                        ecep:pos="q-crq"
                        ecep:reg="How"
                        ecep:spe="How"
                        ecep:syllab="1"
                        ecep:pron="haʊ">How</w>
                  </hi>
                  <c> </c>
                  <w xmlns:ecep="http://www.eighteenthcenturypoetry.org/ns"
                     xml:id="pmp18-0535080"
                     n="a-0050"
                     ecep:lem="old"
                     ecep:pos="j"
                     ecep:reg="old"
                     ecep:spe="old"
                     ecep:syllab="1"
                     ecep:pron="əʊld">old</w>
                  <c> </c>
                  <w xmlns:ecep="http://www.eighteenthcenturypoetry.org/ns"
                     xml:id="pmp18-0535090"
                     n="a-0060"
                     ecep:lem="may"
                     ecep:pos="vmb"
                     ecep:reg="may"
                     ecep:spe="may"
                     ecep:syllab="1"
                     ecep:pron="meɪ">may</w>
                  <c> </c>
                  <hi rendition="#sc">
                     <w xmlns:ecep="http://www.eighteenthcenturypoetry.org/ns"
                        xml:id="pmp18-0535100"
                        n="a-0070"
                        ecep:lem="Phyllis"
                        ecep:pos="np1"
                        ecep:reg="Phyllis"
                        ecep:spe="Phyllis"
                        ecep:syllab="2"
                        ecep:pron="ˈfɪlɪs">Phyllis</w>
                  </hi>
                  <c> </c>
                  <w xmlns:ecep="http://www.eighteenthcenturypoetry.org/ns"
                     xml:id="pmp18-0535110"
                     n="a-0080"
                     ecep:lem="be"
                     ecep:pos="vbb"
                     ecep:reg="be"
                     ecep:spe="be"
                     ecep:syllab="1"
                     ecep:pron="biː">be</w>
                  <pc xmlns:ecep="http://www.eighteenthcenturypoetry.org/ns"
                      xml:id="pmp18-0535120"
                      n="a-0090"
                      ecep:lem=","
                      ecep:pos=","
                      ecep:reg=","
                      ecep:spe=",">,</pc>
                  <c> </c>
                  <w xmlns:ecep="http://www.eighteenthcenturypoetry.org/ns"
                     xml:id="pmp18-0535130"
                     n="a-0100"
                     ecep:lem="you"
                     ecep:pos="pn22"
                     ecep:reg="You"
                     ecep:spe="You"
                     ecep:syllab="1"
                     ecep:pron="juː">You</w>
                  <c> </c>
                  <w xmlns:ecep="http://www.eighteenthcenturypoetry.org/ns"
                     xml:id="pmp18-0535140"
                     n="a-0110"
                     ecep:lem="ask"
                     ecep:pos="vvb"
                     ecep:reg="ask"
                     ecep:spe="ask"
                     ecep:syllab="1"
                     ecep:pron="ɑːsk">ask</w>
                  <pc xmlns:ecep="http://www.eighteenthcenturypoetry.org/ns"
                      xml:id="pmp18-0535150"
                      n="a-0120"
                      ecep:lem=","
                      ecep:pos=","
                      ecep:reg=","
                      ecep:spe=",">,</pc>
               </l>
               <l n="2" rendition="#h_3" xml:id="pmp18-l26025">
                  <c> </c>
                  <w xmlns:ecep="http://www.eighteenthcenturypoetry.org/ns"
                     xml:id="pmp18-0535160"
                     n="a-0130"
                     ecep:lem="who"
                     ecep:pos="r-crq"
                     ecep:reg="Whose"
                     ecep:spe="Whose"
                     ecep:syllab="1"
                     ecep:pron="huːz">Whose</w>
                  <c> </c>
                  <w xmlns:ecep="http://www.eighteenthcenturypoetry.org/ns"
                     xml:id="pmp18-0535170"
                     n="a-0140"
                     ecep:lem="beauty"
                     ecep:pos="n1"
                     ecep:reg="Beauty"
                     ecep:spe="Beauty"
                     ecep:syllab="2"
                     ecep:pron="ˈbjuːti">Beauty</w>
                  <c> </c>
                  <w xmlns:ecep="http://www.eighteenthcenturypoetry.org/ns"
                     xml:id="pmp18-0535180"
                     n="a-0150"
                     ecep:lem="thus"
                     ecep:pos="av"
                     ecep:reg="thus"
                     ecep:spe="thus"
                     ecep:syllab="1"
                     ecep:pron="ðʌs">thus</w>
                  <c> </c>
                  <w xmlns:ecep="http://www.eighteenthcenturypoetry.org/ns"
                     xml:id="pmp18-0535190"
                     n="a-0160"
                     ecep:lem="all"
                     ecep:pos="d"
                     ecep:reg="all"
                     ecep:spe="all"
                     ecep:syllab="1"
                     ecep:pron="ɔːl">all</w>
                  <c> </c>
                  <w xmlns:ecep="http://www.eighteenthcenturypoetry.org/ns"
                     xml:id="pmp18-0535200"
                     n="a-0170"
                     ecep:lem="heart"
                     ecep:pos="n2"
                     ecep:reg="Hearts"
                     ecep:spe="Hearts"
                     ecep:syllab="1"
                     ecep:pron="hɑːts">Hearts</w>
                  <c> </c>
                  <w xmlns:ecep="http://www.eighteenthcenturypoetry.org/ns"
                     xml:id="pmp18-0535210"
                     n="a-0180"
                     ecep:lem="engage"
                     ecep:pos="vvz"
                     ecep:reg="engages"
                     ecep:spe="engages"
                     ecep:syllab="3"
                     ecep:pron="ɪnˈgeɪdʒɪz">engages</w>
                  <pc xmlns:ecep="http://www.eighteenthcenturypoetry.org/ns"
                      xml:id="pmp18-0535220"
                      n="a-0190"
                      unit="sentence"
                      ecep:lem="?"
                      ecep:pos="?"
                      ecep:reg="?"
                      ecep:spe="?">?</pc>
                  <c> </c>
               </l>
               <l n="3" xml:id="pmp18-l26030">
                  <w xmlns:ecep="http://www.eighteenthcenturypoetry.org/ns"
                     xml:id="pmp18-0535230"
                     n="a-0200"
                     ecep:lem="to"
                     ecep:pos="p-acp"
                     ecep:reg="To"
                     ecep:spe="To"
                     ecep:syllab="1"
                     ecep:pron="tuː">To</w>
                  <c> </c>
                  <w xmlns:ecep="http://www.eighteenthcenturypoetry.org/ns"
                     xml:id="pmp18-0535240"
                     n="a-0210"
                     ecep:lem="answer"
                     ecep:pos="n1"
                     ecep:reg="Answer"
                     ecep:spe="Answer"
                     ecep:syllab="2"
                     ecep:pron="ˈɑːnsə">Answer</w>
                  <c> </c>
                  <w xmlns:ecep="http://www.eighteenthcenturypoetry.org/ns"
                     xml:id="pmp18-0535250"
                     n="a-0220"
                     ecep:lem="be"
                     ecep:pos="vbz"
                     ecep:reg="is"
                     ecep:spe="is"
                     ecep:syllab="1"
                     ecep:pron="ɪz">is</w>
                  <c> </c>
                  <w xmlns:ecep="http://www.eighteenthcenturypoetry.org/ns"
                     xml:id="pmp18-0535260"
                     n="a-0230"
                     ecep:lem="no"
                     ecep:pos="dx"
                     ecep:reg="no"
                     ecep:spe="no"
                     ecep:syllab="1"
                     ecep:pron="nəʊ">no</w>
                  <c> </c>
                  <w xmlns:ecep="http://www.eighteenthcenturypoetry.org/ns"
                     xml:id="pmp18-0535270"
                     n="a-0240"
                     ecep:lem="easy"
                     ecep:pos="j"
                     ecep:reg="easy"
                     ecep:spe="easie"
                     ecep:syllab="2"
                     ecep:pron="ˈiːzi">easie</w>
                  <c> </c>
                  <w xmlns:ecep="http://www.eighteenthcenturypoetry.org/ns"
                     xml:id="pmp18-0535280"
                     n="a-0250"
                     ecep:lem="task"
                     ecep:pos="n1"
                     ecep:reg="Task"
                     ecep:spe="Task"
                     ecep:syllab="1"
                     ecep:pron="tɑːsk">Task</w>
                  <pc xmlns:ecep="http://www.eighteenthcenturypoetry.org/ns"
                      xml:id="pmp18-0535290"
                      n="a-0260"
                      ecep:lem=";"
                      ecep:pos=";"
                      ecep:reg=";"
                      ecep:spe=";">;</pc>
               </l>
               <l n="4" rendition="#h_3" xml:id="pmp18-l26035">
                  <c> </c>
                  <w xmlns:ecep="http://www.eighteenthcenturypoetry.org/ns"
                     xml:id="pmp18-0535300"
                     n="a-0270"
                     ecep:lem="for"
                     ecep:pos="c-acp"
                     ecep:reg="For"
                     ecep:spe="For"
                     ecep:syllab="1"
                     ecep:pron="fɔː">For</w>
                  <c> </c>
                  <w xmlns:ecep="http://www.eighteenthcenturypoetry.org/ns"
                     xml:id="pmp18-0535310"
                     n="a-0280"
                     ecep:lem="she"
                     ecep:pos="pns31"
                     ecep:reg="She"
                     ecep:spe="She"
                     ecep:syllab="1"
                     ecep:pron="ʃiː">She</w>
                  <c> </c>
                  <w xmlns:ecep="http://www.eighteenthcenturypoetry.org/ns"
                     xml:id="pmp18-0535320"
                     n="a-0290"
                     ecep:lem="have"
                     ecep:pos="vhz"
                     ecep:reg="has"
                     ecep:spe="has"
                     ecep:syllab="1"
                     ecep:pron="hæz">has</w>
                  <c> </c>
                  <w xmlns:ecep="http://www.eighteenthcenturypoetry.org/ns"
                     xml:id="pmp18-0535330"
                     n="a-0300"
                     ecep:lem="real"
                     ecep:pos="av-j"
                     ecep:reg="really"
                     ecep:spe="really"
                     ecep:syllab="2"
                     ecep:pron="ˈrɪəli">really</w>
                  <c> </c>
                  <w xmlns:ecep="http://www.eighteenthcenturypoetry.org/ns"
                     xml:id="pmp18-0535340"
                     n="a-0310"
                     ecep:lem="two"
                     ecep:pos="crd"
                     ecep:reg="two"
                     ecep:spe="two"
                     ecep:syllab="1"
                     ecep:pron="tuː">two</w>
                  <c> </c>
                  <w xmlns:ecep="http://www.eighteenthcenturypoetry.org/ns"
                     xml:id="pmp18-0535350"
                     n="a-0320"
                     ecep:lem="age"
                     ecep:pos="n2"
                     ecep:reg="Ages"
                     ecep:spe="Ages"
                     ecep:syllab="2"
                     ecep:pron="eɪdʒɪz">Ages</w>
                  <pc xmlns:ecep="http://www.eighteenthcenturypoetry.org/ns"
                      xml:id="pmp18-0535360"
                      n="a-0330"
                      unit="sentence"
                      ecep:lem="."
                      ecep:pos="."
                      ecep:reg="."
                      ecep:spe=".">.</pc>
                  <c> </c>
               </l>
            </lg>
            <lg xml:id="pmp18-s03320">
               <l n="5" xml:id="pmp18-l26040">
                  <w xmlns:ecep="http://www.eighteenthcenturypoetry.org/ns"
                     xml:id="pmp18-0535390"
                     n="a-0340"
                     ecep:lem="stiff"
                     ecep:pos="j"
                     ecep:reg="Stiff"
                     ecep:spe="Stiff"
                     ecep:syllab="1"
                     ecep:pron="stɪf">Stiff</w>
                  <c> </c>
                  <w xmlns:ecep="http://www.eighteenthcenturypoetry.org/ns"
                     xml:id="pmp18-0535400"
                     n="a-0350"
                     ecep:lem="in"
                     ecep:pos="p-acp"
                     ecep:reg="in"
                     ecep:spe="in"
                     ecep:syllab="1"
                     ecep:pron="ɪn">in</w>
                  <c> </c>
                  <w xmlns:ecep="http://www.eighteenthcenturypoetry.org/ns"
                     xml:id="pmp18-0535410"
                     n="a-0360"
                     ecep:lem="brocard"
                     ecep:pos="n1"
                     ecep:reg="Brocard"
                     ecep:spe="Brocard"
                     ecep:syllab="2"
                     ecep:pron="ˈbrəʊkəd">Brocard</w>
                  <pc xmlns:ecep="http://www.eighteenthcenturypoetry.org/ns"
                      xml:id="pmp18-0535420"
                      n="a-0370"
                      ecep:lem=","
                      ecep:pos=","
                      ecep:reg=","
                      ecep:spe=",">,</pc>
                  <c> </c>
                  <w xmlns:ecep="http://www.eighteenthcenturypoetry.org/ns"
                     xml:id="pmp18-0535430"
                     n="a-0380"
                     ecep:lem="and"
                     ecep:pos="cc"
                     ecep:reg="and"
                     ecep:spe="and"
                     ecep:syllab="1"
                     ecep:pron="ænd">and</w>
                  <c> </c>
                  <w xmlns:ecep="http://www.eighteenthcenturypoetry.org/ns"
                     xml:id="pmp18-0535440"
                     n="a-0390"
                     ecep:lem="pinch"
                     ecep:pos="vvd"
                     ecep:reg="pinched"
                     ecep:spe="pinch'd"
                     ecep:syllab="1"
                     ecep:pron="pɪnʃt">pinch'd</w>
                  <c> </c>
                  <w xmlns:ecep="http://www.eighteenthcenturypoetry.org/ns"
                     xml:id="pmp18-0535450"
                     n="a-0400"
                     ecep:lem="in"
                     ecep:pos="p-acp"
                     ecep:reg="in"
                     ecep:spe="in"
                     ecep:syllab="1"
                     ecep:pron="ɪn">in</w>
                  <c> </c>
                  <w xmlns:ecep="http://www.eighteenthcenturypoetry.org/ns"
                     xml:id="pmp18-0535460"
                     n="a-0410"
                     ecep:lem="stay"
                     ecep:pos="n2"
                     ecep:reg="Stays"
                     ecep:spe="Stays"
                     ecep:syllab="1"
                     ecep:pron="steɪz">Stays</w>
                  <pc xmlns:ecep="http://www.eighteenthcenturypoetry.org/ns"
                      xml:id="pmp18-0535470"
                      n="a-0420"
                      ecep:lem=","
                      ecep:pos=","
                      ecep:reg=","
                      ecep:spe=",">,</pc>
               </l>
               <l n="6" rendition="#h_3" xml:id="pmp18-l26045">
                  <c> </c>
                  <w xmlns:ecep="http://www.eighteenthcenturypoetry.org/ns"
                     xml:id="pmp18-0535480"
                     n="a-0430"
                     ecep:lem="her"
                     ecep:pos="po31"
                     ecep:reg="Her"
                     ecep:spe="Her"
                     ecep:syllab="1"
                     ecep:pron="hɜː">Her</w>
                  <c> </c>
                  <w xmlns:ecep="http://www.eighteenthcenturypoetry.org/ns"
                     xml:id="pmp18-0535490"
                     n="a-0440"
                     ecep:lem="patch"
                     ecep:pos="n2"
                     ecep:reg="Patches"
                     ecep:spe="Patches"
                     ecep:syllab="2"
                     ecep:pron="pætʃɪz">Patches</w>
                  <pc xmlns:ecep="http://www.eighteenthcenturypoetry.org/ns"
                      xml:id="pmp18-0535500"
                      n="a-0450"
                      ecep:lem=","
                      ecep:pos=","
                      ecep:reg=","
                      ecep:spe=",">,</pc>
                  <c> </c>
                  <w xmlns:ecep="http://www.eighteenthcenturypoetry.org/ns"
                     xml:id="pmp18-0535510"
                     n="a-0460"
                     ecep:lem="paint"
                     ecep:pos="vvb"
                     ecep:reg="Paint"
                     ecep:spe="Paint"
                     ecep:syllab="1"
                     ecep:pron="peɪnt">Paint</w>
                  <pc xmlns:ecep="http://www.eighteenthcenturypoetry.org/ns"
                      xml:id="pmp18-0535520"
                      n="a-0470"
                      ecep:lem=","
                      ecep:pos=","
                      ecep:reg=","
                      ecep:spe=",">,</pc>
                  <c> </c>
                  <w xmlns:ecep="http://www.eighteenthcenturypoetry.org/ns"
                     xml:id="pmp18-0535530"
                     n="a-0480"
                     ecep:lem="and"
                     ecep:pos="cc"
                     ecep:reg="and"
                     ecep:spe="and"
                     ecep:syllab="1"
                     ecep:pron="ænd">and</w>
                  <c> </c>
                  <w xmlns:ecep="http://www.eighteenthcenturypoetry.org/ns"
                     xml:id="pmp18-0535540"
                     n="a-0490"
                     ecep:lem="jewel"
                     ecep:pos="n2"
                     ecep:reg="Jewels"
                     ecep:spe="Jewels"
                     ecep:syllab="2"
                     ecep:pron="ˈdʒuːəlz">Jewels</w>
                  <c> </c>
                  <w xmlns:ecep="http://www.eighteenthcenturypoetry.org/ns"
                     xml:id="pmp18-0535550"
                     n="a-0500"
                     ecep:lem="on"
                     ecep:pos="p-acp"
                     ecep:reg="on"
                     ecep:spe="on"
                     ecep:syllab="1"
                     ecep:pron="ɒn">on</w>
                  <pc xmlns:ecep="http://www.eighteenthcenturypoetry.org/ns"
                      xml:id="pmp18-0535560"
                      n="a-0510"
                      ecep:lem=";"
                      ecep:pos=";"
                      ecep:reg=";"
                      ecep:spe=";">;</pc>
               </l>
               <l n="7" xml:id="pmp18-l26050">
                  <c> </c>
                  <w xmlns:ecep="http://www.eighteenthcenturypoetry.org/ns"
                     xml:id="pmp18-0535570"
                     n="a-0520"
                     ecep:lem="all"
                     ecep:pos="d"
                     ecep:reg="All"
                     ecep:spe="All"
                     ecep:syllab="1"
                     ecep:pron="ɔːl">All</w>
                  <c> </c>
                  <w xmlns:ecep="http://www.eighteenthcenturypoetry.org/ns"
                     xml:id="pmp18-0535580"
                     n="a-0530"
                     ecep:lem="day"
                     ecep:pos="n1"
                     ecep:reg="Day"
                     ecep:spe="Day"
                     ecep:syllab="1"
                     ecep:pron="deɪ">Day</w>
                  <c> </c>
                  <w xmlns:ecep="http://www.eighteenthcenturypoetry.org/ns"
                     xml:id="pmp18-0535590"
                     n="a-0540"
                     ecep:lem="let"
                     ecep:pos="vvb"
                     ecep:reg="let"
                     ecep:spe="let"
                     ecep:syllab="1"
                     ecep:pron="let">let</w>
                  <c> </c>
                  <w xmlns:ecep="http://www.eighteenthcenturypoetry.org/ns"
                     xml:id="pmp18-0535600"
                     n="a-0550"
                     ecep:lem="envy"
                     ecep:pos="n1"
                     ecep:reg="Envy"
                     ecep:spe="Envy"
                     ecep:syllab="2"
                     ecep:pron="ˈenvi">Envy</w>
                  <c> </c>
                  <w xmlns:ecep="http://www.eighteenthcenturypoetry.org/ns"
                     xml:id="pmp18-0535610"
                     n="a-0560"
                     ecep:lem="view"
                     ecep:pos="vvi"
                     ecep:reg="view"
                     ecep:spe="view"
                     ecep:syllab="1"
                     ecep:pron="vjuː">view</w>
                  <c> </c>
                  <w xmlns:ecep="http://www.eighteenthcenturypoetry.org/ns"
                     xml:id="pmp18-0535620"
                     n="a-0570"
                     ecep:lem="her"
                     ecep:pos="po31"
                     ecep:reg="her"
                     ecep:spe="her"
                     ecep:syllab="1"
                     ecep:pron="hɜː">her</w>
                  <c> </c>
                  <w xmlns:ecep="http://www.eighteenthcenturypoetry.org/ns"
                     xml:id="pmp18-0535630"
                     n="a-0580"
                     ecep:lem="face"
                     ecep:pos="n1"
                     ecep:reg="Face"
                     ecep:spe="Face"
                     ecep:syllab="1"
                     ecep:pron="feɪs">Face</w>
                  <pc xmlns:ecep="http://www.eighteenthcenturypoetry.org/ns"
                      xml:id="pmp18-0535640"
                      n="a-0590"
                      ecep:lem=";"
                      ecep:pos=";"
                      ecep:reg=";"
                      ecep:spe=";">;</pc>
               </l>
               <l n="8" rendition="#h_3" xml:id="pmp18-l26055">
                  <c> </c>
                  <w xmlns:ecep="http://www.eighteenthcenturypoetry.org/ns"
                     xml:id="pmp18-0535650"
                     n="a-0600"
                     ecep:lem="and"
                     ecep:pos="cc"
                     ecep:reg="And"
                     ecep:spe="And"
                     ecep:syllab="1"
                     ecep:pron="ænd">And</w>
                  <c> </c>
                  <hi rendition="#sc">
                     <w xmlns:ecep="http://www.eighteenthcenturypoetry.org/ns"
                        xml:id="pmp18-0535660"
                        n="a-0610"
                        ecep:lem="Phyllis"
                        ecep:pos="np1"
                        ecep:reg="Phyllis"
                        ecep:spe="Phyllis"
                        ecep:syllab="2"
                        ecep:pron="ˈfɪlɪs">Phyllis</w>
                  </hi>
                  <c> </c>
                  <w xmlns:ecep="http://www.eighteenthcenturypoetry.org/ns"
                     xml:id="pmp18-0535670"
                     n="a-0620"
                     ecep:lem="be"
                     ecep:pos="vbz"
                     ecep:reg="is"
                     ecep:spe="is"
                     ecep:syllab="1"
                     ecep:pron="ɪz">is</w>
                  <c> </c>
                  <w xmlns:ecep="http://www.eighteenthcenturypoetry.org/ns"
                     xml:id="pmp18-0535680"
                     n="a-0630"
                     ecep:lem="but"
                     ecep:pos="p-acp"
                     ecep:reg="but"
                     ecep:spe="but"
                     ecep:syllab="1"
                     ecep:pron="bʌt">but</w>
                  <c> </c>
                  <w xmlns:ecep="http://www.eighteenthcenturypoetry.org/ns"
                     xml:id="pmp18-0535690"
                     n="a-0640"
                     ecep:lem="twenty-one"
                     ecep:pos="j"
                     ecep:reg="Twenty-one"
                     ecep:spe="Twenty-one"
                     ecep:syllab="3"
                     ecep:pron="ˌtwentiˈwʌn">Twenty-one</w>
                  <pc xmlns:ecep="http://www.eighteenthcenturypoetry.org/ns"
                      xml:id="pmp18-0535700"
                      n="a-0650"
                      unit="sentence"
                      ecep:lem="."
                      ecep:pos="."
                      ecep:reg="."
                      ecep:spe=".">.</pc>
                  <c> </c>
               </l>
            </lg>
            <lg xml:id="pmp18-s03325">
               <l n="9" xml:id="pmp18-l26060">
                  <w xmlns:ecep="http://www.eighteenthcenturypoetry.org/ns"
                     xml:id="pmp18-0535730"
                     n="a-0660"
                     ecep:lem="paint"
                     ecep:pos="n1"
                     ecep:reg="Paint"
                     ecep:spe="Paint"
                     ecep:syllab="1"
                     ecep:pron="peɪnt">Paint</w>
                  <pc xmlns:ecep="http://www.eighteenthcenturypoetry.org/ns"
                      xml:id="pmp18-0535740"
                      n="a-0670"
                      ecep:lem=","
                      ecep:pos=","
                      ecep:reg=","
                      ecep:spe=",">,</pc>
                  <c> </c>
                  <w xmlns:ecep="http://www.eighteenthcenturypoetry.org/ns"
                     xml:id="pmp18-0535750"
                     n="a-0680"
                     ecep:lem="patch"
                     ecep:pos="n2"
                     ecep:reg="Patches"
                     ecep:spe="Patches"
                     ecep:syllab="2"
                     ecep:pron="pætʃɪz">Patches</w>
                  <pc xmlns:ecep="http://www.eighteenthcenturypoetry.org/ns"
                      xml:id="pmp18-0535760"
                      n="a-0690"
                      ecep:lem=","
                      ecep:pos=","
                      ecep:reg=","
                      ecep:spe=",">,</pc>
                  <c> </c>
                  <w xmlns:ecep="http://www.eighteenthcenturypoetry.org/ns"
                     xml:id="pmp18-0535770"
                     n="a-0700"
                     ecep:lem="jewel"
                     ecep:pos="n2"
                     ecep:reg="Jewels"
                     ecep:spe="Jewels"
                     ecep:syllab="2"
                     ecep:pron="ˈdʒuːəlz">Jewels</w>
                  <c> </c>
                  <w xmlns:ecep="http://www.eighteenthcenturypoetry.org/ns"
                     xml:id="pmp18-0535780"
                     n="a-0710"
                     ecep:lem="lay"
                     ecep:pos="vvn"
                     ecep:reg="laid"
                     ecep:spe="laid"
                     ecep:syllab="1"
                     ecep:pron="leɪd">laid</w>
                  <c> </c>
                  <w xmlns:ecep="http://www.eighteenthcenturypoetry.org/ns"
                     xml:id="pmp18-0535790"
                     n="a-0720"
                     ecep:lem="aside"
                     ecep:pos="av"
                     ecep:reg="aside"
                     ecep:spe="aside"
                     ecep:syllab="2"
                     ecep:pron="əˈsaɪd">aside</w>
                  <pc xmlns:ecep="http://www.eighteenthcenturypoetry.org/ns"
                      xml:id="pmp18-0535800"
                      n="a-0730"
                      ecep:lem=","
                      ecep:pos=","
                      ecep:reg=","
                      ecep:spe=",">,</pc>
               </l>
               <l n="10" rendition="#h_3" xml:id="pmp18-l26065">
                  <c> </c>
                  <w xmlns:ecep="http://www.eighteenthcenturypoetry.org/ns"
                     xml:id="pmp18-0535810"
                     n="a-0740"
                     ecep:lem="at"
                     ecep:pos="p-acp"
                     ecep:reg="At"
                     ecep:spe="At"
                     ecep:syllab="1"
                     ecep:pron="æt">At</w>
                  <c> </c>
                  <w xmlns:ecep="http://www.eighteenthcenturypoetry.org/ns"
                     xml:id="pmp18-0535820"
                     n="a-0750"
                     ecep:lem="night"
                     ecep:pos="n1"
                     ecep:reg="Night"
                     ecep:spe="Night"
                     ecep:syllab="1"
                     ecep:pron="naɪt">Night</w>
                  <c> </c>
                  <w xmlns:ecep="http://www.eighteenthcenturypoetry.org/ns"
                     xml:id="pmp18-0535830"
                     n="a-0760"
                     ecep:lem="astronomer"
                     ecep:pos="n2"
                     ecep:reg="Astronomers"
                     ecep:spe="Astronomers"
                     ecep:syllab="4"
                     ecep:pron="əˈstrɒnəməz">Astronomers</w>
                  <c> </c>
                  <w xmlns:ecep="http://www.eighteenthcenturypoetry.org/ns"
                     xml:id="pmp18-0535840"
                     n="a-0770"
                     ecep:lem="agree"
                     ecep:pos="vvi"
                     ecep:reg="agree"
                     ecep:spe="agree"
                     ecep:syllab="2"
                     ecep:pron="əˈgriː">agree</w>
                  <pc xmlns:ecep="http://www.eighteenthcenturypoetry.org/ns"
                      xml:id="pmp18-0535850"
                      n="a-0780"
                      ecep:lem=","
                      ecep:pos=","
                      ecep:reg=","
                      ecep:spe=",">,</pc>
               </l>
               <l n="11" xml:id="pmp18-l26070">
                  <c> </c>
                  <w xmlns:ecep="http://www.eighteenthcenturypoetry.org/ns"
                     xml:id="pmp18-0535860"
                     n="a-0790"
                     ecep:lem="the"
                     ecep:pos="dt"
                     ecep:reg="The"
                     ecep:spe="The"
                     ecep:syllab="1"
                     ecep:pron="ðiː">The</w>
                  <c> </c>
                  <w xmlns:ecep="http://www.eighteenthcenturypoetry.org/ns"
                     xml:id="pmp18-0535870"
                     n="a-0800"
                     ecep:lem="evening"
                     ecep:pos="n1"
                     ecep:reg="Evening"
                     ecep:spe="Evening"
                     ecep:syllab="2"
                     ecep:pron="ˈiːvnɪŋ">Evening</w>
                  <c> </c>
                  <w xmlns:ecep="http://www.eighteenthcenturypoetry.org/ns"
                     xml:id="pmp18-0535880"
                     n="a-0810"
                     ecep:lem="have"
                     ecep:pos="vhz"
                     ecep:reg="has"
                     ecep:spe="has"
                     ecep:syllab="1"
                     ecep:pron="hæz">has</w>
                  <c> </c>
                  <w xmlns:ecep="http://www.eighteenthcenturypoetry.org/ns"
                     xml:id="pmp18-0535890"
                     n="a-0820"
                     ecep:lem="the"
                     ecep:pos="dt"
                     ecep:reg="the"
                     ecep:spe="the"
                     ecep:syllab="1"
                     ecep:pron="ðiː">the</w>
                  <c> </c>
                  <w xmlns:ecep="http://www.eighteenthcenturypoetry.org/ns"
                     xml:id="pmp18-0535900"
                     n="a-0830"
                     ecep:lem="day"
                     ecep:pos="n1"
                     ecep:reg="Day"
                     ecep:spe="Day"
                     ecep:syllab="1"
                     ecep:pron="deɪ">Day</w>
                  <c> </c>
                  <w xmlns:ecep="http://www.eighteenthcenturypoetry.org/ns"
                     xml:id="pmp18-0535910"
                     n="a-0840"
                     ecep:lem="belie"
                     ecep:pos="vvd"
                     ecep:reg="belied"
                     ecep:spe="bely'd"
                     ecep:syllab="2"
                     ecep:pron="bɪˈlaɪd">bely'd</w>
                  <pc xmlns:ecep="http://www.eighteenthcenturypoetry.org/ns"
                      xml:id="pmp18-0535920"
                      n="a-0850"
                      ecep:lem=";"
                      ecep:pos=";"
                      ecep:reg=";"
                      ecep:spe=";">;</pc>
               </l>
               <l n="12" rendition="#h_3" xml:id="pmp18-l26075">
                  <c> </c>
                  <w xmlns:ecep="http://www.eighteenthcenturypoetry.org/ns"
                     xml:id="pmp18-0535930"
                     n="a-0860"
                     ecep:lem="and"
                     ecep:pos="cc"
                     ecep:reg="And"
                     ecep:spe="And"
                     ecep:syllab="1"
                     ecep:pron="ænd">And</w>
                  <c> </c>
                  <hi rendition="#sc">
                     <w xmlns:ecep="http://www.eighteenthcenturypoetry.org/ns"
                        xml:id="pmp18-0535940"
                        n="a-0870"
                        ecep:lem="Phyllis"
                        ecep:pos="np1"
                        ecep:reg="Phyllis"
                        ecep:spe="Phyllis"
                        ecep:syllab="2"
                        ecep:pron="ˈfɪlɪs">Phyllis</w>
                  </hi>
                  <c> </c>
                  <w xmlns:ecep="http://www.eighteenthcenturypoetry.org/ns"
                     xml:id="pmp18-0535950"
                     n="a-0880"
                     ecep:lem="be"
                     ecep:pos="vbz"
                     ecep:reg="is"
                     ecep:spe="is"
                     ecep:syllab="1"
                     ecep:pron="ɪz">is</w>
                  <c> </c>
                  <w xmlns:ecep="http://www.eighteenthcenturypoetry.org/ns"
                     xml:id="pmp18-0535960"
                     n="a-0890"
                     ecep:lem="some"
                     ecep:pos="d"
                     ecep:reg="some"
                     ecep:spe="some"
                     ecep:syllab="1"
                     ecep:pron="sʌm">some</w>
                  <c> </c>
                  <w xmlns:ecep="http://www.eighteenthcenturypoetry.org/ns"
                     xml:id="pmp18-0535970"
                     n="a-0900"
                     ecep:lem="forty-three"
                     ecep:pos="j"
                     ecep:reg="Forty-three"
                     ecep:spe="Forty-three"
                     ecep:syllab="3"
                     ecep:pron="ˌfɔːtiˈθriː">Forty-three</w>
                  <pc xmlns:ecep="http://www.eighteenthcenturypoetry.org/ns"
                      xml:id="pmp18-0535980"
                      n="a-0910"
                      unit="sentence"
                      ecep:lem="."
                      ecep:pos="."
                      ecep:reg="."
                      ecep:spe=".">.</pc>
                  <c> </c>
               </l>
            </lg>
         </div>
      </body>
   </text>
</TEI>
