<?xml version="1.0" encoding="UTF-8"?>
<?xml-model href="../tei_all.rnc" type="application/relax-ng-compact-syntax"?>
<TEI xmlns="http://www.tei-c.org/ns/1.0">
   <teiHeader>
      <fileDesc>
         <titleStmt>
            <title corresp="#txt_CrisAn1769_w0020">TO A LADY, ON THE RISE OF MORN.</title>
            <author corresp="authors.xml#aut_CrisAn1769">Ann Batten Cristall</author>
            <respStmt>
               <name xml:id="AH">Alexander Huber</name>
               <resp>Editor</resp>
            </respStmt>
            <funder>
               <name type="institution" xml:id="BOD">Bodleian Libraries, University of Oxford</name>
               <address>
                  <addrLine>Broad Street</addrLine>
                  <addrLine>Oxford OX1 3BG</addrLine>
                  <addrLine>UK</addrLine>
               </address>
            </funder>
         </titleStmt>
         <publicationStmt>
            <publisher xml:id="ECPA">Eighteenth-Century Poetry Archive</publisher>
            <address>
               <addrLine>Taylor Institution Library</addrLine>
               <addrLine>St Giles'</addrLine>
               <addrLine>Oxford OX1 3NA</addrLine>
               <addrLine>UK</addrLine>
               <addrLine>
                  <email>info@eighteenthcenturypoetry.org</email>
               </addrLine>
               <addrLine>
                  <ref target="https://www.eighteenthcenturypoetry.org/">https://www.eighteenthcenturypoetry.org/</ref>
               </addrLine>
            </address>
            <pubPlace>Oxford</pubPlace>
            <availability status="restricted">
               <licence target="http://creativecommons.org/licenses/by-sa/3.0/">This work is licensed under a Creative Commons Attribution-ShareAlike 3.0 Unported License.</licence>
            </availability>
            <idno type="ESTC">T126557</idno>
         </publicationStmt>
         <sourceDesc>
            <bibl>
               <author>Cristall, Ann Batten.</author>
               <title>Poetical Sketches by Ann Batten Cristall.</title>
               <pubPlace>London</pubPlace>
               <publisher>Printed for J. Johnson, St. Paul's Church Yard</publisher>
               <date>1795</date>
               <biblScope>pp. 145-147.</biblScope>
               <extent>[14],187,[1]p.; 8⁰.</extent>
            </bibl>
         </sourceDesc>
      </fileDesc>
      <encodingDesc>
         <projectDesc>
            <p>This e-text is part of the Works section of the Eighteenth-Century Poetry Archive (ECPA).</p>
            <p>XML created for the Eighteenth-Century Poetry Archive (ECPA).</p>
         </projectDesc>
         <editorialDecl>
            <p>Typography, spelling, capitalization, and punctuation have been cautiously modernized. The source of the text is given and all significant
						editorial interventions have been recorded in textual notes. This  text has been edited to conform to the recommendations found 
						in Level 5 of the
						Best Practices for TEI in Libraries version 4.0.0.
					</p>
         </editorialDecl>
         <classDecl>
            <taxonomy xml:id="LCNAF">
               <bibl>Library of Congress Name Authority File (<abbr>LCNAF</abbr>)</bibl>
            </taxonomy>
         </classDecl>
         <tagsDecl>
            <rendition n="linegroups indented" xml:id="lgindent" scheme="css">text-indent: 1em;</rendition>
            <rendition n="linegroups vertically spaced" xml:id="lgvspace" scheme="css">margin-bottom: 1em;</rendition>
            <rendition n="aligned centrally" xml:id="align-center" scheme="css">text-align: center;</rendition>
            <rendition n="aligned right" xml:id="align-right" scheme="css">text-align: right;</rendition>
            <rendition n="aligned left" xml:id="align-left" scheme="css">text-align: left;</rendition>
            <rendition n="inline" xml:id="inline" scheme="css">display: inline</rendition>
            <rendition n="italic" xml:id="i" scheme="css">font-style: italic;</rendition>
            <rendition n="bold" xml:id="b" scheme="css">font-weight: bold;</rendition>
         </tagsDecl>
      </encodingDesc>
   </teiHeader>
   <text>
      <body>
         <div xmlns:ecep="http://www.eighteenthcenturypoetry.org/ns"
              ana="#iamb #dimeter #trimeter #tetrameter #pentameter #address #occasional"
              corresp="#txt_CrisAn1769_w0020"
              decls="#semi-normalized"
              ecep:syllab=""
              met="irregular"
              rendition="#lgvspace"
              rhyme="irregular"
              subtype="eceptext"
              type="poem"
              xml:id="cac95-w0200">
            <link target="authors.xml#aut_CrisAn1769" type="author"/>
            <head type="main">
               <w xmlns:ecep="http://www.eighteenthcenturypoetry.org/ns"
                  xml:id="cac95-213680"
                  n="a-0010"
                  ecep:lem="to"
                  ecep:pos="p-acp"
                  ecep:reg="TO"
                  ecep:spe="TO"
                  ecep:syllab="1"
                  ecep:pron="tuː">TO</w>
               <c> </c>
               <w xmlns:ecep="http://www.eighteenthcenturypoetry.org/ns"
                  xml:id="cac95-213690"
                  n="a-0020"
                  ecep:lem="a"
                  ecep:pos="dt"
                  ecep:reg="A"
                  ecep:spe="A"
                  ecep:syllab="1"
                  ecep:pron="ə">A</w>
               <c> </c>
               <w xmlns:ecep="http://www.eighteenthcenturypoetry.org/ns"
                  xml:id="cac95-213700"
                  n="a-0030"
                  ecep:lem="lady"
                  ecep:pos="n1"
                  ecep:reg="LADY"
                  ecep:spe="LADY"
                  ecep:syllab="2"
                  ecep:pron="ˈleɪdi">LADY</w>
               <pc xmlns:ecep="http://www.eighteenthcenturypoetry.org/ns"
                   xml:id="cac95-213710"
                   n="a-0040"
                   ecep:lem=","
                   ecep:pos=","
                   ecep:reg=","
                   ecep:spe=",">,</pc>
               <c> </c>
               <w xmlns:ecep="http://www.eighteenthcenturypoetry.org/ns"
                  xml:id="cac95-213720"
                  n="a-0050"
                  ecep:lem="on"
                  ecep:pos="p-acp"
                  ecep:reg="ON"
                  ecep:spe="ON"
                  ecep:syllab="1"
                  ecep:pron="ɒn">ON</w>
               <c> </c>
               <w xmlns:ecep="http://www.eighteenthcenturypoetry.org/ns"
                  xml:id="cac95-213730"
                  n="a-0060"
                  ecep:lem="the"
                  ecep:pos="dt"
                  ecep:reg="THE"
                  ecep:spe="THE"
                  ecep:syllab="1"
                  ecep:pron="ðiː">THE</w>
               <c> </c>
               <w xmlns:ecep="http://www.eighteenthcenturypoetry.org/ns"
                  xml:id="cac95-213740"
                  n="a-0070"
                  ecep:lem="rise"
                  ecep:pos="vvb"
                  ecep:reg="RISE"
                  ecep:spe="RISE"
                  ecep:syllab="1"
                  ecep:pron="raɪz">RISE</w>
               <c> </c>
               <w xmlns:ecep="http://www.eighteenthcenturypoetry.org/ns"
                  xml:id="cac95-213750"
                  n="a-0080"
                  ecep:lem="of"
                  ecep:pos="pp-f"
                  ecep:reg="OF"
                  ecep:spe="OF"
                  ecep:syllab="1"
                  ecep:pron="ɒv">OF</w>
               <c> </c>
               <w xmlns:ecep="http://www.eighteenthcenturypoetry.org/ns"
                  xml:id="cac95-213760"
                  n="a-0090"
                  ecep:lem="morn"
                  ecep:pos="n1"
                  ecep:reg="MORN"
                  ecep:spe="MORN"
                  ecep:syllab="1"
                  ecep:pron="mɔːn">MORN</w>
               <pc xmlns:ecep="http://www.eighteenthcenturypoetry.org/ns"
                   xml:id="cac95-213770"
                   n="a-0100"
                   unit="sentence"
                   ecep:lem="."
                   ecep:pos="."
                   ecep:reg="."
                   ecep:spe=".">.</pc>
            </head>
            <lg xml:id="cac95-s01280">
               <l xml:id="cac95-l11425">
                  <w xmlns:ecep="http://www.eighteenthcenturypoetry.org/ns"
                     xml:id="cac95-213800"
                     n="a-0110"
                     ecep:lem="rise"
                     ecep:pos="vvb"
                     ecep:reg="RISE"
                     ecep:spe="RISE"
                     ecep:syllab="1"
                     ecep:pron="raɪz">RISE</w>
                  <pc xmlns:ecep="http://www.eighteenthcenturypoetry.org/ns"
                      xml:id="cac95-213810"
                      n="a-0120"
                      ecep:lem=","
                      ecep:pos=","
                      ecep:reg=","
                      ecep:spe=",">,</pc>
                  <c> </c>
                  <w xmlns:ecep="http://www.eighteenthcenturypoetry.org/ns"
                     xml:id="cac95-213820"
                     n="a-0130"
                     ecep:lem="blossom"
                     ecep:pos="n1"
                     ecep:reg="blossom"
                     ecep:spe="blossom"
                     ecep:syllab="2"
                     ecep:pron="ˈblɒsm">blossom</w>
                  <c> </c>
                  <w xmlns:ecep="http://www.eighteenthcenturypoetry.org/ns"
                     xml:id="cac95-213830"
                     n="a-0140"
                     ecep:lem="of"
                     ecep:pos="pp-f"
                     ecep:reg="of"
                     ecep:spe="of"
                     ecep:syllab="1"
                     ecep:pron="ɒv">of</w>
                  <c> </c>
                  <w xmlns:ecep="http://www.eighteenthcenturypoetry.org/ns"
                     xml:id="cac95-213840"
                     n="a-0150"
                     ecep:lem="the"
                     ecep:pos="dt"
                     ecep:reg="the"
                     ecep:spe="the"
                     ecep:syllab="1"
                     ecep:pron="ðiː">the</w>
                  <c> </c>
                  <w xmlns:ecep="http://www.eighteenthcenturypoetry.org/ns"
                     xml:id="cac95-213850"
                     n="a-0160"
                     ecep:lem="spring"
                     ecep:pos="n1"
                     ecep:reg="spring"
                     ecep:spe="spring"
                     ecep:syllab="1"
                     ecep:pron="sprɪŋ">spring</w>
                  <pc xmlns:ecep="http://www.eighteenthcenturypoetry.org/ns"
                      xml:id="cac95-213860"
                      n="a-0170"
                      ecep:lem=","
                      ecep:pos=","
                      ecep:reg=","
                      ecep:spe=",">,</pc>
               </l>
               <l xml:id="cac95-l11430">
                  <c> </c>
                  <w xmlns:ecep="http://www.eighteenthcenturypoetry.org/ns"
                     xml:id="cac95-213870"
                     n="a-0180"
                     ecep:lem="the"
                     ecep:pos="dt"
                     ecep:reg="The"
                     ecep:spe="The"
                     ecep:syllab="1"
                     ecep:pron="ðiː">The</w>
                  <c> </c>
                  <w xmlns:ecep="http://www.eighteenthcenturypoetry.org/ns"
                     xml:id="cac95-213880"
                     n="a-0190"
                     ecep:lem="dew"
                     ecep:pos="n2"
                     ecep:reg="dews"
                     ecep:spe="dews"
                     ecep:syllab="1"
                     ecep:pron="dʒuːz">dews</w>
                  <c> </c>
                  <w xmlns:ecep="http://www.eighteenthcenturypoetry.org/ns"
                     xml:id="cac95-213890"
                     n="a-0200"
                     ecep:lem="of"
                     ecep:pos="pp-f"
                     ecep:reg="of"
                     ecep:spe="of"
                     ecep:syllab="1"
                     ecep:pron="ɒv">of</w>
                  <c> </c>
                  <w xmlns:ecep="http://www.eighteenthcenturypoetry.org/ns"
                     xml:id="cac95-213900"
                     n="a-0210"
                     ecep:lem="morn"
                     ecep:pos="n1"
                     ecep:reg="morn"
                     ecep:spe="morn"
                     ecep:syllab="1"
                     ecep:pron="mɔːn">morn</w>
               </l>
               <l xml:id="cac95-l11435">
                  <c> </c>
                  <w xmlns:ecep="http://www.eighteenthcenturypoetry.org/ns"
                     xml:id="cac95-213910"
                     n="a-0220"
                     ecep:lem="still"
                     ecep:pos="av"
                     ecep:reg="Still"
                     ecep:spe="Still"
                     ecep:syllab="1"
                     ecep:pron="stɪl">Still</w>
                  <c> </c>
                  <w xmlns:ecep="http://www.eighteenthcenturypoetry.org/ns"
                     xml:id="cac95-213920"
                     n="a-0230"
                     ecep:lem="linger"
                     ecep:pos="vvi"
                     ecep:reg="linger"
                     ecep:spe="linger"
                     ecep:syllab="2"
                     ecep:pron="ˈlɪŋgə">linger</w>
                  <c> </c>
                  <w xmlns:ecep="http://www.eighteenthcenturypoetry.org/ns"
                     xml:id="cac95-213930"
                     n="a-0240"
                     ecep:lem="on"
                     ecep:pos="p-acp"
                     ecep:reg="on"
                     ecep:spe="on"
                     ecep:syllab="1"
                     ecep:pron="ɒn">on</w>
                  <c> </c>
                  <w xmlns:ecep="http://www.eighteenthcenturypoetry.org/ns"
                     xml:id="cac95-213940"
                     n="a-0250"
                     ecep:lem="the"
                     ecep:pos="dt"
                     ecep:reg="the"
                     ecep:spe="the"
                     ecep:syllab="1"
                     ecep:pron="ðiː">the</w>
                  <c> </c>
                  <w xmlns:ecep="http://www.eighteenthcenturypoetry.org/ns"
                     xml:id="cac95-213950"
                     n="a-0260"
                     ecep:lem="barren"
                     ecep:pos="j"
                     ecep:reg="barren"
                     ecep:spe="barren"
                     ecep:syllab="2"
                     ecep:pron="ˈbærn">barren</w>
                  <c> </c>
                  <w xmlns:ecep="http://www.eighteenthcenturypoetry.org/ns"
                     xml:id="cac95-213960"
                     n="a-0270"
                     ecep:lem="thorn"
                     ecep:pos="n1"
                     ecep:reg="thorn"
                     ecep:spe="thorn"
                     ecep:syllab="1"
                     ecep:pron="θɔːn">thorn</w>
                  <pc xmlns:ecep="http://www.eighteenthcenturypoetry.org/ns"
                      xml:id="cac95-213970"
                      n="a-0280"
                      ecep:lem=";"
                      ecep:pos=";"
                      ecep:reg=";"
                      ecep:spe=";">;</pc>
               </l>
               <l xml:id="cac95-l11440">
                  <c> </c>
                  <w xmlns:ecep="http://www.eighteenthcenturypoetry.org/ns"
                     xml:id="cac95-213980"
                     n="a-0290"
                     ecep:lem="arise"
                     ecep:pos="vvb"
                     ecep:reg="Arise"
                     ecep:spe="Arise"
                     ecep:syllab="2"
                     ecep:pron="əˈraɪz">Arise</w>
                  <pc xmlns:ecep="http://www.eighteenthcenturypoetry.org/ns"
                      xml:id="cac95-213990"
                      n="a-0300"
                      ecep:lem=","
                      ecep:pos=","
                      ecep:reg=","
                      ecep:spe=",">,</pc>
                  <c> </c>
                  <w xmlns:ecep="http://www.eighteenthcenturypoetry.org/ns"
                     xml:id="cac95-214000"
                     n="a-0310"
                     ecep:lem="and"
                     ecep:pos="cc"
                     ecep:reg="and"
                     ecep:spe="and"
                     ecep:syllab="1"
                     ecep:pron="ænd">and</w>
                  <c> </c>
                  <w xmlns:ecep="http://www.eighteenthcenturypoetry.org/ns"
                     xml:id="cac95-214010"
                     n="a-0320"
                     ecep:lem="sing"
                     ecep:pos="vvb"
                     ecep:reg="sing"
                     ecep:spe="sing"
                     ecep:syllab="1"
                     ecep:pron="sɪŋ">sing</w>
                  <pc xmlns:ecep="http://www.eighteenthcenturypoetry.org/ns"
                      xml:id="cac95-214020"
                      n="a-0330"
                      unit="sentence"
                      ecep:lem="!"
                      ecep:pos="!"
                      ecep:reg="!"
                      ecep:spe="!">!</pc>
                  <c> </c>
               </l>
            </lg>
            <lg xml:id="cac95-s01285">
               <l xml:id="cac95-l11445">
                  <w xmlns:ecep="http://www.eighteenthcenturypoetry.org/ns"
                     xml:id="cac95-214050"
                     n="a-0340"
                     ecep:lem="O!"
                     ecep:pos="np1"
                     ecep:reg="O!"
                     ecep:spe="O!"
                     ecep:syllab="1"
                     ecep:pron="ˈəʊ">O!</w>
                  <c> </c>
                  <w xmlns:ecep="http://www.eighteenthcenturypoetry.org/ns"
                     xml:id="cac95-214060"
                     n="a-0350"
                     ecep:lem="join"
                     ecep:pos="vvb"
                     ecep:reg="join"
                     ecep:spe="join"
                     ecep:syllab="1"
                     ecep:pron="dʒɔɪn">join</w>
                  <c> </c>
                  <w xmlns:ecep="http://www.eighteenthcenturypoetry.org/ns"
                     xml:id="cac95-214070"
                     n="a-0360"
                     ecep:lem="my"
                     ecep:pos="po11"
                     ecep:reg="my"
                     ecep:spe="my"
                     ecep:syllab="1"
                     ecep:pron="maɪ">my</w>
                  <c> </c>
                  <w xmlns:ecep="http://www.eighteenthcenturypoetry.org/ns"
                     xml:id="cac95-214080"
                     n="a-0370"
                     ecep:lem="rapturous"
                     ecep:pos="j"
                     ecep:reg="rapturous"
                     ecep:spe="rapt'rous"
                     ecep:syllab="2"
                     ecep:pron="rˈæptrəs">rapt'rous</w>
                  <c> </c>
                  <w xmlns:ecep="http://www.eighteenthcenturypoetry.org/ns"
                     xml:id="cac95-214090"
                     n="a-0380"
                     ecep:lem="song"
                     ecep:pos="n1"
                     ecep:reg="song"
                     ecep:spe="song"
                     ecep:syllab="1"
                     ecep:pron="sɒŋ">song</w>
                  <pc xmlns:ecep="http://www.eighteenthcenturypoetry.org/ns"
                      xml:id="cac95-214100"
                      n="a-0390"
                      unit="sentence"
                      ecep:lem="!"
                      ecep:pos="!"
                      ecep:reg="!"
                      ecep:spe="!">!</pc>
                  <c> </c>
               </l>
               <l xml:id="cac95-l11450">
                  <w xmlns:ecep="http://www.eighteenthcenturypoetry.org/ns"
                     xml:id="cac95-214110"
                     n="a-0400"
                     ecep:lem="and"
                     ecep:pos="cc"
                     ecep:reg="And"
                     ecep:spe="And"
                     ecep:syllab="1"
                     ecep:pron="ænd">And</w>
                  <c> </c>
                  <w xmlns:ecep="http://www.eighteenthcenturypoetry.org/ns"
                     xml:id="cac95-214120"
                     n="a-0410"
                     ecep:lem="over"
                     ecep:pos="p-acp"
                     ecep:reg="over"
                     ecep:spe="o'er"
                     ecep:syllab="1"
                     ecep:pron="ˈɔːə">o'er</w>
                  <c> </c>
                  <w xmlns:ecep="http://www.eighteenthcenturypoetry.org/ns"
                     xml:id="cac95-214130"
                     n="a-0420"
                     ecep:lem="the"
                     ecep:pos="dt"
                     ecep:reg="the"
                     ecep:spe="the"
                     ecep:syllab="1"
                     ecep:pron="ðiː">the</w>
                  <c> </c>
                  <w xmlns:ecep="http://www.eighteenthcenturypoetry.org/ns"
                     xml:id="cac95-214140"
                     n="a-0430"
                     ecep:lem="wild"
                     ecep:pos="j"
                     ecep:reg="wild"
                     ecep:spe="wild"
                     ecep:syllab="1"
                     ecep:pron="waɪld">wild</w>
                  <c> </c>
                  <w xmlns:ecep="http://www.eighteenthcenturypoetry.org/ns"
                     xml:id="cac95-214150"
                     n="a-0440"
                     ecep:lem="bleak"
                     ecep:pos="j"
                     ecep:reg="bleak"
                     ecep:spe="bleak"
                     ecep:syllab="1"
                     ecep:pron="bliːk">bleak</w>
                  <c> </c>
                  <w xmlns:ecep="http://www.eighteenthcenturypoetry.org/ns"
                     xml:id="cac95-214160"
                     n="a-0450"
                     ecep:lem="hill"
                     ecep:pos="n2"
                     ecep:reg="hills"
                     ecep:spe="hills"
                     ecep:syllab="1"
                     ecep:pron="hɪlz">hills</w>
               </l>
               <l xml:id="cac95-l11455">
                  <c> </c>
                  <w xmlns:ecep="http://www.eighteenthcenturypoetry.org/ns"
                     xml:id="cac95-214170"
                     n="a-0460"
                     ecep:lem="and"
                     ecep:pos="cc"
                     ecep:reg="And"
                     ecep:spe="And"
                     ecep:syllab="1"
                     ecep:pron="ænd">And</w>
                  <c> </c>
                  <w xmlns:ecep="http://www.eighteenthcenturypoetry.org/ns"
                     xml:id="cac95-214180"
                     n="a-0470"
                     ecep:lem="unfledged"
                     ecep:pos="j"
                     ecep:reg="unfledged"
                     ecep:spe="unfledg'd"
                     ecep:syllab="2"
                     ecep:pron="ʌnˈfledʒd">unfledg'd</w>
                  <c> </c>
                  <w xmlns:ecep="http://www.eighteenthcenturypoetry.org/ns"
                     xml:id="cac95-214190"
                     n="a-0480"
                     ecep:lem="field"
                     ecep:pos="n2"
                     ecep:reg="fields"
                     ecep:spe="fields"
                     ecep:syllab="1"
                     ecep:pron="ˈfiːldz">fields</w>
                  <c> </c>
                  <w xmlns:ecep="http://www.eighteenthcenturypoetry.org/ns"
                     xml:id="cac95-214200"
                     n="a-0490"
                     ecep:lem="along"
                     ecep:pos="p-acp"
                     ecep:reg="along"
                     ecep:spe="along"
                     ecep:syllab="2"
                     ecep:pron="əˈlɒŋ">along</w>
               </l>
               <l xml:id="cac95-l11460">
                  <c> </c>
                  <w xmlns:ecep="http://www.eighteenthcenturypoetry.org/ns"
                     xml:id="cac95-214210"
                     n="a-0500"
                     ecep:lem="pursue"
                     ecep:pos="vvi"
                     ecep:reg="Pursue"
                     ecep:spe="Pursue"
                     ecep:syllab="2"
                     ecep:pron="pəˈsjuː">Pursue</w>
                  <c> </c>
                  <w xmlns:ecep="http://www.eighteenthcenturypoetry.org/ns"
                     xml:id="cac95-214220"
                     n="a-0510"
                     ecep:lem="the"
                     ecep:pos="dt"
                     ecep:reg="the"
                     ecep:spe="the"
                     ecep:syllab="1"
                     ecep:pron="ðiː">the</w>
                  <c> </c>
                  <w xmlns:ecep="http://www.eighteenthcenturypoetry.org/ns"
                     xml:id="cac95-214230"
                     n="a-0520"
                     ecep:lem="trickle"
                     ecep:pos="j-vvg"
                     ecep:reg="trickling"
                     ecep:spe="trickling"
                     ecep:syllab="2"
                     ecep:pron="ˈtrɪklɪŋ">trickling</w>
                  <c> </c>
                  <w xmlns:ecep="http://www.eighteenthcenturypoetry.org/ns"
                     xml:id="cac95-214240"
                     n="a-0530"
                     ecep:lem="rill"
                     ecep:pos="n2"
                     ecep:reg="rills"
                     ecep:spe="rills"
                     ecep:syllab="1"
                     ecep:pron="rɪlz">rills</w>
                  <pc xmlns:ecep="http://www.eighteenthcenturypoetry.org/ns"
                      xml:id="cac95-214250"
                      n="a-0540"
                      ecep:lem=":"
                      ecep:pos=":"
                      ecep:reg=":"
                      ecep:spe=":">:</pc>
               </l>
               <l xml:id="cac95-l11465">
                  <c> </c>
                  <w xmlns:ecep="http://www.eighteenthcenturypoetry.org/ns"
                     xml:id="cac95-214260"
                     n="a-0550"
                     ecep:lem="o"
                     ecep:pos="uh"
                     ecep:reg="OH"
                     ecep:spe="O"
                     ecep:syllab="1"
                     ecep:pron="əʊ">O</w>
                  <pc xmlns:ecep="http://www.eighteenthcenturypoetry.org/ns"
                      xml:id="cac95-214270"
                      n="a-0560"
                      ecep:lem=","
                      ecep:pos=","
                      ecep:reg=","
                      ecep:spe=",">,</pc>
                  <c> </c>
                  <w xmlns:ecep="http://www.eighteenthcenturypoetry.org/ns"
                     xml:id="cac95-214280"
                     n="a-0570"
                     ecep:lem="rise"
                     ecep:pos="vvb"
                     ecep:reg="rise"
                     ecep:spe="rise"
                     ecep:syllab="1"
                     ecep:pron="raɪz">rise</w>
                  <pc xmlns:ecep="http://www.eighteenthcenturypoetry.org/ns"
                      xml:id="cac95-214290"
                      n="a-0580"
                      unit="sentence"
                      ecep:lem="!"
                      ecep:pos="!"
                      ecep:reg="!"
                      ecep:spe="!">!</pc>
                  <c> </c>
               </l>
               <l xml:id="cac95-l11470">
                  <w xmlns:ecep="http://www.eighteenthcenturypoetry.org/ns"
                     xml:id="cac95-214300"
                     n="a-0590"
                     ecep:lem="clothe"
                     ecep:pos="j-vvn"
                     ecep:reg="Clothed"
                     ecep:spe="Cloath'd"
                     ecep:syllab="1"
                     ecep:pron="kləʊðd">Cloath'd</w>
                  <c> </c>
                  <w xmlns:ecep="http://www.eighteenthcenturypoetry.org/ns"
                     xml:id="cac95-214310"
                     n="a-0600"
                     ecep:lem="with"
                     ecep:pos="p-acp"
                     ecep:reg="with"
                     ecep:spe="with"
                     ecep:syllab="1"
                     ecep:pron="wɪð">with</w>
                  <c> </c>
                  <w xmlns:ecep="http://www.eighteenthcenturypoetry.org/ns"
                     xml:id="cac95-214320"
                     n="a-0610"
                     ecep:lem="that"
                     ecep:pos="d"
                     ecep:reg="that"
                     ecep:spe="that"
                     ecep:syllab="1"
                     ecep:pron="ðæt">that</w>
                  <c> </c>
                  <w xmlns:ecep="http://www.eighteenthcenturypoetry.org/ns"
                     xml:id="cac95-214330"
                     n="a-0620"
                     ecep:lem="modest"
                     ecep:pos="j"
                     ecep:reg="modest"
                     ecep:spe="modest"
                     ecep:syllab="2"
                     ecep:pron="ˈmɒdɪst">modest</w>
                  <c> </c>
                  <w xmlns:ecep="http://www.eighteenthcenturypoetry.org/ns"
                     xml:id="cac95-214340"
                     n="a-0630"
                     ecep:lem="grace"
                     ecep:pos="n1"
                     ecep:reg="grace"
                     ecep:spe="grace"
                     ecep:syllab="1"
                     ecep:pron="greɪs">grace</w>
               </l>
               <l xml:id="cac95-l11475">
                  <c> </c>
                  <w xmlns:ecep="http://www.eighteenthcenturypoetry.org/ns"
                     xml:id="cac95-214350"
                     n="a-0640"
                     ecep:lem="that"
                     ecep:pos="cst"
                     ecep:reg="That"
                     ecep:spe="That"
                     ecep:syllab="1"
                     ecep:pron="ðæt">That</w>
                  <c> </c>
                  <w xmlns:ecep="http://www.eighteenthcenturypoetry.org/ns"
                     xml:id="cac95-214360"
                     n="a-0650"
                     ecep:lem="veil"
                     ecep:pos="vvz"
                     ecep:reg="veils"
                     ecep:spe="veils"
                     ecep:syllab="1"
                     ecep:pron="veɪlz">veils</w>
                  <c> </c>
                  <w xmlns:ecep="http://www.eighteenthcenturypoetry.org/ns"
                     xml:id="cac95-214370"
                     n="a-0660"
                     ecep:lem="the"
                     ecep:pos="dt"
                     ecep:reg="the"
                     ecep:spe="the"
                     ecep:syllab="1"
                     ecep:pron="ðiː">the</w>
                  <c> </c>
                  <w xmlns:ecep="http://www.eighteenthcenturypoetry.org/ns"
                     xml:id="cac95-214380"
                     n="a-0670"
                     ecep:lem="glow"
                     ecep:pos="j-vvg"
                     ecep:reg="glowing"
                     ecep:spe="glowing"
                     ecep:syllab="2"
                     ecep:pron="gləʊɪŋ">glowing</w>
                  <c> </c>
                  <w xmlns:ecep="http://www.eighteenthcenturypoetry.org/ns"
                     xml:id="cac95-214390"
                     n="a-0680"
                     ecep:lem="beauty"
                     ecep:pos="n2"
                     ecep:reg="beauties"
                     ecep:spe="beauties"
                     ecep:syllab="2"
                     ecep:pron="ˈbjuːtiz">beauties</w>
                  <c> </c>
                  <w xmlns:ecep="http://www.eighteenthcenturypoetry.org/ns"
                     xml:id="cac95-214400"
                     n="a-0690"
                     ecep:lem="of"
                     ecep:pos="pp-f"
                     ecep:reg="of"
                     ecep:spe="of"
                     ecep:syllab="1"
                     ecep:pron="ɒv">of</w>
                  <c> </c>
                  <w xmlns:ecep="http://www.eighteenthcenturypoetry.org/ns"
                     xml:id="cac95-214410"
                     n="a-0700"
                     ecep:lem="thy"
                     ecep:pos="po21"
                     ecep:reg="thy"
                     ecep:spe="thy"
                     ecep:syllab="1"
                     ecep:pron="ðaɪ">thy</w>
                  <c> </c>
                  <w xmlns:ecep="http://www.eighteenthcenturypoetry.org/ns"
                     xml:id="cac95-214420"
                     n="a-0710"
                     ecep:lem="face"
                     ecep:pos="n1"
                     ecep:reg="face"
                     ecep:spe="face"
                     ecep:syllab="1"
                     ecep:pron="feɪs">face</w>
                  <pc xmlns:ecep="http://www.eighteenthcenturypoetry.org/ns"
                      xml:id="cac95-214430"
                      n="a-0720"
                      ecep:lem=","
                      ecep:pos=","
                      ecep:reg=","
                      ecep:spe=",">,</pc>
               </l>
               <l xml:id="cac95-l11480">
                  <c> </c>
                  <w xmlns:ecep="http://www.eighteenthcenturypoetry.org/ns"
                     xml:id="cac95-214440"
                     n="a-0730"
                     ecep:lem="and"
                     ecep:pos="cc"
                     ecep:reg="And"
                     ecep:spe="And"
                     ecep:syllab="1"
                     ecep:pron="ænd">And</w>
                  <c> </c>
                  <w xmlns:ecep="http://www.eighteenthcenturypoetry.org/ns"
                     xml:id="cac95-214450"
                     n="a-0740"
                     ecep:lem="downward"
                     ecep:pos="av-j"
                     ecep:reg="downward"
                     ecep:spe="downward"
                     ecep:syllab="2"
                     ecep:pron="ˈdaʊnwəd">downward</w>
                  <c> </c>
                  <w xmlns:ecep="http://www.eighteenthcenturypoetry.org/ns"
                     xml:id="cac95-214460"
                     n="a-0750"
                     ecep:lem="point"
                     ecep:pos="vvz"
                     ecep:reg="points"
                     ecep:spe="points"
                     ecep:syllab="1"
                     ecep:pron="pɔɪnts">points</w>
                  <c> </c>
                  <w xmlns:ecep="http://www.eighteenthcenturypoetry.org/ns"
                     xml:id="cac95-214470"
                     n="a-0760"
                     ecep:lem="the"
                     ecep:pos="dt"
                     ecep:reg="the"
                     ecep:spe="the"
                     ecep:syllab="1"
                     ecep:pron="ðiː">the</w>
                  <c> </c>
                  <w xmlns:ecep="http://www.eighteenthcenturypoetry.org/ns"
                     xml:id="cac95-214480"
                     n="a-0770"
                     ecep:lem="radiance"
                     ecep:pos="n1"
                     ecep:reg="radiance"
                     ecep:spe="radiance"
                     ecep:syllab="3"
                     ecep:pron="ˈreɪdiəns">radiance</w>
                  <c> </c>
                  <w xmlns:ecep="http://www.eighteenthcenturypoetry.org/ns"
                     xml:id="cac95-214490"
                     n="a-0780"
                     ecep:lem="of"
                     ecep:pos="pp-f"
                     ecep:reg="of"
                     ecep:spe="of"
                     ecep:syllab="1"
                     ecep:pron="ɒv">of</w>
                  <c> </c>
                  <w xmlns:ecep="http://www.eighteenthcenturypoetry.org/ns"
                     xml:id="cac95-214500"
                     n="a-0790"
                     ecep:lem="thy"
                     ecep:pos="po21"
                     ecep:reg="thine"
                     ecep:spe="thine"
                     ecep:syllab="1"
                     ecep:pron="ðaɪn">thine</w>
                  <c> </c>
                  <w xmlns:ecep="http://www.eighteenthcenturypoetry.org/ns"
                     xml:id="cac95-214510"
                     n="a-0800"
                     ecep:lem="eye"
                     ecep:pos="n2"
                     ecep:reg="eyes"
                     ecep:spe="eyes"
                     ecep:syllab="1"
                     ecep:pron="aɪz">eyes</w>
                  <pc xmlns:ecep="http://www.eighteenthcenturypoetry.org/ns"
                      xml:id="cac95-214520"
                      n="a-0810"
                      unit="sentence"
                      ecep:lem="."
                      ecep:pos="."
                      ecep:reg="."
                      ecep:spe=".">.</pc>
                  <c> </c>
               </l>
               <l xml:id="cac95-l11485">
                  <w xmlns:ecep="http://www.eighteenthcenturypoetry.org/ns"
                     xml:id="cac95-214530"
                     n="a-0820"
                     ecep:lem="i"
                     ecep:pos="pns11"
                     ecep:reg="I"
                     ecep:spe="I"
                     ecep:syllab="1"
                     ecep:pron="aɪ">I</w>
                  <c> </c>
                  <w xmlns:ecep="http://www.eighteenthcenturypoetry.org/ns"
                     xml:id="cac95-214540"
                     n="a-0830"
                     ecep:lem="wait"
                     ecep:pos="vvb"
                     ecep:reg="wait"
                     ecep:spe="wait"
                     ecep:syllab="1"
                     ecep:pron="weɪt">wait</w>
                  <c> </c>
                  <w xmlns:ecep="http://www.eighteenthcenturypoetry.org/ns"
                     xml:id="cac95-214550"
                     n="a-0840"
                     ecep:lem="thou"
                     ecep:pos="pno21"
                     ecep:reg="thee"
                     ecep:spe="thee"
                     ecep:syllab="1"
                     ecep:pron="ðiː">thee</w>
                  <c> </c>
                  <w xmlns:ecep="http://www.eighteenthcenturypoetry.org/ns"
                     xml:id="cac95-214560"
                     n="a-0850"
                     ecep:lem="on"
                     ecep:pos="p-acp"
                     ecep:reg="on"
                     ecep:spe="on"
                     ecep:syllab="1"
                     ecep:pron="ɒn">on</w>
                  <c> </c>
                  <w xmlns:ecep="http://www.eighteenthcenturypoetry.org/ns"
                     xml:id="cac95-214570"
                     n="a-0860"
                     ecep:lem="the"
                     ecep:pos="dt"
                     ecep:reg="the"
                     ecep:spe="the"
                     ecep:syllab="1"
                     ecep:pron="ðiː">the</w>
                  <c> </c>
                  <w xmlns:ecep="http://www.eighteenthcenturypoetry.org/ns"
                     xml:id="cac95-214580"
                     n="a-0870"
                     ecep:lem="thaw"
                     ecep:pos="j-vvg"
                     ecep:reg="thawing"
                     ecep:spe="thawing"
                     ecep:syllab="2"
                     ecep:pron="θɔːɪŋ">thawing</w>
                  <c> </c>
                  <w xmlns:ecep="http://www.eighteenthcenturypoetry.org/ns"
                     xml:id="cac95-214590"
                     n="a-0880"
                     ecep:lem="mountain"
                     ecep:pos="n2"
                     ecep:reg="mountains"
                     ecep:spe="mountains"
                     ecep:syllab="2"
                     ecep:pron="ˈmaʊntɪnz">mountains</w>
                  <pc xmlns:ecep="http://www.eighteenthcenturypoetry.org/ns"
                      xml:id="cac95-214600"
                      n="a-0890"
                      ecep:lem=","
                      ecep:pos=","
                      ecep:reg=","
                      ecep:spe=",">,</pc>
               </l>
               <l xml:id="cac95-l11490">
                  <c> </c>
                  <w xmlns:ecep="http://www.eighteenthcenturypoetry.org/ns"
                     xml:id="cac95-214610"
                     n="a-0900"
                     ecep:lem="where"
                     ecep:pos="q-crq"
                     ecep:reg="Where"
                     ecep:spe="Where"
                     ecep:syllab="1"
                     ecep:pron="weə">Where</w>
                  <c> </c>
                  <w xmlns:ecep="http://www.eighteenthcenturypoetry.org/ns"
                     xml:id="cac95-214620"
                     n="a-0910"
                     ecep:lem="spring"
                     ecep:pos="n1"
                     ecep:reg="spring"
                     ecep:spe="spring"
                     ecep:syllab="1"
                     ecep:pron="sprɪŋ">spring</w>
                  <c> </c>
                  <w xmlns:ecep="http://www.eighteenthcenturypoetry.org/ns"
                     xml:id="cac95-214630"
                     n="a-0920"
                     ecep:lem="dissolve"
                     ecep:pos="vvz"
                     ecep:reg="dissolves"
                     ecep:spe="dissolves"
                     ecep:syllab="2"
                     ecep:pron="dɪˈzɒlvz">dissolves</w>
                  <c> </c>
                  <w xmlns:ecep="http://www.eighteenthcenturypoetry.org/ns"
                     xml:id="cac95-214640"
                     n="a-0930"
                     ecep:lem="the"
                     ecep:pos="dt"
                     ecep:reg="the"
                     ecep:spe="the"
                     ecep:syllab="1"
                     ecep:pron="ðiː">the</w>
                  <c> </c>
                  <w xmlns:ecep="http://www.eighteenthcenturypoetry.org/ns"
                     xml:id="cac95-214650"
                     n="a-0940"
                     ecep:lem="linger"
                     ecep:pos="j-vvg"
                     ecep:reg="lingering"
                     ecep:spe="lingering"
                     ecep:syllab="3"
                     ecep:pron="ˈlɪŋgrɪŋ">lingering</w>
                  <c> </c>
                  <w xmlns:ecep="http://www.eighteenthcenturypoetry.org/ns"
                     xml:id="cac95-214660"
                     n="a-0950"
                     ecep:lem="fountain"
                     ecep:pos="n2"
                     ecep:reg="fountains"
                     ecep:spe="fountains"
                     ecep:syllab="2"
                     ecep:pron="ˈfaʊntɪnz">fountains</w>
                  <pc xmlns:ecep="http://www.eighteenthcenturypoetry.org/ns"
                      xml:id="cac95-214670"
                      n="a-0960"
                      ecep:lem=";"
                      ecep:pos=";"
                      ecep:reg=";"
                      ecep:spe=";">;</pc>
               </l>
               <pb n="146" rend="none"/>
               <l xml:id="cac95-l11495">
                  <c> </c>
                  <w xmlns:ecep="http://www.eighteenthcenturypoetry.org/ns"
                     xml:id="cac95-214680"
                     n="a-0010"
                     ecep:lem="O!"
                     ecep:pos="np1"
                     ecep:reg="O!"
                     ecep:spe="O!"
                     ecep:syllab="1"
                     ecep:pron="ˈəʊ">O!</w>
                  <c> </c>
                  <w xmlns:ecep="http://www.eighteenthcenturypoetry.org/ns"
                     xml:id="cac95-214690"
                     n="a-0020"
                     ecep:lem="trace"
                     ecep:pos="vvb"
                     ecep:reg="trace"
                     ecep:spe="trace"
                     ecep:syllab="1"
                     ecep:pron="treɪs">trace</w>
                  <c> </c>
                  <w xmlns:ecep="http://www.eighteenthcenturypoetry.org/ns"
                     xml:id="cac95-214700"
                     n="a-0030"
                     ecep:lem="with"
                     ecep:pos="p-acp"
                     ecep:reg="with"
                     ecep:spe="with"
                     ecep:syllab="1"
                     ecep:pron="wɪð">with</w>
                  <c> </c>
                  <w xmlns:ecep="http://www.eighteenthcenturypoetry.org/ns"
                     xml:id="cac95-214710"
                     n="a-0040"
                     ecep:lem="i"
                     ecep:pos="pno11"
                     ecep:reg="me"
                     ecep:spe="me"
                     ecep:syllab="1"
                     ecep:pron="miː">me</w>
                  <c> </c>
                  <w xmlns:ecep="http://www.eighteenthcenturypoetry.org/ns"
                     xml:id="cac95-214720"
                     n="a-0050"
                     ecep:lem="the"
                     ecep:pos="dt"
                     ecep:reg="the"
                     ecep:spe="the"
                     ecep:syllab="1"
                     ecep:pron="ðiː">the</w>
                  <c> </c>
                  <w xmlns:ecep="http://www.eighteenthcenturypoetry.org/ns"
                     xml:id="cac95-214730"
                     n="a-0060"
                     ecep:lem="open"
                     ecep:pos="n-vvg"
                     ecep:reg="opening"
                     ecep:spe="opening"
                     ecep:syllab="2"
                     ecep:pron="ˈəʊpnɪŋ">opening</w>
                  <c> </c>
                  <w xmlns:ecep="http://www.eighteenthcenturypoetry.org/ns"
                     xml:id="cac95-214740"
                     n="a-0070"
                     ecep:lem="flower"
                     ecep:pos="n2"
                     ecep:reg="flowers"
                     ecep:spe="flowers"
                     ecep:syllab="1"
                     ecep:pron="flæəz">flowers</w>
                  <pc xmlns:ecep="http://www.eighteenthcenturypoetry.org/ns"
                      xml:id="cac95-214750"
                      n="a-0080"
                      ecep:lem=";"
                      ecep:pos=";"
                      ecep:reg=";"
                      ecep:spe=";">;</pc>
               </l>
               <l xml:id="cac95-l11500">
                  <c> </c>
                  <w xmlns:ecep="http://www.eighteenthcenturypoetry.org/ns"
                     xml:id="cac95-214760"
                     n="a-0090"
                     ecep:lem="brave"
                     ecep:pos="vvb"
                     ecep:reg="Brave"
                     ecep:spe="Brave"
                     ecep:syllab="1"
                     ecep:pron="breɪv">Brave</w>
                  <c> </c>
                  <w xmlns:ecep="http://www.eighteenthcenturypoetry.org/ns"
                     xml:id="cac95-214770"
                     n="a-0100"
                     ecep:lem="the"
                     ecep:pos="dt"
                     ecep:reg="the"
                     ecep:spe="the"
                     ecep:syllab="1"
                     ecep:pron="ðiː">the</w>
                  <c> </c>
                  <w xmlns:ecep="http://www.eighteenthcenturypoetry.org/ns"
                     xml:id="cac95-214780"
                     n="a-0110"
                     ecep:lem="sharp"
                     ecep:pos="j"
                     ecep:reg="sharp"
                     ecep:spe="sharp"
                     ecep:syllab="1"
                     ecep:pron="ʃɑːp">sharp</w>
                  <c> </c>
                  <w xmlns:ecep="http://www.eighteenthcenturypoetry.org/ns"
                     xml:id="cac95-214790"
                     n="a-0120"
                     ecep:lem="breeze"
                     ecep:pos="n1"
                     ecep:reg="breeze"
                     ecep:spe="breeze"
                     ecep:syllab="1"
                     ecep:pron="briːz">breeze</w>
                  <pc xmlns:ecep="http://www.eighteenthcenturypoetry.org/ns"
                      xml:id="cac95-214800"
                      n="a-0130"
                      ecep:lem=","
                      ecep:pos=","
                      ecep:reg=","
                      ecep:spe=",">,</pc>
                  <c> </c>
                  <w xmlns:ecep="http://www.eighteenthcenturypoetry.org/ns"
                     xml:id="cac95-214810"
                     n="a-0140"
                     ecep:lem="damp"
                     ecep:pos="j-jn"
                     ecep:reg="damp"
                     ecep:spe="damp"
                     ecep:syllab="1"
                     ecep:pron="dæmp">damp</w>
                  <c> </c>
                  <w xmlns:ecep="http://www.eighteenthcenturypoetry.org/ns"
                     xml:id="cac95-214820"
                     n="a-0150"
                     ecep:lem="dew"
                     ecep:pos="n2"
                     ecep:reg="dews"
                     ecep:spe="dews"
                     ecep:syllab="1"
                     ecep:pron="dʒuːz">dews</w>
                  <pc xmlns:ecep="http://www.eighteenthcenturypoetry.org/ns"
                      xml:id="cac95-214830"
                      n="a-0160"
                      ecep:lem=","
                      ecep:pos=","
                      ecep:reg=","
                      ecep:spe=",">,</pc>
                  <c> </c>
                  <w xmlns:ecep="http://www.eighteenthcenturypoetry.org/ns"
                     xml:id="cac95-214840"
                     n="a-0170"
                     ecep:lem="and"
                     ecep:pos="cc"
                     ecep:reg="and"
                     ecep:spe="and"
                     ecep:syllab="1"
                     ecep:pron="ænd">and</w>
                  <c> </c>
                  <w xmlns:ecep="http://www.eighteenthcenturypoetry.org/ns"
                     xml:id="cac95-214850"
                     n="a-0180"
                     ecep:lem="vernal"
                     ecep:pos="j"
                     ecep:reg="vernal"
                     ecep:spe="vernal"
                     ecep:syllab="2"
                     ecep:pron="ˈvɜːnl">vernal</w>
                  <c> </c>
                  <w xmlns:ecep="http://www.eighteenthcenturypoetry.org/ns"
                     xml:id="cac95-214860"
                     n="a-0190"
                     ecep:lem="shower"
                     ecep:pos="n2"
                     ecep:reg="showers"
                     ecep:spe="showers"
                     ecep:syllab="1"
                     ecep:pron="ˈʃaʊəz">showers</w>
                  <pc xmlns:ecep="http://www.eighteenthcenturypoetry.org/ns"
                      xml:id="cac95-214870"
                      n="a-0200"
                      unit="sentence"
                      ecep:lem="."
                      ecep:pos="."
                      ecep:reg="."
                      ecep:spe=".">.</pc>
                  <c> </c>
               </l>
               <l xml:id="cac95-l11505">
                  <w xmlns:ecep="http://www.eighteenthcenturypoetry.org/ns"
                     xml:id="cac95-214880"
                     n="a-0210"
                     ecep:lem="wild"
                     ecep:pos="j"
                     ecep:reg="Wild"
                     ecep:spe="Wild"
                     ecep:syllab="1"
                     ecep:pron="waɪld">Wild</w>
                  <c> </c>
                  <w xmlns:ecep="http://www.eighteenthcenturypoetry.org/ns"
                     xml:id="cac95-214890"
                     n="a-0220"
                     ecep:lem="various"
                     ecep:pos="j"
                     ecep:reg="various"
                     ecep:spe="various"
                     ecep:syllab="2"
                     ecep:pron="ˈveəriəs">various</w>
                  <c> </c>
                  <w xmlns:ecep="http://www.eighteenthcenturypoetry.org/ns"
                     xml:id="cac95-214900"
                     n="a-0230"
                     ecep:lem="nature"
                     ecep:pos="n1"
                     ecep:reg="Nature"
                     ecep:spe="Nature"
                     ecep:syllab="2"
                     ecep:pron="ˈneɪtʃə">Nature</w>
                  <c> </c>
                  <w xmlns:ecep="http://www.eighteenthcenturypoetry.org/ns"
                     xml:id="cac95-214910"
                     n="a-0240"
                     ecep:lem="strew"
                     ecep:pos="vvz"
                     ecep:reg="strews"
                     ecep:spe="strews"
                     ecep:syllab="1"
                     ecep:pron="struːz">strews</w>
                  <c> </c>
                  <w xmlns:ecep="http://www.eighteenthcenturypoetry.org/ns"
                     xml:id="cac95-214920"
                     n="a-0250"
                     ecep:lem="her"
                     ecep:pos="po31"
                     ecep:reg="her"
                     ecep:spe="her"
                     ecep:syllab="1"
                     ecep:pron="hɜː">her</w>
                  <c> </c>
                  <w xmlns:ecep="http://www.eighteenthcenturypoetry.org/ns"
                     xml:id="cac95-214930"
                     n="a-0260"
                     ecep:lem="charm"
                     ecep:pos="n2"
                     ecep:reg="charms"
                     ecep:spe="charms"
                     ecep:syllab="1"
                     ecep:pron="tʃɑːmz">charms</w>
                  <pc xmlns:ecep="http://www.eighteenthcenturypoetry.org/ns"
                      xml:id="cac95-214940"
                      n="a-0270"
                      ecep:lem=","
                      ecep:pos=","
                      ecep:reg=","
                      ecep:spe=",">,</pc>
               </l>
               <l xml:id="cac95-l11510">
                  <c> </c>
                  <w xmlns:ecep="http://www.eighteenthcenturypoetry.org/ns"
                     xml:id="cac95-214950"
                     n="a-0280"
                     ecep:lem="and"
                     ecep:pos="cc"
                     ecep:reg="And"
                     ecep:spe="And"
                     ecep:syllab="1"
                     ecep:pron="ænd">And</w>
                  <c> </c>
                  <w xmlns:ecep="http://www.eighteenthcenturypoetry.org/ns"
                     xml:id="cac95-214960"
                     n="a-0290"
                     ecep:lem="storm"
                     ecep:pos="n2"
                     ecep:reg="storms"
                     ecep:spe="storms"
                     ecep:syllab="1"
                     ecep:pron="stɔːmz">storms</w>
                  <c> </c>
                  <w xmlns:ecep="http://www.eighteenthcenturypoetry.org/ns"
                     xml:id="cac95-214970"
                     n="a-0300"
                     ecep:lem="surround"
                     ecep:pos="vvi"
                     ecep:reg="surround"
                     ecep:spe="surround"
                     ecep:syllab="2"
                     ecep:pron="səˈraʊnd">surround</w>
                  <c> </c>
                  <w xmlns:ecep="http://www.eighteenthcenturypoetry.org/ns"
                     xml:id="cac95-214980"
                     n="a-0310"
                     ecep:lem="her"
                     ecep:pos="po31"
                     ecep:reg="her"
                     ecep:spe="her"
                     ecep:syllab="1"
                     ecep:pron="hɜː">her</w>
                  <c> </c>
                  <w xmlns:ecep="http://www.eighteenthcenturypoetry.org/ns"
                     xml:id="cac95-214990"
                     n="a-0320"
                     ecep:lem="mild"
                     ecep:pos="js"
                     ecep:reg="mildest"
                     ecep:spe="mildest"
                     ecep:syllab="2"
                     ecep:pron="maɪldɪst">mildest</w>
                  <c> </c>
                  <w xmlns:ecep="http://www.eighteenthcenturypoetry.org/ns"
                     xml:id="cac95-215000"
                     n="a-0330"
                     ecep:lem="calm"
                     ecep:pos="n2-jn"
                     ecep:reg="calms"
                     ecep:spe="calms"
                     ecep:syllab="1"
                     ecep:pron="kɑːmz">calms</w>
                  <pc xmlns:ecep="http://www.eighteenthcenturypoetry.org/ns"
                      xml:id="cac95-215010"
                      n="a-0340"
                      ecep:lem=";"
                      ecep:pos=";"
                      ecep:reg=";"
                      ecep:spe=";">;</pc>
               </l>
               <l xml:id="cac95-l11515">
                  <c> </c>
                  <w xmlns:ecep="http://www.eighteenthcenturypoetry.org/ns"
                     xml:id="cac95-215020"
                     n="a-0350"
                     ecep:lem="O!"
                     ecep:pos="np1"
                     ecep:reg="O!"
                     ecep:spe="O!"
                     ecep:syllab="1"
                     ecep:pron="ˈəʊ">O!</w>
                  <c> </c>
                  <w xmlns:ecep="http://www.eighteenthcenturypoetry.org/ns"
                     xml:id="cac95-215030"
                     n="a-0360"
                     ecep:lem="to"
                     ecep:pos="p-acp"
                     ecep:reg="to"
                     ecep:spe="to"
                     ecep:syllab="1"
                     ecep:pron="tuː">to</w>
                  <c> </c>
                  <w xmlns:ecep="http://www.eighteenthcenturypoetry.org/ns"
                     xml:id="cac95-215040"
                     n="a-0370"
                     ecep:lem="her"
                     ecep:pos="po31"
                     ecep:reg="her"
                     ecep:spe="her"
                     ecep:syllab="1"
                     ecep:pron="hɜː">her</w>
                  <c> </c>
                  <w xmlns:ecep="http://www.eighteenthcenturypoetry.org/ns"
                     xml:id="cac95-215050"
                     n="a-0380"
                     ecep:lem="frown"
                     ecep:pos="n2"
                     ecep:reg="frowns"
                     ecep:spe="frowns"
                     ecep:syllab="1"
                     ecep:pron="fraʊnz">frowns</w>
                  <c> </c>
                  <w xmlns:ecep="http://www.eighteenthcenturypoetry.org/ns"
                     xml:id="cac95-215060"
                     n="a-0390"
                     ecep:lem="let"
                     ecep:pos="vvb"
                     ecep:reg="let"
                     ecep:spe="let"
                     ecep:syllab="1"
                     ecep:pron="let">let</w>
                  <c> </c>
                  <w xmlns:ecep="http://www.eighteenthcenturypoetry.org/ns"
                     xml:id="cac95-215070"
                     n="a-0400"
                     ecep:lem="we"
                     ecep:pos="pno12"
                     ecep:reg="us"
                     ecep:spe="us"
                     ecep:syllab="1"
                     ecep:pron="ʌs">us</w>
                  <c> </c>
                  <w xmlns:ecep="http://www.eighteenthcenturypoetry.org/ns"
                     xml:id="cac95-215080"
                     n="a-0410"
                     ecep:lem="superior"
                     ecep:pos="j-jn"
                     ecep:reg="superior"
                     ecep:spe="superior"
                     ecep:syllab="4"
                     ecep:pron="suːˈpɪəriə">superior</w>
                  <c> </c>
                  <w xmlns:ecep="http://www.eighteenthcenturypoetry.org/ns"
                     xml:id="cac95-215090"
                     n="a-0420"
                     ecep:lem="be"
                     ecep:pos="vbi"
                     ecep:reg="be"
                     ecep:spe="be"
                     ecep:syllab="1"
                     ecep:pron="biː">be</w>
                  <pc xmlns:ecep="http://www.eighteenthcenturypoetry.org/ns"
                      xml:id="cac95-215100"
                      n="a-0430"
                      ecep:lem=","
                      ecep:pos=","
                      ecep:reg=","
                      ecep:spe=",">,</pc>
               </l>
               <l xml:id="cac95-l11520">
                  <c> </c>
                  <w xmlns:ecep="http://www.eighteenthcenturypoetry.org/ns"
                     xml:id="cac95-215110"
                     n="a-0440"
                     ecep:lem="taste"
                     ecep:pos="vvb"
                     ecep:reg="Taste"
                     ecep:spe="Taste"
                     ecep:syllab="1"
                     ecep:pron="teɪst">Taste</w>
                  <c> </c>
                  <w xmlns:ecep="http://www.eighteenthcenturypoetry.org/ns"
                     xml:id="cac95-215120"
                     n="a-0450"
                     ecep:lem="each"
                     ecep:pos="d"
                     ecep:reg="each"
                     ecep:spe="each"
                     ecep:syllab="1"
                     ecep:pron="iːtʃ">each</w>
                  <c> </c>
                  <w xmlns:ecep="http://www.eighteenthcenturypoetry.org/ns"
                     xml:id="cac95-215130"
                     n="a-0460"
                     ecep:lem="delight"
                     ecep:pos="n1"
                     ecep:reg="delight"
                     ecep:spe="delight"
                     ecep:syllab="2"
                     ecep:pron="dɪˈlaɪt">delight</w>
                  <pc xmlns:ecep="http://www.eighteenthcenturypoetry.org/ns"
                      xml:id="cac95-215140"
                      n="a-0470"
                      ecep:lem=","
                      ecep:pos=","
                      ecep:reg=","
                      ecep:spe=",">,</pc>
                  <c> </c>
                  <w xmlns:ecep="http://www.eighteenthcenturypoetry.org/ns"
                     xml:id="cac95-215150"
                     n="a-0480"
                     ecep:lem="and"
                     ecep:pos="cc"
                     ecep:reg="and"
                     ecep:spe="and"
                     ecep:syllab="1"
                     ecep:pron="ænd">and</w>
                  <c> </c>
                  <w xmlns:ecep="http://www.eighteenthcenturypoetry.org/ns"
                     xml:id="cac95-215160"
                     n="a-0490"
                     ecep:lem="hail"
                     ecep:pos="vvi"
                     ecep:reg="hail"
                     ecep:spe="hail"
                     ecep:syllab="1"
                     ecep:pron="heɪl">hail</w>
                  <c> </c>
                  <w xmlns:ecep="http://www.eighteenthcenturypoetry.org/ns"
                     xml:id="cac95-215170"
                     n="a-0500"
                     ecep:lem="the"
                     ecep:pos="dt"
                     ecep:reg="the"
                     ecep:spe="the"
                     ecep:syllab="1"
                     ecep:pron="ðiː">the</w>
                  <c> </c>
                  <w xmlns:ecep="http://www.eighteenthcenturypoetry.org/ns"
                     xml:id="cac95-215180"
                     n="a-0510"
                     ecep:lem="come"
                     ecep:pos="j-vvg"
                     ecep:reg="coming"
                     ecep:spe="coming"
                     ecep:syllab="2"
                     ecep:pron="kʌmɪŋ">coming</w>
                  <c> </c>
                  <w xmlns:ecep="http://www.eighteenthcenturypoetry.org/ns"
                     xml:id="cac95-215190"
                     n="a-0520"
                     ecep:lem="spring"
                     ecep:pos="n1"
                     ecep:reg="spring"
                     ecep:spe="spring"
                     ecep:syllab="1"
                     ecep:pron="sprɪŋ">spring</w>
                  <pc xmlns:ecep="http://www.eighteenthcenturypoetry.org/ns"
                      xml:id="cac95-215200"
                      n="a-0530"
                      ecep:lem=","
                      ecep:pos=","
                      ecep:reg=","
                      ecep:spe=",">,</pc>
               </l>
               <l xml:id="cac95-l11525">
                  <c> </c>
                  <w xmlns:ecep="http://www.eighteenthcenturypoetry.org/ns"
                     xml:id="cac95-215210"
                     n="a-0540"
                     ecep:lem="sing"
                     ecep:pos="n-vvg"
                     ecep:reg="Singing"
                     ecep:spe="Singing"
                     ecep:syllab="2"
                     ecep:pron="sɪŋɪŋ">Singing</w>
                  <c> </c>
                  <w xmlns:ecep="http://www.eighteenthcenturypoetry.org/ns"
                     xml:id="cac95-215220"
                     n="a-0550"
                     ecep:lem="the"
                     ecep:pos="dt"
                     ecep:reg="the"
                     ecep:spe="the"
                     ecep:syllab="1"
                     ecep:pron="ðiː">the</w>
                  <c> </c>
                  <w xmlns:ecep="http://www.eighteenthcenturypoetry.org/ns"
                     xml:id="cac95-215230"
                     n="a-0560"
                     ecep:lem="heavenly"
                     ecep:pos="j"
                     ecep:reg="heavenly"
                     ecep:spe="heavenly"
                     ecep:syllab="2"
                     ecep:pron="ˈhevnli">heavenly</w>
                  <c> </c>
                  <w xmlns:ecep="http://www.eighteenthcenturypoetry.org/ns"
                     xml:id="cac95-215240"
                     n="a-0570"
                     ecep:lem="song"
                     ecep:pos="n1"
                     ecep:reg="song"
                     ecep:spe="song"
                     ecep:syllab="1"
                     ecep:pron="sɒŋ">song</w>
                  <c> </c>
                  <w xmlns:ecep="http://www.eighteenthcenturypoetry.org/ns"
                     xml:id="cac95-215250"
                     n="a-0580"
                     ecep:lem="of"
                     ecep:pos="pp-f"
                     ecep:reg="of"
                     ecep:spe="of"
                     ecep:syllab="1"
                     ecep:pron="ɒv">of</w>
                  <c> </c>
                  <w xmlns:ecep="http://www.eighteenthcenturypoetry.org/ns"
                     xml:id="cac95-215260"
                     n="a-0590"
                     ecep:lem="liberty"
                     ecep:pos="n1"
                     ecep:reg="liberty"
                     ecep:spe="liberty"
                     ecep:syllab="3"
                     ecep:pron="ˈlɪbəti">liberty</w>
                  <pc xmlns:ecep="http://www.eighteenthcenturypoetry.org/ns"
                      xml:id="cac95-215270"
                      n="a-0600"
                      unit="sentence"
                      ecep:lem="!"
                      ecep:pos="!"
                      ecep:reg="!"
                      ecep:spe="!">!</pc>
                  <c> </c>
               </l>
               <pb n="147" rend="none"/>
            </lg>
         </div>
      </body>
   </text>
</TEI>
