<?xml version="1.0" encoding="utf-8"?>
<!DOCTYPE div
  SYSTEM "about:legacy-compat">
<div xmlns:ecep="http://www.eighteenthcenturypoetry.org/ns"
     xmlns="http://www.tei-c.org/ns/1.0"
     xmlns:tei="http://www.tei-c.org/ns/1.0"
     ana="#iamb #tetrameter #trimeter #quatrain #cross #song"
     corresp="#txt_WattIs1674_w0091"
     decls="#semi-normalized"
     ecep:syllab="8.6.8.6"
     met="-+|-+|-+|-+/ -+|-+|-+/ -+|-+|-+|-+/ -+|-+|-+/"
     n="21"
     rendition="#lgvspace"
     rhyme="abab"
     subtype="eceptext"
     type="song"
     xml:id="o5454-w0210">
   <link target="authors.xml#aut_WattIs1674" type="author"/>
   <head type="main">
      <w xml:id="o5454-061570"
         n="40-a-0010"
         ecep:lem="song"
         ecep:pos="n1"
         ecep:reg="SONG"
         ecep:spe="SONG"
         ecep:syllab="1"
         ecep:pron="sɒŋ">SONG</w>
      <c> </c>
      <w xml:id="o5454-061580"
         n="40-a-0020"
         ecep:lem="xxi"
         ecep:pos="crd"
         ecep:reg="XXI"
         ecep:spe="XXI"
         ecep:syllab="1"
         ecep:pron="rˌəʊməntwˈentiwˈɒn">XXI</w>
      <pc xml:id="o5454-061590"
          n="40-a-0030"
          unit="sentence"
          ecep:lem="."
          ecep:pos="."
          ecep:reg="."
          ecep:spe=".">.</pc>
   </head>
   <head type="sub">
      <w xml:id="o5454-061620"
         n="40-a-0040"
         ecep:lem="against"
         ecep:pos="p-acp"
         ecep:reg="Against"
         ecep:spe="Against"
         ecep:syllab="2"
         ecep:pron="əˈgenst">Against</w>
      <c> </c>
      <w xml:id="o5454-061630"
         n="40-a-0050"
         ecep:lem="evil"
         ecep:pos="j-jn"
         ecep:reg="Evil"
         ecep:spe="Evil"
         ecep:syllab="2"
         ecep:pron="ˈiːvl">Evil</w>
      <c> </c>
      <w xml:id="o5454-061640"
         n="40-a-0060"
         ecep:lem="company"
         ecep:pos="n1"
         ecep:reg="Company"
         ecep:spe="Company"
         ecep:syllab="3"
         ecep:pron="ˈkʌmpəni">Company</w>
      <pc xml:id="o5454-061650"
          n="40-a-0070"
          unit="sentence"
          ecep:lem="."
          ecep:pos="."
          ecep:reg="."
          ecep:spe=".">.</pc>
   </head>
   <lg n="1" xml:id="o5454-s00670">
      <head>
         <w xml:id="o5454-061690"
            n="40-a-0080"
            ecep:lem="i"
            ecep:pos="pns11"
            ecep:reg="I"
            ecep:spe="I."
            ecep:syllab="1"
            ecep:pron="ˈaɪ">I.</w>
         <pc unit="sentence" xml:id="o5454-061690-eos" n="40-a-0090"/>
      </head>
      <l xml:id="o5454-l02385">
         <w xml:id="o5454-061710"
            n="40-a-0100"
            ecep:lem="why"
            ecep:pos="uh-crq"
            ecep:reg="WHY"
            ecep:spe="WHY"
            ecep:syllab="1"
            ecep:pron="waɪ">WHY</w>
         <c> </c>
         <w xml:id="o5454-061720"
            n="40-a-0110"
            ecep:lem="shall"
            ecep:pos="vmd"
            ecep:reg="should"
            ecep:spe="should"
            ecep:syllab="1"
            ecep:pron="ʃʊd">should</w>
         <c> </c>
         <w xml:id="o5454-061730"
            n="40-a-0120"
            ecep:lem="i"
            ecep:pos="pns11"
            ecep:reg="I"
            ecep:spe="I"
            ecep:syllab="1"
            ecep:pron="aɪ">I</w>
         <c> </c>
         <w xml:id="o5454-061740"
            n="40-a-0130"
            ecep:lem="join"
            ecep:pos="vvi"
            ecep:reg="join"
            ecep:spe="join"
            ecep:syllab="1"
            ecep:pron="dʒɔɪn">join</w>
         <c> </c>
         <w xml:id="o5454-061750"
            n="40-a-0140"
            ecep:lem="with"
            ecep:pos="p-acp"
            ecep:reg="with"
            ecep:spe="with"
            ecep:syllab="1"
            ecep:pron="wɪð">with</w>
         <c> </c>
         <w xml:id="o5454-061760"
            n="40-a-0150"
            ecep:lem="those"
            ecep:pos="d"
            ecep:reg="those"
            ecep:spe="those"
            ecep:syllab="1"
            ecep:pron="ðəʊz">those</w>
         <c> </c>
         <w xml:id="o5454-061770"
            n="40-a-0160"
            ecep:lem="in"
            ecep:pos="p-acp"
            ecep:reg="in"
            ecep:spe="in"
            ecep:syllab="1"
            ecep:pron="ɪn">in</w>
         <c> </c>
         <w xml:id="o5454-061780"
            n="40-a-0170"
            ecep:lem="play"
            ecep:pos="n1"
            ecep:reg="Play"
            ecep:spe="Play"
            ecep:syllab="1"
            ecep:pron="pleɪ">Play</w>
         <pc xml:id="o5454-061790"
             n="40-a-0180"
             ecep:lem=","
             ecep:pos=","
             ecep:reg=","
             ecep:spe=",">,</pc>
      </l>
      <l xml:id="o5454-l02390">
         <c> </c>
         <w xml:id="o5454-061800"
            n="40-a-0190"
            ecep:lem="in"
            ecep:pos="p-acp"
            ecep:reg="In"
            ecep:spe="In"
            ecep:syllab="1"
            ecep:pron="ɪn">In</w>
         <c> </c>
         <w xml:id="o5454-061810"
            n="40-a-0200"
            ecep:lem="who"
            ecep:pos="r-crq"
            ecep:reg="whom"
            ecep:spe="whom"
            ecep:syllab="1"
            ecep:pron="huːm">whom</w>
         <c> </c>
         <w xml:id="o5454-061820"
            n="40-a-0210"
            ecep:lem="i|have"
            ecep:pos="pns11|vhb"
            ecep:reg="I've"
            ecep:spe="I've"
            ecep:syllab="1"
            ecep:pron="ˈaɪv">I've</w>
         <c> </c>
         <w xml:id="o5454-061830"
            n="40-a-0220"
            ecep:lem="no"
            ecep:pos="dx"
            ecep:reg="no"
            ecep:spe="no"
            ecep:syllab="1"
            ecep:pron="nəʊ">no</w>
         <c> </c>
         <w xml:id="o5454-061840"
            n="40-a-0230"
            ecep:lem="delight"
            ecep:pos="n1"
            ecep:reg="Delight"
            ecep:spe="Delight"
            ecep:syllab="2"
            ecep:pron="diˈlaɪt">Delight</w>
         <pc xml:id="o5454-061850"
             n="40-a-0240"
             ecep:lem=";"
             ecep:pos=";"
             ecep:reg=";"
             ecep:spe=";">;</pc>
      </l>
      <l xml:id="o5454-l02395">
         <c> </c>
         <w xml:id="o5454-061860"
            n="40-a-0250"
            ecep:lem="who"
            ecep:pos="q-crq"
            ecep:reg="Who"
            ecep:spe="Who"
            ecep:syllab="1"
            ecep:pron="huː">Who</w>
         <c> </c>
         <w xml:id="o5454-061870"
            n="40-a-0260"
            ecep:lem="curse"
            ecep:pos="n1"
            ecep:reg="curse"
            ecep:spe="curse"
            ecep:syllab="1"
            ecep:pron="kɜːs">curse</w>
         <c> </c>
         <w xml:id="o5454-061880"
            n="40-a-0270"
            ecep:lem="and"
            ecep:pos="cc"
            ecep:reg="and"
            ecep:spe="and"
            ecep:syllab="1"
            ecep:pron="ænd">and</w>
         <c> </c>
         <w xml:id="o5454-061890"
            n="40-a-0280"
            ecep:lem="swear"
            ecep:pos="vvi"
            ecep:reg="swear"
            ecep:spe="swear"
            ecep:syllab="1"
            ecep:pron="sweə">swear</w>
         <pc xml:id="o5454-061900"
             n="40-a-0290"
             ecep:lem=","
             ecep:pos=","
             ecep:reg=","
             ecep:spe=",">,</pc>
         <c> </c>
         <w xml:id="o5454-061910"
            n="40-a-0300"
            ecep:lem="but"
            ecep:pos="cc-acp"
            ecep:reg="but"
            ecep:spe="but"
            ecep:syllab="1"
            ecep:pron="bʌt">but</w>
         <c> </c>
         <w xml:id="o5454-061920"
            n="40-a-0310"
            ecep:lem="never"
            ecep:pos="av-x"
            ecep:reg="never"
            ecep:spe="never"
            ecep:syllab="2"
            ecep:pron="ˈnevə">never</w>
         <c> </c>
         <w xml:id="o5454-061930"
            n="40-a-0320"
            ecep:lem="pray"
            ecep:pos="vvb"
            ecep:reg="pray"
            ecep:spe="pray"
            ecep:syllab="1"
            ecep:pron="preɪ">pray</w>
         <pc xml:id="o5454-061940"
             n="40-a-0330"
             ecep:lem=";"
             ecep:pos=";"
             ecep:reg=";"
             ecep:spe=";">;</pc>
      </l>
      <l xml:id="o5454-l02400">
         <c> </c>
         <w xml:id="o5454-061950"
            n="40-a-0340"
            ecep:lem="who"
            ecep:pos="q-crq"
            ecep:reg="Who"
            ecep:spe="Who"
            ecep:syllab="1"
            ecep:pron="huː">Who</w>
         <c> </c>
         <w xml:id="o5454-061960"
            n="40-a-0350"
            ecep:lem="call"
            ecep:pos="vvb"
            ecep:reg="call"
            ecep:spe="call"
            ecep:syllab="1"
            ecep:pron="kɔːl">call</w>
         <c> </c>
         <w xml:id="o5454-061970"
            n="40-a-0360"
            ecep:lem="ill"
            ecep:pos="j-jn"
            ecep:reg="ill"
            ecep:spe="ill"
            ecep:syllab="1"
            ecep:pron="ɪl">ill</w>
         <c> </c>
         <w xml:id="o5454-061980"
            n="40-a-0370"
            ecep:lem="name"
            ecep:pos="n2"
            ecep:reg="Names"
            ecep:spe="Names"
            ecep:syllab="1"
            ecep:pron="neɪmz">Names</w>
         <c> </c>
         <w xml:id="o5454-061990"
            n="40-a-0380"
            ecep:lem="and"
            ecep:pos="cc"
            ecep:reg="and"
            ecep:spe="and"
            ecep:syllab="1"
            ecep:pron="ænd">and</w>
         <c> </c>
         <w xml:id="o5454-062000"
            n="40-a-0390"
            ecep:lem="fight"
            ecep:pos="n1"
            ecep:reg="fight"
            ecep:spe="fight"
            ecep:syllab="1"
            ecep:pron="faɪt">fight</w>
         <pc xml:id="o5454-062010"
             n="40-a-0400"
             unit="sentence"
             ecep:lem="?"
             ecep:pos="?"
             ecep:reg="?"
             ecep:spe="?">?</pc>
         <c> </c>
      </l>
   </lg>
   <lg n="2" xml:id="o5454-s00675">
      <head>
         <w xml:id="o5454-062050"
            n="40-a-0410"
            ecep:lem="ii"
            ecep:pos="crd"
            ecep:reg="II"
            ecep:spe="II"
            ecep:syllab="1"
            ecep:pron="rˌəʊməntˈuː">II</w>
         <pc xml:id="o5454-062060"
             n="40-a-0420"
             unit="sentence"
             ecep:lem="."
             ecep:pos="."
             ecep:reg="."
             ecep:spe=".">.</pc>
      </head>
      <l xml:id="o5454-l02405">
         <w xml:id="o5454-062080"
            n="40-a-0430"
            ecep:lem="i"
            ecep:pos="pns11"
            ecep:reg="I"
            ecep:spe="I"
            ecep:syllab="1"
            ecep:pron="aɪ">I</w>
         <c> </c>
         <w xml:id="o5454-062090"
            n="40-a-0440"
            ecep:lem="hate"
            ecep:pos="vvb"
            ecep:reg="hate"
            ecep:spe="hate"
            ecep:syllab="1"
            ecep:pron="heɪt">hate</w>
         <c> </c>
         <w xml:id="o5454-062100"
            n="40-a-0450"
            ecep:lem="to"
            ecep:pos="pc-acp"
            ecep:reg="to"
            ecep:spe="to"
            ecep:syllab="1"
            ecep:pron="tuː">to</w>
         <c> </c>
         <w xml:id="o5454-062110"
            n="40-a-0460"
            ecep:lem="hear"
            ecep:pos="vvi"
            ecep:reg="hear"
            ecep:spe="hear"
            ecep:syllab="1"
            ecep:pron="hɪə">hear</w>
         <c> </c>
         <w xml:id="o5454-062120"
            n="40-a-0470"
            ecep:lem="a"
            ecep:pos="dt"
            ecep:reg="a"
            ecep:spe="a"
            ecep:syllab="1"
            ecep:pron="ə">a</w>
         <c> </c>
         <w xml:id="o5454-062130"
            n="40-a-0480"
            ecep:lem="wanton"
            ecep:pos="j-jn"
            ecep:reg="wanton"
            ecep:spe="wanton"
            ecep:syllab="2"
            ecep:pron="ˈwɒntən">wanton</w>
         <c> </c>
         <w xml:id="o5454-062140"
            n="40-a-0490"
            ecep:lem="song"
            ecep:pos="n1"
            ecep:reg="Song"
            ecep:spe="Song"
            ecep:syllab="1"
            ecep:pron="sɒŋ">Song</w>
         <pc xml:id="o5454-062150"
             n="40-a-0500"
             ecep:lem=";"
             ecep:pos=";"
             ecep:reg=";"
             ecep:spe=";">;</pc>
      </l>
      <l xml:id="o5454-l02410">
         <c> </c>
         <w xml:id="o5454-062160"
            n="40-a-0510"
            ecep:lem="their"
            ecep:pos="po32"
            ecep:reg="Their"
            ecep:spe="Their"
            ecep:syllab="1"
            ecep:pron="ðeə">Their</w>
         <c> </c>
         <w xml:id="o5454-062170"
            n="40-a-0520"
            ecep:lem="word"
            ecep:pos="n2"
            ecep:reg="Words"
            ecep:spe="Words"
            ecep:syllab="1"
            ecep:pron="wɜːdz">Words</w>
         <c> </c>
         <w xml:id="o5454-062180"
            n="40-a-0530"
            ecep:lem="offend"
            ecep:pos="vvi"
            ecep:reg="offend"
            ecep:spe="offend"
            ecep:syllab="2"
            ecep:pron="əˈfend">offend</w>
         <c> </c>
         <w xml:id="o5454-062190"
            n="40-a-0540"
            ecep:lem="my"
            ecep:pos="po11"
            ecep:reg="mine"
            ecep:spe="mine"
            ecep:syllab="1"
            ecep:pron="maɪn">mine</w>
         <c> </c>
         <w xml:id="o5454-062200"
            n="40-a-0550"
            ecep:lem="ear"
            ecep:pos="n2"
            ecep:reg="Ears"
            ecep:spe="Ears"
            ecep:syllab="1"
            ecep:pron="ɪəz">Ears</w>
         <pc xml:id="o5454-062210"
             n="40-a-0560"
             ecep:lem=";"
             ecep:pos=";"
             ecep:reg=";"
             ecep:spe=";">;</pc>
      </l>
      <l xml:id="o5454-l02415">
         <c> </c>
         <w xml:id="o5454-062220"
            n="40-a-0570"
            ecep:lem="i"
            ecep:pos="pns11"
            ecep:reg="I"
            ecep:spe="I"
            ecep:syllab="1"
            ecep:pron="aɪ">I</w>
         <c> </c>
         <w xml:id="o5454-062230"
            n="40-a-0580"
            ecep:lem="shall"
            ecep:pos="vmd"
            ecep:reg="should"
            ecep:spe="should"
            ecep:syllab="1"
            ecep:pron="ʃʊd">should</w>
         <c> </c>
         <w xml:id="o5454-062240"
            n="40-a-0590"
            ecep:lem="not"
            ecep:pos="xx"
            ecep:reg="not"
            ecep:spe="not"
            ecep:syllab="1"
            ecep:pron="ˈdɪdnt">not</w>
         <c> </c>
         <w xml:id="o5454-062250"
            n="40-a-0600"
            ecep:lem="dare"
            ecep:pos="vvi"
            ecep:reg="dare"
            ecep:spe="dare"
            ecep:syllab="1"
            ecep:pron="deə">dare</w>
         <c> </c>
         <w xml:id="o5454-062260"
            n="40-a-0610"
            ecep:lem="defile"
            ecep:pos="vvb"
            ecep:reg="defile"
            ecep:spe="defile"
            ecep:syllab="2"
            ecep:pron="diˈfaɪl">defile</w>
         <c> </c>
         <w xml:id="o5454-062270"
            n="40-a-0620"
            ecep:lem="my"
            ecep:pos="po11"
            ecep:reg="my"
            ecep:spe="my"
            ecep:syllab="1"
            ecep:pron="maɪ">my</w>
         <c> </c>
         <w xml:id="o5454-062280"
            n="40-a-0630"
            ecep:lem="tongue"
            ecep:pos="n1"
            ecep:reg="Tongue"
            ecep:spe="Tongue"
            ecep:syllab="1"
            ecep:pron="tʌŋ">Tongue</w>
      </l>
      <l xml:id="o5454-l02420">
         <c> </c>
         <w xml:id="o5454-062290"
            n="40-a-0640"
            ecep:lem="with"
            ecep:pos="p-acp"
            ecep:reg="With"
            ecep:spe="With"
            ecep:syllab="1"
            ecep:pron="wɪð">With</w>
         <c> </c>
         <w xml:id="o5454-062300"
            n="40-a-0650"
            ecep:lem="language"
            ecep:pos="n1"
            ecep:reg="Language"
            ecep:spe="Language"
            ecep:syllab="2"
            ecep:pron="ˈlæŋgwɪdʒ">Language</w>
         <c> </c>
         <w xml:id="o5454-062310"
            n="40-a-0660"
            ecep:lem="such"
            ecep:pos="d"
            ecep:reg="such"
            ecep:spe="such"
            ecep:syllab="1"
            ecep:pron="sʌtʃ">such</w>
         <c> </c>
         <w xml:id="o5454-062320"
            n="40-a-0670"
            ecep:lem="as"
            ecep:pos="c-acp"
            ecep:reg="as"
            ecep:spe="as"
            ecep:syllab="1"
            ecep:pron="æz">as</w>
         <c> </c>
         <w xml:id="o5454-062330"
            n="40-a-0680"
            ecep:lem="they"
            ecep:pos="png32"
            ecep:reg="theirs"
            ecep:spe="theirs"
            ecep:syllab="1"
            ecep:pron="ðeəz">theirs</w>
         <pc xml:id="o5454-062340"
             n="40-a-0690"
             unit="sentence"
             ecep:lem="."
             ecep:pos="."
             ecep:reg="."
             ecep:spe=".">.</pc>
         <c> </c>
      </l>
   </lg>
   <lg n="3" xml:id="o5454-s00680">
      <head>
         <w xml:id="o5454-062380"
            n="40-a-0700"
            ecep:lem="iii"
            ecep:pos="crd"
            ecep:reg="III"
            ecep:spe="III"
            ecep:syllab="1"
            ecep:pron="rˌəʊmənθrˈiː">III</w>
         <pc xml:id="o5454-062390"
             n="40-a-0710"
             unit="sentence"
             ecep:lem="."
             ecep:pos="."
             ecep:reg="."
             ecep:spe=".">.</pc>
      </head>
      <l xml:id="o5454-l02425">
         <w xml:id="o5454-062410"
            n="40-a-0720"
            ecep:lem="away"
            ecep:pos="av"
            ecep:reg="Away"
            ecep:spe="Away"
            ecep:syllab="2"
            ecep:pron="əˈweɪ">Away</w>
         <c> </c>
         <w xml:id="o5454-062420"
            n="40-a-0730"
            ecep:lem="from"
            ecep:pos="p-acp"
            ecep:reg="from"
            ecep:spe="from"
            ecep:syllab="1"
            ecep:pron="frɒm">from</w>
         <c> </c>
         <w xml:id="o5454-062430"
            n="40-a-0740"
            ecep:lem="fool"
            ecep:pos="n2"
            ecep:reg="Fools"
            ecep:spe="Fools"
            ecep:syllab="1"
            ecep:pron="fuːlz">Fools</w>
         <c> </c>
         <w xml:id="o5454-062440"
            n="40-a-0750"
            ecep:lem="i|will"
            ecep:pos="pns11|vmb"
            ecep:reg="I'll"
            ecep:spe="I'll"
            ecep:syllab="1"
            ecep:pron="ˈaɪl">I'll</w>
         <c> </c>
         <w xml:id="o5454-062450"
            n="40-a-0760"
            ecep:lem="turn"
            ecep:pos="vvi"
            ecep:reg="turn"
            ecep:spe="turn"
            ecep:syllab="1"
            ecep:pron="tɜːn">turn</w>
         <c> </c>
         <w xml:id="o5454-062460"
            n="40-a-0770"
            ecep:lem="my"
            ecep:pos="po11"
            ecep:reg="mine"
            ecep:spe="mine"
            ecep:syllab="1"
            ecep:pron="maɪn">mine</w>
         <c> </c>
         <w xml:id="o5454-062470"
            n="40-a-0780"
            ecep:lem="eye"
            ecep:pos="n2"
            ecep:reg="Eyes"
            ecep:spe="Eyes"
            ecep:syllab="1"
            ecep:pron="aɪz">Eyes</w>
         <pc xml:id="o5454-062480"
             n="40-a-0790"
             ecep:lem=";"
             ecep:pos=";"
             ecep:reg=";"
             ecep:spe=";">;</pc>
      </l>
      <l xml:id="o5454-l02430">
         <c> </c>
         <w xml:id="o5454-062490"
            n="40-a-0800"
            ecep:lem="nor"
            ecep:pos="ccx"
            ecep:reg="Nor"
            ecep:spe="Nor"
            ecep:syllab="1"
            ecep:pron="nɔː">Nor</w>
         <c> </c>
         <w xml:id="o5454-062500"
            n="40-a-0810"
            ecep:lem="with"
            ecep:pos="p-acp"
            ecep:reg="with"
            ecep:spe="with"
            ecep:syllab="1"
            ecep:pron="wɪð">with</w>
         <c> </c>
         <w xml:id="o5454-062510"
            n="40-a-0820"
            ecep:lem="the"
            ecep:pos="dt"
            ecep:reg="the"
            ecep:spe="the"
            ecep:syllab="1"
            ecep:pron="ðiː">the</w>
         <c> </c>
         <w xml:id="o5454-062520"
            n="40-a-0830"
            ecep:lem="scoffer"
            ecep:pos="n2"
            ecep:reg="Scoffers"
            ecep:spe="Scoffers"
            ecep:syllab="2"
            ecep:pron="ˈskɒfəz">Scoffers</w>
         <c> </c>
         <w xml:id="o5454-062530"
            n="40-a-0840"
            ecep:lem="go"
            ecep:pos="vvb"
            ecep:reg="go"
            ecep:spe="go"
            ecep:syllab="1"
            ecep:pron="gəʊ">go</w>
         <pc xml:id="o5454-062540"
             n="40-a-0850"
             ecep:lem=";"
             ecep:pos=";"
             ecep:reg=";"
             ecep:spe=";">;</pc>
      </l>
      <l xml:id="o5454-l02435">
         <c> </c>
         <w xml:id="o5454-062550"
            n="40-a-0860"
            ecep:lem="i"
            ecep:pos="pns11"
            ecep:reg="I"
            ecep:spe="I"
            ecep:syllab="1"
            ecep:pron="aɪ">I</w>
         <c> </c>
         <w xml:id="o5454-062560"
            n="40-a-0870"
            ecep:lem="will"
            ecep:pos="vmd"
            ecep:reg="would"
            ecep:spe="would"
            ecep:syllab="1"
            ecep:pron="wʊd">would</w>
         <c> </c>
         <w xml:id="o5454-062570"
            n="40-a-0880"
            ecep:lem="be"
            ecep:pos="vbi"
            ecep:reg="be"
            ecep:spe="be"
            ecep:syllab="1"
            ecep:pron="biː">be</w>
         <c> </c>
         <w xml:id="o5454-062580"
            n="40-a-0890"
            ecep:lem="walk"
            ecep:pos="vvg"
            ecep:reg="walking"
            ecep:spe="walking"
            ecep:syllab="2"
            ecep:pron="ˈwɔːkɪŋ">walking</w>
         <c> </c>
         <w xml:id="o5454-062590"
            n="40-a-0900"
            ecep:lem="with"
            ecep:pos="p-acp"
            ecep:reg="with"
            ecep:spe="with"
            ecep:syllab="1"
            ecep:pron="wɪð">with</w>
         <c> </c>
         <w xml:id="o5454-062600"
            n="40-a-0910"
            ecep:lem="the"
            ecep:pos="dt"
            ecep:reg="the"
            ecep:spe="the"
            ecep:syllab="1"
            ecep:pron="ðiː">the</w>
         <c> </c>
         <w xml:id="o5454-062610"
            n="40-a-0920"
            ecep:lem="wise"
            ecep:pos="j"
            ecep:reg="Wise"
            ecep:spe="Wise"
            ecep:syllab="1"
            ecep:pron="waɪz">Wise</w>
         <pc xml:id="o5454-062620"
             n="40-a-0930"
             ecep:lem=","
             ecep:pos=","
             ecep:reg=","
             ecep:spe=",">,</pc>
      </l>
      <l xml:id="o5454-l02440">
         <c> </c>
         <w xml:id="o5454-062630"
            n="40-a-0940"
            ecep:lem="that"
            ecep:pos="cst"
            ecep:reg="That"
            ecep:spe="That"
            ecep:syllab="1"
            ecep:pron="ðæt">That</w>
         <c> </c>
         <w xml:id="o5454-062640"
            n="40-a-0950"
            ecep:lem="wise"
            ecep:pos="jc"
            ecep:reg="wiser"
            ecep:spe="wiser"
            ecep:syllab="2"
            ecep:pron="ˈwaɪzə">wiser</w>
         <c> </c>
         <w xml:id="o5454-062650"
            n="40-a-0960"
            ecep:lem="i"
            ecep:pos="pns11"
            ecep:reg="I"
            ecep:spe="I"
            ecep:syllab="1"
            ecep:pron="aɪ">I</w>
         <c> </c>
         <w xml:id="o5454-062660"
            n="40-a-0970"
            ecep:lem="may"
            ecep:pos="vmb"
            ecep:reg="may"
            ecep:spe="may"
            ecep:syllab="1"
            ecep:pron="meɪ">may</w>
         <c> </c>
         <w xml:id="o5454-062670"
            n="40-a-0980"
            ecep:lem="grow"
            ecep:pos="vvi"
            ecep:reg="grow"
            ecep:spe="grow"
            ecep:syllab="1"
            ecep:pron="grəʊ">grow</w>
         <pc xml:id="o5454-062680"
             n="40-a-0990"
             unit="sentence"
             ecep:lem="."
             ecep:pos="."
             ecep:reg="."
             ecep:spe=".">.</pc>
         <c> </c>
      </l>
   </lg>
   <lg n="4" xml:id="o5454-s00685">
      <head>
         <w xml:id="o5454-062720"
            n="40-a-1000"
            ecep:lem="iv"
            ecep:pos="crd"
            ecep:reg="IV"
            ecep:spe="IV"
            ecep:syllab="1"
            ecep:pron="rˌəʊmənfˈɔː">IV</w>
         <pc xml:id="o5454-062730"
             n="40-a-1010"
             unit="sentence"
             ecep:lem="."
             ecep:pos="."
             ecep:reg="."
             ecep:spe=".">.</pc>
      </head>
      <l xml:id="o5454-l02445">
         <w xml:id="o5454-062750"
            n="40-a-1020"
            ecep:lem="from"
            ecep:pos="p-acp"
            ecep:reg="From"
            ecep:spe="From"
            ecep:syllab="1"
            ecep:pron="frɒm">From</w>
         <c> </c>
         <w xml:id="o5454-062760"
            n="40-a-1030"
            ecep:lem="one"
            ecep:pos="crd"
            ecep:reg="one"
            ecep:spe="one"
            ecep:syllab="1"
            ecep:pron="wʌn">one</w>
         <c> </c>
         <w xml:id="o5454-062770"
            n="40-a-1040"
            ecep:lem="rude"
            ecep:pos="j"
            ecep:reg="rude"
            ecep:spe="rude"
            ecep:syllab="1"
            ecep:pron="ruːd">rude</w>
         <c> </c>
         <w xml:id="o5454-062780"
            n="40-a-1050"
            ecep:lem="boy"
            ecep:pos="n1"
            ecep:reg="Boy"
            ecep:spe="Boy"
            ecep:syllab="1"
            ecep:pron="bɔɪ">Boy</w>
         <c> </c>
         <w xml:id="o5454-062790"
            n="40-a-1060"
            ecep:lem="that|be"
            ecep:pos="cst|vbz"
            ecep:reg="that's"
            ecep:spe="that's"
            ecep:syllab="1"
            ecep:pron="ðæts">that's</w>
         <c> </c>
         <w xml:id="o5454-062800"
            n="40-a-1070"
            ecep:lem="use"
            ecep:pos="vvn"
            ecep:reg="used"
            ecep:spe="us'd"
            ecep:syllab="1"
            ecep:pron="juːzd">us'd</w>
         <c> </c>
         <w xml:id="o5454-062810"
            n="40-a-1080"
            ecep:lem="to"
            ecep:pos="pc-acp"
            ecep:reg="to"
            ecep:spe="to"
            ecep:syllab="1"
            ecep:pron="tuː">to</w>
         <c> </c>
         <w xml:id="o5454-062820"
            n="40-a-1090"
            ecep:lem="mock"
            ecep:pos="vvi"
            ecep:reg="mock"
            ecep:spe="mock"
            ecep:syllab="1"
            ecep:pron="mɒk">mock</w>
         <pc xml:id="o5454-062830"
             n="40-a-1100"
             ecep:lem=","
             ecep:pos=","
             ecep:reg=","
             ecep:spe=",">,</pc>
      </l>
      <l xml:id="o5454-l02450">
         <c> </c>
         <w xml:id="o5454-062840"
            n="40-a-1110"
            ecep:lem="they"
            ecep:pos="pns32"
            ecep:reg="They"
            ecep:spe="They"
            ecep:syllab="1"
            ecep:pron="ðeɪ">They</w>
         <c> </c>
         <w xml:id="o5454-062850"
            n="40-a-1120"
            ecep:lem="learn"
            ecep:pos="vvb"
            ecep:reg="learn"
            ecep:spe="learn"
            ecep:syllab="1"
            ecep:pron="lɜːn">learn</w>
         <c> </c>
         <w xml:id="o5454-062860"
            n="40-a-1130"
            ecep:lem="the"
            ecep:pos="dt"
            ecep:reg="the"
            ecep:spe="the"
            ecep:syllab="1"
            ecep:pron="ðiː">the</w>
         <c> </c>
         <w xml:id="o5454-062870"
            n="40-a-1140"
            ecep:lem="wicked"
            ecep:pos="j"
            ecep:reg="wicked"
            ecep:spe="wicked"
            ecep:syllab="2"
            ecep:pron="ˈwɪkɪd">wicked</w>
         <c> </c>
         <w xml:id="o5454-062880"
            n="40-a-1150"
            ecep:lem="jest"
            ecep:pos="n1"
            ecep:reg="Jest"
            ecep:spe="Jest"
            ecep:syllab="1"
            ecep:pron="dʒest">Jest</w>
         <pc xml:id="o5454-062890"
             n="40-a-1160"
             ecep:lem=":"
             ecep:pos=":"
             ecep:reg=":"
             ecep:spe=":">:</pc>
      </l>
      <l xml:id="o5454-l02455">
         <c> </c>
         <w xml:id="o5454-062900"
            n="40-a-1170"
            ecep:lem="one"
            ecep:pos="pi"
            ecep:reg="One"
            ecep:spe="One"
            ecep:syllab="1"
            ecep:pron="wʌn">One</w>
         <c> </c>
         <w xml:id="o5454-062910"
            n="40-a-1180"
            ecep:lem="sickly"
            ecep:pos="j"
            ecep:reg="sickly"
            ecep:spe="sickly"
            ecep:syllab="2"
            ecep:pron="ˈsɪkli">sickly</w>
         <c> </c>
         <w xml:id="o5454-062920"
            n="40-a-1190"
            ecep:lem="sheep"
            ecep:pos="n1"
            ecep:reg="Sheep"
            ecep:spe="Sheep"
            ecep:syllab="1"
            ecep:pron="ʃiːp">Sheep</w>
         <c> </c>
         <w xml:id="o5454-062930"
            n="40-a-1200"
            ecep:lem="insect"
            ecep:pos="n2"
            ecep:reg="infects"
            ecep:spe="infects"
            ecep:syllab="2"
            ecep:pron="ɪnˈfekts">infects</w>
         <c> </c>
         <w xml:id="o5454-062940"
            n="40-a-1210"
            ecep:lem="the"
            ecep:pos="dt"
            ecep:reg="the"
            ecep:spe="the"
            ecep:syllab="1"
            ecep:pron="ðiː">the</w>
         <c> </c>
         <w xml:id="o5454-062950"
            n="40-a-1220"
            ecep:lem="flock"
            ecep:pos="n1"
            ecep:reg="Flock"
            ecep:spe="Flock"
            ecep:syllab="1"
            ecep:pron="flɒk">Flock</w>
         <pc xml:id="o5454-062960"
             n="40-a-1230"
             ecep:lem=","
             ecep:pos=","
             ecep:reg=","
             ecep:spe=",">,</pc>
      </l>
      <l xml:id="o5454-l02460">
         <c> </c>
         <w xml:id="o5454-062970"
            n="40-a-1240"
            ecep:lem="and"
            ecep:pos="cc"
            ecep:reg="And"
            ecep:spe="And"
            ecep:syllab="1"
            ecep:pron="ænd">And</w>
         <c> </c>
         <w xml:id="o5454-062980"
            n="40-a-1250"
            ecep:lem="poison"
            ecep:pos="vvz"
            ecep:reg="poisons"
            ecep:spe="poisons"
            ecep:syllab="2"
            ecep:pron="ˈpɔɪznz">poisons</w>
         <c> </c>
         <w xml:id="o5454-062990"
            n="40-a-1260"
            ecep:lem="all"
            ecep:pos="d"
            ecep:reg="all"
            ecep:spe="all"
            ecep:syllab="1"
            ecep:pron="ɔːl">all</w>
         <c> </c>
         <w xml:id="o5454-063000"
            n="40-a-1270"
            ecep:lem="the"
            ecep:pos="dt"
            ecep:reg="the"
            ecep:spe="the"
            ecep:syllab="1"
            ecep:pron="ðiː">the</w>
         <c> </c>
         <w xml:id="o5454-063010"
            n="40-a-1280"
            ecep:lem="rest"
            ecep:pos="n1"
            ecep:reg="rest"
            ecep:spe="rest"
            ecep:syllab="1"
            ecep:pron="rest">rest</w>
         <pc xml:id="o5454-063020"
             n="40-a-1290"
             unit="sentence"
             ecep:lem="."
             ecep:pos="."
             ecep:reg="."
             ecep:spe=".">.</pc>
         <c> </c>
      </l>
   </lg>
   <pb facs="41" n="31" rend="none"/>
   <lg n="5" xml:id="o5454-s00690">
      <head>
         <w xml:id="o5454-063060"
            n="41-a-0010"
            ecep:lem="v."
            ecep:pos="crd"
            ecep:reg="V"
            ecep:spe="V."
            ecep:syllab="1"
            ecep:pron="viː">V.</w>
         <pc unit="sentence" xml:id="o5454-063060-eos" n="41-a-0020"/>
      </head>
      <l xml:id="o5454-l02465">
         <w xml:id="o5454-063080"
            n="41-a-0030"
            ecep:lem="my"
            ecep:pos="po11"
            ecep:reg="My"
            ecep:spe="My"
            ecep:syllab="1"
            ecep:pron="maɪ">My</w>
         <c> </c>
         <w xml:id="o5454-063090"
            n="41-a-0040"
            ecep:lem="god"
            ecep:pos="n1"
            ecep:reg="God"
            ecep:spe="God"
            ecep:syllab="1"
            ecep:pron="gɒd">God</w>
         <pc xml:id="o5454-063100"
             n="41-a-0050"
             ecep:lem=","
             ecep:pos=","
             ecep:reg=","
             ecep:spe=",">,</pc>
         <c> </c>
         <w xml:id="o5454-063110"
            n="41-a-0060"
            ecep:lem="i"
            ecep:pos="pns11"
            ecep:reg="I"
            ecep:spe="I"
            ecep:syllab="1"
            ecep:pron="aɪ">I</w>
         <c> </c>
         <w xml:id="o5454-063120"
            n="41-a-0070"
            ecep:lem="hate"
            ecep:pos="vvb"
            ecep:reg="hate"
            ecep:spe="hate"
            ecep:syllab="1"
            ecep:pron="heɪt">hate</w>
         <c> </c>
         <w xml:id="o5454-063130"
            n="41-a-0080"
            ecep:lem="to"
            ecep:pos="pc-acp"
            ecep:reg="to"
            ecep:spe="to"
            ecep:syllab="1"
            ecep:pron="tuː">to</w>
         <c> </c>
         <w xml:id="o5454-063140"
            n="41-a-0090"
            ecep:lem="walk"
            ecep:pos="vvi"
            ecep:reg="walk"
            ecep:spe="walk"
            ecep:syllab="1"
            ecep:pron="wɔːk">walk</w>
         <pc xml:id="o5454-063150"
             n="41-a-0100"
             ecep:lem=","
             ecep:pos=","
             ecep:reg=","
             ecep:spe=",">,</pc>
         <c> </c>
         <w xml:id="o5454-063160"
            n="41-a-0110"
            ecep:lem="or"
            ecep:pos="cc"
            ecep:reg="or"
            ecep:spe="or"
            ecep:syllab="1"
            ecep:pron="ɔː">or</w>
         <c> </c>
         <w xml:id="o5454-063170"
            n="41-a-0120"
            ecep:lem="dwell"
            ecep:pos="vvi"
            ecep:reg="dwell"
            ecep:spe="dwell"
            ecep:syllab="1"
            ecep:pron="dwel">dwell</w>
      </l>
      <l xml:id="o5454-l02470">
         <c> </c>
         <w xml:id="o5454-063180"
            n="41-a-0130"
            ecep:lem="with"
            ecep:pos="p-acp"
            ecep:reg="With"
            ecep:spe="With"
            ecep:syllab="1"
            ecep:pron="wɪð">With</w>
         <c> </c>
         <w xml:id="o5454-063190"
            n="41-a-0140"
            ecep:lem="sinful"
            ecep:pos="j"
            ecep:reg="sinful"
            ecep:spe="sinful"
            ecep:syllab="2"
            ecep:pron="ˈsɪnfl">sinful</w>
         <c> </c>
         <w xml:id="o5454-063200"
            n="41-a-0150"
            ecep:lem="child"
            ecep:pos="n2"
            ecep:reg="Children"
            ecep:spe="Children"
            ecep:syllab="2"
            ecep:pron="ˈtʃɪldrən">Children</w>
         <c> </c>
         <w xml:id="o5454-063210"
            n="41-a-0160"
            ecep:lem="here"
            ecep:pos="av"
            ecep:reg="here"
            ecep:spe="here"
            ecep:syllab="1"
            ecep:pron="hɪə">here</w>
         <pc xml:id="o5454-063220"
             n="41-a-0170"
             ecep:lem=";"
             ecep:pos=";"
             ecep:reg=";"
             ecep:spe=";">;</pc>
      </l>
      <l xml:id="o5454-l02475">
         <c> </c>
         <w xml:id="o5454-063230"
            n="41-a-0180"
            ecep:lem="then"
            ecep:pos="av"
            ecep:reg="Then"
            ecep:spe="Then"
            ecep:syllab="1"
            ecep:pron="ðen">Then</w>
         <c> </c>
         <w xml:id="o5454-063240"
            n="41-a-0190"
            ecep:lem="let"
            ecep:pos="vvb"
            ecep:reg="let"
            ecep:spe="let"
            ecep:syllab="1"
            ecep:pron="let">let</w>
         <c> </c>
         <w xml:id="o5454-063250"
            n="41-a-0200"
            ecep:lem="i"
            ecep:pos="pno11"
            ecep:reg="me"
            ecep:spe="me"
            ecep:syllab="1"
            ecep:pron="miː">me</w>
         <c> </c>
         <w xml:id="o5454-063260"
            n="41-a-0210"
            ecep:lem="not"
            ecep:pos="xx"
            ecep:reg="not"
            ecep:spe="not"
            ecep:syllab="1"
            ecep:pron="ˈdɪdnt">not</w>
         <c> </c>
         <w xml:id="o5454-063270"
            n="41-a-0220"
            ecep:lem="be"
            ecep:pos="vbi"
            ecep:reg="be"
            ecep:spe="be"
            ecep:syllab="1"
            ecep:pron="biː">be</w>
         <c> </c>
         <w xml:id="o5454-063280"
            n="41-a-0230"
            ecep:lem="send"
            ecep:pos="vvn"
            ecep:reg="sent"
            ecep:spe="sent"
            ecep:syllab="1"
            ecep:pron="sent">sent</w>
         <c> </c>
         <w xml:id="o5454-063290"
            n="41-a-0240"
            ecep:lem="to"
            ecep:pos="p-acp"
            ecep:reg="to"
            ecep:spe="to"
            ecep:syllab="1"
            ecep:pron="tuː">to</w>
         <c> </c>
         <w xml:id="o5454-063300"
            n="41-a-0250"
            ecep:lem="hell"
            ecep:pos="n1"
            ecep:reg="Hell"
            ecep:spe="Hell"
            ecep:syllab="1"
            ecep:pron="hel">Hell</w>
         <pc xml:id="o5454-063310"
             n="41-a-0260"
             ecep:lem=","
             ecep:pos=","
             ecep:reg=","
             ecep:spe=",">,</pc>
      </l>
      <l xml:id="o5454-l02480">
         <c> </c>
         <w xml:id="o5454-063320"
            n="41-a-0270"
            ecep:lem="where"
            ecep:pos="c-crq"
            ecep:reg="Where"
            ecep:spe="Where"
            ecep:syllab="1"
            ecep:pron="weə">Where</w>
         <c> </c>
         <w xml:id="o5454-063330"
            n="41-a-0280"
            ecep:lem="none"
            ecep:pos="pix"
            ecep:reg="none"
            ecep:spe="none"
            ecep:syllab="1"
            ecep:pron="nʌn">none</w>
         <c> </c>
         <w xml:id="o5454-063340"
            n="41-a-0290"
            ecep:lem="but"
            ecep:pos="cc-acp"
            ecep:reg="but"
            ecep:spe="but"
            ecep:syllab="1"
            ecep:pron="bʌt">but</w>
         <c> </c>
         <w xml:id="o5454-063350"
            n="41-a-0300"
            ecep:lem="sinner"
            ecep:pos="n2"
            ecep:reg="Sinners"
            ecep:spe="Sinners"
            ecep:syllab="2"
            ecep:pron="ˈsɪnəz">Sinners</w>
         <c> </c>
         <w xml:id="o5454-063360"
            n="41-a-0310"
            ecep:lem="be"
            ecep:pos="vbr"
            ecep:reg="are"
            ecep:spe="are"
            ecep:syllab="1"
            ecep:pron="ɑː">are</w>
         <pc xml:id="o5454-063370"
             n="41-a-0320"
             unit="sentence"
             ecep:lem="."
             ecep:pos="."
             ecep:reg="."
             ecep:spe=".">.</pc>
         <c> </c>
      </l>
   </lg>
</div>
