<?xml version="1.0" encoding="utf-8"?>
<!DOCTYPE div
  SYSTEM "about:legacy-compat">
<div xmlns:ecep="http://www.eighteenthcenturypoetry.org/ns"
     xmlns="http://www.tei-c.org/ns/1.0"
     xmlns:tei="http://www.tei-c.org/ns/1.0"
     ana="#iamb #pentameter #couplet #heroiccouplet #pair #occasional"
     corresp="#txt_DuckSt1705_w0031"
     decls="#semi-normalized"
     ecep:syllab="10"
     met="-+|-+|-+|-+|-+/"
     rendition="#lgvspace"
     rhyme="aa"
     subtype="eceptext"
     type="poem"
     xml:id="o4741-w0290">
   <link target="authors.xml#aut_DuckSt1705" type="author"/>
   <head type="main">
      <w xml:id="o4741-355540"
         n="220-a-0010"
         ecep:lem="on"
         ecep:pos="p-acp"
         ecep:reg="On"
         ecep:spe="On"
         ecep:syllab="1"
         ecep:pron="ɒn">On</w>
      <c> </c>
      <hi>
         <w xml:id="o4741-355550"
            n="220-a-0020"
            rend="plain_apostrophe"
            ecep:lem="celia"
            ecep:pos="fw-la"
            ecep:reg="Celia's"
            ecep:spe="Celia's"
            ecep:syllab="3"
            ecep:pron="ˈsiːliəz">Celia's</w>
      </hi>
      <c> </c>
      <w xml:id="o4741-355560"
         n="220-a-0030"
         ecep:lem="picture"
         ecep:pos="n1"
         ecep:reg="Picture"
         ecep:spe="Picture"
         ecep:syllab="2"
         ecep:pron="ˈpɪktʃə">Picture</w>
      <pc xml:id="o4741-355570"
          n="220-a-0040"
          ecep:lem=","
          ecep:pos=","
          ecep:reg=","
          ecep:spe=",">,</pc>
      <c> </c>
      <w xml:id="o4741-355580"
         n="220-a-0050"
         ecep:lem="draw"
         ecep:pos="vvn"
         ecep:reg="drawn"
         ecep:spe="drawn"
         ecep:syllab="1"
         ecep:pron="drɔːn">drawn</w>
      <c> </c>
      <w xml:id="o4741-355590"
         n="220-a-0060"
         ecep:lem="by"
         ecep:pos="p-acp"
         ecep:reg="by"
         ecep:spe="by"
         ecep:syllab="1"
         ecep:pron="baɪ">by</w>
      <c> </c>
      <w xml:id="o4741-355600"
         n="220-a-0070"
         ecep:lem="sir"
         ecep:pos="n1"
         ecep:reg="Sir"
         ecep:spe="Sir"
         ecep:syllab="1"
         ecep:pron="sɜː">Sir</w>
      <c> </c>
      <hi>
         <w xml:id="o4741-355610"
            n="220-a-0080"
            ecep:lem="Godfrey"
            ecep:pos="np1"
            ecep:reg="Godfrey"
            ecep:spe="Godfrey"
            ecep:syllab="2"
            ecep:pron="ˈgɒdfri">Godfrey</w>
         <c> </c>
         <w xml:id="o4741-355620"
            n="220-a-0090"
            ecep:lem="Kneller"
            ecep:pos="np1"
            ecep:reg="Kneller"
            ecep:spe="Kneller"
            ecep:syllab="2"
            ecep:pron="ˈnelə">Kneller</w>
         <pc xml:id="o4741-355630"
             n="220-a-0100"
             unit="sentence"
             ecep:lem="."
             ecep:pos="."
             ecep:reg="."
             ecep:spe=".">.</pc>
         <c> </c>
      </hi>
   </head>
   <lg xml:id="o4741-s01025">
      <l xml:id="o4741-l12635">
         <w xml:id="o4741-355660"
            n="220-a-0110"
            ecep:lem="with"
            ecep:pos="p-acp"
            ecep:reg="WITH"
            ecep:spe="WITH"
            ecep:syllab="1"
            ecep:pron="wɪð">WITH</w>
         <c> </c>
         <w xml:id="o4741-355670"
            n="220-a-0120"
            ecep:lem="such"
            ecep:pos="d"
            ecep:reg="such"
            ecep:spe="such"
            ecep:syllab="1"
            ecep:pron="sʌtʃ">such</w>
         <c> </c>
         <w xml:id="o4741-355680"
            n="220-a-0130"
            ecep:lem="a"
            ecep:pos="dt"
            ecep:reg="a"
            ecep:spe="a"
            ecep:syllab="1"
            ecep:pron="ə">a</w>
         <c> </c>
         <w xml:id="o4741-355690"
            n="220-a-0140"
            ecep:lem="sapient"
            ecep:pos="j"
            ecep:reg="sapient"
            ecep:spe="sapient"
            ecep:syllab="3"
            ecep:pron="ˈseɪpɪənt">sapient</w>
         <c> </c>
         <w xml:id="o4741-355700"
            n="220-a-0150"
            ecep:lem="eye"
            ecep:pos="n1"
            ecep:reg="Eye"
            ecep:spe="Eye"
            ecep:syllab="1"
            ecep:pron="aɪ">Eye</w>
         <pc xml:id="o4741-355710"
             n="220-a-0160"
             ecep:lem=","
             ecep:pos=","
             ecep:reg=","
             ecep:spe=",">,</pc>
         <c> </c>
         <w xml:id="o4741-355720"
            n="220-a-0170"
            ecep:lem="and"
            ecep:pos="cc"
            ecep:reg="and"
            ecep:spe="and"
            ecep:syllab="1"
            ecep:pron="ænd">and</w>
         <c> </c>
         <w xml:id="o4741-355730"
            n="220-a-0180"
            ecep:lem="heavenly"
            ecep:pos="j"
            ecep:reg="heavenly"
            ecep:spe="heav'nly"
            ecep:syllab="2"
            ecep:pron="ˈhevnlɪ">heav'nly</w>
         <c> </c>
         <w xml:id="o4741-355740"
            n="220-a-0190"
            ecep:lem="mind"
            ecep:pos="n1"
            ecep:reg="Mind"
            ecep:spe="Mind"
            ecep:syllab="1"
            ecep:pron="maɪnd">Mind</w>
         <pc xml:id="o4741-355750"
             n="220-a-0200"
             ecep:lem=","
             ecep:pos=","
             ecep:reg=","
             ecep:spe=",">,</pc>
      </l>
      <l xml:id="o4741-l12640">
         <c> </c>
         <w xml:id="o4741-355760"
            n="220-a-0210"
            ecep:lem="Minerva"
            ecep:pos="np1"
            ecep:reg="MINERVA"
            ecep:spe="MINERVA"
            ecep:syllab="3"
            ecep:pron="mɪˈnɜːvə">MINERVA</w>
         <c> </c>
         <w xml:id="o4741-355770"
            n="220-a-0220"
            ecep:lem="teach"
            ecep:pos="vvd"
            ecep:reg="taught"
            ecep:spe="taught"
            ecep:syllab="1"
            ecep:pron="tɔːt">taught</w>
         <c> </c>
         <w xml:id="o4741-355780"
            n="220-a-0230"
            ecep:lem="her"
            ecep:pos="po31"
            ecep:reg="her"
            ecep:spe="her"
            ecep:syllab="1"
            ecep:pron="hɜː">her</w>
         <c> </c>
         <w xml:id="o4741-355790"
            n="220-a-0240"
            ecep:lem="art"
            ecep:pos="n2"
            ecep:reg="Arts"
            ecep:spe="Arts"
            ecep:syllab="1"
            ecep:pron="ɑːts">Arts</w>
         <c> </c>
         <w xml:id="o4741-355800"
            n="220-a-0250"
            ecep:lem="to"
            ecep:pos="p-acp"
            ecep:reg="to"
            ecep:spe="to"
            ecep:syllab="1"
            ecep:pron="tuː">to</w>
         <c> </c>
         <w xml:id="o4741-355810"
            n="220-a-0260"
            ecep:lem="human"
            ecep:pos="j"
            ecep:reg="human"
            ecep:spe="human"
            ecep:syllab="2"
            ecep:pron="ˈhjuːmən">human</w>
         <c> </c>
         <w xml:id="o4741-355820"
            n="220-a-0270"
            ecep:lem="kind"
            ecep:pos="j"
            ecep:reg="Kind"
            ecep:spe="Kind"
            ecep:syllab="1"
            ecep:pron="kaɪnd">Kind</w>
         <pc xml:id="o4741-355830"
             n="220-a-0280"
             ecep:lem=";"
             ecep:pos=";"
             ecep:reg=";"
             ecep:spe=";">;</pc>
      </l>
      <l xml:id="o4741-l12645">
         <c> </c>
         <w xml:id="o4741-355840"
            n="220-a-0290"
            ecep:lem="with"
            ecep:pos="p-acp"
            ecep:reg="With"
            ecep:spe="With"
            ecep:syllab="1"
            ecep:pron="wɪð">With</w>
         <c> </c>
         <w xml:id="o4741-355850"
            n="220-a-0300"
            ecep:lem="such"
            ecep:pos="d"
            ecep:reg="such"
            ecep:spe="such"
            ecep:syllab="1"
            ecep:pron="sʌtʃ">such</w>
         <c> </c>
         <w xml:id="o4741-355860"
            n="220-a-0310"
            ecep:lem="attractive"
            ecep:pos="j"
            ecep:reg="attractive"
            ecep:spe="attractive"
            ecep:syllab="3"
            ecep:pron="əˈtræktɪv">attractive</w>
         <c> </c>
         <w xml:id="o4741-355870"
            n="220-a-0320"
            ecep:lem="charm"
            ecep:pos="n2"
            ecep:reg="Charms"
            ecep:spe="Charms"
            ecep:syllab="1"
            ecep:pron="tʃɑːmz">Charms</w>
         <pc xml:id="o4741-355880"
             n="220-a-0330"
             ecep:lem=","
             ecep:pos=","
             ecep:reg=","
             ecep:spe=",">,</pc>
         <c> </c>
         <w xml:id="o4741-355890"
            n="220-a-0340"
            ecep:lem="and"
            ecep:pos="cc"
            ecep:reg="and"
            ecep:spe="and"
            ecep:syllab="1"
            ecep:pron="ænd">and</w>
         <c> </c>
         <w xml:id="o4741-355900"
            n="220-a-0350"
            ecep:lem="graceful"
            ecep:pos="j"
            ecep:reg="graceful"
            ecep:spe="graceful"
            ecep:syllab="2"
            ecep:pron="ˈgreɪsfʊl">graceful</w>
         <c> </c>
         <w xml:id="o4741-355910"
            n="220-a-0360"
            ecep:lem="air"
            ecep:pos="n1"
            ecep:reg="Air"
            ecep:spe="Air"
            ecep:syllab="1"
            ecep:pron="eə">Air</w>
         <pc xml:id="o4741-355920"
             n="220-a-0370"
             ecep:lem=","
             ecep:pos=","
             ecep:reg=","
             ecep:spe=",">,</pc>
      </l>
      <l xml:id="o4741-l12650">
         <c> </c>
         <w xml:id="o4741-355930"
            n="220-a-0380"
            ecep:lem="Venus"
            ecep:pos="np1"
            ecep:reg="VENUS"
            ecep:spe="VENUS"
            ecep:syllab="2"
            ecep:pron="ˈviːnəs">VENUS</w>
         <c> </c>
         <w xml:id="o4741-355940"
            n="220-a-0390"
            ecep:lem="be"
            ecep:pos="vbds"
            ecep:reg="was"
            ecep:spe="was"
            ecep:syllab="1"
            ecep:pron="wɒz">was</w>
         <c> </c>
         <w xml:id="o4741-355950"
            n="220-a-0400"
            ecep:lem="judge"
            ecep:pos="vvn"
            ecep:reg="judged"
            ecep:spe="judg'd"
            ecep:syllab="1"
            ecep:pron="dʒʌdʒd">judg'd</w>
         <c> </c>
         <w xml:id="o4741-355960"
            n="220-a-0410"
            ecep:lem="the"
            ecep:pos="dt"
            ecep:reg="the"
            ecep:spe="the"
            ecep:syllab="1"
            ecep:pron="ðə">the</w>
         <c> </c>
         <hi>
            <w xml:id="o4741-355970"
               n="220-a-0420"
               ecep:lem="queen"
               ecep:pos="n1"
               ecep:reg="Queen"
               ecep:spe="Queen"
               ecep:syllab="1"
               ecep:pron="kwiːn">Queen</w>
         </hi>
         <c> </c>
         <w xml:id="o4741-355980"
            n="220-a-0430"
            ecep:lem="of"
            ecep:pos="pp-f"
            ecep:reg="of"
            ecep:spe="of"
            ecep:syllab="1"
            ecep:pron="ɒv">of</w>
         <c> </c>
         <w xml:id="o4741-355990"
            n="220-a-0440"
            ecep:lem="all"
            ecep:pos="d"
            ecep:reg="all"
            ecep:spe="all"
            ecep:syllab="1"
            ecep:pron="ɔːl">all</w>
         <c> </c>
         <w xml:id="o4741-356000"
            n="220-a-0450"
            ecep:lem="the"
            ecep:pos="dt"
            ecep:reg="the"
            ecep:spe="the"
            ecep:syllab="1"
            ecep:pron="ðə">the</w>
         <c> </c>
         <hi>
            <w xml:id="o4741-356010"
               n="220-a-0460"
               ecep:lem="fair"
               ecep:pos="j"
               ecep:reg="Fair"
               ecep:spe="Fair"
               ecep:syllab="1"
               ecep:pron="feə">Fair</w>
            <pc xml:id="o4741-356020"
                n="220-a-0470"
                ecep:lem=":"
                ecep:pos=":"
                ecep:reg=":"
                ecep:spe=":">:</pc>
         </hi>
      </l>
      <l xml:id="o4741-l12655">
         <c> </c>
         <w xml:id="o4741-356030"
            n="220-a-0480"
            ecep:lem="such"
            ecep:pos="d"
            ecep:reg="Such"
            ecep:spe="Such"
            ecep:syllab="1"
            ecep:pron="sʌtʃ">Such</w>
         <c> </c>
         <w xml:id="o4741-356040"
            n="220-a-0490"
            ecep:lem="sense"
            ecep:pos="n1"
            ecep:reg="Sense"
            ecep:spe="Sense"
            ecep:syllab="1"
            ecep:pron="sens">Sense</w>
         <c> </c>
         <w xml:id="o4741-356050"
            n="220-a-0500"
            ecep:lem="and"
            ecep:pos="cc"
            ecep:reg="and"
            ecep:spe="and"
            ecep:syllab="1"
            ecep:pron="ænd">and</w>
         <c> </c>
         <w xml:id="o4741-356060"
            n="220-a-0510"
            ecep:lem="beauty"
            ecep:pos="n1"
            ecep:reg="Beauty"
            ecep:spe="Beauty"
            ecep:syllab="2"
            ecep:pron="ˈbjuːtɪ">Beauty</w>
         <c> </c>
         <w xml:id="o4741-356070"
            n="220-a-0520"
            ecep:lem="to"
            ecep:pos="p-acp"
            ecep:reg="to"
            ecep:spe="to"
            ecep:syllab="1"
            ecep:pron="tuː">to</w>
         <c> </c>
         <w xml:id="o4741-356080"
            n="220-a-0530"
            ecep:lem="the"
            ecep:pos="dt"
            ecep:reg="the"
            ecep:spe="the"
            ecep:syllab="1"
            ecep:pron="ðə">the</w>
         <c> </c>
         <w xml:id="o4741-356090"
            n="220-a-0540"
            ecep:lem="painter"
            ecep:pos="n1"
            ecep:reg="Painter"
            ecep:spe="Painter"
            ecep:syllab="2"
            ecep:pron="ˈpeɪntə">Painter</w>
         <c> </c>
         <w xml:id="o4741-356100"
            n="220-a-0550"
            ecep:lem="shine"
            ecep:pos="vvd"
            ecep:reg="shone"
            ecep:spe="shone"
            ecep:syllab="1"
            ecep:pron="ʃɒn">shone</w>
         <pc xml:id="o4741-356110"
             n="220-a-0560"
             ecep:lem=","
             ecep:pos=","
             ecep:reg=","
             ecep:spe=",">,</pc>
      </l>
      <l xml:id="o4741-l12660">
         <c> </c>
         <w xml:id="o4741-356120"
            n="220-a-0570"
            ecep:lem="he"
            ecep:pos="pns31"
            ecep:reg="He"
            ecep:spe="He"
            ecep:syllab="1"
            ecep:pron="hiː">He</w>
         <c> </c>
         <w xml:id="o4741-356130"
            n="220-a-0580"
            ecep:lem="draw"
            ecep:pos="vvd"
            ecep:reg="drew"
            ecep:spe="drew"
            ecep:syllab="1"
            ecep:pron="druː">drew</w>
         <c> </c>
         <hi>
            <w xml:id="o4741-356140"
               n="220-a-0590"
               ecep:lem="two"
               ecep:pos="crd"
               ecep:reg="Two"
               ecep:spe="Two"
               ecep:syllab="1"
               ecep:pron="tuː">Two</w>
         </hi>
         <c> </c>
         <w xml:id="o4741-356150"
            n="220-a-0600"
            ecep:lem="goddess"
            ecep:pos="n2"
            ecep:reg="Goddesses"
            ecep:spe="Goddesses"
            ecep:syllab="3"
            ecep:pron="ˈgɒdesɪz">Goddesses</w>
         <pc xml:id="o4741-356160"
             n="220-a-0610"
             ecep:lem=","
             ecep:pos=","
             ecep:reg=","
             ecep:spe=",">,</pc>
         <c> </c>
         <w xml:id="o4741-356170"
            n="220-a-0620"
            ecep:lem="to"
            ecep:pos="pc-acp"
            ecep:reg="to"
            ecep:spe="to"
            ecep:syllab="1"
            ecep:pron="tuː">to</w>
         <c> </c>
         <w xml:id="o4741-356180"
            n="220-a-0630"
            ecep:lem="finish"
            ecep:pos="vvi"
            ecep:reg="finish"
            ecep:spe="finish"
            ecep:syllab="2"
            ecep:pron="ˈfɪnɪʃ">finish</w>
         <c> </c>
         <hi>
            <w xml:id="o4741-356190"
               n="220-a-0640"
               ecep:lem="one"
               ecep:pos="pi"
               ecep:reg="One"
               ecep:spe="One"
               ecep:syllab="1"
               ecep:pron="wʌn">One</w>
            <pc xml:id="o4741-356200"
                n="220-a-0650"
                unit="sentence"
                ecep:lem="."
                ecep:pos="."
                ecep:reg="."
                ecep:spe=".">.</pc>
            <c> </c>
         </hi>
      </l>
   </lg>
</div>
