<?xml version="1.0" encoding="utf-8"?>
<!DOCTYPE div
  SYSTEM "about:legacy-compat">
<div xmlns:ecep="http://www.eighteenthcenturypoetry.org/ns"
     xmlns="http://www.tei-c.org/ns/1.0"
     xmlns:tei="http://www.tei-c.org/ns/1.0"
     ana="#iamb #tetrameter #couplet #satire"
     corresp="#txt_BarbMa1685_w0063"
     decls="#semi-normalized"
     ecep:syllab="8"
     met="-+|-+|-+|-+/"
     rendition="#lgvspace"
     rhyme="aa"
     subtype="eceptext"
     type="poem"
     xml:id="pba35-w0670">
   <link target="authors.xml#aut_BarbMa1685" type="author"/>
   <link target="11564" type="DMI"/>
   <head type="main">
      <w xml:id="pba35-174200"
         n="a-0010"
         ecep:lem="a"
         ecep:pos="dt"
         ecep:reg="An"
         ecep:spe="An"
         ecep:syllab="1"
         ecep:pron="æn">An</w>
      <c> </c>
      <w xml:id="pba35-174210"
         n="a-0020"
         ecep:lem="apology"
         ecep:pos="n1"
         ecep:reg="Apology"
         ecep:spe="Apology"
         ecep:syllab="4"
         ecep:pron="əˈpɒlədʒɪ">Apology</w>
      <c> </c>
      <w xml:id="pba35-174220"
         n="a-0030"
         ecep:lem="for"
         ecep:pos="p-acp"
         ecep:reg="for"
         ecep:spe="for"
         ecep:syllab="1"
         ecep:pron="fɔː">for</w>
      <c> </c>
      <w xml:id="pba35-174230"
         n="a-0040"
         ecep:lem="the"
         ecep:pos="dt"
         ecep:reg="the"
         ecep:spe="the"
         ecep:syllab="1"
         ecep:pron="ðə">the</w>
      <c> </c>
      <w xml:id="pba35-174240"
         n="a-0050"
         ecep:lem="clergy"
         ecep:pos="n1"
         ecep:reg="Clergy"
         ecep:spe="Clergy"
         ecep:syllab="2"
         ecep:pron="ˈklɜːdʒɪ">Clergy</w>
      <pc xml:id="pba35-174250"
          n="a-0060"
          ecep:lem=","
          ecep:pos=","
          ecep:reg=","
          ecep:spe=",">,</pc>
      <c> </c>
      <w xml:id="pba35-174260"
         n="a-0070"
         ecep:lem="who"
         ecep:pos="r-crq"
         ecep:reg="who"
         ecep:spe="who"
         ecep:syllab="1"
         ecep:pron="huː">who</w>
      <c> </c>
      <w xml:id="pba35-174270"
         n="a-0080"
         ecep:lem="be"
         ecep:pos="vbdr"
         ecep:reg="were"
         ecep:spe="were"
         ecep:syllab="1"
         ecep:pron="wɜː">were</w>
      <c> </c>
      <w xml:id="pba35-174280"
         n="a-0090"
         ecep:lem="present"
         ecep:pos="j"
         ecep:reg="present"
         ecep:spe="present"
         ecep:syllab="2"
         ecep:pron="ˈpreznt">present</w>
      <c> </c>
      <w xml:id="pba35-174290"
         n="a-0100"
         ecep:lem="when"
         ecep:pos="c-crq"
         ecep:reg="when"
         ecep:spe="when"
         ecep:syllab="1"
         ecep:pron="wen">when</w>
      <c> </c>
      <w xml:id="pba35-174300"
         n="a-0110"
         ecep:lem="the"
         ecep:pos="dt"
         ecep:reg="the"
         ecep:spe="the"
         ecep:syllab="1"
         ecep:pron="ðə">the</w>
      <c> </c>
      <w xml:id="pba35-174310"
         n="a-0120"
         ecep:lem="minister"
         ecep:pos="n1"
         ecep:reg="Minister"
         ecep:spe="Minister"
         ecep:syllab="3"
         ecep:pron="ˈmɪnɪstə">Minister</w>
      <c> </c>
      <w xml:id="pba35-174320"
         n="a-0130"
         ecep:lem="of"
         ecep:pos="pp-f"
         ecep:reg="of"
         ecep:spe="of"
         ecep:syllab="1"
         ecep:pron="ɒv">of</w>
      <c> </c>
      <w xml:id="pba35-174330"
         n="a-0140"
         ecep:lem="the"
         ecep:pos="dt"
         ecep:reg="the"
         ecep:spe="the"
         ecep:syllab="1"
         ecep:pron="ðə">the</w>
      <c> </c>
      <w xml:id="pba35-174340"
         n="a-0150"
         ecep:lem="parish"
         ecep:pos="n1"
         ecep:reg="Parish"
         ecep:spe="Parish"
         ecep:syllab="2"
         ecep:pron="ˈpærɪʃ">Parish</w>
      <c> </c>
      <w xml:id="pba35-174350"
         n="a-0160"
         ecep:lem="read"
         ecep:pos="vvi"
         ecep:reg="read"
         ecep:spe="read"
         ecep:syllab="1"
         ecep:pron="riːd">read</w>
      <c> </c>
      <w xml:id="pba35-174360"
         n="a-0170"
         ecep:lem="prayer"
         ecep:pos="n2"
         ecep:reg="Prayers"
         ecep:spe="Prayers"
         ecep:syllab="2"
         ecep:pron="ˈpreɪəz">Prayers</w>
      <c> </c>
      <w xml:id="pba35-174370"
         n="a-0180"
         ecep:lem="and"
         ecep:pos="cc"
         ecep:reg="and"
         ecep:spe="and"
         ecep:syllab="1"
         ecep:pron="ænd">and</w>
      <c> </c>
      <w xml:id="pba35-174380"
         n="a-0190"
         ecep:lem="preach"
         ecep:pos="vvd"
         ecep:reg="preached"
         ecep:spe="preach'd"
         ecep:syllab="1"
         ecep:pron="priːtʃt">preach'd</w>
      <c> </c>
      <w xml:id="pba35-174390"
         n="a-0200"
         ecep:lem="twice"
         ecep:pos="av"
         ecep:reg="twice"
         ecep:spe="twice"
         ecep:syllab="1"
         ecep:pron="twaɪs">twice</w>
      <c> </c>
      <w xml:id="pba35-174400"
         n="a-0210"
         ecep:lem="in"
         ecep:pos="p-acp"
         ecep:reg="in"
         ecep:spe="in"
         ecep:syllab="1"
         ecep:pron="ɪn">in</w>
      <c> </c>
      <w xml:id="pba35-174410"
         n="a-0220"
         ecep:lem="one"
         ecep:pos="crd"
         ecep:reg="one"
         ecep:spe="one"
         ecep:syllab="1"
         ecep:pron="wʌn">one</w>
      <c> </c>
      <w xml:id="pba35-174420"
         n="a-0230"
         ecep:lem="day"
         ecep:pos="n1"
         ecep:reg="Day"
         ecep:spe="Day"
         ecep:syllab="1"
         ecep:pron="deɪ">Day</w>
      <pc xml:id="pba35-174430"
          n="a-0240"
          ecep:lem=","
          ecep:pos=","
          ecep:reg=","
          ecep:spe=",">,</pc>
      <c> </c>
      <w xml:id="pba35-174440"
         n="a-0250"
         ecep:lem="at"
         ecep:pos="p-acp"
         ecep:reg="at"
         ecep:spe="at"
         ecep:syllab="1"
         ecep:pron="æt">at</w>
      <c> </c>
      <w xml:id="pba35-174450"
         n="a-0260"
         ecep:lem="tunbridge-well"
         ecep:pos="n2"
         ecep:reg="Tunbridge-Wells"
         ecep:spe="Tunbridge-Wells"
         ecep:syllab="4"
         ecep:pron="ˈtʌnbrɪdʒˌwelz">Tunbridge-Wells</w>
      <pc xml:id="pba35-174460"
          n="a-0270"
          unit="sentence"
          ecep:lem="."
          ecep:pos="."
          ecep:reg="."
          ecep:spe=".">.</pc>
   </head>
   <head type="sub">
      <w xml:id="pba35-174490"
         n="a-0280"
         ecep:lem="write"
         ecep:pos="vvn"
         ecep:reg="Written"
         ecep:spe="Written"
         ecep:syllab="2"
         ecep:pron="ˈrɪtn">Written</w>
      <c> </c>
      <w xml:id="pba35-174500"
         n="a-0290"
         ecep:lem="at"
         ecep:pos="p-acp"
         ecep:reg="at"
         ecep:spe="at"
         ecep:syllab="1"
         ecep:pron="æt">at</w>
      <c> </c>
      <w xml:id="pba35-174510"
         n="a-0300"
         ecep:lem="the"
         ecep:pos="dt"
         ecep:reg="the"
         ecep:spe="the"
         ecep:syllab="1"
         ecep:pron="ðə">the</w>
      <c> </c>
      <w xml:id="pba35-174520"
         n="a-0310"
         ecep:lem="request"
         ecep:pos="n1"
         ecep:reg="Request"
         ecep:spe="Request"
         ecep:syllab="2"
         ecep:pron="rɪˈkwest">Request</w>
      <c> </c>
      <w xml:id="pba35-174530"
         n="a-0320"
         ecep:lem="of"
         ecep:pos="pp-f"
         ecep:reg="of"
         ecep:spe="of"
         ecep:syllab="1"
         ecep:pron="ɒv">of</w>
      <c> </c>
      <w xml:id="pba35-174540"
         n="a-0330"
         ecep:lem="a"
         ecep:pos="dt"
         ecep:reg="a"
         ecep:spe="a"
         ecep:syllab="1"
         ecep:pron="ə">a</w>
      <c> </c>
      <w xml:id="pba35-174550"
         n="a-0340"
         ecep:lem="Layman"
         ecep:pos="np1"
         ecep:reg="Layman"
         ecep:spe="Layman"
         ecep:syllab="2"
         ecep:pron="ˈleɪmən">Layman</w>
      <pc xml:id="pba35-174560"
          n="a-0350"
          unit="sentence"
          ecep:lem="."
          ecep:pos="."
          ecep:reg="."
          ecep:spe=".">.</pc>
   </head>
   <lg xml:id="pba35-s01125">
      <l n="1" xml:id="pba35-l08970">
         <hi rendition="#sc">
            <w xml:id="pba35-174590"
               n="a-0360"
               ecep:lem="how"
               ecep:pos="uh-crq"
               ecep:reg="How"
               ecep:spe="How"
               ecep:syllab="1"
               ecep:pron="haʊ">How</w>
         </hi>
         <c> </c>
         <w xml:id="pba35-174600"
            n="a-0370"
            ecep:lem="well"
            ecep:pos="av"
            ecep:reg="well"
            ecep:spe="well"
            ecep:syllab="1"
            ecep:pron="wel">well</w>
         <c> </c>
         <w xml:id="pba35-174610"
            n="a-0380"
            ecep:lem="these"
            ecep:pos="d"
            ecep:reg="these"
            ecep:spe="these"
            ecep:syllab="1"
            ecep:pron="ðiːz">these</w>
         <c> </c>
         <hi>
            <w xml:id="pba35-174620"
               n="a-0390"
               ecep:lem="layman"
               ecep:pos="n2"
               ecep:reg="Laymen"
               ecep:spe="Laymen"
               ecep:syllab="2"
               ecep:pron="ˈleɪˌmen">Laymen</w>
         </hi>
         <c> </c>
         <w xml:id="pba35-174630"
            n="a-0400"
            ecep:lem="love"
            ecep:pos="vvb"
            ecep:reg="love"
            ecep:spe="love"
            ecep:syllab="1"
            ecep:pron="lʌv">love</w>
         <c> </c>
         <w xml:id="pba35-174640"
            n="a-0410"
            ecep:lem="to"
            ecep:pos="pc-acp"
            ecep:reg="to"
            ecep:spe="to"
            ecep:syllab="1"
            ecep:pron="tuː">to</w>
         <c> </c>
         <w xml:id="pba35-174650"
            n="a-0420"
            ecep:lem="gibe"
            ecep:pos="vvi"
            ecep:reg="gibe"
            ecep:spe="gibe"
            ecep:syllab="1"
            ecep:pron="dʒaɪb">gibe</w>
         <pc xml:id="pba35-174660"
             n="a-0430"
             ecep:lem=","
             ecep:pos=","
             ecep:reg=","
             ecep:spe=",">,</pc>
      </l>
      <l n="2" xml:id="pba35-l08975">
         <c> </c>
         <w xml:id="pba35-174670"
            n="a-0440"
            ecep:lem="and"
            ecep:pos="cc"
            ecep:reg="And"
            ecep:spe="And"
            ecep:syllab="1"
            ecep:pron="ænd">And</w>
         <c> </c>
         <w xml:id="pba35-174680"
            n="a-0450"
            ecep:lem="throw"
            ecep:pos="vvi"
            ecep:reg="throw"
            ecep:spe="throw"
            ecep:syllab="1"
            ecep:pron="θrəʊ">throw</w>
         <c> </c>
         <w xml:id="pba35-174690"
            n="a-0460"
            ecep:lem="their"
            ecep:pos="po32"
            ecep:reg="their"
            ecep:spe="their"
            ecep:syllab="1"
            ecep:pron="ðeə">their</w>
         <c> </c>
         <w xml:id="pba35-174700"
            n="a-0470"
            ecep:lem="jest"
            ecep:pos="n2"
            ecep:reg="Jests"
            ecep:spe="Jests"
            ecep:syllab="1"
            ecep:pron="dʒests">Jests</w>
         <c> </c>
         <w xml:id="pba35-174710"
            n="a-0480"
            ecep:lem="on"
            ecep:pos="p-acp"
            ecep:reg="on"
            ecep:spe="on"
            ecep:syllab="1"
            ecep:pron="ɒn">on</w>
         <c> </c>
         <hi>
            <w xml:id="pba35-174720"
               n="a-0490"
               rend="plain_apostrophe"
               ecep:lem="levi"
               ecep:pos="fw-la"
               ecep:reg="Levi's"
               ecep:spe="Levi's"
               ecep:syllab="2"
               ecep:pron="ˈliːvaɪz">Levi's</w>
         </hi>
         <c> </c>
         <w xml:id="pba35-174730"
            n="a-0500"
            ecep:lem="tribe"
            ecep:pos="n1"
            ecep:reg="Tribe"
            ecep:spe="Tribe"
            ecep:syllab="1"
            ecep:pron="traɪb">Tribe</w>
         <pc xml:id="pba35-174740"
             n="a-0510"
             unit="sentence"
             ecep:lem="!"
             ecep:pos="!"
             ecep:reg="!"
             ecep:spe="!">!</pc>
         <c> </c>
      </l>
      <l n="3" xml:id="pba35-l08980">
         <w xml:id="pba35-174750"
            n="a-0520"
            ecep:lem="must"
            ecep:pos="vmb"
            ecep:reg="Must"
            ecep:spe="Must"
            ecep:syllab="1"
            ecep:pron="mʌst">Must</w>
         <c> </c>
         <hi>
            <w xml:id="pba35-174760"
               n="a-0530"
               ecep:lem="one"
               ecep:pos="pi"
               ecep:reg="One"
               ecep:spe="One"
               ecep:syllab="1"
               ecep:pron="wʌn">One</w>
         </hi>
         <c> </c>
         <w xml:id="pba35-174770"
            n="a-0540"
            ecep:lem="be"
            ecep:pos="vbi"
            ecep:reg="be"
            ecep:spe="be"
            ecep:syllab="1"
            ecep:pron="biː">be</w>
         <c> </c>
         <w xml:id="pba35-174780"
            n="a-0550"
            ecep:lem="toil"
            ecep:pos="vvn"
            ecep:reg="toiled"
            ecep:spe="toil'd"
            ecep:syllab="1"
            ecep:pron="tɔɪld">toil'd</w>
         <c> </c>
         <w xml:id="pba35-174790"
            n="a-0560"
            ecep:lem="to"
            ecep:pos="p-acp"
            ecep:reg="to"
            ecep:spe="to"
            ecep:syllab="1"
            ecep:pron="tuː">to</w>
         <c> </c>
         <w xml:id="pba35-174800"
            n="a-0570"
            ecep:lem="death"
            ecep:pos="n1"
            ecep:reg="Death"
            ecep:spe="Death"
            ecep:syllab="1"
            ecep:pron="deθ">Death</w>
         <pc xml:id="pba35-174810"
             n="a-0580"
             ecep:lem=","
             ecep:pos=","
             ecep:reg=","
             ecep:spe=",">,</pc>
         <c> </c>
         <w xml:id="pba35-174820"
            n="a-0590"
            ecep:lem="they"
            ecep:pos="pns32"
            ecep:reg="they"
            ecep:spe="they"
            ecep:syllab="1"
            ecep:pron="ðeɪ">they</w>
         <c> </c>
         <w xml:id="pba35-174830"
            n="a-0600"
            ecep:lem="cry"
            ecep:pos="vvb"
            ecep:reg="cry"
            ecep:spe="cry"
            ecep:syllab="1"
            ecep:pron="kraɪ">cry</w>
         <pc xml:id="pba35-174840"
             n="a-0610"
             ecep:lem=","
             ecep:pos=","
             ecep:reg=","
             ecep:spe=",">,</pc>
      </l>
      <l n="4" xml:id="pba35-l08985">
         <c> </c>
         <w xml:id="pba35-174850"
            n="a-0620"
            ecep:lem="while"
            ecep:pos="cs"
            ecep:reg="While"
            ecep:spe="Whilst"
            ecep:syllab="1"
            ecep:pron="waɪlst">Whilst</w>
         <c> </c>
         <w xml:id="pba35-174860"
            n="a-0630"
            ecep:lem="other"
            ecep:pos="j-jn"
            ecep:reg="other"
            ecep:spe="other"
            ecep:syllab="2"
            ecep:pron="ˈʌðə">other</w>
         <c> </c>
         <w xml:id="pba35-174870"
            n="a-0640"
            ecep:lem="priest"
            ecep:pos="n2"
            ecep:reg="Priests"
            ecep:spe="Priests"
            ecep:syllab="1"
            ecep:pron="priːsts">Priests</w>
         <c> </c>
         <w xml:id="pba35-174880"
            n="a-0650"
            ecep:lem="be"
            ecep:pos="vbr"
            ecep:reg="are"
            ecep:spe="are"
            ecep:syllab="1"
            ecep:pron="ɑː">are</w>
         <c> </c>
         <w xml:id="pba35-174890"
            n="a-0660"
            ecep:lem="yawn"
            ecep:pos="vvg"
            ecep:reg="yawning"
            ecep:spe="yawning"
            ecep:syllab="2"
            ecep:pron="ˈjɔːnɪŋ">yawning</w>
         <c> </c>
         <w xml:id="pba35-174900"
            n="a-0670"
            ecep:lem="by"
            ecep:pos="p-acp"
            ecep:reg="by"
            ecep:spe="by"
            ecep:syllab="1"
            ecep:pron="baɪ">by</w>
         <pc xml:id="pba35-174910"
             n="a-0680"
             unit="sentence"
             ecep:lem="?"
             ecep:pos="?"
             ecep:reg="?"
             ecep:spe="?">?</pc>
         <c> </c>
      </l>
      <l n="5" xml:id="pba35-l08990">
         <w xml:id="pba35-174920"
            n="a-0690"
            ecep:lem="forgetful"
            ecep:pos="j"
            ecep:reg="Forgetful"
            ecep:spe="Forgetful"
            ecep:syllab="3"
            ecep:pron="fəˈgetfʊl">Forgetful</w>
         <c> </c>
         <w xml:id="pba35-174930"
            n="a-0700"
            ecep:lem="that"
            ecep:pos="cst"
            ecep:reg="that"
            ecep:spe="that"
            ecep:syllab="1"
            ecep:pron="ðæt">that</w>
         <c> </c>
         <hi>
            <w xml:id="pba35-174940"
               n="a-0710"
               ecep:lem="he"
               ecep:pos="pns31"
               ecep:reg="He"
               ecep:spe="He"
               ecep:syllab="1"
               ecep:pron="hiː">He</w>
         </hi>
         <c> </c>
         <w xml:id="pba35-174950"
            n="a-0720"
            ecep:lem="reap"
            ecep:pos="vvz"
            ecep:reg="reaps"
            ecep:spe="reaps"
            ecep:syllab="1"
            ecep:pron="riːps">reaps</w>
         <c> </c>
         <w xml:id="pba35-174960"
            n="a-0730"
            ecep:lem="the"
            ecep:pos="dt"
            ecep:reg="the"
            ecep:spe="the"
            ecep:syllab="1"
            ecep:pron="ðə">the</w>
         <c> </c>
         <w xml:id="pba35-174970"
            n="a-0740"
            ecep:lem="gain"
            ecep:pos="n1"
            ecep:reg="Gain"
            ecep:spe="Gain"
            ecep:syllab="1"
            ecep:pron="geɪn">Gain</w>
         <pc xml:id="pba35-174980"
             n="a-0750"
             ecep:lem=","
             ecep:pos=","
             ecep:reg=","
             ecep:spe=",">,</pc>
      </l>
      <l n="6" xml:id="pba35-l08995">
         <c> </c>
         <w xml:id="pba35-174990"
            n="a-0760"
            ecep:lem="why"
            ecep:pos="q-crq"
            ecep:reg="Why"
            ecep:spe="Why"
            ecep:syllab="1"
            ecep:pron="waɪ">Why</w>
         <c> </c>
         <w xml:id="pba35-175000"
            n="a-0770"
            ecep:lem="shall"
            ecep:pos="vmd"
            ecep:reg="should"
            ecep:spe="should"
            ecep:syllab="1"
            ecep:pron="ʃʊd">should</w>
         <c> </c>
         <hi>
            <w xml:id="pba35-175010"
               n="a-0780"
               ecep:lem="they"
               ecep:pos="pns32"
               ecep:reg="They"
               ecep:spe="They"
               ecep:syllab="1"
               ecep:pron="ðeɪ">They</w>
         </hi>
         <c> </c>
         <w xml:id="pba35-175020"
            n="a-0790"
            ecep:lem="waste"
            ecep:pos="vvi"
            ecep:reg="waste"
            ecep:spe="waste"
            ecep:syllab="1"
            ecep:pron="weɪst">waste</w>
         <c> </c>
         <w xml:id="pba35-175030"
            n="a-0800"
            ecep:lem="their"
            ecep:pos="po32"
            ecep:reg="their"
            ecep:spe="their"
            ecep:syllab="1"
            ecep:pron="ðeə">their</w>
         <c> </c>
         <w xml:id="pba35-175040"
            n="a-0810"
            ecep:lem="lung"
            ecep:pos="n2"
            ecep:reg="Lungs"
            ecep:spe="Lungs"
            ecep:syllab="1"
            ecep:pron="lʌŋz">Lungs</w>
         <c> </c>
         <w xml:id="pba35-175050"
            n="a-0820"
            ecep:lem="in"
            ecep:pos="p-acp"
            ecep:reg="in"
            ecep:spe="in"
            ecep:syllab="1"
            ecep:pron="ɪn">in</w>
         <c> </c>
         <w xml:id="pba35-175060"
            n="a-0830"
            ecep:lem="vain"
            ecep:pos="j"
            ecep:reg="vain"
            ecep:spe="vain"
            ecep:syllab="1"
            ecep:pron="veɪn">vain</w>
         <pc xml:id="pba35-175070"
             n="a-0840"
             unit="sentence"
             ecep:lem="?"
             ecep:pos="?"
             ecep:reg="?"
             ecep:spe="?">?</pc>
         <c> </c>
      </l>
   </lg>
   <lg xml:id="pba35-s01130">
      <l n="7" xml:id="pba35-l09000">
         <hi rendition="#sc">
            <w xml:id="pba35-175100"
               n="a-0850"
               ecep:lem="when"
               ecep:pos="c-crq"
               ecep:reg="When"
               ecep:spe="When"
               ecep:syllab="1"
               ecep:pron="wen">When</w>
         </hi>
         <c> </c>
         <w xml:id="pba35-175110"
            n="a-0860"
            ecep:lem="man"
            ecep:pos="n2"
            ecep:reg="Men"
            ecep:spe="Men"
            ecep:syllab="1"
            ecep:pron="men">Men</w>
         <c> </c>
         <w xml:id="pba35-175120"
            n="a-0870"
            ecep:lem="be"
            ecep:pos="vbdr"
            ecep:reg="were"
            ecep:spe="were"
            ecep:syllab="1"
            ecep:pron="wɜː">were</w>
         <c> </c>
         <w xml:id="pba35-175130"
            n="a-0880"
            ecep:lem="weak"
            ecep:pos="j"
            ecep:reg="weak"
            ecep:spe="weak"
            ecep:syllab="1"
            ecep:pron="wiːk">weak</w>
         <c> </c>
         <w xml:id="pba35-175140"
            n="a-0890"
            ecep:lem="enough"
            ecep:pos="av-d"
            ecep:reg="enough"
            ecep:spe="enough"
            ecep:syllab="2"
            ecep:pron="ɪˈnʌf">enough</w>
         <c> </c>
         <w xml:id="pba35-175150"
            n="a-0900"
            ecep:lem="to"
            ecep:pos="pc-acp"
            ecep:reg="to"
            ecep:spe="to"
            ecep:syllab="1"
            ecep:pron="tuː">to</w>
         <c> </c>
         <w xml:id="pba35-175160"
            n="a-0910"
            ecep:lem="prize"
            ecep:pos="vvi"
            ecep:reg="prise"
            ecep:spe="prize"
            ecep:syllab="1"
            ecep:pron="praɪz">prize</w>
      </l>
      <l n="8" xml:id="pba35-l09005">
         <c> </c>
         <w xml:id="pba35-175170"
            n="a-0920"
            ecep:lem="the"
            ecep:pos="dt"
            ecep:reg="The"
            ecep:spe="The"
            ecep:syllab="1"
            ecep:pron="ðə">The</w>
         <c> </c>
         <hi>
            <w xml:id="pba35-175180"
               n="a-0930"
               ecep:lem="christian"
               ecep:pos="jp"
               ecep:reg="Christian"
               ecep:spe="Christian"
               ecep:syllab="2"
               ecep:pron="ˈkrɪstiən">Christian</w>
         </hi>
         <c> </c>
         <w xml:id="pba35-175190"
            n="a-0940"
            ecep:lem="scheme"
            ecep:pos="n1"
            ecep:reg="Scheme"
            ecep:spe="Scheme"
            ecep:syllab="1"
            ecep:pron="skiːm">Scheme</w>
         <pc xml:id="pba35-175200"
             n="a-0950"
             ecep:lem=","
             ecep:pos=","
             ecep:reg=","
             ecep:spe=",">,</pc>
         <c> </c>
         <w xml:id="pba35-175210"
            n="a-0960"
            ecep:lem="as"
            ecep:pos="c-acp"
            ecep:reg="as"
            ecep:spe="as"
            ecep:syllab="1"
            ecep:pron="æz">as</w>
         <c> </c>
         <w xml:id="pba35-175220"
            n="a-0970"
            ecep:lem="good"
            ecep:pos="j"
            ecep:reg="good"
            ecep:spe="good"
            ecep:syllab="1"
            ecep:pron="gʊd">good</w>
         <c> </c>
         <w xml:id="pba35-175230"
            n="a-0980"
            ecep:lem="and"
            ecep:pos="cc"
            ecep:reg="and"
            ecep:spe="and"
            ecep:syllab="1"
            ecep:pron="ænd">and</w>
         <c> </c>
         <w xml:id="pba35-175240"
            n="a-0990"
            ecep:lem="wise"
            ecep:pos="j"
            ecep:reg="wise"
            ecep:spe="wise"
            ecep:syllab="1"
            ecep:pron="waɪz">wise</w>
         <pc xml:id="pba35-175250"
             n="a-1000"
             ecep:lem=","
             ecep:pos=","
             ecep:reg=","
             ecep:spe=",">,</pc>
      </l>
      <pb n="149" rend="none"/>
      <l n="9" xml:id="pba35-l09010">
         <c> </c>
         <w xml:id="pba35-175260"
            n="a-0010"
            ecep:lem="to"
            ecep:pos="pc-acp"
            ecep:reg="To"
            ecep:spe="To"
            ecep:syllab="1"
            ecep:pron="tuː">To</w>
         <c> </c>
         <w xml:id="pba35-175270"
            n="a-0020"
            ecep:lem="think"
            ecep:pos="vvi"
            ecep:reg="think"
            ecep:spe="think"
            ecep:syllab="1"
            ecep:pron="θɪŋk">think</w>
         <c> </c>
         <w xml:id="pba35-175280"
            n="a-0030"
            ecep:lem="there"
            ecep:pos="a-acp"
            ecep:reg="there"
            ecep:spe="there"
            ecep:syllab="1"
            ecep:pron="ðeə">there</w>
         <c> </c>
         <w xml:id="pba35-175290"
            n="a-0040"
            ecep:lem="be"
            ecep:pos="vbds"
            ecep:reg="was"
            ecep:spe="was"
            ecep:syllab="1"
            ecep:pron="wɒz">was</w>
         <c> </c>
         <w xml:id="pba35-175300"
            n="a-0050"
            ecep:lem="a"
            ecep:pos="dt"
            ecep:reg="an"
            ecep:spe="an"
            ecep:syllab="1"
            ecep:pron="æn">an</w>
         <c> </c>
         <w xml:id="pba35-175310"
            n="a-0060"
            ecep:lem="heaven"
            ecep:pos="n1"
            ecep:reg="Heaven"
            ecep:spe="Heav'n"
            ecep:syllab="1"
            ecep:pron="ˈhevn">Heav'n</w>
         <c> </c>
         <w xml:id="pba35-175320"
            n="a-0070"
            ecep:lem="and"
            ecep:pos="cc"
            ecep:reg="and"
            ecep:spe="and"
            ecep:syllab="1"
            ecep:pron="ænd">and</w>
         <c> </c>
         <w xml:id="pba35-175330"
            n="a-0080"
            ecep:lem="hell"
            ecep:pos="n1"
            ecep:reg="Hell"
            ecep:spe="Hell"
            ecep:syllab="1"
            ecep:pron="hel">Hell</w>
         <pc xml:id="pba35-175340"
             n="a-0090"
             ecep:lem=";"
             ecep:pos=";"
             ecep:reg=";"
             ecep:spe=";">;</pc>
      </l>
      <l n="10" xml:id="pba35-l09015">
         <c> </c>
         <w xml:id="pba35-175350"
            n="a-0100"
            ecep:lem="to"
            ecep:pos="pc-acp"
            ecep:reg="To"
            ecep:spe="To"
            ecep:syllab="1"
            ecep:pron="tuː">To</w>
         <c> </c>
         <hi>
            <w xml:id="pba35-175360"
               n="a-0110"
               ecep:lem="pray"
               ecep:pos="vvi"
               ecep:reg="pray"
               ecep:spe="pray"
               ecep:syllab="1"
               ecep:pron="preɪ">pray</w>
         </hi>
         <c> </c>
         <w xml:id="pba35-175370"
            n="a-0120"
            ecep:lem="and"
            ecep:pos="cc"
            ecep:reg="and"
            ecep:spe="and"
            ecep:syllab="1"
            ecep:pron="ænd">and</w>
         <c> </c>
         <hi>
            <w xml:id="pba35-175380"
               n="a-0130"
               ecep:lem="preach"
               ecep:pos="vvi"
               ecep:reg="preach"
               ecep:spe="preach"
               ecep:syllab="1"
               ecep:pron="priːtʃ">preach</w>
         </hi>
         <c> </c>
         <w xml:id="pba35-175390"
            n="a-0140"
            ecep:lem="do"
            ecep:pos="vdd"
            ecep:reg="did"
            ecep:spe="did"
            ecep:syllab="1"
            ecep:pron="dɪd">did</w>
         <c> </c>
         <w xml:id="pba35-175400"
            n="a-0150"
            ecep:lem="very"
            ecep:pos="av"
            ecep:reg="very"
            ecep:spe="very"
            ecep:syllab="2"
            ecep:pron="ˈverɪ">very</w>
         <c> </c>
         <w xml:id="pba35-175410"
            n="a-0160"
            ecep:lem="well"
            ecep:pos="av"
            ecep:reg="well"
            ecep:spe="well"
            ecep:syllab="1"
            ecep:pron="wel">well</w>
         <pc xml:id="pba35-175420"
             n="a-0170"
             ecep:lem=":"
             ecep:pos=":"
             ecep:reg=":"
             ecep:spe=":">:</pc>
      </l>
      <l n="11" xml:id="pba35-l09020">
         <c> </c>
         <w xml:id="pba35-175430"
            n="a-0180"
            ecep:lem="when"
            ecep:pos="c-crq"
            ecep:reg="When"
            ecep:spe="When"
            ecep:syllab="1"
            ecep:pron="wen">When</w>
         <c> </c>
         <w xml:id="pba35-175440"
            n="a-0190"
            ecep:lem="mortal"
            ecep:pos="n2-jn"
            ecep:reg="Mortals"
            ecep:spe="Mortals"
            ecep:syllab="2"
            ecep:pron="ˈmɔːtlz">Mortals</w>
         <c> </c>
         <w xml:id="pba35-175450"
            n="a-0200"
            ecep:lem="look"
            ecep:pos="vvd"
            ecep:reg="looked"
            ecep:spe="look'd"
            ecep:syllab="1"
            ecep:pron="lʊkt">look'd</w>
         <c> </c>
         <w xml:id="pba35-175460"
            n="a-0210"
            ecep:lem="beyond"
            ecep:pos="p-acp"
            ecep:reg="beyond"
            ecep:spe="beyond"
            ecep:syllab="2"
            ecep:pron="bɪˈjɒnd">beyond</w>
         <c> </c>
         <w xml:id="pba35-175470"
            n="a-0220"
            ecep:lem="the"
            ecep:pos="dt"
            ecep:reg="the"
            ecep:spe="the"
            ecep:syllab="1"
            ecep:pron="ðə">the</w>
         <c> </c>
         <w xml:id="pba35-175480"
            n="a-0230"
            ecep:lem="grave"
            ecep:pos="n1"
            ecep:reg="Grave"
            ecep:spe="Grave"
            ecep:syllab="1"
            ecep:pron="greɪv">Grave</w>
         <pc xml:id="pba35-175490"
             n="a-0240"
             ecep:lem=","
             ecep:pos=","
             ecep:reg=","
             ecep:spe=",">,</pc>
      </l>
      <l n="12" xml:id="pba35-l09025">
         <c> </c>
         <w xml:id="pba35-175500"
            n="a-0250"
            ecep:lem="a"
            ecep:pos="dt"
            ecep:reg="A"
            ecep:spe="A"
            ecep:syllab="1"
            ecep:pron="ə">A</w>
         <c> </c>
         <w xml:id="pba35-175510"
            n="a-0260"
            ecep:lem="priest"
            ecep:pos="n1"
            ecep:reg="Priest"
            ecep:spe="Priest"
            ecep:syllab="1"
            ecep:pron="priːst">Priest</w>
         <pc xml:id="pba35-175520"
             n="a-0270"
             ecep:lem=","
             ecep:pos=","
             ecep:reg=","
             ecep:spe=",">,</pc>
         <c> </c>
         <w xml:id="pba35-175530"
            n="a-0280"
            ecep:lem="for"
            ecep:pos="p-acp"
            ecep:reg="for"
            ecep:spe="for"
            ecep:syllab="1"
            ecep:pron="fɔː">for</w>
         <c> </c>
         <hi>
            <w xml:id="pba35-175540"
               n="a-0290"
               ecep:lem="conscience"
               ecep:pos="n1"
               ecep:reg="Conscience"
               ecep:spe="Conscience"
               ecep:syllab="2"
               ecep:pron="ˈkɒnʃəns">Conscience</w>
         </hi>
         <c> </c>
         <w xml:id="pba35-175550"
            n="a-0300"
            ecep:lem="sake"
            ecep:pos="n1"
            ecep:reg="sake"
            ecep:spe="sake"
            ecep:syllab="1"
            ecep:pron="seɪk">sake</w>
         <pc xml:id="pba35-175560"
             n="a-0310"
             ecep:lem=","
             ecep:pos=","
             ecep:reg=","
             ecep:spe=",">,</pc>
         <c> </c>
         <w xml:id="pba35-175570"
            n="a-0320"
            ecep:lem="may"
            ecep:pos="vmd"
            ecep:reg="might"
            ecep:spe="might"
            ecep:syllab="1"
            ecep:pron="maɪt">might</w>
         <c> </c>
         <w xml:id="pba35-175580"
            n="a-0330"
            ecep:lem="slave"
            ecep:pos="n1"
            ecep:reg="slave"
            ecep:spe="slave"
            ecep:syllab="1"
            ecep:pron="sleɪv">slave</w>
         <pc xml:id="pba35-175590"
             n="a-0340"
             ecep:lem=":"
             ecep:pos=":"
             ecep:reg=":"
             ecep:spe=":">:</pc>
      </l>
      <l n="13" xml:id="pba35-l09030">
         <c> </c>
         <w xml:id="pba35-175600"
            n="a-0350"
            ecep:lem="but"
            ecep:pos="cc-acp"
            ecep:reg="But"
            ecep:spe="But"
            ecep:syllab="1"
            ecep:pron="bʌt">But</w>
         <c> </c>
         <w xml:id="pba35-175610"
            n="a-0360"
            ecep:lem="in"
            ecep:pos="p-acp"
            ecep:reg="in"
            ecep:spe="in"
            ecep:syllab="1"
            ecep:pron="ɪn">in</w>
         <c> </c>
         <w xml:id="pba35-175620"
            n="a-0370"
            ecep:lem="this"
            ecep:pos="d"
            ecep:reg="this"
            ecep:spe="this"
            ecep:syllab="1"
            ecep:pron="ðɪs">this</w>
         <c> </c>
         <w xml:id="pba35-175630"
            n="a-0380"
            ecep:lem="learned"
            ecep:pos="j"
            ecep:reg="learnt"
            ecep:spe="learned"
            ecep:syllab="2"
            ecep:pron="ˈlɜːnɪd">learned</w>
         <c> </c>
         <w xml:id="pba35-175640"
            n="a-0390"
            ecep:lem="realm"
            ecep:pos="n1"
            ecep:reg="Realm"
            ecep:spe="Realm"
            ecep:syllab="1"
            ecep:pron="relm">Realm</w>
         <c> </c>
         <w xml:id="pba35-175650"
            n="a-0400"
            ecep:lem="and"
            ecep:pos="cc"
            ecep:reg="and"
            ecep:spe="and"
            ecep:syllab="1"
            ecep:pron="ænd">and</w>
         <c> </c>
         <w xml:id="pba35-175660"
            n="a-0410"
            ecep:lem="age"
            ecep:pos="n1"
            ecep:reg="Age"
            ecep:spe="Age"
            ecep:syllab="1"
            ecep:pron="eɪdʒ">Age</w>
         <pc xml:id="pba35-175670"
             n="a-0420"
             ecep:lem=","
             ecep:pos=","
             ecep:reg=","
             ecep:spe=",">,</pc>
      </l>
      <l n="14" xml:id="pba35-l09035">
         <c> </c>
         <w xml:id="pba35-175680"
            n="a-0430"
            ecep:lem="where"
            ecep:pos="q-crq"
            ecep:reg="Where"
            ecep:spe="Where"
            ecep:syllab="1"
            ecep:pron="weə">Where</w>
         <c> </c>
         <hi>
            <w xml:id="pba35-175690"
               n="a-0440"
               ecep:lem="faith"
               ecep:pos="n1"
               ecep:reg="Faith"
               ecep:spe="Faith"
               ecep:syllab="1"
               ecep:pron="feɪθ">Faith</w>
         </hi>
         <c> </c>
         <w xml:id="pba35-175700"
            n="a-0450"
            ecep:lem="be"
            ecep:pos="vbz"
            ecep:reg="is"
            ecep:spe="is"
            ecep:syllab="1"
            ecep:pron="ɪz">is</w>
         <c> </c>
         <w xml:id="pba35-175710"
            n="a-0460"
            ecep:lem="beat"
            ecep:pos="vvn"
            ecep:reg="beaten"
            ecep:spe="beaten"
            ecep:syllab="2"
            ecep:pron="ˈbiːtn">beaten</w>
         <c> </c>
         <w xml:id="pba35-175720"
            n="a-0470"
            ecep:lem="off"
            ecep:pos="a-acp"
            ecep:reg="off"
            ecep:spe="off"
            ecep:syllab="1"
            ecep:pron="ɒf">off</w>
         <c> </c>
         <w xml:id="pba35-175730"
            n="a-0480"
            ecep:lem="the"
            ecep:pos="dt"
            ecep:reg="the"
            ecep:spe="the"
            ecep:syllab="1"
            ecep:pron="ðə">the</w>
         <c> </c>
         <w xml:id="pba35-175740"
            n="a-0490"
            ecep:lem="stage"
            ecep:pos="n1"
            ecep:reg="Stage"
            ecep:spe="Stage"
            ecep:syllab="1"
            ecep:pron="steɪdʒ">Stage</w>
         <pc xml:id="pba35-175750"
             n="a-0500"
             ecep:lem=";"
             ecep:pos=";"
             ecep:reg=";"
             ecep:spe=";">;</pc>
      </l>
      <l n="15" xml:id="pba35-l09040">
         <c> </c>
         <w xml:id="pba35-175760"
            n="a-0510"
            ecep:lem="this"
            ecep:pos="d"
            ecep:reg="This"
            ecep:spe="This"
            ecep:syllab="1"
            ecep:pron="ðɪs">This</w>
         <c> </c>
         <w xml:id="pba35-175770"
            n="a-0520"
            ecep:lem="happy"
            ecep:pos="j"
            ecep:reg="happy"
            ecep:spe="happy"
            ecep:syllab="2"
            ecep:pron="ˈhæpɪ">happy</w>
         <c> </c>
         <w xml:id="pba35-175780"
            n="a-0530"
            ecep:lem="realm"
            ecep:pos="n1"
            ecep:reg="Realm"
            ecep:spe="Realm"
            ecep:syllab="1"
            ecep:pron="relm">Realm</w>
         <pc xml:id="pba35-175790"
             n="a-0540"
             ecep:lem=","
             ecep:pos=","
             ecep:reg=","
             ecep:spe=",">,</pc>
         <c> </c>
         <w xml:id="pba35-175800"
            n="a-0550"
            ecep:lem="where"
            ecep:pos="c-crq"
            ecep:reg="where"
            ecep:spe="where"
            ecep:syllab="1"
            ecep:pron="weə">where</w>
         <c> </c>
         <hi>
            <w xml:id="pba35-175810"
               n="a-0560"
               ecep:lem="reason"
               ecep:pos="n1"
               ecep:reg="Reason"
               ecep:spe="Reason"
               ecep:syllab="2"
               ecep:pron="ˈriːzn">Reason</w>
         </hi>
         <c> </c>
         <w xml:id="pba35-175820"
            n="a-0570"
            ecep:lem="reign"
            ecep:pos="vvz"
            ecep:reg="reigns"
            ecep:spe="reigns"
            ecep:syllab="1"
            ecep:pron="reɪnz">reigns</w>
         <pc xml:id="pba35-175830"
             n="a-0580"
             ecep:lem=","
             ecep:pos=","
             ecep:reg=","
             ecep:spe=",">,</pc>
      </l>
      <l n="16" xml:id="pba35-l09045">
         <c> </c>
         <w xml:id="pba35-175840"
            n="a-0590"
            ecep:lem="and"
            ecep:pos="cc"
            ecep:reg="And"
            ecep:spe="And"
            ecep:syllab="1"
            ecep:pron="ænd">And</w>
         <c> </c>
         <w xml:id="pba35-175850"
            n="a-0600"
            ecep:lem="scorn"
            ecep:pos="vvz"
            ecep:reg="scorns"
            ecep:spe="scorns"
            ecep:syllab="1"
            ecep:pron="skɔːnz">scorns</w>
         <c> </c>
         <w xml:id="pba35-175860"
            n="a-0610"
            ecep:lem="to"
            ecep:pos="pc-acp"
            ecep:reg="to"
            ecep:spe="to"
            ecep:syllab="1"
            ecep:pron="tuː">to</w>
         <c> </c>
         <w xml:id="pba35-175870"
            n="a-0620"
            ecep:lem="drag"
            ecep:pos="vvi"
            ecep:reg="drag"
            ecep:spe="drag"
            ecep:syllab="1"
            ecep:pron="dræg">drag</w>
         <c> </c>
         <hi>
            <w xml:id="pba35-175880"
               n="a-0630"
               rend="plain_apostrophe"
               ecep:lem="religion"
               ecep:pos="ng1"
               ecep:reg="Religion's"
               ecep:spe="Religion's"
               ecep:syllab="3"
               ecep:pron="rɪˈlɪdʒənz">Religion's</w>
         </hi>
         <c> </c>
         <w xml:id="pba35-175890"
            n="a-0640"
            ecep:lem="chain"
            ecep:pos="n2"
            ecep:reg="Chains"
            ecep:spe="Chains"
            ecep:syllab="1"
            ecep:pron="tʃeɪnz">Chains</w>
         <pc xml:id="pba35-175900"
             n="a-0650"
             ecep:lem=";"
             ecep:pos=";"
             ecep:reg=";"
             ecep:spe=";">;</pc>
      </l>
      <l n="17" xml:id="pba35-l09050">
         <c> </c>
         <w xml:id="pba35-175910"
            n="a-0660"
            ecep:lem="where"
            ecep:pos="q-crq"
            ecep:reg="Where"
            ecep:spe="Where"
            ecep:syllab="1"
            ecep:pron="weə">Where</w>
         <c> </c>
         <w xml:id="pba35-175920"
            n="a-0670"
            ecep:lem="free-born"
            ecep:pos="j"
            ecep:reg="freeborn"
            ecep:spe="free-born"
            ecep:syllab="2"
            ecep:pron="ˌfriːˈbɔːn">free-born</w>
         <c> </c>
         <hi>
            <w xml:id="pba35-175930"
               n="a-0680"
               ecep:lem="briton"
               ecep:pos="njp2"
               ecep:reg="Britons"
               ecep:spe="Britons"
               ecep:syllab="2"
               ecep:pron="ˈbrɪtənz">Britons</w>
         </hi>
         <pc xml:id="pba35-175940"
             n="a-0690"
             ecep:lem=","
             ecep:pos=","
             ecep:reg=","
             ecep:spe=",">,</pc>
         <c> </c>
         <w xml:id="pba35-175950"
            n="a-0700"
            ecep:lem="every"
            ecep:pos="d"
            ecep:reg="every"
            ecep:spe="ev'ry"
            ecep:syllab="2"
            ecep:pron="ˈevri">ev'ry</w>
         <c> </c>
         <w xml:id="pba35-175960"
            n="a-0710"
            ecep:lem="day"
            ecep:pos="n1"
            ecep:reg="Day"
            ecep:spe="Day"
            ecep:syllab="1"
            ecep:pron="deɪ">Day</w>
         <pc xml:id="pba35-175970"
             n="a-0720"
             ecep:lem=","
             ecep:pos=","
             ecep:reg=","
             ecep:spe=",">,</pc>
      </l>
      <l n="18" xml:id="pba35-l09055">
         <c> </c>
         <hi>
            <w xml:id="pba35-175980"
               n="a-0730"
               ecep:lem="sit"
               ecep:pos="vvb"
               ecep:reg="Sit"
               ecep:spe="Sit"
               ecep:syllab="1"
               ecep:pron="sɪt">Sit</w>
            <c> </c>
            <w xml:id="pba35-175990"
               n="a-0740"
               ecep:lem="down"
               ecep:pos="a-acp"
               ecep:reg="down"
               ecep:spe="down"
               ecep:syllab="1"
               ecep:pron="daʊn">down</w>
            <c> </c>
            <w xml:id="pba35-176000"
               n="a-0750"
               ecep:lem="to"
               ecep:pos="p-acp"
               ecep:reg="to"
               ecep:spe="to"
               ecep:syllab="1"
               ecep:pron="tuː">to</w>
            <c> </c>
            <w xml:id="pba35-176010"
               n="a-0760"
               ecep:lem="feast"
               ecep:pos="n1"
               ecep:reg="feast"
               ecep:spe="feast"
               ecep:syllab="1"
               ecep:pron="fiːst">feast</w>
            <pc xml:id="pba35-176020"
                n="a-0770"
                ecep:lem=","
                ecep:pos=","
                ecep:reg=","
                ecep:spe=",">,</pc>
            <c> </c>
            <w xml:id="pba35-176030"
               n="a-0780"
               ecep:lem="and"
               ecep:pos="cc"
               ecep:reg="and"
               ecep:spe="and"
               ecep:syllab="1"
               ecep:pron="ænd">and</w>
            <c> </c>
            <w xml:id="pba35-176040"
               n="a-0790"
               ecep:lem="rise"
               ecep:pos="vvi"
               ecep:reg="rise"
               ecep:spe="rise"
               ecep:syllab="1"
               ecep:pron="raɪz">rise</w>
            <c> </c>
            <w xml:id="pba35-176050"
               n="a-0800"
               ecep:lem="to"
               ecep:pos="pc-acp"
               ecep:reg="to"
               ecep:spe="to"
               ecep:syllab="1"
               ecep:pron="tuː">to</w>
            <c> </c>
            <w xml:id="pba35-176060"
               n="a-0810"
               ecep:lem="play"
               ecep:pos="vvi"
               ecep:reg="play"
               ecep:spe="play"
               ecep:syllab="1"
               ecep:pron="pleɪ">play</w>
            <pc xml:id="pba35-176070"
                n="a-0820"
                ecep:lem=";"
                ecep:pos=";"
                ecep:reg=";"
                ecep:spe=";">;</pc>
         </hi>
      </l>
      <l n="19" xml:id="pba35-l09060">
         <c> </c>
         <w xml:id="pba35-176080"
            n="a-0830"
            ecep:lem="and"
            ecep:pos="cc"
            ecep:reg="And"
            ecep:spe="And"
            ecep:syllab="1"
            ecep:pron="ænd">And</w>
         <pc xml:id="pba35-176090"
             n="a-0840"
             ecep:lem=","
             ecep:pos=","
             ecep:reg=","
             ecep:spe=",">,</pc>
         <c> </c>
         <w xml:id="pba35-176100"
            n="a-0850"
            ecep:lem="since"
            ecep:pos="c-acp"
            ecep:reg="since"
            ecep:spe="since"
            ecep:syllab="1"
            ecep:pron="sɪns">since</w>
         <c> </c>
         <w xml:id="pba35-176110"
            n="a-0860"
            ecep:lem="their"
            ecep:pos="po32"
            ecep:reg="their"
            ecep:spe="their"
            ecep:syllab="1"
            ecep:pron="ðeə">their</w>
         <c> </c>
         <hi>
            <w xml:id="pba35-176120"
               n="a-0870"
               ecep:lem="money"
               ecep:pos="n1"
               ecep:reg="Money"
               ecep:spe="Money"
               ecep:syllab="2"
               ecep:pron="ˈmʌnɪ">Money</w>
         </hi>
         <c> </c>
         <w xml:id="pba35-176130"
            n="a-0880"
            ecep:lem="buy"
            ecep:pos="vvz"
            ecep:reg="buys"
            ecep:spe="buys"
            ecep:syllab="1"
            ecep:pron="baɪz">buys</w>
         <c> </c>
         <w xml:id="pba35-176140"
            n="a-0890"
            ecep:lem="their"
            ecep:pos="po32"
            ecep:reg="their"
            ecep:spe="their"
            ecep:syllab="1"
            ecep:pron="ðeə">their</w>
         <c> </c>
         <w xml:id="pba35-176150"
            n="a-0900"
            ecep:lem="meat"
            ecep:pos="n1"
            ecep:reg="Meat"
            ecep:spe="Meat"
            ecep:syllab="1"
            ecep:pron="miːt">Meat</w>
         <pc xml:id="pba35-176160"
             n="a-0910"
             ecep:lem=","
             ecep:pos=","
             ecep:reg=","
             ecep:spe=",">,</pc>
      </l>
      <l n="20" xml:id="pba35-l09065">
         <c> </c>
         <w xml:id="pba35-176170"
            n="a-0920"
            ecep:lem="will"
            ecep:pos="vmbx"
            ecep:reg="Won't"
            ecep:spe="Won't"
            ecep:syllab="1"
            ecep:pron="wəʊnt">Won't</w>
         <c> </c>
         <w xml:id="pba35-176180"
            n="a-0930"
            ecep:lem="thank"
            ecep:pos="vvi"
            ecep:reg="thank"
            ecep:spe="thank"
            ecep:syllab="1"
            ecep:pron="θæŋk">thank</w>
         <c> </c>
         <w xml:id="pba35-176190"
            n="a-0940"
            ecep:lem="their"
            ecep:pos="po32"
            ecep:reg="their"
            ecep:spe="their"
            ecep:syllab="1"
            ecep:pron="ðeə">their</w>
         <c> </c>
         <w xml:id="pba35-176200"
            n="a-0950"
            ecep:lem="god"
            ecep:pos="n1"
            ecep:reg="God"
            ecep:spe="God"
            ecep:syllab="1"
            ecep:pron="gɒd">God</w>
         <c> </c>
         <w xml:id="pba35-176210"
            n="a-0960"
            ecep:lem="for"
            ecep:pos="p-acp"
            ecep:reg="for"
            ecep:spe="for"
            ecep:syllab="1"
            ecep:pron="fɔː">for</w>
         <c> </c>
         <w xml:id="pba35-176220"
            n="a-0970"
            ecep:lem="what"
            ecep:pos="r-crq"
            ecep:reg="what"
            ecep:spe="what"
            ecep:syllab="1"
            ecep:pron="wɒt">what</w>
         <c> </c>
         <w xml:id="pba35-176230"
            n="a-0980"
            ecep:lem="they"
            ecep:pos="pns32"
            ecep:reg="they"
            ecep:spe="they"
            ecep:syllab="1"
            ecep:pron="ðeɪ">they</w>
         <c> </c>
         <w xml:id="pba35-176240"
            n="a-0990"
            ecep:lem="eat"
            ecep:pos="vvb"
            ecep:reg="eat"
            ecep:spe="eat"
            ecep:syllab="1"
            ecep:pron="iːt">eat</w>
         <pc xml:id="pba35-176250"
             n="a-1000"
             ecep:lem=";"
             ecep:pos=";"
             ecep:reg=";"
             ecep:spe=";">;</pc>
      </l>
      <l n="21" xml:id="pba35-l09070">
         <c> </c>
         <w xml:id="pba35-176260"
            n="a-1010"
            ecep:lem="where"
            ecep:pos="q-crq"
            ecep:reg="Where"
            ecep:spe="Where"
            ecep:syllab="1"
            ecep:pron="weə">Where</w>
         <c> </c>
         <w xml:id="pba35-176270"
            n="a-1020"
            ecep:lem="e'vn"
            ecep:pos="j-jn"
            ecep:reg="e'vn"
            ecep:spe="e'vn"
            ecep:syllab="1"
            ecep:pron="ˈevən">e'vn</w>
         <c> </c>
         <w xml:id="pba35-176280"
            n="a-1030"
            ecep:lem="some"
            ecep:pos="d"
            ecep:reg="some"
            ecep:spe="some"
            ecep:syllab="1"
            ecep:pron="sʌm">some</w>
         <c> </c>
         <w xml:id="pba35-176290"
            n="a-1040"
            ecep:lem="chaplain"
            ecep:pos="n2"
            ecep:reg="Chaplains"
            ecep:spe="Chaplains"
            ecep:syllab="2"
            ecep:pron="ˈtʃæplɪnz">Chaplains</w>
         <c> </c>
         <w xml:id="pba35-176300"
            n="a-1050"
            ecep:lem="fill"
            ecep:pos="vvb"
            ecep:reg="fill"
            ecep:spe="fill"
            ecep:syllab="1"
            ecep:pron="fɪl">fill</w>
         <c> </c>
         <w xml:id="pba35-176310"
            n="a-1060"
            ecep:lem="their"
            ecep:pos="po32"
            ecep:reg="their"
            ecep:spe="their"
            ecep:syllab="1"
            ecep:pron="ðeə">their</w>
         <c> </c>
         <w xml:id="pba35-176320"
            n="a-1070"
            ecep:lem="place"
            ecep:pos="n1"
            ecep:reg="Place"
            ecep:spe="Place"
            ecep:syllab="1"
            ecep:pron="pleɪs">Place</w>
      </l>
      <l n="22" xml:id="pba35-l09075">
         <c> </c>
         <w xml:id="pba35-176330"
            n="a-1080"
            ecep:lem="polite"
            ecep:pos="av-j"
            ecep:reg="Politely"
            ecep:spe="Politely"
            ecep:syllab="3"
            ecep:pron="pəˈlaɪtlɪ">Politely</w>
         <pc xml:id="pba35-176340"
             n="a-1090"
             ecep:lem=","
             ecep:pos=","
             ecep:reg=","
             ecep:spe=",">,</pc>
         <c> </c>
         <w xml:id="pba35-176350"
            n="a-1100"
            ecep:lem="without"
            ecep:pos="p-acp"
            ecep:reg="without"
            ecep:spe="without"
            ecep:syllab="2"
            ecep:pron="wɪˈðaʊt">without</w>
         <c> </c>
         <w xml:id="pba35-176360"
            n="a-1110"
            ecep:lem="say"
            ecep:pos="vvg"
            ecep:reg="saying"
            ecep:spe="saying"
            ecep:syllab="2"
            ecep:pron="ˈseɪɪŋ">saying</w>
         <c> </c>
         <w xml:id="pba35-176370"
            n="a-1120"
            ecep:lem="grace"
            ecep:pos="n1"
            ecep:reg="Grace"
            ecep:spe="Grace"
            ecep:syllab="1"
            ecep:pron="greɪs">Grace</w>
         <pc xml:id="pba35-176380"
             n="a-1130"
             ecep:lem=":"
             ecep:pos=":"
             ecep:reg=":"
             ecep:spe=":">:</pc>
      </l>
   </lg>
   <lg xml:id="pba35-s01135">
      <l n="23" xml:id="pba35-l09080">
         <hi rendition="#sc">
            <w xml:id="pba35-176410"
               n="a-1140"
               ecep:lem="if"
               ecep:pos="cs"
               ecep:reg="If"
               ecep:spe="If"
               ecep:syllab="1"
               ecep:pron="ɪf">If</w>
         </hi>
         <c> </c>
         <w xml:id="pba35-176420"
            n="a-1150"
            ecep:lem="here"
            ecep:pos="av"
            ecep:reg="here"
            ecep:spe="here"
            ecep:syllab="1"
            ecep:pron="hɪə">here</w>
         <pc xml:id="pba35-176430"
             n="a-1160"
             ecep:lem=","
             ecep:pos=","
             ecep:reg=","
             ecep:spe=",">,</pc>
         <c> </c>
         <pc xml:id="pba35-176440"
             n="a-1170"
             ecep:lem="("
             ecep:pos="("
             ecep:reg="("
             ecep:spe="(">(</pc>
         <w xml:id="pba35-176450"
            n="a-1180"
            ecep:lem="where"
            ecep:pos="c-crq"
            ecep:reg="where"
            ecep:spe="where"
            ecep:syllab="1"
            ecep:pron="weə">where</w>
         <c> </c>
         <hi>
            <w xml:id="pba35-176460"
               n="a-1190"
               ecep:lem="reason"
               ecep:pos="n1"
               ecep:reg="Reason"
               ecep:spe="Reason"
               ecep:syllab="2"
               ecep:pron="ˈriːzn">Reason</w>
         </hi>
         <c> </c>
         <w xml:id="pba35-176470"
            n="a-1200"
            ecep:lem="swell"
            ecep:pos="vvz"
            ecep:reg="swells"
            ecep:spe="swells"
            ecep:syllab="1"
            ecep:pron="swelz">swells</w>
         <c> </c>
         <w xml:id="pba35-176480"
            n="a-1210"
            ecep:lem="so"
            ecep:pos="av"
            ecep:reg="so"
            ecep:spe="so"
            ecep:syllab="1"
            ecep:pron="səʊ">so</w>
         <c> </c>
         <w xml:id="pba35-176490"
            n="a-1220"
            ecep:lem="high"
            ecep:pos="j"
            ecep:reg="high"
            ecep:spe="high"
            ecep:syllab="1"
            ecep:pron="haɪ">high</w>
         <pc xml:id="pba35-176500"
             n="a-1230"
             ecep:lem=","
             ecep:pos=","
             ecep:reg=","
             ecep:spe=",">,</pc>
      </l>
      <l n="24" xml:id="pba35-l09085">
         <c> </c>
         <w xml:id="pba35-176510"
            n="a-1240"
            ecep:lem="it"
            ecep:pos="pn31"
            ecep:reg="It"
            ecep:spe="It"
            ecep:syllab="1"
            ecep:pron="ɪt">It</w>
         <c> </c>
         <w xml:id="pba35-176520"
            n="a-1250"
            ecep:lem="dare"
            ecep:pos="vvz"
            ecep:reg="dares"
            ecep:spe="dares"
            ecep:syllab="1"
            ecep:pron="deəz">dares</w>
         <c> </c>
         <w xml:id="pba35-176530"
            n="a-1260"
            ecep:lem="all"
            ecep:pos="d"
            ecep:reg="all"
            ecep:spe="all"
            ecep:syllab="1"
            ecep:pron="ɔːl">all</w>
         <c> </c>
         <w xml:id="pba35-176540"
            n="a-1270"
            ecep:lem="other"
            ecep:pos="j-jn"
            ecep:reg="other"
            ecep:spe="other"
            ecep:syllab="2"
            ecep:pron="ˈʌðə">other</w>
         <c> </c>
         <w xml:id="pba35-176550"
            n="a-1280"
            ecep:lem="power"
            ecep:pos="n2"
            ecep:reg="Powers"
            ecep:spe="Pow'rs"
            ecep:syllab="1"
            ecep:pron="ˈpaʊəz">Pow'rs</w>
         <c> </c>
         <w xml:id="pba35-176560"
            n="a-1290"
            ecep:lem="defy"
            ecep:pos="vvb"
            ecep:reg="defy"
            ecep:spe="defy"
            ecep:syllab="2"
            ecep:pron="dɪˈfaɪ">defy</w>
         <pc xml:id="pba35-176570"
             n="a-1300"
             ecep:lem=")"
             ecep:pos=")"
             ecep:reg=")"
             ecep:spe=")">)</pc>
      </l>
      <pb n="150" rend="none"/>
      <l n="25" xml:id="pba35-l09090">
         <c> </c>
         <w xml:id="pba35-176580"
            n="a-0010"
            ecep:lem="the"
            ecep:pos="dt"
            ecep:reg="The"
            ecep:spe="The"
            ecep:syllab="1"
            ecep:pron="ðə">The</w>
         <c> </c>
         <w xml:id="pba35-176590"
            n="a-0020"
            ecep:lem="priest"
            ecep:pos="n2"
            ecep:reg="Priests"
            ecep:spe="Priests"
            ecep:syllab="1"
            ecep:pron="priːsts">Priests</w>
         <c> </c>
         <w xml:id="pba35-176600"
            n="a-0030"
            ecep:lem="be"
            ecep:pos="vbr"
            ecep:reg="are"
            ecep:spe="are"
            ecep:syllab="1"
            ecep:pron="ɑː">are</w>
         <pc xml:id="pba35-176610"
             n="a-0040"
             ecep:lem=","
             ecep:pos=","
             ecep:reg=","
             ecep:spe=",">,</pc>
         <c> </c>
         <w xml:id="pba35-176620"
            n="a-0050"
            ecep:lem="like"
            ecep:pos="av-j"
            ecep:reg="like"
            ecep:spe="like"
            ecep:syllab="1"
            ecep:pron="laɪk">like</w>
         <c> </c>
         <w xml:id="pba35-176630"
            n="a-0060"
            ecep:lem="the"
            ecep:pos="dt"
            ecep:reg="the"
            ecep:spe="the"
            ecep:syllab="1"
            ecep:pron="ðə">the</w>
         <c> </c>
         <w xml:id="pba35-176640"
            n="a-0070"
            ecep:lem="layman"
            ecep:pos="n2"
            ecep:reg="Laymen"
            ecep:spe="Laymen"
            ecep:syllab="2"
            ecep:pron="ˈleɪˌmen">Laymen</w>
         <pc xml:id="pba35-176650"
             n="a-0080"
             ecep:lem=","
             ecep:pos=","
             ecep:reg=","
             ecep:spe=",">,</pc>
         <c> </c>
         <w xml:id="pba35-176660"
            n="a-0090"
            ecep:lem="wise"
            ecep:pos="j"
            ecep:reg="wise"
            ecep:spe="wise"
            ecep:syllab="1"
            ecep:pron="waɪz">wise</w>
         <pc xml:id="pba35-176670"
             n="a-0100"
             ecep:lem=","
             ecep:pos=","
             ecep:reg=","
             ecep:spe=",">,</pc>
      </l>
      <l n="26" xml:id="pba35-l09095">
         <c> </c>
         <w xml:id="pba35-176680"
            n="a-0110"
            ecep:lem="nor"
            ecep:pos="ccx"
            ecep:reg="Nor"
            ecep:spe="Nor"
            ecep:syllab="1"
            ecep:pron="nɔː">Nor</w>
         <c> </c>
         <w xml:id="pba35-176690"
            n="a-0120"
            ecep:lem="hope"
            ecep:pos="vvb"
            ecep:reg="hope"
            ecep:spe="hope"
            ecep:syllab="1"
            ecep:pron="həʊp">hope</w>
         <c> </c>
         <hi>
            <w xml:id="pba35-176700"
               n="a-0130"
               ecep:lem="reversion"
               ecep:pos="n2"
               ecep:reg="Reversions"
               ecep:spe="Reversions"
               ecep:syllab="3"
               ecep:pron="riˈvɜːʃnz">Reversions</w>
         </hi>
         <c> </c>
         <w xml:id="pba35-176710"
            n="a-0140"
            ecep:lem="in"
            ecep:pos="p-acp"
            ecep:reg="in"
            ecep:spe="in"
            ecep:syllab="1"
            ecep:pron="ɪn">in</w>
         <c> </c>
         <w xml:id="pba35-176720"
            n="a-0150"
            ecep:lem="the"
            ecep:pos="dt"
            ecep:reg="the"
            ecep:spe="the"
            ecep:syllab="1"
            ecep:pron="ðə">the</w>
         <c> </c>
         <w xml:id="pba35-176730"
            n="a-0160"
            ecep:lem="sky"
            ecep:pos="n2"
            ecep:reg="Skies"
            ecep:spe="Skies"
            ecep:syllab="1"
            ecep:pron="skaɪz">Skies</w>
         <pc xml:id="pba35-176740"
             n="a-0170"
             ecep:lem=";"
             ecep:pos=";"
             ecep:reg=";"
             ecep:spe=";">;</pc>
      </l>
      <l n="27" xml:id="pba35-l09100">
         <c> </c>
         <w xml:id="pba35-176750"
            n="a-0180"
            ecep:lem="why"
            ecep:pos="q-crq"
            ecep:reg="Why"
            ecep:spe="Why"
            ecep:syllab="1"
            ecep:pron="waɪ">Why</w>
         <c> </c>
         <w xml:id="pba35-176760"
            n="a-0190"
            ecep:lem="shall"
            ecep:pos="vmd"
            ecep:reg="should"
            ecep:spe="should"
            ecep:syllab="1"
            ecep:pron="ʃʊd">should</w>
         <c> </c>
         <w xml:id="pba35-176770"
            n="a-0200"
            ecep:lem="they"
            ecep:pos="pns32"
            ecep:reg="they"
            ecep:spe="they"
            ecep:syllab="1"
            ecep:pron="ðeɪ">they</w>
         <c> </c>
         <w xml:id="pba35-176780"
            n="a-0210"
            ecep:lem="deign"
            ecep:pos="vvi"
            ecep:reg="deign"
            ecep:spe="deign"
            ecep:syllab="1"
            ecep:pron="deɪn">deign</w>
         <c> </c>
         <w xml:id="pba35-176790"
            n="a-0220"
            ecep:lem="to"
            ecep:pos="pc-acp"
            ecep:reg="to"
            ecep:spe="to"
            ecep:syllab="1"
            ecep:pron="tuː">to</w>
         <c> </c>
         <w xml:id="pba35-176800"
            n="a-0230"
            ecep:lem="preach"
            ecep:pos="vvi"
            ecep:reg="preach"
            ecep:spe="preach"
            ecep:syllab="1"
            ecep:pron="priːtʃ">preach</w>
         <pc xml:id="pba35-176810"
             n="a-0240"
             ecep:lem=","
             ecep:pos=","
             ecep:reg=","
             ecep:spe=",">,</pc>
         <c> </c>
         <w xml:id="pba35-176820"
            n="a-0250"
            ecep:lem="or"
            ecep:pos="cc"
            ecep:reg="or"
            ecep:spe="or"
            ecep:syllab="1"
            ecep:pron="ɔː">or</w>
         <c> </c>
         <w xml:id="pba35-176830"
            n="a-0260"
            ecep:lem="pray"
            ecep:pos="vvb"
            ecep:reg="pray"
            ecep:spe="pray"
            ecep:syllab="1"
            ecep:pron="preɪ">pray</w>
         <pc xml:id="pba35-176840"
             n="a-0270"
             ecep:lem=","
             ecep:pos=","
             ecep:reg=","
             ecep:spe=",">,</pc>
      </l>
      <l n="28" xml:id="pba35-l09105">
         <c> </c>
         <w xml:id="pba35-176850"
            n="a-0280"
            ecep:lem="for"
            ecep:pos="p-acp"
            ecep:reg="For"
            ecep:spe="For"
            ecep:syllab="1"
            ecep:pron="fɔː">For</w>
         <c> </c>
         <w xml:id="pba35-176860"
            n="a-0290"
            ecep:lem="any"
            ecep:pos="d"
            ecep:reg="any"
            ecep:spe="any"
            ecep:syllab="2"
            ecep:pron="ˈenɪ">any</w>
         <c> </c>
         <w xml:id="pba35-176870"
            n="a-0300"
            ecep:lem="view"
            ecep:pos="n1"
            ecep:reg="View"
            ecep:spe="View"
            ecep:syllab="1"
            ecep:pron="vjuː">View</w>
         <c> </c>
         <pc xml:id="pba35-176880"
             n="a-0310"
             ecep:lem="—"
             ecep:pos="—"
             ecep:reg="—"
             ecep:spe="—">—</pc>
         <c> </c>
         <w xml:id="pba35-176890"
            n="a-0320"
            ecep:lem="but"
            ecep:pos="cc-acp"
            ecep:reg="but"
            ecep:spe="but"
            ecep:syllab="1"
            ecep:pron="bʌt">but</w>
         <c> </c>
         <hi>
            <w xml:id="pba35-176900"
               n="a-0330"
               ecep:lem="present"
               ecep:pos="n1"
               ecep:reg="present"
               ecep:spe="present"
               ecep:syllab="2"
               ecep:pron="ˈpreznt">present</w>
            <c> </c>
            <w xml:id="pba35-176910"
               n="a-0340"
               ecep:lem="pay"
               ecep:pos="vvb"
               ecep:reg="Pay"
               ecep:spe="Pay"
               ecep:syllab="1"
               ecep:pron="peɪ">Pay</w>
            <pc xml:id="pba35-176920"
                n="a-0350"
                unit="sentence"
                ecep:lem="?"
                ecep:pos="?"
                ecep:reg="?"
                ecep:spe="?">?</pc>
            <c> </c>
         </hi>
      </l>
   </lg>
</div>
