<?xml version="1.0" encoding="UTF-8"?>
<?xml-model href="../tei_all.rnc" type="application/relax-ng-compact-syntax"?>
<TEI xmlns="http://www.tei-c.org/ns/1.0">
   <teiHeader>
      <fileDesc>
         <titleStmt>
            <title corresp="#txt_TateNa1652_w0015">The Unconfin'd.</title>
            <author corresp="authors.xml#aut_TateNa1652">Nahum Tate</author>
            <respStmt>
               <name xml:id="AH">Alexander Huber</name>
               <resp>Editor</resp>
            </respStmt>
            <funder>
               <name type="institution" xml:id="BOD">Bodleian Libraries, University of Oxford</name>
               <address>
                  <addrLine>Broad Street</addrLine>
                  <addrLine>Oxford OX1 3BG</addrLine>
                  <addrLine>UK</addrLine>
               </address>
            </funder>
         </titleStmt>
         <publicationStmt>
            <publisher xml:id="ECPA">Eighteenth-Century Poetry Archive</publisher>
            <address>
               <addrLine>Taylor Institution Library</addrLine>
               <addrLine>St Giles'</addrLine>
               <addrLine>Oxford OX1 3NA</addrLine>
               <addrLine>UK</addrLine>
               <addrLine>
                  <email>info@eighteenthcenturypoetry.org</email>
               </addrLine>
               <addrLine>
                  <ref target="https://www.eighteenthcenturypoetry.org/">https://www.eighteenthcenturypoetry.org/</ref>
               </addrLine>
            </address>
            <pubPlace>Oxford</pubPlace>
            <availability status="restricted">
               <licence target="http://creativecommons.org/licenses/by-sa/3.0/">This work is licensed under a Creative Commons Attribution-ShareAlike 3.0 Unported License.</licence>
            </availability>
         </publicationStmt>
         <sourceDesc>
            <bibl>
               <author>Tate, Nahum, c. 1652-1715.</author>
               <title>Poems by N. Tate.</title>
               <pubPlace>London</pubPlace>
               <publisher>Printed by T.M. for Benj. Tooke ...</publisher>
               <date>1677</date>
               <biblScope>pp. 39-40.</biblScope>
               <extent>[15],133p.</extent>
            </bibl>
         </sourceDesc>
      </fileDesc>
      <encodingDesc>
         <projectDesc>
            <p>This e-text is part of the Works section of the Eighteenth-Century Poetry Archive (ECPA).</p>
            <p>XML created for the Eighteenth-Century Poetry Archive (ECPA).</p>
         </projectDesc>
         <editorialDecl>
            <p>Typography, spelling, capitalization, and punctuation have been cautiously modernized. The source of the text is given and all significant
						editorial interventions have been recorded in textual notes. This  text has been edited to conform to the recommendations found 
						in Level 5 of the
						Best Practices for TEI in Libraries version 4.0.0.
					</p>
         </editorialDecl>
         <classDecl>
            <taxonomy xml:id="LCNAF">
               <bibl>Library of Congress Name Authority File (<abbr>LCNAF</abbr>)</bibl>
            </taxonomy>
         </classDecl>
         <tagsDecl>
            <rendition n="linegroups indented" xml:id="lgindent" scheme="css">text-indent: 1em;</rendition>
            <rendition n="linegroups vertically spaced" xml:id="lgvspace" scheme="css">margin-bottom: 1em;</rendition>
            <rendition n="aligned centrally" xml:id="align-center" scheme="css">text-align: center;</rendition>
            <rendition n="aligned right" xml:id="align-right" scheme="css">text-align: right;</rendition>
            <rendition n="aligned left" xml:id="align-left" scheme="css">text-align: left;</rendition>
            <rendition n="inline" xml:id="inline" scheme="css">display: inline</rendition>
            <rendition n="italic" xml:id="i" scheme="css">font-style: italic;</rendition>
            <rendition n="bold" xml:id="b" scheme="css">font-weight: bold;</rendition>
         </tagsDecl>
      </encodingDesc>
   </teiHeader>
   <text>
      <body>
         <div xmlns:ecep="http://www.eighteenthcenturypoetry.org/ns"
              ana="#tetrameter #invariable #iamb #envelope"
              corresp="#txt_TateNa1652_w0015"
              decls="#semi-normalized"
              ecep:syllab=""
              met="irregular"
              rendition="#lgvspace"
              rhyme="abba"
              subtype="eceptext"
              type="poem"
              xml:id="oat77-w0150">
            <link target="authors.xml#aut_TateNa1652" type="author"/>
            <head type="main">
               <w xmlns:ecep="http://www.eighteenthcenturypoetry.org/ns"
                  xml:id="oat77-055600"
                  n="oat77/0053-a-0440"
                  ecep:lem="the"
                  ecep:pos="dt"
                  ecep:reg="The"
                  ecep:spe="The"
                  ecep:syllab="1"
                  ecep:pron="ðiː">The</w>
               <c> </c>
               <w xmlns:ecep="http://www.eighteenthcenturypoetry.org/ns"
                  xml:id="oat77-055610"
                  n="oat77/0053-a-0450"
                  ecep:lem="unconfined"
                  ecep:pos="j"
                  ecep:reg="Unconfined"
                  ecep:spe="Unconfin'd"
                  ecep:syllab="3"
                  ecep:pron="ˌʌnkənˈfaɪnd">Unconfin'd</w>
               <pc xmlns:ecep="http://www.eighteenthcenturypoetry.org/ns"
                   xml:id="oat77-055620"
                   n="oat77/0053-a-0460"
                   unit="sentence"
                   ecep:lem="."
                   ecep:pos="."
                   ecep:reg="."
                   ecep:spe=".">.</pc>
            </head>
            <lg xml:id="oat77-s00365">
               <l xml:id="oat77-l02740">
                  <w xmlns:ecep="http://www.eighteenthcenturypoetry.org/ns"
                     xml:id="oat77-055650"
                     n="oat77/0053-a-0470"
                     ecep:lem="believe"
                     ecep:pos="vvb"
                     ecep:reg="BElieve"
                     ecep:spe="BElieve"
                     ecep:syllab="2"
                     ecep:pron="bɪˈliːv">BElieve</w>
                  <c> </c>
                  <w xmlns:ecep="http://www.eighteenthcenturypoetry.org/ns"
                     xml:id="oat77-055660"
                     n="oat77/0053-a-0480"
                     ecep:lem="i"
                     ecep:pos="pno11"
                     ecep:reg="me"
                     ecep:spe="me"
                     ecep:syllab="1"
                     ecep:pron="miː">me</w>
                  <c> </c>
                  <w xmlns:ecep="http://www.eighteenthcenturypoetry.org/ns"
                     xml:id="oat77-055670"
                     n="oat77/0053-a-0490"
                     ecep:lem="nymph"
                     ecep:pos="n1"
                     ecep:reg="Nymph"
                     ecep:spe="Nymph"
                     ecep:syllab="1"
                     ecep:pron="nɪmf">Nymph</w>
                  <c> </c>
                  <w xmlns:ecep="http://www.eighteenthcenturypoetry.org/ns"
                     xml:id="oat77-055680"
                     n="oat77/0053-a-0500"
                     ecep:lem="you"
                     ecep:pos="pn22"
                     ecep:reg="you"
                     ecep:spe="you"
                     ecep:syllab="1"
                     ecep:pron="juː">you</w>
                  <c> </c>
                  <w xmlns:ecep="http://www.eighteenthcenturypoetry.org/ns"
                     xml:id="oat77-055690"
                     n="oat77/0053-a-0510"
                     ecep:lem="strive"
                     ecep:pos="vvb"
                     ecep:reg="strive"
                     ecep:spe="strive"
                     ecep:syllab="1"
                     ecep:pron="straɪv">strive</w>
                  <c> </c>
                  <w xmlns:ecep="http://www.eighteenthcenturypoetry.org/ns"
                     xml:id="oat77-055700"
                     n="oat77/0053-a-0520"
                     ecep:lem="in"
                     ecep:pos="p-acp"
                     ecep:reg="in"
                     ecep:spe="in"
                     ecep:syllab="1"
                     ecep:pron="ɪn">in</w>
                  <c> </c>
                  <w xmlns:ecep="http://www.eighteenthcenturypoetry.org/ns"
                     xml:id="oat77-055710"
                     n="oat77/0053-a-0530"
                     ecep:lem="vain"
                     ecep:pos="j"
                     ecep:reg="Vain"
                     ecep:spe="Vain"
                     ecep:syllab="1"
                     ecep:pron="veɪn">Vain</w>
               </l>
               <l xml:id="oat77-l02745">
                  <w xmlns:ecep="http://www.eighteenthcenturypoetry.org/ns"
                     xml:id="oat77-055720"
                     n="oat77/0053-a-0540"
                     ecep:lem="my"
                     ecep:pos="po11"
                     ecep:reg="My"
                     ecep:spe="My"
                     ecep:syllab="1"
                     ecep:pron="maɪ">My</w>
                  <c> </c>
                  <w xmlns:ecep="http://www.eighteenthcenturypoetry.org/ns"
                     xml:id="oat77-055730"
                     n="oat77/0053-a-0550"
                     ecep:lem="passion"
                     ecep:pos="n1"
                     ecep:reg="Passion"
                     ecep:spe="Passion"
                     ecep:syllab="2"
                     ecep:pron="ˈpæʃn">Passion</w>
                  <c> </c>
                  <w xmlns:ecep="http://www.eighteenthcenturypoetry.org/ns"
                     xml:id="oat77-055740"
                     n="oat77/0053-a-0560"
                     ecep:lem="to"
                     ecep:pos="p-acp"
                     ecep:reg="to"
                     ecep:spe="to"
                     ecep:syllab="1"
                     ecep:pron="tuː">to</w>
                  <c> </c>
                  <hi>
                     <w xmlns:ecep="http://www.eighteenthcenturypoetry.org/ns"
                        xml:id="oat77-055750"
                        n="oat77/0053-a-0570"
                        ecep:lem="confine"
                        ecep:pos="n1"
                        ecep:reg="Confine"
                        ecep:spe="Confine"
                        ecep:syllab="2"
                        ecep:pron="ˈkɒnfaɪn">Confine</w>
                     <pc xmlns:ecep="http://www.eighteenthcenturypoetry.org/ns"
                         xml:id="oat77-055760"
                         n="oat77/0053-a-0580"
                         ecep:lem=":"
                         ecep:pos=":"
                         ecep:reg=":"
                         ecep:spe=":">:</pc>
                  </hi>
               </l>
               <l xml:id="oat77-l02750">
                  <w xmlns:ecep="http://www.eighteenthcenturypoetry.org/ns"
                     xml:id="oat77-055770"
                     n="oat77/0053-a-0590"
                     ecep:lem="it|be"
                     ecep:pos="pn31|vbz"
                     ecep:reg="It's"
                     ecep:spe="'Tis"
                     ecep:syllab="1"
                     ecep:pron="tɪz">'Tis</w>
                  <c> </c>
                  <w xmlns:ecep="http://www.eighteenthcenturypoetry.org/ns"
                     xml:id="oat77-055780"
                     n="oat77/0053-a-0600"
                     ecep:lem="noble"
                     ecep:pos="j"
                     ecep:reg="noble"
                     ecep:spe="noble"
                     ecep:syllab="2"
                     ecep:pron="ˈnəʊbl">noble</w>
                  <pc xmlns:ecep="http://www.eighteenthcenturypoetry.org/ns"
                      xml:id="oat77-055790"
                      n="oat77/0053-a-0610"
                      ecep:lem=","
                      ecep:pos=","
                      ecep:reg=","
                      ecep:spe=",">,</pc>
                  <c> </c>
                  <w xmlns:ecep="http://www.eighteenthcenturypoetry.org/ns"
                     xml:id="oat77-055800"
                     n="oat77/0053-a-0620"
                     ecep:lem="and"
                     ecep:pos="cc"
                     ecep:reg="and"
                     ecep:spe="and"
                     ecep:syllab="1"
                     ecep:pron="ænd">and</w>
                  <c> </c>
                  <w xmlns:ecep="http://www.eighteenthcenturypoetry.org/ns"
                     xml:id="oat77-055810"
                     n="oat77/0053-a-0630"
                     ecep:lem="must"
                     ecep:pos="vmb"
                     ecep:reg="must"
                     ecep:spe="must"
                     ecep:syllab="1"
                     ecep:pron="mʌst">must</w>
                  <c> </c>
                  <w xmlns:ecep="http://www.eighteenthcenturypoetry.org/ns"
                     xml:id="oat77-055820"
                     n="oat77/0053-a-0640"
                     ecep:lem="need"
                     ecep:pos="vvi"
                     ecep:reg="need"
                     ecep:spe="need"
                     ecep:syllab="1"
                     ecep:pron="niːd">need</w>
                  <c> </c>
                  <w xmlns:ecep="http://www.eighteenthcenturypoetry.org/ns"
                     xml:id="oat77-055830"
                     n="oat77/0053-a-0650"
                     ecep:lem="repine"
                     ecep:pos="vvi"
                     ecep:reg="repine"
                     ecep:spe="repine"
                     ecep:syllab="2"
                     ecep:pron="rɪˈpaɪn">repine</w>
               </l>
               <l xml:id="oat77-l02755">
                  <w xmlns:ecep="http://www.eighteenthcenturypoetry.org/ns"
                     xml:id="oat77-055840"
                     n="oat77/0053-a-0660"
                     ecep:lem="to"
                     ecep:pos="pc-acp"
                     ecep:reg="To"
                     ecep:spe="To"
                     ecep:syllab="1"
                     ecep:pron="tuː">To</w>
                  <c> </c>
                  <w xmlns:ecep="http://www.eighteenthcenturypoetry.org/ns"
                     xml:id="oat77-055850"
                     n="oat77/0053-a-0670"
                     ecep:lem="wear"
                     ecep:pos="vvi"
                     ecep:reg="wear"
                     ecep:spe="wear"
                     ecep:syllab="1"
                     ecep:pron="weə">wear</w>
                  <c> </c>
                  <w xmlns:ecep="http://www.eighteenthcenturypoetry.org/ns"
                     xml:id="oat77-055860"
                     n="oat77/0053-a-0680"
                     ecep:lem="the"
                     ecep:pos="dt"
                     ecep:reg="the"
                     ecep:spe="the"
                     ecep:syllab="1"
                     ecep:pron="ðiː">the</w>
                  <c> </c>
                  <w xmlns:ecep="http://www.eighteenthcenturypoetry.org/ns"
                     xml:id="oat77-055870"
                     n="oat77/0053-a-0690"
                     ecep:lem="slave"
                     ecep:pos="n2"
                     ecep:reg="Slaves"
                     ecep:spe="Slaves"
                     ecep:syllab="1"
                     ecep:pron="sleɪvz">Slaves</w>
                  <c> </c>
                  <w xmlns:ecep="http://www.eighteenthcenturypoetry.org/ns"
                     xml:id="oat77-055880"
                     n="oat77/0053-a-0700"
                     ecep:lem="most"
                     ecep:pos="av-ds"
                     ecep:reg="most"
                     ecep:spe="most"
                     ecep:syllab="1"
                     ecep:pron="məʊst">most</w>
                  <c> </c>
                  <w xmlns:ecep="http://www.eighteenthcenturypoetry.org/ns"
                     xml:id="oat77-055890"
                     n="oat77/0053-a-0710"
                     ecep:lem="servile"
                     ecep:pos="j"
                     ecep:reg="Servile"
                     ecep:spe="Servile"
                     ecep:syllab="2"
                     ecep:pron="ˈsɜːvaɪl">Servile</w>
                  <c> </c>
                  <w xmlns:ecep="http://www.eighteenthcenturypoetry.org/ns"
                     xml:id="oat77-055900"
                     n="oat77/0053-a-0720"
                     ecep:lem="badge"
                     ecep:pos="n1"
                     ecep:reg="Badge"
                     ecep:spe="Badge"
                     ecep:syllab="1"
                     ecep:pron="bædʒ">Badge</w>
                  <pc xmlns:ecep="http://www.eighteenthcenturypoetry.org/ns"
                      xml:id="oat77-055910"
                      n="oat77/0053-a-0730"
                      ecep:lem=","
                      ecep:pos=","
                      ecep:reg=","
                      ecep:spe=",">,</pc>
                  <c> </c>
                  <w xmlns:ecep="http://www.eighteenthcenturypoetry.org/ns"
                     xml:id="oat77-055920"
                     n="oat77/0053-a-0740"
                     ecep:lem="the"
                     ecep:pos="dt"
                     ecep:reg="the"
                     ecep:spe="the"
                     ecep:syllab="1"
                     ecep:pron="ðiː">the</w>
                  <c> </c>
                  <hi>
                     <w xmlns:ecep="http://www.eighteenthcenturypoetry.org/ns"
                        xml:id="oat77-055930"
                        n="oat77/0053-a-0750"
                        ecep:lem="chain"
                        ecep:pos="n1"
                        ecep:reg="Chain"
                        ecep:spe="Chain"
                        ecep:syllab="1"
                        ecep:pron="tʃeɪn">Chain</w>
                     <pc xmlns:ecep="http://www.eighteenthcenturypoetry.org/ns"
                         xml:id="oat77-055940"
                         n="oat77/0053-a-0760"
                         unit="sentence"
                         ecep:lem="."
                         ecep:pos="."
                         ecep:reg="."
                         ecep:spe=".">.</pc>
                     <c> </c>
                  </hi>
               </l>
               <l xml:id="oat77-l02760">
                  <w xmlns:ecep="http://www.eighteenthcenturypoetry.org/ns"
                     xml:id="oat77-055950"
                     n="oat77/0053-a-0770"
                     ecep:lem="it|be"
                     ecep:pos="pn31|vbz"
                     ecep:reg="It's"
                     ecep:spe="'Tis"
                     ecep:syllab="1"
                     ecep:pron="tɪz">'Tis</w>
                  <c> </c>
                  <w xmlns:ecep="http://www.eighteenthcenturypoetry.org/ns"
                     xml:id="oat77-055960"
                     n="oat77/0053-a-0780"
                     ecep:lem="more"
                     ecep:pos="dc"
                     ecep:reg="more"
                     ecep:spe="more"
                     ecep:syllab="1"
                     ecep:pron="mɔː">more</w>
                  <c> </c>
                  <w xmlns:ecep="http://www.eighteenthcenturypoetry.org/ns"
                     xml:id="oat77-055970"
                     n="oat77/0053-a-0790"
                     ecep:lem="than"
                     ecep:pos="cs"
                     ecep:reg="than"
                     ecep:spe="than"
                     ecep:syllab="1"
                     ecep:pron="ðæn">than</w>
                  <c> </c>
                  <w xmlns:ecep="http://www.eighteenthcenturypoetry.org/ns"
                     xml:id="oat77-055980"
                     n="oat77/0053-a-0800"
                     ecep:lem="all"
                     ecep:pos="d"
                     ecep:reg="all"
                     ecep:spe="all"
                     ecep:syllab="1"
                     ecep:pron="ɔːl">all</w>
                  <c> </c>
                  <w xmlns:ecep="http://www.eighteenthcenturypoetry.org/ns"
                     xml:id="oat77-055990"
                     n="oat77/0053-a-0810"
                     ecep:lem="your"
                     ecep:pos="po22"
                     ecep:reg="your"
                     ecep:spe="your"
                     ecep:syllab="1"
                     ecep:pron="jɔː">your</w>
                  <c> </c>
                  <hi>
                     <w xmlns:ecep="http://www.eighteenthcenturypoetry.org/ns"
                        xml:id="oat77-056000"
                        n="oat77/0053-a-0820"
                        ecep:lem="charm"
                        ecep:pos="n2"
                        ecep:reg="Charms"
                        ecep:spe="Charms"
                        ecep:syllab="1"
                        ecep:pron="tʃɑːmz">Charms</w>
                  </hi>
                  <c> </c>
                  <w xmlns:ecep="http://www.eighteenthcenturypoetry.org/ns"
                     xml:id="oat77-056010"
                     n="oat77/0053-a-0830"
                     ecep:lem="can"
                     ecep:pos="vmb"
                     ecep:reg="can"
                     ecep:spe="can"
                     ecep:syllab="1"
                     ecep:pron="kæn">can</w>
                  <c> </c>
                  <w xmlns:ecep="http://www.eighteenthcenturypoetry.org/ns"
                     xml:id="oat77-056020"
                     n="oat77/0053-a-0840"
                     ecep:lem="do"
                     ecep:pos="vdi"
                     ecep:reg="do"
                     ecep:spe="do"
                     ecep:syllab="1"
                     ecep:pron="duː">do</w>
               </l>
               <l xml:id="oat77-l02765">
                  <w xmlns:ecep="http://www.eighteenthcenturypoetry.org/ns"
                     xml:id="oat77-056030"
                     n="oat77/0053-a-0850"
                     ecep:lem="to"
                     ecep:pos="p-acp"
                     ecep:reg="To"
                     ecep:spe="To"
                     ecep:syllab="1"
                     ecep:pron="tuː">To</w>
                  <c> </c>
                  <w xmlns:ecep="http://www.eighteenthcenturypoetry.org/ns"
                     xml:id="oat77-056040"
                     n="oat77/0053-a-0860"
                     ecep:lem="lay"
                     ecep:pos="vvi"
                     ecep:reg="lay"
                     ecep:spe="lay"
                     ecep:syllab="1"
                     ecep:pron="leɪ">lay</w>
                  <c> </c>
                  <w xmlns:ecep="http://www.eighteenthcenturypoetry.org/ns"
                     xml:id="oat77-056050"
                     n="oat77/0053-a-0870"
                     ecep:lem="restraint"
                     ecep:pos="n1"
                     ecep:reg="Restraint"
                     ecep:spe="Restraint"
                     ecep:syllab="2"
                     ecep:pron="rɪˈstreɪnt">Restraint</w>
                  <c> </c>
                  <w xmlns:ecep="http://www.eighteenthcenturypoetry.org/ns"
                     xml:id="oat77-056060"
                     n="oat77/0053-a-0880"
                     ecep:lem="on"
                     ecep:pos="p-acp"
                     ecep:reg="on"
                     ecep:spe="on"
                     ecep:syllab="1"
                     ecep:pron="ɒn">on</w>
                  <c> </c>
                  <hi>
                     <w xmlns:ecep="http://www.eighteenthcenturypoetry.org/ns"
                        xml:id="oat77-056070"
                        n="oat77/0053-a-0890"
                        ecep:lem="love"
                        ecep:pos="n1"
                        ecep:reg="Love"
                        ecep:spe="Love"
                        ecep:syllab="1"
                        ecep:pron="lʌv">Love</w>
                     <pc xmlns:ecep="http://www.eighteenthcenturypoetry.org/ns"
                         xml:id="oat77-056080"
                         n="oat77/0053-a-0900"
                         ecep:lem=";"
                         ecep:pos=";"
                         ecep:reg=";"
                         ecep:spe=";">;</pc>
                  </hi>
               </l>
               <l xml:id="oat77-l02770">
                  <w xmlns:ecep="http://www.eighteenthcenturypoetry.org/ns"
                     xml:id="oat77-056090"
                     n="oat77/0053-a-0910"
                     ecep:lem="but"
                     ecep:pos="cc-acp"
                     ecep:reg="But"
                     ecep:spe="But"
                     ecep:syllab="1"
                     ecep:pron="bʌt">But</w>
                  <c> </c>
                  <w xmlns:ecep="http://www.eighteenthcenturypoetry.org/ns"
                     xml:id="oat77-056100"
                     n="oat77/0053-a-0920"
                     ecep:lem="if"
                     ecep:pos="cs"
                     ecep:reg="if"
                     ecep:spe="if"
                     ecep:syllab="1"
                     ecep:pron="ɪf">if</w>
                  <c> </c>
                  <w xmlns:ecep="http://www.eighteenthcenturypoetry.org/ns"
                     xml:id="oat77-056110"
                     n="oat77/0053-a-0930"
                     ecep:lem="you"
                     ecep:pos="pn22"
                     ecep:reg="you"
                     ecep:spe="you"
                     ecep:syllab="1"
                     ecep:pron="juː">you</w>
                  <c> </c>
                  <w xmlns:ecep="http://www.eighteenthcenturypoetry.org/ns"
                     xml:id="oat77-056120"
                     n="oat77/0053-a-0940"
                     ecep:lem="be"
                     ecep:pos="vbb"
                     ecep:reg="are"
                     ecep:spe="are"
                     ecep:syllab="1"
                     ecep:pron="ɑː">are</w>
                  <c> </c>
                  <w xmlns:ecep="http://www.eighteenthcenturypoetry.org/ns"
                     xml:id="oat77-056130"
                     n="oat77/0053-a-0950"
                     ecep:lem="dispose"
                     ecep:pos="vvn"
                     ecep:reg="disposed"
                     ecep:spe="dispos'd"
                     ecep:syllab="2"
                     ecep:pron="dɪˈspəʊzd">dispos'd</w>
                  <c> </c>
                  <w xmlns:ecep="http://www.eighteenthcenturypoetry.org/ns"
                     xml:id="oat77-056140"
                     n="oat77/0053-a-0960"
                     ecep:lem="to"
                     ecep:pos="pc-acp"
                     ecep:reg="to"
                     ecep:spe="to"
                     ecep:syllab="1"
                     ecep:pron="tuː">to</w>
                  <c> </c>
                  <w xmlns:ecep="http://www.eighteenthcenturypoetry.org/ns"
                     xml:id="oat77-056150"
                     n="oat77/0053-a-0970"
                     ecep:lem="prove"
                     ecep:pos="vvi"
                     ecep:reg="prove"
                     ecep:spe="prove"
                     ecep:syllab="1"
                     ecep:pron="pruːv">prove</w>
               </l>
               <l xml:id="oat77-l02775">
                  <w xmlns:ecep="http://www.eighteenthcenturypoetry.org/ns"
                     xml:id="oat77-056160"
                     n="oat77/0053-a-0980"
                     ecep:lem="your"
                     ecep:pos="po22"
                     ecep:reg="Your"
                     ecep:spe="Your"
                     ecep:syllab="1"
                     ecep:pron="jɔː">Your</w>
                  <c> </c>
                  <w xmlns:ecep="http://www.eighteenthcenturypoetry.org/ns"
                     xml:id="oat77-056170"
                     n="oat77/0053-a-0990"
                     ecep:lem="beauty"
                     ecep:pos="n2"
                     ecep:reg="Beauties"
                     ecep:spe="Beauties"
                     ecep:syllab="2"
                     ecep:pron="ˈbjuːtiz">Beauties</w>
                  <c> </c>
                  <w xmlns:ecep="http://www.eighteenthcenturypoetry.org/ns"
                     xml:id="oat77-056180"
                     n="oat77/0053-a-1000"
                     ecep:lem="utmost"
                     ecep:pos="j"
                     ecep:reg="utmost"
                     ecep:spe="utmost"
                     ecep:syllab="2"
                     ecep:pron="ˈʌtməʊst">utmost</w>
                  <c> </c>
                  <w xmlns:ecep="http://www.eighteenthcenturypoetry.org/ns"
                     xml:id="oat77-056190"
                     n="oat77/0053-a-1010"
                     ecep:lem="power"
                     ecep:pos="n1"
                     ecep:reg="Power"
                     ecep:spe="Pow'r"
                     ecep:syllab="1"
                     ecep:pron="ˈpaʊə">Pow'r</w>
                  <pc xmlns:ecep="http://www.eighteenthcenturypoetry.org/ns"
                      xml:id="oat77-056200"
                      n="oat77/0053-a-1020"
                      ecep:lem=","
                      ecep:pos=","
                      ecep:reg=","
                      ecep:spe=",">,</pc>
                  <c> </c>
                  <w xmlns:ecep="http://www.eighteenthcenturypoetry.org/ns"
                     xml:id="oat77-056210"
                     n="oat77/0053-a-1030"
                     ecep:lem="pursue"
                     ecep:pos="vvb"
                     ecep:reg="pursue"
                     ecep:spe="pursue"
                     ecep:syllab="2"
                     ecep:pron="pəˈsjuː">pursue</w>
               </l>
               <pb facs="oat77/0054" n="40" rend="none"/>
               <l xml:id="oat77-l02780">
                  <w xmlns:ecep="http://www.eighteenthcenturypoetry.org/ns"
                     xml:id="oat77-056220"
                     n="oat77/0054-a-0010"
                     ecep:lem="some"
                     ecep:pos="d"
                     ecep:reg="Some"
                     ecep:spe="Some"
                     ecep:syllab="1"
                     ecep:pron="sʌm">Some</w>
                  <c> </c>
                  <w xmlns:ecep="http://www.eighteenthcenturypoetry.org/ns"
                     xml:id="oat77-056230"
                     n="oat77/0054-a-0020"
                     ecep:lem="likely"
                     ecep:pos="jc"
                     ecep:reg="likelier"
                     ecep:spe="likelier"
                     ecep:syllab="3"
                     ecep:pron="ˈlaɪkliə">likelier</w>
                  <c> </c>
                  <w xmlns:ecep="http://www.eighteenthcenturypoetry.org/ns"
                     xml:id="oat77-056240"
                     n="oat77/0054-a-0030"
                     ecep:lem="enterprise"
                     ecep:pos="n1"
                     ecep:reg="Enterprise"
                     ecep:spe="Enterprize"
                     ecep:syllab="3"
                     ecep:pron="ˈentəprˌaɪz">Enterprize</w>
                  <pc xmlns:ecep="http://www.eighteenthcenturypoetry.org/ns"
                      xml:id="oat77-056250"
                      n="oat77/0054-a-0040"
                      ecep:lem=";"
                      ecep:pos=";"
                      ecep:reg=";"
                      ecep:spe=";">;</pc>
                  <c> </c>
                  <w xmlns:ecep="http://www.eighteenthcenturypoetry.org/ns"
                     xml:id="oat77-056260"
                     n="oat77/0054-a-0050"
                     ecep:lem="but"
                     ecep:pos="cc-acp"
                     ecep:reg="but"
                     ecep:spe="but"
                     ecep:syllab="1"
                     ecep:pron="bʌt">but</w>
                  <c> </c>
                  <w xmlns:ecep="http://www.eighteenthcenturypoetry.org/ns"
                     xml:id="oat77-056270"
                     n="oat77/0054-a-0060"
                     ecep:lem="spare"
                     ecep:pos="vvb"
                     ecep:reg="spare"
                     ecep:spe="spare"
                     ecep:syllab="1"
                     ecep:pron="speə">spare</w>
               </l>
               <l xml:id="oat77-l02785">
                  <w xmlns:ecep="http://www.eighteenthcenturypoetry.org/ns"
                     xml:id="oat77-056280"
                     n="oat77/0054-a-0070"
                     ecep:lem="your"
                     ecep:pos="po22"
                     ecep:reg="Your"
                     ecep:spe="Your"
                     ecep:syllab="1"
                     ecep:pron="jɔː">Your</w>
                  <c> </c>
                  <w xmlns:ecep="http://www.eighteenthcenturypoetry.org/ns"
                     xml:id="oat77-056290"
                     n="oat77/0054-a-0080"
                     ecep:lem="vain"
                     ecep:pos="j"
                     ecep:reg="vain"
                     ecep:spe="vain"
                     ecep:syllab="1"
                     ecep:pron="veɪn">vain</w>
                  <c> </c>
                  <w xmlns:ecep="http://www.eighteenthcenturypoetry.org/ns"
                     xml:id="oat77-056300"
                     n="oat77/0054-a-0090"
                     ecep:lem="attempt"
                     ecep:pos="n2"
                     ecep:reg="Attempts"
                     ecep:spe="Attempts"
                     ecep:syllab="2"
                     ecep:pron="əˈtemts">Attempts</w>
                  <c> </c>
                  <w xmlns:ecep="http://www.eighteenthcenturypoetry.org/ns"
                     xml:id="oat77-056310"
                     n="oat77/0054-a-0100"
                     ecep:lem="to"
                     ecep:pos="pc-acp"
                     ecep:reg="to"
                     ecep:spe="to"
                     ecep:syllab="1"
                     ecep:pron="tuː">to</w>
                  <c> </c>
                  <w xmlns:ecep="http://www.eighteenthcenturypoetry.org/ns"
                     xml:id="oat77-056320"
                     n="oat77/0054-a-0110"
                     ecep:lem="bind"
                     ecep:pos="vvi"
                     ecep:reg="bind"
                     ecep:spe="bind"
                     ecep:syllab="1"
                     ecep:pron="baɪnd">bind</w>
               </l>
               <l xml:id="oat77-l02790">
                  <w xmlns:ecep="http://www.eighteenthcenturypoetry.org/ns"
                     xml:id="oat77-056330"
                     n="oat77/0054-a-0120"
                     ecep:lem="what"
                     ecep:pos="q-crq"
                     ecep:reg="What"
                     ecep:spe="What"
                     ecep:syllab="1"
                     ecep:pron="wɒt">What</w>
                  <c> </c>
                  <w xmlns:ecep="http://www.eighteenthcenturypoetry.org/ns"
                     xml:id="oat77-056340"
                     n="oat77/0054-a-0130"
                     ecep:lem="be"
                     ecep:pos="vbz"
                     ecep:reg="is"
                     ecep:spe="is"
                     ecep:syllab="1"
                     ecep:pron="ɪz">is</w>
                  <c> </c>
                  <w xmlns:ecep="http://www.eighteenthcenturypoetry.org/ns"
                     xml:id="oat77-056350"
                     n="oat77/0054-a-0140"
                     ecep:lem="by"
                     ecep:pos="p-acp"
                     ecep:reg="by"
                     ecep:spe="by"
                     ecep:syllab="1"
                     ecep:pron="baɪ">by</w>
                  <c> </c>
                  <w xmlns:ecep="http://www.eighteenthcenturypoetry.org/ns"
                     xml:id="oat77-056360"
                     n="oat77/0054-a-0150"
                     ecep:lem="nature"
                     ecep:pos="n1"
                     ecep:reg="Nature"
                     ecep:spe="Nature"
                     ecep:syllab="2"
                     ecep:pron="ˈneɪtʃə">Nature</w>
                  <c> </c>
                  <w xmlns:ecep="http://www.eighteenthcenturypoetry.org/ns"
                     xml:id="oat77-056370"
                     n="oat77/0054-a-0160"
                     ecep:lem="unconfined"
                     ecep:pos="j"
                     ecep:reg="Unconfined"
                     ecep:spe="Unconfin'd"
                     ecep:syllab="3"
                     ecep:pron="ˌʌnkənˈfaɪnd">Unconfin'd</w>
                  <pc xmlns:ecep="http://www.eighteenthcenturypoetry.org/ns"
                      xml:id="oat77-056380"
                      n="oat77/0054-a-0170"
                      ecep:lem=","
                      ecep:pos=","
                      ecep:reg=","
                      ecep:spe=",">,</pc>
               </l>
               <l xml:id="oat77-l02795">
                  <w xmlns:ecep="http://www.eighteenthcenturypoetry.org/ns"
                     xml:id="oat77-056390"
                     n="oat77/0054-a-0180"
                     ecep:lem="for"
                     ecep:pos="p-acp"
                     ecep:reg="For"
                     ecep:spe="For"
                     ecep:syllab="1"
                     ecep:pron="fɔː">For</w>
                  <c> </c>
                  <w xmlns:ecep="http://www.eighteenthcenturypoetry.org/ns"
                     xml:id="oat77-056400"
                     n="oat77/0054-a-0190"
                     ecep:lem="love"
                     ecep:pos="ng1"
                     ecep:reg="Love's"
                     ecep:spe="Love's"
                     ecep:syllab="1"
                     ecep:pron="ˈlʌvz">Love's</w>
                  <c> </c>
                  <w xmlns:ecep="http://www.eighteenthcenturypoetry.org/ns"
                     xml:id="oat77-056410"
                     n="oat77/0054-a-0200"
                     ecep:lem="a"
                     ecep:pos="dt"
                     ecep:reg="a"
                     ecep:spe="a"
                     ecep:syllab="1"
                     ecep:pron="ə">a</w>
                  <c> </c>
                  <hi>
                     <w xmlns:ecep="http://www.eighteenthcenturypoetry.org/ns"
                        xml:id="oat77-056420"
                        n="oat77/0054-a-0210"
                        ecep:lem="planet"
                        ecep:pos="n1"
                        ecep:reg="Planet"
                        ecep:spe="Planet"
                        ecep:syllab="2"
                        ecep:pron="ˈplænɪt">Planet</w>
                     <pc xmlns:ecep="http://www.eighteenthcenturypoetry.org/ns"
                         xml:id="oat77-056430"
                         n="oat77/0054-a-0220"
                         ecep:lem=","
                         ecep:pos=","
                         ecep:reg=","
                         ecep:spe=",">,</pc>
                  </hi>
                  <c> </c>
                  <w xmlns:ecep="http://www.eighteenthcenturypoetry.org/ns"
                     xml:id="oat77-056440"
                     n="oat77/0054-a-0230"
                     ecep:lem="not"
                     ecep:pos="xx"
                     ecep:reg="not"
                     ecep:spe="not"
                     ecep:syllab="1"
                     ecep:pron="nɒt">not</w>
                  <c> </c>
                  <w xmlns:ecep="http://www.eighteenthcenturypoetry.org/ns"
                     xml:id="oat77-056450"
                     n="oat77/0054-a-0240"
                     ecep:lem="a"
                     ecep:pos="dt"
                     ecep:reg="a"
                     ecep:spe="a"
                     ecep:syllab="1"
                     ecep:pron="ə">a</w>
                  <c> </c>
                  <hi>
                     <w xmlns:ecep="http://www.eighteenthcenturypoetry.org/ns"
                        xml:id="oat77-056460"
                        n="oat77/0054-a-0250"
                        ecep:lem="fix"
                        ecep:pos="j-vvn"
                        ecep:reg="fixed"
                        ecep:spe="fixed"
                        ecep:syllab="1"
                        ecep:pron="fɪkst">fixed</w>
                     <c> </c>
                     <w xmlns:ecep="http://www.eighteenthcenturypoetry.org/ns"
                        xml:id="oat77-056470"
                        n="oat77/0054-a-0260"
                        ecep:lem="star"
                        ecep:pos="n1"
                        ecep:reg="Star"
                        ecep:spe="Star"
                        ecep:syllab="1"
                        ecep:pron="stɑː">Star</w>
                     <pc xmlns:ecep="http://www.eighteenthcenturypoetry.org/ns"
                         xml:id="oat77-056480"
                         n="oat77/0054-a-0270"
                         unit="sentence"
                         ecep:lem="."
                         ecep:pos="."
                         ecep:reg="."
                         ecep:spe=".">.</pc>
                     <c> </c>
                  </hi>
               </l>
            </lg>
         </div>
      </body>
   </text>
</TEI>
