<?xml version="1.0" encoding="utf-8"?>
<!DOCTYPE div
  SYSTEM "about:legacy-compat">
<div xmlns:ecep="http://www.eighteenthcenturypoetry.org/ns"
     xmlns="http://www.tei-c.org/ns/1.0"
     xmlns:tei="http://www.tei-c.org/ns/1.0"
     ana="#trochee #tetrameter #sestet #song #tail #catalexis"
     corresp="#txt_CottNa1705_w0006"
     decls="#semi-normalized"
     ecep:syllab="7.7.7.7.7.7"
     met="+-|+-|+-|+/ +-|+-|+-|+/ +-|+-|+-|+/ +-|+-|+-|+/ +-|+-|+-|+/ +-|+-|+-|+/"
     rendition="#lgvspace"
     rhyme="ababcc"
     subtype="eceptext"
     type="song"
     xml:id="o4987-w0720">
   <link target="authors.xml#aut_CottNa1705" type="author"/>
   <link target="32668" type="DMI"/>
   <head type="main">
      <w xml:id="o4987-410550"
         n="203-a-0010"
         ecep:lem="solitude"
         ecep:pos="n1"
         ecep:reg="SOLITUDE"
         ecep:spe="SOLITUDE"
         ecep:syllab="3"
         ecep:pron="ˈsɒlətjuːd">SOLITUDE</w>
      <pc xml:id="o4987-410560"
          n="203-a-0020"
          unit="sentence"
          ecep:lem="."
          ecep:pos="."
          ecep:reg="."
          ecep:spe=".">.</pc>
   </head>
   <head type="sub">
      <w xml:id="o4987-410590"
         n="203-a-0030"
         ecep:lem="a"
         ecep:pos="dt"
         ecep:reg="A"
         ecep:spe="A"
         ecep:syllab="1"
         ecep:pron="ə">A</w>
      <c> </c>
      <w xml:id="o4987-410600"
         n="203-a-0040"
         ecep:lem="song"
         ecep:pos="n1"
         ecep:reg="SONG"
         ecep:spe="SONG"
         ecep:syllab="1"
         ecep:pron="sɒŋ">SONG</w>
      <pc xml:id="o4987-410610"
          n="203-a-0050"
          unit="sentence"
          ecep:lem="."
          ecep:pos="."
          ecep:reg="."
          ecep:spe=".">.</pc>
      <c> </c>
      <w xml:id="o4987-410620"
         n="203-a-0060"
         ecep:lem="to"
         ecep:pos="p-acp"
         ecep:reg="TO"
         ecep:spe="TO"
         ecep:syllab="1"
         ecep:pron="tuː">TO</w>
      <c> </c>
      <w xml:id="o4987-410630"
         n="203-a-0070"
         ecep:lem="lady"
         ecep:pos="n1"
         ecep:reg="LADY"
         ecep:spe="LADY"
         ecep:syllab="2"
         ecep:pron="ˈleɪdi">LADY</w>
      <c> </c>
      <w xml:id="o4987-410640"
         n="203-a-0080"
         ecep:lem="coventry"
         ecep:pos="npg1"
         ecep:reg="COVENTRY'S"
         ecep:spe="COVENTRY'S"
         ecep:syllab="3"
         ecep:pron="ˈkɒvntriz">COVENTRY'S</w>
      <c> </c>
      <w xml:id="o4987-410650"
         n="203-a-0090"
         ecep:lem="minuet"
         ecep:pos="n1"
         ecep:reg="MINUET"
         ecep:spe="MINUET"
         ecep:syllab="3"
         ecep:pron="ˌmɪnjuˈet">MINUET</w>
      <pc xml:id="o4987-410660"
          n="203-a-0100"
          unit="sentence"
          ecep:lem="."
          ecep:pos="."
          ecep:reg="."
          ecep:spe=".">.</pc>
   </head>
   <byline>
      <w xml:id="o4987-410690"
         n="203-a-0110"
         ecep:lem="by"
         ecep:pos="p-acp"
         ecep:reg="BY"
         ecep:spe="BY"
         ecep:syllab="1"
         ecep:pron="baɪ">BY</w>
      <c> </c>
      <w xml:id="o4987-410700"
         n="203-a-0120"
         ecep:lem="dr."
         ecep:pos="n1"
         ecep:reg="DR."
         ecep:spe="DR."
         ecep:syllab="2"
         ecep:pron="dˈɒktə">DR.</w>
      <c> </c>
      <w xml:id="o4987-410710"
         n="203-a-0130"
         ecep:lem="cotton"
         ecep:pos="n1"
         ecep:reg="COTTON"
         ecep:spe="COTTON"
         ecep:syllab="2"
         ecep:pron="ˈkɒtn">COTTON</w>
      <pc xml:id="o4987-410720"
          n="203-a-0140"
          unit="sentence"
          ecep:lem="."
          ecep:pos="."
          ecep:reg="."
          ecep:spe=".">.</pc>
   </byline>
   <lg xml:id="o4987-s03080">
      <l xml:id="o4987-l22240">
         <w xml:id="o4987-410750"
            n="203-a-0150"
            ecep:lem="sweet"
            ecep:pos="j"
            ecep:reg="SWEET"
            ecep:spe="SWEET"
            ecep:syllab="1"
            ecep:pron="swiːt">SWEET</w>
         <c> </c>
         <w xml:id="o4987-410760"
            n="203-a-0160"
            ecep:lem="companion"
            ecep:pos="n1"
            ecep:reg="companion"
            ecep:spe="companion"
            ecep:syllab="3"
            ecep:pron="kəmˈpænjən">companion</w>
         <c> </c>
         <w xml:id="o4987-410770"
            n="203-a-0170"
            ecep:lem="of"
            ecep:pos="pp-f"
            ecep:reg="of"
            ecep:spe="of"
            ecep:syllab="1"
            ecep:pron="ɒv">of</w>
         <c> </c>
         <w xml:id="o4987-410780"
            n="203-a-0180"
            ecep:lem="the"
            ecep:pos="dt"
            ecep:reg="the"
            ecep:spe="the"
            ecep:syllab="1"
            ecep:pron="ðiː">the</w>
         <c> </c>
         <w xml:id="o4987-410790"
            n="203-a-0190"
            ecep:lem="muse"
            ecep:pos="n1"
            ecep:reg="muse"
            ecep:spe="muse"
            ecep:syllab="1"
            ecep:pron="mjuːz">muse</w>
         <pc xml:id="o4987-410800"
             n="203-a-0200"
             unit="sentence"
             ecep:lem="!"
             ecep:pos="!"
             ecep:reg="!"
             ecep:spe="!">!</pc>
         <c> </c>
      </l>
      <l xml:id="o4987-l22245">
         <w xml:id="o4987-410810"
            n="203-a-0210"
            ecep:lem="gentle"
            ecep:pos="j-jn"
            ecep:reg="Gentle"
            ecep:spe="Gentle"
            ecep:syllab="2"
            ecep:pron="ˈdʒentl">Gentle</w>
         <c> </c>
         <w xml:id="o4987-410820"
            n="203-a-0220"
            ecep:lem="solitude"
            ecep:pos="n1"
            ecep:reg="Solitude"
            ecep:spe="Solitude"
            ecep:syllab="3"
            ecep:pron="ˈsɒlətjuːd">Solitude</w>
         <pc xml:id="o4987-410830"
             n="203-a-0230"
             ecep:lem="!"
             ecep:pos="!"
             ecep:reg="!"
             ecep:spe="!">!</pc>
         <c> </c>
         <w xml:id="o4987-410840"
            n="203-a-0240"
            ecep:lem="appear"
            ecep:pos="vvb"
            ecep:reg="appear"
            ecep:spe="appear"
            ecep:syllab="2"
            ecep:pron="əˈpɪə">appear</w>
         <pc xml:id="o4987-410850"
             n="203-a-0250"
             ecep:lem=","
             ecep:pos=","
             ecep:reg=","
             ecep:spe=",">,</pc>
      </l>
      <l xml:id="o4987-l22250">
         <c> </c>
         <w xml:id="o4987-410860"
            n="203-a-0260"
            ecep:lem="all"
            ecep:pos="d"
            ecep:reg="All"
            ecep:spe="All"
            ecep:syllab="1"
            ecep:pron="ɔːl">All</w>
         <c> </c>
         <w xml:id="o4987-410870"
            n="203-a-0270"
            ecep:lem="thy"
            ecep:pos="po21"
            ecep:reg="thy"
            ecep:spe="thy"
            ecep:syllab="1"
            ecep:pron="ðaɪ">thy</w>
         <c> </c>
         <w xml:id="o4987-410880"
            n="203-a-0280"
            ecep:lem="calm"
            ecep:pos="j-jn"
            ecep:reg="calm"
            ecep:spe="calm"
            ecep:syllab="1"
            ecep:pron="kɑːm">calm</w>
         <c> </c>
         <w xml:id="o4987-410890"
            n="203-a-0290"
            ecep:lem="content"
            ecep:pos="n1"
            ecep:reg="content"
            ecep:spe="content"
            ecep:syllab="2"
            ecep:pron="ˈkɒntent">content</w>
         <c> </c>
         <w xml:id="o4987-410900"
            n="203-a-0300"
            ecep:lem="infuse"
            ecep:pos="vvb"
            ecep:reg="infuse"
            ecep:spe="infuse"
            ecep:syllab="2"
            ecep:pron="ɪnˈfjuːz">infuse</w>
         <pc xml:id="o4987-410910"
             n="203-a-0310"
             ecep:lem=","
             ecep:pos=","
             ecep:reg=","
             ecep:spe=",">,</pc>
      </l>
      <l xml:id="o4987-l22255">
         <c> </c>
         <w xml:id="o4987-410920"
            n="203-a-0320"
            ecep:lem="soften"
            ecep:pos="vvb"
            ecep:reg="Soften"
            ecep:spe="Soften"
            ecep:syllab="2"
            ecep:pron="ˈsɒfn">Soften</w>
         <c> </c>
         <w xml:id="o4987-410930"
            n="203-a-0330"
            ecep:lem="anguish"
            ecep:pos="n1"
            ecep:reg="anguish"
            ecep:spe="anguish"
            ecep:syllab="2"
            ecep:pron="ˈæŋgwɪʃ">anguish</w>
         <pc xml:id="o4987-410940"
             n="203-a-0340"
             ecep:lem=","
             ecep:pos=","
             ecep:reg=","
             ecep:spe=",">,</pc>
         <c> </c>
         <w xml:id="o4987-410950"
            n="203-a-0350"
            ecep:lem="banish"
            ecep:pos="vvb"
            ecep:reg="banish"
            ecep:spe="banish"
            ecep:syllab="2"
            ecep:pron="ˈbænɪʃ">banish</w>
         <c> </c>
         <w xml:id="o4987-410960"
            n="203-a-0360"
            ecep:lem="care"
            ecep:pos="n1"
            ecep:reg="care"
            ecep:spe="care"
            ecep:syllab="1"
            ecep:pron="keə">care</w>
         <pc xml:id="o4987-410970"
             n="203-a-0370"
             ecep:lem=":"
             ecep:pos=":"
             ecep:reg=":"
             ecep:spe=":">:</pc>
      </l>
      <l xml:id="o4987-l22260">
         <c> </c>
         <w xml:id="o4987-410980"
            n="203-a-0380"
            ecep:lem="lead"
            ecep:pos="vvb"
            ecep:reg="Lead"
            ecep:spe="Lead"
            ecep:syllab="1"
            ecep:pron="liːd">Lead</w>
         <c> </c>
         <w xml:id="o4987-410990"
            n="203-a-0390"
            ecep:lem="i"
            ecep:pos="pno11"
            ecep:reg="me"
            ecep:spe="me"
            ecep:syllab="1"
            ecep:pron="miː">me</w>
         <pc xml:id="o4987-411000"
             n="203-a-0400"
             ecep:lem=","
             ecep:pos=","
             ecep:reg=","
             ecep:spe=",">,</pc>
         <c> </c>
         <w xml:id="o4987-411010"
            n="203-a-0410"
            ecep:lem="o"
            ecep:pos="uh"
            ecep:reg="OH"
            ecep:spe="O"
            ecep:syllab="1"
            ecep:pron="əʊ">O</w>
         <c> </c>
         <w xml:id="o4987-411020"
            n="203-a-0420"
            ecep:lem="majestic"
            ecep:pos="j"
            ecep:reg="majestic"
            ecep:spe="majestic"
            ecep:syllab="3"
            ecep:pron="məˈdʒestɪk">majestic</w>
         <c> </c>
         <w xml:id="o4987-411030"
            n="203-a-0430"
            ecep:lem="queen"
            ecep:pos="n1"
            ecep:reg="queen"
            ecep:spe="queen"
            ecep:syllab="1"
            ecep:pron="kwiːn">queen</w>
         <pc xml:id="o4987-411040"
             n="203-a-0440"
             unit="sentence"
             ecep:lem="!"
             ecep:pos="!"
             ecep:reg="!"
             ecep:spe="!">!</pc>
         <c> </c>
      </l>
      <l xml:id="o4987-l22265">
         <w xml:id="o4987-411050"
            n="203-a-0450"
            ecep:lem="through"
            ecep:pos="p-acp"
            ecep:reg="Through"
            ecep:spe="Thro'"
            ecep:syllab="1"
            ecep:pron="θruː">Thro'</w>
         <c> </c>
         <w xml:id="o4987-411060"
            n="203-a-0460"
            ecep:lem="the"
            ecep:pos="dt"
            ecep:reg="the"
            ecep:spe="the"
            ecep:syllab="1"
            ecep:pron="ðiː">the</w>
         <c> </c>
         <w xml:id="o4987-411070"
            n="203-a-0470"
            ecep:lem="aromatic"
            ecep:pos="j"
            ecep:reg="aromatic"
            ecep:spe="aromatic"
            ecep:syllab="4"
            ecep:pron="ˌærəˈmætɪk">aromatic</w>
         <c> </c>
         <w xml:id="o4987-411080"
            n="203-a-0480"
            ecep:lem="scene"
            ecep:pos="n1"
            ecep:reg="scene"
            ecep:spe="scene"
            ecep:syllab="1"
            ecep:pron="siːn">scene</w>
         <pc xml:id="o4987-411090"
             n="203-a-0490"
             ecep:lem=":"
             ecep:pos=":"
             ecep:reg=":"
             ecep:spe=":">:</pc>
      </l>
   </lg>
   <lg xml:id="o4987-s03085">
      <l xml:id="o4987-l22270">
         <w xml:id="o4987-411120"
            n="203-a-0500"
            ecep:lem="nature"
            ecep:pos="ng1"
            ecep:reg="Nature's"
            ecep:spe="Nature's"
            ecep:syllab="2"
            ecep:pron="ˈneɪtʃəz">Nature's</w>
         <c> </c>
         <w xml:id="o4987-411130"
            n="203-a-0510"
            ecep:lem="copy"
            ecep:pos="vvn"
            ecep:reg="copied"
            ecep:spe="copied"
            ecep:syllab="2"
            ecep:pron="ˈkɒpid">copied</w>
         <c> </c>
         <w xml:id="o4987-411140"
            n="203-a-0520"
            ecep:lem="here"
            ecep:pos="av"
            ecep:reg="here"
            ecep:spe="here"
            ecep:syllab="1"
            ecep:pron="hɪə">here</w>
         <c> </c>
         <w xml:id="o4987-411150"
            n="203-a-0530"
            ecep:lem="by"
            ecep:pos="p-acp"
            ecep:reg="by"
            ecep:spe="by"
            ecep:syllab="1"
            ecep:pron="baɪ">by</w>
         <c> </c>
         <w xml:id="o4987-411160"
            n="203-a-0540"
            ecep:lem="art"
            ecep:pos="n1"
            ecep:reg="art"
            ecep:spe="art"
            ecep:syllab="1"
            ecep:pron="ɑːt">art</w>
         <pc xml:id="o4987-411170"
             n="203-a-0550"
             ecep:lem=","
             ecep:pos=","
             ecep:reg=","
             ecep:spe=",">,</pc>
      </l>
      <l xml:id="o4987-l22275">
         <c> </c>
         <w xml:id="o4987-411180"
            n="203-a-0560"
            ecep:lem="joyful"
            ecep:pos="j"
            ecep:reg="Joyful"
            ecep:spe="Joyful"
            ecep:syllab="2"
            ecep:pron="ˈdʒɔɪfl">Joyful</w>
         <c> </c>
         <w xml:id="o4987-411190"
            n="203-a-0570"
            ecep:lem="we"
            ecep:pos="pns12"
            ecep:reg="we"
            ecep:spe="we"
            ecep:syllab="1"
            ecep:pron="wiː">we</w>
         <c> </c>
         <w xml:id="o4987-411200"
            n="203-a-0580"
            ecep:lem="the"
            ecep:pos="dt"
            ecep:reg="the"
            ecep:spe="the"
            ecep:syllab="1"
            ecep:pron="ðiː">the</w>
         <c> </c>
         <w xml:id="o4987-411210"
            n="203-a-0590"
            ecep:lem="fraud"
            ecep:pos="n1"
            ecep:reg="fraud"
            ecep:spe="fraud"
            ecep:syllab="1"
            ecep:pron="frɔːd">fraud</w>
         <c> </c>
         <w xml:id="o4987-411220"
            n="203-a-0600"
            ecep:lem="confess"
            ecep:pos="vvi"
            ecep:reg="confess"
            ecep:spe="confess"
            ecep:syllab="2"
            ecep:pron="kənˈfes">confess</w>
         <pc xml:id="o4987-411230"
             n="203-a-0610"
             ecep:lem=","
             ecep:pos=","
             ecep:reg=","
             ecep:spe=",">,</pc>
      </l>
      <l xml:id="o4987-l22280">
         <c> </c>
         <w xml:id="o4987-411240"
            n="203-a-0620"
            ecep:lem="yet"
            ecep:pos="av"
            ecep:reg="Yet"
            ecep:spe="Yet"
            ecep:syllab="1"
            ecep:pron="jet">Yet</w>
         <c> </c>
         <w xml:id="o4987-411250"
            n="203-a-0630"
            ecep:lem="so"
            ecep:pos="av"
            ecep:reg="so"
            ecep:spe="so"
            ecep:syllab="1"
            ecep:pron="səʊ">so</w>
         <c> </c>
         <w xml:id="o4987-411260"
            n="203-a-0640"
            ecep:lem="well"
            ecep:pos="av"
            ecep:reg="well"
            ecep:spe="well"
            ecep:syllab="1"
            ecep:pron="wel">well</w>
         <c> </c>
         <w xml:id="o4987-411270"
            n="203-a-0650"
            ecep:lem="perform"
            ecep:pos="vvz"
            ecep:reg="performs"
            ecep:spe="performs"
            ecep:syllab="2"
            ecep:pron="pəˈfɔːmz">performs</w>
         <c> </c>
         <w xml:id="o4987-411280"
            n="203-a-0660"
            ecep:lem="her"
            ecep:pos="po31"
            ecep:reg="her"
            ecep:spe="her"
            ecep:syllab="1"
            ecep:pron="hɜː">her</w>
         <c> </c>
         <w xml:id="o4987-411290"
            n="203-a-0670"
            ecep:lem="part"
            ecep:pos="n1"
            ecep:reg="part"
            ecep:spe="part"
            ecep:syllab="1"
            ecep:pron="pɑːt">part</w>
         <pc xml:id="o4987-411300"
             n="203-a-0680"
             ecep:lem=","
             ecep:pos=","
             ecep:reg=","
             ecep:spe=",">,</pc>
      </l>
      <l xml:id="o4987-l22285">
         <c> </c>
         <w xml:id="o4987-411310"
            n="203-a-0690"
            ecep:lem="it|be"
            ecep:pos="pn31|vbz"
            ecep:reg="It's"
            ecep:spe="'Tis"
            ecep:syllab="1"
            ecep:pron="tɪz">'Tis</w>
         <c> </c>
         <w xml:id="o4987-411320"
            n="203-a-0700"
            ecep:lem="but"
            ecep:pos="p-acp"
            ecep:reg="but"
            ecep:spe="but"
            ecep:syllab="1"
            ecep:pron="bʌt">but</w>
         <c> </c>
         <w xml:id="o4987-411330"
            n="203-a-0710"
            ecep:lem="nature"
            ecep:pos="ng1"
            ecep:reg="Nature's"
            ecep:spe="Nature's"
            ecep:syllab="2"
            ecep:pron="ˈneɪtʃəz">Nature's</w>
         <c> </c>
         <w xml:id="o4987-411340"
            n="203-a-0720"
            ecep:lem="better"
            ecep:pos="j"
            ecep:reg="better"
            ecep:spe="better"
            ecep:syllab="2"
            ecep:pron="ˈbetə">better</w>
         <c> </c>
         <w xml:id="o4987-411350"
            n="203-a-0730"
            ecep:lem="dress"
            ecep:pos="n1"
            ecep:reg="dress"
            ecep:spe="dress"
            ecep:syllab="1"
            ecep:pron="dres">dress</w>
         <pc xml:id="o4987-411360"
             n="203-a-0740"
             ecep:lem=":"
             ecep:pos=":"
             ecep:reg=":"
             ecep:spe=":">:</pc>
      </l>
      <l xml:id="o4987-l22290">
         <c> </c>
         <w xml:id="o4987-411370"
            n="203-a-0750"
            ecep:lem="solitude"
            ecep:pos="n1"
            ecep:reg="Solitude"
            ecep:spe="Solitude"
            ecep:syllab="3"
            ecep:pron="ˈsɒlətjuːd">Solitude</w>
         <c> </c>
         <w xml:id="o4987-411380"
            n="203-a-0760"
            ecep:lem="here"
            ecep:pos="av"
            ecep:reg="here"
            ecep:spe="here"
            ecep:syllab="1"
            ecep:pron="hɪə">here</w>
         <c> </c>
         <w xml:id="o4987-411390"
            n="203-a-0770"
            ecep:lem="fix"
            ecep:pos="vvi"
            ecep:reg="fix"
            ecep:spe="fix"
            ecep:syllab="1"
            ecep:pron="fɪks">fix</w>
         <c> </c>
         <w xml:id="o4987-411400"
            n="203-a-0780"
            ecep:lem="my"
            ecep:pos="po11"
            ecep:reg="my"
            ecep:spe="my"
            ecep:syllab="1"
            ecep:pron="maɪ">my</w>
         <c> </c>
         <w xml:id="o4987-411410"
            n="203-a-0790"
            ecep:lem="seat"
            ecep:pos="n1"
            ecep:reg="seat"
            ecep:spe="seat"
            ecep:syllab="1"
            ecep:pron="siːt">seat</w>
         <pc xml:id="o4987-411420"
             n="203-a-0800"
             ecep:lem=","
             ecep:pos=","
             ecep:reg=","
             ecep:spe=",">,</pc>
      </l>
      <l xml:id="o4987-l22295">
         <c> </c>
         <w xml:id="o4987-411430"
            n="203-a-0810"
            ecep:lem="here"
            ecep:pos="av"
            ecep:reg="Here"
            ecep:spe="Here"
            ecep:syllab="1"
            ecep:pron="hɪə">Here</w>
         <c> </c>
         <w xml:id="o4987-411440"
            n="203-a-0820"
            ecep:lem="in"
            ecep:pos="p-acp"
            ecep:reg="in"
            ecep:spe="in"
            ecep:syllab="1"
            ecep:pron="ɪn">in</w>
         <c> </c>
         <w xml:id="o4987-411450"
            n="203-a-0830"
            ecep:lem="Cowley"
            ecep:pos="npg1"
            ecep:reg="Cowley's"
            ecep:spe="Cowley's"
            ecep:syllab="2"
            ecep:pron="ˈkaʊliz">Cowley's</w>
         <c> </c>
         <w xml:id="o4987-411460"
            n="203-a-0840"
            ecep:lem="soft"
            ecep:pos="j"
            ecep:reg="soft"
            ecep:spe="soft"
            ecep:syllab="1"
            ecep:pron="sɒft">soft</w>
         <c> </c>
         <w xml:id="o4987-411470"
            n="203-a-0850"
            ecep:lem="retreat"
            ecep:pos="n1"
            ecep:reg="retreat"
            ecep:spe="retreat"
            ecep:syllab="2"
            ecep:pron="riˈtriːt">retreat</w>
         <pc xml:id="o4987-411480"
             n="203-a-0860"
             unit="sentence"
             ecep:lem="."
             ecep:pos="."
             ecep:reg="."
             ecep:spe=".">.</pc>
         <c> </c>
      </l>
   </lg>
   <lg xml:id="o4987-s03090">
      <l xml:id="o4987-l22300">
         <w xml:id="o4987-411510"
            n="203-a-0870"
            ecep:lem="lay"
            ecep:pos="vvb"
            ecep:reg="Lay"
            ecep:spe="Lay"
            ecep:syllab="1"
            ecep:pron="leɪ">Lay</w>
         <c> </c>
         <w xml:id="o4987-411520"
            n="203-a-0880"
            ecep:lem="i"
            ecep:pos="pno11"
            ecep:reg="me"
            ecep:spe="me"
            ecep:syllab="1"
            ecep:pron="miː">me</w>
         <c> </c>
         <w xml:id="o4987-411530"
            n="203-a-0890"
            ecep:lem="in"
            ecep:pos="p-acp"
            ecep:reg="in"
            ecep:spe="in"
            ecep:syllab="1"
            ecep:pron="ɪn">in</w>
         <c> </c>
         <w xml:id="o4987-411540"
            n="203-a-0900"
            ecep:lem="the"
            ecep:pos="dt"
            ecep:reg="the"
            ecep:spe="the"
            ecep:syllab="1"
            ecep:pron="ðiː">the</w>
         <c> </c>
         <w xml:id="o4987-411550"
            n="203-a-0910"
            ecep:lem="silent"
            ecep:pos="j"
            ecep:reg="silent"
            ecep:spe="silent"
            ecep:syllab="2"
            ecep:pron="ˈsaɪlənt">silent</w>
         <c> </c>
         <w xml:id="o4987-411560"
            n="203-a-0920"
            ecep:lem="mead"
            ecep:pos="n1"
            ecep:reg="mead"
            ecep:spe="mead"
            ecep:syllab="1"
            ecep:pron="miːd">mead</w>
         <pc xml:id="o4987-411570"
             n="203-a-0930"
             ecep:lem=","
             ecep:pos=","
             ecep:reg=","
             ecep:spe=",">,</pc>
      </l>
      <l xml:id="o4987-l22305">
         <c> </c>
         <w xml:id="o4987-411580"
            n="203-a-0940"
            ecep:lem="where"
            ecep:pos="q-crq"
            ecep:reg="Where"
            ecep:spe="Where"
            ecep:syllab="1"
            ecep:pron="weə">Where</w>
         <c> </c>
         <w xml:id="o4987-411590"
            n="203-a-0950"
            ecep:lem="the"
            ecep:pos="dt"
            ecep:reg="the"
            ecep:spe="the"
            ecep:syllab="1"
            ecep:pron="ðiː">the</w>
         <c> </c>
         <w xml:id="o4987-411600"
            n="203-a-0960"
            ecep:lem="murmur"
            ecep:pos="j-vvg"
            ecep:reg="murmuring"
            ecep:spe="murmuring"
            ecep:syllab="3"
            ecep:pron="ˈmɜːmərɪŋ">murmuring</w>
         <c> </c>
         <w xml:id="o4987-411610"
            n="203-a-0970"
            ecep:lem="river"
            ecep:pos="n1"
            ecep:reg="river"
            ecep:spe="river"
            ecep:syllab="2"
            ecep:pron="ˈrɪvə">river</w>
         <c> </c>
         <w xml:id="o4987-411620"
            n="203-a-0980"
            ecep:lem="flow"
            ecep:pos="vvz"
            ecep:reg="flows"
            ecep:spe="flows"
            ecep:syllab="1"
            ecep:pron="fləʊz">flows</w>
         <pc xml:id="o4987-411630"
             n="203-a-0990"
             ecep:lem=","
             ecep:pos=","
             ecep:reg=","
             ecep:spe=",">,</pc>
      </l>
      <l xml:id="o4987-l22310">
         <c> </c>
         <w xml:id="o4987-411640"
            n="203-a-1000"
            ecep:lem="where"
            ecep:pos="q-crq"
            ecep:reg="Where"
            ecep:spe="Where"
            ecep:syllab="1"
            ecep:pron="weə">Where</w>
         <c> </c>
         <w xml:id="o4987-411650"
            n="203-a-1010"
            ecep:lem="the"
            ecep:pos="dt"
            ecep:reg="the"
            ecep:spe="the"
            ecep:syllab="1"
            ecep:pron="ðiː">the</w>
         <c> </c>
         <w xml:id="o4987-411660"
            n="203-a-1020"
            ecep:lem="elm"
            ecep:pos="n1"
            ecep:reg="elm"
            ecep:spe="elm"
            ecep:syllab="1"
            ecep:pron="elm">elm</w>
         <c> </c>
         <w xml:id="o4987-411670"
            n="203-a-1030"
            ecep:lem="expand"
            ecep:pos="vvz"
            ecep:reg="expands"
            ecep:spe="expands"
            ecep:syllab="2"
            ecep:pron="ɪkˈspændz">expands</w>
         <c> </c>
         <w xml:id="o4987-411680"
            n="203-a-1040"
            ecep:lem="the"
            ecep:pos="dt"
            ecep:reg="the"
            ecep:spe="the"
            ecep:syllab="1"
            ecep:pron="ðiː">the</w>
         <c> </c>
         <w xml:id="o4987-411690"
            n="203-a-1050"
            ecep:lem="shade"
            ecep:pos="n1"
            ecep:reg="shade"
            ecep:spe="shade"
            ecep:syllab="1"
            ecep:pron="ʃeɪd">shade</w>
         <pc xml:id="o4987-411700"
             n="203-a-1060"
             ecep:lem=","
             ecep:pos=","
             ecep:reg=","
             ecep:spe=",">,</pc>
      </l>
      <l xml:id="o4987-l22315">
         <c> </c>
         <w xml:id="o4987-411710"
            n="203-a-1070"
            ecep:lem="and"
            ecep:pos="cc"
            ecep:reg="And"
            ecep:spe="And"
            ecep:syllab="1"
            ecep:pron="ænd">And</w>
         <c> </c>
         <w xml:id="o4987-411720"
            n="203-a-1080"
            ecep:lem="each"
            ecep:pos="d"
            ecep:reg="each"
            ecep:spe="each"
            ecep:syllab="1"
            ecep:pron="iːtʃ">each</w>
         <c> </c>
         <w xml:id="o4987-411730"
            n="203-a-1090"
            ecep:lem="rise"
            ecep:pos="j-vvg"
            ecep:reg="rising"
            ecep:spe="rising"
            ecep:syllab="2"
            ecep:pron="ˈraɪzɪŋ">rising</w>
         <c> </c>
         <w xml:id="o4987-411740"
            n="203-a-1100"
            ecep:lem="beauty"
            ecep:pos="n1"
            ecep:reg="beauty"
            ecep:spe="beauty"
            ecep:syllab="2"
            ecep:pron="ˈbjuːti">beauty</w>
         <c> </c>
         <w xml:id="o4987-411750"
            n="203-a-1110"
            ecep:lem="blow"
            ecep:pos="vvz"
            ecep:reg="blows"
            ecep:spe="blows"
            ecep:syllab="1"
            ecep:pron="bləʊz">blows</w>
         <pc xml:id="o4987-411760"
             n="203-a-1120"
             ecep:lem=":"
             ecep:pos=":"
             ecep:reg=":"
             ecep:spe=":">:</pc>
      </l>
      <l xml:id="o4987-l22320">
         <c> </c>
         <w xml:id="o4987-411770"
            n="203-a-1130"
            ecep:lem="there"
            ecep:pos="a-acp"
            ecep:reg="There"
            ecep:spe="There"
            ecep:syllab="1"
            ecep:pron="ðeə">There</w>
         <c> </c>
         <w xml:id="o4987-411780"
            n="203-a-1140"
            ecep:lem="i|will"
            ecep:pos="pns11|vmb"
            ecep:reg="I'll"
            ecep:spe="I'll"
            ecep:syllab="1"
            ecep:pron="ˈaɪl">I'll</w>
         <c> </c>
         <w xml:id="o4987-411790"
            n="203-a-1150"
            ecep:lem="say"
            ecep:pos="vvi"
            ecep:reg="say"
            ecep:spe="say"
            ecep:syllab="1"
            ecep:pron="seɪ">say</w>
         <pc xml:id="o4987-411800"
             n="203-a-1160"
             ecep:lem=","
             ecep:pos=","
             ecep:reg=","
             ecep:spe=",">,</pc>
         <c> </c>
         <w xml:id="o4987-411810"
            n="203-a-1170"
            ecep:lem="in"
            ecep:pos="p-acp"
            ecep:reg="in"
            ecep:spe="in"
            ecep:syllab="1"
            ecep:pron="ɪn">in</w>
         <c> </c>
         <w xml:id="o4987-411820"
            n="203-a-1180"
            ecep:lem="peace"
            ecep:pos="n1"
            ecep:reg="peace"
            ecep:spe="peace"
            ecep:syllab="1"
            ecep:pron="piːs">peace</w>
         <c> </c>
         <w xml:id="o4987-411830"
            n="203-a-1190"
            ecep:lem="of"
            ecep:pos="pp-f"
            ecep:reg="of"
            ecep:spe="of"
            ecep:syllab="1"
            ecep:pron="ɒv">of</w>
         <c> </c>
         <w xml:id="o4987-411840"
            n="203-a-1200"
            ecep:lem="mind"
            ecep:pos="n1"
            ecep:reg="mind"
            ecep:spe="mind"
            ecep:syllab="1"
            ecep:pron="maɪnd">mind</w>
         <pc xml:id="o4987-411850"
             n="203-a-1210"
             ecep:lem=","
             ecep:pos=","
             ecep:reg=","
             ecep:spe=",">,</pc>
      </l>
      <l xml:id="o4987-l22325">
         <c> </c>
         <pc xml:id="o4987-411860"
             n="203-a-1220"
             ecep:lem="&#34;"
             ecep:pos="&#34;"
             ecep:reg="&#34;"
             ecep:spe="&#34;">"</pc>
         <w xml:id="o4987-411870"
            n="203-a-1230"
            ecep:lem="empty"
            ecep:pos="j"
            ecep:reg="Empty"
            ecep:spe="Empty"
            ecep:syllab="2"
            ecep:pron="ˈempti">Empty</w>
         <c> </c>
         <w xml:id="o4987-411880"
            n="203-a-1240"
            ecep:lem="greatness"
            ecep:pos="n1"
            ecep:reg="greatness"
            ecep:spe="greatness"
            ecep:syllab="2"
            ecep:pron="ˈgreɪtnəs">greatness</w>
         <c> </c>
         <w xml:id="o4987-411890"
            n="203-a-1250"
            ecep:lem="fall"
            ecep:pos="vvi"
            ecep:reg="fall"
            ecep:spe="fall"
            ecep:syllab="1"
            ecep:pron="fɔːl">fall</w>
         <c> </c>
         <w xml:id="o4987-411900"
            n="203-a-1260"
            ecep:lem="behind"
            ecep:pos="a-acp"
            ecep:reg="behind"
            ecep:spe="behind"
            ecep:syllab="2"
            ecep:pron="biˈhaɪnd">behind</w>
         <pc xml:id="o4987-411910"
             n="203-a-1270"
             ecep:lem="."
             ecep:pos="."
             ecep:reg="."
             ecep:spe=".">.</pc>
         <pc xml:id="o4987-411920"
             n="203-a-1280"
             unit="sentence"
             ecep:lem="&#34;"
             ecep:pos="&#34;"
             ecep:reg="&#34;"
             ecep:spe="&#34;">"</pc>
         <c> </c>
      </l>
   </lg>
   <pb facs="204" n="206" rend="none"/>
   <lg xml:id="o4987-s03095">
      <l xml:id="o4987-l22330">
         <w xml:id="o4987-411950"
            n="204-a-0010"
            ecep:lem="teach"
            ecep:pos="vvb"
            ecep:reg="Teach"
            ecep:spe="Teach"
            ecep:syllab="1"
            ecep:pron="tiːtʃ">Teach</w>
         <c> </c>
         <w xml:id="o4987-411960"
            n="204-a-0020"
            ecep:lem="thy"
            ecep:pos="po21"
            ecep:reg="thy"
            ecep:spe="thy"
            ecep:syllab="1"
            ecep:pron="ðaɪ">thy</w>
         <c> </c>
         <w xml:id="o4987-411970"
            n="204-a-0030"
            ecep:lem="votary"
            ecep:pos="n1"
            ecep:reg="votary"
            ecep:spe="votary"
            ecep:syllab="3"
            ecep:pron="ˈvəʊtəri">votary</w>
         <c> </c>
         <w xml:id="o4987-411980"
            n="204-a-0040"
            ecep:lem="all"
            ecep:pos="d"
            ecep:reg="all"
            ecep:spe="all"
            ecep:syllab="1"
            ecep:pron="ɔːl">all</w>
         <c> </c>
         <w xml:id="o4987-411990"
            n="204-a-0050"
            ecep:lem="the"
            ecep:pos="dt"
            ecep:reg="the"
            ecep:spe="the"
            ecep:syllab="1"
            ecep:pron="ðiː">the</w>
         <c> </c>
         <w xml:id="o4987-412000"
            n="204-a-0060"
            ecep:lem="power"
            ecep:pos="n2"
            ecep:reg="powers"
            ecep:spe="powers"
            ecep:syllab="1"
            ecep:pron="ˈpaʊəz">powers</w>
      </l>
      <l xml:id="o4987-l22335">
         <c> </c>
         <w xml:id="o4987-412010"
            n="204-a-0070"
            ecep:lem="of"
            ecep:pos="pp-f"
            ecep:reg="Of"
            ecep:spe="Of"
            ecep:syllab="1"
            ecep:pron="ɒv">Of</w>
         <c> </c>
         <w xml:id="o4987-412020"
            n="204-a-0080"
            ecep:lem="each"
            ecep:pos="d"
            ecep:reg="each"
            ecep:spe="each"
            ecep:syllab="1"
            ecep:pron="iːtʃ">each</w>
         <c> </c>
         <w xml:id="o4987-412030"
            n="204-a-0090"
            ecep:lem="plant"
            ecep:pos="n1"
            ecep:reg="plant"
            ecep:spe="plant"
            ecep:syllab="1"
            ecep:pron="plɑːnt">plant</w>
         <pc xml:id="o4987-412040"
             n="204-a-0100"
             ecep:lem=","
             ecep:pos=","
             ecep:reg=","
             ecep:spe=",">,</pc>
         <c> </c>
         <w xml:id="o4987-412050"
            n="204-a-0110"
            ecep:lem="and"
            ecep:pos="cc"
            ecep:reg="and"
            ecep:spe="and"
            ecep:syllab="1"
            ecep:pron="ænd">and</w>
         <c> </c>
         <w xml:id="o4987-412060"
            n="204-a-0120"
            ecep:lem="every"
            ecep:pos="d"
            ecep:reg="every"
            ecep:spe="every"
            ecep:syllab="2"
            ecep:pron="ˈevri">every</w>
         <c> </c>
         <w xml:id="o4987-412070"
            n="204-a-0130"
            ecep:lem="tree"
            ecep:pos="n1"
            ecep:reg="tree"
            ecep:spe="tree"
            ecep:syllab="1"
            ecep:pron="triː">tree</w>
         <pc xml:id="o4987-412080"
             n="204-a-0140"
             ecep:lem=","
             ecep:pos=","
             ecep:reg=","
             ecep:spe=",">,</pc>
      </l>
      <l xml:id="o4987-l22340">
         <c> </c>
         <w xml:id="o4987-412090"
            n="204-a-0150"
            ecep:lem="tell"
            ecep:pos="vvb"
            ecep:reg="Tell"
            ecep:spe="Tell"
            ecep:syllab="1"
            ecep:pron="tel">Tell</w>
         <c> </c>
         <w xml:id="o4987-412100"
            n="204-a-0160"
            ecep:lem="how"
            ecep:pos="c-crq"
            ecep:reg="how"
            ecep:spe="how"
            ecep:syllab="1"
            ecep:pron="haʊ">how</w>
         <c> </c>
         <w xml:id="o4987-412110"
            n="204-a-0170"
            ecep:lem="short-lived"
            ecep:pos="j"
            ecep:reg="short-lived"
            ecep:spe="short-liv'd"
            ecep:syllab="2"
            ecep:pron="ˌʃɔːtˈlɪvd">short-liv'd</w>
         <c> </c>
         <w xml:id="o4987-412120"
            n="204-a-0180"
            ecep:lem="be"
            ecep:pos="vbr"
            ecep:reg="are"
            ecep:spe="are"
            ecep:syllab="1"
            ecep:pron="ɑː">are</w>
         <c> </c>
         <w xml:id="o4987-412130"
            n="204-a-0190"
            ecep:lem="the"
            ecep:pos="dt"
            ecep:reg="the"
            ecep:spe="the"
            ecep:syllab="1"
            ecep:pron="ðiː">the</w>
         <c> </c>
         <w xml:id="o4987-412140"
            n="204-a-0200"
            ecep:lem="flower"
            ecep:pos="n2"
            ecep:reg="flowers"
            ecep:spe="flowers"
            ecep:syllab="1"
            ecep:pron="ˈflaʊəz">flowers</w>
         <pc xml:id="o4987-412150"
             n="204-a-0210"
             ecep:lem=","
             ecep:pos=","
             ecep:reg=","
             ecep:spe=",">,</pc>
      </l>
      <l xml:id="o4987-l22345">
         <c> </c>
         <w xml:id="o4987-412160"
            n="204-a-0220"
            ecep:lem="bring"
            ecep:pos="vvb"
            ecep:reg="Bring"
            ecep:spe="Bring"
            ecep:syllab="1"
            ecep:pron="brɪŋ">Bring</w>
         <c> </c>
         <w xml:id="o4987-412170"
            n="204-a-0230"
            ecep:lem="the"
            ecep:pos="dt"
            ecep:reg="the"
            ecep:spe="the"
            ecep:syllab="1"
            ecep:pron="ðiː">the</w>
         <c> </c>
         <w xml:id="o4987-412180"
            n="204-a-0240"
            ecep:lem="moral"
            ecep:pos="n1"
            ecep:reg="moral"
            ecep:spe="moral"
            ecep:syllab="2"
            ecep:pron="ˈmɒrəl">moral</w>
         <c> </c>
         <w xml:id="o4987-412190"
            n="204-a-0250"
            ecep:lem="home"
            ecep:pos="av-an"
            ecep:reg="home"
            ecep:spe="home"
            ecep:syllab="1"
            ecep:pron="həʊm">home</w>
         <c> </c>
         <w xml:id="o4987-412200"
            n="204-a-0260"
            ecep:lem="to"
            ecep:pos="p-acp"
            ecep:reg="to"
            ecep:spe="to"
            ecep:syllab="1"
            ecep:pron="tuː">to</w>
         <c> </c>
         <w xml:id="o4987-412210"
            n="204-a-0270"
            ecep:lem="i"
            ecep:pos="pno11"
            ecep:reg="me"
            ecep:spe="me"
            ecep:syllab="1"
            ecep:pron="miː">me</w>
         <pc xml:id="o4987-412220"
             n="204-a-0280"
             ecep:lem=","
             ecep:pos=","
             ecep:reg=","
             ecep:spe=",">,</pc>
      </l>
      <l xml:id="o4987-l22350">
         <c> </c>
         <w xml:id="o4987-412230"
            n="204-a-0290"
            ecep:lem="bid"
            ecep:pos="vvb"
            ecep:reg="Bid"
            ecep:spe="Bid"
            ecep:syllab="1"
            ecep:pron="bɪd">Bid</w>
         <c> </c>
         <w xml:id="o4987-412240"
            n="204-a-0300"
            ecep:lem="i"
            ecep:pos="pno11"
            ecep:reg="me"
            ecep:spe="me"
            ecep:syllab="1"
            ecep:pron="miː">me</w>
         <c> </c>
         <w xml:id="o4987-412250"
            n="204-a-0310"
            ecep:lem="fleet"
            ecep:pos="j-vvg"
            ecep:reg="fleeting"
            ecep:spe="fleeting"
            ecep:syllab="2"
            ecep:pron="ˈfliːtɪŋ">fleeting</w>
         <c> </c>
         <w xml:id="o4987-412260"
            n="204-a-0320"
            ecep:lem="life"
            ecep:pos="n1"
            ecep:reg="life"
            ecep:spe="life"
            ecep:syllab="1"
            ecep:pron="laɪf">life</w>
         <c> </c>
         <w xml:id="o4987-412270"
            n="204-a-0330"
            ecep:lem="despise"
            ecep:pos="vvi"
            ecep:reg="despise"
            ecep:spe="despise"
            ecep:syllab="2"
            ecep:pron="diˈspaɪz">despise</w>
         <pc xml:id="o4987-412280"
             n="204-a-0340"
             ecep:lem=","
             ecep:pos=","
             ecep:reg=","
             ecep:spe=",">,</pc>
      </l>
      <l xml:id="o4987-l22355">
         <c> </c>
         <w xml:id="o4987-412290"
            n="204-a-0350"
            ecep:lem="make"
            ecep:pos="vvb"
            ecep:reg="Make"
            ecep:spe="Make"
            ecep:syllab="1"
            ecep:pron="meɪk">Make</w>
         <c> </c>
         <w xml:id="o4987-412300"
            n="204-a-0360"
            ecep:lem="i"
            ecep:pos="pno11"
            ecep:reg="me"
            ecep:spe="me"
            ecep:syllab="1"
            ecep:pron="miː">me</w>
         <c> </c>
         <w xml:id="o4987-412310"
            n="204-a-0370"
            ecep:lem="humble"
            ecep:pos="j"
            ecep:reg="humble"
            ecep:spe="humble"
            ecep:syllab="2"
            ecep:pron="ˈhʌmbl">humble</w>
         <pc xml:id="o4987-412320"
             n="204-a-0380"
             ecep:lem=","
             ecep:pos=","
             ecep:reg=","
             ecep:spe=",">,</pc>
         <c> </c>
         <w xml:id="o4987-412330"
            n="204-a-0390"
            ecep:lem="make"
            ecep:pos="vvb"
            ecep:reg="make"
            ecep:spe="make"
            ecep:syllab="1"
            ecep:pron="meɪk">make</w>
         <c> </c>
         <w xml:id="o4987-412340"
            n="204-a-0400"
            ecep:lem="i"
            ecep:pos="pno11"
            ecep:reg="me"
            ecep:spe="me"
            ecep:syllab="1"
            ecep:pron="miː">me</w>
         <c> </c>
         <w xml:id="o4987-412350"
            n="204-a-0410"
            ecep:lem="wise"
            ecep:pos="j"
            ecep:reg="wise"
            ecep:spe="wise"
            ecep:syllab="1"
            ecep:pron="waɪz">wise</w>
         <pc xml:id="o4987-412360"
             n="204-a-0420"
             unit="sentence"
             ecep:lem="."
             ecep:pos="."
             ecep:reg="."
             ecep:spe=".">.</pc>
         <c> </c>
      </l>
   </lg>
   <lg xml:id="o4987-s03100">
      <l xml:id="o4987-l22360">
         <w xml:id="o4987-412390"
            n="204-a-0430"
            ecep:lem="pride"
            ecep:pos="n1"
            ecep:reg="Pride"
            ecep:spe="Pride"
            ecep:syllab="1"
            ecep:pron="praɪd">Pride</w>
         <c> </c>
         <w xml:id="o4987-412400"
            n="204-a-0440"
            ecep:lem="within"
            ecep:pos="p-acp"
            ecep:reg="within"
            ecep:spe="within"
            ecep:syllab="2"
            ecep:pron="wɪðˈɪn">within</w>
         <c> </c>
         <w xml:id="o4987-412410"
            n="204-a-0450"
            ecep:lem="my"
            ecep:pos="po11"
            ecep:reg="my"
            ecep:spe="my"
            ecep:syllab="1"
            ecep:pron="maɪ">my</w>
         <c> </c>
         <w xml:id="o4987-412420"
            n="204-a-0460"
            ecep:lem="lowly"
            ecep:pos="j"
            ecep:reg="lowly"
            ecep:spe="lowly"
            ecep:syllab="2"
            ecep:pron="ˈləʊli">lowly</w>
         <c> </c>
         <w xml:id="o4987-412430"
            n="204-a-0470"
            ecep:lem="cell"
            ecep:pos="n1"
            ecep:reg="cell"
            ecep:spe="cell"
            ecep:syllab="1"
            ecep:pron="sel">cell</w>
      </l>
      <l xml:id="o4987-l22365">
         <c> </c>
         <w xml:id="o4987-412440"
            n="204-a-0480"
            ecep:lem="never"
            ecep:pos="av-x"
            ecep:reg="Never"
            ecep:spe="Never"
            ecep:syllab="2"
            ecep:pron="ˈnevə">Never</w>
         <c> </c>
         <w xml:id="o4987-412450"
            n="204-a-0490"
            ecep:lem="yet"
            ecep:pos="av"
            ecep:reg="yet"
            ecep:spe="yet"
            ecep:syllab="1"
            ecep:pron="jet">yet</w>
         <c> </c>
         <w xml:id="o4987-412460"
            n="204-a-0500"
            ecep:lem="uprear"
            ecep:pos="vvd"
            ecep:reg="upreared"
            ecep:spe="up-rear'd"
            ecep:syllab="2"
            ecep:pron="ʌpˌrɪəd">up-rear'd</w>
         <c> </c>
         <w xml:id="o4987-412470"
            n="204-a-0510"
            ecep:lem="her"
            ecep:pos="po31"
            ecep:reg="her"
            ecep:spe="her"
            ecep:syllab="1"
            ecep:pron="hɜː">her</w>
         <c> </c>
         <w xml:id="o4987-412480"
            n="204-a-0520"
            ecep:lem="head"
            ecep:pos="n1"
            ecep:reg="head"
            ecep:spe="head"
            ecep:syllab="1"
            ecep:pron="hed">head</w>
         <pc xml:id="o4987-412490"
             n="204-a-0530"
             ecep:lem=","
             ecep:pos=","
             ecep:reg=","
             ecep:spe=",">,</pc>
      </l>
      <l xml:id="o4987-l22370">
         <c> </c>
         <w xml:id="o4987-412500"
            n="204-a-0540"
            ecep:lem="solitude"
            ecep:pos="n1"
            ecep:reg="Solitude"
            ecep:spe="Solitude"
            ecep:syllab="3"
            ecep:pron="ˈsɒlətjuːd">Solitude</w>
         <pc xml:id="o4987-412510"
             n="204-a-0550"
             ecep:lem=","
             ecep:pos=","
             ecep:reg=","
             ecep:spe=",">,</pc>
         <c> </c>
         <w xml:id="o4987-412520"
            n="204-a-0560"
            ecep:lem="with"
            ecep:pos="p-acp"
            ecep:reg="with"
            ecep:spe="with"
            ecep:syllab="1"
            ecep:pron="wɪð">with</w>
         <c> </c>
         <w xml:id="o4987-412530"
            n="204-a-0570"
            ecep:lem="thou"
            ecep:pos="pno21"
            ecep:reg="thee"
            ecep:spe="thee"
            ecep:syllab="1"
            ecep:pron="ðiː">thee</w>
         <c> </c>
         <w xml:id="o4987-412540"
            n="204-a-0580"
            ecep:lem="i|will"
            ecep:pos="pns11|vmb"
            ecep:reg="I'll"
            ecep:spe="I'll"
            ecep:syllab="1"
            ecep:pron="ˈaɪl">I'll</w>
         <c> </c>
         <w xml:id="o4987-412550"
            n="204-a-0590"
            ecep:lem="dwell"
            ecep:pos="vvi"
            ecep:reg="dwell"
            ecep:spe="dwell"
            ecep:syllab="1"
            ecep:pron="dwel">dwell</w>
         <pc xml:id="o4987-412560"
             n="204-a-0600"
             unit="sentence"
             ecep:lem="!"
             ecep:pos="!"
             ecep:reg="!"
             ecep:spe="!">!</pc>
         <c> </c>
      </l>
      <l xml:id="o4987-l22375">
         <w xml:id="o4987-412570"
            n="204-a-0610"
            ecep:lem="pride"
            ecep:pos="n1"
            ecep:reg="Pride"
            ecep:spe="Pride"
            ecep:syllab="1"
            ecep:pron="praɪd">Pride</w>
         <c> </c>
         <w xml:id="o4987-412580"
            n="204-a-0620"
            ecep:lem="with"
            ecep:pos="p-acp"
            ecep:reg="with"
            ecep:spe="with"
            ecep:syllab="1"
            ecep:pron="wɪð">with</w>
         <c> </c>
         <w xml:id="o4987-412590"
            n="204-a-0630"
            ecep:lem="i"
            ecep:pos="pno11"
            ecep:reg="me"
            ecep:spe="me"
            ecep:syllab="1"
            ecep:pron="miː">me</w>
         <c> </c>
         <w xml:id="o4987-412600"
            n="204-a-0640"
            ecep:lem="be"
            ecep:pos="vbz"
            ecep:reg="is"
            ecep:spe="is"
            ecep:syllab="1"
            ecep:pron="ɪz">is</w>
         <c> </c>
         <w xml:id="o4987-412610"
            n="204-a-0650"
            ecep:lem="long"
            ecep:pos="j"
            ecep:reg="long"
            ecep:spe="long"
            ecep:syllab="1"
            ecep:pron="lɒŋ">long</w>
         <c> </c>
         <w xml:id="o4987-412620"
            n="204-a-0660"
            ecep:lem="since"
            ecep:pos="c-acp"
            ecep:reg="since"
            ecep:spe="since"
            ecep:syllab="1"
            ecep:pron="sɪns">since</w>
         <c> </c>
         <w xml:id="o4987-412630"
            n="204-a-0670"
            ecep:lem="dead"
            ecep:pos="j"
            ecep:reg="dead"
            ecep:spe="dead"
            ecep:syllab="1"
            ecep:pron="ded">dead</w>
         <pc xml:id="o4987-412640"
             n="204-a-0680"
             ecep:lem=":"
             ecep:pos=":"
             ecep:reg=":"
             ecep:spe=":">:</pc>
      </l>
      <l xml:id="o4987-l22380">
         <c> </c>
         <w xml:id="o4987-412650"
            n="204-a-0690"
            ecep:lem="cold"
            ecep:pos="j-jn"
            ecep:reg="Cold"
            ecep:spe="Cold"
            ecep:syllab="1"
            ecep:pron="kəʊld">Cold</w>
         <c> </c>
         <w xml:id="o4987-412660"
            n="204-a-0700"
            ecep:lem="to"
            ecep:pos="p-acp"
            ecep:reg="to"
            ecep:spe="to"
            ecep:syllab="1"
            ecep:pron="tuː">to</w>
         <c> </c>
         <w xml:id="o4987-412670"
            n="204-a-0710"
            ecep:lem="pleasure"
            ecep:pos="n1"
            ecep:reg="Pleasure"
            ecep:spe="Pleasure"
            ecep:syllab="2"
            ecep:pron="ˈpleʒə">Pleasure</w>
         <pc xml:id="o4987-412680"
             n="204-a-0720"
             ecep:lem=","
             ecep:pos=","
             ecep:reg=","
             ecep:spe=",">,</pc>
         <c> </c>
         <w xml:id="o4987-412690"
            n="204-a-0730"
            ecep:lem="deaf"
            ecep:pos="j"
            ecep:reg="deaf"
            ecep:spe="deaf"
            ecep:syllab="1"
            ecep:pron="def">deaf</w>
         <c> </c>
         <w xml:id="o4987-412700"
            n="204-a-0740"
            ecep:lem="to"
            ecep:pos="p-acp"
            ecep:reg="to"
            ecep:spe="to"
            ecep:syllab="1"
            ecep:pron="tuː">to</w>
         <c> </c>
         <w xml:id="o4987-412710"
            n="204-a-0750"
            ecep:lem="praise"
            ecep:pos="n1"
            ecep:reg="Praise"
            ecep:spe="Praise"
            ecep:syllab="1"
            ecep:pron="preɪz">Praise</w>
         <pc xml:id="o4987-412720"
             n="204-a-0760"
             ecep:lem=","
             ecep:pos=","
             ecep:reg=","
             ecep:spe=",">,</pc>
      </l>
      <l xml:id="o4987-l22385">
         <c> </c>
         <w xml:id="o4987-412730"
            n="204-a-0770"
            ecep:lem="here"
            ecep:pos="av"
            ecep:reg="Here"
            ecep:spe="Here"
            ecep:syllab="1"
            ecep:pron="hɪə">Here</w>
         <c> </c>
         <w xml:id="o4987-412740"
            n="204-a-0780"
            ecep:lem="i"
            ecep:pos="pns11"
            ecep:reg="I"
            ecep:spe="I"
            ecep:syllab="1"
            ecep:pron="aɪ">I</w>
         <c> </c>
         <w xml:id="o4987-412750"
            n="204-a-0790"
            ecep:lem="wish"
            ecep:pos="vvb"
            ecep:reg="wish"
            ecep:spe="wish"
            ecep:syllab="1"
            ecep:pron="wɪʃ">wish</w>
         <c> </c>
         <w xml:id="o4987-412760"
            n="204-a-0800"
            ecep:lem="to"
            ecep:pos="pc-acp"
            ecep:reg="to"
            ecep:spe="to"
            ecep:syllab="1"
            ecep:pron="tuː">to</w>
         <c> </c>
         <w xml:id="o4987-412770"
            n="204-a-0810"
            ecep:lem="end"
            ecep:pos="vvi"
            ecep:reg="end"
            ecep:spe="end"
            ecep:syllab="1"
            ecep:pron="end">end</w>
         <c> </c>
         <w xml:id="o4987-412780"
            n="204-a-0820"
            ecep:lem="my"
            ecep:pos="po11"
            ecep:reg="my"
            ecep:spe="my"
            ecep:syllab="1"
            ecep:pron="maɪ">my</w>
         <c> </c>
         <w xml:id="o4987-412790"
            n="204-a-0830"
            ecep:lem="day"
            ecep:pos="n2"
            ecep:reg="days"
            ecep:spe="days"
            ecep:syllab="1"
            ecep:pron="deɪz">days</w>
         <pc xml:id="o4987-412800"
             n="204-a-0840"
             unit="sentence"
             ecep:lem="."
             ecep:pos="."
             ecep:reg="."
             ecep:spe=".">.</pc>
         <c> </c>
      </l>
   </lg>
</div>
