<?xml version="1.0" encoding="UTF-8"?>
<?xml-model href="../tei_all.rnc" type="application/relax-ng-compact-syntax"?>
<TEI xmlns="http://www.tei-c.org/ns/1.0">
   <teiHeader>
      <fileDesc>
         <titleStmt>
            <title corresp="#txt_FincAn1661_w0076">A SONG.</title>
            <author corresp="authors.xml#aut_FincAn1661">Anne Finch (née Kingsmill), countess of Winchilsea</author>
            <respStmt>
               <name xml:id="AH">Alexander Huber</name>
               <resp>Editor</resp>
            </respStmt>
            <funder>
               <name type="institution" xml:id="BOD">Bodleian Libraries, University of Oxford</name>
               <address>
                  <addrLine>Broad Street</addrLine>
                  <addrLine>Oxford OX1 3BG</addrLine>
                  <addrLine>UK</addrLine>
               </address>
            </funder>
         </titleStmt>
         <publicationStmt>
            <publisher xml:id="ECPA">Eighteenth-Century Poetry Archive</publisher>
            <address>
               <addrLine>Taylor Institution Library</addrLine>
               <addrLine>St Giles'</addrLine>
               <addrLine>Oxford OX1 3NA</addrLine>
               <addrLine>UK</addrLine>
               <addrLine>
                  <email>info@eighteenthcenturypoetry.org</email>
               </addrLine>
               <addrLine>
                  <ref target="https://www.eighteenthcenturypoetry.org/">https://www.eighteenthcenturypoetry.org/</ref>
               </addrLine>
            </address>
            <pubPlace>Oxford</pubPlace>
            <availability status="restricted">
               <licence target="http://creativecommons.org/licenses/by-sa/3.0/">This work is licensed under a Creative Commons Attribution-ShareAlike 3.0 Unported License.</licence>
            </availability>
            <idno type="ESTC">T94539</idno>
            <idno type="FOXON">pp. 274-5</idno>
            <idno type="TCP">K076314.000</idno>
         </publicationStmt>
         <sourceDesc>
            <bibl>
               <author>Winchilsea, Anne Kingsmill Finch, Countess of, 1661-1720.</author>
               <title>Miscellany poems, on several occasions: Written by the Right Honble Anne, Countess of Winchilsea.</title>
               <pubPlace>London</pubPlace>
               <publisher>printed for J. B. and sold by Benj. Tooke, William Taylor, and James Round</publisher>
               <date>1713</date>
               <biblScope>p. 270.</biblScope>
               <extent>[8],390p. ; 8⁰.</extent>
            </bibl>
         </sourceDesc>
      </fileDesc>
      <encodingDesc>
         <projectDesc>
            <p>This e-text is part of the Works section of the Eighteenth-Century Poetry Archive (ECPA).</p>
            <p>XML created for the Eighteenth-Century Poetry Archive (ECPA).</p>
         </projectDesc>
         <editorialDecl>
            <p>The text has been typographically modernized, but without any silent modernization of
						spelling, capitalization, or punctuation. The source of the text is given and all editorial interventions
						have been recorded in textual notes. Based on the electronic text originally produced by the TCP project, this  text has been edited to conform to the recommendations found in Level 5 of the
						Best Practices for TEI in Libraries version 4.0.0.
					</p>
         </editorialDecl>
         <classDecl>
            <taxonomy xml:id="LCNAF">
               <bibl>Library of Congress Name Authority File (<abbr>LCNAF</abbr>)</bibl>
            </taxonomy>
         </classDecl>
         <tagsDecl>
            <rendition n="linegroups indented" xml:id="lgindent" scheme="css">text-indent: 1em;</rendition>
            <rendition n="linegroups vertically spaced" xml:id="lgvspace" scheme="css">margin-bottom: 1em;</rendition>
            <rendition n="aligned centrally" xml:id="align-center" scheme="css">text-align: center;</rendition>
            <rendition n="aligned right" xml:id="align-right" scheme="css">text-align: right;</rendition>
            <rendition n="aligned left" xml:id="align-left" scheme="css">text-align: left;</rendition>
            <rendition n="inline" xml:id="inline" scheme="css">display: inline</rendition>
            <rendition n="italic" xml:id="i" scheme="css">font-style: italic;</rendition>
            <rendition n="bold" xml:id="b" scheme="css">font-weight: bold;</rendition>
         </tagsDecl>
      </encodingDesc>
   </teiHeader>
   <text>
      <body>
         <div xmlns:ecep="http://www.eighteenthcenturypoetry.org/ns"
              xmlns:tei="http://www.tei-c.org/ns/1.0"
              ana="#iamb #tetrameter #tail #quintet #song"
              corresp="#txt_FincAn1661_w0076"
              decls="#semi-normalized"
              ecep:syllab="8.8.8.8.8"
              met="-+|-+|-+|-+/ -+|-+|-+|-+/ -+|-+|-+|-+/ -+|-+|-+|-+/ -+|-+|-+|-+/"
              rendition="#lgvspace"
              rhyme="abaab"
              subtype="eceptext"
              type="poem"
              xml:id="o4784-w0760">
            <link target="authors.xml#aut_FincAn1661" type="author"/>
            <link target="23624" type="DMI"/>
            <head type="main">
               <w xml:id="o4784-417060"
                  n="278-a-0010"
                  ecep:lem="a"
                  ecep:pos="dt"
                  ecep:reg="A"
                  ecep:spe="A"
                  ecep:syllab="1"
                  ecep:pron="ə">A</w>
               <c> </c>
               <hi>
                  <w xml:id="o4784-417070"
                     n="278-a-0020"
                     ecep:lem="song"
                     ecep:pos="n1"
                     ecep:reg="SONG"
                     ecep:spe="SONG"
                     ecep:syllab="1"
                     ecep:pron="sɒŋ">SONG</w>
                  <pc xml:id="o4784-417080"
                      n="278-a-0030"
                      unit="sentence"
                      ecep:lem="."
                      ecep:pos="."
                      ecep:reg="."
                      ecep:spe=".">.</pc>
                  <c> </c>
               </hi>
            </head>
            <lg xml:id="o4784-s01645">
               <l xml:id="o4784-l22600">
                  <w xml:id="o4784-417110"
                     n="278-a-0040"
                     ecep:lem="love"
                     ecep:pos="n1"
                     ecep:reg="LOVE"
                     ecep:spe="LOVE"
                     ecep:syllab="1"
                     ecep:pron="lʌv">LOVE</w>
                  <pc xml:id="o4784-417120"
                      n="278-a-0050"
                      ecep:lem=","
                      ecep:pos=","
                      ecep:reg=","
                      ecep:spe=",">,</pc>
                  <c> </c>
                  <w xml:id="o4784-417130"
                     n="278-a-0060"
                     ecep:lem="thou"
                     ecep:pos="pns21"
                     ecep:reg="thou"
                     ecep:spe="thou"
                     ecep:syllab="1"
                     ecep:pron="θaʊ">thou</w>
                  <c> </c>
                  <w xml:id="o4784-417140"
                     n="278-a-0070"
                     ecep:lem="be"
                     ecep:pos="vb2r"
                     ecep:reg="art"
                     ecep:spe="art"
                     ecep:syllab="1"
                     ecep:pron="ɑːt">art</w>
                  <c> </c>
                  <w xml:id="o4784-417150"
                     n="278-a-0080"
                     ecep:lem="best"
                     ecep:pos="js"
                     ecep:reg="best"
                     ecep:spe="best"
                     ecep:syllab="1"
                     ecep:pron="best">best</w>
                  <c> </c>
                  <w xml:id="o4784-417160"
                     n="278-a-0090"
                     ecep:lem="of"
                     ecep:pos="pp-f"
                     ecep:reg="of"
                     ecep:spe="of"
                     ecep:syllab="1"
                     ecep:pron="ɒv">of</w>
                  <c> </c>
                  <w xml:id="o4784-417170"
                     n="278-a-0100"
                     ecep:lem="human"
                     ecep:pos="j"
                     ecep:reg="Human"
                     ecep:spe="Human"
                     ecep:syllab="2"
                     ecep:pron="ˈhjuːmən">Human</w>
                  <c> </c>
                  <w xml:id="o4784-417180"
                     n="278-a-0110"
                     ecep:lem="joy"
                     ecep:pos="n2"
                     ecep:reg="Joys"
                     ecep:spe="Joys"
                     ecep:syllab="1"
                     ecep:pron="dʒɔɪz">Joys</w>
                  <pc xml:id="o4784-417190"
                      n="278-a-0120"
                      ecep:lem=","
                      ecep:pos=","
                      ecep:reg=","
                      ecep:spe=",">,</pc>
               </l>
               <l xml:id="o4784-l22605">
                  <c> </c>
                  <w xml:id="o4784-417200"
                     n="278-a-0130"
                     ecep:lem="our"
                     ecep:pos="po12"
                     ecep:reg="Our"
                     ecep:spe="Our"
                     ecep:syllab="1"
                     ecep:pron="æə">Our</w>
                  <c> </c>
                  <w xml:id="o4784-417210"
                     n="278-a-0140"
                     ecep:lem="chief"
                     ecep:pos="js-jn"
                     ecep:reg="chiefest"
                     ecep:spe="chiefest"
                     ecep:syllab="2"
                     ecep:pron="ˈtʃiːfɪst">chiefest</w>
                  <c> </c>
                  <w xml:id="o4784-417220"
                     n="278-a-0150"
                     ecep:lem="happiness"
                     ecep:pos="n1"
                     ecep:reg="Happiness"
                     ecep:spe="Happiness"
                     ecep:syllab="3"
                     ecep:pron="ˈhæpɪnəs">Happiness</w>
                  <c> </c>
                  <w xml:id="o4784-417230"
                     n="278-a-0160"
                     ecep:lem="below"
                     ecep:pos="a-acp"
                     ecep:reg="below"
                     ecep:spe="below"
                     ecep:syllab="2"
                     ecep:pron="bɪˈləʊ">below</w>
                  <pc xml:id="o4784-417240"
                      n="278-a-0170"
                      ecep:lem=";"
                      ecep:pos=";"
                      ecep:reg=";"
                      ecep:spe=";">;</pc>
               </l>
               <l xml:id="o4784-l22610">
                  <c> </c>
                  <w xml:id="o4784-417250"
                     n="278-a-0180"
                     ecep:lem="all"
                     ecep:pos="d"
                     ecep:reg="All"
                     ecep:spe="All"
                     ecep:syllab="1"
                     ecep:pron="ɔːl">All</w>
                  <c> </c>
                  <w xml:id="o4784-417260"
                     n="278-a-0190"
                     ecep:lem="other"
                     ecep:pos="j-jn"
                     ecep:reg="other"
                     ecep:spe="other"
                     ecep:syllab="2"
                     ecep:pron="ˈʌðə">other</w>
                  <c> </c>
                  <w xml:id="o4784-417270"
                     n="278-a-0200"
                     ecep:lem="pleasure"
                     ecep:pos="n2"
                     ecep:reg="Pleasures"
                     ecep:spe="Pleasures"
                     ecep:syllab="2"
                     ecep:pron="ˈpleʒəz">Pleasures</w>
                  <c> </c>
                  <w xml:id="o4784-417280"
                     n="278-a-0210"
                     ecep:lem="be"
                     ecep:pos="vbr"
                     ecep:reg="are"
                     ecep:spe="are"
                     ecep:syllab="1"
                     ecep:pron="ɑː">are</w>
                  <c> </c>
                  <w xml:id="o4784-417290"
                     n="278-a-0220"
                     ecep:lem="but"
                     ecep:pos="p-acp"
                     ecep:reg="but"
                     ecep:spe="but"
                     ecep:syllab="1"
                     ecep:pron="bʌt">but</w>
                  <c> </c>
                  <w xml:id="o4784-417300"
                     n="278-a-0230"
                     ecep:lem="toy"
                     ecep:pos="n2"
                     ecep:reg="Toys"
                     ecep:spe="Toys"
                     ecep:syllab="1"
                     ecep:pron="tɔɪz">Toys</w>
                  <pc xml:id="o4784-417310"
                      n="278-a-0240"
                      ecep:lem=","
                      ecep:pos=","
                      ecep:reg=","
                      ecep:spe=",">,</pc>
               </l>
               <l xml:id="o4784-l22615">
                  <c> </c>
                  <w xml:id="o4784-417320"
                     n="278-a-0250"
                     ecep:lem="music"
                     ecep:pos="n1"
                     ecep:reg="Music"
                     ecep:spe="Musick"
                     ecep:syllab="2"
                     ecep:pron="mjˈuːzɪk">Musick</w>
                  <c> </c>
                  <w xml:id="o4784-417330"
                     n="278-a-0260"
                     ecep:lem="without"
                     ecep:pos="p-acp"
                     ecep:reg="without"
                     ecep:spe="without"
                     ecep:syllab="2"
                     ecep:pron="wɪˈðaʊt">without</w>
                  <c> </c>
                  <w xml:id="o4784-417340"
                     n="278-a-0270"
                     ecep:lem="thou"
                     ecep:pos="pno21"
                     ecep:reg="Thee"
                     ecep:spe="Thee"
                     ecep:syllab="1"
                     ecep:pron="ðiː">Thee</w>
                  <c> </c>
                  <w xml:id="o4784-417350"
                     n="278-a-0280"
                     ecep:lem="be"
                     ecep:pos="vbz"
                     ecep:reg="is"
                     ecep:spe="is"
                     ecep:syllab="1"
                     ecep:pron="ɪz">is</w>
                  <c> </c>
                  <w xml:id="o4784-417360"
                     n="278-a-0290"
                     ecep:lem="but"
                     ecep:pos="p-acp"
                     ecep:reg="but"
                     ecep:spe="but"
                     ecep:syllab="1"
                     ecep:pron="bʌt">but</w>
                  <c> </c>
                  <w xml:id="o4784-417370"
                     n="278-a-0300"
                     ecep:lem="noise"
                     ecep:pos="n1"
                     ecep:reg="Noise"
                     ecep:spe="Noise"
                     ecep:syllab="1"
                     ecep:pron="nɔɪz">Noise</w>
                  <pc xml:id="o4784-417380"
                      n="278-a-0310"
                      ecep:lem=","
                      ecep:pos=","
                      ecep:reg=","
                      ecep:spe=",">,</pc>
               </l>
               <l xml:id="o4784-l22620">
                  <c> </c>
                  <w xml:id="o4784-417390"
                     n="278-a-0320"
                     ecep:lem="and"
                     ecep:pos="cc"
                     ecep:reg="And"
                     ecep:spe="And"
                     ecep:syllab="1"
                     ecep:pron="ænd">And</w>
                  <c> </c>
                  <w xml:id="o4784-417400"
                     n="278-a-0330"
                     ecep:lem="beauty"
                     ecep:pos="n1"
                     ecep:reg="Beauty"
                     ecep:spe="Beauty"
                     ecep:syllab="2"
                     ecep:pron="ˈbjuːti">Beauty</w>
                  <c> </c>
                  <w xml:id="o4784-417410"
                     n="278-a-0340"
                     ecep:lem="but"
                     ecep:pos="p-acp"
                     ecep:reg="but"
                     ecep:spe="but"
                     ecep:syllab="1"
                     ecep:pron="bʌt">but</w>
                  <c> </c>
                  <w xml:id="o4784-417420"
                     n="278-a-0350"
                     ecep:lem="a"
                     ecep:pos="dt"
                     ecep:reg="an"
                     ecep:spe="an"
                     ecep:syllab="1"
                     ecep:pron="æn">an</w>
                  <c> </c>
                  <w xml:id="o4784-417430"
                     n="278-a-0360"
                     ecep:lem="empty"
                     ecep:pos="j"
                     ecep:reg="empty"
                     ecep:spe="empty"
                     ecep:syllab="2"
                     ecep:pron="ˈemti">empty</w>
                  <c> </c>
                  <w xml:id="o4784-417440"
                     n="278-a-0370"
                     ecep:lem="show"
                     ecep:pos="n1"
                     ecep:reg="Show"
                     ecep:spe="Show"
                     ecep:syllab="1"
                     ecep:pron="ʃəʊ">Show</w>
                  <pc xml:id="o4784-417450"
                      n="278-a-0380"
                      unit="sentence"
                      ecep:lem="."
                      ecep:pos="."
                      ecep:reg="."
                      ecep:spe=".">.</pc>
                  <c> </c>
               </l>
            </lg>
            <lg xml:id="o4784-s01650">
               <l xml:id="o4784-l22625">
                  <w xml:id="o4784-417480"
                     n="278-a-0390"
                     ecep:lem="heaven"
                     ecep:pos="n1"
                     ecep:reg="Heaven"
                     ecep:spe="Heav'n"
                     ecep:syllab="1"
                     ecep:pron="ˈhevn">Heav'n</w>
                  <pc xml:id="o4784-417490"
                      n="278-a-0400"
                      ecep:lem=","
                      ecep:pos=","
                      ecep:reg=","
                      ecep:spe=",">,</pc>
                  <c> </c>
                  <w xml:id="o4784-417500"
                     n="278-a-0410"
                     ecep:lem="who"
                     ecep:pos="r-crq"
                     ecep:reg="who"
                     ecep:spe="who"
                     ecep:syllab="1"
                     ecep:pron="huː">who</w>
                  <c> </c>
                  <w xml:id="o4784-417510"
                     n="278-a-0420"
                     ecep:lem="know"
                     ecep:pos="vvd"
                     ecep:reg="knew"
                     ecep:spe="knew"
                     ecep:syllab="1"
                     ecep:pron="njuː">knew</w>
                  <c> </c>
                  <w xml:id="o4784-417520"
                     n="278-a-0430"
                     ecep:lem="best"
                     ecep:pos="js"
                     ecep:reg="best"
                     ecep:spe="best"
                     ecep:syllab="1"
                     ecep:pron="best">best</w>
                  <c> </c>
                  <w xml:id="o4784-417530"
                     n="278-a-0440"
                     ecep:lem="what"
                     ecep:pos="r-crq"
                     ecep:reg="what"
                     ecep:spe="what"
                     ecep:syllab="1"
                     ecep:pron="wɒt">what</w>
                  <c> </c>
                  <w xml:id="o4784-417540"
                     n="278-a-0450"
                     ecep:lem="man"
                     ecep:pos="n1"
                     ecep:reg="Man"
                     ecep:spe="Man"
                     ecep:syllab="1"
                     ecep:pron="mæn">Man</w>
                  <c> </c>
                  <w xml:id="o4784-417550"
                     n="278-a-0460"
                     ecep:lem="will"
                     ecep:pos="vmd"
                     ecep:reg="would"
                     ecep:spe="wou'd"
                     ecep:syllab="1"
                     ecep:pron="wʊd">wou'd</w>
                  <c> </c>
                  <w xml:id="o4784-417560"
                     n="278-a-0470"
                     ecep:lem="move"
                     ecep:pos="vvi"
                     ecep:reg="move"
                     ecep:spe="move"
                     ecep:syllab="1"
                     ecep:pron="muːv">move</w>
                  <pc xml:id="o4784-417570"
                      n="278-a-0480"
                      ecep:lem=","
                      ecep:pos=","
                      ecep:reg=","
                      ecep:spe=",">,</pc>
               </l>
               <l xml:id="o4784-l22630">
                  <c> </c>
                  <w xml:id="o4784-417580"
                     n="278-a-0490"
                     ecep:lem="and"
                     ecep:pos="cc"
                     ecep:reg="And"
                     ecep:spe="And"
                     ecep:syllab="1"
                     ecep:pron="ænd">And</w>
                  <c> </c>
                  <w xml:id="o4784-417590"
                     n="278-a-0500"
                     ecep:lem="raise"
                     ecep:pos="vvi"
                     ecep:reg="raise"
                     ecep:spe="raise"
                     ecep:syllab="1"
                     ecep:pron="reɪz">raise</w>
                  <c> </c>
                  <w xml:id="o4784-417600"
                     n="278-a-0510"
                     ecep:lem="his"
                     ecep:pos="po31"
                     ecep:reg="his"
                     ecep:spe="his"
                     ecep:syllab="1"
                     ecep:pron="hɪz">his</w>
                  <c> </c>
                  <w xml:id="o4784-417610"
                     n="278-a-0520"
                     ecep:lem="thought"
                     ecep:pos="n2"
                     ecep:reg="Thoughts"
                     ecep:spe="Thoughts"
                     ecep:syllab="1"
                     ecep:pron="θɔːts">Thoughts</w>
                  <c> </c>
                  <w xml:id="o4784-417620"
                     n="278-a-0530"
                     ecep:lem="above"
                     ecep:pos="p-acp"
                     ecep:reg="above"
                     ecep:spe="above"
                     ecep:syllab="2"
                     ecep:pron="əˈbʌv">above</w>
                  <c> </c>
                  <w xml:id="o4784-417630"
                     n="278-a-0540"
                     ecep:lem="the"
                     ecep:pos="dt"
                     ecep:reg="the"
                     ecep:spe="the"
                     ecep:syllab="1"
                     ecep:pron="ðiː">the</w>
                  <c> </c>
                  <w xml:id="o4784-417640"
                     n="278-a-0550"
                     ecep:lem="brute"
                     ecep:pos="n1"
                     ecep:reg="Brute"
                     ecep:spe="Brute"
                     ecep:syllab="1"
                     ecep:pron="bruːt">Brute</w>
                  <pc xml:id="o4784-417650"
                      n="278-a-0560"
                      ecep:lem=";"
                      ecep:pos=";"
                      ecep:reg=";"
                      ecep:spe=";">;</pc>
               </l>
               <l xml:id="o4784-l22635">
                  <c> </c>
                  <w xml:id="o4784-417660"
                     n="278-a-0570"
                     ecep:lem="say"
                     ecep:pos="vvd"
                     ecep:reg="Said"
                     ecep:spe="Said"
                     ecep:syllab="1"
                     ecep:pron="sed">Said</w>
                  <pc xml:id="o4784-417670"
                      n="278-a-0580"
                      ecep:lem=","
                      ecep:pos=","
                      ecep:reg=","
                      ecep:spe=",">,</pc>
                  <c> </c>
                  <w xml:id="o4784-417680"
                     n="278-a-0590"
                     ecep:lem="let"
                     ecep:pos="vvb"
                     ecep:reg="Let"
                     ecep:spe="Let"
                     ecep:syllab="1"
                     ecep:pron="let">Let</w>
                  <c> </c>
                  <w xml:id="o4784-417690"
                     n="278-a-0600"
                     ecep:lem="he"
                     ecep:pos="pno31"
                     ecep:reg="him"
                     ecep:spe="him"
                     ecep:syllab="1"
                     ecep:pron="hɪm">him</w>
                  <c> </c>
                  <w xml:id="o4784-417700"
                     n="278-a-0610"
                     ecep:lem="be"
                     ecep:pos="vbi"
                     ecep:reg="Be"
                     ecep:spe="Be"
                     ecep:syllab="1"
                     ecep:pron="biː">Be</w>
                  <pc xml:id="o4784-417710"
                      n="278-a-0620"
                      ecep:lem=","
                      ecep:pos=","
                      ecep:reg=","
                      ecep:spe=",">,</pc>
                  <c> </c>
                  <w xml:id="o4784-417720"
                     n="278-a-0630"
                     ecep:lem="and"
                     ecep:pos="cc"
                     ecep:reg="and"
                     ecep:spe="and"
                     ecep:syllab="1"
                     ecep:pron="ænd">and</w>
                  <c> </c>
                  <w xml:id="o4784-417730"
                     n="278-a-0640"
                     ecep:lem="let"
                     ecep:pos="vvb"
                     ecep:reg="let"
                     ecep:spe="let"
                     ecep:syllab="1"
                     ecep:pron="let">let</w>
                  <c> </c>
                  <w xml:id="o4784-417740"
                     n="278-a-0650"
                     ecep:lem="he"
                     ecep:pos="pno31"
                     ecep:reg="him"
                     ecep:spe="him"
                     ecep:syllab="1"
                     ecep:pron="hɪm">him</w>
                  <c> </c>
                  <w xml:id="o4784-417750"
                     n="278-a-0660"
                     ecep:lem="love"
                     ecep:pos="n1"
                     ecep:reg="Love"
                     ecep:spe="Love"
                     ecep:syllab="1"
                     ecep:pron="lʌv">Love</w>
                  <pc xml:id="o4784-417760"
                      n="278-a-0670"
                      ecep:lem=";"
                      ecep:pos=";"
                      ecep:reg=";"
                      ecep:spe=";">;</pc>
               </l>
               <l xml:id="o4784-l22640">
                  <c> </c>
                  <w xml:id="o4784-417770"
                     n="278-a-0680"
                     ecep:lem="that"
                     ecep:pos="cst"
                     ecep:reg="That"
                     ecep:spe="That"
                     ecep:syllab="1"
                     ecep:pron="ðæt">That</w>
                  <c> </c>
                  <w xml:id="o4784-417780"
                     n="278-a-0690"
                     ecep:lem="must"
                     ecep:pos="vmb"
                     ecep:reg="must"
                     ecep:spe="must"
                     ecep:syllab="1"
                     ecep:pron="mʌst">must</w>
                  <c> </c>
                  <w xml:id="o4784-417790"
                     n="278-a-0700"
                     ecep:lem="alone"
                     ecep:pos="j"
                     ecep:reg="alone"
                     ecep:spe="alone"
                     ecep:syllab="2"
                     ecep:pron="əˈləʊn">alone</w>
                  <c> </c>
                  <w xml:id="o4784-417800"
                     n="278-a-0710"
                     ecep:lem="his"
                     ecep:pos="po31"
                     ecep:reg="his"
                     ecep:spe="his"
                     ecep:syllab="1"
                     ecep:pron="hɪz">his</w>
                  <c> </c>
                  <w xml:id="o4784-417810"
                     n="278-a-0720"
                     ecep:lem="soul"
                     ecep:pos="n1"
                     ecep:reg="Soul"
                     ecep:spe="Soul"
                     ecep:syllab="1"
                     ecep:pron="səʊl">Soul</w>
                  <c> </c>
                  <w xml:id="o4784-417820"
                     n="278-a-0730"
                     ecep:lem="improve"
                     ecep:pos="vvi"
                     ecep:reg="improve"
                     ecep:spe="improve"
                     ecep:syllab="2"
                     ecep:pron="ɪmˈpruːv">improve</w>
                  <pc xml:id="o4784-417830"
                      n="278-a-0740"
                      ecep:lem=","
                      ecep:pos=","
                      ecep:reg=","
                      ecep:spe=",">,</pc>
               </l>
               <l xml:id="o4784-l22645">
                  <c> </c>
                  <w xml:id="o4784-417840"
                     n="278-a-0750"
                     ecep:lem="however"
                     ecep:pos="c-acp"
                     ecep:reg="However"
                     ecep:spe="Howe'er"
                     ecep:syllab="2"
                     ecep:pron="haʊˈeə">Howe'er</w>
                  <c> </c>
                  <w xml:id="o4784-417850"
                     n="278-a-0760"
                     ecep:lem="philosopher"
                     ecep:pos="n2"
                     ecep:reg="Philosophers"
                     ecep:spe="Philosophers"
                     ecep:syllab="4"
                     ecep:pron="fɪˈlɒsəfəz">Philosophers</w>
                  <c> </c>
                  <w xml:id="o4784-417860"
                     n="278-a-0770"
                     ecep:lem="dispute"
                     ecep:pos="vvi"
                     ecep:reg="dispute"
                     ecep:spe="dispute"
                     ecep:syllab="2"
                     ecep:pron="dɪˈspjuːt">dispute</w>
                  <pc xml:id="o4784-417870"
                      n="278-a-0780"
                      unit="sentence"
                      ecep:lem="."
                      ecep:pos="."
                      ecep:reg="."
                      ecep:spe=".">.</pc>
                  <c> </c>
               </l>
            </lg>
         </div>
      </body>
   </text>
</TEI>
