<?xml version="1.0" encoding="utf-8"?>
<!DOCTYPE div
  SYSTEM "about:legacy-compat">
<div xmlns:ecep="http://www.eighteenthcenturypoetry.org/ns"
     xmlns="http://www.tei-c.org/ns/1.0"
     xmlns:tei="http://www.tei-c.org/ns/1.0"
     ana="#iamb #pentameter #quatrain #heroicquatrain #cross #elegy"
     corresp="#txt_WillHe1759_w0035"
     decls="#semi-normalized"
     ecep:syllab="10.10.10.10"
     met="-+|-+|-+|-+|-+/ -+|-+|-+|-+|-+/ -+|-+|-+|-+|-+/ -+|-+|-+|-+|-+/"
     rendition="#lgvspace"
     rhyme="abab"
     subtype="eceptext"
     type="poem"
     xml:id="bhw18-w0350">
   <link target="authors.xml#aut_WillHe1759" type="author"/>
   <head type="main">
      <w xml:id="bhw18-405880"
         n="a-0010"
         ecep:lem="elegy"
         ecep:pos="n1"
         ecep:reg="ELEGY"
         ecep:spe="ELEGY"
         ecep:syllab="3"
         ecep:pron="ˈelədʒi">ELEGY</w>
      <c> </c>
      <w xml:id="bhw18-405890"
         n="a-0020"
         ecep:lem="on"
         ecep:pos="p-acp"
         ecep:reg="ON"
         ecep:spe="ON"
         ecep:syllab="1"
         ecep:pron="ɒn">ON</w>
      <c> </c>
      <w xml:id="bhw18-405900"
         n="a-0030"
         ecep:lem="a"
         ecep:pos="dt"
         ecep:reg="A"
         ecep:spe="A"
         ecep:syllab="1"
         ecep:pron="ə">A</w>
      <c> </c>
      <w xml:id="bhw18-405910"
         n="a-0040"
         ecep:lem="young"
         ecep:pos="j"
         ecep:reg="YOUNG"
         ecep:spe="YOUNG"
         ecep:syllab="1"
         ecep:pron="jʌŋ">YOUNG</w>
      <c> </c>
      <w xml:id="bhw18-405920"
         n="a-0050"
         ecep:lem="thrush"
         ecep:pos="n1"
         ecep:reg="THRUSH"
         ecep:spe="THRUSH"
         ecep:syllab="1"
         ecep:pron="θrʌʃ">THRUSH</w>
      <pc xml:id="bhw18-405930"
          n="a-0060"
          ecep:lem=","
          ecep:pos=","
          ecep:reg=","
          ecep:spe=",">,</pc>
   </head>
   <head type="sub">
      <w xml:id="bhw18-405960"
         n="a-0070"
         ecep:lem="which"
         ecep:pos="r-crq"
         ecep:reg="WHICH"
         ecep:spe="WHICH"
         ecep:syllab="1"
         ecep:pron="wɪtʃ">WHICH</w>
      <c> </c>
      <w xml:id="bhw18-405970"
         n="a-0080"
         ecep:lem="escape"
         ecep:pos="vvn"
         ecep:reg="ESCAPED"
         ecep:spe="ESCAPED"
         ecep:syllab="2"
         ecep:pron="ɪˈskeɪpt">ESCAPED</w>
      <c> </c>
      <w xml:id="bhw18-405980"
         n="a-0090"
         ecep:lem="from"
         ecep:pos="p-acp"
         ecep:reg="FROM"
         ecep:spe="FROM"
         ecep:syllab="1"
         ecep:pron="frɒm">FROM</w>
      <c> </c>
      <w xml:id="bhw18-405990"
         n="a-0100"
         ecep:lem="the"
         ecep:pos="dt"
         ecep:reg="THE"
         ecep:spe="THE"
         ecep:syllab="1"
         ecep:pron="ðiː">THE</w>
      <c> </c>
      <w xml:id="bhw18-406000"
         n="a-0110"
         ecep:lem="writer"
         ecep:pos="ng1"
         ecep:reg="WRITER'S"
         ecep:spe="WRITER'S"
         ecep:syllab="2"
         ecep:pron="ˈraɪtəz">WRITER'S</w>
      <c> </c>
      <w xml:id="bhw18-406010"
         n="a-0120"
         ecep:lem="hand"
         ecep:pos="n1"
         ecep:reg="HAND"
         ecep:spe="HAND"
         ecep:syllab="1"
         ecep:pron="hænd">HAND</w>
      <pc xml:id="bhw18-406020"
          n="a-0130"
          ecep:lem=","
          ecep:pos=","
          ecep:reg=","
          ecep:spe=",">,</pc>
      <c> </c>
      <w xml:id="bhw18-406030"
         n="a-0140"
         ecep:lem="and"
         ecep:pos="cc"
         ecep:reg="AND"
         ecep:spe="AND"
         ecep:syllab="1"
         ecep:pron="ænd">AND</w>
      <c> </c>
      <w xml:id="bhw18-406040"
         n="a-0150"
         ecep:lem="fall"
         ecep:pos="vvg"
         ecep:reg="FALLING"
         ecep:spe="FALLING"
         ecep:syllab="2"
         ecep:pron="ˈfɔːlɪŋ">FALLING</w>
      <c> </c>
      <w xml:id="bhw18-406050"
         n="a-0160"
         ecep:lem="down"
         ecep:pos="a-acp"
         ecep:reg="DOWN"
         ecep:spe="DOWN"
         ecep:syllab="1"
         ecep:pron="daʊn">DOWN</w>
      <c> </c>
      <w xml:id="bhw18-406060"
         n="a-0170"
         ecep:lem="the"
         ecep:pos="dt"
         ecep:reg="THE"
         ecep:spe="THE"
         ecep:syllab="1"
         ecep:pron="ðiː">THE</w>
      <c> </c>
      <w xml:id="bhw18-406070"
         n="a-0180"
         ecep:lem="area"
         ecep:pos="n1"
         ecep:reg="AREA"
         ecep:spe="AREA"
         ecep:syllab="3"
         ecep:pron="ˈeəriə">AREA</w>
      <c> </c>
      <w xml:id="bhw18-406080"
         n="a-0190"
         ecep:lem="of"
         ecep:pos="pp-f"
         ecep:reg="OF"
         ecep:spe="OF"
         ecep:syllab="1"
         ecep:pron="ɒv">OF</w>
      <c> </c>
      <w xml:id="bhw18-406090"
         n="a-0200"
         ecep:lem="a"
         ecep:pos="dt"
         ecep:reg="A"
         ecep:spe="A"
         ecep:syllab="1"
         ecep:pron="ə">A</w>
      <c> </c>
      <w xml:id="bhw18-406100"
         n="a-0210"
         ecep:lem="house"
         ecep:pos="n1"
         ecep:reg="HOUSE"
         ecep:spe="HOUSE"
         ecep:syllab="1"
         ecep:pron="haʊz">HOUSE</w>
      <pc xml:id="bhw18-406110"
          n="a-0220"
          ecep:lem=","
          ecep:pos=","
          ecep:reg=","
          ecep:spe=",">,</pc>
      <c> </c>
      <w xml:id="bhw18-406120"
         n="a-0230"
         ecep:lem="can"
         ecep:pos="vmd"
         ecep:reg="COULD"
         ecep:spe="COULD"
         ecep:syllab="1"
         ecep:pron="kʊd">COULD</w>
      <c> </c>
      <w xml:id="bhw18-406130"
         n="a-0240"
         ecep:lem="not"
         ecep:pos="xx"
         ecep:reg="NOT"
         ecep:spe="NOT"
         ecep:syllab="1"
         ecep:pron="ˈdɪdnt">NOT</w>
      <c> </c>
      <w xml:id="bhw18-406140"
         n="a-0250"
         ecep:lem="be"
         ecep:pos="vbi"
         ecep:reg="BE"
         ecep:spe="BE"
         ecep:syllab="1"
         ecep:pron="biː">BE</w>
      <c> </c>
      <w xml:id="bhw18-406150"
         n="a-0260"
         ecep:lem="find"
         ecep:pos="vvn"
         ecep:reg="FOUND"
         ecep:spe="FOUND"
         ecep:syllab="1"
         ecep:pron="faʊnd">FOUND</w>
      <pc xml:id="bhw18-406160"
          n="a-0270"
          unit="sentence"
          ecep:lem="."
          ecep:pos="."
          ecep:reg="."
          ecep:spe=".">.</pc>
   </head>
   <lg xml:id="bhw18-s01495">
      <l xml:id="bhw18-l16840">
         <hi rendition="#sc">
            <w xml:id="bhw18-406190"
               n="a-0280"
               ecep:lem="mistaken"
               ecep:pos="j-vvn"
               ecep:reg="MISTAKEN"
               ecep:spe="MISTAKEN"
               ecep:syllab="3"
               ecep:pron="mɪˈsteɪkən">MISTAKEN</w>
         </hi>
         <c> </c>
         <w xml:id="bhw18-406200"
            n="a-0290"
            ecep:lem="bird"
            ecep:pos="n1"
            ecep:reg="Bird"
            ecep:spe="Bird"
            ecep:syllab="1"
            ecep:pron="bɜːd">Bird</w>
         <pc xml:id="bhw18-406210"
             n="a-0300"
             ecep:lem=","
             ecep:pos=","
             ecep:reg=","
             ecep:spe=",">,</pc>
         <c> </c>
         <w xml:id="bhw18-406220"
            n="a-0310"
            ecep:lem="ah"
            ecep:pos="uh"
            ecep:reg="ah"
            ecep:spe="ah"
            ecep:syllab="1"
            ecep:pron="ɑː">ah</w>
         <c> </c>
         <w xml:id="bhw18-406230"
            n="a-0320"
            ecep:lem="whither"
            ecep:pos="c-crq"
            ecep:reg="whither"
            ecep:spe="whither"
            ecep:syllab="2"
            ecep:pron="ˈwɪðə">whither</w>
         <c> </c>
         <w xml:id="bhw18-406240"
            n="a-0330"
            ecep:lem="have"
            ecep:pos="vh2"
            ecep:reg="hast"
            ecep:spe="hast"
            ecep:syllab="1"
            ecep:pron="hæst">hast</w>
         <c> </c>
         <w xml:id="bhw18-406250"
            n="a-0340"
            ecep:lem="thou"
            ecep:pos="pns21"
            ecep:reg="thou"
            ecep:spe="thou"
            ecep:syllab="1"
            ecep:pron="θaʊ">thou</w>
         <c> </c>
         <w xml:id="bhw18-406260"
            n="a-0350"
            ecep:lem="stray"
            ecep:pos="vvn"
            ecep:reg="strayed"
            ecep:spe="stray'd"
            ecep:syllab="1"
            ecep:pron="streɪd">stray'd</w>
         <pc xml:id="bhw18-406270"
             n="a-0360"
             unit="sentence"
             ecep:lem="?"
             ecep:pos="?"
             ecep:reg="?"
             ecep:spe="?">?</pc>
         <c> </c>
      </l>
      <l rendition="#h_3" xml:id="bhw18-l16845">
         <w xml:id="bhw18-406280"
            n="a-0370"
            ecep:lem="my"
            ecep:pos="po11"
            ecep:reg="My"
            ecep:spe="My"
            ecep:syllab="1"
            ecep:pron="maɪ">My</w>
         <c> </c>
         <w xml:id="bhw18-406290"
            n="a-0380"
            ecep:lem="friendly"
            ecep:pos="j"
            ecep:reg="friendly"
            ecep:spe="friendly"
            ecep:syllab="2"
            ecep:pron="ˈfrendli">friendly</w>
         <c> </c>
         <w xml:id="bhw18-406300"
            n="a-0390"
            ecep:lem="grasp"
            ecep:pos="n1"
            ecep:reg="grasp"
            ecep:spe="grasp"
            ecep:syllab="1"
            ecep:pron="grɑːsp">grasp</w>
         <c> </c>
         <w xml:id="bhw18-406310"
            n="a-0400"
            ecep:lem="why"
            ecep:pos="c-crq"
            ecep:reg="why"
            ecep:spe="why"
            ecep:syllab="1"
            ecep:pron="waɪ">why</w>
         <c> </c>
         <w xml:id="bhw18-406320"
            n="a-0410"
            ecep:lem="eager"
            ecep:pos="j"
            ecep:reg="eager"
            ecep:spe="eager"
            ecep:syllab="2"
            ecep:pron="ˈiːgə">eager</w>
         <c> </c>
         <w xml:id="bhw18-406330"
            n="a-0420"
            ecep:lem="to"
            ecep:pos="pc-acp"
            ecep:reg="to"
            ecep:spe="to"
            ecep:syllab="1"
            ecep:pron="tuː">to</w>
         <c> </c>
         <w xml:id="bhw18-406340"
            n="a-0430"
            ecep:lem="elude"
            ecep:pos="vvi"
            ecep:reg="elude"
            ecep:spe="elude"
            ecep:syllab="2"
            ecep:pron="iˈluːd">elude</w>
         <pc xml:id="bhw18-406350"
             n="a-0440"
             unit="sentence"
             ecep:lem="?"
             ecep:pos="?"
             ecep:reg="?"
             ecep:spe="?">?</pc>
         <c> </c>
      </l>
      <l xml:id="bhw18-l16850">
         <w xml:id="bhw18-406360"
            n="a-0450"
            ecep:lem="this"
            ecep:pos="d"
            ecep:reg="This"
            ecep:spe="This"
            ecep:syllab="1"
            ecep:pron="ðɪs">This</w>
         <c> </c>
         <w xml:id="bhw18-406370"
            n="a-0460"
            ecep:lem="hand"
            ecep:pos="n1"
            ecep:reg="hand"
            ecep:spe="hand"
            ecep:syllab="1"
            ecep:pron="hænd">hand</w>
         <c> </c>
         <w xml:id="bhw18-406380"
            n="a-0470"
            ecep:lem="be"
            ecep:pos="vbds"
            ecep:reg="was"
            ecep:spe="was"
            ecep:syllab="1"
            ecep:pron="wɒz">was</w>
         <c> </c>
         <w xml:id="bhw18-406390"
            n="a-0480"
            ecep:lem="on"
            ecep:pos="p-acp"
            ecep:reg="on"
            ecep:spe="on"
            ecep:syllab="1"
            ecep:pron="ɒn">on</w>
         <c> </c>
         <w xml:id="bhw18-406400"
            n="a-0490"
            ecep:lem="thy"
            ecep:pos="po21"
            ecep:reg="thy"
            ecep:spe="thy"
            ecep:syllab="1"
            ecep:pron="ðaɪ">thy</w>
         <c> </c>
         <w xml:id="bhw18-406410"
            n="a-0500"
            ecep:lem="pinion"
            ecep:pos="n1"
            ecep:reg="pinion"
            ecep:spe="pinion"
            ecep:syllab="2"
            ecep:pron="ˈpɪnjən">pinion</w>
         <c> </c>
         <w xml:id="bhw18-406420"
            n="a-0510"
            ecep:lem="light"
            ecep:pos="av-j"
            ecep:reg="lightly"
            ecep:spe="lightly"
            ecep:syllab="2"
            ecep:pron="ˈlaɪtli">lightly</w>
         <c> </c>
         <w xml:id="bhw18-406430"
            n="a-0520"
            ecep:lem="lay"
            ecep:pos="vvn"
            ecep:reg="laid"
            ecep:spe="laid"
            ecep:syllab="1"
            ecep:pron="leɪd">laid</w>
         <pc xml:id="bhw18-406440"
             n="a-0530"
             ecep:lem=","
             ecep:pos=","
             ecep:reg=","
             ecep:spe=",">,</pc>
      </l>
      <l rendition="#h_3" xml:id="bhw18-l16855">
         <c> </c>
         <w xml:id="bhw18-406450"
            n="a-0540"
            ecep:lem="and"
            ecep:pos="cc"
            ecep:reg="And"
            ecep:spe="And"
            ecep:syllab="1"
            ecep:pron="ænd">And</w>
         <c> </c>
         <w xml:id="bhw18-406460"
            n="a-0550"
            ecep:lem="fear"
            ecep:pos="vvd"
            ecep:reg="feared"
            ecep:spe="fear'd"
            ecep:syllab="1"
            ecep:pron="fɪəz">fear'd</w>
         <c> </c>
         <w xml:id="bhw18-406470"
            n="a-0560"
            ecep:lem="to"
            ecep:pos="pc-acp"
            ecep:reg="to"
            ecep:spe="to"
            ecep:syllab="1"
            ecep:pron="tuː">to</w>
         <c> </c>
         <w xml:id="bhw18-406480"
            n="a-0570"
            ecep:lem="hurt"
            ecep:pos="vvi"
            ecep:reg="hurt"
            ecep:spe="hurt"
            ecep:syllab="1"
            ecep:pron="hɜːt">hurt</w>
         <c> </c>
         <w xml:id="bhw18-406490"
            n="a-0580"
            ecep:lem="thou"
            ecep:pos="pno21"
            ecep:reg="thee"
            ecep:spe="thee"
            ecep:syllab="1"
            ecep:pron="ðiː">thee</w>
         <c> </c>
         <w xml:id="bhw18-406500"
            n="a-0590"
            ecep:lem="by"
            ecep:pos="p-acp"
            ecep:reg="by"
            ecep:spe="by"
            ecep:syllab="1"
            ecep:pron="baɪ">by</w>
         <c> </c>
         <w xml:id="bhw18-406510"
            n="a-0600"
            ecep:lem="a"
            ecep:pos="dt"
            ecep:reg="a"
            ecep:spe="a"
            ecep:syllab="1"
            ecep:pron="ə">a</w>
         <c> </c>
         <w xml:id="bhw18-406520"
            n="a-0610"
            ecep:lem="touch"
            ecep:pos="n1"
            ecep:reg="touch"
            ecep:spe="touch"
            ecep:syllab="1"
            ecep:pron="tʌtʃ">touch</w>
         <c> </c>
         <w xml:id="bhw18-406530"
            n="a-0620"
            ecep:lem="too"
            ecep:pos="av"
            ecep:reg="too"
            ecep:spe="too"
            ecep:syllab="1"
            ecep:pron="tuː">too</w>
         <c> </c>
         <w xml:id="bhw18-406540"
            n="a-0630"
            ecep:lem="rude"
            ecep:pos="j"
            ecep:reg="rude"
            ecep:spe="rude"
            ecep:syllab="1"
            ecep:pron="ruːd">rude</w>
         <pc xml:id="bhw18-406550"
             n="a-0640"
             unit="sentence"
             ecep:lem="."
             ecep:pos="."
             ecep:reg="."
             ecep:spe=".">.</pc>
         <c> </c>
      </l>
   </lg>
   <lg xml:id="bhw18-s01500">
      <l xml:id="bhw18-l16860">
         <w xml:id="bhw18-406580"
            n="a-0650"
            ecep:lem="be"
            ecep:pos="vbz"
            ecep:reg="Is"
            ecep:spe="Is"
            ecep:syllab="1"
            ecep:pron="ɪz">Is</w>
         <c> </c>
         <w xml:id="bhw18-406590"
            n="a-0660"
            ecep:lem="there"
            ecep:pos="pc-acp"
            ecep:reg="there"
            ecep:spe="there"
            ecep:syllab="1"
            ecep:pron="ðeə">there</w>
         <c> </c>
         <w xml:id="bhw18-406600"
            n="a-0670"
            ecep:lem="no"
            ecep:pos="dx"
            ecep:reg="no"
            ecep:spe="no"
            ecep:syllab="1"
            ecep:pron="nəʊ">no</w>
         <c> </c>
         <w xml:id="bhw18-406610"
            n="a-0680"
            ecep:lem="foresight"
            ecep:pos="n1"
            ecep:reg="foresight"
            ecep:spe="foresight"
            ecep:syllab="2"
            ecep:pron="ˈfɔːsaɪt">foresight</w>
         <c> </c>
         <w xml:id="bhw18-406620"
            n="a-0690"
            ecep:lem="in"
            ecep:pos="p-acp"
            ecep:reg="in"
            ecep:spe="in"
            ecep:syllab="1"
            ecep:pron="ɪn">in</w>
         <c> </c>
         <w xml:id="bhw18-406630"
            n="a-0700"
            ecep:lem="a"
            ecep:pos="dt"
            ecep:reg="a"
            ecep:spe="a"
            ecep:syllab="1"
            ecep:pron="ə">a</w>
         <c> </c>
         <w xml:id="bhw18-406640"
            n="a-0710"
            ecep:lem="thrush"
            ecep:pos="npg1"
            ecep:reg="Thrush's"
            ecep:spe="Thrush's"
            ecep:syllab="1"
            ecep:pron="θrʌʃz">Thrush's</w>
         <c> </c>
         <w xml:id="bhw18-406650"
            n="a-0720"
            ecep:lem="breast"
            ecep:pos="n1"
            ecep:reg="breast"
            ecep:spe="breast"
            ecep:syllab="1"
            ecep:pron="brest">breast</w>
         <pc xml:id="bhw18-406660"
             n="a-0730"
             ecep:lem=","
             ecep:pos=","
             ecep:reg=","
             ecep:spe=",">,</pc>
      </l>
      <l rendition="#h_3" xml:id="bhw18-l16865">
         <c> </c>
         <w xml:id="bhw18-406670"
            n="a-0740"
            ecep:lem="that"
            ecep:pos="cst"
            ecep:reg="That"
            ecep:spe="That"
            ecep:syllab="1"
            ecep:pron="ðæt">That</w>
         <c> </c>
         <w xml:id="bhw18-406680"
            n="a-0750"
            ecep:lem="thou"
            ecep:pos="pns21"
            ecep:reg="thou"
            ecep:spe="thou"
            ecep:syllab="1"
            ecep:pron="θaʊ">thou</w>
         <c> </c>
         <w xml:id="bhw18-406690"
            n="a-0760"
            ecep:lem="down"
            ecep:pos="p-acp"
            ecep:reg="down"
            ecep:spe="down"
            ecep:syllab="1"
            ecep:pron="daʊn">down</w>
         <c> </c>
         <w xml:id="bhw18-406700"
            n="a-0770"
            ecep:lem="yonder"
            ecep:pos="d"
            ecep:reg="yonder"
            ecep:spe="yonder"
            ecep:syllab="2"
            ecep:pron="ˈjɒndə">yonder</w>
         <c> </c>
         <w xml:id="bhw18-406710"
            n="a-0780"
            ecep:lem="gulph"
            ecep:pos="n1"
            ecep:reg="gulf"
            ecep:spe="gulph"
            ecep:syllab="1"
            ecep:pron="gʌlf">gulph</w>
         <c> </c>
         <w xml:id="bhw18-406720"
            n="a-0790"
            ecep:lem="from"
            ecep:pos="p-acp"
            ecep:reg="from"
            ecep:spe="from"
            ecep:syllab="1"
            ecep:pron="frɒm">from</w>
         <c> </c>
         <w xml:id="bhw18-406730"
            n="a-0800"
            ecep:lem="i"
            ecep:pos="pno11"
            ecep:reg="me"
            ecep:spe="me"
            ecep:syllab="1"
            ecep:pron="miː">me</w>
         <c> </c>
         <w xml:id="bhw18-406740"
            n="a-0810"
            ecep:lem="will"
            ecep:pos="vmd2"
            ecep:reg="wouldst"
            ecep:spe="wouldst"
            ecep:syllab="1"
            ecep:pron="wʊdst">wouldst</w>
         <c> </c>
         <w xml:id="bhw18-406750"
            n="a-0820"
            ecep:lem="go"
            ecep:pos="vvi"
            ecep:reg="go"
            ecep:spe="go"
            ecep:syllab="1"
            ecep:pron="gəʊ">go</w>
         <pc xml:id="bhw18-406760"
             n="a-0830"
             unit="sentence"
             ecep:lem="?"
             ecep:pos="?"
             ecep:reg="?"
             ecep:spe="?">?</pc>
         <c> </c>
      </l>
      <l xml:id="bhw18-l16870">
         <w xml:id="bhw18-406770"
            n="a-0840"
            ecep:lem="that"
            ecep:pos="cst"
            ecep:reg="That"
            ecep:spe="That"
            ecep:syllab="1"
            ecep:pron="ðæt">That</w>
         <c> </c>
         <w xml:id="bhw18-406780"
            n="a-0850"
            ecep:lem="gloomy"
            ecep:pos="j"
            ecep:reg="gloomy"
            ecep:spe="gloomy"
            ecep:syllab="2"
            ecep:pron="ˈgluːmi">gloomy</w>
         <c> </c>
         <w xml:id="bhw18-406790"
            n="a-0860"
            ecep:lem="area"
            ecep:pos="n1"
            ecep:reg="area"
            ecep:spe="area"
            ecep:syllab="3"
            ecep:pron="ˈeəriə">area</w>
         <c> </c>
         <w xml:id="bhw18-406800"
            n="a-0870"
            ecep:lem="lurk"
            ecep:pos="vvg"
            ecep:reg="lurking"
            ecep:spe="lurking"
            ecep:syllab="2"
            ecep:pron="ˈlɜːkɪŋ">lurking</w>
         <c> </c>
         <w xml:id="bhw18-406810"
            n="a-0880"
            ecep:lem="cat"
            ecep:pos="n2"
            ecep:reg="cats"
            ecep:spe="cats"
            ecep:syllab="1"
            ecep:pron="kæts">cats</w>
         <c> </c>
         <w xml:id="bhw18-406820"
            n="a-0890"
            ecep:lem="infest"
            ecep:pos="vvb"
            ecep:reg="infest"
            ecep:spe="infest"
            ecep:syllab="2"
            ecep:pron="ɪnˈfest">infest</w>
         <pc xml:id="bhw18-406830"
             n="a-0900"
             ecep:lem=","
             ecep:pos=","
             ecep:reg=","
             ecep:spe=",">,</pc>
      </l>
      <l rendition="#h_3" xml:id="bhw18-l16875">
         <c> </c>
         <w xml:id="bhw18-406840"
            n="a-0910"
            ecep:lem="and"
            ecep:pos="cc"
            ecep:reg="And"
            ecep:spe="And"
            ecep:syllab="1"
            ecep:pron="ænd">And</w>
         <c> </c>
         <w xml:id="bhw18-406850"
            n="a-0920"
            ecep:lem="there"
            ecep:pos="a-acp"
            ecep:reg="there"
            ecep:spe="there"
            ecep:syllab="1"
            ecep:pron="ðeə">there</w>
         <c> </c>
         <w xml:id="bhw18-406860"
            n="a-0930"
            ecep:lem="the"
            ecep:pos="dt"
            ecep:reg="the"
            ecep:spe="the"
            ecep:syllab="1"
            ecep:pron="ðiː">the</w>
         <c> </c>
         <w xml:id="bhw18-406870"
            n="a-0940"
            ecep:lem="dog"
            ecep:pos="n1"
            ecep:reg="dog"
            ecep:spe="dog"
            ecep:syllab="1"
            ecep:pron="dɒg">dog</w>
         <c> </c>
         <w xml:id="bhw18-406880"
            n="a-0950"
            ecep:lem="may"
            ecep:pos="vmb"
            ecep:reg="may"
            ecep:spe="may"
            ecep:syllab="1"
            ecep:pron="meɪ">may</w>
         <c> </c>
         <w xml:id="bhw18-406890"
            n="a-0960"
            ecep:lem="rove"
            ecep:pos="vvi"
            ecep:reg="rove"
            ecep:spe="rove"
            ecep:syllab="1"
            ecep:pron="rəʊv">rove</w>
         <pc xml:id="bhw18-406900"
             n="a-0970"
             ecep:lem=","
             ecep:pos=","
             ecep:reg=","
             ecep:spe=",">,</pc>
         <c> </c>
         <w xml:id="bhw18-406910"
            n="a-0980"
            ecep:lem="alike"
            ecep:pos="av"
            ecep:reg="alike"
            ecep:spe="alike"
            ecep:syllab="2"
            ecep:pron="əˈlaɪk">alike</w>
         <c> </c>
         <w xml:id="bhw18-406920"
            n="a-0990"
            ecep:lem="thy"
            ecep:pos="po21"
            ecep:reg="thy"
            ecep:spe="thy"
            ecep:syllab="1"
            ecep:pron="ðaɪ">thy</w>
         <c> </c>
         <w xml:id="bhw18-406930"
            n="a-1000"
            ecep:lem="foe"
            ecep:pos="n1"
            ecep:reg="foe"
            ecep:spe="foe"
            ecep:syllab="1"
            ecep:pron="fəʊ">foe</w>
         <pc xml:id="bhw18-406940"
             n="a-1010"
             unit="sentence"
             ecep:lem="."
             ecep:pos="."
             ecep:reg="."
             ecep:spe=".">.</pc>
         <c> </c>
      </l>
   </lg>
   <pb n="223" rend="none"/>
   <lg xml:id="bhw18-s01505">
      <l xml:id="bhw18-l16880">
         <w xml:id="bhw18-406970"
            n="a-0010"
            ecep:lem="i"
            ecep:pos="pns11"
            ecep:reg="I"
            ecep:spe="I"
            ecep:syllab="1"
            ecep:pron="aɪ">I</w>
         <c> </c>
         <w xml:id="bhw18-406980"
            n="a-0020"
            ecep:lem="will"
            ecep:pos="vmd"
            ecep:reg="would"
            ecep:spe="would"
            ecep:syllab="1"
            ecep:pron="wʊd">would</w>
         <c> </c>
         <w xml:id="bhw18-406990"
            n="a-0030"
            ecep:lem="with"
            ecep:pos="p-acp"
            ecep:reg="with"
            ecep:spe="with"
            ecep:syllab="1"
            ecep:pron="wɪð">with</w>
         <c> </c>
         <w xml:id="bhw18-407000"
            n="a-0040"
            ecep:lem="lavish"
            ecep:pos="j"
            ecep:reg="lavish"
            ecep:spe="lavish"
            ecep:syllab="2"
            ecep:pron="ˈlævɪʃ">lavish</w>
         <c> </c>
         <w xml:id="bhw18-407010"
            n="a-0050"
            ecep:lem="crumb"
            ecep:pos="n2"
            ecep:reg="crumbs"
            ecep:spe="crumbs"
            ecep:syllab="1"
            ecep:pron="krʌmz">crumbs</w>
         <c> </c>
         <w xml:id="bhw18-407020"
            n="a-0060"
            ecep:lem="my"
            ecep:pos="po11"
            ecep:reg="my"
            ecep:spe="my"
            ecep:syllab="1"
            ecep:pron="maɪ">my</w>
         <c> </c>
         <w xml:id="bhw18-407030"
            n="a-0070"
            ecep:lem="bird"
            ecep:pos="n1"
            ecep:reg="bird"
            ecep:spe="bird"
            ecep:syllab="1"
            ecep:pron="bɜːd">bird</w>
         <c> </c>
         <w xml:id="bhw18-407040"
            n="a-0080"
            ecep:lem="have"
            ecep:pos="vhb"
            ecep:reg="have"
            ecep:spe="have"
            ecep:syllab="1"
            ecep:pron="hæv">have</w>
         <c> </c>
         <w xml:id="bhw18-407050"
            n="a-0090"
            ecep:lem="feed"
            ecep:pos="vvn"
            ecep:reg="fed"
            ecep:spe="fed"
            ecep:syllab="1"
            ecep:pron="fed">fed</w>
         <pc xml:id="bhw18-407060"
             n="a-0100"
             ecep:lem=","
             ecep:pos=","
             ecep:reg=","
             ecep:spe=",">,</pc>
      </l>
      <l rendition="#h_3" xml:id="bhw18-l16885">
         <c> </c>
         <w xml:id="bhw18-407070"
            n="a-0110"
            ecep:lem="and"
            ecep:pos="cc"
            ecep:reg="And"
            ecep:spe="And"
            ecep:syllab="1"
            ecep:pron="ænd">And</w>
         <c> </c>
         <w xml:id="bhw18-407080"
            n="a-0120"
            ecep:lem="bring"
            ecep:pos="vvd"
            ecep:reg="brought"
            ecep:spe="brought"
            ecep:syllab="1"
            ecep:pron="brɔːt">brought</w>
         <c> </c>
         <w xml:id="bhw18-407090"
            n="a-0130"
            ecep:lem="a"
            ecep:pos="dt"
            ecep:reg="a"
            ecep:spe="a"
            ecep:syllab="1"
            ecep:pron="ə">a</w>
         <c> </c>
         <w xml:id="bhw18-407100"
            n="a-0140"
            ecep:lem="crystal"
            ecep:pos="n1"
            ecep:reg="crystal"
            ecep:spe="crystal"
            ecep:syllab="2"
            ecep:pron="ˈkrɪstl">crystal</w>
         <c> </c>
         <w xml:id="bhw18-407110"
            n="a-0150"
            ecep:lem="cup"
            ecep:pos="n1"
            ecep:reg="cup"
            ecep:spe="cup"
            ecep:syllab="1"
            ecep:pron="kʌp">cup</w>
         <c> </c>
         <w xml:id="bhw18-407120"
            n="a-0160"
            ecep:lem="to"
            ecep:pos="pc-acp"
            ecep:reg="to"
            ecep:spe="to"
            ecep:syllab="1"
            ecep:pron="tuː">to</w>
         <c> </c>
         <w xml:id="bhw18-407130"
            n="a-0170"
            ecep:lem="wet"
            ecep:pos="vvi"
            ecep:reg="wet"
            ecep:spe="wet"
            ecep:syllab="1"
            ecep:pron="wet">wet</w>
         <c> </c>
         <w xml:id="bhw18-407140"
            n="a-0180"
            ecep:lem="thy"
            ecep:pos="po21"
            ecep:reg="thy"
            ecep:spe="thy"
            ecep:syllab="1"
            ecep:pron="ðaɪ">thy</w>
         <c> </c>
         <w xml:id="bhw18-407150"
            n="a-0190"
            ecep:lem="bill"
            ecep:pos="n1"
            ecep:reg="bill"
            ecep:spe="bill"
            ecep:syllab="1"
            ecep:pron="bɪl">bill</w>
         <pc xml:id="bhw18-407160"
             n="a-0200"
             ecep:lem=";"
             ecep:pos=";"
             ecep:reg=";"
             ecep:spe=";">;</pc>
      </l>
      <l xml:id="bhw18-l16890">
         <c> </c>
         <w xml:id="bhw18-407170"
            n="a-0210"
            ecep:lem="i"
            ecep:pos="pns11"
            ecep:reg="I"
            ecep:spe="I"
            ecep:syllab="1"
            ecep:pron="aɪ">I</w>
         <c> </c>
         <w xml:id="bhw18-407180"
            n="a-0220"
            ecep:lem="will"
            ecep:pos="vmd"
            ecep:reg="would"
            ecep:spe="would"
            ecep:syllab="1"
            ecep:pron="wʊd">would</w>
         <c> </c>
         <w xml:id="bhw18-407190"
            n="a-0230"
            ecep:lem="have"
            ecep:pos="vhi"
            ecep:reg="have"
            ecep:spe="have"
            ecep:syllab="1"
            ecep:pron="hæv">have</w>
         <c> </c>
         <w xml:id="bhw18-407200"
            n="a-0240"
            ecep:lem="make"
            ecep:pos="vvn"
            ecep:reg="made"
            ecep:spe="made"
            ecep:syllab="1"
            ecep:pron="meɪd">made</w>
         <c> </c>
         <w xml:id="bhw18-407210"
            n="a-0250"
            ecep:lem="of"
            ecep:pos="pp-f"
            ecep:reg="of"
            ecep:spe="of"
            ecep:syllab="1"
            ecep:pron="ɒv">of</w>
         <c> </c>
         <w xml:id="bhw18-407220"
            n="a-0260"
            ecep:lem="down"
            ecep:pos="n1"
            ecep:reg="down"
            ecep:spe="down"
            ecep:syllab="1"
            ecep:pron="daʊn">down</w>
         <c> </c>
         <w xml:id="bhw18-407230"
            n="a-0270"
            ecep:lem="and"
            ecep:pos="cc"
            ecep:reg="and"
            ecep:spe="and"
            ecep:syllab="1"
            ecep:pron="ænd">and</w>
         <c> </c>
         <w xml:id="bhw18-407240"
            n="a-0280"
            ecep:lem="moss"
            ecep:pos="n1"
            ecep:reg="moss"
            ecep:spe="moss"
            ecep:syllab="1"
            ecep:pron="mɒs">moss</w>
         <c> </c>
         <w xml:id="bhw18-407250"
            n="a-0290"
            ecep:lem="thy"
            ecep:pos="po21"
            ecep:reg="thy"
            ecep:spe="thy"
            ecep:syllab="1"
            ecep:pron="ðaɪ">thy</w>
         <c> </c>
         <w xml:id="bhw18-407260"
            n="a-0300"
            ecep:lem="bed"
            ecep:pos="n1"
            ecep:reg="bed"
            ecep:spe="bed"
            ecep:syllab="1"
            ecep:pron="bed">bed</w>
         <pc xml:id="bhw18-407270"
             n="a-0310"
             ecep:lem=","
             ecep:pos=","
             ecep:reg=","
             ecep:spe=",">,</pc>
      </l>
      <l rendition="#h_3" xml:id="bhw18-l16895">
         <c> </c>
         <w xml:id="bhw18-407280"
            n="a-0320"
            ecep:lem="soft"
            ecep:pos="j"
            ecep:reg="Soft"
            ecep:spe="Soft"
            ecep:syllab="1"
            ecep:pron="sɒft">Soft</w>
         <pc xml:id="bhw18-407290"
             n="a-0330"
             ecep:lem=","
             ecep:pos=","
             ecep:reg=","
             ecep:spe=",">,</pc>
         <c> </c>
         <w xml:id="bhw18-407300"
            n="a-0340"
            ecep:lem="though"
            ecep:pos="c-acp"
            ecep:reg="though"
            ecep:spe="though"
            ecep:syllab="1"
            ecep:pron="ðəʊ">though</w>
         <c> </c>
         <w xml:id="bhw18-407310"
            n="a-0350"
            ecep:lem="not"
            ecep:pos="xx"
            ecep:reg="not"
            ecep:spe="not"
            ecep:syllab="1"
            ecep:pron="ˈdɪdnt">not</w>
         <c> </c>
         <w xml:id="bhw18-407320"
            n="a-0360"
            ecep:lem="fashion"
            ecep:pos="vvn"
            ecep:reg="fashioned"
            ecep:spe="fashion'd"
            ecep:syllab="2"
            ecep:pron="ˈfæʃnd">fashion'd</w>
         <c> </c>
         <w xml:id="bhw18-407330"
            n="a-0370"
            ecep:lem="with"
            ecep:pos="p-acp"
            ecep:reg="with"
            ecep:spe="with"
            ecep:syllab="1"
            ecep:pron="wɪð">with</w>
         <c> </c>
         <w xml:id="bhw18-407340"
            n="a-0380"
            ecep:lem="a"
            ecep:pos="dt"
            ecep:reg="a"
            ecep:spe="a"
            ecep:syllab="1"
            ecep:pron="ə">a</w>
         <c> </c>
         <w xml:id="bhw18-407350"
            n="a-0390"
            ecep:lem="thrush"
            ecep:pos="npg1"
            ecep:reg="Thrush's"
            ecep:spe="Thrush's"
            ecep:syllab="1"
            ecep:pron="θrʌʃz">Thrush's</w>
         <c> </c>
         <w xml:id="bhw18-407360"
            n="a-0400"
            ecep:lem="skill"
            ecep:pos="n1"
            ecep:reg="skill"
            ecep:spe="skill"
            ecep:syllab="1"
            ecep:pron="skɪl">skill</w>
         <pc xml:id="bhw18-407370"
             n="a-0410"
             unit="sentence"
             ecep:lem="."
             ecep:pos="."
             ecep:reg="."
             ecep:spe=".">.</pc>
         <c> </c>
      </l>
   </lg>
   <lg xml:id="bhw18-s01510">
      <l xml:id="bhw18-l16900">
         <w xml:id="bhw18-407400"
            n="a-0420"
            ecep:lem="soon"
            ecep:pos="av"
            ecep:reg="Soon"
            ecep:spe="Soon"
            ecep:syllab="1"
            ecep:pron="suːn">Soon</w>
         <c> </c>
         <w xml:id="bhw18-407410"
            n="a-0430"
            ecep:lem="as"
            ecep:pos="c-acp"
            ecep:reg="as"
            ecep:spe="as"
            ecep:syllab="1"
            ecep:pron="æz">as</w>
         <c> </c>
         <w xml:id="bhw18-407420"
            n="a-0440"
            ecep:lem="thy"
            ecep:pos="po21"
            ecep:reg="thy"
            ecep:spe="thy"
            ecep:syllab="1"
            ecep:pron="ðaɪ">thy</w>
         <c> </c>
         <w xml:id="bhw18-407430"
            n="a-0450"
            ecep:lem="strengthen"
            ecep:pos="j-vvn"
            ecep:reg="strengthened"
            ecep:spe="strengthen'd"
            ecep:syllab="2"
            ecep:pron="ˈstreŋθnd">strengthen'd</w>
         <c> </c>
         <w xml:id="bhw18-407440"
            n="a-0460"
            ecep:lem="wing"
            ecep:pos="n1"
            ecep:reg="wing"
            ecep:spe="wing"
            ecep:syllab="1"
            ecep:pron="wɪŋ">wing</w>
         <c> </c>
         <w xml:id="bhw18-407450"
            n="a-0470"
            ecep:lem="can"
            ecep:pos="vmd"
            ecep:reg="could"
            ecep:spe="could"
            ecep:syllab="1"
            ecep:pron="kʊd">could</w>
         <c> </c>
         <w xml:id="bhw18-407460"
            n="a-0480"
            ecep:lem="mount"
            ecep:pos="vvi"
            ecep:reg="mount"
            ecep:spe="mount"
            ecep:syllab="1"
            ecep:pron="maʊnt">mount</w>
         <c> </c>
         <w xml:id="bhw18-407470"
            n="a-0490"
            ecep:lem="the"
            ecep:pos="dt"
            ecep:reg="the"
            ecep:spe="the"
            ecep:syllab="1"
            ecep:pron="ðiː">the</w>
         <c> </c>
         <w xml:id="bhw18-407480"
            n="a-0500"
            ecep:lem="sky"
            ecep:pos="n1"
            ecep:reg="sky"
            ecep:spe="sky"
            ecep:syllab="1"
            ecep:pron="skaɪ">sky</w>
         <pc xml:id="bhw18-407490"
             n="a-0510"
             ecep:lem=","
             ecep:pos=","
             ecep:reg=","
             ecep:spe=",">,</pc>
      </l>
      <l rendition="#h_3" xml:id="bhw18-l16905">
         <c> </c>
         <w xml:id="bhw18-407500"
            n="a-0520"
            ecep:lem="my"
            ecep:pos="po11"
            ecep:reg="My"
            ecep:spe="My"
            ecep:syllab="1"
            ecep:pron="maɪ">My</w>
         <c> </c>
         <w xml:id="bhw18-407510"
            n="a-0530"
            ecep:lem="will"
            ecep:pos="j-vvg"
            ecep:reg="willing"
            ecep:spe="willing"
            ecep:syllab="2"
            ecep:pron="ˈwɪlɪŋ">willing</w>
         <c> </c>
         <w xml:id="bhw18-407520"
            n="a-0540"
            ecep:lem="hand"
            ecep:pos="n1"
            ecep:reg="hand"
            ecep:spe="hand"
            ecep:syllab="1"
            ecep:pron="hænd">hand</w>
         <c> </c>
         <w xml:id="bhw18-407530"
            n="a-0550"
            ecep:lem="have"
            ecep:pos="vhd"
            ecep:reg="had"
            ecep:spe="had"
            ecep:syllab="1"
            ecep:pron="hæd">had</w>
         <c> </c>
         <w xml:id="bhw18-407540"
            n="a-0560"
            ecep:lem="set"
            ecep:pos="vvn"
            ecep:reg="set"
            ecep:spe="set"
            ecep:syllab="1"
            ecep:pron="set">set</w>
         <c> </c>
         <w xml:id="bhw18-407550"
            n="a-0570"
            ecep:lem="my"
            ecep:pos="po11"
            ecep:reg="my"
            ecep:spe="my"
            ecep:syllab="1"
            ecep:pron="maɪ">my</w>
         <c> </c>
         <w xml:id="bhw18-407560"
            n="a-0580"
            ecep:lem="captive"
            ecep:pos="j-jn"
            ecep:reg="captive"
            ecep:spe="captive"
            ecep:syllab="2"
            ecep:pron="ˈkæptɪv">captive</w>
         <c> </c>
         <w xml:id="bhw18-407570"
            n="a-0590"
            ecep:lem="free"
            ecep:pos="j"
            ecep:reg="free"
            ecep:spe="free"
            ecep:syllab="1"
            ecep:pron="friː">free</w>
         <pc xml:id="bhw18-407580"
             n="a-0600"
             ecep:lem=";"
             ecep:pos=";"
             ecep:reg=";"
             ecep:spe=";">;</pc>
      </l>
      <l xml:id="bhw18-l16910">
         <c> </c>
         <w xml:id="bhw18-407590"
            n="a-0610"
            ecep:lem="ah"
            ecep:pos="uh"
            ecep:reg="Ah"
            ecep:spe="Ah"
            ecep:syllab="1"
            ecep:pron="ɑː">Ah</w>
         <pc xml:id="bhw18-407600"
             n="a-0620"
             ecep:lem=","
             ecep:pos=","
             ecep:reg=","
             ecep:spe=",">,</pc>
         <c> </c>
         <w xml:id="bhw18-407610"
            n="a-0630"
            ecep:lem="not"
            ecep:pos="xx"
            ecep:reg="not"
            ecep:spe="not"
            ecep:syllab="1"
            ecep:pron="ˈdɪdnt">not</w>
         <c> </c>
         <w xml:id="bhw18-407620"
            n="a-0640"
            ecep:lem="for"
            ecep:pos="p-acp"
            ecep:reg="for"
            ecep:spe="for"
            ecep:syllab="1"
            ecep:pron="fɔː">for</w>
         <c> </c>
         <w xml:id="bhw18-407630"
            n="a-0650"
            ecep:lem="she"
            ecep:pos="pno31"
            ecep:reg="her"
            ecep:spe="her"
            ecep:syllab="1"
            ecep:pron="hɜː">her</w>
         <c> </c>
         <w xml:id="bhw18-407640"
            n="a-0660"
            ecep:lem="who"
            ecep:pos="r-crq"
            ecep:reg="who"
            ecep:spe="who"
            ecep:syllab="1"
            ecep:pron="huː">who</w>
         <c> </c>
         <w xml:id="bhw18-407650"
            n="a-0670"
            ecep:lem="love"
            ecep:pos="vvz"
            ecep:reg="loves"
            ecep:spe="loves"
            ecep:syllab="1"
            ecep:pron="lʌvz">loves</w>
         <c> </c>
         <w xml:id="bhw18-407660"
            n="a-0680"
            ecep:lem="the"
            ecep:pos="dt"
            ecep:reg="the"
            ecep:spe="the"
            ecep:syllab="1"
            ecep:pron="ðiː">the</w>
         <c> </c>
         <w xml:id="bhw18-407670"
            n="a-0690"
            ecep:lem="muse"
            ecep:pos="n1"
            ecep:reg="Muse"
            ecep:spe="Muse"
            ecep:syllab="1"
            ecep:pron="mjuːz">Muse</w>
         <pc xml:id="bhw18-407680"
             n="a-0700"
             ecep:lem=","
             ecep:pos=","
             ecep:reg=","
             ecep:spe=",">,</pc>
         <c> </c>
         <w xml:id="bhw18-407690"
            n="a-0710"
            ecep:lem="to"
            ecep:pos="pc-acp"
            ecep:reg="to"
            ecep:spe="to"
            ecep:syllab="1"
            ecep:pron="tuː">to</w>
         <c> </c>
         <w xml:id="bhw18-407700"
            n="a-0720"
            ecep:lem="buy"
            ecep:pos="vvi"
            ecep:reg="buy"
            ecep:spe="buy"
            ecep:syllab="1"
            ecep:pron="baɪ">buy</w>
      </l>
      <l rendition="#h_3" xml:id="bhw18-l16915">
         <c> </c>
         <w xml:id="bhw18-407710"
            n="a-0730"
            ecep:lem="a"
            ecep:pos="dt"
            ecep:reg="A"
            ecep:spe="A"
            ecep:syllab="1"
            ecep:pron="ə">A</w>
         <c> </c>
         <w xml:id="bhw18-407720"
            n="a-0740"
            ecep:lem="selfish"
            ecep:pos="j"
            ecep:reg="selfish"
            ecep:spe="selfish"
            ecep:syllab="2"
            ecep:pron="ˈselfɪʃ">selfish</w>
         <c> </c>
         <w xml:id="bhw18-407730"
            n="a-0750"
            ecep:lem="pleasure"
            ecep:pos="n1"
            ecep:reg="pleasure"
            ecep:spe="pleasure"
            ecep:syllab="2"
            ecep:pron="ˈpleʒə">pleasure</w>
         <pc xml:id="bhw18-407740"
             n="a-0760"
             ecep:lem=","
             ecep:pos=","
             ecep:reg=","
             ecep:spe=",">,</pc>
         <c> </c>
         <w xml:id="bhw18-407750"
            n="a-0770"
            ecep:lem="buy"
            ecep:pos="vvn"
            ecep:reg="bought"
            ecep:spe="bought"
            ecep:syllab="1"
            ecep:pron="bɔːt">bought</w>
         <c> </c>
         <w xml:id="bhw18-407760"
            n="a-0780"
            ecep:lem="with"
            ecep:pos="p-acp"
            ecep:reg="with"
            ecep:spe="with"
            ecep:syllab="1"
            ecep:pron="wɪð">with</w>
         <c> </c>
         <w xml:id="bhw18-407770"
            n="a-0790"
            ecep:lem="pain"
            ecep:pos="n1"
            ecep:reg="pain"
            ecep:spe="pain"
            ecep:syllab="1"
            ecep:pron="peɪn">pain</w>
         <c> </c>
         <w xml:id="bhw18-407780"
            n="a-0800"
            ecep:lem="to"
            ecep:pos="p-acp"
            ecep:reg="to"
            ecep:spe="to"
            ecep:syllab="1"
            ecep:pron="tuː">to</w>
         <c> </c>
         <w xml:id="bhw18-407790"
            n="a-0810"
            ecep:lem="thou"
            ecep:pos="pno21"
            ecep:reg="thee"
            ecep:spe="thee"
            ecep:syllab="1"
            ecep:pron="ðiː">thee</w>
         <pc xml:id="bhw18-407800"
             n="a-0820"
             unit="sentence"
             ecep:lem="!"
             ecep:pos="!"
             ecep:reg="!"
             ecep:spe="!">!</pc>
         <c> </c>
      </l>
   </lg>
   <lg xml:id="bhw18-s01515">
      <l xml:id="bhw18-l16920">
         <w xml:id="bhw18-407830"
            n="a-0830"
            ecep:lem="the"
            ecep:pos="dt"
            ecep:reg="The"
            ecep:spe="The"
            ecep:syllab="1"
            ecep:pron="ðiː">The</w>
         <c> </c>
         <w xml:id="bhw18-407840"
            n="a-0840"
            ecep:lem="vital"
            ecep:pos="j"
            ecep:reg="vital"
            ecep:spe="vital"
            ecep:syllab="2"
            ecep:pron="ˈvaɪtl">vital</w>
         <c> </c>
         <w xml:id="bhw18-407850"
            n="a-0850"
            ecep:lem="air"
            ecep:pos="n1"
            ecep:reg="air"
            ecep:spe="air"
            ecep:syllab="1"
            ecep:pron="eə">air</w>
         <pc xml:id="bhw18-407860"
             n="a-0860"
             ecep:lem=","
             ecep:pos=","
             ecep:reg=","
             ecep:spe=",">,</pc>
         <c> </c>
         <w xml:id="bhw18-407870"
            n="a-0870"
            ecep:lem="and"
            ecep:pos="cc"
            ecep:reg="and"
            ecep:spe="and"
            ecep:syllab="1"
            ecep:pron="ænd">and</w>
         <c> </c>
         <w xml:id="bhw18-407880"
            n="a-0880"
            ecep:lem="liberty"
            ecep:pos="n1"
            ecep:reg="liberty"
            ecep:spe="liberty"
            ecep:syllab="3"
            ecep:pron="ˈlɪbəti">liberty</w>
         <pc xml:id="bhw18-407890"
             n="a-0890"
             ecep:lem=","
             ecep:pos=","
             ecep:reg=","
             ecep:spe=",">,</pc>
         <c> </c>
         <w xml:id="bhw18-407900"
            n="a-0900"
            ecep:lem="and"
            ecep:pos="cc"
            ecep:reg="and"
            ecep:spe="and"
            ecep:syllab="1"
            ecep:pron="ænd">and</w>
         <c> </c>
         <w xml:id="bhw18-407910"
            n="a-0910"
            ecep:lem="light"
            ecep:pos="n1"
            ecep:reg="light"
            ecep:spe="light"
            ecep:syllab="1"
            ecep:pron="laɪt">light</w>
      </l>
      <l rendition="#h_3" xml:id="bhw18-l16925">
         <c> </c>
         <w xml:id="bhw18-407920"
            n="a-0920"
            ecep:lem="have"
            ecep:pos="vhd"
            ecep:reg="Had"
            ecep:spe="Had"
            ecep:syllab="1"
            ecep:pron="hæd">Had</w>
         <c> </c>
         <w xml:id="bhw18-407930"
            n="a-0930"
            ecep:lem="all"
            ecep:pos="d"
            ecep:reg="all"
            ecep:spe="all"
            ecep:syllab="1"
            ecep:pron="ɔːl">all</w>
         <c> </c>
         <w xml:id="bhw18-407940"
            n="a-0940"
            ecep:lem="be"
            ecep:pos="vbn"
            ecep:reg="been"
            ecep:spe="been"
            ecep:syllab="1"
            ecep:pron="biːn">been</w>
         <c> </c>
         <w xml:id="bhw18-407950"
            n="a-0950"
            ecep:lem="thy"
            ecep:pos="po21"
            ecep:reg="thine"
            ecep:spe="thine"
            ecep:syllab="1"
            ecep:pron="ðaɪn">thine</w>
         <pc xml:id="bhw18-407960"
             n="a-0960"
             ecep:lem=";"
             ecep:pos=";"
             ecep:reg=";"
             ecep:spe=";">;</pc>
         <c> </c>
         <w xml:id="bhw18-407970"
            n="a-0970"
            ecep:lem="and"
            ecep:pos="cc"
            ecep:reg="and"
            ecep:spe="and"
            ecep:syllab="1"
            ecep:pron="ænd">and</w>
         <c> </c>
         <w xml:id="bhw18-407980"
            n="a-0980"
            ecep:lem="love"
            ecep:pos="n1"
            ecep:reg="love"
            ecep:spe="love"
            ecep:syllab="1"
            ecep:pron="lʌv">love</w>
         <pc xml:id="bhw18-407990"
             n="a-0990"
             ecep:lem=","
             ecep:pos=","
             ecep:reg=","
             ecep:spe=",">,</pc>
         <c> </c>
         <w xml:id="bhw18-408000"
            n="a-1000"
            ecep:lem="and"
            ecep:pos="cc"
            ecep:reg="and"
            ecep:spe="and"
            ecep:syllab="1"
            ecep:pron="ænd">and</w>
         <c> </c>
         <w xml:id="bhw18-408010"
            n="a-1010"
            ecep:lem="rapturous"
            ecep:pos="j"
            ecep:reg="rapturous"
            ecep:spe="rapt'rous"
            ecep:syllab="2"
            ecep:pron="rˈæptrəs">rapt'rous</w>
         <c> </c>
         <w xml:id="bhw18-408020"
            n="a-1020"
            ecep:lem="song"
            ecep:pos="n1"
            ecep:reg="song"
            ecep:spe="song"
            ecep:syllab="1"
            ecep:pron="sɒŋ">song</w>
         <pc xml:id="bhw18-408030"
             n="a-1030"
             ecep:lem=","
             ecep:pos=","
             ecep:reg=","
             ecep:spe=",">,</pc>
      </l>
      <l xml:id="bhw18-l16930">
         <c> </c>
         <w xml:id="bhw18-408040"
            n="a-1040"
            ecep:lem="and"
            ecep:pos="cc"
            ecep:reg="And"
            ecep:spe="And"
            ecep:syllab="1"
            ecep:pron="ænd">And</w>
         <c> </c>
         <w xml:id="bhw18-408050"
            n="a-1050"
            ecep:lem="sweet"
            ecep:pos="j"
            ecep:reg="sweet"
            ecep:spe="sweet"
            ecep:syllab="1"
            ecep:pron="swiːt">sweet</w>
         <c> </c>
         <w xml:id="bhw18-408060"
            n="a-1060"
            ecep:lem="parental"
            ecep:pos="j"
            ecep:reg="parental"
            ecep:spe="parental"
            ecep:syllab="3"
            ecep:pron="pəˈrentl">parental</w>
         <c> </c>
         <w xml:id="bhw18-408070"
            n="a-1070"
            ecep:lem="joy"
            ecep:pos="n2"
            ecep:reg="joys"
            ecep:spe="joys"
            ecep:syllab="1"
            ecep:pron="dʒɔɪz">joys</w>
         <pc xml:id="bhw18-408080"
             n="a-1080"
             ecep:lem=","
             ecep:pos=","
             ecep:reg=","
             ecep:spe=",">,</pc>
         <c> </c>
         <w xml:id="bhw18-408090"
            n="a-1090"
            ecep:lem="in"
            ecep:pos="p-acp"
            ecep:reg="in"
            ecep:spe="in"
            ecep:syllab="1"
            ecep:pron="ɪn">in</w>
         <c> </c>
         <w xml:id="bhw18-408100"
            n="a-1100"
            ecep:lem="rapid"
            ecep:pos="j"
            ecep:reg="rapid"
            ecep:spe="rapid"
            ecep:syllab="2"
            ecep:pron="ˈræpɪd">rapid</w>
         <c> </c>
         <w xml:id="bhw18-408110"
            n="a-1110"
            ecep:lem="flight"
            ecep:pos="n1"
            ecep:reg="flight"
            ecep:spe="flight"
            ecep:syllab="1"
            ecep:pron="flaɪt">flight</w>
         <pc xml:id="bhw18-408120"
             n="a-1120"
             ecep:lem=","
             ecep:pos=","
             ecep:reg=","
             ecep:spe=",">,</pc>
      </l>
      <l rendition="#h_3" xml:id="bhw18-l16935">
         <c> </c>
         <w xml:id="bhw18-408130"
            n="a-1130"
            ecep:lem="have"
            ecep:pos="vhd"
            ecep:reg="Had"
            ecep:spe="Had"
            ecep:syllab="1"
            ecep:pron="hæd">Had</w>
         <c> </c>
         <w xml:id="bhw18-408140"
            n="a-1140"
            ecep:lem="lead"
            ecep:pos="vvn"
            ecep:reg="led"
            ecep:spe="led"
            ecep:syllab="1"
            ecep:pron="led">led</w>
         <c> </c>
         <w xml:id="bhw18-408150"
            n="a-1150"
            ecep:lem="the"
            ecep:pos="dt"
            ecep:reg="the"
            ecep:spe="the"
            ecep:syllab="1"
            ecep:pron="ðiː">the</w>
         <c> </c>
         <w xml:id="bhw18-408160"
            n="a-1160"
            ecep:lem="circle"
            ecep:pos="n1"
            ecep:reg="circle"
            ecep:spe="circle"
            ecep:syllab="2"
            ecep:pron="ˈsɜːkl">circle</w>
         <c> </c>
         <w xml:id="bhw18-408170"
            n="a-1170"
            ecep:lem="of"
            ecep:pos="pp-f"
            ecep:reg="of"
            ecep:spe="of"
            ecep:syllab="1"
            ecep:pron="ɒv">of</w>
         <c> </c>
         <w xml:id="bhw18-408180"
            n="a-1180"
            ecep:lem="thy"
            ecep:pos="po21"
            ecep:reg="thy"
            ecep:spe="thy"
            ecep:syllab="1"
            ecep:pron="ðaɪ">thy</w>
         <c> </c>
         <w xml:id="bhw18-408190"
            n="a-1190"
            ecep:lem="life"
            ecep:pos="n1"
            ecep:reg="life"
            ecep:spe="life"
            ecep:syllab="1"
            ecep:pron="laɪf">life</w>
         <c> </c>
         <w xml:id="bhw18-408200"
            n="a-1200"
            ecep:lem="along"
            ecep:pos="a-acp"
            ecep:reg="along"
            ecep:spe="along"
            ecep:syllab="2"
            ecep:pron="əˈlɒŋ">along</w>
         <pc xml:id="bhw18-408210"
             n="a-1210"
             unit="sentence"
             ecep:lem="."
             ecep:pos="."
             ecep:reg="."
             ecep:spe=".">.</pc>
         <c> </c>
      </l>
   </lg>
   <lg xml:id="bhw18-s01520">
      <l xml:id="bhw18-l16940">
         <w xml:id="bhw18-408240"
            n="a-1220"
            ecep:lem="secure"
            ecep:pos="av-j"
            ecep:reg="Securely"
            ecep:spe="Securely"
            ecep:syllab="3"
            ecep:pron="sɪˈkjʊəli">Securely</w>
         <c> </c>
         <w xml:id="bhw18-408250"
            n="a-1230"
            ecep:lem="to"
            ecep:pos="p-acp"
            ecep:reg="to"
            ecep:spe="to"
            ecep:syllab="1"
            ecep:pron="tuː">to</w>
         <c> </c>
         <w xml:id="bhw18-408260"
            n="a-1240"
            ecep:lem="my"
            ecep:pos="po11"
            ecep:reg="my"
            ecep:spe="my"
            ecep:syllab="1"
            ecep:pron="maɪ">my</w>
         <c> </c>
         <w xml:id="bhw18-408270"
            n="a-1250"
            ecep:lem="window"
            ecep:pos="n1"
            ecep:reg="window"
            ecep:spe="window"
            ecep:syllab="2"
            ecep:pron="ˈwɪndəʊ">window</w>
         <c> </c>
         <w xml:id="bhw18-408280"
            n="a-1260"
            ecep:lem="have"
            ecep:pos="vhd2"
            ecep:reg="hadst"
            ecep:spe="hadst"
            ecep:syllab="1"
            ecep:pron="hædst">hadst</w>
         <c> </c>
         <w xml:id="bhw18-408290"
            n="a-1270"
            ecep:lem="thou"
            ecep:pos="pns21"
            ecep:reg="thou"
            ecep:spe="thou"
            ecep:syllab="1"
            ecep:pron="θaʊ">thou</w>
         <c> </c>
         <w xml:id="bhw18-408300"
            n="a-1280"
            ecep:lem="fly"
            ecep:pos="vvn"
            ecep:reg="flown"
            ecep:spe="flown"
            ecep:syllab="1"
            ecep:pron="fləʊn">flown</w>
         <pc xml:id="bhw18-408310"
             n="a-1290"
             ecep:lem=","
             ecep:pos=","
             ecep:reg=","
             ecep:spe=",">,</pc>
      </l>
      <l rendition="#h_3" xml:id="bhw18-l16945">
         <c> </c>
         <w xml:id="bhw18-408320"
            n="a-1300"
            ecep:lem="and"
            ecep:pos="cc"
            ecep:reg="And"
            ecep:spe="And"
            ecep:syllab="1"
            ecep:pron="ænd">And</w>
         <c> </c>
         <w xml:id="bhw18-408330"
            n="a-1310"
            ecep:lem="ever"
            ecep:pos="av"
            ecep:reg="ever"
            ecep:spe="ever"
            ecep:syllab="2"
            ecep:pron="ˈevə">ever</w>
         <c> </c>
         <w xml:id="bhw18-408340"
            n="a-1320"
            ecep:lem="thy"
            ecep:pos="po21"
            ecep:reg="thy"
            ecep:spe="thy"
            ecep:syllab="1"
            ecep:pron="ðaɪ">thy</w>
         <c> </c>
         <w xml:id="bhw18-408350"
            n="a-1330"
            ecep:lem="accustom"
            ecep:pos="j-vvn"
            ecep:reg="accustomed"
            ecep:spe="accustom'd"
            ecep:syllab="3"
            ecep:pron="əˈkʌstəmd">accustom'd</w>
         <c> </c>
         <w xml:id="bhw18-408360"
            n="a-1340"
            ecep:lem="morsel"
            ecep:pos="n1"
            ecep:reg="morsel"
            ecep:spe="morsel"
            ecep:syllab="2"
            ecep:pron="ˈmɔːsl">morsel</w>
         <c> </c>
         <w xml:id="bhw18-408370"
            n="a-1350"
            ecep:lem="find"
            ecep:pos="vvd"
            ecep:reg="found"
            ecep:spe="found"
            ecep:syllab="1"
            ecep:pron="faʊnd">found</w>
         <pc xml:id="bhw18-408380"
             n="a-1360"
             ecep:lem=";"
             ecep:pos=";"
             ecep:reg=";"
             ecep:spe=";">;</pc>
      </l>
      <l xml:id="bhw18-l16950">
         <c> </c>
         <w xml:id="bhw18-408390"
            n="a-1370"
            ecep:lem="nor"
            ecep:pos="ccx"
            ecep:reg="Nor"
            ecep:spe="Nor"
            ecep:syllab="1"
            ecep:pron="nɔː">Nor</w>
         <c> </c>
         <w xml:id="bhw18-408400"
            n="a-1380"
            ecep:lem="shall"
            ecep:pos="vmd"
            ecep:reg="should"
            ecep:spe="should"
            ecep:syllab="1"
            ecep:pron="ʃʊd">should</w>
         <c> </c>
         <w xml:id="bhw18-408410"
            n="a-1390"
            ecep:lem="thy"
            ecep:pos="po21"
            ecep:reg="thy"
            ecep:spe="thy"
            ecep:syllab="1"
            ecep:pron="ðaɪ">thy</w>
         <c> </c>
         <w xml:id="bhw18-408420"
            n="a-1400"
            ecep:lem="trust"
            ecep:pos="j-vvg"
            ecep:reg="trusting"
            ecep:spe="trusting"
            ecep:syllab="2"
            ecep:pron="ˈtrʌstɪŋ">trusting</w>
         <c> </c>
         <w xml:id="bhw18-408430"
            n="a-1410"
            ecep:lem="breast"
            ecep:pos="n1"
            ecep:reg="breast"
            ecep:spe="breast"
            ecep:syllab="1"
            ecep:pron="brest">breast</w>
         <c> </c>
         <w xml:id="bhw18-408440"
            n="a-1420"
            ecep:lem="the"
            ecep:pos="dt"
            ecep:reg="the"
            ecep:spe="the"
            ecep:syllab="1"
            ecep:pron="ðiː">the</w>
         <c> </c>
         <w xml:id="bhw18-408450"
            n="a-1430"
            ecep:lem="want"
            ecep:pos="n2"
            ecep:reg="wants"
            ecep:spe="wants"
            ecep:syllab="1"
            ecep:pron="wɒnts">wants</w>
         <c> </c>
         <w xml:id="bhw18-408460"
            n="a-1440"
            ecep:lem="have"
            ecep:pos="vhb"
            ecep:reg="have"
            ecep:spe="have"
            ecep:syllab="1"
            ecep:pron="hæv">have</w>
         <c> </c>
         <w xml:id="bhw18-408470"
            n="a-1450"
            ecep:lem="know"
            ecep:pos="vvn"
            ecep:reg="known"
            ecep:spe="known"
            ecep:syllab="1"
            ecep:pron="nəʊn">known</w>
      </l>
      <l rendition="#h_3" xml:id="bhw18-l16955">
         <c> </c>
         <w xml:id="bhw18-408480"
            n="a-1460"
            ecep:lem="which"
            ecep:pos="r-crq"
            ecep:reg="Which"
            ecep:spe="Which"
            ecep:syllab="1"
            ecep:pron="wɪtʃ">Which</w>
         <c> </c>
         <w xml:id="bhw18-408490"
            n="a-1470"
            ecep:lem="other"
            ecep:pos="j-jn"
            ecep:reg="other"
            ecep:spe="other"
            ecep:syllab="2"
            ecep:pron="ˈʌðə">other</w>
         <c> </c>
         <w xml:id="bhw18-408500"
            n="a-1480"
            ecep:lem="thrush"
            ecep:pos="n2"
            ecep:reg="Thrushes"
            ecep:spe="Thrushes"
            ecep:syllab="2"
            ecep:pron="ˈθrʌʃɪz">Thrushes</w>
         <c> </c>
         <w xml:id="bhw18-408510"
            n="a-1490"
            ecep:lem="know"
            ecep:pos="vvd"
            ecep:reg="knew"
            ecep:spe="knew"
            ecep:syllab="1"
            ecep:pron="njuː">knew</w>
         <c> </c>
         <w xml:id="bhw18-408520"
            n="a-1500"
            ecep:lem="when"
            ecep:pos="c-crq"
            ecep:reg="when"
            ecep:spe="when"
            ecep:syllab="1"
            ecep:pron="wen">when</w>
         <c> </c>
         <w xml:id="bhw18-408530"
            n="a-1510"
            ecep:lem="winter"
            ecep:pos="n1"
            ecep:reg="winter"
            ecep:spe="winter"
            ecep:syllab="2"
            ecep:pron="ˈwɪntə">winter</w>
         <c> </c>
         <w xml:id="bhw18-408540"
            n="a-1520"
            ecep:lem="frown"
            ecep:pos="vvd"
            ecep:reg="frowned"
            ecep:spe="frown'd"
            ecep:syllab="1"
            ecep:pron="fraʊnd">frown'd</w>
         <pc xml:id="bhw18-408550"
             n="a-1530"
             unit="sentence"
             ecep:lem="."
             ecep:pos="."
             ecep:reg="."
             ecep:spe=".">.</pc>
         <c> </c>
      </l>
   </lg>
   <pb n="224" rend="none"/>
   <lg xml:id="bhw18-s01525">
      <l xml:id="bhw18-l16960">
         <w xml:id="bhw18-408580"
            n="a-0010"
            ecep:lem="frame"
            ecep:pos="j-vvn"
            ecep:reg="Framed"
            ecep:spe="Fram'd"
            ecep:syllab="1"
            ecep:pron="freɪmd">Fram'd</w>
         <c> </c>
         <w xml:id="bhw18-408590"
            n="a-0020"
            ecep:lem="with"
            ecep:pos="p-acp"
            ecep:reg="with"
            ecep:spe="with"
            ecep:syllab="1"
            ecep:pron="wɪð">with</w>
         <c> </c>
         <w xml:id="bhw18-408600"
            n="a-0030"
            ecep:lem="the"
            ecep:pos="dt"
            ecep:reg="the"
            ecep:spe="the"
            ecep:syllab="1"
            ecep:pron="ðiː">the</w>
         <c> </c>
         <w xml:id="bhw18-408610"
            n="a-0040"
            ecep:lem="wisdom"
            ecep:pos="n1"
            ecep:reg="wisdom"
            ecep:spe="wisdom"
            ecep:syllab="2"
            ecep:pron="ˈwɪzdəm">wisdom</w>
         <c> </c>
         <w xml:id="bhw18-408620"
            n="a-0050"
            ecep:lem="nature"
            ecep:pos="n1"
            ecep:reg="nature"
            ecep:spe="nature"
            ecep:syllab="2"
            ecep:pron="ˈneɪtʃə">nature</w>
         <c> </c>
         <w xml:id="bhw18-408630"
            n="a-0060"
            ecep:lem="lend"
            ecep:pos="vvn"
            ecep:reg="lent"
            ecep:spe="lent"
            ecep:syllab="1"
            ecep:pron="lent">lent</w>
         <c> </c>
         <w xml:id="bhw18-408640"
            n="a-0070"
            ecep:lem="to"
            ecep:pos="p-acp"
            ecep:reg="to"
            ecep:spe="to"
            ecep:syllab="1"
            ecep:pron="tuː">to</w>
         <c> </c>
         <w xml:id="bhw18-408650"
            n="a-0080"
            ecep:lem="thou"
            ecep:pos="pno21"
            ecep:reg="thee"
            ecep:spe="thee"
            ecep:syllab="1"
            ecep:pron="ðiː">thee</w>
         <pc xml:id="bhw18-408660"
             n="a-0090"
             ecep:lem=","
             ecep:pos=","
             ecep:reg=","
             ecep:spe=",">,</pc>
      </l>
      <l rendition="#h_3" xml:id="bhw18-l16965">
         <c> </c>
         <w xml:id="bhw18-408670"
            n="a-0100"
            ecep:lem="thy"
            ecep:pos="po21"
            ecep:reg="Thy"
            ecep:spe="Thy"
            ecep:syllab="1"
            ecep:pron="ðaɪ">Thy</w>
         <c> </c>
         <w xml:id="bhw18-408680"
            n="a-0110"
            ecep:lem="house"
            ecep:pos="n1"
            ecep:reg="house"
            ecep:spe="house"
            ecep:syllab="1"
            ecep:pron="haʊz">house</w>
         <c> </c>
         <w xml:id="bhw18-408690"
            n="a-0120"
            ecep:lem="of"
            ecep:pos="pp-f"
            ecep:reg="of"
            ecep:spe="of"
            ecep:syllab="1"
            ecep:pron="ɒv">of</w>
         <c> </c>
         <w xml:id="bhw18-408700"
            n="a-0130"
            ecep:lem="straw"
            ecep:pos="n1"
            ecep:reg="straw"
            ecep:spe="straw"
            ecep:syllab="1"
            ecep:pron="strɔː">straw</w>
         <c> </c>
         <w xml:id="bhw18-408710"
            n="a-0140"
            ecep:lem="have"
            ecep:pos="vhd"
            ecep:reg="had"
            ecep:spe="had"
            ecep:syllab="1"
            ecep:pron="hæd">had</w>
         <c> </c>
         <w xml:id="bhw18-408720"
            n="a-0150"
            ecep:lem="brave"
            ecep:pos="vvn"
            ecep:reg="braved"
            ecep:spe="brav'd"
            ecep:syllab="1"
            ecep:pron="breɪvd">brav'd</w>
         <c> </c>
         <w xml:id="bhw18-408730"
            n="a-0160"
            ecep:lem="the"
            ecep:pos="dt"
            ecep:reg="the"
            ecep:spe="the"
            ecep:syllab="1"
            ecep:pron="ðiː">the</w>
         <c> </c>
         <w xml:id="bhw18-408740"
            n="a-0170"
            ecep:lem="tempest"
            ecep:pos="ng1"
            ecep:reg="tempest's"
            ecep:spe="tempest's"
            ecep:syllab="2"
            ecep:pron="ˈtempɪstz">tempest's</w>
         <c> </c>
         <w xml:id="bhw18-408750"
            n="a-0180"
            ecep:lem="rage"
            ecep:pos="n1"
            ecep:reg="rage"
            ecep:spe="rage"
            ecep:syllab="1"
            ecep:pron="reɪdʒ">rage</w>
         <pc xml:id="bhw18-408760"
             n="a-0190"
             ecep:lem=","
             ecep:pos=","
             ecep:reg=","
             ecep:spe=",">,</pc>
      </l>
      <l xml:id="bhw18-l16970">
         <c> </c>
         <w xml:id="bhw18-408770"
            n="a-0200"
            ecep:lem="and"
            ecep:pos="cc"
            ecep:reg="And"
            ecep:spe="And"
            ecep:syllab="1"
            ecep:pron="ænd">And</w>
         <c> </c>
         <w xml:id="bhw18-408780"
            n="a-0210"
            ecep:lem="thou"
            ecep:pos="pns21"
            ecep:reg="thou"
            ecep:spe="thou"
            ecep:syllab="1"
            ecep:pron="θaʊ">thou</w>
         <c> </c>
         <w xml:id="bhw18-408790"
            n="a-0220"
            ecep:lem="through"
            ecep:pos="p-acp"
            ecep:reg="through"
            ecep:spe="through"
            ecep:syllab="1"
            ecep:pron="θruː">through</w>
         <c> </c>
         <w xml:id="bhw18-408800"
            n="a-0230"
            ecep:lem="many"
            ecep:pos="d"
            ecep:reg="many"
            ecep:spe="many"
            ecep:syllab="1"
            ecep:pron="ˈmeni">many</w>
         <c> </c>
         <w xml:id="bhw18-408810"
            n="a-0240"
            ecep:lem="a"
            ecep:pos="dt"
            ecep:reg="a"
            ecep:spe="a"
            ecep:syllab="1"
            ecep:pron="ə">a</w>
         <c> </c>
         <w xml:id="bhw18-408820"
            n="a-0250"
            ecep:lem="spring"
            ecep:pos="n1"
            ecep:reg="Spring"
            ecep:spe="Spring"
            ecep:syllab="1"
            ecep:pron="sprɪŋ">Spring</w>
         <c> </c>
         <w xml:id="bhw18-408830"
            n="a-0260"
            ecep:lem="have"
            ecep:pos="vhd2"
            ecep:reg="hadst"
            ecep:spe="hadst"
            ecep:syllab="1"
            ecep:pron="hædst">hadst</w>
         <c> </c>
         <w xml:id="bhw18-408840"
            n="a-0270"
            ecep:lem="live"
            ecep:pos="vvn"
            ecep:reg="lived"
            ecep:spe="liv'd"
            ecep:syllab="1"
            ecep:pron="lɪvd">liv'd</w>
         <c> </c>
         <w xml:id="bhw18-408850"
            n="a-0280"
            ecep:lem="to"
            ecep:pos="pc-acp"
            ecep:reg="to"
            ecep:spe="to"
            ecep:syllab="1"
            ecep:pron="tuː">to</w>
         <c> </c>
         <w xml:id="bhw18-408860"
            n="a-0290"
            ecep:lem="see"
            ecep:pos="vvi"
            ecep:reg="see"
            ecep:spe="see"
            ecep:syllab="1"
            ecep:pron="siː">see</w>
      </l>
      <l rendition="#h_3" xml:id="bhw18-l16975">
         <c> </c>
         <w xml:id="bhw18-408870"
            n="a-0300"
            ecep:lem="the"
            ecep:pos="dt"
            ecep:reg="The"
            ecep:spe="The"
            ecep:syllab="1"
            ecep:pron="ðiː">The</w>
         <c> </c>
         <w xml:id="bhw18-408880"
            n="a-0310"
            ecep:lem="utmost"
            ecep:pos="j"
            ecep:reg="utmost"
            ecep:spe="utmost"
            ecep:syllab="2"
            ecep:pron="ˈʌtməʊst">utmost</w>
         <c> </c>
         <w xml:id="bhw18-408890"
            n="a-0320"
            ecep:lem="limit"
            ecep:pos="n1"
            ecep:reg="limit"
            ecep:spe="limit"
            ecep:syllab="2"
            ecep:pron="ˈlɪmɪt">limit</w>
         <c> </c>
         <w xml:id="bhw18-408900"
            n="a-0330"
            ecep:lem="of"
            ecep:pos="pp-f"
            ecep:reg="of"
            ecep:spe="of"
            ecep:syllab="1"
            ecep:pron="ɒv">of</w>
         <c> </c>
         <w xml:id="bhw18-408910"
            n="a-0340"
            ecep:lem="a"
            ecep:pos="dt"
            ecep:reg="a"
            ecep:spe="a"
            ecep:syllab="1"
            ecep:pron="ə">a</w>
         <c> </c>
         <w xml:id="bhw18-408920"
            n="a-0350"
            ecep:lem="thrush"
            ecep:pos="npg1"
            ecep:reg="Thrush's"
            ecep:spe="Thrush's"
            ecep:syllab="1"
            ecep:pron="θrʌʃz">Thrush's</w>
         <c> </c>
         <w xml:id="bhw18-408930"
            n="a-0360"
            ecep:lem="age"
            ecep:pos="n1"
            ecep:reg="age"
            ecep:spe="age"
            ecep:syllab="1"
            ecep:pron="eɪdʒ">age</w>
         <pc xml:id="bhw18-408940"
             n="a-0370"
             unit="sentence"
             ecep:lem="."
             ecep:pos="."
             ecep:reg="."
             ecep:spe=".">.</pc>
         <c> </c>
      </l>
   </lg>
   <lg xml:id="bhw18-s01530">
      <l xml:id="bhw18-l16980">
         <w xml:id="bhw18-408970"
            n="a-0380"
            ecep:lem="ill-fated"
            ecep:pos="j"
            ecep:reg="Ill-fated"
            ecep:spe="Ill-fated"
            ecep:syllab="3"
            ecep:pron="ˌɪlˈfeɪtɪd">Ill-fated</w>
         <c> </c>
         <w xml:id="bhw18-408980"
            n="a-0390"
            ecep:lem="bird"
            ecep:pos="n1"
            ecep:reg="bird"
            ecep:spe="bird"
            ecep:syllab="1"
            ecep:pron="bɜːd">bird</w>
         <pc xml:id="bhw18-408990"
             n="a-0400"
             ecep:lem="!"
             ecep:pos="!"
             ecep:reg="!"
             ecep:spe="!">!</pc>
         <c> </c>
         <pc xml:id="bhw18-409000"
             n="a-0410"
             ecep:lem="—"
             ecep:pos="—"
             ecep:reg="—"
             ecep:spe="—">—</pc>
         <c> </c>
         <w xml:id="bhw18-409010"
            n="a-0420"
            ecep:lem="and"
            ecep:pos="cc"
            ecep:reg="and"
            ecep:spe="and"
            ecep:syllab="1"
            ecep:pron="ænd">and</w>
         <c> </c>
         <w xml:id="bhw18-409020"
            n="a-0430"
            ecep:lem="do"
            ecep:pos="vdz"
            ecep:reg="does"
            ecep:spe="does"
            ecep:syllab="1"
            ecep:pron="dʌz">does</w>
         <c> </c>
         <w xml:id="bhw18-409030"
            n="a-0440"
            ecep:lem="the"
            ecep:pos="dt"
            ecep:reg="the"
            ecep:spe="the"
            ecep:syllab="1"
            ecep:pron="ðiː">the</w>
         <c> </c>
         <w xml:id="bhw18-409040"
            n="a-0450"
            ecep:lem="thrush"
            ecep:pos="npg1"
            ecep:reg="Thrush's"
            ecep:spe="Thrush's"
            ecep:syllab="1"
            ecep:pron="θrʌʃz">Thrush's</w>
         <c> </c>
         <w xml:id="bhw18-409050"
            n="a-0460"
            ecep:lem="race"
            ecep:pos="n1"
            ecep:reg="race"
            ecep:spe="race"
            ecep:syllab="1"
            ecep:pron="reɪs">race</w>
         <pc xml:id="bhw18-409060"
             n="a-0470"
             ecep:lem=","
             ecep:pos=","
             ecep:reg=","
             ecep:spe=",">,</pc>
      </l>
      <l rendition="#h_3" xml:id="bhw18-l16985">
         <c> </c>
         <w xml:id="bhw18-409070"
            n="a-0480"
            ecep:lem="like"
            ecep:pos="av-j"
            ecep:reg="Like"
            ecep:spe="Like"
            ecep:syllab="1"
            ecep:pron="laɪk">Like</w>
         <c> </c>
         <w xml:id="bhw18-409080"
            n="a-0490"
            ecep:lem="man"
            ecep:pos="ng1"
            ecep:reg="Man's"
            ecep:spe="Man's"
            ecep:syllab="1"
            ecep:pron="ˈmænz">Man's</w>
         <pc xml:id="bhw18-409090"
             n="a-0500"
             ecep:lem=","
             ecep:pos=","
             ecep:reg=","
             ecep:spe=",">,</pc>
         <c> </c>
         <w xml:id="bhw18-409100"
            n="a-0510"
            ecep:lem="mistake"
            ecep:pos="vvb"
            ecep:reg="mistake"
            ecep:spe="mistake"
            ecep:syllab="2"
            ecep:pron="mɪˈsteɪk">mistake</w>
         <c> </c>
         <w xml:id="bhw18-409110"
            n="a-0520"
            ecep:lem="the"
            ecep:pos="dt"
            ecep:reg="the"
            ecep:spe="the"
            ecep:syllab="1"
            ecep:pron="ðiː">the</w>
         <c> </c>
         <w xml:id="bhw18-409120"
            n="a-0530"
            ecep:lem="path"
            ecep:pos="n1"
            ecep:reg="path"
            ecep:spe="path"
            ecep:syllab="1"
            ecep:pron="pɑːθ">path</w>
         <c> </c>
         <w xml:id="bhw18-409130"
            n="a-0540"
            ecep:lem="that"
            ecep:pos="cst"
            ecep:reg="that"
            ecep:spe="that"
            ecep:syllab="1"
            ecep:pron="ðæt">that</w>
         <c> </c>
         <w xml:id="bhw18-409140"
            n="a-0550"
            ecep:lem="lead"
            ecep:pos="vvz"
            ecep:reg="leads"
            ecep:spe="leads"
            ecep:syllab="1"
            ecep:pron="liːdz">leads</w>
         <c> </c>
         <w xml:id="bhw18-409150"
            n="a-0560"
            ecep:lem="to"
            ecep:pos="p-acp"
            ecep:reg="to"
            ecep:spe="to"
            ecep:syllab="1"
            ecep:pron="tuː">to</w>
         <c> </c>
         <w xml:id="bhw18-409160"
            n="a-0570"
            ecep:lem="bliss"
            ecep:pos="n1"
            ecep:reg="bliss"
            ecep:spe="bliss"
            ecep:syllab="1"
            ecep:pron="blɪs">bliss</w>
         <pc xml:id="bhw18-409170"
             n="a-0580"
             unit="sentence"
             ecep:lem="?"
             ecep:pos="?"
             ecep:reg="?"
             ecep:spe="?">?</pc>
         <c> </c>
      </l>
      <l xml:id="bhw18-l16990">
         <w xml:id="bhw18-409180"
            n="a-0590"
            ecep:lem="or"
            ecep:pos="cc"
            ecep:reg="Or"
            ecep:spe="Or"
            ecep:syllab="1"
            ecep:pron="ɔː">Or</w>
         <pc xml:id="bhw18-409190"
             n="a-0600"
             ecep:lem=","
             ecep:pos=","
             ecep:reg=","
             ecep:spe=",">,</pc>
         <c> </c>
         <w xml:id="bhw18-409200"
            n="a-0610"
            ecep:lem="when"
            ecep:pos="c-crq"
            ecep:reg="when"
            ecep:spe="when"
            ecep:syllab="1"
            ecep:pron="wen">when</w>
         <c> </c>
         <w xml:id="bhw18-409210"
            n="a-0620"
            ecep:lem="his"
            ecep:pos="po31"
            ecep:reg="his"
            ecep:spe="his"
            ecep:syllab="1"
            ecep:pron="hɪz">his</w>
         <c> </c>
         <w xml:id="bhw18-409220"
            n="a-0630"
            ecep:lem="eye"
            ecep:pos="n1"
            ecep:reg="eye"
            ecep:spe="eye"
            ecep:syllab="1"
            ecep:pron="aɪ">eye</w>
         <c> </c>
         <w xml:id="bhw18-409230"
            n="a-0640"
            ecep:lem="that"
            ecep:pos="cst"
            ecep:reg="that"
            ecep:spe="that"
            ecep:syllab="1"
            ecep:pron="ðæt">that</w>
         <c> </c>
         <w xml:id="bhw18-409240"
            n="a-0650"
            ecep:lem="tranquil"
            ecep:pos="j"
            ecep:reg="tranquil"
            ecep:spe="tranquil"
            ecep:syllab="2"
            ecep:pron="ˈtræŋkwɪl">tranquil</w>
         <c> </c>
         <w xml:id="bhw18-409250"
            n="a-0660"
            ecep:lem="path"
            ecep:pos="n1"
            ecep:reg="path"
            ecep:spe="path"
            ecep:syllab="1"
            ecep:pron="pɑːθ">path</w>
         <c> </c>
         <w xml:id="bhw18-409260"
            n="a-0670"
            ecep:lem="can"
            ecep:pos="vmb"
            ecep:reg="can"
            ecep:spe="can"
            ecep:syllab="1"
            ecep:pron="kæn">can</w>
         <c> </c>
         <w xml:id="bhw18-409270"
            n="a-0680"
            ecep:lem="trace"
            ecep:pos="vvi"
            ecep:reg="trace"
            ecep:spe="trace"
            ecep:syllab="1"
            ecep:pron="treɪs">trace</w>
         <pc xml:id="bhw18-409280"
             n="a-0690"
             ecep:lem=","
             ecep:pos=","
             ecep:reg=","
             ecep:spe=",">,</pc>
      </l>
      <l rendition="#h_3" xml:id="bhw18-l16995">
         <c> </c>
         <w xml:id="bhw18-409290"
            n="a-0700"
            ecep:lem="the"
            ecep:pos="dt"
            ecep:reg="The"
            ecep:spe="The"
            ecep:syllab="1"
            ecep:pron="ðiː">The</w>
         <c> </c>
         <w xml:id="bhw18-409300"
            n="a-0710"
            ecep:lem="good"
            ecep:pos="j"
            ecep:reg="good"
            ecep:spe="good"
            ecep:syllab="1"
            ecep:pron="gʊd">good</w>
         <c> </c>
         <w xml:id="bhw18-409310"
            n="a-0720"
            ecep:lem="he"
            ecep:pos="pns31"
            ecep:reg="he"
            ecep:spe="he"
            ecep:syllab="1"
            ecep:pron="hiː">he</w>
         <c> </c>
         <w xml:id="bhw18-409320"
            n="a-0730"
            ecep:lem="well"
            ecep:pos="av"
            ecep:reg="well"
            ecep:spe="well"
            ecep:syllab="1"
            ecep:pron="wel">well</w>
         <c> </c>
         <w xml:id="bhw18-409330"
            n="a-0740"
            ecep:lem="discern"
            ecep:pos="vvz"
            ecep:reg="discerns"
            ecep:spe="discerns"
            ecep:syllab="2"
            ecep:pron="dɪˈsɜːnz">discerns</w>
         <c> </c>
         <w xml:id="bhw18-409340"
            n="a-0750"
            ecep:lem="through"
            ecep:pos="p-acp"
            ecep:reg="through"
            ecep:spe="through"
            ecep:syllab="1"
            ecep:pron="θruː">through</w>
         <c> </c>
         <w xml:id="bhw18-409350"
            n="a-0760"
            ecep:lem="folly"
            ecep:pos="n1"
            ecep:reg="folly"
            ecep:spe="folly"
            ecep:syllab="2"
            ecep:pron="ˈfɒli">folly</w>
         <c> </c>
         <w xml:id="bhw18-409360"
            n="a-0770"
            ecep:lem="miss"
            ecep:pos="n1"
            ecep:reg="miss"
            ecep:spe="miss"
            ecep:syllab="1"
            ecep:pron="mɪs">miss</w>
         <pc xml:id="bhw18-409370"
             n="a-0780"
             unit="sentence"
             ecep:lem="?"
             ecep:pos="?"
             ecep:reg="?"
             ecep:spe="?">?</pc>
         <c> </c>
      </l>
   </lg>
</div>
