<?xml version="1.0" encoding="UTF-8"?>
<?xml-model href="../tei_all.rnc" type="application/relax-ng-compact-syntax"?>
<TEI xmlns="http://www.tei-c.org/ns/1.0">
   <teiHeader>
      <fileDesc>
         <titleStmt>
            <title corresp="#txt_WeslCh1707_w0021">HYMN of THANKSGIVING to the FATHER.</title>
            <author corresp="authors.xml#aut_WeslCh1707">Rev. Charles Wesley</author>
            <respStmt>
               <name xml:id="AH">Alexander Huber</name>
               <resp>Editor</resp>
            </respStmt>
            <funder>
               <name type="institution" xml:id="BOD">Bodleian Libraries, University of Oxford</name>
               <address>
                  <addrLine>Broad Street</addrLine>
                  <addrLine>Oxford OX1 3BG</addrLine>
                  <addrLine>UK</addrLine>
               </address>
            </funder>
         </titleStmt>
         <publicationStmt>
            <publisher xml:id="ECPA">Eighteenth-Century Poetry Archive</publisher>
            <address>
               <addrLine>Taylor Institution Library</addrLine>
               <addrLine>St Giles'</addrLine>
               <addrLine>Oxford OX1 3NA</addrLine>
               <addrLine>UK</addrLine>
               <addrLine>
                  <email>info@eighteenthcenturypoetry.org</email>
               </addrLine>
               <addrLine>
                  <ref target="https://www.eighteenthcenturypoetry.org/">https://www.eighteenthcenturypoetry.org/</ref>
               </addrLine>
            </address>
            <pubPlace>Oxford</pubPlace>
            <availability status="restricted">
               <licence target="http://creativecommons.org/licenses/by-sa/3.0/">This work is licensed under a Creative Commons Attribution-ShareAlike 3.0 Unported License.</licence>
            </availability>
            <idno type="ESTC">T31323</idno>
            <idno type="TCP">K034809.000</idno>
         </publicationStmt>
         <sourceDesc>
            <bibl>
               <author>Wesley, John, 1703-1791. Wesley, Charles, 1707-1788.</author>
               <title>Hymns and sacred poems: Published by John Wesley, ... and Charles Wesley, ...</title>
               <pubPlace>London</pubPlace>
               <publisher>printed by William Strahan; and sold by James Hutton; and at Mr. Bray's</publisher>
               <date>1739</date>
               <biblScope>pp. 107-108.</biblScope>
               <extent>x,[6],223,[1]p.; 12⁰.</extent>
            </bibl>
         </sourceDesc>
      </fileDesc>
      <encodingDesc>
         <projectDesc>
            <p>This e-text is part of the Works section of the Eighteenth-Century Poetry Archive (ECPA).</p>
            <p>XML created for the Eighteenth-Century Poetry Archive (ECPA).</p>
         </projectDesc>
         <editorialDecl>
            <p>The text has been typographically modernized, but without any silent modernization of
						spelling, capitalization, or punctuation. The source of the text is given and all editorial interventions
						have been recorded in textual notes. Based on the electronic text originally produced by the TCP project, this  text has been edited to conform to the recommendations found in Level 5 of the
						Best Practices for TEI in Libraries version 4.0.0.
					</p>
         </editorialDecl>
         <classDecl>
            <taxonomy xml:id="LCNAF">
               <bibl>Library of Congress Name Authority File (<abbr>LCNAF</abbr>)</bibl>
            </taxonomy>
         </classDecl>
         <tagsDecl>
            <rendition n="linegroups indented" xml:id="lgindent" scheme="css">text-indent: 1em;</rendition>
            <rendition n="linegroups vertically spaced" xml:id="lgvspace" scheme="css">margin-bottom: 1em;</rendition>
            <rendition n="aligned centrally" xml:id="align-center" scheme="css">text-align: center;</rendition>
            <rendition n="aligned right" xml:id="align-right" scheme="css">text-align: right;</rendition>
            <rendition n="aligned left" xml:id="align-left" scheme="css">text-align: left;</rendition>
            <rendition n="inline" xml:id="inline" scheme="css">display: inline</rendition>
            <rendition n="italic" xml:id="i" scheme="css">font-style: italic;</rendition>
            <rendition n="bold" xml:id="b" scheme="css">font-weight: bold;</rendition>
         </tagsDecl>
      </encodingDesc>
   </teiHeader>
   <text>
      <body>
         <div xmlns:ecep="http://www.eighteenthcenturypoetry.org/ns"
              xmlns:tei="http://www.tei-c.org/ns/1.0"
              ana="#iamb #trimeter #tetrameter #sestet #acephal #hymn"
              corresp="#txt_WeslCh1707_w0021"
              decls="#semi-normalized"
              ecep:syllab="6.6.8.8.8.8"
              met="-+|-+|-+/ -+|-+|-+/ -+|-+|-+|-+/ -+|-+|-+|-+/ -+|-+|-+|-+/ -+|-+|-+|-+/"
              rendition="#lgvspace"
              rhyme="aabcbc"
              subtype="eceptext"
              type="poem"
              xml:id="o3900-w0690">
            <link target="authors.xml#aut_WeslCh1707" type="author"/>
            <head type="main">
               <w xml:id="o3900-259410"
                  n="126-a-1070"
                  ecep:lem="hymn"
                  ecep:pos="n1"
                  ecep:reg="HYMN"
                  ecep:spe="HYMN"
                  ecep:syllab="1"
                  ecep:pron="hɪm">HYMN</w>
               <c> </c>
               <w xml:id="o3900-259420"
                  n="126-a-1080"
                  ecep:lem="of"
                  ecep:pos="pp-f"
                  ecep:reg="of"
                  ecep:spe="of"
                  ecep:syllab="1"
                  ecep:pron="ɒv">of</w>
               <c> </c>
               <w xml:id="o3900-259430"
                  n="126-a-1090"
                  ecep:lem="thanksgiving"
                  ecep:pos="n1"
                  ecep:reg="THANKSGIVING"
                  ecep:spe="THANKSGIVING"
                  ecep:syllab="3"
                  ecep:pron="ˌθæŋksˈgɪvɪŋ">THANKSGIVING</w>
               <c> </c>
               <w xml:id="o3900-259440"
                  n="126-a-1100"
                  ecep:lem="to"
                  ecep:pos="p-acp"
                  ecep:reg="to"
                  ecep:spe="to"
                  ecep:syllab="1"
                  ecep:pron="tuː">to</w>
               <c> </c>
               <w xml:id="o3900-259450"
                  n="126-a-1110"
                  ecep:lem="the"
                  ecep:pos="dt"
                  ecep:reg="the"
                  ecep:spe="the"
                  ecep:syllab="1"
                  ecep:pron="ðiː">the</w>
               <c> </c>
               <w xml:id="o3900-259460"
                  n="126-a-1120"
                  ecep:lem="father"
                  ecep:pos="n1"
                  ecep:reg="FATHER"
                  ecep:spe="FATHER"
                  ecep:syllab="2"
                  ecep:pron="ˈfɑːðə">FATHER</w>
               <pc xml:id="o3900-259470"
                   n="126-a-1130"
                   unit="sentence"
                   ecep:lem="."
                   ecep:pos="."
                   ecep:reg="."
                   ecep:spe=".">.</pc>
            </head>
            <lg n="1" xml:id="o3900-s02395">
               <head>
                  <w xml:id="o3900-259510"
                     n="126-a-1140"
                     ecep:lem="i"
                     ecep:pos="pns11"
                     ecep:reg="I"
                     ecep:spe="I."
                     ecep:syllab="1"
                     ecep:pron="ˈaɪ">I.</w>
                  <pc unit="sentence" xml:id="o3900-259510-eos" n="126-a-1150"/>
               </head>
               <l xml:id="o3900-l12610">
                  <w xml:id="o3900-259530"
                     n="126-a-1160"
                     ecep:lem="thou"
                     ecep:pos="pno21"
                     ecep:reg="THEE"
                     ecep:spe="THEE"
                     ecep:syllab="1"
                     ecep:pron="ðiː">THEE</w>
                  <pc xml:id="o3900-259540"
                      n="126-a-1170"
                      ecep:lem=","
                      ecep:pos=","
                      ecep:reg=","
                      ecep:spe=",">,</pc>
                  <c> </c>
                  <w xml:id="o3900-259550"
                     n="126-a-1180"
                     ecep:lem="o"
                     ecep:pos="uh"
                     ecep:reg="OH"
                     ecep:spe="O"
                     ecep:syllab="1"
                     ecep:pron="əʊ">O</w>
                  <c> </c>
                  <w xml:id="o3900-259560"
                     n="126-a-1190"
                     ecep:lem="my"
                     ecep:pos="po11"
                     ecep:reg="my"
                     ecep:spe="my"
                     ecep:syllab="1"
                     ecep:pron="maɪ">my</w>
                  <c> </c>
                  <w xml:id="o3900-259570"
                     n="126-a-1200"
                     ecep:lem="god"
                     ecep:pos="n1"
                     ecep:reg="GOD"
                     ecep:spe="GOD"
                     ecep:syllab="1"
                     ecep:pron="gɒd">GOD</w>
                  <c> </c>
                  <w xml:id="o3900-259580"
                     n="126-a-1210"
                     ecep:lem="and"
                     ecep:pos="cc"
                     ecep:reg="and"
                     ecep:spe="and"
                     ecep:syllab="1"
                     ecep:pron="ænd">and</w>
                  <c> </c>
                  <w xml:id="o3900-259590"
                     n="126-a-1220"
                     ecep:lem="king"
                     ecep:pos="n1"
                     ecep:reg="King"
                     ecep:spe="King"
                     ecep:syllab="1"
                     ecep:pron="kɪŋ">King</w>
                  <pc xml:id="o3900-259600"
                      n="126-a-1230"
                      ecep:lem=","
                      ecep:pos=","
                      ecep:reg=","
                      ecep:spe=",">,</pc>
               </l>
               <l xml:id="o3900-l12615">
                  <c> </c>
                  <w xml:id="o3900-259610"
                     n="126-a-1240"
                     ecep:lem="my"
                     ecep:pos="po11"
                     ecep:reg="My"
                     ecep:spe="My"
                     ecep:syllab="1"
                     ecep:pron="maɪ">My</w>
                  <c> </c>
                  <w xml:id="o3900-259620"
                     n="126-a-1250"
                     ecep:lem="father"
                     ecep:pos="n1"
                     ecep:reg="Father"
                     ecep:spe="Father"
                     ecep:syllab="2"
                     ecep:pron="ˈfɑːðə">Father</w>
                  <pc xml:id="o3900-259630"
                      n="126-a-1260"
                      ecep:lem=","
                      ecep:pos=","
                      ecep:reg=","
                      ecep:spe=",">,</pc>
                  <c> </c>
                  <w xml:id="o3900-259640"
                     n="126-a-1270"
                     ecep:lem="thou"
                     ecep:pos="pno21"
                     ecep:reg="Thee"
                     ecep:spe="Thee"
                     ecep:syllab="1"
                     ecep:pron="ðiː">Thee</w>
                  <c> </c>
                  <w xml:id="o3900-259650"
                     n="126-a-1280"
                     ecep:lem="i"
                     ecep:pos="pns11"
                     ecep:reg="I"
                     ecep:spe="I"
                     ecep:syllab="1"
                     ecep:pron="aɪ">I</w>
                  <c> </c>
                  <w xml:id="o3900-259660"
                     n="126-a-1290"
                     ecep:lem="sing"
                     ecep:pos="vvb"
                     ecep:reg="sing"
                     ecep:spe="sing"
                     ecep:syllab="1"
                     ecep:pron="sɪŋ">sing</w>
                  <pc xml:id="o3900-259670"
                      n="126-a-1300"
                      unit="sentence"
                      ecep:lem="!"
                      ecep:pos="!"
                      ecep:reg="!"
                      ecep:spe="!">!</pc>
                  <c> </c>
               </l>
               <l xml:id="o3900-l12620">
                  <w xml:id="o3900-259680"
                     n="126-a-1310"
                     ecep:lem="hear"
                     ecep:pos="vvb"
                     ecep:reg="Hear"
                     ecep:spe="Hear"
                     ecep:syllab="1"
                     ecep:pron="hɪə">Hear</w>
                  <c> </c>
                  <w xml:id="o3900-259690"
                     n="126-a-1320"
                     ecep:lem="well-pleased"
                     ecep:pos="j"
                     ecep:reg="well-pleased"
                     ecep:spe="well-pleas'd"
                     ecep:syllab="2"
                     ecep:pron="welˌpliːzd">well-pleas'd</w>
                  <c> </c>
                  <w xml:id="o3900-259700"
                     n="126-a-1330"
                     ecep:lem="the"
                     ecep:pos="dt"
                     ecep:reg="the"
                     ecep:spe="the"
                     ecep:syllab="1"
                     ecep:pron="ðiː">the</w>
                  <c> </c>
                  <w xml:id="o3900-259710"
                     n="126-a-1340"
                     ecep:lem="joyous"
                     ecep:pos="j"
                     ecep:reg="joyous"
                     ecep:spe="joyous"
                     ecep:syllab="2"
                     ecep:pron="ˈdʒɔɪəs">joyous</w>
                  <c> </c>
                  <w xml:id="o3900-259720"
                     n="126-a-1350"
                     ecep:lem="sound"
                     ecep:pos="n1"
                     ecep:reg="Sound"
                     ecep:spe="Sound"
                     ecep:syllab="1"
                     ecep:pron="saʊnd">Sound</w>
                  <pc xml:id="o3900-259730"
                      n="126-a-1360"
                      ecep:lem=","
                      ecep:pos=","
                      ecep:reg=","
                      ecep:spe=",">,</pc>
               </l>
               <l xml:id="o3900-l12625">
                  <c> </c>
                  <w xml:id="o3900-259740"
                     n="126-a-1370"
                     ecep:lem="praise"
                     ecep:pos="vvb"
                     ecep:reg="Praise"
                     ecep:spe="Praise"
                     ecep:syllab="1"
                     ecep:pron="preɪz">Praise</w>
                  <c> </c>
                  <w xml:id="o3900-259750"
                     n="126-a-1380"
                     ecep:lem="from"
                     ecep:pos="p-acp"
                     ecep:reg="from"
                     ecep:spe="from"
                     ecep:syllab="1"
                     ecep:pron="frɒm">from</w>
                  <c> </c>
                  <w xml:id="o3900-259760"
                     n="126-a-1390"
                     ecep:lem="earth"
                     ecep:pos="n1"
                     ecep:reg="Earth"
                     ecep:spe="Earth"
                     ecep:syllab="1"
                     ecep:pron="ɜːθ">Earth</w>
                  <c> </c>
                  <w xml:id="o3900-259770"
                     n="126-a-1400"
                     ecep:lem="and"
                     ecep:pos="cc"
                     ecep:reg="and"
                     ecep:spe="and"
                     ecep:syllab="1"
                     ecep:pron="ænd">and</w>
                  <c> </c>
                  <w xml:id="o3900-259780"
                     n="126-a-1410"
                     ecep:lem="heaven"
                     ecep:pos="n1"
                     ecep:reg="Heaven"
                     ecep:spe="Heav'n"
                     ecep:syllab="1"
                     ecep:pron="ˈhevn">Heav'n</w>
                  <c> </c>
                  <w xml:id="o3900-259790"
                     n="126-a-1420"
                     ecep:lem="receive"
                     ecep:pos="vvi"
                     ecep:reg="receive"
                     ecep:spe="receive"
                     ecep:syllab="2"
                     ecep:pron="rɪˈsiːv">receive</w>
                  <pc xml:id="o3900-259800"
                      n="126-a-1430"
                      ecep:lem=";"
                      ecep:pos=";"
                      ecep:reg=";"
                      ecep:spe=";">;</pc>
               </l>
               <l xml:id="o3900-l12630">
                  <c> </c>
                  <w xml:id="o3900-259810"
                     n="126-a-1440"
                     ecep:lem="lose"
                     ecep:pos="vvn"
                     ecep:reg="Lost"
                     ecep:spe="Lost"
                     ecep:syllab="1"
                     ecep:pron="lɒst">Lost</w>
                  <pc xml:id="o3900-259820"
                      n="126-a-1450"
                      ecep:lem=","
                      ecep:pos=","
                      ecep:reg=","
                      ecep:spe=",">,</pc>
                  <c> </c>
                  <w xml:id="o3900-259830"
                     n="126-a-1460"
                     ecep:lem="i"
                     ecep:pos="pns11"
                     ecep:reg="I"
                     ecep:spe="I"
                     ecep:syllab="1"
                     ecep:pron="aɪ">I</w>
                  <c> </c>
                  <w xml:id="o3900-259840"
                     n="126-a-1470"
                     ecep:lem="now"
                     ecep:pos="av"
                     ecep:reg="now"
                     ecep:spe="now"
                     ecep:syllab="1"
                     ecep:pron="naʊ">now</w>
                  <c> </c>
                  <w xml:id="o3900-259850"
                     n="126-a-1480"
                     ecep:lem="in"
                     ecep:pos="p-acp"
                     ecep:reg="in"
                     ecep:spe="in"
                     ecep:syllab="1"
                     ecep:pron="ɪn">in</w>
                  <c> </c>
                  <w xml:id="o3900-259860"
                     n="126-a-1490"
                     ecep:lem="Christ"
                     ecep:pos="np1"
                     ecep:reg="CHRIST"
                     ecep:spe="CHRIST"
                     ecep:syllab="1"
                     ecep:pron="ˈkraɪst">CHRIST</w>
                  <c> </c>
                  <w xml:id="o3900-259870"
                     n="126-a-1500"
                     ecep:lem="be"
                     ecep:pos="vbm"
                     ecep:reg="am"
                     ecep:spe="am"
                     ecep:syllab="1"
                     ecep:pron="æm">am</w>
                  <c> </c>
                  <w xml:id="o3900-259880"
                     n="126-a-1510"
                     ecep:lem="find"
                     ecep:pos="vvn"
                     ecep:reg="found"
                     ecep:spe="found"
                     ecep:syllab="1"
                     ecep:pron="faʊnd">found</w>
                  <pc xml:id="o3900-259890"
                      n="126-a-1520"
                      ecep:lem=","
                      ecep:pos=","
                      ecep:reg=","
                      ecep:spe=",">,</pc>
               </l>
               <l xml:id="o3900-l12635">
                  <c> </c>
                  <w xml:id="o3900-259900"
                     n="126-a-1530"
                     ecep:lem="dead"
                     ecep:pos="j"
                     ecep:reg="Dead"
                     ecep:spe="Dead"
                     ecep:syllab="1"
                     ecep:pron="ded">Dead</w>
                  <pc xml:id="o3900-259910"
                      n="126-a-1540"
                      ecep:lem=","
                      ecep:pos=","
                      ecep:reg=","
                      ecep:spe=",">,</pc>
                  <c> </c>
                  <w xml:id="o3900-259920"
                     n="126-a-1550"
                     ecep:lem="by"
                     ecep:pos="p-acp"
                     ecep:reg="by"
                     ecep:spe="by"
                     ecep:syllab="1"
                     ecep:pron="baɪ">by</w>
                  <c> </c>
                  <w xml:id="o3900-259930"
                     n="126-a-1560"
                     ecep:lem="faith"
                     ecep:pos="n1"
                     ecep:reg="Faith"
                     ecep:spe="Faith"
                     ecep:syllab="1"
                     ecep:pron="feɪθ">Faith</w>
                  <c> </c>
                  <w xml:id="o3900-259940"
                     n="126-a-1570"
                     ecep:lem="in"
                     ecep:pos="p-acp"
                     ecep:reg="in"
                     ecep:spe="in"
                     ecep:syllab="1"
                     ecep:pron="ɪn">in</w>
                  <c> </c>
                  <w xml:id="o3900-259950"
                     n="126-a-1580"
                     ecep:lem="Christ"
                     ecep:pos="np1"
                     ecep:reg="CHRIST"
                     ecep:spe="CHRIST"
                     ecep:syllab="1"
                     ecep:pron="ˈkraɪst">CHRIST</w>
                  <c> </c>
                  <w xml:id="o3900-259960"
                     n="126-a-1590"
                     ecep:lem="i"
                     ecep:pos="pns11"
                     ecep:reg="I"
                     ecep:spe="I"
                     ecep:syllab="1"
                     ecep:pron="aɪ">I</w>
                  <c> </c>
                  <w xml:id="o3900-259970"
                     n="126-a-1600"
                     ecep:lem="live"
                     ecep:pos="vvb"
                     ecep:reg="live"
                     ecep:spe="live"
                     ecep:syllab="1"
                     ecep:pron="lɪv">live</w>
                  <pc xml:id="o3900-259980"
                      n="126-a-1610"
                      unit="sentence"
                      ecep:lem="."
                      ecep:pos="."
                      ecep:reg="."
                      ecep:spe=".">.</pc>
                  <c> </c>
               </l>
            </lg>
            <lg n="2" xml:id="o3900-s02400">
               <head>
                  <w xml:id="o3900-260020"
                     n="126-a-1620"
                     ecep:lem="ii"
                     ecep:pos="crd"
                     ecep:reg="II"
                     ecep:spe="II"
                     ecep:syllab="1"
                     ecep:pron="rˌəʊməntˈuː">II</w>
                  <pc xml:id="o3900-260030"
                      n="126-a-1630"
                      unit="sentence"
                      ecep:lem="."
                      ecep:pos="."
                      ecep:reg="."
                      ecep:spe=".">.</pc>
               </head>
               <l xml:id="o3900-l12640">
                  <w xml:id="o3900-260050"
                     n="126-a-1640"
                     ecep:lem="father"
                     ecep:pos="n1"
                     ecep:reg="Father"
                     ecep:spe="Father"
                     ecep:syllab="2"
                     ecep:pron="ˈfɑːðə">Father</w>
                  <pc xml:id="o3900-260060"
                      n="126-a-1650"
                      ecep:lem=","
                      ecep:pos=","
                      ecep:reg=","
                      ecep:spe=",">,</pc>
                  <c> </c>
                  <w xml:id="o3900-260070"
                     n="126-a-1660"
                     ecep:lem="behold"
                     ecep:pos="vvb"
                     ecep:reg="behold"
                     ecep:spe="behold"
                     ecep:syllab="2"
                     ecep:pron="bɪˈhəʊld">behold</w>
                  <c> </c>
                  <w xml:id="o3900-260080"
                     n="126-a-1670"
                     ecep:lem="thy"
                     ecep:pos="po21"
                     ecep:reg="thy"
                     ecep:spe="thy"
                     ecep:syllab="1"
                     ecep:pron="ðaɪ">thy</w>
                  <c> </c>
                  <w xml:id="o3900-260090"
                     n="126-a-1680"
                     ecep:lem="son"
                     ecep:pos="n1"
                     ecep:reg="Son"
                     ecep:spe="Son"
                     ecep:syllab="1"
                     ecep:pron="sʌn">Son</w>
                  <pc xml:id="o3900-260100"
                      n="126-a-1690"
                      ecep:lem=","
                      ecep:pos=","
                      ecep:reg=","
                      ecep:spe=",">,</pc>
               </l>
               <l xml:id="o3900-l12645">
                  <c> </c>
                  <w xml:id="o3900-260110"
                     n="126-a-1700"
                     ecep:lem="in"
                     ecep:pos="p-acp"
                     ecep:reg="In"
                     ecep:spe="In"
                     ecep:syllab="1"
                     ecep:pron="ɪn">In</w>
                  <c> </c>
                  <w xml:id="o3900-260120"
                     n="126-a-1710"
                     ecep:lem="Christ"
                     ecep:pos="np1"
                     ecep:reg="CHRIST"
                     ecep:spe="CHRIST"
                     ecep:syllab="1"
                     ecep:pron="ˈkraɪst">CHRIST</w>
                  <c> </c>
                  <w xml:id="o3900-260130"
                     n="126-a-1720"
                     ecep:lem="i"
                     ecep:pos="pns11"
                     ecep:reg="I"
                     ecep:spe="I"
                     ecep:syllab="1"
                     ecep:pron="aɪ">I</w>
                  <c> </c>
                  <w xml:id="o3900-260140"
                     n="126-a-1730"
                     ecep:lem="be"
                     ecep:pos="vbm"
                     ecep:reg="am"
                     ecep:spe="am"
                     ecep:syllab="1"
                     ecep:pron="æm">am</w>
                  <c> </c>
                  <w xml:id="o3900-260150"
                     n="126-a-1740"
                     ecep:lem="thy"
                     ecep:pos="po21"
                     ecep:reg="thy"
                     ecep:spe="thy"
                     ecep:syllab="1"
                     ecep:pron="ðaɪ">thy</w>
                  <c> </c>
                  <w xml:id="o3900-260160"
                     n="126-a-1750"
                     ecep:lem="own"
                     ecep:pos="d"
                     ecep:reg="own"
                     ecep:spe="own"
                     ecep:syllab="1"
                     ecep:pron="əʊn">own</w>
                  <pc xml:id="o3900-260170"
                      n="126-a-1760"
                      unit="sentence"
                      ecep:lem="."
                      ecep:pos="."
                      ecep:reg="."
                      ecep:spe=".">.</pc>
                  <c> </c>
               </l>
               <pb facs="o3900/0134" n="108" rend="none"/>
               <l xml:id="o3900-l12650">
                  <w xml:id="o3900-260180"
                     n="127-a-0010"
                     ecep:lem="stranger"
                     ecep:pos="n1"
                     ecep:reg="Stranger"
                     ecep:spe="Stranger"
                     ecep:syllab="2"
                     ecep:pron="ˈstreɪndʒə">Stranger</w>
                  <c> </c>
                  <w xml:id="o3900-260190"
                     n="127-a-0020"
                     ecep:lem="long"
                     ecep:pos="j"
                     ecep:reg="long"
                     ecep:spe="long"
                     ecep:syllab="1"
                     ecep:pron="lɒŋ">long</w>
                  <c> </c>
                  <w xml:id="o3900-260200"
                     n="127-a-0030"
                     ecep:lem="to"
                     ecep:pos="p-acp"
                     ecep:reg="to"
                     ecep:spe="to"
                     ecep:syllab="1"
                     ecep:pron="tuː">to</w>
                  <c> </c>
                  <w xml:id="o3900-260210"
                     n="127-a-0040"
                     ecep:lem="thou"
                     ecep:pos="pno21"
                     ecep:reg="Thee"
                     ecep:spe="Thee"
                     ecep:syllab="1"
                     ecep:pron="ðiː">Thee</w>
                  <c> </c>
                  <w xml:id="o3900-260220"
                     n="127-a-0050"
                     ecep:lem="and"
                     ecep:pos="cc"
                     ecep:reg="and"
                     ecep:spe="and"
                     ecep:syllab="1"
                     ecep:pron="ænd">and</w>
                  <c> </c>
                  <w xml:id="o3900-260230"
                     n="127-a-0060"
                     ecep:lem="rest"
                     ecep:pos="n1"
                     ecep:reg="Rest"
                     ecep:spe="Rest"
                     ecep:syllab="1"
                     ecep:pron="rest">Rest</w>
                  <pc xml:id="o3900-260240"
                      n="127-a-0070"
                      ecep:lem=","
                      ecep:pos=","
                      ecep:reg=","
                      ecep:spe=",">,</pc>
               </l>
               <l xml:id="o3900-l12655">
                  <c> </c>
                  <w xml:id="o3900-260250"
                     n="127-a-0080"
                     ecep:lem="see"
                     ecep:pos="vvb"
                     ecep:reg="See"
                     ecep:spe="See"
                     ecep:syllab="1"
                     ecep:pron="siː">See</w>
                  <c> </c>
                  <w xml:id="o3900-260260"
                     n="127-a-0090"
                     ecep:lem="the"
                     ecep:pos="dt"
                     ecep:reg="the"
                     ecep:spe="the"
                     ecep:syllab="1"
                     ecep:pron="ðiː">the</w>
                  <c> </c>
                  <w xml:id="o3900-260270"
                     n="127-a-0100"
                     ecep:lem="prodigal"
                     ecep:pos="n-jn"
                     ecep:reg="Prodigal"
                     ecep:spe="Prodigal"
                     ecep:syllab="3"
                     ecep:pron="ˈprɒdɪgl">Prodigal</w>
                  <c> </c>
                  <w xml:id="o3900-260280"
                     n="127-a-0110"
                     ecep:lem="be"
                     ecep:pos="vbz"
                     ecep:reg="is"
                     ecep:spe="is"
                     ecep:syllab="1"
                     ecep:pron="ɪz">is</w>
                  <c> </c>
                  <w xml:id="o3900-260290"
                     n="127-a-0120"
                     ecep:lem="come"
                     ecep:pos="vvn"
                     ecep:reg="come"
                     ecep:spe="come"
                     ecep:syllab="1"
                     ecep:pron="kʌm">come</w>
                  <pc xml:id="o3900-260300"
                      n="127-a-0130"
                      ecep:lem=":"
                      ecep:pos=":"
                      ecep:reg=":"
                      ecep:spe=":">:</pc>
               </l>
               <l xml:id="o3900-l12660">
                  <c> </c>
                  <w xml:id="o3900-260310"
                     n="127-a-0140"
                     ecep:lem="open"
                     ecep:pos="vvb"
                     ecep:reg="Open"
                     ecep:spe="Open"
                     ecep:syllab="2"
                     ecep:pron="ˈəʊpn">Open</w>
                  <c> </c>
                  <w xml:id="o3900-260320"
                     n="127-a-0150"
                     ecep:lem="wide"
                     ecep:pos="j"
                     ecep:reg="wide"
                     ecep:spe="wide"
                     ecep:syllab="1"
                     ecep:pron="waɪd">wide</w>
                  <c> </c>
                  <w xml:id="o3900-260330"
                     n="127-a-0160"
                     ecep:lem="thy"
                     ecep:pos="po21"
                     ecep:reg="thine"
                     ecep:spe="thine"
                     ecep:syllab="1"
                     ecep:pron="ðaɪn">thine</w>
                  <c> </c>
                  <w xml:id="o3900-260340"
                     n="127-a-0170"
                     ecep:lem="arm"
                     ecep:pos="n2"
                     ecep:reg="Arms"
                     ecep:spe="Arms"
                     ecep:syllab="1"
                     ecep:pron="ɑːmz">Arms</w>
                  <c> </c>
                  <w xml:id="o3900-260350"
                     n="127-a-0180"
                     ecep:lem="and"
                     ecep:pos="cc"
                     ecep:reg="and"
                     ecep:spe="and"
                     ecep:syllab="1"
                     ecep:pron="ænd">and</w>
                  <c> </c>
                  <w xml:id="o3900-260360"
                     n="127-a-0190"
                     ecep:lem="breast"
                     ecep:pos="n1"
                     ecep:reg="Breast"
                     ecep:spe="Breast"
                     ecep:syllab="1"
                     ecep:pron="brest">Breast</w>
                  <pc xml:id="o3900-260370"
                      n="127-a-0200"
                      ecep:lem=","
                      ecep:pos=","
                      ecep:reg=","
                      ecep:spe=",">,</pc>
               </l>
               <l xml:id="o3900-l12665">
                  <c> </c>
                  <w xml:id="o3900-260380"
                     n="127-a-0210"
                     ecep:lem="take"
                     ecep:pos="vvb"
                     ecep:reg="Take"
                     ecep:spe="Take"
                     ecep:syllab="1"
                     ecep:pron="teɪk">Take</w>
                  <c> </c>
                  <w xml:id="o3900-260390"
                     n="127-a-0220"
                     ecep:lem="the"
                     ecep:pos="dt"
                     ecep:reg="the"
                     ecep:spe="the"
                     ecep:syllab="1"
                     ecep:pron="ðiː">the</w>
                  <c> </c>
                  <w xml:id="o3900-260400"
                     n="127-a-0230"
                     ecep:lem="weary"
                     ecep:pos="j"
                     ecep:reg="weary"
                     ecep:spe="weary"
                     ecep:syllab="2"
                     ecep:pron="ˈwɪəri">weary</w>
                  <c> </c>
                  <w xml:id="o3900-260410"
                     n="127-a-0240"
                     ecep:lem="wanderer"
                     ecep:pos="n1"
                     ecep:reg="Wanderer"
                     ecep:spe="Wand'rer"
                     ecep:syllab="2"
                     ecep:pron="wˈɒndrə">Wand'rer</w>
                  <c> </c>
                  <w xml:id="o3900-260420"
                     n="127-a-0250"
                     ecep:lem="home"
                     ecep:pos="av-an"
                     ecep:reg="home"
                     ecep:spe="home"
                     ecep:syllab="1"
                     ecep:pron="həʊm">home</w>
                  <pc xml:id="o3900-260430"
                      n="127-a-0260"
                      unit="sentence"
                      ecep:lem="."
                      ecep:pos="."
                      ecep:reg="."
                      ecep:spe=".">.</pc>
                  <c> </c>
               </l>
            </lg>
            <lg n="3" xml:id="o3900-s02405">
               <head>
                  <w xml:id="o3900-260470"
                     n="127-a-0270"
                     ecep:lem="iii"
                     ecep:pos="crd"
                     ecep:reg="III"
                     ecep:spe="III"
                     ecep:syllab="1"
                     ecep:pron="rˌəʊmənθrˈiː">III</w>
                  <pc xml:id="o3900-260480"
                      n="127-a-0280"
                      unit="sentence"
                      ecep:lem="."
                      ecep:pos="."
                      ecep:reg="."
                      ecep:spe=".">.</pc>
               </head>
               <l xml:id="o3900-l12670">
                  <w xml:id="o3900-260500"
                     n="127-a-0290"
                     ecep:lem="thy"
                     ecep:pos="po21"
                     ecep:reg="Thine"
                     ecep:spe="Thine"
                     ecep:syllab="1"
                     ecep:pron="ðaɪn">Thine</w>
                  <c> </c>
                  <w xml:id="o3900-260510"
                     n="127-a-0300"
                     ecep:lem="eye"
                     ecep:pos="n1"
                     ecep:reg="Eye"
                     ecep:spe="Eye"
                     ecep:syllab="1"
                     ecep:pron="aɪ">Eye</w>
                  <c> </c>
                  <w xml:id="o3900-260520"
                     n="127-a-0310"
                     ecep:lem="observe"
                     ecep:pos="vvn"
                     ecep:reg="observed"
                     ecep:spe="observ'd"
                     ecep:syllab="2"
                     ecep:pron="əbˈzɜːvd">observ'd</w>
                  <c> </c>
                  <w xml:id="o3900-260530"
                     n="127-a-0320"
                     ecep:lem="from"
                     ecep:pos="p-acp"
                     ecep:reg="from"
                     ecep:spe="from"
                     ecep:syllab="1"
                     ecep:pron="frɒm">from</w>
                  <c> </c>
                  <w xml:id="o3900-260540"
                     n="127-a-0330"
                     ecep:lem="far"
                     ecep:pos="av-j"
                     ecep:reg="far"
                     ecep:spe="far"
                     ecep:syllab="1"
                     ecep:pron="fɑː">far</w>
                  <pc xml:id="o3900-260550"
                      n="127-a-0340"
                      ecep:lem=","
                      ecep:pos=","
                      ecep:reg=","
                      ecep:spe=",">,</pc>
               </l>
               <l xml:id="o3900-l12675">
                  <c> </c>
                  <w xml:id="o3900-260560"
                     n="127-a-0350"
                     ecep:lem="thy"
                     ecep:pos="po21"
                     ecep:reg="Thy"
                     ecep:spe="Thy"
                     ecep:syllab="1"
                     ecep:pron="ðaɪ">Thy</w>
                  <c> </c>
                  <w xml:id="o3900-260570"
                     n="127-a-0360"
                     ecep:lem="pity"
                     ecep:pos="n1"
                     ecep:reg="Pity"
                     ecep:spe="Pity"
                     ecep:syllab="2"
                     ecep:pron="ˈpɪti">Pity</w>
                  <c> </c>
                  <w xml:id="o3900-260580"
                     n="127-a-0370"
                     ecep:lem="look"
                     ecep:pos="vvd"
                     ecep:reg="looked"
                     ecep:spe="look'd"
                     ecep:syllab="1"
                     ecep:pron="lʊkt">look'd</w>
                  <c> </c>
                  <w xml:id="o3900-260590"
                     n="127-a-0380"
                     ecep:lem="i"
                     ecep:pos="pno11"
                     ecep:reg="me"
                     ecep:spe="me"
                     ecep:syllab="1"
                     ecep:pron="miː">me</w>
                  <c> </c>
                  <w xml:id="o3900-260600"
                     n="127-a-0390"
                     ecep:lem="near"
                     ecep:pos="av-j"
                     ecep:reg="near"
                     ecep:spe="near"
                     ecep:syllab="1"
                     ecep:pron="nɪə">near</w>
                  <pc xml:id="o3900-260610"
                      n="127-a-0400"
                      ecep:lem=":"
                      ecep:pos=":"
                      ecep:reg=":"
                      ecep:spe=":">:</pc>
               </l>
               <l xml:id="o3900-l12680">
                  <c> </c>
                  <w xml:id="o3900-260620"
                     n="127-a-0410"
                     ecep:lem="i"
                     ecep:pos="pno11"
                     ecep:reg="Me"
                     ecep:spe="Me"
                     ecep:syllab="1"
                     ecep:pron="miː">Me</w>
                  <c> </c>
                  <w xml:id="o3900-260630"
                     n="127-a-0420"
                     ecep:lem="thy"
                     ecep:pos="po21"
                     ecep:reg="thy"
                     ecep:spe="thy"
                     ecep:syllab="1"
                     ecep:pron="ðaɪ">thy</w>
                  <c> </c>
                  <w xml:id="o3900-260640"
                     n="127-a-0430"
                     ecep:lem="bowel"
                     ecep:pos="n2"
                     ecep:reg="Bowels"
                     ecep:spe="Bowels"
                     ecep:syllab="2"
                     ecep:pron="ˈbaʊəlz">Bowels</w>
                  <c> </c>
                  <w xml:id="o3900-260650"
                     n="127-a-0440"
                     ecep:lem="yearn"
                     ecep:pos="vvd"
                     ecep:reg="yearned"
                     ecep:spe="yearn'd"
                     ecep:syllab="1"
                     ecep:pron="jɜːnd">yearn'd</w>
                  <c> </c>
                  <w xml:id="o3900-260660"
                     n="127-a-0450"
                     ecep:lem="to"
                     ecep:pos="pc-acp"
                     ecep:reg="to"
                     ecep:spe="to"
                     ecep:syllab="1"
                     ecep:pron="tuː">to</w>
                  <c> </c>
                  <w xml:id="o3900-260670"
                     n="127-a-0460"
                     ecep:lem="see"
                     ecep:pos="vvi"
                     ecep:reg="see"
                     ecep:spe="see"
                     ecep:syllab="1"
                     ecep:pron="siː">see</w>
                  <pc xml:id="o3900-260680"
                      n="127-a-0470"
                      ecep:lem=","
                      ecep:pos=","
                      ecep:reg=","
                      ecep:spe=",">,</pc>
               </l>
               <l xml:id="o3900-l12685">
                  <c> </c>
                  <w xml:id="o3900-260690"
                     n="127-a-0480"
                     ecep:lem="i"
                     ecep:pos="pno11"
                     ecep:reg="Me"
                     ecep:spe="Me"
                     ecep:syllab="1"
                     ecep:pron="miː">Me</w>
                  <c> </c>
                  <w xml:id="o3900-260700"
                     n="127-a-0490"
                     ecep:lem="thy"
                     ecep:pos="po21"
                     ecep:reg="thy"
                     ecep:spe="thy"
                     ecep:syllab="1"
                     ecep:pron="ðaɪ">thy</w>
                  <c> </c>
                  <w xml:id="o3900-260710"
                     n="127-a-0500"
                     ecep:lem="mercy"
                     ecep:pos="n1"
                     ecep:reg="Mercy"
                     ecep:spe="Mercy"
                     ecep:syllab="2"
                     ecep:pron="ˈmɜːsi">Mercy</w>
                  <c> </c>
                  <w xml:id="o3900-260720"
                     n="127-a-0510"
                     ecep:lem="run"
                     ecep:pos="vvd"
                     ecep:reg="ran"
                     ecep:spe="ran"
                     ecep:syllab="1"
                     ecep:pron="ræn">ran</w>
                  <c> </c>
                  <w xml:id="o3900-260730"
                     n="127-a-0520"
                     ecep:lem="to"
                     ecep:pos="pc-acp"
                     ecep:reg="to"
                     ecep:spe="to"
                     ecep:syllab="1"
                     ecep:pron="tuː">to</w>
                  <c> </c>
                  <w xml:id="o3900-260740"
                     n="127-a-0530"
                     ecep:lem="find"
                     ecep:pos="vvi"
                     ecep:reg="find"
                     ecep:spe="find"
                     ecep:syllab="1"
                     ecep:pron="faɪnd">find</w>
                  <pc xml:id="o3900-260750"
                      n="127-a-0540"
                      ecep:lem=","
                      ecep:pos=","
                      ecep:reg=","
                      ecep:spe=",">,</pc>
               </l>
               <l xml:id="o3900-l12690">
                  <c> </c>
                  <w xml:id="o3900-260760"
                     n="127-a-0550"
                     ecep:lem="empty"
                     ecep:pos="j"
                     ecep:reg="Empty"
                     ecep:spe="Empty"
                     ecep:syllab="2"
                     ecep:pron="ˈemti">Empty</w>
                  <pc xml:id="o3900-260770"
                      n="127-a-0560"
                      ecep:lem=","
                      ecep:pos=","
                      ecep:reg=","
                      ecep:spe=",">,</pc>
                  <c> </c>
                  <w xml:id="o3900-260780"
                     n="127-a-0570"
                     ecep:lem="poor"
                     ecep:pos="j"
                     ecep:reg="poor"
                     ecep:spe="poor"
                     ecep:syllab="1"
                     ecep:pron="pɔː">poor</w>
                  <pc xml:id="o3900-260790"
                      n="127-a-0580"
                      ecep:lem=","
                      ecep:pos=","
                      ecep:reg=","
                      ecep:spe=",">,</pc>
                  <c> </c>
                  <w xml:id="o3900-260800"
                     n="127-a-0590"
                     ecep:lem="and"
                     ecep:pos="cc"
                     ecep:reg="and"
                     ecep:spe="and"
                     ecep:syllab="1"
                     ecep:pron="ænd">and</w>
                  <c> </c>
                  <w xml:id="o3900-260810"
                     n="127-a-0600"
                     ecep:lem="void"
                     ecep:pos="j"
                     ecep:reg="void"
                     ecep:spe="void"
                     ecep:syllab="1"
                     ecep:pron="vɔɪd">void</w>
                  <c> </c>
                  <w xml:id="o3900-260820"
                     n="127-a-0610"
                     ecep:lem="of"
                     ecep:pos="pp-f"
                     ecep:reg="of"
                     ecep:spe="of"
                     ecep:syllab="1"
                     ecep:pron="ɒv">of</w>
                  <c> </c>
                  <w xml:id="o3900-260830"
                     n="127-a-0620"
                     ecep:lem="thou"
                     ecep:pos="pno21"
                     ecep:reg="Thee"
                     ecep:spe="Thee"
                     ecep:syllab="1"
                     ecep:pron="ðiː">Thee</w>
                  <pc xml:id="o3900-260840"
                      n="127-a-0630"
                      ecep:lem=","
                      ecep:pos=","
                      ecep:reg=","
                      ecep:spe=",">,</pc>
               </l>
               <l xml:id="o3900-l12695">
                  <c> </c>
                  <w xml:id="o3900-260850"
                     n="127-a-0640"
                     ecep:lem="hungry"
                     ecep:pos="j"
                     ecep:reg="Hungry"
                     ecep:spe="Hungry"
                     ecep:syllab="2"
                     ecep:pron="ˈhʌŋgri">Hungry</w>
                  <pc xml:id="o3900-260860"
                      n="127-a-0650"
                      ecep:lem=","
                      ecep:pos=","
                      ecep:reg=","
                      ecep:spe=",">,</pc>
                  <c> </c>
                  <w xml:id="o3900-260870"
                     n="127-a-0660"
                     ecep:lem="sick"
                     ecep:pos="j"
                     ecep:reg="sick"
                     ecep:spe="sick"
                     ecep:syllab="1"
                     ecep:pron="sɪk">sick</w>
                  <pc xml:id="o3900-260880"
                      n="127-a-0670"
                      ecep:lem=","
                      ecep:pos=","
                      ecep:reg=","
                      ecep:spe=",">,</pc>
                  <c> </c>
                  <w xml:id="o3900-260890"
                     n="127-a-0680"
                     ecep:lem="and"
                     ecep:pos="cc"
                     ecep:reg="and"
                     ecep:spe="and"
                     ecep:syllab="1"
                     ecep:pron="ænd">and</w>
                  <c> </c>
                  <w xml:id="o3900-260900"
                     n="127-a-0690"
                     ecep:lem="faint"
                     ecep:pos="j"
                     ecep:reg="faint"
                     ecep:spe="faint"
                     ecep:syllab="1"
                     ecep:pron="feɪnt">faint</w>
                  <pc xml:id="o3900-260910"
                      n="127-a-0700"
                      ecep:lem=","
                      ecep:pos=","
                      ecep:reg=","
                      ecep:spe=",">,</pc>
                  <c> </c>
                  <w xml:id="o3900-260920"
                     n="127-a-0710"
                     ecep:lem="and"
                     ecep:pos="cc"
                     ecep:reg="and"
                     ecep:spe="and"
                     ecep:syllab="1"
                     ecep:pron="ænd">and</w>
                  <c> </c>
                  <w xml:id="o3900-260930"
                     n="127-a-0720"
                     ecep:lem="blind"
                     ecep:pos="j"
                     ecep:reg="blind"
                     ecep:spe="blind"
                     ecep:syllab="1"
                     ecep:pron="blaɪnd">blind</w>
                  <pc xml:id="o3900-260940"
                      n="127-a-0730"
                      unit="sentence"
                      ecep:lem="."
                      ecep:pos="."
                      ecep:reg="."
                      ecep:spe=".">.</pc>
                  <c> </c>
               </l>
            </lg>
            <lg n="4" xml:id="o3900-s02410">
               <head>
                  <w xml:id="o3900-260980"
                     n="127-a-0740"
                     ecep:lem="iv"
                     ecep:pos="crd"
                     ecep:reg="IV"
                     ecep:spe="IV"
                     ecep:syllab="1"
                     ecep:pron="rˌəʊmənfˈɔː">IV</w>
                  <pc xml:id="o3900-260990"
                      n="127-a-0750"
                      unit="sentence"
                      ecep:lem="."
                      ecep:pos="."
                      ecep:reg="."
                      ecep:spe=".">.</pc>
               </head>
               <l xml:id="o3900-l12700">
                  <w xml:id="o3900-261010"
                     n="127-a-0760"
                     ecep:lem="thou"
                     ecep:pos="pns21"
                     ecep:reg="Thou"
                     ecep:spe="Thou"
                     ecep:syllab="1"
                     ecep:pron="θaʊ">Thou</w>
                  <c> </c>
                  <w xml:id="o3900-261020"
                     n="127-a-0770"
                     ecep:lem="on"
                     ecep:pos="p-acp"
                     ecep:reg="on"
                     ecep:spe="on"
                     ecep:syllab="1"
                     ecep:pron="ɒn">on</w>
                  <c> </c>
                  <w xml:id="o3900-261030"
                     n="127-a-0780"
                     ecep:lem="my"
                     ecep:pos="po11"
                     ecep:reg="my"
                     ecep:spe="my"
                     ecep:syllab="1"
                     ecep:pron="maɪ">my</w>
                  <c> </c>
                  <w xml:id="o3900-261040"
                     n="127-a-0790"
                     ecep:lem="neck"
                     ecep:pos="n1"
                     ecep:reg="Neck"
                     ecep:spe="Neck"
                     ecep:syllab="1"
                     ecep:pron="nek">Neck</w>
                  <c> </c>
                  <w xml:id="o3900-261050"
                     n="127-a-0800"
                     ecep:lem="do"
                     ecep:pos="vdd2"
                     ecep:reg="didst"
                     ecep:spe="didst"
                     ecep:syllab="1"
                     ecep:pron="dɪdst">didst</w>
                  <c> </c>
                  <w xml:id="o3900-261060"
                     n="127-a-0810"
                     ecep:lem="fall"
                     ecep:pos="vvi"
                     ecep:reg="fall"
                     ecep:spe="fall"
                     ecep:syllab="1"
                     ecep:pron="fɔːl">fall</w>
                  <pc xml:id="o3900-261070"
                      n="127-a-0820"
                      ecep:lem=","
                      ecep:pos=","
                      ecep:reg=","
                      ecep:spe=",">,</pc>
               </l>
               <l xml:id="o3900-l12705">
                  <c> </c>
                  <w xml:id="o3900-261080"
                     n="127-a-0830"
                     ecep:lem="thy"
                     ecep:pos="po21"
                     ecep:reg="Thy"
                     ecep:spe="Thy"
                     ecep:syllab="1"
                     ecep:pron="ðaɪ">Thy</w>
                  <c> </c>
                  <w xml:id="o3900-261090"
                     n="127-a-0840"
                     ecep:lem="kiss"
                     ecep:pos="n1"
                     ecep:reg="Kiss"
                     ecep:spe="Kiss"
                     ecep:syllab="1"
                     ecep:pron="kɪs">Kiss</w>
                  <c> </c>
                  <w xml:id="o3900-261100"
                     n="127-a-0850"
                     ecep:lem="forgive"
                     ecep:pos="vvd"
                     ecep:reg="forgave"
                     ecep:spe="forgave"
                     ecep:syllab="2"
                     ecep:pron="fəˈgeɪv">forgave</w>
                  <c> </c>
                  <w xml:id="o3900-261110"
                     n="127-a-0860"
                     ecep:lem="i"
                     ecep:pos="pno11"
                     ecep:reg="me"
                     ecep:spe="me"
                     ecep:syllab="1"
                     ecep:pron="miː">me</w>
                  <c> </c>
                  <w xml:id="o3900-261120"
                     n="127-a-0870"
                     ecep:lem="all"
                     ecep:pos="d"
                     ecep:reg="all"
                     ecep:spe="all"
                     ecep:syllab="1"
                     ecep:pron="ɔːl">all</w>
                  <pc xml:id="o3900-261130"
                      n="127-a-0880"
                      ecep:lem=":"
                      ecep:pos=":"
                      ecep:reg=":"
                      ecep:spe=":">:</pc>
               </l>
               <l xml:id="o3900-l12710">
                  <c> </c>
                  <w xml:id="o3900-261140"
                     n="127-a-0890"
                     ecep:lem="still"
                     ecep:pos="av"
                     ecep:reg="Still"
                     ecep:spe="Still"
                     ecep:syllab="1"
                     ecep:pron="stɪl">Still</w>
                  <c> </c>
                  <w xml:id="o3900-261150"
                     n="127-a-0900"
                     ecep:lem="the"
                     ecep:pos="dt"
                     ecep:reg="the"
                     ecep:spe="the"
                     ecep:syllab="1"
                     ecep:pron="ðiː">the</w>
                  <c> </c>
                  <w xml:id="o3900-261160"
                     n="127-a-0910"
                     ecep:lem="gracious"
                     ecep:pos="j"
                     ecep:reg="gracious"
                     ecep:spe="gracious"
                     ecep:syllab="2"
                     ecep:pron="ˈgreɪʃəs">gracious</w>
                  <c> </c>
                  <w xml:id="o3900-261170"
                     n="127-a-0920"
                     ecep:lem="word"
                     ecep:pos="n2"
                     ecep:reg="Words"
                     ecep:spe="Words"
                     ecep:syllab="1"
                     ecep:pron="wɜːdz">Words</w>
                  <c> </c>
                  <w xml:id="o3900-261180"
                     n="127-a-0930"
                     ecep:lem="i"
                     ecep:pos="pns11"
                     ecep:reg="I"
                     ecep:spe="I"
                     ecep:syllab="1"
                     ecep:pron="aɪ">I</w>
                  <c> </c>
                  <w xml:id="o3900-261190"
                     n="127-a-0940"
                     ecep:lem="hear"
                     ecep:pos="vvb"
                     ecep:reg="hear"
                     ecep:spe="hear"
                     ecep:syllab="1"
                     ecep:pron="hɪə">hear</w>
                  <pc xml:id="o3900-261200"
                      n="127-a-0950"
                      ecep:lem=","
                      ecep:pos=","
                      ecep:reg=","
                      ecep:spe=",">,</pc>
               </l>
               <l xml:id="o3900-l12715">
                  <c> </c>
                  <w xml:id="o3900-261210"
                     n="127-a-0960"
                     ecep:lem="word"
                     ecep:pos="n2"
                     ecep:reg="Words"
                     ecep:spe="Words"
                     ecep:syllab="1"
                     ecep:pron="wɜːdz">Words</w>
                  <c> </c>
                  <w xml:id="o3900-261220"
                     n="127-a-0970"
                     ecep:lem="that"
                     ecep:pos="cst"
                     ecep:reg="that"
                     ecep:spe="that"
                     ecep:syllab="1"
                     ecep:pron="ðæt">that</w>
                  <c> </c>
                  <w xml:id="o3900-261230"
                     n="127-a-0980"
                     ecep:lem="make"
                     ecep:pos="vvd"
                     ecep:reg="made"
                     ecep:spe="made"
                     ecep:syllab="1"
                     ecep:pron="meɪd">made</w>
                  <c> </c>
                  <w xml:id="o3900-261240"
                     n="127-a-0990"
                     ecep:lem="the"
                     ecep:pos="dt"
                     ecep:reg="the"
                     ecep:spe="the"
                     ecep:syllab="1"
                     ecep:pron="ðiː">the</w>
                  <c> </c>
                  <w xml:id="o3900-261250"
                     n="127-a-1000"
                     ecep:lem="saviour"
                     ecep:pos="n1"
                     ecep:reg="Saviour"
                     ecep:spe="Saviour"
                     ecep:syllab="2"
                     ecep:pron="ˈseɪvjə">Saviour</w>
                  <c> </c>
                  <w xml:id="o3900-261260"
                     n="127-a-1010"
                     ecep:lem="mine"
                     ecep:pos="n1"
                     ecep:reg="mine"
                     ecep:spe="mine"
                     ecep:syllab="1"
                     ecep:pron="maɪn">mine</w>
                  <pc xml:id="o3900-261270"
                      n="127-a-1020"
                      ecep:lem=","
                      ecep:pos=","
                      ecep:reg=","
                      ecep:spe=",">,</pc>
               </l>
               <l xml:id="o3900-l12720">
                  <c> </c>
                  <w xml:id="o3900-261280"
                     n="127-a-1030"
                     ecep:lem="haste"
                     ecep:pos="n1"
                     ecep:reg="Haste"
                     ecep:spe="Haste"
                     ecep:syllab="1"
                     ecep:pron="heɪst">Haste</w>
                  <pc xml:id="o3900-261290"
                      n="127-a-1040"
                      ecep:lem=","
                      ecep:pos=","
                      ecep:reg=","
                      ecep:spe=",">,</pc>
                  <c> </c>
                  <w xml:id="o3900-261300"
                     n="127-a-1050"
                     ecep:lem="for"
                     ecep:pos="p-acp"
                     ecep:reg="for"
                     ecep:spe="for"
                     ecep:syllab="1"
                     ecep:pron="fɔː">for</w>
                  <c> </c>
                  <w xml:id="o3900-261310"
                     n="127-a-1060"
                     ecep:lem="he"
                     ecep:pos="pno31"
                     ecep:reg="Him"
                     ecep:spe="Him"
                     ecep:syllab="1"
                     ecep:pron="hɪm">Him</w>
                  <c> </c>
                  <w xml:id="o3900-261320"
                     n="127-a-1070"
                     ecep:lem="the"
                     ecep:pos="dt"
                     ecep:reg="the"
                     ecep:spe="the"
                     ecep:syllab="1"
                     ecep:pron="ðiː">the</w>
                  <c> </c>
                  <w xml:id="o3900-261330"
                     n="127-a-1080"
                     ecep:lem="robe"
                     ecep:pos="n1"
                     ecep:reg="Robe"
                     ecep:spe="Robe"
                     ecep:syllab="1"
                     ecep:pron="rəʊb">Robe</w>
                  <c> </c>
                  <w xml:id="o3900-261340"
                     n="127-a-1090"
                     ecep:lem="prepare"
                     ecep:pos="vvi"
                     ecep:reg="prepare"
                     ecep:spe="prepare"
                     ecep:syllab="2"
                     ecep:pron="prɪˈpeə">prepare</w>
                  <pc xml:id="o3900-261350"
                      n="127-a-1100"
                      ecep:lem=","
                      ecep:pos=","
                      ecep:reg=","
                      ecep:spe=",">,</pc>
               </l>
               <l xml:id="o3900-l12725">
                  <c> </c>
                  <w xml:id="o3900-261360"
                     n="127-a-1110"
                     ecep:lem="his"
                     ecep:pos="po31"
                     ecep:reg="His"
                     ecep:spe="His"
                     ecep:syllab="1"
                     ecep:pron="hɪz">His</w>
                  <c> </c>
                  <w xml:id="o3900-261370"
                     n="127-a-1120"
                     ecep:lem="be"
                     ecep:pos="vbi"
                     ecep:reg="be"
                     ecep:spe="be"
                     ecep:syllab="1"
                     ecep:pron="biː">be</w>
                  <c> </c>
                  <w xml:id="o3900-261380"
                     n="127-a-1130"
                     ecep:lem="righteousness"
                     ecep:pos="n1"
                     ecep:reg="Righteousness"
                     ecep:spe="Righteousness"
                     ecep:syllab="3"
                     ecep:pron="ˈraɪtʃəsnəs">Righteousness</w>
                  <c> </c>
                  <w xml:id="o3900-261390"
                     n="127-a-1140"
                     ecep:lem="divine"
                     ecep:pos="j-jn"
                     ecep:reg="Divine"
                     ecep:spe="Divine"
                     ecep:syllab="2"
                     ecep:pron="dɪˈvaɪn">Divine</w>
                  <pc xml:id="o3900-261400"
                      n="127-a-1150"
                      unit="sentence"
                      ecep:lem="!"
                      ecep:pos="!"
                      ecep:reg="!"
                      ecep:spe="!">!</pc>
                  <c> </c>
               </l>
            </lg>
            <lg n="5" xml:id="o3900-s02415">
               <head>
                  <w xml:id="o3900-261440"
                     n="127-a-1160"
                     ecep:lem="v."
                     ecep:pos="crd"
                     ecep:reg="V"
                     ecep:spe="V."
                     ecep:syllab="1"
                     ecep:pron="viː">V.</w>
                  <pc unit="sentence" xml:id="o3900-261440-eos" n="127-a-1170"/>
               </head>
               <l xml:id="o3900-l12730">
                  <w xml:id="o3900-261460"
                     n="127-a-1180"
                     ecep:lem="thou"
                     ecep:pos="pno21"
                     ecep:reg="Thee"
                     ecep:spe="Thee"
                     ecep:syllab="1"
                     ecep:pron="ðiː">Thee</w>
                  <c> </c>
                  <w xml:id="o3900-261470"
                     n="127-a-1190"
                     ecep:lem="then"
                     ecep:pos="av"
                     ecep:reg="then"
                     ecep:spe="then"
                     ecep:syllab="1"
                     ecep:pron="ðen">then</w>
                  <pc xml:id="o3900-261480"
                      n="127-a-1200"
                      ecep:lem=","
                      ecep:pos=","
                      ecep:reg=","
                      ecep:spe=",">,</pc>
                  <c> </c>
                  <w xml:id="o3900-261490"
                     n="127-a-1210"
                     ecep:lem="my"
                     ecep:pos="po11"
                     ecep:reg="my"
                     ecep:spe="my"
                     ecep:syllab="1"
                     ecep:pron="maɪ">my</w>
                  <c> </c>
                  <w xml:id="o3900-261500"
                     n="127-a-1220"
                     ecep:lem="god"
                     ecep:pos="n1"
                     ecep:reg="GOD"
                     ecep:spe="GOD"
                     ecep:syllab="1"
                     ecep:pron="gɒd">GOD</w>
                  <c> </c>
                  <w xml:id="o3900-261510"
                     n="127-a-1230"
                     ecep:lem="and"
                     ecep:pos="cc"
                     ecep:reg="and"
                     ecep:spe="and"
                     ecep:syllab="1"
                     ecep:pron="ænd">and</w>
                  <c> </c>
                  <w xml:id="o3900-261520"
                     n="127-a-1240"
                     ecep:lem="king"
                     ecep:pos="n1"
                     ecep:reg="King"
                     ecep:spe="King"
                     ecep:syllab="1"
                     ecep:pron="kɪŋ">King</w>
                  <pc xml:id="o3900-261530"
                      n="127-a-1250"
                      ecep:lem=","
                      ecep:pos=","
                      ecep:reg=","
                      ecep:spe=",">,</pc>
               </l>
               <l xml:id="o3900-l12735">
                  <c> </c>
                  <w xml:id="o3900-261540"
                     n="127-a-1260"
                     ecep:lem="my"
                     ecep:pos="po11"
                     ecep:reg="My"
                     ecep:spe="My"
                     ecep:syllab="1"
                     ecep:pron="maɪ">My</w>
                  <c> </c>
                  <w xml:id="o3900-261550"
                     n="127-a-1270"
                     ecep:lem="father"
                     ecep:pos="n1"
                     ecep:reg="Father"
                     ecep:spe="Father"
                     ecep:syllab="2"
                     ecep:pron="ˈfɑːðə">Father</w>
                  <pc xml:id="o3900-261560"
                      n="127-a-1280"
                      ecep:lem=","
                      ecep:pos=","
                      ecep:reg=","
                      ecep:spe=",">,</pc>
                  <c> </c>
                  <w xml:id="o3900-261570"
                     n="127-a-1290"
                     ecep:lem="thou"
                     ecep:pos="pno21"
                     ecep:reg="Thee"
                     ecep:spe="Thee"
                     ecep:syllab="1"
                     ecep:pron="ðiː">Thee</w>
                  <c> </c>
                  <w xml:id="o3900-261580"
                     n="127-a-1300"
                     ecep:lem="i"
                     ecep:pos="pns11"
                     ecep:reg="I"
                     ecep:spe="I"
                     ecep:syllab="1"
                     ecep:pron="aɪ">I</w>
                  <c> </c>
                  <w xml:id="o3900-261590"
                     n="127-a-1310"
                     ecep:lem="sing"
                     ecep:pos="vvb"
                     ecep:reg="sing"
                     ecep:spe="sing"
                     ecep:syllab="1"
                     ecep:pron="sɪŋ">sing</w>
                  <pc xml:id="o3900-261600"
                      n="127-a-1320"
                      unit="sentence"
                      ecep:lem="!"
                      ecep:pos="!"
                      ecep:reg="!"
                      ecep:spe="!">!</pc>
                  <c> </c>
               </l>
               <l xml:id="o3900-l12740">
                  <w xml:id="o3900-261610"
                     n="127-a-1330"
                     ecep:lem="hear"
                     ecep:pos="vvb"
                     ecep:reg="Hear"
                     ecep:spe="Hear"
                     ecep:syllab="1"
                     ecep:pron="hɪə">Hear</w>
                  <c> </c>
                  <w xml:id="o3900-261620"
                     n="127-a-1340"
                     ecep:lem="well-pleased"
                     ecep:pos="j"
                     ecep:reg="well-pleased"
                     ecep:spe="well-pleas'd"
                     ecep:syllab="2"
                     ecep:pron="welˌpliːzd">well-pleas'd</w>
                  <c> </c>
                  <w xml:id="o3900-261630"
                     n="127-a-1350"
                     ecep:lem="the"
                     ecep:pos="dt"
                     ecep:reg="the"
                     ecep:spe="the"
                     ecep:syllab="1"
                     ecep:pron="ðiː">the</w>
                  <c> </c>
                  <w xml:id="o3900-261640"
                     n="127-a-1360"
                     ecep:lem="joyous"
                     ecep:pos="j"
                     ecep:reg="joyous"
                     ecep:spe="joyous"
                     ecep:syllab="2"
                     ecep:pron="ˈdʒɔɪəs">joyous</w>
                  <c> </c>
                  <w xml:id="o3900-261650"
                     n="127-a-1370"
                     ecep:lem="sound"
                     ecep:pos="n1"
                     ecep:reg="Sound"
                     ecep:spe="Sound"
                     ecep:syllab="1"
                     ecep:pron="saʊnd">Sound</w>
                  <pc xml:id="o3900-261660"
                      n="127-a-1380"
                      ecep:lem=","
                      ecep:pos=","
                      ecep:reg=","
                      ecep:spe=",">,</pc>
               </l>
               <l xml:id="o3900-l12745">
                  <c> </c>
                  <w xml:id="o3900-261670"
                     n="127-a-1390"
                     ecep:lem="praise"
                     ecep:pos="vvb"
                     ecep:reg="Praise"
                     ecep:spe="Praise"
                     ecep:syllab="1"
                     ecep:pron="preɪz">Praise</w>
                  <c> </c>
                  <w xml:id="o3900-261680"
                     n="127-a-1400"
                     ecep:lem="from"
                     ecep:pos="p-acp"
                     ecep:reg="from"
                     ecep:spe="from"
                     ecep:syllab="1"
                     ecep:pron="frɒm">from</w>
                  <c> </c>
                  <w xml:id="o3900-261690"
                     n="127-a-1410"
                     ecep:lem="earth"
                     ecep:pos="n1"
                     ecep:reg="Earth"
                     ecep:spe="Earth"
                     ecep:syllab="1"
                     ecep:pron="ɜːθ">Earth</w>
                  <c> </c>
                  <w xml:id="o3900-261700"
                     n="127-a-1420"
                     ecep:lem="and"
                     ecep:pos="cc"
                     ecep:reg="and"
                     ecep:spe="and"
                     ecep:syllab="1"
                     ecep:pron="ænd">and</w>
                  <c> </c>
                  <w xml:id="o3900-261710"
                     n="127-a-1430"
                     ecep:lem="heaven"
                     ecep:pos="n1"
                     ecep:reg="Heaven"
                     ecep:spe="Heav'n"
                     ecep:syllab="1"
                     ecep:pron="ˈhevn">Heav'n</w>
                  <c> </c>
                  <w xml:id="o3900-261720"
                     n="127-a-1440"
                     ecep:lem="receive"
                     ecep:pos="vvi"
                     ecep:reg="receive"
                     ecep:spe="receive"
                     ecep:syllab="2"
                     ecep:pron="rɪˈsiːv">receive</w>
                  <pc xml:id="o3900-261730"
                      n="127-a-1450"
                      ecep:lem=";"
                      ecep:pos=";"
                      ecep:reg=";"
                      ecep:spe=";">;</pc>
               </l>
               <l xml:id="o3900-l12750">
                  <c> </c>
                  <w xml:id="o3900-261740"
                     n="127-a-1460"
                     ecep:lem="lose"
                     ecep:pos="vvn"
                     ecep:reg="Lost"
                     ecep:spe="Lost"
                     ecep:syllab="1"
                     ecep:pron="lɒst">Lost</w>
                  <pc xml:id="o3900-261750"
                      n="127-a-1470"
                      ecep:lem=","
                      ecep:pos=","
                      ecep:reg=","
                      ecep:spe=",">,</pc>
                  <c> </c>
                  <w xml:id="o3900-261760"
                     n="127-a-1480"
                     ecep:lem="i"
                     ecep:pos="pns11"
                     ecep:reg="I"
                     ecep:spe="I"
                     ecep:syllab="1"
                     ecep:pron="aɪ">I</w>
                  <c> </c>
                  <w xml:id="o3900-261770"
                     n="127-a-1490"
                     ecep:lem="now"
                     ecep:pos="av"
                     ecep:reg="now"
                     ecep:spe="now"
                     ecep:syllab="1"
                     ecep:pron="naʊ">now</w>
                  <c> </c>
                  <w xml:id="o3900-261780"
                     n="127-a-1500"
                     ecep:lem="in"
                     ecep:pos="p-acp"
                     ecep:reg="in"
                     ecep:spe="in"
                     ecep:syllab="1"
                     ecep:pron="ɪn">in</w>
                  <c> </c>
                  <w xml:id="o3900-261790"
                     n="127-a-1510"
                     ecep:lem="Christ"
                     ecep:pos="np1"
                     ecep:reg="CHRIST"
                     ecep:spe="CHRIST"
                     ecep:syllab="1"
                     ecep:pron="ˈkraɪst">CHRIST</w>
                  <c> </c>
                  <w xml:id="o3900-261800"
                     n="127-a-1520"
                     ecep:lem="be"
                     ecep:pos="vbm"
                     ecep:reg="am"
                     ecep:spe="am"
                     ecep:syllab="1"
                     ecep:pron="æm">am</w>
                  <c> </c>
                  <w xml:id="o3900-261810"
                     n="127-a-1530"
                     ecep:lem="find"
                     ecep:pos="vvn"
                     ecep:reg="found"
                     ecep:spe="found"
                     ecep:syllab="1"
                     ecep:pron="faʊnd">found</w>
                  <pc xml:id="o3900-261820"
                      n="127-a-1540"
                      ecep:lem=","
                      ecep:pos=","
                      ecep:reg=","
                      ecep:spe=",">,</pc>
               </l>
               <l xml:id="o3900-l12755">
                  <c> </c>
                  <w xml:id="o3900-261830"
                     n="127-a-1550"
                     ecep:lem="dead"
                     ecep:pos="j"
                     ecep:reg="Dead"
                     ecep:spe="Dead"
                     ecep:syllab="1"
                     ecep:pron="ded">Dead</w>
                  <pc xml:id="o3900-261840"
                      n="127-a-1560"
                      ecep:lem=","
                      ecep:pos=","
                      ecep:reg=","
                      ecep:spe=",">,</pc>
                  <c> </c>
                  <w xml:id="o3900-261850"
                     n="127-a-1570"
                     ecep:lem="by"
                     ecep:pos="p-acp"
                     ecep:reg="by"
                     ecep:spe="by"
                     ecep:syllab="1"
                     ecep:pron="baɪ">by</w>
                  <c> </c>
                  <w xml:id="o3900-261860"
                     n="127-a-1580"
                     ecep:lem="faith"
                     ecep:pos="n1"
                     ecep:reg="Faith"
                     ecep:spe="Faith"
                     ecep:syllab="1"
                     ecep:pron="feɪθ">Faith</w>
                  <c> </c>
                  <w xml:id="o3900-261870"
                     n="127-a-1590"
                     ecep:lem="in"
                     ecep:pos="p-acp"
                     ecep:reg="in"
                     ecep:spe="in"
                     ecep:syllab="1"
                     ecep:pron="ɪn">in</w>
                  <c> </c>
                  <w xml:id="o3900-261880"
                     n="127-a-1600"
                     ecep:lem="Christ"
                     ecep:pos="np1"
                     ecep:reg="CHRIST"
                     ecep:spe="CHRIST"
                     ecep:syllab="1"
                     ecep:pron="ˈkraɪst">CHRIST</w>
                  <c> </c>
                  <w xml:id="o3900-261890"
                     n="127-a-1610"
                     ecep:lem="i"
                     ecep:pos="pns11"
                     ecep:reg="I"
                     ecep:spe="I"
                     ecep:syllab="1"
                     ecep:pron="aɪ">I</w>
                  <c> </c>
                  <w xml:id="o3900-261900"
                     n="127-a-1620"
                     ecep:lem="live"
                     ecep:pos="vvb"
                     ecep:reg="live"
                     ecep:spe="live"
                     ecep:syllab="1"
                     ecep:pron="lɪv">live</w>
                  <pc xml:id="o3900-261910"
                      n="127-a-1630"
                      unit="sentence"
                      ecep:lem="."
                      ecep:pos="."
                      ecep:reg="."
                      ecep:spe=".">.</pc>
                  <c> </c>
               </l>
            </lg>
         </div>
      </body>
   </text>
</TEI>
