<?xml version="1.0" encoding="UTF-8"?>
<?xml-model href="../tei_all.rnc" type="application/relax-ng-compact-syntax"?>
<TEI xmlns="http://www.tei-c.org/ns/1.0">
   <teiHeader>
      <fileDesc>
         <titleStmt>
            <title corresp="#txt_DayeEl1734_w0061">THOUGHTS BEFORE THE INTERMENT OF A FRIEND.</title>
            <author corresp="authors.xml#aut_DayeEl1734">Eliza Day</author>
            <respStmt>
               <name xml:id="AH">Alexander Huber</name>
               <resp>Editor</resp>
            </respStmt>
            <funder>
               <name type="institution" xml:id="BOD">Bodleian Libraries, University of Oxford</name>
               <address>
                  <addrLine>Broad Street</addrLine>
                  <addrLine>Oxford OX1 3BG</addrLine>
                  <addrLine>UK</addrLine>
               </address>
            </funder>
         </titleStmt>
         <publicationStmt>
            <publisher xml:id="ECPA">Eighteenth-Century Poetry Archive</publisher>
            <address>
               <addrLine>Taylor Institution Library</addrLine>
               <addrLine>St Giles'</addrLine>
               <addrLine>Oxford OX1 3NA</addrLine>
               <addrLine>UK</addrLine>
               <addrLine>
                  <email>info@eighteenthcenturypoetry.org</email>
               </addrLine>
               <addrLine>
                  <ref target="https://www.eighteenthcenturypoetry.org/">https://www.eighteenthcenturypoetry.org/</ref>
               </addrLine>
            </address>
            <pubPlace>Oxford</pubPlace>
            <availability status="restricted">
               <licence target="http://creativecommons.org/licenses/by-sa/3.0/">This work is licensed under a Creative Commons Attribution-ShareAlike 3.0 Unported License.</licence>
            </availability>
            <idno type="ESTC">T132359</idno>
         </publicationStmt>
         <sourceDesc>
            <bibl>
               <author>Daye, Eliza, b. ca. 1734.</author>
               <title>Poems, on Various Subjects.</title>
               <pubPlace>Liverpool</pubPlace>
               <publisher>Printed by J. M'Creery</publisher>
               <date>1798</date>
               <biblScope>pp. [206]-207.</biblScope>
               <extent>[2],x,[4],258p.; 8°</extent>
            </bibl>
         </sourceDesc>
      </fileDesc>
      <encodingDesc>
         <projectDesc>
            <p>This e-text is part of the Works section of the Eighteenth-Century Poetry Archive (ECPA).</p>
            <p>XML created for the Eighteenth-Century Poetry Archive (ECPA).</p>
         </projectDesc>
         <editorialDecl>
            <p>Typography, spelling, capitalization, and punctuation have been cautiously modernized. The source of the text is given and all significant
						editorial interventions have been recorded in textual notes. This  text has been edited to conform to the recommendations found 
						in Level 5 of the
						Best Practices for TEI in Libraries version 4.0.0.
					</p>
         </editorialDecl>
         <classDecl>
            <taxonomy xml:id="LCNAF">
               <bibl>Library of Congress Name Authority File (<abbr>LCNAF</abbr>)</bibl>
            </taxonomy>
         </classDecl>
         <tagsDecl>
            <rendition n="linegroups indented" xml:id="lgindent" scheme="css">text-indent: 1em;</rendition>
            <rendition n="linegroups vertically spaced" xml:id="lgvspace" scheme="css">margin-bottom: 1em;</rendition>
            <rendition n="aligned centrally" xml:id="align-center" scheme="css">text-align: center;</rendition>
            <rendition n="aligned right" xml:id="align-right" scheme="css">text-align: right;</rendition>
            <rendition n="aligned left" xml:id="align-left" scheme="css">text-align: left;</rendition>
            <rendition n="inline" xml:id="inline" scheme="css">display: inline</rendition>
            <rendition n="italic" xml:id="i" scheme="css">font-style: italic;</rendition>
            <rendition n="bold" xml:id="b" scheme="css">font-weight: bold;</rendition>
         </tagsDecl>
      </encodingDesc>
   </teiHeader>
   <text>
      <body>
         <div xmlns:ecep="http://www.eighteenthcenturypoetry.org/ns"
              ana="#iamb #tetrameter #trimeter #occasional #quatrain #cross"
              corresp="#txt_DayeEl1734_w0061"
              decls="#semi-normalized"
              ecep:syllab="8.8.8.6"
              met="-+|-+|-+|-+|-/ -+|-+|-+|-+/ -+|-+|-+|-+|-/ -+|-+|-+/"
              rendition="#lgvspace"
              rhyme="abab"
              subtype="eceptext"
              type="poem"
              xml:id="bed98-w0610">
            <link target="authors.xml#aut_DayeEl1734" type="author"/>
            <head type="main">
               <w xmlns:ecep="http://www.eighteenthcenturypoetry.org/ns"
                  xml:id="bed98-346620"
                  n="bed98/000226-a-0010"
                  ecep:lem="thought"
                  ecep:pos="n2"
                  ecep:reg="THOUGHTS"
                  ecep:spe="THOUGHTS"
                  ecep:syllab="1"
                  ecep:pron="θɔːts">THOUGHTS</w>
               <c> </c>
               <w xmlns:ecep="http://www.eighteenthcenturypoetry.org/ns"
                  xml:id="bed98-346630"
                  n="bed98/000226-a-0020"
                  ecep:lem="before"
                  ecep:pos="p-acp"
                  ecep:reg="BEFORE"
                  ecep:spe="BEFORE"
                  ecep:syllab="2"
                  ecep:pron="bɪˈfɔː">BEFORE</w>
               <c> </c>
               <w xmlns:ecep="http://www.eighteenthcenturypoetry.org/ns"
                  xml:id="bed98-346640"
                  n="bed98/000226-a-0030"
                  ecep:lem="the"
                  ecep:pos="dt"
                  ecep:reg="THE"
                  ecep:spe="THE"
                  ecep:syllab="1"
                  ecep:pron="ðiː">THE</w>
               <c> </c>
               <w xmlns:ecep="http://www.eighteenthcenturypoetry.org/ns"
                  xml:id="bed98-346650"
                  n="bed98/000226-a-0040"
                  ecep:lem="interment"
                  ecep:pos="n1"
                  ecep:reg="INTERMENT"
                  ecep:spe="INTERMENT"
                  ecep:syllab="3"
                  ecep:pron="ɪnˈtɜːmənt">INTERMENT</w>
               <c> </c>
               <w xmlns:ecep="http://www.eighteenthcenturypoetry.org/ns"
                  xml:id="bed98-346660"
                  n="bed98/000226-a-0050"
                  ecep:lem="of"
                  ecep:pos="pp-f"
                  ecep:reg="OF"
                  ecep:spe="OF"
                  ecep:syllab="1"
                  ecep:pron="ɒv">OF</w>
               <c> </c>
               <w xmlns:ecep="http://www.eighteenthcenturypoetry.org/ns"
                  xml:id="bed98-346670"
                  n="bed98/000226-a-0060"
                  ecep:lem="a"
                  ecep:pos="dt"
                  ecep:reg="A"
                  ecep:spe="A"
                  ecep:syllab="1"
                  ecep:pron="ə">A</w>
               <c> </c>
               <w xmlns:ecep="http://www.eighteenthcenturypoetry.org/ns"
                  xml:id="bed98-346680"
                  n="bed98/000226-a-0070"
                  ecep:lem="friend"
                  ecep:pos="n1"
                  ecep:reg="FRIEND"
                  ecep:spe="FRIEND"
                  ecep:syllab="1"
                  ecep:pron="frend">FRIEND</w>
               <pc xmlns:ecep="http://www.eighteenthcenturypoetry.org/ns"
                   xml:id="bed98-346690"
                   n="bed98/000226-a-0080"
                   unit="sentence"
                   ecep:lem="."
                   ecep:pos="."
                   ecep:reg="."
                   ecep:spe=".">.</pc>
            </head>
            <lg xml:id="bed98-s02545">
               <l xml:id="bed98-l19540">
                  <hi rendition="#sc">
                     <w xmlns:ecep="http://www.eighteenthcenturypoetry.org/ns"
                        xml:id="bed98-346720"
                        n="bed98/000226-a-0090"
                        ecep:lem="farewel"
                        ecep:pos="uh-n"
                        ecep:reg="FAREWEL"
                        ecep:spe="FAREWEL"
                        ecep:syllab="3"
                        ecep:pron="ˌfeəˈwel">FAREWEL</w>
                  </hi>
                  <pc xmlns:ecep="http://www.eighteenthcenturypoetry.org/ns"
                      xml:id="bed98-346730"
                      n="bed98/000226-a-0100"
                      ecep:lem="!"
                      ecep:pos="!"
                      ecep:reg="!"
                      ecep:spe="!">!</pc>
                  <c> </c>
                  <w xmlns:ecep="http://www.eighteenthcenturypoetry.org/ns"
                     xml:id="bed98-346740"
                     n="bed98/000226-a-0110"
                     ecep:lem="farewell"
                     ecep:pos="n1"
                     ecep:reg="farewell"
                     ecep:spe="farewel"
                     ecep:syllab="3"
                     ecep:pron="ˌfeəˈwel">farewel</w>
                  <pc xmlns:ecep="http://www.eighteenthcenturypoetry.org/ns"
                      xml:id="bed98-346750"
                      n="bed98/000226-a-0120"
                      ecep:lem="!"
                      ecep:pos="!"
                      ecep:reg="!"
                      ecep:spe="!">!</pc>
                  <c> </c>
                  <w xmlns:ecep="http://www.eighteenthcenturypoetry.org/ns"
                     xml:id="bed98-346760"
                     n="bed98/000226-a-0130"
                     ecep:lem="and"
                     ecep:pos="cc"
                     ecep:reg="and"
                     ecep:spe="and"
                     ecep:syllab="1"
                     ecep:pron="ænd">and</w>
                  <c> </c>
                  <w xmlns:ecep="http://www.eighteenthcenturypoetry.org/ns"
                     xml:id="bed98-346770"
                     n="bed98/000226-a-0140"
                     ecep:lem="be"
                     ecep:pos="vb2r"
                     ecep:reg="art"
                     ecep:spe="art"
                     ecep:syllab="1"
                     ecep:pron="ɑːt">art</w>
                  <c> </c>
                  <w xmlns:ecep="http://www.eighteenthcenturypoetry.org/ns"
                     xml:id="bed98-346780"
                     n="bed98/000226-a-0150"
                     ecep:lem="thou"
                     ecep:pos="pns21"
                     ecep:reg="thou"
                     ecep:spe="thou"
                     ecep:syllab="1"
                     ecep:pron="θaʊ">thou</w>
                  <c> </c>
                  <w xmlns:ecep="http://www.eighteenthcenturypoetry.org/ns"
                     xml:id="bed98-346790"
                     n="bed98/000226-a-0160"
                     ecep:lem="go"
                     ecep:pos="vvn"
                     ecep:reg="gone"
                     ecep:spe="gone"
                     ecep:syllab="1"
                     ecep:pron="gɒn">gone</w>
                  <pc xmlns:ecep="http://www.eighteenthcenturypoetry.org/ns"
                      xml:id="bed98-346800"
                      n="bed98/000226-a-0170"
                      unit="sentence"
                      ecep:lem="!"
                      ecep:pos="!"
                      ecep:reg="!"
                      ecep:spe="!">!</pc>
               </l>
               <l rendition="#h_3" xml:id="bed98-l19545">
                  <w xmlns:ecep="http://www.eighteenthcenturypoetry.org/ns"
                     xml:id="bed98-346810"
                     n="bed98/000226-a-0180"
                     ecep:lem="and"
                     ecep:pos="cc"
                     ecep:reg="And"
                     ecep:spe="And"
                     ecep:syllab="1"
                     ecep:pron="ænd">And</w>
                  <c> </c>
                  <w xmlns:ecep="http://www.eighteenthcenturypoetry.org/ns"
                     xml:id="bed98-346820"
                     n="bed98/000226-a-0190"
                     ecep:lem="can"
                     ecep:pos="vm2"
                     ecep:reg="canst"
                     ecep:spe="canst"
                     ecep:syllab="1"
                     ecep:pron="kænst">canst</w>
                  <c> </c>
                  <w xmlns:ecep="http://www.eighteenthcenturypoetry.org/ns"
                     xml:id="bed98-346830"
                     n="bed98/000226-a-0200"
                     ecep:lem="thou"
                     ecep:pos="pns21"
                     ecep:reg="thou"
                     ecep:spe="thou"
                     ecep:syllab="1"
                     ecep:pron="θaʊ">thou</w>
                  <c> </c>
                  <w xmlns:ecep="http://www.eighteenthcenturypoetry.org/ns"
                     xml:id="bed98-346840"
                     n="bed98/000226-a-0210"
                     ecep:lem="cheer"
                     ecep:pos="vvi"
                     ecep:reg="cheer"
                     ecep:spe="cheer"
                     ecep:syllab="1"
                     ecep:pron="tʃɪə">cheer</w>
                  <c> </c>
                  <w xmlns:ecep="http://www.eighteenthcenturypoetry.org/ns"
                     xml:id="bed98-346850"
                     n="bed98/000226-a-0220"
                     ecep:lem="my"
                     ecep:pos="po11"
                     ecep:reg="my"
                     ecep:spe="my"
                     ecep:syllab="1"
                     ecep:pron="maɪ">my</w>
                  <c> </c>
                  <w xmlns:ecep="http://www.eighteenthcenturypoetry.org/ns"
                     xml:id="bed98-346860"
                     n="bed98/000226-a-0230"
                     ecep:lem="sight"
                     ecep:pos="n1"
                     ecep:reg="sight"
                     ecep:spe="sight"
                     ecep:syllab="1"
                     ecep:pron="saɪt">sight</w>
                  <c> </c>
                  <w xmlns:ecep="http://www.eighteenthcenturypoetry.org/ns"
                     xml:id="bed98-346870"
                     n="bed98/000226-a-0240"
                     ecep:lem="no"
                     ecep:pos="av-dx"
                     ecep:reg="no"
                     ecep:spe="no"
                     ecep:syllab="1"
                     ecep:pron="nəʊ">no</w>
                  <c> </c>
                  <w xmlns:ecep="http://www.eighteenthcenturypoetry.org/ns"
                     xml:id="bed98-346880"
                     n="bed98/000226-a-0250"
                     ecep:lem="more"
                     ecep:pos="av-dc"
                     ecep:reg="more"
                     ecep:spe="more"
                     ecep:syllab="1"
                     ecep:pron="mɔː">more</w>
                  <pc xmlns:ecep="http://www.eighteenthcenturypoetry.org/ns"
                      xml:id="bed98-346890"
                      n="bed98/000226-a-0260"
                      unit="sentence"
                      ecep:lem="!"
                      ecep:pos="!"
                      ecep:reg="!"
                      ecep:spe="!">!</pc>
               </l>
               <l xml:id="bed98-l19550">
                  <w xmlns:ecep="http://www.eighteenthcenturypoetry.org/ns"
                     xml:id="bed98-346900"
                     n="bed98/000226-a-0270"
                     ecep:lem="ah"
                     ecep:pos="uh"
                     ecep:reg="Ah"
                     ecep:spe="Ah"
                     ecep:syllab="1"
                     ecep:pron="ɑː">Ah</w>
                  <pc xmlns:ecep="http://www.eighteenthcenturypoetry.org/ns"
                      xml:id="bed98-346905"
                      n="bed98/000226-a-0270"
                      ecep:lem="!"
                      ecep:pos="!"
                      ecep:reg="!"
                      ecep:spe="!">!</pc>
                  <c> </c>
                  <w xmlns:ecep="http://www.eighteenthcenturypoetry.org/ns"
                     xml:id="bed98-346910"
                     n="bed98/000226-a-0280"
                     ecep:lem="long"
                     ecep:pos="j"
                     ecep:reg="long"
                     ecep:spe="long"
                     ecep:syllab="1"
                     ecep:pron="lɒŋ">long</w>
                  <c> </c>
                  <w xmlns:ecep="http://www.eighteenthcenturypoetry.org/ns"
                     xml:id="bed98-346920"
                     n="bed98/000226-a-0290"
                     ecep:lem="alas"
                     ecep:pos="uh"
                     ecep:reg="alas"
                     ecep:spe="alas"
                     ecep:syllab="2"
                     ecep:pron="əˈlæs">alas</w>
                  <c> </c>
                  <w xmlns:ecep="http://www.eighteenthcenturypoetry.org/ns"
                     xml:id="bed98-346930"
                     n="bed98/000226-a-0300"
                     ecep:lem="shall"
                     ecep:pos="vmb"
                     ecep:reg="shall"
                     ecep:spe="shall"
                     ecep:syllab="1"
                     ecep:pron="ʃæl">shall</w>
                  <c> </c>
                  <w xmlns:ecep="http://www.eighteenthcenturypoetry.org/ns"
                     xml:id="bed98-346940"
                     n="bed98/000226-a-0310"
                     ecep:lem="i"
                     ecep:pos="pns11"
                     ecep:reg="I"
                     ecep:spe="I"
                     ecep:syllab="1"
                     ecep:pron="aɪ">I</w>
                  <c> </c>
                  <w xmlns:ecep="http://www.eighteenthcenturypoetry.org/ns"
                     xml:id="bed98-346950"
                     n="bed98/000226-a-0320"
                     ecep:lem="bemoan"
                     ecep:pos="vvi"
                     ecep:reg="bemoan"
                     ecep:spe="bemoan"
                     ecep:syllab="2"
                     ecep:pron="bɪˈməʊn">bemoan</w>
                  <pc xmlns:ecep="http://www.eighteenthcenturypoetry.org/ns"
                      xml:id="bed98-346960"
                      n="bed98/000226-a-0330"
                      ecep:lem=","
                      ecep:pos=","
                      ecep:reg=","
                      ecep:spe=",">,</pc>
               </l>
               <l rendition="#h_3" xml:id="bed98-l19555">
                  <w xmlns:ecep="http://www.eighteenthcenturypoetry.org/ns"
                     xml:id="bed98-346970"
                     n="bed98/000226-a-0340"
                     ecep:lem="what"
                     ecep:pos="q-crq"
                     ecep:reg="What"
                     ecep:spe="What"
                     ecep:syllab="1"
                     ecep:pron="wɒt">What</w>
                  <c> </c>
                  <w xmlns:ecep="http://www.eighteenthcenturypoetry.org/ns"
                     xml:id="bed98-346980"
                     n="bed98/000226-a-0350"
                     ecep:lem="earth"
                     ecep:pos="n1"
                     ecep:reg="earth"
                     ecep:spe="earth"
                     ecep:syllab="1"
                     ecep:pron="ɜːθ">earth</w>
                  <c> </c>
                  <w xmlns:ecep="http://www.eighteenthcenturypoetry.org/ns"
                     xml:id="bed98-346990"
                     n="bed98/000226-a-0360"
                     ecep:lem="can"
                     ecep:pos="vmb"
                     ecep:reg="can"
                     ecep:spe="can"
                     ecep:syllab="1"
                     ecep:pron="kæn">can</w>
                  <c> </c>
                  <w xmlns:ecep="http://www.eighteenthcenturypoetry.org/ns"
                     xml:id="bed98-347000"
                     n="bed98/000226-a-0370"
                     ecep:lem="never"
                     ecep:pos="av-x"
                     ecep:reg="never"
                     ecep:spe="ne'er"
                     ecep:syllab="1"
                     ecep:pron="neə">ne'er</w>
                  <c> </c>
                  <w xmlns:ecep="http://www.eighteenthcenturypoetry.org/ns"
                     xml:id="bed98-347010"
                     n="bed98/000226-a-0380"
                     ecep:lem="restore"
                     ecep:pos="vvi"
                     ecep:reg="restore"
                     ecep:spe="restore"
                     ecep:syllab="2"
                     ecep:pron="rɪˈstɔː">restore</w>
                  <pc xmlns:ecep="http://www.eighteenthcenturypoetry.org/ns"
                      xml:id="bed98-347020"
                      n="bed98/000226-a-0390"
                      unit="sentence"
                      ecep:lem="."
                      ecep:pos="."
                      ecep:reg="."
                      ecep:spe=".">.</pc>
               </l>
            </lg>
            <lg xml:id="bed98-s02550">
               <l xml:id="bed98-l19560">
                  <w xmlns:ecep="http://www.eighteenthcenturypoetry.org/ns"
                     xml:id="bed98-347050"
                     n="bed98/000226-a-0400"
                     ecep:lem="that"
                     ecep:pos="cst"
                     ecep:reg="That"
                     ecep:spe="That"
                     ecep:syllab="1"
                     ecep:pron="ðæt">That</w>
                  <c> </c>
                  <w xmlns:ecep="http://www.eighteenthcenturypoetry.org/ns"
                     xml:id="bed98-347060"
                     n="bed98/000226-a-0410"
                     ecep:lem="eye"
                     ecep:pos="n1"
                     ecep:reg="eye"
                     ecep:spe="eye"
                     ecep:syllab="1"
                     ecep:pron="aɪ">eye</w>
                  <pc xmlns:ecep="http://www.eighteenthcenturypoetry.org/ns"
                      xml:id="bed98-347070"
                      n="bed98/000226-a-0420"
                      ecep:lem=","
                      ecep:pos=","
                      ecep:reg=","
                      ecep:spe=",">,</pc>
                  <c> </c>
                  <w xmlns:ecep="http://www.eighteenthcenturypoetry.org/ns"
                     xml:id="bed98-347080"
                     n="bed98/000226-a-0430"
                     ecep:lem="a"
                     ecep:pos="dt"
                     ecep:reg="a"
                     ecep:spe="a"
                     ecep:syllab="1"
                     ecep:pron="ə">a</w>
                  <c> </c>
                  <w xmlns:ecep="http://www.eighteenthcenturypoetry.org/ns"
                     xml:id="bed98-347090"
                     n="bed98/000226-a-0440"
                     ecep:lem="feeling"
                     ecep:pos="n1"
                     ecep:reg="feeling"
                     ecep:spe="feeling"
                     ecep:syllab="2"
                     ecep:pron="ˈfiːlɪŋ">feeling</w>
                  <c> </c>
                  <w xmlns:ecep="http://www.eighteenthcenturypoetry.org/ns"
                     xml:id="bed98-347100"
                     n="bed98/000226-a-0450"
                     ecep:lem="heart"
                     ecep:pos="n1"
                     ecep:reg="heart"
                     ecep:spe="heart"
                     ecep:syllab="1"
                     ecep:pron="hɑːt">heart</w>
                  <c> </c>
                  <w xmlns:ecep="http://www.eighteenthcenturypoetry.org/ns"
                     xml:id="bed98-347110"
                     n="bed98/000226-a-0460"
                     ecep:lem="disclose"
                     ecep:pos="vvd"
                     ecep:reg="disclosed"
                     ecep:spe="disclos'd"
                     ecep:syllab="2"
                     ecep:pron="dɪsˈkləʊzd">disclos'd</w>
                  <pc xmlns:ecep="http://www.eighteenthcenturypoetry.org/ns"
                      xml:id="bed98-347120"
                      n="bed98/000226-a-0470"
                      ecep:lem=","
                      ecep:pos=","
                      ecep:reg=","
                      ecep:spe=",">,</pc>
               </l>
               <l rendition="#h_3" xml:id="bed98-l19565">
                  <w xmlns:ecep="http://www.eighteenthcenturypoetry.org/ns"
                     xml:id="bed98-347130"
                     n="bed98/000226-a-0480"
                     ecep:lem="and"
                     ecep:pos="cc"
                     ecep:reg="And"
                     ecep:spe="And"
                     ecep:syllab="1"
                     ecep:pron="ænd">And</w>
                  <c> </c>
                  <w xmlns:ecep="http://www.eighteenthcenturypoetry.org/ns"
                     xml:id="bed98-347140"
                     n="bed98/000226-a-0490"
                     ecep:lem="be"
                     ecep:pos="vbds"
                     ecep:reg="was"
                     ecep:spe="was"
                     ecep:syllab="1"
                     ecep:pron="wɒz">was</w>
                  <c> </c>
                  <w xmlns:ecep="http://www.eighteenthcenturypoetry.org/ns"
                     xml:id="bed98-347150"
                     n="bed98/000226-a-0500"
                     ecep:lem="my"
                     ecep:pos="po11"
                     ecep:reg="my"
                     ecep:spe="my"
                     ecep:syllab="1"
                     ecep:pron="maɪ">my</w>
                  <c> </c>
                  <w xmlns:ecep="http://www.eighteenthcenturypoetry.org/ns"
                     xml:id="bed98-347160"
                     n="bed98/000226-a-0510"
                     ecep:lem="fond"
                     ecep:pos="j"
                     ecep:reg="fond"
                     ecep:spe="fond"
                     ecep:syllab="1"
                     ecep:pron="fɒnd">fond</w>
                  <c> </c>
                  <w xmlns:ecep="http://www.eighteenthcenturypoetry.org/ns"
                     xml:id="bed98-347170"
                     n="bed98/000226-a-0520"
                     ecep:lem="delight"
                     ecep:pos="n1"
                     ecep:reg="delight"
                     ecep:spe="delight"
                     ecep:syllab="2"
                     ecep:pron="dɪˈlaɪt">delight</w>
                  <c> </c>
                  <w xmlns:ecep="http://www.eighteenthcenturypoetry.org/ns"
                     xml:id="bed98-347180"
                     n="bed98/000226-a-0530"
                     ecep:lem="to"
                     ecep:pos="pc-acp"
                     ecep:reg="to"
                     ecep:spe="to"
                     ecep:syllab="1"
                     ecep:pron="tuː">to</w>
                  <c> </c>
                  <w xmlns:ecep="http://www.eighteenthcenturypoetry.org/ns"
                     xml:id="bed98-347190"
                     n="bed98/000226-a-0540"
                     ecep:lem="see"
                     ecep:pos="vvi"
                     ecep:reg="see"
                     ecep:spe="see"
                     ecep:syllab="1"
                     ecep:pron="siː">see</w>
                  <pc xmlns:ecep="http://www.eighteenthcenturypoetry.org/ns"
                      xml:id="bed98-347200"
                      n="bed98/000226-a-0550"
                      ecep:lem=";"
                      ecep:pos=";"
                      ecep:reg=";"
                      ecep:spe=";">;</pc>
               </l>
               <l xml:id="bed98-l19570">
                  <w xmlns:ecep="http://www.eighteenthcenturypoetry.org/ns"
                     xml:id="bed98-347210"
                     n="bed98/000226-a-0560"
                     ecep:lem="but"
                     ecep:pos="cc-acp"
                     ecep:reg="But"
                     ecep:spe="But"
                     ecep:syllab="1"
                     ecep:pron="bʌt">But</w>
                  <c> </c>
                  <w xmlns:ecep="http://www.eighteenthcenturypoetry.org/ns"
                     xml:id="bed98-347220"
                     n="bed98/000226-a-0570"
                     ecep:lem="now"
                     ecep:pos="av"
                     ecep:reg="now"
                     ecep:spe="now"
                     ecep:syllab="1"
                     ecep:pron="naʊ">now</w>
                  <c> </c>
                  <w xmlns:ecep="http://www.eighteenthcenturypoetry.org/ns"
                     xml:id="bed98-347230"
                     n="bed98/000226-a-0580"
                     ecep:lem="it"
                     ecep:pos="pn31"
                     ecep:reg="it"
                     ecep:spe="it"
                     ecep:syllab="1"
                     ecep:pron="ɪt">it</w>
                  <c> </c>
                  <w xmlns:ecep="http://www.eighteenthcenturypoetry.org/ns"
                     xml:id="bed98-347240"
                     n="bed98/000226-a-0590"
                     ecep:lem="be"
                     ecep:pos="vbz"
                     ecep:reg="is"
                     ecep:spe="is"
                     ecep:syllab="1"
                     ecep:pron="ɪz">is</w>
                  <c> </c>
                  <w xmlns:ecep="http://www.eighteenthcenturypoetry.org/ns"
                     xml:id="bed98-347250"
                     n="bed98/000226-a-0600"
                     ecep:lem="for"
                     ecep:pos="p-acp"
                     ecep:reg="for"
                     ecep:spe="for"
                     ecep:syllab="1"
                     ecep:pron="fɔː">for</w>
                  <c> </c>
                  <w xmlns:ecep="http://www.eighteenthcenturypoetry.org/ns"
                     xml:id="bed98-347260"
                     n="bed98/000226-a-0610"
                     ecep:lem="ever"
                     ecep:pos="av"
                     ecep:reg="ever"
                     ecep:spe="ever"
                     ecep:syllab="2"
                     ecep:pron="ˈevə">ever</w>
                  <c> </c>
                  <w xmlns:ecep="http://www.eighteenthcenturypoetry.org/ns"
                     xml:id="bed98-347270"
                     n="bed98/000226-a-0620"
                     ecep:lem="close"
                     ecep:pos="vvn"
                     ecep:reg="closed"
                     ecep:spe="clos'd"
                     ecep:syllab="1"
                     ecep:pron="kləʊzd">clos'd</w>
                  <pc xmlns:ecep="http://www.eighteenthcenturypoetry.org/ns"
                      xml:id="bed98-347280"
                      n="bed98/000226-a-0630"
                      ecep:lem=","
                      ecep:pos=","
                      ecep:reg=","
                      ecep:spe=",">,</pc>
               </l>
               <l rendition="#h_3" xml:id="bed98-l19575">
                  <w xmlns:ecep="http://www.eighteenthcenturypoetry.org/ns"
                     xml:id="bed98-347290"
                     n="bed98/000226-a-0640"
                     ecep:lem="nor"
                     ecep:pos="ccx"
                     ecep:reg="Nor"
                     ecep:spe="Nor"
                     ecep:syllab="1"
                     ecep:pron="nɔː">Nor</w>
                  <c> </c>
                  <w xmlns:ecep="http://www.eighteenthcenturypoetry.org/ns"
                     xml:id="bed98-347300"
                     n="bed98/000226-a-0650"
                     ecep:lem="more"
                     ecep:pos="dc"
                     ecep:reg="more"
                     ecep:spe="more"
                     ecep:syllab="1"
                     ecep:pron="mɔː">more</w>
                  <c> </c>
                  <w xmlns:ecep="http://www.eighteenthcenturypoetry.org/ns"
                     xml:id="bed98-347310"
                     n="bed98/000226-a-0660"
                     ecep:lem="shall"
                     ecep:pos="vmb"
                     ecep:reg="shall"
                     ecep:spe="shall"
                     ecep:syllab="1"
                     ecep:pron="ʃæl">shall</w>
                  <c> </c>
                  <w xmlns:ecep="http://www.eighteenthcenturypoetry.org/ns"
                     xml:id="bed98-347320"
                     n="bed98/000226-a-0670"
                     ecep:lem="beam"
                     ecep:pos="n1"
                     ecep:reg="beam"
                     ecep:spe="beam"
                     ecep:syllab="1"
                     ecep:pron="biːm">beam</w>
                  <c> </c>
                  <w xmlns:ecep="http://www.eighteenthcenturypoetry.org/ns"
                     xml:id="bed98-347330"
                     n="bed98/000226-a-0680"
                     ecep:lem="on"
                     ecep:pos="p-acp"
                     ecep:reg="on"
                     ecep:spe="on"
                     ecep:syllab="1"
                     ecep:pron="ɒn">on</w>
                  <c> </c>
                  <w xmlns:ecep="http://www.eighteenthcenturypoetry.org/ns"
                     xml:id="bed98-347340"
                     n="bed98/000226-a-0690"
                     ecep:lem="i"
                     ecep:pos="pno11"
                     ecep:reg="me"
                     ecep:spe="me"
                     ecep:syllab="1"
                     ecep:pron="miː">me</w>
                  <pc xmlns:ecep="http://www.eighteenthcenturypoetry.org/ns"
                      xml:id="bed98-347350"
                      n="bed98/000226-a-0700"
                      unit="sentence"
                      ecep:lem="."
                      ecep:pos="."
                      ecep:reg="."
                      ecep:spe=".">.</pc>
               </l>
            </lg>
            <lg xml:id="bed98-s02555">
               <l xml:id="bed98-l19580">
                  <w xmlns:ecep="http://www.eighteenthcenturypoetry.org/ns"
                     xml:id="bed98-347380"
                     n="bed98/000226-a-0710"
                     ecep:lem="the"
                     ecep:pos="dt"
                     ecep:reg="The"
                     ecep:spe="The"
                     ecep:syllab="1"
                     ecep:pron="ðiː">The</w>
                  <c> </c>
                  <w xmlns:ecep="http://www.eighteenthcenturypoetry.org/ns"
                     xml:id="bed98-347390"
                     n="bed98/000226-a-0720"
                     ecep:lem="gentle"
                     ecep:pos="j-jn"
                     ecep:reg="gentle"
                     ecep:spe="gentle"
                     ecep:syllab="2"
                     ecep:pron="ˈdʒentl">gentle</w>
                  <c> </c>
                  <w xmlns:ecep="http://www.eighteenthcenturypoetry.org/ns"
                     xml:id="bed98-347400"
                     n="bed98/000226-a-0730"
                     ecep:lem="accent"
                     ecep:pos="n2"
                     ecep:reg="accents"
                     ecep:spe="accents"
                     ecep:syllab="2"
                     ecep:pron="ˈæksnts">accents</w>
                  <c> </c>
                  <w xmlns:ecep="http://www.eighteenthcenturypoetry.org/ns"
                     xml:id="bed98-347410"
                     n="bed98/000226-a-0740"
                     ecep:lem="of"
                     ecep:pos="pp-f"
                     ecep:reg="of"
                     ecep:spe="of"
                     ecep:syllab="1"
                     ecep:pron="ɒv">of</w>
                  <c> </c>
                  <w xmlns:ecep="http://www.eighteenthcenturypoetry.org/ns"
                     xml:id="bed98-347420"
                     n="bed98/000226-a-0750"
                     ecep:lem="that"
                     ecep:pos="d"
                     ecep:reg="that"
                     ecep:spe="that"
                     ecep:syllab="1"
                     ecep:pron="ðæt">that</w>
                  <c> </c>
                  <w xmlns:ecep="http://www.eighteenthcenturypoetry.org/ns"
                     xml:id="bed98-347430"
                     n="bed98/000226-a-0760"
                     ecep:lem="tongue"
                     ecep:pos="n1"
                     ecep:reg="tongue"
                     ecep:spe="tongue"
                     ecep:syllab="1"
                     ecep:pron="tʌŋ">tongue</w>
                  <pc xmlns:ecep="http://www.eighteenthcenturypoetry.org/ns"
                      xml:id="bed98-347440"
                      n="bed98/000226-a-0770"
                      ecep:lem=","
                      ecep:pos=","
                      ecep:reg=","
                      ecep:spe=",">,</pc>
               </l>
               <l rendition="#h_3" xml:id="bed98-l19585">
                  <w xmlns:ecep="http://www.eighteenthcenturypoetry.org/ns"
                     xml:id="bed98-347450"
                     n="bed98/000226-a-0780"
                     ecep:lem="the"
                     ecep:pos="dt"
                     ecep:reg="The"
                     ecep:spe="The"
                     ecep:syllab="1"
                     ecep:pron="ðiː">The</w>
                  <c> </c>
                  <w xmlns:ecep="http://www.eighteenthcenturypoetry.org/ns"
                     xml:id="bed98-347460"
                     n="bed98/000226-a-0790"
                     ecep:lem="sound"
                     ecep:pos="n1"
                     ecep:reg="sound"
                     ecep:spe="sound"
                     ecep:syllab="1"
                     ecep:pron="saʊnd">sound</w>
                  <c> </c>
                  <w xmlns:ecep="http://www.eighteenthcenturypoetry.org/ns"
                     xml:id="bed98-347470"
                     n="bed98/000226-a-0800"
                     ecep:lem="of"
                     ecep:pos="pp-f"
                     ecep:reg="of"
                     ecep:spe="of"
                     ecep:syllab="1"
                     ecep:pron="ɒv">of</w>
                  <c> </c>
                  <w xmlns:ecep="http://www.eighteenthcenturypoetry.org/ns"
                     xml:id="bed98-347480"
                     n="bed98/000226-a-0810"
                     ecep:lem="that"
                     ecep:pos="cst"
                     ecep:reg="that"
                     ecep:spe="that"
                     ecep:syllab="1"
                     ecep:pron="ðæt">that</w>
                  <c> </c>
                  <w xmlns:ecep="http://www.eighteenthcenturypoetry.org/ns"
                     xml:id="bed98-347490"
                     n="bed98/000226-a-0820"
                     ecep:lem="belove"
                     ecep:pos="j-vvn"
                     ecep:reg="beloved"
                     ecep:spe="beloved"
                     ecep:syllab="3"
                     ecep:pron="bɪˈlʌvd">beloved</w>
                  <c> </c>
                  <w xmlns:ecep="http://www.eighteenthcenturypoetry.org/ns"
                     xml:id="bed98-347500"
                     n="bed98/000226-a-0830"
                     ecep:lem="voice"
                     ecep:pos="n1"
                     ecep:reg="voice"
                     ecep:spe="voice"
                     ecep:syllab="1"
                     ecep:pron="vɔɪs">voice</w>
                  <pc xmlns:ecep="http://www.eighteenthcenturypoetry.org/ns"
                      xml:id="bed98-347510"
                      n="bed98/000226-a-0840"
                      ecep:lem=","
                      ecep:pos=","
                      ecep:reg=","
                      ecep:spe=",">,</pc>
               </l>
               <l xml:id="bed98-l19590">
                  <w xmlns:ecep="http://www.eighteenthcenturypoetry.org/ns"
                     xml:id="bed98-347520"
                     n="bed98/000226-a-0850"
                     ecep:lem="where"
                     ecep:pos="q-crq"
                     ecep:reg="Where"
                     ecep:spe="Where"
                     ecep:syllab="1"
                     ecep:pron="weə">Where</w>
                  <c> </c>
                  <w xmlns:ecep="http://www.eighteenthcenturypoetry.org/ns"
                     xml:id="bed98-347530"
                     n="bed98/000226-a-0860"
                     ecep:lem="oft"
                     ecep:pos="av"
                     ecep:reg="oft"
                     ecep:spe="oft"
                     ecep:syllab="1"
                     ecep:pron="ɒft">oft</w>
                  <c> </c>
                  <w xmlns:ecep="http://www.eighteenthcenturypoetry.org/ns"
                     xml:id="bed98-347540"
                     n="bed98/000226-a-0870"
                     ecep:lem="my"
                     ecep:pos="po11"
                     ecep:reg="my"
                     ecep:spe="my"
                     ecep:syllab="1"
                     ecep:pron="maɪ">my</w>
                  <c> </c>
                  <w xmlns:ecep="http://www.eighteenthcenturypoetry.org/ns"
                     xml:id="bed98-347550"
                     n="bed98/000226-a-0880"
                     ecep:lem="please"
                     ecep:pos="j-vvn"
                     ecep:reg="pleased"
                     ecep:spe="pleas'd"
                     ecep:syllab="1"
                     ecep:pron="pliːzd">pleas'd</w>
                  <c> </c>
                  <w xmlns:ecep="http://www.eighteenthcenturypoetry.org/ns"
                     xml:id="bed98-347560"
                     n="bed98/000226-a-0890"
                     ecep:lem="attention"
                     ecep:pos="n1"
                     ecep:reg="attention"
                     ecep:spe="attention"
                     ecep:syllab="3"
                     ecep:pron="əˈtenʃn">attention</w>
                  <c> </c>
                  <w xmlns:ecep="http://www.eighteenthcenturypoetry.org/ns"
                     xml:id="bed98-347570"
                     n="bed98/000226-a-0900"
                     ecep:lem="hang"
                     ecep:pos="vvd"
                     ecep:reg="hung"
                     ecep:spe="hung"
                     ecep:syllab="1"
                     ecep:pron="hʌŋ">hung</w>
                  <pc xmlns:ecep="http://www.eighteenthcenturypoetry.org/ns"
                      xml:id="bed98-347580"
                      n="bed98/000226-a-0910"
                      ecep:lem=","
                      ecep:pos=","
                      ecep:reg=","
                      ecep:spe=",">,</pc>
               </l>
               <l rendition="#h_3" xml:id="bed98-l19595">
                  <w xmlns:ecep="http://www.eighteenthcenturypoetry.org/ns"
                     xml:id="bed98-347590"
                     n="bed98/000226-a-0920"
                     ecep:lem="no"
                     ecep:pos="av-dx"
                     ecep:reg="No"
                     ecep:spe="No"
                     ecep:syllab="1"
                     ecep:pron="nəʊ">No</w>
                  <c> </c>
                  <w xmlns:ecep="http://www.eighteenthcenturypoetry.org/ns"
                     xml:id="bed98-347600"
                     n="bed98/000226-a-0930"
                     ecep:lem="more"
                     ecep:pos="dc"
                     ecep:reg="more"
                     ecep:spe="more"
                     ecep:syllab="1"
                     ecep:pron="mɔː">more</w>
                  <c> </c>
                  <w xmlns:ecep="http://www.eighteenthcenturypoetry.org/ns"
                     xml:id="bed98-347610"
                     n="bed98/000226-a-0940"
                     ecep:lem="can"
                     ecep:pos="vmb"
                     ecep:reg="can"
                     ecep:spe="can"
                     ecep:syllab="1"
                     ecep:pron="kæn">can</w>
                  <c> </c>
                  <w xmlns:ecep="http://www.eighteenthcenturypoetry.org/ns"
                     xml:id="bed98-347620"
                     n="bed98/000226-a-0950"
                     ecep:lem="i"
                     ecep:pos="pno11"
                     ecep:reg="me"
                     ecep:spe="me"
                     ecep:syllab="1"
                     ecep:pron="miː">me</w>
                  <c> </c>
                  <w xmlns:ecep="http://www.eighteenthcenturypoetry.org/ns"
                     xml:id="bed98-347630"
                     n="bed98/000226-a-0960"
                     ecep:lem="rejoice"
                     ecep:pos="vvi"
                     ecep:reg="rejoice"
                     ecep:spe="rejoice"
                     ecep:syllab="2"
                     ecep:pron="rɪˈdʒɔɪs">rejoice</w>
                  <pc xmlns:ecep="http://www.eighteenthcenturypoetry.org/ns"
                      xml:id="bed98-347640"
                      n="bed98/000226-a-0970"
                      unit="sentence"
                      ecep:lem="."
                      ecep:pos="."
                      ecep:reg="."
                      ecep:spe=".">.</pc>
               </l>
            </lg>
            <pb facs="bed98/000227" n="207" rend="none"/>
            <lg xml:id="bed98-s02560">
               <l xml:id="bed98-l19600">
                  <w xmlns:ecep="http://www.eighteenthcenturypoetry.org/ns"
                     xml:id="bed98-347670"
                     n="bed98/000227-a-0010"
                     ecep:lem="that"
                     ecep:pos="cst"
                     ecep:reg="That"
                     ecep:spe="That"
                     ecep:syllab="1"
                     ecep:pron="ðæt">That</w>
                  <c> </c>
                  <w xmlns:ecep="http://www.eighteenthcenturypoetry.org/ns"
                     xml:id="bed98-347680"
                     n="bed98/000227-a-0020"
                     ecep:lem="heart"
                     ecep:pos="n1"
                     ecep:reg="heart"
                     ecep:spe="heart"
                     ecep:syllab="1"
                     ecep:pron="hɑːt">heart</w>
                  <pc xmlns:ecep="http://www.eighteenthcenturypoetry.org/ns"
                      xml:id="bed98-347690"
                      n="bed98/000227-a-0030"
                      ecep:lem=","
                      ecep:pos=","
                      ecep:reg=","
                      ecep:spe=",">,</pc>
                  <c> </c>
                  <w xmlns:ecep="http://www.eighteenthcenturypoetry.org/ns"
                     xml:id="bed98-347700"
                     n="bed98/000227-a-0040"
                     ecep:lem="once"
                     ecep:pos="a-acp"
                     ecep:reg="once"
                     ecep:spe="once"
                     ecep:syllab="1"
                     ecep:pron="wʌns">once</w>
                  <c> </c>
                  <w xmlns:ecep="http://www.eighteenthcenturypoetry.org/ns"
                     xml:id="bed98-347710"
                     n="bed98/000227-a-0050"
                     ecep:lem="open"
                     ecep:pos="j"
                     ecep:reg="open"
                     ecep:spe="open"
                     ecep:syllab="2"
                     ecep:pron="ˈəʊpn">open</w>
                  <c> </c>
                  <w xmlns:ecep="http://www.eighteenthcenturypoetry.org/ns"
                     xml:id="bed98-347720"
                     n="bed98/000227-a-0060"
                     ecep:lem="to"
                     ecep:pos="p-acp"
                     ecep:reg="to"
                     ecep:spe="to"
                     ecep:syllab="1"
                     ecep:pron="tuː">to</w>
                  <c> </c>
                  <w xmlns:ecep="http://www.eighteenthcenturypoetry.org/ns"
                     xml:id="bed98-347730"
                     n="bed98/000227-a-0070"
                     ecep:lem="my"
                     ecep:pos="po11"
                     ecep:reg="my"
                     ecep:spe="my"
                     ecep:syllab="1"
                     ecep:pron="maɪ">my</w>
                  <c> </c>
                  <w xmlns:ecep="http://www.eighteenthcenturypoetry.org/ns"
                     xml:id="bed98-347740"
                     n="bed98/000227-a-0080"
                     ecep:lem="view"
                     ecep:pos="n1"
                     ecep:reg="view"
                     ecep:spe="view"
                     ecep:syllab="1"
                     ecep:pron="vjuː">view</w>
                  <pc xmlns:ecep="http://www.eighteenthcenturypoetry.org/ns"
                      xml:id="bed98-347750"
                      n="bed98/000227-a-0090"
                      ecep:lem=","
                      ecep:pos=","
                      ecep:reg=","
                      ecep:spe=",">,</pc>
               </l>
               <l rendition="#h_3" xml:id="bed98-l19605">
                  <w xmlns:ecep="http://www.eighteenthcenturypoetry.org/ns"
                     xml:id="bed98-347760"
                     n="bed98/000227-a-0100"
                     ecep:lem="no"
                     ecep:pos="uh-x"
                     ecep:reg="No"
                     ecep:spe="No"
                     ecep:syllab="1"
                     ecep:pron="nəʊ">No</w>
                  <c> </c>
                  <w xmlns:ecep="http://www.eighteenthcenturypoetry.org/ns"
                     xml:id="bed98-347770"
                     n="bed98/000227-a-0110"
                     ecep:lem="generous"
                     ecep:pos="j"
                     ecep:reg="generous"
                     ecep:spe="generous"
                     ecep:syllab="2"
                     ecep:pron="ˈdʒenrəs">generous</w>
                  <c> </c>
                  <w xmlns:ecep="http://www.eighteenthcenturypoetry.org/ns"
                     xml:id="bed98-347780"
                     n="bed98/000227-a-0120"
                     ecep:lem="aim"
                     ecep:pos="n1"
                     ecep:reg="aim"
                     ecep:spe="aim"
                     ecep:syllab="1"
                     ecep:pron="eɪm">aim</w>
                  <c> </c>
                  <w xmlns:ecep="http://www.eighteenthcenturypoetry.org/ns"
                     xml:id="bed98-347790"
                     n="bed98/000227-a-0130"
                     ecep:lem="can"
                     ecep:pos="vmb"
                     ecep:reg="can"
                     ecep:spe="can"
                     ecep:syllab="1"
                     ecep:pron="kæn">can</w>
                  <c> </c>
                  <w xmlns:ecep="http://www.eighteenthcenturypoetry.org/ns"
                     xml:id="bed98-347800"
                     n="bed98/000227-a-0140"
                     ecep:lem="now"
                     ecep:pos="av"
                     ecep:reg="now"
                     ecep:spe="now"
                     ecep:syllab="1"
                     ecep:pron="naʊ">now</w>
                  <c> </c>
                  <w xmlns:ecep="http://www.eighteenthcenturypoetry.org/ns"
                     xml:id="bed98-347810"
                     n="bed98/000227-a-0150"
                     ecep:lem="complete"
                     ecep:pos="j"
                     ecep:reg="complete"
                     ecep:spe="complete"
                     ecep:syllab="2"
                     ecep:pron="kəmˈpliːt">complete</w>
                  <pc xmlns:ecep="http://www.eighteenthcenturypoetry.org/ns"
                      xml:id="bed98-347820"
                      n="bed98/000227-a-0160"
                      ecep:lem=";"
                      ecep:pos=";"
                      ecep:reg=";"
                      ecep:spe=";">;</pc>
               </l>
               <l xml:id="bed98-l19610">
                  <w xmlns:ecep="http://www.eighteenthcenturypoetry.org/ns"
                     xml:id="bed98-347830"
                     n="bed98/000227-a-0170"
                     ecep:lem="that"
                     ecep:pos="d"
                     ecep:reg="That"
                     ecep:spe="That"
                     ecep:syllab="1"
                     ecep:pron="ðæt">That</w>
                  <c> </c>
                  <w xmlns:ecep="http://www.eighteenthcenturypoetry.org/ns"
                     xml:id="bed98-347840"
                     n="bed98/000227-a-0180"
                     ecep:lem="heart"
                     ecep:pos="n1"
                     ecep:reg="heart"
                     ecep:spe="heart"
                     ecep:syllab="1"
                     ecep:pron="hɑːt">heart</w>
                  <pc xmlns:ecep="http://www.eighteenthcenturypoetry.org/ns"
                      xml:id="bed98-347850"
                      n="bed98/000227-a-0190"
                      ecep:lem=","
                      ecep:pos=","
                      ecep:reg=","
                      ecep:spe=",">,</pc>
                  <c> </c>
                  <w xmlns:ecep="http://www.eighteenthcenturypoetry.org/ns"
                     xml:id="bed98-347860"
                     n="bed98/000227-a-0200"
                     ecep:lem="so"
                     ecep:pos="av"
                     ecep:reg="so"
                     ecep:spe="so"
                     ecep:syllab="1"
                     ecep:pron="səʊ">so</w>
                  <c> </c>
                  <w xmlns:ecep="http://www.eighteenthcenturypoetry.org/ns"
                     xml:id="bed98-347870"
                     n="bed98/000227-a-0210"
                     ecep:lem="tender"
                     ecep:pos="j"
                     ecep:reg="tender"
                     ecep:spe="tender"
                     ecep:syllab="2"
                     ecep:pron="ˈtendə">tender</w>
                  <c> </c>
                  <w xmlns:ecep="http://www.eighteenthcenturypoetry.org/ns"
                     xml:id="bed98-347880"
                     n="bed98/000227-a-0220"
                     ecep:lem="and"
                     ecep:pos="cc"
                     ecep:reg="and"
                     ecep:spe="and"
                     ecep:syllab="1"
                     ecep:pron="ænd">and</w>
                  <c> </c>
                  <w xmlns:ecep="http://www.eighteenthcenturypoetry.org/ns"
                     xml:id="bed98-347890"
                     n="bed98/000227-a-0230"
                     ecep:lem="so"
                     ecep:pos="av"
                     ecep:reg="so"
                     ecep:spe="so"
                     ecep:syllab="1"
                     ecep:pron="səʊ">so</w>
                  <c> </c>
                  <w xmlns:ecep="http://www.eighteenthcenturypoetry.org/ns"
                     xml:id="bed98-347900"
                     n="bed98/000227-a-0240"
                     ecep:lem="true"
                     ecep:pos="j"
                     ecep:reg="true"
                     ecep:spe="true"
                     ecep:syllab="1"
                     ecep:pron="truː">true</w>
                  <pc xmlns:ecep="http://www.eighteenthcenturypoetry.org/ns"
                      xml:id="bed98-347910"
                      n="bed98/000227-a-0250"
                      ecep:lem=","
                      ecep:pos=","
                      ecep:reg=","
                      ecep:spe=",">,</pc>
               </l>
               <l rendition="#h_3" xml:id="bed98-l19615">
                  <w xmlns:ecep="http://www.eighteenthcenturypoetry.org/ns"
                     xml:id="bed98-347920"
                     n="bed98/000227-a-0260"
                     ecep:lem="alas"
                     ecep:pos="uh"
                     ecep:reg="Alas"
                     ecep:spe="Alas"
                     ecep:syllab="2"
                     ecep:pron="əˈlæs">Alas</w>
                  <pc xmlns:ecep="http://www.eighteenthcenturypoetry.org/ns"
                      xml:id="bed98-347930"
                      n="bed98/000227-a-0270"
                      ecep:lem="!"
                      ecep:pos="!"
                      ecep:reg="!"
                      ecep:spe="!">!</pc>
                  <c> </c>
                  <w xmlns:ecep="http://www.eighteenthcenturypoetry.org/ns"
                     xml:id="bed98-347940"
                     n="bed98/000227-a-0280"
                     ecep:lem="have"
                     ecep:pos="vhz"
                     ecep:reg="has"
                     ecep:spe="has"
                     ecep:syllab="1"
                     ecep:pron="hæz">has</w>
                  <c> </c>
                  <w xmlns:ecep="http://www.eighteenthcenturypoetry.org/ns"
                     xml:id="bed98-347950"
                     n="bed98/000227-a-0290"
                     ecep:lem="cease"
                     ecep:pos="vvn"
                     ecep:reg="ceased"
                     ecep:spe="ceas'd"
                     ecep:syllab="1"
                     ecep:pron="siːst">ceas'd</w>
                  <c> </c>
                  <w xmlns:ecep="http://www.eighteenthcenturypoetry.org/ns"
                     xml:id="bed98-347960"
                     n="bed98/000227-a-0300"
                     ecep:lem="to"
                     ecep:pos="pc-acp"
                     ecep:reg="to"
                     ecep:spe="to"
                     ecep:syllab="1"
                     ecep:pron="tuː">to</w>
                  <c> </c>
                  <w xmlns:ecep="http://www.eighteenthcenturypoetry.org/ns"
                     xml:id="bed98-347970"
                     n="bed98/000227-a-0310"
                     ecep:lem="beat"
                     ecep:pos="vvi"
                     ecep:reg="beat"
                     ecep:spe="beat"
                     ecep:syllab="1"
                     ecep:pron="biːt">beat</w>
                  <pc xmlns:ecep="http://www.eighteenthcenturypoetry.org/ns"
                      xml:id="bed98-347980"
                      n="bed98/000227-a-0320"
                      unit="sentence"
                      ecep:lem="."
                      ecep:pos="."
                      ecep:reg="."
                      ecep:spe=".">.</pc>
               </l>
            </lg>
            <lg xml:id="bed98-s02565">
               <l xml:id="bed98-l19620">
                  <w xmlns:ecep="http://www.eighteenthcenturypoetry.org/ns"
                     xml:id="bed98-348010"
                     n="bed98/000227-a-0330"
                     ecep:lem="that"
                     ecep:pos="cst"
                     ecep:reg="That"
                     ecep:spe="That"
                     ecep:syllab="1"
                     ecep:pron="ðæt">That</w>
                  <c> </c>
                  <w xmlns:ecep="http://www.eighteenthcenturypoetry.org/ns"
                     xml:id="bed98-348020"
                     n="bed98/000227-a-0340"
                     ecep:lem="head"
                     ecep:pos="n1"
                     ecep:reg="head"
                     ecep:spe="head"
                     ecep:syllab="1"
                     ecep:pron="hed">head</w>
                  <pc xmlns:ecep="http://www.eighteenthcenturypoetry.org/ns"
                      xml:id="bed98-348030"
                      n="bed98/000227-a-0350"
                      ecep:lem=","
                      ecep:pos=","
                      ecep:reg=","
                      ecep:spe=",">,</pc>
                  <c> </c>
                  <w xmlns:ecep="http://www.eighteenthcenturypoetry.org/ns"
                     xml:id="bed98-348040"
                     n="bed98/000227-a-0360"
                     ecep:lem="where"
                     ecep:pos="c-crq"
                     ecep:reg="where"
                     ecep:spe="where"
                     ecep:syllab="1"
                     ecep:pron="weə">where</w>
                  <c> </c>
                  <w xmlns:ecep="http://www.eighteenthcenturypoetry.org/ns"
                     xml:id="bed98-348050"
                     n="bed98/000227-a-0370"
                     ecep:lem="bright"
                     ecep:pos="j"
                     ecep:reg="bright"
                     ecep:spe="bright"
                     ecep:syllab="1"
                     ecep:pron="braɪt">bright</w>
                  <c> </c>
                  <w xmlns:ecep="http://www.eighteenthcenturypoetry.org/ns"
                     xml:id="bed98-348060"
                     n="bed98/000227-a-0380"
                     ecep:lem="idea"
                     ecep:pos="n2"
                     ecep:reg="ideas"
                     ecep:spe="ideas"
                     ecep:syllab="2"
                     ecep:pron="aɪˈdɪəz">ideas</w>
                  <c> </c>
                  <w xmlns:ecep="http://www.eighteenthcenturypoetry.org/ns"
                     xml:id="bed98-348070"
                     n="bed98/000227-a-0390"
                     ecep:lem="play"
                     ecep:pos="vvn"
                     ecep:reg="played"
                     ecep:spe="play'd"
                     ecep:syllab="1"
                     ecep:pron="pleɪd">play'd</w>
                  <pc xmlns:ecep="http://www.eighteenthcenturypoetry.org/ns"
                      xml:id="bed98-348080"
                      n="bed98/000227-a-0400"
                      ecep:lem=","
                      ecep:pos=","
                      ecep:reg=","
                      ecep:spe=",">,</pc>
               </l>
               <l rendition="#h_3" xml:id="bed98-l19625">
                  <w xmlns:ecep="http://www.eighteenthcenturypoetry.org/ns"
                     xml:id="bed98-348090"
                     n="bed98/000227-a-0410"
                     ecep:lem="unused"
                     ecep:pos="j"
                     ecep:reg="Unused"
                     ecep:spe="Unus'd"
                     ecep:syllab="2"
                     ecep:pron="ʌnˈjuːzd">Unus'd</w>
                  <c> </c>
                  <w xmlns:ecep="http://www.eighteenthcenturypoetry.org/ns"
                     xml:id="bed98-348100"
                     n="bed98/000227-a-0420"
                     ecep:lem="from"
                     ecep:pos="p-acp"
                     ecep:reg="from"
                     ecep:spe="from"
                     ecep:syllab="1"
                     ecep:pron="frɒm">from</w>
                  <c> </c>
                  <w xmlns:ecep="http://www.eighteenthcenturypoetry.org/ns"
                     xml:id="bed98-348110"
                     n="bed98/000227-a-0430"
                     ecep:lem="studious"
                     ecep:pos="j"
                     ecep:reg="studious"
                     ecep:spe="studious"
                     ecep:syllab="3"
                     ecep:pron="ˈstjuːdiəs">studious</w>
                  <c> </c>
                  <w xmlns:ecep="http://www.eighteenthcenturypoetry.org/ns"
                     xml:id="bed98-348120"
                     n="bed98/000227-a-0440"
                     ecep:lem="thought"
                     ecep:pos="n1"
                     ecep:reg="thought"
                     ecep:spe="thought"
                     ecep:syllab="1"
                     ecep:pron="θɔːt">thought</w>
                  <c> </c>
                  <w xmlns:ecep="http://www.eighteenthcenturypoetry.org/ns"
                     xml:id="bed98-348130"
                     n="bed98/000227-a-0450"
                     ecep:lem="to"
                     ecep:pos="pc-acp"
                     ecep:reg="to"
                     ecep:spe="to"
                     ecep:syllab="1"
                     ecep:pron="tuː">to</w>
                  <c> </c>
                  <w xmlns:ecep="http://www.eighteenthcenturypoetry.org/ns"
                     xml:id="bed98-348140"
                     n="bed98/000227-a-0460"
                     ecep:lem="shrink"
                     ecep:pos="vvi"
                     ecep:reg="shrink"
                     ecep:spe="shrink"
                     ecep:syllab="1"
                     ecep:pron="ʃrɪŋk">shrink</w>
                  <pc xmlns:ecep="http://www.eighteenthcenturypoetry.org/ns"
                      xml:id="bed98-348150"
                      n="bed98/000227-a-0470"
                      ecep:lem=";"
                      ecep:pos=";"
                      ecep:reg=";"
                      ecep:spe=";">;</pc>
               </l>
               <l xml:id="bed98-l19630">
                  <w xmlns:ecep="http://www.eighteenthcenturypoetry.org/ns"
                     xml:id="bed98-348160"
                     n="bed98/000227-a-0480"
                     ecep:lem="no"
                     ecep:pos="uh-x"
                     ecep:reg="No"
                     ecep:spe="No"
                     ecep:syllab="1"
                     ecep:pron="nəʊ">No</w>
                  <c> </c>
                  <w xmlns:ecep="http://www.eighteenthcenturypoetry.org/ns"
                     xml:id="bed98-348170"
                     n="bed98/000227-a-0490"
                     ecep:lem="more"
                     ecep:pos="av-dc"
                     ecep:reg="more"
                     ecep:spe="more"
                     ecep:syllab="1"
                     ecep:pron="mɔː">more</w>
                  <c> </c>
                  <w xmlns:ecep="http://www.eighteenthcenturypoetry.org/ns"
                     xml:id="bed98-348180"
                     n="bed98/000227-a-0500"
                     ecep:lem="its"
                     ecep:pos="po31"
                     ecep:reg="its"
                     ecep:spe="its"
                     ecep:syllab="1"
                     ecep:pron="ɪts">its</w>
                  <c> </c>
                  <w xmlns:ecep="http://www.eighteenthcenturypoetry.org/ns"
                     xml:id="bed98-348190"
                     n="bed98/000227-a-0510"
                     ecep:lem="charm"
                     ecep:pos="n2"
                     ecep:reg="charms"
                     ecep:spe="charms"
                     ecep:syllab="1"
                     ecep:pron="tʃɑːmz">charms</w>
                  <c> </c>
                  <w xmlns:ecep="http://www.eighteenthcenturypoetry.org/ns"
                     xml:id="bed98-348200"
                     n="bed98/000227-a-0520"
                     ecep:lem="to"
                     ecep:pos="p-acp"
                     ecep:reg="to"
                     ecep:spe="to"
                     ecep:syllab="1"
                     ecep:pron="tuː">to</w>
                  <c> </c>
                  <w xmlns:ecep="http://www.eighteenthcenturypoetry.org/ns"
                     xml:id="bed98-348210"
                     n="bed98/000227-a-0530"
                     ecep:lem="i"
                     ecep:pos="pno11"
                     ecep:reg="me"
                     ecep:spe="me"
                     ecep:syllab="1"
                     ecep:pron="miː">me</w>
                  <c> </c>
                  <w xmlns:ecep="http://www.eighteenthcenturypoetry.org/ns"
                     xml:id="bed98-348220"
                     n="bed98/000227-a-0540"
                     ecep:lem="shall"
                     ecep:pos="vmb"
                     ecep:reg="shall"
                     ecep:spe="shall"
                     ecep:syllab="1"
                     ecep:pron="ʃæl">shall</w>
                  <c> </c>
                  <w xmlns:ecep="http://www.eighteenthcenturypoetry.org/ns"
                     xml:id="bed98-348230"
                     n="bed98/000227-a-0550"
                     ecep:lem="spread"
                     ecep:pos="vvi"
                     ecep:reg="spread"
                     ecep:spe="spread"
                     ecep:syllab="1"
                     ecep:pron="spred">spread</w>
                  <pc xmlns:ecep="http://www.eighteenthcenturypoetry.org/ns"
                      xml:id="bed98-348240"
                      n="bed98/000227-a-0560"
                      ecep:lem=","
                      ecep:pos=","
                      ecep:reg=","
                      ecep:spe=",">,</pc>
               </l>
               <l rendition="#h_3" xml:id="bed98-l19635">
                  <w xmlns:ecep="http://www.eighteenthcenturypoetry.org/ns"
                     xml:id="bed98-348250"
                     n="bed98/000227-a-0570"
                     ecep:lem="it"
                     ecep:pos="pn31"
                     ecep:reg="It"
                     ecep:spe="It"
                     ecep:syllab="1"
                     ecep:pron="ɪt">It</w>
                  <c> </c>
                  <w xmlns:ecep="http://www.eighteenthcenturypoetry.org/ns"
                     xml:id="bed98-348260"
                     n="bed98/000227-a-0580"
                     ecep:lem="cease"
                     ecep:pos="vvz"
                     ecep:reg="ceases"
                     ecep:spe="ceases"
                     ecep:syllab="2"
                     ecep:pron="siːsɪz">ceases</w>
                  <c> </c>
                  <w xmlns:ecep="http://www.eighteenthcenturypoetry.org/ns"
                     xml:id="bed98-348270"
                     n="bed98/000227-a-0590"
                     ecep:lem="now"
                     ecep:pos="av"
                     ecep:reg="now"
                     ecep:spe="now"
                     ecep:syllab="1"
                     ecep:pron="naʊ">now</w>
                  <c> </c>
                  <w xmlns:ecep="http://www.eighteenthcenturypoetry.org/ns"
                     xml:id="bed98-348280"
                     n="bed98/000227-a-0600"
                     ecep:lem="to"
                     ecep:pos="pc-acp"
                     ecep:reg="to"
                     ecep:spe="to"
                     ecep:syllab="1"
                     ecep:pron="tuː">to</w>
                  <c> </c>
                  <w xmlns:ecep="http://www.eighteenthcenturypoetry.org/ns"
                     xml:id="bed98-348290"
                     n="bed98/000227-a-0610"
                     ecep:lem="think"
                     ecep:pos="vvi"
                     ecep:reg="think"
                     ecep:spe="think"
                     ecep:syllab="1"
                     ecep:pron="θɪŋk">think</w>
                  <pc xmlns:ecep="http://www.eighteenthcenturypoetry.org/ns"
                      xml:id="bed98-348300"
                      n="bed98/000227-a-0620"
                      unit="sentence"
                      ecep:lem="."
                      ecep:pos="."
                      ecep:reg="."
                      ecep:spe=".">.</pc>
               </l>
            </lg>
            <lg xml:id="bed98-s02570">
               <l xml:id="bed98-l19640">
                  <w xmlns:ecep="http://www.eighteenthcenturypoetry.org/ns"
                     xml:id="bed98-348330"
                     n="bed98/000227-a-0630"
                     ecep:lem="no"
                     ecep:pos="dx"
                     ecep:reg="No"
                     ecep:spe="No"
                     ecep:syllab="1"
                     ecep:pron="nəʊ">No</w>
                  <c> </c>
                  <w xmlns:ecep="http://www.eighteenthcenturypoetry.org/ns"
                     xml:id="bed98-348340"
                     n="bed98/000227-a-0640"
                     ecep:lem="circulate"
                     ecep:pos="vvg"
                     ecep:reg="circulating"
                     ecep:spe="circulating"
                     ecep:syllab="4"
                     ecep:pron="ˈsɜːkjəleɪtɪŋ">circulating</w>
                  <c> </c>
                  <w xmlns:ecep="http://www.eighteenthcenturypoetry.org/ns"
                     xml:id="bed98-348350"
                     n="bed98/000227-a-0650"
                     ecep:lem="blood"
                     ecep:pos="n1"
                     ecep:reg="blood"
                     ecep:spe="blood"
                     ecep:syllab="1"
                     ecep:pron="blʌd">blood</w>
                  <c> </c>
                  <w xmlns:ecep="http://www.eighteenthcenturypoetry.org/ns"
                     xml:id="bed98-348360"
                     n="bed98/000227-a-0660"
                     ecep:lem="to"
                     ecep:pos="pc-acp"
                     ecep:reg="to"
                     ecep:spe="to"
                     ecep:syllab="1"
                     ecep:pron="tuː">to</w>
                  <c> </c>
                  <w xmlns:ecep="http://www.eighteenthcenturypoetry.org/ns"
                     xml:id="bed98-348370"
                     n="bed98/000227-a-0670"
                     ecep:lem="warm"
                     ecep:pos="vvi"
                     ecep:reg="warm"
                     ecep:spe="warm"
                     ecep:syllab="1"
                     ecep:pron="wɔːm">warm</w>
                  <pc xmlns:ecep="http://www.eighteenthcenturypoetry.org/ns"
                      xml:id="bed98-348380"
                      n="bed98/000227-a-0680"
                      ecep:lem=","
                      ecep:pos=","
                      ecep:reg=","
                      ecep:spe=",">,</pc>
               </l>
               <l rendition="#h_3" xml:id="bed98-l19645">
                  <w xmlns:ecep="http://www.eighteenthcenturypoetry.org/ns"
                     xml:id="bed98-348390"
                     n="bed98/000227-a-0690"
                     ecep:lem="but"
                     ecep:pos="cc-acp"
                     ecep:reg="But"
                     ecep:spe="But"
                     ecep:syllab="1"
                     ecep:pron="bʌt">But</w>
                  <c> </c>
                  <w xmlns:ecep="http://www.eighteenthcenturypoetry.org/ns"
                     xml:id="bed98-348400"
                     n="bed98/000227-a-0700"
                     ecep:lem="pale"
                     ecep:pos="j"
                     ecep:reg="pale"
                     ecep:spe="pale"
                     ecep:syllab="1"
                     ecep:pron="peɪl">pale</w>
                  <c> </c>
                  <w xmlns:ecep="http://www.eighteenthcenturypoetry.org/ns"
                     xml:id="bed98-348410"
                     n="bed98/000227-a-0710"
                     ecep:lem="and"
                     ecep:pos="cc"
                     ecep:reg="and"
                     ecep:spe="and"
                     ecep:syllab="1"
                     ecep:pron="ænd">and</w>
                  <c> </c>
                  <w xmlns:ecep="http://www.eighteenthcenturypoetry.org/ns"
                     xml:id="bed98-348420"
                     n="bed98/000227-a-0720"
                     ecep:lem="lifeless"
                     ecep:pos="j"
                     ecep:reg="lifeless"
                     ecep:spe="lifeless"
                     ecep:syllab="2"
                     ecep:pron="ˈlaɪfləs">lifeless</w>
                  <c> </c>
                  <w xmlns:ecep="http://www.eighteenthcenturypoetry.org/ns"
                     xml:id="bed98-348430"
                     n="bed98/000227-a-0730"
                     ecep:lem="see"
                     ecep:pos="vvn"
                     ecep:reg="seen"
                     ecep:spe="seen"
                     ecep:syllab="1"
                     ecep:pron="siːn">seen</w>
                  <pc xmlns:ecep="http://www.eighteenthcenturypoetry.org/ns"
                      xml:id="bed98-348440"
                      n="bed98/000227-a-0740"
                      ecep:lem=","
                      ecep:pos=","
                      ecep:reg=","
                      ecep:spe=",">,</pc>
               </l>
               <l xml:id="bed98-l19650">
                  <w xmlns:ecep="http://www.eighteenthcenturypoetry.org/ns"
                     xml:id="bed98-348450"
                     n="bed98/000227-a-0750"
                     ecep:lem="be"
                     ecep:pos="vbz"
                     ecep:reg="Is"
                     ecep:spe="Is"
                     ecep:syllab="1"
                     ecep:pron="ɪz">Is</w>
                  <c> </c>
                  <w xmlns:ecep="http://www.eighteenthcenturypoetry.org/ns"
                     xml:id="bed98-348460"
                     n="bed98/000227-a-0760"
                     ecep:lem="that"
                     ecep:pos="d"
                     ecep:reg="that"
                     ecep:spe="that"
                     ecep:syllab="1"
                     ecep:pron="ðæt">that</w>
                  <c> </c>
                  <w xmlns:ecep="http://www.eighteenthcenturypoetry.org/ns"
                     xml:id="bed98-348470"
                     n="bed98/000227-a-0770"
                     ecep:lem="once"
                     ecep:pos="a-acp"
                     ecep:reg="once"
                     ecep:spe="once"
                     ecep:syllab="1"
                     ecep:pron="wʌns">once</w>
                  <c> </c>
                  <w xmlns:ecep="http://www.eighteenthcenturypoetry.org/ns"
                     xml:id="bed98-348480"
                     n="bed98/000227-a-0780"
                     ecep:lem="animate"
                     ecep:pos="vvd"
                     ecep:reg="animated"
                     ecep:spe="animated"
                     ecep:syllab="4"
                     ecep:pron="ˈænɪmeɪtɪd">animated</w>
                  <c> </c>
                  <w xmlns:ecep="http://www.eighteenthcenturypoetry.org/ns"
                     xml:id="bed98-348490"
                     n="bed98/000227-a-0790"
                     ecep:lem="form"
                     ecep:pos="n1"
                     ecep:reg="form"
                     ecep:spe="form"
                     ecep:syllab="1"
                     ecep:pron="fɔːm">form</w>
                  <pc xmlns:ecep="http://www.eighteenthcenturypoetry.org/ns"
                      xml:id="bed98-348500"
                      n="bed98/000227-a-0800"
                      ecep:lem=","
                      ecep:pos=","
                      ecep:reg=","
                      ecep:spe=",">,</pc>
               </l>
               <l rendition="#h_3" xml:id="bed98-l19655">
                  <w xmlns:ecep="http://www.eighteenthcenturypoetry.org/ns"
                     xml:id="bed98-348510"
                     n="bed98/000227-a-0810"
                     ecep:lem="that"
                     ecep:pos="cst"
                     ecep:reg="That"
                     ecep:spe="That"
                     ecep:syllab="1"
                     ecep:pron="ðæt">That</w>
                  <c> </c>
                  <w xmlns:ecep="http://www.eighteenthcenturypoetry.org/ns"
                     xml:id="bed98-348520"
                     n="bed98/000227-a-0820"
                     ecep:lem="speak"
                     ecep:pos="vvd"
                     ecep:reg="spoke"
                     ecep:spe="spoke"
                     ecep:syllab="1"
                     ecep:pron="spəʊk">spoke</w>
                  <c> </c>
                  <w xmlns:ecep="http://www.eighteenthcenturypoetry.org/ns"
                     xml:id="bed98-348530"
                     n="bed98/000227-a-0830"
                     ecep:lem="a"
                     ecep:pos="dt"
                     ecep:reg="a"
                     ecep:spe="a"
                     ecep:syllab="1"
                     ecep:pron="ə">a</w>
                  <c> </c>
                  <w xmlns:ecep="http://www.eighteenthcenturypoetry.org/ns"
                     xml:id="bed98-348540"
                     n="bed98/000227-a-0840"
                     ecep:lem="soul"
                     ecep:pos="n1"
                     ecep:reg="soul"
                     ecep:spe="soul"
                     ecep:syllab="1"
                     ecep:pron="səʊl">soul</w>
                  <c> </c>
                  <w xmlns:ecep="http://www.eighteenthcenturypoetry.org/ns"
                     xml:id="bed98-348550"
                     n="bed98/000227-a-0850"
                     ecep:lem="within"
                     ecep:pos="a-acp"
                     ecep:reg="within"
                     ecep:spe="within"
                     ecep:syllab="2"
                     ecep:pron="wɪˈðɪn">within</w>
                  <pc xmlns:ecep="http://www.eighteenthcenturypoetry.org/ns"
                      xml:id="bed98-348560"
                      n="bed98/000227-a-0860"
                      unit="sentence"
                      ecep:lem="."
                      ecep:pos="."
                      ecep:reg="."
                      ecep:spe=".">.</pc>
               </l>
            </lg>
            <lg xml:id="bed98-s02575">
               <l xml:id="bed98-l19660">
                  <w xmlns:ecep="http://www.eighteenthcenturypoetry.org/ns"
                     xml:id="bed98-348590"
                     n="bed98/000227-a-0870"
                     ecep:lem="that"
                     ecep:pos="cst"
                     ecep:reg="That"
                     ecep:spe="That"
                     ecep:syllab="1"
                     ecep:pron="ðæt">That</w>
                  <c> </c>
                  <w xmlns:ecep="http://www.eighteenthcenturypoetry.org/ns"
                     xml:id="bed98-348600"
                     n="bed98/000227-a-0880"
                     ecep:lem="form"
                     ecep:pos="n1"
                     ecep:reg="form"
                     ecep:spe="form"
                     ecep:syllab="1"
                     ecep:pron="fɔːm">form</w>
                  <c> </c>
                  <w xmlns:ecep="http://www.eighteenthcenturypoetry.org/ns"
                     xml:id="bed98-348610"
                     n="bed98/000227-a-0890"
                     ecep:lem="so"
                     ecep:pos="av"
                     ecep:reg="so"
                     ecep:spe="so"
                     ecep:syllab="1"
                     ecep:pron="səʊ">so</w>
                  <c> </c>
                  <w xmlns:ecep="http://www.eighteenthcenturypoetry.org/ns"
                     xml:id="bed98-348620"
                     n="bed98/000227-a-0900"
                     ecep:lem="dear"
                     ecep:pos="j-jn"
                     ecep:reg="dear"
                     ecep:spe="dear"
                     ecep:syllab="1"
                     ecep:pron="dɪə">dear</w>
                  <pc xmlns:ecep="http://www.eighteenthcenturypoetry.org/ns"
                      xml:id="bed98-348630"
                      n="bed98/000227-a-0910"
                      ecep:lem=","
                      ecep:pos=","
                      ecep:reg=","
                      ecep:spe=",">,</pc>
                  <c> </c>
                  <w xmlns:ecep="http://www.eighteenthcenturypoetry.org/ns"
                     xml:id="bed98-348640"
                     n="bed98/000227-a-0920"
                     ecep:lem="now"
                     ecep:pos="av"
                     ecep:reg="now"
                     ecep:spe="now"
                     ecep:syllab="1"
                     ecep:pron="naʊ">now</w>
                  <c> </c>
                  <w xmlns:ecep="http://www.eighteenthcenturypoetry.org/ns"
                     xml:id="bed98-348650"
                     n="bed98/000227-a-0930"
                     ecep:lem="lifeless"
                     ecep:pos="j"
                     ecep:reg="lifeless"
                     ecep:spe="lifeless"
                     ecep:syllab="2"
                     ecep:pron="ˈlaɪfləs">lifeless</w>
                  <c> </c>
                  <w xmlns:ecep="http://www.eighteenthcenturypoetry.org/ns"
                     xml:id="bed98-348660"
                     n="bed98/000227-a-0940"
                     ecep:lem="clay"
                     ecep:pos="n1"
                     ecep:reg="clay"
                     ecep:spe="clay"
                     ecep:syllab="1"
                     ecep:pron="kleɪ">clay</w>
                  <pc xmlns:ecep="http://www.eighteenthcenturypoetry.org/ns"
                      xml:id="bed98-348670"
                      n="bed98/000227-a-0950"
                      ecep:lem=","
                      ecep:pos=","
                      ecep:reg=","
                      ecep:spe=",">,</pc>
               </l>
               <l rendition="#h_3" xml:id="bed98-l19665">
                  <w xmlns:ecep="http://www.eighteenthcenturypoetry.org/ns"
                     xml:id="bed98-348680"
                     n="bed98/000227-a-0960"
                     ecep:lem="we"
                     ecep:pos="pns12"
                     ecep:reg="We"
                     ecep:spe="We"
                     ecep:syllab="1"
                     ecep:pron="wiː">We</w>
                  <c> </c>
                  <w xmlns:ecep="http://www.eighteenthcenturypoetry.org/ns"
                     xml:id="bed98-348690"
                     n="bed98/000227-a-0970"
                     ecep:lem="mingle"
                     ecep:pos="vvb"
                     ecep:reg="mingle"
                     ecep:spe="mingle"
                     ecep:syllab="2"
                     ecep:pron="ˈmɪŋgl">mingle</w>
                  <c> </c>
                  <w xmlns:ecep="http://www.eighteenthcenturypoetry.org/ns"
                     xml:id="bed98-348700"
                     n="bed98/000227-a-0980"
                     ecep:lem="with"
                     ecep:pos="p-acp"
                     ecep:reg="with"
                     ecep:spe="with"
                     ecep:syllab="1"
                     ecep:pron="wɪð">with</w>
                  <c> </c>
                  <w xmlns:ecep="http://www.eighteenthcenturypoetry.org/ns"
                     xml:id="bed98-348710"
                     n="bed98/000227-a-0990"
                     ecep:lem="the"
                     ecep:pos="dt"
                     ecep:reg="the"
                     ecep:spe="the"
                     ecep:syllab="1"
                     ecep:pron="ðiː">the</w>
                  <c> </c>
                  <w xmlns:ecep="http://www.eighteenthcenturypoetry.org/ns"
                     xml:id="bed98-348720"
                     n="bed98/000227-a-1000"
                     ecep:lem="dead"
                     ecep:pos="j"
                     ecep:reg="dead"
                     ecep:spe="dead"
                     ecep:syllab="1"
                     ecep:pron="ded">dead</w>
                  <pc xmlns:ecep="http://www.eighteenthcenturypoetry.org/ns"
                      xml:id="bed98-348730"
                      n="bed98/000227-a-1010"
                      ecep:lem=";"
                      ecep:pos=";"
                      ecep:reg=";"
                      ecep:spe=";">;</pc>
               </l>
               <l xml:id="bed98-l19670">
                  <w xmlns:ecep="http://www.eighteenthcenturypoetry.org/ns"
                     xml:id="bed98-348740"
                     n="bed98/000227-a-1020"
                     ecep:lem="to"
                     ecep:pos="p-acp"
                     ecep:reg="To"
                     ecep:spe="To"
                     ecep:syllab="1"
                     ecep:pron="tuː">To</w>
                  <c> </c>
                  <w xmlns:ecep="http://www.eighteenthcenturypoetry.org/ns"
                     xml:id="bed98-348750"
                     n="bed98/000227-a-1030"
                     ecep:lem="joy"
                     ecep:pos="n2"
                     ecep:reg="joys"
                     ecep:spe="joys"
                     ecep:syllab="1"
                     ecep:pron="dʒɔɪz">joys</w>
                  <c> </c>
                  <w xmlns:ecep="http://www.eighteenthcenturypoetry.org/ns"
                     xml:id="bed98-348760"
                     n="bed98/000227-a-1040"
                     ecep:lem="beyond"
                     ecep:pos="p-acp"
                     ecep:reg="beyond"
                     ecep:spe="beyond"
                     ecep:syllab="2"
                     ecep:pron="biˈɒnd">beyond</w>
                  <c> </c>
                  <w xmlns:ecep="http://www.eighteenthcenturypoetry.org/ns"
                     xml:id="bed98-348770"
                     n="bed98/000227-a-1050"
                     ecep:lem="what"
                     ecep:pos="r-crq"
                     ecep:reg="what"
                     ecep:spe="what"
                     ecep:syllab="1"
                     ecep:pron="wɒt">what</w>
                  <c> </c>
                  <w xmlns:ecep="http://www.eighteenthcenturypoetry.org/ns"
                     xml:id="bed98-348780"
                     n="bed98/000227-a-1060"
                     ecep:lem="we"
                     ecep:pos="pns12"
                     ecep:reg="we"
                     ecep:spe="we"
                     ecep:syllab="1"
                     ecep:pron="wiː">we</w>
                  <c> </c>
                  <w xmlns:ecep="http://www.eighteenthcenturypoetry.org/ns"
                     xml:id="bed98-348790"
                     n="bed98/000227-a-1070"
                     ecep:lem="can"
                     ecep:pos="vmb"
                     ecep:reg="can"
                     ecep:spe="can"
                     ecep:syllab="1"
                     ecep:pron="kæn">can</w>
                  <c> </c>
                  <w xmlns:ecep="http://www.eighteenthcenturypoetry.org/ns"
                     xml:id="bed98-348800"
                     n="bed98/000227-a-1080"
                     ecep:lem="say"
                     ecep:pos="vvi"
                     ecep:reg="say"
                     ecep:spe="say"
                     ecep:syllab="1"
                     ecep:pron="seɪ">say</w>
                  <pc xmlns:ecep="http://www.eighteenthcenturypoetry.org/ns"
                      xml:id="bed98-348810"
                      n="bed98/000227-a-1090"
                      ecep:lem=","
                      ecep:pos=","
                      ecep:reg=","
                      ecep:spe=",">,</pc>
               </l>
               <l rendition="#h_3" xml:id="bed98-l19675">
                  <w xmlns:ecep="http://www.eighteenthcenturypoetry.org/ns"
                     xml:id="bed98-348820"
                     n="bed98/000227-a-1100"
                     ecep:lem="be"
                     ecep:pos="vbb"
                     ecep:reg="Be"
                     ecep:spe="Be"
                     ecep:syllab="1"
                     ecep:pron="biː">Be</w>
                  <c> </c>
                  <w xmlns:ecep="http://www.eighteenthcenturypoetry.org/ns"
                     xml:id="bed98-348830"
                     n="bed98/000227-a-1110"
                     ecep:lem="its"
                     ecep:pos="po31"
                     ecep:reg="its"
                     ecep:spe="its"
                     ecep:syllab="1"
                     ecep:pron="ɪts">its</w>
                  <c> </c>
                  <w xmlns:ecep="http://www.eighteenthcenturypoetry.org/ns"
                     xml:id="bed98-348840"
                     n="bed98/000227-a-1120"
                     ecep:lem="love"
                     ecep:pos="j-vvn"
                     ecep:reg="loved"
                     ecep:spe="lov'd"
                     ecep:syllab="1"
                     ecep:pron="ˈlʌvd">lov'd</w>
                  <c> </c>
                  <w xmlns:ecep="http://www.eighteenthcenturypoetry.org/ns"
                     xml:id="bed98-348850"
                     n="bed98/000227-a-1130"
                     ecep:lem="spirit"
                     ecep:pos="n1"
                     ecep:reg="spirit"
                     ecep:spe="spirit"
                     ecep:syllab="2"
                     ecep:pron="ˈspɪrɪt">spirit</w>
                  <c> </c>
                  <w xmlns:ecep="http://www.eighteenthcenturypoetry.org/ns"
                     xml:id="bed98-348860"
                     n="bed98/000227-a-1140"
                     ecep:lem="flee"
                     ecep:pos="vvn"
                     ecep:reg="fled"
                     ecep:spe="fled"
                     ecep:syllab="1"
                     ecep:pron="fled">fled</w>
                  <pc xmlns:ecep="http://www.eighteenthcenturypoetry.org/ns"
                      xml:id="bed98-348870"
                      n="bed98/000227-a-1150"
                      unit="sentence"
                      ecep:lem="."
                      ecep:pos="."
                      ecep:reg="."
                      ecep:spe=".">.</pc>
               </l>
            </lg>
         </div>
      </body>
   </text>
</TEI>
