<?xml version="1.0" encoding="utf-8"?>
<!DOCTYPE div
  SYSTEM "about:legacy-compat">
<div xmlns:ecep="http://www.eighteenthcenturypoetry.org/ns"
     xmlns="http://www.tei-c.org/ns/1.0"
     xmlns:tei="http://www.tei-c.org/ns/1.0"
     ana="#iamb #tetrameter #trimeter #quatrain #intermittent #lament #advice"
     corresp="#txt_BarbAn1743_w0006"
     decls="#semi-normalized"
     ecep:syllab="8.6.8.6"
     met="-+|-+|-+|-+/ -+|-+|-+/ -+|-+|-+|-+/ -+|-+|-+/"
     rendition="#lgvspace"
     rhyme="xaxa"
     subtype="eceptext"
     type="poem"
     xml:id="o3555-w0060">
   <link target="authors.xml#aut_BarbAn1743" type="author"/>
   <link target="32683" type="DMI"/>
   <head type="main">
      <w xml:id="o3555-054470"
         n="41-a-0010"
         ecep:lem="the"
         ecep:pos="dt"
         ecep:reg="The"
         ecep:spe="The"
         ecep:syllab="1"
         ecep:pron="ðiː">The</w>
      <c> </c>
      <w xml:id="o3555-054480"
         n="41-a-0020"
         ecep:lem="mouse"
         ecep:pos="ng1"
         ecep:reg="MOUSE's"
         ecep:spe="MOUSE's"
         ecep:syllab="2"
         ecep:pron="ˈmaʊsɪz">MOUSE's</w>
      <c> </c>
      <w xml:id="o3555-054490"
         n="41-a-0030"
         ecep:lem="petition"
         ecep:pos="n1"
         ecep:reg="PETITION"
         ecep:spe="PETITION"
         ecep:syllab="3"
         ecep:pron="pəˈtɪʃn">PETITION</w>
      <pc xml:id="o3555-054500"
          n="41-a-0040"
          ecep:lem=","
          ecep:pos=","
          ecep:reg=","
          ecep:spe=",">,</pc>
      <note n="*" place="bottom" xml:id="o3555-n00035">
         <w xml:id="o3555-054640"
            n="41-a-0050"
            ecep:lem="to"
            ecep:pos="p-acp"
            ecep:reg="To"
            ecep:spe="To"
            ecep:syllab="1"
            ecep:pron="tuː">To</w>
         <c> </c>
         <w xml:id="o3555-054650"
            n="41-a-0060"
            ecep:lem="doctor"
            ecep:pos="n1"
            ecep:reg="Doctor"
            ecep:spe="Doctor"
            ecep:syllab="2"
            ecep:pron="ˈdɒktə">Doctor</w>
         <c> </c>
         <w xml:id="o3555-054660"
            n="41-a-0070"
            ecep:lem="Priestley"
            ecep:pos="np1"
            ecep:reg="PRIESTLEY"
            ecep:spe="PRIESTLEY"
            ecep:syllab="2"
            ecep:pron="ˈpriːstli">PRIESTLEY</w>
         <pc xml:id="o3555-054670"
             n="41-a-0080"
             unit="sentence"
             ecep:lem="."
             ecep:pos="."
             ecep:reg="."
             ecep:spe=".">.</pc>
      </note>
      <c> </c>
      <w xml:id="o3555-054510"
         n="41-a-0090"
         ecep:lem="find"
         ecep:pos="vvn"
         ecep:reg="Found"
         ecep:spe="Found"
         ecep:syllab="1"
         ecep:pron="faʊnd">Found</w>
      <c> </c>
      <w xml:id="o3555-054520"
         n="41-a-0100"
         ecep:lem="in"
         ecep:pos="p-acp"
         ecep:reg="in"
         ecep:spe="in"
         ecep:syllab="1"
         ecep:pron="ɪn">in</w>
      <c> </c>
      <w xml:id="o3555-054530"
         n="41-a-0110"
         ecep:lem="the"
         ecep:pos="dt"
         ecep:reg="the"
         ecep:spe="the"
         ecep:syllab="1"
         ecep:pron="ðiː">the</w>
      <c> </c>
      <w xml:id="o3555-054540"
         n="41-a-0120"
         ecep:lem="trap"
         ecep:pos="n1"
         ecep:reg="TRAP"
         ecep:spe="TRAP"
         ecep:syllab="1"
         ecep:pron="træp">TRAP</w>
      <c> </c>
      <w xml:id="o3555-054550"
         n="41-a-0130"
         ecep:lem="where"
         ecep:pos="c-crq"
         ecep:reg="where"
         ecep:spe="where"
         ecep:syllab="1"
         ecep:pron="weə">where</w>
      <c> </c>
      <w xml:id="o3555-054560"
         n="41-a-0140"
         ecep:lem="he"
         ecep:pos="pns31"
         ecep:reg="he"
         ecep:spe="he"
         ecep:syllab="1"
         ecep:pron="hiː">he</w>
      <c> </c>
      <w xml:id="o3555-054570"
         n="41-a-0150"
         ecep:lem="have"
         ecep:pos="vhd"
         ecep:reg="had"
         ecep:spe="had"
         ecep:syllab="1"
         ecep:pron="hæd">had</w>
      <c> </c>
      <w xml:id="o3555-054580"
         n="41-a-0160"
         ecep:lem="be"
         ecep:pos="vbn"
         ecep:reg="been"
         ecep:spe="been"
         ecep:syllab="1"
         ecep:pron="biːn">been</w>
      <c> </c>
      <w xml:id="o3555-054590"
         n="41-a-0170"
         ecep:lem="confine"
         ecep:pos="vvn"
         ecep:reg="confined"
         ecep:spe="confin'd"
         ecep:syllab="2"
         ecep:pron="kənˈfaɪnd">confin'd</w>
      <c> </c>
      <w xml:id="o3555-054600"
         n="41-a-0180"
         ecep:lem="all"
         ecep:pos="d"
         ecep:reg="all"
         ecep:spe="all"
         ecep:syllab="1"
         ecep:pron="ɔːl">all</w>
      <c> </c>
      <w xml:id="o3555-054610"
         n="41-a-0190"
         ecep:lem="night"
         ecep:pos="n1"
         ecep:reg="Night"
         ecep:spe="Night"
         ecep:syllab="1"
         ecep:pron="naɪt">Night</w>
      <pc xml:id="o3555-054620"
          n="41-a-0200"
          unit="sentence"
          ecep:lem="."
          ecep:pos="."
          ecep:reg="."
          ecep:spe=".">.</pc>
   </head>
   <epigraph>
      <q>
         <l xml:id="o3555-l02870">
            <w xml:id="o3555-054710"
               n="41-a-0210"
               ecep:lem="parcere"
               ecep:pos="fw-la"
               ecep:reg="Parcere"
               ecep:spe="Parcere"
               ecep:syllab="2"
               ecep:pron="pɑːsˈiə">Parcere</w>
            <c> </c>
            <w xml:id="o3555-054720"
               n="41-a-0220"
               ecep:lem="subjectis"
               ecep:pos="fw-la"
               ecep:reg="subjectis"
               ecep:spe="subjectis"
               ecep:syllab="3"
               ecep:pron="sˈʌbdʒɪktˌiz">subjectis</w>
            <pc xml:id="o3555-054730"
                n="41-a-0230"
                ecep:lem=","
                ecep:pos=","
                ecep:reg=","
                ecep:spe=",">,</pc>
            <c> </c>
            <pc xml:id="o3555-054740"
                n="41-a-0240"
                ecep:lem="and"
                ecep:pos="cc"
                ecep:reg="AND"
                ecep:spe="&amp;">&amp;</pc>
            <c> </c>
            <w xml:id="o3555-054750"
               n="41-a-0250"
               ecep:lem="debellare"
               ecep:pos="fw-la"
               ecep:reg="debellare"
               ecep:spe="debellare"
               ecep:syllab="3"
               ecep:pron="dˈebɪlˌeə">debellare</w>
            <c> </c>
            <w xml:id="o3555-054760"
               n="41-a-0260"
               ecep:lem="superbos"
               ecep:pos="fw-la"
               ecep:reg="superbos"
               ecep:spe="superbos"
               ecep:syllab="3"
               ecep:pron="sˈuːpəbˌɒs">superbos</w>
            <pc xml:id="o3555-054770"
                n="41-a-0270"
                unit="sentence"
                ecep:lem="."
                ecep:pos="."
                ecep:reg="."
                ecep:spe=".">.</pc>
            <c> </c>
         </l>
      </q>
      <bibl xml:id="o3555-s00204">
         <w xml:id="o3555-054800"
            n="41-a-0280"
            ecep:lem="Virgil"
            ecep:pos="np1"
            ecep:reg="VIRGIL"
            ecep:spe="VIRGIL"
            ecep:syllab="2"
            ecep:pron="ˈvɜːdʒɪl">VIRGIL</w>
         <pc xml:id="o3555-054810"
             n="41-a-0290"
             unit="sentence"
             ecep:lem="."
             ecep:pos="."
             ecep:reg="."
             ecep:spe=".">.</pc>
         <note place="bottom"
               n="[ed.]"
               resp="anon."
               xml:id="app_BarbAn1743_w0006_n1">Virgil, <title>Aeneid</title>
            <ref n="[Perseus Digital Library]"
                 target="http://data.perseus.org/citations/urn:cts:latinLit:phi0690.phi003.perseus-lat1:6.801-6.853">6.853</ref>, "spare the humble but strike the braggart down" (<title>The Aeneid</title>. trans. Frank O. Copley and Brooks Otis. Indianapolis: Bobbs-Merrill, 1965).
								</note>
      </bibl>
   </epigraph>
   <lg xml:id="o3555-s00205">
      <l xml:id="o3555-l02875">
         <w xml:id="o3555-054840"
            n="41-a-0300"
            ecep:lem="oh"
            ecep:pos="uh"
            ecep:reg="O"
            ecep:spe="OH"
            ecep:syllab="1"
            ecep:pron="əʊ">OH</w>
         <pc xml:id="o3555-054850"
             n="41-a-0310"
             ecep:lem="!"
             ecep:pos="!"
             ecep:reg="!"
             ecep:spe="!">!</pc>
         <c> </c>
         <w xml:id="o3555-054860"
            n="41-a-0320"
            ecep:lem="hear"
            ecep:pos="vvb"
            ecep:reg="hear"
            ecep:spe="hear"
            ecep:syllab="1"
            ecep:pron="hɪə">hear</w>
         <c> </c>
         <w xml:id="o3555-054870"
            n="41-a-0330"
            ecep:lem="a"
            ecep:pos="dt"
            ecep:reg="a"
            ecep:spe="a"
            ecep:syllab="1"
            ecep:pron="ə">a</w>
         <c> </c>
         <w xml:id="o3555-054880"
            n="41-a-0340"
            ecep:lem="pensive"
            ecep:pos="j"
            ecep:reg="pensive"
            ecep:spe="pensive"
            ecep:syllab="2"
            ecep:pron="ˈpensɪv">pensive</w>
         <c> </c>
         <w xml:id="o3555-054890"
            n="41-a-0350"
            ecep:lem="captive"
            ecep:pos="ng1-jn"
            ecep:reg="captive's"
            ecep:spe="captive's"
            ecep:syllab="3"
            ecep:pron="ˈkæptɪvz">captive's</w>
         <c> </c>
         <w xml:id="o3555-054900"
            n="41-a-0360"
            ecep:lem="prayer"
            ecep:pos="n1"
            ecep:reg="prayer"
            ecep:spe="prayer"
            ecep:syllab="1"
            ecep:pron="ˈpreɪə">prayer</w>
         <pc xml:id="o3555-054910"
             n="41-a-0370"
             ecep:lem=","
             ecep:pos=","
             ecep:reg=","
             ecep:spe=",">,</pc>
      </l>
      <l xml:id="o3555-l02880">
         <c> </c>
         <w xml:id="o3555-054920"
            n="41-a-0380"
            ecep:lem="for"
            ecep:pos="p-acp"
            ecep:reg="For"
            ecep:spe="For"
            ecep:syllab="1"
            ecep:pron="fɔː">For</w>
         <c> </c>
         <w xml:id="o3555-054930"
            n="41-a-0390"
            ecep:lem="liberty"
            ecep:pos="n1"
            ecep:reg="liberty"
            ecep:spe="liberty"
            ecep:syllab="3"
            ecep:pron="ˈlɪbəti">liberty</w>
         <c> </c>
         <w xml:id="o3555-054940"
            n="41-a-0400"
            ecep:lem="that"
            ecep:pos="cst"
            ecep:reg="that"
            ecep:spe="that"
            ecep:syllab="1"
            ecep:pron="ðæt">that</w>
         <c> </c>
         <w xml:id="o3555-054950"
            n="41-a-0410"
            ecep:lem="sigh"
            ecep:pos="n2"
            ecep:reg="sighs"
            ecep:spe="sighs"
            ecep:syllab="1"
            ecep:pron="saɪz">sighs</w>
         <pc xml:id="o3555-054960"
             n="41-a-0420"
             ecep:lem=";"
             ecep:pos=";"
             ecep:reg=";"
             ecep:spe=";">;</pc>
      </l>
      <l xml:id="o3555-l02885">
         <c> </c>
         <w xml:id="o3555-054970"
            n="41-a-0430"
            ecep:lem="and"
            ecep:pos="cc"
            ecep:reg="And"
            ecep:spe="And"
            ecep:syllab="1"
            ecep:pron="ænd">And</w>
         <c> </c>
         <w xml:id="o3555-054980"
            n="41-a-0440"
            ecep:lem="never"
            ecep:pos="av-x"
            ecep:reg="never"
            ecep:spe="never"
            ecep:syllab="2"
            ecep:pron="ˈnevə">never</w>
         <c> </c>
         <w xml:id="o3555-054990"
            n="41-a-0450"
            ecep:lem="let"
            ecep:pos="vvb"
            ecep:reg="let"
            ecep:spe="let"
            ecep:syllab="1"
            ecep:pron="let">let</w>
         <c> </c>
         <w xml:id="o3555-055000"
            n="41-a-0460"
            ecep:lem="thy"
            ecep:pos="po21"
            ecep:reg="thine"
            ecep:spe="thine"
            ecep:syllab="1"
            ecep:pron="ðaɪn">thine</w>
         <c> </c>
         <w xml:id="o3555-055010"
            n="41-a-0470"
            ecep:lem="heart"
            ecep:pos="n1"
            ecep:reg="heart"
            ecep:spe="heart"
            ecep:syllab="1"
            ecep:pron="hɑːt">heart</w>
         <c> </c>
         <w xml:id="o3555-055020"
            n="41-a-0480"
            ecep:lem="be"
            ecep:pos="vbi"
            ecep:reg="be"
            ecep:spe="be"
            ecep:syllab="1"
            ecep:pron="biː">be</w>
         <c> </c>
         <w xml:id="o3555-055030"
            n="41-a-0490"
            ecep:lem="shut"
            ecep:pos="vvn"
            ecep:reg="shut"
            ecep:spe="shut"
            ecep:syllab="1"
            ecep:pron="ʃʌt">shut</w>
      </l>
      <l xml:id="o3555-l02890">
         <c> </c>
         <w xml:id="o3555-055040"
            n="41-a-0500"
            ecep:lem="against"
            ecep:pos="p-acp"
            ecep:reg="Against"
            ecep:spe="Against"
            ecep:syllab="2"
            ecep:pron="əˈgenst">Against</w>
         <c> </c>
         <w xml:id="o3555-055050"
            n="41-a-0510"
            ecep:lem="the"
            ecep:pos="dt"
            ecep:reg="the"
            ecep:spe="the"
            ecep:syllab="1"
            ecep:pron="ðiː">the</w>
         <c> </c>
         <w xml:id="o3555-055060"
            n="41-a-0520"
            ecep:lem="prisoner"
            ecep:pos="ng1"
            ecep:reg="prisoner's"
            ecep:spe="prisoner's"
            ecep:syllab="3"
            ecep:pron="ˈprɪznəz">prisoner's</w>
         <c> </c>
         <w xml:id="o3555-055070"
            n="41-a-0530"
            ecep:lem="cry"
            ecep:pos="n2"
            ecep:reg="cries"
            ecep:spe="cries"
            ecep:syllab="1"
            ecep:pron="kraɪz">cries</w>
         <pc xml:id="o3555-055080"
             n="41-a-0540"
             unit="sentence"
             ecep:lem="."
             ecep:pos="."
             ecep:reg="."
             ecep:spe=".">.</pc>
         <c> </c>
      </l>
   </lg>
   <lg xml:id="o3555-s00210">
      <l xml:id="o3555-l02895">
         <w xml:id="o3555-055110"
            n="41-a-0550"
            ecep:lem="for"
            ecep:pos="p-acp"
            ecep:reg="For"
            ecep:spe="For"
            ecep:syllab="1"
            ecep:pron="fɔː">For</w>
         <c> </c>
         <w xml:id="o3555-055120"
            n="41-a-0560"
            ecep:lem="here"
            ecep:pos="av"
            ecep:reg="here"
            ecep:spe="here"
            ecep:syllab="1"
            ecep:pron="hɪə">here</w>
         <c> </c>
         <w xml:id="o3555-055130"
            n="41-a-0570"
            ecep:lem="forlorn"
            ecep:pos="j"
            ecep:reg="forlorn"
            ecep:spe="forlorn"
            ecep:syllab="2"
            ecep:pron="fəˈlɔːn">forlorn</w>
         <c> </c>
         <w xml:id="o3555-055140"
            n="41-a-0580"
            ecep:lem="and"
            ecep:pos="cc"
            ecep:reg="and"
            ecep:spe="and"
            ecep:syllab="1"
            ecep:pron="ænd">and</w>
         <c> </c>
         <w xml:id="o3555-055150"
            n="41-a-0590"
            ecep:lem="sad"
            ecep:pos="j"
            ecep:reg="sad"
            ecep:spe="sad"
            ecep:syllab="1"
            ecep:pron="sæd">sad</w>
         <c> </c>
         <w xml:id="o3555-055160"
            n="41-a-0600"
            ecep:lem="i"
            ecep:pos="pns11"
            ecep:reg="I"
            ecep:spe="I"
            ecep:syllab="1"
            ecep:pron="aɪ">I</w>
         <c> </c>
         <w xml:id="o3555-055170"
            n="41-a-0610"
            ecep:lem="sit"
            ecep:pos="vvb"
            ecep:reg="sit"
            ecep:spe="sit"
            ecep:syllab="1"
            ecep:pron="sɪt">sit</w>
         <pc xml:id="o3555-055180"
             n="41-a-0620"
             ecep:lem=","
             ecep:pos=","
             ecep:reg=","
             ecep:spe=",">,</pc>
      </l>
      <l xml:id="o3555-l02900">
         <c> </c>
         <w xml:id="o3555-055190"
            n="41-a-0630"
            ecep:lem="within"
            ecep:pos="p-acp"
            ecep:reg="Within"
            ecep:spe="Within"
            ecep:syllab="2"
            ecep:pron="wɪˈðɪn">Within</w>
         <c> </c>
         <w xml:id="o3555-055200"
            n="41-a-0640"
            ecep:lem="the"
            ecep:pos="dt"
            ecep:reg="the"
            ecep:spe="the"
            ecep:syllab="1"
            ecep:pron="ðiː">the</w>
         <c> </c>
         <w xml:id="o3555-055210"
            n="41-a-0650"
            ecep:lem="wiry"
            ecep:pos="j"
            ecep:reg="wiry"
            ecep:spe="wiry"
            ecep:syllab="2"
            ecep:pron="ˈwaɪri">wiry</w>
         <c> </c>
         <w xml:id="o3555-055220"
            n="41-a-0660"
            ecep:lem="grate"
            ecep:pos="n1"
            ecep:reg="grate"
            ecep:spe="grate"
            ecep:syllab="1"
            ecep:pron="greɪt">grate</w>
         <pc xml:id="o3555-055230"
             n="41-a-0670"
             ecep:lem=";"
             ecep:pos=";"
             ecep:reg=";"
             ecep:spe=";">;</pc>
      </l>
      <pb facs="42" n="38" rend="none"/>
      <l xml:id="o3555-l02905">
         <c> </c>
         <w xml:id="o3555-055240"
            n="42-a-0010"
            ecep:lem="and"
            ecep:pos="cc"
            ecep:reg="And"
            ecep:spe="And"
            ecep:syllab="1"
            ecep:pron="ænd">And</w>
         <c> </c>
         <w xml:id="o3555-055250"
            n="42-a-0020"
            ecep:lem="tremble"
            ecep:pos="vvb"
            ecep:reg="tremble"
            ecep:spe="tremble"
            ecep:syllab="2"
            ecep:pron="ˈtrembl">tremble</w>
         <c> </c>
         <w xml:id="o3555-055260"
            n="42-a-0030"
            ecep:lem="at"
            ecep:pos="p-acp"
            ecep:reg="at"
            ecep:spe="at"
            ecep:syllab="1"
            ecep:pron="æt">at</w>
         <c> </c>
         <w xml:id="o3555-055270"
            n="42-a-0040"
            ecep:lem="the"
            ecep:pos="dt"
            ecep:reg="the"
            ecep:spe="th'"
            ecep:syllab="0"
            ecep:pron="ð">th'</w>
         <c> </c>
         <w xml:id="o3555-055280"
            n="42-a-0050"
            ecep:lem="approach"
            ecep:pos="j-vvg"
            ecep:reg="approaching"
            ecep:spe="approaching"
            ecep:syllab="3"
            ecep:pron="əˈprəʊtʃɪŋ">approaching</w>
         <c> </c>
         <w xml:id="o3555-055290"
            n="42-a-0060"
            ecep:lem="morn"
            ecep:pos="n1"
            ecep:reg="morn"
            ecep:spe="morn"
            ecep:syllab="1"
            ecep:pron="mɔːn">morn</w>
         <pc xml:id="o3555-055300"
             n="42-a-0070"
             ecep:lem=","
             ecep:pos=","
             ecep:reg=","
             ecep:spe=",">,</pc>
      </l>
      <l xml:id="o3555-l02910">
         <c> </c>
         <w xml:id="o3555-055310"
            n="42-a-0080"
            ecep:lem="which"
            ecep:pos="r-crq"
            ecep:reg="Which"
            ecep:spe="Which"
            ecep:syllab="1"
            ecep:pron="wɪtʃ">Which</w>
         <c> </c>
         <w xml:id="o3555-055320"
            n="42-a-0090"
            ecep:lem="bring"
            ecep:pos="vvz"
            ecep:reg="brings"
            ecep:spe="brings"
            ecep:syllab="1"
            ecep:pron="brɪŋz">brings</w>
         <c> </c>
         <w xml:id="o3555-055330"
            n="42-a-0100"
            ecep:lem="impend"
            ecep:pos="j-vvg"
            ecep:reg="impending"
            ecep:spe="impending"
            ecep:syllab="3"
            ecep:pron="ɪmˈpendɪŋ">impending</w>
         <c> </c>
         <w xml:id="o3555-055340"
            n="42-a-0110"
            ecep:lem="fate"
            ecep:pos="n1"
            ecep:reg="fate"
            ecep:spe="fate"
            ecep:syllab="1"
            ecep:pron="feɪt">fate</w>
         <pc xml:id="o3555-055350"
             n="42-a-0120"
             unit="sentence"
             ecep:lem="."
             ecep:pos="."
             ecep:reg="."
             ecep:spe=".">.</pc>
         <c> </c>
      </l>
   </lg>
   <lg xml:id="o3555-s00215">
      <l xml:id="o3555-l02915">
         <w xml:id="o3555-055380"
            n="42-a-0130"
            ecep:lem="if"
            ecep:pos="cs"
            ecep:reg="If"
            ecep:spe="If"
            ecep:syllab="1"
            ecep:pron="ɪf">If</w>
         <c> </c>
         <w xml:id="o3555-055390"
            n="42-a-0140"
            ecep:lem="ever"
            ecep:pos="av"
            ecep:reg="ever"
            ecep:spe="e'er"
            ecep:syllab="1"
            ecep:pron="eə">e'er</w>
         <c> </c>
         <w xml:id="o3555-055400"
            n="42-a-0150"
            ecep:lem="thy"
            ecep:pos="po21"
            ecep:reg="thy"
            ecep:spe="thy"
            ecep:syllab="1"
            ecep:pron="ðaɪ">thy</w>
         <c> </c>
         <w xml:id="o3555-055410"
            n="42-a-0160"
            ecep:lem="breast"
            ecep:pos="n1"
            ecep:reg="breast"
            ecep:spe="breast"
            ecep:syllab="1"
            ecep:pron="brest">breast</w>
         <c> </c>
         <w xml:id="o3555-055420"
            n="42-a-0170"
            ecep:lem="with"
            ecep:pos="p-acp"
            ecep:reg="with"
            ecep:spe="with"
            ecep:syllab="1"
            ecep:pron="wɪð">with</w>
         <c> </c>
         <w xml:id="o3555-055430"
            n="42-a-0180"
            ecep:lem="freedom"
            ecep:pos="n1"
            ecep:reg="freedom"
            ecep:spe="freedom"
            ecep:syllab="2"
            ecep:pron="ˈfriːdəm">freedom</w>
         <c> </c>
         <w xml:id="o3555-055440"
            n="42-a-0190"
            ecep:lem="glow"
            ecep:pos="vvn"
            ecep:reg="glowed"
            ecep:spe="glow'd"
            ecep:syllab="1"
            ecep:pron="gləʊd">glow'd</w>
         <pc xml:id="o3555-055450"
             n="42-a-0200"
             ecep:lem=","
             ecep:pos=","
             ecep:reg=","
             ecep:spe=",">,</pc>
      </l>
      <l xml:id="o3555-l02920">
         <c> </c>
         <w xml:id="o3555-055460"
            n="42-a-0210"
            ecep:lem="and"
            ecep:pos="cc"
            ecep:reg="And"
            ecep:spe="And"
            ecep:syllab="1"
            ecep:pron="ænd">And</w>
         <c> </c>
         <w xml:id="o3555-055470"
            n="42-a-0220"
            ecep:lem="spurn"
            ecep:pos="vvd"
            ecep:reg="spurned"
            ecep:spe="spurn'd"
            ecep:syllab="1"
            ecep:pron="spɜːnd">spurn'd</w>
         <c> </c>
         <w xml:id="o3555-055480"
            n="42-a-0230"
            ecep:lem="a"
            ecep:pos="dt"
            ecep:reg="a"
            ecep:spe="a"
            ecep:syllab="1"
            ecep:pron="ə">a</w>
         <c> </c>
         <w xml:id="o3555-055490"
            n="42-a-0240"
            ecep:lem="tyrant"
            ecep:pos="ng1"
            ecep:reg="tyrant's"
            ecep:spe="tyrant's"
            ecep:syllab="2"
            ecep:pron="ˈtaɪrəntz">tyrant's</w>
         <c> </c>
         <w xml:id="o3555-055500"
            n="42-a-0250"
            ecep:lem="chain"
            ecep:pos="n1"
            ecep:reg="chain"
            ecep:spe="chain"
            ecep:syllab="1"
            ecep:pron="tʃeɪn">chain</w>
         <pc xml:id="o3555-055510"
             n="42-a-0260"
             ecep:lem=","
             ecep:pos=","
             ecep:reg=","
             ecep:spe=",">,</pc>
      </l>
      <l xml:id="o3555-l02925">
         <c> </c>
         <w xml:id="o3555-055520"
            n="42-a-0270"
            ecep:lem="let"
            ecep:pos="vvb"
            ecep:reg="Let"
            ecep:spe="Let"
            ecep:syllab="1"
            ecep:pron="let">Let</w>
         <c> </c>
         <w xml:id="o3555-055530"
            n="42-a-0280"
            ecep:lem="not"
            ecep:pos="xx"
            ecep:reg="not"
            ecep:spe="not"
            ecep:syllab="1"
            ecep:pron="nɒt">not</w>
         <c> </c>
         <w xml:id="o3555-055540"
            n="42-a-0290"
            ecep:lem="thy"
            ecep:pos="po21"
            ecep:reg="thy"
            ecep:spe="thy"
            ecep:syllab="1"
            ecep:pron="ðaɪ">thy</w>
         <c> </c>
         <w xml:id="o3555-055550"
            n="42-a-0300"
            ecep:lem="strong"
            ecep:pos="j"
            ecep:reg="strong"
            ecep:spe="strong"
            ecep:syllab="1"
            ecep:pron="strɒŋ">strong</w>
         <c> </c>
         <w xml:id="o3555-055560"
            n="42-a-0310"
            ecep:lem="oppressive"
            ecep:pos="j"
            ecep:reg="oppressive"
            ecep:spe="oppressive"
            ecep:syllab="3"
            ecep:pron="əˈpresɪv">oppressive</w>
         <c> </c>
         <w xml:id="o3555-055570"
            n="42-a-0320"
            ecep:lem="force"
            ecep:pos="n1"
            ecep:reg="force"
            ecep:spe="force"
            ecep:syllab="1"
            ecep:pron="fɔːs">force</w>
      </l>
      <l xml:id="o3555-l02930">
         <c> </c>
         <w xml:id="o3555-055580"
            n="42-a-0330"
            ecep:lem="a"
            ecep:pos="dt"
            ecep:reg="A"
            ecep:spe="A"
            ecep:syllab="1"
            ecep:pron="ə">A</w>
         <c> </c>
         <w xml:id="o3555-055590"
            n="42-a-0340"
            ecep:lem="free-born"
            ecep:pos="j"
            ecep:reg="freeborn"
            ecep:spe="free-born"
            ecep:syllab="2"
            ecep:pron="ˌfriːˈbɔːn">free-born</w>
         <c> </c>
         <w xml:id="o3555-055600"
            n="42-a-0350"
            ecep:lem="mouse"
            ecep:pos="n1"
            ecep:reg="mouse"
            ecep:spe="mouse"
            ecep:syllab="1"
            ecep:pron="maʊs">mouse</w>
         <c> </c>
         <w xml:id="o3555-055610"
            n="42-a-0360"
            ecep:lem="detain"
            ecep:pos="vvi"
            ecep:reg="detain"
            ecep:spe="detain"
            ecep:syllab="2"
            ecep:pron="dɪˈteɪn">detain</w>
         <pc xml:id="o3555-055620"
             n="42-a-0370"
             unit="sentence"
             ecep:lem="."
             ecep:pos="."
             ecep:reg="."
             ecep:spe=".">.</pc>
         <c> </c>
      </l>
   </lg>
   <lg xml:id="o3555-s00220">
      <l xml:id="o3555-l02935">
         <w xml:id="o3555-055650"
            n="42-a-0380"
            ecep:lem="oh"
            ecep:pos="uh"
            ecep:reg="O"
            ecep:spe="Oh"
            ecep:syllab="1"
            ecep:pron="əʊ">Oh</w>
         <pc xml:id="o3555-055655"
             n="42-a-0385"
             ecep:lem="!"
             ecep:pos="!"
             ecep:reg="!"
             ecep:spe="!">!</pc>
         <c> </c>
         <w xml:id="o3555-055660"
            n="42-a-0390"
            ecep:lem="do"
            ecep:pos="vdb"
            ecep:reg="do"
            ecep:spe="do"
            ecep:syllab="1"
            ecep:pron="duː">do</w>
         <c> </c>
         <w xml:id="o3555-055670"
            n="42-a-0400"
            ecep:lem="not"
            ecep:pos="xx"
            ecep:reg="not"
            ecep:spe="not"
            ecep:syllab="1"
            ecep:pron="nɒt">not</w>
         <c> </c>
         <w xml:id="o3555-055680"
            n="42-a-0410"
            ecep:lem="stain"
            ecep:pos="vvi"
            ecep:reg="stain"
            ecep:spe="stain"
            ecep:syllab="1"
            ecep:pron="steɪn">stain</w>
         <c> </c>
         <w xml:id="o3555-055690"
            n="42-a-0420"
            ecep:lem="with"
            ecep:pos="p-acp"
            ecep:reg="with"
            ecep:spe="with"
            ecep:syllab="1"
            ecep:pron="wɪð">with</w>
         <c> </c>
         <w xml:id="o3555-055700"
            n="42-a-0430"
            ecep:lem="guiltless"
            ecep:pos="j"
            ecep:reg="guiltless"
            ecep:spe="guiltless"
            ecep:syllab="2"
            ecep:pron="ˈgɪltləs">guiltless</w>
         <c> </c>
         <w xml:id="o3555-055710"
            n="42-a-0440"
            ecep:lem="blood"
            ecep:pos="n1"
            ecep:reg="blood"
            ecep:spe="blood"
            ecep:syllab="1"
            ecep:pron="blʌd">blood</w>
      </l>
      <l xml:id="o3555-l02940">
         <c> </c>
         <w xml:id="o3555-055720"
            n="42-a-0450"
            ecep:lem="thy"
            ecep:pos="po21"
            ecep:reg="Thy"
            ecep:spe="Thy"
            ecep:syllab="1"
            ecep:pron="ðaɪ">Thy</w>
         <c> </c>
         <w xml:id="o3555-055730"
            n="42-a-0460"
            ecep:lem="hospitable"
            ecep:pos="j"
            ecep:reg="hospitable"
            ecep:spe="hospitable"
            ecep:syllab="4"
            ecep:pron="hɒsˈpɪtəbl">hospitable</w>
         <c> </c>
         <w xml:id="o3555-055740"
            n="42-a-0470"
            ecep:lem="hearth"
            ecep:pos="n1"
            ecep:reg="hearth"
            ecep:spe="hearth"
            ecep:syllab="1"
            ecep:pron="hɑːθ">hearth</w>
         <pc xml:id="o3555-055750"
             n="42-a-0480"
             ecep:lem=";"
             ecep:pos=";"
             ecep:reg=";"
             ecep:spe=";">;</pc>
      </l>
      <l xml:id="o3555-l02945">
         <c> </c>
         <w xml:id="o3555-055760"
            n="42-a-0490"
            ecep:lem="nor"
            ecep:pos="ccx"
            ecep:reg="Nor"
            ecep:spe="Nor"
            ecep:syllab="1"
            ecep:pron="nɔː">Nor</w>
         <c> </c>
         <w xml:id="o3555-055770"
            n="42-a-0500"
            ecep:lem="triumph"
            ecep:pos="n1"
            ecep:reg="triumph"
            ecep:spe="triumph"
            ecep:syllab="2"
            ecep:pron="ˈtraɪəmf">triumph</w>
         <c> </c>
         <w xml:id="o3555-055780"
            n="42-a-0510"
            ecep:lem="that"
            ecep:pos="cst"
            ecep:reg="that"
            ecep:spe="that"
            ecep:syllab="1"
            ecep:pron="ðæt">that</w>
         <c> </c>
         <w xml:id="o3555-055790"
            n="42-a-0520"
            ecep:lem="thy"
            ecep:pos="po21"
            ecep:reg="thy"
            ecep:spe="thy"
            ecep:syllab="1"
            ecep:pron="ðaɪ">thy</w>
         <c> </c>
         <w xml:id="o3555-055800"
            n="42-a-0530"
            ecep:lem="wile"
            ecep:pos="n2"
            ecep:reg="wiles"
            ecep:spe="wiles"
            ecep:syllab="1"
            ecep:pron="waɪlz">wiles</w>
         <c> </c>
         <w xml:id="o3555-055810"
            n="42-a-0540"
            ecep:lem="betray"
            ecep:pos="vvd"
            ecep:reg="betrayed"
            ecep:spe="betray'd"
            ecep:syllab="2"
            ecep:pron="bɪˈtreɪd">betray'd</w>
      </l>
      <l xml:id="o3555-l02950">
         <c> </c>
         <w xml:id="o3555-055820"
            n="42-a-0550"
            ecep:lem="a"
            ecep:pos="dt"
            ecep:reg="A"
            ecep:spe="A"
            ecep:syllab="1"
            ecep:pron="ə">A</w>
         <c> </c>
         <w xml:id="o3555-055830"
            n="42-a-0560"
            ecep:lem="prize"
            ecep:pos="n1"
            ecep:reg="prise"
            ecep:spe="prize"
            ecep:syllab="1"
            ecep:pron="praɪz">prize</w>
         <c> </c>
         <w xml:id="o3555-055840"
            n="42-a-0570"
            ecep:lem="so"
            ecep:pos="av"
            ecep:reg="so"
            ecep:spe="so"
            ecep:syllab="1"
            ecep:pron="səʊ">so</w>
         <c> </c>
         <w xml:id="o3555-055850"
            n="42-a-0580"
            ecep:lem="little"
            ecep:pos="j"
            ecep:reg="little"
            ecep:spe="little"
            ecep:syllab="2"
            ecep:pron="ˈlɪtl">little</w>
         <c> </c>
         <w xml:id="o3555-055860"
            n="42-a-0590"
            ecep:lem="worth"
            ecep:pos="n1"
            ecep:reg="worth"
            ecep:spe="worth"
            ecep:syllab="1"
            ecep:pron="wɜːθ">worth</w>
         <pc xml:id="o3555-055870"
             n="42-a-0600"
             unit="sentence"
             ecep:lem="."
             ecep:pos="."
             ecep:reg="."
             ecep:spe=".">.</pc>
         <c> </c>
      </l>
   </lg>
   <lg xml:id="o3555-s00225">
      <l xml:id="o3555-l02955">
         <w xml:id="o3555-055900"
            n="42-a-0610"
            ecep:lem="the"
            ecep:pos="dt"
            ecep:reg="The"
            ecep:spe="The"
            ecep:syllab="1"
            ecep:pron="ðiː">The</w>
         <c> </c>
         <w xml:id="o3555-055910"
            n="42-a-0620"
            ecep:lem="scatter"
            ecep:pos="j-vvn"
            ecep:reg="scattered"
            ecep:spe="scatter'd"
            ecep:syllab="2"
            ecep:pron="ˈskætəd">scatter'd</w>
         <c> </c>
         <w xml:id="o3555-055920"
            n="42-a-0630"
            ecep:lem="glean"
            ecep:pos="n2-vvg"
            ecep:reg="gleanings"
            ecep:spe="gleanings"
            ecep:syllab="2"
            ecep:pron="gliːnɪŋz">gleanings</w>
         <c> </c>
         <w xml:id="o3555-055930"
            n="42-a-0640"
            ecep:lem="of"
            ecep:pos="pp-f"
            ecep:reg="of"
            ecep:spe="of"
            ecep:syllab="1"
            ecep:pron="ɒv">of</w>
         <c> </c>
         <w xml:id="o3555-055940"
            n="42-a-0650"
            ecep:lem="a"
            ecep:pos="dt"
            ecep:reg="a"
            ecep:spe="a"
            ecep:syllab="1"
            ecep:pron="ə">a</w>
         <c> </c>
         <w xml:id="o3555-055950"
            n="42-a-0660"
            ecep:lem="feast"
            ecep:pos="n1"
            ecep:reg="feast"
            ecep:spe="feast"
            ecep:syllab="1"
            ecep:pron="fiːst">feast</w>
      </l>
      <l xml:id="o3555-l02960">
         <c> </c>
         <w xml:id="o3555-055960"
            n="42-a-0670"
            ecep:lem="my"
            ecep:pos="po11"
            ecep:reg="My"
            ecep:spe="My"
            ecep:syllab="1"
            ecep:pron="maɪ">My</w>
         <c> </c>
         <w xml:id="o3555-055970"
            n="42-a-0680"
            ecep:lem="scanty"
            ecep:pos="j"
            ecep:reg="scanty"
            ecep:spe="scanty"
            ecep:syllab="2"
            ecep:pron="ˈskænti">scanty</w>
         <c> </c>
         <w xml:id="o3555-055980"
            n="42-a-0690"
            ecep:lem="meal"
            ecep:pos="n2"
            ecep:reg="meals"
            ecep:spe="meals"
            ecep:syllab="1"
            ecep:pron="miːlz">meals</w>
         <c> </c>
         <w xml:id="o3555-055990"
            n="42-a-0700"
            ecep:lem="supply"
            ecep:pos="vvi"
            ecep:reg="supply"
            ecep:spe="supply"
            ecep:syllab="2"
            ecep:pron="səˈplaɪ">supply</w>
         <pc xml:id="o3555-056000"
             n="42-a-0710"
             ecep:lem=";"
             ecep:pos=";"
             ecep:reg=";"
             ecep:spe=";">;</pc>
      </l>
      <l xml:id="o3555-l02965">
         <c> </c>
         <w xml:id="o3555-056010"
            n="42-a-0720"
            ecep:lem="but"
            ecep:pos="cc-acp"
            ecep:reg="But"
            ecep:spe="But"
            ecep:syllab="1"
            ecep:pron="bʌt">But</w>
         <c> </c>
         <w xml:id="o3555-056020"
            n="42-a-0730"
            ecep:lem="if"
            ecep:pos="cs"
            ecep:reg="if"
            ecep:spe="if"
            ecep:syllab="1"
            ecep:pron="ɪf">if</w>
         <c> </c>
         <w xml:id="o3555-056030"
            n="42-a-0740"
            ecep:lem="thy"
            ecep:pos="po21"
            ecep:reg="thine"
            ecep:spe="thine"
            ecep:syllab="1"
            ecep:pron="ðaɪn">thine</w>
         <c> </c>
         <w xml:id="o3555-056040"
            n="42-a-0750"
            ecep:lem="unrelenting"
            ecep:pos="j"
            ecep:reg="unrelenting"
            ecep:spe="unrelenting"
            ecep:syllab="4"
            ecep:pron="ˌʌnrɪˈlentɪŋ">unrelenting</w>
         <c> </c>
         <w xml:id="o3555-056050"
            n="42-a-0760"
            ecep:lem="heart"
            ecep:pos="n1"
            ecep:reg="heart"
            ecep:spe="heart"
            ecep:syllab="1"
            ecep:pron="hɑːt">heart</w>
      </l>
      <l xml:id="o3555-l02970">
         <c> </c>
         <w xml:id="o3555-056060"
            n="42-a-0770"
            ecep:lem="that"
            ecep:pos="cst"
            ecep:reg="That"
            ecep:spe="That"
            ecep:syllab="1"
            ecep:pron="ðæt">That</w>
         <c> </c>
         <w xml:id="o3555-056070"
            n="42-a-0780"
            ecep:lem="slender"
            ecep:pos="j"
            ecep:reg="slender"
            ecep:spe="slender"
            ecep:syllab="2"
            ecep:pron="ˈslendə">slender</w>
         <c> </c>
         <w xml:id="o3555-056080"
            n="42-a-0790"
            ecep:lem="boon"
            ecep:pos="n1"
            ecep:reg="boon"
            ecep:spe="boon"
            ecep:syllab="1"
            ecep:pron="buːn">boon</w>
         <c> </c>
         <w xml:id="o3555-056090"
            n="42-a-0800"
            ecep:lem="deny"
            ecep:pos="vvi"
            ecep:reg="deny"
            ecep:spe="deny"
            ecep:syllab="2"
            ecep:pron="dɪˈnaɪ">deny</w>
         <pc xml:id="o3555-056100"
             n="42-a-0810"
             ecep:lem=","
             ecep:pos=","
             ecep:reg=","
             ecep:spe=",">,</pc>
      </l>
   </lg>
   <pb facs="43" n="39" rend="none"/>
   <lg xml:id="o3555-s00230">
      <l xml:id="o3555-l02975">
         <w xml:id="o3555-056130"
            n="43-a-0010"
            ecep:lem="the"
            ecep:pos="dt"
            ecep:reg="The"
            ecep:spe="The"
            ecep:syllab="1"
            ecep:pron="ðiː">The</w>
         <c> </c>
         <w xml:id="o3555-056140"
            n="43-a-0020"
            ecep:lem="cheerful"
            ecep:pos="j"
            ecep:reg="cheerful"
            ecep:spe="chearful"
            ecep:syllab="2"
            ecep:pron="ˈtʃɪəfl">chearful</w>
         <c> </c>
         <w xml:id="o3555-056150"
            n="43-a-0030"
            ecep:lem="light"
            ecep:pos="n1"
            ecep:reg="light"
            ecep:spe="light"
            ecep:syllab="1"
            ecep:pron="laɪt">light</w>
         <pc xml:id="o3555-056160"
             n="43-a-0040"
             ecep:lem=","
             ecep:pos=","
             ecep:reg=","
             ecep:spe=",">,</pc>
         <c> </c>
         <w xml:id="o3555-056170"
            n="43-a-0050"
            ecep:lem="the"
            ecep:pos="dt"
            ecep:reg="the"
            ecep:spe="the"
            ecep:syllab="1"
            ecep:pron="ðiː">the</w>
         <c> </c>
         <w xml:id="o3555-056180"
            n="43-a-0060"
            ecep:lem="vital"
            ecep:pos="j"
            ecep:reg="vital"
            ecep:spe="vital"
            ecep:syllab="2"
            ecep:pron="ˈvaɪtl">vital</w>
         <c> </c>
         <w xml:id="o3555-056190"
            n="43-a-0070"
            ecep:lem="air"
            ecep:pos="n1"
            ecep:reg="air"
            ecep:spe="air"
            ecep:syllab="1"
            ecep:pron="eə">air</w>
         <pc xml:id="o3555-056200"
             n="43-a-0080"
             ecep:lem=","
             ecep:pos=","
             ecep:reg=","
             ecep:spe=",">,</pc>
      </l>
      <l xml:id="o3555-l02980">
         <c> </c>
         <w xml:id="o3555-056210"
            n="43-a-0090"
            ecep:lem="be"
            ecep:pos="vbb"
            ecep:reg="Are"
            ecep:spe="Are"
            ecep:syllab="1"
            ecep:pron="ɑː">Are</w>
         <c> </c>
         <w xml:id="o3555-056220"
            n="43-a-0100"
            ecep:lem="blessing"
            ecep:pos="n2"
            ecep:reg="blessings"
            ecep:spe="blessings"
            ecep:syllab="2"
            ecep:pron="ˈblesɪŋz">blessings</w>
         <c> </c>
         <w xml:id="o3555-056230"
            n="43-a-0110"
            ecep:lem="wide"
            ecep:pos="av-j"
            ecep:reg="widely"
            ecep:spe="widely"
            ecep:syllab="2"
            ecep:pron="waɪdli">widely</w>
         <c> </c>
         <w xml:id="o3555-056240"
            n="43-a-0120"
            ecep:lem="give"
            ecep:pos="vvn"
            ecep:reg="given"
            ecep:spe="given"
            ecep:syllab="2"
            ecep:pron="ˈgɪvn">given</w>
         <pc xml:id="o3555-056250"
             n="43-a-0130"
             ecep:lem=";"
             ecep:pos=";"
             ecep:reg=";"
             ecep:spe=";">;</pc>
      </l>
      <l xml:id="o3555-l02985">
         <c> </c>
         <w xml:id="o3555-056260"
            n="43-a-0140"
            ecep:lem="let"
            ecep:pos="vvb"
            ecep:reg="Let"
            ecep:spe="Let"
            ecep:syllab="1"
            ecep:pron="let">Let</w>
         <c> </c>
         <w xml:id="o3555-056270"
            n="43-a-0150"
            ecep:lem="nature"
            ecep:pos="ng1"
            ecep:reg="nature's"
            ecep:spe="nature's"
            ecep:syllab="2"
            ecep:pron="ˈneɪtʃəz">nature's</w>
         <c> </c>
         <w xml:id="o3555-056280"
            n="43-a-0160"
            ecep:lem="commoner"
            ecep:pos="n2"
            ecep:reg="commoners"
            ecep:spe="commoners"
            ecep:syllab="3"
            ecep:pron="ˈkɒmənəz">commoners</w>
         <c> </c>
         <w xml:id="o3555-056290"
            n="43-a-0170"
            ecep:lem="enjoy"
            ecep:pos="vvi"
            ecep:reg="enjoy"
            ecep:spe="enjoy"
            ecep:syllab="2"
            ecep:pron="ɪnˈdʒɔɪ">enjoy</w>
      </l>
      <l xml:id="o3555-l02990">
         <c> </c>
         <w xml:id="o3555-056300"
            n="43-a-0180"
            ecep:lem="the"
            ecep:pos="dt"
            ecep:reg="The"
            ecep:spe="The"
            ecep:syllab="1"
            ecep:pron="ðiː">The</w>
         <c> </c>
         <w xml:id="o3555-056310"
            n="43-a-0190"
            ecep:lem="common"
            ecep:pos="j"
            ecep:reg="common"
            ecep:spe="common"
            ecep:syllab="2"
            ecep:pron="ˈkɒmən">common</w>
         <c> </c>
         <w xml:id="o3555-056320"
            n="43-a-0200"
            ecep:lem="gift"
            ecep:pos="n2"
            ecep:reg="gifts"
            ecep:spe="gifts"
            ecep:syllab="1"
            ecep:pron="gɪfts">gifts</w>
         <c> </c>
         <w xml:id="o3555-056330"
            n="43-a-0210"
            ecep:lem="of"
            ecep:pos="pp-f"
            ecep:reg="of"
            ecep:spe="of"
            ecep:syllab="1"
            ecep:pron="ɒv">of</w>
         <c> </c>
         <w xml:id="o3555-056340"
            n="43-a-0220"
            ecep:lem="heaven"
            ecep:pos="n1"
            ecep:reg="heaven"
            ecep:spe="heaven"
            ecep:syllab="1"
            ecep:pron="ˈhevn">heaven</w>
         <pc xml:id="o3555-056350"
             n="43-a-0230"
             unit="sentence"
             ecep:lem="."
             ecep:pos="."
             ecep:reg="."
             ecep:spe=".">.</pc>
         <c> </c>
      </l>
   </lg>
   <lg xml:id="o3555-s00235">
      <l xml:id="o3555-l02995">
         <w xml:id="o3555-056380"
            n="43-a-0240"
            ecep:lem="the"
            ecep:pos="dt"
            ecep:reg="The"
            ecep:spe="The"
            ecep:syllab="1"
            ecep:pron="ðiː">The</w>
         <c> </c>
         <w xml:id="o3555-056390"
            n="43-a-0250"
            ecep:lem="well"
            ecep:pos="av"
            ecep:reg="well"
            ecep:spe="well"
            ecep:syllab="1"
            ecep:pron="wel">well</w>
         <c> </c>
         <w xml:id="o3555-056400"
            n="43-a-0260"
            ecep:lem="teach"
            ecep:pos="vvn"
            ecep:reg="taught"
            ecep:spe="taught"
            ecep:syllab="1"
            ecep:pron="tɔːt">taught</w>
         <c> </c>
         <w xml:id="o3555-056410"
            n="43-a-0270"
            ecep:lem="philosophic"
            ecep:pos="j"
            ecep:reg="philosophic"
            ecep:spe="philosophic"
            ecep:syllab="4"
            ecep:pron="ˌfɪləˈsɒfɪk">philosophic</w>
         <c> </c>
         <w xml:id="o3555-056420"
            n="43-a-0280"
            ecep:lem="mind"
            ecep:pos="n1"
            ecep:reg="mind"
            ecep:spe="mind"
            ecep:syllab="1"
            ecep:pron="maɪnd">mind</w>
      </l>
      <l xml:id="o3555-l03000">
         <c> </c>
         <w xml:id="o3555-056430"
            n="43-a-0290"
            ecep:lem="to"
            ecep:pos="p-acp"
            ecep:reg="To"
            ecep:spe="To"
            ecep:syllab="1"
            ecep:pron="tuː">To</w>
         <c> </c>
         <w xml:id="o3555-056440"
            n="43-a-0300"
            ecep:lem="all"
            ecep:pos="d"
            ecep:reg="all"
            ecep:spe="all"
            ecep:syllab="1"
            ecep:pron="ɔːl">all</w>
         <c> </c>
         <w xml:id="o3555-056450"
            n="43-a-0310"
            ecep:lem="compassion"
            ecep:pos="n1"
            ecep:reg="compassion"
            ecep:spe="compassion"
            ecep:syllab="3"
            ecep:pron="kəmˈpæʃn">compassion</w>
         <c> </c>
         <w xml:id="o3555-056460"
            n="43-a-0320"
            ecep:lem="give"
            ecep:pos="vvz"
            ecep:reg="gives"
            ecep:spe="gives"
            ecep:syllab="1"
            ecep:pron="gɪvz">gives</w>
         <pc xml:id="o3555-056470"
             n="43-a-0330"
             ecep:lem=";"
             ecep:pos=";"
             ecep:reg=";"
             ecep:spe=";">;</pc>
      </l>
      <l xml:id="o3555-l03005">
         <c> </c>
         <w xml:id="o3555-056480"
            n="43-a-0340"
            ecep:lem="cast"
            ecep:pos="vvz"
            ecep:reg="Casts"
            ecep:spe="Casts"
            ecep:syllab="1"
            ecep:pron="kɑːsts">Casts</w>
         <c> </c>
         <w xml:id="o3555-056490"
            n="43-a-0350"
            ecep:lem="round"
            ecep:pos="av-j"
            ecep:reg="round"
            ecep:spe="round"
            ecep:syllab="1"
            ecep:pron="raʊnd">round</w>
         <c> </c>
         <w xml:id="o3555-056500"
            n="43-a-0360"
            ecep:lem="the"
            ecep:pos="dt"
            ecep:reg="the"
            ecep:spe="the"
            ecep:syllab="1"
            ecep:pron="ðiː">the</w>
         <c> </c>
         <w xml:id="o3555-056510"
            n="43-a-0370"
            ecep:lem="world"
            ecep:pos="n1"
            ecep:reg="world"
            ecep:spe="world"
            ecep:syllab="1"
            ecep:pron="wɜːld">world</w>
         <c> </c>
         <w xml:id="o3555-056520"
            n="43-a-0380"
            ecep:lem="a"
            ecep:pos="dt"
            ecep:reg="an"
            ecep:spe="an"
            ecep:syllab="1"
            ecep:pron="æn">an</w>
         <c> </c>
         <w xml:id="o3555-056530"
            n="43-a-0390"
            ecep:lem="equal"
            ecep:pos="j-jn"
            ecep:reg="equal"
            ecep:spe="equal"
            ecep:syllab="2"
            ecep:pron="ˈiːkwəl">equal</w>
         <c> </c>
         <w xml:id="o3555-056540"
            n="43-a-0400"
            ecep:lem="eye"
            ecep:pos="n1"
            ecep:reg="eye"
            ecep:spe="eye"
            ecep:syllab="1"
            ecep:pron="aɪ">eye</w>
         <pc xml:id="o3555-056550"
             n="43-a-0410"
             ecep:lem=","
             ecep:pos=","
             ecep:reg=","
             ecep:spe=",">,</pc>
      </l>
      <l xml:id="o3555-l03010">
         <c> </c>
         <w xml:id="o3555-056560"
            n="43-a-0420"
            ecep:lem="and"
            ecep:pos="cc"
            ecep:reg="And"
            ecep:spe="And"
            ecep:syllab="1"
            ecep:pron="ænd">And</w>
         <c> </c>
         <w xml:id="o3555-056570"
            n="43-a-0430"
            ecep:lem="feel"
            ecep:pos="vvz"
            ecep:reg="feels"
            ecep:spe="feels"
            ecep:syllab="1"
            ecep:pron="fiːlz">feels</w>
         <c> </c>
         <w xml:id="o3555-056580"
            n="43-a-0440"
            ecep:lem="for"
            ecep:pos="p-acp"
            ecep:reg="for"
            ecep:spe="for"
            ecep:syllab="1"
            ecep:pron="fɔː">for</w>
         <c> </c>
         <w xml:id="o3555-056590"
            n="43-a-0450"
            ecep:lem="all"
            ecep:pos="d"
            ecep:reg="all"
            ecep:spe="all"
            ecep:syllab="1"
            ecep:pron="ɔːl">all</w>
         <c> </c>
         <w xml:id="o3555-056600"
            n="43-a-0460"
            ecep:lem="that"
            ecep:pos="d"
            ecep:reg="that"
            ecep:spe="that"
            ecep:syllab="1"
            ecep:pron="ðæt">that</w>
         <c> </c>
         <w xml:id="o3555-056610"
            n="43-a-0470"
            ecep:lem="life"
            ecep:pos="n2"
            ecep:reg="lives"
            ecep:spe="lives"
            ecep:syllab="1"
            ecep:pron="laɪvz">lives</w>
         <pc xml:id="o3555-056620"
             n="43-a-0480"
             unit="sentence"
             ecep:lem="."
             ecep:pos="."
             ecep:reg="."
             ecep:spe=".">.</pc>
         <c> </c>
      </l>
   </lg>
   <lg xml:id="o3555-s00240">
      <l xml:id="o3555-l03015">
         <w xml:id="o3555-056650"
            n="43-a-0490"
            ecep:lem="if"
            ecep:pos="cs"
            ecep:reg="If"
            ecep:spe="If"
            ecep:syllab="1"
            ecep:pron="ɪf">If</w>
         <c> </c>
         <w xml:id="o3555-056660"
            n="43-a-0500"
            ecep:lem="mind"
            ecep:pos="n1"
            ecep:reg="mind"
            ecep:spe="mind"
            ecep:syllab="1"
            ecep:pron="maɪnd">mind</w>
         <pc xml:id="o3555-056670"
             n="43-a-0510"
             ecep:lem=","
             ecep:pos=","
             ecep:reg=","
             ecep:spe=",">,</pc>
         <c> </c>
         <w xml:id="o3555-056680"
            n="43-a-0520"
            ecep:lem="as"
            ecep:pos="c-acp"
            ecep:reg="as"
            ecep:spe="as"
            ecep:syllab="1"
            ecep:pron="æz">as</w>
         <c> </c>
         <w xml:id="o3555-056690"
            n="43-a-0530"
            ecep:lem="ancient"
            ecep:pos="j-jn"
            ecep:reg="ancient"
            ecep:spe="ancient"
            ecep:syllab="2"
            ecep:pron="ˈeɪnʃnt">ancient</w>
         <c> </c>
         <w xml:id="o3555-056700"
            n="43-a-0540"
            ecep:lem="sage"
            ecep:pos="n2-jn"
            ecep:reg="sages"
            ecep:spe="sages"
            ecep:syllab="2"
            ecep:pron="seɪdʒɪz">sages</w>
         <c> </c>
         <w xml:id="o3555-056710"
            n="43-a-0550"
            ecep:lem="teach"
            ecep:pos="vvn"
            ecep:reg="taught"
            ecep:spe="taught"
            ecep:syllab="1"
            ecep:pron="tɔːt">taught</w>
         <pc xml:id="o3555-056720"
             n="43-a-0560"
             ecep:lem=","
             ecep:pos=","
             ecep:reg=","
             ecep:spe=",">,</pc>
      </l>
      <l xml:id="o3555-l03020">
         <c> </c>
         <w xml:id="o3555-056730"
            n="43-a-0570"
            ecep:lem="a"
            ecep:pos="dt"
            ecep:reg="A"
            ecep:spe="A"
            ecep:syllab="1"
            ecep:pron="ə">A</w>
         <c> </c>
         <w xml:id="o3555-056740"
            n="43-a-0580"
            ecep:lem="never"
            ecep:pos="av-x"
            ecep:reg="never"
            ecep:spe="never"
            ecep:syllab="2"
            ecep:pron="ˈnevə">never</w>
         <c> </c>
         <w xml:id="o3555-056750"
            n="43-a-0590"
            ecep:lem="die"
            ecep:pos="j-vvg"
            ecep:reg="dying"
            ecep:spe="dying"
            ecep:syllab="2"
            ecep:pron="ˈdaɪɪŋ">dying</w>
         <c> </c>
         <w xml:id="o3555-056760"
            n="43-a-0600"
            ecep:lem="flame"
            ecep:pos="n1"
            ecep:reg="flame"
            ecep:spe="flame"
            ecep:syllab="1"
            ecep:pron="fleɪm">flame</w>
         <pc xml:id="o3555-056770"
             n="43-a-0610"
             ecep:lem=","
             ecep:pos=","
             ecep:reg=","
             ecep:spe=",">,</pc>
      </l>
      <l xml:id="o3555-l03025">
         <c> </c>
         <w xml:id="o3555-056780"
            n="43-a-0620"
            ecep:lem="still"
            ecep:pos="av"
            ecep:reg="Still"
            ecep:spe="Still"
            ecep:syllab="1"
            ecep:pron="stɪl">Still</w>
         <c> </c>
         <w xml:id="o3555-056790"
            n="43-a-0630"
            ecep:lem="shift"
            ecep:pos="n2"
            ecep:reg="shifts"
            ecep:spe="shifts"
            ecep:syllab="1"
            ecep:pron="ʃɪfts">shifts</w>
         <c> </c>
         <w xml:id="o3555-056800"
            n="43-a-0640"
            ecep:lem="through"
            ecep:pos="p-acp"
            ecep:reg="through"
            ecep:spe="thro'"
            ecep:syllab="1"
            ecep:pron="θruː">thro'</w>
         <c> </c>
         <w xml:id="o3555-056810"
            n="43-a-0650"
            ecep:lem="matter"
            ecep:pos="ng1"
            ecep:reg="matter's"
            ecep:spe="matter's"
            ecep:syllab="2"
            ecep:pron="ˈmætəz">matter's</w>
         <c> </c>
         <w xml:id="o3555-056820"
            n="43-a-0660"
            ecep:lem="vary"
            ecep:pos="j-vvg"
            ecep:reg="varying"
            ecep:spe="varying"
            ecep:syllab="3"
            ecep:pron="ˈveəriɪŋ">varying</w>
         <c> </c>
         <w xml:id="o3555-056830"
            n="43-a-0670"
            ecep:lem="form"
            ecep:pos="n2"
            ecep:reg="forms"
            ecep:spe="forms"
            ecep:syllab="1"
            ecep:pron="fɔːmz">forms</w>
         <pc xml:id="o3555-056840"
             n="43-a-0680"
             ecep:lem=","
             ecep:pos=","
             ecep:reg=","
             ecep:spe=",">,</pc>
      </l>
      <l xml:id="o3555-l03030">
         <c> </c>
         <w xml:id="o3555-056850"
            n="43-a-0690"
            ecep:lem="in"
            ecep:pos="p-acp"
            ecep:reg="In"
            ecep:spe="In"
            ecep:syllab="1"
            ecep:pron="ɪn">In</w>
         <c> </c>
         <w xml:id="o3555-056860"
            n="43-a-0700"
            ecep:lem="every"
            ecep:pos="d"
            ecep:reg="every"
            ecep:spe="every"
            ecep:syllab="2"
            ecep:pron="ˈevri">every</w>
         <c> </c>
         <w xml:id="o3555-056870"
            n="43-a-0710"
            ecep:lem="form"
            ecep:pos="n1"
            ecep:reg="form"
            ecep:spe="form"
            ecep:syllab="1"
            ecep:pron="fɔːm">form</w>
         <c> </c>
         <w xml:id="o3555-056880"
            n="43-a-0720"
            ecep:lem="the"
            ecep:pos="dt"
            ecep:reg="the"
            ecep:spe="the"
            ecep:syllab="1"
            ecep:pron="ðiː">the</w>
         <c> </c>
         <w xml:id="o3555-056890"
            n="43-a-0730"
            ecep:lem="same"
            ecep:pos="d"
            ecep:reg="same"
            ecep:spe="same"
            ecep:syllab="1"
            ecep:pron="seɪm">same</w>
         <pc xml:id="o3555-056900"
             n="43-a-0740"
             ecep:lem=","
             ecep:pos=","
             ecep:reg=","
             ecep:spe=",">,</pc>
      </l>
   </lg>
   <lg xml:id="o3555-s00245">
      <l xml:id="o3555-l03035">
         <w xml:id="o3555-056930"
            n="43-a-0750"
            ecep:lem="beware"
            ecep:pos="vvb"
            ecep:reg="Beware"
            ecep:spe="Beware"
            ecep:syllab="2"
            ecep:pron="bɪˈweə">Beware</w>
         <pc xml:id="o3555-056940"
             n="43-a-0760"
             ecep:lem=","
             ecep:pos=","
             ecep:reg=","
             ecep:spe=",">,</pc>
         <c> </c>
         <w xml:id="o3555-056950"
            n="43-a-0770"
            ecep:lem="lest"
            ecep:pos="cs"
            ecep:reg="lest"
            ecep:spe="lest"
            ecep:syllab="1"
            ecep:pron="lest">lest</w>
         <c> </c>
         <w xml:id="o3555-056960"
            n="43-a-0780"
            ecep:lem="in"
            ecep:pos="p-acp"
            ecep:reg="in"
            ecep:spe="in"
            ecep:syllab="1"
            ecep:pron="ɪn">in</w>
         <c> </c>
         <w xml:id="o3555-056970"
            n="43-a-0790"
            ecep:lem="the"
            ecep:pos="dt"
            ecep:reg="the"
            ecep:spe="the"
            ecep:syllab="1"
            ecep:pron="ðiː">the</w>
         <c> </c>
         <w xml:id="o3555-056980"
            n="43-a-0800"
            ecep:lem="worm"
            ecep:pos="n1"
            ecep:reg="worm"
            ecep:spe="worm"
            ecep:syllab="1"
            ecep:pron="wɜːm">worm</w>
         <c> </c>
         <w xml:id="o3555-056990"
            n="43-a-0810"
            ecep:lem="you"
            ecep:pos="pn22"
            ecep:reg="you"
            ecep:spe="you"
            ecep:syllab="1"
            ecep:pron="juː">you</w>
         <c> </c>
         <w xml:id="o3555-057000"
            n="43-a-0820"
            ecep:lem="crush"
            ecep:pos="vvb"
            ecep:reg="crush"
            ecep:spe="crush"
            ecep:syllab="1"
            ecep:pron="krʌʃ">crush</w>
      </l>
      <l xml:id="o3555-l03040">
         <c> </c>
         <w xml:id="o3555-057010"
            n="43-a-0830"
            ecep:lem="a"
            ecep:pos="dt"
            ecep:reg="A"
            ecep:spe="A"
            ecep:syllab="1"
            ecep:pron="ə">A</w>
         <c> </c>
         <w xml:id="o3555-057020"
            n="43-a-0840"
            ecep:lem="brother"
            ecep:pos="ng1"
            ecep:reg="brother's"
            ecep:spe="brother's"
            ecep:syllab="2"
            ecep:pron="ˈbrʌðəz">brother's</w>
         <c> </c>
         <w xml:id="o3555-057030"
            n="43-a-0850"
            ecep:lem="soul"
            ecep:pos="n1"
            ecep:reg="soul"
            ecep:spe="soul"
            ecep:syllab="1"
            ecep:pron="səʊl">soul</w>
         <c> </c>
         <w xml:id="o3555-057040"
            n="43-a-0860"
            ecep:lem="you"
            ecep:pos="pn22"
            ecep:reg="you"
            ecep:spe="you"
            ecep:syllab="1"
            ecep:pron="juː">you</w>
         <c> </c>
         <w xml:id="o3555-057050"
            n="43-a-0870"
            ecep:lem="find"
            ecep:pos="vvb"
            ecep:reg="find"
            ecep:spe="find"
            ecep:syllab="1"
            ecep:pron="faɪnd">find</w>
         <pc xml:id="o3555-057060"
             n="43-a-0880"
             ecep:lem=";"
             ecep:pos=";"
             ecep:reg=";"
             ecep:spe=";">;</pc>
      </l>
      <l xml:id="o3555-l03045">
         <c> </c>
         <w xml:id="o3555-057070"
            n="43-a-0890"
            ecep:lem="and"
            ecep:pos="cc"
            ecep:reg="And"
            ecep:spe="And"
            ecep:syllab="1"
            ecep:pron="ænd">And</w>
         <c> </c>
         <w xml:id="o3555-057080"
            n="43-a-0900"
            ecep:lem="tremble"
            ecep:pos="vvb"
            ecep:reg="tremble"
            ecep:spe="tremble"
            ecep:syllab="2"
            ecep:pron="ˈtrembl">tremble</w>
         <c> </c>
         <w xml:id="o3555-057090"
            n="43-a-0910"
            ecep:lem="lest"
            ecep:pos="cs"
            ecep:reg="lest"
            ecep:spe="lest"
            ecep:syllab="1"
            ecep:pron="lest">lest</w>
         <c> </c>
         <w xml:id="o3555-057100"
            n="43-a-0920"
            ecep:lem="thy"
            ecep:pos="po21"
            ecep:reg="thy"
            ecep:spe="thy"
            ecep:syllab="1"
            ecep:pron="ðaɪ">thy</w>
         <c> </c>
         <w xml:id="o3555-057110"
            n="43-a-0930"
            ecep:lem="luckless"
            ecep:pos="j"
            ecep:reg="luckless"
            ecep:spe="luckless"
            ecep:syllab="2"
            ecep:pron="ˈlʌkləs">luckless</w>
         <c> </c>
         <w xml:id="o3555-057120"
            n="43-a-0940"
            ecep:lem="hand"
            ecep:pos="n1"
            ecep:reg="hand"
            ecep:spe="hand"
            ecep:syllab="1"
            ecep:pron="hænd">hand</w>
      </l>
      <l xml:id="o3555-l03050">
         <c> </c>
         <w xml:id="o3555-057130"
            n="43-a-0950"
            ecep:lem="dislodge"
            ecep:pos="vvi"
            ecep:reg="Dislodge"
            ecep:spe="Dislodge"
            ecep:syllab="2"
            ecep:pron="dɪˈslɒdʒ">Dislodge</w>
         <c> </c>
         <w xml:id="o3555-057140"
            n="43-a-0960"
            ecep:lem="a"
            ecep:pos="dt"
            ecep:reg="a"
            ecep:spe="a"
            ecep:syllab="1"
            ecep:pron="ə">a</w>
         <c> </c>
         <w xml:id="o3555-057150"
            n="43-a-0970"
            ecep:lem="kindred"
            ecep:pos="n1"
            ecep:reg="kindred"
            ecep:spe="kindred"
            ecep:syllab="2"
            ecep:pron="ˈkɪndrəd">kindred</w>
         <c> </c>
         <w xml:id="o3555-057160"
            n="43-a-0980"
            ecep:lem="mind"
            ecep:pos="n1"
            ecep:reg="mind"
            ecep:spe="mind"
            ecep:syllab="1"
            ecep:pron="maɪnd">mind</w>
         <pc xml:id="o3555-057170"
             n="43-a-0990"
             unit="sentence"
             ecep:lem="."
             ecep:pos="."
             ecep:reg="."
             ecep:spe=".">.</pc>
         <c> </c>
      </l>
   </lg>
   <pb facs="44" n="40" rend="none"/>
   <lg xml:id="o3555-s00250">
      <l xml:id="o3555-l03055">
         <w xml:id="o3555-057200"
            n="44-a-0010"
            ecep:lem="or"
            ecep:pos="cc"
            ecep:reg="Or"
            ecep:spe="Or"
            ecep:syllab="1"
            ecep:pron="ɔː">Or</w>
         <pc xml:id="o3555-057210"
             n="44-a-0020"
             ecep:lem=","
             ecep:pos=","
             ecep:reg=","
             ecep:spe=",">,</pc>
         <c> </c>
         <w xml:id="o3555-057220"
            n="44-a-0030"
            ecep:lem="if"
            ecep:pos="cs"
            ecep:reg="if"
            ecep:spe="if"
            ecep:syllab="1"
            ecep:pron="ɪf">if</w>
         <c> </c>
         <w xml:id="o3555-057230"
            n="44-a-0040"
            ecep:lem="this"
            ecep:pos="d"
            ecep:reg="this"
            ecep:spe="this"
            ecep:syllab="1"
            ecep:pron="ðɪs">this</w>
         <c> </c>
         <w xml:id="o3555-057240"
            n="44-a-0050"
            ecep:lem="transient"
            ecep:pos="j"
            ecep:reg="transient"
            ecep:spe="transient"
            ecep:syllab="2"
            ecep:pron="ˈtrænziənt">transient</w>
         <c> </c>
         <w xml:id="o3555-057250"
            n="44-a-0060"
            ecep:lem="gleam"
            ecep:pos="n1"
            ecep:reg="gleam"
            ecep:spe="gleam"
            ecep:syllab="1"
            ecep:pron="gliːm">gleam</w>
         <c> </c>
         <w xml:id="o3555-057260"
            n="44-a-0070"
            ecep:lem="of"
            ecep:pos="pp-f"
            ecep:reg="of"
            ecep:spe="of"
            ecep:syllab="1"
            ecep:pron="ɒv">of</w>
         <c> </c>
         <w xml:id="o3555-057270"
            n="44-a-0080"
            ecep:lem="day"
            ecep:pos="n1"
            ecep:reg="day"
            ecep:spe="day"
            ecep:syllab="1"
            ecep:pron="deɪ">day</w>
      </l>
      <l xml:id="o3555-l03060">
         <c> </c>
         <w xml:id="o3555-057280"
            n="44-a-0090"
            ecep:lem="be"
            ecep:pos="vbb"
            ecep:reg="Be"
            ecep:spe="Be"
            ecep:syllab="1"
            ecep:pron="biː">Be</w>
         <c> </c>
         <hi>
            <w xml:id="o3555-057290"
               n="44-a-0100"
               ecep:lem="all"
               ecep:pos="d"
               ecep:reg="all"
               ecep:spe="all"
               ecep:syllab="1"
               ecep:pron="ɔːl">all</w>
         </hi>
         <c> </c>
         <w xml:id="o3555-057300"
            n="44-a-0110"
            ecep:lem="of"
            ecep:pos="pp-f"
            ecep:reg="of"
            ecep:spe="of"
            ecep:syllab="1"
            ecep:pron="ɒv">of</w>
         <c> </c>
         <w xml:id="o3555-057310"
            n="44-a-0120"
            ecep:lem="life"
            ecep:pos="n1"
            ecep:reg="life"
            ecep:spe="life"
            ecep:syllab="1"
            ecep:pron="laɪf">life</w>
         <c> </c>
         <w xml:id="o3555-057320"
            n="44-a-0130"
            ecep:lem="we"
            ecep:pos="pns12"
            ecep:reg="we"
            ecep:spe="we"
            ecep:syllab="1"
            ecep:pron="wiː">we</w>
         <c> </c>
         <w xml:id="o3555-057330"
            n="44-a-0140"
            ecep:lem="share"
            ecep:pos="vvb"
            ecep:reg="share"
            ecep:spe="share"
            ecep:syllab="1"
            ecep:pron="ʃeə">share</w>
         <pc xml:id="o3555-057340"
             n="44-a-0150"
             ecep:lem=","
             ecep:pos=","
             ecep:reg=","
             ecep:spe=",">,</pc>
      </l>
      <l xml:id="o3555-l03065">
         <c> </c>
         <w xml:id="o3555-057350"
            n="44-a-0160"
            ecep:lem="let"
            ecep:pos="vvb"
            ecep:reg="Let"
            ecep:spe="Let"
            ecep:syllab="1"
            ecep:pron="let">Let</w>
         <c> </c>
         <w xml:id="o3555-057360"
            n="44-a-0170"
            ecep:lem="pity"
            ecep:pos="n1"
            ecep:reg="pity"
            ecep:spe="pity"
            ecep:syllab="2"
            ecep:pron="ˈpɪti">pity</w>
         <c> </c>
         <w xml:id="o3555-057370"
            n="44-a-0180"
            ecep:lem="plead"
            ecep:pos="vvi"
            ecep:reg="plead"
            ecep:spe="plead"
            ecep:syllab="1"
            ecep:pron="pliːd">plead</w>
         <c> </c>
         <w xml:id="o3555-057380"
            n="44-a-0190"
            ecep:lem="within"
            ecep:pos="p-acp"
            ecep:reg="within"
            ecep:spe="within"
            ecep:syllab="2"
            ecep:pron="wɪˈðɪn">within</w>
         <c> </c>
         <w xml:id="o3555-057390"
            n="44-a-0200"
            ecep:lem="thy"
            ecep:pos="po21"
            ecep:reg="thy"
            ecep:spe="thy"
            ecep:syllab="1"
            ecep:pron="ðaɪ">thy</w>
         <c> </c>
         <w xml:id="o3555-057400"
            n="44-a-0210"
            ecep:lem="breast"
            ecep:pos="n1"
            ecep:reg="breast"
            ecep:spe="breast"
            ecep:syllab="1"
            ecep:pron="brest">breast</w>
      </l>
      <l xml:id="o3555-l03070">
         <c> </c>
         <w xml:id="o3555-057410"
            n="44-a-0220"
            ecep:lem="that"
            ecep:pos="d"
            ecep:reg="That"
            ecep:spe="That"
            ecep:syllab="1"
            ecep:pron="ðæt">That</w>
         <c> </c>
         <w xml:id="o3555-057420"
            n="44-a-0230"
            ecep:lem="little"
            ecep:pos="j"
            ecep:reg="little"
            ecep:spe="little"
            ecep:syllab="2"
            ecep:pron="ˈlɪtl">little</w>
         <c> </c>
         <hi>
            <w xml:id="o3555-057430"
               n="44-a-0240"
               ecep:lem="all"
               ecep:pos="av-d"
               ecep:reg="all"
               ecep:spe="all"
               ecep:syllab="1"
               ecep:pron="ɔːl">all</w>
         </hi>
         <c> </c>
         <w xml:id="o3555-057440"
            n="44-a-0250"
            ecep:lem="to"
            ecep:pos="pc-acp"
            ecep:reg="to"
            ecep:spe="to"
            ecep:syllab="1"
            ecep:pron="tuː">to</w>
         <c> </c>
         <w xml:id="o3555-057450"
            n="44-a-0260"
            ecep:lem="spare"
            ecep:pos="vvi"
            ecep:reg="spare"
            ecep:spe="spare"
            ecep:syllab="1"
            ecep:pron="speə">spare</w>
         <pc xml:id="o3555-057460"
             n="44-a-0270"
             unit="sentence"
             ecep:lem="."
             ecep:pos="."
             ecep:reg="."
             ecep:spe=".">.</pc>
         <c> </c>
      </l>
   </lg>
   <lg xml:id="o3555-s00255">
      <l xml:id="o3555-l03075">
         <w xml:id="o3555-057490"
            n="44-a-0280"
            ecep:lem="so"
            ecep:pos="av"
            ecep:reg="So"
            ecep:spe="So"
            ecep:syllab="1"
            ecep:pron="səʊ">So</w>
         <c> </c>
         <w xml:id="o3555-057500"
            n="44-a-0290"
            ecep:lem="may"
            ecep:pos="vmb"
            ecep:reg="may"
            ecep:spe="may"
            ecep:syllab="1"
            ecep:pron="meɪ">may</w>
         <c> </c>
         <w xml:id="o3555-057510"
            n="44-a-0300"
            ecep:lem="thy"
            ecep:pos="po21"
            ecep:reg="thy"
            ecep:spe="thy"
            ecep:syllab="1"
            ecep:pron="ðaɪ">thy</w>
         <c> </c>
         <w xml:id="o3555-057520"
            n="44-a-0310"
            ecep:lem="hospitable"
            ecep:pos="j"
            ecep:reg="hospitable"
            ecep:spe="hospitable"
            ecep:syllab="4"
            ecep:pron="hɒsˈpɪtəbl">hospitable</w>
         <c> </c>
         <w xml:id="o3555-057530"
            n="44-a-0320"
            ecep:lem="board"
            ecep:pos="n1"
            ecep:reg="board"
            ecep:spe="board"
            ecep:syllab="1"
            ecep:pron="bɔːd">board</w>
      </l>
      <l xml:id="o3555-l03080">
         <c> </c>
         <w xml:id="o3555-057540"
            n="44-a-0330"
            ecep:lem="with"
            ecep:pos="p-acp"
            ecep:reg="With"
            ecep:spe="With"
            ecep:syllab="1"
            ecep:pron="wɪð">With</w>
         <c> </c>
         <w xml:id="o3555-057550"
            n="44-a-0340"
            ecep:lem="health"
            ecep:pos="n1"
            ecep:reg="health"
            ecep:spe="health"
            ecep:syllab="1"
            ecep:pron="helθ">health</w>
         <c> </c>
         <w xml:id="o3555-057560"
            n="44-a-0350"
            ecep:lem="and"
            ecep:pos="cc"
            ecep:reg="and"
            ecep:spe="and"
            ecep:syllab="1"
            ecep:pron="ænd">and</w>
         <c> </c>
         <w xml:id="o3555-057570"
            n="44-a-0360"
            ecep:lem="peace"
            ecep:pos="n1"
            ecep:reg="peace"
            ecep:spe="peace"
            ecep:syllab="1"
            ecep:pron="piːs">peace</w>
         <c> </c>
         <w xml:id="o3555-057580"
            n="44-a-0370"
            ecep:lem="be"
            ecep:pos="vbi"
            ecep:reg="be"
            ecep:spe="be"
            ecep:syllab="1"
            ecep:pron="biː">be</w>
         <c> </c>
         <w xml:id="o3555-057590"
            n="44-a-0380"
            ecep:lem="crown"
            ecep:pos="vvn"
            ecep:reg="crowned"
            ecep:spe="crown'd"
            ecep:syllab="1"
            ecep:pron="kraʊnd">crown'd</w>
         <pc xml:id="o3555-057600"
             n="44-a-0390"
             ecep:lem=";"
             ecep:pos=";"
             ecep:reg=";"
             ecep:spe=";">;</pc>
      </l>
      <l xml:id="o3555-l03085">
         <c> </c>
         <w xml:id="o3555-057610"
            n="44-a-0400"
            ecep:lem="and"
            ecep:pos="cc"
            ecep:reg="And"
            ecep:spe="And"
            ecep:syllab="1"
            ecep:pron="ænd">And</w>
         <c> </c>
         <w xml:id="o3555-057620"
            n="44-a-0410"
            ecep:lem="every"
            ecep:pos="d"
            ecep:reg="every"
            ecep:spe="every"
            ecep:syllab="2"
            ecep:pron="ˈevri">every</w>
         <c> </c>
         <w xml:id="o3555-057630"
            n="44-a-0420"
            ecep:lem="charm"
            ecep:pos="n1"
            ecep:reg="charm"
            ecep:spe="charm"
            ecep:syllab="1"
            ecep:pron="tʃɑːm">charm</w>
         <c> </c>
         <w xml:id="o3555-057640"
            n="44-a-0430"
            ecep:lem="of"
            ecep:pos="pp-f"
            ecep:reg="of"
            ecep:spe="of"
            ecep:syllab="1"
            ecep:pron="ɒv">of</w>
         <c> </c>
         <w xml:id="o3555-057650"
            n="44-a-0440"
            ecep:lem="heartfelt"
            ecep:pos="j"
            ecep:reg="heartfelt"
            ecep:spe="heartfelt"
            ecep:syllab="2"
            ecep:pron="ˈhɑːtfelt">heartfelt</w>
         <c> </c>
         <w xml:id="o3555-057660"
            n="44-a-0450"
            ecep:lem="ease"
            ecep:pos="n1"
            ecep:reg="ease"
            ecep:spe="ease"
            ecep:syllab="1"
            ecep:pron="iːz">ease</w>
      </l>
      <l xml:id="o3555-l03090">
         <c> </c>
         <w xml:id="o3555-057670"
            n="44-a-0460"
            ecep:lem="beneath"
            ecep:pos="p-acp"
            ecep:reg="Beneath"
            ecep:spe="Beneath"
            ecep:syllab="2"
            ecep:pron="bɪˈniːθ">Beneath</w>
         <c> </c>
         <w xml:id="o3555-057680"
            n="44-a-0470"
            ecep:lem="thy"
            ecep:pos="po21"
            ecep:reg="thy"
            ecep:spe="thy"
            ecep:syllab="1"
            ecep:pron="ðaɪ">thy</w>
         <c> </c>
         <w xml:id="o3555-057690"
            n="44-a-0480"
            ecep:lem="roof"
            ecep:pos="n1"
            ecep:reg="roof"
            ecep:spe="roof"
            ecep:syllab="1"
            ecep:pron="ruːf">roof</w>
         <c> </c>
         <w xml:id="o3555-057700"
            n="44-a-0490"
            ecep:lem="be"
            ecep:pos="vbi"
            ecep:reg="be"
            ecep:spe="be"
            ecep:syllab="1"
            ecep:pron="biː">be</w>
         <c> </c>
         <w xml:id="o3555-057710"
            n="44-a-0500"
            ecep:lem="find"
            ecep:pos="vvn"
            ecep:reg="found"
            ecep:spe="found"
            ecep:syllab="1"
            ecep:pron="faʊnd">found</w>
         <pc xml:id="o3555-057720"
             n="44-a-0510"
             unit="sentence"
             ecep:lem="."
             ecep:pos="."
             ecep:reg="."
             ecep:spe=".">.</pc>
         <c> </c>
      </l>
   </lg>
   <lg xml:id="o3555-s00260">
      <l xml:id="o3555-l03095">
         <w xml:id="o3555-057750"
            n="44-a-0520"
            ecep:lem="so"
            ecep:pos="av"
            ecep:reg="So"
            ecep:spe="So"
            ecep:syllab="1"
            ecep:pron="səʊ">So</w>
         <c> </c>
         <w xml:id="o3555-057760"
            n="44-a-0530"
            ecep:lem="when"
            ecep:pos="c-crq"
            ecep:reg="when"
            ecep:spe="when"
            ecep:syllab="1"
            ecep:pron="wen">when</w>
         <c> </c>
         <w xml:id="o3555-057770"
            n="44-a-0540"
            ecep:lem="unseen"
            ecep:pos="j"
            ecep:reg="unseen"
            ecep:spe="unseen"
            ecep:syllab="2"
            ecep:pron="ʌnˈsiːn">unseen</w>
         <c> </c>
         <w xml:id="o3555-057780"
            n="44-a-0550"
            ecep:lem="destruction"
            ecep:pos="n1"
            ecep:reg="destruction"
            ecep:spe="destruction"
            ecep:syllab="3"
            ecep:pron="dɪˈstrʌkʃn">destruction</w>
         <c> </c>
         <w xml:id="o3555-057790"
            n="44-a-0560"
            ecep:lem="lurk"
            ecep:pos="vvz"
            ecep:reg="lurks"
            ecep:spe="lurks"
            ecep:syllab="1"
            ecep:pron="lɜːks">lurks</w>
         <pc xml:id="o3555-057800"
             n="44-a-0570"
             ecep:lem=","
             ecep:pos=","
             ecep:reg=","
             ecep:spe=",">,</pc>
      </l>
      <l xml:id="o3555-l03100">
         <c> </c>
         <w xml:id="o3555-057810"
            n="44-a-0580"
            ecep:lem="which"
            ecep:pos="r-crq"
            ecep:reg="Which"
            ecep:spe="Which"
            ecep:syllab="1"
            ecep:pron="wɪtʃ">Which</w>
         <c> </c>
         <w xml:id="o3555-057820"
            n="44-a-0590"
            ecep:lem="man"
            ecep:pos="n2"
            ecep:reg="men"
            ecep:spe="men"
            ecep:syllab="1"
            ecep:pron="men">men</w>
         <c> </c>
         <w xml:id="o3555-057830"
            n="44-a-0600"
            ecep:lem="like"
            ecep:pos="av-j"
            ecep:reg="like"
            ecep:spe="like"
            ecep:syllab="1"
            ecep:pron="laɪk">like</w>
         <c> </c>
         <w xml:id="o3555-057840"
            n="44-a-0610"
            ecep:lem="mouse"
            ecep:pos="n2"
            ecep:reg="mice"
            ecep:spe="mice"
            ecep:syllab="1"
            ecep:pron="maɪs">mice</w>
         <c> </c>
         <w xml:id="o3555-057850"
            n="44-a-0620"
            ecep:lem="may"
            ecep:pos="vmb"
            ecep:reg="may"
            ecep:spe="may"
            ecep:syllab="1"
            ecep:pron="meɪ">may</w>
         <c> </c>
         <w xml:id="o3555-057860"
            n="44-a-0630"
            ecep:lem="share"
            ecep:pos="vvi"
            ecep:reg="share"
            ecep:spe="share"
            ecep:syllab="1"
            ecep:pron="ʃeə">share</w>
         <pc xml:id="o3555-057870"
             n="44-a-0640"
             ecep:lem=","
             ecep:pos=","
             ecep:reg=","
             ecep:spe=",">,</pc>
      </l>
      <l xml:id="o3555-l03105">
         <c> </c>
         <w xml:id="o3555-057880"
            n="44-a-0650"
            ecep:lem="may"
            ecep:pos="vmb"
            ecep:reg="May"
            ecep:spe="May"
            ecep:syllab="1"
            ecep:pron="meɪ">May</w>
         <c> </c>
         <w xml:id="o3555-057890"
            n="44-a-0660"
            ecep:lem="some"
            ecep:pos="d"
            ecep:reg="some"
            ecep:spe="some"
            ecep:syllab="1"
            ecep:pron="sʌm">some</w>
         <c> </c>
         <w xml:id="o3555-057900"
            n="44-a-0670"
            ecep:lem="kind"
            ecep:pos="j"
            ecep:reg="kind"
            ecep:spe="kind"
            ecep:syllab="1"
            ecep:pron="kaɪnd">kind</w>
         <c> </c>
         <w xml:id="o3555-057910"
            n="44-a-0680"
            ecep:lem="angel"
            ecep:pos="n1"
            ecep:reg="angel"
            ecep:spe="angel"
            ecep:syllab="2"
            ecep:pron="ˈeɪndʒl">angel</w>
         <c> </c>
         <w xml:id="o3555-057920"
            n="44-a-0690"
            ecep:lem="clear"
            ecep:pos="vvb"
            ecep:reg="clear"
            ecep:spe="clear"
            ecep:syllab="1"
            ecep:pron="klɪə">clear</w>
         <c> </c>
         <w xml:id="o3555-057930"
            n="44-a-0700"
            ecep:lem="thy"
            ecep:pos="po21"
            ecep:reg="thy"
            ecep:spe="thy"
            ecep:syllab="1"
            ecep:pron="ðaɪ">thy</w>
         <c> </c>
         <w xml:id="o3555-057940"
            n="44-a-0710"
            ecep:lem="path"
            ecep:pos="n1"
            ecep:reg="path"
            ecep:spe="path"
            ecep:syllab="1"
            ecep:pron="pɑːθ">path</w>
         <pc xml:id="o3555-057950"
             n="44-a-0720"
             ecep:lem=","
             ecep:pos=","
             ecep:reg=","
             ecep:spe=",">,</pc>
      </l>
      <l xml:id="o3555-l03110">
         <c> </c>
         <w xml:id="o3555-057960"
            n="44-a-0730"
            ecep:lem="and"
            ecep:pos="cc"
            ecep:reg="And"
            ecep:spe="And"
            ecep:syllab="1"
            ecep:pron="ænd">And</w>
         <c> </c>
         <w xml:id="o3555-057970"
            n="44-a-0740"
            ecep:lem="break"
            ecep:pos="vvi"
            ecep:reg="break"
            ecep:spe="break"
            ecep:syllab="1"
            ecep:pron="breɪk">break</w>
         <c> </c>
         <w xml:id="o3555-057980"
            n="44-a-0750"
            ecep:lem="the"
            ecep:pos="dt"
            ecep:reg="the"
            ecep:spe="the"
            ecep:syllab="1"
            ecep:pron="ðiː">the</w>
         <c> </c>
         <w xml:id="o3555-057990"
            n="44-a-0760"
            ecep:lem="hide"
            ecep:pos="j-vvn"
            ecep:reg="hidden"
            ecep:spe="hidden"
            ecep:syllab="2"
            ecep:pron="ˈhɪdn">hidden</w>
         <c> </c>
         <w xml:id="o3555-058000"
            n="44-a-0770"
            ecep:lem="snare"
            ecep:pos="n1"
            ecep:reg="snare"
            ecep:spe="snare"
            ecep:syllab="1"
            ecep:pron="sneə">snare</w>
         <pc xml:id="o3555-058010"
             n="44-a-0780"
             unit="sentence"
             ecep:lem="."
             ecep:pos="."
             ecep:reg="."
             ecep:spe=".">.</pc>
         <c> </c>
      </l>
   </lg>
</div>
