<?xml version="1.0" encoding="UTF-8"?>
<div xmlns:ecep="http://www.eighteenthcenturypoetry.org/ns"
     xmlns="http://www.tei-c.org/ns/1.0"
     xmlns:tei="http://www.tei-c.org/ns/1.0"
     ana="#iamb #tetrameter #trimeter #sestet #tail #song"
     corresp="#txt_CarmRe1790_w0030"
     decls="#semi-normalized"
     ecep:syllab="8.8.6.8.8.6"
     met="-+|-+|-+|-+/ -+|-+|-+|-+/ -+|-+|-+/ -+|-+|-+|-+/ -+|-+|-+|-+/ -+|-+|-+/"
     rendition="#lgvspace"
     rhyme="aabccb"
     subtype="eceptext"
     type="poem"
     xml:id="prc90-w0300">
   <link target="authors.xml#aut_CarmRe1790" type="author"/>
   <head type="main">
      <w xml:id="prc90-112360"
         n="prc90/0087-a-0010"
         ecep:lem="a"
         ecep:pos="dt"
         ecep:reg="A"
         ecep:spe="A"
         ecep:syllab="1"
         ecep:pron="ə">A</w>
      <c> </c>
      <w xml:id="prc90-112370"
         n="prc90/0087-a-0020"
         ecep:lem="song"
         ecep:pos="n1"
         ecep:reg="SONG"
         ecep:spe="SONG"
         ecep:syllab="1"
         ecep:pron="sɒŋ">SONG</w>
   </head>
   <lg xml:id="prc90-s00965">
      <l xml:id="prc90-l04450">
         <w xml:id="prc90-112400"
            n="prc90/0087-a-0030"
            ecep:lem="it"
            ecep:pos="pn31"
            ecep:reg="It"
            ecep:spe="It"
            ecep:syllab="1"
            ecep:pron="ɪt">It</w>
         <c> </c>
         <w xml:id="prc90-112410"
            n="prc90/0087-a-0040"
            ecep:lem="be"
            ecep:pos="vbds"
            ecep:reg="was"
            ecep:spe="was"
            ecep:syllab="1"
            ecep:pron="wɒz">was</w>
         <c> </c>
         <w xml:id="prc90-112420"
            n="prc90/0087-a-0050"
            ecep:lem="at"
            ecep:pos="p-acp"
            ecep:reg="at"
            ecep:spe="at"
            ecep:syllab="1"
            ecep:pron="æt">at</w>
         <c> </c>
         <w xml:id="prc90-112430"
            n="prc90/0087-a-0060"
            ecep:lem="night"
            ecep:pos="n1"
            ecep:reg="night"
            ecep:spe="night"
            ecep:syllab="1"
            ecep:pron="naɪt">night</w>
         <c> </c>
         <w xml:id="prc90-112440"
            n="prc90/0087-a-0070"
            ecep:lem="his"
            ecep:pos="po31"
            ecep:reg="his"
            ecep:spe="his"
            ecep:syllab="1"
            ecep:pron="hɪz">his</w>
         <c> </c>
         <w xml:id="prc90-112450"
            n="prc90/0087-a-0080"
            ecep:lem="form"
            ecep:pos="n1"
            ecep:reg="form"
            ecep:spe="form"
            ecep:syllab="1"
            ecep:pron="fɔːm">form</w>
         <c> </c>
         <w xml:id="prc90-112460"
            n="prc90/0087-a-0090"
            ecep:lem="divine"
            ecep:pos="j-jn"
            ecep:reg="divine"
            ecep:spe="divine"
            ecep:syllab="2"
            ecep:pron="dɪˈvaɪn">divine</w>
         <pc xml:id="prc90-112470"
             n="prc90/0087-a-0100"
             ecep:lem=","
             ecep:pos=","
             ecep:reg=","
             ecep:spe=",">,</pc>
      </l>
      <l xml:id="prc90-l04455">
         <c> </c>
         <w xml:id="prc90-112480"
            n="prc90/0087-a-0110"
            ecep:lem="do"
            ecep:pos="vdd"
            ecep:reg="Did"
            ecep:spe="Did"
            ecep:syllab="1"
            ecep:pron="dɪd">Did</w>
         <c> </c>
         <w xml:id="prc90-112490"
            n="prc90/0087-a-0120"
            ecep:lem="with"
            ecep:pos="p-acp"
            ecep:reg="with"
            ecep:spe="with"
            ecep:syllab="1"
            ecep:pron="wɪð">with</w>
         <c> </c>
         <w xml:id="prc90-112500"
            n="prc90/0087-a-0130"
            ecep:lem="transplendent"
            ecep:pos="j"
            ecep:reg="transplendent"
            ecep:spe="transplendent"
            ecep:syllab="3"
            ecep:pron="trænsplˈendənt">transplendent</w>
         <c> </c>
         <w xml:id="prc90-112510"
            n="prc90/0087-a-0140"
            ecep:lem="beauty"
            ecep:pos="n1"
            ecep:reg="beauty"
            ecep:spe="beauty"
            ecep:syllab="2"
            ecep:pron="ˈbjuːti">beauty</w>
         <c> </c>
         <w xml:id="prc90-112520"
            n="prc90/0087-a-0150"
            ecep:lem="shine"
            ecep:pos="vvi"
            ecep:reg="shine"
            ecep:spe="shine"
            ecep:syllab="1"
            ecep:pron="ʃaɪn">shine</w>
         <pc xml:id="prc90-112530"
             n="prc90/0087-a-0160"
             ecep:lem=","
             ecep:pos=","
             ecep:reg=","
             ecep:spe=",">,</pc>
      </l>
      <l xml:id="prc90-l04460">
         <c> </c>
         <w xml:id="prc90-112540"
            n="prc90/0087-a-0170"
            ecep:lem="and"
            ecep:pos="cc"
            ecep:reg="And"
            ecep:spe="And"
            ecep:syllab="1"
            ecep:pron="ænd">And</w>
         <c> </c>
         <w xml:id="prc90-112550"
            n="prc90/0087-a-0180"
            ecep:lem="win"
            ecep:pos="vvd"
            ecep:reg="won"
            ecep:spe="won"
            ecep:syllab="1"
            ecep:pron="wʌn">won</w>
         <c> </c>
         <w xml:id="prc90-112560"
            n="prc90/0087-a-0190"
            ecep:lem="my"
            ecep:pos="po11"
            ecep:reg="my"
            ecep:spe="my"
            ecep:syllab="1"
            ecep:pron="maɪ">my</w>
         <c> </c>
         <w xml:id="prc90-112570"
            n="prc90/0087-a-0200"
            ecep:lem="right"
            ecep:pos="j-jn"
            ecep:reg="right"
            ecep:spe="right"
            ecep:syllab="1"
            ecep:pron="raɪt">right</w>
         <c> </c>
         <w xml:id="prc90-112580"
            n="prc90/0087-a-0210"
            ecep:lem="good"
            ecep:pos="j"
            ecep:reg="good"
            ecep:spe="good"
            ecep:syllab="1"
            ecep:pron="gʊd">good</w>
         <c> </c>
         <w xml:id="prc90-112590"
            n="prc90/0087-a-0220"
            ecep:lem="will"
            ecep:pos="n1"
            ecep:reg="will"
            ecep:spe="will"
            ecep:syllab="1"
            ecep:pron="wɪl">will</w>
         <pc xml:id="prc90-112600"
             n="prc90/0087-a-0230"
             ecep:lem=";"
             ecep:pos=";"
             ecep:reg=";"
             ecep:spe=";">;</pc>
      </l>
      <l xml:id="prc90-l04465">
         <c> </c>
         <w xml:id="prc90-112610"
            n="prc90/0087-a-0240"
            ecep:lem="the"
            ecep:pos="dt"
            ecep:reg="The"
            ecep:spe="The"
            ecep:syllab="1"
            ecep:pron="ðiː">The</w>
         <c> </c>
         <w xml:id="prc90-112620"
            n="prc90/0087-a-0250"
            ecep:lem="moon"
            ecep:pos="n1"
            ecep:reg="moon"
            ecep:spe="moon"
            ecep:syllab="1"
            ecep:pron="muːn">moon</w>
         <c> </c>
         <w xml:id="prc90-112630"
            n="prc90/0087-a-0260"
            ecep:lem="do"
            ecep:pos="vdd"
            ecep:reg="did"
            ecep:spe="did"
            ecep:syllab="1"
            ecep:pron="dɪd">did</w>
         <c> </c>
         <w xml:id="prc90-112640"
            n="prc90/0087-a-0270"
            ecep:lem="cast"
            ecep:pos="vvi"
            ecep:reg="cast"
            ecep:spe="cast"
            ecep:syllab="1"
            ecep:pron="kɑːst">cast</w>
         <c> </c>
         <w xml:id="prc90-112650"
            n="prc90/0087-a-0280"
            ecep:lem="a"
            ecep:pos="dt"
            ecep:reg="a"
            ecep:spe="a"
            ecep:syllab="1"
            ecep:pron="ə">a</w>
         <c> </c>
         <w xml:id="prc90-112660"
            n="prc90/0087-a-0290"
            ecep:lem="please"
            ecep:pos="j-vvg"
            ecep:reg="pleasing"
            ecep:spe="pleasing"
            ecep:syllab="2"
            ecep:pron="pliːzɪŋ">pleasing</w>
         <c> </c>
         <w xml:id="prc90-112670"
            n="prc90/0087-a-0300"
            ecep:lem="ray"
            ecep:pos="n1"
            ecep:reg="ray"
            ecep:spe="ray"
            ecep:syllab="1"
            ecep:pron="reɪ">ray</w>
         <pc xml:id="prc90-112680"
             n="prc90/0087-a-0310"
             ecep:lem=","
             ecep:pos=","
             ecep:reg=","
             ecep:spe=",">,</pc>
      </l>
      <l xml:id="prc90-l04470">
         <c> </c>
         <w xml:id="prc90-112690"
            n="prc90/0087-a-0320"
            ecep:lem="we"
            ecep:pos="pns12"
            ecep:reg="We"
            ecep:spe="We"
            ecep:syllab="1"
            ecep:pron="wiː">We</w>
         <c> </c>
         <w xml:id="prc90-112700"
            n="prc90/0087-a-0330"
            ecep:lem="think"
            ecep:pos="vvd"
            ecep:reg="thought"
            ecep:spe="thought"
            ecep:syllab="1"
            ecep:pron="θɔːt">thought</w>
         <c> </c>
         <w xml:id="prc90-112710"
            n="prc90/0087-a-0340"
            ecep:lem="it"
            ecep:pos="pn31"
            ecep:reg="it"
            ecep:spe="it"
            ecep:syllab="1"
            ecep:pron="ɪt">it</w>
         <c> </c>
         <w xml:id="prc90-112720"
            n="prc90/0087-a-0350"
            ecep:lem="sweet"
            ecep:pos="jc"
            ecep:reg="sweeter"
            ecep:spe="sweeter"
            ecep:syllab="2"
            ecep:pron="swiːtə">sweeter</w>
         <c> </c>
         <w xml:id="prc90-112730"
            n="prc90/0087-a-0360"
            ecep:lem="than"
            ecep:pos="cs"
            ecep:reg="than"
            ecep:spe="than"
            ecep:syllab="1"
            ecep:pron="ðæn">than</w>
         <c> </c>
         <w xml:id="prc90-112740"
            n="prc90/0087-a-0370"
            ecep:lem="the"
            ecep:pos="dt"
            ecep:reg="the"
            ecep:spe="the"
            ecep:syllab="1"
            ecep:pron="ðiː">the</w>
         <c> </c>
         <w xml:id="prc90-112750"
            n="prc90/0087-a-0380"
            ecep:lem="day"
            ecep:pos="n1"
            ecep:reg="day"
            ecep:spe="day"
            ecep:syllab="1"
            ecep:pron="deɪ">day</w>
         <pc xml:id="prc90-112760"
             n="prc90/0087-a-0390"
             ecep:lem=","
             ecep:pos=","
             ecep:reg=","
             ecep:spe=",">,</pc>
      </l>
      <l xml:id="prc90-l04475">
         <c> </c>
         <w xml:id="prc90-112770"
            n="prc90/0087-a-0400"
            ecep:lem="and"
            ecep:pos="cc"
            ecep:reg="And"
            ecep:spe="And"
            ecep:syllab="1"
            ecep:pron="ænd">And</w>
         <c> </c>
         <w xml:id="prc90-112780"
            n="prc90/0087-a-0410"
            ecep:lem="wander"
            ecep:pos="vvd"
            ecep:reg="wandered"
            ecep:spe="wander'd"
            ecep:syllab="2"
            ecep:pron="ˈwɒndəd">wander'd</w>
         <c> </c>
         <w xml:id="prc90-112790"
            n="prc90/0087-a-0420"
            ecep:lem="to"
            ecep:pos="p-acp"
            ecep:reg="to"
            ecep:spe="to"
            ecep:syllab="1"
            ecep:pron="tuː">to</w>
         <c> </c>
         <w xml:id="prc90-112800"
            n="prc90/0087-a-0430"
            ecep:lem="the"
            ecep:pos="dt"
            ecep:reg="the"
            ecep:spe="the"
            ecep:syllab="1"
            ecep:pron="ðiː">the</w>
         <c> </c>
         <w xml:id="prc90-112810"
            n="prc90/0087-a-0440"
            ecep:lem="hill"
            ecep:pos="n1"
            ecep:reg="hill"
            ecep:spe="hill"
            ecep:syllab="1"
            ecep:pron="hɪl">hill</w>
         <pc xml:id="prc90-112820"
             n="prc90/0087-a-0450"
             unit="sentence"
             ecep:lem="."
             ecep:pos="."
             ecep:reg="."
             ecep:spe=".">.</pc>
         <c> </c>
      </l>
   </lg>
   <lg xml:id="prc90-s00970">
      <l xml:id="prc90-l04480">
         <w xml:id="prc90-112850"
            n="prc90/0087-a-0460"
            ecep:lem="we"
            ecep:pos="pns12"
            ecep:reg="We"
            ecep:spe="We"
            ecep:syllab="1"
            ecep:pron="wiː">We</w>
         <c> </c>
         <w xml:id="prc90-112860"
            n="prc90/0087-a-0470"
            ecep:lem="seem"
            ecep:pos="vvd"
            ecep:reg="seemed"
            ecep:spe="seem'd"
            ecep:syllab="1"
            ecep:pron="ˈsiːmd">seem'd</w>
         <c> </c>
         <w xml:id="prc90-112870"
            n="prc90/0087-a-0480"
            ecep:lem="to"
            ecep:pos="pc-acp"
            ecep:reg="to"
            ecep:spe="to"
            ecep:syllab="1"
            ecep:pron="tuː">to</w>
         <c> </c>
         <w xml:id="prc90-112880"
            n="prc90/0087-a-0490"
            ecep:lem="tread"
            ecep:pos="vvi"
            ecep:reg="tread"
            ecep:spe="tread"
            ecep:syllab="1"
            ecep:pron="tred">tread</w>
         <c> </c>
         <w xml:id="prc90-112890"
            n="prc90/0087-a-0500"
            ecep:lem="enchant"
            ecep:pos="j-vvn"
            ecep:reg="enchanted"
            ecep:spe="enchanted"
            ecep:syllab="3"
            ecep:pron="ɪnˈtʃɑːntɪd">enchanted</w>
         <c> </c>
         <w xml:id="prc90-112900"
            n="prc90/0087-a-0510"
            ecep:lem="ground"
            ecep:pos="n1"
            ecep:reg="ground"
            ecep:spe="ground"
            ecep:syllab="1"
            ecep:pron="graʊnd">ground</w>
         <pc xml:id="prc90-112910"
             n="prc90/0087-a-0520"
             ecep:lem=","
             ecep:pos=","
             ecep:reg=","
             ecep:spe=",">,</pc>
      </l>
      <l xml:id="prc90-l04485">
         <c> </c>
         <w xml:id="prc90-112920"
            n="prc90/0087-a-0530"
            ecep:lem="where"
            ecep:pos="q-crq"
            ecep:reg="Where"
            ecep:spe="Where"
            ecep:syllab="1"
            ecep:pron="weə">Where</w>
         <c> </c>
         <w xml:id="prc90-112930"
            n="prc90/0087-a-0540"
            ecep:lem="fairy"
            ecep:pos="n2"
            ecep:reg="fairies"
            ecep:spe="fairies"
            ecep:syllab="2"
            ecep:pron="ˈfeəriz">fairies</w>
         <c> </c>
         <w xml:id="prc90-112940"
            n="prc90/0087-a-0550"
            ecep:lem="keep"
            ecep:pos="vvb"
            ecep:reg="keep"
            ecep:spe="keep"
            ecep:syllab="1"
            ecep:pron="kiːp">keep</w>
         <c> </c>
         <w xml:id="prc90-112950"
            n="prc90/0087-a-0560"
            ecep:lem="their"
            ecep:pos="po32"
            ecep:reg="their"
            ecep:spe="their"
            ecep:syllab="1"
            ecep:pron="ðeə">their</w>
         <c> </c>
         <w xml:id="prc90-112960"
            n="prc90/0087-a-0570"
            ecep:lem="midnight"
            ecep:pos="n1"
            ecep:reg="midnight"
            ecep:spe="midnight"
            ecep:syllab="2"
            ecep:pron="ˈmɪdnaɪt">midnight</w>
         <c> </c>
         <w xml:id="prc90-112970"
            n="prc90/0087-a-0580"
            ecep:lem="round"
            ecep:pos="av-j"
            ecep:reg="round"
            ecep:spe="round"
            ecep:syllab="1"
            ecep:pron="raʊnd">round</w>
         <pc xml:id="prc90-112980"
             n="prc90/0087-a-0590"
             ecep:lem=","
             ecep:pos=","
             ecep:reg=","
             ecep:spe=",">,</pc>
      </l>
      <l xml:id="prc90-l04490">
         <c> </c>
         <w xml:id="prc90-112990"
            n="prc90/0087-a-0600"
            ecep:lem="as"
            ecep:pos="c-acp"
            ecep:reg="As"
            ecep:spe="As"
            ecep:syllab="1"
            ecep:pron="æz">As</w>
         <c> </c>
         <w xml:id="prc90-113000"
            n="prc90/0087-a-0610"
            ecep:lem="i"
            ecep:pos="pns11"
            ecep:reg="I"
            ecep:spe="I"
            ecep:syllab="1"
            ecep:pron="aɪ">I</w>
         <c> </c>
         <w xml:id="prc90-113010"
            n="prc90/0087-a-0620"
            ecep:lem="have"
            ecep:pos="vhb"
            ecep:reg="have"
            ecep:spe="have"
            ecep:syllab="1"
            ecep:pron="hæv">have</w>
         <c> </c>
         <w xml:id="prc90-113020"
            n="prc90/0087-a-0630"
            ecep:lem="oft"
            ecep:pos="av"
            ecep:reg="oft"
            ecep:spe="oft"
            ecep:syllab="1"
            ecep:pron="ɒft">oft</w>
         <c> </c>
         <w xml:id="prc90-113030"
            n="prc90/0087-a-0640"
            ecep:lem="be"
            ecep:pos="vbn"
            ecep:reg="been"
            ecep:spe="been"
            ecep:syllab="1"
            ecep:pron="biːn">been</w>
         <c> </c>
         <w xml:id="prc90-113040"
            n="prc90/0087-a-0650"
            ecep:lem="tell"
            ecep:pos="vvn"
            ecep:reg="told"
            ecep:spe="told"
            ecep:syllab="1"
            ecep:pron="təʊld">told</w>
         <pc xml:id="prc90-113050"
             n="prc90/0087-a-0660"
             ecep:lem=";"
             ecep:pos=";"
             ecep:reg=";"
             ecep:spe=";">;</pc>
      </l>
      <l xml:id="prc90-l04495">
         <c> </c>
         <w xml:id="prc90-113060"
            n="prc90/0087-a-0670"
            ecep:lem="we"
            ecep:pos="pns12"
            ecep:reg="We"
            ecep:spe="We"
            ecep:syllab="1"
            ecep:pron="wiː">We</w>
         <c> </c>
         <w xml:id="prc90-113070"
            n="prc90/0087-a-0680"
            ecep:lem="set"
            ecep:pos="vvb"
            ecep:reg="set"
            ecep:spe="set"
            ecep:syllab="1"
            ecep:pron="set">set</w>
         <c> </c>
         <w xml:id="prc90-113080"
            n="prc90/0087-a-0690"
            ecep:lem="we"
            ecep:pos="pno12"
            ecep:reg="us"
            ecep:spe="us"
            ecep:syllab="1"
            ecep:pron="ʌs">us</w>
         <c> </c>
         <w xml:id="prc90-113090"
            n="prc90/0087-a-0700"
            ecep:lem="down"
            ecep:pos="a-acp"
            ecep:reg="down"
            ecep:spe="down"
            ecep:syllab="1"
            ecep:pron="daʊn">down</w>
         <c> </c>
         <w xml:id="prc90-113100"
            n="prc90/0087-a-0710"
            ecep:lem="upon"
            ecep:pos="p-acp"
            ecep:reg="upon"
            ecep:spe="upon"
            ecep:syllab="2"
            ecep:pron="əˈpɒn">upon</w>
         <c> </c>
         <w xml:id="prc90-113110"
            n="prc90/0087-a-0720"
            ecep:lem="a"
            ecep:pos="dt"
            ecep:reg="a"
            ecep:spe="a"
            ecep:syllab="1"
            ecep:pron="ə">a</w>
         <c> </c>
         <w xml:id="prc90-113120"
            n="prc90/0087-a-0730"
            ecep:lem="rock"
            ecep:pos="n1"
            ecep:reg="rock"
            ecep:spe="rock"
            ecep:syllab="1"
            ecep:pron="rɒk">rock</w>
         <pc xml:id="prc90-113130"
             n="prc90/0087-a-0740"
             ecep:lem=","
             ecep:pos=","
             ecep:reg=","
             ecep:spe=",">,</pc>
      </l>
      <l xml:id="prc90-l04500">
         <c> </c>
         <w xml:id="prc90-113140"
            n="prc90/0087-a-0750"
            ecep:lem="where"
            ecep:pos="q-crq"
            ecep:reg="Where"
            ecep:spe="Where"
            ecep:syllab="1"
            ecep:pron="weə">Where</w>
         <c> </c>
         <w xml:id="prc90-113150"
            n="prc90/0087-a-0760"
            ecep:lem="shepherd"
            ecep:pos="n2"
            ecep:reg="shepherd's"
            ecep:spe="shepherds"
            ecep:syllab="2"
            ecep:pron="ˈʃepədz">shepherds</w>
         <c> </c>
         <w xml:id="prc90-113160"
            n="prc90/0087-a-0770"
            ecep:lem="use"
            ecep:pos="vvd"
            ecep:reg="used"
            ecep:spe="us'd"
            ecep:syllab="1"
            ecep:pron="juːzd">us'd</w>
         <c> </c>
         <w xml:id="prc90-113170"
            n="prc90/0087-a-0780"
            ecep:lem="to"
            ecep:pos="pc-acp"
            ecep:reg="to"
            ecep:spe="to"
            ecep:syllab="1"
            ecep:pron="tuː">to</w>
         <c> </c>
         <w xml:id="prc90-113180"
            n="prc90/0087-a-0790"
            ecep:lem="feed"
            ecep:pos="vvi"
            ecep:reg="feed"
            ecep:spe="feed"
            ecep:syllab="1"
            ecep:pron="fiːd">feed</w>
         <c> </c>
         <w xml:id="prc90-113190"
            n="prc90/0087-a-0800"
            ecep:lem="their"
            ecep:pos="po32"
            ecep:reg="their"
            ecep:spe="their"
            ecep:syllab="1"
            ecep:pron="ðeə">their</w>
         <c> </c>
         <w xml:id="prc90-113200"
            n="prc90/0087-a-0810"
            ecep:lem="flock"
            ecep:pos="n1"
            ecep:reg="flock"
            ecep:spe="flock"
            ecep:syllab="1"
            ecep:pron="flɒk">flock</w>
         <pc xml:id="prc90-113210"
             n="prc90/0087-a-0820"
             ecep:lem=","
             ecep:pos=","
             ecep:reg=","
             ecep:spe=",">,</pc>
      </l>
      <l xml:id="prc90-l04505">
         <c> </c>
         <w xml:id="prc90-113220"
            n="prc90/0087-a-0830"
            ecep:lem="in"
            ecep:pos="p-acp"
            ecep:reg="In"
            ecep:spe="In"
            ecep:syllab="1"
            ecep:pron="ɪn">In</w>
         <c> </c>
         <w xml:id="prc90-113230"
            n="prc90/0087-a-0840"
            ecep:lem="golden"
            ecep:pos="j"
            ecep:reg="golden"
            ecep:spe="golden"
            ecep:syllab="2"
            ecep:pron="ˈgəʊldn">golden</w>
         <c> </c>
         <w xml:id="prc90-113240"
            n="prc90/0087-a-0850"
            ecep:lem="day"
            ecep:pos="n2"
            ecep:reg="days"
            ecep:spe="days"
            ecep:syllab="1"
            ecep:pron="deɪz">days</w>
         <c> </c>
         <w xml:id="prc90-113250"
            n="prc90/0087-a-0860"
            ecep:lem="of"
            ecep:pos="pp-f"
            ecep:reg="of"
            ecep:spe="of"
            ecep:syllab="1"
            ecep:pron="ɒv">of</w>
         <c> </c>
         <w xml:id="prc90-113260"
            n="prc90/0087-a-0870"
            ecep:lem="old"
            ecep:pos="j"
            ecep:reg="old"
            ecep:spe="old"
            ecep:syllab="1"
            ecep:pron="əʊld">old</w>
         <pc xml:id="prc90-113270"
             n="prc90/0087-a-0880"
             unit="sentence"
             ecep:lem="."
             ecep:pos="."
             ecep:reg="."
             ecep:spe=".">.</pc>
         <c> </c>
      </l>
   </lg>
   <lg xml:id="prc90-s00975">
      <l xml:id="prc90-l04510">
         <w xml:id="prc90-113300"
            n="prc90/0087-a-0890"
            ecep:lem="my"
            ecep:pos="po11"
            ecep:reg="My"
            ecep:spe="My"
            ecep:syllab="1"
            ecep:pron="maɪ">My</w>
         <c> </c>
         <w xml:id="prc90-113310"
            n="prc90/0087-a-0900"
            ecep:lem="bosom"
            ecep:pos="n1"
            ecep:reg="bosom"
            ecep:spe="bosom"
            ecep:syllab="2"
            ecep:pron="ˈbʊzm">bosom</w>
         <c> </c>
         <w xml:id="prc90-113320"
            n="prc90/0087-a-0910"
            ecep:lem="thril"
            ecep:pos="vvn"
            ecep:reg="thrilled"
            ecep:spe="thrill'd"
            ecep:syllab="1"
            ecep:pron="θrɪld">thrill'd</w>
         <c> </c>
         <w xml:id="prc90-113330"
            n="prc90/0087-a-0920"
            ecep:lem="with"
            ecep:pos="p-acp"
            ecep:reg="with"
            ecep:spe="with"
            ecep:syllab="1"
            ecep:pron="wɪð">with</w>
         <c> </c>
         <w xml:id="prc90-113340"
            n="prc90/0087-a-0930"
            ecep:lem="please"
            ecep:pos="j-vvg"
            ecep:reg="pleasing"
            ecep:spe="pleasing"
            ecep:syllab="2"
            ecep:pron="pliːzɪŋ">pleasing</w>
         <c> </c>
         <w xml:id="prc90-113350"
            n="prc90/0087-a-0940"
            ecep:lem="pain"
            ecep:pos="n1"
            ecep:reg="pain"
            ecep:spe="pain"
            ecep:syllab="1"
            ecep:pron="peɪn">pain</w>
         <pc xml:id="prc90-113360"
             n="prc90/0087-a-0950"
             ecep:lem=","
             ecep:pos=","
             ecep:reg=","
             ecep:spe=",">,</pc>
      </l>
      <l xml:id="prc90-l04515">
         <c> </c>
         <w xml:id="prc90-113370"
            n="prc90/0087-a-0960"
            ecep:lem="he"
            ecep:pos="pns31"
            ecep:reg="He"
            ecep:spe="He"
            ecep:syllab="1"
            ecep:pron="hiː">He</w>
         <c> </c>
         <w xml:id="prc90-113380"
            n="prc90/0087-a-0970"
            ecep:lem="look"
            ecep:pos="vvd"
            ecep:reg="looked"
            ecep:spe="look'd"
            ecep:syllab="1"
            ecep:pron="lʊkt">look'd</w>
         <c> </c>
         <w xml:id="prc90-113390"
            n="prc90/0087-a-0980"
            ecep:lem="so"
            ecep:pos="av"
            ecep:reg="so"
            ecep:spe="so"
            ecep:syllab="1"
            ecep:pron="səʊ">so</w>
         <c> </c>
         <w xml:id="prc90-113400"
            n="prc90/0087-a-0990"
            ecep:lem="like"
            ecep:pos="av-j"
            ecep:reg="like"
            ecep:spe="like"
            ecep:syllab="1"
            ecep:pron="laɪk">like</w>
         <c> </c>
         <w xml:id="prc90-113410"
            n="prc90/0087-a-1000"
            ecep:lem="that"
            ecep:pos="cst"
            ecep:reg="that"
            ecep:spe="that"
            ecep:syllab="1"
            ecep:pron="ðæt">that</w>
         <c> </c>
         <w xml:id="prc90-113420"
            n="prc90/0087-a-1010"
            ecep:lem="handsome"
            ecep:pos="j"
            ecep:reg="handsome"
            ecep:spe="handsome"
            ecep:syllab="2"
            ecep:pron="ˈhænsəm">handsome</w>
         <c> </c>
         <w xml:id="prc90-113430"
            n="prc90/0087-a-1020"
            ecep:lem="swain"
            ecep:pos="n1"
            ecep:reg="swain"
            ecep:spe="swain"
            ecep:syllab="1"
            ecep:pron="sweɪn">swain</w>
         <pc xml:id="prc90-113440"
             n="prc90/0087-a-1030"
             ecep:lem=","
             ecep:pos=","
             ecep:reg=","
             ecep:spe=",">,</pc>
      </l>
      <l xml:id="prc90-l04520">
         <c> </c>
         <w xml:id="prc90-113450"
            n="prc90/0087-a-1040"
            ecep:lem="who"
            ecep:pos="q-crq"
            ecep:reg="Who"
            ecep:spe="Who"
            ecep:syllab="1"
            ecep:pron="huː">Who</w>
         <c> </c>
         <w xml:id="prc90-113460"
            n="prc90/0087-a-1050"
            ecep:lem="charm"
            ecep:pos="vvd"
            ecep:reg="charmed"
            ecep:spe="charm'd"
            ecep:syllab="1"
            ecep:pron="tʃɑːmd">charm'd</w>
         <c> </c>
         <w xml:id="prc90-113470"
            n="prc90/0087-a-1060"
            ecep:lem="the"
            ecep:pos="dt"
            ecep:reg="the"
            ecep:spe="the"
            ecep:syllab="1"
            ecep:pron="ðiː">the</w>
         <c> </c>
         <w xml:id="prc90-113480"
            n="prc90/0087-a-1070"
            ecep:lem="grecian"
            ecep:pos="jp"
            ecep:reg="Graecian"
            ecep:spe="Grecian"
            ecep:syllab="2"
            ecep:pron="grˈeʃiən">Grecian</w>
         <c> </c>
         <w xml:id="prc90-113490"
            n="prc90/0087-a-1080"
            ecep:lem="fair"
            ecep:pos="n1"
            ecep:reg="fair"
            ecep:spe="fair"
            ecep:syllab="1"
            ecep:pron="feə">fair</w>
         <pc xml:id="prc90-113500"
             n="prc90/0087-a-1090"
             ecep:lem=";"
             ecep:pos=";"
             ecep:reg=";"
             ecep:spe=";">;</pc>
      </l>
      <l xml:id="prc90-l04525">
         <c> </c>
         <w xml:id="prc90-113510"
            n="prc90/0087-a-1100"
            ecep:lem="i"
            ecep:pos="pns11"
            ecep:reg="I"
            ecep:spe="I"
            ecep:syllab="1"
            ecep:pron="aɪ">I</w>
         <c> </c>
         <w xml:id="prc90-113520"
            n="prc90/0087-a-1110"
            ecep:lem="swear"
            ecep:pos="vvd"
            ecep:reg="swore"
            ecep:spe="swore"
            ecep:syllab="1"
            ecep:pron="swɔː">swore</w>
         <c> </c>
         <w xml:id="prc90-113530"
            n="prc90/0087-a-1120"
            ecep:lem="by"
            ecep:pos="p-acp"
            ecep:reg="by"
            ecep:spe="by"
            ecep:syllab="1"
            ecep:pron="baɪ">by</w>
         <c> </c>
         <w xml:id="prc90-113540"
            n="prc90/0087-a-1130"
            ecep:lem="all"
            ecep:pos="d"
            ecep:reg="all"
            ecep:spe="all"
            ecep:syllab="1"
            ecep:pron="ɔːl">all</w>
         <c> </c>
         <w xml:id="prc90-113550"
            n="prc90/0087-a-1140"
            ecep:lem="yond"
            ecep:pos="d"
            ecep:reg="yonder"
            ecep:spe="yon"
            ecep:syllab="1"
            ecep:pron="jɒn">yon</w>
         <c> </c>
         <w xml:id="prc90-113560"
            n="prc90/0087-a-1150"
            ecep:lem="light"
            ecep:pos="n2"
            ecep:reg="lights"
            ecep:spe="lights"
            ecep:syllab="1"
            ecep:pron="laɪts">lights</w>
         <c> </c>
         <w xml:id="prc90-113570"
            n="prc90/0087-a-1160"
            ecep:lem="above"
            ecep:pos="a-acp"
            ecep:reg="above"
            ecep:spe="above"
            ecep:syllab="2"
            ecep:pron="əˈbʌv">above</w>
         <pc xml:id="prc90-113580"
             n="prc90/0087-a-1170"
             ecep:lem=","
             ecep:pos=","
             ecep:reg=","
             ecep:spe=",">,</pc>
      </l>
      <l xml:id="prc90-l04530">
         <c> </c>
         <w xml:id="prc90-113590"
            n="prc90/0087-a-1180"
            ecep:lem="my"
            ecep:pos="po11"
            ecep:reg="My"
            ecep:spe="My"
            ecep:syllab="1"
            ecep:pron="maɪ">My</w>
         <c> </c>
         <w xml:id="prc90-113600"
            n="prc90/0087-a-1190"
            ecep:lem="heart"
            ecep:pos="n1"
            ecep:reg="heart"
            ecep:spe="heart"
            ecep:syllab="1"
            ecep:pron="hɑːt">heart</w>
         <pc xml:id="prc90-113610"
             n="prc90/0087-a-1200"
             ecep:lem=","
             ecep:pos=","
             ecep:reg=","
             ecep:spe=",">,</pc>
         <c> </c>
         <w xml:id="prc90-113620"
            n="prc90/0087-a-1210"
            ecep:lem="till"
            ecep:pos="c-acp"
            ecep:reg="till"
            ecep:spe="till"
            ecep:syllab="1"
            ecep:pron="tɪl">till</w>
         <c> </c>
         <w xml:id="prc90-113630"
            n="prc90/0087-a-1220"
            ecep:lem="then"
            ecep:pos="av"
            ecep:reg="then"
            ecep:spe="then"
            ecep:syllab="1"
            ecep:pron="ðen">then</w>
         <c> </c>
         <w xml:id="prc90-113640"
            n="prc90/0087-a-1230"
            ecep:lem="a"
            ecep:pos="dt"
            ecep:reg="a"
            ecep:spe="a"
            ecep:syllab="1"
            ecep:pron="ə">a</w>
         <c> </c>
         <w xml:id="prc90-113650"
            n="prc90/0087-a-1240"
            ecep:lem="foe"
            ecep:pos="n1"
            ecep:reg="foe"
            ecep:spe="foe"
            ecep:syllab="1"
            ecep:pron="fəʊ">foe</w>
         <c> </c>
         <w xml:id="prc90-113660"
            n="prc90/0087-a-1250"
            ecep:lem="to"
            ecep:pos="pc-acp"
            ecep:reg="to"
            ecep:spe="to"
            ecep:syllab="1"
            ecep:pron="tuː">to</w>
         <c> </c>
         <w xml:id="prc90-113670"
            n="prc90/0087-a-1260"
            ecep:lem="love"
            ecep:pos="vvi"
            ecep:reg="love"
            ecep:spe="love"
            ecep:syllab="1"
            ecep:pron="lʌv">love</w>
         <pc xml:id="prc90-113680"
             n="prc90/0087-a-1270"
             ecep:lem=","
             ecep:pos=","
             ecep:reg=","
             ecep:spe=",">,</pc>
      </l>
      <l xml:id="prc90-l04535">
         <c> </c>
         <w xml:id="prc90-113690"
            n="prc90/0087-a-1280"
            ecep:lem="do"
            ecep:pos="vdd"
            ecep:reg="Did"
            ecep:spe="Did"
            ecep:syllab="1"
            ecep:pron="dɪd">Did</w>
         <c> </c>
         <w xml:id="prc90-113700"
            n="prc90/0087-a-1290"
            ecep:lem="yield"
            ecep:pos="vvi"
            ecep:reg="yield"
            ecep:spe="yield"
            ecep:syllab="1"
            ecep:pron="jiːld">yield</w>
         <c> </c>
         <w xml:id="prc90-113710"
            n="prc90/0087-a-1300"
            ecep:lem="like"
            ecep:pos="av-j"
            ecep:reg="like"
            ecep:spe="like"
            ecep:syllab="1"
            ecep:pron="laɪk">like</w>
         <c> </c>
         <w xml:id="prc90-113720"
            n="prc90/0087-a-1310"
            ecep:lem="easy"
            ecep:pos="j"
            ecep:reg="easy"
            ecep:spe="easy"
            ecep:syllab="2"
            ecep:pron="ˈiːzi">easy</w>
         <c> </c>
         <w xml:id="prc90-113730"
            n="prc90/0087-a-1320"
            ecep:lem="air"
            ecep:pos="n1"
            ecep:reg="air"
            ecep:spe="air"
            ecep:syllab="1"
            ecep:pron="eə">air</w>
         <pc xml:id="prc90-113740"
             n="prc90/0087-a-1330"
             unit="sentence"
             ecep:lem="."
             ecep:pos="."
             ecep:reg="."
             ecep:spe=".">.</pc>
         <c> </c>
      </l>
      <pb facs="prc90/0088" n="70" rend="none"/>
   </lg>
   <lg xml:id="prc90-s00980">
      <l xml:id="prc90-l04540">
         <w xml:id="prc90-113770"
            n="prc90/0088-a-0010"
            ecep:lem="with"
            ecep:pos="p-acp"
            ecep:reg="With"
            ecep:spe="With"
            ecep:syllab="1"
            ecep:pron="wɪð">With</w>
         <c> </c>
         <w xml:id="prc90-113780"
            n="prc90/0088-a-0020"
            ecep:lem="envy"
            ecep:pos="n1"
            ecep:reg="envy"
            ecep:spe="envy"
            ecep:syllab="2"
            ecep:pron="ˈenvi">envy</w>
         <c> </c>
         <w xml:id="prc90-113790"
            n="prc90/0088-a-0030"
            ecep:lem="all"
            ecep:pos="d"
            ecep:reg="all"
            ecep:spe="all"
            ecep:syllab="1"
            ecep:pron="ɔːl">all</w>
         <c> </c>
         <w xml:id="prc90-113800"
            n="prc90/0088-a-0040"
            ecep:lem="condemn"
            ecep:pos="vvi"
            ecep:reg="condemn"
            ecep:spe="condemn"
            ecep:syllab="2"
            ecep:pron="kənˈdem">condemn</w>
         <c> </c>
         <w xml:id="prc90-113810"
            n="prc90/0088-a-0050"
            ecep:lem="my"
            ecep:pos="po11"
            ecep:reg="my"
            ecep:spe="my"
            ecep:syllab="1"
            ecep:pron="maɪ">my</w>
         <c> </c>
         <w xml:id="prc90-113820"
            n="prc90/0088-a-0060"
            ecep:lem="flame"
            ecep:pos="n1"
            ecep:reg="flame"
            ecep:spe="flame"
            ecep:syllab="1"
            ecep:pron="fleɪm">flame</w>
         <pc xml:id="prc90-113830"
             n="prc90/0088-a-0070"
             ecep:lem=","
             ecep:pos=","
             ecep:reg=","
             ecep:spe=",">,</pc>
      </l>
      <l xml:id="prc90-l04545">
         <c> </c>
         <w xml:id="prc90-113840"
            n="prc90/0088-a-0080"
            ecep:lem="and"
            ecep:pos="cc"
            ecep:reg="And"
            ecep:spe="And"
            ecep:syllab="1"
            ecep:pron="ænd">And</w>
         <c> </c>
         <w xml:id="prc90-113850"
            n="prc90/0088-a-0090"
            ecep:lem="prudence"
            ecep:pos="n1"
            ecep:reg="Prudence"
            ecep:spe="Prudence"
            ecep:syllab="2"
            ecep:pron="ˈpruːdns">Prudence</w>
         <c> </c>
         <w xml:id="prc90-113860"
            n="prc90/0088-a-0100"
            ecep:lem="say"
            ecep:pos="vvz"
            ecep:reg="says"
            ecep:spe="says"
            ecep:syllab="1"
            ecep:pron="sez">says</w>
         <c> </c>
         <w xml:id="prc90-113870"
            n="prc90/0088-a-0110"
            ecep:lem="i"
            ecep:pos="pns11"
            ecep:reg="I"
            ecep:spe="I"
            ecep:syllab="1"
            ecep:pron="aɪ">I</w>
         <c> </c>
         <w xml:id="prc90-113880"
            n="prc90/0088-a-0120"
            ecep:lem="be"
            ecep:pos="vbm"
            ecep:reg="am"
            ecep:spe="am"
            ecep:syllab="1"
            ecep:pron="æm">am</w>
         <c> </c>
         <w xml:id="prc90-113890"
            n="prc90/0088-a-0130"
            ecep:lem="to"
            ecep:pos="pc-acp"
            ecep:reg="to"
            ecep:spe="to"
            ecep:syllab="1"
            ecep:pron="tuː">to</w>
         <c> </c>
         <w xml:id="prc90-113900"
            n="prc90/0088-a-0140"
            ecep:lem="blame"
            ecep:pos="vvi"
            ecep:reg="blame"
            ecep:spe="blame"
            ecep:syllab="1"
            ecep:pron="bleɪm">blame</w>
         <pc xml:id="prc90-113910"
             n="prc90/0088-a-0150"
             ecep:lem=","
             ecep:pos=","
             ecep:reg=","
             ecep:spe=",">,</pc>
      </l>
      <l xml:id="prc90-l04550">
         <c> </c>
         <w xml:id="prc90-113920"
            n="prc90/0088-a-0160"
            ecep:lem="for"
            ecep:pos="p-acp"
            ecep:reg="For"
            ecep:spe="For"
            ecep:syllab="1"
            ecep:pron="fɔː">For</w>
         <c> </c>
         <w xml:id="prc90-113930"
            n="prc90/0088-a-0170"
            ecep:lem="love"
            ecep:pos="vvg"
            ecep:reg="loving"
            ecep:spe="loving"
            ecep:syllab="2"
            ecep:pron="lʌvɪŋ">loving</w>
         <c> </c>
         <w xml:id="prc90-113940"
            n="prc90/0088-a-0180"
            ecep:lem="one"
            ecep:pos="pi"
            ecep:reg="one"
            ecep:spe="one"
            ecep:syllab="1"
            ecep:pron="wʌn">one</w>
         <c> </c>
         <w xml:id="prc90-113950"
            n="prc90/0088-a-0190"
            ecep:lem="so"
            ecep:pos="av"
            ecep:reg="so"
            ecep:spe="so"
            ecep:syllab="1"
            ecep:pron="səʊ">so</w>
         <c> </c>
         <w xml:id="prc90-113960"
            n="prc90/0088-a-0200"
            ecep:lem="rare"
            ecep:pos="j"
            ecep:reg="rare"
            ecep:spe="rare"
            ecep:syllab="1"
            ecep:pron="reə">rare</w>
         <pc xml:id="prc90-113970"
             n="prc90/0088-a-0210"
             ecep:lem=","
             ecep:pos=","
             ecep:reg=","
             ecep:spe=",">,</pc>
      </l>
      <l xml:id="prc90-l04555">
         <c> </c>
         <w xml:id="prc90-113980"
            n="prc90/0088-a-0220"
            ecep:lem="yes"
            ecep:pos="uh"
            ecep:reg="Yes"
            ecep:spe="Yes"
            ecep:syllab="1"
            ecep:pron="jes">Yes</w>
         <pc xml:id="prc90-113990"
             n="prc90/0088-a-0230"
             ecep:lem=","
             ecep:pos=","
             ecep:reg=","
             ecep:spe=",">,</pc>
         <c> </c>
         <w xml:id="prc90-114000"
            n="prc90/0088-a-0240"
            ecep:lem="i"
            ecep:pos="pns11"
            ecep:reg="I"
            ecep:spe="I"
            ecep:syllab="1"
            ecep:pron="aɪ">I</w>
         <c> </c>
         <w xml:id="prc90-114010"
            n="prc90/0088-a-0250"
            ecep:lem="confess"
            ecep:pos="vvb"
            ecep:reg="confess"
            ecep:spe="confess"
            ecep:syllab="2"
            ecep:pron="kənˈfes">confess</w>
         <c> </c>
         <w xml:id="prc90-114020"
            n="prc90/0088-a-0260"
            ecep:lem="i"
            ecep:pos="pns11"
            ecep:reg="I"
            ecep:spe="I"
            ecep:syllab="1"
            ecep:pron="aɪ">I</w>
         <c> </c>
         <w xml:id="prc90-114030"
            n="prc90/0088-a-0270"
            ecep:lem="have"
            ecep:pos="vhb"
            ecep:reg="have"
            ecep:spe="have"
            ecep:syllab="1"
            ecep:pron="hæv">have</w>
         <c> </c>
         <w xml:id="prc90-114040"
            n="prc90/0088-a-0280"
            ecep:lem="be"
            ecep:pos="vbn"
            ecep:reg="been"
            ecep:spe="been"
            ecep:syllab="1"
            ecep:pron="biːn">been</w>
         <c> </c>
         <w xml:id="prc90-114050"
            n="prc90/0088-a-0290"
            ecep:lem="wrong"
            ecep:pos="j-jn"
            ecep:reg="wrong"
            ecep:spe="wrong"
            ecep:syllab="1"
            ecep:pron="rɒŋ">wrong</w>
         <pc xml:id="prc90-114060"
             n="prc90/0088-a-0300"
             ecep:lem=","
             ecep:pos=","
             ecep:reg=","
             ecep:spe=",">,</pc>
      </l>
      <l xml:id="prc90-l04560">
         <c> </c>
         <w xml:id="prc90-114070"
            n="prc90/0088-a-0310"
            ecep:lem="for"
            ecep:pos="c-acp"
            ecep:reg="For"
            ecep:spe="For"
            ecep:syllab="1"
            ecep:pron="fɔː">For</w>
         <c> </c>
         <w xml:id="prc90-114080"
            n="prc90/0088-a-0320"
            ecep:lem="not"
            ecep:pos="xx"
            ecep:reg="not"
            ecep:spe="not"
            ecep:syllab="1"
            ecep:pron="nɒt">not</w>
         <c> </c>
         <w xml:id="prc90-114090"
            n="prc90/0088-a-0330"
            ecep:lem="Apollo"
            ecep:pos="np1"
            ecep:reg="Apollo"
            ecep:spe="Apollo"
            ecep:syllab="3"
            ecep:pron="əˈpɒləʊ">Apollo</w>
         <pc xml:id="prc90-114100"
             n="prc90/0088-a-0340"
             ecep:lem=","
             ecep:pos=","
             ecep:reg=","
             ecep:spe=",">,</pc>
         <c> </c>
         <w xml:id="prc90-114110"
            n="prc90/0088-a-0350"
            ecep:lem="god"
            ecep:pos="n1"
            ecep:reg="God"
            ecep:spe="God"
            ecep:syllab="1"
            ecep:pron="gɒd">God</w>
         <c> </c>
         <w xml:id="prc90-114120"
            n="prc90/0088-a-0360"
            ecep:lem="of"
            ecep:pos="pp-f"
            ecep:reg="of"
            ecep:spe="of"
            ecep:syllab="1"
            ecep:pron="ɒv">of</w>
         <c> </c>
         <w xml:id="prc90-114130"
            n="prc90/0088-a-0370"
            ecep:lem="song"
            ecep:pos="n1"
            ecep:reg="Song"
            ecep:spe="Song"
            ecep:syllab="1"
            ecep:pron="sɒŋ">Song</w>
         <pc xml:id="prc90-114140"
             n="prc90/0088-a-0380"
             ecep:lem=","
             ecep:pos=","
             ecep:reg=","
             ecep:spe=",">,</pc>
      </l>
      <l xml:id="prc90-l04565">
         <c> </c>
         <w xml:id="prc90-114150"
            n="prc90/0088-a-0390"
            ecep:lem="with"
            ecep:pos="p-acp"
            ecep:reg="With"
            ecep:spe="With"
            ecep:syllab="1"
            ecep:pron="wɪð">With</w>
         <c> </c>
         <w xml:id="prc90-114160"
            n="prc90/0088-a-0400"
            ecep:lem="Jamie"
            ecep:pos="np1"
            ecep:reg="Jamie"
            ecep:spe="Jamie"
            ecep:syllab="2"
            ecep:pron="ˈdʒeɪmi">Jamie</w>
         <c> </c>
         <w xml:id="prc90-114170"
            n="prc90/0088-a-0410"
            ecep:lem="can"
            ecep:pos="vmb"
            ecep:reg="can"
            ecep:spe="can"
            ecep:syllab="1"
            ecep:pron="kæn">can</w>
         <c> </c>
         <w xml:id="prc90-114180"
            n="prc90/0088-a-0420"
            ecep:lem="compare"
            ecep:pos="vvi"
            ecep:reg="compare"
            ecep:spe="compare"
            ecep:syllab="2"
            ecep:pron="kəmˈpeə">compare</w>
         <pc xml:id="prc90-114190"
             n="prc90/0088-a-0430"
             unit="sentence"
             ecep:lem="."
             ecep:pos="."
             ecep:reg="."
             ecep:spe=".">.</pc>
         <c> </c>
      </l>
   </lg>
</div>
