<?xml version="1.0" encoding="utf-8"?>
<!DOCTYPE div
  SYSTEM "about:legacy-compat">
<div xmlns:ecep="http://www.eighteenthcenturypoetry.org/ns"
     xmlns="http://www.tei-c.org/ns/1.0"
     xmlns:tei="http://www.tei-c.org/ns/1.0"
     ana="#iamb #anapaest #tetrameter #dimeter #quintet #song"
     corresp="#txt_BailJo1762_w0069"
     decls="#semi-normalized"
     ecep:syllab="8.8.12.12.4"
     met="-+|-+|-+|-+/ -+|-+|-+|-+/ --+|--+|--+|--+/ --+|--+|--+|--+/ -+|-+/"
     rendition="#lgvspace"
     rhyme="xabba"
     subtype="eceptext"
     type="poem"
     xml:id="bjb18-w0690">
   <link target="authors.xml#aut_BailJo1762" type="author"/>
   <head type="main">
      <w xml:id="bjb18-530270"
         n="a-0010"
         ecep:lem="song"
         ecep:pos="n1"
         ecep:reg="SONG"
         ecep:spe="SONG"
         ecep:syllab="1"
         ecep:pron="sɒŋ">SONG</w>
      <pc xml:id="bjb18-530280"
          n="a-0020"
          unit="sentence"
          ecep:lem="."
          ecep:pos="."
          ecep:reg="."
          ecep:spe=".">.</pc>
   </head>
   <lg xml:id="bjb18-s03675">
      <l xml:id="bjb18-l28855">
         <hi rendition="#sc">
            <w xml:id="bjb18-530310"
               n="a-0030"
               ecep:lem="bird"
               ecep:pos="n1"
               ecep:reg="BIRD"
               ecep:spe="BIRD"
               ecep:syllab="1"
               ecep:pron="bɜːd">BIRD</w>
         </hi>
         <c> </c>
         <w xml:id="bjb18-530320"
            n="a-0040"
            ecep:lem="soar"
            ecep:pos="vvg"
            ecep:reg="soaring"
            ecep:spe="soaring"
            ecep:syllab="2"
            ecep:pron="ˈsɔːrɪŋ">soaring</w>
         <c> </c>
         <w xml:id="bjb18-530330"
            n="a-0050"
            ecep:lem="high"
            ecep:pos="j"
            ecep:reg="high"
            ecep:spe="high"
            ecep:syllab="1"
            ecep:pron="haɪ">high</w>
         <pc xml:id="bjb18-530340"
             n="a-0060"
             ecep:lem=","
             ecep:pos=","
             ecep:reg=","
             ecep:spe=",">,</pc>
         <c> </c>
         <w xml:id="bjb18-530350"
            n="a-0070"
            ecep:lem="cloud"
            ecep:pos="n1"
            ecep:reg="cloud"
            ecep:spe="cloud"
            ecep:syllab="1"
            ecep:pron="klaʊd">cloud</w>
         <c> </c>
         <w xml:id="bjb18-530360"
            n="a-0080"
            ecep:lem="in"
            ecep:pos="p-acp"
            ecep:reg="in"
            ecep:spe="in"
            ecep:syllab="1"
            ecep:pron="ɪn">in</w>
         <c> </c>
         <w xml:id="bjb18-530370"
            n="a-0090"
            ecep:lem="the"
            ecep:pos="dt"
            ecep:reg="the"
            ecep:spe="the"
            ecep:syllab="1"
            ecep:pron="ðiː">the</w>
         <c> </c>
         <w xml:id="bjb18-530380"
            n="a-0100"
            ecep:lem="sky"
            ecep:pos="n1"
            ecep:reg="sky"
            ecep:spe="sky"
            ecep:syllab="1"
            ecep:pron="skaɪ">sky</w>
         <pc xml:id="bjb18-530390"
             n="a-0110"
             ecep:lem=","
             ecep:pos=","
             ecep:reg=","
             ecep:spe=",">,</pc>
      </l>
      <l rendition="#h_3" xml:id="bjb18-l28860">
         <c> </c>
         <w xml:id="bjb18-530400"
            n="a-0120"
            ecep:lem="where"
            ecep:pos="q-crq"
            ecep:reg="Where"
            ecep:spe="Where"
            ecep:syllab="1"
            ecep:pron="weə">Where</w>
         <c> </c>
         <w xml:id="bjb18-530410"
            n="a-0130"
            ecep:lem="go"
            ecep:pos="vvb"
            ecep:reg="go"
            ecep:spe="go"
            ecep:syllab="1"
            ecep:pron="gəʊ">go</w>
         <c> </c>
         <w xml:id="bjb18-530420"
            n="a-0140"
            ecep:lem="you"
            ecep:pos="pn22"
            ecep:reg="you"
            ecep:spe="ye"
            ecep:syllab="1"
            ecep:pron="jiː">ye</w>
         <pc xml:id="bjb18-530430"
             n="a-0150"
             unit="sentence"
             ecep:lem="?"
             ecep:pos="?"
             ecep:reg="?"
             ecep:spe="?">?</pc>
         <c> </c>
         <w xml:id="bjb18-530440"
            n="a-0160"
            ecep:lem="o"
            ecep:pos="uh"
            ecep:reg="OH"
            ecep:spe="O"
            ecep:syllab="1"
            ecep:pron="əʊ">O</w>
         <c> </c>
         <w xml:id="bjb18-530450"
            n="a-0170"
            ecep:lem="where"
            ecep:pos="q-crq"
            ecep:reg="where"
            ecep:spe="where"
            ecep:syllab="1"
            ecep:pron="weə">where</w>
         <c> </c>
         <w xml:id="bjb18-530460"
            n="a-0180"
            ecep:lem="go"
            ecep:pos="vvb"
            ecep:reg="go"
            ecep:spe="go"
            ecep:syllab="1"
            ecep:pron="gəʊ">go</w>
         <c> </c>
         <w xml:id="bjb18-530470"
            n="a-0190"
            ecep:lem="you"
            ecep:pos="pn22"
            ecep:reg="you"
            ecep:spe="ye"
            ecep:syllab="1"
            ecep:pron="jiː">ye</w>
         <pc xml:id="bjb18-530480"
             n="a-0200"
             unit="sentence"
             ecep:lem="?"
             ecep:pos="?"
             ecep:reg="?"
             ecep:spe="?">?</pc>
         <c> </c>
      </l>
      <l xml:id="bjb18-l28865">
         <w xml:id="bjb18-530490"
            n="a-0210"
            ecep:lem="where"
            ecep:pos="q-crq"
            ecep:reg="Where"
            ecep:spe="Where"
            ecep:syllab="1"
            ecep:pron="weə">Where</w>
         <c> </c>
         <w xml:id="bjb18-530500"
            n="a-0220"
            ecep:lem="the"
            ecep:pos="dt"
            ecep:reg="the"
            ecep:spe="the"
            ecep:syllab="1"
            ecep:pron="ðiː">the</w>
         <c> </c>
         <w xml:id="bjb18-530510"
            n="a-0230"
            ecep:lem="smoke"
            ecep:pos="n1"
            ecep:reg="smoke"
            ecep:spe="smoke"
            ecep:syllab="1"
            ecep:pron="sməʊk">smoke</w>
         <c> </c>
         <w xml:id="bjb18-530520"
            n="a-0240"
            ecep:lem="from"
            ecep:pos="p-acp"
            ecep:reg="from"
            ecep:spe="from"
            ecep:syllab="1"
            ecep:pron="frɒm">from</w>
         <c> </c>
         <w xml:id="bjb18-530530"
            n="a-0250"
            ecep:lem="the"
            ecep:pos="dt"
            ecep:reg="the"
            ecep:spe="the"
            ecep:syllab="1"
            ecep:pron="ðiː">the</w>
         <c> </c>
         <w xml:id="bjb18-530540"
            n="a-0260"
            ecep:lem="gipsy"
            ecep:pos="ng1"
            ecep:reg="gipsy's"
            ecep:spe="gipsy's"
            ecep:syllab="2"
            ecep:pron="ˈdʒɪpsiz">gipsy's</w>
         <c> </c>
         <w xml:id="bjb18-530550"
            n="a-0270"
            ecep:lem="fire"
            ecep:pos="n1"
            ecep:reg="fire"
            ecep:spe="fire"
            ecep:syllab="1"
            ecep:pron="ˈfaɪə">fire</w>
         <c> </c>
         <w xml:id="bjb18-530560"
            n="a-0280"
            ecep:lem="be"
            ecep:pos="vbz"
            ecep:reg="is"
            ecep:spe="is"
            ecep:syllab="1"
            ecep:pron="ɪz">is</w>
         <c> </c>
         <w xml:id="bjb18-530570"
            n="a-0290"
            ecep:lem="veer"
            ecep:pos="vvg"
            ecep:reg="veering"
            ecep:spe="veering"
            ecep:syllab="2"
            ecep:pron="ˈvɪərɪŋ">veering</w>
         <pc xml:id="bjb18-530580"
             n="a-0300"
             ecep:lem=","
             ecep:pos=","
             ecep:reg=","
             ecep:spe=",">,</pc>
      </l>
      <l xml:id="bjb18-l28870">
         <c> </c>
         <w xml:id="bjb18-530590"
            n="a-0310"
            ecep:lem="and"
            ecep:pos="cc"
            ecep:reg="And"
            ecep:spe="And"
            ecep:syllab="1"
            ecep:pron="ænd">And</w>
         <c> </c>
         <w xml:id="bjb18-530600"
            n="a-0320"
            ecep:lem="our"
            ecep:pos="po12"
            ecep:reg="our"
            ecep:spe="our"
            ecep:syllab="1"
            ecep:pron="ˈaʊə">our</w>
         <c> </c>
         <w xml:id="bjb18-530610"
            n="a-0330"
            ecep:lem="gay"
            ecep:pos="j"
            ecep:reg="gay"
            ecep:spe="gay"
            ecep:syllab="1"
            ecep:pron="geɪ">gay</w>
         <c> </c>
         <w xml:id="bjb18-530620"
            n="a-0340"
            ecep:lem="little"
            ecep:pos="j"
            ecep:reg="little"
            ecep:spe="little"
            ecep:syllab="2"
            ecep:pron="ˈlɪtl">little</w>
         <c> </c>
         <w xml:id="bjb18-530630"
            n="a-0350"
            ecep:lem="boat"
            ecep:pos="n1"
            ecep:reg="boat"
            ecep:spe="boat"
            ecep:syllab="1"
            ecep:pron="bəʊt">boat</w>
         <pc xml:id="bjb18-530640"
             n="a-0360"
             ecep:lem=","
             ecep:pos=","
             ecep:reg=","
             ecep:spe=",">,</pc>
         <c> </c>
         <w xml:id="bjb18-530650"
            n="a-0370"
            ecep:lem="over"
            ecep:pos="p-acp"
            ecep:reg="over"
            ecep:spe="o'er"
            ecep:syllab="1"
            ecep:pron="ˈɔːə">o'er</w>
         <c> </c>
         <w xml:id="bjb18-530660"
            n="a-0380"
            ecep:lem="the"
            ecep:pos="dt"
            ecep:reg="the"
            ecep:spe="the"
            ecep:syllab="1"
            ecep:pron="ðiː">the</w>
         <c> </c>
         <w xml:id="bjb18-530670"
            n="a-0390"
            ecep:lem="blue"
            ecep:pos="j-jn"
            ecep:reg="blue"
            ecep:spe="blue"
            ecep:syllab="1"
            ecep:pron="bluː">blue</w>
         <c> </c>
         <w xml:id="bjb18-530680"
            n="a-0400"
            ecep:lem="frith"
            ecep:pos="n1"
            ecep:reg="frith"
            ecep:spe="frith"
            ecep:syllab="1"
            ecep:pron="frɪθ">frith</w>
         <c> </c>
         <w xml:id="bjb18-530690"
            n="a-0410"
            ecep:lem="steer"
            ecep:pos="vvg"
            ecep:reg="steering"
            ecep:spe="steering"
            ecep:syllab="2"
            ecep:pron="ˈstɪərɪŋ">steering</w>
         <pc xml:id="bjb18-530700"
             n="a-0420"
             ecep:lem=","
             ecep:pos=","
             ecep:reg=","
             ecep:spe=",">,</pc>
      </l>
      <l rendition="#h_9" xml:id="bjb18-l28875">
         <c> </c>
         <w xml:id="bjb18-530710"
            n="a-0430"
            ecep:lem="will"
            ecep:pos="vmb"
            ecep:reg="Will"
            ecep:spe="Will"
            ecep:syllab="1"
            ecep:pron="wɪl">Will</w>
         <c> </c>
         <w xml:id="bjb18-530720"
            n="a-0440"
            ecep:lem="soon"
            ecep:pos="av"
            ecep:reg="soon"
            ecep:spe="soon"
            ecep:syllab="1"
            ecep:pron="suːn">soon</w>
         <c> </c>
         <w xml:id="bjb18-530730"
            n="a-0450"
            ecep:lem="bear"
            ecep:pos="vvi"
            ecep:reg="bear"
            ecep:spe="bear"
            ecep:syllab="1"
            ecep:pron="beə">bear</w>
         <c> </c>
         <w xml:id="bjb18-530740"
            n="a-0460"
            ecep:lem="i"
            ecep:pos="pno11"
            ecep:reg="me"
            ecep:spe="me"
            ecep:syllab="1"
            ecep:pron="miː">me</w>
         <pc xml:id="bjb18-530750"
             n="a-0470"
             unit="sentence"
             ecep:lem="."
             ecep:pos="."
             ecep:reg="."
             ecep:spe=".">.</pc>
         <c> </c>
      </l>
   </lg>
   <lg xml:id="bjb18-s03680">
      <l xml:id="bjb18-l28880">
         <w xml:id="bjb18-530780"
            n="a-0480"
            ecep:lem="my"
            ecep:pos="po11"
            ecep:reg="My"
            ecep:spe="My"
            ecep:syllab="1"
            ecep:pron="maɪ">My</w>
         <c> </c>
         <w xml:id="bjb18-530790"
            n="a-0490"
            ecep:lem="thought"
            ecep:pos="n2"
            ecep:reg="thoughts"
            ecep:spe="thoughts"
            ecep:syllab="1"
            ecep:pron="θɔːts">thoughts</w>
         <c> </c>
         <w xml:id="bjb18-530800"
            n="a-0500"
            ecep:lem="before"
            ecep:pos="a-acp"
            ecep:reg="before"
            ecep:spe="before"
            ecep:syllab="2"
            ecep:pron="biˈfɔː">before</w>
         <pc xml:id="bjb18-530810"
             n="a-0510"
             ecep:lem=","
             ecep:pos=","
             ecep:reg=","
             ecep:spe=",">,</pc>
         <c> </c>
         <w xml:id="bjb18-530820"
            n="a-0520"
            ecep:lem="on"
            ecep:pos="p-acp"
            ecep:reg="on"
            ecep:spe="on"
            ecep:syllab="1"
            ecep:pron="ɒn">on</w>
         <c> </c>
         <w xml:id="bjb18-530830"
            n="a-0530"
            ecep:lem="yonder"
            ecep:pos="d"
            ecep:reg="yonder"
            ecep:spe="yonder"
            ecep:syllab="2"
            ecep:pron="ˈjɒndə">yonder</w>
         <c> </c>
         <w xml:id="bjb18-530840"
            n="a-0540"
            ecep:lem="shore"
            ecep:pos="n1"
            ecep:reg="shore"
            ecep:spe="shore"
            ecep:syllab="1"
            ecep:pron="ʃɔː">shore</w>
         <pc xml:id="bjb18-530850"
             n="a-0550"
             ecep:lem=","
             ecep:pos=","
             ecep:reg=","
             ecep:spe=",">,</pc>
      </l>
      <l rendition="#h_3" xml:id="bjb18-l28885">
         <c> </c>
         <w xml:id="bjb18-530860"
            n="a-0560"
            ecep:lem="be"
            ecep:pos="vbb"
            ecep:reg="Are"
            ecep:spe="Are"
            ecep:syllab="1"
            ecep:pron="ɑː">Are</w>
         <c> </c>
         <w xml:id="bjb18-530870"
            n="a-0570"
            ecep:lem="free"
            ecep:pos="j"
            ecep:reg="free"
            ecep:spe="free"
            ecep:syllab="1"
            ecep:pron="friː">free</w>
         <c> </c>
         <w xml:id="bjb18-530880"
            n="a-0580"
            ecep:lem="as"
            ecep:pos="c-acp"
            ecep:reg="as"
            ecep:spe="as"
            ecep:syllab="1"
            ecep:pron="æz">as</w>
         <c> </c>
         <w xml:id="bjb18-530890"
            n="a-0590"
            ecep:lem="wind"
            ecep:pos="n1"
            ecep:reg="wind"
            ecep:spe="wind"
            ecep:syllab="1"
            ecep:pron="wɪnd">wind</w>
         <pc xml:id="bjb18-530900"
             n="a-0600"
             ecep:lem=","
             ecep:pos=","
             ecep:reg=","
             ecep:spe=",">,</pc>
         <c> </c>
         <w xml:id="bjb18-530910"
            n="a-0610"
            ecep:lem="be"
            ecep:pos="vbb"
            ecep:reg="are"
            ecep:spe="are"
            ecep:syllab="1"
            ecep:pron="ɑː">are</w>
         <c> </c>
         <w xml:id="bjb18-530920"
            n="a-0620"
            ecep:lem="free"
            ecep:pos="j"
            ecep:reg="free"
            ecep:spe="free"
            ecep:syllab="1"
            ecep:pron="friː">free</w>
         <c> </c>
         <w xml:id="bjb18-530930"
            n="a-0630"
            ecep:lem="as"
            ecep:pos="c-acp"
            ecep:reg="as"
            ecep:spe="as"
            ecep:syllab="1"
            ecep:pron="æz">as</w>
         <c> </c>
         <w xml:id="bjb18-530940"
            n="a-0640"
            ecep:lem="wind"
            ecep:pos="n1"
            ecep:reg="wind"
            ecep:spe="wind"
            ecep:syllab="1"
            ecep:pron="wɪnd">wind</w>
         <pc xml:id="bjb18-530950"
             n="a-0650"
             ecep:lem=","
             ecep:pos=","
             ecep:reg=","
             ecep:spe=",">,</pc>
      </l>
      <l xml:id="bjb18-l28890">
         <c> </c>
         <w xml:id="bjb18-530960"
            n="a-0660"
            ecep:lem="while"
            ecep:pos="cs"
            ecep:reg="While"
            ecep:spe="While"
            ecep:syllab="1"
            ecep:pron="waɪl">While</w>
         <c> </c>
         <w xml:id="bjb18-530970"
            n="a-0670"
            ecep:lem="this"
            ecep:pos="d"
            ecep:reg="this"
            ecep:spe="this"
            ecep:syllab="1"
            ecep:pron="ðɪs">this</w>
         <c> </c>
         <w xml:id="bjb18-530980"
            n="a-0680"
            ecep:lem="body"
            ecep:pos="n1"
            ecep:reg="body"
            ecep:spe="body"
            ecep:syllab="2"
            ecep:pron="ˈbɒdi">body</w>
         <c> </c>
         <w xml:id="bjb18-530990"
            n="a-0690"
            ecep:lem="of"
            ecep:pos="pp-f"
            ecep:reg="of"
            ecep:spe="of"
            ecep:syllab="1"
            ecep:pron="ɒv">of</w>
         <c> </c>
         <w xml:id="bjb18-531000"
            n="a-0700"
            ecep:lem="i"
            ecep:pos="png11"
            ecep:reg="mine"
            ecep:spe="mine"
            ecep:syllab="1"
            ecep:pron="maɪn">mine</w>
         <c> </c>
         <w xml:id="bjb18-531010"
            n="a-0710"
            ecep:lem="on"
            ecep:pos="p-acp"
            ecep:reg="on"
            ecep:spe="on"
            ecep:syllab="1"
            ecep:pron="ɒn">on</w>
         <c> </c>
         <w xml:id="bjb18-531020"
            n="a-0720"
            ecep:lem="its"
            ecep:pos="po31"
            ecep:reg="its"
            ecep:spe="its"
            ecep:syllab="1"
            ecep:pron="ɪts">its</w>
         <c> </c>
         <w xml:id="bjb18-531030"
            n="a-0730"
            ecep:lem="palfrey"
            ecep:pos="n1"
            ecep:reg="palfrey"
            ecep:spe="palfrey"
            ecep:syllab="2"
            ecep:pron="ˈpɔːlfri">palfrey</w>
         <c> </c>
         <w xml:id="bjb18-531040"
            n="a-0740"
            ecep:lem="ride"
            ecep:pos="vvg"
            ecep:reg="riding"
            ecep:spe="riding"
            ecep:syllab="2"
            ecep:pron="ˈraɪdɪŋ">riding</w>
         <pc xml:id="bjb18-531050"
             n="a-0750"
             ecep:lem=","
             ecep:pos=","
             ecep:reg=","
             ecep:spe=",">,</pc>
      </l>
      <l xml:id="bjb18-l28895">
         <c> </c>
         <w xml:id="bjb18-531060"
            n="a-0760"
            ecep:lem="right"
            ecep:pos="av-jn"
            ecep:reg="Right"
            ecep:spe="Right"
            ecep:syllab="1"
            ecep:pron="raɪt">Right</w>
         <c> </c>
         <w xml:id="bjb18-531070"
            n="a-0770"
            ecep:lem="lazy"
            ecep:pos="j"
            ecep:reg="lazy"
            ecep:spe="lazy"
            ecep:syllab="2"
            ecep:pron="ˈleɪzi">lazy</w>
         <c> </c>
         <w xml:id="bjb18-531080"
            n="a-0780"
            ecep:lem="of"
            ecep:pos="pp-f"
            ecep:reg="of"
            ecep:spe="of"
            ecep:syllab="1"
            ecep:pron="ɒv">of</w>
         <c> </c>
         <w xml:id="bjb18-531090"
            n="a-0790"
            ecep:lem="pace"
            ecep:pos="n1"
            ecep:reg="pace"
            ecep:spe="pace"
            ecep:syllab="1"
            ecep:pron="ˈpeɪsi">pace</w>
         <pc xml:id="bjb18-531100"
             n="a-0800"
             ecep:lem=","
             ecep:pos=","
             ecep:reg=","
             ecep:spe=",">,</pc>
         <c> </c>
         <w xml:id="bjb18-531110"
            n="a-0810"
            ecep:lem="or"
            ecep:pos="cc"
            ecep:reg="or"
            ecep:spe="or"
            ecep:syllab="1"
            ecep:pron="ɔː">or</w>
         <c> </c>
         <w xml:id="bjb18-531120"
            n="a-0820"
            ecep:lem="on"
            ecep:pos="p-acp"
            ecep:reg="on"
            ecep:spe="on"
            ecep:syllab="1"
            ecep:pron="ɒn">on</w>
         <c> </c>
         <w xml:id="bjb18-531130"
            n="a-0830"
            ecep:lem="smooth"
            ecep:pos="j"
            ecep:reg="smooth"
            ecep:spe="smooth"
            ecep:syllab="1"
            ecep:pron="smuːð">smooth</w>
         <c> </c>
         <w xml:id="bjb18-531140"
            n="a-0840"
            ecep:lem="wave"
            ecep:pos="n1"
            ecep:reg="wave"
            ecep:spe="wave"
            ecep:syllab="1"
            ecep:pron="weɪv">wave</w>
         <c> </c>
         <w xml:id="bjb18-531150"
            n="a-0850"
            ecep:lem="glide"
            ecep:pos="j-vvg"
            ecep:reg="gliding"
            ecep:spe="gliding"
            ecep:syllab="2"
            ecep:pron="ˈglaɪdɪŋ">gliding</w>
         <pc xml:id="bjb18-531160"
             n="a-0860"
             ecep:lem=","
             ecep:pos=","
             ecep:reg=","
             ecep:spe=",">,</pc>
      </l>
      <l rendition="#h_9" xml:id="bjb18-l28900">
         <c> </c>
         <w xml:id="bjb18-531170"
            n="a-0870"
            ecep:lem="be"
            ecep:pos="vbz"
            ecep:reg="Is"
            ecep:spe="Is"
            ecep:syllab="1"
            ecep:pron="ɪz">Is</w>
         <c> </c>
         <w xml:id="bjb18-531180"
            n="a-0880"
            ecep:lem="far"
            ecep:pos="av-j"
            ecep:reg="far"
            ecep:spe="far"
            ecep:syllab="1"
            ecep:pron="fɑː">far</w>
         <c> </c>
         <w xml:id="bjb18-531190"
            n="a-0890"
            ecep:lem="behind"
            ecep:pos="a-acp"
            ecep:reg="behind"
            ecep:spe="behind"
            ecep:syllab="2"
            ecep:pron="biˈhaɪnd">behind</w>
         <pc xml:id="bjb18-531200"
             n="a-0900"
             unit="sentence"
             ecep:lem="."
             ecep:pos="."
             ecep:reg="."
             ecep:spe=".">.</pc>
         <c> </c>
      </l>
   </lg>
   <lg xml:id="bjb18-s03685">
      <l xml:id="bjb18-l28905">
         <w xml:id="bjb18-531230"
            n="a-0910"
            ecep:lem="but"
            ecep:pos="cc-acp"
            ecep:reg="But"
            ecep:spe="But"
            ecep:syllab="1"
            ecep:pron="bʌt">But</w>
         <c> </c>
         <w xml:id="bjb18-531240"
            n="a-0920"
            ecep:lem="see"
            ecep:pos="vvb"
            ecep:reg="see"
            ecep:spe="see"
            ecep:syllab="1"
            ecep:pron="siː">see</w>
         <c> </c>
         <w xml:id="bjb18-531250"
            n="a-0930"
            ecep:lem="i"
            ecep:pos="pns11"
            ecep:reg="I"
            ecep:spe="I"
            ecep:syllab="1"
            ecep:pron="aɪ">I</w>
         <c> </c>
         <w xml:id="bjb18-531260"
            n="a-0940"
            ecep:lem="not"
            ecep:pos="xx"
            ecep:reg="not"
            ecep:spe="not"
            ecep:syllab="1"
            ecep:pron="ˈdɪdnt">not</w>
         <pc xml:id="bjb18-531270"
             n="a-0950"
             ecep:lem=","
             ecep:pos=","
             ecep:reg=","
             ecep:spe=",">,</pc>
         <c> </c>
         <w xml:id="bjb18-531280"
            n="a-0960"
            ecep:lem="yond"
            ecep:pos="d"
            ecep:reg="yonder"
            ecep:spe="yon"
            ecep:syllab="1"
            ecep:pron="jɒn">yon</w>
         <c> </c>
         <w xml:id="bjb18-531290"
            n="a-0970"
            ecep:lem="distant"
            ecep:pos="j"
            ecep:reg="distant"
            ecep:spe="distant"
            ecep:syllab="2"
            ecep:pron="ˈdɪstənt">distant</w>
         <c> </c>
         <w xml:id="bjb18-531300"
            n="a-0980"
            ecep:lem="spot"
            ecep:pos="n1"
            ecep:reg="spot"
            ecep:spe="spot"
            ecep:syllab="1"
            ecep:pron="spɒt">spot</w>
         <pc xml:id="bjb18-531310"
             n="a-0990"
             unit="sentence"
             ecep:lem="?"
             ecep:pos="?"
             ecep:reg="?"
             ecep:spe="?">?</pc>
         <c> </c>
      </l>
      <l rendition="#h_3" xml:id="bjb18-l28910">
         <w xml:id="bjb18-531320"
            n="a-1000"
            ecep:lem="o"
            ecep:pos="uh"
            ecep:reg="OH"
            ecep:spe="O"
            ecep:syllab="1"
            ecep:pron="əʊ">O</w>
         <c> </c>
         <w xml:id="bjb18-531330"
            n="a-1010"
            ecep:lem="now"
            ecep:pos="av"
            ecep:reg="now"
            ecep:spe="now"
            ecep:syllab="1"
            ecep:pron="naʊ">now</w>
         <c> </c>
         <w xml:id="bjb18-531340"
            n="a-1020"
            ecep:lem="i"
            ecep:pos="pns11"
            ecep:reg="I"
            ecep:spe="I"
            ecep:syllab="1"
            ecep:pron="aɪ">I</w>
         <c> </c>
         <w xml:id="bjb18-531350"
            n="a-1030"
            ecep:lem="see"
            ecep:pos="vvb"
            ecep:reg="see"
            ecep:spe="see"
            ecep:syllab="1"
            ecep:pron="siː">see</w>
         <pc xml:id="bjb18-531360"
             n="a-1040"
             ecep:lem=","
             ecep:pos=","
             ecep:reg=","
             ecep:spe=",">,</pc>
         <c> </c>
         <w xml:id="bjb18-531370"
            n="a-1050"
            ecep:lem="o"
            ecep:pos="uh"
            ecep:reg="OH"
            ecep:spe="O"
            ecep:syllab="1"
            ecep:pron="əʊ">O</w>
         <c> </c>
         <w xml:id="bjb18-531380"
            n="a-1060"
            ecep:lem="now"
            ecep:pos="av"
            ecep:reg="now"
            ecep:spe="now"
            ecep:syllab="1"
            ecep:pron="naʊ">now</w>
         <c> </c>
         <w xml:id="bjb18-531390"
            n="a-1070"
            ecep:lem="i"
            ecep:pos="pns11"
            ecep:reg="I"
            ecep:spe="I"
            ecep:syllab="1"
            ecep:pron="aɪ">I</w>
         <c> </c>
         <w xml:id="bjb18-531400"
            n="a-1080"
            ecep:lem="see"
            ecep:pos="vvb"
            ecep:reg="see"
            ecep:spe="see"
            ecep:syllab="1"
            ecep:pron="siː">see</w>
         <pc xml:id="bjb18-531410"
             n="a-1090"
             unit="sentence"
             ecep:lem="!"
             ecep:pos="!"
             ecep:reg="!"
             ecep:spe="!">!</pc>
         <c> </c>
      </l>
      <l xml:id="bjb18-l28915">
         <w xml:id="bjb18-531420"
            n="a-1100"
            ecep:lem="where"
            ecep:pos="q-crq"
            ecep:reg="Where"
            ecep:spe="Where"
            ecep:syllab="1"
            ecep:pron="weə">Where</w>
         <c> </c>
         <w xml:id="bjb18-531430"
            n="a-1110"
            ecep:lem="the"
            ecep:pos="dt"
            ecep:reg="the"
            ecep:spe="the"
            ecep:syllab="1"
            ecep:pron="ðiː">the</w>
         <c> </c>
         <w xml:id="bjb18-531440"
            n="a-1120"
            ecep:lem="mist"
            ecep:pos="n1"
            ecep:reg="missed"
            ecep:spe="mist"
            ecep:syllab="1"
            ecep:pron="mɪst">mist</w>
         <c> </c>
         <w xml:id="bjb18-531450"
            n="a-1130"
            ecep:lem="up"
            ecep:pos="p-acp"
            ecep:reg="up"
            ecep:spe="up"
            ecep:syllab="1"
            ecep:pron="ʌp">up</w>
         <c> </c>
         <w xml:id="bjb18-531460"
            n="a-1140"
            ecep:lem="the"
            ecep:pos="dt"
            ecep:reg="the"
            ecep:spe="the"
            ecep:syllab="1"
            ecep:pron="ðiː">the</w>
         <c> </c>
         <w xml:id="bjb18-531470"
            n="a-1150"
            ecep:lem="distant"
            ecep:pos="j"
            ecep:reg="distant"
            ecep:spe="distant"
            ecep:syllab="2"
            ecep:pron="ˈdɪstənt">distant</w>
         <c> </c>
         <w xml:id="bjb18-531480"
            n="a-1160"
            ecep:lem="hill"
            ecep:pos="n1"
            ecep:reg="hill"
            ecep:spe="hill"
            ecep:syllab="1"
            ecep:pron="hɪl">hill</w>
         <c> </c>
         <w xml:id="bjb18-531490"
            n="a-1170"
            ecep:lem="be"
            ecep:pos="vbz"
            ecep:reg="is"
            ecep:spe="is"
            ecep:syllab="1"
            ecep:pron="ɪz">is</w>
         <c> </c>
         <w xml:id="bjb18-531500"
            n="a-1180"
            ecep:lem="creep"
            ecep:pos="vvg"
            ecep:reg="creeping"
            ecep:spe="creeping"
            ecep:syllab="2"
            ecep:pron="ˈkriːpɪŋ">creeping</w>
         <pc xml:id="bjb18-531510"
             n="a-1190"
             ecep:lem=","
             ecep:pos=","
             ecep:reg=","
             ecep:spe=",">,</pc>
      </l>
      <l xml:id="bjb18-l28920">
         <c> </c>
         <w xml:id="bjb18-531520"
            n="a-1200"
            ecep:lem="and"
            ecep:pos="cc"
            ecep:reg="And"
            ecep:spe="And"
            ecep:syllab="1"
            ecep:pron="ænd">And</w>
         <c> </c>
         <w xml:id="bjb18-531530"
            n="a-1210"
            ecep:lem="wood"
            ecep:pos="n2"
            ecep:reg="woods"
            ecep:spe="woods"
            ecep:syllab="1"
            ecep:pron="wʊdz">woods</w>
         <c> </c>
         <w xml:id="bjb18-531540"
            n="a-1220"
            ecep:lem="through"
            ecep:pos="p-acp"
            ecep:reg="through"
            ecep:spe="through"
            ecep:syllab="1"
            ecep:pron="θruː">through</w>
         <c> </c>
         <w xml:id="bjb18-531550"
            n="a-1230"
            ecep:lem="the"
            ecep:pos="dt"
            ecep:reg="the"
            ecep:spe="the"
            ecep:syllab="1"
            ecep:pron="ðiː">the</w>
         <c> </c>
         <w xml:id="bjb18-531560"
            n="a-1240"
            ecep:lem="morning"
            ecep:pos="n1"
            ecep:reg="morning"
            ecep:spe="morning"
            ecep:syllab="2"
            ecep:pron="ˈmɔːnɪŋ">morning</w>
         <c> </c>
         <w xml:id="bjb18-531570"
            n="a-1250"
            ecep:lem="cloud"
            ecep:pos="n1"
            ecep:reg="cloud"
            ecep:spe="cloud"
            ecep:syllab="1"
            ecep:pron="klaʊd">cloud</w>
         <c> </c>
         <w xml:id="bjb18-531580"
            n="a-1260"
            ecep:lem="be"
            ecep:pos="vbb"
            ecep:reg="are"
            ecep:spe="are"
            ecep:syllab="1"
            ecep:pron="ɑː">are</w>
         <c> </c>
         <w xml:id="bjb18-531590"
            n="a-1270"
            ecep:lem="peep"
            ecep:pos="vvg"
            ecep:reg="peeping"
            ecep:spe="peeping"
            ecep:syllab="2"
            ecep:pron="ˈpiːpɪŋ">peeping</w>
         <pc xml:id="bjb18-531600"
             n="a-1280"
             ecep:lem=","
             ecep:pos=","
             ecep:reg=","
             ecep:spe=",">,</pc>
      </l>
      <l rendition="#h_9" xml:id="bjb18-l28925">
         <c> </c>
         <w xml:id="bjb18-531610"
            n="a-1290"
            ecep:lem="there"
            ecep:pos="pc-acp"
            ecep:reg="There"
            ecep:spe="There"
            ecep:syllab="1"
            ecep:pron="ðeə">There</w>
         <c> </c>
         <w xml:id="bjb18-531620"
            n="a-1300"
            ecep:lem="dwell"
            ecep:pos="vvz"
            ecep:reg="dwells"
            ecep:spe="dwelleth"
            ecep:syllab="2"
            ecep:pron="ˈdwelɪθ">dwelleth</w>
         <c> </c>
         <w xml:id="bjb18-531630"
            n="a-1310"
            ecep:lem="she"
            ecep:pos="pns31"
            ecep:reg="she"
            ecep:spe="she"
            ecep:syllab="1"
            ecep:pron="ʃiː">she</w>
         <pc xml:id="bjb18-531640"
             n="a-1320"
             unit="sentence"
             ecep:lem="."
             ecep:pos="."
             ecep:reg="."
             ecep:spe=".">.</pc>
         <c> </c>
      </l>
   </lg>
   <pb n="359" rend="none"/>
   <lg xml:id="bjb18-s03690">
      <l xml:id="bjb18-l28930">
         <w xml:id="bjb18-531670"
            n="a-0010"
            ecep:lem="do"
            ecep:pos="vdz"
            ecep:reg="Does"
            ecep:spe="Doth"
            ecep:syllab="1"
            ecep:pron="dʌθ">Doth</w>
         <c> </c>
         <w xml:id="bjb18-531680"
            n="a-0020"
            ecep:lem="gentle"
            ecep:pos="j-jn"
            ecep:reg="gentle"
            ecep:spe="gentle"
            ecep:syllab="2"
            ecep:pron="ˈdʒentl">gentle</w>
         <c> </c>
         <w xml:id="bjb18-531690"
            n="a-0030"
            ecep:lem="deep"
            ecep:pos="av-jn"
            ecep:reg="deep"
            ecep:spe="deep"
            ecep:syllab="1"
            ecep:pron="diːp">deep</w>
         <c> </c>
         <w xml:id="bjb18-531700"
            n="a-0040"
            ecep:lem="her"
            ecep:pos="po31"
            ecep:reg="her"
            ecep:spe="her"
            ecep:syllab="1"
            ecep:pron="hɜː">her</w>
         <c> </c>
         <w xml:id="bjb18-531710"
            n="a-0050"
            ecep:lem="sense"
            ecep:pos="n2"
            ecep:reg="senses"
            ecep:spe="senses"
            ecep:syllab="2"
            ecep:pron="ˈsensɪz">senses</w>
         <c> </c>
         <w xml:id="bjb18-531720"
            n="a-0060"
            ecep:lem="steep"
            ecep:pos="j"
            ecep:reg="steep"
            ecep:spe="steep"
            ecep:syllab="1"
            ecep:pron="stiːp">steep</w>
      </l>
      <l rendition="#h_3" xml:id="bjb18-l28935">
         <c> </c>
         <w xml:id="bjb18-531730"
            n="a-0070"
            ecep:lem="or"
            ecep:pos="cc"
            ecep:reg="Or"
            ecep:spe="Or"
            ecep:syllab="1"
            ecep:pron="ɔː">Or</w>
         <c> </c>
         <w xml:id="bjb18-531740"
            n="a-0080"
            ecep:lem="do"
            ecep:pos="vdz"
            ecep:reg="does"
            ecep:spe="does"
            ecep:syllab="1"
            ecep:pron="dʌz">does</w>
         <c> </c>
         <w xml:id="bjb18-531750"
            n="a-0090"
            ecep:lem="she"
            ecep:pos="pns31"
            ecep:reg="she"
            ecep:spe="she"
            ecep:syllab="1"
            ecep:pron="ʃiː">she</w>
         <c> </c>
         <w xml:id="bjb18-531760"
            n="a-0100"
            ecep:lem="wake"
            ecep:pos="vvi"
            ecep:reg="wake"
            ecep:spe="wake"
            ecep:syllab="1"
            ecep:pron="weɪk">wake</w>
         <pc xml:id="bjb18-531770"
             n="a-0110"
             ecep:lem="?"
             ecep:pos="?"
             ecep:reg="?"
             ecep:spe="?">?</pc>
         <c> </c>
         <w xml:id="bjb18-531780"
            n="a-0120"
            ecep:lem="or"
            ecep:pos="cc"
            ecep:reg="or"
            ecep:spe="or"
            ecep:syllab="1"
            ecep:pron="ɔː">or</w>
         <c> </c>
         <w xml:id="bjb18-531790"
            n="a-0130"
            ecep:lem="do"
            ecep:pos="vdz"
            ecep:reg="does"
            ecep:spe="does"
            ecep:syllab="1"
            ecep:pron="dʌz">does</w>
         <c> </c>
         <w xml:id="bjb18-531800"
            n="a-0140"
            ecep:lem="she"
            ecep:pos="pns31"
            ecep:reg="she"
            ecep:spe="she"
            ecep:syllab="1"
            ecep:pron="ʃiː">she</w>
         <c> </c>
         <w xml:id="bjb18-531810"
            n="a-0150"
            ecep:lem="wake"
            ecep:pos="vvi"
            ecep:reg="wake"
            ecep:spe="wake"
            ecep:syllab="1"
            ecep:pron="weɪk">wake</w>
         <pc xml:id="bjb18-531820"
             n="a-0160"
             unit="sentence"
             ecep:lem="?"
             ecep:pos="?"
             ecep:reg="?"
             ecep:spe="?">?</pc>
         <c> </c>
      </l>
      <l xml:id="bjb18-l28940">
         <w xml:id="bjb18-531830"
            n="a-0170"
            ecep:lem="even"
            ecep:pos="av-j"
            ecep:reg="Even"
            ecep:spe="Even"
            ecep:syllab="2"
            ecep:pron="ˈiːvn">Even</w>
         <c> </c>
         <w xml:id="bjb18-531840"
            n="a-0180"
            ecep:lem="now"
            ecep:pos="av"
            ecep:reg="now"
            ecep:spe="now"
            ecep:syllab="1"
            ecep:pron="naʊ">now</w>
         <c> </c>
         <w xml:id="bjb18-531850"
            n="a-0190"
            ecep:lem="perhaps"
            ecep:pos="av"
            ecep:reg="perhaps"
            ecep:spe="perhaps"
            ecep:syllab="2"
            ecep:pron="pəˈhæps">perhaps</w>
         <pc xml:id="bjb18-531860"
             n="a-0200"
             ecep:lem=","
             ecep:pos=","
             ecep:reg=","
             ecep:spe=",">,</pc>
         <c> </c>
         <w xml:id="bjb18-531870"
            n="a-0210"
            ecep:lem="her"
            ecep:pos="po31"
            ecep:reg="her"
            ecep:spe="her"
            ecep:syllab="1"
            ecep:pron="hɜː">her</w>
         <c> </c>
         <w xml:id="bjb18-531880"
            n="a-0220"
            ecep:lem="dark"
            ecep:pos="j"
            ecep:reg="dark"
            ecep:spe="dark"
            ecep:syllab="1"
            ecep:pron="dɑːk">dark</w>
         <c> </c>
         <w xml:id="bjb18-531890"
            n="a-0230"
            ecep:lem="hair"
            ecep:pos="n1"
            ecep:reg="hair"
            ecep:spe="hair"
            ecep:syllab="1"
            ecep:pron="heə">hair</w>
         <c> </c>
         <w xml:id="bjb18-531900"
            n="a-0240"
            ecep:lem="raise"
            ecep:pos="vvg"
            ecep:reg="raising"
            ecep:spe="raising"
            ecep:syllab="2"
            ecep:pron="ˈreɪzɪŋ">raising</w>
         <pc xml:id="bjb18-531910"
             n="a-0250"
             ecep:lem=","
             ecep:pos=","
             ecep:reg=","
             ecep:spe=",">,</pc>
      </l>
      <l xml:id="bjb18-l28945">
         <c> </c>
         <w xml:id="bjb18-531920"
            n="a-0260"
            ecep:lem="at"
            ecep:pos="p-acp"
            ecep:reg="At"
            ecep:spe="At"
            ecep:syllab="1"
            ecep:pron="æt">At</w>
         <c> </c>
         <w xml:id="bjb18-531930"
            n="a-0270"
            ecep:lem="her"
            ecep:pos="po31"
            ecep:reg="her"
            ecep:spe="her"
            ecep:syllab="1"
            ecep:pron="hɜː">her</w>
         <c> </c>
         <w xml:id="bjb18-531940"
            n="a-0280"
            ecep:lem="casement"
            ecep:pos="n1"
            ecep:reg="casement"
            ecep:spe="casement"
            ecep:syllab="2"
            ecep:pron="ˈkeɪsmənt">casement</w>
         <c> </c>
         <w xml:id="bjb18-531950"
            n="a-0290"
            ecep:lem="she"
            ecep:pos="pns31"
            ecep:reg="she"
            ecep:spe="she"
            ecep:syllab="1"
            ecep:pron="ʃiː">she</w>
         <c> </c>
         <w xml:id="bjb18-531960"
            n="a-0300"
            ecep:lem="stand"
            ecep:pos="vvz"
            ecep:reg="stands"
            ecep:spe="stands"
            ecep:syllab="1"
            ecep:pron="stændz">stands</w>
         <pc xml:id="bjb18-531970"
             n="a-0310"
             ecep:lem=","
             ecep:pos=","
             ecep:reg=","
             ecep:spe=",">,</pc>
         <c> </c>
         <w xml:id="bjb18-531980"
            n="a-0320"
            ecep:lem="over"
            ecep:pos="p-acp"
            ecep:reg="over"
            ecep:spe="o'er"
            ecep:syllab="1"
            ecep:pron="ˈɔːə">o'er</w>
         <c> </c>
         <w xml:id="bjb18-531990"
            n="a-0330"
            ecep:lem="the"
            ecep:pos="dt"
            ecep:reg="the"
            ecep:spe="the"
            ecep:syllab="1"
            ecep:pron="ðiː">the</w>
         <c> </c>
         <w xml:id="bjb18-532000"
            n="a-0340"
            ecep:lem="water"
            ecep:pos="n2"
            ecep:reg="waters"
            ecep:spe="waters"
            ecep:syllab="2"
            ecep:pron="ˈwɔːtəz">waters</w>
         <c> </c>
         <w xml:id="bjb18-532010"
            n="a-0350"
            ecep:lem="she|be"
            ecep:pos="pns31|vbz"
            ecep:reg="she's"
            ecep:spe="she's"
            ecep:syllab="1"
            ecep:pron="ʃiːz">she's</w>
         <c> </c>
         <w xml:id="bjb18-532020"
            n="a-0360"
            ecep:lem="gaze"
            ecep:pos="vvg"
            ecep:reg="gazing"
            ecep:spe="gazing"
            ecep:syllab="2"
            ecep:pron="ˈgeɪzɪŋ">gazing</w>
         <pc xml:id="bjb18-532030"
             n="a-0370"
             ecep:lem=","
             ecep:pos=","
             ecep:reg=","
             ecep:spe=",">,</pc>
      </l>
      <l rendition="#h_9" xml:id="bjb18-l28950">
         <c> </c>
         <w xml:id="bjb18-532040"
            n="a-0380"
            ecep:lem="all"
            ecep:pos="av-d"
            ecep:reg="All"
            ecep:spe="All"
            ecep:syllab="1"
            ecep:pron="ɔːl">All</w>
         <c> </c>
         <w xml:id="bjb18-532050"
            n="a-0390"
            ecep:lem="for"
            ecep:pos="p-acp"
            ecep:reg="for"
            ecep:spe="for"
            ecep:syllab="1"
            ecep:pron="fɔː">for</w>
         <c> </c>
         <w xml:id="bjb18-532060"
            n="a-0400"
            ecep:lem="my"
            ecep:pos="po11"
            ecep:reg="my"
            ecep:spe="my"
            ecep:syllab="1"
            ecep:pron="maɪ">my</w>
         <c> </c>
         <w xml:id="bjb18-532070"
            n="a-0410"
            ecep:lem="sake"
            ecep:pos="n1"
            ecep:reg="sake"
            ecep:spe="sake"
            ecep:syllab="1"
            ecep:pron="ˈsɑːki">sake</w>
         <pc xml:id="bjb18-532080"
             n="a-0420"
             unit="sentence"
             ecep:lem="."
             ecep:pos="."
             ecep:reg="."
             ecep:spe=".">.</pc>
         <c> </c>
      </l>
   </lg>
   <lg xml:id="bjb18-s03695">
      <l xml:id="bjb18-l28955">
         <w xml:id="bjb18-532110"
            n="a-0430"
            ecep:lem="her"
            ecep:pos="po31"
            ecep:reg="Her"
            ecep:spe="Her"
            ecep:syllab="1"
            ecep:pron="hɜː">Her</w>
         <c> </c>
         <w xml:id="bjb18-532120"
            n="a-0440"
            ecep:lem="face"
            ecep:pos="n1"
            ecep:reg="face"
            ecep:spe="face"
            ecep:syllab="1"
            ecep:pron="feɪs">face</w>
         <c> </c>
         <w xml:id="bjb18-532130"
            n="a-0450"
            ecep:lem="be"
            ecep:pos="vbz"
            ecep:reg="is"
            ecep:spe="is"
            ecep:syllab="1"
            ecep:pron="ɪz">is</w>
         <c> </c>
         <w xml:id="bjb18-532140"
            n="a-0460"
            ecep:lem="gay"
            ecep:pos="j"
            ecep:reg="gay"
            ecep:spe="gay"
            ecep:syllab="1"
            ecep:pron="geɪ">gay</w>
         <c> </c>
         <w xml:id="bjb18-532150"
            n="a-0470"
            ecep:lem="as"
            ecep:pos="c-acp"
            ecep:reg="as"
            ecep:spe="as"
            ecep:syllab="1"
            ecep:pron="æz">as</w>
         <c> </c>
         <w xml:id="bjb18-532160"
            n="a-0480"
            ecep:lem="the"
            ecep:pos="dt"
            ecep:reg="the"
            ecep:spe="the"
            ecep:syllab="1"
            ecep:pron="ðiː">the</w>
         <c> </c>
         <w xml:id="bjb18-532170"
            n="a-0490"
            ecep:lem="joyous"
            ecep:pos="j"
            ecep:reg="joyous"
            ecep:spe="joyous"
            ecep:syllab="2"
            ecep:pron="ˈdʒɔɪəs">joyous</w>
         <c> </c>
         <w xml:id="bjb18-532180"
            n="a-0500"
            ecep:lem="day"
            ecep:pos="n1"
            ecep:reg="day"
            ecep:spe="day"
            ecep:syllab="1"
            ecep:pron="deɪ">day</w>
         <pc xml:id="bjb18-532190"
             n="a-0510"
             ecep:lem=","
             ecep:pos=","
             ecep:reg=","
             ecep:spe=",">,</pc>
      </l>
      <l rendition="#h_3" xml:id="bjb18-l28960">
         <c> </c>
         <w xml:id="bjb18-532200"
            n="a-0520"
            ecep:lem="and"
            ecep:pos="cc"
            ecep:reg="And"
            ecep:spe="And"
            ecep:syllab="1"
            ecep:pron="ænd">And</w>
         <c> </c>
         <w xml:id="bjb18-532210"
            n="a-0530"
            ecep:lem="o"
            ecep:pos="uh"
            ecep:reg="OH"
            ecep:spe="O"
            ecep:syllab="1"
            ecep:pron="əʊ">O</w>
         <c> </c>
         <w xml:id="bjb18-532220"
            n="a-0540"
            ecep:lem="how"
            ecep:pos="c-crq"
            ecep:reg="how"
            ecep:spe="how"
            ecep:syllab="1"
            ecep:pron="haʊ">how</w>
         <c> </c>
         <w xml:id="bjb18-532230"
            n="a-0550"
            ecep:lem="sweet"
            ecep:pos="j"
            ecep:reg="sweet"
            ecep:spe="sweet"
            ecep:syllab="1"
            ecep:pron="swiːt">sweet</w>
         <pc xml:id="bjb18-532240"
             n="a-0560"
             ecep:lem="!"
             ecep:pos="!"
             ecep:reg="!"
             ecep:spe="!">!</pc>
         <c> </c>
         <w xml:id="bjb18-532250"
            n="a-0570"
            ecep:lem="and"
            ecep:pos="cc"
            ecep:reg="and"
            ecep:spe="and"
            ecep:syllab="1"
            ecep:pron="ænd">and</w>
         <c> </c>
         <w xml:id="bjb18-532260"
            n="a-0580"
            ecep:lem="o"
            ecep:pos="uh"
            ecep:reg="OH"
            ecep:spe="O"
            ecep:syllab="1"
            ecep:pron="əʊ">O</w>
         <c> </c>
         <w xml:id="bjb18-532270"
            n="a-0590"
            ecep:lem="how"
            ecep:pos="c-crq"
            ecep:reg="how"
            ecep:spe="how"
            ecep:syllab="1"
            ecep:pron="haʊ">how</w>
         <c> </c>
         <w xml:id="bjb18-532280"
            n="a-0600"
            ecep:lem="sweet"
            ecep:pos="j"
            ecep:reg="sweet"
            ecep:spe="sweet"
            ecep:syllab="1"
            ecep:pron="swiːt">sweet</w>
         <pc xml:id="bjb18-532290"
             n="a-0610"
             unit="sentence"
             ecep:lem="!"
             ecep:pos="!"
             ecep:reg="!"
             ecep:spe="!">!</pc>
         <c> </c>
      </l>
      <l xml:id="bjb18-l28965">
         <w xml:id="bjb18-532300"
            n="a-0620"
            ecep:lem="her"
            ecep:pos="po31"
            ecep:reg="Her"
            ecep:spe="Her"
            ecep:syllab="1"
            ecep:pron="hɜː">Her</w>
         <c> </c>
         <w xml:id="bjb18-532310"
            n="a-0630"
            ecep:lem="voice"
            ecep:pos="n1"
            ecep:reg="voice"
            ecep:spe="voice"
            ecep:syllab="1"
            ecep:pron="vɔɪs">voice</w>
         <c> </c>
         <w xml:id="bjb18-532320"
            n="a-0640"
            ecep:lem="as"
            ecep:pos="c-acp"
            ecep:reg="as"
            ecep:spe="as"
            ecep:syllab="1"
            ecep:pron="æz">as</w>
         <c> </c>
         <w xml:id="bjb18-532330"
            n="a-0650"
            ecep:lem="she"
            ecep:pos="pns31"
            ecep:reg="she"
            ecep:spe="she"
            ecep:syllab="1"
            ecep:pron="ʃiː">she</w>
         <c> </c>
         <w xml:id="bjb18-532340"
            n="a-0660"
            ecep:lem="utter"
            ecep:pos="vvz"
            ecep:reg="utters"
            ecep:spe="utters"
            ecep:syllab="2"
            ecep:pron="ˈʌtəz">utters</w>
         <c> </c>
         <w xml:id="bjb18-532350"
            n="a-0670"
            ecep:lem="her"
            ecep:pos="po31"
            ecep:reg="her"
            ecep:spe="her"
            ecep:syllab="1"
            ecep:pron="hɜː">her</w>
         <c> </c>
         <w xml:id="bjb18-532360"
            n="a-0680"
            ecep:lem="modest"
            ecep:pos="j"
            ecep:reg="modest"
            ecep:spe="modest"
            ecep:syllab="2"
            ecep:pron="ˈmɒdɪst">modest</w>
         <c> </c>
         <w xml:id="bjb18-532370"
            n="a-0690"
            ecep:lem="greeting"
            ecep:pos="n1"
            ecep:reg="greeting"
            ecep:spe="greeting"
            ecep:syllab="2"
            ecep:pron="ˈgriːtɪŋ">greeting</w>
         <pc xml:id="bjb18-532380"
             n="a-0700"
             ecep:lem=","
             ecep:pos=","
             ecep:reg=","
             ecep:spe=",">,</pc>
      </l>
      <l xml:id="bjb18-l28970">
         <c> </c>
         <w xml:id="bjb18-532390"
            n="a-0710"
            ecep:lem="while"
            ecep:pos="cs"
            ecep:reg="While"
            ecep:spe="While"
            ecep:syllab="1"
            ecep:pron="waɪl">While</w>
         <c> </c>
         <w xml:id="bjb18-532400"
            n="a-0720"
            ecep:lem="my"
            ecep:pos="po11"
            ecep:reg="my"
            ecep:spe="my"
            ecep:syllab="1"
            ecep:pron="maɪ">my</w>
         <c> </c>
         <w xml:id="bjb18-532410"
            n="a-0730"
            ecep:lem="heart"
            ecep:pos="n1"
            ecep:reg="heart"
            ecep:spe="heart"
            ecep:syllab="1"
            ecep:pron="hɑːt">heart</w>
         <c> </c>
         <w xml:id="bjb18-532420"
            n="a-0740"
            ecep:lem="at"
            ecep:pos="p-acp"
            ecep:reg="at"
            ecep:spe="at"
            ecep:syllab="1"
            ecep:pron="æt">at</w>
         <c> </c>
         <w xml:id="bjb18-532430"
            n="a-0750"
            ecep:lem="the"
            ecep:pos="dt"
            ecep:reg="the"
            ecep:spe="the"
            ecep:syllab="1"
            ecep:pron="ðiː">the</w>
         <c> </c>
         <w xml:id="bjb18-532440"
            n="a-0760"
            ecep:lem="sound"
            ecep:pos="n1"
            ecep:reg="sound"
            ecep:spe="sound"
            ecep:syllab="1"
            ecep:pron="saʊnd">sound</w>
         <c> </c>
         <w xml:id="bjb18-532450"
            n="a-0770"
            ecep:lem="be"
            ecep:pos="vbz"
            ecep:reg="is"
            ecep:spe="is"
            ecep:syllab="1"
            ecep:pron="ɪz">is</w>
         <c> </c>
         <w xml:id="bjb18-532460"
            n="a-0780"
            ecep:lem="so"
            ecep:pos="av"
            ecep:reg="so"
            ecep:spe="so"
            ecep:syllab="1"
            ecep:pron="səʊ">so</w>
         <c> </c>
         <w xml:id="bjb18-532470"
            n="a-0790"
            ecep:lem="quick"
            ecep:pos="av-j"
            ecep:reg="quickly"
            ecep:spe="quickly"
            ecep:syllab="2"
            ecep:pron="ˈkwɪkli">quickly</w>
         <c> </c>
         <w xml:id="bjb18-532480"
            n="a-0800"
            ecep:lem="beat"
            ecep:pos="vvg"
            ecep:reg="beating"
            ecep:spe="beating"
            ecep:syllab="2"
            ecep:pron="ˈbiːtɪŋ">beating</w>
         <pc xml:id="bjb18-532490"
             n="a-0810"
             ecep:lem=","
             ecep:pos=","
             ecep:reg=","
             ecep:spe=",">,</pc>
      </l>
      <l rendition="#h_9" xml:id="bjb18-l28975">
         <c> </c>
         <w xml:id="bjb18-532500"
            n="a-0820"
            ecep:lem="whenever"
            ecep:pos="cs"
            ecep:reg="Whenever"
            ecep:spe="Whene'er"
            ecep:syllab="2"
            ecep:pron="wenˈeə">Whene'er</w>
         <c> </c>
         <w xml:id="bjb18-532510"
            n="a-0830"
            ecep:lem="we"
            ecep:pos="pns12"
            ecep:reg="we"
            ecep:spe="we"
            ecep:syllab="1"
            ecep:pron="wiː">we</w>
         <c> </c>
         <w xml:id="bjb18-532520"
            n="a-0840"
            ecep:lem="meet"
            ecep:pos="vvb"
            ecep:reg="meet"
            ecep:spe="meet"
            ecep:syllab="1"
            ecep:pron="miːt">meet</w>
         <pc xml:id="bjb18-532530"
             n="a-0850"
             unit="sentence"
             ecep:lem="!"
             ecep:pos="!"
             ecep:reg="!"
             ecep:spe="!">!</pc>
         <c> </c>
      </l>
   </lg>
   <lg xml:id="bjb18-s03700">
      <l xml:id="bjb18-l28980">
         <w xml:id="bjb18-532560"
            n="a-0860"
            ecep:lem="when"
            ecep:pos="c-crq"
            ecep:reg="When"
            ecep:spe="When"
            ecep:syllab="1"
            ecep:pron="wen">When</w>
         <c> </c>
         <w xml:id="bjb18-532570"
            n="a-0870"
            ecep:lem="time"
            ecep:pos="n1"
            ecep:reg="time"
            ecep:spe="time"
            ecep:syllab="1"
            ecep:pron="taɪm">time</w>
         <c> </c>
         <w xml:id="bjb18-532580"
            n="a-0880"
            ecep:lem="run"
            ecep:pos="vvz"
            ecep:reg="runs"
            ecep:spe="runs"
            ecep:syllab="1"
            ecep:pron="rʌnz">runs</w>
         <c> </c>
         <w xml:id="bjb18-532590"
            n="a-0890"
            ecep:lem="on"
            ecep:pos="a-acp"
            ecep:reg="on"
            ecep:spe="on"
            ecep:syllab="1"
            ecep:pron="ɒn">on</w>
         <pc xml:id="bjb18-532600"
             n="a-0900"
             ecep:lem=","
             ecep:pos=","
             ecep:reg=","
             ecep:spe=",">,</pc>
         <c> </c>
         <w xml:id="bjb18-532610"
            n="a-0910"
            ecep:lem="and"
            ecep:pos="cc"
            ecep:reg="and"
            ecep:spe="and"
            ecep:syllab="1"
            ecep:pron="ænd">and</w>
         <c> </c>
         <w xml:id="bjb18-532620"
            n="a-0920"
            ecep:lem="week"
            ecep:pos="n2"
            ecep:reg="weeks"
            ecep:spe="weeks"
            ecep:syllab="1"
            ecep:pron="wiːks">weeks</w>
         <c> </c>
         <w xml:id="bjb18-532630"
            n="a-0930"
            ecep:lem="be"
            ecep:pos="vbr"
            ecep:reg="are"
            ecep:spe="are"
            ecep:syllab="1"
            ecep:pron="ɑː">are</w>
         <c> </c>
         <w xml:id="bjb18-532640"
            n="a-0940"
            ecep:lem="go"
            ecep:pos="vvn"
            ecep:reg="gone"
            ecep:spe="gone"
            ecep:syllab="1"
            ecep:pron="gɒn">gone</w>
         <pc xml:id="bjb18-532650"
             n="a-0950"
             ecep:lem=","
             ecep:pos=","
             ecep:reg=","
             ecep:spe=",">,</pc>
      </l>
      <l rendition="#h_3" xml:id="bjb18-l28985">
         <c> </c>
         <w xml:id="bjb18-532660"
            n="a-0960"
            ecep:lem="then"
            ecep:pos="av"
            ecep:reg="Then"
            ecep:spe="Then"
            ecep:syllab="1"
            ecep:pron="ðen">Then</w>
         <c> </c>
         <w xml:id="bjb18-532670"
            n="a-0970"
            ecep:lem="on"
            ecep:pos="p-acp"
            ecep:reg="on"
            ecep:spe="on"
            ecep:syllab="1"
            ecep:pron="ɒn">on</w>
         <c> </c>
         <w xml:id="bjb18-532680"
            n="a-0980"
            ecep:lem="that"
            ecep:pos="d"
            ecep:reg="that"
            ecep:spe="that"
            ecep:syllab="1"
            ecep:pron="ðæt">that</w>
         <c> </c>
         <w xml:id="bjb18-532690"
            n="a-0990"
            ecep:lem="shore"
            ecep:pos="n1"
            ecep:reg="shore"
            ecep:spe="shore"
            ecep:syllab="1"
            ecep:pron="ʃɔː">shore</w>
         <pc xml:id="bjb18-532700"
             n="a-1000"
             ecep:lem=","
             ecep:pos=","
             ecep:reg=","
             ecep:spe=",">,</pc>
         <c> </c>
         <w xml:id="bjb18-532710"
            n="a-1010"
            ecep:lem="then"
            ecep:pos="av"
            ecep:reg="then"
            ecep:spe="then"
            ecep:syllab="1"
            ecep:pron="ðen">then</w>
         <c> </c>
         <w xml:id="bjb18-532720"
            n="a-1020"
            ecep:lem="on"
            ecep:pos="p-acp"
            ecep:reg="on"
            ecep:spe="on"
            ecep:syllab="1"
            ecep:pron="ɒn">on</w>
         <c> </c>
         <w xml:id="bjb18-532730"
            n="a-1030"
            ecep:lem="that"
            ecep:pos="d"
            ecep:reg="that"
            ecep:spe="that"
            ecep:syllab="1"
            ecep:pron="ðæt">that</w>
         <c> </c>
         <w xml:id="bjb18-532740"
            n="a-1040"
            ecep:lem="shore"
            ecep:pos="n1"
            ecep:reg="shore"
            ecep:spe="shore"
            ecep:syllab="1"
            ecep:pron="ʃɔː">shore</w>
         <pc xml:id="bjb18-532750"
             n="a-1050"
             ecep:lem=","
             ecep:pos=","
             ecep:reg=","
             ecep:spe=",">,</pc>
      </l>
      <l xml:id="bjb18-l28990">
         <c> </c>
         <w xml:id="bjb18-532760"
            n="a-1060"
            ecep:lem="i|will"
            ecep:pos="pns11|vmb"
            ecep:reg="I'll"
            ecep:spe="I'll"
            ecep:syllab="1"
            ecep:pron="ˈaɪl">I'll</w>
         <c> </c>
         <w xml:id="bjb18-532770"
            n="a-1070"
            ecep:lem="meet"
            ecep:pos="vvi"
            ecep:reg="meet"
            ecep:spe="meet"
            ecep:syllab="1"
            ecep:pron="miːt">meet</w>
         <c> </c>
         <w xml:id="bjb18-532780"
            n="a-1080"
            ecep:lem="she"
            ecep:pos="pno31"
            ecep:reg="her"
            ecep:spe="her"
            ecep:syllab="1"
            ecep:pron="hɜː">her</w>
         <c> </c>
         <w xml:id="bjb18-532790"
            n="a-1090"
            ecep:lem="with"
            ecep:pos="p-acp"
            ecep:reg="with"
            ecep:spe="with"
            ecep:syllab="1"
            ecep:pron="wɪð">with</w>
         <c> </c>
         <w xml:id="bjb18-532800"
            n="a-1100"
            ecep:lem="all"
            ecep:pos="d"
            ecep:reg="all"
            ecep:spe="all"
            ecep:syllab="1"
            ecep:pron="ɔːl">all</w>
         <c> </c>
         <w xml:id="bjb18-532810"
            n="a-1110"
            ecep:lem="my"
            ecep:pos="po11"
            ecep:reg="my"
            ecep:spe="my"
            ecep:syllab="1"
            ecep:pron="maɪ">my</w>
         <c> </c>
         <w xml:id="bjb18-532820"
            n="a-1120"
            ecep:lem="gay"
            ecep:pos="j"
            ecep:reg="gay"
            ecep:spe="gay"
            ecep:syllab="1"
            ecep:pron="geɪ">gay</w>
         <c> </c>
         <w xml:id="bjb18-532830"
            n="a-1130"
            ecep:lem="bridesman"
            ecep:pos="n2"
            ecep:reg="bridesmen"
            ecep:spe="bridesmen"
            ecep:syllab="3"
            ecep:pron="ˈbraɪdzmən">bridesmen</w>
         <c> </c>
         <w xml:id="bjb18-532840"
            n="a-1140"
            ecep:lem="bound"
            ecep:pos="vvg"
            ecep:reg="bounding"
            ecep:spe="bounding"
            ecep:syllab="2"
            ecep:pron="ˈbaʊndɪŋ">bounding</w>
         <pc xml:id="bjb18-532850"
             n="a-1150"
             ecep:lem=","
             ecep:pos=","
             ecep:reg=","
             ecep:spe=",">,</pc>
      </l>
      <l xml:id="bjb18-l28995">
         <c> </c>
         <w xml:id="bjb18-532860"
            n="a-1160"
            ecep:lem="in"
            ecep:pos="p-acp"
            ecep:reg="In"
            ecep:spe="In"
            ecep:syllab="1"
            ecep:pron="ɪn">In</w>
         <c> </c>
         <w xml:id="bjb18-532870"
            n="a-1170"
            ecep:lem="light-hearted"
            ecep:pos="j"
            ecep:reg="lighthearted"
            ecep:spe="light-hearted"
            ecep:syllab="3"
            ecep:pron="ˌlaɪtˈhɑːtɪd">light-hearted</w>
         <c> </c>
         <w xml:id="bjb18-532880"
            n="a-1180"
            ecep:lem="glee"
            ecep:pos="n1"
            ecep:reg="glee"
            ecep:spe="glee"
            ecep:syllab="1"
            ecep:pron="gliː">glee</w>
         <c> </c>
         <w xml:id="bjb18-532890"
            n="a-1190"
            ecep:lem="to"
            ecep:pos="p-acp"
            ecep:reg="to"
            ecep:spe="to"
            ecep:syllab="1"
            ecep:pron="tuː">to</w>
         <c> </c>
         <w xml:id="bjb18-532900"
            n="a-1200"
            ecep:lem="the"
            ecep:pos="dt"
            ecep:reg="the"
            ecep:spe="the"
            ecep:syllab="1"
            ecep:pron="ðiː">the</w>
         <c> </c>
         <w xml:id="bjb18-532910"
            n="a-1210"
            ecep:lem="minstrel"
            ecep:pos="ng1"
            ecep:reg="minstrel's"
            ecep:spe="minstrel's"
            ecep:syllab="2"
            ecep:pron="ˈmɪnstrəlz">minstrel's</w>
         <c> </c>
         <w xml:id="bjb18-532920"
            n="a-1220"
            ecep:lem="sound"
            ecep:pos="vvg"
            ecep:reg="sounding"
            ecep:spe="sounding"
            ecep:syllab="2"
            ecep:pron="ˈsaʊndɪŋ">sounding</w>
         <pc xml:id="bjb18-532930"
             n="a-1230"
             ecep:lem=","
             ecep:pos=","
             ecep:reg=","
             ecep:spe=",">,</pc>
      </l>
      <l rendition="#h_9" xml:id="bjb18-l29000">
         <c> </c>
         <w xml:id="bjb18-532940"
            n="a-1240"
            ecep:lem="and"
            ecep:pos="cc"
            ecep:reg="And"
            ecep:spe="And"
            ecep:syllab="1"
            ecep:pron="ænd">And</w>
         <c> </c>
         <w xml:id="bjb18-532950"
            n="a-1250"
            ecep:lem="part"
            ecep:pos="vvb"
            ecep:reg="part"
            ecep:spe="part"
            ecep:syllab="1"
            ecep:pron="pɑːt">part</w>
         <c> </c>
         <w xml:id="bjb18-532960"
            n="a-1260"
            ecep:lem="no"
            ecep:pos="av-dx"
            ecep:reg="no"
            ecep:spe="no"
            ecep:syllab="1"
            ecep:pron="nəʊ">no</w>
         <c> </c>
         <w xml:id="bjb18-532970"
            n="a-1270"
            ecep:lem="more"
            ecep:pos="av-dc"
            ecep:reg="more"
            ecep:spe="more"
            ecep:syllab="1"
            ecep:pron="mɔː">more</w>
         <pc xml:id="bjb18-532980"
             n="a-1280"
             unit="sentence"
             ecep:lem="."
             ecep:pos="."
             ecep:reg="."
             ecep:spe=".">.</pc>
         <c> </c>
      </l>
   </lg>
</div>
