<?xml version="1.0" encoding="UTF-8"?>
<div xmlns:ecep="http://www.eighteenthcenturypoetry.org/ns"
     xmlns="http://www.tei-c.org/ns/1.0"
     xmlns:tei="http://www.tei-c.org/ns/1.0"
     ana="#iamb #tetrameter #couplet #pair #fable"
     corresp="#txt_BarbMa1685_w0029"
     decls="#semi-normalized"
     ecep:syllab="8"
     met="-+|-+|-+|-+/"
     rendition="#lgvspace"
     rhyme="aa"
     subtype="eceptext"
     type="poem"
     xml:id="pba35-w0290">
   <link target="authors.xml#aut_BarbMa1685" type="author"/>
   <link target="11371" type="DMI"/>
   <head type="main">
      <w xml:id="pba35-084650"
         n="a-0010"
         ecep:lem="Jupiter"
         ecep:pos="np1"
         ecep:reg="Jupiter"
         ecep:spe="Jupiter"
         ecep:syllab="3"
         ecep:pron="ˈdʒuːpɪtə">Jupiter</w>
      <c> </c>
      <w xml:id="pba35-084660"
         n="a-0020"
         ecep:lem="and"
         ecep:pos="cc"
         ecep:reg="and"
         ecep:spe="and"
         ecep:syllab="1"
         ecep:pron="ænd">and</w>
      <c> </c>
      <w xml:id="pba35-084670"
         n="a-0030"
         ecep:lem="fortune"
         ecep:pos="n1"
         ecep:reg="Fortune"
         ecep:spe="Fortune"
         ecep:syllab="2"
         ecep:pron="ˈfɔːtʃuːn">Fortune</w>
      <pc xml:id="pba35-084680"
          n="a-0040"
          unit="sentence"
          ecep:lem="."
          ecep:pos="."
          ecep:reg="."
          ecep:spe=".">.</pc>
   </head>
   <head type="sub">
      <w xml:id="pba35-084710"
         n="a-0050"
         ecep:lem="a"
         ecep:pos="dt"
         ecep:reg="A"
         ecep:spe="A"
         ecep:syllab="1"
         ecep:pron="ə">A</w>
      <c> </c>
      <w xml:id="pba35-084720"
         n="a-0060"
         ecep:lem="fable"
         ecep:pos="n1"
         ecep:reg="Fable"
         ecep:spe="Fable"
         ecep:syllab="2"
         ecep:pron="ˈfeɪbl">Fable</w>
      <pc xml:id="pba35-084730"
          n="a-0070"
          unit="sentence"
          ecep:lem="."
          ecep:pos="."
          ecep:reg="."
          ecep:spe=".">.</pc>
   </head>
   <lg xml:id="pba35-s00535">
      <l n="1" xml:id="pba35-l04245">
         <hi rendition="#sc">
            <w xml:id="pba35-084760"
               n="a-0080"
               ecep:lem="once"
               ecep:pos="a-acp"
               ecep:reg="Once"
               ecep:spe="Once"
               ecep:syllab="1"
               ecep:pron="wʌns">Once</w>
            <c> </c>
            <w xml:id="pba35-084770"
               n="a-0090"
               ecep:lem="Jupiter"
               ecep:pos="np1"
               ecep:reg="Jupiter"
               ecep:spe="Jupiter"
               ecep:syllab="3"
               ecep:pron="ˈdʒuːpɪtə">Jupiter</w>
         </hi>
         <pc xml:id="pba35-084780"
             n="a-0100"
             ecep:lem=","
             ecep:pos=","
             ecep:reg=","
             ecep:spe=",">,</pc>
         <c> </c>
         <w xml:id="pba35-084790"
            n="a-0110"
            ecep:lem="from"
            ecep:pos="p-acp"
            ecep:reg="from"
            ecep:spe="from"
            ecep:syllab="1"
            ecep:pron="frɒm">from</w>
         <c> </c>
         <w xml:id="pba35-084800"
            n="a-0120"
            ecep:lem="out"
            ecep:pos="av"
            ecep:reg="out"
            ecep:spe="out"
            ecep:syllab="1"
            ecep:pron="aʊt">out</w>
         <c> </c>
         <w xml:id="pba35-084810"
            n="a-0130"
            ecep:lem="the"
            ecep:pos="dt"
            ecep:reg="the"
            ecep:spe="the"
            ecep:syllab="1"
            ecep:pron="ðiː">the</w>
         <c> </c>
         <w xml:id="pba35-084820"
            n="a-0140"
            ecep:lem="sky"
            ecep:pos="n2"
            ecep:reg="Skies"
            ecep:spe="Skies"
            ecep:syllab="1"
            ecep:pron="skaɪz">Skies</w>
         <pc xml:id="pba35-084830"
             n="a-0150"
             ecep:lem=","
             ecep:pos=","
             ecep:reg=","
             ecep:spe=",">,</pc>
      </l>
      <l n="2" xml:id="pba35-l04250">
         <c> </c>
         <w xml:id="pba35-084840"
            n="a-0160"
            ecep:lem="behold"
            ecep:pos="vvd"
            ecep:reg="Beheld"
            ecep:spe="Beheld"
            ecep:syllab="2"
            ecep:pron="bɪˈheld">Beheld</w>
         <c> </c>
         <w xml:id="pba35-084850"
            n="a-0170"
            ecep:lem="a"
            ecep:pos="dt"
            ecep:reg="a"
            ecep:spe="a"
            ecep:syllab="1"
            ecep:pron="ə">a</w>
         <c> </c>
         <w xml:id="pba35-084860"
            n="a-0180"
            ecep:lem="thousand"
            ecep:pos="crd"
            ecep:reg="thousand"
            ecep:spe="thousand"
            ecep:syllab="2"
            ecep:pron="ˈθaʊznd">thousand</w>
         <c> </c>
         <w xml:id="pba35-084870"
            n="a-0190"
            ecep:lem="temple"
            ecep:pos="n2"
            ecep:reg="Temples"
            ecep:spe="Temples"
            ecep:syllab="2"
            ecep:pron="ˈtemplz">Temples</w>
         <c> </c>
         <w xml:id="pba35-084880"
            n="a-0200"
            ecep:lem="rise"
            ecep:pos="vvi"
            ecep:reg="rise"
            ecep:spe="rise"
            ecep:syllab="1"
            ecep:pron="raɪz">rise</w>
         <pc xml:id="pba35-084890"
             n="a-0210"
             ecep:lem=";"
             ecep:pos=";"
             ecep:reg=";"
             ecep:spe=";">;</pc>
      </l>
      <l n="3" xml:id="pba35-l04255">
         <c> </c>
         <w xml:id="pba35-084900"
            n="a-0220"
            ecep:lem="the"
            ecep:pos="dt"
            ecep:reg="The"
            ecep:spe="The"
            ecep:syllab="1"
            ecep:pron="ðiː">The</w>
         <c> </c>
         <w xml:id="pba35-084910"
            n="a-0230"
            ecep:lem="goddess"
            ecep:pos="n1"
            ecep:reg="Goddess"
            ecep:spe="Goddess"
            ecep:syllab="2"
            ecep:pron="ˈgɒdes">Goddess</w>
         <c> </c>
         <hi rendition="#sc">
            <w xml:id="pba35-084920"
               n="a-0240"
               ecep:lem="fortune"
               ecep:pos="n1"
               ecep:reg="Fortune"
               ecep:spe="Fortune"
               ecep:syllab="2"
               ecep:pron="ˈfɔːtʃuːn">Fortune</w>
         </hi>
         <c> </c>
         <w xml:id="pba35-084930"
            n="a-0250"
            ecep:lem="all"
            ecep:pos="d"
            ecep:reg="all"
            ecep:spe="all"
            ecep:syllab="1"
            ecep:pron="ɔːl">all</w>
         <c> </c>
         <w xml:id="pba35-084940"
            n="a-0260"
            ecep:lem="invoke"
            ecep:pos="vvn"
            ecep:reg="invoked"
            ecep:spe="invok'd"
            ecep:syllab="2"
            ecep:pron="ɪnˈvəʊkt">invok'd</w>
         <pc xml:id="pba35-084950"
             n="a-0270"
             ecep:lem=","
             ecep:pos=","
             ecep:reg=","
             ecep:spe=",">,</pc>
      </l>
      <l n="4" xml:id="pba35-l04260">
         <c> </c>
         <hi rendition="#sc">
            <w xml:id="pba35-084960"
               n="a-0280"
               ecep:lem="to"
               ecep:pos="p-acp"
               ecep:reg="To"
               ecep:spe="To"
               ecep:syllab="1"
               ecep:pron="tuː">To</w>
            <c> </c>
            <w xml:id="pba35-084970"
               n="a-0290"
               ecep:lem="Jove"
               ecep:pos="np1"
               ecep:reg="Jove"
               ecep:spe="Jove"
               ecep:syllab="1"
               ecep:pron="ˈdʒəʊv">Jove</w>
         </hi>
         <c> </c>
         <w xml:id="pba35-084980"
            n="a-0300"
            ecep:lem="a"
            ecep:pos="dt"
            ecep:reg="an"
            ecep:spe="an"
            ecep:syllab="1"
            ecep:pron="æn">an</w>
         <c> </c>
         <w xml:id="pba35-084990"
            n="a-0310"
            ecep:lem="altar"
            ecep:pos="n1"
            ecep:reg="Altar"
            ecep:spe="Altar"
            ecep:syllab="2"
            ecep:pron="ˈɔːltə">Altar</w>
         <c> </c>
         <w xml:id="pba35-085000"
            n="a-0320"
            ecep:lem="seldom"
            ecep:pos="av"
            ecep:reg="seldom"
            ecep:spe="seldom"
            ecep:syllab="2"
            ecep:pron="ˈseldəm">seldom</w>
         <c> </c>
         <w xml:id="pba35-085010"
            n="a-0330"
            ecep:lem="smoke"
            ecep:pos="vvn"
            ecep:reg="smoked"
            ecep:spe="smoak'd"
            ecep:syllab="1"
            ecep:pron="smˈəʊkd">smoak'd</w>
         <pc xml:id="pba35-085020"
             n="a-0340"
             ecep:lem=":"
             ecep:pos=":"
             ecep:reg=":"
             ecep:spe=":">:</pc>
      </l>
      <l n="5" xml:id="pba35-l04265">
         <c> </c>
         <w xml:id="pba35-085030"
            n="a-0350"
            ecep:lem="the"
            ecep:pos="dt"
            ecep:reg="The"
            ecep:spe="The"
            ecep:syllab="1"
            ecep:pron="ðiː">The</w>
         <c> </c>
         <w xml:id="pba35-085040"
            n="a-0360"
            ecep:lem="god"
            ecep:pos="n1"
            ecep:reg="God"
            ecep:spe="God"
            ecep:syllab="1"
            ecep:pron="gɒd">God</w>
         <c> </c>
         <w xml:id="pba35-085050"
            n="a-0370"
            ecep:lem="resolve"
            ecep:pos="vvd"
            ecep:reg="resolved"
            ecep:spe="resolv'd"
            ecep:syllab="2"
            ecep:pron="rɪˈzɒlvd">resolv'd</w>
         <c> </c>
         <w xml:id="pba35-085060"
            n="a-0380"
            ecep:lem="to"
            ecep:pos="pc-acp"
            ecep:reg="to"
            ecep:spe="to"
            ecep:syllab="1"
            ecep:pron="tuː">to</w>
         <c> </c>
         <w xml:id="pba35-085070"
            n="a-0390"
            ecep:lem="make"
            ecep:pos="vvi"
            ecep:reg="make"
            ecep:spe="make"
            ecep:syllab="1"
            ecep:pron="meɪk">make</w>
         <c> </c>
         <w xml:id="pba35-085080"
            n="a-0400"
            ecep:lem="inspection"
            ecep:pos="n1"
            ecep:reg="Inspection"
            ecep:spe="Inspection"
            ecep:syllab="3"
            ecep:pron="ɪnˈspekʃn">Inspection</w>
         <pc xml:id="pba35-085090"
             n="a-0410"
             ecep:lem=","
             ecep:pos=","
             ecep:reg=","
             ecep:spe=",">,</pc>
      </l>
      <l n="6" xml:id="pba35-l04270">
         <c> </c>
         <w xml:id="pba35-085100"
            n="a-0420"
            ecep:lem="what"
            ecep:pos="q-crq"
            ecep:reg="What"
            ecep:spe="What"
            ecep:syllab="1"
            ecep:pron="wɒt">What</w>
         <c> </c>
         <w xml:id="pba35-085110"
            n="a-0430"
            ecep:lem="have"
            ecep:pos="vhd"
            ecep:reg="had"
            ecep:spe="had"
            ecep:syllab="1"
            ecep:pron="hæd">had</w>
         <c> </c>
         <w xml:id="pba35-085120"
            n="a-0440"
            ecep:lem="occasion"
            ecep:pos="vvn"
            ecep:reg="occasioned"
            ecep:spe="occasion'd"
            ecep:syllab="3"
            ecep:pron="əˈkeɪʒnd">occasion'd</w>
         <c> </c>
         <w xml:id="pba35-085130"
            n="a-0450"
            ecep:lem="this"
            ecep:pos="d"
            ecep:reg="this"
            ecep:spe="this"
            ecep:syllab="1"
            ecep:pron="ðɪs">this</w>
         <c> </c>
         <w xml:id="pba35-085140"
            n="a-0460"
            ecep:lem="defection"
            ecep:pos="n1"
            ecep:reg="Defection"
            ecep:spe="Defection"
            ecep:syllab="3"
            ecep:pron="dɪˈfekʃn">Defection</w>
         <pc xml:id="pba35-085150"
             n="a-0470"
             ecep:lem=";"
             ecep:pos=";"
             ecep:reg=";"
             ecep:spe=";">;</pc>
      </l>
      <l n="7" xml:id="pba35-l04275">
         <c> </c>
         <w xml:id="pba35-085160"
            n="a-0480"
            ecep:lem="and"
            ecep:pos="cc"
            ecep:reg="And"
            ecep:spe="And"
            ecep:syllab="1"
            ecep:pron="ænd">And</w>
         <c> </c>
         <w xml:id="pba35-085170"
            n="a-0490"
            ecep:lem="bid"
            ecep:pos="vvb"
            ecep:reg="bid"
            ecep:spe="bid"
            ecep:syllab="1"
            ecep:pron="bɪd">bid</w>
         <c> </c>
         <w xml:id="pba35-085180"
            n="a-0500"
            ecep:lem="the"
            ecep:pos="dt"
            ecep:reg="the"
            ecep:spe="the"
            ecep:syllab="1"
            ecep:pron="ðiː">the</w>
         <c> </c>
         <w xml:id="pba35-085190"
            n="a-0510"
            ecep:lem="goddess"
            ecep:pos="n1"
            ecep:reg="Goddess"
            ecep:spe="Goddess"
            ecep:syllab="2"
            ecep:pron="ˈgɒdes">Goddess</w>
         <c> </c>
         <w xml:id="pba35-085200"
            n="a-0520"
            ecep:lem="tell"
            ecep:pos="vvi"
            ecep:reg="tell"
            ecep:spe="tell"
            ecep:syllab="1"
            ecep:pron="tel">tell</w>
         <c> </c>
         <w xml:id="pba35-085210"
            n="a-0530"
            ecep:lem="the"
            ecep:pos="dt"
            ecep:reg="the"
            ecep:spe="the"
            ecep:syllab="1"
            ecep:pron="ðiː">the</w>
         <c> </c>
         <w xml:id="pba35-085220"
            n="a-0540"
            ecep:lem="art"
            ecep:pos="n2"
            ecep:reg="Arts"
            ecep:spe="Arts"
            ecep:syllab="1"
            ecep:pron="ɑːts">Arts</w>
         <pc xml:id="pba35-085230"
             n="a-0550"
             ecep:lem=","
             ecep:pos=","
             ecep:reg=","
             ecep:spe=",">,</pc>
      </l>
      <l n="8" xml:id="pba35-l04280">
         <c> </c>
         <w xml:id="pba35-085240"
            n="a-0560"
            ecep:lem="by"
            ecep:pos="p-acp"
            ecep:reg="By"
            ecep:spe="By"
            ecep:syllab="1"
            ecep:pron="baɪ">By</w>
         <c> </c>
         <w xml:id="pba35-085250"
            n="a-0570"
            ecep:lem="which"
            ecep:pos="r-crq"
            ecep:reg="which"
            ecep:spe="which"
            ecep:syllab="1"
            ecep:pron="wɪtʃ">which</w>
         <c> </c>
         <w xml:id="pba35-085260"
            n="a-0580"
            ecep:lem="she"
            ecep:pos="pns31"
            ecep:reg="she"
            ecep:spe="she"
            ecep:syllab="1"
            ecep:pron="ʃiː">she</w>
         <c> </c>
         <w xml:id="pba35-085270"
            n="a-0590"
            ecep:lem="win"
            ecep:pos="vvd"
            ecep:reg="won"
            ecep:spe="won"
            ecep:syllab="1"
            ecep:pron="wʌn">won</w>
         <c> </c>
         <w xml:id="pba35-085280"
            n="a-0600"
            ecep:lem="delude"
            ecep:pos="j-vvn"
            ecep:reg="deluded"
            ecep:spe="deluded"
            ecep:syllab="3"
            ecep:pron="dɪˈluːdɪd">deluded</w>
         <c> </c>
         <w xml:id="pba35-085290"
            n="a-0610"
            ecep:lem="heart"
            ecep:pos="n2"
            ecep:reg="Hearts"
            ecep:spe="Hearts"
            ecep:syllab="1"
            ecep:pron="hɑːts">Hearts</w>
         <pc xml:id="pba35-085300"
             n="a-0620"
             unit="sentence"
             ecep:lem="."
             ecep:pos="."
             ecep:reg="."
             ecep:spe=".">.</pc>
         <c> </c>
      </l>
   </lg>
   <lg xml:id="pba35-s00540">
      <l n="9" xml:id="pba35-l04285">
         <hi rendition="#sc">
            <w xml:id="pba35-085330"
               n="a-0630"
               ecep:lem="my"
               ecep:pos="po11"
               ecep:reg="My"
               ecep:spe="My"
               ecep:syllab="1"
               ecep:pron="maɪ">My</w>
         </hi>
         <c> </c>
         <w xml:id="pba35-085340"
            n="a-0640"
            ecep:lem="art"
            ecep:pos="n2"
            ecep:reg="Arts"
            ecep:spe="Arts"
            ecep:syllab="1"
            ecep:pron="ɑːts">Arts</w>
         <pc xml:id="pba35-085350"
             n="a-0650"
             unit="sentence"
             ecep:lem="!"
             ecep:pos="!"
             ecep:reg="!"
             ecep:spe="!">!</pc>
         <c> </c>
         <pc xml:id="pba35-085360"
             n="a-0660"
             ecep:lem="("
             ecep:pos="("
             ecep:reg="("
             ecep:spe="(">(</pc>
         <w xml:id="pba35-085370"
            n="a-0670"
            ecep:lem="say"
            ecep:pos="vvz"
            ecep:reg="says"
            ecep:spe="says"
            ecep:syllab="1"
            ecep:pron="sez">says</w>
         <c> </c>
         <w xml:id="pba35-085380"
            n="a-0680"
            ecep:lem="she"
            ecep:pos="pns31"
            ecep:reg="she"
            ecep:spe="she"
            ecep:syllab="1"
            ecep:pron="ʃiː">she</w>
         <pc xml:id="pba35-085390"
             n="a-0690"
             ecep:lem=")"
             ecep:pos=")"
             ecep:reg=")"
             ecep:spe=")">)</pc>
         <c> </c>
         <w xml:id="pba35-085400"
            n="a-0700"
            ecep:lem="great"
            ecep:pos="j"
            ecep:reg="Great"
            ecep:spe="Great"
            ecep:syllab="1"
            ecep:pron="greɪt">Great</w>
         <c> </c>
         <hi rendition="#sc">
            <w xml:id="pba35-085410"
               n="a-0710"
               ecep:lem="Jove"
               ecep:pos="np1"
               ecep:reg="Jove"
               ecep:spe="Jove"
               ecep:syllab="1"
               ecep:pron="ˈdʒəʊv">Jove</w>
         </hi>
         <pc xml:id="pba35-085420"
             n="a-0720"
             ecep:lem=","
             ecep:pos=","
             ecep:reg=","
             ecep:spe=",">,</pc>
         <c> </c>
         <w xml:id="pba35-085430"
            n="a-0730"
            ecep:lem="you"
            ecep:pos="pn22"
            ecep:reg="you"
            ecep:spe="you"
            ecep:syllab="1"
            ecep:pron="juː">you</w>
         <c> </c>
         <w xml:id="pba35-085440"
            n="a-0740"
            ecep:lem="know"
            ecep:pos="vvb"
            ecep:reg="know"
            ecep:spe="know"
            ecep:syllab="1"
            ecep:pron="nəʊ">know</w>
         <pc xml:id="pba35-085450"
             n="a-0750"
             ecep:lem=","
             ecep:pos=","
             ecep:reg=","
             ecep:spe=",">,</pc>
      </l>
      <l n="10" xml:id="pba35-l04290">
         <c> </c>
         <w xml:id="pba35-085460"
            n="a-0760"
            ecep:lem="that"
            ecep:pos="cst"
            ecep:reg="That"
            ecep:spe="That"
            ecep:syllab="1"
            ecep:pron="ðæt">That</w>
         <c> </c>
         <w xml:id="pba35-085470"
            n="a-0770"
            ecep:lem="i"
            ecep:pos="pns11"
            ecep:reg="I"
            ecep:spe="I"
            ecep:syllab="1"
            ecep:pron="aɪ">I</w>
         <c> </c>
         <w xml:id="pba35-085480"
            n="a-0780"
            ecep:lem="do"
            ecep:pos="vdb"
            ecep:reg="do"
            ecep:spe="do"
            ecep:syllab="1"
            ecep:pron="duː">do</w>
         <c> </c>
         <w xml:id="pba35-085490"
            n="a-0790"
            ecep:lem="every"
            ecep:pos="d"
            ecep:reg="every"
            ecep:spe="ev'ry"
            ecep:syllab="2"
            ecep:pron="ˈevri">ev'ry</w>
         <c> </c>
         <w xml:id="pba35-085500"
            n="a-0800"
            ecep:lem="thing"
            ecep:pos="n1"
            ecep:reg="Thing"
            ecep:spe="Thing"
            ecep:syllab="1"
            ecep:pron="θɪŋ">Thing</w>
         <c> </c>
         <w xml:id="pba35-085510"
            n="a-0810"
            ecep:lem="below"
            ecep:pos="a-acp"
            ecep:reg="below"
            ecep:spe="below"
            ecep:syllab="2"
            ecep:pron="bɪˈləʊ">below</w>
         <pc xml:id="pba35-085520"
             n="a-0820"
             ecep:lem=":"
             ecep:pos=":"
             ecep:reg=":"
             ecep:spe=":">:</pc>
      </l>
      <l n="11" xml:id="pba35-l04295">
         <c> </c>
         <w xml:id="pba35-085530"
            n="a-0830"
            ecep:lem="i"
            ecep:pos="pns11"
            ecep:reg="I"
            ecep:spe="I"
            ecep:syllab="1"
            ecep:pron="aɪ">I</w>
         <c> </c>
         <w xml:id="pba35-085540"
            n="a-0840"
            ecep:lem="make"
            ecep:pos="vvb"
            ecep:reg="make"
            ecep:spe="make"
            ecep:syllab="1"
            ecep:pron="meɪk">make</w>
         <c> </c>
         <w xml:id="pba35-085550"
            n="a-0850"
            ecep:lem="my"
            ecep:pos="po11"
            ecep:reg="my"
            ecep:spe="my"
            ecep:syllab="1"
            ecep:pron="maɪ">my</w>
         <c> </c>
         <w xml:id="pba35-085560"
            n="a-0860"
            ecep:lem="votary"
            ecep:pos="n2"
            ecep:reg="Votaries"
            ecep:spe="Vot'ries"
            ecep:syllab="2"
            ecep:pron="ˈvəʊtriːs">Vot'ries</w>
         <c> </c>
         <w xml:id="pba35-085570"
            n="a-0870"
            ecep:lem="dine"
            ecep:pos="vvi"
            ecep:reg="dine"
            ecep:spe="dine"
            ecep:syllab="1"
            ecep:pron="daɪn">dine</w>
         <c> </c>
         <w xml:id="pba35-085580"
            n="a-0880"
            ecep:lem="on"
            ecep:pos="p-acp"
            ecep:reg="on"
            ecep:spe="on"
            ecep:syllab="1"
            ecep:pron="ɒn">on</w>
         <c> </c>
         <w xml:id="pba35-085590"
            n="a-0890"
            ecep:lem="plate"
            ecep:pos="n1"
            ecep:reg="Plate"
            ecep:spe="Plate"
            ecep:syllab="1"
            ecep:pron="pleɪt">Plate</w>
         <pc xml:id="pba35-085600"
             n="a-0900"
             ecep:lem=";"
             ecep:pos=";"
             ecep:reg=";"
             ecep:spe=";">;</pc>
      </l>
      <l n="12" xml:id="pba35-l04300">
         <c> </c>
         <w xml:id="pba35-085610"
            n="a-0910"
            ecep:lem="i"
            ecep:pos="pns11"
            ecep:reg="I"
            ecep:spe="I"
            ecep:syllab="1"
            ecep:pron="aɪ">I</w>
         <c> </c>
         <w xml:id="pba35-085620"
            n="a-0920"
            ecep:lem="give"
            ecep:pos="vvb"
            ecep:reg="give"
            ecep:spe="give"
            ecep:syllab="1"
            ecep:pron="gɪv">give</w>
         <c> </c>
         <w xml:id="pba35-085630"
            n="a-0930"
            ecep:lem="the"
            ecep:pos="dt"
            ecep:reg="the"
            ecep:spe="the"
            ecep:syllab="1"
            ecep:pron="ðiː">the</w>
         <c> </c>
         <w xml:id="pba35-085640"
            n="a-0940"
            ecep:lem="gild"
            ecep:pos="j-vvn"
            ecep:reg="gilded"
            ecep:spe="gilded"
            ecep:syllab="2"
            ecep:pron="gɪldɪd">gilded</w>
         <c> </c>
         <w xml:id="pba35-085650"
            n="a-0950"
            ecep:lem="coach"
            ecep:pos="n1"
            ecep:reg="Coach"
            ecep:spe="Coach"
            ecep:syllab="1"
            ecep:pron="kəʊtʃ">Coach</w>
         <c> </c>
         <w xml:id="pba35-085660"
            n="a-0960"
            ecep:lem="of"
            ecep:pos="pp-f"
            ecep:reg="of"
            ecep:spe="of"
            ecep:syllab="1"
            ecep:pron="ɒv">of</w>
         <c> </c>
         <w xml:id="pba35-085670"
            n="a-0970"
            ecep:lem="state"
            ecep:pos="n1"
            ecep:reg="State"
            ecep:spe="State"
            ecep:syllab="1"
            ecep:pron="steɪt">State</w>
         <pc xml:id="pba35-085680"
             n="a-0980"
             ecep:lem=";"
             ecep:pos=";"
             ecep:reg=";"
             ecep:spe=";">;</pc>
      </l>
      <l n="13" xml:id="pba35-l04305">
         <c> </c>
         <w xml:id="pba35-085690"
            n="a-0990"
            ecep:lem="bestow"
            ecep:pos="vvb"
            ecep:reg="Bestow"
            ecep:spe="Bestow"
            ecep:syllab="2"
            ecep:pron="bɪˈstəʊ">Bestow</w>
         <c> </c>
         <w xml:id="pba35-085700"
            n="a-1000"
            ecep:lem="the"
            ecep:pos="dt"
            ecep:reg="the"
            ecep:spe="the"
            ecep:syllab="1"
            ecep:pron="ðiː">the</w>
         <c> </c>
         <w xml:id="pba35-085710"
            n="a-1010"
            ecep:lem="glitter"
            ecep:pos="j-vvg"
            ecep:reg="glittering"
            ecep:spe="glitt'ring"
            ecep:syllab="2"
            ecep:pron="ˈglɪtrɪŋ">glitt'ring</w>
         <c> </c>
         <w xml:id="pba35-085720"
            n="a-1020"
            ecep:lem="gem"
            ecep:pos="n2"
            ecep:reg="Gems"
            ecep:spe="Gems"
            ecep:syllab="1"
            ecep:pron="dʒemz">Gems</w>
         <pc xml:id="pba35-085730"
             n="a-1030"
             ecep:lem=","
             ecep:pos=","
             ecep:reg=","
             ecep:spe=",">,</pc>
         <c> </c>
         <w xml:id="pba35-085740"
            n="a-1040"
            ecep:lem="that"
            ecep:pos="cst"
            ecep:reg="that"
            ecep:spe="that"
            ecep:syllab="1"
            ecep:pron="ðæt">that</w>
         <c> </c>
         <w xml:id="pba35-085750"
            n="a-1050"
            ecep:lem="deck"
            ecep:pos="n1"
            ecep:reg="deck"
            ecep:spe="deck"
            ecep:syllab="1"
            ecep:pron="dek">deck</w>
      </l>
      <l n="14" xml:id="pba35-l04310">
         <c> </c>
         <w xml:id="pba35-085760"
            n="a-1060"
            ecep:lem="the"
            ecep:pos="dt"
            ecep:reg="The"
            ecep:spe="The"
            ecep:syllab="1"
            ecep:pron="ðiː">The</w>
         <c> </c>
         <w xml:id="pba35-085770"
            n="a-1070"
            ecep:lem="fair"
            ecep:pos="j"
            ecep:reg="fair"
            ecep:spe="fair"
            ecep:syllab="1"
            ecep:pron="feə">fair</w>
         <c> </c>
         <hi rendition="#sc">
            <w xml:id="pba35-085780"
               n="a-1080"
               ecep:lem="lavinia"
               ecep:pos="npg1"
               ecep:reg="Lavinia's"
               ecep:spe="Lavinia's"
               ecep:syllab="4"
               ecep:pron="lævˈɪniəz">Lavinia's</w>
         </hi>
         <c> </c>
         <w xml:id="pba35-085790"
            n="a-1090"
            ecep:lem="lovely"
            ecep:pos="j"
            ecep:reg="lovely"
            ecep:spe="lovely"
            ecep:syllab="2"
            ecep:pron="ˈlʌvli">lovely</w>
         <c> </c>
         <w xml:id="pba35-085800"
            n="a-1100"
            ecep:lem="neck"
            ecep:pos="n1"
            ecep:reg="Neck"
            ecep:spe="Neck"
            ecep:syllab="1"
            ecep:pron="nek">Neck</w>
         <pc xml:id="pba35-085810"
             n="a-1110"
             ecep:lem=";"
             ecep:pos=";"
             ecep:reg=";"
             ecep:spe=";">;</pc>
      </l>
      <pb facs="pba35/0118" n="64" rend="none"/>
      <l n="15" xml:id="pba35-l04315">
         <c> </c>
         <w xml:id="pba35-085820"
            n="a-1120"
            ecep:lem="i"
            ecep:pos="pns11"
            ecep:reg="I"
            ecep:spe="I"
            ecep:syllab="1"
            ecep:pron="aɪ">I</w>
         <c> </c>
         <w xml:id="pba35-085830"
            n="a-1130"
            ecep:lem="make"
            ecep:pos="vvb"
            ecep:reg="make"
            ecep:spe="make"
            ecep:syllab="1"
            ecep:pron="meɪk">make</w>
         <c> </c>
         <hi rendition="#sc">
            <w xml:id="pba35-085840"
               n="a-1140"
               ecep:lem="Novella"
               ecep:pos="np1"
               ecep:reg="Novella"
               ecep:spe="Novella"
               ecep:syllab="3"
               ecep:pron="nəˈvelə">Novella</w>
         </hi>
         <c> </c>
         <w xml:id="pba35-085850"
            n="a-1150"
            ecep:lem="nature"
            ecep:pos="ng1"
            ecep:reg="Nature's"
            ecep:spe="Nature's"
            ecep:syllab="2"
            ecep:pron="ˈneɪtʃəz">Nature's</w>
         <c> </c>
         <w xml:id="pba35-085860"
            n="a-1160"
            ecep:lem="boast"
            ecep:pos="n1"
            ecep:reg="Boast"
            ecep:spe="Boast"
            ecep:syllab="1"
            ecep:pron="bəʊst">Boast</w>
         <pc xml:id="pba35-085870"
             n="a-1170"
             ecep:lem=","
             ecep:pos=","
             ecep:reg=","
             ecep:spe=",">,</pc>
      </l>
      <l n="16" xml:id="pba35-l04320">
         <c> </c>
         <w xml:id="pba35-085880"
            n="a-1180"
            ecep:lem="and"
            ecep:pos="cc"
            ecep:reg="And"
            ecep:spe="And"
            ecep:syllab="1"
            ecep:pron="ænd">And</w>
         <c> </c>
         <w xml:id="pba35-085890"
            n="a-1190"
            ecep:lem="raise"
            ecep:pos="vvi"
            ecep:reg="raise"
            ecep:spe="raise"
            ecep:syllab="1"
            ecep:pron="reɪz">raise</w>
         <c> </c>
         <hi rendition="#sc">
            <w xml:id="pba35-085900"
               n="a-1200"
               ecep:lem="Valeria"
               ecep:pos="np1"
               ecep:reg="Valeria"
               ecep:spe="Valeria"
               ecep:syllab="4"
               ecep:pron="vælˈiərɪə">Valeria</w>
         </hi>
         <c> </c>
         <w xml:id="pba35-085910"
            n="a-1210"
            ecep:lem="to"
            ecep:pos="p-acp"
            ecep:reg="to"
            ecep:spe="to"
            ecep:syllab="1"
            ecep:pron="tuː">to</w>
         <c> </c>
         <w xml:id="pba35-085920"
            n="a-1220"
            ecep:lem="a"
            ecep:pos="dt"
            ecep:reg="a"
            ecep:spe="a"
            ecep:syllab="1"
            ecep:pron="ə">a</w>
         <c> </c>
         <w xml:id="pba35-085930"
            n="a-1230"
            ecep:lem="toast"
            ecep:pos="n1"
            ecep:reg="Toast"
            ecep:spe="Toast"
            ecep:syllab="1"
            ecep:pron="təʊst">Toast</w>
         <pc xml:id="pba35-085940"
             n="a-1240"
             ecep:lem=";"
             ecep:pos=";"
             ecep:reg=";"
             ecep:spe=";">;</pc>
      </l>
      <l n="17" xml:id="pba35-l04325">
         <c> </c>
         <w xml:id="pba35-085950"
            n="a-0010"
            ecep:lem="it|be"
            ecep:pos="pn31|vbz"
            ecep:reg="It's"
            ecep:spe="'Tis"
            ecep:syllab="1"
            ecep:pron="tɪz">'Tis</w>
         <c> </c>
         <w xml:id="pba35-085960"
            n="a-0020"
            ecep:lem="i"
            ecep:pos="pns11"
            ecep:reg="I"
            ecep:spe="I"
            ecep:syllab="1"
            ecep:pron="aɪ">I</w>
         <pc xml:id="pba35-085970"
             n="a-0030"
             ecep:lem=","
             ecep:pos=","
             ecep:reg=","
             ecep:spe=",">,</pc>
         <c> </c>
         <w xml:id="pba35-085980"
            n="a-0040"
            ecep:lem="who"
            ecep:pos="q-crq"
            ecep:reg="who"
            ecep:spe="who"
            ecep:syllab="1"
            ecep:pron="huː">who</w>
         <c> </c>
         <w xml:id="pba35-085990"
            n="a-0050"
            ecep:lem="give"
            ecep:pos="vvb"
            ecep:reg="give"
            ecep:spe="give"
            ecep:syllab="1"
            ecep:pron="gɪv">give</w>
         <c> </c>
         <w xml:id="pba35-086000"
            n="a-0060"
            ecep:lem="the"
            ecep:pos="dt"
            ecep:reg="the"
            ecep:spe="the"
            ecep:syllab="1"
            ecep:pron="ðiː">the</w>
         <c> </c>
         <w xml:id="pba35-086010"
            n="a-0070"
            ecep:lem="stupid"
            ecep:pos="j"
            ecep:reg="Stupid"
            ecep:spe="Stupid"
            ecep:syllab="2"
            ecep:pron="ˈstjuːpɪd">Stupid</w>
         <pc xml:id="pba35-086020"
             n="a-0080"
             ecep:lem=","
             ecep:pos=","
             ecep:reg=","
             ecep:spe=",">,</pc>
         <c> </c>
         <w xml:id="pba35-086030"
            n="a-0090"
            ecep:lem="taste"
            ecep:pos="n1"
            ecep:reg="Taste"
            ecep:spe="Taste"
            ecep:syllab="1"
            ecep:pron="teɪst">Taste</w>
         <pc xml:id="pba35-086040"
             n="a-0100"
             ecep:lem=","
             ecep:pos=","
             ecep:reg=","
             ecep:spe=",">,</pc>
      </l>
      <l n="18" xml:id="pba35-l04330">
         <c> </c>
         <pc xml:id="pba35-086050"
             n="a-0110"
             ecep:lem="("
             ecep:pos="("
             ecep:reg="("
             ecep:spe="(">(</pc>
         <w xml:id="pba35-086060"
            n="a-0120"
            ecep:lem="or"
            ecep:pos="cc"
            ecep:reg="Or"
            ecep:spe="Or"
            ecep:syllab="1"
            ecep:pron="ɔː">Or</w>
         <c> </c>
         <w xml:id="pba35-086070"
            n="a-0130"
            ecep:lem="make"
            ecep:pos="vvi"
            ecep:reg="make"
            ecep:spe="make"
            ecep:syllab="1"
            ecep:pron="meɪk">make</w>
         <c> </c>
         <w xml:id="pba35-086080"
            n="a-0140"
            ecep:lem="the"
            ecep:pos="dt"
            ecep:reg="the"
            ecep:spe="the"
            ecep:syllab="1"
            ecep:pron="ðiː">the</w>
         <c> </c>
         <w xml:id="pba35-086090"
            n="a-0150"
            ecep:lem="poet"
            ecep:pos="n2"
            ecep:reg="Poets"
            ecep:spe="Poets"
            ecep:syllab="2"
            ecep:pron="ˈpəʊɪts">Poets</w>
         <c> </c>
         <w xml:id="pba35-086100"
            n="a-0160"
            ecep:lem="lie"
            ecep:pos="vvb"
            ecep:reg="lie"
            ecep:spe="lie"
            ecep:syllab="1"
            ecep:pron="laɪ">lie</w>
         <pc xml:id="pba35-086110"
             n="a-0170"
             ecep:lem=","
             ecep:pos=","
             ecep:reg=","
             ecep:spe=",">,</pc>
         <c> </c>
         <w xml:id="pba35-086120"
            n="a-0180"
            ecep:lem="at"
            ecep:pos="p-acp"
            ecep:reg="at"
            ecep:spe="at"
            ecep:syllab="1"
            ecep:pron="æt">at</w>
         <c> </c>
         <w xml:id="pba35-086130"
            n="a-0190"
            ecep:lem="least"
            ecep:pos="ds"
            ecep:reg="least"
            ecep:spe="least"
            ecep:syllab="1"
            ecep:pron="liːst">least</w>
         <pc xml:id="pba35-086140"
             n="a-0200"
             ecep:lem=")"
             ecep:pos=")"
             ecep:reg=")"
             ecep:spe=")">)</pc>
         <pc xml:id="pba35-086150"
             n="a-0210"
             ecep:lem=";"
             ecep:pos=";"
             ecep:reg=";"
             ecep:spe=";">;</pc>
      </l>
      <l n="19" xml:id="pba35-l04335">
         <c> </c>
         <w xml:id="pba35-086160"
            n="a-0220"
            ecep:lem="my"
            ecep:pos="po11"
            ecep:reg="My"
            ecep:spe="My"
            ecep:syllab="1"
            ecep:pron="maɪ">My</w>
         <c> </c>
         <w xml:id="pba35-086170"
            n="a-0230"
            ecep:lem="favourite"
            ecep:pos="n1"
            ecep:reg="favourite"
            ecep:spe="fav'rite"
            ecep:syllab="2"
            ecep:pron="ˈfeɪvrɪt">fav'rite</w>
         <c> </c>
         <w xml:id="pba35-086180"
            n="a-0240"
            ecep:lem="son"
            ecep:pos="n2"
            ecep:reg="Sons"
            ecep:spe="Sons"
            ecep:syllab="1"
            ecep:pron="sʌnz">Sons</w>
         <pc xml:id="pba35-086190"
             n="a-0250"
             ecep:lem=","
             ecep:pos=","
             ecep:reg=","
             ecep:spe=",">,</pc>
         <c> </c>
         <w xml:id="pba35-086200"
            n="a-0260"
            ecep:lem="whenever"
            ecep:pos="c-crq"
            ecep:reg="whenever"
            ecep:spe="whene'er"
            ecep:syllab="2"
            ecep:pron="wenˈeə">whene'er</w>
         <c> </c>
         <w xml:id="pba35-086210"
            n="a-0270"
            ecep:lem="they"
            ecep:pos="pns32"
            ecep:reg="they"
            ecep:spe="they"
            ecep:syllab="1"
            ecep:pron="ðeɪ">they</w>
         <c> </c>
         <w xml:id="pba35-086220"
            n="a-0280"
            ecep:lem="please"
            ecep:pos="vvb"
            ecep:reg="please"
            ecep:spe="please"
            ecep:syllab="1"
            ecep:pron="pliːz">please</w>
         <pc xml:id="pba35-086230"
             n="a-0290"
             ecep:lem=","
             ecep:pos=","
             ecep:reg=","
             ecep:spe=",">,</pc>
      </l>
      <l n="20" xml:id="pba35-l04340">
         <c> </c>
         <w xml:id="pba35-086240"
            n="a-0300"
            ecep:lem="can"
            ecep:pos="vmb"
            ecep:reg="Can"
            ecep:spe="Can"
            ecep:syllab="1"
            ecep:pron="kæn">Can</w>
         <c> </c>
         <w xml:id="pba35-086250"
            n="a-0310"
            ecep:lem="palace"
            ecep:pos="n2"
            ecep:reg="Palaces"
            ecep:spe="Palaces"
            ecep:syllab="3"
            ecep:pron="ˈpælɪsɪz">Palaces</w>
         <c> </c>
         <w xml:id="pba35-086260"
            n="a-0320"
            ecep:lem="in"
            ecep:pos="p-acp"
            ecep:reg="in"
            ecep:spe="in"
            ecep:syllab="1"
            ecep:pron="ɪn">in</w>
         <c> </c>
         <w xml:id="pba35-086270"
            n="a-0330"
            ecep:lem="desert"
            ecep:pos="n2"
            ecep:reg="Deserts"
            ecep:spe="Desarts"
            ecep:syllab="2"
            ecep:pron="dɪsˈɑːts">Desarts</w>
         <c> </c>
         <w xml:id="pba35-086280"
            n="a-0340"
            ecep:lem="raise"
            ecep:pos="vvi"
            ecep:reg="raise"
            ecep:spe="raise"
            ecep:syllab="1"
            ecep:pron="reɪz">raise</w>
         <pc xml:id="pba35-086290"
             n="a-0350"
             ecep:lem=","
             ecep:pos=","
             ecep:reg=","
             ecep:spe=",">,</pc>
      </l>
      <l n="21" xml:id="pba35-l04345">
         <c> </c>
         <w xml:id="pba35-086300"
            n="a-0360"
            ecep:lem="cut"
            ecep:pos="vvb"
            ecep:reg="Cut"
            ecep:spe="Cut"
            ecep:syllab="1"
            ecep:pron="kʌt">Cut</w>
         <c> </c>
         <w xml:id="pba35-086310"
            n="a-0370"
            ecep:lem="out"
            ecep:pos="av"
            ecep:reg="out"
            ecep:spe="out"
            ecep:syllab="1"
            ecep:pron="aʊt">out</w>
         <c> </c>
         <w xml:id="pba35-086320"
            n="a-0380"
            ecep:lem="canal"
            ecep:pos="n2"
            ecep:reg="Canals"
            ecep:spe="Canals"
            ecep:syllab="2"
            ecep:pron="kəˈnælz">Canals</w>
         <pc xml:id="pba35-086330"
             n="a-0390"
             ecep:lem=","
             ecep:pos=","
             ecep:reg=","
             ecep:spe=",">,</pc>
         <c> </c>
         <w xml:id="pba35-086340"
            n="a-0400"
            ecep:lem="make"
            ecep:pos="vvb"
            ecep:reg="make"
            ecep:spe="make"
            ecep:syllab="1"
            ecep:pron="meɪk">make</w>
         <c> </c>
         <w xml:id="pba35-086350"
            n="a-0410"
            ecep:lem="fountain"
            ecep:pos="n2"
            ecep:reg="Fountains"
            ecep:spe="Fountains"
            ecep:syllab="2"
            ecep:pron="ˈfaʊntɪnz">Fountains</w>
         <c> </c>
         <w xml:id="pba35-086360"
            n="a-0420"
            ecep:lem="play"
            ecep:pos="vvi"
            ecep:reg="play"
            ecep:spe="play"
            ecep:syllab="1"
            ecep:pron="pleɪ">play</w>
         <pc xml:id="pba35-086370"
             n="a-0430"
             ecep:lem=","
             ecep:pos=","
             ecep:reg=","
             ecep:spe=",">,</pc>
      </l>
      <l n="22" xml:id="pba35-l04350">
         <c> </c>
         <w xml:id="pba35-086380"
            n="a-0440"
            ecep:lem="and"
            ecep:pos="cc"
            ecep:reg="And"
            ecep:spe="And"
            ecep:syllab="1"
            ecep:pron="ænd">And</w>
         <c> </c>
         <w xml:id="pba35-086390"
            n="a-0450"
            ecep:lem="make"
            ecep:pos="vvi"
            ecep:reg="make"
            ecep:spe="make"
            ecep:syllab="1"
            ecep:pron="meɪk">make</w>
         <c> </c>
         <w xml:id="pba35-086400"
            n="a-0460"
            ecep:lem="the"
            ecep:pos="dt"
            ecep:reg="the"
            ecep:spe="the"
            ecep:syllab="1"
            ecep:pron="ðiː">the</w>
         <c> </c>
         <w xml:id="pba35-086410"
            n="a-0470"
            ecep:lem="dreary"
            ecep:pos="j"
            ecep:reg="dreary"
            ecep:spe="dreary"
            ecep:syllab="2"
            ecep:pron="ˈdrɪəri">dreary</w>
         <c> </c>
         <w xml:id="pba35-086420"
            n="a-0480"
            ecep:lem="waste"
            ecep:pos="n1"
            ecep:reg="Waste"
            ecep:spe="Waste"
            ecep:syllab="1"
            ecep:pron="weɪst">Waste</w>
         <c> </c>
         <w xml:id="pba35-086430"
            n="a-0490"
            ecep:lem="look"
            ecep:pos="vvb"
            ecep:reg="look"
            ecep:spe="look"
            ecep:syllab="1"
            ecep:pron="lʊk">look</w>
         <c> </c>
         <w xml:id="pba35-086440"
            n="a-0500"
            ecep:lem="gay"
            ecep:pos="j"
            ecep:reg="gay"
            ecep:spe="gay"
            ecep:syllab="1"
            ecep:pron="geɪ">gay</w>
         <pc xml:id="pba35-086450"
             n="a-0510"
             ecep:lem=";"
             ecep:pos=";"
             ecep:reg=";"
             ecep:spe=";">;</pc>
      </l>
      <l n="23" xml:id="pba35-l04355">
         <c> </c>
         <w xml:id="pba35-086460"
            n="a-0520"
            ecep:lem="even"
            ecep:pos="av-j"
            ecep:reg="Even"
            ecep:spe="Ev'n"
            ecep:syllab="1"
            ecep:pron="ˈiːvn">Ev'n</w>
         <c> </c>
         <w xml:id="pba35-086470"
            n="a-0530"
            ecep:lem="vice"
            ecep:pos="n1"
            ecep:reg="Vice"
            ecep:spe="Vice"
            ecep:syllab="1"
            ecep:pron="ˈvaɪsi">Vice</w>
         <c> </c>
         <w xml:id="pba35-086480"
            n="a-0540"
            ecep:lem="seem"
            ecep:pos="vvz"
            ecep:reg="seems"
            ecep:spe="seems"
            ecep:syllab="1"
            ecep:pron="siːmz">seems</w>
         <c> </c>
         <w xml:id="pba35-086490"
            n="a-0550"
            ecep:lem="virtue"
            ecep:pos="n1"
            ecep:reg="Virtue"
            ecep:spe="Virtue"
            ecep:syllab="2"
            ecep:pron="ˈvɜːtʃuː">Virtue</w>
         <c> </c>
         <w xml:id="pba35-086500"
            n="a-0560"
            ecep:lem="by"
            ecep:pos="p-acp"
            ecep:reg="by"
            ecep:spe="by"
            ecep:syllab="1"
            ecep:pron="baɪ">by</w>
         <c> </c>
         <w xml:id="pba35-086510"
            n="a-0570"
            ecep:lem="my"
            ecep:pos="po11"
            ecep:reg="my"
            ecep:spe="my"
            ecep:syllab="1"
            ecep:pron="maɪ">my</w>
         <c> </c>
         <w xml:id="pba35-086520"
            n="a-0580"
            ecep:lem="smile"
            ecep:pos="n2"
            ecep:reg="Smiles"
            ecep:spe="Smiles"
            ecep:syllab="1"
            ecep:pron="smaɪlz">Smiles</w>
         <pc xml:id="pba35-086530"
             n="a-0590"
             ecep:lem=";"
             ecep:pos=";"
             ecep:reg=";"
             ecep:spe=";">;</pc>
      </l>
      <l n="24" xml:id="pba35-l04360">
         <c> </c>
         <w xml:id="pba35-086540"
            n="a-0600"
            ecep:lem="i"
            ecep:pos="pns11"
            ecep:reg="I"
            ecep:spe="I"
            ecep:syllab="1"
            ecep:pron="aɪ">I</w>
         <c> </c>
         <w xml:id="pba35-086550"
            n="a-0610"
            ecep:lem="gild"
            ecep:pos="vvb"
            ecep:reg="gild"
            ecep:spe="gild"
            ecep:syllab="1"
            ecep:pron="gɪld">gild</w>
         <c> </c>
         <w xml:id="pba35-086560"
            n="a-0620"
            ecep:lem="the"
            ecep:pos="dt"
            ecep:reg="the"
            ecep:spe="the"
            ecep:syllab="1"
            ecep:pron="ðiː">the</w>
         <c> </c>
         <w xml:id="pba35-086570"
            n="a-0630"
            ecep:lem="villain"
            ecep:pos="ng1"
            ecep:reg="Villain's"
            ecep:spe="Villain's"
            ecep:syllab="2"
            ecep:pron="ˈvɪlənz">Villain's</w>
         <c> </c>
         <w xml:id="pba35-086580"
            n="a-0640"
            ecep:lem="gloomy"
            ecep:pos="j"
            ecep:reg="gloomy"
            ecep:spe="gloomy"
            ecep:syllab="2"
            ecep:pron="ˈgluːmi">gloomy</w>
         <c> </c>
         <w xml:id="pba35-086590"
            n="a-0650"
            ecep:lem="wile"
            ecep:pos="n2"
            ecep:reg="Wiles"
            ecep:spe="Wiles"
            ecep:syllab="1"
            ecep:pron="waɪlz">Wiles</w>
         <pc xml:id="pba35-086600"
             n="a-0660"
             ecep:lem=","
             ecep:pos=","
             ecep:reg=","
             ecep:spe=",">,</pc>
      </l>
      <l n="25" xml:id="pba35-l04365">
         <c> </c>
         <w xml:id="pba35-086610"
            n="a-0670"
            ecep:lem="nay"
            ecep:pos="uh"
            ecep:reg="Nay"
            ecep:spe="Nay"
            ecep:syllab="1"
            ecep:pron="neɪ">Nay</w>
         <pc xml:id="pba35-086620"
             n="a-0680"
             ecep:lem=","
             ecep:pos=","
             ecep:reg=","
             ecep:spe=",">,</pc>
         <c> </c>
         <w xml:id="pba35-086630"
            n="a-0690"
            ecep:lem="almost"
            ecep:pos="av"
            ecep:reg="almost"
            ecep:spe="almost"
            ecep:syllab="2"
            ecep:pron="ˈɔːlməʊst">almost</w>
         <c> </c>
         <w xml:id="pba35-086640"
            n="a-0700"
            ecep:lem="raise"
            ecep:pos="vvb"
            ecep:reg="raise"
            ecep:spe="raise"
            ecep:syllab="1"
            ecep:pron="reɪz">raise</w>
         <c> </c>
         <w xml:id="pba35-086650"
            n="a-0710"
            ecep:lem="he"
            ecep:pos="pno31"
            ecep:reg="him"
            ecep:spe="him"
            ecep:syllab="1"
            ecep:pron="hɪm">him</w>
         <c> </c>
         <w xml:id="pba35-086660"
            n="a-0720"
            ecep:lem="to"
            ecep:pos="p-acp"
            ecep:reg="to"
            ecep:spe="to"
            ecep:syllab="1"
            ecep:pron="tuː">to</w>
         <c> </c>
         <w xml:id="pba35-086670"
            n="a-0730"
            ecep:lem="a"
            ecep:pos="dt"
            ecep:reg="a"
            ecep:spe="a"
            ecep:syllab="1"
            ecep:pron="ə">a</w>
         <c> </c>
         <w xml:id="pba35-086680"
            n="a-0740"
            ecep:lem="god"
            ecep:pos="n1"
            ecep:reg="God"
            ecep:spe="God"
            ecep:syllab="1"
            ecep:pron="gɒd">God</w>
         <pc xml:id="pba35-086690"
             n="a-0750"
             ecep:lem=","
             ecep:pos=","
             ecep:reg=","
             ecep:spe=",">,</pc>
      </l>
      <l n="26" xml:id="pba35-l04370">
         <c> </c>
         <w xml:id="pba35-086700"
            n="a-0760"
            ecep:lem="while"
            ecep:pos="cs"
            ecep:reg="While"
            ecep:spe="While"
            ecep:syllab="1"
            ecep:pron="ˈwaɪl">While</w>
         <c> </c>
         <w xml:id="pba35-086710"
            n="a-0770"
            ecep:lem="crowd"
            ecep:pos="vvn"
            ecep:reg="crowded"
            ecep:spe="crowded"
            ecep:syllab="2"
            ecep:pron="kraʊdɪd">crowded</w>
         <c> </c>
         <w xml:id="pba35-086720"
            n="a-0780"
            ecep:lem="levee"
            ecep:pos="n2"
            ecep:reg="Levees"
            ecep:spe="Levees"
            ecep:syllab="2"
            ecep:pron="ˈleviz">Levees</w>
         <c> </c>
         <w xml:id="pba35-086730"
            n="a-0790"
            ecep:lem="wait"
            ecep:pos="vvi"
            ecep:reg="wait"
            ecep:spe="wait"
            ecep:syllab="1"
            ecep:pron="weɪt">wait</w>
         <c> </c>
         <w xml:id="pba35-086740"
            n="a-0800"
            ecep:lem="his"
            ecep:pos="po31"
            ecep:reg="his"
            ecep:spe="his"
            ecep:syllab="1"
            ecep:pron="hɪz">his</w>
         <c> </c>
         <w xml:id="pba35-086750"
            n="a-0810"
            ecep:lem="nod"
            ecep:pos="vvb"
            ecep:reg="Nod"
            ecep:spe="Nod"
            ecep:syllab="1"
            ecep:pron="nɒd">Nod</w>
         <pc xml:id="pba35-086760"
             n="a-0820"
             unit="sentence"
             ecep:lem="."
             ecep:pos="."
             ecep:reg="."
             ecep:spe=".">.</pc>
         <c> </c>
      </l>
   </lg>
   <lg xml:id="pba35-s00545">
      <l n="27" xml:id="pba35-l04375">
         <hi rendition="#sc">
            <w xml:id="pba35-086790"
               n="a-0830"
               ecep:lem="enough"
               ecep:pos="av-d"
               ecep:reg="Enough"
               ecep:spe="Enough"
               ecep:syllab="2"
               ecep:pron="ɪˈnʌf">Enough</w>
         </hi>
         <c> </c>
         <pc xml:id="pba35-086800"
             n="a-0840"
             ecep:lem="—"
             ecep:pos="—"
             ecep:reg="—"
             ecep:spe="—">—</pc>
         <c> </c>
         <w xml:id="pba35-086810"
            n="a-0850"
            ecep:lem="the"
            ecep:pos="dt"
            ecep:reg="the"
            ecep:spe="the"
            ecep:syllab="1"
            ecep:pron="ðiː">the</w>
         <c> </c>
         <w xml:id="pba35-086820"
            n="a-0860"
            ecep:lem="thunderer"
            ecep:pos="n1"
            ecep:reg="Thunderer"
            ecep:spe="Thunderer"
            ecep:syllab="3"
            ecep:pron="ˈθʌndrə">Thunderer</w>
         <c> </c>
         <w xml:id="pba35-086830"
            n="a-0870"
            ecep:lem="reply"
            ecep:pos="vvd"
            ecep:reg="replied"
            ecep:spe="reply'd"
            ecep:syllab="2"
            ecep:pron="rɪˈplaɪd">reply'd</w>
         <pc xml:id="pba35-086840"
             n="a-0880"
             ecep:lem=";"
             ecep:pos=";"
             ecep:reg=";"
             ecep:spe=";">;</pc>
      </l>
      <l n="28" xml:id="pba35-l04380">
         <c> </c>
         <w xml:id="pba35-086850"
            n="a-0890"
            ecep:lem="but"
            ecep:pos="cc-acp"
            ecep:reg="But"
            ecep:spe="But"
            ecep:syllab="1"
            ecep:pron="bʌt">But</w>
         <c> </c>
         <w xml:id="pba35-086860"
            n="a-0900"
            ecep:lem="say"
            ecep:pos="vvb"
            ecep:reg="say"
            ecep:spe="say"
            ecep:syllab="1"
            ecep:pron="seɪ">say</w>
         <pc xml:id="pba35-086870"
             n="a-0910"
             ecep:lem=","
             ecep:pos=","
             ecep:reg=","
             ecep:spe=",">,</pc>
         <c> </c>
         <w xml:id="pba35-086880"
            n="a-0920"
            ecep:lem="who"
            ecep:pos="r-crq"
            ecep:reg="whom"
            ecep:spe="whom"
            ecep:syllab="1"
            ecep:pron="huːm">whom</w>
         <c> </c>
         <w xml:id="pba35-086890"
            n="a-0930"
            ecep:lem="have"
            ecep:pos="vhb"
            ecep:reg="have"
            ecep:spe="have"
            ecep:syllab="1"
            ecep:pron="hæv">have</w>
         <c> </c>
         <w xml:id="pba35-086900"
            n="a-0940"
            ecep:lem="you"
            ecep:pos="pn22"
            ecep:reg="you"
            ecep:spe="you"
            ecep:syllab="1"
            ecep:pron="juː">you</w>
         <c> </c>
         <w xml:id="pba35-086910"
            n="a-0950"
            ecep:lem="satisfy"
            ecep:pos="vvn"
            ecep:reg="satisfied"
            ecep:spe="satisfy'd"
            ecep:syllab="3"
            ecep:pron="ˈsætɪsfaɪd">satisfy'd</w>
         <pc xml:id="pba35-086920"
             n="a-0960"
             unit="sentence"
             ecep:lem="?"
             ecep:pos="?"
             ecep:reg="?"
             ecep:spe="?">?</pc>
         <c> </c>
      </l>
      <l n="29" xml:id="pba35-l04385">
         <w xml:id="pba35-086930"
            n="a-0970"
            ecep:lem="these"
            ecep:pos="d"
            ecep:reg="These"
            ecep:spe="These"
            ecep:syllab="1"
            ecep:pron="ðiːz">These</w>
         <c> </c>
         <w xml:id="pba35-086940"
            n="a-0980"
            ecep:lem="boast"
            ecep:pos="j-vvn"
            ecep:reg="boasted"
            ecep:spe="boasted"
            ecep:syllab="2"
            ecep:pron="bəʊstɪd">boasted</w>
         <c> </c>
         <w xml:id="pba35-086950"
            n="a-0990"
            ecep:lem="gift"
            ecep:pos="n2"
            ecep:reg="Gifts"
            ecep:spe="Gifts"
            ecep:syllab="1"
            ecep:pron="gɪfts">Gifts</w>
         <c> </c>
         <w xml:id="pba35-086960"
            n="a-1000"
            ecep:lem="be"
            ecep:pos="vbr"
            ecep:reg="are"
            ecep:spe="are"
            ecep:syllab="1"
            ecep:pron="ɑː">are</w>
         <c> </c>
         <w xml:id="pba35-086970"
            n="a-1010"
            ecep:lem="thy"
            ecep:pos="po21"
            ecep:reg="thine"
            ecep:spe="thine"
            ecep:syllab="1"
            ecep:pron="ðaɪn">thine</w>
         <pc xml:id="pba35-086980"
             n="a-1020"
             ecep:lem=","
             ecep:pos=","
             ecep:reg=","
             ecep:spe=",">,</pc>
         <c> </c>
         <w xml:id="pba35-086990"
            n="a-1030"
            ecep:lem="i"
            ecep:pos="pns11"
            ecep:reg="I"
            ecep:spe="I"
            ecep:syllab="1"
            ecep:pron="aɪ">I</w>
         <c> </c>
         <w xml:id="pba35-087000"
            n="a-1040"
            ecep:lem="own"
            ecep:pos="vvb"
            ecep:reg="own"
            ecep:spe="own"
            ecep:syllab="1"
            ecep:pron="əʊn">own</w>
         <pc xml:id="pba35-087010"
             n="a-1050"
             ecep:lem=";"
             ecep:pos=";"
             ecep:reg=";"
             ecep:spe=";">;</pc>
      </l>
      <l n="30" xml:id="pba35-l04390">
         <c> </c>
         <w xml:id="pba35-087020"
            n="a-1060"
            ecep:lem="but"
            ecep:pos="cc-acp"
            ecep:reg="But"
            ecep:spe="But"
            ecep:syllab="1"
            ecep:pron="bʌt">But</w>
         <c> </c>
         <w xml:id="pba35-087030"
            n="a-1070"
            ecep:lem="know"
            ecep:pos="vvb"
            ecep:reg="know"
            ecep:spe="know"
            ecep:syllab="1"
            ecep:pron="nəʊ">know</w>
         <pc xml:id="pba35-087040"
             n="a-1080"
             ecep:lem=","
             ecep:pos=","
             ecep:reg=","
             ecep:spe=",">,</pc>
         <c> </c>
         <w xml:id="pba35-087050"
            n="a-1090"
            ecep:lem="content"
            ecep:pos="n1"
            ecep:reg="Content"
            ecep:spe="Content"
            ecep:syllab="2"
            ecep:pron="ˈkɒntent">Content</w>
         <c> </c>
         <w xml:id="pba35-087060"
            n="a-1100"
            ecep:lem="be"
            ecep:pos="vbz"
            ecep:reg="is"
            ecep:spe="is"
            ecep:syllab="1"
            ecep:pron="ɪz">is</w>
         <c> </c>
         <w xml:id="pba35-087070"
            n="a-1110"
            ecep:lem="i"
            ecep:pos="png11"
            ecep:reg="mine"
            ecep:spe="mine"
            ecep:syllab="1"
            ecep:pron="maɪn">mine</w>
         <c> </c>
         <w xml:id="pba35-087080"
            n="a-1120"
            ecep:lem="alone"
            ecep:pos="j"
            ecep:reg="alone"
            ecep:spe="alone"
            ecep:syllab="2"
            ecep:pron="əˈləʊn">alone</w>
         <pc xml:id="pba35-087090"
             n="a-1130"
             unit="sentence"
             ecep:lem="."
             ecep:pos="."
             ecep:reg="."
             ecep:spe=".">.</pc>
         <c> </c>
      </l>
   </lg>
</div>
