<?xml version="1.0" encoding="utf-8"?>
<!DOCTYPE div
  SYSTEM "about:legacy-compat">
<div xmlns:ecep="http://www.eighteenthcenturypoetry.org/ns"
     xmlns="http://www.tei-c.org/ns/1.0"
     xmlns:tei="http://www.tei-c.org/ns/1.0"
     ana="#iamb #tetrameter #trimeter #sestet #pair #address"
     corresp="#txt_BailJo1762_w0012"
     decls="#semi-normalized"
     ecep:syllab="8.8.8.8.8.6"
     met="-+|-+|-+|-+/ -+|-+|-+|-+/ -+|-+|-+|-+/ -+|-+|-+|-+/ -+|-+|-+|-+/ -+|-+|-+/"
     rendition="#lgvspace"
     rhyme="aabbcc"
     subtype="eceptext"
     type="poem"
     xml:id="bjb18-w0120">
   <link target="authors.xml#aut_BailJo1762" type="author"/>
   <head type="main">
      <w xml:id="bjb18-158760"
         n="a-0010"
         ecep:lem="a"
         ecep:pos="dt"
         ecep:reg="A"
         ecep:spe="A"
         ecep:syllab="1"
         ecep:pron="ə">A</w>
      <c> </c>
      <w xml:id="bjb18-158770"
         n="a-0020"
         ecep:lem="mother"
         ecep:pos="n1"
         ecep:reg="MOTHER"
         ecep:spe="MOTHER"
         ecep:syllab="2"
         ecep:pron="ˈmʌðə">MOTHER</w>
      <c> </c>
      <w xml:id="bjb18-158780"
         n="a-0030"
         ecep:lem="to"
         ecep:pos="p-acp"
         ecep:reg="TO"
         ecep:spe="TO"
         ecep:syllab="1"
         ecep:pron="tuː">TO</w>
      <c> </c>
      <w xml:id="bjb18-158790"
         n="a-0040"
         ecep:lem="her"
         ecep:pos="po31"
         ecep:reg="HER"
         ecep:spe="HER"
         ecep:syllab="1"
         ecep:pron="hɜː">HER</w>
      <c> </c>
      <w xml:id="bjb18-158800"
         n="a-0050"
         ecep:lem="wake"
         ecep:pos="vvg"
         ecep:reg="WAKING"
         ecep:spe="WAKING"
         ecep:syllab="2"
         ecep:pron="ˈweɪkɪŋ">WAKING</w>
      <c> </c>
      <w xml:id="bjb18-158810"
         n="a-0060"
         ecep:lem="infant"
         ecep:pos="n1"
         ecep:reg="INFANT"
         ecep:spe="INFANT"
         ecep:syllab="2"
         ecep:pron="ˈɪnfənt">INFANT</w>
      <pc xml:id="bjb18-158820"
          n="a-0070"
          unit="sentence"
          ecep:lem="."
          ecep:pos="."
          ecep:reg="."
          ecep:spe=".">.</pc>
   </head>
   <lg xml:id="bjb18-s00755">
      <l xml:id="bjb18-l07625">
         <hi rendition="#sc">
            <w xml:id="bjb18-158850"
               n="a-0080"
               ecep:lem="now"
               ecep:pos="av"
               ecep:reg="NOW"
               ecep:spe="NOW"
               ecep:syllab="1"
               ecep:pron="naʊ">NOW</w>
         </hi>
         <c> </c>
         <w xml:id="bjb18-158860"
            n="a-0090"
            ecep:lem="in"
            ecep:pos="p-acp"
            ecep:reg="in"
            ecep:spe="in"
            ecep:syllab="1"
            ecep:pron="ɪn">in</w>
         <c> </c>
         <w xml:id="bjb18-158870"
            n="a-0100"
            ecep:lem="thy"
            ecep:pos="po21"
            ecep:reg="thy"
            ecep:spe="thy"
            ecep:syllab="1"
            ecep:pron="ðaɪ">thy</w>
         <c> </c>
         <w xml:id="bjb18-158880"
            n="a-0110"
            ecep:lem="dazzle"
            ecep:pos="j-vvn"
            ecep:reg="dazzled"
            ecep:spe="dazzled"
            ecep:syllab="2"
            ecep:pron="ˈdæzld">dazzled</w>
         <c> </c>
         <w xml:id="bjb18-158890"
            n="a-0120"
            ecep:lem="half-oped"
            ecep:pos="j"
            ecep:reg="half-oped"
            ecep:spe="half-op'd"
            ecep:syllab="2"
            ecep:pron="hɑːfˌəʊpd">half-op'd</w>
         <c> </c>
         <w xml:id="bjb18-158900"
            n="a-0130"
            ecep:lem="eye"
            ecep:pos="n1"
            ecep:reg="eye"
            ecep:spe="eye"
            ecep:syllab="1"
            ecep:pron="aɪ">eye</w>
         <pc xml:id="bjb18-158910"
             n="a-0140"
             ecep:lem=","
             ecep:pos=","
             ecep:reg=","
             ecep:spe=",">,</pc>
      </l>
      <l xml:id="bjb18-l07630">
         <c> </c>
         <w xml:id="bjb18-158920"
            n="a-0150"
            ecep:lem="thy"
            ecep:pos="po21"
            ecep:reg="Thy"
            ecep:spe="Thy"
            ecep:syllab="1"
            ecep:pron="ðaɪ">Thy</w>
         <c> </c>
         <w xml:id="bjb18-158930"
            n="a-0160"
            ecep:lem="curl"
            ecep:pos="j-vvn"
            ecep:reg="curled"
            ecep:spe="curled"
            ecep:syllab="1"
            ecep:pron="kɜːld">curled</w>
         <c> </c>
         <w xml:id="bjb18-158940"
            n="a-0170"
            ecep:lem="nose"
            ecep:pos="n1"
            ecep:reg="nose"
            ecep:spe="nose"
            ecep:syllab="1"
            ecep:pron="nəʊz">nose</w>
         <c> </c>
         <w xml:id="bjb18-158950"
            n="a-0180"
            ecep:lem="and"
            ecep:pos="cc"
            ecep:reg="and"
            ecep:spe="and"
            ecep:syllab="1"
            ecep:pron="ænd">and</w>
         <c> </c>
         <w xml:id="bjb18-158960"
            n="a-0190"
            ecep:lem="lip"
            ecep:pos="n1"
            ecep:reg="lip"
            ecep:spe="lip"
            ecep:syllab="1"
            ecep:pron="lɪp">lip</w>
         <c> </c>
         <w xml:id="bjb18-158970"
            n="a-0200"
            ecep:lem="awry"
            ecep:pos="av"
            ecep:reg="awry"
            ecep:spe="awry"
            ecep:syllab="2"
            ecep:pron="əˈraɪ">awry</w>
         <pc xml:id="bjb18-158980"
             n="a-0210"
             ecep:lem=","
             ecep:pos=","
             ecep:reg=","
             ecep:spe=",">,</pc>
      </l>
      <l xml:id="bjb18-l07635">
         <c> </c>
         <w xml:id="bjb18-158990"
            n="a-0220"
            ecep:lem="up-hoisted"
            ecep:pos="j"
            ecep:reg="Up-hoisted"
            ecep:spe="Up-hoisted"
            ecep:syllab="3"
            ecep:pron="ʌpˌˈhɔɪstɪd">Up-hoisted</w>
         <c> </c>
         <w xml:id="bjb18-159000"
            n="a-0230"
            ecep:lem="arm"
            ecep:pos="n2"
            ecep:reg="arms"
            ecep:spe="arms"
            ecep:syllab="1"
            ecep:pron="ɑːmz">arms</w>
         <c> </c>
         <w xml:id="bjb18-159010"
            n="a-0240"
            ecep:lem="and"
            ecep:pos="cc"
            ecep:reg="and"
            ecep:spe="and"
            ecep:syllab="1"
            ecep:pron="ænd">and</w>
         <c> </c>
         <w xml:id="bjb18-159020"
            n="a-0250"
            ecep:lem="noddle"
            ecep:pos="vvg"
            ecep:reg="noddling"
            ecep:spe="noddling"
            ecep:syllab="2"
            ecep:pron="ˈnɒdlɪŋ">noddling</w>
         <c> </c>
         <w xml:id="bjb18-159030"
            n="a-0260"
            ecep:lem="head"
            ecep:pos="n1"
            ecep:reg="head"
            ecep:spe="head"
            ecep:syllab="1"
            ecep:pron="hed">head</w>
         <pc xml:id="bjb18-159040"
             n="a-0270"
             ecep:lem=","
             ecep:pos=","
             ecep:reg=","
             ecep:spe=",">,</pc>
      </l>
      <l xml:id="bjb18-l07640">
         <c> </c>
         <w xml:id="bjb18-159050"
            n="a-0280"
            ecep:lem="and"
            ecep:pos="cc"
            ecep:reg="And"
            ecep:spe="And"
            ecep:syllab="1"
            ecep:pron="ænd">And</w>
         <c> </c>
         <w xml:id="bjb18-159060"
            n="a-0290"
            ecep:lem="little"
            ecep:pos="j"
            ecep:reg="little"
            ecep:spe="little"
            ecep:syllab="2"
            ecep:pron="ˈlɪtl">little</w>
         <c> </c>
         <w xml:id="bjb18-159070"
            n="a-0300"
            ecep:lem="chin"
            ecep:pos="n1"
            ecep:reg="chin"
            ecep:spe="chin"
            ecep:syllab="1"
            ecep:pron="tʃɪn">chin</w>
         <c> </c>
         <w xml:id="bjb18-159080"
            n="a-0310"
            ecep:lem="with"
            ecep:pos="p-acp"
            ecep:reg="with"
            ecep:spe="with"
            ecep:syllab="1"
            ecep:pron="wɪð">with</w>
         <c> </c>
         <w xml:id="bjb18-159090"
            n="a-0320"
            ecep:lem="crystal"
            ecep:pos="n1"
            ecep:reg="crystal"
            ecep:spe="crystal"
            ecep:syllab="2"
            ecep:pron="ˈkrɪstl">crystal</w>
         <c> </c>
         <w xml:id="bjb18-159100"
            n="a-0330"
            ecep:lem="spread"
            ecep:pos="vvn"
            ecep:reg="spread"
            ecep:spe="spread"
            ecep:syllab="1"
            ecep:pron="spred">spread</w>
         <pc xml:id="bjb18-159110"
             n="a-0340"
             ecep:lem=","
             ecep:pos=","
             ecep:reg=","
             ecep:spe=",">,</pc>
      </l>
      <l xml:id="bjb18-l07645">
         <c> </c>
         <w xml:id="bjb18-159120"
            n="a-0350"
            ecep:lem="poor"
            ecep:pos="j"
            ecep:reg="Poor"
            ecep:spe="Poor"
            ecep:syllab="1"
            ecep:pron="pʊə">Poor</w>
         <c> </c>
         <w xml:id="bjb18-159130"
            n="a-0360"
            ecep:lem="helpless"
            ecep:pos="j"
            ecep:reg="helpless"
            ecep:spe="helpless"
            ecep:syllab="2"
            ecep:pron="ˈhelplɪs">helpless</w>
         <c> </c>
         <w xml:id="bjb18-159140"
            n="a-0370"
            ecep:lem="thing"
            ecep:pos="n1"
            ecep:reg="thing"
            ecep:spe="thing"
            ecep:syllab="1"
            ecep:pron="θɪŋ">thing</w>
         <pc xml:id="bjb18-159150"
             n="a-0380"
             ecep:lem="!"
             ecep:pos="!"
             ecep:reg="!"
             ecep:spe="!">!</pc>
         <c> </c>
         <w xml:id="bjb18-159160"
            n="a-0390"
            ecep:lem="what"
            ecep:pos="q-crq"
            ecep:reg="what"
            ecep:spe="what"
            ecep:syllab="1"
            ecep:pron="wɒt">what</w>
         <c> </c>
         <w xml:id="bjb18-159170"
            n="a-0400"
            ecep:lem="do"
            ecep:pos="vdb"
            ecep:reg="do"
            ecep:spe="do"
            ecep:syllab="1"
            ecep:pron="duː">do</w>
         <c> </c>
         <w xml:id="bjb18-159180"
            n="a-0410"
            ecep:lem="i"
            ecep:pos="pns11"
            ecep:reg="I"
            ecep:spe="I"
            ecep:syllab="1"
            ecep:pron="aɪ">I</w>
         <c> </c>
         <w xml:id="bjb18-159190"
            n="a-0420"
            ecep:lem="see"
            ecep:pos="vvi"
            ecep:reg="see"
            ecep:spe="see"
            ecep:syllab="1"
            ecep:pron="siː">see</w>
         <pc xml:id="bjb18-159200"
             n="a-0430"
             ecep:lem=","
             ecep:pos=","
             ecep:reg=","
             ecep:spe=",">,</pc>
      </l>
      <l xml:id="bjb18-l07650">
         <c> </c>
         <w xml:id="bjb18-159210"
            n="a-0440"
            ecep:lem="that"
            ecep:pos="cst"
            ecep:reg="That"
            ecep:spe="That"
            ecep:syllab="1"
            ecep:pron="ðæt">That</w>
         <c> </c>
         <w xml:id="bjb18-159220"
            n="a-0450"
            ecep:lem="i"
            ecep:pos="pns11"
            ecep:reg="I"
            ecep:spe="I"
            ecep:syllab="1"
            ecep:pron="aɪ">I</w>
         <c> </c>
         <w xml:id="bjb18-159230"
            n="a-0460"
            ecep:lem="shall"
            ecep:pos="vmd"
            ecep:reg="should"
            ecep:spe="should"
            ecep:syllab="1"
            ecep:pron="ʃʊd">should</w>
         <c> </c>
         <w xml:id="bjb18-159240"
            n="a-0470"
            ecep:lem="sing"
            ecep:pos="vvi"
            ecep:reg="sing"
            ecep:spe="sing"
            ecep:syllab="1"
            ecep:pron="sɪŋ">sing</w>
         <c> </c>
         <w xml:id="bjb18-159250"
            n="a-0480"
            ecep:lem="of"
            ecep:pos="pp-f"
            ecep:reg="of"
            ecep:spe="of"
            ecep:syllab="1"
            ecep:pron="ɒv">of</w>
         <c> </c>
         <w xml:id="bjb18-159260"
            n="a-0490"
            ecep:lem="thou"
            ecep:pos="pno21"
            ecep:reg="thee"
            ecep:spe="thee"
            ecep:syllab="1"
            ecep:pron="ðiː">thee</w>
         <pc xml:id="bjb18-159270"
             n="a-0500"
             unit="sentence"
             ecep:lem="?"
             ecep:pos="?"
             ecep:reg="?"
             ecep:spe="?">?</pc>
         <c> </c>
      </l>
   </lg>
   <lg xml:id="bjb18-s00760">
      <l xml:id="bjb18-l07655">
         <w xml:id="bjb18-159300"
            n="a-0510"
            ecep:lem="from"
            ecep:pos="p-acp"
            ecep:reg="From"
            ecep:spe="From"
            ecep:syllab="1"
            ecep:pron="frɒm">From</w>
         <c> </c>
         <w xml:id="bjb18-159310"
            n="a-0520"
            ecep:lem="thy"
            ecep:pos="po21"
            ecep:reg="thy"
            ecep:spe="thy"
            ecep:syllab="1"
            ecep:pron="ðaɪ">thy</w>
         <c> </c>
         <w xml:id="bjb18-159320"
            n="a-0530"
            ecep:lem="poor"
            ecep:pos="j"
            ecep:reg="poor"
            ecep:spe="poor"
            ecep:syllab="1"
            ecep:pron="pʊə">poor</w>
         <c> </c>
         <w xml:id="bjb18-159330"
            n="a-0540"
            ecep:lem="tongue"
            ecep:pos="n1"
            ecep:reg="tongue"
            ecep:spe="tongue"
            ecep:syllab="1"
            ecep:pron="tʌŋ">tongue</w>
         <c> </c>
         <w xml:id="bjb18-159340"
            n="a-0550"
            ecep:lem="no"
            ecep:pos="dx"
            ecep:reg="no"
            ecep:spe="no"
            ecep:syllab="1"
            ecep:pron="nəʊ">no</w>
         <c> </c>
         <w xml:id="bjb18-159350"
            n="a-0560"
            ecep:lem="accent"
            ecep:pos="n2"
            ecep:reg="accents"
            ecep:spe="accents"
            ecep:syllab="2"
            ecep:pron="ˈæksnts">accents</w>
         <c> </c>
         <w xml:id="bjb18-159360"
            n="a-0570"
            ecep:lem="come"
            ecep:pos="vvi"
            ecep:reg="come"
            ecep:spe="come"
            ecep:syllab="1"
            ecep:pron="kʌm">come</w>
         <pc xml:id="bjb18-159370"
             n="a-0580"
             ecep:lem=","
             ecep:pos=","
             ecep:reg=","
             ecep:spe=",">,</pc>
      </l>
      <l xml:id="bjb18-l07660">
         <c> </c>
         <w xml:id="bjb18-159380"
            n="a-0590"
            ecep:lem="which"
            ecep:pos="r-crq"
            ecep:reg="Which"
            ecep:spe="Which"
            ecep:syllab="1"
            ecep:pron="wɪtʃ">Which</w>
         <c> </c>
         <w xml:id="bjb18-159390"
            n="a-0600"
            ecep:lem="can"
            ecep:pos="vmb"
            ecep:reg="can"
            ecep:spe="can"
            ecep:syllab="1"
            ecep:pron="kæn">can</w>
         <c> </c>
         <w xml:id="bjb18-159400"
            n="a-0610"
            ecep:lem="but"
            ecep:pos="cc-acp"
            ecep:reg="but"
            ecep:spe="but"
            ecep:syllab="1"
            ecep:pron="bʌt">but</w>
         <c> </c>
         <w xml:id="bjb18-159410"
            n="a-0620"
            ecep:lem="rub"
            ecep:pos="vvi"
            ecep:reg="rub"
            ecep:spe="rub"
            ecep:syllab="1"
            ecep:pron="rʌb">rub</w>
         <c> </c>
         <w xml:id="bjb18-159420"
            n="a-0630"
            ecep:lem="thy"
            ecep:pos="po21"
            ecep:reg="thy"
            ecep:spe="thy"
            ecep:syllab="1"
            ecep:pron="ðaɪ">thy</w>
         <c> </c>
         <w xml:id="bjb18-159430"
            n="a-0640"
            ecep:lem="toothless"
            ecep:pos="j"
            ecep:reg="toothless"
            ecep:spe="toothless"
            ecep:syllab="2"
            ecep:pron="ˈtuːθləs">toothless</w>
         <c> </c>
         <w xml:id="bjb18-159440"
            n="a-0650"
            ecep:lem="gum"
            ecep:pos="n1"
            ecep:reg="gum"
            ecep:spe="gum"
            ecep:syllab="1"
            ecep:pron="gʌm">gum</w>
         <pc xml:id="bjb18-159450"
             n="a-0660"
             ecep:lem=":"
             ecep:pos=":"
             ecep:reg=":"
             ecep:spe=":">:</pc>
      </l>
      <l xml:id="bjb18-l07665">
         <c> </c>
         <w xml:id="bjb18-159460"
            n="a-0670"
            ecep:lem="small"
            ecep:pos="j"
            ecep:reg="Small"
            ecep:spe="Small"
            ecep:syllab="1"
            ecep:pron="smɔːl">Small</w>
         <c> </c>
         <w xml:id="bjb18-159470"
            n="a-0680"
            ecep:lem="understanding"
            ecep:pos="n1"
            ecep:reg="understanding"
            ecep:spe="understanding"
            ecep:syllab="4"
            ecep:pron="ˌʌndəˈstændɪŋ">understanding</w>
         <c> </c>
         <w xml:id="bjb18-159480"
            n="a-0690"
            ecep:lem="boast"
            ecep:pos="vvz"
            ecep:reg="boasts"
            ecep:spe="boasts"
            ecep:syllab="1"
            ecep:pron="bəʊsts">boasts</w>
         <c> </c>
         <w xml:id="bjb18-159490"
            n="a-0700"
            ecep:lem="thy"
            ecep:pos="po21"
            ecep:reg="thy"
            ecep:spe="thy"
            ecep:syllab="1"
            ecep:pron="ðaɪ">thy</w>
         <c> </c>
         <w xml:id="bjb18-159500"
            n="a-0710"
            ecep:lem="face"
            ecep:pos="n1"
            ecep:reg="face"
            ecep:spe="face"
            ecep:syllab="1"
            ecep:pron="feɪs">face</w>
         <pc xml:id="bjb18-159510"
             n="a-0720"
             ecep:lem=","
             ecep:pos=","
             ecep:reg=","
             ecep:spe=",">,</pc>
      </l>
      <l xml:id="bjb18-l07670">
         <c> </c>
         <w xml:id="bjb18-159520"
            n="a-0730"
            ecep:lem="thy"
            ecep:pos="po21"
            ecep:reg="Thy"
            ecep:spe="Thy"
            ecep:syllab="1"
            ecep:pron="ðaɪ">Thy</w>
         <c> </c>
         <w xml:id="bjb18-159530"
            n="a-0740"
            ecep:lem="shapeless"
            ecep:pos="j"
            ecep:reg="shapeless"
            ecep:spe="shapeless"
            ecep:syllab="2"
            ecep:pron="ˈʃeɪplɪs">shapeless</w>
         <c> </c>
         <w xml:id="bjb18-159540"
            n="a-0750"
            ecep:lem="limb"
            ecep:pos="n2"
            ecep:reg="limbs"
            ecep:spe="limbs"
            ecep:syllab="1"
            ecep:pron="lɪmz">limbs</w>
         <c> </c>
         <w xml:id="bjb18-159550"
            n="a-0760"
            ecep:lem="nor"
            ecep:pos="ccx"
            ecep:reg="nor"
            ecep:spe="nor"
            ecep:syllab="1"
            ecep:pron="nɔː">nor</w>
         <c> </c>
         <w xml:id="bjb18-159560"
            n="a-0770"
            ecep:lem="step"
            ecep:pos="n1"
            ecep:reg="step"
            ecep:spe="step"
            ecep:syllab="1"
            ecep:pron="step">step</w>
         <c> </c>
         <w xml:id="bjb18-159570"
            n="a-0780"
            ecep:lem="nor"
            ecep:pos="ccx"
            ecep:reg="nor"
            ecep:spe="nor"
            ecep:syllab="1"
            ecep:pron="nɔː">nor</w>
         <c> </c>
         <w xml:id="bjb18-159580"
            n="a-0790"
            ecep:lem="grace"
            ecep:pos="n1"
            ecep:reg="grace"
            ecep:spe="grace"
            ecep:syllab="1"
            ecep:pron="greɪs">grace</w>
         <pc xml:id="bjb18-159590"
             n="a-0800"
             ecep:lem=":"
             ecep:pos=":"
             ecep:reg=":"
             ecep:spe=":">:</pc>
      </l>
      <l xml:id="bjb18-l07675">
         <c> </c>
         <w xml:id="bjb18-159600"
            n="a-0810"
            ecep:lem="a"
            ecep:pos="dt"
            ecep:reg="A"
            ecep:spe="A"
            ecep:syllab="1"
            ecep:pron="ə">A</w>
         <c> </c>
         <w xml:id="bjb18-159610"
            n="a-0820"
            ecep:lem="few"
            ecep:pos="d"
            ecep:reg="few"
            ecep:spe="few"
            ecep:syllab="1"
            ecep:pron="fjuː">few</w>
         <c> </c>
         <w xml:id="bjb18-159620"
            n="a-0830"
            ecep:lem="short"
            ecep:pos="j"
            ecep:reg="short"
            ecep:spe="short"
            ecep:syllab="1"
            ecep:pron="ʃɔːt">short</w>
         <c> </c>
         <w xml:id="bjb18-159630"
            n="a-0840"
            ecep:lem="word"
            ecep:pos="n2"
            ecep:reg="words"
            ecep:spe="words"
            ecep:syllab="1"
            ecep:pron="wɜːdz">words</w>
         <c> </c>
         <w xml:id="bjb18-159640"
            n="a-0850"
            ecep:lem="thy"
            ecep:pos="po21"
            ecep:reg="thy"
            ecep:spe="thy"
            ecep:syllab="1"
            ecep:pron="ðaɪ">thy</w>
         <c> </c>
         <w xml:id="bjb18-159650"
            n="a-0860"
            ecep:lem="feat"
            ecep:pos="n2"
            ecep:reg="feats"
            ecep:spe="feats"
            ecep:syllab="1"
            ecep:pron="fiːts">feats</w>
         <c> </c>
         <w xml:id="bjb18-159660"
            n="a-0870"
            ecep:lem="may"
            ecep:pos="vmb"
            ecep:reg="may"
            ecep:spe="may"
            ecep:syllab="1"
            ecep:pron="meɪ">may</w>
         <c> </c>
         <w xml:id="bjb18-159670"
            n="a-0880"
            ecep:lem="tell"
            ecep:pos="vvi"
            ecep:reg="tell"
            ecep:spe="tell"
            ecep:syllab="1"
            ecep:pron="tel">tell</w>
         <pc xml:id="bjb18-159680"
             n="a-0890"
             ecep:lem=","
             ecep:pos=","
             ecep:reg=","
             ecep:spe=",">,</pc>
      </l>
      <l xml:id="bjb18-l07680">
         <c> </c>
         <w xml:id="bjb18-159690"
            n="a-0900"
            ecep:lem="and"
            ecep:pos="cc"
            ecep:reg="And"
            ecep:spe="And"
            ecep:syllab="1"
            ecep:pron="ænd">And</w>
         <c> </c>
         <w xml:id="bjb18-159700"
            n="a-0910"
            ecep:lem="yet"
            ecep:pos="av"
            ecep:reg="yet"
            ecep:spe="yet"
            ecep:syllab="1"
            ecep:pron="jet">yet</w>
         <c> </c>
         <w xml:id="bjb18-159710"
            n="a-0920"
            ecep:lem="i"
            ecep:pos="pns11"
            ecep:reg="I"
            ecep:spe="I"
            ecep:syllab="1"
            ecep:pron="aɪ">I</w>
         <c> </c>
         <w xml:id="bjb18-159720"
            n="a-0930"
            ecep:lem="love"
            ecep:pos="vvb"
            ecep:reg="love"
            ecep:spe="love"
            ecep:syllab="1"
            ecep:pron="lʌv">love</w>
         <c> </c>
         <w xml:id="bjb18-159730"
            n="a-0940"
            ecep:lem="thou"
            ecep:pos="pno21"
            ecep:reg="thee"
            ecep:spe="thee"
            ecep:syllab="1"
            ecep:pron="ðiː">thee</w>
         <c> </c>
         <w xml:id="bjb18-159740"
            n="a-0950"
            ecep:lem="well"
            ecep:pos="av"
            ecep:reg="well"
            ecep:spe="well"
            ecep:syllab="1"
            ecep:pron="wel">well</w>
         <pc xml:id="bjb18-159750"
             n="a-0960"
             unit="sentence"
             ecep:lem="."
             ecep:pos="."
             ecep:reg="."
             ecep:spe=".">.</pc>
         <c> </c>
      </l>
      <pb n="90" rend="none"/>
   </lg>
   <lg xml:id="bjb18-s00765">
      <l xml:id="bjb18-l07685">
         <w xml:id="bjb18-159780"
            n="a-0010"
            ecep:lem="when"
            ecep:pos="q-crq"
            ecep:reg="When"
            ecep:spe="When"
            ecep:syllab="1"
            ecep:pron="wen">When</w>
         <c> </c>
         <w xml:id="bjb18-159790"
            n="a-0020"
            ecep:lem="wake"
            ecep:pos="vvz"
            ecep:reg="wakes"
            ecep:spe="wakes"
            ecep:syllab="1"
            ecep:pron="weɪks">wakes</w>
         <c> </c>
         <w xml:id="bjb18-159800"
            n="a-0030"
            ecep:lem="the"
            ecep:pos="dt"
            ecep:reg="the"
            ecep:spe="the"
            ecep:syllab="1"
            ecep:pron="ðə">the</w>
         <c> </c>
         <w xml:id="bjb18-159810"
            n="a-0040"
            ecep:lem="sudden"
            ecep:pos="j"
            ecep:reg="sudden"
            ecep:spe="sudden"
            ecep:syllab="2"
            ecep:pron="ˈsʌdn">sudden</w>
         <c> </c>
         <w xml:id="bjb18-159820"
            n="a-0050"
            ecep:lem="bitter"
            ecep:pos="j"
            ecep:reg="bitter"
            ecep:spe="bitter"
            ecep:syllab="2"
            ecep:pron="ˈbɪtə">bitter</w>
         <c> </c>
         <w xml:id="bjb18-159830"
            n="a-0060"
            ecep:lem="shriek"
            ecep:pos="n1"
            ecep:reg="shriek"
            ecep:spe="shriek"
            ecep:syllab="1"
            ecep:pron="ʃriːk">shriek</w>
         <pc xml:id="bjb18-159840"
             n="a-0070"
             ecep:lem=","
             ecep:pos=","
             ecep:reg=","
             ecep:spe=",">,</pc>
      </l>
      <l xml:id="bjb18-l07690">
         <c> </c>
         <w xml:id="bjb18-159850"
            n="a-0080"
            ecep:lem="and"
            ecep:pos="cc"
            ecep:reg="And"
            ecep:spe="And"
            ecep:syllab="1"
            ecep:pron="ænd">And</w>
         <c> </c>
         <w xml:id="bjb18-159860"
            n="a-0090"
            ecep:lem="red"
            ecep:pos="jc-jn"
            ecep:reg="redder"
            ecep:spe="redder"
            ecep:syllab="2"
            ecep:pron="ˈredə">redder</w>
         <c> </c>
         <w xml:id="bjb18-159870"
            n="a-0100"
            ecep:lem="swell"
            ecep:pos="vvz"
            ecep:reg="swells"
            ecep:spe="swells"
            ecep:syllab="1"
            ecep:pron="swelz">swells</w>
         <c> </c>
         <w xml:id="bjb18-159880"
            n="a-0110"
            ecep:lem="thy"
            ecep:pos="po21"
            ecep:reg="thy"
            ecep:spe="thy"
            ecep:syllab="1"
            ecep:pron="ðaɪ">thy</w>
         <c> </c>
         <w xml:id="bjb18-159890"
            n="a-0120"
            ecep:lem="little"
            ecep:pos="j"
            ecep:reg="little"
            ecep:spe="little"
            ecep:syllab="2"
            ecep:pron="ˈlɪtl">little</w>
         <c> </c>
         <w xml:id="bjb18-159900"
            n="a-0130"
            ecep:lem="cheek"
            ecep:pos="n1"
            ecep:reg="cheek"
            ecep:spe="cheek"
            ecep:syllab="1"
            ecep:pron="tʃiːk">cheek</w>
         <pc xml:id="bjb18-159910"
             n="a-0140"
             ecep:lem=";"
             ecep:pos=";"
             ecep:reg=";"
             ecep:spe=";">;</pc>
      </l>
      <l xml:id="bjb18-l07695">
         <c> </c>
         <w xml:id="bjb18-159920"
            n="a-0150"
            ecep:lem="when"
            ecep:pos="c-crq"
            ecep:reg="When"
            ecep:spe="When"
            ecep:syllab="1"
            ecep:pron="wen">When</w>
         <c> </c>
         <w xml:id="bjb18-159930"
            n="a-0160"
            ecep:lem="rattle"
            ecep:pos="vvn"
            ecep:reg="rattled"
            ecep:spe="rattled"
            ecep:syllab="2"
            ecep:pron="ˈrætld">rattled</w>
         <c> </c>
         <w xml:id="bjb18-159940"
            n="a-0170"
            ecep:lem="key"
            ecep:pos="n2"
            ecep:reg="keys"
            ecep:spe="keys"
            ecep:syllab="1"
            ecep:pron="kiːz">keys</w>
         <c> </c>
         <w xml:id="bjb18-159950"
            n="a-0180"
            ecep:lem="thy"
            ecep:pos="po21"
            ecep:reg="thy"
            ecep:spe="thy"
            ecep:syllab="1"
            ecep:pron="ðaɪ">thy</w>
         <c> </c>
         <w xml:id="bjb18-159960"
            n="a-0190"
            ecep:lem="woe"
            ecep:pos="n2"
            ecep:reg="woes"
            ecep:spe="woes"
            ecep:syllab="1"
            ecep:pron="wəʊz">woes</w>
         <c> </c>
         <w xml:id="bjb18-159970"
            n="a-0200"
            ecep:lem="beguile"
            ecep:pos="vvi"
            ecep:reg="beguile"
            ecep:spe="beguile"
            ecep:syllab="2"
            ecep:pron="bɪˈgaɪl">beguile</w>
         <pc xml:id="bjb18-159980"
             n="a-0210"
             ecep:lem=","
             ecep:pos=","
             ecep:reg=","
             ecep:spe=",">,</pc>
      </l>
      <l xml:id="bjb18-l07700">
         <c> </c>
         <w xml:id="bjb18-159990"
            n="a-0220"
            ecep:lem="and"
            ecep:pos="cc"
            ecep:reg="And"
            ecep:spe="And"
            ecep:syllab="1"
            ecep:pron="ænd">And</w>
         <c> </c>
         <w xml:id="bjb18-160000"
            n="a-0230"
            ecep:lem="through"
            ecep:pos="p-acp"
            ecep:reg="through"
            ecep:spe="through"
            ecep:syllab="1"
            ecep:pron="θruː">through</w>
         <c> </c>
         <w xml:id="bjb18-160010"
            n="a-0240"
            ecep:lem="thy"
            ecep:pos="po21"
            ecep:reg="thine"
            ecep:spe="thine"
            ecep:syllab="1"
            ecep:pron="ðaɪn">thine</w>
         <c> </c>
         <w xml:id="bjb18-160020"
            n="a-0250"
            ecep:lem="eye-lid"
            ecep:pos="n2"
            ecep:reg="eyelids"
            ecep:spe="eye-lids"
            ecep:syllab="2"
            ecep:pron="aɪˌlɪdz">eye-lids</w>
         <c> </c>
         <w xml:id="bjb18-160030"
            n="a-0260"
            ecep:lem="gleam"
            ecep:pos="vvz"
            ecep:reg="gleams"
            ecep:spe="gleams"
            ecep:syllab="1"
            ecep:pron="gliːmz">gleams</w>
         <c> </c>
         <w xml:id="bjb18-160040"
            n="a-0270"
            ecep:lem="the"
            ecep:pos="dt"
            ecep:reg="the"
            ecep:spe="the"
            ecep:syllab="1"
            ecep:pron="ðə">the</w>
         <c> </c>
         <w xml:id="bjb18-160050"
            n="a-0280"
            ecep:lem="smile"
            ecep:pos="n1"
            ecep:reg="smile"
            ecep:spe="smile"
            ecep:syllab="1"
            ecep:pron="smaɪl">smile</w>
         <pc xml:id="bjb18-160060"
             n="a-0290"
             ecep:lem=","
             ecep:pos=","
             ecep:reg=","
             ecep:spe=",">,</pc>
      </l>
      <l xml:id="bjb18-l07705">
         <c> </c>
         <w xml:id="bjb18-160070"
            n="a-0300"
            ecep:lem="still"
            ecep:pos="av"
            ecep:reg="Still"
            ecep:spe="Still"
            ecep:syllab="1"
            ecep:pron="stɪl">Still</w>
         <c> </c>
         <w xml:id="bjb18-160080"
            n="a-0310"
            ecep:lem="for"
            ecep:pos="p-acp"
            ecep:reg="for"
            ecep:spe="for"
            ecep:syllab="1"
            ecep:pron="fɔː">for</w>
         <c> </c>
         <w xml:id="bjb18-160090"
            n="a-0320"
            ecep:lem="thy"
            ecep:pos="po21"
            ecep:reg="thy"
            ecep:spe="thy"
            ecep:syllab="1"
            ecep:pron="ðaɪ">thy</w>
         <c> </c>
         <w xml:id="bjb18-160100"
            n="a-0330"
            ecep:lem="weak"
            ecep:pos="av-j"
            ecep:reg="weakly"
            ecep:spe="weakly"
            ecep:syllab="2"
            ecep:pron="ˈwiːklɪ">weakly</w>
         <c> </c>
         <w xml:id="bjb18-160110"
            n="a-0340"
            ecep:lem="self"
            ecep:pos="n1"
            ecep:reg="self"
            ecep:spe="self"
            ecep:syllab="1"
            ecep:pron="self">self</w>
         <c> </c>
         <w xml:id="bjb18-160120"
            n="a-0350"
            ecep:lem="be"
            ecep:pos="vbz"
            ecep:reg="is"
            ecep:spe="is"
            ecep:syllab="1"
            ecep:pron="ɪz">is</w>
         <c> </c>
         <w xml:id="bjb18-160130"
            n="a-0360"
            ecep:lem="spend"
            ecep:pos="vvn"
            ecep:reg="spent"
            ecep:spe="spent"
            ecep:syllab="1"
            ecep:pron="spent">spent</w>
      </l>
      <l xml:id="bjb18-l07710">
         <c> </c>
         <w xml:id="bjb18-160140"
            n="a-0370"
            ecep:lem="thy"
            ecep:pos="po21"
            ecep:reg="Thy"
            ecep:spe="Thy"
            ecep:syllab="1"
            ecep:pron="ðaɪ">Thy</w>
         <c> </c>
         <w xml:id="bjb18-160150"
            n="a-0380"
            ecep:lem="little"
            ecep:pos="j"
            ecep:reg="little"
            ecep:spe="little"
            ecep:syllab="2"
            ecep:pron="ˈlɪtl">little</w>
         <c> </c>
         <w xml:id="bjb18-160160"
            n="a-0390"
            ecep:lem="silly"
            ecep:pos="j"
            ecep:reg="silly"
            ecep:spe="silly"
            ecep:syllab="2"
            ecep:pron="ˈsɪlɪ">silly</w>
         <c> </c>
         <w xml:id="bjb18-160170"
            n="a-0400"
            ecep:lem="plaint"
            ecep:pos="n1"
            ecep:reg="plaint"
            ecep:spe="plaint"
            ecep:syllab="1"
            ecep:pron="pleɪnt">plaint</w>
         <pc xml:id="bjb18-160180"
             n="a-0410"
             unit="sentence"
             ecep:lem="."
             ecep:pos="."
             ecep:reg="."
             ecep:spe=".">.</pc>
         <c> </c>
      </l>
   </lg>
   <lg xml:id="bjb18-s00770">
      <l xml:id="bjb18-l07715">
         <w xml:id="bjb18-160210"
            n="a-0420"
            ecep:lem="but"
            ecep:pos="p-acp"
            ecep:reg="But"
            ecep:spe="But"
            ecep:syllab="1"
            ecep:pron="bʌt">But</w>
         <c> </c>
         <w xml:id="bjb18-160220"
            n="a-0430"
            ecep:lem="when"
            ecep:pos="c-crq"
            ecep:reg="when"
            ecep:spe="when"
            ecep:syllab="1"
            ecep:pron="wen">when</w>
         <c> </c>
         <w xml:id="bjb18-160230"
            n="a-0440"
            ecep:lem="thy"
            ecep:pos="po21"
            ecep:reg="thy"
            ecep:spe="thy"
            ecep:syllab="1"
            ecep:pron="ðaɪ">thy</w>
         <c> </c>
         <w xml:id="bjb18-160240"
            n="a-0450"
            ecep:lem="friend"
            ecep:pos="n2"
            ecep:reg="friends"
            ecep:spe="friends"
            ecep:syllab="1"
            ecep:pron="frendz">friends</w>
         <c> </c>
         <w xml:id="bjb18-160250"
            n="a-0460"
            ecep:lem="be"
            ecep:pos="vbr"
            ecep:reg="are"
            ecep:spe="are"
            ecep:syllab="1"
            ecep:pron="ɑː">are</w>
         <c> </c>
         <w xml:id="bjb18-160260"
            n="a-0470"
            ecep:lem="in"
            ecep:pos="p-acp"
            ecep:reg="in"
            ecep:spe="in"
            ecep:syllab="1"
            ecep:pron="ɪn">in</w>
         <c> </c>
         <w xml:id="bjb18-160270"
            n="a-0480"
            ecep:lem="distress"
            ecep:pos="n1"
            ecep:reg="distress"
            ecep:spe="distress"
            ecep:syllab="2"
            ecep:pron="dɪˈstres">distress</w>
         <pc xml:id="bjb18-160280"
             n="a-0490"
             ecep:lem=","
             ecep:pos=","
             ecep:reg=","
             ecep:spe=",">,</pc>
      </l>
      <l xml:id="bjb18-l07720">
         <c> </c>
         <w xml:id="bjb18-160290"
            n="a-0500"
            ecep:lem="thou|will"
            ecep:pos="pns21|vm2"
            ecep:reg="Thou'lt"
            ecep:spe="Thou'lt"
            ecep:syllab="1"
            ecep:pron="ðaʊlt">Thou'lt</w>
         <c> </c>
         <w xml:id="bjb18-160300"
            n="a-0510"
            ecep:lem="laugh"
            ecep:pos="vvi"
            ecep:reg="laugh"
            ecep:spe="laugh"
            ecep:syllab="1"
            ecep:pron="lɑːf">laugh</w>
         <c> </c>
         <w xml:id="bjb18-160310"
            n="a-0520"
            ecep:lem="and"
            ecep:pos="cc"
            ecep:reg="and"
            ecep:spe="and"
            ecep:syllab="1"
            ecep:pron="ænd">and</w>
         <c> </c>
         <w xml:id="bjb18-160320"
            n="a-0530"
            ecep:lem="chuckle"
            ecep:pos="n1"
            ecep:reg="chuckle"
            ecep:spe="chuckle"
            ecep:syllab="2"
            ecep:pron="ˈtʃʌkl">chuckle</w>
         <c> </c>
         <w xml:id="bjb18-160330"
            n="a-0540"
            ecep:lem="nevertheless"
            ecep:pos="av"
            ecep:reg="ne'ertheless"
            ecep:spe="ne'ertheless"
            ecep:syllab="3"
            ecep:pron="ˈneəðəˌles">ne'ertheless</w>
         <pc xml:id="bjb18-160340"
             n="a-0550"
             ecep:lem=","
             ecep:pos=","
             ecep:reg=","
             ecep:spe=",">,</pc>
      </l>
      <l xml:id="bjb18-l07725">
         <c> </c>
         <w xml:id="bjb18-160350"
            n="a-0560"
            ecep:lem="nor"
            ecep:pos="ccx"
            ecep:reg="Nor"
            ecep:spe="Nor"
            ecep:syllab="1"
            ecep:pron="nɔː">Nor</w>
         <c> </c>
         <w xml:id="bjb18-160360"
            n="a-0570"
            ecep:lem="with"
            ecep:pos="p-acp"
            ecep:reg="with"
            ecep:spe="with"
            ecep:syllab="1"
            ecep:pron="wɪð">with</w>
         <c> </c>
         <w xml:id="bjb18-160370"
            n="a-0580"
            ecep:lem="kind"
            ecep:pos="j"
            ecep:reg="kind"
            ecep:spe="kind"
            ecep:syllab="1"
            ecep:pron="kaɪnd">kind</w>
         <c> </c>
         <w xml:id="bjb18-160380"
            n="a-0590"
            ecep:lem="sympathy"
            ecep:pos="n1"
            ecep:reg="sympathy"
            ecep:spe="sympathy"
            ecep:syllab="3"
            ecep:pron="ˈsɪmpəθɪ">sympathy</w>
         <c> </c>
         <w xml:id="bjb18-160390"
            n="a-0600"
            ecep:lem="be"
            ecep:pos="vbi"
            ecep:reg="be"
            ecep:spe="be"
            ecep:syllab="1"
            ecep:pron="biː">be</w>
         <c> </c>
         <w xml:id="bjb18-160400"
            n="a-0610"
            ecep:lem="smite"
            ecep:pos="vvn"
            ecep:reg="smitten"
            ecep:spe="smitten"
            ecep:syllab="2"
            ecep:pron="ˈsmɪtn">smitten</w>
         <pc xml:id="bjb18-160410"
             n="a-0620"
             ecep:lem=","
             ecep:pos=","
             ecep:reg=","
             ecep:spe=",">,</pc>
      </l>
      <l xml:id="bjb18-l07730">
         <c> </c>
         <w xml:id="bjb18-160420"
            n="a-0630"
            ecep:lem="though"
            ecep:pos="c-acp"
            ecep:reg="Though"
            ecep:spe="Though"
            ecep:syllab="1"
            ecep:pron="ðəʊ">Though</w>
         <c> </c>
         <w xml:id="bjb18-160430"
            n="a-0640"
            ecep:lem="all"
            ecep:pos="d"
            ecep:reg="all"
            ecep:spe="all"
            ecep:syllab="1"
            ecep:pron="ɔːl">all</w>
         <c> </c>
         <w xml:id="bjb18-160440"
            n="a-0650"
            ecep:lem="be"
            ecep:pos="vbr"
            ecep:reg="are"
            ecep:spe="are"
            ecep:syllab="1"
            ecep:pron="ɑː">are</w>
         <c> </c>
         <w xml:id="bjb18-160450"
            n="a-0660"
            ecep:lem="sad"
            ecep:pos="j"
            ecep:reg="sad"
            ecep:spe="sad"
            ecep:syllab="1"
            ecep:pron="sæd">sad</w>
         <c> </c>
         <w xml:id="bjb18-160460"
            n="a-0670"
            ecep:lem="but"
            ecep:pos="p-acp"
            ecep:reg="but"
            ecep:spe="but"
            ecep:syllab="1"
            ecep:pron="bʌt">but</w>
         <c> </c>
         <w xml:id="bjb18-160470"
            n="a-0680"
            ecep:lem="thou"
            ecep:pos="pno21"
            ecep:reg="thee"
            ecep:spe="thee"
            ecep:syllab="1"
            ecep:pron="ðiː">thee</w>
         <c> </c>
         <w xml:id="bjb18-160480"
            n="a-0690"
            ecep:lem="and"
            ecep:pos="cc"
            ecep:reg="and"
            ecep:spe="and"
            ecep:syllab="1"
            ecep:pron="ænd">and</w>
         <c> </c>
         <w xml:id="bjb18-160490"
            n="a-0700"
            ecep:lem="kitten"
            ecep:pos="n1"
            ecep:reg="kitten"
            ecep:spe="kitten"
            ecep:syllab="2"
            ecep:pron="ˈkɪtn">kitten</w>
         <pc xml:id="bjb18-160500"
             n="a-0710"
             ecep:lem=";"
             ecep:pos=";"
             ecep:reg=";"
             ecep:spe=";">;</pc>
      </l>
      <l xml:id="bjb18-l07735">
         <c> </c>
         <w xml:id="bjb18-160510"
            n="a-0720"
            ecep:lem="yet"
            ecep:pos="av"
            ecep:reg="Yet"
            ecep:spe="Yet"
            ecep:syllab="1"
            ecep:pron="jet">Yet</w>
         <pc xml:id="bjb18-160520"
             n="a-0730"
             ecep:lem=","
             ecep:pos=","
             ecep:reg=","
             ecep:spe=",">,</pc>
         <c> </c>
         <w xml:id="bjb18-160530"
            n="a-0740"
            ecep:lem="puny"
            ecep:pos="j"
            ecep:reg="puny"
            ecep:spe="puny"
            ecep:syllab="2"
            ecep:pron="ˈpjuːnɪ">puny</w>
         <c> </c>
         <w xml:id="bjb18-160540"
            n="a-0750"
            ecep:lem="varlet"
            ecep:pos="n1"
            ecep:reg="varlet"
            ecep:spe="varlet"
            ecep:syllab="2"
            ecep:pron="ˈvɑːlɪt">varlet</w>
         <c> </c>
         <w xml:id="bjb18-160550"
            n="a-0760"
            ecep:lem="that"
            ecep:pos="cst"
            ecep:reg="that"
            ecep:spe="that"
            ecep:syllab="1"
            ecep:pron="ðæt">that</w>
         <c> </c>
         <w xml:id="bjb18-160560"
            n="a-0770"
            ecep:lem="thou"
            ecep:pos="pns21"
            ecep:reg="thou"
            ecep:spe="thou"
            ecep:syllab="1"
            ecep:pron="ðaʊ">thou</w>
         <c> </c>
         <w xml:id="bjb18-160570"
            n="a-0780"
            ecep:lem="be"
            ecep:pos="vb2r"
            ecep:reg="art"
            ecep:spe="art"
            ecep:syllab="1"
            ecep:pron="ɑːt">art</w>
         <pc xml:id="bjb18-160580"
             n="a-0790"
             ecep:lem=","
             ecep:pos=","
             ecep:reg=","
             ecep:spe=",">,</pc>
      </l>
      <l xml:id="bjb18-l07740">
         <c> </c>
         <w xml:id="bjb18-160590"
            n="a-0800"
            ecep:lem="thou"
            ecep:pos="pns21"
            ecep:reg="Thou"
            ecep:spe="Thou"
            ecep:syllab="1"
            ecep:pron="ðaʊ">Thou</w>
         <c> </c>
         <w xml:id="bjb18-160600"
            n="a-0810"
            ecep:lem="twitch"
            ecep:pos="vv2"
            ecep:reg="twitchest"
            ecep:spe="twitchest"
            ecep:syllab="2"
            ecep:pron="twˈɪtʃəst">twitchest</w>
         <c> </c>
         <w xml:id="bjb18-160610"
            n="a-0820"
            ecep:lem="at"
            ecep:pos="p-acp"
            ecep:reg="at"
            ecep:spe="at"
            ecep:syllab="1"
            ecep:pron="æt">at</w>
         <c> </c>
         <w xml:id="bjb18-160620"
            n="a-0830"
            ecep:lem="the"
            ecep:pos="dt"
            ecep:reg="the"
            ecep:spe="the"
            ecep:syllab="1"
            ecep:pron="ðə">the</w>
         <c> </c>
         <w xml:id="bjb18-160630"
            n="a-0840"
            ecep:lem="heart"
            ecep:pos="n1"
            ecep:reg="heart"
            ecep:spe="heart"
            ecep:syllab="1"
            ecep:pron="hɑːt">heart</w>
         <pc xml:id="bjb18-160640"
             n="a-0850"
             unit="sentence"
             ecep:lem="."
             ecep:pos="."
             ecep:reg="."
             ecep:spe=".">.</pc>
         <c> </c>
      </l>
   </lg>
   <lg ana="#octet"
       ecep:syllab="8.8.8.8.8.8.8.6"
       met="-+|-+|-+|-+/ -+|-+|-+|-+/ -+|-+|-+|-+/ -+|-+|-+|-+/ -+|-+|-+|-+/ -+|-+|-+|-+/ -+|-+|-+|-+/ -+|-+|-+/"
       rhyme="aabbccdd"
       xml:id="bjb18-s00775">
      <l xml:id="bjb18-l07745">
         <w xml:id="bjb18-160670"
            n="a-0860"
            ecep:lem="thy"
            ecep:pos="po21"
            ecep:reg="Thy"
            ecep:spe="Thy"
            ecep:syllab="1"
            ecep:pron="ðaɪ">Thy</w>
         <c> </c>
         <w xml:id="bjb18-160680"
            n="a-0870"
            ecep:lem="smooth"
            ecep:pos="j"
            ecep:reg="smooth"
            ecep:spe="smooth"
            ecep:syllab="1"
            ecep:pron="smuːð">smooth</w>
         <c> </c>
         <w xml:id="bjb18-160690"
            n="a-0880"
            ecep:lem="round"
            ecep:pos="j"
            ecep:reg="round"
            ecep:spe="round"
            ecep:syllab="1"
            ecep:pron="raʊnd">round</w>
         <c> </c>
         <w xml:id="bjb18-160700"
            n="a-0890"
            ecep:lem="cheek"
            ecep:pos="n1"
            ecep:reg="cheek"
            ecep:spe="cheek"
            ecep:syllab="1"
            ecep:pron="tʃiːk">cheek</w>
         <c> </c>
         <w xml:id="bjb18-160710"
            n="a-0900"
            ecep:lem="so"
            ecep:pos="av"
            ecep:reg="so"
            ecep:spe="so"
            ecep:syllab="1"
            ecep:pron="səʊ">so</w>
         <c> </c>
         <w xml:id="bjb18-160720"
            n="a-0910"
            ecep:lem="soft"
            ecep:pos="j"
            ecep:reg="soft"
            ecep:spe="soft"
            ecep:syllab="1"
            ecep:pron="sɒft">soft</w>
         <c> </c>
         <w xml:id="bjb18-160730"
            n="a-0920"
            ecep:lem="and"
            ecep:pos="cc"
            ecep:reg="and"
            ecep:spe="and"
            ecep:syllab="1"
            ecep:pron="ænd">and</w>
         <c> </c>
         <w xml:id="bjb18-160740"
            n="a-0930"
            ecep:lem="warm"
            ecep:pos="j"
            ecep:reg="warm"
            ecep:spe="warm"
            ecep:syllab="1"
            ecep:pron="wɔːm">warm</w>
         <pc xml:id="bjb18-160750"
             n="a-0940"
             ecep:lem=";"
             ecep:pos=";"
             ecep:reg=";"
             ecep:spe=";">;</pc>
      </l>
      <l xml:id="bjb18-l07750">
         <c> </c>
         <w xml:id="bjb18-160760"
            n="a-0950"
            ecep:lem="thy"
            ecep:pos="po21"
            ecep:reg="Thy"
            ecep:spe="Thy"
            ecep:syllab="1"
            ecep:pron="ðaɪ">Thy</w>
         <c> </c>
         <w xml:id="bjb18-160770"
            n="a-0960"
            ecep:lem="pinky"
            ecep:pos="j"
            ecep:reg="pinky"
            ecep:spe="pinky"
            ecep:syllab="2"
            ecep:pron="ˈpɪŋkɪ">pinky</w>
         <c> </c>
         <w xml:id="bjb18-160780"
            n="a-0970"
            ecep:lem="hand"
            ecep:pos="n1"
            ecep:reg="hand"
            ecep:spe="hand"
            ecep:syllab="1"
            ecep:pron="hænd">hand</w>
         <c> </c>
         <w xml:id="bjb18-160790"
            n="a-0980"
            ecep:lem="and"
            ecep:pos="cc"
            ecep:reg="and"
            ecep:spe="and"
            ecep:syllab="1"
            ecep:pron="ænd">and</w>
         <c> </c>
         <w xml:id="bjb18-160800"
            n="a-0990"
            ecep:lem="dimple"
            ecep:pos="j-vvn"
            ecep:reg="dimpled"
            ecep:spe="dimpled"
            ecep:syllab="2"
            ecep:pron="ˈdɪmpld">dimpled</w>
         <c> </c>
         <w xml:id="bjb18-160810"
            n="a-1000"
            ecep:lem="arm"
            ecep:pos="n1"
            ecep:reg="arm"
            ecep:spe="arm"
            ecep:syllab="1"
            ecep:pron="ɑːm">arm</w>
         <pc xml:id="bjb18-160820"
             n="a-1010"
             ecep:lem=";"
             ecep:pos=";"
             ecep:reg=";"
             ecep:spe=";">;</pc>
      </l>
      <l xml:id="bjb18-l07755">
         <c> </c>
         <w xml:id="bjb18-160830"
            n="a-1020"
            ecep:lem="thy"
            ecep:pos="po21"
            ecep:reg="Thy"
            ecep:spe="Thy"
            ecep:syllab="1"
            ecep:pron="ðaɪ">Thy</w>
         <c> </c>
         <w xml:id="bjb18-160840"
            n="a-1030"
            ecep:lem="silken"
            ecep:pos="j"
            ecep:reg="silken"
            ecep:spe="silken"
            ecep:syllab="2"
            ecep:pron="ˈsɪlkən">silken</w>
         <c> </c>
         <w xml:id="bjb18-160850"
            n="a-1040"
            ecep:lem="lock"
            ecep:pos="n2"
            ecep:reg="locks"
            ecep:spe="locks"
            ecep:syllab="1"
            ecep:pron="lɒks">locks</w>
         <c> </c>
         <w xml:id="bjb18-160860"
            n="a-1050"
            ecep:lem="that"
            ecep:pos="cst"
            ecep:reg="that"
            ecep:spe="that"
            ecep:syllab="1"
            ecep:pron="ðæt">that</w>
         <c> </c>
         <w xml:id="bjb18-160870"
            n="a-1060"
            ecep:lem="scant"
            ecep:pos="av-j"
            ecep:reg="scantly"
            ecep:spe="scantly"
            ecep:syllab="2"
            ecep:pron="ˈskæntlɪ">scantly</w>
         <c> </c>
         <w xml:id="bjb18-160880"
            n="a-1070"
            ecep:lem="peep"
            ecep:pos="vvi"
            ecep:reg="peep"
            ecep:spe="peep"
            ecep:syllab="1"
            ecep:pron="piːp">peep</w>
         <pc xml:id="bjb18-160890"
             n="a-1080"
             ecep:lem=","
             ecep:pos=","
             ecep:reg=","
             ecep:spe=",">,</pc>
      </l>
      <l xml:id="bjb18-l07760">
         <c> </c>
         <w xml:id="bjb18-160900"
            n="a-1090"
            ecep:lem="with"
            ecep:pos="p-acp"
            ecep:reg="With"
            ecep:spe="With"
            ecep:syllab="1"
            ecep:pron="wɪð">With</w>
         <c> </c>
         <w xml:id="bjb18-160910"
            n="a-1100"
            ecep:lem="gold-tipped"
            ecep:pos="j"
            ecep:reg="gold-tipped"
            ecep:spe="gold-tipp'd"
            ecep:syllab="2"
            ecep:pron="gəʊldˌtɪpt">gold-tipp'd</w>
         <c> </c>
         <w xml:id="bjb18-160920"
            n="a-1110"
            ecep:lem="end"
            ecep:pos="n2"
            ecep:reg="ends"
            ecep:spe="ends"
            ecep:syllab="1"
            ecep:pron="endz">ends</w>
         <pc xml:id="bjb18-160930"
             n="a-1120"
             ecep:lem=","
             ecep:pos=","
             ecep:reg=","
             ecep:spe=",">,</pc>
         <c> </c>
         <w xml:id="bjb18-160940"
            n="a-1130"
            ecep:lem="where"
            ecep:pos="c-crq"
            ecep:reg="where"
            ecep:spe="where"
            ecep:syllab="1"
            ecep:pron="weə">where</w>
         <c> </c>
         <w xml:id="bjb18-160950"
            n="a-1140"
            ecep:lem="circle"
            ecep:pos="n2"
            ecep:reg="circles"
            ecep:spe="circles"
            ecep:syllab="2"
            ecep:pron="ˈsɜːklz">circles</w>
         <c> </c>
         <w xml:id="bjb18-160960"
            n="a-1150"
            ecep:lem="deep"
            ecep:pos="j-jn"
            ecep:reg="deep"
            ecep:spe="deep"
            ecep:syllab="1"
            ecep:pron="diːp">deep</w>
         <pc xml:id="bjb18-160970"
             n="a-1160"
             ecep:lem=","
             ecep:pos=","
             ecep:reg=","
             ecep:spe=",">,</pc>
      </l>
      <l xml:id="bjb18-l07765">
         <c> </c>
         <w xml:id="bjb18-160980"
            n="a-1170"
            ecep:lem="around"
            ecep:pos="a-acp"
            ecep:reg="Around"
            ecep:spe="Around"
            ecep:syllab="2"
            ecep:pron="əˈraʊnd">Around</w>
         <c> </c>
         <w xml:id="bjb18-160990"
            n="a-1180"
            ecep:lem="thy"
            ecep:pos="po21"
            ecep:reg="thy"
            ecep:spe="thy"
            ecep:syllab="1"
            ecep:pron="ðaɪ">thy</w>
         <c> </c>
         <w xml:id="bjb18-161000"
            n="a-1190"
            ecep:lem="neck"
            ecep:pos="n1"
            ecep:reg="neck"
            ecep:spe="neck"
            ecep:syllab="1"
            ecep:pron="nek">neck</w>
         <c> </c>
         <w xml:id="bjb18-161010"
            n="a-1200"
            ecep:lem="in"
            ecep:pos="p-acp"
            ecep:reg="in"
            ecep:spe="in"
            ecep:syllab="1"
            ecep:pron="ɪn">in</w>
         <c> </c>
         <w xml:id="bjb18-161020"
            n="a-1210"
            ecep:lem="harmless"
            ecep:pos="j"
            ecep:reg="harmless"
            ecep:spe="harmless"
            ecep:syllab="2"
            ecep:pron="ˈhɑːmlɪs">harmless</w>
         <c> </c>
         <w xml:id="bjb18-161030"
            n="a-1220"
            ecep:lem="grace"
            ecep:pos="n1"
            ecep:reg="grace"
            ecep:spe="grace"
            ecep:syllab="1"
            ecep:pron="greɪs">grace</w>
         <pc xml:id="bjb18-161040"
             n="a-1230"
             ecep:lem=","
             ecep:pos=","
             ecep:reg=","
             ecep:spe=",">,</pc>
      </l>
      <l xml:id="bjb18-l07770">
         <c> </c>
         <w xml:id="bjb18-161050"
            n="a-1240"
            ecep:lem="so"
            ecep:pos="av"
            ecep:reg="So"
            ecep:spe="So"
            ecep:syllab="1"
            ecep:pron="səʊ">So</w>
         <c> </c>
         <w xml:id="bjb18-161060"
            n="a-1250"
            ecep:lem="soft"
            ecep:pos="j"
            ecep:reg="soft"
            ecep:spe="soft"
            ecep:syllab="1"
            ecep:pron="sɒft">soft</w>
         <c> </c>
         <w xml:id="bjb18-161070"
            n="a-1260"
            ecep:lem="and"
            ecep:pos="cc"
            ecep:reg="and"
            ecep:spe="and"
            ecep:syllab="1"
            ecep:pron="ænd">and</w>
         <c> </c>
         <w xml:id="bjb18-161080"
            n="a-1270"
            ecep:lem="sleek"
            ecep:pos="av-j"
            ecep:reg="sleekly"
            ecep:spe="sleekly"
            ecep:syllab="2"
            ecep:pron="ˈsliːklɪ">sleekly</w>
         <c> </c>
         <w xml:id="bjb18-161090"
            n="a-1280"
            ecep:lem="hold"
            ecep:pos="vvi"
            ecep:reg="hold"
            ecep:spe="hold"
            ecep:syllab="1"
            ecep:pron="həʊld">hold</w>
         <c> </c>
         <w xml:id="bjb18-161100"
            n="a-1290"
            ecep:lem="their"
            ecep:pos="po32"
            ecep:reg="their"
            ecep:spe="their"
            ecep:syllab="1"
            ecep:pron="ðeə">their</w>
         <c> </c>
         <w xml:id="bjb18-161110"
            n="a-1300"
            ecep:lem="place"
            ecep:pos="n1"
            ecep:reg="place"
            ecep:spe="place"
            ecep:syllab="1"
            ecep:pron="pleɪs">place</w>
         <pc xml:id="bjb18-161120"
             n="a-1310"
             ecep:lem=","
             ecep:pos=","
             ecep:reg=","
             ecep:spe=",">,</pc>
      </l>
      <l xml:id="bjb18-l07775">
         <c> </c>
         <w xml:id="bjb18-161130"
            n="a-1320"
            ecep:lem="may"
            ecep:pos="vmd"
            ecep:reg="Might"
            ecep:spe="Might"
            ecep:syllab="1"
            ecep:pron="maɪt">Might</w>
         <c> </c>
         <w xml:id="bjb18-161140"
            n="a-1330"
            ecep:lem="hard"
            ecep:pos="jc"
            ecep:reg="harder"
            ecep:spe="harder"
            ecep:syllab="2"
            ecep:pron="ˈhɑːdə">harder</w>
         <c> </c>
         <w xml:id="bjb18-161150"
            n="a-1340"
            ecep:lem="heart"
            ecep:pos="n2"
            ecep:reg="hearts"
            ecep:spe="hearts"
            ecep:syllab="1"
            ecep:pron="hɑːts">hearts</w>
         <c> </c>
         <w xml:id="bjb18-161160"
            n="a-1350"
            ecep:lem="with"
            ecep:pos="p-acp"
            ecep:reg="with"
            ecep:spe="with"
            ecep:syllab="1"
            ecep:pron="wɪð">with</w>
         <c> </c>
         <w xml:id="bjb18-161170"
            n="a-1360"
            ecep:lem="kindness"
            ecep:pos="n1"
            ecep:reg="kindness"
            ecep:spe="kindness"
            ecep:syllab="2"
            ecep:pron="ˈkaɪndnɪs">kindness</w>
         <c> </c>
         <w xml:id="bjb18-161180"
            n="a-1370"
            ecep:lem="fill"
            ecep:pos="vvi"
            ecep:reg="fill"
            ecep:spe="fill"
            ecep:syllab="1"
            ecep:pron="fɪl">fill</w>
         <pc xml:id="bjb18-161190"
             n="a-1380"
             ecep:lem=","
             ecep:pos=","
             ecep:reg=","
             ecep:spe=",">,</pc>
      </l>
      <l xml:id="bjb18-l07780">
         <c> </c>
         <w xml:id="bjb18-161200"
            n="a-1390"
            ecep:lem="and"
            ecep:pos="cc"
            ecep:reg="And"
            ecep:spe="And"
            ecep:syllab="1"
            ecep:pron="ænd">And</w>
         <c> </c>
         <w xml:id="bjb18-161210"
            n="a-1400"
            ecep:lem="gain"
            ecep:pos="vvi"
            ecep:reg="gain"
            ecep:spe="gain"
            ecep:syllab="1"
            ecep:pron="geɪn">gain</w>
         <c> </c>
         <w xml:id="bjb18-161220"
            n="a-1410"
            ecep:lem="our"
            ecep:pos="po12"
            ecep:reg="our"
            ecep:spe="our"
            ecep:syllab="2"
            ecep:pron="aʊə">our</w>
         <c> </c>
         <w xml:id="bjb18-161230"
            n="a-1420"
            ecep:lem="right"
            ecep:pos="j-jn"
            ecep:reg="right"
            ecep:spe="right"
            ecep:syllab="1"
            ecep:pron="raɪt">right</w>
         <c> </c>
         <w xml:id="bjb18-161240"
            n="a-1430"
            ecep:lem="goodwill"
            ecep:pos="n1"
            ecep:reg="goodwill"
            ecep:spe="goodwill"
            ecep:syllab="2"
            ecep:pron="ˌgʊdˈwɪl">goodwill</w>
         <pc xml:id="bjb18-161250"
             n="a-1440"
             unit="sentence"
             ecep:lem="."
             ecep:pos="."
             ecep:reg="."
             ecep:spe=".">.</pc>
         <c> </c>
      </l>
   </lg>
   <pb n="91" rend="none"/>
   <lg xml:id="bjb18-s00780">
      <l xml:id="bjb18-l07785">
         <w xml:id="bjb18-161280"
            n="a-0010"
            ecep:lem="each"
            ecep:pos="d"
            ecep:reg="Each"
            ecep:spe="Each"
            ecep:syllab="1"
            ecep:pron="iːtʃ">Each</w>
         <c> </c>
         <w xml:id="bjb18-161290"
            n="a-0020"
            ecep:lem="pass"
            ecep:pos="j-vvg"
            ecep:reg="passing"
            ecep:spe="passing"
            ecep:syllab="2"
            ecep:pron="ˈpɑːsɪŋ">passing</w>
         <c> </c>
         <w xml:id="bjb18-161300"
            n="a-0030"
            ecep:lem="clown"
            ecep:pos="n1"
            ecep:reg="clown"
            ecep:spe="clown"
            ecep:syllab="1"
            ecep:pron="klaʊn">clown</w>
         <c> </c>
         <w xml:id="bjb18-161310"
            n="a-0040"
            ecep:lem="bestow"
            ecep:pos="vvz"
            ecep:reg="bestows"
            ecep:spe="bestows"
            ecep:syllab="2"
            ecep:pron="biˈstəʊz">bestows</w>
         <c> </c>
         <w xml:id="bjb18-161320"
            n="a-0050"
            ecep:lem="his"
            ecep:pos="po31"
            ecep:reg="his"
            ecep:spe="his"
            ecep:syllab="1"
            ecep:pron="hɪz">his</w>
         <c> </c>
         <w xml:id="bjb18-161330"
            n="a-0060"
            ecep:lem="blessing"
            ecep:pos="n1"
            ecep:reg="blessing"
            ecep:spe="blessing"
            ecep:syllab="2"
            ecep:pron="ˈblesɪŋ">blessing</w>
         <pc xml:id="bjb18-161340"
             n="a-0070"
             ecep:lem=","
             ecep:pos=","
             ecep:reg=","
             ecep:spe=",">,</pc>
      </l>
      <l xml:id="bjb18-l07790">
         <c> </c>
         <w xml:id="bjb18-161350"
            n="a-0080"
            ecep:lem="thy"
            ecep:pos="po21"
            ecep:reg="Thy"
            ecep:spe="Thy"
            ecep:syllab="1"
            ecep:pron="ðaɪ">Thy</w>
         <c> </c>
         <w xml:id="bjb18-161360"
            n="a-0090"
            ecep:lem="mouth"
            ecep:pos="n1"
            ecep:reg="mouth"
            ecep:spe="mouth"
            ecep:syllab="1"
            ecep:pron="maʊθ">mouth</w>
         <c> </c>
         <w xml:id="bjb18-161370"
            n="a-0100"
            ecep:lem="be"
            ecep:pos="vbz"
            ecep:reg="is"
            ecep:spe="is"
            ecep:syllab="1"
            ecep:pron="ɪz">is</w>
         <c> </c>
         <w xml:id="bjb18-161380"
            n="a-0110"
            ecep:lem="wear"
            ecep:pos="vvn"
            ecep:reg="worn"
            ecep:spe="worn"
            ecep:syllab="1"
            ecep:pron="wɔːn">worn</w>
         <c> </c>
         <w xml:id="bjb18-161390"
            n="a-0120"
            ecep:lem="with"
            ecep:pos="p-acp"
            ecep:reg="with"
            ecep:spe="with"
            ecep:syllab="1"
            ecep:pron="wɪð">with</w>
         <c> </c>
         <w xml:id="bjb18-161400"
            n="a-0130"
            ecep:lem="old"
            ecep:pos="j"
            ecep:reg="old"
            ecep:spe="old"
            ecep:syllab="1"
            ecep:pron="əʊld">old</w>
         <c> </c>
         <w xml:id="bjb18-161410"
            n="a-0140"
            ecep:lem="wife"
            ecep:pos="ng2"
            ecep:reg="wives'"
            ecep:spe="wives'"
            ecep:syllab="1"
            ecep:pron="waɪvz">wives'</w>
         <c> </c>
         <w xml:id="bjb18-161430"
            n="a-0160"
            ecep:lem="kiss"
            ecep:pos="n-vvg"
            ecep:reg="kissing"
            ecep:spe="kissing"
            ecep:syllab="2"
            ecep:pron="ˈkɪsɪŋ">kissing</w>
         <pc xml:id="bjb18-161440"
             n="a-0170"
             ecep:lem=";"
             ecep:pos=";"
             ecep:reg=";"
             ecep:spe=";">;</pc>
      </l>
      <l xml:id="bjb18-l07795">
         <c> </c>
         <w xml:id="bjb18-161450"
            n="a-0180"
            ecep:lem="even"
            ecep:pos="av-j"
            ecep:reg="Even"
            ecep:spe="E'en"
            ecep:syllab="1"
            ecep:pron="iːn">E'en</w>
         <c> </c>
         <w xml:id="bjb18-161460"
            n="a-0190"
            ecep:lem="light"
            ecep:pos="jc"
            ecep:reg="lighter"
            ecep:spe="lighter"
            ecep:syllab="2"
            ecep:pron="ˈlaɪtə">lighter</w>
         <c> </c>
         <w xml:id="bjb18-161470"
            n="a-0200"
            ecep:lem="look"
            ecep:pos="n2"
            ecep:reg="looks"
            ecep:spe="looks"
            ecep:syllab="1"
            ecep:pron="lʊkz">looks</w>
         <c> </c>
         <w xml:id="bjb18-161480"
            n="a-0210"
            ecep:lem="the"
            ecep:pos="dt"
            ecep:reg="the"
            ecep:spe="the"
            ecep:syllab="1"
            ecep:pron="ðə">the</w>
         <c> </c>
         <w xml:id="bjb18-161490"
            n="a-0220"
            ecep:lem="gloomy"
            ecep:pos="j"
            ecep:reg="gloomy"
            ecep:spe="gloomy"
            ecep:syllab="2"
            ecep:pron="ˈgluːmɪ">gloomy</w>
         <c> </c>
         <w xml:id="bjb18-161500"
            n="a-0230"
            ecep:lem="eye"
            ecep:pos="n1"
            ecep:reg="eye"
            ecep:spe="eye"
            ecep:syllab="1"
            ecep:pron="aɪ">eye</w>
      </l>
      <l xml:id="bjb18-l07800">
         <c> </c>
         <w xml:id="bjb18-161510"
            n="a-0240"
            ecep:lem="of"
            ecep:pos="pp-f"
            ecep:reg="Of"
            ecep:spe="Of"
            ecep:syllab="1"
            ecep:pron="ɒv">Of</w>
         <c> </c>
         <w xml:id="bjb18-161520"
            n="a-0250"
            ecep:lem="surly"
            ecep:pos="j"
            ecep:reg="surly"
            ecep:spe="surly"
            ecep:syllab="2"
            ecep:pron="ˈsɜːlɪ">surly</w>
         <c> </c>
         <w xml:id="bjb18-161530"
            n="a-0260"
            ecep:lem="sense"
            ecep:pos="n1"
            ecep:reg="sense"
            ecep:spe="sense"
            ecep:syllab="1"
            ecep:pron="sens">sense</w>
         <c> </c>
         <w xml:id="bjb18-161540"
            n="a-0270"
            ecep:lem="when"
            ecep:pos="c-crq"
            ecep:reg="when"
            ecep:spe="when"
            ecep:syllab="1"
            ecep:pron="wen">when</w>
         <c> </c>
         <w xml:id="bjb18-161550"
            n="a-0280"
            ecep:lem="thou"
            ecep:pos="pns21"
            ecep:reg="thou"
            ecep:spe="thou"
            ecep:syllab="1"
            ecep:pron="ðaʊ">thou</w>
         <c> </c>
         <w xml:id="bjb18-161560"
            n="a-0290"
            ecep:lem="be"
            ecep:pos="vb2r"
            ecep:reg="art"
            ecep:spe="art"
            ecep:syllab="1"
            ecep:pron="ɑːt">art</w>
         <c> </c>
         <w xml:id="bjb18-161570"
            n="a-0300"
            ecep:lem="by"
            ecep:pos="p-acp"
            ecep:reg="by"
            ecep:spe="by"
            ecep:syllab="1"
            ecep:pron="baɪ">by</w>
         <pc xml:id="bjb18-161580"
             n="a-0310"
             ecep:lem=";"
             ecep:pos=";"
             ecep:reg=";"
             ecep:spe=";">;</pc>
      </l>
      <l xml:id="bjb18-l07805">
         <c> </c>
         <w xml:id="bjb18-161590"
            n="a-0320"
            ecep:lem="and"
            ecep:pos="cc"
            ecep:reg="And"
            ecep:spe="And"
            ecep:syllab="1"
            ecep:pron="ænd">And</w>
         <c> </c>
         <w xml:id="bjb18-161600"
            n="a-0330"
            ecep:lem="yet"
            ecep:pos="av"
            ecep:reg="yet"
            ecep:spe="yet"
            ecep:syllab="1"
            ecep:pron="jet">yet</w>
         <pc xml:id="bjb18-161610"
             n="a-0340"
             ecep:lem=","
             ecep:pos=","
             ecep:reg=","
             ecep:spe=",">,</pc>
         <c> </c>
         <w xml:id="bjb18-161620"
            n="a-0350"
            ecep:lem="i"
            ecep:pos="pns11"
            ecep:reg="I"
            ecep:spe="I"
            ecep:syllab="1"
            ecep:pron="aɪ">I</w>
         <c> </c>
         <w xml:id="bjb18-161630"
            n="a-0360"
            ecep:lem="think"
            ecep:pos="vvb"
            ecep:reg="think"
            ecep:spe="think"
            ecep:syllab="1"
            ecep:pron="θɪŋk">think</w>
         <pc xml:id="bjb18-161640"
             n="a-0370"
             ecep:lem=","
             ecep:pos=","
             ecep:reg=","
             ecep:spe=",">,</pc>
         <c> </c>
         <w xml:id="bjb18-161650"
            n="a-0380"
            ecep:lem="whoever"
            ecep:pos="r-crq"
            ecep:reg="whoever"
            ecep:spe="whoe'er"
            ecep:syllab="2"
            ecep:pron="huːˈeə">whoe'er</w>
         <c> </c>
         <w xml:id="bjb18-161660"
            n="a-0390"
            ecep:lem="they"
            ecep:pos="pns32"
            ecep:reg="they"
            ecep:spe="they"
            ecep:syllab="1"
            ecep:pron="ðeɪ">they</w>
         <c> </c>
         <w xml:id="bjb18-161670"
            n="a-0400"
            ecep:lem="be"
            ecep:pos="vbb"
            ecep:reg="be"
            ecep:spe="be"
            ecep:syllab="1"
            ecep:pron="biː">be</w>
         <pc xml:id="bjb18-161680"
             n="a-0410"
             ecep:lem=","
             ecep:pos=","
             ecep:reg=","
             ecep:spe=",">,</pc>
      </l>
      <l xml:id="bjb18-l07810">
         <c> </c>
         <w xml:id="bjb18-161690"
            n="a-0420"
            ecep:lem="they"
            ecep:pos="pns32"
            ecep:reg="They"
            ecep:spe="They"
            ecep:syllab="1"
            ecep:pron="ðeɪ">They</w>
         <c> </c>
         <w xml:id="bjb18-161700"
            n="a-0430"
            ecep:lem="love"
            ecep:pos="vvb"
            ecep:reg="love"
            ecep:spe="love"
            ecep:syllab="1"
            ecep:pron="lʌv">love</w>
         <c> </c>
         <w xml:id="bjb18-161710"
            n="a-0440"
            ecep:lem="thou"
            ecep:pos="pno21"
            ecep:reg="thee"
            ecep:spe="thee"
            ecep:syllab="1"
            ecep:pron="ðiː">thee</w>
         <c> </c>
         <w xml:id="bjb18-161720"
            n="a-0450"
            ecep:lem="not"
            ecep:pos="xx"
            ecep:reg="not"
            ecep:spe="not"
            ecep:syllab="1"
            ecep:pron="nɒt">not</w>
         <c> </c>
         <w xml:id="bjb18-161730"
            n="a-0460"
            ecep:lem="like"
            ecep:pos="av-j"
            ecep:reg="like"
            ecep:spe="like"
            ecep:syllab="1"
            ecep:pron="laɪk">like</w>
         <c> </c>
         <w xml:id="bjb18-161740"
            n="a-0470"
            ecep:lem="i"
            ecep:pos="pno11"
            ecep:reg="me"
            ecep:spe="me"
            ecep:syllab="1"
            ecep:pron="miː">me</w>
         <pc xml:id="bjb18-161750"
             n="a-0480"
             unit="sentence"
             ecep:lem="."
             ecep:pos="."
             ecep:reg="."
             ecep:spe=".">.</pc>
         <c> </c>
      </l>
   </lg>
   <lg xml:id="bjb18-s00785">
      <l xml:id="bjb18-l07815">
         <w xml:id="bjb18-161780"
            n="a-0490"
            ecep:lem="perhaps"
            ecep:pos="av"
            ecep:reg="Perhaps"
            ecep:spe="Perhaps"
            ecep:syllab="2"
            ecep:pron="pəˈhæps">Perhaps</w>
         <c> </c>
         <w xml:id="bjb18-161790"
            n="a-0500"
            ecep:lem="when"
            ecep:pos="c-crq"
            ecep:reg="when"
            ecep:spe="when"
            ecep:syllab="1"
            ecep:pron="wen">when</w>
         <c> </c>
         <w xml:id="bjb18-161800"
            n="a-0510"
            ecep:lem="time"
            ecep:pos="n1"
            ecep:reg="time"
            ecep:spe="time"
            ecep:syllab="1"
            ecep:pron="taɪm">time</w>
         <c> </c>
         <w xml:id="bjb18-161810"
            n="a-0520"
            ecep:lem="shall"
            ecep:pos="vmb"
            ecep:reg="shall"
            ecep:spe="shall"
            ecep:syllab="1"
            ecep:pron="ʃæl">shall</w>
         <c> </c>
         <w xml:id="bjb18-161820"
            n="a-0530"
            ecep:lem="add"
            ecep:pos="vvi"
            ecep:reg="add"
            ecep:spe="add"
            ecep:syllab="1"
            ecep:pron="æd">add</w>
         <c> </c>
         <w xml:id="bjb18-161830"
            n="a-0540"
            ecep:lem="a"
            ecep:pos="dt"
            ecep:reg="a"
            ecep:spe="a"
            ecep:syllab="1"
            ecep:pron="ə">a</w>
         <c> </c>
         <w xml:id="bjb18-161840"
            n="a-0550"
            ecep:lem="few"
            ecep:pos="d"
            ecep:reg="few"
            ecep:spe="few"
            ecep:syllab="1"
            ecep:pron="fjuː">few</w>
      </l>
      <l xml:id="bjb18-l07820">
         <c> </c>
         <w xml:id="bjb18-161850"
            n="a-0560"
            ecep:lem="short"
            ecep:pos="j"
            ecep:reg="Short"
            ecep:spe="Short"
            ecep:syllab="1"
            ecep:pron="ʃɔːt">Short</w>
         <c> </c>
         <w xml:id="bjb18-161860"
            n="a-0570"
            ecep:lem="month"
            ecep:pos="n2"
            ecep:reg="months"
            ecep:spe="months"
            ecep:syllab="1"
            ecep:pron="mʌnθs">months</w>
         <c> </c>
         <w xml:id="bjb18-161870"
            n="a-0580"
            ecep:lem="to"
            ecep:pos="p-acp"
            ecep:reg="to"
            ecep:spe="to"
            ecep:syllab="1"
            ecep:pron="tuː">to</w>
         <c> </c>
         <w xml:id="bjb18-161880"
            n="a-0590"
            ecep:lem="thou"
            ecep:pos="pno21"
            ecep:reg="thee"
            ecep:spe="thee"
            ecep:syllab="1"
            ecep:pron="ðiː">thee</w>
         <c> </c>
         <w xml:id="bjb18-161890"
            n="a-0600"
            ecep:lem="thou|will"
            ecep:pos="pns21|vm2"
            ecep:reg="thou'lt"
            ecep:spe="thou'lt"
            ecep:syllab="1"
            ecep:pron="ðaʊlt">thou'lt</w>
         <c> </c>
         <w xml:id="bjb18-161900"
            n="a-0610"
            ecep:lem="love"
            ecep:pos="vvb"
            ecep:reg="love"
            ecep:spe="love"
            ecep:syllab="1"
            ecep:pron="lʌv">love</w>
         <c> </c>
         <w xml:id="bjb18-161910"
            n="a-0620"
            ecep:lem="i"
            ecep:pos="pno11"
            ecep:reg="me"
            ecep:spe="me"
            ecep:syllab="1"
            ecep:pron="miː">me</w>
         <c> </c>
         <w xml:id="bjb18-161920"
            n="a-0630"
            ecep:lem="too"
            ecep:pos="av"
            ecep:reg="too"
            ecep:spe="too"
            ecep:syllab="1"
            ecep:pron="tuː">too</w>
         <pc xml:id="bjb18-161930"
             n="a-0640"
             ecep:lem=";"
             ecep:pos=";"
             ecep:reg=";"
             ecep:spe=";">;</pc>
      </l>
      <l xml:id="bjb18-l07825">
         <c> </c>
         <w xml:id="bjb18-161940"
            n="a-0650"
            ecep:lem="and"
            ecep:pos="cc"
            ecep:reg="And"
            ecep:spe="And"
            ecep:syllab="1"
            ecep:pron="ænd">And</w>
         <c> </c>
         <w xml:id="bjb18-161950"
            n="a-0660"
            ecep:lem="after"
            ecep:pos="p-acp"
            ecep:reg="after"
            ecep:spe="after"
            ecep:syllab="2"
            ecep:pron="ˈɑːftə">after</w>
         <c> </c>
         <w xml:id="bjb18-161960"
            n="a-0670"
            ecep:lem="that"
            ecep:pos="d"
            ecep:reg="that"
            ecep:spe="that"
            ecep:syllab="1"
            ecep:pron="ðæt">that</w>
         <pc xml:id="bjb18-161970"
             n="a-0680"
             ecep:lem=","
             ecep:pos=","
             ecep:reg=","
             ecep:spe=",">,</pc>
         <c> </c>
         <w xml:id="bjb18-161980"
            n="a-0690"
            ecep:lem="through"
            ecep:pos="p-acp"
            ecep:reg="through"
            ecep:spe="through"
            ecep:syllab="1"
            ecep:pron="θruː">through</w>
         <c> </c>
         <w xml:id="bjb18-161990"
            n="a-0700"
            ecep:lem="life"
            ecep:pos="ng1"
            ecep:reg="life's"
            ecep:spe="life's"
            ecep:syllab="1"
            ecep:pron="laɪfs">life's</w>
         <c> </c>
         <w xml:id="bjb18-162000"
            n="a-0710"
            ecep:lem="long"
            ecep:pos="j"
            ecep:reg="long"
            ecep:spe="long"
            ecep:syllab="1"
            ecep:pron="lɒŋ">long</w>
         <c> </c>
         <w xml:id="bjb18-162010"
            n="a-0720"
            ecep:lem="way"
            ecep:pos="n1"
            ecep:reg="way"
            ecep:spe="way"
            ecep:syllab="1"
            ecep:pron="weɪ">way</w>
         <pc xml:id="bjb18-162020"
             n="a-0730"
             ecep:lem=","
             ecep:pos=","
             ecep:reg=","
             ecep:spe=",">,</pc>
      </l>
      <l xml:id="bjb18-l07830">
         <c> </c>
         <w xml:id="bjb18-162030"
            n="a-0740"
            ecep:lem="become"
            ecep:pos="vvb"
            ecep:reg="Become"
            ecep:spe="Become"
            ecep:syllab="2"
            ecep:pron="bɪˈkʌm">Become</w>
         <c> </c>
         <w xml:id="bjb18-162040"
            n="a-0750"
            ecep:lem="my"
            ecep:pos="po11"
            ecep:reg="my"
            ecep:spe="my"
            ecep:syllab="1"
            ecep:pron="maɪ">my</w>
         <c> </c>
         <w xml:id="bjb18-162050"
            n="a-0760"
            ecep:lem="sure"
            ecep:pos="j"
            ecep:reg="sure"
            ecep:spe="sure"
            ecep:syllab="1"
            ecep:pron="ʃʊə">sure</w>
         <c> </c>
         <w xml:id="bjb18-162060"
            n="a-0770"
            ecep:lem="and"
            ecep:pos="cc"
            ecep:reg="and"
            ecep:spe="and"
            ecep:syllab="1"
            ecep:pron="ænd">and</w>
         <c> </c>
         <w xml:id="bjb18-162070"
            n="a-0780"
            ecep:lem="cheer"
            ecep:pos="j-vvg"
            ecep:reg="cheering"
            ecep:spe="cheering"
            ecep:syllab="2"
            ecep:pron="ˈtʃɪərɪŋ">cheering</w>
         <c> </c>
         <w xml:id="bjb18-162080"
            n="a-0790"
            ecep:lem="stay"
            ecep:pos="n1"
            ecep:reg="stay"
            ecep:spe="stay"
            ecep:syllab="1"
            ecep:pron="steɪ">stay</w>
         <pc xml:id="bjb18-162090"
             n="a-0800"
             ecep:lem=";"
             ecep:pos=";"
             ecep:reg=";"
             ecep:spe=";">;</pc>
      </l>
      <l xml:id="bjb18-l07835">
         <c> </c>
         <w xml:id="bjb18-162100"
            n="a-0810"
            ecep:lem="will"
            ecep:pos="vmb"
            ecep:reg="Will"
            ecep:spe="Will"
            ecep:syllab="1"
            ecep:pron="wɪl">Will</w>
         <c> </c>
         <w xml:id="bjb18-162110"
            n="a-0820"
            ecep:lem="care"
            ecep:pos="vvi"
            ecep:reg="care"
            ecep:spe="care"
            ecep:syllab="1"
            ecep:pron="keə">care</w>
         <c> </c>
         <w xml:id="bjb18-162120"
            n="a-0830"
            ecep:lem="for"
            ecep:pos="p-acp"
            ecep:reg="for"
            ecep:spe="for"
            ecep:syllab="1"
            ecep:pron="fɔː">for</w>
         <c> </c>
         <w xml:id="bjb18-162130"
            n="a-0840"
            ecep:lem="i"
            ecep:pos="pno11"
            ecep:reg="me"
            ecep:spe="me"
            ecep:syllab="1"
            ecep:pron="miː">me</w>
         <c> </c>
         <w xml:id="bjb18-162140"
            n="a-0850"
            ecep:lem="and"
            ecep:pos="cc"
            ecep:reg="and"
            ecep:spe="and"
            ecep:syllab="1"
            ecep:pron="ænd">and</w>
         <c> </c>
         <w xml:id="bjb18-162150"
            n="a-0860"
            ecep:lem="be"
            ecep:pos="vbb"
            ecep:reg="be"
            ecep:spe="be"
            ecep:syllab="1"
            ecep:pron="biː">be</w>
         <c> </c>
         <w xml:id="bjb18-162160"
            n="a-0870"
            ecep:lem="my"
            ecep:pos="po11"
            ecep:reg="my"
            ecep:spe="my"
            ecep:syllab="1"
            ecep:pron="maɪ">my</w>
         <c> </c>
         <w xml:id="bjb18-162170"
            n="a-0880"
            ecep:lem="hold"
            ecep:pos="n1"
            ecep:reg="hold"
            ecep:spe="hold"
            ecep:syllab="1"
            ecep:pron="həʊld">hold</w>
         <pc xml:id="bjb18-162180"
             n="a-0890"
             ecep:lem=","
             ecep:pos=","
             ecep:reg=","
             ecep:spe=",">,</pc>
      </l>
      <l xml:id="bjb18-l07840">
         <c> </c>
         <w xml:id="bjb18-162190"
            n="a-0900"
            ecep:lem="when"
            ecep:pos="c-crq"
            ecep:reg="When"
            ecep:spe="When"
            ecep:syllab="1"
            ecep:pron="wen">When</w>
         <c> </c>
         <w xml:id="bjb18-162200"
            n="a-0910"
            ecep:lem="i"
            ecep:pos="pns11"
            ecep:reg="I"
            ecep:spe="I"
            ecep:syllab="1"
            ecep:pron="aɪ">I</w>
         <c> </c>
         <w xml:id="bjb18-162210"
            n="a-0920"
            ecep:lem="be"
            ecep:pos="vbm"
            ecep:reg="am"
            ecep:spe="am"
            ecep:syllab="1"
            ecep:pron="æm">am</w>
         <c> </c>
         <w xml:id="bjb18-162220"
            n="a-0930"
            ecep:lem="weak"
            ecep:pos="j"
            ecep:reg="weak"
            ecep:spe="weak"
            ecep:syllab="1"
            ecep:pron="wiːk">weak</w>
         <c> </c>
         <w xml:id="bjb18-162230"
            n="a-0940"
            ecep:lem="and"
            ecep:pos="cc"
            ecep:reg="and"
            ecep:spe="and"
            ecep:syllab="1"
            ecep:pron="ænd">and</w>
         <c> </c>
         <w xml:id="bjb18-162240"
            n="a-0950"
            ecep:lem="old"
            ecep:pos="j"
            ecep:reg="old"
            ecep:spe="old"
            ecep:syllab="1"
            ecep:pron="əʊld">old</w>
         <pc xml:id="bjb18-162250"
             n="a-0960"
             unit="sentence"
             ecep:lem="."
             ecep:pos="."
             ecep:reg="."
             ecep:spe=".">.</pc>
         <c> </c>
      </l>
   </lg>
   <lg xml:id="bjb18-s00790">
      <l xml:id="bjb18-l07845">
         <w xml:id="bjb18-162280"
            n="a-0970"
            ecep:lem="thou|will"
            ecep:pos="pns21|vm2"
            ecep:reg="Thou'lt"
            ecep:spe="Thou'lt"
            ecep:syllab="1"
            ecep:pron="ðaʊlt">Thou'lt</w>
         <c> </c>
         <w xml:id="bjb18-162290"
            n="a-0980"
            ecep:lem="listen"
            ecep:pos="vvb"
            ecep:reg="listen"
            ecep:spe="listen"
            ecep:syllab="2"
            ecep:pron="ˈlɪsn">listen</w>
         <c> </c>
         <w xml:id="bjb18-162300"
            n="a-0990"
            ecep:lem="to"
            ecep:pos="p-acp"
            ecep:reg="to"
            ecep:spe="to"
            ecep:syllab="1"
            ecep:pron="tuː">to</w>
         <c> </c>
         <w xml:id="bjb18-162310"
            n="a-1000"
            ecep:lem="my"
            ecep:pos="po11"
            ecep:reg="my"
            ecep:spe="my"
            ecep:syllab="1"
            ecep:pron="maɪ">my</w>
         <c> </c>
         <w xml:id="bjb18-162320"
            n="a-1010"
            ecep:lem="lengthen"
            ecep:pos="j-vvn"
            ecep:reg="lengthened"
            ecep:spe="lengthened"
            ecep:syllab="2"
            ecep:pron="ˈleŋθənd">lengthened</w>
         <c> </c>
         <w xml:id="bjb18-162330"
            n="a-1020"
            ecep:lem="tale"
            ecep:pos="n1"
            ecep:reg="tale"
            ecep:spe="tale"
            ecep:syllab="1"
            ecep:pron="teɪl">tale</w>
         <pc xml:id="bjb18-162340"
             n="a-1030"
             ecep:lem=","
             ecep:pos=","
             ecep:reg=","
             ecep:spe=",">,</pc>
      </l>
      <l xml:id="bjb18-l07850">
         <c> </c>
         <w xml:id="bjb18-162350"
            n="a-1040"
            ecep:lem="and"
            ecep:pos="cc"
            ecep:reg="And"
            ecep:spe="And"
            ecep:syllab="1"
            ecep:pron="ænd">And</w>
         <c> </c>
         <w xml:id="bjb18-162360"
            n="a-1050"
            ecep:lem="pity"
            ecep:pos="vvb"
            ecep:reg="pity"
            ecep:spe="pity"
            ecep:syllab="2"
            ecep:pron="ˈpɪtɪ">pity</w>
         <c> </c>
         <w xml:id="bjb18-162370"
            n="a-1060"
            ecep:lem="i"
            ecep:pos="pno11"
            ecep:reg="me"
            ecep:spe="me"
            ecep:syllab="1"
            ecep:pron="miː">me</w>
         <c> </c>
         <w xml:id="bjb18-162380"
            n="a-1070"
            ecep:lem="when"
            ecep:pos="c-crq"
            ecep:reg="when"
            ecep:spe="when"
            ecep:syllab="1"
            ecep:pron="wen">when</w>
         <c> </c>
         <w xml:id="bjb18-162390"
            n="a-1080"
            ecep:lem="i"
            ecep:pos="pns11"
            ecep:reg="I"
            ecep:spe="I"
            ecep:syllab="1"
            ecep:pron="aɪ">I</w>
         <c> </c>
         <w xml:id="bjb18-162400"
            n="a-1090"
            ecep:lem="be"
            ecep:pos="vbm"
            ecep:reg="am"
            ecep:spe="am"
            ecep:syllab="1"
            ecep:pron="æm">am</w>
         <c> </c>
         <w xml:id="bjb18-162410"
            n="a-1100"
            ecep:lem="frail"
            ecep:pos="j"
            ecep:reg="frail"
            ecep:spe="frail"
            ecep:syllab="1"
            ecep:pron="freɪl">frail</w>
         <note n="*" place="bottom" xml:id="bjb18-n00045">
            <hi>
               <w xml:id="bjb18-162440"
                  n="a-1110"
                  ecep:lem="feeble"
                  ecep:pos="j"
                  ecep:reg="Feeble"
                  ecep:spe="Feeble"
                  ecep:syllab="2"
                  ecep:pron="ˈfiːbl">Feeble</w>
            </hi>
            <pc xml:id="bjb18-162450"
                n="a-1120"
                unit="sentence"
                ecep:lem="."
                ecep:pos="."
                ecep:reg="."
                ecep:spe=".">.</pc>
            <c> </c>
            <w xml:id="bjb18-162460"
               n="a-1130"
               ecep:lem="in"
               ecep:pos="p-acp"
               ecep:reg="In"
               ecep:spe="In"
               ecep:syllab="1"
               ecep:pron="ɪn">In</w>
            <c> </c>
            <w xml:id="bjb18-162470"
               n="a-1140"
               ecep:lem="this"
               ecep:pos="d"
               ecep:reg="this"
               ecep:spe="this"
               ecep:syllab="1"
               ecep:pron="ðɪs">this</w>
            <c> </c>
            <w xml:id="bjb18-162480"
               n="a-1150"
               ecep:lem="sense"
               ecep:pos="n1"
               ecep:reg="sense"
               ecep:spe="sense"
               ecep:syllab="1"
               ecep:pron="sens">sense</w>
            <c> </c>
            <w xml:id="bjb18-162490"
               n="a-1160"
               ecep:lem="the"
               ecep:pos="dt"
               ecep:reg="the"
               ecep:spe="the"
               ecep:syllab="1"
               ecep:pron="ðə">the</w>
            <c> </c>
            <w xml:id="bjb18-162500"
               n="a-1170"
               ecep:lem="word"
               ecep:pos="n1"
               ecep:reg="word"
               ecep:spe="word"
               ecep:syllab="1"
               ecep:pron="wɜːd">word</w>
            <c> </c>
            <w xml:id="bjb18-162510"
               n="a-1180"
               ecep:lem="be"
               ecep:pos="vbz"
               ecep:reg="is"
               ecep:spe="is"
               ecep:syllab="1"
               ecep:pron="ɪz">is</w>
            <c> </c>
            <w xml:id="bjb18-162520"
               n="a-1190"
               ecep:lem="often"
               ecep:pos="av"
               ecep:reg="often"
               ecep:spe="often"
               ecep:syllab="2"
               ecep:pron="ˈɒfn">often</w>
            <c> </c>
            <w xml:id="bjb18-162530"
               n="a-1200"
               ecep:lem="apply"
               ecep:pos="vvn"
               ecep:reg="applied"
               ecep:spe="applied"
               ecep:syllab="2"
               ecep:pron="əˈplaɪd">applied</w>
            <c> </c>
            <w xml:id="bjb18-162540"
               n="a-1210"
               ecep:lem="in"
               ecep:pos="p-acp"
               ecep:reg="in"
               ecep:spe="in"
               ecep:syllab="1"
               ecep:pron="ɪn">in</w>
            <c> </c>
            <w xml:id="bjb18-162550"
               n="a-1220"
               ecep:lem="Scotland"
               ecep:pos="np1"
               ecep:reg="Scotland"
               ecep:spe="Scotland"
               ecep:syllab="2"
               ecep:pron="ˈskɒtlənd">Scotland</w>
            <pc xml:id="bjb18-162560"
                n="a-1230"
                unit="sentence"
                ecep:lem="."
                ecep:pos="."
                ecep:reg="."
                ecep:spe=".">.</pc>
         </note>
         <c> </c>
         <pc xml:id="bjb18-162420"
             n="a-1240"
             ecep:lem="—"
             ecep:pos="—"
             ecep:reg="—"
             ecep:spe="—">—</pc>
      </l>
      <l xml:id="bjb18-l07855">
         <c> </c>
         <w xml:id="bjb18-162570"
            n="a-1250"
            ecep:lem="but"
            ecep:pos="cc-acp"
            ecep:reg="But"
            ecep:spe="But"
            ecep:syllab="1"
            ecep:pron="bʌt">But</w>
         <c> </c>
         <w xml:id="bjb18-162580"
            n="a-1260"
            ecep:lem="see"
            ecep:pos="vvb"
            ecep:reg="see"
            ecep:spe="see"
            ecep:syllab="1"
            ecep:pron="siː">see</w>
         <pc xml:id="bjb18-162590"
             n="a-1270"
             ecep:lem=","
             ecep:pos=","
             ecep:reg=","
             ecep:spe=",">,</pc>
         <c> </c>
         <w xml:id="bjb18-162600"
            n="a-1280"
            ecep:lem="the"
            ecep:pos="dt"
            ecep:reg="the"
            ecep:spe="the"
            ecep:syllab="1"
            ecep:pron="ðə">the</w>
         <c> </c>
         <w xml:id="bjb18-162610"
            n="a-1290"
            ecep:lem="sweepy"
            ecep:pos="j"
            ecep:reg="sweepy"
            ecep:spe="sweepy"
            ecep:syllab="2"
            ecep:pron="ˈswiːpɪ">sweepy</w>
         <c> </c>
         <w xml:id="bjb18-162620"
            n="a-1300"
            ecep:lem="spin"
            ecep:pos="j-vvg"
            ecep:reg="spinning"
            ecep:spe="spinning"
            ecep:syllab="2"
            ecep:pron="ˈspɪnɪŋ">spinning</w>
         <c> </c>
         <w xml:id="bjb18-162630"
            n="a-1310"
            ecep:lem="fly"
            ecep:pos="n1"
            ecep:reg="fly"
            ecep:spe="fly"
            ecep:syllab="1"
            ecep:pron="flaɪ">fly</w>
         <pc xml:id="bjb18-162640"
             n="a-1320"
             ecep:lem=","
             ecep:pos=","
             ecep:reg=","
             ecep:spe=",">,</pc>
      </l>
      <l xml:id="bjb18-l07860">
         <c> </c>
         <w xml:id="bjb18-162650"
            n="a-1330"
            ecep:lem="upon"
            ecep:pos="p-acp"
            ecep:reg="Upon"
            ecep:spe="Upon"
            ecep:syllab="2"
            ecep:pron="əˈpɒn">Upon</w>
         <c> </c>
         <w xml:id="bjb18-162660"
            n="a-1340"
            ecep:lem="the"
            ecep:pos="dt"
            ecep:reg="the"
            ecep:spe="the"
            ecep:syllab="1"
            ecep:pron="ðə">the</w>
         <c> </c>
         <w xml:id="bjb18-162670"
            n="a-1350"
            ecep:lem="window"
            ecep:pos="n1"
            ecep:reg="window"
            ecep:spe="window"
            ecep:syllab="2"
            ecep:pron="ˈwɪndəʊ">window</w>
         <c> </c>
         <w xml:id="bjb18-162680"
            n="a-1360"
            ecep:lem="take"
            ecep:pos="vvz"
            ecep:reg="takes"
            ecep:spe="takes"
            ecep:syllab="1"
            ecep:pron="teɪks">takes</w>
         <c> </c>
         <w xml:id="bjb18-162690"
            n="a-1370"
            ecep:lem="thy"
            ecep:pos="po21"
            ecep:reg="thine"
            ecep:spe="thine"
            ecep:syllab="1"
            ecep:pron="ðaɪn">thine</w>
         <c> </c>
         <w xml:id="bjb18-162700"
            n="a-1380"
            ecep:lem="eye"
            ecep:pos="n1"
            ecep:reg="eye"
            ecep:spe="eye"
            ecep:syllab="1"
            ecep:pron="aɪ">eye</w>
         <pc xml:id="bjb18-162710"
             n="a-1390"
             unit="sentence"
             ecep:lem="."
             ecep:pos="."
             ecep:reg="."
             ecep:spe=".">.</pc>
         <c> </c>
      </l>
      <l xml:id="bjb18-l07865">
         <w xml:id="bjb18-162720"
            n="a-1400"
            ecep:lem="go"
            ecep:pos="vvb"
            ecep:reg="Go"
            ecep:spe="Go"
            ecep:syllab="1"
            ecep:pron="gəʊ">Go</w>
         <c> </c>
         <w xml:id="bjb18-162730"
            n="a-1410"
            ecep:lem="to"
            ecep:pos="p-acp"
            ecep:reg="to"
            ecep:spe="to"
            ecep:syllab="1"
            ecep:pron="tuː">to</w>
         <c> </c>
         <w xml:id="bjb18-162740"
            n="a-1420"
            ecep:lem="thy"
            ecep:pos="po21"
            ecep:reg="thy"
            ecep:spe="thy"
            ecep:syllab="1"
            ecep:pron="ðaɪ">thy</w>
         <c> </c>
         <w xml:id="bjb18-162750"
            n="a-1430"
            ecep:lem="little"
            ecep:pos="j"
            ecep:reg="little"
            ecep:spe="little"
            ecep:syllab="2"
            ecep:pron="ˈlɪtl">little</w>
         <c> </c>
         <w xml:id="bjb18-162760"
            n="a-1440"
            ecep:lem="senseless"
            ecep:pos="j"
            ecep:reg="senseless"
            ecep:spe="senseless"
            ecep:syllab="2"
            ecep:pron="ˈsenslɪs">senseless</w>
         <c> </c>
         <w xml:id="bjb18-162770"
            n="a-1450"
            ecep:lem="play"
            ecep:pos="n1"
            ecep:reg="play"
            ecep:spe="play"
            ecep:syllab="1"
            ecep:pron="pleɪ">play</w>
         <pc xml:id="bjb18-162780"
             n="a-1460"
             ecep:lem=";"
             ecep:pos=";"
             ecep:reg=";"
             ecep:spe=";">;</pc>
      </l>
      <l xml:id="bjb18-l07870">
         <c> </c>
         <w xml:id="bjb18-162790"
            n="a-1470"
            ecep:lem="thou"
            ecep:pos="pns21"
            ecep:reg="Thou"
            ecep:spe="Thou"
            ecep:syllab="1"
            ecep:pron="ðaʊ">Thou</w>
         <c> </c>
         <w xml:id="bjb18-162800"
            n="a-1480"
            ecep:lem="do"
            ecep:pos="vd2"
            ecep:reg="dost"
            ecep:spe="dost"
            ecep:syllab="1"
            ecep:pron="dʌst">dost</w>
         <c> </c>
         <w xml:id="bjb18-162810"
            n="a-1490"
            ecep:lem="not"
            ecep:pos="xx"
            ecep:reg="not"
            ecep:spe="not"
            ecep:syllab="1"
            ecep:pron="nɒt">not</w>
         <c> </c>
         <w xml:id="bjb18-162820"
            n="a-1500"
            ecep:lem="heed"
            ecep:pos="vvi"
            ecep:reg="heed"
            ecep:spe="heed"
            ecep:syllab="1"
            ecep:pron="hiːd">heed</w>
         <c> </c>
         <w xml:id="bjb18-162830"
            n="a-1510"
            ecep:lem="my"
            ecep:pos="po11"
            ecep:reg="my"
            ecep:spe="my"
            ecep:syllab="1"
            ecep:pron="maɪ">my</w>
         <c> </c>
         <w xml:id="bjb18-162840"
            n="a-1520"
            ecep:lem="lay"
            ecep:pos="n-jn"
            ecep:reg="lay"
            ecep:spe="lay"
            ecep:syllab="1"
            ecep:pron="leɪ">lay</w>
         <pc xml:id="bjb18-162850"
             n="a-1530"
             unit="sentence"
             ecep:lem="."
             ecep:pos="."
             ecep:reg="."
             ecep:spe=".">.</pc>
         <c> </c>
      </l>
   </lg>
</div>
