<?xml version="1.0" encoding="UTF-8"?>
<?xml-model href="../tei_all.rnc" type="application/relax-ng-compact-syntax"?>
<TEI xmlns="http://www.tei-c.org/ns/1.0">
   <teiHeader>
      <fileDesc>
         <titleStmt>
            <title corresp="#txt_BarbMa1685_w0069">To Mrs. CÆsar, at the Speaker's Lodgings at Bath.</title>
            <author corresp="authors.xml#aut_BarbMa1685">Mary Barber</author>
            <respStmt>
               <name xml:id="AH">Alexander Huber</name>
               <resp>Editor</resp>
            </respStmt>
            <funder>
               <name type="institution" xml:id="BOD">Bodleian Libraries, University of Oxford</name>
               <address>
                  <addrLine>Broad Street</addrLine>
                  <addrLine>Oxford OX1 3BG</addrLine>
                  <addrLine>UK</addrLine>
               </address>
            </funder>
         </titleStmt>
         <publicationStmt>
            <publisher xml:id="ECPA">Eighteenth-Century Poetry Archive</publisher>
            <address>
               <addrLine>Taylor Institution Library</addrLine>
               <addrLine>St Giles'</addrLine>
               <addrLine>Oxford OX1 3NA</addrLine>
               <addrLine>UK</addrLine>
               <addrLine>
                  <email>info@eighteenthcenturypoetry.org</email>
               </addrLine>
               <addrLine>
                  <ref target="https://www.eighteenthcenturypoetry.org/">https://www.eighteenthcenturypoetry.org/</ref>
               </addrLine>
            </address>
            <pubPlace>Oxford</pubPlace>
            <availability status="restricted">
               <licence target="http://creativecommons.org/licenses/by-sa/3.0/">This work is licensed under a Creative Commons Attribution-ShareAlike 3.0 Unported License.</licence>
            </availability>
            <idno type="ESTC">T42622</idno>
            <idno type="DMI">519</idno>
            <idno type="FOXON">p. 45</idno>
         </publicationStmt>
         <sourceDesc>
            <bibl>
               <author>Barber, Mary, ca. 1690-1757.</author>
               <title>Poems on Several Occasions [poems only].</title>
               <pubPlace>London</pubPlace>
               <publisher>Printed for C. Rivington, at the Bible and Crown in St. Paul's Church-Yard</publisher>
               <date>1734</date>
               <biblScope>pp. 156-157.</biblScope>
               <extent>xlviii,283,[7]p.; 8⁰.</extent>
            </bibl>
         </sourceDesc>
      </fileDesc>
      <encodingDesc>
         <projectDesc>
            <p>This e-text is part of the Works section of the Eighteenth-Century Poetry Archive (ECPA).</p>
            <p>XML created for the Eighteenth-Century Poetry Archive (ECPA).</p>
         </projectDesc>
         <editorialDecl>
            <p>Typography, spelling, capitalization, and punctuation have been cautiously modernized. The source of the text is given and all significant
						editorial interventions have been recorded in textual notes. This  text has been edited to conform to the recommendations found 
						in Level 5 of the
						Best Practices for TEI in Libraries version 4.0.0.
					</p>
         </editorialDecl>
         <classDecl>
            <taxonomy xml:id="LCNAF">
               <bibl>Library of Congress Name Authority File (<abbr>LCNAF</abbr>)</bibl>
            </taxonomy>
         </classDecl>
         <tagsDecl>
            <rendition n="linegroups indented" xml:id="lgindent" scheme="css">text-indent: 1em;</rendition>
            <rendition n="linegroups vertically spaced" xml:id="lgvspace" scheme="css">margin-bottom: 1em;</rendition>
            <rendition n="aligned centrally" xml:id="align-center" scheme="css">text-align: center;</rendition>
            <rendition n="aligned right" xml:id="align-right" scheme="css">text-align: right;</rendition>
            <rendition n="aligned left" xml:id="align-left" scheme="css">text-align: left;</rendition>
            <rendition n="inline" xml:id="inline" scheme="css">display: inline</rendition>
            <rendition n="italic" xml:id="i" scheme="css">font-style: italic;</rendition>
            <rendition n="bold" xml:id="b" scheme="css">font-weight: bold;</rendition>
         </tagsDecl>
      </encodingDesc>
   </teiHeader>
   <text>
      <body>
         <div xmlns:ecep="http://www.eighteenthcenturypoetry.org/ns"
              ana="#iamb #tetrameter #trimeter #quatrain #address"
              corresp="#txt_BarbMa1685_w0069"
              decls="#semi-normalized"
              ecep:syllab="8.6.8.6"
              met="-+|-+|-+|-+/         -+|-+|-+/         -+|-+|-+|-+/         -+|-+|-+/"
              rendition="#lgvspace"
              rhyme="abab"
              subtype="eceptext"
              type="poem"
              xml:id="pba35-w0740">
            <link target="authors.xml#aut_BarbMa1685" type="author"/>
            <link target="11571" type="DMI"/>
            <head type="main">
               <w xmlns:ecep="http://www.eighteenthcenturypoetry.org/ns"
                  xml:id="pba35-187120"
                  n="a-0010"
                  ecep:lem="to"
                  ecep:pos="p-acp"
                  ecep:reg="To"
                  ecep:spe="To"
                  ecep:syllab="1"
                  ecep:pron="tuː">To</w>
               <c> </c>
               <w xmlns:ecep="http://www.eighteenthcenturypoetry.org/ns"
                  xml:id="pba35-187130"
                  n="a-0020"
                  ecep:lem="mrs."
                  ecep:pos="n1"
                  ecep:reg="Mrs."
                  ecep:spe="Mrs."
                  ecep:syllab="2"
                  ecep:pron="mɪsɪz">Mrs.</w>
               <c> </c>
               <w xmlns:ecep="http://www.eighteenthcenturypoetry.org/ns"
                  xml:id="pba35-187140"
                  n="a-0030"
                  ecep:lem="CÆsar"
                  ecep:pos="np1"
                  ecep:reg="CÆsar"
                  ecep:spe="CÆsar"
                  ecep:syllab="2"
                  ecep:pron="kˈæsɑː">CÆsar</w>
               <note place="bottom"
                     n="[ed.]"
                     resp="#AH"
                     xml:id="app_BarbMa1685_w0069_n1">"Mary Freeman, friend of Swift, who saw her as promoter and protector of Mary Barber when the latter was
									in England." 
									(Tucker [1992], 221)
								</note>
               <pc xmlns:ecep="http://www.eighteenthcenturypoetry.org/ns"
                   xml:id="pba35-187150"
                   n="a-0040"
                   ecep:lem=","
                   ecep:pos=","
                   ecep:reg=","
                   ecep:spe=",">,</pc>
               <c> </c>
               <w xmlns:ecep="http://www.eighteenthcenturypoetry.org/ns"
                  xml:id="pba35-187160"
                  n="a-0050"
                  ecep:lem="at"
                  ecep:pos="p-acp"
                  ecep:reg="at"
                  ecep:spe="at"
                  ecep:syllab="1"
                  ecep:pron="æt">at</w>
               <c> </c>
               <w xmlns:ecep="http://www.eighteenthcenturypoetry.org/ns"
                  xml:id="pba35-187170"
                  n="a-0060"
                  ecep:lem="the"
                  ecep:pos="dt"
                  ecep:reg="the"
                  ecep:spe="the"
                  ecep:syllab="1"
                  ecep:pron="ðiː">the</w>
               <c> </c>
               <w xmlns:ecep="http://www.eighteenthcenturypoetry.org/ns"
                  xml:id="pba35-187180"
                  n="a-0070"
                  ecep:lem="speaker"
                  ecep:pos="ng1"
                  ecep:reg="Speaker's"
                  ecep:spe="Speaker's"
                  ecep:syllab="2"
                  ecep:pron="ˈspiːkəz">Speaker's</w>
               <c> </c>
               <w xmlns:ecep="http://www.eighteenthcenturypoetry.org/ns"
                  xml:id="pba35-187190"
                  n="a-0080"
                  ecep:lem="lodging"
                  ecep:pos="n2"
                  ecep:reg="Lodgings"
                  ecep:spe="Lodgings"
                  ecep:syllab="2"
                  ecep:pron="lɒdʒɪŋz">Lodgings</w>
               <c> </c>
               <w xmlns:ecep="http://www.eighteenthcenturypoetry.org/ns"
                  xml:id="pba35-187200"
                  n="a-0090"
                  ecep:lem="at"
                  ecep:pos="p-acp"
                  ecep:reg="at"
                  ecep:spe="at"
                  ecep:syllab="1"
                  ecep:pron="æt">at</w>
               <c> </c>
               <w xmlns:ecep="http://www.eighteenthcenturypoetry.org/ns"
                  xml:id="pba35-187210"
                  n="a-0100"
                  ecep:lem="bath"
                  ecep:pos="n1"
                  ecep:reg="Bath"
                  ecep:spe="Bath"
                  ecep:syllab="1"
                  ecep:pron="bɑːθ">Bath</w>
               <pc xmlns:ecep="http://www.eighteenthcenturypoetry.org/ns"
                   xml:id="pba35-187220"
                   n="a-0110"
                   unit="sentence"
                   ecep:lem="."
                   ecep:pos="."
                   ecep:reg="."
                   ecep:spe=".">.</pc>
               <c> </c>
               <note n="*" place="bottom" xml:id="pba35-n00135">
                  <w xmlns:ecep="http://www.eighteenthcenturypoetry.org/ns"
                     xml:id="pba35-187240"
                     n="a-0120"
                     ecep:lem="the"
                     ecep:pos="dt"
                     ecep:reg="The"
                     ecep:spe="The"
                     ecep:syllab="1"
                     ecep:pron="ðiː">The</w>
                  <c> </c>
                  <w xmlns:ecep="http://www.eighteenthcenturypoetry.org/ns"
                     xml:id="pba35-187250"
                     n="a-0130"
                     ecep:lem="author"
                     ecep:pos="n1"
                     ecep:reg="Author"
                     ecep:spe="Author"
                     ecep:syllab="2"
                     ecep:pron="ˈɔːθə">Author</w>
                  <pc xmlns:ecep="http://www.eighteenthcenturypoetry.org/ns"
                      xml:id="pba35-187260"
                      n="a-0140"
                      ecep:lem=","
                      ecep:pos=","
                      ecep:reg=","
                      ecep:spe=",">,</pc>
                  <c> </c>
                  <w xmlns:ecep="http://www.eighteenthcenturypoetry.org/ns"
                     xml:id="pba35-187270"
                     n="a-0150"
                     ecep:lem="who"
                     ecep:pos="r-crq"
                     ecep:reg="who"
                     ecep:spe="who"
                     ecep:syllab="1"
                     ecep:pron="huː">who</w>
                  <c> </c>
                  <w xmlns:ecep="http://www.eighteenthcenturypoetry.org/ns"
                     xml:id="pba35-187280"
                     n="a-0160"
                     ecep:lem="have"
                     ecep:pos="vhd"
                     ecep:reg="had"
                     ecep:spe="had"
                     ecep:syllab="1"
                     ecep:pron="hæd">had</w>
                  <c> </c>
                  <w xmlns:ecep="http://www.eighteenthcenturypoetry.org/ns"
                     xml:id="pba35-187290"
                     n="a-0170"
                     ecep:lem="be"
                     ecep:pos="vbn"
                     ecep:reg="been"
                     ecep:spe="been"
                     ecep:syllab="1"
                     ecep:pron="biːn">been</w>
                  <c> </c>
                  <w xmlns:ecep="http://www.eighteenthcenturypoetry.org/ns"
                     xml:id="pba35-187300"
                     n="a-0180"
                     ecep:lem="engage"
                     ecep:pos="vvn"
                     ecep:reg="engaged"
                     ecep:spe="engag'd"
                     ecep:syllab="2"
                     ecep:pron="ɪnˈgeɪdʒd">engag'd</w>
                  <c> </c>
                  <w xmlns:ecep="http://www.eighteenthcenturypoetry.org/ns"
                     xml:id="pba35-187310"
                     n="a-0190"
                     ecep:lem="to"
                     ecep:pos="pc-acp"
                     ecep:reg="to"
                     ecep:spe="to"
                     ecep:syllab="1"
                     ecep:pron="tuː">to</w>
                  <c> </c>
                  <w xmlns:ecep="http://www.eighteenthcenturypoetry.org/ns"
                     xml:id="pba35-187320"
                     n="a-0200"
                     ecep:lem="dine"
                     ecep:pos="vvi"
                     ecep:reg="dine"
                     ecep:spe="dine"
                     ecep:syllab="1"
                     ecep:pron="daɪn">dine</w>
                  <c> </c>
                  <w xmlns:ecep="http://www.eighteenthcenturypoetry.org/ns"
                     xml:id="pba35-187330"
                     n="a-0210"
                     ecep:lem="with"
                     ecep:pos="p-acp"
                     ecep:reg="with"
                     ecep:spe="with"
                     ecep:syllab="1"
                     ecep:pron="wɪð">with</w>
                  <c> </c>
                  <w xmlns:ecep="http://www.eighteenthcenturypoetry.org/ns"
                     xml:id="pba35-187340"
                     n="a-0220"
                     ecep:lem="mrs."
                     ecep:pos="n1"
                     ecep:reg="Mrs."
                     ecep:spe="Mrs."
                     ecep:syllab="2"
                     ecep:pron="mɪsɪz">Mrs.</w>
                  <c> </c>
                  <w xmlns:ecep="http://www.eighteenthcenturypoetry.org/ns"
                     xml:id="pba35-187350"
                     n="a-0230"
                     ecep:lem="CÆsar"
                     ecep:pos="np1"
                     ecep:reg="CÆsar"
                     ecep:spe="CÆsar"
                     ecep:syllab="2"
                     ecep:pron="kˈæsɑː">CÆsar</w>
                  <pc xmlns:ecep="http://www.eighteenthcenturypoetry.org/ns"
                      xml:id="pba35-187360"
                      n="a-0240"
                      ecep:lem=","
                      ecep:pos=","
                      ecep:reg=","
                      ecep:spe=",">,</pc>
                  <c> </c>
                  <w xmlns:ecep="http://www.eighteenthcenturypoetry.org/ns"
                     xml:id="pba35-187370"
                     n="a-0250"
                     ecep:lem="be"
                     ecep:pos="vbds"
                     ecep:reg="was"
                     ecep:spe="was"
                     ecep:syllab="1"
                     ecep:pron="wɒz">was</w>
                  <c> </c>
                  <w xmlns:ecep="http://www.eighteenthcenturypoetry.org/ns"
                     xml:id="pba35-187380"
                     n="a-0260"
                     ecep:lem="excuse"
                     ecep:pos="vvn"
                     ecep:reg="excused"
                     ecep:spe="excus'd"
                     ecep:syllab="2"
                     ecep:pron="ɪkˈskjuːzd">excus'd</w>
                  <c> </c>
                  <w xmlns:ecep="http://www.eighteenthcenturypoetry.org/ns"
                     xml:id="pba35-187390"
                     n="a-0270"
                     ecep:lem="by"
                     ecep:pos="p-acp"
                     ecep:reg="by"
                     ecep:spe="by"
                     ecep:syllab="1"
                     ecep:pron="baɪ">by</w>
                  <c> </c>
                  <w xmlns:ecep="http://www.eighteenthcenturypoetry.org/ns"
                     xml:id="pba35-187400"
                     n="a-0280"
                     ecep:lem="that"
                     ecep:pos="d"
                     ecep:reg="that"
                     ecep:spe="that"
                     ecep:syllab="1"
                     ecep:pron="ðæt">that</w>
                  <c> </c>
                  <w xmlns:ecep="http://www.eighteenthcenturypoetry.org/ns"
                     xml:id="pba35-187410"
                     n="a-0290"
                     ecep:lem="lady"
                     ecep:pos="n1"
                     ecep:reg="Lady"
                     ecep:spe="Lady"
                     ecep:syllab="2"
                     ecep:pron="ˈleɪdi">Lady</w>
                  <pc xmlns:ecep="http://www.eighteenthcenturypoetry.org/ns"
                      xml:id="pba35-187420"
                      n="a-0300"
                      ecep:lem=","
                      ecep:pos=","
                      ecep:reg=","
                      ecep:spe=",">,</pc>
                  <c> </c>
                  <w xmlns:ecep="http://www.eighteenthcenturypoetry.org/ns"
                     xml:id="pba35-187430"
                     n="a-0310"
                     ecep:lem="upon"
                     ecep:pos="p-acp"
                     ecep:reg="upon"
                     ecep:spe="upon"
                     ecep:syllab="2"
                     ecep:pron="əˈpɒn">upon</w>
                  <c> </c>
                  <w xmlns:ecep="http://www.eighteenthcenturypoetry.org/ns"
                     xml:id="pba35-187440"
                     n="a-0320"
                     ecep:lem="a"
                     ecep:pos="dt"
                     ecep:reg="an"
                     ecep:spe="an"
                     ecep:syllab="1"
                     ecep:pron="æn">an</w>
                  <c> </c>
                  <w xmlns:ecep="http://www.eighteenthcenturypoetry.org/ns"
                     xml:id="pba35-187450"
                     n="a-0330"
                     ecep:lem="invitation"
                     ecep:pos="n1"
                     ecep:reg="Invitation"
                     ecep:spe="Invitation"
                     ecep:syllab="4"
                     ecep:pron="ˌɪnvɪˈteɪʃn">Invitation</w>
                  <c> </c>
                  <w xmlns:ecep="http://www.eighteenthcenturypoetry.org/ns"
                     xml:id="pba35-187460"
                     n="a-0340"
                     ecep:lem="from"
                     ecep:pos="p-acp"
                     ecep:reg="from"
                     ecep:spe="from"
                     ecep:syllab="1"
                     ecep:pron="frɒm">from</w>
                  <c> </c>
                  <w xmlns:ecep="http://www.eighteenthcenturypoetry.org/ns"
                     xml:id="pba35-187470"
                     n="a-0350"
                     ecep:lem="lord"
                     ecep:pos="n1"
                     ecep:reg="Lord"
                     ecep:spe="Lord"
                     ecep:syllab="1"
                     ecep:pron="lɔːd">Lord</w>
                  <c> </c>
                  <w xmlns:ecep="http://www.eighteenthcenturypoetry.org/ns"
                     xml:id="pba35-187480"
                     n="a-0360"
                     ecep:lem="carteret"
                     ecep:pos="npg1"
                     ecep:reg="Carteret's"
                     ecep:spe="Carteret's"
                     ecep:syllab="3"
                     ecep:pron="kˈɑːtərəts">Carteret's</w>
                  <pc xmlns:ecep="http://www.eighteenthcenturypoetry.org/ns"
                      xml:id="pba35-187490"
                      n="a-0370"
                      ecep:lem=";"
                      ecep:pos=";"
                      ecep:reg=";"
                      ecep:spe=";">;</pc>
                  <c> </c>
                  <w xmlns:ecep="http://www.eighteenthcenturypoetry.org/ns"
                     xml:id="pba35-187500"
                     n="a-0380"
                     ecep:lem="and"
                     ecep:pos="cc"
                     ecep:reg="and"
                     ecep:spe="and"
                     ecep:syllab="1"
                     ecep:pron="ænd">and</w>
                  <c> </c>
                  <w xmlns:ecep="http://www.eighteenthcenturypoetry.org/ns"
                     xml:id="pba35-187510"
                     n="a-0390"
                     ecep:lem="the"
                     ecep:pos="dt"
                     ecep:reg="the"
                     ecep:spe="the"
                     ecep:syllab="1"
                     ecep:pron="ðiː">the</w>
                  <c> </c>
                  <w xmlns:ecep="http://www.eighteenthcenturypoetry.org/ns"
                     xml:id="pba35-187520"
                     n="a-0400"
                     ecep:lem="next"
                     ecep:pos="ord"
                     ecep:reg="next"
                     ecep:spe="next"
                     ecep:syllab="1"
                     ecep:pron="nekst">next</w>
                  <c> </c>
                  <w xmlns:ecep="http://www.eighteenthcenturypoetry.org/ns"
                     xml:id="pba35-187530"
                     n="a-0410"
                     ecep:lem="day"
                     ecep:pos="n1"
                     ecep:reg="Day"
                     ecep:spe="Day"
                     ecep:syllab="1"
                     ecep:pron="deɪ">Day</w>
                  <c> </c>
                  <w xmlns:ecep="http://www.eighteenthcenturypoetry.org/ns"
                     xml:id="pba35-187540"
                     n="a-0420"
                     ecep:lem="mrs."
                     ecep:pos="n1"
                     ecep:reg="Mrs."
                     ecep:spe="Mrs."
                     ecep:syllab="2"
                     ecep:pron="mɪsɪz">Mrs.</w>
                  <c> </c>
                  <w xmlns:ecep="http://www.eighteenthcenturypoetry.org/ns"
                     xml:id="pba35-187550"
                     n="a-0430"
                     ecep:lem="CÆsar"
                     ecep:pos="np1"
                     ecep:reg="CÆsar"
                     ecep:spe="CÆsar"
                     ecep:syllab="2"
                     ecep:pron="kˈæsɑː">CÆsar</w>
                  <c> </c>
                  <w xmlns:ecep="http://www.eighteenthcenturypoetry.org/ns"
                     xml:id="pba35-187560"
                     n="a-0440"
                     ecep:lem="be"
                     ecep:pos="vbds"
                     ecep:reg="was"
                     ecep:spe="was"
                     ecep:syllab="1"
                     ecep:pron="wɒz">was</w>
                  <c> </c>
                  <w xmlns:ecep="http://www.eighteenthcenturypoetry.org/ns"
                     xml:id="pba35-187570"
                     n="a-0450"
                     ecep:lem="invite"
                     ecep:pos="vvn"
                     ecep:reg="invited"
                     ecep:spe="invited"
                     ecep:syllab="3"
                     ecep:pron="ɪnˈvaɪtɪd">invited</w>
                  <c> </c>
                  <w xmlns:ecep="http://www.eighteenthcenturypoetry.org/ns"
                     xml:id="pba35-187580"
                     n="a-0460"
                     ecep:lem="by"
                     ecep:pos="p-acp"
                     ecep:reg="by"
                     ecep:spe="by"
                     ecep:syllab="1"
                     ecep:pron="baɪ">by</w>
                  <c> </c>
                  <w xmlns:ecep="http://www.eighteenthcenturypoetry.org/ns"
                     xml:id="pba35-187590"
                     n="a-0470"
                     ecep:lem="the"
                     ecep:pos="dt"
                     ecep:reg="the"
                     ecep:spe="the"
                     ecep:syllab="1"
                     ecep:pron="ðiː">the</w>
                  <c> </c>
                  <w xmlns:ecep="http://www.eighteenthcenturypoetry.org/ns"
                     xml:id="pba35-187600"
                     n="a-0480"
                     ecep:lem="speaker"
                     ecep:pos="n1"
                     ecep:reg="Speaker"
                     ecep:spe="Speaker"
                     ecep:syllab="2"
                     ecep:pron="ˈspiːkə">Speaker</w>
                  <pc xmlns:ecep="http://www.eighteenthcenturypoetry.org/ns"
                      xml:id="pba35-187610"
                      n="a-0490"
                      ecep:lem=","
                      ecep:pos=","
                      ecep:reg=","
                      ecep:spe=",">,</pc>
                  <c> </c>
                  <w xmlns:ecep="http://www.eighteenthcenturypoetry.org/ns"
                     xml:id="pba35-187620"
                     n="a-0500"
                     ecep:lem="which"
                     ecep:pos="r-crq"
                     ecep:reg="which"
                     ecep:spe="which"
                     ecep:syllab="1"
                     ecep:pron="wɪtʃ">which</w>
                  <c> </c>
                  <w xmlns:ecep="http://www.eighteenthcenturypoetry.org/ns"
                     xml:id="pba35-187630"
                     n="a-0510"
                     ecep:lem="occasion"
                     ecep:pos="vvd"
                     ecep:reg="occasioned"
                     ecep:spe="occasion'd"
                     ecep:syllab="3"
                     ecep:pron="əˈkeɪʒnd">occasion'd</w>
                  <c> </c>
                  <w xmlns:ecep="http://www.eighteenthcenturypoetry.org/ns"
                     xml:id="pba35-187640"
                     n="a-0520"
                     ecep:lem="the"
                     ecep:pos="dt"
                     ecep:reg="the"
                     ecep:spe="the"
                     ecep:syllab="1"
                     ecep:pron="ðiː">the</w>
                  <c> </c>
                  <w xmlns:ecep="http://www.eighteenthcenturypoetry.org/ns"
                     xml:id="pba35-187650"
                     n="a-0530"
                     ecep:lem="follow"
                     ecep:pos="j-vvg"
                     ecep:reg="following"
                     ecep:spe="following"
                     ecep:syllab="3"
                     ecep:pron="ˈfɒləʊɪŋ">following</w>
                  <c> </c>
                  <w xmlns:ecep="http://www.eighteenthcenturypoetry.org/ns"
                     xml:id="pba35-187660"
                     n="a-0540"
                     ecep:lem="line"
                     ecep:pos="n2"
                     ecep:reg="Lines"
                     ecep:spe="Lines"
                     ecep:syllab="1"
                     ecep:pron="laɪnz">Lines</w>
                  <pc xmlns:ecep="http://www.eighteenthcenturypoetry.org/ns"
                      xml:id="pba35-187670"
                      n="a-0550"
                      unit="sentence"
                      ecep:lem="."
                      ecep:pos="."
                      ecep:reg="."
                      ecep:spe=".">.</pc>
               </note>
            </head>
            <lg xml:id="pba35-s01220">
               <l n="1" xml:id="pba35-l09610">
                  <hi rendition="#sc">
                     <w xmlns:ecep="http://www.eighteenthcenturypoetry.org/ns"
                        xml:id="pba35-187700"
                        n="a-0560"
                        ecep:lem="when"
                        ecep:pos="c-crq"
                        ecep:reg="When"
                        ecep:spe="When"
                        ecep:syllab="1"
                        ecep:pron="wen">When</w>
                  </hi>
                  <c> </c>
                  <w xmlns:ecep="http://www.eighteenthcenturypoetry.org/ns"
                     xml:id="pba35-187710"
                     n="a-0570"
                     ecep:lem="late"
                     ecep:pos="av-j"
                     ecep:reg="lately"
                     ecep:spe="lately"
                     ecep:syllab="2"
                     ecep:pron="leɪtli">lately</w>
                  <c> </c>
                  <w xmlns:ecep="http://www.eighteenthcenturypoetry.org/ns"
                     xml:id="pba35-187720"
                     n="a-0580"
                     ecep:lem="you"
                     ecep:pos="pn22"
                     ecep:reg="you"
                     ecep:spe="you"
                     ecep:syllab="1"
                     ecep:pron="juː">you</w>
                  <c> </c>
                  <w xmlns:ecep="http://www.eighteenthcenturypoetry.org/ns"
                     xml:id="pba35-187730"
                     n="a-0590"
                     ecep:lem="acquit"
                     ecep:pos="vvd"
                     ecep:reg="acquitted"
                     ecep:spe="acquitted"
                     ecep:syllab="3"
                     ecep:pron="əˈkwɪtɪd">acquitted</w>
                  <c> </c>
                  <w xmlns:ecep="http://www.eighteenthcenturypoetry.org/ns"
                     xml:id="pba35-187740"
                     n="a-0600"
                     ecep:lem="i"
                     ecep:pos="pno11"
                     ecep:reg="me"
                     ecep:spe="me"
                     ecep:syllab="1"
                     ecep:pron="miː">me</w>
                  <pc xmlns:ecep="http://www.eighteenthcenturypoetry.org/ns"
                      xml:id="pba35-187750"
                      n="a-0610"
                      ecep:lem=","
                      ecep:pos=","
                      ecep:reg=","
                      ecep:spe=",">,</pc>
               </l>
               <l n="2" rendition="#h_3" xml:id="pba35-l09615">
                  <c> </c>
                  <w xmlns:ecep="http://www.eighteenthcenturypoetry.org/ns"
                     xml:id="pba35-187760"
                     n="a-0620"
                     ecep:lem="with"
                     ecep:pos="p-acp"
                     ecep:reg="With"
                     ecep:spe="With"
                     ecep:syllab="1"
                     ecep:pron="wɪð">With</w>
                  <c> </c>
                  <hi rendition="#sc">
                     <w xmlns:ecep="http://www.eighteenthcenturypoetry.org/ns"
                        xml:id="pba35-187770"
                        n="a-0630"
                        ecep:lem="Carteret"
                        ecep:pos="np1"
                        ecep:reg="Carteret"
                        ecep:spe="Carteret"
                        ecep:syllab="3"
                        ecep:pron="kˈɑːtərət">Carteret</w>
                  </hi>
                  <c> </c>
                  <w xmlns:ecep="http://www.eighteenthcenturypoetry.org/ns"
                     xml:id="pba35-187780"
                     n="a-0640"
                     ecep:lem="i"
                     ecep:pos="pns11"
                     ecep:reg="I"
                     ecep:spe="I"
                     ecep:syllab="1"
                     ecep:pron="aɪ">I</w>
                  <c> </c>
                  <w xmlns:ecep="http://www.eighteenthcenturypoetry.org/ns"
                     xml:id="pba35-187790"
                     n="a-0650"
                     ecep:lem="dine"
                     ecep:pos="vvd"
                     ecep:reg="dined"
                     ecep:spe="din'd"
                     ecep:syllab="1"
                     ecep:pron="daɪnd">din'd</w>
                  <pc xmlns:ecep="http://www.eighteenthcenturypoetry.org/ns"
                      xml:id="pba35-187800"
                      n="a-0660"
                      ecep:lem=";"
                      ecep:pos=";"
                      ecep:reg=";"
                      ecep:spe=";">;</pc>
               </l>
               <l n="3" xml:id="pba35-l09620">
                  <c> </c>
                  <w xmlns:ecep="http://www.eighteenthcenturypoetry.org/ns"
                     xml:id="pba35-187810"
                     n="a-0670"
                     ecep:lem="and"
                     ecep:pos="cc"
                     ecep:reg="And"
                     ecep:spe="And"
                     ecep:syllab="1"
                     ecep:pron="ænd">And</w>
                  <pc xmlns:ecep="http://www.eighteenthcenturypoetry.org/ns"
                      xml:id="pba35-187820"
                      n="a-0680"
                      ecep:lem=","
                      ecep:pos=","
                      ecep:reg=","
                      ecep:spe=",">,</pc>
                  <c> </c>
                  <w xmlns:ecep="http://www.eighteenthcenturypoetry.org/ns"
                     xml:id="pba35-187830"
                     n="a-0690"
                     ecep:lem="in"
                     ecep:pos="p-acp"
                     ecep:reg="in"
                     ecep:spe="in"
                     ecep:syllab="1"
                     ecep:pron="ɪn">in</w>
                  <c> </c>
                  <w xmlns:ecep="http://www.eighteenthcenturypoetry.org/ns"
                     xml:id="pba35-187840"
                     n="a-0700"
                     ecep:lem="return"
                     ecep:pos="n1"
                     ecep:reg="Return"
                     ecep:spe="Return"
                     ecep:syllab="2"
                     ecep:pron="rɪˈtɜːn">Return</w>
                  <pc xmlns:ecep="http://www.eighteenthcenturypoetry.org/ns"
                      xml:id="pba35-187850"
                      n="a-0710"
                      ecep:lem=","
                      ecep:pos=","
                      ecep:reg=","
                      ecep:spe=",">,</pc>
                  <c> </c>
                  <pc xmlns:ecep="http://www.eighteenthcenturypoetry.org/ns"
                      xml:id="pba35-187860"
                      n="a-0720"
                      ecep:lem="("
                      ecep:pos="("
                      ecep:reg="("
                      ecep:spe="(">(</pc>
                  <w xmlns:ecep="http://www.eighteenthcenturypoetry.org/ns"
                     xml:id="pba35-187870"
                     n="a-0730"
                     ecep:lem="though"
                     ecep:pos="c-acp"
                     ecep:reg="though"
                     ecep:spe="tho'"
                     ecep:syllab="1"
                     ecep:pron="ðəʊ">tho'</w>
                  <c> </c>
                  <w xmlns:ecep="http://www.eighteenthcenturypoetry.org/ns"
                     xml:id="pba35-187880"
                     n="a-0740"
                     ecep:lem="grievous"
                     ecep:pos="j"
                     ecep:reg="grievous"
                     ecep:spe="grievous"
                     ecep:syllab="2"
                     ecep:pron="ˈgriːvəs">grievous</w>
                  <pc xmlns:ecep="http://www.eighteenthcenturypoetry.org/ns"
                      xml:id="pba35-187890"
                      n="a-0750"
                      ecep:lem=")"
                      ecep:pos=")"
                      ecep:reg=")"
                      ecep:spe=")">)</pc>
                  <c> </c>
                  <w xmlns:ecep="http://www.eighteenthcenturypoetry.org/ns"
                     xml:id="pba35-187900"
                     n="a-0760"
                     ecep:lem="thou"
                     ecep:pos="pno21"
                     ecep:reg="thee"
                     ecep:spe="thee"
                     ecep:syllab="1"
                     ecep:pron="ðiː">thee</w>
               </l>
               <l n="4" rendition="#h_3" xml:id="pba35-l09625">
                  <c> </c>
                  <hi rendition="#sc">
                     <w xmlns:ecep="http://www.eighteenthcenturypoetry.org/ns"
                        xml:id="pba35-187910"
                        n="a-0770"
                        ecep:lem="to"
                        ecep:pos="p-acp"
                        ecep:reg="To"
                        ecep:spe="To"
                        ecep:syllab="1"
                        ecep:pron="tuː">To</w>
                     <c> </c>
                     <w xmlns:ecep="http://www.eighteenthcenturypoetry.org/ns"
                        xml:id="pba35-187920"
                        n="a-0780"
                        ecep:lem="Onslow"
                        ecep:pos="np1"
                        ecep:reg="Onslow"
                        ecep:spe="Onslow"
                        ecep:syllab="2"
                        ecep:pron="ˈɒnsləʊ">Onslow</w>
                  </hi>
                  <c> </c>
                  <w xmlns:ecep="http://www.eighteenthcenturypoetry.org/ns"
                     xml:id="pba35-187930"
                     n="a-0790"
                     ecep:lem="i"
                     ecep:pos="pns11"
                     ecep:reg="I"
                     ecep:spe="I"
                     ecep:syllab="1"
                     ecep:pron="aɪ">I</w>
                  <c> </c>
                  <w xmlns:ecep="http://www.eighteenthcenturypoetry.org/ns"
                     xml:id="pba35-187940"
                     n="a-0800"
                     ecep:lem="resign"
                     ecep:pos="vvd"
                     ecep:reg="resigned"
                     ecep:spe="resign'd"
                     ecep:syllab="2"
                     ecep:pron="rɪˈzaɪnd">resign'd</w>
                  <pc xmlns:ecep="http://www.eighteenthcenturypoetry.org/ns"
                      xml:id="pba35-187950"
                      n="a-0810"
                      unit="sentence"
                      ecep:lem="."
                      ecep:pos="."
                      ecep:reg="."
                      ecep:spe=".">.</pc>
                  <c> </c>
               </l>
            </lg>
            <lg xml:id="pba35-s01225">
               <l n="5" xml:id="pba35-l09630">
                  <w xmlns:ecep="http://www.eighteenthcenturypoetry.org/ns"
                     xml:id="pba35-187980"
                     n="a-0820"
                     ecep:lem="it|be"
                     ecep:pos="pn31|vbz"
                     ecep:reg="It's"
                     ecep:spe="'Tis"
                     ecep:syllab="1"
                     ecep:pron="tɪz">'Tis</w>
                  <c> </c>
                  <w xmlns:ecep="http://www.eighteenthcenturypoetry.org/ns"
                     xml:id="pba35-187990"
                     n="a-0830"
                     ecep:lem="wise"
                     ecep:pos="j"
                     ecep:reg="wise"
                     ecep:spe="wise"
                     ecep:syllab="1"
                     ecep:pron="waɪz">wise</w>
                  <c> </c>
                  <w xmlns:ecep="http://www.eighteenthcenturypoetry.org/ns"
                     xml:id="pba35-188000"
                     n="a-0840"
                     ecep:lem="the"
                     ecep:pos="dt"
                     ecep:reg="the"
                     ecep:spe="the"
                     ecep:syllab="1"
                     ecep:pron="ðiː">the</w>
                  <c> </c>
                  <w xmlns:ecep="http://www.eighteenthcenturypoetry.org/ns"
                     xml:id="pba35-188010"
                     n="a-0850"
                     ecep:lem="happy"
                     ecep:pos="j"
                     ecep:reg="happy"
                     ecep:spe="happy"
                     ecep:syllab="2"
                     ecep:pron="ˈhæpi">happy</w>
                  <c> </c>
                  <w xmlns:ecep="http://www.eighteenthcenturypoetry.org/ns"
                     xml:id="pba35-188020"
                     n="a-0860"
                     ecep:lem="hour"
                     ecep:pos="n1"
                     ecep:reg="Hour"
                     ecep:spe="Hour"
                     ecep:syllab="1"
                     ecep:pron="æə">Hour</w>
                  <c> </c>
                  <w xmlns:ecep="http://www.eighteenthcenturypoetry.org/ns"
                     xml:id="pba35-188030"
                     n="a-0870"
                     ecep:lem="to"
                     ecep:pos="pc-acp"
                     ecep:reg="to"
                     ecep:spe="to"
                     ecep:syllab="1"
                     ecep:pron="tuː">to</w>
                  <c> </c>
                  <w xmlns:ecep="http://www.eighteenthcenturypoetry.org/ns"
                     xml:id="pba35-188040"
                     n="a-0880"
                     ecep:lem="seize"
                     ecep:pos="vvi"
                     ecep:reg="seize"
                     ecep:spe="seize"
                     ecep:syllab="1"
                     ecep:pron="siːz">seize</w>
                  <pc xmlns:ecep="http://www.eighteenthcenturypoetry.org/ns"
                      xml:id="pba35-188050"
                      n="a-0890"
                      ecep:lem=";"
                      ecep:pos=";"
                      ecep:reg=";"
                      ecep:spe=";">;</pc>
               </l>
               <l n="6" rendition="#h_3" xml:id="pba35-l09635">
                  <c> </c>
                  <w xmlns:ecep="http://www.eighteenthcenturypoetry.org/ns"
                     xml:id="pba35-188060"
                     n="a-0900"
                     ecep:lem="for"
                     ecep:pos="p-acp"
                     ecep:reg="For"
                     ecep:spe="For"
                     ecep:syllab="1"
                     ecep:pron="fɔː">For</w>
                  <pc xmlns:ecep="http://www.eighteenthcenturypoetry.org/ns"
                      xml:id="pba35-188070"
                      n="a-0910"
                      ecep:lem=","
                      ecep:pos=","
                      ecep:reg=","
                      ecep:spe=",">,</pc>
                  <c> </c>
                  <w xmlns:ecep="http://www.eighteenthcenturypoetry.org/ns"
                     xml:id="pba35-188080"
                     n="a-0920"
                     ecep:lem="search"
                     ecep:pos="vvb"
                     ecep:reg="search"
                     ecep:spe="search"
                     ecep:syllab="1"
                     ecep:pron="sɜːtʃ">search</w>
                  <c> </c>
                  <w xmlns:ecep="http://www.eighteenthcenturypoetry.org/ns"
                     xml:id="pba35-188090"
                     n="a-0930"
                     ecep:lem="the"
                     ecep:pos="dt"
                     ecep:reg="the"
                     ecep:spe="the"
                     ecep:syllab="1"
                     ecep:pron="ðiː">the</w>
                  <c> </c>
                  <w xmlns:ecep="http://www.eighteenthcenturypoetry.org/ns"
                     xml:id="pba35-188100"
                     n="a-0940"
                     ecep:lem="nation"
                     ecep:pos="n1"
                     ecep:reg="Nation"
                     ecep:spe="Nation"
                     ecep:syllab="2"
                     ecep:pron="ˈneɪʃn">Nation</w>
                  <c> </c>
                  <w xmlns:ecep="http://www.eighteenthcenturypoetry.org/ns"
                     xml:id="pba35-188110"
                     n="a-0950"
                     ecep:lem="round"
                     ecep:pos="av-j"
                     ecep:reg="round"
                     ecep:spe="round"
                     ecep:syllab="1"
                     ecep:pron="raʊnd">round</w>
                  <pc xmlns:ecep="http://www.eighteenthcenturypoetry.org/ns"
                      xml:id="pba35-188120"
                      n="a-0960"
                      ecep:lem=","
                      ecep:pos=","
                      ecep:reg=","
                      ecep:spe=",">,</pc>
               </l>
               <l n="7" xml:id="pba35-l09640">
                  <c> </c>
                  <w xmlns:ecep="http://www.eighteenthcenturypoetry.org/ns"
                     xml:id="pba35-188130"
                     n="a-0970"
                     ecep:lem="such"
                     ecep:pos="d"
                     ecep:reg="Such"
                     ecep:spe="Such"
                     ecep:syllab="1"
                     ecep:pron="sʌtʃ">Such</w>
                  <c> </c>
                  <w xmlns:ecep="http://www.eighteenthcenturypoetry.org/ns"
                     xml:id="pba35-188140"
                     n="a-0980"
                     ecep:lem="peer"
                     ecep:pos="n2"
                     ecep:reg="Peers"
                     ecep:spe="Peers"
                     ecep:syllab="1"
                     ecep:pron="pɪəz">Peers</w>
                  <pc xmlns:ecep="http://www.eighteenthcenturypoetry.org/ns"
                      xml:id="pba35-188150"
                      n="a-0990"
                      ecep:lem=","
                      ecep:pos=","
                      ecep:reg=","
                      ecep:spe=",">,</pc>
                  <c> </c>
                  <w xmlns:ecep="http://www.eighteenthcenturypoetry.org/ns"
                     xml:id="pba35-188160"
                     n="a-1000"
                     ecep:lem="or"
                     ecep:pos="cc"
                     ecep:reg="or"
                     ecep:spe="or"
                     ecep:syllab="1"
                     ecep:pron="ɔː">or</w>
                  <c> </c>
                  <w xmlns:ecep="http://www.eighteenthcenturypoetry.org/ns"
                     xml:id="pba35-188170"
                     n="a-1010"
                     ecep:lem="commoner"
                     ecep:pos="n2"
                     ecep:reg="Commoners"
                     ecep:spe="Commoners"
                     ecep:syllab="3"
                     ecep:pron="ˈkɒmənəz">Commoners</w>
                  <pc xmlns:ecep="http://www.eighteenthcenturypoetry.org/ns"
                      xml:id="pba35-188180"
                      n="a-1020"
                      ecep:lem=","
                      ecep:pos=","
                      ecep:reg=","
                      ecep:spe=",">,</pc>
                  <c> </c>
                  <w xmlns:ecep="http://www.eighteenthcenturypoetry.org/ns"
                     xml:id="pba35-188190"
                     n="a-1030"
                     ecep:lem="as"
                     ecep:pos="c-acp"
                     ecep:reg="as"
                     ecep:spe="as"
                     ecep:syllab="1"
                     ecep:pron="æz">as</w>
                  <c> </c>
                  <w xmlns:ecep="http://www.eighteenthcenturypoetry.org/ns"
                     xml:id="pba35-188200"
                     n="a-1040"
                     ecep:lem="these"
                     ecep:pos="d"
                     ecep:reg="these"
                     ecep:spe="these"
                     ecep:syllab="1"
                     ecep:pron="ðiːz">these</w>
                  <pc xmlns:ecep="http://www.eighteenthcenturypoetry.org/ns"
                      xml:id="pba35-188210"
                      n="a-1050"
                      ecep:lem=","
                      ecep:pos=","
                      ecep:reg=","
                      ecep:spe=",">,</pc>
               </l>
               <l n="8" rendition="#h_3" xml:id="pba35-l09645">
                  <c> </c>
                  <w xmlns:ecep="http://www.eighteenthcenturypoetry.org/ns"
                     xml:id="pba35-188220"
                     n="a-1060"
                     ecep:lem="where"
                     ecep:pos="q-crq"
                     ecep:reg="Where"
                     ecep:spe="Where"
                     ecep:syllab="1"
                     ecep:pron="weə">Where</w>
                  <c> </c>
                  <w xmlns:ecep="http://www.eighteenthcenturypoetry.org/ns"
                     xml:id="pba35-188230"
                     n="a-1070"
                     ecep:lem="be"
                     ecep:pos="vbr"
                     ecep:reg="are"
                     ecep:spe="are"
                     ecep:syllab="1"
                     ecep:pron="ɑː">are</w>
                  <c> </c>
                  <w xmlns:ecep="http://www.eighteenthcenturypoetry.org/ns"
                     xml:id="pba35-188240"
                     n="a-1080"
                     ecep:lem="they"
                     ecep:pos="pns32"
                     ecep:reg="they"
                     ecep:spe="they"
                     ecep:syllab="1"
                     ecep:pron="ðeɪ">they</w>
                  <c> </c>
                  <w xmlns:ecep="http://www.eighteenthcenturypoetry.org/ns"
                     xml:id="pba35-188250"
                     n="a-1090"
                     ecep:lem="to"
                     ecep:pos="pc-acp"
                     ecep:reg="to"
                     ecep:spe="to"
                     ecep:syllab="1"
                     ecep:pron="tuː">to</w>
                  <c> </c>
                  <w xmlns:ecep="http://www.eighteenthcenturypoetry.org/ns"
                     xml:id="pba35-188260"
                     n="a-1100"
                     ecep:lem="be"
                     ecep:pos="vbi"
                     ecep:reg="be"
                     ecep:spe="be"
                     ecep:syllab="1"
                     ecep:pron="biː">be</w>
                  <c> </c>
                  <w xmlns:ecep="http://www.eighteenthcenturypoetry.org/ns"
                     xml:id="pba35-188270"
                     n="a-1110"
                     ecep:lem="find"
                     ecep:pos="vvn"
                     ecep:reg="found"
                     ecep:spe="found"
                     ecep:syllab="1"
                     ecep:pron="faʊnd">found</w>
                  <pc xmlns:ecep="http://www.eighteenthcenturypoetry.org/ns"
                      xml:id="pba35-188280"
                      n="a-1120"
                      unit="sentence"
                      ecep:lem="?"
                      ecep:pos="?"
                      ecep:reg="?"
                      ecep:spe="?">?</pc>
                  <c> </c>
               </l>
               <pb facs="pba35/0211" n="157" rend="none"/>
            </lg>
            <lg xml:id="pba35-s01230">
               <l n="9" xml:id="pba35-l09650">
                  <w xmlns:ecep="http://www.eighteenthcenturypoetry.org/ns"
                     xml:id="pba35-188310"
                     n="a-0010"
                     ecep:lem="our"
                     ecep:pos="po12"
                     ecep:reg="Our"
                     ecep:spe="Our"
                     ecep:syllab="1"
                     ecep:pron="æə">Our</w>
                  <c> </c>
                  <w xmlns:ecep="http://www.eighteenthcenturypoetry.org/ns"
                     xml:id="pba35-188320"
                     n="a-0020"
                     ecep:lem="situation"
                     ecep:pos="ng1"
                     ecep:reg="Situation's"
                     ecep:spe="Situation's"
                     ecep:syllab="4"
                     ecep:pron="ˌsɪtʃuˈeɪʃnz">Situation's</w>
                  <c> </c>
                  <w xmlns:ecep="http://www.eighteenthcenturypoetry.org/ns"
                     xml:id="pba35-188330"
                     n="a-0030"
                     ecep:lem="change"
                     ecep:pos="n-vvn"
                     ecep:reg="changed"
                     ecep:spe="chang'd"
                     ecep:syllab="1"
                     ecep:pron="tʃeɪndʒd">chang'd</w>
                  <c> </c>
                  <w xmlns:ecep="http://www.eighteenthcenturypoetry.org/ns"
                     xml:id="pba35-188340"
                     n="a-0040"
                     ecep:lem="you"
                     ecep:pos="pn22"
                     ecep:reg="you"
                     ecep:spe="you"
                     ecep:syllab="1"
                     ecep:pron="juː">you</w>
                  <c> </c>
                  <w xmlns:ecep="http://www.eighteenthcenturypoetry.org/ns"
                     xml:id="pba35-188350"
                     n="a-0050"
                     ecep:lem="see"
                     ecep:pos="vvb"
                     ecep:reg="see"
                     ecep:spe="see"
                     ecep:syllab="1"
                     ecep:pron="siː">see</w>
                  <pc xmlns:ecep="http://www.eighteenthcenturypoetry.org/ns"
                      xml:id="pba35-188360"
                      n="a-0060"
                      ecep:lem=":"
                      ecep:pos=":"
                      ecep:reg=":"
                      ecep:spe=":">:</pc>
               </l>
               <l n="10" rendition="#h_3" xml:id="pba35-l09655">
                  <c> </c>
                  <pc xmlns:ecep="http://www.eighteenthcenturypoetry.org/ns"
                      xml:id="pba35-188370"
                      n="a-0070"
                      ecep:lem="("
                      ecep:pos="("
                      ecep:reg="("
                      ecep:spe="(">(</pc>
                  <w xmlns:ecep="http://www.eighteenthcenturypoetry.org/ns"
                     xml:id="pba35-188380"
                     n="a-0080"
                     ecep:lem="how"
                     ecep:pos="c-crq"
                     ecep:reg="How"
                     ecep:spe="How"
                     ecep:syllab="1"
                     ecep:pron="haʊ">How</w>
                  <c> </c>
                  <w xmlns:ecep="http://www.eighteenthcenturypoetry.org/ns"
                     xml:id="pba35-188390"
                     n="a-0090"
                     ecep:lem="pleasure"
                     ecep:pos="n2"
                     ecep:reg="Pleasures"
                     ecep:spe="Pleasures"
                     ecep:syllab="2"
                     ecep:pron="ˈpleʒəz">Pleasures</w>
                  <c> </c>
                  <w xmlns:ecep="http://www.eighteenthcenturypoetry.org/ns"
                     xml:id="pba35-188400"
                     n="a-0100"
                     ecep:lem="fleet"
                     ecep:pos="vvb"
                     ecep:reg="fleet"
                     ecep:spe="fleet"
                     ecep:syllab="1"
                     ecep:pron="fliːt">fleet</w>
                  <c> </c>
                  <w xmlns:ecep="http://www.eighteenthcenturypoetry.org/ns"
                     xml:id="pba35-188410"
                     n="a-0110"
                     ecep:lem="away"
                     ecep:pos="av"
                     ecep:reg="away"
                     ecep:spe="away"
                     ecep:syllab="2"
                     ecep:pron="əˈweɪ">away</w>
                  <pc xmlns:ecep="http://www.eighteenthcenturypoetry.org/ns"
                      xml:id="pba35-188420"
                      n="a-0120"
                      ecep:lem="!"
                      ecep:pos="!"
                      ecep:reg="!"
                      ecep:spe="!">!</pc>
                  <pc xmlns:ecep="http://www.eighteenthcenturypoetry.org/ns"
                      xml:id="pba35-188430"
                      n="a-0130"
                      unit="sentence"
                      ecep:lem=")"
                      ecep:pos=")"
                      ecep:reg=")"
                      ecep:spe=")">)</pc>
                  <c> </c>
               </l>
               <l n="11" xml:id="pba35-l09660">
                  <w xmlns:ecep="http://www.eighteenthcenturypoetry.org/ns"
                     xml:id="pba35-188440"
                     n="a-0140"
                     ecep:lem="but"
                     ecep:pos="p-acp"
                     ecep:reg="But"
                     ecep:spe="But"
                     ecep:syllab="1"
                     ecep:pron="bʌt">But</w>
                  <c> </c>
                  <w xmlns:ecep="http://www.eighteenthcenturypoetry.org/ns"
                     xml:id="pba35-188450"
                     n="a-0150"
                     ecep:lem="yesterday"
                     ecep:pos="av-an"
                     ecep:reg="Yesterday"
                     ecep:spe="Yesterday"
                     ecep:syllab="3"
                     ecep:pron="ˈjestədeɪ">Yesterday</w>
                  <c> </c>
                  <w xmlns:ecep="http://www.eighteenthcenturypoetry.org/ns"
                     xml:id="pba35-188460"
                     n="a-0160"
                     ecep:lem="you"
                     ecep:pos="pn22"
                     ecep:reg="you"
                     ecep:spe="you"
                     ecep:syllab="1"
                     ecep:pron="juː">you</w>
                  <c> </c>
                  <w xmlns:ecep="http://www.eighteenthcenturypoetry.org/ns"
                     xml:id="pba35-188470"
                     n="a-0170"
                     ecep:lem="envy"
                     ecep:pos="vvd"
                     ecep:reg="envied"
                     ecep:spe="envy'd"
                     ecep:syllab="2"
                     ecep:pron="ˈenvid">envy'd</w>
                  <c> </c>
                  <w xmlns:ecep="http://www.eighteenthcenturypoetry.org/ns"
                     xml:id="pba35-188480"
                     n="a-0180"
                     ecep:lem="i"
                     ecep:pos="pno11"
                     ecep:reg="me"
                     ecep:spe="me"
                     ecep:syllab="1"
                     ecep:pron="miː">me</w>
                  <pc xmlns:ecep="http://www.eighteenthcenturypoetry.org/ns"
                      xml:id="pba35-188490"
                      n="a-0190"
                      ecep:lem=";"
                      ecep:pos=";"
                      ecep:reg=";"
                      ecep:spe=";">;</pc>
               </l>
               <l n="12" rendition="#h_3" xml:id="pba35-l09665">
                  <c> </c>
                  <w xmlns:ecep="http://www.eighteenthcenturypoetry.org/ns"
                     xml:id="pba35-188500"
                     n="a-0200"
                     ecep:lem="i"
                     ecep:pos="pns11"
                     ecep:reg="I"
                     ecep:spe="I"
                     ecep:syllab="1"
                     ecep:pron="aɪ">I</w>
                  <c> </c>
                  <w xmlns:ecep="http://www.eighteenthcenturypoetry.org/ns"
                     xml:id="pba35-188510"
                     n="a-0210"
                     ecep:lem="envy"
                     ecep:pos="vvb"
                     ecep:reg="envy"
                     ecep:spe="envy"
                     ecep:syllab="2"
                     ecep:pron="ˈenvi">envy</w>
                  <c> </c>
                  <w xmlns:ecep="http://www.eighteenthcenturypoetry.org/ns"
                     xml:id="pba35-188520"
                     n="a-0220"
                     ecep:lem="you"
                     ecep:pos="pn22"
                     ecep:reg="you"
                     ecep:spe="you"
                     ecep:syllab="1"
                     ecep:pron="juː">you</w>
                  <c> </c>
                  <w xmlns:ecep="http://www.eighteenthcenturypoetry.org/ns"
                     xml:id="pba35-188530"
                     n="a-0230"
                     ecep:lem="today"
                     ecep:pos="av-an"
                     ecep:reg="Today"
                     ecep:spe="To-day"
                     ecep:syllab="2"
                     ecep:pron="təˈdeɪ">To-day</w>
                  <pc xmlns:ecep="http://www.eighteenthcenturypoetry.org/ns"
                      xml:id="pba35-188540"
                      n="a-0240"
                      unit="sentence"
                      ecep:lem="."
                      ecep:pos="."
                      ecep:reg="."
                      ecep:spe=".">.</pc>
                  <c> </c>
               </l>
            </lg>
         </div>
      </body>
   </text>
</TEI>
