<?xml version="1.0" encoding="utf-8"?>
<!DOCTYPE div
  SYSTEM "about:legacy-compat">
<div xmlns:ecep="http://www.eighteenthcenturypoetry.org/ns"
     xmlns="http://www.tei-c.org/ns/1.0"
     xmlns:tei="http://www.tei-c.org/ns/1.0"
     ana="#iamb #tetrameter #sestet #pair #hypercatalexis"
     corresp="#txt_JoneMa1707_w0031"
     decls="#semi-normalized"
     ecep:syllab="9.9.8.8.8.8"
     met="-+|-+|-+|-+|-/ -+|-+|-+|-+|-/ -+|-+|-+|-+/ -+|-+|-+|-+/ -+|-+|-+|-+/ -+|-+|-+|-+/"
     rendition="#lgvspace"
     rhyme="aabbcc"
     subtype="eceptext"
     type="poem"
     xml:id="pjo50-w0310">
   <link target="authors.xml#aut_JoneMa1707" type="author"/>
   <head type="main">
      <w xml:id="pjo50-331790"
         n="a-0670"
         ecep:lem="write"
         ecep:pos="vvn"
         ecep:reg="Written"
         ecep:spe="Written"
         ecep:syllab="2"
         ecep:pron="ˈrɪtn">Written</w>
      <c> </c>
      <w xml:id="pjo50-331800"
         n="a-0680"
         ecep:lem="in"
         ecep:pos="p-acp"
         ecep:reg="in"
         ecep:spe="in"
         ecep:syllab="1"
         ecep:pron="ɪn">in</w>
      <c> </c>
      <w xml:id="pjo50-331810"
         n="a-0690"
         ecep:lem="a"
         ecep:pos="dt"
         ecep:reg="an"
         ecep:spe="an"
         ecep:syllab="1"
         ecep:pron="æn">an</w>
      <c> </c>
      <w xml:id="pjo50-331820"
         n="a-0700"
         ecep:lem="ivory"
         ecep:pos="n1"
         ecep:reg="IVORY"
         ecep:spe="IVORY"
         ecep:syllab="3"
         ecep:pron="ˈaɪvərɪ">IVORY</w>
      <c> </c>
      <w xml:id="pjo50-331830"
         n="a-0710"
         ecep:lem="book"
         ecep:pos="n1"
         ecep:reg="BOOK"
         ecep:spe="BOOK"
         ecep:syllab="1"
         ecep:pron="bʊk">BOOK</w>
   </head>
   <head type="sub">
      <w xml:id="pjo50-331860"
         n="a-0720"
         ecep:lem="for"
         ecep:pos="p-acp"
         ecep:reg="For"
         ecep:spe="For"
         ecep:syllab="1"
         ecep:pron="fɔː">For</w>
      <c> </c>
      <w xml:id="pjo50-331870"
         n="a-0730"
         ecep:lem="the"
         ecep:pos="dt"
         ecep:reg="the"
         ecep:spe="the"
         ecep:syllab="1"
         ecep:pron="ðə">the</w>
      <c> </c>
      <w xml:id="pjo50-331880"
         n="a-0740"
         ecep:lem="honourable"
         ecep:pos="j"
         ecep:reg="Honourable"
         ecep:spe="Honourable"
         ecep:syllab="4"
         ecep:pron="ˈɒnərəbl">Honourable</w>
      <c> </c>
      <w xml:id="pjo50-331890"
         n="a-0750"
         ecep:lem="miss"
         ecep:pos="n1"
         ecep:reg="Miss"
         ecep:spe="Miss"
         ecep:syllab="1"
         ecep:pron="mɪs">Miss</w>
      <c> </c>
      <w xml:id="pjo50-331900"
         n="a-0760"
         ecep:lem="Hamilton"
         ecep:pos="np1"
         ecep:reg="HAMILTON"
         ecep:spe="HAMILTON"
         ecep:syllab="3"
         ecep:pron="ˈhæmltən">HAMILTON</w>
      <pc xml:id="pjo50-331910"
          n="a-0770"
          ecep:lem=";"
          ecep:pos=";"
          ecep:reg=";"
          ecep:spe=";">;</pc>
      <c> </c>
      <w xml:id="pjo50-331920"
         n="a-0780"
         ecep:lem="to"
         ecep:pos="pc-acp"
         ecep:reg="To"
         ecep:spe="To"
         ecep:syllab="1"
         ecep:pron="tuː">To</w>
      <c> </c>
      <w xml:id="pjo50-331930"
         n="a-0790"
         ecep:lem="be"
         ecep:pos="vbi"
         ecep:reg="be"
         ecep:spe="be"
         ecep:syllab="1"
         ecep:pron="biː">be</w>
      <c> </c>
      <w xml:id="pjo50-331940"
         n="a-0800"
         ecep:lem="send"
         ecep:pos="vvn"
         ecep:reg="sent"
         ecep:spe="sent"
         ecep:syllab="1"
         ecep:pron="sent">sent</w>
      <c> </c>
      <w xml:id="pjo50-331950"
         n="a-0810"
         ecep:lem="to"
         ecep:pos="p-acp"
         ecep:reg="to"
         ecep:spe="to"
         ecep:syllab="1"
         ecep:pron="tuː">to</w>
      <c> </c>
      <w xml:id="pjo50-331960"
         n="a-0820"
         ecep:lem="her"
         ecep:pos="po31"
         ecep:reg="her"
         ecep:spe="her"
         ecep:syllab="1"
         ecep:pron="hɜː">her</w>
      <c> </c>
      <w xml:id="pjo50-331970"
         n="a-0830"
         ecep:lem="mamma"
         ecep:pos="n1"
         ecep:reg="MAMMA"
         ecep:spe="MAMMA"
         ecep:syllab="2"
         ecep:pron="ˈmɑːmə">MAMMA</w>
      <pc xml:id="pjo50-331980"
          n="a-0840"
          unit="sentence"
          ecep:lem="."
          ecep:pos="."
          ecep:reg="."
          ecep:spe=".">.</pc>
   </head>
   <lg xml:id="pjo50-s01015">
      <l n="1" xml:id="pjo50-l09015">
         <hi rendition="#sc">
            <w xml:id="pjo50-332010"
               n="a-0850"
               ecep:lem="no"
               ecep:pos="uh-x"
               ecep:reg="No"
               ecep:spe="No"
               ecep:syllab="1"
               ecep:pron="nəʊ">No</w>
         </hi>
         <c> </c>
         <w xml:id="pjo50-332020"
            n="a-0860"
            ecep:lem="system"
            ecep:pos="n1"
            ecep:reg="system"
            ecep:spe="system"
            ecep:syllab="2"
            ecep:pron="ˈsɪstəm">system</w>
         <c> </c>
         <w xml:id="pjo50-332030"
            n="a-0870"
            ecep:lem="this"
            ecep:pos="d"
            ecep:reg="this"
            ecep:spe="this"
            ecep:syllab="1"
            ecep:pron="ðɪs">this</w>
         <c> </c>
         <w xml:id="pjo50-332040"
            n="a-0880"
            ecep:lem="of"
            ecep:pos="pp-f"
            ecep:reg="of"
            ecep:spe="of"
            ecep:syllab="1"
            ecep:pron="ɒv">of</w>
         <c> </c>
         <w xml:id="pjo50-332050"
            n="a-0890"
            ecep:lem="deep"
            ecep:pos="j-jn"
            ecep:reg="deep"
            ecep:spe="deep"
            ecep:syllab="1"
            ecep:pron="diːp">deep</w>
         <c> </c>
         <w xml:id="pjo50-332060"
            n="a-0900"
            ecep:lem="devotion"
            ecep:pos="n1"
            ecep:reg="devotion"
            ecep:spe="devotion"
            ecep:syllab="3"
            ecep:pron="dɪˈvəʊʃən">devotion</w>
         <pc xml:id="pjo50-332070"
             n="a-0910"
             ecep:lem=","
             ecep:pos=","
             ecep:reg=","
             ecep:spe=",">,</pc>
      </l>
      <l n="2" xml:id="pjo50-l09020">
         <c> </c>
         <w xml:id="pjo50-332080"
            n="a-0920"
            ecep:lem="a"
            ecep:pos="dt"
            ecep:reg="A"
            ecep:spe="A"
            ecep:syllab="1"
            ecep:pron="ə">A</w>
         <c> </c>
         <w xml:id="pjo50-332090"
            n="a-0930"
            ecep:lem="book"
            ecep:pos="n1"
            ecep:reg="Book"
            ecep:spe="Book"
            ecep:syllab="1"
            ecep:pron="bʊk">Book</w>
         <c> </c>
         <w xml:id="pjo50-332100"
            n="a-0940"
            ecep:lem="indeed"
            ecep:pos="av"
            ecep:reg="indeed"
            ecep:spe="indeed"
            ecep:syllab="2"
            ecep:pron="ɪnˈdiːd">indeed</w>
         <pc xml:id="pjo50-332110"
             n="a-0950"
             ecep:lem=","
             ecep:pos=","
             ecep:reg=","
             ecep:spe=",">,</pc>
         <c> </c>
         <w xml:id="pjo50-332120"
            n="a-0960"
            ecep:lem="without"
            ecep:pos="p-acp"
            ecep:reg="without"
            ecep:spe="without"
            ecep:syllab="2"
            ecep:pron="wɪˈðaʊt">without</w>
         <c> </c>
         <w xml:id="pjo50-332130"
            n="a-0970"
            ecep:lem="a"
            ecep:pos="dt"
            ecep:reg="a"
            ecep:spe="a"
            ecep:syllab="1"
            ecep:pron="ə">a</w>
         <c> </c>
         <w xml:id="pjo50-332140"
            n="a-0980"
            ecep:lem="notion"
            ecep:pos="n1"
            ecep:reg="notion"
            ecep:spe="notion"
            ecep:syllab="2"
            ecep:pron="ˈnəʊʃən">notion</w>
         <pc xml:id="pjo50-332150"
             n="a-0990"
             ecep:lem=":"
             ecep:pos=":"
             ecep:reg=":"
             ecep:spe=":">:</pc>
      </l>
      <l n="3" xml:id="pjo50-l09025">
         <c> </c>
         <w xml:id="pjo50-332160"
            n="a-1000"
            ecep:lem="and"
            ecep:pos="cc"
            ecep:reg="And"
            ecep:spe="And"
            ecep:syllab="1"
            ecep:pron="ænd">And</w>
         <c> </c>
         <w xml:id="pjo50-332170"
            n="a-1010"
            ecep:lem="yet"
            ecep:pos="av"
            ecep:reg="yet"
            ecep:spe="yet"
            ecep:syllab="1"
            ecep:pron="jet">yet</w>
         <c> </c>
         <w xml:id="pjo50-332180"
            n="a-1020"
            ecep:lem="in"
            ecep:pos="p-acp"
            ecep:reg="in"
            ecep:spe="in"
            ecep:syllab="1"
            ecep:pron="ɪn">in</w>
         <c> </c>
         <w xml:id="pjo50-332190"
            n="a-1030"
            ecep:lem="these"
            ecep:pos="d"
            ecep:reg="these"
            ecep:spe="these"
            ecep:syllab="1"
            ecep:pron="ðiːz">these</w>
         <c> </c>
         <w xml:id="pjo50-332200"
            n="a-1040"
            ecep:lem="fair"
            ecep:pos="j"
            ecep:reg="fair"
            ecep:spe="fair"
            ecep:syllab="1"
            ecep:pron="feə">fair</w>
         <c> </c>
         <w xml:id="pjo50-332210"
            n="a-1050"
            ecep:lem="leaf"
            ecep:pos="n2"
            ecep:reg="leaves"
            ecep:spe="leaves"
            ecep:syllab="1"
            ecep:pron="liːvz">leaves</w>
         <c> </c>
         <w xml:id="pjo50-332220"
            n="a-1060"
            ecep:lem="you|will"
            ecep:pos="pn22|vmb"
            ecep:reg="you'll"
            ecep:spe="you'll"
            ecep:syllab="1"
            ecep:pron="juːl">you'll</w>
         <c> </c>
         <w xml:id="pjo50-332230"
            n="a-1070"
            ecep:lem="find"
            ecep:pos="vvi"
            ecep:reg="find"
            ecep:spe="find"
            ecep:syllab="1"
            ecep:pron="faɪnd">find</w>
      </l>
      <l n="4" xml:id="pjo50-l09030">
         <c> </c>
         <w xml:id="pjo50-332240"
            n="a-1080"
            ecep:lem="a"
            ecep:pos="dt"
            ecep:reg="An"
            ecep:spe="An"
            ecep:syllab="1"
            ecep:pron="æn">An</w>
         <c> </c>
         <w xml:id="pjo50-332250"
            n="a-1090"
            ecep:lem="emblem"
            ecep:pos="n1"
            ecep:reg="emblem"
            ecep:spe="emblem"
            ecep:syllab="2"
            ecep:pron="ˈembləm">emblem</w>
         <c> </c>
         <w xml:id="pjo50-332260"
            n="a-1100"
            ecep:lem="of"
            ecep:pos="pp-f"
            ecep:reg="of"
            ecep:spe="of"
            ecep:syllab="1"
            ecep:pron="ɒv">of</w>
         <c> </c>
         <w xml:id="pjo50-332270"
            n="a-1110"
            ecep:lem="my"
            ecep:pos="po11"
            ecep:reg="my"
            ecep:spe="my"
            ecep:syllab="1"
            ecep:pron="maɪ">my</w>
         <c> </c>
         <w xml:id="pjo50-332280"
            n="a-1120"
            ecep:lem="tender"
            ecep:pos="j"
            ecep:reg="tender"
            ecep:spe="tender"
            ecep:syllab="2"
            ecep:pron="ˈtendə">tender</w>
         <c> </c>
         <w xml:id="pjo50-332290"
            n="a-1130"
            ecep:lem="mind"
            ecep:pos="n1"
            ecep:reg="Mind"
            ecep:spe="Mind"
            ecep:syllab="1"
            ecep:pron="maɪnd">Mind</w>
         <pc xml:id="pjo50-332300"
             n="a-1140"
             ecep:lem=";"
             ecep:pos=";"
             ecep:reg=";"
             ecep:spe=";">;</pc>
      </l>
      <l n="5" xml:id="pjo50-l09035">
         <c> </c>
         <w xml:id="pjo50-332310"
            n="a-1150"
            ecep:lem="both"
            ecep:pos="d"
            ecep:reg="Both"
            ecep:spe="Both"
            ecep:syllab="1"
            ecep:pron="bəʊθ">Both</w>
         <c> </c>
         <w xml:id="pjo50-332320"
            n="a-1160"
            ecep:lem="spotless"
            ecep:pos="j"
            ecep:reg="spotless"
            ecep:spe="spotless"
            ecep:syllab="2"
            ecep:pron="ˈspɒtlɪs">spotless</w>
         <pc xml:id="pjo50-332330"
             n="a-1170"
             ecep:lem=","
             ecep:pos=","
             ecep:reg=","
             ecep:spe=",">,</pc>
         <c> </c>
         <w xml:id="pjo50-332340"
            n="a-1180"
            ecep:lem="ready"
            ecep:pos="j"
            ecep:reg="ready"
            ecep:spe="ready"
            ecep:syllab="2"
            ecep:pron="ˈredɪ">ready</w>
         <c> </c>
         <w xml:id="pjo50-332350"
            n="a-1190"
            ecep:lem="to"
            ecep:pos="pc-acp"
            ecep:reg="to"
            ecep:spe="to"
            ecep:syllab="1"
            ecep:pron="tuː">to</w>
         <c> </c>
         <w xml:id="pjo50-332360"
            n="a-1200"
            ecep:lem="receive"
            ecep:pos="vvi"
            ecep:reg="receive"
            ecep:spe="receive"
            ecep:syllab="2"
            ecep:pron="rɪˈsiːv">receive</w>
      </l>
      <l n="6" xml:id="pjo50-l09040">
         <c> </c>
         <w xml:id="pjo50-332370"
            n="a-1210"
            ecep:lem="each"
            ecep:pos="d"
            ecep:reg="Each"
            ecep:spe="Each"
            ecep:syllab="1"
            ecep:pron="iːtʃ">Each</w>
         <c> </c>
         <w xml:id="pjo50-332380"
            n="a-1220"
            ecep:lem="kind"
            ecep:pos="j"
            ecep:reg="kind"
            ecep:spe="kind"
            ecep:syllab="1"
            ecep:pron="kaɪnd">kind</w>
         <c> </c>
         <w xml:id="pjo50-332390"
            n="a-1230"
            ecep:lem="impression"
            ecep:pos="n1"
            ecep:reg="impression"
            ecep:spe="impression"
            ecep:syllab="3"
            ecep:pron="ɪmˈpreʃən">impression</w>
         <c> </c>
         <w xml:id="pjo50-332400"
            n="a-1240"
            ecep:lem="you"
            ecep:pos="pn22"
            ecep:reg="You"
            ecep:spe="You"
            ecep:syllab="1"
            ecep:pron="juː">You</w>
         <c> </c>
         <w xml:id="pjo50-332410"
            n="a-1250"
            ecep:lem="shall"
            ecep:pos="vmb"
            ecep:reg="shall"
            ecep:spe="shall"
            ecep:syllab="1"
            ecep:pron="ʃæl">shall</w>
         <c> </c>
         <w xml:id="pjo50-332420"
            n="a-1260"
            ecep:lem="give"
            ecep:pos="vvi"
            ecep:reg="give"
            ecep:spe="give"
            ecep:syllab="1"
            ecep:pron="gɪv">give</w>
         <pc xml:id="pjo50-332430"
             n="a-1270"
             unit="sentence"
             ecep:lem="."
             ecep:pos="."
             ecep:reg="."
             ecep:spe=".">.</pc>
         <c> </c>
      </l>
   </lg>
</div>
