<?xml version="1.0" encoding="utf-8"?>
<!DOCTYPE div
  SYSTEM "about:legacy-compat">
<div xmlns:tei="http://www.tei-c.org/ns/1.0"
     xmlns="http://www.tei-c.org/ns/1.0"
     xmlns:ecep="http://www.eighteenthcenturypoetry.org/ns"
     ana="#iamb #pentameter #octet #sestet #sonnet"
     corresp="#txt_GrayTh1716_wsorw"
     ecep:syllab="10"
     met="-+|-+|-+|-+|-+/"
     rendition="#lgvspace"
     rhyme="ababcdcdefefef"
     subtype="eceptext"
     type="poem"
     xml:id="tgaen-wsorw"
     decls="#semi-normalized">
   <link target="authors.xml#aut_GrayTh1716" type="author"/>
   <head type="main">
      <w xml:id="tgaen-081790"
         n="a-0010"
         ecep:lem="sonnet"
         ecep:pos="n1"
         ecep:reg="Sonnet"
         ecep:spe="Sonnet"
         ecep:syllab="2"
         ecep:pron="ˈsɒnɪt">Sonnet</w>
      <c> </c>
      <pc xml:id="tgaen-081800"
          n="a-0020"
          ecep:lem="["
          ecep:pos="["
          ecep:reg="["
          ecep:spe="[">[</pc>
      <w xml:id="tgaen-081810"
         n="a-0030"
         ecep:lem="on"
         ecep:pos="a-acp"
         ecep:reg="on"
         ecep:spe="on"
         ecep:syllab="1"
         ecep:pron="ɒn">on</w>
      <c> </c>
      <w xml:id="tgaen-081820"
         n="a-0040"
         ecep:lem="the"
         ecep:pos="dt"
         ecep:reg="the"
         ecep:spe="the"
         ecep:syllab="1"
         ecep:pron="ðiː">the</w>
      <c> </c>
      <w xml:id="tgaen-081830"
         n="a-0050"
         ecep:lem="death"
         ecep:pos="n1"
         ecep:reg="Death"
         ecep:spe="Death"
         ecep:syllab="1"
         ecep:pron="deθ">Death</w>
      <c> </c>
      <w xml:id="tgaen-081840"
         n="a-0060"
         ecep:lem="of"
         ecep:pos="pp-f"
         ecep:reg="of"
         ecep:spe="of"
         ecep:syllab="1"
         ecep:pron="ɒv">of</w>
      <c> </c>
      <w xml:id="tgaen-081850"
         n="a-0070"
         ecep:lem="mr."
         ecep:pos="n1"
         ecep:reg="Mr"
         ecep:spe="Mr"
         ecep:syllab="2"
         ecep:pron="ˈmɪstə">Mr</w>
      <c> </c>
      <w xml:id="tgaen-081860"
         n="a-0080"
         ecep:lem="Richard"
         ecep:pos="np1"
         ecep:reg="Richard"
         ecep:spe="Richard"
         ecep:syllab="2"
         ecep:pron="ˈrɪtʃəd">Richard</w>
      <c> </c>
      <w xml:id="tgaen-081870"
         n="a-0090"
         ecep:lem="west"
         ecep:pos="n1"
         ecep:reg="West"
         ecep:spe="West"
         ecep:syllab="1"
         ecep:pron="west">West</w>
      <pc xml:id="tgaen-081880"
          n="a-0100"
          unit="sentence"
          ecep:lem="]"
          ecep:pos="]"
          ecep:reg="]"
          ecep:spe="]">]</pc>
   </head>
   <lg xml:id="tgaen-s00300">
      <l n="1" xml:id="tgaen-l04055">
         <w xml:id="tgaen-081910"
            n="a-0110"
            ecep:lem="in"
            ecep:pos="p-acp"
            ecep:reg="In"
            ecep:spe="In"
            ecep:syllab="1"
            ecep:pron="ɪn">In</w>
         <c> </c>
         <w xml:id="tgaen-081920"
            n="a-0120"
            ecep:lem="vain"
            ecep:pos="j"
            ecep:reg="vain"
            ecep:spe="vain"
            ecep:syllab="1"
            ecep:pron="veɪn">vain</w>
         <c> </c>
         <w xml:id="tgaen-081930"
            n="a-0130"
            ecep:lem="to"
            ecep:pos="p-acp"
            ecep:reg="to"
            ecep:spe="to"
            ecep:syllab="1"
            ecep:pron="tuː">to</w>
         <c> </c>
         <w xml:id="tgaen-081940"
            n="a-0140"
            ecep:lem="i"
            ecep:pos="pno11"
            ecep:reg="me"
            ecep:spe="me"
            ecep:syllab="1"
            ecep:pron="miː">me</w>
         <c> </c>
         <w xml:id="tgaen-081950"
            n="a-0150"
            ecep:lem="the"
            ecep:pos="dt"
            ecep:reg="the"
            ecep:spe="the"
            ecep:syllab="1"
            ecep:pron="ðiː">the</w>
         <c> </c>
         <w xml:id="tgaen-081960"
            n="a-0160"
            ecep:lem="smile"
            ecep:pos="j-vvg"
            ecep:reg="smiling"
            ecep:spe="smiling"
            ecep:syllab="2"
            ecep:pron="ˈsmaɪlɪŋ">smiling</w>
         <c> </c>
         <w xml:id="tgaen-081970"
            n="a-0170"
            ecep:lem="morning"
            ecep:pos="n2"
            ecep:reg="mornings"
            ecep:spe="mornings"
            ecep:syllab="2"
            ecep:pron="ˈmɔːnɪŋz">mornings</w>
         <c> </c>
         <w xml:id="tgaen-081980"
            n="a-0180"
            ecep:lem="shine"
            ecep:pos="vvb"
            ecep:reg="shine"
            ecep:spe="shine"
            ecep:syllab="1"
            ecep:pron="ʃaɪn">shine</w>
         <pc xml:id="tgaen-081990"
             n="a-0190"
             ecep:lem=","
             ecep:pos=","
             ecep:reg=","
             ecep:spe=",">,</pc>
      </l>
      <l n="2" xml:id="tgaen-l04060">
         <w xml:id="tgaen-082000"
            n="a-0200"
            ecep:lem="and"
            ecep:pos="cc"
            ecep:reg="And"
            ecep:spe="And"
            ecep:syllab="1"
            ecep:pron="ænd">And</w>
         <c> </c>
         <w xml:id="tgaen-082010"
            n="a-0210"
            ecep:lem="redden"
            ecep:pos="vvg"
            ecep:reg="reddening"
            ecep:spe="reddening"
            ecep:syllab="3"
            ecep:pron="ˈrednɪŋ">reddening</w>
         <c> </c>
         <w xml:id="tgaen-082020"
            n="a-0220"
            ecep:lem="Phoebus"
            ecep:pos="np1"
            ecep:reg="Phoebus"
            ecep:spe="Phoebus"
            ecep:syllab="2"
            ecep:pron="ˈfiːbəs">Phoebus</w>
         <c> </c>
         <w xml:id="tgaen-082030"
            n="a-0230"
            ecep:lem="lift"
            ecep:pos="vvz"
            ecep:reg="lifts"
            ecep:spe="lifts"
            ecep:syllab="1"
            ecep:pron="lɪfts">lifts</w>
         <c> </c>
         <w xml:id="tgaen-082040"
            n="a-0240"
            ecep:lem="his"
            ecep:pos="po31"
            ecep:reg="his"
            ecep:spe="his"
            ecep:syllab="1"
            ecep:pron="hɪz">his</w>
         <c> </c>
         <w xml:id="tgaen-082050"
            n="a-0250"
            ecep:lem="golden"
            ecep:pos="j"
            ecep:reg="golden"
            ecep:spe="golden"
            ecep:syllab="2"
            ecep:pron="ˈgəʊldən">golden</w>
         <c> </c>
         <w xml:id="tgaen-082060"
            n="a-0260"
            ecep:lem="fire"
            ecep:pos="n1"
            ecep:reg="fire"
            ecep:spe="fire"
            ecep:syllab="1"
            ecep:pron="ˈfaɪə">fire</w>
         <pc xml:id="tgaen-082070"
             n="a-0270"
             ecep:lem=":"
             ecep:pos=":"
             ecep:reg=":"
             ecep:spe=":">:</pc>
      </l>
      <l n="3" xml:id="tgaen-l04065">
         <w xml:id="tgaen-082080"
            n="a-0280"
            ecep:lem="the"
            ecep:pos="dt"
            ecep:reg="The"
            ecep:spe="The"
            ecep:syllab="1"
            ecep:pron="ðiː">The</w>
         <c> </c>
         <w xml:id="tgaen-082090"
            n="a-0290"
            ecep:lem="bird"
            ecep:pos="n2"
            ecep:reg="birds"
            ecep:spe="birds"
            ecep:syllab="1"
            ecep:pron="bɜːdz">birds</w>
         <c> </c>
         <w xml:id="tgaen-082100"
            n="a-0300"
            ecep:lem="in"
            ecep:pos="p-acp"
            ecep:reg="in"
            ecep:spe="in"
            ecep:syllab="1"
            ecep:pron="ɪn">in</w>
         <c> </c>
         <w xml:id="tgaen-082110"
            n="a-0310"
            ecep:lem="vain"
            ecep:pos="j"
            ecep:reg="vain"
            ecep:spe="vain"
            ecep:syllab="1"
            ecep:pron="veɪn">vain</w>
         <c> </c>
         <w xml:id="tgaen-082120"
            n="a-0320"
            ecep:lem="their"
            ecep:pos="po32"
            ecep:reg="their"
            ecep:spe="their"
            ecep:syllab="1"
            ecep:pron="ðeə">their</w>
         <c> </c>
         <w xml:id="tgaen-082130"
            n="a-0330"
            ecep:lem="amorous"
            ecep:pos="j"
            ecep:reg="amorous"
            ecep:spe="amorous"
            ecep:syllab="3"
            ecep:pron="ˈæmərəs">amorous</w>
         <c> </c>
         <w xml:id="tgaen-082140"
            n="a-0340"
            ecep:lem="descant"
            ecep:pos="vvb"
            ecep:reg="descant"
            ecep:spe="descant"
            ecep:syllab="2"
            ecep:pron="ˈdeskænt">descant</w>
         <c> </c>
         <w xml:id="tgaen-082150"
            n="a-0350"
            ecep:lem="join"
            ecep:pos="vvi"
            ecep:reg="join"
            ecep:spe="join"
            ecep:syllab="1"
            ecep:pron="dʒɔɪn">join</w>
         <pc xml:id="tgaen-082160"
             n="a-0360"
             ecep:lem=","
             ecep:pos=","
             ecep:reg=","
             ecep:spe=",">,</pc>
      </l>
      <l n="4" xml:id="tgaen-l04070">
         <w xml:id="tgaen-082170"
            n="a-0370"
            ecep:lem="or"
            ecep:pos="cc"
            ecep:reg="Or"
            ecep:spe="Or"
            ecep:syllab="1"
            ecep:pron="ɔː">Or</w>
         <c> </c>
         <w xml:id="tgaen-082180"
            n="a-0380"
            ecep:lem="cheerful"
            ecep:pos="j"
            ecep:reg="cheerful"
            ecep:spe="cheerful"
            ecep:syllab="2"
            ecep:pron="ˈtʃɪəfl">cheerful</w>
         <c> </c>
         <w xml:id="tgaen-082190"
            n="a-0390"
            ecep:lem="field"
            ecep:pos="n2"
            ecep:reg="fields"
            ecep:spe="fields"
            ecep:syllab="1"
            ecep:pron="fiːldz">fields</w>
         <c> </c>
         <w xml:id="tgaen-082200"
            n="a-0400"
            ecep:lem="resume"
            ecep:pos="vvi"
            ecep:reg="resume"
            ecep:spe="resume"
            ecep:syllab="2"
            ecep:pron="riˈzjuːm">resume</w>
         <c> </c>
         <w xml:id="tgaen-082210"
            n="a-0410"
            ecep:lem="their"
            ecep:pos="po32"
            ecep:reg="their"
            ecep:spe="their"
            ecep:syllab="1"
            ecep:pron="ðeə">their</w>
         <c> </c>
         <w xml:id="tgaen-082220"
            n="a-0420"
            ecep:lem="green"
            ecep:pos="j-jn"
            ecep:reg="green"
            ecep:spe="green"
            ecep:syllab="1"
            ecep:pron="griːn">green</w>
         <c> </c>
         <w xml:id="tgaen-082230"
            n="a-0430"
            ecep:lem="attire"
            ecep:pos="n1"
            ecep:reg="attire"
            ecep:spe="attire"
            ecep:syllab="2"
            ecep:pron="əˈtaɪə">attire</w>
         <pc xml:id="tgaen-082240"
             n="a-0440"
             ecep:lem=":"
             ecep:pos=":"
             ecep:reg=":"
             ecep:spe=":">:</pc>
      </l>
      <l n="5" xml:id="tgaen-l04075">
         <w xml:id="tgaen-082250"
            n="a-0450"
            ecep:lem="these"
            ecep:pos="d"
            ecep:reg="These"
            ecep:spe="These"
            ecep:syllab="1"
            ecep:pron="ðiːz">These</w>
         <c> </c>
         <w xml:id="tgaen-082260"
            n="a-0460"
            ecep:lem="ear"
            ecep:pos="n2"
            ecep:reg="ears"
            ecep:spe="ears"
            ecep:syllab="1"
            ecep:pron="ɪəz">ears</w>
         <pc xml:id="tgaen-082270"
             n="a-0470"
             ecep:lem=","
             ecep:pos=","
             ecep:reg=","
             ecep:spe=",">,</pc>
         <c> </c>
         <w xml:id="tgaen-082280"
            n="a-0480"
            ecep:lem="alas"
            ecep:pos="uh"
            ecep:reg="alas"
            ecep:spe="alas"
            ecep:syllab="2"
            ecep:pron="əˈlæs">alas</w>
         <pc xml:id="tgaen-082290"
             n="a-0490"
             ecep:lem="!"
             ecep:pos="!"
             ecep:reg="!"
             ecep:spe="!">!</pc>
         <c> </c>
         <w xml:id="tgaen-082300"
            n="a-0500"
            ecep:lem="for"
            ecep:pos="p-acp"
            ecep:reg="for"
            ecep:spe="for"
            ecep:syllab="1"
            ecep:pron="fɔː">for</w>
         <c> </c>
         <w xml:id="tgaen-082310"
            n="a-0510"
            ecep:lem="other"
            ecep:pos="j-jn"
            ecep:reg="other"
            ecep:spe="other"
            ecep:syllab="2"
            ecep:pron="ˈʌðə">other</w>
         <c> </c>
         <w xml:id="tgaen-082320"
            n="a-0520"
            ecep:lem="note"
            ecep:pos="n2"
            ecep:reg="notes"
            ecep:spe="notes"
            ecep:syllab="1"
            ecep:pron="nəʊts">notes</w>
         <c> </c>
         <w xml:id="tgaen-082330"
            n="a-0530"
            ecep:lem="repine"
            ecep:pos="vvb"
            ecep:reg="repine"
            ecep:spe="repine"
            ecep:syllab="2"
            ecep:pron="riˈpaɪn">repine</w>
         <pc xml:id="tgaen-082340"
             n="a-0540"
             ecep:lem=","
             ecep:pos=","
             ecep:reg=","
             ecep:spe=",">,</pc>
      </l>
      <l n="6" xml:id="tgaen-l04080">
         <w xml:id="tgaen-082350"
            n="a-0550"
            ecep:lem="a"
            ecep:pos="dt"
            ecep:reg="A"
            ecep:spe="A"
            ecep:syllab="1"
            ecep:pron="ə">A</w>
         <c> </c>
         <w xml:id="tgaen-082360"
            n="a-0560"
            ecep:lem="different"
            ecep:pos="j"
            ecep:reg="different"
            ecep:spe="different"
            ecep:syllab="2"
            ecep:pron="ˈdɪfrənt">different</w>
         <c> </c>
         <w xml:id="tgaen-082370"
            n="a-0570"
            ecep:lem="object"
            ecep:pos="n1"
            ecep:reg="object"
            ecep:spe="object"
            ecep:syllab="2"
            ecep:pron="ˈɒbdʒekt">object</w>
         <c> </c>
         <w xml:id="tgaen-082380"
            n="a-0580"
            ecep:lem="do"
            ecep:pos="vdb"
            ecep:reg="do"
            ecep:spe="do"
            ecep:syllab="1"
            ecep:pron="duː">do</w>
         <c> </c>
         <w xml:id="tgaen-082390"
            n="a-0590"
            ecep:lem="these"
            ecep:pos="d"
            ecep:reg="these"
            ecep:spe="these"
            ecep:syllab="1"
            ecep:pron="ðiːz">these</w>
         <c> </c>
         <w xml:id="tgaen-082400"
            n="a-0600"
            ecep:lem="eye"
            ecep:pos="n2"
            ecep:reg="eyes"
            ecep:spe="eyes"
            ecep:syllab="1"
            ecep:pron="aɪz">eyes</w>
         <c> </c>
         <w xml:id="tgaen-082410"
            n="a-0610"
            ecep:lem="require"
            ecep:pos="vvi"
            ecep:reg="require"
            ecep:spe="require"
            ecep:syllab="3"
            ecep:pron="riˈkwaɪə">require</w>
         <pc xml:id="tgaen-082420"
             n="a-0620"
             unit="sentence"
             ecep:lem="."
             ecep:pos="."
             ecep:reg="."
             ecep:spe=".">.</pc>
      </l>
      <l n="7" xml:id="tgaen-l04085">
         <w xml:id="tgaen-082430"
            n="a-0630"
            ecep:lem="my"
            ecep:pos="po11"
            ecep:reg="My"
            ecep:spe="My"
            ecep:syllab="1"
            ecep:pron="maɪ">My</w>
         <c> </c>
         <w xml:id="tgaen-082440"
            n="a-0640"
            ecep:lem="lonely"
            ecep:pos="j"
            ecep:reg="lonely"
            ecep:spe="lonely"
            ecep:syllab="2"
            ecep:pron="ˈləʊnli">lonely</w>
         <c> </c>
         <w xml:id="tgaen-082450"
            n="a-0650"
            ecep:lem="anguish"
            ecep:pos="n1"
            ecep:reg="anguish"
            ecep:spe="anguish"
            ecep:syllab="2"
            ecep:pron="ˈæŋgwɪʃ">anguish</w>
         <c> </c>
         <w xml:id="tgaen-082460"
            n="a-0660"
            ecep:lem="melt"
            ecep:pos="vvz"
            ecep:reg="melts"
            ecep:spe="melts"
            ecep:syllab="1"
            ecep:pron="melts">melts</w>
         <c> </c>
         <w xml:id="tgaen-082470"
            n="a-0670"
            ecep:lem="no"
            ecep:pos="dx"
            ecep:reg="no"
            ecep:spe="no"
            ecep:syllab="1"
            ecep:pron="nəʊ">no</w>
         <c> </c>
         <w xml:id="tgaen-082480"
            n="a-0680"
            ecep:lem="heart"
            ecep:pos="n1"
            ecep:reg="heart"
            ecep:spe="heart"
            ecep:syllab="1"
            ecep:pron="hɑːt">heart</w>
         <c> </c>
         <w xml:id="tgaen-082490"
            n="a-0690"
            ecep:lem="but"
            ecep:pos="p-acp"
            ecep:reg="but"
            ecep:spe="but"
            ecep:syllab="1"
            ecep:pron="bʌt">but</w>
         <c> </c>
         <w xml:id="tgaen-082500"
            n="a-0700"
            ecep:lem="i"
            ecep:pos="png11"
            ecep:reg="mine"
            ecep:spe="mine"
            ecep:syllab="1"
            ecep:pron="maɪn">mine</w>
         <pc xml:id="tgaen-082510"
             n="a-0710"
             ecep:lem=";"
             ecep:pos=";"
             ecep:reg=";"
             ecep:spe=";">;</pc>
      </l>
      <l n="8" xml:id="tgaen-l04090">
         <w xml:id="tgaen-082520"
            n="a-0720"
            ecep:lem="and"
            ecep:pos="cc"
            ecep:reg="And"
            ecep:spe="And"
            ecep:syllab="1"
            ecep:pron="ænd">And</w>
         <c> </c>
         <w xml:id="tgaen-082530"
            n="a-0730"
            ecep:lem="in"
            ecep:pos="p-acp"
            ecep:reg="in"
            ecep:spe="in"
            ecep:syllab="1"
            ecep:pron="ɪn">in</w>
         <c> </c>
         <w xml:id="tgaen-082540"
            n="a-0740"
            ecep:lem="my"
            ecep:pos="po11"
            ecep:reg="my"
            ecep:spe="my"
            ecep:syllab="1"
            ecep:pron="maɪ">my</w>
         <c> </c>
         <w xml:id="tgaen-082550"
            n="a-0750"
            ecep:lem="breast"
            ecep:pos="n1"
            ecep:reg="breast"
            ecep:spe="breast"
            ecep:syllab="1"
            ecep:pron="brest">breast</w>
         <c> </c>
         <w xml:id="tgaen-082560"
            n="a-0760"
            ecep:lem="the"
            ecep:pos="dt"
            ecep:reg="the"
            ecep:spe="the"
            ecep:syllab="1"
            ecep:pron="ðiː">the</w>
         <c> </c>
         <w xml:id="tgaen-082570"
            n="a-0770"
            ecep:lem="imperfect"
            ecep:pos="j"
            ecep:reg="imperfect"
            ecep:spe="imperfect"
            ecep:syllab="3"
            ecep:pron="ɪmˈpɜːfɪkt">imperfect</w>
         <c> </c>
         <w xml:id="tgaen-082580"
            n="a-0780"
            ecep:lem="joy"
            ecep:pos="n2"
            ecep:reg="joys"
            ecep:spe="joys"
            ecep:syllab="1"
            ecep:pron="dʒɔɪz">joys</w>
         <c> </c>
         <w xml:id="tgaen-082590"
            n="a-0790"
            ecep:lem="expire"
            ecep:pos="vvb"
            ecep:reg="expire"
            ecep:spe="expire"
            ecep:syllab="2"
            ecep:pron="ɪkˈspaɪə">expire</w>
         <pc xml:id="tgaen-082600"
             n="a-0800"
             unit="sentence"
             ecep:lem="."
             ecep:pos="."
             ecep:reg="."
             ecep:spe=".">.</pc>
      </l>
      <l n="9" xml:id="tgaen-l04095">
         <w xml:id="tgaen-082610"
            n="a-0010"
            ecep:lem="yet"
            ecep:pos="av"
            ecep:reg="Yet"
            ecep:spe="Yet"
            ecep:syllab="1"
            ecep:pron="jet">Yet</w>
         <c> </c>
         <w xml:id="tgaen-082620"
            n="a-0020"
            ecep:lem="morning"
            ecep:pos="n1"
            ecep:reg="morning"
            ecep:spe="morning"
            ecep:syllab="2"
            ecep:pron="ˈmɔːnɪŋ">morning</w>
         <c> </c>
         <w xml:id="tgaen-082630"
            n="a-0030"
            ecep:lem="smile"
            ecep:pos="vvz"
            ecep:reg="smiles"
            ecep:spe="smiles"
            ecep:syllab="1"
            ecep:pron="smaɪlz">smiles</w>
         <c> </c>
         <w xml:id="tgaen-082640"
            n="a-0040"
            ecep:lem="the"
            ecep:pos="dt"
            ecep:reg="the"
            ecep:spe="the"
            ecep:syllab="1"
            ecep:pron="ðiː">the</w>
         <c> </c>
         <w xml:id="tgaen-082650"
            n="a-0050"
            ecep:lem="busy"
            ecep:pos="j"
            ecep:reg="busy"
            ecep:spe="busy"
            ecep:syllab="2"
            ecep:pron="ˈbɪzi">busy</w>
         <c> </c>
         <w xml:id="tgaen-082660"
            n="a-0060"
            ecep:lem="race"
            ecep:pos="n1"
            ecep:reg="race"
            ecep:spe="race"
            ecep:syllab="1"
            ecep:pron="reɪs">race</w>
         <c> </c>
         <w xml:id="tgaen-082670"
            n="a-0070"
            ecep:lem="to"
            ecep:pos="pc-acp"
            ecep:reg="to"
            ecep:spe="to"
            ecep:syllab="1"
            ecep:pron="tuː">to</w>
         <c> </c>
         <w xml:id="tgaen-082680"
            n="a-0080"
            ecep:lem="cheer"
            ecep:pos="vvi"
            ecep:reg="cheer"
            ecep:spe="cheer"
            ecep:syllab="1"
            ecep:pron="tʃɪə">cheer</w>
         <pc xml:id="tgaen-082690"
             n="a-0090"
             ecep:lem=","
             ecep:pos=","
             ecep:reg=","
             ecep:spe=",">,</pc>
      </l>
      <l n="10" xml:id="tgaen-l04100">
         <w xml:id="tgaen-082700"
            n="a-0100"
            ecep:lem="and"
            ecep:pos="cc"
            ecep:reg="And"
            ecep:spe="And"
            ecep:syllab="1"
            ecep:pron="ænd">And</w>
         <c> </c>
         <w xml:id="tgaen-082710"
            n="a-0110"
            ecep:lem="new-born"
            ecep:pos="j"
            ecep:reg="newborn"
            ecep:spe="new-born"
            ecep:syllab="2"
            ecep:pron="ˈnjuːbɔːn">new-born</w>
         <c> </c>
         <w xml:id="tgaen-082720"
            n="a-0120"
            ecep:lem="pleasure"
            ecep:pos="n1"
            ecep:reg="pleasure"
            ecep:spe="pleasure"
            ecep:syllab="2"
            ecep:pron="ˈpleʒə">pleasure</w>
         <c> </c>
         <w xml:id="tgaen-082730"
            n="a-0130"
            ecep:lem="bring"
            ecep:pos="vvz"
            ecep:reg="brings"
            ecep:spe="brings"
            ecep:syllab="1"
            ecep:pron="brɪŋz">brings</w>
         <c> </c>
         <w xml:id="tgaen-082740"
            n="a-0140"
            ecep:lem="to"
            ecep:pos="p-acp"
            ecep:reg="to"
            ecep:spe="to"
            ecep:syllab="1"
            ecep:pron="tuː">to</w>
         <c> </c>
         <w xml:id="tgaen-082750"
            n="a-0150"
            ecep:lem="happy"
            ecep:pos="jc"
            ecep:reg="happier"
            ecep:spe="happier"
            ecep:syllab="2"
            ecep:pron="ˈhæpiə">happier</w>
         <c> </c>
         <w xml:id="tgaen-082760"
            n="a-0160"
            ecep:lem="man"
            ecep:pos="n2"
            ecep:reg="men"
            ecep:spe="men"
            ecep:syllab="1"
            ecep:pron="men">men</w>
         <pc xml:id="tgaen-082770"
             n="a-0170"
             ecep:lem=":"
             ecep:pos=":"
             ecep:reg=":"
             ecep:spe=":">:</pc>
      </l>
      <l n="11" xml:id="tgaen-l04105">
         <w xml:id="tgaen-082780"
            n="a-0180"
            ecep:lem="the"
            ecep:pos="dt"
            ecep:reg="The"
            ecep:spe="The"
            ecep:syllab="1"
            ecep:pron="ðiː">The</w>
         <c> </c>
         <w xml:id="tgaen-082790"
            n="a-0190"
            ecep:lem="field"
            ecep:pos="n2"
            ecep:reg="fields"
            ecep:spe="fields"
            ecep:syllab="1"
            ecep:pron="fiːldz">fields</w>
         <c> </c>
         <w xml:id="tgaen-082800"
            n="a-0200"
            ecep:lem="to"
            ecep:pos="p-acp"
            ecep:reg="to"
            ecep:spe="to"
            ecep:syllab="1"
            ecep:pron="tuː">to</w>
         <c> </c>
         <w xml:id="tgaen-082810"
            n="a-0210"
            ecep:lem="all"
            ecep:pos="d"
            ecep:reg="all"
            ecep:spe="all"
            ecep:syllab="1"
            ecep:pron="ɔːl">all</w>
         <c> </c>
         <w xml:id="tgaen-082820"
            n="a-0220"
            ecep:lem="their"
            ecep:pos="po32"
            ecep:reg="their"
            ecep:spe="their"
            ecep:syllab="1"
            ecep:pron="ðeə">their</w>
         <c> </c>
         <w xml:id="tgaen-082830"
            n="a-0230"
            ecep:lem="wonted"
            ecep:pos="j"
            ecep:reg="wonted"
            ecep:spe="wonted"
            ecep:syllab="2"
            ecep:pron="ˈwəʊntɪd">wonted</w>
         <c> </c>
         <w xml:id="tgaen-082840"
            n="a-0240"
            ecep:lem="tribute"
            ecep:pos="n1"
            ecep:reg="tribute"
            ecep:spe="tribute"
            ecep:syllab="2"
            ecep:pron="ˈtrɪbjuːt">tribute</w>
         <c> </c>
         <w xml:id="tgaen-082850"
            n="a-0250"
            ecep:lem="bear"
            ecep:pos="vvi"
            ecep:reg="bear"
            ecep:spe="bear"
            ecep:syllab="1"
            ecep:pron="beə">bear</w>
         <pc xml:id="tgaen-082860"
             n="a-0260"
             ecep:lem=";"
             ecep:pos=";"
             ecep:reg=";"
             ecep:spe=";">;</pc>
      </l>
      <l n="12" xml:id="tgaen-l04110">
         <w xml:id="tgaen-082870"
            n="a-0270"
            ecep:lem="to"
            ecep:pos="pc-acp"
            ecep:reg="To"
            ecep:spe="To"
            ecep:syllab="1"
            ecep:pron="tuː">To</w>
         <c> </c>
         <w xml:id="tgaen-082880"
            n="a-0280"
            ecep:lem="warm"
            ecep:pos="vvi"
            ecep:reg="warm"
            ecep:spe="warm"
            ecep:syllab="1"
            ecep:pron="wɔːm">warm</w>
         <c> </c>
         <w xml:id="tgaen-082890"
            n="a-0290"
            ecep:lem="their"
            ecep:pos="po32"
            ecep:reg="their"
            ecep:spe="their"
            ecep:syllab="1"
            ecep:pron="ðeə">their</w>
         <c> </c>
         <w xml:id="tgaen-082900"
            n="a-0300"
            ecep:lem="little"
            ecep:pos="j"
            ecep:reg="little"
            ecep:spe="little"
            ecep:syllab="2"
            ecep:pron="ˈlɪtl">little</w>
         <c> </c>
         <w xml:id="tgaen-082910"
            n="a-0310"
            ecep:lem="love"
            ecep:pos="vvz"
            ecep:reg="loves"
            ecep:spe="loves"
            ecep:syllab="1"
            ecep:pron="lʌvz">loves</w>
         <c> </c>
         <w xml:id="tgaen-082920"
            n="a-0320"
            ecep:lem="the"
            ecep:pos="dt"
            ecep:reg="the"
            ecep:spe="the"
            ecep:syllab="1"
            ecep:pron="ðiː">the</w>
         <c> </c>
         <w xml:id="tgaen-082930"
            n="a-0330"
            ecep:lem="bird"
            ecep:pos="n2"
            ecep:reg="birds"
            ecep:spe="birds"
            ecep:syllab="1"
            ecep:pron="bɜːdz">birds</w>
         <c> </c>
         <w xml:id="tgaen-082940"
            n="a-0340"
            ecep:lem="complain"
            ecep:pos="vvi"
            ecep:reg="complain"
            ecep:spe="complain"
            ecep:syllab="2"
            ecep:pron="kəmˈpleɪn">complain</w>
         <pc xml:id="tgaen-082950"
             n="a-0350"
             unit="sentence"
             ecep:lem="."
             ecep:pos="."
             ecep:reg="."
             ecep:spe=".">.</pc>
      </l>
      <l n="13" xml:id="tgaen-l04115">
         <w xml:id="tgaen-082960"
            n="a-0360"
            ecep:lem="i"
            ecep:pos="pns11"
            ecep:reg="I"
            ecep:spe="I"
            ecep:syllab="1"
            ecep:pron="aɪ">I</w>
         <c> </c>
         <w xml:id="tgaen-082970"
            n="a-0370"
            ecep:lem="fruitless"
            ecep:pos="j"
            ecep:reg="fruitless"
            ecep:spe="fruitless"
            ecep:syllab="2"
            ecep:pron="ˈfruːtləs">fruitless</w>
         <c> </c>
         <w xml:id="tgaen-082980"
            n="a-0380"
            ecep:lem="mourn"
            ecep:pos="vvi"
            ecep:reg="mourn"
            ecep:spe="mourn"
            ecep:syllab="1"
            ecep:pron="mɔːn">mourn</w>
         <c> </c>
         <w xml:id="tgaen-082990"
            n="a-0390"
            ecep:lem="to"
            ecep:pos="p-acp"
            ecep:reg="to"
            ecep:spe="to"
            ecep:syllab="1"
            ecep:pron="tuː">to</w>
         <c> </c>
         <w xml:id="tgaen-083000"
            n="a-0400"
            ecep:lem="he"
            ecep:pos="pno31"
            ecep:reg="him"
            ecep:spe="him"
            ecep:syllab="1"
            ecep:pron="hɪm">him</w>
         <c> </c>
         <w xml:id="tgaen-083010"
            n="a-0410"
            ecep:lem="that"
            ecep:pos="cst"
            ecep:reg="that"
            ecep:spe="that"
            ecep:syllab="1"
            ecep:pron="ðæt">that</w>
         <c> </c>
         <w xml:id="tgaen-083020"
            n="a-0420"
            ecep:lem="can"
            ecep:pos="vmbx"
            ecep:reg="cannot"
            ecep:spe="cannot"
            ecep:syllab="2"
            ecep:pron="ˈkænɒt">cannot</w>
         <c> </c>
         <w xml:id="tgaen-083030"
            n="a-0430"
            ecep:lem="hear"
            ecep:pos="vvi"
            ecep:reg="hear"
            ecep:spe="hear"
            ecep:syllab="1"
            ecep:pron="hɪə">hear</w>
         <pc xml:id="tgaen-083040"
             n="a-0440"
             ecep:lem=","
             ecep:pos=","
             ecep:reg=","
             ecep:spe=",">,</pc>
      </l>
      <l n="14" xml:id="tgaen-l04120">
         <w xml:id="tgaen-083050"
            n="a-0450"
            ecep:lem="and"
            ecep:pos="cc"
            ecep:reg="And"
            ecep:spe="And"
            ecep:syllab="1"
            ecep:pron="ænd">And</w>
         <c> </c>
         <w xml:id="tgaen-083060"
            n="a-0460"
            ecep:lem="weep"
            ecep:pos="vvi"
            ecep:reg="weep"
            ecep:spe="weep"
            ecep:syllab="1"
            ecep:pron="wiːp">weep</w>
         <c> </c>
         <w xml:id="tgaen-083070"
            n="a-0470"
            ecep:lem="the"
            ecep:pos="dt"
            ecep:reg="the"
            ecep:spe="the"
            ecep:syllab="1"
            ecep:pron="ðiː">the</w>
         <c> </c>
         <w xml:id="tgaen-083080"
            n="a-0480"
            ecep:lem="more"
            ecep:pos="dc"
            ecep:reg="more"
            ecep:spe="more"
            ecep:syllab="1"
            ecep:pron="mɔː">more</w>
         <c> </c>
         <w xml:id="tgaen-083090"
            n="a-0490"
            ecep:lem="because"
            ecep:pos="c-acp"
            ecep:reg="because"
            ecep:spe="because"
            ecep:syllab="2"
            ecep:pron="biˈkɒz">because</w>
         <c> </c>
         <w xml:id="tgaen-083100"
            n="a-0500"
            ecep:lem="i"
            ecep:pos="pns11"
            ecep:reg="I"
            ecep:spe="I"
            ecep:syllab="1"
            ecep:pron="aɪ">I</w>
         <c> </c>
         <w xml:id="tgaen-083110"
            n="a-0510"
            ecep:lem="weep"
            ecep:pos="vvb"
            ecep:reg="weep"
            ecep:spe="weep"
            ecep:syllab="1"
            ecep:pron="wiːp">weep</w>
         <c> </c>
         <w xml:id="tgaen-083120"
            n="a-0520"
            ecep:lem="in"
            ecep:pos="p-acp"
            ecep:reg="in"
            ecep:spe="in"
            ecep:syllab="1"
            ecep:pron="ɪn">in</w>
         <c> </c>
         <w xml:id="tgaen-083130"
            n="a-0530"
            ecep:lem="vain"
            ecep:pos="j"
            ecep:reg="vain"
            ecep:spe="vain"
            ecep:syllab="1"
            ecep:pron="veɪn">vain</w>
         <pc xml:id="tgaen-083140"
             n="a-0540"
             unit="sentence"
             ecep:lem="."
             ecep:pos="."
             ecep:reg="."
             ecep:spe=".">.</pc>
      </l>
   </lg>
</div>
