<?xml version="1.0" encoding="utf-8"?>
<!DOCTYPE div
  SYSTEM "about:legacy-compat">
<div xmlns:tei="http://www.tei-c.org/ns/1.0"
     xmlns="http://www.tei-c.org/ns/1.0"
     xmlns:ecep="http://www.eighteenthcenturypoetry.org/ns"
     ana="#iamb #tetrameter #trimeter #catalexis #quatrain #cross #song"
     corresp="#txt_WhisAn1714_w0002"
     ecep:syllab="7.6.7.6"
     met="-+|-+|-+|-/          -+|-+|-+/         -+|-+|-+|-/          -+|-+|-+/"
     rendition="#lgvspace"
     rhyme="abab"
     subtype="eceptext"
     type="song"
     xml:id="o5155-w0840"
     decls="#semi-normalized">
   <link target="authors.xml#aut_WhisAn1714" type="author"/>
   <link target="26708" type="DMI"/>
   <head type="main">
      <w xml:id="o5155-673040"
         n="324-a-0330"
         ecep:lem="song"
         ecep:pos="n1"
         ecep:reg="SONG"
         ecep:spe="SONG"
         ecep:syllab="1"
         ecep:pron="sɒŋ">SONG</w>
      <pc xml:id="o5155-673050"
          n="324-a-0340"
          unit="sentence"
          ecep:lem="."
          ecep:pos="."
          ecep:reg="."
          ecep:spe=".">.</pc>
   </head>
   <byline>
      <w xml:id="o5155-673080"
         n="324-a-0350"
         ecep:lem="by"
         ecep:pos="p-acp"
         ecep:reg="By"
         ecep:spe="By"
         ecep:syllab="1"
         ecep:pron="baɪ">By</w>
      <c> </c>
      <w xml:id="o5155-673090"
         n="324-a-0360"
         ecep:lem="the"
         ecep:pos="dt"
         ecep:reg="the"
         ecep:spe="the"
         ecep:syllab="1"
         ecep:pron="ðiː">the</w>
      <c> </c>
      <w xml:id="o5155-673100"
         n="324-a-0370"
         ecep:lem="same"
         ecep:pos="d"
         ecep:reg="Same"
         ecep:spe="Same"
         ecep:syllab="1"
         ecep:pron="seɪm">Same</w>
      <pc xml:id="o5155-673110"
          n="324-a-0380"
          unit="sentence"
          ecep:lem="."
          ecep:pos="."
          ecep:reg="."
          ecep:spe=".">.</pc>
   </byline>
   <lg xml:id="o5155-s04090">
      <l xml:id="o5155-l35870">
         <w xml:id="o5155-673140"
            n="324-a-0390"
            ecep:lem="while"
            ecep:pos="cs"
            ecep:reg="WHILE"
            ecep:spe="WHILE"
            ecep:syllab="1"
            ecep:pron="waɪl">WHILE</w>
         <pc xml:id="o5155-673150"
             n="324-a-0400"
             ecep:lem=","
             ecep:pos=","
             ecep:reg=","
             ecep:spe=",">,</pc>
         <c> </c>
         <w xml:id="o5155-673160"
            n="324-a-0410"
            ecep:lem="Strephon"
            ecep:pos="np1"
            ecep:reg="Strephon"
            ecep:spe="Strephon"
            ecep:syllab="2"
            ecep:pron="strˈefɒn">Strephon</w>
         <pc xml:id="o5155-673170"
             n="324-a-0420"
             ecep:lem=","
             ecep:pos=","
             ecep:reg=","
             ecep:spe=",">,</pc>
         <c> </c>
         <w xml:id="o5155-673180"
            n="324-a-0430"
            ecep:lem="thus"
            ecep:pos="av"
            ecep:reg="thus"
            ecep:spe="thus"
            ecep:syllab="1"
            ecep:pron="ðʌs">thus</w>
         <c> </c>
         <w xml:id="o5155-673190"
            n="324-a-0440"
            ecep:lem="you"
            ecep:pos="pn22"
            ecep:reg="you"
            ecep:spe="you"
            ecep:syllab="1"
            ecep:pron="juː">you</w>
         <c> </c>
         <rhyme ana="#split" type="end">
            <w xml:id="o5155-673200"
               n="324-a-0450"
               ecep:lem="tease"
               ecep:pos="vvb"
               ecep:reg="tease"
               ecep:spe="teize"
               ecep:syllab="1"
               ecep:pron="tˈiːz">teize</w>
            <c> </c>
            <w xml:id="o5155-673210"
               n="324-a-0460"
               ecep:lem="one"
               ecep:pos="pi"
               ecep:reg="one"
               ecep:spe="one"
               ecep:syllab="1"
               ecep:pron="wʌn">one</w>
         </rhyme>
         <pc xml:id="o5155-673230"
             n="324-a-0470"
             unit="sentence"
             ecep:lem=","
             ecep:pos=","
             ecep:reg=","
             ecep:spe=",">,</pc>
      </l>
      <l xml:id="o5155-l35875">
         <w xml:id="o5155-673240"
            n="324-a-0480"
            ecep:lem="to"
            ecep:pos="p-acp"
            ecep:reg="To"
            ecep:spe="To"
            ecep:syllab="1"
            ecep:pron="tuː">To</w>
         <c> </c>
         <w xml:id="o5155-673250"
            n="324-a-0490"
            ecep:lem="say"
            ecep:pos="vvi"
            ecep:reg="say"
            ecep:spe="say"
            ecep:syllab="1"
            ecep:pron="seɪ">say</w>
         <pc xml:id="o5155-673260"
             n="324-a-0500"
             ecep:lem=","
             ecep:pos=","
             ecep:reg=","
             ecep:spe=",">,</pc>
         <c> </c>
         <w xml:id="o5155-673270"
            n="324-a-0510"
            ecep:lem="what"
            ecep:pos="r-crq"
            ecep:reg="what"
            ecep:spe="what"
            ecep:syllab="1"
            ecep:pron="wɒt">what</w>
         <c> </c>
         <w xml:id="o5155-673280"
            n="324-a-0520"
            ecep:lem="win"
            ecep:pos="vvd"
            ecep:reg="won"
            ecep:spe="won"
            ecep:syllab="1"
            ecep:pron="wʌn">won</w>
         <c> </c>
         <w xml:id="o5155-673290"
            n="324-a-0530"
            ecep:lem="my"
            ecep:pos="po11"
            ecep:reg="my"
            ecep:spe="my"
            ecep:syllab="1"
            ecep:pron="maɪ">my</w>
         <c> </c>
         <w xml:id="o5155-673300"
            n="324-a-0540"
            ecep:lem="heart"
            ecep:pos="n1"
            ecep:reg="heart"
            ecep:spe="heart"
            ecep:syllab="1"
            ecep:pron="hɑːt">heart</w>
         <pc xml:id="o5155-673310"
             n="324-a-0550"
             ecep:lem=";"
             ecep:pos=";"
             ecep:reg=";"
             ecep:spe=";">;</pc>
      </l>
      <l xml:id="o5155-l35880">
         <w xml:id="o5155-673320"
            n="324-a-0560"
            ecep:lem="it"
            ecep:pos="pn31"
            ecep:reg="It"
            ecep:spe="It"
            ecep:syllab="1"
            ecep:pron="ɪt">It</w>
         <c> </c>
         <w xml:id="o5155-673330"
            n="324-a-0570"
            ecep:lem="can"
            ecep:pos="vmbx"
            ecep:reg="cannot"
            ecep:spe="cannot"
            ecep:syllab="2"
            ecep:pron="ˈkænɒt">cannot</w>
         <c> </c>
         <w xml:id="o5155-673340"
            n="324-a-0580"
            ecep:lem="sure"
            ecep:pos="av-j"
            ecep:reg="sure"
            ecep:spe="sure"
            ecep:syllab="1"
            ecep:pron="ʃɔː">sure</w>
         <c> </c>
         <w xml:id="o5155-673350"
            n="324-a-0590"
            ecep:lem="be"
            ecep:pos="vbi"
            ecep:reg="be"
            ecep:spe="be"
            ecep:syllab="1"
            ecep:pron="biː">be</w>
         <c> </c>
         <w xml:id="o5155-673360"
            n="324-a-0600"
            ecep:lem="treason"
            ecep:pos="n1"
            ecep:reg="treason"
            ecep:spe="treason"
            ecep:syllab="2"
            ecep:pron="ˈtriːzn">treason</w>
         <pc xml:id="o5155-673370"
             n="324-a-0610"
             ecep:lem=","
             ecep:pos=","
             ecep:reg=","
             ecep:spe=",">,</pc>
      </l>
      <l xml:id="o5155-l35885">
         <w xml:id="o5155-673380"
            n="324-a-0620"
            ecep:lem="if"
            ecep:pos="cs"
            ecep:reg="If"
            ecep:spe="If"
            ecep:syllab="1"
            ecep:pron="ɪf">If</w>
         <c> </c>
         <w xml:id="o5155-673390"
            n="324-a-0630"
            ecep:lem="i"
            ecep:pos="pns11"
            ecep:reg="I"
            ecep:spe="I"
            ecep:syllab="1"
            ecep:pron="aɪ">I</w>
         <c> </c>
         <w xml:id="o5155-673400"
            n="324-a-0640"
            ecep:lem="the"
            ecep:pos="dt"
            ecep:reg="the"
            ecep:spe="the"
            ecep:syllab="1"
            ecep:pron="ðiː">the</w>
         <c> </c>
         <w xml:id="o5155-673410"
            n="324-a-0650"
            ecep:lem="truth"
            ecep:pos="n1"
            ecep:reg="truth"
            ecep:spe="truth"
            ecep:syllab="1"
            ecep:pron="truːθ">truth</w>
         <c> </c>
         <w xml:id="o5155-673420"
            n="324-a-0660"
            ecep:lem="impart"
            ecep:pos="vvi"
            ecep:reg="impart"
            ecep:spe="impart"
            ecep:syllab="2"
            ecep:pron="ɪmˈpɑːt">impart</w>
         <pc xml:id="o5155-673430"
             n="324-a-0670"
             unit="sentence"
             ecep:lem="."
             ecep:pos="."
             ecep:reg="."
             ecep:spe=".">.</pc>
      </l>
   </lg>
   <lg xml:id="o5155-s04095">
      <l xml:id="o5155-l35890">
         <w xml:id="o5155-673460"
            n="324-a-0680"
            ecep:lem="it|be"
            ecep:pos="pn31|vbds"
            ecep:reg="'Twas"
            ecep:spe="'Twas"
            ecep:syllab="1"
            ecep:pron="twɒz">'Twas</w>
         <c> </c>
         <w xml:id="o5155-673470"
            n="324-a-0690"
            ecep:lem="not"
            ecep:pos="xx"
            ecep:reg="not"
            ecep:spe="not"
            ecep:syllab="1"
            ecep:pron="ˈdɪdnt">not</w>
         <c> </c>
         <w xml:id="o5155-673480"
            n="324-a-0700"
            ecep:lem="your"
            ecep:pos="po22"
            ecep:reg="your"
            ecep:spe="your"
            ecep:syllab="1"
            ecep:pron="jɔː">your</w>
         <c> </c>
         <w xml:id="o5155-673490"
            n="324-a-0710"
            ecep:lem="smile"
            ecep:pos="n1"
            ecep:reg="smile"
            ecep:spe="smile"
            ecep:syllab="1"
            ecep:pron="smaɪl">smile</w>
         <pc xml:id="o5155-673500"
             n="324-a-0720"
             ecep:lem=","
             ecep:pos=","
             ecep:reg=","
             ecep:spe=",">,</pc>
         <c> </c>
         <w xml:id="o5155-673510"
            n="324-a-0730"
            ecep:lem="though"
            ecep:pos="c-acp"
            ecep:reg="though"
            ecep:spe="tho'"
            ecep:syllab="1"
            ecep:pron="ðəʊ">tho'</w>
         <c> </c>
         <w xml:id="o5155-673520"
            n="324-a-0740"
            ecep:lem="charm"
            ecep:pos="vvg"
            ecep:reg="charming"
            ecep:spe="charming"
            ecep:syllab="2"
            ecep:pron="ˈtʃɑːmɪŋ">charming</w>
         <pc xml:id="o5155-673530"
             n="324-a-0750"
             ecep:lem=";"
             ecep:pos=";"
             ecep:reg=";"
             ecep:spe=";">;</pc>
      </l>
      <l xml:id="o5155-l35895">
         <w xml:id="o5155-673540"
            n="324-a-0760"
            ecep:lem="it|be"
            ecep:pos="pn31|vbds"
            ecep:reg="'Twas"
            ecep:spe="'Twas"
            ecep:syllab="1"
            ecep:pron="twɒz">'Twas</w>
         <c> </c>
         <w xml:id="o5155-673550"
            n="324-a-0770"
            ecep:lem="not"
            ecep:pos="xx"
            ecep:reg="not"
            ecep:spe="not"
            ecep:syllab="1"
            ecep:pron="ˈdɪdnt">not</w>
         <c> </c>
         <w xml:id="o5155-673560"
            n="324-a-0780"
            ecep:lem="your"
            ecep:pos="po22"
            ecep:reg="your"
            ecep:spe="your"
            ecep:syllab="1"
            ecep:pron="jɔː">your</w>
         <c> </c>
         <w xml:id="o5155-673570"
            n="324-a-0790"
            ecep:lem="eye"
            ecep:pos="n2"
            ecep:reg="eyes"
            ecep:spe="eyes"
            ecep:syllab="1"
            ecep:pron="aɪz">eyes</w>
         <pc xml:id="o5155-673580"
             n="324-a-0800"
             ecep:lem=","
             ecep:pos=","
             ecep:reg=","
             ecep:spe=",">,</pc>
         <c> </c>
         <w xml:id="o5155-673590"
            n="324-a-0810"
            ecep:lem="though"
            ecep:pos="c-acp"
            ecep:reg="though"
            ecep:spe="tho'"
            ecep:syllab="1"
            ecep:pron="ðəʊ">tho'</w>
         <c> </c>
         <w xml:id="o5155-673600"
            n="324-a-0820"
            ecep:lem="bright"
            ecep:pos="j"
            ecep:reg="bright"
            ecep:spe="bright"
            ecep:syllab="1"
            ecep:pron="braɪt">bright</w>
         <pc xml:id="o5155-673610"
             n="324-a-0830"
             ecep:lem=";"
             ecep:pos=";"
             ecep:reg=";"
             ecep:spe=";">;</pc>
      </l>
      <l xml:id="o5155-l35900">
         <w xml:id="o5155-673620"
            n="324-a-0840"
            ecep:lem="it|be"
            ecep:pos="pn31|vbds"
            ecep:reg="'Twas"
            ecep:spe="'Twas"
            ecep:syllab="1"
            ecep:pron="twɒz">'Twas</w>
         <c> </c>
         <w xml:id="o5155-673630"
            n="324-a-0850"
            ecep:lem="not"
            ecep:pos="xx"
            ecep:reg="not"
            ecep:spe="not"
            ecep:syllab="1"
            ecep:pron="ˈdɪdnt">not</w>
         <c> </c>
         <w xml:id="o5155-673640"
            n="324-a-0860"
            ecep:lem="your"
            ecep:pos="po22"
            ecep:reg="your"
            ecep:spe="your"
            ecep:syllab="1"
            ecep:pron="jɔː">your</w>
         <c> </c>
         <w xml:id="o5155-673650"
            n="324-a-0870"
            ecep:lem="bloom"
            ecep:pos="n1"
            ecep:reg="bloom"
            ecep:spe="bloom"
            ecep:syllab="1"
            ecep:pron="bluːm">bloom</w>
         <pc xml:id="o5155-673660"
             n="324-a-0880"
             ecep:lem=","
             ecep:pos=","
             ecep:reg=","
             ecep:spe=",">,</pc>
         <c> </c>
         <w xml:id="o5155-673670"
            n="324-a-0890"
            ecep:lem="though"
            ecep:pos="c-acp"
            ecep:reg="though"
            ecep:spe="tho'"
            ecep:syllab="1"
            ecep:pron="ðəʊ">tho'</w>
         <c> </c>
         <w xml:id="o5155-673680"
            n="324-a-0900"
            ecep:lem="warm"
            ecep:pos="vvg"
            ecep:reg="warming"
            ecep:spe="warming"
            ecep:syllab="2"
            ecep:pron="ˈwɔːmɪŋ">warming</w>
         <pc xml:id="o5155-673690"
             n="324-a-0910"
             ecep:lem=";"
             ecep:pos=";"
             ecep:reg=";"
             ecep:spe=";">;</pc>
      </l>
      <l xml:id="o5155-l35905">
         <w xml:id="o5155-673700"
            n="324-a-0920"
            ecep:lem="nor"
            ecep:pos="ccx"
            ecep:reg="Nor"
            ecep:spe="Nor"
            ecep:syllab="1"
            ecep:pron="nɔː">Nor</w>
         <c> </c>
         <w xml:id="o5155-673710"
            n="324-a-0930"
            ecep:lem="beauty"
            ecep:pos="ng1"
            ecep:reg="beauty's"
            ecep:spe="beauty's"
            ecep:syllab="3"
            ecep:pron="ˈbjuːtiz">beauty's</w>
         <c> </c>
         <w xml:id="o5155-673720"
            n="324-a-0940"
            ecep:lem="dazzle"
            ecep:pos="j-vvg"
            ecep:reg="dazzling"
            ecep:spe="daz'ling"
            ecep:syllab="2"
            ecep:pron="dˈæzlɪŋ">daz'ling</w>
         <c> </c>
         <w xml:id="o5155-673730"
            n="324-a-0950"
            ecep:lem="light"
            ecep:pos="n1"
            ecep:reg="light"
            ecep:spe="light"
            ecep:syllab="1"
            ecep:pron="laɪt">light</w>
         <pc xml:id="o5155-673740"
             n="324-a-0960"
             unit="sentence"
             ecep:lem="."
             ecep:pos="."
             ecep:reg="."
             ecep:spe=".">.</pc>
      </l>
   </lg>
   <lg xml:id="o5155-s04100">
      <l xml:id="o5155-l35910">
         <w xml:id="o5155-673770"
            n="324-a-0970"
            ecep:lem="it|be"
            ecep:pos="pn31|vbds"
            ecep:reg="'Twas"
            ecep:spe="'Twas"
            ecep:syllab="1"
            ecep:pron="twɒz">'Twas</w>
         <c> </c>
         <w xml:id="o5155-673780"
            n="324-a-0980"
            ecep:lem="not"
            ecep:pos="xx"
            ecep:reg="not"
            ecep:spe="not"
            ecep:syllab="1"
            ecep:pron="ˈdɪdnt">not</w>
         <c> </c>
         <w xml:id="o5155-673790"
            n="324-a-0990"
            ecep:lem="your"
            ecep:pos="po22"
            ecep:reg="your"
            ecep:spe="your"
            ecep:syllab="1"
            ecep:pron="jɔː">your</w>
         <c> </c>
         <w xml:id="o5155-673800"
            n="324-a-1000"
            ecep:lem="dress"
            ecep:pos="n1"
            ecep:reg="dress"
            ecep:spe="dress"
            ecep:syllab="1"
            ecep:pron="dres">dress</w>
         <pc xml:id="o5155-673810"
             n="324-a-1010"
             ecep:lem=","
             ecep:pos=","
             ecep:reg=","
             ecep:spe=",">,</pc>
         <c> </c>
         <w xml:id="o5155-673820"
            n="324-a-1020"
            ecep:lem="though"
            ecep:pos="c-acp"
            ecep:reg="though"
            ecep:spe="tho'"
            ecep:syllab="1"
            ecep:pron="ðəʊ">tho'</w>
         <c> </c>
         <w xml:id="o5155-673830"
            n="324-a-1030"
            ecep:lem="shine"
            ecep:pos="vvg"
            ecep:reg="shining"
            ecep:spe="shining"
            ecep:syllab="2"
            ecep:pron="ˈʃaɪnɪŋ">shining</w>
         <pc xml:id="o5155-673840"
             n="324-a-1040"
             ecep:lem=";"
             ecep:pos=";"
             ecep:reg=";"
             ecep:spe=";">;</pc>
      </l>
      <l xml:id="o5155-l35915">
         <w xml:id="o5155-673850"
            n="324-a-1050"
            ecep:lem="nor"
            ecep:pos="ccx"
            ecep:reg="Nor"
            ecep:spe="Nor"
            ecep:syllab="1"
            ecep:pron="nɔː">Nor</w>
         <c> </c>
         <w xml:id="o5155-673860"
            n="324-a-1060"
            ecep:lem="shape"
            ecep:pos="n1"
            ecep:reg="shape"
            ecep:spe="shape"
            ecep:syllab="1"
            ecep:pron="ʃeɪp">shape</w>
         <pc xml:id="o5155-673870"
             n="324-a-1070"
             ecep:lem=","
             ecep:pos=","
             ecep:reg=","
             ecep:spe=",">,</pc>
         <c> </c>
         <w xml:id="o5155-673880"
            n="324-a-1080"
            ecep:lem="that"
            ecep:pos="cst"
            ecep:reg="that"
            ecep:spe="that"
            ecep:syllab="1"
            ecep:pron="ðæt">that</w>
         <c> </c>
         <w xml:id="o5155-673890"
            n="324-a-1090"
            ecep:lem="make"
            ecep:pos="vvd"
            ecep:reg="made"
            ecep:spe="made"
            ecep:syllab="1"
            ecep:pron="meɪd">made</w>
         <c> </c>
         <w xml:id="o5155-673900"
            n="324-a-1100"
            ecep:lem="i"
            ecep:pos="pno11"
            ecep:reg="me"
            ecep:spe="me"
            ecep:syllab="1"
            ecep:pron="miː">me</w>
         <c> </c>
         <w xml:id="o5155-673910"
            n="324-a-1110"
            ecep:lem="sigh"
            ecep:pos="n1"
            ecep:reg="sigh"
            ecep:spe="sigh"
            ecep:syllab="1"
            ecep:pron="saɪ">sigh</w>
         <pc xml:id="o5155-673920"
             n="324-a-1120"
             ecep:lem=":"
             ecep:pos=":"
             ecep:reg=":"
             ecep:spe=":">:</pc>
      </l>
      <l xml:id="o5155-l35920">
         <w xml:id="o5155-673930"
            n="324-a-1130"
            ecep:lem="it|be"
            ecep:pos="pn31|vbds"
            ecep:reg="'Twas"
            ecep:spe="'Twas"
            ecep:syllab="1"
            ecep:pron="twɒz">'Twas</w>
         <c> </c>
         <w xml:id="o5155-673940"
            n="324-a-1140"
            ecep:lem="not"
            ecep:pos="xx"
            ecep:reg="not"
            ecep:spe="not"
            ecep:syllab="1"
            ecep:pron="ˈdɪdnt">not</w>
         <c> </c>
         <w xml:id="o5155-673950"
            n="324-a-1150"
            ecep:lem="your"
            ecep:pos="po22"
            ecep:reg="your"
            ecep:spe="your"
            ecep:syllab="1"
            ecep:pron="jɔː">your</w>
         <c> </c>
         <w xml:id="o5155-673960"
            n="324-a-1160"
            ecep:lem="tongue"
            ecep:pos="n1"
            ecep:reg="tongue"
            ecep:spe="tongue"
            ecep:syllab="1"
            ecep:pron="tʌŋ">tongue</w>
         <pc xml:id="o5155-673970"
             n="324-a-1170"
             ecep:lem=","
             ecep:pos=","
             ecep:reg=","
             ecep:spe=",">,</pc>
         <c> </c>
         <w xml:id="o5155-673980"
            n="324-a-1180"
            ecep:lem="combine"
            ecep:pos="vvg"
            ecep:reg="combining"
            ecep:spe="combining"
            ecep:syllab="3"
            ecep:pron="ˈkɒmbaɪnɪŋ">combining</w>
         <pc xml:id="o5155-673990"
             n="324-a-1190"
             ecep:lem=","
             ecep:pos=","
             ecep:reg=","
             ecep:spe=",">,</pc>
      </l>
      <l xml:id="o5155-l35925">
         <w xml:id="o5155-674000"
            n="324-a-1200"
            ecep:lem="for"
            ecep:pos="c-acp"
            ecep:reg="For"
            ecep:spe="For"
            ecep:syllab="1"
            ecep:pron="fɔː">For</w>
         <c> </c>
         <w xml:id="o5155-674010"
            n="324-a-1210"
            ecep:lem="that"
            ecep:pos="cst"
            ecep:reg="that"
            ecep:spe="that"
            ecep:syllab="1"
            ecep:pron="ðæt">that</w>
         <c> </c>
         <w xml:id="o5155-674020"
            n="324-a-1220"
            ecep:lem="i"
            ecep:pos="pns11"
            ecep:reg="I"
            ecep:spe="I"
            ecep:syllab="1"
            ecep:pron="aɪ">I</w>
         <c> </c>
         <w xml:id="o5155-674030"
            n="324-a-1230"
            ecep:lem="know"
            ecep:pos="vvd"
            ecep:reg="knew"
            ecep:spe="knew"
            ecep:syllab="1"
            ecep:pron="njuː">knew</w>
         <c> </c>
         <pc xml:id="o5155-674040"
             n="324-a-1240"
             ecep:lem="—"
             ecep:pos="—"
             ecep:reg="—"
             ecep:spe="—">—</pc>
         <c> </c>
         <w xml:id="o5155-674050"
            n="324-a-1250"
            ecep:lem="might"
            ecep:pos="n1"
            ecep:reg="might"
            ecep:spe="might"
            ecep:syllab="1"
            ecep:pron="maɪt">might</w>
         <c> </c>
         <w xml:id="o5155-674060"
            n="324-a-1260"
            ecep:lem="lie"
            ecep:pos="vvb"
            ecep:reg="lie"
            ecep:spe="lye"
            ecep:syllab="1"
            ecep:pron="laɪ">lye</w>
         <pc xml:id="o5155-674070"
             n="324-a-1270"
             unit="sentence"
             ecep:lem="."
             ecep:pos="."
             ecep:reg="."
             ecep:spe=".">.</pc>
      </l>
   </lg>
   <lg xml:id="o5155-s04105">
      <l xml:id="o5155-l35930">
         <w xml:id="o5155-674100"
            n="324-a-1280"
            ecep:lem="no"
            ecep:pos="uh-x"
            ecep:reg="No"
            ecep:spe="No"
            ecep:syllab="1"
            ecep:pron="nəʊ">No</w>
         <c> </c>
         <pc xml:id="o5155-674110"
             n="324-a-1290"
             ecep:lem="—"
             ecep:pos="—"
             ecep:reg="—"
             ecep:spe="—">—</pc>
         <c> </c>
         <w xml:id="o5155-674120"
            n="324-a-1300"
            ecep:lem="it|be"
            ecep:pos="pn31|vbds"
            ecep:reg="'twas"
            ecep:spe="'twas"
            ecep:syllab="1"
            ecep:pron="twɒz">'twas</w>
         <c> </c>
         <w xml:id="o5155-674130"
            n="324-a-1310"
            ecep:lem="your"
            ecep:pos="po22"
            ecep:reg="your"
            ecep:spe="your"
            ecep:syllab="1"
            ecep:pron="jɔː">your</w>
         <c> </c>
         <w xml:id="o5155-674140"
            n="324-a-1320"
            ecep:lem="generous"
            ecep:pos="j"
            ecep:reg="generous"
            ecep:spe="generous"
            ecep:syllab="2"
            ecep:pron="ˈdʒenrəs">generous</w>
         <c> </c>
         <w xml:id="o5155-674150"
            n="324-a-1330"
            ecep:lem="nature"
            ecep:pos="n1"
            ecep:reg="nature"
            ecep:spe="nature"
            ecep:syllab="2"
            ecep:pron="ˈneɪtʃə">nature</w>
         <pc xml:id="o5155-674160"
             n="324-a-1340"
             ecep:lem=";"
             ecep:pos=";"
             ecep:reg=";"
             ecep:spe=";">;</pc>
      </l>
      <l xml:id="o5155-l35935">
         <w xml:id="o5155-674170"
            n="324-a-1350"
            ecep:lem="bold"
            ecep:pos="j"
            ecep:reg="Bold"
            ecep:spe="Bold"
            ecep:syllab="1"
            ecep:pron="bəʊld">Bold</w>
         <pc xml:id="o5155-674180"
             n="324-a-1360"
             ecep:lem=","
             ecep:pos=","
             ecep:reg=","
             ecep:spe=",">,</pc>
         <c> </c>
         <w xml:id="o5155-674190"
            n="324-a-1370"
            ecep:lem="soft"
            ecep:pos="j"
            ecep:reg="soft"
            ecep:spe="soft"
            ecep:syllab="1"
            ecep:pron="sɒft">soft</w>
         <pc xml:id="o5155-674200"
             n="324-a-1380"
             ecep:lem=";"
             ecep:pos=";"
             ecep:reg=";"
             ecep:spe=";">;</pc>
         <c> </c>
         <w xml:id="o5155-674210"
            n="324-a-1390"
            ecep:lem="sincere"
            ecep:pos="j"
            ecep:reg="sincere"
            ecep:spe="sincere"
            ecep:syllab="2"
            ecep:pron="sɪnˈsɪə">sincere</w>
         <pc xml:id="o5155-674220"
             n="324-a-1400"
             ecep:lem=","
             ecep:pos=","
             ecep:reg=","
             ecep:spe=",">,</pc>
         <c> </c>
         <w xml:id="o5155-674230"
            n="324-a-1410"
            ecep:lem="and"
            ecep:pos="cc"
            ecep:reg="and"
            ecep:spe="and"
            ecep:syllab="1"
            ecep:pron="ænd">and</w>
         <c> </c>
         <w xml:id="o5155-674240"
            n="324-a-1420"
            ecep:lem="gay"
            ecep:pos="j"
            ecep:reg="gay"
            ecep:spe="gay"
            ecep:syllab="1"
            ecep:pron="geɪ">gay</w>
         <pc xml:id="o5155-674250"
             n="324-a-1430"
             ecep:lem=":"
             ecep:pos=":"
             ecep:reg=":"
             ecep:spe=":">:</pc>
      </l>
      <l xml:id="o5155-l35940">
         <w xml:id="o5155-674260"
            n="324-a-1440"
            ecep:lem="it"
            ecep:pos="pn31"
            ecep:reg="It"
            ecep:spe="It"
            ecep:syllab="1"
            ecep:pron="ɪt">It</w>
         <c> </c>
         <w xml:id="o5155-674270"
            n="324-a-1450"
            ecep:lem="shine"
            ecep:pos="vvd"
            ecep:reg="shone"
            ecep:spe="shone"
            ecep:syllab="1"
            ecep:pron="ʃɒn">shone</w>
         <c> </c>
         <w xml:id="o5155-674280"
            n="324-a-1460"
            ecep:lem="in"
            ecep:pos="p-acp"
            ecep:reg="in"
            ecep:spe="in"
            ecep:syllab="1"
            ecep:pron="ɪn">in</w>
         <c> </c>
         <w xml:id="o5155-674290"
            n="324-a-1470"
            ecep:lem="every"
            ecep:pos="d"
            ecep:reg="every"
            ecep:spe="every"
            ecep:syllab="2"
            ecep:pron="ˈevri">every</w>
         <c> </c>
         <w xml:id="o5155-674300"
            n="324-a-1480"
            ecep:lem="feature"
            ecep:pos="n1"
            ecep:reg="feature"
            ecep:spe="feature"
            ecep:syllab="2"
            ecep:pron="ˈfiːtʃə">feature</w>
         <pc xml:id="o5155-674310"
             n="324-a-1490"
             ecep:lem=","
             ecep:pos=","
             ecep:reg=","
             ecep:spe=",">,</pc>
      </l>
      <l xml:id="o5155-l35945">
         <w xml:id="o5155-674320"
            n="324-a-1500"
            ecep:lem="and"
            ecep:pos="cc"
            ecep:reg="And"
            ecep:spe="And"
            ecep:syllab="1"
            ecep:pron="ænd">And</w>
         <c> </c>
         <w xml:id="o5155-674330"
            n="324-a-1510"
            ecep:lem="steal"
            ecep:pos="vvd"
            ecep:reg="stole"
            ecep:spe="stole"
            ecep:syllab="1"
            ecep:pron="stəʊl">stole</w>
         <c> </c>
         <w xml:id="o5155-674340"
            n="324-a-1520"
            ecep:lem="my"
            ecep:pos="po11"
            ecep:reg="my"
            ecep:spe="my"
            ecep:syllab="1"
            ecep:pron="maɪ">my</w>
         <c> </c>
         <w xml:id="o5155-674350"
            n="324-a-1530"
            ecep:lem="heart"
            ecep:pos="n1"
            ecep:reg="heart"
            ecep:spe="heart"
            ecep:syllab="1"
            ecep:pron="hɑːt">heart</w>
         <c> </c>
         <w xml:id="o5155-674360"
            n="324-a-1540"
            ecep:lem="away"
            ecep:pos="av"
            ecep:reg="away"
            ecep:spe="away"
            ecep:syllab="2"
            ecep:pron="əˈweɪ">away</w>
         <pc xml:id="o5155-674370"
             n="324-a-1550"
             unit="sentence"
             ecep:lem="."
             ecep:pos="."
             ecep:reg="."
             ecep:spe=".">.</pc>
      </l>
   </lg>
</div>
