<?xml version="1.0" encoding="utf-8"?>
<!DOCTYPE div
  SYSTEM "about:legacy-compat">
<div xmlns:tei="http://www.tei-c.org/ns/1.0"
     xmlns="http://www.tei-c.org/ns/1.0"
     xmlns:ecep="http://www.eighteenthcenturypoetry.org/ns"
     ana="#trochee #tetrameter #catalexis #quatrain #song #receipt"
     corresp="#txt_MontLa1689_w0007"
     ecep:syllab="8.8.8.8"
     met="+-|+-|+-|+-/     +-|+-|+-|+-/     +-|+-|+-|+-/     +-|+-|+-|+-/"
     rendition="#lgvspace"
     rhyme="abab"
     subtype="eceptext"
     type="poem"
     xml:id="o5152-w0170"
     decls="#semi-diplomatic">
   <link target="authors.xml#aut_MontLa1689" type="author"/>
   <link target="22759" type="DMI"/>
   <head type="main">
      <seg rendition="#Large">
         <w xml:id="o5152-262090"
            n="116-a-0010"
            ecep:lem="a"
            ecep:pos="dt"
            ecep:reg="A"
            ecep:spe="A"
            ecep:syllab="1"
            ecep:pron="ə">A</w>
         <seg rendition="#lsn">
            <c> </c>
            <w xml:id="o5152-262100"
               n="116-a-0020"
               ecep:lem="receipt"
               ecep:pos="n1"
               ecep:reg="RECEIPT"
               ecep:spe="RECEIPT"
               ecep:syllab="2"
               ecep:pron="rɪˈsiːt">RECEIPT</w>
         </seg>
         <c> </c>
         <w xml:id="o5152-262110"
            n="116-a-0030"
            ecep:lem="to"
            ecep:pos="pc-acp"
            ecep:reg="to"
            ecep:spe="to"
            ecep:syllab="1"
            ecep:pron="tuː">to</w>
         <c> </c>
         <w xml:id="o5152-262120"
            n="116-a-0040"
            ecep:lem="cure"
            ecep:pos="vvi"
            ecep:reg="Cure"
            ecep:spe="Cure"
            ecep:syllab="1"
            ecep:pron="kjʊə">Cure</w>
         <c> </c>
         <w xml:id="o5152-262130"
            n="116-a-0050"
            ecep:lem="the"
            ecep:pos="dt"
            ecep:reg="the"
            ecep:spe="the"
            ecep:syllab="1"
            ecep:pron="ðiː">the</w>
         <seg rendition="#sc #lsn">
            <c> </c>
            <w xml:id="o5152-262140"
               n="116-a-0060"
               ecep:lem="vapour"
               ecep:pos="n2"
               ecep:reg="Vapours"
               ecep:spe="Vapours"
               ecep:syllab="2"
               ecep:pron="ˈveɪpəz">Vapours</w>
         </seg>
         <pc xml:id="o5152-262150"
             n="116-a-0070"
             unit="sentence"
             ecep:lem="."
             ecep:pos="."
             ecep:reg="."
             ecep:spe=".">.</pc>
         <c> </c>
      </seg>
   </head>
   <space rendition="#v1"/>
   <head type="sub">
      <seg rendition="#large">
         <w xml:id="o5152-262190"
            n="116-a-0080"
            ecep:lem="write"
            ecep:pos="vvn"
            ecep:reg="Written"
            ecep:spe="Written"
            ecep:syllab="2"
            ecep:pron="ˈrɪtn">Written</w>
         <c> </c>
         <w xml:id="o5152-262200"
            n="116-a-0090"
            ecep:lem="to"
            ecep:pos="p-acp"
            ecep:reg="to"
            ecep:spe="to"
            ecep:syllab="1"
            ecep:pron="tuː">to</w>
         <c> </c>
         <w xml:id="o5152-262210"
            n="116-a-0100"
            ecep:lem="lady"
            ecep:pos="n1"
            ecep:reg="Lady"
            ecep:spe="Lady"
            ecep:syllab="2"
            ecep:pron="ˈleɪdi">Lady</w>
         <seg rendition="#sc">
            <c> </c>
            <w xml:id="o5152-262220"
               n="116-a-0110"
               ecep:lem="J———n."
               ecep:pos="np1"
               ecep:reg="J———n."
               ecep:spe="J———n."
               ecep:syllab="1"
               ecep:pron="dʒˈeɪˈen">J———n.</w>
            <pc unit="sentence" xml:id="o5152-262260-eos" n="116-a-0160"/>
            <c> </c>
         </seg>
      </seg>
   </head>
   <byline rendition="#align-center">
      <w xml:id="o5152-262290"
         n="116-a-0170"
         ecep:lem="by"
         ecep:pos="p-acp"
         ecep:reg="By"
         ecep:spe="By"
         ecep:syllab="1"
         ecep:pron="baɪ">By</w>
      <rs ref="authors.xml#aut_MontLa1689" type="name">
         <c> </c>
         <w xml:id="o5152-262300"
            n="116-a-0180"
            ecep:lem="the"
            ecep:pos="dt"
            ecep:reg="the"
            ecep:spe="the"
            ecep:syllab="1"
            ecep:pron="ðiː">the</w>
         <c> </c>
         <w xml:id="o5152-262310"
            n="116-a-0190"
            ecep:lem="same"
            ecep:pos="d"
            ecep:reg="Same"
            ecep:spe="Same"
            ecep:syllab="1"
            ecep:pron="seɪm">Same</w>
      </rs>
      <pc xml:id="o5152-262320"
          n="116-a-0200"
          unit="sentence"
          ecep:lem="."
          ecep:pos="."
          ecep:reg="."
          ecep:spe=".">.</pc>
   </byline>
   <lg n="1" xml:id="o5152-s01245">
      <head>
         <w xml:id="o5152-262360"
            n="116-a-0210"
            ecep:lem="i"
            ecep:pos="pns11"
            ecep:reg="I"
            ecep:spe="I."
            ecep:syllab="1"
            ecep:pron="ˈaɪ">I.</w>
         <pc unit="sentence" xml:id="o5152-262360-eos" n="116-a-0220"/>
      </head>
      <l rendition="#decorInit #h_0" xml:id="o5152-l13475">
         <w xml:id="o5152-262380"
            n="116-a-0230"
            ecep:lem="why"
            ecep:pos="uh-crq"
            ecep:reg="WHY"
            ecep:spe="WHY"
            ecep:syllab="1"
            ecep:pron="waɪ">WHY</w>
         <c> </c>
         <w xml:id="o5152-262390"
            n="116-a-0240"
            ecep:lem="will"
            ecep:pos="vmb"
            ecep:reg="will"
            ecep:spe="will"
            ecep:syllab="1"
            ecep:pron="wɪl">will</w>
         <c> </c>
         <w xml:id="o5152-262400"
            n="116-a-0250"
            ecep:lem="Delia"
            ecep:pos="np1"
            ecep:reg="Delia"
            ecep:spe="Delia"
            ecep:syllab="2"
            ecep:pron="ˈdiːliə">Delia</w>
         <c> </c>
         <w xml:id="o5152-262410"
            n="116-a-0260"
            ecep:lem="thus"
            ecep:pos="av"
            ecep:reg="thus"
            ecep:spe="thus"
            ecep:syllab="1"
            ecep:pron="ðʌs">thus</w>
         <c> </c>
         <w xml:id="o5152-262420"
            n="116-a-0270"
            ecep:lem="retire"
            ecep:pos="vvi"
            ecep:reg="retire"
            ecep:spe="retire"
            ecep:syllab="3"
            ecep:pron="rɪˈtæə">retire</w>
         <pc xml:id="o5152-262430"
             n="116-a-0280"
             ecep:lem=","
             ecep:pos=","
             ecep:reg=","
             ecep:spe=",">,</pc>
      </l>
      <l rendition="#h_1" xml:id="o5152-l13480">
         <w xml:id="o5152-262440"
            n="116-a-0290"
            ecep:lem="and"
            ecep:pos="cc"
            ecep:reg="And"
            ecep:spe="And"
            ecep:syllab="1"
            ecep:pron="ænd">And</w>
         <c> </c>
         <w xml:id="o5152-262450"
            n="116-a-0300"
            ecep:lem="idle"
            ecep:pos="av-j"
            ecep:reg="idly"
            ecep:spe="idly"
            ecep:syllab="2"
            ecep:pron="ˈaɪdli">idly</w>
         <c> </c>
         <w xml:id="o5152-262460"
            n="116-a-0310"
            ecep:lem="languish"
            ecep:pos="vvb"
            ecep:reg="languish"
            ecep:spe="languish"
            ecep:syllab="2"
            ecep:pron="ˈlæŋgwɪʃ">languish</w>
         <c> </c>
         <w xml:id="o5152-262470"
            n="116-a-0320"
            ecep:lem="life"
            ecep:pos="n1"
            ecep:reg="life"
            ecep:spe="life"
            ecep:syllab="1"
            ecep:pron="laɪf">life</w>
         <c> </c>
         <w xml:id="o5152-262480"
            n="116-a-0330"
            ecep:lem="away"
            ecep:pos="av"
            ecep:reg="away"
            ecep:spe="away"
            ecep:syllab="2"
            ecep:pron="əˈweɪ">away</w>
         <pc xml:id="o5152-262490"
             n="116-a-0340"
             unit="sentence"
             ecep:lem="?"
             ecep:pos="?"
             ecep:reg="?"
             ecep:spe="?">?</pc>
      </l>
      <l xml:id="o5152-l13485">
         <w xml:id="o5152-262500"
            n="116-a-0350"
            ecep:lem="while"
            ecep:pos="cs"
            ecep:reg="While"
            ecep:spe="While"
            ecep:syllab="1"
            ecep:pron="ˈwaɪl">While</w>
         <c> </c>
         <w xml:id="o5152-262510"
            n="116-a-0360"
            ecep:lem="the"
            ecep:pos="dt"
            ecep:reg="the"
            ecep:spe="the"
            ecep:syllab="1"
            ecep:pron="ðiː">the</w>
         <c> </c>
         <w xml:id="o5152-262520"
            n="116-a-0370"
            ecep:lem="sigh"
            ecep:pos="j-vvg"
            ecep:reg="sighing"
            ecep:spe="sighing"
            ecep:syllab="2"
            ecep:pron="saɪɪŋ">sighing</w>
         <c> </c>
         <w xml:id="o5152-262530"
            n="116-a-0380"
            ecep:lem="crowd"
            ecep:pos="n1"
            ecep:reg="crowd"
            ecep:spe="crowd"
            ecep:syllab="1"
            ecep:pron="kraʊd">crowd</w>
         <c> </c>
         <w xml:id="o5152-262540"
            n="116-a-0390"
            ecep:lem="admire"
            ecep:pos="vvi"
            ecep:reg="admire"
            ecep:spe="admire"
            ecep:syllab="2"
            ecep:pron="ədˈmæə">admire</w>
         <pc xml:id="o5152-262550"
             n="116-a-0400"
             ecep:lem=","
             ecep:pos=","
             ecep:reg=","
             ecep:spe=",">,</pc>
      </l>
      <l rendition="#h_1" xml:id="o5152-l13490">
         <w xml:id="o5152-262560"
            n="116-a-0410"
            ecep:lem="it|be"
            ecep:pos="pn31|vbz"
            ecep:reg="It's"
            ecep:spe="'Tis"
            ecep:syllab="1"
            ecep:pron="tɪz">'Tis</w>
         <c> </c>
         <w xml:id="o5152-262570"
            n="116-a-0420"
            ecep:lem="too"
            ecep:pos="av"
            ecep:reg="too"
            ecep:spe="too"
            ecep:syllab="1"
            ecep:pron="tuː">too</w>
         <c> </c>
         <w xml:id="o5152-262580"
            n="116-a-0430"
            ecep:lem="soon"
            ecep:pos="av"
            ecep:reg="soon"
            ecep:spe="soon"
            ecep:syllab="1"
            ecep:pron="suːn">soon</w>
         <c> </c>
         <w xml:id="o5152-262590"
            n="116-a-0440"
            ecep:lem="for"
            ecep:pos="p-acp"
            ecep:reg="for"
            ecep:spe="for"
            ecep:syllab="1"
            ecep:pron="fɔː">for</w>
         <c> </c>
         <w xml:id="o5152-262600"
            n="116-a-0450"
            ecep:lem="hartshorn"
            ecep:pos="n1"
            ecep:reg="hartshorn"
            ecep:spe="hartshorn"
            ecep:syllab="2"
            ecep:pron="ˈhɑːtshɔːn">hartshorn</w>
         <c> </c>
         <w xml:id="o5152-262610"
            n="116-a-0460"
            ecep:lem="tea"
            ecep:pos="n1"
            ecep:reg="tea"
            ecep:spe="tea"
            ecep:syllab="1"
            ecep:pron="tiː">tea</w>
         <pc xml:id="o5152-262620"
             n="116-a-0470"
             unit="sentence"
             ecep:lem="."
             ecep:pos="."
             ecep:reg="."
             ecep:spe=".">.</pc>
      </l>
   </lg>
   <lg n="2" xml:id="o5152-s01250">
      <head>
         <w xml:id="o5152-262660"
            n="116-a-0480"
            ecep:lem="ii"
            ecep:pos="crd"
            ecep:reg="II"
            ecep:spe="II"
            ecep:syllab="1"
            ecep:pron="rˌəʊməntˈuː">II</w>
         <pc xml:id="o5152-262670"
             n="116-a-0490"
             unit="sentence"
             ecep:lem="."
             ecep:pos="."
             ecep:reg="."
             ecep:spe=".">.</pc>
      </head>
      <l xml:id="o5152-l13495">
         <w xml:id="o5152-262690"
            n="116-a-0500"
            ecep:lem="all"
            ecep:pos="av-d"
            ecep:reg="All"
            ecep:spe="All"
            ecep:syllab="1"
            ecep:pron="ɔːl">All</w>
         <c> </c>
         <w xml:id="o5152-262700"
            n="116-a-0510"
            ecep:lem="those"
            ecep:pos="d"
            ecep:reg="those"
            ecep:spe="those"
            ecep:syllab="1"
            ecep:pron="ðəʊz">those</w>
         <c> </c>
         <w xml:id="o5152-262710"
            n="116-a-0520"
            ecep:lem="dismal"
            ecep:pos="j"
            ecep:reg="dismal"
            ecep:spe="dismal"
            ecep:syllab="2"
            ecep:pron="ˈdɪzməl">dismal</w>
         <c> </c>
         <w xml:id="o5152-262720"
            n="116-a-0530"
            ecep:lem="look"
            ecep:pos="n2"
            ecep:reg="looks"
            ecep:spe="looks"
            ecep:syllab="1"
            ecep:pron="lʊks">looks</w>
         <c> </c>
         <w xml:id="o5152-262730"
            n="116-a-0540"
            ecep:lem="and"
            ecep:pos="cc"
            ecep:reg="and"
            ecep:spe="and"
            ecep:syllab="1"
            ecep:pron="ænd">and</w>
         <c> </c>
         <w xml:id="o5152-262740"
            n="116-a-0550"
            ecep:lem="fret"
            ecep:pos="vvg"
            ecep:reg="fretting"
            ecep:spe="fretting"
            ecep:syllab="2"
            ecep:pron="fretɪŋ">fretting</w>
      </l>
      <l rendition="#h_1" xml:id="o5152-l13500">
         <w xml:id="o5152-262750"
            n="116-a-0560"
            ecep:lem="can"
            ecep:pos="vmbx"
            ecep:reg="Cannot"
            ecep:spe="Cannot"
            ecep:syllab="2"
            ecep:pron="ˈkænɒt">Cannot</w>
         <c> </c>
         <w xml:id="o5152-262760"
            n="116-a-0570"
            ecep:lem="damon"
            ecep:pos="npg1"
            ecep:reg="Damon's"
            ecep:spe="Damon's"
            ecep:syllab="2"
            ecep:pron="ˈdeɪmənz">Damon's</w>
         <c> </c>
         <w xml:id="o5152-262770"
            n="116-a-0580"
            ecep:lem="life"
            ecep:pos="n1"
            ecep:reg="life"
            ecep:spe="life"
            ecep:syllab="1"
            ecep:pron="laɪf">life</w>
         <c> </c>
         <w xml:id="o5152-262780"
            n="116-a-0590"
            ecep:lem="restore"
            ecep:pos="vvi"
            ecep:reg="restore"
            ecep:spe="restore"
            ecep:syllab="2"
            ecep:pron="rɪˈstɔː">restore</w>
         <pc xml:id="o5152-262790"
             n="116-a-0600"
             ecep:lem=";"
             ecep:pos=";"
             ecep:reg=";"
             ecep:spe=";">;</pc>
      </l>
      <l xml:id="o5152-l13505">
         <w xml:id="o5152-262800"
            n="116-a-0610"
            ecep:lem="long"
            ecep:pos="av-j"
            ecep:reg="Long"
            ecep:spe="Long"
            ecep:syllab="1"
            ecep:pron="lɒŋ">Long</w>
         <c> </c>
         <w xml:id="o5152-262810"
            n="116-a-0620"
            ecep:lem="ago"
            ecep:pos="av"
            ecep:reg="ago"
            ecep:spe="ago"
            ecep:syllab="2"
            ecep:pron="əˈgəʊ">ago</w>
         <c> </c>
         <w xml:id="o5152-262820"
            n="116-a-0630"
            ecep:lem="the"
            ecep:pos="dt"
            ecep:reg="the"
            ecep:spe="the"
            ecep:syllab="1"
            ecep:pron="ðiː">the</w>
         <c> </c>
         <w xml:id="o5152-262830"
            n="116-a-0640"
            ecep:lem="worm"
            ecep:pos="n2"
            ecep:reg="worms"
            ecep:spe="worms"
            ecep:syllab="1"
            ecep:pron="wɜːmz">worms</w>
         <c> </c>
         <w xml:id="o5152-262840"
            n="116-a-0650"
            ecep:lem="have"
            ecep:pos="vhb"
            ecep:reg="have"
            ecep:spe="have"
            ecep:syllab="1"
            ecep:pron="hæv">have</w>
         <c> </c>
         <rhyme ana="#split" type="end">
            <w xml:id="o5152-262850"
               n="116-a-0660"
               ecep:lem="eat"
               ecep:pos="vvn"
               ecep:reg="eat"
               ecep:spe="eat"
               ecep:syllab="1"
               ecep:pron="iːt">eat</w>
            <c> </c>
            <w xml:id="o5152-262860"
               n="116-a-0670"
               ecep:lem="he"
               ecep:pos="pno31"
               ecep:reg="him"
               ecep:spe="him"
               ecep:syllab="1"
               ecep:pron="hɪm">him</w>
         </rhyme>
         <pc xml:id="o5152-262880"
             n="116-a-0680"
             unit="sentence"
             ecep:lem=","
             ecep:pos=","
             ecep:reg=","
             ecep:spe=",">,</pc>
      </l>
      <l rendition="#h_1" xml:id="o5152-l13510">
         <w xml:id="o5152-262890"
            n="116-a-0690"
            ecep:lem="you"
            ecep:pos="pn22"
            ecep:reg="You"
            ecep:spe="You"
            ecep:syllab="1"
            ecep:pron="juː">You</w>
         <c> </c>
         <w xml:id="o5152-262900"
            n="116-a-0700"
            ecep:lem="can"
            ecep:pos="vmb"
            ecep:reg="can"
            ecep:spe="can"
            ecep:syllab="1"
            ecep:pron="kæn">can</w>
         <c> </c>
         <w xml:id="o5152-262910"
            n="116-a-0710"
            ecep:lem="never"
            ecep:pos="av-x"
            ecep:reg="never"
            ecep:spe="never"
            ecep:syllab="2"
            ecep:pron="ˈnevə">never</w>
         <c> </c>
         <w xml:id="o5152-262920"
            n="116-a-0720"
            ecep:lem="see"
            ecep:pos="vvi"
            ecep:reg="see"
            ecep:spe="see"
            ecep:syllab="1"
            ecep:pron="siː">see</w>
         <c> </c>
         <w xml:id="o5152-262930"
            n="116-a-0730"
            ecep:lem="he"
            ecep:pos="pno31"
            ecep:reg="him"
            ecep:spe="him"
            ecep:syllab="1"
            ecep:pron="hɪm">him</w>
         <c> </c>
         <w xml:id="o5152-262940"
            n="116-a-0740"
            ecep:lem="more"
            ecep:pos="av-dc"
            ecep:reg="more"
            ecep:spe="more"
            ecep:syllab="1"
            ecep:pron="mɔː">more</w>
         <pc xml:id="o5152-262950"
             n="116-a-0750"
             unit="sentence"
             ecep:lem="."
             ecep:pos="."
             ecep:reg="."
             ecep:spe=".">.</pc>
      </l>
   </lg>
   <lg n="3" xml:id="o5152-s01255">
      <head>
         <w xml:id="o5152-262990"
            n="116-a-0760"
            ecep:lem="iii"
            ecep:pos="crd"
            ecep:reg="III"
            ecep:spe="III"
            ecep:syllab="1"
            ecep:pron="rˌəʊmənθrˈiː">III</w>
         <pc xml:id="o5152-263000"
             n="116-a-0770"
             unit="sentence"
             ecep:lem="."
             ecep:pos="."
             ecep:reg="."
             ecep:spe=".">.</pc>
      </head>
      <l xml:id="o5152-l13515">
         <w xml:id="o5152-263020"
            n="116-a-0780"
            ecep:lem="once"
            ecep:pos="a-acp"
            ecep:reg="Once"
            ecep:spe="Once"
            ecep:syllab="1"
            ecep:pron="wʌns">Once</w>
         <c> </c>
         <w xml:id="o5152-263030"
            n="116-a-0790"
            ecep:lem="again"
            ecep:pos="av"
            ecep:reg="again"
            ecep:spe="again"
            ecep:syllab="2"
            ecep:pron="əˈgen">again</w>
         <c> </c>
         <w xml:id="o5152-263040"
            n="116-a-0800"
            ecep:lem="consult"
            ecep:pos="vvi"
            ecep:reg="consult"
            ecep:spe="consult"
            ecep:syllab="2"
            ecep:pron="kənˈsʌlt">consult</w>
         <c> </c>
         <w xml:id="o5152-263050"
            n="116-a-0810"
            ecep:lem="your"
            ecep:pos="po22"
            ecep:reg="your"
            ecep:spe="your"
            ecep:syllab="1"
            ecep:pron="jɔː">your</w>
         <c> </c>
         <w xml:id="o5152-263060"
            n="116-a-0820"
            ecep:lem="toilette"
            ecep:pos="n1"
            ecep:reg="toilet"
            ecep:spe="toilette"
            ecep:syllab="2"
            ecep:pron="twɑːˈlet">toilette</w>
         <pc xml:id="o5152-263070"
             n="116-a-0830"
             ecep:lem=","
             ecep:pos=","
             ecep:reg=","
             ecep:spe=",">,</pc>
      </l>
      <l rendition="#h_1" xml:id="o5152-l13520">
         <w xml:id="o5152-263080"
            n="116-a-0840"
            ecep:lem="in"
            ecep:pos="p-acp"
            ecep:reg="In"
            ecep:spe="In"
            ecep:syllab="1"
            ecep:pron="ɪn">In</w>
         <c> </c>
         <w xml:id="o5152-263090"
            n="116-a-0850"
            ecep:lem="the"
            ecep:pos="dt"
            ecep:reg="the"
            ecep:spe="the"
            ecep:syllab="1"
            ecep:pron="ðiː">the</w>
         <c> </c>
         <w xml:id="o5152-263100"
            n="116-a-0860"
            ecep:lem="glass"
            ecep:pos="n1"
            ecep:reg="glass"
            ecep:spe="glass"
            ecep:syllab="1"
            ecep:pron="glɑːs">glass</w>
         <c> </c>
         <w xml:id="o5152-263110"
            n="116-a-0870"
            ecep:lem="your"
            ecep:pos="po22"
            ecep:reg="your"
            ecep:spe="your"
            ecep:syllab="1"
            ecep:pron="jɔː">your</w>
         <c> </c>
         <w xml:id="o5152-263120"
            n="116-a-0880"
            ecep:lem="face"
            ecep:pos="n1"
            ecep:reg="face"
            ecep:spe="face"
            ecep:syllab="1"
            ecep:pron="feɪs">face</w>
         <c> </c>
         <w xml:id="o5152-263130"
            n="116-a-0890"
            ecep:lem="review"
            ecep:pos="vvi"
            ecep:reg="review"
            ecep:spe="review"
            ecep:syllab="2"
            ecep:pron="rɪˈvjuː">review</w>
         <pc xml:id="o5152-263140"
             n="116-a-0900"
             ecep:lem=":"
             ecep:pos=":"
             ecep:reg=":"
             ecep:spe=":">:</pc>
      </l>
      <l xml:id="o5152-l13525">
         <w xml:id="o5152-263150"
            n="116-a-0910"
            ecep:lem="so"
            ecep:pos="av"
            ecep:reg="So"
            ecep:spe="So"
            ecep:syllab="1"
            ecep:pron="səʊ">So</w>
         <c> </c>
         <w xml:id="o5152-263160"
            n="116-a-0920"
            ecep:lem="much"
            ecep:pos="d"
            ecep:reg="much"
            ecep:spe="much"
            ecep:syllab="1"
            ecep:pron="mʌtʃ">much</w>
         <c> </c>
         <w xml:id="o5152-263170"
            n="116-a-0930"
            ecep:lem="weep"
            ecep:pos="vvg"
            ecep:reg="weeping"
            ecep:spe="weeping"
            ecep:syllab="2"
            ecep:pron="wiːpɪŋ">weeping</w>
         <c> </c>
         <w xml:id="o5152-263180"
            n="116-a-0940"
            ecep:lem="soon"
            ecep:pos="av"
            ecep:reg="soon"
            ecep:spe="soon"
            ecep:syllab="1"
            ecep:pron="suːn">soon</w>
         <c> </c>
         <w xml:id="o5152-263190"
            n="116-a-0950"
            ecep:lem="will"
            ecep:pos="vmb"
            ecep:reg="will"
            ecep:spe="will"
            ecep:syllab="1"
            ecep:pron="wɪl">will</w>
         <c> </c>
         <rhyme ana="#split" type="end">
            <w xml:id="o5152-263200"
               n="116-a-0960"
               ecep:lem="spoil"
               ecep:pos="vvi"
               ecep:reg="spoil"
               ecep:spe="spoil"
               ecep:syllab="1"
               ecep:pron="spɔɪl">spoil</w>
            <c> </c>
            <w xml:id="o5152-263210"
               n="116-a-0970"
               ecep:lem="it"
               ecep:pos="pn31"
               ecep:reg="it"
               ecep:spe="it"
               ecep:syllab="1"
               ecep:pron="ɪt">it</w>
         </rhyme>
         <pc xml:id="o5152-263230"
             n="116-a-0980"
             unit="sentence"
             ecep:lem=","
             ecep:pos=","
             ecep:reg=","
             ecep:spe=",">,</pc>
      </l>
      <l rendition="#h_1" xml:id="o5152-l13530">
         <w xml:id="o5152-263240"
            n="116-a-0990"
            ecep:lem="and"
            ecep:pos="cc"
            ecep:reg="And"
            ecep:spe="And"
            ecep:syllab="1"
            ecep:pron="ænd">And</w>
         <c> </c>
         <w xml:id="o5152-263250"
            n="116-a-1000"
            ecep:lem="no"
            ecep:pos="dx"
            ecep:reg="no"
            ecep:spe="no"
            ecep:syllab="1"
            ecep:pron="nəʊ">no</w>
         <c> </c>
         <w xml:id="o5152-263260"
            n="116-a-1010"
            ecep:lem="spring"
            ecep:pos="n1"
            ecep:reg="spring"
            ecep:spe="spring"
            ecep:syllab="1"
            ecep:pron="sprɪŋ">spring</w>
         <c> </c>
         <w xml:id="o5152-263270"
            n="116-a-1020"
            ecep:lem="your"
            ecep:pos="po22"
            ecep:reg="your"
            ecep:spe="your"
            ecep:syllab="1"
            ecep:pron="jɔː">your</w>
         <c> </c>
         <w xml:id="o5152-263280"
            n="116-a-1030"
            ecep:lem="charm"
            ecep:pos="n2"
            ecep:reg="charms"
            ecep:spe="charms"
            ecep:syllab="1"
            ecep:pron="tʃɑːmz">charms</w>
         <c> </c>
         <w xml:id="o5152-263290"
            n="116-a-1040"
            ecep:lem="renew"
            ecep:pos="vvi"
            ecep:reg="renew"
            ecep:spe="renew"
            ecep:syllab="2"
            ecep:pron="rɪˈnjuː">renew</w>
         <pc xml:id="o5152-263300"
             n="116-a-1050"
             unit="sentence"
             ecep:lem="."
             ecep:pos="."
             ecep:reg="."
             ecep:spe=".">.</pc>
      </l>
   </lg>
   <pb facs="o5152/0118_R" n="115" rend="none"/>
   <lg n="4" xml:id="o5152-s01260">
      <head>
         <w xml:id="o5152-263340"
            n="117-a-0010"
            ecep:lem="iv"
            ecep:pos="crd"
            ecep:reg="IV"
            ecep:spe="IV"
            ecep:syllab="1"
            ecep:pron="rˌəʊmənfˈɔː">IV</w>
         <pc xml:id="o5152-263350"
             n="117-a-0020"
             unit="sentence"
             ecep:lem="."
             ecep:pos="."
             ecep:reg="."
             ecep:spe=".">.</pc>
      </head>
      <l xml:id="o5152-l13535">
         <w xml:id="o5152-263370"
            n="117-a-0030"
            ecep:lem="i"
            ecep:pos="pns11"
            ecep:reg="I"
            ecep:spe="I"
            ecep:syllab="1"
            ecep:pron="aɪ">I</w>
         <pc xml:id="o5152-263380"
             n="117-a-0040"
             ecep:lem=","
             ecep:pos=","
             ecep:reg=","
             ecep:spe=",">,</pc>
         <c> </c>
         <w xml:id="o5152-263390"
            n="117-a-0050"
            ecep:lem="like"
            ecep:pos="vvb"
            ecep:reg="like"
            ecep:spe="like"
            ecep:syllab="1"
            ecep:pron="laɪk">like</w>
         <c> </c>
         <w xml:id="o5152-263400"
            n="117-a-0060"
            ecep:lem="you"
            ecep:pos="pn22"
            ecep:reg="you"
            ecep:spe="you"
            ecep:syllab="1"
            ecep:pron="juː">you</w>
         <pc xml:id="o5152-263410"
             n="117-a-0070"
             ecep:lem=","
             ecep:pos=","
             ecep:reg=","
             ecep:spe=",">,</pc>
         <c> </c>
         <w xml:id="o5152-263420"
            n="117-a-0080"
            ecep:lem="be"
            ecep:pos="vbds"
            ecep:reg="was"
            ecep:spe="was"
            ecep:syllab="1"
            ecep:pron="wɒz">was</w>
         <c> </c>
         <w xml:id="o5152-263430"
            n="117-a-0090"
            ecep:lem="bear"
            ecep:pos="vvn"
            ecep:reg="born"
            ecep:spe="born"
            ecep:syllab="1"
            ecep:pron="bɔːn">born</w>
         <c> </c>
         <w xml:id="o5152-263440"
            n="117-a-0100"
            ecep:lem="a"
            ecep:pos="dt"
            ecep:reg="a"
            ecep:spe="a"
            ecep:syllab="1"
            ecep:pron="ə">a</w>
         <c> </c>
         <w xml:id="o5152-263450"
            n="117-a-0110"
            ecep:lem="woman"
            ecep:pos="n1"
            ecep:reg="woman"
            ecep:spe="woman"
            ecep:syllab="2"
            ecep:pron="ˈwʊmən">woman</w>
         <pc xml:id="o5152-263460"
             n="117-a-0120"
             ecep:lem=","
             ecep:pos=","
             ecep:reg=","
             ecep:spe=",">,</pc>
      </l>
      <l rendition="#h_1" xml:id="o5152-l13540">
         <w xml:id="o5152-263470"
            n="117-a-0130"
            ecep:lem="well"
            ecep:pos="av"
            ecep:reg="Well"
            ecep:spe="Well"
            ecep:syllab="1"
            ecep:pron="wel">Well</w>
         <c> </c>
         <w xml:id="o5152-263480"
            n="117-a-0140"
            ecep:lem="i"
            ecep:pos="pns11"
            ecep:reg="I"
            ecep:spe="I"
            ecep:syllab="1"
            ecep:pron="aɪ">I</w>
         <c> </c>
         <w xml:id="o5152-263490"
            n="117-a-0150"
            ecep:lem="know"
            ecep:pos="vvb"
            ecep:reg="know"
            ecep:spe="know"
            ecep:syllab="1"
            ecep:pron="nəʊ">know</w>
         <c> </c>
         <w xml:id="o5152-263500"
            n="117-a-0160"
            ecep:lem="what"
            ecep:pos="r-crq"
            ecep:reg="what"
            ecep:spe="what"
            ecep:syllab="1"
            ecep:pron="wɒt">what</w>
         <c> </c>
         <w xml:id="o5152-263510"
            n="117-a-0170"
            ecep:lem="vapour"
            ecep:pos="n2"
            ecep:reg="vapours"
            ecep:spe="vapours"
            ecep:syllab="2"
            ecep:pron="ˈveɪpəz">vapours</w>
         <c> </c>
         <w xml:id="o5152-263520"
            n="117-a-0180"
            ecep:lem="mean"
            ecep:pos="vvb"
            ecep:reg="mean"
            ecep:spe="mean"
            ecep:syllab="1"
            ecep:pron="miːn">mean</w>
         <pc xml:id="o5152-263530"
             n="117-a-0190"
             ecep:lem=":"
             ecep:pos=":"
             ecep:reg=":"
             ecep:spe=":">:</pc>
      </l>
      <l xml:id="o5152-l13545">
         <w xml:id="o5152-263540"
            n="117-a-0200"
            ecep:lem="the"
            ecep:pos="dt"
            ecep:reg="The"
            ecep:spe="The"
            ecep:syllab="1"
            ecep:pron="ðiː">The</w>
         <c> </c>
         <w xml:id="o5152-263550"
            n="117-a-0210"
            ecep:lem="disease"
            ecep:pos="n1"
            ecep:reg="disease"
            ecep:spe="disease"
            ecep:syllab="2"
            ecep:pron="dɪˈziːz">disease</w>
         <pc xml:id="o5152-263560"
             n="117-a-0220"
             ecep:lem=","
             ecep:pos=","
             ecep:reg=","
             ecep:spe=",">,</pc>
         <c> </c>
         <w xml:id="o5152-263570"
            n="117-a-0230"
            ecep:lem="alas"
            ecep:pos="uh"
            ecep:reg="alas"
            ecep:spe="alas"
            ecep:syllab="2"
            ecep:pron="əˈlæs">alas</w>
         <pc xml:id="o5152-263580"
             n="117-a-0240"
             ecep:lem="!"
             ecep:pos="!"
             ecep:reg="!"
             ecep:spe="!">!</pc>
         <c> </c>
         <w xml:id="o5152-263590"
            n="117-a-0250"
            ecep:lem="be"
            ecep:pos="vbz"
            ecep:reg="is"
            ecep:spe="is"
            ecep:syllab="1"
            ecep:pron="ɪz">is</w>
         <c> </c>
         <w xml:id="o5152-263600"
            n="117-a-0260"
            ecep:lem="common"
            ecep:pos="j"
            ecep:reg="common"
            ecep:spe="common"
            ecep:syllab="2"
            ecep:pron="ˈkɒmən">common</w>
         <pc xml:id="o5152-263610"
             n="117-a-0270"
             ecep:lem=";"
             ecep:pos=";"
             ecep:reg=";"
             ecep:spe=";">;</pc>
      </l>
      <l rendition="#h_1" xml:id="o5152-l13550">
         <w xml:id="o5152-263620"
            n="117-a-0280"
            ecep:lem="single"
            ecep:pos="j"
            ecep:reg="Single"
            ecep:spe="Single"
            ecep:syllab="2"
            ecep:pron="ˈsɪŋgl">Single</w>
         <pc xml:id="o5152-263630"
             n="117-a-0290"
             ecep:lem=","
             ecep:pos=","
             ecep:reg=","
             ecep:spe=",">,</pc>
         <c> </c>
         <w xml:id="o5152-263640"
            n="117-a-0300"
            ecep:lem="we"
            ecep:pos="pns12"
            ecep:reg="we"
            ecep:spe="we"
            ecep:syllab="1"
            ecep:pron="wiː">we</w>
         <c> </c>
         <w xml:id="o5152-263650"
            n="117-a-0310"
            ecep:lem="have"
            ecep:pos="vhb"
            ecep:reg="have"
            ecep:spe="have"
            ecep:syllab="1"
            ecep:pron="hæv">have</w>
         <c> </c>
         <w xml:id="o5152-263660"
            n="117-a-0320"
            ecep:lem="all"
            ecep:pos="d"
            ecep:reg="all"
            ecep:spe="all"
            ecep:syllab="1"
            ecep:pron="ɔːl">all</w>
         <c> </c>
         <w xml:id="o5152-263670"
            n="117-a-0330"
            ecep:lem="the"
            ecep:pos="dt"
            ecep:reg="the"
            ecep:spe="the"
            ecep:syllab="1"
            ecep:pron="ðiː">the</w>
         <c> </c>
         <w xml:id="o5152-263680"
            n="117-a-0340"
            ecep:lem="spleen"
            ecep:pos="n1"
            ecep:reg="spleen"
            ecep:spe="spleen"
            ecep:syllab="1"
            ecep:pron="spliːn">spleen</w>
         <pc xml:id="o5152-263690"
             n="117-a-0350"
             unit="sentence"
             ecep:lem="."
             ecep:pos="."
             ecep:reg="."
             ecep:spe=".">.</pc>
      </l>
   </lg>
   <lg n="5" xml:id="o5152-s01265">
      <head>
         <w xml:id="o5152-263730"
            n="117-a-0360"
            ecep:lem="v."
            ecep:pos="crd"
            ecep:reg="V"
            ecep:spe="V."
            ecep:syllab="1"
            ecep:pron="viː">V.</w>
         <pc unit="sentence" xml:id="o5152-263730-eos" n="117-a-0370"/>
      </head>
      <l xml:id="o5152-l13555">
         <w xml:id="o5152-263750"
            n="117-a-0380"
            ecep:lem="all"
            ecep:pos="av-d"
            ecep:reg="All"
            ecep:spe="All"
            ecep:syllab="1"
            ecep:pron="ɔːl">All</w>
         <c> </c>
         <w xml:id="o5152-263760"
            n="117-a-0390"
            ecep:lem="the"
            ecep:pos="dt"
            ecep:reg="the"
            ecep:spe="the"
            ecep:syllab="1"
            ecep:pron="ðiː">the</w>
         <c> </c>
         <w xml:id="o5152-263770"
            n="117-a-0400"
            ecep:lem="moral"
            ecep:pos="n2"
            ecep:reg="morals"
            ecep:spe="morals"
            ecep:syllab="2"
            ecep:pron="ˈmɒrlz">morals</w>
         <c> </c>
         <w xml:id="o5152-263780"
            n="117-a-0410"
            ecep:lem="that"
            ecep:pos="cst"
            ecep:reg="that"
            ecep:spe="that"
            ecep:syllab="1"
            ecep:pron="ðæt">that</w>
         <c> </c>
         <w xml:id="o5152-263790"
            n="117-a-0420"
            ecep:lem="they"
            ecep:pos="pns32"
            ecep:reg="they"
            ecep:spe="they"
            ecep:syllab="1"
            ecep:pron="ðeɪ">they</w>
         <c> </c>
         <rhyme ana="#split" type="end">
            <w xml:id="o5152-263800"
               n="117-a-0430"
               ecep:lem="tell"
               ecep:pos="vvb"
               ecep:reg="tell"
               ecep:spe="tell"
               ecep:syllab="1"
               ecep:pron="tel">tell</w>
            <c> </c>
            <w xml:id="o5152-263810"
               n="117-a-0440"
               ecep:lem="we"
               ecep:pos="pno12"
               ecep:reg="us"
               ecep:spe="us"
               ecep:syllab="1"
               ecep:pron="ʌs">us</w>
         </rhyme>
         <pc xml:id="o5152-263820"
             n="117-a-0450"
             ecep:lem=","
             ecep:pos=","
             ecep:reg=","
             ecep:spe=",">,</pc>
      </l>
      <l rendition="#h_1" xml:id="o5152-l13560">
         <w xml:id="o5152-263830"
            n="117-a-0460"
            ecep:lem="never"
            ecep:pos="av-x"
            ecep:reg="Never"
            ecep:spe="Never"
            ecep:syllab="2"
            ecep:pron="ˈnevə">Never</w>
         <c> </c>
         <w xml:id="o5152-263840"
            n="117-a-0470"
            ecep:lem="cure"
            ecep:pos="vvd"
            ecep:reg="cured"
            ecep:spe="cur'd"
            ecep:syllab="1"
            ecep:pron="kjʊəd">cur'd</w>
         <c> </c>
         <w xml:id="o5152-263850"
            n="117-a-0480"
            ecep:lem="the"
            ecep:pos="dt"
            ecep:reg="the"
            ecep:spe="the"
            ecep:syllab="1"
            ecep:pron="ðiː">the</w>
         <c> </c>
         <w xml:id="o5152-263860"
            n="117-a-0490"
            ecep:lem="sorrow"
            ecep:pos="n1"
            ecep:reg="sorrow"
            ecep:spe="sorrow"
            ecep:syllab="2"
            ecep:pron="ˈsɒrəʊ">sorrow</w>
         <c> </c>
         <w xml:id="o5152-263870"
            n="117-a-0500"
            ecep:lem="yet"
            ecep:pos="av"
            ecep:reg="yet"
            ecep:spe="yet"
            ecep:syllab="1"
            ecep:pron="jet">yet</w>
         <pc xml:id="o5152-263880"
             n="117-a-0510"
             ecep:lem=":"
             ecep:pos=":"
             ecep:reg=":"
             ecep:spe=":">:</pc>
      </l>
      <l xml:id="o5152-l13565">
         <w xml:id="o5152-263890"
            n="117-a-0520"
            ecep:lem="choose"
            ecep:pos="vvb"
            ecep:reg="Choose"
            ecep:spe="Chuse"
            ecep:syllab="1"
            ecep:pron="tʃˈuːs">Chuse</w>
         <pc xml:id="o5152-263900"
             n="117-a-0530"
             ecep:lem=","
             ecep:pos=","
             ecep:reg=","
             ecep:spe=",">,</pc>
         <c> </c>
         <w xml:id="o5152-263910"
            n="117-a-0540"
            ecep:lem="among"
            ecep:pos="p-acp"
            ecep:reg="among"
            ecep:spe="among"
            ecep:syllab="2"
            ecep:pron="əˈmʌŋ">among</w>
         <c> </c>
         <w xml:id="o5152-263920"
            n="117-a-0550"
            ecep:lem="the"
            ecep:pos="dt"
            ecep:reg="the"
            ecep:spe="the"
            ecep:syllab="1"
            ecep:pron="ðiː">the</w>
         <c> </c>
         <w xml:id="o5152-263930"
            n="117-a-0560"
            ecep:lem="pretty"
            ecep:pos="j"
            ecep:reg="pretty"
            ecep:spe="pretty"
            ecep:syllab="2"
            ecep:pron="ˈprɪti">pretty</w>
         <c> </c>
         <w xml:id="o5152-263940"
            n="117-a-0570"
            ecep:lem="fellow"
            ecep:pos="n2"
            ecep:reg="fellows"
            ecep:spe="fellows"
            ecep:syllab="2"
            ecep:pron="ˈfeləʊz">fellows</w>
         <pc xml:id="o5152-263950"
             n="117-a-0580"
             ecep:lem=";"
             ecep:pos=";"
             ecep:reg=";"
             ecep:spe=";">;</pc>
      </l>
      <l rendition="#h_1" xml:id="o5152-l13570">
         <w xml:id="o5152-263960"
            n="117-a-0590"
            ecep:lem="one"
            ecep:pos="crd"
            ecep:reg="One"
            ecep:spe="One"
            ecep:syllab="1"
            ecep:pron="wʌn">One</w>
         <c> </c>
         <w xml:id="o5152-263970"
            n="117-a-0600"
            ecep:lem="of"
            ecep:pos="pp-f"
            ecep:reg="of"
            ecep:spe="of"
            ecep:syllab="1"
            ecep:pron="ɒv">of</w>
         <c> </c>
         <w xml:id="o5152-263980"
            n="117-a-0610"
            ecep:lem="honour"
            ecep:pos="n1"
            ecep:reg="honour"
            ecep:spe="honour"
            ecep:syllab="2"
            ecep:pron="ˈɒnə">honour</w>
         <pc xml:id="o5152-263990"
             n="117-a-0620"
             ecep:lem=","
             ecep:pos=","
             ecep:reg=","
             ecep:spe=",">,</pc>
         <c> </c>
         <w xml:id="o5152-264000"
            n="117-a-0630"
            ecep:lem="youth"
            ecep:pos="n1"
            ecep:reg="youth"
            ecep:spe="youth"
            ecep:syllab="1"
            ecep:pron="juːθ">youth</w>
         <pc xml:id="o5152-264010"
             n="117-a-0640"
             ecep:lem=","
             ecep:pos=","
             ecep:reg=","
             ecep:spe=",">,</pc>
         <c> </c>
         <w xml:id="o5152-264020"
            n="117-a-0650"
            ecep:lem="and"
            ecep:pos="cc"
            ecep:reg="and"
            ecep:spe="and"
            ecep:syllab="1"
            ecep:pron="ænd">and</w>
         <c> </c>
         <w xml:id="o5152-264030"
            n="117-a-0660"
            ecep:lem="wit"
            ecep:pos="n1"
            ecep:reg="wit"
            ecep:spe="wit"
            ecep:syllab="1"
            ecep:pron="wɪt">wit</w>
         <pc xml:id="o5152-264040"
             n="117-a-0670"
             unit="sentence"
             ecep:lem="."
             ecep:pos="."
             ecep:reg="."
             ecep:spe=".">.</pc>
      </l>
   </lg>
   <lg n="6" xml:id="o5152-s01270">
      <head>
         <w xml:id="o5152-264080"
            n="117-a-0680"
            ecep:lem="vi"
            ecep:pos="crd"
            ecep:reg="VI"
            ecep:spe="VI"
            ecep:syllab="1"
            ecep:pron="ˈvaɪ">VI</w>
         <pc xml:id="o5152-264090"
             n="117-a-0690"
             unit="sentence"
             ecep:lem="."
             ecep:pos="."
             ecep:reg="."
             ecep:spe=".">.</pc>
      </head>
      <l xml:id="o5152-l13575">
         <w xml:id="o5152-264110"
            n="117-a-0700"
            ecep:lem="prithee"
            ecep:pos="uh"
            ecep:reg="Prithee"
            ecep:spe="Prithee"
            ecep:syllab="2"
            ecep:pron="ˈprɪði">Prithee</w>
         <c> </c>
         <w xml:id="o5152-264120"
            n="117-a-0710"
            ecep:lem="hear"
            ecep:pos="vvb"
            ecep:reg="hear"
            ecep:spe="hear"
            ecep:syllab="1"
            ecep:pron="hɪə">hear</w>
         <c> </c>
         <w xml:id="o5152-264130"
            n="117-a-0720"
            ecep:lem="he"
            ecep:pos="pno31"
            ecep:reg="him"
            ecep:spe="him"
            ecep:syllab="1"
            ecep:pron="hɪm">him</w>
         <c> </c>
         <w xml:id="o5152-264140"
            n="117-a-0730"
            ecep:lem="every"
            ecep:pos="d"
            ecep:reg="every"
            ecep:spe="every"
            ecep:syllab="2"
            ecep:pron="ˈevri">every</w>
         <c> </c>
         <w xml:id="o5152-264150"
            n="117-a-0740"
            ecep:lem="morning"
            ecep:pos="n1"
            ecep:reg="morning"
            ecep:spe="morning"
            ecep:syllab="2"
            ecep:pron="ˈmɔːnɪŋ">morning</w>
         <pc xml:id="o5152-264160"
             n="117-a-0750"
             ecep:lem=","
             ecep:pos=","
             ecep:reg=","
             ecep:spe=",">,</pc>
      </l>
      <l rendition="#h_1" xml:id="o5152-l13580">
         <w xml:id="o5152-264170"
            n="117-a-0760"
            ecep:lem="at"
            ecep:pos="p-acp"
            ecep:reg="At"
            ecep:spe="At"
            ecep:syllab="1"
            ecep:pron="æt">At</w>
         <c> </c>
         <w xml:id="o5152-264180"
            n="117-a-0770"
            ecep:lem="the"
            ecep:pos="dt"
            ecep:reg="the"
            ecep:spe="the"
            ecep:syllab="1"
            ecep:pron="ðiː">the</w>
         <c> </c>
         <w xml:id="o5152-264190"
            n="117-a-0780"
            ecep:lem="least"
            ecep:pos="ds"
            ecep:reg="least"
            ecep:spe="least"
            ecep:syllab="1"
            ecep:pron="liːst">least</w>
         <c> </c>
         <w xml:id="o5152-264200"
            n="117-a-0790"
            ecep:lem="a"
            ecep:pos="dt"
            ecep:reg="an"
            ecep:spe="an"
            ecep:syllab="1"
            ecep:pron="æn">an</w>
         <c> </c>
         <w xml:id="o5152-264210"
            n="117-a-0800"
            ecep:lem="hour"
            ecep:pos="n1"
            ecep:reg="hour"
            ecep:spe="hour"
            ecep:syllab="1"
            ecep:pron="æə">hour</w>
         <c> </c>
         <w xml:id="o5152-264220"
            n="117-a-0810"
            ecep:lem="or"
            ecep:pos="cc"
            ecep:reg="or"
            ecep:spe="or"
            ecep:syllab="1"
            ecep:pron="ɔː">or</w>
         <c> </c>
         <w xml:id="o5152-264230"
            n="117-a-0820"
            ecep:lem="two"
            ecep:pos="crd"
            ecep:reg="two"
            ecep:spe="two"
            ecep:syllab="1"
            ecep:pron="tuː">two</w>
         <pc xml:id="o5152-264240"
             n="117-a-0830"
             ecep:lem=";"
             ecep:pos=";"
             ecep:reg=";"
             ecep:spe=";">;</pc>
      </l>
      <l xml:id="o5152-l13585">
         <w xml:id="o5152-264250"
            n="117-a-0840"
            ecep:lem="once"
            ecep:pos="a-acp"
            ecep:reg="Once"
            ecep:spe="Once"
            ecep:syllab="1"
            ecep:pron="wʌns">Once</w>
         <c> </c>
         <w xml:id="o5152-264260"
            n="117-a-0850"
            ecep:lem="again"
            ecep:pos="av"
            ecep:reg="again"
            ecep:spe="again"
            ecep:syllab="2"
            ecep:pron="əˈgen">again</w>
         <c> </c>
         <w xml:id="o5152-264270"
            n="117-a-0860"
            ecep:lem="at"
            ecep:pos="p-acp"
            ecep:reg="at"
            ecep:spe="at"
            ecep:syllab="1"
            ecep:pron="æt">at</w>
         <c> </c>
         <w xml:id="o5152-264280"
            n="117-a-0870"
            ecep:lem="night"
            ecep:pos="n1"
            ecep:reg="night"
            ecep:spe="night"
            ecep:syllab="1"
            ecep:pron="naɪt">night</w>
         <c> </c>
         <w xml:id="o5152-264290"
            n="117-a-0880"
            ecep:lem="return"
            ecep:pos="vvg"
            ecep:reg="returning"
            ecep:spe="returning"
            ecep:syllab="3"
            ecep:pron="rɪˈtɜːnɪŋ">returning</w>
         <c> </c>
         <pc xml:id="o5152-264300"
             n="117-a-0890"
             ecep:lem="—"
             ecep:pos="—"
             ecep:reg="—"
             ecep:spe="—">—</pc>
      </l>
      <l rendition="#h_1" xml:id="o5152-l13590">
         <w xml:id="o5152-264310"
            n="117-a-0900"
            ecep:lem="i"
            ecep:pos="pns11"
            ecep:reg="I"
            ecep:spe="I"
            ecep:syllab="1"
            ecep:pron="aɪ">I</w>
         <c> </c>
         <w xml:id="o5152-264320"
            n="117-a-0910"
            ecep:lem="believe"
            ecep:pos="vvb"
            ecep:reg="believe"
            ecep:spe="believe"
            ecep:syllab="2"
            ecep:pron="bɪˈliːv">believe</w>
         <c> </c>
         <w xml:id="o5152-264330"
            n="117-a-0920"
            ecep:lem="the"
            ecep:pos="dt"
            ecep:reg="the"
            ecep:spe="the"
            ecep:syllab="1"
            ecep:pron="ðiː">the</w>
         <c> </c>
         <w xml:id="o5152-264340"
            n="117-a-0930"
            ecep:lem="dose"
            ecep:pos="n1"
            ecep:reg="dose"
            ecep:spe="dose"
            ecep:syllab="1"
            ecep:pron="dəʊs">dose</w>
         <c> </c>
         <w xml:id="o5152-264350"
            n="117-a-0940"
            ecep:lem="will"
            ecep:pos="vmb"
            ecep:reg="will"
            ecep:spe="will"
            ecep:syllab="1"
            ecep:pron="wɪl">will</w>
         <c> </c>
         <w xml:id="o5152-264360"
            n="117-a-0950"
            ecep:lem="do"
            ecep:pos="vdi"
            ecep:reg="do"
            ecep:spe="do"
            ecep:syllab="1"
            ecep:pron="duː">do</w>
         <pc xml:id="o5152-264370"
             n="117-a-0960"
             unit="sentence"
             ecep:lem="."
             ecep:pos="."
             ecep:reg="."
             ecep:spe=".">.</pc>
      </l>
   </lg>
</div>
