<?xml version="1.0" encoding="UTF-8"?>
<?xml-model href="../tei_all.rnc" type="application/relax-ng-compact-syntax"?>
<TEI xmlns="http://www.tei-c.org/ns/1.0">
   <teiHeader>
      <fileDesc>
         <titleStmt>
            <title corresp="#txt_GrayTh1716_wtapr">[Tophet] Inscription on a Portrait</title>
            <author corresp="authors.xml#aut_GrayTh1716">Thomas Gray</author>
            <respStmt>
               <name xml:id="AH">Alexander Huber</name>
               <resp>Editor</resp>
            </respStmt>
            <funder>
               <name type="institution" xml:id="BOD">Bodleian Libraries, University of Oxford</name>
               <address>
                  <addrLine>Broad Street</addrLine>
                  <addrLine>Oxford OX1 3BG</addrLine>
                  <addrLine>UK</addrLine>
               </address>
            </funder>
         </titleStmt>
         <publicationStmt>
            <publisher xml:id="ECPA">Eighteenth-Century Poetry Archive</publisher>
            <address>
               <addrLine>Taylor Institution Library</addrLine>
               <addrLine>St Giles'</addrLine>
               <addrLine>Oxford OX1 3NA</addrLine>
               <addrLine>UK</addrLine>
               <addrLine>
                  <email>info@eighteenthcenturypoetry.org</email>
               </addrLine>
               <addrLine>
                  <ref target="https://www.eighteenthcenturypoetry.org/">https://www.eighteenthcenturypoetry.org/</ref>
               </addrLine>
            </address>
            <pubPlace>Oxford</pubPlace>
            <availability status="restricted">
               <licence target="http://creativecommons.org/licenses/by-sa/3.0/">This work is licensed under a Creative Commons Attribution-ShareAlike 3.0 Unported License.</licence>
            </availability>
         </publicationStmt>
         <sourceDesc>
            <bibl>
               <author>Gray, Thomas, 1716-1771.</author>
               <title>Thomas Gray: English poems.</title>
               <edition>Web. </edition>
               <pubPlace>Oxford</pubPlace>
               <publisher>Thomas Gray Archive</publisher>
               <date>2002</date>
               <biblScope>pp. []-[].</biblScope>
               <idno type="URI">http://www.thomasgray.org/texts/poems.shtml</idno>
            </bibl>
         </sourceDesc>
      </fileDesc>
      <encodingDesc>
         <projectDesc>
            <p>This e-text is part of the Works section of the Eighteenth-Century Poetry Archive (ECPA).</p>
            <p>XML created for the Eighteenth-Century Poetry Archive (ECPA).</p>
         </projectDesc>
         <editorialDecl>
            <p>Typography, spelling, capitalization, and punctuation have been cautiously modernized. The source of the text is given and all significant
						editorial interventions have been recorded in textual notes. This  text has been edited to conform to the recommendations found 
						in Level 5 of the
						Best Practices for TEI in Libraries version 4.0.0.
					</p>
         </editorialDecl>
         <classDecl>
            <taxonomy xml:id="LCNAF">
               <bibl>Library of Congress Name Authority File (<abbr>LCNAF</abbr>)</bibl>
            </taxonomy>
         </classDecl>
         <tagsDecl>
            <rendition n="linegroups indented" xml:id="lgindent" scheme="css">text-indent: 1em;</rendition>
            <rendition n="linegroups vertically spaced" xml:id="lgvspace" scheme="css">margin-bottom: 1em;</rendition>
            <rendition n="aligned centrally" xml:id="align-center" scheme="css">text-align: center;</rendition>
            <rendition n="aligned right" xml:id="align-right" scheme="css">text-align: right;</rendition>
            <rendition n="aligned left" xml:id="align-left" scheme="css">text-align: left;</rendition>
            <rendition n="inline" xml:id="inline" scheme="css">display: inline</rendition>
            <rendition n="italic" xml:id="i" scheme="css">font-style: italic;</rendition>
            <rendition n="bold" xml:id="b" scheme="css">font-weight: bold;</rendition>
         </tagsDecl>
      </encodingDesc>
   </teiHeader>
   <text>
      <body>
         <div xmlns:tei="http://www.tei-c.org/ns/1.0"
              xmlns:ecep="http://www.eighteenthcenturypoetry.org/ns"
              ana="#iamb #pentameter #octet #pair #inscription #satire"
              corresp="#txt_GrayTh1716_wtapr"
              ecep:syllab="10.10.10.10.10.10.10.10"
              met="-+|-+|-+|-+|-+/ -+|-+|-+|-+|-+/ -+|-+|-+|-+|-+/ -+|-+|-+|-+|-+/ -+|-+|-+|-+|-+/ -+|-+|-+|-+|-+/ -+|-+|-+|-+|-+/ -+|-+|-+|-+|-+/"
              rendition="#lgvspace"
              rhyme="aabbccdd"
              subtype="eceptext"
              type="poem"
              xml:id="tgaen-wtapr"
              decls="#semi-normalized">
            <link target="authors.xml#aut_GrayTh1716" type="author"/>
            <head subtype="supplied" type="main">
               <pc xml:id="tgaen-104000"
                   n="a-0010"
                   ecep:lem="["
                   ecep:pos="["
                   ecep:reg="["
                   ecep:spe="[">[</pc>
               <w xml:id="tgaen-104010"
                  n="a-0020"
                  ecep:lem="Tophet"
                  ecep:pos="np1"
                  ecep:reg="Tophet"
                  ecep:spe="Tophet"
                  ecep:syllab="2"
                  ecep:pron="ˈtəʊfɪt">Tophet</w>
               <pc xml:id="tgaen-104020"
                   n="a-0030"
                   unit="sentence"
                   ecep:lem="]"
                   ecep:pos="]"
                   ecep:reg="]"
                   ecep:spe="]">]</pc>
            </head>
            <head type="sub">
               <w xml:id="tgaen-104050"
                  n="a-0040"
                  ecep:lem="inscription"
                  ecep:pos="n1"
                  ecep:reg="Inscription"
                  ecep:spe="Inscription"
                  ecep:syllab="3"
                  ecep:pron="ɪnˈskrɪpʃn">Inscription</w>
               <c> </c>
               <w xml:id="tgaen-104060"
                  n="a-0050"
                  ecep:lem="on"
                  ecep:pos="p-acp"
                  ecep:reg="on"
                  ecep:spe="on"
                  ecep:syllab="1"
                  ecep:pron="ɒn">on</w>
               <c> </c>
               <w xml:id="tgaen-104070"
                  n="a-0060"
                  ecep:lem="a"
                  ecep:pos="dt"
                  ecep:reg="a"
                  ecep:spe="a"
                  ecep:syllab="1"
                  ecep:pron="ə">a</w>
               <c> </c>
               <w xml:id="tgaen-104080"
                  n="a-0070"
                  ecep:lem="portrait"
                  ecep:pos="n1"
                  ecep:reg="Portrait"
                  ecep:spe="Portrait"
                  ecep:syllab="2"
                  ecep:pron="ˈpɔːtrɪt">Portrait</w>
            </head>
            <lg xml:id="tgaen-s00415">
               <l n="1" xml:id="tgaen-l05300">
                  <w xml:id="tgaen-104110"
                     n="a-0080"
                     ecep:lem="such"
                     ecep:pos="d"
                     ecep:reg="Such"
                     ecep:spe="Such"
                     ecep:syllab="1"
                     ecep:pron="sʌtʃ">Such</w>
                  <c> </c>
                  <w xml:id="tgaen-104120"
                     n="a-0090"
                     ecep:lem="Tophet"
                     ecep:pos="np1"
                     ecep:reg="Tophet"
                     ecep:spe="Tophet"
                     ecep:syllab="2"
                     ecep:pron="ˈtəʊfɪt">Tophet</w>
                  <c> </c>
                  <w xml:id="tgaen-104130"
                     n="a-0100"
                     ecep:lem="be"
                     ecep:pos="vbds"
                     ecep:reg="was"
                     ecep:spe="was"
                     ecep:syllab="1"
                     ecep:pron="wɒz">was</w>
                  <pc xml:id="tgaen-104140"
                      n="a-0110"
                      ecep:lem=";"
                      ecep:pos=";"
                      ecep:reg=";"
                      ecep:spe=";">;</pc>
                  <c> </c>
                  <w xml:id="tgaen-104150"
                     n="a-0120"
                     ecep:lem="so"
                     ecep:pos="av"
                     ecep:reg="so"
                     ecep:spe="so"
                     ecep:syllab="1"
                     ecep:pron="səʊ">so</w>
                  <c> </c>
                  <w xml:id="tgaen-104160"
                     n="a-0130"
                     ecep:lem="look"
                     ecep:pos="vvd"
                     ecep:reg="looked"
                     ecep:spe="looked"
                     ecep:syllab="1"
                     ecep:pron="lʊkt">looked</w>
                  <c> </c>
                  <w xml:id="tgaen-104170"
                     n="a-0140"
                     ecep:lem="the"
                     ecep:pos="dt"
                     ecep:reg="the"
                     ecep:spe="the"
                     ecep:syllab="1"
                     ecep:pron="ðiː">the</w>
                  <c> </c>
                  <w xml:id="tgaen-104180"
                     n="a-0150"
                     ecep:lem="grin"
                     ecep:pos="j-vvg"
                     ecep:reg="grinning"
                     ecep:spe="grinning"
                     ecep:syllab="2"
                     ecep:pron="grɪnɪŋ">grinning</w>
                  <c> </c>
                  <w xml:id="tgaen-104190"
                     n="a-0160"
                     ecep:lem="fiend"
                     ecep:pos="n1"
                     ecep:reg="fiend"
                     ecep:spe="fiend"
                     ecep:syllab="1"
                     ecep:pron="fiːnd">fiend</w>
               </l>
               <l n="2" xml:id="tgaen-l05305">
                  <w xml:id="tgaen-104200"
                     n="a-0170"
                     ecep:lem="who"
                     ecep:pos="r-crq"
                     ecep:reg="Whom"
                     ecep:spe="Whom"
                     ecep:syllab="1"
                     ecep:pron="huːm">Whom</w>
                  <c> </c>
                  <w xml:id="tgaen-104210"
                     n="a-0180"
                     ecep:lem="many"
                     ecep:pos="d"
                     ecep:reg="many"
                     ecep:spe="many"
                     ecep:syllab="2"
                     ecep:pron="ˈmeni">many</w>
                  <c> </c>
                  <w xml:id="tgaen-104220"
                     n="a-0190"
                     ecep:lem="a"
                     ecep:pos="dt"
                     ecep:reg="a"
                     ecep:spe="a"
                     ecep:syllab="1"
                     ecep:pron="ə">a</w>
                  <c> </c>
                  <w xml:id="tgaen-104230"
                     n="a-0200"
                     ecep:lem="fright"
                     ecep:pos="j-vvn"
                     ecep:reg="frighted"
                     ecep:spe="frighted"
                     ecep:syllab="2"
                     ecep:pron="fraɪtɪd">frighted</w>
                  <c> </c>
                  <w xml:id="tgaen-104240"
                     n="a-0210"
                     ecep:lem="prelate"
                     ecep:pos="n1"
                     ecep:reg="prelate"
                     ecep:spe="prelate"
                     ecep:syllab="2"
                     ecep:pron="ˈprelɪt">prelate</w>
                  <c> </c>
                  <w xml:id="tgaen-104250"
                     n="a-0220"
                     ecep:lem="call"
                     ecep:pos="vvd"
                     ecep:reg="called"
                     ecep:spe="called"
                     ecep:syllab="1"
                     ecep:pron="kɔːld">called</w>
                  <c> </c>
                  <w xml:id="tgaen-104260"
                     n="a-0230"
                     ecep:lem="his"
                     ecep:pos="po31"
                     ecep:reg="his"
                     ecep:spe="his"
                     ecep:syllab="1"
                     ecep:pron="hɪz">his</w>
                  <c> </c>
                  <w xml:id="tgaen-104270"
                     n="a-0240"
                     ecep:lem="friend"
                     ecep:pos="n1"
                     ecep:reg="friend"
                     ecep:spe="friend"
                     ecep:syllab="1"
                     ecep:pron="frend">friend</w>
                  <pc xml:id="tgaen-104280"
                      n="a-0250"
                      ecep:lem=";"
                      ecep:pos=";"
                      ecep:reg=";"
                      ecep:spe=";">;</pc>
               </l>
               <l n="3" xml:id="tgaen-l05310">
                  <w xml:id="tgaen-104290"
                     n="a-0010"
                     ecep:lem="i"
                     ecep:pos="pns11"
                     ecep:reg="I"
                     ecep:spe="I"
                     ecep:syllab="1"
                     ecep:pron="aɪ">I</w>
                  <c> </c>
                  <w xml:id="tgaen-104300"
                     n="a-0020"
                     ecep:lem="see"
                     ecep:pos="vvd"
                     ecep:reg="saw"
                     ecep:spe="saw"
                     ecep:syllab="1"
                     ecep:pron="sɔː">saw</w>
                  <c> </c>
                  <w xml:id="tgaen-104310"
                     n="a-0030"
                     ecep:lem="they"
                     ecep:pos="pno32"
                     ecep:reg="them"
                     ecep:spe="them"
                     ecep:syllab="1"
                     ecep:pron="ðem">them</w>
                  <c> </c>
                  <w xml:id="tgaen-104320"
                     n="a-0040"
                     ecep:lem="bow"
                     ecep:pos="vvi"
                     ecep:reg="bow"
                     ecep:spe="bow"
                     ecep:syllab="1"
                     ecep:pron="bəʊ">bow</w>
                  <c> </c>
                  <w xml:id="tgaen-104330"
                     n="a-0050"
                     ecep:lem="and"
                     ecep:pos="cc"
                     ecep:reg="and"
                     ecep:spe="and"
                     ecep:syllab="1"
                     ecep:pron="ænd">and</w>
                  <pc xml:id="tgaen-104340"
                      n="a-0060"
                      ecep:lem=","
                      ecep:pos=","
                      ecep:reg=","
                      ecep:spe=",">,</pc>
                  <c> </c>
                  <w xml:id="tgaen-104350"
                     n="a-0070"
                     ecep:lem="while"
                     ecep:pos="cs"
                     ecep:reg="while"
                     ecep:spe="while"
                     ecep:syllab="1"
                     ecep:pron="ˈwaɪl">while</w>
                  <c> </c>
                  <w xml:id="tgaen-104360"
                     n="a-0080"
                     ecep:lem="they"
                     ecep:pos="pns32"
                     ecep:reg="they"
                     ecep:spe="they"
                     ecep:syllab="1"
                     ecep:pron="ðeɪ">they</w>
                  <c> </c>
                  <w xml:id="tgaen-104370"
                     n="a-0090"
                     ecep:lem="wish"
                     ecep:pos="vvd"
                     ecep:reg="wished"
                     ecep:spe="wished"
                     ecep:syllab="1"
                     ecep:pron="wɪʃt">wished</w>
                  <c> </c>
                  <w xml:id="tgaen-104380"
                     n="a-0100"
                     ecep:lem="he"
                     ecep:pos="pno31"
                     ecep:reg="him"
                     ecep:spe="him"
                     ecep:syllab="1"
                     ecep:pron="hɪm">him</w>
                  <c> </c>
                  <w xml:id="tgaen-104390"
                     n="a-0110"
                     ecep:lem="dead"
                     ecep:pos="j"
                     ecep:reg="dead"
                     ecep:spe="dead"
                     ecep:syllab="1"
                     ecep:pron="ded">dead</w>
                  <pc xml:id="tgaen-104400"
                      n="a-0120"
                      ecep:lem=","
                      ecep:pos=","
                      ecep:reg=","
                      ecep:spe=",">,</pc>
               </l>
               <l n="4" xml:id="tgaen-l05315">
                  <w xml:id="tgaen-104410"
                     n="a-0130"
                     ecep:lem="with"
                     ecep:pos="p-acp"
                     ecep:reg="With"
                     ecep:spe="With"
                     ecep:syllab="1"
                     ecep:pron="wɪð">With</w>
                  <c> </c>
                  <w xml:id="tgaen-104420"
                     n="a-0140"
                     ecep:lem="servile"
                     ecep:pos="j"
                     ecep:reg="servile"
                     ecep:spe="servile"
                     ecep:syllab="2"
                     ecep:pron="ˈsɜːvaɪl">servile</w>
                  <c> </c>
                  <w xml:id="tgaen-104430"
                     n="a-0150"
                     ecep:lem="simper"
                     ecep:pos="n1"
                     ecep:reg="simper"
                     ecep:spe="simper"
                     ecep:syllab="2"
                     ecep:pron="ˈsɪmpə">simper</w>
                  <c> </c>
                  <w xml:id="tgaen-104440"
                     n="a-0160"
                     ecep:lem="nod"
                     ecep:pos="vvi"
                     ecep:reg="nod"
                     ecep:spe="nod"
                     ecep:syllab="1"
                     ecep:pron="nɒd">nod</w>
                  <c> </c>
                  <w xml:id="tgaen-104450"
                     n="a-0170"
                     ecep:lem="the"
                     ecep:pos="dt"
                     ecep:reg="the"
                     ecep:spe="the"
                     ecep:syllab="1"
                     ecep:pron="ðiː">the</w>
                  <c> </c>
                  <w xml:id="tgaen-104460"
                     n="a-0180"
                     ecep:lem="mitred"
                     ecep:pos="j"
                     ecep:reg="mitred"
                     ecep:spe="mitred"
                     ecep:syllab="2"
                     ecep:pron="ˈmaɪtəd">mitred</w>
                  <c> </c>
                  <w xml:id="tgaen-104470"
                     n="a-0190"
                     ecep:lem="head"
                     ecep:pos="n1"
                     ecep:reg="head"
                     ecep:spe="head"
                     ecep:syllab="1"
                     ecep:pron="hed">head</w>
                  <pc xml:id="tgaen-104480"
                      n="a-0200"
                      unit="sentence"
                      ecep:lem="."
                      ecep:pos="."
                      ecep:reg="."
                      ecep:spe=".">.</pc>
               </l>
               <l n="5" xml:id="tgaen-l05320">
                  <w xml:id="tgaen-104490"
                     n="a-0210"
                     ecep:lem="our"
                     ecep:pos="po12"
                     ecep:reg="Our"
                     ecep:spe="Our"
                     ecep:syllab="1"
                     ecep:pron="æə">Our</w>
                  <c> </c>
                  <w xml:id="tgaen-104500"
                     n="a-0220"
                     ecep:lem="mother-church"
                     ecep:pos="n1"
                     ecep:reg="Mother-Church"
                     ecep:spe="Mother-Church"
                     ecep:syllab="3"
                     ecep:pron="ˈmʌðəˌtʃɜːtʃ">Mother-Church</w>
                  <c> </c>
                  <w xml:id="tgaen-104510"
                     n="a-0230"
                     ecep:lem="with"
                     ecep:pos="p-acp"
                     ecep:reg="with"
                     ecep:spe="with"
                     ecep:syllab="1"
                     ecep:pron="wɪð">with</w>
                  <c> </c>
                  <w xml:id="tgaen-104520"
                     n="a-0240"
                     ecep:lem="half-averted"
                     ecep:pos="j"
                     ecep:reg="half-averted"
                     ecep:spe="half-averted"
                     ecep:syllab="4"
                     ecep:pron="hɑːfˌəˈvɜːtɪd">half-averted</w>
                  <c> </c>
                  <w xml:id="tgaen-104530"
                     n="a-0250"
                     ecep:lem="sight"
                     ecep:pos="n1"
                     ecep:reg="sight"
                     ecep:spe="sight"
                     ecep:syllab="1"
                     ecep:pron="saɪt">sight</w>
               </l>
               <l n="6" xml:id="tgaen-l05325">
                  <w xml:id="tgaen-104540"
                     n="a-0260"
                     ecep:lem="blush"
                     ecep:pos="vvd"
                     ecep:reg="Blushed"
                     ecep:spe="Blushed"
                     ecep:syllab="1"
                     ecep:pron="blʌʃt">Blushed</w>
                  <c> </c>
                  <w xml:id="tgaen-104550"
                     n="a-0270"
                     ecep:lem="as"
                     ecep:pos="c-acp"
                     ecep:reg="as"
                     ecep:spe="as"
                     ecep:syllab="1"
                     ecep:pron="æz">as</w>
                  <c> </c>
                  <w xml:id="tgaen-104560"
                     n="a-0280"
                     ecep:lem="she"
                     ecep:pos="pns31"
                     ecep:reg="she"
                     ecep:spe="she"
                     ecep:syllab="1"
                     ecep:pron="ʃiː">she</w>
                  <c> </c>
                  <w xml:id="tgaen-104570"
                     n="a-0290"
                     ecep:lem="bless"
                     ecep:pos="vvd"
                     ecep:reg="blessed"
                     ecep:spe="blessed"
                     ecep:syllab="1"
                     ecep:pron="ˈblesɪd">blessed</w>
                  <c> </c>
                  <w xml:id="tgaen-104580"
                     n="a-0300"
                     ecep:lem="her"
                     ecep:pos="po31"
                     ecep:reg="her"
                     ecep:spe="her"
                     ecep:syllab="1"
                     ecep:pron="hɜː">her</w>
                  <c> </c>
                  <w xml:id="tgaen-104590"
                     n="a-0310"
                     ecep:lem="grisly"
                     ecep:pos="j"
                     ecep:reg="grisly"
                     ecep:spe="grisly"
                     ecep:syllab="2"
                     ecep:pron="ˈgrɪzli">grisly</w>
                  <c> </c>
                  <w xml:id="tgaen-104600"
                     n="a-0320"
                     ecep:lem="proselyte"
                     ecep:pos="n1"
                     ecep:reg="proselyte"
                     ecep:spe="proselyte"
                     ecep:syllab="3"
                     ecep:pron="ˈprɒsəlaɪt">proselyte</w>
                  <pc xml:id="tgaen-104610"
                      n="a-0330"
                      ecep:lem=":"
                      ecep:pos=":"
                      ecep:reg=":"
                      ecep:spe=":">:</pc>
               </l>
               <l n="7" xml:id="tgaen-l05330">
                  <w xml:id="tgaen-104620"
                     n="a-0340"
                     ecep:lem="hosannah"
                     ecep:pos="n2"
                     ecep:reg="Hosannahs"
                     ecep:spe="Hosannahs"
                     ecep:syllab="3"
                     ecep:pron="həʊˈzænəs">Hosannahs</w>
                  <c> </c>
                  <w xml:id="tgaen-104630"
                     n="a-0350"
                     ecep:lem="ring"
                     ecep:pos="vvn"
                     ecep:reg="rung"
                     ecep:spe="rung"
                     ecep:syllab="1"
                     ecep:pron="rʌŋ">rung</w>
                  <c> </c>
                  <w xml:id="tgaen-104640"
                     n="a-0360"
                     ecep:lem="through"
                     ecep:pos="p-acp"
                     ecep:reg="through"
                     ecep:spe="through"
                     ecep:syllab="1"
                     ecep:pron="θruː">through</w>
                  <c> </c>
                  <w xml:id="tgaen-104650"
                     n="a-0370"
                     ecep:lem="hell"
                     ecep:pos="ng1"
                     ecep:reg="Hell's"
                     ecep:spe="Hell's"
                     ecep:syllab="1"
                     ecep:pron="ˈhelz">Hell's</w>
                  <c> </c>
                  <w xml:id="tgaen-104660"
                     n="a-0380"
                     ecep:lem="tremendous"
                     ecep:pos="j"
                     ecep:reg="tremendous"
                     ecep:spe="tremendous"
                     ecep:syllab="3"
                     ecep:pron="trɪˈmendəs">tremendous</w>
                  <c> </c>
                  <w xml:id="tgaen-104670"
                     n="a-0390"
                     ecep:lem="border"
                     ecep:pos="n2"
                     ecep:reg="borders"
                     ecep:spe="borders"
                     ecep:syllab="2"
                     ecep:pron="ˈbɔːdəz">borders</w>
                  <pc xml:id="tgaen-104680"
                      n="a-0400"
                      ecep:lem=","
                      ecep:pos=","
                      ecep:reg=","
                      ecep:spe=",">,</pc>
               </l>
               <l n="8" xml:id="tgaen-l05335">
                  <w xml:id="tgaen-104690"
                     n="a-0410"
                     ecep:lem="and"
                     ecep:pos="cc"
                     ecep:reg="And"
                     ecep:spe="And"
                     ecep:syllab="1"
                     ecep:pron="ænd">And</w>
                  <c> </c>
                  <w xml:id="tgaen-104700"
                     n="a-0420"
                     ecep:lem="Satan"
                     ecep:pos="npg1"
                     ecep:reg="Satan's"
                     ecep:spe="Satan's"
                     ecep:syllab="2"
                     ecep:pron="ˈseɪtənz">Satan's</w>
                  <c> </c>
                  <w xml:id="tgaen-104710"
                     n="a-0430"
                     ecep:lem="self"
                     ecep:pos="n1"
                     ecep:reg="self"
                     ecep:spe="self"
                     ecep:syllab="1"
                     ecep:pron="self">self</w>
                  <c> </c>
                  <w xml:id="tgaen-104720"
                     n="a-0440"
                     ecep:lem="have"
                     ecep:pos="vhd"
                     ecep:reg="had"
                     ecep:spe="had"
                     ecep:syllab="1"
                     ecep:pron="hæd">had</w>
                  <c> </c>
                  <w xml:id="tgaen-104730"
                     n="a-0450"
                     ecep:lem="thought"
                     ecep:pos="n2"
                     ecep:reg="thoughts"
                     ecep:spe="thoughts"
                     ecep:syllab="1"
                     ecep:pron="θɔːts">thoughts</w>
                  <c> </c>
                  <w xml:id="tgaen-104740"
                     n="a-0460"
                     ecep:lem="of"
                     ecep:pos="pp-f"
                     ecep:reg="of"
                     ecep:spe="of"
                     ecep:syllab="1"
                     ecep:pron="ɒv">of</w>
                  <c> </c>
                  <w xml:id="tgaen-104750"
                     n="a-0470"
                     ecep:lem="take"
                     ecep:pos="vvg"
                     ecep:reg="taking"
                     ecep:spe="taking"
                     ecep:syllab="2"
                     ecep:pron="ˈteɪkɪŋ">taking</w>
                  <c> </c>
                  <w xml:id="tgaen-104760"
                     n="a-0480"
                     ecep:lem="order"
                     ecep:pos="n2"
                     ecep:reg="orders"
                     ecep:spe="orders"
                     ecep:syllab="2"
                     ecep:pron="ˈɔːdəz">orders</w>
                  <pc xml:id="tgaen-104770"
                      n="a-0490"
                      unit="sentence"
                      ecep:lem="."
                      ecep:pos="."
                      ecep:reg="."
                      ecep:spe=".">.</pc>
               </l>
            </lg>
         </div>
      </body>
   </text>
</TEI>
