<?xml version="1.0" encoding="utf-8"?>
<!DOCTYPE div
  SYSTEM "about:legacy-compat">
<div xmlns:ecep="http://www.eighteenthcenturypoetry.org/ns"
     xmlns="http://www.tei-c.org/ns/1.0"
     xmlns:tei="http://www.tei-c.org/ns/1.0"
     ana="#anapaest #tetrameter #quatrain #pair #acephal #song"
     corresp="#txt_CampTh1777_w0007"
     decls="#semi-normalized"
     ecep:syllab="12.12.12.12"
     met="--+|--+|--+|--+/ --+|--+|--+|--+/ --+|--+|--+|--+/ --+|--+|--+|--+/"
     rendition="#lgvspace"
     rhyme="aabb"
     subtype="eceptext"
     type="poem"
     xml:id="n27tc-w0070">
   <link target="authors.xml#aut_CampTh1777" type="author"/>
   <head type="main">
      <w xml:id="n27tc-156580"
         n="a-0010"
         ecep:lem="the"
         ecep:pos="dt"
         ecep:reg="THE"
         ecep:spe="THE"
         ecep:syllab="1"
         ecep:pron="ðiː">THE</w>
      <c> </c>
      <w xml:id="n27tc-156590"
         n="a-0020"
         ecep:lem="harper"
         ecep:pos="n1"
         ecep:reg="HARPER"
         ecep:spe="HARPER"
         ecep:syllab="2"
         ecep:pron="ˈhɑːpər">HARPER</w>
      <pc xml:id="n27tc-156600"
          n="a-0030"
          unit="sentence"
          ecep:lem="."
          ecep:pos="."
          ecep:reg="."
          ecep:spe=".">.</pc>
   </head>
   <lg xml:id="n27tc-s01055">
      <l xml:id="n27tc-l06100">
         <w xml:id="n27tc-156630"
            n="a-0040"
            ecep:lem="on"
            ecep:pos="p-acp"
            ecep:reg="ON"
            ecep:spe="ON"
            ecep:syllab="1"
            ecep:pron="ɒn">ON</w>
         <c> </c>
         <w xml:id="n27tc-156640"
            n="a-0050"
            ecep:lem="the"
            ecep:pos="dt"
            ecep:reg="the"
            ecep:spe="the"
            ecep:syllab="1"
            ecep:pron="ðiː">the</w>
         <c> </c>
         <w xml:id="n27tc-156650"
            n="a-0060"
            ecep:lem="green"
            ecep:pos="j-jn"
            ecep:reg="green"
            ecep:spe="green"
            ecep:syllab="1"
            ecep:pron="griːn">green</w>
         <c> </c>
         <w xml:id="n27tc-156660"
            n="a-0070"
            ecep:lem="bank"
            ecep:pos="n2"
            ecep:reg="banks"
            ecep:spe="banks"
            ecep:syllab="1"
            ecep:pron="bæŋks">banks</w>
         <c> </c>
         <w xml:id="n27tc-156670"
            n="a-0080"
            ecep:lem="of"
            ecep:pos="pp-f"
            ecep:reg="of"
            ecep:spe="of"
            ecep:syllab="1"
            ecep:pron="ɒv">of</w>
         <c> </c>
         <w xml:id="n27tc-156680"
            n="a-0090"
            ecep:lem="Shannon"
            ecep:pos="np1"
            ecep:reg="Shannon"
            ecep:spe="Shannon"
            ecep:syllab="2"
            ecep:pron="ˈʃænən">Shannon</w>
         <pc xml:id="n27tc-156690"
             n="a-0100"
             ecep:lem=","
             ecep:pos=","
             ecep:reg=","
             ecep:spe=",">,</pc>
         <c> </c>
         <w xml:id="n27tc-156700"
            n="a-0110"
            ecep:lem="when"
            ecep:pos="c-crq"
            ecep:reg="when"
            ecep:spe="when"
            ecep:syllab="1"
            ecep:pron="wen">when</w>
         <c> </c>
         <w xml:id="n27tc-156710"
            n="a-0120"
            ecep:lem="Sheelah"
            ecep:pos="np1"
            ecep:reg="Sheelah"
            ecep:spe="Sheelah"
            ecep:syllab="2"
            ecep:pron="ʃˈiːlə">Sheelah</w>
         <c> </c>
         <w xml:id="n27tc-156720"
            n="a-0130"
            ecep:lem="be"
            ecep:pos="vbds"
            ecep:reg="was"
            ecep:spe="was"
            ecep:syllab="1"
            ecep:pron="wɒz">was</w>
         <c> </c>
         <w xml:id="n27tc-156730"
            n="a-0140"
            ecep:lem="nigh"
            ecep:pos="av-j"
            ecep:reg="nigh"
            ecep:spe="nigh"
            ecep:syllab="1"
            ecep:pron="naɪ">nigh</w>
         <pc xml:id="n27tc-156740"
             n="a-0150"
             ecep:lem=","
             ecep:pos=","
             ecep:reg=","
             ecep:spe=",">,</pc>
      </l>
      <l xml:id="n27tc-l06105">
         <c> </c>
         <w xml:id="n27tc-156750"
            n="a-0160"
            ecep:lem="no"
            ecep:pos="uh-x"
            ecep:reg="No"
            ecep:spe="No"
            ecep:syllab="1"
            ecep:pron="nəʊ">No</w>
         <c> </c>
         <w xml:id="n27tc-156760"
            n="a-0170"
            ecep:lem="blithe"
            ecep:pos="j"
            ecep:reg="blithe"
            ecep:spe="blithe"
            ecep:syllab="1"
            ecep:pron="blaɪð">blithe</w>
         <c> </c>
         <w xml:id="n27tc-156770"
            n="a-0180"
            ecep:lem="irish"
            ecep:pos="jp"
            ecep:reg="Irish"
            ecep:spe="Irish"
            ecep:syllab="2"
            ecep:pron="ˈaɪrɪʃ">Irish</w>
         <c> </c>
         <w xml:id="n27tc-156780"
            n="a-0190"
            ecep:lem="lad"
            ecep:pos="n1"
            ecep:reg="lad"
            ecep:spe="lad"
            ecep:syllab="1"
            ecep:pron="læd">lad</w>
         <c> </c>
         <w xml:id="n27tc-156790"
            n="a-0200"
            ecep:lem="be"
            ecep:pos="vbds"
            ecep:reg="was"
            ecep:spe="was"
            ecep:syllab="1"
            ecep:pron="wɒz">was</w>
         <c> </c>
         <w xml:id="n27tc-156800"
            n="a-0210"
            ecep:lem="so"
            ecep:pos="av"
            ecep:reg="so"
            ecep:spe="so"
            ecep:syllab="1"
            ecep:pron="səʊ">so</w>
         <c> </c>
         <w xml:id="n27tc-156810"
            n="a-0220"
            ecep:lem="happy"
            ecep:pos="j"
            ecep:reg="happy"
            ecep:spe="happy"
            ecep:syllab="2"
            ecep:pron="ˈhæpi">happy</w>
         <c> </c>
         <w xml:id="n27tc-156820"
            n="a-0230"
            ecep:lem="as"
            ecep:pos="c-acp"
            ecep:reg="as"
            ecep:spe="as"
            ecep:syllab="1"
            ecep:pron="æz">as</w>
         <c> </c>
         <w xml:id="n27tc-156830"
            n="a-0240"
            ecep:lem="i"
            ecep:pos="pns11"
            ecep:reg="I"
            ecep:spe="I"
            ecep:syllab="1"
            ecep:pron="aɪ">I</w>
         <pc xml:id="n27tc-156840"
             n="a-0250"
             ecep:lem=";"
             ecep:pos=";"
             ecep:reg=";"
             ecep:spe=";">;</pc>
      </l>
      <l xml:id="n27tc-l06110">
         <c> </c>
         <w xml:id="n27tc-156850"
            n="a-0260"
            ecep:lem="no"
            ecep:pos="uh-x"
            ecep:reg="No"
            ecep:spe="No"
            ecep:syllab="1"
            ecep:pron="nəʊ">No</w>
         <c> </c>
         <w xml:id="n27tc-156860"
            n="a-0270"
            ecep:lem="harp"
            ecep:pos="n1"
            ecep:reg="harp"
            ecep:spe="harp"
            ecep:syllab="1"
            ecep:pron="hɑːp">harp</w>
         <c> </c>
         <w xml:id="n27tc-156870"
            n="a-0280"
            ecep:lem="like"
            ecep:pos="vvb"
            ecep:reg="like"
            ecep:spe="like"
            ecep:syllab="1"
            ecep:pron="laɪk">like</w>
         <c> </c>
         <w xml:id="n27tc-156880"
            n="a-0290"
            ecep:lem="my"
            ecep:pos="po11"
            ecep:reg="my"
            ecep:spe="my"
            ecep:syllab="1"
            ecep:pron="maɪ">my</w>
         <c> </c>
         <w xml:id="n27tc-156890"
            n="a-0300"
            ecep:lem="own"
            ecep:pos="d"
            ecep:reg="own"
            ecep:spe="own"
            ecep:syllab="1"
            ecep:pron="əʊn">own</w>
         <c> </c>
         <w xml:id="n27tc-156900"
            n="a-0310"
            ecep:lem="can"
            ecep:pos="vmd"
            ecep:reg="could"
            ecep:spe="could"
            ecep:syllab="1"
            ecep:pron="kʊd">could</w>
         <c> </c>
         <w xml:id="n27tc-156910"
            n="a-0320"
            ecep:lem="so"
            ecep:pos="av"
            ecep:reg="so"
            ecep:spe="so"
            ecep:syllab="1"
            ecep:pron="səʊ">so</w>
         <c> </c>
         <w xml:id="n27tc-156920"
            n="a-0330"
            ecep:lem="cheery"
            ecep:pos="av-j"
            ecep:reg="cheerily"
            ecep:spe="cheerily"
            ecep:syllab="3"
            ecep:pron="ˈtʃɪərli">cheerily</w>
         <c> </c>
         <w xml:id="n27tc-156930"
            n="a-0340"
            ecep:lem="play"
            ecep:pos="vvi"
            ecep:reg="play"
            ecep:spe="play"
            ecep:syllab="1"
            ecep:pron="pleɪ">play</w>
         <pc xml:id="n27tc-156940"
             n="a-0350"
             ecep:lem=","
             ecep:pos=","
             ecep:reg=","
             ecep:spe=",">,</pc>
      </l>
      <l xml:id="n27tc-l06115">
         <c> </c>
         <w xml:id="n27tc-156950"
            n="a-0360"
            ecep:lem="and"
            ecep:pos="cc"
            ecep:reg="And"
            ecep:spe="And"
            ecep:syllab="1"
            ecep:pron="ænd">And</w>
         <c> </c>
         <w xml:id="n27tc-156960"
            n="a-0370"
            ecep:lem="wherever"
            ecep:pos="c-crq"
            ecep:reg="wherever"
            ecep:spe="wherever"
            ecep:syllab="3"
            ecep:pron="weəˈrevə">wherever</w>
         <c> </c>
         <w xml:id="n27tc-156970"
            n="a-0380"
            ecep:lem="i"
            ecep:pos="pns11"
            ecep:reg="I"
            ecep:spe="I"
            ecep:syllab="1"
            ecep:pron="aɪ">I</w>
         <c> </c>
         <w xml:id="n27tc-156980"
            n="a-0390"
            ecep:lem="go"
            ecep:pos="vvd"
            ecep:reg="went"
            ecep:spe="went"
            ecep:syllab="1"
            ecep:pron="went">went</w>
         <pc xml:id="n27tc-156990"
             n="a-0400"
             ecep:lem=","
             ecep:pos=","
             ecep:reg=","
             ecep:spe=",">,</pc>
         <c> </c>
         <w xml:id="n27tc-157000"
            n="a-0410"
            ecep:lem="be"
            ecep:pos="vbds"
            ecep:reg="was"
            ecep:spe="was"
            ecep:syllab="1"
            ecep:pron="wɒz">was</w>
         <c> </c>
         <w xml:id="n27tc-157010"
            n="a-0420"
            ecep:lem="my"
            ecep:pos="po11"
            ecep:reg="my"
            ecep:spe="my"
            ecep:syllab="1"
            ecep:pron="maɪ">my</w>
         <c> </c>
         <w xml:id="n27tc-157020"
            n="a-0430"
            ecep:lem="poor"
            ecep:pos="j"
            ecep:reg="poor"
            ecep:spe="poor"
            ecep:syllab="1"
            ecep:pron="pɔː">poor</w>
         <c> </c>
         <w xml:id="n27tc-157030"
            n="a-0440"
            ecep:lem="dog"
            ecep:pos="n1"
            ecep:reg="dog"
            ecep:spe="dog"
            ecep:syllab="1"
            ecep:pron="dɒg">dog</w>
         <c> </c>
         <w xml:id="n27tc-157040"
            n="a-0450"
            ecep:lem="tray"
            ecep:pos="n1"
            ecep:reg="Tray"
            ecep:spe="Tray"
            ecep:syllab="1"
            ecep:pron="treɪ">Tray</w>
         <pc xml:id="n27tc-157050"
             n="a-0460"
             unit="sentence"
             ecep:lem="."
             ecep:pos="."
             ecep:reg="."
             ecep:spe=".">.</pc>
         <c> </c>
      </l>
   </lg>
   <lg xml:id="n27tc-s01060">
      <l n="5" xml:id="n27tc-l06120">
         <w xml:id="n27tc-157080"
            n="a-0470"
            ecep:lem="when"
            ecep:pos="c-crq"
            ecep:reg="When"
            ecep:spe="When"
            ecep:syllab="1"
            ecep:pron="wen">When</w>
         <c> </c>
         <w xml:id="n27tc-157090"
            n="a-0480"
            ecep:lem="at"
            ecep:pos="p-acp"
            ecep:reg="at"
            ecep:spe="at"
            ecep:syllab="1"
            ecep:pron="æt">at</w>
         <c> </c>
         <w xml:id="n27tc-157100"
            n="a-0490"
            ecep:lem="last"
            ecep:pos="ord"
            ecep:reg="last"
            ecep:spe="last"
            ecep:syllab="1"
            ecep:pron="lɑːst">last</w>
         <c> </c>
         <w xml:id="n27tc-157110"
            n="a-0500"
            ecep:lem="i"
            ecep:pos="pns11"
            ecep:reg="I"
            ecep:spe="I"
            ecep:syllab="1"
            ecep:pron="aɪ">I</w>
         <c> </c>
         <w xml:id="n27tc-157120"
            n="a-0510"
            ecep:lem="be"
            ecep:pos="vbds"
            ecep:reg="was"
            ecep:spe="was"
            ecep:syllab="1"
            ecep:pron="wɒz">was</w>
         <c> </c>
         <w xml:id="n27tc-157130"
            n="a-0520"
            ecep:lem="force"
            ecep:pos="vvn"
            ecep:reg="forced"
            ecep:spe="forc'd"
            ecep:syllab="1"
            ecep:pron="fɔːst">forc'd</w>
         <c> </c>
         <w xml:id="n27tc-157140"
            n="a-0530"
            ecep:lem="from"
            ecep:pos="p-acp"
            ecep:reg="from"
            ecep:spe="from"
            ecep:syllab="1"
            ecep:pron="frɒm">from</w>
         <c> </c>
         <w xml:id="n27tc-157150"
            n="a-0540"
            ecep:lem="my"
            ecep:pos="po11"
            ecep:reg="my"
            ecep:spe="my"
            ecep:syllab="1"
            ecep:pron="maɪ">my</w>
         <c> </c>
         <w xml:id="n27tc-157160"
            n="a-0550"
            ecep:lem="Sheelah"
            ecep:pos="np1"
            ecep:reg="Sheelah"
            ecep:spe="Sheelah"
            ecep:syllab="2"
            ecep:pron="ʃˈiːlə">Sheelah</w>
         <c> </c>
         <w xml:id="n27tc-157170"
            n="a-0560"
            ecep:lem="to"
            ecep:pos="pc-acp"
            ecep:reg="to"
            ecep:spe="to"
            ecep:syllab="1"
            ecep:pron="tuː">to</w>
         <c> </c>
         <w xml:id="n27tc-157180"
            n="a-0570"
            ecep:lem="part"
            ecep:pos="vvi"
            ecep:reg="part"
            ecep:spe="part"
            ecep:syllab="1"
            ecep:pron="pɑːt">part</w>
         <pc xml:id="n27tc-157190"
             n="a-0580"
             ecep:lem=","
             ecep:pos=","
             ecep:reg=","
             ecep:spe=",">,</pc>
      </l>
      <l xml:id="n27tc-l06125">
         <c> </c>
         <w xml:id="n27tc-157200"
            n="a-0590"
            ecep:lem="she"
            ecep:pos="pns31"
            ecep:reg="She"
            ecep:spe="She"
            ecep:syllab="1"
            ecep:pron="ʃiː">She</w>
         <c> </c>
         <w xml:id="n27tc-157210"
            n="a-0600"
            ecep:lem="say"
            ecep:pos="vvd"
            ecep:reg="said"
            ecep:spe="said"
            ecep:syllab="1"
            ecep:pron="sed">said</w>
         <c> </c>
         <pc xml:id="n27tc-157220"
             n="a-0610"
             ecep:lem="("
             ecep:pos="("
             ecep:reg="("
             ecep:spe="(">(</pc>
         <w xml:id="n27tc-157230"
            n="a-0620"
            ecep:lem="while"
            ecep:pos="cs"
            ecep:reg="while"
            ecep:spe="while"
            ecep:syllab="1"
            ecep:pron="ˈwaɪl">while</w>
         <c> </c>
         <w xml:id="n27tc-157240"
            n="a-0630"
            ecep:lem="the"
            ecep:pos="dt"
            ecep:reg="the"
            ecep:spe="the"
            ecep:syllab="1"
            ecep:pron="ðiː">the</w>
         <c> </c>
         <w xml:id="n27tc-157250"
            n="a-0640"
            ecep:lem="sorrow"
            ecep:pos="n1"
            ecep:reg="sorrow"
            ecep:spe="sorrow"
            ecep:syllab="2"
            ecep:pron="ˈsɒrəʊ">sorrow</w>
         <c> </c>
         <w xml:id="n27tc-157260"
            n="a-0650"
            ecep:lem="be"
            ecep:pos="vbds"
            ecep:reg="was"
            ecep:spe="was"
            ecep:syllab="1"
            ecep:pron="wɒz">was</w>
         <c> </c>
         <w xml:id="n27tc-157270"
            n="a-0660"
            ecep:lem="big"
            ecep:pos="j"
            ecep:reg="big"
            ecep:spe="big"
            ecep:syllab="1"
            ecep:pron="bɪg">big</w>
         <c> </c>
         <w xml:id="n27tc-157280"
            n="a-0670"
            ecep:lem="at"
            ecep:pos="p-acp"
            ecep:reg="at"
            ecep:spe="at"
            ecep:syllab="1"
            ecep:pron="æt">at</w>
         <c> </c>
         <w xml:id="n27tc-157290"
            n="a-0680"
            ecep:lem="her"
            ecep:pos="po31"
            ecep:reg="her"
            ecep:spe="her"
            ecep:syllab="1"
            ecep:pron="hɜː">her</w>
         <c> </c>
         <w xml:id="n27tc-157300"
            n="a-0690"
            ecep:lem="heart"
            ecep:pos="n1"
            ecep:reg="heart"
            ecep:spe="heart"
            ecep:syllab="1"
            ecep:pron="hɑːt">heart</w>
         <pc xml:id="n27tc-157310"
             n="a-0700"
             ecep:lem=")"
             ecep:pos=")"
             ecep:reg=")"
             ecep:spe=")">)</pc>
         <pc xml:id="n27tc-157320"
             n="a-0710"
             ecep:lem=","
             ecep:pos=","
             ecep:reg=","
             ecep:spe=",">,</pc>
      </l>
      <l xml:id="n27tc-l06130">
         <c> </c>
         <w xml:id="n27tc-157330"
            n="a-0720"
            ecep:lem="oh"
            ecep:pos="uh"
            ecep:reg="O"
            ecep:spe="Oh"
            ecep:syllab="1"
            ecep:pron="əʊ">Oh</w>
         <pc xml:id="n27tc-157335"
             n="a-0720"
             ecep:lem="!"
             ecep:pos="!"
             ecep:reg="!"
             ecep:spe="!">!</pc>
         <c> </c>
         <w xml:id="n27tc-157340"
            n="a-0730"
            ecep:lem="remember"
            ecep:pos="vvb"
            ecep:reg="remember"
            ecep:spe="remember"
            ecep:syllab="3"
            ecep:pron="rɪˈmembə">remember</w>
         <c> </c>
         <w xml:id="n27tc-157350"
            n="a-0740"
            ecep:lem="your"
            ecep:pos="po22"
            ecep:reg="your"
            ecep:spe="your"
            ecep:syllab="1"
            ecep:pron="jɔː">your</w>
         <c> </c>
         <w xml:id="n27tc-157360"
            n="a-0750"
            ecep:lem="Sheelah"
            ecep:pos="np1"
            ecep:reg="Sheelah"
            ecep:spe="Sheelah"
            ecep:syllab="2"
            ecep:pron="ʃˈiːlə">Sheelah</w>
         <c> </c>
         <w xml:id="n27tc-157370"
            n="a-0760"
            ecep:lem="when"
            ecep:pos="c-crq"
            ecep:reg="when"
            ecep:spe="when"
            ecep:syllab="1"
            ecep:pron="wen">when</w>
         <c> </c>
         <w xml:id="n27tc-157380"
            n="a-0770"
            ecep:lem="far"
            ecep:pos="av-j"
            ecep:reg="far"
            ecep:spe="far"
            ecep:syllab="1"
            ecep:pron="fɑː">far</w>
         <c> </c>
         <w xml:id="n27tc-157390"
            n="a-0780"
            ecep:lem="far"
            ecep:pos="av-j"
            ecep:reg="far"
            ecep:spe="far"
            ecep:syllab="1"
            ecep:pron="fɑː">far</w>
         <c> </c>
         <w xml:id="n27tc-157400"
            n="a-0790"
            ecep:lem="away"
            ecep:pos="av"
            ecep:reg="away"
            ecep:spe="away"
            ecep:syllab="2"
            ecep:pron="əˈweɪ">away</w>
         <pc xml:id="n27tc-157410"
             n="a-0800"
             ecep:lem=";"
             ecep:pos=";"
             ecep:reg=";"
             ecep:spe=";">;</pc>
      </l>
      <l xml:id="n27tc-l06135">
         <c> </c>
         <w xml:id="n27tc-157420"
            n="a-0810"
            ecep:lem="and"
            ecep:pos="cc"
            ecep:reg="And"
            ecep:spe="And"
            ecep:syllab="1"
            ecep:pron="ænd">And</w>
         <c> </c>
         <w xml:id="n27tc-157430"
            n="a-0820"
            ecep:lem="be"
            ecep:pos="vbi"
            ecep:reg="be"
            ecep:spe="be"
            ecep:syllab="1"
            ecep:pron="biː">be</w>
         <c> </c>
         <w xml:id="n27tc-157440"
            n="a-0830"
            ecep:lem="kind"
            ecep:pos="j"
            ecep:reg="kind"
            ecep:spe="kind"
            ecep:syllab="1"
            ecep:pron="kaɪnd">kind</w>
         <pc xml:id="n27tc-157450"
             n="a-0840"
             ecep:lem=","
             ecep:pos=","
             ecep:reg=","
             ecep:spe=",">,</pc>
         <c> </c>
         <w xml:id="n27tc-157460"
            n="a-0850"
            ecep:lem="my"
            ecep:pos="po11"
            ecep:reg="my"
            ecep:spe="my"
            ecep:syllab="1"
            ecep:pron="maɪ">my</w>
         <c> </c>
         <w xml:id="n27tc-157470"
            n="a-0860"
            ecep:lem="dear"
            ecep:pos="j-jn"
            ecep:reg="dear"
            ecep:spe="dear"
            ecep:syllab="1"
            ecep:pron="dɪə">dear</w>
         <c> </c>
         <w xml:id="n27tc-157480"
            n="a-0870"
            ecep:lem="Pat"
            ecep:pos="np1"
            ecep:reg="Pat"
            ecep:spe="Pat"
            ecep:syllab="1"
            ecep:pron="pæt">Pat</w>
         <pc xml:id="n27tc-157490"
             n="a-0880"
             ecep:lem=","
             ecep:pos=","
             ecep:reg=","
             ecep:spe=",">,</pc>
         <c> </c>
         <w xml:id="n27tc-157500"
            n="a-0890"
            ecep:lem="to"
            ecep:pos="p-acp"
            ecep:reg="to"
            ecep:spe="to"
            ecep:syllab="1"
            ecep:pron="tuː">to</w>
         <c> </c>
         <w xml:id="n27tc-157510"
            n="a-0900"
            ecep:lem="our"
            ecep:pos="po12"
            ecep:reg="our"
            ecep:spe="our"
            ecep:syllab="1"
            ecep:pron="æə">our</w>
         <c> </c>
         <w xml:id="n27tc-157520"
            n="a-0910"
            ecep:lem="poor"
            ecep:pos="j"
            ecep:reg="poor"
            ecep:spe="poor"
            ecep:syllab="1"
            ecep:pron="pɔː">poor</w>
         <c> </c>
         <w xml:id="n27tc-157530"
            n="a-0920"
            ecep:lem="dog"
            ecep:pos="n1"
            ecep:reg="dog"
            ecep:spe="dog"
            ecep:syllab="1"
            ecep:pron="dɒg">dog</w>
         <c> </c>
         <w xml:id="n27tc-157540"
            n="a-0930"
            ecep:lem="tray"
            ecep:pos="n1"
            ecep:reg="Tray"
            ecep:spe="Tray"
            ecep:syllab="1"
            ecep:pron="treɪ">Tray</w>
         <pc xml:id="n27tc-157550"
             n="a-0940"
             unit="sentence"
             ecep:lem="."
             ecep:pos="."
             ecep:reg="."
             ecep:spe=".">.</pc>
         <c> </c>
      </l>
   </lg>
   <lg xml:id="n27tc-s01065">
      <l xml:id="n27tc-l06140">
         <w xml:id="n27tc-157580"
            n="a-0950"
            ecep:lem="poor"
            ecep:pos="j"
            ecep:reg="Poor"
            ecep:spe="Poor"
            ecep:syllab="1"
            ecep:pron="pɔː">Poor</w>
         <c> </c>
         <w xml:id="n27tc-157590"
            n="a-0960"
            ecep:lem="dog"
            ecep:pos="n1"
            ecep:reg="dog"
            ecep:spe="dog"
            ecep:syllab="1"
            ecep:pron="dɒg">dog</w>
         <pc xml:id="n27tc-157600"
             n="a-0970"
             ecep:lem="!"
             ecep:pos="!"
             ecep:reg="!"
             ecep:spe="!">!</pc>
         <c> </c>
         <w xml:id="n27tc-157610"
            n="a-0980"
            ecep:lem="he"
            ecep:pos="pns31"
            ecep:reg="he"
            ecep:spe="he"
            ecep:syllab="1"
            ecep:pron="hiː">he</w>
         <c> </c>
         <w xml:id="n27tc-157620"
            n="a-0990"
            ecep:lem="be"
            ecep:pos="vbds"
            ecep:reg="was"
            ecep:spe="was"
            ecep:syllab="1"
            ecep:pron="wɒz">was</w>
         <c> </c>
         <w xml:id="n27tc-157630"
            n="a-1000"
            ecep:lem="faithful"
            ecep:pos="j"
            ecep:reg="faithful"
            ecep:spe="faithful"
            ecep:syllab="2"
            ecep:pron="ˈfeɪθfl">faithful</w>
         <c> </c>
         <w xml:id="n27tc-157640"
            n="a-1010"
            ecep:lem="and"
            ecep:pos="cc"
            ecep:reg="and"
            ecep:spe="and"
            ecep:syllab="1"
            ecep:pron="ænd">and</w>
         <c> </c>
         <w xml:id="n27tc-157650"
            n="a-1020"
            ecep:lem="kind"
            ecep:pos="j"
            ecep:reg="kind"
            ecep:spe="kind"
            ecep:syllab="1"
            ecep:pron="kaɪnd">kind</w>
         <c> </c>
         <w xml:id="n27tc-157660"
            n="a-1030"
            ecep:lem="to"
            ecep:pos="pc-acp"
            ecep:reg="to"
            ecep:spe="to"
            ecep:syllab="1"
            ecep:pron="tuː">to</w>
         <c> </c>
         <w xml:id="n27tc-157670"
            n="a-1040"
            ecep:lem="be"
            ecep:pos="vbi"
            ecep:reg="be"
            ecep:spe="be"
            ecep:syllab="1"
            ecep:pron="biː">be</w>
         <c> </c>
         <w xml:id="n27tc-157680"
            n="a-1050"
            ecep:lem="sure"
            ecep:pos="j"
            ecep:reg="sure"
            ecep:spe="sure"
            ecep:syllab="1"
            ecep:pron="ʃɔː">sure</w>
         <pc xml:id="n27tc-157690"
             n="a-1060"
             ecep:lem=","
             ecep:pos=","
             ecep:reg=","
             ecep:spe=",">,</pc>
      </l>
      <l n="10" xml:id="n27tc-l06145">
         <c> </c>
         <w xml:id="n27tc-157700"
            n="a-1070"
            ecep:lem="and"
            ecep:pos="cc"
            ecep:reg="And"
            ecep:spe="And"
            ecep:syllab="1"
            ecep:pron="ænd">And</w>
         <c> </c>
         <w xml:id="n27tc-157710"
            n="a-1080"
            ecep:lem="he"
            ecep:pos="pns31"
            ecep:reg="he"
            ecep:spe="he"
            ecep:syllab="1"
            ecep:pron="hiː">he</w>
         <c> </c>
         <w xml:id="n27tc-157720"
            n="a-1090"
            ecep:lem="constant"
            ecep:pos="av-j"
            ecep:reg="constantly"
            ecep:spe="constantly"
            ecep:syllab="3"
            ecep:pron="ˈkɒnstəntli">constantly</w>
         <c> </c>
         <w xml:id="n27tc-157730"
            n="a-1100"
            ecep:lem="love"
            ecep:pos="vvd"
            ecep:reg="loved"
            ecep:spe="lov'd"
            ecep:syllab="1"
            ecep:pron="ˈlʌvd">lov'd</w>
         <c> </c>
         <w xml:id="n27tc-157740"
            n="a-1110"
            ecep:lem="i"
            ecep:pos="pno11"
            ecep:reg="me"
            ecep:spe="me"
            ecep:syllab="1"
            ecep:pron="miː">me</w>
         <c> </c>
         <w xml:id="n27tc-157750"
            n="a-1120"
            ecep:lem="although"
            ecep:pos="cs"
            ecep:reg="although"
            ecep:spe="although"
            ecep:syllab="2"
            ecep:pron="ɔːlˈðəʊ">although</w>
         <c> </c>
         <w xml:id="n27tc-157760"
            n="a-1130"
            ecep:lem="i"
            ecep:pos="pns11"
            ecep:reg="I"
            ecep:spe="I"
            ecep:syllab="1"
            ecep:pron="aɪ">I</w>
         <c> </c>
         <w xml:id="n27tc-157770"
            n="a-1140"
            ecep:lem="be"
            ecep:pos="vbds"
            ecep:reg="was"
            ecep:spe="was"
            ecep:syllab="1"
            ecep:pron="wɒz">was</w>
         <c> </c>
         <w xml:id="n27tc-157780"
            n="a-1150"
            ecep:lem="poor"
            ecep:pos="j"
            ecep:reg="poor"
            ecep:spe="poor"
            ecep:syllab="1"
            ecep:pron="pɔː">poor</w>
         <pc xml:id="n27tc-157790"
             n="a-1160"
             ecep:lem=";"
             ecep:pos=";"
             ecep:reg=";"
             ecep:spe=";">;</pc>
      </l>
      <l xml:id="n27tc-l06150">
         <c> </c>
         <w xml:id="n27tc-157800"
            n="a-1170"
            ecep:lem="when"
            ecep:pos="c-crq"
            ecep:reg="When"
            ecep:spe="When"
            ecep:syllab="1"
            ecep:pron="wen">When</w>
         <c> </c>
         <w xml:id="n27tc-157810"
            n="a-1180"
            ecep:lem="the"
            ecep:pos="dt"
            ecep:reg="the"
            ecep:spe="the"
            ecep:syllab="1"
            ecep:pron="ðiː">the</w>
         <c> </c>
         <w xml:id="n27tc-157820"
            n="a-1190"
            ecep:lem="sour-looking"
            ecep:pos="j"
            ecep:reg="sour-looking"
            ecep:spe="sour-looking"
            ecep:syllab="3"
            ecep:pron="ˈsaʊəˌlʊkɪŋ">sour-looking</w>
         <c> </c>
         <w xml:id="n27tc-157830"
            n="a-1200"
            ecep:lem="folk"
            ecep:pos="n2"
            ecep:reg="folks"
            ecep:spe="folks"
            ecep:syllab="1"
            ecep:pron="fəʊks">folks</w>
         <c> </c>
         <w xml:id="n27tc-157840"
            n="a-1210"
            ecep:lem="send"
            ecep:pos="vvd"
            ecep:reg="sent"
            ecep:spe="sent"
            ecep:syllab="1"
            ecep:pron="sent">sent</w>
         <c> </c>
         <w xml:id="n27tc-157850"
            n="a-1220"
            ecep:lem="i"
            ecep:pos="pno11"
            ecep:reg="me"
            ecep:spe="me"
            ecep:syllab="1"
            ecep:pron="miː">me</w>
         <c> </c>
         <w xml:id="n27tc-157860"
            n="a-1230"
            ecep:lem="heartless"
            ecep:pos="j"
            ecep:reg="heartless"
            ecep:spe="heartless"
            ecep:syllab="2"
            ecep:pron="ˈhɑːtləs">heartless</w>
         <c> </c>
         <w xml:id="n27tc-157870"
            n="a-1240"
            ecep:lem="away"
            ecep:pos="av"
            ecep:reg="away"
            ecep:spe="away"
            ecep:syllab="2"
            ecep:pron="əˈweɪ">away</w>
         <pc xml:id="n27tc-157880"
             n="a-1250"
             ecep:lem=","
             ecep:pos=","
             ecep:reg=","
             ecep:spe=",">,</pc>
      </l>
      <l xml:id="n27tc-l06155">
         <c> </c>
         <w xml:id="n27tc-157890"
            n="a-1260"
            ecep:lem="i"
            ecep:pos="pns11"
            ecep:reg="I"
            ecep:spe="I"
            ecep:syllab="1"
            ecep:pron="aɪ">I</w>
         <c> </c>
         <w xml:id="n27tc-157900"
            n="a-1270"
            ecep:lem="have"
            ecep:pos="vhd"
            ecep:reg="had"
            ecep:spe="had"
            ecep:syllab="1"
            ecep:pron="hæd">had</w>
         <c> </c>
         <w xml:id="n27tc-157910"
            n="a-1280"
            ecep:lem="always"
            ecep:pos="av"
            ecep:reg="always"
            ecep:spe="always"
            ecep:syllab="2"
            ecep:pron="ˈɔːlweɪz">always</w>
         <c> </c>
         <w xml:id="n27tc-157920"
            n="a-1290"
            ecep:lem="a"
            ecep:pos="dt"
            ecep:reg="a"
            ecep:spe="a"
            ecep:syllab="1"
            ecep:pron="ə">a</w>
         <c> </c>
         <w xml:id="n27tc-157930"
            n="a-1300"
            ecep:lem="friend"
            ecep:pos="n1"
            ecep:reg="friend"
            ecep:spe="friend"
            ecep:syllab="1"
            ecep:pron="frend">friend</w>
         <c> </c>
         <w xml:id="n27tc-157940"
            n="a-1310"
            ecep:lem="in"
            ecep:pos="p-acp"
            ecep:reg="in"
            ecep:spe="in"
            ecep:syllab="1"
            ecep:pron="ɪn">in</w>
         <c> </c>
         <w xml:id="n27tc-157950"
            n="a-1320"
            ecep:lem="my"
            ecep:pos="po11"
            ecep:reg="my"
            ecep:spe="my"
            ecep:syllab="1"
            ecep:pron="maɪ">my</w>
         <c> </c>
         <w xml:id="n27tc-157960"
            n="a-1330"
            ecep:lem="poor"
            ecep:pos="j"
            ecep:reg="poor"
            ecep:spe="poor"
            ecep:syllab="1"
            ecep:pron="pɔː">poor</w>
         <c> </c>
         <w xml:id="n27tc-157970"
            n="a-1340"
            ecep:lem="dog"
            ecep:pos="n1"
            ecep:reg="dog"
            ecep:spe="dog"
            ecep:syllab="1"
            ecep:pron="dɒg">dog</w>
         <c> </c>
         <w xml:id="n27tc-157980"
            n="a-1350"
            ecep:lem="tray"
            ecep:pos="n1"
            ecep:reg="Tray"
            ecep:spe="Tray"
            ecep:syllab="1"
            ecep:pron="treɪ">Tray</w>
         <pc xml:id="n27tc-157990"
             n="a-1360"
             unit="sentence"
             ecep:lem="."
             ecep:pos="."
             ecep:reg="."
             ecep:spe=".">.</pc>
         <c> </c>
      </l>
   </lg>
   <pb rend="none" n="120"/>
   <lg xml:id="n27tc-s01070">
      <l xml:id="n27tc-l06160">
         <w xml:id="n27tc-158020"
            n="a-0010"
            ecep:lem="when"
            ecep:pos="c-crq"
            ecep:reg="When"
            ecep:spe="When"
            ecep:syllab="1"
            ecep:pron="wen">When</w>
         <c> </c>
         <w xml:id="n27tc-158030"
            n="a-0020"
            ecep:lem="the"
            ecep:pos="dt"
            ecep:reg="the"
            ecep:spe="the"
            ecep:syllab="1"
            ecep:pron="ðiː">the</w>
         <c> </c>
         <w xml:id="n27tc-158040"
            n="a-0030"
            ecep:lem="road"
            ecep:pos="n1"
            ecep:reg="road"
            ecep:spe="road"
            ecep:syllab="1"
            ecep:pron="rəʊd">road</w>
         <c> </c>
         <w xml:id="n27tc-158050"
            n="a-0040"
            ecep:lem="be"
            ecep:pos="vbds"
            ecep:reg="was"
            ecep:spe="was"
            ecep:syllab="1"
            ecep:pron="wɒz">was</w>
         <c> </c>
         <w xml:id="n27tc-158060"
            n="a-0050"
            ecep:lem="so"
            ecep:pos="av"
            ecep:reg="so"
            ecep:spe="so"
            ecep:syllab="1"
            ecep:pron="səʊ">so</w>
         <c> </c>
         <w xml:id="n27tc-158070"
            n="a-0060"
            ecep:lem="dark"
            ecep:pos="j"
            ecep:reg="dark"
            ecep:spe="dark"
            ecep:syllab="1"
            ecep:pron="dɑːk">dark</w>
         <pc xml:id="n27tc-158080"
             n="a-0070"
             ecep:lem=","
             ecep:pos=","
             ecep:reg=","
             ecep:spe=",">,</pc>
         <c> </c>
         <w xml:id="n27tc-158090"
            n="a-0080"
            ecep:lem="and"
            ecep:pos="cc"
            ecep:reg="and"
            ecep:spe="and"
            ecep:syllab="1"
            ecep:pron="ænd">and</w>
         <c> </c>
         <w xml:id="n27tc-158100"
            n="a-0090"
            ecep:lem="the"
            ecep:pos="dt"
            ecep:reg="the"
            ecep:spe="the"
            ecep:syllab="1"
            ecep:pron="ðiː">the</w>
         <c> </c>
         <w xml:id="n27tc-158110"
            n="a-0100"
            ecep:lem="night"
            ecep:pos="n1"
            ecep:reg="night"
            ecep:spe="night"
            ecep:syllab="1"
            ecep:pron="naɪt">night</w>
         <c> </c>
         <w xml:id="n27tc-158120"
            n="a-0110"
            ecep:lem="be"
            ecep:pos="vbds"
            ecep:reg="was"
            ecep:spe="was"
            ecep:syllab="1"
            ecep:pron="wɒz">was</w>
         <c> </c>
         <w xml:id="n27tc-158130"
            n="a-0120"
            ecep:lem="so"
            ecep:pos="av"
            ecep:reg="so"
            ecep:spe="so"
            ecep:syllab="1"
            ecep:pron="səʊ">so</w>
         <c> </c>
         <w xml:id="n27tc-158140"
            n="a-0130"
            ecep:lem="cold"
            ecep:pos="j-jn"
            ecep:reg="cold"
            ecep:spe="cold"
            ecep:syllab="1"
            ecep:pron="kəʊld">cold</w>
         <pc xml:id="n27tc-158150"
             n="a-0140"
             ecep:lem=","
             ecep:pos=","
             ecep:reg=","
             ecep:spe=",">,</pc>
      </l>
      <l xml:id="n27tc-l06165">
         <c> </c>
         <w xml:id="n27tc-158160"
            n="a-0150"
            ecep:lem="and"
            ecep:pos="cc"
            ecep:reg="And"
            ecep:spe="And"
            ecep:syllab="1"
            ecep:pron="ænd">And</w>
         <c> </c>
         <w xml:id="n27tc-158170"
            n="a-0160"
            ecep:lem="pat"
            ecep:pos="av"
            ecep:reg="Pat"
            ecep:spe="Pat"
            ecep:syllab="1"
            ecep:pron="pæt">Pat</w>
         <c> </c>
         <w xml:id="n27tc-158180"
            n="a-0170"
            ecep:lem="and"
            ecep:pos="cc"
            ecep:reg="and"
            ecep:spe="and"
            ecep:syllab="1"
            ecep:pron="ænd">and</w>
         <c> </c>
         <w xml:id="n27tc-158190"
            n="a-0180"
            ecep:lem="his"
            ecep:pos="po31"
            ecep:reg="his"
            ecep:spe="his"
            ecep:syllab="1"
            ecep:pron="hɪz">his</w>
         <c> </c>
         <w xml:id="n27tc-158200"
            n="a-0190"
            ecep:lem="dog"
            ecep:pos="n1"
            ecep:reg="dog"
            ecep:spe="dog"
            ecep:syllab="1"
            ecep:pron="dɒg">dog</w>
         <c> </c>
         <w xml:id="n27tc-158210"
            n="a-0200"
            ecep:lem="be"
            ecep:pos="vbdr"
            ecep:reg="were"
            ecep:spe="were"
            ecep:syllab="1"
            ecep:pron="wɜː">were</w>
         <c> </c>
         <w xml:id="n27tc-158220"
            n="a-0210"
            ecep:lem="grow"
            ecep:pos="vvn"
            ecep:reg="grown"
            ecep:spe="grown"
            ecep:syllab="1"
            ecep:pron="grəʊn">grown</w>
         <c> </c>
         <w xml:id="n27tc-158230"
            n="a-0220"
            ecep:lem="weary"
            ecep:pos="j"
            ecep:reg="weary"
            ecep:spe="weary"
            ecep:syllab="2"
            ecep:pron="ˈwɪəri">weary</w>
         <c> </c>
         <w xml:id="n27tc-158240"
            n="a-0230"
            ecep:lem="and"
            ecep:pos="cc"
            ecep:reg="and"
            ecep:spe="and"
            ecep:syllab="1"
            ecep:pron="ænd">and</w>
         <c> </c>
         <w xml:id="n27tc-158250"
            n="a-0240"
            ecep:lem="old"
            ecep:pos="j"
            ecep:reg="old"
            ecep:spe="old"
            ecep:syllab="1"
            ecep:pron="əʊld">old</w>
         <pc xml:id="n27tc-158260"
             n="a-0250"
             ecep:lem=","
             ecep:pos=","
             ecep:reg=","
             ecep:spe=",">,</pc>
      </l>
      <l n="15" xml:id="n27tc-l06170">
         <c> </c>
         <w xml:id="n27tc-158270"
            n="a-0260"
            ecep:lem="how"
            ecep:pos="c-crq"
            ecep:reg="How"
            ecep:spe="How"
            ecep:syllab="1"
            ecep:pron="haʊ">How</w>
         <c> </c>
         <w xml:id="n27tc-158280"
            n="a-0270"
            ecep:lem="snug"
            ecep:pos="av-j"
            ecep:reg="snugly"
            ecep:spe="snugly"
            ecep:syllab="2"
            ecep:pron="snʌgli">snugly</w>
         <c> </c>
         <w xml:id="n27tc-158290"
            n="a-0280"
            ecep:lem="we"
            ecep:pos="pns12"
            ecep:reg="we"
            ecep:spe="we"
            ecep:syllab="1"
            ecep:pron="wiː">we</w>
         <c> </c>
         <w xml:id="n27tc-158300"
            n="a-0290"
            ecep:lem="sleep"
            ecep:pos="vvd"
            ecep:reg="slept"
            ecep:spe="slept"
            ecep:syllab="1"
            ecep:pron="slept">slept</w>
         <c> </c>
         <w xml:id="n27tc-158310"
            n="a-0300"
            ecep:lem="in"
            ecep:pos="p-acp"
            ecep:reg="in"
            ecep:spe="in"
            ecep:syllab="1"
            ecep:pron="ɪn">in</w>
         <c> </c>
         <w xml:id="n27tc-158320"
            n="a-0310"
            ecep:lem="my"
            ecep:pos="po11"
            ecep:reg="my"
            ecep:spe="my"
            ecep:syllab="1"
            ecep:pron="maɪ">my</w>
         <c> </c>
         <w xml:id="n27tc-158330"
            n="a-0320"
            ecep:lem="old"
            ecep:pos="j"
            ecep:reg="old"
            ecep:spe="old"
            ecep:syllab="1"
            ecep:pron="əʊld">old</w>
         <c> </c>
         <w xml:id="n27tc-158340"
            n="a-0330"
            ecep:lem="coat"
            ecep:pos="n1"
            ecep:reg="coat"
            ecep:spe="coat"
            ecep:syllab="1"
            ecep:pron="kəʊt">coat</w>
         <c> </c>
         <w xml:id="n27tc-158350"
            n="a-0340"
            ecep:lem="of"
            ecep:pos="pp-f"
            ecep:reg="of"
            ecep:spe="of"
            ecep:syllab="1"
            ecep:pron="ɒv">of</w>
         <c> </c>
         <w xml:id="n27tc-158360"
            n="a-0350"
            ecep:lem="grey"
            ecep:pos="j-jn"
            ecep:reg="grey"
            ecep:spe="grey"
            ecep:syllab="1"
            ecep:pron="greɪ">grey</w>
         <pc xml:id="n27tc-158370"
             n="a-0360"
             ecep:lem=","
             ecep:pos=","
             ecep:reg=","
             ecep:spe=",">,</pc>
      </l>
      <l xml:id="n27tc-l06175">
         <c> </c>
         <w xml:id="n27tc-158380"
            n="a-0370"
            ecep:lem="and"
            ecep:pos="cc"
            ecep:reg="And"
            ecep:spe="And"
            ecep:syllab="1"
            ecep:pron="ænd">And</w>
         <c> </c>
         <w xml:id="n27tc-158390"
            n="a-0380"
            ecep:lem="he"
            ecep:pos="pns31"
            ecep:reg="he"
            ecep:spe="he"
            ecep:syllab="1"
            ecep:pron="hiː">he</w>
         <c> </c>
         <w xml:id="n27tc-158400"
            n="a-0390"
            ecep:lem="lick"
            ecep:pos="vvd"
            ecep:reg="licked"
            ecep:spe="lick'd"
            ecep:syllab="1"
            ecep:pron="lɪkt">lick'd</w>
         <c> </c>
         <w xml:id="n27tc-158410"
            n="a-0400"
            ecep:lem="i"
            ecep:pos="pno11"
            ecep:reg="me"
            ecep:spe="me"
            ecep:syllab="1"
            ecep:pron="miː">me</w>
         <c> </c>
         <w xml:id="n27tc-158420"
            n="a-0410"
            ecep:lem="for"
            ecep:pos="p-acp"
            ecep:reg="for"
            ecep:spe="for"
            ecep:syllab="1"
            ecep:pron="fɔː">for</w>
         <c> </c>
         <w xml:id="n27tc-158430"
            n="a-0420"
            ecep:lem="kindness"
            ecep:pos="n1"
            ecep:reg="kindness"
            ecep:spe="kindness"
            ecep:syllab="2"
            ecep:pron="kaɪndnəs">kindness</w>
         <c> </c>
         <pc xml:id="n27tc-158440"
             n="a-0430"
             ecep:lem="—"
             ecep:pos="—"
             ecep:reg="—"
             ecep:spe="—">—</pc>
         <c> </c>
         <w xml:id="n27tc-158450"
            n="a-0440"
            ecep:lem="my"
            ecep:pos="po11"
            ecep:reg="my"
            ecep:spe="my"
            ecep:syllab="1"
            ecep:pron="maɪ">my</w>
         <c> </c>
         <w xml:id="n27tc-158460"
            n="a-0450"
            ecep:lem="poor"
            ecep:pos="j"
            ecep:reg="poor"
            ecep:spe="poor"
            ecep:syllab="1"
            ecep:pron="pɔː">poor</w>
         <c> </c>
         <w xml:id="n27tc-158470"
            n="a-0460"
            ecep:lem="dog"
            ecep:pos="n1"
            ecep:reg="dog"
            ecep:spe="dog"
            ecep:syllab="1"
            ecep:pron="dɒg">dog</w>
         <c> </c>
         <w xml:id="n27tc-158480"
            n="a-0470"
            ecep:lem="tray"
            ecep:pos="n1"
            ecep:reg="Tray"
            ecep:spe="Tray"
            ecep:syllab="1"
            ecep:pron="treɪ">Tray</w>
         <pc xml:id="n27tc-158490"
             n="a-0480"
             unit="sentence"
             ecep:lem="."
             ecep:pos="."
             ecep:reg="."
             ecep:spe=".">.</pc>
         <c> </c>
      </l>
   </lg>
   <lg xml:id="n27tc-s01075">
      <l xml:id="n27tc-l06180">
         <w xml:id="n27tc-158520"
            n="a-0490"
            ecep:lem="though"
            ecep:pos="c-acp"
            ecep:reg="Though"
            ecep:spe="Though"
            ecep:syllab="1"
            ecep:pron="ðəʊ">Though</w>
         <c> </c>
         <w xml:id="n27tc-158530"
            n="a-0500"
            ecep:lem="my"
            ecep:pos="po11"
            ecep:reg="my"
            ecep:spe="my"
            ecep:syllab="1"
            ecep:pron="maɪ">my</w>
         <c> </c>
         <w xml:id="n27tc-158540"
            n="a-0510"
            ecep:lem="wallet"
            ecep:pos="n1"
            ecep:reg="wallet"
            ecep:spe="wallet"
            ecep:syllab="2"
            ecep:pron="ˈwɒlɪt">wallet</w>
         <c> </c>
         <w xml:id="n27tc-158550"
            n="a-0520"
            ecep:lem="be"
            ecep:pos="vbds"
            ecep:reg="was"
            ecep:spe="was"
            ecep:syllab="1"
            ecep:pron="wɒz">was</w>
         <c> </c>
         <w xml:id="n27tc-158560"
            n="a-0530"
            ecep:lem="scant"
            ecep:pos="j"
            ecep:reg="scant"
            ecep:spe="scant"
            ecep:syllab="1"
            ecep:pron="skænt">scant</w>
         <pc xml:id="n27tc-158570"
             n="a-0540"
             ecep:lem=","
             ecep:pos=","
             ecep:reg=","
             ecep:spe=",">,</pc>
         <c> </c>
         <w xml:id="n27tc-158580"
            n="a-0550"
            ecep:lem="i"
            ecep:pos="pns11"
            ecep:reg="I"
            ecep:spe="I"
            ecep:syllab="1"
            ecep:pron="aɪ">I</w>
         <c> </c>
         <w xml:id="n27tc-158590"
            n="a-0560"
            ecep:lem="remember"
            ecep:pos="vvd"
            ecep:reg="remembered"
            ecep:spe="remember'd"
            ecep:syllab="3"
            ecep:pron="rɪˈmembəd">remember'd</w>
         <c> </c>
         <w xml:id="n27tc-158600"
            n="a-0570"
            ecep:lem="his"
            ecep:pos="po31"
            ecep:reg="his"
            ecep:spe="his"
            ecep:syllab="1"
            ecep:pron="hɪz">his</w>
         <c> </c>
         <w xml:id="n27tc-158610"
            n="a-0580"
            ecep:lem="case"
            ecep:pos="n1"
            ecep:reg="case"
            ecep:spe="case"
            ecep:syllab="1"
            ecep:pron="keɪs">case</w>
         <pc xml:id="n27tc-158620"
             n="a-0590"
             ecep:lem=","
             ecep:pos=","
             ecep:reg=","
             ecep:spe=",">,</pc>
      </l>
      <l xml:id="n27tc-l06185">
         <c> </c>
         <w xml:id="n27tc-158630"
            n="a-0600"
            ecep:lem="nor"
            ecep:pos="ccx"
            ecep:reg="Nor"
            ecep:spe="Nor"
            ecep:syllab="1"
            ecep:pron="nɔː">Nor</w>
         <c> </c>
         <w xml:id="n27tc-158640"
            n="a-0610"
            ecep:lem="refuse"
            ecep:pos="vvd"
            ecep:reg="refused"
            ecep:spe="refus'd"
            ecep:syllab="2"
            ecep:pron="rɪˈfjuːzd">refus'd</w>
         <c> </c>
         <w xml:id="n27tc-158650"
            n="a-0620"
            ecep:lem="my"
            ecep:pos="po11"
            ecep:reg="my"
            ecep:spe="my"
            ecep:syllab="1"
            ecep:pron="maɪ">my</w>
         <c> </c>
         <w xml:id="n27tc-158660"
            n="a-0630"
            ecep:lem="last"
            ecep:pos="ord"
            ecep:reg="last"
            ecep:spe="last"
            ecep:syllab="1"
            ecep:pron="lɑːst">last</w>
         <c> </c>
         <w xml:id="n27tc-158670"
            n="a-0640"
            ecep:lem="crust"
            ecep:pos="n1"
            ecep:reg="crust"
            ecep:spe="crust"
            ecep:syllab="1"
            ecep:pron="krʌst">crust</w>
         <c> </c>
         <w xml:id="n27tc-158680"
            n="a-0650"
            ecep:lem="to"
            ecep:pos="p-acp"
            ecep:reg="to"
            ecep:spe="to"
            ecep:syllab="1"
            ecep:pron="tuː">to</w>
         <c> </c>
         <w xml:id="n27tc-158690"
            n="a-0660"
            ecep:lem="his"
            ecep:pos="po31"
            ecep:reg="his"
            ecep:spe="his"
            ecep:syllab="1"
            ecep:pron="hɪz">his</w>
         <c> </c>
         <w xml:id="n27tc-158700"
            n="a-0670"
            ecep:lem="pitiful"
            ecep:pos="j"
            ecep:reg="pitiful"
            ecep:spe="pitiful"
            ecep:syllab="3"
            ecep:pron="ˈpɪtifl">pitiful</w>
         <c> </c>
         <w xml:id="n27tc-158710"
            n="a-0680"
            ecep:lem="face"
            ecep:pos="n1"
            ecep:reg="face"
            ecep:spe="face"
            ecep:syllab="1"
            ecep:pron="feɪs">face</w>
         <pc xml:id="n27tc-158720"
             n="a-0690"
             ecep:lem=";"
             ecep:pos=";"
             ecep:reg=";"
             ecep:spe=";">;</pc>
      </l>
      <l xml:id="n27tc-l06190">
         <c> </c>
         <w xml:id="n27tc-158730"
            n="a-0700"
            ecep:lem="but"
            ecep:pos="cc-acp"
            ecep:reg="But"
            ecep:spe="But"
            ecep:syllab="1"
            ecep:pron="bʌt">But</w>
         <c> </c>
         <w xml:id="n27tc-158740"
            n="a-0710"
            ecep:lem="he"
            ecep:pos="pns31"
            ecep:reg="he"
            ecep:spe="he"
            ecep:syllab="1"
            ecep:pron="hiː">he</w>
         <c> </c>
         <w xml:id="n27tc-158750"
            n="a-0720"
            ecep:lem="die"
            ecep:pos="vvd"
            ecep:reg="died"
            ecep:spe="died"
            ecep:syllab="1"
            ecep:pron="daɪd">died</w>
         <c> </c>
         <w xml:id="n27tc-158760"
            n="a-0730"
            ecep:lem="at"
            ecep:pos="p-acp"
            ecep:reg="at"
            ecep:spe="at"
            ecep:syllab="1"
            ecep:pron="æt">at</w>
         <c> </c>
         <w xml:id="n27tc-158770"
            n="a-0740"
            ecep:lem="my"
            ecep:pos="po11"
            ecep:reg="my"
            ecep:spe="my"
            ecep:syllab="1"
            ecep:pron="maɪ">my</w>
         <c> </c>
         <w xml:id="n27tc-158780"
            n="a-0750"
            ecep:lem="foot"
            ecep:pos="n2"
            ecep:reg="feet"
            ecep:spe="feet"
            ecep:syllab="1"
            ecep:pron="fiːt">feet</w>
         <c> </c>
         <w xml:id="n27tc-158790"
            n="a-0760"
            ecep:lem="on"
            ecep:pos="p-acp"
            ecep:reg="on"
            ecep:spe="on"
            ecep:syllab="1"
            ecep:pron="ɒn">on</w>
         <c> </c>
         <w xml:id="n27tc-158800"
            n="a-0770"
            ecep:lem="a"
            ecep:pos="dt"
            ecep:reg="a"
            ecep:spe="a"
            ecep:syllab="1"
            ecep:pron="ə">a</w>
         <c> </c>
         <w xml:id="n27tc-158810"
            n="a-0780"
            ecep:lem="cold"
            ecep:pos="j-jn"
            ecep:reg="cold"
            ecep:spe="cold"
            ecep:syllab="1"
            ecep:pron="kəʊld">cold</w>
         <c> </c>
         <w xml:id="n27tc-158820"
            n="a-0790"
            ecep:lem="winter"
            ecep:pos="n1"
            ecep:reg="winter"
            ecep:spe="winter"
            ecep:syllab="2"
            ecep:pron="ˈwɪntə">winter</w>
         <c> </c>
         <w xml:id="n27tc-158830"
            n="a-0800"
            ecep:lem="day"
            ecep:pos="n1"
            ecep:reg="day"
            ecep:spe="day"
            ecep:syllab="1"
            ecep:pron="deɪ">day</w>
         <pc xml:id="n27tc-158840"
             n="a-0810"
             ecep:lem=","
             ecep:pos=","
             ecep:reg=","
             ecep:spe=",">,</pc>
      </l>
      <l n="20" xml:id="n27tc-l06195">
         <c> </c>
         <w xml:id="n27tc-158850"
            n="a-0820"
            ecep:lem="and"
            ecep:pos="cc"
            ecep:reg="And"
            ecep:spe="And"
            ecep:syllab="1"
            ecep:pron="ænd">And</w>
         <c> </c>
         <w xml:id="n27tc-158860"
            n="a-0830"
            ecep:lem="i"
            ecep:pos="pns11"
            ecep:reg="I"
            ecep:spe="I"
            ecep:syllab="1"
            ecep:pron="aɪ">I</w>
         <c> </c>
         <w xml:id="n27tc-158870"
            n="a-0840"
            ecep:lem="play"
            ecep:pos="vvd"
            ecep:reg="played"
            ecep:spe="play'd"
            ecep:syllab="1"
            ecep:pron="pleɪd">play'd</w>
         <c> </c>
         <w xml:id="n27tc-158880"
            n="a-0850"
            ecep:lem="a"
            ecep:pos="dt"
            ecep:reg="a"
            ecep:spe="a"
            ecep:syllab="1"
            ecep:pron="ə">a</w>
         <c> </c>
         <w xml:id="n27tc-158890"
            n="a-0860"
            ecep:lem="sad"
            ecep:pos="j"
            ecep:reg="sad"
            ecep:spe="sad"
            ecep:syllab="1"
            ecep:pron="sæd">sad</w>
         <c> </c>
         <w xml:id="n27tc-158900"
            n="a-0870"
            ecep:lem="lament"
            ecep:pos="n1"
            ecep:reg="lament"
            ecep:spe="lament"
            ecep:syllab="2"
            ecep:pron="ləˈment">lament</w>
         <c> </c>
         <w xml:id="n27tc-158910"
            n="a-0880"
            ecep:lem="for"
            ecep:pos="p-acp"
            ecep:reg="for"
            ecep:spe="for"
            ecep:syllab="1"
            ecep:pron="fɔː">for</w>
         <c> </c>
         <w xml:id="n27tc-158920"
            n="a-0890"
            ecep:lem="my"
            ecep:pos="po11"
            ecep:reg="my"
            ecep:spe="my"
            ecep:syllab="1"
            ecep:pron="maɪ">my</w>
         <c> </c>
         <w xml:id="n27tc-158930"
            n="a-0900"
            ecep:lem="poor"
            ecep:pos="j"
            ecep:reg="poor"
            ecep:spe="poor"
            ecep:syllab="1"
            ecep:pron="pɔː">poor</w>
         <c> </c>
         <w xml:id="n27tc-158940"
            n="a-0910"
            ecep:lem="dog"
            ecep:pos="n1"
            ecep:reg="dog"
            ecep:spe="dog"
            ecep:syllab="1"
            ecep:pron="dɒg">dog</w>
         <c> </c>
         <w xml:id="n27tc-158950"
            n="a-0920"
            ecep:lem="tray"
            ecep:pos="n1"
            ecep:reg="Tray"
            ecep:spe="Tray"
            ecep:syllab="1"
            ecep:pron="treɪ">Tray</w>
         <pc xml:id="n27tc-158960"
             n="a-0930"
             unit="sentence"
             ecep:lem="."
             ecep:pos="."
             ecep:reg="."
             ecep:spe=".">.</pc>
         <c> </c>
      </l>
   </lg>
   <lg xml:id="n27tc-s01080">
      <l xml:id="n27tc-l06200">
         <w xml:id="n27tc-158990"
            n="a-0940"
            ecep:lem="where"
            ecep:pos="q-crq"
            ecep:reg="Where"
            ecep:spe="Where"
            ecep:syllab="1"
            ecep:pron="weə">Where</w>
         <c> </c>
         <w xml:id="n27tc-159000"
            n="a-0950"
            ecep:lem="now"
            ecep:pos="av"
            ecep:reg="now"
            ecep:spe="now"
            ecep:syllab="1"
            ecep:pron="naʊ">now</w>
         <c> </c>
         <w xml:id="n27tc-159010"
            n="a-0960"
            ecep:lem="shall"
            ecep:pos="vmb"
            ecep:reg="shall"
            ecep:spe="shall"
            ecep:syllab="1"
            ecep:pron="ʃæl">shall</w>
         <c> </c>
         <w xml:id="n27tc-159020"
            n="a-0970"
            ecep:lem="i"
            ecep:pos="pns11"
            ecep:reg="I"
            ecep:spe="I"
            ecep:syllab="1"
            ecep:pron="aɪ">I</w>
         <c> </c>
         <w xml:id="n27tc-159030"
            n="a-0980"
            ecep:lem="go"
            ecep:pos="vvi"
            ecep:reg="go"
            ecep:spe="go"
            ecep:syllab="1"
            ecep:pron="gəʊ">go</w>
         <pc xml:id="n27tc-159040"
             n="a-0990"
             ecep:lem=","
             ecep:pos=","
             ecep:reg=","
             ecep:spe=",">,</pc>
         <c> </c>
         <w xml:id="n27tc-159050"
            n="a-1000"
            ecep:lem="poor"
            ecep:pos="j"
            ecep:reg="poor"
            ecep:spe="poor"
            ecep:syllab="1"
            ecep:pron="pɔː">poor</w>
         <pc xml:id="n27tc-159060"
             n="a-1010"
             ecep:lem=","
             ecep:pos=","
             ecep:reg=","
             ecep:spe=",">,</pc>
         <c> </c>
         <w xml:id="n27tc-159070"
            n="a-1020"
            ecep:lem="forsake"
            ecep:pos="vvn"
            ecep:reg="forsaken"
            ecep:spe="forsaken"
            ecep:syllab="3"
            ecep:pron="fəˈseɪkn">forsaken</w>
         <c> </c>
         <w xml:id="n27tc-159080"
            n="a-1030"
            ecep:lem="and"
            ecep:pos="cc"
            ecep:reg="and"
            ecep:spe="and"
            ecep:syllab="1"
            ecep:pron="ænd">and</w>
         <c> </c>
         <w xml:id="n27tc-159090"
            n="a-1040"
            ecep:lem="blind"
            ecep:pos="j"
            ecep:reg="blind"
            ecep:spe="blind"
            ecep:syllab="1"
            ecep:pron="blaɪnd">blind</w>
         <pc xml:id="n27tc-159100"
             n="a-1050"
             unit="sentence"
             ecep:lem="?"
             ecep:pos="?"
             ecep:reg="?"
             ecep:spe="?">?</pc>
         <c> </c>
      </l>
      <l xml:id="n27tc-l06205">
         <w xml:id="n27tc-159110"
            n="a-1060"
            ecep:lem="can"
            ecep:pos="vmb"
            ecep:reg="Can"
            ecep:spe="Can"
            ecep:syllab="1"
            ecep:pron="kæn">Can</w>
         <c> </c>
         <w xml:id="n27tc-159120"
            n="a-1070"
            ecep:lem="i"
            ecep:pos="pns11"
            ecep:reg="I"
            ecep:spe="I"
            ecep:syllab="1"
            ecep:pron="aɪ">I</w>
         <c> </c>
         <w xml:id="n27tc-159130"
            n="a-1080"
            ecep:lem="find"
            ecep:pos="vvi"
            ecep:reg="find"
            ecep:spe="find"
            ecep:syllab="1"
            ecep:pron="faɪnd">find</w>
         <c> </c>
         <w xml:id="n27tc-159140"
            n="a-1090"
            ecep:lem="one"
            ecep:pos="pi"
            ecep:reg="one"
            ecep:spe="one"
            ecep:syllab="1"
            ecep:pron="wʌn">one</w>
         <c> </c>
         <w xml:id="n27tc-159150"
            n="a-1100"
            ecep:lem="to"
            ecep:pos="pc-acp"
            ecep:reg="to"
            ecep:spe="to"
            ecep:syllab="1"
            ecep:pron="tuː">to</w>
         <c> </c>
         <w xml:id="n27tc-159160"
            n="a-1110"
            ecep:lem="guide"
            ecep:pos="vvi"
            ecep:reg="guide"
            ecep:spe="guide"
            ecep:syllab="1"
            ecep:pron="gaɪd">guide</w>
         <c> </c>
         <w xml:id="n27tc-159170"
            n="a-1120"
            ecep:lem="i"
            ecep:pos="pno11"
            ecep:reg="me"
            ecep:spe="me"
            ecep:syllab="1"
            ecep:pron="miː">me</w>
         <pc xml:id="n27tc-159180"
             n="a-1130"
             ecep:lem=","
             ecep:pos=","
             ecep:reg=","
             ecep:spe=",">,</pc>
         <c> </c>
         <w xml:id="n27tc-159190"
            n="a-1140"
            ecep:lem="so"
            ecep:pos="av"
            ecep:reg="so"
            ecep:spe="so"
            ecep:syllab="1"
            ecep:pron="səʊ">so</w>
         <c> </c>
         <w xml:id="n27tc-159200"
            n="a-1150"
            ecep:lem="faithful"
            ecep:pos="j"
            ecep:reg="faithful"
            ecep:spe="faithful"
            ecep:syllab="2"
            ecep:pron="ˈfeɪθfl">faithful</w>
         <c> </c>
         <w xml:id="n27tc-159210"
            n="a-1160"
            ecep:lem="and"
            ecep:pos="cc"
            ecep:reg="and"
            ecep:spe="and"
            ecep:syllab="1"
            ecep:pron="ænd">and</w>
         <c> </c>
         <w xml:id="n27tc-159220"
            n="a-1170"
            ecep:lem="kind"
            ecep:pos="j"
            ecep:reg="kind"
            ecep:spe="kind"
            ecep:syllab="1"
            ecep:pron="kaɪnd">kind</w>
         <pc xml:id="n27tc-159230"
             n="a-1180"
             ecep:lem=","
             ecep:pos=","
             ecep:reg=","
             ecep:spe=",">,</pc>
      </l>
      <l xml:id="n27tc-l06210">
         <c> </c>
         <w xml:id="n27tc-159240"
            n="a-1190"
            ecep:lem="to"
            ecep:pos="p-acp"
            ecep:reg="To"
            ecep:spe="To"
            ecep:syllab="1"
            ecep:pron="tuː">To</w>
         <c> </c>
         <w xml:id="n27tc-159250"
            n="a-1200"
            ecep:lem="my"
            ecep:pos="po11"
            ecep:reg="my"
            ecep:spe="my"
            ecep:syllab="1"
            ecep:pron="maɪ">my</w>
         <c> </c>
         <w xml:id="n27tc-159260"
            n="a-1210"
            ecep:lem="sweet"
            ecep:pos="j"
            ecep:reg="sweet"
            ecep:spe="sweet"
            ecep:syllab="1"
            ecep:pron="swiːt">sweet</w>
         <c> </c>
         <w xml:id="n27tc-159270"
            n="a-1220"
            ecep:lem="native"
            ecep:pos="j-jn"
            ecep:reg="native"
            ecep:spe="native"
            ecep:syllab="2"
            ecep:pron="ˈneɪtɪv">native</w>
         <c> </c>
         <w xml:id="n27tc-159280"
            n="a-1230"
            ecep:lem="village"
            ecep:pos="n1"
            ecep:reg="village"
            ecep:spe="village"
            ecep:syllab="2"
            ecep:pron="ˈvɪlɪdʒ">village</w>
         <pc xml:id="n27tc-159290"
             n="a-1240"
             ecep:lem=","
             ecep:pos=","
             ecep:reg=","
             ecep:spe=",">,</pc>
         <c> </c>
         <w xml:id="n27tc-159300"
            n="a-1250"
            ecep:lem="so"
            ecep:pos="av"
            ecep:reg="so"
            ecep:spe="so"
            ecep:syllab="1"
            ecep:pron="səʊ">so</w>
         <c> </c>
         <w xml:id="n27tc-159310"
            n="a-1260"
            ecep:lem="far"
            ecep:pos="av-j"
            ecep:reg="far"
            ecep:spe="far"
            ecep:syllab="1"
            ecep:pron="fɑː">far</w>
         <pc xml:id="n27tc-159320"
             n="a-1270"
             ecep:lem=","
             ecep:pos=","
             ecep:reg=","
             ecep:spe=",">,</pc>
         <c> </c>
         <w xml:id="n27tc-159330"
            n="a-1280"
            ecep:lem="far"
            ecep:pos="av-j"
            ecep:reg="far"
            ecep:spe="far"
            ecep:syllab="1"
            ecep:pron="fɑː">far</w>
         <c> </c>
         <w xml:id="n27tc-159340"
            n="a-1290"
            ecep:lem="away"
            ecep:pos="av"
            ecep:reg="away"
            ecep:spe="away"
            ecep:syllab="2"
            ecep:pron="əˈweɪ">away</w>
         <pc xml:id="n27tc-159350"
             n="a-1300"
             unit="sentence"
             ecep:lem="?"
             ecep:pos="?"
             ecep:reg="?"
             ecep:spe="?">?</pc>
         <c> </c>
      </l>
      <l xml:id="n27tc-l06215">
         <w xml:id="n27tc-159360"
            n="a-1310"
            ecep:lem="i"
            ecep:pos="pns11"
            ecep:reg="I"
            ecep:spe="I"
            ecep:syllab="1"
            ecep:pron="aɪ">I</w>
         <c> </c>
         <w xml:id="n27tc-159370"
            n="a-1320"
            ecep:lem="can"
            ecep:pos="vmb"
            ecep:reg="can"
            ecep:spe="can"
            ecep:syllab="1"
            ecep:pron="kæn">can</w>
         <c> </c>
         <w xml:id="n27tc-159380"
            n="a-1330"
            ecep:lem="never"
            ecep:pos="av-x"
            ecep:reg="never"
            ecep:spe="never"
            ecep:syllab="2"
            ecep:pron="ˈnevə">never</w>
         <c> </c>
         <w xml:id="n27tc-159390"
            n="a-1340"
            ecep:lem="more"
            ecep:pos="av-dc"
            ecep:reg="more"
            ecep:spe="more"
            ecep:syllab="1"
            ecep:pron="mɔː">more</w>
         <c> </c>
         <w xml:id="n27tc-159400"
            n="a-1350"
            ecep:lem="return"
            ecep:pos="vvi"
            ecep:reg="return"
            ecep:spe="return"
            ecep:syllab="2"
            ecep:pron="rɪˈtɜːn">return</w>
         <c> </c>
         <w xml:id="n27tc-159410"
            n="a-1360"
            ecep:lem="with"
            ecep:pos="p-acp"
            ecep:reg="with"
            ecep:spe="with"
            ecep:syllab="1"
            ecep:pron="wɪð">with</w>
         <c> </c>
         <w xml:id="n27tc-159420"
            n="a-1370"
            ecep:lem="my"
            ecep:pos="po11"
            ecep:reg="my"
            ecep:spe="my"
            ecep:syllab="1"
            ecep:pron="maɪ">my</w>
         <c> </c>
         <w xml:id="n27tc-159430"
            n="a-1380"
            ecep:lem="poor"
            ecep:pos="j"
            ecep:reg="poor"
            ecep:spe="poor"
            ecep:syllab="1"
            ecep:pron="pɔː">poor</w>
         <c> </c>
         <w xml:id="n27tc-159440"
            n="a-1390"
            ecep:lem="dog"
            ecep:pos="n1"
            ecep:reg="dog"
            ecep:spe="dog"
            ecep:syllab="1"
            ecep:pron="dɒg">dog</w>
         <c> </c>
         <w xml:id="n27tc-159450"
            n="a-1400"
            ecep:lem="tray"
            ecep:pos="n1"
            ecep:reg="Tray"
            ecep:spe="Tray"
            ecep:syllab="1"
            ecep:pron="treɪ">Tray</w>
         <pc xml:id="n27tc-159460"
             n="a-1410"
             unit="sentence"
             ecep:lem="."
             ecep:pos="."
             ecep:reg="."
             ecep:spe=".">.</pc>
         <c> </c>
      </l>
   </lg>
</div>
