<?xml version="1.0" encoding="utf-8"?>
<!DOCTYPE div
  SYSTEM "about:legacy-compat">
<div xmlns:ecep="http://www.eighteenthcenturypoetry.org/ns"
     xmlns="http://www.tei-c.org/ns/1.0"
     xmlns:tei="http://www.tei-c.org/ns/1.0"
     ana="#trochee #tetrameter #quatrain #pair #hymn"
     corresp="#txt_WeslCh1707_w0026"
     decls="#semi-normalized"
     ecep:syllab="8.8.8.8"
     met="+-|+-|+-|+-/ +-|+-|+-|+-/ +-|+-|+-|+-/ +-|+-|+-|+-/"
     rendition="#lgvspace"
     rhyme="aabb"
     subtype="eceptext"
     type="poem"
     xml:id="o3900-w0840">
   <link target="authors.xml#aut_WeslCh1707" type="author"/>
   <head type="main">
      <hi>
         <w xml:id="o3900-302630"
            n="147-a-1260"
            ecep:lem="glory"
            ecep:pos="n1"
            ecep:reg="Glory"
            ecep:spe="Glory"
            ecep:syllab="2"
            ecep:pron="ˈglɔːri">Glory</w>
         <c> </c>
         <w xml:id="o3900-302640"
            n="147-a-1270"
            ecep:lem="be"
            ecep:pos="vbb"
            ecep:reg="be"
            ecep:spe="be"
            ecep:syllab="1"
            ecep:pron="biː">be</w>
         <c> </c>
         <w xml:id="o3900-302650"
            n="147-a-1280"
            ecep:lem="to"
            ecep:pos="p-acp"
            ecep:reg="to"
            ecep:spe="to"
            ecep:syllab="1"
            ecep:pron="tuː">to</w>
         <c> </c>
         <w xml:id="o3900-302660"
            n="147-a-1290"
            ecep:lem="god"
            ecep:pos="n1"
            ecep:reg="GOD"
            ecep:spe="GOD"
            ecep:syllab="1"
            ecep:pron="gɒd">GOD</w>
         <c> </c>
         <w xml:id="o3900-302670"
            n="147-a-1300"
            ecep:lem="on"
            ecep:pos="p-acp"
            ecep:reg="on"
            ecep:spe="on"
            ecep:syllab="1"
            ecep:pron="ɒn">on</w>
         <c> </c>
         <w xml:id="o3900-302680"
            n="147-a-1310"
            ecep:lem="high"
            ecep:pos="j"
            ecep:reg="high"
            ecep:spe="high"
            ecep:syllab="1"
            ecep:pron="haɪ">high</w>
         <pc xml:id="o3900-302690"
             n="147-a-1320"
             ecep:lem=","
             ecep:pos=","
             ecep:reg=","
             ecep:spe=",">,</pc>
      </hi>
      <c> </c>
      <w xml:id="o3900-302700"
         n="147-a-1330"
         ecep:lem="etc."
         ecep:pos="av"
         ecep:reg="etc."
         ecep:spe="&amp;c."
         ecep:syllab="0"
         ecep:pron="ændsˈiː">&amp;c.</w>
      <pc unit="sentence" xml:id="o3900-302700-eos" n="147-a-1340"/>
   </head>
   <lg n="1" xml:id="o3900-s02875">
      <head>
         <w xml:id="o3900-302740"
            n="147-a-1350"
            ecep:lem="i"
            ecep:pos="pns11"
            ecep:reg="I"
            ecep:spe="I."
            ecep:syllab="1"
            ecep:pron="ˈaɪ">I.</w>
         <pc unit="sentence" xml:id="o3900-302740-eos" n="147-a-1360"/>
      </head>
      <l xml:id="o3900-l15050">
         <w xml:id="o3900-302760"
            n="147-a-1370"
            ecep:lem="glory"
            ecep:pos="n1"
            ecep:reg="GLORY"
            ecep:spe="GLORY"
            ecep:syllab="2"
            ecep:pron="ˈglɔːri">GLORY</w>
         <c> </c>
         <w xml:id="o3900-302770"
            n="147-a-1380"
            ecep:lem="be"
            ecep:pos="vbb"
            ecep:reg="be"
            ecep:spe="be"
            ecep:syllab="1"
            ecep:pron="biː">be</w>
         <c> </c>
         <w xml:id="o3900-302780"
            n="147-a-1390"
            ecep:lem="to"
            ecep:pos="p-acp"
            ecep:reg="to"
            ecep:spe="to"
            ecep:syllab="1"
            ecep:pron="tuː">to</w>
         <c> </c>
         <w xml:id="o3900-302790"
            n="147-a-1400"
            ecep:lem="god"
            ecep:pos="n1"
            ecep:reg="GOD"
            ecep:spe="GOD"
            ecep:syllab="1"
            ecep:pron="gɒd">GOD</w>
         <c> </c>
         <w xml:id="o3900-302800"
            n="147-a-1410"
            ecep:lem="on"
            ecep:pos="p-acp"
            ecep:reg="on"
            ecep:spe="on"
            ecep:syllab="1"
            ecep:pron="ɒn">on</w>
         <c> </c>
         <w xml:id="o3900-302810"
            n="147-a-1420"
            ecep:lem="high"
            ecep:pos="j"
            ecep:reg="high"
            ecep:spe="high"
            ecep:syllab="1"
            ecep:pron="haɪ">high</w>
         <pc xml:id="o3900-302820"
             n="147-a-1430"
             ecep:lem=","
             ecep:pos=","
             ecep:reg=","
             ecep:spe=",">,</pc>
      </l>
      <l xml:id="o3900-l15055">
         <c> </c>
         <w xml:id="o3900-302830"
            n="147-a-1440"
            ecep:lem="god"
            ecep:pos="n1"
            ecep:reg="GOD"
            ecep:spe="GOD"
            ecep:syllab="1"
            ecep:pron="gɒd">GOD</w>
         <c> </c>
         <w xml:id="o3900-302840"
            n="147-a-1450"
            ecep:lem="who"
            ecep:pos="r-crq"
            ecep:reg="whose"
            ecep:spe="whose"
            ecep:syllab="1"
            ecep:pron="huːz">whose</w>
         <c> </c>
         <w xml:id="o3900-302850"
            n="147-a-1460"
            ecep:lem="glory"
            ecep:pos="n1"
            ecep:reg="Glory"
            ecep:spe="Glory"
            ecep:syllab="2"
            ecep:pron="ˈglɔːri">Glory</w>
         <c> </c>
         <w xml:id="o3900-302860"
            n="147-a-1470"
            ecep:lem="fill"
            ecep:pos="vvz"
            ecep:reg="fills"
            ecep:spe="fills"
            ecep:syllab="1"
            ecep:pron="fɪlz">fills</w>
         <c> </c>
         <w xml:id="o3900-302870"
            n="147-a-1480"
            ecep:lem="the"
            ecep:pos="dt"
            ecep:reg="the"
            ecep:spe="the"
            ecep:syllab="1"
            ecep:pron="ðiː">the</w>
         <c> </c>
         <w xml:id="o3900-302880"
            n="147-a-1490"
            ecep:lem="sky"
            ecep:pos="n1"
            ecep:reg="Sky"
            ecep:spe="Sky"
            ecep:syllab="1"
            ecep:pron="skaɪ">Sky</w>
         <pc xml:id="o3900-302890"
             n="147-a-1500"
             ecep:lem=":"
             ecep:pos=":"
             ecep:reg=":"
             ecep:spe=":">:</pc>
      </l>
      <l xml:id="o3900-l15060">
         <c> </c>
         <w xml:id="o3900-302900"
            n="147-a-1510"
            ecep:lem="peace"
            ecep:pos="n1"
            ecep:reg="Peace"
            ecep:spe="Peace"
            ecep:syllab="1"
            ecep:pron="piːs">Peace</w>
         <c> </c>
         <w xml:id="o3900-302910"
            n="147-a-1520"
            ecep:lem="on"
            ecep:pos="p-acp"
            ecep:reg="on"
            ecep:spe="on"
            ecep:syllab="1"
            ecep:pron="ɒn">on</w>
         <c> </c>
         <w xml:id="o3900-302920"
            n="147-a-1530"
            ecep:lem="earth"
            ecep:pos="n1"
            ecep:reg="Earth"
            ecep:spe="Earth"
            ecep:syllab="1"
            ecep:pron="ɜːθ">Earth</w>
         <c> </c>
         <w xml:id="o3900-302930"
            n="147-a-1540"
            ecep:lem="to"
            ecep:pos="p-acp"
            ecep:reg="to"
            ecep:spe="to"
            ecep:syllab="1"
            ecep:pron="tuː">to</w>
         <c> </c>
         <w xml:id="o3900-302940"
            n="147-a-1550"
            ecep:lem="man"
            ecep:pos="n1"
            ecep:reg="Man"
            ecep:spe="Man"
            ecep:syllab="1"
            ecep:pron="mæn">Man</w>
         <c> </c>
         <w xml:id="o3900-302950"
            n="147-a-1560"
            ecep:lem="forgive"
            ecep:pos="vvn"
            ecep:reg="forgiven"
            ecep:spe="forgiv'n"
            ecep:syllab="2"
            ecep:pron="fəgˈɪvn">forgiv'n</w>
         <pc xml:id="o3900-302960"
             n="147-a-1570"
             ecep:lem=","
             ecep:pos=","
             ecep:reg=","
             ecep:spe=",">,</pc>
      </l>
      <l xml:id="o3900-l15065">
         <c> </c>
         <w xml:id="o3900-302970"
            n="147-a-1580"
            ecep:lem="man"
            ecep:pos="n1"
            ecep:reg="Man"
            ecep:spe="Man"
            ecep:syllab="1"
            ecep:pron="mæn">Man</w>
         <c> </c>
         <w xml:id="o3900-302980"
            n="147-a-1590"
            ecep:lem="the"
            ecep:pos="dt"
            ecep:reg="the"
            ecep:spe="the"
            ecep:syllab="1"
            ecep:pron="ðiː">the</w>
         <c> </c>
         <w xml:id="o3900-302990"
            n="147-a-1600"
            ecep:lem="well-beloved"
            ecep:pos="j"
            ecep:reg="Well-beloved"
            ecep:spe="Well-belov'd"
            ecep:syllab="3"
            ecep:pron="welˌbɪˈlʌvd">Well-belov'd</w>
         <c> </c>
         <w xml:id="o3900-303000"
            n="147-a-1610"
            ecep:lem="of"
            ecep:pos="pp-f"
            ecep:reg="of"
            ecep:spe="of"
            ecep:syllab="1"
            ecep:pron="ɒv">of</w>
         <c> </c>
         <w xml:id="o3900-303010"
            n="147-a-1620"
            ecep:lem="heaven"
            ecep:pos="n1"
            ecep:reg="Heaven"
            ecep:spe="Heav'n"
            ecep:syllab="1"
            ecep:pron="ˈhevn">Heav'n</w>
         <pc xml:id="o3900-303020"
             n="147-a-1630"
             unit="sentence"
             ecep:lem="!"
             ecep:pos="!"
             ecep:reg="!"
             ecep:spe="!">!</pc>
         <c> </c>
      </l>
   </lg>
   <pb facs="148" n="129" rend="none"/>
   <lg n="2" xml:id="o3900-s02880">
      <head>
         <w xml:id="o3900-303060"
            n="148-a-0010"
            ecep:lem="ii"
            ecep:pos="crd"
            ecep:reg="II"
            ecep:spe="II"
            ecep:syllab="1"
            ecep:pron="rˌəʊməntˈuː">II</w>
         <pc xml:id="o3900-303070"
             n="148-a-0020"
             unit="sentence"
             ecep:lem="."
             ecep:pos="."
             ecep:reg="."
             ecep:spe=".">.</pc>
      </head>
      <l xml:id="o3900-l15070">
         <w xml:id="o3900-303090"
            n="148-a-0030"
            ecep:lem="sovereign"
            ecep:pos="n-jn"
            ecep:reg="Sovereign"
            ecep:spe="Sov'reign"
            ecep:syllab="2"
            ecep:pron="sˈɒvreɪn">Sov'reign</w>
         <c> </c>
         <w xml:id="o3900-303100"
            n="148-a-0040"
            ecep:lem="father"
            ecep:pos="n1"
            ecep:reg="Father"
            ecep:spe="Father"
            ecep:syllab="2"
            ecep:pron="ˈfɑːðə">Father</w>
         <pc xml:id="o3900-303110"
             n="148-a-0050"
             ecep:lem=","
             ecep:pos=","
             ecep:reg=","
             ecep:spe=",">,</pc>
         <c> </c>
         <w xml:id="o3900-303120"
            n="148-a-0060"
            ecep:lem="heavenly"
            ecep:pos="j"
            ecep:reg="Heavenly"
            ecep:spe="Heav'nly"
            ecep:syllab="2"
            ecep:pron="ˈhevnli">Heav'nly</w>
         <c> </c>
         <w xml:id="o3900-303130"
            n="148-a-0070"
            ecep:lem="king"
            ecep:pos="n1"
            ecep:reg="King"
            ecep:spe="King"
            ecep:syllab="1"
            ecep:pron="kɪŋ">King</w>
         <pc xml:id="o3900-303140"
             n="148-a-0080"
             unit="sentence"
             ecep:lem="!"
             ecep:pos="!"
             ecep:reg="!"
             ecep:spe="!">!</pc>
         <c> </c>
      </l>
      <l xml:id="o3900-l15075">
         <w xml:id="o3900-303150"
            n="148-a-0090"
            ecep:lem="thou"
            ecep:pos="pno21"
            ecep:reg="Thee"
            ecep:spe="Thee"
            ecep:syllab="1"
            ecep:pron="ðiː">Thee</w>
         <c> </c>
         <w xml:id="o3900-303160"
            n="148-a-0100"
            ecep:lem="we"
            ecep:pos="pns12"
            ecep:reg="we"
            ecep:spe="we"
            ecep:syllab="1"
            ecep:pron="wiː">we</w>
         <c> </c>
         <w xml:id="o3900-303170"
            n="148-a-0110"
            ecep:lem="now"
            ecep:pos="av"
            ecep:reg="now"
            ecep:spe="now"
            ecep:syllab="1"
            ecep:pron="naʊ">now</w>
         <c> </c>
         <w xml:id="o3900-303180"
            n="148-a-0120"
            ecep:lem="presume"
            ecep:pos="vvb"
            ecep:reg="presume"
            ecep:spe="presume"
            ecep:syllab="2"
            ecep:pron="prɪˈzjuːm">presume</w>
         <c> </c>
         <w xml:id="o3900-303190"
            n="148-a-0130"
            ecep:lem="to"
            ecep:pos="pc-acp"
            ecep:reg="to"
            ecep:spe="to"
            ecep:syllab="1"
            ecep:pron="tuː">to</w>
         <c> </c>
         <w xml:id="o3900-303200"
            n="148-a-0140"
            ecep:lem="sing"
            ecep:pos="vvi"
            ecep:reg="sing"
            ecep:spe="sing"
            ecep:syllab="1"
            ecep:pron="sɪŋ">sing</w>
         <pc xml:id="o3900-303210"
             n="148-a-0150"
             ecep:lem=";"
             ecep:pos=";"
             ecep:reg=";"
             ecep:spe=";">;</pc>
      </l>
      <l xml:id="o3900-l15080">
         <c> </c>
         <w xml:id="o3900-303220"
            n="148-a-0160"
            ecep:lem="glad"
            ecep:pos="j"
            ecep:reg="Glad"
            ecep:spe="Glad"
            ecep:syllab="1"
            ecep:pron="glæd">Glad</w>
         <c> </c>
         <w xml:id="o3900-303230"
            n="148-a-0170"
            ecep:lem="thy"
            ecep:pos="po21"
            ecep:reg="Thine"
            ecep:spe="Thine"
            ecep:syllab="1"
            ecep:pron="ðaɪn">Thine</w>
         <c> </c>
         <w xml:id="o3900-303240"
            n="148-a-0180"
            ecep:lem="attribute"
            ecep:pos="n2"
            ecep:reg="Attributes"
            ecep:spe="Attributes"
            ecep:syllab="3"
            ecep:pron="əˈtrɪbjuːts">Attributes</w>
         <c> </c>
         <w xml:id="o3900-303250"
            n="148-a-0190"
            ecep:lem="confess"
            ecep:pos="vvb"
            ecep:reg="confess"
            ecep:spe="confess"
            ecep:syllab="2"
            ecep:pron="kənˈfes">confess</w>
         <pc xml:id="o3900-303260"
             n="148-a-0200"
             ecep:lem=","
             ecep:pos=","
             ecep:reg=","
             ecep:spe=",">,</pc>
      </l>
      <l xml:id="o3900-l15085">
         <c> </c>
         <w xml:id="o3900-303270"
            n="148-a-0210"
            ecep:lem="glorious"
            ecep:pos="j"
            ecep:reg="Glorious"
            ecep:spe="Glorious"
            ecep:syllab="2"
            ecep:pron="ˈglɔːriəs">Glorious</w>
         <c> </c>
         <w xml:id="o3900-303280"
            n="148-a-0220"
            ecep:lem="all"
            ecep:pos="d"
            ecep:reg="all"
            ecep:spe="all"
            ecep:syllab="1"
            ecep:pron="ɔːl">all</w>
         <c> </c>
         <w xml:id="o3900-303290"
            n="148-a-0230"
            ecep:lem="and"
            ecep:pos="cc"
            ecep:reg="and"
            ecep:spe="and"
            ecep:syllab="1"
            ecep:pron="ænd">and</w>
         <c> </c>
         <w xml:id="o3900-303300"
            n="148-a-0240"
            ecep:lem="numberless"
            ecep:pos="j"
            ecep:reg="numberless"
            ecep:spe="numberless"
            ecep:syllab="3"
            ecep:pron="ˈnʌmbləs">numberless</w>
         <pc xml:id="o3900-303310"
             n="148-a-0250"
             unit="sentence"
             ecep:lem="."
             ecep:pos="."
             ecep:reg="."
             ecep:spe=".">.</pc>
         <c> </c>
      </l>
   </lg>
   <lg n="3" xml:id="o3900-s02885">
      <head>
         <w xml:id="o3900-303350"
            n="148-a-0260"
            ecep:lem="iii"
            ecep:pos="crd"
            ecep:reg="III"
            ecep:spe="III"
            ecep:syllab="1"
            ecep:pron="rˌəʊmənθrˈiː">III</w>
         <pc xml:id="o3900-303360"
             n="148-a-0270"
             unit="sentence"
             ecep:lem="."
             ecep:pos="."
             ecep:reg="."
             ecep:spe=".">.</pc>
      </head>
      <l xml:id="o3900-l15090">
         <w xml:id="o3900-303380"
            n="148-a-0280"
            ecep:lem="hail"
            ecep:pos="uh-v"
            ecep:reg="Hail"
            ecep:spe="Hail"
            ecep:syllab="1"
            ecep:pron="heɪl">Hail</w>
         <pc xml:id="o3900-303390"
             n="148-a-0290"
             ecep:lem="!"
             ecep:pos="!"
             ecep:reg="!"
             ecep:spe="!">!</pc>
         <c> </c>
         <w xml:id="o3900-303400"
            n="148-a-0300"
            ecep:lem="by"
            ecep:pos="p-acp"
            ecep:reg="by"
            ecep:spe="by"
            ecep:syllab="1"
            ecep:pron="baɪ">by</w>
         <c> </c>
         <w xml:id="o3900-303410"
            n="148-a-0310"
            ecep:lem="all"
            ecep:pos="d"
            ecep:reg="all"
            ecep:spe="all"
            ecep:syllab="1"
            ecep:pron="ɔːl">all</w>
         <c> </c>
         <w xml:id="o3900-303420"
            n="148-a-0320"
            ecep:lem="thy"
            ecep:pos="po21"
            ecep:reg="thy"
            ecep:spe="thy"
            ecep:syllab="1"
            ecep:pron="ðaɪ">thy</w>
         <c> </c>
         <w xml:id="o3900-303430"
            n="148-a-0330"
            ecep:lem="work"
            ecep:pos="n2"
            ecep:reg="Works"
            ecep:spe="Works"
            ecep:syllab="1"
            ecep:pron="wɜːks">Works</w>
         <c> </c>
         <w xml:id="o3900-303440"
            n="148-a-0340"
            ecep:lem="adore"
            ecep:pos="vvn"
            ecep:reg="adored"
            ecep:spe="ador'd"
            ecep:syllab="2"
            ecep:pron="əˈdɔːd">ador'd</w>
         <pc xml:id="o3900-303450"
             n="148-a-0350"
             ecep:lem=","
             ecep:pos=","
             ecep:reg=","
             ecep:spe=",">,</pc>
      </l>
      <l xml:id="o3900-l15095">
         <c> </c>
         <w xml:id="o3900-303460"
            n="148-a-0360"
            ecep:lem="hail"
            ecep:pos="uh-v"
            ecep:reg="Hail"
            ecep:spe="Hail"
            ecep:syllab="1"
            ecep:pron="heɪl">Hail</w>
         <pc xml:id="o3900-303470"
             n="148-a-0370"
             ecep:lem="!"
             ecep:pos="!"
             ecep:reg="!"
             ecep:spe="!">!</pc>
         <c> </c>
         <w xml:id="o3900-303480"
            n="148-a-0380"
            ecep:lem="the"
            ecep:pos="dt"
            ecep:reg="the"
            ecep:spe="the"
            ecep:syllab="1"
            ecep:pron="ðiː">the</w>
         <c> </c>
         <w xml:id="o3900-303490"
            n="148-a-0390"
            ecep:lem="everlasting"
            ecep:pos="j"
            ecep:reg="everlasting"
            ecep:spe="everlasting"
            ecep:syllab="4"
            ecep:pron="ˌevəˈlɑːstɪŋ">everlasting</w>
         <c> </c>
         <w xml:id="o3900-303500"
            n="148-a-0400"
            ecep:lem="lord"
            ecep:pos="n1"
            ecep:reg="Lord"
            ecep:spe="Lord"
            ecep:syllab="1"
            ecep:pron="lɔːd">Lord</w>
         <pc xml:id="o3900-303510"
             n="148-a-0410"
             unit="sentence"
             ecep:lem="!"
             ecep:pos="!"
             ecep:reg="!"
             ecep:spe="!">!</pc>
         <c> </c>
      </l>
      <l xml:id="o3900-l15100">
         <w xml:id="o3900-303520"
            n="148-a-0420"
            ecep:lem="thou"
            ecep:pos="pno21"
            ecep:reg="Thee"
            ecep:spe="Thee"
            ecep:syllab="1"
            ecep:pron="ðiː">Thee</w>
         <c> </c>
         <w xml:id="o3900-303530"
            n="148-a-0430"
            ecep:lem="with"
            ecep:pos="p-acp"
            ecep:reg="with"
            ecep:spe="with"
            ecep:syllab="1"
            ecep:pron="wɪð">with</w>
         <c> </c>
         <w xml:id="o3900-303540"
            n="148-a-0440"
            ecep:lem="thankful"
            ecep:pos="j"
            ecep:reg="thankful"
            ecep:spe="thankful"
            ecep:syllab="2"
            ecep:pron="ˈθæŋkfl">thankful</w>
         <c> </c>
         <w xml:id="o3900-303550"
            n="148-a-0450"
            ecep:lem="heart"
            ecep:pos="n2"
            ecep:reg="Hearts"
            ecep:spe="Hearts"
            ecep:syllab="1"
            ecep:pron="hɑːts">Hearts</w>
         <c> </c>
         <w xml:id="o3900-303560"
            n="148-a-0460"
            ecep:lem="we"
            ecep:pos="pns12"
            ecep:reg="we"
            ecep:spe="we"
            ecep:syllab="1"
            ecep:pron="wiː">we</w>
         <c> </c>
         <w xml:id="o3900-303570"
            n="148-a-0470"
            ecep:lem="prove"
            ecep:pos="vvb"
            ecep:reg="prove"
            ecep:spe="prove"
            ecep:syllab="1"
            ecep:pron="pruːv">prove</w>
      </l>
      <l xml:id="o3900-l15105">
         <c> </c>
         <w xml:id="o3900-303580"
            n="148-a-0480"
            ecep:lem="lord"
            ecep:pos="n1"
            ecep:reg="Lord"
            ecep:spe="Lord"
            ecep:syllab="1"
            ecep:pron="lɔːd">Lord</w>
         <c> </c>
         <w xml:id="o3900-303590"
            n="148-a-0490"
            ecep:lem="of"
            ecep:pos="pp-f"
            ecep:reg="of"
            ecep:spe="of"
            ecep:syllab="1"
            ecep:pron="ɒv">of</w>
         <c> </c>
         <w xml:id="o3900-303600"
            n="148-a-0500"
            ecep:lem="power"
            ecep:pos="n1"
            ecep:reg="Power"
            ecep:spe="Pow'r"
            ecep:syllab="1"
            ecep:pron="ˈpaʊə">Pow'r</w>
         <pc xml:id="o3900-303610"
             n="148-a-0510"
             ecep:lem=","
             ecep:pos=","
             ecep:reg=","
             ecep:spe=",">,</pc>
         <c> </c>
         <w xml:id="o3900-303620"
            n="148-a-0520"
            ecep:lem="and"
            ecep:pos="cc"
            ecep:reg="and"
            ecep:spe="and"
            ecep:syllab="1"
            ecep:pron="ænd">and</w>
         <c> </c>
         <w xml:id="o3900-303630"
            n="148-a-0530"
            ecep:lem="god"
            ecep:pos="n1"
            ecep:reg="GOD"
            ecep:spe="GOD"
            ecep:syllab="1"
            ecep:pron="gɒd">GOD</w>
         <c> </c>
         <w xml:id="o3900-303640"
            n="148-a-0540"
            ecep:lem="of"
            ecep:pos="pp-f"
            ecep:reg="of"
            ecep:spe="of"
            ecep:syllab="1"
            ecep:pron="ɒv">of</w>
         <c> </c>
         <w xml:id="o3900-303650"
            n="148-a-0550"
            ecep:lem="love"
            ecep:pos="n1"
            ecep:reg="Love"
            ecep:spe="Love"
            ecep:syllab="1"
            ecep:pron="lʌv">Love</w>
         <pc xml:id="o3900-303660"
             n="148-a-0560"
             unit="sentence"
             ecep:lem="."
             ecep:pos="."
             ecep:reg="."
             ecep:spe=".">.</pc>
         <c> </c>
      </l>
   </lg>
   <lg n="4" xml:id="o3900-s02890">
      <head>
         <w xml:id="o3900-303700"
            n="148-a-0570"
            ecep:lem="iv"
            ecep:pos="crd"
            ecep:reg="IV"
            ecep:spe="IV"
            ecep:syllab="1"
            ecep:pron="rˌəʊmənfˈɔː">IV</w>
         <pc xml:id="o3900-303710"
             n="148-a-0580"
             unit="sentence"
             ecep:lem="."
             ecep:pos="."
             ecep:reg="."
             ecep:spe=".">.</pc>
      </head>
      <l xml:id="o3900-l15110">
         <w xml:id="o3900-303730"
            n="148-a-0590"
            ecep:lem="Christ"
            ecep:pos="np1"
            ecep:reg="CHRIST"
            ecep:spe="CHRIST"
            ecep:syllab="1"
            ecep:pron="ˈkraɪst">CHRIST</w>
         <c> </c>
         <w xml:id="o3900-303740"
            n="148-a-0600"
            ecep:lem="our"
            ecep:pos="po12"
            ecep:reg="our"
            ecep:spe="our"
            ecep:syllab="1"
            ecep:pron="æə">our</w>
         <c> </c>
         <w xml:id="o3900-303750"
            n="148-a-0610"
            ecep:lem="lord"
            ecep:pos="n1"
            ecep:reg="LORD"
            ecep:spe="LORD"
            ecep:syllab="1"
            ecep:pron="lɔːd">LORD</w>
         <c> </c>
         <w xml:id="o3900-303760"
            n="148-a-0620"
            ecep:lem="and"
            ecep:pos="cc"
            ecep:reg="and"
            ecep:spe="and"
            ecep:syllab="1"
            ecep:pron="ænd">and</w>
         <c> </c>
         <w xml:id="o3900-303770"
            n="148-a-0630"
            ecep:lem="god"
            ecep:pos="n1"
            ecep:reg="GOD"
            ecep:spe="GOD"
            ecep:syllab="1"
            ecep:pron="gɒd">GOD</w>
         <c> </c>
         <w xml:id="o3900-303780"
            n="148-a-0640"
            ecep:lem="we"
            ecep:pos="pns12"
            ecep:reg="we"
            ecep:spe="we"
            ecep:syllab="1"
            ecep:pron="wiː">we</w>
         <c> </c>
         <w xml:id="o3900-303790"
            n="148-a-0650"
            ecep:lem="own"
            ecep:pos="vvb"
            ecep:reg="own"
            ecep:spe="own"
            ecep:syllab="1"
            ecep:pron="əʊn">own</w>
         <pc xml:id="o3900-303800"
             n="148-a-0660"
             ecep:lem=","
             ecep:pos=","
             ecep:reg=","
             ecep:spe=",">,</pc>
      </l>
      <l xml:id="o3900-l15115">
         <c> </c>
         <w xml:id="o3900-303810"
            n="148-a-0670"
            ecep:lem="Christ"
            ecep:pos="np1"
            ecep:reg="CHRIST"
            ecep:spe="CHRIST"
            ecep:syllab="1"
            ecep:pron="ˈkraɪst">CHRIST</w>
         <c> </c>
         <w xml:id="o3900-303820"
            n="148-a-0680"
            ecep:lem="the"
            ecep:pos="dt"
            ecep:reg="the"
            ecep:spe="the"
            ecep:syllab="1"
            ecep:pron="ðiː">the</w>
         <c> </c>
         <w xml:id="o3900-303830"
            n="148-a-0690"
            ecep:lem="father"
            ecep:pos="ng1"
            ecep:reg="Father's"
            ecep:spe="Father's"
            ecep:syllab="2"
            ecep:pron="ˈfɑːðəz">Father's</w>
         <c> </c>
         <w xml:id="o3900-303840"
            n="148-a-0700"
            ecep:lem="only"
            ecep:pos="j"
            ecep:reg="only"
            ecep:spe="only"
            ecep:syllab="2"
            ecep:pron="ˈəʊnli">only</w>
         <c> </c>
         <w xml:id="o3900-303850"
            n="148-a-0710"
            ecep:lem="son"
            ecep:pos="n1"
            ecep:reg="Son"
            ecep:spe="Son"
            ecep:syllab="1"
            ecep:pron="sʌn">Son</w>
         <pc xml:id="o3900-303860"
             n="148-a-0720"
             unit="sentence"
             ecep:lem="!"
             ecep:pos="!"
             ecep:reg="!"
             ecep:spe="!">!</pc>
         <c> </c>
      </l>
      <l xml:id="o3900-l15120">
         <w xml:id="o3900-303870"
            n="148-a-0730"
            ecep:lem="lamb"
            ecep:pos="n1"
            ecep:reg="Lamb"
            ecep:spe="Lamb"
            ecep:syllab="1"
            ecep:pron="læm">Lamb</w>
         <c> </c>
         <w xml:id="o3900-303880"
            n="148-a-0740"
            ecep:lem="of"
            ecep:pos="pp-f"
            ecep:reg="of"
            ecep:spe="of"
            ecep:syllab="1"
            ecep:pron="ɒv">of</w>
         <c> </c>
         <w xml:id="o3900-303890"
            n="148-a-0750"
            ecep:lem="god"
            ecep:pos="n1"
            ecep:reg="GOD"
            ecep:spe="GOD"
            ecep:syllab="1"
            ecep:pron="gɒd">GOD</w>
         <c> </c>
         <w xml:id="o3900-303900"
            n="148-a-0760"
            ecep:lem="for"
            ecep:pos="p-acp"
            ecep:reg="for"
            ecep:spe="for"
            ecep:syllab="1"
            ecep:pron="fɔː">for</w>
         <c> </c>
         <w xml:id="o3900-303910"
            n="148-a-0770"
            ecep:lem="sinner"
            ecep:pos="n2"
            ecep:reg="Sinners"
            ecep:spe="Sinners"
            ecep:syllab="2"
            ecep:pron="ˈsɪnəz">Sinners</w>
         <c> </c>
         <w xml:id="o3900-303920"
            n="148-a-0780"
            ecep:lem="slay"
            ecep:pos="vvn"
            ecep:reg="slain"
            ecep:spe="slain"
            ecep:syllab="1"
            ecep:pron="sleɪn">slain</w>
         <pc xml:id="o3900-303930"
             n="148-a-0790"
             ecep:lem=","
             ecep:pos=","
             ecep:reg=","
             ecep:spe=",">,</pc>
      </l>
      <l xml:id="o3900-l15125">
         <c> </c>
         <w xml:id="o3900-303940"
            n="148-a-0800"
            ecep:lem="saviour"
            ecep:pos="n1"
            ecep:reg="Saviour"
            ecep:spe="Saviour"
            ecep:syllab="2"
            ecep:pron="ˈseɪvjə">Saviour</w>
         <c> </c>
         <w xml:id="o3900-303950"
            n="148-a-0810"
            ecep:lem="of"
            ecep:pos="pp-f"
            ecep:reg="of"
            ecep:spe="of"
            ecep:syllab="1"
            ecep:pron="ɒv">of</w>
         <c> </c>
         <w xml:id="o3900-303960"
            n="148-a-0820"
            ecep:lem="offend"
            ecep:pos="j-vvg"
            ecep:reg="offending"
            ecep:spe="offending"
            ecep:syllab="3"
            ecep:pron="əˈfendɪŋ">offending</w>
         <c> </c>
         <w xml:id="o3900-303970"
            n="148-a-0830"
            ecep:lem="man"
            ecep:pos="n1"
            ecep:reg="Man"
            ecep:spe="Man"
            ecep:syllab="1"
            ecep:pron="mæn">Man</w>
         <pc xml:id="o3900-303980"
             n="148-a-0840"
             unit="sentence"
             ecep:lem="!"
             ecep:pos="!"
             ecep:reg="!"
             ecep:spe="!">!</pc>
         <c> </c>
      </l>
   </lg>
   <lg n="5" xml:id="o3900-s02895">
      <head>
         <w xml:id="o3900-304020"
            n="148-a-0850"
            ecep:lem="v."
            ecep:pos="crd"
            ecep:reg="V"
            ecep:spe="V."
            ecep:syllab="1"
            ecep:pron="viː">V.</w>
         <pc unit="sentence" xml:id="o3900-304020-eos" n="148-a-0860"/>
      </head>
      <l xml:id="o3900-l15130">
         <w xml:id="o3900-304040"
            n="148-a-0870"
            ecep:lem="bow"
            ecep:pos="n1"
            ecep:reg="Bow"
            ecep:spe="Bow"
            ecep:syllab="1"
            ecep:pron="bəʊ">Bow</w>
         <c> </c>
         <w xml:id="o3900-304050"
            n="148-a-0880"
            ecep:lem="thy"
            ecep:pos="po21"
            ecep:reg="thine"
            ecep:spe="thine"
            ecep:syllab="1"
            ecep:pron="ðaɪn">thine</w>
         <c> </c>
         <w xml:id="o3900-304060"
            n="148-a-0890"
            ecep:lem="ear"
            ecep:pos="n1"
            ecep:reg="Ear"
            ecep:spe="Ear"
            ecep:syllab="1"
            ecep:pron="ɪə">Ear</w>
         <pc xml:id="o3900-304070"
             n="148-a-0900"
             ecep:lem=","
             ecep:pos=","
             ecep:reg=","
             ecep:spe=",">,</pc>
         <c> </c>
         <w xml:id="o3900-304080"
            n="148-a-0910"
            ecep:lem="in"
            ecep:pos="p-acp"
            ecep:reg="in"
            ecep:spe="in"
            ecep:syllab="1"
            ecep:pron="ɪn">in</w>
         <c> </c>
         <w xml:id="o3900-304090"
            n="148-a-0920"
            ecep:lem="mercy"
            ecep:pos="n1"
            ecep:reg="Mercy"
            ecep:spe="Mercy"
            ecep:syllab="2"
            ecep:pron="ˈmɜːsi">Mercy</w>
         <c> </c>
         <w xml:id="o3900-304100"
            n="148-a-0930"
            ecep:lem="bow"
            ecep:pos="n1"
            ecep:reg="bow"
            ecep:spe="bow"
            ecep:syllab="1"
            ecep:pron="bəʊ">bow</w>
         <pc xml:id="o3900-304110"
             n="148-a-0940"
             ecep:lem=","
             ecep:pos=","
             ecep:reg=","
             ecep:spe=",">,</pc>
      </l>
      <l xml:id="o3900-l15135">
         <c> </c>
         <w xml:id="o3900-304120"
            n="148-a-0950"
            ecep:lem="hear"
            ecep:pos="vvb"
            ecep:reg="Hear"
            ecep:spe="Hear"
            ecep:syllab="1"
            ecep:pron="hɪə">Hear</w>
         <pc xml:id="o3900-304130"
             n="148-a-0960"
             ecep:lem=","
             ecep:pos=","
             ecep:reg=","
             ecep:spe=",">,</pc>
         <c> </c>
         <w xml:id="o3900-304140"
            n="148-a-0970"
            ecep:lem="the"
            ecep:pos="dt"
            ecep:reg="the"
            ecep:spe="the"
            ecep:syllab="1"
            ecep:pron="ðiː">the</w>
         <c> </c>
         <w xml:id="o3900-304150"
            n="148-a-0980"
            ecep:lem="world"
            ecep:pos="ng1"
            ecep:reg="World's"
            ecep:spe="World's"
            ecep:syllab="1"
            ecep:pron="ˈwɜːldz">World's</w>
         <c> </c>
         <w xml:id="o3900-304160"
            n="148-a-0990"
            ecep:lem="atonement"
            ecep:pos="n1"
            ecep:reg="Atonement"
            ecep:spe="Attonement"
            ecep:syllab="4"
            ecep:pron="ʌtˈəʊnmənt">Attonement</w>
         <c> </c>
         <w xml:id="o3900-304170"
            n="148-a-1000"
            ecep:lem="thou"
            ecep:pos="pns21"
            ecep:reg="Thou"
            ecep:spe="Thou"
            ecep:syllab="1"
            ecep:pron="θaʊ">Thou</w>
         <pc xml:id="o3900-304180"
             n="148-a-1010"
             unit="sentence"
             ecep:lem="!"
             ecep:pos="!"
             ecep:reg="!"
             ecep:spe="!">!</pc>
         <c> </c>
      </l>
      <l xml:id="o3900-l15140">
         <w xml:id="o3900-304190"
            n="148-a-1020"
            ecep:lem="Jesus"
            ecep:pos="np1"
            ecep:reg="JESU"
            ecep:spe="JESU"
            ecep:syllab="2"
            ecep:pron="dʒˈesuː">JESU</w>
         <pc xml:id="o3900-304200"
             n="148-a-1030"
             ecep:lem=","
             ecep:pos=","
             ecep:reg=","
             ecep:spe=",">,</pc>
         <c> </c>
         <w xml:id="o3900-304210"
            n="148-a-1040"
            ecep:lem="in"
            ecep:pos="p-acp"
            ecep:reg="in"
            ecep:spe="in"
            ecep:syllab="1"
            ecep:pron="ɪn">in</w>
         <c> </c>
         <w xml:id="o3900-304220"
            n="148-a-1050"
            ecep:lem="thy"
            ecep:pos="po21"
            ecep:reg="thy"
            ecep:spe="thy"
            ecep:syllab="1"
            ecep:pron="ðaɪ">thy</w>
         <c> </c>
         <w xml:id="o3900-304230"
            n="148-a-1060"
            ecep:lem="name"
            ecep:pos="n1"
            ecep:reg="Name"
            ecep:spe="Name"
            ecep:syllab="1"
            ecep:pron="neɪm">Name</w>
         <c> </c>
         <w xml:id="o3900-304240"
            n="148-a-1070"
            ecep:lem="we"
            ecep:pos="pns12"
            ecep:reg="we"
            ecep:spe="we"
            ecep:syllab="1"
            ecep:pron="wiː">we</w>
         <c> </c>
         <w xml:id="o3900-304250"
            n="148-a-1080"
            ecep:lem="pray"
            ecep:pos="vvb"
            ecep:reg="pray"
            ecep:spe="pray"
            ecep:syllab="1"
            ecep:pron="preɪ">pray</w>
         <pc xml:id="o3900-304260"
             n="148-a-1090"
             ecep:lem=","
             ecep:pos=","
             ecep:reg=","
             ecep:spe=",">,</pc>
      </l>
      <l xml:id="o3900-l15145">
         <c> </c>
         <w xml:id="o3900-304270"
            n="148-a-1100"
            ecep:lem="take"
            ecep:pos="vvb"
            ecep:reg="Take"
            ecep:spe="Take"
            ecep:syllab="1"
            ecep:pron="teɪk">Take</w>
         <pc xml:id="o3900-304280"
             n="148-a-1110"
             ecep:lem=","
             ecep:pos=","
             ecep:reg=","
             ecep:spe=",">,</pc>
         <c> </c>
         <w xml:id="o3900-304290"
            n="148-a-1120"
            ecep:lem="o"
            ecep:pos="uh"
            ecep:reg="OH"
            ecep:spe="O"
            ecep:syllab="1"
            ecep:pron="əʊ">O</w>
         <c> </c>
         <w xml:id="o3900-304300"
            n="148-a-1130"
            ecep:lem="take"
            ecep:pos="vvb"
            ecep:reg="take"
            ecep:spe="take"
            ecep:syllab="1"
            ecep:pron="teɪk">take</w>
         <c> </c>
         <w xml:id="o3900-304310"
            n="148-a-1140"
            ecep:lem="our"
            ecep:pos="po12"
            ecep:reg="our"
            ecep:spe="our"
            ecep:syllab="1"
            ecep:pron="æə">our</w>
         <c> </c>
         <w xml:id="o3900-304320"
            n="148-a-1150"
            ecep:lem="sin"
            ecep:pos="n2"
            ecep:reg="Sins"
            ecep:spe="Sins"
            ecep:syllab="1"
            ecep:pron="sɪnz">Sins</w>
         <c> </c>
         <w xml:id="o3900-304330"
            n="148-a-1160"
            ecep:lem="away"
            ecep:pos="av"
            ecep:reg="away"
            ecep:spe="away"
            ecep:syllab="2"
            ecep:pron="əˈweɪ">away</w>
         <pc xml:id="o3900-304340"
             n="148-a-1170"
             unit="sentence"
             ecep:lem="."
             ecep:pos="."
             ecep:reg="."
             ecep:spe=".">.</pc>
         <c> </c>
      </l>
   </lg>
   <lg n="6" xml:id="o3900-s02900">
      <head>
         <w xml:id="o3900-304380"
            n="148-a-1180"
            ecep:lem="vi"
            ecep:pos="crd"
            ecep:reg="VI"
            ecep:spe="VI"
            ecep:syllab="1"
            ecep:pron="ˈvaɪ">VI</w>
         <pc xml:id="o3900-304390"
             n="148-a-1190"
             unit="sentence"
             ecep:lem="."
             ecep:pos="."
             ecep:reg="."
             ecep:spe=".">.</pc>
      </head>
      <l xml:id="o3900-l15150">
         <w xml:id="o3900-304410"
            n="148-a-1200"
            ecep:lem="powerful"
            ecep:pos="j"
            ecep:reg="Powerful"
            ecep:spe="Pow'rful"
            ecep:syllab="2"
            ecep:pron="ˈpaʊəfl">Pow'rful</w>
         <c> </c>
         <w xml:id="o3900-304420"
            n="148-a-1210"
            ecep:lem="advocate"
            ecep:pos="n1"
            ecep:reg="Advocate"
            ecep:spe="Advocate"
            ecep:syllab="3"
            ecep:pron="ˈædvəkət">Advocate</w>
         <c> </c>
         <w xml:id="o3900-304430"
            n="148-a-1220"
            ecep:lem="with"
            ecep:pos="p-acp"
            ecep:reg="with"
            ecep:spe="with"
            ecep:syllab="1"
            ecep:pron="wɪð">with</w>
         <c> </c>
         <w xml:id="o3900-304440"
            n="148-a-1230"
            ecep:lem="god"
            ecep:pos="n1"
            ecep:reg="GOD"
            ecep:spe="GOD"
            ecep:syllab="1"
            ecep:pron="gɒd">GOD</w>
         <pc xml:id="o3900-304450"
             n="148-a-1240"
             ecep:lem=","
             ecep:pos=","
             ecep:reg=","
             ecep:spe=",">,</pc>
      </l>
      <l xml:id="o3900-l15155">
         <c> </c>
         <w xml:id="o3900-304460"
            n="148-a-1250"
            ecep:lem="justify"
            ecep:pos="vvb"
            ecep:reg="Justify"
            ecep:spe="Justify"
            ecep:syllab="3"
            ecep:pron="ˈdʒʌstɪfaɪ">Justify</w>
         <c> </c>
         <w xml:id="o3900-304470"
            n="148-a-1260"
            ecep:lem="we"
            ecep:pos="pno12"
            ecep:reg="us"
            ecep:spe="us"
            ecep:syllab="1"
            ecep:pron="ʌs">us</w>
         <c> </c>
         <w xml:id="o3900-304480"
            n="148-a-1270"
            ecep:lem="by"
            ecep:pos="p-acp"
            ecep:reg="by"
            ecep:spe="by"
            ecep:syllab="1"
            ecep:pron="baɪ">by</w>
         <c> </c>
         <w xml:id="o3900-304490"
            n="148-a-1280"
            ecep:lem="thy"
            ecep:pos="po21"
            ecep:reg="thy"
            ecep:spe="thy"
            ecep:syllab="1"
            ecep:pron="ðaɪ">thy</w>
         <c> </c>
         <w xml:id="o3900-304500"
            n="148-a-1290"
            ecep:lem="blood"
            ecep:pos="n1"
            ecep:reg="Blood"
            ecep:spe="Blood"
            ecep:syllab="1"
            ecep:pron="blʌd">Blood</w>
         <pc xml:id="o3900-304510"
             n="148-a-1300"
             unit="sentence"
             ecep:lem="!"
             ecep:pos="!"
             ecep:reg="!"
             ecep:spe="!">!</pc>
         <c> </c>
      </l>
      <l xml:id="o3900-l15160">
         <w xml:id="o3900-304520"
            n="148-a-1310"
            ecep:lem="bow"
            ecep:pos="n1"
            ecep:reg="Bow"
            ecep:spe="Bow"
            ecep:syllab="1"
            ecep:pron="bəʊ">Bow</w>
         <c> </c>
         <w xml:id="o3900-304530"
            n="148-a-1320"
            ecep:lem="thy"
            ecep:pos="po21"
            ecep:reg="thine"
            ecep:spe="thine"
            ecep:syllab="1"
            ecep:pron="ðaɪn">thine</w>
         <c> </c>
         <w xml:id="o3900-304540"
            n="148-a-1330"
            ecep:lem="ear"
            ecep:pos="n1"
            ecep:reg="Ear"
            ecep:spe="Ear"
            ecep:syllab="1"
            ecep:pron="ɪə">Ear</w>
         <pc xml:id="o3900-304550"
             n="148-a-1340"
             ecep:lem=","
             ecep:pos=","
             ecep:reg=","
             ecep:spe=",">,</pc>
         <c> </c>
         <w xml:id="o3900-304560"
            n="148-a-1350"
            ecep:lem="in"
            ecep:pos="p-acp"
            ecep:reg="in"
            ecep:spe="in"
            ecep:syllab="1"
            ecep:pron="ɪn">in</w>
         <c> </c>
         <w xml:id="o3900-304570"
            n="148-a-1360"
            ecep:lem="mercy"
            ecep:pos="n1"
            ecep:reg="Mercy"
            ecep:spe="Mercy"
            ecep:syllab="2"
            ecep:pron="ˈmɜːsi">Mercy</w>
         <c> </c>
         <w xml:id="o3900-304580"
            n="148-a-1370"
            ecep:lem="bow"
            ecep:pos="n1"
            ecep:reg="bow"
            ecep:spe="bow"
            ecep:syllab="1"
            ecep:pron="bəʊ">bow</w>
         <pc xml:id="o3900-304590"
             n="148-a-1380"
             ecep:lem=","
             ecep:pos=","
             ecep:reg=","
             ecep:spe=",">,</pc>
      </l>
      <l xml:id="o3900-l15165">
         <c> </c>
         <w xml:id="o3900-304600"
            n="148-a-1390"
            ecep:lem="hear"
            ecep:pos="vvb"
            ecep:reg="Hear"
            ecep:spe="Hear"
            ecep:syllab="1"
            ecep:pron="hɪə">Hear</w>
         <pc xml:id="o3900-304610"
             n="148-a-1400"
             ecep:lem=","
             ecep:pos=","
             ecep:reg=","
             ecep:spe=",">,</pc>
         <c> </c>
         <w xml:id="o3900-304620"
            n="148-a-1410"
            ecep:lem="the"
            ecep:pos="dt"
            ecep:reg="the"
            ecep:spe="the"
            ecep:syllab="1"
            ecep:pron="ðiː">the</w>
         <c> </c>
         <w xml:id="o3900-304630"
            n="148-a-1420"
            ecep:lem="world"
            ecep:pos="ng1"
            ecep:reg="World's"
            ecep:spe="World's"
            ecep:syllab="1"
            ecep:pron="ˈwɜːldz">World's</w>
         <c> </c>
         <w xml:id="o3900-304640"
            n="148-a-1430"
            ecep:lem="atonement"
            ecep:pos="n1"
            ecep:reg="Atonement"
            ecep:spe="Attonement"
            ecep:syllab="4"
            ecep:pron="ʌtˈəʊnmənt">Attonement</w>
         <c> </c>
         <w xml:id="o3900-304650"
            n="148-a-1440"
            ecep:lem="thou"
            ecep:pos="pns21"
            ecep:reg="Thou"
            ecep:spe="Thou"
            ecep:syllab="1"
            ecep:pron="θaʊ">Thou</w>
         <pc xml:id="o3900-304660"
             n="148-a-1450"
             unit="sentence"
             ecep:lem="!"
             ecep:pos="!"
             ecep:reg="!"
             ecep:spe="!">!</pc>
         <c> </c>
      </l>
   </lg>
   <lg n="7" xml:id="o3900-s02905">
      <head>
         <w xml:id="o3900-304700"
            n="148-a-1460"
            ecep:lem="vii"
            ecep:pos="crd"
            ecep:reg="VII"
            ecep:spe="VII"
            ecep:syllab="1"
            ecep:pron="rˌəʊmənsˈevən">VII</w>
         <pc xml:id="o3900-304710"
             n="148-a-1470"
             unit="sentence"
             ecep:lem="."
             ecep:pos="."
             ecep:reg="."
             ecep:spe=".">.</pc>
      </head>
      <l xml:id="o3900-l15170">
         <w xml:id="o3900-304730"
            n="148-a-1480"
            ecep:lem="hear"
            ecep:pos="vvb"
            ecep:reg="Hear"
            ecep:spe="Hear"
            ecep:syllab="1"
            ecep:pron="hɪə">Hear</w>
         <pc xml:id="o3900-304740"
             n="148-a-1490"
             ecep:lem=";"
             ecep:pos=";"
             ecep:reg=";"
             ecep:spe=";">;</pc>
         <c> </c>
         <w xml:id="o3900-304750"
            n="148-a-1500"
            ecep:lem="for"
            ecep:pos="p-acp"
            ecep:reg="for"
            ecep:spe="for"
            ecep:syllab="1"
            ecep:pron="fɔː">for</w>
         <c> </c>
         <w xml:id="o3900-304760"
            n="148-a-1510"
            ecep:lem="thou"
            ecep:pos="pns21"
            ecep:reg="Thou"
            ecep:spe="Thou"
            ecep:syllab="1"
            ecep:pron="θaʊ">Thou</w>
         <pc xml:id="o3900-304770"
             n="148-a-1520"
             ecep:lem=","
             ecep:pos=","
             ecep:reg=","
             ecep:spe=",">,</pc>
         <c> </c>
         <w xml:id="o3900-304780"
            n="148-a-1530"
            ecep:lem="o"
            ecep:pos="uh"
            ecep:reg="OH"
            ecep:spe="O"
            ecep:syllab="1"
            ecep:pron="əʊ">O</w>
         <c> </c>
         <w xml:id="o3900-304790"
            n="148-a-1540"
            ecep:lem="Christ"
            ecep:pos="np1"
            ecep:reg="CHRIST"
            ecep:spe="CHRIST"
            ecep:syllab="1"
            ecep:pron="ˈkraɪst">CHRIST</w>
         <c> </c>
         <w xml:id="o3900-304800"
            n="148-a-1550"
            ecep:lem="alone"
            ecep:pos="j"
            ecep:reg="alone"
            ecep:spe="alone"
            ecep:syllab="2"
            ecep:pron="əˈləʊn">alone</w>
      </l>
      <l xml:id="o3900-l15175">
         <c> </c>
         <w xml:id="o3900-304810"
            n="148-a-1560"
            ecep:lem="with"
            ecep:pos="p-acp"
            ecep:reg="With"
            ecep:spe="With"
            ecep:syllab="1"
            ecep:pron="wɪð">With</w>
         <c> </c>
         <w xml:id="o3900-304820"
            n="148-a-1570"
            ecep:lem="thy"
            ecep:pos="po21"
            ecep:reg="thy"
            ecep:spe="thy"
            ecep:syllab="1"
            ecep:pron="ðaɪ">thy</w>
         <c> </c>
         <w xml:id="o3900-304830"
            n="148-a-1580"
            ecep:lem="glorious"
            ecep:pos="j"
            ecep:reg="Glorious"
            ecep:spe="Glorious"
            ecep:syllab="2"
            ecep:pron="ˈglɔːriəs">Glorious</w>
         <c> </c>
         <w xml:id="o3900-304840"
            n="148-a-1590"
            ecep:lem="sire"
            ecep:pos="n1"
            ecep:reg="Sire"
            ecep:spe="Sire"
            ecep:syllab="1"
            ecep:pron="sæə">Sire</w>
         <c> </c>
         <w xml:id="o3900-304850"
            n="148-a-1600"
            ecep:lem="art"
            ecep:pos="n1"
            ecep:reg="art"
            ecep:spe="art"
            ecep:syllab="1"
            ecep:pron="ɑːt">art</w>
         <c> </c>
         <w xml:id="o3900-304860"
            n="148-a-1610"
            ecep:lem="one"
            ecep:pos="crd"
            ecep:reg="One"
            ecep:spe="One"
            ecep:syllab="1"
            ecep:pron="wʌn">One</w>
         <pc xml:id="o3900-304870"
             n="148-a-1620"
             unit="sentence"
             ecep:lem="!"
             ecep:pos="!"
             ecep:reg="!"
             ecep:spe="!">!</pc>
         <c> </c>
      </l>
      <l xml:id="o3900-l15180">
         <w xml:id="o3900-304880"
            n="148-a-1630"
            ecep:lem="one"
            ecep:pos="crd"
            ecep:reg="One"
            ecep:spe="One"
            ecep:syllab="1"
            ecep:pron="wʌn">One</w>
         <c> </c>
         <w xml:id="o3900-304890"
            n="148-a-1640"
            ecep:lem="the"
            ecep:pos="dt"
            ecep:reg="the"
            ecep:spe="the"
            ecep:syllab="1"
            ecep:pron="ðiː">the</w>
         <c> </c>
         <w xml:id="o3900-304900"
            n="148-a-1650"
            ecep:lem="holy"
            ecep:pos="j"
            ecep:reg="Holy"
            ecep:spe="Holy"
            ecep:syllab="2"
            ecep:pron="ˈhəʊli">Holy</w>
         <c> </c>
         <w xml:id="o3900-304910"
            n="148-a-1660"
            ecep:lem="ghost"
            ecep:pos="n1"
            ecep:reg="Ghost"
            ecep:spe="Ghost"
            ecep:syllab="1"
            ecep:pron="gəʊst">Ghost</w>
         <c> </c>
         <w xml:id="o3900-304920"
            n="148-a-1670"
            ecep:lem="with"
            ecep:pos="p-acp"
            ecep:reg="with"
            ecep:spe="with"
            ecep:syllab="1"
            ecep:pron="wɪð">with</w>
         <c> </c>
         <w xml:id="o3900-304930"
            n="148-a-1680"
            ecep:lem="thou"
            ecep:pos="pno21"
            ecep:reg="Thee"
            ecep:spe="Thee"
            ecep:syllab="1"
            ecep:pron="ðiː">Thee</w>
         <pc xml:id="o3900-304940"
             n="148-a-1690"
             ecep:lem=","
             ecep:pos=","
             ecep:reg=","
             ecep:spe=",">,</pc>
      </l>
      <l xml:id="o3900-l15185">
         <c> </c>
         <w xml:id="o3900-304950"
            n="148-a-1700"
            ecep:lem="one"
            ecep:pos="crd"
            ecep:reg="One"
            ecep:spe="One"
            ecep:syllab="1"
            ecep:pron="wʌn">One</w>
         <c> </c>
         <w xml:id="o3900-304960"
            n="148-a-1710"
            ecep:lem="supreme"
            ecep:pos="j"
            ecep:reg="supreme"
            ecep:spe="supreme"
            ecep:syllab="2"
            ecep:pron="suːˈpriːm">supreme</w>
         <c> </c>
         <w xml:id="o3900-304970"
            n="148-a-1720"
            ecep:lem="eternal"
            ecep:pos="j"
            ecep:reg="Eternal"
            ecep:spe="Eternal"
            ecep:syllab="3"
            ecep:pron="ɪˈtɜːnl">Eternal</w>
         <c> </c>
         <w xml:id="o3900-304980"
            n="148-a-1730"
            ecep:lem="three"
            ecep:pos="crd"
            ecep:reg="Three"
            ecep:spe="Three"
            ecep:syllab="1"
            ecep:pron="θriː">Three</w>
         <pc xml:id="o3900-304990"
             n="148-a-1740"
             unit="sentence"
             ecep:lem="."
             ecep:pos="."
             ecep:reg="."
             ecep:spe=".">.</pc>
         <c> </c>
      </l>
   </lg>
</div>
