<?xml version="1.0" encoding="utf-8"?>
<!DOCTYPE div
  SYSTEM "about:legacy-compat">
<div xmlns:ecep="http://www.eighteenthcenturypoetry.org/ns"
     xmlns="http://www.tei-c.org/ns/1.0"
     xmlns:tei="http://www.tei-c.org/ns/1.0"
     ana="#iamb #tetrameter #couplet #pair #admonition"
     corresp="#txt_BarbMa1685_w0037"
     decls="#semi-normalized"
     ecep:syllab="8"
     met="-+|-+|-+|-+/"
     rendition="#lgvspace"
     rhyme="aa"
     subtype="eceptext"
     type="poem"
     xml:id="pba35-w0370">
   <link target="authors.xml#aut_BarbMa1685" type="author"/>
   <link target="11392" type="DMI"/>
   <head type="main">
      <w xml:id="pba35-106440"
         n="a-0010"
         ecep:lem="to"
         ecep:pos="p-acp"
         ecep:reg="To"
         ecep:spe="To"
         ecep:syllab="1"
         ecep:pron="tuː">To</w>
      <c> </c>
      <w xml:id="pba35-106450"
         n="a-0020"
         ecep:lem="a"
         ecep:pos="dt"
         ecep:reg="a"
         ecep:spe="a"
         ecep:syllab="1"
         ecep:pron="ə">a</w>
      <c> </c>
      <w xml:id="pba35-106460"
         n="a-0030"
         ecep:lem="gentleman"
         ecep:pos="n1"
         ecep:reg="Gentleman"
         ecep:spe="Gentleman"
         ecep:syllab="3"
         ecep:pron="ˈdʒentlmən">Gentleman</w>
      <pc xml:id="pba35-106470"
          n="a-0040"
          ecep:lem=","
          ecep:pos=","
          ecep:reg=","
          ecep:spe=",">,</pc>
      <c> </c>
      <w xml:id="pba35-106480"
         n="a-0050"
         ecep:lem="who"
         ecep:pos="r-crq"
         ecep:reg="who"
         ecep:spe="who"
         ecep:syllab="1"
         ecep:pron="huː">who</w>
      <c> </c>
      <w xml:id="pba35-106490"
         n="a-0060"
         ecep:lem="have"
         ecep:pos="vhd"
         ecep:reg="had"
         ecep:spe="had"
         ecep:syllab="1"
         ecep:pron="hæd">had</w>
      <c> </c>
      <w xml:id="pba35-106500"
         n="a-0070"
         ecep:lem="abuse"
         ecep:pos="vvn"
         ecep:reg="abused"
         ecep:spe="abus'd"
         ecep:syllab="2"
         ecep:pron="əˈbjuːzd">abus'd</w>
      <c> </c>
      <w xml:id="pba35-106510"
         n="a-0080"
         ecep:lem="Waller"
         ecep:pos="np1"
         ecep:reg="Waller"
         ecep:spe="Waller"
         ecep:syllab="2"
         ecep:pron="ˈwɒlə">Waller</w>
      <pc xml:id="pba35-106520"
          n="a-0090"
          unit="sentence"
          ecep:lem="."
          ecep:pos="."
          ecep:reg="."
          ecep:spe=".">.</pc>
   </head>
   <lg xml:id="pba35-s00645">
      <l n="1" xml:id="pba35-l05355">
         <hi rendition="#sc">
            <w xml:id="pba35-106550"
               n="a-0100"
               ecep:lem="i"
               ecep:pos="pns11"
               ecep:reg="I"
               ecep:spe="I"
               ecep:syllab="1"
               ecep:pron="aɪ">I</w>
            <c> </c>
            <w xml:id="pba35-106560"
               n="a-0110"
               ecep:lem="grieve"
               ecep:pos="vvb"
               ecep:reg="grieve"
               ecep:spe="grieve"
               ecep:syllab="1"
               ecep:pron="griːv">grieve</w>
         </hi>
         <c> </c>
         <w xml:id="pba35-106570"
            n="a-0120"
            ecep:lem="to"
            ecep:pos="pc-acp"
            ecep:reg="to"
            ecep:spe="to"
            ecep:syllab="1"
            ecep:pron="tuː">to</w>
         <c> </c>
         <w xml:id="pba35-106580"
            n="a-0130"
            ecep:lem="think"
            ecep:pos="vvi"
            ecep:reg="think"
            ecep:spe="think"
            ecep:syllab="1"
            ecep:pron="θɪŋk">think</w>
         <c> </c>
         <w xml:id="pba35-106590"
            n="a-0140"
            ecep:lem="that"
            ecep:pos="cst"
            ecep:reg="that"
            ecep:spe="that"
            ecep:syllab="1"
            ecep:pron="ðæt">that</w>
         <c> </c>
         <hi rendition="#sc">
            <w xml:id="pba35-106600"
               n="a-0150"
               ecep:lem="Waller"
               ecep:pos="npg1"
               ecep:reg="Waller's"
               ecep:spe="Waller's"
               ecep:syllab="2"
               ecep:pron="ˈwɒləz">Waller's</w>
         </hi>
         <c> </c>
         <w xml:id="pba35-106610"
            n="a-0160"
            ecep:lem="blame"
            ecep:pos="j-vvn"
            ecep:reg="blamed"
            ecep:spe="blam'd"
            ecep:syllab="1"
            ecep:pron="bleɪmd">blam'd</w>
         <pc xml:id="pba35-106620"
             n="a-0170"
             ecep:lem=","
             ecep:pos=","
             ecep:reg=","
             ecep:spe=",">,</pc>
      </l>
      <l n="2" xml:id="pba35-l05360">
         <c> </c>
         <hi rendition="#sc">
            <w xml:id="pba35-106630"
               n="a-0180"
               ecep:lem="Waller"
               ecep:pos="np1"
               ecep:reg="Waller"
               ecep:spe="Waller"
               ecep:syllab="2"
               ecep:pron="ˈwɒlə">Waller</w>
         </hi>
         <pc xml:id="pba35-106640"
             n="a-0190"
             ecep:lem=","
             ecep:pos=","
             ecep:reg=","
             ecep:spe=",">,</pc>
         <c> </c>
         <w xml:id="pba35-106650"
            n="a-0200"
            ecep:lem="so"
            ecep:pos="av"
            ecep:reg="so"
            ecep:spe="so"
            ecep:syllab="1"
            ecep:pron="səʊ">so</w>
         <c> </c>
         <w xml:id="pba35-106660"
            n="a-0210"
            ecep:lem="long"
            ecep:pos="av-j"
            ecep:reg="long"
            ecep:spe="long"
            ecep:syllab="1"
            ecep:pron="lɒŋ">long</w>
         <pc xml:id="pba35-106670"
             n="a-0220"
             ecep:lem=","
             ecep:pos=","
             ecep:reg=","
             ecep:spe=",">,</pc>
         <c> </c>
         <w xml:id="pba35-106680"
            n="a-0230"
            ecep:lem="so"
            ecep:pos="av"
            ecep:reg="so"
            ecep:spe="so"
            ecep:syllab="1"
            ecep:pron="səʊ">so</w>
         <c> </c>
         <w xml:id="pba35-106690"
            n="a-0240"
            ecep:lem="just"
            ecep:pos="av-j"
            ecep:reg="justly"
            ecep:spe="justly"
            ecep:syllab="2"
            ecep:pron="dʒʌstli">justly</w>
         <pc xml:id="pba35-106700"
             n="a-0250"
             ecep:lem=","
             ecep:pos=","
             ecep:reg=","
             ecep:spe=",">,</pc>
         <c> </c>
         <w xml:id="pba35-106710"
            n="a-0260"
            ecep:lem="fame"
            ecep:pos="vvd"
            ecep:reg="famed"
            ecep:spe="fam'd"
            ecep:syllab="1"
            ecep:pron="feɪmd">fam'd</w>
         <pc xml:id="pba35-106720"
             n="a-0270"
             unit="sentence"
             ecep:lem="."
             ecep:pos="."
             ecep:reg="."
             ecep:spe=".">.</pc>
         <c> </c>
      </l>
      <l n="3" xml:id="pba35-l05365">
         <w xml:id="pba35-106730"
            n="a-0280"
            ecep:lem="then"
            ecep:pos="av"
            ecep:reg="Then"
            ecep:spe="Then"
            ecep:syllab="1"
            ecep:pron="ðen">Then</w>
         <c> </c>
         <w xml:id="pba35-106740"
            n="a-0290"
            ecep:lem="own"
            ecep:pos="d"
            ecep:reg="own"
            ecep:spe="own"
            ecep:syllab="1"
            ecep:pron="əʊn">own</w>
         <c> </c>
         <w xml:id="pba35-106750"
            n="a-0300"
            ecep:lem="your"
            ecep:pos="po22"
            ecep:reg="your"
            ecep:spe="your"
            ecep:syllab="1"
            ecep:pron="jɔː">your</w>
         <c> </c>
         <w xml:id="pba35-106760"
            n="a-0310"
            ecep:lem="verse"
            ecep:pos="n2"
            ecep:reg="Verses"
            ecep:spe="Verses"
            ecep:syllab="2"
            ecep:pron="vɜːsɪz">Verses</w>
         <c> </c>
         <w xml:id="pba35-106770"
            n="a-0320"
            ecep:lem="write"
            ecep:pos="vvn"
            ecep:reg="writ"
            ecep:spe="writ"
            ecep:syllab="1"
            ecep:pron="rɪt">writ</w>
         <c> </c>
         <w xml:id="pba35-106780"
            n="a-0330"
            ecep:lem="in"
            ecep:pos="p-acp"
            ecep:reg="in"
            ecep:spe="in"
            ecep:syllab="1"
            ecep:pron="ɪn">in</w>
         <c> </c>
         <w xml:id="pba35-106790"
            n="a-0340"
            ecep:lem="haste"
            ecep:pos="n1"
            ecep:reg="Haste"
            ecep:spe="Haste"
            ecep:syllab="1"
            ecep:pron="heɪst">Haste</w>
         <pc xml:id="pba35-106800"
             n="a-0350"
             ecep:lem=","
             ecep:pos=","
             ecep:reg=","
             ecep:spe=",">,</pc>
      </l>
      <l n="4" xml:id="pba35-l05370">
         <c> </c>
         <w xml:id="pba35-106810"
            n="a-0360"
            ecep:lem="or"
            ecep:pos="cc"
            ecep:reg="Or"
            ecep:spe="Or"
            ecep:syllab="1"
            ecep:pron="ɔː">Or</w>
         <c> </c>
         <w xml:id="pba35-106820"
            n="a-0370"
            ecep:lem="i"
            ecep:pos="pns11"
            ecep:reg="I"
            ecep:spe="I"
            ecep:syllab="1"
            ecep:pron="aɪ">I</w>
         <c> </c>
         <w xml:id="pba35-106830"
            n="a-0380"
            ecep:lem="shall"
            ecep:pos="vmb"
            ecep:reg="shall"
            ecep:spe="shall"
            ecep:syllab="1"
            ecep:pron="ʃæl">shall</w>
         <c> </c>
         <w xml:id="pba35-106840"
            n="a-0390"
            ecep:lem="say"
            ecep:pos="vvi"
            ecep:reg="say"
            ecep:spe="say"
            ecep:syllab="1"
            ecep:pron="seɪ">say</w>
         <pc xml:id="pba35-106850"
             n="a-0400"
             ecep:lem=","
             ecep:pos=","
             ecep:reg=","
             ecep:spe=",">,</pc>
         <c> </c>
         <w xml:id="pba35-106860"
            n="a-0410"
            ecep:lem="you|have"
            ecep:pos="pn22|vhb"
            ecep:reg="you've"
            ecep:spe="you've"
            ecep:syllab="1"
            ecep:pron="juːv">you've</w>
         <c> </c>
         <w xml:id="pba35-106870"
            n="a-0420"
            ecep:lem="lose"
            ecep:pos="vvn"
            ecep:reg="lost"
            ecep:spe="lost"
            ecep:syllab="1"
            ecep:pron="lɒst">lost</w>
         <c> </c>
         <w xml:id="pba35-106880"
            n="a-0430"
            ecep:lem="your"
            ecep:pos="po22"
            ecep:reg="your"
            ecep:spe="your"
            ecep:syllab="1"
            ecep:pron="jɔː">your</w>
         <c> </c>
         <w xml:id="pba35-106890"
            n="a-0440"
            ecep:lem="taste"
            ecep:pos="n1"
            ecep:reg="Taste"
            ecep:spe="Taste"
            ecep:syllab="1"
            ecep:pron="teɪst">Taste</w>
         <pc xml:id="pba35-106900"
             n="a-0450"
             unit="sentence"
             ecep:lem="."
             ecep:pos="."
             ecep:reg="."
             ecep:spe=".">.</pc>
         <c> </c>
      </l>
   </lg>
   <lg xml:id="pba35-s00650">
      <l n="5" xml:id="pba35-l05375">
         <hi rendition="#sc">
            <w xml:id="pba35-106930"
               n="a-0460"
               ecep:lem="perhaps"
               ecep:pos="av"
               ecep:reg="Perhaps"
               ecep:spe="Perhaps"
               ecep:syllab="2"
               ecep:pron="pəˈhæps">Perhaps</w>
         </hi>
         <c> </c>
         <w xml:id="pba35-106940"
            n="a-0470"
            ecep:lem="your"
            ecep:pos="po22"
            ecep:reg="your"
            ecep:spe="your"
            ecep:syllab="1"
            ecep:pron="jɔː">your</w>
         <c> </c>
         <w xml:id="pba35-106950"
            n="a-0480"
            ecep:lem="loyal"
            ecep:pos="j"
            ecep:reg="loyal"
            ecep:spe="loyal"
            ecep:syllab="2"
            ecep:pron="ˈlɔɪəl">loyal</w>
         <c> </c>
         <w xml:id="pba35-106960"
            n="a-0490"
            ecep:lem="heart"
            ecep:pos="n1"
            ecep:reg="Heart"
            ecep:spe="Heart"
            ecep:syllab="1"
            ecep:pron="hɑːt">Heart</w>
         <c> </c>
         <w xml:id="pba35-106970"
            n="a-0500"
            ecep:lem="disdain"
            ecep:pos="vvz"
            ecep:reg="disdains"
            ecep:spe="disdains"
            ecep:syllab="2"
            ecep:pron="dɪsˈdeɪnz">disdains</w>
      </l>
      <l n="6" xml:id="pba35-l05380">
         <c> </c>
         <w xml:id="pba35-106980"
            n="a-0510"
            ecep:lem="a"
            ecep:pos="dt"
            ecep:reg="A"
            ecep:spe="A"
            ecep:syllab="1"
            ecep:pron="ə">A</w>
         <c> </c>
         <w xml:id="pba35-106990"
            n="a-0520"
            ecep:lem="poet"
            ecep:pos="n1"
            ecep:reg="Poet"
            ecep:spe="Poet"
            ecep:syllab="2"
            ecep:pron="ˈpəʊɪt">Poet</w>
         <pc xml:id="pba35-107000"
             n="a-0530"
             ecep:lem=","
             ecep:pos=","
             ecep:reg=","
             ecep:spe=",">,</pc>
         <c> </c>
         <w xml:id="pba35-107010"
            n="a-0540"
            ecep:lem="who"
            ecep:pos="r-crq"
            ecep:reg="who"
            ecep:spe="who"
            ecep:syllab="1"
            ecep:pron="huː">who</w>
         <c> </c>
         <w xml:id="pba35-107020"
            n="a-0550"
            ecep:lem="can"
            ecep:pos="vmd"
            ecep:reg="could"
            ecep:spe="could"
            ecep:syllab="1"
            ecep:pron="kʊd">could</w>
         <c> </c>
         <w xml:id="pba35-107030"
            n="a-0560"
            ecep:lem="take"
            ecep:pos="vvi"
            ecep:reg="take"
            ecep:spe="take"
            ecep:syllab="1"
            ecep:pron="teɪk">take</w>
         <c> </c>
         <w xml:id="pba35-107040"
            n="a-0570"
            ecep:lem="such"
            ecep:pos="d"
            ecep:reg="such"
            ecep:spe="such"
            ecep:syllab="1"
            ecep:pron="sʌtʃ">such</w>
         <c> </c>
         <w xml:id="pba35-107050"
            n="a-0580"
            ecep:lem="pain"
            ecep:pos="n2"
            ecep:reg="Pains"
            ecep:spe="Pains"
            ecep:syllab="1"
            ecep:pron="peɪnz">Pains</w>
         <pc xml:id="pba35-107060"
             n="a-0590"
             ecep:lem=","
             ecep:pos=","
             ecep:reg=","
             ecep:spe=",">,</pc>
      </l>
      <l n="7" xml:id="pba35-l05385">
         <c> </c>
         <w xml:id="pba35-107070"
            n="a-0600"
            ecep:lem="to"
            ecep:pos="pc-acp"
            ecep:reg="To"
            ecep:spe="To"
            ecep:syllab="1"
            ecep:pron="tuː">To</w>
         <c> </c>
         <w xml:id="pba35-107080"
            n="a-0610"
            ecep:lem="tune"
            ecep:pos="vvi"
            ecep:reg="tune"
            ecep:spe="tune"
            ecep:syllab="1"
            ecep:pron="tʃuːn">tune</w>
         <c> </c>
         <w xml:id="pba35-107090"
            n="a-0620"
            ecep:lem="his"
            ecep:pos="po31"
            ecep:reg="his"
            ecep:spe="his"
            ecep:syllab="1"
            ecep:pron="hɪz">his</w>
         <c> </c>
         <w xml:id="pba35-107100"
            n="a-0630"
            ecep:lem="sweet"
            ecep:pos="j"
            ecep:reg="sweet"
            ecep:spe="sweet"
            ecep:syllab="1"
            ecep:pron="swiːt">sweet</w>
         <pc xml:id="pba35-107110"
             n="a-0640"
             ecep:lem=","
             ecep:pos=","
             ecep:reg=","
             ecep:spe=",">,</pc>
         <c> </c>
         <w xml:id="pba35-107120"
            n="a-0650"
            ecep:lem="immortal"
            ecep:pos="j"
            ecep:reg="immortal"
            ecep:spe="immortal"
            ecep:syllab="3"
            ecep:pron="ɪˈmɔːtl">immortal</w>
         <c> </c>
         <w xml:id="pba35-107130"
            n="a-0660"
            ecep:lem="lay"
            ecep:pos="n2"
            ecep:reg="Lays"
            ecep:spe="Lays"
            ecep:syllab="1"
            ecep:pron="leɪz">Lays</w>
      </l>
      <l n="8" xml:id="pba35-l05390">
         <c> </c>
         <w xml:id="pba35-107140"
            n="a-0670"
            ecep:lem="to"
            ecep:pos="p-acp"
            ecep:reg="To"
            ecep:spe="To"
            ecep:syllab="1"
            ecep:pron="tuː">To</w>
         <c> </c>
         <w xml:id="pba35-107150"
            n="a-0680"
            ecep:lem="a"
            ecep:pos="dt"
            ecep:reg="an"
            ecep:spe="an"
            ecep:syllab="1"
            ecep:pron="æn">an</w>
         <c> </c>
         <w xml:id="pba35-107160"
            n="a-0690"
            ecep:lem="usurp"
            ecep:pos="j-vvg"
            ecep:reg="usurping"
            ecep:spe="usurping"
            ecep:syllab="3"
            ecep:pron="juːˈzɜːpɪŋ">usurping</w>
         <c> </c>
         <w xml:id="pba35-107170"
            n="a-0700"
            ecep:lem="tyrant"
            ecep:pos="ng1"
            ecep:reg="Tyrant's"
            ecep:spe="Tyrant's"
            ecep:syllab="2"
            ecep:pron="ˈtaɪrəntz">Tyrant's</w>
         <c> </c>
         <w xml:id="pba35-107180"
            n="a-0710"
            ecep:lem="praise"
            ecep:pos="n1"
            ecep:reg="Praise"
            ecep:spe="Praise"
            ecep:syllab="1"
            ecep:pron="preɪz">Praise</w>
         <pc xml:id="pba35-107190"
             n="a-0720"
             ecep:lem=":"
             ecep:pos=":"
             ecep:reg=":"
             ecep:spe=":">:</pc>
      </l>
      <l n="9" xml:id="pba35-l05395">
         <c> </c>
         <w xml:id="pba35-107200"
            n="a-0730"
            ecep:lem="and"
            ecep:pos="cc"
            ecep:reg="And"
            ecep:spe="And"
            ecep:syllab="1"
            ecep:pron="ænd">And</w>
         <pc xml:id="pba35-107210"
             n="a-0740"
             ecep:lem=","
             ecep:pos=","
             ecep:reg=","
             ecep:spe=",">,</pc>
         <c> </c>
         <w xml:id="pba35-107220"
            n="a-0750"
            ecep:lem="where"
            ecep:pos="c-crq"
            ecep:reg="where"
            ecep:spe="where"
            ecep:syllab="1"
            ecep:pron="weə">where</w>
         <c> </c>
         <w xml:id="pba35-107230"
            n="a-0760"
            ecep:lem="you"
            ecep:pos="pn22"
            ecep:reg="you"
            ecep:spe="you"
            ecep:syllab="1"
            ecep:pron="juː">you</w>
         <c> </c>
         <w xml:id="pba35-107240"
            n="a-0770"
            ecep:lem="hate"
            ecep:pos="vvb"
            ecep:reg="hate"
            ecep:spe="hate"
            ecep:syllab="1"
            ecep:pron="heɪt">hate</w>
         <c> </c>
         <w xml:id="pba35-107250"
            n="a-0780"
            ecep:lem="the"
            ecep:pos="dt"
            ecep:reg="the"
            ecep:spe="the"
            ecep:syllab="1"
            ecep:pron="ðiː">the</w>
         <c> </c>
         <hi>
            <w xml:id="pba35-107260"
               n="a-0790"
               ecep:lem="man"
               ecep:pos="n1"
               ecep:reg="Man"
               ecep:spe="Man"
               ecep:syllab="1"
               ecep:pron="mæn">Man</w>
         </hi>
         <pc xml:id="pba35-107270"
             n="a-0800"
             ecep:lem=","
             ecep:pos=","
             ecep:reg=","
             ecep:spe=",">,</pc>
         <c> </c>
         <w xml:id="pba35-107280"
            n="a-0810"
            ecep:lem="i"
            ecep:pos="pns11"
            ecep:reg="I"
            ecep:spe="I"
            ecep:syllab="1"
            ecep:pron="aɪ">I</w>
         <c> </c>
         <w xml:id="pba35-107290"
            n="a-0820"
            ecep:lem="see"
            ecep:pos="vvb"
            ecep:reg="see"
            ecep:spe="see"
            ecep:syllab="1"
            ecep:pron="siː">see</w>
         <pc xml:id="pba35-107300"
             n="a-0830"
             ecep:lem=","
             ecep:pos=","
             ecep:reg=","
             ecep:spe=",">,</pc>
      </l>
      <l n="10" xml:id="pba35-l05400">
         <c> </c>
         <w xml:id="pba35-107310"
            n="a-0840"
            ecep:lem="you"
            ecep:pos="pn22"
            ecep:reg="You"
            ecep:spe="You"
            ecep:syllab="1"
            ecep:pron="juː">You</w>
         <c> </c>
         <w xml:id="pba35-107320"
            n="a-0850"
            ecep:lem="never"
            ecep:pos="av-x"
            ecep:reg="never"
            ecep:spe="never"
            ecep:syllab="2"
            ecep:pron="ˈnevə">never</w>
         <c> </c>
         <w xml:id="pba35-107330"
            n="a-0860"
            ecep:lem="like"
            ecep:pos="vvi"
            ecep:reg="like"
            ecep:spe="like"
            ecep:syllab="1"
            ecep:pron="laɪk">like</w>
         <c> </c>
         <w xml:id="pba35-107340"
            n="a-0870"
            ecep:lem="his"
            ecep:pos="po31"
            ecep:reg="his"
            ecep:spe="his"
            ecep:syllab="1"
            ecep:pron="hɪz">his</w>
         <c> </c>
         <hi>
            <w xml:id="pba35-107350"
               n="a-0880"
               ecep:lem="poetry"
               ecep:pos="n1"
               ecep:reg="Poetry"
               ecep:spe="Poetry"
               ecep:syllab="3"
               ecep:pron="ˈpəʊətri">Poetry</w>
            <pc xml:id="pba35-107360"
                n="a-0890"
                unit="sentence"
                ecep:lem="."
                ecep:pos="."
                ecep:reg="."
                ecep:spe=".">.</pc>
            <c> </c>
         </hi>
      </l>
      <l n="11" xml:id="pba35-l05405">
         <w xml:id="pba35-107370"
            n="a-0900"
            ecep:lem="the"
            ecep:pos="dt"
            ecep:reg="The"
            ecep:spe="The"
            ecep:syllab="1"
            ecep:pron="ðiː">The</w>
         <c> </c>
         <w xml:id="pba35-107380"
            n="a-0910"
            ecep:lem="truth"
            ecep:pos="n1"
            ecep:reg="Truth"
            ecep:spe="Truth"
            ecep:syllab="1"
            ecep:pron="truːθ">Truth</w>
         <c> </c>
         <w xml:id="pba35-107390"
            n="a-0920"
            ecep:lem="of"
            ecep:pos="pp-f"
            ecep:reg="of"
            ecep:spe="of"
            ecep:syllab="1"
            ecep:pron="ɒv">of</w>
         <c> </c>
         <w xml:id="pba35-107400"
            n="a-0930"
            ecep:lem="this"
            ecep:pos="d"
            ecep:reg="this"
            ecep:spe="this"
            ecep:syllab="1"
            ecep:pron="ðɪs">this</w>
         <c> </c>
         <w xml:id="pba35-107410"
            n="a-0940"
            ecep:lem="your"
            ecep:pos="po22"
            ecep:reg="your"
            ecep:spe="your"
            ecep:syllab="1"
            ecep:pron="jɔː">your</w>
         <c> </c>
         <w xml:id="pba35-107420"
            n="a-0950"
            ecep:lem="verse"
            ecep:pos="n1"
            ecep:reg="Verse"
            ecep:spe="Verse"
            ecep:syllab="1"
            ecep:pron="vɜːs">Verse</w>
         <c> </c>
         <w xml:id="pba35-107430"
            n="a-0960"
            ecep:lem="discover"
            ecep:pos="vvz"
            ecep:reg="discovers"
            ecep:spe="discovers"
            ecep:syllab="3"
            ecep:pron="dɪˈskʌvəz">discovers</w>
         <pc xml:id="pba35-107440"
             n="a-0970"
             ecep:lem=";"
             ecep:pos=";"
             ecep:reg=";"
             ecep:spe=";">;</pc>
      </l>
      <l n="12" xml:id="pba35-l05410">
         <c> </c>
         <w xml:id="pba35-107450"
            n="a-0980"
            ecep:lem="so"
            ecep:pos="av"
            ecep:reg="So"
            ecep:spe="So"
            ecep:syllab="1"
            ecep:pron="səʊ">So</w>
         <c> </c>
         <w xml:id="pba35-107460"
            n="a-0990"
            ecep:lem="you"
            ecep:pos="pn22"
            ecep:reg="you"
            ecep:spe="you"
            ecep:syllab="1"
            ecep:pron="juː">you</w>
         <c> </c>
         <w xml:id="pba35-107470"
            n="a-1000"
            ecep:lem="abuse"
            ecep:pos="vvd"
            ecep:reg="abused"
            ecep:spe="abus'd"
            ecep:syllab="2"
            ecep:pron="əˈbjuːzd">abus'd</w>
         <c> </c>
         <w xml:id="pba35-107480"
            n="a-1010"
            ecep:lem="the"
            ecep:pos="dt"
            ecep:reg="the"
            ecep:spe="the"
            ecep:syllab="1"
            ecep:pron="ðiː">the</w>
         <c> </c>
         <hi>
            <w xml:id="pba35-107490"
               n="a-1020"
               ecep:lem="conscious"
               ecep:pos="j"
               ecep:reg="Conscious"
               ecep:spe="Conscious"
               ecep:syllab="2"
               ecep:pron="ˈkɒnʃəs">Conscious</w>
            <c> </c>
            <w xml:id="pba35-107500"
               n="a-1030"
               ecep:lem="lover"
               ecep:pos="n2"
               ecep:reg="Lovers"
               ecep:spe="Lovers"
               ecep:syllab="2"
               ecep:pron="ˈlʌvəz">Lovers</w>
            <pc xml:id="pba35-107510"
                n="a-1040"
                unit="sentence"
                ecep:lem="."
                ecep:pos="."
                ecep:reg="."
                ecep:spe=".">.</pc>
            <c> </c>
         </hi>
      </l>
      <pb n="81" rend="none"/>
   </lg>
   <lg xml:id="pba35-s00655">
      <l n="13" xml:id="pba35-l05415">
         <hi rendition="#sc">
            <w xml:id="pba35-107540"
               n="a-0010"
               ecep:lem="though"
               ecep:pos="c-acp"
               ecep:reg="Though"
               ecep:spe="Tho'"
               ecep:syllab="1"
               ecep:pron="ðəʊ">Tho'</w>
         </hi>
         <c> </c>
         <w xml:id="pba35-107550"
            n="a-0020"
            ecep:lem="in"
            ecep:pos="p-acp"
            ecep:reg="in"
            ecep:spe="in"
            ecep:syllab="1"
            ecep:pron="ɪn">in</w>
         <c> </c>
         <w xml:id="pba35-107560"
            n="a-0030"
            ecep:lem="your"
            ecep:pos="po22"
            ecep:reg="your"
            ecep:spe="your"
            ecep:syllab="1"
            ecep:pron="jɔː">your</w>
         <c> </c>
         <w xml:id="pba35-107570"
            n="a-0040"
            ecep:lem="principle"
            ecep:pos="n2"
            ecep:reg="Principles"
            ecep:spe="Principles"
            ecep:syllab="3"
            ecep:pron="ˈprɪnsəplz">Principles</w>
         <c> </c>
         <w xml:id="pba35-107580"
            n="a-0050"
            ecep:lem="you"
            ecep:pos="pn22"
            ecep:reg="you"
            ecep:spe="you"
            ecep:syllab="1"
            ecep:pron="juː">you</w>
         <c> </c>
         <w xml:id="pba35-107590"
            n="a-0060"
            ecep:lem="glory"
            ecep:pos="n1"
            ecep:reg="glory"
            ecep:spe="glory"
            ecep:syllab="2"
            ecep:pron="ˈglɔːri">glory</w>
         <pc xml:id="pba35-107600"
             n="a-0070"
             ecep:lem=","
             ecep:pos=","
             ecep:reg=","
             ecep:spe=",">,</pc>
      </l>
      <l n="14" xml:id="pba35-l05420">
         <c> </c>
         <w xml:id="pba35-107610"
            n="a-0080"
            ecep:lem="the"
            ecep:pos="dt"
            ecep:reg="The"
            ecep:spe="The"
            ecep:syllab="1"
            ecep:pron="ðiː">The</w>
         <c> </c>
         <w xml:id="pba35-107620"
            n="a-0090"
            ecep:lem="muse"
            ecep:pos="n2"
            ecep:reg="Muses"
            ecep:spe="Muses"
            ecep:syllab="2"
            ecep:pron="mjuːzɪz">Muses</w>
         <c> </c>
         <w xml:id="pba35-107630"
            n="a-0100"
            ecep:lem="be"
            ecep:pos="vbb"
            ecep:reg="are"
            ecep:spe="are"
            ecep:syllab="1"
            ecep:pron="ɑː">are</w>
         <c> </c>
         <w xml:id="pba35-107640"
            n="a-0110"
            ecep:lem="nor"
            ecep:pos="ccx"
            ecep:reg="nor"
            ecep:spe="nor"
            ecep:syllab="1"
            ecep:pron="nɔː">nor</w>
         <c> </c>
         <hi>
            <w xml:id="pba35-107650"
               n="a-0120"
               ecep:lem="Whig"
               ecep:pos="np1"
               ecep:reg="Whig"
               ecep:spe="Whig"
               ecep:syllab="1"
               ecep:pron="ˈwɪg">Whig</w>
         </hi>
         <c> </c>
         <w xml:id="pba35-107660"
            n="a-0130"
            ecep:lem="nor"
            ecep:pos="ccx"
            ecep:reg="nor"
            ecep:spe="nor"
            ecep:syllab="1"
            ecep:pron="nɔː">nor</w>
         <c> </c>
         <hi>
            <w xml:id="pba35-107670"
               n="a-0140"
               ecep:lem="Tory"
               ecep:pos="np1"
               ecep:reg="Tory"
               ecep:spe="Tory"
               ecep:syllab="2"
               ecep:pron="ˈtɔːri">Tory</w>
         </hi>
         <pc xml:id="pba35-107680"
             n="a-0150"
             ecep:lem=":"
             ecep:pos=":"
             ecep:reg=":"
             ecep:spe=":">:</pc>
      </l>
      <l n="15" xml:id="pba35-l05425">
         <c> </c>
         <w xml:id="pba35-107690"
            n="a-0160"
            ecep:lem="so"
            ecep:pos="av"
            ecep:reg="So"
            ecep:spe="So"
            ecep:syllab="1"
            ecep:pron="səʊ">So</w>
         <c> </c>
         <w xml:id="pba35-107700"
            n="a-0170"
            ecep:lem="from"
            ecep:pos="p-acp"
            ecep:reg="from"
            ecep:spe="from"
            ecep:syllab="1"
            ecep:pron="frɒm">from</w>
         <c> </c>
         <w xml:id="pba35-107710"
            n="a-0180"
            ecep:lem="your"
            ecep:pos="po22"
            ecep:reg="your"
            ecep:spe="your"
            ecep:syllab="1"
            ecep:pron="jɔː">your</w>
         <c> </c>
         <w xml:id="pba35-107720"
            n="a-0190"
            ecep:lem="sentence"
            ecep:pos="n1"
            ecep:reg="Sentence"
            ecep:spe="Sentence"
            ecep:syllab="2"
            ecep:pron="ˈsentəns">Sentence</w>
         <c> </c>
         <w xml:id="pba35-107730"
            n="a-0200"
            ecep:lem="they"
            ecep:pos="pns32"
            ecep:reg="they"
            ecep:spe="they"
            ecep:syllab="1"
            ecep:pron="ðeɪ">they</w>
         <c> </c>
         <w xml:id="pba35-107740"
            n="a-0210"
            ecep:lem="appeal"
            ecep:pos="vvb"
            ecep:reg="appeal"
            ecep:spe="appeal"
            ecep:syllab="2"
            ecep:pron="əˈpiːl">appeal</w>
         <pc xml:id="pba35-107750"
             n="a-0220"
             ecep:lem=","
             ecep:pos=","
             ecep:reg=","
             ecep:spe=",">,</pc>
      </l>
      <l n="16" xml:id="pba35-l05430">
         <c> </c>
         <w xml:id="pba35-107760"
            n="a-0230"
            ecep:lem="nor"
            ecep:pos="ccx"
            ecep:reg="Nor"
            ecep:spe="Nor"
            ecep:syllab="1"
            ecep:pron="nɔː">Nor</w>
         <c> </c>
         <w xml:id="pba35-107770"
            n="a-0240"
            ecep:lem="will"
            ecep:pos="vmb"
            ecep:reg="will"
            ecep:spe="will"
            ecep:syllab="1"
            ecep:pron="wɪl">will</w>
         <c> </c>
         <w xml:id="pba35-107780"
            n="a-0250"
            ecep:lem="be"
            ecep:pos="vbi"
            ecep:reg="be"
            ecep:spe="be"
            ecep:syllab="1"
            ecep:pron="biː">be</w>
         <c> </c>
         <w xml:id="pba35-107790"
            n="a-0260"
            ecep:lem="judge"
            ecep:pos="vvn"
            ecep:reg="judged"
            ecep:spe="judg'd"
            ecep:syllab="1"
            ecep:pron="dʒʌdʒd">judg'd</w>
         <c> </c>
         <w xml:id="pba35-107800"
            n="a-0270"
            ecep:lem="by"
            ecep:pos="p-acp"
            ecep:reg="by"
            ecep:spe="by"
            ecep:syllab="1"
            ecep:pron="baɪ">by</w>
         <c> </c>
         <hi>
            <w xml:id="pba35-107810"
               n="a-0280"
               ecep:lem="party"
               ecep:pos="n1"
               ecep:reg="Party"
               ecep:spe="Party"
               ecep:syllab="2"
               ecep:pron="ˈpɑːti">Party</w>
         </hi>
         <c> </c>
         <w xml:id="pba35-107820"
            n="a-0290"
            ecep:lem="zeal"
            ecep:pos="n1"
            ecep:reg="Zeal"
            ecep:spe="Zeal"
            ecep:syllab="1"
            ecep:pron="ziːl">Zeal</w>
         <pc xml:id="pba35-107830"
             n="a-0300"
             unit="sentence"
             ecep:lem="."
             ecep:pos="."
             ecep:reg="."
             ecep:spe=".">.</pc>
         <c> </c>
      </l>
      <l n="17" xml:id="pba35-l05435">
         <w xml:id="pba35-107840"
            n="a-0310"
            ecep:lem="whenever"
            ecep:pos="cs"
            ecep:reg="Whenever"
            ecep:spe="Whene'er"
            ecep:syllab="2"
            ecep:pron="wenˈeə">Whene'er</w>
         <c> </c>
         <w xml:id="pba35-107850"
            n="a-0320"
            ecep:lem="a"
            ecep:pos="dt"
            ecep:reg="a"
            ecep:spe="a"
            ecep:syllab="1"
            ecep:pron="ə">a</w>
         <c> </c>
         <w xml:id="pba35-107860"
            n="a-0330"
            ecep:lem="poet"
            ecep:pos="ng1"
            ecep:reg="Poet's"
            ecep:spe="Poet's"
            ecep:syllab="2"
            ecep:pron="ˈpəʊɪts">Poet's</w>
         <c> </c>
         <w xml:id="pba35-107870"
            n="a-0340"
            ecep:lem="to"
            ecep:pos="pc-acp"
            ecep:reg="to"
            ecep:spe="to"
            ecep:syllab="1"
            ecep:pron="tuː">to</w>
         <c> </c>
         <w xml:id="pba35-107880"
            n="a-0350"
            ecep:lem="be"
            ecep:pos="vbi"
            ecep:reg="be"
            ecep:spe="be"
            ecep:syllab="1"
            ecep:pron="biː">be</w>
         <c> </c>
         <w xml:id="pba35-107890"
            n="a-0360"
            ecep:lem="try"
            ecep:pos="vvn"
            ecep:reg="tried"
            ecep:spe="try'd"
            ecep:syllab="1"
            ecep:pron="traɪd">try'd</w>
         <pc xml:id="pba35-107900"
             n="a-0370"
             ecep:lem=","
             ecep:pos=","
             ecep:reg=","
             ecep:spe=",">,</pc>
      </l>
      <l n="18" xml:id="pba35-l05440">
         <c> </c>
         <w xml:id="pba35-107910"
            n="a-0380"
            ecep:lem="let"
            ecep:pos="vvb"
            ecep:reg="Let"
            ecep:spe="Let"
            ecep:syllab="1"
            ecep:pron="let">Let</w>
         <c> </c>
         <hi>
            <w xml:id="pba35-107920"
               n="a-0390"
               ecep:lem="pope"
               ecep:pos="n1"
               ecep:reg="Pope"
               ecep:spe="Pope"
               ecep:syllab="1"
               ecep:pron="pəʊp">Pope</w>
         </hi>
         <c> </c>
         <w xml:id="pba35-107930"
            n="a-0400"
            ecep:lem="hereafter"
            ecep:pos="av"
            ecep:reg="hereafter"
            ecep:spe="hereafter"
            ecep:syllab="3"
            ecep:pron="ˌhɪərˈɑːftə">hereafter</w>
         <c> </c>
         <w xml:id="pba35-107940"
            n="a-0410"
            ecep:lem="be"
            ecep:pos="vbi"
            ecep:reg="be"
            ecep:spe="be"
            ecep:syllab="1"
            ecep:pron="biː">be</w>
         <c> </c>
         <w xml:id="pba35-107950"
            n="a-0420"
            ecep:lem="your"
            ecep:pos="po22"
            ecep:reg="your"
            ecep:spe="your"
            ecep:syllab="1"
            ecep:pron="jɔː">your</w>
         <c> </c>
         <w xml:id="pba35-107960"
            n="a-0430"
            ecep:lem="guide"
            ecep:pos="n1"
            ecep:reg="Guide"
            ecep:spe="Guide"
            ecep:syllab="1"
            ecep:pron="gaɪd">Guide</w>
         <pc xml:id="pba35-107970"
             n="a-0440"
             unit="sentence"
             ecep:lem="."
             ecep:pos="."
             ecep:reg="."
             ecep:spe=".">.</pc>
         <c> </c>
      </l>
      <l n="19"
         xml:id="pba35-l05445"
         ana="#iamb #pentameter"
         ecep:syllab="10"
         real="-+|-+|-+|-+|-+/">
         <c> </c>
         <pc xml:id="pba35-107980"
             n="a-0450"
             ecep:lem="&#34;"
             ecep:pos="&#34;"
             ecep:reg="&#34;"
             ecep:spe="&#34;">"</pc>
         <note n="*" place="bottom" xml:id="pba35-n00065">
            <w xml:id="pba35-108110"
               n="a-0460"
               ecep:lem="essay"
               ecep:pos="n1"
               ecep:reg="Essay"
               ecep:spe="Essay"
               ecep:syllab="2"
               ecep:pron="ˈeseɪ">Essay</w>
            <c> </c>
            <w xml:id="pba35-108120"
               n="a-0470"
               ecep:lem="on"
               ecep:pos="p-acp"
               ecep:reg="on"
               ecep:spe="on"
               ecep:syllab="1"
               ecep:pron="ɒn">on</w>
            <c> </c>
            <w xml:id="pba35-108130"
               n="a-0480"
               ecep:lem="criticism"
               ecep:pos="n1"
               ecep:reg="Criticism"
               ecep:spe="Criticism"
               ecep:syllab="4"
               ecep:pron="ˈkrɪtɪsɪzm">Criticism</w>
            <pc xml:id="pba35-108140"
                n="a-0490"
                unit="sentence"
                ecep:lem="."
                ecep:pos="."
                ecep:reg="."
                ecep:spe=".">.</pc>
         </note>
         <c> </c>
         <w xml:id="pba35-107990"
            n="a-0500"
            ecep:lem="survey"
            ecep:pos="n1"
            ecep:reg="Survey"
            ecep:spe="Survey"
            ecep:syllab="2"
            ecep:pron="ˈsɜːveɪ">Survey</w>
         <c> </c>
         <w xml:id="pba35-108000"
            n="a-0510"
            ecep:lem="the"
            ecep:pos="dt"
            ecep:reg="the"
            ecep:spe="the"
            ecep:syllab="1"
            ecep:pron="ðiː">the</w>
         <c> </c>
         <w xml:id="pba35-108010"
            n="a-0520"
            ecep:lem="whole"
            ecep:pos="j-jn"
            ecep:reg="Whole"
            ecep:spe="Whole"
            ecep:syllab="1"
            ecep:pron="həʊl">Whole</w>
         <pc xml:id="pba35-108020"
             n="a-0530"
             ecep:lem=","
             ecep:pos=","
             ecep:reg=","
             ecep:spe=",">,</pc>
         <c> </c>
         <w xml:id="pba35-108030"
            n="a-0540"
            ecep:lem="nor"
            ecep:pos="ccx"
            ecep:reg="nor"
            ecep:spe="nor"
            ecep:syllab="1"
            ecep:pron="nɔː">nor</w>
         <c> </c>
         <w xml:id="pba35-108040"
            n="a-0550"
            ecep:lem="seek"
            ecep:pos="vvi"
            ecep:reg="seek"
            ecep:spe="seek"
            ecep:syllab="1"
            ecep:pron="siːk">seek</w>
         <c> </c>
         <w xml:id="pba35-108050"
            n="a-0560"
            ecep:lem="slight"
            ecep:pos="j"
            ecep:reg="slight"
            ecep:spe="slight"
            ecep:syllab="1"
            ecep:pron="slaɪt">slight</w>
         <c> </c>
         <w xml:id="pba35-108060"
            n="a-0570"
            ecep:lem="fault"
            ecep:pos="n2"
            ecep:reg="Faults"
            ecep:spe="Faults"
            ecep:syllab="1"
            ecep:pron="fɔːlts">Faults</w>
         <c> </c>
         <w xml:id="pba35-108070"
            n="a-0580"
            ecep:lem="to"
            ecep:pos="pc-acp"
            ecep:reg="to"
            ecep:spe="to"
            ecep:syllab="1"
            ecep:pron="tuː">to</w>
         <c> </c>
         <w xml:id="pba35-108080"
            n="a-0590"
            ecep:lem="find"
            ecep:pos="vvi"
            ecep:reg="find"
            ecep:spe="find"
            ecep:syllab="1"
            ecep:pron="faɪnd">find</w>
         <pc xml:id="pba35-108090"
             n="a-0600"
             ecep:lem=","
             ecep:pos=","
             ecep:reg=","
             ecep:spe=",">,</pc>
      </l>
      <l n="20"
         xml:id="pba35-l05450"
         ana="#iamb #pentameter"
         ecep:syllab="10"
         real="-+|-+|-+|-+|-+/">
         <c> </c>
         <pc xml:id="pba35-108150"
             n="a-0610"
             ecep:lem="&#34;"
             ecep:pos="&#34;"
             ecep:reg="&#34;"
             ecep:spe="&#34;">"</pc>
         <w xml:id="pba35-108160"
            n="a-0620"
            ecep:lem="where"
            ecep:pos="q-crq"
            ecep:reg="Where"
            ecep:spe="Where"
            ecep:syllab="1"
            ecep:pron="weə">Where</w>
         <c> </c>
         <w xml:id="pba35-108170"
            n="a-0630"
            ecep:lem="nature"
            ecep:pos="n1"
            ecep:reg="Nature"
            ecep:spe="Nature"
            ecep:syllab="2"
            ecep:pron="ˈneɪtʃə">Nature</w>
         <c> </c>
         <w xml:id="pba35-108180"
            n="a-0640"
            ecep:lem="move"
            ecep:pos="vvz"
            ecep:reg="moves"
            ecep:spe="moves"
            ecep:syllab="1"
            ecep:pron="muːvz">moves</w>
         <pc xml:id="pba35-108190"
             n="a-0650"
             ecep:lem=","
             ecep:pos=","
             ecep:reg=","
             ecep:spe=",">,</pc>
         <c> </c>
         <w xml:id="pba35-108200"
            n="a-0660"
            ecep:lem="and"
            ecep:pos="cc"
            ecep:reg="and"
            ecep:spe="and"
            ecep:syllab="1"
            ecep:pron="ænd">and</w>
         <c> </c>
         <w xml:id="pba35-108210"
            n="a-0670"
            ecep:lem="rapture"
            ecep:pos="n1"
            ecep:reg="Rapture"
            ecep:spe="Rapture"
            ecep:syllab="2"
            ecep:pron="ˈræptʃə">Rapture</w>
         <c> </c>
         <w xml:id="pba35-108220"
            n="a-0680"
            ecep:lem="warm"
            ecep:pos="vvz"
            ecep:reg="warms"
            ecep:spe="warms"
            ecep:syllab="1"
            ecep:pron="wɔːmz">warms</w>
         <c> </c>
         <w xml:id="pba35-108230"
            n="a-0690"
            ecep:lem="the"
            ecep:pos="dt"
            ecep:reg="the"
            ecep:spe="the"
            ecep:syllab="1"
            ecep:pron="ðiː">the</w>
         <c> </c>
         <w xml:id="pba35-108240"
            n="a-0700"
            ecep:lem="mind"
            ecep:pos="n1"
            ecep:reg="Mind"
            ecep:spe="Mind"
            ecep:syllab="1"
            ecep:pron="maɪnd">Mind</w>
         <pc xml:id="pba35-108250"
             n="a-0710"
             unit="sentence"
             ecep:lem="."
             ecep:pos="."
             ecep:reg="."
             ecep:spe=".">.</pc>
         <c> </c>
      </l>
   </lg>
</div>
