<?xml version="1.0" encoding="utf-8"?>
<!DOCTYPE div
  SYSTEM "about:legacy-compat">
<div xmlns:ecep="http://www.eighteenthcenturypoetry.org/ns"
     xmlns="http://www.tei-c.org/ns/1.0"
     xmlns:tei="http://www.tei-c.org/ns/1.0"
     ana="#iamb #tetrameter #quatrain #pair #ode"
     corresp="#txt_PrioMa1664_w0032"
     decls="#semi-normalized"
     ecep:syllab="8.8.8.8"
     met="-+|-+|-+|-+/ -+|-+|-+|-+/ -+|-+|-+|-+/ -+|-+|-+|-+/"
     rendition="#lgvspace"
     rhyme="aabb"
     subtype="eceptext"
     type="poem"
     xml:id="pmp18-w0290">
   <link target="authors.xml#aut_PrioMa1664" type="author"/>
   <head type="main">
      <w xml:id="pmp18-0201090"
         n="a-1410"
         ecep:lem="Venus"
         ecep:pos="np1"
         ecep:reg="VENUS"
         ecep:spe="VENUS"
         ecep:syllab="2"
         ecep:pron="ˈviːnəs">VENUS</w>
      <c> </c>
      <hi>
         <w xml:id="pmp18-0201100"
            n="a-1420"
            ecep:lem="mistake"
            ecep:pos="vvn"
            ecep:reg="Mistaken"
            ecep:spe="Mistaken"
            ecep:syllab="3"
            ecep:pron="mɪˈsteɪkn">Mistaken</w>
      </hi>
      <pc xml:id="pmp18-0201110"
          n="a-1430"
          unit="sentence"
          ecep:lem="."
          ecep:pos="."
          ecep:reg="."
          ecep:spe=".">.</pc>
   </head>
   <lg xml:id="pmp18-s01365">
      <head>
         <w xml:id="pmp18-0201150"
            n="a-1440"
            ecep:lem="i"
            ecep:pos="pns11"
            ecep:reg="I"
            ecep:spe="I."
            ecep:syllab="1"
            ecep:pron="ˈaɪ">I.</w>
         <pc unit="sentence" xml:id="pmp18-0201150-eos" n="a-1450"/>
      </head>
      <l n="1" xml:id="pmp18-l08080">
         <hi rendition="#sc">
            <w xml:id="pmp18-0201170"
               n="a-1460"
               ecep:lem="when"
               ecep:pos="c-crq"
               ecep:reg="When"
               ecep:spe="When"
               ecep:syllab="1"
               ecep:pron="wen">When</w>
            <c> </c>
            <w xml:id="pmp18-0201180"
               n="a-1470"
               ecep:lem="cloe"
               ecep:pos="npg1"
               ecep:reg="Cloe's"
               ecep:spe="Cloe's"
               ecep:syllab="1"
               ecep:pron="klˈəʊiz">Cloe's</w>
         </hi>
         <c> </c>
         <w xml:id="pmp18-0201190"
            n="a-1480"
            ecep:lem="picture"
            ecep:pos="n1"
            ecep:reg="Picture"
            ecep:spe="Picture"
            ecep:syllab="2"
            ecep:pron="ˈpɪktʃə">Picture</w>
         <c> </c>
         <w xml:id="pmp18-0201200"
            n="a-1490"
            ecep:lem="be"
            ecep:pos="vbds"
            ecep:reg="was"
            ecep:spe="was"
            ecep:syllab="1"
            ecep:pron="wɒz">was</w>
         <c> </c>
         <w xml:id="pmp18-0201210"
            n="a-1500"
            ecep:lem="to"
            ecep:pos="p-acp"
            ecep:reg="to"
            ecep:spe="to"
            ecep:syllab="1"
            ecep:pron="tuː">to</w>
         <c> </c>
         <hi rendition="#sc">
            <w xml:id="pmp18-0201220"
               n="a-1510"
               ecep:lem="Venus"
               ecep:pos="np1"
               ecep:reg="Venus"
               ecep:spe="Venus"
               ecep:syllab="2"
               ecep:pron="ˈviːnəs">Venus</w>
         </hi>
         <c> </c>
         <w xml:id="pmp18-0201230"
            n="a-1520"
            ecep:lem="show"
            ecep:pos="vvn"
            ecep:reg="shown"
            ecep:spe="shown"
            ecep:syllab="1"
            ecep:pron="ʃəʊn">shown</w>
         <pc xml:id="pmp18-0201240"
             n="a-1530"
             ecep:lem=";"
             ecep:pos=";"
             ecep:reg=";"
             ecep:spe=";">;</pc>
      </l>
      <l n="2" xml:id="pmp18-l08085">
         <c> </c>
         <w xml:id="pmp18-0201250"
            n="a-1540"
            ecep:lem="surprise"
            ecep:pos="vvn"
            ecep:reg="Surprised"
            ecep:spe="Surpriz'd"
            ecep:syllab="2"
            ecep:pron="səˈpraɪzɪd">Surpriz'd</w>
         <pc xml:id="pmp18-0201260"
             n="a-1550"
             ecep:lem=","
             ecep:pos=","
             ecep:reg=","
             ecep:spe=",">,</pc>
         <c> </c>
         <w xml:id="pmp18-0201270"
            n="a-1560"
            ecep:lem="the"
            ecep:pos="dt"
            ecep:reg="the"
            ecep:spe="the"
            ecep:syllab="1"
            ecep:pron="ðiː">the</w>
         <c> </c>
         <w xml:id="pmp18-0201280"
            n="a-1570"
            ecep:lem="goddess"
            ecep:pos="n1"
            ecep:reg="Goddess"
            ecep:spe="Goddess"
            ecep:syllab="2"
            ecep:pron="ˈgɒdes">Goddess</w>
         <c> </c>
         <w xml:id="pmp18-0201290"
            n="a-1580"
            ecep:lem="take"
            ecep:pos="vvd"
            ecep:reg="took"
            ecep:spe="took"
            ecep:syllab="1"
            ecep:pron="tʊk">took</w>
         <c> </c>
         <w xml:id="pmp18-0201300"
            n="a-1590"
            ecep:lem="it"
            ecep:pos="pn31"
            ecep:reg="it"
            ecep:spe="it"
            ecep:syllab="1"
            ecep:pron="ɪt">it</w>
         <c> </c>
         <w xml:id="pmp18-0201310"
            n="a-1600"
            ecep:lem="for"
            ecep:pos="p-acp"
            ecep:reg="for"
            ecep:spe="for"
            ecep:syllab="1"
            ecep:pron="fɔː">for</w>
         <c> </c>
         <w xml:id="pmp18-0201320"
            n="a-1610"
            ecep:lem="her"
            ecep:pos="po31"
            ecep:reg="Her"
            ecep:spe="Her"
            ecep:syllab="1"
            ecep:pron="hɜː">Her</w>
         <c> </c>
         <w xml:id="pmp18-0201330"
            n="a-1620"
            ecep:lem="own"
            ecep:pos="d"
            ecep:reg="own"
            ecep:spe="own"
            ecep:syllab="1"
            ecep:pron="əʊn">own</w>
         <pc xml:id="pmp18-0201340"
             n="a-1630"
             unit="sentence"
             ecep:lem="."
             ecep:pos="."
             ecep:reg="."
             ecep:spe=".">.</pc>
         <c> </c>
      </l>
      <l n="3" xml:id="pmp18-l08090">
         <w xml:id="pmp18-0201350"
            n="a-1640"
            ecep:lem="and"
            ecep:pos="cc"
            ecep:reg="And"
            ecep:spe="And"
            ecep:syllab="1"
            ecep:pron="ænd">And</w>
         <c> </c>
         <w xml:id="pmp18-0201360"
            n="a-1650"
            ecep:lem="what"
            ecep:pos="q-crq"
            ecep:reg="what"
            ecep:spe="what"
            ecep:syllab="1"
            ecep:pron="wɒt">what</w>
         <pc xml:id="pmp18-0201370"
             n="a-1660"
             ecep:lem=","
             ecep:pos=","
             ecep:reg=","
             ecep:spe=",">,</pc>
         <c> </c>
         <w xml:id="pmp18-0201380"
            n="a-1670"
            ecep:lem="say"
            ecep:pos="vvd"
            ecep:reg="said"
            ecep:spe="said"
            ecep:syllab="1"
            ecep:pron="sed">said</w>
         <c> </c>
         <w xml:id="pmp18-0201390"
            n="a-1680"
            ecep:lem="she"
            ecep:pos="pns31"
            ecep:reg="She"
            ecep:spe="She"
            ecep:syllab="1"
            ecep:pron="ʃiː">She</w>
         <pc xml:id="pmp18-0201400"
             n="a-1690"
             ecep:lem=","
             ecep:pos=","
             ecep:reg=","
             ecep:spe=",">,</pc>
         <c> </c>
         <w xml:id="pmp18-0201410"
            n="a-1700"
            ecep:lem="do"
            ecep:pos="vdz"
            ecep:reg="does"
            ecep:spe="does"
            ecep:syllab="1"
            ecep:pron="dʌz">does</w>
         <c> </c>
         <w xml:id="pmp18-0201420"
            n="a-1710"
            ecep:lem="this"
            ecep:pos="d"
            ecep:reg="this"
            ecep:spe="this"
            ecep:syllab="1"
            ecep:pron="ðɪs">this</w>
         <c> </c>
         <w xml:id="pmp18-0201430"
            n="a-1720"
            ecep:lem="bold"
            ecep:pos="j"
            ecep:reg="bold"
            ecep:spe="bold"
            ecep:syllab="1"
            ecep:pron="bəʊld">bold</w>
         <c> </c>
         <w xml:id="pmp18-0201440"
            n="a-1730"
            ecep:lem="painter"
            ecep:pos="n1"
            ecep:reg="Painter"
            ecep:spe="Painter"
            ecep:syllab="2"
            ecep:pron="peɪntə">Painter</w>
         <c> </c>
         <w xml:id="pmp18-0201450"
            n="a-1740"
            ecep:lem="mean"
            ecep:pos="vvi"
            ecep:reg="mean"
            ecep:spe="mean"
            ecep:syllab="1"
            ecep:pron="miːn">mean</w>
         <pc xml:id="pmp18-0201460"
             n="a-1750"
             unit="sentence"
             ecep:lem="?"
             ecep:pos="?"
             ecep:reg="?"
             ecep:spe="?">?</pc>
         <c> </c>
      </l>
      <l n="4" xml:id="pmp18-l08095">
         <w xml:id="pmp18-0201470"
            n="a-1760"
            ecep:lem="when"
            ecep:pos="q-crq"
            ecep:reg="When"
            ecep:spe="When"
            ecep:syllab="1"
            ecep:pron="wen">When</w>
         <c> </c>
         <w xml:id="pmp18-0201480"
            n="a-1770"
            ecep:lem="be"
            ecep:pos="vbds"
            ecep:reg="was"
            ecep:spe="was"
            ecep:syllab="1"
            ecep:pron="wɒz">was</w>
         <c> </c>
         <w xml:id="pmp18-0201490"
            n="a-1780"
            ecep:lem="i"
            ecep:pos="pns11"
            ecep:reg="I"
            ecep:spe="I"
            ecep:syllab="1"
            ecep:pron="aɪ">I</w>
         <c> </c>
         <w xml:id="pmp18-0201500"
            n="a-1790"
            ecep:lem="bathe"
            ecep:pos="vvg"
            ecep:reg="Bathing"
            ecep:spe="Bathing"
            ecep:syllab="2"
            ecep:pron="bɑːθɪŋ">Bathing</w>
         <c> </c>
         <w xml:id="pmp18-0201510"
            n="a-1800"
            ecep:lem="thus"
            ecep:pos="av"
            ecep:reg="thus"
            ecep:spe="thus"
            ecep:syllab="1"
            ecep:pron="ðʌs">thus</w>
         <pc xml:id="pmp18-0201520"
             n="a-1810"
             ecep:lem=","
             ecep:pos=","
             ecep:reg=","
             ecep:spe=",">,</pc>
         <c> </c>
         <w xml:id="pmp18-0201530"
            n="a-1820"
            ecep:lem="and"
            ecep:pos="cc"
            ecep:reg="and"
            ecep:spe="and"
            ecep:syllab="1"
            ecep:pron="ænd">and</w>
         <c> </c>
         <w xml:id="pmp18-0201540"
            n="a-1830"
            ecep:lem="naked"
            ecep:pos="j"
            ecep:reg="Naked"
            ecep:spe="Naked"
            ecep:syllab="2"
            ecep:pron="ˈneɪkɪd">Naked</w>
         <c> </c>
         <w xml:id="pmp18-0201550"
            n="a-1840"
            ecep:lem="see"
            ecep:pos="vvn"
            ecep:reg="seen"
            ecep:spe="seen"
            ecep:syllab="1"
            ecep:pron="siːn">seen</w>
         <pc xml:id="pmp18-0201560"
             n="a-1850"
             unit="sentence"
             ecep:lem="?"
             ecep:pos="?"
             ecep:reg="?"
             ecep:spe="?">?</pc>
         <c> </c>
      </l>
   </lg>
   <pb n="79" rend="none"/>
   <lg xml:id="pmp18-s01370">
      <head>
         <w xml:id="pmp18-0201600"
            n="a-0010"
            ecep:lem="ii"
            ecep:pos="crd"
            ecep:reg="II"
            ecep:spe="II"
            ecep:syllab="1"
            ecep:pron="rˌəʊməntˈuː">II</w>
         <pc xml:id="pmp18-0201610"
             n="a-0020"
             unit="sentence"
             ecep:lem="."
             ecep:pos="."
             ecep:reg="."
             ecep:spe=".">.</pc>
      </head>
      <l n="5" xml:id="pmp18-l08100">
         <w xml:id="pmp18-0201630"
            n="a-0030"
            ecep:lem="please"
            ecep:pos="j-vvn"
            ecep:reg="Pleased"
            ecep:spe="Pleas'd"
            ecep:syllab="1"
            ecep:pron="pliːzd">Pleas'd</w>
         <c> </c>
         <hi rendition="#sc">
            <w xml:id="pmp18-0201640"
               n="a-0040"
               ecep:lem="Cupid"
               ecep:pos="np1"
               ecep:reg="Cupid"
               ecep:spe="Cupid"
               ecep:syllab="2"
               ecep:pron="ˈkjuːpɪd">Cupid</w>
         </hi>
         <c> </c>
         <w xml:id="pmp18-0201650"
            n="a-0050"
            ecep:lem="hear"
            ecep:pos="vvn"
            ecep:reg="heard"
            ecep:spe="heard"
            ecep:syllab="1"
            ecep:pron="hɜːd">heard</w>
         <pc xml:id="pmp18-0201660"
             n="a-0060"
             ecep:lem=","
             ecep:pos=","
             ecep:reg=","
             ecep:spe=",">,</pc>
         <c> </c>
         <w xml:id="pmp18-0201670"
            n="a-0070"
            ecep:lem="and"
            ecep:pos="cc"
            ecep:reg="and"
            ecep:spe="and"
            ecep:syllab="1"
            ecep:pron="ænd">and</w>
         <c> </c>
         <w xml:id="pmp18-0201680"
            n="a-0080"
            ecep:lem="check"
            ecep:pos="vvd"
            ecep:reg="checked"
            ecep:spe="check'd"
            ecep:syllab="1"
            ecep:pron="tʃekt">check'd</w>
         <c> </c>
         <w xml:id="pmp18-0201690"
            n="a-0090"
            ecep:lem="his"
            ecep:pos="po31"
            ecep:reg="His"
            ecep:spe="His"
            ecep:syllab="1"
            ecep:pron="hɪz">His</w>
         <c> </c>
         <w xml:id="pmp18-0201700"
            n="a-0100"
            ecep:lem="mother"
            ecep:pos="ng1"
            ecep:reg="Mother's"
            ecep:spe="Mother's"
            ecep:syllab="2"
            ecep:pron="ˈmʌðəz">Mother's</w>
         <c> </c>
         <w xml:id="pmp18-0201710"
            n="a-0110"
            ecep:lem="pride"
            ecep:pos="n1"
            ecep:reg="Pride"
            ecep:spe="Pride"
            ecep:syllab="1"
            ecep:pron="praɪd">Pride</w>
         <pc xml:id="pmp18-0201720"
             n="a-0120"
             ecep:lem=":"
             ecep:pos=":"
             ecep:reg=":"
             ecep:spe=":">:</pc>
      </l>
      <l n="6" xml:id="pmp18-l08105">
         <c> </c>
         <w xml:id="pmp18-0201730"
            n="a-0130"
            ecep:lem="and"
            ecep:pos="cc"
            ecep:reg="And"
            ecep:spe="And"
            ecep:syllab="1"
            ecep:pron="ænd">And</w>
         <c> </c>
         <w xml:id="pmp18-0201740"
            n="a-0140"
            ecep:lem="who|be"
            ecep:pos="q-crq|vbz"
            ecep:reg="who's"
            ecep:spe="who's"
            ecep:syllab="1"
            ecep:pron="huːz">who's</w>
         <c> </c>
         <w xml:id="pmp18-0201750"
            n="a-0150"
            ecep:lem="blind"
            ecep:pos="j"
            ecep:reg="blind"
            ecep:spe="blind"
            ecep:syllab="1"
            ecep:pron="blaɪnd">blind</w>
         <c> </c>
         <w xml:id="pmp18-0201760"
            n="a-0160"
            ecep:lem="now"
            ecep:pos="av"
            ecep:reg="now"
            ecep:spe="now"
            ecep:syllab="1"
            ecep:pron="naʊ">now</w>
         <pc xml:id="pmp18-0201770"
             n="a-0170"
             ecep:lem=","
             ecep:pos=","
             ecep:reg=","
             ecep:spe=",">,</pc>
         <c> </c>
         <w xml:id="pmp18-0201780"
            n="a-0180"
            ecep:lem="mamma"
            ecep:pos="n1"
            ecep:reg="Mamma"
            ecep:spe="Mamma"
            ecep:syllab="2"
            ecep:pron="məˈmɑː">Mamma</w>
         <pc xml:id="pmp18-0201790"
             n="a-0190"
             ecep:lem="?"
             ecep:pos="?"
             ecep:reg="?"
             ecep:spe="?">?</pc>
         <c> </c>
         <w xml:id="pmp18-0201800"
            n="a-0200"
            ecep:lem="the"
            ecep:pos="dt"
            ecep:reg="the"
            ecep:spe="the"
            ecep:syllab="1"
            ecep:pron="ðiː">the</w>
         <c> </c>
         <w xml:id="pmp18-0201810"
            n="a-0210"
            ecep:lem="urchin"
            ecep:pos="n1"
            ecep:reg="Urchin"
            ecep:spe="Urchin"
            ecep:syllab="2"
            ecep:pron="ˈɜːtʃɪn">Urchin</w>
         <c> </c>
         <w xml:id="pmp18-0201820"
            n="a-0220"
            ecep:lem="cry"
            ecep:pos="vvn"
            ecep:reg="cried"
            ecep:spe="cry'd"
            ecep:syllab="1"
            ecep:pron="kraɪd">cry'd</w>
         <pc xml:id="pmp18-0201830"
             n="a-0230"
             unit="sentence"
             ecep:lem="."
             ecep:pos="."
             ecep:reg="."
             ecep:spe=".">.</pc>
         <c> </c>
      </l>
      <l n="7" xml:id="pmp18-l08110">
         <w xml:id="pmp18-0201840"
            n="a-0240"
            ecep:lem="it|be"
            ecep:pos="pn31|vbz"
            ecep:reg="It's"
            ecep:spe="'Tis"
            ecep:syllab="1"
            ecep:pron="tɪz">'Tis</w>
         <c> </c>
         <hi rendition="#sc">
            <w xml:id="pmp18-0201850"
               n="a-0250"
               ecep:lem="cloe"
               ecep:pos="npg1"
               ecep:reg="Cloe's"
               ecep:spe="Cloe's"
               ecep:syllab="1"
               ecep:pron="klˈəʊiz">Cloe's</w>
         </hi>
         <c> </c>
         <w xml:id="pmp18-0201860"
            n="a-0260"
            ecep:lem="eye"
            ecep:pos="n1"
            ecep:reg="Eye"
            ecep:spe="Eye"
            ecep:syllab="1"
            ecep:pron="aɪ">Eye</w>
         <pc xml:id="pmp18-0201870"
             n="a-0270"
             ecep:lem=","
             ecep:pos=","
             ecep:reg=","
             ecep:spe=",">,</pc>
         <c> </c>
         <w xml:id="pmp18-0201880"
            n="a-0280"
            ecep:lem="and"
            ecep:pos="cc"
            ecep:reg="and"
            ecep:spe="and"
            ecep:syllab="1"
            ecep:pron="ænd">and</w>
         <c> </c>
         <w xml:id="pmp18-0201890"
            n="a-0290"
            ecep:lem="cheek"
            ecep:pos="n1"
            ecep:reg="Cheek"
            ecep:spe="Cheek"
            ecep:syllab="1"
            ecep:pron="tʃiːk">Cheek</w>
         <pc xml:id="pmp18-0201900"
             n="a-0300"
             ecep:lem=","
             ecep:pos=","
             ecep:reg=","
             ecep:spe=",">,</pc>
         <c> </c>
         <w xml:id="pmp18-0201910"
            n="a-0310"
            ecep:lem="and"
            ecep:pos="cc"
            ecep:reg="and"
            ecep:spe="and"
            ecep:syllab="1"
            ecep:pron="ænd">and</w>
         <c> </c>
         <w xml:id="pmp18-0201920"
            n="a-0320"
            ecep:lem="lip"
            ecep:pos="n1"
            ecep:reg="Lip"
            ecep:spe="Lip"
            ecep:syllab="1"
            ecep:pron="lɪp">Lip</w>
         <pc xml:id="pmp18-0201930"
             n="a-0330"
             ecep:lem=","
             ecep:pos=","
             ecep:reg=","
             ecep:spe=",">,</pc>
         <c> </c>
         <w xml:id="pmp18-0201940"
            n="a-0340"
            ecep:lem="and"
            ecep:pos="cc"
            ecep:reg="and"
            ecep:spe="and"
            ecep:syllab="1"
            ecep:pron="ænd">and</w>
         <c> </c>
         <w xml:id="pmp18-0201950"
            n="a-0350"
            ecep:lem="breast"
            ecep:pos="n1"
            ecep:reg="Breast"
            ecep:spe="Breast"
            ecep:syllab="1"
            ecep:pron="brest">Breast</w>
         <pc xml:id="pmp18-0201960"
             n="a-0360"
             ecep:lem=":"
             ecep:pos=":"
             ecep:reg=":"
             ecep:spe=":">:</pc>
      </l>
      <l n="8" xml:id="pmp18-l08115">
         <c> </c>
         <w xml:id="pmp18-0201970"
            n="a-0370"
            ecep:lem="friend"
            ecep:pos="n1"
            ecep:reg="Friend"
            ecep:spe="Friend"
            ecep:syllab="1"
            ecep:pron="frend">Friend</w>
         <c> </c>
         <hi rendition="#sc">
            <w xml:id="pmp18-0201980"
               n="a-0380"
               ecep:lem="howard"
               ecep:pos="npg1"
               ecep:reg="Howard's"
               ecep:spe="Howard's"
               ecep:syllab="2"
               ecep:pron="ˈhaʊədz">Howard's</w>
         </hi>
         <c> </c>
         <w xml:id="pmp18-0201990"
            n="a-0390"
            ecep:lem="genius"
            ecep:pos="n1"
            ecep:reg="Genius"
            ecep:spe="Genius"
            ecep:syllab="2"
            ecep:pron="ˈdʒiːniəs">Genius</w>
         <c> </c>
         <w xml:id="pmp18-0202000"
            n="a-0400"
            ecep:lem="fancy"
            ecep:pos="vvd"
            ecep:reg="fancied"
            ecep:spe="fancy'd"
            ecep:syllab="2"
            ecep:pron="ˈfænsid">fancy'd</w>
         <c> </c>
         <w xml:id="pmp18-0202010"
            n="a-0410"
            ecep:lem="all"
            ecep:pos="d"
            ecep:reg="all"
            ecep:spe="all"
            ecep:syllab="1"
            ecep:pron="ɔːl">all</w>
         <c> </c>
         <w xml:id="pmp18-0202020"
            n="a-0420"
            ecep:lem="the"
            ecep:pos="dt"
            ecep:reg="the"
            ecep:spe="the"
            ecep:syllab="1"
            ecep:pron="ðiː">the</w>
         <c> </c>
         <w xml:id="pmp18-0202030"
            n="a-0430"
            ecep:lem="rest"
            ecep:pos="n1"
            ecep:reg="rest"
            ecep:spe="rest"
            ecep:syllab="1"
            ecep:pron="rest">rest</w>
         <pc xml:id="pmp18-0202040"
             n="a-0440"
             unit="sentence"
             ecep:lem="."
             ecep:pos="."
             ecep:reg="."
             ecep:spe=".">.</pc>
         <c> </c>
      </l>
   </lg>
</div>
