<?xml version="1.0" encoding="utf-8"?>
<!DOCTYPE div
  SYSTEM "about:legacy-compat">
<div xmlns:tei="http://www.tei-c.org/ns/1.0"
     xmlns="http://www.tei-c.org/ns/1.0"
     xmlns:ecep="http://www.eighteenthcenturypoetry.org/ns"
     ana="#iamb #trimeter #tetrameter #pentameter #hexameter #octet #ode"
     corresp="#txt_FawkFr1720_w0001"
     ecep:syllab="8.6.8.6.8.8.10.12"
     met="-+|-+|-+|-+/         -+|-+|-+/         -+|-+|-+|-+/         -+|-+|-+/         -+|-+|-+|-+/         -+|-+|-+|-+/         -+|-+|-+|-+|-+/         -+|-+|-+|-+|-+|-+/"
     rendition="#lgvspace"
     rhyme="ababccdd"
     subtype="eceptext"
     type="ode"
     xml:id="o5155-w0600"
     decls="#semi-normalized">
   <link target="authors.xml#aut_FawkFr1720" type="author"/>
   <link target="26245" type="DMI"/>
   <head type="main">
      <w xml:id="o5155-576050"
         n="273-a-0010"
         ecep:lem="a"
         ecep:pos="dt"
         ecep:reg="A"
         ecep:spe="A"
         ecep:syllab="1"
         ecep:pron="ə">A</w>
      <c> </c>
      <w xml:id="o5155-576060"
         n="273-a-0020"
         ecep:lem="vernal"
         ecep:pos="j"
         ecep:reg="VERNAL"
         ecep:spe="VERNAL"
         ecep:syllab="2"
         ecep:pron="ˈvɜːnl">VERNAL</w>
      <c> </c>
      <w xml:id="o5155-576070"
         n="273-a-0030"
         ecep:lem="ode"
         ecep:pos="n1"
         ecep:reg="ODE"
         ecep:spe="ODE"
         ecep:syllab="1"
         ecep:pron="əʊd">ODE</w>
      <pc xml:id="o5155-576080"
          n="273-a-0040"
          unit="sentence"
          ecep:lem="."
          ecep:pos="."
          ecep:reg="."
          ecep:spe=".">.</pc>
   </head>
   <head type="sub">
      <w xml:id="o5155-576110"
         n="273-a-0050"
         ecep:lem="send"
         ecep:pos="vvn"
         ecep:reg="Sent"
         ecep:spe="Sent"
         ecep:syllab="1"
         ecep:pron="sent">Sent</w>
      <c> </c>
      <w xml:id="o5155-576120"
         n="273-a-0060"
         ecep:lem="to"
         ecep:pos="p-acp"
         ecep:reg="to"
         ecep:spe="to"
         ecep:syllab="1"
         ecep:pron="tuː">to</w>
      <c> </c>
      <w xml:id="o5155-576130"
         n="273-a-0070"
         ecep:lem="his"
         ecep:pos="po31"
         ecep:reg="his"
         ecep:spe="his"
         ecep:syllab="1"
         ecep:pron="hɪz">his</w>
      <c> </c>
      <w xml:id="o5155-576140"
         n="273-a-0080"
         ecep:lem="grace"
         ecep:pos="n1"
         ecep:reg="Grace"
         ecep:spe="Grace"
         ecep:syllab="1"
         ecep:pron="greɪs">Grace</w>
      <c> </c>
      <w xml:id="o5155-576150"
         n="273-a-0090"
         ecep:lem="the"
         ecep:pos="dt"
         ecep:reg="the"
         ecep:spe="the"
         ecep:syllab="1"
         ecep:pron="ðiː">the</w>
      <c> </c>
      <w xml:id="o5155-576160"
         n="273-a-0100"
         ecep:lem="lord"
         ecep:pos="n1"
         ecep:reg="Lord"
         ecep:spe="Lord"
         ecep:syllab="1"
         ecep:pron="lɔːd">Lord</w>
      <c> </c>
      <w xml:id="o5155-576170"
         n="273-a-0110"
         ecep:lem="archbishop"
         ecep:pos="n1"
         ecep:reg="Archbishop"
         ecep:spe="Archbishop"
         ecep:syllab="3"
         ecep:pron="ˌɑːtʃˈbɪʃəp">Archbishop</w>
      <c> </c>
      <w xml:id="o5155-576180"
         n="273-a-0120"
         ecep:lem="of"
         ecep:pos="pp-f"
         ecep:reg="of"
         ecep:spe="of"
         ecep:syllab="1"
         ecep:pron="ɒv">of</w>
      <c> </c>
      <w xml:id="o5155-576190"
         n="273-a-0130"
         ecep:lem="Canterbury"
         ecep:pos="np1"
         ecep:reg="CANTERBURY"
         ecep:spe="CANTERBURY"
         ecep:syllab="4"
         ecep:pron="ˈkæntəbərɪ">CANTERBURY</w>
      <pc xml:id="o5155-576200"
          n="273-a-0140"
          ecep:lem=","
          ecep:pos=","
          ecep:reg=","
          ecep:spe=",">,</pc>
      <c> </c>
      <date>
         <w xml:id="o5155-576210"
            n="273-a-0150"
            ecep:lem="march"
            ecep:pos="vvb"
            ecep:reg="March"
            ecep:spe="March"
            ecep:syllab="1"
            ecep:pron="mɑːtʃ">March</w>
         <c> </c>
         <w xml:id="o5155-576220"
            n="273-a-0160"
            ecep:lem="12"
            ecep:pos="crd"
            ecep:reg="12"
            ecep:spe="12"
            ecep:syllab="1"
            ecep:pron="twelv">12</w>
         <pc xml:id="o5155-576230"
             n="273-a-0170"
             ecep:lem=","
             ecep:pos=","
             ecep:reg=","
             ecep:spe=",">,</pc>
         <c> </c>
         <w xml:id="o5155-576240"
            n="273-a-0180"
            ecep:lem="1754."
            ecep:pos="crd"
            ecep:reg="1754."
            ecep:spe="1754."
            ecep:syllab="1"
            ecep:pron="wˈɒnθˈaʊzəndsˈevənhˈʌndrədənfˈɪftifˈɔː">1754.</w>
         <pc unit="sentence" xml:id="o5155-576240-eos" n="273-a-0190"/>
      </date>
   </head>
   <byline>
      <w xml:id="o5155-576270"
         n="273-a-0200"
         ecep:lem="by"
         ecep:pos="p-acp"
         ecep:reg="By"
         ecep:spe="By"
         ecep:syllab="1"
         ecep:pron="baɪ">By</w>
      <c> </c>
      <w xml:id="o5155-576280"
         n="273-a-0210"
         ecep:lem="FRANCIS"
         ecep:pos="np1"
         ecep:reg="FRANCIS"
         ecep:spe="FRANCIS"
         ecep:syllab="2"
         ecep:pron="ˈfrɑːnsɪs">FRANCIS</w>
      <c> </c>
      <w xml:id="o5155-576290"
         n="273-a-0220"
         ecep:lem="Fawkes"
         ecep:pos="np1"
         ecep:reg="FAWKES"
         ecep:spe="FAWKES"
         ecep:syllab="1"
         ecep:pron="fˈɔːks">FAWKES</w>
      <pc xml:id="o5155-576300"
          n="273-a-0230"
          ecep:lem=","
          ecep:pos=","
          ecep:reg=","
          ecep:spe=",">,</pc>
      <c> </c>
      <w xml:id="o5155-576310"
         n="273-a-0240"
         ecep:lem="a."
         ecep:pos="np1"
         ecep:reg="A."
         ecep:spe="A."
         ecep:syllab="1"
         ecep:pron="ˈeɪ">A.</w>
      <c> </c>
      <w xml:id="o5155-576320"
         n="273-a-0250"
         ecep:lem="m."
         ecep:pos="sy"
         ecep:reg="M."
         ecep:spe="M."
         ecep:syllab="1"
         ecep:pron="ˈem">M.</w>
      <pc unit="sentence" xml:id="o5155-576320-eos" n="273-a-0260"/>
   </byline>
   <lg n="1" xml:id="o5155-s03160">
      <head>
         <w xml:id="o5155-576360"
            n="273-a-0270"
            ecep:lem="i"
            ecep:pos="pns11"
            ecep:reg="I"
            ecep:spe="I."
            ecep:syllab="1"
            ecep:pron="ˈaɪ">I.</w>
         <pc unit="sentence" xml:id="o5155-576360-eos" n="273-a-0280"/>
      </head>
      <l xml:id="o5155-l30460">
         <w xml:id="o5155-576380"
            n="273-a-0290"
            ecep:lem="bright"
            ecep:pos="j"
            ecep:reg="BRIGHT"
            ecep:spe="BRIGHT"
            ecep:syllab="1"
            ecep:pron="braɪt">BRIGHT</w>
         <c> </c>
         <w xml:id="o5155-576390"
            n="273-a-0300"
            ecep:lem="god"
            ecep:pos="n1"
            ecep:reg="God"
            ecep:spe="God"
            ecep:syllab="1"
            ecep:pron="gɒd">God</w>
         <c> </c>
         <w xml:id="o5155-576400"
            n="273-a-0310"
            ecep:lem="of"
            ecep:pos="pp-f"
            ecep:reg="of"
            ecep:spe="of"
            ecep:syllab="1"
            ecep:pron="ɒv">of</w>
         <c> </c>
         <w xml:id="o5155-576410"
            n="273-a-0320"
            ecep:lem="day"
            ecep:pos="n1"
            ecep:reg="day"
            ecep:spe="day"
            ecep:syllab="1"
            ecep:pron="deɪ">day</w>
         <pc xml:id="o5155-576420"
             n="273-a-0330"
             ecep:lem=","
             ecep:pos=","
             ecep:reg=","
             ecep:spe=",">,</pc>
         <c> </c>
         <w xml:id="o5155-576430"
            n="273-a-0340"
            ecep:lem="who"
            ecep:pos="r-crq"
            ecep:reg="whose"
            ecep:spe="whose"
            ecep:syllab="1"
            ecep:pron="huːz">whose</w>
         <c> </c>
         <w xml:id="o5155-576440"
            n="273-a-0350"
            ecep:lem="genial"
            ecep:pos="j"
            ecep:reg="genial"
            ecep:spe="genial"
            ecep:syllab="2"
            ecep:pron="ˈdʒiːniəl">genial</w>
         <pc xml:id="o5155-576450"
             n="273-a-0360"
             ecep:lem=","
             ecep:pos=","
             ecep:reg=","
             ecep:spe=",">,</pc>
         <c> </c>
         <w xml:id="o5155-576460"
            n="273-a-0370"
            ecep:lem="power"
            ecep:pos="n1"
            ecep:reg="power"
            ecep:spe="power"
            ecep:syllab="1"
            ecep:pron="ˈpaʊə">power</w>
      </l>
      <l xml:id="o5155-l30465">
         <w xml:id="o5155-576470"
            n="273-a-0380"
            ecep:lem="revive"
            ecep:pos="vvz"
            ecep:reg="Revives"
            ecep:spe="Revives"
            ecep:syllab="2"
            ecep:pron="riˈvaɪvz">Revives</w>
         <c> </c>
         <w xml:id="o5155-576480"
            n="273-a-0390"
            ecep:lem="the"
            ecep:pos="dt"
            ecep:reg="the"
            ecep:spe="the"
            ecep:syllab="1"
            ecep:pron="ðiː">the</w>
         <c> </c>
         <w xml:id="o5155-576490"
            n="273-a-0400"
            ecep:lem="bury"
            ecep:pos="j-vvn"
            ecep:reg="buried"
            ecep:spe="buried"
            ecep:syllab="2"
            ecep:pron="ˈberid">buried</w>
         <c> </c>
         <w xml:id="o5155-576500"
            n="273-a-0410"
            ecep:lem="seed"
            ecep:pos="n1"
            ecep:reg="seed"
            ecep:spe="seed"
            ecep:syllab="1"
            ecep:pron="siːd">seed</w>
         <pc xml:id="o5155-576510"
             n="273-a-0420"
             ecep:lem=","
             ecep:pos=","
             ecep:reg=","
             ecep:spe=",">,</pc>
      </l>
      <l xml:id="o5155-l30470">
         <w xml:id="o5155-576520"
            n="273-a-0430"
            ecep:lem="that"
            ecep:pos="cst"
            ecep:reg="That"
            ecep:spe="That"
            ecep:syllab="1"
            ecep:pron="ðæt">That</w>
         <c> </c>
         <w xml:id="o5155-576530"
            n="273-a-0440"
            ecep:lem="spread"
            ecep:pos="vvz"
            ecep:reg="spreads"
            ecep:spe="spreads"
            ecep:syllab="1"
            ecep:pron="spredz">spreads</w>
         <c> </c>
         <w xml:id="o5155-576540"
            n="273-a-0450"
            ecep:lem="with"
            ecep:pos="p-acp"
            ecep:reg="with"
            ecep:spe="with"
            ecep:syllab="1"
            ecep:pron="wɪð">with</w>
         <c> </c>
         <w xml:id="o5155-576550"
            n="273-a-0460"
            ecep:lem="foliage"
            ecep:pos="n1"
            ecep:reg="foliage"
            ecep:spe="foliage"
            ecep:syllab="2"
            ecep:pron="ˈfəʊliɪdʒ">foliage</w>
         <c> </c>
         <w xml:id="o5155-576560"
            n="273-a-0470"
            ecep:lem="every"
            ecep:pos="d"
            ecep:reg="every"
            ecep:spe="every"
            ecep:syllab="2"
            ecep:pron="ˈevri">every</w>
         <c> </c>
         <w xml:id="o5155-576570"
            n="273-a-0480"
            ecep:lem="bower"
            ecep:pos="n1"
            ecep:reg="bower"
            ecep:spe="bower"
            ecep:syllab="2"
            ecep:pron="ˈbaʊə">bower</w>
         <pc xml:id="o5155-576580"
             n="273-a-0490"
             ecep:lem=","
             ecep:pos=","
             ecep:reg=","
             ecep:spe=",">,</pc>
      </l>
      <l xml:id="o5155-l30475">
         <w xml:id="o5155-576590"
            n="273-a-0500"
            ecep:lem="with"
            ecep:pos="p-acp"
            ecep:reg="With"
            ecep:spe="With"
            ecep:syllab="1"
            ecep:pron="wɪð">With</w>
         <c> </c>
         <w xml:id="o5155-576600"
            n="273-a-0510"
            ecep:lem="verdure"
            ecep:pos="n1"
            ecep:reg="verdure"
            ecep:spe="verdure"
            ecep:syllab="2"
            ecep:pron="ˈvɜːdʒə">verdure</w>
         <c> </c>
         <w xml:id="o5155-576610"
            n="273-a-0520"
            ecep:lem="every"
            ecep:pos="d"
            ecep:reg="every"
            ecep:spe="every"
            ecep:syllab="2"
            ecep:pron="ˈevri">every</w>
         <c> </c>
         <w xml:id="o5155-576620"
            n="273-a-0530"
            ecep:lem="mead"
            ecep:pos="n1"
            ecep:reg="mead"
            ecep:spe="mead"
            ecep:syllab="1"
            ecep:pron="miːd">mead</w>
         <pc xml:id="o5155-576630"
             n="273-a-0540"
             ecep:lem=","
             ecep:pos=","
             ecep:reg=","
             ecep:spe=",">,</pc>
      </l>
      <l xml:id="o5155-l30480">
         <w xml:id="o5155-576640"
            n="273-a-0550"
            ecep:lem="bid"
            ecep:pos="vvb"
            ecep:reg="Bid"
            ecep:spe="Bid"
            ecep:syllab="1"
            ecep:pron="bɪd">Bid</w>
         <c> </c>
         <w xml:id="o5155-576650"
            n="273-a-0560"
            ecep:lem="all"
            ecep:pos="d"
            ecep:reg="all"
            ecep:spe="all"
            ecep:syllab="1"
            ecep:pron="ɔːl">all</w>
         <c> </c>
         <w xml:id="o5155-576660"
            n="273-a-0570"
            ecep:lem="thy"
            ecep:pos="po21"
            ecep:reg="thy"
            ecep:spe="thy"
            ecep:syllab="1"
            ecep:pron="ðaɪ">thy</w>
         <c> </c>
         <w xml:id="o5155-576670"
            n="273-a-0580"
            ecep:lem="vernal"
            ecep:pos="j"
            ecep:reg="vernal"
            ecep:spe="vernal"
            ecep:syllab="2"
            ecep:pron="ˈvɜːnl">vernal</w>
         <c> </c>
         <w xml:id="o5155-576680"
            n="273-a-0590"
            ecep:lem="breeze"
            ecep:pos="vvz"
            ecep:reg="breezes"
            ecep:spe="breezes"
            ecep:syllab="2"
            ecep:pron="ˈbriːzɪz">breezes</w>
         <c> </c>
         <w xml:id="o5155-576690"
            n="273-a-0600"
            ecep:lem="fly"
            ecep:pos="n1"
            ecep:reg="fly"
            ecep:spe="fly"
            ecep:syllab="1"
            ecep:pron="flaɪ">fly</w>
         <pc xml:id="o5155-576700"
             n="273-a-0610"
             ecep:lem=","
             ecep:pos=","
             ecep:reg=","
             ecep:spe=",">,</pc>
      </l>
      <l xml:id="o5155-l30485">
         <w xml:id="o5155-576710"
            n="273-a-0620"
            ecep:lem="diffuse"
            ecep:pos="vvg"
            ecep:reg="Diffusing"
            ecep:spe="Diffusing"
            ecep:syllab="3"
            ecep:pron="dɪˈfjuːzɪŋ">Diffusing</w>
         <c> </c>
         <w xml:id="o5155-576720"
            n="273-a-0630"
            ecep:lem="mildness"
            ecep:pos="n1"
            ecep:reg="mildness"
            ecep:spe="mildness"
            ecep:syllab="2"
            ecep:pron="ˈmaɪldnəs">mildness</w>
         <c> </c>
         <w xml:id="o5155-576730"
            n="273-a-0640"
            ecep:lem="through"
            ecep:pos="p-acp"
            ecep:reg="through"
            ecep:spe="thro'"
            ecep:syllab="1"
            ecep:pron="θruː">thro'</w>
         <c> </c>
         <w xml:id="o5155-576740"
            n="273-a-0650"
            ecep:lem="the"
            ecep:pos="dt"
            ecep:reg="the"
            ecep:spe="the"
            ecep:syllab="1"
            ecep:pron="ðiː">the</w>
         <c> </c>
         <w xml:id="o5155-576750"
            n="273-a-0660"
            ecep:lem="sky"
            ecep:pos="n1"
            ecep:reg="sky"
            ecep:spe="sky"
            ecep:syllab="1"
            ecep:pron="skaɪ">sky</w>
         <pc xml:id="o5155-576760"
             n="273-a-0670"
             ecep:lem=";"
             ecep:pos=";"
             ecep:reg=";"
             ecep:spe=";">;</pc>
      </l>
      <l xml:id="o5155-l30490">
         <w xml:id="o5155-576770"
            n="273-a-0680"
            ecep:lem="give"
            ecep:pos="vvb"
            ecep:reg="Give"
            ecep:spe="Give"
            ecep:syllab="1"
            ecep:pron="gɪv">Give</w>
         <c> </c>
         <w xml:id="o5155-576780"
            n="273-a-0690"
            ecep:lem="the"
            ecep:pos="dt"
            ecep:reg="the"
            ecep:spe="the"
            ecep:syllab="1"
            ecep:pron="ðiː">the</w>
         <c> </c>
         <w xml:id="o5155-576790"
            n="273-a-0700"
            ecep:lem="soft"
            ecep:pos="j"
            ecep:reg="soft"
            ecep:spe="soft"
            ecep:syllab="1"
            ecep:pron="sɒft">soft</w>
         <c> </c>
         <w xml:id="o5155-576800"
            n="273-a-0710"
            ecep:lem="season"
            ecep:pos="n1"
            ecep:reg="season"
            ecep:spe="season"
            ecep:syllab="2"
            ecep:pron="ˈsiːzn">season</w>
         <c> </c>
         <w xml:id="o5155-576810"
            n="273-a-0720"
            ecep:lem="to"
            ecep:pos="p-acp"
            ecep:reg="to"
            ecep:spe="to"
            ecep:syllab="1"
            ecep:pron="tuː">to</w>
         <c> </c>
         <w xml:id="o5155-576820"
            n="273-a-0730"
            ecep:lem="our"
            ecep:pos="po12"
            ecep:reg="our"
            ecep:spe="our"
            ecep:syllab="1"
            ecep:pron="ˈaʊə">our</w>
         <c> </c>
         <w xml:id="o5155-576830"
            n="273-a-0740"
            ecep:lem="droop"
            ecep:pos="j-vvg"
            ecep:reg="drooping"
            ecep:spe="drooping"
            ecep:syllab="2"
            ecep:pron="ˈdruːpɪŋ">drooping</w>
         <c> </c>
         <w xml:id="o5155-576840"
            n="273-a-0750"
            ecep:lem="plain"
            ecep:pos="n2"
            ecep:reg="plains"
            ecep:spe="plains"
            ecep:syllab="1"
            ecep:pron="pleɪnz">plains</w>
         <pc xml:id="o5155-576850"
             n="273-a-0760"
             ecep:lem=","
             ecep:pos=","
             ecep:reg=","
             ecep:spe=",">,</pc>
      </l>
      <l xml:id="o5155-l30495">
         <w xml:id="o5155-576860"
            n="273-a-0770"
            ecep:lem="sprinkle"
            ecep:pos="vvn"
            ecep:reg="Sprinkled"
            ecep:spe="Sprinkled"
            ecep:syllab="2"
            ecep:pron="ˈsprɪŋkld">Sprinkled</w>
         <c> </c>
         <w xml:id="o5155-576870"
            n="273-a-0780"
            ecep:lem="with"
            ecep:pos="p-acp"
            ecep:reg="with"
            ecep:spe="with"
            ecep:syllab="1"
            ecep:pron="wɪð">with</w>
         <c> </c>
         <w xml:id="o5155-576880"
            n="273-a-0790"
            ecep:lem="rosy"
            ecep:pos="j"
            ecep:reg="rosy"
            ecep:spe="rosy"
            ecep:syllab="2"
            ecep:pron="ˈrəʊzi">rosy</w>
         <c> </c>
         <w xml:id="o5155-576890"
            n="273-a-0800"
            ecep:lem="dew"
            ecep:pos="n2"
            ecep:reg="dews"
            ecep:spe="dews"
            ecep:syllab="1"
            ecep:pron="djuːz">dews</w>
         <pc xml:id="o5155-576900"
             n="273-a-0810"
             ecep:lem=","
             ecep:pos=","
             ecep:reg=","
             ecep:spe=",">,</pc>
         <c> </c>
         <w xml:id="o5155-576910"
            n="273-a-0820"
            ecep:lem="and"
            ecep:pos="cc"
            ecep:reg="and"
            ecep:spe="and"
            ecep:syllab="1"
            ecep:pron="ænd">and</w>
         <c> </c>
         <w xml:id="o5155-576920"
            n="273-a-0830"
            ecep:lem="salutary"
            ecep:pos="j-jn"
            ecep:reg="salutary"
            ecep:spe="salutary"
            ecep:syllab="4"
            ecep:pron="ˈsæljʊtəri">salutary</w>
         <c> </c>
         <w xml:id="o5155-576930"
            n="273-a-0840"
            ecep:lem="rain"
            ecep:pos="n2"
            ecep:reg="rains"
            ecep:spe="rains"
            ecep:syllab="1"
            ecep:pron="reɪnz">rains</w>
         <pc xml:id="o5155-576940"
             n="273-a-0850"
             unit="sentence"
             ecep:lem="."
             ecep:pos="."
             ecep:reg="."
             ecep:spe=".">.</pc>
      </l>
   </lg>
   <lg n="2" xml:id="o5155-s03165">
      <head>
         <w xml:id="o5155-576980"
            n="273-a-0860"
            ecep:lem="ii"
            ecep:pos="crd"
            ecep:reg="II"
            ecep:spe="II"
            ecep:syllab="1"
            ecep:pron="rˌəʊməntˈuː">II</w>
         <pc xml:id="o5155-576990"
             n="273-a-0870"
             unit="sentence"
             ecep:lem="."
             ecep:pos="."
             ecep:reg="."
             ecep:spe=".">.</pc>
      </head>
      <l xml:id="o5155-l30500">
         <w xml:id="o5155-577010"
            n="273-a-0880"
            ecep:lem="enough"
            ecep:pos="av-d"
            ecep:reg="Enough"
            ecep:spe="Enough"
            ecep:syllab="2"
            ecep:pron="əˈnʌf">Enough</w>
         <c> </c>
         <w xml:id="o5155-577020"
            n="273-a-0890"
            ecep:lem="have"
            ecep:pos="vhz"
            ecep:reg="has"
            ecep:spe="has"
            ecep:syllab="1"
            ecep:pron="hæz">has</w>
         <c> </c>
         <w xml:id="o5155-577030"
            n="273-a-0900"
            ecep:lem="winter"
            ecep:pos="ng1"
            ecep:reg="Winter's"
            ecep:spe="Winter's"
            ecep:syllab="2"
            ecep:pron="ˈwɪntəz">Winter's</w>
         <c> </c>
         <w xml:id="o5155-577040"
            n="273-a-0910"
            ecep:lem="hand"
            ecep:pos="n1"
            ecep:reg="hand"
            ecep:spe="hand"
            ecep:syllab="1"
            ecep:pron="hænd">hand</w>
         <c> </c>
         <w xml:id="o5155-577050"
            n="273-a-0920"
            ecep:lem="severe"
            ecep:pos="j"
            ecep:reg="severe"
            ecep:spe="severe"
            ecep:syllab="2"
            ecep:pron="sɪˈvɪə">severe</w>
      </l>
      <l xml:id="o5155-l30505">
         <w xml:id="o5155-577060"
            n="273-a-0930"
            ecep:lem="hurl"
            ecep:pos="vvn"
            ecep:reg="Hurled"
            ecep:spe="Hurl'd"
            ecep:syllab="1"
            ecep:pron="hɜːld">Hurl'd</w>
         <c> </c>
         <w xml:id="o5155-577070"
            n="273-a-0940"
            ecep:lem="all"
            ecep:pos="d"
            ecep:reg="all"
            ecep:spe="all"
            ecep:syllab="1"
            ecep:pron="ɔːl">all</w>
         <c> </c>
         <w xml:id="o5155-577080"
            n="273-a-0950"
            ecep:lem="his"
            ecep:pos="po31"
            ecep:reg="his"
            ecep:spe="his"
            ecep:syllab="1"
            ecep:pron="hɪz">his</w>
         <c> </c>
         <w xml:id="o5155-577090"
            n="273-a-0960"
            ecep:lem="terror"
            ecep:pos="n2"
            ecep:reg="terrors"
            ecep:spe="terrors"
            ecep:syllab="2"
            ecep:pron="ˈterəz">terrors</w>
         <c> </c>
         <w xml:id="o5155-577100"
            n="273-a-0970"
            ecep:lem="round"
            ecep:pos="av-j"
            ecep:reg="round"
            ecep:spe="round"
            ecep:syllab="1"
            ecep:pron="raʊnd">round</w>
         <pc xml:id="o5155-577110"
             n="273-a-0980"
             ecep:lem=","
             ecep:pos=","
             ecep:reg=","
             ecep:spe=",">,</pc>
      </l>
      <l xml:id="o5155-l30510">
         <w xml:id="o5155-577120"
            n="273-a-0990"
            ecep:lem="chill"
            ecep:pos="vvn"
            ecep:reg="Chilled"
            ecep:spe="Chill'd"
            ecep:syllab="1"
            ecep:pron="tʃɪld">Chill'd</w>
         <c> </c>
         <w xml:id="o5155-577130"
            n="273-a-1000"
            ecep:lem="the"
            ecep:pos="dt"
            ecep:reg="the"
            ecep:spe="the"
            ecep:syllab="1"
            ecep:pron="ðiː">the</w>
         <c> </c>
         <w xml:id="o5155-577140"
            n="273-a-1010"
            ecep:lem="fair"
            ecep:pos="j"
            ecep:reg="fair"
            ecep:spe="fair"
            ecep:syllab="1"
            ecep:pron="feə">fair</w>
         <c> </c>
         <w xml:id="o5155-577150"
            n="273-a-1020"
            ecep:lem="dawn"
            ecep:pos="n-vvg"
            ecep:reg="dawning"
            ecep:spe="dawning"
            ecep:syllab="2"
            ecep:pron="ˈdɔːnɪŋ">dawning</w>
         <c> </c>
         <w xml:id="o5155-577160"
            n="273-a-1030"
            ecep:lem="of"
            ecep:pos="pp-f"
            ecep:reg="of"
            ecep:spe="of"
            ecep:syllab="1"
            ecep:pron="ɒv">of</w>
         <c> </c>
         <w xml:id="o5155-577170"
            n="273-a-1040"
            ecep:lem="the"
            ecep:pos="dt"
            ecep:reg="the"
            ecep:spe="the"
            ecep:syllab="1"
            ecep:pron="ðiː">the</w>
         <c> </c>
         <w xml:id="o5155-577180"
            n="273-a-1050"
            ecep:lem="year"
            ecep:pos="n1"
            ecep:reg="year"
            ecep:spe="year"
            ecep:syllab="1"
            ecep:pron="jɪə">year</w>
         <pc xml:id="o5155-577190"
             n="273-a-1060"
             ecep:lem=","
             ecep:pos=","
             ecep:reg=","
             ecep:spe=",">,</pc>
      </l>
      <l xml:id="o5155-l30515">
         <w xml:id="o5155-577200"
            n="273-a-1070"
            ecep:lem="and"
            ecep:pos="cc"
            ecep:reg="And"
            ecep:spe="And"
            ecep:syllab="1"
            ecep:pron="ænd">And</w>
         <c> </c>
         <w xml:id="o5155-577210"
            n="273-a-1080"
            ecep:lem="whiten"
            ecep:pos="vvd"
            ecep:reg="whitened"
            ecep:spe="whiten'd"
            ecep:syllab="2"
            ecep:pron="ˈwaɪtnd">whiten'd</w>
         <c> </c>
         <w xml:id="o5155-577220"
            n="273-a-1090"
            ecep:lem="all"
            ecep:pos="d"
            ecep:reg="all"
            ecep:spe="all"
            ecep:syllab="1"
            ecep:pron="ɔːl">all</w>
         <c> </c>
         <w xml:id="o5155-577230"
            n="273-a-1100"
            ecep:lem="the"
            ecep:pos="dt"
            ecep:reg="the"
            ecep:spe="the"
            ecep:syllab="1"
            ecep:pron="ðiː">the</w>
         <c> </c>
         <w xml:id="o5155-577240"
            n="273-a-1110"
            ecep:lem="ground"
            ecep:pos="n1"
            ecep:reg="ground"
            ecep:spe="ground"
            ecep:syllab="1"
            ecep:pron="graʊnd">ground</w>
         <pc xml:id="o5155-577250"
             n="273-a-1120"
             ecep:lem=":"
             ecep:pos=":"
             ecep:reg=":"
             ecep:spe=":">:</pc>
      </l>
      <l xml:id="o5155-l30520">
         <w xml:id="o5155-577260"
            n="273-a-1130"
            ecep:lem="give"
            ecep:pos="vvb"
            ecep:reg="Give"
            ecep:spe="Give"
            ecep:syllab="1"
            ecep:pron="gɪv">Give</w>
         <c> </c>
         <w xml:id="o5155-577270"
            n="273-a-1140"
            ecep:lem="but"
            ecep:pos="p-acp"
            ecep:reg="but"
            ecep:spe="but"
            ecep:syllab="1"
            ecep:pron="bʌt">but</w>
         <c> </c>
         <w xml:id="o5155-577280"
            n="273-a-1150"
            ecep:lem="thy"
            ecep:pos="po21"
            ecep:reg="thy"
            ecep:spe="thy"
            ecep:syllab="1"
            ecep:pron="ðaɪ">thy</w>
         <c> </c>
         <w xml:id="o5155-577290"
            n="273-a-1160"
            ecep:lem="vital"
            ecep:pos="j"
            ecep:reg="vital"
            ecep:spe="vital"
            ecep:syllab="2"
            ecep:pron="ˈvaɪtl">vital</w>
         <c> </c>
         <w xml:id="o5155-577300"
            n="273-a-1170"
            ecep:lem="beam"
            ecep:pos="n2"
            ecep:reg="beams"
            ecep:spe="beams"
            ecep:syllab="1"
            ecep:pron="biːmz">beams</w>
         <c> </c>
         <w xml:id="o5155-577310"
            n="273-a-1180"
            ecep:lem="to"
            ecep:pos="pc-acp"
            ecep:reg="to"
            ecep:spe="to"
            ecep:syllab="1"
            ecep:pron="tuː">to</w>
         <c> </c>
         <w xml:id="o5155-577320"
            n="273-a-1190"
            ecep:lem="play"
            ecep:pos="vvi"
            ecep:reg="play"
            ecep:spe="play"
            ecep:syllab="1"
            ecep:pron="pleɪ">play</w>
         <pc xml:id="o5155-577330"
             n="273-a-1200"
             ecep:lem=","
             ecep:pos=","
             ecep:reg=","
             ecep:spe=",">,</pc>
      </l>
      <l xml:id="o5155-l30525">
         <w xml:id="o5155-577340"
            n="273-a-1210"
            ecep:lem="the"
            ecep:pos="dt"
            ecep:reg="The"
            ecep:spe="The"
            ecep:syllab="1"
            ecep:pron="ðiː">The</w>
         <c> </c>
         <w xml:id="o5155-577350"
            n="273-a-1220"
            ecep:lem="freeze"
            ecep:pos="j-vvn"
            ecep:reg="frozen"
            ecep:spe="frozen"
            ecep:syllab="2"
            ecep:pron="ˈfrəʊzn">frozen</w>
         <c> </c>
         <w xml:id="o5155-577360"
            n="273-a-1230"
            ecep:lem="scene"
            ecep:pos="n2"
            ecep:reg="scenes"
            ecep:spe="scenes"
            ecep:syllab="1"
            ecep:pron="siːnz">scenes</w>
         <c> </c>
         <w xml:id="o5155-577370"
            n="273-a-1240"
            ecep:lem="will"
            ecep:pos="vmb"
            ecep:reg="will"
            ecep:spe="will"
            ecep:syllab="1"
            ecep:pron="wɪl">will</w>
         <c> </c>
         <w xml:id="o5155-577380"
            n="273-a-1250"
            ecep:lem="melt"
            ecep:pos="vvi"
            ecep:reg="melt"
            ecep:spe="melt"
            ecep:syllab="1"
            ecep:pron="melt">melt</w>
         <c> </c>
         <w xml:id="o5155-577390"
            n="273-a-1260"
            ecep:lem="away"
            ecep:pos="av"
            ecep:reg="away"
            ecep:spe="away"
            ecep:syllab="2"
            ecep:pron="əˈweɪ">away</w>
         <pc xml:id="o5155-577400"
             n="273-a-1270"
             ecep:lem=";"
             ecep:pos=";"
             ecep:reg=";"
             ecep:spe=";">;</pc>
      </l>
      <l xml:id="o5155-l30530">
         <w xml:id="o5155-577410"
            n="273-a-1280"
            ecep:lem="and"
            ecep:pos="cc"
            ecep:reg="And"
            ecep:spe="And"
            ecep:syllab="1"
            ecep:pron="ænd">And</w>
         <pc xml:id="o5155-577420"
             n="273-a-1290"
             ecep:lem=","
             ecep:pos=","
             ecep:reg=","
             ecep:spe=",">,</pc>
         <c> </c>
         <w xml:id="o5155-577430"
            n="273-a-1300"
            ecep:lem="mix"
            ecep:pos="vvb"
            ecep:reg="mix"
            ecep:spe="mix"
            ecep:syllab="1"
            ecep:pron="mɪks">mix</w>
         <c> </c>
         <w xml:id="o5155-577440"
            n="273-a-1310"
            ecep:lem="in"
            ecep:pos="p-acp"
            ecep:reg="in"
            ecep:spe="in"
            ecep:syllab="1"
            ecep:pron="ɪn">in</w>
         <c> </c>
         <w xml:id="o5155-577450"
            n="273-a-1320"
            ecep:lem="sprightly"
            ecep:pos="j"
            ecep:reg="sprightly"
            ecep:spe="sprightly"
            ecep:syllab="2"
            ecep:pron="ˈspraɪtli">sprightly</w>
         <c> </c>
         <w xml:id="o5155-577460"
            n="273-a-1330"
            ecep:lem="dance"
            ecep:pos="n1"
            ecep:reg="dance"
            ecep:spe="dance"
            ecep:syllab="1"
            ecep:pron="dɑːns">dance</w>
         <pc xml:id="o5155-577470"
             n="273-a-1340"
             ecep:lem=","
             ecep:pos=","
             ecep:reg=","
             ecep:spe=",">,</pc>
         <c> </c>
         <w xml:id="o5155-577480"
            n="273-a-1350"
            ecep:lem="the"
            ecep:pos="dt"
            ecep:reg="the"
            ecep:spe="the"
            ecep:syllab="1"
            ecep:pron="ðiː">the</w>
         <c> </c>
         <w xml:id="o5155-577490"
            n="273-a-1360"
            ecep:lem="bloom"
            ecep:pos="j-vvg"
            ecep:reg="blooming"
            ecep:spe="blooming"
            ecep:syllab="2"
            ecep:pron="ˈbluːmɪŋ">blooming</w>
         <c> </c>
         <w xml:id="o5155-577500"
            n="273-a-1370"
            ecep:lem="hour"
            ecep:pos="n2"
            ecep:reg="Hours"
            ecep:spe="Hours"
            ecep:syllab="1"
            ecep:pron="ˈaʊəz">Hours</w>
      </l>
      <l xml:id="o5155-l30535">
         <w xml:id="o5155-577510"
            n="273-a-1380"
            ecep:lem="will"
            ecep:pos="vmb"
            ecep:reg="Will"
            ecep:spe="Will"
            ecep:syllab="1"
            ecep:pron="wɪl">Will</w>
         <c> </c>
         <w xml:id="o5155-577530"
            n="273-a-1400"
            ecep:lem="awake"
            ecep:pos="vvi"
            ecep:reg="awake"
            ecep:spe="'wake"
            ecep:syllab="1"
            ecep:pron="wˈeɪk">'wake</w>
         <c> </c>
         <w xml:id="o5155-577540"
            n="273-a-1410"
            ecep:lem="the"
            ecep:pos="dt"
            ecep:reg="the"
            ecep:spe="the"
            ecep:syllab="1"
            ecep:pron="ðiː">the</w>
         <c> </c>
         <w xml:id="o5155-577550"
            n="273-a-1420"
            ecep:lem="drowsy"
            ecep:pos="j"
            ecep:reg="drowsy"
            ecep:spe="drowsy"
            ecep:syllab="2"
            ecep:pron="ˈdraʊzi">drowsy</w>
         <c> </c>
         <w xml:id="o5155-577560"
            n="273-a-1430"
            ecep:lem="spring"
            ecep:pos="n1"
            ecep:reg="Spring"
            ecep:spe="Spring"
            ecep:syllab="1"
            ecep:pron="sprɪŋ">Spring</w>
         <pc xml:id="o5155-577570"
             n="273-a-1440"
             ecep:lem=","
             ecep:pos=","
             ecep:reg=","
             ecep:spe=",">,</pc>
         <c> </c>
         <w xml:id="o5155-577580"
            n="273-a-1450"
            ecep:lem="and"
            ecep:pos="cc"
            ecep:reg="and"
            ecep:spe="and"
            ecep:syllab="1"
            ecep:pron="ænd">and</w>
         <c> </c>
         <w xml:id="o5155-577590"
            n="273-a-1460"
            ecep:lem="spring"
            ecep:pos="vvb"
            ecep:reg="Spring"
            ecep:spe="Spring"
            ecep:syllab="1"
            ecep:pron="sprɪŋ">Spring</w>
         <c> </c>
         <w xml:id="o5155-577600"
            n="273-a-1470"
            ecep:lem="awake"
            ecep:pos="vvi"
            ecep:reg="awake"
            ecep:spe="awake"
            ecep:syllab="2"
            ecep:pron="əˈweɪk">awake</w>
         <c> </c>
         <w xml:id="o5155-577610"
            n="273-a-1480"
            ecep:lem="the"
            ecep:pos="dt"
            ecep:reg="the"
            ecep:spe="the"
            ecep:syllab="1"
            ecep:pron="ðiː">the</w>
         <c> </c>
         <w xml:id="o5155-577620"
            n="273-a-1490"
            ecep:lem="flower"
            ecep:pos="n2"
            ecep:reg="flowers"
            ecep:spe="flowers"
            ecep:syllab="1"
            ecep:pron="ˈflaʊəz">flowers</w>
         <pc xml:id="o5155-577630"
             n="273-a-1500"
             unit="sentence"
             ecep:lem="."
             ecep:pos="."
             ecep:reg="."
             ecep:spe=".">.</pc>
      </l>
   </lg>
   <pb facs="o5155/0277_L" n="272" rend="none"/>
   <lg xml:id="o5155-s03170">
      <l xml:id="o5155-l30540">
         <w xml:id="o5155-577660"
            n="274-a-0010"
            ecep:lem="let"
            ecep:pos="vvb"
            ecep:reg="Let"
            ecep:spe="Let"
            ecep:syllab="1"
            ecep:pron="let">Let</w>
         <c> </c>
         <w xml:id="o5155-577670"
            n="274-a-0020"
            ecep:lem="health"
            ecep:pos="n1"
            ecep:reg="Health"
            ecep:spe="Health"
            ecep:syllab="1"
            ecep:pron="helθ">Health</w>
         <pc xml:id="o5155-577680"
             n="274-a-0030"
             ecep:lem=","
             ecep:pos=","
             ecep:reg=","
             ecep:spe=",">,</pc>
         <c> </c>
         <w xml:id="o5155-577690"
            n="274-a-0040"
            ecep:lem="gay"
            ecep:pos="j"
            ecep:reg="gay"
            ecep:spe="gay"
            ecep:syllab="1"
            ecep:pron="geɪ">gay</w>
         <c> </c>
         <w xml:id="o5155-577700"
            n="274-a-0050"
            ecep:lem="daughter"
            ecep:pos="n1"
            ecep:reg="daughter"
            ecep:spe="daughter"
            ecep:syllab="2"
            ecep:pron="ˈdɔːtə">daughter</w>
         <c> </c>
         <w xml:id="o5155-577710"
            n="274-a-0060"
            ecep:lem="of"
            ecep:pos="pp-f"
            ecep:reg="of"
            ecep:spe="of"
            ecep:syllab="1"
            ecep:pron="ɒv">of</w>
         <c> </c>
         <w xml:id="o5155-577720"
            n="274-a-0070"
            ecep:lem="the"
            ecep:pos="dt"
            ecep:reg="the"
            ecep:spe="the"
            ecep:syllab="1"
            ecep:pron="ðiː">the</w>
         <c> </c>
         <w xml:id="o5155-577730"
            n="274-a-0080"
            ecep:lem="sky"
            ecep:pos="n2"
            ecep:reg="skies"
            ecep:spe="skies"
            ecep:syllab="1"
            ecep:pron="skaɪz">skies</w>
         <pc xml:id="o5155-577740"
             n="274-a-0090"
             ecep:lem=","
             ecep:pos=","
             ecep:reg=","
             ecep:spe=",">,</pc>
      </l>
      <l xml:id="o5155-l30545">
         <w xml:id="o5155-577750"
            n="274-a-0100"
            ecep:lem="on"
            ecep:pos="p-acp"
            ecep:reg="On"
            ecep:spe="On"
            ecep:syllab="1"
            ecep:pron="ɒn">On</w>
         <c> </c>
         <w xml:id="o5155-577760"
            n="274-a-0110"
            ecep:lem="zephyr"
            ecep:pos="npg1"
            ecep:reg="Zephyr's"
            ecep:spe="Zephyr's"
            ecep:syllab="2"
            ecep:pron="ˈzefəz">Zephyr's</w>
         <c> </c>
         <w xml:id="o5155-577770"
            n="274-a-0120"
            ecep:lem="wing"
            ecep:pos="n2"
            ecep:reg="wings"
            ecep:spe="wings"
            ecep:syllab="1"
            ecep:pron="wɪŋz">wings</w>
         <c> </c>
         <w xml:id="o5155-577780"
            n="274-a-0130"
            ecep:lem="descend"
            ecep:pos="vvi"
            ecep:reg="descend"
            ecep:spe="descend"
            ecep:syllab="2"
            ecep:pron="diˈsend">descend</w>
         <pc xml:id="o5155-577790"
             n="274-a-0140"
             ecep:lem=","
             ecep:pos=","
             ecep:reg=","
             ecep:spe=",">,</pc>
      </l>
      <l xml:id="o5155-l30550">
         <w xml:id="o5155-577800"
            n="274-a-0150"
            ecep:lem="and"
            ecep:pos="cc"
            ecep:reg="And"
            ecep:spe="And"
            ecep:syllab="1"
            ecep:pron="ænd">And</w>
         <c> </c>
         <w xml:id="o5155-577810"
            n="274-a-0160"
            ecep:lem="scatter"
            ecep:pos="vvb"
            ecep:reg="scatter"
            ecep:spe="scatter"
            ecep:syllab="2"
            ecep:pron="ˈskætə">scatter</w>
         <c> </c>
         <w xml:id="o5155-577820"
            n="274-a-0170"
            ecep:lem="pleasure"
            ecep:pos="n2"
            ecep:reg="pleasures"
            ecep:spe="pleasures"
            ecep:syllab="2"
            ecep:pron="ˈpleʒəz">pleasures</w>
         <c> </c>
         <w xml:id="o5155-577830"
            n="274-a-0180"
            ecep:lem="as"
            ecep:pos="c-acp"
            ecep:reg="as"
            ecep:spe="as"
            ecep:syllab="1"
            ecep:pron="æz">as</w>
         <c> </c>
         <w xml:id="o5155-577840"
            n="274-a-0190"
            ecep:lem="she"
            ecep:pos="pns31"
            ecep:reg="she"
            ecep:spe="she"
            ecep:syllab="1"
            ecep:pron="ʃiː">she</w>
         <c> </c>
         <w xml:id="o5155-577850"
            n="274-a-0200"
            ecep:lem="fly"
            ecep:pos="vvz"
            ecep:reg="flies"
            ecep:spe="flies"
            ecep:syllab="1"
            ecep:pron="flaɪz">flies</w>
      </l>
      <l xml:id="o5155-l30555">
         <w xml:id="o5155-577860"
            n="274-a-0210"
            ecep:lem="where"
            ecep:pos="c-crq"
            ecep:reg="Where"
            ecep:spe="Where"
            ecep:syllab="1"
            ecep:pron="weə">Where</w>
         <c> </c>
         <w xml:id="o5155-577870"
            n="274-a-0220"
            ecep:lem="surry"
            ecep:pos="npg1"
            ecep:reg="Surry's"
            ecep:spe="Surry's"
            ecep:syllab="2"
            ecep:pron="sərˈaɪz">Surry's</w>
         <c> </c>
         <w xml:id="o5155-577880"
            n="274-a-0230"
            ecep:lem="down"
            ecep:pos="n2"
            ecep:reg="downs"
            ecep:spe="downs"
            ecep:syllab="1"
            ecep:pron="daʊnz">downs</w>
         <c> </c>
         <w xml:id="o5155-577890"
            n="274-a-0240"
            ecep:lem="extend"
            ecep:pos="vvi"
            ecep:reg="extend"
            ecep:spe="extend"
            ecep:syllab="2"
            ecep:pron="ɪkˈstend">extend</w>
         <pc xml:id="o5155-577900"
             n="274-a-0250"
             ecep:lem=";"
             ecep:pos=";"
             ecep:reg=";"
             ecep:spe=";">;</pc>
      </l>
      <l xml:id="o5155-l30560">
         <w xml:id="o5155-577910"
            n="274-a-0260"
            ecep:lem="there"
            ecep:pos="a-acp"
            ecep:reg="There"
            ecep:spe="There"
            ecep:syllab="1"
            ecep:pron="ðeə">There</w>
         <c> </c>
         <w xml:id="o5155-577920"
            n="274-a-0270"
            ecep:lem="herring"
            ecep:pos="n1"
            ecep:reg="HERRING"
            ecep:spe="HERRING"
            ecep:syllab="2"
            ecep:pron="ˈherɪŋ">HERRING</w>
         <c> </c>
         <w xml:id="o5155-577930"
            n="274-a-0280"
            ecep:lem="woo"
            ecep:pos="vvz"
            ecep:reg="wooes"
            ecep:spe="wooes"
            ecep:syllab="1"
            ecep:pron="wuːz">wooes</w>
         <c> </c>
         <w xml:id="o5155-577940"
            n="274-a-0290"
            ecep:lem="her"
            ecep:pos="po31"
            ecep:reg="her"
            ecep:spe="her"
            ecep:syllab="1"
            ecep:pron="hɜː">her</w>
         <c> </c>
         <w xml:id="o5155-577950"
            n="274-a-0300"
            ecep:lem="friendly"
            ecep:pos="j"
            ecep:reg="friendly"
            ecep:spe="friendly"
            ecep:syllab="2"
            ecep:pron="ˈfrendli">friendly</w>
         <c> </c>
         <w xml:id="o5155-577960"
            n="274-a-0310"
            ecep:lem="power"
            ecep:pos="n1"
            ecep:reg="power"
            ecep:spe="power"
            ecep:syllab="1"
            ecep:pron="ˈpaʊə">power</w>
         <pc xml:id="o5155-577970"
             n="274-a-0320"
             ecep:lem=","
             ecep:pos=","
             ecep:reg=","
             ecep:spe=",">,</pc>
      </l>
      <l xml:id="o5155-l30565">
         <w xml:id="o5155-577980"
            n="274-a-0330"
            ecep:lem="there"
            ecep:pos="pc-acp"
            ecep:reg="There"
            ecep:spe="There"
            ecep:syllab="1"
            ecep:pron="ðeə">There</w>
         <c> </c>
         <w xml:id="o5155-577990"
            n="274-a-0340"
            ecep:lem="may"
            ecep:pos="vmb"
            ecep:reg="may"
            ecep:spe="may"
            ecep:syllab="1"
            ecep:pron="meɪ">may</w>
         <c> </c>
         <w xml:id="o5155-578000"
            n="274-a-0350"
            ecep:lem="she"
            ecep:pos="pns31"
            ecep:reg="she"
            ecep:spe="she"
            ecep:syllab="1"
            ecep:pron="ʃiː">she</w>
         <c> </c>
         <w xml:id="o5155-578010"
            n="274-a-0360"
            ecep:lem="all"
            ecep:pos="d"
            ecep:reg="all"
            ecep:spe="all"
            ecep:syllab="1"
            ecep:pron="ɔːl">all</w>
         <c> </c>
         <w xml:id="o5155-578020"
            n="274-a-0370"
            ecep:lem="her"
            ecep:pos="po31"
            ecep:reg="her"
            ecep:spe="her"
            ecep:syllab="1"
            ecep:pron="hɜː">her</w>
         <c> </c>
         <w xml:id="o5155-578030"
            n="274-a-0380"
            ecep:lem="rose"
            ecep:pos="n2"
            ecep:reg="roses"
            ecep:spe="roses"
            ecep:syllab="2"
            ecep:pron="ˈrəʊzɪz">roses</w>
         <c> </c>
         <w xml:id="o5155-578040"
            n="274-a-0390"
            ecep:lem="shower"
            ecep:pos="n1"
            ecep:reg="shower"
            ecep:spe="shower"
            ecep:syllab="2"
            ecep:pron="ˈʃəʊə">shower</w>
         <pc xml:id="o5155-578050"
             n="274-a-0400"
             ecep:lem=","
             ecep:pos=","
             ecep:reg=","
             ecep:spe=",">,</pc>
      </l>
      <l xml:id="o5155-l30570">
         <w xml:id="o5155-578060"
            n="274-a-0410"
            ecep:lem="to"
            ecep:pos="pc-acp"
            ecep:reg="To"
            ecep:spe="To"
            ecep:syllab="1"
            ecep:pron="tuː">To</w>
         <c> </c>
         <w xml:id="o5155-578070"
            n="274-a-0420"
            ecep:lem="heal"
            ecep:pos="vvi"
            ecep:reg="heal"
            ecep:spe="heal"
            ecep:syllab="1"
            ecep:pron="hiːl">heal</w>
         <c> </c>
         <w xml:id="o5155-578080"
            n="274-a-0430"
            ecep:lem="that"
            ecep:pos="d"
            ecep:reg="that"
            ecep:spe="that"
            ecep:syllab="1"
            ecep:pron="ðæt">that</w>
         <c> </c>
         <w xml:id="o5155-578090"
            n="274-a-0440"
            ecep:lem="shepherd"
            ecep:pos="n1"
            ecep:reg="shepherd"
            ecep:spe="shepherd"
            ecep:syllab="2"
            ecep:pron="ˈʃepəd">shepherd</w>
         <c> </c>
         <w xml:id="o5155-578100"
            n="274-a-0450"
            ecep:lem="all"
            ecep:pos="d"
            ecep:reg="all"
            ecep:spe="all"
            ecep:syllab="1"
            ecep:pron="ɔːl">all</w>
         <c> </c>
         <w xml:id="o5155-578110"
            n="274-a-0460"
            ecep:lem="her"
            ecep:pos="po31"
            ecep:reg="her"
            ecep:spe="her"
            ecep:syllab="1"
            ecep:pron="hɜː">her</w>
         <c> </c>
         <w xml:id="o5155-578120"
            n="274-a-0470"
            ecep:lem="balm"
            ecep:pos="n2"
            ecep:reg="balms"
            ecep:spe="balms"
            ecep:syllab="1"
            ecep:pron="bɑːmz">balms</w>
         <c> </c>
         <w xml:id="o5155-578130"
            n="274-a-0480"
            ecep:lem="employ"
            ecep:pos="vvi"
            ecep:reg="employ"
            ecep:spe="employ"
            ecep:syllab="2"
            ecep:pron="ɪmˈplɔɪ">employ</w>
         <pc xml:id="o5155-578140"
             n="274-a-0490"
             ecep:lem=","
             ecep:pos=","
             ecep:reg=","
             ecep:spe=",">,</pc>
      </l>
      <l xml:id="o5155-l30575">
         <w xml:id="o5155-578150"
            n="274-a-0500"
            ecep:lem="so"
            ecep:pos="av"
            ecep:reg="So"
            ecep:spe="So"
            ecep:syllab="1"
            ecep:pron="səʊ">So</w>
         <c> </c>
         <w xml:id="o5155-578160"
            n="274-a-0510"
            ecep:lem="will"
            ecep:pos="vmb"
            ecep:reg="will"
            ecep:spe="will"
            ecep:syllab="1"
            ecep:pron="wɪl">will</w>
         <c> </c>
         <w xml:id="o5155-578170"
            n="274-a-0520"
            ecep:lem="she"
            ecep:pos="pns31"
            ecep:reg="she"
            ecep:spe="she"
            ecep:syllab="1"
            ecep:pron="ʃiː">she</w>
         <c> </c>
         <w xml:id="o5155-578180"
            n="274-a-0530"
            ecep:lem="sooth"
            ecep:pos="n1"
            ecep:reg="sooth"
            ecep:spe="sooth"
            ecep:syllab="1"
            ecep:pron="suːθ">sooth</w>
         <c> </c>
         <w xml:id="o5155-578190"
            n="274-a-0540"
            ecep:lem="our"
            ecep:pos="po12"
            ecep:reg="our"
            ecep:spe="our"
            ecep:syllab="1"
            ecep:pron="ˈaʊə">our</w>
         <c> </c>
         <w xml:id="o5155-578200"
            n="274-a-0550"
            ecep:lem="fear"
            ecep:pos="n2"
            ecep:reg="fears"
            ecep:spe="fears"
            ecep:syllab="1"
            ecep:pron="fɪəz">fears</w>
         <pc xml:id="o5155-578210"
             n="274-a-0560"
             ecep:lem=","
             ecep:pos=","
             ecep:reg=","
             ecep:spe=",">,</pc>
         <c> </c>
         <w xml:id="o5155-578220"
            n="274-a-0570"
            ecep:lem="and"
            ecep:pos="cc"
            ecep:reg="and"
            ecep:spe="and"
            ecep:syllab="1"
            ecep:pron="ænd">and</w>
         <c> </c>
         <w xml:id="o5155-578230"
            n="274-a-0580"
            ecep:lem="give"
            ecep:pos="vvi"
            ecep:reg="give"
            ecep:spe="give"
            ecep:syllab="1"
            ecep:pron="gɪv">give</w>
         <c> </c>
         <w xml:id="o5155-578240"
            n="274-a-0590"
            ecep:lem="a"
            ecep:pos="dt"
            ecep:reg="a"
            ecep:spe="a"
            ecep:syllab="1"
            ecep:pron="ə">a</w>
         <c> </c>
         <w xml:id="o5155-578250"
            n="274-a-0600"
            ecep:lem="nation"
            ecep:pos="n1"
            ecep:reg="nation"
            ecep:spe="nation"
            ecep:syllab="2"
            ecep:pron="ˈneɪʃn">nation</w>
         <c> </c>
         <w xml:id="o5155-578260"
            n="274-a-0610"
            ecep:lem="joy"
            ecep:pos="n1"
            ecep:reg="joy"
            ecep:spe="joy"
            ecep:syllab="1"
            ecep:pron="dʒɔɪ">joy</w>
         <pc xml:id="o5155-578270"
             n="274-a-0620"
             unit="sentence"
             ecep:lem="."
             ecep:pos="."
             ecep:reg="."
             ecep:spe=".">.</pc>
      </l>
   </lg>
   <lg n="4" xml:id="o5155-s03175">
      <head>
         <w xml:id="o5155-578310"
            n="274-a-0630"
            ecep:lem="iv"
            ecep:pos="crd"
            ecep:reg="IV"
            ecep:spe="IV"
            ecep:syllab="1"
            ecep:pron="rˌəʊmənfˈɔː">IV</w>
         <pc xml:id="o5155-578320"
             n="274-a-0640"
             unit="sentence"
             ecep:lem="."
             ecep:pos="."
             ecep:reg="."
             ecep:spe=".">.</pc>
      </head>
      <l xml:id="o5155-l30580">
         <w xml:id="o5155-578340"
            n="274-a-0650"
            ecep:lem="ah"
            ecep:pos="uh"
            ecep:reg="Ah"
            ecep:spe="Ah"
            ecep:syllab="1"
            ecep:pron="ɑː">Ah</w>
         <c> </c>
         <w xml:id="o5155-578350"
            n="274-a-0660"
            ecep:lem="i"
            ecep:pos="pno11"
            ecep:reg="me"
            ecep:spe="me"
            ecep:syllab="1"
            ecep:pron="miː">me</w>
         <pc xml:id="o5155-578360"
             n="274-a-0670"
             ecep:lem="!"
             ecep:pos="!"
             ecep:reg="!"
             ecep:spe="!">!</pc>
         <c> </c>
         <w xml:id="o5155-578370"
            n="274-a-0680"
            ecep:lem="that"
            ecep:pos="d"
            ecep:reg="that"
            ecep:spe="that"
            ecep:syllab="1"
            ecep:pron="ðæt">that</w>
         <c> </c>
         <w xml:id="o5155-578380"
            n="274-a-0690"
            ecep:lem="virtue"
            ecep:pos="n1|vbz"
            ecep:reg="Virtue's"
            ecep:spe="Virtue's"
            ecep:syllab="2"
            ecep:pron="ˈvɜːtʃuːz">Virtue's</w>
         <c> </c>
         <w xml:id="o5155-578390"
            n="274-a-0700"
            ecep:lem="godlike"
            ecep:pos="j"
            ecep:reg="godlike"
            ecep:spe="godlike"
            ecep:syllab="2"
            ecep:pron="ˈgɒdlaɪk">godlike</w>
         <c> </c>
         <w xml:id="o5155-578400"
            n="274-a-0710"
            ecep:lem="friend"
            ecep:pos="n2"
            ecep:reg="friends"
            ecep:spe="friends"
            ecep:syllab="1"
            ecep:pron="frendz">friends</w>
      </l>
      <l xml:id="o5155-l30585">
         <w xml:id="o5155-578410"
            n="274-a-0720"
            ecep:lem="so"
            ecep:pos="av"
            ecep:reg="So"
            ecep:spe="So"
            ecep:syllab="1"
            ecep:pron="səʊ">So</w>
         <c> </c>
         <w xml:id="o5155-578420"
            n="274-a-0730"
            ecep:lem="soon"
            ecep:pos="av"
            ecep:reg="soon"
            ecep:spe="soon"
            ecep:syllab="1"
            ecep:pron="suːn">soon</w>
         <c> </c>
         <w xml:id="o5155-578430"
            n="274-a-0740"
            ecep:lem="be"
            ecep:pos="vbb"
            ecep:reg="are"
            ecep:spe="are"
            ecep:syllab="1"
            ecep:pron="ɑː">are</w>
         <c> </c>
         <w xml:id="o5155-578440"
            n="274-a-0750"
            ecep:lem="claim"
            ecep:pos="vvn"
            ecep:reg="claimed"
            ecep:spe="claim'd"
            ecep:syllab="1"
            ecep:pron="kleɪmd">claim'd</w>
         <c> </c>
         <w xml:id="o5155-578450"
            n="274-a-0760"
            ecep:lem="by"
            ecep:pos="p-acp"
            ecep:reg="by"
            ecep:spe="by"
            ecep:syllab="1"
            ecep:pron="baɪ">by</w>
         <c> </c>
         <w xml:id="o5155-578460"
            n="274-a-0770"
            ecep:lem="fate"
            ecep:pos="n1"
            ecep:reg="Fate"
            ecep:spe="Fate"
            ecep:syllab="1"
            ecep:pron="feɪt">Fate</w>
         <pc xml:id="o5155-578470"
             n="274-a-0780"
             unit="sentence"
             ecep:lem="!"
             ecep:pos="!"
             ecep:reg="!"
             ecep:spe="!">!</pc>
      </l>
      <l xml:id="o5155-l30590">
         <w xml:id="o5155-578480"
            n="274-a-0790"
            ecep:lem="lo"
            ecep:pos="uh"
            ecep:reg="Lo"
            ecep:spe="Lo"
            ecep:syllab="1"
            ecep:pron="ləʊ">Lo</w>
         <pc xml:id="o5155-578490"
             n="274-a-0800"
             unit="sentence"
             ecep:lem="!"
             ecep:pos="!"
             ecep:reg="!"
             ecep:spe="!">!</pc>
         <c> </c>
         <note n="*" place="bottom" xml:id="o5155-n00555">
            <w xml:id="o5155-578570"
               n="274-a-0810"
               ecep:lem="the"
               ecep:pos="dt"
               ecep:reg="The"
               ecep:spe="The"
               ecep:syllab="1"
               ecep:pron="ðiː">The</w>
            <c> </c>
            <w xml:id="o5155-578580"
               n="274-a-0820"
               ecep:lem="right"
               ecep:pos="j-jn"
               ecep:reg="Right"
               ecep:spe="Right"
               ecep:syllab="1"
               ecep:pron="raɪt">Right</w>
            <c> </c>
            <w xml:id="o5155-578590"
               n="274-a-0830"
               ecep:lem="honourable"
               ecep:pos="j"
               ecep:reg="Honourable"
               ecep:spe="Honourable"
               ecep:syllab="4"
               ecep:pron="ˈɒnərəbl">Honourable</w>
            <c> </c>
            <w xml:id="o5155-578600"
               n="274-a-0840"
               ecep:lem="Henry"
               ecep:pos="np1"
               ecep:reg="Henry"
               ecep:spe="Henry"
               ecep:syllab="2"
               ecep:pron="ˈhenri">Henry</w>
            <c> </c>
            <w xml:id="o5155-578610"
               n="274-a-0850"
               ecep:lem="Pelham"
               ecep:pos="np1"
               ecep:reg="Pelham"
               ecep:spe="Pelham"
               ecep:syllab="2"
               ecep:pron="ˈpeləm">Pelham</w>
            <pc xml:id="o5155-578620"
                n="274-a-0860"
                ecep:lem=","
                ecep:pos=","
                ecep:reg=","
                ecep:spe=",">,</pc>
            <abbr>
               <c> </c>
               <w xml:id="o5155-578630"
                  n="274-a-0870"
                  ecep:lem="ESQ"
                  ecep:pos="np1"
                  ecep:reg="Esq"
                  ecep:spe="Esq"
                  ecep:syllab="1"
                  ecep:pron="ˈesk">Esq</w>
            </abbr>
            <c> </c>
            <w xml:id="o5155-578640"
               n="274-a-0880"
               ecep:lem="die"
               ecep:pos="vvd"
               ecep:reg="died"
               ecep:spe="died"
               ecep:syllab="1"
               ecep:pron="daɪd">died</w>
            <c> </c>
            <w xml:id="o5155-578650"
               n="274-a-0890"
               ecep:lem="on"
               ecep:pos="p-acp"
               ecep:reg="on"
               ecep:spe="on"
               ecep:syllab="1"
               ecep:pron="ɒn">on</w>
            <c> </c>
            <w xml:id="o5155-578660"
               n="274-a-0900"
               ecep:lem="the"
               ecep:pos="dt"
               ecep:reg="the"
               ecep:spe="the"
               ecep:syllab="1"
               ecep:pron="ðiː">the</w>
            <c> </c>
            <w xml:id="o5155-578670"
               n="274-a-0910"
               ecep:lem="6th"
               ecep:pos="ord"
               ecep:reg="6th"
               ecep:spe="6th"
               ecep:syllab="1"
               ecep:pron="sˈɪksθ">6th</w>
            <c> </c>
            <w xml:id="o5155-578680"
               n="274-a-0920"
               ecep:lem="of"
               ecep:pos="pp-f"
               ecep:reg="of"
               ecep:spe="of"
               ecep:syllab="1"
               ecep:pron="ɒv">of</w>
            <c> </c>
            <w xml:id="o5155-578690"
               n="274-a-0930"
               ecep:lem="march"
               ecep:pos="n1"
               ecep:reg="March"
               ecep:spe="March"
               ecep:syllab="1"
               ecep:pron="mɑːtʃ">March</w>
            <c> </c>
            <hi>
               <w xml:id="o5155-578700"
                  n="274-a-0940"
                  ecep:lem="1754."
                  ecep:pos="crd"
                  ecep:reg="1754."
                  ecep:spe="1754."
                  ecep:syllab="1"
                  ecep:pron="wˈɒnθˈaʊzəndsˈevənhˈʌndrədənfˈɪftifˈɔː">1754.</w>
               <pc unit="sentence" xml:id="o5155-578700-eos" n="274-a-0950"/>
               <c> </c>
            </hi>
         </note>
         <w xml:id="o5155-578500"
            n="274-a-0960"
            ecep:lem="Pelham"
            ecep:pos="np1"
            ecep:reg="PELHAM"
            ecep:spe="PELHAM"
            ecep:syllab="2"
            ecep:pron="ˈpeləm">PELHAM</w>
         <c> </c>
         <w xml:id="o5155-578510"
            n="274-a-0970"
            ecep:lem="to"
            ecep:pos="p-acp"
            ecep:reg="to"
            ecep:spe="to"
            ecep:syllab="1"
            ecep:pron="tuː">to</w>
         <c> </c>
         <w xml:id="o5155-578520"
            n="274-a-0980"
            ecep:lem="the"
            ecep:pos="dt"
            ecep:reg="the"
            ecep:spe="the"
            ecep:syllab="1"
            ecep:pron="ðiː">the</w>
         <c> </c>
         <w xml:id="o5155-578530"
            n="274-a-0990"
            ecep:lem="grave"
            ecep:pos="n1"
            ecep:reg="grave"
            ecep:spe="grave"
            ecep:syllab="1"
            ecep:pron="ˈgrɑːveɪ">grave</w>
         <c> </c>
         <w xml:id="o5155-578540"
            n="274-a-1000"
            ecep:lem="descend"
            ecep:pos="vvz"
            ecep:reg="descends"
            ecep:spe="descends"
            ecep:syllab="2"
            ecep:pron="diˈsendz">descends</w>
         <pc xml:id="o5155-578550"
             n="274-a-1010"
             ecep:lem=","
             ecep:pos=","
             ecep:reg=","
             ecep:spe=",">,</pc>
      </l>
      <l xml:id="o5155-l30595">
         <w xml:id="o5155-578710"
            n="274-a-1020"
            ecep:lem="the"
            ecep:pos="dt"
            ecep:reg="The"
            ecep:spe="The"
            ecep:syllab="1"
            ecep:pron="ðiː">The</w>
         <c> </c>
         <w xml:id="o5155-578720"
            n="274-a-1030"
            ecep:lem="bulwark"
            ecep:pos="n1"
            ecep:reg="bulwark"
            ecep:spe="bulwark"
            ecep:syllab="2"
            ecep:pron="ˈbʊlwək">bulwark</w>
         <c> </c>
         <w xml:id="o5155-578730"
            n="274-a-1040"
            ecep:lem="of"
            ecep:pos="pp-f"
            ecep:reg="of"
            ecep:spe="of"
            ecep:syllab="1"
            ecep:pron="ɒv">of</w>
         <c> </c>
         <w xml:id="o5155-578740"
            n="274-a-1050"
            ecep:lem="the"
            ecep:pos="dt"
            ecep:reg="the"
            ecep:spe="the"
            ecep:syllab="1"
            ecep:pron="ðiː">the</w>
         <c> </c>
         <w xml:id="o5155-578750"
            n="274-a-1060"
            ecep:lem="state"
            ecep:pos="n1"
            ecep:reg="state"
            ecep:spe="state"
            ecep:syllab="1"
            ecep:pron="steɪt">state</w>
         <pc xml:id="o5155-578760"
             n="274-a-1070"
             ecep:lem=":"
             ecep:pos=":"
             ecep:reg=":"
             ecep:spe=":">:</pc>
      </l>
      <l xml:id="o5155-l30600">
         <w xml:id="o5155-578770"
            n="274-a-1080"
            ecep:lem="when"
            ecep:pos="c-crq"
            ecep:reg="When"
            ecep:spe="When"
            ecep:syllab="1"
            ecep:pron="wen">When</w>
         <c> </c>
         <w xml:id="o5155-578780"
            n="274-a-1090"
            ecep:lem="will"
            ecep:pos="vmb"
            ecep:reg="will"
            ecep:spe="will"
            ecep:syllab="1"
            ecep:pron="wɪl">will</w>
         <c> </c>
         <w xml:id="o5155-578790"
            n="274-a-1100"
            ecep:lem="fair"
            ecep:pos="j"
            ecep:reg="fair"
            ecep:spe="fair"
            ecep:syllab="1"
            ecep:pron="feə">fair</w>
         <c> </c>
         <w xml:id="o5155-578800"
            n="274-a-1110"
            ecep:lem="truth"
            ecep:pos="n1"
            ecep:reg="Truth"
            ecep:spe="Truth"
            ecep:syllab="1"
            ecep:pron="truːθ">Truth</w>
         <c> </c>
         <w xml:id="o5155-578810"
            n="274-a-1120"
            ecep:lem="his"
            ecep:pos="po31"
            ecep:reg="his"
            ecep:spe="his"
            ecep:syllab="1"
            ecep:pron="hɪz">his</w>
         <c> </c>
         <w xml:id="o5155-578820"
            n="274-a-1130"
            ecep:lem="equal"
            ecep:pos="j-jn"
            ecep:reg="equal"
            ecep:spe="equal"
            ecep:syllab="2"
            ecep:pron="ˈiːkwəl">equal</w>
         <c> </c>
         <w xml:id="o5155-578830"
            n="274-a-1140"
            ecep:lem="find"
            ecep:pos="vvi"
            ecep:reg="find"
            ecep:spe="find"
            ecep:syllab="1"
            ecep:pron="faɪnd">find</w>
      </l>
      <l xml:id="o5155-l30605">
         <w xml:id="o5155-578840"
            n="274-a-1150"
            ecep:lem="among"
            ecep:pos="p-acp"
            ecep:reg="Among"
            ecep:spe="Among"
            ecep:syllab="2"
            ecep:pron="əˈmʌŋ">Among</w>
         <c> </c>
         <w xml:id="o5155-578850"
            n="274-a-1160"
            ecep:lem="the"
            ecep:pos="dt"
            ecep:reg="the"
            ecep:spe="the"
            ecep:syllab="1"
            ecep:pron="ðiː">the</w>
         <c> </c>
         <w xml:id="o5155-578860"
            n="274-a-1170"
            ecep:lem="best"
            ecep:pos="js"
            ecep:reg="best"
            ecep:spe="best"
            ecep:syllab="1"
            ecep:pron="best">best</w>
         <c> </c>
         <w xml:id="o5155-578870"
            n="274-a-1180"
            ecep:lem="of"
            ecep:pos="pp-f"
            ecep:reg="of"
            ecep:spe="of"
            ecep:syllab="1"
            ecep:pron="ɒv">of</w>
         <c> </c>
         <w xml:id="o5155-578880"
            n="274-a-1190"
            ecep:lem="human"
            ecep:pos="j"
            ecep:reg="human"
            ecep:spe="human"
            ecep:syllab="2"
            ecep:pron="ˈhjuːmən">human</w>
         <c> </c>
         <w xml:id="o5155-578890"
            n="274-a-1200"
            ecep:lem="kind"
            ecep:pos="n1"
            ecep:reg="kind"
            ecep:spe="kind"
            ecep:syllab="1"
            ecep:pron="kaɪnd">kind</w>
         <pc xml:id="o5155-578900"
             n="274-a-1210"
             unit="sentence"
             ecep:lem="?"
             ecep:pos="?"
             ecep:reg="?"
             ecep:spe="?">?</pc>
      </l>
      <l xml:id="o5155-l30610">
         <w xml:id="o5155-578910"
            n="274-a-1220"
            ecep:lem="long"
            ecep:pos="j"
            ecep:reg="Long"
            ecep:spe="Long"
            ecep:syllab="1"
            ecep:pron="lɒŋ">Long</w>
         <c> </c>
         <w xml:id="o5155-578920"
            n="274-a-1230"
            ecep:lem="be"
            ecep:pos="vbb"
            ecep:reg="be"
            ecep:spe="be"
            ecep:syllab="1"
            ecep:pron="biː">be</w>
         <c> </c>
         <w xml:id="o5155-578930"
            n="274-a-1240"
            ecep:lem="the"
            ecep:pos="dt"
            ecep:reg="the"
            ecep:spe="the"
            ecep:syllab="1"
            ecep:pron="ðiː">the</w>
         <c> </c>
         <w xml:id="o5155-578940"
            n="274-a-1250"
            ecep:lem="fatal"
            ecep:pos="j"
            ecep:reg="fatal"
            ecep:spe="fatal"
            ecep:syllab="2"
            ecep:pron="ˈfeɪtl">fatal</w>
         <c> </c>
         <w xml:id="o5155-578950"
            n="274-a-1260"
            ecep:lem="day"
            ecep:pos="n1"
            ecep:reg="day"
            ecep:spe="day"
            ecep:syllab="1"
            ecep:pron="deɪ">day</w>
         <c> </c>
         <w xml:id="o5155-578960"
            n="274-a-1270"
            ecep:lem="with"
            ecep:pos="p-acp"
            ecep:reg="with"
            ecep:spe="with"
            ecep:syllab="1"
            ecep:pron="wɪð">with</w>
         <c> </c>
         <w xml:id="o5155-578970"
            n="274-a-1280"
            ecep:lem="mourning"
            ecep:pos="n1"
            ecep:reg="mourning"
            ecep:spe="mourning"
            ecep:syllab="2"
            ecep:pron="ˈmɔːnɪŋ">mourning</w>
         <c> </c>
         <w xml:id="o5155-578980"
            n="274-a-1290"
            ecep:lem="keep"
            ecep:pos="vvn"
            ecep:reg="kept"
            ecep:spe="kept"
            ecep:syllab="1"
            ecep:pron="kept">kept</w>
         <pc xml:id="o5155-578990"
             n="274-a-1300"
             unit="sentence"
             ecep:lem="!"
             ecep:pos="!"
             ecep:reg="!"
             ecep:spe="!">!</pc>
      </l>
      <l xml:id="o5155-l30615">
         <w xml:id="o5155-579000"
            n="274-a-1310"
            ecep:lem="AUGUSTUS"
            ecep:pos="np1"
            ecep:reg="AUGUSTUS"
            ecep:spe="AUGUSTUS"
            ecep:syllab="3"
            ecep:pron="ɔːˈgʌstəs">AUGUSTUS</w>
         <c> </c>
         <w xml:id="o5155-579010"
            n="274-a-1320"
            ecep:lem="sigh"
            ecep:pos="vvd"
            ecep:reg="sighed"
            ecep:spe="sigh'd"
            ecep:syllab="1"
            ecep:pron="saɪd">sigh'd</w>
         <c> </c>
         <w xml:id="o5155-579020"
            n="274-a-1330"
            ecep:lem="sincere"
            ecep:pos="j"
            ecep:reg="sincere"
            ecep:spe="sincere"
            ecep:syllab="2"
            ecep:pron="sɪnˈsɪə">sincere</w>
         <pc xml:id="o5155-579030"
             n="274-a-1340"
             ecep:lem=","
             ecep:pos=","
             ecep:reg=","
             ecep:spe=",">,</pc>
         <c> </c>
         <w xml:id="o5155-579040"
            n="274-a-1350"
            ecep:lem="and"
            ecep:pos="cc"
            ecep:reg="and"
            ecep:spe="and"
            ecep:syllab="1"
            ecep:pron="ænd">and</w>
         <c> </c>
         <w xml:id="o5155-579050"
            n="274-a-1360"
            ecep:lem="all"
            ecep:pos="d"
            ecep:reg="all"
            ecep:spe="all"
            ecep:syllab="1"
            ecep:pron="ɔːl">all</w>
         <c> </c>
         <w xml:id="o5155-579060"
            n="274-a-1370"
            ecep:lem="the"
            ecep:pos="dt"
            ecep:reg="the"
            ecep:spe="the"
            ecep:syllab="1"
            ecep:pron="ðiː">the</w>
         <c> </c>
         <w xml:id="o5155-579070"
            n="274-a-1380"
            ecep:lem="worthy"
            ecep:pos="j-jn"
            ecep:reg="worthy"
            ecep:spe="worthy"
            ecep:syllab="2"
            ecep:pron="ˈwɜːði">worthy</w>
         <c> </c>
         <w xml:id="o5155-579080"
            n="274-a-1390"
            ecep:lem="weep"
            ecep:pos="vvn"
            ecep:reg="wept"
            ecep:spe="wept"
            ecep:syllab="1"
            ecep:pron="wept">wept</w>
         <pc xml:id="o5155-579090"
             n="274-a-1400"
             unit="sentence"
             ecep:lem="."
             ecep:pos="."
             ecep:reg="."
             ecep:spe=".">.</pc>
      </l>
   </lg>
   <lg n="5" xml:id="o5155-s03180">
      <head>
         <w xml:id="o5155-579130"
            n="274-a-1410"
            ecep:lem="v."
            ecep:pos="crd"
            ecep:reg="V"
            ecep:spe="V."
            ecep:syllab="1"
            ecep:pron="viː">V.</w>
         <pc unit="sentence" xml:id="o5155-579130-eos" n="274-a-1420"/>
      </head>
      <l xml:id="o5155-l30620">
         <w xml:id="o5155-579150"
            n="274-a-1430"
            ecep:lem="thy"
            ecep:pos="po21"
            ecep:reg="Thy"
            ecep:spe="Thy"
            ecep:syllab="1"
            ecep:pron="ðaɪ">Thy</w>
         <c> </c>
         <w xml:id="o5155-579160"
            n="274-a-1440"
            ecep:lem="delegate"
            ecep:pos="n1"
            ecep:reg="delegate"
            ecep:spe="delegate"
            ecep:syllab="3"
            ecep:pron="ˈdelɪgət">delegate</w>
         <pc xml:id="o5155-579170"
             n="274-a-1450"
             ecep:lem=","
             ecep:pos=","
             ecep:reg=","
             ecep:spe=",">,</pc>
         <c> </c>
         <w xml:id="o5155-579180"
            n="274-a-1460"
            ecep:lem="kind"
            ecep:pos="j"
            ecep:reg="kind"
            ecep:spe="kind"
            ecep:syllab="1"
            ecep:pron="kaɪnd">kind</w>
         <c> </c>
         <w xml:id="o5155-579190"
            n="274-a-1470"
            ecep:lem="heaven"
            ecep:pos="n1"
            ecep:reg="heaven"
            ecep:spe="heaven"
            ecep:syllab="1"
            ecep:pron="ˈhevn">heaven</w>
         <pc xml:id="o5155-579200"
             n="274-a-1480"
             ecep:lem=","
             ecep:pos=","
             ecep:reg=","
             ecep:spe=",">,</pc>
         <c> </c>
         <w xml:id="o5155-579210"
            n="274-a-1490"
            ecep:lem="restore"
            ecep:pos="vvb"
            ecep:reg="restore"
            ecep:spe="restore"
            ecep:syllab="2"
            ecep:pron="riˈstɔː">restore</w>
      </l>
      <l xml:id="o5155-l30625">
         <w xml:id="o5155-579220"
            n="274-a-1500"
            ecep:lem="to"
            ecep:pos="p-acp"
            ecep:reg="To"
            ecep:spe="To"
            ecep:syllab="1"
            ecep:pron="tuː">To</w>
         <c> </c>
         <w xml:id="o5155-579230"
            n="274-a-1510"
            ecep:lem="health"
            ecep:pos="n1"
            ecep:reg="health"
            ecep:spe="health"
            ecep:syllab="1"
            ecep:pron="helθ">health</w>
         <pc xml:id="o5155-579240"
             n="274-a-1520"
             ecep:lem=","
             ecep:pos=","
             ecep:reg=","
             ecep:spe=",">,</pc>
         <c> </c>
         <w xml:id="o5155-579250"
            n="274-a-1530"
            ecep:lem="and"
            ecep:pos="cc"
            ecep:reg="and"
            ecep:spe="and"
            ecep:syllab="1"
            ecep:pron="ænd">and</w>
         <c> </c>
         <w xml:id="o5155-579260"
            n="274-a-1540"
            ecep:lem="safe"
            ecep:pos="av-j"
            ecep:reg="safely"
            ecep:spe="safely"
            ecep:syllab="2"
            ecep:pron="ˈseɪfli">safely</w>
         <c> </c>
         <w xml:id="o5155-579270"
            n="274-a-1550"
            ecep:lem="keep"
            ecep:pos="vvi"
            ecep:reg="keep"
            ecep:spe="keep"
            ecep:syllab="1"
            ecep:pron="kiːp">keep</w>
         <pc xml:id="o5155-579280"
             n="274-a-1560"
             ecep:lem=";"
             ecep:pos=";"
             ecep:reg=";"
             ecep:spe=";">;</pc>
      </l>
      <l xml:id="o5155-l30630">
         <w xml:id="o5155-579290"
            n="274-a-1570"
            ecep:lem="let"
            ecep:pos="vvb"
            ecep:reg="Let"
            ecep:spe="Let"
            ecep:syllab="1"
            ecep:pron="let">Let</w>
         <c> </c>
         <w xml:id="o5155-579300"
            n="274-a-1580"
            ecep:lem="good"
            ecep:pos="j"
            ecep:reg="good"
            ecep:spe="good"
            ecep:syllab="1"
            ecep:pron="gʊd">good</w>
         <c> </c>
         <w xml:id="o5155-579310"
            n="274-a-1590"
            ecep:lem="AUGUSTUS"
            ecep:pos="np1"
            ecep:reg="AUGUSTUS"
            ecep:spe="AUGUSTUS"
            ecep:syllab="3"
            ecep:pron="ɔːˈgʌstəs">AUGUSTUS</w>
         <c> </c>
         <w xml:id="o5155-579320"
            n="274-a-1600"
            ecep:lem="sigh"
            ecep:pos="vvi"
            ecep:reg="sigh"
            ecep:spe="sigh"
            ecep:syllab="1"
            ecep:pron="saɪ">sigh</w>
         <c> </c>
         <w xml:id="o5155-579330"
            n="274-a-1610"
            ecep:lem="no"
            ecep:pos="dx"
            ecep:reg="no"
            ecep:spe="no"
            ecep:syllab="1"
            ecep:pron="nəʊ">no</w>
         <c> </c>
         <w xml:id="o5155-579340"
            n="274-a-1620"
            ecep:lem="more"
            ecep:pos="av-dc"
            ecep:reg="more"
            ecep:spe="more"
            ecep:syllab="1"
            ecep:pron="mɔː">more</w>
         <pc xml:id="o5155-579350"
             n="274-a-1630"
             ecep:lem=","
             ecep:pos=","
             ecep:reg=","
             ecep:spe=",">,</pc>
      </l>
      <l xml:id="o5155-l30635">
         <w xml:id="o5155-579360"
            n="274-a-1640"
            ecep:lem="no"
            ecep:pos="av-dx"
            ecep:reg="No"
            ecep:spe="No"
            ecep:syllab="1"
            ecep:pron="nəʊ">No</w>
         <c> </c>
         <w xml:id="o5155-579370"
            n="274-a-1650"
            ecep:lem="more"
            ecep:pos="av-dc"
            ecep:reg="more"
            ecep:spe="more"
            ecep:syllab="1"
            ecep:pron="mɔː">more</w>
         <c> </c>
         <w xml:id="o5155-579380"
            n="274-a-1660"
            ecep:lem="the"
            ecep:pos="dt"
            ecep:reg="the"
            ecep:spe="the"
            ecep:syllab="1"
            ecep:pron="ðiː">the</w>
         <c> </c>
         <w xml:id="o5155-579390"
            n="274-a-1670"
            ecep:lem="worthy"
            ecep:pos="j-jn"
            ecep:reg="worthy"
            ecep:spe="worthy"
            ecep:syllab="2"
            ecep:pron="ˈwɜːði">worthy</w>
         <c> </c>
         <w xml:id="o5155-579400"
            n="274-a-1680"
            ecep:lem="weep"
            ecep:pos="vvi"
            ecep:reg="weep"
            ecep:spe="weep"
            ecep:syllab="1"
            ecep:pron="wiːp">weep</w>
         <pc xml:id="o5155-579410"
             n="274-a-1690"
             ecep:lem=":"
             ecep:pos=":"
             ecep:reg=":"
             ecep:spe=":">:</pc>
      </l>
      <l xml:id="o5155-l30640">
         <w xml:id="o5155-579420"
            n="274-a-1700"
            ecep:lem="and"
            ecep:pos="cc"
            ecep:reg="And"
            ecep:spe="And"
            ecep:syllab="1"
            ecep:pron="ænd">And</w>
         <c> </c>
         <w xml:id="o5155-579430"
            n="274-a-1710"
            ecep:lem="still"
            ecep:pos="av"
            ecep:reg="still"
            ecep:spe="still"
            ecep:syllab="1"
            ecep:pron="stɪl">still</w>
         <c> </c>
         <w xml:id="o5155-579440"
            n="274-a-1720"
            ecep:lem="upon"
            ecep:pos="p-acp"
            ecep:reg="upon"
            ecep:spe="upon"
            ecep:syllab="2"
            ecep:pron="əˈpɒn">upon</w>
         <c> </c>
         <w xml:id="o5155-579450"
            n="274-a-1730"
            ecep:lem="the"
            ecep:pos="dt"
            ecep:reg="the"
            ecep:spe="the"
            ecep:syllab="1"
            ecep:pron="ðiː">the</w>
         <c> </c>
         <w xml:id="o5155-579460"
            n="274-a-1740"
            ecep:lem="royal"
            ecep:pos="j"
            ecep:reg="royal"
            ecep:spe="royal"
            ecep:syllab="2"
            ecep:pron="ˈrɔɪəl">royal</w>
         <c> </c>
         <w xml:id="o5155-579470"
            n="274-a-1750"
            ecep:lem="head"
            ecep:pos="n1"
            ecep:reg="head"
            ecep:spe="head"
            ecep:syllab="1"
            ecep:pron="hed">head</w>
      </l>
      <l xml:id="o5155-l30645">
         <w xml:id="o5155-579480"
            n="274-a-1760"
            ecep:lem="the"
            ecep:pos="dt"
            ecep:reg="The"
            ecep:spe="The"
            ecep:syllab="1"
            ecep:pron="ðiː">The</w>
         <c> </c>
         <w xml:id="o5155-579490"
            n="274-a-1770"
            ecep:lem="riches"
            ecep:pos="n2"
            ecep:reg="riches"
            ecep:spe="riches"
            ecep:syllab="2"
            ecep:pron="ˈrɪtʃɪz">riches</w>
         <c> </c>
         <w xml:id="o5155-579500"
            n="274-a-1780"
            ecep:lem="of"
            ecep:pos="pp-f"
            ecep:reg="of"
            ecep:spe="of"
            ecep:syllab="1"
            ecep:pron="ɒv">of</w>
         <c> </c>
         <w xml:id="o5155-579510"
            n="274-a-1790"
            ecep:lem="thy"
            ecep:pos="po21"
            ecep:reg="thy"
            ecep:spe="thy"
            ecep:syllab="1"
            ecep:pron="ðaɪ">thy</w>
         <c> </c>
         <w xml:id="o5155-579520"
            n="274-a-1800"
            ecep:lem="blessing"
            ecep:pos="n2"
            ecep:reg="blessings"
            ecep:spe="blessings"
            ecep:syllab="2"
            ecep:pron="ˈblesɪŋz">blessings</w>
         <c> </c>
         <w xml:id="o5155-579530"
            n="274-a-1810"
            ecep:lem="shed"
            ecep:pos="vvi"
            ecep:reg="shed"
            ecep:spe="shed"
            ecep:syllab="1"
            ecep:pron="ʃed">shed</w>
         <pc xml:id="o5155-579540"
             n="274-a-1820"
             ecep:lem=":"
             ecep:pos=":"
             ecep:reg=":"
             ecep:spe=":">:</pc>
      </l>
      <l xml:id="o5155-l30650">
         <w xml:id="o5155-579550"
            n="274-a-1830"
            ecep:lem="establish"
            ecep:pos="vvn"
            ecep:reg="Established"
            ecep:spe="Establish'd"
            ecep:syllab="3"
            ecep:pron="ɪˈstæblɪʃt">Establish'd</w>
         <c> </c>
         <w xml:id="o5155-579560"
            n="274-a-1840"
            ecep:lem="with"
            ecep:pos="p-acp"
            ecep:reg="with"
            ecep:spe="with"
            ecep:syllab="1"
            ecep:pron="wɪð">with</w>
         <c> </c>
         <w xml:id="o5155-579570"
            n="274-a-1850"
            ecep:lem="his"
            ecep:pos="po31"
            ecep:reg="his"
            ecep:spe="his"
            ecep:syllab="1"
            ecep:pron="hɪz">his</w>
         <c> </c>
         <w xml:id="o5155-579580"
            n="274-a-1860"
            ecep:lem="counsellor"
            ecep:pos="n2"
            ecep:reg="counsellors"
            ecep:spe="counsellors"
            ecep:syllab="3"
            ecep:pron="ˈkaʊnsləz">counsellors</w>
         <c> </c>
         <w xml:id="o5155-579590"
            n="274-a-1870"
            ecep:lem="around"
            ecep:pos="a-acp"
            ecep:reg="around"
            ecep:spe="around"
            ecep:syllab="2"
            ecep:pron="əˈraʊnd">around</w>
         <pc xml:id="o5155-579600"
             n="274-a-1880"
             ecep:lem=","
             ecep:pos=","
             ecep:reg=","
             ecep:spe=",">,</pc>
      </l>
      <l xml:id="o5155-l30655">
         <w xml:id="o5155-579610"
            n="274-a-1890"
            ecep:lem="long"
            ecep:pos="av-j"
            ecep:reg="Long"
            ecep:spe="Long"
            ecep:syllab="1"
            ecep:pron="lɒŋ">Long</w>
         <c> </c>
         <w xml:id="o5155-579620"
            n="274-a-1900"
            ecep:lem="be"
            ecep:pos="vbi"
            ecep:reg="be"
            ecep:spe="be"
            ecep:syllab="1"
            ecep:pron="biː">be</w>
         <c> </c>
         <w xml:id="o5155-579630"
            n="274-a-1910"
            ecep:lem="his"
            ecep:pos="po31"
            ecep:reg="his"
            ecep:spe="his"
            ecep:syllab="1"
            ecep:pron="hɪz">his</w>
         <c> </c>
         <w xml:id="o5155-579640"
            n="274-a-1920"
            ecep:lem="prosperous"
            ecep:pos="j"
            ecep:reg="prosperous"
            ecep:spe="prosp'rous"
            ecep:syllab="2"
            ecep:pron="ˈprɒsprəs">prosp'rous</w>
         <c> </c>
         <w xml:id="o5155-579650"
            n="274-a-1930"
            ecep:lem="reign"
            ecep:pos="n1"
            ecep:reg="reign"
            ecep:spe="reign"
            ecep:syllab="1"
            ecep:pron="reɪn">reign</w>
         <pc xml:id="o5155-579660"
             n="274-a-1940"
             ecep:lem=","
             ecep:pos=","
             ecep:reg=","
             ecep:spe=",">,</pc>
         <c> </c>
         <w xml:id="o5155-579670"
            n="274-a-1950"
            ecep:lem="and"
            ecep:pos="cc"
            ecep:reg="and"
            ecep:spe="and"
            ecep:syllab="1"
            ecep:pron="ænd">and</w>
         <c> </c>
         <w xml:id="o5155-579680"
            n="274-a-1960"
            ecep:lem="all"
            ecep:pos="d"
            ecep:reg="all"
            ecep:spe="all"
            ecep:syllab="1"
            ecep:pron="ɔːl">all</w>
         <c> </c>
         <w xml:id="o5155-579690"
            n="274-a-1970"
            ecep:lem="with"
            ecep:pos="p-acp"
            ecep:reg="with"
            ecep:spe="with"
            ecep:syllab="1"
            ecep:pron="wɪð">with</w>
         <c> </c>
         <w xml:id="o5155-579700"
            n="274-a-1980"
            ecep:lem="glory"
            ecep:pos="n1"
            ecep:reg="glory"
            ecep:spe="glory"
            ecep:syllab="2"
            ecep:pron="ˈglɔːri">glory</w>
         <c> </c>
         <w xml:id="o5155-579710"
            n="274-a-1990"
            ecep:lem="crown"
            ecep:pos="vvn"
            ecep:reg="crowned"
            ecep:spe="crown'd"
            ecep:syllab="1"
            ecep:pron="kraʊnd">crown'd</w>
         <pc xml:id="o5155-579720"
             n="274-a-2000"
             unit="sentence"
             ecep:lem="."
             ecep:pos="."
             ecep:reg="."
             ecep:spe=".">.</pc>
      </l>
   </lg>
</div>
