<?xml version="1.0" encoding="UTF-8"?>
<?xml-model href="../tei_all.rnc" type="application/relax-ng-compact-syntax"?>
<TEI xmlns="http://www.tei-c.org/ns/1.0">
   <teiHeader>
      <fileDesc>
         <titleStmt>
            <title corresp="#txt_ShenWi1714_w0031">SONG VI. The Attribute of VENUS.</title>
            <author corresp="authors.xml#aut_ShenWi1714">William Shenstone</author>
            <respStmt>
               <name xml:id="AH">Alexander Huber</name>
               <resp>Editor</resp>
            </respStmt>
            <funder>
               <name type="institution" xml:id="BOD">Bodleian Libraries, University of Oxford</name>
               <address>
                  <addrLine>Broad Street</addrLine>
                  <addrLine>Oxford OX1 3BG</addrLine>
                  <addrLine>UK</addrLine>
               </address>
            </funder>
         </titleStmt>
         <publicationStmt>
            <publisher xml:id="ECPA">Eighteenth-Century Poetry Archive</publisher>
            <address>
               <addrLine>Taylor Institution Library</addrLine>
               <addrLine>St Giles'</addrLine>
               <addrLine>Oxford OX1 3NA</addrLine>
               <addrLine>UK</addrLine>
               <addrLine>
                  <email>info@eighteenthcenturypoetry.org</email>
               </addrLine>
               <addrLine>
                  <ref target="https://www.eighteenthcenturypoetry.org/">https://www.eighteenthcenturypoetry.org/</ref>
               </addrLine>
            </address>
            <pubPlace>Oxford</pubPlace>
            <availability status="restricted">
               <licence target="http://creativecommons.org/licenses/by-sa/3.0/">This work is licensed under a Creative Commons Attribution-ShareAlike 3.0 Unported License.</licence>
            </availability>
            <idno type="ESTC">T131163</idno>
            <idno type="TCP">K104099.005</idno>
         </publicationStmt>
         <sourceDesc>
            <bibl>
               <author>Dodsley, Robert, 1703-1764.</author>
               <title>A Collection of Poems in Six Volumes. By Several Hands. Vol. V.</title>
               <pubPlace>London</pubPlace>
               <publisher>printed by J. Hughs, for R. and J. Dodsley</publisher>
               <date>1763 [1st ed. 1758]</date>
               <biblScope>pp. 41-42.</biblScope>
               <extent>6v.: music; 8⁰.</extent>
            </bibl>
         </sourceDesc>
      </fileDesc>
      <encodingDesc>
         <projectDesc>
            <p>This e-text is part of the Works section of the Eighteenth-Century Poetry Archive (ECPA).</p>
            <p>XML created for the Eighteenth-Century Poetry Archive (ECPA).</p>
         </projectDesc>
         <editorialDecl>
            <p>The text has been typographically modernized, but without any silent modernization of
						spelling, capitalization, or punctuation. The source of the text is given and all editorial interventions
						have been recorded in textual notes. Based on the electronic text originally produced by the TCP project, this  text has been edited to conform to the recommendations found in Level 5 of the
						Best Practices for TEI in Libraries version 4.0.0.
					</p>
         </editorialDecl>
         <classDecl>
            <taxonomy xml:id="LCNAF">
               <bibl>Library of Congress Name Authority File (<abbr>LCNAF</abbr>)</bibl>
            </taxonomy>
         </classDecl>
         <tagsDecl>
            <rendition n="linegroups indented" xml:id="lgindent" scheme="css">text-indent: 1em;</rendition>
            <rendition n="linegroups vertically spaced" xml:id="lgvspace" scheme="css">margin-bottom: 1em;</rendition>
            <rendition n="aligned centrally" xml:id="align-center" scheme="css">text-align: center;</rendition>
            <rendition n="aligned right" xml:id="align-right" scheme="css">text-align: right;</rendition>
            <rendition n="aligned left" xml:id="align-left" scheme="css">text-align: left;</rendition>
            <rendition n="inline" xml:id="inline" scheme="css">display: inline</rendition>
            <rendition n="italic" xml:id="i" scheme="css">font-style: italic;</rendition>
            <rendition n="bold" xml:id="b" scheme="css">font-weight: bold;</rendition>
         </tagsDecl>
      </encodingDesc>
   </teiHeader>
   <text>
      <body>
         <div xmlns:ecep="http://www.eighteenthcenturypoetry.org/ns"
              ana="#iamb #tetrameter #quatrain #song #pair"
              corresp="#txt_ShenWi1714_w0031"
              ecep:syllab="8.8.8.8"
              met="-+|-+|-+|-+/          -+|-+|-+|-+/          -+|-+|-+|-+/          -+|-+|-+|-+/"
              n="6"
              rendition="#lgvspace"
              rhyme="aabb"
              subtype="eceptext"
              type="song"
              xml:id="o5156-w0125"
              decls="#semi-normalized">
            <link target="authors.xml#aut_ShenWi1714" type="author"/>
            <link target="27236" type="DMI"/>
            <head type="main">
               <w xmlns:ecep="http://www.eighteenthcenturypoetry.org/ns"
                  xml:id="o5156-076360"
                  n="43-a-1620"
                  ecep:lem="song"
                  ecep:pos="n1"
                  ecep:reg="SONG"
                  ecep:spe="SONG"
                  ecep:syllab="1"
                  ecep:pron="sɒŋ">SONG</w>
               <c> </c>
               <w xmlns:ecep="http://www.eighteenthcenturypoetry.org/ns"
                  xml:id="o5156-076370"
                  n="43-a-1630"
                  ecep:lem="vi"
                  ecep:pos="crd"
                  ecep:reg="VI"
                  ecep:spe="VI"
                  ecep:syllab="1"
                  ecep:pron="ˈvaɪ">VI</w>
               <pc xmlns:ecep="http://www.eighteenthcenturypoetry.org/ns"
                   xml:id="o5156-076380"
                   n="43-a-1640"
                   unit="sentence"
                   ecep:lem="."
                   ecep:pos="."
                   ecep:reg="."
                   ecep:spe=".">.</pc>
               <c> </c>
               <w xmlns:ecep="http://www.eighteenthcenturypoetry.org/ns"
                  xml:id="o5156-076390"
                  n="43-a-1650"
                  ecep:lem="the"
                  ecep:pos="dt"
                  ecep:reg="The"
                  ecep:spe="The"
                  ecep:syllab="1"
                  ecep:pron="ðiː">The</w>
               <c> </c>
               <w xmlns:ecep="http://www.eighteenthcenturypoetry.org/ns"
                  xml:id="o5156-076400"
                  n="43-a-1660"
                  ecep:lem="attribute"
                  ecep:pos="n1"
                  ecep:reg="Attribute"
                  ecep:spe="Attribute"
                  ecep:syllab="3"
                  ecep:pron="əˈtrɪbjuːt">Attribute</w>
               <c> </c>
               <w xmlns:ecep="http://www.eighteenthcenturypoetry.org/ns"
                  xml:id="o5156-076410"
                  n="43-a-1670"
                  ecep:lem="of"
                  ecep:pos="pp-f"
                  ecep:reg="of"
                  ecep:spe="of"
                  ecep:syllab="1"
                  ecep:pron="ɒv">of</w>
               <c> </c>
               <w xmlns:ecep="http://www.eighteenthcenturypoetry.org/ns"
                  xml:id="o5156-076420"
                  n="43-a-1680"
                  ecep:lem="Venus"
                  ecep:pos="np1"
                  ecep:reg="VENUS"
                  ecep:spe="VENUS"
                  ecep:syllab="2"
                  ecep:pron="ˈviːnəs">VENUS</w>
               <pc xmlns:ecep="http://www.eighteenthcenturypoetry.org/ns"
                   xml:id="o5156-076430"
                   n="43-a-1690"
                   unit="sentence"
                   ecep:lem="."
                   ecep:pos="."
                   ecep:reg="."
                   ecep:spe=".">.</pc>
            </head>
            <lg xml:id="o5156-s00790">
               <l xml:id="o5156-l04515">
                  <w xmlns:ecep="http://www.eighteenthcenturypoetry.org/ns"
                     xml:id="o5156-076460"
                     n="43-a-1700"
                     ecep:lem="yes"
                     ecep:pos="uh"
                     ecep:reg="YES"
                     ecep:spe="YES"
                     ecep:syllab="1"
                     ecep:pron="jes">YES</w>
                  <pc xmlns:ecep="http://www.eighteenthcenturypoetry.org/ns"
                      xml:id="o5156-076470"
                      n="43-a-1710"
                      ecep:lem=";"
                      ecep:pos=";"
                      ecep:reg=";"
                      ecep:spe=";">;</pc>
                  <c> </c>
                  <w xmlns:ecep="http://www.eighteenthcenturypoetry.org/ns"
                     xml:id="o5156-076480"
                     n="43-a-1720"
                     ecep:lem="Fulvia"
                     ecep:pos="np1"
                     ecep:reg="Fulvia"
                     ecep:spe="Fulvia"
                     ecep:syllab="3"
                     ecep:pron="fˈʊlviə">Fulvia</w>
                  <c> </c>
                  <w xmlns:ecep="http://www.eighteenthcenturypoetry.org/ns"
                     xml:id="o5156-076490"
                     n="43-a-1730"
                     ecep:lem="be"
                     ecep:pos="vbz"
                     ecep:reg="is"
                     ecep:spe="is"
                     ecep:syllab="1"
                     ecep:pron="ɪz">is</w>
                  <c> </c>
                  <w xmlns:ecep="http://www.eighteenthcenturypoetry.org/ns"
                     xml:id="o5156-076500"
                     n="43-a-1740"
                     ecep:lem="like"
                     ecep:pos="av-j"
                     ecep:reg="like"
                     ecep:spe="like"
                     ecep:syllab="1"
                     ecep:pron="laɪk">like</w>
                  <c> </c>
                  <w xmlns:ecep="http://www.eighteenthcenturypoetry.org/ns"
                     xml:id="o5156-076510"
                     n="43-a-1750"
                     ecep:lem="Venus"
                     ecep:pos="np1"
                     ecep:reg="Venus"
                     ecep:spe="Venus"
                     ecep:syllab="2"
                     ecep:pron="ˈviːnəs">Venus</w>
                  <c> </c>
                  <w xmlns:ecep="http://www.eighteenthcenturypoetry.org/ns"
                     xml:id="o5156-076520"
                     n="43-a-1760"
                     ecep:lem="fair"
                     ecep:pos="j"
                     ecep:reg="fair"
                     ecep:spe="fair"
                     ecep:syllab="1"
                     ecep:pron="feə">fair</w>
                  <pc xmlns:ecep="http://www.eighteenthcenturypoetry.org/ns"
                      xml:id="o5156-076530"
                      n="43-a-1770"
                      ecep:lem=";"
                      ecep:pos=";"
                      ecep:reg=";"
                      ecep:spe=";">;</pc>
               </l>
               <l xml:id="o5156-l04520">
                  <w xmlns:ecep="http://www.eighteenthcenturypoetry.org/ns"
                     xml:id="o5156-076540"
                     n="43-a-1780"
                     ecep:lem="have"
                     ecep:pos="vhz"
                     ecep:reg="Has"
                     ecep:spe="Has"
                     ecep:syllab="1"
                     ecep:pron="hæz">Has</w>
                  <c> </c>
                  <w xmlns:ecep="http://www.eighteenthcenturypoetry.org/ns"
                     xml:id="o5156-076550"
                     n="43-a-1790"
                     ecep:lem="all"
                     ecep:pos="d"
                     ecep:reg="all"
                     ecep:spe="all"
                     ecep:syllab="1"
                     ecep:pron="ɔːl">all</w>
                  <c> </c>
                  <w xmlns:ecep="http://www.eighteenthcenturypoetry.org/ns"
                     xml:id="o5156-076560"
                     n="43-a-1800"
                     ecep:lem="her"
                     ecep:pos="po31"
                     ecep:reg="her"
                     ecep:spe="her"
                     ecep:syllab="1"
                     ecep:pron="hɜː">her</w>
                  <c> </c>
                  <w xmlns:ecep="http://www.eighteenthcenturypoetry.org/ns"
                     xml:id="o5156-076570"
                     n="43-a-1810"
                     ecep:lem="bloom"
                     ecep:pos="n1"
                     ecep:reg="bloom"
                     ecep:spe="bloom"
                     ecep:syllab="1"
                     ecep:pron="bluːm">bloom</w>
                  <pc xmlns:ecep="http://www.eighteenthcenturypoetry.org/ns"
                      xml:id="o5156-076580"
                      n="43-a-1820"
                      ecep:lem=","
                      ecep:pos=","
                      ecep:reg=","
                      ecep:spe=",">,</pc>
                  <c> </c>
                  <w xmlns:ecep="http://www.eighteenthcenturypoetry.org/ns"
                     xml:id="o5156-076590"
                     n="43-a-1830"
                     ecep:lem="and"
                     ecep:pos="cc"
                     ecep:reg="and"
                     ecep:spe="and"
                     ecep:syllab="1"
                     ecep:pron="ænd">and</w>
                  <c> </c>
                  <w xmlns:ecep="http://www.eighteenthcenturypoetry.org/ns"
                     xml:id="o5156-076600"
                     n="43-a-1840"
                     ecep:lem="shape"
                     ecep:pos="n1"
                     ecep:reg="shape"
                     ecep:spe="shape"
                     ecep:syllab="1"
                     ecep:pron="ʃeɪp">shape</w>
                  <c> </c>
                  <w xmlns:ecep="http://www.eighteenthcenturypoetry.org/ns"
                     xml:id="o5156-076610"
                     n="43-a-1850"
                     ecep:lem="and"
                     ecep:pos="cc"
                     ecep:reg="and"
                     ecep:spe="and"
                     ecep:syllab="1"
                     ecep:pron="ænd">and</w>
                  <c> </c>
                  <w xmlns:ecep="http://www.eighteenthcenturypoetry.org/ns"
                     xml:id="o5156-076620"
                     n="43-a-1860"
                     ecep:lem="air"
                     ecep:pos="n1"
                     ecep:reg="air"
                     ecep:spe="air"
                     ecep:syllab="1"
                     ecep:pron="eə">air</w>
                  <pc xmlns:ecep="http://www.eighteenthcenturypoetry.org/ns"
                      xml:id="o5156-076630"
                      n="43-a-1870"
                      ecep:lem=":"
                      ecep:pos=":"
                      ecep:reg=":"
                      ecep:spe=":">:</pc>
               </l>
               <l xml:id="o5156-l04525">
                  <w xmlns:ecep="http://www.eighteenthcenturypoetry.org/ns"
                     xml:id="o5156-076640"
                     n="43-a-1880"
                     ecep:lem="but"
                     ecep:pos="cc-acp"
                     ecep:reg="But"
                     ecep:spe="But"
                     ecep:syllab="1"
                     ecep:pron="bʌt">But</w>
                  <c> </c>
                  <w xmlns:ecep="http://www.eighteenthcenturypoetry.org/ns"
                     xml:id="o5156-076650"
                     n="43-a-1890"
                     ecep:lem="still"
                     ecep:pos="av"
                     ecep:reg="still"
                     ecep:spe="still"
                     ecep:syllab="1"
                     ecep:pron="stɪl">still</w>
                  <pc xmlns:ecep="http://www.eighteenthcenturypoetry.org/ns"
                      xml:id="o5156-076660"
                      n="43-a-1900"
                      ecep:lem=","
                      ecep:pos=","
                      ecep:reg=","
                      ecep:spe=",">,</pc>
                  <c> </c>
                  <w xmlns:ecep="http://www.eighteenthcenturypoetry.org/ns"
                     xml:id="o5156-076670"
                     n="43-a-1910"
                     ecep:lem="to"
                     ecep:pos="p-acp"
                     ecep:reg="to"
                     ecep:spe="to"
                     ecep:syllab="1"
                     ecep:pron="tuː">to</w>
                  <c> </c>
                  <w xmlns:ecep="http://www.eighteenthcenturypoetry.org/ns"
                     xml:id="o5156-076680"
                     n="43-a-1920"
                     ecep:lem="perfect"
                     ecep:pos="j"
                     ecep:reg="perfect"
                     ecep:spe="perfect"
                     ecep:syllab="2"
                     ecep:pron="ˈpɜːfɪkt">perfect</w>
                  <c> </c>
                  <w xmlns:ecep="http://www.eighteenthcenturypoetry.org/ns"
                     xml:id="o5156-076690"
                     n="43-a-1930"
                     ecep:lem="every"
                     ecep:pos="d"
                     ecep:reg="every"
                     ecep:spe="every"
                     ecep:syllab="2"
                     ecep:pron="ˈevri">every</w>
                  <c> </c>
                  <w xmlns:ecep="http://www.eighteenthcenturypoetry.org/ns"
                     xml:id="o5156-076700"
                     n="43-a-1940"
                     ecep:lem="grace"
                     ecep:pos="n1"
                     ecep:reg="grace"
                     ecep:spe="grace"
                     ecep:syllab="1"
                     ecep:pron="greɪs">grace</w>
                  <pc xmlns:ecep="http://www.eighteenthcenturypoetry.org/ns"
                      xml:id="o5156-076710"
                      n="43-a-1950"
                      ecep:lem=","
                      ecep:pos=","
                      ecep:reg=","
                      ecep:spe=",">,</pc>
               </l>
               <l xml:id="o5156-l04530">
                  <w xmlns:ecep="http://www.eighteenthcenturypoetry.org/ns"
                     xml:id="o5156-076720"
                     n="43-a-1960"
                     ecep:lem="she"
                     ecep:pos="pns31"
                     ecep:reg="She"
                     ecep:spe="She"
                     ecep:syllab="1"
                     ecep:pron="ʃiː">She</w>
                  <c> </c>
                  <w xmlns:ecep="http://www.eighteenthcenturypoetry.org/ns"
                     xml:id="o5156-076730"
                     n="43-a-1970"
                     ecep:lem="want"
                     ecep:pos="vvz"
                     ecep:reg="wants"
                     ecep:spe="wants"
                     ecep:syllab="1"
                     ecep:pron="wɒnts">wants</w>
                  <c> </c>
                  <pc xmlns:ecep="http://www.eighteenthcenturypoetry.org/ns"
                      xml:id="o5156-076740"
                      n="43-a-1980"
                      ecep:lem="—"
                      ecep:pos="—"
                      ecep:reg="—"
                      ecep:spe="—">—</pc>
                  <c> </c>
                  <w xmlns:ecep="http://www.eighteenthcenturypoetry.org/ns"
                     xml:id="o5156-076750"
                     n="43-a-1990"
                     ecep:lem="the"
                     ecep:pos="dt"
                     ecep:reg="the"
                     ecep:spe="the"
                     ecep:syllab="1"
                     ecep:pron="ðiː">the</w>
                  <c> </c>
                  <w xmlns:ecep="http://www.eighteenthcenturypoetry.org/ns"
                     xml:id="o5156-076760"
                     n="43-a-2000"
                     ecep:lem="smile"
                     ecep:pos="n1"
                     ecep:reg="smile"
                     ecep:spe="smile"
                     ecep:syllab="1"
                     ecep:pron="smaɪl">smile</w>
                  <c> </c>
                  <w xmlns:ecep="http://www.eighteenthcenturypoetry.org/ns"
                     xml:id="o5156-076770"
                     n="43-a-2010"
                     ecep:lem="upon"
                     ecep:pos="p-acp"
                     ecep:reg="upon"
                     ecep:spe="upon"
                     ecep:syllab="2"
                     ecep:pron="əˈpɒn">upon</w>
                  <c> </c>
                  <w xmlns:ecep="http://www.eighteenthcenturypoetry.org/ns"
                     xml:id="o5156-076780"
                     n="43-a-2020"
                     ecep:lem="her"
                     ecep:pos="po31"
                     ecep:reg="her"
                     ecep:spe="her"
                     ecep:syllab="1"
                     ecep:pron="hɜː">her</w>
                  <c> </c>
                  <w xmlns:ecep="http://www.eighteenthcenturypoetry.org/ns"
                     xml:id="o5156-076790"
                     n="43-a-2030"
                     ecep:lem="face"
                     ecep:pos="n1"
                     ecep:reg="face"
                     ecep:spe="face"
                     ecep:syllab="1"
                     ecep:pron="feɪs">face</w>
                  <pc xmlns:ecep="http://www.eighteenthcenturypoetry.org/ns"
                      xml:id="o5156-076800"
                      n="43-a-2040"
                      unit="sentence"
                      ecep:lem="."
                      ecep:pos="."
                      ecep:reg="."
                      ecep:spe=".">.</pc>
               </l>
            </lg>
            <lg xml:id="o5156-s00795">
               <l xml:id="o5156-l04535">
                  <w xmlns:ecep="http://www.eighteenthcenturypoetry.org/ns"
                     xml:id="o5156-076830"
                     n="43-a-2050"
                     ecep:lem="the"
                     ecep:pos="dt"
                     ecep:reg="The"
                     ecep:spe="The"
                     ecep:syllab="1"
                     ecep:pron="ðiː">The</w>
                  <c> </c>
                  <w xmlns:ecep="http://www.eighteenthcenturypoetry.org/ns"
                     xml:id="o5156-076840"
                     n="43-a-2060"
                     ecep:lem="crown"
                     ecep:pos="n1"
                     ecep:reg="crown"
                     ecep:spe="crown"
                     ecep:syllab="1"
                     ecep:pron="kraʊn">crown</w>
                  <c> </c>
                  <w xmlns:ecep="http://www.eighteenthcenturypoetry.org/ns"
                     xml:id="o5156-076850"
                     n="43-a-2070"
                     ecep:lem="majestic"
                     ecep:pos="j"
                     ecep:reg="majestic"
                     ecep:spe="majestic"
                     ecep:syllab="3"
                     ecep:pron="məˈdʒestɪk">majestic</w>
                  <c> </c>
                  <w xmlns:ecep="http://www.eighteenthcenturypoetry.org/ns"
                     xml:id="o5156-076860"
                     n="43-a-2080"
                     ecep:lem="Juno"
                     ecep:pos="np1"
                     ecep:reg="Juno"
                     ecep:spe="Juno"
                     ecep:syllab="2"
                     ecep:pron="ˈdʒuːnəʊ">Juno</w>
                  <c> </c>
                  <w xmlns:ecep="http://www.eighteenthcenturypoetry.org/ns"
                     xml:id="o5156-076870"
                     n="43-a-2090"
                     ecep:lem="wear"
                     ecep:pos="vvd"
                     ecep:reg="wore"
                     ecep:spe="wore"
                     ecep:syllab="1"
                     ecep:pron="wɔː">wore</w>
                  <pc xmlns:ecep="http://www.eighteenthcenturypoetry.org/ns"
                      xml:id="o5156-076880"
                      n="43-a-2100"
                      ecep:lem=";"
                      ecep:pos=";"
                      ecep:reg=";"
                      ecep:spe=";">;</pc>
               </l>
               <l xml:id="o5156-l04540">
                  <w xmlns:ecep="http://www.eighteenthcenturypoetry.org/ns"
                     xml:id="o5156-076890"
                     n="43-a-2110"
                     ecep:lem="and"
                     ecep:pos="cc"
                     ecep:reg="And"
                     ecep:spe="And"
                     ecep:syllab="1"
                     ecep:pron="ænd">And</w>
                  <c> </c>
                  <w xmlns:ecep="http://www.eighteenthcenturypoetry.org/ns"
                     xml:id="o5156-076900"
                     n="43-a-2120"
                     ecep:lem="cynthia"
                     ecep:pos="npg1"
                     ecep:reg="Cynthia's"
                     ecep:spe="Cynthia's"
                     ecep:syllab="3"
                     ecep:pron="ˈsɪnθiəz">Cynthia's</w>
                  <c> </c>
                  <w xmlns:ecep="http://www.eighteenthcenturypoetry.org/ns"
                     xml:id="o5156-076910"
                     n="43-a-2130"
                     ecep:lem="brow"
                     ecep:pos="n1"
                     ecep:reg="brow"
                     ecep:spe="brow"
                     ecep:syllab="1"
                     ecep:pron="braʊ">brow</w>
                  <c> </c>
                  <w xmlns:ecep="http://www.eighteenthcenturypoetry.org/ns"
                     xml:id="o5156-076920"
                     n="43-a-2140"
                     ecep:lem="the"
                     ecep:pos="dt"
                     ecep:reg="the"
                     ecep:spe="the"
                     ecep:syllab="1"
                     ecep:pron="ðiː">the</w>
                  <c> </c>
                  <w xmlns:ecep="http://www.eighteenthcenturypoetry.org/ns"
                     xml:id="o5156-076930"
                     n="43-a-2150"
                     ecep:lem="crescent"
                     ecep:pos="j"
                     ecep:reg="crescent"
                     ecep:spe="crescent"
                     ecep:syllab="2"
                     ecep:pron="ˈkresnt">crescent</w>
                  <c> </c>
                  <w xmlns:ecep="http://www.eighteenthcenturypoetry.org/ns"
                     xml:id="o5156-076940"
                     n="43-a-2160"
                     ecep:lem="boar"
                     ecep:pos="n1"
                     ecep:reg="bore"
                     ecep:spe="bore"
                     ecep:syllab="1"
                     ecep:pron="bɔː">bore</w>
                  <pc xmlns:ecep="http://www.eighteenthcenturypoetry.org/ns"
                      xml:id="o5156-076950"
                      n="43-a-2170"
                      ecep:lem=","
                      ecep:pos=","
                      ecep:reg=","
                      ecep:spe=",">,</pc>
               </l>
               <l xml:id="o5156-l04545">
                  <w xmlns:ecep="http://www.eighteenthcenturypoetry.org/ns"
                     xml:id="o5156-076960"
                     n="43-a-2180"
                     ecep:lem="a"
                     ecep:pos="dt"
                     ecep:reg="An"
                     ecep:spe="An"
                     ecep:syllab="1"
                     ecep:pron="æn">An</w>
                  <c> </c>
                  <w xmlns:ecep="http://www.eighteenthcenturypoetry.org/ns"
                     xml:id="o5156-076970"
                     n="43-a-2190"
                     ecep:lem="helmet"
                     ecep:pos="n1"
                     ecep:reg="helmet"
                     ecep:spe="helmet"
                     ecep:syllab="2"
                     ecep:pron="ˈhelmət">helmet</w>
                  <c> </c>
                  <w xmlns:ecep="http://www.eighteenthcenturypoetry.org/ns"
                     xml:id="o5156-076980"
                     n="43-a-2200"
                     ecep:lem="mark"
                     ecep:pos="vvd"
                     ecep:reg="marked"
                     ecep:spe="mark'd"
                     ecep:syllab="1"
                     ecep:pron="mɑːkt">mark'd</w>
                  <c> </c>
                  <w xmlns:ecep="http://www.eighteenthcenturypoetry.org/ns"
                     xml:id="o5156-076990"
                     n="43-a-2210"
                     ecep:lem="minerva"
                     ecep:pos="fw-mi"
                     ecep:reg="Minerva's"
                     ecep:spe="Minerva's"
                     ecep:syllab="3"
                     ecep:pron="mɪˈnɜːvəz">Minerva's</w>
                  <c> </c>
                  <w xmlns:ecep="http://www.eighteenthcenturypoetry.org/ns"
                     xml:id="o5156-077000"
                     n="43-a-2220"
                     ecep:lem="mien"
                     ecep:pos="n1"
                     ecep:reg="mien"
                     ecep:spe="mien"
                     ecep:syllab="1"
                     ecep:pron="miːn">mien</w>
                  <pc xmlns:ecep="http://www.eighteenthcenturypoetry.org/ns"
                      xml:id="o5156-077010"
                      n="43-a-2230"
                      ecep:lem=","
                      ecep:pos=","
                      ecep:reg=","
                      ecep:spe=",">,</pc>
               </l>
               <l xml:id="o5156-l04550">
                  <w xmlns:ecep="http://www.eighteenthcenturypoetry.org/ns"
                     xml:id="o5156-077020"
                     n="43-a-2240"
                     ecep:lem="but"
                     ecep:pos="cc-acp"
                     ecep:reg="But"
                     ecep:spe="But"
                     ecep:syllab="1"
                     ecep:pron="bʌt">But</w>
                  <c> </c>
                  <w xmlns:ecep="http://www.eighteenthcenturypoetry.org/ns"
                     xml:id="o5156-077030"
                     n="43-a-2250"
                     ecep:lem="smile"
                     ecep:pos="n2"
                     ecep:reg="smiles"
                     ecep:spe="smiles"
                     ecep:syllab="1"
                     ecep:pron="smaɪlz">smiles</w>
                  <c> </c>
                  <w xmlns:ecep="http://www.eighteenthcenturypoetry.org/ns"
                     xml:id="o5156-077040"
                     n="43-a-2260"
                     ecep:lem="distinguish"
                     ecep:pos="vvn"
                     ecep:reg="distinguished"
                     ecep:spe="distinguish'd"
                     ecep:syllab="3"
                     ecep:pron="dɪˈstɪŋgwɪʃt">distinguish'd</w>
                  <c> </c>
                  <w xmlns:ecep="http://www.eighteenthcenturypoetry.org/ns"
                     xml:id="o5156-077050"
                     n="43-a-2270"
                     ecep:lem="beauty"
                     ecep:pos="ng1"
                     ecep:reg="Beauty's"
                     ecep:spe="Beauty's"
                     ecep:syllab="3"
                     ecep:pron="ˈbjuːtiz">Beauty's</w>
                  <c> </c>
                  <w xmlns:ecep="http://www.eighteenthcenturypoetry.org/ns"
                     xml:id="o5156-077060"
                     n="43-a-2280"
                     ecep:lem="queen"
                     ecep:pos="n1"
                     ecep:reg="queen"
                     ecep:spe="queen"
                     ecep:syllab="1"
                     ecep:pron="kwiːn">queen</w>
                  <pc xmlns:ecep="http://www.eighteenthcenturypoetry.org/ns"
                      xml:id="o5156-077070"
                      n="43-a-2290"
                      unit="sentence"
                      ecep:lem="."
                      ecep:pos="."
                      ecep:reg="."
                      ecep:spe=".">.</pc>
               </l>
            </lg>
            <pb facs="o5156/0047_L" n="42" rend="none"/>
            <lg xml:id="o5156-s00800">
               <l xml:id="o5156-l04555">
                  <w xmlns:ecep="http://www.eighteenthcenturypoetry.org/ns"
                     xml:id="o5156-077100"
                     n="44-a-0010"
                     ecep:lem="her"
                     ecep:pos="po31"
                     ecep:reg="Her"
                     ecep:spe="Her"
                     ecep:syllab="1"
                     ecep:pron="hɜː">Her</w>
                  <c> </c>
                  <w xmlns:ecep="http://www.eighteenthcenturypoetry.org/ns"
                     xml:id="o5156-077110"
                     n="44-a-0020"
                     ecep:lem="train"
                     ecep:pos="n1"
                     ecep:reg="train"
                     ecep:spe="train"
                     ecep:syllab="1"
                     ecep:pron="treɪn">train</w>
                  <c> </c>
                  <w xmlns:ecep="http://www.eighteenthcenturypoetry.org/ns"
                     xml:id="o5156-077120"
                     n="44-a-0030"
                     ecep:lem="be"
                     ecep:pos="vbds"
                     ecep:reg="was"
                     ecep:spe="was"
                     ecep:syllab="1"
                     ecep:pron="wɒz">was</w>
                  <c> </c>
                  <w xmlns:ecep="http://www.eighteenthcenturypoetry.org/ns"
                     xml:id="o5156-077130"
                     n="44-a-0040"
                     ecep:lem="form"
                     ecep:pos="vvn"
                     ecep:reg="formed"
                     ecep:spe="form'd"
                     ecep:syllab="1"
                     ecep:pron="fɔːmd">form'd</w>
                  <c> </c>
                  <w xmlns:ecep="http://www.eighteenthcenturypoetry.org/ns"
                     xml:id="o5156-077140"
                     n="44-a-0050"
                     ecep:lem="of"
                     ecep:pos="pp-f"
                     ecep:reg="of"
                     ecep:spe="of"
                     ecep:syllab="1"
                     ecep:pron="ɒv">of</w>
                  <c> </c>
                  <w xmlns:ecep="http://www.eighteenthcenturypoetry.org/ns"
                     xml:id="o5156-077150"
                     n="44-a-0060"
                     ecep:lem="smile"
                     ecep:pos="n2"
                     ecep:reg="smiles"
                     ecep:spe="smiles"
                     ecep:syllab="1"
                     ecep:pron="smaɪlz">smiles</w>
                  <c> </c>
                  <w xmlns:ecep="http://www.eighteenthcenturypoetry.org/ns"
                     xml:id="o5156-077160"
                     n="44-a-0070"
                     ecep:lem="of"
                     ecep:pos="pp-f"
                     ecep:reg="of"
                     ecep:spe="of"
                     ecep:syllab="1"
                     ecep:pron="ɒv">of</w>
                  <c> </c>
                  <w xmlns:ecep="http://www.eighteenthcenturypoetry.org/ns"
                     xml:id="o5156-077170"
                     n="44-a-0080"
                     ecep:lem="love"
                     ecep:pos="n2"
                     ecep:reg="loves"
                     ecep:spe="loves"
                     ecep:syllab="1"
                     ecep:pron="lʌvz">loves</w>
               </l>
               <l xml:id="o5156-l04560">
                  <w xmlns:ecep="http://www.eighteenthcenturypoetry.org/ns"
                     xml:id="o5156-077180"
                     n="44-a-0090"
                     ecep:lem="her"
                     ecep:pos="po31"
                     ecep:reg="Her"
                     ecep:spe="Her"
                     ecep:syllab="1"
                     ecep:pron="hɜː">Her</w>
                  <c> </c>
                  <w xmlns:ecep="http://www.eighteenthcenturypoetry.org/ns"
                     xml:id="o5156-077190"
                     n="44-a-0100"
                     ecep:lem="chariot"
                     ecep:pos="n1"
                     ecep:reg="chariot"
                     ecep:spe="chariot"
                     ecep:syllab="3"
                     ecep:pron="ˈtʃæriət">chariot</w>
                  <c> </c>
                  <w xmlns:ecep="http://www.eighteenthcenturypoetry.org/ns"
                     xml:id="o5156-077200"
                     n="44-a-0110"
                     ecep:lem="draw"
                     ecep:pos="vvn"
                     ecep:reg="drawn"
                     ecep:spe="drawn"
                     ecep:syllab="1"
                     ecep:pron="drɔːn">drawn</w>
                  <c> </c>
                  <w xmlns:ecep="http://www.eighteenthcenturypoetry.org/ns"
                     xml:id="o5156-077210"
                     n="44-a-0120"
                     ecep:lem="by"
                     ecep:pos="p-acp"
                     ecep:reg="by"
                     ecep:spe="by"
                     ecep:syllab="1"
                     ecep:pron="baɪ">by</w>
                  <c> </c>
                  <w xmlns:ecep="http://www.eighteenthcenturypoetry.org/ns"
                     xml:id="o5156-077220"
                     n="44-a-0130"
                     ecep:lem="gentle"
                     ecep:pos="js-jn"
                     ecep:reg="gentlest"
                     ecep:spe="gentlest"
                     ecep:syllab="3"
                     ecep:pron="ˈdʒentləst">gentlest</w>
                  <c> </c>
                  <w xmlns:ecep="http://www.eighteenthcenturypoetry.org/ns"
                     xml:id="o5156-077230"
                     n="44-a-0140"
                     ecep:lem="dove"
                     ecep:pos="n2"
                     ecep:reg="doves"
                     ecep:spe="doves"
                     ecep:syllab="1"
                     ecep:pron="dʌvz">doves</w>
                  <pc xmlns:ecep="http://www.eighteenthcenturypoetry.org/ns"
                      xml:id="o5156-077240"
                      n="44-a-0150"
                      ecep:lem=";"
                      ecep:pos=";"
                      ecep:reg=";"
                      ecep:spe=";">;</pc>
               </l>
               <l xml:id="o5156-l04565">
                  <w xmlns:ecep="http://www.eighteenthcenturypoetry.org/ns"
                     xml:id="o5156-077250"
                     n="44-a-0160"
                     ecep:lem="and"
                     ecep:pos="cc"
                     ecep:reg="And"
                     ecep:spe="And"
                     ecep:syllab="1"
                     ecep:pron="ænd">And</w>
                  <c> </c>
                  <w xmlns:ecep="http://www.eighteenthcenturypoetry.org/ns"
                     xml:id="o5156-077260"
                     n="44-a-0170"
                     ecep:lem="from"
                     ecep:pos="p-acp"
                     ecep:reg="from"
                     ecep:spe="from"
                     ecep:syllab="1"
                     ecep:pron="frɒm">from</w>
                  <c> </c>
                  <w xmlns:ecep="http://www.eighteenthcenturypoetry.org/ns"
                     xml:id="o5156-077270"
                     n="44-a-0180"
                     ecep:lem="her"
                     ecep:pos="po31"
                     ecep:reg="her"
                     ecep:spe="her"
                     ecep:syllab="1"
                     ecep:pron="hɜː">her</w>
                  <c> </c>
                  <w xmlns:ecep="http://www.eighteenthcenturypoetry.org/ns"
                     xml:id="o5156-077280"
                     n="44-a-0190"
                     ecep:lem="zone"
                     ecep:pos="n1"
                     ecep:reg="zone"
                     ecep:spe="zone"
                     ecep:syllab="1"
                     ecep:pron="zəʊn">zone</w>
                  <pc xmlns:ecep="http://www.eighteenthcenturypoetry.org/ns"
                      xml:id="o5156-077290"
                      n="44-a-0200"
                      ecep:lem=","
                      ecep:pos=","
                      ecep:reg=","
                      ecep:spe=",">,</pc>
                  <c> </c>
                  <w xmlns:ecep="http://www.eighteenthcenturypoetry.org/ns"
                     xml:id="o5156-077300"
                     n="44-a-0210"
                     ecep:lem="the"
                     ecep:pos="dt"
                     ecep:reg="the"
                     ecep:spe="the"
                     ecep:syllab="1"
                     ecep:pron="ðiː">the</w>
                  <c> </c>
                  <w xmlns:ecep="http://www.eighteenthcenturypoetry.org/ns"
                     xml:id="o5156-077310"
                     n="44-a-0220"
                     ecep:lem="nymph"
                     ecep:pos="n1"
                     ecep:reg="nymph"
                     ecep:spe="nymph"
                     ecep:syllab="1"
                     ecep:pron="nɪmf">nymph</w>
                  <c> </c>
                  <w xmlns:ecep="http://www.eighteenthcenturypoetry.org/ns"
                     xml:id="o5156-077320"
                     n="44-a-0230"
                     ecep:lem="may"
                     ecep:pos="vmb"
                     ecep:reg="may"
                     ecep:spe="may"
                     ecep:syllab="1"
                     ecep:pron="meɪ">may</w>
                  <c> </c>
                  <w xmlns:ecep="http://www.eighteenthcenturypoetry.org/ns"
                     xml:id="o5156-077330"
                     n="44-a-0240"
                     ecep:lem="find"
                     ecep:pos="vvi"
                     ecep:reg="find"
                     ecep:spe="find"
                     ecep:syllab="1"
                     ecep:pron="faɪnd">find</w>
                  <pc xmlns:ecep="http://www.eighteenthcenturypoetry.org/ns"
                      xml:id="o5156-077340"
                      n="44-a-0250"
                      ecep:lem=","
                      ecep:pos=","
                      ecep:reg=","
                      ecep:spe=",">,</pc>
               </l>
               <l xml:id="o5156-l04570">
                  <w xmlns:ecep="http://www.eighteenthcenturypoetry.org/ns"
                     xml:id="o5156-077350"
                     n="44-a-0260"
                     ecep:lem="it|be"
                     ecep:pos="pn31|vbz"
                     ecep:reg="It's"
                     ecep:spe="'Tis"
                     ecep:syllab="1"
                     ecep:pron="tɪz">'Tis</w>
                  <c> </c>
                  <w xmlns:ecep="http://www.eighteenthcenturypoetry.org/ns"
                     xml:id="o5156-077360"
                     n="44-a-0270"
                     ecep:lem="beauty"
                     ecep:pos="ng1"
                     ecep:reg="Beauty's"
                     ecep:spe="Beauty's"
                     ecep:syllab="3"
                     ecep:pron="ˈbjuːtiz">Beauty's</w>
                  <c> </c>
                  <w xmlns:ecep="http://www.eighteenthcenturypoetry.org/ns"
                     xml:id="o5156-077370"
                     n="44-a-0280"
                     ecep:lem="province"
                     ecep:pos="n1"
                     ecep:reg="province"
                     ecep:spe="province"
                     ecep:syllab="2"
                     ecep:pron="ˈprɒvɪns">province</w>
                  <c> </c>
                  <w xmlns:ecep="http://www.eighteenthcenturypoetry.org/ns"
                     xml:id="o5156-077380"
                     n="44-a-0290"
                     ecep:lem="to"
                     ecep:pos="pc-acp"
                     ecep:reg="to"
                     ecep:spe="to"
                     ecep:syllab="1"
                     ecep:pron="tuː">to</w>
                  <c> </c>
                  <w xmlns:ecep="http://www.eighteenthcenturypoetry.org/ns"
                     xml:id="o5156-077390"
                     n="44-a-0300"
                     ecep:lem="be"
                     ecep:pos="vbi"
                     ecep:reg="be"
                     ecep:spe="be"
                     ecep:syllab="1"
                     ecep:pron="biː">be</w>
                  <c> </c>
                  <w xmlns:ecep="http://www.eighteenthcenturypoetry.org/ns"
                     xml:id="o5156-077400"
                     n="44-a-0310"
                     ecep:lem="kind"
                     ecep:pos="j"
                     ecep:reg="kind"
                     ecep:spe="kind"
                     ecep:syllab="1"
                     ecep:pron="kaɪnd">kind</w>
                  <pc xmlns:ecep="http://www.eighteenthcenturypoetry.org/ns"
                      xml:id="o5156-077410"
                      n="44-a-0320"
                      unit="sentence"
                      ecep:lem="."
                      ecep:pos="."
                      ecep:reg="."
                      ecep:spe=".">.</pc>
               </l>
            </lg>
            <lg xml:id="o5156-s00805">
               <l xml:id="o5156-l04575">
                  <w xmlns:ecep="http://www.eighteenthcenturypoetry.org/ns"
                     xml:id="o5156-077440"
                     n="44-a-0330"
                     ecep:lem="then"
                     ecep:pos="av"
                     ecep:reg="Then"
                     ecep:spe="Then"
                     ecep:syllab="1"
                     ecep:pron="ðen">Then</w>
                  <c> </c>
                  <w xmlns:ecep="http://www.eighteenthcenturypoetry.org/ns"
                     xml:id="o5156-077450"
                     n="44-a-0340"
                     ecep:lem="smile"
                     ecep:pos="n1"
                     ecep:reg="smile"
                     ecep:spe="smile"
                     ecep:syllab="1"
                     ecep:pron="smaɪl">smile</w>
                  <pc xmlns:ecep="http://www.eighteenthcenturypoetry.org/ns"
                      xml:id="o5156-077460"
                      n="44-a-0350"
                      ecep:lem=","
                      ecep:pos=","
                      ecep:reg=","
                      ecep:spe=",">,</pc>
                  <c> </c>
                  <w xmlns:ecep="http://www.eighteenthcenturypoetry.org/ns"
                     xml:id="o5156-077470"
                     n="44-a-0360"
                     ecep:lem="my"
                     ecep:pos="po11"
                     ecep:reg="my"
                     ecep:spe="my"
                     ecep:syllab="1"
                     ecep:pron="maɪ">my</w>
                  <c> </c>
                  <w xmlns:ecep="http://www.eighteenthcenturypoetry.org/ns"
                     xml:id="o5156-077480"
                     n="44-a-0370"
                     ecep:lem="fair"
                     ecep:pos="j"
                     ecep:reg="fair"
                     ecep:spe="fair"
                     ecep:syllab="1"
                     ecep:pron="feə">fair</w>
                  <pc xmlns:ecep="http://www.eighteenthcenturypoetry.org/ns"
                      xml:id="o5156-077490"
                      n="44-a-0380"
                      ecep:lem=";"
                      ecep:pos=";"
                      ecep:reg=";"
                      ecep:spe=";">;</pc>
                  <c> </c>
                  <w xmlns:ecep="http://www.eighteenthcenturypoetry.org/ns"
                     xml:id="o5156-077500"
                     n="44-a-0390"
                     ecep:lem="and"
                     ecep:pos="cc"
                     ecep:reg="and"
                     ecep:spe="and"
                     ecep:syllab="1"
                     ecep:pron="ænd">and</w>
                  <c> </c>
                  <w xmlns:ecep="http://www.eighteenthcenturypoetry.org/ns"
                     xml:id="o5156-077510"
                     n="44-a-0400"
                     ecep:lem="all"
                     ecep:pos="d"
                     ecep:reg="all"
                     ecep:spe="all"
                     ecep:syllab="1"
                     ecep:pron="ɔːl">all</w>
                  <c> </c>
                  <w xmlns:ecep="http://www.eighteenthcenturypoetry.org/ns"
                     xml:id="o5156-077520"
                     n="44-a-0410"
                     ecep:lem="who"
                     ecep:pos="r-crq"
                     ecep:reg="whose"
                     ecep:spe="whose"
                     ecep:syllab="1"
                     ecep:pron="huːz">whose</w>
                  <c> </c>
                  <w xmlns:ecep="http://www.eighteenthcenturypoetry.org/ns"
                     xml:id="o5156-077530"
                     n="44-a-0420"
                     ecep:lem="aim"
                     ecep:pos="n1"
                     ecep:reg="aim"
                     ecep:spe="aim"
                     ecep:syllab="1"
                     ecep:pron="eɪm">aim</w>
               </l>
               <l xml:id="o5156-l04580">
                  <w xmlns:ecep="http://www.eighteenthcenturypoetry.org/ns"
                     xml:id="o5156-077540"
                     n="44-a-0430"
                     ecep:lem="aspire"
                     ecep:pos="vvz"
                     ecep:reg="Aspires"
                     ecep:spe="Aspires"
                     ecep:syllab="3"
                     ecep:pron="əˈspæəz">Aspires</w>
                  <c> </c>
                  <w xmlns:ecep="http://www.eighteenthcenturypoetry.org/ns"
                     xml:id="o5156-077550"
                     n="44-a-0440"
                     ecep:lem="to"
                     ecep:pos="pc-acp"
                     ecep:reg="to"
                     ecep:spe="to"
                     ecep:syllab="1"
                     ecep:pron="tuː">to</w>
                  <c> </c>
                  <w xmlns:ecep="http://www.eighteenthcenturypoetry.org/ns"
                     xml:id="o5156-077560"
                     n="44-a-0450"
                     ecep:lem="paint"
                     ecep:pos="vvi"
                     ecep:reg="paint"
                     ecep:spe="paint"
                     ecep:syllab="1"
                     ecep:pron="peɪnt">paint</w>
                  <c> </c>
                  <w xmlns:ecep="http://www.eighteenthcenturypoetry.org/ns"
                     xml:id="o5156-077570"
                     n="44-a-0460"
                     ecep:lem="the"
                     ecep:pos="dt"
                     ecep:reg="the"
                     ecep:spe="the"
                     ecep:syllab="1"
                     ecep:pron="ðiː">the</w>
                  <c> </c>
                  <w xmlns:ecep="http://www.eighteenthcenturypoetry.org/ns"
                     xml:id="o5156-077580"
                     n="44-a-0470"
                     ecep:lem="cyprian"
                     ecep:pos="jp"
                     ecep:reg="Cyprian"
                     ecep:spe="Cyprian"
                     ecep:syllab="3"
                     ecep:pron="ˈsɪpriən">Cyprian</w>
                  <c> </c>
                  <w xmlns:ecep="http://www.eighteenthcenturypoetry.org/ns"
                     xml:id="o5156-077590"
                     n="44-a-0480"
                     ecep:lem="dame"
                     ecep:pos="n1"
                     ecep:reg="dame"
                     ecep:spe="dame"
                     ecep:syllab="1"
                     ecep:pron="deɪm">dame</w>
                  <pc xmlns:ecep="http://www.eighteenthcenturypoetry.org/ns"
                      xml:id="o5156-077600"
                      n="44-a-0490"
                      ecep:lem=","
                      ecep:pos=","
                      ecep:reg=","
                      ecep:spe=",">,</pc>
               </l>
               <l xml:id="o5156-l04585">
                  <w xmlns:ecep="http://www.eighteenthcenturypoetry.org/ns"
                     xml:id="o5156-077610"
                     n="44-a-0500"
                     ecep:lem="or"
                     ecep:pos="cc"
                     ecep:reg="Or"
                     ecep:spe="Or"
                     ecep:syllab="1"
                     ecep:pron="ɔː">Or</w>
                  <c> </c>
                  <w xmlns:ecep="http://www.eighteenthcenturypoetry.org/ns"
                     xml:id="o5156-077620"
                     n="44-a-0510"
                     ecep:lem="bid"
                     ecep:pos="vvi"
                     ecep:reg="bid"
                     ecep:spe="bid"
                     ecep:syllab="1"
                     ecep:pron="bɪd">bid</w>
                  <c> </c>
                  <w xmlns:ecep="http://www.eighteenthcenturypoetry.org/ns"
                     xml:id="o5156-077630"
                     n="44-a-0520"
                     ecep:lem="she"
                     ecep:pos="pno31"
                     ecep:reg="her"
                     ecep:spe="her"
                     ecep:syllab="1"
                     ecep:pron="hɜː">her</w>
                  <c> </c>
                  <w xmlns:ecep="http://www.eighteenthcenturypoetry.org/ns"
                     xml:id="o5156-077640"
                     n="44-a-0530"
                     ecep:lem="breathe"
                     ecep:pos="vvi"
                     ecep:reg="breathe"
                     ecep:spe="breathe"
                     ecep:syllab="1"
                     ecep:pron="briːð">breathe</w>
                  <c> </c>
                  <w xmlns:ecep="http://www.eighteenthcenturypoetry.org/ns"
                     xml:id="o5156-077650"
                     n="44-a-0540"
                     ecep:lem="in"
                     ecep:pos="p-acp"
                     ecep:reg="in"
                     ecep:spe="in"
                     ecep:syllab="1"
                     ecep:pron="ɪn">in</w>
                  <c> </c>
                  <w xmlns:ecep="http://www.eighteenthcenturypoetry.org/ns"
                     xml:id="o5156-077660"
                     n="44-a-0550"
                     ecep:lem="live"
                     ecep:pos="j-vvg"
                     ecep:reg="living"
                     ecep:spe="living"
                     ecep:syllab="2"
                     ecep:pron="ˈlɪvɪŋ">living</w>
                  <c> </c>
                  <w xmlns:ecep="http://www.eighteenthcenturypoetry.org/ns"
                     xml:id="o5156-077670"
                     n="44-a-0560"
                     ecep:lem="stone"
                     ecep:pos="n1"
                     ecep:reg="stone"
                     ecep:spe="stone"
                     ecep:syllab="1"
                     ecep:pron="stəʊn">stone</w>
                  <pc xmlns:ecep="http://www.eighteenthcenturypoetry.org/ns"
                      xml:id="o5156-077680"
                      n="44-a-0570"
                      ecep:lem=","
                      ecep:pos=","
                      ecep:reg=","
                      ecep:spe=",">,</pc>
               </l>
               <l xml:id="o5156-l04590">
                  <w xmlns:ecep="http://www.eighteenthcenturypoetry.org/ns"
                     xml:id="o5156-077690"
                     n="44-a-0580"
                     ecep:lem="shall"
                     ecep:pos="vmb"
                     ecep:reg="Shall"
                     ecep:spe="Shall"
                     ecep:syllab="1"
                     ecep:pron="ʃæl">Shall</w>
                  <c> </c>
                  <w xmlns:ecep="http://www.eighteenthcenturypoetry.org/ns"
                     xml:id="o5156-077700"
                     n="44-a-0590"
                     ecep:lem="take"
                     ecep:pos="vvi"
                     ecep:reg="take"
                     ecep:spe="take"
                     ecep:syllab="1"
                     ecep:pron="teɪk">take</w>
                  <c> </c>
                  <w xmlns:ecep="http://www.eighteenthcenturypoetry.org/ns"
                     xml:id="o5156-077710"
                     n="44-a-0600"
                     ecep:lem="their"
                     ecep:pos="po32"
                     ecep:reg="their"
                     ecep:spe="their"
                     ecep:syllab="1"
                     ecep:pron="ðeə">their</w>
                  <c> </c>
                  <w xmlns:ecep="http://www.eighteenthcenturypoetry.org/ns"
                     xml:id="o5156-077720"
                     n="44-a-0610"
                     ecep:lem="form"
                     ecep:pos="n2"
                     ecep:reg="forms"
                     ecep:spe="forms"
                     ecep:syllab="1"
                     ecep:pron="fɔːmz">forms</w>
                  <c> </c>
                  <w xmlns:ecep="http://www.eighteenthcenturypoetry.org/ns"
                     xml:id="o5156-077730"
                     n="44-a-0620"
                     ecep:lem="from"
                     ecep:pos="p-acp"
                     ecep:reg="from"
                     ecep:spe="from"
                     ecep:syllab="1"
                     ecep:pron="frɒm">from</w>
                  <c> </c>
                  <w xmlns:ecep="http://www.eighteenthcenturypoetry.org/ns"
                     xml:id="o5156-077740"
                     n="44-a-0630"
                     ecep:lem="you"
                     ecep:pos="pn22"
                     ecep:reg="you"
                     ecep:spe="you"
                     ecep:syllab="1"
                     ecep:pron="juː">you</w>
                  <c> </c>
                  <w xmlns:ecep="http://www.eighteenthcenturypoetry.org/ns"
                     xml:id="o5156-077750"
                     n="44-a-0640"
                     ecep:lem="alone"
                     ecep:pos="av-j"
                     ecep:reg="alone"
                     ecep:spe="alone"
                     ecep:syllab="2"
                     ecep:pron="əˈləʊn">alone</w>
                  <pc xmlns:ecep="http://www.eighteenthcenturypoetry.org/ns"
                      xml:id="o5156-077760"
                      n="44-a-0650"
                      unit="sentence"
                      ecep:lem="."
                      ecep:pos="."
                      ecep:reg="."
                      ecep:spe=".">.</pc>
               </l>
            </lg>
         </div>
      </body>
   </text>
</TEI>
