<?xml version="1.0" encoding="UTF-8"?>
<div xmlns:ecep="http://www.eighteenthcenturypoetry.org/ns"
     xmlns="http://www.tei-c.org/ns/1.0"
     xmlns:tei="http://www.tei-c.org/ns/1.0"
     ana="#iamb #tetrameter #trimeter #quatrain #cross #occasional"
     corresp="#txt_BarbMa1685_w0090"
     decls="#semi-normalized"
     ecep:syllab="8.6.8.6"
     met="-+|-+|-+|-+/ -+|-+|-+/ -+|-+|-+|-+/ -+|-+|-+/"
     rendition="#lgvspace"
     rhyme="abab"
     subtype="eceptext"
     type="poem"
     xml:id="pba35-w0980">
   <link target="authors.xml#aut_BarbMa1685" type="author"/>
   <link target="11599" type="DMI"/>
   <head type="main">
      <w xml:id="pba35-260100"
         n="a-0010"
         ecep:lem="write"
         ecep:pos="vvn"
         ecep:reg="Written"
         ecep:spe="Written"
         ecep:syllab="2"
         ecep:pron="ˈrɪtn">Written</w>
      <c> </c>
      <w xml:id="pba35-260110"
         n="a-0020"
         ecep:lem="at"
         ecep:pos="p-acp"
         ecep:reg="at"
         ecep:spe="at"
         ecep:syllab="1"
         ecep:pron="æt">at</w>
      <c> </c>
      <w xml:id="pba35-260120"
         n="a-0030"
         ecep:lem="tunbridge-well"
         ecep:pos="n2"
         ecep:reg="Tunbridge-Wells"
         ecep:spe="Tunbridge-Wells"
         ecep:syllab="3"
         ecep:pron="ˈtʌnbrɪdʒˌwelz">Tunbridge-Wells</w>
      <pc xml:id="pba35-260130"
          n="a-0040"
          ecep:lem=","
          ecep:pos=","
          ecep:reg=","
          ecep:spe=",">,</pc>
      <c> </c>
      <w xml:id="pba35-260140"
         n="a-0050"
         ecep:lem="where"
         ecep:pos="c-crq"
         ecep:reg="where"
         ecep:spe="where"
         ecep:syllab="1"
         ecep:pron="weə">where</w>
      <c> </c>
      <w xml:id="pba35-260150"
         n="a-0060"
         ecep:lem="the"
         ecep:pos="dt"
         ecep:reg="the"
         ecep:spe="the"
         ecep:syllab="1"
         ecep:pron="ðiː">the</w>
      <c> </c>
      <w xml:id="pba35-260160"
         n="a-0070"
         ecep:lem="author"
         ecep:pos="n1"
         ecep:reg="Author"
         ecep:spe="Author"
         ecep:syllab="2"
         ecep:pron="ˈɔːθə">Author</w>
      <c> </c>
      <w xml:id="pba35-260170"
         n="a-0080"
         ecep:lem="have"
         ecep:pos="vhd"
         ecep:reg="had"
         ecep:spe="had"
         ecep:syllab="1"
         ecep:pron="hæd">had</w>
      <pc xml:id="pba35-260180"
          n="a-0090"
          ecep:lem=","
          ecep:pos=","
          ecep:reg=","
          ecep:spe=",">,</pc>
      <c> </c>
      <w xml:id="pba35-260190"
         n="a-0100"
         ecep:lem="the"
         ecep:pos="dt"
         ecep:reg="the"
         ecep:spe="the"
         ecep:syllab="1"
         ecep:pron="ðiː">the</w>
      <c> </c>
      <w xml:id="pba35-260200"
         n="a-0110"
         ecep:lem="year"
         ecep:pos="n1"
         ecep:reg="Year"
         ecep:spe="Year"
         ecep:syllab="1"
         ecep:pron="jɪə">Year</w>
      <c> </c>
      <w xml:id="pba35-260210"
         n="a-0120"
         ecep:lem="before"
         ecep:pos="a-acp"
         ecep:reg="before"
         ecep:spe="before"
         ecep:syllab="2"
         ecep:pron="bɪˈfɔː">before</w>
      <pc xml:id="pba35-260220"
          n="a-0130"
          ecep:lem=","
          ecep:pos=","
          ecep:reg=","
          ecep:spe=",">,</pc>
      <c> </c>
      <w xml:id="pba35-260230"
         n="a-0140"
         ecep:lem="be"
         ecep:pos="vbn"
         ecep:reg="been"
         ecep:spe="been"
         ecep:syllab="1"
         ecep:pron="biːn">been</w>
      <c> </c>
      <w xml:id="pba35-260240"
         n="a-0150"
         ecep:lem="honour"
         ecep:pos="vvn"
         ecep:reg="honoured"
         ecep:spe="honour'd"
         ecep:syllab="2"
         ecep:pron="ˈɒnəd">honour'd</w>
      <c> </c>
      <w xml:id="pba35-260250"
         n="a-0160"
         ecep:lem="with"
         ecep:pos="p-acp"
         ecep:reg="with"
         ecep:spe="with"
         ecep:syllab="1"
         ecep:pron="wɪð">with</w>
      <c> </c>
      <w xml:id="pba35-260260"
         n="a-0170"
         ecep:lem="the"
         ecep:pos="dt"
         ecep:reg="the"
         ecep:spe="the"
         ecep:syllab="1"
         ecep:pron="ðiː">the</w>
      <c> </c>
      <w xml:id="pba35-260270"
         n="a-0180"
         ecep:lem="acquaintance"
         ecep:pos="n1"
         ecep:reg="Acquaintance"
         ecep:spe="Acquaintance"
         ecep:syllab="3"
         ecep:pron="əˈkweɪntns">Acquaintance</w>
      <c> </c>
      <w xml:id="pba35-260280"
         n="a-0190"
         ecep:lem="of"
         ecep:pos="pp-f"
         ecep:reg="of"
         ecep:spe="of"
         ecep:syllab="1"
         ecep:pron="ɒv">of</w>
      <c> </c>
      <w xml:id="pba35-260290"
         n="a-0200"
         ecep:lem="mrs."
         ecep:pos="n1"
         ecep:reg="Mrs."
         ecep:spe="Mrs."
         ecep:syllab="2"
         ecep:pron="mɪsɪz">Mrs.</w>
      <c> </c>
      <w xml:id="pba35-260300"
         n="a-0210"
         ecep:lem="Strangeways"
         ecep:pos="np1"
         ecep:reg="Strangeways"
         ecep:spe="Strangeways"
         ecep:syllab="3"
         ecep:pron="ˈstreɪndʒweɪz">Strangeways</w>
      <c> </c>
      <w xml:id="pba35-260310"
         n="a-0220"
         ecep:lem="Horner"
         ecep:pos="np1"
         ecep:reg="Horner"
         ecep:spe="Horner"
         ecep:syllab="2"
         ecep:pron="ˈhɔːnə">Horner</w>
      <note place="bottom"
            n="[ed.]"
            resp="#AH"
            xml:id="app_BarbMa1685_w0090_n1">"Mrs. Strangeways Horner, probably the heiress of Thomas Strangeways of Melbury Park.
									She lived at Mells Park near Frome, Somerset. The family became Strangeways-Fox." 
									(Tucker [1992], 220)
								</note>
      <pc xml:id="pba35-260320"
          n="a-0230"
          ecep:lem=","
          ecep:pos=","
          ecep:reg=","
          ecep:spe=",">,</pc>
      <c> </c>
      <w xml:id="pba35-260330"
         n="a-0240"
         ecep:lem="who"
         ecep:pos="r-crq"
         ecep:reg="who"
         ecep:spe="who"
         ecep:syllab="1"
         ecep:pron="huː">who</w>
      <pc xml:id="pba35-260340"
          n="a-0250"
          ecep:lem=","
          ecep:pos=","
          ecep:reg=","
          ecep:spe=",">,</pc>
      <c> </c>
      <w xml:id="pba35-260350"
         n="a-0260"
         ecep:lem="after"
         ecep:pos="c-acp"
         ecep:reg="after"
         ecep:spe="after"
         ecep:syllab="2"
         ecep:pron="ˈɑːftə">after</w>
      <pc xml:id="pba35-260360"
          n="a-0270"
          ecep:lem=","
          ecep:pos=","
          ecep:reg=","
          ecep:spe=",">,</pc>
      <c> </c>
      <w xml:id="pba35-260370"
         n="a-0280"
         ecep:lem="go"
         ecep:pos="vvd"
         ecep:reg="went"
         ecep:spe="went"
         ecep:syllab="1"
         ecep:pron="went">went</w>
      <c> </c>
      <w xml:id="pba35-260380"
         n="a-0290"
         ecep:lem="abroad"
         ecep:pos="av"
         ecep:reg="abroad"
         ecep:spe="abroad"
         ecep:syllab="2"
         ecep:pron="əˈbrɔːd">abroad</w>
      <c> </c>
      <w xml:id="pba35-260390"
         n="a-0300"
         ecep:lem="on"
         ecep:pos="p-acp"
         ecep:reg="on"
         ecep:spe="on"
         ecep:syllab="1"
         ecep:pron="ɒn">on</w>
      <c> </c>
      <w xml:id="pba35-260400"
         n="a-0310"
         ecep:lem="account"
         ecep:pos="n1"
         ecep:reg="account"
         ecep:spe="account"
         ecep:syllab="2"
         ecep:pron="əˈkaʊnt">account</w>
      <c> </c>
      <w xml:id="pba35-260410"
         n="a-0320"
         ecep:lem="of"
         ecep:pos="pp-f"
         ecep:reg="of"
         ecep:spe="of"
         ecep:syllab="1"
         ecep:pron="ɒv">of</w>
      <c> </c>
      <w xml:id="pba35-260420"
         n="a-0330"
         ecep:lem="her"
         ecep:pos="po31"
         ecep:reg="her"
         ecep:spe="her"
         ecep:syllab="1"
         ecep:pron="hɜː">her</w>
      <c> </c>
      <w xml:id="pba35-260430"
         n="a-0340"
         ecep:lem="health"
         ecep:pos="n1"
         ecep:reg="Health"
         ecep:spe="Health"
         ecep:syllab="1"
         ecep:pron="helθ">Health</w>
      <pc xml:id="pba35-260440"
          n="a-0350"
          unit="sentence"
          ecep:lem="."
          ecep:pos="."
          ecep:reg="."
          ecep:spe=".">.</pc>
   </head>
   <lg xml:id="pba35-s01615">
      <l n="1" xml:id="pba35-l13240">
         <hi rendition="#sc">
            <w xml:id="pba35-260470"
               n="a-0360"
               ecep:lem="these"
               ecep:pos="d"
               ecep:reg="These"
               ecep:spe="These"
               ecep:syllab="1"
               ecep:pron="ðiːz">These</w>
         </hi>
         <c> </c>
         <w xml:id="pba35-260480"
            n="a-0370"
            ecep:lem="plain"
            ecep:pos="n2"
            ecep:reg="Plains"
            ecep:spe="Plains"
            ecep:syllab="1"
            ecep:pron="pleɪnz">Plains</w>
         <pc xml:id="pba35-260490"
             n="a-0380"
             ecep:lem=","
             ecep:pos=","
             ecep:reg=","
             ecep:spe=",">,</pc>
         <c> </c>
         <w xml:id="pba35-260500"
            n="a-0390"
            ecep:lem="so"
            ecep:pos="av"
            ecep:reg="so"
            ecep:spe="so"
            ecep:syllab="1"
            ecep:pron="səʊ">so</w>
         <c> </c>
         <w xml:id="pba35-260510"
            n="a-0400"
            ecep:lem="joyous"
            ecep:pos="j"
            ecep:reg="joyous"
            ecep:spe="joyous"
            ecep:syllab="2"
            ecep:pron="ˈdʒɔɪəs">joyous</w>
         <c> </c>
         <w xml:id="pba35-260520"
            n="a-0410"
            ecep:lem="once"
            ecep:pos="a-acp"
            ecep:reg="once"
            ecep:spe="once"
            ecep:syllab="1"
            ecep:pron="wʌns">once</w>
         <c> </c>
         <w xml:id="pba35-260530"
            n="a-0420"
            ecep:lem="to"
            ecep:pos="p-acp"
            ecep:reg="to"
            ecep:spe="to"
            ecep:syllab="1"
            ecep:pron="tuː">to</w>
         <c> </c>
         <w xml:id="pba35-260540"
            n="a-0430"
            ecep:lem="i"
            ecep:pos="pno11"
            ecep:reg="me"
            ecep:spe="me"
            ecep:syllab="1"
            ecep:pron="miː">me</w>
         <pc xml:id="pba35-260550"
             n="a-0440"
             ecep:lem=","
             ecep:pos=","
             ecep:reg=","
             ecep:spe=",">,</pc>
      </l>
      <l n="2" rendition="#h_3" xml:id="pba35-l13245">
         <c> </c>
         <w xml:id="pba35-260560"
            n="a-0450"
            ecep:lem="now"
            ecep:pos="av"
            ecep:reg="Now"
            ecep:spe="Now"
            ecep:syllab="1"
            ecep:pron="naʊ">Now</w>
         <c> </c>
         <w xml:id="pba35-260570"
            n="a-0460"
            ecep:lem="sad"
            ecep:pos="av-j"
            ecep:reg="sadly"
            ecep:spe="sadly"
            ecep:syllab="2"
            ecep:pron="sædli">sadly</w>
         <c> </c>
         <w xml:id="pba35-260580"
            n="a-0470"
            ecep:lem="change"
            ecep:pos="vvd"
            ecep:reg="changed"
            ecep:spe="chang'd"
            ecep:syllab="1"
            ecep:pron="tʃeɪndʒd">chang'd</w>
         <c> </c>
         <w xml:id="pba35-260590"
            n="a-0480"
            ecep:lem="appear"
            ecep:pos="vvi"
            ecep:reg="appear"
            ecep:spe="appear"
            ecep:syllab="2"
            ecep:pron="əˈpɪə">appear</w>
         <pc xml:id="pba35-260600"
             n="a-0490"
             ecep:lem=":"
             ecep:pos=":"
             ecep:reg=":"
             ecep:spe=":">:</pc>
      </l>
      <l n="3" xml:id="pba35-l13250">
         <c> </c>
         <hi>
            <w xml:id="pba35-260610"
               n="a-0500"
               ecep:lem="Hortensia"
               ecep:pos="np1"
               ecep:reg="Hortensia"
               ecep:spe="Hortensia"
               ecep:syllab="4"
               ecep:pron="hɔːˈtensɪə">Hortensia</w>
         </hi>
         <c> </c>
         <w xml:id="pba35-260620"
            n="a-0510"
            ecep:lem="i"
            ecep:pos="pns11"
            ecep:reg="I"
            ecep:spe="I"
            ecep:syllab="1"
            ecep:pron="aɪ">I</w>
         <c> </c>
         <w xml:id="pba35-260630"
            n="a-0520"
            ecep:lem="no"
            ecep:pos="av-dx"
            ecep:reg="no"
            ecep:spe="no"
            ecep:syllab="1"
            ecep:pron="nəʊ">no</w>
         <c> </c>
         <w xml:id="pba35-260640"
            n="a-0530"
            ecep:lem="more"
            ecep:pos="dc"
            ecep:reg="more"
            ecep:spe="more"
            ecep:syllab="1"
            ecep:pron="mɔː">more</w>
         <c> </c>
         <w xml:id="pba35-260650"
            n="a-0540"
            ecep:lem="can"
            ecep:pos="vmb"
            ecep:reg="can"
            ecep:spe="can"
            ecep:syllab="1"
            ecep:pron="kæn">can</w>
         <c> </c>
         <w xml:id="pba35-260660"
            n="a-0550"
            ecep:lem="see"
            ecep:pos="vvi"
            ecep:reg="see"
            ecep:spe="see"
            ecep:syllab="1"
            ecep:pron="siː">see</w>
         <pc xml:id="pba35-260670"
             n="a-0560"
             ecep:lem=","
             ecep:pos=","
             ecep:reg=","
             ecep:spe=",">,</pc>
      </l>
      <l n="4" rendition="#h_3" xml:id="pba35-l13255">
         <c> </c>
         <w xml:id="pba35-260680"
            n="a-0570"
            ecep:lem="who"
            ecep:pos="q-crq"
            ecep:reg="Who"
            ecep:spe="Who"
            ecep:syllab="1"
            ecep:pron="huː">Who</w>
         <c> </c>
         <w xml:id="pba35-260690"
            n="a-0580"
            ecep:lem="patronise"
            ecep:pos="vvd"
            ecep:reg="patronised"
            ecep:spe="patroniz'd"
            ecep:syllab="3"
            ecep:pron="ˈpætrnaɪzd">patroniz'd</w>
         <c> </c>
         <w xml:id="pba35-260700"
            n="a-0590"
            ecep:lem="i"
            ecep:pos="pno11"
            ecep:reg="me"
            ecep:spe="me"
            ecep:syllab="1"
            ecep:pron="miː">me</w>
         <c> </c>
         <w xml:id="pba35-260710"
            n="a-0600"
            ecep:lem="here"
            ecep:pos="av"
            ecep:reg="here"
            ecep:spe="here"
            ecep:syllab="1"
            ecep:pron="hɪə">here</w>
         <pc xml:id="pba35-260720"
             n="a-0610"
             unit="sentence"
             ecep:lem="."
             ecep:pos="."
             ecep:reg="."
             ecep:spe=".">.</pc>
         <c> </c>
      </l>
   </lg>
   <lg xml:id="pba35-s01620">
      <l n="5" xml:id="pba35-l13260">
         <w xml:id="pba35-260750"
            n="a-0620"
            ecep:lem="fair"
            ecep:pos="j"
            ecep:reg="Fair"
            ecep:spe="Fair"
            ecep:syllab="1"
            ecep:pron="feə">Fair</w>
         <c> </c>
         <w xml:id="pba35-260760"
            n="a-0630"
            ecep:lem="excellence"
            ecep:pos="n1"
            ecep:reg="Excellence"
            ecep:spe="Excellence"
            ecep:syllab="3"
            ecep:pron="ˈekslns">Excellence</w>
         <pc xml:id="pba35-260770"
             n="a-0640"
             ecep:lem=","
             ecep:pos=","
             ecep:reg=","
             ecep:spe=",">,</pc>
         <c> </c>
         <w xml:id="pba35-260780"
            n="a-0650"
            ecep:lem="wherever"
            ecep:pos="q-crq"
            ecep:reg="wherever"
            ecep:spe="where-e'er"
            ecep:syllab="2"
            ecep:pron="weəˌeə">where-e'er</w>
         <c> </c>
         <w xml:id="pba35-260790"
            n="a-0660"
            ecep:lem="you"
            ecep:pos="pn22"
            ecep:reg="you"
            ecep:spe="you"
            ecep:syllab="1"
            ecep:pron="juː">you</w>
         <c> </c>
         <w xml:id="pba35-260800"
            n="a-0670"
            ecep:lem="go"
            ecep:pos="vvb"
            ecep:reg="go"
            ecep:spe="go"
            ecep:syllab="1"
            ecep:pron="gəʊ">go</w>
         <pc xml:id="pba35-260810"
             n="a-0680"
             ecep:lem=","
             ecep:pos=","
             ecep:reg=","
             ecep:spe=",">,</pc>
      </l>
      <l n="6" rendition="#h_3" xml:id="pba35-l13265">
         <c> </c>
         <w xml:id="pba35-260820"
            n="a-0690"
            ecep:lem="may"
            ecep:pos="vmb"
            ecep:reg="May"
            ecep:spe="May"
            ecep:syllab="1"
            ecep:pron="meɪ">May</w>
         <c> </c>
         <w xml:id="pba35-260830"
            n="a-0700"
            ecep:lem="kindred"
            ecep:pos="n1"
            ecep:reg="Kindred"
            ecep:spe="Kindred"
            ecep:syllab="2"
            ecep:pron="ˈkɪndrəd">Kindred</w>
         <c> </c>
         <w xml:id="pba35-260840"
            n="a-0710"
            ecep:lem="angel"
            ecep:pos="n2"
            ecep:reg="Angels"
            ecep:spe="Angels"
            ecep:syllab="2"
            ecep:pron="ˈeɪndʒlz">Angels</w>
         <c> </c>
         <w xml:id="pba35-260850"
            n="a-0720"
            ecep:lem="wait"
            ecep:pos="vvi"
            ecep:reg="wait"
            ecep:spe="wait"
            ecep:syllab="1"
            ecep:pron="weɪt">wait</w>
         <pc xml:id="pba35-260860"
             n="a-0730"
             ecep:lem=","
             ecep:pos=","
             ecep:reg=","
             ecep:spe=",">,</pc>
      </l>
      <l n="7" xml:id="pba35-l13270">
         <c> </c>
         <w xml:id="pba35-260870"
            n="a-0740"
            ecep:lem="to"
            ecep:pos="pc-acp"
            ecep:reg="To"
            ecep:spe="To"
            ecep:syllab="1"
            ecep:pron="tuː">To</w>
         <c> </c>
         <w xml:id="pba35-260880"
            n="a-0750"
            ecep:lem="guard"
            ecep:pos="vvi"
            ecep:reg="guard"
            ecep:spe="guard"
            ecep:syllab="1"
            ecep:pron="gɑːd">guard</w>
         <c> </c>
         <w xml:id="pba35-260890"
            n="a-0760"
            ecep:lem="you"
            ecep:pos="pn22"
            ecep:reg="you"
            ecep:spe="you"
            ecep:syllab="1"
            ecep:pron="juː">you</w>
         <c> </c>
         <w xml:id="pba35-260900"
            n="a-0770"
            ecep:lem="through"
            ecep:pos="p-acp"
            ecep:reg="through"
            ecep:spe="thro'"
            ecep:syllab="1"
            ecep:pron="θruː">thro'</w>
         <c> </c>
         <w xml:id="pba35-260910"
            n="a-0780"
            ecep:lem="this"
            ecep:pos="d"
            ecep:reg="this"
            ecep:spe="this"
            ecep:syllab="1"
            ecep:pron="ðɪs">this</w>
         <c> </c>
         <w xml:id="pba35-260920"
            n="a-0790"
            ecep:lem="vale"
            ecep:pos="n1"
            ecep:reg="Vale"
            ecep:spe="Vale"
            ecep:syllab="1"
            ecep:pron="ˈvɑːleɪ">Vale</w>
         <c> </c>
         <w xml:id="pba35-260930"
            n="a-0800"
            ecep:lem="of"
            ecep:pos="pp-f"
            ecep:reg="of"
            ecep:spe="of"
            ecep:syllab="1"
            ecep:pron="ɒv">of</w>
         <c> </c>
         <w xml:id="pba35-260940"
            n="a-0810"
            ecep:lem="woe"
            ecep:pos="n1"
            ecep:reg="Woe"
            ecep:spe="Woe"
            ecep:syllab="1"
            ecep:pron="wəʊ">Woe</w>
         <pc xml:id="pba35-260950"
             n="a-0820"
             ecep:lem=","
             ecep:pos=","
             ecep:reg=","
             ecep:spe=",">,</pc>
      </l>
      <l n="8" rendition="#h_3" xml:id="pba35-l13275">
         <c> </c>
         <w xml:id="pba35-260960"
            n="a-0830"
            ecep:lem="to"
            ecep:pos="p-acp"
            ecep:reg="To"
            ecep:spe="To"
            ecep:syllab="1"
            ecep:pron="tuː">To</w>
         <c> </c>
         <w xml:id="pba35-260970"
            n="a-0840"
            ecep:lem="your"
            ecep:pos="po22"
            ecep:reg="your"
            ecep:spe="your"
            ecep:syllab="1"
            ecep:pron="jɔː">your</w>
         <c> </c>
         <w xml:id="pba35-260980"
            n="a-0850"
            ecep:lem="celestial"
            ecep:pos="j"
            ecep:reg="celestial"
            ecep:spe="celestial"
            ecep:syllab="3"
            ecep:pron="səˈlestiəl">celestial</w>
         <c> </c>
         <w xml:id="pba35-260990"
            n="a-0860"
            ecep:lem="seat"
            ecep:pos="n1"
            ecep:reg="Seat"
            ecep:spe="Seat"
            ecep:syllab="1"
            ecep:pron="siːt">Seat</w>
         <pc xml:id="pba35-261000"
             n="a-0870"
             unit="sentence"
             ecep:lem="."
             ecep:pos="."
             ecep:reg="."
             ecep:spe=".">.</pc>
         <c> </c>
      </l>
      <pb facs="pba35/0270" n="216" rend="none"/>
   </lg>
   <lg xml:id="pba35-s01625">
      <l n="9" xml:id="pba35-l13280">
         <w xml:id="pba35-261030"
            n="a-0010"
            ecep:lem="sage"
            ecep:pos="j-jn"
            ecep:reg="Sage"
            ecep:spe="Sage"
            ecep:syllab="1"
            ecep:pron="seɪdʒ">Sage</w>
         <c> </c>
         <hi rendition="#sc">
            <w xml:id="pba35-261040"
               n="a-0020"
               ecep:lem="boerhaave"
               ecep:pos="np1"
               ecep:reg="Boerhaave"
               ecep:spe="Boerhaave"
               ecep:syllab="2"
               ecep:pron="bˈəʊəhˌɑːv">Boerhaave</w>
            <pc xml:id="pba35-261050"
                n="a-0030"
                ecep:lem="!"
                ecep:pos="!"
                ecep:reg="!"
                ecep:spe="!">!</pc>
         </hi>
         <c> </c>
         <w xml:id="pba35-261060"
            n="a-0040"
            ecep:lem="now"
            ecep:pos="av"
            ecep:reg="now"
            ecep:spe="now"
            ecep:syllab="1"
            ecep:pron="naʊ">now</w>
         <c> </c>
         <w xml:id="pba35-261070"
            n="a-0050"
            ecep:lem="exert"
            ecep:pos="vvb"
            ecep:reg="exert"
            ecep:spe="exert"
            ecep:syllab="2"
            ecep:pron="ɪgˈzɜːt">exert</w>
         <c> </c>
         <w xml:id="pba35-261080"
            n="a-0060"
            ecep:lem="your"
            ecep:pos="po22"
            ecep:reg="your"
            ecep:spe="your"
            ecep:syllab="1"
            ecep:pron="jɔː">your</w>
         <c> </c>
         <w xml:id="pba35-261090"
            n="a-0070"
            ecep:lem="art"
            ecep:pos="n1"
            ecep:reg="Art"
            ecep:spe="Art"
            ecep:syllab="1"
            ecep:pron="ɑːt">Art</w>
         <pc xml:id="pba35-261100"
             n="a-0080"
             ecep:lem=","
             ecep:pos=","
             ecep:reg=","
             ecep:spe=",">,</pc>
      </l>
      <l n="10" rendition="#h_3" xml:id="pba35-l13285">
         <c> </c>
         <w xml:id="pba35-261110"
            n="a-0090"
            ecep:lem="new"
            ecep:pos="j"
            ecep:reg="New"
            ecep:spe="New"
            ecep:syllab="1"
            ecep:pron="njuː">New</w>
         <c> </c>
         <w xml:id="pba35-261120"
            n="a-0100"
            ecep:lem="medicine"
            ecep:pos="n2"
            ecep:reg="Medicines"
            ecep:spe="Medicines"
            ecep:syllab="3"
            ecep:pron="ˈmedsnz">Medicines</w>
         <c> </c>
         <w xml:id="pba35-261130"
            n="a-0110"
            ecep:lem="explore"
            ecep:pos="vvi"
            ecep:reg="explore"
            ecep:spe="explore"
            ecep:syllab="2"
            ecep:pron="ɪkˈsplɔː">explore</w>
         <pc xml:id="pba35-261140"
             n="a-0120"
             ecep:lem=":"
             ecep:pos=":"
             ecep:reg=":"
             ecep:spe=":">:</pc>
      </l>
      <l n="11" xml:id="pba35-l13290">
         <c> </c>
         <w xml:id="pba35-261150"
            n="a-0130"
            ecep:lem="a"
            ecep:pos="dt"
            ecep:reg="A"
            ecep:spe="A"
            ecep:syllab="1"
            ecep:pron="ə">A</w>
         <c> </c>
         <w xml:id="pba35-261160"
            n="a-0140"
            ecep:lem="pure"
            ecep:pos="jc"
            ecep:reg="purer"
            ecep:spe="purer"
            ecep:syllab="2"
            ecep:pron="pjʊəə">purer</w>
         <pc xml:id="pba35-261170"
             n="a-0150"
             ecep:lem=","
             ecep:pos=","
             ecep:reg=","
             ecep:spe=",">,</pc>
         <c> </c>
         <w xml:id="pba35-261180"
            n="a-0160"
            ecep:lem="or"
            ecep:pos="cc"
            ecep:reg="or"
            ecep:spe="or"
            ecep:syllab="1"
            ecep:pron="ɔː">or</w>
         <c> </c>
         <w xml:id="pba35-261190"
            n="a-0170"
            ecep:lem="a"
            ecep:pos="dt"
            ecep:reg="a"
            ecep:spe="a"
            ecep:syllab="1"
            ecep:pron="ə">a</w>
         <c> </c>
         <w xml:id="pba35-261200"
            n="a-0180"
            ecep:lem="noble"
            ecep:pos="jc"
            ecep:reg="nobler"
            ecep:spe="nobler"
            ecep:syllab="2"
            ecep:pron="ˈnəʊblə">nobler</w>
         <c> </c>
         <w xml:id="pba35-261210"
            n="a-0190"
            ecep:lem="heart"
            ecep:pos="n1"
            ecep:reg="Heart"
            ecep:spe="Heart"
            ecep:syllab="1"
            ecep:pron="hɑːt">Heart</w>
         <pc xml:id="pba35-261220"
             n="a-0200"
             ecep:lem=","
             ecep:pos=","
             ecep:reg=","
             ecep:spe=",">,</pc>
      </l>
      <l n="12" rendition="#h_3" xml:id="pba35-l13295">
         <c> </c>
         <w xml:id="pba35-261230"
            n="a-0210"
            ecep:lem="never"
            ecep:pos="av-x"
            ecep:reg="Never"
            ecep:spe="Ne'er"
            ecep:syllab="1"
            ecep:pron="neə">Ne'er</w>
         <c> </c>
         <w xml:id="pba35-261240"
            n="a-0220"
            ecep:lem="seek"
            ecep:pos="vvn"
            ecep:reg="sought"
            ecep:spe="sought"
            ecep:syllab="1"
            ecep:pron="sɔːt">sought</w>
         <c> </c>
         <w xml:id="pba35-261250"
            n="a-0230"
            ecep:lem="thy"
            ecep:pos="po21"
            ecep:reg="thy"
            ecep:spe="thy"
            ecep:syllab="1"
            ecep:pron="ðaɪ">thy</w>
         <c> </c>
         <w xml:id="pba35-261260"
            n="a-0240"
            ecep:lem="aid"
            ecep:pos="n1"
            ecep:reg="Aid"
            ecep:spe="Aid"
            ecep:syllab="1"
            ecep:pron="eɪd">Aid</w>
         <c> </c>
         <w xml:id="pba35-261270"
            n="a-0250"
            ecep:lem="before"
            ecep:pos="a-acp"
            ecep:reg="before"
            ecep:spe="before"
            ecep:syllab="2"
            ecep:pron="bɪˈfɔː">before</w>
         <pc xml:id="pba35-261280"
             n="a-0260"
             unit="sentence"
             ecep:lem="."
             ecep:pos="."
             ecep:reg="."
             ecep:spe=".">.</pc>
         <c> </c>
      </l>
   </lg>
   <lg xml:id="pba35-s01630">
      <l n="13" xml:id="pba35-l13300">
         <w xml:id="pba35-261310"
            n="a-0270"
            ecep:lem="your"
            ecep:pos="po22"
            ecep:reg="Your"
            ecep:spe="Your"
            ecep:syllab="1"
            ecep:pron="jɔː">Your</w>
         <c> </c>
         <w xml:id="pba35-261320"
            n="a-0280"
            ecep:lem="choice"
            ecep:pos="js"
            ecep:reg="choicest"
            ecep:spe="choicest"
            ecep:syllab="2"
            ecep:pron="tʃɔɪsɪst">choicest</w>
         <c> </c>
         <w xml:id="pba35-261330"
            n="a-0290"
            ecep:lem="spring"
            ecep:pos="n2"
            ecep:reg="Springs"
            ecep:spe="Springs"
            ecep:syllab="1"
            ecep:pron="sprɪŋz">Springs</w>
         <pc xml:id="pba35-261340"
             n="a-0300"
             ecep:lem=","
             ecep:pos=","
             ecep:reg=","
             ecep:spe=",">,</pc>
         <c> </c>
         <hi>
            <w xml:id="pba35-261350"
               n="a-0310"
               ecep:lem="Germania"
               ecep:pos="np1"
               ecep:reg="Germania"
               ecep:spe="Germania"
               ecep:syllab="4"
               ecep:pron="dʒɜːmˈeɪniə">Germania</w>
         </hi>
         <pc xml:id="pba35-261360"
             n="a-0320"
             ecep:lem=","
             ecep:pos=","
             ecep:reg=","
             ecep:spe=",">,</pc>
         <c> </c>
         <w xml:id="pba35-261370"
            n="a-0330"
            ecep:lem="give"
            ecep:pos="vvb"
            ecep:reg="give"
            ecep:spe="give"
            ecep:syllab="1"
            ecep:pron="gɪv">give</w>
         <pc xml:id="pba35-261380"
             n="a-0340"
             ecep:lem=":"
             ecep:pos=":"
             ecep:reg=":"
             ecep:spe=":">:</pc>
      </l>
      <l n="14" rendition="#h_3" xml:id="pba35-l13305">
         <c> </c>
         <w xml:id="pba35-261390"
            n="a-0350"
            ecep:lem="goddess"
            ecep:pos="n1"
            ecep:reg="Goddess"
            ecep:spe="Goddess"
            ecep:syllab="2"
            ecep:pron="ˈgɒdes">Goddess</w>
         <c> </c>
         <w xml:id="pba35-261400"
            n="a-0360"
            ecep:lem="of"
            ecep:pos="pp-f"
            ecep:reg="of"
            ecep:spe="of"
            ecep:syllab="1"
            ecep:pron="ɒv">of</w>
         <c> </c>
         <hi>
            <w xml:id="pba35-261410"
               n="a-0370"
               ecep:lem="health"
               ecep:pos="n1"
               ecep:reg="Health"
               ecep:spe="Health"
               ecep:syllab="1"
               ecep:pron="helθ">Health</w>
         </hi>
         <pc xml:id="pba35-261420"
             n="a-0380"
             ecep:lem=","
             ecep:pos=","
             ecep:reg=","
             ecep:spe=",">,</pc>
         <c> </c>
         <w xml:id="pba35-261430"
            n="a-0390"
            ecep:lem="attend"
            ecep:pos="vvb"
            ecep:reg="attend"
            ecep:spe="attend"
            ecep:syllab="2"
            ecep:pron="əˈtend">attend</w>
         <pc xml:id="pba35-261440"
             n="a-0400"
             ecep:lem=":"
             ecep:pos=":"
             ecep:reg=":"
             ecep:spe=":">:</pc>
      </l>
      <l n="15" xml:id="pba35-l13310">
         <c> </c>
         <w xml:id="pba35-261450"
            n="a-0410"
            ecep:lem="long"
            ecep:pos="av-j"
            ecep:reg="Long"
            ecep:spe="Long"
            ecep:syllab="1"
            ecep:pron="lɒŋ">Long</w>
         <pc xml:id="pba35-261460"
             n="a-0420"
             ecep:lem=","
             ecep:pos=","
             ecep:reg=","
             ecep:spe=",">,</pc>
         <c> </c>
         <w xml:id="pba35-261470"
            n="a-0430"
            ecep:lem="long"
            ecep:pos="j"
            ecep:reg="long"
            ecep:spe="long"
            ecep:syllab="1"
            ecep:pron="lɒŋ">long</w>
         <pc xml:id="pba35-261480"
             n="a-0440"
             ecep:lem=","
             ecep:pos=","
             ecep:reg=","
             ecep:spe=",">,</pc>
         <c> </c>
         <w xml:id="pba35-261490"
            n="a-0450"
            ecep:lem="and"
            ecep:pos="cc"
            ecep:reg="and"
            ecep:spe="and"
            ecep:syllab="1"
            ecep:pron="ænd">and</w>
         <c> </c>
         <w xml:id="pba35-261500"
            n="a-0460"
            ecep:lem="happy"
            ecep:pos="j"
            ecep:reg="happy"
            ecep:spe="happy"
            ecep:syllab="2"
            ecep:pron="ˈhæpi">happy</w>
         <c> </c>
         <w xml:id="pba35-261510"
            n="a-0470"
            ecep:lem="may"
            ecep:pos="vmb"
            ecep:reg="may"
            ecep:spe="may"
            ecep:syllab="1"
            ecep:pron="meɪ">may</w>
         <c> </c>
         <w xml:id="pba35-261520"
            n="a-0480"
            ecep:lem="she"
            ecep:pos="pns31"
            ecep:reg="she"
            ecep:spe="she"
            ecep:syllab="1"
            ecep:pron="ʃiː">she</w>
         <c> </c>
         <w xml:id="pba35-261530"
            n="a-0490"
            ecep:lem="live"
            ecep:pos="vvi"
            ecep:reg="live"
            ecep:spe="live"
            ecep:syllab="1"
            ecep:pron="lɪv">live</w>
         <pc xml:id="pba35-261540"
             n="a-0500"
             ecep:lem=","
             ecep:pos=","
             ecep:reg=","
             ecep:spe=",">,</pc>
      </l>
      <l n="16" rendition="#h_3" xml:id="pba35-l13315">
         <c> </c>
         <w xml:id="pba35-261550"
            n="a-0510"
            ecep:lem="the"
            ecep:pos="dt"
            ecep:reg="The"
            ecep:spe="The"
            ecep:syllab="1"
            ecep:pron="ðiː">The</w>
         <c> </c>
         <w xml:id="pba35-261560"
            n="a-0520"
            ecep:lem="lonely"
            ecep:pos="j"
            ecep:reg="lonely"
            ecep:spe="lonely"
            ecep:syllab="2"
            ecep:pron="ˈləʊnli">lonely</w>
         <c> </c>
         <w xml:id="pba35-261570"
            n="a-0530"
            ecep:lem="stranger"
            ecep:pos="ng1"
            ecep:reg="Stranger's"
            ecep:spe="Stranger's"
            ecep:syllab="2"
            ecep:pron="ˈstreɪndʒəz">Stranger's</w>
         <c> </c>
         <w xml:id="pba35-261580"
            n="a-0540"
            ecep:lem="friend"
            ecep:pos="n1"
            ecep:reg="Friend"
            ecep:spe="Friend"
            ecep:syllab="1"
            ecep:pron="frend">Friend</w>
         <pc xml:id="pba35-261590"
             n="a-0550"
             unit="sentence"
             ecep:lem="."
             ecep:pos="."
             ecep:reg="."
             ecep:spe=".">.</pc>
         <c> </c>
      </l>
   </lg>
</div>
