<?xml version="1.0" encoding="utf-8"?>
<!DOCTYPE div
  SYSTEM "about:legacy-compat">
<div xmlns:ecep="http://www.eighteenthcenturypoetry.org/ns"
     xmlns="http://www.tei-c.org/ns/1.0"
     xmlns:tei="http://www.tei-c.org/ns/1.0"
     ana="#iamb #tetrameter #pentameter #sestet #pair #ode"
     corresp="#txt_RobiMa1758_w0004"
     decls="#semi-normalized"
     ecep:syllab="8.8.8.8.10.10"
     met="-+|-+|-+|-+/ -+|-+|-+|-+/ -+|-+|-+|-+/ -+|-+|-+|-+/ -+|-+|-+|-+|-+/ -+|-+|-+|-+|-+/"
     rendition="#lgvspace"
     rhyme="aabbcc"
     subtype="eceptext"
     type="poem"
     xml:id="pro75-w0040">
   <link target="authors.xml#aut_RobiMa1758" type="author"/>
   <head type="main">
      <w xml:id="pro75-016800"
         n="a-0010"
         ecep:lem="a"
         ecep:pos="dt"
         ecep:reg="An"
         ecep:spe="An"
         ecep:syllab="1"
         ecep:pron="æn">An</w>
      <c> </c>
      <w xml:id="pro75-016810"
         n="a-0020"
         ecep:lem="ode"
         ecep:pos="n1"
         ecep:reg="ODE"
         ecep:spe="ODE"
         ecep:syllab="1"
         ecep:pron="əʊd">ODE</w>
      <c> </c>
      <w xml:id="pro75-016820"
         n="a-0030"
         ecep:lem="to"
         ecep:pos="p-acp"
         ecep:reg="to"
         ecep:spe="to"
         ecep:syllab="1"
         ecep:pron="tuː">to</w>
      <c> </c>
      <w xml:id="pro75-016830"
         n="a-0040"
         ecep:lem="wisdom"
         ecep:pos="n1"
         ecep:reg="WISDOM"
         ecep:spe="WISDOM"
         ecep:syllab="2"
         ecep:pron="ˈwɪzdəm">WISDOM</w>
      <pc xml:id="pro75-016840"
          n="a-0050"
          unit="sentence"
          ecep:lem="."
          ecep:pos="."
          ecep:reg="."
          ecep:spe=".">.</pc>
   </head>
   <lg xml:id="pro75-s00125">
      <head>
         <w xml:id="pro75-016880"
            n="a-0060"
            ecep:lem="i"
            ecep:pos="pns11"
            ecep:reg="I"
            ecep:spe="I"
            ecep:syllab="1"
            ecep:pron="aɪ">I</w>
      </head>
      <l n="1" rendition="#h_3" xml:id="pro75-l00965">
         <hi rendition="#sc">
            <w xml:id="pro75-016900"
               n="a-0070"
               ecep:lem="hail"
               ecep:pos="uh-v"
               ecep:reg="Hail"
               ecep:spe="Hail"
               ecep:syllab="1"
               ecep:pron="heɪl">Hail</w>
         </hi>
         <c> </c>
         <w xml:id="pro75-016910"
            n="a-0080"
            ecep:lem="wisdom"
            ecep:pos="n1"
            ecep:reg="wisdom"
            ecep:spe="wisdom"
            ecep:syllab="2"
            ecep:pron="ˈwɪzdəm">wisdom</w>
         <pc xml:id="pro75-016920"
             n="a-0090"
             ecep:lem=","
             ecep:pos=","
             ecep:reg=","
             ecep:spe=",">,</pc>
         <c> </c>
         <w xml:id="pro75-016930"
            n="a-0100"
            ecep:lem="goddess"
            ecep:pos="n1"
            ecep:reg="goddess"
            ecep:spe="goddess"
            ecep:syllab="2"
            ecep:pron="ˈgɒdɪs">goddess</w>
         <c> </c>
         <w xml:id="pro75-016940"
            n="a-0110"
            ecep:lem="of"
            ecep:pos="pp-f"
            ecep:reg="of"
            ecep:spe="of"
            ecep:syllab="1"
            ecep:pron="ɒv">of</w>
         <c> </c>
         <w xml:id="pro75-016950"
            n="a-0120"
            ecep:lem="each"
            ecep:pos="d"
            ecep:reg="each"
            ecep:spe="each"
            ecep:syllab="1"
            ecep:pron="iːtʃ">each</w>
         <c> </c>
         <w xml:id="pro75-016960"
            n="a-0130"
            ecep:lem="art"
            ecep:pos="n1"
            ecep:reg="art"
            ecep:spe="art"
            ecep:syllab="1"
            ecep:pron="ɑːt">art</w>
         <pc xml:id="pro75-016970"
             n="a-0140"
             ecep:lem=","
             ecep:pos=","
             ecep:reg=","
             ecep:spe=",">,</pc>
      </l>
      <l n="2" rendition="#h_3" xml:id="pro75-l00970">
         <w xml:id="pro75-016980"
            n="a-0150"
            ecep:lem="that"
            ecep:pos="cst"
            ecep:reg="That"
            ecep:spe="That"
            ecep:syllab="1"
            ecep:pron="ðæt">That</w>
         <c> </c>
         <w xml:id="pro75-016990"
            n="a-0160"
            ecep:lem="wake"
            ecep:pos="vvz"
            ecep:reg="wakes"
            ecep:spe="wakes"
            ecep:syllab="1"
            ecep:pron="weɪks">wakes</w>
         <c> </c>
         <w xml:id="pro75-017000"
            n="a-0170"
            ecep:lem="the"
            ecep:pos="dt"
            ecep:reg="the"
            ecep:spe="the"
            ecep:syllab="1"
            ecep:pron="ðə">the</w>
         <c> </c>
         <w xml:id="pro75-017010"
            n="a-0180"
            ecep:lem="soul"
            ecep:pos="n1"
            ecep:reg="soul"
            ecep:spe="soul"
            ecep:syllab="1"
            ecep:pron="səʊl">soul</w>
         <pc xml:id="pro75-017020"
             n="a-0190"
             ecep:lem=","
             ecep:pos=","
             ecep:reg=","
             ecep:spe=",">,</pc>
         <c> </c>
         <w xml:id="pro75-017030"
            n="a-0200"
            ecep:lem="and"
            ecep:pos="cc"
            ecep:reg="and"
            ecep:spe="and"
            ecep:syllab="1"
            ecep:pron="ænd">and</w>
         <c> </c>
         <w xml:id="pro75-017040"
            n="a-0210"
            ecep:lem="mend"
            ecep:pos="vvz"
            ecep:reg="mends"
            ecep:spe="mends"
            ecep:syllab="1"
            ecep:pron="mendz">mends</w>
         <c> </c>
         <w xml:id="pro75-017050"
            n="a-0220"
            ecep:lem="the"
            ecep:pos="dt"
            ecep:reg="the"
            ecep:spe="the"
            ecep:syllab="1"
            ecep:pron="ðə">the</w>
         <c> </c>
         <w xml:id="pro75-017060"
            n="a-0230"
            ecep:lem="heart"
            ecep:pos="n1"
            ecep:reg="heart"
            ecep:spe="heart"
            ecep:syllab="1"
            ecep:pron="hɑːt">heart</w>
         <pc xml:id="pro75-017070"
             n="a-0240"
             ecep:lem=","
             ecep:pos=","
             ecep:reg=","
             ecep:spe=",">,</pc>
      </l>
      <l n="3" rendition="#h_3" xml:id="pro75-l00975">
         <w xml:id="pro75-017080"
            n="a-0250"
            ecep:lem="superior"
            ecep:pos="j-jn"
            ecep:reg="Superior"
            ecep:spe="Superior"
            ecep:syllab="4"
            ecep:pron="suːˈpɪərɪə">Superior</w>
         <c> </c>
         <w xml:id="pro75-017090"
            n="a-0260"
            ecep:lem="joy"
            ecep:pos="n1"
            ecep:reg="joy"
            ecep:spe="joy"
            ecep:syllab="1"
            ecep:pron="dʒɔɪ">joy</w>
         <pc xml:id="pro75-017100"
             n="a-0270"
             ecep:lem=","
             ecep:pos=","
             ecep:reg=","
             ecep:spe=",">,</pc>
         <c> </c>
         <w xml:id="pro75-017110"
            n="a-0280"
            ecep:lem="who"
            ecep:pos="r-crq"
            ecep:reg="whose"
            ecep:spe="whose"
            ecep:syllab="1"
            ecep:pron="huːz">whose</w>
         <c> </c>
         <w xml:id="pro75-017120"
            n="a-0290"
            ecep:lem="influence"
            ecep:pos="n1"
            ecep:reg="influence"
            ecep:spe="influence"
            ecep:syllab="3"
            ecep:pron="ˈɪnflʊəns">influence</w>
         <c> </c>
         <w xml:id="pro75-017130"
            n="a-0300"
            ecep:lem="bright"
            ecep:pos="j"
            ecep:reg="bright"
            ecep:spe="bright"
            ecep:syllab="1"
            ecep:pron="braɪt">bright</w>
         <pc xml:id="pro75-017140"
             n="a-0310"
             ecep:lem=","
             ecep:pos=","
             ecep:reg=","
             ecep:spe=",">,</pc>
      </l>
      <l n="4" rendition="#h_3" xml:id="pro75-l00980">
         <w xml:id="pro75-017150"
            n="a-0320"
            ecep:lem="regales"
            ecep:pos="fw-la"
            ecep:reg="Regales"
            ecep:spe="Regales"
            ecep:syllab="3"
            ecep:pron="riˈgeɪlz">Regales</w>
         <c> </c>
         <w xml:id="pro75-017160"
            n="a-0330"
            ecep:lem="the"
            ecep:pos="dt"
            ecep:reg="the"
            ecep:spe="the"
            ecep:syllab="1"
            ecep:pron="ðə">the</w>
         <c> </c>
         <w xml:id="pro75-017170"
            n="a-0340"
            ecep:lem="sense"
            ecep:pos="n1"
            ecep:reg="sense"
            ecep:spe="sense"
            ecep:syllab="1"
            ecep:pron="sens">sense</w>
         <pc xml:id="pro75-017180"
             n="a-0350"
             ecep:lem=","
             ecep:pos=","
             ecep:reg=","
             ecep:spe=",">,</pc>
         <c> </c>
         <w xml:id="pro75-017190"
            n="a-0360"
            ecep:lem="and"
            ecep:pos="cc"
            ecep:reg="and"
            ecep:spe="and"
            ecep:syllab="1"
            ecep:pron="ænd">and</w>
         <c> </c>
         <w xml:id="pro75-017200"
            n="a-0370"
            ecep:lem="glad"
            ecep:pos="vvz"
            ecep:reg="glads"
            ecep:spe="glads"
            ecep:syllab="1"
            ecep:pron="glædz">glads</w>
         <c> </c>
         <w xml:id="pro75-017210"
            n="a-0380"
            ecep:lem="the"
            ecep:pos="dt"
            ecep:reg="the"
            ecep:spe="the"
            ecep:syllab="1"
            ecep:pron="ðə">the</w>
         <c> </c>
         <w xml:id="pro75-017220"
            n="a-0390"
            ecep:lem="sight"
            ecep:pos="n1"
            ecep:reg="sight"
            ecep:spe="sight"
            ecep:syllab="1"
            ecep:pron="saɪt">sight</w>
         <pc xml:id="pro75-017230"
             n="a-0400"
             ecep:lem=","
             ecep:pos=","
             ecep:reg=","
             ecep:spe=",">,</pc>
      </l>
      <l n="5" xml:id="pro75-l00985">
         <w xml:id="pro75-017240"
            n="a-0410"
            ecep:lem="thou"
            ecep:pos="pns21"
            ecep:reg="Thou"
            ecep:spe="Thou"
            ecep:syllab="1"
            ecep:pron="ðaʊ">Thou</w>
         <c> </c>
         <w xml:id="pro75-017250"
            n="a-0420"
            ecep:lem="source"
            ecep:pos="n1"
            ecep:reg="source"
            ecep:spe="source"
            ecep:syllab="1"
            ecep:pron="sɔːs">source</w>
         <c> </c>
         <w xml:id="pro75-017260"
            n="a-0430"
            ecep:lem="of"
            ecep:pos="pp-f"
            ecep:reg="of"
            ecep:spe="of"
            ecep:syllab="1"
            ecep:pron="ɒv">of</w>
         <c> </c>
         <w xml:id="pro75-017270"
            n="a-0440"
            ecep:lem="every"
            ecep:pos="d"
            ecep:reg="every"
            ecep:spe="every"
            ecep:syllab="3"
            ecep:pron="ˈevrɪ">every</w>
         <c> </c>
         <w xml:id="pro75-017280"
            n="a-0450"
            ecep:lem="bliss"
            ecep:pos="n1"
            ecep:reg="bliss"
            ecep:spe="bliss"
            ecep:syllab="1"
            ecep:pron="blɪs">bliss</w>
         <c> </c>
         <w xml:id="pro75-017290"
            n="a-0460"
            ecep:lem="on"
            ecep:pos="p-acp"
            ecep:reg="on"
            ecep:spe="on"
            ecep:syllab="1"
            ecep:pron="ɒn">on</w>
         <c> </c>
         <w xml:id="pro75-017300"
            n="a-0470"
            ecep:lem="earth"
            ecep:pos="n1"
            ecep:reg="earth"
            ecep:spe="earth"
            ecep:syllab="1"
            ecep:pron="ɜːθ">earth</w>
         <c> </c>
         <w xml:id="pro75-017310"
            n="a-0480"
            ecep:lem="combine"
            ecep:pos="vvn"
            ecep:reg="combined"
            ecep:spe="combin'd"
            ecep:syllab="2"
            ecep:pron="kəmˈbaɪnd">combin'd</w>
         <pc xml:id="pro75-017320"
             n="a-0490"
             ecep:lem=","
             ecep:pos=","
             ecep:reg=","
             ecep:spe=",">,</pc>
      </l>
      <l n="6" xml:id="pro75-l00990">
         <w xml:id="pro75-017330"
            n="a-0500"
            ecep:lem="absolve"
            ecep:pos="vvb"
            ecep:reg="Absolve"
            ecep:spe="Absolve"
            ecep:syllab="2"
            ecep:pron="əbˈzɒlv">Absolve</w>
         <c> </c>
         <w xml:id="pro75-017340"
            n="a-0510"
            ecep:lem="my"
            ecep:pos="po11"
            ecep:reg="my"
            ecep:spe="my"
            ecep:syllab="1"
            ecep:pron="maɪ">my</w>
         <c> </c>
         <w xml:id="pro75-017350"
            n="a-0520"
            ecep:lem="frailty"
            ecep:pos="n2"
            ecep:reg="frailties"
            ecep:spe="frailties"
            ecep:syllab="2"
            ecep:pron="ˈfreɪltɪz">frailties</w>
         <pc xml:id="pro75-017360"
             n="a-0530"
             ecep:lem=","
             ecep:pos=","
             ecep:reg=","
             ecep:spe=",">,</pc>
         <c> </c>
         <w xml:id="pro75-017370"
            n="a-0540"
            ecep:lem="and"
            ecep:pos="cc"
            ecep:reg="and"
            ecep:spe="and"
            ecep:syllab="1"
            ecep:pron="ænd">and</w>
         <c> </c>
         <w xml:id="pro75-017380"
            n="a-0550"
            ecep:lem="enlarge"
            ecep:pos="vvi"
            ecep:reg="enlarge"
            ecep:spe="enlarge"
            ecep:syllab="2"
            ecep:pron="ɪnˈlɑːdʒ">enlarge</w>
         <c> </c>
         <w xml:id="pro75-017390"
            n="a-0560"
            ecep:lem="my"
            ecep:pos="po11"
            ecep:reg="my"
            ecep:spe="my"
            ecep:syllab="1"
            ecep:pron="maɪ">my</w>
         <c> </c>
         <w xml:id="pro75-017400"
            n="a-0570"
            ecep:lem="mind"
            ecep:pos="n1"
            ecep:reg="mind"
            ecep:spe="mind"
            ecep:syllab="1"
            ecep:pron="maɪnd">mind</w>
         <pc xml:id="pro75-017410"
             n="a-0580"
             unit="sentence"
             ecep:lem="."
             ecep:pos="."
             ecep:reg="."
             ecep:spe=".">.</pc>
      </l>
   </lg>
   <lg xml:id="pro75-s00130">
      <head>
         <w xml:id="pro75-017450"
            n="a-0590"
            ecep:lem="ii"
            ecep:pos="crd"
            ecep:reg="II"
            ecep:spe="II"
            ecep:syllab="1"
            ecep:pron="rˌəʊməntˈuː">II</w>
      </head>
      <l n="7" rendition="#h_3" xml:id="pro75-l00995">
         <w xml:id="pro75-017470"
            n="a-0600"
            ecep:lem="beneath"
            ecep:pos="p-acp"
            ecep:reg="Beneath"
            ecep:spe="Beneath"
            ecep:syllab="2"
            ecep:pron="bɪˈniːθ">Beneath</w>
         <c> </c>
         <w xml:id="pro75-017480"
            n="a-0610"
            ecep:lem="thy"
            ecep:pos="po21"
            ecep:reg="thy"
            ecep:spe="thy"
            ecep:syllab="1"
            ecep:pron="ðaɪ">thy</w>
         <c> </c>
         <w xml:id="pro75-017490"
            n="a-0620"
            ecep:lem="penetrate"
            ecep:pos="j-vvg"
            ecep:reg="penetrating"
            ecep:spe="penetrating"
            ecep:syllab="4"
            ecep:pron="ˈpenɪˌtreɪtɪŋ">penetrating</w>
         <c> </c>
         <w xml:id="pro75-017500"
            n="a-0630"
            ecep:lem="eye"
            ecep:pos="n1"
            ecep:reg="eye"
            ecep:spe="eye"
            ecep:syllab="1"
            ecep:pron="aɪ">eye</w>
         <pc xml:id="pro75-017510"
             n="a-0640"
             ecep:lem=","
             ecep:pos=","
             ecep:reg=","
             ecep:spe=",">,</pc>
      </l>
      <l n="8" rendition="#h_3" xml:id="pro75-l01000">
         <w xml:id="pro75-017520"
            n="a-0650"
            ecep:lem="folly"
            ecep:pos="ng1"
            ecep:reg="Folly's"
            ecep:spe="Folly's"
            ecep:syllab="2"
            ecep:pron="ˈfɒlɪz">Folly's</w>
         <c> </c>
         <w xml:id="pro75-017530"
            n="a-0660"
            ecep:lem="delusive"
            ecep:pos="j"
            ecep:reg="delusive"
            ecep:spe="delusive"
            ecep:syllab="3"
            ecep:pron="dɪˈluːsɪv">delusive</w>
         <c> </c>
         <w xml:id="pro75-017540"
            n="a-0670"
            ecep:lem="shadow"
            ecep:pos="n2"
            ecep:reg="shadows"
            ecep:spe="shadows"
            ecep:syllab="2"
            ecep:pron="ˈʃædəʊz">shadows</w>
         <c> </c>
         <w xml:id="pro75-017550"
            n="a-0680"
            ecep:lem="fly"
            ecep:pos="vvi"
            ecep:reg="fly"
            ecep:spe="fly"
            ecep:syllab="1"
            ecep:pron="flaɪ">fly</w>
         <pc xml:id="pro75-017560"
             n="a-0690"
             ecep:lem=","
             ecep:pos=","
             ecep:reg=","
             ecep:spe=",">,</pc>
      </l>
      <pb n="22" rend="none"/>
      <l n="9" rendition="#h_3" xml:id="pro75-l01005">
         <w xml:id="pro75-017570"
            n="a-0010"
            ecep:lem="far"
            ecep:pos="av-j"
            ecep:reg="Far"
            ecep:spe="Far"
            ecep:syllab="1"
            ecep:pron="fɑː">Far</w>
         <c> </c>
         <w xml:id="pro75-017580"
            n="a-0020"
            ecep:lem="from"
            ecep:pos="p-acp"
            ecep:reg="from"
            ecep:spe="from"
            ecep:syllab="1"
            ecep:pron="frɒm">from</w>
         <c> </c>
         <w xml:id="pro75-017590"
            n="a-0030"
            ecep:lem="thy"
            ecep:pos="po21"
            ecep:reg="thy"
            ecep:spe="thy"
            ecep:syllab="1"
            ecep:pron="ðaɪ">thy</w>
         <c> </c>
         <w xml:id="pro75-017600"
            n="a-0040"
            ecep:lem="temple"
            ecep:pos="n1"
            ecep:reg="temple"
            ecep:spe="temple"
            ecep:syllab="2"
            ecep:pron="ˈtempl">temple</w>
         <c> </c>
         <w xml:id="pro75-017610"
            n="a-0050"
            ecep:lem="vain"
            ecep:pos="j"
            ecep:reg="vain"
            ecep:spe="vain"
            ecep:syllab="1"
            ecep:pron="veɪn">vain</w>
         <c> </c>
         <w xml:id="pro75-017620"
            n="a-0060"
            ecep:lem="desire"
            ecep:pos="n2"
            ecep:reg="desires"
            ecep:spe="desires"
            ecep:syllab="3"
            ecep:pron="diˈzaɪəz">desires</w>
         <pc xml:id="pro75-017630"
             n="a-0070"
             ecep:lem=","
             ecep:pos=","
             ecep:reg=","
             ecep:spe=",">,</pc>
      </l>
      <l n="10" rendition="#h_3" xml:id="pro75-l01010">
         <w xml:id="pro75-017640"
            n="a-0080"
            ecep:lem="with"
            ecep:pos="p-acp"
            ecep:reg="With"
            ecep:spe="With"
            ecep:syllab="1"
            ecep:pron="wɪð">With</w>
         <c> </c>
         <w xml:id="pro75-017650"
            n="a-0090"
            ecep:lem="pride"
            ecep:pos="ng1"
            ecep:reg="pride's"
            ecep:spe="pride's"
            ecep:syllab="2"
            ecep:pron="praɪdz">pride's</w>
         <c> </c>
         <w xml:id="pro75-017660"
            n="a-0100"
            ecep:lem="destructive"
            ecep:pos="j"
            ecep:reg="destructive"
            ecep:spe="destructive"
            ecep:syllab="3"
            ecep:pron="dɪˈstrʌktɪv">destructive</w>
         <c> </c>
         <w xml:id="pro75-017670"
            n="a-0110"
            ecep:lem="train"
            ecep:pos="n1"
            ecep:reg="train"
            ecep:spe="train"
            ecep:syllab="1"
            ecep:pron="treɪn">train</w>
         <c> </c>
         <w xml:id="pro75-017680"
            n="a-0120"
            ecep:lem="retire"
            ecep:pos="vvz"
            ecep:reg="retires"
            ecep:spe="retires"
            ecep:syllab="2"
            ecep:pron="riˈtaɪəz">retires</w>
         <pc xml:id="pro75-017690"
             n="a-0130"
             ecep:lem=","
             ecep:pos=","
             ecep:reg=","
             ecep:spe=",">,</pc>
      </l>
      <l n="11" xml:id="pro75-l01015">
         <w xml:id="pro75-017700"
            n="a-0140"
            ecep:lem="for"
            ecep:pos="p-acp"
            ecep:reg="For"
            ecep:spe="For"
            ecep:syllab="1"
            ecep:pron="fɔː">For</w>
         <c> </c>
         <w xml:id="pro75-017710"
            n="a-0150"
            ecep:lem="virtue"
            ecep:pos="n1"
            ecep:reg="virtue"
            ecep:spe="virtue"
            ecep:syllab="2"
            ecep:pron="ˈvɜːtjuː">virtue</w>
         <c> </c>
         <w xml:id="pro75-017720"
            n="a-0160"
            ecep:lem="there"
            ecep:pos="a-acp"
            ecep:reg="there"
            ecep:spe="there"
            ecep:syllab="1"
            ecep:pron="ðeə">there</w>
         <c> </c>
         <w xml:id="pro75-017730"
            n="a-0170"
            ecep:lem="alone"
            ecep:pos="av-j"
            ecep:reg="alone"
            ecep:spe="alone"
            ecep:syllab="2"
            ecep:pron="əˈləʊn">alone</w>
         <c> </c>
         <w xml:id="pro75-017740"
            n="a-0180"
            ecep:lem="can"
            ecep:pos="vmb"
            ecep:reg="can"
            ecep:spe="can"
            ecep:syllab="1"
            ecep:pron="kæn">can</w>
         <c> </c>
         <w xml:id="pro75-017750"
            n="a-0190"
            ecep:lem="reign"
            ecep:pos="vvi"
            ecep:reg="reign"
            ecep:spe="reign"
            ecep:syllab="1"
            ecep:pron="reɪn">reign</w>
         <c> </c>
         <w xml:id="pro75-017760"
            n="a-0200"
            ecep:lem="secure"
            ecep:pos="j"
            ecep:reg="secure"
            ecep:spe="secure"
            ecep:syllab="2"
            ecep:pron="sɪˈkjʊə">secure</w>
         <pc xml:id="pro75-017770"
             n="a-0210"
             ecep:lem=","
             ecep:pos=","
             ecep:reg=","
             ecep:spe=",">,</pc>
      </l>
      <l n="12" xml:id="pro75-l01020">
         <w xml:id="pro75-017780"
            n="a-0220"
            ecep:lem="protect"
            ecep:pos="vvn"
            ecep:reg="Protected"
            ecep:spe="Protected"
            ecep:syllab="3"
            ecep:pron="prəˈtektɪd">Protected</w>
         <c> </c>
         <w xml:id="pro75-017790"
            n="a-0230"
            ecep:lem="by"
            ecep:pos="p-acp"
            ecep:reg="by"
            ecep:spe="by"
            ecep:syllab="1"
            ecep:pron="baɪ">by</w>
         <c> </c>
         <w xml:id="pro75-017800"
            n="a-0240"
            ecep:lem="thy"
            ecep:pos="po21"
            ecep:reg="thy"
            ecep:spe="thy"
            ecep:syllab="1"
            ecep:pron="ðaɪ">thy</w>
         <c> </c>
         <w xml:id="pro75-017810"
            n="a-0250"
            ecep:lem="precept"
            ecep:pos="n2"
            ecep:reg="precepts"
            ecep:spe="precepts"
            ecep:syllab="2"
            ecep:pron="ˈpriːsepts">precepts</w>
         <c> </c>
         <w xml:id="pro75-017820"
            n="a-0260"
            ecep:lem="wise"
            ecep:pos="j"
            ecep:reg="wise"
            ecep:spe="wise"
            ecep:syllab="1"
            ecep:pron="waɪz">wise</w>
         <pc xml:id="pro75-017830"
             n="a-0270"
             ecep:lem=","
             ecep:pos=","
             ecep:reg=","
             ecep:spe=",">,</pc>
         <c> </c>
         <w xml:id="pro75-017840"
            n="a-0280"
            ecep:lem="and"
            ecep:pos="cc"
            ecep:reg="and"
            ecep:spe="and"
            ecep:syllab="1"
            ecep:pron="ænd">and</w>
         <c> </c>
         <w xml:id="pro75-017850"
            n="a-0290"
            ecep:lem="pure"
            ecep:pos="j"
            ecep:reg="pure"
            ecep:spe="pure"
            ecep:syllab="1"
            ecep:pron="pjʊə">pure</w>
         <pc xml:id="pro75-017860"
             n="a-0300"
             unit="sentence"
             ecep:lem="."
             ecep:pos="."
             ecep:reg="."
             ecep:spe=".">.</pc>
      </l>
   </lg>
   <lg xml:id="pro75-s00135">
      <head>
         <w xml:id="pro75-017900"
            n="a-0310"
            ecep:lem="iii"
            ecep:pos="crd"
            ecep:reg="III"
            ecep:spe="III"
            ecep:syllab="1"
            ecep:pron="rˌəʊmənθrˈiː">III</w>
      </head>
      <l n="13" rendition="#h_3" xml:id="pro75-l01025">
         <w xml:id="pro75-017920"
            n="a-0320"
            ecep:lem="to"
            ecep:pos="p-acp"
            ecep:reg="To"
            ecep:spe="To"
            ecep:syllab="1"
            ecep:pron="tuː">To</w>
         <c> </c>
         <w xml:id="pro75-017930"
            n="a-0330"
            ecep:lem="thou"
            ecep:pos="pno21"
            ecep:reg="thee"
            ecep:spe="thee"
            ecep:syllab="1"
            ecep:pron="ðiː">thee</w>
         <pc xml:id="pro75-017940"
             n="a-0340"
             ecep:lem=","
             ecep:pos=","
             ecep:reg=","
             ecep:spe=",">,</pc>
         <c> </c>
         <w xml:id="pro75-017950"
            n="a-0350"
            ecep:lem="the"
            ecep:pos="dt"
            ecep:reg="the"
            ecep:spe="the"
            ecep:syllab="1"
            ecep:pron="ðə">the</w>
         <c> </c>
         <w xml:id="pro75-017960"
            n="a-0360"
            ecep:lem="suppliant"
            ecep:pos="j-jn"
            ecep:reg="suppliant"
            ecep:spe="suppliant"
            ecep:syllab="3"
            ecep:pron="ˈsʌplɪənt">suppliant</w>
         <c> </c>
         <w xml:id="pro75-017970"
            n="a-0370"
            ecep:lem="knee"
            ecep:pos="n1"
            ecep:reg="knee"
            ecep:spe="knee"
            ecep:syllab="1"
            ecep:pron="niː">knee</w>
         <c> </c>
         <w xml:id="pro75-017980"
            n="a-0380"
            ecep:lem="i"
            ecep:pos="pns11"
            ecep:reg="I"
            ecep:spe="I"
            ecep:syllab="1"
            ecep:pron="aɪ">I</w>
         <c> </c>
         <w xml:id="pro75-017990"
            n="a-0390"
            ecep:lem="bend"
            ecep:pos="vvb"
            ecep:reg="bend"
            ecep:spe="bend"
            ecep:syllab="1"
            ecep:pron="bend">bend</w>
         <pc xml:id="pro75-018000"
             n="a-0400"
             ecep:lem=","
             ecep:pos=","
             ecep:reg=","
             ecep:spe=",">,</pc>
      </l>
      <l n="14" rendition="#h_3" xml:id="pro75-l01030">
         <w xml:id="pro75-018010"
            n="a-0410"
            ecep:lem="Minerva"
            ecep:pos="np1"
            ecep:reg="Minerva"
            ecep:spe="Minerva"
            ecep:syllab="3"
            ecep:pron="mɪˈnɜːvə">Minerva</w>
         <c> </c>
         <w xml:id="pro75-018020"
            n="a-0420"
            ecep:lem="to"
            ecep:pos="p-acp"
            ecep:reg="to"
            ecep:spe="to"
            ecep:syllab="1"
            ecep:pron="tuː">to</w>
         <c> </c>
         <w xml:id="pro75-018030"
            n="a-0430"
            ecep:lem="my"
            ecep:pos="po11"
            ecep:reg="my"
            ecep:spe="my"
            ecep:syllab="1"
            ecep:pron="maɪ">my</w>
         <c> </c>
         <w xml:id="pro75-018040"
            n="a-0440"
            ecep:lem="prayer"
            ecep:pos="n1"
            ecep:reg="prayer"
            ecep:spe="pray'r"
            ecep:syllab="1"
            ecep:pron="preə">pray'r</w>
         <c> </c>
         <w xml:id="pro75-018050"
            n="a-0450"
            ecep:lem="attend"
            ecep:pos="vvi"
            ecep:reg="attend"
            ecep:spe="attend"
            ecep:syllab="2"
            ecep:pron="əˈtend">attend</w>
         <pc xml:id="pro75-018060"
             n="a-0460"
             ecep:lem=","
             ecep:pos=","
             ecep:reg=","
             ecep:spe=",">,</pc>
      </l>
      <l n="15" rendition="#h_3" xml:id="pro75-l01035">
         <w xml:id="pro75-018070"
            n="a-0470"
            ecep:lem="with"
            ecep:pos="p-acp"
            ecep:reg="With"
            ecep:spe="With"
            ecep:syllab="1"
            ecep:pron="wɪð">With</w>
         <c> </c>
         <w xml:id="pro75-018080"
            n="a-0480"
            ecep:lem="parent"
            ecep:pos="n1"
            ecep:reg="parent"
            ecep:spe="parent"
            ecep:syllab="2"
            ecep:pron="ˈpeərənt">parent</w>
         <c> </c>
         <w xml:id="pro75-018090"
            n="a-0490"
            ecep:lem="fondness"
            ecep:pos="n1"
            ecep:reg="fondness"
            ecep:spe="fondness"
            ecep:syllab="2"
            ecep:pron="ˈfɒndnɪs">fondness</w>
         <c> </c>
         <w xml:id="pro75-018100"
            n="a-0500"
            ecep:lem="teach"
            ecep:pos="vvi"
            ecep:reg="teach"
            ecep:spe="teach"
            ecep:syllab="1"
            ecep:pron="tiːtʃ">teach</w>
         <c> </c>
         <w xml:id="pro75-018110"
            n="a-0510"
            ecep:lem="my"
            ecep:pos="po11"
            ecep:reg="my"
            ecep:spe="my"
            ecep:syllab="1"
            ecep:pron="maɪ">my</w>
         <c> </c>
         <w xml:id="pro75-018120"
            n="a-0520"
            ecep:lem="soul"
            ecep:pos="n1"
            ecep:reg="soul"
            ecep:spe="soul"
            ecep:syllab="1"
            ecep:pron="səʊl">soul</w>
         <pc xml:id="pro75-018130"
             n="a-0530"
             ecep:lem=","
             ecep:pos=","
             ecep:reg=","
             ecep:spe=",">,</pc>
      </l>
      <l n="16" rendition="#h_3" xml:id="pro75-l01040">
         <w xml:id="pro75-018140"
            n="a-0540"
            ecep:lem="each"
            ecep:pos="d"
            ecep:reg="Each"
            ecep:spe="Each"
            ecep:syllab="1"
            ecep:pron="iːtʃ">Each</w>
         <c> </c>
         <w xml:id="pro75-018150"
            n="a-0550"
            ecep:lem="idle"
            ecep:pos="j"
            ecep:reg="idle"
            ecep:spe="idle"
            ecep:syllab="2"
            ecep:pron="ˈaɪdl">idle</w>
         <c> </c>
         <w xml:id="pro75-018160"
            n="a-0560"
            ecep:lem="passion"
            ecep:pos="n1"
            ecep:reg="passion"
            ecep:spe="passion"
            ecep:syllab="2"
            ecep:pron="ˈpæʃən">passion</w>
         <c> </c>
         <w xml:id="pro75-018170"
            n="a-0570"
            ecep:lem="to"
            ecep:pos="pc-acp"
            ecep:reg="to"
            ecep:spe="to"
            ecep:syllab="1"
            ecep:pron="tuː">to</w>
         <c> </c>
         <w xml:id="pro75-018180"
            n="a-0580"
            ecep:lem="control"
            ecep:pos="vvi"
            ecep:reg="control"
            ecep:spe="controul"
            ecep:syllab="2"
            ecep:pron="kənˈtrəʊl">controul</w>
         <pc xml:id="pro75-018190"
             n="a-0590"
             ecep:lem=","
             ecep:pos=","
             ecep:reg=","
             ecep:spe=",">,</pc>
      </l>
      <l n="17" xml:id="pro75-l01045">
         <w xml:id="pro75-018200"
            n="a-0600"
            ecep:lem="that"
            ecep:pos="cst"
            ecep:reg="That"
            ecep:spe="That"
            ecep:syllab="1"
            ecep:pron="ðæt">That</w>
         <c> </c>
         <w xml:id="pro75-018210"
            n="a-0610"
            ecep:lem="guide"
            ecep:pos="vvn"
            ecep:reg="guided"
            ecep:spe="guided"
            ecep:syllab="2"
            ecep:pron="ˈgaɪdɪd">guided</w>
         <c> </c>
         <w xml:id="pro75-018220"
            n="a-0620"
            ecep:lem="by"
            ecep:pos="p-acp"
            ecep:reg="by"
            ecep:spe="by"
            ecep:syllab="1"
            ecep:pron="baɪ">by</w>
         <c> </c>
         <w xml:id="pro75-018230"
            n="a-0630"
            ecep:lem="the"
            ecep:pos="dt"
            ecep:reg="the"
            ecep:spe="the"
            ecep:syllab="1"
            ecep:pron="ðə">the</w>
         <c> </c>
         <w xml:id="pro75-018240"
            n="a-0640"
            ecep:lem="clear"
            ecep:pos="j"
            ecep:reg="clear"
            ecep:spe="clear"
            ecep:syllab="1"
            ecep:pron="klɪə">clear</w>
         <c> </c>
         <w xml:id="pro75-018250"
            n="a-0650"
            ecep:lem="transcendent"
            ecep:pos="j"
            ecep:reg="transcendent"
            ecep:spe="transcendent"
            ecep:syllab="3"
            ecep:pron="trænˈsendənt">transcendent</w>
         <c> </c>
         <w xml:id="pro75-018260"
            n="a-0660"
            ecep:lem="ray"
            ecep:pos="n1"
            ecep:reg="ray"
            ecep:spe="ray"
            ecep:syllab="1"
            ecep:pron="reɪ">ray</w>
         <pc xml:id="pro75-018270"
             n="a-0670"
             ecep:lem=","
             ecep:pos=","
             ecep:reg=","
             ecep:spe=",">,</pc>
      </l>
      <l n="18" xml:id="pro75-l01050">
         <w xml:id="pro75-018280"
            n="a-0680"
            ecep:lem="in"
            ecep:pos="p-acp"
            ecep:reg="In"
            ecep:spe="In"
            ecep:syllab="1"
            ecep:pron="ɪn">In</w>
         <c> </c>
         <w xml:id="pro75-018290"
            n="a-0690"
            ecep:lem="life"
            ecep:pos="ng1"
            ecep:reg="life's"
            ecep:spe="life's"
            ecep:syllab="1"
            ecep:pron="laɪfs">life's</w>
         <c> </c>
         <w xml:id="pro75-018300"
            n="a-0700"
            ecep:lem="great"
            ecep:pos="j"
            ecep:reg="great"
            ecep:spe="great"
            ecep:syllab="1"
            ecep:pron="greɪt">great</w>
         <c> </c>
         <w xml:id="pro75-018310"
            n="a-0710"
            ecep:lem="circle"
            ecep:pos="n1"
            ecep:reg="circle"
            ecep:spe="circle"
            ecep:syllab="2"
            ecep:pron="ˈsɜːkl">circle</w>
         <pc xml:id="pro75-018320"
             n="a-0720"
             ecep:lem=","
             ecep:pos=","
             ecep:reg=","
             ecep:spe=",">,</pc>
         <c> </c>
         <w xml:id="pro75-018330"
            n="a-0730"
            ecep:lem="i"
            ecep:pos="pns11"
            ecep:reg="I"
            ecep:spe="I"
            ecep:syllab="1"
            ecep:pron="aɪ">I</w>
         <c> </c>
         <w xml:id="pro75-018340"
            n="a-0740"
            ecep:lem="may"
            ecep:pos="vmb"
            ecep:reg="may"
            ecep:spe="may"
            ecep:syllab="1"
            ecep:pron="meɪ">may</w>
         <c> </c>
         <w xml:id="pro75-018350"
            n="a-0750"
            ecep:lem="bend"
            ecep:pos="vvi"
            ecep:reg="bend"
            ecep:spe="bend"
            ecep:syllab="1"
            ecep:pron="bend">bend</w>
         <c> </c>
         <w xml:id="pro75-018360"
            n="a-0760"
            ecep:lem="my"
            ecep:pos="po11"
            ecep:reg="my"
            ecep:spe="my"
            ecep:syllab="1"
            ecep:pron="maɪ">my</w>
         <c> </c>
         <w xml:id="pro75-018370"
            n="a-0770"
            ecep:lem="way"
            ecep:pos="n1"
            ecep:reg="way"
            ecep:spe="way"
            ecep:syllab="1"
            ecep:pron="weɪ">way</w>
         <pc xml:id="pro75-018380"
             n="a-0780"
             unit="sentence"
             ecep:lem="."
             ecep:pos="."
             ecep:reg="."
             ecep:spe=".">.</pc>
      </l>
   </lg>
</div>
