<?xml version="1.0" encoding="UTF-8"?>
<?xml-model href="../tei_all.rnc" type="application/relax-ng-compact-syntax"?>
<TEI xmlns="http://www.tei-c.org/ns/1.0">
   <teiHeader>
      <fileDesc>
         <titleStmt>
            <title corresp="#txt_DayeEl1734_w0007">TO — — —</title>
            <author corresp="authors.xml#aut_DayeEl1734">Eliza Day</author>
            <respStmt>
               <name xml:id="AH">Alexander Huber</name>
               <resp>Editor</resp>
            </respStmt>
            <funder>
               <name type="institution" xml:id="BOD">Bodleian Libraries, University of Oxford</name>
               <address>
                  <addrLine>Broad Street</addrLine>
                  <addrLine>Oxford OX1 3BG</addrLine>
                  <addrLine>UK</addrLine>
               </address>
            </funder>
         </titleStmt>
         <publicationStmt>
            <publisher xml:id="ECPA">Eighteenth-Century Poetry Archive</publisher>
            <address>
               <addrLine>Taylor Institution Library</addrLine>
               <addrLine>St Giles'</addrLine>
               <addrLine>Oxford OX1 3NA</addrLine>
               <addrLine>UK</addrLine>
               <addrLine>
                  <email>info@eighteenthcenturypoetry.org</email>
               </addrLine>
               <addrLine>
                  <ref target="https://www.eighteenthcenturypoetry.org/">https://www.eighteenthcenturypoetry.org/</ref>
               </addrLine>
            </address>
            <pubPlace>Oxford</pubPlace>
            <availability status="restricted">
               <licence target="http://creativecommons.org/licenses/by-sa/3.0/">This work is licensed under a Creative Commons Attribution-ShareAlike 3.0 Unported License.</licence>
            </availability>
            <idno type="ESTC">T132359</idno>
         </publicationStmt>
         <sourceDesc>
            <bibl>
               <author>Daye, Eliza, b. ca. 1734.</author>
               <title>Poems, on Various Subjects.</title>
               <pubPlace>Liverpool</pubPlace>
               <publisher>Printed by J. M'Creery</publisher>
               <date>1798</date>
               <biblScope>p. [41].</biblScope>
               <extent>[2],x,[4],258p.; 8°</extent>
            </bibl>
         </sourceDesc>
      </fileDesc>
      <encodingDesc>
         <projectDesc>
            <p>This e-text is part of the Works section of the Eighteenth-Century Poetry Archive (ECPA).</p>
            <p>XML created for the Eighteenth-Century Poetry Archive (ECPA).</p>
         </projectDesc>
         <editorialDecl>
            <p>Typography, spelling, capitalization, and punctuation have been cautiously modernized. The source of the text is given and all significant
						editorial interventions have been recorded in textual notes. This  text has been edited to conform to the recommendations found 
						in Level 5 of the
						Best Practices for TEI in Libraries version 4.0.0.
					</p>
         </editorialDecl>
         <classDecl>
            <taxonomy xml:id="LCNAF">
               <bibl>Library of Congress Name Authority File (<abbr>LCNAF</abbr>)</bibl>
            </taxonomy>
         </classDecl>
         <tagsDecl>
            <rendition n="linegroups indented" xml:id="lgindent" scheme="css">text-indent: 1em;</rendition>
            <rendition n="linegroups vertically spaced" xml:id="lgvspace" scheme="css">margin-bottom: 1em;</rendition>
            <rendition n="aligned centrally" xml:id="align-center" scheme="css">text-align: center;</rendition>
            <rendition n="aligned right" xml:id="align-right" scheme="css">text-align: right;</rendition>
            <rendition n="aligned left" xml:id="align-left" scheme="css">text-align: left;</rendition>
            <rendition n="inline" xml:id="inline" scheme="css">display: inline</rendition>
            <rendition n="italic" xml:id="i" scheme="css">font-style: italic;</rendition>
            <rendition n="bold" xml:id="b" scheme="css">font-weight: bold;</rendition>
         </tagsDecl>
      </encodingDesc>
   </teiHeader>
   <text>
      <body>
         <div xmlns:ecep="http://www.eighteenthcenturypoetry.org/ns"
              ana="#iamb #tetrameter #trimeter #address #quatrain #intermittent"
              corresp="#txt_DayeEl1734_w0007"
              decls="#semi-normalized"
              ecep:syllab="8.6.8.6"
              met="-+|-+|-+|-+/ -+|-+|-+/ -+|-+|-+|-+/ -+|-+|-+/"
              rendition="#lgvspace"
              rhyme="xaxa"
              subtype="eceptext"
              type="poem"
              xml:id="bed98-w0070">
            <link target="authors.xml#aut_DayeEl1734" type="author"/>
            <head type="main">
               <w xmlns:ecep="http://www.eighteenthcenturypoetry.org/ns"
                  xml:id="bed98-101070"
                  n="bed98/000061-a-0010"
                  ecep:lem="to"
                  ecep:pos="p-acp"
                  ecep:reg="TO"
                  ecep:spe="TO"
                  ecep:syllab="1"
                  ecep:pron="tuː">TO</w>
               <c> </c>
               <pc xmlns:ecep="http://www.eighteenthcenturypoetry.org/ns"
                   xml:id="bed98-101080"
                   n="bed98/000061-a-0020"
                   ecep:lem="—"
                   ecep:pos="—"
                   ecep:reg="—"
                   ecep:spe="—">—</pc>
               <c> </c>
               <pc xmlns:ecep="http://www.eighteenthcenturypoetry.org/ns"
                   xml:id="bed98-101090"
                   n="bed98/000061-a-0030"
                   ecep:lem="—"
                   ecep:pos="—"
                   ecep:reg="—"
                   ecep:spe="—">—</pc>
               <c> </c>
               <pc xmlns:ecep="http://www.eighteenthcenturypoetry.org/ns"
                   xml:id="bed98-101100"
                   n="bed98/000061-a-0040"
                   ecep:lem="—"
                   ecep:pos="—"
                   ecep:reg="—"
                   ecep:spe="—">—</pc>
            </head>
            <lg xml:id="bed98-s00235">
               <l xml:id="bed98-l04365">
                  <hi rendition="#sc">
                     <w xmlns:ecep="http://www.eighteenthcenturypoetry.org/ns"
                        xml:id="bed98-101130"
                        n="bed98/000061-a-0050"
                        ecep:lem="though"
                        ecep:pos="c-acp"
                        ecep:reg="THOUGH"
                        ecep:spe="THO'"
                        ecep:syllab="1"
                        ecep:pron="ðəʊ">THO'</w>
                  </hi>
                  <c> </c>
                  <w xmlns:ecep="http://www.eighteenthcenturypoetry.org/ns"
                     xml:id="bed98-101140"
                     n="bed98/000061-a-0060"
                     ecep:lem="faint"
                     ecep:pos="av-j"
                     ecep:reg="faintly"
                     ecep:spe="faintly"
                     ecep:syllab="2"
                     ecep:pron="feɪntli">faintly</w>
                  <c> </c>
                  <w xmlns:ecep="http://www.eighteenthcenturypoetry.org/ns"
                     xml:id="bed98-101150"
                     n="bed98/000061-a-0070"
                     ecep:lem="shine"
                     ecep:pos="vvz"
                     ecep:reg="shines"
                     ecep:spe="shines"
                     ecep:syllab="1"
                     ecep:pron="ʃaɪnz">shines</w>
                  <c> </c>
                  <w xmlns:ecep="http://www.eighteenthcenturypoetry.org/ns"
                     xml:id="bed98-101160"
                     n="bed98/000061-a-0080"
                     ecep:lem="this"
                     ecep:pos="d"
                     ecep:reg="this"
                     ecep:spe="this"
                     ecep:syllab="1"
                     ecep:pron="ðɪs">this</w>
                  <c> </c>
                  <w xmlns:ecep="http://www.eighteenthcenturypoetry.org/ns"
                     xml:id="bed98-101170"
                     n="bed98/000061-a-0090"
                     ecep:lem="winter"
                     ecep:pos="ng1"
                     ecep:reg="winter's"
                     ecep:spe="winter's"
                     ecep:syllab="2"
                     ecep:pron="ˈwɪntəz">winter's</w>
                  <c> </c>
                  <w xmlns:ecep="http://www.eighteenthcenturypoetry.org/ns"
                     xml:id="bed98-101180"
                     n="bed98/000061-a-0100"
                     ecep:lem="sun"
                     ecep:pos="n1"
                     ecep:reg="sun"
                     ecep:spe="sun"
                     ecep:syllab="1"
                     ecep:pron="sʌn">sun</w>
                  <pc xmlns:ecep="http://www.eighteenthcenturypoetry.org/ns"
                      xml:id="bed98-101190"
                      n="bed98/000061-a-0110"
                      ecep:lem=","
                      ecep:pos=","
                      ecep:reg=","
                      ecep:spe=",">,</pc>
               </l>
               <l rendition="#h_3" xml:id="bed98-l04370">
                  <w xmlns:ecep="http://www.eighteenthcenturypoetry.org/ns"
                     xml:id="bed98-101200"
                     n="bed98/000061-a-0120"
                     ecep:lem="and"
                     ecep:pos="cc"
                     ecep:reg="And"
                     ecep:spe="And"
                     ecep:syllab="1"
                     ecep:pron="ænd">And</w>
                  <c> </c>
                  <w xmlns:ecep="http://www.eighteenthcenturypoetry.org/ns"
                     xml:id="bed98-101210"
                     n="bed98/000061-a-0130"
                     ecep:lem="short"
                     ecep:pos="j"
                     ecep:reg="short"
                     ecep:spe="short"
                     ecep:syllab="1"
                     ecep:pron="ʃɔːt">short</w>
                  <c> </c>
                  <w xmlns:ecep="http://www.eighteenthcenturypoetry.org/ns"
                     xml:id="bed98-101220"
                     n="bed98/000061-a-0140"
                     ecep:lem="his"
                     ecep:pos="po31"
                     ecep:reg="his"
                     ecep:spe="his"
                     ecep:syllab="1"
                     ecep:pron="hɪz">his</w>
                  <c> </c>
                  <w xmlns:ecep="http://www.eighteenthcenturypoetry.org/ns"
                     xml:id="bed98-101230"
                     n="bed98/000061-a-0150"
                     ecep:lem="visit"
                     ecep:pos="n2"
                     ecep:reg="visits"
                     ecep:spe="visits"
                     ecep:syllab="2"
                     ecep:pron="ˈvɪzɪts">visits</w>
                  <c> </c>
                  <w xmlns:ecep="http://www.eighteenthcenturypoetry.org/ns"
                     xml:id="bed98-101240"
                     n="bed98/000061-a-0160"
                     ecep:lem="be"
                     ecep:pos="vbi"
                     ecep:reg="be"
                     ecep:spe="be"
                     ecep:syllab="1"
                     ecep:pron="biː">be</w>
                  <pc xmlns:ecep="http://www.eighteenthcenturypoetry.org/ns"
                      xml:id="bed98-101250"
                      n="bed98/000061-a-0170"
                      ecep:lem=","
                      ecep:pos=","
                      ecep:reg=","
                      ecep:spe=",">,</pc>
               </l>
               <l xml:id="bed98-l04375">
                  <w xmlns:ecep="http://www.eighteenthcenturypoetry.org/ns"
                     xml:id="bed98-101260"
                     n="bed98/000061-a-0180"
                     ecep:lem="he"
                     ecep:pos="pns31"
                     ecep:reg="He"
                     ecep:spe="He"
                     ecep:syllab="1"
                     ecep:pron="hiː">He</w>
                  <c> </c>
                  <w xmlns:ecep="http://www.eighteenthcenturypoetry.org/ns"
                     xml:id="bed98-101270"
                     n="bed98/000061-a-0190"
                     ecep:lem="warm"
                     ecep:pos="vvz"
                     ecep:reg="warms"
                     ecep:spe="warms"
                     ecep:syllab="1"
                     ecep:pron="wɔːmz">warms</w>
                  <c> </c>
                  <w xmlns:ecep="http://www.eighteenthcenturypoetry.org/ns"
                     xml:id="bed98-101280"
                     n="bed98/000061-a-0200"
                     ecep:lem="my"
                     ecep:pos="po11"
                     ecep:reg="my"
                     ecep:spe="my"
                     ecep:syllab="1"
                     ecep:pron="maɪ">my</w>
                  <c> </c>
                  <w xmlns:ecep="http://www.eighteenthcenturypoetry.org/ns"
                     xml:id="bed98-101290"
                     n="bed98/000061-a-0210"
                     ecep:lem="heart"
                     ecep:pos="n1"
                     ecep:reg="heart"
                     ecep:spe="heart"
                     ecep:syllab="1"
                     ecep:pron="hɑːt">heart</w>
                  <pc xmlns:ecep="http://www.eighteenthcenturypoetry.org/ns"
                      xml:id="bed98-101300"
                      n="bed98/000061-a-0220"
                      ecep:lem=","
                      ecep:pos=","
                      ecep:reg=","
                      ecep:spe=",">,</pc>
                  <c> </c>
                  <w xmlns:ecep="http://www.eighteenthcenturypoetry.org/ns"
                     xml:id="bed98-101310"
                     n="bed98/000061-a-0230"
                     ecep:lem="for"
                     ecep:pos="c-acp"
                     ecep:reg="for"
                     ecep:spe="for"
                     ecep:syllab="1"
                     ecep:pron="fɔː">for</w>
                  <c> </c>
                  <w xmlns:ecep="http://www.eighteenthcenturypoetry.org/ns"
                     xml:id="bed98-101320"
                     n="bed98/000061-a-0240"
                     ecep:lem="oft"
                     ecep:pos="av"
                     ecep:reg="oft"
                     ecep:spe="oft"
                     ecep:syllab="1"
                     ecep:pron="ɒft">oft</w>
                  <c> </c>
                  <w xmlns:ecep="http://www.eighteenthcenturypoetry.org/ns"
                     xml:id="bed98-101330"
                     n="bed98/000061-a-0250"
                     ecep:lem="i"
                     ecep:pos="pns11"
                     ecep:reg="I"
                     ecep:spe="I"
                     ecep:syllab="1"
                     ecep:pron="aɪ">I</w>
                  <c> </c>
                  <w xmlns:ecep="http://www.eighteenthcenturypoetry.org/ns"
                     xml:id="bed98-101340"
                     n="bed98/000061-a-0260"
                     ecep:lem="hope"
                     ecep:pos="vvb"
                     ecep:reg="hope"
                     ecep:spe="hope"
                     ecep:syllab="1"
                     ecep:pron="həʊp">hope</w>
                  <pc xmlns:ecep="http://www.eighteenthcenturypoetry.org/ns"
                      xml:id="bed98-101350"
                      n="bed98/000061-a-0270"
                      ecep:lem=","
                      ecep:pos=","
                      ecep:reg=","
                      ecep:spe=",">,</pc>
               </l>
               <l rendition="#h_3" xml:id="bed98-l04380">
                  <w xmlns:ecep="http://www.eighteenthcenturypoetry.org/ns"
                     xml:id="bed98-101360"
                     n="bed98/000061-a-0280"
                     ecep:lem="he"
                     ecep:pos="pns31"
                     ecep:reg="He"
                     ecep:spe="He"
                     ecep:syllab="1"
                     ecep:pron="hiː">He</w>
                  <c> </c>
                  <w xmlns:ecep="http://www.eighteenthcenturypoetry.org/ns"
                     xml:id="bed98-101370"
                     n="bed98/000061-a-0290"
                     ecep:lem="shine"
                     ecep:pos="vvz"
                     ecep:reg="shines"
                     ecep:spe="shines"
                     ecep:syllab="1"
                     ecep:pron="ʃaɪnz">shines</w>
                  <c> </c>
                  <w xmlns:ecep="http://www.eighteenthcenturypoetry.org/ns"
                     xml:id="bed98-101380"
                     n="bed98/000061-a-0300"
                     ecep:lem="on"
                     ecep:pos="p-acp"
                     ecep:reg="on"
                     ecep:spe="on"
                     ecep:syllab="1"
                     ecep:pron="ɒn">on</w>
                  <c> </c>
                  <w xmlns:ecep="http://www.eighteenthcenturypoetry.org/ns"
                     xml:id="bed98-101390"
                     n="bed98/000061-a-0310"
                     ecep:lem="you"
                     ecep:pos="pn22"
                     ecep:reg="you"
                     ecep:spe="you"
                     ecep:syllab="1"
                     ecep:pron="juː">you</w>
                  <c> </c>
                  <w xmlns:ecep="http://www.eighteenthcenturypoetry.org/ns"
                     xml:id="bed98-101400"
                     n="bed98/000061-a-0320"
                     ecep:lem="and"
                     ecep:pos="cc"
                     ecep:reg="and"
                     ecep:spe="and"
                     ecep:syllab="1"
                     ecep:pron="ænd">and</w>
                  <c> </c>
                  <w xmlns:ecep="http://www.eighteenthcenturypoetry.org/ns"
                     xml:id="bed98-101410"
                     n="bed98/000061-a-0330"
                     ecep:lem="i"
                     ecep:pos="pno11"
                     ecep:reg="me"
                     ecep:spe="me"
                     ecep:syllab="1"
                     ecep:pron="miː">me</w>
                  <pc xmlns:ecep="http://www.eighteenthcenturypoetry.org/ns"
                      xml:id="bed98-101420"
                      n="bed98/000061-a-0340"
                      unit="sentence"
                      ecep:lem="."
                      ecep:pos="."
                      ecep:reg="."
                      ecep:spe=".">.</pc>
               </l>
            </lg>
            <lg xml:id="bed98-s00240">
               <l xml:id="bed98-l04385">
                  <w xmlns:ecep="http://www.eighteenthcenturypoetry.org/ns"
                     xml:id="bed98-101450"
                     n="bed98/000061-a-0350"
                     ecep:lem="the"
                     ecep:pos="dt"
                     ecep:reg="The"
                     ecep:spe="The"
                     ecep:syllab="1"
                     ecep:pron="ðiː">The</w>
                  <c> </c>
                  <w xmlns:ecep="http://www.eighteenthcenturypoetry.org/ns"
                     xml:id="bed98-101460"
                     n="bed98/000061-a-0360"
                     ecep:lem="moon"
                     ecep:pos="n1"
                     ecep:reg="moon"
                     ecep:spe="moon"
                     ecep:syllab="1"
                     ecep:pron="muːn">moon</w>
                  <c> </c>
                  <w xmlns:ecep="http://www.eighteenthcenturypoetry.org/ns"
                     xml:id="bed98-101470"
                     n="bed98/000061-a-0370"
                     ecep:lem="too"
                     ecep:pos="av"
                     ecep:reg="too"
                     ecep:spe="too"
                     ecep:syllab="1"
                     ecep:pron="tuː">too</w>
                  <pc xmlns:ecep="http://www.eighteenthcenturypoetry.org/ns"
                      xml:id="bed98-101480"
                      n="bed98/000061-a-0380"
                      ecep:lem=","
                      ecep:pos=","
                      ecep:reg=","
                      ecep:spe=",">,</pc>
                  <c> </c>
                  <w xmlns:ecep="http://www.eighteenthcenturypoetry.org/ns"
                     xml:id="bed98-101490"
                     n="bed98/000061-a-0390"
                     ecep:lem="beauteous"
                     ecep:pos="j"
                     ecep:reg="beauteous"
                     ecep:spe="beauteous"
                     ecep:syllab="2"
                     ecep:pron="ˈbjuːtiəs">beauteous</w>
                  <c> </c>
                  <w xmlns:ecep="http://www.eighteenthcenturypoetry.org/ns"
                     xml:id="bed98-101500"
                     n="bed98/000061-a-0400"
                     ecep:lem="queen"
                     ecep:pos="n1"
                     ecep:reg="queen"
                     ecep:spe="queen"
                     ecep:syllab="1"
                     ecep:pron="kwiːn">queen</w>
                  <c> </c>
                  <w xmlns:ecep="http://www.eighteenthcenturypoetry.org/ns"
                     xml:id="bed98-101510"
                     n="bed98/000061-a-0410"
                     ecep:lem="of"
                     ecep:pos="pp-f"
                     ecep:reg="of"
                     ecep:spe="of"
                     ecep:syllab="1"
                     ecep:pron="ɒv">of</w>
                  <c> </c>
                  <w xmlns:ecep="http://www.eighteenthcenturypoetry.org/ns"
                     xml:id="bed98-101520"
                     n="bed98/000061-a-0420"
                     ecep:lem="night"
                     ecep:pos="n1"
                     ecep:reg="night"
                     ecep:spe="night"
                     ecep:syllab="1"
                     ecep:pron="naɪt">night</w>
                  <pc xmlns:ecep="http://www.eighteenthcenturypoetry.org/ns"
                      xml:id="bed98-101530"
                      n="bed98/000061-a-0430"
                      ecep:lem=","
                      ecep:pos=","
                      ecep:reg=","
                      ecep:spe=",">,</pc>
               </l>
               <l rendition="#h_3" xml:id="bed98-l04390">
                  <w xmlns:ecep="http://www.eighteenthcenturypoetry.org/ns"
                     xml:id="bed98-101540"
                     n="bed98/000061-a-0440"
                     ecep:lem="enrapture"
                     ecep:pos="vvn"
                     ecep:reg="Enraptured"
                     ecep:spe="Enraptur'd"
                     ecep:syllab="3"
                     ecep:pron="ɪnˈræptʃəd">Enraptur'd</w>
                  <c> </c>
                  <w xmlns:ecep="http://www.eighteenthcenturypoetry.org/ns"
                     xml:id="bed98-101550"
                     n="bed98/000061-a-0450"
                     ecep:lem="still"
                     ecep:pos="av"
                     ecep:reg="still"
                     ecep:spe="still"
                     ecep:syllab="1"
                     ecep:pron="stɪl">still</w>
                  <c> </c>
                  <w xmlns:ecep="http://www.eighteenthcenturypoetry.org/ns"
                     xml:id="bed98-101560"
                     n="bed98/000061-a-0460"
                     ecep:lem="i"
                     ecep:pos="pns11"
                     ecep:reg="I"
                     ecep:spe="I"
                     ecep:syllab="1"
                     ecep:pron="aɪ">I</w>
                  <c> </c>
                  <w xmlns:ecep="http://www.eighteenthcenturypoetry.org/ns"
                     xml:id="bed98-101570"
                     n="bed98/000061-a-0470"
                     ecep:lem="see"
                     ecep:pos="vvb"
                     ecep:reg="see"
                     ecep:spe="see"
                     ecep:syllab="1"
                     ecep:pron="siː">see</w>
                  <pc xmlns:ecep="http://www.eighteenthcenturypoetry.org/ns"
                      xml:id="bed98-101580"
                      n="bed98/000061-a-0480"
                      ecep:lem=";"
                      ecep:pos=";"
                      ecep:reg=";"
                      ecep:spe=";">;</pc>
               </l>
               <l xml:id="bed98-l04395">
                  <w xmlns:ecep="http://www.eighteenthcenturypoetry.org/ns"
                     xml:id="bed98-101590"
                     n="bed98/000061-a-0490"
                     ecep:lem="for"
                     ecep:pos="c-acp"
                     ecep:reg="For"
                     ecep:spe="For"
                     ecep:syllab="1"
                     ecep:pron="fɔː">For</w>
                  <c> </c>
                  <w xmlns:ecep="http://www.eighteenthcenturypoetry.org/ns"
                     xml:id="bed98-101600"
                     n="bed98/000061-a-0500"
                     ecep:lem="sure"
                     ecep:pos="av-j"
                     ecep:reg="sure"
                     ecep:spe="sure"
                     ecep:syllab="1"
                     ecep:pron="ʃɔː">sure</w>
                  <c> </c>
                  <w xmlns:ecep="http://www.eighteenthcenturypoetry.org/ns"
                     xml:id="bed98-101610"
                     n="bed98/000061-a-0510"
                     ecep:lem="i"
                     ecep:pos="pns11"
                     ecep:reg="I"
                     ecep:spe="I"
                     ecep:syllab="1"
                     ecep:pron="aɪ">I</w>
                  <c> </c>
                  <w xmlns:ecep="http://www.eighteenthcenturypoetry.org/ns"
                     xml:id="bed98-101620"
                     n="bed98/000061-a-0520"
                     ecep:lem="think"
                     ecep:pos="vvb"
                     ecep:reg="think"
                     ecep:spe="think"
                     ecep:syllab="1"
                     ecep:pron="θɪŋk">think</w>
                  <c> </c>
                  <w xmlns:ecep="http://www.eighteenthcenturypoetry.org/ns"
                     xml:id="bed98-101630"
                     n="bed98/000061-a-0530"
                     ecep:lem="her"
                     ecep:pos="po31"
                     ecep:reg="her"
                     ecep:spe="her"
                     ecep:syllab="1"
                     ecep:pron="hɜː">her</w>
                  <c> </c>
                  <w xmlns:ecep="http://www.eighteenthcenturypoetry.org/ns"
                     xml:id="bed98-101640"
                     n="bed98/000061-a-0540"
                     ecep:lem="ray"
                     ecep:pos="n2"
                     ecep:reg="rays"
                     ecep:spe="rays"
                     ecep:syllab="1"
                     ecep:pron="reɪz">rays</w>
                  <c> </c>
                  <w xmlns:ecep="http://www.eighteenthcenturypoetry.org/ns"
                     xml:id="bed98-101650"
                     n="bed98/000061-a-0550"
                     ecep:lem="serene"
                     ecep:pos="j"
                     ecep:reg="serene"
                     ecep:spe="serene"
                     ecep:syllab="2"
                     ecep:pron="sɪˈriːn">serene</w>
                  <pc xmlns:ecep="http://www.eighteenthcenturypoetry.org/ns"
                      xml:id="bed98-101660"
                      n="bed98/000061-a-0560"
                      ecep:lem=","
                      ecep:pos=","
                      ecep:reg=","
                      ecep:spe=",">,</pc>
               </l>
               <l rendition="#h_3" xml:id="bed98-l04400">
                  <w xmlns:ecep="http://www.eighteenthcenturypoetry.org/ns"
                     xml:id="bed98-101670"
                     n="bed98/000061-a-0570"
                     ecep:lem="be"
                     ecep:pos="vbb"
                     ecep:reg="Are"
                     ecep:spe="Are"
                     ecep:syllab="1"
                     ecep:pron="ɑː">Are</w>
                  <c> </c>
                  <w xmlns:ecep="http://www.eighteenthcenturypoetry.org/ns"
                     xml:id="bed98-101680"
                     n="bed98/000061-a-0580"
                     ecep:lem="see"
                     ecep:pos="vvn"
                     ecep:reg="seen"
                     ecep:spe="seen"
                     ecep:syllab="1"
                     ecep:pron="siːn">seen</w>
                  <c> </c>
                  <w xmlns:ecep="http://www.eighteenthcenturypoetry.org/ns"
                     xml:id="bed98-101690"
                     n="bed98/000061-a-0590"
                     ecep:lem="by"
                     ecep:pos="p-acp"
                     ecep:reg="by"
                     ecep:spe="by"
                     ecep:syllab="1"
                     ecep:pron="baɪ">by</w>
                  <c> </c>
                  <w xmlns:ecep="http://www.eighteenthcenturypoetry.org/ns"
                     xml:id="bed98-101700"
                     n="bed98/000061-a-0600"
                     ecep:lem="you"
                     ecep:pos="pn22"
                     ecep:reg="you"
                     ecep:spe="you"
                     ecep:syllab="1"
                     ecep:pron="juː">you</w>
                  <c> </c>
                  <w xmlns:ecep="http://www.eighteenthcenturypoetry.org/ns"
                     xml:id="bed98-101710"
                     n="bed98/000061-a-0610"
                     ecep:lem="and"
                     ecep:pos="cc"
                     ecep:reg="and"
                     ecep:spe="and"
                     ecep:syllab="1"
                     ecep:pron="ænd">and</w>
                  <c> </c>
                  <w xmlns:ecep="http://www.eighteenthcenturypoetry.org/ns"
                     xml:id="bed98-101720"
                     n="bed98/000061-a-0620"
                     ecep:lem="i"
                     ecep:pos="pno11"
                     ecep:reg="me"
                     ecep:spe="me"
                     ecep:syllab="1"
                     ecep:pron="miː">me</w>
                  <pc xmlns:ecep="http://www.eighteenthcenturypoetry.org/ns"
                      xml:id="bed98-101730"
                      n="bed98/000061-a-0630"
                      unit="sentence"
                      ecep:lem="."
                      ecep:pos="."
                      ecep:reg="."
                      ecep:spe=".">.</pc>
               </l>
            </lg>
            <lg xml:id="bed98-s00245">
               <l xml:id="bed98-l04405">
                  <w xmlns:ecep="http://www.eighteenthcenturypoetry.org/ns"
                     xml:id="bed98-101760"
                     n="bed98/000061-a-0640"
                     ecep:lem="and"
                     ecep:pos="cc"
                     ecep:reg="And"
                     ecep:spe="And"
                     ecep:syllab="1"
                     ecep:pron="ænd">And</w>
                  <c> </c>
                  <w xmlns:ecep="http://www.eighteenthcenturypoetry.org/ns"
                     xml:id="bed98-101770"
                     n="bed98/000061-a-0650"
                     ecep:lem="gay"
                     ecep:pos="av-j"
                     ecep:reg="gaily"
                     ecep:spe="gaily"
                     ecep:syllab="2"
                     ecep:pron="ˈgeɪli">gaily</w>
                  <c> </c>
                  <w xmlns:ecep="http://www.eighteenthcenturypoetry.org/ns"
                     xml:id="bed98-101780"
                     n="bed98/000061-a-0660"
                     ecep:lem="burn"
                     ecep:pos="vvz"
                     ecep:reg="burns"
                     ecep:spe="burns"
                     ecep:syllab="1"
                     ecep:pron="bɜːnz">burns</w>
                  <c> </c>
                  <w xmlns:ecep="http://www.eighteenthcenturypoetry.org/ns"
                     xml:id="bed98-101790"
                     n="bed98/000061-a-0670"
                     ecep:lem="our"
                     ecep:pos="po12"
                     ecep:reg="our"
                     ecep:spe="our"
                     ecep:syllab="1"
                     ecep:pron="æə">our</w>
                  <c> </c>
                  <w xmlns:ecep="http://www.eighteenthcenturypoetry.org/ns"
                     xml:id="bed98-101800"
                     n="bed98/000061-a-0680"
                     ecep:lem="rural"
                     ecep:pos="j"
                     ecep:reg="rural"
                     ecep:spe="rural"
                     ecep:syllab="2"
                     ecep:pron="ˈrʊərl">rural</w>
                  <c> </c>
                  <w xmlns:ecep="http://www.eighteenthcenturypoetry.org/ns"
                     xml:id="bed98-101810"
                     n="bed98/000061-a-0690"
                     ecep:lem="fire"
                     ecep:pos="n1"
                     ecep:reg="fire"
                     ecep:spe="fire"
                     ecep:syllab="1"
                     ecep:pron="fæə">fire</w>
                  <pc xmlns:ecep="http://www.eighteenthcenturypoetry.org/ns"
                      xml:id="bed98-101820"
                      n="bed98/000061-a-0700"
                      ecep:lem=","
                      ecep:pos=","
                      ecep:reg=","
                      ecep:spe=",">,</pc>
               </l>
               <l rendition="#h_3" xml:id="bed98-l04410">
                  <w xmlns:ecep="http://www.eighteenthcenturypoetry.org/ns"
                     xml:id="bed98-101830"
                     n="bed98/000061-a-0710"
                     ecep:lem="and"
                     ecep:pos="cc"
                     ecep:reg="And"
                     ecep:spe="And"
                     ecep:syllab="1"
                     ecep:pron="ænd">And</w>
                  <c> </c>
                  <w xmlns:ecep="http://www.eighteenthcenturypoetry.org/ns"
                     xml:id="bed98-101840"
                     n="bed98/000061-a-0720"
                     ecep:lem="happy"
                     ecep:pos="j"
                     ecep:reg="happy"
                     ecep:spe="happy"
                     ecep:syllab="2"
                     ecep:pron="ˈhæpi">happy</w>
                  <c> </c>
                  <w xmlns:ecep="http://www.eighteenthcenturypoetry.org/ns"
                     xml:id="bed98-101850"
                     n="bed98/000061-a-0730"
                     ecep:lem="shall"
                     ecep:pos="vmd"
                     ecep:reg="should"
                     ecep:spe="should"
                     ecep:syllab="1"
                     ecep:pron="ʃʊd">should</w>
                  <c> </c>
                  <w xmlns:ecep="http://www.eighteenthcenturypoetry.org/ns"
                     xml:id="bed98-101860"
                     n="bed98/000061-a-0740"
                     ecep:lem="i"
                     ecep:pos="pns11"
                     ecep:reg="I"
                     ecep:spe="I"
                     ecep:syllab="1"
                     ecep:pron="aɪ">I</w>
                  <c> </c>
                  <w xmlns:ecep="http://www.eighteenthcenturypoetry.org/ns"
                     xml:id="bed98-101870"
                     n="bed98/000061-a-0750"
                     ecep:lem="be"
                     ecep:pos="vbi"
                     ecep:reg="be"
                     ecep:spe="be"
                     ecep:syllab="1"
                     ecep:pron="biː">be</w>
                  <pc xmlns:ecep="http://www.eighteenthcenturypoetry.org/ns"
                      xml:id="bed98-101880"
                      n="bed98/000061-a-0760"
                      ecep:lem=","
                      ecep:pos=","
                      ecep:reg=","
                      ecep:spe=",">,</pc>
               </l>
               <l xml:id="bed98-l04415">
                  <w xmlns:ecep="http://www.eighteenthcenturypoetry.org/ns"
                     xml:id="bed98-101890"
                     n="bed98/000061-a-0770"
                     ecep:lem="but"
                     ecep:pos="cc-acp"
                     ecep:reg="But"
                     ecep:spe="But"
                     ecep:syllab="1"
                     ecep:pron="bʌt">But</w>
                  <c> </c>
                  <w xmlns:ecep="http://www.eighteenthcenturypoetry.org/ns"
                     xml:id="bed98-101900"
                     n="bed98/000061-a-0780"
                     ecep:lem="cold"
                     ecep:pos="ng1"
                     ecep:reg="cold's"
                     ecep:spe="cold's"
                     ecep:syllab="1"
                     ecep:pron="kəʊldz">cold's</w>
                  <c> </c>
                  <w xmlns:ecep="http://www.eighteenthcenturypoetry.org/ns"
                     xml:id="bed98-101910"
                     n="bed98/000061-a-0790"
                     ecep:lem="my"
                     ecep:pos="po11"
                     ecep:reg="my"
                     ecep:spe="my"
                     ecep:syllab="1"
                     ecep:pron="maɪ">my</w>
                  <c> </c>
                  <w xmlns:ecep="http://www.eighteenthcenturypoetry.org/ns"
                     xml:id="bed98-101920"
                     n="bed98/000061-a-0800"
                     ecep:lem="heart"
                     ecep:pos="n1"
                     ecep:reg="heart"
                     ecep:spe="heart"
                     ecep:syllab="1"
                     ecep:pron="hɑːt">heart</w>
                  <pc xmlns:ecep="http://www.eighteenthcenturypoetry.org/ns"
                      xml:id="bed98-101930"
                      n="bed98/000061-a-0810"
                      ecep:lem=","
                      ecep:pos=","
                      ecep:reg=","
                      ecep:spe=",">,</pc>
                  <c> </c>
                  <w xmlns:ecep="http://www.eighteenthcenturypoetry.org/ns"
                     xml:id="bed98-101940"
                     n="bed98/000061-a-0820"
                     ecep:lem="there"
                     ecep:pos="a-acp"
                     ecep:reg="there"
                     ecep:spe="there"
                     ecep:syllab="1"
                     ecep:pron="ðeə">there</w>
                  <c> </c>
                  <w xmlns:ecep="http://www.eighteenthcenturypoetry.org/ns"
                     xml:id="bed98-101950"
                     n="bed98/000061-a-0830"
                     ecep:lem="want"
                     ecep:pos="vvz"
                     ecep:reg="wants"
                     ecep:spe="wants"
                     ecep:syllab="1"
                     ecep:pron="wɒnts">wants</w>
                  <c> </c>
                  <w xmlns:ecep="http://www.eighteenthcenturypoetry.org/ns"
                     xml:id="bed98-101960"
                     n="bed98/000061-a-0840"
                     ecep:lem="a"
                     ecep:pos="dt"
                     ecep:reg="a"
                     ecep:spe="a"
                     ecep:syllab="1"
                     ecep:pron="ə">a</w>
                  <c> </c>
                  <w xmlns:ecep="http://www.eighteenthcenturypoetry.org/ns"
                     xml:id="bed98-101970"
                     n="bed98/000061-a-0850"
                     ecep:lem="charm"
                     ecep:pos="n1"
                     ecep:reg="charm"
                     ecep:spe="charm"
                     ecep:syllab="1"
                     ecep:pron="tʃɑːm">charm</w>
                  <pc xmlns:ecep="http://www.eighteenthcenturypoetry.org/ns"
                      xml:id="bed98-101980"
                      n="bed98/000061-a-0860"
                      ecep:lem=","
                      ecep:pos=","
                      ecep:reg=","
                      ecep:spe=",">,</pc>
               </l>
               <l rendition="#h_3" xml:id="bed98-l04420">
                  <w xmlns:ecep="http://www.eighteenthcenturypoetry.org/ns"
                     xml:id="bed98-101990"
                     n="bed98/000061-a-0870"
                     ecep:lem="it"
                     ecep:pos="pn31"
                     ecep:reg="It"
                     ecep:spe="It"
                     ecep:syllab="1"
                     ecep:pron="ɪt">It</w>
                  <c> </c>
                  <w xmlns:ecep="http://www.eighteenthcenturypoetry.org/ns"
                     xml:id="bed98-102000"
                     n="bed98/000061-a-0880"
                     ecep:lem="warm"
                     ecep:pos="vvz"
                     ecep:reg="warms"
                     ecep:spe="warms"
                     ecep:syllab="1"
                     ecep:pron="wɔːmz">warms</w>
                  <c> </c>
                  <w xmlns:ecep="http://www.eighteenthcenturypoetry.org/ns"
                     xml:id="bed98-102010"
                     n="bed98/000061-a-0890"
                     ecep:lem="not"
                     ecep:pos="xx"
                     ecep:reg="not"
                     ecep:spe="not"
                     ecep:syllab="1"
                     ecep:pron="nɒt">not</w>
                  <c> </c>
                  <w xmlns:ecep="http://www.eighteenthcenturypoetry.org/ns"
                     xml:id="bed98-102020"
                     n="bed98/000061-a-0900"
                     ecep:lem="you"
                     ecep:pos="pn22"
                     ecep:reg="you"
                     ecep:spe="you"
                     ecep:syllab="1"
                     ecep:pron="juː">you</w>
                  <c> </c>
                  <w xmlns:ecep="http://www.eighteenthcenturypoetry.org/ns"
                     xml:id="bed98-102030"
                     n="bed98/000061-a-0910"
                     ecep:lem="and"
                     ecep:pos="cc"
                     ecep:reg="and"
                     ecep:spe="and"
                     ecep:syllab="1"
                     ecep:pron="ænd">and</w>
                  <c> </c>
                  <w xmlns:ecep="http://www.eighteenthcenturypoetry.org/ns"
                     xml:id="bed98-102040"
                     n="bed98/000061-a-0920"
                     ecep:lem="i"
                     ecep:pos="pno11"
                     ecep:reg="me"
                     ecep:spe="me"
                     ecep:syllab="1"
                     ecep:pron="miː">me</w>
                  <pc xmlns:ecep="http://www.eighteenthcenturypoetry.org/ns"
                      xml:id="bed98-102050"
                      n="bed98/000061-a-0930"
                      unit="sentence"
                      ecep:lem="."
                      ecep:pos="."
                      ecep:reg="."
                      ecep:spe=".">.</pc>
               </l>
            </lg>
            <lg xml:id="bed98-s00250">
               <l xml:id="bed98-l04425">
                  <w xmlns:ecep="http://www.eighteenthcenturypoetry.org/ns"
                     xml:id="bed98-102080"
                     n="bed98/000061-a-0940"
                     ecep:lem="and"
                     ecep:pos="cc"
                     ecep:reg="And"
                     ecep:spe="And"
                     ecep:syllab="1"
                     ecep:pron="ænd">And</w>
                  <c> </c>
                  <w xmlns:ecep="http://www.eighteenthcenturypoetry.org/ns"
                     xml:id="bed98-102090"
                     n="bed98/000061-a-0950"
                     ecep:lem="fierce"
                     ecep:pos="av-j"
                     ecep:reg="fiercely"
                     ecep:spe="fiercely"
                     ecep:syllab="2"
                     ecep:pron="fɪəsli">fiercely</w>
                  <c> </c>
                  <w xmlns:ecep="http://www.eighteenthcenturypoetry.org/ns"
                     xml:id="bed98-102100"
                     n="bed98/000061-a-0960"
                     ecep:lem="blow"
                     ecep:pos="vvz"
                     ecep:reg="blows"
                     ecep:spe="blows"
                     ecep:syllab="1"
                     ecep:pron="bləʊz">blows</w>
                  <c> </c>
                  <w xmlns:ecep="http://www.eighteenthcenturypoetry.org/ns"
                     xml:id="bed98-102110"
                     n="bed98/000061-a-0970"
                     ecep:lem="this"
                     ecep:pos="d"
                     ecep:reg="this"
                     ecep:spe="this"
                     ecep:syllab="1"
                     ecep:pron="ðɪs">this</w>
                  <c> </c>
                  <w xmlns:ecep="http://www.eighteenthcenturypoetry.org/ns"
                     xml:id="bed98-102120"
                     n="bed98/000061-a-0980"
                     ecep:lem="cold"
                     ecep:pos="j-jn"
                     ecep:reg="cold"
                     ecep:spe="cold"
                     ecep:syllab="1"
                     ecep:pron="kəʊld">cold</w>
                  <c> </c>
                  <w xmlns:ecep="http://www.eighteenthcenturypoetry.org/ns"
                     xml:id="bed98-102130"
                     n="bed98/000061-a-0990"
                     ecep:lem="north"
                     ecep:pos="n1"
                     ecep:reg="north"
                     ecep:spe="north"
                     ecep:syllab="1"
                     ecep:pron="nɔːθ">north</w>
                  <c> </c>
                  <w xmlns:ecep="http://www.eighteenthcenturypoetry.org/ns"
                     xml:id="bed98-102140"
                     n="bed98/000061-a-1000"
                     ecep:lem="wind"
                     ecep:pos="n1"
                     ecep:reg="wind"
                     ecep:spe="wind"
                     ecep:syllab="1"
                     ecep:pron="wɪnd">wind</w>
                  <pc xmlns:ecep="http://www.eighteenthcenturypoetry.org/ns"
                      xml:id="bed98-102150"
                      n="bed98/000061-a-1010"
                      ecep:lem=","
                      ecep:pos=","
                      ecep:reg=","
                      ecep:spe=",">,</pc>
               </l>
               <l rendition="#h_3" xml:id="bed98-l04430">
                  <w xmlns:ecep="http://www.eighteenthcenturypoetry.org/ns"
                     xml:id="bed98-102160"
                     n="bed98/000061-a-1020"
                     ecep:lem="for"
                     ecep:pos="p-acp"
                     ecep:reg="For"
                     ecep:spe="For"
                     ecep:syllab="1"
                     ecep:pron="fɔː">For</w>
                  <c> </c>
                  <w xmlns:ecep="http://www.eighteenthcenturypoetry.org/ns"
                     xml:id="bed98-102170"
                     n="bed98/000061-a-1030"
                     ecep:lem="ruffian"
                     ecep:pos="n1"
                     ecep:reg="ruffian"
                     ecep:spe="ruffian"
                     ecep:syllab="2"
                     ecep:pron="ˈrʌfiən">ruffian</w>
                  <c> </c>
                  <w xmlns:ecep="http://www.eighteenthcenturypoetry.org/ns"
                     xml:id="bed98-102180"
                     n="bed98/000061-a-1040"
                     ecep:lem="blast"
                     ecep:pos="n2"
                     ecep:reg="blasts"
                     ecep:spe="blasts"
                     ecep:syllab="1"
                     ecep:pron="blɑːsts">blasts</w>
                  <c> </c>
                  <w xmlns:ecep="http://www.eighteenthcenturypoetry.org/ns"
                     xml:id="bed98-102190"
                     n="bed98/000061-a-1050"
                     ecep:lem="have"
                     ecep:pos="vhz"
                     ecep:reg="has"
                     ecep:spe="has"
                     ecep:syllab="1"
                     ecep:pron="hæz">has</w>
                  <c> </c>
                  <w xmlns:ecep="http://www.eighteenthcenturypoetry.org/ns"
                     xml:id="bed98-102200"
                     n="bed98/000061-a-1060"
                     ecep:lem="he"
                     ecep:pos="pns31"
                     ecep:reg="he"
                     ecep:spe="he"
                     ecep:syllab="1"
                     ecep:pron="hiː">he</w>
                  <pc xmlns:ecep="http://www.eighteenthcenturypoetry.org/ns"
                      xml:id="bed98-102210"
                      n="bed98/000061-a-1070"
                      ecep:lem=";"
                      ecep:pos=";"
                      ecep:reg=";"
                      ecep:spe=";">;</pc>
               </l>
               <l xml:id="bed98-l04435">
                  <w xmlns:ecep="http://www.eighteenthcenturypoetry.org/ns"
                     xml:id="bed98-102220"
                     n="bed98/000061-a-1080"
                     ecep:lem="but"
                     ecep:pos="cc-acp"
                     ecep:reg="But"
                     ecep:spe="But"
                     ecep:syllab="1"
                     ecep:pron="bʌt">But</w>
                  <c> </c>
                  <w xmlns:ecep="http://www.eighteenthcenturypoetry.org/ns"
                     xml:id="bed98-102230"
                     n="bed98/000061-a-1090"
                     ecep:lem="bitter"
                     ecep:pos="jc"
                     ecep:reg="bitterer"
                     ecep:spe="bitterer"
                     ecep:syllab="3"
                     ecep:pron="ˈbɪtrə">bitterer</w>
                  <c> </c>
                  <w xmlns:ecep="http://www.eighteenthcenturypoetry.org/ns"
                     xml:id="bed98-102240"
                     n="bed98/000061-a-1100"
                     ecep:lem="far"
                     ecep:pos="j"
                     ecep:reg="far"
                     ecep:spe="far"
                     ecep:syllab="1"
                     ecep:pron="fɑː">far</w>
                  <c> </c>
                  <w xmlns:ecep="http://www.eighteenthcenturypoetry.org/ns"
                     xml:id="bed98-102250"
                     n="bed98/000061-a-1110"
                     ecep:lem="that"
                     ecep:pos="cst"
                     ecep:reg="that"
                     ecep:spe="that"
                     ecep:syllab="1"
                     ecep:pron="ðæt">that</w>
                  <c> </c>
                  <w xmlns:ecep="http://www.eighteenthcenturypoetry.org/ns"
                     xml:id="bed98-102260"
                     n="bed98/000061-a-1120"
                     ecep:lem="zephyr"
                     ecep:pos="ng1"
                     ecep:reg="zephyr's"
                     ecep:spe="zephyr's"
                     ecep:syllab="2"
                     ecep:pron="ˈzefəz">zephyr's</w>
                  <c> </c>
                  <w xmlns:ecep="http://www.eighteenthcenturypoetry.org/ns"
                     xml:id="bed98-102270"
                     n="bed98/000061-a-1130"
                     ecep:lem="breeze"
                     ecep:pos="n1"
                     ecep:reg="breeze"
                     ecep:spe="breeze"
                     ecep:syllab="1"
                     ecep:pron="briːz">breeze</w>
                  <pc xmlns:ecep="http://www.eighteenthcenturypoetry.org/ns"
                      xml:id="bed98-102280"
                      n="bed98/000061-a-1140"
                      ecep:lem=","
                      ecep:pos=","
                      ecep:reg=","
                      ecep:spe=",">,</pc>
               </l>
               <l rendition="#h_3" xml:id="bed98-l04440">
                  <w xmlns:ecep="http://www.eighteenthcenturypoetry.org/ns"
                     xml:id="bed98-102290"
                     n="bed98/000061-a-1150"
                     ecep:lem="which"
                     ecep:pos="r-crq"
                     ecep:reg="Which"
                     ecep:spe="Which"
                     ecep:syllab="1"
                     ecep:pron="wɪtʃ">Which</w>
                  <c> </c>
                  <w xmlns:ecep="http://www.eighteenthcenturypoetry.org/ns"
                     xml:id="bed98-102300"
                     n="bed98/000061-a-1160"
                     ecep:lem="part"
                     ecep:pos="vvd"
                     ecep:reg="parted"
                     ecep:spe="parted"
                     ecep:syllab="2"
                     ecep:pron="pɑːtɪd">parted</w>
                  <c> </c>
                  <w xmlns:ecep="http://www.eighteenthcenturypoetry.org/ns"
                     xml:id="bed98-102310"
                     n="bed98/000061-a-1170"
                     ecep:lem="you"
                     ecep:pos="pn22"
                     ecep:reg="you"
                     ecep:spe="you"
                     ecep:syllab="1"
                     ecep:pron="juː">you</w>
                  <c> </c>
                  <w xmlns:ecep="http://www.eighteenthcenturypoetry.org/ns"
                     xml:id="bed98-102320"
                     n="bed98/000061-a-1180"
                     ecep:lem="and"
                     ecep:pos="cc"
                     ecep:reg="and"
                     ecep:spe="and"
                     ecep:syllab="1"
                     ecep:pron="ænd">and</w>
                  <c> </c>
                  <w xmlns:ecep="http://www.eighteenthcenturypoetry.org/ns"
                     xml:id="bed98-102330"
                     n="bed98/000061-a-1190"
                     ecep:lem="i"
                     ecep:pos="pno11"
                     ecep:reg="me"
                     ecep:spe="me"
                     ecep:syllab="1"
                     ecep:pron="miː">me</w>
                  <pc xmlns:ecep="http://www.eighteenthcenturypoetry.org/ns"
                      xml:id="bed98-102340"
                      n="bed98/000061-a-1200"
                      unit="sentence"
                      ecep:lem="."
                      ecep:pos="."
                      ecep:reg="."
                      ecep:spe=".">.</pc>
               </l>
            </lg>
         </div>
      </body>
   </text>
</TEI>
