<?xml version="1.0" encoding="utf-8"?>
<!DOCTYPE div
  SYSTEM "about:legacy-compat">
<div xmlns:ecep="http://www.eighteenthcenturypoetry.org/ns"
     xmlns="http://www.tei-c.org/ns/1.0"
     xmlns:tei="http://www.tei-c.org/ns/1.0"
     ana="#iamb #tetrameter #couplet #pair #satire"
     corresp="#txt_DuckSt1705_w0023"
     decls="#semi-normalized"
     ecep:syllab="8"
     met="-+|-+|-+|-+/"
     rendition="#lgvspace"
     rhyme="aa"
     subtype="eceptext"
     type="poem"
     xml:id="o4741-w0210">
   <link target="authors.xml#aut_DuckSt1705" type="author"/>
   <head type="main">
      <w xml:id="o4741-339820"
         n="204-a-0010"
         ecep:lem="on"
         ecep:pos="p-acp"
         ecep:reg="On"
         ecep:spe="On"
         ecep:syllab="1"
         ecep:pron="ɒn">On</w>
      <c> </c>
      <w xml:id="o4741-339830"
         n="204-a-0020"
         ecep:lem="mite"
         ecep:pos="n2"
         ecep:reg="MITES"
         ecep:spe="MITES"
         ecep:syllab="1"
         ecep:pron="maɪts">MITES</w>
      <pc xml:id="o4741-339840"
          n="204-a-0030"
          unit="sentence"
          ecep:lem="."
          ecep:pos="."
          ecep:reg="."
          ecep:spe=".">.</pc>
   </head>
   <head type="sub">
      <w xml:id="o4741-339870"
         n="204-a-0040"
         ecep:lem="to"
         ecep:pos="p-acp"
         ecep:reg="To"
         ecep:spe="To"
         ecep:syllab="1"
         ecep:pron="tuː">To</w>
      <c> </c>
      <w xml:id="o4741-339880"
         n="204-a-0050"
         ecep:lem="a"
         ecep:pos="dt"
         ecep:reg="a"
         ecep:spe="a"
         ecep:syllab="1"
         ecep:pron="ə">a</w>
      <c> </c>
      <w xml:id="o4741-339890"
         n="204-a-0060"
         ecep:lem="lady"
         ecep:pos="n1"
         ecep:reg="LADY"
         ecep:spe="LADY"
         ecep:syllab="2"
         ecep:pron="ˈleɪdi">LADY</w>
      <pc xml:id="o4741-339900"
          n="204-a-0070"
          unit="sentence"
          ecep:lem="."
          ecep:pos="."
          ecep:reg="."
          ecep:spe=".">.</pc>
   </head>
   <epigraph>
      <q>
         <w xml:id="o4741-339940"
            n="204-a-0080"
            ecep:lem="it|be"
            ecep:pos="pn31|vbz"
            ecep:reg="It's"
            ecep:spe="'Tis"
            ecep:syllab="1"
            ecep:pron="tɪz">'Tis</w>
         <c> </c>
         <w xml:id="o4741-339950"
            n="204-a-0090"
            ecep:lem="but"
            ecep:pos="cc-acp"
            ecep:reg="but"
            ecep:spe="but"
            ecep:syllab="1"
            ecep:pron="bʌt">but</w>
         <c> </c>
         <w xml:id="o4741-339960"
            n="204-a-0100"
            ecep:lem="by"
            ecep:pos="p-acp"
            ecep:reg="by"
            ecep:spe="by"
            ecep:syllab="1"
            ecep:pron="baɪ">by</w>
         <c> </c>
         <w xml:id="o4741-339970"
            n="204-a-0110"
            ecep:lem="way"
            ecep:pos="n1"
            ecep:reg="way"
            ecep:spe="way"
            ecep:syllab="1"
            ecep:pron="weɪ">way</w>
         <c> </c>
         <w xml:id="o4741-339980"
            n="204-a-0120"
            ecep:lem="of"
            ecep:pos="pp-f"
            ecep:reg="of"
            ecep:spe="of"
            ecep:syllab="1"
            ecep:pron="ɒv">of</w>
         <c> </c>
         <hi>
            <w xml:id="o4741-339990"
               n="204-a-0130"
               ecep:lem="simile"
               ecep:pos="n1"
               ecep:reg="Simile"
               ecep:spe="Simile"
               ecep:syllab="3"
               ecep:pron="ˈsɪməli">Simile</w>
            <pc xml:id="o4741-340000"
                n="204-a-0140"
                unit="sentence"
                ecep:lem="."
                ecep:pos="."
                ecep:reg="."
                ecep:spe=".">.</pc>
            <c> </c>
         </hi>
      </q>
      <bibl>
         <w xml:id="o4741-340030"
            n="204-a-0150"
            ecep:lem="prior"
            ecep:pos="j-jn"
            ecep:reg="PRIOR"
            ecep:spe="PRIOR"
            ecep:syllab="2"
            ecep:pron="ˈpraɪə">PRIOR</w>
         <pc xml:id="o4741-340040"
             n="204-a-0160"
             unit="sentence"
             ecep:lem="."
             ecep:pos="."
             ecep:reg="."
             ecep:spe=".">.</pc>
      </bibl>
   </epigraph>
   <lg xml:id="o4741-s00955">
      <l xml:id="o4741-l11845">
         <w xml:id="o4741-340070"
            n="204-a-0170"
            ecep:lem="dear"
            ecep:pos="j-jn"
            ecep:reg="DEAR"
            ecep:spe="DEAR"
            ecep:syllab="1"
            ecep:pron="dɪə">DEAR</w>
         <c> </c>
         <w xml:id="o4741-340080"
            n="204-a-0180"
            ecep:lem="madam"
            ecep:pos="n1"
            ecep:reg="Madam"
            ecep:spe="Madam"
            ecep:syllab="2"
            ecep:pron="ˈmædəm">Madam</w>
         <pc xml:id="o4741-340090"
             n="204-a-0190"
             ecep:lem=","
             ecep:pos=","
             ecep:reg=","
             ecep:spe=",">,</pc>
         <c> </c>
         <w xml:id="o4741-340100"
            n="204-a-0200"
            ecep:lem="do"
            ecep:pos="vdd"
            ecep:reg="did"
            ecep:spe="did"
            ecep:syllab="1"
            ecep:pron="dɪd">did</w>
         <c> </c>
         <w xml:id="o4741-340110"
            n="204-a-0210"
            ecep:lem="you"
            ecep:pos="pn22"
            ecep:reg="you"
            ecep:spe="you"
            ecep:syllab="1"
            ecep:pron="juː">you</w>
         <c> </c>
         <w xml:id="o4741-340120"
            n="204-a-0220"
            ecep:lem="never"
            ecep:pos="av-x"
            ecep:reg="never"
            ecep:spe="never"
            ecep:syllab="2"
            ecep:pron="ˈnevə">never</w>
         <c> </c>
         <w xml:id="o4741-340130"
            n="204-a-0230"
            ecep:lem="gaze"
            ecep:pos="vvi"
            ecep:reg="gaze"
            ecep:spe="gaze"
            ecep:syllab="1"
            ecep:pron="geɪz">gaze</w>
         <pc xml:id="o4741-340140"
             n="204-a-0240"
             ecep:lem=","
             ecep:pos=","
             ecep:reg=","
             ecep:spe=",">,</pc>
      </l>
      <l xml:id="o4741-l11850">
         <c> </c>
         <w xml:id="o4741-340150"
            n="204-a-0250"
            ecep:lem="through"
            ecep:pos="p-acp"
            ecep:reg="Through"
            ecep:spe="Thro'"
            ecep:syllab="1"
            ecep:pron="θruː">Thro'</w>
         <c> </c>
         <w xml:id="o4741-340160"
            n="204-a-0260"
            ecep:lem="optic-glass"
            ecep:pos="n1"
            ecep:reg="Optic-glass"
            ecep:spe="Optic-glass"
            ecep:syllab="3"
            ecep:pron="ˈɒptɪkˌglɑːs">Optic-glass</w>
         <pc xml:id="o4741-340170"
             n="204-a-0270"
             ecep:lem=","
             ecep:pos=","
             ecep:reg=","
             ecep:spe=",">,</pc>
         <c> </c>
         <w xml:id="o4741-340180"
            n="204-a-0280"
            ecep:lem="on"
            ecep:pos="p-acp"
            ecep:reg="on"
            ecep:spe="on"
            ecep:syllab="1"
            ecep:pron="ɒn">on</w>
         <c> </c>
         <w xml:id="o4741-340190"
            n="204-a-0290"
            ecep:lem="rot"
            ecep:pos="j-vvn"
            ecep:reg="rotten"
            ecep:spe="rotten"
            ecep:syllab="2"
            ecep:pron="ˈrɒtn">rotten</w>
         <c> </c>
         <hi>
            <w xml:id="o4741-340200"
               n="204-a-0300"
               ecep:lem="cheese"
               ecep:pos="n1"
               ecep:reg="Cheese"
               ecep:spe="Cheese"
               ecep:syllab="1"
               ecep:pron="tʃiːz">Cheese</w>
            <pc xml:id="o4741-340210"
                n="204-a-0310"
                unit="sentence"
                ecep:lem="?"
                ecep:pos="?"
                ecep:reg="?"
                ecep:spe="?">?</pc>
            <c> </c>
         </hi>
      </l>
      <l xml:id="o4741-l11855">
         <w xml:id="o4741-340220"
            n="204-a-0320"
            ecep:lem="there"
            ecep:pos="a-acp"
            ecep:reg="There"
            ecep:spe="There"
            ecep:syllab="1"
            ecep:pron="ðeə">There</w>
         <pc xml:id="o4741-340230"
             n="204-a-0330"
             ecep:lem=","
             ecep:pos=","
             ecep:reg=","
             ecep:spe=",">,</pc>
         <c> </c>
         <w xml:id="o4741-340240"
            n="204-a-0340"
            ecep:lem="madam"
            ecep:pos="n1"
            ecep:reg="Madam"
            ecep:spe="Madam"
            ecep:syllab="2"
            ecep:pron="ˈmædəm">Madam</w>
         <pc xml:id="o4741-340250"
             n="204-a-0350"
             ecep:lem=","
             ecep:pos=","
             ecep:reg=","
             ecep:spe=",">,</pc>
         <c> </c>
         <w xml:id="o4741-340260"
            n="204-a-0360"
            ecep:lem="do"
            ecep:pos="vdd"
            ecep:reg="did"
            ecep:spe="did"
            ecep:syllab="1"
            ecep:pron="dɪd">did</w>
         <c> </c>
         <w xml:id="o4741-340270"
            n="204-a-0370"
            ecep:lem="you"
            ecep:pos="pn22"
            ecep:reg="you"
            ecep:spe="you"
            ecep:syllab="1"
            ecep:pron="juː">you</w>
         <c> </c>
         <w xml:id="o4741-340280"
            n="204-a-0380"
            ecep:lem="never"
            ecep:pos="av-x"
            ecep:reg="never"
            ecep:spe="ne'er"
            ecep:syllab="1"
            ecep:pron="neə">ne'er</w>
         <c> </c>
         <w xml:id="o4741-340290"
            n="204-a-0390"
            ecep:lem="perceive"
            ecep:pos="vvi"
            ecep:reg="perceive"
            ecep:spe="perceive"
            ecep:syllab="2"
            ecep:pron="pəˈsiːv">perceive</w>
      </l>
      <l xml:id="o4741-l11860">
         <c> </c>
         <w xml:id="o4741-340300"
            n="204-a-0400"
            ecep:lem="a"
            ecep:pos="dt"
            ecep:reg="A"
            ecep:spe="A"
            ecep:syllab="1"
            ecep:pron="ə">A</w>
         <c> </c>
         <w xml:id="o4741-340310"
            n="204-a-0410"
            ecep:lem="crowd"
            ecep:pos="n1"
            ecep:reg="Crowd"
            ecep:spe="Crowd"
            ecep:syllab="1"
            ecep:pron="kraʊd">Crowd</w>
         <c> </c>
         <w xml:id="o4741-340320"
            n="204-a-0420"
            ecep:lem="of"
            ecep:pos="pp-f"
            ecep:reg="of"
            ecep:spe="of"
            ecep:syllab="1"
            ecep:pron="ɒv">of</w>
         <c> </c>
         <w xml:id="o4741-340330"
            n="204-a-0430"
            ecep:lem="dwarfish"
            ecep:pos="j"
            ecep:reg="dwarfish"
            ecep:spe="dwarfish"
            ecep:syllab="2"
            ecep:pron="ˈdwɔːfɪʃ">dwarfish</w>
         <c> </c>
         <w xml:id="o4741-340340"
            n="204-a-0440"
            ecep:lem="creature"
            ecep:pos="n2"
            ecep:reg="Creatures"
            ecep:spe="Creatures"
            ecep:syllab="2"
            ecep:pron="ˈkriːtʃəz">Creatures</w>
         <c> </c>
         <w xml:id="o4741-340350"
            n="204-a-0450"
            ecep:lem="live"
            ecep:pos="vvi"
            ecep:reg="live"
            ecep:spe="live"
            ecep:syllab="1"
            ecep:pron="lɪv">live</w>
         <pc xml:id="o4741-340360"
             n="204-a-0460"
             unit="sentence"
             ecep:lem="?"
             ecep:pos="?"
             ecep:reg="?"
             ecep:spe="?">?</pc>
         <c> </c>
      </l>
      <l xml:id="o4741-l11865">
         <w xml:id="o4741-340370"
            n="204-a-0470"
            ecep:lem="the"
            ecep:pos="dt"
            ecep:reg="The"
            ecep:spe="The"
            ecep:syllab="1"
            ecep:pron="ðiː">The</w>
         <c> </c>
         <w xml:id="o4741-340380"
            n="204-a-0480"
            ecep:lem="little"
            ecep:pos="j"
            ecep:reg="little"
            ecep:spe="little"
            ecep:syllab="2"
            ecep:pron="ˈlɪtl">little</w>
         <c> </c>
         <w xml:id="o4741-340390"
            n="204-a-0490"
            ecep:lem="thing"
            ecep:pos="n2"
            ecep:reg="Things"
            ecep:spe="Things"
            ecep:syllab="1"
            ecep:pron="θɪŋz">Things</w>
         <pc xml:id="o4741-340400"
             n="204-a-0500"
             ecep:lem=","
             ecep:pos=","
             ecep:reg=","
             ecep:spe=",">,</pc>
         <c> </c>
         <w xml:id="o4741-340410"
            n="204-a-0510"
            ecep:lem="elate"
            ecep:pos="vvb"
            ecep:reg="elate"
            ecep:spe="elate"
            ecep:syllab="2"
            ecep:pron="iˈleɪt">elate</w>
         <c> </c>
         <w xml:id="o4741-340420"
            n="204-a-0520"
            ecep:lem="with"
            ecep:pos="p-acp"
            ecep:reg="with"
            ecep:spe="with"
            ecep:syllab="1"
            ecep:pron="wɪð">with</w>
         <c> </c>
         <w xml:id="o4741-340430"
            n="204-a-0530"
            ecep:lem="pride"
            ecep:pos="n1"
            ecep:reg="Pride"
            ecep:spe="Pride"
            ecep:syllab="1"
            ecep:pron="praɪd">Pride</w>
         <pc xml:id="o4741-340440"
             n="204-a-0540"
             ecep:lem=","
             ecep:pos=","
             ecep:reg=","
             ecep:spe=",">,</pc>
      </l>
      <l xml:id="o4741-l11870">
         <c> </c>
         <w xml:id="o4741-340450"
            n="204-a-0550"
            ecep:lem="strut"
            ecep:pos="vvb"
            ecep:reg="Strut"
            ecep:spe="Strut"
            ecep:syllab="1"
            ecep:pron="strʌt">Strut</w>
         <c> </c>
         <w xml:id="o4741-340460"
            n="204-a-0560"
            ecep:lem="to"
            ecep:pos="p-acp"
            ecep:reg="to"
            ecep:spe="to"
            ecep:syllab="1"
            ecep:pron="tuː">to</w>
         <c> </c>
         <w xml:id="o4741-340470"
            n="204-a-0570"
            ecep:lem="and"
            ecep:pos="cc"
            ecep:reg="and"
            ecep:spe="and"
            ecep:syllab="1"
            ecep:pron="ænd">and</w>
         <c> </c>
         <w xml:id="o4741-340480"
            n="204-a-0580"
            ecep:lem="fro"
            ecep:pos="av"
            ecep:reg="fro"
            ecep:spe="fro"
            ecep:syllab="1"
            ecep:pron="frəʊ">fro</w>
         <pc xml:id="o4741-340490"
             n="204-a-0590"
             ecep:lem=","
             ecep:pos=","
             ecep:reg=","
             ecep:spe=",">,</pc>
         <c> </c>
         <w xml:id="o4741-340500"
            n="204-a-0600"
            ecep:lem="from"
            ecep:pos="p-acp"
            ecep:reg="from"
            ecep:spe="from"
            ecep:syllab="1"
            ecep:pron="frɒm">from</w>
         <c> </c>
         <w xml:id="o4741-340510"
            n="204-a-0610"
            ecep:lem="side"
            ecep:pos="n1"
            ecep:reg="Side"
            ecep:spe="Side"
            ecep:syllab="1"
            ecep:pron="saɪd">Side</w>
         <c> </c>
         <w xml:id="o4741-340520"
            n="204-a-0620"
            ecep:lem="to"
            ecep:pos="p-acp"
            ecep:reg="to"
            ecep:spe="to"
            ecep:syllab="1"
            ecep:pron="tuː">to</w>
         <c> </c>
         <w xml:id="o4741-340530"
            n="204-a-0630"
            ecep:lem="side"
            ecep:pos="n1"
            ecep:reg="Side"
            ecep:spe="Side"
            ecep:syllab="1"
            ecep:pron="saɪd">Side</w>
         <pc xml:id="o4741-340540"
             n="204-a-0640"
             ecep:lem=":"
             ecep:pos=":"
             ecep:reg=":"
             ecep:spe=":">:</pc>
      </l>
      <l xml:id="o4741-l11875">
         <c> </c>
         <w xml:id="o4741-340550"
            n="204-a-0650"
            ecep:lem="in"
            ecep:pos="p-acp"
            ecep:reg="In"
            ecep:spe="In"
            ecep:syllab="1"
            ecep:pron="ɪn">In</w>
         <c> </c>
         <w xml:id="o4741-340560"
            n="204-a-0660"
            ecep:lem="tiny"
            ecep:pos="j"
            ecep:reg="tiny"
            ecep:spe="tiny"
            ecep:syllab="2"
            ecep:pron="ˈtaɪni">tiny</w>
         <c> </c>
         <w xml:id="o4741-340570"
            n="204-a-0670"
            ecep:lem="pomp"
            ecep:pos="n1"
            ecep:reg="Pomp"
            ecep:spe="Pomp"
            ecep:syllab="1"
            ecep:pron="pɒmp">Pomp</w>
         <pc xml:id="o4741-340580"
             n="204-a-0680"
             ecep:lem=","
             ecep:pos=","
             ecep:reg=","
             ecep:spe=",">,</pc>
         <c> </c>
         <w xml:id="o4741-340590"
            n="204-a-0690"
            ecep:lem="and"
            ecep:pos="cc"
            ecep:reg="and"
            ecep:spe="and"
            ecep:syllab="1"
            ecep:pron="ænd">and</w>
         <c> </c>
         <w xml:id="o4741-340600"
            n="204-a-0700"
            ecep:lem="pert"
            ecep:pos="av-j"
            ecep:reg="pertly"
            ecep:spe="pertly"
            ecep:syllab="2"
            ecep:pron="ˈpɜːtli">pertly</w>
         <c> </c>
         <w xml:id="o4741-340610"
            n="204-a-0710"
            ecep:lem="vain"
            ecep:pos="j"
            ecep:reg="vain"
            ecep:spe="vain"
            ecep:syllab="1"
            ecep:pron="veɪn">vain</w>
         <pc xml:id="o4741-340620"
             n="204-a-0720"
             ecep:lem=","
             ecep:pos=","
             ecep:reg=","
             ecep:spe=",">,</pc>
      </l>
      <l xml:id="o4741-l11880">
         <c> </c>
         <w xml:id="o4741-340630"
            n="204-a-0730"
            ecep:lem="lord"
            ecep:pos="n2"
            ecep:reg="Lords"
            ecep:spe="Lords"
            ecep:syllab="1"
            ecep:pron="lɔːdz">Lords</w>
         <c> </c>
         <w xml:id="o4741-340640"
            n="204-a-0740"
            ecep:lem="of"
            ecep:pos="pp-f"
            ecep:reg="of"
            ecep:spe="of"
            ecep:syllab="1"
            ecep:pron="ɒv">of</w>
         <c> </c>
         <w xml:id="o4741-340650"
            n="204-a-0750"
            ecep:lem="their"
            ecep:pos="po32"
            ecep:reg="their"
            ecep:spe="their"
            ecep:syllab="1"
            ecep:pron="ðeə">their</w>
         <c> </c>
         <w xml:id="o4741-340660"
            n="204-a-0760"
            ecep:lem="please"
            ecep:pos="j-vvg"
            ecep:reg="pleasing"
            ecep:spe="pleasing"
            ecep:syllab="2"
            ecep:pron="ˈpliːzɪŋ">pleasing</w>
         <c> </c>
         <w xml:id="o4741-340670"
            n="204-a-0770"
            ecep:lem="orb"
            ecep:pos="n1"
            ecep:reg="Orb"
            ecep:spe="Orb"
            ecep:syllab="1"
            ecep:pron="ɔːb">Orb</w>
         <pc xml:id="o4741-340680"
             n="204-a-0780"
             ecep:lem=","
             ecep:pos=","
             ecep:reg=","
             ecep:spe=",">,</pc>
         <c> </c>
         <w xml:id="o4741-340690"
            n="204-a-0790"
            ecep:lem="they"
            ecep:pos="pns32"
            ecep:reg="they"
            ecep:spe="they"
            ecep:syllab="1"
            ecep:pron="ðeɪ">they</w>
         <c> </c>
         <w xml:id="o4741-340700"
            n="204-a-0800"
            ecep:lem="reign"
            ecep:pos="vvb"
            ecep:reg="reign"
            ecep:spe="reign"
            ecep:syllab="1"
            ecep:pron="reɪn">reign</w>
         <pc xml:id="o4741-340710"
             n="204-a-0810"
             ecep:lem=";"
             ecep:pos=";"
             ecep:reg=";"
             ecep:spe=";">;</pc>
      </l>
      <l xml:id="o4741-l11885">
         <c> </c>
         <w xml:id="o4741-340720"
            n="204-a-0820"
            ecep:lem="and"
            ecep:pos="cc"
            ecep:reg="And"
            ecep:spe="And"
            ecep:syllab="1"
            ecep:pron="ænd">And</w>
         <pc xml:id="o4741-340730"
             n="204-a-0830"
             ecep:lem=","
             ecep:pos=","
             ecep:reg=","
             ecep:spe=",">,</pc>
         <c> </c>
         <w xml:id="o4741-340740"
            n="204-a-0840"
            ecep:lem="fill"
            ecep:pos="vvn"
            ecep:reg="filled"
            ecep:spe="fill'd"
            ecep:syllab="1"
            ecep:pron="fɪld">fill'd</w>
         <c> </c>
         <w xml:id="o4741-340750"
            n="204-a-0850"
            ecep:lem="with"
            ecep:pos="p-acp"
            ecep:reg="with"
            ecep:spe="with"
            ecep:syllab="1"
            ecep:pron="wɪð">with</w>
         <c> </c>
         <w xml:id="o4741-340760"
            n="204-a-0860"
            ecep:lem="harden"
            ecep:pos="j-vvn"
            ecep:reg="hardened"
            ecep:spe="harden'd"
            ecep:syllab="2"
            ecep:pron="ˈhɑːdnd">harden'd</w>
         <c> </c>
         <w xml:id="o4741-340770"
            n="204-a-0870"
            ecep:lem="curd"
            ecep:pos="n2"
            ecep:reg="Curds"
            ecep:spe="Curds"
            ecep:syllab="1"
            ecep:pron="kɜːdz">Curds</w>
         <c> </c>
         <w xml:id="o4741-340780"
            n="204-a-0880"
            ecep:lem="and"
            ecep:pos="cc"
            ecep:reg="and"
            ecep:spe="and"
            ecep:syllab="1"
            ecep:pron="ænd">and</w>
         <c> </c>
         <w xml:id="o4741-340790"
            n="204-a-0890"
            ecep:lem="cream"
            ecep:pos="n1"
            ecep:reg="Cream"
            ecep:spe="Cream"
            ecep:syllab="1"
            ecep:pron="kriːm">Cream</w>
         <pc xml:id="o4741-340800"
             n="204-a-0900"
             ecep:lem=","
             ecep:pos=","
             ecep:reg=","
             ecep:spe=",">,</pc>
      </l>
      <l xml:id="o4741-l11890">
         <c> </c>
         <w xml:id="o4741-340810"
            n="204-a-0910"
            ecep:lem="think"
            ecep:pos="vvb"
            ecep:reg="Think"
            ecep:spe="Think"
            ecep:syllab="1"
            ecep:pron="θɪŋk">Think</w>
         <c> </c>
         <w xml:id="o4741-340820"
            n="204-a-0920"
            ecep:lem="the"
            ecep:pos="dt"
            ecep:reg="the"
            ecep:spe="the"
            ecep:syllab="1"
            ecep:pron="ðiː">the</w>
         <c> </c>
         <w xml:id="o4741-340830"
            n="204-a-0930"
            ecep:lem="whole"
            ecep:pos="j-jn"
            ecep:reg="whole"
            ecep:spe="whole"
            ecep:syllab="1"
            ecep:pron="həʊl">whole</w>
         <c> </c>
         <w xml:id="o4741-340840"
            n="204-a-0940"
            ecep:lem="dairy"
            ecep:pos="n1"
            ecep:reg="Dairy"
            ecep:spe="Dairy"
            ecep:syllab="2"
            ecep:pron="ˈdeəri">Dairy</w>
         <c> </c>
         <w xml:id="o4741-340850"
            n="204-a-0950"
            ecep:lem="make"
            ecep:pos="vvn"
            ecep:reg="made"
            ecep:spe="made"
            ecep:syllab="1"
            ecep:pron="meɪd">made</w>
         <c> </c>
         <w xml:id="o4741-340860"
            n="204-a-0960"
            ecep:lem="for"
            ecep:pos="p-acp"
            ecep:reg="for"
            ecep:spe="for"
            ecep:syllab="1"
            ecep:pron="fɔː">for</w>
         <c> </c>
         <hi>
            <w xml:id="o4741-340870"
               n="204-a-0970"
               ecep:lem="they"
               ecep:pos="pno32"
               ecep:reg="them"
               ecep:spe="them"
               ecep:syllab="1"
               ecep:pron="ðem">them</w>
            <pc xml:id="o4741-340880"
                n="204-a-0980"
                unit="sentence"
                ecep:lem="."
                ecep:pos="."
                ecep:reg="."
                ecep:spe=".">.</pc>
            <c> </c>
         </hi>
      </l>
   </lg>
   <pb facs="205" n="161" rend="none"/>
   <lg xml:id="o4741-s00960">
      <l xml:id="o4741-l11895">
         <w xml:id="o4741-340910"
            n="205-a-0010"
            ecep:lem="so"
            ecep:pos="av"
            ecep:reg="SO"
            ecep:spe="SO"
            ecep:syllab="1"
            ecep:pron="səʊ">SO</w>
         <c> </c>
         <w xml:id="o4741-340920"
            n="205-a-0020"
            ecep:lem="man"
            ecep:pos="n2"
            ecep:reg="Men"
            ecep:spe="Men"
            ecep:syllab="1"
            ecep:pron="men">Men</w>
         <pc xml:id="o4741-340930"
             n="205-a-0030"
             ecep:lem=","
             ecep:pos=","
             ecep:reg=","
             ecep:spe=",">,</pc>
         <c> </c>
         <w xml:id="o4741-340940"
            n="205-a-0040"
            ecep:lem="conceit"
            ecep:pos="j-vvn"
            ecep:reg="conceited"
            ecep:spe="conceited"
            ecep:syllab="3"
            ecep:pron="kənˈsiːtɪd">conceited</w>
         <c> </c>
         <w xml:id="o4741-340950"
            n="205-a-0050"
            ecep:lem="lord"
            ecep:pos="n2"
            ecep:reg="Lords"
            ecep:spe="Lords"
            ecep:syllab="1"
            ecep:pron="lɔːdz">Lords</w>
         <c> </c>
         <w xml:id="o4741-340960"
            n="205-a-0060"
            ecep:lem="of"
            ecep:pos="pp-f"
            ecep:reg="of"
            ecep:spe="of"
            ecep:syllab="1"
            ecep:pron="ɒv">of</w>
         <c> </c>
         <w xml:id="o4741-340970"
            n="205-a-0070"
            ecep:lem="all"
            ecep:pos="d"
            ecep:reg="all"
            ecep:spe="all"
            ecep:syllab="1"
            ecep:pron="ɔːl">all</w>
         <pc xml:id="o4741-340980"
             n="205-a-0080"
             ecep:lem=","
             ecep:pos=","
             ecep:reg=","
             ecep:spe=",">,</pc>
      </l>
      <l xml:id="o4741-l11900">
         <c> </c>
         <w xml:id="o4741-340990"
            n="205-a-0090"
            ecep:lem="walk"
            ecep:pos="vvb"
            ecep:reg="Walk"
            ecep:spe="Walk"
            ecep:syllab="1"
            ecep:pron="wɔːk">Walk</w>
         <c> </c>
         <w xml:id="o4741-341000"
            n="205-a-0100"
            ecep:lem="proud"
            ecep:pos="av-j"
            ecep:reg="proudly"
            ecep:spe="proudly"
            ecep:syllab="2"
            ecep:pron="ˈpraʊdli">proudly</w>
         <c> </c>
         <w xml:id="o4741-341010"
            n="205-a-0110"
            ecep:lem="over"
            ecep:pos="p-acp"
            ecep:reg="over"
            ecep:spe="o'er"
            ecep:syllab="1"
            ecep:pron="ˈɔːə">o'er</w>
         <c> </c>
         <w xml:id="o4741-341020"
            n="205-a-0120"
            ecep:lem="this"
            ecep:pos="d"
            ecep:reg="this"
            ecep:spe="this"
            ecep:syllab="1"
            ecep:pron="ðɪs">this</w>
         <c> </c>
         <w xml:id="o4741-341030"
            n="205-a-0130"
            ecep:lem="pendent"
            ecep:pos="j"
            ecep:reg="pendent"
            ecep:spe="pendent"
            ecep:syllab="2"
            ecep:pron="ˈpendənt">pendent</w>
         <c> </c>
         <w xml:id="o4741-341040"
            n="205-a-0140"
            ecep:lem="ball"
            ecep:pos="n1"
            ecep:reg="Ball"
            ecep:spe="Ball"
            ecep:syllab="1"
            ecep:pron="bɔːl">Ball</w>
         <pc xml:id="o4741-341050"
             n="205-a-0150"
             ecep:lem=","
             ecep:pos=","
             ecep:reg=","
             ecep:spe=",">,</pc>
      </l>
      <l xml:id="o4741-l11905">
         <c> </c>
         <w xml:id="o4741-341060"
            n="205-a-0160"
            ecep:lem="fond"
            ecep:pos="j"
            ecep:reg="Fond"
            ecep:spe="Fond"
            ecep:syllab="1"
            ecep:pron="fɒnd">Fond</w>
         <c> </c>
         <w xml:id="o4741-341070"
            n="205-a-0170"
            ecep:lem="of"
            ecep:pos="pp-f"
            ecep:reg="of"
            ecep:spe="of"
            ecep:syllab="1"
            ecep:pron="ɒv">of</w>
         <c> </c>
         <w xml:id="o4741-341080"
            n="205-a-0180"
            ecep:lem="their"
            ecep:pos="po32"
            ecep:reg="their"
            ecep:spe="their"
            ecep:syllab="1"
            ecep:pron="ðeə">their</w>
         <c> </c>
         <w xml:id="o4741-341090"
            n="205-a-0190"
            ecep:lem="little"
            ecep:pos="j"
            ecep:reg="little"
            ecep:spe="little"
            ecep:syllab="2"
            ecep:pron="ˈlɪtl">little</w>
         <c> </c>
         <w xml:id="o4741-341100"
            n="205-a-0200"
            ecep:lem="spot"
            ecep:pos="n1"
            ecep:reg="Spot"
            ecep:spe="Spot"
            ecep:syllab="1"
            ecep:pron="spɒt">Spot</w>
         <c> </c>
         <w xml:id="o4741-341110"
            n="205-a-0210"
            ecep:lem="below"
            ecep:pos="a-acp"
            ecep:reg="below"
            ecep:spe="below"
            ecep:syllab="2"
            ecep:pron="biˈləʊ">below</w>
         <pc xml:id="o4741-341120"
             n="205-a-0220"
             ecep:lem=","
             ecep:pos=","
             ecep:reg=","
             ecep:spe=",">,</pc>
      </l>
      <l xml:id="o4741-l11910">
         <c> </c>
         <w xml:id="o4741-341130"
            n="205-a-0230"
            ecep:lem="nor"
            ecep:pos="ccx"
            ecep:reg="Nor"
            ecep:spe="Nor"
            ecep:syllab="1"
            ecep:pron="nɔː">Nor</w>
         <c> </c>
         <w xml:id="o4741-341140"
            n="205-a-0240"
            ecep:lem="great"
            ecep:pos="jc"
            ecep:reg="greater"
            ecep:spe="greater"
            ecep:syllab="2"
            ecep:pron="ˈgreɪtə">greater</w>
         <c> </c>
         <w xml:id="o4741-341150"
            n="205-a-0250"
            ecep:lem="being"
            ecep:pos="n2"
            ecep:reg="Beings"
            ecep:spe="Beings"
            ecep:syllab="2"
            ecep:pron="ˈbiːɪŋz">Beings</w>
         <c> </c>
         <w xml:id="o4741-341160"
            n="205-a-0260"
            ecep:lem="care"
            ecep:pos="vvb"
            ecep:reg="care"
            ecep:spe="care"
            ecep:syllab="1"
            ecep:pron="keə">care</w>
         <c> </c>
         <w xml:id="o4741-341170"
            n="205-a-0270"
            ecep:lem="to"
            ecep:pos="pc-acp"
            ecep:reg="to"
            ecep:spe="to"
            ecep:syllab="1"
            ecep:pron="tuː">to</w>
         <c> </c>
         <w xml:id="o4741-341180"
            n="205-a-0280"
            ecep:lem="know"
            ecep:pos="vvi"
            ecep:reg="know"
            ecep:spe="know"
            ecep:syllab="1"
            ecep:pron="nəʊ">know</w>
         <pc xml:id="o4741-341190"
             n="205-a-0290"
             ecep:lem=";"
             ecep:pos=";"
             ecep:reg=";"
             ecep:spe=";">;</pc>
      </l>
      <l xml:id="o4741-l11915">
         <c> </c>
         <w xml:id="o4741-341200"
            n="205-a-0300"
            ecep:lem="but"
            ecep:pos="cc-acp"
            ecep:reg="But"
            ecep:spe="But"
            ecep:syllab="1"
            ecep:pron="bʌt">But</w>
         <c> </c>
         <w xml:id="o4741-341210"
            n="205-a-0310"
            ecep:lem="think"
            ecep:pos="vvb"
            ecep:reg="think"
            ecep:spe="think"
            ecep:syllab="1"
            ecep:pron="θɪŋk">think</w>
         <pc xml:id="o4741-341220"
             n="205-a-0320"
             ecep:lem=","
             ecep:pos=","
             ecep:reg=","
             ecep:spe=",">,</pc>
         <c> </c>
         <w xml:id="o4741-341230"
            n="205-a-0330"
            ecep:lem="those"
            ecep:pos="d"
            ecep:reg="those"
            ecep:spe="those"
            ecep:syllab="1"
            ecep:pron="ðəʊz">those</w>
         <c> </c>
         <hi>
            <w xml:id="o4741-341240"
               n="205-a-0340"
               ecep:lem="world"
               ecep:pos="n2"
               ecep:reg="Worlds"
               ecep:spe="Worlds"
               ecep:syllab="1"
               ecep:pron="wɜːldz">Worlds</w>
            <pc xml:id="o4741-341250"
                n="205-a-0350"
                ecep:lem=","
                ecep:pos=","
                ecep:reg=","
                ecep:spe=",">,</pc>
         </hi>
         <c> </c>
         <w xml:id="o4741-341260"
            n="205-a-0360"
            ecep:lem="which"
            ecep:pos="r-crq"
            ecep:reg="which"
            ecep:spe="which"
            ecep:syllab="1"
            ecep:pron="wɪtʃ">which</w>
         <c> </c>
         <w xml:id="o4741-341270"
            n="205-a-0370"
            ecep:lem="deck"
            ecep:pos="n1"
            ecep:reg="deck"
            ecep:spe="deck"
            ecep:syllab="1"
            ecep:pron="dek">deck</w>
         <c> </c>
         <w xml:id="o4741-341280"
            n="205-a-0380"
            ecep:lem="the"
            ecep:pos="dt"
            ecep:reg="the"
            ecep:spe="the"
            ecep:syllab="1"
            ecep:pron="ðiː">the</w>
         <c> </c>
         <w xml:id="o4741-341290"
            n="205-a-0390"
            ecep:lem="sky"
            ecep:pos="n2"
            ecep:reg="Skies"
            ecep:spe="Skies"
            ecep:syllab="1"
            ecep:pron="skaɪz">Skies</w>
         <pc xml:id="o4741-341300"
             n="205-a-0400"
             ecep:lem=","
             ecep:pos=","
             ecep:reg=","
             ecep:spe=",">,</pc>
      </l>
      <l xml:id="o4741-l11920">
         <c> </c>
         <w xml:id="o4741-341310"
            n="205-a-0410"
            ecep:lem="be"
            ecep:pos="vbdr"
            ecep:reg="Were"
            ecep:spe="Were"
            ecep:syllab="1"
            ecep:pron="wɜː">Were</w>
         <c> </c>
         <w xml:id="o4741-341320"
            n="205-a-0420"
            ecep:lem="only"
            ecep:pos="av-j"
            ecep:reg="only"
            ecep:spe="only"
            ecep:syllab="2"
            ecep:pron="ˈəʊnli">only</w>
         <c> </c>
         <w xml:id="o4741-341330"
            n="205-a-0430"
            ecep:lem="form"
            ecep:pos="vvn"
            ecep:reg="formed"
            ecep:spe="form'd"
            ecep:syllab="1"
            ecep:pron="fɔːmd">form'd</w>
         <c> </c>
         <w xml:id="o4741-341340"
            n="205-a-0440"
            ecep:lem="to"
            ecep:pos="pc-acp"
            ecep:reg="to"
            ecep:spe="to"
            ecep:syllab="1"
            ecep:pron="tuː">to</w>
         <c> </c>
         <w xml:id="o4741-341350"
            n="205-a-0450"
            ecep:lem="please"
            ecep:pos="vvi"
            ecep:reg="please"
            ecep:spe="please"
            ecep:syllab="1"
            ecep:pron="pliːz">please</w>
         <c> </c>
         <hi>
            <w xml:id="o4741-341360"
               n="205-a-0460"
               ecep:lem="their"
               ecep:pos="po32"
               ecep:reg="their"
               ecep:spe="their"
               ecep:syllab="1"
               ecep:pron="ðeə">their</w>
         </hi>
         <c> </c>
         <w xml:id="o4741-341370"
            n="205-a-0470"
            ecep:lem="eye"
            ecep:pos="n2"
            ecep:reg="Eyes"
            ecep:spe="Eyes"
            ecep:syllab="1"
            ecep:pron="aɪz">Eyes</w>
         <pc xml:id="o4741-341380"
             n="205-a-0480"
             unit="sentence"
             ecep:lem="."
             ecep:pos="."
             ecep:reg="."
             ecep:spe=".">.</pc>
         <c> </c>
      </l>
   </lg>
</div>
