<?xml version="1.0" encoding="UTF-8"?>
<?xml-model href="../tei_all.rnc" type="application/relax-ng-compact-syntax"?>
<TEI xmlns="http://www.tei-c.org/ns/1.0">
   <teiHeader>
      <fileDesc>
         <titleStmt>
            <title corresp="#txt_BailJo1762_w0039">A NURSERY LESSON (DEVOTIONAL).</title>
            <author corresp="authors.xml#aut_BailJo1762">Joanna Baillie</author>
            <respStmt>
               <name xml:id="AH">Alexander Huber</name>
               <resp>Editor</resp>
            </respStmt>
            <funder>
               <name type="institution" xml:id="BOD">Bodleian Libraries, University of Oxford</name>
               <address>
                  <addrLine>Broad Street</addrLine>
                  <addrLine>Oxford OX1 3BG</addrLine>
                  <addrLine>UK</addrLine>
               </address>
            </funder>
         </titleStmt>
         <publicationStmt>
            <publisher xml:id="ECPA">Eighteenth-Century Poetry Archive</publisher>
            <address>
               <addrLine>Taylor Institution Library</addrLine>
               <addrLine>St Giles'</addrLine>
               <addrLine>Oxford OX1 3NA</addrLine>
               <addrLine>UK</addrLine>
               <addrLine>
                  <email>info@eighteenthcenturypoetry.org</email>
               </addrLine>
               <addrLine>
                  <ref target="https://www.eighteenthcenturypoetry.org/">https://www.eighteenthcenturypoetry.org/</ref>
               </addrLine>
            </address>
            <pubPlace>Oxford</pubPlace>
            <availability status="restricted">
               <licence target="http://creativecommons.org/licenses/by-sa/3.0/">This work is licensed under a Creative Commons Attribution-ShareAlike 3.0 Unported License.</licence>
            </availability>
         </publicationStmt>
         <sourceDesc>
            <bibl>
               <author>Baillie, Joanna, 1762-1851.</author>
               <title>Fugitive Verses. By Joanna Baillie, author of “Dramas on the Passions,“ etc.</title>
               <pubPlace>London</pubPlace>
               <publisher>Edward Moxon, Dover Street. MDCCCXL.</publisher>
               <date>1840</date>
               <biblScope>pp. 208-209.</biblScope>
               <extent/>
            </bibl>
         </sourceDesc>
      </fileDesc>
      <encodingDesc>
         <projectDesc>
            <p>This e-text is part of the Works section of the Eighteenth-Century Poetry Archive (ECPA).</p>
            <p>XML created for the Eighteenth-Century Poetry Archive (ECPA).</p>
         </projectDesc>
         <editorialDecl>
            <p>Typography, spelling, capitalization, and punctuation have been cautiously modernized. The source of the text is given and all significant
						editorial interventions have been recorded in textual notes. This  text has been edited to conform to the recommendations found 
						in Level 5 of the
						Best Practices for TEI in Libraries version 4.0.0.
					</p>
         </editorialDecl>
         <classDecl>
            <taxonomy xml:id="LCNAF">
               <bibl>Library of Congress Name Authority File (<abbr>LCNAF</abbr>)</bibl>
            </taxonomy>
         </classDecl>
         <tagsDecl>
            <rendition n="linegroups indented" xml:id="lgindent" scheme="css">text-indent: 1em;</rendition>
            <rendition n="linegroups vertically spaced" xml:id="lgvspace" scheme="css">margin-bottom: 1em;</rendition>
            <rendition n="aligned centrally" xml:id="align-center" scheme="css">text-align: center;</rendition>
            <rendition n="aligned right" xml:id="align-right" scheme="css">text-align: right;</rendition>
            <rendition n="aligned left" xml:id="align-left" scheme="css">text-align: left;</rendition>
            <rendition n="inline" xml:id="inline" scheme="css">display: inline</rendition>
            <rendition n="italic" xml:id="i" scheme="css">font-style: italic;</rendition>
            <rendition n="bold" xml:id="b" scheme="css">font-weight: bold;</rendition>
         </tagsDecl>
      </encodingDesc>
   </teiHeader>
   <text>
      <body>
         <div xmlns:ecep="http://www.eighteenthcenturypoetry.org/ns"
              xmlns:tei="http://www.tei-c.org/ns/1.0"
              ana="#iamb #tetrameter #couplet #pair #admonition"
              corresp="#txt_BailJo1762_w0039"
              decls="#semi-normalized"
              ecep:syllab="8"
              met="-+|-+|-+|-+/"
              rendition="#lgvspace"
              rhyme="aa"
              subtype="eceptext"
              type="poem"
              xml:id="bjb18-w0390">
            <link target="authors.xml#aut_BailJo1762" type="author"/>
            <link subtype="topic" target="#bjb18-w0400" type="related"/>
            <head type="main">
               <w xml:id="bjb18-325950"
                  n="a-0010"
                  ecep:lem="a"
                  ecep:pos="dt"
                  ecep:reg="A"
                  ecep:spe="A"
                  ecep:syllab="1"
                  ecep:pron="ə">A</w>
               <c> </c>
               <w xml:id="bjb18-325960"
                  n="a-0020"
                  ecep:lem="nursery"
                  ecep:pos="n1"
                  ecep:reg="NURSERY"
                  ecep:spe="NURSERY"
                  ecep:syllab="3"
                  ecep:pron="ˈnɜːsri">NURSERY</w>
               <c> </c>
               <w xml:id="bjb18-325970"
                  n="a-0030"
                  ecep:lem="lesson"
                  ecep:pos="n1"
                  ecep:reg="LESSON"
                  ecep:spe="LESSON"
                  ecep:syllab="2"
                  ecep:pron="ˈlesn">LESSON</w>
               <c> </c>
               <pc xml:id="bjb18-325980"
                   n="a-0040"
                   ecep:lem="("
                   ecep:pos="("
                   ecep:reg="("
                   ecep:spe="(">(</pc>
               <w xml:id="bjb18-325990"
                  n="a-0050"
                  ecep:lem="devotional"
                  ecep:pos="j"
                  ecep:reg="DEVOTIONAL"
                  ecep:spe="DEVOTIONAL"
                  ecep:syllab="4"
                  ecep:pron="dɪˈvəʊʃnl">DEVOTIONAL</w>
               <pc xml:id="bjb18-326000"
                   n="a-0060"
                   ecep:lem=")"
                   ecep:pos=")"
                   ecep:reg=")"
                   ecep:spe=")">)</pc>
               <pc xml:id="bjb18-326010"
                   n="a-0070"
                   unit="sentence"
                   ecep:lem="."
                   ecep:pos="."
                   ecep:reg="."
                   ecep:spe=".">.</pc>
            </head>
            <lg xml:id="bjb18-s01815">
               <l xml:id="bjb18-l17120">
                  <hi rendition="#sc">
                     <w xml:id="bjb18-326040"
                        n="a-0080"
                        ecep:lem="say"
                        ecep:pos="vvb"
                        ecep:reg="SAY"
                        ecep:spe="SAY"
                        ecep:syllab="1"
                        ecep:pron="seɪ">SAY</w>
                  </hi>
                  <pc xml:id="bjb18-326050"
                      n="a-0090"
                      ecep:lem=","
                      ecep:pos=","
                      ecep:reg=","
                      ecep:spe=",">,</pc>
                  <c> </c>
                  <w xml:id="bjb18-326060"
                     n="a-0100"
                     ecep:lem="little"
                     ecep:pos="j"
                     ecep:reg="little"
                     ecep:spe="little"
                     ecep:syllab="2"
                     ecep:pron="ˈlɪtl">little</w>
                  <c> </c>
                  <w xml:id="bjb18-326070"
                     n="a-0110"
                     ecep:lem="child"
                     ecep:pos="n1"
                     ecep:reg="child"
                     ecep:spe="child"
                     ecep:syllab="1"
                     ecep:pron="tʃaɪld">child</w>
                  <pc xml:id="bjb18-326080"
                      n="a-0120"
                      ecep:lem=","
                      ecep:pos=","
                      ecep:reg=","
                      ecep:spe=",">,</pc>
                  <c> </c>
                  <w xml:id="bjb18-326090"
                     n="a-0130"
                     ecep:lem="who"
                     ecep:pos="r-crq"
                     ecep:reg="who"
                     ecep:spe="who"
                     ecep:syllab="1"
                     ecep:pron="huː">who</w>
                  <c> </c>
                  <w xml:id="bjb18-326100"
                     n="a-0140"
                     ecep:lem="give"
                     ecep:pos="vvz"
                     ecep:reg="gives"
                     ecep:spe="gives"
                     ecep:syllab="1"
                     ecep:pron="gɪvz">gives</w>
                  <c> </c>
                  <w xml:id="bjb18-326110"
                     n="a-0150"
                     ecep:lem="to"
                     ecep:pos="p-acp"
                     ecep:reg="to"
                     ecep:spe="to"
                     ecep:syllab="1"
                     ecep:pron="tuː">to</w>
                  <c> </c>
                  <w xml:id="bjb18-326120"
                     n="a-0160"
                     ecep:lem="thou"
                     ecep:pos="pno21"
                     ecep:reg="thee"
                     ecep:spe="thee"
                     ecep:syllab="1"
                     ecep:pron="ðiː">thee</w>
               </l>
               <l xml:id="bjb18-l17125">
                  <c> </c>
                  <w xml:id="bjb18-326130"
                     n="a-0170"
                     ecep:lem="thy"
                     ecep:pos="po21"
                     ecep:reg="Thy"
                     ecep:spe="Thy"
                     ecep:syllab="1"
                     ecep:pron="ðaɪ">Thy</w>
                  <c> </c>
                  <w xml:id="bjb18-326140"
                     n="a-0180"
                     ecep:lem="life"
                     ecep:pos="n1"
                     ecep:reg="life"
                     ecep:spe="life"
                     ecep:syllab="1"
                     ecep:pron="laɪf">life</w>
                  <c> </c>
                  <w xml:id="bjb18-326150"
                     n="a-0190"
                     ecep:lem="and"
                     ecep:pos="cc"
                     ecep:reg="and"
                     ecep:spe="and"
                     ecep:syllab="1"
                     ecep:pron="ænd">and</w>
                  <c> </c>
                  <w xml:id="bjb18-326160"
                     n="a-0200"
                     ecep:lem="limb"
                     ecep:pos="n2"
                     ecep:reg="limbs"
                     ecep:spe="limbs"
                     ecep:syllab="1"
                     ecep:pron="lɪmz">limbs</w>
                  <pc xml:id="bjb18-326170"
                      n="a-0210"
                      ecep:lem=","
                      ecep:pos=","
                      ecep:reg=","
                      ecep:spe=",">,</pc>
                  <c> </c>
                  <w xml:id="bjb18-326180"
                     n="a-0220"
                     ecep:lem="so"
                     ecep:pos="av"
                     ecep:reg="so"
                     ecep:spe="so"
                     ecep:syllab="1"
                     ecep:pron="səʊ">so</w>
                  <c> </c>
                  <w xml:id="bjb18-326190"
                     n="a-0230"
                     ecep:lem="light"
                     ecep:pos="j"
                     ecep:reg="light"
                     ecep:spe="light"
                     ecep:syllab="1"
                     ecep:pron="laɪt">light</w>
                  <c> </c>
                  <w xml:id="bjb18-326200"
                     n="a-0240"
                     ecep:lem="and"
                     ecep:pos="cc"
                     ecep:reg="and"
                     ecep:spe="and"
                     ecep:syllab="1"
                     ecep:pron="ænd">and</w>
                  <c> </c>
                  <w xml:id="bjb18-326210"
                     n="a-0250"
                     ecep:lem="free"
                     ecep:pos="j"
                     ecep:reg="free"
                     ecep:spe="free"
                     ecep:syllab="1"
                     ecep:pron="friː">free</w>
                  <pc xml:id="bjb18-326220"
                      n="a-0260"
                      unit="sentence"
                      ecep:lem="?"
                      ecep:pos="?"
                      ecep:reg="?"
                      ecep:spe="?">?</pc>
                  <c> </c>
               </l>
               <l xml:id="bjb18-l17130">
                  <w xml:id="bjb18-326230"
                     n="a-0270"
                     ecep:lem="thy"
                     ecep:pos="po21"
                     ecep:reg="Thy"
                     ecep:spe="Thy"
                     ecep:syllab="1"
                     ecep:pron="ðaɪ">Thy</w>
                  <c> </c>
                  <w xml:id="bjb18-326240"
                     n="a-0280"
                     ecep:lem="move"
                     ecep:pos="j-vvg"
                     ecep:reg="moving"
                     ecep:spe="moving"
                     ecep:syllab="2"
                     ecep:pron="muːvɪŋ">moving</w>
                  <c> </c>
                  <w xml:id="bjb18-326250"
                     n="a-0290"
                     ecep:lem="eye"
                     ecep:pos="n2"
                     ecep:reg="eyes"
                     ecep:spe="eyes"
                     ecep:syllab="1"
                     ecep:pron="aɪz">eyes</w>
                  <c> </c>
                  <w xml:id="bjb18-326260"
                     n="a-0300"
                     ecep:lem="to"
                     ecep:pos="pc-acp"
                     ecep:reg="to"
                     ecep:spe="to"
                     ecep:syllab="1"
                     ecep:pron="tuː">to</w>
                  <c> </c>
                  <w xml:id="bjb18-326270"
                     n="a-0310"
                     ecep:lem="look"
                     ecep:pos="vvi"
                     ecep:reg="look"
                     ecep:spe="look"
                     ecep:syllab="1"
                     ecep:pron="lʊk">look</w>
                  <c> </c>
                  <w xml:id="bjb18-326280"
                     n="a-0320"
                     ecep:lem="around"
                     ecep:pos="a-acp"
                     ecep:reg="around"
                     ecep:spe="around"
                     ecep:syllab="2"
                     ecep:pron="əˈraʊnd">around</w>
                  <pc xml:id="bjb18-326290"
                      n="a-0330"
                      ecep:lem=","
                      ecep:pos=","
                      ecep:reg=","
                      ecep:spe=",">,</pc>
               </l>
               <l xml:id="bjb18-l17135">
                  <c> </c>
                  <w xml:id="bjb18-326300"
                     n="a-0340"
                     ecep:lem="thy"
                     ecep:pos="po21"
                     ecep:reg="Thy"
                     ecep:spe="Thy"
                     ecep:syllab="1"
                     ecep:pron="ðaɪ">Thy</w>
                  <c> </c>
                  <w xml:id="bjb18-326310"
                     n="a-0350"
                     ecep:lem="ear"
                     ecep:pos="n2"
                     ecep:reg="ears"
                     ecep:spe="ears"
                     ecep:syllab="1"
                     ecep:pron="ɪəz">ears</w>
                  <c> </c>
                  <w xml:id="bjb18-326320"
                     n="a-0360"
                     ecep:lem="to"
                     ecep:pos="pc-acp"
                     ecep:reg="to"
                     ecep:spe="to"
                     ecep:syllab="1"
                     ecep:pron="tuː">to</w>
                  <c> </c>
                  <w xml:id="bjb18-326330"
                     n="a-0370"
                     ecep:lem="catch"
                     ecep:pos="vvi"
                     ecep:reg="catch"
                     ecep:spe="catch"
                     ecep:syllab="1"
                     ecep:pron="kætʃ">catch</w>
                  <c> </c>
                  <w xml:id="bjb18-326340"
                     n="a-0380"
                     ecep:lem="the"
                     ecep:pos="dt"
                     ecep:reg="the"
                     ecep:spe="the"
                     ecep:syllab="1"
                     ecep:pron="ðiː">the</w>
                  <c> </c>
                  <w xml:id="bjb18-326350"
                     n="a-0390"
                     ecep:lem="soft"
                     ecep:pos="js"
                     ecep:reg="softest"
                     ecep:spe="softest"
                     ecep:syllab="2"
                     ecep:pron="sɒftɪst">softest</w>
                  <c> </c>
                  <w xml:id="bjb18-326360"
                     n="a-0400"
                     ecep:lem="sound"
                     ecep:pos="n1"
                     ecep:reg="sound"
                     ecep:spe="sound"
                     ecep:syllab="1"
                     ecep:pron="saʊnd">sound</w>
                  <pc xml:id="bjb18-326370"
                      n="a-0410"
                      unit="sentence"
                      ecep:lem="?"
                      ecep:pos="?"
                      ecep:reg="?"
                      ecep:spe="?">?</pc>
                  <c> </c>
               </l>
               <l xml:id="bjb18-l17140">
                  <w xml:id="bjb18-326380"
                     n="a-0420"
                     ecep:lem="thy"
                     ecep:pos="po21"
                     ecep:reg="Thy"
                     ecep:spe="Thy"
                     ecep:syllab="1"
                     ecep:pron="ðaɪ">Thy</w>
                  <c> </c>
                  <w xml:id="bjb18-326390"
                     n="a-0430"
                     ecep:lem="food"
                     ecep:pos="n1"
                     ecep:reg="food"
                     ecep:spe="food"
                     ecep:syllab="1"
                     ecep:pron="fuːd">food</w>
                  <c> </c>
                  <w xml:id="bjb18-326400"
                     n="a-0440"
                     ecep:lem="and"
                     ecep:pos="cc"
                     ecep:reg="and"
                     ecep:spe="and"
                     ecep:syllab="1"
                     ecep:pron="ænd">and</w>
                  <c> </c>
                  <w xml:id="bjb18-326410"
                     n="a-0450"
                     ecep:lem="clothe"
                     ecep:pos="vvg"
                     ecep:reg="clothing"
                     ecep:spe="clothing"
                     ecep:syllab="2"
                     ecep:pron="ˈkləʊðɪŋ">clothing</w>
                  <pc xml:id="bjb18-326420"
                      n="a-0460"
                      ecep:lem=","
                      ecep:pos=","
                      ecep:reg=","
                      ecep:spe=",">,</pc>
                  <c> </c>
                  <w xml:id="bjb18-326430"
                     n="a-0470"
                     ecep:lem="friend"
                     ecep:pos="n2"
                     ecep:reg="friends"
                     ecep:spe="friends"
                     ecep:syllab="1"
                     ecep:pron="frendz">friends</w>
                  <c> </c>
                  <w xml:id="bjb18-326440"
                     n="a-0480"
                     ecep:lem="and"
                     ecep:pos="cc"
                     ecep:reg="and"
                     ecep:spe="and"
                     ecep:syllab="1"
                     ecep:pron="ænd">and</w>
                  <c> </c>
                  <w xml:id="bjb18-326450"
                     n="a-0490"
                     ecep:lem="home"
                     ecep:pos="n1-an"
                     ecep:reg="home"
                     ecep:spe="home"
                     ecep:syllab="1"
                     ecep:pron="həʊm">home</w>
                  <pc xml:id="bjb18-326460"
                      n="a-0500"
                      unit="sentence"
                      ecep:lem="?"
                      ecep:pos="?"
                      ecep:reg="?"
                      ecep:spe="?">?</pc>
                  <c> </c>
               </l>
               <l xml:id="bjb18-l17145">
                  <w xml:id="bjb18-326470"
                     n="a-0510"
                     ecep:lem="it|be"
                     ecep:pos="pn31|vbz"
                     ecep:reg="It's"
                     ecep:spe="'Tis"
                     ecep:syllab="1"
                     ecep:pron="tɪz">'Tis</w>
                  <c> </c>
                  <w xml:id="bjb18-326480"
                     n="a-0520"
                     ecep:lem="god"
                     ecep:pos="n1"
                     ecep:reg="God"
                     ecep:spe="God"
                     ecep:syllab="1"
                     ecep:pron="gɒd">God</w>
                  <c> </c>
                  <w xml:id="bjb18-326490"
                     n="a-0530"
                     ecep:lem="from"
                     ecep:pos="p-acp"
                     ecep:reg="from"
                     ecep:spe="from"
                     ecep:syllab="1"
                     ecep:pron="frɒm">from</w>
                  <c> </c>
                  <w xml:id="bjb18-326500"
                     n="a-0540"
                     ecep:lem="who"
                     ecep:pos="r-crq"
                     ecep:reg="whom"
                     ecep:spe="whom"
                     ecep:syllab="1"
                     ecep:pron="huːm">whom</w>
                  <c> </c>
                  <w xml:id="bjb18-326510"
                     n="a-0550"
                     ecep:lem="those"
                     ecep:pos="d"
                     ecep:reg="those"
                     ecep:spe="those"
                     ecep:syllab="1"
                     ecep:pron="ðəʊz">those</w>
                  <c> </c>
                  <w xml:id="bjb18-326520"
                     n="a-0560"
                     ecep:lem="blessing"
                     ecep:pos="n2"
                     ecep:reg="blessings"
                     ecep:spe="blessings"
                     ecep:syllab="2"
                     ecep:pron="ˈblesɪŋz">blessings</w>
                  <c> </c>
                  <w xml:id="bjb18-326530"
                     n="a-0570"
                     ecep:lem="come"
                     ecep:pos="vvb"
                     ecep:reg="come"
                     ecep:spe="come"
                     ecep:syllab="1"
                     ecep:pron="kʌm">come</w>
                  <pc xml:id="bjb18-326540"
                      n="a-0580"
                      ecep:lem=";"
                      ecep:pos=";"
                      ecep:reg=";"
                      ecep:spe=";">;</pc>
               </l>
               <l xml:id="bjb18-l17150">
                  <c> </c>
                  <w xml:id="bjb18-326550"
                     n="a-0590"
                     ecep:lem="and"
                     ecep:pos="cc"
                     ecep:reg="And"
                     ecep:spe="And"
                     ecep:syllab="1"
                     ecep:pron="ænd">And</w>
                  <c> </c>
                  <w xml:id="bjb18-326560"
                     n="a-0600"
                     ecep:lem="what"
                     ecep:pos="q-crq"
                     ecep:reg="what"
                     ecep:spe="what"
                     ecep:syllab="1"
                     ecep:pron="wɒt">what</w>
                  <c> </c>
                  <w xml:id="bjb18-326570"
                     n="a-0610"
                     ecep:lem="shall"
                     ecep:pos="vmd2"
                     ecep:reg="shouldst"
                     ecep:spe="shouldst"
                     ecep:syllab="1"
                     ecep:pron="ʃʊdst">shouldst</w>
                  <c> </c>
                  <w xml:id="bjb18-326580"
                     n="a-0620"
                     ecep:lem="thou"
                     ecep:pos="pns21"
                     ecep:reg="thou"
                     ecep:spe="thou"
                     ecep:syllab="1"
                     ecep:pron="θaʊ">thou</w>
                  <c> </c>
                  <w xml:id="bjb18-326590"
                     n="a-0630"
                     ecep:lem="do"
                     ecep:pos="vdi"
                     ecep:reg="do"
                     ecep:spe="do"
                     ecep:syllab="1"
                     ecep:pron="duː">do</w>
                  <pc xml:id="bjb18-326600"
                      n="a-0640"
                      ecep:lem="?"
                      ecep:pos="?"
                      ecep:reg="?"
                      ecep:spe="?">?</pc>
                  <c> </c>
                  <w xml:id="bjb18-326610"
                     n="a-0650"
                     ecep:lem="can"
                     ecep:pos="vm2"
                     ecep:reg="canst"
                     ecep:spe="canst"
                     ecep:syllab="1"
                     ecep:pron="kænst">canst</w>
                  <c> </c>
                  <w xml:id="bjb18-326620"
                     n="a-0660"
                     ecep:lem="thou"
                     ecep:pos="pns21"
                     ecep:reg="thou"
                     ecep:spe="thou"
                     ecep:syllab="1"
                     ecep:pron="θaʊ">thou</w>
                  <c> </c>
                  <w xml:id="bjb18-326630"
                     n="a-0670"
                     ecep:lem="guess"
                     ecep:pos="vvi"
                     ecep:reg="guess"
                     ecep:spe="guess"
                     ecep:syllab="1"
                     ecep:pron="ges">guess</w>
                  <pc xml:id="bjb18-326640"
                      n="a-0680"
                      unit="sentence"
                      ecep:lem="?"
                      ecep:pos="?"
                      ecep:reg="?"
                      ecep:spe="?">?</pc>
                  <c> </c>
               </l>
               <l xml:id="bjb18-l17155">
                  <w xml:id="bjb18-326650"
                     n="a-0690"
                     ecep:lem="to"
                     ecep:pos="p-acp"
                     ecep:reg="To"
                     ecep:spe="To"
                     ecep:syllab="1"
                     ecep:pron="tuː">To</w>
                  <c> </c>
                  <w xml:id="bjb18-326660"
                     n="a-0700"
                     ecep:lem="prove"
                     ecep:pos="vvi"
                     ecep:reg="prove"
                     ecep:spe="prove"
                     ecep:syllab="1"
                     ecep:pron="pruːv">prove</w>
                  <c> </c>
                  <w xml:id="bjb18-326670"
                     n="a-0710"
                     ecep:lem="to"
                     ecep:pos="p-acp"
                     ecep:reg="to"
                     ecep:spe="to"
                     ecep:syllab="1"
                     ecep:pron="tuː">to</w>
                  <c> </c>
                  <w xml:id="bjb18-326680"
                     n="a-0720"
                     ecep:lem="he"
                     ecep:pos="pno31"
                     ecep:reg="Him"
                     ecep:spe="Him"
                     ecep:syllab="1"
                     ecep:pron="hɪm">Him</w>
                  <c> </c>
                  <w xml:id="bjb18-326690"
                     n="a-0730"
                     ecep:lem="thy"
                     ecep:pos="po21"
                     ecep:reg="thy"
                     ecep:spe="thy"
                     ecep:syllab="1"
                     ecep:pron="ðaɪ">thy</w>
                  <c> </c>
                  <w xml:id="bjb18-326700"
                     n="a-0740"
                     ecep:lem="thankfulness"
                     ecep:pos="n1"
                     ecep:reg="thankfulness"
                     ecep:spe="thankfulness"
                     ecep:syllab="3"
                     ecep:pron="ˈθæŋkflnəs">thankfulness</w>
               </l>
               <l xml:id="bjb18-l17160">
                  <c> </c>
                  <w xml:id="bjb18-326710"
                     n="a-0750"
                     ecep:lem="for"
                     ecep:pos="p-acp"
                     ecep:reg="For"
                     ecep:spe="For"
                     ecep:syllab="1"
                     ecep:pron="fɔː">For</w>
                  <c> </c>
                  <w xml:id="bjb18-326720"
                     n="a-0760"
                     ecep:lem="life"
                     ecep:pos="n1"
                     ecep:reg="life"
                     ecep:spe="life"
                     ecep:syllab="1"
                     ecep:pron="laɪf">life</w>
                  <c> </c>
                  <w xml:id="bjb18-326730"
                     n="a-0770"
                     ecep:lem="and"
                     ecep:pos="cc"
                     ecep:reg="and"
                     ecep:spe="and"
                     ecep:syllab="1"
                     ecep:pron="ænd">and</w>
                  <c> </c>
                  <w xml:id="bjb18-326740"
                     n="a-0780"
                     ecep:lem="friend"
                     ecep:pos="n2"
                     ecep:reg="friends"
                     ecep:spe="friends"
                     ecep:syllab="1"
                     ecep:pron="frendz">friends</w>
                  <pc xml:id="bjb18-326750"
                      n="a-0790"
                      ecep:lem=","
                      ecep:pos=","
                      ecep:reg=","
                      ecep:spe=",">,</pc>
                  <c> </c>
                  <w xml:id="bjb18-326760"
                     n="a-0800"
                     ecep:lem="for"
                     ecep:pos="p-acp"
                     ecep:reg="for"
                     ecep:spe="for"
                     ecep:syllab="1"
                     ecep:pron="fɔː">for</w>
                  <c> </c>
                  <w xml:id="bjb18-326770"
                     n="a-0810"
                     ecep:lem="clothes"
                     ecep:pos="n2"
                     ecep:reg="clothes"
                     ecep:spe="clothes"
                     ecep:syllab="1"
                     ecep:pron="kləʊðz">clothes</w>
                  <c> </c>
                  <w xml:id="bjb18-326780"
                     n="a-0820"
                     ecep:lem="and"
                     ecep:pos="cc"
                     ecep:reg="and"
                     ecep:spe="and"
                     ecep:syllab="1"
                     ecep:pron="ænd">and</w>
                  <c> </c>
                  <w xml:id="bjb18-326790"
                     n="a-0830"
                     ecep:lem="food"
                     ecep:pos="n1"
                     ecep:reg="food"
                     ecep:spe="food"
                     ecep:syllab="1"
                     ecep:pron="fuːd">food</w>
                  <pc xml:id="bjb18-326800"
                      n="a-0840"
                      ecep:lem="?"
                      ecep:pos="?"
                      ecep:reg="?"
                      ecep:spe="?">?</pc>
                  <c> </c>
                  <pc xml:id="bjb18-326810"
                      n="a-0850"
                      ecep:lem="—"
                      ecep:pos="—"
                      ecep:reg="—"
                      ecep:spe="—">—</pc>
               </l>
               <l ana="#monometer"
                  ecep:syllab="2"
                  real="-+/"
                  rendition="#h_12"
                  xml:id="bjb18-l17165">
                  <c> </c>
                  <pc xml:id="bjb18-326820"
                      n="a-0860"
                      ecep:lem="&#34;"
                      ecep:pos="&#34;"
                      ecep:reg="&#34;"
                      ecep:spe="&#34;">"</pc>
                  <w xml:id="bjb18-326830"
                     n="a-0870"
                     ecep:lem="be"
                     ecep:pos="vbb"
                     ecep:reg="Be"
                     ecep:spe="Be"
                     ecep:syllab="1"
                     ecep:pron="biː">Be</w>
                  <c> </c>
                  <w xml:id="bjb18-326840"
                     n="a-0880"
                     ecep:lem="good"
                     ecep:pos="j"
                     ecep:reg="good"
                     ecep:spe="good"
                     ecep:syllab="1"
                     ecep:pron="gʊd">good</w>
                  <pc xml:id="bjb18-326850"
                      n="a-0890"
                      ecep:lem="."
                      ecep:pos="."
                      ecep:reg="."
                      ecep:spe=".">.</pc>
                  <pc xml:id="bjb18-326860"
                      n="a-0900"
                      unit="sentence"
                      ecep:lem="&#34;"
                      ecep:pos="&#34;"
                      ecep:reg="&#34;"
                      ecep:spe="&#34;">"</pc>
                  <c> </c>
               </l>
            </lg>
            <lg xml:id="bjb18-s01820">
               <l xml:id="bjb18-l17170">
                  <w xml:id="bjb18-326890"
                     n="a-0910"
                     ecep:lem="and"
                     ecep:pos="cc"
                     ecep:reg="And"
                     ecep:spe="And"
                     ecep:syllab="1"
                     ecep:pron="ænd">And</w>
                  <c> </c>
                  <w xml:id="bjb18-326900"
                     n="a-0920"
                     ecep:lem="tell"
                     ecep:pos="vvb"
                     ecep:reg="tell"
                     ecep:spe="tell"
                     ecep:syllab="1"
                     ecep:pron="tel">tell</w>
                  <c> </c>
                  <w xml:id="bjb18-326910"
                     n="a-0930"
                     ecep:lem="i"
                     ecep:pos="pno11"
                     ecep:reg="me"
                     ecep:spe="me"
                     ecep:syllab="1"
                     ecep:pron="miː">me</w>
                  <pc xml:id="bjb18-326920"
                      n="a-0940"
                      ecep:lem=","
                      ecep:pos=","
                      ecep:reg=","
                      ecep:spe=",">,</pc>
                  <c> </c>
                  <w xml:id="bjb18-326930"
                     n="a-0950"
                     ecep:lem="little-one"
                     ecep:pos="j"
                     ecep:reg="little-one"
                     ecep:spe="little-one"
                     ecep:syllab="3"
                     ecep:pron="ˈlɪtlˌwʌn">little-one</w>
                  <pc xml:id="bjb18-326940"
                      n="a-0960"
                      ecep:lem=","
                      ecep:pos=","
                      ecep:reg=","
                      ecep:spe=",">,</pc>
                  <c> </c>
                  <w xml:id="bjb18-326950"
                     n="a-0970"
                     ecep:lem="i"
                     ecep:pos="pns11"
                     ecep:reg="I"
                     ecep:spe="I"
                     ecep:syllab="1"
                     ecep:pron="aɪ">I</w>
                  <c> </c>
                  <w xml:id="bjb18-326960"
                     n="a-0980"
                     ecep:lem="pray"
                     ecep:pos="vvb"
                     ecep:reg="pray"
                     ecep:spe="pray"
                     ecep:syllab="1"
                     ecep:pron="preɪ">pray</w>
                  <pc xml:id="bjb18-326970"
                      n="a-0990"
                      ecep:lem=","
                      ecep:pos=","
                      ecep:reg=","
                      ecep:spe=",">,</pc>
               </l>
               <l xml:id="bjb18-l17175">
                  <c> </c>
                  <w xml:id="bjb18-326980"
                     n="a-1000"
                     ecep:lem="who"
                     ecep:pos="q-crq"
                     ecep:reg="Who"
                     ecep:spe="Who"
                     ecep:syllab="1"
                     ecep:pron="huː">Who</w>
                  <c> </c>
                  <w xml:id="bjb18-326990"
                     n="a-1010"
                     ecep:lem="give"
                     ecep:pos="vvz"
                     ecep:reg="gives"
                     ecep:spe="gives"
                     ecep:syllab="1"
                     ecep:pron="gɪvz">gives</w>
                  <c> </c>
                  <w xml:id="bjb18-327000"
                     n="a-1020"
                     ecep:lem="thou"
                     ecep:pos="pno21"
                     ecep:reg="thee"
                     ecep:spe="thee"
                     ecep:syllab="1"
                     ecep:pron="ðiː">thee</w>
                  <c> </c>
                  <w xml:id="bjb18-327010"
                     n="a-1030"
                     ecep:lem="pleasure"
                     ecep:pos="n1"
                     ecep:reg="pleasure"
                     ecep:spe="pleasure"
                     ecep:syllab="2"
                     ecep:pron="ˈpleʒə">pleasure</w>
                  <c> </c>
                  <w xml:id="bjb18-327020"
                     n="a-1040"
                     ecep:lem="in"
                     ecep:pos="p-acp"
                     ecep:reg="in"
                     ecep:spe="in"
                     ecep:syllab="1"
                     ecep:pron="ɪn">in</w>
                  <c> </c>
                  <w xml:id="bjb18-327030"
                     n="a-1050"
                     ecep:lem="thy"
                     ecep:pos="po21"
                     ecep:reg="thy"
                     ecep:spe="thy"
                     ecep:syllab="1"
                     ecep:pron="ðaɪ">thy</w>
                  <c> </c>
                  <w xml:id="bjb18-327040"
                     n="a-1060"
                     ecep:lem="play"
                     ecep:pos="n1"
                     ecep:reg="play"
                     ecep:spe="play"
                     ecep:syllab="1"
                     ecep:pron="pleɪ">play</w>
                  <pc xml:id="bjb18-327050"
                      n="a-1070"
                      unit="sentence"
                      ecep:lem="?"
                      ecep:pos="?"
                      ecep:reg="?"
                      ecep:spe="?">?</pc>
                  <c> </c>
               </l>
               <l xml:id="bjb18-l17180">
                  <w xml:id="bjb18-327060"
                     n="a-1080"
                     ecep:lem="who"
                     ecep:pos="q-crq"
                     ecep:reg="Who"
                     ecep:spe="Who"
                     ecep:syllab="1"
                     ecep:pron="huː">Who</w>
                  <c> </c>
                  <w xml:id="bjb18-327070"
                     n="a-1090"
                     ecep:lem="make"
                     ecep:pos="vvz"
                     ecep:reg="makes"
                     ecep:spe="makes"
                     ecep:syllab="1"
                     ecep:pron="meɪks">makes</w>
                  <c> </c>
                  <w xml:id="bjb18-327080"
                     n="a-1100"
                     ecep:lem="the"
                     ecep:pos="dt"
                     ecep:reg="the"
                     ecep:spe="the"
                     ecep:syllab="1"
                     ecep:pron="ðiː">the</w>
                  <c> </c>
                  <w xml:id="bjb18-327090"
                     n="a-1110"
                     ecep:lem="happy"
                     ecep:pos="j"
                     ecep:reg="happy"
                     ecep:spe="happy"
                     ecep:syllab="2"
                     ecep:pron="ˈhæpi">happy</w>
                  <c> </c>
                  <w xml:id="bjb18-327100"
                     n="a-1120"
                     ecep:lem="girl"
                     ecep:pos="n1"
                     ecep:reg="girl"
                     ecep:spe="girl"
                     ecep:syllab="1"
                     ecep:pron="gɜːl">girl</w>
                  <c> </c>
                  <w xml:id="bjb18-327110"
                     n="a-1130"
                     ecep:lem="and"
                     ecep:pos="cc"
                     ecep:reg="and"
                     ecep:spe="and"
                     ecep:syllab="1"
                     ecep:pron="ænd">and</w>
                  <c> </c>
                  <w xml:id="bjb18-327120"
                     n="a-1140"
                     ecep:lem="boy"
                     ecep:pos="n1"
                     ecep:reg="boy"
                     ecep:spe="boy"
                     ecep:syllab="1"
                     ecep:pron="bɔɪ">boy</w>
               </l>
               <l xml:id="bjb18-l17185">
                  <c> </c>
                  <w xml:id="bjb18-327130"
                     n="a-1150"
                     ecep:lem="to"
                     ecep:pos="pc-acp"
                     ecep:reg="To"
                     ecep:spe="To"
                     ecep:syllab="1"
                     ecep:pron="tuː">To</w>
                  <c> </c>
                  <w xml:id="bjb18-327140"
                     n="a-1160"
                     ecep:lem="run"
                     ecep:pos="vvi"
                     ecep:reg="run"
                     ecep:spe="run"
                     ecep:syllab="1"
                     ecep:pron="rʌn">run</w>
                  <pc xml:id="bjb18-327150"
                      n="a-1170"
                      ecep:lem=","
                      ecep:pos=","
                      ecep:reg=","
                      ecep:spe=",">,</pc>
                  <c> </c>
                  <w xml:id="bjb18-327160"
                     n="a-1180"
                     ecep:lem="and"
                     ecep:pos="cc"
                     ecep:reg="and"
                     ecep:spe="and"
                     ecep:syllab="1"
                     ecep:pron="ænd">and</w>
                  <c> </c>
                  <w xml:id="bjb18-327170"
                     n="a-1190"
                     ecep:lem="leap"
                     ecep:pos="vvb"
                     ecep:reg="leap"
                     ecep:spe="leap"
                     ecep:syllab="1"
                     ecep:pron="liːp">leap</w>
                  <pc xml:id="bjb18-327180"
                      n="a-1200"
                      ecep:lem=","
                      ecep:pos=","
                      ecep:reg=","
                      ecep:spe=",">,</pc>
                  <c> </c>
                  <w xml:id="bjb18-327190"
                     n="a-1210"
                     ecep:lem="and"
                     ecep:pos="cc"
                     ecep:reg="and"
                     ecep:spe="and"
                     ecep:syllab="1"
                     ecep:pron="ænd">and</w>
                  <c> </c>
                  <w xml:id="bjb18-327200"
                     n="a-1220"
                     ecep:lem="shout"
                     ecep:pos="vvb"
                     ecep:reg="shout"
                     ecep:spe="shout"
                     ecep:syllab="1"
                     ecep:pron="ʃaʊt">shout</w>
                  <c> </c>
                  <w xml:id="bjb18-327210"
                     n="a-1230"
                     ecep:lem="for"
                     ecep:pos="p-acp"
                     ecep:reg="for"
                     ecep:spe="for"
                     ecep:syllab="1"
                     ecep:pron="fɔː">for</w>
                  <c> </c>
                  <w xml:id="bjb18-327220"
                     n="a-1240"
                     ecep:lem="joy"
                     ecep:pos="n1"
                     ecep:reg="joy"
                     ecep:spe="joy"
                     ecep:syllab="1"
                     ecep:pron="dʒɔɪ">joy</w>
                  <pc xml:id="bjb18-327230"
                      n="a-1250"
                      ecep:lem=","
                      ecep:pos=","
                      ecep:reg=","
                      ecep:spe=",">,</pc>
               </l>
               <pb facs="bjb18/0225" n="209" rend="none"/>
               <l xml:id="bjb18-l17190">
                  <c> </c>
                  <w xml:id="bjb18-327240"
                     n="a-0010"
                     ecep:lem="when"
                     ecep:pos="c-crq"
                     ecep:reg="When"
                     ecep:spe="When"
                     ecep:syllab="1"
                     ecep:pron="wen">When</w>
                  <c> </c>
                  <w xml:id="bjb18-327250"
                     n="a-0020"
                     ecep:lem="look"
                     ecep:pos="vvg"
                     ecep:reg="looking"
                     ecep:spe="looking"
                     ecep:syllab="2"
                     ecep:pron="lʊkɪŋ">looking</w>
                  <c> </c>
                  <w xml:id="bjb18-327260"
                     n="a-0030"
                     ecep:lem="on"
                     ecep:pos="p-acp"
                     ecep:reg="on"
                     ecep:spe="on"
                     ecep:syllab="1"
                     ecep:pron="ɒn">on</w>
                  <c> </c>
                  <w xml:id="bjb18-327270"
                     n="a-0040"
                     ecep:lem="the"
                     ecep:pos="dt"
                     ecep:reg="the"
                     ecep:spe="the"
                     ecep:syllab="1"
                     ecep:pron="ðiː">the</w>
                  <c> </c>
                  <w xml:id="bjb18-327280"
                     n="a-0050"
                     ecep:lem="clear"
                     ecep:pos="j"
                     ecep:reg="clear"
                     ecep:spe="clear"
                     ecep:syllab="1"
                     ecep:pron="klɪə">clear</w>
                  <c> </c>
                  <w xml:id="bjb18-327290"
                     n="a-0060"
                     ecep:lem="blue"
                     ecep:pos="j-jn"
                     ecep:reg="blue"
                     ecep:spe="blue"
                     ecep:syllab="1"
                     ecep:pron="bluː">blue</w>
                  <c> </c>
                  <w xml:id="bjb18-327300"
                     n="a-0070"
                     ecep:lem="sky"
                     ecep:pos="n1"
                     ecep:reg="sky"
                     ecep:spe="sky"
                     ecep:syllab="1"
                     ecep:pron="skaɪ">sky</w>
                  <pc xml:id="bjb18-327310"
                      n="a-0080"
                      ecep:lem=";"
                      ecep:pos=";"
                      ecep:reg=";"
                      ecep:spe=";">;</pc>
               </l>
               <l xml:id="bjb18-l17195">
                  <c> </c>
                  <w xml:id="bjb18-327320"
                     n="a-0090"
                     ecep:lem="the"
                     ecep:pos="dt"
                     ecep:reg="The"
                     ecep:spe="The"
                     ecep:syllab="1"
                     ecep:pron="ðiː">The</w>
                  <c> </c>
                  <w xml:id="bjb18-327330"
                     n="a-0100"
                     ecep:lem="cloud"
                     ecep:pos="n2"
                     ecep:reg="clouds"
                     ecep:spe="clouds"
                     ecep:syllab="1"
                     ecep:pron="klaʊdz">clouds</w>
                  <pc xml:id="bjb18-327340"
                      n="a-0110"
                      ecep:lem=","
                      ecep:pos=","
                      ecep:reg=","
                      ecep:spe=",">,</pc>
                  <c> </c>
                  <w xml:id="bjb18-327350"
                     n="a-0120"
                     ecep:lem="that"
                     ecep:pos="cst"
                     ecep:reg="that"
                     ecep:spe="that"
                     ecep:syllab="1"
                     ecep:pron="ðæt">that</w>
                  <c> </c>
                  <w xml:id="bjb18-327360"
                     n="a-0130"
                     ecep:lem="float"
                     ecep:pos="vvb"
                     ecep:reg="float"
                     ecep:spe="float"
                     ecep:syllab="1"
                     ecep:pron="fləʊt">float</w>
                  <pc xml:id="bjb18-327370"
                      n="a-0140"
                      ecep:lem=","
                      ecep:pos=","
                      ecep:reg=","
                      ecep:spe=",">,</pc>
                  <c> </c>
                  <w xml:id="bjb18-327380"
                     n="a-0150"
                     ecep:lem="the"
                     ecep:pos="dt"
                     ecep:reg="the"
                     ecep:spe="the"
                     ecep:syllab="1"
                     ecep:pron="ðiː">the</w>
                  <c> </c>
                  <w xml:id="bjb18-327390"
                     n="a-0160"
                     ecep:lem="bird"
                     ecep:pos="n2"
                     ecep:reg="birds"
                     ecep:spe="birds"
                     ecep:syllab="1"
                     ecep:pron="bɜːdz">birds</w>
                  <c> </c>
                  <w xml:id="bjb18-327400"
                     n="a-0170"
                     ecep:lem="that"
                     ecep:pos="cst"
                     ecep:reg="that"
                     ecep:spe="that"
                     ecep:syllab="1"
                     ecep:pron="ðæt">that</w>
                  <c> </c>
                  <w xml:id="bjb18-327410"
                     n="a-0180"
                     ecep:lem="fly"
                     ecep:pos="vvb"
                     ecep:reg="fly"
                     ecep:spe="fly"
                     ecep:syllab="1"
                     ecep:pron="flaɪ">fly</w>
                  <pc xml:id="bjb18-327420"
                      n="a-0190"
                      ecep:lem=";"
                      ecep:pos=";"
                      ecep:reg=";"
                      ecep:spe=";">;</pc>
               </l>
               <l xml:id="bjb18-l17200">
                  <c> </c>
                  <w xml:id="bjb18-327430"
                     n="a-0200"
                     ecep:lem="tree"
                     ecep:pos="n2"
                     ecep:reg="Trees"
                     ecep:spe="Trees"
                     ecep:syllab="1"
                     ecep:pron="triːz">Trees</w>
                  <pc xml:id="bjb18-327440"
                      n="a-0210"
                      ecep:lem=","
                      ecep:pos=","
                      ecep:reg=","
                      ecep:spe=",">,</pc>
                  <c> </c>
                  <w xml:id="bjb18-327450"
                     n="a-0220"
                     ecep:lem="flower"
                     ecep:pos="n2"
                     ecep:reg="flowers"
                     ecep:spe="flowers"
                     ecep:syllab="1"
                     ecep:pron="flæəz">flowers</w>
                  <pc xml:id="bjb18-327460"
                      n="a-0230"
                      ecep:lem=","
                      ecep:pos=","
                      ecep:reg=","
                      ecep:spe=",">,</pc>
                  <c> </c>
                  <w xml:id="bjb18-327470"
                     n="a-0240"
                     ecep:lem="and"
                     ecep:pos="cc"
                     ecep:reg="and"
                     ecep:spe="and"
                     ecep:syllab="1"
                     ecep:pron="ænd">and</w>
                  <c> </c>
                  <w xml:id="bjb18-327480"
                     n="a-0250"
                     ecep:lem="every"
                     ecep:pos="d"
                     ecep:reg="every"
                     ecep:spe="every"
                     ecep:syllab="2"
                     ecep:pron="ˈevri">every</w>
                  <c> </c>
                  <w xml:id="bjb18-327490"
                     n="a-0260"
                     ecep:lem="pretty"
                     ecep:pos="j"
                     ecep:reg="pretty"
                     ecep:spe="pretty"
                     ecep:syllab="2"
                     ecep:pron="ˈprɪti">pretty</w>
                  <c> </c>
                  <w xml:id="bjb18-327500"
                     n="a-0270"
                     ecep:lem="thing"
                     ecep:pos="n1"
                     ecep:reg="thing"
                     ecep:spe="thing"
                     ecep:syllab="1"
                     ecep:pron="θɪŋ">thing</w>
                  <pc xml:id="bjb18-327510"
                      n="a-0280"
                      unit="sentence"
                      ecep:lem="?"
                      ecep:pos="?"
                      ecep:reg="?"
                      ecep:spe="?">?</pc>
                  <c> </c>
               </l>
               <l xml:id="bjb18-l17205">
                  <w xml:id="bjb18-327520"
                     n="a-0290"
                     ecep:lem="it|be"
                     ecep:pos="pn31|vbz"
                     ecep:reg="It's"
                     ecep:spe="'Tis"
                     ecep:syllab="1"
                     ecep:pron="tɪz">'Tis</w>
                  <c> </c>
                  <w xml:id="bjb18-327530"
                     n="a-0300"
                     ecep:lem="god"
                     ecep:pos="n1"
                     ecep:reg="God"
                     ecep:spe="God"
                     ecep:syllab="1"
                     ecep:pron="gɒd">God</w>
                  <c> </c>
                  <w xml:id="bjb18-327540"
                     n="a-0310"
                     ecep:lem="from"
                     ecep:pos="p-acp"
                     ecep:reg="from"
                     ecep:spe="from"
                     ecep:syllab="1"
                     ecep:pron="frɒm">from</w>
                  <c> </c>
                  <w xml:id="bjb18-327550"
                     n="a-0320"
                     ecep:lem="who"
                     ecep:pos="r-crq"
                     ecep:reg="whom"
                     ecep:spe="whom"
                     ecep:syllab="1"
                     ecep:pron="huːm">whom</w>
                  <c> </c>
                  <w xml:id="bjb18-327560"
                     n="a-0330"
                     ecep:lem="those"
                     ecep:pos="d"
                     ecep:reg="those"
                     ecep:spe="those"
                     ecep:syllab="1"
                     ecep:pron="ðəʊz">those</w>
                  <c> </c>
                  <w xml:id="bjb18-327570"
                     n="a-0340"
                     ecep:lem="blessing"
                     ecep:pos="n2"
                     ecep:reg="blessings"
                     ecep:spe="blessings"
                     ecep:syllab="2"
                     ecep:pron="ˈblesɪŋz">blessings</w>
                  <c> </c>
                  <w xml:id="bjb18-327580"
                     n="a-0350"
                     ecep:lem="spring"
                     ecep:pos="vvb"
                     ecep:reg="spring"
                     ecep:spe="spring"
                     ecep:syllab="1"
                     ecep:pron="sprɪŋ">spring</w>
                  <pc xml:id="bjb18-327590"
                      n="a-0360"
                      ecep:lem=";"
                      ecep:pos=";"
                      ecep:reg=";"
                      ecep:spe=";">;</pc>
               </l>
               <l xml:id="bjb18-l17210">
                  <c> </c>
                  <w xml:id="bjb18-327600"
                     n="a-0370"
                     ecep:lem="and"
                     ecep:pos="cc"
                     ecep:reg="And"
                     ecep:spe="And"
                     ecep:syllab="1"
                     ecep:pron="ænd">And</w>
                  <c> </c>
                  <w xml:id="bjb18-327610"
                     n="a-0380"
                     ecep:lem="in"
                     ecep:pos="p-acp"
                     ecep:reg="in"
                     ecep:spe="in"
                     ecep:syllab="1"
                     ecep:pron="ɪn">in</w>
                  <c> </c>
                  <w xml:id="bjb18-327620"
                     n="a-0390"
                     ecep:lem="return"
                     ecep:pos="n1"
                     ecep:reg="return"
                     ecep:spe="return"
                     ecep:syllab="2"
                     ecep:pron="rɪˈtɜːn">return</w>
                  <c> </c>
                  <w xml:id="bjb18-327630"
                     n="a-0400"
                     ecep:lem="what"
                     ecep:pos="q-crq"
                     ecep:reg="what"
                     ecep:spe="what"
                     ecep:syllab="1"
                     ecep:pron="wɒt">what</w>
                  <c> </c>
                  <w xml:id="bjb18-327640"
                     n="a-0410"
                     ecep:lem="shall"
                     ecep:pos="vmd2"
                     ecep:reg="shouldst"
                     ecep:spe="shouldst"
                     ecep:syllab="1"
                     ecep:pron="ʃʊdst">shouldst</w>
                  <c> </c>
                  <w xml:id="bjb18-327650"
                     n="a-0420"
                     ecep:lem="thou"
                     ecep:pos="pns21"
                     ecep:reg="thou"
                     ecep:spe="thou"
                     ecep:syllab="1"
                     ecep:pron="θaʊ">thou</w>
                  <c> </c>
                  <w xml:id="bjb18-327660"
                     n="a-0430"
                     ecep:lem="do"
                     ecep:pos="vdi"
                     ecep:reg="do"
                     ecep:spe="do"
                     ecep:syllab="1"
                     ecep:pron="duː">do</w>
                  <pc xml:id="bjb18-327670"
                      n="a-0440"
                      unit="sentence"
                      ecep:lem="?"
                      ecep:pos="?"
                      ecep:reg="?"
                      ecep:spe="?">?</pc>
                  <c> </c>
               </l>
               <l ana="#trimeter"
                  ecep:syllab="6"
                  real="-+|-+|-+/"
                  rendition="#h_3"
                  xml:id="bjb18-l17215">
                  <c> </c>
                  <pc xml:id="bjb18-327680"
                      n="a-0450"
                      ecep:lem="&#34;"
                      ecep:pos="&#34;"
                      ecep:reg="&#34;"
                      ecep:spe="&#34;">"</pc>
                  <w xml:id="bjb18-327690"
                     n="a-0460"
                     ecep:lem="be"
                     ecep:pos="vbb"
                     ecep:reg="Be"
                     ecep:spe="Be"
                     ecep:syllab="1"
                     ecep:pron="biː">Be</w>
                  <c> </c>
                  <w xml:id="bjb18-327700"
                     n="a-0470"
                     ecep:lem="good"
                     ecep:pos="j"
                     ecep:reg="good"
                     ecep:spe="good"
                     ecep:syllab="1"
                     ecep:pron="gʊd">good</w>
                  <pc xml:id="bjb18-327710"
                      n="a-0480"
                      ecep:lem=","
                      ecep:pos=","
                      ecep:reg=","
                      ecep:spe=",">,</pc>
                  <c> </c>
                  <w xml:id="bjb18-327720"
                     n="a-0490"
                     ecep:lem="and"
                     ecep:pos="cc"
                     ecep:reg="and"
                     ecep:spe="and"
                     ecep:syllab="1"
                     ecep:pron="ænd">and</w>
                  <c> </c>
                  <w xml:id="bjb18-327730"
                     n="a-0500"
                     ecep:lem="love"
                     ecep:pos="vvb"
                     ecep:reg="love"
                     ecep:spe="love"
                     ecep:syllab="1"
                     ecep:pron="lʌv">love</w>
                  <c> </c>
                  <w xml:id="bjb18-327740"
                     n="a-0510"
                     ecep:lem="he"
                     ecep:pos="pno31"
                     ecep:reg="Him"
                     ecep:spe="Him"
                     ecep:syllab="1"
                     ecep:pron="hɪm">Him</w>
                  <c> </c>
                  <w xml:id="bjb18-327750"
                     n="a-0520"
                     ecep:lem="too"
                     ecep:pos="av"
                     ecep:reg="too"
                     ecep:spe="too"
                     ecep:syllab="1"
                     ecep:pron="tuː">too</w>
                  <pc xml:id="bjb18-327760"
                      n="a-0530"
                      ecep:lem="."
                      ecep:pos="."
                      ecep:reg="."
                      ecep:spe=".">.</pc>
                  <pc xml:id="bjb18-327770"
                      n="a-0540"
                      unit="sentence"
                      ecep:lem="&#34;"
                      ecep:pos="&#34;"
                      ecep:reg="&#34;"
                      ecep:spe="&#34;">"</pc>
                  <c> </c>
               </l>
            </lg>
         </div>
      </body>
   </text>
</TEI>
