<?xml version="1.0" encoding="utf-8"?>
<!DOCTYPE div
  SYSTEM "about:legacy-compat">
<div xmlns:ecep="http://www.eighteenthcenturypoetry.org/ns"
     xmlns="http://www.tei-c.org/ns/1.0"
     xmlns:tei="http://www.tei-c.org/ns/1.0"
     ana="#anapaest #tetrameter #pair #ballad #quatrain #acephal"
     corresp="#txt_SmarCh1722_w0023"
     decls="#semi-normalized"
     ecep:syllab="12.12.12.12"
     met="--+|--+|--+|--+/ --+|--+|--+|--+/ --+|--+|--+|--+/ --+|--+|--+|--+/"
     n="1"
     rendition="#lgvspace"
     rhyme="aabb"
     subtype="eceptext"
     type="ballad"
     xml:id="o4103-w0220">
   <link target="authors.xml#aut_SmarCh1722" type="author"/>
   <head type="main">
      <w xml:id="o4103-408930"
         n="204-a-0010"
         ecep:lem="sweet"
         ecep:pos="j"
         ecep:reg="SWEET"
         ecep:spe="SWEET"
         ecep:syllab="1"
         ecep:pron="swiːt">SWEET</w>
      <c> </c>
      <w xml:id="o4103-408940"
         n="204-a-0020"
         ecep:lem="WILLIAM"
         ecep:pos="np1"
         ecep:reg="WILLIAM"
         ecep:spe="WILLIAM"
         ecep:syllab="2"
         ecep:pron="ˈwɪljəm">WILLIAM</w>
      <pc xml:id="o4103-408950"
          n="204-a-0030"
          unit="sentence"
          ecep:lem="."
          ecep:pos="."
          ecep:reg="."
          ecep:spe=".">.</pc>
   </head>
   <head type="sub">
      <w xml:id="o4103-408980"
         n="204-a-0040"
         ecep:lem="ballad"
         ecep:pos="n1"
         ecep:reg="BALLAD"
         ecep:spe="BALLAD"
         ecep:syllab="2"
         ecep:pron="ˈbæləd">BALLAD</w>
      <c> </c>
      <w xml:id="o4103-408990"
         n="204-a-0050"
         ecep:lem="i"
         ecep:pos="pns11"
         ecep:reg="I"
         ecep:spe="I."
         ecep:syllab="1"
         ecep:pron="ˈaɪ">I.</w>
      <pc unit="sentence" xml:id="o4103-408990-eos" n="204-a-0060"/>
   </head>
   <lg n="1" xml:id="o4103-s01300">
      <head>
         <w xml:id="o4103-409030"
            n="204-a-0070"
            ecep:lem="i"
            ecep:pos="pns11"
            ecep:reg="I"
            ecep:spe="I."
            ecep:syllab="1"
            ecep:pron="ˈaɪ">I.</w>
         <pc unit="sentence" xml:id="o4103-409030-eos" n="204-a-0080"/>
      </head>
      <l xml:id="o4103-l19785">
         <w xml:id="o4103-409050"
            n="204-a-0090"
            ecep:lem="by"
            ecep:pos="p-acp"
            ecep:reg="BY"
            ecep:spe="BY"
            ecep:syllab="1"
            ecep:pron="baɪ">BY</w>
         <c> </c>
         <w xml:id="o4103-409060"
            n="204-a-0100"
            ecep:lem="a"
            ecep:pos="dt"
            ecep:reg="a"
            ecep:spe="a"
            ecep:syllab="1"
            ecep:pron="ə">a</w>
         <c> </c>
         <w xml:id="o4103-409070"
            n="204-a-0110"
            ecep:lem="prattle"
            ecep:pos="j-vvg"
            ecep:reg="prattling"
            ecep:spe="prattling"
            ecep:syllab="2"
            ecep:pron="ˈprætlɪŋ">prattling</w>
         <c> </c>
         <w xml:id="o4103-409080"
            n="204-a-0120"
            ecep:lem="stream"
            ecep:pos="n1"
            ecep:reg="stream"
            ecep:spe="stream"
            ecep:syllab="1"
            ecep:pron="striːm">stream</w>
         <pc xml:id="o4103-409090"
             n="204-a-0130"
             ecep:lem=","
             ecep:pos=","
             ecep:reg=","
             ecep:spe=",">,</pc>
         <c> </c>
         <w xml:id="o4103-409100"
            n="204-a-0140"
            ecep:lem="on"
            ecep:pos="p-acp"
            ecep:reg="on"
            ecep:spe="on"
            ecep:syllab="1"
            ecep:pron="ɒn">on</w>
         <c> </c>
         <w xml:id="o4103-409110"
            n="204-a-0150"
            ecep:lem="a"
            ecep:pos="dt"
            ecep:reg="a"
            ecep:spe="a"
            ecep:syllab="1"
            ecep:pron="ə">a</w>
         <c> </c>
         <w xml:id="o4103-409120"
            n="204-a-0160"
            ecep:lem="midsummer"
            ecep:pos="ng1"
            ecep:reg="Midsummer's"
            ecep:spe="Midsummer's"
            ecep:syllab="3"
            ecep:pron="ˌmɪdˈsʌməz">Midsummer's</w>
         <c> </c>
         <w xml:id="o4103-409130"
            n="204-a-0170"
            ecep:lem="eve"
            ecep:pos="n1"
            ecep:reg="eve"
            ecep:spe="eve"
            ecep:syllab="1"
            ecep:pron="iːv">eve</w>
         <pc xml:id="o4103-409140"
             n="204-a-0180"
             ecep:lem=","
             ecep:pos=","
             ecep:reg=","
             ecep:spe=",">,</pc>
      </l>
      <l xml:id="o4103-l19790">
         <c> </c>
         <w xml:id="o4103-409150"
            n="204-a-0190"
            ecep:lem="where"
            ecep:pos="q-crq"
            ecep:reg="Where"
            ecep:spe="Where"
            ecep:syllab="1"
            ecep:pron="weə">Where</w>
         <c> </c>
         <w xml:id="o4103-409160"
            n="204-a-0200"
            ecep:lem="the"
            ecep:pos="dt"
            ecep:reg="the"
            ecep:spe="the"
            ecep:syllab="1"
            ecep:pron="ðiː">the</w>
         <c> </c>
         <w xml:id="o4103-409170"
            n="204-a-0210"
            ecep:lem="woodbine"
            ecep:pos="n1"
            ecep:reg="woodbine"
            ecep:spe="woodbine"
            ecep:syllab="2"
            ecep:pron="ˈwʊdbaɪn">woodbine</w>
         <c> </c>
         <w xml:id="o4103-409180"
            n="204-a-0220"
            ecep:lem="and"
            ecep:pos="cc"
            ecep:reg="and"
            ecep:spe="and"
            ecep:syllab="1"
            ecep:pron="ænd">and</w>
         <c> </c>
         <w xml:id="o4103-409190"
            n="204-a-0230"
            ecep:lem="jasmine"
            ecep:pos="n1"
            ecep:reg="jess'mine"
            ecep:spe="jess'mine"
            ecep:syllab="2"
            ecep:pron="ˈdʒesmɪn">jess'mine</w>
         <c> </c>
         <w xml:id="o4103-409200"
            n="204-a-0240"
            ecep:lem="their"
            ecep:pos="po32"
            ecep:reg="their"
            ecep:spe="their"
            ecep:syllab="1"
            ecep:pron="ðeə">their</w>
         <c> </c>
         <w xml:id="o4103-409210"
            n="204-a-0250"
            ecep:lem="bough"
            ecep:pos="n2"
            ecep:reg="boughs"
            ecep:spe="boughs"
            ecep:syllab="1"
            ecep:pron="baʊz">boughs</w>
         <c> </c>
         <w xml:id="o4103-409220"
            n="204-a-0260"
            ecep:lem="interweave"
            ecep:pos="vvb"
            ecep:reg="interweave"
            ecep:spe="interweave"
            ecep:syllab="3"
            ecep:pron="ˌɪntəˈwiːv">interweave</w>
         <pc xml:id="o4103-409230"
             n="204-a-0270"
             ecep:lem=","
             ecep:pos=","
             ecep:reg=","
             ecep:spe=",">,</pc>
      </l>
      <l xml:id="o4103-l19795">
         <c> </c>
         <w xml:id="o4103-409240"
            n="204-a-0280"
            ecep:lem="fair"
            ecep:pos="j"
            ecep:reg="Fair"
            ecep:spe="Fair"
            ecep:syllab="1"
            ecep:pron="feə">Fair</w>
         <c> </c>
         <w xml:id="o4103-409250"
            n="204-a-0290"
            ecep:lem="Flora"
            ecep:pos="np1"
            ecep:reg="Flora"
            ecep:spe="Flora"
            ecep:syllab="2"
            ecep:pron="ˈflɔːrə">Flora</w>
         <pc xml:id="o4103-409260"
             n="204-a-0300"
             ecep:lem=","
             ecep:pos=","
             ecep:reg=","
             ecep:spe=",">,</pc>
         <c> </c>
         <w xml:id="o4103-409270"
            n="204-a-0310"
            ecep:lem="i"
            ecep:pos="pns11"
            ecep:reg="I"
            ecep:spe="I"
            ecep:syllab="1"
            ecep:pron="aɪ">I</w>
         <c> </c>
         <w xml:id="o4103-409280"
            n="204-a-0320"
            ecep:lem="cry"
            ecep:pos="vvd"
            ecep:reg="cried"
            ecep:spe="cry'd"
            ecep:syllab="1"
            ecep:pron="kraɪd">cry'd</w>
         <pc xml:id="o4103-409290"
             n="204-a-0330"
             ecep:lem=","
             ecep:pos=","
             ecep:reg=","
             ecep:spe=",">,</pc>
         <c> </c>
         <w xml:id="o4103-409300"
            n="204-a-0340"
            ecep:lem="to"
            ecep:pos="p-acp"
            ecep:reg="to"
            ecep:spe="to"
            ecep:syllab="1"
            ecep:pron="tuː">to</w>
         <c> </c>
         <w xml:id="o4103-409310"
            n="204-a-0350"
            ecep:lem="my"
            ecep:pos="po11"
            ecep:reg="my"
            ecep:spe="my"
            ecep:syllab="1"
            ecep:pron="maɪ">my</w>
         <c> </c>
         <w xml:id="o4103-409320"
            n="204-a-0360"
            ecep:lem="arbour"
            ecep:pos="n1"
            ecep:reg="arbour"
            ecep:spe="arbour"
            ecep:syllab="2"
            ecep:pron="ˈɑːbə">arbour</w>
         <c> </c>
         <w xml:id="o4103-409330"
            n="204-a-0370"
            ecep:lem="repair"
            ecep:pos="vvi"
            ecep:reg="repair"
            ecep:spe="repair"
            ecep:syllab="2"
            ecep:pron="riˈpeə">repair</w>
         <pc xml:id="o4103-409340"
             n="204-a-0380"
             ecep:lem=","
             ecep:pos=","
             ecep:reg=","
             ecep:spe=",">,</pc>
      </l>
      <l xml:id="o4103-l19800">
         <c> </c>
         <w xml:id="o4103-409350"
            n="204-a-0390"
            ecep:lem="for"
            ecep:pos="c-acp"
            ecep:reg="For"
            ecep:spe="For"
            ecep:syllab="1"
            ecep:pron="fɔː">For</w>
         <c> </c>
         <w xml:id="o4103-409360"
            n="204-a-0400"
            ecep:lem="i"
            ecep:pos="pns11"
            ecep:reg="I"
            ecep:spe="I"
            ecep:syllab="1"
            ecep:pron="aɪ">I</w>
         <c> </c>
         <w xml:id="o4103-409370"
            n="204-a-0410"
            ecep:lem="must"
            ecep:pos="vmb"
            ecep:reg="must"
            ecep:spe="must"
            ecep:syllab="1"
            ecep:pron="mʌst">must</w>
         <c> </c>
         <w xml:id="o4103-409380"
            n="204-a-0420"
            ecep:lem="have"
            ecep:pos="vhi"
            ecep:reg="have"
            ecep:spe="have"
            ecep:syllab="1"
            ecep:pron="hæv">have</w>
         <c> </c>
         <w xml:id="o4103-409390"
            n="204-a-0430"
            ecep:lem="a"
            ecep:pos="dt"
            ecep:reg="a"
            ecep:spe="a"
            ecep:syllab="1"
            ecep:pron="ə">a</w>
         <c> </c>
         <w xml:id="o4103-409400"
            n="204-a-0440"
            ecep:lem="chaplet"
            ecep:pos="n1"
            ecep:reg="chaplet"
            ecep:spe="chaplet"
            ecep:syllab="2"
            ecep:pron="ˈtʃæplət">chaplet</w>
         <c> </c>
         <w xml:id="o4103-409410"
            n="204-a-0450"
            ecep:lem="for"
            ecep:pos="p-acp"
            ecep:reg="for"
            ecep:spe="for"
            ecep:syllab="1"
            ecep:pron="fɔː">for</w>
         <c> </c>
         <w xml:id="o4103-409420"
            n="204-a-0460"
            ecep:lem="sweet"
            ecep:pos="j"
            ecep:reg="sweet"
            ecep:spe="sweet"
            ecep:syllab="1"
            ecep:pron="swiːt">sweet</w>
         <c> </c>
         <w xml:id="o4103-409430"
            n="204-a-0470"
            ecep:lem="William"
            ecep:pos="npg1"
            ecep:reg="William's"
            ecep:spe="William's"
            ecep:syllab="2"
            ecep:pron="ˈwɪljəmz">William's</w>
         <c> </c>
         <w xml:id="o4103-409440"
            n="204-a-0480"
            ecep:lem="hair"
            ecep:pos="n1"
            ecep:reg="hair"
            ecep:spe="hair"
            ecep:syllab="1"
            ecep:pron="heə">hair</w>
         <pc xml:id="o4103-409450"
             n="204-a-0490"
             unit="sentence"
             ecep:lem="."
             ecep:pos="."
             ecep:reg="."
             ecep:spe=".">.</pc>
         <c> </c>
      </l>
   </lg>
   <lg n="2" xml:id="o4103-s01305">
      <head>
         <w xml:id="o4103-409490"
            n="204-a-0500"
            ecep:lem="ii"
            ecep:pos="crd"
            ecep:reg="II"
            ecep:spe="II"
            ecep:syllab="1"
            ecep:pron="rˌəʊməntˈuː">II</w>
         <pc xml:id="o4103-409500"
             n="204-a-0510"
             unit="sentence"
             ecep:lem="."
             ecep:pos="."
             ecep:reg="."
             ecep:spe=".">.</pc>
      </head>
      <l xml:id="o4103-l19805">
         <w xml:id="o4103-409520"
            n="204-a-0520"
            ecep:lem="she"
            ecep:pos="pns31"
            ecep:reg="She"
            ecep:spe="She"
            ecep:syllab="1"
            ecep:pron="ʃiː">She</w>
         <c> </c>
         <w xml:id="o4103-409530"
            n="204-a-0530"
            ecep:lem="bring"
            ecep:pos="vvd"
            ecep:reg="brought"
            ecep:spe="brought"
            ecep:syllab="1"
            ecep:pron="brɔːt">brought</w>
         <c> </c>
         <w xml:id="o4103-409540"
            n="204-a-0540"
            ecep:lem="i"
            ecep:pos="pno11"
            ecep:reg="me"
            ecep:spe="me"
            ecep:syllab="1"
            ecep:pron="miː">me</w>
         <c> </c>
         <w xml:id="o4103-409550"
            n="204-a-0550"
            ecep:lem="the"
            ecep:pos="dt"
            ecep:reg="the"
            ecep:spe="the"
            ecep:syllab="1"
            ecep:pron="ðiː">the</w>
         <c> </c>
         <w xml:id="o4103-409560"
            n="204-a-0560"
            ecep:lem="violet"
            ecep:pos="j-jn"
            ecep:reg="vi'let"
            ecep:spe="vi'let"
            ecep:syllab="2"
            ecep:pron="ˈvaɪlət">vi'let</w>
         <c> </c>
         <w xml:id="o4103-409570"
            n="204-a-0570"
            ecep:lem="that"
            ecep:pos="cst"
            ecep:reg="that"
            ecep:spe="that"
            ecep:syllab="1"
            ecep:pron="ðæt">that</w>
         <c> </c>
         <w xml:id="o4103-409580"
            n="204-a-0580"
            ecep:lem="grow"
            ecep:pos="vvz"
            ecep:reg="grows"
            ecep:spe="grows"
            ecep:syllab="1"
            ecep:pron="grəʊz">grows</w>
         <c> </c>
         <w xml:id="o4103-409590"
            n="204-a-0590"
            ecep:lem="on"
            ecep:pos="p-acp"
            ecep:reg="on"
            ecep:spe="on"
            ecep:syllab="1"
            ecep:pron="ɒn">on</w>
         <c> </c>
         <w xml:id="o4103-409600"
            n="204-a-0600"
            ecep:lem="the"
            ecep:pos="dt"
            ecep:reg="the"
            ecep:spe="the"
            ecep:syllab="1"
            ecep:pron="ðiː">the</w>
         <c> </c>
         <w xml:id="o4103-409610"
            n="204-a-0610"
            ecep:lem="hill"
            ecep:pos="n1"
            ecep:reg="hill"
            ecep:spe="hill"
            ecep:syllab="1"
            ecep:pron="hɪl">hill</w>
         <pc xml:id="o4103-409620"
             n="204-a-0620"
             ecep:lem=","
             ecep:pos=","
             ecep:reg=","
             ecep:spe=",">,</pc>
      </l>
      <l xml:id="o4103-l19810">
         <c> </c>
         <w xml:id="o4103-409630"
            n="204-a-0630"
            ecep:lem="the"
            ecep:pos="dt"
            ecep:reg="The"
            ecep:spe="The"
            ecep:syllab="1"
            ecep:pron="ðiː">The</w>
         <c> </c>
         <w xml:id="o4103-409640"
            n="204-a-0640"
            ecep:lem="vale"
            ecep:pos="n1"
            ecep:reg="vale"
            ecep:spe="vale"
            ecep:syllab="1"
            ecep:pron="ˈvɑːleɪ">vale</w>
         <c> </c>
         <w xml:id="o4103-409650"
            n="204-a-0650"
            ecep:lem="dwell"
            ecep:pos="vvg"
            ecep:reg="dwelling"
            ecep:spe="dwelling"
            ecep:syllab="2"
            ecep:pron="ˈdwelɪŋ">dwelling</w>
         <c> </c>
         <w xml:id="o4103-409660"
            n="204-a-0660"
            ecep:lem="lily"
            ecep:pos="n1"
            ecep:reg="lily"
            ecep:spe="lilly"
            ecep:syllab="2"
            ecep:pron="ˈlɪli">lilly</w>
         <pc xml:id="o4103-409670"
             n="204-a-0670"
             ecep:lem=","
             ecep:pos=","
             ecep:reg=","
             ecep:spe=",">,</pc>
         <c> </c>
         <w xml:id="o4103-409680"
            n="204-a-0680"
            ecep:lem="and"
            ecep:pos="cc"
            ecep:reg="and"
            ecep:spe="and"
            ecep:syllab="1"
            ecep:pron="ænd">and</w>
         <c> </c>
         <w xml:id="o4103-409690"
            n="204-a-0690"
            ecep:lem="gild"
            ecep:pos="j-vvn"
            ecep:reg="gilded"
            ecep:spe="gilded"
            ecep:syllab="2"
            ecep:pron="ˈgɪldɪd">gilded</w>
         <c> </c>
         <w xml:id="o4103-409700"
            n="204-a-0700"
            ecep:lem="jonquill"
            ecep:pos="n1"
            ecep:reg="jonquill"
            ecep:spe="jonquill"
            ecep:syllab="2"
            ecep:pron="dʒˈɒnkwɪl">jonquill</w>
         <pc xml:id="o4103-409710"
             n="204-a-0710"
             ecep:lem=":"
             ecep:pos=":"
             ecep:reg=":"
             ecep:spe=":">:</pc>
      </l>
      <l xml:id="o4103-l19815">
         <c> </c>
         <w xml:id="o4103-409720"
            n="204-a-0720"
            ecep:lem="but"
            ecep:pos="cc-acp"
            ecep:reg="But"
            ecep:spe="But"
            ecep:syllab="1"
            ecep:pron="bʌt">But</w>
         <c> </c>
         <w xml:id="o4103-409730"
            n="204-a-0730"
            ecep:lem="such"
            ecep:pos="d"
            ecep:reg="such"
            ecep:spe="such"
            ecep:syllab="1"
            ecep:pron="sʌtʃ">such</w>
         <c> </c>
         <w xml:id="o4103-409740"
            n="204-a-0740"
            ecep:lem="languid"
            ecep:pos="j"
            ecep:reg="languid"
            ecep:spe="languid"
            ecep:syllab="2"
            ecep:pron="ˈlæŋgwɪd">languid</w>
         <c> </c>
         <w xml:id="o4103-409750"
            n="204-a-0750"
            ecep:lem="odour"
            ecep:pos="n2"
            ecep:reg="odours"
            ecep:spe="odours"
            ecep:syllab="2"
            ecep:pron="ˈəʊdəz">odours</w>
         <c> </c>
         <w xml:id="o4103-409760"
            n="204-a-0760"
            ecep:lem="how"
            ecep:pos="c-crq"
            ecep:reg="how"
            ecep:spe="how"
            ecep:syllab="1"
            ecep:pron="haʊ">how</w>
         <c> </c>
         <w xml:id="o4103-409770"
            n="204-a-0770"
            ecep:lem="can"
            ecep:pos="vmd"
            ecep:reg="could"
            ecep:spe="cou'd"
            ecep:syllab="1"
            ecep:pron="kʊd">cou'd</w>
         <c> </c>
         <w xml:id="o4103-409780"
            n="204-a-0780"
            ecep:lem="i"
            ecep:pos="pns11"
            ecep:reg="I"
            ecep:spe="I"
            ecep:syllab="1"
            ecep:pron="aɪ">I</w>
         <c> </c>
         <w xml:id="o4103-409790"
            n="204-a-0790"
            ecep:lem="approve"
            ecep:pos="vvi"
            ecep:reg="approve"
            ecep:spe="approve"
            ecep:syllab="2"
            ecep:pron="əˈpruːv">approve</w>
         <pc xml:id="o4103-409800"
             n="204-a-0800"
             ecep:lem=","
             ecep:pos=","
             ecep:reg=","
             ecep:spe=",">,</pc>
      </l>
      <l xml:id="o4103-l19820">
         <c> </c>
         <w xml:id="o4103-409810"
            n="204-a-0810"
            ecep:lem="just"
            ecep:pos="av-j"
            ecep:reg="Just"
            ecep:spe="Just"
            ecep:syllab="1"
            ecep:pron="dʒʌst">Just</w>
         <c> </c>
         <w xml:id="o4103-409820"
            n="204-a-0820"
            ecep:lem="warm"
            ecep:pos="j"
            ecep:reg="warm"
            ecep:spe="warm"
            ecep:syllab="1"
            ecep:pron="wɔːm">warm</w>
         <c> </c>
         <w xml:id="o4103-409830"
            n="204-a-0830"
            ecep:lem="from"
            ecep:pos="p-acp"
            ecep:reg="from"
            ecep:spe="from"
            ecep:syllab="1"
            ecep:pron="frɒm">from</w>
         <c> </c>
         <w xml:id="o4103-409840"
            n="204-a-0840"
            ecep:lem="the"
            ecep:pos="dt"
            ecep:reg="the"
            ecep:spe="the"
            ecep:syllab="1"
            ecep:pron="ðiː">the</w>
         <c> </c>
         <w xml:id="o4103-409850"
            n="204-a-0850"
            ecep:lem="lip"
            ecep:pos="n2"
            ecep:reg="lips"
            ecep:spe="lips"
            ecep:syllab="1"
            ecep:pron="lɪps">lips</w>
         <c> </c>
         <w xml:id="o4103-409860"
            n="204-a-0860"
            ecep:lem="of"
            ecep:pos="pp-f"
            ecep:reg="of"
            ecep:spe="of"
            ecep:syllab="1"
            ecep:pron="ɒv">of</w>
         <c> </c>
         <w xml:id="o4103-409870"
            n="204-a-0870"
            ecep:lem="the"
            ecep:pos="dt"
            ecep:reg="the"
            ecep:spe="the"
            ecep:syllab="1"
            ecep:pron="ðiː">the</w>
         <c> </c>
         <w xml:id="o4103-409880"
            n="204-a-0880"
            ecep:lem="lad"
            ecep:pos="n1"
            ecep:reg="lad"
            ecep:spe="lad"
            ecep:syllab="1"
            ecep:pron="læd">lad</w>
         <c> </c>
         <w xml:id="o4103-409890"
            n="204-a-0890"
            ecep:lem="that"
            ecep:pos="cst"
            ecep:reg="that"
            ecep:spe="that"
            ecep:syllab="1"
            ecep:pron="ðæt">that</w>
         <c> </c>
         <w xml:id="o4103-409900"
            n="204-a-0900"
            ecep:lem="i"
            ecep:pos="pns11"
            ecep:reg="I"
            ecep:spe="I"
            ecep:syllab="1"
            ecep:pron="aɪ">I</w>
         <c> </c>
         <w xml:id="o4103-409910"
            n="204-a-0910"
            ecep:lem="love"
            ecep:pos="vvb"
            ecep:reg="love"
            ecep:spe="love"
            ecep:syllab="1"
            ecep:pron="lʌv">love</w>
         <pc xml:id="o4103-409920"
             n="204-a-0920"
             unit="sentence"
             ecep:lem="."
             ecep:pos="."
             ecep:reg="."
             ecep:spe=".">.</pc>
         <c> </c>
      </l>
   </lg>
   <lg n="3" xml:id="o4103-s01310">
      <head>
         <w xml:id="o4103-409960"
            n="204-a-0930"
            ecep:lem="iii"
            ecep:pos="crd"
            ecep:reg="III"
            ecep:spe="III"
            ecep:syllab="1"
            ecep:pron="rˌəʊmənθrˈiː">III</w>
         <pc xml:id="o4103-409970"
             n="204-a-0940"
             unit="sentence"
             ecep:lem="."
             ecep:pos="."
             ecep:reg="."
             ecep:spe=".">.</pc>
      </head>
      <l xml:id="o4103-l19825">
         <w xml:id="o4103-409990"
            n="204-a-0950"
            ecep:lem="she"
            ecep:pos="pns31"
            ecep:reg="She"
            ecep:spe="She"
            ecep:syllab="1"
            ecep:pron="ʃiː">She</w>
         <c> </c>
         <w xml:id="o4103-410000"
            n="204-a-0960"
            ecep:lem="bring"
            ecep:pos="vvd"
            ecep:reg="brought"
            ecep:spe="brought"
            ecep:syllab="1"
            ecep:pron="brɔːt">brought</w>
         <c> </c>
         <w xml:id="o4103-410010"
            n="204-a-0970"
            ecep:lem="i"
            ecep:pos="pno11"
            ecep:reg="me"
            ecep:spe="me"
            ecep:syllab="1"
            ecep:pron="miː">me</w>
         <pc xml:id="o4103-410020"
             n="204-a-0980"
             ecep:lem=","
             ecep:pos=","
             ecep:reg=","
             ecep:spe=",">,</pc>
         <c> </c>
         <w xml:id="o4103-410030"
            n="204-a-0990"
            ecep:lem="his"
            ecep:pos="po31"
            ecep:reg="his"
            ecep:spe="his"
            ecep:syllab="1"
            ecep:pron="hɪz">his</w>
         <c> </c>
         <w xml:id="o4103-410040"
            n="204-a-1000"
            ecep:lem="faith"
            ecep:pos="n1"
            ecep:reg="faith"
            ecep:spe="faith"
            ecep:syllab="1"
            ecep:pron="feɪθ">faith</w>
         <c> </c>
         <w xml:id="o4103-410050"
            n="204-a-1010"
            ecep:lem="and"
            ecep:pos="cc"
            ecep:reg="and"
            ecep:spe="and"
            ecep:syllab="1"
            ecep:pron="ænd">and</w>
         <c> </c>
         <w xml:id="o4103-410060"
            n="204-a-1020"
            ecep:lem="his"
            ecep:pos="po31"
            ecep:reg="his"
            ecep:spe="his"
            ecep:syllab="1"
            ecep:pron="hɪz">his</w>
         <c> </c>
         <w xml:id="o4103-410070"
            n="204-a-1030"
            ecep:lem="truth"
            ecep:pos="n1"
            ecep:reg="truth"
            ecep:spe="truth"
            ecep:syllab="1"
            ecep:pron="truːθ">truth</w>
         <c> </c>
         <w xml:id="o4103-410080"
            n="204-a-1040"
            ecep:lem="to"
            ecep:pos="pc-acp"
            ecep:reg="to"
            ecep:spe="to"
            ecep:syllab="1"
            ecep:pron="tuː">to</w>
         <c> </c>
         <w xml:id="o4103-410090"
            n="204-a-1050"
            ecep:lem="display"
            ecep:pos="vvi"
            ecep:reg="display"
            ecep:spe="display"
            ecep:syllab="2"
            ecep:pron="dɪˈspleɪ">display</w>
         <pc xml:id="o4103-410100"
             n="204-a-1060"
             ecep:lem=","
             ecep:pos=","
             ecep:reg=","
             ecep:spe=",">,</pc>
      </l>
      <l xml:id="o4103-l19830">
         <c> </c>
         <w xml:id="o4103-410110"
            n="204-a-1070"
            ecep:lem="the"
            ecep:pos="dt"
            ecep:reg="The"
            ecep:spe="The"
            ecep:syllab="1"
            ecep:pron="ðiː">The</w>
         <c> </c>
         <w xml:id="o4103-410120"
            n="204-a-1080"
            ecep:lem="undying"
            ecep:pos="j"
            ecep:reg="undying"
            ecep:spe="undying"
            ecep:syllab="3"
            ecep:pron="ˌʌnˈdaɪɪŋ">undying</w>
         <c> </c>
         <w xml:id="o4103-410130"
            n="204-a-1090"
            ecep:lem="myrtle"
            ecep:pos="n1"
            ecep:reg="myrtle"
            ecep:spe="myrtle"
            ecep:syllab="2"
            ecep:pron="ˈmɜːtl">myrtle</w>
         <pc xml:id="o4103-410140"
             n="204-a-1100"
             ecep:lem=","
             ecep:pos=","
             ecep:reg=","
             ecep:spe=",">,</pc>
         <c> </c>
         <w xml:id="o4103-410150"
            n="204-a-1110"
            ecep:lem="and"
            ecep:pos="cc"
            ecep:reg="and"
            ecep:spe="and"
            ecep:syllab="1"
            ecep:pron="ænd">and</w>
         <c> </c>
         <w xml:id="o4103-410160"
            n="204-a-1120"
            ecep:lem="evergreen"
            ecep:pos="j"
            ecep:reg="evergreen"
            ecep:spe="ever-green"
            ecep:syllab="3"
            ecep:pron="ˈevəˌgriːn">ever-green</w>
         <c> </c>
         <w xml:id="o4103-410170"
            n="204-a-1130"
            ecep:lem="bay"
            ecep:pos="n1"
            ecep:reg="bay"
            ecep:spe="bay"
            ecep:syllab="1"
            ecep:pron="beɪ">bay</w>
         <pc xml:id="o4103-410180"
             n="204-a-1140"
             ecep:lem=":"
             ecep:pos=":"
             ecep:reg=":"
             ecep:spe=":">:</pc>
      </l>
      <l xml:id="o4103-l19835">
         <c> </c>
         <w xml:id="o4103-410190"
            n="204-a-1150"
            ecep:lem="but"
            ecep:pos="cc-acp"
            ecep:reg="But"
            ecep:spe="But"
            ecep:syllab="1"
            ecep:pron="bʌt">But</w>
         <c> </c>
         <w xml:id="o4103-410200"
            n="204-a-1160"
            ecep:lem="why"
            ecep:pos="c-crq"
            ecep:reg="why"
            ecep:spe="why"
            ecep:syllab="1"
            ecep:pron="waɪ">why</w>
         <c> </c>
         <w xml:id="o4103-410210"
            n="204-a-1170"
            ecep:lem="these"
            ecep:pos="d"
            ecep:reg="these"
            ecep:spe="these"
            ecep:syllab="1"
            ecep:pron="ðiːz">these</w>
         <c> </c>
         <w xml:id="o4103-410220"
            n="204-a-1180"
            ecep:lem="to"
            ecep:pos="p-acp"
            ecep:reg="to"
            ecep:spe="to"
            ecep:syllab="1"
            ecep:pron="tuː">to</w>
         <c> </c>
         <w xml:id="o4103-410230"
            n="204-a-1190"
            ecep:lem="i"
            ecep:pos="pno11"
            ecep:reg="me"
            ecep:spe="me"
            ecep:syllab="1"
            ecep:pron="miː">me</w>
         <pc xml:id="o4103-410240"
             n="204-a-1200"
             ecep:lem=","
             ecep:pos=","
             ecep:reg=","
             ecep:spe=",">,</pc>
         <c> </c>
         <w xml:id="o4103-410250"
            n="204-a-1210"
            ecep:lem="who|have"
            ecep:pos="r-crq|vhb"
            ecep:reg="who've"
            ecep:spe="who've"
            ecep:syllab="1"
            ecep:pron="huːv">who've</w>
         <c> </c>
         <w xml:id="o4103-410260"
            n="204-a-1220"
            ecep:lem="his"
            ecep:pos="po31"
            ecep:reg="his"
            ecep:spe="his"
            ecep:syllab="1"
            ecep:pron="hɪz">his</w>
         <c> </c>
         <w xml:id="o4103-410270"
            n="204-a-1230"
            ecep:lem="constancy"
            ecep:pos="n1"
            ecep:reg="constancy"
            ecep:spe="constancy"
            ecep:syllab="3"
            ecep:pron="ˈkɒnstənsi">constancy</w>
         <c> </c>
         <w xml:id="o4103-410280"
            n="204-a-1240"
            ecep:lem="know"
            ecep:pos="vvn"
            ecep:reg="known"
            ecep:spe="known"
            ecep:syllab="1"
            ecep:pron="nəʊn">known</w>
         <pc xml:id="o4103-410290"
             n="204-a-1250"
             unit="sentence"
             ecep:lem="?"
             ecep:pos="?"
             ecep:reg="?"
             ecep:spe="?">?</pc>
         <c> </c>
      </l>
      <l xml:id="o4103-l19840">
         <w xml:id="o4103-410300"
            n="204-a-1260"
            ecep:lem="and"
            ecep:pos="cc"
            ecep:reg="And"
            ecep:spe="And"
            ecep:syllab="1"
            ecep:pron="ænd">And</w>
         <c> </c>
         <w xml:id="o4103-410310"
            n="204-a-1270"
            ecep:lem="Billy"
            ecep:pos="np1"
            ecep:reg="Billy"
            ecep:spe="Billy"
            ecep:syllab="2"
            ecep:pron="ˈbɪli">Billy</w>
         <c> </c>
         <w xml:id="o4103-410320"
            n="204-a-1280"
            ecep:lem="have"
            ecep:pos="vhz"
            ecep:reg="has"
            ecep:spe="has"
            ecep:syllab="1"
            ecep:pron="hæz">has</w>
         <c> </c>
         <w xml:id="o4103-410330"
            n="204-a-1290"
            ecep:lem="laurel"
            ecep:pos="n2"
            ecep:reg="laurels"
            ecep:spe="laurels"
            ecep:syllab="2"
            ecep:pron="ˈlɒrəlz">laurels</w>
         <c> </c>
         <w xml:id="o4103-410340"
            n="204-a-1300"
            ecep:lem="enough"
            ecep:pos="d"
            ecep:reg="enough"
            ecep:spe="enough"
            ecep:syllab="2"
            ecep:pron="əˈnʌf">enough</w>
         <c> </c>
         <w xml:id="o4103-410350"
            n="204-a-1310"
            ecep:lem="of"
            ecep:pos="pp-f"
            ecep:reg="of"
            ecep:spe="of"
            ecep:syllab="1"
            ecep:pron="ɒv">of</w>
         <c> </c>
         <w xml:id="o4103-410360"
            n="204-a-1320"
            ecep:lem="his"
            ecep:pos="po31"
            ecep:reg="his"
            ecep:spe="his"
            ecep:syllab="1"
            ecep:pron="hɪz">his</w>
         <c> </c>
         <w xml:id="o4103-410370"
            n="204-a-1330"
            ecep:lem="own"
            ecep:pos="d"
            ecep:reg="own"
            ecep:spe="own"
            ecep:syllab="1"
            ecep:pron="əʊn">own</w>
         <pc xml:id="o4103-410380"
             n="204-a-1340"
             unit="sentence"
             ecep:lem="."
             ecep:pos="."
             ecep:reg="."
             ecep:spe=".">.</pc>
         <c> </c>
      </l>
   </lg>
   <lg n="4" xml:id="o4103-s01315">
      <head>
         <w xml:id="o4103-410420"
            n="204-a-1350"
            ecep:lem="iv"
            ecep:pos="crd"
            ecep:reg="IV"
            ecep:spe="IV"
            ecep:syllab="1"
            ecep:pron="rˌəʊmənfˈɔː">IV</w>
         <pc xml:id="o4103-410430"
             n="204-a-1360"
             unit="sentence"
             ecep:lem="."
             ecep:pos="."
             ecep:reg="."
             ecep:spe=".">.</pc>
      </head>
      <l xml:id="o4103-l19845">
         <w xml:id="o4103-410450"
            n="204-a-1370"
            ecep:lem="the"
            ecep:pos="dt"
            ecep:reg="The"
            ecep:spe="The"
            ecep:syllab="1"
            ecep:pron="ðiː">The</w>
         <c> </c>
         <w xml:id="o4103-410460"
            n="204-a-1380"
            ecep:lem="next"
            ecep:pos="ord"
            ecep:reg="next"
            ecep:spe="next"
            ecep:syllab="1"
            ecep:pron="nekst">next</w>
         <c> </c>
         <w xml:id="o4103-410470"
            n="204-a-1390"
            ecep:lem="be"
            ecep:pos="vbds"
            ecep:reg="was"
            ecep:spe="was"
            ecep:syllab="1"
            ecep:pron="wɒz">was</w>
         <c> </c>
         <w xml:id="o4103-410480"
            n="204-a-1400"
            ecep:lem="a"
            ecep:pos="dt"
            ecep:reg="a"
            ecep:spe="a"
            ecep:syllab="1"
            ecep:pron="ə">a</w>
         <c> </c>
         <w xml:id="o4103-410490"
            n="204-a-1410"
            ecep:lem="gift"
            ecep:pos="n1"
            ecep:reg="gift"
            ecep:spe="gift"
            ecep:syllab="1"
            ecep:pron="gɪft">gift</w>
         <c> </c>
         <w xml:id="o4103-410500"
            n="204-a-1420"
            ecep:lem="that"
            ecep:pos="cst"
            ecep:reg="that"
            ecep:spe="that"
            ecep:syllab="1"
            ecep:pron="ðæt">that</w>
         <c> </c>
         <w xml:id="o4103-410510"
            n="204-a-1430"
            ecep:lem="i"
            ecep:pos="pns11"
            ecep:reg="I"
            ecep:spe="I"
            ecep:syllab="1"
            ecep:pron="aɪ">I</w>
         <c> </c>
         <w xml:id="o4103-410520"
            n="204-a-1440"
            ecep:lem="can"
            ecep:pos="vmd"
            ecep:reg="could"
            ecep:spe="could"
            ecep:syllab="1"
            ecep:pron="kʊd">could</w>
         <c> </c>
         <w xml:id="o4103-410530"
            n="204-a-1450"
            ecep:lem="not"
            ecep:pos="xx"
            ecep:reg="not"
            ecep:spe="not"
            ecep:syllab="1"
            ecep:pron="ˈdɪdnt">not</w>
         <c> </c>
         <w xml:id="o4103-410540"
            n="204-a-1460"
            ecep:lem="contemn"
            ecep:pos="vvi"
            ecep:reg="contemn"
            ecep:spe="contemn"
            ecep:syllab="2"
            ecep:pron="kənˈtem">contemn</w>
         <pc xml:id="o4103-410550"
             n="204-a-1470"
             ecep:lem=","
             ecep:pos=","
             ecep:reg=","
             ecep:spe=",">,</pc>
      </l>
      <l xml:id="o4103-l19850">
         <c> </c>
         <w xml:id="o4103-410560"
            n="204-a-1480"
            ecep:lem="for"
            ecep:pos="c-acp"
            ecep:reg="For"
            ecep:spe="For"
            ecep:syllab="1"
            ecep:pron="fɔː">For</w>
         <c> </c>
         <w xml:id="o4103-410570"
            n="204-a-1490"
            ecep:lem="she"
            ecep:pos="pns31"
            ecep:reg="she"
            ecep:spe="she"
            ecep:syllab="1"
            ecep:pron="ʃiː">she</w>
         <c> </c>
         <w xml:id="o4103-410580"
            n="204-a-1500"
            ecep:lem="bring"
            ecep:pos="vvd"
            ecep:reg="brought"
            ecep:spe="brought"
            ecep:syllab="1"
            ecep:pron="brɔːt">brought</w>
         <c> </c>
         <w xml:id="o4103-410590"
            n="204-a-1510"
            ecep:lem="i"
            ecep:pos="pno11"
            ecep:reg="me"
            ecep:spe="me"
            ecep:syllab="1"
            ecep:pron="miː">me</w>
         <c> </c>
         <w xml:id="o4103-410600"
            n="204-a-1520"
            ecep:lem="two"
            ecep:pos="crd"
            ecep:reg="two"
            ecep:spe="two"
            ecep:syllab="1"
            ecep:pron="tuː">two</w>
         <c> </c>
         <w xml:id="o4103-410610"
            n="204-a-1530"
            ecep:lem="rose"
            ecep:pos="n2"
            ecep:reg="roses"
            ecep:spe="roses"
            ecep:syllab="2"
            ecep:pron="ˈrəʊzɪz">roses</w>
         <c> </c>
         <w xml:id="o4103-410620"
            n="204-a-1540"
            ecep:lem="that"
            ecep:pos="cst"
            ecep:reg="that"
            ecep:spe="that"
            ecep:syllab="1"
            ecep:pron="ðæt">that</w>
         <c> </c>
         <w xml:id="o4103-410630"
            n="204-a-1550"
            ecep:lem="grow"
            ecep:pos="vvd"
            ecep:reg="grew"
            ecep:spe="grew"
            ecep:syllab="1"
            ecep:pron="gruː">grew</w>
         <c> </c>
         <w xml:id="o4103-410640"
            n="204-a-1560"
            ecep:lem="on"
            ecep:pos="p-acp"
            ecep:reg="on"
            ecep:spe="on"
            ecep:syllab="1"
            ecep:pron="ɒn">on</w>
         <c> </c>
         <w xml:id="o4103-410650"
            n="204-a-1570"
            ecep:lem="a"
            ecep:pos="dt"
            ecep:reg="a"
            ecep:spe="a"
            ecep:syllab="1"
            ecep:pron="ə">a</w>
         <c> </c>
         <w xml:id="o4103-410660"
            n="204-a-1580"
            ecep:lem="stem"
            ecep:pos="n1"
            ecep:reg="stem"
            ecep:spe="stem"
            ecep:syllab="1"
            ecep:pron="stem">stem</w>
         <pc xml:id="o4103-410670"
             n="204-a-1590"
             ecep:lem=":"
             ecep:pos=":"
             ecep:reg=":"
             ecep:spe=":">:</pc>
      </l>
      <l xml:id="o4103-l19855">
         <c> </c>
         <w xml:id="o4103-410680"
            n="204-a-1600"
            ecep:lem="of"
            ecep:pos="pp-f"
            ecep:reg="Of"
            ecep:spe="Of"
            ecep:syllab="1"
            ecep:pron="ɒv">Of</w>
         <c> </c>
         <w xml:id="o4103-410690"
            n="204-a-1610"
            ecep:lem="the"
            ecep:pos="dt"
            ecep:reg="the"
            ecep:spe="the"
            ecep:syllab="1"
            ecep:pron="ðiː">the</w>
         <c> </c>
         <w xml:id="o4103-410700"
            n="204-a-1620"
            ecep:lem="dear"
            ecep:pos="j-jn"
            ecep:reg="dear"
            ecep:spe="dear"
            ecep:syllab="1"
            ecep:pron="dɪə">dear</w>
         <c> </c>
         <w xml:id="o4103-410710"
            n="204-a-1630"
            ecep:lem="nuptial"
            ecep:pos="j-jn"
            ecep:reg="nuptial"
            ecep:spe="nuptial"
            ecep:syllab="2"
            ecep:pron="ˈnʌpʃl">nuptial</w>
         <c> </c>
         <w xml:id="o4103-410720"
            n="204-a-1640"
            ecep:lem="tie"
            ecep:pos="n1"
            ecep:reg="tie"
            ecep:spe="tie"
            ecep:syllab="1"
            ecep:pron="taɪ">tie</w>
         <c> </c>
         <w xml:id="o4103-410730"
            n="204-a-1650"
            ecep:lem="they"
            ecep:pos="pns32"
            ecep:reg="they"
            ecep:spe="they"
            ecep:syllab="1"
            ecep:pron="ðeɪ">they</w>
         <c> </c>
         <w xml:id="o4103-410740"
            n="204-a-1660"
            ecep:lem="stand"
            ecep:pos="vvd"
            ecep:reg="stood"
            ecep:spe="stood"
            ecep:syllab="1"
            ecep:pron="stʊd">stood</w>
         <c> </c>
         <w xml:id="o4103-410750"
            n="204-a-1670"
            ecep:lem="emblem"
            ecep:pos="n2"
            ecep:reg="emblems"
            ecep:spe="emblems"
            ecep:syllab="2"
            ecep:pron="ˈembləmz">emblems</w>
         <c> </c>
         <w xml:id="o4103-410760"
            n="204-a-1680"
            ecep:lem="confess"
            ecep:pos="vvn"
            ecep:reg="confessed"
            ecep:spe="confest"
            ecep:syllab="2"
            ecep:pron="kənˈfest">confest</w>
         <pc xml:id="o4103-410770"
             n="204-a-1690"
             ecep:lem=","
             ecep:pos=","
             ecep:reg=","
             ecep:spe=",">,</pc>
      </l>
      <l xml:id="o4103-l19860">
         <c> </c>
         <w xml:id="o4103-410780"
            n="204-a-1700"
            ecep:lem="so"
            ecep:pos="av"
            ecep:reg="So"
            ecep:spe="So"
            ecep:syllab="1"
            ecep:pron="səʊ">So</w>
         <c> </c>
         <w xml:id="o4103-410790"
            n="204-a-1710"
            ecep:lem="i"
            ecep:pos="pns11"
            ecep:reg="I"
            ecep:spe="I"
            ecep:syllab="1"
            ecep:pron="aɪ">I</w>
         <c> </c>
         <w xml:id="o4103-410800"
            n="204-a-1720"
            ecep:lem="kiss"
            ecep:pos="vvd"
            ecep:reg="kissed"
            ecep:spe="kiss'd"
            ecep:syllab="1"
            ecep:pron="kɪst">kiss'd</w>
         <c> </c>
         <w xml:id="o4103-410810"
            n="204-a-1730"
            ecep:lem="they"
            ecep:pos="pno32"
            ecep:reg="them"
            ecep:spe="'em"
            ecep:syllab="1"
            ecep:pron="əm">'em</w>
         <pc xml:id="o4103-410820"
             n="204-a-1740"
             ecep:lem=","
             ecep:pos=","
             ecep:reg=","
             ecep:spe=",">,</pc>
         <c> </c>
         <w xml:id="o4103-410830"
            n="204-a-1750"
            ecep:lem="and"
            ecep:pos="cc"
            ecep:reg="and"
            ecep:spe="and"
            ecep:syllab="1"
            ecep:pron="ænd">and</w>
         <c> </c>
         <w xml:id="o4103-410840"
            n="204-a-1760"
            ecep:lem="press"
            ecep:pos="vvd"
            ecep:reg="pressed"
            ecep:spe="press'd"
            ecep:syllab="1"
            ecep:pron="prest">press'd</w>
         <c> </c>
         <w xml:id="o4103-410850"
            n="204-a-1770"
            ecep:lem="they"
            ecep:pos="pno32"
            ecep:reg="them"
            ecep:spe="'em"
            ecep:syllab="1"
            ecep:pron="əm">'em</w>
         <c> </c>
         <w xml:id="o4103-410860"
            n="204-a-1780"
            ecep:lem="quite"
            ecep:pos="av"
            ecep:reg="quite"
            ecep:spe="quite"
            ecep:syllab="1"
            ecep:pron="kwaɪt">quite</w>
         <c> </c>
         <w xml:id="o4103-410870"
            n="204-a-1790"
            ecep:lem="close"
            ecep:pos="av-j"
            ecep:reg="close"
            ecep:spe="close"
            ecep:syllab="1"
            ecep:pron="kləʊz">close</w>
         <c> </c>
         <w xml:id="o4103-410880"
            n="204-a-1800"
            ecep:lem="to"
            ecep:pos="p-acp"
            ecep:reg="to"
            ecep:spe="to"
            ecep:syllab="1"
            ecep:pron="tuː">to</w>
         <c> </c>
         <w xml:id="o4103-410890"
            n="204-a-1810"
            ecep:lem="my"
            ecep:pos="po11"
            ecep:reg="my"
            ecep:spe="my"
            ecep:syllab="1"
            ecep:pron="maɪ">my</w>
         <c> </c>
         <w xml:id="o4103-410900"
            n="204-a-1820"
            ecep:lem="breast"
            ecep:pos="n1"
            ecep:reg="breast"
            ecep:spe="breast"
            ecep:syllab="1"
            ecep:pron="brest">breast</w>
         <pc xml:id="o4103-410910"
             n="204-a-1830"
             unit="sentence"
             ecep:lem="."
             ecep:pos="."
             ecep:reg="."
             ecep:spe=".">.</pc>
         <c> </c>
      </l>
   </lg>
   <pb facs="205" n="198" rend="none"/>
   <lg n="5" xml:id="o4103-s01320">
      <head>
         <w xml:id="o4103-410950"
            n="205-a-0010"
            ecep:lem="v."
            ecep:pos="crd"
            ecep:reg="V"
            ecep:spe="V."
            ecep:syllab="1"
            ecep:pron="viː">V.</w>
         <pc unit="sentence" xml:id="o4103-410950-eos" n="205-a-0020"/>
      </head>
      <l xml:id="o4103-l19865">
         <w xml:id="o4103-410970"
            n="205-a-0030"
            ecep:lem="she"
            ecep:pos="pns31"
            ecep:reg="She"
            ecep:spe="She"
            ecep:syllab="1"
            ecep:pron="ʃiː">She</w>
         <c> </c>
         <w xml:id="o4103-410980"
            n="205-a-0040"
            ecep:lem="bring"
            ecep:pos="vvd"
            ecep:reg="brought"
            ecep:spe="brought"
            ecep:syllab="1"
            ecep:pron="brɔːt">brought</w>
         <c> </c>
         <w xml:id="o4103-410990"
            n="205-a-0050"
            ecep:lem="i"
            ecep:pos="pno11"
            ecep:reg="me"
            ecep:spe="me"
            ecep:syllab="1"
            ecep:pron="miː">me</w>
         <c> </c>
         <w xml:id="o4103-411000"
            n="205-a-0060"
            ecep:lem="a"
            ecep:pos="dt"
            ecep:reg="a"
            ecep:spe="a"
            ecep:syllab="1"
            ecep:pron="ə">a</w>
         <c> </c>
         <w xml:id="o4103-411010"
            n="205-a-0070"
            ecep:lem="sunflower"
            ecep:pos="n1"
            ecep:reg="sunflower"
            ecep:spe="sun-flow'r"
            ecep:syllab="2"
            ecep:pron="sʌnˌˈflaʊə">sun-flow'r</w>
         <c> </c>
         <pc xml:id="o4103-411020"
             n="205-a-0080"
             ecep:lem="—"
             ecep:pos="—"
             ecep:reg="—"
             ecep:spe="—">—</pc>
         <c> </c>
         <w xml:id="o4103-411030"
            n="205-a-0090"
            ecep:lem="this"
            ecep:pos="d"
            ecep:reg="This"
            ecep:spe="This"
            ecep:syllab="1"
            ecep:pron="ðɪs">This</w>
         <pc xml:id="o4103-411040"
             n="205-a-0100"
             ecep:lem=","
             ecep:pos=","
             ecep:reg=","
             ecep:spe=",">,</pc>
         <c> </c>
         <w xml:id="o4103-411050"
            n="205-a-0110"
            ecep:lem="fair"
            ecep:pos="j"
            ecep:reg="fair"
            ecep:spe="fair"
            ecep:syllab="1"
            ecep:pron="feə">fair</w>
         <c> </c>
         <w xml:id="o4103-411060"
            n="205-a-0120"
            ecep:lem="one"
            ecep:pos="pig"
            ecep:reg="one's"
            ecep:spe="one's"
            ecep:syllab="1"
            ecep:pron="wʌnz">one's</w>
         <pc xml:id="o4103-411070"
             n="205-a-0130"
             ecep:lem=","
             ecep:pos=","
             ecep:reg=","
             ecep:spe=",">,</pc>
         <c> </c>
         <w xml:id="o4103-411080"
            n="205-a-0140"
            ecep:lem="your"
            ecep:pos="po22"
            ecep:reg="your"
            ecep:spe="your"
            ecep:syllab="1"
            ecep:pron="jɔː">your</w>
         <c> </c>
         <w xml:id="o4103-411090"
            n="205-a-0150"
            ecep:lem="due"
            ecep:pos="j-jn"
            ecep:reg="due"
            ecep:spe="due"
            ecep:syllab="1"
            ecep:pron="djuː">due</w>
         <pc xml:id="o4103-411100"
             n="205-a-0160"
             ecep:lem=";"
             ecep:pos=";"
             ecep:reg=";"
             ecep:spe=";">;</pc>
      </l>
      <l xml:id="o4103-l19870">
         <c> </c>
         <w xml:id="o4103-411110"
            n="205-a-0170"
            ecep:lem="for"
            ecep:pos="p-acp"
            ecep:reg="For"
            ecep:spe="For"
            ecep:syllab="1"
            ecep:pron="fɔː">For</w>
         <c> </c>
         <w xml:id="o4103-411120"
            n="205-a-0180"
            ecep:lem="it"
            ecep:pos="pn31"
            ecep:reg="it"
            ecep:spe="it"
            ecep:syllab="1"
            ecep:pron="ɪt">it</w>
         <c> </c>
         <w xml:id="o4103-411130"
            n="205-a-0190"
            ecep:lem="once"
            ecep:pos="a-acp"
            ecep:reg="once"
            ecep:spe="once"
            ecep:syllab="1"
            ecep:pron="wʌns">once</w>
         <c> </c>
         <w xml:id="o4103-411140"
            n="205-a-0200"
            ecep:lem="be"
            ecep:pos="vbds"
            ecep:reg="was"
            ecep:spe="was"
            ecep:syllab="1"
            ecep:pron="wɒz">was</w>
         <c> </c>
         <w xml:id="o4103-411150"
            n="205-a-0210"
            ecep:lem="a"
            ecep:pos="dt"
            ecep:reg="a"
            ecep:spe="a"
            ecep:syllab="1"
            ecep:pron="ə">a</w>
         <c> </c>
         <w xml:id="o4103-411160"
            n="205-a-0220"
            ecep:lem="maiden"
            ecep:pos="n1"
            ecep:reg="maiden"
            ecep:spe="maiden"
            ecep:syllab="2"
            ecep:pron="ˈmeɪdn">maiden</w>
         <pc xml:id="o4103-411170"
             n="205-a-0230"
             ecep:lem=","
             ecep:pos=","
             ecep:reg=","
             ecep:spe=",">,</pc>
         <c> </c>
         <w xml:id="o4103-411180"
            n="205-a-0240"
            ecep:lem="and"
            ecep:pos="cc"
            ecep:reg="and"
            ecep:spe="and"
            ecep:syllab="1"
            ecep:pron="ænd">and</w>
         <c> </c>
         <w xml:id="o4103-411190"
            n="205-a-0250"
            ecep:lem="lovesick"
            ecep:pos="j"
            ecep:reg="lovesick"
            ecep:spe="love-sick"
            ecep:syllab="2"
            ecep:pron="lʌvˌsɪk">love-sick</w>
         <c> </c>
         <w xml:id="o4103-411200"
            n="205-a-0260"
            ecep:lem="like"
            ecep:pos="vvb"
            ecep:reg="like"
            ecep:spe="like"
            ecep:syllab="1"
            ecep:pron="laɪk">like</w>
         <c> </c>
         <w xml:id="o4103-411210"
            n="205-a-0270"
            ecep:lem="you"
            ecep:pos="pn22"
            ecep:reg="you"
            ecep:spe="you"
            ecep:syllab="1"
            ecep:pron="juː">you</w>
         <pc xml:id="o4103-411220"
             n="205-a-0280"
             ecep:lem=":"
             ecep:pos=":"
             ecep:reg=":"
             ecep:spe=":">:</pc>
      </l>
      <l xml:id="o4103-l19875">
         <c> </c>
         <w xml:id="o4103-411230"
            n="205-a-0290"
            ecep:lem="oh"
            ecep:pos="uh"
            ecep:reg="O"
            ecep:spe="Oh"
            ecep:syllab="1"
            ecep:pron="əʊ">Oh</w>
         <pc xml:id="o4103-411235"
             n="205-a-0290"
             ecep:lem="!"
             ecep:pos="!"
             ecep:reg="!"
             ecep:spe="!">!</pc>
         <c> </c>
         <w xml:id="o4103-411240"
            n="205-a-0300"
            ecep:lem="give"
            ecep:pos="vvb"
            ecep:reg="give"
            ecep:spe="give"
            ecep:syllab="1"
            ecep:pron="gɪv">give</w>
         <c> </c>
         <w xml:id="o4103-411250"
            n="205-a-0310"
            ecep:lem="it"
            ecep:pos="pn31"
            ecep:reg="it"
            ecep:spe="it"
            ecep:syllab="1"
            ecep:pron="ɪt">it</w>
         <c> </c>
         <w xml:id="o4103-411260"
            n="205-a-0320"
            ecep:lem="i"
            ecep:pos="pno11"
            ecep:reg="me"
            ecep:spe="me"
            ecep:syllab="1"
            ecep:pron="miː">me</w>
         <c> </c>
         <w xml:id="o4103-411270"
            n="205-a-0330"
            ecep:lem="quick"
            ecep:pos="j"
            ecep:reg="quick"
            ecep:spe="quick"
            ecep:syllab="1"
            ecep:pron="kwɪk">quick</w>
         <pc xml:id="o4103-411280"
             n="205-a-0340"
             ecep:lem=","
             ecep:pos=","
             ecep:reg=","
             ecep:spe=",">,</pc>
         <c> </c>
         <w xml:id="o4103-411290"
            n="205-a-0350"
            ecep:lem="to"
            ecep:pos="p-acp"
            ecep:reg="to"
            ecep:spe="to"
            ecep:syllab="1"
            ecep:pron="tuː">to</w>
         <c> </c>
         <w xml:id="o4103-411300"
            n="205-a-0360"
            ecep:lem="my"
            ecep:pos="po11"
            ecep:reg="my"
            ecep:spe="my"
            ecep:syllab="1"
            ecep:pron="maɪ">my</w>
         <c> </c>
         <w xml:id="o4103-411310"
            n="205-a-0370"
            ecep:lem="shepherd"
            ecep:pos="n1"
            ecep:reg="shepherd"
            ecep:spe="shepherd"
            ecep:syllab="2"
            ecep:pron="ˈʃepəd">shepherd</w>
         <c> </c>
         <w xml:id="o4103-411320"
            n="205-a-0380"
            ecep:lem="i|will"
            ecep:pos="pns11|vmb"
            ecep:reg="I'll"
            ecep:spe="I'll"
            ecep:syllab="1"
            ecep:pron="ˈaɪl">I'll</w>
         <c> </c>
         <w xml:id="o4103-411330"
            n="205-a-0390"
            ecep:lem="run"
            ecep:pos="vvi"
            ecep:reg="run"
            ecep:spe="run"
            ecep:syllab="1"
            ecep:pron="rʌn">run</w>
         <pc xml:id="o4103-411340"
             n="205-a-0400"
             ecep:lem=","
             ecep:pos=","
             ecep:reg=","
             ecep:spe=",">,</pc>
      </l>
      <l xml:id="o4103-l19880">
         <c> </c>
         <w xml:id="o4103-411350"
            n="205-a-0410"
            ecep:lem="as"
            ecep:pos="c-acp"
            ecep:reg="As"
            ecep:spe="As"
            ecep:syllab="1"
            ecep:pron="æz">As</w>
         <c> </c>
         <w xml:id="o4103-411360"
            n="205-a-0420"
            ecep:lem="true"
            ecep:pos="j"
            ecep:reg="true"
            ecep:spe="true"
            ecep:syllab="1"
            ecep:pron="truː">true</w>
         <c> </c>
         <w xml:id="o4103-411370"
            n="205-a-0430"
            ecep:lem="to"
            ecep:pos="p-acp"
            ecep:reg="to"
            ecep:spe="to"
            ecep:syllab="1"
            ecep:pron="tuː">to</w>
         <c> </c>
         <w xml:id="o4103-411380"
            n="205-a-0440"
            ecep:lem="his"
            ecep:pos="po31"
            ecep:reg="his"
            ecep:spe="his"
            ecep:syllab="1"
            ecep:pron="hɪz">his</w>
         <c> </c>
         <w xml:id="o4103-411390"
            n="205-a-0450"
            ecep:lem="flame"
            ecep:pos="n1"
            ecep:reg="flame"
            ecep:spe="flame"
            ecep:syllab="1"
            ecep:pron="fleɪm">flame</w>
         <pc xml:id="o4103-411400"
             n="205-a-0460"
             ecep:lem=","
             ecep:pos=","
             ecep:reg=","
             ecep:spe=",">,</pc>
         <c> </c>
         <w xml:id="o4103-411410"
            n="205-a-0470"
            ecep:lem="as"
            ecep:pos="c-acp"
            ecep:reg="as"
            ecep:spe="as"
            ecep:syllab="1"
            ecep:pron="æz">as</w>
         <c> </c>
         <w xml:id="o4103-411420"
            n="205-a-0480"
            ecep:lem="this"
            ecep:pos="d"
            ecep:reg="this"
            ecep:spe="this"
            ecep:syllab="1"
            ecep:pron="ðɪs">this</w>
         <c> </c>
         <w xml:id="o4103-411430"
            n="205-a-0490"
            ecep:lem="flower"
            ecep:pos="n1"
            ecep:reg="flower"
            ecep:spe="flow'r"
            ecep:syllab="1"
            ecep:pron="ˈflaʊə">flow'r</w>
         <c> </c>
         <w xml:id="o4103-411440"
            n="205-a-0500"
            ecep:lem="to"
            ecep:pos="p-acp"
            ecep:reg="to"
            ecep:spe="to"
            ecep:syllab="1"
            ecep:pron="tuː">to</w>
         <c> </c>
         <w xml:id="o4103-411450"
            n="205-a-0510"
            ecep:lem="the"
            ecep:pos="dt"
            ecep:reg="the"
            ecep:spe="the"
            ecep:syllab="1"
            ecep:pron="ðiː">the</w>
         <c> </c>
         <w xml:id="o4103-411460"
            n="205-a-0520"
            ecep:lem="sun"
            ecep:pos="n1"
            ecep:reg="sun"
            ecep:spe="sun"
            ecep:syllab="1"
            ecep:pron="sʌn">sun</w>
         <pc xml:id="o4103-411470"
             n="205-a-0530"
             unit="sentence"
             ecep:lem="."
             ecep:pos="."
             ecep:reg="."
             ecep:spe=".">.</pc>
         <c> </c>
      </l>
   </lg>
</div>
