<?xml version="1.0" encoding="utf-8"?>
<!DOCTYPE div
  SYSTEM "about:legacy-compat">
<div xmlns:ecep="http://www.eighteenthcenturypoetry.org/ns"
     xmlns="http://www.tei-c.org/ns/1.0"
     xmlns:tei="http://www.tei-c.org/ns/1.0"
     ana="#iamb #pentameter #couplet #pair #address"
     corresp="#txt_CarsCh1763_w0031"
     decls="#semi-normalized"
     ecep:syllab="10"
     met="-+|-+|-+|-+|-+/"
     rendition="#lgvspace"
     rhyme="aa"
     subtype="eceptext"
     type="poem"
     xml:id="pcc86-w0310">
   <link target="authors.xml#aut_CarsCh1763" type="author"/>
   <head type="main">
      <w xml:id="pcc86-76830"
         n="pcc86/0064-a-0010"
         ecep:lem="to"
         ecep:pos="p-acp"
         ecep:reg="To"
         ecep:spe="To"
         ecep:syllab="1"
         ecep:pron="tuː">To</w>
      <c> </c>
      <w xml:id="pcc86-76840"
         n="pcc86/0064-a-0020"
         ecep:lem="a"
         ecep:pos="dt"
         ecep:reg="a"
         ecep:spe="a"
         ecep:syllab="1"
         ecep:pron="ə">a</w>
      <c> </c>
      <w xml:id="pcc86-76850"
         n="pcc86/0064-a-0030"
         ecep:lem="young"
         ecep:pos="j"
         ecep:reg="young"
         ecep:spe="young"
         ecep:syllab="1"
         ecep:pron="jʌŋ">young</w>
      <c> </c>
      <w xml:id="pcc86-76860"
         n="pcc86/0064-a-0040"
         ecep:lem="lady"
         ecep:pos="n1"
         ecep:reg="Lady"
         ecep:spe="Lady"
         ecep:syllab="2"
         ecep:pron="ˈleɪdi">Lady</w>
      <c> </c>
      <w xml:id="pcc86-76870"
         n="pcc86/0064-a-0050"
         ecep:lem="who"
         ecep:pos="r-crq"
         ecep:reg="who"
         ecep:spe="who"
         ecep:syllab="1"
         ecep:pron="huː">who</w>
      <c> </c>
      <w xml:id="pcc86-76880"
         n="pcc86/0064-a-0060"
         ecep:lem="be"
         ecep:pos="vbds"
         ecep:reg="was"
         ecep:spe="was"
         ecep:syllab="1"
         ecep:pron="wɒz">was</w>
      <c> </c>
      <w xml:id="pcc86-76890"
         n="pcc86/0064-a-0070"
         ecep:lem="go"
         ecep:pos="vvg"
         ecep:reg="going"
         ecep:spe="going"
         ecep:syllab="2"
         ecep:pron="gəʊɪŋ">going</w>
      <c> </c>
      <w xml:id="pcc86-76900"
         n="pcc86/0064-a-0080"
         ecep:lem="to"
         ecep:pos="p-acp"
         ecep:reg="to"
         ecep:spe="to"
         ecep:syllab="1"
         ecep:pron="tuː">to</w>
      <c> </c>
      <w xml:id="pcc86-76910"
         n="pcc86/0064-a-0090"
         ecep:lem="India"
         ecep:pos="np1"
         ecep:reg="India"
         ecep:spe="India"
         ecep:syllab="2"
         ecep:pron="ˈɪndiə">India</w>
      <pc xml:id="pcc86-76920"
          n="pcc86/0064-a-0100"
          unit="sentence"
          ecep:lem="."
          ecep:pos="."
          ecep:reg="."
          ecep:spe=".">.</pc>
   </head>
   <lg xml:id="pcc86-s00565">
      <l xml:id="pcc86-l03810">
         <w xml:id="pcc86-76950"
            n="pcc86/0064-a-0110"
            ecep:lem="shall"
            ecep:pos="vmb"
            ecep:reg="SHALL"
            ecep:spe="SHALL"
            ecep:syllab="1"
            ecep:pron="ʃæl">SHALL</w>
         <c> </c>
         <w xml:id="pcc86-76960"
            n="pcc86/0064-a-0120"
            ecep:lem="we"
            ecep:pos="pns12"
            ecep:reg="we"
            ecep:spe="we"
            ecep:syllab="1"
            ecep:pron="wiː">we</w>
         <c> </c>
         <w xml:id="pcc86-76970"
            n="pcc86/0064-a-0130"
            ecep:lem="once"
            ecep:pos="a-acp"
            ecep:reg="once"
            ecep:spe="once"
            ecep:syllab="1"
            ecep:pron="wʌns">once</w>
         <c> </c>
         <w xml:id="pcc86-76980"
            n="pcc86/0064-a-0140"
            ecep:lem="more"
            ecep:pos="av-dc"
            ecep:reg="more"
            ecep:spe="more"
            ecep:syllab="1"
            ecep:pron="mɔː">more</w>
         <c> </c>
         <w xml:id="pcc86-76990"
            n="pcc86/0064-a-0150"
            ecep:lem="then"
            ecep:pos="av"
            ecep:reg="then"
            ecep:spe="then"
            ecep:syllab="1"
            ecep:pron="ðen">then</w>
         <c> </c>
         <w xml:id="pcc86-77000"
            n="pcc86/0064-a-0160"
            ecep:lem="meet"
            ecep:pos="vvi"
            ecep:reg="meet"
            ecep:spe="meet"
            ecep:syllab="1"
            ecep:pron="miːt">meet</w>
         <c> </c>
         <w xml:id="pcc86-77010"
            n="pcc86/0064-a-0170"
            ecep:lem="on"
            ecep:pos="p-acp"
            ecep:reg="on"
            ecep:spe="on"
            ecep:syllab="1"
            ecep:pron="ɒn">on</w>
         <c> </c>
         <w xml:id="pcc86-77020"
            n="pcc86/0064-a-0180"
            ecep:lem="albion"
            ecep:pos="npg1"
            ecep:reg="Albion's"
            ecep:spe="Albion's"
            ecep:syllab="2"
            ecep:pron="ˈælbiənz">Albion's</w>
         <c> </c>
         <w xml:id="pcc86-77030"
            n="pcc86/0064-a-0190"
            ecep:lem="coast"
            ecep:pos="n1"
            ecep:reg="coast"
            ecep:spe="coast"
            ecep:syllab="1"
            ecep:pron="kəʊst">coast</w>
         <pc xml:id="pcc86-77040"
             n="pcc86/0064-a-0200"
             ecep:lem=","
             ecep:pos=","
             ecep:reg=","
             ecep:spe=",">,</pc>
      </l>
      <l xml:id="pcc86-l03815">
         <c> </c>
         <w xml:id="pcc86-77050"
            n="pcc86/0064-a-0210"
            ecep:lem="before"
            ecep:pos="c-acp"
            ecep:reg="Before"
            ecep:spe="Before"
            ecep:syllab="2"
            ecep:pron="bɪˈfɔː">Before</w>
         <pc xml:id="pcc86-77060"
             n="pcc86/0064-a-0220"
             ecep:lem=","
             ecep:pos=","
             ecep:reg=","
             ecep:spe=",">,</pc>
         <c> </c>
         <w xml:id="pcc86-77070"
            n="pcc86/0064-a-0230"
            ecep:lem="my"
            ecep:pos="po11"
            ecep:reg="my"
            ecep:spe="my"
            ecep:syllab="1"
            ecep:pron="maɪ">my</w>
         <c> </c>
         <w xml:id="pcc86-77080"
            n="pcc86/0064-a-0240"
            ecep:lem="dear"
            ecep:pos="n-jn"
            ecep:reg="dear"
            ecep:spe="dear"
            ecep:syllab="1"
            ecep:pron="dɪə">dear</w>
         <pc xml:id="pcc86-77090"
             n="pcc86/0064-a-0250"
             ecep:lem=","
             ecep:pos=","
             ecep:reg=","
             ecep:spe=",">,</pc>
         <c> </c>
         <w xml:id="pcc86-77100"
            n="pcc86/0064-a-0260"
            ecep:lem="in"
            ecep:pos="p-acp"
            ecep:reg="in"
            ecep:spe="in"
            ecep:syllab="1"
            ecep:pron="ɪn">in</w>
         <c> </c>
         <w xml:id="pcc86-77110"
            n="pcc86/0064-a-0270"
            ecep:lem="India"
            ecep:pos="np1"
            ecep:reg="India"
            ecep:spe="India"
            ecep:syllab="2"
            ecep:pron="ˈɪndiə">India</w>
         <c> </c>
         <w xml:id="pcc86-77120"
            n="pcc86/0064-a-0280"
            ecep:lem="you|be"
            ecep:pos="pn22|vbr"
            ecep:reg="you're"
            ecep:spe="you're"
            ecep:syllab="1"
            ecep:pron="jɔː">you're</w>
         <c> </c>
         <w xml:id="pcc86-77130"
            n="pcc86/0064-a-0290"
            ecep:lem="a"
            ecep:pos="dt"
            ecep:reg="a"
            ecep:spe="a"
            ecep:syllab="1"
            ecep:pron="ə">a</w>
         <c> </c>
         <w xml:id="pcc86-77140"
            n="pcc86/0064-a-0300"
            ecep:lem="toast"
            ecep:pos="n1"
            ecep:reg="toast"
            ecep:spe="toast"
            ecep:syllab="1"
            ecep:pron="təʊst">toast</w>
         <pc xml:id="pcc86-77150"
             n="pcc86/0064-a-0310"
             unit="sentence"
             ecep:lem="?"
             ecep:pos="?"
             ecep:reg="?"
             ecep:spe="?">?</pc>
         <c> </c>
      </l>
      <l xml:id="pcc86-l03820">
         <w xml:id="pcc86-77160"
            n="pcc86/0064-a-0320"
            ecep:lem="there"
            ecep:pos="a-acp"
            ecep:reg="There"
            ecep:spe="There"
            ecep:syllab="1"
            ecep:pron="ðeə">There</w>
         <c> </c>
         <w xml:id="pcc86-77170"
            n="pcc86/0064-a-0330"
            ecep:lem="gild"
            ecep:pos="vvd"
            ecep:reg="gilded"
            ecep:spe="gilded"
            ecep:syllab="2"
            ecep:pron="gɪldɪd">gilded</w>
         <c> </c>
         <w xml:id="pcc86-77180"
            n="pcc86/0064-a-0340"
            ecep:lem="pleasure"
            ecep:pos="n2"
            ecep:reg="pleasures"
            ecep:spe="pleasures"
            ecep:syllab="2"
            ecep:pron="ˈpleʒəz">pleasures</w>
         <c> </c>
         <w xml:id="pcc86-77190"
            n="pcc86/0064-a-0350"
            ecep:lem="wait"
            ecep:pos="vvb"
            ecep:reg="wait"
            ecep:spe="wait"
            ecep:syllab="1"
            ecep:pron="weɪt">wait</w>
         <c> </c>
         <w xml:id="pcc86-77200"
            n="pcc86/0064-a-0360"
            ecep:lem="your"
            ecep:pos="po22"
            ecep:reg="your"
            ecep:spe="your"
            ecep:syllab="1"
            ecep:pron="jɔː">your</w>
         <c> </c>
         <w xml:id="pcc86-77210"
            n="pcc86/0064-a-0370"
            ecep:lem="jet-black"
            ecep:pos="j"
            ecep:reg="jet-black"
            ecep:spe="jet-black"
            ecep:syllab="2"
            ecep:pron="ˌdʒetˈblæk">jet-black</w>
         <c> </c>
         <w xml:id="pcc86-77220"
            n="pcc86/0064-a-0380"
            ecep:lem="eye"
            ecep:pos="n2"
            ecep:reg="eyes"
            ecep:spe="eyes"
            ecep:syllab="1"
            ecep:pron="aɪz">eyes</w>
         <pc xml:id="pcc86-77230"
             n="pcc86/0064-a-0390"
             ecep:lem=","
             ecep:pos=","
             ecep:reg=","
             ecep:spe=",">,</pc>
      </l>
      <l xml:id="pcc86-l03825">
         <c> </c>
         <w xml:id="pcc86-77240"
            n="pcc86/0064-a-0400"
            ecep:lem="and"
            ecep:pos="cc"
            ecep:reg="And"
            ecep:spe="And"
            ecep:syllab="1"
            ecep:pron="ænd">And</w>
         <c> </c>
         <w xml:id="pcc86-77250"
            n="pcc86/0064-a-0410"
            ecep:lem="asian"
            ecep:pos="jp"
            ecep:reg="Asian"
            ecep:spe="Asian"
            ecep:syllab="2"
            ecep:pron="ˈeɪʃən">Asian</w>
         <c> </c>
         <w xml:id="pcc86-77260"
            n="pcc86/0064-a-0420"
            ecep:lem="youth"
            ecep:pos="n2"
            ecep:reg="youths"
            ecep:spe="youths"
            ecep:syllab="1"
            ecep:pron="juːðz">youths</w>
         <c> </c>
         <w xml:id="pcc86-77270"
            n="pcc86/0064-a-0430"
            ecep:lem="for"
            ecep:pos="p-acp"
            ecep:reg="for"
            ecep:spe="for"
            ecep:syllab="1"
            ecep:pron="fɔː">for</w>
         <c> </c>
         <w xml:id="pcc86-77280"
            n="pcc86/0064-a-0440"
            ecep:lem="scots"
            ecep:pos="njp2"
            ecep:reg="Scots"
            ecep:spe="Scots"
            ecep:syllab="1"
            ecep:pron="skɒts">Scots</w>
         <c> </c>
         <w xml:id="pcc86-77290"
            n="pcc86/0064-a-0450"
            ecep:lem="Maria"
            ecep:pos="np1"
            ecep:reg="Maria"
            ecep:spe="Maria"
            ecep:syllab="3"
            ecep:pron="ˈmɑːriə">Maria</w>
         <c> </c>
         <w xml:id="pcc86-77300"
            n="pcc86/0064-a-0460"
            ecep:lem="die"
            ecep:pos="vvz"
            ecep:reg="dies"
            ecep:spe="dies"
            ecep:syllab="1"
            ecep:pron="daɪz">dies</w>
         <pc xml:id="pcc86-77310"
             n="pcc86/0064-a-0470"
             unit="sentence"
             ecep:lem="."
             ecep:pos="."
             ecep:reg="."
             ecep:spe=".">.</pc>
         <c> </c>
      </l>
      <l xml:id="pcc86-l03830">
         <w xml:id="pcc86-77320"
            n="pcc86/0064-a-0480"
            ecep:lem="yes"
            ecep:pos="uh"
            ecep:reg="Yes"
            ecep:spe="Yes"
            ecep:syllab="1"
            ecep:pron="jes">Yes</w>
         <pc xml:id="pcc86-77330"
             n="pcc86/0064-a-0490"
             ecep:lem="!"
             ecep:pos="!"
             ecep:reg="!"
             ecep:spe="!">!</pc>
         <c> </c>
         <w xml:id="pcc86-77340"
            n="pcc86/0064-a-0500"
            ecep:lem="they"
            ecep:pos="pns32"
            ecep:reg="they"
            ecep:spe="they"
            ecep:syllab="1"
            ecep:pron="ðeɪ">they</w>
         <c> </c>
         <w xml:id="pcc86-77350"
            n="pcc86/0064-a-0510"
            ecep:lem="may"
            ecep:pos="vmb"
            ecep:reg="may"
            ecep:spe="may"
            ecep:syllab="1"
            ecep:pron="meɪ">may</w>
         <c> </c>
         <w xml:id="pcc86-77360"
            n="pcc86/0064-a-0520"
            ecep:lem="die"
            ecep:pos="vvi"
            ecep:reg="die"
            ecep:spe="die"
            ecep:syllab="1"
            ecep:pron="daɪ">die</w>
         <c> </c>
         <pc xml:id="pcc86-77370"
             n="pcc86/0064-a-0530"
             ecep:lem="—"
             ecep:pos="—"
             ecep:reg="—"
             ecep:spe="—">—</pc>
         <c> </c>
         <w xml:id="pcc86-77380"
            n="pcc86/0064-a-0540"
            ecep:lem="and"
            ecep:pos="cc"
            ecep:reg="and"
            ecep:spe="and"
            ecep:syllab="1"
            ecep:pron="ænd">and</w>
         <c> </c>
         <w xml:id="pcc86-77390"
            n="pcc86/0064-a-0550"
            ecep:lem="die"
            ecep:pos="vvb"
            ecep:reg="die"
            ecep:spe="die"
            ecep:syllab="1"
            ecep:pron="daɪ">die</w>
         <c> </c>
         <pc xml:id="pcc86-77400"
             n="pcc86/0064-a-0560"
             ecep:lem="—"
             ecep:pos="—"
             ecep:reg="—"
             ecep:spe="—">—</pc>
         <c> </c>
         <w xml:id="pcc86-77410"
            n="pcc86/0064-a-0570"
            ecep:lem="and"
            ecep:pos="cc"
            ecep:reg="and"
            ecep:spe="and"
            ecep:syllab="1"
            ecep:pron="ænd">and</w>
         <c> </c>
         <w xml:id="pcc86-77420"
            n="pcc86/0064-a-0580"
            ecep:lem="die"
            ecep:pos="vvb"
            ecep:reg="die"
            ecep:spe="die"
            ecep:syllab="1"
            ecep:pron="daɪ">die</w>
         <c> </c>
         <w xml:id="pcc86-77430"
            n="pcc86/0064-a-0590"
            ecep:lem="again"
            ecep:pos="av"
            ecep:reg="again"
            ecep:spe="again"
            ecep:syllab="2"
            ecep:pron="əˈgen">again</w>
         <pc xml:id="pcc86-77440"
             n="pcc86/0064-a-0600"
             ecep:lem=","
             ecep:pos=","
             ecep:reg=","
             ecep:spe=",">,</pc>
      </l>
      <l xml:id="pcc86-l03835">
         <c> </c>
         <w xml:id="pcc86-77450"
            n="pcc86/0064-a-0610"
            ecep:lem="but"
            ecep:pos="cc-acp"
            ecep:reg="But"
            ecep:spe="But"
            ecep:syllab="1"
            ecep:pron="bʌt">But</w>
         <c> </c>
         <w xml:id="pcc86-77460"
            n="pcc86/0064-a-0620"
            ecep:lem="ye's"
            ecep:pos="pn22"
            ecep:reg="ye's"
            ecep:spe="ye's"
            ecep:syllab="1"
            ecep:pron="jiːz">ye's</w>
         <c> </c>
         <w xml:id="pcc86-77470"
            n="pcc86/0064-a-0630"
            ecep:lem="return"
            ecep:pos="vvb"
            ecep:reg="return"
            ecep:spe="return"
            ecep:syllab="2"
            ecep:pron="rɪˈtɜːn">return</w>
         <c> </c>
         <w xml:id="pcc86-77480"
            n="pcc86/0064-a-0640"
            ecep:lem="and"
            ecep:pos="cc"
            ecep:reg="and"
            ecep:spe="and"
            ecep:syllab="1"
            ecep:pron="ænd">and</w>
         <c> </c>
         <w xml:id="pcc86-77490"
            n="pcc86/0064-a-0650"
            ecep:lem="wed"
            ecep:pos="vvi"
            ecep:reg="wed"
            ecep:spe="wed"
            ecep:syllab="1"
            ecep:pron="wed">wed</w>
         <c> </c>
         <w xml:id="pcc86-77500"
            n="pcc86/0064-a-0660"
            ecep:lem="a"
            ecep:pos="dt"
            ecep:reg="a"
            ecep:spe="a"
            ecep:syllab="1"
            ecep:pron="ə">a</w>
         <c> </c>
         <w xml:id="pcc86-77510"
            n="pcc86/0064-a-0670"
            ecep:lem="scottish"
            ecep:pos="jp"
            ecep:reg="Scottish"
            ecep:spe="Scottish"
            ecep:syllab="2"
            ecep:pron="ˈskɒtɪʃ">Scottish</w>
         <c> </c>
         <w xml:id="pcc86-77520"
            n="pcc86/0064-a-0680"
            ecep:lem="swain"
            ecep:pos="n1"
            ecep:reg="swain"
            ecep:spe="swain"
            ecep:syllab="1"
            ecep:pron="sweɪn">swain</w>
         <pc xml:id="pcc86-77530"
             n="pcc86/0064-a-0690"
             ecep:lem=","
             ecep:pos=","
             ecep:reg=","
             ecep:spe=",">,</pc>
      </l>
      <l ana="#dimeter"
         ecep:syllab="4"
         real="-+|-+/"
         rhyme="x"
         xml:id="pcc86-l03840">
         <c> </c>
         <w xml:id="pcc86-77540"
            n="pcc86/0064-a-0700"
            ecep:lem="or"
            ecep:pos="cc"
            ecep:reg="Or"
            ecep:spe="Or"
            ecep:syllab="1"
            ecep:pron="ɔː">Or</w>
         <c> </c>
         <w xml:id="pcc86-77550"
            n="pcc86/0064-a-0710"
            ecep:lem="wed"
            ecep:pos="vvb"
            ecep:reg="wed"
            ecep:spe="wed"
            ecep:syllab="1"
            ecep:pron="wed">wed</w>
         <c> </c>
         <w xml:id="pcc86-77560"
            n="pcc86/0064-a-0720"
            ecep:lem="he"
            ecep:pos="pno31"
            ecep:reg="him"
            ecep:spe="him"
            ecep:syllab="1"
            ecep:pron="hɪm">him</w>
         <c> </c>
         <w xml:id="pcc86-77570"
            n="pcc86/0064-a-0730"
            ecep:lem="there"
            ecep:pos="a-acp"
            ecep:reg="there"
            ecep:spe="there"
            ecep:syllab="1"
            ecep:pron="ðeə">there</w>
         <pc xml:id="pcc86-77580"
             n="pcc86/0064-a-0740"
             unit="sentence"
             ecep:lem="."
             ecep:pos="."
             ecep:reg="."
             ecep:spe=".">.</pc>
         <c> </c>
      </l>
   </lg>
</div>
