<?xml version="1.0" encoding="UTF-8"?>
<div xmlns:ecep="http://www.eighteenthcenturypoetry.org/ns"
     xmlns="http://www.tei-c.org/ns/1.0"
     xmlns:tei="http://www.tei-c.org/ns/1.0"
     ana="#anapaest #tetrameter #octet #cross #song #acephal"
     corresp="#txt_AlcoMa1741_w0049"
     decls="#semi-normalized"
     ecep:syllab="12.9.12.9.12.9.12.9"
     met="--+|--+|--+|--+/ --+|--+|--+/ --+|--+|--+|--+/ --+|--+|--+/ --+|--+|--+|--+/ --+|--+|--+/ --+|--+|--+|--+/ --+|--+|--+/"
     rendition="#lgvspace"
     rhyme="ababcdcd"
     subtype="eceptext"
     type="poem"
     xml:id="pma99-w0490">
   <link target="authors.xml#aut_AlcoMa1741" type="author"/>
   <head type="main">
      <w xml:id="pma99-197440"
         n="174-a-0010"
         ecep:lem="a"
         ecep:pos="dt"
         ecep:reg="A"
         ecep:spe="A"
         ecep:syllab="1"
         ecep:pron="ə">A</w>
      <c> </c>
      <w xml:id="pma99-197450"
         n="174-a-0020"
         ecep:lem="song"
         ecep:pos="n1"
         ecep:reg="SONG"
         ecep:spe="SONG"
         ecep:syllab="1"
         ecep:pron="sɒŋ">SONG</w>
      <pc xml:id="pma99-197460"
          n="174-a-0030"
          unit="sentence"
          ecep:lem="."
          ecep:pos="."
          ecep:reg="."
          ecep:spe=".">.</pc>
      <c> </c>
      <note n="*" place="bottom" xml:id="pma99-n00010">
         <w xml:id="pma99-197480"
            n="174-a-0040"
            ecep:lem="to"
            ecep:pos="p-acp"
            ecep:reg="TO"
            ecep:spe="TO"
            ecep:syllab="1"
            ecep:pron="tuː">TO</w>
         <c> </c>
         <w xml:id="pma99-197490"
            n="174-a-0050"
            ecep:lem="the"
            ecep:pos="dt"
            ecep:reg="THE"
            ecep:spe="THE"
            ecep:syllab="1"
            ecep:pron="ðiː">THE</w>
         <c> </c>
         <w xml:id="pma99-197500"
            n="174-a-0060"
            ecep:lem="tune"
            ecep:pos="n1"
            ecep:reg="TUNE"
            ecep:spe="TUNE"
            ecep:syllab="1"
            ecep:pron="tʃuːn">TUNE</w>
         <c> </c>
         <w xml:id="pma99-197510"
            n="174-a-0070"
            ecep:lem="of"
            ecep:pos="pp-f"
            ecep:reg="OF"
            ecep:spe="OF"
            ecep:syllab="1"
            ecep:pron="ɒv">OF</w>
         <pc xml:id="pma99-197520"
             n="174-a-0080"
             ecep:lem=","
             ecep:pos=","
             ecep:reg=","
             ecep:spe=",">,</pc>
         <c> </c>
         <w xml:id="pma99-197530"
            n="174-a-0090"
            ecep:lem="you"
            ecep:pos="pn22"
            ecep:reg="YOU"
            ecep:spe="YE"
            ecep:syllab="1"
            ecep:pron="jiː">YE</w>
         <c> </c>
         <w xml:id="pma99-197540"
            n="174-a-0100"
            ecep:lem="bell"
            ecep:pos="n2"
            ecep:reg="BELLES"
            ecep:spe="BELLES"
            ecep:syllab="1"
            ecep:pron="belz">BELLES</w>
         <c> </c>
         <w xml:id="pma99-197550"
            n="174-a-0110"
            ecep:lem="and"
            ecep:pos="cc"
            ecep:reg="AND"
            ecep:spe="AND"
            ecep:syllab="1"
            ecep:pron="ænd">AND</w>
         <c> </c>
         <w xml:id="pma99-197560"
            n="174-a-0120"
            ecep:lem="you"
            ecep:pos="pn22"
            ecep:reg="YOU"
            ecep:spe="YE"
            ecep:syllab="1"
            ecep:pron="jiː">YE</w>
         <c> </c>
         <w xml:id="pma99-197570"
            n="174-a-0130"
            ecep:lem="flirt"
            ecep:pos="n2"
            ecep:reg="FLIRTS"
            ecep:spe="FLIRTS"
            ecep:syllab="1"
            ecep:pron="flɜːts">FLIRTS</w>
         <pc xml:id="pma99-197580"
             n="174-a-0140"
             unit="sentence"
             ecep:lem="."
             ecep:pos="."
             ecep:reg="."
             ecep:spe=".">.</pc>
      </note>
   </head>
   <lg xml:id="pma99-s01670">
      <l n="1" xml:id="pma99-l08795">
         <hi rendition="#sc">
            <w xml:id="pma99-197610"
               n="174-a-0150"
               ecep:lem="you"
               ecep:pos="pn22"
               ecep:reg="You"
               ecep:spe="Ye"
               ecep:syllab="1"
               ecep:pron="jiː">Ye</w>
         </hi>
         <c> </c>
         <w xml:id="pma99-197620"
            n="174-a-0160"
            ecep:lem="fleerer"
            ecep:pos="n2"
            ecep:reg="fleerers"
            ecep:spe="fleerers"
            ecep:syllab="2"
            ecep:pron="flˈiərəz">fleerers</w>
         <c> </c>
         <w xml:id="pma99-197630"
            n="174-a-0170"
            ecep:lem="and"
            ecep:pos="cc"
            ecep:reg="and"
            ecep:spe="and"
            ecep:syllab="1"
            ecep:pron="ænd">and</w>
         <c> </c>
         <w xml:id="pma99-197640"
            n="174-a-0180"
            ecep:lem="flirt"
            ecep:pos="n2"
            ecep:reg="flirts"
            ecep:spe="flirts"
            ecep:syllab="1"
            ecep:pron="flɜːts">flirts</w>
         <pc xml:id="pma99-197650"
             n="174-a-0190"
             ecep:lem=","
             ecep:pos=","
             ecep:reg=","
             ecep:spe=",">,</pc>
         <c> </c>
         <w xml:id="pma99-197660"
            n="174-a-0200"
            ecep:lem="and"
            ecep:pos="cc"
            ecep:reg="and"
            ecep:spe="and"
            ecep:syllab="1"
            ecep:pron="ænd">and</w>
         <c> </c>
         <w xml:id="pma99-197670"
            n="174-a-0210"
            ecep:lem="you"
            ecep:pos="pn22"
            ecep:reg="you"
            ecep:spe="ye"
            ecep:syllab="1"
            ecep:pron="jiː">ye</w>
         <c> </c>
         <hi>
            <w xml:id="pma99-197680"
               n="174-a-0220"
               ecep:lem="proud"
               ecep:pos="j"
               ecep:reg="proud"
               ecep:spe="proud"
               ecep:syllab="1"
               ecep:pron="praʊd">proud</w>
            <c> </c>
            <w xml:id="pma99-197690"
               n="174-a-0230"
               ecep:lem="little"
               ecep:pos="j"
               ecep:reg="little"
               ecep:spe="little"
               ecep:syllab="2"
               ecep:pron="ˈlɪtl">little</w>
         </hi>
         <c> </c>
         <w xml:id="pma99-197700"
            n="174-a-0240"
            ecep:lem="thing"
            ecep:pos="n2"
            ecep:reg="things"
            ecep:spe="things"
            ecep:syllab="1"
            ecep:pron="θɪŋz">things</w>
         <pc xml:id="pma99-197710"
             n="174-a-0250"
             ecep:lem=","
             ecep:pos=","
             ecep:reg=","
             ecep:spe=",">,</pc>
      </l>
      <l n="2" rendition="#h_3" xml:id="pma99-l08800">
         <c> </c>
         <w xml:id="pma99-197720"
            n="174-a-0260"
            ecep:lem="when"
            ecep:pos="c-crq"
            ecep:reg="When"
            ecep:spe="When"
            ecep:syllab="1"
            ecep:pron="wen">When</w>
         <c> </c>
         <w xml:id="pma99-197730"
            n="174-a-0270"
            ecep:lem="receive"
            ecep:pos="vvn"
            ecep:reg="received"
            ecep:spe="receiv'd"
            ecep:syllab="2"
            ecep:pron="rɪˈsiːvd">receiv'd</w>
         <c> </c>
         <w xml:id="pma99-197740"
            n="174-a-0280"
            ecep:lem="by"
            ecep:pos="p-acp"
            ecep:reg="by"
            ecep:spe="by"
            ecep:syllab="1"
            ecep:pron="baɪ">by</w>
         <c> </c>
         <w xml:id="pma99-197750"
            n="174-a-0290"
            ecep:lem="your"
            ecep:pos="po22"
            ecep:reg="your"
            ecep:spe="your"
            ecep:syllab="1"
            ecep:pron="jɔː">your</w>
         <c> </c>
         <w xml:id="pma99-197760"
            n="174-a-0300"
            ecep:lem="neighbour"
            ecep:pos="n2"
            ecep:reg="neighbours"
            ecep:spe="neighbours"
            ecep:syllab="2"
            ecep:pron="ˈneɪbəz">neighbours</w>
         <c> </c>
         <w xml:id="pma99-197770"
            n="174-a-0310"
            ecep:lem="around"
            ecep:pos="a-acp"
            ecep:reg="around"
            ecep:spe="around"
            ecep:syllab="2"
            ecep:pron="əˈraʊnd">around</w>
         <pc xml:id="pma99-197780"
             n="174-a-0320"
             ecep:lem=","
             ecep:pos=","
             ecep:reg=","
             ecep:spe=",">,</pc>
      </l>
      <l n="3" xml:id="pma99-l08805">
         <c> </c>
         <w xml:id="pma99-197790"
            n="174-a-0330"
            ecep:lem="prithee"
            ecep:pos="uh"
            ecep:reg="Prithee"
            ecep:spe="Pri'thee"
            ecep:syllab="2"
            ecep:pron="prˈɪθiː">Pri'thee</w>
         <c> </c>
         <w xml:id="pma99-197800"
            n="174-a-0340"
            ecep:lem="tell"
            ecep:pos="vvb"
            ecep:reg="tell"
            ecep:spe="tell"
            ecep:syllab="1"
            ecep:pron="tel">tell</w>
         <c> </c>
         <w xml:id="pma99-197810"
            n="174-a-0350"
            ecep:lem="i"
            ecep:pos="pno11"
            ecep:reg="me"
            ecep:spe="me"
            ecep:syllab="1"
            ecep:pron="miː">me</w>
         <c> </c>
         <w xml:id="pma99-197820"
            n="174-a-0360"
            ecep:lem="from"
            ecep:pos="p-acp"
            ecep:reg="from"
            ecep:spe="from"
            ecep:syllab="1"
            ecep:pron="frɒm">from</w>
         <c> </c>
         <w xml:id="pma99-197830"
            n="174-a-0370"
            ecep:lem="whence"
            ecep:pos="q-crq"
            ecep:reg="whence"
            ecep:spe="whence"
            ecep:syllab="1"
            ecep:pron="wens">whence</w>
         <c> </c>
         <w xml:id="pma99-197840"
            n="174-a-0380"
            ecep:lem="your"
            ecep:pos="po22"
            ecep:reg="your"
            ecep:spe="your"
            ecep:syllab="1"
            ecep:pron="jɔː">your</w>
         <c> </c>
         <w xml:id="pma99-197850"
            n="174-a-0390"
            ecep:lem="impertinence"
            ecep:pos="n1"
            ecep:reg="impertinence"
            ecep:spe="impertinence"
            ecep:syllab="4"
            ecep:pron="ɪmˈpɜːtɪnəns">impertinence</w>
         <c> </c>
         <w xml:id="pma99-197860"
            n="174-a-0400"
            ecep:lem="spring"
            ecep:pos="vvz"
            ecep:reg="springs"
            ecep:spe="springs"
            ecep:syllab="1"
            ecep:pron="sprɪŋz">springs</w>
         <pc xml:id="pma99-197870"
             n="174-a-0410"
             ecep:lem=","
             ecep:pos=","
             ecep:reg=","
             ecep:spe=",">,</pc>
      </l>
      <l n="4" rendition="#h_3" xml:id="pma99-l08810">
         <c> </c>
         <w xml:id="pma99-197880"
            n="174-a-0420"
            ecep:lem="good"
            ecep:pos="j"
            ecep:reg="Good"
            ecep:spe="Good"
            ecep:syllab="1"
            ecep:pron="gʊd">Good</w>
         <c> </c>
         <w xml:id="pma99-197890"
            n="174-a-0430"
            ecep:lem="manner"
            ecep:pos="n2"
            ecep:reg="manners"
            ecep:spe="manners"
            ecep:syllab="2"
            ecep:pron="ˈmænəz">manners</w>
         <c> </c>
         <w xml:id="pma99-197900"
            n="174-a-0440"
            ecep:lem="at"
            ecep:pos="p-acp"
            ecep:reg="at"
            ecep:spe="at"
            ecep:syllab="1"
            ecep:pron="æt">at</w>
         <c> </c>
         <w xml:id="pma99-197910"
            n="174-a-0450"
            ecep:lem="once"
            ecep:pos="a-acp"
            ecep:reg="once"
            ecep:spe="once"
            ecep:syllab="1"
            ecep:pron="wʌns">once</w>
         <c> </c>
         <w xml:id="pma99-197920"
            n="174-a-0460"
            ecep:lem="to"
            ecep:pos="pc-acp"
            ecep:reg="to"
            ecep:spe="to"
            ecep:syllab="1"
            ecep:pron="tuː">to</w>
         <c> </c>
         <w xml:id="pma99-197930"
            n="174-a-0470"
            ecep:lem="confound"
            ecep:pos="vvi"
            ecep:reg="confound"
            ecep:spe="confound"
            ecep:syllab="2"
            ecep:pron="kənˈfaʊnd">confound</w>
         <pc xml:id="pma99-197940"
             n="174-a-0480"
             unit="sentence"
             ecep:lem="?"
             ecep:pos="?"
             ecep:reg="?"
             ecep:spe="?">?</pc>
         <c> </c>
      </l>
      <l n="5" xml:id="pma99-l08815">
         <w xml:id="pma99-197950"
            n="174-a-0490"
            ecep:lem="what"
            ecep:pos="q-crq"
            ecep:reg="What"
            ecep:spe="What"
            ecep:syllab="1"
            ecep:pron="wɒt">What</w>
         <c> </c>
         <w xml:id="pma99-197960"
            n="174-a-0500"
            ecep:lem="mean"
            ecep:pos="vvz"
            ecep:reg="means"
            ecep:spe="means"
            ecep:syllab="1"
            ecep:pron="miːnz">means</w>
         <c> </c>
         <w xml:id="pma99-197970"
            n="174-a-0510"
            ecep:lem="the"
            ecep:pos="dt"
            ecep:reg="the"
            ecep:spe="the"
            ecep:syllab="1"
            ecep:pron="ðiː">the</w>
         <c> </c>
         <w xml:id="pma99-197980"
            n="174-a-0520"
            ecep:lem="sly"
            ecep:pos="j"
            ecep:reg="sly"
            ecep:spe="sly"
            ecep:syllab="1"
            ecep:pron="slaɪ">sly</w>
         <c> </c>
         <w xml:id="pma99-197990"
            n="174-a-0530"
            ecep:lem="wink"
            ecep:pos="n1"
            ecep:reg="wink"
            ecep:spe="wink"
            ecep:syllab="1"
            ecep:pron="wɪŋk">wink</w>
         <pc xml:id="pma99-198000"
             n="174-a-0540"
             ecep:lem=","
             ecep:pos=","
             ecep:reg=","
             ecep:spe=",">,</pc>
         <c> </c>
         <w xml:id="pma99-198010"
            n="174-a-0550"
            ecep:lem="the"
            ecep:pos="dt"
            ecep:reg="the"
            ecep:spe="the"
            ecep:syllab="1"
            ecep:pron="ðiː">the</w>
         <c> </c>
         <w xml:id="pma99-198020"
            n="174-a-0560"
            ecep:lem="satyrical"
            ecep:pos="j"
            ecep:reg="satyrical"
            ecep:spe="satyrical"
            ecep:syllab="4"
            ecep:pron="səˈtɪrɪkəl">satyrical</w>
         <c> </c>
         <w xml:id="pma99-198030"
            n="174-a-0570"
            ecep:lem="sneer"
            ecep:pos="n1"
            ecep:reg="sneer"
            ecep:spe="sneer"
            ecep:syllab="1"
            ecep:pron="snɪə">sneer</w>
         <pc xml:id="pma99-198040"
             n="174-a-0580"
             ecep:lem=","
             ecep:pos=","
             ecep:reg=","
             ecep:spe=",">,</pc>
      </l>
      <l n="6" rendition="#h_3" xml:id="pma99-l08820">
         <c> </c>
         <w xml:id="pma99-198050"
            n="174-a-0590"
            ecep:lem="the"
            ecep:pos="dt"
            ecep:reg="The"
            ecep:spe="The"
            ecep:syllab="1"
            ecep:pron="ðiː">The</w>
         <c> </c>
         <w xml:id="pma99-198060"
            n="174-a-0600"
            ecep:lem="whisper"
            ecep:pos="n1"
            ecep:reg="whisper"
            ecep:spe="whisper"
            ecep:syllab="2"
            ecep:pron="ˈwɪspə">whisper</w>
         <c> </c>
         <w xml:id="pma99-198070"
            n="174-a-0610"
            ecep:lem="that"
            ecep:pos="cst"
            ecep:reg="that"
            ecep:spe="that"
            ecep:syllab="1"
            ecep:pron="ðæt">that</w>
         <c> </c>
         <w xml:id="pma99-198080"
            n="174-a-0620"
            ecep:lem="wound"
            ecep:pos="n2"
            ecep:reg="wounds"
            ecep:spe="wounds"
            ecep:syllab="1"
            ecep:pron="wuːndz">wounds</w>
         <c> </c>
         <w xml:id="pma99-198090"
            n="174-a-0630"
            ecep:lem="as"
            ecep:pos="c-acp"
            ecep:reg="as"
            ecep:spe="as"
            ecep:syllab="1"
            ecep:pron="æz">as</w>
         <c> </c>
         <w xml:id="pma99-198100"
            n="174-a-0640"
            ecep:lem="it"
            ecep:pos="pn31"
            ecep:reg="it"
            ecep:spe="it"
            ecep:syllab="1"
            ecep:pron="ɪt">it</w>
         <c> </c>
         <w xml:id="pma99-198110"
            n="174-a-0650"
            ecep:lem="fly"
            ecep:pos="vvz"
            ecep:reg="flies"
            ecep:spe="flies"
            ecep:syllab="1"
            ecep:pron="flaɪz">flies</w>
         <pc xml:id="pma99-198120"
             n="174-a-0660"
             unit="sentence"
             ecep:lem="?"
             ecep:pos="?"
             ecep:reg="?"
             ecep:spe="?">?</pc>
         <c> </c>
      </l>
      <l n="7" xml:id="pma99-l08825">
         <w xml:id="pma99-198130"
            n="174-a-0670"
            ecep:lem="poor"
            ecep:pos="j"
            ecep:reg="Poor"
            ecep:spe="Poor"
            ecep:syllab="1"
            ecep:pron="pɔː">Poor</w>
         <c> </c>
         <w xml:id="pma99-198140"
            n="174-a-0680"
            ecep:lem="girl"
            ecep:pos="n2"
            ecep:reg="girls"
            ecep:spe="girls"
            ecep:syllab="1"
            ecep:pron="gɜːlz">girls</w>
         <pc xml:id="pma99-198150"
             n="174-a-0690"
             ecep:lem=","
             ecep:pos=","
             ecep:reg=","
             ecep:spe=",">,</pc>
         <c> </c>
         <w xml:id="pma99-198160"
            n="174-a-0700"
            ecep:lem="you"
            ecep:pos="pn22"
            ecep:reg="you"
            ecep:spe="ye"
            ecep:syllab="1"
            ecep:pron="jiː">ye</w>
         <c> </c>
         <w xml:id="pma99-198170"
            n="174-a-0710"
            ecep:lem="have"
            ecep:pos="vhb"
            ecep:reg="have"
            ecep:spe="have"
            ecep:syllab="1"
            ecep:pron="hæv">have</w>
         <c> </c>
         <w xml:id="pma99-198180"
            n="174-a-0720"
            ecep:lem="sad"
            ecep:pos="av-j"
            ecep:reg="sadly"
            ecep:spe="sadly"
            ecep:syllab="2"
            ecep:pron="sædli">sadly</w>
         <c> </c>
         <w xml:id="pma99-198190"
            n="174-a-0730"
            ecep:lem="mistake"
            ecep:pos="vvn"
            ecep:reg="mistaken"
            ecep:spe="mistaken"
            ecep:syllab="3"
            ecep:pron="mɪˈsteɪkn">mistaken</w>
         <pc xml:id="pma99-198200"
             n="174-a-0740"
             ecep:lem=","
             ecep:pos=","
             ecep:reg=","
             ecep:spe=",">,</pc>
         <c> </c>
         <w xml:id="pma99-198210"
            n="174-a-0750"
            ecep:lem="i"
            ecep:pos="pns11"
            ecep:reg="I"
            ecep:spe="I"
            ecep:syllab="1"
            ecep:pron="aɪ">I</w>
         <c> </c>
         <w xml:id="pma99-198220"
            n="174-a-0760"
            ecep:lem="fear"
            ecep:pos="vvb"
            ecep:reg="fear"
            ecep:spe="fear"
            ecep:syllab="1"
            ecep:pron="fɪə">fear</w>
         <pc xml:id="pma99-198230"
             n="174-a-0770"
             ecep:lem=","
             ecep:pos=","
             ecep:reg=","
             ecep:spe=",">,</pc>
      </l>
      <l n="8" rendition="#h_3" xml:id="pma99-l08830">
         <c> </c>
         <w xml:id="pma99-198240"
            n="174-a-0780"
            ecep:lem="both"
            ecep:pos="d"
            ecep:reg="Both"
            ecep:spe="Both"
            ecep:syllab="1"
            ecep:pron="bəʊθ">Both</w>
         <c> </c>
         <w xml:id="pma99-198250"
            n="174-a-0790"
            ecep:lem="the"
            ecep:pos="dt"
            ecep:reg="the"
            ecep:spe="the"
            ecep:syllab="1"
            ecep:pron="ðiː">the</w>
         <c> </c>
         <w xml:id="pma99-198260"
            n="174-a-0800"
            ecep:lem="use"
            ecep:pos="n1"
            ecep:reg="use"
            ecep:spe="use"
            ecep:syllab="1"
            ecep:pron="juːz">use</w>
         <c> </c>
         <w xml:id="pma99-198270"
            n="174-a-0810"
            ecep:lem="of"
            ecep:pos="pp-f"
            ecep:reg="of"
            ecep:spe="of"
            ecep:syllab="1"
            ecep:pron="ɒv">of</w>
         <c> </c>
         <w xml:id="pma99-198280"
            n="174-a-0820"
            ecep:lem="your"
            ecep:pos="po22"
            ecep:reg="your"
            ecep:spe="your"
            ecep:syllab="1"
            ecep:pron="jɔː">your</w>
         <c> </c>
         <w xml:id="pma99-198290"
            n="174-a-0830"
            ecep:lem="tongue"
            ecep:pos="n1"
            ecep:reg="tongue"
            ecep:spe="tongue"
            ecep:syllab="1"
            ecep:pron="tʌŋ">tongue</w>
         <pc xml:id="pma99-198300"
             n="174-a-0840"
             ecep:lem=","
             ecep:pos=","
             ecep:reg=","
             ecep:spe=",">,</pc>
         <c> </c>
         <w xml:id="pma99-198310"
            n="174-a-0850"
            ecep:lem="and"
            ecep:pos="cc"
            ecep:reg="and"
            ecep:spe="and"
            ecep:syllab="1"
            ecep:pron="ænd">and</w>
         <c> </c>
         <w xml:id="pma99-198320"
            n="174-a-0860"
            ecep:lem="your"
            ecep:pos="po22"
            ecep:reg="your"
            ecep:spe="your"
            ecep:syllab="1"
            ecep:pron="jɔː">your</w>
         <c> </c>
         <w xml:id="pma99-198330"
            n="174-a-0870"
            ecep:lem="eye"
            ecep:pos="n2"
            ecep:reg="eyes"
            ecep:spe="eyes"
            ecep:syllab="1"
            ecep:pron="aɪz">eyes</w>
         <pc xml:id="pma99-198340"
             n="174-a-0880"
             unit="sentence"
             ecep:lem="."
             ecep:pos="."
             ecep:reg="."
             ecep:spe=".">.</pc>
         <c> </c>
      </l>
   </lg>
   <p rendition="#h_6" xml:id="pma99-s01675">
      <w xml:id="pma99-198370"
         n="174-a-0890"
         ecep:lem="poor"
         ecep:pos="j"
         ecep:reg="Poor"
         ecep:spe="Poor"
         ecep:syllab="1"
         ecep:pron="pɔː">Poor</w>
      <c> </c>
      <w xml:id="pma99-198380"
         n="174-a-0900"
         ecep:lem="girl"
         ecep:pos="n2"
         ecep:reg="girls"
         ecep:spe="girls"
         ecep:syllab="1"
         ecep:pron="gɜːlz">girls</w>
      <pc xml:id="pma99-198390"
          n="174-a-0910"
          ecep:lem=","
          ecep:pos=","
          ecep:reg=","
          ecep:spe=",">,</pc>
      <c> </c>
      <w xml:id="pma99-198400"
         n="174-a-0920"
         ecep:lem="etc."
         ecep:pos="av"
         ecep:reg="etc."
         ecep:spe="&amp;c."
         ecep:syllab="0"
         ecep:pron="ændsˈiː">&amp;c.</w>
      <pc unit="sentence" xml:id="pma99-198400-eos" n="174-a-0930"/>
   </p>
   <lg xml:id="pma99-s01680">
      <l n="10" xml:id="pma99-l08835">
         <w xml:id="pma99-198430"
            n="174-a-0940"
            ecep:lem="the"
            ecep:pos="dt"
            ecep:reg="The"
            ecep:spe="The"
            ecep:syllab="1"
            ecep:pron="ðiː">The</w>
         <c> </c>
         <w xml:id="pma99-198440"
            n="174-a-0950"
            ecep:lem="blush"
            ecep:pos="n1"
            ecep:reg="blush"
            ecep:spe="blush"
            ecep:syllab="1"
            ecep:pron="blʌʃ">blush</w>
         <c> </c>
         <w xml:id="pma99-198450"
            n="174-a-0960"
            ecep:lem="of"
            ecep:pos="pp-f"
            ecep:reg="of"
            ecep:spe="of"
            ecep:syllab="1"
            ecep:pron="ɒv">of</w>
         <c> </c>
         <w xml:id="pma99-198460"
            n="174-a-0970"
            ecep:lem="the"
            ecep:pos="dt"
            ecep:reg="the"
            ecep:spe="the"
            ecep:syllab="1"
            ecep:pron="ðiː">the</w>
         <c> </c>
         <w xml:id="pma99-198470"
            n="174-a-0980"
            ecep:lem="rose"
            ecep:pos="n1"
            ecep:reg="rose"
            ecep:spe="rose"
            ecep:syllab="1"
            ecep:pron="rəʊz">rose</w>
         <c> </c>
         <w xml:id="pma99-198480"
            n="174-a-0990"
            ecep:lem="and"
            ecep:pos="cc"
            ecep:reg="and"
            ecep:spe="and"
            ecep:syllab="1"
            ecep:pron="ænd">and</w>
         <c> </c>
         <w xml:id="pma99-198490"
            n="174-a-1000"
            ecep:lem="the"
            ecep:pos="dt"
            ecep:reg="the"
            ecep:spe="the"
            ecep:syllab="1"
            ecep:pron="ðiː">the</w>
         <c> </c>
         <w xml:id="pma99-198500"
            n="174-a-1010"
            ecep:lem="mildness"
            ecep:pos="n1"
            ecep:reg="mildness"
            ecep:spe="mildness"
            ecep:syllab="2"
            ecep:pron="maɪldnəs">mildness</w>
         <c> </c>
         <w xml:id="pma99-198510"
            n="174-a-1020"
            ecep:lem="of"
            ecep:pos="pp-f"
            ecep:reg="of"
            ecep:spe="of"
            ecep:syllab="1"
            ecep:pron="ɒv">of</w>
         <c> </c>
         <w xml:id="pma99-198520"
            n="174-a-1030"
            ecep:lem="morn"
            ecep:pos="n1"
            ecep:reg="morn"
            ecep:spe="morn"
            ecep:syllab="1"
            ecep:pron="mɔːn">morn</w>
      </l>
      <l n="11" rendition="#h_3" xml:id="pma99-l08840">
         <c> </c>
         <w xml:id="pma99-198530"
            n="174-a-1040"
            ecep:lem="be"
            ecep:pos="vbb"
            ecep:reg="Are"
            ecep:spe="Are"
            ecep:syllab="1"
            ecep:pron="ɑː">Are</w>
         <c> </c>
         <w xml:id="pma99-198540"
            n="174-a-1050"
            ecep:lem="beauty"
            ecep:pos="n2"
            ecep:reg="beauties"
            ecep:spe="beauties"
            ecep:syllab="2"
            ecep:pron="ˈbjuːtiz">beauties</w>
         <c> </c>
         <w xml:id="pma99-198550"
            n="174-a-1060"
            ecep:lem="no"
            ecep:pos="dx"
            ecep:reg="no"
            ecep:spe="no"
            ecep:syllab="1"
            ecep:pron="nəʊ">no</w>
         <c> </c>
         <w xml:id="pma99-198560"
            n="174-a-1070"
            ecep:lem="art"
            ecep:pos="n1"
            ecep:reg="art"
            ecep:spe="art"
            ecep:syllab="1"
            ecep:pron="ɑːt">art</w>
         <c> </c>
         <w xml:id="pma99-198570"
            n="174-a-1080"
            ecep:lem="can"
            ecep:pos="vmb"
            ecep:reg="can"
            ecep:spe="can"
            ecep:syllab="1"
            ecep:pron="kæn">can</w>
         <c> </c>
         <w xml:id="pma99-198580"
            n="174-a-1090"
            ecep:lem="supply"
            ecep:pos="vvi"
            ecep:reg="supply"
            ecep:spe="supply"
            ecep:syllab="2"
            ecep:pron="səˈplaɪ">supply</w>
         <pc xml:id="pma99-198590"
             n="174-a-1100"
             ecep:lem=";"
             ecep:pos=";"
             ecep:reg=";"
             ecep:spe=";">;</pc>
      </l>
      <l n="12" xml:id="pma99-l08845">
         <c> </c>
         <w xml:id="pma99-198600"
            n="174-a-1110"
            ecep:lem="by"
            ecep:pos="p-acp"
            ecep:reg="By"
            ecep:spe="By"
            ecep:syllab="1"
            ecep:pron="baɪ">By</w>
         <c> </c>
         <w xml:id="pma99-198610"
            n="174-a-1120"
            ecep:lem="nature"
            ecep:pos="n1"
            ecep:reg="nature"
            ecep:spe="nature"
            ecep:syllab="2"
            ecep:pron="ˈneɪtʃə">nature</w>
         <pc xml:id="pma99-198620"
             n="174-a-1130"
             ecep:lem=","
             ecep:pos=","
             ecep:reg=","
             ecep:spe=",">,</pc>
         <c> </c>
         <w xml:id="pma99-198630"
            n="174-a-1140"
            ecep:lem="they|be"
            ecep:pos="pns32|vbr"
            ecep:reg="they're"
            ecep:spe="they're"
            ecep:syllab="1"
            ecep:pron="ðeə">they're</w>
         <c> </c>
         <w xml:id="pma99-198640"
            n="174-a-1150"
            ecep:lem="you"
            ecep:pos="png22"
            ecep:reg="yours"
            ecep:spe="yours"
            ecep:syllab="1"
            ecep:pron="jɔːz">yours</w>
         <pc xml:id="pma99-198650"
             n="174-a-1160"
             ecep:lem=","
             ecep:pos=","
             ecep:reg=","
             ecep:spe=",">,</pc>
         <c> </c>
         <w xml:id="pma99-198660"
            n="174-a-1170"
            ecep:lem="and"
            ecep:pos="cc"
            ecep:reg="and"
            ecep:spe="and"
            ecep:syllab="1"
            ecep:pron="ænd">and</w>
         <c> </c>
         <w xml:id="pma99-198670"
            n="174-a-1180"
            ecep:lem="it|be"
            ecep:pos="pn31|vbz"
            ecep:reg="it's"
            ecep:spe="'tis"
            ecep:syllab="1"
            ecep:pron="tɪz">'tis</w>
         <c> </c>
         <w xml:id="pma99-198680"
            n="174-a-1190"
            ecep:lem="you"
            ecep:pos="pn22"
            ecep:reg="you"
            ecep:spe="you"
            ecep:syllab="1"
            ecep:pron="juː">you</w>
         <c> </c>
         <w xml:id="pma99-198690"
            n="174-a-1200"
            ecep:lem="they"
            ecep:pos="pns32"
            ecep:reg="they"
            ecep:spe="they"
            ecep:syllab="1"
            ecep:pron="ðeɪ">they</w>
         <c> </c>
         <w xml:id="pma99-198700"
            n="174-a-1210"
            ecep:lem="adorn"
            ecep:pos="vvb"
            ecep:reg="adorn"
            ecep:spe="adorn"
            ecep:syllab="2"
            ecep:pron="əˈdɔːn">adorn</w>
         <pc xml:id="pma99-198710"
             n="174-a-1220"
             ecep:lem=","
             ecep:pos=","
             ecep:reg=","
             ecep:spe=",">,</pc>
      </l>
      <l n="13" rendition="#h_3" xml:id="pma99-l08850">
         <c> </c>
         <w xml:id="pma99-198720"
            n="174-a-1230"
            ecep:lem="in"
            ecep:pos="p-acp"
            ecep:reg="In"
            ecep:spe="In"
            ecep:syllab="1"
            ecep:pron="ɪn">In</w>
         <c> </c>
         <w xml:id="pma99-198730"
            n="174-a-1240"
            ecep:lem="your"
            ecep:pos="po22"
            ecep:reg="your"
            ecep:spe="your"
            ecep:syllab="1"
            ecep:pron="jɔː">your</w>
         <c> </c>
         <w xml:id="pma99-198740"
            n="174-a-1250"
            ecep:lem="cheek"
            ecep:pos="n1"
            ecep:reg="cheek"
            ecep:spe="cheek"
            ecep:syllab="1"
            ecep:pron="tʃiːk">cheek</w>
         <pc xml:id="pma99-198750"
             n="174-a-1260"
             ecep:lem=","
             ecep:pos=","
             ecep:reg=","
             ecep:spe=",">,</pc>
         <c> </c>
         <w xml:id="pma99-198760"
            n="174-a-1270"
            ecep:lem="in"
            ecep:pos="p-acp"
            ecep:reg="in"
            ecep:spe="in"
            ecep:syllab="1"
            ecep:pron="ɪn">in</w>
         <c> </c>
         <w xml:id="pma99-198770"
            n="174-a-1280"
            ecep:lem="your"
            ecep:pos="po22"
            ecep:reg="your"
            ecep:spe="your"
            ecep:syllab="1"
            ecep:pron="jɔː">your</w>
         <c> </c>
         <w xml:id="pma99-198780"
            n="174-a-1290"
            ecep:lem="lip"
            ecep:pos="n1"
            ecep:reg="lip"
            ecep:spe="lip"
            ecep:syllab="1"
            ecep:pron="lɪp">lip</w>
         <pc xml:id="pma99-198790"
             n="174-a-1300"
             ecep:lem=","
             ecep:pos=","
             ecep:reg=","
             ecep:spe=",">,</pc>
         <c> </c>
         <w xml:id="pma99-198800"
            n="174-a-1310"
            ecep:lem="in"
            ecep:pos="p-acp"
            ecep:reg="in"
            ecep:spe="in"
            ecep:syllab="1"
            ecep:pron="ɪn">in</w>
         <c> </c>
         <w xml:id="pma99-198810"
            n="174-a-1320"
            ecep:lem="your"
            ecep:pos="po22"
            ecep:reg="your"
            ecep:spe="your"
            ecep:syllab="1"
            ecep:pron="jɔː">your</w>
         <c> </c>
         <w xml:id="pma99-198820"
            n="174-a-1330"
            ecep:lem="eye"
            ecep:pos="n1"
            ecep:reg="eye"
            ecep:spe="eye"
            ecep:syllab="1"
            ecep:pron="aɪ">eye</w>
         <pc xml:id="pma99-198830"
             n="174-a-1340"
             unit="sentence"
             ecep:lem="."
             ecep:pos="."
             ecep:reg="."
             ecep:spe=".">.</pc>
         <c> </c>
      </l>
      <pb facs="pma99/0175" n="137" rend="none"/>
      <l n="14" xml:id="pma99-l08855">
         <w xml:id="pma99-198840"
            n="175-a-0010"
            ecep:lem="but"
            ecep:pos="p-acp"
            ecep:reg="But"
            ecep:spe="But"
            ecep:syllab="1"
            ecep:pron="bʌt">But</w>
         <c> </c>
         <w xml:id="pma99-198850"
            n="175-a-0020"
            ecep:lem="if"
            ecep:pos="cs"
            ecep:reg="if"
            ecep:spe="if"
            ecep:syllab="1"
            ecep:pron="ɪf">if</w>
         <c> </c>
         <w xml:id="pma99-198860"
            n="175-a-0030"
            ecep:lem="traitor"
            ecep:pos="n2"
            ecep:reg="traitors"
            ecep:spe="traitors"
            ecep:syllab="2"
            ecep:pron="ˈtreɪtəz">traitors</w>
         <c> </c>
         <w xml:id="pma99-198870"
            n="175-a-0040"
            ecep:lem="to"
            ecep:pos="p-acp"
            ecep:reg="to"
            ecep:spe="to"
            ecep:syllab="1"
            ecep:pron="tuː">to</w>
         <c> </c>
         <w xml:id="pma99-198880"
            n="175-a-0050"
            ecep:lem="nature"
            ecep:pos="n1"
            ecep:reg="Nature"
            ecep:spe="Nature"
            ecep:syllab="2"
            ecep:pron="ˈneɪtʃə">Nature</w>
         <pc xml:id="pma99-198890"
             n="175-a-0060"
             ecep:lem=","
             ecep:pos=","
             ecep:reg=","
             ecep:spe=",">,</pc>
         <c> </c>
         <w xml:id="pma99-198900"
            n="175-a-0070"
            ecep:lem="their"
            ecep:pos="po32"
            ecep:reg="their"
            ecep:spe="their"
            ecep:syllab="1"
            ecep:pron="ðeə">their</w>
         <c> </c>
         <w xml:id="pma99-198910"
            n="175-a-0080"
            ecep:lem="virtue"
            ecep:pos="n1"
            ecep:reg="virtue"
            ecep:spe="virtue"
            ecep:syllab="2"
            ecep:pron="ˈvɜːtʃuː">virtue</w>
         <c> </c>
         <w xml:id="pma99-198920"
            n="175-a-0090"
            ecep:lem="you"
            ecep:pos="pn22"
            ecep:reg="you"
            ecep:spe="you"
            ecep:syllab="1"
            ecep:pron="juː">you</w>
         <c> </c>
         <w xml:id="pma99-198930"
            n="175-a-0100"
            ecep:lem="slight"
            ecep:pos="j"
            ecep:reg="slight"
            ecep:spe="slight"
            ecep:syllab="1"
            ecep:pron="slaɪt">slight</w>
         <pc xml:id="pma99-198940"
             n="175-a-0110"
             ecep:lem=","
             ecep:pos=","
             ecep:reg=","
             ecep:spe=",">,</pc>
      </l>
      <l n="15" rendition="#h_3" xml:id="pma99-l08860">
         <c> </c>
         <w xml:id="pma99-198950"
            n="175-a-0120"
            ecep:lem="and"
            ecep:pos="cc"
            ecep:reg="And"
            ecep:spe="And"
            ecep:syllab="1"
            ecep:pron="ænd">And</w>
         <c> </c>
         <w xml:id="pma99-198960"
            n="175-a-0130"
            ecep:lem="put"
            ecep:pos="vvi"
            ecep:reg="put"
            ecep:spe="put"
            ecep:syllab="1"
            ecep:pron="pʊt">put</w>
         <c> </c>
         <w xml:id="pma99-198970"
            n="175-a-0140"
            ecep:lem="malice"
            ecep:pos="n1"
            ecep:reg="Malice"
            ecep:spe="Malice"
            ecep:syllab="2"
            ecep:pron="ˈmælɪs">Malice</w>
         <c> </c>
         <w xml:id="pma99-198980"
            n="175-a-0150"
            ecep:lem="and"
            ecep:pos="cc"
            ecep:reg="and"
            ecep:spe="and"
            ecep:syllab="1"
            ecep:pron="ænd">and</w>
         <c> </c>
         <w xml:id="pma99-198990"
            n="175-a-0160"
            ecep:lem="art"
            ecep:pos="n1"
            ecep:reg="Art"
            ecep:spe="Art"
            ecep:syllab="1"
            ecep:pron="ɑːt">Art</w>
         <c> </c>
         <w xml:id="pma99-199000"
            n="175-a-0170"
            ecep:lem="in"
            ecep:pos="p-acp"
            ecep:reg="in"
            ecep:spe="in"
            ecep:syllab="1"
            ecep:pron="ɪn">in</w>
         <c> </c>
         <w xml:id="pma99-199010"
            n="175-a-0180"
            ecep:lem="their"
            ecep:pos="po32"
            ecep:reg="their"
            ecep:spe="their"
            ecep:syllab="1"
            ecep:pron="ðeə">their</w>
         <c> </c>
         <w xml:id="pma99-199020"
            n="175-a-0190"
            ecep:lem="place"
            ecep:pos="n1"
            ecep:reg="place"
            ecep:spe="place"
            ecep:syllab="1"
            ecep:pron="pleɪs">place</w>
         <pc xml:id="pma99-199030"
             n="175-a-0200"
             ecep:lem=","
             ecep:pos=","
             ecep:reg=","
             ecep:spe=",">,</pc>
      </l>
      <l n="16" xml:id="pma99-l08865">
         <c> </c>
         <w xml:id="pma99-199040"
            n="175-a-0210"
            ecep:lem="both"
            ecep:pos="d"
            ecep:reg="Both"
            ecep:spe="Both"
            ecep:syllab="1"
            ecep:pron="bəʊθ">Both</w>
         <c> </c>
         <w xml:id="pma99-199050"
            n="175-a-0220"
            ecep:lem="Cupid"
            ecep:pos="np1"
            ecep:reg="Cupid"
            ecep:spe="Cupid"
            ecep:syllab="2"
            ecep:pron="ˈkjuːpɪd">Cupid</w>
         <c> </c>
         <w xml:id="pma99-199060"
            n="175-a-0230"
            ecep:lem="and"
            ecep:pos="cc"
            ecep:reg="and"
            ecep:spe="and"
            ecep:syllab="1"
            ecep:pron="ænd">and</w>
         <c> </c>
         <w xml:id="pma99-199070"
            n="175-a-0240"
            ecep:lem="HYMEN"
            ecep:pos="np1"
            ecep:reg="Hymen"
            ecep:spe="Hymen"
            ecep:syllab="2"
            ecep:pron="ˈhaɪmen">Hymen</w>
         <c> </c>
         <w xml:id="pma99-199080"
            n="175-a-0250"
            ecep:lem="you|will"
            ecep:pos="pn22|vmb"
            ecep:reg="you'll"
            ecep:spe="you'll"
            ecep:syllab="1"
            ecep:pron="juːl">you'll</w>
         <c> </c>
         <w xml:id="pma99-199090"
            n="175-a-0260"
            ecep:lem="soon"
            ecep:pos="av"
            ecep:reg="soon"
            ecep:spe="soon"
            ecep:syllab="1"
            ecep:pron="suːn">soon</w>
         <c> </c>
         <w xml:id="pma99-199100"
            n="175-a-0270"
            ecep:lem="put"
            ecep:pos="vvi"
            ecep:reg="put"
            ecep:spe="put"
            ecep:syllab="1"
            ecep:pron="pʊt">put</w>
         <c> </c>
         <w xml:id="pma99-199110"
            n="175-a-0280"
            ecep:lem="to"
            ecep:pos="p-acp"
            ecep:reg="to"
            ecep:spe="to"
            ecep:syllab="1"
            ecep:pron="tuː">to</w>
         <c> </c>
         <w xml:id="pma99-199120"
            n="175-a-0290"
            ecep:lem="flight"
            ecep:pos="n1"
            ecep:reg="flight"
            ecep:spe="flight"
            ecep:syllab="1"
            ecep:pron="flaɪt">flight</w>
         <pc xml:id="pma99-199130"
             n="175-a-0300"
             ecep:lem=","
             ecep:pos=","
             ecep:reg=","
             ecep:spe=",">,</pc>
      </l>
      <l n="17" rendition="#h_3" xml:id="pma99-l08870">
         <c> </c>
         <w xml:id="pma99-199140"
            n="175-a-0310"
            ecep:lem="and"
            ecep:pos="cc"
            ecep:reg="And"
            ecep:spe="And"
            ecep:syllab="1"
            ecep:pron="ænd">And</w>
         <c> </c>
         <hi>
            <w xml:id="pma99-199150"
               n="175-a-0320"
               ecep:lem="quiz"
               ecep:pos="fw-la"
               ecep:reg="quiz"
               ecep:spe="quiz"
               ecep:syllab="1"
               ecep:pron="kwɪz">quiz</w>
         </hi>
         <c> </c>
         <w xml:id="pma99-199160"
            n="175-a-0330"
            ecep:lem="away"
            ecep:pos="av"
            ecep:reg="away"
            ecep:spe="away"
            ecep:syllab="2"
            ecep:pron="əˈweɪ">away</w>
         <c> </c>
         <w xml:id="pma99-199170"
            n="175-a-0340"
            ecep:lem="every"
            ecep:pos="d"
            ecep:reg="every"
            ecep:spe="every"
            ecep:syllab="2"
            ecep:pron="ˈevri">every</w>
         <c> </c>
         <w xml:id="pma99-199180"
            n="175-a-0350"
            ecep:lem="grace"
            ecep:pos="n1"
            ecep:reg="Grace"
            ecep:spe="Grace"
            ecep:syllab="1"
            ecep:pron="greɪs">Grace</w>
         <pc xml:id="pma99-199190"
             n="175-a-0360"
             unit="sentence"
             ecep:lem="."
             ecep:pos="."
             ecep:reg="."
             ecep:spe=".">.</pc>
         <c> </c>
      </l>
   </lg>
   <p rendition="#h_6" xml:id="pma99-s01685">
      <w xml:id="pma99-199220"
         n="175-a-0370"
         ecep:lem="poor"
         ecep:pos="j"
         ecep:reg="Poor"
         ecep:spe="Poor"
         ecep:syllab="1"
         ecep:pron="pɔː">Poor</w>
      <c> </c>
      <w xml:id="pma99-199230"
         n="175-a-0380"
         ecep:lem="girl"
         ecep:pos="n2"
         ecep:reg="girls"
         ecep:spe="girls"
         ecep:syllab="1"
         ecep:pron="gɜːlz">girls</w>
      <pc xml:id="pma99-199240"
          n="175-a-0390"
          ecep:lem=","
          ecep:pos=","
          ecep:reg=","
          ecep:spe=",">,</pc>
      <c> </c>
      <w xml:id="pma99-199250"
         n="175-a-0400"
         ecep:lem="etc."
         ecep:pos="av"
         ecep:reg="etc."
         ecep:spe="&amp;c."
         ecep:syllab="0"
         ecep:pron="ændsˈiː">&amp;c.</w>
      <pc unit="sentence" xml:id="pma99-199250-eos" n="175-a-0410"/>
   </p>
   <lg xml:id="pma99-s01690">
      <l n="19" xml:id="pma99-l08875">
         <w xml:id="pma99-199280"
            n="175-a-0420"
            ecep:lem="the"
            ecep:pos="dt"
            ecep:reg="The"
            ecep:spe="The"
            ecep:syllab="1"
            ecep:pron="ðiː">The</w>
         <c> </c>
         <w xml:id="pma99-199290"
            n="175-a-0430"
            ecep:lem="nymph"
            ecep:pos="n1"
            ecep:reg="nymph"
            ecep:spe="nymph"
            ecep:syllab="1"
            ecep:pron="nɪmf">nymph</w>
         <c> </c>
         <w xml:id="pma99-199300"
            n="175-a-0440"
            ecep:lem="who"
            ecep:pos="r-crq"
            ecep:reg="who"
            ecep:spe="who"
            ecep:syllab="1"
            ecep:pron="huː">who</w>
         <c> </c>
         <w xml:id="pma99-199310"
            n="175-a-0450"
            ecep:lem="on"
            ecep:pos="p-acp"
            ecep:reg="on"
            ecep:spe="on"
            ecep:syllab="1"
            ecep:pron="ɒn">on</w>
         <c> </c>
         <w xml:id="pma99-199320"
            n="175-a-0460"
            ecep:lem="beauty"
            ecep:pos="n1"
            ecep:reg="beauty"
            ecep:spe="beauty"
            ecep:syllab="2"
            ecep:pron="ˈbjuːti">beauty</w>
         <c> </c>
         <w xml:id="pma99-199330"
            n="175-a-0470"
            ecep:lem="and"
            ecep:pos="cc"
            ecep:reg="and"
            ecep:spe="and"
            ecep:syllab="1"
            ecep:pron="ænd">and</w>
         <c> </c>
         <w xml:id="pma99-199340"
            n="175-a-0480"
            ecep:lem="satire"
            ecep:pos="n1"
            ecep:reg="satire"
            ecep:spe="satire"
            ecep:syllab="2"
            ecep:pron="ˈsætæə">satire</w>
         <c> </c>
         <w xml:id="pma99-199350"
            n="175-a-0490"
            ecep:lem="depend"
            ecep:pos="vvz"
            ecep:reg="depends"
            ecep:spe="depends"
            ecep:syllab="2"
            ecep:pron="dɪˈpendz">depends</w>
         <pc xml:id="pma99-199360"
             n="175-a-0500"
             ecep:lem=","
             ecep:pos=","
             ecep:reg=","
             ecep:spe=",">,</pc>
      </l>
      <l n="20" rendition="#h_3" xml:id="pma99-l08880">
         <c> </c>
         <w xml:id="pma99-199370"
            n="175-a-0510"
            ecep:lem="must"
            ecep:pos="vmb"
            ecep:reg="Must"
            ecep:spe="Must"
            ecep:syllab="1"
            ecep:pron="mʌst">Must</w>
         <c> </c>
         <w xml:id="pma99-199380"
            n="175-a-0520"
            ecep:lem="call"
            ecep:pos="vvi"
            ecep:reg="call"
            ecep:spe="call"
            ecep:syllab="1"
            ecep:pron="kɔːl">call</w>
         <c> </c>
         <w xml:id="pma99-199390"
            n="175-a-0530"
            ecep:lem="all"
            ecep:pos="d"
            ecep:reg="all"
            ecep:spe="all"
            ecep:syllab="1"
            ecep:pron="ɔːl">all</w>
         <c> </c>
         <w xml:id="pma99-199400"
            n="175-a-0540"
            ecep:lem="her"
            ecep:pos="po31"
            ecep:reg="her"
            ecep:spe="her"
            ecep:syllab="1"
            ecep:pron="hɜː">her</w>
         <c> </c>
         <w xml:id="pma99-199410"
            n="175-a-0550"
            ecep:lem="wit"
            ecep:pos="n2"
            ecep:reg="wits"
            ecep:spe="wits"
            ecep:syllab="1"
            ecep:pron="wɪts">wits</w>
         <c> </c>
         <w xml:id="pma99-199420"
            n="175-a-0560"
            ecep:lem="to"
            ecep:pos="p-acp"
            ecep:reg="to"
            ecep:spe="to"
            ecep:syllab="1"
            ecep:pron="tuː">to</w>
         <c> </c>
         <w xml:id="pma99-199430"
            n="175-a-0570"
            ecep:lem="her"
            ecep:pos="po31"
            ecep:reg="her"
            ecep:spe="her"
            ecep:syllab="1"
            ecep:pron="hɜː">her</w>
         <c> </c>
         <w xml:id="pma99-199440"
            n="175-a-0580"
            ecep:lem="aid"
            ecep:pos="n1"
            ecep:reg="aid"
            ecep:spe="aid"
            ecep:syllab="1"
            ecep:pron="eɪd">aid</w>
         <pc xml:id="pma99-199450"
             n="175-a-0590"
             ecep:lem=","
             ecep:pos=","
             ecep:reg=","
             ecep:spe=",">,</pc>
      </l>
      <l n="21" xml:id="pma99-l08885">
         <c> </c>
         <w xml:id="pma99-199460"
            n="175-a-0600"
            ecep:lem="which"
            ecep:pos="r-crq"
            ecep:reg="Which"
            ecep:spe="Which"
            ecep:syllab="1"
            ecep:pron="wɪtʃ">Which</w>
         <c> </c>
         <w xml:id="pma99-199470"
            n="175-a-0610"
            ecep:lem="she"
            ecep:pos="pns31"
            ecep:reg="she"
            ecep:spe="she"
            ecep:syllab="1"
            ecep:pron="ʃiː">she</w>
         <c> </c>
         <w xml:id="pma99-199480"
            n="175-a-0620"
            ecep:lem="great"
            ecep:pos="av-j"
            ecep:reg="greatly"
            ecep:spe="greatly"
            ecep:syllab="2"
            ecep:pron="ˈgreɪtli">greatly</w>
         <c> </c>
         <w xml:id="pma99-199490"
            n="175-a-0630"
            ecep:lem="will"
            ecep:pos="vmb"
            ecep:reg="will"
            ecep:spe="will"
            ecep:syllab="1"
            ecep:pron="wɪl">will</w>
         <c> </c>
         <w xml:id="pma99-199500"
            n="175-a-0640"
            ecep:lem="need"
            ecep:pos="vvi"
            ecep:reg="need"
            ecep:spe="need"
            ecep:syllab="1"
            ecep:pron="niːd">need</w>
         <pc xml:id="pma99-199510"
             n="175-a-0650"
             ecep:lem=","
             ecep:pos=","
             ecep:reg=","
             ecep:spe=",">,</pc>
         <c> </c>
         <w xml:id="pma99-199520"
            n="175-a-0660"
            ecep:lem="when"
            ecep:pos="c-crq"
            ecep:reg="when"
            ecep:spe="when"
            ecep:syllab="1"
            ecep:pron="wen">when</w>
         <c> </c>
         <w xml:id="pma99-199530"
            n="175-a-0670"
            ecep:lem="she|be"
            ecep:pos="pns31|vbz"
            ecep:reg="she's"
            ecep:spe="she's"
            ecep:syllab="1"
            ecep:pron="ʃiːz">she's</w>
         <c> </c>
         <w xml:id="pma99-199540"
            n="175-a-0680"
            ecep:lem="lose"
            ecep:pos="vvn"
            ecep:reg="lost"
            ecep:spe="lost"
            ecep:syllab="1"
            ecep:pron="lɒst">lost</w>
         <c> </c>
         <w xml:id="pma99-199550"
            n="175-a-0690"
            ecep:lem="all"
            ecep:pos="d"
            ecep:reg="all"
            ecep:spe="all"
            ecep:syllab="1"
            ecep:pron="ɔːl">all</w>
         <c> </c>
         <w xml:id="pma99-199560"
            n="175-a-0700"
            ecep:lem="her"
            ecep:pos="po31"
            ecep:reg="her"
            ecep:spe="her"
            ecep:syllab="1"
            ecep:pron="hɜː">her</w>
         <c> </c>
         <w xml:id="pma99-199570"
            n="175-a-0710"
            ecep:lem="friend"
            ecep:pos="n2"
            ecep:reg="friends"
            ecep:spe="friends"
            ecep:syllab="1"
            ecep:pron="frendz">friends</w>
         <pc xml:id="pma99-199580"
             n="175-a-0720"
             ecep:lem=","
             ecep:pos=","
             ecep:reg=","
             ecep:spe=",">,</pc>
      </l>
      <l n="22" rendition="#h_3" xml:id="pma99-l08890">
         <c> </c>
         <w xml:id="pma99-199590"
            n="175-a-0730"
            ecep:lem="and"
            ecep:pos="cc"
            ecep:reg="And"
            ecep:spe="And"
            ecep:syllab="1"
            ecep:pron="ænd">And</w>
         <c> </c>
         <w xml:id="pma99-199600"
            n="175-a-0740"
            ecep:lem="be"
            ecep:pos="vbz"
            ecep:reg="is"
            ecep:spe="is"
            ecep:syllab="1"
            ecep:pron="ɪz">is</w>
         <c> </c>
         <w xml:id="pma99-199610"
            n="175-a-0750"
            ecep:lem="leave"
            ecep:pos="vvn"
            ecep:reg="left"
            ecep:spe="left"
            ecep:syllab="1"
            ecep:pron="left">left</w>
         <c> </c>
         <w xml:id="pma99-199620"
            n="175-a-0760"
            ecep:lem="a"
            ecep:pos="dt"
            ecep:reg="a"
            ecep:spe="a"
            ecep:syllab="1"
            ecep:pron="ə">a</w>
         <c> </c>
         <w xml:id="pma99-199630"
            n="175-a-0770"
            ecep:lem="forsake"
            ecep:pos="j-vvn"
            ecep:reg="forsaken"
            ecep:spe="forsaken"
            ecep:syllab="3"
            ecep:pron="fəˈseɪkn">forsaken</w>
         <c> </c>
         <w xml:id="pma99-199640"
            n="175-a-0780"
            ecep:lem="old"
            ecep:pos="j"
            ecep:reg="old"
            ecep:spe="old"
            ecep:syllab="1"
            ecep:pron="əʊld">old</w>
         <c> </c>
         <w xml:id="pma99-199650"
            n="175-a-0790"
            ecep:lem="maid"
            ecep:pos="n1"
            ecep:reg="maid"
            ecep:spe="maid"
            ecep:syllab="1"
            ecep:pron="meɪd">maid</w>
         <pc xml:id="pma99-199660"
             n="175-a-0800"
             unit="sentence"
             ecep:lem="."
             ecep:pos="."
             ecep:reg="."
             ecep:spe=".">.</pc>
         <c> </c>
      </l>
      <l n="23" xml:id="pma99-l08895">
         <w xml:id="pma99-199670"
            n="175-a-0810"
            ecep:lem="while"
            ecep:pos="cs"
            ecep:reg="While"
            ecep:spe="Whilst"
            ecep:syllab="1"
            ecep:pron="waɪlst">Whilst</w>
         <c> </c>
         <w xml:id="pma99-199680"
            n="175-a-0820"
            ecep:lem="the"
            ecep:pos="dt"
            ecep:reg="the"
            ecep:spe="the"
            ecep:syllab="1"
            ecep:pron="ðiː">the</w>
         <c> </c>
         <w xml:id="pma99-199690"
            n="175-a-0830"
            ecep:lem="fair"
            ecep:pos="j"
            ecep:reg="fair"
            ecep:spe="fair"
            ecep:syllab="1"
            ecep:pron="feə">fair</w>
         <c> </c>
         <w xml:id="pma99-199700"
            n="175-a-0840"
            ecep:lem="one"
            ecep:pos="pi"
            ecep:reg="one"
            ecep:spe="one"
            ecep:syllab="1"
            ecep:pron="wʌn">one</w>
         <pc xml:id="pma99-199710"
             n="175-a-0850"
             ecep:lem=","
             ecep:pos=","
             ecep:reg=","
             ecep:spe=",">,</pc>
         <c> </c>
         <w xml:id="pma99-199720"
            n="175-a-0860"
            ecep:lem="who"
            ecep:pos="r-crq"
            ecep:reg="whose"
            ecep:spe="whose"
            ecep:syllab="1"
            ecep:pron="huːz">whose</w>
         <c> </c>
         <w xml:id="pma99-199730"
            n="175-a-0870"
            ecep:lem="sense"
            ecep:pos="n1"
            ecep:reg="sense"
            ecep:spe="sense"
            ecep:syllab="1"
            ecep:pron="sens">sense</w>
         <c> </c>
         <w xml:id="pma99-199740"
            n="175-a-0880"
            ecep:lem="and"
            ecep:pos="cc"
            ecep:reg="and"
            ecep:spe="and"
            ecep:syllab="1"
            ecep:pron="ænd">and</w>
         <c> </c>
         <w xml:id="pma99-199750"
            n="175-a-0890"
            ecep:lem="good"
            ecep:pos="j"
            ecep:reg="good"
            ecep:spe="good"
            ecep:syllab="1"
            ecep:pron="gʊd">good</w>
         <c> </c>
         <w xml:id="pma99-199760"
            n="175-a-0900"
            ecep:lem="nature"
            ecep:pos="n1"
            ecep:reg="nature"
            ecep:spe="nature"
            ecep:syllab="2"
            ecep:pron="ˈneɪtʃə">nature</w>
         <c> </c>
         <w xml:id="pma99-199770"
            n="175-a-0910"
            ecep:lem="she"
            ecep:pos="pns31"
            ecep:reg="she"
            ecep:spe="she"
            ecep:syllab="1"
            ecep:pron="ʃiː">she</w>
         <c> </c>
         <w xml:id="pma99-199780"
            n="175-a-0920"
            ecep:lem="try"
            ecep:pos="vvd"
            ecep:reg="tried"
            ecep:spe="try'd"
            ecep:syllab="1"
            ecep:pron="traɪd">try'd</w>
         <pc xml:id="pma99-199790"
             n="175-a-0930"
             ecep:lem=","
             ecep:pos=","
             ecep:reg=","
             ecep:spe=",">,</pc>
      </l>
      <l n="24" rendition="#h_3" xml:id="pma99-l08900">
         <c> </c>
         <w xml:id="pma99-199800"
            n="175-a-0940"
            ecep:lem="in"
            ecep:pos="p-acp"
            ecep:reg="In"
            ecep:spe="In"
            ecep:syllab="1"
            ecep:pron="ɪn">In</w>
         <c> </c>
         <w xml:id="pma99-199810"
            n="175-a-0950"
            ecep:lem="the"
            ecep:pos="dt"
            ecep:reg="the"
            ecep:spe="the"
            ecep:syllab="1"
            ecep:pron="ðiː">the</w>
         <c> </c>
         <w xml:id="pma99-199820"
            n="175-a-0960"
            ecep:lem="day"
            ecep:pos="n2"
            ecep:reg="days"
            ecep:spe="days"
            ecep:syllab="1"
            ecep:pron="deɪz">days</w>
         <c> </c>
         <w xml:id="pma99-199830"
            n="175-a-0970"
            ecep:lem="of"
            ecep:pos="pp-f"
            ecep:reg="of"
            ecep:spe="of"
            ecep:syllab="1"
            ecep:pron="ɒv">of</w>
         <c> </c>
         <w xml:id="pma99-199840"
            n="175-a-0980"
            ecep:lem="her"
            ecep:pos="po31"
            ecep:reg="her"
            ecep:spe="her"
            ecep:syllab="1"
            ecep:pron="hɜː">her</w>
         <c> </c>
         <w xml:id="pma99-199850"
            n="175-a-0990"
            ecep:lem="frolic"
            ecep:pos="n1"
            ecep:reg="frolic"
            ecep:spe="frolic"
            ecep:syllab="2"
            ecep:pron="ˈfrɒlɪk">frolic</w>
         <c> </c>
         <w xml:id="pma99-199860"
            n="175-a-1000"
            ecep:lem="and"
            ecep:pos="cc"
            ecep:reg="and"
            ecep:spe="and"
            ecep:syllab="1"
            ecep:pron="ænd">and</w>
         <c> </c>
         <w xml:id="pma99-199870"
            n="175-a-1010"
            ecep:lem="sport"
            ecep:pos="n1"
            ecep:reg="sport"
            ecep:spe="sport"
            ecep:syllab="1"
            ecep:pron="spɔːt">sport</w>
         <pc xml:id="pma99-199880"
             n="175-a-1020"
             ecep:lem=","
             ecep:pos=","
             ecep:reg=","
             ecep:spe=",">,</pc>
      </l>
      <l n="25" xml:id="pma99-l08905">
         <c> </c>
         <w xml:id="pma99-199890"
            n="175-a-1030"
            ecep:lem="be"
            ecep:pos="vbz"
            ecep:reg="Is"
            ecep:spe="Is"
            ecep:syllab="1"
            ecep:pron="ɪz">Is</w>
         <c> </c>
         <w xml:id="pma99-199900"
            n="175-a-1040"
            ecep:lem="now"
            ecep:pos="av"
            ecep:reg="now"
            ecep:spe="now"
            ecep:syllab="1"
            ecep:pron="naʊ">now</w>
         <c> </c>
         <w xml:id="pma99-199910"
            n="175-a-1050"
            ecep:lem="far"
            ecep:pos="av-j"
            ecep:reg="far"
            ecep:spe="far"
            ecep:syllab="1"
            ecep:pron="fɑː">far</w>
         <c> </c>
         <w xml:id="pma99-199920"
            n="175-a-1060"
            ecep:lem="above"
            ecep:pos="p-acp"
            ecep:reg="above"
            ecep:spe="above"
            ecep:syllab="2"
            ecep:pron="əˈbʌv">above</w>
         <c> </c>
         <w xml:id="pma99-199930"
            n="175-a-1070"
            ecep:lem="she"
            ecep:pos="pno31"
            ecep:reg="her"
            ecep:spe="her"
            ecep:syllab="1"
            ecep:pron="hɜː">her</w>
         <pc xml:id="pma99-199940"
             n="175-a-1080"
             ecep:lem=","
             ecep:pos=","
             ecep:reg=","
             ecep:spe=",">,</pc>
         <c> </c>
         <w xml:id="pma99-199950"
            n="175-a-1090"
            ecep:lem="and"
            ecep:pos="cc"
            ecep:reg="and"
            ecep:spe="and"
            ecep:syllab="1"
            ecep:pron="ænd">and</w>
         <c> </c>
         <w xml:id="pma99-199960"
            n="175-a-1100"
            ecep:lem="but"
            ecep:pos="p-acp"
            ecep:reg="but"
            ecep:spe="but"
            ecep:syllab="1"
            ecep:pron="bʌt">but</w>
         <c> </c>
         <w xml:id="pma99-199970"
            n="175-a-1110"
            ecep:lem="for"
            ecep:pos="p-acp"
            ecep:reg="for"
            ecep:spe="for"
            ecep:syllab="1"
            ecep:pron="fɔː">for</w>
         <c> </c>
         <w xml:id="pma99-199980"
            n="175-a-1120"
            ecep:lem="her"
            ecep:pos="po31"
            ecep:reg="her"
            ecep:spe="her"
            ecep:syllab="1"
            ecep:pron="hɜː">her</w>
         <c> </c>
         <w xml:id="pma99-199990"
            n="175-a-1130"
            ecep:lem="pride"
            ecep:pos="n1"
            ecep:reg="pride"
            ecep:spe="pride"
            ecep:syllab="1"
            ecep:pron="praɪd">pride</w>
         <pc xml:id="pma99-200000"
             n="175-a-1140"
             ecep:lem=","
             ecep:pos=","
             ecep:reg=","
             ecep:spe=",">,</pc>
      </l>
      <l n="26" rendition="#h_3" xml:id="pma99-l08910">
         <c> </c>
         <w xml:id="pma99-200010"
            n="175-a-1150"
            ecep:lem="she"
            ecep:pos="pns31"
            ecep:reg="She"
            ecep:spe="She"
            ecep:syllab="1"
            ecep:pron="ʃiː">She</w>
         <c> </c>
         <w xml:id="pma99-200020"
            n="175-a-1160"
            ecep:lem="glad"
            ecep:pos="av-j"
            ecep:reg="gladly"
            ecep:spe="gladly"
            ecep:syllab="2"
            ecep:pron="ˈglædli">gladly</w>
         <c> </c>
         <w xml:id="pma99-200030"
            n="175-a-1170"
            ecep:lem="her"
            ecep:pos="po31"
            ecep:reg="her"
            ecep:spe="her"
            ecep:syllab="1"
            ecep:pron="hɜː">her</w>
         <c> </c>
         <w xml:id="pma99-200040"
            n="175-a-1180"
            ecep:lem="favour"
            ecep:pos="n1"
            ecep:reg="favour"
            ecep:spe="favour"
            ecep:syllab="2"
            ecep:pron="ˈfeɪvə">favour</w>
         <c> </c>
         <w xml:id="pma99-200050"
            n="175-a-1190"
            ecep:lem="will"
            ecep:pos="vmd"
            ecep:reg="would"
            ecep:spe="would"
            ecep:syllab="1"
            ecep:pron="wʊd">would</w>
         <c> </c>
         <w xml:id="pma99-200060"
            n="175-a-1200"
            ecep:lem="court"
            ecep:pos="vvi"
            ecep:reg="court"
            ecep:spe="court"
            ecep:syllab="1"
            ecep:pron="kɔːt">court</w>
         <pc xml:id="pma99-200070"
             n="175-a-1210"
             unit="sentence"
             ecep:lem="."
             ecep:pos="."
             ecep:reg="."
             ecep:spe=".">.</pc>
         <c> </c>
      </l>
   </lg>
   <p rendition="#h_6" xml:id="pma99-s01695">
      <w xml:id="pma99-200100"
         n="175-a-1220"
         ecep:lem="poor"
         ecep:pos="j"
         ecep:reg="Poor"
         ecep:spe="Poor"
         ecep:syllab="1"
         ecep:pron="pɔː">Poor</w>
      <c> </c>
      <w xml:id="pma99-200110"
         n="175-a-1230"
         ecep:lem="girl"
         ecep:pos="n2"
         ecep:reg="girls"
         ecep:spe="girls"
         ecep:syllab="1"
         ecep:pron="gɜːlz">girls</w>
      <pc xml:id="pma99-200120"
          n="175-a-1240"
          ecep:lem=","
          ecep:pos=","
          ecep:reg=","
          ecep:spe=",">,</pc>
      <c> </c>
      <w xml:id="pma99-200130"
         n="175-a-1250"
         ecep:lem="etc."
         ecep:pos="av"
         ecep:reg="etc."
         ecep:spe="&amp;c."
         ecep:syllab="0"
         ecep:pron="ændsˈiː">&amp;c.</w>
      <pc unit="sentence" xml:id="pma99-200130-eos" n="175-a-1260"/>
   </p>
   <pb facs="pma99/0176" n="138" rend="none"/>
   <lg xml:id="pma99-s01700">
      <l n="28" xml:id="pma99-l08915">
         <w xml:id="pma99-200160"
            n="176-a-0010"
            ecep:lem="those"
            ecep:pos="d"
            ecep:reg="Those"
            ecep:spe="Those"
            ecep:syllab="1"
            ecep:pron="ðəʊz">Those</w>
         <c> </c>
         <w xml:id="pma99-200170"
            n="176-a-0020"
            ecep:lem="virtue"
            ecep:pos="n2"
            ecep:reg="virtues"
            ecep:spe="virtues"
            ecep:syllab="2"
            ecep:pron="ˈvɜːtʃuːz">virtues</w>
         <pc xml:id="pma99-200180"
             n="176-a-0030"
             ecep:lem=","
             ecep:pos=","
             ecep:reg=","
             ecep:spe=",">,</pc>
         <c> </c>
         <w xml:id="pma99-200190"
            n="176-a-0040"
            ecep:lem="and"
            ecep:pos="cc"
            ecep:reg="and"
            ecep:spe="and"
            ecep:syllab="1"
            ecep:pron="ænd">and</w>
         <c> </c>
         <w xml:id="pma99-200200"
            n="176-a-0050"
            ecep:lem="charm"
            ecep:pos="n2"
            ecep:reg="charms"
            ecep:spe="charms"
            ecep:syllab="1"
            ecep:pron="tʃɑːmz">charms</w>
         <pc xml:id="pma99-200210"
             n="176-a-0060"
             ecep:lem=","
             ecep:pos=","
             ecep:reg=","
             ecep:spe=",">,</pc>
         <c> </c>
         <w xml:id="pma99-200220"
            n="176-a-0070"
            ecep:lem="which"
            ecep:pos="r-crq"
            ecep:reg="which"
            ecep:spe="which"
            ecep:syllab="1"
            ecep:pron="wɪtʃ">which</w>
         <c> </c>
         <w xml:id="pma99-200230"
            n="176-a-0080"
            ecep:lem="we"
            ecep:pos="pns12"
            ecep:reg="we"
            ecep:spe="we"
            ecep:syllab="1"
            ecep:pron="wiː">we</w>
         <c> </c>
         <w xml:id="pma99-200240"
            n="176-a-0090"
            ecep:lem="prize"
            ecep:pos="vvb"
            ecep:reg="prise"
            ecep:spe="prize"
            ecep:syllab="1"
            ecep:pron="praɪz">prize</w>
         <c> </c>
         <w xml:id="pma99-200250"
            n="176-a-0100"
            ecep:lem="in"
            ecep:pos="p-acp"
            ecep:reg="in"
            ecep:spe="in"
            ecep:syllab="1"
            ecep:pron="ɪn">in</w>
         <c> </c>
         <w xml:id="pma99-200260"
            n="176-a-0110"
            ecep:lem="the"
            ecep:pos="dt"
            ecep:reg="the"
            ecep:spe="the"
            ecep:syllab="1"
            ecep:pron="ðiː">the</w>
         <c> </c>
         <w xml:id="pma99-200270"
            n="176-a-0120"
            ecep:lem="fair"
            ecep:pos="j"
            ecep:reg="fair"
            ecep:spe="fair"
            ecep:syllab="1"
            ecep:pron="feə">fair</w>
         <pc xml:id="pma99-200280"
             n="176-a-0130"
             ecep:lem=","
             ecep:pos=","
             ecep:reg=","
             ecep:spe=",">,</pc>
      </l>
      <l n="29" rendition="#h_3" xml:id="pma99-l08920">
         <c> </c>
         <w xml:id="pma99-200290"
            n="176-a-0140"
            ecep:lem="alas"
            ecep:pos="uh"
            ecep:reg="Alas"
            ecep:spe="Alas"
            ecep:syllab="2"
            ecep:pron="əˈlæs">Alas</w>
         <pc xml:id="pma99-200300"
             n="176-a-0150"
             ecep:lem="!"
             ecep:pos="!"
             ecep:reg="!"
             ecep:spe="!">!</pc>
         <c> </c>
         <w xml:id="pma99-200310"
            n="176-a-0160"
            ecep:lem="be"
            ecep:pos="vbb"
            ecep:reg="are"
            ecep:spe="are"
            ecep:syllab="1"
            ecep:pron="ɑː">are</w>
         <c> </c>
         <w xml:id="pma99-200320"
            n="176-a-0170"
            ecep:lem="neglect"
            ecep:pos="vvn"
            ecep:reg="neglected"
            ecep:spe="neglected"
            ecep:syllab="3"
            ecep:pron="nɪˈglektɪd">neglected</w>
         <c> </c>
         <w xml:id="pma99-200330"
            n="176-a-0180"
            ecep:lem="by"
            ecep:pos="p-acp"
            ecep:reg="by"
            ecep:spe="by"
            ecep:syllab="1"
            ecep:pron="baɪ">by</w>
         <c> </c>
         <w xml:id="pma99-200340"
            n="176-a-0190"
            ecep:lem="you"
            ecep:pos="pn22"
            ecep:reg="you"
            ecep:spe="you"
            ecep:syllab="1"
            ecep:pron="juː">you</w>
         <pc xml:id="pma99-200350"
             n="176-a-0200"
             ecep:lem=":"
             ecep:pos=":"
             ecep:reg=":"
             ecep:spe=":">:</pc>
      </l>
      <l n="30" xml:id="pma99-l08925">
         <c> </c>
         <w xml:id="pma99-200360"
            n="176-a-0210"
            ecep:lem="humility"
            ecep:pos="n1"
            ecep:reg="Humility"
            ecep:spe="Humility"
            ecep:syllab="4"
            ecep:pron="hjuːˈmɪləti">Humility</w>
         <c> </c>
         <w xml:id="pma99-200370"
            n="176-a-0220"
            ecep:lem="pine"
            ecep:pos="n2"
            ecep:reg="pines"
            ecep:spe="pines"
            ecep:syllab="1"
            ecep:pron="paɪnz">pines</w>
         <pc xml:id="pma99-200380"
             n="176-a-0230"
             ecep:lem=","
             ecep:pos=","
             ecep:reg=","
             ecep:spe=",">,</pc>
         <c> </c>
         <w xml:id="pma99-200390"
            n="176-a-0240"
            ecep:lem="and"
            ecep:pos="cc"
            ecep:reg="and"
            ecep:spe="and"
            ecep:syllab="1"
            ecep:pron="ænd">and</w>
         <c> </c>
         <w xml:id="pma99-200400"
            n="176-a-0250"
            ecep:lem="good"
            ecep:pos="j"
            ecep:reg="good"
            ecep:spe="good"
            ecep:syllab="1"
            ecep:pron="gʊd">good</w>
         <c> </c>
         <w xml:id="pma99-200410"
            n="176-a-0260"
            ecep:lem="sense"
            ecep:pos="n1"
            ecep:reg="sense"
            ecep:spe="sense"
            ecep:syllab="1"
            ecep:pron="sens">sense</w>
         <c> </c>
         <w xml:id="pma99-200420"
            n="176-a-0270"
            ecep:lem="in"
            ecep:pos="p-acp"
            ecep:reg="in"
            ecep:spe="in"
            ecep:syllab="1"
            ecep:pron="ɪn">in</w>
         <c> </c>
         <w xml:id="pma99-200430"
            n="176-a-0280"
            ecep:lem="despair"
            ecep:pos="n1"
            ecep:reg="despair"
            ecep:spe="despair"
            ecep:syllab="2"
            ecep:pron="dɪˈspeə">despair</w>
      </l>
      <l n="31" rendition="#h_3" xml:id="pma99-l08930">
         <c> </c>
         <w xml:id="pma99-200440"
            n="176-a-0290"
            ecep:lem="have"
            ecep:pos="vhz"
            ecep:reg="Has"
            ecep:spe="Has"
            ecep:syllab="1"
            ecep:pron="hæz">Has</w>
         <c> </c>
         <w xml:id="pma99-200450"
            n="176-a-0300"
            ecep:lem="total"
            ecep:pos="av-j"
            ecep:reg="totally"
            ecep:spe="totally"
            ecep:syllab="3"
            ecep:pron="ˈtəʊtli">totally</w>
         <c> </c>
         <w xml:id="pma99-200460"
            n="176-a-0310"
            ecep:lem="bid"
            ecep:pos="vvn"
            ecep:reg="bid"
            ecep:spe="bid"
            ecep:syllab="1"
            ecep:pron="bɪd">bid</w>
         <c> </c>
         <w xml:id="pma99-200470"
            n="176-a-0320"
            ecep:lem="you"
            ecep:pos="pn22"
            ecep:reg="you"
            ecep:spe="you"
            ecep:syllab="1"
            ecep:pron="juː">you</w>
         <c> </c>
         <w xml:id="pma99-200480"
            n="176-a-0330"
            ecep:lem="adieu"
            ecep:pos="n1"
            ecep:reg="adieu"
            ecep:spe="adieu"
            ecep:syllab="2"
            ecep:pron="əˈdjuː">adieu</w>
         <pc xml:id="pma99-200490"
             n="176-a-0340"
             unit="sentence"
             ecep:lem="."
             ecep:pos="."
             ecep:reg="."
             ecep:spe=".">.</pc>
         <c> </c>
      </l>
      <l n="32" xml:id="pma99-l08935">
         <w xml:id="pma99-200500"
            n="176-a-0350"
            ecep:lem="yet"
            ecep:pos="av"
            ecep:reg="Yet"
            ecep:spe="Yet"
            ecep:syllab="1"
            ecep:pron="jet">Yet</w>
         <c> </c>
         <w xml:id="pma99-200510"
            n="176-a-0360"
            ecep:lem="recall"
            ecep:pos="vvb"
            ecep:reg="recall"
            ecep:spe="recal"
            ecep:syllab="2"
            ecep:pron="rɪkˈæl">recal</w>
         <c> </c>
         <w xml:id="pma99-200520"
            n="176-a-0370"
            ecep:lem="your"
            ecep:pos="po22"
            ecep:reg="your"
            ecep:spe="your"
            ecep:syllab="1"
            ecep:pron="jɔː">your</w>
         <c> </c>
         <w xml:id="pma99-200530"
            n="176-a-0380"
            ecep:lem="lose"
            ecep:pos="j-vvn"
            ecep:reg="lost"
            ecep:spe="lost"
            ecep:syllab="1"
            ecep:pron="lɒst">lost</w>
         <c> </c>
         <w xml:id="pma99-200540"
            n="176-a-0390"
            ecep:lem="reason"
            ecep:pos="n1"
            ecep:reg="reason"
            ecep:spe="reason"
            ecep:syllab="2"
            ecep:pron="ˈriːzn">reason</w>
         <pc xml:id="pma99-200550"
             n="176-a-0400"
             ecep:lem=","
             ecep:pos=","
             ecep:reg=","
             ecep:spe=",">,</pc>
         <c> </c>
         <w xml:id="pma99-200560"
            n="176-a-0410"
            ecep:lem="and"
            ecep:pos="cc"
            ecep:reg="and"
            ecep:spe="and"
            ecep:syllab="1"
            ecep:pron="ænd">and</w>
         <c> </c>
         <w xml:id="pma99-200570"
            n="176-a-0420"
            ecep:lem="banish"
            ecep:pos="vvb"
            ecep:reg="banish"
            ecep:spe="banish"
            ecep:syllab="2"
            ecep:pron="ˈbænɪʃ">banish</w>
         <c> </c>
         <w xml:id="pma99-200580"
            n="176-a-0430"
            ecep:lem="your"
            ecep:pos="po22"
            ecep:reg="your"
            ecep:spe="your"
            ecep:syllab="1"
            ecep:pron="jɔː">your</w>
         <c> </c>
         <w xml:id="pma99-200590"
            n="176-a-0440"
            ecep:lem="pride"
            ecep:pos="n1"
            ecep:reg="pride"
            ecep:spe="pride"
            ecep:syllab="1"
            ecep:pron="praɪd">pride</w>
         <pc xml:id="pma99-200600"
             n="176-a-0450"
             ecep:lem=","
             ecep:pos=","
             ecep:reg=","
             ecep:spe=",">,</pc>
      </l>
      <l n="33" rendition="#h_3" xml:id="pma99-l08940">
         <c> </c>
         <w xml:id="pma99-200610"
            n="176-a-0460"
            ecep:lem="and"
            ecep:pos="cc"
            ecep:reg="And"
            ecep:spe="And"
            ecep:syllab="1"
            ecep:pron="ænd">And</w>
         <c> </c>
         <w xml:id="pma99-200620"
            n="176-a-0470"
            ecep:lem="what"
            ecep:pos="q-crq"
            ecep:reg="what"
            ecep:spe="what"
            ecep:syllab="1"
            ecep:pron="wɒt">what</w>
         <c> </c>
         <w xml:id="pma99-200630"
            n="176-a-0480"
            ecep:lem="charm"
            ecep:pos="n2"
            ecep:reg="charms"
            ecep:spe="charms"
            ecep:syllab="1"
            ecep:pron="tʃɑːmz">charms</w>
         <c> </c>
         <w xml:id="pma99-200640"
            n="176-a-0490"
            ecep:lem="you"
            ecep:pos="pn22"
            ecep:reg="you"
            ecep:spe="you"
            ecep:syllab="1"
            ecep:pron="juː">you</w>
         <c> </c>
         <w xml:id="pma99-200650"
            n="176-a-0500"
            ecep:lem="possess"
            ecep:pos="vvb"
            ecep:reg="possess"
            ecep:spe="possess"
            ecep:syllab="2"
            ecep:pron="pəˈzes">possess</w>
         <c> </c>
         <w xml:id="pma99-200660"
            n="176-a-0510"
            ecep:lem="we|will"
            ecep:pos="pns12|vmb"
            ecep:reg="we'll"
            ecep:spe="we'll"
            ecep:syllab="1"
            ecep:pron="wiːl">we'll</w>
         <c> </c>
         <w xml:id="pma99-200670"
            n="176-a-0520"
            ecep:lem="approve"
            ecep:pos="vvi"
            ecep:reg="approve"
            ecep:spe="approve"
            ecep:syllab="2"
            ecep:pron="əˈpruːv">approve</w>
         <pc xml:id="pma99-200680"
             n="176-a-0530"
             ecep:lem=";"
             ecep:pos=";"
             ecep:reg=";"
             ecep:spe=";">;</pc>
      </l>
      <l n="34" xml:id="pma99-l08945">
         <c> </c>
         <w xml:id="pma99-200690"
            n="176-a-0540"
            ecep:lem="if"
            ecep:pos="cs"
            ecep:reg="If"
            ecep:spe="If"
            ecep:syllab="1"
            ecep:pron="ɪf">If</w>
         <c> </c>
         <w xml:id="pma99-200700"
            n="176-a-0550"
            ecep:lem="adorn"
            ecep:pos="vvn"
            ecep:reg="adorned"
            ecep:spe="adorn'd"
            ecep:syllab="2"
            ecep:pron="əˈdɔːnd">adorn'd</w>
         <c> </c>
         <w xml:id="pma99-200710"
            n="176-a-0560"
            ecep:lem="with"
            ecep:pos="p-acp"
            ecep:reg="with"
            ecep:spe="with"
            ecep:syllab="1"
            ecep:pron="wɪð">with</w>
         <c> </c>
         <w xml:id="pma99-200720"
            n="176-a-0570"
            ecep:lem="those"
            ecep:pos="d"
            ecep:reg="those"
            ecep:spe="those"
            ecep:syllab="1"
            ecep:pron="ðəʊz">those</w>
         <c> </c>
         <w xml:id="pma99-200730"
            n="176-a-0580"
            ecep:lem="merit"
            ecep:pos="n2"
            ecep:reg="merits"
            ecep:spe="merits"
            ecep:syllab="2"
            ecep:pron="ˈmerɪts">merits</w>
         <pc xml:id="pma99-200740"
             n="176-a-0590"
             ecep:lem=","
             ecep:pos=","
             ecep:reg=","
             ecep:spe=",">,</pc>
         <c> </c>
         <w xml:id="pma99-200750"
            n="176-a-0600"
            ecep:lem="which"
            ecep:pos="r-crq"
            ecep:reg="which"
            ecep:spe="which"
            ecep:syllab="1"
            ecep:pron="wɪtʃ">which</w>
         <c> </c>
         <w xml:id="pma99-200760"
            n="176-a-0610"
            ecep:lem="now"
            ecep:pos="av"
            ecep:reg="now"
            ecep:spe="now"
            ecep:syllab="1"
            ecep:pron="naʊ">now</w>
         <c> </c>
         <w xml:id="pma99-200770"
            n="176-a-0620"
            ecep:lem="you"
            ecep:pos="pn22"
            ecep:reg="you"
            ecep:spe="you"
            ecep:syllab="1"
            ecep:pron="juː">you</w>
         <c> </c>
         <w xml:id="pma99-200780"
            n="176-a-0630"
            ecep:lem="deride"
            ecep:pos="vvb"
            ecep:reg="deride"
            ecep:spe="deride"
            ecep:syllab="2"
            ecep:pron="dɪˈraɪd">deride</w>
         <pc xml:id="pma99-200790"
             n="176-a-0640"
             unit="sentence"
             ecep:lem="."
             ecep:pos="."
             ecep:reg="."
             ecep:spe=".">.</pc>
         <c> </c>
      </l>
      <l n="35" rendition="#h_3" xml:id="pma99-l08950">
         <w xml:id="pma99-200800"
            n="176-a-0650"
            ecep:lem="you|will"
            ecep:pos="pn22|vmb"
            ecep:reg="You'll"
            ecep:spe="You'll"
            ecep:syllab="1"
            ecep:pron="juːl">You'll</w>
         <c> </c>
         <w xml:id="pma99-200810"
            n="176-a-0660"
            ecep:lem="regain"
            ecep:pos="vvi"
            ecep:reg="regain"
            ecep:spe="regain"
            ecep:syllab="2"
            ecep:pron="rɪˈgeɪn">regain</w>
         <c> </c>
         <w xml:id="pma99-200820"
            n="176-a-0670"
            ecep:lem="our"
            ecep:pos="po12"
            ecep:reg="our"
            ecep:spe="our"
            ecep:syllab="1"
            ecep:pron="æə">our</w>
         <c> </c>
         <w xml:id="pma99-200830"
            n="176-a-0680"
            ecep:lem="esteem"
            ecep:pos="n1"
            ecep:reg="esteem"
            ecep:spe="esteem"
            ecep:syllab="2"
            ecep:pron="ɪˈstiːm">esteem</w>
         <c> </c>
         <w xml:id="pma99-200840"
            n="176-a-0690"
            ecep:lem="and"
            ecep:pos="cc"
            ecep:reg="and"
            ecep:spe="and"
            ecep:syllab="1"
            ecep:pron="ænd">and</w>
         <c> </c>
         <w xml:id="pma99-200850"
            n="176-a-0700"
            ecep:lem="our"
            ecep:pos="po12"
            ecep:reg="our"
            ecep:spe="our"
            ecep:syllab="1"
            ecep:pron="æə">our</w>
         <c> </c>
         <w xml:id="pma99-200860"
            n="176-a-0710"
            ecep:lem="love"
            ecep:pos="n1"
            ecep:reg="love"
            ecep:spe="love"
            ecep:syllab="1"
            ecep:pron="lʌv">love</w>
         <pc xml:id="pma99-200870"
             n="176-a-0720"
             unit="sentence"
             ecep:lem="."
             ecep:pos="."
             ecep:reg="."
             ecep:spe=".">.</pc>
         <c> </c>
      </l>
   </lg>
   <p rendition="#h_6" xml:id="pma99-s01705">
      <w xml:id="pma99-200900"
         n="176-a-0730"
         ecep:lem="dear"
         ecep:pos="j-jn"
         ecep:reg="Dear"
         ecep:spe="Dear"
         ecep:syllab="1"
         ecep:pron="dɪə">Dear</w>
      <c> </c>
      <w xml:id="pma99-200910"
         n="176-a-0740"
         ecep:lem="girl"
         ecep:pos="n2"
         ecep:reg="girls"
         ecep:spe="girls"
         ecep:syllab="1"
         ecep:pron="gɜːlz">girls</w>
      <pc xml:id="pma99-200920"
          n="176-a-0750"
          ecep:lem=","
          ecep:pos=","
          ecep:reg=","
          ecep:spe=",">,</pc>
      <c> </c>
      <w xml:id="pma99-200930"
         n="176-a-0760"
         ecep:lem="etc."
         ecep:pos="av"
         ecep:reg="etc."
         ecep:spe="&amp;c."
         ecep:syllab="0"
         ecep:pron="ændsˈiː">&amp;c.</w>
      <pc unit="sentence" xml:id="pma99-200930-eos" n="176-a-0770"/>
   </p>
</div>
