<?xml version="1.0" encoding="utf-8"?>
<!DOCTYPE div
  SYSTEM "about:legacy-compat">
<div xmlns:ecep="http://www.eighteenthcenturypoetry.org/ns"
     xmlns="http://www.tei-c.org/ns/1.0"
     xmlns:tei="http://www.tei-c.org/ns/1.0"
     ana="#iamb #pentameter #couplet #heroiccouplet #pair #occasional"
     corresp="#txt_JoneMa1707_w0016"
     decls="#semi-normalized"
     ecep:syllab="10"
     met="-+|-+|-+|-+|-+/"
     rendition="#lgvspace"
     rhyme="aa"
     subtype="eceptext"
     type="poem"
     xml:id="pjo50-w0160">
   <link target="authors.xml#aut_JoneMa1707" type="author"/>
   <head type="main">
      <w xml:id="pjo50-270190"
         n="a-0010"
         ecep:lem="on"
         ecep:pos="p-acp"
         ecep:reg="On"
         ecep:spe="On"
         ecep:syllab="1"
         ecep:pron="ɒn">On</w>
      <c> </c>
      <w xml:id="pjo50-270200"
         n="a-0020"
         ecep:lem="the"
         ecep:pos="dt"
         ecep:reg="the"
         ecep:spe="the"
         ecep:syllab="1"
         ecep:pron="ðə">the</w>
      <c> </c>
      <w xml:id="pjo50-270210"
         n="a-0030"
         ecep:lem="reasonableness"
         ecep:pos="n1"
         ecep:reg="Reasonableness"
         ecep:spe="Reasonableness"
         ecep:syllab="5"
         ecep:pron="ˈriːznəblnɪs">Reasonableness</w>
      <c> </c>
      <w xml:id="pjo50-270220"
         n="a-0040"
         ecep:lem="of"
         ecep:pos="pp-f"
         ecep:reg="of"
         ecep:spe="of"
         ecep:syllab="1"
         ecep:pron="ɒv">of</w>
      <c> </c>
      <w xml:id="pjo50-270230"
         n="a-0050"
         ecep:lem="her"
         ecep:pos="po31"
         ecep:reg="Her"
         ecep:spe="Her"
         ecep:syllab="1"
         ecep:pron="hɜː">Her</w>
      <c> </c>
      <w xml:id="pjo50-270240"
         n="a-0060"
         ecep:lem="come"
         ecep:pos="n-vvg"
         ecep:reg="coming"
         ecep:spe="coming"
         ecep:syllab="2"
         ecep:pron="ˈkʌmɪŋ">coming</w>
      <c> </c>
      <w xml:id="pjo50-270250"
         n="a-0070"
         ecep:lem="to"
         ecep:pos="p-acp"
         ecep:reg="to"
         ecep:spe="to"
         ecep:syllab="1"
         ecep:pron="tuː">to</w>
      <c> </c>
      <w xml:id="pjo50-270260"
         n="a-0080"
         ecep:lem="the"
         ecep:pos="dt"
         ecep:reg="the"
         ecep:spe="the"
         ecep:syllab="1"
         ecep:pron="ðə">the</w>
      <c> </c>
      <hi rendition="#sc">
         <w xml:id="pjo50-270270"
            n="a-0090"
            ecep:lem="Oxford"
            ecep:pos="np1"
            ecep:reg="Oxford"
            ecep:spe="Oxford"
            ecep:syllab="2"
            ecep:pron="ˈɒksfəd">Oxford</w>
         <c> </c>
         <w xml:id="pjo50-270280"
            n="a-0100"
            ecep:lem="Act."
            ecep:pos="np1"
            ecep:reg="Act."
            ecep:spe="Act."
            ecep:syllab="1"
            ecep:pron="ˈækt">Act.</w>
         <pc unit="sentence" xml:id="pjo50-270280-eos" n="a-0110"/>
         <c> </c>
      </hi>
   </head>
   <lg xml:id="pjo50-s00620">
      <l n="1" xml:id="pjo50-l05620">
         <hi rendition="#sc">
            <w xml:id="pjo50-270310"
               n="a-0120"
               ecep:lem="beauty"
               ecep:pos="n1"
               ecep:reg="Beauty"
               ecep:spe="Beauty"
               ecep:syllab="2"
               ecep:pron="ˈbjuːtɪ">Beauty</w>
         </hi>
         <pc xml:id="pjo50-270320"
             n="a-0130"
             ecep:lem=","
             ecep:pos=","
             ecep:reg=","
             ecep:spe=",">,</pc>
         <c> </c>
         <w xml:id="pjo50-270330"
            n="a-0140"
            ecep:lem="the"
            ecep:pos="dt"
            ecep:reg="the"
            ecep:spe="the"
            ecep:syllab="1"
            ecep:pron="ðə">the</w>
         <c> </c>
         <w xml:id="pjo50-270340"
            n="a-0150"
            ecep:lem="bounty"
            ecep:pos="n1"
            ecep:reg="bounty"
            ecep:spe="bounty"
            ecep:syllab="2"
            ecep:pron="ˈbaʊntɪ">bounty</w>
         <c> </c>
         <w xml:id="pjo50-270350"
            n="a-0160"
            ecep:lem="of"
            ecep:pos="pp-f"
            ecep:reg="of"
            ecep:spe="of"
            ecep:syllab="1"
            ecep:pron="ɒv">of</w>
         <c> </c>
         <w xml:id="pjo50-270360"
            n="a-0170"
            ecep:lem="indulgent"
            ecep:pos="j"
            ecep:reg="indulgent"
            ecep:spe="indulgent"
            ecep:syllab="3"
            ecep:pron="ɪnˈdʌldʒənt">indulgent</w>
         <c> </c>
         <w xml:id="pjo50-270370"
            n="a-0180"
            ecep:lem="heaven"
            ecep:pos="n1"
            ecep:reg="Heaven"
            ecep:spe="Heav'n"
            ecep:syllab="1"
            ecep:pron="ˈhevn">Heav'n</w>
         <pc xml:id="pjo50-270380"
             n="a-0190"
             ecep:lem=","
             ecep:pos=","
             ecep:reg=","
             ecep:spe=",">,</pc>
      </l>
      <l n="2" xml:id="pjo50-l05625">
         <c> </c>
         <w xml:id="pjo50-270390"
            n="a-0200"
            ecep:lem="to"
            ecep:pos="p-acp"
            ecep:reg="To"
            ecep:spe="To"
            ecep:syllab="1"
            ecep:pron="tuː">To</w>
         <c> </c>
         <w xml:id="pjo50-270400"
            n="a-0210"
            ecep:lem="favour"
            ecep:pos="j-vvn"
            ecep:reg="favoured"
            ecep:spe="favour'd"
            ecep:syllab="2"
            ecep:pron="ˈfeɪvəd">favour'd</w>
         <c> </c>
         <w xml:id="pjo50-270410"
            n="a-0220"
            ecep:lem="maid"
            ecep:pos="n2"
            ecep:reg="Maids"
            ecep:spe="Maids"
            ecep:syllab="1"
            ecep:pron="meɪdz">Maids</w>
         <c> </c>
         <w xml:id="pjo50-270420"
            n="a-0230"
            ecep:lem="of"
            ecep:pos="pp-f"
            ecep:reg="of"
            ecep:spe="of"
            ecep:syllab="1"
            ecep:pron="ɒv">of</w>
         <c> </c>
         <w xml:id="pjo50-270430"
            n="a-0240"
            ecep:lem="mortal"
            ecep:pos="j-jn"
            ecep:reg="mortal"
            ecep:spe="mortal"
            ecep:syllab="2"
            ecep:pron="ˈmɔːtl">mortal</w>
         <c> </c>
         <w xml:id="pjo50-270440"
            n="a-0250"
            ecep:lem="race"
            ecep:pos="n1"
            ecep:reg="race"
            ecep:spe="race"
            ecep:syllab="1"
            ecep:pron="reɪs">race</w>
         <c> </c>
         <w xml:id="pjo50-270450"
            n="a-0260"
            ecep:lem="be"
            ecep:pos="vbds"
            ecep:reg="was"
            ecep:spe="was"
            ecep:syllab="1"
            ecep:pron="wɒz">was</w>
         <c> </c>
         <w xml:id="pjo50-270460"
            n="a-0270"
            ecep:lem="give"
            ecep:pos="vvn"
            ecep:reg="given"
            ecep:spe="giv'n"
            ecep:syllab="1"
            ecep:pron="gɪvn">giv'n</w>
         <pc xml:id="pjo50-270470"
             n="a-0280"
             ecep:lem=";"
             ecep:pos=";"
             ecep:reg=";"
             ecep:spe=";">;</pc>
      </l>
      <l n="3" xml:id="pjo50-l05630">
         <c> </c>
         <w xml:id="pjo50-270480"
            n="a-0290"
            ecep:lem="not"
            ecep:pos="xx"
            ecep:reg="Not"
            ecep:spe="Not"
            ecep:syllab="1"
            ecep:pron="nɒt">Not</w>
         <c> </c>
         <w xml:id="pjo50-270490"
            n="a-0300"
            ecep:lem="to"
            ecep:pos="pc-acp"
            ecep:reg="to"
            ecep:spe="to"
            ecep:syllab="1"
            ecep:pron="tuː">to</w>
         <c> </c>
         <w xml:id="pjo50-270500"
            n="a-0310"
            ecep:lem="retire"
            ecep:pos="vvi"
            ecep:reg="retire"
            ecep:spe="retire"
            ecep:syllab="3"
            ecep:pron="rɪˈtaɪə">retire</w>
         <c> </c>
         <w xml:id="pjo50-270510"
            n="a-0320"
            ecep:lem="with"
            ecep:pos="p-acp"
            ecep:reg="with"
            ecep:spe="with"
            ecep:syllab="1"
            ecep:pron="wɪð">with</w>
         <c> </c>
         <w xml:id="pjo50-270520"
            n="a-0330"
            ecep:lem="to"
            ecep:pos="p-acp"
            ecep:reg="to"
            ecep:spe="to"
            ecep:syllab="1"
            ecep:pron="tuː">to</w>
         <c> </c>
         <w xml:id="pjo50-270530"
            n="a-0340"
            ecep:lem="some"
            ecep:pos="d"
            ecep:reg="some"
            ecep:spe="some"
            ecep:syllab="1"
            ecep:pron="sʌm">some</w>
         <c> </c>
         <w xml:id="pjo50-270540"
            n="a-0350"
            ecep:lem="lonely"
            ecep:pos="j"
            ecep:reg="lonely"
            ecep:spe="lonely"
            ecep:syllab="2"
            ecep:pron="ˈləʊnlɪ">lonely</w>
         <c> </c>
         <w xml:id="pjo50-270550"
            n="a-0360"
            ecep:lem="scene"
            ecep:pos="n1"
            ecep:reg="scene"
            ecep:spe="scene"
            ecep:syllab="1"
            ecep:pron="siːn">scene</w>
         <pc xml:id="pjo50-270560"
             n="a-0370"
             ecep:lem=","
             ecep:pos=","
             ecep:reg=","
             ecep:spe=",">,</pc>
      </l>
      <l n="4" xml:id="pjo50-l05635">
         <c> </c>
         <w xml:id="pjo50-270570"
            n="a-0380"
            ecep:lem="but"
            ecep:pos="cc-acp"
            ecep:reg="But"
            ecep:spe="But"
            ecep:syllab="1"
            ecep:pron="bʌt">But</w>
         <c> </c>
         <w xml:id="pjo50-270580"
            n="a-0390"
            ecep:lem="to"
            ecep:pos="pc-acp"
            ecep:reg="to"
            ecep:spe="to"
            ecep:syllab="1"
            ecep:pron="tuː">to</w>
         <c> </c>
         <w xml:id="pjo50-270590"
            n="a-0400"
            ecep:lem="shine"
            ecep:pos="vvi"
            ecep:reg="shine"
            ecep:spe="shine"
            ecep:syllab="1"
            ecep:pron="ʃaɪn">shine</w>
         <c> </c>
         <w xml:id="pjo50-270600"
            n="a-0410"
            ecep:lem="forth"
            ecep:pos="av"
            ecep:reg="forth"
            ecep:spe="forth"
            ecep:syllab="1"
            ecep:pron="fɔːθ">forth</w>
         <pc xml:id="pjo50-270610"
             n="a-0420"
             ecep:lem=","
             ecep:pos=","
             ecep:reg=","
             ecep:spe=",">,</pc>
         <c> </c>
         <w xml:id="pjo50-270620"
            n="a-0430"
            ecep:lem="and"
            ecep:pos="cc"
            ecep:reg="and"
            ecep:spe="and"
            ecep:syllab="1"
            ecep:pron="ænd">and</w>
         <c> </c>
         <w xml:id="pjo50-270630"
            n="a-0440"
            ecep:lem="to"
            ecep:pos="pc-acp"
            ecep:reg="to"
            ecep:spe="to"
            ecep:syllab="1"
            ecep:pron="tuː">to</w>
         <c> </c>
         <w xml:id="pjo50-270640"
            n="a-0450"
            ecep:lem="be"
            ecep:pos="vbi"
            ecep:reg="be"
            ecep:spe="be"
            ecep:syllab="1"
            ecep:pron="biː">be</w>
         <c> </c>
         <w xml:id="pjo50-270650"
            n="a-0460"
            ecep:lem="see"
            ecep:pos="vvn"
            ecep:reg="seen"
            ecep:spe="seen"
            ecep:syllab="1"
            ecep:pron="siːn">seen</w>
         <c> </c>
         <w xml:id="pjo50-270660"
            n="a-0470"
            ecep:lem="of"
            ecep:pos="pp-f"
            ecep:reg="of"
            ecep:spe="of"
            ecep:syllab="1"
            ecep:pron="ɒv">of</w>
         <c> </c>
         <w xml:id="pjo50-270670"
            n="a-0480"
            ecep:lem="man"
            ecep:pos="n2"
            ecep:reg="Men"
            ecep:spe="Men"
            ecep:syllab="1"
            ecep:pron="men">Men</w>
         <pc xml:id="pjo50-270680"
             n="a-0490"
             unit="sentence"
             ecep:lem="."
             ecep:pos="."
             ecep:reg="."
             ecep:spe=".">.</pc>
         <c> </c>
      </l>
      <l ana="#triplet" n="5" rhyme="aaa" xml:id="pjo50-l05640">
         <w xml:id="pjo50-270690"
            n="a-0500"
            ecep:lem="the"
            ecep:pos="dt"
            ecep:reg="The"
            ecep:spe="The"
            ecep:syllab="1"
            ecep:pron="ðə">The</w>
         <c> </c>
         <w xml:id="pjo50-270700"
            n="a-0510"
            ecep:lem="sun"
            ecep:pos="n1"
            ecep:reg="sun"
            ecep:spe="sun"
            ecep:syllab="1"
            ecep:pron="sʌn">sun</w>
         <c> </c>
         <w xml:id="pjo50-270710"
            n="a-0520"
            ecep:lem="thus"
            ecep:pos="av"
            ecep:reg="thus"
            ecep:spe="thus"
            ecep:syllab="1"
            ecep:pron="ðʌs">thus</w>
         <c> </c>
         <w xml:id="pjo50-270720"
            n="a-0530"
            ecep:lem="radiant"
            ecep:pos="j"
            ecep:reg="radiant"
            ecep:spe="radiant"
            ecep:syllab="3"
            ecep:pron="ˈreɪdɪənt">radiant</w>
         <c> </c>
         <w xml:id="pjo50-270730"
            n="a-0540"
            ecep:lem="with"
            ecep:pos="p-acp"
            ecep:reg="with"
            ecep:spe="with"
            ecep:syllab="1"
            ecep:pron="wɪð">with</w>
         <c> </c>
         <w xml:id="pjo50-270740"
            n="a-0550"
            ecep:lem="diffusive"
            ecep:pos="j"
            ecep:reg="diffusive"
            ecep:spe="diffusive"
            ecep:syllab="3"
            ecep:pron="dɪˈfjuːsɪv">diffusive</w>
         <c> </c>
         <w xml:id="pjo50-270750"
            n="a-0560"
            ecep:lem="light"
            ecep:pos="n1"
            ecep:reg="light"
            ecep:spe="light"
            ecep:syllab="1"
            ecep:pron="laɪt">light</w>
         <pc xml:id="pjo50-270760"
             n="a-0570"
             ecep:lem=","
             ecep:pos=","
             ecep:reg=","
             ecep:spe=",">,</pc>
      </l>
      <l ana="#triplet" n="6" rhyme="aaa" xml:id="pjo50-l05645">
         <c> </c>
         <w xml:id="pjo50-270770"
            n="a-0580"
            ecep:lem="in"
            ecep:pos="p-acp"
            ecep:reg="In"
            ecep:spe="In"
            ecep:syllab="1"
            ecep:pron="ɪn">In</w>
         <c> </c>
         <w xml:id="pjo50-270780"
            n="a-0590"
            ecep:lem="his"
            ecep:pos="po31"
            ecep:reg="his"
            ecep:spe="his"
            ecep:syllab="1"
            ecep:pron="hɪz">his</w>
         <c> </c>
         <w xml:id="pjo50-270790"
            n="a-0600"
            ecep:lem="own"
            ecep:pos="d"
            ecep:reg="own"
            ecep:spe="own"
            ecep:syllab="1"
            ecep:pron="əʊn">own</w>
         <c> </c>
         <w xml:id="pjo50-270800"
            n="a-0610"
            ecep:lem="native"
            ecep:pos="j-jn"
            ecep:reg="native"
            ecep:spe="native"
            ecep:syllab="2"
            ecep:pron="ˈneɪtɪv">native</w>
         <c> </c>
         <w xml:id="pjo50-270810"
            n="a-0620"
            ecep:lem="day"
            ecep:pos="n1"
            ecep:reg="day"
            ecep:spe="day"
            ecep:syllab="1"
            ecep:pron="deɪ">day</w>
         <c> </c>
         <w xml:id="pjo50-270820"
            n="a-0630"
            ecep:lem="appear"
            ecep:pos="vvz"
            ecep:reg="appears"
            ecep:spe="appears"
            ecep:syllab="2"
            ecep:pron="əˈpɪəz">appears</w>
         <c> </c>
         <w xml:id="pjo50-270830"
            n="a-0640"
            ecep:lem="most"
            ecep:pos="av-ds"
            ecep:reg="most"
            ecep:spe="most"
            ecep:syllab="1"
            ecep:pron="məʊst">most</w>
         <c> </c>
         <w xml:id="pjo50-270840"
            n="a-0650"
            ecep:lem="bright"
            ecep:pos="j"
            ecep:reg="bright"
            ecep:spe="bright"
            ecep:syllab="1"
            ecep:pron="braɪt">bright</w>
         <pc xml:id="pjo50-270850"
             n="a-0660"
             ecep:lem=","
             ecep:pos=","
             ecep:reg=","
             ecep:spe=",">,</pc>
      </l>
      <l ana="#triplet" n="7" rhyme="aaa" xml:id="pjo50-l05650">
         <c> </c>
         <w xml:id="pjo50-270860"
            n="a-0670"
            ecep:lem="and"
            ecep:pos="cc"
            ecep:reg="And"
            ecep:spe="And"
            ecep:syllab="1"
            ecep:pron="ænd">And</w>
         <c> </c>
         <w xml:id="pjo50-270870"
            n="a-0680"
            ecep:lem="leave"
            ecep:pos="vvz"
            ecep:reg="leaves"
            ecep:spe="leaves"
            ecep:syllab="1"
            ecep:pron="liːvz">leaves</w>
         <c> </c>
         <w xml:id="pjo50-270880"
            n="a-0690"
            ecep:lem="the"
            ecep:pos="dt"
            ecep:reg="the"
            ecep:spe="the"
            ecep:syllab="1"
            ecep:pron="ðə">the</w>
         <c> </c>
         <w xml:id="pjo50-270890"
            n="a-0700"
            ecep:lem="moon"
            ecep:pos="n1"
            ecep:reg="moon"
            ecep:spe="moon"
            ecep:syllab="1"
            ecep:pron="muːn">moon</w>
         <c> </c>
         <w xml:id="pjo50-270900"
            n="a-0710"
            ecep:lem="the"
            ecep:pos="dt"
            ecep:reg="the"
            ecep:spe="the"
            ecep:syllab="1"
            ecep:pron="ðə">the</w>
         <c> </c>
         <w xml:id="pjo50-270910"
            n="a-0720"
            ecep:lem="empire"
            ecep:pos="n1"
            ecep:reg="empire"
            ecep:spe="empire"
            ecep:syllab="3"
            ecep:pron="ˈempaɪə">empire</w>
         <c> </c>
         <w xml:id="pjo50-270920"
            n="a-0730"
            ecep:lem="of"
            ecep:pos="pp-f"
            ecep:reg="of"
            ecep:spe="of"
            ecep:syllab="1"
            ecep:pron="ɒv">of</w>
         <c> </c>
         <w xml:id="pjo50-270930"
            n="a-0740"
            ecep:lem="the"
            ecep:pos="dt"
            ecep:reg="the"
            ecep:spe="the"
            ecep:syllab="1"
            ecep:pron="ðə">the</w>
         <c> </c>
         <w xml:id="pjo50-270940"
            n="a-0750"
            ecep:lem="night"
            ecep:pos="n1"
            ecep:reg="night"
            ecep:spe="night"
            ecep:syllab="1"
            ecep:pron="naɪt">night</w>
         <pc xml:id="pjo50-270950"
             n="a-0760"
             unit="sentence"
             ecep:lem="."
             ecep:pos="."
             ecep:reg="."
             ecep:spe=".">.</pc>
         <c> </c>
      </l>
   </lg>
   <lg xml:id="pjo50-s00625">
      <l n="8" rendition="#h_3" xml:id="pjo50-l05655">
         <w xml:id="pjo50-270980"
            n="a-0770"
            ecep:lem="by"
            ecep:pos="p-acp"
            ecep:reg="By"
            ecep:spe="By"
            ecep:syllab="1"
            ecep:pron="baɪ">By</w>
         <c> </c>
         <w xml:id="pjo50-270990"
            n="a-0780"
            ecep:lem="his"
            ecep:pos="po31"
            ecep:reg="his"
            ecep:spe="his"
            ecep:syllab="1"
            ecep:pron="hɪz">his</w>
         <c> </c>
         <w xml:id="pjo50-271000"
            n="a-0790"
            ecep:lem="example"
            ecep:pos="n1"
            ecep:reg="example"
            ecep:spe="example"
            ecep:syllab="3"
            ecep:pron="ɪgˈzɑːmpl">example</w>
         <pc xml:id="pjo50-271010"
             n="a-0800"
             ecep:lem=","
             ecep:pos=","
             ecep:reg=","
             ecep:spe=",">,</pc>
         <c> </c>
         <hi>
            <w xml:id="pjo50-271020"
               n="a-0810"
               ecep:lem="Charlot"
               ecep:pos="np1"
               ecep:reg="Charlot"
               ecep:spe="Charlot"
               ecep:syllab="2"
               ecep:pron="tʃˈɑːlɒt">Charlot</w>
         </hi>
         <pc xml:id="pjo50-271030"
             n="a-0820"
             ecep:lem=","
             ecep:pos=","
             ecep:reg=","
             ecep:spe=",">,</pc>
         <c> </c>
         <w xml:id="pjo50-271040"
            n="a-0830"
            ecep:lem="shine"
            ecep:pos="vvb"
            ecep:reg="shine"
            ecep:spe="shine"
            ecep:syllab="1"
            ecep:pron="ʃaɪn">shine</w>
         <c> </c>
         <w xml:id="pjo50-271050"
            n="a-0840"
            ecep:lem="away"
            ecep:pos="av"
            ecep:reg="away"
            ecep:spe="away"
            ecep:syllab="2"
            ecep:pron="əˈweɪ">away</w>
         <pc xml:id="pjo50-271060"
             n="a-0850"
             ecep:lem=";"
             ecep:pos=";"
             ecep:reg=";"
             ecep:spe=";">;</pc>
      </l>
      <l n="9" xml:id="pjo50-l05660">
         <c> </c>
         <w xml:id="pjo50-271070"
            n="a-0860"
            ecep:lem="be"
            ecep:pos="vbb"
            ecep:reg="Be"
            ecep:spe="Be"
            ecep:syllab="1"
            ecep:pron="biː">Be</w>
         <c> </c>
         <w xml:id="pjo50-271080"
            n="a-0870"
            ecep:lem="thou"
            ecep:pos="pns21"
            ecep:reg="thou"
            ecep:spe="thou"
            ecep:syllab="1"
            ecep:pron="ðaʊ">thou</w>
         <c> </c>
         <w xml:id="pjo50-271090"
            n="a-0880"
            ecep:lem="the"
            ecep:pos="dt"
            ecep:reg="the"
            ecep:spe="the"
            ecep:syllab="1"
            ecep:pron="ðə">the</w>
         <c> </c>
         <w xml:id="pjo50-271100"
            n="a-0890"
            ecep:lem="goddess"
            ecep:pos="n1"
            ecep:reg="goddess"
            ecep:spe="goddess"
            ecep:syllab="2"
            ecep:pron="ˈgɒdɪs">goddess</w>
         <pc xml:id="pjo50-271110"
             n="a-0900"
             ecep:lem=","
             ecep:pos=","
             ecep:reg=","
             ecep:spe=",">,</pc>
         <c> </c>
         <w xml:id="pjo50-271120"
            n="a-0910"
            ecep:lem="as"
            ecep:pos="c-acp"
            ecep:reg="as"
            ecep:spe="as"
            ecep:syllab="1"
            ecep:pron="æz">as</w>
         <c> </c>
         <w xml:id="pjo50-271130"
            n="a-0920"
            ecep:lem="he|be"
            ecep:pos="pns31|vbz"
            ecep:reg="he's"
            ecep:spe="he's"
            ecep:syllab="1"
            ecep:pron="hiːz">he's</w>
         <c> </c>
         <w xml:id="pjo50-271140"
            n="a-0930"
            ecep:lem="god"
            ecep:pos="n1"
            ecep:reg="god"
            ecep:spe="god"
            ecep:syllab="1"
            ecep:pron="gɒd">god</w>
         <c> </c>
         <w xml:id="pjo50-271150"
            n="a-0940"
            ecep:lem="of"
            ecep:pos="pp-f"
            ecep:reg="of"
            ecep:spe="of"
            ecep:syllab="1"
            ecep:pron="ɒv">of</w>
         <c> </c>
         <w xml:id="pjo50-271160"
            n="a-0950"
            ecep:lem="day"
            ecep:pos="n1"
            ecep:reg="day"
            ecep:spe="day"
            ecep:syllab="1"
            ecep:pron="deɪ">day</w>
         <pc xml:id="pjo50-271170"
             n="a-0960"
             ecep:lem=":"
             ecep:pos=":"
             ecep:reg=":"
             ecep:spe=":">:</pc>
      </l>
      <l n="10" xml:id="pjo50-l05665">
         <c> </c>
         <w xml:id="pjo50-271180"
            n="a-0970"
            ecep:lem="so"
            ecep:pos="av"
            ecep:reg="So"
            ecep:spe="So"
            ecep:syllab="1"
            ecep:pron="səʊ">So</w>
         <c> </c>
         <w xml:id="pjo50-271190"
            n="a-0980"
            ecep:lem="shall"
            ecep:pos="vmb"
            ecep:reg="shall"
            ecep:spe="shall"
            ecep:syllab="1"
            ecep:pron="ʃæl">shall</w>
         <c> </c>
         <hi>
            <w xml:id="pjo50-271200"
               n="a-0990"
               ecep:lem="Oxonians"
               ecep:pos="np1"
               ecep:reg="Oxonians"
               ecep:spe="Oxonians"
               ecep:syllab="4"
               ecep:pron="ɒkˈsəʊniənz">Oxonians</w>
         </hi>
         <c> </c>
         <w xml:id="pjo50-271210"
            n="a-1000"
            ecep:lem="own"
            ecep:pos="vvi"
            ecep:reg="own"
            ecep:spe="own"
            ecep:syllab="1"
            ecep:pron="əʊn">own</w>
         <c> </c>
         <w xml:id="pjo50-271220"
            n="a-1010"
            ecep:lem="thy"
            ecep:pos="po21"
            ecep:reg="thy"
            ecep:spe="thy"
            ecep:syllab="1"
            ecep:pron="ðaɪ">thy</w>
         <c> </c>
         <w xml:id="pjo50-271230"
            n="a-1020"
            ecep:lem="sacred"
            ecep:pos="j"
            ecep:reg="sacred"
            ecep:spe="sacred"
            ecep:syllab="2"
            ecep:pron="ˈseɪkrɪd">sacred</w>
         <c> </c>
         <w xml:id="pjo50-271240"
            n="a-1030"
            ecep:lem="power"
            ecep:pos="n1"
            ecep:reg="power"
            ecep:spe="pow'r"
            ecep:syllab="1"
            ecep:pron="ˈpaʊə">pow'r</w>
         <pc xml:id="pjo50-271250"
             n="a-1040"
             ecep:lem=","
             ecep:pos=","
             ecep:reg=","
             ecep:spe=",">,</pc>
      </l>
      <l n="11" xml:id="pjo50-l05670">
         <c> </c>
         <w xml:id="pjo50-271260"
            n="a-1050"
            ecep:lem="and"
            ecep:pos="cc"
            ecep:reg="And"
            ecep:spe="And"
            ecep:syllab="1"
            ecep:pron="ænd">And</w>
         <c> </c>
         <w xml:id="pjo50-271270"
            n="a-1060"
            ecep:lem="worship"
            ecep:pos="vvi"
            ecep:reg="worship"
            ecep:spe="worship"
            ecep:syllab="2"
            ecep:pron="ˈwɜːʃɪp">worship</w>
         <c> </c>
         <w xml:id="pjo50-271280"
            n="a-1070"
            ecep:lem="thou"
            ecep:pos="pno21"
            ecep:reg="Thee"
            ecep:spe="Thee"
            ecep:syllab="1"
            ecep:pron="ðiː">Thee</w>
         <pc xml:id="pjo50-271290"
             n="a-1080"
             ecep:lem=","
             ecep:pos=","
             ecep:reg=","
             ecep:spe=",">,</pc>
         <c> </c>
         <w xml:id="pjo50-271300"
            n="a-1090"
            ecep:lem="as"
            ecep:pos="c-acp"
            ecep:reg="as"
            ecep:spe="as"
            ecep:syllab="1"
            ecep:pron="æz">as</w>
         <c> </c>
         <hi>
            <w xml:id="pjo50-271310"
               n="a-1100"
               ecep:lem="persian"
               ecep:pos="njp2"
               ecep:reg="Persians"
               ecep:spe="Persians"
               ecep:syllab="2"
               ecep:pron="ˈpɜːʒnz">Persians</w>
         </hi>
         <c> </c>
         <w xml:id="pjo50-271320"
            n="a-1110"
            ecep:lem="he"
            ecep:pos="pno31"
            ecep:reg="Him"
            ecep:spe="Him"
            ecep:syllab="1"
            ecep:pron="hɪm">Him</w>
         <c> </c>
         <w xml:id="pjo50-271330"
            n="a-1120"
            ecep:lem="adore"
            ecep:pos="vvi"
            ecep:reg="adore"
            ecep:spe="adore"
            ecep:syllab="2"
            ecep:pron="əˈdɔː">adore</w>
         <pc xml:id="pjo50-271340"
             n="a-1130"
             unit="sentence"
             ecep:lem="."
             ecep:pos="."
             ecep:reg="."
             ecep:spe=".">.</pc>
         <c> </c>
      </l>
   </lg>
   <lg xml:id="pjo50-s00630">
      <l n="12" rendition="#h_3" xml:id="pjo50-l05675">
         <w xml:id="pjo50-271370"
            n="a-1140"
            ecep:lem="while"
            ecep:pos="cs"
            ecep:reg="While"
            ecep:spe="Whilst"
            ecep:syllab="1"
            ecep:pron="waɪlst">Whilst</w>
         <c> </c>
         <hi>
            <w xml:id="pjo50-271380"
               n="a-1150"
               ecep:lem="Danae"
               ecep:pos="np1"
               ecep:reg="Danae"
               ecep:spe="Danae"
               ecep:syllab="3"
               ecep:pron="ˈdæneɪiː">Danae</w>
         </hi>
         <c> </c>
         <w xml:id="pjo50-271390"
            n="a-1160"
            ecep:lem="live"
            ecep:pos="vvd"
            ecep:reg="lived"
            ecep:spe="liv'd"
            ecep:syllab="1"
            ecep:pron="lɪvd">liv'd</w>
         <c> </c>
         <w xml:id="pjo50-271400"
            n="a-1170"
            ecep:lem="immure"
            ecep:pos="vvn"
            ecep:reg="immured"
            ecep:spe="immur'd"
            ecep:syllab="2"
            ecep:pron="ɪˈmjʊəd">immur'd</w>
         <c> </c>
         <w xml:id="pjo50-271410"
            n="a-1180"
            ecep:lem="within"
            ecep:pos="p-acp"
            ecep:reg="within"
            ecep:spe="within"
            ecep:syllab="2"
            ecep:pron="wɪˈðɪn">within</w>
         <c> </c>
         <w xml:id="pjo50-271420"
            n="a-1190"
            ecep:lem="her"
            ecep:pos="po31"
            ecep:reg="her"
            ecep:spe="her"
            ecep:syllab="1"
            ecep:pron="hɜː">her</w>
         <c> </c>
         <w xml:id="pjo50-271430"
            n="a-1200"
            ecep:lem="tower"
            ecep:pos="n1"
            ecep:reg="tower"
            ecep:spe="tow'r"
            ecep:syllab="1"
            ecep:pron="ˈtaʊə">tow'r</w>
         <pc xml:id="pjo50-271440"
             n="a-1210"
             ecep:lem=","
             ecep:pos=","
             ecep:reg=","
             ecep:spe=",">,</pc>
      </l>
      <l n="13" xml:id="pjo50-l05680">
         <c> </c>
         <w xml:id="pjo50-271450"
            n="a-1220"
            ecep:lem="none"
            ecep:pos="pix"
            ecep:reg="None"
            ecep:spe="None"
            ecep:syllab="1"
            ecep:pron="nʌn">None</w>
         <c> </c>
         <w xml:id="pjo50-271460"
            n="a-1230"
            ecep:lem="but"
            ecep:pos="cc-acp"
            ecep:reg="but"
            ecep:spe="but"
            ecep:syllab="1"
            ecep:pron="bʌt">but</w>
         <c> </c>
         <w xml:id="pjo50-271470"
            n="a-1240"
            ecep:lem="old"
            ecep:pos="j"
            ecep:reg="old"
            ecep:spe="old"
            ecep:syllab="1"
            ecep:pron="əʊld">old</w>
         <c> </c>
         <hi>
            <w xml:id="pjo50-271480"
               n="a-1250"
               ecep:lem="Jove"
               ecep:pos="np1"
               ecep:reg="Jove"
               ecep:spe="Jove"
               ecep:syllab="1"
               ecep:pron="ˈdʒəʊv">Jove</w>
         </hi>
         <c> </c>
         <w xml:id="pjo50-271490"
            n="a-1260"
            ecep:lem="confess"
            ecep:pos="vvd"
            ecep:reg="confessed"
            ecep:spe="confess'd"
            ecep:syllab="2"
            ecep:pron="kənˈfest">confess'd</w>
         <c> </c>
         <w xml:id="pjo50-271500"
            n="a-1270"
            ecep:lem="her"
            ecep:pos="po31"
            ecep:reg="her"
            ecep:spe="her"
            ecep:syllab="1"
            ecep:pron="hɜː">her</w>
         <c> </c>
         <w xml:id="pjo50-271510"
            n="a-1280"
            ecep:lem="gentle"
            ecep:pos="j-jn"
            ecep:reg="gentle"
            ecep:spe="gentle"
            ecep:syllab="2"
            ecep:pron="ˈdʒentl">gentle</w>
         <c> </c>
         <w xml:id="pjo50-271520"
            n="a-1290"
            ecep:lem="power"
            ecep:pos="n1"
            ecep:reg="power"
            ecep:spe="pow'r"
            ecep:syllab="1"
            ecep:pron="ˈpaʊə">pow'r</w>
         <pc xml:id="pjo50-271530"
             n="a-1300"
             ecep:lem=":"
             ecep:pos=":"
             ecep:reg=":"
             ecep:spe=":">:</pc>
      </l>
      <l n="14" xml:id="pjo50-l05685">
         <c> </c>
         <w xml:id="pjo50-271540"
            n="a-1310"
            ecep:lem="but"
            ecep:pos="cc-acp"
            ecep:reg="But"
            ecep:spe="But"
            ecep:syllab="1"
            ecep:pron="bʌt">But</w>
         <c> </c>
         <w xml:id="pjo50-271550"
            n="a-1320"
            ecep:lem="have"
            ecep:pos="vhd"
            ecep:reg="had"
            ecep:spe="had"
            ecep:syllab="1"
            ecep:pron="hæd">had</w>
         <c> </c>
         <w xml:id="pjo50-271560"
            n="a-1330"
            ecep:lem="the"
            ecep:pos="dt"
            ecep:reg="the"
            ecep:spe="the"
            ecep:syllab="1"
            ecep:pron="ðə">the</w>
         <c> </c>
         <w xml:id="pjo50-271570"
            n="a-1340"
            ecep:lem="hapless"
            ecep:pos="j"
            ecep:reg="hapless"
            ecep:spe="hapless"
            ecep:syllab="2"
            ecep:pron="ˈhæplɪs">hapless</w>
         <c> </c>
         <w xml:id="pjo50-271580"
            n="a-1350"
            ecep:lem="maid"
            ecep:pos="n1"
            ecep:reg="maid"
            ecep:spe="maid"
            ecep:syllab="1"
            ecep:pron="meɪd">maid</w>
         <c> </c>
         <w xml:id="pjo50-271590"
            n="a-1360"
            ecep:lem="dwell"
            ecep:pos="vvd"
            ecep:reg="dwelled"
            ecep:spe="dwelt"
            ecep:syllab="1"
            ecep:pron="dwelt">dwelt</w>
         <c> </c>
         <w xml:id="pjo50-271600"
            n="a-1370"
            ecep:lem="always"
            ecep:pos="av"
            ecep:reg="always"
            ecep:spe="always"
            ecep:syllab="2"
            ecep:pron="ˈɔːlweɪz">always</w>
         <c> </c>
         <w xml:id="pjo50-271610"
            n="a-1380"
            ecep:lem="there"
            ecep:pos="a-acp"
            ecep:reg="there"
            ecep:spe="there"
            ecep:syllab="1"
            ecep:pron="ðeə">there</w>
         <pc xml:id="pjo50-271620"
             n="a-1390"
             ecep:lem=","
             ecep:pos=","
             ecep:reg=","
             ecep:spe=",">,</pc>
      </l>
      <l n="15" xml:id="pjo50-l05690">
         <c> </c>
         <w xml:id="pjo50-271630"
            n="a-1400"
            ecep:lem="who"
            ecep:pos="q-crq"
            ecep:reg="Who"
            ecep:spe="Who"
            ecep:syllab="1"
            ecep:pron="huː">Who</w>
         <c> </c>
         <w xml:id="pjo50-271640"
            n="a-1410"
            ecep:lem="can"
            ecep:pos="vmd"
            ecep:reg="could"
            ecep:spe="could"
            ecep:syllab="1"
            ecep:pron="kʊd">could</w>
         <c> </c>
         <w xml:id="pjo50-271650"
            n="a-1420"
            ecep:lem="have"
            ecep:pos="vhi"
            ecep:reg="have"
            ecep:spe="have"
            ecep:syllab="1"
            ecep:pron="hæv">have</w>
         <c> </c>
         <w xml:id="pjo50-271660"
            n="a-1430"
            ecep:lem="say"
            ecep:pos="vvn"
            ecep:reg="said"
            ecep:spe="said"
            ecep:syllab="1"
            ecep:pron="sed">said</w>
         <c> </c>
         <w xml:id="pjo50-271670"
            n="a-1440"
            ecep:lem="she"
            ecep:pos="pns31"
            ecep:reg="she"
            ecep:spe="she"
            ecep:syllab="1"
            ecep:pron="ʃiː">she</w>
         <c> </c>
         <w xml:id="pjo50-271680"
            n="a-1450"
            ecep:lem="be"
            ecep:pos="vbds"
            ecep:reg="was"
            ecep:spe="was"
            ecep:syllab="1"
            ecep:pron="wɒz">was</w>
         <pc xml:id="pjo50-271690"
             n="a-1460"
             ecep:lem=","
             ecep:pos=","
             ecep:reg=","
             ecep:spe=",">,</pc>
         <c> </c>
         <w xml:id="pjo50-271700"
            n="a-1470"
            ecep:lem="or"
            ecep:pos="cc"
            ecep:reg="or"
            ecep:spe="or"
            ecep:syllab="1"
            ecep:pron="ɔː">or</w>
         <c> </c>
         <w xml:id="pjo50-271710"
            n="a-1480"
            ecep:lem="be"
            ecep:pos="vbds"
            ecep:reg="was"
            ecep:spe="was"
            ecep:syllab="1"
            ecep:pron="wɒz">was</w>
         <c> </c>
         <w xml:id="pjo50-271720"
            n="a-1490"
            ecep:lem="not"
            ecep:pos="xx"
            ecep:reg="not"
            ecep:spe="not"
            ecep:syllab="1"
            ecep:pron="nɒt">not</w>
         <c> </c>
         <w xml:id="pjo50-271730"
            n="a-1500"
            ecep:lem="fair"
            ecep:pos="j"
            ecep:reg="fair"
            ecep:spe="fair"
            ecep:syllab="1"
            ecep:pron="feə">fair</w>
         <pc xml:id="pjo50-271740"
             n="a-1510"
             unit="sentence"
             ecep:lem="?"
             ecep:pos="?"
             ecep:reg="?"
             ecep:spe="?">?</pc>
         <c> </c>
      </l>
      <pb n="67" rend="none"/>
      <l n="16" xml:id="pjo50-l05695">
         <w xml:id="pjo50-271750"
            n="a-0010"
            ecep:lem="her"
            ecep:pos="po31"
            ecep:reg="Her"
            ecep:spe="Her"
            ecep:syllab="1"
            ecep:pron="hɜː">Her</w>
         <c> </c>
         <w xml:id="pjo50-271760"
            n="a-0020"
            ecep:lem="charm"
            ecep:pos="n2"
            ecep:reg="charms"
            ecep:spe="charms"
            ecep:syllab="1"
            ecep:pron="tʃɑːmz">charms</w>
         <c> </c>
         <w xml:id="pjo50-271770"
            n="a-0030"
            ecep:lem="have"
            ecep:pos="vhd"
            ecep:reg="had"
            ecep:spe="had"
            ecep:syllab="1"
            ecep:pron="hæd">had</w>
         <c> </c>
         <w xml:id="pjo50-271780"
            n="a-0040"
            ecep:lem="be"
            ecep:pos="vbn"
            ecep:reg="been"
            ecep:spe="been"
            ecep:syllab="1"
            ecep:pron="biːn">been</w>
         <c> </c>
         <w xml:id="pjo50-271790"
            n="a-0050"
            ecep:lem="unheard"
            ecep:pos="j"
            ecep:reg="unheard"
            ecep:spe="unheard"
            ecep:syllab="2"
            ecep:pron="ʌnˈhɜːd">unheard</w>
         <c> </c>
         <w xml:id="pjo50-271800"
            n="a-0060"
            ecep:lem="of"
            ecep:pos="pp-f"
            ecep:reg="of"
            ecep:spe="of"
            ecep:syllab="1"
            ecep:pron="ɒv">of</w>
         <c> </c>
         <w xml:id="pjo50-271810"
            n="a-0070"
            ecep:lem="in"
            ecep:pos="p-acp"
            ecep:reg="in"
            ecep:spe="in"
            ecep:syllab="1"
            ecep:pron="ɪn">in</w>
         <c> </c>
         <w xml:id="pjo50-271820"
            n="a-0080"
            ecep:lem="the"
            ecep:pos="dt"
            ecep:reg="the"
            ecep:spe="the"
            ecep:syllab="1"
            ecep:pron="ðə">the</w>
         <c> </c>
         <w xml:id="pjo50-271830"
            n="a-0090"
            ecep:lem="throng"
            ecep:pos="n1"
            ecep:reg="throng"
            ecep:spe="throng"
            ecep:syllab="1"
            ecep:pron="θrɒŋ">throng</w>
         <pc xml:id="pjo50-271840"
             n="a-0100"
             ecep:lem=";"
             ecep:pos=";"
             ecep:reg=";"
             ecep:spe=";">;</pc>
      </l>
      <l n="17" xml:id="pjo50-l05700">
         <c> </c>
         <w xml:id="pjo50-271850"
            n="a-0110"
            ecep:lem="nor"
            ecep:pos="ccx"
            ecep:reg="Nor"
            ecep:spe="Nor"
            ecep:syllab="1"
            ecep:pron="nɔː">Nor</w>
         <c> </c>
         <hi>
            <w xml:id="pjo50-271860"
               n="a-0120"
               ecep:lem="Horace"
               ecep:pos="np1"
               ecep:reg="Horace"
               ecep:spe="Horace"
               ecep:syllab="2"
               ecep:pron="ˈhɒrɪs">Horace</w>
         </hi>
         <c> </c>
         <w xml:id="pjo50-271870"
            n="a-0130"
            ecep:lem="leave"
            ecep:pos="vvd"
            ecep:reg="left"
            ecep:spe="left"
            ecep:syllab="1"
            ecep:pron="left">left</w>
         <c> </c>
         <w xml:id="pjo50-271880"
            n="a-0140"
            ecep:lem="we"
            ecep:pos="pno12"
            ecep:reg="us"
            ecep:spe="us"
            ecep:syllab="2"
            ecep:pron="ʌs">us</w>
         <c> </c>
         <w xml:id="pjo50-271890"
            n="a-0150"
            ecep:lem="his"
            ecep:pos="po31"
            ecep:reg="his"
            ecep:spe="his"
            ecep:syllab="1"
            ecep:pron="hɪz">his</w>
         <c> </c>
         <w xml:id="pjo50-271900"
            n="a-0160"
            ecep:lem="immortal"
            ecep:pos="j"
            ecep:reg="immortal"
            ecep:spe="immortal"
            ecep:syllab="3"
            ecep:pron="ɪˈmɔːtl">immortal</w>
         <c> </c>
         <w xml:id="pjo50-271910"
            n="a-0170"
            ecep:lem="song"
            ecep:pos="n1"
            ecep:reg="song"
            ecep:spe="song"
            ecep:syllab="1"
            ecep:pron="sɒŋ">song</w>
         <pc xml:id="pjo50-271920"
             n="a-0180"
             unit="sentence"
             ecep:lem="."
             ecep:pos="."
             ecep:reg="."
             ecep:spe=".">.</pc>
         <c> </c>
      </l>
   </lg>
   <lg xml:id="pjo50-s00635">
      <l n="18" rendition="#h_3" xml:id="pjo50-l05705">
         <w xml:id="pjo50-271950"
            n="a-0190"
            ecep:lem="the"
            ecep:pos="dt"
            ecep:reg="The"
            ecep:spe="The"
            ecep:syllab="1"
            ecep:pron="ðə">The</w>
         <c> </c>
         <w xml:id="pjo50-271960"
            n="a-0200"
            ecep:lem="sea-born"
            ecep:pos="j"
            ecep:reg="sea-born"
            ecep:spe="sea-born"
            ecep:syllab="2"
            ecep:pron="siːˌbɔːn">sea-born</w>
         <c> </c>
         <w xml:id="pjo50-271970"
            n="a-0210"
            ecep:lem="goddess"
            ecep:pos="n1"
            ecep:reg="goddess"
            ecep:spe="goddess"
            ecep:syllab="2"
            ecep:pron="ˈgɒdɪs">goddess</w>
         <pc xml:id="pjo50-271980"
             n="a-0220"
             ecep:lem=","
             ecep:pos=","
             ecep:reg=","
             ecep:spe=",">,</pc>
         <c> </c>
         <w xml:id="pjo50-271990"
            n="a-0230"
            ecep:lem="rise"
            ecep:pos="vvg"
            ecep:reg="rising"
            ecep:spe="rising"
            ecep:syllab="2"
            ecep:pron="ˈraɪzɪŋ">rising</w>
         <c> </c>
         <w xml:id="pjo50-272000"
            n="a-0240"
            ecep:lem="from"
            ecep:pos="p-acp"
            ecep:reg="from"
            ecep:spe="from"
            ecep:syllab="1"
            ecep:pron="frɒm">from</w>
         <c> </c>
         <w xml:id="pjo50-272010"
            n="a-0250"
            ecep:lem="the"
            ecep:pos="dt"
            ecep:reg="the"
            ecep:spe="the"
            ecep:syllab="1"
            ecep:pron="ðə">the</w>
         <c> </c>
         <w xml:id="pjo50-272020"
            n="a-0260"
            ecep:lem="main"
            ecep:pos="j"
            ecep:reg="main"
            ecep:spe="main"
            ecep:syllab="1"
            ecep:pron="meɪn">main</w>
         <pc xml:id="pjo50-272030"
             n="a-0270"
             ecep:lem=","
             ecep:pos=","
             ecep:reg=","
             ecep:spe=",">,</pc>
      </l>
      <l n="19" xml:id="pjo50-l05710">
         <c> </c>
         <w xml:id="pjo50-272040"
            n="a-0280"
            ecep:lem="unheeded"
            ecep:pos="j"
            ecep:reg="Unheeded"
            ecep:spe="Unheeded"
            ecep:syllab="3"
            ecep:pron="ʌnˈhiːdɪd">Unheeded</w>
         <c> </c>
         <w xml:id="pjo50-272050"
            n="a-0290"
            ecep:lem="may"
            ecep:pos="vmd"
            ecep:reg="might"
            ecep:spe="might"
            ecep:syllab="1"
            ecep:pron="maɪt">might</w>
         <c> </c>
         <w xml:id="pjo50-272060"
            n="a-0300"
            ecep:lem="have"
            ecep:pos="vhi"
            ecep:reg="have"
            ecep:spe="have"
            ecep:syllab="1"
            ecep:pron="hæv">have</w>
         <c> </c>
         <w xml:id="pjo50-272070"
            n="a-0310"
            ecep:lem="dabble"
            ecep:pos="vvn"
            ecep:reg="dabbled"
            ecep:spe="dabbled"
            ecep:syllab="2"
            ecep:pron="ˈdæbld">dabbled</w>
         <c> </c>
         <w xml:id="pjo50-272080"
            n="a-0320"
            ecep:lem="there"
            ecep:pos="a-acp"
            ecep:reg="there"
            ecep:spe="there"
            ecep:syllab="1"
            ecep:pron="ðeə">there</w>
         <c> </c>
         <w xml:id="pjo50-272090"
            n="a-0330"
            ecep:lem="again"
            ecep:pos="av"
            ecep:reg="again"
            ecep:spe="again"
            ecep:syllab="2"
            ecep:pron="əˈgen">again</w>
         <pc xml:id="pjo50-272100"
             n="a-0340"
             ecep:lem=";"
             ecep:pos=";"
             ecep:reg=";"
             ecep:spe=";">;</pc>
      </l>
      <l n="20" xml:id="pjo50-l05715">
         <c> </c>
         <w xml:id="pjo50-272110"
            n="a-0350"
            ecep:lem="have"
            ecep:pos="vhd"
            ecep:reg="Had"
            ecep:spe="Had"
            ecep:syllab="1"
            ecep:pron="hæd">Had</w>
         <c> </c>
         <w xml:id="pjo50-272120"
            n="a-0360"
            ecep:lem="not"
            ecep:pos="xx"
            ecep:reg="not"
            ecep:spe="not"
            ecep:syllab="1"
            ecep:pron="nɒt">not</w>
         <c> </c>
         <hi>
            <w xml:id="pjo50-272130"
               n="a-0370"
               ecep:lem="Apelles"
               ecep:pos="np1"
               ecep:reg="Apelles"
               ecep:spe="Apelles"
               ecep:syllab="3"
               ecep:pron="əˈpeliːz">Apelles</w>
         </hi>
         <c> </c>
         <w xml:id="pjo50-272140"
            n="a-0380"
            ecep:lem="snatch"
            ecep:pos="vvn"
            ecep:reg="snatched"
            ecep:spe="snatch'd"
            ecep:syllab="1"
            ecep:pron="snætʃt">snatch'd</w>
         <c> </c>
         <w xml:id="pjo50-272150"
            n="a-0390"
            ecep:lem="the"
            ecep:pos="dt"
            ecep:reg="the"
            ecep:spe="the"
            ecep:syllab="1"
            ecep:pron="ðə">the</w>
         <c> </c>
         <w xml:id="pjo50-272160"
            n="a-0400"
            ecep:lem="faultless"
            ecep:pos="j"
            ecep:reg="faultless"
            ecep:spe="faultless"
            ecep:syllab="2"
            ecep:pron="ˈfɔːltlɪs">faultless</w>
         <c> </c>
         <w xml:id="pjo50-272170"
            n="a-0410"
            ecep:lem="dame"
            ecep:pos="n1"
            ecep:reg="dame"
            ecep:spe="dame"
            ecep:syllab="1"
            ecep:pron="deɪm">dame</w>
         <pc xml:id="pjo50-272180"
             n="a-0420"
             ecep:lem=","
             ecep:pos=","
             ecep:reg=","
             ecep:spe=",">,</pc>
      </l>
      <l n="21" xml:id="pjo50-l05720">
         <c> </c>
         <w xml:id="pjo50-272190"
            n="a-0430"
            ecep:lem="and"
            ecep:pos="cc"
            ecep:reg="And"
            ecep:spe="And"
            ecep:syllab="1"
            ecep:pron="ænd">And</w>
         <c> </c>
         <w xml:id="pjo50-272200"
            n="a-0440"
            ecep:lem="make"
            ecep:pos="vvd"
            ecep:reg="made"
            ecep:spe="made"
            ecep:syllab="1"
            ecep:pron="meɪd">made</w>
         <c> </c>
         <w xml:id="pjo50-272210"
            n="a-0450"
            ecep:lem="her"
            ecep:pos="po31"
            ecep:reg="her"
            ecep:spe="her"
            ecep:syllab="1"
            ecep:pron="hɜː">her</w>
         <c> </c>
         <w xml:id="pjo50-272220"
            n="a-0460"
            ecep:lem="charm"
            ecep:pos="n2"
            ecep:reg="charms"
            ecep:spe="charms"
            ecep:syllab="1"
            ecep:pron="tʃɑːmz">charms</w>
         <c> </c>
         <w xml:id="pjo50-272230"
            n="a-0470"
            ecep:lem="immortal"
            ecep:pos="j"
            ecep:reg="immortal"
            ecep:spe="immortal"
            ecep:syllab="3"
            ecep:pron="ɪˈmɔːtl">immortal</w>
         <c> </c>
         <w xml:id="pjo50-272240"
            n="a-0480"
            ecep:lem="as"
            ecep:pos="c-acp"
            ecep:reg="as"
            ecep:spe="as"
            ecep:syllab="1"
            ecep:pron="æz">as</w>
         <c> </c>
         <w xml:id="pjo50-272250"
            n="a-0490"
            ecep:lem="his"
            ecep:pos="po31"
            ecep:reg="his"
            ecep:spe="his"
            ecep:syllab="1"
            ecep:pron="hɪz">his</w>
         <c> </c>
         <w xml:id="pjo50-272260"
            n="a-0500"
            ecep:lem="fame"
            ecep:pos="n1"
            ecep:reg="fame"
            ecep:spe="fame"
            ecep:syllab="1"
            ecep:pron="feɪm">fame</w>
         <pc xml:id="pjo50-272270"
             n="a-0510"
             unit="sentence"
             ecep:lem="."
             ecep:pos="."
             ecep:reg="."
             ecep:spe=".">.</pc>
         <c> </c>
      </l>
      <l n="22" xml:id="pjo50-l05725">
         <w xml:id="pjo50-272280"
            n="a-0520"
            ecep:lem="it|be"
            ecep:pos="pn31|vbz"
            ecep:reg="It's"
            ecep:spe="'Tis"
            ecep:syllab="1"
            ecep:pron="tɪz">'Tis</w>
         <c> </c>
         <w xml:id="pjo50-272290"
            n="a-0530"
            ecep:lem="therefore"
            ecep:pos="av"
            ecep:reg="therefore"
            ecep:spe="therefore"
            ecep:syllab="2"
            ecep:pron="ˈðeəˌfɔː">therefore</w>
         <c> </c>
         <w xml:id="pjo50-272300"
            n="a-0540"
            ecep:lem="common"
            ecep:pos="j"
            ecep:reg="common"
            ecep:spe="common"
            ecep:syllab="2"
            ecep:pron="ˈkɒmən">common</w>
         <c> </c>
         <w xml:id="pjo50-272310"
            n="a-0550"
            ecep:lem="prudence"
            ecep:pos="n1"
            ecep:reg="prudence"
            ecep:spe="prudence"
            ecep:syllab="2"
            ecep:pron="ˈpruːdəns">prudence</w>
         <c> </c>
         <w xml:id="pjo50-272320"
            n="a-0560"
            ecep:lem="to"
            ecep:pos="pc-acp"
            ecep:reg="to"
            ecep:spe="to"
            ecep:syllab="1"
            ecep:pron="tuː">to</w>
         <c> </c>
         <w xml:id="pjo50-272330"
            n="a-0570"
            ecep:lem="appear"
            ecep:pos="vvi"
            ecep:reg="appear"
            ecep:spe="appear"
            ecep:syllab="2"
            ecep:pron="əˈpɪə">appear</w>
         <pc xml:id="pjo50-272340"
             n="a-0580"
             ecep:lem=","
             ecep:pos=","
             ecep:reg=","
             ecep:spe=",">,</pc>
      </l>
      <l n="23" xml:id="pjo50-l05730">
         <c> </c>
         <w xml:id="pjo50-272350"
            n="a-0590"
            ecep:lem="that"
            ecep:pos="cst"
            ecep:reg="That"
            ecep:spe="That"
            ecep:syllab="1"
            ecep:pron="ðæt">That</w>
         <c> </c>
         <w xml:id="pjo50-272360"
            n="a-0600"
            ecep:lem="some"
            ecep:pos="d"
            ecep:reg="some"
            ecep:spe="some"
            ecep:syllab="1"
            ecep:pron="sʌm">some</w>
         <c> </c>
         <hi>
            <w xml:id="pjo50-272370"
               n="a-0610"
               ecep:lem="Apelles"
               ecep:pos="np1"
               ecep:reg="Apelles"
               ecep:spe="Apelles"
               ecep:syllab="3"
               ecep:pron="əˈpeliːz">Apelles</w>
         </hi>
         <c> </c>
         <w xml:id="pjo50-272380"
            n="a-0620"
            ecep:lem="may"
            ecep:pos="vmb"
            ecep:reg="may"
            ecep:spe="may"
            ecep:syllab="1"
            ecep:pron="meɪ">may</w>
         <c> </c>
         <w xml:id="pjo50-272390"
            n="a-0630"
            ecep:lem="record"
            ecep:pos="vvi"
            ecep:reg="record"
            ecep:spe="record"
            ecep:syllab="2"
            ecep:pron="ˈrekɔːd">record</w>
         <c> </c>
         <w xml:id="pjo50-272400"
            n="a-0640"
            ecep:lem="you"
            ecep:pos="pn22"
            ecep:reg="you"
            ecep:spe="you"
            ecep:syllab="1"
            ecep:pron="juː">you</w>
         <c> </c>
         <w xml:id="pjo50-272410"
            n="a-0650"
            ecep:lem="fair"
            ecep:pos="j"
            ecep:reg="fair"
            ecep:spe="fair"
            ecep:syllab="1"
            ecep:pron="feə">fair</w>
         <pc xml:id="pjo50-272420"
             n="a-0660"
             ecep:lem=";"
             ecep:pos=";"
             ecep:reg=";"
             ecep:spe=";">;</pc>
      </l>
      <l n="24" xml:id="pjo50-l05735">
         <c> </c>
         <w xml:id="pjo50-272430"
            n="a-0670"
            ecep:lem="leave"
            ecep:pos="vvd"
            ecep:reg="Left"
            ecep:spe="Left"
            ecep:syllab="1"
            ecep:pron="left">Left</w>
         <c> </c>
         <w xml:id="pjo50-272440"
            n="a-0680"
            ecep:lem="future"
            ecep:pos="j-jn"
            ecep:reg="future"
            ecep:spe="future"
            ecep:syllab="2"
            ecep:pron="ˈfjuːtʃə">future</w>
         <c> </c>
         <w xml:id="pjo50-272450"
            n="a-0690"
            ecep:lem="dauber"
            ecep:pos="n2"
            ecep:reg="daubers"
            ecep:spe="dawbers"
            ecep:syllab="2"
            ecep:pron="dˈɔːbəz">dawbers</w>
         <c> </c>
         <w xml:id="pjo50-272460"
            n="a-0700"
            ecep:lem="shall"
            ecep:pos="vmd"
            ecep:reg="should"
            ecep:spe="should"
            ecep:syllab="1"
            ecep:pron="ʃʊd">should</w>
         <c> </c>
         <w xml:id="pjo50-272470"
            n="a-0710"
            ecep:lem="the"
            ecep:pos="dt"
            ecep:reg="the"
            ecep:spe="the"
            ecep:syllab="1"
            ecep:pron="ðə">the</w>
         <c> </c>
         <w xml:id="pjo50-272480"
            n="a-0720"
            ecep:lem="task"
            ecep:pos="n1"
            ecep:reg="task"
            ecep:spe="task"
            ecep:syllab="1"
            ecep:pron="tɑːsk">task</w>
         <c> </c>
         <w xml:id="pjo50-272490"
            n="a-0730"
            ecep:lem="essay"
            ecep:pos="n1"
            ecep:reg="essay"
            ecep:spe="essay"
            ecep:syllab="2"
            ecep:pron="ˈeseɪ">essay</w>
         <pc xml:id="pjo50-272500"
             n="a-0740"
             ecep:lem=","
             ecep:pos=","
             ecep:reg=","
             ecep:spe=",">,</pc>
      </l>
      <l n="25" xml:id="pjo50-l05740">
         <c> </c>
         <w xml:id="pjo50-272510"
            n="a-0750"
            ecep:lem="and"
            ecep:pos="cc"
            ecep:reg="And"
            ecep:spe="And"
            ecep:syllab="1"
            ecep:pron="ænd">And</w>
         <pc xml:id="pjo50-272520"
             n="a-0760"
             ecep:lem=","
             ecep:pos=","
             ecep:reg=","
             ecep:spe=",">,</pc>
         <c> </c>
         <w xml:id="pjo50-272530"
            n="a-0770"
            ecep:lem="like"
            ecep:pos="av-j"
            ecep:reg="like"
            ecep:spe="like"
            ecep:syllab="1"
            ecep:pron="laɪk">like</w>
         <c> </c>
         <w xml:id="pjo50-272540"
            n="a-0780"
            ecep:lem="dull"
            ecep:pos="j"
            ecep:reg="dull"
            ecep:spe="dull"
            ecep:syllab="1"
            ecep:pron="dʌl">dull</w>
         <c> </c>
         <hi>
            <w xml:id="pjo50-272550"
               n="a-0790"
               ecep:lem="r"
               ecep:pos="sy"
               ecep:reg="R"
               ecep:spe="R"
               ecep:syllab="1"
               ecep:pron="ɑː">R</w>
         </hi>
         <c> </c>
         <pc xml:id="pjo50-272560"
             n="a-0800"
             ecep:lem="—"
             ecep:pos="—"
             ecep:reg="—"
             ecep:spe="—">—</pc>
         <c> </c>
         <w xml:id="pjo50-272570"
            n="a-0810"
            ecep:lem="smear"
            ecep:pos="vvb"
            ecep:reg="smear"
            ecep:spe="smear"
            ecep:syllab="1"
            ecep:pron="smɪə">smear</w>
         <c> </c>
         <w xml:id="pjo50-272580"
            n="a-0820"
            ecep:lem="your"
            ecep:pos="po22"
            ecep:reg="your"
            ecep:spe="your"
            ecep:syllab="1"
            ecep:pron="jɔː">your</w>
         <c> </c>
         <w xml:id="pjo50-272590"
            n="a-0830"
            ecep:lem="charm"
            ecep:pos="n2"
            ecep:reg="charms"
            ecep:spe="charms"
            ecep:syllab="1"
            ecep:pron="tʃɑːmz">charms</w>
         <c> </c>
         <w xml:id="pjo50-272600"
            n="a-0840"
            ecep:lem="away"
            ecep:pos="av"
            ecep:reg="away"
            ecep:spe="away"
            ecep:syllab="2"
            ecep:pron="əˈweɪ">away</w>
         <pc xml:id="pjo50-272610"
             n="a-0850"
             unit="sentence"
             ecep:lem="."
             ecep:pos="."
             ecep:reg="."
             ecep:spe=".">.</pc>
         <c> </c>
      </l>
   </lg>
   <lg xml:id="pjo50-s00640">
      <l n="26" rendition="#h_3" xml:id="pjo50-l05745">
         <w xml:id="pjo50-272640"
            n="a-0860"
            ecep:lem="come"
            ecep:pos="vvb"
            ecep:reg="Come"
            ecep:spe="Come"
            ecep:syllab="1"
            ecep:pron="kʌm">Come</w>
         <c> </c>
         <w xml:id="pjo50-272650"
            n="a-0870"
            ecep:lem="then"
            ecep:pos="av"
            ecep:reg="then"
            ecep:spe="then"
            ecep:syllab="1"
            ecep:pron="ðen">then</w>
         <pc xml:id="pjo50-272660"
             n="a-0880"
             ecep:lem=","
             ecep:pos=","
             ecep:reg=","
             ecep:spe=",">,</pc>
         <c> </c>
         <w xml:id="pjo50-272670"
            n="a-0890"
            ecep:lem="and"
            ecep:pos="cc"
            ecep:reg="and"
            ecep:spe="and"
            ecep:syllab="1"
            ecep:pron="ænd">and</w>
         <c> </c>
         <w xml:id="pjo50-272680"
            n="a-0900"
            ecep:lem="leave"
            ecep:pos="vvi"
            ecep:reg="leave"
            ecep:spe="leave"
            ecep:syllab="1"
            ecep:pron="liːv">leave</w>
         <c> </c>
         <w xml:id="pjo50-272690"
            n="a-0910"
            ecep:lem="those"
            ecep:pos="d"
            ecep:reg="those"
            ecep:spe="those"
            ecep:syllab="1"
            ecep:pron="ðəʊz">those</w>
         <c> </c>
         <w xml:id="pjo50-272700"
            n="a-0920"
            ecep:lem="unfrequented"
            ecep:pos="j"
            ecep:reg="unfrequented"
            ecep:spe="unfrequented"
            ecep:syllab="4"
            ecep:pron="ˌʌnfrɪˈkwentɪd">unfrequented</w>
         <c> </c>
         <w xml:id="pjo50-272710"
            n="a-0930"
            ecep:lem="shade"
            ecep:pos="n2"
            ecep:reg="shades"
            ecep:spe="shades"
            ecep:syllab="1"
            ecep:pron="ʃeɪdz">shades</w>
         <pc xml:id="pjo50-272720"
             n="a-0940"
             ecep:lem=","
             ecep:pos=","
             ecep:reg=","
             ecep:spe=",">,</pc>
      </l>
      <l n="27" xml:id="pjo50-l05750">
         <c> </c>
         <w xml:id="pjo50-272730"
            n="a-0950"
            ecep:lem="to"
            ecep:pos="p-acp"
            ecep:reg="To"
            ecep:spe="To"
            ecep:syllab="1"
            ecep:pron="tuː">To</w>
         <c> </c>
         <w xml:id="pjo50-272740"
            n="a-0960"
            ecep:lem="dirty"
            ecep:pos="j"
            ecep:reg="dirty"
            ecep:spe="dirty"
            ecep:syllab="2"
            ecep:pron="ˈdɜːtɪ">dirty</w>
         <c> </c>
         <w xml:id="pjo50-272750"
            n="a-0970"
            ecep:lem="shepherd"
            ecep:pos="n2"
            ecep:reg="shepherd's"
            ecep:spe="shepherds"
            ecep:syllab="2"
            ecep:pron="ˈʃepədz">shepherds</w>
         <pc xml:id="pjo50-272760"
             n="a-0980"
             ecep:lem=","
             ecep:pos=","
             ecep:reg=","
             ecep:spe=",">,</pc>
         <c> </c>
         <w xml:id="pjo50-272770"
            n="a-0990"
            ecep:lem="and"
            ecep:pos="cc"
            ecep:reg="and"
            ecep:spe="and"
            ecep:syllab="1"
            ecep:pron="ænd">and</w>
         <c> </c>
         <w xml:id="pjo50-272780"
            n="a-1000"
            ecep:lem="to"
            ecep:pos="p-acp"
            ecep:reg="to"
            ecep:spe="to"
            ecep:syllab="1"
            ecep:pron="tuː">to</w>
         <c> </c>
         <w xml:id="pjo50-272790"
            n="a-1010"
            ecep:lem="homely"
            ecep:pos="j"
            ecep:reg="homely"
            ecep:spe="homely"
            ecep:syllab="2"
            ecep:pron="ˈhəʊmlɪ">homely</w>
         <c> </c>
         <w xml:id="pjo50-272800"
            n="a-1020"
            ecep:lem="maid"
            ecep:pos="n2"
            ecep:reg="maids"
            ecep:spe="maids"
            ecep:syllab="1"
            ecep:pron="meɪdz">maids</w>
         <pc xml:id="pjo50-272810"
             n="a-1030"
             ecep:lem=":"
             ecep:pos=":"
             ecep:reg=":"
             ecep:spe=":">:</pc>
      </l>
      <l n="28" xml:id="pjo50-l05755">
         <c> </c>
         <w xml:id="pjo50-272820"
            n="a-1040"
            ecep:lem="to"
            ecep:pos="p-acp"
            ecep:reg="To"
            ecep:spe="To"
            ecep:syllab="1"
            ecep:pron="tuː">To</w>
         <c> </c>
         <w xml:id="pjo50-272830"
            n="a-1050"
            ecep:lem="our"
            ecep:pos="po12"
            ecep:reg="our"
            ecep:spe="our"
            ecep:syllab="2"
            ecep:pron="aʊə">our</w>
         <c> </c>
         <hi>
            <w xml:id="pjo50-272840"
               n="a-1060"
               ecep:lem="athenian"
               ecep:pos="jp"
               ecep:reg="Athenian"
               ecep:spe="Athenian"
               ecep:syllab="4"
               ecep:pron="əθiːnjən">Athenian</w>
         </hi>
         <c> </c>
         <w xml:id="pjo50-272850"
            n="a-1070"
            ecep:lem="theatre"
            ecep:pos="n2"
            ecep:reg="Theatres"
            ecep:spe="Theatres"
            ecep:syllab="3"
            ecep:pron="ˈθɪətəz">Theatres</w>
         <c> </c>
         <w xml:id="pjo50-272860"
            n="a-1080"
            ecep:lem="repair"
            ecep:pos="vvb"
            ecep:reg="repair"
            ecep:spe="repair"
            ecep:syllab="2"
            ecep:pron="rɪˈpeə">repair</w>
         <pc xml:id="pjo50-272870"
             n="a-1090"
             ecep:lem=","
             ecep:pos=","
             ecep:reg=","
             ecep:spe=",">,</pc>
      </l>
      <l n="29" xml:id="pjo50-l05760">
         <c> </c>
         <w xml:id="pjo50-272880"
            n="a-1100"
            ecep:lem="and"
            ecep:pos="cc"
            ecep:reg="And"
            ecep:spe="And"
            ecep:syllab="1"
            ecep:pron="ænd">And</w>
         <c> </c>
         <w xml:id="pjo50-272890"
            n="a-1110"
            ecep:lem="let"
            ecep:pos="vvb"
            ecep:reg="let"
            ecep:spe="let"
            ecep:syllab="1"
            ecep:pron="let">let</w>
         <c> </c>
         <w xml:id="pjo50-272900"
            n="a-1120"
            ecep:lem="the"
            ecep:pos="dt"
            ecep:reg="the"
            ecep:spe="the"
            ecep:syllab="1"
            ecep:pron="ðə">the</w>
         <c> </c>
         <w xml:id="pjo50-272910"
            n="a-1130"
            ecep:lem="learn"
            ecep:pos="j-vvn"
            ecep:reg="learnt"
            ecep:spe="learn'd"
            ecep:syllab="1"
            ecep:pron="ˈlɜːnɪd">learn'd</w>
         <c> </c>
         <w xml:id="pjo50-272920"
            n="a-1140"
            ecep:lem="and"
            ecep:pos="cc"
            ecep:reg="and"
            ecep:spe="and"
            ecep:syllab="1"
            ecep:pron="ænd">and</w>
         <c> </c>
         <w xml:id="pjo50-272930"
            n="a-1150"
            ecep:lem="gay"
            ecep:pos="j"
            ecep:reg="gay"
            ecep:spe="gay"
            ecep:syllab="1"
            ecep:pron="geɪ">gay</w>
         <c> </c>
         <w xml:id="pjo50-272940"
            n="a-1160"
            ecep:lem="admire"
            ecep:pos="vvb"
            ecep:reg="admire"
            ecep:spe="admire"
            ecep:syllab="2"
            ecep:pron="ədˈmaɪə">admire</w>
         <c> </c>
         <w xml:id="pjo50-272950"
            n="a-1170"
            ecep:lem="thou"
            ecep:pos="pno21"
            ecep:reg="thee"
            ecep:spe="thee"
            ecep:syllab="1"
            ecep:pron="ðiː">thee</w>
         <c> </c>
         <w xml:id="pjo50-272960"
            n="a-1180"
            ecep:lem="there"
            ecep:pos="a-acp"
            ecep:reg="there"
            ecep:spe="there"
            ecep:syllab="1"
            ecep:pron="ðeə">there</w>
         <pc xml:id="pjo50-272970"
             n="a-1190"
             unit="sentence"
             ecep:lem="."
             ecep:pos="."
             ecep:reg="."
             ecep:spe=".">.</pc>
         <c> </c>
      </l>
      <l n="30" xml:id="pjo50-l05765">
         <w xml:id="pjo50-272980"
            n="a-1200"
            ecep:lem="inspire"
            ecep:pos="vvi"
            ecep:reg="Inspire"
            ecep:spe="Inspire"
            ecep:syllab="2"
            ecep:pron="ɪnˈspaɪə">Inspire</w>
         <pc xml:id="pjo50-272990"
             n="a-1210"
             ecep:lem=","
             ecep:pos=","
             ecep:reg=","
             ecep:spe=",">,</pc>
         <c> </c>
         <w xml:id="pjo50-273000"
            n="a-1220"
            ecep:lem="and"
            ecep:pos="cc"
            ecep:reg="and"
            ecep:spe="and"
            ecep:syllab="1"
            ecep:pron="ænd">and</w>
         <c> </c>
         <w xml:id="pjo50-273010"
            n="a-1230"
            ecep:lem="then"
            ecep:pos="av"
            ecep:reg="then"
            ecep:spe="then"
            ecep:syllab="1"
            ecep:pron="ðen">then</w>
         <c> </c>
         <w xml:id="pjo50-273020"
            n="a-1240"
            ecep:lem="reward"
            ecep:pos="vvb"
            ecep:reg="reward"
            ecep:spe="reward"
            ecep:syllab="2"
            ecep:pron="rɪˈwɔːd">reward</w>
         <c> </c>
         <w xml:id="pjo50-273030"
            n="a-1250"
            ecep:lem="some"
            ecep:pos="d"
            ecep:reg="some"
            ecep:spe="some"
            ecep:syllab="1"
            ecep:pron="sʌm">some</w>
         <c> </c>
         <w xml:id="pjo50-273040"
            n="a-1260"
            ecep:lem="generous"
            ecep:pos="j"
            ecep:reg="generous"
            ecep:spe="gen'rous"
            ecep:syllab="2"
            ecep:pron="ˈdʒenrəs">gen'rous</w>
         <c> </c>
         <w xml:id="pjo50-273050"
            n="a-1270"
            ecep:lem="youth"
            ecep:pos="n1"
            ecep:reg="youth"
            ecep:spe="youth"
            ecep:syllab="1"
            ecep:pron="juːθ">youth</w>
         <pc xml:id="pjo50-273060"
             n="a-1280"
             ecep:lem=","
             ecep:pos=","
             ecep:reg=","
             ecep:spe=",">,</pc>
      </l>
      <l n="31" xml:id="pjo50-l05770">
         <c> </c>
         <w xml:id="pjo50-273070"
            n="a-1290"
            ecep:lem="nurse"
            ecep:pos="vvn"
            ecep:reg="Nursed"
            ecep:spe="Nurs'd"
            ecep:syllab="1"
            ecep:pron="nɜːst">Nurs'd</w>
         <c> </c>
         <w xml:id="pjo50-273080"
            n="a-1300"
            ecep:lem="in"
            ecep:pos="p-acp"
            ecep:reg="in"
            ecep:spe="in"
            ecep:syllab="1"
            ecep:pron="ɪn">in</w>
         <c> </c>
         <w xml:id="pjo50-273090"
            n="a-1310"
            ecep:lem="the"
            ecep:pos="dt"
            ecep:reg="the"
            ecep:spe="the"
            ecep:syllab="1"
            ecep:pron="ðə">the</w>
         <c> </c>
         <w xml:id="pjo50-273100"
            n="a-1320"
            ecep:lem="arm"
            ecep:pos="n2"
            ecep:reg="arms"
            ecep:spe="arms"
            ecep:syllab="1"
            ecep:pron="ɑːmz">arms</w>
         <c> </c>
         <w xml:id="pjo50-273110"
            n="a-1330"
            ecep:lem="of"
            ecep:pos="pp-f"
            ecep:reg="of"
            ecep:spe="of"
            ecep:syllab="1"
            ecep:pron="ɒv">of</w>
         <c> </c>
         <w xml:id="pjo50-273120"
            n="a-1340"
            ecep:lem="science"
            ecep:pos="n1"
            ecep:reg="science"
            ecep:spe="science"
            ecep:syllab="2"
            ecep:pron="ˈsaɪəns">science</w>
         <pc xml:id="pjo50-273130"
             n="a-1350"
             ecep:lem=","
             ecep:pos=","
             ecep:reg=","
             ecep:spe=",">,</pc>
         <c> </c>
         <w xml:id="pjo50-273140"
            n="a-1360"
            ecep:lem="and"
            ecep:pos="cc"
            ecep:reg="and"
            ecep:spe="and"
            ecep:syllab="1"
            ecep:pron="ænd">and</w>
         <c> </c>
         <w xml:id="pjo50-273150"
            n="a-1370"
            ecep:lem="of"
            ecep:pos="pp-f"
            ecep:reg="of"
            ecep:spe="of"
            ecep:syllab="1"
            ecep:pron="ɒv">of</w>
         <c> </c>
         <w xml:id="pjo50-273160"
            n="a-1380"
            ecep:lem="truth"
            ecep:pos="n1"
            ecep:reg="truth"
            ecep:spe="truth"
            ecep:syllab="1"
            ecep:pron="truːθ">truth</w>
         <pc xml:id="pjo50-273170"
             n="a-1390"
             ecep:lem=":"
             ecep:pos=":"
             ecep:reg=":"
             ecep:spe=":">:</pc>
      </l>
      <l n="32" xml:id="pjo50-l05775">
         <c> </c>
         <w xml:id="pjo50-273180"
            n="a-1400"
            ecep:lem="for"
            ecep:pos="p-acp"
            ecep:reg="For"
            ecep:spe="For"
            ecep:syllab="1"
            ecep:pron="fɔː">For</w>
         <c> </c>
         <w xml:id="pjo50-273190"
            n="a-1410"
            ecep:lem="trust"
            ecep:pos="vvi"
            ecep:reg="trust"
            ecep:spe="trust"
            ecep:syllab="1"
            ecep:pron="trʌst">trust</w>
         <c> </c>
         <w xml:id="pjo50-273200"
            n="a-1420"
            ecep:lem="i"
            ecep:pos="pno11"
            ecep:reg="me"
            ecep:spe="me"
            ecep:syllab="1"
            ecep:pron="miː">me</w>
         <pc xml:id="pjo50-273210"
             n="a-1430"
             ecep:lem=","
             ecep:pos=","
             ecep:reg=","
             ecep:spe=",">,</pc>
         <c> </c>
         <hi>
            <w xml:id="pjo50-273220"
               n="a-1440"
               ecep:lem="Charlot"
               ecep:pos="np1"
               ecep:reg="Charlot"
               ecep:spe="Charlot"
               ecep:syllab="2"
               ecep:pron="tʃˈɑːlɒt">Charlot</w>
         </hi>
         <pc xml:id="pjo50-273230"
             n="a-1450"
             ecep:lem=","
             ecep:pos=","
             ecep:reg=","
             ecep:spe=",">,</pc>
         <c> </c>
         <w xml:id="pjo50-273240"
            n="a-1460"
            ecep:lem="who"
            ecep:pos="r-crq"
            ecep:reg="who"
            ecep:spe="who"
            ecep:syllab="1"
            ecep:pron="huː">who</w>
         <c> </c>
         <w xml:id="pjo50-273250"
            n="a-1470"
            ecep:lem="no"
            ecep:pos="dx"
            ecep:reg="no"
            ecep:spe="no"
            ecep:syllab="1"
            ecep:pron="nəʊ">no</w>
         <c> </c>
         <w xml:id="pjo50-273260"
            n="a-1480"
            ecep:lem="flattery"
            ecep:pos="n1"
            ecep:reg="flattery"
            ecep:spe="flatt'ry"
            ecep:syllab="2"
            ecep:pron="ˈflætri">flatt'ry</w>
         <c> </c>
         <w xml:id="pjo50-273270"
            n="a-1490"
            ecep:lem="mean"
            ecep:pos="vvi"
            ecep:reg="mean"
            ecep:spe="mean"
            ecep:syllab="1"
            ecep:pron="miːn">mean</w>
         <c> </c>
         <pc xml:id="pjo50-273280"
             n="a-1500"
             ecep:lem="—"
             ecep:pos="—"
             ecep:reg="—"
             ecep:spe="—">—</pc>
      </l>
      <l n="33" xml:id="pjo50-l05780">
         <c> </c>
         <w xml:id="pjo50-273290"
            n="a-1510"
            ecep:lem="to"
            ecep:pos="pc-acp"
            ecep:reg="To"
            ecep:spe="To"
            ecep:syllab="1"
            ecep:pron="tuː">To</w>
         <c> </c>
         <w xml:id="pjo50-273300"
            n="a-1520"
            ecep:lem="be"
            ecep:pos="vbi"
            ecep:reg="be"
            ecep:spe="be"
            ecep:syllab="1"
            ecep:pron="biː">be</w>
         <c> </c>
         <w xml:id="pjo50-273310"
            n="a-1530"
            ecep:lem="admire"
            ecep:pos="vvn"
            ecep:reg="admired"
            ecep:spe="admir'd"
            ecep:syllab="2"
            ecep:pron="ədˈmaɪəd">admir'd</w>
         <pc xml:id="pjo50-273320"
             n="a-1540"
             ecep:lem=","
             ecep:pos=","
             ecep:reg=","
             ecep:spe=",">,</pc>
         <c> </c>
         <w xml:id="pjo50-273330"
            n="a-1550"
            ecep:lem="you"
            ecep:pos="pn22"
            ecep:reg="you"
            ecep:spe="you"
            ecep:syllab="1"
            ecep:pron="juː">you</w>
         <c> </c>
         <w xml:id="pjo50-273340"
            n="a-1560"
            ecep:lem="only"
            ecep:pos="j"
            ecep:reg="only"
            ecep:spe="only"
            ecep:syllab="2"
            ecep:pron="ˈəʊnlɪ">only</w>
         <c> </c>
         <w xml:id="pjo50-273350"
            n="a-1570"
            ecep:lem="need"
            ecep:pos="n1"
            ecep:reg="need"
            ecep:spe="need"
            ecep:syllab="1"
            ecep:pron="niːd">need</w>
         <c> </c>
         <w xml:id="pjo50-273360"
            n="a-1580"
            ecep:lem="be"
            ecep:pos="vbi"
            ecep:reg="be"
            ecep:spe="be"
            ecep:syllab="1"
            ecep:pron="biː">be</w>
         <c> </c>
         <w xml:id="pjo50-273370"
            n="a-1590"
            ecep:lem="see"
            ecep:pos="vvn"
            ecep:reg="seen"
            ecep:spe="seen"
            ecep:syllab="1"
            ecep:pron="siːn">seen</w>
         <pc xml:id="pjo50-273380"
             n="a-1600"
             unit="sentence"
             ecep:lem="."
             ecep:pos="."
             ecep:reg="."
             ecep:spe=".">.</pc>
         <c> </c>
      </l>
   </lg>
</div>
