<?xml version="1.0" encoding="utf-8"?>
<!DOCTYPE div
  SYSTEM "about:legacy-compat">
<div xmlns:tei="http://www.tei-c.org/ns/1.0"
     xmlns="http://www.tei-c.org/ns/1.0"
     xmlns:ecep="http://www.eighteenthcenturypoetry.org/ns"
     ana="#iamb #trochee #tetrameter #catalexis #hypercatalexis #quatrain #cross"
     corresp="#txt_Anon000013_w0001"
     ecep:syllab="8.8.8.8"
     met="irregular"
     rendition="#lgvspace"
     rhyme="abab"
     subtype="eceptext"
     type="poem"
     xml:id="o5157-w0790"
     decls="#semi-normalized">
   <link target="authors.xml#aut_Anon000013" type="author"/>
   <link target="27932" type="DMI"/>
   <head type="main">
      <w xml:id="o5157-664390"
         n="301-a-0580"
         ecep:lem="the"
         ecep:pos="dt"
         ecep:reg="The"
         ecep:spe="The"
         ecep:syllab="1"
         ecep:pron="ðə">The</w>
      <c> </c>
      <w xml:id="o5157-664400"
         n="301-a-0590"
         ecep:lem="play-thing"
         ecep:pos="n1"
         ecep:reg="PLAY-THING"
         ecep:spe="PLAY-THING"
         ecep:syllab="2"
         ecep:pron="pleɪˌθɪŋ">PLAY-THING</w>
      <c> </c>
      <w xml:id="o5157-664410"
         n="301-a-0600"
         ecep:lem="change"
         ecep:pos="vvn"
         ecep:reg="changed"
         ecep:spe="chang'd"
         ecep:syllab="1"
         ecep:pron="tʃeɪndʒd">chang'd</w>
      <pc xml:id="o5157-664420"
          n="301-a-0610"
          unit="sentence"
          ecep:lem="."
          ecep:pos="."
          ecep:reg="."
          ecep:spe=".">.</pc>
   </head>
   <lg xml:id="o5157-s03365">
      <l xml:id="o5157-l36190">
         <w xml:id="o5157-664450"
            n="301-a-0620"
            ecep:lem="kitty"
            ecep:pos="npg1"
            ecep:reg="KITTY's"
            ecep:spe="KITTY's"
            ecep:syllab="2"
            ecep:pron="ˈkɪtɪz">KITTY's</w>
         <c> </c>
         <w xml:id="o5157-664460"
            n="301-a-0630"
            ecep:lem="charm"
            ecep:pos="vvg"
            ecep:reg="charming"
            ecep:spe="charming"
            ecep:syllab="2"
            ecep:pron="ˈtʃɑːmɪŋ">charming</w>
         <c> </c>
         <w xml:id="o5157-664470"
            n="301-a-0640"
            ecep:lem="voice"
            ecep:pos="n1"
            ecep:reg="voice"
            ecep:spe="voice"
            ecep:syllab="1"
            ecep:pron="vɔɪs">voice</w>
         <c> </c>
         <w xml:id="o5157-664480"
            n="301-a-0650"
            ecep:lem="and"
            ecep:pos="cc"
            ecep:reg="and"
            ecep:spe="and"
            ecep:syllab="1"
            ecep:pron="ænd">and</w>
         <c> </c>
         <w xml:id="o5157-664490"
            n="301-a-0660"
            ecep:lem="face"
            ecep:pos="n1"
            ecep:reg="face"
            ecep:spe="face"
            ecep:syllab="1"
            ecep:pron="feɪs">face</w>
         <pc xml:id="o5157-664500"
             n="301-a-0670"
             ecep:lem=","
             ecep:pos=","
             ecep:reg=","
             ecep:spe=",">,</pc>
      </l>
      <l xml:id="o5157-l36195">
         <w xml:id="o5157-664510"
            n="301-a-0680"
            ecep:lem="syren-like"
            ecep:pos="j"
            ecep:reg="Syren-like"
            ecep:spe="Syren-like"
            ecep:syllab="3"
            ecep:pron="saɪərɪnˌlaɪk">Syren-like</w>
         <pc xml:id="o5157-664520"
             n="301-a-0690"
             ecep:lem=","
             ecep:pos=","
             ecep:reg=","
             ecep:spe=",">,</pc>
         <c> </c>
         <w xml:id="o5157-664530"
            n="301-a-0700"
            ecep:lem="first"
            ecep:pos="ord"
            ecep:reg="first"
            ecep:spe="first"
            ecep:syllab="1"
            ecep:pron="fɜːst">first</w>
         <c> </c>
         <w xml:id="o5157-664540"
            n="301-a-0710"
            ecep:lem="catch"
            ecep:pos="vvd"
            ecep:reg="caught"
            ecep:spe="caught"
            ecep:syllab="1"
            ecep:pron="kɔːt">caught</w>
         <c> </c>
         <w xml:id="o5157-664550"
            n="301-a-0720"
            ecep:lem="my"
            ecep:pos="po11"
            ecep:reg="my"
            ecep:spe="my"
            ecep:syllab="1"
            ecep:pron="maɪ">my</w>
         <c> </c>
         <w xml:id="o5157-664560"
            n="301-a-0730"
            ecep:lem="fancy"
            ecep:pos="n1"
            ecep:reg="fancy"
            ecep:spe="fancy"
            ecep:syllab="2"
            ecep:pron="ˈfænsɪ">fancy</w>
         <pc xml:id="o5157-664570"
             n="301-a-0740"
             ecep:lem=";"
             ecep:pos=";"
             ecep:reg=";"
             ecep:spe=";">;</pc>
      </l>
      <l xml:id="o5157-l36200">
         <w xml:id="o5157-664580"
            n="301-a-0750"
            ecep:lem="wit"
            ecep:pos="n1"
            ecep:reg="Wit"
            ecep:spe="Wit"
            ecep:syllab="1"
            ecep:pron="wɪt">Wit</w>
         <c> </c>
         <w xml:id="o5157-664590"
            n="301-a-0760"
            ecep:lem="and"
            ecep:pos="cc"
            ecep:reg="and"
            ecep:spe="and"
            ecep:syllab="1"
            ecep:pron="ænd">and</w>
         <c> </c>
         <w xml:id="o5157-664600"
            n="301-a-0770"
            ecep:lem="humour"
            ecep:pos="n1"
            ecep:reg="humour"
            ecep:spe="humour"
            ecep:syllab="1"
            ecep:pron="ˈhjuːmə">humour</w>
         <c> </c>
         <w xml:id="o5157-664610"
            n="301-a-0780"
            ecep:lem="next"
            ecep:pos="ord"
            ecep:reg="next"
            ecep:spe="next"
            ecep:syllab="1"
            ecep:pron="nekst">next</w>
         <c> </c>
         <w xml:id="o5157-664620"
            n="301-a-0790"
            ecep:lem="take"
            ecep:pos="vvi"
            ecep:reg="take"
            ecep:spe="take"
            ecep:syllab="1"
            ecep:pron="teɪk">take</w>
         <c> </c>
         <w xml:id="o5157-664630"
            n="301-a-0800"
            ecep:lem="place"
            ecep:pos="n1"
            ecep:reg="place"
            ecep:spe="place"
            ecep:syllab="1"
            ecep:pron="pleɪs">place</w>
         <pc xml:id="o5157-664640"
             n="301-a-0810"
             ecep:lem=","
             ecep:pos=","
             ecep:reg=","
             ecep:spe=",">,</pc>
      </l>
      <l xml:id="o5157-l36205">
         <w xml:id="o5157-664650"
            n="301-a-0820"
            ecep:lem="and"
            ecep:pos="cc"
            ecep:reg="And"
            ecep:spe="And"
            ecep:syllab="1"
            ecep:pron="ænd">And</w>
         <c> </c>
         <w xml:id="o5157-664660"
            n="301-a-0830"
            ecep:lem="now"
            ecep:pos="av"
            ecep:reg="now"
            ecep:spe="now"
            ecep:syllab="1"
            ecep:pron="naʊ">now</w>
         <c> </c>
         <w xml:id="o5157-664670"
            n="301-a-0840"
            ecep:lem="i"
            ecep:pos="pns11"
            ecep:reg="I"
            ecep:spe="I"
            ecep:syllab="1"
            ecep:pron="aɪ">I</w>
         <c> </c>
         <w xml:id="o5157-664680"
            n="301-a-0850"
            ecep:lem="dote"
            ecep:pos="vvb"
            ecep:reg="dote"
            ecep:spe="doat"
            ecep:syllab="1"
            ecep:pron="dəʊt">doat</w>
         <c> </c>
         <w xml:id="o5157-664690"
            n="301-a-0860"
            ecep:lem="on"
            ecep:pos="p-acp"
            ecep:reg="on"
            ecep:spe="on"
            ecep:syllab="1"
            ecep:pron="ɒn">on</w>
         <c> </c>
         <w xml:id="o5157-664700"
            n="301-a-0870"
            ecep:lem="sprightly"
            ecep:pos="j"
            ecep:reg="sprightly"
            ecep:spe="sprightly"
            ecep:syllab="2"
            ecep:pron="ˈspraɪtlɪ">sprightly</w>
         <c> </c>
         <w xml:id="o5157-664710"
            n="301-a-0880"
            ecep:lem="Nancy"
            ecep:pos="np1"
            ecep:reg="Nancy"
            ecep:spe="Nancy"
            ecep:syllab="2"
            ecep:pron="ˈnænsɪ">Nancy</w>
         <pc xml:id="o5157-664720"
             n="301-a-0890"
             unit="sentence"
             ecep:lem="."
             ecep:pos="."
             ecep:reg="."
             ecep:spe=".">.</pc>
      </l>
   </lg>
   <lg xml:id="o5157-s03370">
      <l xml:id="o5157-l36210">
         <w xml:id="o5157-664750"
            n="301-a-0900"
            ecep:lem="Kitty"
            ecep:pos="np1"
            ecep:reg="Kitty"
            ecep:spe="Kitty"
            ecep:syllab="2"
            ecep:pron="ˈkɪtɪ">Kitty</w>
         <c> </c>
         <w xml:id="o5157-664760"
            n="301-a-0910"
            ecep:lem="tune"
            ecep:pos="n2"
            ecep:reg="tunes"
            ecep:spe="tunes"
            ecep:syllab="1"
            ecep:pron="tjuːnz">tunes</w>
         <c> </c>
         <w xml:id="o5157-664770"
            n="301-a-0920"
            ecep:lem="her"
            ecep:pos="po31"
            ecep:reg="her"
            ecep:spe="her"
            ecep:syllab="1"
            ecep:pron="hɜː">her</w>
         <c> </c>
         <w xml:id="o5157-664780"
            n="301-a-0930"
            ecep:lem="pipe"
            ecep:pos="n1"
            ecep:reg="pipe"
            ecep:spe="pipe"
            ecep:syllab="1"
            ecep:pron="paɪp">pipe</w>
         <c> </c>
         <w xml:id="o5157-664790"
            n="301-a-0940"
            ecep:lem="in"
            ecep:pos="p-acp"
            ecep:reg="in"
            ecep:spe="in"
            ecep:syllab="1"
            ecep:pron="ɪn">in</w>
         <c> </c>
         <w xml:id="o5157-664800"
            n="301-a-0950"
            ecep:lem="vain"
            ecep:pos="j"
            ecep:reg="vain"
            ecep:spe="vain"
            ecep:syllab="1"
            ecep:pron="veɪn">vain</w>
         <pc xml:id="o5157-664810"
             n="301-a-0960"
             ecep:lem=","
             ecep:pos=","
             ecep:reg=","
             ecep:spe=",">,</pc>
      </l>
      <l xml:id="o5157-l36215">
         <w xml:id="o5157-664820"
            n="301-a-0970"
            ecep:lem="with"
            ecep:pos="p-acp"
            ecep:reg="With"
            ecep:spe="With"
            ecep:syllab="1"
            ecep:pron="wɪð">With</w>
         <c> </c>
         <w xml:id="o5157-664830"
            n="301-a-0980"
            ecep:lem="air"
            ecep:pos="n2"
            ecep:reg="airs"
            ecep:spe="airs"
            ecep:syllab="1"
            ecep:pron="eəz">airs</w>
         <c> </c>
         <w xml:id="o5157-664840"
            n="301-a-0990"
            ecep:lem="most"
            ecep:pos="av-ds"
            ecep:reg="most"
            ecep:spe="most"
            ecep:syllab="1"
            ecep:pron="məʊst">most</w>
         <c> </c>
         <w xml:id="o5157-664850"
            n="301-a-1000"
            ecep:lem="languish"
            ecep:pos="j-vvg"
            ecep:reg="languishing"
            ecep:spe="languishing"
            ecep:syllab="3"
            ecep:pron="ˈlæŋgwɪʃɪŋ">languishing</w>
         <c> </c>
         <w xml:id="o5157-664860"
            n="301-a-1010"
            ecep:lem="and"
            ecep:pos="cc"
            ecep:reg="and"
            ecep:spe="and"
            ecep:syllab="1"
            ecep:pron="ænd">and</w>
         <c> </c>
         <w xml:id="o5157-664870"
            n="301-a-1020"
            ecep:lem="die"
            ecep:pos="vvg"
            ecep:reg="dying"
            ecep:spe="dying"
            ecep:syllab="2"
            ecep:pron="ˈdaɪɪŋ">dying</w>
         <pc xml:id="o5157-664880"
             n="301-a-1030"
             ecep:lem=";"
             ecep:pos=";"
             ecep:reg=";"
             ecep:spe=";">;</pc>
      </l>
      <l xml:id="o5157-l36220">
         <w xml:id="o5157-664890"
            n="301-a-1040"
            ecep:lem="call"
            ecep:pos="vvz"
            ecep:reg="Calls"
            ecep:spe="Calls"
            ecep:syllab="1"
            ecep:pron="kɔːlz">Calls</w>
         <c> </c>
         <w xml:id="o5157-664900"
            n="301-a-1050"
            ecep:lem="i"
            ecep:pos="pno11"
            ecep:reg="me"
            ecep:spe="me"
            ecep:syllab="1"
            ecep:pron="miː">me</w>
         <c> </c>
         <w xml:id="o5157-664910"
            n="301-a-1060"
            ecep:lem="false"
            ecep:pos="j"
            ecep:reg="false"
            ecep:spe="false"
            ecep:syllab="1"
            ecep:pron="fɔːls">false</w>
         <c> </c>
         <w xml:id="o5157-664920"
            n="301-a-1070"
            ecep:lem="ungrateful"
            ecep:pos="j"
            ecep:reg="ungrateful"
            ecep:spe="ungrateful"
            ecep:syllab="3"
            ecep:pron="ʌnˈgreɪtfʊl">ungrateful</w>
         <c> </c>
         <w xml:id="o5157-664930"
            n="301-a-1080"
            ecep:lem="swain"
            ecep:pos="n1"
            ecep:reg="swain"
            ecep:spe="swain"
            ecep:syllab="1"
            ecep:pron="sweɪn">swain</w>
         <pc xml:id="o5157-664940"
             n="301-a-1090"
             ecep:lem=","
             ecep:pos=","
             ecep:reg=","
             ecep:spe=",">,</pc>
      </l>
      <l xml:id="o5157-l36225">
         <w xml:id="o5157-664950"
            n="301-a-1100"
            ecep:lem="and"
            ecep:pos="cc"
            ecep:reg="And"
            ecep:spe="And"
            ecep:syllab="1"
            ecep:pron="ænd">And</w>
         <c> </c>
         <w xml:id="o5157-664960"
            n="301-a-1110"
            ecep:lem="try"
            ecep:pos="vvz"
            ecep:reg="tries"
            ecep:spe="tries"
            ecep:syllab="1"
            ecep:pron="ˈtraɪz">tries</w>
         <c> </c>
         <w xml:id="o5157-664970"
            n="301-a-1120"
            ecep:lem="in"
            ecep:pos="p-acp"
            ecep:reg="in"
            ecep:spe="in"
            ecep:syllab="1"
            ecep:pron="ɪn">in</w>
         <c> </c>
         <w xml:id="o5157-664980"
            n="301-a-1130"
            ecep:lem="vain"
            ecep:pos="j"
            ecep:reg="vain"
            ecep:spe="vain"
            ecep:syllab="1"
            ecep:pron="veɪn">vain</w>
         <c> </c>
         <w xml:id="o5157-664990"
            n="301-a-1140"
            ecep:lem="to"
            ecep:pos="pc-acp"
            ecep:reg="to"
            ecep:spe="to"
            ecep:syllab="1"
            ecep:pron="tuː">to</w>
         <c> </c>
         <w xml:id="o5157-665000"
            n="301-a-1150"
            ecep:lem="shoot"
            ecep:pos="vvi"
            ecep:reg="shoot"
            ecep:spe="shoot"
            ecep:syllab="1"
            ecep:pron="ʃuːt">shoot</w>
         <c> </c>
         <w xml:id="o5157-665010"
            n="301-a-1160"
            ecep:lem="i"
            ecep:pos="pno11"
            ecep:reg="me"
            ecep:spe="me"
            ecep:syllab="1"
            ecep:pron="miː">me</w>
         <c> </c>
         <w xml:id="o5157-665020"
            n="301-a-1170"
            ecep:lem="fly"
            ecep:pos="vvg"
            ecep:reg="flying"
            ecep:spe="flying"
            ecep:syllab="2"
            ecep:pron="ˈflaɪɪŋ">flying</w>
         <pc xml:id="o5157-665030"
             n="301-a-1180"
             unit="sentence"
             ecep:lem="."
             ecep:pos="."
             ecep:reg="."
             ecep:spe=".">.</pc>
      </l>
   </lg>
   <lg xml:id="o5157-s03375">
      <l xml:id="o5157-l36230">
         <w xml:id="o5157-665060"
            n="301-a-1190"
            ecep:lem="Nancy"
            ecep:pos="np1"
            ecep:reg="Nancy"
            ecep:spe="Nancy"
            ecep:syllab="2"
            ecep:pron="ˈnænsɪ">Nancy</w>
         <c> </c>
         <w xml:id="o5157-665070"
            n="301-a-1200"
            ecep:lem="with"
            ecep:pos="p-acp"
            ecep:reg="with"
            ecep:spe="with"
            ecep:syllab="1"
            ecep:pron="wɪð">with</w>
         <c> </c>
         <w xml:id="o5157-665080"
            n="301-a-1210"
            ecep:lem="resistless"
            ecep:pos="j"
            ecep:reg="resistless"
            ecep:spe="resistless"
            ecep:syllab="3"
            ecep:pron="rɪˈzɪstlɪs">resistless</w>
         <c> </c>
         <w xml:id="o5157-665090"
            n="301-a-1220"
            ecep:lem="art"
            ecep:pos="n1"
            ecep:reg="art"
            ecep:spe="art"
            ecep:syllab="1"
            ecep:pron="ɑːt">art</w>
         <pc xml:id="o5157-665100"
             n="301-a-1230"
             ecep:lem=","
             ecep:pos=","
             ecep:reg=","
             ecep:spe=",">,</pc>
      </l>
      <l xml:id="o5157-l36235">
         <w xml:id="o5157-665110"
            n="301-a-1240"
            ecep:lem="always"
            ecep:pos="av"
            ecep:reg="Always"
            ecep:spe="Always"
            ecep:syllab="2"
            ecep:pron="ˈɔːlweɪz">Always</w>
         <c> </c>
         <w xml:id="o5157-665120"
            n="301-a-1250"
            ecep:lem="humourous"
            ecep:pos="j"
            ecep:reg="humourous"
            ecep:spe="humourous"
            ecep:syllab="1"
            ecep:pron="hjˈuːmɜːrəs">humourous</w>
         <pc xml:id="o5157-665130"
             n="301-a-1260"
             ecep:lem=","
             ecep:pos=","
             ecep:reg=","
             ecep:spe=",">,</pc>
         <c> </c>
         <w xml:id="o5157-665140"
            n="301-a-1270"
            ecep:lem="gay"
            ecep:pos="j"
            ecep:reg="gay"
            ecep:spe="gay"
            ecep:syllab="1"
            ecep:pron="geɪ">gay</w>
         <pc xml:id="o5157-665150"
             n="301-a-1280"
             ecep:lem=","
             ecep:pos=","
             ecep:reg=","
             ecep:spe=",">,</pc>
         <c> </c>
         <w xml:id="o5157-665160"
            n="301-a-1290"
            ecep:lem="and"
            ecep:pos="cc"
            ecep:reg="and"
            ecep:spe="and"
            ecep:syllab="1"
            ecep:pron="ænd">and</w>
         <c> </c>
         <w xml:id="o5157-665170"
            n="301-a-1300"
            ecep:lem="witty"
            ecep:pos="j"
            ecep:reg="witty"
            ecep:spe="witty"
            ecep:syllab="2"
            ecep:pron="ˈwɪtɪ">witty</w>
         <pc xml:id="o5157-665180"
             n="301-a-1310"
             ecep:lem=";"
             ecep:pos=";"
             ecep:reg=";"
             ecep:spe=";">;</pc>
      </l>
      <l xml:id="o5157-l36240">
         <w xml:id="o5157-665190"
            n="301-a-1320"
            ecep:lem="have"
            ecep:pos="vhz"
            ecep:reg="Has"
            ecep:spe="Has"
            ecep:syllab="1"
            ecep:pron="hæz">Has</w>
         <c> </c>
         <w xml:id="o5157-665200"
            n="301-a-1330"
            ecep:lem="talk"
            ecep:pos="vvn"
            ecep:reg="talked"
            ecep:spe="talk'd"
            ecep:syllab="1"
            ecep:pron="ˈtɔːkt">talk'd</w>
         <c> </c>
         <w xml:id="o5157-665210"
            n="301-a-1340"
            ecep:lem="herself"
            ecep:pos="px31"
            ecep:reg="herself"
            ecep:spe="herself"
            ecep:syllab="2"
            ecep:pron="həˈself">herself</w>
         <c> </c>
         <w xml:id="o5157-665220"
            n="301-a-1350"
            ecep:lem="into"
            ecep:pos="p-acp"
            ecep:reg="into"
            ecep:spe="into"
            ecep:syllab="2"
            ecep:pron="ˈɪntuː">into</w>
         <c> </c>
         <w xml:id="o5157-665230"
            n="301-a-1360"
            ecep:lem="my"
            ecep:pos="po11"
            ecep:reg="my"
            ecep:spe="my"
            ecep:syllab="1"
            ecep:pron="maɪ">my</w>
         <c> </c>
         <w xml:id="o5157-665240"
            n="301-a-1370"
            ecep:lem="heart"
            ecep:pos="n1"
            ecep:reg="heart"
            ecep:spe="heart"
            ecep:syllab="1"
            ecep:pron="hɑːt">heart</w>
         <pc xml:id="o5157-665250"
             n="301-a-1380"
             ecep:lem=","
             ecep:pos=","
             ecep:reg=","
             ecep:spe=",">,</pc>
      </l>
      <l xml:id="o5157-l36245">
         <w xml:id="o5157-665260"
            n="301-a-1390"
            ecep:lem="and"
            ecep:pos="cc"
            ecep:reg="And"
            ecep:spe="And"
            ecep:syllab="1"
            ecep:pron="ænd">And</w>
         <c> </c>
         <w xml:id="o5157-665270"
            n="301-a-1400"
            ecep:lem="quite"
            ecep:pos="av"
            ecep:reg="quite"
            ecep:spe="quite"
            ecep:syllab="1"
            ecep:pron="kwaɪt">quite</w>
         <c> </c>
         <w xml:id="o5157-665280"
            n="301-a-1410"
            ecep:lem="exclude"
            ecep:pos="vvd"
            ecep:reg="excluded"
            ecep:spe="excluded"
            ecep:syllab="3"
            ecep:pron="ɪkˈskluːdɪd">excluded</w>
         <c> </c>
         <w xml:id="o5157-665290"
            n="301-a-1420"
            ecep:lem="tuneful"
            ecep:pos="j"
            ecep:reg="tuneful"
            ecep:spe="tuneful"
            ecep:syllab="2"
            ecep:pron="ˈtjuːnfʊl">tuneful</w>
         <c> </c>
         <w xml:id="o5157-665300"
            n="301-a-1430"
            ecep:lem="Kitty"
            ecep:pos="np1"
            ecep:reg="Kitty"
            ecep:spe="Kitty"
            ecep:syllab="2"
            ecep:pron="ˈkɪtɪ">Kitty</w>
         <pc xml:id="o5157-665310"
             n="301-a-1440"
             unit="sentence"
             ecep:lem="."
             ecep:pos="."
             ecep:reg="."
             ecep:spe=".">.</pc>
      </l>
   </lg>
   <lg xml:id="o5157-s03380">
      <l xml:id="o5157-l36250">
         <w xml:id="o5157-665340"
            n="301-a-1450"
            ecep:lem="ah"
            ecep:pos="uh"
            ecep:reg="Ah"
            ecep:spe="Ah"
            ecep:syllab="1"
            ecep:pron="ɑː">Ah</w>
         <c> </c>
         <w xml:id="o5157-665350"
            n="301-a-1460"
            ecep:lem="Kitty"
            ecep:pos="np1"
            ecep:reg="Kitty"
            ecep:spe="Kitty"
            ecep:syllab="2"
            ecep:pron="ˈkɪtɪ">Kitty</w>
         <pc xml:id="o5157-665360"
             n="301-a-1470"
             unit="sentence"
             ecep:lem="!"
             ecep:pos="!"
             ecep:reg="!"
             ecep:spe="!">!</pc>
         <c> </c>
         <w xml:id="o5157-665370"
            n="301-a-1480"
            ecep:lem="love"
            ecep:pos="n1"
            ecep:reg="Love"
            ecep:spe="Love"
            ecep:syllab="1"
            ecep:pron="lʌv">Love</w>
         <pc xml:id="o5157-665380"
             n="301-a-1490"
             ecep:lem=","
             ecep:pos=","
             ecep:reg=","
             ecep:spe=",">,</pc>
         <c> </c>
         <w xml:id="o5157-665390"
            n="301-a-1500"
            ecep:lem="a"
            ecep:pos="dt"
            ecep:reg="a"
            ecep:spe="a"
            ecep:syllab="1"
            ecep:pron="ə">a</w>
         <c> </c>
         <w xml:id="o5157-665400"
            n="301-a-1510"
            ecep:lem="wanton"
            ecep:pos="j-jn"
            ecep:reg="wanton"
            ecep:spe="wanton"
            ecep:syllab="2"
            ecep:pron="ˈwɒntən">wanton</w>
         <c> </c>
         <w xml:id="o5157-665410"
            n="301-a-1520"
            ecep:lem="boy"
            ecep:pos="n1"
            ecep:reg="boy"
            ecep:spe="boy"
            ecep:syllab="1"
            ecep:pron="bɔɪ">boy</w>
         <pc xml:id="o5157-665420"
             n="301-a-1530"
             ecep:lem=","
             ecep:pos=","
             ecep:reg=","
             ecep:spe=",">,</pc>
      </l>
      <l xml:id="o5157-l36255">
         <w xml:id="o5157-665430"
            n="301-a-1540"
            ecep:lem="now"
            ecep:pos="av"
            ecep:reg="Now"
            ecep:spe="Now"
            ecep:syllab="1"
            ecep:pron="naʊ">Now</w>
         <c> </c>
         <w xml:id="o5157-665440"
            n="301-a-1550"
            ecep:lem="please"
            ecep:pos="vvn"
            ecep:reg="pleased"
            ecep:spe="pleas'd"
            ecep:syllab="1"
            ecep:pron="pliːzd">pleas'd</w>
         <c> </c>
         <w xml:id="o5157-665450"
            n="301-a-1560"
            ecep:lem="with"
            ecep:pos="p-acp"
            ecep:reg="with"
            ecep:spe="with"
            ecep:syllab="1"
            ecep:pron="wɪð">with</w>
         <c> </c>
         <w xml:id="o5157-665460"
            n="301-a-1570"
            ecep:lem="song"
            ecep:pos="n1"
            ecep:reg="song"
            ecep:spe="song"
            ecep:syllab="1"
            ecep:pron="sɒŋ">song</w>
         <pc xml:id="o5157-665470"
             n="301-a-1580"
             ecep:lem=","
             ecep:pos=","
             ecep:reg=","
             ecep:spe=",">,</pc>
         <c> </c>
         <w xml:id="o5157-665480"
            n="301-a-1590"
            ecep:lem="and"
            ecep:pos="cc"
            ecep:reg="and"
            ecep:spe="and"
            ecep:syllab="1"
            ecep:pron="ænd">and</w>
         <c> </c>
         <w xml:id="o5157-665490"
            n="301-a-1600"
            ecep:lem="now"
            ecep:pos="av"
            ecep:reg="now"
            ecep:spe="now"
            ecep:syllab="1"
            ecep:pron="naʊ">now</w>
         <c> </c>
         <w xml:id="o5157-665500"
            n="301-a-1610"
            ecep:lem="with"
            ecep:pos="p-acp"
            ecep:reg="with"
            ecep:spe="with"
            ecep:syllab="1"
            ecep:pron="wɪð">with</w>
         <c> </c>
         <w xml:id="o5157-665510"
            n="301-a-1620"
            ecep:lem="prattle"
            ecep:pos="n1"
            ecep:reg="prattle"
            ecep:spe="prattle"
            ecep:syllab="2"
            ecep:pron="ˈprætl">prattle</w>
         <pc xml:id="o5157-665520"
             n="301-a-1630"
             ecep:lem=","
             ecep:pos=","
             ecep:reg=","
             ecep:spe=",">,</pc>
      </l>
      <l xml:id="o5157-l36260">
         <w xml:id="o5157-665530"
            n="301-a-1640"
            ecep:lem="still"
            ecep:pos="av"
            ecep:reg="Still"
            ecep:spe="Still"
            ecep:syllab="1"
            ecep:pron="stɪl">Still</w>
         <c> </c>
         <w xml:id="o5157-665540"
            n="301-a-1650"
            ecep:lem="long"
            ecep:pos="vvg"
            ecep:reg="longing"
            ecep:spe="longing"
            ecep:syllab="2"
            ecep:pron="ˈlɒŋɪŋ">longing</w>
         <c> </c>
         <w xml:id="o5157-665550"
            n="301-a-1660"
            ecep:lem="for"
            ecep:pos="p-acp"
            ecep:reg="for"
            ecep:spe="for"
            ecep:syllab="1"
            ecep:pron="fɔː">for</w>
         <c> </c>
         <w xml:id="o5157-665560"
            n="301-a-1670"
            ecep:lem="the"
            ecep:pos="dt"
            ecep:reg="the"
            ecep:spe="the"
            ecep:syllab="1"
            ecep:pron="ðə">the</w>
         <c> </c>
         <w xml:id="o5157-665570"
            n="301-a-1680"
            ecep:lem="new"
            ecep:pos="js"
            ecep:reg="newest"
            ecep:spe="newest"
            ecep:syllab="2"
            ecep:pron="ˈnjuːɪst">newest</w>
         <c> </c>
         <w xml:id="o5157-665580"
            n="301-a-1690"
            ecep:lem="toy"
            ecep:pos="n1"
            ecep:reg="toy"
            ecep:spe="toy"
            ecep:syllab="1"
            ecep:pron="tɔɪ">toy</w>
         <pc xml:id="o5157-665590"
             n="301-a-1700"
             ecep:lem=","
             ecep:pos=","
             ecep:reg=","
             ecep:spe=",">,</pc>
      </l>
      <l xml:id="o5157-l36265">
         <w xml:id="o5157-665600"
            n="301-a-1710"
            ecep:lem="have"
            ecep:pos="vhz"
            ecep:reg="Has"
            ecep:spe="Has"
            ecep:syllab="1"
            ecep:pron="hæz">Has</w>
         <c> </c>
         <w xml:id="o5157-665610"
            n="301-a-1720"
            ecep:lem="change"
            ecep:pos="vvn"
            ecep:reg="changed"
            ecep:spe="chang'd"
            ecep:syllab="1"
            ecep:pron="tʃeɪndʒd">chang'd</w>
         <c> </c>
         <w xml:id="o5157-665620"
            n="301-a-1730"
            ecep:lem="his"
            ecep:pos="po31"
            ecep:reg="his"
            ecep:spe="his"
            ecep:syllab="1"
            ecep:pron="hɪz">his</w>
         <c> </c>
         <w xml:id="o5157-665630"
            n="301-a-1740"
            ecep:lem="whistle"
            ecep:pos="n1"
            ecep:reg="whistle"
            ecep:spe="whistle"
            ecep:syllab="2"
            ecep:pron="ˈwɪsl">whistle</w>
         <c> </c>
         <w xml:id="o5157-665640"
            n="301-a-1750"
            ecep:lem="for"
            ecep:pos="p-acp"
            ecep:reg="for"
            ecep:spe="for"
            ecep:syllab="1"
            ecep:pron="fɔː">for</w>
         <c> </c>
         <w xml:id="o5157-665650"
            n="301-a-1760"
            ecep:lem="a"
            ecep:pos="dt"
            ecep:reg="a"
            ecep:spe="a"
            ecep:syllab="1"
            ecep:pron="ə">a</w>
         <c> </c>
         <w xml:id="o5157-665660"
            n="301-a-1770"
            ecep:lem="rattle"
            ecep:pos="n1"
            ecep:reg="rattle"
            ecep:spe="rattle"
            ecep:syllab="2"
            ecep:pron="ˈrætl">rattle</w>
         <pc xml:id="o5157-665670"
             n="301-a-1780"
             unit="sentence"
             ecep:lem="."
             ecep:pos="."
             ecep:reg="."
             ecep:spe=".">.</pc>
      </l>
   </lg>
</div>
