<?xml version="1.0" encoding="UTF-8"?>
<div xmlns:ecep="http://www.eighteenthcenturypoetry.org/ns"
     xmlns="http://www.tei-c.org/ns/1.0"
     xmlns:tei="http://www.tei-c.org/ns/1.0"
     ana="#iamb #tetrameter #sonnet"
     corresp="#txt_SmitCh1749_w0014"
     decls="#semi-normalized"
     ecep:syllab="8"
     met="-+|-+|-+|-+/"
     n="13"
     rendition="#lgvspace"
     rhyme="ababcdcdefefgg"
     subtype="eceptext"
     type="sonnet"
     xml:id="n22cs-w0130">
   <link target="authors.xml#aut_SmitCh1749" type="author"/>
   <head type="main">
      <w xml:id="n22cs-046970"
         n="0032-a-0010"
         ecep:lem="sonnet"
         ecep:pos="n1"
         ecep:reg="SONNET"
         ecep:spe="SONNET"
         ecep:syllab="2"
         ecep:pron="ˈsɒnɪt">SONNET</w>
      <c> </c>
      <pc xml:id="n22cs-046971"
          ecep:lem="["
          ecep:pos="["
          ecep:reg="["
          ecep:spe="[">[</pc>
      <w xml:id="n22cs-046972"
         ecep:lem="13"
         ecep:pos="crd"
         ecep:reg="13"
         ecep:spe="13"
         ecep:syllab="1"
         ecep:pron="θˈɜːtiːn">13</w>
      <pc xml:id="n22cs-046973"
          ecep:lem="]"
          ecep:pos="]"
          ecep:reg="]"
          ecep:spe="]">]</pc>
      <c> </c>
      <w xml:id="n22cs-046980"
         n="0032-a-0020"
         ecep:lem="xiii"
         ecep:pos="crd"
         ecep:reg="XIII"
         ecep:spe="XIII"
         ecep:syllab="1"
         ecep:pron="rˌəʊmənθˈɜːtiːn">XIII</w>
      <pc xml:id="n22cs-046990"
          n="0032-a-0030"
          unit="sentence"
          ecep:lem="."
          ecep:pos="."
          ecep:reg="."
          ecep:spe=".">.</pc>
      <c> </c>
      <hi>
         <w xml:id="n22cs-047000"
            n="0032-a-0040"
            ecep:lem="from"
            ecep:pos="p-acp"
            ecep:reg="From"
            ecep:spe="From"
            ecep:syllab="1"
            ecep:pron="frɒm">From</w>
         <c> </c>
         <w xml:id="n22cs-047010"
            n="0032-a-0050"
            ecep:lem="Petrarch"
            ecep:pos="np1"
            ecep:reg="Petrarch"
            ecep:spe="Petrarch"
            ecep:syllab="2"
            ecep:pron="ˈpetrɑːk">Petrarch</w>
         <pc xml:id="n22cs-047020"
             n="0032-a-0060"
             unit="sentence"
             ecep:lem="."
             ecep:pos="."
             ecep:reg="."
             ecep:spe=".">.</pc>
         <c> </c>
      </hi>
   </head>
   <lg xml:id="n22cs-s00335">
      <l xml:id="n22cs-l00960">
         <w xml:id="n22cs-047050"
            n="0032-a-0070"
            ecep:lem="oh"
            ecep:pos="uh"
            ecep:reg="O"
            ecep:spe="OH"
            ecep:syllab="1"
            ecep:pron="əʊ">OH</w>
         <pc xml:id="n22cs-047060"
             n="0032-a-0080"
             ecep:lem="!"
             ecep:pos="!"
             ecep:reg="!"
             ecep:spe="!">!</pc>
         <c> </c>
         <w xml:id="n22cs-047070"
            n="0032-a-0090"
            ecep:lem="place"
            ecep:pos="vvb"
            ecep:reg="place"
            ecep:spe="place"
            ecep:syllab="1"
            ecep:pron="pleɪs">place</w>
         <c> </c>
         <w xml:id="n22cs-047080"
            n="0032-a-0100"
            ecep:lem="i"
            ecep:pos="pno11"
            ecep:reg="me"
            ecep:spe="me"
            ecep:syllab="1"
            ecep:pron="miː">me</w>
         <c> </c>
         <w xml:id="n22cs-047090"
            n="0032-a-0110"
            ecep:lem="where"
            ecep:pos="c-crq"
            ecep:reg="where"
            ecep:spe="where"
            ecep:syllab="1"
            ecep:pron="weə">where</w>
         <c> </c>
         <w xml:id="n22cs-047100"
            n="0032-a-0120"
            ecep:lem="the"
            ecep:pos="dt"
            ecep:reg="the"
            ecep:spe="the"
            ecep:syllab="1"
            ecep:pron="ðiː">the</w>
         <c> </c>
         <w xml:id="n22cs-047110"
            n="0032-a-0130"
            ecep:lem="burn"
            ecep:pos="j-vvg"
            ecep:reg="burning"
            ecep:spe="burning"
            ecep:syllab="2"
            ecep:pron="bɜːnɪŋ">burning</w>
         <c> </c>
         <w xml:id="n22cs-047120"
            n="0032-a-0140"
            ecep:lem="noon"
            ecep:pos="n1"
            ecep:reg="noon"
            ecep:spe="noon"
            ecep:syllab="1"
            ecep:pron="nuːn">noon</w>
         <note n="[*]" place="bottom" xml:id="n22cs-n00105">
            <p xml:id="n22cs-s00340">
               <label>
                  <w xml:id="n22cs-047160"
                     n="0032-a-0150"
                     ecep:lem="line"
                     ecep:pos="n1"
                     ecep:reg="LINE"
                     ecep:spe="LINE"
                     ecep:syllab="1"
                     ecep:pron="laɪn">LINE</w>
                  <c> </c>
                  <w xml:id="n22cs-047170"
                     n="0032-a-0160"
                     ecep:lem="1."
                     ecep:pos="crd"
                     ecep:reg="1."
                     ecep:spe="1."
                     ecep:syllab="1"
                     ecep:pron="wˈɒn">1.</w>
                  <pc unit="sentence" xml:id="n22cs-047170-eos" n="0032-a-0170"/>
                  <c> </c>
               </label>
               <q>
                  <w xml:id="n22cs-047200"
                     n="0032-a-0180"
                     ecep:lem="Pommi"
                     ecep:pos="np1"
                     ecep:reg="Pommi"
                     ecep:spe="Pommi"
                     ecep:syllab="2"
                     ecep:pron="pˈɒmi">Pommi</w>
                  <c> </c>
                  <w xml:id="n22cs-047210"
                     n="0032-a-0190"
                     ecep:lem="ove'l"
                     ecep:pos="fw-it"
                     ecep:reg="ove'l"
                     ecep:spe="ove'l"
                     ecep:syllab="2"
                     ecep:pron="ˈəʊvel">ove'l</w>
                  <c> </c>
                  <w xml:id="n22cs-047220"
                     n="0032-a-0200"
                     ecep:lem="sol"
                     ecep:pos="fw-la"
                     ecep:reg="Sol"
                     ecep:spe="Sol"
                     ecep:syllab="1"
                     ecep:pron="sɒl">Sol</w>
                  <pc xml:id="n22cs-047230"
                      n="0032-a-0210"
                      ecep:lem=","
                      ecep:pos=","
                      ecep:reg=","
                      ecep:spe=",">,</pc>
                  <c> </c>
                  <w xml:id="n22cs-047240"
                     n="0032-a-0220"
                     ecep:lem="occide"
                     ecep:pos="fw-la"
                     ecep:reg="occide"
                     ecep:spe="occide"
                     ecep:syllab="2"
                     ecep:pron="ˈɒksaɪd">occide</w>
                  <c> </c>
                  <w xml:id="n22cs-047250"
                     n="0032-a-0230"
                     ecep:lem="i"
                     ecep:pos="crd"
                     ecep:reg="i"
                     ecep:spe="i"
                     ecep:syllab="1"
                     ecep:pron="aɪ">i</w>
                  <c> </c>
                  <w xml:id="n22cs-047260"
                     n="0032-a-0240"
                     ecep:lem="fiori"
                     ecep:pos="fw-la"
                     ecep:reg="fiori"
                     ecep:spe="fiori"
                     ecep:syllab="3"
                     ecep:pron="fɪˈɔːri">fiori</w>
                  <c> </c>
                  <w xml:id="n22cs-047270"
                     n="0032-a-0250"
                     ecep:lem="e"
                     ecep:pos="sy"
                     ecep:reg="e"
                     ecep:spe="e"
                     ecep:syllab="1"
                     ecep:pron="iː">e</w>
                  <c> </c>
                  <w xml:id="n22cs-047280"
                     n="0032-a-0260"
                     ecep:lem="l'erba"
                     ecep:pos="fw-it"
                     ecep:reg="l'erba"
                     ecep:spe="l'erba"
                     ecep:syllab="2"
                     ecep:pron="ˈelˈɜːbə">l'erba</w>
                  <pc xml:id="n22cs-047290"
                      n="0032-a-0270"
                      unit="sentence"
                      ecep:lem="."
                      ecep:pos="."
                      ecep:reg="."
                      ecep:spe=".">.</pc>
                  <c> </c>
                  <bibl>
                     <hi>
                        <w xml:id="n22cs-047310"
                           n="0032-a-0280"
                           ecep:lem="petrach"
                           ecep:pos="np1"
                           ecep:reg="Petrach"
                           ecep:spe="Petrach"
                           ecep:syllab="2"
                           ecep:pron="pˈetræk">Petrach</w>
                        <pc xml:id="n22cs-047320"
                            n="0032-a-0290"
                            ecep:lem=","
                            ecep:pos=","
                            ecep:reg=","
                            ecep:spe=",">,</pc>
                        <c> </c>
                        <w xml:id="n22cs-047330"
                           n="0032-a-0300"
                           ecep:lem="sonnetto"
                           ecep:pos="fw-mi"
                           ecep:reg="Sonnetto"
                           ecep:spe="Sonnetto"
                           ecep:syllab="3"
                           ecep:pron="sənˈetəʊ">Sonnetto</w>
                     </hi>
                     <c> </c>
                     <w xml:id="n22cs-047340"
                        n="0032-a-0310"
                        ecep:lem="112"
                        ecep:pos="crd"
                        ecep:reg="112"
                        ecep:spe="112"
                        ecep:syllab="1"
                        ecep:pron="wˈɒnhˈʌndrədəntwˈelv">112</w>
                     <pc xml:id="n22cs-047350"
                         n="0032-a-0320"
                         ecep:lem=","
                         ecep:pos=","
                         ecep:reg=","
                         ecep:spe=",">,</pc>
                     <c> </c>
                     <hi>
                        <w xml:id="n22cs-047360"
                           n="0032-a-0330"
                           ecep:lem="part"
                           ecep:pos="n1"
                           ecep:reg="Part"
                           ecep:spe="Parte"
                           ecep:syllab="2"
                           ecep:pron="pˈɑːt">Parte</w>
                        <c> </c>
                        <w xml:id="n22cs-047370"
                           n="0032-a-0340"
                           ecep:lem="primo"
                           ecep:pos="fw-la"
                           ecep:reg="primo"
                           ecep:spe="primo"
                           ecep:syllab="2"
                           ecep:pron="ˈpriːməʊ">primo</w>
                        <pc xml:id="n22cs-047380"
                            n="0032-a-0350"
                            unit="sentence"
                            ecep:lem="."
                            ecep:pos="."
                            ecep:reg="."
                            ecep:spe=".">.</pc>
                        <c> </c>
                     </hi>
                  </bibl>
               </q>
            </p>
         </note>
         <milestone n="7" type="tcpmilestone" unit="unspecified"/>
      </l>
      <l xml:id="n22cs-l00965">
         <c> </c>
         <w xml:id="n22cs-047400"
            n="0032-a-0360"
            ecep:lem="forbid"
            ecep:pos="vvz"
            ecep:reg="Forbids"
            ecep:spe="Forbids"
            ecep:syllab="2"
            ecep:pron="fəˈbɪdz">Forbids</w>
         <c> </c>
         <w xml:id="n22cs-047410"
            n="0032-a-0370"
            ecep:lem="the"
            ecep:pos="dt"
            ecep:reg="the"
            ecep:spe="the"
            ecep:syllab="1"
            ecep:pron="ðiː">the</w>
         <c> </c>
         <w xml:id="n22cs-047420"
            n="0032-a-0380"
            ecep:lem="wither"
            ecep:pos="j-vvn"
            ecep:reg="withered"
            ecep:spe="wither'd"
            ecep:syllab="2"
            ecep:pron="ˈwɪðəd">wither'd</w>
         <c> </c>
         <w xml:id="n22cs-047430"
            n="0032-a-0390"
            ecep:lem="flower"
            ecep:pos="n1"
            ecep:reg="flower"
            ecep:spe="flow'r"
            ecep:syllab="1"
            ecep:pron="flæə">flow'r</w>
         <c> </c>
         <w xml:id="n22cs-047440"
            n="0032-a-0400"
            ecep:lem="to"
            ecep:pos="pc-acp"
            ecep:reg="to"
            ecep:spe="to"
            ecep:syllab="1"
            ecep:pron="tuː">to</w>
         <c> </c>
         <w xml:id="n22cs-047450"
            n="0032-a-0410"
            ecep:lem="blow"
            ecep:pos="vvi"
            ecep:reg="blow"
            ecep:spe="blow"
            ecep:syllab="1"
            ecep:pron="bləʊ">blow</w>
         <pc xml:id="n22cs-047460"
             n="0032-a-0420"
             ecep:lem=";"
             ecep:pos=";"
             ecep:reg=";"
             ecep:spe=";">;</pc>
      </l>
      <l xml:id="n22cs-l00970">
         <c> </c>
         <w xml:id="n22cs-047470"
            n="0032-a-0430"
            ecep:lem="or"
            ecep:pos="cc"
            ecep:reg="Or"
            ecep:spe="Or"
            ecep:syllab="1"
            ecep:pron="ɔː">Or</w>
         <c> </c>
         <w xml:id="n22cs-047480"
            n="0032-a-0440"
            ecep:lem="place"
            ecep:pos="vvb"
            ecep:reg="place"
            ecep:spe="place"
            ecep:syllab="1"
            ecep:pron="pleɪs">place</w>
         <c> </c>
         <w xml:id="n22cs-047490"
            n="0032-a-0450"
            ecep:lem="i"
            ecep:pos="pno11"
            ecep:reg="me"
            ecep:spe="me"
            ecep:syllab="1"
            ecep:pron="miː">me</w>
         <c> </c>
         <w xml:id="n22cs-047500"
            n="0032-a-0460"
            ecep:lem="in"
            ecep:pos="p-acp"
            ecep:reg="in"
            ecep:spe="in"
            ecep:syllab="1"
            ecep:pron="ɪn">in</w>
         <c> </c>
         <w xml:id="n22cs-047510"
            n="0032-a-0470"
            ecep:lem="the"
            ecep:pos="dt"
            ecep:reg="the"
            ecep:spe="the"
            ecep:syllab="1"
            ecep:pron="ðiː">the</w>
         <c> </c>
         <w xml:id="n22cs-047520"
            n="0032-a-0480"
            ecep:lem="frigid"
            ecep:pos="j"
            ecep:reg="frigid"
            ecep:spe="frigid"
            ecep:syllab="2"
            ecep:pron="ˈfrɪdʒɪd">frigid</w>
         <c> </c>
         <w xml:id="n22cs-047530"
            n="0032-a-0490"
            ecep:lem="zone"
            ecep:pos="n1"
            ecep:reg="zone"
            ecep:spe="zone"
            ecep:syllab="1"
            ecep:pron="zəʊn">zone</w>
         <pc xml:id="n22cs-047540"
             n="0032-a-0500"
             ecep:lem=","
             ecep:pos=","
             ecep:reg=","
             ecep:spe=",">,</pc>
      </l>
      <l xml:id="n22cs-l00975">
         <c> </c>
         <w xml:id="n22cs-047550"
            n="0032-a-0510"
            ecep:lem="on"
            ecep:pos="p-acp"
            ecep:reg="On"
            ecep:spe="On"
            ecep:syllab="1"
            ecep:pron="ɒn">On</w>
         <c> </c>
         <w xml:id="n22cs-047560"
            n="0032-a-0520"
            ecep:lem="mountain"
            ecep:pos="n2"
            ecep:reg="mountains"
            ecep:spe="mountains"
            ecep:syllab="2"
            ecep:pron="ˈmaʊntɪnz">mountains</w>
         <c> </c>
         <w xml:id="n22cs-047570"
            n="0032-a-0530"
            ecep:lem="of"
            ecep:pos="pp-f"
            ecep:reg="of"
            ecep:spe="of"
            ecep:syllab="1"
            ecep:pron="ɒv">of</w>
         <c> </c>
         <w xml:id="n22cs-047580"
            n="0032-a-0540"
            ecep:lem="eternal"
            ecep:pos="j"
            ecep:reg="eternal"
            ecep:spe="eternal"
            ecep:syllab="3"
            ecep:pron="ɪˈtɜːnl">eternal</w>
         <c> </c>
         <w xml:id="n22cs-047590"
            n="0032-a-0550"
            ecep:lem="snow"
            ecep:pos="n1"
            ecep:reg="snow"
            ecep:spe="snow"
            ecep:syllab="1"
            ecep:pron="snəʊ">snow</w>
         <pc xml:id="n22cs-047600"
             n="0032-a-0560"
             ecep:lem=":"
             ecep:pos=":"
             ecep:reg=":"
             ecep:spe=":">:</pc>
      </l>
      <l xml:id="n22cs-l00980">
         <c> </c>
         <w xml:id="n22cs-047610"
            n="0032-a-0570"
            ecep:lem="let"
            ecep:pos="vvb"
            ecep:reg="Let"
            ecep:spe="Let"
            ecep:syllab="1"
            ecep:pron="let">Let</w>
         <c> </c>
         <w xml:id="n22cs-047620"
            n="0032-a-0580"
            ecep:lem="i"
            ecep:pos="pno11"
            ecep:reg="me"
            ecep:spe="me"
            ecep:syllab="1"
            ecep:pron="miː">me</w>
         <c> </c>
         <w xml:id="n22cs-047630"
            n="0032-a-0590"
            ecep:lem="pursue"
            ecep:pos="vvi"
            ecep:reg="pursue"
            ecep:spe="pursue"
            ecep:syllab="2"
            ecep:pron="pəˈsjuː">pursue</w>
         <c> </c>
         <w xml:id="n22cs-047640"
            n="0032-a-0600"
            ecep:lem="the"
            ecep:pos="dt"
            ecep:reg="the"
            ecep:spe="the"
            ecep:syllab="1"
            ecep:pron="ðiː">the</w>
         <c> </c>
         <w xml:id="n22cs-047650"
            n="0032-a-0610"
            ecep:lem="step"
            ecep:pos="n2"
            ecep:reg="steps"
            ecep:spe="steps"
            ecep:syllab="1"
            ecep:pron="steps">steps</w>
         <c> </c>
         <w xml:id="n22cs-047660"
            n="0032-a-0620"
            ecep:lem="of"
            ecep:pos="pp-f"
            ecep:reg="of"
            ecep:spe="of"
            ecep:syllab="1"
            ecep:pron="ɒv">of</w>
         <c> </c>
         <w xml:id="n22cs-047670"
            n="0032-a-0630"
            ecep:lem="fame"
            ecep:pos="n1"
            ecep:reg="Fame"
            ecep:spe="Fame"
            ecep:syllab="1"
            ecep:pron="feɪm">Fame</w>
         <pc xml:id="n22cs-047680"
             n="0032-a-0640"
             ecep:lem=","
             ecep:pos=","
             ecep:reg=","
             ecep:spe=",">,</pc>
      </l>
      <l xml:id="n22cs-l00985">
         <c> </c>
         <w xml:id="n22cs-047690"
            n="0032-a-0650"
            ecep:lem="or"
            ecep:pos="cc"
            ecep:reg="Or"
            ecep:spe="Or"
            ecep:syllab="1"
            ecep:pron="ɔː">Or</w>
         <c> </c>
         <w xml:id="n22cs-047700"
            n="0032-a-0660"
            ecep:lem="poverty"
            ecep:pos="ng1"
            ecep:reg="Poverty's"
            ecep:spe="Poverty's"
            ecep:syllab="3"
            ecep:pron="ˈpɒvətiz">Poverty's</w>
         <c> </c>
         <w xml:id="n22cs-047710"
            n="0032-a-0670"
            ecep:lem="more"
            ecep:pos="av-dc"
            ecep:reg="more"
            ecep:spe="more"
            ecep:syllab="1"
            ecep:pron="mɔː">more</w>
         <c> </c>
         <w xml:id="n22cs-047720"
            n="0032-a-0680"
            ecep:lem="tranquil"
            ecep:pos="j"
            ecep:reg="tranquil"
            ecep:spe="tranquil"
            ecep:syllab="2"
            ecep:pron="ˈtræŋkwɪl">tranquil</w>
         <c> </c>
         <w xml:id="n22cs-047730"
            n="0032-a-0690"
            ecep:lem="road"
            ecep:pos="n1"
            ecep:reg="road"
            ecep:spe="road"
            ecep:syllab="1"
            ecep:pron="rəʊd">road</w>
         <pc xml:id="n22cs-047740"
             n="0032-a-0700"
             ecep:lem=";"
             ecep:pos=";"
             ecep:reg=";"
             ecep:spe=";">;</pc>
      </l>
      <l xml:id="n22cs-l00990">
         <c> </c>
         <w xml:id="n22cs-047750"
            n="0032-a-0710"
            ecep:lem="let"
            ecep:pos="vvb"
            ecep:reg="Let"
            ecep:spe="Let"
            ecep:syllab="1"
            ecep:pron="let">Let</w>
         <c> </c>
         <w xml:id="n22cs-047760"
            n="0032-a-0720"
            ecep:lem="youth"
            ecep:pos="ng1"
            ecep:reg="youth's"
            ecep:spe="youth's"
            ecep:syllab="1"
            ecep:pron="ˈjuːθs">youth's</w>
         <c> </c>
         <w xml:id="n22cs-047770"
            n="0032-a-0730"
            ecep:lem="warm"
            ecep:pos="j"
            ecep:reg="warm"
            ecep:spe="warm"
            ecep:syllab="1"
            ecep:pron="wɔːm">warm</w>
         <c> </c>
         <w xml:id="n22cs-047780"
            n="0032-a-0740"
            ecep:lem="tide"
            ecep:pos="n1"
            ecep:reg="tide"
            ecep:spe="tide"
            ecep:syllab="1"
            ecep:pron="taɪd">tide</w>
         <c> </c>
         <w xml:id="n22cs-047790"
            n="0032-a-0750"
            ecep:lem="my"
            ecep:pos="po11"
            ecep:reg="my"
            ecep:spe="my"
            ecep:syllab="1"
            ecep:pron="maɪ">my</w>
         <c> </c>
         <w xml:id="n22cs-047800"
            n="0032-a-0760"
            ecep:lem="vein"
            ecep:pos="n2"
            ecep:reg="veins"
            ecep:spe="veins"
            ecep:syllab="1"
            ecep:pron="veɪnz">veins</w>
         <c> </c>
         <w xml:id="n22cs-047810"
            n="0032-a-0770"
            ecep:lem="inflame"
            ecep:pos="vvb"
            ecep:reg="inflame"
            ecep:spe="inflame"
            ecep:syllab="2"
            ecep:pron="ɪnˈfleɪm">inflame</w>
         <pc xml:id="n22cs-047820"
             n="0032-a-0780"
             ecep:lem=","
             ecep:pos=","
             ecep:reg=","
             ecep:spe=",">,</pc>
      </l>
      <l xml:id="n22cs-l00995">
         <c> </c>
         <w xml:id="n22cs-047830"
            n="0032-a-0790"
            ecep:lem="or"
            ecep:pos="cc"
            ecep:reg="Or"
            ecep:spe="Or"
            ecep:syllab="1"
            ecep:pron="ɔː">Or</w>
         <c> </c>
         <w xml:id="n22cs-047840"
            n="0032-a-0800"
            ecep:lem="sixty"
            ecep:pos="crd"
            ecep:reg="sixty"
            ecep:spe="sixty"
            ecep:syllab="2"
            ecep:pron="ˈsɪksti">sixty</w>
         <c> </c>
         <w xml:id="n22cs-047850"
            n="0032-a-0810"
            ecep:lem="winter"
            ecep:pos="n2"
            ecep:reg="winters"
            ecep:spe="winters"
            ecep:syllab="2"
            ecep:pron="ˈwɪntəz">winters</w>
         <c> </c>
         <w xml:id="n22cs-047860"
            n="0032-a-0820"
            ecep:lem="chill"
            ecep:pos="vvb"
            ecep:reg="chill"
            ecep:spe="chill"
            ecep:syllab="1"
            ecep:pron="tʃɪl">chill</w>
         <c> </c>
         <w xml:id="n22cs-047870"
            n="0032-a-0830"
            ecep:lem="my"
            ecep:pos="po11"
            ecep:reg="my"
            ecep:spe="my"
            ecep:syllab="1"
            ecep:pron="maɪ">my</w>
         <c> </c>
         <w xml:id="n22cs-047880"
            n="0032-a-0840"
            ecep:lem="blood"
            ecep:pos="n1"
            ecep:reg="blood"
            ecep:spe="blood"
            ecep:syllab="1"
            ecep:pron="blʌd">blood</w>
         <pc xml:id="n22cs-047890"
             n="0032-a-0850"
             ecep:lem=":"
             ecep:pos=":"
             ecep:reg=":"
             ecep:spe=":">:</pc>
      </l>
      <l xml:id="n22cs-l01000">
         <c> </c>
         <w xml:id="n22cs-047900"
            n="0032-a-0860"
            ecep:lem="though"
            ecep:pos="c-acp"
            ecep:reg="Though"
            ecep:spe="Tho'"
            ecep:syllab="1"
            ecep:pron="ðəʊ">Tho'</w>
         <c> </c>
         <w xml:id="n22cs-047910"
            n="0032-a-0870"
            ecep:lem="my"
            ecep:pos="po11"
            ecep:reg="my"
            ecep:spe="my"
            ecep:syllab="1"
            ecep:pron="maɪ">my</w>
         <c> </c>
         <w xml:id="n22cs-047920"
            n="0032-a-0880"
            ecep:lem="fond"
            ecep:pos="j"
            ecep:reg="fond"
            ecep:spe="fond"
            ecep:syllab="1"
            ecep:pron="fɒnd">fond</w>
         <c> </c>
         <w xml:id="n22cs-047930"
            n="0032-a-0890"
            ecep:lem="soul"
            ecep:pos="n1"
            ecep:reg="soul"
            ecep:spe="soul"
            ecep:syllab="1"
            ecep:pron="səʊl">soul</w>
         <c> </c>
         <w xml:id="n22cs-047940"
            n="0032-a-0900"
            ecep:lem="to"
            ecep:pos="p-acp"
            ecep:reg="to"
            ecep:spe="to"
            ecep:syllab="1"
            ecep:pron="tuː">to</w>
         <c> </c>
         <w xml:id="n22cs-047950"
            n="0032-a-0910"
            ecep:lem="heaven"
            ecep:pos="n1"
            ecep:reg="Heaven"
            ecep:spe="Heav'n"
            ecep:syllab="1"
            ecep:pron="ˈhevn">Heav'n</w>
         <c> </c>
         <w xml:id="n22cs-047960"
            n="0032-a-0920"
            ecep:lem="be"
            ecep:pos="vbdr"
            ecep:reg="were"
            ecep:spe="were"
            ecep:syllab="1"
            ecep:pron="wɜː">were</w>
         <c> </c>
         <w xml:id="n22cs-047970"
            n="0032-a-0930"
            ecep:lem="fly"
            ecep:pos="vvn"
            ecep:reg="flown"
            ecep:spe="flown"
            ecep:syllab="1"
            ecep:pron="fləʊn">flown</w>
         <pc xml:id="n22cs-047980"
             n="0032-a-0940"
             ecep:lem=","
             ecep:pos=","
             ecep:reg=","
             ecep:spe=",">,</pc>
      </l>
      <l xml:id="n22cs-l01005">
         <c> </c>
         <w xml:id="n22cs-047990"
            n="0032-a-0950"
            ecep:lem="or"
            ecep:pos="cc"
            ecep:reg="Or"
            ecep:spe="Or"
            ecep:syllab="1"
            ecep:pron="ɔː">Or</w>
         <c> </c>
         <w xml:id="n22cs-048000"
            n="0032-a-0960"
            ecep:lem="though"
            ecep:pos="c-acp"
            ecep:reg="though"
            ecep:spe="tho'"
            ecep:syllab="1"
            ecep:pron="ðəʊ">tho'</w>
         <c> </c>
         <w xml:id="n22cs-048010"
            n="0032-a-0970"
            ecep:lem="on"
            ecep:pos="p-acp"
            ecep:reg="on"
            ecep:spe="on"
            ecep:syllab="1"
            ecep:pron="ɒn">on</w>
         <c> </c>
         <w xml:id="n22cs-048020"
            n="0032-a-0980"
            ecep:lem="earth"
            ecep:pos="n1"
            ecep:reg="Earth"
            ecep:spe="Earth"
            ecep:syllab="1"
            ecep:pron="ɜːθ">Earth</w>
         <c> </c>
         <w xml:id="n22cs-048030"
            n="0032-a-0990"
            ecep:lem="it|be"
            ecep:pos="pn31|vbz"
            ecep:reg="it's"
            ecep:spe="'tis"
            ecep:syllab="1"
            ecep:pron="tɪz">'tis</w>
         <c> </c>
         <w xml:id="n22cs-048040"
            n="0032-a-1000"
            ecep:lem="doom"
            ecep:pos="vvn"
            ecep:reg="doomed"
            ecep:spe="doom'd"
            ecep:syllab="1"
            ecep:pron="duːmd">doom'd</w>
         <c> </c>
         <w xml:id="n22cs-048050"
            n="0032-a-1010"
            ecep:lem="to"
            ecep:pos="pc-acp"
            ecep:reg="to"
            ecep:spe="to"
            ecep:syllab="1"
            ecep:pron="tuː">to</w>
         <c> </c>
         <w xml:id="n22cs-048060"
            n="0032-a-1020"
            ecep:lem="pine"
            ecep:pos="vvi"
            ecep:reg="pine"
            ecep:spe="pine"
            ecep:syllab="1"
            ecep:pron="paɪn">pine</w>
         <pc xml:id="n22cs-048070"
             n="0032-a-1030"
             ecep:lem=","
             ecep:pos=","
             ecep:reg=","
             ecep:spe=",">,</pc>
      </l>
      <l xml:id="n22cs-l01010">
         <c> </c>
         <w xml:id="n22cs-048080"
            n="0032-a-1040"
            ecep:lem="prisoner"
            ecep:pos="n1"
            ecep:reg="Prisoner"
            ecep:spe="Prisoner"
            ecep:syllab="3"
            ecep:pron="ˈprɪznə">Prisoner</w>
         <c> </c>
         <w xml:id="n22cs-048090"
            n="0032-a-1050"
            ecep:lem="or"
            ecep:pos="cc"
            ecep:reg="or"
            ecep:spe="or"
            ecep:syllab="1"
            ecep:pron="ɔː">or</w>
         <c> </c>
         <w xml:id="n22cs-048100"
            n="0032-a-1060"
            ecep:lem="free"
            ecep:pos="j"
            ecep:reg="free"
            ecep:spe="free"
            ecep:syllab="1"
            ecep:pron="friː">free</w>
         <c> </c>
         <pc xml:id="n22cs-048110"
             n="0032-a-1070"
             ecep:lem="—"
             ecep:pos="—"
             ecep:reg="—"
             ecep:spe="—">—</pc>
         <c> </c>
         <w xml:id="n22cs-048120"
            n="0032-a-1080"
            ecep:lem="obscure"
            ecep:pos="j"
            ecep:reg="obscure"
            ecep:spe="obscure"
            ecep:syllab="2"
            ecep:pron="əbˈskjʊə">obscure</w>
         <c> </c>
         <w xml:id="n22cs-048130"
            n="0032-a-1090"
            ecep:lem="or"
            ecep:pos="cc"
            ecep:reg="or"
            ecep:spe="or"
            ecep:syllab="1"
            ecep:pron="ɔː">or</w>
         <c> </c>
         <w xml:id="n22cs-048140"
            n="0032-a-1100"
            ecep:lem="know"
            ecep:pos="vvn"
            ecep:reg="known"
            ecep:spe="known"
            ecep:syllab="1"
            ecep:pron="nəʊn">known</w>
         <pc xml:id="n22cs-048150"
             n="0032-a-1110"
             ecep:lem=","
             ecep:pos=","
             ecep:reg=","
             ecep:spe=",">,</pc>
      </l>
      <l xml:id="n22cs-l01015">
         <c> </c>
         <w xml:id="n22cs-048160"
            n="0032-a-1120"
            ecep:lem="my"
            ecep:pos="po11"
            ecep:reg="My"
            ecep:spe="My"
            ecep:syllab="1"
            ecep:pron="maɪ">My</w>
         <c> </c>
         <w xml:id="n22cs-048170"
            n="0032-a-1130"
            ecep:lem="heart"
            ecep:pos="n1"
            ecep:reg="heart"
            ecep:spe="heart"
            ecep:syllab="1"
            ecep:pron="hɑːt">heart</w>
         <pc xml:id="n22cs-048180"
             n="0032-a-1140"
             ecep:lem=","
             ecep:pos=","
             ecep:reg=","
             ecep:spe=",">,</pc>
         <c> </c>
         <w xml:id="n22cs-048190"
            n="0032-a-1150"
            ecep:lem="oh"
            ecep:pos="uh"
            ecep:reg="o"
            ecep:spe="oh"
            ecep:syllab="1"
            ecep:pron="əʊ">oh</w>
         <c> </c>
         <w xml:id="n22cs-048200"
            n="0032-a-1160"
            ecep:lem="Laura"
            ecep:pos="np1"
            ecep:reg="Laura"
            ecep:spe="Laura"
            ecep:syllab="2"
            ecep:pron="ˈlɔːrə">Laura</w>
         <pc xml:id="n22cs-048210"
             n="0032-a-1170"
             ecep:lem="!"
             ecep:pos="!"
             ecep:reg="!"
             ecep:spe="!">!</pc>
         <c> </c>
         <w xml:id="n22cs-048220"
            n="0032-a-1180"
            ecep:lem="still"
            ecep:pos="av"
            ecep:reg="still"
            ecep:spe="still"
            ecep:syllab="1"
            ecep:pron="stɪl">still</w>
         <c> </c>
         <w xml:id="n22cs-048230"
            n="0032-a-1190"
            ecep:lem="be"
            ecep:pos="vbz"
            ecep:reg="is"
            ecep:spe="is"
            ecep:syllab="1"
            ecep:pron="ɪz">is</w>
         <c> </c>
         <w xml:id="n22cs-048240"
            n="0032-a-1200"
            ecep:lem="thy"
            ecep:pos="po21"
            ecep:reg="thine"
            ecep:spe="thine"
            ecep:syllab="1"
            ecep:pron="ðaɪn">thine</w>
         <pc xml:id="n22cs-048250"
             n="0032-a-1210"
             unit="sentence"
             ecep:lem="."
             ecep:pos="."
             ecep:reg="."
             ecep:spe=".">.</pc>
         <c> </c>
      </l>
      <l xml:id="n22cs-l01020">
         <w xml:id="n22cs-048260"
            n="0032-a-1220"
            ecep:lem="whatever"
            ecep:pos="r-crq"
            ecep:reg="Whatever"
            ecep:spe="Whate'er"
            ecep:syllab="2"
            ecep:pron="wɒtˈeə">Whate'er</w>
         <c> </c>
         <w xml:id="n22cs-048270"
            n="0032-a-1230"
            ecep:lem="my"
            ecep:pos="po11"
            ecep:reg="my"
            ecep:spe="my"
            ecep:syllab="1"
            ecep:pron="maɪ">my</w>
         <c> </c>
         <w xml:id="n22cs-048280"
            n="0032-a-1240"
            ecep:lem="destiny"
            ecep:pos="n1"
            ecep:reg="destiny"
            ecep:spe="destiny"
            ecep:syllab="3"
            ecep:pron="ˈdestɪni">destiny</w>
         <c> </c>
         <w xml:id="n22cs-048290"
            n="0032-a-1250"
            ecep:lem="may"
            ecep:pos="vmb"
            ecep:reg="may"
            ecep:spe="may"
            ecep:syllab="1"
            ecep:pron="meɪ">may</w>
         <c> </c>
         <w xml:id="n22cs-048300"
            n="0032-a-1260"
            ecep:lem="be"
            ecep:pos="vbi"
            ecep:reg="be"
            ecep:spe="be"
            ecep:syllab="1"
            ecep:pron="biː">be</w>
         <pc xml:id="n22cs-048310"
             n="0032-a-1270"
             ecep:lem=","
             ecep:pos=","
             ecep:reg=","
             ecep:spe=",">,</pc>
      </l>
      <l xml:id="n22cs-l01025">
         <c> </c>
         <w xml:id="n22cs-048320"
            n="0032-a-1280"
            ecep:lem="that"
            ecep:pos="cst"
            ecep:reg="That"
            ecep:spe="That"
            ecep:syllab="1"
            ecep:pron="ðæt">That</w>
         <c> </c>
         <w xml:id="n22cs-048330"
            n="0032-a-1290"
            ecep:lem="faithful"
            ecep:pos="j"
            ecep:reg="faithful"
            ecep:spe="faithful"
            ecep:syllab="2"
            ecep:pron="ˈfeɪθfl">faithful</w>
         <c> </c>
         <w xml:id="n22cs-048340"
            n="0032-a-1300"
            ecep:lem="heart"
            ecep:pos="n1"
            ecep:reg="heart"
            ecep:spe="heart"
            ecep:syllab="1"
            ecep:pron="hɑːt">heart</w>
         <pc xml:id="n22cs-048350"
             n="0032-a-1310"
             ecep:lem=","
             ecep:pos=","
             ecep:reg=","
             ecep:spe=",">,</pc>
         <c> </c>
         <w xml:id="n22cs-048360"
            n="0032-a-1320"
            ecep:lem="still"
            ecep:pos="av"
            ecep:reg="still"
            ecep:spe="still"
            ecep:syllab="1"
            ecep:pron="stɪl">still</w>
         <c> </c>
         <w xml:id="n22cs-048370"
            n="0032-a-1330"
            ecep:lem="burn"
            ecep:pos="vvz"
            ecep:reg="burns"
            ecep:spe="burns"
            ecep:syllab="1"
            ecep:pron="bɜːnz">burns</w>
         <c> </c>
         <w xml:id="n22cs-048380"
            n="0032-a-1340"
            ecep:lem="for"
            ecep:pos="p-acp"
            ecep:reg="for"
            ecep:spe="for"
            ecep:syllab="1"
            ecep:pron="fɔː">for</w>
         <c> </c>
         <w xml:id="n22cs-048390"
            n="0032-a-1350"
            ecep:lem="thou"
            ecep:pos="pno21"
            ecep:reg="thee"
            ecep:spe="thee"
            ecep:syllab="1"
            ecep:pron="ðiː">thee</w>
         <pc xml:id="n22cs-048400"
             n="0032-a-1360"
             unit="sentence"
             ecep:lem="!"
             ecep:pos="!"
             ecep:reg="!"
             ecep:spe="!">!</pc>
         <c> </c>
      </l>
   </lg>
</div>
