<?xml version="1.0" encoding="utf-8"?>
<!DOCTYPE div
  SYSTEM "about:legacy-compat">
<div xmlns:ecep="http://www.eighteenthcenturypoetry.org/ns"
     xmlns="http://www.tei-c.org/ns/1.0"
     xmlns:tei="http://www.tei-c.org/ns/1.0"
     ana="#iamb #tetrameter #couplet #pair #satire"
     corresp="#txt_BarbMa1685_w0007"
     decls="#semi-normalized"
     ecep:syllab="8"
     met="-+|-+|-+|-+/"
     rendition="#lgvspace"
     rhyme="aa"
     subtype="eceptext"
     type="poem"
     xml:id="pba35-w0070">
   <link target="authors.xml#aut_BarbMa1685" type="author"/>
   <link target="11335" type="DMI"/>
   <head type="main">
      <w xml:id="pba35-025370"
         n="a-0010"
         ecep:lem="a"
         ecep:pos="dt"
         ecep:reg="An"
         ecep:spe="An"
         ecep:syllab="1"
         ecep:pron="æn">An</w>
      <c> </c>
      <w xml:id="pba35-025380"
         n="a-0020"
         ecep:lem="unanswerable"
         ecep:pos="j"
         ecep:reg="unanswerable"
         ecep:spe="unanswerable"
         ecep:syllab="5"
         ecep:pron="ʌnˈɑːnsrəbl">unanswerable</w>
      <c> </c>
      <w xml:id="pba35-025390"
         n="a-0030"
         ecep:lem="apology"
         ecep:pos="n1"
         ecep:reg="Apology"
         ecep:spe="Apology"
         ecep:syllab="4"
         ecep:pron="əˈpɒlədʒi">Apology</w>
      <c> </c>
      <w xml:id="pba35-025400"
         n="a-0040"
         ecep:lem="for"
         ecep:pos="p-acp"
         ecep:reg="for"
         ecep:spe="for"
         ecep:syllab="1"
         ecep:pron="fɔː">for</w>
      <c> </c>
      <w xml:id="pba35-025410"
         n="a-0050"
         ecep:lem="the"
         ecep:pos="dt"
         ecep:reg="the"
         ecep:spe="the"
         ecep:syllab="1"
         ecep:pron="ðiː">the</w>
      <c> </c>
      <w xml:id="pba35-025420"
         n="a-0060"
         ecep:lem="Rich."
         ecep:pos="np1"
         ecep:reg="Rich."
         ecep:spe="Rich."
         ecep:syllab="1"
         ecep:pron="rˈɪtʃ">Rich.</w>
      <pc unit="sentence" xml:id="pba35-025420-eos" n="a-0070"/>
   </head>
   <lg xml:id="pba35-s00190">
      <l n="1" xml:id="pba35-l01375">
         <hi rendition="#sc">
            <w xml:id="pba35-025450"
               n="a-0080"
               rend="plain_posthyphen"
               ecep:lem="all-bounteous"
               ecep:pos="j"
               ecep:reg="All-bounteous"
               ecep:spe="All-bounteous"
               ecep:syllab="3"
               ecep:pron="ɔːlˌˈbaʊntiəs">All-bounteous</w>
         </hi>
         <c> </c>
         <w xml:id="pba35-025460"
            n="a-0090"
            ecep:lem="heaven"
            ecep:pos="n1"
            ecep:reg="Heaven"
            ecep:spe="Heav'n"
            ecep:syllab="1"
            ecep:pron="ˈhevn">Heav'n</w>
         <pc xml:id="pba35-025470"
             n="a-0100"
             ecep:lem=","
             ecep:pos=","
             ecep:reg=","
             ecep:spe=",">,</pc>
         <c> </c>
         <hi>
            <w xml:id="pba35-025480"
               n="a-0110"
               ecep:lem="Castalio"
               ecep:pos="np1"
               ecep:reg="Castalio"
               ecep:spe="Castalio"
               ecep:syllab="4"
               ecep:pron="kæstˈælɪˌəʊ">Castalio</w>
         </hi>
         <c> </c>
         <w xml:id="pba35-025490"
            n="a-0120"
            ecep:lem="cry"
            ecep:pos="vvz"
            ecep:reg="cries"
            ecep:spe="cries"
            ecep:syllab="1"
            ecep:pron="kraɪz">cries</w>
         <pc xml:id="pba35-025500"
             n="a-0130"
             ecep:lem=","
             ecep:pos=","
             ecep:reg=","
             ecep:spe=",">,</pc>
      </l>
      <l n="2" xml:id="pba35-l01380">
         <c> </c>
         <w xml:id="pba35-025510"
            n="a-0140"
            ecep:lem="with"
            ecep:pos="p-acp"
            ecep:reg="With"
            ecep:spe="With"
            ecep:syllab="1"
            ecep:pron="wɪð">With</w>
         <c> </c>
         <w xml:id="pba35-025520"
            n="a-0150"
            ecep:lem="bend"
            ecep:pos="j-vvn"
            ecep:reg="bent"
            ecep:spe="bended"
            ecep:syllab="2"
            ecep:pron="bendɪd">bended</w>
         <c> </c>
         <w xml:id="pba35-025530"
            n="a-0160"
            ecep:lem="knee"
            ecep:pos="n2"
            ecep:reg="Knees"
            ecep:spe="Knees"
            ecep:syllab="1"
            ecep:pron="niːz">Knees</w>
         <pc xml:id="pba35-025540"
             n="a-0170"
             ecep:lem=","
             ecep:pos=","
             ecep:reg=","
             ecep:spe=",">,</pc>
         <c> </c>
         <w xml:id="pba35-025550"
            n="a-0180"
            ecep:lem="and"
            ecep:pos="cc"
            ecep:reg="and"
            ecep:spe="and"
            ecep:syllab="1"
            ecep:pron="ænd">and</w>
         <c> </c>
         <w xml:id="pba35-025560"
            n="a-0190"
            ecep:lem="lift"
            ecep:pos="vvd"
            ecep:reg="lifted"
            ecep:spe="lifted"
            ecep:syllab="2"
            ecep:pron="lɪftɪd">lifted</w>
         <c> </c>
         <w xml:id="pba35-025570"
            n="a-0200"
            ecep:lem="eye"
            ecep:pos="n2"
            ecep:reg="Eyes"
            ecep:spe="Eyes"
            ecep:syllab="1"
            ecep:pron="aɪz">Eyes</w>
         <pc xml:id="pba35-025580"
             n="a-0210"
             ecep:lem=","
             ecep:pos=","
             ecep:reg=","
             ecep:spe=",">,</pc>
      </l>
      <l n="3" xml:id="pba35-l01385">
         <c> </c>
         <w xml:id="pba35-025590"
            n="a-0220"
            ecep:lem="when"
            ecep:pos="c-crq"
            ecep:reg="When"
            ecep:spe="When"
            ecep:syllab="1"
            ecep:pron="wen">When</w>
         <c> </c>
         <w xml:id="pba35-025600"
            n="a-0230"
            ecep:lem="shall"
            ecep:pos="vmb"
            ecep:reg="shall"
            ecep:spe="shall"
            ecep:syllab="1"
            ecep:pron="ʃæl">shall</w>
         <c> </c>
         <w xml:id="pba35-025610"
            n="a-0240"
            ecep:lem="i"
            ecep:pos="pns11"
            ecep:reg="I"
            ecep:spe="I"
            ecep:syllab="1"
            ecep:pron="aɪ">I</w>
         <c> </c>
         <w xml:id="pba35-025620"
            n="a-0250"
            ecep:lem="have"
            ecep:pos="vhi"
            ecep:reg="have"
            ecep:spe="have"
            ecep:syllab="1"
            ecep:pron="hæv">have</w>
         <c> </c>
         <w xml:id="pba35-025630"
            n="a-0260"
            ecep:lem="the"
            ecep:pos="dt"
            ecep:reg="the"
            ecep:spe="the"
            ecep:syllab="1"
            ecep:pron="ðiː">the</w>
         <c> </c>
         <w xml:id="pba35-025640"
            n="a-0270"
            ecep:lem="power"
            ecep:pos="n1"
            ecep:reg="Power"
            ecep:spe="Pow'r"
            ecep:syllab="1"
            ecep:pron="ˈpaʊə">Pow'r</w>
         <c> </c>
         <w xml:id="pba35-025650"
            n="a-0280"
            ecep:lem="to"
            ecep:pos="pc-acp"
            ecep:reg="to"
            ecep:spe="to"
            ecep:syllab="1"
            ecep:pron="tuː">to</w>
         <c> </c>
         <w xml:id="pba35-025660"
            n="a-0290"
            ecep:lem="bless"
            ecep:pos="vvi"
            ecep:reg="bless"
            ecep:spe="bless"
            ecep:syllab="1"
            ecep:pron="bles">bless</w>
         <pc xml:id="pba35-025670"
             n="a-0300"
             ecep:lem=","
             ecep:pos=","
             ecep:reg=","
             ecep:spe=",">,</pc>
      </l>
      <l n="4" xml:id="pba35-l01390">
         <c> </c>
         <w xml:id="pba35-025680"
            n="a-0310"
            ecep:lem="and"
            ecep:pos="cc"
            ecep:reg="And"
            ecep:spe="And"
            ecep:syllab="1"
            ecep:pron="ænd">And</w>
         <c> </c>
         <w xml:id="pba35-025690"
            n="a-0320"
            ecep:lem="raise"
            ecep:pos="vvi"
            ecep:reg="raise"
            ecep:spe="raise"
            ecep:syllab="1"
            ecep:pron="reɪz">raise</w>
         <c> </c>
         <w xml:id="pba35-025700"
            n="a-0330"
            ecep:lem="up"
            ecep:pos="a-acp"
            ecep:reg="up"
            ecep:spe="up"
            ecep:syllab="1"
            ecep:pron="ʌp">up</w>
         <c> </c>
         <w xml:id="pba35-025710"
            n="a-0340"
            ecep:lem="merit"
            ecep:pos="n1"
            ecep:reg="Merit"
            ecep:spe="Merit"
            ecep:syllab="2"
            ecep:pron="ˈmerɪt">Merit</w>
         <c> </c>
         <w xml:id="pba35-025720"
            n="a-0350"
            ecep:lem="in"
            ecep:pos="p-acp"
            ecep:reg="in"
            ecep:spe="in"
            ecep:syllab="1"
            ecep:pron="ɪn">in</w>
         <c> </c>
         <w xml:id="pba35-025730"
            n="a-0360"
            ecep:lem="distress"
            ecep:pos="n1"
            ecep:reg="Distress"
            ecep:spe="Distress"
            ecep:syllab="2"
            ecep:pron="dɪˈstres">Distress</w>
         <pc xml:id="pba35-025740"
             n="a-0370"
             unit="sentence"
             ecep:lem="?"
             ecep:pos="?"
             ecep:reg="?"
             ecep:spe="?">?</pc>
         <c> </c>
      </l>
   </lg>
   <lg xml:id="pba35-s00195">
      <l n="5" xml:id="pba35-l01395">
         <hi rendition="#sc">
            <w xml:id="pba35-025770"
               n="a-0380"
               ecep:lem="how"
               ecep:pos="q-crq"
               ecep:reg="How"
               ecep:spe="How"
               ecep:syllab="1"
               ecep:pron="haʊ">How</w>
         </hi>
         <c> </c>
         <w xml:id="pba35-025780"
            n="a-0390"
            ecep:lem="do"
            ecep:pos="vdb"
            ecep:reg="do"
            ecep:spe="do"
            ecep:syllab="1"
            ecep:pron="duː">do</w>
         <c> </c>
         <w xml:id="pba35-025790"
            n="a-0400"
            ecep:lem="our"
            ecep:pos="po12"
            ecep:reg="our"
            ecep:spe="our"
            ecep:syllab="1"
            ecep:pron="æə">our</w>
         <c> </c>
         <w xml:id="pba35-025800"
            n="a-0410"
            ecep:lem="heart"
            ecep:pos="n2"
            ecep:reg="Hearts"
            ecep:spe="Hearts"
            ecep:syllab="1"
            ecep:pron="hɑːts">Hearts</w>
         <c> </c>
         <w xml:id="pba35-025810"
            n="a-0420"
            ecep:lem="deceive"
            ecep:pos="vvb"
            ecep:reg="deceive"
            ecep:spe="deceive"
            ecep:syllab="2"
            ecep:pron="dɪˈsiːv">deceive</w>
         <c> </c>
         <w xml:id="pba35-025820"
            n="a-0430"
            ecep:lem="we"
            ecep:pos="pno12"
            ecep:reg="us"
            ecep:spe="us"
            ecep:syllab="1"
            ecep:pron="ʌs">us</w>
         <c> </c>
         <w xml:id="pba35-025830"
            n="a-0440"
            ecep:lem="here"
            ecep:pos="av"
            ecep:reg="here"
            ecep:spe="here"
            ecep:syllab="1"
            ecep:pron="hɪə">here</w>
         <pc xml:id="pba35-025840"
             n="a-0450"
             unit="sentence"
             ecep:lem="!"
             ecep:pos="!"
             ecep:reg="!"
             ecep:spe="!">!</pc>
         <c> </c>
      </l>
      <l n="6" xml:id="pba35-l01400">
         <w xml:id="pba35-025850"
            n="a-0460"
            ecep:lem="he"
            ecep:pos="pns31"
            ecep:reg="He"
            ecep:spe="He"
            ecep:syllab="1"
            ecep:pron="hiː">He</w>
         <c> </c>
         <w xml:id="pba35-025860"
            n="a-0470"
            ecep:lem="get"
            ecep:pos="vvz"
            ecep:reg="gets"
            ecep:spe="gets"
            ecep:syllab="1"
            ecep:pron="gets">gets</w>
         <c> </c>
         <w xml:id="pba35-025870"
            n="a-0480"
            ecep:lem="ten"
            ecep:pos="crd"
            ecep:reg="ten"
            ecep:spe="ten"
            ecep:syllab="1"
            ecep:pron="ten">ten</w>
         <c> </c>
         <w xml:id="pba35-025880"
            n="a-0490"
            ecep:lem="thousand"
            ecep:pos="crd"
            ecep:reg="thousand"
            ecep:spe="thousand"
            ecep:syllab="2"
            ecep:pron="ˈθaʊznd">thousand</w>
         <c> </c>
         <w xml:id="pba35-025890"
            n="a-0500"
            ecep:lem="pound"
            ecep:pos="n2"
            ecep:reg="Pounds"
            ecep:spe="Pounds"
            ecep:syllab="1"
            ecep:pron="paʊndz">Pounds</w>
         <c> </c>
         <w xml:id="pba35-025900"
            n="a-0510"
            ecep:lem="a"
            ecep:pos="dt"
            ecep:reg="a"
            ecep:spe="a"
            ecep:syllab="1"
            ecep:pron="ə">a</w>
         <c> </c>
         <w xml:id="pba35-025910"
            n="a-0520"
            ecep:lem="year"
            ecep:pos="n1"
            ecep:reg="Year"
            ecep:spe="Year"
            ecep:syllab="1"
            ecep:pron="jɪə">Year</w>
         <pc xml:id="pba35-025920"
             n="a-0530"
             unit="sentence"
             ecep:lem="."
             ecep:pos="."
             ecep:reg="."
             ecep:spe=".">.</pc>
         <c> </c>
      </l>
      <l n="7" xml:id="pba35-l01405">
         <w xml:id="pba35-025930"
            n="a-0540"
            ecep:lem="with"
            ecep:pos="p-acp"
            ecep:reg="With"
            ecep:spe="With"
            ecep:syllab="1"
            ecep:pron="wɪð">With</w>
         <c> </c>
         <w xml:id="pba35-025940"
            n="a-0550"
            ecep:lem="this"
            ecep:pos="d"
            ecep:reg="this"
            ecep:spe="this"
            ecep:syllab="1"
            ecep:pron="ðɪs">this</w>
         <c> </c>
         <w xml:id="pba35-025950"
            n="a-0560"
            ecep:lem="the"
            ecep:pos="dt"
            ecep:reg="the"
            ecep:spe="the"
            ecep:syllab="1"
            ecep:pron="ðiː">the</w>
         <c> </c>
         <w xml:id="pba35-025960"
            n="a-0570"
            ecep:lem="pious"
            ecep:pos="j"
            ecep:reg="pious"
            ecep:spe="pious"
            ecep:syllab="2"
            ecep:pron="ˈpaɪəs">pious</w>
         <c> </c>
         <w xml:id="pba35-025970"
            n="a-0580"
            ecep:lem="youth"
            ecep:pos="n1"
            ecep:reg="Youth"
            ecep:spe="Youth"
            ecep:syllab="1"
            ecep:pron="juːθ">Youth</w>
         <c> </c>
         <w xml:id="pba35-025980"
            n="a-0590"
            ecep:lem="be"
            ecep:pos="vbz"
            ecep:reg="is"
            ecep:spe="is"
            ecep:syllab="1"
            ecep:pron="ɪz">is</w>
         <c> </c>
         <w xml:id="pba35-025990"
            n="a-0600"
            ecep:lem="able"
            ecep:pos="j"
            ecep:reg="able"
            ecep:spe="able"
            ecep:syllab="2"
            ecep:pron="ˈeɪbl">able</w>
      </l>
      <l n="8" xml:id="pba35-l01410">
         <c> </c>
         <w xml:id="pba35-026000"
            n="a-0610"
            ecep:lem="to"
            ecep:pos="pc-acp"
            ecep:reg="To"
            ecep:spe="To"
            ecep:syllab="1"
            ecep:pron="tuː">To</w>
         <c> </c>
         <w xml:id="pba35-026010"
            n="a-0620"
            ecep:lem="build"
            ecep:pos="vvi"
            ecep:reg="build"
            ecep:spe="build"
            ecep:syllab="1"
            ecep:pron="bɪld">build</w>
         <pc xml:id="pba35-026020"
             n="a-0630"
             ecep:lem=","
             ecep:pos=","
             ecep:reg=","
             ecep:spe=",">,</pc>
         <c> </c>
         <w xml:id="pba35-026030"
            n="a-0640"
            ecep:lem="and"
            ecep:pos="cc"
            ecep:reg="and"
            ecep:spe="and"
            ecep:syllab="1"
            ecep:pron="ænd">and</w>
         <c> </c>
         <w xml:id="pba35-026040"
            n="a-0650"
            ecep:lem="plant"
            ecep:pos="vvi"
            ecep:reg="plant"
            ecep:spe="plant"
            ecep:syllab="1"
            ecep:pron="plɑːnt">plant</w>
         <pc xml:id="pba35-026050"
             n="a-0660"
             ecep:lem=","
             ecep:pos=","
             ecep:reg=","
             ecep:spe=",">,</pc>
         <c> </c>
         <w xml:id="pba35-026060"
            n="a-0670"
            ecep:lem="and"
            ecep:pos="cc"
            ecep:reg="and"
            ecep:spe="and"
            ecep:syllab="1"
            ecep:pron="ænd">and</w>
         <c> </c>
         <w xml:id="pba35-026070"
            n="a-0680"
            ecep:lem="keep"
            ecep:pos="vvi"
            ecep:reg="keep"
            ecep:spe="keep"
            ecep:syllab="1"
            ecep:pron="kiːp">keep</w>
         <c> </c>
         <w xml:id="pba35-026080"
            n="a-0690"
            ecep:lem="a"
            ecep:pos="dt"
            ecep:reg="a"
            ecep:spe="a"
            ecep:syllab="1"
            ecep:pron="ə">a</w>
         <c> </c>
         <w xml:id="pba35-026090"
            n="a-0700"
            ecep:lem="table"
            ecep:pos="n1"
            ecep:reg="Table"
            ecep:spe="Table"
            ecep:syllab="2"
            ecep:pron="ˈteɪbl">Table</w>
         <pc xml:id="pba35-026100"
             n="a-0710"
             unit="sentence"
             ecep:lem="."
             ecep:pos="."
             ecep:reg="."
             ecep:spe=".">.</pc>
         <c> </c>
      </l>
      <l n="9" xml:id="pba35-l01415">
         <w xml:id="pba35-026110"
            n="a-0720"
            ecep:lem="but"
            ecep:pos="p-acp"
            ecep:reg="But"
            ecep:spe="But"
            ecep:syllab="1"
            ecep:pron="bʌt">But</w>
         <c> </c>
         <w xml:id="pba35-026120"
            n="a-0730"
            ecep:lem="then"
            ecep:pos="av"
            ecep:reg="then"
            ecep:spe="then"
            ecep:syllab="1"
            ecep:pron="ðen">then</w>
         <c> </c>
         <w xml:id="pba35-026130"
            n="a-0740"
            ecep:lem="the"
            ecep:pos="dt"
            ecep:reg="the"
            ecep:spe="the"
            ecep:syllab="1"
            ecep:pron="ðiː">the</w>
         <c> </c>
         <w xml:id="pba35-026140"
            n="a-0750"
            ecep:lem="poor"
            ecep:pos="j"
            ecep:reg="Poor"
            ecep:spe="Poor"
            ecep:syllab="1"
            ecep:pron="pɔː">Poor</w>
         <c> </c>
         <w xml:id="pba35-026150"
            n="a-0760"
            ecep:lem="he"
            ecep:pos="pns31"
            ecep:reg="he"
            ecep:spe="he"
            ecep:syllab="1"
            ecep:pron="hiː">he</w>
         <c> </c>
         <w xml:id="pba35-026160"
            n="a-0770"
            ecep:lem="must"
            ecep:pos="vmb"
            ecep:reg="must"
            ecep:spe="must"
            ecep:syllab="1"
            ecep:pron="mʌst">must</w>
         <c> </c>
         <w xml:id="pba35-026170"
            n="a-0780"
            ecep:lem="not"
            ecep:pos="xx"
            ecep:reg="not"
            ecep:spe="not"
            ecep:syllab="1"
            ecep:pron="nɒt">not</w>
         <c> </c>
         <w xml:id="pba35-026180"
            n="a-0790"
            ecep:lem="treat"
            ecep:pos="vvi"
            ecep:reg="treat"
            ecep:spe="treat"
            ecep:syllab="1"
            ecep:pron="triːt">treat</w>
         <pc xml:id="pba35-026190"
             n="a-0800"
             ecep:lem=":"
             ecep:pos=":"
             ecep:reg=":"
             ecep:spe=":">:</pc>
      </l>
      <l n="10" xml:id="pba35-l01420">
         <c> </c>
         <w xml:id="pba35-026200"
            n="a-0810"
            ecep:lem="who"
            ecep:pos="q-crq"
            ecep:reg="Who"
            ecep:spe="Who"
            ecep:syllab="1"
            ecep:pron="huː">Who</w>
         <c> </c>
         <w xml:id="pba35-026210"
            n="a-0820"
            ecep:lem="ask"
            ecep:pos="vvz"
            ecep:reg="asks"
            ecep:spe="asks"
            ecep:syllab="1"
            ecep:pron="ɑːsks">asks</w>
         <c> </c>
         <w xml:id="pba35-026220"
            n="a-0830"
            ecep:lem="the"
            ecep:pos="dt"
            ecep:reg="the"
            ecep:spe="the"
            ecep:syllab="1"
            ecep:pron="ðiː">the</w>
         <c> </c>
         <w xml:id="pba35-026230"
            n="a-0840"
            ecep:lem="wretch"
            ecep:pos="n1"
            ecep:reg="Wretch"
            ecep:spe="Wretch"
            ecep:syllab="1"
            ecep:pron="retʃ">Wretch</w>
         <pc xml:id="pba35-026240"
             n="a-0850"
             ecep:lem=","
             ecep:pos=","
             ecep:reg=","
             ecep:spe=",">,</pc>
         <c> </c>
         <w xml:id="pba35-026250"
            n="a-0860"
            ecep:lem="that"
            ecep:pos="cst"
            ecep:reg="that"
            ecep:spe="that"
            ecep:syllab="1"
            ecep:pron="ðæt">that</w>
         <c> </c>
         <w xml:id="pba35-026260"
            n="a-0870"
            ecep:lem="want"
            ecep:pos="vvz"
            ecep:reg="wants"
            ecep:spe="wants"
            ecep:syllab="1"
            ecep:pron="wɒnts">wants</w>
         <c> </c>
         <w xml:id="pba35-026270"
            n="a-0880"
            ecep:lem="to"
            ecep:pos="pc-acp"
            ecep:reg="to"
            ecep:spe="to"
            ecep:syllab="1"
            ecep:pron="tuː">to</w>
         <c> </c>
         <w xml:id="pba35-026280"
            n="a-0890"
            ecep:lem="eat"
            ecep:pos="vvi"
            ecep:reg="eat"
            ecep:spe="eat"
            ecep:syllab="1"
            ecep:pron="iːt">eat</w>
         <pc xml:id="pba35-026290"
             n="a-0900"
             unit="sentence"
             ecep:lem="?"
             ecep:pos="?"
             ecep:reg="?"
             ecep:spe="?">?</pc>
         <c> </c>
      </l>
      <l n="11" xml:id="pba35-l01425">
         <w xml:id="pba35-026300"
            n="a-0910"
            ecep:lem="alas"
            ecep:pos="uh"
            ecep:reg="Alas"
            ecep:spe="Alas"
            ecep:syllab="2"
            ecep:pron="əˈlæs">Alas</w>
         <pc xml:id="pba35-026310"
             n="a-0920"
             ecep:lem="!"
             ecep:pos="!"
             ecep:reg="!"
             ecep:spe="!">!</pc>
         <c> </c>
         <w xml:id="pba35-026320"
            n="a-0930"
            ecep:lem="to"
            ecep:pos="pc-acp"
            ecep:reg="to"
            ecep:spe="to"
            ecep:syllab="1"
            ecep:pron="tuː">to</w>
         <c> </c>
         <w xml:id="pba35-026330"
            n="a-0940"
            ecep:lem="ease"
            ecep:pos="vvi"
            ecep:reg="ease"
            ecep:spe="ease"
            ecep:syllab="1"
            ecep:pron="iːz">ease</w>
         <c> </c>
         <w xml:id="pba35-026340"
            n="a-0950"
            ecep:lem="their"
            ecep:pos="po32"
            ecep:reg="their"
            ecep:spe="their"
            ecep:syllab="1"
            ecep:pron="ðeə">their</w>
         <c> </c>
         <w xml:id="pba35-026350"
            n="a-0960"
            ecep:lem="woe"
            ecep:pos="n2"
            ecep:reg="Woes"
            ecep:spe="Woes"
            ecep:syllab="1"
            ecep:pron="wəʊz">Woes</w>
         <c> </c>
         <w xml:id="pba35-026360"
            n="a-0970"
            ecep:lem="he"
            ecep:pos="pns31"
            ecep:reg="he"
            ecep:spe="he"
            ecep:syllab="1"
            ecep:pron="hiː">he</w>
         <c> </c>
         <w xml:id="pba35-026370"
            n="a-0980"
            ecep:lem="wish"
            ecep:pos="vvz"
            ecep:reg="wishes"
            ecep:spe="wishes"
            ecep:syllab="2"
            ecep:pron="wɪʃɪz">wishes</w>
         <pc xml:id="pba35-026380"
             n="a-0990"
             ecep:lem=";"
             ecep:pos=";"
             ecep:reg=";"
             ecep:spe=";">;</pc>
      </l>
      <l n="12" xml:id="pba35-l01430">
         <c> </c>
         <w xml:id="pba35-026390"
            n="a-1000"
            ecep:lem="but"
            ecep:pos="cc-acp"
            ecep:reg="But"
            ecep:spe="But"
            ecep:syllab="1"
            ecep:pron="bʌt">But</w>
         <c> </c>
         <w xml:id="pba35-026400"
            n="a-1010"
            ecep:lem="can"
            ecep:pos="vmbx"
            ecep:reg="cannot"
            ecep:spe="cannot"
            ecep:syllab="2"
            ecep:pron="ˈkænɒt">cannot</w>
         <c> </c>
         <w xml:id="pba35-026410"
            n="a-1020"
            ecep:lem="live"
            ecep:pos="vvi"
            ecep:reg="live"
            ecep:spe="live"
            ecep:syllab="1"
            ecep:pron="lɪv">live</w>
         <c> </c>
         <w xml:id="pba35-026420"
            n="a-1030"
            ecep:lem="without"
            ecep:pos="p-acp"
            ecep:reg="without"
            ecep:spe="without"
            ecep:syllab="2"
            ecep:pron="wɪˈðaʊt">without</w>
         <c> </c>
         <hi>
            <w xml:id="pba35-026430"
               n="a-1040"
               ecep:lem="ten"
               ecep:pos="crd"
               ecep:reg="Ten"
               ecep:spe="Ten"
               ecep:syllab="1"
               ecep:pron="ten">Ten</w>
         </hi>
         <c> </c>
         <w xml:id="pba35-026440"
            n="a-1050"
            ecep:lem="dish"
            ecep:pos="n2"
            ecep:reg="Dishes"
            ecep:spe="Dishes"
            ecep:syllab="2"
            ecep:pron="dɪʃɪz">Dishes</w>
         <pc xml:id="pba35-026450"
             n="a-1060"
             ecep:lem=":"
             ecep:pos=":"
             ecep:reg=":"
             ecep:spe=":">:</pc>
      </l>
      <l n="13" xml:id="pba35-l01435">
         <c> </c>
         <w xml:id="pba35-026460"
            n="a-1070"
            ecep:lem="though"
            ecep:pos="c-acp"
            ecep:reg="Though"
            ecep:spe="Tho'"
            ecep:syllab="1"
            ecep:pron="ðəʊ">Tho'</w>
         <c> </c>
         <hi>
            <w xml:id="pba35-026470"
               n="a-1080"
               ecep:lem="six"
               ecep:pos="crd"
               ecep:reg="Six"
               ecep:spe="Six"
               ecep:syllab="1"
               ecep:pron="sɪks">Six</w>
         </hi>
         <c> </c>
         <w xml:id="pba35-026480"
            n="a-1090"
            ecep:lem="will"
            ecep:pos="vmd"
            ecep:reg="would"
            ecep:spe="would"
            ecep:syllab="1"
            ecep:pron="wʊd">would</w>
         <c> </c>
         <w xml:id="pba35-026490"
            n="a-1100"
            ecep:lem="serve"
            ecep:pos="vvi"
            ecep:reg="serve"
            ecep:spe="serve"
            ecep:syllab="1"
            ecep:pron="sɜːv">serve</w>
         <c> </c>
         <w xml:id="pba35-026500"
            n="a-1110"
            ecep:lem="as"
            ecep:pos="c-acp"
            ecep:reg="as"
            ecep:spe="as"
            ecep:syllab="1"
            ecep:pron="æz">as</w>
         <c> </c>
         <w xml:id="pba35-026510"
            n="a-1120"
            ecep:lem="well"
            ecep:pos="av"
            ecep:reg="well"
            ecep:spe="well"
            ecep:syllab="1"
            ecep:pron="wel">well</w>
         <pc xml:id="pba35-026520"
             n="a-1130"
             ecep:lem=","
             ecep:pos=","
             ecep:reg=","
             ecep:spe=",">,</pc>
         <c> </c>
         <w xml:id="pba35-026530"
            n="a-1140"
            ecep:lem="it|be"
            ecep:pos="pn31|vbz"
            ecep:reg="it's"
            ecep:spe="'tis"
            ecep:syllab="1"
            ecep:pron="tɪz">'tis</w>
         <c> </c>
         <w xml:id="pba35-026540"
            n="a-1150"
            ecep:lem="true"
            ecep:pos="j"
            ecep:reg="true"
            ecep:spe="true"
            ecep:syllab="1"
            ecep:pron="truː">true</w>
         <pc xml:id="pba35-026550"
             n="a-1160"
             ecep:lem=";"
             ecep:pos=";"
             ecep:reg=";"
             ecep:spe=";">;</pc>
      </l>
      <l n="14" xml:id="pba35-l01440">
         <c> </c>
         <w xml:id="pba35-026560"
            n="a-1170"
            ecep:lem="but"
            ecep:pos="cc-acp"
            ecep:reg="But"
            ecep:spe="But"
            ecep:syllab="1"
            ecep:pron="bʌt">But</w>
         <c> </c>
         <w xml:id="pba35-026570"
            n="a-1180"
            ecep:lem="one"
            ecep:pos="pi"
            ecep:reg="one"
            ecep:spe="one"
            ecep:syllab="1"
            ecep:pron="wʌn">one</w>
         <c> </c>
         <w xml:id="pba35-026580"
            n="a-1190"
            ecep:lem="must"
            ecep:pos="vmb"
            ecep:reg="must"
            ecep:spe="must"
            ecep:syllab="1"
            ecep:pron="mʌst">must</w>
         <c> </c>
         <w xml:id="pba35-026590"
            n="a-1200"
            ecep:lem="live"
            ecep:pos="vvi"
            ecep:reg="live"
            ecep:spe="live"
            ecep:syllab="1"
            ecep:pron="lɪv">live</w>
         <pc xml:id="pba35-026600"
             n="a-1210"
             ecep:lem=","
             ecep:pos=","
             ecep:reg=","
             ecep:spe=",">,</pc>
         <c> </c>
         <w xml:id="pba35-026610"
            n="a-1220"
            ecep:lem="as"
            ecep:pos="c-acp"
            ecep:reg="as"
            ecep:spe="as"
            ecep:syllab="1"
            ecep:pron="æz">as</w>
         <c> </c>
         <w xml:id="pba35-026620"
            n="a-1230"
            ecep:lem="other"
            ecep:pos="n2-jn"
            ecep:reg="others"
            ecep:spe="others"
            ecep:syllab="2"
            ecep:pron="ˈʌðəz">others</w>
         <c> </c>
         <w xml:id="pba35-026630"
            n="a-1240"
            ecep:lem="do"
            ecep:pos="vdb"
            ecep:reg="do"
            ecep:spe="do"
            ecep:syllab="1"
            ecep:pron="duː">do</w>
         <pc xml:id="pba35-026640"
             n="a-1250"
             unit="sentence"
             ecep:lem="."
             ecep:pos="."
             ecep:reg="."
             ecep:spe=".">.</pc>
         <c> </c>
      </l>
      <pb n="18" rend="none"/>
      <l n="15" xml:id="pba35-l01445">
         <w xml:id="pba35-026650"
            n="a-0010"
            ecep:lem="he"
            ecep:pos="pns31"
            ecep:reg="He"
            ecep:spe="He"
            ecep:syllab="1"
            ecep:pron="hiː">He</w>
         <c> </c>
         <w xml:id="pba35-026660"
            n="a-0020"
            ecep:lem="now"
            ecep:pos="av"
            ecep:reg="now"
            ecep:spe="now"
            ecep:syllab="1"
            ecep:pron="naʊ">now</w>
         <c> </c>
         <w xml:id="pba35-026670"
            n="a-0030"
            ecep:lem="feel"
            ecep:pos="vvz"
            ecep:reg="feels"
            ecep:spe="feels"
            ecep:syllab="1"
            ecep:pron="fiːlz">feels</w>
         <c> </c>
         <w xml:id="pba35-026680"
            n="a-0040"
            ecep:lem="want"
            ecep:pos="vvz"
            ecep:reg="Wants"
            ecep:spe="Wants"
            ecep:syllab="1"
            ecep:pron="wɒnts">Wants</w>
         <c> </c>
         <w xml:id="pba35-026690"
            n="a-0050"
            ecep:lem="unknown"
            ecep:pos="j"
            ecep:reg="unknown"
            ecep:spe="unknown"
            ecep:syllab="2"
            ecep:pron="ʌnˈnəʊn">unknown</w>
         <c> </c>
         <w xml:id="pba35-026700"
            n="a-0060"
            ecep:lem="before"
            ecep:pos="p-acp"
            ecep:reg="before"
            ecep:spe="before"
            ecep:syllab="2"
            ecep:pron="bɪˈfɔː">before</w>
         <pc xml:id="pba35-026710"
             n="a-0070"
             ecep:lem=","
             ecep:pos=","
             ecep:reg=","
             ecep:spe=",">,</pc>
      </l>
      <l n="16" xml:id="pba35-l01450">
         <c> </c>
         <w xml:id="pba35-026720"
            n="a-0080"
            ecep:lem="want"
            ecep:pos="vvz"
            ecep:reg="Wants"
            ecep:spe="Wants"
            ecep:syllab="1"
            ecep:pron="wɒnts">Wants</w>
         <c> </c>
         <w xml:id="pba35-026730"
            n="a-0090"
            ecep:lem="still"
            ecep:pos="av"
            ecep:reg="still"
            ecep:spe="still"
            ecep:syllab="1"
            ecep:pron="stɪl">still</w>
         <c> </c>
         <w xml:id="pba35-026740"
            n="a-0100"
            ecep:lem="increase"
            ecep:pos="vvg"
            ecep:reg="increasing"
            ecep:spe="increasing"
            ecep:syllab="3"
            ecep:pron="ɪnˈkriːsɪŋ">increasing</w>
         <c> </c>
         <w xml:id="pba35-026750"
            n="a-0110"
            ecep:lem="with"
            ecep:pos="p-acp"
            ecep:reg="with"
            ecep:spe="with"
            ecep:syllab="1"
            ecep:pron="wɪð">with</w>
         <c> </c>
         <w xml:id="pba35-026760"
            n="a-0120"
            ecep:lem="his"
            ecep:pos="po31"
            ecep:reg="his"
            ecep:spe="his"
            ecep:syllab="1"
            ecep:pron="hɪz">his</w>
         <c> </c>
         <w xml:id="pba35-026770"
            n="a-0130"
            ecep:lem="store"
            ecep:pos="n1"
            ecep:reg="Store"
            ecep:spe="Store"
            ecep:syllab="1"
            ecep:pron="stɔː">Store</w>
         <pc xml:id="pba35-026780"
             n="a-0140"
             unit="sentence"
             ecep:lem="."
             ecep:pos="."
             ecep:reg="."
             ecep:spe=".">.</pc>
         <c> </c>
      </l>
      <l n="17" xml:id="pba35-l01455">
         <w xml:id="pba35-026790"
            n="a-0150"
            ecep:lem="the"
            ecep:pos="dt"
            ecep:reg="The"
            ecep:spe="The"
            ecep:syllab="1"
            ecep:pron="ðiː">The</w>
         <c> </c>
         <w xml:id="pba35-026800"
            n="a-0160"
            ecep:lem="good"
            ecep:pos="j"
            ecep:reg="good"
            ecep:spe="good"
            ecep:syllab="1"
            ecep:pron="gʊd">good</w>
         <c> </c>
         <hi>
            <w xml:id="pba35-026810"
               n="a-0170"
               ecep:lem="Castalio"
               ecep:pos="np1"
               ecep:reg="Castalio"
               ecep:spe="Castalio"
               ecep:syllab="4"
               ecep:pron="kæstˈælɪˌəʊ">Castalio</w>
         </hi>
         <c> </c>
         <w xml:id="pba35-026820"
            n="a-0180"
            ecep:lem="must"
            ecep:pos="vmb"
            ecep:reg="must"
            ecep:spe="must"
            ecep:syllab="1"
            ecep:pron="mʌst">must</w>
         <c> </c>
         <w xml:id="pba35-026830"
            n="a-0190"
            ecep:lem="provide"
            ecep:pos="vvi"
            ecep:reg="provide"
            ecep:spe="provide"
            ecep:syllab="2"
            ecep:pron="prəˈvaɪd">provide</w>
      </l>
      <l n="18" xml:id="pba35-l01460">
         <c> </c>
         <w xml:id="pba35-026840"
            n="a-0200"
            ecep:lem="brocade"
            ecep:pos="n1"
            ecep:reg="Brocade"
            ecep:spe="Brocade"
            ecep:syllab="2"
            ecep:pron="brəˈkeɪd">Brocade</w>
         <pc xml:id="pba35-026850"
             n="a-0210"
             ecep:lem=","
             ecep:pos=","
             ecep:reg=","
             ecep:spe=",">,</pc>
         <c> </c>
         <w xml:id="pba35-026860"
            n="a-0220"
            ecep:lem="and"
            ecep:pos="cc"
            ecep:reg="and"
            ecep:spe="and"
            ecep:syllab="1"
            ecep:pron="ænd">and</w>
         <c> </c>
         <w xml:id="pba35-026870"
            n="a-0230"
            ecep:lem="jewel"
            ecep:pos="n2"
            ecep:reg="Jewels"
            ecep:spe="Jewels"
            ecep:syllab="2"
            ecep:pron="ˈdʒuːəlz">Jewels</w>
         <pc xml:id="pba35-026880"
             n="a-0240"
             ecep:lem=","
             ecep:pos=","
             ecep:reg=","
             ecep:spe=",">,</pc>
         <c> </c>
         <w xml:id="pba35-026890"
            n="a-0250"
            ecep:lem="for"
            ecep:pos="p-acp"
            ecep:reg="for"
            ecep:spe="for"
            ecep:syllab="1"
            ecep:pron="fɔː">for</w>
         <c> </c>
         <w xml:id="pba35-026900"
            n="a-0260"
            ecep:lem="his"
            ecep:pos="po31"
            ecep:reg="his"
            ecep:spe="his"
            ecep:syllab="1"
            ecep:pron="hɪz">his</w>
         <c> </c>
         <w xml:id="pba35-026910"
            n="a-0270"
            ecep:lem="bride"
            ecep:pos="n1"
            ecep:reg="Bride"
            ecep:spe="Bride"
            ecep:syllab="1"
            ecep:pron="braɪd">Bride</w>
         <pc xml:id="pba35-026920"
             n="a-0280"
             unit="sentence"
             ecep:lem="."
             ecep:pos="."
             ecep:reg="."
             ecep:spe=".">.</pc>
         <c> </c>
      </l>
      <l n="19" xml:id="pba35-l01465">
         <w xml:id="pba35-026930"
            n="a-0290"
            ecep:lem="her"
            ecep:pos="po31"
            ecep:reg="Her"
            ecep:spe="Her"
            ecep:syllab="1"
            ecep:pron="hɜː">Her</w>
         <c> </c>
         <w xml:id="pba35-026940"
            n="a-0300"
            ecep:lem="toilet"
            ecep:pos="n1"
            ecep:reg="Toilet"
            ecep:spe="Toilet"
            ecep:syllab="2"
            ecep:pron="ˈtɔɪlət">Toilet</w>
         <c> </c>
         <w xml:id="pba35-026950"
            n="a-0310"
            ecep:lem="shine"
            ecep:pos="vvz"
            ecep:reg="shines"
            ecep:spe="shines"
            ecep:syllab="1"
            ecep:pron="ʃaɪnz">shines</w>
         <c> </c>
         <w xml:id="pba35-026960"
            n="a-0320"
            ecep:lem="with"
            ecep:pos="p-acp"
            ecep:reg="with"
            ecep:spe="with"
            ecep:syllab="1"
            ecep:pron="wɪð">with</w>
         <c> </c>
         <w xml:id="pba35-026970"
            n="a-0330"
            ecep:lem="plate"
            ecep:pos="n1"
            ecep:reg="Plate"
            ecep:spe="Plate"
            ecep:syllab="1"
            ecep:pron="pleɪt">Plate</w>
         <c> </c>
         <w xml:id="pba35-026980"
            n="a-0340"
            ecep:lem="emboss"
            ecep:pos="vvn"
            ecep:reg="embossed"
            ecep:spe="emboss'd"
            ecep:syllab="2"
            ecep:pron="ɪmˈbɒst">emboss'd</w>
         <pc xml:id="pba35-026990"
             n="a-0350"
             ecep:lem=";"
             ecep:pos=";"
             ecep:reg=";"
             ecep:spe=";">;</pc>
      </l>
      <l n="20" xml:id="pba35-l01470">
         <c> </c>
         <w xml:id="pba35-027000"
            n="a-0360"
            ecep:lem="what"
            ecep:pos="q-crq"
            ecep:reg="What"
            ecep:spe="What"
            ecep:syllab="1"
            ecep:pron="wɒt">What</w>
         <c> </c>
         <w xml:id="pba35-027010"
            n="a-0370"
            ecep:lem="sum"
            ecep:pos="vvz"
            ecep:reg="Sums"
            ecep:spe="Sums"
            ecep:syllab="1"
            ecep:pron="sʌmz">Sums</w>
         <c> </c>
         <w xml:id="pba35-027020"
            n="a-0380"
            ecep:lem="her"
            ecep:pos="po31"
            ecep:reg="her"
            ecep:spe="her"
            ecep:syllab="1"
            ecep:pron="hɜː">her</w>
         <c> </c>
         <w xml:id="pba35-027030"
            n="a-0390"
            ecep:lem="lace"
            ecep:pos="n1"
            ecep:reg="Lace"
            ecep:spe="Lace"
            ecep:syllab="1"
            ecep:pron="leɪs">Lace</w>
         <c> </c>
         <w xml:id="pba35-027040"
            n="a-0400"
            ecep:lem="and"
            ecep:pos="cc"
            ecep:reg="and"
            ecep:spe="and"
            ecep:syllab="1"
            ecep:pron="ænd">and</w>
         <c> </c>
         <w xml:id="pba35-027050"
            n="a-0410"
            ecep:lem="linen"
            ecep:pos="n1"
            ecep:reg="Linen"
            ecep:spe="Linen"
            ecep:syllab="2"
            ecep:pron="ˈlɪnɪn">Linen</w>
         <c> </c>
         <w xml:id="pba35-027060"
            n="a-0420"
            ecep:lem="cost"
            ecep:pos="vvb"
            ecep:reg="cost"
            ecep:spe="cost"
            ecep:syllab="1"
            ecep:pron="kɒst">cost</w>
         <pc xml:id="pba35-027070"
             n="a-0430"
             unit="sentence"
             ecep:lem="!"
             ecep:pos="!"
             ecep:reg="!"
             ecep:spe="!">!</pc>
         <c> </c>
      </l>
      <l n="21" xml:id="pba35-l01475">
         <w xml:id="pba35-027080"
            n="a-0440"
            ecep:lem="the"
            ecep:pos="dt"
            ecep:reg="The"
            ecep:spe="The"
            ecep:syllab="1"
            ecep:pron="ðiː">The</w>
         <c> </c>
         <w xml:id="pba35-027090"
            n="a-0450"
            ecep:lem="clothes"
            ecep:pos="n2"
            ecep:reg="Clothes"
            ecep:spe="Cloaths"
            ecep:syllab="1"
            ecep:pron="kləʊðz">Cloaths</w>
         <c> </c>
         <w xml:id="pba35-027100"
            n="a-0460"
            ecep:lem="that"
            ecep:pos="cst"
            ecep:reg="that"
            ecep:spe="that"
            ecep:syllab="1"
            ecep:pron="ðæt">that</w>
         <c> </c>
         <w xml:id="pba35-027110"
            n="a-0470"
            ecep:lem="must"
            ecep:pos="vmb"
            ecep:reg="must"
            ecep:spe="must"
            ecep:syllab="1"
            ecep:pron="mʌst">must</w>
         <c> </c>
         <w xml:id="pba35-027120"
            n="a-0480"
            ecep:lem="his"
            ecep:pos="po31"
            ecep:reg="his"
            ecep:spe="his"
            ecep:syllab="1"
            ecep:pron="hɪz">his</w>
         <c> </c>
         <w xml:id="pba35-027130"
            n="a-0490"
            ecep:lem="person"
            ecep:pos="n1"
            ecep:reg="Person"
            ecep:spe="Person"
            ecep:syllab="2"
            ecep:pron="ˈpɜːsn">Person</w>
         <c> </c>
         <w xml:id="pba35-027140"
            n="a-0500"
            ecep:lem="grace"
            ecep:pos="n1"
            ecep:reg="grace"
            ecep:spe="grace"
            ecep:syllab="1"
            ecep:pron="greɪs">grace</w>
         <pc xml:id="pba35-027150"
             n="a-0510"
             ecep:lem=","
             ecep:pos=","
             ecep:reg=","
             ecep:spe=",">,</pc>
      </l>
      <l n="22" xml:id="pba35-l01480">
         <c> </c>
         <w xml:id="pba35-027160"
            n="a-0520"
            ecep:lem="shine"
            ecep:pos="vvb"
            ecep:reg="Shine"
            ecep:spe="Shine"
            ecep:syllab="1"
            ecep:pron="ʃaɪn">Shine</w>
         <c> </c>
         <w xml:id="pba35-027170"
            n="a-0530"
            ecep:lem="with"
            ecep:pos="p-acp"
            ecep:reg="with"
            ecep:spe="with"
            ecep:syllab="1"
            ecep:pron="wɪð">with</w>
         <c> </c>
         <w xml:id="pba35-027180"
            n="a-0540"
            ecep:lem="embroidery"
            ecep:pos="n1"
            ecep:reg="Embroidery"
            ecep:spe="Embroidery"
            ecep:syllab="4"
            ecep:pron="ɪmˈbrɔɪdri">Embroidery</w>
         <pc xml:id="pba35-027190"
             n="a-0550"
             ecep:lem=","
             ecep:pos=","
             ecep:reg=","
             ecep:spe=",">,</pc>
         <c> </c>
         <w xml:id="pba35-027200"
            n="a-0560"
            ecep:lem="and"
            ecep:pos="cc"
            ecep:reg="and"
            ecep:spe="and"
            ecep:syllab="1"
            ecep:pron="ænd">and</w>
         <c> </c>
         <w xml:id="pba35-027210"
            n="a-0570"
            ecep:lem="lace"
            ecep:pos="n1"
            ecep:reg="Lace"
            ecep:spe="Lace"
            ecep:syllab="1"
            ecep:pron="leɪs">Lace</w>
         <pc xml:id="pba35-027220"
             n="a-0580"
             unit="sentence"
             ecep:lem="."
             ecep:pos="."
             ecep:reg="."
             ecep:spe=".">.</pc>
         <c> </c>
      </l>
      <l n="23" xml:id="pba35-l01485">
         <w xml:id="pba35-027230"
            n="a-0590"
            ecep:lem="the"
            ecep:pos="dt"
            ecep:reg="The"
            ecep:spe="The"
            ecep:syllab="1"
            ecep:pron="ðiː">The</w>
         <c> </c>
         <w xml:id="pba35-027240"
            n="a-0600"
            ecep:lem="costly"
            ecep:pos="j"
            ecep:reg="costly"
            ecep:spe="costly"
            ecep:syllab="2"
            ecep:pron="ˈkɒstli">costly</w>
         <c> </c>
         <w xml:id="pba35-027250"
            n="a-0610"
            ecep:lem="pride"
            ecep:pos="n1"
            ecep:reg="Pride"
            ecep:spe="Pride"
            ecep:syllab="1"
            ecep:pron="praɪd">Pride</w>
         <c> </c>
         <w xml:id="pba35-027260"
            n="a-0620"
            ecep:lem="of"
            ecep:pos="pp-f"
            ecep:reg="of"
            ecep:spe="of"
            ecep:syllab="1"
            ecep:pron="ɒv">of</w>
         <c> </c>
         <hi>
            <w xml:id="pba35-027270"
               n="a-0630"
               ecep:lem="persian"
               ecep:pos="jp"
               ecep:reg="Persian"
               ecep:spe="Persian"
               ecep:syllab="2"
               ecep:pron="pˈɜːʒən">Persian</w>
         </hi>
         <c> </c>
         <w xml:id="pba35-027280"
            n="a-0640"
            ecep:lem="loom"
            ecep:pos="n2"
            ecep:reg="Looms"
            ecep:spe="Looms"
            ecep:syllab="1"
            ecep:pron="luːmz">Looms</w>
         <pc xml:id="pba35-027290"
             n="a-0650"
             ecep:lem=","
             ecep:pos=","
             ecep:reg=","
             ecep:spe=",">,</pc>
      </l>
      <l n="24" xml:id="pba35-l01490">
         <c> </c>
         <w xml:id="pba35-027300"
            n="a-0660"
            ecep:lem="and"
            ecep:pos="cc"
            ecep:reg="And"
            ecep:spe="And"
            ecep:syllab="1"
            ecep:pron="ænd">And</w>
         <c> </c>
         <hi>
            <w xml:id="pba35-027310"
               n="a-0670"
               ecep:lem="Guido"
               ecep:pos="npg1"
               ecep:reg="Guido's"
               ecep:spe="Guido's"
               ecep:syllab="2"
               ecep:pron="ˈgiːdəʊz">Guido's</w>
         </hi>
         <c> </c>
         <w xml:id="pba35-027320"
            n="a-0680"
            ecep:lem="painting"
            ecep:pos="n2"
            ecep:reg="Paintings"
            ecep:spe="Paintings"
            ecep:syllab="2"
            ecep:pron="peɪntɪŋz">Paintings</w>
         <pc xml:id="pba35-027330"
             n="a-0690"
             ecep:lem=","
             ecep:pos=","
             ecep:reg=","
             ecep:spe=",">,</pc>
         <c> </c>
         <w xml:id="pba35-027340"
            n="a-0700"
            ecep:lem="grace"
            ecep:pos="vvb"
            ecep:reg="grace"
            ecep:spe="grace"
            ecep:syllab="1"
            ecep:pron="greɪs">grace</w>
         <c> </c>
         <w xml:id="pba35-027350"
            n="a-0710"
            ecep:lem="his"
            ecep:pos="po31"
            ecep:reg="his"
            ecep:spe="his"
            ecep:syllab="1"
            ecep:pron="hɪz">his</w>
         <c> </c>
         <w xml:id="pba35-027360"
            n="a-0720"
            ecep:lem="room"
            ecep:pos="n2"
            ecep:reg="Rooms"
            ecep:spe="Rooms"
            ecep:syllab="1"
            ecep:pron="ruːmz">Rooms</w>
         <pc xml:id="pba35-027370"
             n="a-0730"
             unit="sentence"
             ecep:lem="."
             ecep:pos="."
             ecep:reg="."
             ecep:spe=".">.</pc>
         <c> </c>
      </l>
      <l n="25" xml:id="pba35-l01495">
         <w xml:id="pba35-027380"
            n="a-0740"
            ecep:lem="his"
            ecep:pos="po31"
            ecep:reg="His"
            ecep:spe="His"
            ecep:syllab="1"
            ecep:pron="hɪz">His</w>
         <c> </c>
         <w xml:id="pba35-027390"
            n="a-0750"
            ecep:lem="wealth"
            ecep:pos="n1"
            ecep:reg="Wealth"
            ecep:spe="Wealth"
            ecep:syllab="1"
            ecep:pron="welθ">Wealth</w>
         <c> </c>
         <hi>
            <w xml:id="pba35-027400"
               n="a-0760"
               ecep:lem="Castalio"
               ecep:pos="np1"
               ecep:reg="Castalio"
               ecep:spe="Castalio"
               ecep:syllab="4"
               ecep:pron="kæstˈælɪˌəʊ">Castalio</w>
         </hi>
         <c> </c>
         <w xml:id="pba35-027410"
            n="a-0770"
            ecep:lem="will"
            ecep:pos="vmb"
            ecep:reg="will"
            ecep:spe="will"
            ecep:syllab="1"
            ecep:pron="wɪl">will</w>
         <c> </c>
         <w xml:id="pba35-027420"
            n="a-0780"
            ecep:lem="not"
            ecep:pos="xx"
            ecep:reg="not"
            ecep:spe="not"
            ecep:syllab="1"
            ecep:pron="nɒt">not</w>
         <c> </c>
         <w xml:id="pba35-027430"
            n="a-0790"
            ecep:lem="waste"
            ecep:pos="vvi"
            ecep:reg="waste"
            ecep:spe="waste"
            ecep:syllab="1"
            ecep:pron="weɪst">waste</w>
         <pc xml:id="pba35-027440"
             n="a-0800"
             ecep:lem=";"
             ecep:pos=";"
             ecep:reg=";"
             ecep:spe=";">;</pc>
      </l>
      <l n="26" xml:id="pba35-l01500">
         <c> </c>
         <w xml:id="pba35-027450"
            n="a-0810"
            ecep:lem="but"
            ecep:pos="cc-acp"
            ecep:reg="But"
            ecep:spe="But"
            ecep:syllab="1"
            ecep:pron="bʌt">But</w>
         <c> </c>
         <w xml:id="pba35-027460"
            n="a-0820"
            ecep:lem="must"
            ecep:pos="vmb"
            ecep:reg="must"
            ecep:spe="must"
            ecep:syllab="1"
            ecep:pron="mʌst">must</w>
         <c> </c>
         <w xml:id="pba35-027470"
            n="a-0830"
            ecep:lem="have"
            ecep:pos="vhi"
            ecep:reg="have"
            ecep:spe="have"
            ecep:syllab="1"
            ecep:pron="hæv">have</w>
         <c> </c>
         <w xml:id="pba35-027480"
            n="a-0840"
            ecep:lem="every"
            ecep:pos="d"
            ecep:reg="every"
            ecep:spe="ev'ry"
            ecep:syllab="2"
            ecep:pron="ˈevri">ev'ry</w>
         <c> </c>
         <w xml:id="pba35-027490"
            n="a-0850"
            ecep:lem="thing"
            ecep:pos="n1"
            ecep:reg="thing"
            ecep:spe="thing"
            ecep:syllab="1"
            ecep:pron="θɪŋ">thing</w>
         <c> </c>
         <w xml:id="pba35-027500"
            n="a-0860"
            ecep:lem="in"
            ecep:pos="p-acp"
            ecep:reg="in"
            ecep:spe="in"
            ecep:syllab="1"
            ecep:pron="ɪn">in</w>
         <c> </c>
         <hi>
            <w xml:id="pba35-027510"
               n="a-0870"
               ecep:lem="taste"
               ecep:pos="n1"
               ecep:reg="Taste"
               ecep:spe="Taste"
               ecep:syllab="1"
               ecep:pron="teɪst">Taste</w>
            <pc xml:id="pba35-027520"
                n="a-0880"
                unit="sentence"
                ecep:lem="."
                ecep:pos="."
                ecep:reg="."
                ecep:spe=".">.</pc>
            <c> </c>
         </hi>
      </l>
      <l n="27" xml:id="pba35-l01505">
         <w xml:id="pba35-027530"
            n="a-0890"
            ecep:lem="he|be"
            ecep:pos="pns31|vbz"
            ecep:reg="He's"
            ecep:spe="He's"
            ecep:syllab="1"
            ecep:pron="hiːz">He's</w>
         <c> </c>
         <w xml:id="pba35-027540"
            n="a-0900"
            ecep:lem="a"
            ecep:pos="dt"
            ecep:reg="an"
            ecep:spe="an"
            ecep:syllab="1"
            ecep:pron="æn">an</w>
         <c> </c>
         <w xml:id="pba35-027550"
            n="a-0910"
            ecep:lem="oeconomist"
            ecep:pos="n1"
            ecep:reg="OEconomist"
            ecep:spe="OEconomist"
            ecep:syllab="4"
            ecep:pron="əʊkˈɒnəmˌɪst">OEconomist</w>
         <c> </c>
         <w xml:id="pba35-027560"
            n="a-0920"
            ecep:lem="confess"
            ecep:pos="vvd"
            ecep:reg="confessed"
            ecep:spe="confest"
            ecep:syllab="2"
            ecep:pron="kənˈfest">confest</w>
         <pc xml:id="pba35-027570"
             n="a-0930"
             ecep:lem=";"
             ecep:pos=";"
             ecep:reg=";"
             ecep:spe=";">;</pc>
      </l>
      <l n="28" xml:id="pba35-l01510">
         <c> </c>
         <w xml:id="pba35-027580"
            n="a-0940"
            ecep:lem="but"
            ecep:pos="cc-acp"
            ecep:reg="But"
            ecep:spe="But"
            ecep:syllab="1"
            ecep:pron="bʌt">But</w>
         <c> </c>
         <w xml:id="pba35-027590"
            n="a-0950"
            ecep:lem="what"
            ecep:pos="q-crq"
            ecep:reg="what"
            ecep:spe="what"
            ecep:syllab="1"
            ecep:pron="wɒt">what</w>
         <c> </c>
         <w xml:id="pba35-027600"
            n="a-0960"
            ecep:lem="he"
            ecep:pos="pns31"
            ecep:reg="he"
            ecep:spe="he"
            ecep:syllab="1"
            ecep:pron="hiː">he</w>
         <c> </c>
         <w xml:id="pba35-027610"
            n="a-0970"
            ecep:lem="buy"
            ecep:pos="vvz"
            ecep:reg="buys"
            ecep:spe="buys"
            ecep:syllab="1"
            ecep:pron="baɪz">buys</w>
         <pc xml:id="pba35-027620"
             n="a-0980"
             ecep:lem=","
             ecep:pos=","
             ecep:reg=","
             ecep:spe=",">,</pc>
         <c> </c>
         <w xml:id="pba35-027630"
            n="a-0990"
            ecep:lem="must"
            ecep:pos="vmb"
            ecep:reg="must"
            ecep:spe="must"
            ecep:syllab="1"
            ecep:pron="mʌst">must</w>
         <c> </c>
         <w xml:id="pba35-027640"
            n="a-1000"
            ecep:lem="be"
            ecep:pos="vbi"
            ecep:reg="be"
            ecep:spe="be"
            ecep:syllab="1"
            ecep:pron="biː">be</w>
         <c> </c>
         <w xml:id="pba35-027650"
            n="a-1010"
            ecep:lem="the"
            ecep:pos="dt"
            ecep:reg="the"
            ecep:spe="the"
            ecep:syllab="1"
            ecep:pron="ðiː">the</w>
         <c> </c>
         <w xml:id="pba35-027660"
            n="a-1020"
            ecep:lem="best"
            ecep:pos="js"
            ecep:reg="best"
            ecep:spe="best"
            ecep:syllab="1"
            ecep:pron="best">best</w>
         <pc xml:id="pba35-027670"
             n="a-1030"
             ecep:lem=":"
             ecep:pos=":"
             ecep:reg=":"
             ecep:spe=":">:</pc>
      </l>
      <l n="29" xml:id="pba35-l01515">
         <c> </c>
         <w xml:id="pba35-027680"
            n="a-1040"
            ecep:lem="for"
            ecep:pos="c-acp"
            ecep:reg="For"
            ecep:spe="For"
            ecep:syllab="1"
            ecep:pron="fɔː">For</w>
         <c> </c>
         <w xml:id="pba35-027690"
            n="a-1050"
            ecep:lem="common"
            ecep:pos="j"
            ecep:reg="common"
            ecep:spe="common"
            ecep:syllab="2"
            ecep:pron="ˈkɒmən">common</w>
         <c> </c>
         <w xml:id="pba35-027700"
            n="a-1060"
            ecep:lem="use"
            ecep:pos="n1"
            ecep:reg="Use"
            ecep:spe="Use"
            ecep:syllab="1"
            ecep:pron="juːz">Use</w>
         <c> </c>
         <w xml:id="pba35-027710"
            n="a-1070"
            ecep:lem="a"
            ecep:pos="dt"
            ecep:reg="a"
            ecep:spe="a"
            ecep:syllab="1"
            ecep:pron="ə">a</w>
         <c> </c>
         <w xml:id="pba35-027720"
            n="a-1080"
            ecep:lem="set"
            ecep:pos="vvb"
            ecep:reg="Set"
            ecep:spe="Set"
            ecep:syllab="1"
            ecep:pron="set">Set</w>
         <c> </c>
         <w xml:id="pba35-027730"
            n="a-1090"
            ecep:lem="of"
            ecep:pos="pp-f"
            ecep:reg="of"
            ecep:spe="of"
            ecep:syllab="1"
            ecep:pron="ɒv">of</w>
         <c> </c>
         <w xml:id="pba35-027740"
            n="a-1100"
            ecep:lem="plate"
            ecep:pos="n1"
            ecep:reg="Plate"
            ecep:spe="Plate"
            ecep:syllab="1"
            ecep:pron="pleɪt">Plate</w>
         <pc xml:id="pba35-027750"
             n="a-1110"
             ecep:lem=";"
             ecep:pos=";"
             ecep:reg=";"
             ecep:spe=";">;</pc>
      </l>
      <l n="30" xml:id="pba35-l01520">
         <c> </c>
         <w xml:id="pba35-027760"
            n="a-1120"
            ecep:lem="old"
            ecep:pos="j"
            ecep:reg="Old"
            ecep:spe="Old"
            ecep:syllab="1"
            ecep:pron="əʊld">Old</w>
         <c> </c>
         <w xml:id="pba35-027770"
            n="a-1130"
            ecep:lem="china"
            ecep:pos="n1"
            ecep:reg="China"
            ecep:spe="China"
            ecep:syllab="2"
            ecep:pron="ˈtʃaɪnə">China</w>
         <pc xml:id="pba35-027780"
             n="a-1140"
             ecep:lem=","
             ecep:pos=","
             ecep:reg=","
             ecep:spe=",">,</pc>
         <c> </c>
         <w xml:id="pba35-027790"
            n="a-1150"
            ecep:lem="when"
            ecep:pos="c-crq"
            ecep:reg="when"
            ecep:spe="when"
            ecep:syllab="1"
            ecep:pron="wen">when</w>
         <c> </c>
         <w xml:id="pba35-027800"
            n="a-1160"
            ecep:lem="he"
            ecep:pos="pns31"
            ecep:reg="he"
            ecep:spe="he"
            ecep:syllab="1"
            ecep:pron="hiː">he</w>
         <c> </c>
         <w xml:id="pba35-027810"
            n="a-1170"
            ecep:lem="dine"
            ecep:pos="vvz"
            ecep:reg="dines"
            ecep:spe="dines"
            ecep:syllab="1"
            ecep:pron="daɪnz">dines</w>
         <c> </c>
         <w xml:id="pba35-027820"
            n="a-1180"
            ecep:lem="in"
            ecep:pos="p-acp"
            ecep:reg="in"
            ecep:spe="in"
            ecep:syllab="1"
            ecep:pron="ɪn">in</w>
         <c> </c>
         <w xml:id="pba35-027830"
            n="a-1190"
            ecep:lem="state"
            ecep:pos="n1"
            ecep:reg="State"
            ecep:spe="State"
            ecep:syllab="1"
            ecep:pron="steɪt">State</w>
         <pc xml:id="pba35-027840"
             n="a-1200"
             ecep:lem=";"
             ecep:pos=";"
             ecep:reg=";"
             ecep:spe=";">;</pc>
      </l>
      <l n="31" xml:id="pba35-l01525">
         <c> </c>
         <w xml:id="pba35-027850"
            n="a-1210"
            ecep:lem="a"
            ecep:pos="dt"
            ecep:reg="A"
            ecep:spe="A"
            ecep:syllab="1"
            ecep:pron="ə">A</w>
         <c> </c>
         <w xml:id="pba35-027860"
            n="a-1220"
            ecep:lem="coach"
            ecep:pos="n1"
            ecep:reg="Coach"
            ecep:spe="Coach"
            ecep:syllab="1"
            ecep:pron="kəʊtʃ">Coach</w>
         <c> </c>
         <w xml:id="pba35-027870"
            n="a-1230"
            ecep:lem="and"
            ecep:pos="cc"
            ecep:reg="and"
            ecep:spe="and"
            ecep:syllab="1"
            ecep:pron="ænd">and</w>
         <c> </c>
         <w xml:id="pba35-027880"
            n="a-1240"
            ecep:lem="six"
            ecep:pos="crd"
            ecep:reg="Six"
            ecep:spe="Six"
            ecep:syllab="1"
            ecep:pron="sɪks">Six</w>
         <pc xml:id="pba35-027890"
             n="a-1250"
             ecep:lem=","
             ecep:pos=","
             ecep:reg=","
             ecep:spe=",">,</pc>
         <c> </c>
         <w xml:id="pba35-027900"
            n="a-1260"
            ecep:lem="to"
            ecep:pos="pc-acp"
            ecep:reg="to"
            ecep:spe="to"
            ecep:syllab="1"
            ecep:pron="tuː">to</w>
         <c> </c>
         <w xml:id="pba35-027910"
            n="a-1270"
            ecep:lem="take"
            ecep:pos="vvi"
            ecep:reg="take"
            ecep:spe="take"
            ecep:syllab="1"
            ecep:pron="teɪk">take</w>
         <c> </c>
         <w xml:id="pba35-027920"
            n="a-1280"
            ecep:lem="the"
            ecep:pos="dt"
            ecep:reg="the"
            ecep:spe="the"
            ecep:syllab="1"
            ecep:pron="ðiː">the</w>
         <c> </c>
         <w xml:id="pba35-027930"
            n="a-1290"
            ecep:lem="air"
            ecep:pos="n1"
            ecep:reg="Air"
            ecep:spe="Air"
            ecep:syllab="1"
            ecep:pron="eə">Air</w>
         <pc xml:id="pba35-027940"
             n="a-1300"
             ecep:lem=";"
             ecep:pos=";"
             ecep:reg=";"
             ecep:spe=";">;</pc>
      </l>
      <l n="32" xml:id="pba35-l01530">
         <c> </c>
         <w xml:id="pba35-027950"
            n="a-1310"
            ecep:lem="beside"
            ecep:pos="p-acp"
            ecep:reg="Besides"
            ecep:spe="Besides"
            ecep:syllab="2"
            ecep:pron="bɪˈsaɪdz">Besides</w>
         <c> </c>
         <w xml:id="pba35-027960"
            n="a-1320"
            ecep:lem="a"
            ecep:pos="dt"
            ecep:reg="a"
            ecep:spe="a"
            ecep:syllab="1"
            ecep:pron="ə">a</w>
         <c> </c>
         <w xml:id="pba35-027970"
            n="a-1330"
            ecep:lem="chariot"
            ecep:pos="n1"
            ecep:reg="Chariot"
            ecep:spe="Chariot"
            ecep:syllab="3"
            ecep:pron="ˈtʃæriət">Chariot</w>
         <pc xml:id="pba35-027980"
             n="a-1340"
             ecep:lem=","
             ecep:pos=","
             ecep:reg=","
             ecep:spe=",">,</pc>
         <c> </c>
         <w xml:id="pba35-027990"
            n="a-1350"
            ecep:lem="and"
            ecep:pos="cc"
            ecep:reg="and"
            ecep:spe="and"
            ecep:syllab="1"
            ecep:pron="ænd">and</w>
         <c> </c>
         <w xml:id="pba35-028000"
            n="a-1360"
            ecep:lem="a"
            ecep:pos="dt"
            ecep:reg="a"
            ecep:spe="a"
            ecep:syllab="1"
            ecep:pron="ə">a</w>
         <c> </c>
         <w xml:id="pba35-028010"
            n="a-1370"
            ecep:lem="chair"
            ecep:pos="n1"
            ecep:reg="Chair"
            ecep:spe="Chair"
            ecep:syllab="1"
            ecep:pron="tʃeə">Chair</w>
         <pc xml:id="pba35-028020"
             n="a-1380"
             unit="sentence"
             ecep:lem="."
             ecep:pos="."
             ecep:reg="."
             ecep:spe=".">.</pc>
         <c> </c>
      </l>
      <l n="33" xml:id="pba35-l01535">
         <w xml:id="pba35-028030"
            n="a-1390"
            ecep:lem="all"
            ecep:pos="av-d"
            ecep:reg="All"
            ecep:spe="All"
            ecep:syllab="1"
            ecep:pron="ɔːl">All</w>
         <c> </c>
         <w xml:id="pba35-028040"
            n="a-1400"
            ecep:lem="these"
            ecep:pos="d"
            ecep:reg="these"
            ecep:spe="these"
            ecep:syllab="1"
            ecep:pron="ðiːz">these</w>
         <c> </c>
         <w xml:id="pba35-028050"
            n="a-1410"
            ecep:lem="important"
            ecep:pos="j"
            ecep:reg="important"
            ecep:spe="important"
            ecep:syllab="3"
            ecep:pron="ɪmˈpɔːtnt">important</w>
         <c> </c>
         <w xml:id="pba35-028060"
            n="a-1420"
            ecep:lem="call"
            ecep:pos="n2"
            ecep:reg="Calls"
            ecep:spe="Calls"
            ecep:syllab="1"
            ecep:pron="kɔːlz">Calls</w>
         <c> </c>
         <w xml:id="pba35-028070"
            n="a-1430"
            ecep:lem="supply"
            ecep:pos="vvn"
            ecep:reg="supplied"
            ecep:spe="supply'd"
            ecep:syllab="2"
            ecep:pron="səˈplaɪd">supply'd</w>
         <pc xml:id="pba35-028080"
             n="a-1440"
             ecep:lem=","
             ecep:pos=","
             ecep:reg=","
             ecep:spe=",">,</pc>
      </l>
      <l n="34" xml:id="pba35-l01540">
         <c> </c>
         <w xml:id="pba35-028090"
            n="a-1450"
            ecep:lem="call"
            ecep:pos="vvz"
            ecep:reg="Calls"
            ecep:spe="Calls"
            ecep:syllab="1"
            ecep:pron="kɔːlz">Calls</w>
         <c> </c>
         <w xml:id="pba35-028100"
            n="a-1460"
            ecep:lem="of"
            ecep:pos="pp-f"
            ecep:reg="of"
            ecep:spe="of"
            ecep:syllab="1"
            ecep:pron="ɒv">of</w>
         <c> </c>
         <w xml:id="pba35-028110"
            n="a-1470"
            ecep:lem="necessity"
            ecep:pos="n1"
            ecep:reg="Necessity"
            ecep:spe="Necessity"
            ecep:syllab="4"
            ecep:pron="nəˈsesəti">Necessity</w>
         <pc xml:id="pba35-028120"
             n="a-1480"
             ecep:lem=","
             ecep:pos=","
             ecep:reg=","
             ecep:spe=",">,</pc>
         <c> </c>
         <w xml:id="pba35-028130"
            n="a-1490"
            ecep:lem="not"
            ecep:pos="xx"
            ecep:reg="not"
            ecep:spe="not"
            ecep:syllab="1"
            ecep:pron="nɒt">not</w>
         <c> </c>
         <w xml:id="pba35-028140"
            n="a-1500"
            ecep:lem="pride"
            ecep:pos="n1"
            ecep:reg="Pride"
            ecep:spe="Pride"
            ecep:syllab="1"
            ecep:pron="praɪd">Pride</w>
         <pc xml:id="pba35-028150"
             n="a-1510"
             ecep:lem=","
             ecep:pos=","
             ecep:reg=","
             ecep:spe=",">,</pc>
      </l>
      <pb n="19" rend="none"/>
      <l n="35" xml:id="pba35-l01545">
         <c> </c>
         <w xml:id="pba35-028160"
            n="a-0010"
            ecep:lem="his"
            ecep:pos="po31"
            ecep:reg="His"
            ecep:spe="His"
            ecep:syllab="1"
            ecep:pron="hɪz">His</w>
         <c> </c>
         <w xml:id="pba35-028170"
            n="a-0020"
            ecep:lem="income"
            ecep:pos="npg1"
            ecep:reg="Income's"
            ecep:spe="Income's"
            ecep:syllab="3"
            ecep:pron="ˈɪŋkʌmz">Income's</w>
         <c> </c>
         <w xml:id="pba35-028180"
            n="a-0030"
            ecep:lem="regular"
            ecep:pos="av-j"
            ecep:reg="regularly"
            ecep:spe="regularly"
            ecep:syllab="4"
            ecep:pron="ˈregjələli">regularly</w>
         <c> </c>
         <w xml:id="pba35-028190"
            n="a-0040"
            ecep:lem="spend"
            ecep:pos="vvn"
            ecep:reg="spent"
            ecep:spe="spent"
            ecep:syllab="1"
            ecep:pron="spent">spent</w>
         <pc xml:id="pba35-028200"
             n="a-0050"
             ecep:lem=";"
             ecep:pos=";"
             ecep:reg=";"
             ecep:spe=";">;</pc>
      </l>
      <l n="36" xml:id="pba35-l01550">
         <c> </c>
         <w xml:id="pba35-028210"
            n="a-0060"
            ecep:lem="he"
            ecep:pos="pns31"
            ecep:reg="He"
            ecep:spe="He"
            ecep:syllab="1"
            ecep:pron="hiː">He</w>
         <c> </c>
         <w xml:id="pba35-028220"
            n="a-0070"
            ecep:lem="scarce"
            ecep:pos="av-j"
            ecep:reg="scarcely"
            ecep:spe="scarcely"
            ecep:syllab="2"
            ecep:pron="skeəsli">scarcely</w>
         <c> </c>
         <w xml:id="pba35-028230"
            n="a-0080"
            ecep:lem="save"
            ecep:pos="vvz"
            ecep:reg="saves"
            ecep:spe="saves"
            ecep:syllab="1"
            ecep:pron="seɪvz">saves</w>
         <c> </c>
         <w xml:id="pba35-028240"
            n="a-0090"
            ecep:lem="to"
            ecep:pos="pc-acp"
            ecep:reg="to"
            ecep:spe="to"
            ecep:syllab="1"
            ecep:pron="tuː">to</w>
         <c> </c>
         <w xml:id="pba35-028250"
            n="a-0100"
            ecep:lem="pay"
            ecep:pos="vvi"
            ecep:reg="pay"
            ecep:spe="pay"
            ecep:syllab="1"
            ecep:pron="peɪ">pay</w>
         <c> </c>
         <w xml:id="pba35-028260"
            n="a-0110"
            ecep:lem="his"
            ecep:pos="po31"
            ecep:reg="his"
            ecep:spe="his"
            ecep:syllab="1"
            ecep:pron="hɪz">his</w>
         <c> </c>
         <w xml:id="pba35-028270"
            n="a-0120"
            ecep:lem="rent"
            ecep:pos="n1"
            ecep:reg="Rent"
            ecep:spe="Rent"
            ecep:syllab="1"
            ecep:pron="rent">Rent</w>
         <pc xml:id="pba35-028280"
             n="a-0130"
             unit="sentence"
             ecep:lem="."
             ecep:pos="."
             ecep:reg="."
             ecep:spe=".">.</pc>
         <c> </c>
      </l>
      <l n="37" xml:id="pba35-l01555">
         <w xml:id="pba35-028290"
            n="a-0140"
            ecep:lem="no"
            ecep:pos="uh-x"
            ecep:reg="No"
            ecep:spe="No"
            ecep:syllab="1"
            ecep:pron="nəʊ">No</w>
         <c> </c>
         <w xml:id="pba35-028300"
            n="a-0150"
            ecep:lem="man"
            ecep:pos="n1"
            ecep:reg="Man"
            ecep:spe="Man"
            ecep:syllab="1"
            ecep:pron="mæn">Man</w>
         <c> </c>
         <w xml:id="pba35-028310"
            n="a-0160"
            ecep:lem="alive"
            ecep:pos="j"
            ecep:reg="alive"
            ecep:spe="alive"
            ecep:syllab="2"
            ecep:pron="əˈlaɪv">alive</w>
         <c> </c>
         <w xml:id="pba35-028320"
            n="a-0170"
            ecep:lem="will"
            ecep:pos="vmd"
            ecep:reg="would"
            ecep:spe="would"
            ecep:syllab="1"
            ecep:pron="wʊd">would</w>
         <c> </c>
         <w xml:id="pba35-028330"
            n="a-0180"
            ecep:lem="do"
            ecep:pos="vdi"
            ecep:reg="do"
            ecep:spe="do"
            ecep:syllab="1"
            ecep:pron="duː">do</w>
         <c> </c>
         <w xml:id="pba35-028340"
            n="a-0190"
            ecep:lem="more"
            ecep:pos="av-dc"
            ecep:reg="more"
            ecep:spe="more"
            ecep:syllab="1"
            ecep:pron="mɔː">more</w>
         <c> </c>
         <w xml:id="pba35-028350"
            n="a-0200"
            ecep:lem="good"
            ecep:pos="j"
            ecep:reg="Good"
            ecep:spe="Good"
            ecep:syllab="1"
            ecep:pron="gʊd">Good</w>
         <pc xml:id="pba35-028360"
             n="a-0210"
             ecep:lem=","
             ecep:pos=","
             ecep:reg=","
             ecep:spe=",">,</pc>
      </l>
      <l n="38" xml:id="pba35-l01560">
         <c> </c>
         <w xml:id="pba35-028370"
            n="a-0220"
            ecep:lem="or"
            ecep:pos="cc"
            ecep:reg="Or"
            ecep:spe="Or"
            ecep:syllab="1"
            ecep:pron="ɔː">Or</w>
         <c> </c>
         <w xml:id="pba35-028380"
            n="a-0230"
            ecep:lem="give"
            ecep:pos="vvi"
            ecep:reg="give"
            ecep:spe="give"
            ecep:syllab="1"
            ecep:pron="gɪv">give</w>
         <c> </c>
         <w xml:id="pba35-028390"
            n="a-0240"
            ecep:lem="more"
            ecep:pos="av-dc"
            ecep:reg="more"
            ecep:spe="more"
            ecep:syllab="1"
            ecep:pron="mɔː">more</w>
         <c> </c>
         <w xml:id="pba35-028400"
            n="a-0250"
            ecep:lem="free"
            ecep:pos="av-j"
            ecep:reg="freely"
            ecep:spe="freely"
            ecep:syllab="2"
            ecep:pron="friːli">freely</w>
         <pc xml:id="pba35-028410"
             n="a-0260"
             ecep:lem=","
             ecep:pos=","
             ecep:reg=","
             ecep:spe=",">,</pc>
         <c> </c>
         <w xml:id="pba35-028420"
            n="a-0270"
            ecep:lem="if"
            ecep:pos="cs"
            ecep:reg="if"
            ecep:spe="if"
            ecep:syllab="1"
            ecep:pron="ɪf">if</w>
         <c> </c>
         <w xml:id="pba35-028430"
            n="a-0280"
            ecep:lem="he"
            ecep:pos="pns31"
            ecep:reg="he"
            ecep:spe="he"
            ecep:syllab="1"
            ecep:pron="hiː">he</w>
         <c> </c>
         <w xml:id="pba35-028440"
            n="a-0290"
            ecep:lem="can"
            ecep:pos="vmd"
            ecep:reg="could"
            ecep:spe="cou'd"
            ecep:syllab="1"
            ecep:pron="kʊd">cou'd</w>
         <pc xml:id="pba35-028450"
             n="a-0300"
             unit="sentence"
             ecep:lem="."
             ecep:pos="."
             ecep:reg="."
             ecep:spe=".">.</pc>
         <c> </c>
      </l>
      <l n="39" xml:id="pba35-l01565">
         <w xml:id="pba35-028460"
            n="a-0310"
            ecep:lem="he"
            ecep:pos="pns31"
            ecep:reg="He"
            ecep:spe="He"
            ecep:syllab="1"
            ecep:pron="hiː">He</w>
         <c> </c>
         <w xml:id="pba35-028470"
            n="a-0320"
            ecep:lem="grieve"
            ecep:pos="vvz"
            ecep:reg="grieves"
            ecep:spe="grieves"
            ecep:syllab="1"
            ecep:pron="griːvz">grieves</w>
         <pc xml:id="pba35-028480"
             n="a-0330"
             ecep:lem=","
             ecep:pos=","
             ecep:reg=","
             ecep:spe=",">,</pc>
         <c> </c>
         <w xml:id="pba35-028490"
            n="a-0340"
            ecep:lem="whenever"
            ecep:pos="c-crq"
            ecep:reg="whenever"
            ecep:spe="whene'er"
            ecep:syllab="2"
            ecep:pron="wenˈeə">whene'er</w>
         <c> </c>
         <w xml:id="pba35-028500"
            n="a-0350"
            ecep:lem="the"
            ecep:pos="dt"
            ecep:reg="the"
            ecep:spe="the"
            ecep:syllab="1"
            ecep:pron="ðiː">the</w>
         <c> </c>
         <w xml:id="pba35-028510"
            n="a-0360"
            ecep:lem="wretched"
            ecep:pos="j"
            ecep:reg="Wretched"
            ecep:spe="Wretched"
            ecep:syllab="2"
            ecep:pron="ˈretʃɪd">Wretched</w>
         <c> </c>
         <w xml:id="pba35-028520"
            n="a-0370"
            ecep:lem="sue"
            ecep:pos="vvb"
            ecep:reg="sue"
            ecep:spe="sue"
            ecep:syllab="1"
            ecep:pron="suː">sue</w>
         <pc xml:id="pba35-028530"
             n="a-0380"
             ecep:lem=";"
             ecep:pos=";"
             ecep:reg=";"
             ecep:spe=";">;</pc>
      </l>
      <l n="40" xml:id="pba35-l01570">
         <c> </c>
         <w xml:id="pba35-028540"
            n="a-0390"
            ecep:lem="but"
            ecep:pos="cc-acp"
            ecep:reg="But"
            ecep:spe="But"
            ecep:syllab="1"
            ecep:pron="bʌt">But</w>
         <c> </c>
         <w xml:id="pba35-028550"
            n="a-0400"
            ecep:lem="what"
            ecep:pos="q-crq"
            ecep:reg="what"
            ecep:spe="what"
            ecep:syllab="1"
            ecep:pron="wɒt">what</w>
         <c> </c>
         <w xml:id="pba35-028560"
            n="a-0410"
            ecep:lem="can"
            ecep:pos="vmb"
            ecep:reg="can"
            ecep:spe="can"
            ecep:syllab="1"
            ecep:pron="kæn">can</w>
         <c> </c>
         <w xml:id="pba35-028570"
            n="a-0420"
            ecep:lem="poor"
            ecep:pos="j"
            ecep:reg="poor"
            ecep:spe="poor"
            ecep:syllab="1"
            ecep:pron="pɔː">poor</w>
         <c> </c>
         <hi>
            <w xml:id="pba35-028580"
               n="a-0430"
               ecep:lem="Castalio"
               ecep:pos="np1"
               ecep:reg="Castalio"
               ecep:spe="Castalio"
               ecep:syllab="4"
               ecep:pron="kæstˈælɪˌəʊ">Castalio</w>
         </hi>
         <c> </c>
         <w xml:id="pba35-028590"
            n="a-0440"
            ecep:lem="do"
            ecep:pos="vdb"
            ecep:reg="do"
            ecep:spe="do"
            ecep:syllab="1"
            ecep:pron="duː">do</w>
         <pc xml:id="pba35-028600"
             n="a-0450"
             unit="sentence"
             ecep:lem="?"
             ecep:pos="?"
             ecep:reg="?"
             ecep:spe="?">?</pc>
         <c> </c>
      </l>
   </lg>
   <lg xml:id="pba35-s00200">
      <l n="41" xml:id="pba35-l01575">
         <hi rendition="#sc">
            <w xml:id="pba35-028630"
               n="a-0460"
               ecep:lem="will"
               ecep:pos="vmd"
               ecep:reg="Would"
               ecep:spe="Would"
               ecep:syllab="1"
               ecep:pron="wʊd">Would</w>
         </hi>
         <c> </c>
         <w xml:id="pba35-028640"
            n="a-0470"
            ecep:lem="heaven"
            ecep:pos="n1"
            ecep:reg="Heaven"
            ecep:spe="Heav'n"
            ecep:syllab="1"
            ecep:pron="ˈhevn">Heav'n</w>
         <c> </c>
         <w xml:id="pba35-028650"
            n="a-0480"
            ecep:lem="but"
            ecep:pos="p-acp"
            ecep:reg="but"
            ecep:spe="but"
            ecep:syllab="1"
            ecep:pron="bʌt">but</w>
         <c> </c>
         <w xml:id="pba35-028660"
            n="a-0490"
            ecep:lem="send"
            ecep:pos="vvi"
            ecep:reg="send"
            ecep:spe="send"
            ecep:syllab="1"
            ecep:pron="send">send</w>
         <c> </c>
         <w xml:id="pba35-028670"
            n="a-0500"
            ecep:lem="ten"
            ecep:pos="crd"
            ecep:reg="ten"
            ecep:spe="ten"
            ecep:syllab="1"
            ecep:pron="ten">ten</w>
         <c> </c>
         <w xml:id="pba35-028680"
            n="a-0510"
            ecep:lem="thousand"
            ecep:pos="crd"
            ecep:reg="thousand"
            ecep:spe="thousand"
            ecep:syllab="2"
            ecep:pron="ˈθaʊznd">thousand</w>
         <c> </c>
         <w xml:id="pba35-028690"
            n="a-0520"
            ecep:lem="more"
            ecep:pos="dc"
            ecep:reg="more"
            ecep:spe="more"
            ecep:syllab="1"
            ecep:pron="mɔː">more</w>
         <pc xml:id="pba35-028700"
             n="a-0530"
             ecep:lem=","
             ecep:pos=","
             ecep:reg=","
             ecep:spe=",">,</pc>
      </l>
      <l n="42" xml:id="pba35-l01580">
         <c> </c>
         <w xml:id="pba35-028710"
            n="a-0540"
            ecep:lem="he|will"
            ecep:pos="pns31|vmd"
            ecep:reg="He'd"
            ecep:spe="He'd"
            ecep:syllab="1"
            ecep:pron="hiːd">He'd</w>
         <c> </c>
         <w xml:id="pba35-028720"
            n="a-0550"
            ecep:lem="give"
            ecep:pos="vvi"
            ecep:reg="give"
            ecep:spe="give"
            ecep:syllab="1"
            ecep:pron="gɪv">give</w>
         <c> </c>
         <pc xml:id="pba35-028730"
             n="a-0560"
             ecep:lem="—"
             ecep:pos="—"
             ecep:reg="—"
             ecep:spe="—">—</pc>
         <c> </c>
         <w xml:id="pba35-028740"
            n="a-0570"
            ecep:lem="just"
            ecep:pos="j"
            ecep:reg="just"
            ecep:spe="just"
            ecep:syllab="1"
            ecep:pron="dʒʌst">just</w>
         <c> </c>
         <w xml:id="pba35-028750"
            n="a-0580"
            ecep:lem="as"
            ecep:pos="c-acp"
            ecep:reg="as"
            ecep:spe="as"
            ecep:syllab="1"
            ecep:pron="æz">as</w>
         <c> </c>
         <w xml:id="pba35-028760"
            n="a-0590"
            ecep:lem="he"
            ecep:pos="pns31"
            ecep:reg="he"
            ecep:spe="he"
            ecep:syllab="1"
            ecep:pron="hiː">he</w>
         <c> </c>
         <w xml:id="pba35-028770"
            n="a-0600"
            ecep:lem="do"
            ecep:pos="vdd"
            ecep:reg="did"
            ecep:spe="did"
            ecep:syllab="1"
            ecep:pron="dɪd">did</w>
         <c> </c>
         <w xml:id="pba35-028780"
            n="a-0610"
            ecep:lem="before"
            ecep:pos="a-acp"
            ecep:reg="before"
            ecep:spe="before"
            ecep:syllab="2"
            ecep:pron="bɪˈfɔː">before</w>
         <pc xml:id="pba35-028790"
             n="a-0620"
             unit="sentence"
             ecep:lem="."
             ecep:pos="."
             ecep:reg="."
             ecep:spe=".">.</pc>
         <c> </c>
      </l>
   </lg>
</div>
