<?xml version="1.0" encoding="UTF-8"?>
<div xmlns:ecep="http://www.eighteenthcenturypoetry.org/ns"
     xmlns="http://www.tei-c.org/ns/1.0"
     xmlns:tei="http://www.tei-c.org/ns/1.0"
     ana="#complex #invariable #iamb #couplet"
     corresp="#txt_TateNa1652_w0006"
     decls="#semi-normalized"
     ecep:syllab=""
     met="irregular"
     rendition="#lgvspace"
     rhyme="aa"
     subtype="eceptext"
     type="poem"
     xml:id="oat77-w0060">
   <link target="authors.xml#aut_TateNa1652" type="author"/>
   <head type="main">
      <w xml:id="oat77-036640"
         n="oat77/0038-a-0740"
         ecep:lem="the"
         ecep:pos="dt"
         ecep:reg="The"
         ecep:spe="The"
         ecep:syllab="1"
         ecep:pron="ðiː">The</w>
      <c> </c>
      <w xml:id="oat77-036650"
         n="oat77/0038-a-0750"
         ecep:lem="prospect"
         ecep:pos="n1"
         ecep:reg="Prospect"
         ecep:spe="Prospect"
         ecep:syllab="2"
         ecep:pron="ˈprɒspekt">Prospect</w>
      <pc xml:id="oat77-036660"
          n="oat77/0038-a-0760"
          unit="sentence"
          ecep:lem="."
          ecep:pos="."
          ecep:reg="."
          ecep:spe=".">.</pc>
   </head>
   <lg xml:id="oat77-s00190">
      <l xml:id="oat77-l01710">
         <w xml:id="oat77-036690"
            n="oat77/0038-a-0770"
            ecep:lem="from"
            ecep:pos="p-acp"
            ecep:reg="FRom"
            ecep:spe="FRom"
            ecep:syllab="1"
            ecep:pron="frɒm">FRom</w>
         <c> </c>
         <w xml:id="oat77-036700"
            n="oat77/0038-a-0780"
            ecep:lem="a"
            ecep:pos="dt"
            ecep:reg="a"
            ecep:spe="a"
            ecep:syllab="1"
            ecep:pron="ə">a</w>
         <c> </c>
         <w xml:id="oat77-036710"
            n="oat77/0038-a-0790"
            ecep:lem="tall"
            ecep:pos="j"
            ecep:reg="tall"
            ecep:spe="tall"
            ecep:syllab="1"
            ecep:pron="tɔːl">tall</w>
         <c> </c>
         <hi>
            <w xml:id="oat77-036720"
               n="oat77/0038-a-0800"
               ecep:lem="precipice"
               ecep:pos="n1"
               ecep:reg="Precipice"
               ecep:spe="Praecipice"
               ecep:syllab="3"
               ecep:pron="prˈiːsɪpɪs">Praecipice</w>
         </hi>
         <c> </c>
         <w xml:id="oat77-036730"
            n="oat77/0038-a-0810"
            ecep:lem="on"
            ecep:pos="p-acp"
            ecep:reg="on"
            ecep:spe="on"
            ecep:syllab="1"
            ecep:pron="ɒn">on</w>
         <c> </c>
         <w xml:id="oat77-036740"
            n="oat77/0038-a-0820"
            ecep:lem="the"
            ecep:pos="dt"
            ecep:reg="the"
            ecep:spe="the"
            ecep:syllab="1"
            ecep:pron="ðiː">the</w>
         <c> </c>
         <w xml:id="oat77-036750"
            n="oat77/0038-a-0830"
            ecep:lem="seaside"
            ecep:pos="n1"
            ecep:reg="Seaside"
            ecep:spe="Sea-side"
            ecep:syllab="2"
            ecep:pron="ˈsiːsaɪd">Sea-side</w>
         <pc xml:id="oat77-036760"
             n="oat77/0038-a-0840"
             ecep:lem=","
             ecep:pos=","
             ecep:reg=","
             ecep:spe=",">,</pc>
      </l>
      <l xml:id="oat77-l01715">
         <w xml:id="oat77-036770"
            n="oat77/0038-a-0850"
            ecep:lem="a"
            ecep:pos="dt"
            ecep:reg="A"
            ecep:spe="A"
            ecep:syllab="1"
            ecep:pron="ə">A</w>
         <c> </c>
         <w xml:id="oat77-036780"
            n="oat77/0038-a-0860"
            ecep:lem="reverend"
            ecep:pos="n-jn"
            ecep:reg="Reverend"
            ecep:spe="Rev'rend"
            ecep:syllab="2"
            ecep:pron="ˈrevrənd">Rev'rend</w>
         <c> </c>
         <hi>
            <w xml:id="oat77-036790"
               n="oat77/0038-a-0870"
               ecep:lem="Hermite"
               ecep:pos="np1"
               ecep:reg="Hermite"
               ecep:spe="Hermite"
               ecep:syllab="2"
               ecep:pron="hˈɜːmaɪt">Hermite</w>
         </hi>
         <c> </c>
         <w xml:id="oat77-036800"
            n="oat77/0038-a-0880"
            ecep:lem="view"
            ecep:pos="vvd"
            ecep:reg="viewed"
            ecep:spe="view'd"
            ecep:syllab="1"
            ecep:pron="vjuːd">view'd</w>
         <c> </c>
         <w xml:id="oat77-036810"
            n="oat77/0038-a-0890"
            ecep:lem="the"
            ecep:pos="dt"
            ecep:reg="the"
            ecep:spe="the"
            ecep:syllab="1"
            ecep:pron="ðiː">the</w>
         <c> </c>
         <w xml:id="oat77-036820"
            n="oat77/0038-a-0900"
            ecep:lem="spread"
            ecep:pos="j-vvg"
            ecep:reg="spreading"
            ecep:spe="spreading"
            ecep:syllab="2"
            ecep:pron="spredɪŋ">spreading</w>
         <c> </c>
         <w xml:id="oat77-036830"
            n="oat77/0038-a-0910"
            ecep:lem="tide"
            ecep:pos="n1"
            ecep:reg="Tide"
            ecep:spe="Tide"
            ecep:syllab="1"
            ecep:pron="taɪd">Tide</w>
         <pc xml:id="oat77-036840"
             n="oat77/0038-a-0920"
             ecep:lem=":"
             ecep:pos=":"
             ecep:reg=":"
             ecep:spe=":">:</pc>
      </l>
      <l xml:id="oat77-l01720">
         <w xml:id="oat77-036850"
            n="oat77/0038-a-0930"
            ecep:lem="the"
            ecep:pos="dt"
            ecep:reg="The"
            ecep:spe="The"
            ecep:syllab="1"
            ecep:pron="ðiː">The</w>
         <c> </c>
         <w xml:id="oat77-036860"
            n="oat77/0038-a-0940"
            ecep:lem="flood"
            ecep:pos="n1"
            ecep:reg="Flood"
            ecep:spe="Flood"
            ecep:syllab="1"
            ecep:pron="flʌd">Flood</w>
         <c> </c>
         <w xml:id="oat77-036870"
            n="oat77/0038-a-0950"
            ecep:lem="be"
            ecep:pos="vbds"
            ecep:reg="was"
            ecep:spe="was"
            ecep:syllab="1"
            ecep:pron="wɒz">was</w>
         <c> </c>
         <w xml:id="oat77-036880"
            n="oat77/0038-a-0960"
            ecep:lem="curl"
            ecep:pos="vvn"
            ecep:reg="curled"
            ecep:spe="curl'd"
            ecep:syllab="1"
            ecep:pron="kɜːld">curl'd</w>
         <c> </c>
         <w xml:id="oat77-036890"
            n="oat77/0038-a-0970"
            ecep:lem="with"
            ecep:pos="p-acp"
            ecep:reg="with"
            ecep:spe="with"
            ecep:syllab="1"
            ecep:pron="wɪð">with</w>
         <c> </c>
         <w xml:id="oat77-036900"
            n="oat77/0038-a-0980"
            ecep:lem="a"
            ecep:pos="dt"
            ecep:reg="a"
            ecep:spe="a"
            ecep:syllab="1"
            ecep:pron="ə">a</w>
         <c> </c>
         <w xml:id="oat77-036910"
            n="oat77/0038-a-0990"
            ecep:lem="become"
            ecep:pos="j-vvg"
            ecep:reg="becoming"
            ecep:spe="becoming"
            ecep:syllab="3"
            ecep:pron="bɪˈkʌmɪŋ">becoming</w>
         <c> </c>
         <w xml:id="oat77-036920"
            n="oat77/0038-a-1000"
            ecep:lem="wave"
            ecep:pos="n1"
            ecep:reg="Wave"
            ecep:spe="Wave"
            ecep:syllab="1"
            ecep:pron="weɪv">Wave</w>
         <pc xml:id="oat77-036930"
             n="oat77/0038-a-1010"
             ecep:lem=";"
             ecep:pos=";"
             ecep:reg=";"
             ecep:spe=";">;</pc>
      </l>
      <l xml:id="oat77-l01725">
         <w xml:id="oat77-036940"
            n="oat77/0038-a-1020"
            ecep:lem="but"
            ecep:pos="cc-acp"
            ecep:reg="But"
            ecep:spe="But"
            ecep:syllab="1"
            ecep:pron="bʌt">But</w>
         <c> </c>
         <w xml:id="oat77-036950"
            n="oat77/0038-a-1030"
            ecep:lem="no"
            ecep:pos="dx"
            ecep:reg="no"
            ecep:spe="no"
            ecep:syllab="1"
            ecep:pron="nəʊ">no</w>
         <c> </c>
         <w xml:id="oat77-036960"
            n="oat77/0038-a-1040"
            ecep:lem="presage"
            ecep:pos="n1"
            ecep:reg="Presage"
            ecep:spe="Praesage"
            ecep:syllab="2"
            ecep:pron="prˈiːsɪdʒ">Praesage</w>
         <c> </c>
         <w xml:id="oat77-036970"
            n="oat77/0038-a-1050"
            ecep:lem="of"
            ecep:pos="pp-f"
            ecep:reg="of"
            ecep:spe="of"
            ecep:syllab="1"
            ecep:pron="ɒv">of</w>
         <c> </c>
         <w xml:id="oat77-036980"
            n="oat77/0038-a-1060"
            ecep:lem="rise"
            ecep:pos="j-vvg"
            ecep:reg="rising"
            ecep:spe="rising"
            ecep:syllab="2"
            ecep:pron="ˈraɪzɪŋ">rising</w>
         <c> </c>
         <w xml:id="oat77-036990"
            n="oat77/0038-a-1070"
            ecep:lem="tempest"
            ecep:pos="n2"
            ecep:reg="Tempests"
            ecep:spe="Tempests"
            ecep:syllab="2"
            ecep:pron="ˈtempɪsts">Tempests</w>
         <c> </c>
         <w xml:id="oat77-037000"
            n="oat77/0038-a-1080"
            ecep:lem="give"
            ecep:pos="vvd"
            ecep:reg="gave"
            ecep:spe="gave"
            ecep:syllab="1"
            ecep:pron="geɪv">gave</w>
         <pc xml:id="oat77-037010"
             n="oat77/0038-a-1090"
             unit="sentence"
             ecep:lem="."
             ecep:pos="."
             ecep:reg="."
             ecep:spe=".">.</pc>
      </l>
      <l xml:id="oat77-l01730">
         <w xml:id="oat77-037020"
            n="oat77/0038-a-1100"
            ecep:lem="a"
            ecep:pos="dt"
            ecep:reg="A"
            ecep:spe="A"
            ecep:syllab="1"
            ecep:pron="ə">A</w>
         <c> </c>
         <w xml:id="oat77-037030"
            n="oat77/0038-a-1110"
            ecep:lem="goodly"
            ecep:pos="j"
            ecep:reg="goodly"
            ecep:spe="goodly"
            ecep:syllab="2"
            ecep:pron="ˈgʊdli">goodly</w>
         <c> </c>
         <w xml:id="oat77-037040"
            n="oat77/0038-a-1120"
            ecep:lem="ship"
            ecep:pos="n1"
            ecep:reg="Ship"
            ecep:spe="Ship"
            ecep:syllab="1"
            ecep:pron="ʃɪp">Ship</w>
         <c> </c>
         <w xml:id="oat77-037050"
            n="oat77/0038-a-1130"
            ecep:lem="be"
            ecep:pos="vbds"
            ecep:reg="was"
            ecep:spe="was"
            ecep:syllab="1"
            ecep:pron="wɒz">was</w>
         <c> </c>
         <w xml:id="oat77-037060"
            n="oat77/0038-a-1140"
            ecep:lem="coast"
            ecep:pos="vvg"
            ecep:reg="coasting"
            ecep:spe="coasting"
            ecep:syllab="2"
            ecep:pron="kəʊstɪŋ">coasting</w>
         <c> </c>
         <w xml:id="oat77-037070"
            n="oat77/0038-a-1150"
            ecep:lem="by"
            ecep:pos="p-acp"
            ecep:reg="by"
            ecep:spe="by"
            ecep:syllab="1"
            ecep:pron="baɪ">by</w>
         <c> </c>
         <w xml:id="oat77-037080"
            n="oat77/0038-a-1160"
            ecep:lem="the"
            ecep:pos="dt"
            ecep:reg="the"
            ecep:spe="the"
            ecep:syllab="1"
            ecep:pron="ðiː">the</w>
         <c> </c>
         <w xml:id="oat77-037090"
            n="oat77/0038-a-1170"
            ecep:lem="place"
            ecep:pos="n1"
            ecep:reg="Place"
            ecep:spe="Place"
            ecep:syllab="1"
            ecep:pron="pleɪs">Place</w>
         <pc xml:id="oat77-037100"
             n="oat77/0038-a-1180"
             ecep:lem=","
             ecep:pos=","
             ecep:reg=","
             ecep:spe=",">,</pc>
      </l>
      <l xml:id="oat77-l01735">
         <w xml:id="oat77-037110"
            n="oat77/0038-a-1190"
            ecep:lem="like"
            ecep:pos="av-j"
            ecep:reg="Like"
            ecep:spe="Like"
            ecep:syllab="1"
            ecep:pron="laɪk">Like</w>
         <c> </c>
         <w xml:id="oat77-037120"
            n="oat77/0038-a-1200"
            ecep:lem="a"
            ecep:pos="dt"
            ecep:reg="a"
            ecep:spe="a"
            ecep:syllab="1"
            ecep:pron="ə">a</w>
         <c> </c>
         <w xml:id="oat77-037130"
            n="oat77/0038-a-1210"
            ecep:lem="proud"
            ecep:pos="j"
            ecep:reg="proud"
            ecep:spe="proud"
            ecep:syllab="1"
            ecep:pron="praʊd">proud</w>
         <c> </c>
         <w xml:id="oat77-037140"
            n="oat77/0038-a-1220"
            ecep:lem="courser"
            ecep:pos="n1"
            ecep:reg="Courser"
            ecep:spe="Courser"
            ecep:syllab="2"
            ecep:pron="ˈkɔːsə">Courser</w>
         <c> </c>
         <hi>
            <w xml:id="oat77-037150"
               n="oat77/0038-a-1230"
               ecep:lem="foam"
               ecep:pos="vvg"
               ecep:reg="foaming"
               ecep:spe="foaming"
               ecep:syllab="2"
               ecep:pron="fəʊmɪŋ">foaming</w>
         </hi>
         <c> </c>
         <w xml:id="oat77-037160"
            n="oat77/0038-a-1240"
            ecep:lem="in"
            ecep:pos="p-acp"
            ecep:reg="in"
            ecep:spe="in"
            ecep:syllab="1"
            ecep:pron="ɪn">in</w>
         <c> </c>
         <w xml:id="oat77-037170"
            n="oat77/0038-a-1250"
            ecep:lem="her"
            ecep:pos="po31"
            ecep:reg="her"
            ecep:spe="her"
            ecep:syllab="1"
            ecep:pron="hɜː">her</w>
         <c> </c>
         <w xml:id="oat77-037180"
            n="oat77/0038-a-1260"
            ecep:lem="pace"
            ecep:pos="n1"
            ecep:reg="Pace"
            ecep:spe="Pace"
            ecep:syllab="1"
            ecep:pron="ˈpeɪsi">Pace</w>
         <pc xml:id="oat77-037190"
             n="oat77/0038-a-1270"
             ecep:lem=";"
             ecep:pos=";"
             ecep:reg=";"
             ecep:spe=";">;</pc>
      </l>
      <pb facs="oat77/0039" n="25" rend="none"/>
      <l xml:id="oat77-l01740">
         <w xml:id="oat77-037200"
            n="oat77/0039-a-0010"
            ecep:lem="with"
            ecep:pos="p-acp"
            ecep:reg="With"
            ecep:spe="With"
            ecep:syllab="1"
            ecep:pron="wɪð">With</w>
         <c> </c>
         <w xml:id="oat77-037210"
            n="oat77/0039-a-0020"
            ecep:lem="flatter"
            ecep:pos="j-vvg"
            ecep:reg="flattering"
            ecep:spe="flatt'ring"
            ecep:syllab="2"
            ecep:pron="ˈflætrɪŋ">flatt'ring</w>
         <c> </c>
         <w xml:id="oat77-037220"
            n="oat77/0039-a-0030"
            ecep:lem="courtship"
            ecep:pos="n1"
            ecep:reg="Courtship"
            ecep:spe="Courtship"
            ecep:syllab="2"
            ecep:pron="ˈkɔːtʃɪp">Courtship</w>
         <pc xml:id="oat77-037230"
             n="oat77/0039-a-0040"
             ecep:lem=","
             ecep:pos=","
             ecep:reg=","
             ecep:spe=",">,</pc>
         <c> </c>
         <w xml:id="oat77-037240"
            n="oat77/0039-a-0050"
            ecep:lem="the"
            ecep:pos="dt"
            ecep:reg="the"
            ecep:spe="the"
            ecep:syllab="1"
            ecep:pron="ðiː">the</w>
         <c> </c>
         <w xml:id="oat77-037250"
            n="oat77/0039-a-0060"
            ecep:lem="lascivious"
            ecep:pos="j"
            ecep:reg="Lascivious"
            ecep:spe="Lascivious"
            ecep:syllab="4"
            ecep:pron="ləˈsɪviəs">Lascivious</w>
         <c> </c>
         <w xml:id="oat77-037260"
            n="oat77/0039-a-0070"
            ecep:lem="Gails"
            ecep:pos="np1"
            ecep:reg="Gails"
            ecep:spe="Gails"
            ecep:syllab="1"
            ecep:pron="gˈeɪlz">Gails</w>
      </l>
      <l xml:id="oat77-l01745">
         <w xml:id="oat77-037270"
            n="oat77/0039-a-0080"
            ecep:lem="her"
            ecep:pos="po31"
            ecep:reg="Her"
            ecep:spe="Her"
            ecep:syllab="1"
            ecep:pron="hɜː">Her</w>
         <c> </c>
         <w xml:id="oat77-037280"
            n="oat77/0039-a-0090"
            ecep:lem="streamer"
            ecep:pos="n2"
            ecep:reg="Streamers"
            ecep:spe="Streamers"
            ecep:syllab="2"
            ecep:pron="ˈstriːməz">Streamers</w>
         <c> </c>
         <w xml:id="oat77-037290"
            n="oat77/0039-a-0100"
            ecep:lem="curl"
            ecep:pos="vvd"
            ecep:reg="curled"
            ecep:spe="curl'd"
            ecep:syllab="1"
            ecep:pron="kɜːld">curl'd</w>
         <pc xml:id="oat77-037300"
             n="oat77/0039-a-0110"
             ecep:lem=","
             ecep:pos=","
             ecep:reg=","
             ecep:spe=",">,</pc>
         <c> </c>
         <w xml:id="oat77-037310"
            n="oat77/0039-a-0120"
            ecep:lem="and"
            ecep:pos="cc"
            ecep:reg="and"
            ecep:spe="and"
            ecep:syllab="1"
            ecep:pron="ænd">and</w>
         <c> </c>
         <w xml:id="oat77-037320"
            n="oat77/0039-a-0130"
            ecep:lem="wanton"
            ecep:pos="vvd"
            ecep:reg="wantoned"
            ecep:spe="wanton'd"
            ecep:syllab="2"
            ecep:pron="ˈwɒntənd">wanton'd</w>
         <c> </c>
         <w xml:id="oat77-037330"
            n="oat77/0039-a-0140"
            ecep:lem="in"
            ecep:pos="p-acp"
            ecep:reg="in"
            ecep:spe="in"
            ecep:syllab="1"
            ecep:pron="ɪn">in</w>
         <c> </c>
         <w xml:id="oat77-037340"
            n="oat77/0039-a-0150"
            ecep:lem="her"
            ecep:pos="po31"
            ecep:reg="her"
            ecep:spe="her"
            ecep:syllab="1"
            ecep:pron="hɜː">her</w>
         <c> </c>
         <w xml:id="oat77-037350"
            n="oat77/0039-a-0160"
            ecep:lem="sail"
            ecep:pos="n1"
            ecep:reg="Sails"
            ecep:spe="Sails"
            ecep:syllab="1"
            ecep:pron="seɪlz">Sails</w>
         <pc xml:id="oat77-037360"
             n="oat77/0039-a-0170"
             unit="sentence"
             ecep:lem="."
             ecep:pos="."
             ecep:reg="."
             ecep:spe=".">.</pc>
      </l>
      <l xml:id="oat77-l01750">
         <w xml:id="oat77-037370"
            n="oat77/0039-a-0180"
            ecep:lem="the"
            ecep:pos="dt"
            ecep:reg="The"
            ecep:spe="The"
            ecep:syllab="1"
            ecep:pron="ðiː">The</w>
         <c> </c>
         <w xml:id="oat77-037380"
            n="oat77/0039-a-0190"
            ecep:lem="wave"
            ecep:pos="n2"
            ecep:reg="Waves"
            ecep:spe="Waves"
            ecep:syllab="1"
            ecep:pron="weɪvz">Waves</w>
         <c> </c>
         <w xml:id="oat77-037390"
            n="oat77/0039-a-0200"
            ecep:lem="divide"
            ecep:pos="vvb"
            ecep:reg="divide"
            ecep:spe="divide"
            ecep:syllab="2"
            ecep:pron="dɪˈvaɪd">divide</w>
         <c> </c>
         <w xml:id="oat77-037400"
            n="oat77/0039-a-0210"
            ecep:lem="to"
            ecep:pos="pc-acp"
            ecep:reg="to"
            ecep:spe="to"
            ecep:syllab="1"
            ecep:pron="tuː">to</w>
         <c> </c>
         <w xml:id="oat77-037410"
            n="oat77/0039-a-0220"
            ecep:lem="give"
            ecep:pos="vvi"
            ecep:reg="give"
            ecep:spe="give"
            ecep:syllab="1"
            ecep:pron="gɪv">give</w>
         <c> </c>
         <w xml:id="oat77-037420"
            n="oat77/0039-a-0230"
            ecep:lem="the"
            ecep:pos="dt"
            ecep:reg="the"
            ecep:spe="the"
            ecep:syllab="1"
            ecep:pron="ðiː">the</w>
         <c> </c>
         <hi>
            <w xml:id="oat77-037430"
               n="oat77/0039-a-0240"
               ecep:lem="pageant"
               ecep:pos="n1"
               ecep:reg="Pageant"
               ecep:spe="Pageant"
               ecep:syllab="2"
               ecep:pron="ˈpædʒənt">Pageant</w>
         </hi>
         <c> </c>
         <w xml:id="oat77-037440"
            n="oat77/0039-a-0250"
            ecep:lem="way"
            ecep:pos="n1"
            ecep:reg="way"
            ecep:spe="way"
            ecep:syllab="1"
            ecep:pron="weɪ">way</w>
         <pc xml:id="oat77-037450"
             n="oat77/0039-a-0260"
             ecep:lem=";"
             ecep:pos=";"
             ecep:reg=";"
             ecep:spe=";">;</pc>
      </l>
      <l xml:id="oat77-l01755">
         <w xml:id="oat77-037460"
            n="oat77/0039-a-0270"
            ecep:lem="then"
            ecep:pos="av"
            ecep:reg="Then"
            ecep:spe="Then"
            ecep:syllab="1"
            ecep:pron="ðen">Then</w>
         <c> </c>
         <w xml:id="oat77-037470"
            n="oat77/0039-a-0280"
            ecep:lem="close"
            ecep:pos="av-j"
            ecep:reg="close"
            ecep:spe="close"
            ecep:syllab="1"
            ecep:pron="kləʊz">close</w>
         <pc xml:id="oat77-037480"
             n="oat77/0039-a-0290"
             ecep:lem=","
             ecep:pos=","
             ecep:reg=","
             ecep:spe=",">,</pc>
         <c> </c>
         <w xml:id="oat77-037490"
            n="oat77/0039-a-0300"
            ecep:lem="and"
            ecep:pos="cc"
            ecep:reg="and"
            ecep:spe="and"
            ecep:syllab="1"
            ecep:pron="ænd">and</w>
         <c> </c>
         <w xml:id="oat77-037500"
            n="oat77/0039-a-0310"
            ecep:lem="with"
            ecep:pos="p-acp"
            ecep:reg="with"
            ecep:spe="with"
            ecep:syllab="1"
            ecep:pron="wɪð">with</w>
         <c> </c>
         <w xml:id="oat77-037510"
            n="oat77/0039-a-0320"
            ecep:lem="raise"
            ecep:pos="j-vvn"
            ecep:reg="raised"
            ecep:spe="rais'd"
            ecep:syllab="1"
            ecep:pron="reɪzd">rais'd</w>
         <c> </c>
         <w xml:id="oat77-037520"
            n="oat77/0039-a-0330"
            ecep:lem="head"
            ecep:pos="n2"
            ecep:reg="Heads"
            ecep:spe="Heads"
            ecep:syllab="1"
            ecep:pron="hedz">Heads</w>
         <pc xml:id="oat77-037530"
             n="oat77/0039-a-0340"
             ecep:lem=","
             ecep:pos=","
             ecep:reg=","
             ecep:spe=",">,</pc>
         <c> </c>
         <w xml:id="oat77-037540"
            n="oat77/0039-a-0350"
            ecep:lem="the"
            ecep:pos="dt"
            ecep:reg="the"
            ecep:spe="the"
            ecep:syllab="1"
            ecep:pron="ðiː">the</w>
         <c> </c>
         <hi>
            <w xml:id="oat77-037550"
               n="oat77/0039-a-0360"
               ecep:lem="pomp"
               ecep:pos="n1"
               ecep:reg="Pomp"
               ecep:spe="Pomp"
               ecep:syllab="1"
               ecep:pron="pɒmp">Pomp</w>
         </hi>
         <c> </c>
         <w xml:id="oat77-037560"
            n="oat77/0039-a-0370"
            ecep:lem="survey"
            ecep:pos="n1"
            ecep:reg="survey"
            ecep:spe="survey"
            ecep:syllab="2"
            ecep:pron="ˈsɜːveɪ">survey</w>
         <pc xml:id="oat77-037570"
             n="oat77/0039-a-0380"
             unit="sentence"
             ecep:lem="."
             ecep:pos="."
             ecep:reg="."
             ecep:spe=".">.</pc>
      </l>
      <l xml:id="oat77-l01760">
         <w xml:id="oat77-037580"
            n="oat77/0039-a-0390"
            ecep:lem="while"
            ecep:pos="cs"
            ecep:reg="While"
            ecep:spe="Whilst"
            ecep:syllab="1"
            ecep:pron="waɪlst">Whilst</w>
         <c> </c>
         <w xml:id="oat77-037590"
            n="oat77/0039-a-0400"
            ecep:lem="the"
            ecep:pos="dt"
            ecep:reg="the"
            ecep:spe="the"
            ecep:syllab="1"
            ecep:pron="ðiː">the</w>
         <c> </c>
         <w xml:id="oat77-037600"
            n="oat77/0039-a-0410"
            ecep:lem="grave"
            ecep:pos="j"
            ecep:reg="grave"
            ecep:spe="grave"
            ecep:syllab="1"
            ecep:pron="grɑːv">grave</w>
         <c> </c>
         <w xml:id="oat77-037610"
            n="oat77/0039-a-0420"
            ecep:lem="man"
            ecep:pos="n1"
            ecep:reg="Man"
            ecep:spe="Man"
            ecep:syllab="1"
            ecep:pron="mæn">Man</w>
         <c> </c>
         <w xml:id="oat77-037620"
            n="oat77/0039-a-0430"
            ecep:lem="this"
            ecep:pos="d"
            ecep:reg="this"
            ecep:spe="this"
            ecep:syllab="1"
            ecep:pron="ðɪs">this</w>
         <c> </c>
         <w xml:id="oat77-037630"
            n="oat77/0039-a-0440"
            ecep:lem="spectacle"
            ecep:pos="n1"
            ecep:reg="spectacle"
            ecep:spe="spectacle"
            ecep:syllab="3"
            ecep:pron="ˈspektəkl">spectacle</w>
         <c> </c>
         <w xml:id="oat77-037640"
            n="oat77/0039-a-0450"
            ecep:lem="intend"
            ecep:pos="vvz"
            ecep:reg="intends"
            ecep:spe="intends"
            ecep:syllab="2"
            ecep:pron="ɪnˈtendz">intends</w>
         <pc xml:id="oat77-037650"
             n="oat77/0039-a-0460"
             ecep:lem=","
             ecep:pos=","
             ecep:reg=","
             ecep:spe=",">,</pc>
      </l>
      <l xml:id="oat77-l01765">
         <pc xml:id="oat77-037660"
             n="oat77/0039-a-0470"
             ecep:lem="("
             ecep:pos="("
             ecep:reg="("
             ecep:spe="(">(</pc>
         <w xml:id="oat77-037670"
            n="oat77/0039-a-0480"
            ecep:lem="please"
            ecep:pos="vvn"
            ecep:reg="Pleased"
            ecep:spe="Pleas'd"
            ecep:syllab="1"
            ecep:pron="pliːzd">Pleas'd</w>
         <c> </c>
         <w xml:id="oat77-037680"
            n="oat77/0039-a-0490"
            ecep:lem="with"
            ecep:pos="p-acp"
            ecep:reg="with"
            ecep:spe="with"
            ecep:syllab="1"
            ecep:pron="wɪð">with</w>
         <c> </c>
         <w xml:id="oat77-037690"
            n="oat77/0039-a-0500"
            ecep:lem="the"
            ecep:pos="dt"
            ecep:reg="the"
            ecep:spe="the"
            ecep:syllab="1"
            ecep:pron="ðiː">the</w>
         <c> </c>
         <w xml:id="oat77-037700"
            n="oat77/0039-a-0510"
            ecep:lem="sight"
            ecep:pos="n1"
            ecep:reg="sight"
            ecep:spe="sight"
            ecep:syllab="1"
            ecep:pron="saɪt">sight</w>
         <pc xml:id="oat77-037710"
             n="oat77/0039-a-0520"
             ecep:lem=")"
             ecep:pos=")"
             ecep:reg=")"
             ecep:spe=")">)</pc>
         <c> </c>
         <w xml:id="oat77-037720"
            n="oat77/0039-a-0530"
            ecep:lem="a"
            ecep:pos="dt"
            ecep:reg="a"
            ecep:spe="a"
            ecep:syllab="1"
            ecep:pron="ə">a</w>
         <c> </c>
         <w xml:id="oat77-037730"
            n="oat77/0039-a-0540"
            ecep:lem="sudden"
            ecep:pos="j"
            ecep:reg="sudden"
            ecep:spe="suddain"
            ecep:syllab="2"
            ecep:pron="sʌdˈeɪn">suddain</w>
         <c> </c>
         <w xml:id="oat77-037740"
            n="oat77/0039-a-0550"
            ecep:lem="storm"
            ecep:pos="n1"
            ecep:reg="Storm"
            ecep:spe="Storm"
            ecep:syllab="1"
            ecep:pron="stɔːm">Storm</w>
         <c> </c>
         <w xml:id="oat77-037750"
            n="oat77/0039-a-0560"
            ecep:lem="descend"
            ecep:pos="vvz"
            ecep:reg="descends"
            ecep:spe="descends"
            ecep:syllab="2"
            ecep:pron="dɪˈsendz">descends</w>
         <pc xml:id="oat77-037760"
             n="oat77/0039-a-0570"
             unit="sentence"
             ecep:lem="."
             ecep:pos="."
             ecep:reg="."
             ecep:spe=".">.</pc>
      </l>
      <l xml:id="oat77-l01770">
         <w xml:id="oat77-037770"
            n="oat77/0039-a-0580"
            ecep:lem="the"
            ecep:pos="dt"
            ecep:reg="The"
            ecep:spe="The"
            ecep:syllab="1"
            ecep:pron="ðiː">The</w>
         <c> </c>
         <w xml:id="oat77-037780"
            n="oat77/0039-a-0590"
            ecep:lem="wind"
            ecep:pos="n2"
            ecep:reg="Winds"
            ecep:spe="Winds"
            ecep:syllab="1"
            ecep:pron="wɪndz">Winds</w>
         <c> </c>
         <w xml:id="oat77-037790"
            n="oat77/0039-a-0600"
            ecep:lem="grow"
            ecep:pos="vvb"
            ecep:reg="grow"
            ecep:spe="grow"
            ecep:syllab="1"
            ecep:pron="grəʊ">grow</w>
         <c> </c>
         <w xml:id="oat77-037800"
            n="oat77/0039-a-0610"
            ecep:lem="rude"
            ecep:pos="j"
            ecep:reg="rude"
            ecep:spe="rude"
            ecep:syllab="1"
            ecep:pron="ruːd">rude</w>
         <pc xml:id="oat77-037810"
             n="oat77/0039-a-0620"
             ecep:lem=","
             ecep:pos=","
             ecep:reg=","
             ecep:spe=",">,</pc>
         <c> </c>
         <w xml:id="oat77-037820"
            n="oat77/0039-a-0630"
            ecep:lem="and"
            ecep:pos="cc"
            ecep:reg="and"
            ecep:spe="and"
            ecep:syllab="1"
            ecep:pron="ænd">and</w>
         <c> </c>
         <w xml:id="oat77-037830"
            n="oat77/0039-a-0640"
            ecep:lem="rend"
            ecep:pos="vvi"
            ecep:reg="rend"
            ecep:spe="rend"
            ecep:syllab="1"
            ecep:pron="rend">rend</w>
         <c> </c>
         <w xml:id="oat77-037840"
            n="oat77/0039-a-0650"
            ecep:lem="the"
            ecep:pos="dt"
            ecep:reg="the"
            ecep:spe="the"
            ecep:syllab="1"
            ecep:pron="ðiː">the</w>
         <c> </c>
         <w xml:id="oat77-037850"
            n="oat77/0039-a-0660"
            ecep:lem="shake"
            ecep:pos="vvn"
            ecep:reg="shaken"
            ecep:spe="shaken"
            ecep:syllab="2"
            ecep:pron="ˈʃeɪkn">shaken</w>
         <c> </c>
         <w xml:id="oat77-037860"
            n="oat77/0039-a-0670"
            ecep:lem="boat"
            ecep:pos="n1"
            ecep:reg="Boat"
            ecep:spe="Boat"
            ecep:syllab="1"
            ecep:pron="bəʊt">Boat</w>
         <pc xml:id="oat77-037870"
             n="oat77/0039-a-0680"
             ecep:lem=";"
             ecep:pos=";"
             ecep:reg=";"
             ecep:spe=";">;</pc>
      </l>
      <l xml:id="oat77-l01775">
         <w xml:id="oat77-037880"
            n="oat77/0039-a-0690"
            ecep:lem="on"
            ecep:pos="p-acp"
            ecep:reg="On"
            ecep:spe="On"
            ecep:syllab="1"
            ecep:pron="ɒn">On</w>
         <c> </c>
         <w xml:id="oat77-037890"
            n="oat77/0039-a-0700"
            ecep:lem="the"
            ecep:pos="dt"
            ecep:reg="the"
            ecep:spe="the"
            ecep:syllab="1"
            ecep:pron="ðiː">the</w>
         <c> </c>
         <w xml:id="oat77-037900"
            n="oat77/0039-a-0710"
            ecep:lem="swell"
            ecep:pos="j-vvn"
            ecep:reg="swollen"
            ecep:spe="swoln"
            ecep:syllab="1"
            ecep:pron="ˈswəʊln">swoln</w>
         <c> </c>
         <w xml:id="oat77-037910"
            n="oat77/0039-a-0720"
            ecep:lem="flood"
            ecep:pos="n1"
            ecep:reg="Flood"
            ecep:spe="Flood"
            ecep:syllab="1"
            ecep:pron="flʌd">Flood</w>
         <pc xml:id="oat77-037920"
             n="oat77/0039-a-0730"
             ecep:lem=","
             ecep:pos=","
             ecep:reg=","
             ecep:spe=",">,</pc>
         <c> </c>
         <w xml:id="oat77-037930"
            n="oat77/0039-a-0740"
            ecep:lem="the"
            ecep:pos="dt"
            ecep:reg="the"
            ecep:spe="the"
            ecep:syllab="1"
            ecep:pron="ðiː">the</w>
         <c> </c>
         <w xml:id="oat77-037940"
            n="oat77/0039-a-0750"
            ecep:lem="tatter"
            ecep:pos="j-vvn"
            ecep:reg="tattered"
            ecep:spe="tatter'd"
            ecep:syllab="2"
            ecep:pron="ˈtætəd">tatter'd</w>
         <c> </c>
         <w xml:id="oat77-037950"
            n="oat77/0039-a-0760"
            ecep:lem="streamer"
            ecep:pos="n2"
            ecep:reg="Streamers"
            ecep:spe="Streamers"
            ecep:syllab="2"
            ecep:pron="ˈstriːməz">Streamers</w>
         <c> </c>
         <w xml:id="oat77-037960"
            n="oat77/0039-a-0770"
            ecep:lem="float"
            ecep:pos="vvi"
            ecep:reg="float"
            ecep:spe="float"
            ecep:syllab="1"
            ecep:pron="fləʊt">float</w>
         <pc xml:id="oat77-037970"
             n="oat77/0039-a-0780"
             ecep:lem=":"
             ecep:pos=":"
             ecep:reg=":"
             ecep:spe=":">:</pc>
      </l>
      <l xml:id="oat77-l01780">
         <w xml:id="oat77-037980"
            n="oat77/0039-a-0790"
            ecep:lem="so"
            ecep:pos="av"
            ecep:reg="So"
            ecep:spe="So"
            ecep:syllab="1"
            ecep:pron="səʊ">So</w>
         <pc xml:id="oat77-037990"
             n="oat77/0039-a-0800"
             ecep:lem=","
             ecep:pos=","
             ecep:reg=","
             ecep:spe=",">,</pc>
         <c> </c>
         <w xml:id="oat77-038000"
            n="oat77/0039-a-0810"
            ecep:lem="blossom"
            ecep:pos="n2"
            ecep:reg="Blossoms"
            ecep:spe="Blossoms"
            ecep:syllab="2"
            ecep:pron="ˈblɒsmz">Blossoms</w>
         <c> </c>
         <w xml:id="oat77-038010"
            n="oat77/0039-a-0820"
            ecep:lem="with"
            ecep:pos="p-acp"
            ecep:reg="with"
            ecep:spe="with"
            ecep:syllab="1"
            ecep:pron="wɪð">with</w>
         <c> </c>
         <w xml:id="oat77-038020"
            n="oat77/0039-a-0830"
            ecep:lem="too"
            ecep:pos="av"
            ecep:reg="too"
            ecep:spe="too"
            ecep:syllab="1"
            ecep:pron="tuː">too</w>
         <c> </c>
         <w xml:id="oat77-038030"
            n="oat77/0039-a-0840"
            ecep:lem="violent"
            ecep:pos="j"
            ecep:reg="violent"
            ecep:spe="violent"
            ecep:syllab="3"
            ecep:pron="ˈvaɪəlnt">violent</w>
         <c> </c>
         <w xml:id="oat77-038040"
            n="oat77/0039-a-0850"
            ecep:lem="a"
            ecep:pos="dt"
            ecep:reg="a"
            ecep:spe="a"
            ecep:syllab="1"
            ecep:pron="ə">a</w>
         <c> </c>
         <w xml:id="oat77-038050"
            n="oat77/0039-a-0860"
            ecep:lem="breeze"
            ecep:pos="n1"
            ecep:reg="Breeze"
            ecep:spe="Breeze"
            ecep:syllab="1"
            ecep:pron="briːz">Breeze</w>
         <pc xml:id="oat77-038060"
             n="oat77/0039-a-0870"
             ecep:lem=","
             ecep:pos=","
             ecep:reg=","
             ecep:spe=",">,</pc>
      </l>
      <l xml:id="oat77-l01785">
         <w xml:id="oat77-038070"
            n="oat77/0039-a-0880"
            ecep:lem="be"
            ecep:pos="vbb"
            ecep:reg="Are"
            ecep:spe="Are"
            ecep:syllab="1"
            ecep:pron="ɑː">Are</w>
         <c> </c>
         <w xml:id="oat77-038080"
            n="oat77/0039-a-0890"
            ecep:lem="tear"
            ecep:pos="vvn"
            ecep:reg="torn"
            ecep:spe="torn"
            ecep:syllab="1"
            ecep:pron="tɔːn">torn</w>
         <pc xml:id="oat77-038090"
             n="oat77/0039-a-0900"
             ecep:lem=","
             ecep:pos=","
             ecep:reg=","
             ecep:spe=",">,</pc>
         <c> </c>
         <w xml:id="oat77-038100"
            n="oat77/0039-a-0910"
            ecep:lem="and"
            ecep:pos="cc"
            ecep:reg="and"
            ecep:spe="and"
            ecep:syllab="1"
            ecep:pron="ænd">and</w>
         <c> </c>
         <w xml:id="oat77-038110"
            n="oat77/0039-a-0920"
            ecep:lem="scatter"
            ecep:pos="vvd"
            ecep:reg="scattered"
            ecep:spe="scatter'd"
            ecep:syllab="2"
            ecep:pron="ˈskætəd">scatter'd</w>
         <c> </c>
         <w xml:id="oat77-038120"
            n="oat77/0039-a-0930"
            ecep:lem="round"
            ecep:pos="av-j"
            ecep:reg="round"
            ecep:spe="round"
            ecep:syllab="1"
            ecep:pron="raʊnd">round</w>
         <c> </c>
         <w xml:id="oat77-038130"
            n="oat77/0039-a-0940"
            ecep:lem="their"
            ecep:pos="po32"
            ecep:reg="their"
            ecep:spe="their"
            ecep:syllab="1"
            ecep:pron="ðeə">their</w>
         <c> </c>
         <w xml:id="oat77-038140"
            n="oat77/0039-a-0950"
            ecep:lem="shake"
            ecep:pos="vvn"
            ecep:reg="shaken"
            ecep:spe="shaken"
            ecep:syllab="2"
            ecep:pron="ˈʃeɪkn">shaken</w>
         <c> </c>
         <w xml:id="oat77-038150"
            n="oat77/0039-a-0960"
            ecep:lem="tree"
            ecep:pos="n2"
            ecep:reg="Trees"
            ecep:spe="Trees"
            ecep:syllab="1"
            ecep:pron="triːz">Trees</w>
         <pc xml:id="oat77-038160"
             n="oat77/0039-a-0970"
             unit="sentence"
             ecep:lem="."
             ecep:pos="."
             ecep:reg="."
             ecep:spe=".">.</pc>
      </l>
      <l rhyme="aabab" xml:id="oat77-l01790">
         <w xml:id="oat77-038170"
            n="oat77/0039-a-0980"
            ecep:lem="then"
            ecep:pos="av"
            ecep:reg="Then"
            ecep:spe="Then"
            ecep:syllab="1"
            ecep:pron="ðen">Then</w>
         <pc xml:id="oat77-038180"
             n="oat77/0039-a-0990"
             ecep:lem=","
             ecep:pos=","
             ecep:reg=","
             ecep:spe=",">,</pc>
         <c> </c>
         <w xml:id="oat77-038190"
            n="oat77/0039-a-1000"
            ecep:lem="to"
            ecep:pos="p-acp"
            ecep:reg="to"
            ecep:spe="to"
            ecep:syllab="1"
            ecep:pron="tuː">to</w>
         <c> </c>
         <w xml:id="oat77-038200"
            n="oat77/0039-a-1010"
            ecep:lem="his"
            ecep:pos="po31"
            ecep:reg="his"
            ecep:spe="his"
            ecep:syllab="1"
            ecep:pron="hɪz">his</w>
         <c> </c>
         <w xml:id="oat77-038210"
            n="oat77/0039-a-1020"
            ecep:lem="cell"
            ecep:pos="n1"
            ecep:reg="Cell"
            ecep:spe="Cell"
            ecep:syllab="1"
            ecep:pron="sel">Cell</w>
         <c> </c>
         <w xml:id="oat77-038220"
            n="oat77/0039-a-1030"
            ecep:lem="return"
            ecep:pos="vvd"
            ecep:reg="returned"
            ecep:spe="return'd"
            ecep:syllab="2"
            ecep:pron="rɪˈtɜːnd">return'd</w>
         <pc xml:id="oat77-038230"
             n="oat77/0039-a-1040"
             ecep:lem=","
             ecep:pos=","
             ecep:reg=","
             ecep:spe=",">,</pc>
         <c> </c>
         <w xml:id="oat77-038240"
            n="oat77/0039-a-1050"
            ecep:lem="the"
            ecep:pos="dt"
            ecep:reg="the"
            ecep:spe="the"
            ecep:syllab="1"
            ecep:pron="ðiː">the</w>
         <c> </c>
         <hi>
            <w xml:id="oat77-038250"
               n="oat77/0039-a-1060"
               ecep:lem="anchorite"
               ecep:pos="n1"
               ecep:reg="Anchorite"
               ecep:spe="Anchorite"
               ecep:syllab="3"
               ecep:pron="ˈæŋkraɪt">Anchorite</w>
         </hi>
      </l>
      <l rhyme="aabab" xml:id="oat77-l01795">
         <w xml:id="oat77-038260"
            n="oat77/0039-a-1070"
            ecep:lem="draw"
            ecep:pos="vvz"
            ecep:reg="Draws"
            ecep:spe="Draws"
            ecep:syllab="1"
            ecep:pron="drɔːz">Draws</w>
         <c> </c>
         <w xml:id="oat77-038270"
            n="oat77/0039-a-1080"
            ecep:lem="sage"
            ecep:pos="j-jn"
            ecep:reg="sage"
            ecep:spe="sage"
            ecep:syllab="1"
            ecep:pron="seɪdʒ">sage</w>
         <c> </c>
         <hi>
            <w xml:id="oat77-038280"
               n="oat77/0039-a-1090"
               ecep:lem="remark"
               ecep:pos="n2"
               ecep:reg="Remarks"
               ecep:spe="Remarques"
               ecep:syllab="3"
               ecep:pron="rɪmˈɑːks">Remarques</w>
         </hi>
         <c> </c>
         <w xml:id="oat77-038290"
            n="oat77/0039-a-1100"
            ecep:lem="from"
            ecep:pos="p-acp"
            ecep:reg="from"
            ecep:spe="from"
            ecep:syllab="1"
            ecep:pron="frɒm">from</w>
         <c> </c>
         <w xml:id="oat77-038300"
            n="oat77/0039-a-1110"
            ecep:lem="this"
            ecep:pos="d"
            ecep:reg="this"
            ecep:spe="this"
            ecep:syllab="1"
            ecep:pron="ðɪs">this</w>
         <c> </c>
         <w xml:id="oat77-038310"
            n="oat77/0039-a-1120"
            ecep:lem="disastrous"
            ecep:pos="j"
            ecep:reg="Disastrous"
            ecep:spe="Disastrous"
            ecep:syllab="3"
            ecep:pron="dɪˈzɑːstrəs">Disastrous</w>
         <c> </c>
         <w xml:id="oat77-038320"
            n="oat77/0039-a-1130"
            ecep:lem="sight"
            ecep:pos="n1"
            ecep:reg="sight"
            ecep:spe="sight"
            ecep:syllab="1"
            ecep:pron="saɪt">sight</w>
      </l>
      <l rhyme="aabab" xml:id="oat77-l01800">
         <w xml:id="oat77-038330"
            n="oat77/0039-a-1140"
            ecep:lem="of"
            ecep:pos="pp-f"
            ecep:reg="Of"
            ecep:spe="Of"
            ecep:syllab="1"
            ecep:pron="ɒv">Of</w>
         <c> </c>
         <w xml:id="oat77-038340"
            n="oat77/0039-a-1150"
            ecep:lem="earthly"
            ecep:pos="j"
            ecep:reg="Earthly"
            ecep:spe="Earthly"
            ecep:syllab="2"
            ecep:pron="ˈɜːθli">Earthly</w>
         <c> </c>
         <hi>
            <w xml:id="oat77-038350"
               n="oat77/0039-a-1160"
               ecep:lem="grandeur"
               ecep:pos="n1"
               ecep:reg="Grandeur"
               ecep:spe="Grandeur"
               ecep:syllab="2"
               ecep:pron="ˈgrændʒə">Grandeur</w>
            <pc xml:id="oat77-038360"
                n="oat77/0039-a-1170"
                ecep:lem=","
                ecep:pos=","
                ecep:reg=","
                ecep:spe=",">,</pc>
         </hi>
         <c> </c>
         <w xml:id="oat77-038370"
            n="oat77/0039-a-1180"
            ecep:lem="weigh"
            ecep:pos="vvz"
            ecep:reg="weighs"
            ecep:spe="weighs"
            ecep:syllab="1"
            ecep:pron="weɪz">weighs</w>
         <c> </c>
         <w xml:id="oat77-038380"
            n="oat77/0039-a-1190"
            ecep:lem="the"
            ecep:pos="dt"
            ecep:reg="the"
            ecep:spe="the"
            ecep:syllab="1"
            ecep:pron="ðiː">the</w>
         <c> </c>
         <w xml:id="oat77-038390"
            n="oat77/0039-a-1200"
            ecep:lem="uncertain"
            ecep:pos="j"
            ecep:reg="Uncertain"
            ecep:spe="Uncertain"
            ecep:syllab="3"
            ecep:pron="ʌnˈsɜːtn">Uncertain</w>
         <c> </c>
         <w xml:id="oat77-038400"
            n="oat77/0039-a-1210"
            ecep:lem="state"
            ecep:pos="n1"
            ecep:reg="state"
            ecep:spe="state"
            ecep:syllab="1"
            ecep:pron="steɪt">state</w>
         <pc xml:id="oat77-038410"
             n="oat77/0039-a-1220"
             ecep:lem=";"
             ecep:pos=";"
             ecep:reg=";"
             ecep:spe=";">;</pc>
      </l>
      <l rhyme="aabab" xml:id="oat77-l01805">
         <w xml:id="oat77-038420"
            n="oat77/0039-a-1230"
            ecep:lem="which"
            ecep:pos="r-crq"
            ecep:reg="Which"
            ecep:spe="Which"
            ecep:syllab="1"
            ecep:pron="wɪtʃ">Which</w>
         <pc xml:id="oat77-038430"
             n="oat77/0039-a-1240"
             ecep:lem=","
             ecep:pos=","
             ecep:reg=","
             ecep:spe=",">,</pc>
         <c> </c>
         <w xml:id="oat77-038440"
            n="oat77/0039-a-1250"
            ecep:lem="in"
            ecep:pos="p-acp"
            ecep:reg="in"
            ecep:spe="in"
            ecep:syllab="1"
            ecep:pron="ɪn">in</w>
         <c> </c>
         <w xml:id="oat77-038450"
            n="oat77/0039-a-1260"
            ecep:lem="its"
            ecep:pos="po31"
            ecep:reg="its"
            ecep:spe="its"
            ecep:syllab="1"
            ecep:pron="ɪts">its</w>
         <c> </c>
         <w xml:id="oat77-038460"
            n="oat77/0039-a-1270"
            ecep:lem="gawdy"
            ecep:pos="js"
            ecep:reg="gawdiest"
            ecep:spe="gawdiest"
            ecep:syllab="2"
            ecep:pron="gˈɔːdɪəst">gawdiest</w>
         <c> </c>
         <hi>
            <w xml:id="oat77-038470"
               n="oat77/0039-a-1280"
               ecep:lem="bloom"
               ecep:pos="n1"
               ecep:reg="Bloom"
               ecep:spe="Bloom"
               ecep:syllab="1"
               ecep:pron="bluːm">Bloom</w>
            <pc xml:id="oat77-038480"
                n="oat77/0039-a-1290"
                ecep:lem=","
                ecep:pos=","
                ecep:reg=","
                ecep:spe=",">,</pc>
         </hi>
         <c> </c>
         <w xml:id="oat77-038490"
            n="oat77/0039-a-1300"
            ecep:lem="and"
            ecep:pos="cc"
            ecep:reg="and"
            ecep:spe="and"
            ecep:syllab="1"
            ecep:pron="ænd">and</w>
         <c> </c>
         <w xml:id="oat77-038500"
            n="oat77/0039-a-1310"
            ecep:lem="proud"
            ecep:pos="js"
            ecep:reg="proudest"
            ecep:spe="proudest"
            ecep:syllab="2"
            ecep:pron="praʊdɪst">proudest</w>
         <c> </c>
         <hi>
            <w xml:id="oat77-038510"
               n="oat77/0039-a-1320"
               ecep:lem="height"
               ecep:pos="n1"
               ecep:reg="Height"
               ecep:spe="Height"
               ecep:syllab="1"
               ecep:pron="haɪt">Height</w>
            <pc xml:id="oat77-038520"
                n="oat77/0039-a-1330"
                ecep:lem=","
                ecep:pos=","
                ecep:reg=","
                ecep:spe=",">,</pc>
         </hi>
      </l>
      <l rhyme="aabab" xml:id="oat77-l01810">
         <w xml:id="oat77-038530"
            n="oat77/0039-a-1340"
            ecep:lem="stand"
            ecep:pos="vvz"
            ecep:reg="Stands"
            ecep:spe="Stands"
            ecep:syllab="1"
            ecep:pron="stændz">Stands</w>
         <c> </c>
         <w xml:id="oat77-038540"
            n="oat77/0039-a-1350"
            ecep:lem="most"
            ecep:pos="ds"
            ecep:reg="most"
            ecep:spe="most"
            ecep:syllab="1"
            ecep:pron="məʊst">most</w>
         <c> </c>
         <w xml:id="oat77-038550"
            n="oat77/0039-a-1360"
            ecep:lem="expose"
            ecep:pos="vvn"
            ecep:reg="exposed"
            ecep:spe="expos'd"
            ecep:syllab="2"
            ecep:pron="ɪkˈspəʊzd">expos'd</w>
         <c> </c>
         <w xml:id="oat77-038560"
            n="oat77/0039-a-1370"
            ecep:lem="to"
            ecep:pos="p-acp"
            ecep:reg="to"
            ecep:spe="to"
            ecep:syllab="1"
            ecep:pron="tuː">to</w>
         <c> </c>
         <w xml:id="oat77-038570"
            n="oat77/0039-a-1380"
            ecep:lem="th'shock"
            ecep:pos="n1"
            ecep:reg="th'Shock"
            ecep:spe="th'Shock"
            ecep:syllab="1"
            ecep:pron="tˈiːʃˈɒk">th'Shock</w>
         <c> </c>
         <w xml:id="oat77-038580"
            n="oat77/0039-a-1390"
            ecep:lem="of"
            ecep:pos="pp-f"
            ecep:reg="of"
            ecep:spe="of"
            ecep:syllab="1"
            ecep:pron="ɒv">of</w>
         <c> </c>
         <hi>
            <w xml:id="oat77-038590"
               n="oat77/0039-a-1400"
               ecep:lem="sudden"
               ecep:pos="j"
               ecep:reg="sudden"
               ecep:spe="suddain"
               ecep:syllab="2"
               ecep:pron="sʌdˈeɪn">suddain</w>
            <c> </c>
            <w xml:id="oat77-038600"
               n="oat77/0039-a-1410"
               ecep:lem="fate"
               ecep:pos="n1"
               ecep:reg="Fate"
               ecep:spe="Fate"
               ecep:syllab="1"
               ecep:pron="feɪt">Fate</w>
            <pc xml:id="oat77-038610"
                n="oat77/0039-a-1420"
                unit="sentence"
                ecep:lem="."
                ecep:pos="."
                ecep:reg="."
                ecep:spe=".">.</pc>
            <c> </c>
         </hi>
      </l>
   </lg>
</div>
