<?xml version="1.0" encoding="UTF-8"?>
<div xmlns:ecep="http://www.eighteenthcenturypoetry.org/ns"
     xmlns="http://www.tei-c.org/ns/1.0"
     xmlns:tei="http://www.tei-c.org/ns/1.0"
     ana="#iamb #pentameter #couplet #heroiccouplet #pair"
     corresp="#txt_EgerSa1668_w0016"
     decls="#semi-normalized"
     ecep:syllab="10"
     met="-+|-+|-+|-+|-+/"
     rendition="#lgindent"
     rhyme="aa"
     subtype="eceptext"
     type="poem"
     xml:id="pse03-w0160">
   <link target="authors.xml#aut_EgerSa1668" type="author"/>
   <head type="main">
      <w xml:id="pse03-077430"
         n="a-0010"
         ecep:lem="to"
         ecep:pos="p-acp"
         ecep:reg="To"
         ecep:spe="To"
         ecep:syllab="1"
         ecep:pron="tuː">To</w>
      <c> </c>
      <hi>
         <w xml:id="pse03-077440"
            n="a-0020"
            ecep:lem="Alexis"
            ecep:pos="np1"
            ecep:reg="Alexis"
            ecep:spe="Alexis"
            ecep:syllab="3"
            ecep:pron="əˈleksɪs">Alexis</w>
         <pc xml:id="pse03-077450"
             n="a-0030"
             ecep:lem=","
             ecep:pos=","
             ecep:reg=","
             ecep:spe=",">,</pc>
      </hi>
      <c> </c>
      <w xml:id="pse03-077460"
         n="a-0040"
         ecep:lem="on"
         ecep:pos="p-acp"
         ecep:reg="on"
         ecep:spe="on"
         ecep:syllab="1"
         ecep:pron="ɒn">on</w>
      <c> </c>
      <w xml:id="pse03-077470"
         n="a-0050"
         ecep:lem="his"
         ecep:pos="po31"
         ecep:reg="his"
         ecep:spe="his"
         ecep:syllab="1"
         ecep:pron="hɪz">his</w>
      <c> </c>
      <w xml:id="pse03-077480"
         n="a-0060"
         ecep:lem="absence"
         ecep:pos="n1"
         ecep:reg="absence"
         ecep:spe="absence"
         ecep:syllab="2"
         ecep:pron="ˈæbsns">absence</w>
      <pc xml:id="pse03-077490"
          n="a-0070"
          unit="sentence"
          ecep:lem="."
          ecep:pos="."
          ecep:reg="."
          ecep:spe=".">.</pc>
   </head>
   <lg xml:id="pse03-s00140">
      <l n="1" xml:id="pse03-l04260">
         <hi rendition="#sc">
            <w xml:id="pse03-077520"
               n="a-0080"
               ecep:lem="say"
               ecep:pos="vvb"
               ecep:reg="Say"
               ecep:spe="Say"
               ecep:syllab="1"
               ecep:pron="seɪ">Say</w>
         </hi>
         <pc xml:id="pse03-077530"
             n="a-0090"
             ecep:lem=","
             ecep:pos=","
             ecep:reg=","
             ecep:spe=",">,</pc>
         <c> </c>
         <w xml:id="pse03-077540"
            n="a-0100"
            ecep:lem="lovely"
            ecep:pos="j"
            ecep:reg="lovely"
            ecep:spe="lovely"
            ecep:syllab="2"
            ecep:pron="ˈlʌvli">lovely</w>
         <c> </c>
         <w xml:id="pse03-077550"
            n="a-0110"
            ecep:lem="youth"
            ecep:pos="n1"
            ecep:reg="Youth"
            ecep:spe="Youth"
            ecep:syllab="1"
            ecep:pron="juːθ">Youth</w>
         <pc xml:id="pse03-077560"
             n="a-0120"
             ecep:lem=","
             ecep:pos=","
             ecep:reg=","
             ecep:spe=",">,</pc>
         <c> </c>
         <w xml:id="pse03-077570"
            n="a-0130"
            ecep:lem="why"
            ecep:pos="c-crq"
            ecep:reg="why"
            ecep:spe="why"
            ecep:syllab="1"
            ecep:pron="waɪ">why</w>
         <c> </c>
         <w xml:id="pse03-077580"
            n="a-0140"
            ecep:lem="all"
            ecep:pos="d"
            ecep:reg="all"
            ecep:spe="all"
            ecep:syllab="1"
            ecep:pron="ɔːl">all</w>
         <c> </c>
         <w xml:id="pse03-077590"
            n="a-0150"
            ecep:lem="this"
            ecep:pos="d"
            ecep:reg="this"
            ecep:spe="this"
            ecep:syllab="1"
            ecep:pron="ðɪs">this</w>
         <c> </c>
         <w xml:id="pse03-077600"
            n="a-0160"
            ecep:lem="niceness"
            ecep:pos="n1"
            ecep:reg="niceness"
            ecep:spe="niceness"
            ecep:syllab="2"
            ecep:pron="naɪsnəs">niceness</w>
         <c> </c>
         <w xml:id="pse03-077610"
            n="a-0170"
            ecep:lem="show"
            ecep:pos="vvn"
            ecep:reg="shown"
            ecep:spe="shown"
            ecep:syllab="1"
            ecep:pron="ʃəʊn">shown</w>
         <pc xml:id="pse03-077620"
             n="a-0180"
             ecep:lem=","
             ecep:pos=","
             ecep:reg=","
             ecep:spe=",">,</pc>
      </l>
      <l n="2" xml:id="pse03-l04265">
         <c> </c>
         <w xml:id="pse03-077630"
            n="a-0190"
            ecep:lem="be"
            ecep:pos="vbz"
            ecep:reg="Is"
            ecep:spe="Is"
            ecep:syllab="1"
            ecep:pron="ɪz">Is</w>
         <c> </c>
         <w xml:id="pse03-077640"
            n="a-0200"
            ecep:lem="modest"
            ecep:pos="j"
            ecep:reg="modest"
            ecep:spe="modest"
            ecep:syllab="2"
            ecep:pron="ˈmɒdɪst">modest</w>
         <c> </c>
         <w xml:id="pse03-077650"
            n="a-0210"
            ecep:lem="passion"
            ecep:pos="n1"
            ecep:reg="Passion"
            ecep:spe="Passion"
            ecep:syllab="2"
            ecep:pron="ˈpæʃn">Passion</w>
         <pc xml:id="pse03-077660"
             n="a-0220"
             ecep:lem=","
             ecep:pos=","
             ecep:reg=","
             ecep:spe=",">,</pc>
         <c> </c>
         <w xml:id="pse03-077670"
            n="a-0230"
            ecep:lem="so"
            ecep:pos="av"
            ecep:reg="so"
            ecep:spe="so"
            ecep:syllab="1"
            ecep:pron="səʊ">so</w>
         <c> </c>
         <w xml:id="pse03-077680"
            n="a-0240"
            ecep:lem="offensive"
            ecep:pos="j"
            ecep:reg="offencive"
            ecep:spe="offensive"
            ecep:syllab="3"
            ecep:pron="əˈfensɪv">offensive</w>
         <c> </c>
         <w xml:id="pse03-077690"
            n="a-0250"
            ecep:lem="grow"
            ecep:pos="vvn"
            ecep:reg="grown"
            ecep:spe="grown"
            ecep:syllab="1"
            ecep:pron="grəʊn">grown</w>
         <pc xml:id="pse03-077700"
             n="a-0260"
             unit="sentence"
             ecep:lem="?"
             ecep:pos="?"
             ecep:reg="?"
             ecep:spe="?">?</pc>
         <c> </c>
      </l>
      <l n="3" xml:id="pse03-l04270">
         <w xml:id="pse03-077710"
            n="a-0270"
            ecep:lem="i|will"
            ecep:pos="pns11|vmb"
            ecep:reg="I'll"
            ecep:spe="I'll"
            ecep:syllab="1"
            ecep:pron="ˈaɪl">I'll</w>
         <c> </c>
         <w xml:id="pse03-077720"
            n="a-0280"
            ecep:lem="not"
            ecep:pos="xx"
            ecep:reg="not"
            ecep:spe="not"
            ecep:syllab="1"
            ecep:pron="nɒt">not</w>
         <c> </c>
         <w xml:id="pse03-077730"
            n="a-0290"
            ecep:lem="oblige"
            ecep:pos="vvi"
            ecep:reg="oblige"
            ecep:spe="oblige"
            ecep:syllab="2"
            ecep:pron="əˈblaɪdʒ">oblige</w>
         <c> </c>
         <w xml:id="pse03-077740"
            n="a-0300"
            ecep:lem="too"
            ecep:pos="av"
            ecep:reg="too"
            ecep:spe="too"
            ecep:syllab="1"
            ecep:pron="tuː">too</w>
         <c> </c>
         <w xml:id="pse03-077750"
            n="a-0310"
            ecep:lem="far"
            ecep:pos="av-j"
            ecep:reg="far"
            ecep:spe="far"
            ecep:syllab="1"
            ecep:pron="fɑː">far</w>
         <pc xml:id="pse03-077760"
             n="a-0320"
             ecep:lem=","
             ecep:pos=","
             ecep:reg=","
             ecep:spe=",">,</pc>
         <c> </c>
         <w xml:id="pse03-077770"
            n="a-0330"
            ecep:lem="nor"
            ecep:pos="ccx"
            ecep:reg="nor"
            ecep:spe="nor"
            ecep:syllab="1"
            ecep:pron="nɔː">nor</w>
         <c> </c>
         <w xml:id="pse03-077780"
            n="a-0340"
            ecep:lem="force"
            ecep:pos="vvi"
            ecep:reg="force"
            ecep:spe="force"
            ecep:syllab="1"
            ecep:pron="fɔːs">force</w>
         <c> </c>
         <w xml:id="pse03-077790"
            n="a-0350"
            ecep:lem="my"
            ecep:pos="po11"
            ecep:reg="my"
            ecep:spe="my"
            ecep:syllab="1"
            ecep:pron="maɪ">my</w>
         <c> </c>
         <w xml:id="pse03-077800"
            n="a-0360"
            ecep:lem="charm"
            ecep:pos="n2"
            ecep:reg="Charms"
            ecep:spe="Charms"
            ecep:syllab="1"
            ecep:pron="tʃɑːmz">Charms</w>
         <pc xml:id="pse03-077810"
             n="a-0370"
             ecep:lem=","
             ecep:pos=","
             ecep:reg=","
             ecep:spe=",">,</pc>
      </l>
      <l n="4" xml:id="pse03-l04275">
         <c> </c>
         <w xml:id="pse03-077820"
            n="a-0380"
            ecep:lem="to"
            ecep:pos="pc-acp"
            ecep:reg="To"
            ecep:spe="To"
            ecep:syllab="1"
            ecep:pron="tuː">To</w>
         <c> </c>
         <w xml:id="pse03-077830"
            n="a-0390"
            ecep:lem="tempt"
            ecep:pos="vvi"
            ecep:reg="tempt"
            ecep:spe="tempt"
            ecep:syllab="1"
            ecep:pron="tempt">tempt</w>
         <c> </c>
         <w xml:id="pse03-077840"
            n="a-0400"
            ecep:lem="your"
            ecep:pos="po22"
            ecep:reg="your"
            ecep:spe="your"
            ecep:syllab="1"
            ecep:pron="jɔː">your</w>
         <c> </c>
         <w xml:id="pse03-077850"
            n="a-0410"
            ecep:lem="coyness"
            ecep:pos="n1"
            ecep:reg="Coyness"
            ecep:spe="Coyness"
            ecep:syllab="2"
            ecep:pron="kɔɪnəs">Coyness</w>
         <c> </c>
         <w xml:id="pse03-077860"
            n="a-0420"
            ecep:lem="to"
            ecep:pos="p-acp"
            ecep:reg="to"
            ecep:spe="to"
            ecep:syllab="1"
            ecep:pron="tuː">to</w>
         <c> </c>
         <w xml:id="pse03-077870"
            n="a-0430"
            ecep:lem="my"
            ecep:pos="po11"
            ecep:reg="my"
            ecep:spe="my"
            ecep:syllab="1"
            ecep:pron="maɪ">my</w>
         <c> </c>
         <w xml:id="pse03-077880"
            n="a-0440"
            ecep:lem="slight"
            ecep:pos="j-vvn"
            ecep:reg="slighted"
            ecep:spe="slighted"
            ecep:syllab="2"
            ecep:pron="slaɪtɪd">slighted</w>
         <c> </c>
         <w xml:id="pse03-077890"
            n="a-0450"
            ecep:lem="arm"
            ecep:pos="n2"
            ecep:reg="Arms"
            ecep:spe="Arms"
            ecep:syllab="1"
            ecep:pron="ɑːmz">Arms</w>
         <pc xml:id="pse03-077900"
             n="a-0460"
             ecep:lem=":"
             ecep:pos=":"
             ecep:reg=":"
             ecep:spe=":">:</pc>
      </l>
      <l n="5" xml:id="pse03-l04280">
         <c> </c>
         <w xml:id="pse03-077910"
            n="a-0470"
            ecep:lem="give"
            ecep:pos="vvb"
            ecep:reg="Give"
            ecep:spe="Give"
            ecep:syllab="1"
            ecep:pron="gɪv">Give</w>
         <c> </c>
         <w xml:id="pse03-077920"
            n="a-0480"
            ecep:lem="i"
            ecep:pos="pno11"
            ecep:reg="me"
            ecep:spe="me"
            ecep:syllab="1"
            ecep:pron="miː">me</w>
         <c> </c>
         <w xml:id="pse03-077930"
            n="a-0490"
            ecep:lem="but"
            ecep:pos="p-acp"
            ecep:reg="but"
            ecep:spe="but"
            ecep:syllab="1"
            ecep:pron="bʌt">but</w>
         <c> </c>
         <w xml:id="pse03-077940"
            n="a-0500"
            ecep:lem="leave"
            ecep:pos="n1"
            ecep:reg="leave"
            ecep:spe="leave"
            ecep:syllab="1"
            ecep:pron="liːv">leave</w>
         <pc xml:id="pse03-077950"
             n="a-0510"
             ecep:lem=","
             ecep:pos=","
             ecep:reg=","
             ecep:spe=",">,</pc>
         <c> </c>
         <w xml:id="pse03-077960"
            n="a-0520"
            ecep:lem="with"
            ecep:pos="p-acp"
            ecep:reg="with"
            ecep:spe="with"
            ecep:syllab="1"
            ecep:pron="wɪð">with</w>
         <c> </c>
         <w xml:id="pse03-077970"
            n="a-0530"
            ecep:lem="secret"
            ecep:pos="j-jn"
            ecep:reg="secret"
            ecep:spe="secret"
            ecep:syllab="2"
            ecep:pron="ˈsiːkrət">secret</w>
         <c> </c>
         <w xml:id="pse03-077980"
            n="a-0540"
            ecep:lem="sigh"
            ecep:pos="n2"
            ecep:reg="sighs"
            ecep:spe="sighs"
            ecep:syllab="1"
            ecep:pron="saɪz">sighs</w>
         <c> </c>
         <w xml:id="pse03-077990"
            n="a-0550"
            ecep:lem="to"
            ecep:pos="pc-acp"
            ecep:reg="to"
            ecep:spe="to"
            ecep:syllab="1"
            ecep:pron="tuː">to</w>
         <c> </c>
         <w xml:id="pse03-078000"
            n="a-0560"
            ecep:lem="gaze"
            ecep:pos="vvi"
            ecep:reg="Gaze"
            ecep:spe="Gaze"
            ecep:syllab="1"
            ecep:pron="geɪz">Gaze</w>
         <pc xml:id="pse03-078010"
             n="a-0570"
             ecep:lem=","
             ecep:pos=","
             ecep:reg=","
             ecep:spe=",">,</pc>
      </l>
      <l n="6" xml:id="pse03-l04285">
         <c> </c>
         <w xml:id="pse03-078020"
            n="a-0580"
            ecep:lem="and"
            ecep:pos="cc"
            ecep:reg="And"
            ecep:spe="And"
            ecep:syllab="1"
            ecep:pron="ænd">And</w>
         <c> </c>
         <w xml:id="pse03-078030"
            n="a-0590"
            ecep:lem="silent"
            ecep:pos="j"
            ecep:reg="silent"
            ecep:spe="silent"
            ecep:syllab="2"
            ecep:pron="ˈsaɪlənt">silent</w>
         <c> </c>
         <w xml:id="pse03-078040"
            n="a-0600"
            ecep:lem="joy"
            ecep:pos="n2"
            ecep:reg="Joys"
            ecep:spe="Joys"
            ecep:syllab="1"
            ecep:pron="dʒɔɪz">Joys</w>
         <pc xml:id="pse03-078050"
             n="a-0610"
             ecep:lem=","
             ecep:pos=","
             ecep:reg=","
             ecep:spe=",">,</pc>
         <c> </c>
         <w xml:id="pse03-078060"
            n="a-0620"
            ecep:lem="view"
            ecep:pos="vvb"
            ecep:reg="view"
            ecep:spe="view"
            ecep:syllab="1"
            ecep:pron="vjuː">view</w>
         <c> </c>
         <w xml:id="pse03-078070"
            n="a-0630"
            ecep:lem="that"
            ecep:pos="d"
            ecep:reg="that"
            ecep:spe="that"
            ecep:syllab="1"
            ecep:pron="ðæt">that</w>
         <c> </c>
         <w xml:id="pse03-078080"
            n="a-0640"
            ecep:lem="dear"
            ecep:pos="j-jn"
            ecep:reg="dear"
            ecep:spe="dear"
            ecep:syllab="1"
            ecep:pron="dɪə">dear</w>
         <c> </c>
         <w xml:id="pse03-078090"
            n="a-0650"
            ecep:lem="fatal"
            ecep:pos="j"
            ecep:reg="fatal"
            ecep:spe="fatal"
            ecep:syllab="2"
            ecep:pron="ˈfeɪtl">fatal</w>
         <c> </c>
         <w xml:id="pse03-078100"
            n="a-0660"
            ecep:lem="face"
            ecep:pos="n1"
            ecep:reg="Face"
            ecep:spe="Face"
            ecep:syllab="1"
            ecep:pron="feɪs">Face</w>
         <pc xml:id="pse03-078110"
             n="a-0670"
             unit="sentence"
             ecep:lem="."
             ecep:pos="."
             ecep:reg="."
             ecep:spe=".">.</pc>
         <c> </c>
      </l>
      <l ana="#triplet" n="7" rhyme="aaa" xml:id="pse03-l04290">
         <w xml:id="pse03-078120"
            n="a-0680"
            ecep:lem="i"
            ecep:pos="pns11"
            ecep:reg="I"
            ecep:spe="I"
            ecep:syllab="1"
            ecep:pron="aɪ">I</w>
         <c> </c>
         <w xml:id="pse03-078130"
            n="a-0690"
            ecep:lem="never"
            ecep:pos="av-x"
            ecep:reg="never"
            ecep:spe="never"
            ecep:syllab="2"
            ecep:pron="ˈnevə">never</w>
         <c> </c>
         <w xml:id="pse03-078140"
            n="a-0700"
            ecep:lem="dress"
            ecep:pos="vvd"
            ecep:reg="dressed"
            ecep:spe="dress'd"
            ecep:syllab="1"
            ecep:pron="drest">dress'd</w>
         <pc xml:id="pse03-078150"
             n="a-0710"
             ecep:lem=","
             ecep:pos=","
             ecep:reg=","
             ecep:spe=",">,</pc>
         <c> </c>
         <w xml:id="pse03-078160"
            n="a-0720"
            ecep:lem="nor"
            ecep:pos="ccx"
            ecep:reg="nor"
            ecep:spe="nor"
            ecep:syllab="1"
            ecep:pron="nɔː">nor</w>
         <c> </c>
         <w xml:id="pse03-078170"
            n="a-0730"
            ecep:lem="smile"
            ecep:pos="vvd"
            ecep:reg="smiled"
            ecep:spe="smil'd"
            ecep:syllab="1"
            ecep:pron="smaɪld">smil'd</w>
         <pc xml:id="pse03-078180"
             n="a-0740"
             ecep:lem=","
             ecep:pos=","
             ecep:reg=","
             ecep:spe=",">,</pc>
         <c> </c>
         <w xml:id="pse03-078190"
            n="a-0750"
            ecep:lem="use"
            ecep:pos="vvd"
            ecep:reg="used"
            ecep:spe="us'd"
            ecep:syllab="1"
            ecep:pron="juːzd">us'd</w>
         <c> </c>
         <w xml:id="pse03-078200"
            n="a-0760"
            ecep:lem="no"
            ecep:pos="dx"
            ecep:reg="no"
            ecep:spe="no"
            ecep:syllab="1"
            ecep:pron="nəʊ">no</w>
         <c> </c>
         <w xml:id="pse03-078210"
            n="a-0770"
            ecep:lem="soft"
            ecep:pos="j"
            ecep:reg="soft"
            ecep:spe="soft"
            ecep:syllab="1"
            ecep:pron="sɒft">soft</w>
         <c> </c>
         <w xml:id="pse03-078220"
            n="a-0780"
            ecep:lem="art"
            ecep:pos="n1"
            ecep:reg="Art"
            ecep:spe="Art"
            ecep:syllab="1"
            ecep:pron="ɑːt">Art</w>
         <pc xml:id="pse03-078230"
             n="a-0790"
             ecep:lem=","
             ecep:pos=","
             ecep:reg=","
             ecep:spe=",">,</pc>
      </l>
      <l ana="#triplet" n="8" rhyme="aaa" xml:id="pse03-l04295">
         <c> </c>
         <w xml:id="pse03-078240"
            n="a-0800"
            ecep:lem="no"
            ecep:pos="uh-x"
            ecep:reg="No"
            ecep:spe="No"
            ecep:syllab="1"
            ecep:pron="nəʊ">No</w>
         <c> </c>
         <w xml:id="pse03-078250"
            n="a-0810"
            ecep:lem="little"
            ecep:pos="j"
            ecep:reg="little"
            ecep:spe="little"
            ecep:syllab="2"
            ecep:pron="ˈlɪtl">little</w>
         <c> </c>
         <w xml:id="pse03-078260"
            n="a-0820"
            ecep:lem="amorous"
            ecep:pos="j"
            ecep:reg="Amorous"
            ecep:spe="Amorous"
            ecep:syllab="3"
            ecep:pron="ˈæmrəs">Amorous</w>
         <c> </c>
         <w xml:id="pse03-078270"
            n="a-0830"
            ecep:lem="cheat"
            ecep:pos="vvi"
            ecep:reg="cheat"
            ecep:spe="cheat"
            ecep:syllab="1"
            ecep:pron="tʃiːt">cheat</w>
         <c> </c>
         <w xml:id="pse03-078280"
            n="a-0840"
            ecep:lem="to"
            ecep:pos="pc-acp"
            ecep:reg="to"
            ecep:spe="to"
            ecep:syllab="1"
            ecep:pron="tuː">to</w>
         <c> </c>
         <w xml:id="pse03-078290"
            n="a-0850"
            ecep:lem="win"
            ecep:pos="vvi"
            ecep:reg="win"
            ecep:spe="win"
            ecep:syllab="1"
            ecep:pron="wɪn">win</w>
         <c> </c>
         <w xml:id="pse03-078300"
            n="a-0860"
            ecep:lem="your"
            ecep:pos="po22"
            ecep:reg="your"
            ecep:spe="your"
            ecep:syllab="1"
            ecep:pron="jɔː">your</w>
         <c> </c>
         <w xml:id="pse03-078310"
            n="a-0870"
            ecep:lem="heart"
            ecep:pos="n1"
            ecep:reg="Heart"
            ecep:spe="Heart"
            ecep:syllab="1"
            ecep:pron="hɑːt">Heart</w>
         <pc xml:id="pse03-078320"
             n="a-0880"
             ecep:lem=","
             ecep:pos=","
             ecep:reg=","
             ecep:spe=",">,</pc>
      </l>
      <l ana="#triplet" n="9" rhyme="aaa" xml:id="pse03-l04300">
         <c> </c>
         <w xml:id="pse03-078330"
            n="a-0890"
            ecep:lem="nor"
            ecep:pos="ccx"
            ecep:reg="Nor"
            ecep:spe="Nor"
            ecep:syllab="1"
            ecep:pron="nɔː">Nor</w>
         <c> </c>
         <w xml:id="pse03-078340"
            n="a-0900"
            ecep:lem="know"
            ecep:pos="vvd"
            ecep:reg="knew"
            ecep:spe="knew"
            ecep:syllab="1"
            ecep:pron="njuː">knew</w>
         <c> </c>
         <w xml:id="pse03-078350"
            n="a-0910"
            ecep:lem="in"
            ecep:pos="p-acp"
            ecep:reg="in"
            ecep:spe="in"
            ecep:syllab="1"
            ecep:pron="ɪn">in</w>
         <c> </c>
         <w xml:id="pse03-078360"
            n="a-0920"
            ecep:lem="i"
            ecep:pos="png11"
            ecep:reg="mine"
            ecep:spe="mine"
            ecep:syllab="1"
            ecep:pron="maɪn">mine</w>
         <c> </c>
         <w xml:id="pse03-078370"
            n="a-0930"
            ecep:lem="you"
            ecep:pos="pn22"
            ecep:reg="you"
            ecep:spe="you"
            ecep:syllab="1"
            ecep:pron="juː">you</w>
         <c> </c>
         <w xml:id="pse03-078380"
            n="a-0940"
            ecep:lem="have"
            ecep:pos="vhd"
            ecep:reg="had"
            ecep:spe="had"
            ecep:syllab="1"
            ecep:pron="hæd">had</w>
         <c> </c>
         <w xml:id="pse03-078390"
            n="a-0950"
            ecep:lem="so"
            ecep:pos="av"
            ecep:reg="so"
            ecep:spe="so"
            ecep:syllab="1"
            ecep:pron="səʊ">so</w>
         <c> </c>
         <w xml:id="pse03-078400"
            n="a-0960"
            ecep:lem="great"
            ecep:pos="j"
            ecep:reg="great"
            ecep:spe="great"
            ecep:syllab="1"
            ecep:pron="greɪt">great</w>
         <c> </c>
         <w xml:id="pse03-078410"
            n="a-0970"
            ecep:lem="a"
            ecep:pos="dt"
            ecep:reg="a"
            ecep:spe="a"
            ecep:syllab="1"
            ecep:pron="ə">a</w>
         <c> </c>
         <w xml:id="pse03-078420"
            n="a-0980"
            ecep:lem="part"
            ecep:pos="n1"
            ecep:reg="Part"
            ecep:spe="Part"
            ecep:syllab="1"
            ecep:pron="pɑːt">Part</w>
         <pc xml:id="pse03-078430"
             n="a-0990"
             ecep:lem=";"
             ecep:pos=";"
             ecep:reg=";"
             ecep:spe=";">;</pc>
      </l>
      <l n="10" xml:id="pse03-l04305">
         <c> </c>
         <w xml:id="pse03-078440"
            n="a-1000"
            ecep:lem="till"
            ecep:pos="c-acp"
            ecep:reg="Till"
            ecep:spe="Till"
            ecep:syllab="1"
            ecep:pron="tɪl">Till</w>
         <c> </c>
         <w xml:id="pse03-078450"
            n="a-1010"
            ecep:lem="from"
            ecep:pos="p-acp"
            ecep:reg="from"
            ecep:spe="from"
            ecep:syllab="1"
            ecep:pron="frɒm">from</w>
         <c> </c>
         <w xml:id="pse03-078460"
            n="a-1020"
            ecep:lem="my"
            ecep:pos="po11"
            ecep:reg="my"
            ecep:spe="my"
            ecep:syllab="1"
            ecep:pron="maɪ">my</w>
         <c> </c>
         <w xml:id="pse03-078470"
            n="a-1030"
            ecep:lem="sight"
            ecep:pos="n1"
            ecep:reg="Sight"
            ecep:spe="Sight"
            ecep:syllab="1"
            ecep:pron="saɪt">Sight</w>
         <c> </c>
         <w xml:id="pse03-078480"
            n="a-1040"
            ecep:lem="you"
            ecep:pos="pn22"
            ecep:reg="you"
            ecep:spe="you"
            ecep:syllab="1"
            ecep:pron="juː">you</w>
         <c> </c>
         <w xml:id="pse03-078490"
            n="a-1050"
            ecep:lem="cautious"
            ecep:pos="av-j"
            ecep:reg="cautiously"
            ecep:spe="cautiously"
            ecep:syllab="3"
            ecep:pron="ˈkɔːʃəsli">cautiously</w>
         <c> </c>
         <w xml:id="pse03-078500"
            n="a-1060"
            ecep:lem="remove"
            ecep:pos="vvn"
            ecep:reg="removed"
            ecep:spe="remov'd"
            ecep:syllab="2"
            ecep:pron="rɪˈmuːvd">remov'd</w>
         <pc xml:id="pse03-078510"
             n="a-1070"
             ecep:lem=","
             ecep:pos=","
             ecep:reg=","
             ecep:spe=",">,</pc>
      </l>
      <l n="11" xml:id="pse03-l04310">
         <c> </c>
         <w xml:id="pse03-078520"
            n="a-1080"
            ecep:lem="then"
            ecep:pos="av"
            ecep:reg="Then"
            ecep:spe="Then"
            ecep:syllab="1"
            ecep:pron="ðen">Then</w>
         <pc xml:id="pse03-078530"
             n="a-1090"
             ecep:lem=","
             ecep:pos=","
             ecep:reg=","
             ecep:spe=",">,</pc>
         <c> </c>
         <w xml:id="pse03-078540"
            n="a-1100"
            ecep:lem="not"
            ecep:pos="xx"
            ecep:reg="not"
            ecep:spe="not"
            ecep:syllab="1"
            ecep:pron="nɒt">not</w>
         <c> </c>
         <w xml:id="pse03-078550"
            n="a-1110"
            ecep:lem="till"
            ecep:pos="c-acp"
            ecep:reg="till"
            ecep:spe="till"
            ecep:syllab="1"
            ecep:pron="tɪl">till</w>
         <c> </c>
         <w xml:id="pse03-078560"
            n="a-1120"
            ecep:lem="then"
            ecep:pos="av"
            ecep:reg="then"
            ecep:spe="then"
            ecep:syllab="1"
            ecep:pron="ðen">then</w>
         <pc xml:id="pse03-078570"
             n="a-1130"
             ecep:lem=","
             ecep:pos=","
             ecep:reg=","
             ecep:spe=",">,</pc>
         <c> </c>
         <w xml:id="pse03-078580"
            n="a-1140"
            ecep:lem="i"
            ecep:pos="pns11"
            ecep:reg="I"
            ecep:spe="I"
            ecep:syllab="1"
            ecep:pron="aɪ">I</w>
         <c> </c>
         <w xml:id="pse03-078590"
            n="a-1150"
            ecep:lem="know"
            ecep:pos="vvd"
            ecep:reg="knew"
            ecep:spe="knew"
            ecep:syllab="1"
            ecep:pron="njuː">knew</w>
         <c> </c>
         <w xml:id="pse03-078600"
            n="a-1160"
            ecep:lem="how"
            ecep:pos="c-crq"
            ecep:reg="how"
            ecep:spe="how"
            ecep:syllab="1"
            ecep:pron="haʊ">how</w>
         <c> </c>
         <w xml:id="pse03-078610"
            n="a-1170"
            ecep:lem="well"
            ecep:pos="av"
            ecep:reg="well"
            ecep:spe="well"
            ecep:syllab="1"
            ecep:pron="wel">well</w>
         <c> </c>
         <w xml:id="pse03-078620"
            n="a-1180"
            ecep:lem="i"
            ecep:pos="pns11"
            ecep:reg="I"
            ecep:spe="I"
            ecep:syllab="1"
            ecep:pron="aɪ">I</w>
         <c> </c>
         <w xml:id="pse03-078630"
            n="a-1190"
            ecep:lem="love"
            ecep:pos="vvd"
            ecep:reg="loved"
            ecep:spe="lov'd"
            ecep:syllab="1"
            ecep:pron="ˈlʌvd">lov'd</w>
         <pc xml:id="pse03-078640"
             n="a-1200"
             ecep:lem=":"
             ecep:pos=":"
             ecep:reg=":"
             ecep:spe=":">:</pc>
      </l>
      <l n="12" xml:id="pse03-l04315">
         <c> </c>
         <w xml:id="pse03-078650"
            n="a-1210"
            ecep:lem="it|be"
            ecep:pos="pn31|vbds"
            ecep:reg="'Twas"
            ecep:spe="'Twas"
            ecep:syllab="1"
            ecep:pron="twɒz">'Twas</w>
         <c> </c>
         <w xml:id="pse03-078660"
            n="a-1220"
            ecep:lem="my"
            ecep:pos="po11"
            ecep:reg="my"
            ecep:spe="my"
            ecep:syllab="1"
            ecep:pron="maɪ">my</w>
         <c> </c>
         <w xml:id="pse03-078670"
            n="a-1230"
            ecep:lem="advice"
            ecep:pos="n1"
            ecep:reg="Advice"
            ecep:spe="Advice"
            ecep:syllab="2"
            ecep:pron="ədˈvaɪs">Advice</w>
         <pc xml:id="pse03-078680"
             n="a-1240"
             ecep:lem=","
             ecep:pos=","
             ecep:reg=","
             ecep:spe=",">,</pc>
         <c> </c>
         <w xml:id="pse03-078690"
            n="a-1250"
            ecep:lem="you"
            ecep:pos="pn22"
            ecep:reg="you"
            ecep:spe="you"
            ecep:syllab="1"
            ecep:pron="juː">you</w>
         <c> </c>
         <w xml:id="pse03-078700"
            n="a-1260"
            ecep:lem="shall"
            ecep:pos="vmd"
            ecep:reg="should"
            ecep:spe="should"
            ecep:syllab="1"
            ecep:pron="ʃʊd">should</w>
         <c> </c>
         <w xml:id="pse03-078710"
            n="a-1270"
            ecep:lem="awhile"
            ecep:pos="av"
            ecep:reg="awhile"
            ecep:spe="awhile"
            ecep:syllab="2"
            ecep:pron="əˈwaɪl">awhile</w>
         <c> </c>
         <w xml:id="pse03-078720"
            n="a-1280"
            ecep:lem="absent"
            ecep:pos="vvi"
            ecep:reg="absent"
            ecep:spe="absent"
            ecep:syllab="2"
            ecep:pron="ˈæbsnt">absent</w>
         <pc xml:id="pse03-078730"
             n="a-1290"
             ecep:lem=","
             ecep:pos=","
             ecep:reg=","
             ecep:spe=",">,</pc>
      </l>
      <l n="13" xml:id="pse03-l04320">
         <c> </c>
         <w xml:id="pse03-078740"
            n="a-1300"
            ecep:lem="i"
            ecep:pos="pns11"
            ecep:reg="I"
            ecep:spe="I"
            ecep:syllab="1"
            ecep:pron="aɪ">I</w>
         <c> </c>
         <w xml:id="pse03-078750"
            n="a-1310"
            ecep:lem="never"
            ecep:pos="av-x"
            ecep:reg="never"
            ecep:spe="ne'er"
            ecep:syllab="1"
            ecep:pron="neə">ne'er</w>
         <c> </c>
         <w xml:id="pse03-078760"
            n="a-1320"
            ecep:lem="design"
            ecep:pos="vvd"
            ecep:reg="designed"
            ecep:spe="design'd"
            ecep:syllab="2"
            ecep:pron="dɪˈzaɪnd">design'd</w>
         <c> </c>
         <w xml:id="pse03-078770"
            n="a-1330"
            ecep:lem="it"
            ecep:pos="pn31"
            ecep:reg="it"
            ecep:spe="it"
            ecep:syllab="1"
            ecep:pron="ɪt">it</w>
         <c> </c>
         <w xml:id="pse03-078780"
            n="a-1340"
            ecep:lem="for"
            ecep:pos="p-acp"
            ecep:reg="for"
            ecep:spe="for"
            ecep:syllab="1"
            ecep:pron="fɔː">for</w>
         <c> </c>
         <w xml:id="pse03-078790"
            n="a-1350"
            ecep:lem="a"
            ecep:pos="dt"
            ecep:reg="a"
            ecep:spe="a"
            ecep:syllab="1"
            ecep:pron="ə">a</w>
         <c> </c>
         <w xml:id="pse03-078800"
            n="a-1360"
            ecep:lem="banishment"
            ecep:pos="n1"
            ecep:reg="Banishment"
            ecep:spe="Banishment"
            ecep:syllab="3"
            ecep:pron="ˈbænɪʃmənt">Banishment</w>
         <pc xml:id="pse03-078810"
             n="a-1370"
             unit="sentence"
             ecep:lem="."
             ecep:pos="."
             ecep:reg="."
             ecep:spe=".">.</pc>
         <c> </c>
      </l>
      <l n="14" xml:id="pse03-l04325">
         <w xml:id="pse03-078820"
            n="a-1380"
            ecep:lem="but"
            ecep:pos="p-acp"
            ecep:reg="But"
            ecep:spe="But"
            ecep:syllab="1"
            ecep:pron="bʌt">But</w>
         <c> </c>
         <w xml:id="pse03-078830"
            n="a-1390"
            ecep:lem="wise"
            ecep:pos="av-j"
            ecep:reg="wisely"
            ecep:spe="wisely"
            ecep:syllab="2"
            ecep:pron="waɪzli">wisely</w>
         <c> </c>
         <w xml:id="pse03-078840"
            n="a-1400"
            ecep:lem="you"
            ecep:pos="pn22"
            ecep:reg="you"
            ecep:spe="you"
            ecep:syllab="1"
            ecep:pron="juː">you</w>
         <pc xml:id="pse03-078850"
             n="a-1410"
             ecep:lem=","
             ecep:pos=","
             ecep:reg=","
             ecep:spe=",">,</pc>
         <c> </c>
         <w xml:id="pse03-078860"
            n="a-1420"
            ecep:lem="as"
            ecep:pos="c-acp"
            ecep:reg="as"
            ecep:spe="as"
            ecep:syllab="1"
            ecep:pron="æz">as</w>
         <c> </c>
         <w xml:id="pse03-078870"
            n="a-1430"
            ecep:lem="if"
            ecep:pos="cs"
            ecep:reg="if"
            ecep:spe="if"
            ecep:syllab="1"
            ecep:pron="ɪf">if</w>
         <c> </c>
         <w xml:id="pse03-078880"
            n="a-1440"
            ecep:lem="you"
            ecep:pos="pn22"
            ecep:reg="you"
            ecep:spe="you"
            ecep:syllab="1"
            ecep:pron="juː">you</w>
         <c> </c>
         <w xml:id="pse03-078890"
            n="a-1450"
            ecep:lem="fear"
            ecep:pos="vvd"
            ecep:reg="feared"
            ecep:spe="fear'd"
            ecep:syllab="1"
            ecep:pron="fɪəd">fear'd</w>
         <c> </c>
         <w xml:id="pse03-078900"
            n="a-1460"
            ecep:lem="your"
            ecep:pos="po22"
            ecep:reg="your"
            ecep:spe="your"
            ecep:syllab="1"
            ecep:pron="jɔː">your</w>
         <c> </c>
         <w xml:id="pse03-078910"
            n="a-1470"
            ecep:lem="fate"
            ecep:pos="n1"
            ecep:reg="Fate"
            ecep:spe="Fate"
            ecep:syllab="1"
            ecep:pron="feɪt">Fate</w>
         <pc xml:id="pse03-078920"
             n="a-1480"
             ecep:lem=","
             ecep:pos=","
             ecep:reg=","
             ecep:spe=",">,</pc>
      </l>
      <l n="15" xml:id="pse03-l04330">
         <c> </c>
         <w xml:id="pse03-078930"
            n="a-1490"
            ecep:lem="shun"
            ecep:pos="vvb"
            ecep:reg="Shun"
            ecep:spe="Shun"
            ecep:syllab="1"
            ecep:pron="ʃʌn">Shun</w>
         <c> </c>
         <w xml:id="pse03-078940"
            n="a-1500"
            ecep:lem="what"
            ecep:pos="r-crq"
            ecep:reg="what"
            ecep:spe="what"
            ecep:syllab="1"
            ecep:pron="wɒt">what</w>
         <c> </c>
         <w xml:id="pse03-078950"
            n="a-1510"
            ecep:lem="you"
            ecep:pos="pn22"
            ecep:reg="you"
            ecep:spe="you"
            ecep:syllab="1"
            ecep:pron="juː">you</w>
         <c> </c>
         <w xml:id="pse03-078960"
            n="a-1520"
            ecep:lem="will"
            ecep:pos="vmd"
            ecep:reg="would"
            ecep:spe="would"
            ecep:syllab="1"
            ecep:pron="wʊd">would</w>
         <c> </c>
         <w xml:id="pse03-078970"
            n="a-1530"
            ecep:lem="not"
            ecep:pos="xx"
            ecep:reg="not"
            ecep:spe="not"
            ecep:syllab="1"
            ecep:pron="nɒt">not</w>
         <c> </c>
         <w xml:id="pse03-078980"
            n="a-1540"
            ecep:lem="love"
            ecep:pos="n1"
            ecep:reg="Love"
            ecep:spe="Love"
            ecep:syllab="1"
            ecep:pron="lʌv">Love</w>
         <pc xml:id="pse03-078990"
             n="a-1550"
             ecep:lem=","
             ecep:pos=","
             ecep:reg=","
             ecep:spe=",">,</pc>
         <c> </c>
         <w xml:id="pse03-079000"
            n="a-1560"
            ecep:lem="and"
            ecep:pos="cc"
            ecep:reg="and"
            ecep:spe="and"
            ecep:syllab="1"
            ecep:pron="ænd">and</w>
         <c> </c>
         <w xml:id="pse03-079010"
            n="a-1570"
            ecep:lem="can"
            ecep:pos="vmbx"
            ecep:reg="cannot"
            ecep:spe="cannot"
            ecep:syllab="2"
            ecep:pron="ˈkænɒt">cannot</w>
         <c> </c>
         <w xml:id="pse03-079020"
            n="a-1580"
            ecep:lem="hate"
            ecep:pos="vvi"
            ecep:reg="hate"
            ecep:spe="hate"
            ecep:syllab="1"
            ecep:pron="heɪt">hate</w>
         <pc xml:id="pse03-079030"
             n="a-1590"
             ecep:lem=";"
             ecep:pos=";"
             ecep:reg=";"
             ecep:spe=";">;</pc>
      </l>
      <l n="16" xml:id="pse03-l04335">
         <c> </c>
         <w xml:id="pse03-079040"
            n="a-1600"
            ecep:lem="yet"
            ecep:pos="av"
            ecep:reg="Yet"
            ecep:spe="Yet"
            ecep:syllab="1"
            ecep:pron="jet">Yet</w>
         <c> </c>
         <w xml:id="pse03-079050"
            n="a-1610"
            ecep:lem="spite"
            ecep:pos="n1"
            ecep:reg="spite"
            ecep:spe="spite"
            ecep:syllab="1"
            ecep:pron="spaɪt">spite</w>
         <c> </c>
         <w xml:id="pse03-079060"
            n="a-1620"
            ecep:lem="of"
            ecep:pos="pp-f"
            ecep:reg="of"
            ecep:spe="of"
            ecep:syllab="1"
            ecep:pron="ɒv">of</w>
         <c> </c>
         <w xml:id="pse03-079070"
            n="a-1630"
            ecep:lem="all"
            ecep:pos="d"
            ecep:reg="all"
            ecep:spe="all"
            ecep:syllab="1"
            ecep:pron="ɔːl">all</w>
         <c> </c>
         <w xml:id="pse03-079080"
            n="a-1640"
            ecep:lem="your"
            ecep:pos="po22"
            ecep:reg="your"
            ecep:spe="your"
            ecep:syllab="1"
            ecep:pron="jɔː">your</w>
         <c> </c>
         <w xml:id="pse03-079090"
            n="a-1650"
            ecep:lem="vanity"
            ecep:pos="n1"
            ecep:reg="Vanity"
            ecep:spe="Vanity"
            ecep:syllab="3"
            ecep:pron="ˈvænəti">Vanity</w>
         <c> </c>
         <w xml:id="pse03-079100"
            n="a-1660"
            ecep:lem="and"
            ecep:pos="cc"
            ecep:reg="and"
            ecep:spe="and"
            ecep:syllab="1"
            ecep:pron="ænd">and</w>
         <c> </c>
         <w xml:id="pse03-079110"
            n="a-1670"
            ecep:lem="care"
            ecep:pos="n1"
            ecep:reg="Care"
            ecep:spe="Care"
            ecep:syllab="1"
            ecep:pron="keə">Care</w>
         <pc xml:id="pse03-079120"
             n="a-1680"
             ecep:lem=","
             ecep:pos=","
             ecep:reg=","
             ecep:spe=",">,</pc>
      </l>
      <l n="17" xml:id="pse03-l04340">
         <c> </c>
         <w xml:id="pse03-079130"
            n="a-1690"
            ecep:lem="know"
            ecep:pos="vvb"
            ecep:reg="Know"
            ecep:spe="Know"
            ecep:syllab="1"
            ecep:pron="nəʊ">Know</w>
         <c> </c>
         <w xml:id="pse03-079140"
            n="a-1700"
            ecep:lem="my"
            ecep:pos="po11"
            ecep:reg="my"
            ecep:spe="my"
            ecep:syllab="1"
            ecep:pron="maɪ">my</w>
         <c> </c>
         <hi>
            <w xml:id="pse03-079150"
               n="a-1710"
               ecep:lem="Alexis"
               ecep:pos="np1"
               ecep:reg="Alexis"
               ecep:spe="Alexis"
               ecep:syllab="3"
               ecep:pron="əˈleksɪs">Alexis</w>
         </hi>
         <pc xml:id="pse03-079160"
             n="a-1720"
             ecep:lem=","
             ecep:pos=","
             ecep:reg=","
             ecep:spe=",">,</pc>
         <c> </c>
         <w xml:id="pse03-079170"
            n="a-1730"
            ecep:lem="that"
            ecep:pos="cst"
            ecep:reg="that"
            ecep:spe="that"
            ecep:syllab="1"
            ecep:pron="ðæt">that</w>
         <c> </c>
         <w xml:id="pse03-079180"
            n="a-1740"
            ecep:lem="i"
            ecep:pos="pns11"
            ecep:reg="I"
            ecep:spe="I"
            ecep:syllab="1"
            ecep:pron="aɪ">I</w>
         <c> </c>
         <w xml:id="pse03-079190"
            n="a-1750"
            ecep:lem="have"
            ecep:pos="vhb"
            ecep:reg="have"
            ecep:spe="have"
            ecep:syllab="1"
            ecep:pron="hæv">have</w>
         <c> </c>
         <w xml:id="pse03-079200"
            n="a-1760"
            ecep:lem="you"
            ecep:pos="pn22"
            ecep:reg="you"
            ecep:spe="you"
            ecep:syllab="1"
            ecep:pron="juː">you</w>
         <c> </c>
         <w xml:id="pse03-079210"
            n="a-1770"
            ecep:lem="here"
            ecep:pos="av"
            ecep:reg="here"
            ecep:spe="here"
            ecep:syllab="1"
            ecep:pron="hɪə">here</w>
         <pc xml:id="pse03-079220"
             n="a-1780"
             ecep:lem=":"
             ecep:pos=":"
             ecep:reg=":"
             ecep:spe=":">:</pc>
      </l>
      <l n="18" xml:id="pse03-l04345">
         <c> </c>
         <w xml:id="pse03-079230"
            n="a-1790"
            ecep:lem="here"
            ecep:pos="av"
            ecep:reg="Here"
            ecep:spe="Here"
            ecep:syllab="1"
            ecep:pron="hɪə">Here</w>
         <c> </c>
         <w xml:id="pse03-079240"
            n="a-1800"
            ecep:lem="in"
            ecep:pos="p-acp"
            ecep:reg="in"
            ecep:spe="in"
            ecep:syllab="1"
            ecep:pron="ɪn">in</w>
         <c> </c>
         <w xml:id="pse03-079250"
            n="a-1810"
            ecep:lem="my"
            ecep:pos="po11"
            ecep:reg="my"
            ecep:spe="my"
            ecep:syllab="1"
            ecep:pron="maɪ">my</w>
         <c> </c>
         <w xml:id="pse03-079260"
            n="a-1820"
            ecep:lem="breast"
            ecep:pos="n1"
            ecep:reg="Breast"
            ecep:spe="Breast"
            ecep:syllab="1"
            ecep:pron="brest">Breast</w>
         <pc xml:id="pse03-079270"
             n="a-1830"
             ecep:lem=","
             ecep:pos=","
             ecep:reg=","
             ecep:spe=",">,</pc>
         <c> </c>
         <w xml:id="pse03-079280"
            n="a-1840"
            ecep:lem="your"
            ecep:pos="po22"
            ecep:reg="your"
            ecep:spe="your"
            ecep:syllab="1"
            ecep:pron="jɔː">your</w>
         <c> </c>
         <w xml:id="pse03-079290"
            n="a-1850"
            ecep:lem="dear"
            ecep:pos="js-jn"
            ecep:reg="dearest"
            ecep:spe="dearest"
            ecep:syllab="2"
            ecep:pron="dɪəɪst">dearest</w>
         <c> </c>
         <w xml:id="pse03-079300"
            n="a-1860"
            ecep:lem="image"
            ecep:pos="n1"
            ecep:reg="Image"
            ecep:spe="Image"
            ecep:syllab="2"
            ecep:pron="ˈɪmɪdʒ">Image</w>
         <c> </c>
         <w xml:id="pse03-079310"
            n="a-1870"
            ecep:lem="glow"
            ecep:pos="vvz"
            ecep:reg="glows"
            ecep:spe="glows"
            ecep:syllab="1"
            ecep:pron="gləʊz">glows</w>
         <pc xml:id="pse03-079320"
             n="a-1880"
             ecep:lem=","
             ecep:pos=","
             ecep:reg=","
             ecep:spe=",">,</pc>
      </l>
      <l n="19" xml:id="pse03-l04350">
         <c> </c>
         <w xml:id="pse03-079330"
            n="a-1890"
            ecep:lem="warm"
            ecep:pos="vvz"
            ecep:reg="Warms"
            ecep:spe="Warms"
            ecep:syllab="1"
            ecep:pron="wɔːmz">Warms</w>
         <c> </c>
         <w xml:id="pse03-079340"
            n="a-1900"
            ecep:lem="every"
            ecep:pos="d"
            ecep:reg="every"
            ecep:spe="every"
            ecep:syllab="2"
            ecep:pron="ˈevri">every</w>
         <c> </c>
         <w xml:id="pse03-079350"
            n="a-1910"
            ecep:lem="wish"
            ecep:pos="vvb"
            ecep:reg="Wish"
            ecep:spe="Wish"
            ecep:syllab="1"
            ecep:pron="wɪʃ">Wish</w>
         <pc xml:id="pse03-079360"
             n="a-1920"
             ecep:lem=","
             ecep:pos=","
             ecep:reg=","
             ecep:spe=",">,</pc>
         <c> </c>
         <w xml:id="pse03-079370"
            n="a-1930"
            ecep:lem="and"
            ecep:pos="cc"
            ecep:reg="and"
            ecep:spe="and"
            ecep:syllab="1"
            ecep:pron="ænd">and</w>
         <c> </c>
         <w xml:id="pse03-079380"
            n="a-1940"
            ecep:lem="soften"
            ecep:pos="vvz"
            ecep:reg="softens"
            ecep:spe="softens"
            ecep:syllab="2"
            ecep:pron="ˈsɒfnz">softens</w>
         <c> </c>
         <w xml:id="pse03-079390"
            n="a-1950"
            ecep:lem="all"
            ecep:pos="d"
            ecep:reg="all"
            ecep:spe="all"
            ecep:syllab="1"
            ecep:pron="ɔːl">all</w>
         <c> </c>
         <w xml:id="pse03-079400"
            n="a-1960"
            ecep:lem="my"
            ecep:pos="po11"
            ecep:reg="my"
            ecep:spe="my"
            ecep:syllab="1"
            ecep:pron="maɪ">my</w>
         <c> </c>
         <w xml:id="pse03-079410"
            n="a-1970"
            ecep:lem="vow"
            ecep:pos="n2"
            ecep:reg="Vows"
            ecep:spe="Vows"
            ecep:syllab="1"
            ecep:pron="vaʊz">Vows</w>
         <pc xml:id="pse03-079420"
             n="a-1980"
             unit="sentence"
             ecep:lem="."
             ecep:pos="."
             ecep:reg="."
             ecep:spe=".">.</pc>
         <c> </c>
      </l>
      <l n="20" xml:id="pse03-l04355">
         <w xml:id="pse03-079430"
            n="a-1990"
            ecep:lem="inspire"
            ecep:pos="vvz"
            ecep:reg="Inspires"
            ecep:spe="Inspires"
            ecep:syllab="2"
            ecep:pron="ɪnˈspæəz">Inspires</w>
         <c> </c>
         <w xml:id="pse03-079440"
            n="a-2000"
            ecep:lem="my"
            ecep:pos="po11"
            ecep:reg="my"
            ecep:spe="my"
            ecep:syllab="1"
            ecep:pron="maɪ">my</w>
         <c> </c>
         <w xml:id="pse03-079450"
            n="a-2010"
            ecep:lem="muse"
            ecep:pos="n1"
            ecep:reg="Muse"
            ecep:spe="Muse"
            ecep:syllab="1"
            ecep:pron="mjuːz">Muse</w>
         <pc xml:id="pse03-079460"
             n="a-2020"
             ecep:lem=","
             ecep:pos=","
             ecep:reg=","
             ecep:spe=",">,</pc>
         <c> </c>
         <w xml:id="pse03-079470"
            n="a-2030"
            ecep:lem="to"
            ecep:pos="p-acp"
            ecep:reg="to"
            ecep:spe="to"
            ecep:syllab="1"
            ecep:pron="tuː">to</w>
         <c> </c>
         <w xml:id="pse03-079480"
            n="a-2040"
            ecep:lem="wanton"
            ecep:pos="j-jn"
            ecep:reg="wanton"
            ecep:spe="wanton"
            ecep:syllab="2"
            ecep:pron="ˈwɒntən">wanton</w>
         <c> </c>
         <w xml:id="pse03-079490"
            n="a-2050"
            ecep:lem="in"
            ecep:pos="p-acp"
            ecep:reg="in"
            ecep:spe="in"
            ecep:syllab="1"
            ecep:pron="ɪn">in</w>
         <c> </c>
         <w xml:id="pse03-079500"
            n="a-2060"
            ecep:lem="your"
            ecep:pos="po22"
            ecep:reg="your"
            ecep:spe="your"
            ecep:syllab="1"
            ecep:pron="jɔː">your</w>
         <c> </c>
         <w xml:id="pse03-079510"
            n="a-2070"
            ecep:lem="charm"
            ecep:pos="n2"
            ecep:reg="Charms"
            ecep:spe="Charms"
            ecep:syllab="1"
            ecep:pron="tʃɑːmz">Charms</w>
         <pc xml:id="pse03-079520"
             n="a-2080"
             ecep:lem=","
             ecep:pos=","
             ecep:reg=","
             ecep:spe=",">,</pc>
      </l>
      <l n="21" xml:id="pse03-l04360">
         <c> </c>
         <w xml:id="pse03-079530"
            n="a-2090"
            ecep:lem="and"
            ecep:pos="cc"
            ecep:reg="And"
            ecep:spe="And"
            ecep:syllab="1"
            ecep:pron="ænd">And</w>
         <c> </c>
         <w xml:id="pse03-079540"
            n="a-2100"
            ecep:lem="feast"
            ecep:pos="n1"
            ecep:reg="feast"
            ecep:spe="feast"
            ecep:syllab="1"
            ecep:pron="fiːst">feast</w>
         <c> </c>
         <w xml:id="pse03-079550"
            n="a-2110"
            ecep:lem="on"
            ecep:pos="p-acp"
            ecep:reg="on"
            ecep:spe="on"
            ecep:syllab="1"
            ecep:pron="ɒn">on</w>
         <c> </c>
         <w xml:id="pse03-079560"
            n="a-2120"
            ecep:lem="joy"
            ecep:pos="n2"
            ecep:reg="Joys"
            ecep:spe="Joys"
            ecep:syllab="1"
            ecep:pron="dʒɔɪz">Joys</w>
         <pc xml:id="pse03-079570"
             n="a-2130"
             ecep:lem=","
             ecep:pos=","
             ecep:reg=","
             ecep:spe=",">,</pc>
         <c> </c>
         <w xml:id="pse03-079580"
            n="a-2140"
            ecep:lem="which"
            ecep:pos="r-crq"
            ecep:reg="which"
            ecep:spe="which"
            ecep:syllab="1"
            ecep:pron="wɪtʃ">which</w>
         <c> </c>
         <w xml:id="pse03-079590"
            n="a-2150"
            ecep:lem="be"
            ecep:pos="vbr"
            ecep:reg="are"
            ecep:spe="are"
            ecep:syllab="1"
            ecep:pron="ɑː">are</w>
         <c> </c>
         <w xml:id="pse03-079600"
            n="a-2160"
            ecep:lem="deny"
            ecep:pos="vvn"
            ecep:reg="denied"
            ecep:spe="deny'd"
            ecep:syllab="2"
            ecep:pron="dɪˈnaɪd">deny'd</w>
         <c> </c>
         <w xml:id="pse03-079610"
            n="a-2170"
            ecep:lem="my"
            ecep:pos="po11"
            ecep:reg="my"
            ecep:spe="my"
            ecep:syllab="1"
            ecep:pron="maɪ">my</w>
         <c> </c>
         <w xml:id="pse03-079620"
            n="a-2180"
            ecep:lem="arm"
            ecep:pos="n2"
            ecep:reg="Arms"
            ecep:spe="Arms"
            ecep:syllab="1"
            ecep:pron="ɑːmz">Arms</w>
         <pc xml:id="pse03-079630"
             n="a-2190"
             ecep:lem=":"
             ecep:pos=":"
             ecep:reg=":"
             ecep:spe=":">:</pc>
      </l>
      <pb facs="pse03/0083" n="39" rend="none"/>
      <l n="22" xml:id="pse03-l04365">
         <c> </c>
         <w xml:id="pse03-079640"
            n="a-0010"
            ecep:lem="in"
            ecep:pos="p-acp"
            ecep:reg="In"
            ecep:spe="In"
            ecep:syllab="1"
            ecep:pron="ɪn">In</w>
         <c> </c>
         <w xml:id="pse03-079650"
            n="a-0020"
            ecep:lem="melt"
            ecep:pos="j-vvg"
            ecep:reg="melting"
            ecep:spe="melting"
            ecep:syllab="2"
            ecep:pron="meltɪŋ">melting</w>
         <c> </c>
         <w xml:id="pse03-079660"
            n="a-0030"
            ecep:lem="strain"
            ecep:pos="n2"
            ecep:reg="strains"
            ecep:spe="strains"
            ecep:syllab="1"
            ecep:pron="streɪnz">strains</w>
         <pc xml:id="pse03-079670"
             n="a-0040"
             ecep:lem=","
             ecep:pos=","
             ecep:reg=","
             ecep:spe=",">,</pc>
         <c> </c>
         <w xml:id="pse03-079680"
            n="a-0050"
            ecep:lem="she"
            ecep:pos="pns31"
            ecep:reg="she"
            ecep:spe="she"
            ecep:syllab="1"
            ecep:pron="ʃiː">she</w>
         <c> </c>
         <w xml:id="pse03-079690"
            n="a-0060"
            ecep:lem="shall"
            ecep:pos="vmb"
            ecep:reg="shall"
            ecep:spe="shall"
            ecep:syllab="1"
            ecep:pron="ʃæl">shall</w>
         <c> </c>
         <w xml:id="pse03-079700"
            n="a-0070"
            ecep:lem="my"
            ecep:pos="po11"
            ecep:reg="my"
            ecep:spe="my"
            ecep:syllab="1"
            ecep:pron="maɪ">my</w>
         <c> </c>
         <w xml:id="pse03-079710"
            n="a-0080"
            ecep:lem="passion"
            ecep:pos="n1"
            ecep:reg="Passion"
            ecep:spe="Passion"
            ecep:syllab="2"
            ecep:pron="ˈpæʃn">Passion</w>
         <c> </c>
         <w xml:id="pse03-079720"
            n="a-0090"
            ecep:lem="tell"
            ecep:pos="vvi"
            ecep:reg="tell"
            ecep:spe="tell"
            ecep:syllab="1"
            ecep:pron="tel">tell</w>
         <pc xml:id="pse03-079730"
             n="a-0100"
             ecep:lem=","
             ecep:pos=","
             ecep:reg=","
             ecep:spe=",">,</pc>
      </l>
      <l n="23" xml:id="pse03-l04370">
         <c> </c>
         <w xml:id="pse03-079740"
            n="a-0110"
            ecep:lem="describe"
            ecep:pos="vvb"
            ecep:reg="Describe"
            ecep:spe="Describe"
            ecep:syllab="2"
            ecep:pron="dɪˈskraɪb">Describe</w>
         <c> </c>
         <w xml:id="pse03-079750"
            n="a-0120"
            ecep:lem="those"
            ecep:pos="d"
            ecep:reg="those"
            ecep:spe="those"
            ecep:syllab="1"
            ecep:pron="ðəʊz">those</w>
         <c> </c>
         <w xml:id="pse03-079760"
            n="a-0130"
            ecep:lem="lovely"
            ecep:pos="j"
            ecep:reg="lovely"
            ecep:spe="lovely"
            ecep:syllab="2"
            ecep:pron="ˈlʌvli">lovely</w>
         <c> </c>
         <w xml:id="pse03-079770"
            n="a-0140"
            ecep:lem="eye"
            ecep:pos="n2"
            ecep:reg="Eyes"
            ecep:spe="Eyes"
            ecep:syllab="1"
            ecep:pron="aɪz">Eyes</w>
         <pc xml:id="pse03-079780"
             n="a-0150"
             ecep:lem=","
             ecep:pos=","
             ecep:reg=","
             ecep:spe=",">,</pc>
         <c> </c>
         <w xml:id="pse03-079790"
            n="a-0160"
            ecep:lem="and"
            ecep:pos="cc"
            ecep:reg="and"
            ecep:spe="and"
            ecep:syllab="1"
            ecep:pron="ænd">and</w>
         <c> </c>
         <w xml:id="pse03-079800"
            n="a-0170"
            ecep:lem="smile"
            ecep:pos="n2"
            ecep:reg="Smiles"
            ecep:spe="Smiles"
            ecep:syllab="1"
            ecep:pron="smaɪlz">Smiles</w>
         <c> </c>
         <w xml:id="pse03-079810"
            n="a-0180"
            ecep:lem="so"
            ecep:pos="av"
            ecep:reg="so"
            ecep:spe="so"
            ecep:syllab="1"
            ecep:pron="səʊ">so</w>
         <c> </c>
         <w xml:id="pse03-079820"
            n="a-0190"
            ecep:lem="well"
            ecep:pos="av"
            ecep:reg="well"
            ecep:spe="well"
            ecep:syllab="1"
            ecep:pron="wel">well</w>
         <pc xml:id="pse03-079830"
             n="a-0200"
             ecep:lem=";"
             ecep:pos=";"
             ecep:reg=";"
             ecep:spe=";">;</pc>
      </l>
      <l n="24" xml:id="pse03-l04375">
         <c> </c>
         <w xml:id="pse03-079840"
            n="a-0210"
            ecep:lem="till"
            ecep:pos="c-acp"
            ecep:reg="Till"
            ecep:spe="Till"
            ecep:syllab="1"
            ecep:pron="tɪl">Till</w>
         <c> </c>
         <w xml:id="pse03-079850"
            n="a-0220"
            ecep:lem="every"
            ecep:pos="d"
            ecep:reg="every"
            ecep:spe="every"
            ecep:syllab="2"
            ecep:pron="ˈevri">every</w>
         <c> </c>
         <w xml:id="pse03-079860"
            n="a-0230"
            ecep:lem="nymph"
            ecep:pos="n1"
            ecep:reg="Nymph"
            ecep:spe="Nymph"
            ecep:syllab="1"
            ecep:pron="nɪmf">Nymph</w>
         <c> </c>
         <w xml:id="pse03-079870"
            n="a-0240"
            ecep:lem="who"
            ecep:pos="r-crq"
            ecep:reg="who"
            ecep:spe="who"
            ecep:syllab="1"
            ecep:pron="huː">who</w>
         <c> </c>
         <w xml:id="pse03-079880"
            n="a-0250"
            ecep:lem="my"
            ecep:pos="po11"
            ecep:reg="my"
            ecep:spe="my"
            ecep:syllab="1"
            ecep:pron="maɪ">my</w>
         <c> </c>
         <w xml:id="pse03-079890"
            n="a-0260"
            ecep:lem="soft"
            ecep:pos="j"
            ecep:reg="soft"
            ecep:spe="soft"
            ecep:syllab="1"
            ecep:pron="sɒft">soft</w>
         <c> </c>
         <w xml:id="pse03-079900"
            n="a-0270"
            ecep:lem="line"
            ecep:pos="n2"
            ecep:reg="Lines"
            ecep:spe="Lines"
            ecep:syllab="1"
            ecep:pron="laɪnz">Lines</w>
         <c> </c>
         <w xml:id="pse03-079910"
            n="a-0280"
            ecep:lem="shall"
            ecep:pos="vmb"
            ecep:reg="shall"
            ecep:spe="shall"
            ecep:syllab="1"
            ecep:pron="ʃæl">shall</w>
         <c> </c>
         <w xml:id="pse03-079920"
            n="a-0290"
            ecep:lem="see"
            ecep:pos="vvi"
            ecep:reg="see"
            ecep:spe="see"
            ecep:syllab="1"
            ecep:pron="siː">see</w>
         <pc xml:id="pse03-079930"
             n="a-0300"
             ecep:lem=","
             ecep:pos=","
             ecep:reg=","
             ecep:spe=",">,</pc>
      </l>
      <l n="25" xml:id="pse03-l04380">
         <c> </c>
         <w xml:id="pse03-079940"
            n="a-0310"
            ecep:lem="sigh"
            ecep:pos="n2"
            ecep:reg="Sighs"
            ecep:spe="Sighs"
            ecep:syllab="1"
            ecep:pron="saɪz">Sighs</w>
         <c> </c>
         <w xml:id="pse03-079950"
            n="a-0320"
            ecep:lem="and"
            ecep:pos="cc"
            ecep:reg="and"
            ecep:spe="and"
            ecep:syllab="1"
            ecep:pron="ænd">and</w>
         <c> </c>
         <w xml:id="pse03-079960"
            n="a-0330"
            ecep:lem="adore"
            ecep:pos="vvz"
            ecep:reg="Adores"
            ecep:spe="Adores"
            ecep:syllab="2"
            ecep:pron="əˈdɔːz">Adores</w>
         <pc xml:id="pse03-079970"
             n="a-0340"
             ecep:lem=","
             ecep:pos=","
             ecep:reg=","
             ecep:spe=",">,</pc>
         <c> </c>
         <w xml:id="pse03-079980"
            n="a-0350"
            ecep:lem="and"
            ecep:pos="cc"
            ecep:reg="and"
            ecep:spe="and"
            ecep:syllab="1"
            ecep:pron="ænd">and</w>
         <c> </c>
         <w xml:id="pse03-079990"
            n="a-0360"
            ecep:lem="own"
            ecep:pos="vvz"
            ecep:reg="owns"
            ecep:spe="owns"
            ecep:syllab="1"
            ecep:pron="əʊnz">owns</w>
         <c> </c>
         <w xml:id="pse03-080000"
            n="a-0370"
            ecep:lem="she"
            ecep:pos="pns31"
            ecep:reg="she"
            ecep:spe="she"
            ecep:syllab="1"
            ecep:pron="ʃiː">she</w>
         <c> </c>
         <w xml:id="pse03-080010"
            n="a-0380"
            ecep:lem="love"
            ecep:pos="vvz"
            ecep:reg="loves"
            ecep:spe="loves"
            ecep:syllab="1"
            ecep:pron="lʌvz">loves</w>
         <c> </c>
         <w xml:id="pse03-080020"
            n="a-0390"
            ecep:lem="like"
            ecep:pos="av-j"
            ecep:reg="like"
            ecep:spe="like"
            ecep:syllab="1"
            ecep:pron="laɪk">like</w>
         <c> </c>
         <w xml:id="pse03-080030"
            n="a-0400"
            ecep:lem="i"
            ecep:pos="pno11"
            ecep:reg="me"
            ecep:spe="me"
            ecep:syllab="1"
            ecep:pron="miː">me</w>
         <pc xml:id="pse03-080040"
             n="a-0410"
             unit="sentence"
             ecep:lem="."
             ecep:pos="."
             ecep:reg="."
             ecep:spe=".">.</pc>
         <c> </c>
      </l>
      <l ana="#triplet" n="26" rhyme="aaa" xml:id="pse03-l04385">
         <w xml:id="pse03-080050"
            n="a-0420"
            ecep:lem="that"
            ecep:pos="cst"
            ecep:reg="That"
            ecep:spe="That"
            ecep:syllab="1"
            ecep:pron="ðæt">That</w>
         <c> </c>
         <w xml:id="pse03-080060"
            n="a-0430"
            ecep:lem="shape"
            ecep:pos="n1"
            ecep:reg="Shape"
            ecep:spe="Shape"
            ecep:syllab="1"
            ecep:pron="ʃeɪp">Shape</w>
         <pc xml:id="pse03-080070"
             n="a-0440"
             ecep:lem=","
             ecep:pos=","
             ecep:reg=","
             ecep:spe=",">,</pc>
         <c> </c>
         <w xml:id="pse03-080080"
            n="a-0450"
            ecep:lem="that"
            ecep:pos="cst"
            ecep:reg="that"
            ecep:spe="that"
            ecep:syllab="1"
            ecep:pron="ðæt">that</w>
         <c> </c>
         <w xml:id="pse03-080090"
            n="a-0460"
            ecep:lem="mein"
            ecep:pos="fw-ge"
            ecep:reg="Mein"
            ecep:spe="Mein"
            ecep:syllab="1"
            ecep:pron="ˈmaɪn">Mein</w>
         <pc xml:id="pse03-080100"
             n="a-0470"
             ecep:lem=","
             ecep:pos=","
             ecep:reg=","
             ecep:spe=",">,</pc>
         <c> </c>
         <w xml:id="pse03-080110"
            n="a-0480"
            ecep:lem="that"
            ecep:pos="d"
            ecep:reg="that"
            ecep:spe="that"
            ecep:syllab="1"
            ecep:pron="ðæt">that</w>
         <c> </c>
         <w xml:id="pse03-080120"
            n="a-0490"
            ecep:lem="dear"
            ecep:pos="j-jn"
            ecep:reg="dear"
            ecep:spe="dear"
            ecep:syllab="1"
            ecep:pron="dɪə">dear</w>
         <c> </c>
         <w xml:id="pse03-080130"
            n="a-0500"
            ecep:lem="undo"
            ecep:pos="j-vvg"
            ecep:reg="undoing"
            ecep:spe="undoing"
            ecep:syllab="3"
            ecep:pron="ʌnˈduːɪŋ">undoing</w>
         <c> </c>
         <w xml:id="pse03-080140"
            n="a-0510"
            ecep:lem="tongue"
            ecep:pos="n1"
            ecep:reg="Tongue"
            ecep:spe="Tongue"
            ecep:syllab="1"
            ecep:pron="tʌŋ">Tongue</w>
         <pc xml:id="pse03-080150"
             n="a-0520"
             ecep:lem=","
             ecep:pos=","
             ecep:reg=","
             ecep:spe=",">,</pc>
      </l>
      <l ana="#triplet" n="27" rhyme="aaa" xml:id="pse03-l04390">
         <c> </c>
         <w xml:id="pse03-080160"
            n="a-0530"
            ecep:lem="with"
            ecep:pos="p-acp"
            ecep:reg="With"
            ecep:spe="With"
            ecep:syllab="1"
            ecep:pron="wɪð">With</w>
         <c> </c>
         <w xml:id="pse03-080170"
            n="a-0540"
            ecep:lem="thousand"
            ecep:pos="crd"
            ecep:reg="thousand"
            ecep:spe="thousand"
            ecep:syllab="2"
            ecep:pron="ˈθaʊznd">thousand</w>
         <c> </c>
         <w xml:id="pse03-080180"
            n="a-0550"
            ecep:lem="unknown"
            ecep:pos="j"
            ecep:reg="unknown"
            ecep:spe="unknown"
            ecep:syllab="2"
            ecep:pron="ʌnˈnəʊn">unknown</w>
         <c> </c>
         <w xml:id="pse03-080190"
            n="a-0560"
            ecep:lem="charm"
            ecep:pos="n2"
            ecep:reg="Charms"
            ecep:spe="Charms"
            ecep:syllab="1"
            ecep:pron="tʃɑːmz">Charms</w>
         <c> </c>
         <w xml:id="pse03-080200"
            n="a-0570"
            ecep:lem="shall"
            ecep:pos="vmb"
            ecep:reg="shall"
            ecep:spe="shall"
            ecep:syllab="1"
            ecep:pron="ʃæl">shall</w>
         <c> </c>
         <w xml:id="pse03-080210"
            n="a-0580"
            ecep:lem="fill"
            ecep:pos="vvi"
            ecep:reg="fill"
            ecep:spe="fill"
            ecep:syllab="1"
            ecep:pron="fɪl">fill</w>
         <c> </c>
         <w xml:id="pse03-080220"
            n="a-0590"
            ecep:lem="my"
            ecep:pos="po11"
            ecep:reg="my"
            ecep:spe="my"
            ecep:syllab="1"
            ecep:pron="maɪ">my</w>
         <c> </c>
         <w xml:id="pse03-080230"
            n="a-0600"
            ecep:lem="song"
            ecep:pos="n1"
            ecep:reg="Song"
            ecep:spe="Song"
            ecep:syllab="1"
            ecep:pron="sɒŋ">Song</w>
         <pc xml:id="pse03-080240"
             n="a-0610"
             ecep:lem=","
             ecep:pos=","
             ecep:reg=","
             ecep:spe=",">,</pc>
      </l>
      <l n="28"
         rhyme="aaa"
         xml:id="pse03-l04395"
         ana="#triplet #iamb #hexameter"
         ecep:syllab="12"
         real="-+|-+|-+|-+|-+|-+/">
         <c> </c>
         <w xml:id="pse03-080250"
            n="a-0620"
            ecep:lem="to"
            ecep:pos="p-acp"
            ecep:reg="To"
            ecep:spe="To"
            ecep:syllab="1"
            ecep:pron="tuː">To</w>
         <c> </c>
         <w xml:id="pse03-080260"
            n="a-0630"
            ecep:lem="glad"
            ecep:pos="j"
            ecep:reg="glad"
            ecep:spe="glad"
            ecep:syllab="1"
            ecep:pron="glæd">glad</w>
         <c> </c>
         <w xml:id="pse03-080270"
            n="a-0640"
            ecep:lem="the"
            ecep:pos="dt"
            ecep:reg="the"
            ecep:spe="the"
            ecep:syllab="1"
            ecep:pron="ðiː">the</w>
         <c> </c>
         <w xml:id="pse03-080280"
            n="a-0650"
            ecep:lem="listen"
            ecep:pos="j-vvg"
            ecep:reg="listening"
            ecep:spe="listening"
            ecep:syllab="3"
            ecep:pron="ˈlɪsnɪŋ">listening</w>
         <c> </c>
         <w xml:id="pse03-080290"
            n="a-0660"
            ecep:lem="world"
            ecep:pos="n1"
            ecep:reg="World"
            ecep:spe="World"
            ecep:syllab="1"
            ecep:pron="wɜːld">World</w>
         <c> </c>
         <w xml:id="pse03-080300"
            n="a-0670"
            ecep:lem="and"
            ecep:pos="cc"
            ecep:reg="and"
            ecep:spe="and"
            ecep:syllab="1"
            ecep:pron="ænd">and</w>
         <c> </c>
         <w xml:id="pse03-080310"
            n="a-0680"
            ecep:lem="make"
            ecep:pos="vvi"
            ecep:reg="make"
            ecep:spe="make"
            ecep:syllab="1"
            ecep:pron="meɪk">make</w>
         <c> </c>
         <w xml:id="pse03-080320"
            n="a-0690"
            ecep:lem="it"
            ecep:pos="pn31"
            ecep:reg="it"
            ecep:spe="it"
            ecep:syllab="1"
            ecep:pron="ɪt">it</w>
         <c> </c>
         <w xml:id="pse03-080330"
            n="a-0700"
            ecep:lem="last"
            ecep:pos="vvi"
            ecep:reg="last"
            ecep:spe="last"
            ecep:syllab="1"
            ecep:pron="lɑːst">last</w>
         <c> </c>
         <w xml:id="pse03-080340"
            n="a-0710"
            ecep:lem="as"
            ecep:pos="c-acp"
            ecep:reg="as"
            ecep:spe="as"
            ecep:syllab="1"
            ecep:pron="æz">as</w>
         <c> </c>
         <w xml:id="pse03-080350"
            n="a-0720"
            ecep:lem="long"
            ecep:pos="av-j"
            ecep:reg="long"
            ecep:spe="long"
            ecep:syllab="1"
            ecep:pron="lɒŋ">long</w>
         <pc xml:id="pse03-080360"
             n="a-0730"
             unit="sentence"
             ecep:lem="."
             ecep:pos="."
             ecep:reg="."
             ecep:spe=".">.</pc>
         <c> </c>
      </l>
      <l ana="#triplet" n="29" rhyme="aaa" xml:id="pse03-l04400">
         <w xml:id="pse03-080370"
            n="a-0740"
            ecep:lem="with"
            ecep:pos="p-acp"
            ecep:reg="With"
            ecep:spe="With"
            ecep:syllab="1"
            ecep:pron="wɪð">With</w>
         <c> </c>
         <w xml:id="pse03-080380"
            n="a-0750"
            ecep:lem="a"
            ecep:pos="dt"
            ecep:reg="an"
            ecep:spe="an"
            ecep:syllab="1"
            ecep:pron="æn">an</w>
         <c> </c>
         <w xml:id="pse03-080390"
            n="a-0760"
            ecep:lem="eternal"
            ecep:pos="j"
            ecep:reg="Eternal"
            ecep:spe="Eternal"
            ecep:syllab="3"
            ecep:pron="ɪˈtɜːnl">Eternal</w>
         <c> </c>
         <w xml:id="pse03-080400"
            n="a-0770"
            ecep:lem="blast"
            ecep:pos="n1"
            ecep:reg="blast"
            ecep:spe="blast"
            ecep:syllab="1"
            ecep:pron="blɑːst">blast</w>
         <c> </c>
         <w xml:id="pse03-080410"
            n="a-0780"
            ecep:lem="the"
            ecep:pos="dt"
            ecep:reg="the"
            ecep:spe="the"
            ecep:syllab="1"
            ecep:pron="ðiː">the</w>
         <c> </c>
         <w xml:id="pse03-080420"
            n="a-0790"
            ecep:lem="trump"
            ecep:pos="n1"
            ecep:reg="trump"
            ecep:spe="trump"
            ecep:syllab="1"
            ecep:pron="trʌmp">trump</w>
         <c> </c>
         <w xml:id="pse03-080430"
            n="a-0800"
            ecep:lem="of"
            ecep:pos="pp-f"
            ecep:reg="of"
            ecep:spe="of"
            ecep:syllab="1"
            ecep:pron="ɒv">of</w>
         <c> </c>
         <w xml:id="pse03-080440"
            n="a-0810"
            ecep:lem="fame"
            ecep:pos="n1"
            ecep:reg="Fame"
            ecep:spe="Fame"
            ecep:syllab="1"
            ecep:pron="feɪm">Fame</w>
         <pc xml:id="pse03-080450"
             n="a-0820"
             ecep:lem=","
             ecep:pos=","
             ecep:reg=","
             ecep:spe=",">,</pc>
      </l>
      <l ana="#triplet" n="30" rhyme="aaa" xml:id="pse03-l04405">
         <c> </c>
         <w xml:id="pse03-080460"
            n="a-0830"
            ecep:lem="will"
            ecep:pos="vmb"
            ecep:reg="Will"
            ecep:spe="Will"
            ecep:syllab="1"
            ecep:pron="wɪl">Will</w>
         <c> </c>
         <w xml:id="pse03-080470"
            n="a-0840"
            ecep:lem="find"
            ecep:pos="vvn"
            ecep:reg="found"
            ecep:spe="found"
            ecep:syllab="1"
            ecep:pron="faʊnd">found</w>
         <c> </c>
         <hi>
            <w xml:id="pse03-080480"
               n="a-0850"
               ecep:lem="Alexis"
               ecep:pos="np1"
               ecep:reg="Alexis"
               ecep:spe="Alexis"
               ecep:syllab="3"
               ecep:pron="əˈleksɪs">Alexis</w>
         </hi>
         <c> </c>
         <w xml:id="pse03-080490"
            n="a-0860"
            ecep:lem="and"
            ecep:pos="cc"
            ecep:reg="and"
            ecep:spe="and"
            ecep:syllab="1"
            ecep:pron="ænd">and</w>
         <c> </c>
         <hi>
            <w xml:id="pse03-080500.1"
               n="a-0870"
               rend="plain_apostrophe"
               ecep:lem="clarinda"
               ecep:pos="npg1"
               ecep:reg="Clarinda's"
               ecep:spe="Clarinda's"
               ecep:syllab="3"
               ecep:pron="klærˈɪndəz">Clarinda's</w>
         </hi>
         <c> </c>
         <w xml:id="pse03-080510"
            n="a-0880"
            ecep:lem="name"
            ecep:pos="n1"
            ecep:reg="Name"
            ecep:spe="Name"
            ecep:syllab="1"
            ecep:pron="neɪm">Name</w>
         <pc xml:id="pse03-080520"
             n="a-0890"
             ecep:lem=","
             ecep:pos=","
             ecep:reg=","
             ecep:spe=",">,</pc>
      </l>
      <l ana="#triplet" n="31" rhyme="aaa" xml:id="pse03-l04410">
         <c> </c>
         <w xml:id="pse03-080530"
            n="a-0900"
            ecep:lem="your"
            ecep:pos="po22"
            ecep:reg="Your"
            ecep:spe="Your"
            ecep:syllab="1"
            ecep:pron="jɔː">Your</w>
         <c> </c>
         <w xml:id="pse03-080540"
            n="a-0910"
            ecep:lem="matchless"
            ecep:pos="j"
            ecep:reg="matchless"
            ecep:spe="matchless"
            ecep:syllab="2"
            ecep:pron="ˈmætʃləs">matchless</w>
         <c> </c>
         <w xml:id="pse03-080550"
            n="a-0920"
            ecep:lem="grace"
            ecep:pos="n2"
            ecep:reg="Graces"
            ecep:spe="Graces"
            ecep:syllab="2"
            ecep:pron="greɪsɪz">Graces</w>
         <pc xml:id="pse03-080560"
             n="a-0930"
             ecep:lem=","
             ecep:pos=","
             ecep:reg=","
             ecep:spe=",">,</pc>
         <c> </c>
         <w xml:id="pse03-080570"
            n="a-0940"
            ecep:lem="my"
            ecep:pos="po11"
            ecep:reg="my"
            ecep:spe="my"
            ecep:syllab="1"
            ecep:pron="maɪ">my</w>
         <c> </c>
         <w xml:id="pse03-080580"
            n="a-0950"
            ecep:lem="unequalled"
            ecep:pos="j"
            ecep:reg="unequalled"
            ecep:spe="unequall'd"
            ecep:syllab="3"
            ecep:pron="ʌnˈiːkwld">unequall'd</w>
         <c> </c>
         <w xml:id="pse03-080590"
            n="a-0960"
            ecep:lem="flame"
            ecep:pos="n1"
            ecep:reg="Flame"
            ecep:spe="Flame"
            ecep:syllab="1"
            ecep:pron="fleɪm">Flame</w>
         <pc xml:id="pse03-080600"
             n="a-0970"
             unit="sentence"
             ecep:lem="."
             ecep:pos="."
             ecep:reg="."
             ecep:spe=".">.</pc>
         <c> </c>
      </l>
      <l n="32" xml:id="pse03-l04415">
         <w xml:id="pse03-080610"
            n="a-0980"
            ecep:lem="you"
            ecep:pos="pn22"
            ecep:reg="You"
            ecep:spe="You"
            ecep:syllab="1"
            ecep:pron="juː">You</w>
         <c> </c>
         <w xml:id="pse03-080620"
            n="a-0990"
            ecep:lem="shall"
            ecep:pos="vmb"
            ecep:reg="shall"
            ecep:spe="shall"
            ecep:syllab="1"
            ecep:pron="ʃæl">shall</w>
         <c> </c>
         <w xml:id="pse03-080630"
            n="a-1000"
            ecep:lem="this"
            ecep:pos="d"
            ecep:reg="this"
            ecep:spe="this"
            ecep:syllab="1"
            ecep:pron="ðɪs">this</w>
         <c> </c>
         <w xml:id="pse03-080640"
            n="a-1010"
            ecep:lem="fondness"
            ecep:pos="n1"
            ecep:reg="fondness"
            ecep:spe="fondness"
            ecep:syllab="2"
            ecep:pron="fɒndnəs">fondness</w>
         <c> </c>
         <w xml:id="pse03-080650"
            n="a-1020"
            ecep:lem="of"
            ecep:pos="pp-f"
            ecep:reg="of"
            ecep:spe="of"
            ecep:syllab="1"
            ecep:pron="ɒv">of</w>
         <c> </c>
         <w xml:id="pse03-080660"
            n="a-1030"
            ecep:lem="my"
            ecep:pos="po11"
            ecep:reg="my"
            ecep:spe="my"
            ecep:syllab="1"
            ecep:pron="maɪ">my</w>
         <c> </c>
         <w xml:id="pse03-080670"
            n="a-1040"
            ecep:lem="muse"
            ecep:pos="n1"
            ecep:reg="Muse"
            ecep:spe="Muse"
            ecep:syllab="1"
            ecep:pron="mjuːz">Muse</w>
         <c> </c>
         <w xml:id="pse03-080680"
            n="a-1050"
            ecep:lem="forgive"
            ecep:pos="vvi"
            ecep:reg="forgive"
            ecep:spe="forgive"
            ecep:syllab="2"
            ecep:pron="fəˈgɪv">forgive</w>
         <pc xml:id="pse03-080690"
             n="a-1060"
             ecep:lem=","
             ecep:pos=","
             ecep:reg=","
             ecep:spe=",">,</pc>
      </l>
      <l n="33"
         xml:id="pse03-l04420"
         ana="#iamb #hexameter"
         ecep:syllab="12"
         real="-+|-+|-+|-+|-+|-+/">
         <c> </c>
         <w xml:id="pse03-080700"
            n="a-1070"
            ecep:lem="and"
            ecep:pos="cc"
            ecep:reg="And"
            ecep:spe="And"
            ecep:syllab="1"
            ecep:pron="ænd">And</w>
         <c> </c>
         <w xml:id="pse03-080710"
            n="a-1080"
            ecep:lem="though"
            ecep:pos="c-acp"
            ecep:reg="though"
            ecep:spe="tho'"
            ecep:syllab="1"
            ecep:pron="ðəʊ">tho'</w>
         <c> </c>
         <w xml:id="pse03-080720"
            n="a-1090"
            ecep:lem="not"
            ecep:pos="xx"
            ecep:reg="not"
            ecep:spe="not"
            ecep:syllab="1"
            ecep:pron="nɒt">not</w>
         <c> </c>
         <w xml:id="pse03-080730"
            n="a-1100"
            ecep:lem="in"
            ecep:pos="p-acp"
            ecep:reg="in"
            ecep:spe="in"
            ecep:syllab="1"
            ecep:pron="ɪn">in</w>
         <c> </c>
         <w xml:id="pse03-080740"
            n="a-1110"
            ecep:lem="my"
            ecep:pos="po11"
            ecep:reg="my"
            ecep:spe="my"
            ecep:syllab="1"
            ecep:pron="maɪ">my</w>
         <c> </c>
         <w xml:id="pse03-080750"
            n="a-1120"
            ecep:lem="arm"
            ecep:pos="n2"
            ecep:reg="Arms"
            ecep:spe="Arms"
            ecep:syllab="1"
            ecep:pron="ɑːmz">Arms</w>
         <pc xml:id="pse03-080760"
             n="a-1130"
             ecep:lem=","
             ecep:pos=","
             ecep:reg=","
             ecep:spe=",">,</pc>
         <c> </c>
         <w xml:id="pse03-080770"
            n="a-1140"
            ecep:lem="in"
            ecep:pos="p-acp"
            ecep:reg="in"
            ecep:spe="in"
            ecep:syllab="1"
            ecep:pron="ɪn">in</w>
         <c> </c>
         <w xml:id="pse03-080780"
            n="a-1150"
            ecep:lem="my"
            ecep:pos="po11"
            ecep:reg="my"
            ecep:spe="my"
            ecep:syllab="1"
            ecep:pron="maɪ">my</w>
         <c> </c>
         <w xml:id="pse03-080790"
            n="a-1160"
            ecep:lem="soft"
            ecep:pos="j"
            ecep:reg="soft"
            ecep:spe="soft"
            ecep:syllab="1"
            ecep:pron="sɒft">soft</w>
         <c> </c>
         <w xml:id="pse03-080800"
            n="a-1170"
            ecep:lem="number"
            ecep:pos="n2"
            ecep:reg="numbers"
            ecep:spe="numbers"
            ecep:syllab="2"
            ecep:pron="ˈnʌmbəz">numbers</w>
         <c> </c>
         <w xml:id="pse03-080810"
            n="a-1180"
            ecep:lem="live"
            ecep:pos="vvi"
            ecep:reg="live"
            ecep:spe="live"
            ecep:syllab="1"
            ecep:pron="lɪv">live</w>
         <pc xml:id="pse03-080820"
             n="a-1190"
             ecep:lem=":"
             ecep:pos=":"
             ecep:reg=":"
             ecep:spe=":">:</pc>
      </l>
      <l n="34" xml:id="pse03-l04425">
         <c> </c>
         <w xml:id="pse03-080830"
            n="a-1200"
            ecep:lem="while"
            ecep:pos="cs"
            ecep:reg="While"
            ecep:spe="While"
            ecep:syllab="1"
            ecep:pron="ˈwaɪl">While</w>
         <c> </c>
         <w xml:id="pse03-080840"
            n="a-1210"
            ecep:lem="warlike"
            ecep:pos="j"
            ecep:reg="warlike"
            ecep:spe="warlike"
            ecep:syllab="2"
            ecep:pron="ˈwɔːlaɪk">warlike</w>
         <c> </c>
         <w xml:id="pse03-080850"
            n="a-1220"
            ecep:lem="hero"
            ecep:pos="n2"
            ecep:reg="Heroes"
            ecep:spe="Heroes"
            ecep:syllab="2"
            ecep:pron="ˈhɪərəʊz">Heroes</w>
         <c> </c>
         <w xml:id="pse03-080860"
            n="a-1230"
            ecep:lem="who"
            ecep:pos="r-crq"
            ecep:reg="who"
            ecep:spe="who"
            ecep:syllab="1"
            ecep:pron="huː">who</w>
         <c> </c>
         <w xml:id="pse03-080870"
            n="a-1240"
            ecep:lem="be"
            ecep:pos="vbr"
            ecep:reg="are"
            ecep:spe="are"
            ecep:syllab="1"
            ecep:pron="ɑː">are</w>
         <c> </c>
         <w xml:id="pse03-080880"
            n="a-1250"
            ecep:lem="half"
            ecep:pos="j-jn"
            ecep:reg="half"
            ecep:spe="half"
            ecep:syllab="1"
            ecep:pron="hɑːf">half</w>
         <c> </c>
         <w xml:id="pse03-080890"
            n="a-1260"
            ecep:lem="divine"
            ecep:pos="j-jn"
            ecep:reg="Divine"
            ecep:spe="Divine"
            ecep:syllab="2"
            ecep:pron="dɪˈvaɪn">Divine</w>
         <pc xml:id="pse03-080900"
             n="a-1270"
             ecep:lem=","
             ecep:pos=","
             ecep:reg=","
             ecep:spe=",">,</pc>
      </l>
      <l n="35"
         xml:id="pse03-l04430"
         ana="#iamb #hexameter"
         ecep:syllab="12"
         real="-+|-+|-+|-+|-+|-+/">
         <c> </c>
         <w xml:id="pse03-080910"
            n="a-1280"
            ecep:lem="shall"
            ecep:pos="vmb"
            ecep:reg="Shall"
            ecep:spe="Shall"
            ecep:syllab="1"
            ecep:pron="ʃæl">Shall</w>
         <c> </c>
         <w xml:id="pse03-080920"
            n="a-1290"
            ecep:lem="have"
            ecep:pos="vhi"
            ecep:reg="have"
            ecep:spe="have"
            ecep:syllab="1"
            ecep:pron="hæv">have</w>
         <c> </c>
         <w xml:id="pse03-080930"
            n="a-1300"
            ecep:lem="their"
            ecep:pos="po32"
            ecep:reg="their"
            ecep:spe="their"
            ecep:syllab="1"
            ecep:pron="ðeə">their</w>
         <c> </c>
         <w xml:id="pse03-080940"
            n="a-1310"
            ecep:lem="glory"
            ecep:pos="n2"
            ecep:reg="Glories"
            ecep:spe="Glories"
            ecep:syllab="2"
            ecep:pron="ˈglɔːriz">Glories</w>
         <c> </c>
         <w xml:id="pse03-080950"
            n="a-1320"
            ecep:lem="sing"
            ecep:pos="vvn"
            ecep:reg="sung"
            ecep:spe="sung"
            ecep:syllab="1"
            ecep:pron="sʌŋ">sung</w>
         <pc xml:id="pse03-080960"
             n="a-1330"
             ecep:lem=","
             ecep:pos=","
             ecep:reg=","
             ecep:spe=",">,</pc>
         <c> </c>
         <w xml:id="pse03-080970"
            n="a-1340"
            ecep:lem="in"
            ecep:pos="p-acp"
            ecep:reg="in"
            ecep:spe="in"
            ecep:syllab="1"
            ecep:pron="ɪn">in</w>
         <c> </c>
         <w xml:id="pse03-080980"
            n="a-1350"
            ecep:lem="mean"
            ecep:pos="jc"
            ecep:reg="meaner"
            ecep:spe="meaner"
            ecep:syllab="2"
            ecep:pron="miːnə">meaner</w>
         <c> </c>
         <w xml:id="pse03-080990"
            n="a-1360"
            ecep:lem="lay"
            ecep:pos="n2"
            ecep:reg="Lays"
            ecep:spe="Lays"
            ecep:syllab="1"
            ecep:pron="leɪz">Lays</w>
         <c> </c>
         <w xml:id="pse03-081000"
            n="a-1370"
            ecep:lem="than"
            ecep:pos="cs"
            ecep:reg="than"
            ecep:spe="than"
            ecep:syllab="1"
            ecep:pron="ðæn">than</w>
         <c> </c>
         <w xml:id="pse03-081010"
            n="a-1380"
            ecep:lem="thy"
            ecep:pos="po21"
            ecep:reg="thine"
            ecep:spe="thine"
            ecep:syllab="1"
            ecep:pron="ðaɪn">thine</w>
         <pc xml:id="pse03-081020"
             n="a-1390"
             unit="sentence"
             ecep:lem="."
             ecep:pos="."
             ecep:reg="."
             ecep:spe=".">.</pc>
         <c> </c>
      </l>
   </lg>
</div>
