<?xml version="1.0" encoding="utf-8"?>
<!DOCTYPE div
  SYSTEM "about:legacy-compat">
<div xmlns:ecep="http://www.eighteenthcenturypoetry.org/ns"
     xmlns="http://www.tei-c.org/ns/1.0"
     xmlns:tei="http://www.tei-c.org/ns/1.0"
     ana="#iamb #tetrameter #trimeter #quatrain #cross #ballad"
     corresp="#txt_WillHe1759_w0011"
     decls="#semi-normalized"
     ecep:syllab="8.6.8.6"
     met="-+|-+|-+|-+/ -+|-+|-+/ -+|-+|-+|-+/ -+|-+|-+/"
     rendition="#lgvspace"
     rhyme="abab"
     subtype="eceptext"
     type="poem"
     xml:id="bhw18-w0110">
   <link target="authors.xml#aut_WillHe1759" type="author"/>
   <head type="main">
      <w xml:id="bhw18-317960"
         n="a-0010"
         ecep:lem="scotch"
         ecep:pos="jp"
         ecep:reg="SCOTCH"
         ecep:spe="SCOTCH"
         ecep:syllab="1"
         ecep:pron="skɒtʃ">SCOTCH</w>
      <c> </c>
      <w xml:id="bhw18-317970"
         n="a-0020"
         ecep:lem="ballad"
         ecep:pos="n1"
         ecep:reg="BALLAD"
         ecep:spe="BALLAD"
         ecep:syllab="2"
         ecep:pron="ˈbæləd">BALLAD</w>
      <pc xml:id="bhw18-317980"
          n="a-0030"
          unit="sentence"
          ecep:lem="."
          ecep:pos="."
          ecep:reg="."
          ecep:spe=".">.</pc>
   </head>
   <lg xml:id="bhw18-s01050">
      <l xml:id="bhw18-l11950">
         <hi rendition="#sc">
            <w xml:id="bhw18-318010"
               n="a-0040"
               ecep:lem="ah"
               ecep:pos="uh"
               ecep:reg="AH"
               ecep:spe="AH"
               ecep:syllab="1"
               ecep:pron="ɑː">AH</w>
         </hi>
         <pc xml:id="bhw18-318020"
             n="a-0050"
             ecep:lem=","
             ecep:pos=","
             ecep:reg=","
             ecep:spe=",">,</pc>
         <c> </c>
         <hi rendition="#sc">
            <w xml:id="bhw18-318030"
               n="a-0060"
               ecep:lem="EVAN"
               ecep:pos="np1"
               ecep:reg="EVAN"
               ecep:spe="EVAN"
               ecep:syllab="2"
               ecep:pron="ˈevən">EVAN</w>
         </hi>
         <pc xml:id="bhw18-318040"
             n="a-0070"
             ecep:lem=","
             ecep:pos=","
             ecep:reg=","
             ecep:spe=",">,</pc>
         <c> </c>
         <w xml:id="bhw18-318050"
            n="a-0080"
            ecep:lem="by"
            ecep:pos="p-acp"
            ecep:reg="by"
            ecep:spe="by"
            ecep:syllab="1"
            ecep:pron="baɪ">by</w>
         <c> </c>
         <w xml:id="bhw18-318060"
            n="a-0090"
            ecep:lem="thy"
            ecep:pos="po21"
            ecep:reg="thy"
            ecep:spe="thy"
            ecep:syllab="1"
            ecep:pron="ðaɪ">thy</w>
         <c> </c>
         <w xml:id="bhw18-318070"
            n="a-0100"
            ecep:lem="wind"
            ecep:pos="j-vvg"
            ecep:reg="winding"
            ecep:spe="winding"
            ecep:syllab="2"
            ecep:pron="ˈwaɪndɪŋ">winding</w>
         <c> </c>
         <w xml:id="bhw18-318080"
            n="a-0110"
            ecep:lem="stream"
            ecep:pos="n1"
            ecep:reg="stream"
            ecep:spe="stream"
            ecep:syllab="1"
            ecep:pron="striːm">stream</w>
      </l>
      <l rendition="#h_3" xml:id="bhw18-l11955">
         <c> </c>
         <w xml:id="bhw18-318090"
            n="a-0120"
            ecep:lem="how"
            ecep:pos="c-crq"
            ecep:reg="How"
            ecep:spe="How"
            ecep:syllab="1"
            ecep:pron="haʊ">How</w>
         <c> </c>
         <w xml:id="bhw18-318100"
            n="a-0130"
            ecep:lem="once"
            ecep:pos="a-acp"
            ecep:reg="once"
            ecep:spe="once"
            ecep:syllab="1"
            ecep:pron="wʌns">once</w>
         <c> </c>
         <w xml:id="bhw18-318110"
            n="a-0140"
            ecep:lem="i"
            ecep:pos="pns11"
            ecep:reg="I"
            ecep:spe="I"
            ecep:syllab="1"
            ecep:pron="aɪ">I</w>
         <c> </c>
         <w xml:id="bhw18-318120"
            n="a-0150"
            ecep:lem="love"
            ecep:pos="vvd"
            ecep:reg="loved"
            ecep:spe="lov'd"
            ecep:syllab="1"
            ecep:pron="ˈlʌvd">lov'd</w>
         <c> </c>
         <w xml:id="bhw18-318130"
            n="a-0160"
            ecep:lem="to"
            ecep:pos="pc-acp"
            ecep:reg="to"
            ecep:spe="to"
            ecep:syllab="1"
            ecep:pron="tuː">to</w>
         <c> </c>
         <w xml:id="bhw18-318140"
            n="a-0170"
            ecep:lem="stray"
            ecep:pos="vvi"
            ecep:reg="stray"
            ecep:spe="stray"
            ecep:syllab="1"
            ecep:pron="streɪ">stray</w>
         <pc xml:id="bhw18-318150"
             n="a-0180"
             ecep:lem=","
             ecep:pos=","
             ecep:reg=","
             ecep:spe=",">,</pc>
      </l>
      <l xml:id="bhw18-l11960">
         <c> </c>
         <w xml:id="bhw18-318160"
            n="a-0190"
            ecep:lem="and"
            ecep:pos="cc"
            ecep:reg="And"
            ecep:spe="And"
            ecep:syllab="1"
            ecep:pron="ænd">And</w>
         <c> </c>
         <w xml:id="bhw18-318170"
            n="a-0200"
            ecep:lem="view"
            ecep:pos="vvi"
            ecep:reg="view"
            ecep:spe="view"
            ecep:syllab="1"
            ecep:pron="vjuː">view</w>
         <c> </c>
         <w xml:id="bhw18-318180"
            n="a-0210"
            ecep:lem="the"
            ecep:pos="dt"
            ecep:reg="the"
            ecep:spe="the"
            ecep:syllab="1"
            ecep:pron="ðə">the</w>
         <c> </c>
         <w xml:id="bhw18-318190"
            n="a-0220"
            ecep:lem="morning"
            ecep:pos="ng1"
            ecep:reg="morning's"
            ecep:spe="morning's"
            ecep:syllab="2"
            ecep:pron="ˈmɔːnɪŋz">morning's</w>
         <c> </c>
         <w xml:id="bhw18-318200"
            n="a-0230"
            ecep:lem="redden"
            ecep:pos="j-vvg"
            ecep:reg="reddening"
            ecep:spe="redd'ning"
            ecep:syllab="2"
            ecep:pron="rˈednɪŋ">redd'ning</w>
         <c> </c>
         <w xml:id="bhw18-318210"
            n="a-0240"
            ecep:lem="beam"
            ecep:pos="n1"
            ecep:reg="beam"
            ecep:spe="beam"
            ecep:syllab="1"
            ecep:pron="biːm">beam</w>
         <pc xml:id="bhw18-318220"
             n="a-0250"
             ecep:lem=","
             ecep:pos=","
             ecep:reg=","
             ecep:spe=",">,</pc>
      </l>
      <l rendition="#h_3" xml:id="bhw18-l11965">
         <c> </c>
         <w xml:id="bhw18-318230"
            n="a-0260"
            ecep:lem="or"
            ecep:pos="cc"
            ecep:reg="Or"
            ecep:spe="Or"
            ecep:syllab="1"
            ecep:pron="ɔː">Or</w>
         <c> </c>
         <w xml:id="bhw18-318240"
            n="a-0270"
            ecep:lem="charm"
            ecep:pos="n1"
            ecep:reg="charm"
            ecep:spe="charm"
            ecep:syllab="1"
            ecep:pron="tʃɑːm">charm</w>
         <c> </c>
         <w xml:id="bhw18-318250"
            n="a-0280"
            ecep:lem="of"
            ecep:pos="pp-f"
            ecep:reg="of"
            ecep:spe="of"
            ecep:syllab="1"
            ecep:pron="ɒv">of</w>
         <c> </c>
         <w xml:id="bhw18-318260"
            n="a-0290"
            ecep:lem="close"
            ecep:pos="vvg"
            ecep:reg="closing"
            ecep:spe="closing"
            ecep:syllab="2"
            ecep:pron="ˈkləʊzɪŋ">closing</w>
         <c> </c>
         <w xml:id="bhw18-318270"
            n="a-0300"
            ecep:lem="day"
            ecep:pos="n1"
            ecep:reg="day"
            ecep:spe="day"
            ecep:syllab="1"
            ecep:pron="deɪ">day</w>
         <pc xml:id="bhw18-318280"
             n="a-0310"
             unit="sentence"
             ecep:lem="!"
             ecep:pos="!"
             ecep:reg="!"
             ecep:spe="!">!</pc>
         <c> </c>
      </l>
   </lg>
   <lg xml:id="bhw18-s01055">
      <l xml:id="bhw18-l11970">
         <w xml:id="bhw18-318310"
            n="a-0320"
            ecep:lem="to"
            ecep:pos="p-acp"
            ecep:reg="To"
            ecep:spe="To"
            ecep:syllab="1"
            ecep:pron="tuː">To</w>
         <c> </c>
         <w xml:id="bhw18-318320"
            n="a-0330"
            ecep:lem="yond"
            ecep:pos="d"
            ecep:reg="yonder"
            ecep:spe="yon"
            ecep:syllab="1"
            ecep:pron="jɒn">yon</w>
         <c> </c>
         <w xml:id="bhw18-318330"
            n="a-0340"
            ecep:lem="dear"
            ecep:pos="j-jn"
            ecep:reg="dear"
            ecep:spe="dear"
            ecep:syllab="1"
            ecep:pron="dɪə">dear</w>
         <c> </c>
         <w xml:id="bhw18-318340"
            n="a-0350"
            ecep:lem="grot"
            ecep:pos="n1"
            ecep:reg="grot"
            ecep:spe="grot"
            ecep:syllab="1"
            ecep:pron="grɒt">grot</w>
         <c> </c>
         <w xml:id="bhw18-318350"
            n="a-0360"
            ecep:lem="by"
            ecep:pos="p-acp"
            ecep:reg="by"
            ecep:spe="by"
            ecep:syllab="1"
            ecep:pron="baɪ">by</w>
         <c> </c>
         <hi rendition="#sc">
            <w xml:id="bhw18-318360"
               n="a-0370"
               ecep:lem="Evan"
               ecep:pos="npg1"
               ecep:reg="EVAN'S"
               ecep:spe="EVAN'S"
               ecep:syllab="2"
               ecep:pron="ˈevənz">EVAN'S</w>
         </hi>
         <c> </c>
         <w xml:id="bhw18-318370"
            n="a-0380"
            ecep:lem="side"
            ecep:pos="n1"
            ecep:reg="side"
            ecep:spe="side"
            ecep:syllab="1"
            ecep:pron="saɪd">side</w>
         <pc xml:id="bhw18-318380"
             n="a-0390"
             ecep:lem=","
             ecep:pos=","
             ecep:reg=","
             ecep:spe=",">,</pc>
      </l>
      <l rendition="#h_3" xml:id="bhw18-l11975">
         <c> </c>
         <w xml:id="bhw18-318390"
            n="a-0400"
            ecep:lem="how"
            ecep:pos="uh-crq"
            ecep:reg="How"
            ecep:spe="How"
            ecep:syllab="1"
            ecep:pron="haʊ">How</w>
         <c> </c>
         <w xml:id="bhw18-318400"
            n="a-0410"
            ecep:lem="oft"
            ecep:pos="av"
            ecep:reg="oft"
            ecep:spe="oft"
            ecep:syllab="1"
            ecep:pron="ɒft">oft</w>
         <c> </c>
         <w xml:id="bhw18-318410"
            n="a-0420"
            ecep:lem="my"
            ecep:pos="po11"
            ecep:reg="my"
            ecep:spe="my"
            ecep:syllab="1"
            ecep:pron="maɪ">my</w>
         <c> </c>
         <w xml:id="bhw18-318420"
            n="a-0430"
            ecep:lem="step"
            ecep:pos="n2"
            ecep:reg="steps"
            ecep:spe="steps"
            ecep:syllab="1"
            ecep:pron="steps">steps</w>
         <c> </c>
         <w xml:id="bhw18-318430"
            n="a-0440"
            ecep:lem="be"
            ecep:pos="vbdr"
            ecep:reg="were"
            ecep:spe="were"
            ecep:syllab="1"
            ecep:pron="wɜː">were</w>
         <c> </c>
         <w xml:id="bhw18-318440"
            n="a-0450"
            ecep:lem="lead"
            ecep:pos="vvn"
            ecep:reg="led"
            ecep:spe="led"
            ecep:syllab="1"
            ecep:pron="led">led</w>
         <pc xml:id="bhw18-318450"
             n="a-0460"
             ecep:lem=";"
             ecep:pos=";"
             ecep:reg=";"
             ecep:spe=";">;</pc>
      </l>
      <l xml:id="bhw18-l11980">
         <c> </c>
         <w xml:id="bhw18-318460"
            n="a-0470"
            ecep:lem="where"
            ecep:pos="c-crq"
            ecep:reg="Where"
            ecep:spe="Where"
            ecep:syllab="1"
            ecep:pron="weə">Where</w>
         <c> </c>
         <w xml:id="bhw18-318470"
            n="a-0480"
            ecep:lem="far"
            ecep:pos="av-j"
            ecep:reg="far"
            ecep:spe="far"
            ecep:syllab="1"
            ecep:pron="fɑː">far</w>
         <c> </c>
         <w xml:id="bhw18-318480"
            n="a-0490"
            ecep:lem="beneath"
            ecep:pos="p-acp"
            ecep:reg="beneath"
            ecep:spe="beneath"
            ecep:syllab="2"
            ecep:pron="bɪˈniːθ">beneath</w>
         <c> </c>
         <w xml:id="bhw18-318490"
            n="a-0500"
            ecep:lem="the"
            ecep:pos="dt"
            ecep:reg="the"
            ecep:spe="the"
            ecep:syllab="1"
            ecep:pron="ðə">the</w>
         <c> </c>
         <w xml:id="bhw18-318500"
            n="a-0510"
            ecep:lem="water"
            ecep:pos="n2"
            ecep:reg="waters"
            ecep:spe="waters"
            ecep:syllab="2"
            ecep:pron="ˈwɔːtəz">waters</w>
         <c> </c>
         <w xml:id="bhw18-318510"
            n="a-0520"
            ecep:lem="glide"
            ecep:pos="vvi"
            ecep:reg="glide"
            ecep:spe="glide"
            ecep:syllab="1"
            ecep:pron="glaɪd">glide</w>
         <pc xml:id="bhw18-318520"
             n="a-0530"
             ecep:lem=","
             ecep:pos=","
             ecep:reg=","
             ecep:spe=",">,</pc>
      </l>
      <l rendition="#h_3" xml:id="bhw18-l11985">
         <c> </c>
         <w xml:id="bhw18-318530"
            n="a-0540"
            ecep:lem="and"
            ecep:pos="cc"
            ecep:reg="And"
            ecep:spe="And"
            ecep:syllab="1"
            ecep:pron="ænd">And</w>
         <c> </c>
         <w xml:id="bhw18-318540"
            n="a-0550"
            ecep:lem="thick"
            ecep:pos="j"
            ecep:reg="thick"
            ecep:spe="thick"
            ecep:syllab="1"
            ecep:pron="θɪk">thick</w>
         <c> </c>
         <w xml:id="bhw18-318550"
            n="a-0560"
            ecep:lem="the"
            ecep:pos="dt"
            ecep:reg="the"
            ecep:spe="the"
            ecep:syllab="1"
            ecep:pron="ðə">the</w>
         <c> </c>
         <w xml:id="bhw18-318560"
            n="a-0570"
            ecep:lem="wood"
            ecep:pos="n2"
            ecep:reg="woods"
            ecep:spe="woods"
            ecep:syllab="1"
            ecep:pron="wʊdz">woods</w>
         <c> </c>
         <w xml:id="bhw18-318570"
            n="a-0580"
            ecep:lem="be"
            ecep:pos="vbr"
            ecep:reg="are"
            ecep:spe="are"
            ecep:syllab="1"
            ecep:pron="ɑː">are</w>
         <c> </c>
         <w xml:id="bhw18-318580"
            n="a-0590"
            ecep:lem="spread"
            ecep:pos="vvn"
            ecep:reg="spread"
            ecep:spe="spread"
            ecep:syllab="1"
            ecep:pron="spred">spread</w>
         <pc xml:id="bhw18-318590"
             n="a-0600"
             unit="sentence"
             ecep:lem="!"
             ecep:pos="!"
             ecep:reg="!"
             ecep:spe="!">!</pc>
         <c> </c>
      </l>
   </lg>
   <pb n="157" rend="none"/>
   <lg xml:id="bhw18-s01060">
      <l xml:id="bhw18-l11990">
         <w xml:id="bhw18-318620"
            n="a-0010"
            ecep:lem="but"
            ecep:pos="p-acp"
            ecep:reg="But"
            ecep:spe="But"
            ecep:syllab="1"
            ecep:pron="bʌt">But</w>
         <c> </c>
         <w xml:id="bhw18-318630"
            n="a-0020"
            ecep:lem="i"
            ecep:pos="pns11"
            ecep:reg="I"
            ecep:spe="I"
            ecep:syllab="1"
            ecep:pron="aɪ">I</w>
         <c> </c>
         <w xml:id="bhw18-318640"
            n="a-0030"
            ecep:lem="no"
            ecep:pos="av-dx"
            ecep:reg="no"
            ecep:spe="no"
            ecep:syllab="1"
            ecep:pron="nəʊ">no</w>
         <c> </c>
         <w xml:id="bhw18-318650"
            n="a-0040"
            ecep:lem="more"
            ecep:pos="av-dc"
            ecep:reg="more"
            ecep:spe="more"
            ecep:syllab="1"
            ecep:pron="mɔː">more</w>
         <c> </c>
         <w xml:id="bhw18-318660"
            n="a-0050"
            ecep:lem="a"
            ecep:pos="dt"
            ecep:reg="a"
            ecep:spe="a"
            ecep:syllab="1"
            ecep:pron="ə">a</w>
         <c> </c>
         <w xml:id="bhw18-318670"
            n="a-0060"
            ecep:lem="charm"
            ecep:pos="n1"
            ecep:reg="charm"
            ecep:spe="charm"
            ecep:syllab="1"
            ecep:pron="tʃɑːm">charm</w>
         <c> </c>
         <w xml:id="bhw18-318680"
            n="a-0070"
            ecep:lem="can"
            ecep:pos="vmb"
            ecep:reg="can"
            ecep:spe="can"
            ecep:syllab="1"
            ecep:pron="kæn">can</w>
         <c> </c>
         <w xml:id="bhw18-318690"
            n="a-0080"
            ecep:lem="see"
            ecep:pos="vvi"
            ecep:reg="see"
            ecep:spe="see"
            ecep:syllab="1"
            ecep:pron="siː">see</w>
      </l>
      <l rendition="#h_3" xml:id="bhw18-l11995">
         <c> </c>
         <w xml:id="bhw18-318700"
            n="a-0090"
            ecep:lem="in"
            ecep:pos="p-acp"
            ecep:reg="In"
            ecep:spe="In"
            ecep:syllab="1"
            ecep:pron="ɪn">In</w>
         <c> </c>
         <hi rendition="#sc">
            <w xml:id="bhw18-318710"
               n="a-0100"
               ecep:lem="Evan"
               ecep:pos="npg1"
               ecep:reg="EVAN'S"
               ecep:spe="EVAN'S"
               ecep:syllab="2"
               ecep:pron="ˈevənz">EVAN'S</w>
         </hi>
         <c> </c>
         <w xml:id="bhw18-318720"
            n="a-0110"
            ecep:lem="lovely"
            ecep:pos="j"
            ecep:reg="lovely"
            ecep:spe="lovely"
            ecep:syllab="2"
            ecep:pron="ˈlʌvlɪ">lovely</w>
         <c> </c>
         <w xml:id="bhw18-318730"
            n="a-0120"
            ecep:lem="glade"
            ecep:pos="n2"
            ecep:reg="glades"
            ecep:spe="glades"
            ecep:syllab="1"
            ecep:pron="gleɪdz">glades</w>
         <pc xml:id="bhw18-318740"
             n="a-0130"
             ecep:lem=";"
             ecep:pos=";"
             ecep:reg=";"
             ecep:spe=";">;</pc>
      </l>
      <l xml:id="bhw18-l12000">
         <c> </c>
         <w xml:id="bhw18-318750"
            n="a-0140"
            ecep:lem="and"
            ecep:pos="cc"
            ecep:reg="And"
            ecep:spe="And"
            ecep:syllab="1"
            ecep:pron="ænd">And</w>
         <c> </c>
         <w xml:id="bhw18-318760"
            n="a-0150"
            ecep:lem="drear"
            ecep:pos="j-jn"
            ecep:reg="drear"
            ecep:spe="drear"
            ecep:syllab="1"
            ecep:pron="drɪə">drear</w>
         <c> </c>
         <w xml:id="bhw18-318770"
            n="a-0160"
            ecep:lem="and"
            ecep:pos="cc"
            ecep:reg="and"
            ecep:spe="and"
            ecep:syllab="1"
            ecep:pron="ænd">and</w>
         <c> </c>
         <w xml:id="bhw18-318780"
            n="a-0170"
            ecep:lem="desolate"
            ecep:pos="j"
            ecep:reg="desolate"
            ecep:spe="desolate"
            ecep:syllab="3"
            ecep:pron="ˈdesəlɪt">desolate</w>
         <c> </c>
         <w xml:id="bhw18-318790"
            n="a-0180"
            ecep:lem="to"
            ecep:pos="p-acp"
            ecep:reg="to"
            ecep:spe="to"
            ecep:syllab="1"
            ecep:pron="tuː">to</w>
         <c> </c>
         <w xml:id="bhw18-318800"
            n="a-0190"
            ecep:lem="i"
            ecep:pos="pno11"
            ecep:reg="me"
            ecep:spe="me"
            ecep:syllab="1"
            ecep:pron="miː">me</w>
      </l>
      <l rendition="#h_3" xml:id="bhw18-l12005">
         <c> </c>
         <w xml:id="bhw18-318810"
            n="a-0200"
            ecep:lem="be"
            ecep:pos="vbb"
            ecep:reg="Are"
            ecep:spe="Are"
            ecep:syllab="1"
            ecep:pron="ɑː">Are</w>
         <c> </c>
         <w xml:id="bhw18-318820"
            n="a-0210"
            ecep:lem="those"
            ecep:pos="d"
            ecep:reg="those"
            ecep:spe="those"
            ecep:syllab="1"
            ecep:pron="ðəʊz">those</w>
         <c> </c>
         <w xml:id="bhw18-318830"
            n="a-0220"
            ecep:lem="enchant"
            ecep:pos="j-vvg"
            ecep:reg="enchanting"
            ecep:spe="enchanting"
            ecep:syllab="3"
            ecep:pron="ɪnˈtʃɑːntɪŋ">enchanting</w>
         <c> </c>
         <w xml:id="bhw18-318840"
            n="a-0230"
            ecep:lem="shade"
            ecep:pos="n2"
            ecep:reg="shades"
            ecep:spe="shades"
            ecep:syllab="1"
            ecep:pron="ʃeɪdz">shades</w>
         <pc xml:id="bhw18-318850"
             n="a-0240"
             unit="sentence"
             ecep:lem="."
             ecep:pos="."
             ecep:reg="."
             ecep:spe=".">.</pc>
         <c> </c>
      </l>
   </lg>
   <lg xml:id="bhw18-s01065">
      <l xml:id="bhw18-l12010">
         <w xml:id="bhw18-318880"
            n="a-0250"
            ecep:lem="while"
            ecep:pos="cs"
            ecep:reg="While"
            ecep:spe="While"
            ecep:syllab="1"
            ecep:pron="waɪl">While</w>
         <c> </c>
         <w xml:id="bhw18-318890"
            n="a-0260"
            ecep:lem="far"
            ecep:pos="av-j"
            ecep:reg="far"
            ecep:spe="far"
            ecep:syllab="1"
            ecep:pron="fɑː">far</w>
         <c> </c>
         <pc xml:id="bhw18-318900"
             n="a-0270"
             ecep:lem="—"
             ecep:pos="—"
             ecep:reg="—"
             ecep:spe="—">—</pc>
         <c> </c>
         <w xml:id="bhw18-318910"
            n="a-0280"
            ecep:lem="how"
            ecep:pos="c-crq"
            ecep:reg="how"
            ecep:spe="how"
            ecep:syllab="1"
            ecep:pron="haʊ">how</w>
         <c> </c>
         <w xml:id="bhw18-318920"
            n="a-0290"
            ecep:lem="far"
            ecep:pos="av-j"
            ecep:reg="far"
            ecep:spe="far"
            ecep:syllab="1"
            ecep:pron="fɑː">far</w>
         <c> </c>
         <w xml:id="bhw18-318930"
            n="a-0300"
            ecep:lem="from"
            ecep:pos="p-acp"
            ecep:reg="from"
            ecep:spe="from"
            ecep:syllab="1"
            ecep:pron="frɒm">from</w>
         <c> </c>
         <hi rendition="#sc">
            <w xml:id="bhw18-318940"
               n="a-0310"
               ecep:lem="Evan"
               ecep:pos="npg1"
               ecep:reg="EVAN'S"
               ecep:spe="EVAN'S"
               ecep:syllab="2"
               ecep:pron="ˈevənz">EVAN'S</w>
         </hi>
         <c> </c>
         <w xml:id="bhw18-318950"
            n="a-0320"
            ecep:lem="bower"
            ecep:pos="n2"
            ecep:reg="bowers"
            ecep:spe="bowers"
            ecep:syllab="2"
            ecep:pron="ˈbaʊəz">bowers</w>
         <pc xml:id="bhw18-318960"
             n="a-0330"
             ecep:lem=","
             ecep:pos=","
             ecep:reg=","
             ecep:spe=",">,</pc>
      </l>
      <l rendition="#h_3" xml:id="bhw18-l12015">
         <c> </c>
         <w xml:id="bhw18-318970"
            n="a-0340"
            ecep:lem="my"
            ecep:pos="po11"
            ecep:reg="My"
            ecep:spe="My"
            ecep:syllab="1"
            ecep:pron="maɪ">My</w>
         <c> </c>
         <w xml:id="bhw18-318980"
            n="a-0350"
            ecep:lem="wander"
            ecep:pos="j-vvg"
            ecep:reg="wandering"
            ecep:spe="wand'ring"
            ecep:syllab="2"
            ecep:pron="ˈwɒndrɪŋ">wand'ring</w>
         <c> </c>
         <w xml:id="bhw18-318990"
            n="a-0360"
            ecep:lem="lover"
            ecep:pos="n1"
            ecep:reg="lover"
            ecep:spe="lover"
            ecep:syllab="2"
            ecep:pron="ˈlʌvə">lover</w>
         <c> </c>
         <w xml:id="bhw18-319000"
            n="a-0370"
            ecep:lem="fly"
            ecep:pos="vvz"
            ecep:reg="flies"
            ecep:spe="flies"
            ecep:syllab="1"
            ecep:pron="flaɪz">flies</w>
         <pc xml:id="bhw18-319010"
             n="a-0380"
             ecep:lem=";"
             ecep:pos=";"
             ecep:reg=";"
             ecep:spe=";">;</pc>
      </l>
      <l xml:id="bhw18-l12020">
         <c> </c>
         <w xml:id="bhw18-319020"
            n="a-0390"
            ecep:lem="where"
            ecep:pos="q-crq"
            ecep:reg="Where"
            ecep:spe="Where"
            ecep:syllab="1"
            ecep:pron="weə">Where</w>
         <c> </c>
         <w xml:id="bhw18-319030"
            n="a-0400"
            ecep:lem="dark"
            ecep:pos="j"
            ecep:reg="dark"
            ecep:spe="dark"
            ecep:syllab="1"
            ecep:pron="dɑːk">dark</w>
         <c> </c>
         <w xml:id="bhw18-319040"
            n="a-0410"
            ecep:lem="the"
            ecep:pos="dt"
            ecep:reg="the"
            ecep:spe="the"
            ecep:syllab="1"
            ecep:pron="ðə">the</w>
         <c> </c>
         <w xml:id="bhw18-319050"
            n="a-0420"
            ecep:lem="angry"
            ecep:pos="j"
            ecep:reg="angry"
            ecep:spe="angry"
            ecep:syllab="2"
            ecep:pron="ˈæŋgrɪ">angry</w>
         <c> </c>
         <w xml:id="bhw18-319060"
            n="a-0430"
            ecep:lem="tempest"
            ecep:pos="n1"
            ecep:reg="tempest"
            ecep:spe="tempest"
            ecep:syllab="2"
            ecep:pron="ˈtempɪst">tempest</w>
         <c> </c>
         <w xml:id="bhw18-319070"
            n="a-0440"
            ecep:lem="lower"
            ecep:pos="n2"
            ecep:reg="lowers"
            ecep:spe="lowers"
            ecep:syllab="2"
            ecep:pron="ˈləʊəz">lowers</w>
         <pc xml:id="bhw18-319080"
             n="a-0450"
             ecep:lem=","
             ecep:pos=","
             ecep:reg=","
             ecep:spe=",">,</pc>
      </l>
      <l rendition="#h_3" xml:id="bhw18-l12025">
         <c> </c>
         <w xml:id="bhw18-319090"
            n="a-0460"
            ecep:lem="and"
            ecep:pos="cc"
            ecep:reg="And"
            ecep:spe="And"
            ecep:syllab="1"
            ecep:pron="ænd">And</w>
         <c> </c>
         <w xml:id="bhw18-319100"
            n="a-0470"
            ecep:lem="high"
            ecep:pos="j"
            ecep:reg="high"
            ecep:spe="high"
            ecep:syllab="1"
            ecep:pron="haɪ">high</w>
         <c> </c>
         <w xml:id="bhw18-319110"
            n="a-0480"
            ecep:lem="the"
            ecep:pos="dt"
            ecep:reg="the"
            ecep:spe="the"
            ecep:syllab="1"
            ecep:pron="ðə">the</w>
         <c> </c>
         <w xml:id="bhw18-319120"
            n="a-0490"
            ecep:lem="billow"
            ecep:pos="n2"
            ecep:reg="billows"
            ecep:spe="billows"
            ecep:syllab="2"
            ecep:pron="ˈbɪləʊz">billows</w>
         <c> </c>
         <w xml:id="bhw18-319130"
            n="a-0500"
            ecep:lem="rise"
            ecep:pos="vvb"
            ecep:reg="rise"
            ecep:spe="rise"
            ecep:syllab="1"
            ecep:pron="raɪz">rise</w>
         <pc xml:id="bhw18-319140"
             n="a-0510"
             unit="sentence"
             ecep:lem="!"
             ecep:pos="!"
             ecep:reg="!"
             ecep:spe="!">!</pc>
         <c> </c>
      </l>
   </lg>
   <lg xml:id="bhw18-s01070">
      <l xml:id="bhw18-l12030">
         <w xml:id="bhw18-319170"
            n="a-0520"
            ecep:lem="and"
            ecep:pos="cc"
            ecep:reg="And"
            ecep:spe="And"
            ecep:syllab="1"
            ecep:pron="ænd">And</w>
         <c> </c>
         <w xml:id="bhw18-319180"
            n="a-0530"
            ecep:lem="o"
            ecep:pos="uh"
            ecep:reg="OH"
            ecep:spe="O"
            ecep:syllab="1"
            ecep:pron="əʊ">O</w>
         <pc xml:id="bhw18-319190"
             n="a-0540"
             ecep:lem=","
             ecep:pos=","
             ecep:reg=","
             ecep:spe=",">,</pc>
         <c> </c>
         <w xml:id="bhw18-319200"
            n="a-0550"
            ecep:lem="wherever"
            ecep:pos="q-crq"
            ecep:reg="wherever"
            ecep:spe="where'er"
            ecep:syllab="2"
            ecep:pron="weərˈeə">where'er</w>
         <c> </c>
         <w xml:id="bhw18-319210"
            n="a-0560"
            ecep:lem="the"
            ecep:pos="dt"
            ecep:reg="the"
            ecep:spe="the"
            ecep:syllab="1"
            ecep:pron="ðə">the</w>
         <c> </c>
         <w xml:id="bhw18-319220"
            n="a-0570"
            ecep:lem="wanderer"
            ecep:pos="n1"
            ecep:reg="wanderer"
            ecep:spe="wand'rer"
            ecep:syllab="2"
            ecep:pron="wˈɒndrə">wand'rer</w>
         <c> </c>
         <w xml:id="bhw18-319230"
            n="a-0580"
            ecep:lem="go"
            ecep:pos="vvz"
            ecep:reg="goes"
            ecep:spe="goes"
            ecep:syllab="1"
            ecep:pron="gəʊz">goes</w>
         <pc xml:id="bhw18-319240"
             n="a-0590"
             ecep:lem=","
             ecep:pos=","
             ecep:reg=","
             ecep:spe=",">,</pc>
      </l>
      <l rendition="#h_3" xml:id="bhw18-l12035">
         <c> </c>
         <w xml:id="bhw18-319250"
            n="a-0600"
            ecep:lem="be"
            ecep:pos="vbz"
            ecep:reg="Is"
            ecep:spe="Is"
            ecep:syllab="1"
            ecep:pron="ɪz">Is</w>
         <c> </c>
         <w xml:id="bhw18-319260"
            n="a-0610"
            ecep:lem="that"
            ecep:pos="d"
            ecep:reg="that"
            ecep:spe="that"
            ecep:syllab="1"
            ecep:pron="ðæt">that</w>
         <c> </c>
         <w xml:id="bhw18-319270"
            n="a-0620"
            ecep:lem="poor"
            ecep:pos="j"
            ecep:reg="poor"
            ecep:spe="poor"
            ecep:syllab="1"
            ecep:pron="pʊə">poor</w>
         <c> </c>
         <w xml:id="bhw18-319280"
            n="a-0630"
            ecep:lem="mourner"
            ecep:pos="n1"
            ecep:reg="mourner"
            ecep:spe="mourner"
            ecep:syllab="2"
            ecep:pron="ˈmɔːnə">mourner</w>
         <c> </c>
         <w xml:id="bhw18-319290"
            n="a-0640"
            ecep:lem="dear"
            ecep:pos="j-jn"
            ecep:reg="dear"
            ecep:spe="dear"
            ecep:syllab="1"
            ecep:pron="dɪə">dear</w>
         <pc xml:id="bhw18-319300"
             n="a-0650"
             ecep:lem=","
             ecep:pos=","
             ecep:reg=","
             ecep:spe=",">,</pc>
      </l>
      <l xml:id="bhw18-l12040">
         <c> </c>
         <w xml:id="bhw18-319310"
            n="a-0660"
            ecep:lem="who"
            ecep:pos="q-crq"
            ecep:reg="Who"
            ecep:spe="Who"
            ecep:syllab="1"
            ecep:pron="huː">Who</w>
         <c> </c>
         <w xml:id="bhw18-319320"
            n="a-0670"
            ecep:lem="give"
            ecep:pos="vvz"
            ecep:reg="gives"
            ecep:spe="gives"
            ecep:syllab="1"
            ecep:pron="gɪvz">gives</w>
         <pc xml:id="bhw18-319330"
             n="a-0680"
             ecep:lem=","
             ecep:pos=","
             ecep:reg=","
             ecep:spe=",">,</pc>
         <c> </c>
         <w xml:id="bhw18-319340"
            n="a-0690"
            ecep:lem="while"
            ecep:pos="cs"
            ecep:reg="while"
            ecep:spe="while"
            ecep:syllab="1"
            ecep:pron="waɪl">while</w>
         <c> </c>
         <w xml:id="bhw18-319350"
            n="a-0700"
            ecep:lem="soft"
            ecep:pos="j"
            ecep:reg="soft"
            ecep:spe="soft"
            ecep:syllab="1"
            ecep:pron="sɒft">soft</w>
         <c> </c>
         <w xml:id="bhw18-319360"
            n="a-0710"
            ecep:lem="the"
            ecep:pos="dt"
            ecep:reg="the"
            ecep:spe="the"
            ecep:syllab="1"
            ecep:pron="ðə">the</w>
         <c> </c>
         <hi rendition="#sc">
            <w xml:id="bhw18-319370"
               n="a-0720"
               ecep:lem="EVAN"
               ecep:pos="np1"
               ecep:reg="EVAN"
               ecep:spe="EVAN"
               ecep:syllab="2"
               ecep:pron="ˈevən">EVAN</w>
         </hi>
         <c> </c>
         <w xml:id="bhw18-319380"
            n="a-0730"
            ecep:lem="flow"
            ecep:pos="vvz"
            ecep:reg="flows"
            ecep:spe="flows"
            ecep:syllab="1"
            ecep:pron="fləʊz">flows</w>
         <pc xml:id="bhw18-319390"
             n="a-0740"
             ecep:lem=","
             ecep:pos=","
             ecep:reg=","
             ecep:spe=",">,</pc>
      </l>
      <l rendition="#h_3" xml:id="bhw18-l12045">
         <c> </c>
         <w xml:id="bhw18-319400"
            n="a-0750"
            ecep:lem="each"
            ecep:pos="d"
            ecep:reg="Each"
            ecep:spe="Each"
            ecep:syllab="1"
            ecep:pron="iːtʃ">Each</w>
         <c> </c>
         <w xml:id="bhw18-319410"
            n="a-0760"
            ecep:lem="pass"
            ecep:pos="j-vvg"
            ecep:reg="passing"
            ecep:spe="passing"
            ecep:syllab="2"
            ecep:pron="ˈpɑːsɪŋ">passing</w>
         <c> </c>
         <w xml:id="bhw18-319420"
            n="a-0770"
            ecep:lem="wave"
            ecep:pos="n1"
            ecep:reg="wave"
            ecep:spe="wave"
            ecep:syllab="1"
            ecep:pron="weɪv">wave</w>
         <c> </c>
         <w xml:id="bhw18-319430"
            n="a-0780"
            ecep:lem="a"
            ecep:pos="dt"
            ecep:reg="a"
            ecep:spe="a"
            ecep:syllab="1"
            ecep:pron="ə">a</w>
         <c> </c>
         <w xml:id="bhw18-319440"
            n="a-0790"
            ecep:lem="tear"
            ecep:pos="n1"
            ecep:reg="tear"
            ecep:spe="tear"
            ecep:syllab="1"
            ecep:pron="tɪə">tear</w>
         <pc xml:id="bhw18-319450"
             n="a-0800"
             unit="sentence"
             ecep:lem="?"
             ecep:pos="?"
             ecep:reg="?"
             ecep:spe="?">?</pc>
         <c> </c>
      </l>
   </lg>
   <lg xml:id="bhw18-s01075">
      <l xml:id="bhw18-l12050">
         <w xml:id="bhw18-319480"
            n="a-0810"
            ecep:lem="and"
            ecep:pos="cc"
            ecep:reg="And"
            ecep:spe="And"
            ecep:syllab="1"
            ecep:pron="ænd">And</w>
         <c> </c>
         <w xml:id="bhw18-319490"
            n="a-0820"
            ecep:lem="do"
            ecep:pos="vdz"
            ecep:reg="does"
            ecep:spe="does"
            ecep:syllab="1"
            ecep:pron="dʌz">does</w>
         <c> </c>
         <w xml:id="bhw18-319500"
            n="a-0830"
            ecep:lem="he"
            ecep:pos="pns31"
            ecep:reg="he"
            ecep:spe="he"
            ecep:syllab="1"
            ecep:pron="hiː">he</w>
         <c> </c>
         <w xml:id="bhw18-319510"
            n="a-0840"
            ecep:lem="now"
            ecep:pos="av"
            ecep:reg="now"
            ecep:spe="now"
            ecep:syllab="1"
            ecep:pron="naʊ">now</w>
         <c> </c>
         <w xml:id="bhw18-319520"
            n="a-0850"
            ecep:lem="that"
            ecep:pos="d"
            ecep:reg="that"
            ecep:spe="that"
            ecep:syllab="1"
            ecep:pron="ðæt">that</w>
         <c> </c>
         <w xml:id="bhw18-319530"
            n="a-0860"
            ecep:lem="grotto"
            ecep:pos="n1"
            ecep:reg="grotto"
            ecep:spe="grotto"
            ecep:syllab="2"
            ecep:pron="ˈgrɒtəʊ">grotto</w>
         <c> </c>
         <w xml:id="bhw18-319540"
            n="a-0870"
            ecep:lem="view"
            ecep:pos="n1"
            ecep:reg="view"
            ecep:spe="view"
            ecep:syllab="1"
            ecep:pron="vjuː">view</w>
         <pc xml:id="bhw18-319550"
             n="a-0880"
             unit="sentence"
             ecep:lem="?"
             ecep:pos="?"
             ecep:reg="?"
             ecep:spe="?">?</pc>
         <c> </c>
      </l>
      <l rendition="#h_3" xml:id="bhw18-l12055">
         <w xml:id="bhw18-319560"
            n="a-0890"
            ecep:lem="on"
            ecep:pos="p-acp"
            ecep:reg="On"
            ecep:spe="On"
            ecep:syllab="1"
            ecep:pron="ɒn">On</w>
         <c> </c>
         <w xml:id="bhw18-319570"
            n="a-0900"
            ecep:lem="those"
            ecep:pos="d"
            ecep:reg="those"
            ecep:spe="those"
            ecep:syllab="1"
            ecep:pron="ðəʊz">those</w>
         <c> </c>
         <w xml:id="bhw18-319580"
            n="a-0910"
            ecep:lem="steep"
            ecep:pos="j"
            ecep:reg="steep"
            ecep:spe="steep"
            ecep:syllab="1"
            ecep:pron="stiːp">steep</w>
         <c> </c>
         <w xml:id="bhw18-319590"
            n="a-0920"
            ecep:lem="bank"
            ecep:pos="n2"
            ecep:reg="banks"
            ecep:spe="banks"
            ecep:syllab="1"
            ecep:pron="bæŋks">banks</w>
         <c> </c>
         <w xml:id="bhw18-319600"
            n="a-0930"
            ecep:lem="still"
            ecep:pos="av"
            ecep:reg="still"
            ecep:spe="still"
            ecep:syllab="1"
            ecep:pron="stɪl">still</w>
         <c> </c>
         <w xml:id="bhw18-319610"
            n="a-0940"
            ecep:lem="gaze"
            ecep:pos="vvi"
            ecep:reg="gaze"
            ecep:spe="gaze"
            ecep:syllab="1"
            ecep:pron="geɪz">gaze</w>
         <pc xml:id="bhw18-319620"
             n="a-0950"
             unit="sentence"
             ecep:lem="?"
             ecep:pos="?"
             ecep:reg="?"
             ecep:spe="?">?</pc>
         <c> </c>
      </l>
      <l xml:id="bhw18-l12060">
         <w xml:id="bhw18-319630"
            n="a-0960"
            ecep:lem="in"
            ecep:pos="p-acp"
            ecep:reg="In"
            ecep:spe="In"
            ecep:syllab="1"
            ecep:pron="ɪn">In</w>
         <c> </c>
         <w xml:id="bhw18-319640"
            n="a-0970"
            ecep:lem="fancy"
            ecep:pos="n1"
            ecep:reg="fancy"
            ecep:spe="fancy"
            ecep:syllab="2"
            ecep:pron="ˈfænsɪ">fancy</w>
         <c> </c>
         <w xml:id="bhw18-319650"
            n="a-0980"
            ecep:lem="do"
            ecep:pos="vdz"
            ecep:reg="does"
            ecep:spe="does"
            ecep:syllab="1"
            ecep:pron="dʌz">does</w>
         <c> </c>
         <w xml:id="bhw18-319660"
            n="a-0990"
            ecep:lem="he"
            ecep:pos="pns31"
            ecep:reg="he"
            ecep:spe="he"
            ecep:syllab="1"
            ecep:pron="hiː">he</w>
         <c> </c>
         <w xml:id="bhw18-319670"
            n="a-1000"
            ecep:lem="still"
            ecep:pos="av"
            ecep:reg="still"
            ecep:spe="still"
            ecep:syllab="1"
            ecep:pron="stɪl">still</w>
         <c> </c>
         <w xml:id="bhw18-319680"
            n="a-1010"
            ecep:lem="pursue"
            ecep:pos="vvi"
            ecep:reg="pursue"
            ecep:spe="pursue"
            ecep:syllab="2"
            ecep:pron="pəˈsjuː">pursue</w>
      </l>
      <l rendition="#h_3" xml:id="bhw18-l12065">
         <c> </c>
         <w xml:id="bhw18-319690"
            n="a-1020"
            ecep:lem="the"
            ecep:pos="dt"
            ecep:reg="The"
            ecep:spe="The"
            ecep:syllab="1"
            ecep:pron="ðə">The</w>
         <c> </c>
         <hi rendition="#sc">
            <w xml:id="bhw18-319700"
               n="a-1030"
               ecep:lem="Evan"
               ecep:pos="npg1"
               ecep:reg="EVAN'S"
               ecep:spe="EVAN'S"
               ecep:syllab="2"
               ecep:pron="ˈevənz">EVAN'S</w>
         </hi>
         <c> </c>
         <w xml:id="bhw18-319710"
            n="a-1040"
            ecep:lem="lovely"
            ecep:pos="j"
            ecep:reg="lovely"
            ecep:spe="lovely"
            ecep:syllab="2"
            ecep:pron="ˈlʌvlɪ">lovely</w>
         <c> </c>
         <w xml:id="bhw18-319720"
            n="a-1050"
            ecep:lem="maze"
            ecep:pos="n1"
            ecep:reg="maze"
            ecep:spe="maze"
            ecep:syllab="1"
            ecep:pron="meɪz">maze</w>
         <pc xml:id="bhw18-319730"
             n="a-1060"
             unit="sentence"
             ecep:lem="?"
             ecep:pos="?"
             ecep:reg="?"
             ecep:spe="?">?</pc>
         <c> </c>
      </l>
   </lg>
   <pb n="158" rend="none"/>
   <lg xml:id="bhw18-s01080">
      <l xml:id="bhw18-l12070">
         <w xml:id="bhw18-319760"
            n="a-0010"
            ecep:lem="o"
            ecep:pos="uh"
            ecep:reg="OH"
            ecep:spe="O"
            ecep:syllab="1"
            ecep:pron="əʊ">O</w>
         <c> </c>
         <w xml:id="bhw18-319770"
            n="a-0020"
            ecep:lem="come"
            ecep:pos="vvb"
            ecep:reg="come"
            ecep:spe="come"
            ecep:syllab="1"
            ecep:pron="kʌm">come</w>
         <pc xml:id="bhw18-319780"
             n="a-0030"
             ecep:lem="!"
             ecep:pos="!"
             ecep:reg="!"
             ecep:spe="!">!</pc>
         <c> </c>
         <w xml:id="bhw18-319790"
            n="a-0040"
            ecep:lem="repass"
            ecep:pos="vvb"
            ecep:reg="repass"
            ecep:spe="repass"
            ecep:syllab="2"
            ecep:pron="riːˈpɑːs">repass</w>
         <c> </c>
         <w xml:id="bhw18-319800"
            n="a-0050"
            ecep:lem="the"
            ecep:pos="dt"
            ecep:reg="the"
            ecep:spe="the"
            ecep:syllab="1"
            ecep:pron="ðə">the</w>
         <c> </c>
         <w xml:id="bhw18-319810"
            n="a-0060"
            ecep:lem="stormy"
            ecep:pos="j"
            ecep:reg="stormy"
            ecep:spe="stormy"
            ecep:syllab="2"
            ecep:pron="ˈstɔːmɪ">stormy</w>
         <c> </c>
         <w xml:id="bhw18-319820"
            n="a-0070"
            ecep:lem="wave"
            ecep:pos="n1"
            ecep:reg="wave"
            ecep:spe="wave"
            ecep:syllab="1"
            ecep:pron="weɪv">wave</w>
         <pc xml:id="bhw18-319830"
             n="a-0080"
             ecep:lem=","
             ecep:pos=","
             ecep:reg=","
             ecep:spe=",">,</pc>
      </l>
      <l rendition="#h_3" xml:id="bhw18-l12075">
         <c> </c>
         <w xml:id="bhw18-319840"
            n="a-0090"
            ecep:lem="o"
            ecep:pos="uh"
            ecep:reg="OH"
            ecep:spe="O"
            ecep:syllab="1"
            ecep:pron="əʊ">O</w>
         <c> </c>
         <w xml:id="bhw18-319850"
            n="a-0100"
            ecep:lem="toil"
            ecep:pos="vvb"
            ecep:reg="toil"
            ecep:spe="toil"
            ecep:syllab="1"
            ecep:pron="tɔɪl">toil</w>
         <c> </c>
         <w xml:id="bhw18-319860"
            n="a-0110"
            ecep:lem="for"
            ecep:pos="p-acp"
            ecep:reg="for"
            ecep:spe="for"
            ecep:syllab="1"
            ecep:pron="fɔː">for</w>
         <c> </c>
         <w xml:id="bhw18-319870"
            n="a-0120"
            ecep:lem="gold"
            ecep:pos="n1"
            ecep:reg="gold"
            ecep:spe="gold"
            ecep:syllab="1"
            ecep:pron="gəʊld">gold</w>
         <c> </c>
         <w xml:id="bhw18-319880"
            n="a-0130"
            ecep:lem="no"
            ecep:pos="av-dx"
            ecep:reg="no"
            ecep:spe="no"
            ecep:syllab="1"
            ecep:pron="nəʊ">no</w>
         <c> </c>
         <w xml:id="bhw18-319890"
            n="a-0140"
            ecep:lem="more"
            ecep:pos="av-dc"
            ecep:reg="more"
            ecep:spe="more"
            ecep:syllab="1"
            ecep:pron="mɔː">more</w>
         <pc xml:id="bhw18-319900"
             n="a-0150"
             unit="sentence"
             ecep:lem="!"
             ecep:pos="!"
             ecep:reg="!"
             ecep:spe="!">!</pc>
         <c> </c>
      </l>
      <l xml:id="bhw18-l12080">
         <w xml:id="bhw18-319910"
            n="a-0160"
            ecep:lem="our"
            ecep:pos="po12"
            ecep:reg="Our"
            ecep:spe="Our"
            ecep:syllab="2"
            ecep:pron="aʊə">Our</w>
         <c> </c>
         <w xml:id="bhw18-319920"
            n="a-0170"
            ecep:lem="love"
            ecep:pos="n1"
            ecep:reg="love"
            ecep:spe="love"
            ecep:syllab="1"
            ecep:pron="lʌv">love</w>
         <c> </c>
         <w xml:id="bhw18-319930"
            n="a-0180"
            ecep:lem="a"
            ecep:pos="dt"
            ecep:reg="a"
            ecep:spe="a"
            ecep:syllab="1"
            ecep:pron="ə">a</w>
         <c> </c>
         <w xml:id="bhw18-319940"
            n="a-0190"
            ecep:lem="dear"
            ecep:pos="jc-jn"
            ecep:reg="dearer"
            ecep:spe="dearer"
            ecep:syllab="2"
            ecep:pron="ˈdɪərə">dearer</w>
         <c> </c>
         <w xml:id="bhw18-319950"
            n="a-0200"
            ecep:lem="pleasure"
            ecep:pos="n1"
            ecep:reg="pleasure"
            ecep:spe="pleasure"
            ecep:syllab="2"
            ecep:pron="ˈpleʒə">pleasure</w>
         <c> </c>
         <w xml:id="bhw18-319960"
            n="a-0210"
            ecep:lem="give"
            ecep:pos="vvd"
            ecep:reg="gave"
            ecep:spe="gave"
            ecep:syllab="1"
            ecep:pron="geɪv">gave</w>
      </l>
      <l rendition="#h_3" xml:id="bhw18-l12085">
         <c> </c>
         <w xml:id="bhw18-319970"
            n="a-0220"
            ecep:lem="on"
            ecep:pos="p-acp"
            ecep:reg="On"
            ecep:spe="On"
            ecep:syllab="1"
            ecep:pron="ɒn">On</w>
         <c> </c>
         <hi rendition="#sc">
            <w xml:id="bhw18-319980"
               n="a-0230"
               ecep:lem="Evan"
               ecep:pos="npg1"
               ecep:reg="EVAN'S"
               ecep:spe="EVAN'S"
               ecep:syllab="2"
               ecep:pron="ˈevənz">EVAN'S</w>
         </hi>
         <c> </c>
         <w xml:id="bhw18-319990"
            n="a-0240"
            ecep:lem="peaceful"
            ecep:pos="j"
            ecep:reg="peaceful"
            ecep:spe="peaceful"
            ecep:syllab="2"
            ecep:pron="ˈpiːsfʊl">peaceful</w>
         <c> </c>
         <w xml:id="bhw18-320000"
            n="a-0250"
            ecep:lem="shore"
            ecep:pos="n1"
            ecep:reg="shore"
            ecep:spe="shore"
            ecep:syllab="1"
            ecep:pron="ʃɔː">shore</w>
         <pc xml:id="bhw18-320010"
             n="a-0260"
             unit="sentence"
             ecep:lem="."
             ecep:pos="."
             ecep:reg="."
             ecep:spe=".">.</pc>
         <c> </c>
      </l>
   </lg>
   <lg xml:id="bhw18-s01085">
      <l xml:id="bhw18-l12090">
         <w xml:id="bhw18-320040"
            n="a-0270"
            ecep:lem="leave"
            ecep:pos="n1"
            ecep:reg="Leave"
            ecep:spe="Leave"
            ecep:syllab="1"
            ecep:pron="liːv">Leave</w>
         <c> </c>
         <w xml:id="bhw18-320050"
            n="a-0280"
            ecep:lem="not"
            ecep:pos="xx"
            ecep:reg="not"
            ecep:spe="not"
            ecep:syllab="1"
            ecep:pron="nɒt">not</w>
         <c> </c>
         <w xml:id="bhw18-320060"
            n="a-0290"
            ecep:lem="my"
            ecep:pos="po11"
            ecep:reg="my"
            ecep:spe="my"
            ecep:syllab="1"
            ecep:pron="maɪ">my</w>
         <c> </c>
         <w xml:id="bhw18-320070"
            n="a-0300"
            ecep:lem="break"
            ecep:pos="j-vvg"
            ecep:reg="breaking"
            ecep:spe="breaking"
            ecep:syllab="2"
            ecep:pron="ˈbreɪkɪŋ">breaking</w>
         <c> </c>
         <w xml:id="bhw18-320080"
            n="a-0310"
            ecep:lem="heart"
            ecep:pos="n1"
            ecep:reg="heart"
            ecep:spe="heart"
            ecep:syllab="1"
            ecep:pron="hɑːt">heart</w>
         <c> </c>
         <w xml:id="bhw18-320090"
            n="a-0320"
            ecep:lem="to"
            ecep:pos="pc-acp"
            ecep:reg="to"
            ecep:spe="to"
            ecep:syllab="1"
            ecep:pron="tuː">to</w>
         <c> </c>
         <w xml:id="bhw18-320100"
            n="a-0330"
            ecep:lem="mourn"
            ecep:pos="vvi"
            ecep:reg="mourn"
            ecep:spe="mourn"
            ecep:syllab="1"
            ecep:pron="mɔːn">mourn</w>
      </l>
      <l rendition="#h_3" xml:id="bhw18-l12095">
         <c> </c>
         <w xml:id="bhw18-320110"
            n="a-0340"
            ecep:lem="the"
            ecep:pos="dt"
            ecep:reg="The"
            ecep:spe="The"
            ecep:syllab="1"
            ecep:pron="ðə">The</w>
         <c> </c>
         <w xml:id="bhw18-320120"
            n="a-0350"
            ecep:lem="joy"
            ecep:pos="n2"
            ecep:reg="joys"
            ecep:spe="joys"
            ecep:syllab="1"
            ecep:pron="dʒɔɪz">joys</w>
         <c> </c>
         <w xml:id="bhw18-320130"
            n="a-0360"
            ecep:lem="so"
            ecep:pos="av"
            ecep:reg="so"
            ecep:spe="so"
            ecep:syllab="1"
            ecep:pron="səʊ">so</w>
         <c> </c>
         <w xml:id="bhw18-320140"
            n="a-0370"
            ecep:lem="long"
            ecep:pos="av-j"
            ecep:reg="long"
            ecep:spe="long"
            ecep:syllab="1"
            ecep:pron="lɒŋ">long</w>
         <c> </c>
         <w xml:id="bhw18-320150"
            n="a-0380"
            ecep:lem="deny"
            ecep:pos="vvn"
            ecep:reg="denied"
            ecep:spe="denied"
            ecep:syllab="2"
            ecep:pron="dɪˈnaɪd">denied</w>
         <pc xml:id="bhw18-320160"
             n="a-0390"
             ecep:lem=";"
             ecep:pos=";"
             ecep:reg=";"
             ecep:spe=";">;</pc>
      </l>
      <l xml:id="bhw18-l12100">
         <c> </c>
         <w xml:id="bhw18-320170"
            n="a-0400"
            ecep:lem="ah"
            ecep:pos="uh"
            ecep:reg="Ah"
            ecep:spe="Ah"
            ecep:syllab="1"
            ecep:pron="ɑː">Ah</w>
         <pc xml:id="bhw18-320180"
             n="a-0410"
             ecep:lem=","
             ecep:pos=","
             ecep:reg=","
             ecep:spe=",">,</pc>
         <c> </c>
         <w xml:id="bhw18-320190"
            n="a-0420"
            ecep:lem="soon"
            ecep:pos="av"
            ecep:reg="soon"
            ecep:spe="soon"
            ecep:syllab="1"
            ecep:pron="suːn">soon</w>
         <c> </c>
         <w xml:id="bhw18-320200"
            n="a-0430"
            ecep:lem="to"
            ecep:pos="p-acp"
            ecep:reg="to"
            ecep:spe="to"
            ecep:syllab="1"
            ecep:pron="tuː">to</w>
         <c> </c>
         <w xml:id="bhw18-320210"
            n="a-0440"
            ecep:lem="those"
            ecep:pos="d"
            ecep:reg="those"
            ecep:spe="those"
            ecep:syllab="1"
            ecep:pron="ðəʊz">those</w>
         <c> </c>
         <w xml:id="bhw18-320220"
            n="a-0450"
            ecep:lem="green"
            ecep:pos="j-jn"
            ecep:reg="green"
            ecep:spe="green"
            ecep:syllab="1"
            ecep:pron="griːn">green</w>
         <c> </c>
         <w xml:id="bhw18-320230"
            n="a-0460"
            ecep:lem="bank"
            ecep:pos="n2"
            ecep:reg="banks"
            ecep:spe="banks"
            ecep:syllab="1"
            ecep:pron="bæŋks">banks</w>
         <c> </c>
         <w xml:id="bhw18-320240"
            n="a-0470"
            ecep:lem="return"
            ecep:pos="vvi"
            ecep:reg="return"
            ecep:spe="return"
            ecep:syllab="2"
            ecep:pron="rɪˈtɜːn">return</w>
         <pc xml:id="bhw18-320250"
             n="a-0480"
             ecep:lem=","
             ecep:pos=","
             ecep:reg=","
             ecep:spe=",">,</pc>
      </l>
      <l rendition="#h_3" xml:id="bhw18-l12105">
         <c> </c>
         <w xml:id="bhw18-320260"
            n="a-0490"
            ecep:lem="where"
            ecep:pos="q-crq"
            ecep:reg="Where"
            ecep:spe="Where"
            ecep:syllab="1"
            ecep:pron="weə">Where</w>
         <c> </c>
         <hi rendition="#sc">
            <w xml:id="bhw18-320270"
               n="a-0500"
               ecep:lem="EVAN"
               ecep:pos="np1"
               ecep:reg="EVAN"
               ecep:spe="EVAN"
               ecep:syllab="2"
               ecep:pron="ˈevən">EVAN</w>
         </hi>
         <c> </c>
         <w xml:id="bhw18-320280"
            n="a-0510"
            ecep:lem="meet"
            ecep:pos="vvz"
            ecep:reg="meets"
            ecep:spe="meets"
            ecep:syllab="1"
            ecep:pron="miːts">meets</w>
         <c> </c>
         <w xml:id="bhw18-320290"
            n="a-0520"
            ecep:lem="the"
            ecep:pos="dt"
            ecep:reg="the"
            ecep:spe="the"
            ecep:syllab="1"
            ecep:pron="ðə">the</w>
         <c> </c>
         <hi rendition="#sc">
            <w xml:id="bhw18-320300"
               n="a-0530"
               ecep:lem="Clyde"
               ecep:pos="np1"
               ecep:reg="CLYDE"
               ecep:spe="CLYDE"
               ecep:syllab="1"
               ecep:pron="ˈklaɪd">CLYDE</w>
         </hi>
         <pc xml:id="bhw18-320310"
             n="a-0540"
             unit="sentence"
             ecep:lem="."
             ecep:pos="."
             ecep:reg="."
             ecep:spe=".">.</pc>
         <c> </c>
      </l>
   </lg>
</div>
