<?xml version="1.0" encoding="utf-8"?>
<!DOCTYPE div
  SYSTEM "about:legacy-compat">
<div xmlns:ecep="http://www.eighteenthcenturypoetry.org/ns"
     xmlns="http://www.tei-c.org/ns/1.0"
     xmlns:tei="http://www.tei-c.org/ns/1.0"
     ana="#iamb #tetrameter #trimeter #ballad #cross #quatrain #translation"
     corresp="#txt_JoneMa1707_w0005"
     decls="#semi-normalized"
     ecep:syllab="8.6.8.6"
     met="-+|-+|-+|-+/ -+|-+|-+/ -+|-+|-+|-+/ -+|-+|-+/"
     rendition="#lgvspace"
     rhyme="abab"
     subtype="eceptext"
     type="poem"
     xml:id="pjo50-w0050">
   <link target="authors.xml#aut_JoneMa1707" type="author"/>
   <link subtype="original" target="#pjo50-w0060" type="related"/>
   <head type="main">
      <w xml:id="pjo50-235770"
         n="a-0010"
         ecep:lem="song"
         ecep:pos="n1"
         ecep:reg="SONG"
         ecep:spe="SONG"
         ecep:syllab="1"
         ecep:pron="sɒŋ">SONG</w>
      <c> </c>
      <w xml:id="pjo50-235780"
         n="a-0020"
         ecep:lem="from"
         ecep:pos="p-acp"
         ecep:reg="from"
         ecep:spe="from"
         ecep:syllab="1"
         ecep:pron="frɒm">from</w>
      <c> </c>
      <w xml:id="pjo50-235790"
         n="a-0030"
         ecep:lem="the"
         ecep:pos="dt"
         ecep:reg="the"
         ecep:spe="the"
         ecep:syllab="1"
         ecep:pron="ðiː">the</w>
      <c> </c>
      <w xml:id="pjo50-235800"
         n="a-0040"
         ecep:lem="opera"
         ecep:pos="n1"
         ecep:reg="Opera"
         ecep:spe="Opera"
         ecep:syllab="2"
         ecep:pron="ˈəʊpərə">Opera</w>
      <c> </c>
      <w xml:id="pjo50-235810"
         n="a-0050"
         ecep:lem="of"
         ecep:pos="pp-f"
         ecep:reg="of"
         ecep:spe="of"
         ecep:syllab="1"
         ecep:pron="ɒv">of</w>
      <c> </c>
      <w xml:id="pjo50-235820"
         n="a-0060"
         ecep:lem="ELPIDIA"
         ecep:pos="np1"
         ecep:reg="ELPIDIA"
         ecep:spe="ELPIDIA"
         ecep:syllab="4"
         ecep:pron="elpˈɪdiə">ELPIDIA</w>
      <pc xml:id="pjo50-235830"
          n="a-0070"
          unit="sentence"
          ecep:lem="."
          ecep:pos="."
          ecep:reg="."
          ecep:spe=".">.</pc>
   </head>
   <div subtype="ecep" type="original" xml:id="pjo50-w0050-1">
      <l xml:id="pjo50-l03800">
         <w xml:id="pjo50-235860"
            n="a-0080"
            ecep:lem="PUpillette"
            ecep:pos="np1"
            ecep:reg="PUpillette"
            ecep:spe="PUpillette"
            ecep:syllab="3"
            ecep:pron="pjˌuːpɪlˈet">PUpillette</w>
         <pc xml:id="pjo50-235870"
             n="a-0090"
             ecep:lem=","
             ecep:pos=","
             ecep:reg=","
             ecep:spe=",">,</pc>
         <c> </c>
         <w xml:id="pjo50-235880"
            n="a-0100"
            ecep:lem=" "
            ecep:pos="n1"
            ecep:reg=" "
            ecep:spe=" "
            ecep:syllab="0"
            ecep:pron=""> </w>
         <c> </c>
         <w xml:id="pjo50-235890"
            n="a-0110"
            ecep:lem=" "
            ecep:pos="n1"
            ecep:reg=" "
            ecep:spe=" "
            ecep:syllab="0"
            ecep:pron=""> </w>
         <c> </c>
         <w xml:id="pjo50-235900"
            n="a-0120"
            ecep:lem=" "
            ecep:pos="n1"
            ecep:reg=" "
            ecep:spe=" "
            ecep:syllab="0"
            ecep:pron=""> </w>
         <c> </c>
         <w xml:id="pjo50-235910"
            n="a-0130"
            ecep:lem=" "
            ecep:pos="n1"
            ecep:reg=" "
            ecep:spe=" "
            ecep:syllab="0"
            ecep:pron=""> </w>
         <c> </c>
         <w xml:id="pjo50-235920"
            n="a-0140"
            ecep:lem="ill"
            ecep:pos="j-jn"
            ecep:reg="Ill"
            ecep:spe="Il"
            ecep:syllab="1"
            ecep:pron="ˈiːl">Il</w>
         <c> </c>
         <w xml:id="pjo50-235930"
            n="a-0150"
            ecep:lem="mio"
            ecep:pos="fw-mi"
            ecep:reg="mio"
            ecep:spe="mio"
            ecep:syllab="2"
            ecep:pron="mˈiːəʊ">mio</w>
         <c> </c>
         <w xml:id="pjo50-235940"
            n="a-0160"
            ecep:lem="core"
            ecep:pos="n1"
            ecep:reg="core"
            ecep:spe="core"
            ecep:syllab="1"
            ecep:pron="kɔː">core</w>
         <pc xml:id="pjo50-235950"
             n="a-0170"
             ecep:lem=","
             ecep:pos=","
             ecep:reg=","
             ecep:spe=",">,</pc>
      </l>
      <l xml:id="pjo50-l03805">
         <c> </c>
         <w xml:id="pjo50-235960"
            n="a-0180"
            ecep:lem="vezzosette"
            ecep:pos="n1"
            ecep:reg="Vezzosette"
            ecep:spe="Vezzosette"
            ecep:syllab="3"
            ecep:pron="vˌezəʊsˈet">Vezzosette</w>
         <pc xml:id="pjo50-235970"
             n="a-0190"
             ecep:lem=","
             ecep:pos=","
             ecep:reg=","
             ecep:spe=",">,</pc>
         <c> </c>
         <w xml:id="pjo50-235980"
            n="a-0200"
            ecep:lem=" "
            ecep:pos="n1"
            ecep:reg=" "
            ecep:spe=" "
            ecep:syllab="0"
            ecep:pron=""> </w>
         <c> </c>
         <w xml:id="pjo50-235990"
            n="a-0210"
            ecep:lem=" "
            ecep:pos="n1"
            ecep:reg=" "
            ecep:spe=" "
            ecep:syllab="0"
            ecep:pron=""> </w>
         <c> </c>
         <w xml:id="pjo50-236000"
            n="a-0220"
            ecep:lem=" "
            ecep:pos="n1"
            ecep:reg=" "
            ecep:spe=" "
            ecep:syllab="0"
            ecep:pron=""> </w>
         <c> </c>
         <w xml:id="pjo50-236010"
            n="a-0230"
            ecep:lem=" "
            ecep:pos="n1"
            ecep:reg=" "
            ecep:spe=" "
            ecep:syllab="0"
            ecep:pron=""> </w>
         <c> </c>
         <w xml:id="pjo50-236020"
            n="a-0240"
            ecep:lem="nel"
            ecep:pos="np1"
            ecep:reg="Nel"
            ecep:spe="Nel"
            ecep:syllab="1"
            ecep:pron="nˈel">Nel</w>
         <c> </c>
         <w xml:id="pjo50-236030"
            n="a-0250"
            ecep:lem="mirarvi"
            ecep:pos="fw-la"
            ecep:reg="mirarvi"
            ecep:spe="mirarvi"
            ecep:syllab="3"
            ecep:pron="mˈɜːrɑːvˌi">mirarvi</w>
         <pc xml:id="pjo50-236040"
             n="a-0260"
             ecep:lem=","
             ecep:pos=","
             ecep:reg=","
             ecep:spe=",">,</pc>
      </l>
      <l xml:id="pjo50-l03810">
         <c> </c>
         <w xml:id="pjo50-236050"
            n="a-0270"
            ecep:lem="pur"
            ecep:pos="np1"
            ecep:reg="Pur"
            ecep:spe="Pur"
            ecep:syllab="1"
            ecep:pron="pˈɜː">Pur</w>
         <c> </c>
         <w xml:id="pjo50-236060"
            n="a-0280"
            ecep:lem="dormendo"
            ecep:pos="fw-la"
            ecep:reg="dormendo"
            ecep:spe="dormendo"
            ecep:syllab="3"
            ecep:pron="dɔːmˈendəʊ">dormendo</w>
         <c> </c>
         <w xml:id="pjo50-236070"
            n="a-0290"
            ecep:lem=" "
            ecep:pos="n1"
            ecep:reg=" "
            ecep:spe=" "
            ecep:syllab="0"
            ecep:pron=""> </w>
         <c> </c>
         <w xml:id="pjo50-236080"
            n="a-0300"
            ecep:lem=" "
            ecep:pos="n1"
            ecep:reg=" "
            ecep:spe=" "
            ecep:syllab="0"
            ecep:pron=""> </w>
         <c> </c>
         <w xml:id="pjo50-236090"
            n="a-0310"
            ecep:lem=" "
            ecep:pos="n1"
            ecep:reg=" "
            ecep:spe=" "
            ecep:syllab="0"
            ecep:pron=""> </w>
         <c> </c>
         <w xml:id="pjo50-236100"
            n="a-0320"
            ecep:lem="send"
            ecep:pos="vvn"
            ecep:reg="Sent"
            ecep:spe="Sente"
            ecep:syllab="1"
            ecep:pron="ˈsentiː">Sente</w>
         <c> </c>
         <w xml:id="pjo50-236110"
            n="a-0330"
            ecep:lem="ardore"
            ecep:pos="fw-la"
            ecep:reg="ardore"
            ecep:spe="ardore"
            ecep:syllab="2"
            ecep:pron="ˈɑːdɔː">ardore</w>
         <pc xml:id="pjo50-236120"
             n="a-0340"
             ecep:lem=","
             ecep:pos=","
             ecep:reg=","
             ecep:spe=",">,</pc>
      </l>
      <l xml:id="pjo50-l03815">
         <c> </c>
         <w xml:id="pjo50-236130"
            n="a-0350"
            ecep:lem="voi"
            ecep:pos="fw-fr"
            ecep:reg="Voi"
            ecep:spe="Voi"
            ecep:syllab="1"
            ecep:pron="vˈɔɪ">Voi</w>
         <c> </c>
         <w xml:id="pjo50-236140"
            n="a-0360"
            ecep:lem="splendete"
            ecep:pos="fw-la"
            ecep:reg="splendete"
            ecep:spe="splendete"
            ecep:syllab="2"
            ecep:pron="splˈendiːt">splendete</w>
         <pc xml:id="pjo50-236150"
             n="a-0370"
             unit="sentence"
             ecep:lem="."
             ecep:pos="."
             ecep:reg="."
             ecep:spe=".">.</pc>
         <c> </c>
         <w xml:id="pjo50-236160"
            n="a-0380"
            ecep:lem=" "
            ecep:pos="n1"
            ecep:reg=" "
            ecep:spe=" "
            ecep:syllab="0"
            ecep:pron=""> </w>
         <c> </c>
         <w xml:id="pjo50-236170"
            n="a-0390"
            ecep:lem=" "
            ecep:pos="n1"
            ecep:reg=" "
            ecep:spe=" "
            ecep:syllab="0"
            ecep:pron=""> </w>
         <c> </c>
         <w xml:id="pjo50-236180"
            n="a-0400"
            ecep:lem=" "
            ecep:pos="n1"
            ecep:reg=" "
            ecep:spe=" "
            ecep:syllab="0"
            ecep:pron=""> </w>
         <pc unit="sentence" xml:id="pjo50-236180-eos" n="a-0410"/>
         <c> </c>
         <w xml:id="pjo50-236190"
            n="a-0420"
            ecep:lem="send"
            ecep:pos="vvn"
            ecep:reg="Sent"
            ecep:spe="Sente"
            ecep:syllab="1"
            ecep:pron="ˈsentiː">Sente</w>
         <c> </c>
         <w xml:id="pjo50-236200"
            n="a-0430"
            ecep:lem="pena"
            ecep:pos="fw-la"
            ecep:reg="pena"
            ecep:spe="pena"
            ecep:syllab="2"
            ecep:pron="pˈiːnə">pena</w>
         <pc xml:id="pjo50-236210"
             n="a-0440"
             ecep:lem=","
             ecep:pos=","
             ecep:reg=","
             ecep:spe=",">,</pc>
      </l>
      <l xml:id="pjo50-l03820">
         <c> </c>
         <w xml:id="pjo50-236220"
            n="a-0450"
            ecep:lem="siete"
            ecep:pos="fw-ge"
            ecep:reg="Siete"
            ecep:spe="Siete"
            ecep:syllab="1"
            ecep:pron="sˈaɪət">Siete</w>
         <c> </c>
         <w xml:id="pjo50-236230"
            n="a-0460"
            ecep:lem="belle"
            ecep:pos="fw-la"
            ecep:reg="belle"
            ecep:spe="belle"
            ecep:syllab="1"
            ecep:pron="bel">belle</w>
         <pc xml:id="pjo50-236240"
             n="a-0470"
             ecep:lem=","
             ecep:pos=","
             ecep:reg=","
             ecep:spe=",">,</pc>
         <c> </c>
         <w xml:id="pjo50-236250"
            n="a-0480"
            ecep:lem=" "
            ecep:pos="n1"
            ecep:reg=" "
            ecep:spe=" "
            ecep:syllab="0"
            ecep:pron=""> </w>
         <c> </c>
         <w xml:id="pjo50-236260"
            n="a-0490"
            ecep:lem=" "
            ecep:pos="n1"
            ecep:reg=" "
            ecep:spe=" "
            ecep:syllab="0"
            ecep:pron=""> </w>
         <c> </c>
         <w xml:id="pjo50-236270"
            n="a-0500"
            ecep:lem=" "
            ecep:pos="n1"
            ecep:reg=" "
            ecep:spe=" "
            ecep:syllab="0"
            ecep:pron=""> </w>
         <c> </c>
         <w xml:id="pjo50-236280"
            n="a-0510"
            ecep:lem=" "
            ecep:pos="n1"
            ecep:reg=" "
            ecep:spe=" "
            ecep:syllab="0"
            ecep:pron=""> </w>
         <c> </c>
         <w xml:id="pjo50-236290"
            n="a-0520"
            ecep:lem="si"
            ecep:pos="fw-mi"
            ecep:reg="Si"
            ecep:spe="Si"
            ecep:syllab="1"
            ecep:pron="siː">Si</w>
         <pc xml:id="pjo50-236300"
             n="a-0530"
             ecep:lem=","
             ecep:pos=","
             ecep:reg=","
             ecep:spe=",">,</pc>
         <c> </c>
         <w xml:id="pjo50-236310"
            n="a-0540"
            ecep:lem="dormite"
            ecep:pos="fw-la"
            ecep:reg="dormite"
            ecep:spe="dormite"
            ecep:syllab="2"
            ecep:pron="dˈɔːmaɪt">dormite</w>
         <pc xml:id="pjo50-236320"
             n="a-0550"
             unit="sentence"
             ecep:lem="."
             ecep:pos="."
             ecep:reg="."
             ecep:spe=".">.</pc>
         <c> </c>
      </l>
      <l xml:id="pjo50-l03825">
         <w xml:id="pjo50-236330"
            n="a-0560"
            ecep:lem="ma"
            ecep:pos="fw-fr"
            ecep:reg="Ma"
            ecep:spe="Ma"
            ecep:syllab="1"
            ecep:pron="mɑː">Ma</w>
         <c> </c>
         <w xml:id="pjo50-236340"
            n="a-0570"
            ecep:lem="ferite"
            ecep:pos="fw-la"
            ecep:reg="ferite"
            ecep:spe="ferite"
            ecep:syllab="2"
            ecep:pron="fˈeraɪt">ferite</w>
         <pc xml:id="pjo50-236350"
             n="a-0580"
             unit="sentence"
             ecep:lem="."
             ecep:pos="."
             ecep:reg="."
             ecep:spe=".">.</pc>
         <c> </c>
      </l>
   </div>
   <div subtype="ecep" type="translation" xml:id="pjo50-w0050-2">
      <head>
         <w xml:id="pjo50-236390"
            n="a-0590"
            ecep:lem="thus"
            ecep:pos="av"
            ecep:reg="Thus"
            ecep:spe="Thus"
            ecep:syllab="1"
            ecep:pron="ðʌs">Thus</w>
         <c> </c>
         <w xml:id="pjo50-236400"
            n="a-0600"
            ecep:lem="translate"
            ecep:pos="vvn"
            ecep:reg="translated"
            ecep:spe="translated"
            ecep:syllab="3"
            ecep:pron="trænsˈleɪtɪd">translated</w>
         <pc xml:id="pjo50-236410"
             n="a-0610"
             unit="sentence"
             ecep:lem="."
             ecep:pos="."
             ecep:reg="."
             ecep:spe=".">.</pc>
         <c> </c>
         <note n="*" place="bottom" xml:id="pjo50-n00030">
            <w xml:id="pjo50-236430"
               n="a-0620"
               ecep:lem="this"
               ecep:pos="d"
               ecep:reg="This"
               ecep:spe="This"
               ecep:syllab="1"
               ecep:pron="ðɪs">This</w>
            <c> </c>
            <w xml:id="pjo50-236440"
               n="a-0630"
               ecep:lem="and"
               ecep:pos="cc"
               ecep:reg="and"
               ecep:spe="and"
               ecep:syllab="1"
               ecep:pron="ænd">and</w>
            <c> </c>
            <w xml:id="pjo50-236450"
               n="a-0640"
               ecep:lem="the"
               ecep:pos="dt"
               ecep:reg="the"
               ecep:spe="the"
               ecep:syllab="1"
               ecep:pron="ðiː">the</w>
            <c> </c>
            <w xml:id="pjo50-236460"
               n="a-0650"
               ecep:lem="follow"
               ecep:pos="j-vvg"
               ecep:reg="following"
               ecep:spe="following"
               ecep:syllab="3"
               ecep:pron="ˈfɒləʊɪŋ">following</w>
            <c> </c>
            <w xml:id="pjo50-236470"
               n="a-0660"
               ecep:lem="translation"
               ecep:pos="n1"
               ecep:reg="translation"
               ecep:spe="translation"
               ecep:syllab="3"
               ecep:pron="trænsˈleɪʃn">translation</w>
            <c> </c>
            <w xml:id="pjo50-236480"
               n="a-0670"
               ecep:lem="be"
               ecep:pos="vbdr"
               ecep:reg="were"
               ecep:spe="were"
               ecep:syllab="1"
               ecep:pron="wɜː">were</w>
            <c> </c>
            <w xml:id="pjo50-236490"
               n="a-0680"
               ecep:lem="the"
               ecep:pos="dt"
               ecep:reg="the"
               ecep:spe="the"
               ecep:syllab="1"
               ecep:pron="ðiː">the</w>
            <c> </c>
            <w xml:id="pjo50-236500"
               n="a-0690"
               ecep:lem="author"
               ecep:pos="ng1"
               ecep:reg="author's"
               ecep:spe="author's"
               ecep:syllab="2"
               ecep:pron="ˈɔːθəz">author's</w>
            <c> </c>
            <w xml:id="pjo50-236510"
               n="a-0700"
               ecep:lem="first"
               ecep:pos="ord"
               ecep:reg="first"
               ecep:spe="first"
               ecep:syllab="1"
               ecep:pron="fɜːst">first</w>
            <c> </c>
            <w xml:id="pjo50-236520"
               n="a-0710"
               ecep:lem="essay"
               ecep:pos="n2"
               ecep:reg="essays"
               ecep:spe="essays"
               ecep:syllab="2"
               ecep:pron="ˈeseɪz">essays</w>
            <c> </c>
            <w xml:id="pjo50-236530"
               n="a-0720"
               ecep:lem="in"
               ecep:pos="p-acp"
               ecep:reg="in"
               ecep:spe="in"
               ecep:syllab="1"
               ecep:pron="ɪn">in</w>
            <c> </c>
            <w xml:id="pjo50-236540"
               n="a-0730"
               ecep:lem="rhime"
               ecep:pos="n1"
               ecep:reg="rhime"
               ecep:spe="rhime"
               ecep:syllab="1"
               ecep:pron="raɪm">rhime</w>
            <pc xml:id="pjo50-236550"
                n="a-0740"
                ecep:lem=";"
                ecep:pos=";"
                ecep:reg=";"
                ecep:spe=";">;</pc>
            <c> </c>
            <w xml:id="pjo50-236560"
               n="a-0750"
               ecep:lem="give"
               ecep:pos="vvn"
               ecep:reg="given"
               ecep:spe="given"
               ecep:syllab="2"
               ecep:pron="ˈgɪvn">given</w>
            <c> </c>
            <w xml:id="pjo50-236570"
               n="a-0760"
               ecep:lem="her"
               ecep:pos="po31"
               ecep:reg="her"
               ecep:spe="her"
               ecep:syllab="1"
               ecep:pron="hɜː">her</w>
            <c> </c>
            <w xml:id="pjo50-236580"
               n="a-0770"
               ecep:lem="as"
               ecep:pos="p-acp"
               ecep:reg="as"
               ecep:spe="as"
               ecep:syllab="1"
               ecep:pron="æz">as</w>
            <c> </c>
            <w xml:id="pjo50-236590"
               n="a-0780"
               ecep:lem="a"
               ecep:pos="dt"
               ecep:reg="an"
               ecep:spe="an"
               ecep:syllab="1"
               ecep:pron="æn">an</w>
            <c> </c>
            <w xml:id="pjo50-236600"
               n="a-0790"
               ecep:lem="exercise"
               ecep:pos="n1"
               ecep:reg="exercise"
               ecep:spe="exercise"
               ecep:syllab="3"
               ecep:pron="ˈeksəsaɪz">exercise</w>
            <c> </c>
            <w xml:id="pjo50-236610"
               n="a-0800"
               ecep:lem="by"
               ecep:pos="p-acp"
               ecep:reg="by"
               ecep:spe="by"
               ecep:syllab="1"
               ecep:pron="baɪ">by</w>
            <c> </c>
            <w xml:id="pjo50-236620"
               n="a-0810"
               ecep:lem="her"
               ecep:pos="po31"
               ecep:reg="her"
               ecep:spe="her"
               ecep:syllab="1"
               ecep:pron="hɜː">her</w>
            <c> </c>
            <w xml:id="pjo50-236630"
               n="a-0820"
               ecep:lem="italian"
               ecep:pos="jp"
               ecep:reg="Italian"
               ecep:spe="Italian"
               ecep:syllab="3"
               ecep:pron="ɪˈtæliən">Italian</w>
            <c> </c>
            <w xml:id="pjo50-236640"
               n="a-0830"
               ecep:lem="master"
               ecep:pos="n1"
               ecep:reg="master"
               ecep:spe="master"
               ecep:syllab="2"
               ecep:pron="ˈmɑːstə">master</w>
            <pc xml:id="pjo50-236650"
                n="a-0840"
                ecep:lem=","
                ecep:pos=","
                ecep:reg=","
                ecep:spe=",">,</pc>
            <c> </c>
            <w xml:id="pjo50-236660"
               n="a-0850"
               ecep:lem="when"
               ecep:pos="c-crq"
               ecep:reg="when"
               ecep:spe="when"
               ecep:syllab="1"
               ecep:pron="wen">when</w>
            <c> </c>
            <w xml:id="pjo50-236670"
               n="a-0860"
               ecep:lem="she"
               ecep:pos="pns31"
               ecep:reg="she"
               ecep:spe="she"
               ecep:syllab="1"
               ecep:pron="ʃiː">she</w>
            <c> </c>
            <w xml:id="pjo50-236680"
               n="a-0870"
               ecep:lem="be"
               ecep:pos="vbds"
               ecep:reg="was"
               ecep:spe="was"
               ecep:syllab="1"
               ecep:pron="wɒz">was</w>
            <c> </c>
            <w xml:id="pjo50-236690"
               n="a-0880"
               ecep:lem="under"
               ecep:pos="p-acp"
               ecep:reg="under"
               ecep:spe="under"
               ecep:syllab="2"
               ecep:pron="ˈʌndə">under</w>
            <c> </c>
            <w xml:id="pjo50-236700"
               n="a-0890"
               ecep:lem="sixteen"
               ecep:pos="crd"
               ecep:reg="sixteen"
               ecep:spe="sixteen"
               ecep:syllab="2"
               ecep:pron="ˌsɪksˈtiːn">sixteen</w>
            <pc xml:id="pjo50-236710"
                n="a-0900"
                ecep:lem=":"
                ecep:pos=":"
                ecep:reg=":"
                ecep:spe=":">:</pc>
            <c> </c>
            <w xml:id="pjo50-236720"
               n="a-0910"
               ecep:lem="as"
               ecep:pos="c-acp"
               ecep:reg="as"
               ecep:spe="as"
               ecep:syllab="1"
               ecep:pron="æz">as</w>
            <c> </c>
            <w xml:id="pjo50-236730"
               n="a-0920"
               ecep:lem="the"
               ecep:pos="dt"
               ecep:reg="the"
               ecep:spe="the"
               ecep:syllab="1"
               ecep:pron="ðiː">the</w>
            <c> </c>
            <w xml:id="pjo50-236740"
               n="a-0930"
               ecep:lem="best"
               ecep:pos="js"
               ecep:reg="best"
               ecep:spe="best"
               ecep:syllab="1"
               ecep:pron="best">best</w>
            <c> </c>
            <w xml:id="pjo50-236750"
               n="a-0940"
               ecep:lem="apology"
               ecep:pos="n1"
               ecep:reg="apology"
               ecep:spe="apology"
               ecep:syllab="4"
               ecep:pron="əˈpɒlədʒi">apology</w>
            <c> </c>
            <w xml:id="pjo50-236760"
               n="a-0950"
               ecep:lem="for"
               ecep:pos="p-acp"
               ecep:reg="for"
               ecep:spe="for"
               ecep:syllab="1"
               ecep:pron="fɔː">for</w>
            <c> </c>
            <w xml:id="pjo50-236770"
               n="a-0960"
               ecep:lem="several"
               ecep:pos="j"
               ecep:reg="several"
               ecep:spe="several"
               ecep:syllab="2"
               ecep:pron="ˈsevrəl">several</w>
            <c> </c>
            <w xml:id="pjo50-236780"
               n="a-0970"
               ecep:lem="of"
               ecep:pos="pp-f"
               ecep:reg="of"
               ecep:spe="of"
               ecep:syllab="1"
               ecep:pron="ɒv">of</w>
            <c> </c>
            <w xml:id="pjo50-236790"
               n="a-0980"
               ecep:lem="the"
               ecep:pos="dt"
               ecep:reg="the"
               ecep:spe="the"
               ecep:syllab="1"
               ecep:pron="ðiː">the</w>
            <c> </c>
            <w xml:id="pjo50-236800"
               n="a-0990"
               ecep:lem="follow"
               ecep:pos="j-vvg"
               ecep:reg="following"
               ecep:spe="following"
               ecep:syllab="3"
               ecep:pron="ˈfɒləʊɪŋ">following</w>
            <c> </c>
            <w xml:id="pjo50-236810"
               n="a-1000"
               ecep:lem="piece"
               ecep:pos="n2"
               ecep:reg="pieces"
               ecep:spe="pieces"
               ecep:syllab="2"
               ecep:pron="ˈpiːsɪz">pieces</w>
            <c> </c>
            <w xml:id="pjo50-236820"
               n="a-1010"
               ecep:lem="be"
               ecep:pos="vbz"
               ecep:reg="is"
               ecep:spe="is"
               ecep:syllab="1"
               ecep:pron="ɪz">is</w>
            <pc xml:id="pjo50-236830"
                n="a-1020"
                ecep:lem=","
                ecep:pos=","
                ecep:reg=","
                ecep:spe=",">,</pc>
            <c> </c>
            <w xml:id="pjo50-236840"
               n="a-1030"
               ecep:lem="that"
               ecep:pos="cst"
               ecep:reg="that"
               ecep:spe="that"
               ecep:syllab="1"
               ecep:pron="ðæt">that</w>
            <c> </c>
            <w xml:id="pjo50-236850"
               n="a-1040"
               ecep:lem="they"
               ecep:pos="pns32"
               ecep:reg="they"
               ecep:spe="they"
               ecep:syllab="1"
               ecep:pron="ðeɪ">they</w>
            <c> </c>
            <w xml:id="pjo50-236860"
               n="a-1050"
               ecep:lem="be"
               ecep:pos="vbdr"
               ecep:reg="were"
               ecep:spe="were"
               ecep:syllab="1"
               ecep:pron="wɜː">were</w>
            <c> </c>
            <w xml:id="pjo50-236870"
               n="a-1060"
               ecep:lem="write"
               ecep:pos="vvn"
               ecep:reg="written"
               ecep:spe="written"
               ecep:syllab="2"
               ecep:pron="ˈrɪtn">written</w>
            <c> </c>
            <w xml:id="pjo50-236880"
               n="a-1070"
               ecep:lem="under"
               ecep:pos="p-acp"
               ecep:reg="under"
               ecep:spe="under"
               ecep:syllab="2"
               ecep:pron="ˈʌndə">under</w>
            <c> </c>
            <w xml:id="pjo50-236890"
               n="a-1080"
               ecep:lem="twenty"
               ecep:pos="crd"
               ecep:reg="twenty"
               ecep:spe="twenty"
               ecep:syllab="2"
               ecep:pron="ˈtwenti">twenty</w>
            <pc xml:id="pjo50-236900"
                n="a-1090"
                unit="sentence"
                ecep:lem="."
                ecep:pos="."
                ecep:reg="."
                ecep:spe=".">.</pc>
         </note>
      </head>
      <lg xml:id="pjo50-s00340">
         <l n="1" xml:id="pjo50-l03830">
            <hi rendition="#sc">
               <w xml:id="pjo50-236930"
                  n="a-1100"
                  ecep:lem="such"
                  ecep:pos="d"
                  ecep:reg="Such"
                  ecep:spe="Such"
                  ecep:syllab="1"
                  ecep:pron="sʌtʃ">Such</w>
            </hi>
            <c> </c>
            <w xml:id="pjo50-236940"
               n="a-1110"
               ecep:lem="radiant"
               ecep:pos="j"
               ecep:reg="radiant"
               ecep:spe="radiant"
               ecep:syllab="3"
               ecep:pron="ˈreɪdiənt">radiant</w>
            <c> </c>
            <w xml:id="pjo50-236950"
               n="a-1120"
               ecep:lem="eye"
               ecep:pos="n2"
               ecep:reg="eyes"
               ecep:spe="eyes"
               ecep:syllab="1"
               ecep:pron="aɪz">eyes</w>
            <c> </c>
            <w xml:id="pjo50-236960"
               n="a-1130"
               ecep:lem="who"
               ecep:pos="r-crq"
               ecep:reg="who"
               ecep:spe="who"
               ecep:syllab="1"
               ecep:pron="huː">who</w>
            <c> </c>
            <w xml:id="pjo50-236970"
               n="a-1140"
               ecep:lem="can"
               ecep:pos="vmb"
               ecep:reg="can"
               ecep:spe="can"
               ecep:syllab="1"
               ecep:pron="kæn">can</w>
            <c> </c>
            <w xml:id="pjo50-236980"
               n="a-1150"
               ecep:lem="withstand"
               ecep:pos="vvi"
               ecep:reg="withstand"
               ecep:spe="withstand"
               ecep:syllab="2"
               ecep:pron="wɪðˈstænd">withstand</w>
            <pc xml:id="pjo50-236990"
                n="a-1160"
                ecep:lem=","
                ecep:pos=","
                ecep:reg=","
                ecep:spe=",">,</pc>
         </l>
         <l n="2" rendition="#h_3" xml:id="pjo50-l03835">
            <c> </c>
            <w xml:id="pjo50-237000"
               n="a-1170"
               ecep:lem="that"
               ecep:pos="cst"
               ecep:reg="That"
               ecep:spe="That"
               ecep:syllab="1"
               ecep:pron="ðæt">That</w>
            <c> </c>
            <w xml:id="pjo50-237010"
               n="a-1180"
               ecep:lem="even"
               ecep:pos="vvb"
               ecep:reg="even"
               ecep:spe="ev'n"
               ecep:syllab="1"
               ecep:pron="ˈiːvn">ev'n</w>
            <c> </c>
            <w xml:id="pjo50-237020"
               n="a-1190"
               ecep:lem="in"
               ecep:pos="p-acp"
               ecep:reg="in"
               ecep:spe="in"
               ecep:syllab="1"
               ecep:pron="ɪn">in</w>
            <c> </c>
            <w xml:id="pjo50-237030"
               n="a-1200"
               ecep:lem="sleep"
               ecep:pos="j-vvg"
               ecep:reg="sleeping"
               ecep:spe="sleeping"
               ecep:syllab="2"
               ecep:pron="ˈsliːpɪŋ">sleeping</w>
            <c> </c>
            <w xml:id="pjo50-237040"
               n="a-1210"
               ecep:lem="charm"
               ecep:pos="n1"
               ecep:reg="charm"
               ecep:spe="charm"
               ecep:syllab="1"
               ecep:pron="tʃɑːm">charm</w>
            <pc xml:id="pjo50-237050"
                n="a-1220"
                unit="sentence"
                ecep:lem="?"
                ecep:pos="?"
                ecep:reg="?"
                ecep:spe="?">?</pc>
            <c> </c>
         </l>
         <l n="3" xml:id="pjo50-l03840">
            <w xml:id="pjo50-237060"
               n="a-1230"
               ecep:lem="or"
               ecep:pos="cc"
               ecep:reg="Or"
               ecep:spe="Or"
               ecep:syllab="1"
               ecep:pron="ɔː">Or</w>
            <c> </c>
            <w xml:id="pjo50-237070"
               n="a-1240"
               ecep:lem="who"
               ecep:pos="q-crq"
               ecep:reg="who"
               ecep:spe="who"
               ecep:syllab="1"
               ecep:pron="huː">who</w>
            <c> </c>
            <w xml:id="pjo50-237080"
               n="a-1250"
               ecep:lem="resist"
               ecep:pos="vvb"
               ecep:reg="resist"
               ecep:spe="resist"
               ecep:syllab="2"
               ecep:pron="riˈzɪst">resist</w>
            <c> </c>
            <w xml:id="pjo50-237090"
               n="a-1260"
               ecep:lem="the"
               ecep:pos="dt"
               ecep:reg="the"
               ecep:spe="the"
               ecep:syllab="1"
               ecep:pron="ðiː">the</w>
            <c> </c>
            <w xml:id="pjo50-237100"
               n="a-1270"
               ecep:lem="soft"
               ecep:pos="j"
               ecep:reg="soft"
               ecep:spe="soft"
               ecep:syllab="1"
               ecep:pron="sɒft">soft</w>
            <c> </c>
            <w xml:id="pjo50-237110"
               n="a-1280"
               ecep:lem="command"
               ecep:pos="n1"
               ecep:reg="command"
               ecep:spe="command"
               ecep:syllab="2"
               ecep:pron="kəˈmɑːnd">command</w>
            <pc xml:id="pjo50-237120"
                n="a-1290"
                ecep:lem=","
                ecep:pos=","
                ecep:reg=","
                ecep:spe=",">,</pc>
         </l>
         <l n="4" rendition="#h_3" xml:id="pjo50-l03845">
            <c> </c>
            <w xml:id="pjo50-237130"
               n="a-1300"
               ecep:lem="since"
               ecep:pos="c-acp"
               ecep:reg="Since"
               ecep:spe="Since"
               ecep:syllab="1"
               ecep:pron="sɪns">Since</w>
            <c> </c>
            <w xml:id="pjo50-237140"
               n="a-1310"
               ecep:lem="through"
               ecep:pos="p-acp"
               ecep:reg="through"
               ecep:spe="thro'"
               ecep:syllab="1"
               ecep:pron="θruː">thro'</w>
            <c> </c>
            <w xml:id="pjo50-237150"
               n="a-1320"
               ecep:lem="their"
               ecep:pos="po32"
               ecep:reg="their"
               ecep:spe="their"
               ecep:syllab="1"
               ecep:pron="ðeə">their</w>
            <c> </c>
            <w xml:id="pjo50-237160"
               n="a-1330"
               ecep:lem="shade"
               ecep:pos="n2"
               ecep:reg="shades"
               ecep:spe="shades"
               ecep:syllab="1"
               ecep:pron="ʃeɪdz">shades</w>
            <c> </c>
            <w xml:id="pjo50-237170"
               n="a-1340"
               ecep:lem="they"
               ecep:pos="pns32"
               ecep:reg="they"
               ecep:spe="they"
               ecep:syllab="1"
               ecep:pron="ðeɪ">they</w>
            <c> </c>
            <w xml:id="pjo50-237180"
               n="a-1350"
               ecep:lem="warm"
               ecep:pos="j"
               ecep:reg="warm"
               ecep:spe="warm"
               ecep:syllab="1"
               ecep:pron="wɔːm">warm</w>
            <pc xml:id="pjo50-237190"
                n="a-1360"
                unit="sentence"
                ecep:lem="?"
                ecep:pos="?"
                ecep:reg="?"
                ecep:spe="?">?</pc>
            <c> </c>
         </l>
      </lg>
      <lg xml:id="pjo50-s00345">
         <l n="5" xml:id="pjo50-l03850">
            <w xml:id="pjo50-237220"
               n="a-1370"
               ecep:lem="insensible"
               ecep:pos="j"
               ecep:reg="Insensible"
               ecep:spe="Insensible"
               ecep:syllab="4"
               ecep:pron="ɪnˈsensəbl">Insensible</w>
            <c> </c>
            <w xml:id="pjo50-237230"
               n="a-1380"
               ecep:lem="how"
               ecep:pos="c-crq"
               ecep:reg="how"
               ecep:spe="how"
               ecep:syllab="1"
               ecep:pron="haʊ">how</w>
            <c> </c>
            <w xml:id="pjo50-237240"
               n="a-1390"
               ecep:lem="much"
               ecep:pos="d"
               ecep:reg="much"
               ecep:spe="much"
               ecep:syllab="1"
               ecep:pron="mʌtʃ">much</w>
            <c> </c>
            <w xml:id="pjo50-237250"
               n="a-1400"
               ecep:lem="they"
               ecep:pos="pns32"
               ecep:reg="they"
               ecep:spe="they"
               ecep:syllab="1"
               ecep:pron="ðeɪ">they</w>
            <c> </c>
            <w xml:id="pjo50-237260"
               n="a-1410"
               ecep:lem="shine"
               ecep:pos="vvb"
               ecep:reg="shine"
               ecep:spe="shine"
               ecep:syllab="1"
               ecep:pron="ʃaɪn">shine</w>
            <pc xml:id="pjo50-237270"
                n="a-1420"
                ecep:lem=","
                ecep:pos=","
                ecep:reg=","
                ecep:spe=",">,</pc>
         </l>
         <l n="6" rendition="#h_3" xml:id="pjo50-l03855">
            <c> </c>
            <w xml:id="pjo50-237280"
               n="a-1430"
               ecep:lem="as"
               ecep:pos="c-acp"
               ecep:reg="As"
               ecep:spe="As"
               ecep:syllab="1"
               ecep:pron="æz">As</w>
            <c> </c>
            <w xml:id="pjo50-237290"
               n="a-1440"
               ecep:lem="ah"
               ecep:pos="uh"
               ecep:reg="ah"
               ecep:spe="ah"
               ecep:syllab="1"
               ecep:pron="ɑː">ah</w>
            <pc xml:id="pjo50-237300"
                n="a-1450"
                ecep:lem="!"
                ecep:pos="!"
                ecep:reg="!"
                ecep:spe="!">!</pc>
            <c> </c>
            <w xml:id="pjo50-237310"
               n="a-1460"
               ecep:lem="how"
               ecep:pos="c-crq"
               ecep:reg="how"
               ecep:spe="how"
               ecep:syllab="1"
               ecep:pron="haʊ">how</w>
            <c> </c>
            <w xml:id="pjo50-237320"
               n="a-1470"
               ecep:lem="much"
               ecep:pos="av-d"
               ecep:reg="much"
               ecep:spe="much"
               ecep:syllab="1"
               ecep:pron="mʌtʃ">much</w>
            <c> </c>
            <w xml:id="pjo50-237330"
               n="a-1480"
               ecep:lem="i"
               ecep:pos="pns11"
               ecep:reg="I"
               ecep:spe="I"
               ecep:syllab="1"
               ecep:pron="aɪ">I</w>
            <c> </c>
            <w xml:id="pjo50-237340"
               n="a-1490"
               ecep:lem="grieve"
               ecep:pos="vvb"
               ecep:reg="grieve"
               ecep:spe="grieve"
               ecep:syllab="1"
               ecep:pron="griːv">grieve</w>
            <pc xml:id="pjo50-237350"
                n="a-1500"
                ecep:lem=";"
                ecep:pos=";"
                ecep:reg=";"
                ecep:spe=";">;</pc>
         </l>
         <l n="7" xml:id="pjo50-l03860">
            <c> </c>
            <w xml:id="pjo50-237360"
               n="a-1510"
               ecep:lem="i"
               ecep:pos="pns11"
               ecep:reg="I"
               ecep:spe="I"
               ecep:syllab="1"
               ecep:pron="aɪ">I</w>
            <c> </c>
            <w xml:id="pjo50-237370"
               n="a-1520"
               ecep:lem="greedy"
               ecep:pos="j"
               ecep:reg="greedy"
               ecep:spe="greedy"
               ecep:syllab="2"
               ecep:pron="ˈgriːdi">greedy</w>
            <c> </c>
            <w xml:id="pjo50-237380"
               n="a-1530"
               ecep:lem="gaze"
               ecep:pos="n1"
               ecep:reg="gaze"
               ecep:spe="gaze"
               ecep:syllab="1"
               ecep:pron="geɪz">gaze</w>
            <pc xml:id="pjo50-237390"
                n="a-1540"
                ecep:lem=","
                ecep:pos=","
                ecep:reg=","
                ecep:spe=",">,</pc>
            <c> </c>
            <w xml:id="pjo50-237400"
               n="a-1550"
               ecep:lem="you"
               ecep:pos="pn22"
               ecep:reg="you"
               ecep:spe="you"
               ecep:syllab="1"
               ecep:pron="juː">you</w>
            <c> </c>
            <w xml:id="pjo50-237410"
               n="a-1560"
               ecep:lem="sleep"
               ecep:pos="vvb"
               ecep:reg="sleep"
               ecep:spe="sleep"
               ecep:syllab="1"
               ecep:pron="sliːp">sleep</w>
            <c> </c>
            <w xml:id="pjo50-237420"
               n="a-1570"
               ecep:lem="supine"
               ecep:pos="j"
               ecep:reg="supine"
               ecep:spe="supine"
               ecep:syllab="2"
               ecep:pron="ˈsuːpaɪn">supine</w>
            <pc xml:id="pjo50-237430"
                n="a-1580"
                ecep:lem=","
                ecep:pos=","
                ecep:reg=","
                ecep:spe=",">,</pc>
         </l>
         <l n="8" rendition="#h_3" xml:id="pjo50-l03865">
            <c> </c>
            <w xml:id="pjo50-237440"
               n="a-1590"
               ecep:lem="nor"
               ecep:pos="ccx"
               ecep:reg="Nor"
               ecep:spe="Nor"
               ecep:syllab="1"
               ecep:pron="nɔː">Nor</w>
            <c> </c>
            <w xml:id="pjo50-237450"
               n="a-1600"
               ecep:lem="know"
               ecep:pos="vvb"
               ecep:reg="know"
               ecep:spe="know"
               ecep:syllab="1"
               ecep:pron="nəʊ">know</w>
            <c> </c>
            <w xml:id="pjo50-237460"
               n="a-1610"
               ecep:lem="the"
               ecep:pos="dt"
               ecep:reg="the"
               ecep:spe="the"
               ecep:syllab="1"
               ecep:pron="ðiː">the</w>
            <c> </c>
            <w xml:id="pjo50-237470"
               n="a-1620"
               ecep:lem="wound"
               ecep:pos="n2"
               ecep:reg="wounds"
               ecep:spe="wounds"
               ecep:syllab="1"
               ecep:pron="wuːndz">wounds</w>
            <c> </c>
            <w xml:id="pjo50-237480"
               n="a-1630"
               ecep:lem="you"
               ecep:pos="pn22"
               ecep:reg="you"
               ecep:spe="you"
               ecep:syllab="1"
               ecep:pron="juː">you</w>
            <c> </c>
            <w xml:id="pjo50-237490"
               n="a-1640"
               ecep:lem="give"
               ecep:pos="vvb"
               ecep:reg="give"
               ecep:spe="give"
               ecep:syllab="1"
               ecep:pron="gɪv">give</w>
            <pc xml:id="pjo50-237500"
                n="a-1650"
                unit="sentence"
                ecep:lem="."
                ecep:pos="."
                ecep:reg="."
                ecep:spe=".">.</pc>
            <c> </c>
         </l>
      </lg>
   </div>
</div>
