<?xml version="1.0" encoding="UTF-8"?>
<div xmlns:ecep="http://www.eighteenthcenturypoetry.org/ns"
     xmlns="http://www.tei-c.org/ns/1.0"
     xmlns:tei="http://www.tei-c.org/ns/1.0"
     ana="#quatrain #cross #tetrameter #trimeter #occasional"
     corresp="#txt_TateNa1652_w0045"
     decls="#semi-normalized"
     ecep:syllab="8.6.8.6"
     met="-+|-+|-+|-+/ -+|-+|-+/ -+|-+|-+|-+/ -+|-+|-+/"
     rendition="#lgvspace"
     rhyme="abab"
     subtype="eceptext"
     type="poem"
     xml:id="oat77-w0450">
   <link target="authors.xml#aut_TateNa1652" type="author"/>
   <head type="main">
      <w xml:id="oat77-131820"
         n="oat77/0108-a-0010"
         ecep:lem="on"
         ecep:pos="p-acp"
         ecep:reg="On"
         ecep:spe="On"
         ecep:syllab="1"
         ecep:pron="ɒn">On</w>
      <c> </c>
      <w xml:id="oat77-131830"
         n="oat77/0108-a-0020"
         ecep:lem="a"
         ecep:pos="dt"
         ecep:reg="a"
         ecep:spe="a"
         ecep:syllab="1"
         ecep:pron="ə">a</w>
      <c> </c>
      <w xml:id="oat77-131840"
         n="oat77/0108-a-0030"
         ecep:lem="deform"
         ecep:pos="j-vvn"
         ecep:reg="deformed"
         ecep:spe="deform'd"
         ecep:syllab="2"
         ecep:pron="dɪˈfɔːmd">deform'd</w>
      <c> </c>
      <w xml:id="oat77-131850"
         n="oat77/0108-a-0040"
         ecep:lem="old"
         ecep:pos="j"
         ecep:reg="Old"
         ecep:spe="Old"
         ecep:syllab="1"
         ecep:pron="əʊld">Old</w>
      <c> </c>
      <w xml:id="oat77-131860"
         n="oat77/0108-a-0050"
         ecep:lem="bawed"
         ecep:pos="j"
         ecep:reg="Bawed"
         ecep:spe="Baw'd"
         ecep:syllab="1"
         ecep:pron="bˈɔːd">Baw'd</w>
      <c> </c>
      <w xml:id="oat77-131870"
         n="oat77/0108-a-0060"
         ecep:lem="design"
         ecep:pos="vvg"
         ecep:reg="designing"
         ecep:spe="designing"
         ecep:syllab="3"
         ecep:pron="dɪˈzaɪnɪŋ">designing</w>
      <c> </c>
      <w xml:id="oat77-131880"
         n="oat77/0108-a-0070"
         ecep:lem="to"
         ecep:pos="pc-acp"
         ecep:reg="to"
         ecep:spe="to"
         ecep:syllab="1"
         ecep:pron="tuː">to</w>
      <c> </c>
      <w xml:id="oat77-131890"
         n="oat77/0108-a-0080"
         ecep:lem="have"
         ecep:pos="vhi"
         ecep:reg="have"
         ecep:spe="have"
         ecep:syllab="1"
         ecep:pron="hæv">have</w>
      <c> </c>
      <w xml:id="oat77-131900"
         n="oat77/0108-a-0090"
         ecep:lem="her"
         ecep:pos="po31"
         ecep:reg="her"
         ecep:spe="her"
         ecep:syllab="1"
         ecep:pron="hɜː">her</w>
      <c> </c>
      <w xml:id="oat77-131910"
         n="oat77/0108-a-0100"
         ecep:lem="picture"
         ecep:pos="n1"
         ecep:reg="Picture"
         ecep:spe="Picture"
         ecep:syllab="2"
         ecep:pron="ˈpɪktʃə">Picture</w>
      <c> </c>
      <w xml:id="oat77-131920"
         n="oat77/0108-a-0110"
         ecep:lem="draw"
         ecep:pos="vvn"
         ecep:reg="drawn"
         ecep:spe="drawn"
         ecep:syllab="1"
         ecep:pron="drɔːn">drawn</w>
      <pc xml:id="oat77-131930"
          n="oat77/0108-a-0120"
          unit="sentence"
          ecep:lem="."
          ecep:pos="."
          ecep:reg="."
          ecep:spe=".">.</pc>
   </head>
   <lg n="1" xml:id="oat77-s00715">
      <head>
         <w xml:id="oat77-131970"
            n="oat77/0108-a-0130"
            ecep:lem="i"
            ecep:pos="pns11"
            ecep:reg="I"
            ecep:spe="I."
            ecep:syllab="1"
            ecep:pron="ˈaɪ">I.</w>
         <pc unit="sentence" xml:id="oat77-131970-eos" n="oat77/0108-a-0140"/>
      </head>
      <l xml:id="oat77-l07090">
         <w xml:id="oat77-131990"
            n="oat77/0108-a-0150"
            ecep:lem="thy"
            ecep:pos="po21"
            ecep:reg="THy"
            ecep:spe="THy"
            ecep:syllab="1"
            ecep:pron="ðaɪ">THy</w>
         <c> </c>
         <w xml:id="oat77-132000"
            n="oat77/0108-a-0160"
            ecep:lem="picture"
            ecep:pos="n1"
            ecep:reg="Picture"
            ecep:spe="Picture"
            ecep:syllab="2"
            ecep:pron="ˈpɪktʃə">Picture</w>
         <c> </c>
         <w xml:id="oat77-132010"
            n="oat77/0108-a-0170"
            ecep:lem="draw"
            ecep:pos="vvn"
            ecep:reg="drawn"
            ecep:spe="drawn"
            ecep:syllab="1"
            ecep:pron="drɔːn">drawn</w>
         <c> </c>
         <w xml:id="oat77-132020"
            n="oat77/0108-a-0180"
            ecep:lem="soul"
            ecep:pos="n1"
            ecep:reg="soul"
            ecep:spe="soul"
            ecep:syllab="1"
            ecep:pron="səʊl">soul</w>
         <c> </c>
         <w xml:id="oat77-132030"
            n="oat77/0108-a-0190"
            ecep:lem="beldame"
            ecep:pos="n1"
            ecep:reg="Beldame"
            ecep:spe="Beldame"
            ecep:syllab="2"
            ecep:pron="ˈbeldəm">Beldame</w>
         <pc xml:id="oat77-132040"
             n="oat77/0108-a-0200"
             unit="sentence"
             ecep:lem="!"
             ecep:pos="!"
             ecep:reg="!"
             ecep:spe="!">!</pc>
         <c> </c>
         <w xml:id="oat77-132050"
            n="oat77/0108-a-0210"
            ecep:lem="thy"
            ecep:pos="po21"
            ecep:reg="Thine"
            ecep:spe="Thine"
            ecep:syllab="1"
            ecep:pron="ðaɪn">Thine</w>
         <pc xml:id="oat77-132060"
             n="oat77/0108-a-0220"
             unit="sentence"
             ecep:lem="!"
             ecep:pos="!"
             ecep:reg="!"
             ecep:spe="!">!</pc>
      </l>
      <l xml:id="oat77-l07095">
         <w xml:id="oat77-132070"
            n="oat77/0108-a-0230"
            ecep:lem="what"
            ecep:pos="q-crq"
            ecep:reg="What"
            ecep:spe="What"
            ecep:syllab="1"
            ecep:pron="wɒt">What</w>
         <c> </c>
         <w xml:id="oat77-132080"
            n="oat77/0108-a-0240"
            ecep:lem="frenzy"
            ecep:pos="n1"
            ecep:reg="Frenzy"
            ecep:spe="Frenzy"
            ecep:syllab="2"
            ecep:pron="ˈfrenzi">Frenzy</w>
         <c> </c>
         <w xml:id="oat77-132090"
            n="oat77/0108-a-0250"
            ecep:lem="haunt"
            ecep:pos="vvz"
            ecep:reg="haunts"
            ecep:spe="haunts"
            ecep:syllab="1"
            ecep:pron="hɔːnts">haunts</w>
         <c> </c>
         <w xml:id="oat77-132100"
            n="oat77/0108-a-0260"
            ecep:lem="thy"
            ecep:pos="po21"
            ecep:reg="thy"
            ecep:spe="thy"
            ecep:syllab="1"
            ecep:pron="ðaɪ">thy</w>
         <c> </c>
         <w xml:id="oat77-132110"
            n="oat77/0108-a-0270"
            ecep:lem="mind"
            ecep:pos="n1"
            ecep:reg="Mind"
            ecep:spe="Mind"
            ecep:syllab="1"
            ecep:pron="maɪnd">Mind</w>
         <pc xml:id="oat77-132120"
             n="oat77/0108-a-0280"
             ecep:lem=","
             ecep:pos=","
             ecep:reg=","
             ecep:spe=",">,</pc>
      </l>
      <l xml:id="oat77-l07100">
         <w xml:id="oat77-132130"
            n="oat77/0108-a-0290"
            ecep:lem="and"
            ecep:pos="cc"
            ecep:reg="And"
            ecep:spe="And"
            ecep:syllab="1"
            ecep:pron="ænd">And</w>
         <c> </c>
         <w xml:id="oat77-132140"
            n="oat77/0108-a-0300"
            ecep:lem="drive"
            ecep:pos="vvz"
            ecep:reg="drives"
            ecep:spe="drives"
            ecep:syllab="1"
            ecep:pron="draɪvz">drives</w>
         <c> </c>
         <w xml:id="oat77-132150"
            n="oat77/0108-a-0310"
            ecep:lem="thou"
            ecep:pos="pno21"
            ecep:reg="Thee"
            ecep:spe="Thee"
            ecep:syllab="1"
            ecep:pron="ðiː">Thee</w>
         <c> </c>
         <w xml:id="oat77-132160"
            n="oat77/0108-a-0320"
            ecep:lem="on"
            ecep:pos="p-acp"
            ecep:reg="on"
            ecep:spe="on"
            ecep:syllab="1"
            ecep:pron="ɒn">on</w>
         <c> </c>
         <w xml:id="oat77-132170"
            n="oat77/0108-a-0330"
            ecep:lem="this"
            ecep:pos="d"
            ecep:reg="this"
            ecep:spe="this"
            ecep:syllab="1"
            ecep:pron="ðɪs">this</w>
         <c> </c>
         <w xml:id="oat77-132180"
            n="oat77/0108-a-0340"
            ecep:lem="vile"
            ecep:pos="j"
            ecep:reg="vile"
            ecep:spe="vile"
            ecep:syllab="1"
            ecep:pron="vaɪl">vile</w>
         <c> </c>
         <w xml:id="oat77-132190"
            n="oat77/0108-a-0350"
            ecep:lem="design"
            ecep:pos="n1"
            ecep:reg="Design"
            ecep:spe="Design"
            ecep:syllab="2"
            ecep:pron="dɪˈzaɪn">Design</w>
         <pc xml:id="oat77-132200"
             n="oat77/0108-a-0360"
             ecep:lem=","
             ecep:pos=","
             ecep:reg=","
             ecep:spe=",">,</pc>
      </l>
      <l xml:id="oat77-l07105">
         <w xml:id="oat77-132210"
            n="oat77/0108-a-0370"
            ecep:lem="t'affront"
            ecep:pos="vvb"
            ecep:reg="T'affront"
            ecep:spe="T'affront"
            ecep:syllab="2"
            ecep:pron="tˈiːˈæfrʌnt">T'affront</w>
         <c> </c>
         <w xml:id="oat77-132220"
            n="oat77/0108-a-0380"
            ecep:lem="all"
            ecep:pos="d"
            ecep:reg="all"
            ecep:spe="all"
            ecep:syllab="1"
            ecep:pron="ɔːl">all</w>
         <c> </c>
         <w xml:id="oat77-132230"
            n="oat77/0108-a-0390"
            ecep:lem="womankind"
            ecep:pos="j"
            ecep:reg="Womankind"
            ecep:spe="Woman-kind"
            ecep:syllab="3"
            ecep:pron="ˈwʊmənˌkaɪnd">Woman-kind</w>
         <pc xml:id="oat77-132240"
             n="oat77/0108-a-0400"
             unit="sentence"
             ecep:lem="?"
             ecep:pos="?"
             ecep:reg="?"
             ecep:spe="?">?</pc>
      </l>
   </lg>
   <lg n="2" xml:id="oat77-s00720">
      <head>
         <w xml:id="oat77-132280"
            n="oat77/0108-a-0410"
            ecep:lem="ii"
            ecep:pos="crd"
            ecep:reg="II"
            ecep:spe="II"
            ecep:syllab="1"
            ecep:pron="rˌəʊməntˈuː">II</w>
         <pc xml:id="oat77-132290"
             n="oat77/0108-a-0420"
             unit="sentence"
             ecep:lem="."
             ecep:pos="."
             ecep:reg="."
             ecep:spe=".">.</pc>
      </head>
      <l xml:id="oat77-l07110">
         <w xml:id="oat77-132310"
            n="oat77/0108-a-0430"
            ecep:lem="for"
            ecep:pos="p-acp"
            ecep:reg="For"
            ecep:spe="For"
            ecep:syllab="1"
            ecep:pron="fɔː">For</w>
         <c> </c>
         <w xml:id="oat77-132320"
            n="oat77/0108-a-0440"
            ecep:lem="while"
            ecep:pos="cs"
            ecep:reg="while"
            ecep:spe="whilst"
            ecep:syllab="1"
            ecep:pron="waɪlst">whilst</w>
         <c> </c>
         <w xml:id="oat77-132330"
            n="oat77/0108-a-0450"
            ecep:lem="thy"
            ecep:pos="po21"
            ecep:reg="thy"
            ecep:spe="thy"
            ecep:syllab="1"
            ecep:pron="ðaɪ">thy</w>
         <c> </c>
         <w xml:id="oat77-132340"
            n="oat77/0108-a-0460"
            ecep:lem="swarthy"
            ecep:pos="j"
            ecep:reg="swarthy"
            ecep:spe="swarthy"
            ecep:syllab="2"
            ecep:pron="ˈswɔːði">swarthy</w>
         <c> </c>
         <w xml:id="oat77-132350"
            n="oat77/0108-a-0470"
            ecep:lem="cankard"
            ecep:pos="n1"
            ecep:reg="Cankard"
            ecep:spe="Cankard"
            ecep:syllab="2"
            ecep:pron="kˈæŋkəd">Cankard</w>
         <c> </c>
         <w xml:id="oat77-132360"
            n="oat77/0108-a-0480"
            ecep:lem="face"
            ecep:pos="vvb"
            ecep:reg="Face"
            ecep:spe="Face"
            ecep:syllab="1"
            ecep:pron="feɪs">Face</w>
      </l>
      <l xml:id="oat77-l07115">
         <w xml:id="oat77-132370"
            n="oat77/0108-a-0490"
            ecep:lem="posterity"
            ecep:pos="n1"
            ecep:reg="Posterity"
            ecep:spe="Posterity"
            ecep:syllab="4"
            ecep:pron="pɒsˈterəti">Posterity</w>
         <c> </c>
         <w xml:id="oat77-132380"
            n="oat77/0108-a-0500"
            ecep:lem="shall"
            ecep:pos="vmb"
            ecep:reg="shall"
            ecep:spe="shall"
            ecep:syllab="1"
            ecep:pron="ʃæl">shall</w>
         <c> </c>
         <w xml:id="oat77-132390"
            n="oat77/0108-a-0510"
            ecep:lem="view"
            ecep:pos="vvi"
            ecep:reg="view"
            ecep:spe="view"
            ecep:syllab="1"
            ecep:pron="vjuː">view</w>
         <pc xml:id="oat77-132400"
             n="oat77/0108-a-0520"
             ecep:lem=","
             ecep:pos=","
             ecep:reg=","
             ecep:spe=",">,</pc>
      </l>
      <l xml:id="oat77-l07120">
         <w xml:id="oat77-132410"
            n="oat77/0108-a-0530"
            ecep:lem="they|will"
            ecep:pos="pns32|vmb"
            ecep:reg="They'll"
            ecep:spe="They'll"
            ecep:syllab="1"
            ecep:pron="ðeɪl">They'll</w>
         <c> </c>
         <w xml:id="oat77-132420"
            n="oat77/0108-a-0540"
            ecep:lem="loath"
            ecep:pos="j"
            ecep:reg="loath"
            ecep:spe="loath"
            ecep:syllab="1"
            ecep:pron="ləʊθ">loath</w>
         <c> </c>
         <w xml:id="oat77-132430"
            n="oat77/0108-a-0550"
            ecep:lem="the"
            ecep:pos="dt"
            ecep:reg="the"
            ecep:spe="the"
            ecep:syllab="1"
            ecep:pron="ðiː">the</w>
         <c> </c>
         <w xml:id="oat77-132440"
            n="oat77/0108-a-0560"
            ecep:lem="fair"
            ecep:pos="js"
            ecep:reg="fairest"
            ecep:spe="fairest"
            ecep:syllab="2"
            ecep:pron="feəɪst">fairest</w>
         <c> </c>
         <w xml:id="oat77-132450"
            n="oat77/0108-a-0570"
            ecep:lem="of"
            ecep:pos="pp-f"
            ecep:reg="of"
            ecep:spe="of"
            ecep:syllab="1"
            ecep:pron="ɒv">of</w>
         <c> </c>
         <w xml:id="oat77-132460"
            n="oat77/0108-a-0580"
            ecep:lem="the"
            ecep:pos="dt"
            ecep:reg="the"
            ecep:spe="the"
            ecep:syllab="1"
            ecep:pron="ðiː">the</w>
         <c> </c>
         <w xml:id="oat77-132470"
            n="oat77/0108-a-0590"
            ecep:lem="race"
            ecep:pos="n1"
            ecep:reg="Race"
            ecep:spe="Race"
            ecep:syllab="1"
            ecep:pron="reɪs">Race</w>
         <pc xml:id="oat77-132480"
             n="oat77/0108-a-0600"
             ecep:lem=","
             ecep:pos=","
             ecep:reg=","
             ecep:spe=",">,</pc>
      </l>
      <l xml:id="oat77-l07125">
         <w xml:id="oat77-132490"
            n="oat77/0108-a-0610"
            ecep:lem="for"
            ecep:pos="p-acp"
            ecep:reg="For"
            ecep:spe="For"
            ecep:syllab="1"
            ecep:pron="fɔː">For</w>
         <c> </c>
         <w xml:id="oat77-132500"
            n="oat77/0108-a-0620"
            ecep:lem="share"
            ecep:pos="vvg"
            ecep:reg="sharing"
            ecep:spe="sharing"
            ecep:syllab="2"
            ecep:pron="ʃeəɪŋ">sharing</w>
         <c> </c>
         <w xml:id="oat77-132510"
            n="oat77/0108-a-0630"
            ecep:lem="sex"
            ecep:pos="n1"
            ecep:reg="Sex"
            ecep:spe="Sex"
            ecep:syllab="1"
            ecep:pron="seks">Sex</w>
         <c> </c>
         <w xml:id="oat77-132520"
            n="oat77/0108-a-0640"
            ecep:lem="with"
            ecep:pos="p-acp"
            ecep:reg="with"
            ecep:spe="with"
            ecep:syllab="1"
            ecep:pron="wɪð">with</w>
         <c> </c>
         <hi>
            <w xml:id="oat77-132530"
               n="oat77/0108-a-0650"
               ecep:lem="you"
               ecep:pos="pn22"
               ecep:reg="You"
               ecep:spe="You"
               ecep:syllab="1"
               ecep:pron="juː">You</w>
            <pc xml:id="oat77-132540"
                n="oat77/0108-a-0660"
                unit="sentence"
                ecep:lem="."
                ecep:pos="."
                ecep:reg="."
                ecep:spe=".">.</pc>
            <c> </c>
         </hi>
      </l>
   </lg>
   <lg n="3" xml:id="oat77-s00725">
      <head>
         <w xml:id="oat77-132580"
            n="oat77/0108-a-0670"
            ecep:lem="iii"
            ecep:pos="crd"
            ecep:reg="III"
            ecep:spe="III"
            ecep:syllab="1"
            ecep:pron="rˌəʊmənθrˈiː">III</w>
         <pc xml:id="oat77-132590"
             n="oat77/0108-a-0680"
             unit="sentence"
             ecep:lem="."
             ecep:pos="."
             ecep:reg="."
             ecep:spe=".">.</pc>
      </head>
      <l xml:id="oat77-l07130">
         <w xml:id="oat77-132610"
            n="oat77/0108-a-0690"
            ecep:lem="to"
            ecep:pos="p-acp"
            ecep:reg="To"
            ecep:spe="To"
            ecep:syllab="1"
            ecep:pron="tuː">To</w>
         <c> </c>
         <w xml:id="oat77-132620"
            n="oat77/0108-a-0700"
            ecep:lem="some"
            ecep:pos="d"
            ecep:reg="some"
            ecep:spe="some"
            ecep:syllab="1"
            ecep:pron="sʌm">some</w>
         <c> </c>
         <w xml:id="oat77-132630"
            n="oat77/0108-a-0710"
            ecep:lem="forlorn"
            ecep:pos="j-vvn"
            ecep:reg="forlorn"
            ecep:spe="forlorn"
            ecep:syllab="2"
            ecep:pron="fəˈlɔːn">forlorn</w>
         <c> </c>
         <w xml:id="oat77-132640"
            n="oat77/0108-a-0720"
            ecep:lem="church-yard"
            ecep:pos="n1"
            ecep:reg="Church-Yard"
            ecep:spe="Church-Yard"
            ecep:syllab="2"
            ecep:pron="ˈtʃɜːtʃjɑːd">Church-Yard</w>
         <c> </c>
         <w xml:id="oat77-132650"
            n="oat77/0108-a-0730"
            ecep:lem="repair"
            ecep:pos="vvi"
            ecep:reg="repair"
            ecep:spe="repair"
            ecep:syllab="2"
            ecep:pron="rɪˈpeə">repair</w>
         <pc xml:id="oat77-132660"
             n="oat77/0108-a-0740"
             ecep:lem=","
             ecep:pos=","
             ecep:reg=","
             ecep:spe=",">,</pc>
      </l>
      <l xml:id="oat77-l07135">
         <w xml:id="oat77-132670"
            n="oat77/0108-a-0750"
            ecep:lem="and"
            ecep:pos="cc"
            ecep:reg="And"
            ecep:spe="And"
            ecep:syllab="1"
            ecep:pron="ænd">And</w>
         <c> </c>
         <w xml:id="oat77-132680"
            n="oat77/0108-a-0760"
            ecep:lem="haggard"
            ecep:pos="j"
            ecep:reg="Haggard"
            ecep:spe="Haggard"
            ecep:syllab="2"
            ecep:pron="ˈhægəd">Haggard</w>
         <c> </c>
         <w xml:id="oat77-132690"
            n="oat77/0108-a-0770"
            ecep:lem="thou"
            ecep:pos="pns21"
            ecep:reg="Thou"
            ecep:spe="Thou"
            ecep:syllab="1"
            ecep:pron="θaʊ">Thou</w>
         <c> </c>
         <w xml:id="oat77-132700"
            n="oat77/0108-a-0780"
            ecep:lem="shall"
            ecep:pos="vm2"
            ecep:reg="shalt"
            ecep:spe="shalt"
            ecep:syllab="1"
            ecep:pron="ʃælt">shalt</w>
         <c> </c>
         <w xml:id="oat77-132710"
            n="oat77/0108-a-0790"
            ecep:lem="see"
            ecep:pos="vvi"
            ecep:reg="see"
            ecep:spe="see"
            ecep:syllab="1"
            ecep:pron="siː">see</w>
         <pc xml:id="oat77-132720"
             n="oat77/0108-a-0800"
             ecep:lem=","
             ecep:pos=","
             ecep:reg=","
             ecep:spe=",">,</pc>
      </l>
      <l xml:id="oat77-l07140">
         <w xml:id="oat77-132730"
            n="oat77/0108-a-0810"
            ecep:lem="the"
            ecep:pos="dt"
            ecep:reg="The"
            ecep:spe="The"
            ecep:syllab="1"
            ecep:pron="ðiː">The</w>
         <c> </c>
         <w xml:id="oat77-132740"
            n="oat77/0108-a-0820"
            ecep:lem="stern"
            ecep:pos="js"
            ecep:reg="sternest"
            ecep:spe="sternest"
            ecep:syllab="2"
            ecep:pron="stɜːnɪst">sternest</w>
         <c> </c>
         <w xml:id="oat77-132750"
            n="oat77/0108-a-0830"
            ecep:lem="goblin"
            ecep:pos="n1"
            ecep:reg="Goblin"
            ecep:spe="Goblin"
            ecep:syllab="2"
            ecep:pron="ˈgɒblɪn">Goblin</w>
         <c> </c>
         <w xml:id="oat77-132760"
            n="oat77/0108-a-0840"
            ecep:lem="will"
            ecep:pos="vmb"
            ecep:reg="will"
            ecep:spe="will"
            ecep:syllab="1"
            ecep:pron="wɪl">will</w>
         <c> </c>
         <w xml:id="oat77-132770"
            n="oat77/0108-a-0850"
            ecep:lem="not"
            ecep:pos="xx"
            ecep:reg="not"
            ecep:spe="not"
            ecep:syllab="1"
            ecep:pron="nɒt">not</w>
         <c> </c>
         <w xml:id="oat77-132780"
            n="oat77/0108-a-0860"
            ecep:lem="dare"
            ecep:pos="vvi"
            ecep:reg="dare"
            ecep:spe="dare"
            ecep:syllab="1"
            ecep:pron="deə">dare</w>
      </l>
      <l xml:id="oat77-l07145">
         <w xml:id="oat77-132790"
            n="oat77/0108-a-0870"
            ecep:lem="to"
            ecep:pos="pc-acp"
            ecep:reg="To"
            ecep:spe="To"
            ecep:syllab="1"
            ecep:pron="tuː">To</w>
         <c> </c>
         <w xml:id="oat77-132800"
            n="oat77/0108-a-0880"
            ecep:lem="stand"
            ecep:pos="vvi"
            ecep:reg="stand"
            ecep:spe="stand"
            ecep:syllab="1"
            ecep:pron="stænd">stand</w>
         <c> </c>
         <w xml:id="oat77-132810"
            n="oat77/0108-a-0890"
            ecep:lem="the"
            ecep:pos="dt"
            ecep:reg="the"
            ecep:spe="the"
            ecep:syllab="1"
            ecep:pron="ðiː">the</w>
         <c> </c>
         <w xml:id="oat77-132820"
            n="oat77/0108-a-0900"
            ecep:lem="sight"
            ecep:pos="n1"
            ecep:reg="sight"
            ecep:spe="sight"
            ecep:syllab="1"
            ecep:pron="saɪt">sight</w>
         <c> </c>
         <w xml:id="oat77-132830"
            n="oat77/0108-a-0910"
            ecep:lem="of"
            ecep:pos="pp-f"
            ecep:reg="of"
            ecep:spe="of"
            ecep:syllab="1"
            ecep:pron="ɒv">of</w>
         <c> </c>
         <w xml:id="oat77-132840"
            n="oat77/0108-a-0920"
            ecep:lem="thou"
            ecep:pos="pno21"
            ecep:reg="Thee"
            ecep:spe="Thee"
            ecep:syllab="1"
            ecep:pron="ðiː">Thee</w>
         <pc xml:id="oat77-132850"
             n="oat77/0108-a-0930"
             unit="sentence"
             ecep:lem="."
             ecep:pos="."
             ecep:reg="."
             ecep:spe=".">.</pc>
      </l>
   </lg>
   <pb facs="oat77/0109" n="95" rend="none"/>
   <lg n="4" xml:id="oat77-s00730">
      <head>
         <w xml:id="oat77-132890"
            n="oat77/0109-a-0010"
            ecep:lem="iv"
            ecep:pos="crd"
            ecep:reg="IV"
            ecep:spe="IV"
            ecep:syllab="1"
            ecep:pron="rˌəʊmənfˈɔː">IV</w>
         <pc xml:id="oat77-132900"
             n="oat77/0109-a-0020"
             unit="sentence"
             ecep:lem="."
             ecep:pos="."
             ecep:reg="."
             ecep:spe=".">.</pc>
      </head>
      <l xml:id="oat77-l07150">
         <w xml:id="oat77-132920"
            n="oat77/0109-a-0030"
            ecep:lem="those"
            ecep:pos="d"
            ecep:reg="Those"
            ecep:spe="Those"
            ecep:syllab="1"
            ecep:pron="ðəʊz">Those</w>
         <c> </c>
         <w xml:id="oat77-132930"
            n="oat77/0109-a-0040"
            ecep:lem="ghost"
            ecep:pos="n2"
            ecep:reg="Ghosts"
            ecep:spe="Ghosts"
            ecep:syllab="1"
            ecep:pron="gəʊsts">Ghosts</w>
         <c> </c>
         <w xml:id="oat77-132940"
            n="oat77/0109-a-0050"
            ecep:lem="that"
            ecep:pos="cst"
            ecep:reg="that"
            ecep:spe="that"
            ecep:syllab="1"
            ecep:pron="ðæt">that</w>
         <c> </c>
         <w xml:id="oat77-132950"
            n="oat77/0109-a-0060"
            ecep:lem="strike"
            ecep:pos="vvb"
            ecep:reg="strike"
            ecep:spe="strike"
            ecep:syllab="1"
            ecep:pron="straɪk">strike</w>
         <c> </c>
         <w xml:id="oat77-132960"
            n="oat77/0109-a-0070"
            ecep:lem="with"
            ecep:pos="p-acp"
            ecep:reg="with"
            ecep:spe="with"
            ecep:syllab="1"
            ecep:pron="wɪð">with</w>
         <c> </c>
         <w xml:id="oat77-132970"
            n="oat77/0109-a-0080"
            ecep:lem="panic-fear"
            ecep:pos="j"
            ecep:reg="Panic-fear"
            ecep:spe="Pannick-Fear"
            ecep:syllab="3"
            ecep:pron="pˈænɪkfˈiə">Pannick-Fear</w>
      </l>
      <l xml:id="oat77-l07155">
         <w xml:id="oat77-132980"
            n="oat77/0109-a-0090"
            ecep:lem="the"
            ecep:pos="dt"
            ecep:reg="The"
            ecep:spe="The"
            ecep:syllab="1"
            ecep:pron="ðiː">The</w>
         <c> </c>
         <w xml:id="oat77-132990"
            n="oat77/0109-a-0100"
            ecep:lem="breast"
            ecep:pos="n2"
            ecep:reg="Breasts"
            ecep:spe="Breasts"
            ecep:syllab="1"
            ecep:pron="brests">Breasts</w>
         <c> </c>
         <w xml:id="oat77-133000"
            n="oat77/0109-a-0110"
            ecep:lem="of"
            ecep:pos="pp-f"
            ecep:reg="of"
            ecep:spe="of"
            ecep:syllab="1"
            ecep:pron="ɒv">of</w>
         <c> </c>
         <w xml:id="oat77-133010"
            n="oat77/0109-a-0120"
            ecep:lem="stout"
            ecep:pos="js"
            ecep:reg="stoutest"
            ecep:spe="stoutest"
            ecep:syllab="2"
            ecep:pron="staʊtɪst">stoutest</w>
         <c> </c>
         <w xml:id="oat77-133020"
            n="oat77/0109-a-0130"
            ecep:lem="brave"
            ecep:pos="n2-j"
            ecep:reg="Braves"
            ecep:spe="Braves"
            ecep:syllab="1"
            ecep:pron="breɪvz">Braves</w>
         <pc xml:id="oat77-133030"
             n="oat77/0109-a-0140"
             ecep:lem=","
             ecep:pos=","
             ecep:reg=","
             ecep:spe=",">,</pc>
      </l>
      <l xml:id="oat77-l07160">
         <w xml:id="oat77-133040"
            n="oat77/0109-a-0150"
            ecep:lem="at"
            ecep:pos="p-acp"
            ecep:reg="At"
            ecep:spe="At"
            ecep:syllab="1"
            ecep:pron="æt">At</w>
         <c> </c>
         <w xml:id="oat77-133050"
            n="oat77/0109-a-0160"
            ecep:lem="thy"
            ecep:pos="po21"
            ecep:reg="thy"
            ecep:spe="thy"
            ecep:syllab="1"
            ecep:pron="ðaɪ">thy</w>
         <c> </c>
         <w xml:id="oat77-133060"
            n="oat77/0109-a-0170"
            ecep:lem="approach"
            ecep:pos="n1"
            ecep:reg="Approach"
            ecep:spe="Approach"
            ecep:syllab="2"
            ecep:pron="əˈprəʊtʃ">Approach</w>
         <c> </c>
         <w xml:id="oat77-133070"
            n="oat77/0109-a-0180"
            ecep:lem="will"
            ecep:pos="vmb"
            ecep:reg="will"
            ecep:spe="will"
            ecep:syllab="1"
            ecep:pron="wɪl">will</w>
         <c> </c>
         <w xml:id="oat77-133080"
            n="oat77/0109-a-0190"
            ecep:lem="disappear"
            ecep:pos="vvi"
            ecep:reg="disappear"
            ecep:spe="disappear"
            ecep:syllab="3"
            ecep:pron="ˌdɪsəˈpɪə">disappear</w>
         <pc xml:id="oat77-133090"
             n="oat77/0109-a-0200"
             ecep:lem=","
             ecep:pos=","
             ecep:reg=","
             ecep:spe=",">,</pc>
      </l>
      <l xml:id="oat77-l07165">
         <w xml:id="oat77-133100"
            n="oat77/0109-a-0210"
            ecep:lem="and"
            ecep:pos="cc"
            ecep:reg="And"
            ecep:spe="And"
            ecep:syllab="1"
            ecep:pron="ænd">And</w>
         <c> </c>
         <hi>
            <w xml:id="oat77-133110"
               n="oat77/0109-a-0220"
               ecep:lem="Burrogh"
               ecep:pos="np1"
               ecep:reg="Burrogh"
               ecep:spe="Burrogh"
               ecep:syllab="2"
               ecep:pron="bˈʌrɒg">Burrogh</w>
         </hi>
         <c> </c>
         <w xml:id="oat77-133120"
            n="oat77/0109-a-0230"
            ecep:lem="in"
            ecep:pos="p-acp"
            ecep:reg="in"
            ecep:spe="in"
            ecep:syllab="1"
            ecep:pron="ɪn">in</w>
         <c> </c>
         <w xml:id="oat77-133130"
            n="oat77/0109-a-0240"
            ecep:lem="their"
            ecep:pos="po32"
            ecep:reg="their"
            ecep:spe="their"
            ecep:syllab="1"
            ecep:pron="ðeə">their</w>
         <c> </c>
         <hi>
            <w xml:id="oat77-133140"
               n="oat77/0109-a-0250"
               ecep:lem="grave"
               ecep:pos="n2"
               ecep:reg="Graves"
               ecep:spe="Graves"
               ecep:syllab="1"
               ecep:pron="greɪvz">Graves</w>
            <pc xml:id="oat77-133150"
                n="oat77/0109-a-0260"
                unit="sentence"
                ecep:lem="."
                ecep:pos="."
                ecep:reg="."
                ecep:spe=".">.</pc>
            <c> </c>
         </hi>
      </l>
   </lg>
   <lg n="5" xml:id="oat77-s00735">
      <head>
         <w xml:id="oat77-133190"
            n="oat77/0109-a-0270"
            ecep:lem="v."
            ecep:pos="crd"
            ecep:reg="V"
            ecep:spe="V."
            ecep:syllab="1"
            ecep:pron="viː">V.</w>
         <pc unit="sentence" xml:id="oat77-133190-eos" n="oat77/0109-a-0280"/>
      </head>
      <l xml:id="oat77-l07170">
         <w xml:id="oat77-133210"
            n="oat77/0109-a-0290"
            ecep:lem="fix"
            ecep:pos="vvi"
            ecep:reg="Fix"
            ecep:spe="Fix"
            ecep:syllab="1"
            ecep:pron="fɪks">Fix</w>
         <c> </c>
         <w xml:id="oat77-133220"
            n="oat77/0109-a-0300"
            ecep:lem="thy"
            ecep:pos="po21"
            ecep:reg="thy"
            ecep:spe="thy"
            ecep:syllab="1"
            ecep:pron="ðaɪ">thy</w>
         <c> </c>
         <hi>
            <w xml:id="oat77-133230"
               n="oat77/0109-a-0310"
               ecep:lem="effigy"
               ecep:pos="n2"
               ecep:reg="Effigies"
               ecep:spe="Effigies"
               ecep:syllab="4"
               ecep:pron="ˈefɪdʒiz">Effigies</w>
         </hi>
         <c> </c>
         <w xml:id="oat77-133240"
            n="oat77/0109-a-0320"
            ecep:lem="on"
            ecep:pos="p-acp"
            ecep:reg="on"
            ecep:spe="on"
            ecep:syllab="1"
            ecep:pron="ɒn">on</w>
         <c> </c>
         <w xml:id="oat77-133250"
            n="oat77/0109-a-0330"
            ecep:lem="the"
            ecep:pos="dt"
            ecep:reg="the"
            ecep:spe="the"
            ecep:syllab="1"
            ecep:pron="ðiː">the</w>
         <c> </c>
         <w xml:id="oat77-133260"
            n="oat77/0109-a-0340"
            ecep:lem="shield"
            ecep:pos="n1"
            ecep:reg="Shield"
            ecep:spe="Shield"
            ecep:syllab="1"
            ecep:pron="ʃiːld">Shield</w>
      </l>
      <l xml:id="oat77-l07175">
         <w xml:id="oat77-133270"
            n="oat77/0109-a-0350"
            ecep:lem="of"
            ecep:pos="pp-f"
            ecep:reg="Of"
            ecep:spe="Of"
            ecep:syllab="1"
            ecep:pron="ɒv">Of</w>
         <c> </c>
         <w xml:id="oat77-133280"
            n="oat77/0109-a-0360"
            ecep:lem="some"
            ecep:pos="d"
            ecep:reg="some"
            ecep:spe="some"
            ecep:syllab="1"
            ecep:pron="sʌm">some</w>
         <c> </c>
         <w xml:id="oat77-133290"
            n="oat77/0109-a-0370"
            ecep:lem="bold"
            ecep:pos="j"
            ecep:reg="bold"
            ecep:spe="bold"
            ecep:syllab="1"
            ecep:pron="bəʊld">bold</w>
         <c> </c>
         <w xml:id="oat77-133300"
            n="oat77/0109-a-0380"
            ecep:lem="knight"
            ecep:pos="n1"
            ecep:reg="Knight"
            ecep:spe="Knight"
            ecep:syllab="1"
            ecep:pron="naɪt">Knight</w>
         <c> </c>
         <w xml:id="oat77-133310"
            n="oat77/0109-a-0390"
            ecep:lem="in"
            ecep:pos="p-acp"
            ecep:reg="in"
            ecep:spe="in"
            ecep:syllab="1"
            ecep:pron="ɪn">in</w>
         <c> </c>
         <w xml:id="oat77-133320"
            n="oat77/0109-a-0400"
            ecep:lem="arm"
            ecep:pos="n2"
            ecep:reg="Arms"
            ecep:spe="Arms"
            ecep:syllab="1"
            ecep:pron="ɑːmz">Arms</w>
         <pc xml:id="oat77-133330"
             n="oat77/0109-a-0410"
             ecep:lem=","
             ecep:pos=","
             ecep:reg=","
             ecep:spe=",">,</pc>
      </l>
      <l xml:id="oat77-l07180">
         <w xml:id="oat77-133340"
            n="oat77/0109-a-0420"
            ecep:lem="it|will"
            ecep:pos="pn31|vmb"
            ecep:reg="It'll"
            ecep:spe="'Twill"
            ecep:syllab="1"
            ecep:pron="twɪl">'Twill</w>
         <c> </c>
         <w xml:id="oat77-133350"
            n="oat77/0109-a-0430"
            ecep:lem="aid"
            ecep:pos="vvi"
            ecep:reg="Aid"
            ecep:spe="Aid"
            ecep:syllab="1"
            ecep:pron="eɪd">Aid</w>
         <c> </c>
         <w xml:id="oat77-133360"
            n="oat77/0109-a-0440"
            ecep:lem="he"
            ecep:pos="pno31"
            ecep:reg="him"
            ecep:spe="him"
            ecep:syllab="1"
            ecep:pron="hɪm">him</w>
         <c> </c>
         <w xml:id="oat77-133370"
            n="oat77/0109-a-0450"
            ecep:lem="more"
            ecep:pos="av-dc"
            ecep:reg="more"
            ecep:spe="more"
            ecep:syllab="1"
            ecep:pron="mɔː">more</w>
         <c> </c>
         <w xml:id="oat77-133380"
            n="oat77/0109-a-0460"
            ecep:lem="to"
            ecep:pos="pc-acp"
            ecep:reg="to"
            ecep:spe="to"
            ecep:syllab="1"
            ecep:pron="tuː">to</w>
         <c> </c>
         <w xml:id="oat77-133390"
            n="oat77/0109-a-0470"
            ecep:lem="win"
            ecep:pos="vvi"
            ecep:reg="win"
            ecep:spe="win"
            ecep:syllab="1"
            ecep:pron="wɪn">win</w>
         <c> </c>
         <w xml:id="oat77-133400"
            n="oat77/0109-a-0480"
            ecep:lem="the"
            ecep:pos="dt"
            ecep:reg="the"
            ecep:spe="the"
            ecep:syllab="1"
            ecep:pron="ðiː">the</w>
         <c> </c>
         <w xml:id="oat77-133410"
            n="oat77/0109-a-0490"
            ecep:lem="field"
            ecep:pos="n1"
            ecep:reg="Field"
            ecep:spe="Field"
            ecep:syllab="1"
            ecep:pron="ˈfiːld">Field</w>
         <pc xml:id="oat77-133420"
             n="oat77/0109-a-0500"
             ecep:lem=","
             ecep:pos=","
             ecep:reg=","
             ecep:spe=",">,</pc>
      </l>
      <l xml:id="oat77-l07185">
         <w xml:id="oat77-133430"
            n="oat77/0109-a-0510"
            ecep:lem="than"
            ecep:pos="cs"
            ecep:reg="Than"
            ecep:spe="Than"
            ecep:syllab="1"
            ecep:pron="ðæn">Than</w>
         <c> </c>
         <w xml:id="oat77-133440"
            n="oat77/0109-a-0520"
            ecep:lem="all"
            ecep:pos="d"
            ecep:reg="all"
            ecep:spe="all"
            ecep:syllab="1"
            ecep:pron="ɔːl">all</w>
         <c> </c>
         <w xml:id="oat77-133450"
            n="oat77/0109-a-0530"
            ecep:lem="his"
            ecep:pos="po31"
            ecep:reg="his"
            ecep:spe="his"
            ecep:syllab="1"
            ecep:pron="hɪz">his</w>
         <c> </c>
         <hi>
            <w xml:id="oat77-133460.1"
               n="oat77/0109-a-0540"
               rend="plain_apostrophe"
               ecep:lem="lady"
               ecep:pos="ng1"
               ecep:reg="Lady's"
               ecep:spe="Lady's"
               ecep:syllab="2"
               ecep:pron="ˈleɪdiz">Lady's</w>
         </hi>
         <c> </c>
         <hi>
            <w xml:id="oat77-133470"
               n="oat77/0109-a-0550"
               ecep:lem="charm"
               ecep:pos="n2"
               ecep:reg="Charms"
               ecep:spe="Charms"
               ecep:syllab="1"
               ecep:pron="tʃɑːmz">Charms</w>
            <pc xml:id="oat77-133480"
                n="oat77/0109-a-0560"
                unit="sentence"
                ecep:lem="."
                ecep:pos="."
                ecep:reg="."
                ecep:spe=".">.</pc>
            <c> </c>
         </hi>
      </l>
   </lg>
   <lg n="6" xml:id="oat77-s00740">
      <head>
         <w xml:id="oat77-133520"
            n="oat77/0109-a-0570"
            ecep:lem="vi"
            ecep:pos="crd"
            ecep:reg="VI"
            ecep:spe="VI"
            ecep:syllab="1"
            ecep:pron="ˈvaɪ">VI</w>
         <pc xml:id="oat77-133530"
             n="oat77/0109-a-0580"
             unit="sentence"
             ecep:lem="."
             ecep:pos="."
             ecep:reg="."
             ecep:spe=".">.</pc>
      </head>
      <l xml:id="oat77-l07190">
         <w xml:id="oat77-133550"
            n="oat77/0109-a-0590"
            ecep:lem="don"
            ecep:pos="n1"
            ecep:reg="Don"
            ecep:spe="Don"
            ecep:syllab="1"
            ecep:pron="dɒn">Don</w>
         <c> </c>
         <hi>
            <w xml:id="oat77-133560"
               n="oat77/0109-a-0600"
               ecep:lem="Perseus"
               ecep:pos="np1"
               ecep:reg="Perseus"
               ecep:spe="Perseus"
               ecep:syllab="3"
               ecep:pron="ˈpɜːsiəs">Perseus</w>
         </hi>
         <c> </c>
         <w xml:id="oat77-133570"
            n="oat77/0109-a-0610"
            ecep:lem="with"
            ecep:pos="p-acp"
            ecep:reg="with"
            ecep:spe="with"
            ecep:syllab="1"
            ecep:pron="wɪð">with</w>
         <c> </c>
         <w xml:id="oat77-133580"
            n="oat77/0109-a-0620"
            ecep:lem="his"
            ecep:pos="po31"
            ecep:reg="his"
            ecep:spe="his"
            ecep:syllab="1"
            ecep:pron="hɪz">his</w>
         <c> </c>
         <hi>
            <w xml:id="oat77-133590.1"
               n="oat77/0109-a-0630"
               rend="plain_apostrophe"
               ecep:lem="gorgon"
               ecep:pos="ng1"
               ecep:reg="Gorgon's"
               ecep:spe="Gorgon's"
               ecep:syllab="2"
               ecep:pron="ˈgɔːgənz">Gorgon's</w>
         </hi>
         <c> </c>
         <w xml:id="oat77-133600"
            n="oat77/0109-a-0640"
            ecep:lem="face"
            ecep:pos="n1"
            ecep:reg="Face"
            ecep:spe="Face"
            ecep:syllab="1"
            ecep:pron="feɪs">Face</w>
      </l>
      <l xml:id="oat77-l07195">
         <w xml:id="oat77-133610"
            n="oat77/0109-a-0650"
            ecep:lem="that"
            ecep:pos="d"
            ecep:reg="That"
            ecep:spe="That"
            ecep:syllab="1"
            ecep:pron="ðæt">That</w>
         <c> </c>
         <w xml:id="oat77-133620"
            n="oat77/0109-a-0660"
            ecep:lem="combatant"
            ecep:pos="n1"
            ecep:reg="Combatant"
            ecep:spe="Combatant"
            ecep:syllab="3"
            ecep:pron="ˈkɒmbətnt">Combatant</w>
         <c> </c>
         <w xml:id="oat77-133630"
            n="oat77/0109-a-0670"
            ecep:lem="will"
            ecep:pos="vmd"
            ecep:reg="would"
            ecep:spe="wou'd"
            ecep:syllab="1"
            ecep:pron="wʊd">wou'd</w>
         <c> </c>
         <w xml:id="oat77-133640"
            n="oat77/0109-a-0680"
            ecep:lem="flee"
            ecep:pos="vvi"
            ecep:reg="flee"
            ecep:spe="flee"
            ecep:syllab="1"
            ecep:pron="fliː">flee</w>
         <pc xml:id="oat77-133650"
             n="oat77/0109-a-0690"
             ecep:lem=";"
             ecep:pos=";"
             ecep:reg=";"
             ecep:spe=";">;</pc>
      </l>
      <l xml:id="oat77-l07200">
         <w xml:id="oat77-133660"
            n="oat77/0109-a-0700"
            ecep:lem="for"
            ecep:pos="p-acp"
            ecep:reg="For"
            ecep:spe="For"
            ecep:syllab="1"
            ecep:pron="fɔː">For</w>
         <c> </c>
         <w xml:id="oat77-133670"
            n="oat77/0109-a-0710"
            ecep:lem="hag"
            ecep:pos="n1"
            ecep:reg="Hag"
            ecep:spe="Hagg"
            ecep:syllab="1"
            ecep:pron="hæg">Hagg</w>
         <c> </c>
         <hi>
            <w xml:id="oat77-133680"
               n="oat77/0109-a-0720"
               ecep:lem="Medusa"
               ecep:pos="np1"
               ecep:reg="Medusa"
               ecep:spe="Medusa"
               ecep:syllab="3"
               ecep:pron="mɪˈdʒuːzə">Medusa</w>
         </hi>
         <c> </c>
         <pc xml:id="oat77-133690"
             n="oat77/0109-a-0730"
             ecep:lem="("
             ecep:pos="("
             ecep:reg="("
             ecep:spe="(">(</pc>
         <w xml:id="oat77-133700"
            n="oat77/0109-a-0740"
            ecep:lem="no"
            ecep:pos="dx"
            ecep:reg="no"
            ecep:spe="no"
            ecep:syllab="1"
            ecep:pron="nəʊ">no</w>
         <c> </c>
         <w xml:id="oat77-133710"
            n="oat77/0109-a-0750"
            ecep:lem="disgrace"
            ecep:pos="n1"
            ecep:reg="Disgrace"
            ecep:spe="Disgrace"
            ecep:syllab="2"
            ecep:pron="dɪsˈgreɪs">Disgrace</w>
         <pc xml:id="oat77-133720"
             n="oat77/0109-a-0760"
             ecep:lem="!"
             ecep:pos="!"
             ecep:reg="!"
             ecep:spe="!">!</pc>
         <pc xml:id="oat77-133730"
             n="oat77/0109-a-0770"
             unit="sentence"
             ecep:lem=")"
             ecep:pos=")"
             ecep:reg=")"
             ecep:spe=")">)</pc>
      </l>
      <l xml:id="oat77-l07205">
         <w xml:id="oat77-133740"
            n="oat77/0109-a-0780"
            ecep:lem="a"
            ecep:pos="dt"
            ecep:reg="A"
            ecep:spe="A"
            ecep:syllab="1"
            ecep:pron="ə">A</w>
         <c> </c>
         <hi>
            <w xml:id="oat77-133750"
               n="oat77/0109-a-0790"
               ecep:lem="beauty"
               ecep:pos="n1"
               ecep:reg="Beauty"
               ecep:spe="Beauty"
               ecep:syllab="2"
               ecep:pron="ˈbjuːti">Beauty</w>
         </hi>
         <c> </c>
         <w xml:id="oat77-133760"
            n="oat77/0109-a-0800"
            ecep:lem="be"
            ecep:pos="vbdr"
            ecep:reg="were"
            ecep:spe="were"
            ecep:syllab="1"
            ecep:pron="wɜː">were</w>
         <c> </c>
         <w xml:id="oat77-133770"
            n="oat77/0109-a-0810"
            ecep:lem="to"
            ecep:pos="p-acp"
            ecep:reg="to"
            ecep:spe="to"
            ecep:syllab="1"
            ecep:pron="tuː">to</w>
         <c> </c>
         <hi>
            <w xml:id="oat77-133780"
               n="oat77/0109-a-0820"
               ecep:lem="thou"
               ecep:pos="pno21"
               ecep:reg="Thee"
               ecep:spe="Thee"
               ecep:syllab="1"
               ecep:pron="ðiː">Thee</w>
            <pc xml:id="oat77-133790"
                n="oat77/0109-a-0830"
                unit="sentence"
                ecep:lem="."
                ecep:pos="."
                ecep:reg="."
                ecep:spe=".">.</pc>
            <c> </c>
         </hi>
      </l>
   </lg>
</div>
