<?xml version="1.0" encoding="utf-8"?>
<!DOCTYPE div
  SYSTEM "about:legacy-compat">
<div xmlns:ecep="http://www.eighteenthcenturypoetry.org/ns"
     xmlns="http://www.tei-c.org/ns/1.0"
     xmlns:tei="http://www.tei-c.org/ns/1.0"
     ana="#iamb #tetrameter #couplet #pair #inscription"
     corresp="#txt_CockJon.d._w0005"
     decls="#semi-normalized"
     ecep:syllab="8"
     met="-+|-+|-+|-+/"
     rendition="#lgindent"
     rhyme="aa"
     subtype="eceptext"
     type="inscription"
     xml:id="o4986-w0830">
   <link target="authors.xml#aut_CockJon.d." type="author"/>
   <link target="32609" type="DMI"/>
   <head type="main">
      <w xml:id="o4986-593720"
         n="286-a-0010"
         ecep:lem="inscription"
         ecep:pos="n1"
         ecep:reg="INSCRIPTION"
         ecep:spe="INSCRIPTION"
         ecep:syllab="3"
         ecep:pron="ɪnˈskrɪpʃn">INSCRIPTION</w>
      <c> </c>
      <w xml:id="o4986-593730"
         n="286-a-0020"
         ecep:lem="for"
         ecep:pos="p-acp"
         ecep:reg="FOR"
         ecep:spe="FOR"
         ecep:syllab="1"
         ecep:pron="fɔː">FOR</w>
      <c> </c>
      <w xml:id="o4986-593740"
         n="286-a-0030"
         ecep:lem="a"
         ecep:pos="dt"
         ecep:reg="A"
         ecep:spe="A"
         ecep:syllab="1"
         ecep:pron="ə">A</w>
      <c> </c>
      <w xml:id="o4986-593750"
         n="286-a-0040"
         ecep:lem="root-house"
         ecep:pos="n1"
         ecep:reg="ROOT-HOUSE"
         ecep:spe="ROOT-HOUSE"
         ecep:syllab="2"
         ecep:pron="ruːtˌhaʊz">ROOT-HOUSE</w>
      <pc xml:id="o4986-593760"
          n="286-a-0050"
          unit="sentence"
          ecep:lem="."
          ecep:pos="."
          ecep:reg="."
          ecep:spe=".">.</pc>
   </head>
   <lg xml:id="o4986-s04010">
      <l xml:id="o4986-l32340">
         <w xml:id="o4986-593790"
            n="286-a-0060"
            ecep:lem="fond"
            ecep:pos="j"
            ecep:reg="FOND"
            ecep:spe="FOND"
            ecep:syllab="1"
            ecep:pron="fɒnd">FOND</w>
         <c> </c>
         <w xml:id="o4986-593800"
            n="286-a-0070"
            ecep:lem="man"
            ecep:pos="n1"
            ecep:reg="man"
            ecep:spe="man"
            ecep:syllab="1"
            ecep:pron="mæn">man</w>
         <pc xml:id="o4986-593810"
             n="286-a-0080"
             ecep:lem="!"
             ecep:pos="!"
             ecep:reg="!"
             ecep:spe="!">!</pc>
         <c> </c>
         <w xml:id="o4986-593820"
            n="286-a-0090"
            ecep:lem="retire"
            ecep:pos="vvb"
            ecep:reg="retire"
            ecep:spe="retire"
            ecep:syllab="3"
            ecep:pron="riˈtaɪə">retire</w>
         <c> </c>
         <w xml:id="o4986-593830"
            n="286-a-0100"
            ecep:lem="to"
            ecep:pos="p-acp"
            ecep:reg="to"
            ecep:spe="to"
            ecep:syllab="1"
            ecep:pron="tuː">to</w>
         <c> </c>
         <w xml:id="o4986-593840"
            n="286-a-0110"
            ecep:lem="this"
            ecep:pos="d"
            ecep:reg="this"
            ecep:spe="this"
            ecep:syllab="1"
            ecep:pron="ðɪs">this</w>
         <c> </c>
         <w xml:id="o4986-593850"
            n="286-a-0120"
            ecep:lem="still"
            ecep:pos="j"
            ecep:reg="still"
            ecep:spe="still"
            ecep:syllab="1"
            ecep:pron="stɪl">still</w>
         <c> </c>
         <w xml:id="o4986-593860"
            n="286-a-0130"
            ecep:lem="cell"
            ecep:pos="n1"
            ecep:reg="cell"
            ecep:spe="cell"
            ecep:syllab="1"
            ecep:pron="sel">cell</w>
         <pc xml:id="o4986-593870"
             n="286-a-0140"
             ecep:lem=","
             ecep:pos=","
             ecep:reg=","
             ecep:spe=",">,</pc>
      </l>
      <l xml:id="o4986-l32345">
         <c> </c>
         <w xml:id="o4986-593880"
            n="286-a-0150"
            ecep:lem="and"
            ecep:pos="cc"
            ecep:reg="And"
            ecep:spe="And"
            ecep:syllab="1"
            ecep:pron="ænd">And</w>
         <c> </c>
         <w xml:id="o4986-593890"
            n="286-a-0160"
            ecep:lem="bid"
            ecep:pos="vvi"
            ecep:reg="bid"
            ecep:spe="bid"
            ecep:syllab="1"
            ecep:pron="bɪd">bid</w>
         <c> </c>
         <w xml:id="o4986-593900"
            n="286-a-0170"
            ecep:lem="the"
            ecep:pos="dt"
            ecep:reg="the"
            ecep:spe="the"
            ecep:syllab="1"
            ecep:pron="ðiː">the</w>
         <c> </c>
         <w xml:id="o4986-593910"
            n="286-a-0180"
            ecep:lem="busy"
            ecep:pos="j"
            ecep:reg="busy"
            ecep:spe="busy"
            ecep:syllab="2"
            ecep:pron="ˈbɪzi">busy</w>
         <c> </c>
         <w xml:id="o4986-593920"
            n="286-a-0190"
            ecep:lem="world"
            ecep:pos="n1"
            ecep:reg="world"
            ecep:spe="world"
            ecep:syllab="1"
            ecep:pron="wɜːld">world</w>
         <c> </c>
         <w xml:id="o4986-593930"
            n="286-a-0200"
            ecep:lem="farewell"
            ecep:pos="n1"
            ecep:reg="farewell"
            ecep:spe="farewel"
            ecep:syllab="3"
            ecep:pron="ˌfeəˈwel">farewel</w>
         <pc xml:id="o4986-593940"
             n="286-a-0210"
             ecep:lem=";"
             ecep:pos=";"
             ecep:reg=";"
             ecep:spe=";">;</pc>
      </l>
      <l xml:id="o4986-l32350">
         <c> </c>
         <w xml:id="o4986-593950"
            n="286-a-0220"
            ecep:lem="here"
            ecep:pos="av"
            ecep:reg="Here"
            ecep:spe="Here"
            ecep:syllab="1"
            ecep:pron="hɪə">Here</w>
         <c> </c>
         <w xml:id="o4986-593960"
            n="286-a-0230"
            ecep:lem="seek"
            ecep:pos="vvb"
            ecep:reg="seek"
            ecep:spe="seek"
            ecep:syllab="1"
            ecep:pron="siːk">seek</w>
         <c> </c>
         <w xml:id="o4986-593970"
            n="286-a-0240"
            ecep:lem="the"
            ecep:pos="dt"
            ecep:reg="the"
            ecep:spe="the"
            ecep:syllab="1"
            ecep:pron="ðiː">the</w>
         <c> </c>
         <w xml:id="o4986-593980"
            n="286-a-0250"
            ecep:lem="cherub"
            ecep:pos="n1"
            ecep:reg="cherub"
            ecep:spe="cherub"
            ecep:syllab="2"
            ecep:pron="ˈtʃerəb">cherub</w>
         <c> </c>
         <w xml:id="o4986-593990"
            n="286-a-0260"
            ecep:lem="happiness"
            ecep:pos="n1"
            ecep:reg="Happiness"
            ecep:spe="Happiness"
            ecep:syllab="3"
            ecep:pron="ˈhæpinəs">Happiness</w>
         <pc xml:id="o4986-594000"
             n="286-a-0270"
             ecep:lem=","
             ecep:pos=","
             ecep:reg=","
             ecep:spe=",">,</pc>
      </l>
      <l xml:id="o4986-l32355">
         <c> </c>
         <w xml:id="o4986-594010"
            n="286-a-0280"
            ecep:lem="who"
            ecep:pos="q-crq"
            ecep:reg="Who"
            ecep:spe="Who"
            ecep:syllab="1"
            ecep:pron="huː">Who</w>
         <c> </c>
         <w xml:id="o4986-594020"
            n="286-a-0290"
            ecep:lem="love"
            ecep:pos="vvz"
            ecep:reg="loves"
            ecep:spe="loves"
            ecep:syllab="1"
            ecep:pron="lʌvz">loves</w>
         <c> </c>
         <w xml:id="o4986-594030"
            n="286-a-0300"
            ecep:lem="the"
            ecep:pos="dt"
            ecep:reg="the"
            ecep:spe="the"
            ecep:syllab="1"
            ecep:pron="ðiː">the</w>
         <c> </c>
         <w xml:id="o4986-594040"
            n="286-a-0310"
            ecep:lem="quiet"
            ecep:pos="j-jn"
            ecep:reg="quiet"
            ecep:spe="quiet"
            ecep:syllab="2"
            ecep:pron="ˈkwaɪət">quiet</w>
         <c> </c>
         <w xml:id="o4986-594050"
            n="286-a-0320"
            ecep:lem="lone"
            ecep:pos="j"
            ecep:reg="lone"
            ecep:spe="lone"
            ecep:syllab="1"
            ecep:pron="ləʊn">lone</w>
         <c> </c>
         <w xml:id="o4986-594060"
            n="286-a-0330"
            ecep:lem="recess"
            ecep:pos="n1"
            ecep:reg="recess"
            ecep:spe="recess"
            ecep:syllab="2"
            ecep:pron="riˈses">recess</w>
         <pc xml:id="o4986-594070"
             n="286-a-0340"
             ecep:lem=","
             ecep:pos=","
             ecep:reg=","
             ecep:spe=",">,</pc>
      </l>
      <l xml:id="o4986-l32360">
         <c> </c>
         <w xml:id="o4986-594080"
            n="286-a-0350"
            ecep:lem="and"
            ecep:pos="cc"
            ecep:reg="And"
            ecep:spe="And"
            ecep:syllab="1"
            ecep:pron="ænd">And</w>
         <c> </c>
         <w xml:id="o4986-594090"
            n="286-a-0360"
            ecep:lem="shun"
            ecep:pos="vvz"
            ecep:reg="shuns"
            ecep:spe="shuns"
            ecep:syllab="1"
            ecep:pron="ʃʌnz">shuns</w>
         <c> </c>
         <w xml:id="o4986-594100"
            n="286-a-0370"
            ecep:lem="the"
            ecep:pos="dt"
            ecep:reg="the"
            ecep:spe="the"
            ecep:syllab="1"
            ecep:pron="ðiː">the</w>
         <c> </c>
         <w xml:id="o4986-594110"
            n="286-a-0380"
            ecep:lem="city"
            ecep:pos="ng1"
            ecep:reg="city's"
            ecep:spe="city's"
            ecep:syllab="2"
            ecep:pron="ˈsɪtiz">city's</w>
         <c> </c>
         <w xml:id="o4986-594120"
            n="286-a-0390"
            ecep:lem="noisy"
            ecep:pos="j"
            ecep:reg="noisy"
            ecep:spe="noisy"
            ecep:syllab="2"
            ecep:pron="ˈnɔɪzi">noisy</w>
         <c> </c>
         <w xml:id="o4986-594130"
            n="286-a-0400"
            ecep:lem="scene"
            ecep:pos="n1"
            ecep:reg="scene"
            ecep:spe="scene"
            ecep:syllab="1"
            ecep:pron="siːn">scene</w>
         <pc xml:id="o4986-594140"
             n="286-a-0410"
             ecep:lem=","
             ecep:pos=","
             ecep:reg=","
             ecep:spe=",">,</pc>
      </l>
      <l xml:id="o4986-l32365">
         <c> </c>
         <w xml:id="o4986-594150"
            n="286-a-0420"
            ecep:lem="for"
            ecep:pos="p-acp"
            ecep:reg="For"
            ecep:spe="For"
            ecep:syllab="1"
            ecep:pron="fɔː">For</w>
         <c> </c>
         <w xml:id="o4986-594160"
            n="286-a-0430"
            ecep:lem="pleasure"
            ecep:pos="n2"
            ecep:reg="pleasures"
            ecep:spe="pleasures"
            ecep:syllab="2"
            ecep:pron="ˈpleʒəz">pleasures</w>
         <c> </c>
         <w xml:id="o4986-594170"
            n="286-a-0440"
            ecep:lem="tranquil"
            ecep:pos="j"
            ecep:reg="tranquil"
            ecep:spe="tranquil"
            ecep:syllab="2"
            ecep:pron="ˈtræŋkwɪl">tranquil</w>
         <c> </c>
         <w xml:id="o4986-594180"
            n="286-a-0450"
            ecep:lem="and"
            ecep:pos="cc"
            ecep:reg="and"
            ecep:spe="and"
            ecep:syllab="1"
            ecep:pron="ænd">and</w>
         <c> </c>
         <w xml:id="o4986-594190"
            n="286-a-0460"
            ecep:lem="serene"
            ecep:pos="j"
            ecep:reg="serene"
            ecep:spe="serene"
            ecep:syllab="2"
            ecep:pron="səˈriːn">serene</w>
         <pc xml:id="o4986-594200"
             n="286-a-0470"
             unit="sentence"
             ecep:lem="."
             ecep:pos="."
             ecep:reg="."
             ecep:spe=".">.</pc>
         <c> </c>
      </l>
   </lg>
   <lg xml:id="o4986-s04015">
      <l xml:id="o4986-l32370">
         <w xml:id="o4986-594230"
            n="286-a-0480"
            ecep:lem="how"
            ecep:pos="q-crq"
            ecep:reg="How"
            ecep:spe="How"
            ecep:syllab="1"
            ecep:pron="haʊ">How</w>
         <c> </c>
         <w xml:id="o4986-594240"
            n="286-a-0490"
            ecep:lem="solemn"
            ecep:pos="j"
            ecep:reg="solemn"
            ecep:spe="solemn"
            ecep:syllab="2"
            ecep:pron="ˈsɒləm">solemn</w>
         <c> </c>
         <w xml:id="o4986-594250"
            n="286-a-0500"
            ecep:lem="be"
            ecep:pos="vbz"
            ecep:reg="is"
            ecep:spe="is"
            ecep:syllab="1"
            ecep:pron="ɪz">is</w>
         <c> </c>
         <w xml:id="o4986-594260"
            n="286-a-0510"
            ecep:lem="the"
            ecep:pos="dt"
            ecep:reg="the"
            ecep:spe="the"
            ecep:syllab="1"
            ecep:pron="ðiː">the</w>
         <c> </c>
         <w xml:id="o4986-594270"
            n="286-a-0520"
            ecep:lem="oak"
            ecep:pos="ng1"
            ecep:reg="oak's"
            ecep:spe="oak's"
            ecep:syllab="1"
            ecep:pron="ˈəʊks">oak's</w>
         <c> </c>
         <w xml:id="o4986-594280"
            n="286-a-0530"
            ecep:lem="broad"
            ecep:pos="j"
            ecep:reg="broad"
            ecep:spe="broad"
            ecep:syllab="1"
            ecep:pron="brɔːd">broad</w>
         <c> </c>
         <w xml:id="o4986-594290"
            n="286-a-0540"
            ecep:lem="shade"
            ecep:pos="n1"
            ecep:reg="shade"
            ecep:spe="shade"
            ecep:syllab="1"
            ecep:pron="ʃeɪd">shade</w>
         <pc xml:id="o4986-594300"
             n="286-a-0550"
             ecep:lem=","
             ecep:pos=","
             ecep:reg=","
             ecep:spe=",">,</pc>
      </l>
      <l xml:id="o4986-l32375">
         <c> </c>
         <w xml:id="o4986-594310"
            n="286-a-0560"
            ecep:lem="the"
            ecep:pos="dt"
            ecep:reg="The"
            ecep:spe="The"
            ecep:syllab="1"
            ecep:pron="ðiː">The</w>
         <c> </c>
         <w xml:id="o4986-594320"
            n="286-a-0570"
            ecep:lem="naked"
            ecep:pos="j"
            ecep:reg="naked"
            ecep:spe="naked"
            ecep:syllab="2"
            ecep:pron="ˈneɪkɪd">naked</w>
         <c> </c>
         <w xml:id="o4986-594330"
            n="286-a-0580"
            ecep:lem="grove"
            ecep:pos="n1"
            ecep:reg="grove"
            ecep:spe="grove"
            ecep:syllab="1"
            ecep:pron="grəʊv">grove</w>
         <c> </c>
         <w xml:id="o4986-594340"
            n="286-a-0590"
            ecep:lem="see"
            ecep:pos="vvn"
            ecep:reg="seen"
            ecep:spe="seen"
            ecep:syllab="1"
            ecep:pron="siːn">seen</w>
         <c> </c>
         <w xml:id="o4986-594350"
            n="286-a-0600"
            ecep:lem="through"
            ecep:pos="p-acp"
            ecep:reg="through"
            ecep:spe="thro'"
            ecep:syllab="1"
            ecep:pron="θruː">thro'</w>
         <c> </c>
         <w xml:id="o4986-594360"
            n="286-a-0610"
            ecep:lem="the"
            ecep:pos="dt"
            ecep:reg="the"
            ecep:spe="the"
            ecep:syllab="1"
            ecep:pron="ðiː">the</w>
         <c> </c>
         <w xml:id="o4986-594370"
            n="286-a-0620"
            ecep:lem="glade"
            ecep:pos="n1"
            ecep:reg="glade"
            ecep:spe="glade"
            ecep:syllab="1"
            ecep:pron="gleɪd">glade</w>
         <pc xml:id="o4986-594380"
             n="286-a-0630"
             ecep:lem=","
             ecep:pos=","
             ecep:reg=","
             ecep:spe=",">,</pc>
      </l>
      <l xml:id="o4986-l32380">
         <c> </c>
         <w xml:id="o4986-594390"
            n="286-a-0640"
            ecep:lem="the"
            ecep:pos="dt"
            ecep:reg="The"
            ecep:spe="The"
            ecep:syllab="1"
            ecep:pron="ðiː">The</w>
         <c> </c>
         <w xml:id="o4986-594400"
            n="286-a-0650"
            ecep:lem="rock"
            ecep:pos="n1"
            ecep:reg="rock"
            ecep:spe="rock"
            ecep:syllab="1"
            ecep:pron="rɒk">rock</w>
         <c> </c>
         <w xml:id="o4986-594410"
            n="286-a-0660"
            ecep:lem="that"
            ecep:pos="cst"
            ecep:reg="that"
            ecep:spe="that"
            ecep:syllab="1"
            ecep:pron="ðæt">that</w>
         <c> </c>
         <w xml:id="o4986-594420"
            n="286-a-0670"
            ecep:lem="high"
            ecep:pos="j"
            ecep:reg="high"
            ecep:spe="high"
            ecep:syllab="1"
            ecep:pron="haɪ">high</w>
         <c> </c>
         <w xml:id="o4986-594430"
            n="286-a-0680"
            ecep:lem="project"
            ecep:pos="n2"
            ecep:reg="projects"
            ecep:spe="projects"
            ecep:syllab="2"
            ecep:pron="ˈprɒdʒekts">projects</w>
         <c> </c>
         <w xml:id="o4986-594440"
            n="286-a-0690"
            ecep:lem="its"
            ecep:pos="po31"
            ecep:reg="its"
            ecep:spe="its"
            ecep:syllab="1"
            ecep:pron="ɪts">its</w>
         <c> </c>
         <w xml:id="o4986-594450"
            n="286-a-0700"
            ecep:lem="steep"
            ecep:pos="j"
            ecep:reg="steep"
            ecep:spe="steep"
            ecep:syllab="1"
            ecep:pron="stiːp">steep</w>
         <pc xml:id="o4986-594460"
             n="286-a-0710"
             ecep:lem=","
             ecep:pos=","
             ecep:reg=","
             ecep:spe=",">,</pc>
      </l>
      <l xml:id="o4986-l32385">
         <c> </c>
         <w xml:id="o4986-594470"
            n="286-a-0720"
            ecep:lem="the"
            ecep:pos="dt"
            ecep:reg="The"
            ecep:spe="The"
            ecep:syllab="1"
            ecep:pron="ðiː">The</w>
         <c> </c>
         <w xml:id="o4986-594480"
            n="286-a-0730"
            ecep:lem="distant"
            ecep:pos="j"
            ecep:reg="distant"
            ecep:spe="distant"
            ecep:syllab="2"
            ecep:pron="ˈdɪstənt">distant</w>
         <c> </c>
         <w xml:id="o4986-594490"
            n="286-a-0740"
            ecep:lem="prospect"
            ecep:pos="n1"
            ecep:reg="prospect"
            ecep:spe="prospect"
            ecep:syllab="2"
            ecep:pron="ˈprɒspekt">prospect</w>
         <c> </c>
         <w xml:id="o4986-594500"
            n="286-a-0750"
            ecep:lem="of"
            ecep:pos="pp-f"
            ecep:reg="of"
            ecep:spe="of"
            ecep:syllab="1"
            ecep:pron="ɒv">of</w>
         <c> </c>
         <w xml:id="o4986-594510"
            n="286-a-0760"
            ecep:lem="the"
            ecep:pos="dt"
            ecep:reg="the"
            ecep:spe="the"
            ecep:syllab="1"
            ecep:pron="ðiː">the</w>
         <c> </c>
         <w xml:id="o4986-594520"
            n="286-a-0770"
            ecep:lem="deep"
            ecep:pos="j-jn"
            ecep:reg="deep"
            ecep:spe="deep"
            ecep:syllab="1"
            ecep:pron="diːp">deep</w>
         <pc xml:id="o4986-594530"
             n="286-a-0780"
             unit="sentence"
             ecep:lem="!"
             ecep:pos="!"
             ecep:reg="!"
             ecep:spe="!">!</pc>
         <c> </c>
      </l>
   </lg>
   <lg xml:id="o4986-s04020">
      <l xml:id="o4986-l32390">
         <w xml:id="o4986-594560"
            n="286-a-0790"
            ecep:lem="fond"
            ecep:pos="j"
            ecep:reg="Fond"
            ecep:spe="Fond"
            ecep:syllab="1"
            ecep:pron="fɒnd">Fond</w>
         <c> </c>
         <w xml:id="o4986-594570"
            n="286-a-0800"
            ecep:lem="man"
            ecep:pos="n1"
            ecep:reg="man"
            ecep:spe="man"
            ecep:syllab="1"
            ecep:pron="mæn">man</w>
         <pc xml:id="o4986-594580"
             n="286-a-0810"
             ecep:lem="!"
             ecep:pos="!"
             ecep:reg="!"
             ecep:spe="!">!</pc>
         <c> </c>
         <w xml:id="o4986-594590"
            n="286-a-0820"
            ecep:lem="here"
            ecep:pos="av"
            ecep:reg="here"
            ecep:spe="here"
            ecep:syllab="1"
            ecep:pron="hɪə">here</w>
         <c> </c>
         <w xml:id="o4986-594600"
            n="286-a-0830"
            ecep:lem="cheerful"
            ecep:pos="j"
            ecep:reg="cheerful"
            ecep:spe="cheerful"
            ecep:syllab="2"
            ecep:pron="ˈtʃɪəfl">cheerful</w>
         <c> </c>
         <w xml:id="o4986-594610"
            n="286-a-0840"
            ecep:lem="may"
            ecep:pos="vm2"
            ecep:reg="mayest"
            ecep:spe="may'st"
            ecep:syllab="1"
            ecep:pron="meɪst">may'st</w>
         <c> </c>
         <w xml:id="o4986-594620"
            n="286-a-0850"
            ecep:lem="thou"
            ecep:pos="pns21"
            ecep:reg="thou"
            ecep:spe="thou"
            ecep:syllab="1"
            ecep:pron="θaʊ">thou</w>
         <c> </c>
         <w xml:id="o4986-594630"
            n="286-a-0860"
            ecep:lem="spend"
            ecep:pos="vvi"
            ecep:reg="spend"
            ecep:spe="spend"
            ecep:syllab="1"
            ecep:pron="spend">spend</w>
      </l>
      <l xml:id="o4986-l32395">
         <c> </c>
         <w xml:id="o4986-594640"
            n="286-a-0870"
            ecep:lem="thy"
            ecep:pos="po21"
            ecep:reg="Thy"
            ecep:spe="Thy"
            ecep:syllab="1"
            ecep:pron="ðaɪ">Thy</w>
         <c> </c>
         <w xml:id="o4986-594650"
            n="286-a-0880"
            ecep:lem="swift-winged"
            ecep:pos="j"
            ecep:reg="swift-winged"
            ecep:spe="swift-wing'd"
            ecep:syllab="2"
            ecep:pron="swɪftˌwɪŋd">swift-wing'd</w>
         <c> </c>
         <w xml:id="o4986-594660"
            n="286-a-0890"
            ecep:lem="life"
            ecep:pos="n1"
            ecep:reg="life"
            ecep:spe="life"
            ecep:syllab="1"
            ecep:pron="laɪf">life</w>
         <pc xml:id="o4986-594670"
             n="286-a-0900"
             ecep:lem=","
             ecep:pos=","
             ecep:reg=","
             ecep:spe=",">,</pc>
         <c> </c>
         <w xml:id="o4986-594680"
            n="286-a-0910"
            ecep:lem="nor"
            ecep:pos="ccx"
            ecep:reg="nor"
            ecep:spe="nor"
            ecep:syllab="1"
            ecep:pron="nɔː">nor</w>
         <c> </c>
         <w xml:id="o4986-594690"
            n="286-a-0920"
            ecep:lem="fear"
            ecep:pos="vvb"
            ecep:reg="fear"
            ecep:spe="fear"
            ecep:syllab="1"
            ecep:pron="fɪə">fear</w>
         <c> </c>
         <w xml:id="o4986-594700"
            n="286-a-0930"
            ecep:lem="thy"
            ecep:pos="po21"
            ecep:reg="thy"
            ecep:spe="thy"
            ecep:syllab="1"
            ecep:pron="ðaɪ">thy</w>
         <c> </c>
         <w xml:id="o4986-594710"
            n="286-a-0940"
            ecep:lem="end"
            ecep:pos="n1"
            ecep:reg="end"
            ecep:spe="end"
            ecep:syllab="1"
            ecep:pron="end">end</w>
         <pc xml:id="o4986-594720"
             n="286-a-0950"
             ecep:lem=";"
             ecep:pos=";"
             ecep:reg=";"
             ecep:spe=";">;</pc>
      </l>
      <l xml:id="o4986-l32400">
         <c> </c>
         <w xml:id="o4986-594730"
            n="286-a-0960"
            ecep:lem="steal"
            ecep:pos="vvg"
            ecep:reg="Stealing"
            ecep:spe="Stealing"
            ecep:syllab="2"
            ecep:pron="ˈstiːlɪŋ">Stealing</w>
         <c> </c>
         <w xml:id="o4986-594740"
            n="286-a-0970"
            ecep:lem="through"
            ecep:pos="p-acp"
            ecep:reg="through"
            ecep:spe="thro'"
            ecep:syllab="1"
            ecep:pron="θruː">thro'</w>
         <c> </c>
         <w xml:id="o4986-594750"
            n="286-a-0980"
            ecep:lem="life"
            ecep:pos="n1"
            ecep:reg="life"
            ecep:spe="life"
            ecep:syllab="1"
            ecep:pron="laɪf">life</w>
         <pc xml:id="o4986-594760"
             n="286-a-0990"
             ecep:lem=","
             ecep:pos=","
             ecep:reg=","
             ecep:spe=",">,</pc>
         <c> </c>
         <w xml:id="o4986-594770"
            n="286-a-1000"
            ecep:lem="as"
            ecep:pos="c-acp"
            ecep:reg="as"
            ecep:spe="as"
            ecep:syllab="1"
            ecep:pron="æz">as</w>
         <c> </c>
         <w xml:id="o4986-594780"
            n="286-a-1010"
            ecep:lem="through"
            ecep:pos="p-acp"
            ecep:reg="through"
            ecep:spe="thro'"
            ecep:syllab="1"
            ecep:pron="θruː">thro'</w>
         <c> </c>
         <w xml:id="o4986-594790"
            n="286-a-1020"
            ecep:lem="the"
            ecep:pos="dt"
            ecep:reg="the"
            ecep:spe="the"
            ecep:syllab="1"
            ecep:pron="ðiː">the</w>
         <c> </c>
         <w xml:id="o4986-594800"
            n="286-a-1030"
            ecep:lem="plain"
            ecep:pos="n1"
            ecep:reg="plain"
            ecep:spe="plain"
            ecep:syllab="1"
            ecep:pron="pleɪn">plain</w>
      </l>
      <l xml:id="o4986-l32405">
         <c> </c>
         <w xml:id="o4986-594810"
            n="286-a-1040"
            ecep:lem="yond"
            ecep:pos="d"
            ecep:reg="Yonder"
            ecep:spe="Yon"
            ecep:syllab="1"
            ecep:pron="jɒn">Yon</w>
         <c> </c>
         <w xml:id="o4986-594820"
            n="286-a-1050"
            ecep:lem="rill"
            ecep:pos="vvb"
            ecep:reg="rill"
            ecep:spe="rill"
            ecep:syllab="1"
            ecep:pron="rɪl">rill</w>
         <c> </c>
         <w xml:id="o4986-594830"
            n="286-a-1060"
            ecep:lem="in"
            ecep:pos="p-acp"
            ecep:reg="in"
            ecep:spe="in"
            ecep:syllab="1"
            ecep:pron="ɪn">in</w>
         <c> </c>
         <w xml:id="o4986-594840"
            n="286-a-1070"
            ecep:lem="murmur"
            ecep:pos="n2"
            ecep:reg="murmurs"
            ecep:spe="murmurs"
            ecep:syllab="2"
            ecep:pron="ˈmɜːməz">murmurs</w>
         <c> </c>
         <w xml:id="o4986-594850"
            n="286-a-1080"
            ecep:lem="seek"
            ecep:pos="vvz"
            ecep:reg="seeks"
            ecep:spe="seeks"
            ecep:syllab="1"
            ecep:pron="siːks">seeks</w>
         <c> </c>
         <w xml:id="o4986-594860"
            n="286-a-1090"
            ecep:lem="the"
            ecep:pos="dt"
            ecep:reg="the"
            ecep:spe="the"
            ecep:syllab="1"
            ecep:pron="ðiː">the</w>
         <c> </c>
         <w xml:id="o4986-594870"
            n="286-a-1100"
            ecep:lem="main"
            ecep:pos="j"
            ecep:reg="main"
            ecep:spe="main"
            ecep:syllab="1"
            ecep:pron="meɪn">main</w>
         <pc xml:id="o4986-594880"
             n="286-a-1110"
             unit="sentence"
             ecep:lem="."
             ecep:pos="."
             ecep:reg="."
             ecep:spe=".">.</pc>
         <c> </c>
      </l>
   </lg>
   <lg xml:id="o4986-s04025">
      <l xml:id="o4986-l32410">
         <w xml:id="o4986-594910"
            n="286-a-1120"
            ecep:lem="here"
            ecep:pos="av"
            ecep:reg="Here"
            ecep:spe="Here"
            ecep:syllab="1"
            ecep:pron="hɪə">Here</w>
         <pc xml:id="o4986-594920"
             n="286-a-1130"
             ecep:lem=","
             ecep:pos=","
             ecep:reg=","
             ecep:spe=",">,</pc>
         <c> </c>
         <w xml:id="o4986-594930"
            n="286-a-1140"
            ecep:lem="when"
            ecep:pos="c-crq"
            ecep:reg="when"
            ecep:spe="when"
            ecep:syllab="1"
            ecep:pron="wen">when</w>
         <c> </c>
         <w xml:id="o4986-594940"
            n="286-a-1150"
            ecep:lem="the"
            ecep:pos="dt"
            ecep:reg="the"
            ecep:spe="the"
            ecep:syllab="1"
            ecep:pron="ðiː">the</w>
         <c> </c>
         <w xml:id="o4986-594950"
            n="286-a-1160"
            ecep:lem="saffron-vested"
            ecep:pos="j"
            ecep:reg="saffron-vested"
            ecep:spe="saffron-vested"
            ecep:syllab="4"
            ecep:pron="ˈsæfrənˌˈvestɪd">saffron-vested</w>
         <c> </c>
         <w xml:id="o4986-594960"
            n="286-a-1170"
            ecep:lem="dawn"
            ecep:pos="n1"
            ecep:reg="dawn"
            ecep:spe="dawn"
            ecep:syllab="1"
            ecep:pron="dɔːn">dawn</w>
      </l>
      <l xml:id="o4986-l32415">
         <c> </c>
         <w xml:id="o4986-594970"
            n="286-a-1180"
            ecep:lem="spread"
            ecep:pos="vvz"
            ecep:reg="Spreads"
            ecep:spe="Spreads"
            ecep:syllab="1"
            ecep:pron="spredz">Spreads</w>
         <c> </c>
         <w xml:id="o4986-594980"
            n="286-a-1190"
            ecep:lem="radiance"
            ecep:pos="n1"
            ecep:reg="radiance"
            ecep:spe="radiance"
            ecep:syllab="3"
            ecep:pron="ˈreɪdiəns">radiance</w>
         <c> </c>
         <w xml:id="o4986-594990"
            n="286-a-1200"
            ecep:lem="over"
            ecep:pos="p-acp"
            ecep:reg="over"
            ecep:spe="o'er"
            ecep:syllab="1"
            ecep:pron="ˈɔːə">o'er</w>
         <c> </c>
         <w xml:id="o4986-595000"
            n="286-a-1210"
            ecep:lem="the"
            ecep:pos="dt"
            ecep:reg="the"
            ecep:spe="the"
            ecep:syllab="1"
            ecep:pron="ðiː">the</w>
         <c> </c>
         <w xml:id="o4986-595010"
            n="286-a-1220"
            ecep:lem="dewy"
            ecep:pos="j"
            ecep:reg="dewy"
            ecep:spe="dewy"
            ecep:syllab="2"
            ecep:pron="ˈdjuːi">dewy</w>
         <c> </c>
         <w xml:id="o4986-595020"
            n="286-a-1230"
            ecep:lem="lawn"
            ecep:pos="n1"
            ecep:reg="lawn"
            ecep:spe="lawn"
            ecep:syllab="1"
            ecep:pron="lɔːn">lawn</w>
         <pc xml:id="o4986-595030"
             n="286-a-1240"
             ecep:lem=","
             ecep:pos=","
             ecep:reg=","
             ecep:spe=",">,</pc>
      </l>
      <l xml:id="o4986-l32420">
         <c> </c>
         <w xml:id="o4986-595040"
            n="286-a-1250"
            ecep:lem="for"
            ecep:pos="p-acp"
            ecep:reg="For"
            ecep:spe="For"
            ecep:syllab="1"
            ecep:pron="fɔː">For</w>
         <c> </c>
         <w xml:id="o4986-595050"
            n="286-a-1260"
            ecep:lem="hour"
            ecep:pos="n2"
            ecep:reg="hours"
            ecep:spe="hours"
            ecep:syllab="1"
            ecep:pron="ˈaʊəz">hours</w>
         <c> </c>
         <w xml:id="o4986-595060"
            n="286-a-1270"
            ecep:lem="exempt"
            ecep:pos="j"
            ecep:reg="exempt"
            ecep:spe="exempt"
            ecep:syllab="2"
            ecep:pron="ɪgˈzempt">exempt</w>
         <c> </c>
         <w xml:id="o4986-595070"
            n="286-a-1280"
            ecep:lem="from"
            ecep:pos="p-acp"
            ecep:reg="from"
            ecep:spe="from"
            ecep:syllab="1"
            ecep:pron="frɒm">from</w>
         <c> </c>
         <w xml:id="o4986-595080"
            n="286-a-1290"
            ecep:lem="woe"
            ecep:pos="n1"
            ecep:reg="woe"
            ecep:spe="woe"
            ecep:syllab="1"
            ecep:pron="wəʊ">woe</w>
         <c> </c>
         <w xml:id="o4986-595090"
            n="286-a-1300"
            ecep:lem="and"
            ecep:pos="cc"
            ecep:reg="and"
            ecep:spe="and"
            ecep:syllab="1"
            ecep:pron="ænd">and</w>
         <c> </c>
         <w xml:id="o4986-595100"
            n="286-a-1310"
            ecep:lem="sin"
            ecep:pos="n1"
            ecep:reg="sin"
            ecep:spe="sin"
            ecep:syllab="1"
            ecep:pron="sɪn">sin</w>
         <pc xml:id="o4986-595110"
             n="286-a-1320"
             ecep:lem=","
             ecep:pos=","
             ecep:reg=","
             ecep:spe=",">,</pc>
      </l>
      <l xml:id="o4986-l32425">
         <c> </c>
         <w xml:id="o4986-595120"
            n="286-a-1330"
            ecep:lem="thy"
            ecep:pos="po21"
            ecep:reg="Thy"
            ecep:spe="Thy"
            ecep:syllab="1"
            ecep:pron="ðaɪ">Thy</w>
         <c> </c>
         <w xml:id="o4986-595130"
            n="286-a-1340"
            ecep:lem="ardent"
            ecep:pos="j"
            ecep:reg="ardent"
            ecep:spe="ardent"
            ecep:syllab="2"
            ecep:pron="ˈɑːdnt">ardent</w>
         <c> </c>
         <w xml:id="o4986-595140"
            n="286-a-1350"
            ecep:lem="orison"
            ecep:pos="n1"
            ecep:reg="orison"
            ecep:spe="orison"
            ecep:syllab="3"
            ecep:pron="ˈɒrɪzən">orison</w>
         <c> </c>
         <w xml:id="o4986-595150"
            n="286-a-1360"
            ecep:lem="begin"
            ecep:pos="vvi"
            ecep:reg="begin"
            ecep:spe="begin"
            ecep:syllab="2"
            ecep:pron="biˈgɪn">begin</w>
         <pc xml:id="o4986-595160"
             n="286-a-1370"
             ecep:lem=";"
             ecep:pos=";"
             ecep:reg=";"
             ecep:spe=";">;</pc>
      </l>
      <l xml:id="o4986-l32430">
         <c> </c>
         <w xml:id="o4986-595170"
            n="286-a-1380"
            ecep:lem="here"
            ecep:pos="av"
            ecep:reg="Here"
            ecep:spe="Here"
            ecep:syllab="1"
            ecep:pron="hɪə">Here</w>
         <c> </c>
         <w xml:id="o4986-595180"
            n="286-a-1390"
            ecep:lem="too"
            ecep:pos="av"
            ecep:reg="too"
            ecep:spe="too"
            ecep:syllab="1"
            ecep:pron="tuː">too</w>
         <c> </c>
         <w xml:id="o4986-595190"
            n="286-a-1400"
            ecep:lem="at"
            ecep:pos="p-acp"
            ecep:reg="at"
            ecep:spe="at"
            ecep:syllab="1"
            ecep:pron="æt">at</w>
         <c> </c>
         <w xml:id="o4986-595200"
            n="286-a-1410"
            ecep:lem="eve"
            ecep:pos="n1"
            ecep:reg="eve"
            ecep:spe="eve"
            ecep:syllab="1"
            ecep:pron="iːv">eve</w>
         <c> </c>
         <w xml:id="o4986-595210"
            n="286-a-1420"
            ecep:lem="his"
            ecep:pos="po31"
            ecep:reg="His"
            ecep:spe="His"
            ecep:syllab="1"
            ecep:pron="hɪz">His</w>
         <c> </c>
         <w xml:id="o4986-595220"
            n="286-a-1430"
            ecep:lem="praise"
            ecep:pos="n1"
            ecep:reg="praise"
            ecep:spe="praise"
            ecep:syllab="1"
            ecep:pron="preɪz">praise</w>
         <c> </c>
         <w xml:id="o4986-595230"
            n="286-a-1440"
            ecep:lem="display"
            ecep:pos="n1"
            ecep:reg="display"
            ecep:spe="display"
            ecep:syllab="2"
            ecep:pron="dɪˈspleɪ">display</w>
         <pc xml:id="o4986-595240"
             n="286-a-1450"
             ecep:lem=","
             ecep:pos=","
             ecep:reg=","
             ecep:spe=",">,</pc>
      </l>
      <l xml:id="o4986-l32435">
         <c> </c>
         <w xml:id="o4986-595250"
            n="286-a-1460"
            ecep:lem="who"
            ecep:pos="q-crq"
            ecep:reg="Who"
            ecep:spe="Who"
            ecep:syllab="1"
            ecep:pron="huː">Who</w>
         <c> </c>
         <w xml:id="o4986-595260"
            n="286-a-1470"
            ecep:lem="lead"
            ecep:pos="vvd"
            ecep:reg="led"
            ecep:spe="led"
            ecep:syllab="1"
            ecep:pron="led">led</w>
         <c> </c>
         <w xml:id="o4986-595270"
            n="286-a-1480"
            ecep:lem="thou"
            ecep:pos="pno21"
            ecep:reg="thee"
            ecep:spe="thee"
            ecep:syllab="1"
            ecep:pron="ðiː">thee</w>
         <c> </c>
         <w xml:id="o4986-595280"
            n="286-a-1490"
            ecep:lem="through"
            ecep:pos="p-acp"
            ecep:reg="through"
            ecep:spe="thro'"
            ecep:syllab="1"
            ecep:pron="θruː">thro'</w>
         <c> </c>
         <w xml:id="o4986-595290"
            n="286-a-1500"
            ecep:lem="the"
            ecep:pos="dt"
            ecep:reg="the"
            ecep:spe="the"
            ecep:syllab="1"
            ecep:pron="ðiː">the</w>
         <c> </c>
         <w xml:id="o4986-595300"
            n="286-a-1510"
            ecep:lem="finish"
            ecep:pos="j-vvn"
            ecep:reg="finished"
            ecep:spe="finish'd"
            ecep:syllab="2"
            ecep:pron="ˈfɪnɪʃt">finish'd</w>
         <c> </c>
         <w xml:id="o4986-595310"
            n="286-a-1520"
            ecep:lem="day"
            ecep:pos="n1"
            ecep:reg="day"
            ecep:spe="day"
            ecep:syllab="1"
            ecep:pron="deɪ">day</w>
         <pc xml:id="o4986-595320"
             n="286-a-1530"
             unit="sentence"
             ecep:lem="."
             ecep:pos="."
             ecep:reg="."
             ecep:spe=".">.</pc>
         <c> </c>
      </l>
   </lg>
</div>
