<?xml version="1.0" encoding="utf-8"?>
<!DOCTYPE div
  SYSTEM "about:legacy-compat">
<div xmlns:ecep="http://www.eighteenthcenturypoetry.org/ns"
     xmlns="http://www.tei-c.org/ns/1.0"
     xmlns:tei="http://www.tei-c.org/ns/1.0"
     ana="#iamb #tetrameter #trimeter #quatrain #intermittent #ode"
     corresp="#txt_Anon000022_w0001"
     decls="#semi-normalized"
     ecep:syllab="8.6.8.6"
     met="-+|-+|-+|-+/ -+|-+|-+/ -+|-+|-+|-+/ -+|-+|-+/"
     rendition="#lgvspace"
     rhyme="xaxa"
     subtype="eceptext"
     type="ode"
     xml:id="o5089-w0500">
   <link target="authors.xml#aut_Anon000022" type="author"/>
   <link target="31260" type="DMI"/>
   <head type="main">
      <w xml:id="o5089-440190"
         n="202-a-0830"
         ecep:lem="ode"
         ecep:pos="n1"
         ecep:reg="ODE"
         ecep:spe="ODE"
         ecep:syllab="1"
         ecep:pron="əʊd">ODE</w>
      <c> </c>
      <w xml:id="o5089-440200"
         n="202-a-0840"
         ecep:lem="to"
         ecep:pos="p-acp"
         ecep:reg="TO"
         ecep:spe="TO"
         ecep:syllab="1"
         ecep:pron="tuː">TO</w>
      <c> </c>
      <w xml:id="o5089-440210"
         n="202-a-0850"
         ecep:lem="sensibility"
         ecep:pos="n1"
         ecep:reg="SENSIBILITY"
         ecep:spe="SENSIBILITY"
         ecep:syllab="5"
         ecep:pron="ˌsensəˈbɪləti">SENSIBILITY</w>
      <pc xml:id="o5089-440220"
          n="202-a-0860"
          unit="sentence"
          ecep:lem="."
          ecep:pos="."
          ecep:reg="."
          ecep:spe=".">.</pc>
   </head>
   <lg xml:id="o5089-s02860">
      <l xml:id="o5089-l23800">
         <w xml:id="o5089-440250"
            n="202-a-0870"
            ecep:lem="thanks"
            ecep:pos="n2"
            ecep:reg="THanks"
            ecep:spe="THanks"
            ecep:syllab="1"
            ecep:pron="θæŋks">THanks</w>
         <c> </c>
         <w xml:id="o5089-440260"
            n="202-a-0880"
            ecep:lem="to"
            ecep:pos="p-acp"
            ecep:reg="to"
            ecep:spe="to"
            ecep:syllab="1"
            ecep:pron="tuː">to</w>
         <c> </c>
         <w xml:id="o5089-440270"
            n="202-a-0890"
            ecep:lem="thou"
            ecep:pos="pno21"
            ecep:reg="thee"
            ecep:spe="thee"
            ecep:syllab="1"
            ecep:pron="ðiː">thee</w>
         <pc xml:id="o5089-440280"
             n="202-a-0900"
             ecep:lem=","
             ecep:pos=","
             ecep:reg=","
             ecep:spe=",">,</pc>
         <c> </c>
         <w xml:id="o5089-440290"
            n="202-a-0910"
            ecep:lem="nymph"
            ecep:pos="n1"
            ecep:reg="Nymph"
            ecep:spe="Nymph"
            ecep:syllab="1"
            ecep:pron="nɪmf">Nymph</w>
         <pc xml:id="o5089-440300"
             n="202-a-0920"
             ecep:lem=","
             ecep:pos=","
             ecep:reg=","
             ecep:spe=",">,</pc>
         <c> </c>
         <w xml:id="o5089-440310"
            n="202-a-0930"
            ecep:lem="who"
            ecep:pos="r-crq"
            ecep:reg="whose"
            ecep:spe="whose"
            ecep:syllab="1"
            ecep:pron="huːz">whose</w>
         <c> </c>
         <w xml:id="o5089-440320"
            n="202-a-0940"
            ecep:lem="powerful"
            ecep:pos="j"
            ecep:reg="powerful"
            ecep:spe="powerful"
            ecep:syllab="3"
            ecep:pron="ˈpaʊəfl">powerful</w>
         <c> </c>
         <w xml:id="o5089-440330"
            n="202-a-0950"
            ecep:lem="hand"
            ecep:pos="n1"
            ecep:reg="hand"
            ecep:spe="hand"
            ecep:syllab="1"
            ecep:pron="hænd">hand</w>
      </l>
      <l xml:id="o5089-l23805">
         <c> </c>
         <w xml:id="o5089-440340"
            n="202-a-0960"
            ecep:lem="from"
            ecep:pos="p-acp"
            ecep:reg="From"
            ecep:spe="From"
            ecep:syllab="1"
            ecep:pron="frɒm">From</w>
         <c> </c>
         <w xml:id="o5089-440350"
            n="202-a-0970"
            ecep:lem="dullness"
            ecep:pos="n1"
            ecep:reg="dullness"
            ecep:spe="dulness"
            ecep:syllab="2"
            ecep:pron="ˈdʌlnəs">dulness</w>
         <c> </c>
         <w xml:id="o5089-440360"
            n="202-a-0980"
            ecep:lem="set"
            ecep:pos="vvd"
            ecep:reg="set"
            ecep:spe="set"
            ecep:syllab="1"
            ecep:pron="set">set</w>
         <c> </c>
         <w xml:id="o5089-440370"
            n="202-a-0990"
            ecep:lem="i"
            ecep:pos="pno11"
            ecep:reg="me"
            ecep:spe="me"
            ecep:syllab="1"
            ecep:pron="miː">me</w>
         <c> </c>
         <w xml:id="o5089-440380"
            n="202-a-1000"
            ecep:lem="free"
            ecep:pos="j"
            ecep:reg="free"
            ecep:spe="free"
            ecep:syllab="1"
            ecep:pron="friː">free</w>
         <pc xml:id="o5089-440390"
             n="202-a-1010"
             ecep:lem=","
             ecep:pos=","
             ecep:reg=","
             ecep:spe=",">,</pc>
      </l>
      <l xml:id="o5089-l23810">
         <c> </c>
         <w xml:id="o5089-440400"
            n="202-a-1020"
            ecep:lem="thy"
            ecep:pos="po21"
            ecep:reg="Thy"
            ecep:spe="Thy"
            ecep:syllab="1"
            ecep:pron="ðaɪ">Thy</w>
         <c> </c>
         <w xml:id="o5089-440410"
            n="202-a-1030"
            ecep:lem="praise"
            ecep:pos="n2"
            ecep:reg="praises"
            ecep:spe="praises"
            ecep:syllab="2"
            ecep:pron="ˈpreɪzɪz">praises</w>
         <c> </c>
         <w xml:id="o5089-440420"
            n="202-a-1040"
            ecep:lem="i|will"
            ecep:pos="pns11|vmb"
            ecep:reg="I'll"
            ecep:spe="I'll"
            ecep:syllab="1"
            ecep:pron="ˈaɪl">I'll</w>
         <c> </c>
         <w xml:id="o5089-440430"
            n="202-a-1050"
            ecep:lem="for"
            ecep:pos="p-acp"
            ecep:reg="for"
            ecep:spe="for"
            ecep:syllab="1"
            ecep:pron="fɔː">for</w>
         <c> </c>
         <w xml:id="o5089-440440"
            n="202-a-1060"
            ecep:lem="ever"
            ecep:pos="av"
            ecep:reg="ever"
            ecep:spe="ever"
            ecep:syllab="2"
            ecep:pron="ˈevə">ever</w>
         <c> </c>
         <w xml:id="o5089-440450"
            n="202-a-1070"
            ecep:lem="sing"
            ecep:pos="vvi"
            ecep:reg="sing"
            ecep:spe="sing"
            ecep:syllab="1"
            ecep:pron="sɪŋ">sing</w>
         <pc xml:id="o5089-440460"
             n="202-a-1080"
             ecep:lem=","
             ecep:pos=","
             ecep:reg=","
             ecep:spe=",">,</pc>
      </l>
      <l xml:id="o5089-l23815">
         <c> </c>
         <w xml:id="o5089-440470"
            n="202-a-1090"
            ecep:lem="sweet"
            ecep:pos="j"
            ecep:reg="Sweet"
            ecep:spe="Sweet"
            ecep:syllab="1"
            ecep:pron="swiːt">Sweet</w>
         <c> </c>
         <w xml:id="o5089-440480"
            n="202-a-1100"
            ecep:lem="sensibility"
            ecep:pos="n1"
            ecep:reg="Sensibility"
            ecep:spe="Sensibility"
            ecep:syllab="5"
            ecep:pron="ˌsensəˈbɪləti">Sensibility</w>
         <pc xml:id="o5089-440490"
             n="202-a-1110"
             unit="sentence"
             ecep:lem="."
             ecep:pos="."
             ecep:reg="."
             ecep:spe=".">.</pc>
         <c> </c>
      </l>
   </lg>
   <lg xml:id="o5089-s02865">
      <l xml:id="o5089-l23820">
         <w xml:id="o5089-440520"
            n="202-a-1120"
            ecep:lem="thy"
            ecep:pos="po21"
            ecep:reg="Thy"
            ecep:spe="Thy"
            ecep:syllab="1"
            ecep:pron="ðaɪ">Thy</w>
         <c> </c>
         <w xml:id="o5089-440530"
            n="202-a-1130"
            ecep:lem="touch"
            ecep:pos="n1"
            ecep:reg="touch"
            ecep:spe="touch"
            ecep:syllab="1"
            ecep:pron="tʌtʃ">touch</w>
         <pc xml:id="o5089-440540"
             n="202-a-1140"
             ecep:lem=","
             ecep:pos=","
             ecep:reg=","
             ecep:spe=",">,</pc>
         <c> </c>
         <w xml:id="o5089-440550"
            n="202-a-1150"
            ecep:lem="so"
            ecep:pos="av"
            ecep:reg="so"
            ecep:spe="so"
            ecep:syllab="1"
            ecep:pron="səʊ">so</w>
         <c> </c>
         <w xml:id="o5089-440560"
            n="202-a-1160"
            ecep:lem="gentle"
            ecep:pos="j-jn"
            ecep:reg="gentle"
            ecep:spe="gentle"
            ecep:syllab="2"
            ecep:pron="ˈdʒentl">gentle</w>
         <c> </c>
         <w xml:id="o5089-440570"
            n="202-a-1170"
            ecep:lem="and"
            ecep:pos="cc"
            ecep:reg="and"
            ecep:spe="and"
            ecep:syllab="1"
            ecep:pron="ænd">and</w>
         <c> </c>
         <w xml:id="o5089-440580"
            n="202-a-1180"
            ecep:lem="benign"
            ecep:pos="j"
            ecep:reg="benign"
            ecep:spe="benign"
            ecep:syllab="2"
            ecep:pron="bəˈnaɪn">benign</w>
         <pc xml:id="o5089-440590"
             n="202-a-1190"
             ecep:lem=","
             ecep:pos=","
             ecep:reg=","
             ecep:spe=",">,</pc>
      </l>
      <l xml:id="o5089-l23825">
         <c> </c>
         <w xml:id="o5089-440600"
            n="202-a-1200"
            ecep:lem="revive"
            ecep:pos="vvz"
            ecep:reg="Revives"
            ecep:spe="Revives"
            ecep:syllab="2"
            ecep:pron="riˈvaɪvz">Revives</w>
         <c> </c>
         <w xml:id="o5089-440610"
            n="202-a-1210"
            ecep:lem="the"
            ecep:pos="dt"
            ecep:reg="the"
            ecep:spe="the"
            ecep:syllab="1"
            ecep:pron="ðiː">the</w>
         <c> </c>
         <w xml:id="o5089-440620"
            n="202-a-1220"
            ecep:lem="torpid"
            ecep:pos="j"
            ecep:reg="torpid"
            ecep:spe="torpid"
            ecep:syllab="2"
            ecep:pron="ˈtɔːpɪd">torpid</w>
         <c> </c>
         <w xml:id="o5089-440630"
            n="202-a-1230"
            ecep:lem="heart"
            ecep:pos="n1"
            ecep:reg="heart"
            ecep:spe="heart"
            ecep:syllab="1"
            ecep:pron="hɑːt">heart</w>
         <pc xml:id="o5089-440640"
             n="202-a-1240"
             ecep:lem=","
             ecep:pos=","
             ecep:reg=","
             ecep:spe=",">,</pc>
      </l>
      <l xml:id="o5089-l23830">
         <c> </c>
         <w xml:id="o5089-440650"
            n="202-a-1250"
            ecep:lem="thou"
            ecep:pos="pns21"
            ecep:reg="Thou"
            ecep:spe="Thou"
            ecep:syllab="1"
            ecep:pron="θaʊ">Thou</w>
         <c> </c>
         <w xml:id="o5089-440660"
            n="202-a-1260"
            ecep:lem="pleasure"
            ecep:pos="n1"
            ecep:reg="pleasure"
            ecep:spe="pleasure"
            ecep:syllab="2"
            ecep:pron="ˈpleʒə">pleasure</w>
         <c> </c>
         <w xml:id="o5089-440670"
            n="202-a-1270"
            ecep:lem="can"
            ecep:pos="vm2"
            ecep:reg="canst"
            ecep:spe="canst"
            ecep:syllab="1"
            ecep:pron="kænst">canst</w>
         <c> </c>
         <w xml:id="o5089-440680"
            n="202-a-1280"
            ecep:lem="from"
            ecep:pos="p-acp"
            ecep:reg="from"
            ecep:spe="from"
            ecep:syllab="1"
            ecep:pron="frɒm">from</w>
         <c> </c>
         <w xml:id="o5089-440690"
            n="202-a-1290"
            ecep:lem="pain"
            ecep:pos="n1"
            ecep:reg="pain"
            ecep:spe="pain"
            ecep:syllab="1"
            ecep:pron="peɪn">pain</w>
         <c> </c>
         <w xml:id="o5089-440700"
            n="202-a-1300"
            ecep:lem="refine"
            ecep:pos="vvi"
            ecep:reg="refine"
            ecep:spe="refine"
            ecep:syllab="2"
            ecep:pron="rɪˈfaɪn">refine</w>
         <pc xml:id="o5089-440710"
             n="202-a-1310"
             ecep:lem=","
             ecep:pos=","
             ecep:reg=","
             ecep:spe=",">,</pc>
      </l>
      <l xml:id="o5089-l23835">
         <c> </c>
         <w xml:id="o5089-440720"
            n="202-a-1320"
            ecep:lem="to"
            ecep:pos="p-acp"
            ecep:reg="To"
            ecep:spe="To"
            ecep:syllab="1"
            ecep:pron="tuː">To</w>
         <c> </c>
         <w xml:id="o5089-440730"
            n="202-a-1330"
            ecep:lem="joy"
            ecep:pos="n2"
            ecep:reg="joys"
            ecep:spe="joys"
            ecep:syllab="1"
            ecep:pron="dʒɔɪz">joys</w>
         <c> </c>
         <w xml:id="o5089-440740"
            n="202-a-1340"
            ecep:lem="new"
            ecep:pos="j"
            ecep:reg="new"
            ecep:spe="new"
            ecep:syllab="1"
            ecep:pron="njuː">new</w>
         <c> </c>
         <w xml:id="o5089-440750"
            n="202-a-1350"
            ecep:lem="joy"
            ecep:pos="n1"
            ecep:reg="joy"
            ecep:spe="joy"
            ecep:syllab="1"
            ecep:pron="dʒɔɪ">joy</w>
         <c> </c>
         <w xml:id="o5089-440760"
            n="202-a-1360"
            ecep:lem="impart"
            ecep:pos="vvi"
            ecep:reg="impart"
            ecep:spe="impart"
            ecep:syllab="2"
            ecep:pron="ɪmˈpɑːt">impart</w>
         <pc xml:id="o5089-440770"
             n="202-a-1370"
             unit="sentence"
             ecep:lem="."
             ecep:pos="."
             ecep:reg="."
             ecep:spe=".">.</pc>
         <c> </c>
      </l>
   </lg>
   <pb facs="203" n="197" rend="none"/>
   <lg xml:id="o5089-s02870">
      <l xml:id="o5089-l23840">
         <w xml:id="o5089-440800"
            n="203-a-0010"
            ecep:lem="by"
            ecep:pos="p-acp"
            ecep:reg="By"
            ecep:spe="By"
            ecep:syllab="1"
            ecep:pron="baɪ">By</w>
         <c> </c>
         <w xml:id="o5089-440810"
            n="203-a-0020"
            ecep:lem="thou"
            ecep:pos="pno21"
            ecep:reg="thee"
            ecep:spe="thee"
            ecep:syllab="1"
            ecep:pron="ðiː">thee</w>
         <c> </c>
         <w xml:id="o5089-440820"
            n="203-a-0030"
            ecep:lem="the"
            ecep:pos="dt"
            ecep:reg="the"
            ecep:spe="the"
            ecep:syllab="1"
            ecep:pron="ðiː">the</w>
         <c> </c>
         <w xml:id="o5089-440830"
            n="203-a-0040"
            ecep:lem="gaudy"
            ecep:pos="j"
            ecep:reg="gaudy"
            ecep:spe="gaudy"
            ecep:syllab="2"
            ecep:pron="ˈgɔːdi">gaudy</w>
         <c> </c>
         <w xml:id="o5089-440840"
            n="203-a-0050"
            ecep:lem="rainbow"
            ecep:pos="n1"
            ecep:reg="rainbow"
            ecep:spe="rainbow"
            ecep:syllab="2"
            ecep:pron="ˈreɪnbəʊ">rainbow</w>
         <c> </c>
         <w xml:id="o5089-440850"
            n="203-a-0060"
            ecep:lem="show"
            ecep:pos="vvz"
            ecep:reg="shows"
            ecep:spe="shows"
            ecep:syllab="1"
            ecep:pron="ʃəʊz">shows</w>
      </l>
      <l xml:id="o5089-l23845">
         <c> </c>
         <w xml:id="o5089-440860"
            n="203-a-0070"
            ecep:lem="more"
            ecep:pos="av-dc"
            ecep:reg="More"
            ecep:spe="More"
            ecep:syllab="1"
            ecep:pron="mɔː">More</w>
         <c> </c>
         <w xml:id="o5089-440870"
            n="203-a-0080"
            ecep:lem="beauteous"
            ecep:pos="j"
            ecep:reg="beauteous"
            ecep:spe="beauteous"
            ecep:syllab="2"
            ecep:pron="ˈbjuːtiəs">beauteous</w>
         <c> </c>
         <w xml:id="o5089-440880"
            n="203-a-0090"
            ecep:lem="to"
            ecep:pos="p-acp"
            ecep:reg="to"
            ecep:spe="to"
            ecep:syllab="1"
            ecep:pron="tuː">to</w>
         <c> </c>
         <w xml:id="o5089-440890"
            n="203-a-0100"
            ecep:lem="the"
            ecep:pos="dt"
            ecep:reg="the"
            ecep:spe="the"
            ecep:syllab="1"
            ecep:pron="ðiː">the</w>
         <c> </c>
         <w xml:id="o5089-440900"
            n="203-a-0110"
            ecep:lem="eye"
            ecep:pos="n1"
            ecep:reg="eye"
            ecep:spe="eye"
            ecep:syllab="1"
            ecep:pron="aɪ">eye</w>
         <pc xml:id="o5089-440910"
             n="203-a-0120"
             ecep:lem=","
             ecep:pos=","
             ecep:reg=","
             ecep:spe=",">,</pc>
      </l>
      <l xml:id="o5089-l23850">
         <c> </c>
         <w xml:id="o5089-440920"
            n="203-a-0130"
            ecep:lem="by"
            ecep:pos="p-acp"
            ecep:reg="By"
            ecep:spe="By"
            ecep:syllab="1"
            ecep:pron="baɪ">By</w>
         <c> </c>
         <w xml:id="o5089-440930"
            n="203-a-0140"
            ecep:lem="thou"
            ecep:pos="pno21"
            ecep:reg="thee"
            ecep:spe="thee"
            ecep:syllab="1"
            ecep:pron="ðiː">thee</w>
         <c> </c>
         <w xml:id="o5089-440940"
            n="203-a-0150"
            ecep:lem="more"
            ecep:pos="av-dc"
            ecep:reg="more"
            ecep:spe="more"
            ecep:syllab="1"
            ecep:pron="mɔː">more</w>
         <c> </c>
         <w xml:id="o5089-440950"
            n="203-a-0160"
            ecep:lem="sweet"
            ecep:pos="av-j"
            ecep:reg="sweetly"
            ecep:spe="sweetly"
            ecep:syllab="2"
            ecep:pron="ˈswiːtli">sweetly</w>
         <c> </c>
         <w xml:id="o5089-440960"
            n="203-a-0170"
            ecep:lem="smell"
            ecep:pos="vvz"
            ecep:reg="smells"
            ecep:spe="smells"
            ecep:syllab="1"
            ecep:pron="smelz">smells</w>
         <c> </c>
         <w xml:id="o5089-440970"
            n="203-a-0180"
            ecep:lem="the"
            ecep:pos="dt"
            ecep:reg="the"
            ecep:spe="the"
            ecep:syllab="1"
            ecep:pron="ðiː">the</w>
         <c> </c>
         <w xml:id="o5089-440980"
            n="203-a-0190"
            ecep:lem="rose"
            ecep:pos="n1"
            ecep:reg="rose"
            ecep:spe="rose"
            ecep:syllab="1"
            ecep:pron="rəʊz">rose</w>
         <pc xml:id="o5089-440990"
             n="203-a-0200"
             ecep:lem=","
             ecep:pos=","
             ecep:reg=","
             ecep:spe=",">,</pc>
      </l>
      <l xml:id="o5089-l23855">
         <c> </c>
         <w xml:id="o5089-441000"
            n="203-a-0210"
            ecep:lem="and"
            ecep:pos="cc"
            ecep:reg="And"
            ecep:spe="And"
            ecep:syllab="1"
            ecep:pron="ænd">And</w>
         <c> </c>
         <w xml:id="o5089-441010"
            n="203-a-0220"
            ecep:lem="boast"
            ecep:pos="vvz"
            ecep:reg="boasts"
            ecep:spe="boasts"
            ecep:syllab="1"
            ecep:pron="bəʊsts">boasts</w>
         <c> </c>
         <w xml:id="o5089-441020"
            n="203-a-0230"
            ecep:lem="a"
            ecep:pos="dt"
            ecep:reg="a"
            ecep:spe="a"
            ecep:syllab="1"
            ecep:pron="ə">a</w>
         <c> </c>
         <w xml:id="o5089-441030"
            n="203-a-0240"
            ecep:lem="bright"
            ecep:pos="jc"
            ecep:reg="brighter"
            ecep:spe="brighter"
            ecep:syllab="2"
            ecep:pron="ˈbraɪtə">brighter</w>
         <c> </c>
         <w xml:id="o5089-441040"
            n="203-a-0250"
            ecep:lem="dye"
            ecep:pos="n1"
            ecep:reg="die"
            ecep:spe="dye"
            ecep:syllab="1"
            ecep:pron="daɪ">dye</w>
         <pc xml:id="o5089-441050"
             n="203-a-0260"
             unit="sentence"
             ecep:lem="."
             ecep:pos="."
             ecep:reg="."
             ecep:spe=".">.</pc>
         <c> </c>
      </l>
   </lg>
   <lg xml:id="o5089-s02875">
      <l xml:id="o5089-l23860">
         <w xml:id="o5089-441080"
            n="203-a-0270"
            ecep:lem="by"
            ecep:pos="p-acp"
            ecep:reg="By"
            ecep:spe="By"
            ecep:syllab="1"
            ecep:pron="baɪ">By</w>
         <c> </c>
         <w xml:id="o5089-441090"
            n="203-a-0280"
            ecep:lem="thou"
            ecep:pos="pno21"
            ecep:reg="thee"
            ecep:spe="thee"
            ecep:syllab="1"
            ecep:pron="ðiː">thee</w>
         <c> </c>
         <w xml:id="o5089-441100"
            n="203-a-0290"
            ecep:lem="i"
            ecep:pos="pns11"
            ecep:reg="I"
            ecep:spe="I"
            ecep:syllab="1"
            ecep:pron="aɪ">I</w>
         <c> </c>
         <w xml:id="o5089-441110"
            n="203-a-0300"
            ecep:lem="taste"
            ecep:pos="vvb"
            ecep:reg="taste"
            ecep:spe="taste"
            ecep:syllab="1"
            ecep:pron="teɪst">taste</w>
         <c> </c>
         <w xml:id="o5089-441120"
            n="203-a-0310"
            ecep:lem="the"
            ecep:pos="dt"
            ecep:reg="the"
            ecep:spe="the"
            ecep:syllab="1"
            ecep:pron="ðiː">the</w>
         <c> </c>
         <w xml:id="o5089-441130"
            n="203-a-0320"
            ecep:lem="luscious"
            ecep:pos="j"
            ecep:reg="luscious"
            ecep:spe="luscious"
            ecep:syllab="2"
            ecep:pron="ˈlʌʃəs">luscious</w>
         <c> </c>
         <w xml:id="o5089-441140"
            n="203-a-0330"
            ecep:lem="sweet"
            ecep:pos="n2-j"
            ecep:reg="sweets"
            ecep:spe="sweets"
            ecep:syllab="1"
            ecep:pron="swiːts">sweets</w>
      </l>
      <l xml:id="o5089-l23865">
         <c> </c>
         <w xml:id="o5089-441150"
            n="203-a-0340"
            ecep:lem="of"
            ecep:pos="pp-f"
            ecep:reg="Of"
            ecep:spe="Of"
            ecep:syllab="1"
            ecep:pron="ɒv">Of</w>
         <c> </c>
         <w xml:id="o5089-441160"
            n="203-a-0350"
            ecep:lem="cloe"
            ecep:pos="npg1"
            ecep:reg="Cloe's"
            ecep:spe="Cloe's"
            ecep:syllab="1"
            ecep:pron="klˈəʊiz">Cloe's</w>
         <c> </c>
         <w xml:id="o5089-441170"
            n="203-a-0360"
            ecep:lem="nectar"
            ecep:pos="j-vvn"
            ecep:reg="nectared"
            ecep:spe="nectar'd"
            ecep:syllab="2"
            ecep:pron="ˈnektəd">nectar'd</w>
         <c> </c>
         <w xml:id="o5089-441180"
            n="203-a-0370"
            ecep:lem="kiss"
            ecep:pos="n1"
            ecep:reg="kiss"
            ecep:spe="kiss"
            ecep:syllab="1"
            ecep:pron="kɪs">kiss</w>
         <pc xml:id="o5089-441190"
             n="203-a-0380"
             ecep:lem=","
             ecep:pos=","
             ecep:reg=","
             ecep:spe=",">,</pc>
      </l>
      <l xml:id="o5089-l23870">
         <c> </c>
         <w xml:id="o5089-441200"
            n="203-a-0390"
            ecep:lem="by"
            ecep:pos="p-acp"
            ecep:reg="By"
            ecep:spe="By"
            ecep:syllab="1"
            ecep:pron="baɪ">By</w>
         <c> </c>
         <w xml:id="o5089-441210"
            n="203-a-0400"
            ecep:lem="thou"
            ecep:pos="pno21"
            ecep:reg="thee"
            ecep:spe="thee"
            ecep:syllab="1"
            ecep:pron="ðiː">thee</w>
         <c> </c>
         <w xml:id="o5089-441220"
            n="203-a-0410"
            ecep:lem="i"
            ecep:pos="pns11"
            ecep:reg="I"
            ecep:spe="I"
            ecep:syllab="1"
            ecep:pron="aɪ">I</w>
         <c> </c>
         <w xml:id="o5089-441230"
            n="203-a-0420"
            ecep:lem="laugh"
            ecep:pos="vvb"
            ecep:reg="laugh"
            ecep:spe="laugh"
            ecep:syllab="1"
            ecep:pron="lɑːf">laugh</w>
         <pc xml:id="o5089-441240"
             n="203-a-0430"
             ecep:lem=","
             ecep:pos=","
             ecep:reg=","
             ecep:spe=",">,</pc>
         <c> </c>
         <w xml:id="o5089-441250"
            n="203-a-0440"
            ecep:lem="or"
            ecep:pos="cc"
            ecep:reg="or"
            ecep:spe="or"
            ecep:syllab="1"
            ecep:pron="ɔː">or</w>
         <c> </c>
         <w xml:id="o5089-441260"
            n="203-a-0450"
            ecep:lem="cheerful"
            ecep:pos="j"
            ecep:reg="cheerful"
            ecep:spe="cheerful"
            ecep:syllab="2"
            ecep:pron="ˈtʃɪəfl">cheerful</w>
         <c> </c>
         <w xml:id="o5089-441270"
            n="203-a-0460"
            ecep:lem="sing"
            ecep:pos="vvi"
            ecep:reg="sing"
            ecep:spe="sing"
            ecep:syllab="1"
            ecep:pron="sɪŋ">sing</w>
         <pc xml:id="o5089-441280"
             n="203-a-0470"
             ecep:lem=","
             ecep:pos=","
             ecep:reg=","
             ecep:spe=",">,</pc>
      </l>
      <l xml:id="o5089-l23875">
         <c> </c>
         <w xml:id="o5089-441290"
            n="203-a-0480"
            ecep:lem="and"
            ecep:pos="cc"
            ecep:reg="And"
            ecep:spe="And"
            ecep:syllab="1"
            ecep:pron="ænd">And</w>
         <c> </c>
         <w xml:id="o5089-441300"
            n="203-a-0490"
            ecep:lem="seize"
            ecep:pos="vvi"
            ecep:reg="seize"
            ecep:spe="seize"
            ecep:syllab="1"
            ecep:pron="siːz">seize</w>
         <c> </c>
         <w xml:id="o5089-441310"
            n="203-a-0500"
            ecep:lem="each"
            ecep:pos="d"
            ecep:reg="each"
            ecep:spe="each"
            ecep:syllab="1"
            ecep:pron="iːtʃ">each</w>
         <c> </c>
         <w xml:id="o5089-441320"
            n="203-a-0510"
            ecep:lem="transient"
            ecep:pos="j"
            ecep:reg="transient"
            ecep:spe="transient"
            ecep:syllab="2"
            ecep:pron="ˈtrænziənt">transient</w>
         <c> </c>
         <w xml:id="o5089-441330"
            n="203-a-0520"
            ecep:lem="bliss"
            ecep:pos="n1"
            ecep:reg="bliss"
            ecep:spe="bliss"
            ecep:syllab="1"
            ecep:pron="blɪs">bliss</w>
         <pc xml:id="o5089-441340"
             n="203-a-0530"
             unit="sentence"
             ecep:lem="."
             ecep:pos="."
             ecep:reg="."
             ecep:spe=".">.</pc>
         <c> </c>
      </l>
   </lg>
   <lg xml:id="o5089-s02880">
      <l xml:id="o5089-l23880">
         <w xml:id="o5089-441370"
            n="203-a-0540"
            ecep:lem="when"
            ecep:pos="c-crq"
            ecep:reg="When"
            ecep:spe="When"
            ecep:syllab="1"
            ecep:pron="wen">When</w>
         <c> </c>
         <w xml:id="o5089-441380"
            n="203-a-0550"
            ecep:lem="cloe"
            ecep:pos="np1"
            ecep:reg="Cloe"
            ecep:spe="Cloe"
            ecep:syllab="1"
            ecep:pron="klˈəʊi">Cloe</w>
         <c> </c>
         <w xml:id="o5089-441390"
            n="203-a-0560"
            ecep:lem="tune"
            ecep:pos="n2"
            ecep:reg="tunes"
            ecep:spe="tunes"
            ecep:syllab="1"
            ecep:pron="tjuːnz">tunes</w>
         <c> </c>
         <w xml:id="o5089-441400"
            n="203-a-0570"
            ecep:lem="her"
            ecep:pos="po31"
            ecep:reg="her"
            ecep:spe="her"
            ecep:syllab="1"
            ecep:pron="hɜː">her</w>
         <c> </c>
         <w xml:id="o5089-441410"
            n="203-a-0580"
            ecep:lem="liquid"
            ecep:pos="j-jn"
            ecep:reg="liquid"
            ecep:spe="liquid"
            ecep:syllab="2"
            ecep:pron="ˈlɪkwɪd">liquid</w>
         <c> </c>
         <w xml:id="o5089-441420"
            n="203-a-0590"
            ecep:lem="voice"
            ecep:pos="n1"
            ecep:reg="voice"
            ecep:spe="voice"
            ecep:syllab="1"
            ecep:pron="vɔɪs">voice</w>
         <pc xml:id="o5089-441430"
             n="203-a-0600"
             ecep:lem=","
             ecep:pos=","
             ecep:reg=","
             ecep:spe=",">,</pc>
      </l>
      <l xml:id="o5089-l23885">
         <c> </c>
         <w xml:id="o5089-441440"
            n="203-a-0610"
            ecep:lem="or"
            ecep:pos="cc"
            ecep:reg="Or"
            ecep:spe="Or"
            ecep:syllab="1"
            ecep:pron="ɔː">Or</w>
         <c> </c>
         <w xml:id="o5089-441450"
            n="203-a-0620"
            ecep:lem="try"
            ecep:pos="vvz"
            ecep:reg="tries"
            ecep:spe="tries"
            ecep:syllab="1"
            ecep:pron="traɪz">tries</w>
         <c> </c>
         <w xml:id="o5089-441460"
            n="203-a-0630"
            ecep:lem="soft"
            ecep:pos="j"
            ecep:reg="soft"
            ecep:spe="soft"
            ecep:syllab="1"
            ecep:pron="sɒft">soft</w>
         <c> </c>
         <w xml:id="o5089-441470"
            n="203-a-0640"
            ecep:lem="music"
            ecep:pos="ng1"
            ecep:reg="music's"
            ecep:spe="music's"
            ecep:syllab="2"
            ecep:pron="ˈmjuːzɪkz">music's</w>
         <c> </c>
         <w xml:id="o5089-441480"
            n="203-a-0650"
            ecep:lem="art"
            ecep:pos="n1"
            ecep:reg="art"
            ecep:spe="art"
            ecep:syllab="1"
            ecep:pron="ɑːt">art</w>
         <pc xml:id="o5089-441490"
             n="203-a-0660"
             ecep:lem=","
             ecep:pos=","
             ecep:reg=","
             ecep:spe=",">,</pc>
      </l>
      <l xml:id="o5089-l23890">
         <c> </c>
         <w xml:id="o5089-441500"
            n="203-a-0670"
            ecep:lem="by"
            ecep:pos="p-acp"
            ecep:reg="By"
            ecep:spe="By"
            ecep:syllab="1"
            ecep:pron="baɪ">By</w>
         <c> </c>
         <w xml:id="o5089-441510"
            n="203-a-0680"
            ecep:lem="thou"
            ecep:pos="pno21"
            ecep:reg="thee"
            ecep:spe="thee"
            ecep:syllab="1"
            ecep:pron="ðiː">thee</w>
         <c> </c>
         <w xml:id="o5089-441520"
            n="203-a-0690"
            ecep:lem="the"
            ecep:pos="dt"
            ecep:reg="the"
            ecep:spe="the"
            ecep:syllab="1"
            ecep:pron="ðiː">the</w>
         <c> </c>
         <w xml:id="o5089-441530"
            n="203-a-0700"
            ecep:lem="sound"
            ecep:pos="n2"
            ecep:reg="sounds"
            ecep:spe="sounds"
            ecep:syllab="1"
            ecep:pron="saʊndz">sounds</w>
         <c> </c>
         <w xml:id="o5089-441540"
            n="203-a-0710"
            ecep:lem="melodious"
            ecep:pos="j"
            ecep:reg="melodious"
            ecep:spe="melodious"
            ecep:syllab="4"
            ecep:pron="məˈləʊdiəs">melodious</w>
         <c> </c>
         <w xml:id="o5089-441550"
            n="203-a-0720"
            ecep:lem="pierce"
            ecep:pos="vvi"
            ecep:reg="pierce"
            ecep:spe="pierce"
            ecep:syllab="1"
            ecep:pron="pɪəs">pierce</w>
         <pc xml:id="o5089-441560"
             n="203-a-0730"
             ecep:lem=","
             ecep:pos=","
             ecep:reg=","
             ecep:spe=",">,</pc>
      </l>
      <l xml:id="o5089-l23895">
         <c> </c>
         <w xml:id="o5089-441570"
            n="203-a-0740"
            ecep:lem="like"
            ecep:pos="vvb"
            ecep:reg="Like"
            ecep:spe="Like"
            ecep:syllab="1"
            ecep:pron="laɪk">Like</w>
         <c> </c>
         <w xml:id="o5089-441580"
            n="203-a-0750"
            ecep:lem="lightning"
            ecep:pos="n1"
            ecep:reg="lightning"
            ecep:spe="lightning"
            ecep:syllab="2"
            ecep:pron="ˈlaɪtnɪŋ">lightning</w>
         <pc xml:id="o5089-441590"
             n="203-a-0760"
             ecep:lem=","
             ecep:pos=","
             ecep:reg=","
             ecep:spe=",">,</pc>
         <c> </c>
         <w xml:id="o5089-441600"
            n="203-a-0770"
            ecep:lem="to"
            ecep:pos="p-acp"
            ecep:reg="to"
            ecep:spe="to"
            ecep:syllab="1"
            ecep:pron="tuː">to</w>
         <c> </c>
         <w xml:id="o5089-441610"
            n="203-a-0780"
            ecep:lem="the"
            ecep:pos="dt"
            ecep:reg="the"
            ecep:spe="the"
            ecep:syllab="1"
            ecep:pron="ðiː">the</w>
         <c> </c>
         <w xml:id="o5089-441620"
            n="203-a-0790"
            ecep:lem="heart"
            ecep:pos="n1"
            ecep:reg="heart"
            ecep:spe="heart"
            ecep:syllab="1"
            ecep:pron="hɑːt">heart</w>
         <pc xml:id="o5089-441630"
             n="203-a-0800"
             unit="sentence"
             ecep:lem="."
             ecep:pos="."
             ecep:reg="."
             ecep:spe=".">.</pc>
         <c> </c>
      </l>
   </lg>
   <lg xml:id="o5089-s02885">
      <l xml:id="o5089-l23900">
         <w xml:id="o5089-441660"
            n="203-a-0810"
            ecep:lem="by"
            ecep:pos="p-acp"
            ecep:reg="By"
            ecep:spe="By"
            ecep:syllab="1"
            ecep:pron="baɪ">By</w>
         <c> </c>
         <w xml:id="o5089-441670"
            n="203-a-0820"
            ecep:lem="thou"
            ecep:pos="pno21"
            ecep:reg="thee"
            ecep:spe="thee"
            ecep:syllab="1"
            ecep:pron="ðiː">thee</w>
         <c> </c>
         <w xml:id="o5089-441680"
            n="203-a-0830"
            ecep:lem="the"
            ecep:pos="dt"
            ecep:reg="the"
            ecep:spe="the"
            ecep:syllab="1"
            ecep:pron="ðiː">the</w>
         <c> </c>
         <w xml:id="o5089-441690"
            n="203-a-0840"
            ecep:lem="poet"
            ecep:pos="ng1"
            ecep:reg="poet's"
            ecep:spe="poet's"
            ecep:syllab="2"
            ecep:pron="ˈpəʊɪts">poet's</w>
         <c> </c>
         <w xml:id="o5089-441700"
            n="203-a-0850"
            ecep:lem="charm"
            ecep:pos="j-vvg"
            ecep:reg="charming"
            ecep:spe="charming"
            ecep:syllab="2"
            ecep:pron="ˈtʃɑːmɪŋ">charming</w>
         <c> </c>
         <w xml:id="o5089-441710"
            n="203-a-0860"
            ecep:lem="lay"
            ecep:pos="n2"
            ecep:reg="lays"
            ecep:spe="lays"
            ecep:syllab="1"
            ecep:pron="leɪz">lays</w>
      </l>
      <l xml:id="o5089-l23905">
         <c> </c>
         <w xml:id="o5089-441720"
            n="203-a-0870"
            ecep:lem="our"
            ecep:pos="po12"
            ecep:reg="Our"
            ecep:spe="Our"
            ecep:syllab="1"
            ecep:pron="ˈaʊə">Our</w>
         <c> </c>
         <w xml:id="o5089-441730"
            n="203-a-0880"
            ecep:lem="various"
            ecep:pos="j"
            ecep:reg="various"
            ecep:spe="various"
            ecep:syllab="2"
            ecep:pron="ˈveəriəs">various</w>
         <c> </c>
         <w xml:id="o5089-441740"
            n="203-a-0890"
            ecep:lem="passion"
            ecep:pos="n2"
            ecep:reg="passions"
            ecep:spe="passions"
            ecep:syllab="2"
            ecep:pron="ˈpæʃnz">passions</w>
         <c> </c>
         <w xml:id="o5089-441750"
            n="203-a-0900"
            ecep:lem="move"
            ecep:pos="vvi"
            ecep:reg="move"
            ecep:spe="move"
            ecep:syllab="1"
            ecep:pron="muːv">move</w>
         <pc xml:id="o5089-441760"
             n="203-a-0910"
             ecep:lem=","
             ecep:pos=","
             ecep:reg=","
             ecep:spe=",">,</pc>
      </l>
      <l xml:id="o5089-l23910">
         <c> </c>
         <w xml:id="o5089-441770"
            n="203-a-0920"
            ecep:lem="now"
            ecep:pos="av"
            ecep:reg="Now"
            ecep:spe="Now"
            ecep:syllab="1"
            ecep:pron="naʊ">Now</w>
         <c> </c>
         <w xml:id="o5089-441780"
            n="203-a-0930"
            ecep:lem="fire"
            ecep:pos="vvb"
            ecep:reg="fire"
            ecep:spe="fire"
            ecep:syllab="1"
            ecep:pron="ˈfaɪə">fire</w>
         <c> </c>
         <w xml:id="o5089-441790"
            n="203-a-0940"
            ecep:lem="the"
            ecep:pos="dt"
            ecep:reg="the"
            ecep:spe="the"
            ecep:syllab="1"
            ecep:pron="ðiː">the</w>
         <c> </c>
         <w xml:id="o5089-441800"
            n="203-a-0950"
            ecep:lem="soul"
            ecep:pos="n1"
            ecep:reg="soul"
            ecep:spe="soul"
            ecep:syllab="1"
            ecep:pron="səʊl">soul</w>
         <c> </c>
         <w xml:id="o5089-441810"
            n="203-a-0960"
            ecep:lem="with"
            ecep:pos="p-acp"
            ecep:reg="with"
            ecep:spe="with"
            ecep:syllab="1"
            ecep:pron="wɪð">with</w>
         <c> </c>
         <w xml:id="o5089-441820"
            n="203-a-0970"
            ecep:lem="rage"
            ecep:pos="n1"
            ecep:reg="rage"
            ecep:spe="rage"
            ecep:syllab="1"
            ecep:pron="reɪdʒ">rage</w>
         <pc xml:id="o5089-441830"
             n="203-a-0980"
             ecep:lem=","
             ecep:pos=","
             ecep:reg=","
             ecep:spe=",">,</pc>
         <c> </c>
         <w xml:id="o5089-441840"
            n="203-a-0990"
            ecep:lem="or"
            ecep:pos="cc"
            ecep:reg="or"
            ecep:spe="or"
            ecep:syllab="1"
            ecep:pron="ɔː">or</w>
         <c> </c>
         <w xml:id="o5089-441850"
            n="203-a-1000"
            ecep:lem="melt"
            ecep:pos="vvb"
            ecep:reg="melt"
            ecep:spe="melt"
            ecep:syllab="1"
            ecep:pron="melt">melt</w>
      </l>
      <l xml:id="o5089-l23915">
         <c> </c>
         <w xml:id="o5089-441860"
            n="203-a-1010"
            ecep:lem="to"
            ecep:pos="pc-acp"
            ecep:reg="To"
            ecep:spe="To"
            ecep:syllab="1"
            ecep:pron="tuː">To</w>
         <c> </c>
         <w xml:id="o5089-441870"
            n="203-a-1020"
            ecep:lem="pity"
            ecep:pos="vvi"
            ecep:reg="pity"
            ecep:spe="pity"
            ecep:syllab="2"
            ecep:pron="ˈpɪti">pity</w>
         <pc xml:id="o5089-441880"
             n="203-a-1030"
             ecep:lem=","
             ecep:pos=","
             ecep:reg=","
             ecep:spe=",">,</pc>
         <c> </c>
         <w xml:id="o5089-441890"
            n="203-a-1040"
            ecep:lem="or"
            ecep:pos="cc"
            ecep:reg="or"
            ecep:spe="or"
            ecep:syllab="1"
            ecep:pron="ɔː">or</w>
         <c> </c>
         <w xml:id="o5089-441900"
            n="203-a-1050"
            ecep:lem="to"
            ecep:pos="pc-acp"
            ecep:reg="to"
            ecep:spe="to"
            ecep:syllab="1"
            ecep:pron="tuː">to</w>
         <c> </c>
         <w xml:id="o5089-441910"
            n="203-a-1060"
            ecep:lem="love"
            ecep:pos="vvi"
            ecep:reg="love"
            ecep:spe="love"
            ecep:syllab="1"
            ecep:pron="lʌv">love</w>
         <pc xml:id="o5089-441920"
             n="203-a-1070"
             unit="sentence"
             ecep:lem="."
             ecep:pos="."
             ecep:reg="."
             ecep:spe=".">.</pc>
         <c> </c>
      </l>
   </lg>
   <lg xml:id="o5089-s02890">
      <l xml:id="o5089-l23920">
         <w xml:id="o5089-441950"
            n="203-a-1080"
            ecep:lem="by"
            ecep:pos="p-acp"
            ecep:reg="By"
            ecep:spe="By"
            ecep:syllab="1"
            ecep:pron="baɪ">By</w>
         <c> </c>
         <w xml:id="o5089-441960"
            n="203-a-1090"
            ecep:lem="thou"
            ecep:pos="pno21"
            ecep:reg="thee"
            ecep:spe="thee"
            ecep:syllab="1"
            ecep:pron="ðiː">thee</w>
         <c> </c>
         <w xml:id="o5089-441970"
            n="203-a-1100"
            ecep:lem="the"
            ecep:pos="dt"
            ecep:reg="the"
            ecep:spe="the"
            ecep:syllab="1"
            ecep:pron="ðiː">the</w>
         <c> </c>
         <w xml:id="o5089-441980"
            n="203-a-1110"
            ecep:lem="scientific"
            ecep:pos="j"
            ecep:reg="scientific"
            ecep:spe="scientific"
            ecep:syllab="4"
            ecep:pron="ˌsaɪənˈtɪfɪk">scientific</w>
         <c> </c>
         <w xml:id="o5089-441990"
            n="203-a-1120"
            ecep:lem="page"
            ecep:pos="n1"
            ecep:reg="page"
            ecep:spe="page"
            ecep:syllab="1"
            ecep:pron="peɪdʒ">page</w>
      </l>
      <l xml:id="o5089-l23925">
         <c> </c>
         <w xml:id="o5089-442000"
            n="203-a-1130"
            ecep:lem="the"
            ecep:pos="dt"
            ecep:reg="The"
            ecep:spe="The"
            ecep:syllab="1"
            ecep:pron="ðiː">The</w>
         <c> </c>
         <w xml:id="o5089-442010"
            n="203-a-1140"
            ecep:lem="scholar"
            ecep:pos="ng1"
            ecep:reg="scholar's"
            ecep:spe="scholar's"
            ecep:syllab="2"
            ecep:pron="ˈskɒləz">scholar's</w>
         <c> </c>
         <w xml:id="o5089-442020"
            n="203-a-1150"
            ecep:lem="eye"
            ecep:pos="n1"
            ecep:reg="eye"
            ecep:spe="eye"
            ecep:syllab="1"
            ecep:pron="aɪ">eye</w>
         <c> </c>
         <w xml:id="o5089-442030"
            n="203-a-1160"
            ecep:lem="delight"
            ecep:pos="vvz"
            ecep:reg="delights"
            ecep:spe="delights"
            ecep:syllab="2"
            ecep:pron="diˈlaɪts">delights</w>
         <pc xml:id="o5089-442040"
             n="203-a-1170"
             ecep:lem=","
             ecep:pos=","
             ecep:reg=","
             ecep:spe=",">,</pc>
      </l>
      <l xml:id="o5089-l23930">
         <c> </c>
         <w xml:id="o5089-442050"
            n="203-a-1180"
            ecep:lem="by"
            ecep:pos="p-acp"
            ecep:reg="By"
            ecep:spe="By"
            ecep:syllab="1"
            ecep:pron="baɪ">By</w>
         <c> </c>
         <w xml:id="o5089-442060"
            n="203-a-1190"
            ecep:lem="thou"
            ecep:pos="pno21"
            ecep:reg="thee"
            ecep:spe="thee"
            ecep:syllab="1"
            ecep:pron="ðiː">thee</w>
         <c> </c>
         <w xml:id="o5089-442070"
            n="203-a-1200"
            ecep:lem="he"
            ecep:pos="pns31"
            ecep:reg="he"
            ecep:spe="he"
            ecep:syllab="1"
            ecep:pron="hiː">he</w>
         <c> </c>
         <w xml:id="o5089-442080"
            n="203-a-1210"
            ecep:lem="share"
            ecep:pos="vvz"
            ecep:reg="shares"
            ecep:spe="shares"
            ecep:syllab="1"
            ecep:pron="ʃeəz">shares</w>
         <c> </c>
         <w xml:id="o5089-442090"
            n="203-a-1220"
            ecep:lem="the"
            ecep:pos="dt"
            ecep:reg="the"
            ecep:spe="the"
            ecep:syllab="1"
            ecep:pron="ðiː">the</w>
         <c> </c>
         <w xml:id="o5089-442100"
            n="203-a-1230"
            ecep:lem="feast"
            ecep:pos="n1"
            ecep:reg="feast"
            ecep:spe="feast"
            ecep:syllab="1"
            ecep:pron="fiːst">feast</w>
         <c> </c>
         <w xml:id="o5089-442110"
            n="203-a-1240"
            ecep:lem="of"
            ecep:pos="pp-f"
            ecep:reg="of"
            ecep:spe="of"
            ecep:syllab="1"
            ecep:pron="ɒv">of</w>
         <c> </c>
         <w xml:id="o5089-442120"
            n="203-a-1250"
            ecep:lem="wit"
            ecep:pos="n1"
            ecep:reg="wit"
            ecep:spe="wit"
            ecep:syllab="1"
            ecep:pron="wɪt">wit</w>
         <pc xml:id="o5089-442130"
             n="203-a-1260"
             ecep:lem=","
             ecep:pos=","
             ecep:reg=","
             ecep:spe=",">,</pc>
      </l>
      <l xml:id="o5089-l23935">
         <c> </c>
         <w xml:id="o5089-442140"
            n="203-a-1270"
            ecep:lem="or"
            ecep:pos="cc"
            ecep:reg="Or"
            ecep:spe="Or"
            ecep:syllab="1"
            ecep:pron="ɔː">Or</w>
         <c> </c>
         <w xml:id="o5089-442150"
            n="203-a-1280"
            ecep:lem="wit"
            ecep:pos="n1"
            ecep:reg="wit"
            ecep:spe="wit"
            ecep:syllab="1"
            ecep:pron="wɪt">wit</w>
         <c> </c>
         <w xml:id="o5089-442160"
            n="203-a-1290"
            ecep:lem="himself"
            ecep:pos="px31"
            ecep:reg="himself"
            ecep:spe="himself"
            ecep:syllab="2"
            ecep:pron="hɪmˈself">himself</w>
         <c> </c>
         <w xml:id="o5089-442170"
            n="203-a-1300"
            ecep:lem="indite"
            ecep:pos="vvz"
            ecep:reg="indites"
            ecep:spe="indites"
            ecep:syllab="3"
            ecep:pron="ɪnˈdaɪts">indites</w>
         <pc xml:id="o5089-442180"
             n="203-a-1310"
             unit="sentence"
             ecep:lem="."
             ecep:pos="."
             ecep:reg="."
             ecep:spe=".">.</pc>
         <c> </c>
      </l>
   </lg>
   <lg xml:id="o5089-s02895">
      <l xml:id="o5089-l23940">
         <w xml:id="o5089-442210"
            n="203-a-1320"
            ecep:lem="with"
            ecep:pos="p-acp"
            ecep:reg="With"
            ecep:spe="With"
            ecep:syllab="1"
            ecep:pron="wɪð">With</w>
         <c> </c>
         <w xml:id="o5089-442220"
            n="203-a-1330"
            ecep:lem="thou"
            ecep:pos="pno21"
            ecep:reg="thee"
            ecep:spe="thee"
            ecep:syllab="1"
            ecep:pron="ðiː">thee</w>
         <c> </c>
         <w xml:id="o5089-442230"
            n="203-a-1340"
            ecep:lem="we"
            ecep:pos="pns12"
            ecep:reg="we"
            ecep:spe="we"
            ecep:syllab="1"
            ecep:pron="wiː">we</w>
         <c> </c>
         <w xml:id="o5089-442240"
            n="203-a-1350"
            ecep:lem="taste"
            ecep:pos="vvi"
            ecep:reg="taste"
            ecep:spe="taste"
            ecep:syllab="1"
            ecep:pron="teɪst">taste</w>
         <c> </c>
         <w xml:id="o5089-442250"
            n="203-a-1360"
            ecep:lem="the"
            ecep:pos="dt"
            ecep:reg="the"
            ecep:spe="the"
            ecep:syllab="1"
            ecep:pron="ðiː">the</w>
         <c> </c>
         <w xml:id="o5089-442260"
            n="203-a-1370"
            ecep:lem="joy"
            ecep:pos="n2"
            ecep:reg="joys"
            ecep:spe="joys"
            ecep:syllab="1"
            ecep:pron="dʒɔɪz">joys</w>
         <c> </c>
         <w xml:id="o5089-442270"
            n="203-a-1380"
            ecep:lem="of"
            ecep:pos="pp-f"
            ecep:reg="of"
            ecep:spe="of"
            ecep:syllab="1"
            ecep:pron="ɒv">of</w>
         <c> </c>
         <w xml:id="o5089-442280"
            n="203-a-1390"
            ecep:lem="wine"
            ecep:pos="n1"
            ecep:reg="wine"
            ecep:spe="wine"
            ecep:syllab="1"
            ecep:pron="waɪn">wine</w>
         <pc xml:id="o5089-442290"
             n="203-a-1400"
             ecep:lem=","
             ecep:pos=","
             ecep:reg=","
             ecep:spe=",">,</pc>
      </l>
      <l xml:id="o5089-l23945">
         <c> </c>
         <w xml:id="o5089-442300"
            n="203-a-1410"
            ecep:lem="of"
            ecep:pos="pp-f"
            ecep:reg="Of"
            ecep:spe="Of"
            ecep:syllab="1"
            ecep:pron="ɒv">Of</w>
         <c> </c>
         <w xml:id="o5089-442310"
            n="203-a-1420"
            ecep:lem="friendship"
            ecep:pos="n1"
            ecep:reg="friendship"
            ecep:spe="friendship"
            ecep:syllab="2"
            ecep:pron="ˈfrendʃɪp">friendship</w>
         <pc xml:id="o5089-442320"
             n="203-a-1430"
             ecep:lem=","
             ecep:pos=","
             ecep:reg=","
             ecep:spe=",">,</pc>
         <c> </c>
         <w xml:id="o5089-442330"
            n="203-a-1440"
            ecep:lem="and"
            ecep:pos="cc"
            ecep:reg="and"
            ecep:spe="and"
            ecep:syllab="1"
            ecep:pron="ænd">and</w>
         <c> </c>
         <w xml:id="o5089-442340"
            n="203-a-1450"
            ecep:lem="of"
            ecep:pos="pp-f"
            ecep:reg="of"
            ecep:spe="of"
            ecep:syllab="1"
            ecep:pron="ɒv">of</w>
         <c> </c>
         <w xml:id="o5089-442350"
            n="203-a-1460"
            ecep:lem="love"
            ecep:pos="n1"
            ecep:reg="love"
            ecep:spe="love"
            ecep:syllab="1"
            ecep:pron="lʌv">love</w>
         <pc xml:id="o5089-442360"
             n="203-a-1470"
             ecep:lem=","
             ecep:pos=","
             ecep:reg=","
             ecep:spe=",">,</pc>
      </l>
      <l xml:id="o5089-l23950">
         <c> </c>
         <w xml:id="o5089-442370"
            n="203-a-1480"
            ecep:lem="when"
            ecep:pos="c-crq"
            ecep:reg="When"
            ecep:spe="When"
            ecep:syllab="1"
            ecep:pron="wen">When</w>
         <c> </c>
         <w xml:id="o5089-442380"
            n="203-a-1490"
            ecep:lem="thou"
            ecep:pos="pns21"
            ecep:reg="thou"
            ecep:spe="thou"
            ecep:syllab="1"
            ecep:pron="θaʊ">thou</w>
         <c> </c>
         <w xml:id="o5089-442390"
            n="203-a-1500"
            ecep:lem="be"
            ecep:pos="vb2r"
            ecep:reg="art"
            ecep:spe="art"
            ecep:syllab="1"
            ecep:pron="ɑːt">art</w>
         <c> </c>
         <w xml:id="o5089-442400"
            n="203-a-1510"
            ecep:lem="go"
            ecep:pos="vvn"
            ecep:reg="gone"
            ecep:spe="gone"
            ecep:syllab="1"
            ecep:pron="gɒn">gone</w>
         <c> </c>
         <w xml:id="o5089-442410"
            n="203-a-1520"
            ecep:lem="we"
            ecep:pos="pns12"
            ecep:reg="we"
            ecep:spe="we"
            ecep:syllab="1"
            ecep:pron="wiː">we</w>
         <c> </c>
         <w xml:id="o5089-442420"
            n="203-a-1530"
            ecep:lem="lonely"
            ecep:pos="j"
            ecep:reg="lonely"
            ecep:spe="lonely"
            ecep:syllab="2"
            ecep:pron="ˈləʊnli">lonely</w>
         <c> </c>
         <w xml:id="o5089-442430"
            n="203-a-1540"
            ecep:lem="pine"
            ecep:pos="n1"
            ecep:reg="pine"
            ecep:spe="pine"
            ecep:syllab="1"
            ecep:pron="paɪn">pine</w>
         <pc xml:id="o5089-442440"
             n="203-a-1550"
             ecep:lem=","
             ecep:pos=","
             ecep:reg=","
             ecep:spe=",">,</pc>
      </l>
      <l xml:id="o5089-l23955">
         <c> </c>
         <w xml:id="o5089-442450"
            n="203-a-1560"
            ecep:lem="or"
            ecep:pos="cc"
            ecep:reg="Or"
            ecep:spe="Or"
            ecep:syllab="1"
            ecep:pron="ɔː">Or</w>
         <c> </c>
         <w xml:id="o5089-442460"
            n="203-a-1570"
            ecep:lem="melancholic"
            ecep:pos="j"
            ecep:reg="melancholic"
            ecep:spe="melancholic"
            ecep:syllab="4"
            ecep:pron="ˌmelənˈkɒlɪk">melancholic</w>
         <c> </c>
         <w xml:id="o5089-442470"
            n="203-a-1580"
            ecep:lem="rove"
            ecep:pos="vvb"
            ecep:reg="rove"
            ecep:spe="rove"
            ecep:syllab="1"
            ecep:pron="rəʊv">rove</w>
         <pc xml:id="o5089-442480"
             n="203-a-1590"
             unit="sentence"
             ecep:lem="."
             ecep:pos="."
             ecep:reg="."
             ecep:spe=".">.</pc>
         <c> </c>
      </l>
   </lg>
</div>
