<?xml version="1.0" encoding="UTF-8"?>
<?xml-model href="../tei_all.rnc" type="application/relax-ng-compact-syntax"?>
<TEI xmlns="http://www.tei-c.org/ns/1.0">
   <teiHeader>
      <fileDesc>
         <titleStmt>
            <title corresp="#txt_WillHe1759_w0024">SONNET TO MRS. BATES.</title>
            <author corresp="authors.xml#aut_WillHe1759">Helen Maria Williams</author>
            <respStmt>
               <name xml:id="AH">Alexander Huber</name>
               <resp>Editor</resp>
            </respStmt>
            <funder>
               <name type="institution" xml:id="BOD">Bodleian Libraries, University of Oxford</name>
               <address>
                  <addrLine>Broad Street</addrLine>
                  <addrLine>Oxford OX1 3BG</addrLine>
                  <addrLine>UK</addrLine>
               </address>
            </funder>
         </titleStmt>
         <publicationStmt>
            <publisher xml:id="ECPA">Eighteenth-Century Poetry Archive</publisher>
            <address>
               <addrLine>Taylor Institution Library</addrLine>
               <addrLine>St Giles'</addrLine>
               <addrLine>Oxford OX1 3NA</addrLine>
               <addrLine>UK</addrLine>
               <addrLine>
                  <email>info@eighteenthcenturypoetry.org</email>
               </addrLine>
               <addrLine>
                  <ref target="https://www.eighteenthcenturypoetry.org/">https://www.eighteenthcenturypoetry.org/</ref>
               </addrLine>
            </address>
            <pubPlace>Oxford</pubPlace>
            <availability status="restricted">
               <licence target="http://creativecommons.org/licenses/by-sa/3.0/">This work is licensed under a Creative Commons Attribution-ShareAlike 3.0 Unported License.</licence>
            </availability>
         </publicationStmt>
         <sourceDesc>
            <bibl>
               <author>Williams, Helen Maria, 1759-1827.</author>
               <title>Poems on various subjects: with introductory remarks on the present state of science and literature in France.</title>
               <pubPlace>London</pubPlace>
               <publisher>G. and W. B. Whittaker</publisher>
               <date>1823</date>
               <biblScope>p. 209.</biblScope>
               <extent/>
            </bibl>
         </sourceDesc>
      </fileDesc>
      <encodingDesc>
         <projectDesc>
            <p>This e-text is part of the Works section of the Eighteenth-Century Poetry Archive (ECPA).</p>
            <p>XML created for the Eighteenth-Century Poetry Archive (ECPA).</p>
         </projectDesc>
         <editorialDecl>
            <p>Typography, spelling, capitalization, and punctuation have been cautiously modernized. The source of the text is given and all significant
						editorial interventions have been recorded in textual notes. This  text has been edited to conform to the recommendations found 
						in Level 5 of the
						Best Practices for TEI in Libraries version 4.0.0.
					</p>
         </editorialDecl>
         <classDecl>
            <taxonomy xml:id="LCNAF">
               <bibl>Library of Congress Name Authority File (<abbr>LCNAF</abbr>)</bibl>
            </taxonomy>
         </classDecl>
         <tagsDecl>
            <rendition n="linegroups indented" xml:id="lgindent" scheme="css">text-indent: 1em;</rendition>
            <rendition n="linegroups vertically spaced" xml:id="lgvspace" scheme="css">margin-bottom: 1em;</rendition>
            <rendition n="aligned centrally" xml:id="align-center" scheme="css">text-align: center;</rendition>
            <rendition n="aligned right" xml:id="align-right" scheme="css">text-align: right;</rendition>
            <rendition n="aligned left" xml:id="align-left" scheme="css">text-align: left;</rendition>
            <rendition n="inline" xml:id="inline" scheme="css">display: inline</rendition>
            <rendition n="italic" xml:id="i" scheme="css">font-style: italic;</rendition>
            <rendition n="bold" xml:id="b" scheme="css">font-weight: bold;</rendition>
         </tagsDecl>
      </encodingDesc>
   </teiHeader>
   <text>
      <body>
         <div xmlns:ecep="http://www.eighteenthcenturypoetry.org/ns"
              ana="#iamb #pentameter #sonnet"
              corresp="#txt_WillHe1759_w0024"
              decls="#semi-normalized"
              ecep:syllab="10"
              met="-+|-+|-+|-+|-+/"
              rendition="#lgvspace"
              rhyme="ababcddcefefgg"
              subtype="eceptext"
              type="poem"
              xml:id="bhw18-w0240">
            <link target="authors.xml#aut_WillHe1759" type="author"/>
            <head type="main">
               <w xmlns:ecep="http://www.eighteenthcenturypoetry.org/ns"
                  xml:id="bhw18-387760"
                  n="a-0010"
                  ecep:lem="sonnet"
                  ecep:pos="n1"
                  ecep:reg="SONNET"
                  ecep:spe="SONNET"
                  ecep:syllab="2"
                  ecep:pron="ˈsɒnɪt">SONNET</w>
            </head>
            <head type="sub">
               <w xmlns:ecep="http://www.eighteenthcenturypoetry.org/ns"
                  xml:id="bhw18-387790"
                  n="a-0020"
                  ecep:lem="to"
                  ecep:pos="p-acp"
                  ecep:reg="TO"
                  ecep:spe="TO"
                  ecep:syllab="1"
                  ecep:pron="tuː">TO</w>
               <c> </c>
               <w xmlns:ecep="http://www.eighteenthcenturypoetry.org/ns"
                  xml:id="bhw18-387800"
                  n="a-0030"
                  ecep:lem="mrs."
                  ecep:pos="n1"
                  ecep:reg="MRS."
                  ecep:spe="MRS."
                  ecep:syllab="2"
                  ecep:pron="mɪsɪz">MRS.</w>
               <c> </c>
               <w xmlns:ecep="http://www.eighteenthcenturypoetry.org/ns"
                  xml:id="bhw18-387810"
                  n="a-0040"
                  ecep:lem="Bates"
                  ecep:pos="np1"
                  ecep:reg="BATES"
                  ecep:spe="BATES"
                  ecep:syllab="1"
                  ecep:pron="beɪts">BATES</w>
               <pc xmlns:ecep="http://www.eighteenthcenturypoetry.org/ns"
                   xml:id="bhw18-387820"
                   n="a-0050"
                   unit="sentence"
                   ecep:lem="."
                   ecep:pos="."
                   ecep:reg="."
                   ecep:spe=".">.</pc>
            </head>
            <lg xml:id="bhw18-s01410">
               <l rendition="#h_3" xml:id="bhw18-l16000">
                  <w xmlns:ecep="http://www.eighteenthcenturypoetry.org/ns"
                     xml:id="bhw18-387850"
                     n="a-0060"
                     ecep:lem="o"
                     ecep:pos="uh"
                     ecep:reg="OH"
                     ecep:spe="O"
                     ecep:syllab="1"
                     ecep:pron="əʊ">O</w>
                  <c> </c>
                  <hi rendition="#sc">
                     <w xmlns:ecep="http://www.eighteenthcenturypoetry.org/ns"
                        xml:id="bhw18-387860"
                        n="a-0070"
                        ecep:lem="thou"
                        ecep:pos="pns21"
                        ecep:reg="THOU"
                        ecep:spe="THOU"
                        ecep:syllab="1"
                        ecep:pron="θaʊ">THOU</w>
                  </hi>
                  <pc xmlns:ecep="http://www.eighteenthcenturypoetry.org/ns"
                      xml:id="bhw18-387870"
                      n="a-0080"
                      ecep:lem=","
                      ecep:pos=","
                      ecep:reg=","
                      ecep:spe=",">,</pc>
                  <c> </c>
                  <w xmlns:ecep="http://www.eighteenthcenturypoetry.org/ns"
                     xml:id="bhw18-387880"
                     n="a-0090"
                     ecep:lem="who"
                     ecep:pos="r-crq"
                     ecep:reg="whose"
                     ecep:spe="whose"
                     ecep:syllab="1"
                     ecep:pron="huːz">whose</w>
                  <c> </c>
                  <w xmlns:ecep="http://www.eighteenthcenturypoetry.org/ns"
                     xml:id="bhw18-387890"
                     n="a-0100"
                     ecep:lem="melody"
                     ecep:pos="n1"
                     ecep:reg="melody"
                     ecep:spe="melody"
                     ecep:syllab="3"
                     ecep:pron="ˈmelədi">melody</w>
                  <c> </c>
                  <w xmlns:ecep="http://www.eighteenthcenturypoetry.org/ns"
                     xml:id="bhw18-387900"
                     n="a-0110"
                     ecep:lem="the"
                     ecep:pos="dt"
                     ecep:reg="the"
                     ecep:spe="the"
                     ecep:syllab="1"
                     ecep:pron="ðiː">the</w>
                  <c> </c>
                  <w xmlns:ecep="http://www.eighteenthcenturypoetry.org/ns"
                     xml:id="bhw18-387910"
                     n="a-0120"
                     ecep:lem="heart"
                     ecep:pos="n1"
                     ecep:reg="heart"
                     ecep:spe="heart"
                     ecep:syllab="1"
                     ecep:pron="hɑːt">heart</w>
                  <c> </c>
                  <w xmlns:ecep="http://www.eighteenthcenturypoetry.org/ns"
                     xml:id="bhw18-387920"
                     n="a-0130"
                     ecep:lem="obey"
                     ecep:pos="vvz"
                     ecep:reg="obeys"
                     ecep:spe="obeys"
                     ecep:syllab="2"
                     ecep:pron="əˈbeɪz">obeys</w>
                  <pc xmlns:ecep="http://www.eighteenthcenturypoetry.org/ns"
                      xml:id="bhw18-387930"
                      n="a-0140"
                      ecep:lem=","
                      ecep:pos=","
                      ecep:reg=","
                      ecep:spe=",">,</pc>
               </l>
               <l xml:id="bhw18-l16005">
                  <c> </c>
                  <w xmlns:ecep="http://www.eighteenthcenturypoetry.org/ns"
                     xml:id="bhw18-387940"
                     n="a-0150"
                     ecep:lem="thou"
                     ecep:pos="pns21"
                     ecep:reg="Thou"
                     ecep:spe="Thou"
                     ecep:syllab="1"
                     ecep:pron="θaʊ">Thou</w>
                  <pc xmlns:ecep="http://www.eighteenthcenturypoetry.org/ns"
                      xml:id="bhw18-387950"
                      n="a-0160"
                      ecep:lem=","
                      ecep:pos=","
                      ecep:reg=","
                      ecep:spe=",">,</pc>
                  <c> </c>
                  <w xmlns:ecep="http://www.eighteenthcenturypoetry.org/ns"
                     xml:id="bhw18-387960"
                     n="a-0170"
                     ecep:lem="who"
                     ecep:pos="q-crq"
                     ecep:reg="who"
                     ecep:spe="who"
                     ecep:syllab="1"
                     ecep:pron="huː">who</w>
                  <c> </c>
                  <w xmlns:ecep="http://www.eighteenthcenturypoetry.org/ns"
                     xml:id="bhw18-387970"
                     n="a-0180"
                     ecep:lem="can"
                     ecep:pos="vm2"
                     ecep:reg="canst"
                     ecep:spe="can'st"
                     ecep:syllab="1"
                     ecep:pron="kænst">can'st</w>
                  <c> </c>
                  <w xmlns:ecep="http://www.eighteenthcenturypoetry.org/ns"
                     xml:id="bhw18-387980"
                     n="a-0190"
                     ecep:lem="all"
                     ecep:pos="d"
                     ecep:reg="all"
                     ecep:spe="all"
                     ecep:syllab="1"
                     ecep:pron="ɔːl">all</w>
                  <c> </c>
                  <w xmlns:ecep="http://www.eighteenthcenturypoetry.org/ns"
                     xml:id="bhw18-387990"
                     n="a-0200"
                     ecep:lem="its"
                     ecep:pos="po31"
                     ecep:reg="its"
                     ecep:spe="its"
                     ecep:syllab="1"
                     ecep:pron="ɪts">its</w>
                  <c> </c>
                  <w xmlns:ecep="http://www.eighteenthcenturypoetry.org/ns"
                     xml:id="bhw18-388000"
                     n="a-0210"
                     ecep:lem="subject"
                     ecep:pos="j-jn"
                     ecep:reg="subject"
                     ecep:spe="subject"
                     ecep:syllab="2"
                     ecep:pron="ˈsʌbdʒɪkt">subject</w>
                  <c> </c>
                  <w xmlns:ecep="http://www.eighteenthcenturypoetry.org/ns"
                     xml:id="bhw18-388010"
                     n="a-0220"
                     ecep:lem="passion"
                     ecep:pos="n2"
                     ecep:reg="passions"
                     ecep:spe="passions"
                     ecep:syllab="2"
                     ecep:pron="ˈpæʃnz">passions</w>
                  <c> </c>
                  <w xmlns:ecep="http://www.eighteenthcenturypoetry.org/ns"
                     xml:id="bhw18-388020"
                     n="a-0230"
                     ecep:lem="move"
                     ecep:pos="vvi"
                     ecep:reg="move"
                     ecep:spe="move"
                     ecep:syllab="1"
                     ecep:pron="muːv">move</w>
                  <pc xmlns:ecep="http://www.eighteenthcenturypoetry.org/ns"
                      xml:id="bhw18-388030"
                      n="a-0240"
                      ecep:lem=","
                      ecep:pos=","
                      ecep:reg=","
                      ecep:spe=",">,</pc>
               </l>
               <l rendition="#h_3" xml:id="bhw18-l16010">
                  <c> </c>
                  <w xmlns:ecep="http://www.eighteenthcenturypoetry.org/ns"
                     xml:id="bhw18-388040"
                     n="a-0250"
                     ecep:lem="who"
                     ecep:pos="r-crq"
                     ecep:reg="Whose"
                     ecep:spe="Whose"
                     ecep:syllab="1"
                     ecep:pron="huːz">Whose</w>
                  <c> </c>
                  <w xmlns:ecep="http://www.eighteenthcenturypoetry.org/ns"
                     xml:id="bhw18-388050"
                     n="a-0260"
                     ecep:lem="note"
                     ecep:pos="n2"
                     ecep:reg="notes"
                     ecep:spe="notes"
                     ecep:syllab="1"
                     ecep:pron="nəʊts">notes</w>
                  <c> </c>
                  <w xmlns:ecep="http://www.eighteenthcenturypoetry.org/ns"
                     xml:id="bhw18-388060"
                     n="a-0270"
                     ecep:lem="to"
                     ecep:pos="p-acp"
                     ecep:reg="to"
                     ecep:spe="to"
                     ecep:syllab="1"
                     ecep:pron="tuː">to</w>
                  <c> </c>
                  <w xmlns:ecep="http://www.eighteenthcenturypoetry.org/ns"
                     xml:id="bhw18-388070"
                     n="a-0280"
                     ecep:lem="heaven"
                     ecep:pos="n1"
                     ecep:reg="heaven"
                     ecep:spe="heav'n"
                     ecep:syllab="1"
                     ecep:pron="ˈhevn">heav'n</w>
                  <c> </c>
                  <w xmlns:ecep="http://www.eighteenthcenturypoetry.org/ns"
                     xml:id="bhw18-388080"
                     n="a-0290"
                     ecep:lem="the"
                     ecep:pos="dt"
                     ecep:reg="the"
                     ecep:spe="the"
                     ecep:syllab="1"
                     ecep:pron="ðiː">the</w>
                  <c> </c>
                  <w xmlns:ecep="http://www.eighteenthcenturypoetry.org/ns"
                     xml:id="bhw18-388090"
                     n="a-0300"
                     ecep:lem="listen"
                     ecep:pos="j-vvg"
                     ecep:reg="listening"
                     ecep:spe="list'ning"
                     ecep:syllab="2"
                     ecep:pron="ˈlɪsnɪŋ">list'ning</w>
                  <c> </c>
                  <w xmlns:ecep="http://www.eighteenthcenturypoetry.org/ns"
                     xml:id="bhw18-388100"
                     n="a-0310"
                     ecep:lem="soul"
                     ecep:pos="n1"
                     ecep:reg="soul"
                     ecep:spe="soul"
                     ecep:syllab="1"
                     ecep:pron="səʊl">soul</w>
                  <c> </c>
                  <w xmlns:ecep="http://www.eighteenthcenturypoetry.org/ns"
                     xml:id="bhw18-388110"
                     n="a-0320"
                     ecep:lem="can"
                     ecep:pos="vmb"
                     ecep:reg="can"
                     ecep:spe="can"
                     ecep:syllab="1"
                     ecep:pron="kæn">can</w>
                  <c> </c>
                  <w xmlns:ecep="http://www.eighteenthcenturypoetry.org/ns"
                     xml:id="bhw18-388120"
                     n="a-0330"
                     ecep:lem="raise"
                     ecep:pos="vvi"
                     ecep:reg="raise"
                     ecep:spe="raise"
                     ecep:syllab="1"
                     ecep:pron="reɪz">raise</w>
                  <pc xmlns:ecep="http://www.eighteenthcenturypoetry.org/ns"
                      xml:id="bhw18-388130"
                      n="a-0340"
                      ecep:lem=","
                      ecep:pos=","
                      ecep:reg=","
                      ecep:spe=",">,</pc>
               </l>
               <l xml:id="bhw18-l16015">
                  <c> </c>
                  <w xmlns:ecep="http://www.eighteenthcenturypoetry.org/ns"
                     xml:id="bhw18-388140"
                     n="a-0350"
                     ecep:lem="can"
                     ecep:pos="vmb"
                     ecep:reg="Can"
                     ecep:spe="Can"
                     ecep:syllab="1"
                     ecep:pron="kæn">Can</w>
                  <c> </c>
                  <w xmlns:ecep="http://www.eighteenthcenturypoetry.org/ns"
                     xml:id="bhw18-388150"
                     n="a-0360"
                     ecep:lem="thrill"
                     ecep:pos="vvi"
                     ecep:reg="thrill"
                     ecep:spe="thrill"
                     ecep:syllab="1"
                     ecep:pron="θrɪl">thrill</w>
                  <c> </c>
                  <w xmlns:ecep="http://www.eighteenthcenturypoetry.org/ns"
                     xml:id="bhw18-388160"
                     n="a-0370"
                     ecep:lem="with"
                     ecep:pos="p-acp"
                     ecep:reg="with"
                     ecep:spe="with"
                     ecep:syllab="1"
                     ecep:pron="wɪð">with</w>
                  <c> </c>
                  <w xmlns:ecep="http://www.eighteenthcenturypoetry.org/ns"
                     xml:id="bhw18-388170"
                     n="a-0380"
                     ecep:lem="pity"
                     ecep:pos="n1"
                     ecep:reg="pity"
                     ecep:spe="pity"
                     ecep:syllab="2"
                     ecep:pron="ˈpɪti">pity</w>
                  <pc xmlns:ecep="http://www.eighteenthcenturypoetry.org/ns"
                      xml:id="bhw18-388180"
                      n="a-0390"
                      ecep:lem=","
                      ecep:pos=","
                      ecep:reg=","
                      ecep:spe=",">,</pc>
                  <c> </c>
                  <w xmlns:ecep="http://www.eighteenthcenturypoetry.org/ns"
                     xml:id="bhw18-388190"
                     n="a-0400"
                     ecep:lem="or"
                     ecep:pos="cc"
                     ecep:reg="or"
                     ecep:spe="or"
                     ecep:syllab="1"
                     ecep:pron="ɔː">or</w>
                  <c> </c>
                  <w xmlns:ecep="http://www.eighteenthcenturypoetry.org/ns"
                     xml:id="bhw18-388200"
                     n="a-0410"
                     ecep:lem="can"
                     ecep:pos="vmb"
                     ecep:reg="can"
                     ecep:spe="can"
                     ecep:syllab="1"
                     ecep:pron="kæn">can</w>
                  <c> </c>
                  <w xmlns:ecep="http://www.eighteenthcenturypoetry.org/ns"
                     xml:id="bhw18-388210"
                     n="a-0420"
                     ecep:lem="melt"
                     ecep:pos="vvi"
                     ecep:reg="melt"
                     ecep:spe="melt"
                     ecep:syllab="1"
                     ecep:pron="melt">melt</w>
                  <c> </c>
                  <w xmlns:ecep="http://www.eighteenthcenturypoetry.org/ns"
                     xml:id="bhw18-388220"
                     n="a-0430"
                     ecep:lem="with"
                     ecep:pos="p-acp"
                     ecep:reg="with"
                     ecep:spe="with"
                     ecep:syllab="1"
                     ecep:pron="wɪð">with</w>
                  <c> </c>
                  <w xmlns:ecep="http://www.eighteenthcenturypoetry.org/ns"
                     xml:id="bhw18-388230"
                     n="a-0440"
                     ecep:lem="love"
                     ecep:pos="n1"
                     ecep:reg="love"
                     ecep:spe="love"
                     ecep:syllab="1"
                     ecep:pron="lʌv">love</w>
                  <pc xmlns:ecep="http://www.eighteenthcenturypoetry.org/ns"
                      xml:id="bhw18-388240"
                      n="a-0450"
                      unit="sentence"
                      ecep:lem="!"
                      ecep:pos="!"
                      ecep:reg="!"
                      ecep:spe="!">!</pc>
                  <c> </c>
               </l>
               <l rendition="#h_3" xml:id="bhw18-l16020">
                  <w xmlns:ecep="http://www.eighteenthcenturypoetry.org/ns"
                     xml:id="bhw18-388250"
                     n="a-0460"
                     ecep:lem="happy"
                     ecep:pos="j"
                     ecep:reg="Happy"
                     ecep:spe="Happy"
                     ecep:syllab="2"
                     ecep:pron="ˈhæpi">Happy</w>
                  <pc xmlns:ecep="http://www.eighteenthcenturypoetry.org/ns"
                      xml:id="bhw18-388260"
                      n="a-0470"
                      ecep:lem="!"
                      ecep:pos="!"
                      ecep:reg="!"
                      ecep:spe="!">!</pc>
                  <c> </c>
                  <w xmlns:ecep="http://www.eighteenthcenturypoetry.org/ns"
                     xml:id="bhw18-388270"
                     n="a-0480"
                     ecep:lem="who"
                     ecep:pos="q-crq"
                     ecep:reg="whom"
                     ecep:spe="whom"
                     ecep:syllab="1"
                     ecep:pron="huːm">whom</w>
                  <c> </c>
                  <w xmlns:ecep="http://www.eighteenthcenturypoetry.org/ns"
                     xml:id="bhw18-388280"
                     n="a-0490"
                     ecep:lem="nature"
                     ecep:pos="n1"
                     ecep:reg="nature"
                     ecep:spe="nature"
                     ecep:syllab="2"
                     ecep:pron="ˈneɪtʃə">nature</w>
                  <c> </c>
                  <w xmlns:ecep="http://www.eighteenthcenturypoetry.org/ns"
                     xml:id="bhw18-388290"
                     n="a-0500"
                     ecep:lem="lend"
                     ecep:pos="vvd"
                     ecep:reg="lent"
                     ecep:spe="lent"
                     ecep:syllab="1"
                     ecep:pron="lent">lent</w>
                  <c> </c>
                  <w xmlns:ecep="http://www.eighteenthcenturypoetry.org/ns"
                     xml:id="bhw18-388300"
                     n="a-0510"
                     ecep:lem="this"
                     ecep:pos="d"
                     ecep:reg="this"
                     ecep:spe="this"
                     ecep:syllab="1"
                     ecep:pron="ðɪs">this</w>
                  <c> </c>
                  <w xmlns:ecep="http://www.eighteenthcenturypoetry.org/ns"
                     xml:id="bhw18-388310"
                     n="a-0520"
                     ecep:lem="native"
                     ecep:pos="j-jn"
                     ecep:reg="native"
                     ecep:spe="native"
                     ecep:syllab="2"
                     ecep:pron="ˈneɪtɪv">native</w>
                  <c> </c>
                  <w xmlns:ecep="http://www.eighteenthcenturypoetry.org/ns"
                     xml:id="bhw18-388320"
                     n="a-0530"
                     ecep:lem="charm"
                     ecep:pos="n1"
                     ecep:reg="charm"
                     ecep:spe="charm"
                     ecep:syllab="1"
                     ecep:pron="tʃɑːm">charm</w>
                  <pc xmlns:ecep="http://www.eighteenthcenturypoetry.org/ns"
                      xml:id="bhw18-388330"
                      n="a-0540"
                      ecep:lem=","
                      ecep:pos=","
                      ecep:reg=","
                      ecep:spe=",">,</pc>
               </l>
               <l xml:id="bhw18-l16025">
                  <c> </c>
                  <w xmlns:ecep="http://www.eighteenthcenturypoetry.org/ns"
                     xml:id="bhw18-388340"
                     n="a-0550"
                     ecep:lem="angelic"
                     ecep:pos="j"
                     ecep:reg="Angelic"
                     ecep:spe="Angelic"
                     ecep:syllab="3"
                     ecep:pron="ænˈdʒelɪk">Angelic</w>
                  <c> </c>
                  <w xmlns:ecep="http://www.eighteenthcenturypoetry.org/ns"
                     xml:id="bhw18-388350"
                     n="a-0560"
                     ecep:lem="tone"
                     ecep:pos="n2"
                     ecep:reg="tones"
                     ecep:spe="tones"
                     ecep:syllab="1"
                     ecep:pron="təʊnz">tones</w>
                  <pc xmlns:ecep="http://www.eighteenthcenturypoetry.org/ns"
                      xml:id="bhw18-388360"
                      n="a-0570"
                      ecep:lem=","
                      ecep:pos=","
                      ecep:reg=","
                      ecep:spe=",">,</pc>
                  <c> </c>
                  <w xmlns:ecep="http://www.eighteenthcenturypoetry.org/ns"
                     xml:id="bhw18-388370"
                     n="a-0580"
                     ecep:lem="that"
                     ecep:pos="cst"
                     ecep:reg="that"
                     ecep:spe="that"
                     ecep:syllab="1"
                     ecep:pron="ðæt">that</w>
                  <c> </c>
                  <w xmlns:ecep="http://www.eighteenthcenturypoetry.org/ns"
                     xml:id="bhw18-388380"
                     n="a-0590"
                     ecep:lem="shed"
                     ecep:pos="vvd"
                     ecep:reg="shed"
                     ecep:spe="shed"
                     ecep:syllab="1"
                     ecep:pron="ʃed">shed</w>
                  <pc xmlns:ecep="http://www.eighteenthcenturypoetry.org/ns"
                      xml:id="bhw18-388390"
                      n="a-0600"
                      ecep:lem=","
                      ecep:pos=","
                      ecep:reg=","
                      ecep:spe=",">,</pc>
                  <c> </c>
                  <w xmlns:ecep="http://www.eighteenthcenturypoetry.org/ns"
                     xml:id="bhw18-388400"
                     n="a-0610"
                     ecep:lem="with"
                     ecep:pos="p-acp"
                     ecep:reg="with"
                     ecep:spe="with"
                     ecep:syllab="1"
                     ecep:pron="wɪð">with</w>
                  <c> </c>
                  <w xmlns:ecep="http://www.eighteenthcenturypoetry.org/ns"
                     xml:id="bhw18-388410"
                     n="a-0620"
                     ecep:lem="magic"
                     ecep:pos="j-jn"
                     ecep:reg="magic"
                     ecep:spe="magic"
                     ecep:syllab="2"
                     ecep:pron="ˈmædʒɪk">magic</w>
                  <c> </c>
                  <w xmlns:ecep="http://www.eighteenthcenturypoetry.org/ns"
                     xml:id="bhw18-388420"
                     n="a-0630"
                     ecep:lem="power"
                     ecep:pos="n1"
                     ecep:reg="power"
                     ecep:spe="power"
                     ecep:syllab="1"
                     ecep:pron="ˈpaʊə">power</w>
                  <pc xmlns:ecep="http://www.eighteenthcenturypoetry.org/ns"
                      xml:id="bhw18-388430"
                      n="a-0640"
                      ecep:lem=","
                      ecep:pos=","
                      ecep:reg=","
                      ecep:spe=",">,</pc>
               </l>
               <l xml:id="bhw18-l16030">
                  <c> </c>
                  <w xmlns:ecep="http://www.eighteenthcenturypoetry.org/ns"
                     xml:id="bhw18-388440"
                     n="a-0650"
                     ecep:lem="a"
                     ecep:pos="dt"
                     ecep:reg="A"
                     ecep:spe="A"
                     ecep:syllab="1"
                     ecep:pron="ə">A</w>
                  <c> </c>
                  <w xmlns:ecep="http://www.eighteenthcenturypoetry.org/ns"
                     xml:id="bhw18-388450"
                     n="a-0660"
                     ecep:lem="sweet"
                     ecep:pos="jc"
                     ecep:reg="sweeter"
                     ecep:spe="sweeter"
                     ecep:syllab="2"
                     ecep:pron="swiːtə">sweeter</w>
                  <c> </c>
                  <w xmlns:ecep="http://www.eighteenthcenturypoetry.org/ns"
                     xml:id="bhw18-388460"
                     n="a-0670"
                     ecep:lem="pleasure"
                     ecep:pos="n1"
                     ecep:reg="pleasure"
                     ecep:spe="pleasure"
                     ecep:syllab="2"
                     ecep:pron="ˈpleʒə">pleasure</w>
                  <c> </c>
                  <w xmlns:ecep="http://www.eighteenthcenturypoetry.org/ns"
                     xml:id="bhw18-388470"
                     n="a-0680"
                     ecep:lem="over"
                     ecep:pos="p-acp"
                     ecep:reg="over"
                     ecep:spe="o'er"
                     ecep:syllab="1"
                     ecep:pron="ˈɔːə">o'er</w>
                  <c> </c>
                  <w xmlns:ecep="http://www.eighteenthcenturypoetry.org/ns"
                     xml:id="bhw18-388480"
                     n="a-0690"
                     ecep:lem="the"
                     ecep:pos="dt"
                     ecep:reg="the"
                     ecep:spe="the"
                     ecep:syllab="1"
                     ecep:pron="ðiː">the</w>
                  <c> </c>
                  <w xmlns:ecep="http://www.eighteenthcenturypoetry.org/ns"
                     xml:id="bhw18-388490"
                     n="a-0700"
                     ecep:lem="social"
                     ecep:pos="j"
                     ecep:reg="social"
                     ecep:spe="social"
                     ecep:syllab="2"
                     ecep:pron="ˈsəʊʃl">social</w>
                  <c> </c>
                  <w xmlns:ecep="http://www.eighteenthcenturypoetry.org/ns"
                     xml:id="bhw18-388500"
                     n="a-0710"
                     ecep:lem="hour"
                     ecep:pos="n1"
                     ecep:reg="hour"
                     ecep:spe="hour"
                     ecep:syllab="1"
                     ecep:pron="æə">hour</w>
                  <pc xmlns:ecep="http://www.eighteenthcenturypoetry.org/ns"
                      xml:id="bhw18-388510"
                      n="a-0720"
                      ecep:lem=":"
                      ecep:pos=":"
                      ecep:reg=":"
                      ecep:spe=":">:</pc>
               </l>
               <l rendition="#h_3" xml:id="bhw18-l16035">
                  <c> </c>
                  <w xmlns:ecep="http://www.eighteenthcenturypoetry.org/ns"
                     xml:id="bhw18-388520"
                     n="a-0730"
                     ecep:lem="the"
                     ecep:pos="dt"
                     ecep:reg="The"
                     ecep:spe="The"
                     ecep:syllab="1"
                     ecep:pron="ðiː">The</w>
                  <c> </c>
                  <w xmlns:ecep="http://www.eighteenthcenturypoetry.org/ns"
                     xml:id="bhw18-388530"
                     n="a-0740"
                     ecep:lem="breast"
                     ecep:pos="n1"
                     ecep:reg="breast"
                     ecep:spe="breast"
                     ecep:syllab="1"
                     ecep:pron="brest">breast</w>
                  <c> </c>
                  <w xmlns:ecep="http://www.eighteenthcenturypoetry.org/ns"
                     xml:id="bhw18-388540"
                     n="a-0750"
                     ecep:lem="to"
                     ecep:pos="p-acp"
                     ecep:reg="to"
                     ecep:spe="to"
                     ecep:syllab="1"
                     ecep:pron="tuː">to</w>
                  <c> </c>
                  <w xmlns:ecep="http://www.eighteenthcenturypoetry.org/ns"
                     xml:id="bhw18-388550"
                     n="a-0760"
                     ecep:lem="softness"
                     ecep:pos="n1"
                     ecep:reg="softness"
                     ecep:spe="softness"
                     ecep:syllab="2"
                     ecep:pron="sɒftnəs">softness</w>
                  <c> </c>
                  <w xmlns:ecep="http://www.eighteenthcenturypoetry.org/ns"
                     xml:id="bhw18-388560"
                     n="a-0770"
                     ecep:lem="soothe"
                     ecep:pos="vvi"
                     ecep:reg="sooth"
                     ecep:spe="soothe"
                     ecep:syllab="1"
                     ecep:pron="suːð">soothe</w>
                  <pc xmlns:ecep="http://www.eighteenthcenturypoetry.org/ns"
                      xml:id="bhw18-388570"
                      n="a-0780"
                      ecep:lem=","
                      ecep:pos=","
                      ecep:reg=","
                      ecep:spe=",">,</pc>
                  <c> </c>
                  <w xmlns:ecep="http://www.eighteenthcenturypoetry.org/ns"
                     xml:id="bhw18-388580"
                     n="a-0790"
                     ecep:lem="to"
                     ecep:pos="p-acp"
                     ecep:reg="to"
                     ecep:spe="to"
                     ecep:syllab="1"
                     ecep:pron="tuː">to</w>
                  <c> </c>
                  <w xmlns:ecep="http://www.eighteenthcenturypoetry.org/ns"
                     xml:id="bhw18-388590"
                     n="a-0800"
                     ecep:lem="virtue"
                     ecep:pos="n1"
                     ecep:reg="virtue"
                     ecep:spe="virtue"
                     ecep:syllab="2"
                     ecep:pron="ˈvɜːtʃuː">virtue</w>
                  <c> </c>
                  <w xmlns:ecep="http://www.eighteenthcenturypoetry.org/ns"
                     xml:id="bhw18-388600"
                     n="a-0810"
                     ecep:lem="warm"
                     ecep:pos="j"
                     ecep:reg="warm"
                     ecep:spe="warm"
                     ecep:syllab="1"
                     ecep:pron="wɔːm">warm</w>
                  <pc xmlns:ecep="http://www.eighteenthcenturypoetry.org/ns"
                      xml:id="bhw18-388610"
                      n="a-0820"
                      ecep:lem=";"
                      ecep:pos=";"
                      ecep:reg=";"
                      ecep:spe=";">;</pc>
               </l>
               <l xml:id="bhw18-l16040">
                  <c> </c>
                  <w xmlns:ecep="http://www.eighteenthcenturypoetry.org/ns"
                     xml:id="bhw18-388620"
                     n="a-0830"
                     ecep:lem="but"
                     ecep:pos="cc-acp"
                     ecep:reg="But"
                     ecep:spe="But"
                     ecep:syllab="1"
                     ecep:pron="bʌt">But</w>
                  <c> </c>
                  <w xmlns:ecep="http://www.eighteenthcenturypoetry.org/ns"
                     xml:id="bhw18-388630"
                     n="a-0840"
                     ecep:lem="yet"
                     ecep:pos="av"
                     ecep:reg="yet"
                     ecep:spe="yet"
                     ecep:syllab="1"
                     ecep:pron="jet">yet</w>
                  <c> </c>
                  <w xmlns:ecep="http://www.eighteenthcenturypoetry.org/ns"
                     xml:id="bhw18-388640"
                     n="a-0850"
                     ecep:lem="more"
                     ecep:pos="av-dc"
                     ecep:reg="more"
                     ecep:spe="more"
                     ecep:syllab="1"
                     ecep:pron="mɔː">more</w>
                  <c> </c>
                  <w xmlns:ecep="http://www.eighteenthcenturypoetry.org/ns"
                     xml:id="bhw18-388650"
                     n="a-0860"
                     ecep:lem="happy"
                     ecep:pos="j"
                     ecep:reg="happy"
                     ecep:spe="happy"
                     ecep:syllab="2"
                     ecep:pron="ˈhæpi">happy</w>
                  <pc xmlns:ecep="http://www.eighteenthcenturypoetry.org/ns"
                      xml:id="bhw18-388660"
                      n="a-0870"
                      ecep:lem=","
                      ecep:pos=","
                      ecep:reg=","
                      ecep:spe=",">,</pc>
                  <c> </c>
                  <w xmlns:ecep="http://www.eighteenthcenturypoetry.org/ns"
                     xml:id="bhw18-388670"
                     n="a-0880"
                     ecep:lem="that"
                     ecep:pos="cst"
                     ecep:reg="that"
                     ecep:spe="that"
                     ecep:syllab="1"
                     ecep:pron="ðæt">that</w>
                  <c> </c>
                  <w xmlns:ecep="http://www.eighteenthcenturypoetry.org/ns"
                     xml:id="bhw18-388680"
                     n="a-0890"
                     ecep:lem="thy"
                     ecep:pos="po21"
                     ecep:reg="thy"
                     ecep:spe="thy"
                     ecep:syllab="1"
                     ecep:pron="ðaɪ">thy</w>
                  <c> </c>
                  <w xmlns:ecep="http://www.eighteenthcenturypoetry.org/ns"
                     xml:id="bhw18-388690"
                     n="a-0900"
                     ecep:lem="life"
                     ecep:pos="n1"
                     ecep:reg="life"
                     ecep:spe="life"
                     ecep:syllab="1"
                     ecep:pron="laɪf">life</w>
                  <c> </c>
                  <w xmlns:ecep="http://www.eighteenthcenturypoetry.org/ns"
                     xml:id="bhw18-388700"
                     n="a-0910"
                     ecep:lem="as"
                     ecep:pos="c-acp"
                     ecep:reg="as"
                     ecep:spe="as"
                     ecep:syllab="1"
                     ecep:pron="æz">as</w>
                  <c> </c>
                  <w xmlns:ecep="http://www.eighteenthcenturypoetry.org/ns"
                     xml:id="bhw18-388710"
                     n="a-0920"
                     ecep:lem="clear"
                     ecep:pos="j"
                     ecep:reg="clear"
                     ecep:spe="clear"
                     ecep:syllab="1"
                     ecep:pron="klɪə">clear</w>
               </l>
               <l rendition="#h_3" xml:id="bhw18-l16045">
                  <c> </c>
                  <w xmlns:ecep="http://www.eighteenthcenturypoetry.org/ns"
                     xml:id="bhw18-388720"
                     n="a-0930"
                     ecep:lem="from"
                     ecep:pos="p-acp"
                     ecep:reg="From"
                     ecep:spe="From"
                     ecep:syllab="1"
                     ecep:pron="frɒm">From</w>
                  <c> </c>
                  <w xmlns:ecep="http://www.eighteenthcenturypoetry.org/ns"
                     xml:id="bhw18-388730"
                     n="a-0940"
                     ecep:lem="discord"
                     ecep:pos="n1"
                     ecep:reg="discord"
                     ecep:spe="discord"
                     ecep:syllab="2"
                     ecep:pron="ˈdɪskɔːd">discord</w>
                  <c> </c>
                  <w xmlns:ecep="http://www.eighteenthcenturypoetry.org/ns"
                     xml:id="bhw18-388740"
                     n="a-0950"
                     ecep:lem="as"
                     ecep:pos="p-acp"
                     ecep:reg="as"
                     ecep:spe="as"
                     ecep:syllab="1"
                     ecep:pron="æz">as</w>
                  <c> </c>
                  <w xmlns:ecep="http://www.eighteenthcenturypoetry.org/ns"
                     xml:id="bhw18-388750"
                     n="a-0960"
                     ecep:lem="thy"
                     ecep:pos="po21"
                     ecep:reg="thy"
                     ecep:spe="thy"
                     ecep:syllab="1"
                     ecep:pron="ðaɪ">thy</w>
                  <c> </c>
                  <w xmlns:ecep="http://www.eighteenthcenturypoetry.org/ns"
                     xml:id="bhw18-388760"
                     n="a-0970"
                     ecep:lem="perfect"
                     ecep:pos="j"
                     ecep:reg="perfect"
                     ecep:spe="perfect"
                     ecep:syllab="2"
                     ecep:pron="ˈpɜːfɪkt">perfect</w>
                  <c> </c>
                  <w xmlns:ecep="http://www.eighteenthcenturypoetry.org/ns"
                     xml:id="bhw18-388770"
                     n="a-0980"
                     ecep:lem="cadence"
                     ecep:pos="n1"
                     ecep:reg="cadence"
                     ecep:spe="cadence"
                     ecep:syllab="2"
                     ecep:pron="ˈkeɪdns">cadence</w>
                  <c> </c>
                  <w xmlns:ecep="http://www.eighteenthcenturypoetry.org/ns"
                     xml:id="bhw18-388780"
                     n="a-0990"
                     ecep:lem="flow"
                     ecep:pos="vvz"
                     ecep:reg="flows"
                     ecep:spe="flows"
                     ecep:syllab="1"
                     ecep:pron="fləʊz">flows</w>
                  <pc xmlns:ecep="http://www.eighteenthcenturypoetry.org/ns"
                      xml:id="bhw18-388790"
                      n="a-1000"
                      ecep:lem=";"
                      ecep:pos=";"
                      ecep:reg=";"
                      ecep:spe=";">;</pc>
               </l>
               <l xml:id="bhw18-l16050">
                  <c> </c>
                  <w xmlns:ecep="http://www.eighteenthcenturypoetry.org/ns"
                     xml:id="bhw18-388800"
                     n="a-1010"
                     ecep:lem="that"
                     ecep:pos="cst"
                     ecep:reg="That"
                     ecep:spe="That"
                     ecep:syllab="1"
                     ecep:pron="ðæt">That</w>
                  <pc xmlns:ecep="http://www.eighteenthcenturypoetry.org/ns"
                      xml:id="bhw18-388810"
                      n="a-1020"
                      ecep:lem=","
                      ecep:pos=","
                      ecep:reg=","
                      ecep:spe=",">,</pc>
                  <c> </c>
                  <w xmlns:ecep="http://www.eighteenthcenturypoetry.org/ns"
                     xml:id="bhw18-388820"
                     n="a-1030"
                     ecep:lem="tune"
                     ecep:pos="vvd"
                     ecep:reg="tuned"
                     ecep:spe="tun'd"
                     ecep:syllab="1"
                     ecep:pron="tʃuːnd">tun'd</w>
                  <c> </c>
                  <w xmlns:ecep="http://www.eighteenthcenturypoetry.org/ns"
                     xml:id="bhw18-388830"
                     n="a-1040"
                     ecep:lem="to"
                     ecep:pos="p-acp"
                     ecep:reg="to"
                     ecep:spe="to"
                     ecep:syllab="1"
                     ecep:pron="tuː">to</w>
                  <c> </c>
                  <w xmlns:ecep="http://www.eighteenthcenturypoetry.org/ns"
                     xml:id="bhw18-388840"
                     n="a-1050"
                     ecep:lem="sympathy"
                     ecep:pos="n1"
                     ecep:reg="sympathy"
                     ecep:spe="sympathy"
                     ecep:syllab="3"
                     ecep:pron="ˈsɪmpəθi">sympathy</w>
                  <pc xmlns:ecep="http://www.eighteenthcenturypoetry.org/ns"
                      xml:id="bhw18-388850"
                      n="a-1060"
                      ecep:lem=","
                      ecep:pos=","
                      ecep:reg=","
                      ecep:spe=",">,</pc>
                  <c> </c>
                  <w xmlns:ecep="http://www.eighteenthcenturypoetry.org/ns"
                     xml:id="bhw18-388860"
                     n="a-1070"
                     ecep:lem="thy"
                     ecep:pos="po21"
                     ecep:reg="thy"
                     ecep:spe="thy"
                     ecep:syllab="1"
                     ecep:pron="ðaɪ">thy</w>
                  <c> </c>
                  <w xmlns:ecep="http://www.eighteenthcenturypoetry.org/ns"
                     xml:id="bhw18-388870"
                     n="a-1080"
                     ecep:lem="faithful"
                     ecep:pos="j"
                     ecep:reg="faithful"
                     ecep:spe="faithful"
                     ecep:syllab="2"
                     ecep:pron="ˈfeɪθfl">faithful</w>
                  <c> </c>
                  <w xmlns:ecep="http://www.eighteenthcenturypoetry.org/ns"
                     xml:id="bhw18-388880"
                     n="a-1090"
                     ecep:lem="tear"
                     ecep:pos="n1"
                     ecep:reg="tear"
                     ecep:spe="tear"
                     ecep:syllab="1"
                     ecep:pron="tɪə">tear</w>
               </l>
               <l rendition="#h_3" xml:id="bhw18-l16055">
                  <c> </c>
                  <w xmlns:ecep="http://www.eighteenthcenturypoetry.org/ns"
                     xml:id="bhw18-388890"
                     n="a-1100"
                     ecep:lem="in"
                     ecep:pos="p-acp"
                     ecep:reg="In"
                     ecep:spe="In"
                     ecep:syllab="1"
                     ecep:pron="ɪn">In</w>
                  <c> </c>
                  <w xmlns:ecep="http://www.eighteenthcenturypoetry.org/ns"
                     xml:id="bhw18-388900"
                     n="a-1110"
                     ecep:lem="mild"
                     ecep:pos="j"
                     ecep:reg="mild"
                     ecep:spe="mild"
                     ecep:syllab="1"
                     ecep:pron="maɪld">mild</w>
                  <c> </c>
                  <w xmlns:ecep="http://www.eighteenthcenturypoetry.org/ns"
                     xml:id="bhw18-388910"
                     n="a-1120"
                     ecep:lem="accordance"
                     ecep:pos="n1"
                     ecep:reg="accordance"
                     ecep:spe="accordance"
                     ecep:syllab="3"
                     ecep:pron="əˈkɔːdns">accordance</w>
                  <c> </c>
                  <w xmlns:ecep="http://www.eighteenthcenturypoetry.org/ns"
                     xml:id="bhw18-388920"
                     n="a-1130"
                     ecep:lem="fall"
                     ecep:pos="vvz"
                     ecep:reg="falls"
                     ecep:spe="falls"
                     ecep:syllab="1"
                     ecep:pron="fɔːlz">falls</w>
                  <c> </c>
                  <w xmlns:ecep="http://www.eighteenthcenturypoetry.org/ns"
                     xml:id="bhw18-388930"
                     n="a-1140"
                     ecep:lem="for"
                     ecep:pos="p-acp"
                     ecep:reg="for"
                     ecep:spe="for"
                     ecep:syllab="1"
                     ecep:pron="fɔː">for</w>
                  <c> </c>
                  <w xmlns:ecep="http://www.eighteenthcenturypoetry.org/ns"
                     xml:id="bhw18-388940"
                     n="a-1150"
                     ecep:lem="other"
                     ecep:pos="ng2-jn"
                     ecep:reg="others'"
                     ecep:spe="others'"
                     ecep:syllab="2"
                     ecep:pron="ˈʌðəz">others'</w>
                  <c> </c>
                  <w xmlns:ecep="http://www.eighteenthcenturypoetry.org/ns"
                     xml:id="bhw18-388960"
                     n="a-1170"
                     ecep:lem="woe"
                     ecep:pos="n2"
                     ecep:reg="woes"
                     ecep:spe="woes"
                     ecep:syllab="1"
                     ecep:pron="wəʊz">woes</w>
                  <pc xmlns:ecep="http://www.eighteenthcenturypoetry.org/ns"
                      xml:id="bhw18-388970"
                      n="a-1180"
                      ecep:lem=";"
                      ecep:pos=";"
                      ecep:reg=";"
                      ecep:spe=";">;</pc>
               </l>
               <l xml:id="bhw18-l16060">
                  <c> </c>
                  <w xmlns:ecep="http://www.eighteenthcenturypoetry.org/ns"
                     xml:id="bhw18-388980"
                     n="a-1190"
                     ecep:lem="that"
                     ecep:pos="cst"
                     ecep:reg="That"
                     ecep:spe="That"
                     ecep:syllab="1"
                     ecep:pron="ðæt">That</w>
                  <c> </c>
                  <w xmlns:ecep="http://www.eighteenthcenturypoetry.org/ns"
                     xml:id="bhw18-388990"
                     n="a-1200"
                     ecep:lem="all"
                     ecep:pos="d"
                     ecep:reg="all"
                     ecep:spe="all"
                     ecep:syllab="1"
                     ecep:pron="ɔːl">all</w>
                  <c> </c>
                  <w xmlns:ecep="http://www.eighteenthcenturypoetry.org/ns"
                     xml:id="bhw18-389000"
                     n="a-1210"
                     ecep:lem="the"
                     ecep:pos="dt"
                     ecep:reg="the"
                     ecep:spe="the"
                     ecep:syllab="1"
                     ecep:pron="ðiː">the</w>
                  <c> </c>
                  <w xmlns:ecep="http://www.eighteenthcenturypoetry.org/ns"
                     xml:id="bhw18-389010"
                     n="a-1220"
                     ecep:lem="tender"
                     ecep:pos="j"
                     ecep:reg="tender"
                     ecep:spe="tender"
                     ecep:syllab="2"
                     ecep:pron="ˈtendə">tender</w>
                  <pc xmlns:ecep="http://www.eighteenthcenturypoetry.org/ns"
                      xml:id="bhw18-389020"
                      n="a-1230"
                      ecep:lem=","
                      ecep:pos=","
                      ecep:reg=","
                      ecep:spe=",">,</pc>
                  <c> </c>
                  <w xmlns:ecep="http://www.eighteenthcenturypoetry.org/ns"
                     xml:id="bhw18-389030"
                     n="a-1240"
                     ecep:lem="pure"
                     ecep:pos="j"
                     ecep:reg="pure"
                     ecep:spe="pure"
                     ecep:syllab="1"
                     ecep:pron="pjʊə">pure</w>
                  <c> </c>
                  <w xmlns:ecep="http://www.eighteenthcenturypoetry.org/ns"
                     xml:id="bhw18-389040"
                     n="a-1250"
                     ecep:lem="affection"
                     ecep:pos="n2"
                     ecep:reg="affections"
                     ecep:spe="affections"
                     ecep:syllab="3"
                     ecep:pron="əˈfekʃnz">affections</w>
                  <c> </c>
                  <w xmlns:ecep="http://www.eighteenthcenturypoetry.org/ns"
                     xml:id="bhw18-389050"
                     n="a-1260"
                     ecep:lem="bind"
                     ecep:pos="vvi"
                     ecep:reg="bind"
                     ecep:spe="bind"
                     ecep:syllab="1"
                     ecep:pron="baɪnd">bind</w>
                  <pc xmlns:ecep="http://www.eighteenthcenturypoetry.org/ns"
                      xml:id="bhw18-389060"
                      n="a-1270"
                      ecep:lem=","
                      ecep:pos=","
                      ecep:reg=","
                      ecep:spe=",">,</pc>
               </l>
               <l xml:id="bhw18-l16065">
                  <c> </c>
                  <w xmlns:ecep="http://www.eighteenthcenturypoetry.org/ns"
                     xml:id="bhw18-389070"
                     n="a-1280"
                     ecep:lem="in"
                     ecep:pos="p-acp"
                     ecep:reg="In"
                     ecep:spe="In"
                     ecep:syllab="1"
                     ecep:pron="ɪn">In</w>
                  <c> </c>
                  <w xmlns:ecep="http://www.eighteenthcenturypoetry.org/ns"
                     xml:id="bhw18-389080"
                     n="a-1290"
                     ecep:lem="chain"
                     ecep:pos="n2"
                     ecep:reg="chains"
                     ecep:spe="chains"
                     ecep:syllab="1"
                     ecep:pron="tʃeɪnz">chains</w>
                  <c> </c>
                  <w xmlns:ecep="http://www.eighteenthcenturypoetry.org/ns"
                     xml:id="bhw18-389090"
                     n="a-1300"
                     ecep:lem="of"
                     ecep:pos="pp-f"
                     ecep:reg="of"
                     ecep:spe="of"
                     ecep:syllab="1"
                     ecep:pron="ɒv">of</w>
                  <c> </c>
                  <w xmlns:ecep="http://www.eighteenthcenturypoetry.org/ns"
                     xml:id="bhw18-389100"
                     n="a-1310"
                     ecep:lem="harmony"
                     ecep:pos="n1"
                     ecep:reg="harmony"
                     ecep:spe="harmony"
                     ecep:syllab="3"
                     ecep:pron="ˈhɑːməni">harmony</w>
                  <pc xmlns:ecep="http://www.eighteenthcenturypoetry.org/ns"
                      xml:id="bhw18-389110"
                      n="a-1320"
                      ecep:lem=","
                      ecep:pos=","
                      ecep:reg=","
                      ecep:spe=",">,</pc>
                  <c> </c>
                  <w xmlns:ecep="http://www.eighteenthcenturypoetry.org/ns"
                     xml:id="bhw18-389120"
                     n="a-1330"
                     ecep:lem="thy"
                     ecep:pos="po21"
                     ecep:reg="thy"
                     ecep:spe="thy"
                     ecep:syllab="1"
                     ecep:pron="ðaɪ">thy</w>
                  <c> </c>
                  <w xmlns:ecep="http://www.eighteenthcenturypoetry.org/ns"
                     xml:id="bhw18-389130"
                     n="a-1340"
                     ecep:lem="will"
                     ecep:pos="j-vvg"
                     ecep:reg="willing"
                     ecep:spe="willing"
                     ecep:syllab="2"
                     ecep:pron="ˈwɪlɪŋ">willing</w>
                  <c> </c>
                  <w xmlns:ecep="http://www.eighteenthcenturypoetry.org/ns"
                     xml:id="bhw18-389140"
                     n="a-1350"
                     ecep:lem="mind"
                     ecep:pos="n1"
                     ecep:reg="mind"
                     ecep:spe="mind"
                     ecep:syllab="1"
                     ecep:pron="maɪnd">mind</w>
                  <pc xmlns:ecep="http://www.eighteenthcenturypoetry.org/ns"
                      xml:id="bhw18-389150"
                      n="a-1360"
                      unit="sentence"
                      ecep:lem="!"
                      ecep:pos="!"
                      ecep:reg="!"
                      ecep:spe="!">!</pc>
                  <c> </c>
               </l>
            </lg>
         </div>
      </body>
   </text>
</TEI>
