<?xml version="1.0" encoding="UTF-8"?>
<?xml-model href="../tei_all.rnc" type="application/relax-ng-compact-syntax"?>
<TEI xmlns="http://www.tei-c.org/ns/1.0">
   <teiHeader>
      <fileDesc>
         <titleStmt>
            <title corresp="#txt_WeslCh1707_w0046">HYMN for the EPIPHANY.</title>
            <author corresp="authors.xml#aut_WeslCh1707">Rev. Charles Wesley</author>
            <respStmt>
               <name xml:id="AH">Alexander Huber</name>
               <resp>Editor</resp>
            </respStmt>
            <funder>
               <name type="institution" xml:id="BOD">Bodleian Libraries, University of Oxford</name>
               <address>
                  <addrLine>Broad Street</addrLine>
                  <addrLine>Oxford OX1 3BG</addrLine>
                  <addrLine>UK</addrLine>
               </address>
            </funder>
         </titleStmt>
         <publicationStmt>
            <publisher xml:id="ECPA">Eighteenth-Century Poetry Archive</publisher>
            <address>
               <addrLine>Taylor Institution Library</addrLine>
               <addrLine>St Giles'</addrLine>
               <addrLine>Oxford OX1 3NA</addrLine>
               <addrLine>UK</addrLine>
               <addrLine>
                  <email>info@eighteenthcenturypoetry.org</email>
               </addrLine>
               <addrLine>
                  <ref target="https://www.eighteenthcenturypoetry.org/">https://www.eighteenthcenturypoetry.org/</ref>
               </addrLine>
            </address>
            <pubPlace>Oxford</pubPlace>
            <availability status="restricted">
               <licence target="http://creativecommons.org/licenses/by-sa/3.0/">This work is licensed under a Creative Commons Attribution-ShareAlike 3.0 Unported License.</licence>
            </availability>
            <idno type="ESTC">T31323</idno>
            <idno type="TCP">K034809.000</idno>
         </publicationStmt>
         <sourceDesc>
            <bibl>
               <author>Wesley, John, 1703-1791. Wesley, Charles, 1707-1788.</author>
               <title>Hymns and sacred poems: Published by John Wesley, ... and Charles Wesley, ...</title>
               <pubPlace>London</pubPlace>
               <publisher>printed by William Strahan; and sold by James Hutton; and at Mr. Bray's</publisher>
               <date>1739</date>
               <biblScope>pp. 208-209.</biblScope>
               <extent>x,[6],223,[1]p.; 12⁰.</extent>
            </bibl>
         </sourceDesc>
      </fileDesc>
      <encodingDesc>
         <projectDesc>
            <p>This e-text is part of the Works section of the Eighteenth-Century Poetry Archive (ECPA).</p>
            <p>XML created for the Eighteenth-Century Poetry Archive (ECPA).</p>
         </projectDesc>
         <editorialDecl>
            <p>The text has been typographically modernized, but without any silent modernization of
						spelling, capitalization, or punctuation. The source of the text is given and all editorial interventions
						have been recorded in textual notes. Based on the electronic text originally produced by the TCP project, this  text has been edited to conform to the recommendations found in Level 5 of the
						Best Practices for TEI in Libraries version 4.0.0.
					</p>
         </editorialDecl>
         <classDecl>
            <taxonomy xml:id="LCNAF">
               <bibl>Library of Congress Name Authority File (<abbr>LCNAF</abbr>)</bibl>
            </taxonomy>
         </classDecl>
         <tagsDecl>
            <rendition n="linegroups indented" xml:id="lgindent" scheme="css">text-indent: 1em;</rendition>
            <rendition n="linegroups vertically spaced" xml:id="lgvspace" scheme="css">margin-bottom: 1em;</rendition>
            <rendition n="aligned centrally" xml:id="align-center" scheme="css">text-align: center;</rendition>
            <rendition n="aligned right" xml:id="align-right" scheme="css">text-align: right;</rendition>
            <rendition n="aligned left" xml:id="align-left" scheme="css">text-align: left;</rendition>
            <rendition n="inline" xml:id="inline" scheme="css">display: inline</rendition>
            <rendition n="italic" xml:id="i" scheme="css">font-style: italic;</rendition>
            <rendition n="bold" xml:id="b" scheme="css">font-weight: bold;</rendition>
         </tagsDecl>
      </encodingDesc>
   </teiHeader>
   <text>
      <body>
         <div xmlns:ecep="http://www.eighteenthcenturypoetry.org/ns"
              ana="#iamb #tetrameter #quatrain #pair #hymn"
              corresp="#txt_WeslCh1707_w0046"
              decls="#semi-normalized"
              ecep:syllab="8.8.8.8"
              met="-+|-+|-+|-+/ -+|-+|-+|-+/ -+|-+|-+|-+/ -+|-+|-+|-+/"
              rendition="#lgvspace"
              rhyme="aabb"
              subtype="eceptext"
              type="poem"
              xml:id="o3900-w1300">
            <link target="authors.xml#aut_WeslCh1707" type="author"/>
            <head type="main">
               <w xmlns:ecep="http://www.eighteenthcenturypoetry.org/ns"
                  xml:id="o3900-467960"
                  n="227-a-0600"
                  ecep:lem="hymn"
                  ecep:pos="n1"
                  ecep:reg="HYMN"
                  ecep:spe="HYMN"
                  ecep:syllab="1"
                  ecep:pron="hɪm">HYMN</w>
               <c> </c>
               <w xmlns:ecep="http://www.eighteenthcenturypoetry.org/ns"
                  xml:id="o3900-467970"
                  n="227-a-0610"
                  ecep:lem="for"
                  ecep:pos="p-acp"
                  ecep:reg="for"
                  ecep:spe="for"
                  ecep:syllab="1"
                  ecep:pron="fɔː">for</w>
               <c> </c>
               <w xmlns:ecep="http://www.eighteenthcenturypoetry.org/ns"
                  xml:id="o3900-467980"
                  n="227-a-0620"
                  ecep:lem="the"
                  ecep:pos="dt"
                  ecep:reg="the"
                  ecep:spe="the"
                  ecep:syllab="1"
                  ecep:pron="ðiː">the</w>
               <c> </c>
               <w xmlns:ecep="http://www.eighteenthcenturypoetry.org/ns"
                  xml:id="o3900-467990"
                  n="227-a-0630"
                  ecep:lem="Epiphany"
                  ecep:pos="np1"
                  ecep:reg="EPIPHANY"
                  ecep:spe="EPIPHANY"
                  ecep:syllab="4"
                  ecep:pron="ɪˈpɪfni">EPIPHANY</w>
               <pc xmlns:ecep="http://www.eighteenthcenturypoetry.org/ns"
                   xml:id="o3900-468000"
                   n="227-a-0640"
                   unit="sentence"
                   ecep:lem="."
                   ecep:pos="."
                   ecep:reg="."
                   ecep:spe=".">.</pc>
            </head>
            <lg n="1" xml:id="o3900-s04640">
               <head>
                  <w xmlns:ecep="http://www.eighteenthcenturypoetry.org/ns"
                     xml:id="o3900-468040"
                     n="227-a-0650"
                     ecep:lem="i"
                     ecep:pos="pns11"
                     ecep:reg="I"
                     ecep:spe="I."
                     ecep:syllab="1"
                     ecep:pron="ˈaɪ">I.</w>
                  <pc unit="sentence" xml:id="o3900-468040-eos" n="227-a-0660"/>
               </head>
               <l xml:id="o3900-l24500">
                  <w xmlns:ecep="http://www.eighteenthcenturypoetry.org/ns"
                     xml:id="o3900-468060"
                     n="227-a-0670"
                     ecep:lem="son"
                     ecep:pos="n2"
                     ecep:reg="SONS"
                     ecep:spe="SONS"
                     ecep:syllab="1"
                     ecep:pron="sʌnz">SONS</w>
                  <c> </c>
                  <w xmlns:ecep="http://www.eighteenthcenturypoetry.org/ns"
                     xml:id="o3900-468070"
                     n="227-a-0680"
                     ecep:lem="of"
                     ecep:pos="pp-f"
                     ecep:reg="of"
                     ecep:spe="of"
                     ecep:syllab="1"
                     ecep:pron="ɒv">of</w>
                  <c> </c>
                  <w xmlns:ecep="http://www.eighteenthcenturypoetry.org/ns"
                     xml:id="o3900-468080"
                     n="227-a-0690"
                     ecep:lem="man"
                     ecep:pos="n2"
                     ecep:reg="Men"
                     ecep:spe="Men"
                     ecep:syllab="1"
                     ecep:pron="men">Men</w>
                  <pc xmlns:ecep="http://www.eighteenthcenturypoetry.org/ns"
                      xml:id="o3900-468090"
                      n="227-a-0700"
                      ecep:lem=","
                      ecep:pos=","
                      ecep:reg=","
                      ecep:spe=",">,</pc>
                  <c> </c>
                  <w xmlns:ecep="http://www.eighteenthcenturypoetry.org/ns"
                     xml:id="o3900-468100"
                     n="227-a-0710"
                     ecep:lem="behold"
                     ecep:pos="vvb"
                     ecep:reg="behold"
                     ecep:spe="behold"
                     ecep:syllab="2"
                     ecep:pron="bɪˈhəʊld">behold</w>
                  <c> </c>
                  <w xmlns:ecep="http://www.eighteenthcenturypoetry.org/ns"
                     xml:id="o3900-468110"
                     n="227-a-0720"
                     ecep:lem="from"
                     ecep:pos="p-acp"
                     ecep:reg="from"
                     ecep:spe="from"
                     ecep:syllab="1"
                     ecep:pron="frɒm">from</w>
                  <c> </c>
                  <w xmlns:ecep="http://www.eighteenthcenturypoetry.org/ns"
                     xml:id="o3900-468120"
                     n="227-a-0730"
                     ecep:lem="far"
                     ecep:pos="av-j"
                     ecep:reg="far"
                     ecep:spe="far"
                     ecep:syllab="1"
                     ecep:pron="fɑː">far</w>
               </l>
               <l xml:id="o3900-l24505">
                  <c> </c>
                  <w xmlns:ecep="http://www.eighteenthcenturypoetry.org/ns"
                     xml:id="o3900-468130"
                     n="227-a-0740"
                     ecep:lem="hail"
                     ecep:pos="uh-v"
                     ecep:reg="Hail"
                     ecep:spe="Hail"
                     ecep:syllab="1"
                     ecep:pron="heɪl">Hail</w>
                  <c> </c>
                  <w xmlns:ecep="http://www.eighteenthcenturypoetry.org/ns"
                     xml:id="o3900-468140"
                     n="227-a-0750"
                     ecep:lem="the"
                     ecep:pos="dt"
                     ecep:reg="the"
                     ecep:spe="the"
                     ecep:syllab="1"
                     ecep:pron="ðiː">the</w>
                  <c> </c>
                  <w xmlns:ecep="http://www.eighteenthcenturypoetry.org/ns"
                     xml:id="o3900-468150"
                     n="227-a-0760"
                     ecep:lem="long-expected"
                     ecep:pos="j"
                     ecep:reg="long-expected"
                     ecep:spe="long-expected"
                     ecep:syllab="4"
                     ecep:pron="ˌlɒŋɪkˈspektɪd">long-expected</w>
                  <c> </c>
                  <w xmlns:ecep="http://www.eighteenthcenturypoetry.org/ns"
                     xml:id="o3900-468160"
                     n="227-a-0770"
                     ecep:lem="star"
                     ecep:pos="n1"
                     ecep:reg="Star"
                     ecep:spe="Star"
                     ecep:syllab="1"
                     ecep:pron="stɑː">Star</w>
                  <pc xmlns:ecep="http://www.eighteenthcenturypoetry.org/ns"
                      xml:id="o3900-468170"
                      n="227-a-0780"
                      unit="sentence"
                      ecep:lem="!"
                      ecep:pos="!"
                      ecep:reg="!"
                      ecep:spe="!">!</pc>
                  <c> </c>
               </l>
               <l xml:id="o3900-l24510">
                  <hi>
                     <w xmlns:ecep="http://www.eighteenthcenturypoetry.org/ns"
                        xml:id="o3900-468180.1"
                        n="227-a-0790"
                        rend="plain_apostrophe"
                        ecep:lem="Jacob"
                        ecep:pos="npg1"
                        ecep:reg="Jacob's"
                        ecep:spe="Jacob's"
                        ecep:syllab="2"
                        ecep:pron="ˈdʒeɪkəbz">Jacob's</w>
                  </hi>
                  <c> </c>
                  <w xmlns:ecep="http://www.eighteenthcenturypoetry.org/ns"
                     xml:id="o3900-468190"
                     n="227-a-0800"
                     ecep:lem="star"
                     ecep:pos="n1"
                     ecep:reg="Star"
                     ecep:spe="Star"
                     ecep:syllab="1"
                     ecep:pron="stɑː">Star</w>
                  <c> </c>
                  <w xmlns:ecep="http://www.eighteenthcenturypoetry.org/ns"
                     xml:id="o3900-468200"
                     n="227-a-0810"
                     ecep:lem="that"
                     ecep:pos="cst"
                     ecep:reg="that"
                     ecep:spe="that"
                     ecep:syllab="1"
                     ecep:pron="ðæt">that</w>
                  <c> </c>
                  <w xmlns:ecep="http://www.eighteenthcenturypoetry.org/ns"
                     xml:id="o3900-468210"
                     n="227-a-0820"
                     ecep:lem="gild"
                     ecep:pos="vvz"
                     ecep:reg="gilds"
                     ecep:spe="gilds"
                     ecep:syllab="1"
                     ecep:pron="gɪldz">gilds</w>
                  <c> </c>
                  <w xmlns:ecep="http://www.eighteenthcenturypoetry.org/ns"
                     xml:id="o3900-468220"
                     n="227-a-0830"
                     ecep:lem="the"
                     ecep:pos="dt"
                     ecep:reg="the"
                     ecep:spe="the"
                     ecep:syllab="1"
                     ecep:pron="ðiː">the</w>
                  <c> </c>
                  <w xmlns:ecep="http://www.eighteenthcenturypoetry.org/ns"
                     xml:id="o3900-468230"
                     n="227-a-0840"
                     ecep:lem="night"
                     ecep:pos="n1"
                     ecep:reg="Night"
                     ecep:spe="Night"
                     ecep:syllab="1"
                     ecep:pron="naɪt">Night</w>
                  <pc xmlns:ecep="http://www.eighteenthcenturypoetry.org/ns"
                      xml:id="o3900-468240"
                      n="227-a-0850"
                      ecep:lem=","
                      ecep:pos=","
                      ecep:reg=","
                      ecep:spe=",">,</pc>
               </l>
               <l xml:id="o3900-l24515">
                  <c> </c>
                  <w xmlns:ecep="http://www.eighteenthcenturypoetry.org/ns"
                     xml:id="o3900-468250"
                     n="227-a-0860"
                     ecep:lem="guide"
                     ecep:pos="vvz"
                     ecep:reg="Guides"
                     ecep:spe="Guides"
                     ecep:syllab="1"
                     ecep:pron="gaɪdz">Guides</w>
                  <c> </c>
                  <w xmlns:ecep="http://www.eighteenthcenturypoetry.org/ns"
                     xml:id="o3900-468260"
                     n="227-a-0870"
                     ecep:lem="bewilder"
                     ecep:pos="j-vvn"
                     ecep:reg="bewildered"
                     ecep:spe="bewilder'd"
                     ecep:syllab="3"
                     ecep:pron="bɪˈwɪldəd">bewilder'd</w>
                  <c> </c>
                  <w xmlns:ecep="http://www.eighteenthcenturypoetry.org/ns"
                     xml:id="o3900-468270"
                     n="227-a-0880"
                     ecep:lem="nature"
                     ecep:pos="n1"
                     ecep:reg="Nature"
                     ecep:spe="Nature"
                     ecep:syllab="2"
                     ecep:pron="ˈneɪtʃə">Nature</w>
                  <c> </c>
                  <w xmlns:ecep="http://www.eighteenthcenturypoetry.org/ns"
                     xml:id="o3900-468280"
                     n="227-a-0890"
                     ecep:lem="right"
                     ecep:pos="j-jn"
                     ecep:reg="right"
                     ecep:spe="right"
                     ecep:syllab="1"
                     ecep:pron="raɪt">right</w>
                  <pc xmlns:ecep="http://www.eighteenthcenturypoetry.org/ns"
                      xml:id="o3900-468290"
                      n="227-a-0900"
                      unit="sentence"
                      ecep:lem="."
                      ecep:pos="."
                      ecep:reg="."
                      ecep:spe=".">.</pc>
                  <c> </c>
               </l>
            </lg>
            <lg n="2" xml:id="o3900-s04645">
               <head>
                  <w xmlns:ecep="http://www.eighteenthcenturypoetry.org/ns"
                     xml:id="o3900-468330"
                     n="227-a-0910"
                     ecep:lem="ii"
                     ecep:pos="crd"
                     ecep:reg="II"
                     ecep:spe="II"
                     ecep:syllab="1"
                     ecep:pron="rˌəʊməntˈuː">II</w>
                  <pc xmlns:ecep="http://www.eighteenthcenturypoetry.org/ns"
                      xml:id="o3900-468340"
                      n="227-a-0920"
                      unit="sentence"
                      ecep:lem="."
                      ecep:pos="."
                      ecep:reg="."
                      ecep:spe=".">.</pc>
               </head>
               <l xml:id="o3900-l24520">
                  <w xmlns:ecep="http://www.eighteenthcenturypoetry.org/ns"
                     xml:id="o3900-468360"
                     n="227-a-0930"
                     ecep:lem="fear"
                     ecep:pos="n1"
                     ecep:reg="Fear"
                     ecep:spe="Fear"
                     ecep:syllab="1"
                     ecep:pron="fɪə">Fear</w>
                  <c> </c>
                  <w xmlns:ecep="http://www.eighteenthcenturypoetry.org/ns"
                     xml:id="o3900-468370"
                     n="227-a-0940"
                     ecep:lem="not"
                     ecep:pos="xx"
                     ecep:reg="not"
                     ecep:spe="not"
                     ecep:syllab="1"
                     ecep:pron="nɒt">not</w>
                  <c> </c>
                  <w xmlns:ecep="http://www.eighteenthcenturypoetry.org/ns"
                     xml:id="o3900-468380"
                     n="227-a-0950"
                     ecep:lem="hence"
                     ecep:pos="av"
                     ecep:reg="hence"
                     ecep:spe="hence"
                     ecep:syllab="1"
                     ecep:pron="hens">hence</w>
                  <c> </c>
                  <w xmlns:ecep="http://www.eighteenthcenturypoetry.org/ns"
                     xml:id="o3900-468390"
                     n="227-a-0960"
                     ecep:lem="that"
                     ecep:pos="d"
                     ecep:reg="that"
                     ecep:spe="that"
                     ecep:syllab="1"
                     ecep:pron="ðæt">that</w>
                  <c> </c>
                  <w xmlns:ecep="http://www.eighteenthcenturypoetry.org/ns"
                     xml:id="o3900-468400"
                     n="227-a-0970"
                     ecep:lem="ill"
                     ecep:pos="av-jn"
                     ecep:reg="Ill"
                     ecep:spe="Ill"
                     ecep:syllab="1"
                     ecep:pron="ɪl">Ill</w>
                  <c> </c>
                  <w xmlns:ecep="http://www.eighteenthcenturypoetry.org/ns"
                     xml:id="o3900-468410"
                     n="227-a-0980"
                     ecep:lem="shall"
                     ecep:pos="vmd"
                     ecep:reg="should"
                     ecep:spe="should"
                     ecep:syllab="1"
                     ecep:pron="ʃʊd">should</w>
                  <c> </c>
                  <w xmlns:ecep="http://www.eighteenthcenturypoetry.org/ns"
                     xml:id="o3900-468420"
                     n="227-a-0990"
                     ecep:lem="flow"
                     ecep:pos="vvi"
                     ecep:reg="flow"
                     ecep:spe="flow"
                     ecep:syllab="1"
                     ecep:pron="fləʊ">flow</w>
                  <pc xmlns:ecep="http://www.eighteenthcenturypoetry.org/ns"
                      xml:id="o3900-468430"
                      n="227-a-1000"
                      ecep:lem=","
                      ecep:pos=","
                      ecep:reg=","
                      ecep:spe=",">,</pc>
               </l>
               <l xml:id="o3900-l24525">
                  <c> </c>
                  <w xmlns:ecep="http://www.eighteenthcenturypoetry.org/ns"
                     xml:id="o3900-468440"
                     n="227-a-1010"
                     ecep:lem="war"
                     ecep:pos="n2"
                     ecep:reg="Wars"
                     ecep:spe="Wars"
                     ecep:syllab="1"
                     ecep:pron="wɔːz">Wars</w>
                  <c> </c>
                  <w xmlns:ecep="http://www.eighteenthcenturypoetry.org/ns"
                     xml:id="o3900-468450"
                     n="227-a-1020"
                     ecep:lem="or"
                     ecep:pos="cc"
                     ecep:reg="or"
                     ecep:spe="or"
                     ecep:syllab="1"
                     ecep:pron="ɔː">or</w>
                  <c> </c>
                  <w xmlns:ecep="http://www.eighteenthcenturypoetry.org/ns"
                     xml:id="o3900-468460"
                     n="227-a-1030"
                     ecep:lem="pestilence"
                     ecep:pos="n1"
                     ecep:reg="Pestilence"
                     ecep:spe="Pestilence"
                     ecep:syllab="3"
                     ecep:pron="ˈpestɪləns">Pestilence</w>
                  <c> </c>
                  <w xmlns:ecep="http://www.eighteenthcenturypoetry.org/ns"
                     xml:id="o3900-468470"
                     n="227-a-1040"
                     ecep:lem="below"
                     ecep:pos="a-acp"
                     ecep:reg="below"
                     ecep:spe="below"
                     ecep:syllab="2"
                     ecep:pron="bɪˈləʊ">below</w>
                  <pc xmlns:ecep="http://www.eighteenthcenturypoetry.org/ns"
                      xml:id="o3900-468480"
                      n="227-a-1050"
                      ecep:lem=","
                      ecep:pos=","
                      ecep:reg=","
                      ecep:spe=",">,</pc>
               </l>
               <l xml:id="o3900-l24530">
                  <c> </c>
                  <w xmlns:ecep="http://www.eighteenthcenturypoetry.org/ns"
                     xml:id="o3900-468490"
                     n="227-a-1060"
                     ecep:lem="war"
                     ecep:pos="n2"
                     ecep:reg="Wars"
                     ecep:spe="Wars"
                     ecep:syllab="1"
                     ecep:pron="wɔːz">Wars</w>
                  <c> </c>
                  <w xmlns:ecep="http://www.eighteenthcenturypoetry.org/ns"
                     xml:id="o3900-468500"
                     n="227-a-1070"
                     ecep:lem="it"
                     ecep:pos="pn31"
                     ecep:reg="it"
                     ecep:spe="it"
                     ecep:syllab="1"
                     ecep:pron="ɪt">it</w>
                  <c> </c>
                  <w xmlns:ecep="http://www.eighteenthcenturypoetry.org/ns"
                     xml:id="o3900-468510"
                     n="227-a-1080"
                     ecep:lem="bid"
                     ecep:pos="vvz"
                     ecep:reg="bids"
                     ecep:spe="bids"
                     ecep:syllab="1"
                     ecep:pron="bɪdz">bids</w>
                  <c> </c>
                  <w xmlns:ecep="http://www.eighteenthcenturypoetry.org/ns"
                     xml:id="o3900-468520"
                     n="227-a-1090"
                     ecep:lem="and"
                     ecep:pos="cc"
                     ecep:reg="and"
                     ecep:spe="and"
                     ecep:syllab="1"
                     ecep:pron="ænd">and</w>
                  <c> </c>
                  <w xmlns:ecep="http://www.eighteenthcenturypoetry.org/ns"
                     xml:id="o3900-468530"
                     n="227-a-1100"
                     ecep:lem="tumult"
                     ecep:pos="n2"
                     ecep:reg="Tumults"
                     ecep:spe="Tumults"
                     ecep:syllab="2"
                     ecep:pron="ˈtʃuːmʌlts">Tumults</w>
                  <c> </c>
                  <w xmlns:ecep="http://www.eighteenthcenturypoetry.org/ns"
                     xml:id="o3900-468540"
                     n="227-a-1110"
                     ecep:lem="cease"
                     ecep:pos="vvb"
                     ecep:reg="cease"
                     ecep:spe="cease"
                     ecep:syllab="1"
                     ecep:pron="siːs">cease</w>
                  <pc xmlns:ecep="http://www.eighteenthcenturypoetry.org/ns"
                      xml:id="o3900-468550"
                      n="227-a-1120"
                      ecep:lem=","
                      ecep:pos=","
                      ecep:reg=","
                      ecep:spe=",">,</pc>
               </l>
               <l xml:id="o3900-l24535">
                  <c> </c>
                  <w xmlns:ecep="http://www.eighteenthcenturypoetry.org/ns"
                     xml:id="o3900-468560"
                     n="227-a-1130"
                     ecep:lem="usher"
                     ecep:pos="vvg"
                     ecep:reg="Ushering"
                     ecep:spe="Ushering"
                     ecep:syllab="3"
                     ecep:pron="ˈʌʃrɪŋ">Ushering</w>
                  <c> </c>
                  <w xmlns:ecep="http://www.eighteenthcenturypoetry.org/ns"
                     xml:id="o3900-468570"
                     n="227-a-1140"
                     ecep:lem="in"
                     ecep:pos="p-acp"
                     ecep:reg="in"
                     ecep:spe="in"
                     ecep:syllab="1"
                     ecep:pron="ɪn">in</w>
                  <c> </c>
                  <w xmlns:ecep="http://www.eighteenthcenturypoetry.org/ns"
                     xml:id="o3900-468580"
                     n="227-a-1150"
                     ecep:lem="the"
                     ecep:pos="dt"
                     ecep:reg="the"
                     ecep:spe="the"
                     ecep:syllab="1"
                     ecep:pron="ðiː">the</w>
                  <c> </c>
                  <w xmlns:ecep="http://www.eighteenthcenturypoetry.org/ns"
                     xml:id="o3900-468590"
                     n="227-a-1160"
                     ecep:lem="prince"
                     ecep:pos="n1"
                     ecep:reg="Prince"
                     ecep:spe="Prince"
                     ecep:syllab="1"
                     ecep:pron="prɪns">Prince</w>
                  <c> </c>
                  <w xmlns:ecep="http://www.eighteenthcenturypoetry.org/ns"
                     xml:id="o3900-468600"
                     n="227-a-1170"
                     ecep:lem="of"
                     ecep:pos="pp-f"
                     ecep:reg="of"
                     ecep:spe="of"
                     ecep:syllab="1"
                     ecep:pron="ɒv">of</w>
                  <c> </c>
                  <w xmlns:ecep="http://www.eighteenthcenturypoetry.org/ns"
                     xml:id="o3900-468610"
                     n="227-a-1180"
                     ecep:lem="peace"
                     ecep:pos="n1"
                     ecep:reg="Peace"
                     ecep:spe="Peace"
                     ecep:syllab="1"
                     ecep:pron="piːs">Peace</w>
                  <pc xmlns:ecep="http://www.eighteenthcenturypoetry.org/ns"
                      xml:id="o3900-468620"
                      n="227-a-1190"
                      unit="sentence"
                      ecep:lem="."
                      ecep:pos="."
                      ecep:reg="."
                      ecep:spe=".">.</pc>
                  <c> </c>
               </l>
            </lg>
            <lg n="3" xml:id="o3900-s04650">
               <head>
                  <w xmlns:ecep="http://www.eighteenthcenturypoetry.org/ns"
                     xml:id="o3900-468660"
                     n="227-a-1200"
                     ecep:lem="iii"
                     ecep:pos="crd"
                     ecep:reg="III"
                     ecep:spe="III"
                     ecep:syllab="1"
                     ecep:pron="rˌəʊmənθrˈiː">III</w>
                  <pc xmlns:ecep="http://www.eighteenthcenturypoetry.org/ns"
                      xml:id="o3900-468670"
                      n="227-a-1210"
                      unit="sentence"
                      ecep:lem="."
                      ecep:pos="."
                      ecep:reg="."
                      ecep:spe=".">.</pc>
               </head>
               <l xml:id="o3900-l24540">
                  <w xmlns:ecep="http://www.eighteenthcenturypoetry.org/ns"
                     xml:id="o3900-468690"
                     n="227-a-1220"
                     ecep:lem="mild"
                     ecep:pos="j"
                     ecep:reg="Mild"
                     ecep:spe="Mild"
                     ecep:syllab="1"
                     ecep:pron="maɪld">Mild</w>
                  <c> </c>
                  <w xmlns:ecep="http://www.eighteenthcenturypoetry.org/ns"
                     xml:id="o3900-468700"
                     n="227-a-1230"
                     ecep:lem="he"
                     ecep:pos="pns31"
                     ecep:reg="He"
                     ecep:spe="He"
                     ecep:syllab="1"
                     ecep:pron="hiː">He</w>
                  <c> </c>
                  <w xmlns:ecep="http://www.eighteenthcenturypoetry.org/ns"
                     xml:id="o3900-468710"
                     n="227-a-1240"
                     ecep:lem="shine"
                     ecep:pos="vvz"
                     ecep:reg="shines"
                     ecep:spe="shines"
                     ecep:syllab="1"
                     ecep:pron="ʃaɪnz">shines</w>
                  <c> </c>
                  <w xmlns:ecep="http://www.eighteenthcenturypoetry.org/ns"
                     xml:id="o3900-468720"
                     n="227-a-1250"
                     ecep:lem="on"
                     ecep:pos="p-acp"
                     ecep:reg="on"
                     ecep:spe="on"
                     ecep:syllab="1"
                     ecep:pron="ɒn">on</w>
                  <c> </c>
                  <w xmlns:ecep="http://www.eighteenthcenturypoetry.org/ns"
                     xml:id="o3900-468730"
                     n="227-a-1260"
                     ecep:lem="all"
                     ecep:pos="d"
                     ecep:reg="all"
                     ecep:spe="all"
                     ecep:syllab="1"
                     ecep:pron="ɔːl">all</w>
                  <c> </c>
                  <w xmlns:ecep="http://www.eighteenthcenturypoetry.org/ns"
                     xml:id="o3900-468740"
                     n="227-a-1270"
                     ecep:lem="beneath"
                     ecep:pos="a-acp"
                     ecep:reg="beneath"
                     ecep:spe="beneath"
                     ecep:syllab="2"
                     ecep:pron="bɪˈniːθ">beneath</w>
                  <pc xmlns:ecep="http://www.eighteenthcenturypoetry.org/ns"
                      xml:id="o3900-468750"
                      n="227-a-1280"
                      ecep:lem=","
                      ecep:pos=","
                      ecep:reg=","
                      ecep:spe=",">,</pc>
               </l>
               <l xml:id="o3900-l24545">
                  <c> </c>
                  <w xmlns:ecep="http://www.eighteenthcenturypoetry.org/ns"
                     xml:id="o3900-468760"
                     n="227-a-1290"
                     ecep:lem="pierce"
                     ecep:pos="vvg"
                     ecep:reg="Piercing"
                     ecep:spe="Piercing"
                     ecep:syllab="2"
                     ecep:pron="pɪəsɪŋ">Piercing</w>
                  <c> </c>
                  <w xmlns:ecep="http://www.eighteenthcenturypoetry.org/ns"
                     xml:id="o3900-468770"
                     n="227-a-1300"
                     ecep:lem="through"
                     ecep:pos="p-acp"
                     ecep:reg="through"
                     ecep:spe="thro'"
                     ecep:syllab="1"
                     ecep:pron="θruː">thro'</w>
                  <c> </c>
                  <w xmlns:ecep="http://www.eighteenthcenturypoetry.org/ns"
                     xml:id="o3900-468780"
                     n="227-a-1310"
                     ecep:lem="the"
                     ecep:pos="dt"
                     ecep:reg="the"
                     ecep:spe="the"
                     ecep:syllab="1"
                     ecep:pron="ðiː">the</w>
                  <c> </c>
                  <w xmlns:ecep="http://www.eighteenthcenturypoetry.org/ns"
                     xml:id="o3900-468790"
                     n="227-a-1320"
                     ecep:lem="shade"
                     ecep:pos="n1"
                     ecep:reg="Shade"
                     ecep:spe="Shade"
                     ecep:syllab="1"
                     ecep:pron="ʃeɪd">Shade</w>
                  <c> </c>
                  <w xmlns:ecep="http://www.eighteenthcenturypoetry.org/ns"
                     xml:id="o3900-468800"
                     n="227-a-1330"
                     ecep:lem="of"
                     ecep:pos="pp-f"
                     ecep:reg="of"
                     ecep:spe="of"
                     ecep:syllab="1"
                     ecep:pron="ɒv">of</w>
                  <c> </c>
                  <w xmlns:ecep="http://www.eighteenthcenturypoetry.org/ns"
                     xml:id="o3900-468810"
                     n="227-a-1340"
                     ecep:lem="death"
                     ecep:pos="n1"
                     ecep:reg="Death"
                     ecep:spe="Death"
                     ecep:syllab="1"
                     ecep:pron="deθ">Death</w>
                  <pc xmlns:ecep="http://www.eighteenthcenturypoetry.org/ns"
                      xml:id="o3900-468820"
                      n="227-a-1350"
                      ecep:lem=","
                      ecep:pos=","
                      ecep:reg=","
                      ecep:spe=",">,</pc>
               </l>
               <l xml:id="o3900-l24550">
                  <c> </c>
                  <w xmlns:ecep="http://www.eighteenthcenturypoetry.org/ns"
                     xml:id="o3900-468830"
                     n="227-a-1360"
                     ecep:lem="scatter"
                     ecep:pos="vvg"
                     ecep:reg="Scattering"
                     ecep:spe="Scatt'ring"
                     ecep:syllab="2"
                     ecep:pron="skˈætrɪŋ">Scatt'ring</w>
                  <c> </c>
                  <w xmlns:ecep="http://www.eighteenthcenturypoetry.org/ns"
                     xml:id="o3900-468840"
                     n="227-a-1370"
                     ecep:lem="error"
                     ecep:pos="ng1"
                     ecep:reg="Error's"
                     ecep:spe="Error's"
                     ecep:syllab="2"
                     ecep:pron="ˈerəz">Error's</w>
                  <c> </c>
                  <w xmlns:ecep="http://www.eighteenthcenturypoetry.org/ns"
                     xml:id="o3900-468850"
                     n="227-a-1380"
                     ecep:lem="widespread"
                     ecep:pos="j"
                     ecep:reg="widespread"
                     ecep:spe="wide-spread"
                     ecep:syllab="2"
                     ecep:pron="waɪdˌspred">wide-spread</w>
                  <c> </c>
                  <w xmlns:ecep="http://www.eighteenthcenturypoetry.org/ns"
                     xml:id="o3900-468860"
                     n="227-a-1390"
                     ecep:lem="night"
                     ecep:pos="n1"
                     ecep:reg="Night"
                     ecep:spe="Night"
                     ecep:syllab="1"
                     ecep:pron="naɪt">Night</w>
                  <pc xmlns:ecep="http://www.eighteenthcenturypoetry.org/ns"
                      xml:id="o3900-468870"
                      n="227-a-1400"
                      ecep:lem=","
                      ecep:pos=","
                      ecep:reg=","
                      ecep:spe=",">,</pc>
               </l>
               <l xml:id="o3900-l24555">
                  <c> </c>
                  <w xmlns:ecep="http://www.eighteenthcenturypoetry.org/ns"
                     xml:id="o3900-468880"
                     n="227-a-1410"
                     ecep:lem="kindle"
                     ecep:pos="vvg"
                     ecep:reg="Kindling"
                     ecep:spe="Kindling"
                     ecep:syllab="2"
                     ecep:pron="ˈkɪndlɪŋ">Kindling</w>
                  <c> </c>
                  <w xmlns:ecep="http://www.eighteenthcenturypoetry.org/ns"
                     xml:id="o3900-468890"
                     n="227-a-1420"
                     ecep:lem="darkness"
                     ecep:pos="n1"
                     ecep:reg="Darkness"
                     ecep:spe="Darkness"
                     ecep:syllab="2"
                     ecep:pron="dɑːknəs">Darkness</w>
                  <c> </c>
                  <w xmlns:ecep="http://www.eighteenthcenturypoetry.org/ns"
                     xml:id="o3900-468900"
                     n="227-a-1430"
                     ecep:lem="into"
                     ecep:pos="p-acp"
                     ecep:reg="into"
                     ecep:spe="into"
                     ecep:syllab="2"
                     ecep:pron="ˈɪntə">into</w>
                  <c> </c>
                  <w xmlns:ecep="http://www.eighteenthcenturypoetry.org/ns"
                     xml:id="o3900-468910"
                     n="227-a-1440"
                     ecep:lem="light"
                     ecep:pos="n1"
                     ecep:reg="Light"
                     ecep:spe="Light"
                     ecep:syllab="1"
                     ecep:pron="laɪt">Light</w>
                  <pc xmlns:ecep="http://www.eighteenthcenturypoetry.org/ns"
                      xml:id="o3900-468920"
                      n="227-a-1450"
                      unit="sentence"
                      ecep:lem="."
                      ecep:pos="."
                      ecep:reg="."
                      ecep:spe=".">.</pc>
                  <c> </c>
               </l>
            </lg>
            <pb facs="o3900/0235" n="209" rend="none"/>
            <lg n="4" xml:id="o3900-s04655">
               <head>
                  <w xmlns:ecep="http://www.eighteenthcenturypoetry.org/ns"
                     xml:id="o3900-468960"
                     n="228-a-0010"
                     ecep:lem="iv"
                     ecep:pos="crd"
                     ecep:reg="IV"
                     ecep:spe="IV"
                     ecep:syllab="1"
                     ecep:pron="rˌəʊmənfˈɔː">IV</w>
                  <pc xmlns:ecep="http://www.eighteenthcenturypoetry.org/ns"
                      xml:id="o3900-468970"
                      n="228-a-0020"
                      unit="sentence"
                      ecep:lem="."
                      ecep:pos="."
                      ecep:reg="."
                      ecep:spe=".">.</pc>
               </head>
               <l xml:id="o3900-l24560">
                  <w xmlns:ecep="http://www.eighteenthcenturypoetry.org/ns"
                     xml:id="o3900-468990"
                     n="228-a-0030"
                     ecep:lem="nation"
                     ecep:pos="n2"
                     ecep:reg="Nations"
                     ecep:spe="Nations"
                     ecep:syllab="2"
                     ecep:pron="ˈneɪʃnz">Nations</w>
                  <c> </c>
                  <w xmlns:ecep="http://www.eighteenthcenturypoetry.org/ns"
                     xml:id="o3900-469000"
                     n="228-a-0040"
                     ecep:lem="all"
                     ecep:pos="av-d"
                     ecep:reg="all"
                     ecep:spe="all"
                     ecep:syllab="1"
                     ecep:pron="ɔːl">all</w>
                  <pc xmlns:ecep="http://www.eighteenthcenturypoetry.org/ns"
                      xml:id="o3900-469010"
                      n="228-a-0050"
                      ecep:lem=","
                      ecep:pos=","
                      ecep:reg=","
                      ecep:spe=",">,</pc>
                  <c> </c>
                  <w xmlns:ecep="http://www.eighteenthcenturypoetry.org/ns"
                     xml:id="o3900-469020"
                     n="228-a-0060"
                     ecep:lem="far"
                     ecep:pos="av-j"
                     ecep:reg="far"
                     ecep:spe="far"
                     ecep:syllab="1"
                     ecep:pron="fɑː">far</w>
                  <c> </c>
                  <w xmlns:ecep="http://www.eighteenthcenturypoetry.org/ns"
                     xml:id="o3900-469030"
                     n="228-a-0070"
                     ecep:lem="off"
                     ecep:pos="a-acp"
                     ecep:reg="off"
                     ecep:spe="off"
                     ecep:syllab="1"
                     ecep:pron="ɒf">off</w>
                  <c> </c>
                  <w xmlns:ecep="http://www.eighteenthcenturypoetry.org/ns"
                     xml:id="o3900-469040"
                     n="228-a-0080"
                     ecep:lem="and"
                     ecep:pos="cc"
                     ecep:reg="and"
                     ecep:spe="and"
                     ecep:syllab="1"
                     ecep:pron="ænd">and</w>
                  <c> </c>
                  <w xmlns:ecep="http://www.eighteenthcenturypoetry.org/ns"
                     xml:id="o3900-469050"
                     n="228-a-0090"
                     ecep:lem="near"
                     ecep:pos="av-j"
                     ecep:reg="near"
                     ecep:spe="near"
                     ecep:syllab="1"
                     ecep:pron="nɪə">near</w>
                  <pc xmlns:ecep="http://www.eighteenthcenturypoetry.org/ns"
                      xml:id="o3900-469060"
                      n="228-a-0100"
                      ecep:lem=","
                      ecep:pos=","
                      ecep:reg=","
                      ecep:spe=",">,</pc>
               </l>
               <l xml:id="o3900-l24565">
                  <c> </c>
                  <w xmlns:ecep="http://www.eighteenthcenturypoetry.org/ns"
                     xml:id="o3900-469070"
                     n="228-a-0110"
                     ecep:lem="haste"
                     ecep:pos="vvb"
                     ecep:reg="Haste"
                     ecep:spe="Haste"
                     ecep:syllab="1"
                     ecep:pron="heɪst">Haste</w>
                  <c> </c>
                  <w xmlns:ecep="http://www.eighteenthcenturypoetry.org/ns"
                     xml:id="o3900-469080"
                     n="228-a-0120"
                     ecep:lem="to"
                     ecep:pos="pc-acp"
                     ecep:reg="to"
                     ecep:spe="to"
                     ecep:syllab="1"
                     ecep:pron="tuː">to</w>
                  <c> </c>
                  <w xmlns:ecep="http://www.eighteenthcenturypoetry.org/ns"
                     xml:id="o3900-469090"
                     n="228-a-0130"
                     ecep:lem="see"
                     ecep:pos="vvi"
                     ecep:reg="see"
                     ecep:spe="see"
                     ecep:syllab="1"
                     ecep:pron="siː">see</w>
                  <c> </c>
                  <w xmlns:ecep="http://www.eighteenthcenturypoetry.org/ns"
                     xml:id="o3900-469100"
                     n="228-a-0140"
                     ecep:lem="your"
                     ecep:pos="po22"
                     ecep:reg="your"
                     ecep:spe="your"
                     ecep:syllab="1"
                     ecep:pron="jɔː">your</w>
                  <c> </c>
                  <w xmlns:ecep="http://www.eighteenthcenturypoetry.org/ns"
                     xml:id="o3900-469110"
                     n="228-a-0150"
                     ecep:lem="god"
                     ecep:pos="n1"
                     ecep:reg="GOD"
                     ecep:spe="GOD"
                     ecep:syllab="1"
                     ecep:pron="gɒd">GOD</w>
                  <c> </c>
                  <w xmlns:ecep="http://www.eighteenthcenturypoetry.org/ns"
                     xml:id="o3900-469120"
                     n="228-a-0160"
                     ecep:lem="appear"
                     ecep:pos="vvi"
                     ecep:reg="appear"
                     ecep:spe="appear"
                     ecep:syllab="2"
                     ecep:pron="əˈpɪə">appear</w>
                  <pc xmlns:ecep="http://www.eighteenthcenturypoetry.org/ns"
                      xml:id="o3900-469130"
                      n="228-a-0170"
                      unit="sentence"
                      ecep:lem="!"
                      ecep:pos="!"
                      ecep:reg="!"
                      ecep:spe="!">!</pc>
                  <c> </c>
               </l>
               <l xml:id="o3900-l24570">
                  <w xmlns:ecep="http://www.eighteenthcenturypoetry.org/ns"
                     xml:id="o3900-469140"
                     n="228-a-0180"
                     ecep:lem="haste"
                     ecep:pos="n1"
                     ecep:reg="Haste"
                     ecep:spe="Haste"
                     ecep:syllab="1"
                     ecep:pron="heɪst">Haste</w>
                  <pc xmlns:ecep="http://www.eighteenthcenturypoetry.org/ns"
                      xml:id="o3900-469150"
                      n="228-a-0190"
                      ecep:lem=","
                      ecep:pos=","
                      ecep:reg=","
                      ecep:spe=",">,</pc>
                  <c> </c>
                  <w xmlns:ecep="http://www.eighteenthcenturypoetry.org/ns"
                     xml:id="o3900-469160"
                     n="228-a-0200"
                     ecep:lem="for"
                     ecep:pos="p-acp"
                     ecep:reg="for"
                     ecep:spe="for"
                     ecep:syllab="1"
                     ecep:pron="fɔː">for</w>
                  <c> </c>
                  <w xmlns:ecep="http://www.eighteenthcenturypoetry.org/ns"
                     xml:id="o3900-469170"
                     n="228-a-0210"
                     ecep:lem="he"
                     ecep:pos="pno31"
                     ecep:reg="Him"
                     ecep:spe="Him"
                     ecep:syllab="1"
                     ecep:pron="hɪm">Him</w>
                  <c> </c>
                  <w xmlns:ecep="http://www.eighteenthcenturypoetry.org/ns"
                     xml:id="o3900-469180"
                     n="228-a-0220"
                     ecep:lem="your"
                     ecep:pos="po22"
                     ecep:reg="your"
                     ecep:spe="your"
                     ecep:syllab="1"
                     ecep:pron="jɔː">your</w>
                  <c> </c>
                  <w xmlns:ecep="http://www.eighteenthcenturypoetry.org/ns"
                     xml:id="o3900-469190"
                     n="228-a-0230"
                     ecep:lem="heart"
                     ecep:pos="n2"
                     ecep:reg="Hearts"
                     ecep:spe="Hearts"
                     ecep:syllab="1"
                     ecep:pron="hɑːts">Hearts</w>
                  <c> </c>
                  <w xmlns:ecep="http://www.eighteenthcenturypoetry.org/ns"
                     xml:id="o3900-469200"
                     n="228-a-0240"
                     ecep:lem="prepare"
                     ecep:pos="vvi"
                     ecep:reg="prepare"
                     ecep:spe="prepare"
                     ecep:syllab="2"
                     ecep:pron="prɪˈpeə">prepare</w>
                  <pc xmlns:ecep="http://www.eighteenthcenturypoetry.org/ns"
                      xml:id="o3900-469210"
                      n="228-a-0250"
                      ecep:lem=","
                      ecep:pos=","
                      ecep:reg=","
                      ecep:spe=",">,</pc>
               </l>
               <l xml:id="o3900-l24575">
                  <c> </c>
                  <w xmlns:ecep="http://www.eighteenthcenturypoetry.org/ns"
                     xml:id="o3900-469220"
                     n="228-a-0260"
                     ecep:lem="meet"
                     ecep:pos="vvb"
                     ecep:reg="Meet"
                     ecep:spe="Meet"
                     ecep:syllab="1"
                     ecep:pron="miːt">Meet</w>
                  <c> </c>
                  <w xmlns:ecep="http://www.eighteenthcenturypoetry.org/ns"
                     xml:id="o3900-469230"
                     n="228-a-0270"
                     ecep:lem="he"
                     ecep:pos="pno31"
                     ecep:reg="him"
                     ecep:spe="him"
                     ecep:syllab="1"
                     ecep:pron="hɪm">him</w>
                  <c> </c>
                  <w xmlns:ecep="http://www.eighteenthcenturypoetry.org/ns"
                     xml:id="o3900-469240"
                     n="228-a-0280"
                     ecep:lem="manifest"
                     ecep:pos="vvn"
                     ecep:reg="manifested"
                     ecep:spe="manifested"
                     ecep:syllab="4"
                     ecep:pron="ˈmænɪfestɪd">manifested</w>
                  <c> </c>
                  <w xmlns:ecep="http://www.eighteenthcenturypoetry.org/ns"
                     xml:id="o3900-469250"
                     n="228-a-0290"
                     ecep:lem="there"
                     ecep:pos="a-acp"
                     ecep:reg="there"
                     ecep:spe="there"
                     ecep:syllab="1"
                     ecep:pron="ðeə">there</w>
                  <pc xmlns:ecep="http://www.eighteenthcenturypoetry.org/ns"
                      xml:id="o3900-469260"
                      n="228-a-0300"
                      unit="sentence"
                      ecep:lem="!"
                      ecep:pos="!"
                      ecep:reg="!"
                      ecep:spe="!">!</pc>
                  <c> </c>
               </l>
            </lg>
            <lg n="5" xml:id="o3900-s04660">
               <head>
                  <w xmlns:ecep="http://www.eighteenthcenturypoetry.org/ns"
                     xml:id="o3900-469300"
                     n="228-a-0310"
                     ecep:lem="v."
                     ecep:pos="crd"
                     ecep:reg="V"
                     ecep:spe="V."
                     ecep:syllab="1"
                     ecep:pron="viː">V.</w>
                  <pc unit="sentence" xml:id="o3900-469300-eos" n="228-a-0320"/>
               </head>
               <l xml:id="o3900-l24580">
                  <w xmlns:ecep="http://www.eighteenthcenturypoetry.org/ns"
                     xml:id="o3900-469320"
                     n="228-a-0330"
                     ecep:lem="there"
                     ecep:pos="pc-acp"
                     ecep:reg="There"
                     ecep:spe="There"
                     ecep:syllab="1"
                     ecep:pron="ðeə">There</w>
                  <c> </c>
                  <w xmlns:ecep="http://www.eighteenthcenturypoetry.org/ns"
                     xml:id="o3900-469330"
                     n="228-a-0340"
                     ecep:lem="behold"
                     ecep:pos="vvi"
                     ecep:reg="behold"
                     ecep:spe="behold"
                     ecep:syllab="2"
                     ecep:pron="bɪˈhəʊld">behold</w>
                  <c> </c>
                  <w xmlns:ecep="http://www.eighteenthcenturypoetry.org/ns"
                     xml:id="o3900-469340"
                     n="228-a-0350"
                     ecep:lem="the"
                     ecep:pos="dt"
                     ecep:reg="the"
                     ecep:spe="the"
                     ecep:syllab="1"
                     ecep:pron="ðiː">the</w>
                  <c> </c>
                  <w xmlns:ecep="http://www.eighteenthcenturypoetry.org/ns"
                     xml:id="o3900-469350"
                     n="228-a-0360"
                     ecep:lem="day-spring"
                     ecep:pos="n1"
                     ecep:reg="Dayspring"
                     ecep:spe="Day-spring"
                     ecep:syllab="2"
                     ecep:pron="ˈdeɪsprɪŋ">Day-spring</w>
                  <c> </c>
                  <w xmlns:ecep="http://www.eighteenthcenturypoetry.org/ns"
                     xml:id="o3900-469360"
                     n="228-a-0370"
                     ecep:lem="rise"
                     ecep:pos="vvi"
                     ecep:reg="rise"
                     ecep:spe="rise"
                     ecep:syllab="1"
                     ecep:pron="raɪz">rise</w>
                  <pc xmlns:ecep="http://www.eighteenthcenturypoetry.org/ns"
                      xml:id="o3900-469370"
                      n="228-a-0380"
                      ecep:lem=","
                      ecep:pos=","
                      ecep:reg=","
                      ecep:spe=",">,</pc>
               </l>
               <l xml:id="o3900-l24585">
                  <c> </c>
                  <w xmlns:ecep="http://www.eighteenthcenturypoetry.org/ns"
                     xml:id="o3900-469380"
                     n="228-a-0390"
                     ecep:lem="pour"
                     ecep:pos="vvg"
                     ecep:reg="Pouring"
                     ecep:spe="Pouring"
                     ecep:syllab="2"
                     ecep:pron="pɔːɪŋ">Pouring</w>
                  <c> </c>
                  <w xmlns:ecep="http://www.eighteenthcenturypoetry.org/ns"
                     xml:id="o3900-469390"
                     n="228-a-0400"
                     ecep:lem="eye-sight"
                     ecep:pos="n1"
                     ecep:reg="Eyesight"
                     ecep:spe="Eye-sight"
                     ecep:syllab="2"
                     ecep:pron="aɪˌsaɪt">Eye-sight</w>
                  <c> </c>
                  <w xmlns:ecep="http://www.eighteenthcenturypoetry.org/ns"
                     xml:id="o3900-469400"
                     n="228-a-0410"
                     ecep:lem="on"
                     ecep:pos="p-acp"
                     ecep:reg="on"
                     ecep:spe="on"
                     ecep:syllab="1"
                     ecep:pron="ɒn">on</w>
                  <c> </c>
                  <w xmlns:ecep="http://www.eighteenthcenturypoetry.org/ns"
                     xml:id="o3900-469410"
                     n="228-a-0420"
                     ecep:lem="your"
                     ecep:pos="po22"
                     ecep:reg="your"
                     ecep:spe="your"
                     ecep:syllab="1"
                     ecep:pron="jɔː">your</w>
                  <c> </c>
                  <w xmlns:ecep="http://www.eighteenthcenturypoetry.org/ns"
                     xml:id="o3900-469420"
                     n="228-a-0430"
                     ecep:lem="eye"
                     ecep:pos="n2"
                     ecep:reg="Eyes"
                     ecep:spe="Eyes"
                     ecep:syllab="1"
                     ecep:pron="aɪz">Eyes</w>
                  <pc xmlns:ecep="http://www.eighteenthcenturypoetry.org/ns"
                      xml:id="o3900-469430"
                      n="228-a-0440"
                      ecep:lem=","
                      ecep:pos=","
                      ecep:reg=","
                      ecep:spe=",">,</pc>
               </l>
               <l xml:id="o3900-l24590">
                  <c> </c>
                  <w xmlns:ecep="http://www.eighteenthcenturypoetry.org/ns"
                     xml:id="o3900-469440"
                     n="228-a-0450"
                     ecep:lem="god"
                     ecep:pos="n1"
                     ecep:reg="GOD"
                     ecep:spe="GOD"
                     ecep:syllab="1"
                     ecep:pron="gɒd">GOD</w>
                  <c> </c>
                  <w xmlns:ecep="http://www.eighteenthcenturypoetry.org/ns"
                     xml:id="o3900-469450"
                     n="228-a-0460"
                     ecep:lem="in"
                     ecep:pos="p-acp"
                     ecep:reg="in"
                     ecep:spe="in"
                     ecep:syllab="1"
                     ecep:pron="ɪn">in</w>
                  <c> </c>
                  <w xmlns:ecep="http://www.eighteenthcenturypoetry.org/ns"
                     xml:id="o3900-469460"
                     n="228-a-0470"
                     ecep:lem="his"
                     ecep:pos="po31"
                     ecep:reg="his"
                     ecep:spe="his"
                     ecep:syllab="1"
                     ecep:pron="hɪz">his</w>
                  <c> </c>
                  <w xmlns:ecep="http://www.eighteenthcenturypoetry.org/ns"
                     xml:id="o3900-469470"
                     n="228-a-0480"
                     ecep:lem="own"
                     ecep:pos="d"
                     ecep:reg="own"
                     ecep:spe="own"
                     ecep:syllab="1"
                     ecep:pron="əʊn">own</w>
                  <c> </c>
                  <w xmlns:ecep="http://www.eighteenthcenturypoetry.org/ns"
                     xml:id="o3900-469480"
                     n="228-a-0490"
                     ecep:lem="light"
                     ecep:pos="j"
                     ecep:reg="Light"
                     ecep:spe="Light"
                     ecep:syllab="1"
                     ecep:pron="laɪt">Light</w>
                  <c> </c>
                  <w xmlns:ecep="http://www.eighteenthcenturypoetry.org/ns"
                     xml:id="o3900-469490"
                     n="228-a-0500"
                     ecep:lem="survey"
                     ecep:pos="n1"
                     ecep:reg="survey"
                     ecep:spe="survey"
                     ecep:syllab="2"
                     ecep:pron="ˈsɜːveɪ">survey</w>
                  <pc xmlns:ecep="http://www.eighteenthcenturypoetry.org/ns"
                      xml:id="o3900-469500"
                      n="228-a-0510"
                      ecep:lem=","
                      ecep:pos=","
                      ecep:reg=","
                      ecep:spe=",">,</pc>
               </l>
               <l xml:id="o3900-l24595">
                  <c> </c>
                  <w xmlns:ecep="http://www.eighteenthcenturypoetry.org/ns"
                     xml:id="o3900-469510"
                     n="228-a-0520"
                     ecep:lem="shine"
                     ecep:pos="vvg"
                     ecep:reg="Shining"
                     ecep:spe="Shining"
                     ecep:syllab="2"
                     ecep:pron="ʃaɪnɪŋ">Shining</w>
                  <c> </c>
                  <w xmlns:ecep="http://www.eighteenthcenturypoetry.org/ns"
                     xml:id="o3900-469520"
                     n="228-a-0530"
                     ecep:lem="to"
                     ecep:pos="p-acp"
                     ecep:reg="to"
                     ecep:spe="to"
                     ecep:syllab="1"
                     ecep:pron="tuː">to</w>
                  <c> </c>
                  <w xmlns:ecep="http://www.eighteenthcenturypoetry.org/ns"
                     xml:id="o3900-469530"
                     n="228-a-0540"
                     ecep:lem="the"
                     ecep:pos="dt"
                     ecep:reg="the"
                     ecep:spe="the"
                     ecep:syllab="1"
                     ecep:pron="ðiː">the</w>
                  <c> </c>
                  <w xmlns:ecep="http://www.eighteenthcenturypoetry.org/ns"
                     xml:id="o3900-469540"
                     n="228-a-0550"
                     ecep:lem="perfect"
                     ecep:pos="j"
                     ecep:reg="Perfect"
                     ecep:spe="Perfect"
                     ecep:syllab="2"
                     ecep:pron="ˈpɜːfɪkt">Perfect</w>
                  <c> </c>
                  <w xmlns:ecep="http://www.eighteenthcenturypoetry.org/ns"
                     xml:id="o3900-469550"
                     n="228-a-0560"
                     ecep:lem="day"
                     ecep:pos="n1"
                     ecep:reg="Day"
                     ecep:spe="Day"
                     ecep:syllab="1"
                     ecep:pron="deɪ">Day</w>
                  <pc xmlns:ecep="http://www.eighteenthcenturypoetry.org/ns"
                      xml:id="o3900-469560"
                      n="228-a-0570"
                      unit="sentence"
                      ecep:lem="."
                      ecep:pos="."
                      ecep:reg="."
                      ecep:spe=".">.</pc>
                  <c> </c>
               </l>
            </lg>
            <lg n="6" xml:id="o3900-s04665">
               <head>
                  <w xmlns:ecep="http://www.eighteenthcenturypoetry.org/ns"
                     xml:id="o3900-469600"
                     n="228-a-0580"
                     ecep:lem="vi"
                     ecep:pos="crd"
                     ecep:reg="VI"
                     ecep:spe="VI"
                     ecep:syllab="1"
                     ecep:pron="ˈvaɪ">VI</w>
                  <pc xmlns:ecep="http://www.eighteenthcenturypoetry.org/ns"
                      xml:id="o3900-469610"
                      n="228-a-0590"
                      unit="sentence"
                      ecep:lem="."
                      ecep:pos="."
                      ecep:reg="."
                      ecep:spe=".">.</pc>
               </head>
               <l xml:id="o3900-l24600">
                  <w xmlns:ecep="http://www.eighteenthcenturypoetry.org/ns"
                     xml:id="o3900-469630"
                     n="228-a-0600"
                     ecep:lem="sing"
                     ecep:pos="vvb"
                     ecep:reg="Sing"
                     ecep:spe="Sing"
                     ecep:syllab="1"
                     ecep:pron="sɪŋ">Sing</w>
                  <pc xmlns:ecep="http://www.eighteenthcenturypoetry.org/ns"
                      xml:id="o3900-469640"
                      n="228-a-0610"
                      ecep:lem=","
                      ecep:pos=","
                      ecep:reg=","
                      ecep:spe=",">,</pc>
                  <c> </c>
                  <w xmlns:ecep="http://www.eighteenthcenturypoetry.org/ns"
                     xml:id="o3900-469650"
                     n="228-a-0620"
                     ecep:lem="you"
                     ecep:pos="pn22"
                     ecep:reg="you"
                     ecep:spe="ye"
                     ecep:syllab="1"
                     ecep:pron="jiː">ye</w>
                  <c> </c>
                  <w xmlns:ecep="http://www.eighteenthcenturypoetry.org/ns"
                     xml:id="o3900-469660"
                     n="228-a-0630"
                     ecep:lem="morning"
                     ecep:pos="n1"
                     ecep:reg="Morning"
                     ecep:spe="Morning"
                     ecep:syllab="2"
                     ecep:pron="ˈmɔːnɪŋ">Morning</w>
                  <c> </c>
                  <w xmlns:ecep="http://www.eighteenthcenturypoetry.org/ns"
                     xml:id="o3900-469670"
                     n="228-a-0640"
                     ecep:lem="star"
                     ecep:pos="n2"
                     ecep:reg="Stars"
                     ecep:spe="Stars"
                     ecep:syllab="1"
                     ecep:pron="stɑːz">Stars</w>
                  <c> </c>
                  <w xmlns:ecep="http://www.eighteenthcenturypoetry.org/ns"
                     xml:id="o3900-469680"
                     n="228-a-0650"
                     ecep:lem="again"
                     ecep:pos="av"
                     ecep:reg="again"
                     ecep:spe="again"
                     ecep:syllab="2"
                     ecep:pron="əˈgen">again</w>
                  <pc xmlns:ecep="http://www.eighteenthcenturypoetry.org/ns"
                      xml:id="o3900-469690"
                      n="228-a-0660"
                      ecep:lem=","
                      ecep:pos=","
                      ecep:reg=","
                      ecep:spe=",">,</pc>
               </l>
               <l xml:id="o3900-l24605">
                  <c> </c>
                  <w xmlns:ecep="http://www.eighteenthcenturypoetry.org/ns"
                     xml:id="o3900-469700"
                     n="228-a-0670"
                     ecep:lem="god"
                     ecep:pos="n1"
                     ecep:reg="GOD"
                     ecep:spe="GOD"
                     ecep:syllab="1"
                     ecep:pron="gɒd">GOD</w>
                  <c> </c>
                  <w xmlns:ecep="http://www.eighteenthcenturypoetry.org/ns"
                     xml:id="o3900-469710"
                     n="228-a-0680"
                     ecep:lem="descend"
                     ecep:pos="vvz"
                     ecep:reg="descends"
                     ecep:spe="descends"
                     ecep:syllab="2"
                     ecep:pron="dɪˈsendz">descends</w>
                  <c> </c>
                  <w xmlns:ecep="http://www.eighteenthcenturypoetry.org/ns"
                     xml:id="o3900-469720"
                     n="228-a-0690"
                     ecep:lem="on"
                     ecep:pos="p-acp"
                     ecep:reg="on"
                     ecep:spe="on"
                     ecep:syllab="1"
                     ecep:pron="ɒn">on</w>
                  <c> </c>
                  <w xmlns:ecep="http://www.eighteenthcenturypoetry.org/ns"
                     xml:id="o3900-469730"
                     n="228-a-0700"
                     ecep:lem="earth"
                     ecep:pos="n1"
                     ecep:reg="Earth"
                     ecep:spe="Earth"
                     ecep:syllab="1"
                     ecep:pron="ɜːθ">Earth</w>
                  <c> </c>
                  <w xmlns:ecep="http://www.eighteenthcenturypoetry.org/ns"
                     xml:id="o3900-469740"
                     n="228-a-0710"
                     ecep:lem="to"
                     ecep:pos="pc-acp"
                     ecep:reg="to"
                     ecep:spe="to"
                     ecep:syllab="1"
                     ecep:pron="tuː">to</w>
                  <c> </c>
                  <w xmlns:ecep="http://www.eighteenthcenturypoetry.org/ns"
                     xml:id="o3900-469750"
                     n="228-a-0720"
                     ecep:lem="reign"
                     ecep:pos="vvi"
                     ecep:reg="reign"
                     ecep:spe="reign"
                     ecep:syllab="1"
                     ecep:pron="reɪn">reign</w>
                  <pc xmlns:ecep="http://www.eighteenthcenturypoetry.org/ns"
                      xml:id="o3900-469760"
                      n="228-a-0730"
                      ecep:lem=","
                      ecep:pos=","
                      ecep:reg=","
                      ecep:spe=",">,</pc>
               </l>
               <l xml:id="o3900-l24610">
                  <c> </c>
                  <w xmlns:ecep="http://www.eighteenthcenturypoetry.org/ns"
                     xml:id="o3900-469770"
                     n="228-a-0740"
                     ecep:lem="deign"
                     ecep:pos="vvz"
                     ecep:reg="Deigns"
                     ecep:spe="Deigns"
                     ecep:syllab="1"
                     ecep:pron="deɪnz">Deigns</w>
                  <c> </c>
                  <w xmlns:ecep="http://www.eighteenthcenturypoetry.org/ns"
                     xml:id="o3900-469780"
                     n="228-a-0750"
                     ecep:lem="for"
                     ecep:pos="p-acp"
                     ecep:reg="for"
                     ecep:spe="for"
                     ecep:syllab="1"
                     ecep:pron="fɔː">for</w>
                  <c> </c>
                  <w xmlns:ecep="http://www.eighteenthcenturypoetry.org/ns"
                     xml:id="o3900-469790"
                     n="228-a-0760"
                     ecep:lem="man"
                     ecep:pos="n1"
                     ecep:reg="Man"
                     ecep:spe="Man"
                     ecep:syllab="1"
                     ecep:pron="mæn">Man</w>
                  <c> </c>
                  <w xmlns:ecep="http://www.eighteenthcenturypoetry.org/ns"
                     xml:id="o3900-469800"
                     n="228-a-0770"
                     ecep:lem="his"
                     ecep:pos="po31"
                     ecep:reg="his"
                     ecep:spe="his"
                     ecep:syllab="1"
                     ecep:pron="hɪz">his</w>
                  <c> </c>
                  <w xmlns:ecep="http://www.eighteenthcenturypoetry.org/ns"
                     xml:id="o3900-469810"
                     n="228-a-0780"
                     ecep:lem="life"
                     ecep:pos="n1"
                     ecep:reg="Life"
                     ecep:spe="Life"
                     ecep:syllab="1"
                     ecep:pron="laɪf">Life</w>
                  <c> </c>
                  <w xmlns:ecep="http://www.eighteenthcenturypoetry.org/ns"
                     xml:id="o3900-469820"
                     n="228-a-0790"
                     ecep:lem="to"
                     ecep:pos="pc-acp"
                     ecep:reg="to"
                     ecep:spe="t'"
                     ecep:syllab="0"
                     ecep:pron="tiː">t'</w>
                  <c> </c>
                  <w xmlns:ecep="http://www.eighteenthcenturypoetry.org/ns"
                     xml:id="o3900-469830"
                     n="228-a-0800"
                     ecep:lem="employ"
                     ecep:pos="vvi"
                     ecep:reg="employ"
                     ecep:spe="employ"
                     ecep:syllab="2"
                     ecep:pron="ɪmˈplɔɪ">employ</w>
                  <pc xmlns:ecep="http://www.eighteenthcenturypoetry.org/ns"
                      xml:id="o3900-469840"
                      n="228-a-0810"
                      ecep:lem=";"
                      ecep:pos=";"
                      ecep:reg=";"
                      ecep:spe=";">;</pc>
               </l>
               <l xml:id="o3900-l24615">
                  <c> </c>
                  <w xmlns:ecep="http://www.eighteenthcenturypoetry.org/ns"
                     xml:id="o3900-469850"
                     n="228-a-0820"
                     ecep:lem="shout"
                     ecep:pos="n1"
                     ecep:reg="Shout"
                     ecep:spe="Shout"
                     ecep:syllab="1"
                     ecep:pron="ʃaʊt">Shout</w>
                  <pc xmlns:ecep="http://www.eighteenthcenturypoetry.org/ns"
                      xml:id="o3900-469860"
                      n="228-a-0830"
                      ecep:lem=","
                      ecep:pos=","
                      ecep:reg=","
                      ecep:spe=",">,</pc>
                  <c> </c>
                  <w xmlns:ecep="http://www.eighteenthcenturypoetry.org/ns"
                     xml:id="o3900-469870"
                     n="228-a-0840"
                     ecep:lem="you"
                     ecep:pos="pn22"
                     ecep:reg="you"
                     ecep:spe="ye"
                     ecep:syllab="1"
                     ecep:pron="jiː">ye</w>
                  <c> </c>
                  <w xmlns:ecep="http://www.eighteenthcenturypoetry.org/ns"
                     xml:id="o3900-469880"
                     n="228-a-0850"
                     ecep:lem="son"
                     ecep:pos="n2"
                     ecep:reg="Sons"
                     ecep:spe="Sons"
                     ecep:syllab="1"
                     ecep:pron="sʌnz">Sons</w>
                  <c> </c>
                  <w xmlns:ecep="http://www.eighteenthcenturypoetry.org/ns"
                     xml:id="o3900-469890"
                     n="228-a-0860"
                     ecep:lem="of"
                     ecep:pos="pp-f"
                     ecep:reg="of"
                     ecep:spe="of"
                     ecep:syllab="1"
                     ecep:pron="ɒv">of</w>
                  <c> </c>
                  <w xmlns:ecep="http://www.eighteenthcenturypoetry.org/ns"
                     xml:id="o3900-469900"
                     n="228-a-0870"
                     ecep:lem="god"
                     ecep:pos="n1"
                     ecep:reg="GOD"
                     ecep:spe="GOD"
                     ecep:syllab="1"
                     ecep:pron="gɒd">GOD</w>
                  <pc xmlns:ecep="http://www.eighteenthcenturypoetry.org/ns"
                      xml:id="o3900-469910"
                      n="228-a-0880"
                      ecep:lem=","
                      ecep:pos=","
                      ecep:reg=","
                      ecep:spe=",">,</pc>
                  <c> </c>
                  <w xmlns:ecep="http://www.eighteenthcenturypoetry.org/ns"
                     xml:id="o3900-469920"
                     n="228-a-0890"
                     ecep:lem="for"
                     ecep:pos="p-acp"
                     ecep:reg="for"
                     ecep:spe="for"
                     ecep:syllab="1"
                     ecep:pron="fɔː">for</w>
                  <c> </c>
                  <w xmlns:ecep="http://www.eighteenthcenturypoetry.org/ns"
                     xml:id="o3900-469930"
                     n="228-a-0900"
                     ecep:lem="joy"
                     ecep:pos="n1"
                     ecep:reg="Joy"
                     ecep:spe="Joy"
                     ecep:syllab="1"
                     ecep:pron="dʒɔɪ">Joy</w>
                  <pc xmlns:ecep="http://www.eighteenthcenturypoetry.org/ns"
                      xml:id="o3900-469940"
                      n="228-a-0910"
                      unit="sentence"
                      ecep:lem="!"
                      ecep:pos="!"
                      ecep:reg="!"
                      ecep:spe="!">!</pc>
                  <c> </c>
               </l>
            </lg>
         </div>
      </body>
   </text>
</TEI>
