<?xml version="1.0" encoding="UTF-8"?>
<?xml-model href="../tei_all.rnc" type="application/relax-ng-compact-syntax"?>
<TEI xmlns="http://www.tei-c.org/ns/1.0">
   <teiHeader>
      <fileDesc>
         <titleStmt>
            <title corresp="#txt_PrioMa1664_w0029">CLOE HUNTING.</title>
            <author corresp="authors.xml#aut_PrioMa1664">Matthew Prior</author>
            <respStmt>
               <name xml:id="AH">Alexander Huber</name>
               <resp>Editor</resp>
            </respStmt>
            <funder>
               <name type="institution" xml:id="BOD">Bodleian Libraries, University of Oxford</name>
               <address>
                  <addrLine>Broad Street</addrLine>
                  <addrLine>Oxford OX1 3BG</addrLine>
                  <addrLine>UK</addrLine>
               </address>
            </funder>
         </titleStmt>
         <publicationStmt>
            <publisher xml:id="ECPA">Eighteenth-Century Poetry Archive</publisher>
            <address>
               <addrLine>Taylor Institution Library</addrLine>
               <addrLine>St Giles'</addrLine>
               <addrLine>Oxford OX1 3NA</addrLine>
               <addrLine>UK</addrLine>
               <addrLine>
                  <email>info@eighteenthcenturypoetry.org</email>
               </addrLine>
               <addrLine>
                  <ref target="https://www.eighteenthcenturypoetry.org/">https://www.eighteenthcenturypoetry.org/</ref>
               </addrLine>
            </address>
            <pubPlace>Oxford</pubPlace>
            <availability status="restricted">
               <licence target="http://creativecommons.org/licenses/by-sa/3.0/">This work is licensed under a Creative Commons Attribution-ShareAlike 3.0 Unported License.</licence>
            </availability>
            <idno type="ESTC">T075639</idno>
         </publicationStmt>
         <sourceDesc>
            <bibl>
               <author>Prior, Matthew, 1664-1721.</author>
               <title>Poems on Several Occasions [English poems only].</title>
               <pubPlace>London</pubPlace>
               <publisher>Printed for JACOB TONSON at Shakespear's-Head over against Katharine-Street in the Strand, and JOHN BARBER upon Lambeth-Hill. MDCCXVIII.</publisher>
               <date>1718</date>
               <biblScope>p. 74.</biblScope>
               <extent>[42],506,[6]p.: ill.; 2°.</extent>
            </bibl>
         </sourceDesc>
      </fileDesc>
      <encodingDesc>
         <projectDesc>
            <p>This e-text is part of the Works section of the Eighteenth-Century Poetry Archive (ECPA).</p>
            <p>XML created for the Eighteenth-Century Poetry Archive (ECPA).</p>
         </projectDesc>
         <editorialDecl>
            <p>Typography, spelling, capitalization, and punctuation have been cautiously modernized. The source of the text is given and all significant
						editorial interventions have been recorded in textual notes. This  text has been edited to conform to the recommendations found 
						in Level 5 of the
						Best Practices for TEI in Libraries version 4.0.0.
					</p>
         </editorialDecl>
         <classDecl>
            <taxonomy xml:id="LCNAF">
               <bibl>Library of Congress Name Authority File (<abbr>LCNAF</abbr>)</bibl>
            </taxonomy>
         </classDecl>
         <tagsDecl>
            <rendition n="linegroups indented" xml:id="lgindent" scheme="css">text-indent: 1em;</rendition>
            <rendition n="linegroups vertically spaced" xml:id="lgvspace" scheme="css">margin-bottom: 1em;</rendition>
            <rendition n="aligned centrally" xml:id="align-center" scheme="css">text-align: center;</rendition>
            <rendition n="aligned right" xml:id="align-right" scheme="css">text-align: right;</rendition>
            <rendition n="aligned left" xml:id="align-left" scheme="css">text-align: left;</rendition>
            <rendition n="inline" xml:id="inline" scheme="css">display: inline</rendition>
            <rendition n="italic" xml:id="i" scheme="css">font-style: italic;</rendition>
            <rendition n="bold" xml:id="b" scheme="css">font-weight: bold;</rendition>
         </tagsDecl>
      </encodingDesc>
   </teiHeader>
   <text>
      <body>
         <div xmlns:ecep="http://www.eighteenthcenturypoetry.org/ns"
              xmlns:tei="http://www.tei-c.org/ns/1.0"
              ana="#iamb #pentameter #couplet #pair #ode"
              corresp="#txt_PrioMa1664_w0029"
              decls="#semi-normalized"
              ecep:syllab="10"
              met="-+|-+|-+|-+|-+/"
              rendition="#lgvspace"
              rhyme="aa"
              subtype="eceptext"
              type="poem"
              xml:id="pmp18-w0260">
            <link target="authors.xml#aut_PrioMa1664" type="author"/>
            <head type="main">
               <hi>
                  <w xml:id="pmp18-0191130"
                     n="a-0330"
                     ecep:lem="cloe"
                     ecep:pos="np1"
                     ecep:reg="CLOE"
                     ecep:spe="CLOE"
                     ecep:syllab="1"
                     ecep:pron="klˈəʊi">CLOE</w>
               </hi>
               <c> </c>
               <w xml:id="pmp18-0191140"
                  n="a-0340"
                  ecep:lem="hunt"
                  ecep:pos="j-vvg"
                  ecep:reg="HUNTING"
                  ecep:spe="HUNTING"
                  ecep:syllab="2"
                  ecep:pron="hʌntɪŋ">HUNTING</w>
               <pc xml:id="pmp18-0191150"
                   n="a-0350"
                   unit="sentence"
                   ecep:lem="."
                   ecep:pos="."
                   ecep:reg="."
                   ecep:spe=".">.</pc>
            </head>
            <lg xml:id="pmp18-s01305">
               <l n="1" xml:id="pmp18-l07515">
                  <hi rendition="#sc">
                     <w xml:id="pmp18-0191180"
                        n="a-0360"
                        ecep:lem="behind"
                        ecep:pos="p-acp"
                        ecep:reg="Behind"
                        ecep:spe="Behind"
                        ecep:syllab="2"
                        ecep:pron="bɪˈhaɪnd">Behind</w>
                  </hi>
                  <c> </c>
                  <w xml:id="pmp18-0191190"
                     n="a-0370"
                     ecep:lem="her"
                     ecep:pos="po31"
                     ecep:reg="her"
                     ecep:spe="her"
                     ecep:syllab="1"
                     ecep:pron="hɜː">her</w>
                  <c> </c>
                  <w xml:id="pmp18-0191200"
                     n="a-0380"
                     ecep:lem="neck"
                     ecep:pos="n1"
                     ecep:reg="Neck"
                     ecep:spe="Neck"
                     ecep:syllab="1"
                     ecep:pron="nek">Neck</w>
                  <c> </c>
                  <w xml:id="pmp18-0191210"
                     n="a-0390"
                     ecep:lem="her"
                     ecep:pos="po31"
                     ecep:reg="her"
                     ecep:spe="her"
                     ecep:syllab="1"
                     ecep:pron="hɜː">her</w>
                  <c> </c>
                  <w xml:id="pmp18-0191220"
                     n="a-0400"
                     ecep:lem="comely"
                     ecep:pos="j"
                     ecep:reg="comely"
                     ecep:spe="comely"
                     ecep:syllab="2"
                     ecep:pron="ˈkʌmli">comely</w>
                  <c> </c>
                  <w xml:id="pmp18-0191230"
                     n="a-0410"
                     ecep:lem="tress"
                     ecep:pos="n2"
                     ecep:reg="Tresses"
                     ecep:spe="Tresses"
                     ecep:syllab="2"
                     ecep:pron="tresɪz">Tresses</w>
                  <c> </c>
                  <w xml:id="pmp18-0191240"
                     n="a-0420"
                     ecep:lem="tie"
                     ecep:pos="vvn"
                     ecep:reg="tied"
                     ecep:spe="ty'd"
                     ecep:syllab="1"
                     ecep:pron="taɪd">ty'd</w>
                  <pc xml:id="pmp18-0191250"
                      n="a-0430"
                      ecep:lem=","
                      ecep:pos=","
                      ecep:reg=","
                      ecep:spe=",">,</pc>
               </l>
               <l n="2" xml:id="pmp18-l07520">
                  <c> </c>
                  <w xml:id="pmp18-0191260"
                     n="a-0440"
                     ecep:lem="her"
                     ecep:pos="po31"
                     ecep:reg="Her"
                     ecep:spe="Her"
                     ecep:syllab="1"
                     ecep:pron="hɜː">Her</w>
                  <c> </c>
                  <w xml:id="pmp18-0191270"
                     n="a-0450"
                     ecep:lem="ivory"
                     ecep:pos="n1"
                     ecep:reg="Ivory"
                     ecep:spe="Iv'ry"
                     ecep:syllab="2"
                     ecep:pron="ˈɪvri">Iv'ry</w>
                  <c> </c>
                  <w xml:id="pmp18-0191280"
                     n="a-0460"
                     ecep:lem="quiver"
                     ecep:pos="vvi"
                     ecep:reg="Quiver"
                     ecep:spe="Quiver"
                     ecep:syllab="2"
                     ecep:pron="ˈkwɪvə">Quiver</w>
                  <c> </c>
                  <w xml:id="pmp18-0191290"
                     n="a-0470"
                     ecep:lem="graceful"
                     ecep:pos="j"
                     ecep:reg="graceful"
                     ecep:spe="graceful"
                     ecep:syllab="2"
                     ecep:pron="ˈgreɪsfl">graceful</w>
                  <c> </c>
                  <w xml:id="pmp18-0191300"
                     n="a-0480"
                     ecep:lem="by"
                     ecep:pos="p-acp"
                     ecep:reg="by"
                     ecep:spe="by"
                     ecep:syllab="1"
                     ecep:pron="baɪ">by</w>
                  <c> </c>
                  <w xml:id="pmp18-0191310"
                     n="a-0490"
                     ecep:lem="her"
                     ecep:pos="po31"
                     ecep:reg="her"
                     ecep:spe="her"
                     ecep:syllab="1"
                     ecep:pron="hɜː">her</w>
                  <c> </c>
                  <w xml:id="pmp18-0191320"
                     n="a-0500"
                     ecep:lem="side"
                     ecep:pos="n1"
                     ecep:reg="Side"
                     ecep:spe="Side"
                     ecep:syllab="1"
                     ecep:pron="saɪd">Side</w>
                  <pc xml:id="pmp18-0191330"
                      n="a-0510"
                      ecep:lem=","
                      ecep:pos=","
                      ecep:reg=","
                      ecep:spe=",">,</pc>
               </l>
               <l n="3" xml:id="pmp18-l07525">
                  <c> </c>
                  <w xml:id="pmp18-0191340"
                     n="a-0520"
                     ecep:lem="a-hunting"
                     ecep:pos="j"
                     ecep:reg="A-Hunting"
                     ecep:spe="A-Hunting"
                     ecep:syllab="3"
                     ecep:pron="əˌhʌntɪŋ">A-Hunting</w>
                  <c> </c>
                  <hi rendition="#sc">
                     <w xml:id="pmp18-0191350"
                        n="a-0530"
                        ecep:lem="cloe"
                        ecep:pos="np1"
                        ecep:reg="Cloe"
                        ecep:spe="Cloe"
                        ecep:syllab="1"
                        ecep:pron="klˈəʊi">Cloe</w>
                  </hi>
                  <c> </c>
                  <w xml:id="pmp18-0191360"
                     n="a-0540"
                     ecep:lem="go"
                     ecep:pos="vvd"
                     ecep:reg="went"
                     ecep:spe="went"
                     ecep:syllab="1"
                     ecep:pron="went">went</w>
                  <pc xml:id="pmp18-0191370"
                      n="a-0550"
                      ecep:lem=":"
                      ecep:pos=":"
                      ecep:reg=":"
                      ecep:spe=":">:</pc>
                  <c> </c>
                  <w xml:id="pmp18-0191380"
                     n="a-0560"
                     ecep:lem="she"
                     ecep:pos="pns31"
                     ecep:reg="She"
                     ecep:spe="She"
                     ecep:syllab="1"
                     ecep:pron="ʃiː">She</w>
                  <c> </c>
                  <w xml:id="pmp18-0191390"
                     n="a-0570"
                     ecep:lem="lose"
                     ecep:pos="vvd"
                     ecep:reg="lost"
                     ecep:spe="lost"
                     ecep:syllab="1"
                     ecep:pron="lɒst">lost</w>
                  <c> </c>
                  <w xml:id="pmp18-0191400"
                     n="a-0580"
                     ecep:lem="her"
                     ecep:pos="po31"
                     ecep:reg="her"
                     ecep:spe="her"
                     ecep:syllab="1"
                     ecep:pron="hɜː">her</w>
                  <c> </c>
                  <w xml:id="pmp18-0191410"
                     n="a-0590"
                     ecep:lem="way"
                     ecep:pos="n1"
                     ecep:reg="Way"
                     ecep:spe="Way"
                     ecep:syllab="1"
                     ecep:pron="weɪ">Way</w>
                  <pc xml:id="pmp18-0191420"
                      n="a-0600"
                      ecep:lem=","
                      ecep:pos=","
                      ecep:reg=","
                      ecep:spe=",">,</pc>
               </l>
               <l n="4" xml:id="pmp18-l07530">
                  <c> </c>
                  <w xml:id="pmp18-0191430"
                     n="a-0610"
                     ecep:lem="and"
                     ecep:pos="cc"
                     ecep:reg="And"
                     ecep:spe="And"
                     ecep:syllab="1"
                     ecep:pron="ænd">And</w>
                  <c> </c>
                  <w xml:id="pmp18-0191440"
                     n="a-0620"
                     ecep:lem="through"
                     ecep:pos="p-acp"
                     ecep:reg="through"
                     ecep:spe="thro'"
                     ecep:syllab="1"
                     ecep:pron="θruː">thro'</w>
                  <c> </c>
                  <w xml:id="pmp18-0191450"
                     n="a-0630"
                     ecep:lem="the"
                     ecep:pos="dt"
                     ecep:reg="the"
                     ecep:spe="the"
                     ecep:syllab="1"
                     ecep:pron="ðiː">the</w>
                  <c> </c>
                  <w xml:id="pmp18-0191460"
                     n="a-0640"
                     ecep:lem="wood"
                     ecep:pos="n2"
                     ecep:reg="Woods"
                     ecep:spe="Woods"
                     ecep:syllab="1"
                     ecep:pron="wʊdz">Woods</w>
                  <c> </c>
                  <w xml:id="pmp18-0191470"
                     n="a-0650"
                     ecep:lem="uncertain"
                     ecep:pos="j"
                     ecep:reg="uncertain"
                     ecep:spe="uncertain"
                     ecep:syllab="3"
                     ecep:pron="ʌnˈsɜːtn">uncertain</w>
                  <c> </c>
                  <w xml:id="pmp18-0191480"
                     n="a-0660"
                     ecep:lem="chance"
                     ecep:pos="vvn"
                     ecep:reg="chanced"
                     ecep:spe="chanc'd"
                     ecep:syllab="1"
                     ecep:pron="tʃɑːnst">chanc'd</w>
                  <c> </c>
                  <w xml:id="pmp18-0191490"
                     n="a-0670"
                     ecep:lem="to"
                     ecep:pos="pc-acp"
                     ecep:reg="to"
                     ecep:spe="to"
                     ecep:syllab="1"
                     ecep:pron="tuː">to</w>
                  <c> </c>
                  <w xml:id="pmp18-0191500"
                     n="a-0680"
                     ecep:lem="stray"
                     ecep:pos="vvi"
                     ecep:reg="stray"
                     ecep:spe="stray"
                     ecep:syllab="1"
                     ecep:pron="streɪ">stray</w>
                  <pc xml:id="pmp18-0191510"
                      n="a-0690"
                      unit="sentence"
                      ecep:lem="."
                      ecep:pos="."
                      ecep:reg="."
                      ecep:spe=".">.</pc>
                  <c> </c>
               </l>
               <l n="5" xml:id="pmp18-l07535">
                  <hi rendition="#sc">
                     <w xml:id="pmp18-0191520"
                        n="a-0700"
                        ecep:lem="Apollo"
                        ecep:pos="np1"
                        ecep:reg="Apollo"
                        ecep:spe="Apollo"
                        ecep:syllab="3"
                        ecep:pron="əˈpɒləʊ">Apollo</w>
                  </hi>
                  <c> </c>
                  <w xml:id="pmp18-0191530"
                     n="a-0710"
                     ecep:lem="pass"
                     ecep:pos="vvg"
                     ecep:reg="passing"
                     ecep:spe="passing"
                     ecep:syllab="2"
                     ecep:pron="pɑːsɪŋ">passing</w>
                  <c> </c>
                  <w xml:id="pmp18-0191540"
                     n="a-0720"
                     ecep:lem="by"
                     ecep:pos="p-acp"
                     ecep:reg="by"
                     ecep:spe="by"
                     ecep:syllab="1"
                     ecep:pron="baɪ">by</w>
                  <c> </c>
                  <w xml:id="pmp18-0191550"
                     n="a-0730"
                     ecep:lem="behold"
                     ecep:pos="vvd"
                     ecep:reg="beheld"
                     ecep:spe="beheld"
                     ecep:syllab="2"
                     ecep:pron="bɪˈheld">beheld</w>
                  <c> </c>
                  <w xml:id="pmp18-0191560"
                     n="a-0740"
                     ecep:lem="the"
                     ecep:pos="dt"
                     ecep:reg="the"
                     ecep:spe="the"
                     ecep:syllab="1"
                     ecep:pron="ðiː">the</w>
                  <c> </c>
                  <w xml:id="pmp18-0191570"
                     n="a-0750"
                     ecep:lem="maid"
                     ecep:pos="n1"
                     ecep:reg="Maid"
                     ecep:spe="Maid"
                     ecep:syllab="1"
                     ecep:pron="meɪd">Maid</w>
                  <pc xml:id="pmp18-0191580"
                      n="a-0760"
                      ecep:lem=";"
                      ecep:pos=";"
                      ecep:reg=";"
                      ecep:spe=";">;</pc>
               </l>
               <l n="6" xml:id="pmp18-l07540">
                  <c> </c>
                  <w xml:id="pmp18-0191590"
                     n="a-0770"
                     ecep:lem="and"
                     ecep:pos="cc"
                     ecep:reg="And"
                     ecep:spe="And"
                     ecep:syllab="1"
                     ecep:pron="ænd">And</w>
                  <pc xml:id="pmp18-0191600"
                      n="a-0780"
                      ecep:lem=","
                      ecep:pos=","
                      ecep:reg=","
                      ecep:spe=",">,</pc>
                  <c> </c>
                  <w xml:id="pmp18-0191610"
                     n="a-0790"
                     ecep:lem="sister"
                     ecep:pos="n1"
                     ecep:reg="Sister"
                     ecep:spe="Sister"
                     ecep:syllab="2"
                     ecep:pron="ˈsɪstə">Sister</w>
                  <c> </c>
                  <w xml:id="pmp18-0191620"
                     n="a-0800"
                     ecep:lem="dear"
                     ecep:pos="j-jn"
                     ecep:reg="Dear"
                     ecep:spe="Dear"
                     ecep:syllab="1"
                     ecep:pron="dɪə">Dear</w>
                  <pc xml:id="pmp18-0191630"
                      n="a-0810"
                      ecep:lem=","
                      ecep:pos=","
                      ecep:reg=","
                      ecep:spe=",">,</pc>
                  <c> </c>
                  <w xml:id="pmp18-0191640"
                     n="a-0820"
                     ecep:lem="bright"
                     ecep:pos="j"
                     ecep:reg="bright"
                     ecep:spe="bright"
                     ecep:syllab="1"
                     ecep:pron="braɪt">bright</w>
                  <c> </c>
                  <hi rendition="#sc">
                     <w xml:id="pmp18-0191650"
                        n="a-0830"
                        ecep:lem="Cynthia"
                        ecep:pos="np1"
                        ecep:reg="Cynthia"
                        ecep:spe="Cynthia"
                        ecep:syllab="3"
                        ecep:pron="ˈsɪnθiə">Cynthia</w>
                  </hi>
                  <c> </c>
                  <w xml:id="pmp18-0191660"
                     n="a-0840"
                     ecep:lem="turn"
                     ecep:pos="vvi"
                     ecep:reg="turn"
                     ecep:spe="turn"
                     ecep:syllab="1"
                     ecep:pron="tɜːn">turn</w>
                  <pc xml:id="pmp18-0191670"
                      n="a-0850"
                      ecep:lem=","
                      ecep:pos=","
                      ecep:reg=","
                      ecep:spe=",">,</pc>
                  <c> </c>
                  <w xml:id="pmp18-0191680"
                     n="a-0860"
                     ecep:lem="he"
                     ecep:pos="pns31"
                     ecep:reg="He"
                     ecep:spe="He"
                     ecep:syllab="1"
                     ecep:pron="hiː">He</w>
                  <c> </c>
                  <w xml:id="pmp18-0191690"
                     n="a-0870"
                     ecep:lem="say"
                     ecep:pos="vvd"
                     ecep:reg="said"
                     ecep:spe="said"
                     ecep:syllab="1"
                     ecep:pron="sed">said</w>
                  <pc xml:id="pmp18-0191700"
                      n="a-0880"
                      ecep:lem=":"
                      ecep:pos=":"
                      ecep:reg=":"
                      ecep:spe=":">:</pc>
               </l>
               <l n="7" xml:id="pmp18-l07545">
                  <c> </c>
                  <w xml:id="pmp18-0191710"
                     n="a-0890"
                     ecep:lem="the"
                     ecep:pos="dt"
                     ecep:reg="The"
                     ecep:spe="The"
                     ecep:syllab="1"
                     ecep:pron="ðiː">The</w>
                  <c> </c>
                  <w xml:id="pmp18-0191720"
                     n="a-0900"
                     ecep:lem="hunt"
                     ecep:pos="j-vvn"
                     ecep:reg="hunted"
                     ecep:spe="hunted"
                     ecep:syllab="2"
                     ecep:pron="hʌntɪd">hunted</w>
                  <c> </c>
                  <w xml:id="pmp18-0191730"
                     n="a-0910"
                     ecep:lem="hind"
                     ecep:pos="n1"
                     ecep:reg="Hind"
                     ecep:spe="Hind"
                     ecep:syllab="1"
                     ecep:pron="haɪnd">Hind</w>
                  <c> </c>
                  <w xml:id="pmp18-0191740"
                     n="a-0920"
                     ecep:lem="lie"
                     ecep:pos="vvz"
                     ecep:reg="lies"
                     ecep:spe="lyes"
                     ecep:syllab="1"
                     ecep:pron="laɪz">lyes</w>
                  <c> </c>
                  <w xml:id="pmp18-0191750"
                     n="a-0930"
                     ecep:lem="close"
                     ecep:pos="av-j"
                     ecep:reg="close"
                     ecep:spe="close"
                     ecep:syllab="1"
                     ecep:pron="kləʊz">close</w>
                  <c> </c>
                  <w xml:id="pmp18-0191760"
                     n="a-0940"
                     ecep:lem="in"
                     ecep:pos="p-acp"
                     ecep:reg="in"
                     ecep:spe="in"
                     ecep:syllab="1"
                     ecep:pron="ɪn">in</w>
                  <c> </c>
                  <w xml:id="pmp18-0191770"
                     n="a-0950"
                     ecep:lem="yonder"
                     ecep:pos="d"
                     ecep:reg="yonder"
                     ecep:spe="yonder"
                     ecep:syllab="2"
                     ecep:pron="ˈjɒndə">yonder</w>
                  <c> </c>
                  <w xml:id="pmp18-0191780"
                     n="a-0960"
                     ecep:lem="brake"
                     ecep:pos="n1"
                     ecep:reg="Brake"
                     ecep:spe="Brake"
                     ecep:syllab="1"
                     ecep:pron="breɪk">Brake</w>
                  <pc xml:id="pmp18-0191790"
                      n="a-0970"
                      unit="sentence"
                      ecep:lem="."
                      ecep:pos="."
                      ecep:reg="."
                      ecep:spe=".">.</pc>
                  <c> </c>
               </l>
               <l n="8" xml:id="pmp18-l07550">
                  <w xml:id="pmp18-0191800"
                     n="a-0980"
                     ecep:lem="loud"
                     ecep:pos="j"
                     ecep:reg="Loud"
                     ecep:spe="Loud"
                     ecep:syllab="1"
                     ecep:pron="laʊd">Loud</w>
                  <c> </c>
                  <hi rendition="#sc">
                     <w xml:id="pmp18-0191810"
                        n="a-0990"
                        ecep:lem="Cupid"
                        ecep:pos="np1"
                        ecep:reg="Cupid"
                        ecep:spe="Cupid"
                        ecep:syllab="2"
                        ecep:pron="ˈkjuːpɪd">Cupid</w>
                  </hi>
                  <c> </c>
                  <w xml:id="pmp18-0191820"
                     n="a-1000"
                     ecep:lem="laugh"
                     ecep:pos="vvd"
                     ecep:reg="laughed"
                     ecep:spe="laugh'd"
                     ecep:syllab="1"
                     ecep:pron="lɑːft">laugh'd</w>
                  <pc xml:id="pmp18-0191830"
                      n="a-1010"
                      ecep:lem=","
                      ecep:pos=","
                      ecep:reg=","
                      ecep:spe=",">,</pc>
                  <c> </c>
                  <w xml:id="pmp18-0191840"
                     n="a-1020"
                     ecep:lem="to"
                     ecep:pos="pc-acp"
                     ecep:reg="to"
                     ecep:spe="to"
                     ecep:syllab="1"
                     ecep:pron="tuː">to</w>
                  <c> </c>
                  <w xml:id="pmp18-0191850"
                     n="a-1030"
                     ecep:lem="see"
                     ecep:pos="vvi"
                     ecep:reg="see"
                     ecep:spe="see"
                     ecep:syllab="1"
                     ecep:pron="siː">see</w>
                  <c> </c>
                  <w xml:id="pmp18-0191860"
                     n="a-1040"
                     ecep:lem="the"
                     ecep:pos="dt"
                     ecep:reg="the"
                     ecep:spe="the"
                     ecep:syllab="1"
                     ecep:pron="ðiː">the</w>
                  <c> </c>
                  <w xml:id="pmp18-0191870"
                     n="a-1050"
                     ecep:lem="God"
                     ecep:pos="npg1"
                     ecep:reg="God's"
                     ecep:spe="God's"
                     ecep:syllab="1"
                     ecep:pron="ˈgɒdz">God's</w>
                  <c> </c>
                  <w xml:id="pmp18-0191880"
                     n="a-1060"
                     ecep:lem="mistake"
                     ecep:pos="n1"
                     ecep:reg="Mistake"
                     ecep:spe="Mistake"
                     ecep:syllab="2"
                     ecep:pron="mɪˈsteɪk">Mistake</w>
                  <pc xml:id="pmp18-0191890"
                      n="a-1070"
                      ecep:lem=";"
                      ecep:pos=";"
                      ecep:reg=";"
                      ecep:spe=";">;</pc>
               </l>
               <l n="9" xml:id="pmp18-l07555">
                  <c> </c>
                  <w xml:id="pmp18-0191900"
                     n="a-1080"
                     ecep:lem="and"
                     ecep:pos="cc"
                     ecep:reg="And"
                     ecep:spe="And"
                     ecep:syllab="1"
                     ecep:pron="ænd">And</w>
                  <c> </c>
                  <w xml:id="pmp18-0191910"
                     n="a-1090"
                     ecep:lem="laugh"
                     ecep:pos="vvg"
                     ecep:reg="laughing"
                     ecep:spe="laughing"
                     ecep:syllab="2"
                     ecep:pron="lɑːfɪŋ">laughing</w>
                  <c> </c>
                  <w xml:id="pmp18-0191920"
                     n="a-1100"
                     ecep:lem="cry"
                     ecep:pos="vvd"
                     ecep:reg="cried"
                     ecep:spe="cry'd"
                     ecep:syllab="1"
                     ecep:pron="kraɪd">cry'd</w>
                  <pc xml:id="pmp18-0191930"
                      n="a-1110"
                      ecep:lem=","
                      ecep:pos=","
                      ecep:reg=","
                      ecep:spe=",">,</pc>
                  <c> </c>
                  <w xml:id="pmp18-0191940"
                     n="a-1120"
                     ecep:lem="learn"
                     ecep:pos="vvb"
                     ecep:reg="Learn"
                     ecep:spe="Learn"
                     ecep:syllab="1"
                     ecep:pron="lɜːn">Learn</w>
                  <c> </c>
                  <w xml:id="pmp18-0191950"
                     n="a-1130"
                     ecep:lem="better"
                     ecep:pos="av-jc"
                     ecep:reg="better"
                     ecep:spe="better"
                     ecep:syllab="2"
                     ecep:pron="ˈbetə">better</w>
                  <pc xml:id="pmp18-0191960"
                      n="a-1140"
                      ecep:lem=","
                      ecep:pos=","
                      ecep:reg=","
                      ecep:spe=",">,</pc>
                  <c> </c>
                  <w xml:id="pmp18-0191970"
                     n="a-1150"
                     ecep:lem="great"
                     ecep:pos="j"
                     ecep:reg="great"
                     ecep:spe="great"
                     ecep:syllab="1"
                     ecep:pron="greɪt">great</w>
                  <c> </c>
                  <w xml:id="pmp18-0191980"
                     n="a-1160"
                     ecep:lem="divine"
                     ecep:pos="j-jn"
                     ecep:reg="Divine"
                     ecep:spe="Divine"
                     ecep:syllab="2"
                     ecep:pron="dɪˈvaɪn">Divine</w>
                  <pc xml:id="pmp18-0191990"
                      n="a-1170"
                      ecep:lem=","
                      ecep:pos=","
                      ecep:reg=","
                      ecep:spe=",">,</pc>
               </l>
               <l n="10" xml:id="pmp18-l07560">
                  <c> </c>
                  <w xml:id="pmp18-0192000"
                     n="a-1180"
                     ecep:lem="to"
                     ecep:pos="pc-acp"
                     ecep:reg="To"
                     ecep:spe="To"
                     ecep:syllab="1"
                     ecep:pron="tuː">To</w>
                  <c> </c>
                  <w xml:id="pmp18-0192010"
                     n="a-1190"
                     ecep:lem="know"
                     ecep:pos="vvi"
                     ecep:reg="know"
                     ecep:spe="know"
                     ecep:syllab="1"
                     ecep:pron="nəʊ">know</w>
                  <c> </c>
                  <w xml:id="pmp18-0192020"
                     n="a-1200"
                     ecep:lem="thy"
                     ecep:pos="po21"
                     ecep:reg="Thy"
                     ecep:spe="Thy"
                     ecep:syllab="1"
                     ecep:pron="ðaɪ">Thy</w>
                  <c> </c>
                  <w xml:id="pmp18-0192030"
                     n="a-1210"
                     ecep:lem="kindred"
                     ecep:pos="n1"
                     ecep:reg="Kindred"
                     ecep:spe="Kindred"
                     ecep:syllab="2"
                     ecep:pron="ˈkɪndrəd">Kindred</w>
                  <pc xml:id="pmp18-0192040"
                      n="a-1220"
                      ecep:lem=","
                      ecep:pos=","
                      ecep:reg=","
                      ecep:spe=",">,</pc>
                  <c> </c>
                  <w xml:id="pmp18-0192050"
                     n="a-1230"
                     ecep:lem="and"
                     ecep:pos="cc"
                     ecep:reg="and"
                     ecep:spe="and"
                     ecep:syllab="1"
                     ecep:pron="ænd">and</w>
                  <c> </c>
                  <w xml:id="pmp18-0192060"
                     n="a-1240"
                     ecep:lem="to"
                     ecep:pos="pc-acp"
                     ecep:reg="to"
                     ecep:spe="to"
                     ecep:syllab="1"
                     ecep:pron="tuː">to</w>
                  <c> </c>
                  <w xml:id="pmp18-0192070"
                     n="a-1250"
                     ecep:lem="honour"
                     ecep:pos="vvi"
                     ecep:reg="honour"
                     ecep:spe="honour"
                     ecep:syllab="2"
                     ecep:pron="ˈɒnə">honour</w>
                  <c> </c>
                  <w xml:id="pmp18-0192080"
                     n="a-1260"
                     ecep:lem="i"
                     ecep:pos="png11"
                     ecep:reg="Mine"
                     ecep:spe="Mine"
                     ecep:syllab="1"
                     ecep:pron="maɪn">Mine</w>
                  <pc unit="sentence"
                      xml:id="pmp18-0192080-eos"
                      n="a-1270"
                      ecep:lem="."
                      ecep:pos="."
                      ecep:reg="."
                      ecep:spe=".">.</pc>
                  <c> </c>
               </l>
               <l n="11" xml:id="pmp18-l07565">
                  <w xml:id="pmp18-0192090"
                     n="a-1280"
                     ecep:lem="right"
                     ecep:pos="av-jn"
                     ecep:reg="Rightly"
                     ecep:spe="Rightly"
                     ecep:syllab="2"
                     ecep:pron="raɪtli">Rightly</w>
                  <c> </c>
                  <w xml:id="pmp18-0192100"
                     n="a-1290"
                     ecep:lem="advise"
                     ecep:pos="vvn"
                     ecep:reg="advised"
                     ecep:spe="advis'd"
                     ecep:syllab="2"
                     ecep:pron="ədˈvaɪzd">advis'd</w>
                  <pc xml:id="pmp18-0192110"
                      n="a-1300"
                      ecep:lem=","
                      ecep:pos=","
                      ecep:reg=","
                      ecep:spe=",">,</pc>
                  <c> </c>
                  <w xml:id="pmp18-0192120"
                     n="a-1310"
                     ecep:lem="far"
                     ecep:pos="av-j"
                     ecep:reg="far"
                     ecep:spe="far"
                     ecep:syllab="1"
                     ecep:pron="fɑː">far</w>
                  <c> </c>
                  <w xml:id="pmp18-0192130"
                     n="a-1320"
                     ecep:lem="hence"
                     ecep:pos="av"
                     ecep:reg="hence"
                     ecep:spe="hence"
                     ecep:syllab="1"
                     ecep:pron="hens">hence</w>
                  <c> </c>
                  <w xml:id="pmp18-0192140"
                     n="a-1330"
                     ecep:lem="thy"
                     ecep:pos="po21"
                     ecep:reg="Thy"
                     ecep:spe="Thy"
                     ecep:syllab="1"
                     ecep:pron="ðaɪ">Thy</w>
                  <c> </c>
                  <w xml:id="pmp18-0192150"
                     n="a-1340"
                     ecep:lem="sister"
                     ecep:pos="n1"
                     ecep:reg="Sister"
                     ecep:spe="Sister"
                     ecep:syllab="2"
                     ecep:pron="ˈsɪstə">Sister</w>
                  <c> </c>
                  <w xml:id="pmp18-0192160"
                     n="a-1350"
                     ecep:lem="seek"
                     ecep:pos="vvi"
                     ecep:reg="seek"
                     ecep:spe="seek"
                     ecep:syllab="1"
                     ecep:pron="siːk">seek</w>
                  <pc xml:id="pmp18-0192170"
                      n="a-1360"
                      ecep:lem=","
                      ecep:pos=","
                      ecep:reg=","
                      ecep:spe=",">,</pc>
               </l>
               <l n="12" xml:id="pmp18-l07570">
                  <c> </c>
                  <w xml:id="pmp18-0192180"
                     n="a-1370"
                     ecep:lem="or"
                     ecep:pos="cc"
                     ecep:reg="Or"
                     ecep:spe="Or"
                     ecep:syllab="1"
                     ecep:pron="ɔː">Or</w>
                  <c> </c>
                  <w xml:id="pmp18-0192190"
                     n="a-1380"
                     ecep:lem="on"
                     ecep:pos="p-acp"
                     ecep:reg="on"
                     ecep:spe="on"
                     ecep:syllab="1"
                     ecep:pron="ɒn">on</w>
                  <c> </c>
                  <hi rendition="#sc">
                     <w xml:id="pmp18-0192200"
                        n="a-1390"
                        ecep:lem="meander"
                        ecep:pos="npg1"
                        ecep:reg="Meander's"
                        ecep:spe="Meander's"
                        ecep:syllab="2"
                        ecep:pron="miˈændəz">Meander's</w>
                  </hi>
                  <c> </c>
                  <w xml:id="pmp18-0192210"
                     n="a-1400"
                     ecep:lem="bank"
                     ecep:pos="n1"
                     ecep:reg="Bank"
                     ecep:spe="Bank"
                     ecep:syllab="1"
                     ecep:pron="bæŋk">Bank</w>
                  <pc xml:id="pmp18-0192220"
                      n="a-1410"
                      ecep:lem=","
                      ecep:pos=","
                      ecep:reg=","
                      ecep:spe=",">,</pc>
                  <c> </c>
                  <w xml:id="pmp18-0192230"
                     n="a-1420"
                     ecep:lem="or"
                     ecep:pos="cc"
                     ecep:reg="or"
                     ecep:spe="or"
                     ecep:syllab="1"
                     ecep:pron="ɔː">or</w>
                  <c> </c>
                  <hi rendition="#sc">
                     <w xml:id="pmp18-0192240"
                        n="a-1430"
                        ecep:lem="latmus"
                        ecep:pos="npg1"
                        ecep:reg="Latmus'"
                        ecep:spe="Latmus'"
                        ecep:syllab="2"
                        ecep:pron="lˈætməs">Latmus'</w>
                     <c> </c>
                  </hi>
                  <w xml:id="pmp18-0192260"
                     n="a-1450"
                     ecep:lem="peak"
                     ecep:pos="n1"
                     ecep:reg="Peak"
                     ecep:spe="Peak"
                     ecep:syllab="1"
                     ecep:pron="piːk">Peak</w>
                  <pc xml:id="pmp18-0192270"
                      n="a-1460"
                      unit="sentence"
                      ecep:lem="."
                      ecep:pos="."
                      ecep:reg="."
                      ecep:spe=".">.</pc>
                  <c> </c>
               </l>
               <l n="13" xml:id="pmp18-l07575">
                  <w xml:id="pmp18-0192280"
                     n="a-1470"
                     ecep:lem="but"
                     ecep:pos="p-acp"
                     ecep:reg="But"
                     ecep:spe="But"
                     ecep:syllab="1"
                     ecep:pron="bʌt">But</w>
                  <c> </c>
                  <w xml:id="pmp18-0192290"
                     n="a-1480"
                     ecep:lem="in"
                     ecep:pos="p-acp"
                     ecep:reg="in"
                     ecep:spe="in"
                     ecep:syllab="1"
                     ecep:pron="ɪn">in</w>
                  <c> </c>
                  <w xml:id="pmp18-0192300"
                     n="a-1490"
                     ecep:lem="this"
                     ecep:pos="d"
                     ecep:reg="This"
                     ecep:spe="This"
                     ecep:syllab="1"
                     ecep:pron="ðɪs">This</w>
                  <c> </c>
                  <w xml:id="pmp18-0192310"
                     n="a-1500"
                     ecep:lem="nymph"
                     ecep:pos="n1"
                     ecep:reg="Nymph"
                     ecep:spe="Nymph"
                     ecep:syllab="1"
                     ecep:pron="nɪmf">Nymph</w>
                  <pc xml:id="pmp18-0192320"
                      n="a-1510"
                      ecep:lem=","
                      ecep:pos=","
                      ecep:reg=","
                      ecep:spe=",">,</pc>
                  <c> </c>
                  <w xml:id="pmp18-0192330"
                     n="a-1520"
                     ecep:lem="my"
                     ecep:pos="po11"
                     ecep:reg="My"
                     ecep:spe="My"
                     ecep:syllab="1"
                     ecep:pron="maɪ">My</w>
                  <c> </c>
                  <w xml:id="pmp18-0192340"
                     n="a-1530"
                     ecep:lem="friend"
                     ecep:pos="n1"
                     ecep:reg="Friend"
                     ecep:spe="Friend"
                     ecep:syllab="1"
                     ecep:pron="frend">Friend</w>
                  <pc xml:id="pmp18-0192350"
                      n="a-1540"
                      ecep:lem=","
                      ecep:pos=","
                      ecep:reg=","
                      ecep:spe=",">,</pc>
                  <c> </c>
                  <w xml:id="pmp18-0192360"
                     n="a-1550"
                     ecep:lem="my"
                     ecep:pos="po11"
                     ecep:reg="My"
                     ecep:spe="My"
                     ecep:syllab="1"
                     ecep:pron="maɪ">My</w>
                  <c> </c>
                  <w xml:id="pmp18-0192370"
                     n="a-1560"
                     ecep:lem="sister"
                     ecep:pos="n1"
                     ecep:reg="Sister"
                     ecep:spe="Sister"
                     ecep:syllab="2"
                     ecep:pron="ˈsɪstə">Sister</w>
                  <c> </c>
                  <w xml:id="pmp18-0192380"
                     n="a-1570"
                     ecep:lem="know"
                     ecep:pos="vvb"
                     ecep:reg="know"
                     ecep:spe="know"
                     ecep:syllab="1"
                     ecep:pron="nəʊ">know</w>
                  <pc xml:id="pmp18-0192390"
                      n="a-1580"
                      ecep:lem=":"
                      ecep:pos=":"
                      ecep:reg=":"
                      ecep:spe=":">:</pc>
               </l>
               <l n="14" xml:id="pmp18-l07580">
                  <c> </c>
                  <w xml:id="pmp18-0192400"
                     n="a-1590"
                     ecep:lem="she"
                     ecep:pos="pns31"
                     ecep:reg="She"
                     ecep:spe="She"
                     ecep:syllab="1"
                     ecep:pron="ʃiː">She</w>
                  <c> </c>
                  <w xml:id="pmp18-0192410"
                     n="a-1600"
                     ecep:lem="draw"
                     ecep:pos="vvz"
                     ecep:reg="draws"
                     ecep:spe="draws"
                     ecep:syllab="1"
                     ecep:pron="drɔːz">draws</w>
                  <c> </c>
                  <w xml:id="pmp18-0192420"
                     n="a-1610"
                     ecep:lem="my"
                     ecep:pos="po11"
                     ecep:reg="My"
                     ecep:spe="My"
                     ecep:syllab="1"
                     ecep:pron="maɪ">My</w>
                  <c> </c>
                  <w xml:id="pmp18-0192430"
                     n="a-1620"
                     ecep:lem="arrow"
                     ecep:pos="n2"
                     ecep:reg="Arrows"
                     ecep:spe="Arrows"
                     ecep:syllab="2"
                     ecep:pron="ˈærəʊz">Arrows</w>
                  <pc xml:id="pmp18-0192440"
                      n="a-1630"
                      ecep:lem=","
                      ecep:pos=","
                      ecep:reg=","
                      ecep:spe=",">,</pc>
                  <c> </c>
                  <w xml:id="pmp18-0192450"
                     n="a-1640"
                     ecep:lem="and"
                     ecep:pos="cc"
                     ecep:reg="and"
                     ecep:spe="and"
                     ecep:syllab="1"
                     ecep:pron="ænd">and</w>
                  <c> </c>
                  <w xml:id="pmp18-0192460"
                     n="a-1650"
                     ecep:lem="she"
                     ecep:pos="pns31"
                     ecep:reg="She"
                     ecep:spe="She"
                     ecep:syllab="1"
                     ecep:pron="ʃiː">She</w>
                  <c> </c>
                  <w xml:id="pmp18-0192470"
                     n="a-1660"
                     ecep:lem="bend"
                     ecep:pos="vvz"
                     ecep:reg="bends"
                     ecep:spe="bends"
                     ecep:syllab="1"
                     ecep:pron="bendz">bends</w>
                  <c> </c>
                  <w xml:id="pmp18-0192480"
                     n="a-1670"
                     ecep:lem="my"
                     ecep:pos="po11"
                     ecep:reg="My"
                     ecep:spe="My"
                     ecep:syllab="1"
                     ecep:pron="maɪ">My</w>
                  <c> </c>
                  <w xml:id="pmp18-0192490"
                     n="a-1680"
                     ecep:lem="bow"
                     ecep:pos="n1"
                     ecep:reg="Bow"
                     ecep:spe="Bow"
                     ecep:syllab="1"
                     ecep:pron="bəʊ">Bow</w>
                  <pc xml:id="pmp18-0192500"
                      n="a-1690"
                      ecep:lem=":"
                      ecep:pos=":"
                      ecep:reg=":"
                      ecep:spe=":">:</pc>
               </l>
               <l n="15" xml:id="pmp18-l07585">
                  <c> </c>
                  <w xml:id="pmp18-0192510"
                     n="a-1700"
                     ecep:lem="fair"
                     ecep:pos="j"
                     ecep:reg="Fair"
                     ecep:spe="Fair"
                     ecep:syllab="1"
                     ecep:pron="feə">Fair</w>
                  <c> </c>
                  <hi rendition="#sc">
                     <w xml:id="pmp18-0192520"
                        n="a-1710"
                        ecep:lem="Thames"
                        ecep:pos="np1"
                        ecep:reg="Thames"
                        ecep:spe="Thames"
                        ecep:syllab="1"
                        ecep:pron="ˈtemz">Thames</w>
                  </hi>
                  <c> </c>
                  <w xml:id="pmp18-0192530"
                     n="a-1720"
                     ecep:lem="she"
                     ecep:pos="pns31"
                     ecep:reg="She"
                     ecep:spe="She"
                     ecep:syllab="1"
                     ecep:pron="ʃiː">She</w>
                  <c> </c>
                  <w xml:id="pmp18-0192540"
                     n="a-1730"
                     ecep:lem="haunt"
                     ecep:pos="vvz"
                     ecep:reg="haunts"
                     ecep:spe="haunts"
                     ecep:syllab="1"
                     ecep:pron="hɔːnts">haunts</w>
                  <pc xml:id="pmp18-0192550"
                      n="a-1740"
                      ecep:lem=","
                      ecep:pos=","
                      ecep:reg=","
                      ecep:spe=",">,</pc>
                  <c> </c>
                  <w xml:id="pmp18-0192560"
                     n="a-1750"
                     ecep:lem="and"
                     ecep:pos="cc"
                     ecep:reg="and"
                     ecep:spe="and"
                     ecep:syllab="1"
                     ecep:pron="ænd">and</w>
                  <c> </c>
                  <w xml:id="pmp18-0192570"
                     n="a-1760"
                     ecep:lem="every"
                     ecep:pos="d"
                     ecep:reg="every"
                     ecep:spe="ev'ry"
                     ecep:syllab="2"
                     ecep:pron="ˈevri">ev'ry</w>
                  <c> </c>
                  <w xml:id="pmp18-0192580"
                     n="a-1770"
                     ecep:lem="neighbour"
                     ecep:pos="j-vvg"
                     ecep:reg="neighbouring"
                     ecep:spe="neighb'ring"
                     ecep:syllab="2"
                     ecep:pron="ˈneɪbrɪŋ">neighb'ring</w>
                  <c> </c>
                  <w xml:id="pmp18-0192590"
                     n="a-1780"
                     ecep:lem="grove"
                     ecep:pos="n1"
                     ecep:reg="Grove"
                     ecep:spe="Grove"
                     ecep:syllab="1"
                     ecep:pron="grəʊv">Grove</w>
               </l>
               <l n="16" xml:id="pmp18-l07590">
                  <c> </c>
                  <w xml:id="pmp18-0192600"
                     n="a-1790"
                     ecep:lem="sacred"
                     ecep:pos="j"
                     ecep:reg="Sacred"
                     ecep:spe="Sacred"
                     ecep:syllab="1"
                     ecep:pron="ˈseɪkrɪd">Sacred</w>
                  <c> </c>
                  <w xml:id="pmp18-0192610"
                     n="a-1800"
                     ecep:lem="to"
                     ecep:pos="p-acp"
                     ecep:reg="to"
                     ecep:spe="to"
                     ecep:syllab="1"
                     ecep:pron="tuː">to</w>
                  <c> </c>
                  <w xml:id="pmp18-0192620"
                     n="a-1810"
                     ecep:lem="soft"
                     ecep:pos="j"
                     ecep:reg="soft"
                     ecep:spe="soft"
                     ecep:syllab="1"
                     ecep:pron="sɒft">soft</w>
                  <c> </c>
                  <w xml:id="pmp18-0192630"
                     n="a-1820"
                     ecep:lem="recess"
                     ecep:pos="n1"
                     ecep:reg="Recess"
                     ecep:spe="Recess"
                     ecep:syllab="2"
                     ecep:pron="rɪˈses">Recess</w>
                  <pc xml:id="pmp18-0192640"
                      n="a-1830"
                      ecep:lem=","
                      ecep:pos=","
                      ecep:reg=","
                      ecep:spe=",">,</pc>
                  <c> </c>
                  <w xml:id="pmp18-0192650"
                     n="a-1840"
                     ecep:lem="and"
                     ecep:pos="cc"
                     ecep:reg="and"
                     ecep:spe="and"
                     ecep:syllab="1"
                     ecep:pron="ænd">and</w>
                  <c> </c>
                  <w xml:id="pmp18-0192660"
                     n="a-1850"
                     ecep:lem="gentle"
                     ecep:pos="j-jn"
                     ecep:reg="gentle"
                     ecep:spe="gentle"
                     ecep:syllab="2"
                     ecep:pron="ˈdʒentl">gentle</w>
                  <c> </c>
                  <w xml:id="pmp18-0192670"
                     n="a-1860"
                     ecep:lem="love"
                     ecep:pos="n1"
                     ecep:reg="Love"
                     ecep:spe="Love"
                     ecep:syllab="1"
                     ecep:pron="lʌv">Love</w>
                  <pc xml:id="pmp18-0192680"
                      n="a-1870"
                      unit="sentence"
                      ecep:lem="."
                      ecep:pos="."
                      ecep:reg="."
                      ecep:spe=".">.</pc>
                  <c> </c>
               </l>
               <l n="17" xml:id="pmp18-l07595">
                  <w xml:id="pmp18-0192690"
                     n="a-1880"
                     ecep:lem="go"
                     ecep:pos="vvb"
                     ecep:reg="Go"
                     ecep:spe="Go"
                     ecep:syllab="1"
                     ecep:pron="gəʊ">Go</w>
                  <pc xml:id="pmp18-0192700"
                      n="a-1890"
                      ecep:lem=","
                      ecep:pos=","
                      ecep:reg=","
                      ecep:spe=",">,</pc>
                  <c> </c>
                  <w xml:id="pmp18-0192710"
                     n="a-1900"
                     ecep:lem="with"
                     ecep:pos="p-acp"
                     ecep:reg="with"
                     ecep:spe="with"
                     ecep:syllab="1"
                     ecep:pron="wɪð">with</w>
                  <c> </c>
                  <w xml:id="pmp18-0192720"
                     n="a-1910"
                     ecep:lem="thy"
                     ecep:pos="po21"
                     ecep:reg="Thy"
                     ecep:spe="Thy"
                     ecep:syllab="1"
                     ecep:pron="ðaɪ">Thy</w>
                  <c> </c>
                  <hi rendition="#sc">
                     <w xml:id="pmp18-0192730"
                        n="a-1920"
                        ecep:lem="Cynthia"
                        ecep:pos="np1"
                        ecep:reg="Cynthia"
                        ecep:spe="Cynthia"
                        ecep:syllab="3"
                        ecep:pron="ˈsɪnθiə">Cynthia</w>
                  </hi>
                  <pc xml:id="pmp18-0192740"
                      n="a-1930"
                      ecep:lem=","
                      ecep:pos=","
                      ecep:reg=","
                      ecep:spe=",">,</pc>
                  <c> </c>
                  <w xml:id="pmp18-0192750"
                     n="a-1940"
                     ecep:lem="hurl"
                     ecep:pos="vvb"
                     ecep:reg="hurl"
                     ecep:spe="hurl"
                     ecep:syllab="1"
                     ecep:pron="hɜːl">hurl</w>
                  <c> </c>
                  <w xml:id="pmp18-0192760"
                     n="a-1950"
                     ecep:lem="the"
                     ecep:pos="dt"
                     ecep:reg="the"
                     ecep:spe="the"
                     ecep:syllab="1"
                     ecep:pron="ðiː">the</w>
                  <c> </c>
                  <w xml:id="pmp18-0192770"
                     n="a-1960"
                     ecep:lem="point"
                     ecep:pos="j-vvn"
                     ecep:reg="pointed"
                     ecep:spe="pointed"
                     ecep:syllab="2"
                     ecep:pron="ˈpɔɪntɪd">pointed</w>
                  <c> </c>
                  <w xml:id="pmp18-0192780"
                     n="a-1970"
                     ecep:lem="spear"
                     ecep:pos="n1"
                     ecep:reg="Spear"
                     ecep:spe="Spear"
                     ecep:syllab="1"
                     ecep:pron="spɪə">Spear</w>
               </l>
               <l n="18" xml:id="pmp18-l07600">
                  <c> </c>
                  <w xml:id="pmp18-0192790"
                     n="a-1980"
                     ecep:lem="at"
                     ecep:pos="p-acp"
                     ecep:reg="At"
                     ecep:spe="At"
                     ecep:syllab="1"
                     ecep:pron="æt">At</w>
                  <c> </c>
                  <w xml:id="pmp18-0192800"
                     n="a-1990"
                     ecep:lem="the"
                     ecep:pos="dt"
                     ecep:reg="the"
                     ecep:spe="the"
                     ecep:syllab="1"
                     ecep:pron="ðiː">the</w>
                  <c> </c>
                  <w xml:id="pmp18-0192810"
                     n="a-2000"
                     ecep:lem="rough"
                     ecep:pos="j"
                     ecep:reg="rough"
                     ecep:spe="rough"
                     ecep:syllab="1"
                     ecep:pron="rʌf">rough</w>
                  <c> </c>
                  <w xml:id="pmp18-0192820"
                     n="a-2010"
                     ecep:lem="boar"
                     ecep:pos="n1"
                     ecep:reg="Boar"
                     ecep:spe="Boar"
                     ecep:syllab="1"
                     ecep:pron="bɔː">Boar</w>
                  <pc xml:id="pmp18-0192830"
                      n="a-2020"
                      ecep:lem=";"
                      ecep:pos=";"
                      ecep:reg=";"
                      ecep:spe=";">;</pc>
                  <c> </c>
                  <w xml:id="pmp18-0192840"
                     n="a-2030"
                     ecep:lem="or"
                     ecep:pos="cc"
                     ecep:reg="or"
                     ecep:spe="or"
                     ecep:syllab="1"
                     ecep:pron="ɔː">or</w>
                  <c> </c>
                  <w xml:id="pmp18-0192850"
                     n="a-2040"
                     ecep:lem="chace"
                     ecep:pos="n1"
                     ecep:reg="chase"
                     ecep:spe="chace"
                     ecep:syllab="1"
                     ecep:pron="ˈtʃeɪs">chace</w>
                  <c> </c>
                  <w xml:id="pmp18-0192860"
                     n="a-2050"
                     ecep:lem="the"
                     ecep:pos="dt"
                     ecep:reg="the"
                     ecep:spe="the"
                     ecep:syllab="1"
                     ecep:pron="ðiː">the</w>
                  <c> </c>
                  <w xml:id="pmp18-0192870"
                     n="a-2060"
                     ecep:lem="fly"
                     ecep:pos="j-vvg"
                     ecep:reg="flying"
                     ecep:spe="flying"
                     ecep:syllab="2"
                     ecep:pron="flaɪɪŋ">flying</w>
                  <c> </c>
                  <w xml:id="pmp18-0192880"
                     n="a-2070"
                     ecep:lem="deer"
                     ecep:pos="n1"
                     ecep:reg="Deer"
                     ecep:spe="Deer"
                     ecep:syllab="1"
                     ecep:pron="dɪə">Deer</w>
                  <pc xml:id="pmp18-0192890"
                      n="a-2080"
                      ecep:lem=":"
                      ecep:pos=":"
                      ecep:reg=":"
                      ecep:spe=":">:</pc>
               </l>
               <l n="19" xml:id="pmp18-l07605">
                  <c> </c>
                  <w xml:id="pmp18-0192900"
                     n="a-2090"
                     ecep:lem="i"
                     ecep:pos="pns11"
                     ecep:reg="I"
                     ecep:spe="I"
                     ecep:syllab="1"
                     ecep:pron="aɪ">I</w>
                  <c> </c>
                  <w xml:id="pmp18-0192910"
                     n="a-2100"
                     ecep:lem="and"
                     ecep:pos="cc"
                     ecep:reg="and"
                     ecep:spe="and"
                     ecep:syllab="1"
                     ecep:pron="ænd">and</w>
                  <c> </c>
                  <w xml:id="pmp18-0192920"
                     n="a-2110"
                     ecep:lem="my"
                     ecep:pos="po11"
                     ecep:reg="My"
                     ecep:spe="My"
                     ecep:syllab="1"
                     ecep:pron="maɪ">My</w>
                  <c> </c>
                  <hi rendition="#sc">
                     <w xml:id="pmp18-0192930"
                        n="a-2120"
                        ecep:lem="cloe"
                        ecep:pos="np1"
                        ecep:reg="Cloe"
                        ecep:spe="Cloe"
                        ecep:syllab="1"
                        ecep:pron="klˈəʊi">Cloe</w>
                  </hi>
                  <c> </c>
                  <w xml:id="pmp18-0192940"
                     n="a-2130"
                     ecep:lem="take"
                     ecep:pos="vvi"
                     ecep:reg="take"
                     ecep:spe="take"
                     ecep:syllab="1"
                     ecep:pron="teɪk">take</w>
                  <c> </c>
                  <w xml:id="pmp18-0192950"
                     n="a-2140"
                     ecep:lem="a"
                     ecep:pos="dt"
                     ecep:reg="a"
                     ecep:spe="a"
                     ecep:syllab="1"
                     ecep:pron="ə">a</w>
                  <c> </c>
                  <w xml:id="pmp18-0192960"
                     n="a-2150"
                     ecep:lem="noble"
                     ecep:pos="jc"
                     ecep:reg="nobler"
                     ecep:spe="nobler"
                     ecep:syllab="2"
                     ecep:pron="ˈnəʊblə">nobler</w>
                  <c> </c>
                  <w xml:id="pmp18-0192970"
                     n="a-2160"
                     ecep:lem="aim"
                     ecep:pos="n1"
                     ecep:reg="Aim"
                     ecep:spe="Aim"
                     ecep:syllab="1"
                     ecep:pron="eɪm">Aim</w>
                  <pc xml:id="pmp18-0192980"
                      n="a-2170"
                      ecep:lem=":"
                      ecep:pos=":"
                      ecep:reg=":"
                      ecep:spe=":">:</pc>
               </l>
               <l n="20" xml:id="pmp18-l07610">
                  <c> </c>
                  <w xml:id="pmp18-0192990"
                     n="a-2180"
                     ecep:lem="at"
                     ecep:pos="p-acp"
                     ecep:reg="At"
                     ecep:spe="At"
                     ecep:syllab="1"
                     ecep:pron="æt">At</w>
                  <c> </c>
                  <w xml:id="pmp18-0193000"
                     n="a-2190"
                     ecep:lem="human"
                     ecep:pos="j"
                     ecep:reg="human"
                     ecep:spe="human"
                     ecep:syllab="2"
                     ecep:pron="ˈhjuːmən">human</w>
                  <c> </c>
                  <w xml:id="pmp18-0193010"
                     n="a-2200"
                     ecep:lem="heart"
                     ecep:pos="n2"
                     ecep:reg="Hearts"
                     ecep:spe="Hearts"
                     ecep:syllab="1"
                     ecep:pron="hɑːts">Hearts</w>
                  <c> </c>
                  <w xml:id="pmp18-0193020"
                     n="a-2210"
                     ecep:lem="we"
                     ecep:pos="pns12"
                     ecep:reg="We"
                     ecep:spe="We"
                     ecep:syllab="1"
                     ecep:pron="wiː">We</w>
                  <c> </c>
                  <w xml:id="pmp18-0193030"
                     n="a-2220"
                     ecep:lem="fling"
                     ecep:pos="vvb"
                     ecep:reg="fling"
                     ecep:spe="fling"
                     ecep:syllab="1"
                     ecep:pron="flɪŋ">fling</w>
                  <pc xml:id="pmp18-0193040"
                      n="a-2230"
                      ecep:lem=","
                      ecep:pos=","
                      ecep:reg=","
                      ecep:spe=",">,</pc>
                  <c> </c>
                  <w xml:id="pmp18-0193050"
                     n="a-2240"
                     ecep:lem="nor"
                     ecep:pos="ccx"
                     ecep:reg="nor"
                     ecep:spe="nor"
                     ecep:syllab="1"
                     ecep:pron="nɔː">nor</w>
                  <c> </c>
                  <w xml:id="pmp18-0193060"
                     n="a-2250"
                     ecep:lem="ever"
                     ecep:pos="av"
                     ecep:reg="ever"
                     ecep:spe="ever"
                     ecep:syllab="2"
                     ecep:pron="ˈevə">ever</w>
                  <c> </c>
                  <w xml:id="pmp18-0193070"
                     n="a-2260"
                     ecep:lem="miss"
                     ecep:pos="vvi"
                     ecep:reg="miss"
                     ecep:spe="miss"
                     ecep:syllab="1"
                     ecep:pron="mɪs">miss</w>
                  <c> </c>
                  <w xml:id="pmp18-0193080"
                     n="a-2270"
                     ecep:lem="the"
                     ecep:pos="dt"
                     ecep:reg="the"
                     ecep:spe="the"
                     ecep:syllab="1"
                     ecep:pron="ðiː">the</w>
                  <c> </c>
                  <w xml:id="pmp18-0193090"
                     n="a-2280"
                     ecep:lem="game"
                     ecep:pos="n1"
                     ecep:reg="Game"
                     ecep:spe="Game"
                     ecep:syllab="1"
                     ecep:pron="geɪm">Game</w>
                  <pc xml:id="pmp18-0193100"
                      n="a-2290"
                      unit="sentence"
                      ecep:lem="."
                      ecep:pos="."
                      ecep:reg="."
                      ecep:spe=".">.</pc>
                  <c> </c>
               </l>
            </lg>
         </div>
      </body>
   </text>
</TEI>
