<?xml version="1.0" encoding="UTF-8"?>
<?xml-model href="../tei_all.rnc" type="application/relax-ng-compact-syntax"?>
<TEI xmlns="http://www.tei-c.org/ns/1.0">
   <teiHeader>
      <fileDesc>
         <titleStmt>
            <title corresp="#txt_CarsCh1763_w0001">A NEW YEAR's GIFT.</title>
            <author corresp="authors.xml#aut_CarsCh1763">‘Christian Carstairs’</author>
            <respStmt>
               <name xml:id="AH">Alexander Huber</name>
               <resp>Editor</resp>
            </respStmt>
            <funder>
               <name type="institution" xml:id="BOD">Bodleian Libraries, University of Oxford</name>
               <address>
                  <addrLine>Broad Street</addrLine>
                  <addrLine>Oxford OX1 3BG</addrLine>
                  <addrLine>UK</addrLine>
               </address>
            </funder>
         </titleStmt>
         <publicationStmt>
            <publisher xml:id="ECPA">Eighteenth-Century Poetry Archive</publisher>
            <address>
               <addrLine>Taylor Institution Library</addrLine>
               <addrLine>St Giles'</addrLine>
               <addrLine>Oxford OX1 3NA</addrLine>
               <addrLine>UK</addrLine>
               <addrLine>
                  <email>info@eighteenthcenturypoetry.org</email>
               </addrLine>
               <addrLine>
                  <ref target="https://www.eighteenthcenturypoetry.org/">https://www.eighteenthcenturypoetry.org/</ref>
               </addrLine>
            </address>
            <pubPlace>Oxford</pubPlace>
            <availability status="restricted">
               <licence target="http://creativecommons.org/licenses/by-sa/3.0/">This work is licensed under a Creative Commons Attribution-ShareAlike 3.0 Unported License.</licence>
            </availability>
            <idno type="ESTC">T76883</idno>
         </publicationStmt>
         <sourceDesc>
            <bibl>
               <author>Carstairs, Christian.</author>
               <title>Original Poems. By a Lady, Dedicated to Miss Ann Henderson. A Tribute to Gratitude and Friendships.</title>
               <pubPlace>Edinburgh</pubPlace>
               <publisher>Andrew Shortrede</publisher>
               <date>1786</date>
               <biblScope>p. [3].</biblScope>
               <extent/>
            </bibl>
         </sourceDesc>
      </fileDesc>
      <encodingDesc>
         <projectDesc>
            <p>This e-text is part of the Works section of the Eighteenth-Century Poetry Archive (ECPA).</p>
            <p>XML created for the Eighteenth-Century Poetry Archive (ECPA).</p>
         </projectDesc>
         <editorialDecl>
            <p>Typography, spelling, capitalization, and punctuation have been cautiously modernized. The source of the text is given and all significant
						editorial interventions have been recorded in textual notes. This  text has been edited to conform to the recommendations found 
						in Level 5 of the
						Best Practices for TEI in Libraries version 4.0.0.
					</p>
         </editorialDecl>
         <classDecl>
            <taxonomy xml:id="LCNAF">
               <bibl>Library of Congress Name Authority File (<abbr>LCNAF</abbr>)</bibl>
            </taxonomy>
         </classDecl>
         <tagsDecl>
            <rendition n="linegroups indented" xml:id="lgindent" scheme="css">text-indent: 1em;</rendition>
            <rendition n="linegroups vertically spaced" xml:id="lgvspace" scheme="css">margin-bottom: 1em;</rendition>
            <rendition n="aligned centrally" xml:id="align-center" scheme="css">text-align: center;</rendition>
            <rendition n="aligned right" xml:id="align-right" scheme="css">text-align: right;</rendition>
            <rendition n="aligned left" xml:id="align-left" scheme="css">text-align: left;</rendition>
            <rendition n="inline" xml:id="inline" scheme="css">display: inline</rendition>
            <rendition n="italic" xml:id="i" scheme="css">font-style: italic;</rendition>
            <rendition n="bold" xml:id="b" scheme="css">font-weight: bold;</rendition>
         </tagsDecl>
      </encodingDesc>
   </teiHeader>
   <text>
      <body>
         <div xmlns:ecep="http://www.eighteenthcenturypoetry.org/ns"
              xmlns:tei="http://www.tei-c.org/ns/1.0"
              ana="#iamb #pentameter #quatrain #pair #address"
              corresp="#txt_CarsCh1763_w0001"
              decls="#semi-normalized"
              ecep:syllab="10.10.10.10"
              met="-+|-+|-+|-+|-+/ -+|-+|-+|-+|-+/ -+|-+|-+|-+|-+/ -+|-+|-+|-+|-+/"
              rendition="#lgvspace"
              rhyme="aabb"
              subtype="eceptext"
              type="poem"
              xml:id="pcc86-w0010">
            <link target="authors.xml#aut_CarsCh1763" type="author"/>
            <head type="main">
               <w xml:id="pcc86-00530"
                  n="pcc86/0009-a-0070"
                  ecep:lem="a"
                  ecep:pos="dt"
                  ecep:reg="A"
                  ecep:spe="A"
                  ecep:syllab="1"
                  ecep:pron="ə">A</w>
               <c> </c>
               <w xml:id="pcc86-00540"
                  n="pcc86/0009-a-0080"
                  ecep:lem="new"
                  ecep:pos="j"
                  ecep:reg="NEW"
                  ecep:spe="NEW"
                  ecep:syllab="1"
                  ecep:pron="njuː">NEW</w>
               <c> </c>
               <w xml:id="pcc86-00550"
                  n="pcc86/0009-a-0090"
                  ecep:lem="year"
                  ecep:pos="ng1"
                  ecep:reg="YEAR's"
                  ecep:spe="YEAR's"
                  ecep:syllab="1"
                  ecep:pron="ˈjɪəz">YEAR's</w>
               <c> </c>
               <w xml:id="pcc86-00560"
                  n="pcc86/0009-a-0100"
                  ecep:lem="gift"
                  ecep:pos="n1"
                  ecep:reg="GIFT"
                  ecep:spe="GIFT"
                  ecep:syllab="1"
                  ecep:pron="gɪft">GIFT</w>
               <pc xml:id="pcc86-00570"
                   n="pcc86/0009-a-0110"
                   unit="sentence"
                   ecep:lem="."
                   ecep:pos="."
                   ecep:reg="."
                   ecep:spe=".">.</pc>
            </head>
            <lg xml:id="pcc86-s00035">
               <l xml:id="pcc86-l00005">
                  <w xml:id="pcc86-00600"
                     n="pcc86/0009-a-0120"
                     ecep:lem="to"
                     ecep:pos="p-acp"
                     ecep:reg="TO"
                     ecep:spe="TO"
                     ecep:syllab="1"
                     ecep:pron="tuː">TO</w>
                  <c> </c>
                  <w xml:id="pcc86-00610"
                     n="pcc86/0009-a-0130"
                     ecep:lem="fair"
                     ecep:pos="j"
                     ecep:reg="fair"
                     ecep:spe="fair"
                     ecep:syllab="1"
                     ecep:pron="feə">fair</w>
                  <c> </c>
                  <w xml:id="pcc86-00620"
                     n="pcc86/0009-a-0140"
                     ecep:lem="Maria"
                     ecep:pos="np1"
                     ecep:reg="Maria"
                     ecep:spe="Maria"
                     ecep:syllab="3"
                     ecep:pron="ˈmɑːriə">Maria</w>
                  <c> </c>
                  <w xml:id="pcc86-00630"
                     n="pcc86/0009-a-0150"
                     ecep:lem="bear"
                     ecep:pos="vvi"
                     ecep:reg="bear"
                     ecep:spe="bear"
                     ecep:syllab="1"
                     ecep:pron="beə">bear</w>
                  <c> </c>
                  <w xml:id="pcc86-00640"
                     n="pcc86/0009-a-0160"
                     ecep:lem="this"
                     ecep:pos="d"
                     ecep:reg="this"
                     ecep:spe="this"
                     ecep:syllab="1"
                     ecep:pron="ðɪs">this</w>
                  <c> </c>
                  <w xml:id="pcc86-00650"
                     n="pcc86/0009-a-0170"
                     ecep:lem="gift"
                     ecep:pos="n1"
                     ecep:reg="gift"
                     ecep:spe="gift"
                     ecep:syllab="1"
                     ecep:pron="gɪft">gift</w>
                  <c> </c>
                  <w xml:id="pcc86-00660"
                     n="pcc86/0009-a-0180"
                     ecep:lem="away"
                     ecep:pos="av"
                     ecep:reg="away"
                     ecep:spe="away"
                     ecep:syllab="2"
                     ecep:pron="əˈweɪ">away</w>
                  <pc xml:id="pcc86-00670"
                      n="pcc86/0009-a-0190"
                      ecep:lem=","
                      ecep:pos=","
                      ecep:reg=","
                      ecep:spe=",">,</pc>
               </l>
               <l xml:id="pcc86-l00010">
                  <c> </c>
                  <w xml:id="pcc86-00680"
                     n="pcc86/0009-a-0200"
                     ecep:lem="a"
                     ecep:pos="dt"
                     ecep:reg="A"
                     ecep:spe="A"
                     ecep:syllab="1"
                     ecep:pron="ə">A</w>
                  <c> </c>
                  <w xml:id="pcc86-00690"
                     n="pcc86/0009-a-0210"
                     ecep:lem="hand"
                     ecep:pos="n1"
                     ecep:reg="hand"
                     ecep:spe="hand"
                     ecep:syllab="1"
                     ecep:pron="hænd">hand</w>
                  <c> </c>
                  <w xml:id="pcc86-00700"
                     n="pcc86/0009-a-0220"
                     ecep:lem="unknown"
                     ecep:pos="j"
                     ecep:reg="unknown"
                     ecep:spe="unknown"
                     ecep:syllab="2"
                     ecep:pron="ʌnˈnəʊn">unknown</w>
                  <c> </c>
                  <w xml:id="pcc86-00710"
                     n="pcc86/0009-a-0230"
                     ecep:lem="present"
                     ecep:pos="n2"
                     ecep:reg="presents"
                     ecep:spe="presents"
                     ecep:syllab="2"
                     ecep:pron="prɪˈzents">presents</w>
                  <c> </c>
                  <w xml:id="pcc86-00720"
                     n="pcc86/0009-a-0240"
                     ecep:lem="a"
                     ecep:pos="dt"
                     ecep:reg="a"
                     ecep:spe="a"
                     ecep:syllab="1"
                     ecep:pron="ə">a</w>
                  <c> </c>
                  <w xml:id="pcc86-00730"
                     n="pcc86/0009-a-0250"
                     ecep:lem="flower"
                     ecep:pos="n1"
                     ecep:reg="flower"
                     ecep:spe="flower"
                     ecep:syllab="1"
                     ecep:pron="flæə">flower</w>
                  <c> </c>
                  <w xml:id="pcc86-00740"
                     n="pcc86/0009-a-0260"
                     ecep:lem="today"
                     ecep:pos="av-an"
                     ecep:reg="today"
                     ecep:spe="to-day"
                     ecep:syllab="2"
                     ecep:pron="təˈdeɪ">to-day</w>
                  <pc xml:id="pcc86-00750"
                      n="pcc86/0009-a-0270"
                      ecep:lem=";"
                      ecep:pos=";"
                      ecep:reg=";"
                      ecep:spe=";">;</pc>
               </l>
               <l xml:id="pcc86-l00015">
                  <c> </c>
                  <w xml:id="pcc86-00760"
                     n="pcc86/0009-a-0280"
                     ecep:lem="a"
                     ecep:pos="dt"
                     ecep:reg="A"
                     ecep:spe="A"
                     ecep:syllab="1"
                     ecep:pron="ə">A</w>
                  <c> </c>
                  <w xml:id="pcc86-00770"
                     n="pcc86/0009-a-0290"
                     ecep:lem="garland"
                     ecep:pos="n1"
                     ecep:reg="garland"
                     ecep:spe="garland"
                     ecep:syllab="2"
                     ecep:pron="ˈgɑːlənd">garland</w>
                  <c> </c>
                  <w xml:id="pcc86-00780"
                     n="pcc86/0009-a-0300"
                     ecep:lem="weave"
                     ecep:pos="vvn"
                     ecep:reg="wove"
                     ecep:spe="wove"
                     ecep:syllab="1"
                     ecep:pron="wəʊv">wove</w>
                  <c> </c>
                  <w xml:id="pcc86-00790"
                     n="pcc86/0009-a-0310"
                     ecep:lem="with"
                     ecep:pos="p-acp"
                     ecep:reg="with"
                     ecep:spe="with"
                     ecep:syllab="1"
                     ecep:pron="wɪð">with</w>
                  <c> </c>
                  <w xml:id="pcc86-00800"
                     n="pcc86/0009-a-0320"
                     ecep:lem="joy"
                     ecep:pos="n1"
                     ecep:reg="joy"
                     ecep:spe="joy"
                     ecep:syllab="1"
                     ecep:pron="dʒɔɪ">joy</w>
                  <pc xml:id="pcc86-00810"
                      n="pcc86/0009-a-0330"
                      ecep:lem=","
                      ecep:pos=","
                      ecep:reg=","
                      ecep:spe=",">,</pc>
                  <c> </c>
                  <w xml:id="pcc86-00820"
                     n="pcc86/0009-a-0340"
                     ecep:lem="contentment"
                     ecep:pos="n1"
                     ecep:reg="contentment"
                     ecep:spe="contentment"
                     ecep:syllab="3"
                     ecep:pron="kənˈtentmənt">contentment</w>
                  <pc xml:id="pcc86-00830"
                      n="pcc86/0009-a-0350"
                      ecep:lem=","
                      ecep:pos=","
                      ecep:reg=","
                      ecep:spe=",">,</pc>
                  <c> </c>
                  <w xml:id="pcc86-00840"
                     n="pcc86/0009-a-0360"
                     ecep:lem="peace"
                     ecep:pos="n1"
                     ecep:reg="peace"
                     ecep:spe="peace"
                     ecep:syllab="1"
                     ecep:pron="piːs">peace</w>
                  <pc xml:id="pcc86-00850"
                      n="pcc86/0009-a-0370"
                      ecep:lem=","
                      ecep:pos=","
                      ecep:reg=","
                      ecep:spe=",">,</pc>
               </l>
               <l xml:id="pcc86-l00020">
                  <c> </c>
                  <w xml:id="pcc86-00860"
                     n="pcc86/0009-a-0380"
                     ecep:lem="beauty"
                     ecep:pos="n2"
                     ecep:reg="Beauties"
                     ecep:spe="Beauties"
                     ecep:syllab="2"
                     ecep:pron="ˈbjuːtiz">Beauties</w>
                  <c> </c>
                  <w xml:id="pcc86-00870"
                     n="pcc86/0009-a-0390"
                     ecep:lem="which"
                     ecep:pos="r-crq"
                     ecep:reg="which"
                     ecep:spe="which"
                     ecep:syllab="1"
                     ecep:pron="wɪtʃ">which</w>
                  <c> </c>
                  <w xml:id="pcc86-00880"
                     n="pcc86/0009-a-0400"
                     ecep:lem="time"
                     ecep:pos="n1"
                     ecep:reg="time"
                     ecep:spe="time"
                     ecep:syllab="1"
                     ecep:pron="taɪm">time</w>
                  <c> </c>
                  <w xml:id="pcc86-00890"
                     n="pcc86/0009-a-0410"
                     ecep:lem="nor"
                     ecep:pos="ccx"
                     ecep:reg="nor"
                     ecep:spe="nor"
                     ecep:syllab="1"
                     ecep:pron="nɔː">nor</w>
                  <c> </c>
                  <w xml:id="pcc86-00900"
                     n="pcc86/0009-a-0420"
                     ecep:lem="wintery"
                     ecep:pos="j"
                     ecep:reg="wintery"
                     ecep:spe="wint'ry"
                     ecep:syllab="2"
                     ecep:pron="wˈɪntri">wint'ry</w>
                  <c> </c>
                  <w xml:id="pcc86-00910"
                     n="pcc86/0009-a-0430"
                     ecep:lem="blast"
                     ecep:pos="n2"
                     ecep:reg="blasts"
                     ecep:spe="blasts"
                     ecep:syllab="1"
                     ecep:pron="blɑːsts">blasts</w>
                  <c> </c>
                  <w xml:id="pcc86-00920"
                     n="pcc86/0009-a-0440"
                     ecep:lem="deface"
                     ecep:pos="n1"
                     ecep:reg="deface"
                     ecep:spe="deface"
                     ecep:syllab="2"
                     ecep:pron="dɪˈfeɪs">deface</w>
                  <pc xml:id="pcc86-00930"
                      n="pcc86/0009-a-0450"
                      unit="sentence"
                      ecep:lem="."
                      ecep:pos="."
                      ecep:reg="."
                      ecep:spe=".">.</pc>
                  <c> </c>
               </l>
            </lg>
         </div>
      </body>
   </text>
</TEI>
