<?xml version="1.0" encoding="utf-8"?>
<!DOCTYPE div
  SYSTEM "about:legacy-compat">
<div xmlns:ecep="http://www.eighteenthcenturypoetry.org/ns"
     xmlns="http://www.tei-c.org/ns/1.0"
     xmlns:tei="http://www.tei-c.org/ns/1.0"
     ana="#iamb #tetrameter #quatrain #pair #hymn #imitation"
     corresp="#txt_AlcoMa1741_w0015"
     decls="#semi-normalized"
     ecep:syllab="8.8.8.8"
     met="-+|-+|-+|-+/ -+|-+|-+|-+/ -+|-+|-+|-+/ -+|-+|-+|-+/"
     rendition="#lgvspace"
     rhyme="aabb"
     subtype="eceptext"
     type="poem"
     xml:id="pma99-w0150">
   <link target="authors.xml#aut_AlcoMa1741" type="author"/>
   <head type="main">
      <w xml:id="pma99-098020"
         n="086-a-0010"
         ecep:lem="psalm"
         ecep:pos="n1"
         ecep:reg="PSALM"
         ecep:spe="PSALM"
         ecep:syllab="1"
         ecep:pron="sɑːm">PSALM</w>
      <c> </c>
      <w xml:id="pma99-098030"
         n="086-a-0020"
         ecep:lem="cxxxix"
         ecep:pos="crd"
         ecep:reg="CXXXIX"
         ecep:spe="CXXXIX."
         ecep:syllab="1"
         ecep:pron="sˌiːˌeksˈekszˈɪks">CXXXIX.</w>
      <pc unit="sentence" xml:id="pma99-098030-eos" n="086-a-0030"/>
   </head>
   <lg xml:id="pma99-s00640">
      <l n="1" xml:id="pma99-l03380">
         <hi rendition="#sc">
            <w xml:id="pma99-098060"
               n="086-a-0040"
               ecep:lem="o"
               ecep:pos="uh"
               ecep:reg="OH"
               ecep:spe="O"
               ecep:syllab="1"
               ecep:pron="əʊ">O</w>
            <c> </c>
            <w xml:id="pma99-098070"
               n="086-a-0050"
               ecep:lem="lord"
               ecep:pos="n1"
               ecep:reg="Lord"
               ecep:spe="Lord"
               ecep:syllab="1"
               ecep:pron="lɔːd">Lord</w>
         </hi>
         <c> </c>
         <w xml:id="pma99-098080"
            n="086-a-0060"
            ecep:lem="my"
            ecep:pos="po11"
            ecep:reg="my"
            ecep:spe="my"
            ecep:syllab="1"
            ecep:pron="maɪ">my</w>
         <c> </c>
         <w xml:id="pma99-098090"
            n="086-a-0070"
            ecep:lem="god"
            ecep:pos="n1"
            ecep:reg="God"
            ecep:spe="God"
            ecep:syllab="1"
            ecep:pron="gɒd">God</w>
         <pc xml:id="pma99-098095"
             n="086-a-0075"
             ecep:lem="!"
             ecep:pos="!"
             ecep:reg="!"
             ecep:spe="!">!</pc>
         <c> </c>
         <w xml:id="pma99-098100"
            n="086-a-0080"
            ecep:lem="to"
            ecep:pos="p-acp"
            ecep:reg="to"
            ecep:spe="to"
            ecep:syllab="1"
            ecep:pron="tuː">to</w>
         <c> </c>
         <w xml:id="pma99-098110"
            n="086-a-0090"
            ecep:lem="thou"
            ecep:pos="pno21"
            ecep:reg="thee"
            ecep:spe="thee"
            ecep:syllab="1"
            ecep:pron="ðiː">thee</w>
         <c> </c>
         <w xml:id="pma99-098120"
            n="086-a-0100"
            ecep:lem="be"
            ecep:pos="vbz"
            ecep:reg="is"
            ecep:spe="is"
            ecep:syllab="1"
            ecep:pron="ɪz">is</w>
         <c> </c>
         <w xml:id="pma99-098130"
            n="086-a-0110"
            ecep:lem="know"
            ecep:pos="vvn"
            ecep:reg="known"
            ecep:spe="known"
            ecep:syllab="1"
            ecep:pron="nəʊn">known</w>
      </l>
      <l n="2" xml:id="pma99-l03385">
         <c> </c>
         <w xml:id="pma99-098140"
            n="086-a-0120"
            ecep:lem="my"
            ecep:pos="po11"
            ecep:reg="My"
            ecep:spe="My"
            ecep:syllab="1"
            ecep:pron="maɪ">My</w>
         <c> </c>
         <w xml:id="pma99-098150"
            n="086-a-0130"
            ecep:lem="rise"
            ecep:pos="n-vvg"
            ecep:reg="rising"
            ecep:spe="rising"
            ecep:syllab="2"
            ecep:pron="ˈraɪzɪŋ">rising</w>
         <c> </c>
         <w xml:id="pma99-098160"
            n="086-a-0140"
            ecep:lem="up"
            ecep:pos="a-acp"
            ecep:reg="up"
            ecep:spe="up"
            ecep:syllab="1"
            ecep:pron="ʌp">up</w>
         <pc xml:id="pma99-098170"
             n="086-a-0150"
             ecep:lem=","
             ecep:pos=","
             ecep:reg=","
             ecep:spe=",">,</pc>
         <c> </c>
         <w xml:id="pma99-098180"
            n="086-a-0160"
            ecep:lem="my"
            ecep:pos="po11"
            ecep:reg="my"
            ecep:spe="my"
            ecep:syllab="1"
            ecep:pron="maɪ">my</w>
         <c> </c>
         <w xml:id="pma99-098190"
            n="086-a-0170"
            ecep:lem="sit"
            ecep:pos="vvg"
            ecep:reg="sitting"
            ecep:spe="sitting"
            ecep:syllab="2"
            ecep:pron="ˈsɪtɪŋ">sitting</w>
         <c> </c>
         <w xml:id="pma99-098200"
            n="086-a-0180"
            ecep:lem="down"
            ecep:pos="a-acp"
            ecep:reg="down"
            ecep:spe="down"
            ecep:syllab="1"
            ecep:pron="daʊn">down</w>
         <pc xml:id="pma99-098210"
             n="086-a-0190"
             ecep:lem=";"
             ecep:pos=";"
             ecep:reg=";"
             ecep:spe=";">;</pc>
      </l>
      <l n="3" xml:id="pma99-l03390">
         <c> </c>
         <w xml:id="pma99-098220"
            n="086-a-0200"
            ecep:lem="my"
            ecep:pos="po11"
            ecep:reg="My"
            ecep:spe="My"
            ecep:syllab="1"
            ecep:pron="maɪ">My</w>
         <c> </c>
         <w xml:id="pma99-098230"
            n="086-a-0210"
            ecep:lem="path"
            ecep:pos="n1"
            ecep:reg="path"
            ecep:spe="path"
            ecep:syllab="1"
            ecep:pron="pɑːθ">path</w>
         <pc xml:id="pma99-098240"
             n="086-a-0220"
             ecep:lem=","
             ecep:pos=","
             ecep:reg=","
             ecep:spe=",">,</pc>
         <c> </c>
         <w xml:id="pma99-098250"
            n="086-a-0230"
            ecep:lem="my"
            ecep:pos="po11"
            ecep:reg="my"
            ecep:spe="my"
            ecep:syllab="1"
            ecep:pron="maɪ">my</w>
         <c> </c>
         <w xml:id="pma99-098260"
            n="086-a-0240"
            ecep:lem="bed"
            ecep:pos="n1"
            ecep:reg="bed"
            ecep:spe="bed"
            ecep:syllab="1"
            ecep:pron="bed">bed</w>
         <c> </c>
         <w xml:id="pma99-098270"
            n="086-a-0250"
            ecep:lem="thou"
            ecep:pos="pns21"
            ecep:reg="thou"
            ecep:spe="thou"
            ecep:syllab="1"
            ecep:pron="θaʊ">thou</w>
         <c> </c>
         <w xml:id="pma99-098280"
            n="086-a-0260"
            ecep:lem="be"
            ecep:pos="vb2r"
            ecep:reg="art"
            ecep:spe="art"
            ecep:syllab="1"
            ecep:pron="ɑːt">art</w>
         <c> </c>
         <w xml:id="pma99-098290"
            n="086-a-0270"
            ecep:lem="about"
            ecep:pos="a-acp"
            ecep:reg="about"
            ecep:spe="about"
            ecep:syllab="2"
            ecep:pron="əˈbaʊt">about</w>
         <pc xml:id="pma99-098300"
             n="086-a-0280"
             ecep:lem=","
             ecep:pos=","
             ecep:reg=","
             ecep:spe=",">,</pc>
      </l>
      <l n="4" xml:id="pma99-l03395">
         <c> </c>
         <w xml:id="pma99-098310"
            n="086-a-0290"
            ecep:lem="and"
            ecep:pos="cc"
            ecep:reg="And"
            ecep:spe="And"
            ecep:syllab="1"
            ecep:pron="ænd">And</w>
         <c> </c>
         <w xml:id="pma99-098320"
            n="086-a-0300"
            ecep:lem="all"
            ecep:pos="d"
            ecep:reg="all"
            ecep:spe="all"
            ecep:syllab="1"
            ecep:pron="ɔːl">all</w>
         <c> </c>
         <w xml:id="pma99-098330"
            n="086-a-0310"
            ecep:lem="my"
            ecep:pos="po11"
            ecep:reg="my"
            ecep:spe="my"
            ecep:syllab="1"
            ecep:pron="maɪ">my</w>
         <c> </c>
         <w xml:id="pma99-098340"
            n="086-a-0320"
            ecep:lem="way"
            ecep:pos="n2"
            ecep:reg="ways"
            ecep:spe="ways"
            ecep:syllab="1"
            ecep:pron="weɪz">ways</w>
         <c> </c>
         <w xml:id="pma99-098350"
            n="086-a-0330"
            ecep:lem="thou"
            ecep:pos="pns21"
            ecep:reg="thou"
            ecep:spe="thou"
            ecep:syllab="1"
            ecep:pron="θaʊ">thou</w>
         <c> </c>
         <w xml:id="pma99-098360"
            n="086-a-0340"
            ecep:lem="spiest"
            ecep:pos="n1"
            ecep:reg="spiest"
            ecep:spe="spiest"
            ecep:syllab="1"
            ecep:pron="spˈiːst">spiest</w>
         <c> </c>
         <w xml:id="pma99-098370"
            n="086-a-0350"
            ecep:lem="out"
            ecep:pos="av"
            ecep:reg="out"
            ecep:spe="out"
            ecep:syllab="1"
            ecep:pron="aʊt">out</w>
         <pc xml:id="pma99-098380"
             n="086-a-0360"
             unit="sentence"
             ecep:lem="."
             ecep:pos="."
             ecep:reg="."
             ecep:spe=".">.</pc>
         <c> </c>
      </l>
   </lg>
   <lg xml:id="pma99-s00645">
      <l n="5" xml:id="pma99-l03400">
         <w xml:id="pma99-098410"
            n="086-a-0370"
            ecep:lem="for"
            ecep:pos="p-acp"
            ecep:reg="For"
            ecep:spe="For"
            ecep:syllab="1"
            ecep:pron="fɔː">For</w>
         <c> </c>
         <w xml:id="pma99-098420"
            n="086-a-0380"
            ecep:lem="lo"
            ecep:pos="uh"
            ecep:reg="lo"
            ecep:spe="lo"
            ecep:syllab="1"
            ecep:pron="ləʊ">lo</w>
         <pc xml:id="pma99-098430"
             n="086-a-0390"
             ecep:lem="!"
             ecep:pos="!"
             ecep:reg="!"
             ecep:spe="!">!</pc>
         <c> </c>
         <w xml:id="pma99-098440"
            n="086-a-0400"
            ecep:lem="thou"
            ecep:pos="pns21"
            ecep:reg="thou"
            ecep:spe="thou"
            ecep:syllab="1"
            ecep:pron="θaʊ">thou</w>
         <c> </c>
         <w xml:id="pma99-098450"
            n="086-a-0410"
            ecep:lem="understand"
            ecep:pos="vv2"
            ecep:reg="understandest"
            ecep:spe="understandest"
            ecep:syllab="4"
            ecep:pron="ˌʌndəstˈændəst">understandest</w>
         <pc xml:id="pma99-098460"
             n="086-a-0420"
             ecep:lem=","
             ecep:pos=","
             ecep:reg=","
             ecep:spe=",">,</pc>
         <c> </c>
         <w xml:id="pma99-098470"
            n="086-a-0430"
            ecep:lem="lord"
            ecep:pos="n1"
            ecep:reg="Lord"
            ecep:spe="Lord"
            ecep:syllab="1"
            ecep:pron="lɔːd">Lord</w>
         <pc xml:id="pma99-098480"
             n="086-a-0440"
             ecep:lem=","
             ecep:pos=","
             ecep:reg=","
             ecep:spe=",">,</pc>
      </l>
      <l n="6" xml:id="pma99-l03405">
         <c> </c>
         <w xml:id="pma99-098490"
            n="086-a-0450"
            ecep:lem="my"
            ecep:pos="po11"
            ecep:reg="My"
            ecep:spe="My"
            ecep:syllab="1"
            ecep:pron="maɪ">My</w>
         <c> </c>
         <w xml:id="pma99-098500"
            n="086-a-0460"
            ecep:lem="every"
            ecep:pos="d"
            ecep:reg="every"
            ecep:spe="every"
            ecep:syllab="2"
            ecep:pron="ˈevri">every</w>
         <c> </c>
         <w xml:id="pma99-098510"
            n="086-a-0470"
            ecep:lem="thought"
            ecep:pos="n1"
            ecep:reg="thought"
            ecep:spe="thought"
            ecep:syllab="1"
            ecep:pron="θɔːt">thought</w>
         <pc xml:id="pma99-098520"
             n="086-a-0480"
             ecep:lem=","
             ecep:pos=","
             ecep:reg=","
             ecep:spe=",">,</pc>
         <c> </c>
         <w xml:id="pma99-098530"
            n="086-a-0490"
            ecep:lem="my"
            ecep:pos="po11"
            ecep:reg="my"
            ecep:spe="my"
            ecep:syllab="1"
            ecep:pron="maɪ">my</w>
         <c> </c>
         <w xml:id="pma99-098540"
            n="086-a-0500"
            ecep:lem="every"
            ecep:pos="d"
            ecep:reg="every"
            ecep:spe="every"
            ecep:syllab="2"
            ecep:pron="ˈevri">every</w>
         <c> </c>
         <w xml:id="pma99-098550"
            n="086-a-0510"
            ecep:lem="word"
            ecep:pos="n1"
            ecep:reg="word"
            ecep:spe="word"
            ecep:syllab="1"
            ecep:pron="wɜːd">word</w>
         <pc xml:id="pma99-098560"
             n="086-a-0520"
             ecep:lem=";"
             ecep:pos=";"
             ecep:reg=";"
             ecep:spe=";">;</pc>
      </l>
      <l n="7" xml:id="pma99-l03410">
         <c> </c>
         <w xml:id="pma99-098570"
            n="086-a-0530"
            ecep:lem="oh"
            ecep:pos="uh"
            ecep:reg="O"
            ecep:spe="Oh"
            ecep:syllab="1"
            ecep:pron="əʊ">Oh</w>
         <pc xml:id="pma99-098580"
             n="086-a-0540"
             ecep:lem=","
             ecep:pos=","
             ecep:reg=","
             ecep:spe=",">,</pc>
         <c> </c>
         <w xml:id="pma99-098590"
            n="086-a-0550"
            ecep:lem="ever"
            ecep:pos="av"
            ecep:reg="ever"
            ecep:spe="ever"
            ecep:syllab="2"
            ecep:pron="ˈevə">ever</w>
         <c> </c>
         <w xml:id="pma99-098600"
            n="086-a-0560"
            ecep:lem="guide"
            ecep:pos="vvb"
            ecep:reg="guide"
            ecep:spe="guide"
            ecep:syllab="1"
            ecep:pron="gaɪd">guide</w>
         <c> </c>
         <w xml:id="pma99-098610"
            n="086-a-0570"
            ecep:lem="my"
            ecep:pos="po11"
            ecep:reg="my"
            ecep:spe="my"
            ecep:syllab="1"
            ecep:pron="maɪ">my</w>
         <c> </c>
         <w xml:id="pma99-098620"
            n="086-a-0580"
            ecep:lem="tongue"
            ecep:pos="n1"
            ecep:reg="tongue"
            ecep:spe="tongue"
            ecep:syllab="1"
            ecep:pron="tʌŋ">tongue</w>
         <pc xml:id="pma99-098630"
             n="086-a-0590"
             ecep:lem=","
             ecep:pos=","
             ecep:reg=","
             ecep:spe=",">,</pc>
         <c> </c>
         <w xml:id="pma99-098640"
            n="086-a-0600"
            ecep:lem="my"
            ecep:pos="po11"
            ecep:reg="my"
            ecep:spe="my"
            ecep:syllab="1"
            ecep:pron="maɪ">my</w>
         <c> </c>
         <w xml:id="pma99-098650"
            n="086-a-0610"
            ecep:lem="heart"
            ecep:pos="n1"
            ecep:reg="heart"
            ecep:spe="heart"
            ecep:syllab="1"
            ecep:pron="hɑːt">heart</w>
         <pc xml:id="pma99-098660"
             n="086-a-0620"
             ecep:lem=","
             ecep:pos=","
             ecep:reg=","
             ecep:spe=",">,</pc>
      </l>
      <l n="8" xml:id="pma99-l03415">
         <c> </c>
         <w xml:id="pma99-098670"
            n="086-a-0630"
            ecep:lem="for"
            ecep:pos="c-acp"
            ecep:reg="For"
            ecep:spe="For"
            ecep:syllab="1"
            ecep:pron="fɔː">For</w>
         <c> </c>
         <w xml:id="pma99-098680"
            n="086-a-0640"
            ecep:lem="thou"
            ecep:pos="pns21"
            ecep:reg="thou"
            ecep:spe="thou"
            ecep:syllab="1"
            ecep:pron="θaʊ">thou</w>
         <c> </c>
         <w xml:id="pma99-098690"
            n="086-a-0650"
            ecep:lem="have"
            ecep:pos="vh2"
            ecep:reg="hast"
            ecep:spe="hast"
            ecep:syllab="1"
            ecep:pron="hæst">hast</w>
         <c> </c>
         <w xml:id="pma99-098700"
            n="086-a-0660"
            ecep:lem="fashion"
            ecep:pos="vvn"
            ecep:reg="fashioned"
            ecep:spe="fashioned"
            ecep:syllab="2"
            ecep:pron="ˈfæʃnd">fashioned</w>
         <c> </c>
         <w xml:id="pma99-098710"
            n="086-a-0670"
            ecep:lem="every"
            ecep:pos="d"
            ecep:reg="every"
            ecep:spe="every"
            ecep:syllab="2"
            ecep:pron="ˈevri">every</w>
         <c> </c>
         <w xml:id="pma99-098720"
            n="086-a-0680"
            ecep:lem="part"
            ecep:pos="n1"
            ecep:reg="part"
            ecep:spe="part"
            ecep:syllab="1"
            ecep:pron="pɑːt">part</w>
         <pc xml:id="pma99-098730"
             n="086-a-0690"
             unit="sentence"
             ecep:lem="."
             ecep:pos="."
             ecep:reg="."
             ecep:spe=".">.</pc>
         <c> </c>
      </l>
   </lg>
   <lg xml:id="pma99-s00650">
      <l n="9" xml:id="pma99-l03420">
         <w xml:id="pma99-098760"
            n="086-a-0700"
            ecep:lem="such"
            ecep:pos="d"
            ecep:reg="Such"
            ecep:spe="Such"
            ecep:syllab="1"
            ecep:pron="sʌtʃ">Such</w>
         <c> </c>
         <w xml:id="pma99-098770"
            n="086-a-0710"
            ecep:lem="knowledge"
            ecep:pos="n1"
            ecep:reg="knowledge"
            ecep:spe="knowledge"
            ecep:syllab="2"
            ecep:pron="ˈnɒlɪdʒ">knowledge</w>
         <c> </c>
         <w xml:id="pma99-098780"
            n="086-a-0720"
            ecep:lem="how"
            ecep:pos="c-crq"
            ecep:reg="how"
            ecep:spe="how"
            ecep:syllab="1"
            ecep:pron="haʊ">how</w>
         <c> </c>
         <w xml:id="pma99-098790"
            n="086-a-0730"
            ecep:lem="shall"
            ecep:pos="vmd"
            ecep:reg="should"
            ecep:spe="should"
            ecep:syllab="1"
            ecep:pron="ʃʊd">should</w>
         <c> </c>
         <w xml:id="pma99-098800"
            n="086-a-0740"
            ecep:lem="i"
            ecep:pos="pns11"
            ecep:reg="I"
            ecep:spe="I"
            ecep:syllab="1"
            ecep:pron="aɪ">I</w>
         <c> </c>
         <w xml:id="pma99-098810"
            n="086-a-0750"
            ecep:lem="attain"
            ecep:pos="vvi"
            ecep:reg="attain"
            ecep:spe="attain"
            ecep:syllab="2"
            ecep:pron="əˈteɪn">attain</w>
         <pc xml:id="pma99-098820"
             n="086-a-0760"
             unit="sentence"
             ecep:lem="?"
             ecep:pos="?"
             ecep:reg="?"
             ecep:spe="?">?</pc>
         <c> </c>
      </l>
      <l n="10" xml:id="pma99-l03425">
         <w xml:id="pma99-098830"
            n="086-a-0770"
            ecep:lem="such"
            ecep:pos="d"
            ecep:reg="Such"
            ecep:spe="Such"
            ecep:syllab="1"
            ecep:pron="sʌtʃ">Such</w>
         <c> </c>
         <w xml:id="pma99-098840"
            n="086-a-0780"
            ecep:lem="wondrous"
            ecep:pos="j"
            ecep:reg="wondrous"
            ecep:spe="wond'rous"
            ecep:syllab="2"
            ecep:pron="ˈwʌndrəs">wond'rous</w>
         <c> </c>
         <w xml:id="pma99-098850"
            n="086-a-0790"
            ecep:lem="goodness"
            ecep:pos="n1"
            ecep:reg="goodness"
            ecep:spe="goodness"
            ecep:syllab="2"
            ecep:pron="ˈgʊdnəs">goodness</w>
         <c> </c>
         <w xml:id="pma99-098860"
            n="086-a-0800"
            ecep:lem="how"
            ecep:pos="q-crq"
            ecep:reg="how"
            ecep:spe="how"
            ecep:syllab="1"
            ecep:pron="haʊ">how</w>
         <c> </c>
         <w xml:id="pma99-098870"
            n="086-a-0810"
            ecep:lem="explain"
            ecep:pos="vvi"
            ecep:reg="explain"
            ecep:spe="explain"
            ecep:syllab="2"
            ecep:pron="ɪkˈspleɪn">explain</w>
         <pc xml:id="pma99-098880"
             n="086-a-0820"
             unit="sentence"
             ecep:lem="?"
             ecep:pos="?"
             ecep:reg="?"
             ecep:spe="?">?</pc>
         <c> </c>
      </l>
      <l n="11" xml:id="pma99-l03430">
         <w xml:id="pma99-098890"
            n="086-a-0830"
            ecep:lem="say"
            ecep:pos="vvb"
            ecep:reg="Say"
            ecep:spe="Say"
            ecep:syllab="1"
            ecep:pron="seɪ">Say</w>
         <pc xml:id="pma99-098900"
             n="086-a-0840"
             ecep:lem=","
             ecep:pos=","
             ecep:reg=","
             ecep:spe=",">,</pc>
         <c> </c>
         <w xml:id="pma99-098910"
            n="086-a-0850"
            ecep:lem="will"
            ecep:pos="vmd"
            ecep:reg="would"
            ecep:spe="would"
            ecep:syllab="1"
            ecep:pron="wʊd">would</w>
         <c> </c>
         <w xml:id="pma99-098920"
            n="086-a-0860"
            ecep:lem="i"
            ecep:pos="pns11"
            ecep:reg="I"
            ecep:spe="I"
            ecep:syllab="1"
            ecep:pron="aɪ">I</w>
         <c> </c>
         <w xml:id="pma99-098930"
            n="086-a-0870"
            ecep:lem="from"
            ecep:pos="p-acp"
            ecep:reg="from"
            ecep:spe="from"
            ecep:syllab="1"
            ecep:pron="frɒm">from</w>
         <c> </c>
         <w xml:id="pma99-098940"
            n="086-a-0880"
            ecep:lem="thy"
            ecep:pos="po21"
            ecep:reg="thy"
            ecep:spe="thy"
            ecep:syllab="1"
            ecep:pron="ðaɪ">thy</w>
         <c> </c>
         <w xml:id="pma99-098950"
            n="086-a-0890"
            ecep:lem="presence"
            ecep:pos="n1"
            ecep:reg="presence"
            ecep:spe="presence"
            ecep:syllab="2"
            ecep:pron="ˈprezns">presence</w>
         <c> </c>
         <w xml:id="pma99-098960"
            n="086-a-0900"
            ecep:lem="flee"
            ecep:pos="vvi"
            ecep:reg="flee"
            ecep:spe="flee"
            ecep:syllab="1"
            ecep:pron="fliː">flee</w>
         <pc xml:id="pma99-098970"
             n="086-a-0910"
             ecep:lem=","
             ecep:pos=","
             ecep:reg=","
             ecep:spe=",">,</pc>
      </l>
      <l n="12" xml:id="pma99-l03435">
         <c> </c>
         <w xml:id="pma99-098980"
            n="086-a-0920"
            ecep:lem="ah"
            ecep:pos="uh"
            ecep:reg="Ah"
            ecep:spe="Ah"
            ecep:syllab="1"
            ecep:pron="ɑː">Ah</w>
         <pc xml:id="pma99-098990"
             n="086-a-0930"
             ecep:lem=","
             ecep:pos=","
             ecep:reg=","
             ecep:spe=",">,</pc>
         <c> </c>
         <w xml:id="pma99-099000"
            n="086-a-0940"
            ecep:lem="whither"
            ecep:pos="q-crq"
            ecep:reg="whither"
            ecep:spe="whither"
            ecep:syllab="2"
            ecep:pron="ˈwɪðə">whither</w>
         <pc xml:id="pma99-099010"
             n="086-a-0950"
             ecep:lem="?"
             ecep:pos="?"
             ecep:reg="?"
             ecep:spe="?">?</pc>
         <c> </c>
         <pc xml:id="pma99-099020"
             n="086-a-0960"
             ecep:lem="—"
             ecep:pos="—"
             ecep:reg="—"
             ecep:spe="—">—</pc>
         <c> </c>
         <w xml:id="pma99-099030"
            n="086-a-0970"
            ecep:lem="i"
            ecep:pos="pns11"
            ecep:reg="I"
            ecep:spe="I"
            ecep:syllab="1"
            ecep:pron="aɪ">I</w>
         <c> </c>
         <w xml:id="pma99-099040"
            n="086-a-0980"
            ecep:lem="be"
            ecep:pos="vbm"
            ecep:reg="am"
            ecep:spe="am"
            ecep:syllab="1"
            ecep:pron="æm">am</w>
         <c> </c>
         <w xml:id="pma99-099050"
            n="086-a-0990"
            ecep:lem="still"
            ecep:pos="av"
            ecep:reg="still"
            ecep:spe="still"
            ecep:syllab="1"
            ecep:pron="stɪl">still</w>
         <c> </c>
         <w xml:id="pma99-099060"
            n="086-a-1000"
            ecep:lem="with"
            ecep:pos="p-acp"
            ecep:reg="with"
            ecep:spe="with"
            ecep:syllab="1"
            ecep:pron="wɪð">with</w>
         <c> </c>
         <w xml:id="pma99-099070"
            n="086-a-1010"
            ecep:lem="thou"
            ecep:pos="pno21"
            ecep:reg="thee"
            ecep:spe="thee"
            ecep:syllab="1"
            ecep:pron="ðiː">thee</w>
         <pc xml:id="pma99-099080"
             n="086-a-1020"
             unit="sentence"
             ecep:lem="."
             ecep:pos="."
             ecep:reg="."
             ecep:spe=".">.</pc>
         <c> </c>
      </l>
      <pb facs="pma99/0089" n="51" rend="none"/>
   </lg>
   <lg xml:id="pma99-s00655">
      <l n="13" xml:id="pma99-l03440">
         <w xml:id="pma99-099110"
            n="087-a-0010"
            ecep:lem="if"
            ecep:pos="cs"
            ecep:reg="If"
            ecep:spe="If"
            ecep:syllab="1"
            ecep:pron="ɪf">If</w>
         <c> </c>
         <w xml:id="pma99-099120"
            n="087-a-0020"
            ecep:lem="to"
            ecep:pos="p-acp"
            ecep:reg="to"
            ecep:spe="to"
            ecep:syllab="1"
            ecep:pron="tuː">to</w>
         <c> </c>
         <w xml:id="pma99-099130"
            n="087-a-0030"
            ecep:lem="the"
            ecep:pos="dt"
            ecep:reg="the"
            ecep:spe="the"
            ecep:syllab="1"
            ecep:pron="ðiː">the</w>
         <c> </c>
         <w xml:id="pma99-099140"
            n="087-a-0040"
            ecep:lem="heaven"
            ecep:pos="n1"
            ecep:reg="Heaven"
            ecep:spe="Heav'n"
            ecep:syllab="1"
            ecep:pron="ˈhevn">Heav'n</w>
         <c> </c>
         <w xml:id="pma99-099150"
            n="087-a-0050"
            ecep:lem="of"
            ecep:pos="pp-f"
            ecep:reg="of"
            ecep:spe="of"
            ecep:syllab="1"
            ecep:pron="ɒv">of</w>
         <c> </c>
         <w xml:id="pma99-099160"
            n="087-a-0060"
            ecep:lem="heaven"
            ecep:pos="n2"
            ecep:reg="Heavens"
            ecep:spe="Heavens"
            ecep:syllab="2"
            ecep:pron="ˈhevnz">Heavens</w>
         <c> </c>
         <w xml:id="pma99-099170"
            n="087-a-0070"
            ecep:lem="i"
            ecep:pos="pns11"
            ecep:reg="I"
            ecep:spe="I"
            ecep:syllab="1"
            ecep:pron="aɪ">I</w>
         <c> </c>
         <w xml:id="pma99-099180"
            n="087-a-0080"
            ecep:lem="climb"
            ecep:pos="vvb"
            ecep:reg="climb"
            ecep:spe="climb"
            ecep:syllab="1"
            ecep:pron="klaɪm">climb</w>
         <pc xml:id="pma99-099190"
             n="087-a-0090"
             ecep:lem=","
             ecep:pos=","
             ecep:reg=","
             ecep:spe=",">,</pc>
      </l>
      <l n="14" xml:id="pma99-l03445">
         <c> </c>
         <w xml:id="pma99-099200"
            n="087-a-0100"
            ecep:lem="thou|be"
            ecep:pos="pns21|vb2r"
            ecep:reg="Thou'rt"
            ecep:spe="Thou'rt"
            ecep:syllab="1"
            ecep:pron="ðaʊɑːt">Thou'rt</w>
         <c> </c>
         <w xml:id="pma99-099210"
            n="087-a-0110"
            ecep:lem="there"
            ecep:pos="a-acp"
            ecep:reg="there"
            ecep:spe="there"
            ecep:syllab="1"
            ecep:pron="ðeə">there</w>
         <c> </c>
         <w xml:id="pma99-099220"
            n="087-a-0120"
            ecep:lem="in"
            ecep:pos="p-acp"
            ecep:reg="in"
            ecep:spe="in"
            ecep:syllab="1"
            ecep:pron="ɪn">in</w>
         <c> </c>
         <w xml:id="pma99-099230"
            n="087-a-0130"
            ecep:lem="majesty"
            ecep:pos="n1"
            ecep:reg="majesty"
            ecep:spe="majesty"
            ecep:syllab="3"
            ecep:pron="ˈmædʒəsti">majesty</w>
         <c> </c>
         <w xml:id="pma99-099240"
            n="087-a-0140"
            ecep:lem="sublime"
            ecep:pos="j"
            ecep:reg="sublime"
            ecep:spe="sublime"
            ecep:syllab="2"
            ecep:pron="səˈblaɪm">sublime</w>
         <pc xml:id="pma99-099250"
             n="087-a-0150"
             ecep:lem=";"
             ecep:pos=";"
             ecep:reg=";"
             ecep:spe=";">;</pc>
      </l>
      <l n="15" xml:id="pma99-l03450">
         <c> </c>
         <w xml:id="pma99-099260"
            n="087-a-0160"
            ecep:lem="or"
            ecep:pos="cc"
            ecep:reg="Or"
            ecep:spe="Or"
            ecep:syllab="1"
            ecep:pron="ɔː">Or</w>
         <c> </c>
         <w xml:id="pma99-099270"
            n="087-a-0170"
            ecep:lem="if"
            ecep:pos="cs"
            ecep:reg="if"
            ecep:spe="if"
            ecep:syllab="1"
            ecep:pron="ɪf">if</w>
         <c> </c>
         <w xml:id="pma99-099280"
            n="087-a-0180"
            ecep:lem="to"
            ecep:pos="p-acp"
            ecep:reg="to"
            ecep:spe="to"
            ecep:syllab="1"
            ecep:pron="tuː">to</w>
         <c> </c>
         <w xml:id="pma99-099290"
            n="087-a-0190"
            ecep:lem="hell"
            ecep:pos="n1"
            ecep:reg="Hell"
            ecep:spe="Hell"
            ecep:syllab="1"
            ecep:pron="hel">Hell</w>
         <c> </c>
         <w xml:id="pma99-099300"
            n="087-a-0200"
            ecep:lem="i"
            ecep:pos="pns11"
            ecep:reg="I"
            ecep:spe="I"
            ecep:syllab="1"
            ecep:pron="aɪ">I</w>
         <c> </c>
         <w xml:id="pma99-099310"
            n="087-a-0210"
            ecep:lem="downwards"
            ecep:pos="av"
            ecep:reg="downwards"
            ecep:spe="downwards"
            ecep:syllab="2"
            ecep:pron="ˈdaʊnwədz">downwards</w>
         <c> </c>
         <w xml:id="pma99-099320"
            n="087-a-0220"
            ecep:lem="go"
            ecep:pos="vvi"
            ecep:reg="go"
            ecep:spe="go"
            ecep:syllab="1"
            ecep:pron="gəʊ">go</w>
         <pc xml:id="pma99-099330"
             n="087-a-0230"
             ecep:lem=","
             ecep:pos=","
             ecep:reg=","
             ecep:spe=",">,</pc>
      </l>
      <l n="16" xml:id="pma99-l03455">
         <c> </c>
         <w xml:id="pma99-099340"
            n="087-a-0240"
            ecep:lem="behold"
            ecep:pos="vvb"
            ecep:reg="Behold"
            ecep:spe="Behold"
            ecep:syllab="2"
            ecep:pron="bɪˈhəʊld">Behold</w>
         <pc xml:id="pma99-099350"
             n="087-a-0250"
             ecep:lem=","
             ecep:pos=","
             ecep:reg=","
             ecep:spe=",">,</pc>
         <c> </c>
         <w xml:id="pma99-099360"
            n="087-a-0260"
            ecep:lem="o"
            ecep:pos="uh"
            ecep:reg="OH"
            ecep:spe="O"
            ecep:syllab="1"
            ecep:pron="əʊ">O</w>
         <c> </c>
         <w xml:id="pma99-099370"
            n="087-a-0270"
            ecep:lem="lord"
            ecep:pos="n1"
            ecep:reg="Lord"
            ecep:spe="Lord"
            ecep:syllab="1"
            ecep:pron="lɔːd">Lord</w>
         <pc xml:id="pma99-099380"
             n="087-a-0280"
             ecep:lem=","
             ecep:pos=","
             ecep:reg=","
             ecep:spe=",">,</pc>
         <c> </c>
         <w xml:id="pma99-099390"
            n="087-a-0290"
            ecep:lem="thou|be"
            ecep:pos="pns21|vb2r"
            ecep:reg="thou'rt"
            ecep:spe="thou'rt"
            ecep:syllab="1"
            ecep:pron="ðaʊɑːt">thou'rt</w>
         <c> </c>
         <w xml:id="pma99-099400"
            n="087-a-0300"
            ecep:lem="there"
            ecep:pos="p-acp"
            ecep:reg="there"
            ecep:spe="there"
            ecep:syllab="1"
            ecep:pron="ðeə">there</w>
         <c> </c>
         <w xml:id="pma99-099410"
            n="087-a-0310"
            ecep:lem="also"
            ecep:pos="av"
            ecep:reg="also"
            ecep:spe="also"
            ecep:syllab="2"
            ecep:pron="ˈɔːlsəʊ">also</w>
         <pc xml:id="pma99-099420"
             n="087-a-0320"
             unit="sentence"
             ecep:lem="."
             ecep:pos="."
             ecep:reg="."
             ecep:spe=".">.</pc>
         <c> </c>
      </l>
   </lg>
   <lg xml:id="pma99-s00660">
      <l n="17" xml:id="pma99-l03460">
         <w xml:id="pma99-099450"
            n="087-a-0330"
            ecep:lem="if"
            ecep:pos="cs"
            ecep:reg="If"
            ecep:spe="If"
            ecep:syllab="1"
            ecep:pron="ɪf">If</w>
         <c> </c>
         <w xml:id="pma99-099460"
            n="087-a-0340"
            ecep:lem="on"
            ecep:pos="p-acp"
            ecep:reg="on"
            ecep:spe="on"
            ecep:syllab="1"
            ecep:pron="ɒn">on</w>
         <c> </c>
         <w xml:id="pma99-099470"
            n="087-a-0350"
            ecep:lem="the"
            ecep:pos="dt"
            ecep:reg="the"
            ecep:spe="the"
            ecep:syllab="1"
            ecep:pron="ðiː">the</w>
         <c> </c>
         <w xml:id="pma99-099480"
            n="087-a-0360"
            ecep:lem="morning"
            ecep:pos="ng1"
            ecep:reg="morning's"
            ecep:spe="morning's"
            ecep:syllab="2"
            ecep:pron="ˈmɔːnɪŋz">morning's</w>
         <c> </c>
         <w xml:id="pma99-099490"
            n="087-a-0370"
            ecep:lem="wing"
            ecep:pos="n1"
            ecep:reg="wing"
            ecep:spe="wing"
            ecep:syllab="1"
            ecep:pron="wɪŋ">wing</w>
         <c> </c>
         <w xml:id="pma99-099500"
            n="087-a-0380"
            ecep:lem="i"
            ecep:pos="pns11"
            ecep:reg="I"
            ecep:spe="I"
            ecep:syllab="1"
            ecep:pron="aɪ">I</w>
         <c> </c>
         <w xml:id="pma99-099510"
            n="087-a-0390"
            ecep:lem="soar"
            ecep:pos="vvb"
            ecep:reg="soar"
            ecep:spe="soar"
            ecep:syllab="1"
            ecep:pron="sɔː">soar</w>
         <pc xml:id="pma99-099520"
             n="087-a-0400"
             ecep:lem=","
             ecep:pos=","
             ecep:reg=","
             ecep:spe=",">,</pc>
      </l>
      <l n="18" xml:id="pma99-l03465">
         <c> </c>
         <w xml:id="pma99-099530"
            n="087-a-0410"
            ecep:lem="or"
            ecep:pos="cc"
            ecep:reg="Or"
            ecep:spe="Or"
            ecep:syllab="1"
            ecep:pron="ɔː">Or</w>
         <c> </c>
         <w xml:id="pma99-099540"
            n="087-a-0420"
            ecep:lem="dive"
            ecep:pos="vvb"
            ecep:reg="dive"
            ecep:spe="dive"
            ecep:syllab="1"
            ecep:pron="daɪv">dive</w>
         <c> </c>
         <w xml:id="pma99-099550"
            n="087-a-0430"
            ecep:lem="where"
            ecep:pos="c-crq"
            ecep:reg="where"
            ecep:spe="where"
            ecep:syllab="1"
            ecep:pron="weə">where</w>
         <c> </c>
         <w xml:id="pma99-099560"
            n="087-a-0440"
            ecep:lem="deep"
            ecep:pos="js-jn"
            ecep:reg="deepest"
            ecep:spe="deepest"
            ecep:syllab="2"
            ecep:pron="diːpɪst">deepest</w>
         <c> </c>
         <w xml:id="pma99-099570"
            n="087-a-0450"
            ecep:lem="ocean"
            ecep:pos="n2"
            ecep:reg="oceans"
            ecep:spe="oceans"
            ecep:syllab="2"
            ecep:pron="ˈəʊʃnz">oceans</w>
         <c> </c>
         <w xml:id="pma99-099580"
            n="087-a-0460"
            ecep:lem="roar"
            ecep:pos="vvi"
            ecep:reg="roar"
            ecep:spe="roar"
            ecep:syllab="1"
            ecep:pron="rɔː">roar</w>
         <pc xml:id="pma99-099590"
             n="087-a-0470"
             ecep:lem=","
             ecep:pos=","
             ecep:reg=","
             ecep:spe=",">,</pc>
      </l>
      <l n="19" xml:id="pma99-l03470">
         <c> </c>
         <w xml:id="pma99-099600"
            n="087-a-0480"
            ecep:lem="even"
            ecep:pos="av-j"
            ecep:reg="Even"
            ecep:spe="Ev'n"
            ecep:syllab="1"
            ecep:pron="ˈiːvn">Ev'n</w>
         <c> </c>
         <w xml:id="pma99-099610"
            n="087-a-0490"
            ecep:lem="there"
            ecep:pos="a-acp"
            ecep:reg="there"
            ecep:spe="there"
            ecep:syllab="1"
            ecep:pron="ðeə">there</w>
         <c> </c>
         <w xml:id="pma99-099620"
            n="087-a-0500"
            ecep:lem="thy"
            ecep:pos="po21"
            ecep:reg="thy"
            ecep:spe="thy"
            ecep:syllab="1"
            ecep:pron="ðaɪ">thy</w>
         <c> </c>
         <w xml:id="pma99-099630"
            n="087-a-0510"
            ecep:lem="presence"
            ecep:pos="n1"
            ecep:reg="presence"
            ecep:spe="presence"
            ecep:syllab="2"
            ecep:pron="ˈprezns">presence</w>
         <c> </c>
         <w xml:id="pma99-099640"
            n="087-a-0520"
            ecep:lem="shield"
            ecep:pos="n2"
            ecep:reg="shields"
            ecep:spe="shields"
            ecep:syllab="1"
            ecep:pron="ʃiːldz">shields</w>
         <c> </c>
         <w xml:id="pma99-099650"
            n="087-a-0530"
            ecep:lem="from"
            ecep:pos="p-acp"
            ecep:reg="from"
            ecep:spe="from"
            ecep:syllab="1"
            ecep:pron="frɒm">from</w>
         <c> </c>
         <w xml:id="pma99-099660"
            n="087-a-0540"
            ecep:lem="harm"
            ecep:pos="n1"
            ecep:reg="harm"
            ecep:spe="harm"
            ecep:syllab="1"
            ecep:pron="hɑːm">harm</w>
         <pc xml:id="pma99-099670"
             n="087-a-0550"
             ecep:lem=","
             ecep:pos=","
             ecep:reg=","
             ecep:spe=",">,</pc>
      </l>
      <l n="20" xml:id="pma99-l03475">
         <c> </c>
         <w xml:id="pma99-099680"
            n="087-a-0560"
            ecep:lem="and"
            ecep:pos="cc"
            ecep:reg="And"
            ecep:spe="And"
            ecep:syllab="1"
            ecep:pron="ænd">And</w>
         <c> </c>
         <w xml:id="pma99-099690"
            n="087-a-0570"
            ecep:lem="guide"
            ecep:pos="vvz"
            ecep:reg="guides"
            ecep:spe="guides"
            ecep:syllab="1"
            ecep:pron="gaɪdz">guides</w>
         <c> </c>
         <w xml:id="pma99-099700"
            n="087-a-0580"
            ecep:lem="i"
            ecep:pos="pno11"
            ecep:reg="me"
            ecep:spe="me"
            ecep:syllab="1"
            ecep:pron="miː">me</w>
         <c> </c>
         <w xml:id="pma99-099710"
            n="087-a-0590"
            ecep:lem="with"
            ecep:pos="p-acp"
            ecep:reg="with"
            ecep:spe="with"
            ecep:syllab="1"
            ecep:pron="wɪð">with</w>
         <c> </c>
         <w xml:id="pma99-099720"
            n="087-a-0600"
            ecep:lem="thy"
            ecep:pos="po21"
            ecep:reg="thy"
            ecep:spe="thy"
            ecep:syllab="1"
            ecep:pron="ðaɪ">thy</w>
         <c> </c>
         <w xml:id="pma99-099730"
            n="087-a-0610"
            ecep:lem="mighty"
            ecep:pos="j"
            ecep:reg="mighty"
            ecep:spe="mighty"
            ecep:syllab="2"
            ecep:pron="ˈmaɪti">mighty</w>
         <c> </c>
         <w xml:id="pma99-099740"
            n="087-a-0620"
            ecep:lem="arm"
            ecep:pos="n1"
            ecep:reg="arm"
            ecep:spe="arm"
            ecep:syllab="1"
            ecep:pron="ɑːm">arm</w>
         <pc xml:id="pma99-099750"
             n="087-a-0630"
             unit="sentence"
             ecep:lem="."
             ecep:pos="."
             ecep:reg="."
             ecep:spe=".">.</pc>
         <c> </c>
      </l>
   </lg>
   <lg xml:id="pma99-s00665">
      <l n="21" xml:id="pma99-l03480">
         <w xml:id="pma99-099780"
            n="087-a-0640"
            ecep:lem="if"
            ecep:pos="cs"
            ecep:reg="If"
            ecep:spe="If"
            ecep:syllab="1"
            ecep:pron="ɪf">If</w>
         <c> </c>
         <w xml:id="pma99-099790"
            n="087-a-0650"
            ecep:lem="in"
            ecep:pos="p-acp"
            ecep:reg="in"
            ecep:spe="in"
            ecep:syllab="1"
            ecep:pron="ɪn">in</w>
         <c> </c>
         <w xml:id="pma99-099800"
            n="087-a-0660"
            ecep:lem="the"
            ecep:pos="dt"
            ecep:reg="the"
            ecep:spe="the"
            ecep:syllab="1"
            ecep:pron="ðiː">the</w>
         <c> </c>
         <w xml:id="pma99-099810"
            n="087-a-0670"
            ecep:lem="dark"
            ecep:pos="j"
            ecep:reg="dark"
            ecep:spe="dark"
            ecep:syllab="1"
            ecep:pron="dɑːk">dark</w>
         <c> </c>
         <w xml:id="pma99-099820"
            n="087-a-0680"
            ecep:lem="and"
            ecep:pos="cc"
            ecep:reg="and"
            ecep:spe="and"
            ecep:syllab="1"
            ecep:pron="ænd">and</w>
         <c> </c>
         <w xml:id="pma99-099830"
            n="087-a-0690"
            ecep:lem="midnight"
            ecep:pos="n1"
            ecep:reg="midnight"
            ecep:spe="midnight"
            ecep:syllab="2"
            ecep:pron="ˈmɪdnaɪt">midnight</w>
         <c> </c>
         <w xml:id="pma99-099840"
            n="087-a-0700"
            ecep:lem="hour"
            ecep:pos="n1"
            ecep:reg="hour"
            ecep:spe="hour"
            ecep:syllab="1"
            ecep:pron="æə">hour</w>
      </l>
      <l n="22" xml:id="pma99-l03485">
         <c> </c>
         <w xml:id="pma99-099850"
            n="087-a-0710"
            ecep:lem="i"
            ecep:pos="pns11"
            ecep:reg="I"
            ecep:spe="I"
            ecep:syllab="1"
            ecep:pron="aɪ">I</w>
         <c> </c>
         <w xml:id="pma99-099860"
            n="087-a-0720"
            ecep:lem="seek"
            ecep:pos="vvb"
            ecep:reg="seek"
            ecep:spe="seek"
            ecep:syllab="1"
            ecep:pron="siːk">seek</w>
         <c> </c>
         <w xml:id="pma99-099870"
            n="087-a-0730"
            ecep:lem="to"
            ecep:pos="pc-acp"
            ecep:reg="to"
            ecep:spe="to"
            ecep:syllab="1"
            ecep:pron="tuː">to</w>
         <c> </c>
         <w xml:id="pma99-099880"
            n="087-a-0740"
            ecep:lem="hide"
            ecep:pos="vvi"
            ecep:reg="hide"
            ecep:spe="hide"
            ecep:syllab="1"
            ecep:pron="haɪd">hide</w>
         <c> </c>
         <w xml:id="pma99-099890"
            n="087-a-0750"
            ecep:lem="i"
            ecep:pos="pno11"
            ecep:reg="me"
            ecep:spe="me"
            ecep:syllab="1"
            ecep:pron="miː">me</w>
         <c> </c>
         <w xml:id="pma99-099900"
            n="087-a-0760"
            ecep:lem="from"
            ecep:pos="p-acp"
            ecep:reg="from"
            ecep:spe="from"
            ecep:syllab="1"
            ecep:pron="frɒm">from</w>
         <c> </c>
         <w xml:id="pma99-099910"
            n="087-a-0770"
            ecep:lem="thy"
            ecep:pos="po21"
            ecep:reg="thy"
            ecep:spe="thy"
            ecep:syllab="1"
            ecep:pron="ðaɪ">thy</w>
         <c> </c>
         <w xml:id="pma99-099920"
            n="087-a-0780"
            ecep:lem="power"
            ecep:pos="n1"
            ecep:reg="power"
            ecep:spe="power"
            ecep:syllab="1"
            ecep:pron="ˈpaʊə">power</w>
         <pc xml:id="pma99-099930"
             n="087-a-0790"
             ecep:lem=","
             ecep:pos=","
             ecep:reg=","
             ecep:spe=",">,</pc>
      </l>
      <l n="23" xml:id="pma99-l03490">
         <c> </c>
         <w xml:id="pma99-099940"
            n="087-a-0800"
            ecep:lem="that"
            ecep:pos="cst"
            ecep:reg="That"
            ecep:spe="That"
            ecep:syllab="1"
            ecep:pron="ðæt">That</w>
         <c> </c>
         <w xml:id="pma99-099950"
            n="087-a-0810"
            ecep:lem="darkness"
            ecep:pos="n1"
            ecep:reg="darkness"
            ecep:spe="darkness"
            ecep:syllab="2"
            ecep:pron="dɑːknəs">darkness</w>
         <c> </c>
         <w xml:id="pma99-099960"
            n="087-a-0820"
            ecep:lem="be"
            ecep:pos="vbz"
            ecep:reg="is"
            ecep:spe="is"
            ecep:syllab="1"
            ecep:pron="ɪz">is</w>
         <c> </c>
         <w xml:id="pma99-099970"
            n="087-a-0830"
            ecep:lem="to"
            ecep:pos="p-acp"
            ecep:reg="to"
            ecep:spe="to"
            ecep:syllab="1"
            ecep:pron="tuː">to</w>
         <c> </c>
         <w xml:id="pma99-099980"
            n="087-a-0840"
            ecep:lem="thou"
            ecep:pos="pno21"
            ecep:reg="Thee"
            ecep:spe="Thee"
            ecep:syllab="1"
            ecep:pron="ðiː">Thee</w>
         <c> </c>
         <w xml:id="pma99-099990"
            n="087-a-0850"
            ecep:lem="as"
            ecep:pos="p-acp"
            ecep:reg="as"
            ecep:spe="as"
            ecep:syllab="1"
            ecep:pron="æz">as</w>
         <c> </c>
         <w xml:id="pma99-100000"
            n="087-a-0860"
            ecep:lem="bright"
            ecep:pos="j"
            ecep:reg="bright"
            ecep:spe="bright"
            ecep:syllab="1"
            ecep:pron="braɪt">bright</w>
      </l>
      <l n="24" xml:id="pma99-l03495">
         <c> </c>
         <w xml:id="pma99-100010"
            n="087-a-0870"
            ecep:lem="as"
            ecep:pos="c-acp"
            ecep:reg="As"
            ecep:spe="As"
            ecep:syllab="1"
            ecep:pron="æz">As</w>
         <c> </c>
         <w xml:id="pma99-100020"
            n="087-a-0880"
            ecep:lem="orient"
            ecep:pos="n1"
            ecep:reg="orient"
            ecep:spe="orient"
            ecep:syllab="3"
            ecep:pron="ˈɔːriənt">orient</w>
         <c> </c>
         <w xml:id="pma99-100030"
            n="087-a-0890"
            ecep:lem="beam"
            ecep:pos="n2"
            ecep:reg="beams"
            ecep:spe="beams"
            ecep:syllab="1"
            ecep:pron="biːmz">beams</w>
         <c> </c>
         <w xml:id="pma99-100040"
            n="087-a-0900"
            ecep:lem="of"
            ecep:pos="pp-f"
            ecep:reg="of"
            ecep:spe="of"
            ecep:syllab="1"
            ecep:pron="ɒv">of</w>
         <c> </c>
         <w xml:id="pma99-100050"
            n="087-a-0910"
            ecep:lem="morning"
            ecep:pos="n1"
            ecep:reg="morning"
            ecep:spe="morning"
            ecep:syllab="2"
            ecep:pron="ˈmɔːnɪŋ">morning</w>
         <c> </c>
         <w xml:id="pma99-100060"
            n="087-a-0920"
            ecep:lem="light"
            ecep:pos="n1"
            ecep:reg="light"
            ecep:spe="light"
            ecep:syllab="1"
            ecep:pron="laɪt">light</w>
         <pc xml:id="pma99-100070"
             n="087-a-0930"
             unit="sentence"
             ecep:lem="."
             ecep:pos="."
             ecep:reg="."
             ecep:spe=".">.</pc>
         <c> </c>
      </l>
   </lg>
   <lg xml:id="pma99-s00670">
      <l n="25" xml:id="pma99-l03500">
         <w xml:id="pma99-100100"
            n="087-a-0940"
            ecep:lem="when"
            ecep:pos="c-crq"
            ecep:reg="When"
            ecep:spe="When"
            ecep:syllab="1"
            ecep:pron="wen">When</w>
         <c> </c>
         <w xml:id="pma99-100110"
            n="087-a-0950"
            ecep:lem="in"
            ecep:pos="p-acp"
            ecep:reg="in"
            ecep:spe="in"
            ecep:syllab="1"
            ecep:pron="ɪn">in</w>
         <c> </c>
         <w xml:id="pma99-100120"
            n="087-a-0960"
            ecep:lem="my"
            ecep:pos="po11"
            ecep:reg="my"
            ecep:spe="my"
            ecep:syllab="1"
            ecep:pron="maɪ">my</w>
         <c> </c>
         <w xml:id="pma99-100130"
            n="087-a-0970"
            ecep:lem="mother"
            ecep:pos="ng1"
            ecep:reg="mother's"
            ecep:spe="mother's"
            ecep:syllab="2"
            ecep:pron="ˈmʌðəz">mother's</w>
         <c> </c>
         <w xml:id="pma99-100140"
            n="087-a-0980"
            ecep:lem="womb"
            ecep:pos="n1"
            ecep:reg="womb"
            ecep:spe="womb"
            ecep:syllab="1"
            ecep:pron="wuːm">womb</w>
         <c> </c>
         <w xml:id="pma99-100150"
            n="087-a-0990"
            ecep:lem="i"
            ecep:pos="pns11"
            ecep:reg="I"
            ecep:spe="I"
            ecep:syllab="1"
            ecep:pron="aɪ">I</w>
         <c> </c>
         <w xml:id="pma99-100160"
            n="087-a-1000"
            ecep:lem="lay"
            ecep:pos="vvb"
            ecep:reg="lay"
            ecep:spe="lay"
            ecep:syllab="1"
            ecep:pron="leɪ">lay</w>
         <pc xml:id="pma99-100170"
             n="087-a-1010"
             ecep:lem=","
             ecep:pos=","
             ecep:reg=","
             ecep:spe=",">,</pc>
      </l>
      <l n="26" xml:id="pma99-l03505">
         <c> </c>
         <w xml:id="pma99-100180"
            n="087-a-1020"
            ecep:lem="thou"
            ecep:pos="pns21"
            ecep:reg="Thou"
            ecep:spe="Thou"
            ecep:syllab="1"
            ecep:pron="θaʊ">Thou</w>
         <c> </c>
         <w xml:id="pma99-100190"
            n="087-a-1030"
            ecep:lem="fashionedst"
            ecep:pos="vvd2"
            ecep:reg="fashionedst"
            ecep:spe="fashionedst"
            ecep:syllab="3"
            ecep:pron="fˈæʃənˌedst">fashionedst</w>
         <c> </c>
         <w xml:id="pma99-100200"
            n="087-a-1040"
            ecep:lem="my"
            ecep:pos="po11"
            ecep:reg="my"
            ecep:spe="my"
            ecep:syllab="1"
            ecep:pron="maɪ">my</w>
         <c> </c>
         <w xml:id="pma99-100210"
            n="087-a-1050"
            ecep:lem="wondrous"
            ecep:pos="j"
            ecep:reg="wondrous"
            ecep:spe="wond'rous"
            ecep:syllab="2"
            ecep:pron="ˈwʌndrəs">wond'rous</w>
         <c> </c>
         <w xml:id="pma99-100220"
            n="087-a-1060"
            ecep:lem="clay"
            ecep:pos="n1"
            ecep:reg="clay"
            ecep:spe="clay"
            ecep:syllab="1"
            ecep:pron="kleɪ">clay</w>
         <pc xml:id="pma99-100230"
             n="087-a-1070"
             ecep:lem=","
             ecep:pos=","
             ecep:reg=","
             ecep:spe=",">,</pc>
      </l>
      <l n="27" xml:id="pma99-l03510">
         <c> </c>
         <w xml:id="pma99-100240"
            n="087-a-1080"
            ecep:lem="nor"
            ecep:pos="ccx"
            ecep:reg="Nor"
            ecep:spe="Nor"
            ecep:syllab="1"
            ecep:pron="nɔː">Nor</w>
         <c> </c>
         <w xml:id="pma99-100250"
            n="087-a-1090"
            ecep:lem="be"
            ecep:pos="vbdr"
            ecep:reg="were"
            ecep:spe="were"
            ecep:syllab="1"
            ecep:pron="wɜː">were</w>
         <c> </c>
         <w xml:id="pma99-100260"
            n="087-a-1100"
            ecep:lem="my"
            ecep:pos="po11"
            ecep:reg="my"
            ecep:spe="my"
            ecep:syllab="1"
            ecep:pron="maɪ">my</w>
         <c> </c>
         <w xml:id="pma99-100270"
            n="087-a-1110"
            ecep:lem="bone"
            ecep:pos="n2"
            ecep:reg="bones"
            ecep:spe="bones"
            ecep:syllab="1"
            ecep:pron="bəʊnz">bones</w>
         <c> </c>
         <w xml:id="pma99-100280"
            n="087-a-1120"
            ecep:lem="before"
            ecep:pos="p-acp"
            ecep:reg="before"
            ecep:spe="before"
            ecep:syllab="2"
            ecep:pron="bɪˈfɔː">before</w>
         <c> </c>
         <w xml:id="pma99-100290"
            n="087-a-1130"
            ecep:lem="my"
            ecep:pos="po11"
            ecep:reg="my"
            ecep:spe="my"
            ecep:syllab="1"
            ecep:pron="maɪ">my</w>
         <c> </c>
         <w xml:id="pma99-100300"
            n="087-a-1140"
            ecep:lem="birth"
            ecep:pos="n1"
            ecep:reg="birth"
            ecep:spe="birth"
            ecep:syllab="1"
            ecep:pron="bɜːθ">birth</w>
      </l>
      <l n="28" xml:id="pma99-l03515">
         <c> </c>
         <w xml:id="pma99-100310"
            n="087-a-1150"
            ecep:lem="unseen"
            ecep:pos="j"
            ecep:reg="Unseen"
            ecep:spe="Unseen"
            ecep:syllab="2"
            ecep:pron="ʌnˈsiːn">Unseen</w>
         <pc xml:id="pma99-100320"
             n="087-a-1160"
             ecep:lem=","
             ecep:pos=","
             ecep:reg=","
             ecep:spe=",">,</pc>
         <c> </c>
         <w xml:id="pma99-100330"
            n="087-a-1170"
            ecep:lem="though"
            ecep:pos="c-acp"
            ecep:reg="though"
            ecep:spe="tho'"
            ecep:syllab="1"
            ecep:pron="ðəʊ">tho'</w>
         <c> </c>
         <w xml:id="pma99-100340"
            n="087-a-1180"
            ecep:lem="form"
            ecep:pos="vvn"
            ecep:reg="formed"
            ecep:spe="form'd"
            ecep:syllab="1"
            ecep:pron="fɔːmd">form'd</w>
         <c> </c>
         <w xml:id="pma99-100350"
            n="087-a-1190"
            ecep:lem="beneath"
            ecep:pos="p-acp"
            ecep:reg="beneath"
            ecep:spe="beneath"
            ecep:syllab="2"
            ecep:pron="bɪˈniːθ">beneath</w>
         <c> </c>
         <w xml:id="pma99-100360"
            n="087-a-1200"
            ecep:lem="the"
            ecep:pos="dt"
            ecep:reg="the"
            ecep:spe="the"
            ecep:syllab="1"
            ecep:pron="ðiː">the</w>
         <c> </c>
         <w xml:id="pma99-100370"
            n="087-a-1210"
            ecep:lem="earth"
            ecep:pos="n1"
            ecep:reg="earth"
            ecep:spe="earth"
            ecep:syllab="1"
            ecep:pron="ɜːθ">earth</w>
         <pc xml:id="pma99-100380"
             n="087-a-1220"
             unit="sentence"
             ecep:lem="."
             ecep:pos="."
             ecep:reg="."
             ecep:spe=".">.</pc>
         <c> </c>
      </l>
      <pb facs="pma99/0090" n="52" rend="none"/>
   </lg>
   <lg xml:id="pma99-s00675">
      <l n="29" xml:id="pma99-l03520">
         <w xml:id="pma99-100410"
            n="088-a-0010"
            ecep:lem="thy"
            ecep:pos="po21"
            ecep:reg="Thine"
            ecep:spe="Thine"
            ecep:syllab="1"
            ecep:pron="ðaɪn">Thine</w>
         <c> </c>
         <w xml:id="pma99-100420"
            n="088-a-0020"
            ecep:lem="eye"
            ecep:pos="n2"
            ecep:reg="eyes"
            ecep:spe="eyes"
            ecep:syllab="1"
            ecep:pron="aɪz">eyes</w>
         <c> </c>
         <w xml:id="pma99-100430"
            n="088-a-0030"
            ecep:lem="my"
            ecep:pos="po11"
            ecep:reg="my"
            ecep:spe="my"
            ecep:syllab="1"
            ecep:pron="maɪ">my</w>
         <c> </c>
         <w xml:id="pma99-100440"
            n="088-a-0040"
            ecep:lem="substance"
            ecep:pos="n1"
            ecep:reg="substance"
            ecep:spe="substance"
            ecep:syllab="2"
            ecep:pron="ˈsʌbstns">substance</w>
         <c> </c>
         <w xml:id="pma99-100450"
            n="088-a-0050"
            ecep:lem="do"
            ecep:pos="vdd"
            ecep:reg="did"
            ecep:spe="did"
            ecep:syllab="1"
            ecep:pron="dɪd">did</w>
         <c> </c>
         <w xml:id="pma99-100460"
            n="088-a-0060"
            ecep:lem="descry"
            ecep:pos="vvi"
            ecep:reg="descry"
            ecep:spe="descry"
            ecep:syllab="2"
            ecep:pron="dɪˈskraɪ">descry</w>
         <pc xml:id="pma99-100470"
             n="088-a-0070"
             ecep:lem=","
             ecep:pos=","
             ecep:reg=","
             ecep:spe=",">,</pc>
      </l>
      <l n="30" xml:id="pma99-l03525">
         <c> </c>
         <w xml:id="pma99-100480"
            n="088-a-0080"
            ecep:lem="when"
            ecep:pos="c-crq"
            ecep:reg="When"
            ecep:spe="When"
            ecep:syllab="1"
            ecep:pron="wen">When</w>
         <c> </c>
         <w xml:id="pma99-100490"
            n="088-a-0090"
            ecep:lem="hide"
            ecep:pos="vvn"
            ecep:reg="hid"
            ecep:spe="hid"
            ecep:syllab="1"
            ecep:pron="hɪd">hid</w>
         <c> </c>
         <w xml:id="pma99-100500"
            n="088-a-0100"
            ecep:lem="from"
            ecep:pos="p-acp"
            ecep:reg="from"
            ecep:spe="from"
            ecep:syllab="1"
            ecep:pron="frɒm">from</w>
         <c> </c>
         <w xml:id="pma99-100510"
            n="088-a-0110"
            ecep:lem="every"
            ecep:pos="d"
            ecep:reg="every"
            ecep:spe="ev'ry"
            ecep:syllab="2"
            ecep:pron="ˈevri">ev'ry</w>
         <c> </c>
         <w xml:id="pma99-100520"
            n="088-a-0120"
            ecep:lem="mortal"
            ecep:pos="j-jn"
            ecep:reg="mortal"
            ecep:spe="mortal"
            ecep:syllab="2"
            ecep:pron="ˈmɔːtl">mortal</w>
         <c> </c>
         <w xml:id="pma99-100530"
            n="088-a-0130"
            ecep:lem="eye"
            ecep:pos="n1"
            ecep:reg="eye"
            ecep:spe="eye"
            ecep:syllab="1"
            ecep:pron="aɪ">eye</w>
         <pc xml:id="pma99-100540"
             n="088-a-0140"
             ecep:lem=","
             ecep:pos=","
             ecep:reg=","
             ecep:spe=",">,</pc>
      </l>
      <l n="31" xml:id="pma99-l03530">
         <c> </c>
         <w xml:id="pma99-100550"
            n="088-a-0150"
            ecep:lem="and"
            ecep:pos="cc"
            ecep:reg="And"
            ecep:spe="And"
            ecep:syllab="1"
            ecep:pron="ænd">And</w>
         <c> </c>
         <w xml:id="pma99-100560"
            n="088-a-0160"
            ecep:lem="in"
            ecep:pos="p-acp"
            ecep:reg="in"
            ecep:spe="in"
            ecep:syllab="1"
            ecep:pron="ɪn">in</w>
         <c> </c>
         <w xml:id="pma99-100570"
            n="088-a-0170"
            ecep:lem="thy"
            ecep:pos="po21"
            ecep:reg="thy"
            ecep:spe="thy"
            ecep:syllab="1"
            ecep:pron="ðaɪ">thy</w>
         <c> </c>
         <w xml:id="pma99-100580"
            n="088-a-0180"
            ecep:lem="book"
            ecep:pos="n1"
            ecep:reg="book"
            ecep:spe="book"
            ecep:syllab="1"
            ecep:pron="bʊk">book</w>
         <c> </c>
         <w xml:id="pma99-100590"
            n="088-a-0190"
            ecep:lem="each"
            ecep:pos="d"
            ecep:reg="each"
            ecep:spe="each"
            ecep:syllab="1"
            ecep:pron="iːtʃ">each</w>
         <c> </c>
         <w xml:id="pma99-100600"
            n="088-a-0200"
            ecep:lem="member"
            ecep:pos="n1"
            ecep:reg="member"
            ecep:spe="member"
            ecep:syllab="2"
            ecep:pron="ˈmembə">member</w>
         <c> </c>
         <w xml:id="pma99-100610"
            n="088-a-0210"
            ecep:lem="place"
            ecep:pos="vvd"
            ecep:reg="placed"
            ecep:spe="plac'd"
            ecep:syllab="1"
            ecep:pron="pleɪst">plac'd</w>
         <pc xml:id="pma99-100620"
             n="088-a-0220"
             ecep:lem=","
             ecep:pos=","
             ecep:reg=","
             ecep:spe=",">,</pc>
      </l>
      <l n="32" xml:id="pma99-l03535">
         <c> </c>
         <w xml:id="pma99-100630"
            n="088-a-0230"
            ecep:lem="as"
            ecep:pos="c-acp"
            ecep:reg="As"
            ecep:spe="As"
            ecep:syllab="1"
            ecep:pron="æz">As</w>
         <c> </c>
         <w xml:id="pma99-100640"
            n="088-a-0240"
            ecep:lem="day"
            ecep:pos="n1"
            ecep:reg="day"
            ecep:spe="day"
            ecep:syllab="1"
            ecep:pron="deɪ">day</w>
         <c> </c>
         <w xml:id="pma99-100650"
            n="088-a-0250"
            ecep:lem="by"
            ecep:pos="p-acp"
            ecep:reg="by"
            ecep:spe="by"
            ecep:syllab="1"
            ecep:pron="baɪ">by</w>
         <c> </c>
         <w xml:id="pma99-100660"
            n="088-a-0260"
            ecep:lem="day"
            ecep:pos="n1"
            ecep:reg="day"
            ecep:spe="day"
            ecep:syllab="1"
            ecep:pron="deɪ">day</w>
         <c> </c>
         <w xml:id="pma99-100670"
            n="088-a-0270"
            ecep:lem="their"
            ecep:pos="po32"
            ecep:reg="their"
            ecep:spe="their"
            ecep:syllab="1"
            ecep:pron="ðeə">their</w>
         <c> </c>
         <w xml:id="pma99-100680"
            n="088-a-0280"
            ecep:lem="form"
            ecep:pos="n2"
            ecep:reg="forms"
            ecep:spe="forms"
            ecep:syllab="1"
            ecep:pron="fɔːmz">forms</w>
         <c> </c>
         <w xml:id="pma99-100690"
            n="088-a-0290"
            ecep:lem="be"
            ecep:pos="vbdr"
            ecep:reg="were"
            ecep:spe="were"
            ecep:syllab="1"
            ecep:pron="wɜː">were</w>
         <c> </c>
         <w xml:id="pma99-100700"
            n="088-a-0300"
            ecep:lem="trace"
            ecep:pos="vvn"
            ecep:reg="traced"
            ecep:spe="trac'd"
            ecep:syllab="1"
            ecep:pron="treɪst">trac'd</w>
         <pc xml:id="pma99-100710"
             n="088-a-0310"
             unit="sentence"
             ecep:lem="."
             ecep:pos="."
             ecep:reg="."
             ecep:spe=".">.</pc>
         <c> </c>
      </l>
   </lg>
   <lg xml:id="pma99-s00680">
      <l n="33" xml:id="pma99-l03540">
         <w xml:id="pma99-100740"
            n="088-a-0320"
            ecep:lem="thy"
            ecep:pos="po21"
            ecep:reg="Thy"
            ecep:spe="Thy"
            ecep:syllab="1"
            ecep:pron="ðaɪ">Thy</w>
         <c> </c>
         <w xml:id="pma99-100750"
            n="088-a-0330"
            ecep:lem="council"
            ecep:pos="n2"
            ecep:reg="councils"
            ecep:spe="councils"
            ecep:syllab="2"
            ecep:pron="ˈkaʊnslz">councils</w>
         <pc xml:id="pma99-100760"
             n="088-a-0340"
             ecep:lem=","
             ecep:pos=","
             ecep:reg=","
             ecep:spe=",">,</pc>
         <c> </c>
         <w xml:id="pma99-100770"
            n="088-a-0350"
            ecep:lem="lord"
            ecep:pos="n1"
            ecep:reg="Lord"
            ecep:spe="Lord"
            ecep:syllab="1"
            ecep:pron="lɔːd">Lord</w>
         <pc xml:id="pma99-100780"
             n="088-a-0360"
             ecep:lem=","
             ecep:pos=","
             ecep:reg=","
             ecep:spe=",">,</pc>
         <c> </c>
         <w xml:id="pma99-100790"
            n="088-a-0370"
            ecep:lem="to"
            ecep:pos="p-acp"
            ecep:reg="to"
            ecep:spe="to"
            ecep:syllab="1"
            ecep:pron="tuː">to</w>
         <c> </c>
         <w xml:id="pma99-100800"
            n="088-a-0380"
            ecep:lem="i"
            ecep:pos="pno11"
            ecep:reg="me"
            ecep:spe="me"
            ecep:syllab="1"
            ecep:pron="miː">me</w>
         <c> </c>
         <w xml:id="pma99-100810"
            n="088-a-0390"
            ecep:lem="how"
            ecep:pos="uh-crq"
            ecep:reg="how"
            ecep:spe="how"
            ecep:syllab="1"
            ecep:pron="haʊ">how</w>
         <c> </c>
         <w xml:id="pma99-100820"
            n="088-a-0400"
            ecep:lem="dear"
            ecep:pos="j-jn"
            ecep:reg="dear"
            ecep:spe="dear"
            ecep:syllab="1"
            ecep:pron="dɪə">dear</w>
         <pc xml:id="pma99-100830"
             n="088-a-0410"
             unit="sentence"
             ecep:lem="!"
             ecep:pos="!"
             ecep:reg="!"
             ecep:spe="!">!</pc>
         <c> </c>
      </l>
      <l n="34" xml:id="pma99-l03545">
         <w xml:id="pma99-100840"
            n="088-a-0420"
            ecep:lem="the"
            ecep:pos="dt"
            ecep:reg="The"
            ecep:spe="The"
            ecep:syllab="1"
            ecep:pron="ðiː">The</w>
         <c> </c>
         <w xml:id="pma99-100850"
            n="088-a-0430"
            ecep:lem="sum"
            ecep:pos="n1"
            ecep:reg="sum"
            ecep:spe="sum"
            ecep:syllab="1"
            ecep:pron="sʌm">sum</w>
         <c> </c>
         <w xml:id="pma99-100860"
            n="088-a-0440"
            ecep:lem="how"
            ecep:pos="c-crq"
            ecep:reg="how"
            ecep:spe="how"
            ecep:syllab="1"
            ecep:pron="haʊ">how</w>
         <c> </c>
         <w xml:id="pma99-100870"
            n="088-a-0450"
            ecep:lem="great"
            ecep:pos="j"
            ecep:reg="great"
            ecep:spe="great"
            ecep:syllab="1"
            ecep:pron="greɪt">great</w>
         <c> </c>
         <w xml:id="pma99-100880"
            n="088-a-0460"
            ecep:lem="beyond"
            ecep:pos="p-acp"
            ecep:reg="beyond"
            ecep:spe="beyond"
            ecep:syllab="2"
            ecep:pron="biˈɒnd">beyond</w>
         <c> </c>
         <w xml:id="pma99-100890"
            n="088-a-0470"
            ecep:lem="compare"
            ecep:pos="n1"
            ecep:reg="compare"
            ecep:spe="compare"
            ecep:syllab="2"
            ecep:pron="kəmˈpeə">compare</w>
         <pc xml:id="pma99-100900"
             n="088-a-0480"
             unit="sentence"
             ecep:lem="!"
             ecep:pos="!"
             ecep:reg="!"
             ecep:spe="!">!</pc>
         <c> </c>
      </l>
      <l n="35" xml:id="pma99-l03550">
         <w xml:id="pma99-100910"
            n="088-a-0490"
            ecep:lem="as"
            ecep:pos="p-acp"
            ecep:reg="As"
            ecep:spe="As"
            ecep:syllab="1"
            ecep:pron="æz">As</w>
         <c> </c>
         <w xml:id="pma99-100920"
            n="088-a-0500"
            ecep:lem="well"
            ecep:pos="av"
            ecep:reg="well"
            ecep:spe="well"
            ecep:syllab="1"
            ecep:pron="wel">well</w>
         <c> </c>
         <w xml:id="pma99-100930"
            n="088-a-0510"
            ecep:lem="may"
            ecep:pos="vmd"
            ecep:reg="might"
            ecep:spe="might"
            ecep:syllab="1"
            ecep:pron="maɪt">might</w>
         <c> </c>
         <w xml:id="pma99-100940"
            n="088-a-0520"
            ecep:lem="i"
            ecep:pos="pns11"
            ecep:reg="I"
            ecep:spe="I"
            ecep:syllab="1"
            ecep:pron="aɪ">I</w>
         <c> </c>
         <w xml:id="pma99-100950"
            n="088-a-0530"
            ecep:lem="the"
            ecep:pos="dt"
            ecep:reg="the"
            ecep:spe="the"
            ecep:syllab="1"
            ecep:pron="ðiː">the</w>
         <c> </c>
         <w xml:id="pma99-100960"
            n="088-a-0540"
            ecep:lem="sand"
            ecep:pos="n2"
            ecep:reg="sands"
            ecep:spe="sands"
            ecep:syllab="1"
            ecep:pron="sændz">sands</w>
         <c> </c>
         <w xml:id="pma99-100970"
            n="088-a-0550"
            ecep:lem="recount"
            ecep:pos="vvb"
            ecep:reg="recount"
            ecep:spe="recount"
            ecep:syllab="2"
            ecep:pron="ˌriːˈkaʊnt">recount</w>
         <pc xml:id="pma99-100980"
             n="088-a-0560"
             ecep:lem=","
             ecep:pos=","
             ecep:reg=","
             ecep:spe=",">,</pc>
      </l>
      <l n="36" xml:id="pma99-l03555">
         <c> </c>
         <w xml:id="pma99-100990"
            n="088-a-0570"
            ecep:lem="as"
            ecep:pos="c-acp"
            ecep:reg="As"
            ecep:spe="As"
            ecep:syllab="1"
            ecep:pron="æz">As</w>
         <c> </c>
         <w xml:id="pma99-101000"
            n="088-a-0580"
            ecep:lem="tell"
            ecep:pos="vvb"
            ecep:reg="tell"
            ecep:spe="tell"
            ecep:syllab="1"
            ecep:pron="tel">tell</w>
         <c> </c>
         <w xml:id="pma99-101010"
            n="088-a-0590"
            ecep:lem="they"
            ecep:pos="pno32"
            ecep:reg="them"
            ecep:spe="them"
            ecep:syllab="1"
            ecep:pron="ðem">them</w>
         <c> </c>
         <w xml:id="pma99-101020"
            n="088-a-0600"
            ecep:lem="over"
            ecep:pos="a-acp"
            ecep:reg="over"
            ecep:spe="o'er"
            ecep:syllab="1"
            ecep:pron="ˈɔːə">o'er</w>
         <pc xml:id="pma99-101030"
             n="088-a-0610"
             ecep:lem=","
             ecep:pos=","
             ecep:reg=","
             ecep:spe=",">,</pc>
         <c> </c>
         <w xml:id="pma99-101040"
            n="088-a-0620"
            ecep:lem="so"
            ecep:pos="av"
            ecep:reg="so"
            ecep:spe="so"
            ecep:syllab="1"
            ecep:pron="səʊ">so</w>
         <c> </c>
         <w xml:id="pma99-101050"
            n="088-a-0630"
            ecep:lem="great"
            ecep:pos="j"
            ecep:reg="great"
            ecep:spe="great"
            ecep:syllab="1"
            ecep:pron="greɪt">great</w>
         <c> </c>
         <w xml:id="pma99-101060"
            n="088-a-0640"
            ecep:lem="the"
            ecep:pos="dt"
            ecep:reg="the"
            ecep:spe="th'"
            ecep:syllab="0"
            ecep:pron="ð">th'</w>
         <c> </c>
         <w xml:id="pma99-101070"
            n="088-a-0650"
            ecep:lem="amount"
            ecep:pos="n1"
            ecep:reg="amount"
            ecep:spe="amount"
            ecep:syllab="2"
            ecep:pron="əˈmaʊnt">amount</w>
         <pc xml:id="pma99-101080"
             n="088-a-0660"
             unit="sentence"
             ecep:lem="."
             ecep:pos="."
             ecep:reg="."
             ecep:spe=".">.</pc>
         <c> </c>
      </l>
   </lg>
   <lg xml:id="pma99-s00685">
      <l n="37" xml:id="pma99-l03560">
         <w xml:id="pma99-101110"
            n="088-a-0670"
            ecep:lem="will"
            ecep:pos="vm2"
            ecep:reg="Wilt"
            ecep:spe="Wilt"
            ecep:syllab="1"
            ecep:pron="wɪlt">Wilt</w>
         <c> </c>
         <w xml:id="pma99-101120"
            n="088-a-0680"
            ecep:lem="thou"
            ecep:pos="pns21"
            ecep:reg="thou"
            ecep:spe="thou"
            ecep:syllab="1"
            ecep:pron="θaʊ">thou</w>
         <c> </c>
         <w xml:id="pma99-101130"
            n="088-a-0690"
            ecep:lem="not"
            ecep:pos="xx"
            ecep:reg="not"
            ecep:spe="not"
            ecep:syllab="1"
            ecep:pron="nɒt">not</w>
         <pc xml:id="pma99-101140"
             n="088-a-0700"
             ecep:lem=","
             ecep:pos=","
             ecep:reg=","
             ecep:spe=",">,</pc>
         <c> </c>
         <w xml:id="pma99-101150"
            n="088-a-0710"
            ecep:lem="lord"
            ecep:pos="n1"
            ecep:reg="Lord"
            ecep:spe="Lord"
            ecep:syllab="1"
            ecep:pron="lɔːd">Lord</w>
         <pc xml:id="pma99-101160"
             n="088-a-0720"
             ecep:lem=","
             ecep:pos=","
             ecep:reg=","
             ecep:spe=",">,</pc>
         <c> </c>
         <w xml:id="pma99-101170"
            n="088-a-0730"
            ecep:lem="the"
            ecep:pos="dt"
            ecep:reg="the"
            ecep:spe="the"
            ecep:syllab="1"
            ecep:pron="ðiː">the</w>
         <c> </c>
         <w xml:id="pma99-101180"
            n="088-a-0740"
            ecep:lem="wicked"
            ecep:pos="j"
            ecep:reg="wicked"
            ecep:spe="wicked"
            ecep:syllab="2"
            ecep:pron="ˈwɪkɪd">wicked</w>
         <c> </c>
         <w xml:id="pma99-101190"
            n="088-a-0750"
            ecep:lem="slay"
            ecep:pos="vvi"
            ecep:reg="slay"
            ecep:spe="slay"
            ecep:syllab="1"
            ecep:pron="sleɪ">slay</w>
         <pc xml:id="pma99-101200"
             n="088-a-0760"
             unit="sentence"
             ecep:lem="?"
             ecep:pos="?"
             ecep:reg="?"
             ecep:spe="?">?</pc>
         <c> </c>
      </l>
      <l n="38" xml:id="pma99-l03565">
         <w xml:id="pma99-101210"
            n="088-a-0770"
            ecep:lem="depart"
            ecep:pos="vvb"
            ecep:reg="Depart"
            ecep:spe="Depart"
            ecep:syllab="2"
            ecep:pron="dɪˈpɑːt">Depart</w>
         <pc xml:id="pma99-101220"
             n="088-a-0780"
             ecep:lem=","
             ecep:pos=","
             ecep:reg=","
             ecep:spe=",">,</pc>
         <c> </c>
         <w xml:id="pma99-101230"
            n="088-a-0790"
            ecep:lem="you"
            ecep:pos="pn22"
            ecep:reg="you"
            ecep:spe="ye"
            ecep:syllab="1"
            ecep:pron="jiː">ye</w>
         <c> </c>
         <w xml:id="pma99-101240"
            n="088-a-0800"
            ecep:lem="sinful"
            ecep:pos="j"
            ecep:reg="sinful"
            ecep:spe="sinful"
            ecep:syllab="2"
            ecep:pron="ˈsɪnfl">sinful</w>
         <c> </c>
         <w xml:id="pma99-101250"
            n="088-a-0810"
            ecep:lem="man"
            ecep:pos="n2"
            ecep:reg="men"
            ecep:spe="men"
            ecep:syllab="1"
            ecep:pron="men">men</w>
         <pc xml:id="pma99-101260"
             n="088-a-0820"
             ecep:lem=","
             ecep:pos=","
             ecep:reg=","
             ecep:spe=",">,</pc>
         <c> </c>
         <w xml:id="pma99-101270"
            n="088-a-0830"
            ecep:lem="away"
            ecep:pos="av"
            ecep:reg="away"
            ecep:spe="away"
            ecep:syllab="2"
            ecep:pron="əˈweɪ">away</w>
         <pc xml:id="pma99-101280"
             n="088-a-0840"
             unit="sentence"
             ecep:lem="!"
             ecep:pos="!"
             ecep:reg="!"
             ecep:spe="!">!</pc>
         <c> </c>
      </l>
      <l n="39" xml:id="pma99-l03570">
         <w xml:id="pma99-101290"
            n="088-a-0850"
            ecep:lem="for"
            ecep:pos="p-acp"
            ecep:reg="For"
            ecep:spe="For"
            ecep:syllab="1"
            ecep:pron="fɔː">For</w>
         <c> </c>
         <w xml:id="pma99-101300"
            n="088-a-0860"
            ecep:lem="lo"
            ecep:pos="uh"
            ecep:reg="lo"
            ecep:spe="lo"
            ecep:syllab="1"
            ecep:pron="ləʊ">lo</w>
         <pc xml:id="pma99-101310"
             n="088-a-0870"
             ecep:lem="!"
             ecep:pos="!"
             ecep:reg="!"
             ecep:spe="!">!</pc>
         <c> </c>
         <w xml:id="pma99-101320"
            n="088-a-0880"
            ecep:lem="thy"
            ecep:pos="po21"
            ecep:reg="thine"
            ecep:spe="thine"
            ecep:syllab="1"
            ecep:pron="ðaɪn">thine</w>
         <c> </c>
         <w xml:id="pma99-101330"
            n="088-a-0890"
            ecep:lem="enemy"
            ecep:pos="n2"
            ecep:reg="enemies"
            ecep:spe="enemies"
            ecep:syllab="3"
            ecep:pron="ˈenəmiz">enemies</w>
         <pc xml:id="pma99-101340"
             n="088-a-0900"
             ecep:lem=","
             ecep:pos=","
             ecep:reg=","
             ecep:spe=",">,</pc>
         <c> </c>
         <w xml:id="pma99-101350"
            n="088-a-0910"
            ecep:lem="o"
            ecep:pos="uh"
            ecep:reg="OH"
            ecep:spe="O"
            ecep:syllab="1"
            ecep:pron="əʊ">O</w>
         <c> </c>
         <w xml:id="pma99-101360"
            n="088-a-0920"
            ecep:lem="lord"
            ecep:pos="n1"
            ecep:reg="Lord"
            ecep:spe="Lord"
            ecep:syllab="1"
            ecep:pron="lɔːd">Lord</w>
         <pc xml:id="pma99-101370"
             n="088-a-0930"
             ecep:lem=","
             ecep:pos=","
             ecep:reg=","
             ecep:spe=",">,</pc>
      </l>
      <l n="40" xml:id="pma99-l03575">
         <c> </c>
         <w xml:id="pma99-101380"
            n="088-a-0940"
            ecep:lem="deny"
            ecep:pos="vvb"
            ecep:reg="Deny"
            ecep:spe="Deny"
            ecep:syllab="2"
            ecep:pron="dɪˈnaɪ">Deny</w>
         <c> </c>
         <w xml:id="pma99-101390"
            n="088-a-0950"
            ecep:lem="thy"
            ecep:pos="po21"
            ecep:reg="thy"
            ecep:spe="thy"
            ecep:syllab="1"
            ecep:pron="ðaɪ">thy</w>
         <c> </c>
         <w xml:id="pma99-101400"
            n="088-a-0960"
            ecep:lem="name"
            ecep:pos="n1"
            ecep:reg="name"
            ecep:spe="name"
            ecep:syllab="1"
            ecep:pron="neɪm">name</w>
         <pc xml:id="pma99-101410"
             n="088-a-0970"
             ecep:lem=","
             ecep:pos=","
             ecep:reg=","
             ecep:spe=",">,</pc>
         <c> </c>
         <w xml:id="pma99-101420"
            n="088-a-0980"
            ecep:lem="and"
            ecep:pos="cc"
            ecep:reg="and"
            ecep:spe="and"
            ecep:syllab="1"
            ecep:pron="ænd">and</w>
         <c> </c>
         <w xml:id="pma99-101430"
            n="088-a-0990"
            ecep:lem="slight"
            ecep:pos="vvb"
            ecep:reg="slight"
            ecep:spe="slight"
            ecep:syllab="1"
            ecep:pron="slaɪt">slight</w>
         <c> </c>
         <w xml:id="pma99-101440"
            n="088-a-1000"
            ecep:lem="thy"
            ecep:pos="po21"
            ecep:reg="thy"
            ecep:spe="thy"
            ecep:syllab="1"
            ecep:pron="ðaɪ">thy</w>
         <c> </c>
         <w xml:id="pma99-101450"
            n="088-a-1010"
            ecep:lem="word"
            ecep:pos="n1"
            ecep:reg="word"
            ecep:spe="word"
            ecep:syllab="1"
            ecep:pron="wɜːd">word</w>
         <pc xml:id="pma99-101460"
             n="088-a-1020"
             unit="sentence"
             ecep:lem="."
             ecep:pos="."
             ecep:reg="."
             ecep:spe=".">.</pc>
         <c> </c>
      </l>
   </lg>
   <lg xml:id="pma99-s00690">
      <l n="41" xml:id="pma99-l03580">
         <w xml:id="pma99-101490"
            n="088-a-1030"
            ecep:lem="do"
            ecep:pos="vdb"
            ecep:reg="Do"
            ecep:spe="Do"
            ecep:syllab="1"
            ecep:pron="duː">Do</w>
         <c> </c>
         <w xml:id="pma99-101500"
            n="088-a-1040"
            ecep:lem="not"
            ecep:pos="xx"
            ecep:reg="not"
            ecep:spe="not"
            ecep:syllab="1"
            ecep:pron="nɒt">not</w>
         <c> </c>
         <w xml:id="pma99-101510"
            n="088-a-1050"
            ecep:lem="i"
            ecep:pos="pns11"
            ecep:reg="I"
            ecep:spe="I"
            ecep:syllab="1"
            ecep:pron="aɪ">I</w>
         <c> </c>
         <w xml:id="pma99-101520"
            n="088-a-1060"
            ecep:lem="hold"
            ecep:pos="vvi"
            ecep:reg="hold"
            ecep:spe="hold"
            ecep:syllab="1"
            ecep:pron="həʊld">hold</w>
         <c> </c>
         <w xml:id="pma99-101530"
            n="088-a-1070"
            ecep:lem="they"
            ecep:pos="pno32"
            ecep:reg="them"
            ecep:spe="them"
            ecep:syllab="1"
            ecep:pron="ðem">them</w>
         <c> </c>
         <w xml:id="pma99-101540"
            n="088-a-1080"
            ecep:lem="in"
            ecep:pos="p-acp"
            ecep:reg="in"
            ecep:spe="in"
            ecep:syllab="1"
            ecep:pron="ɪn">in</w>
         <c> </c>
         <w xml:id="pma99-101550"
            n="088-a-1090"
            ecep:lem="despite"
            ecep:pos="n1"
            ecep:reg="despite"
            ecep:spe="despite"
            ecep:syllab="2"
            ecep:pron="dɪˈspaɪt">despite</w>
         <pc xml:id="pma99-101560"
             n="088-a-1100"
             ecep:lem=","
             ecep:pos=","
             ecep:reg=","
             ecep:spe=",">,</pc>
      </l>
      <l n="42" xml:id="pma99-l03585">
         <c> </c>
         <w xml:id="pma99-101570"
            n="088-a-1110"
            ecep:lem="who"
            ecep:pos="q-crq"
            ecep:reg="Who"
            ecep:spe="Who"
            ecep:syllab="1"
            ecep:pron="huː">Who</w>
         <c> </c>
         <w xml:id="pma99-101580"
            n="088-a-1120"
            ecep:lem="rise"
            ecep:pos="vvb"
            ecep:reg="rise"
            ecep:spe="rise"
            ecep:syllab="1"
            ecep:pron="raɪz">rise</w>
         <c> </c>
         <w xml:id="pma99-101590"
            n="088-a-1130"
            ecep:lem="against"
            ecep:pos="p-acp"
            ecep:reg="against"
            ecep:spe="against"
            ecep:syllab="2"
            ecep:pron="əˈgenst">against</w>
         <c> </c>
         <w xml:id="pma99-101600"
            n="088-a-1140"
            ecep:lem="thy"
            ecep:pos="po21"
            ecep:reg="thy"
            ecep:spe="thy"
            ecep:syllab="1"
            ecep:pron="ðaɪ">thy</w>
         <c> </c>
         <w xml:id="pma99-101610"
            n="088-a-1150"
            ecep:lem="cause"
            ecep:pos="n1"
            ecep:reg="cause"
            ecep:spe="cause"
            ecep:syllab="1"
            ecep:pron="kɔːz">cause</w>
         <c> </c>
         <w xml:id="pma99-101620"
            n="088-a-1160"
            ecep:lem="to"
            ecep:pos="pc-acp"
            ecep:reg="to"
            ecep:spe="to"
            ecep:syllab="1"
            ecep:pron="tuː">to</w>
         <c> </c>
         <w xml:id="pma99-101630"
            n="088-a-1170"
            ecep:lem="fight"
            ecep:pos="vvi"
            ecep:reg="fight"
            ecep:spe="fight"
            ecep:syllab="1"
            ecep:pron="faɪt">fight</w>
         <pc xml:id="pma99-101640"
             n="088-a-1180"
             unit="sentence"
             ecep:lem="?"
             ecep:pos="?"
             ecep:reg="?"
             ecep:spe="?">?</pc>
         <c> </c>
      </l>
      <l n="43" xml:id="pma99-l03590">
         <w xml:id="pma99-101650"
            n="088-a-1190"
            ecep:lem="yea"
            ecep:pos="uh"
            ecep:reg="Yea"
            ecep:spe="Yea"
            ecep:syllab="1"
            ecep:pron="jeɪ">Yea</w>
         <pc xml:id="pma99-101660"
             n="088-a-1200"
             ecep:lem=","
             ecep:pos=","
             ecep:reg=","
             ecep:spe=",">,</pc>
         <c> </c>
         <w xml:id="pma99-101670"
            n="088-a-1210"
            ecep:lem="more"
            ecep:pos="av-dc"
            ecep:reg="more"
            ecep:spe="more"
            ecep:syllab="1"
            ecep:pron="mɔː">more</w>
         <c> </c>
         <w xml:id="pma99-101680"
            n="088-a-1220"
            ecep:lem="i"
            ecep:pos="pns11"
            ecep:reg="I"
            ecep:spe="I"
            ecep:syllab="1"
            ecep:pron="aɪ">I</w>
         <c> </c>
         <w xml:id="pma99-101690"
            n="088-a-1230"
            ecep:lem="hate"
            ecep:pos="vvb"
            ecep:reg="hate"
            ecep:spe="hate"
            ecep:syllab="1"
            ecep:pron="heɪt">hate</w>
         <c> </c>
         <w xml:id="pma99-101700"
            n="088-a-1240"
            ecep:lem="their"
            ecep:pos="po32"
            ecep:reg="their"
            ecep:spe="their"
            ecep:syllab="1"
            ecep:pron="ðeə">their</w>
         <c> </c>
         <w xml:id="pma99-101710"
            n="088-a-1250"
            ecep:lem="impious"
            ecep:pos="j"
            ecep:reg="impious"
            ecep:spe="impious"
            ecep:syllab="3"
            ecep:pron="ˈɪmpiəs">impious</w>
         <c> </c>
         <w xml:id="pma99-101720"
            n="088-a-1260"
            ecep:lem="strife"
            ecep:pos="n1"
            ecep:reg="strife"
            ecep:spe="strife"
            ecep:syllab="1"
            ecep:pron="straɪf">strife</w>
         <pc xml:id="pma99-101730"
             n="088-a-1270"
             ecep:lem=","
             ecep:pos=","
             ecep:reg=","
             ecep:spe=",">,</pc>
      </l>
      <l n="44" xml:id="pma99-l03595">
         <c> </c>
         <w xml:id="pma99-101740"
            n="088-a-1280"
            ecep:lem="than"
            ecep:pos="cs"
            ecep:reg="Than"
            ecep:spe="Than"
            ecep:syllab="1"
            ecep:pron="ðæn">Than</w>
         <c> </c>
         <w xml:id="pma99-101750"
            n="088-a-1290"
            ecep:lem="if"
            ecep:pos="cs"
            ecep:reg="if"
            ecep:spe="if"
            ecep:syllab="1"
            ecep:pron="ɪf">if</w>
         <c> </c>
         <w xml:id="pma99-101760"
            n="088-a-1300"
            ecep:lem="they"
            ecep:pos="pns32"
            ecep:reg="they"
            ecep:spe="they"
            ecep:syllab="1"
            ecep:pron="ðeɪ">they</w>
         <c> </c>
         <w xml:id="pma99-101770"
            n="088-a-1310"
            ecep:lem="war"
            ecep:pos="vvd"
            ecep:reg="warred"
            ecep:spe="warr'd"
            ecep:syllab="1"
            ecep:pron="wɔːd">warr'd</w>
         <c> </c>
         <w xml:id="pma99-101780"
            n="088-a-1320"
            ecep:lem="against"
            ecep:pos="p-acp"
            ecep:reg="against"
            ecep:spe="against"
            ecep:syllab="2"
            ecep:pron="əˈgenst">against</w>
         <c> </c>
         <w xml:id="pma99-101790"
            n="088-a-1330"
            ecep:lem="my"
            ecep:pos="po11"
            ecep:reg="my"
            ecep:spe="my"
            ecep:syllab="1"
            ecep:pron="maɪ">my</w>
         <c> </c>
         <w xml:id="pma99-101800"
            n="088-a-1340"
            ecep:lem="life"
            ecep:pos="n1"
            ecep:reg="life"
            ecep:spe="life"
            ecep:syllab="1"
            ecep:pron="laɪf">life</w>
         <pc xml:id="pma99-101810"
             n="088-a-1350"
             unit="sentence"
             ecep:lem="."
             ecep:pos="."
             ecep:reg="."
             ecep:spe=".">.</pc>
         <c> </c>
      </l>
      <pb facs="pma99/0091" n="53" rend="none"/>
   </lg>
   <lg xml:id="pma99-s00695">
      <l n="45" xml:id="pma99-l03600">
         <w xml:id="pma99-101840"
            n="089-a-0010"
            ecep:lem="try"
            ecep:pos="vvb"
            ecep:reg="Try"
            ecep:spe="Try"
            ecep:syllab="1"
            ecep:pron="traɪ">Try</w>
         <c> </c>
         <w xml:id="pma99-101850"
            n="089-a-0020"
            ecep:lem="i"
            ecep:pos="pno11"
            ecep:reg="me"
            ecep:spe="me"
            ecep:syllab="1"
            ecep:pron="miː">me</w>
         <pc xml:id="pma99-101860"
             n="089-a-0030"
             ecep:lem=","
             ecep:pos=","
             ecep:reg=","
             ecep:spe=",">,</pc>
         <c> </c>
         <w xml:id="pma99-101870"
            n="089-a-0040"
            ecep:lem="o"
            ecep:pos="uh"
            ecep:reg="OH"
            ecep:spe="O"
            ecep:syllab="1"
            ecep:pron="əʊ">O</w>
         <c> </c>
         <w xml:id="pma99-101880"
            n="089-a-0050"
            ecep:lem="god"
            ecep:pos="n1"
            ecep:reg="God"
            ecep:spe="God"
            ecep:syllab="1"
            ecep:pron="gɒd">God</w>
         <pc xml:id="pma99-101890"
             n="089-a-0060"
             ecep:lem=","
             ecep:pos=","
             ecep:reg=","
             ecep:spe=",">,</pc>
         <c> </c>
         <w xml:id="pma99-101900"
            n="089-a-0070"
            ecep:lem="my"
            ecep:pos="po11"
            ecep:reg="my"
            ecep:spe="my"
            ecep:syllab="1"
            ecep:pron="maɪ">my</w>
         <c> </c>
         <w xml:id="pma99-101910"
            n="089-a-0080"
            ecep:lem="heart"
            ecep:pos="n1"
            ecep:reg="heart"
            ecep:spe="heart"
            ecep:syllab="1"
            ecep:pron="hɑːt">heart</w>
         <c> </c>
         <w xml:id="pma99-101920"
            n="089-a-0090"
            ecep:lem="refine"
            ecep:pos="vvi"
            ecep:reg="refine"
            ecep:spe="refine"
            ecep:syllab="2"
            ecep:pron="rɪˈfaɪn">refine</w>
         <pc xml:id="pma99-101930"
             n="089-a-0100"
             ecep:lem=","
             ecep:pos=","
             ecep:reg=","
             ecep:spe=",">,</pc>
      </l>
      <l n="46" xml:id="pma99-l03605">
         <c> </c>
         <w xml:id="pma99-101940"
            n="089-a-0110"
            ecep:lem="reprove"
            ecep:pos="vvb"
            ecep:reg="Reprove"
            ecep:spe="Reprove"
            ecep:syllab="2"
            ecep:pron="rɪˈpruːv">Reprove</w>
         <c> </c>
         <w xml:id="pma99-101950"
            n="089-a-0120"
            ecep:lem="it"
            ecep:pos="pn31"
            ecep:reg="it"
            ecep:spe="it"
            ecep:syllab="1"
            ecep:pron="ɪt">it</w>
         <pc xml:id="pma99-101960"
             n="089-a-0130"
             ecep:lem=","
             ecep:pos=","
             ecep:reg=","
             ecep:spe=",">,</pc>
         <c> </c>
         <w xml:id="pma99-101970"
            n="089-a-0140"
            ecep:lem="make"
            ecep:pos="vvb"
            ecep:reg="make"
            ecep:spe="make"
            ecep:syllab="1"
            ecep:pron="meɪk">make</w>
         <c> </c>
         <w xml:id="pma99-101980"
            n="089-a-0150"
            ecep:lem="it"
            ecep:pos="pn31"
            ecep:reg="it"
            ecep:spe="it"
            ecep:syllab="1"
            ecep:pron="ɪt">it</w>
         <c> </c>
         <w xml:id="pma99-101990"
            n="089-a-0160"
            ecep:lem="whole"
            ecep:pos="av-jn"
            ecep:reg="wholly"
            ecep:spe="wholly"
            ecep:syllab="2"
            ecep:pron="ˈhəʊlli">wholly</w>
         <c> </c>
         <w xml:id="pma99-102000"
            n="089-a-0170"
            ecep:lem="thy"
            ecep:pos="po21"
            ecep:reg="thine"
            ecep:spe="thine"
            ecep:syllab="1"
            ecep:pron="ðaɪn">thine</w>
         <pc xml:id="pma99-102010"
             n="089-a-0180"
             ecep:lem=";"
             ecep:pos=";"
             ecep:reg=";"
             ecep:spe=";">;</pc>
      </l>
      <l n="47" xml:id="pma99-l03610">
         <c> </c>
         <w xml:id="pma99-102020"
            n="089-a-0190"
            ecep:lem="look"
            ecep:pos="vvb"
            ecep:reg="Look"
            ecep:spe="Look"
            ecep:syllab="1"
            ecep:pron="lʊk">Look</w>
         <c> </c>
         <w xml:id="pma99-102030"
            n="089-a-0200"
            ecep:lem="well"
            ecep:pos="av"
            ecep:reg="well"
            ecep:spe="well"
            ecep:syllab="1"
            ecep:pron="wel">well</w>
         <c> </c>
         <w xml:id="pma99-102040"
            n="089-a-0210"
            ecep:lem="if"
            ecep:pos="cs"
            ecep:reg="if"
            ecep:spe="if"
            ecep:syllab="1"
            ecep:pron="ɪf">if</w>
         <c> </c>
         <w xml:id="pma99-102050"
            n="089-a-0220"
            ecep:lem="unrevealed"
            ecep:pos="j"
            ecep:reg="unrevealed"
            ecep:spe="unreveal'd"
            ecep:syllab="3"
            ecep:pron="ʌnrɪˈviːld">unreveal'd</w>
         <c> </c>
         <w xml:id="pma99-102060"
            n="089-a-0230"
            ecep:lem="there"
            ecep:pos="pc-acp"
            ecep:reg="there"
            ecep:spe="there"
            ecep:syllab="1"
            ecep:pron="ðeə">there</w>
         <c> </c>
         <w xml:id="pma99-102070"
            n="089-a-0240"
            ecep:lem="lie"
            ecep:pos="vvi"
            ecep:reg="lie"
            ecep:spe="lie"
            ecep:syllab="1"
            ecep:pron="laɪ">lie</w>
      </l>
      <l n="48" xml:id="pma99-l03615">
         <c> </c>
         <w xml:id="pma99-102080"
            n="089-a-0250"
            ecep:lem="one"
            ecep:pos="crd"
            ecep:reg="One"
            ecep:spe="One"
            ecep:syllab="1"
            ecep:pron="wʌn">One</w>
         <c> </c>
         <w xml:id="pma99-102090"
            n="089-a-0260"
            ecep:lem="sin"
            ecep:pos="n1"
            ecep:reg="sin"
            ecep:spe="sin"
            ecep:syllab="1"
            ecep:pron="sɪn">sin</w>
         <c> </c>
         <w xml:id="pma99-102100"
            n="089-a-0270"
            ecep:lem="remote"
            ecep:pos="j"
            ecep:reg="remote"
            ecep:spe="remote"
            ecep:syllab="2"
            ecep:pron="rɪˈməʊt">remote</w>
         <c> </c>
         <w xml:id="pma99-102110"
            n="089-a-0280"
            ecep:lem="from"
            ecep:pos="p-acp"
            ecep:reg="from"
            ecep:spe="from"
            ecep:syllab="1"
            ecep:pron="frɒm">from</w>
         <c> </c>
         <w xml:id="pma99-102120"
            n="089-a-0290"
            ecep:lem="human"
            ecep:pos="j"
            ecep:reg="human"
            ecep:spe="human"
            ecep:syllab="2"
            ecep:pron="ˈhjuːmən">human</w>
         <c> </c>
         <w xml:id="pma99-102130"
            n="089-a-0300"
            ecep:lem="eye"
            ecep:pos="n1"
            ecep:reg="eye"
            ecep:spe="eye"
            ecep:syllab="1"
            ecep:pron="aɪ">eye</w>
         <pc xml:id="pma99-102140"
             n="089-a-0310"
             unit="sentence"
             ecep:lem="."
             ecep:pos="."
             ecep:reg="."
             ecep:spe=".">.</pc>
         <c> </c>
      </l>
   </lg>
</div>
