<?xml version="1.0" encoding="UTF-8"?>
<div xmlns:ecep="http://www.eighteenthcenturypoetry.org/ns"
     xmlns="http://www.tei-c.org/ns/1.0"
     xmlns:tei="http://www.tei-c.org/ns/1.0"
     ana="#anapaest #tetrameter #quatrain #cross #acephal #lyric #song"
     corresp="#txt_OpieAm1769_w0035"
     decls="#semi-normalized"
     ecep:syllab="11.11.11.11"
     met="-+|--+|--+|--+/ -+|--+|--+|--+/ -+|--+|--+|--+/ -+|--+|--+|--+/"
     rendition="#lgvspace"
     rhyme="abab"
     subtype="eceptext"
     type="song"
     xml:id="bao18-w0350">
   <link target="authors.xml#aut_OpieAm1769" type="author"/>
   <head type="main">
      <pc xml:id="bao18-155700"
          n="a-0410"
          ecep:lem="["
          ecep:pos="["
          ecep:reg="["
          ecep:spe="[">[</pc>
      <w xml:id="bao18-155710"
         n="a-0420"
         ecep:lem="song"
         ecep:pos="n1"
         ecep:reg="SONG"
         ecep:spe="SONG"
         ecep:syllab="1"
         ecep:pron="sɒŋ">SONG</w>
      <pc xml:id="bao18-155720"
          n="a-0430"
          ecep:lem="."
          ecep:pos="."
          ecep:reg="."
          ecep:spe=".">.</pc>
      <pc xml:id="bao18-155730"
          n="a-0440"
          unit="sentence"
          ecep:lem="]"
          ecep:pos="]"
          ecep:reg="]"
          ecep:spe="]">]</pc>
   </head>
   <lg xml:id="bao18-s01685">
      <l xml:id="bao18-l08030">
         <hi rendition="#sc">
            <w xml:id="bao18-155760"
               n="a-0450"
               ecep:lem="where"
               ecep:pos="c-crq"
               ecep:reg="WHERE"
               ecep:spe="WHERE"
               ecep:syllab="1"
               ecep:pron="weə">WHERE</w>
         </hi>
         <c> </c>
         <w xml:id="bao18-155770"
            n="a-0460"
            ecep:lem="do"
            ecep:pos="vd2"
            ecep:reg="dost"
            ecep:spe="dost"
            ecep:syllab="1"
            ecep:pron="dʌst">dost</w>
         <c> </c>
         <w xml:id="bao18-155780"
            n="a-0470"
            ecep:lem="thou"
            ecep:pos="pns21"
            ecep:reg="thou"
            ecep:spe="thou"
            ecep:syllab="1"
            ecep:pron="θaʊ">thou</w>
         <c> </c>
         <w xml:id="bao18-155790"
            n="a-0480"
            ecep:lem="bide"
            ecep:pos="vvi"
            ecep:reg="bide"
            ecep:spe="bide"
            ecep:syllab="1"
            ecep:pron="baɪd">bide</w>
         <pc xml:id="bao18-155800"
             n="a-0490"
             ecep:lem=","
             ecep:pos=","
             ecep:reg=","
             ecep:spe=",">,</pc>
         <c> </c>
         <w xml:id="bao18-155810"
            n="a-0500"
            ecep:lem="bless"
            ecep:pos="j-vvn"
            ecep:reg="blessed"
            ecep:spe="blessed"
            ecep:syllab="1"
            ecep:pron="ˈblesɪd">blessed</w>
         <c> </c>
         <w xml:id="bao18-155820"
            n="a-0510"
            ecep:lem="soul"
            ecep:pos="n1"
            ecep:reg="soul"
            ecep:spe="soul"
            ecep:syllab="1"
            ecep:pron="səʊl">soul</w>
         <c> </c>
         <w xml:id="bao18-155830"
            n="a-0520"
            ecep:lem="of"
            ecep:pos="pp-f"
            ecep:reg="of"
            ecep:spe="of"
            ecep:syllab="1"
            ecep:pron="ɒv">of</w>
         <c> </c>
         <w xml:id="bao18-155840"
            n="a-0530"
            ecep:lem="my"
            ecep:pos="po11"
            ecep:reg="my"
            ecep:spe="my"
            ecep:syllab="1"
            ecep:pron="maɪ">my</w>
         <c> </c>
         <w xml:id="bao18-155850"
            n="a-0540"
            ecep:lem="love"
            ecep:pos="n1"
            ecep:reg="love"
            ecep:spe="love"
            ecep:syllab="1"
            ecep:pron="lʌv">love</w>
         <pc xml:id="bao18-155860"
             n="a-0550"
             unit="sentence"
             ecep:lem="!"
             ecep:pos="!"
             ecep:reg="!"
             ecep:spe="!">!</pc>
         <c> </c>
      </l>
      <l xml:id="bao18-l08035">
         <w xml:id="bao18-155870"
            n="a-0560"
            ecep:lem="be"
            ecep:pos="vbz"
            ecep:reg="Is"
            ecep:spe="Is"
            ecep:syllab="1"
            ecep:pron="ɪz">Is</w>
         <c> </c>
         <w xml:id="bao18-155880"
            n="a-0570"
            ecep:lem="ether"
            ecep:pos="n1"
            ecep:reg="either"
            ecep:spe="ether"
            ecep:syllab="2"
            ecep:pron="ˈiːθə">ether</w>
         <c> </c>
         <w xml:id="bao18-155890"
            n="a-0580"
            ecep:lem="thy"
            ecep:pos="po21"
            ecep:reg="thy"
            ecep:spe="thy"
            ecep:syllab="1"
            ecep:pron="ðaɪ">thy</w>
         <c> </c>
         <w xml:id="bao18-155900"
            n="a-0590"
            ecep:lem="dwelling"
            ecep:pos="n1"
            ecep:reg="dwelling"
            ecep:spe="dwelling"
            ecep:syllab="2"
            ecep:pron="ˈdwelɪŋ">dwelling</w>
         <pc xml:id="bao18-155910"
             n="a-0600"
             ecep:lem=","
             ecep:pos=","
             ecep:reg=","
             ecep:spe=",">,</pc>
         <c> </c>
         <w xml:id="bao18-155920"
            n="a-0610"
            ecep:lem="o"
            ecep:pos="uh"
            ecep:reg="OH"
            ecep:spe="O"
            ecep:syllab="1"
            ecep:pron="əʊ">O</w>
         <c> </c>
         <w xml:id="bao18-155930"
            n="a-0620"
            ecep:lem="whisper"
            ecep:pos="vvb"
            ecep:reg="whisper"
            ecep:spe="whisper"
            ecep:syllab="2"
            ecep:pron="ˈwɪspə">whisper</w>
         <c> </c>
         <w xml:id="bao18-155940"
            n="a-0630"
            ecep:lem="i"
            ecep:pos="pno11"
            ecep:reg="me"
            ecep:spe="me"
            ecep:syllab="1"
            ecep:pron="miː">me</w>
         <c> </c>
         <w xml:id="bao18-155950"
            n="a-0640"
            ecep:lem="where"
            ecep:pos="c-crq"
            ecep:reg="where"
            ecep:spe="where"
            ecep:syllab="1"
            ecep:pron="weə">where</w>
         <pc xml:id="bao18-155960"
             n="a-0650"
             unit="sentence"
             ecep:lem="!"
             ecep:pos="!"
             ecep:reg="!"
             ecep:spe="!">!</pc>
         <c> </c>
      </l>
      <l xml:id="bao18-l08040">
         <w xml:id="bao18-155970"
            n="a-0660"
            ecep:lem="rapt"
            ecep:pos="j-vvn"
            ecep:reg="Rapt"
            ecep:spe="Rapt"
            ecep:syllab="1"
            ecep:pron="ræpt">Rapt</w>
         <c> </c>
         <w xml:id="bao18-155980"
            n="a-0670"
            ecep:lem="in"
            ecep:pos="p-acp"
            ecep:reg="in"
            ecep:spe="in"
            ecep:syllab="1"
            ecep:pron="ɪn">in</w>
         <c> </c>
         <w xml:id="bao18-155990"
            n="a-0680"
            ecep:lem="remembrance"
            ecep:pos="n1"
            ecep:reg="remembrance"
            ecep:spe="remembrance"
            ecep:syllab="3"
            ecep:pron="rɪˈmembrns">remembrance</w>
         <pc xml:id="bao18-156000"
             n="a-0690"
             ecep:lem=","
             ecep:pos=","
             ecep:reg=","
             ecep:spe=",">,</pc>
         <c> </c>
         <w xml:id="bao18-156010"
            n="a-0700"
            ecep:lem="while"
            ecep:pos="cs"
            ecep:reg="while"
            ecep:spe="while"
            ecep:syllab="1"
            ecep:pron="ˈwaɪl">while</w>
         <c> </c>
         <w xml:id="bao18-156020"
            n="a-0710"
            ecep:lem="lonely"
            ecep:pos="j"
            ecep:reg="lonely"
            ecep:spe="lonely"
            ecep:syllab="2"
            ecep:pron="ˈləʊnli">lonely</w>
         <c> </c>
         <w xml:id="bao18-156030"
            n="a-0720"
            ecep:lem="i"
            ecep:pos="pns11"
            ecep:reg="I"
            ecep:spe="I"
            ecep:syllab="1"
            ecep:pron="aɪ">I</w>
         <c> </c>
         <w xml:id="bao18-156040"
            n="a-0730"
            ecep:lem="rove"
            ecep:pos="vvb"
            ecep:reg="rove"
            ecep:spe="rove"
            ecep:syllab="1"
            ecep:pron="rəʊv">rove</w>
         <pc xml:id="bao18-156050"
             n="a-0740"
             ecep:lem=","
             ecep:pos=","
             ecep:reg=","
             ecep:spe=",">,</pc>
      </l>
      <l xml:id="bao18-l08045">
         <c> </c>
         <w xml:id="bao18-156060"
            n="a-0750"
            ecep:lem="i"
            ecep:pos="pns11"
            ecep:reg="I"
            ecep:spe="I"
            ecep:syllab="1"
            ecep:pron="aɪ">I</w>
         <c> </c>
         <w xml:id="bao18-156070"
            n="a-0760"
            ecep:lem="gaze"
            ecep:pos="vvb"
            ecep:reg="gaze"
            ecep:spe="gaze"
            ecep:syllab="1"
            ecep:pron="geɪz">gaze</w>
         <c> </c>
         <w xml:id="bao18-156080"
            n="a-0770"
            ecep:lem="on"
            ecep:pos="p-acp"
            ecep:reg="on"
            ecep:spe="on"
            ecep:syllab="1"
            ecep:pron="ɒn">on</w>
         <c> </c>
         <w xml:id="bao18-156090"
            n="a-0780"
            ecep:lem="bright"
            ecep:pos="j"
            ecep:reg="bright"
            ecep:spe="bright"
            ecep:syllab="1"
            ecep:pron="braɪt">bright</w>
         <c> </c>
         <w xml:id="bao18-156100"
            n="a-0790"
            ecep:lem="cloud"
            ecep:pos="n2"
            ecep:reg="clouds"
            ecep:spe="clouds"
            ecep:syllab="1"
            ecep:pron="klaʊdz">clouds</w>
         <pc xml:id="bao18-156110"
             n="a-0800"
             ecep:lem=","
             ecep:pos=","
             ecep:reg=","
             ecep:spe=",">,</pc>
         <c> </c>
         <w xml:id="bao18-156120"
            n="a-0810"
            ecep:lem="and"
            ecep:pos="cc"
            ecep:reg="and"
            ecep:spe="and"
            ecep:syllab="1"
            ecep:pron="ænd">and</w>
         <c> </c>
         <w xml:id="bao18-156130"
            n="a-0820"
            ecep:lem="i"
            ecep:pos="pns11"
            ecep:reg="I"
            ecep:spe="I"
            ecep:syllab="1"
            ecep:pron="aɪ">I</w>
         <c> </c>
         <w xml:id="bao18-156140"
            n="a-0830"
            ecep:lem="fancy"
            ecep:pos="vvb"
            ecep:reg="fancy"
            ecep:spe="fancy"
            ecep:syllab="2"
            ecep:pron="ˈfænsi">fancy</w>
         <c> </c>
         <w xml:id="bao18-156150"
            n="a-0840"
            ecep:lem="thou"
            ecep:pos="pno21"
            ecep:reg="thee"
            ecep:spe="thee"
            ecep:syllab="1"
            ecep:pron="ðiː">thee</w>
         <c> </c>
         <w xml:id="bao18-156160"
            n="a-0850"
            ecep:lem="there"
            ecep:pos="a-acp"
            ecep:reg="there"
            ecep:spe="there"
            ecep:syllab="1"
            ecep:pron="ðeə">there</w>
         <pc xml:id="bao18-156170"
             n="a-0860"
             unit="sentence"
             ecep:lem="."
             ecep:pos="."
             ecep:reg="."
             ecep:spe=".">.</pc>
         <c> </c>
      </l>
   </lg>
   <pb facs="bao18/0195" n="181" rend="none"/>
   <lg xml:id="bao18-s01690">
      <l xml:id="bao18-l08050">
         <w xml:id="bao18-156200"
            n="a-0010"
            ecep:lem="or"
            ecep:pos="cc"
            ecep:reg="Or"
            ecep:spe="Or"
            ecep:syllab="1"
            ecep:pron="ɔː">Or</w>
         <c> </c>
         <w xml:id="bao18-156210"
            n="a-0020"
            ecep:lem="to"
            ecep:pos="p-acp"
            ecep:reg="to"
            ecep:spe="to"
            ecep:syllab="1"
            ecep:pron="tuː">to</w>
         <c> </c>
         <w xml:id="bao18-156220"
            n="a-0030"
            ecep:lem="thy"
            ecep:pos="po21"
            ecep:reg="thy"
            ecep:spe="thy"
            ecep:syllab="1"
            ecep:pron="ðaɪ">thy</w>
         <c> </c>
         <w xml:id="bao18-156230"
            n="a-0040"
            ecep:lem="bower"
            ecep:pos="n1"
            ecep:reg="bower"
            ecep:spe="bower"
            ecep:syllab="2"
            ecep:pron="ˈbaʊə">bower</w>
         <c> </c>
         <w xml:id="bao18-156240"
            n="a-0050"
            ecep:lem="when"
            ecep:pos="c-crq"
            ecep:reg="when"
            ecep:spe="when"
            ecep:syllab="1"
            ecep:pron="wen">when</w>
         <c> </c>
         <w xml:id="bao18-156250"
            n="a-0060"
            ecep:lem="muse"
            ecep:pos="vvg"
            ecep:reg="musing"
            ecep:spe="musing"
            ecep:syllab="2"
            ecep:pron="mjuːzɪŋ">musing</w>
         <c> </c>
         <w xml:id="bao18-156260"
            n="a-0070"
            ecep:lem="i"
            ecep:pos="pns11"
            ecep:reg="I"
            ecep:spe="I"
            ecep:syllab="1"
            ecep:pron="aɪ">I</w>
         <c> </c>
         <w xml:id="bao18-156270"
            n="a-0080"
            ecep:lem="go"
            ecep:pos="vvb"
            ecep:reg="go"
            ecep:spe="go"
            ecep:syllab="1"
            ecep:pron="gəʊ">go</w>
         <pc xml:id="bao18-156280"
             n="a-0090"
             ecep:lem=","
             ecep:pos=","
             ecep:reg=","
             ecep:spe=",">,</pc>
      </l>
      <l xml:id="bao18-l08055">
         <c> </c>
         <w xml:id="bao18-156290"
            n="a-0100"
            ecep:lem="i"
            ecep:pos="pns11"
            ecep:reg="I"
            ecep:spe="I"
            ecep:syllab="1"
            ecep:pron="aɪ">I</w>
         <c> </c>
         <w xml:id="bao18-156300"
            n="a-0110"
            ecep:lem="think"
            ecep:pos="vvb"
            ecep:reg="think"
            ecep:spe="think"
            ecep:syllab="1"
            ecep:pron="θɪŋk">think</w>
         <pc xml:id="bao18-156310"
             n="a-0120"
             ecep:lem=","
             ecep:pos=","
             ecep:reg=","
             ecep:spe=",">,</pc>
         <c> </c>
         <w xml:id="bao18-156320"
            n="a-0130"
            ecep:lem="it"
            ecep:pos="pn31"
            ecep:reg="iT"
            ecep:spe="'t"
            ecep:syllab="0"
            ecep:pron="tˈiː">'t</w>
         <c> </c>
         <w xml:id="bao18-156330"
            n="a-0140"
            ecep:lem="be"
            ecep:pos="vbz"
            ecep:reg="is"
            ecep:spe="is"
            ecep:syllab="1"
            ecep:pron="ɪz">is</w>
         <c> </c>
         <w xml:id="bao18-156340"
            n="a-0150"
            ecep:lem="thy"
            ecep:pos="po21"
            ecep:reg="thy"
            ecep:spe="thy"
            ecep:syllab="1"
            ecep:pron="ðaɪ">thy</w>
         <c> </c>
         <w xml:id="bao18-156350"
            n="a-0160"
            ecep:lem="voice"
            ecep:pos="n1"
            ecep:reg="voice"
            ecep:spe="voice"
            ecep:syllab="1"
            ecep:pron="vɔɪs">voice</w>
         <c> </c>
         <w xml:id="bao18-156360"
            n="a-0170"
            ecep:lem="that"
            ecep:pos="cst"
            ecep:reg="that"
            ecep:spe="that"
            ecep:syllab="1"
            ecep:pron="ðæt">that</w>
         <c> </c>
         <w xml:id="bao18-156370"
            n="a-0180"
            ecep:lem="i"
            ecep:pos="pns11"
            ecep:reg="I"
            ecep:spe="I"
            ecep:syllab="1"
            ecep:pron="aɪ">I</w>
         <c> </c>
         <w xml:id="bao18-156380"
            n="a-0190"
            ecep:lem="hear"
            ecep:pos="vvb"
            ecep:reg="hear"
            ecep:spe="hear"
            ecep:syllab="1"
            ecep:pron="hɪə">hear</w>
         <c> </c>
         <w xml:id="bao18-156390"
            n="a-0200"
            ecep:lem="in"
            ecep:pos="p-acp"
            ecep:reg="in"
            ecep:spe="in"
            ecep:syllab="1"
            ecep:pron="ɪn">in</w>
         <c> </c>
         <w xml:id="bao18-156400"
            n="a-0210"
            ecep:lem="the"
            ecep:pos="dt"
            ecep:reg="the"
            ecep:spe="the"
            ecep:syllab="1"
            ecep:pron="ðiː">the</w>
         <c> </c>
         <w xml:id="bao18-156410"
            n="a-0220"
            ecep:lem="breeze"
            ecep:pos="n1"
            ecep:reg="breeze"
            ecep:spe="breeze"
            ecep:syllab="1"
            ecep:pron="briːz">breeze</w>
         <pc xml:id="bao18-156420"
             n="a-0230"
             ecep:lem=";"
             ecep:pos=";"
             ecep:reg=";"
             ecep:spe=";">;</pc>
      </l>
      <l xml:id="bao18-l08060">
         <c> </c>
         <w xml:id="bao18-156430"
            n="a-0240"
            ecep:lem="soft"
            ecep:pos="av-j"
            ecep:reg="Softly"
            ecep:spe="Softly"
            ecep:syllab="2"
            ecep:pron="sɒftli">Softly</w>
         <c> </c>
         <w xml:id="bao18-156440"
            n="a-0250"
            ecep:lem="it"
            ecep:pos="pn31"
            ecep:reg="it"
            ecep:spe="it"
            ecep:syllab="1"
            ecep:pron="ɪt">it</w>
         <c> </c>
         <w xml:id="bao18-156450"
            n="a-0260"
            ecep:lem="seem"
            ecep:pos="vvz"
            ecep:reg="seems"
            ecep:spe="seems"
            ecep:syllab="1"
            ecep:pron="siːmz">seems</w>
         <c> </c>
         <w xml:id="bao18-156460"
            n="a-0270"
            ecep:lem="to"
            ecep:pos="pc-acp"
            ecep:reg="to"
            ecep:spe="to"
            ecep:syllab="1"
            ecep:pron="tuː">to</w>
         <c> </c>
         <w xml:id="bao18-156470"
            n="a-0280"
            ecep:lem="speak"
            ecep:pos="vvi"
            ecep:reg="speak"
            ecep:spe="speak"
            ecep:syllab="1"
            ecep:pron="spiːk">speak</w>
         <c> </c>
         <w xml:id="bao18-156480"
            n="a-0290"
            ecep:lem="peace"
            ecep:pos="n1"
            ecep:reg="peace"
            ecep:spe="peace"
            ecep:syllab="1"
            ecep:pron="piːs">peace</w>
         <c> </c>
         <w xml:id="bao18-156490"
            n="a-0300"
            ecep:lem="to"
            ecep:pos="p-acp"
            ecep:reg="to"
            ecep:spe="to"
            ecep:syllab="1"
            ecep:pron="tuː">to</w>
         <c> </c>
         <w xml:id="bao18-156500"
            n="a-0310"
            ecep:lem="my"
            ecep:pos="po11"
            ecep:reg="my"
            ecep:spe="my"
            ecep:syllab="1"
            ecep:pron="maɪ">my</w>
         <c> </c>
         <w xml:id="bao18-156510"
            n="a-0320"
            ecep:lem="woe"
            ecep:pos="n1"
            ecep:reg="woe"
            ecep:spe="woe"
            ecep:syllab="1"
            ecep:pron="wəʊ">woe</w>
         <pc xml:id="bao18-156520"
             n="a-0330"
             ecep:lem=","
             ecep:pos=","
             ecep:reg=","
             ecep:spe=",">,</pc>
      </l>
      <l xml:id="bao18-l08065">
         <c> </c>
         <w xml:id="bao18-156530"
            n="a-0340"
            ecep:lem="and"
            ecep:pos="cc"
            ecep:reg="And"
            ecep:spe="And"
            ecep:syllab="1"
            ecep:pron="ænd">And</w>
         <c> </c>
         <w xml:id="bao18-156540"
            n="a-0350"
            ecep:lem="life"
            ecep:pos="n1"
            ecep:reg="life"
            ecep:spe="life"
            ecep:syllab="1"
            ecep:pron="laɪf">life</w>
         <c> </c>
         <w xml:id="bao18-156550"
            n="a-0360"
            ecep:lem="once"
            ecep:pos="a-acp"
            ecep:reg="once"
            ecep:spe="once"
            ecep:syllab="1"
            ecep:pron="wʌns">once</w>
         <c> </c>
         <w xml:id="bao18-156560"
            n="a-0370"
            ecep:lem="again"
            ecep:pos="av"
            ecep:reg="again"
            ecep:spe="again"
            ecep:syllab="2"
            ecep:pron="əˈgen">again</w>
         <c> </c>
         <w xml:id="bao18-156570"
            n="a-0380"
            ecep:lem="for"
            ecep:pos="c-acp"
            ecep:reg="for"
            ecep:spe="for"
            ecep:syllab="1"
            ecep:pron="fɔː">for</w>
         <c> </c>
         <w xml:id="bao18-156580"
            n="a-0390"
            ecep:lem="a"
            ecep:pos="dt"
            ecep:reg="a"
            ecep:spe="a"
            ecep:syllab="1"
            ecep:pron="ə">a</w>
         <c> </c>
         <w xml:id="bao18-156590"
            n="a-0400"
            ecep:lem="moment"
            ecep:pos="n1"
            ecep:reg="moment"
            ecep:spe="moment"
            ecep:syllab="2"
            ecep:pron="ˈməʊmənt">moment</w>
         <c> </c>
         <w xml:id="bao18-156600"
            n="a-0410"
            ecep:lem="can"
            ecep:pos="vmb"
            ecep:reg="can"
            ecep:spe="can"
            ecep:syllab="1"
            ecep:pron="kæn">can</w>
         <c> </c>
         <w xml:id="bao18-156610"
            n="a-0420"
            ecep:lem="please"
            ecep:pos="vvi"
            ecep:reg="please"
            ecep:spe="please"
            ecep:syllab="1"
            ecep:pron="pliːz">please</w>
         <pc xml:id="bao18-156620"
             n="a-0430"
             unit="sentence"
             ecep:lem="."
             ecep:pos="."
             ecep:reg="."
             ecep:spe=".">.</pc>
         <c> </c>
      </l>
   </lg>
   <lg xml:id="bao18-s01695">
      <l xml:id="bao18-l08070">
         <w xml:id="bao18-156650"
            n="a-0440"
            ecep:lem="if"
            ecep:pos="cs"
            ecep:reg="If"
            ecep:spe="If"
            ecep:syllab="1"
            ecep:pron="ɪf">If</w>
         <c> </c>
         <w xml:id="bao18-156660"
            n="a-0450"
            ecep:lem="this"
            ecep:pos="d"
            ecep:reg="this"
            ecep:spe="this"
            ecep:syllab="1"
            ecep:pron="ðɪs">this</w>
         <c> </c>
         <w xml:id="bao18-156670"
            n="a-0460"
            ecep:lem="be"
            ecep:pos="vbb"
            ecep:reg="be"
            ecep:spe="be"
            ecep:syllab="1"
            ecep:pron="biː">be</w>
         <c> </c>
         <w xml:id="bao18-156680"
            n="a-0470"
            ecep:lem="phrensy"
            ecep:pos="n1"
            ecep:reg="frenzy"
            ecep:spe="phrensy"
            ecep:syllab="2"
            ecep:pron="ˈfrenzɪ">phrensy</w>
         <c> </c>
         <w xml:id="bao18-156690"
            n="a-0480"
            ecep:lem="alone"
            ecep:pos="av-j"
            ecep:reg="alone"
            ecep:spe="alone"
            ecep:syllab="2"
            ecep:pron="əˈləʊn">alone</w>
         <pc xml:id="bao18-156700"
             n="a-0490"
             ecep:lem=","
             ecep:pos=","
             ecep:reg=","
             ecep:spe=",">,</pc>
         <c> </c>
         <w xml:id="bao18-156710"
            n="a-0500"
            ecep:lem="it"
            ecep:pos="pn31"
            ecep:reg="iT"
            ecep:spe="'t"
            ecep:syllab="0"
            ecep:pron="tˈiː">'t</w>
         <c> </c>
         <w xml:id="bao18-156720"
            n="a-0510"
            ecep:lem="be"
            ecep:pos="vbz"
            ecep:reg="is"
            ecep:spe="is"
            ecep:syllab="1"
            ecep:pron="ɪz">is</w>
         <c> </c>
         <w xml:id="bao18-156730"
            n="a-0520"
            ecep:lem="so"
            ecep:pos="av"
            ecep:reg="so"
            ecep:spe="so"
            ecep:syllab="1"
            ecep:pron="səʊ">so</w>
         <c> </c>
         <w xml:id="bao18-156740"
            n="a-0530"
            ecep:lem="dear"
            ecep:pos="j-jn"
            ecep:reg="dear"
            ecep:spe="dear"
            ecep:syllab="1"
            ecep:pron="dɪə">dear</w>
         <pc xml:id="bao18-156750"
             n="a-0540"
             ecep:lem=","
             ecep:pos=","
             ecep:reg=","
             ecep:spe=",">,</pc>
      </l>
      <l xml:id="bao18-l08075">
         <c> </c>
         <w xml:id="bao18-156760"
            n="a-0550"
            ecep:lem="that"
            ecep:pos="cst"
            ecep:reg="That"
            ecep:spe="That"
            ecep:syllab="1"
            ecep:pron="ðæt">That</w>
         <c> </c>
         <w xml:id="bao18-156770"
            n="a-0560"
            ecep:lem="long"
            ecep:pos="av-j"
            ecep:reg="long"
            ecep:spe="long"
            ecep:syllab="1"
            ecep:pron="lɒŋ">long</w>
         <c> </c>
         <w xml:id="bao18-156780"
            n="a-0570"
            ecep:lem="may"
            ecep:pos="vmb"
            ecep:reg="may"
            ecep:spe="may"
            ecep:syllab="1"
            ecep:pron="meɪ">may</w>
         <c> </c>
         <w xml:id="bao18-156790"
            n="a-0580"
            ecep:lem="the"
            ecep:pos="dt"
            ecep:reg="the"
            ecep:spe="the"
            ecep:syllab="1"
            ecep:pron="ðiː">the</w>
         <c> </c>
         <w xml:id="bao18-156800"
            n="a-0590"
            ecep:lem="please"
            ecep:pos="j-vvg"
            ecep:reg="pleasing"
            ecep:spe="pleasing"
            ecep:syllab="2"
            ecep:pron="pliːzɪŋ">pleasing</w>
         <c> </c>
         <w xml:id="bao18-156810"
            n="a-0600"
            ecep:lem="delusion"
            ecep:pos="n1"
            ecep:reg="delusion"
            ecep:spe="delusion"
            ecep:syllab="3"
            ecep:pron="dɪˈluːʒn">delusion</w>
         <c> </c>
         <w xml:id="bao18-156820"
            n="a-0610"
            ecep:lem="be"
            ecep:pos="vbi"
            ecep:reg="be"
            ecep:spe="be"
            ecep:syllab="1"
            ecep:pron="biː">be</w>
         <c> </c>
         <w xml:id="bao18-156830"
            n="a-0620"
            ecep:lem="nigh"
            ecep:pos="av-j"
            ecep:reg="nigh"
            ecep:spe="nigh"
            ecep:syllab="1"
            ecep:pron="naɪ">nigh</w>
         <pc xml:id="bao18-156840"
             n="a-0630"
             ecep:lem=";"
             ecep:pos=";"
             ecep:reg=";"
             ecep:spe=";">;</pc>
      </l>
      <l xml:id="bao18-l08080">
         <c> </c>
         <w xml:id="bao18-156850"
            n="a-0640"
            ecep:lem="still"
            ecep:pos="av"
            ecep:reg="Still"
            ecep:spe="Still"
            ecep:syllab="1"
            ecep:pron="stɪl">Still</w>
         <c> </c>
         <w xml:id="bao18-156860"
            n="a-0650"
            ecep:lem="ellen"
            ecep:pos="npg1"
            ecep:reg="Ellen's"
            ecep:spe="Ellen's"
            ecep:syllab="2"
            ecep:pron="ˈelənz">Ellen's</w>
         <c> </c>
         <w xml:id="bao18-156870"
            n="a-0660"
            ecep:lem="voice"
            ecep:pos="n1"
            ecep:reg="voice"
            ecep:spe="voice"
            ecep:syllab="1"
            ecep:pron="vɔɪs">voice</w>
         <c> </c>
         <w xml:id="bao18-156880"
            n="a-0670"
            ecep:lem="in"
            ecep:pos="p-acp"
            ecep:reg="in"
            ecep:spe="in"
            ecep:syllab="1"
            ecep:pron="ɪn">in</w>
         <c> </c>
         <w xml:id="bao18-156890"
            n="a-0680"
            ecep:lem="the"
            ecep:pos="dt"
            ecep:reg="the"
            ecep:spe="the"
            ecep:syllab="1"
            ecep:pron="ðiː">the</w>
         <c> </c>
         <w xml:id="bao18-156900"
            n="a-0690"
            ecep:lem="breeze"
            ecep:pos="n1"
            ecep:reg="breeze"
            ecep:spe="breeze"
            ecep:syllab="1"
            ecep:pron="briːz">breeze</w>
         <c> </c>
         <w xml:id="bao18-156910"
            n="a-0700"
            ecep:lem="may"
            ecep:pos="vmb"
            ecep:reg="may"
            ecep:spe="may"
            ecep:syllab="1"
            ecep:pron="meɪ">may</w>
         <c> </c>
         <w xml:id="bao18-156920"
            n="a-0710"
            ecep:lem="i"
            ecep:pos="pns11"
            ecep:reg="I"
            ecep:spe="I"
            ecep:syllab="1"
            ecep:pron="aɪ">I</w>
         <c> </c>
         <w xml:id="bao18-156930"
            n="a-0720"
            ecep:lem="hear"
            ecep:pos="vvi"
            ecep:reg="hear"
            ecep:spe="hear"
            ecep:syllab="1"
            ecep:pron="hɪə">hear</w>
         <pc xml:id="bao18-156940"
             n="a-0730"
             ecep:lem=","
             ecep:pos=","
             ecep:reg=","
             ecep:spe=",">,</pc>
      </l>
      <l xml:id="bao18-l08085">
         <c> </c>
         <w xml:id="bao18-156950"
            n="a-0740"
            ecep:lem="still"
            ecep:pos="av"
            ecep:reg="Still"
            ecep:spe="Still"
            ecep:syllab="1"
            ecep:pron="stɪl">Still</w>
         <c> </c>
         <w xml:id="bao18-156960"
            n="a-0750"
            ecep:lem="see"
            ecep:pos="vvb"
            ecep:reg="see"
            ecep:spe="see"
            ecep:syllab="1"
            ecep:pron="siː">see</w>
         <c> </c>
         <w xml:id="bao18-156970"
            n="a-0760"
            ecep:lem="in"
            ecep:pos="p-acp"
            ecep:reg="in"
            ecep:spe="in"
            ecep:syllab="1"
            ecep:pron="ɪn">in</w>
         <c> </c>
         <w xml:id="bao18-156980"
            n="a-0770"
            ecep:lem="bright"
            ecep:pos="j"
            ecep:reg="bright"
            ecep:spe="bright"
            ecep:syllab="1"
            ecep:pron="braɪt">bright</w>
         <c> </c>
         <w xml:id="bao18-156990"
            n="a-0780"
            ecep:lem="cloud"
            ecep:pos="n2"
            ecep:reg="clouds"
            ecep:spe="clouds"
            ecep:syllab="1"
            ecep:pron="klaʊdz">clouds</w>
         <c> </c>
         <w xml:id="bao18-157000"
            n="a-0790"
            ecep:lem="the"
            ecep:pos="dt"
            ecep:reg="the"
            ecep:spe="the"
            ecep:syllab="1"
            ecep:pron="ðiː">the</w>
         <c> </c>
         <w xml:id="bao18-157010"
            n="a-0800"
            ecep:lem="kind"
            ecep:pos="j"
            ecep:reg="kind"
            ecep:spe="kind"
            ecep:syllab="1"
            ecep:pron="kaɪnd">kind</w>
         <c> </c>
         <w xml:id="bao18-157020"
            n="a-0810"
            ecep:lem="beam"
            ecep:pos="n2"
            ecep:reg="beams"
            ecep:spe="beams"
            ecep:syllab="1"
            ecep:pron="biːmz">beams</w>
         <c> </c>
         <w xml:id="bao18-157030"
            n="a-0820"
            ecep:lem="of"
            ecep:pos="pp-f"
            ecep:reg="of"
            ecep:spe="of"
            ecep:syllab="1"
            ecep:pron="ɒv">of</w>
         <c> </c>
         <w xml:id="bao18-157040"
            n="a-0830"
            ecep:lem="her"
            ecep:pos="po31"
            ecep:reg="her"
            ecep:spe="her"
            ecep:syllab="1"
            ecep:pron="hɜː">her</w>
         <c> </c>
         <w xml:id="bao18-157050"
            n="a-0840"
            ecep:lem="eye"
            ecep:pos="n1"
            ecep:reg="eye"
            ecep:spe="eye"
            ecep:syllab="1"
            ecep:pron="aɪ">eye</w>
         <pc xml:id="bao18-157060"
             n="a-0850"
             unit="sentence"
             ecep:lem="!"
             ecep:pos="!"
             ecep:reg="!"
             ecep:spe="!">!</pc>
         <c> </c>
      </l>
   </lg>
</div>
