<?xml version="1.0" encoding="utf-8"?>
<!DOCTYPE div
  SYSTEM "about:legacy-compat">
<div xmlns:tei="http://www.tei-c.org/ns/1.0"
     xmlns="http://www.tei-c.org/ns/1.0"
     xmlns:ecep="http://www.eighteenthcenturypoetry.org/ns"
     ana="#iamb #pentameter #couplet #heroiccouplet #pair"
     corresp="#txt_GravRi1715_w0006"
     ecep:syllab="10"
     met="-+|-+|-+|-+|-+/"
     rendition="#lgindent"
     rhyme="aa"
     subtype="eceptext"
     type="poem"
     xml:id="o5156-w0290"
     decls="#semi-normalized">
   <link target="authors.xml#aut_GravRi1715" type="author"/>
   <link target="27253" type="DMI"/>
   <head type="main">
      <w xml:id="o5156-123120"
         n="64-a-1920"
         ecep:lem="the"
         ecep:pos="dt"
         ecep:reg="The"
         ecep:spe="The"
         ecep:syllab="1"
         ecep:pron="ðiː">The</w>
      <c> </c>
      <w xml:id="o5156-123130"
         n="64-a-1930"
         ecep:lem="invisible"
         ecep:pos="j"
         ecep:reg="INVISIBLE"
         ecep:spe="INVISIBLE"
         ecep:syllab="4"
         ecep:pron="ɪnˈvɪzəbl">INVISIBLE</w>
      <pc xml:id="o5156-123140"
          n="64-a-1940"
          unit="sentence"
          ecep:lem="."
          ecep:pos="."
          ecep:reg="."
          ecep:spe=".">.</pc>
   </head>
   <byline>
      <w xml:id="o5156-123170"
         n="64-a-1950"
         ecep:lem="by"
         ecep:pos="p-acp"
         ecep:reg="By"
         ecep:spe="By"
         ecep:syllab="1"
         ecep:pron="baɪ">By</w>
      <c> </c>
      <w xml:id="o5156-123180"
         n="64-a-1960"
         ecep:lem="the"
         ecep:pos="dt"
         ecep:reg="the"
         ecep:spe="the"
         ecep:syllab="1"
         ecep:pron="ðiː">the</w>
      <c> </c>
      <w xml:id="o5156-123190"
         n="64-a-1970"
         ecep:lem="same"
         ecep:pos="d"
         ecep:reg="Same"
         ecep:spe="Same"
         ecep:syllab="1"
         ecep:pron="seɪm">Same</w>
      <pc xml:id="o5156-123200"
          n="64-a-1980"
          unit="sentence"
          ecep:lem="."
          ecep:pos="."
          ecep:reg="."
          ecep:spe=".">.</pc>
   </byline>
   <lg xml:id="o5156-s01260">
      <l xml:id="o5156-l07165">
         <w xml:id="o5156-123230"
            n="64-a-1990"
            ecep:lem="what"
            ecep:pos="q-crq"
            ecep:reg="WHAT"
            ecep:spe="WHAT"
            ecep:syllab="1"
            ecep:pron="wɒt">WHAT</w>
         <c> </c>
         <w xml:id="o5156-123240"
            n="64-a-2000"
            ecep:lem="mortal"
            ecep:pos="j-jn"
            ecep:reg="mortal"
            ecep:spe="mortal"
            ecep:syllab="2"
            ecep:pron="ˈmɔːtl">mortal</w>
         <c> </c>
         <w xml:id="o5156-123250"
            n="64-a-2010"
            ecep:lem="burn"
            ecep:pos="vvz"
            ecep:reg="burns"
            ecep:spe="burns"
            ecep:syllab="1"
            ecep:pron="bɜːnz">burns</w>
         <c> </c>
         <w xml:id="o5156-123260"
            n="64-a-2020"
            ecep:lem="not"
            ecep:pos="xx"
            ecep:reg="not"
            ecep:spe="not"
            ecep:syllab="1"
            ecep:pron="nɒt">not</w>
         <c> </c>
         <w xml:id="o5156-123270"
            n="64-a-2030"
            ecep:lem="with"
            ecep:pos="p-acp"
            ecep:reg="with"
            ecep:spe="with"
            ecep:syllab="1"
            ecep:pron="wɪð">with</w>
         <c> </c>
         <w xml:id="o5156-123280"
            n="64-a-2040"
            ecep:lem="the"
            ecep:pos="dt"
            ecep:reg="the"
            ecep:spe="the"
            ecep:syllab="1"
            ecep:pron="ðiː">the</w>
         <c> </c>
         <w xml:id="o5156-123290"
            n="64-a-2050"
            ecep:lem="love"
            ecep:pos="n1"
            ecep:reg="love"
            ecep:spe="love"
            ecep:syllab="1"
            ecep:pron="lʌv">love</w>
         <c> </c>
         <w xml:id="o5156-123300"
            n="64-a-2060"
            ecep:lem="of"
            ecep:pos="pp-f"
            ecep:reg="of"
            ecep:spe="of"
            ecep:syllab="1"
            ecep:pron="ɒv">of</w>
         <c> </c>
         <w xml:id="o5156-123310"
            n="64-a-2070"
            ecep:lem="fame"
            ecep:pos="n1"
            ecep:reg="fame"
            ecep:spe="fame"
            ecep:syllab="1"
            ecep:pron="feɪm">fame</w>
         <pc xml:id="o5156-123320"
             n="64-a-2080"
             unit="sentence"
             ecep:lem="?"
             ecep:pos="?"
             ecep:reg="?"
             ecep:spe="?">?</pc>
      </l>
      <l xml:id="o5156-l07170">
         <w xml:id="o5156-123330"
            n="64-a-2090"
            ecep:lem="some"
            ecep:pos="d"
            ecep:reg="Some"
            ecep:spe="Some"
            ecep:syllab="1"
            ecep:pron="sʌm">Some</w>
         <c> </c>
         <w xml:id="o5156-123340"
            n="64-a-2100"
            ecep:lem="write"
            ecep:pos="vvb"
            ecep:reg="write"
            ecep:spe="write"
            ecep:syllab="1"
            ecep:pron="raɪt">write</w>
         <pc xml:id="o5156-123350"
             n="64-a-2110"
             ecep:lem=","
             ecep:pos=","
             ecep:reg=","
             ecep:spe=",">,</pc>
         <c> </c>
         <w xml:id="o5156-123360"
            n="64-a-2120"
            ecep:lem="some"
            ecep:pos="d"
            ecep:reg="some"
            ecep:spe="some"
            ecep:syllab="1"
            ecep:pron="sʌm">some</w>
         <c> </c>
         <w xml:id="o5156-123370"
            n="64-a-2130"
            ecep:lem="fight"
            ecep:pos="n1"
            ecep:reg="fight"
            ecep:spe="fight"
            ecep:syllab="1"
            ecep:pron="faɪt">fight</w>
         <pc xml:id="o5156-123380"
             n="64-a-2140"
             ecep:lem=","
             ecep:pos=","
             ecep:reg=","
             ecep:spe=",">,</pc>
         <c> </c>
         <w xml:id="o5156-123390"
            n="64-a-2150"
            ecep:lem="some"
            ecep:pos="d"
            ecep:reg="some"
            ecep:spe="some"
            ecep:syllab="1"
            ecep:pron="sʌm">some</w>
         <c> </c>
         <w xml:id="o5156-123400"
            n="64-a-2160"
            ecep:lem="eat"
            ecep:pos="vvb"
            ecep:reg="eat"
            ecep:spe="eat"
            ecep:syllab="1"
            ecep:pron="iːt">eat</w>
         <c> </c>
         <w xml:id="o5156-123410"
            n="64-a-2170"
            ecep:lem="themselves"
            ecep:pos="px32"
            ecep:reg="themselves"
            ecep:spe="themselves"
            ecep:syllab="2"
            ecep:pron="ðəmˈselvz">themselves</w>
         <c> </c>
         <w xml:id="o5156-123420"
            n="64-a-2180"
            ecep:lem="a"
            ecep:pos="dt"
            ecep:reg="a"
            ecep:spe="a"
            ecep:syllab="1"
            ecep:pron="ə">a</w>
         <c> </c>
         <w xml:id="o5156-123430"
            n="64-a-2190"
            ecep:lem="name"
            ecep:pos="n1"
            ecep:reg="name"
            ecep:spe="name"
            ecep:syllab="1"
            ecep:pron="neɪm">name</w>
         <pc xml:id="o5156-123440"
             n="64-a-2200"
             unit="sentence"
             ecep:lem="."
             ecep:pos="."
             ecep:reg="."
             ecep:spe=".">.</pc>
      </l>
      <l xml:id="o5156-l07175">
         <w xml:id="o5156-123450"
            n="64-a-2210"
            ecep:lem="for"
            ecep:pos="p-acp"
            ecep:reg="For"
            ecep:spe="For"
            ecep:syllab="1"
            ecep:pron="fɔː">For</w>
         <c> </c>
         <w xml:id="o5156-123460"
            n="64-a-2220"
            ecep:lem="some"
            ecep:pos="d"
            ecep:reg="some"
            ecep:spe="some"
            ecep:syllab="1"
            ecep:pron="sʌm">some</w>
         <c> </c>
         <w xml:id="o5156-123470"
            n="64-a-2230"
            ecep:lem="beau"
            ecep:pos="n1"
            ecep:reg="beau"
            ecep:spe="beau"
            ecep:syllab="1"
            ecep:pron="bəʊ">beau</w>
         <c> </c>
         <w xml:id="o5156-123480"
            n="64-a-2240"
            ecep:lem="frightful"
            ecep:pos="j"
            ecep:reg="Frightful"
            ecep:spe="Frightful"
            ecep:syllab="2"
            ecep:pron="ˈfraɪtfl">Frightful</w>
         <c> </c>
         <w xml:id="o5156-123490"
            n="64-a-2250"
            ecep:lem="haunt"
            ecep:pos="n2"
            ecep:reg="haunts"
            ecep:spe="haunts"
            ecep:syllab="1"
            ecep:pron="hɔːnts">haunts</w>
         <c> </c>
         <w xml:id="o5156-123500"
            n="64-a-2260"
            ecep:lem="each"
            ecep:pos="d"
            ecep:reg="each"
            ecep:spe="each"
            ecep:syllab="1"
            ecep:pron="iːtʃ">each</w>
         <c> </c>
         <w xml:id="o5156-123510"
            n="64-a-2270"
            ecep:lem="public"
            ecep:pos="j"
            ecep:reg="public"
            ecep:spe="public"
            ecep:syllab="2"
            ecep:pron="ˈpʌblɪk">public</w>
         <c> </c>
         <w xml:id="o5156-123520"
            n="64-a-2280"
            ecep:lem="place"
            ecep:pos="n1"
            ecep:reg="place"
            ecep:spe="place"
            ecep:syllab="1"
            ecep:pron="pleɪs">place</w>
         <pc xml:id="o5156-123530"
             n="64-a-2290"
             ecep:lem=","
             ecep:pos=","
             ecep:reg=","
             ecep:spe=",">,</pc>
      </l>
      <l xml:id="o5156-l07180">
         <w xml:id="o5156-123540"
            n="64-a-2300"
            ecep:lem="and"
            ecep:pos="cc"
            ecep:reg="And"
            ecep:spe="And"
            ecep:syllab="1"
            ecep:pron="ænd">And</w>
         <c> </c>
         <w xml:id="o5156-123550"
            n="64-a-2310"
            ecep:lem="grow"
            ecep:pos="vvz"
            ecep:reg="grows"
            ecep:spe="grows"
            ecep:syllab="1"
            ecep:pron="grəʊz">grows</w>
         <c> </c>
         <w xml:id="o5156-123560"
            n="64-a-2320"
            ecep:lem="conspicuous"
            ecep:pos="j"
            ecep:reg="conspicuous"
            ecep:spe="conspicious"
            ecep:syllab="3"
            ecep:pron="kənspˈɪʃəs">conspicious</w>
         <c> </c>
         <w xml:id="o5156-123570"
            n="64-a-2330"
            ecep:lem="for"
            ecep:pos="p-acp"
            ecep:reg="for"
            ecep:spe="for"
            ecep:syllab="1"
            ecep:pron="fɔː">for</w>
         <c> </c>
         <pc xml:id="o5156-123580"
             n="64-a-2340"
             ecep:lem="—"
             ecep:pos="—"
             ecep:reg="—"
             ecep:spe="—">—</pc>
         <c> </c>
         <w xml:id="o5156-123590"
            n="64-a-2350"
            ecep:lem="his"
            ecep:pos="po31"
            ecep:reg="his"
            ecep:spe="his"
            ecep:syllab="1"
            ecep:pron="hɪz">his</w>
         <c> </c>
         <w xml:id="o5156-123600"
            n="64-a-2360"
            ecep:lem="ugly"
            ecep:pos="j"
            ecep:reg="ugly"
            ecep:spe="ugly"
            ecep:syllab="2"
            ecep:pron="ˈʌgli">ugly</w>
         <c> </c>
         <w xml:id="o5156-123610"
            n="64-a-2370"
            ecep:lem="face"
            ecep:pos="n1"
            ecep:reg="face"
            ecep:spe="face"
            ecep:syllab="1"
            ecep:pron="feɪs">face</w>
         <pc xml:id="o5156-123620"
             n="64-a-2380"
             unit="sentence"
             ecep:lem="."
             ecep:pos="."
             ecep:reg="."
             ecep:spe=".">.</pc>
      </l>
      <pb facs="o5156/0068_R" n="63" rend="none"/>
      <l xml:id="o5156-l07185">
         <w xml:id="o5156-123630"
            n="65-a-0010"
            ecep:lem="Laura"
            ecep:pos="np1"
            ecep:reg="Laura"
            ecep:spe="Laura"
            ecep:syllab="2"
            ecep:pron="ˈlɔːrə">Laura</w>
         <pc xml:id="o5156-123640"
             n="65-a-0020"
             ecep:lem=","
             ecep:pos=","
             ecep:reg=","
             ecep:spe=",">,</pc>
         <c> </c>
         <w xml:id="o5156-123650"
            n="65-a-0030"
            ecep:lem="the"
            ecep:pos="dt"
            ecep:reg="the"
            ecep:spe="the"
            ecep:syllab="1"
            ecep:pron="ðiː">the</w>
         <c> </c>
         <w xml:id="o5156-123660"
            n="65-a-0040"
            ecep:lem="rural"
            ecep:pos="j"
            ecep:reg="rural"
            ecep:spe="rural"
            ecep:syllab="2"
            ecep:pron="ˈrʊərl">rural</w>
         <c> </c>
         <w xml:id="o5156-123670"
            n="65-a-0050"
            ecep:lem="circle"
            ecep:pos="ng1"
            ecep:reg="circle's"
            ecep:spe="circle's"
            ecep:syllab="2"
            ecep:pron="ˈsɜːklz">circle's</w>
         <c> </c>
         <w xml:id="o5156-123680"
            n="65-a-0060"
            ecep:lem="constant"
            ecep:pos="j"
            ecep:reg="constant"
            ecep:spe="constant"
            ecep:syllab="2"
            ecep:pron="ˈkɒnstənt">constant</w>
         <c> </c>
         <w xml:id="o5156-123690"
            n="65-a-0070"
            ecep:lem="boast"
            ecep:pos="n1"
            ecep:reg="boast"
            ecep:spe="boast"
            ecep:syllab="1"
            ecep:pron="bəʊst">boast</w>
         <pc xml:id="o5156-123700"
             n="65-a-0080"
             ecep:lem=","
             ecep:pos=","
             ecep:reg=","
             ecep:spe=",">,</pc>
      </l>
      <l xml:id="o5156-l07190">
         <w xml:id="o5156-123710"
            n="65-a-0090"
            ecep:lem="sigh"
            ecep:pos="n2"
            ecep:reg="Sighs"
            ecep:spe="Sighs"
            ecep:syllab="1"
            ecep:pron="saɪz">Sighs</w>
         <c> </c>
         <w xml:id="o5156-123720"
            n="65-a-0100"
            ecep:lem="for"
            ecep:pos="p-acp"
            ecep:reg="for"
            ecep:spe="for"
            ecep:syllab="1"
            ecep:pron="fɔː">for</w>
         <c> </c>
         <w xml:id="o5156-123730"
            n="65-a-0110"
            ecep:lem="the"
            ecep:pos="dt"
            ecep:reg="the"
            ecep:spe="the"
            ecep:syllab="1"
            ecep:pron="ðiː">the</w>
         <c> </c>
         <w xml:id="o5156-123740"
            n="65-a-0120"
            ecep:lem="Mall"
            ecep:pos="np1"
            ecep:reg="Mall"
            ecep:spe="Mall"
            ecep:syllab="1"
            ecep:pron="mɔːl">Mall</w>
         <pc xml:id="o5156-123750"
             n="65-a-0130"
             ecep:lem=","
             ecep:pos=","
             ecep:reg=","
             ecep:spe=",">,</pc>
         <c> </c>
         <w xml:id="o5156-123760"
            n="65-a-0140"
            ecep:lem="nor"
            ecep:pos="ccx"
            ecep:reg="nor"
            ecep:spe="nor"
            ecep:syllab="1"
            ecep:pron="nɔː">nor</w>
         <c> </c>
         <w xml:id="o5156-123770"
            n="65-a-0150"
            ecep:lem="sleep"
            ecep:pos="vvz"
            ecep:reg="sleeps"
            ecep:spe="sleeps"
            ecep:syllab="1"
            ecep:pron="sliːps">sleeps</w>
         <c> </c>
         <w xml:id="o5156-123780"
            n="65-a-0160"
            ecep:lem="till"
            ecep:pos="p-acp"
            ecep:reg="till"
            ecep:spe="till"
            ecep:syllab="1"
            ecep:pron="tɪl">till</w>
         <c> </c>
         <w xml:id="o5156-123790"
            n="65-a-0170"
            ecep:lem="she|be"
            ecep:pos="pns31|vbz"
            ecep:reg="she's"
            ecep:spe="she's"
            ecep:syllab="1"
            ecep:pron="ʃiːz">she's</w>
         <c> </c>
         <w xml:id="o5156-123800"
            n="65-a-0180"
            ecep:lem="a"
            ecep:pos="dt"
            ecep:reg="a"
            ecep:spe="a"
            ecep:syllab="1"
            ecep:pron="ə">a</w>
         <c> </c>
         <w xml:id="o5156-123810"
            n="65-a-0190"
            ecep:lem="toast"
            ecep:pos="n1"
            ecep:reg="toast"
            ecep:spe="toast"
            ecep:syllab="1"
            ecep:pron="təʊst">toast</w>
         <pc xml:id="o5156-123820"
             n="65-a-0200"
             unit="sentence"
             ecep:lem="."
             ecep:pos="."
             ecep:reg="."
             ecep:spe=".">.</pc>
      </l>
      <l xml:id="o5156-l07195">
         <w xml:id="o5156-123830"
            n="65-a-0210"
            ecep:lem="the"
            ecep:pos="dt"
            ecep:reg="The"
            ecep:spe="The"
            ecep:syllab="1"
            ecep:pron="ðiː">The</w>
         <c> </c>
         <w xml:id="o5156-123840"
            n="65-a-0220"
            ecep:lem="priestle"
            ecep:pos="n-vvg"
            ecep:reg="priestling"
            ecep:spe="priestling"
            ecep:syllab="2"
            ecep:pron="ˈpriːstlɪŋ">priestling</w>
         <pc xml:id="o5156-123850"
             n="65-a-0230"
             ecep:lem=","
             ecep:pos=","
             ecep:reg=","
             ecep:spe=",">,</pc>
         <c> </c>
         <w xml:id="o5156-123860"
            n="65-a-0240"
            ecep:lem="proud"
            ecep:pos="j"
            ecep:reg="proud"
            ecep:spe="proud"
            ecep:syllab="1"
            ecep:pron="praʊd">proud</w>
         <c> </c>
         <w xml:id="o5156-123870"
            n="65-a-0250"
            ecep:lem="of"
            ecep:pos="pp-f"
            ecep:reg="of"
            ecep:spe="of"
            ecep:syllab="1"
            ecep:pron="ɒv">of</w>
         <c> </c>
         <w xml:id="o5156-123880"
            n="65-a-0260"
            ecep:lem="doctrine"
            ecep:pos="n1"
            ecep:reg="doctrine"
            ecep:spe="doctrine"
            ecep:syllab="2"
            ecep:pron="ˈdɒktrɪn">doctrine</w>
         <c> </c>
         <w xml:id="o5156-123890"
            n="65-a-0270"
            ecep:lem="not"
            ecep:pos="xx"
            ecep:reg="not"
            ecep:spe="not"
            ecep:syllab="1"
            ecep:pron="nɒt">not</w>
         <c> </c>
         <w xml:id="o5156-123900"
            n="65-a-0280"
            ecep:lem="his"
            ecep:pos="po31"
            ecep:reg="his"
            ecep:spe="his"
            ecep:syllab="1"
            ecep:pron="hɪz">his</w>
         <c> </c>
         <w xml:id="o5156-123910"
            n="65-a-0290"
            ecep:lem="own"
            ecep:pos="d"
            ecep:reg="own"
            ecep:spe="own"
            ecep:syllab="1"
            ecep:pron="əʊn">own</w>
         <pc xml:id="o5156-123920"
             n="65-a-0300"
             ecep:lem=","
             ecep:pos=","
             ecep:reg=","
             ecep:spe=",">,</pc>
      </l>
      <l xml:id="o5156-l07200">
         <w xml:id="o5156-123930"
            n="65-a-0310"
            ecep:lem="usurp"
            ecep:pos="vvz"
            ecep:reg="Usurps"
            ecep:spe="Usurps"
            ecep:syllab="2"
            ecep:pron="juːˈzɜːps">Usurps</w>
         <c> </c>
         <w xml:id="o5156-123940"
            n="65-a-0320"
            ecep:lem="a"
            ecep:pos="dt"
            ecep:reg="a"
            ecep:spe="a"
            ecep:syllab="1"
            ecep:pron="ə">a</w>
         <c> </c>
         <w xml:id="o5156-123950"
            n="65-a-0330"
            ecep:lem="scarf"
            ecep:pos="n1"
            ecep:reg="scarf"
            ecep:spe="scarf"
            ecep:syllab="1"
            ecep:pron="skɑːf">scarf</w>
         <pc xml:id="o5156-123960"
             n="65-a-0340"
             ecep:lem=","
             ecep:pos=","
             ecep:reg=","
             ecep:spe=",">,</pc>
         <c> </c>
         <w xml:id="o5156-123970"
            n="65-a-0350"
            ecep:lem="and"
            ecep:pos="cc"
            ecep:reg="and"
            ecep:spe="and"
            ecep:syllab="1"
            ecep:pron="ænd">and</w>
         <c> </c>
         <w xml:id="o5156-123980"
            n="65-a-0360"
            ecep:lem="long"
            ecep:pos="vvz"
            ecep:reg="longs"
            ecep:spe="longs"
            ecep:syllab="1"
            ecep:pron="lɒŋz">longs</w>
         <c> </c>
         <w xml:id="o5156-123990"
            n="65-a-0370"
            ecep:lem="to"
            ecep:pos="pc-acp"
            ecep:reg="to"
            ecep:spe="to"
            ecep:syllab="1"
            ecep:pron="tuː">to</w>
         <c> </c>
         <w xml:id="o5156-124000"
            n="65-a-0380"
            ecep:lem="preach"
            ecep:pos="vvi"
            ecep:reg="preach"
            ecep:spe="preach"
            ecep:syllab="1"
            ecep:pron="priːtʃ">preach</w>
         <c> </c>
         <w xml:id="o5156-124010"
            n="65-a-0390"
            ecep:lem="in"
            ecep:pos="p-acp"
            ecep:reg="in"
            ecep:spe="in"
            ecep:syllab="1"
            ecep:pron="ɪn">in</w>
         <c> </c>
         <w xml:id="o5156-124020"
            n="65-a-0400"
            ecep:lem="town"
            ecep:pos="n1"
            ecep:reg="town"
            ecep:spe="town"
            ecep:syllab="1"
            ecep:pron="taʊn">town</w>
         <pc xml:id="o5156-124030"
             n="65-a-0410"
             unit="sentence"
             ecep:lem="."
             ecep:pos="."
             ecep:reg="."
             ecep:spe=".">.</pc>
      </l>
      <l xml:id="o5156-l07205">
         <w xml:id="o5156-124040"
            n="65-a-0420"
            ecep:lem="even"
            ecep:pos="av-j"
            ecep:reg="Even"
            ecep:spe="Ev'n"
            ecep:syllab="1"
            ecep:pron="ˈiːvn">Ev'n</w>
         <c> </c>
         <w xml:id="o5156-124050"
            n="65-a-0430"
            ecep:lem="westley"
            ecep:pos="npg1"
            ecep:reg="Westley's"
            ecep:spe="Westley's"
            ecep:syllab="2"
            ecep:pron="ˈwestliz">Westley's</w>
         <c> </c>
         <w xml:id="o5156-124060"
            n="65-a-0440"
            ecep:lem="saint"
            ecep:pos="n2"
            ecep:reg="saints"
            ecep:spe="saints"
            ecep:syllab="1"
            ecep:pron="seɪnts">saints</w>
         <pc xml:id="o5156-124070"
             n="65-a-0450"
             ecep:lem=","
             ecep:pos=","
             ecep:reg=","
             ecep:spe=",">,</pc>
         <c> </c>
         <w xml:id="o5156-124080"
            n="65-a-0460"
            ecep:lem="who"
            ecep:pos="r-crq"
            ecep:reg="whose"
            ecep:spe="whose"
            ecep:syllab="1"
            ecep:pron="huːz">whose</w>
         <c> </c>
         <w xml:id="o5156-124090"
            n="65-a-0470"
            ecep:lem="cant"
            ecep:pos="vvb"
            ecep:reg="cant"
            ecep:spe="cant"
            ecep:syllab="1"
            ecep:pron="kænt">cant</w>
         <c> </c>
         <w xml:id="o5156-124100"
            n="65-a-0480"
            ecep:lem="have"
            ecep:pos="vhz"
            ecep:reg="has"
            ecep:spe="has"
            ecep:syllab="1"
            ecep:pron="hæz">has</w>
         <c> </c>
         <w xml:id="o5156-124110"
            n="65-a-0490"
            ecep:lem="fill"
            ecep:pos="vvn"
            ecep:reg="filled"
            ecep:spe="fill'd"
            ecep:syllab="1"
            ecep:pron="fɪld">fill'd</w>
         <c> </c>
         <w xml:id="o5156-124120"
            n="65-a-0500"
            ecep:lem="the"
            ecep:pos="dt"
            ecep:reg="the"
            ecep:spe="the"
            ecep:syllab="1"
            ecep:pron="ðiː">the</w>
         <c> </c>
         <w xml:id="o5156-124130"
            n="65-a-0510"
            ecep:lem="nation"
            ecep:pos="n1"
            ecep:reg="nation"
            ecep:spe="nation"
            ecep:syllab="2"
            ecep:pron="ˈneɪʃn">nation</w>
         <pc xml:id="o5156-124140"
             n="65-a-0520"
             ecep:lem=","
             ecep:pos=","
             ecep:reg=","
             ecep:spe=",">,</pc>
      </l>
      <l xml:id="o5156-l07210">
         <w xml:id="o5156-124150"
            n="65-a-0530"
            ecep:lem="toil"
            ecep:pos="vvb"
            ecep:reg="Toil"
            ecep:spe="Toil"
            ecep:syllab="1"
            ecep:pron="tɔɪl">Toil</w>
         <c> </c>
         <w xml:id="o5156-124160"
            n="65-a-0540"
            ecep:lem="more"
            ecep:pos="av-dc"
            ecep:reg="more"
            ecep:spe="more"
            ecep:syllab="1"
            ecep:pron="mɔː">more</w>
         <c> </c>
         <w xml:id="o5156-124170"
            n="65-a-0550"
            ecep:lem="for"
            ecep:pos="p-acp"
            ecep:reg="for"
            ecep:spe="for"
            ecep:syllab="1"
            ecep:pron="fɔː">for</w>
         <c> </c>
         <w xml:id="o5156-124180"
            n="65-a-0560"
            ecep:lem="fame"
            ecep:pos="n1"
            ecep:reg="fame"
            ecep:spe="fame"
            ecep:syllab="1"
            ecep:pron="feɪm">fame</w>
         <pc xml:id="o5156-124190"
             n="65-a-0570"
             ecep:lem=","
             ecep:pos=","
             ecep:reg=","
             ecep:spe=",">,</pc>
         <c> </c>
         <w xml:id="o5156-124200"
            n="65-a-0580"
            ecep:lem="i"
            ecep:pos="pns11"
            ecep:reg="I"
            ecep:spe="I"
            ecep:syllab="1"
            ecep:pron="aɪ">I</w>
         <c> </c>
         <w xml:id="o5156-124210"
            n="65-a-0590"
            ecep:lem="trow"
            ecep:pos="vvb"
            ecep:reg="trow"
            ecep:spe="trow"
            ecep:syllab="1"
            ecep:pron="trəʊ">trow</w>
         <pc xml:id="o5156-124220"
             n="65-a-0600"
             ecep:lem=","
             ecep:pos=","
             ecep:reg=","
             ecep:spe=",">,</pc>
         <c> </c>
         <w xml:id="o5156-124230"
            n="65-a-0610"
            ecep:lem="than"
            ecep:pos="cs"
            ecep:reg="than"
            ecep:spe="than"
            ecep:syllab="1"
            ecep:pron="ðæn">than</w>
         <c> </c>
         <w xml:id="o5156-124240"
            n="65-a-0620"
            ecep:lem="reformation"
            ecep:pos="n1"
            ecep:reg="reformation"
            ecep:spe="reformation"
            ecep:syllab="4"
            ecep:pron="ˌrefəˈmeɪʃn">reformation</w>
         <pc xml:id="o5156-124250"
             n="65-a-0630"
             unit="sentence"
             ecep:lem="."
             ecep:pos="."
             ecep:reg="."
             ecep:spe=".">.</pc>
      </l>
   </lg>
   <lg xml:id="o5156-s01265">
      <l xml:id="o5156-l07215">
         <w xml:id="o5156-124280"
            n="65-a-0640"
            ecep:lem="b"
            ecep:pos="sy"
            ecep:reg="B"
            ecep:spe="B"
            ecep:syllab="1"
            ecep:pron="biː">B</w>
         <c> </c>
         <pc xml:id="o5156-124290"
             n="65-a-0650"
             ecep:lem="—"
             ecep:pos="—"
             ecep:reg="—"
             ecep:spe="—">—</pc>
         <pc xml:id="o5156-124300"
             n="65-a-0660"
             ecep:lem=","
             ecep:pos=","
             ecep:reg=","
             ecep:spe=",">,</pc>
         <c> </c>
         <w xml:id="o5156-124310"
            n="65-a-0670"
            ecep:lem="though"
            ecep:pos="c-acp"
            ecep:reg="though"
            ecep:spe="tho'"
            ecep:syllab="1"
            ecep:pron="ðəʊ">tho'</w>
         <c> </c>
         <w xml:id="o5156-124320"
            n="65-a-0680"
            ecep:lem="bless"
            ecep:pos="vvn"
            ecep:reg="blessed"
            ecep:spe="blest"
            ecep:syllab="1"
            ecep:pron="blest">blest</w>
         <c> </c>
         <w xml:id="o5156-124330"
            n="65-a-0690"
            ecep:lem="with"
            ecep:pos="p-acp"
            ecep:reg="with"
            ecep:spe="with"
            ecep:syllab="1"
            ecep:pron="wɪð">with</w>
         <c> </c>
         <w xml:id="o5156-124340"
            n="65-a-0700"
            ecep:lem="learning"
            ecep:pos="n1"
            ecep:reg="learning"
            ecep:spe="learning"
            ecep:syllab="2"
            ecep:pron="lɜːnɪŋ">learning</w>
         <pc xml:id="o5156-124350"
             n="65-a-0710"
             ecep:lem=","
             ecep:pos=","
             ecep:reg=","
             ecep:spe=",">,</pc>
         <c> </c>
         <w xml:id="o5156-124360"
            n="65-a-0720"
            ecep:lem="sense"
            ecep:pos="n1"
            ecep:reg="sense"
            ecep:spe="sense"
            ecep:syllab="1"
            ecep:pron="sens">sense</w>
         <c> </c>
         <w xml:id="o5156-124370"
            n="65-a-0730"
            ecep:lem="and"
            ecep:pos="cc"
            ecep:reg="and"
            ecep:spe="and"
            ecep:syllab="1"
            ecep:pron="ænd">and</w>
         <c> </c>
         <w xml:id="o5156-124380"
            n="65-a-0740"
            ecep:lem="wit"
            ecep:pos="n1"
            ecep:reg="wit"
            ecep:spe="wit"
            ecep:syllab="1"
            ecep:pron="wɪt">wit</w>
         <pc xml:id="o5156-124390"
             n="65-a-0750"
             ecep:lem=","
             ecep:pos=","
             ecep:reg=","
             ecep:spe=",">,</pc>
      </l>
      <l xml:id="o5156-l07220">
         <w xml:id="o5156-124400"
            n="65-a-0760"
            ecep:lem="yet"
            ecep:pos="av"
            ecep:reg="Yet"
            ecep:spe="Yet"
            ecep:syllab="1"
            ecep:pron="jet">Yet</w>
         <c> </c>
         <w xml:id="o5156-124410"
            n="65-a-0770"
            ecep:lem="pride"
            ecep:pos="n2"
            ecep:reg="prides"
            ecep:spe="prides"
            ecep:syllab="1"
            ecep:pron="praɪdz">prides</w>
         <c> </c>
         <w xml:id="o5156-124420"
            n="65-a-0780"
            ecep:lem="himself"
            ecep:pos="px31"
            ecep:reg="himself"
            ecep:spe="himself"
            ecep:syllab="2"
            ecep:pron="hɪmˈself">himself</w>
         <c> </c>
         <w xml:id="o5156-124430"
            n="65-a-0790"
            ecep:lem="in"
            ecep:pos="p-acp"
            ecep:reg="in"
            ecep:spe="in"
            ecep:syllab="1"
            ecep:pron="ɪn">in</w>
         <c> </c>
         <w xml:id="o5156-124440"
            n="65-a-0800"
            ecep:lem="never"
            ecep:pos="av-x"
            ecep:reg="never"
            ecep:spe="never"
            ecep:syllab="2"
            ecep:pron="ˈnevə">never</w>
         <c> </c>
         <w xml:id="o5156-124450"
            n="65-a-0810"
            ecep:lem="show"
            ecep:pos="vvg"
            ecep:reg="showing"
            ecep:spe="shewing"
            ecep:syllab="2"
            ecep:pron="ʃəʊɪŋ">shewing</w>
         <c> </c>
         <w xml:id="o5156-124460"
            n="65-a-0820"
            ecep:lem="it"
            ecep:pos="pn31"
            ecep:reg="it"
            ecep:spe="it"
            ecep:syllab="1"
            ecep:pron="ɪt">it</w>
         <pc xml:id="o5156-124470"
             n="65-a-0830"
             unit="sentence"
             ecep:lem="."
             ecep:pos="."
             ecep:reg="."
             ecep:spe=".">.</pc>
      </l>
      <l xml:id="o5156-l07225">
         <w xml:id="o5156-124480"
            n="65-a-0840"
            ecep:lem="safe"
            ecep:pos="av-j"
            ecep:reg="Safe"
            ecep:spe="Safe"
            ecep:syllab="1"
            ecep:pron="seɪf">Safe</w>
         <c> </c>
         <w xml:id="o5156-124490"
            n="65-a-0850"
            ecep:lem="in"
            ecep:pos="p-acp"
            ecep:reg="in"
            ecep:spe="in"
            ecep:syllab="1"
            ecep:pron="ɪn">in</w>
         <c> </c>
         <w xml:id="o5156-124500"
            n="65-a-0860"
            ecep:lem="his"
            ecep:pos="po31"
            ecep:reg="his"
            ecep:spe="his"
            ecep:syllab="1"
            ecep:pron="hɪz">his</w>
         <c> </c>
         <w xml:id="o5156-124510"
            n="65-a-0870"
            ecep:lem="cell"
            ecep:pos="n1"
            ecep:reg="cell"
            ecep:spe="cell"
            ecep:syllab="1"
            ecep:pron="sel">cell</w>
         <pc xml:id="o5156-124520"
             n="65-a-0880"
             ecep:lem=","
             ecep:pos=","
             ecep:reg=","
             ecep:spe=",">,</pc>
         <c> </c>
         <w xml:id="o5156-124530"
            n="65-a-0890"
            ecep:lem="he"
            ecep:pos="pns31"
            ecep:reg="he"
            ecep:spe="he"
            ecep:syllab="1"
            ecep:pron="hiː">he</w>
         <c> </c>
         <w xml:id="o5156-124540"
            n="65-a-0900"
            ecep:lem="shun"
            ecep:pos="vvz"
            ecep:reg="shuns"
            ecep:spe="shuns"
            ecep:syllab="1"
            ecep:pron="ʃʌnz">shuns</w>
         <c> </c>
         <w xml:id="o5156-124550"
            n="65-a-0910"
            ecep:lem="the"
            ecep:pos="dt"
            ecep:reg="the"
            ecep:spe="the"
            ecep:syllab="1"
            ecep:pron="ðiː">the</w>
         <c> </c>
         <w xml:id="o5156-124560"
            n="65-a-0920"
            ecep:lem="stare"
            ecep:pos="j-vvg"
            ecep:reg="staring"
            ecep:spe="staring"
            ecep:syllab="2"
            ecep:pron="steəɪŋ">staring</w>
         <c> </c>
         <w xml:id="o5156-124570"
            n="65-a-0930"
            ecep:lem="crowd"
            ecep:pos="n1"
            ecep:reg="crowd"
            ecep:spe="crowd"
            ecep:syllab="1"
            ecep:pron="kraʊd">crowd</w>
         <pc xml:id="o5156-124580"
             n="65-a-0940"
             ecep:lem=","
             ecep:pos=","
             ecep:reg=","
             ecep:spe=",">,</pc>
      </l>
      <l xml:id="o5156-l07230">
         <w xml:id="o5156-124590"
            n="65-a-0950"
            ecep:lem="and"
            ecep:pos="cc"
            ecep:reg="And"
            ecep:spe="And"
            ecep:syllab="1"
            ecep:pron="ænd">And</w>
         <c> </c>
         <w xml:id="o5156-124600"
            n="65-a-0960"
            ecep:lem="inward"
            ecep:pos="av-j"
            ecep:reg="inward"
            ecep:spe="inward"
            ecep:syllab="2"
            ecep:pron="ˈɪnwəd">inward</w>
         <c> </c>
         <w xml:id="o5156-124610"
            n="65-a-0970"
            ecep:lem="shine"
            ecep:pos="vvz"
            ecep:reg="shines"
            ecep:spe="shines"
            ecep:syllab="1"
            ecep:pron="ʃaɪnz">shines</w>
         <pc xml:id="o5156-124620"
             n="65-a-0980"
             ecep:lem=","
             ecep:pos=","
             ecep:reg=","
             ecep:spe=",">,</pc>
         <c> </c>
         <w xml:id="o5156-124630"
            n="65-a-0990"
            ecep:lem="like"
            ecep:pos="av-j"
            ecep:reg="like"
            ecep:spe="like"
            ecep:syllab="1"
            ecep:pron="laɪk">like</w>
         <c> </c>
         <w xml:id="o5156-124640"
            n="65-a-1000"
            ecep:lem="Sol"
            ecep:pos="np1"
            ecep:reg="Sol"
            ecep:spe="Sol"
            ecep:syllab="1"
            ecep:pron="sɒl">Sol</w>
         <c> </c>
         <w xml:id="o5156-124650"
            n="65-a-1010"
            ecep:lem="behind"
            ecep:pos="p-acp"
            ecep:reg="behind"
            ecep:spe="behind"
            ecep:syllab="2"
            ecep:pron="bɪˈhaɪnd">behind</w>
         <c> </c>
         <w xml:id="o5156-124660"
            n="65-a-1020"
            ecep:lem="a"
            ecep:pos="dt"
            ecep:reg="a"
            ecep:spe="a"
            ecep:syllab="1"
            ecep:pron="ə">a</w>
         <c> </c>
         <w xml:id="o5156-124670"
            n="65-a-1030"
            ecep:lem="cloud"
            ecep:pos="n1"
            ecep:reg="cloud"
            ecep:spe="cloud"
            ecep:syllab="1"
            ecep:pron="klaʊd">cloud</w>
         <pc xml:id="o5156-124680"
             n="65-a-1040"
             unit="sentence"
             ecep:lem="."
             ecep:pos="."
             ecep:reg="."
             ecep:spe=".">.</pc>
      </l>
      <l xml:id="o5156-l07235">
         <w xml:id="o5156-124690"
            n="65-a-1050"
            ecep:lem="for"
            ecep:pos="p-acp"
            ecep:reg="For"
            ecep:spe="For"
            ecep:syllab="1"
            ecep:pron="fɔː">For</w>
         <c> </c>
         <w xml:id="o5156-124700"
            n="65-a-1060"
            ecep:lem="fame"
            ecep:pos="n1"
            ecep:reg="fame"
            ecep:spe="fame"
            ecep:syllab="1"
            ecep:pron="feɪm">fame</w>
         <c> </c>
         <w xml:id="o5156-124710"
            n="65-a-1070"
            ecep:lem="let"
            ecep:pos="vvb"
            ecep:reg="let"
            ecep:spe="let"
            ecep:syllab="1"
            ecep:pron="let">let</w>
         <c> </c>
         <w xml:id="o5156-124720"
            n="65-a-1080"
            ecep:lem="fop"
            ecep:pos="n2"
            ecep:reg="fops"
            ecep:spe="fops"
            ecep:syllab="1"
            ecep:pron="fɒps">fops</w>
         <c> </c>
         <w xml:id="o5156-124730"
            n="65-a-1090"
            ecep:lem="to"
            ecep:pos="p-acp"
            ecep:reg="to"
            ecep:spe="to"
            ecep:syllab="1"
            ecep:pron="tuː">to</w>
         <c> </c>
         <w xml:id="o5156-124740"
            n="65-a-1100"
            ecep:lem="distant"
            ecep:pos="j"
            ecep:reg="distant"
            ecep:spe="distant"
            ecep:syllab="2"
            ecep:pron="ˈdɪstnt">distant</w>
         <c> </c>
         <w xml:id="o5156-124750"
            n="65-a-1110"
            ecep:lem="region"
            ecep:pos="n2"
            ecep:reg="regions"
            ecep:spe="regions"
            ecep:syllab="2"
            ecep:pron="ˈriːdʒnz">regions</w>
         <c> </c>
         <w xml:id="o5156-124760"
            n="65-a-1120"
            ecep:lem="roam"
            ecep:pos="vvi"
            ecep:reg="roam"
            ecep:spe="roam"
            ecep:syllab="1"
            ecep:pron="rəʊm">roam</w>
         <pc xml:id="o5156-124770"
             n="65-a-1130"
             ecep:lem=","
             ecep:pos=","
             ecep:reg=","
             ecep:spe=",">,</pc>
      </l>
      <l xml:id="o5156-l07240">
         <w xml:id="o5156-124780"
            n="65-a-1140"
            ecep:lem="lo"
            ecep:pos="uh"
            ecep:reg="Lo"
            ecep:spe="Lo"
            ecep:syllab="1"
            ecep:pron="ləʊ">Lo</w>
         <pc xml:id="o5156-124790"
             n="65-a-1150"
             ecep:lem="!"
             ecep:pos="!"
             ecep:reg="!"
             ecep:spe="!">!</pc>
         <c> </c>
         <w xml:id="o5156-124800"
            n="65-a-1160"
            ecep:lem="here|be"
            ecep:pos="av|vbz"
            ecep:reg="here's"
            ecep:spe="here's"
            ecep:syllab="1"
            ecep:pron="hɪəz">here's</w>
         <c> </c>
         <w xml:id="o5156-124810"
            n="65-a-1170"
            ecep:lem="the"
            ecep:pos="dt"
            ecep:reg="the"
            ecep:spe="the"
            ecep:syllab="1"
            ecep:pron="ðiː">the</w>
         <c> </c>
         <w xml:id="o5156-124820"
            n="65-a-1180"
            ecep:lem="man"
            ecep:pos="n1"
            ecep:reg="man"
            ecep:spe="man"
            ecep:syllab="1"
            ecep:pron="mæn">man</w>
         <c> </c>
         <pc xml:id="o5156-124830"
             n="65-a-1190"
             ecep:lem="—"
             ecep:pos="—"
             ecep:reg="—"
             ecep:spe="—">—</pc>
         <c> </c>
         <hi>
            <w xml:id="o5156-124840"
               n="65-a-1200"
               ecep:lem="who"
               ecep:pos="r-crq"
               ecep:reg="who"
               ecep:spe="who"
               ecep:syllab="1"
               ecep:pron="huː">who</w>
            <c> </c>
            <w xml:id="o5156-124850"
               n="65-a-1210"
               ecep:lem="never"
               ecep:pos="av-x"
               ecep:reg="never"
               ecep:spe="never"
               ecep:syllab="2"
               ecep:pron="ˈnevə">never</w>
            <c> </c>
            <w xml:id="o5156-124860"
               n="65-a-1220"
               ecep:lem="stir"
               ecep:pos="vvz"
               ecep:reg="stirs"
               ecep:spe="stirs"
               ecep:syllab="1"
               ecep:pron="stɜːz">stirs</w>
            <c> </c>
            <w xml:id="o5156-124870"
               n="65-a-1230"
               ecep:lem="from"
               ecep:pos="p-acp"
               ecep:reg="from"
               ecep:spe="from"
               ecep:syllab="1"
               ecep:pron="frɒm">from</w>
            <c> </c>
            <w xml:id="o5156-124880"
               n="65-a-1240"
               ecep:lem="home"
               ecep:pos="n1-an"
               ecep:reg="home"
               ecep:spe="home"
               ecep:syllab="1"
               ecep:pron="həʊm">home</w>
            <pc xml:id="o5156-124890"
                n="65-a-1250"
                unit="sentence"
                ecep:lem="!"
                ecep:pos="!"
                ecep:reg="!"
                ecep:spe="!">!</pc>
            <c> </c>
         </hi>
      </l>
      <l xml:id="o5156-l07245">
         <w xml:id="o5156-124900"
            n="65-a-1260"
            ecep:lem="that"
            ecep:pos="cst"
            ecep:reg="That"
            ecep:spe="That"
            ecep:syllab="1"
            ecep:pron="ðæt">That</w>
         <c> </c>
         <w xml:id="o5156-124910"
            n="65-a-1270"
            ecep:lem="unseen"
            ecep:pos="j"
            ecep:reg="unseen"
            ecep:spe="unseen"
            ecep:syllab="2"
            ecep:pron="ʌnˈsiːn">unseen</w>
         <c> </c>
         <w xml:id="o5156-124920"
            n="65-a-1280"
            ecep:lem="wight"
            ecep:pos="n1"
            ecep:reg="wight"
            ecep:spe="wight"
            ecep:syllab="1"
            ecep:pron="waɪt">wight</w>
         <pc xml:id="o5156-124930"
             n="65-a-1290"
             ecep:lem=","
             ecep:pos=","
             ecep:reg=","
             ecep:spe=",">,</pc>
         <c> </c>
         <w xml:id="o5156-124940"
            n="65-a-1300"
            ecep:lem="who"
            ecep:pos="r-crq"
            ecep:reg="whom"
            ecep:spe="whom"
            ecep:syllab="1"
            ecep:pron="huːm">whom</w>
         <c> </c>
         <w xml:id="o5156-124950"
            n="65-a-1310"
            ecep:lem="all"
            ecep:pos="d"
            ecep:reg="all"
            ecep:spe="all"
            ecep:syllab="1"
            ecep:pron="ɔːl">all</w>
         <c> </c>
         <w xml:id="o5156-124960"
            n="65-a-1320"
            ecep:lem="man"
            ecep:pos="n2"
            ecep:reg="men"
            ecep:spe="men"
            ecep:syllab="1"
            ecep:pron="men">men</w>
         <c> </c>
         <w xml:id="o5156-124970"
            n="65-a-1330"
            ecep:lem="wish"
            ecep:pos="vvb"
            ecep:reg="wish"
            ecep:spe="wish"
            ecep:syllab="1"
            ecep:pron="wɪʃ">wish</w>
         <c> </c>
         <w xml:id="o5156-124980"
            n="65-a-1340"
            ecep:lem="to"
            ecep:pos="pc-acp"
            ecep:reg="to"
            ecep:spe="to"
            ecep:syllab="1"
            ecep:pron="tuː">to</w>
         <c> </c>
         <w xml:id="o5156-124990"
            n="65-a-1350"
            ecep:lem="see"
            ecep:pos="vvi"
            ecep:reg="see"
            ecep:spe="see"
            ecep:syllab="1"
            ecep:pron="siː">see</w>
         <pc xml:id="o5156-125000"
             n="65-a-1360"
             ecep:lem=","
             ecep:pos=","
             ecep:reg=","
             ecep:spe=",">,</pc>
      </l>
      <l xml:id="o5156-l07250">
         <w xml:id="o5156-125010"
            n="65-a-1370"
            ecep:lem="illustrious"
            ecep:pos="j"
            ecep:reg="Illustrious"
            ecep:spe="Illustrious"
            ecep:syllab="4"
            ecep:pron="ɪˈlʌstriəs">Illustrious</w>
         <c> </c>
         <w xml:id="o5156-125020"
            n="65-a-1380"
            ecep:lem="groan"
            ecep:pos="n1"
            ecep:reg="grown"
            ecep:spe="grown"
            ecep:syllab="1"
            ecep:pron="grəʊn">grown</w>
         <c> </c>
         <pc xml:id="o5156-125030"
             n="65-a-1390"
             ecep:lem="—"
             ecep:pos="—"
             ecep:reg="—"
             ecep:spe="—">—</pc>
         <c> </c>
         <w xml:id="o5156-125040"
            n="65-a-1400"
            ecep:lem="by"
            ecep:pos="p-acp"
            ecep:reg="by"
            ecep:spe="by"
            ecep:syllab="1"
            ecep:pron="baɪ">by</w>
         <c> </c>
         <w xml:id="o5156-125050"
            n="65-a-1410"
            ecep:lem="mere"
            ecep:pos="j"
            ecep:reg="mere"
            ecep:spe="mere"
            ecep:syllab="1"
            ecep:pron="mɪə">mere</w>
         <c> </c>
         <w xml:id="o5156-125060"
            n="65-a-1420"
            ecep:lem="obscurity"
            ecep:pos="n1"
            ecep:reg="obscurity"
            ecep:spe="obscurity"
            ecep:syllab="4"
            ecep:pron="əbˈskjʊərəti">obscurity</w>
         <pc xml:id="o5156-125070"
             n="65-a-1430"
             unit="sentence"
             ecep:lem="."
             ecep:pos="."
             ecep:reg="."
             ecep:spe=".">.</pc>
      </l>
   </lg>
</div>
