<?xml version="1.0" encoding="UTF-8"?>
<div xmlns:ecep="http://www.eighteenthcenturypoetry.org/ns"
     xmlns="http://www.tei-c.org/ns/1.0"
     xmlns:tei="http://www.tei-c.org/ns/1.0"
     ana="#iamb #tetrameter #trimeter #quatrain #cross #occasional"
     corresp="#txt_BarbMa1685_w0104"
     decls="#semi-normalized"
     ecep:syllab="8.6.8.6"
     met="-+|-+|-+|-+/ -+|-+|-+/ -+|-+|-+|-+/ -+|-+|-+/"
     rendition="#lgvspace"
     rhyme="abab"
     subtype="eceptext"
     type="poem"
     xml:id="pba35-w1140">
   <link target="authors.xml#aut_BarbMa1685" type="author"/>
   <link target="11632" type="DMI"/>
   <head type="main">
      <w xml:id="pba35-287960"
         n="a-0010"
         ecep:lem="to"
         ecep:pos="p-acp"
         ecep:reg="To"
         ecep:spe="To"
         ecep:syllab="1"
         ecep:pron="tuː">To</w>
      <c> </c>
      <w xml:id="pba35-287970"
         n="a-0020"
         ecep:lem="a"
         ecep:pos="dt"
         ecep:reg="a"
         ecep:spe="a"
         ecep:syllab="1"
         ecep:pron="ə">a</w>
      <c> </c>
      <w xml:id="pba35-287980"
         n="a-0030"
         ecep:lem="lady"
         ecep:pos="n1"
         ecep:reg="Lady"
         ecep:spe="Lady"
         ecep:syllab="2"
         ecep:pron="ˈleɪdi">Lady</w>
      <pc xml:id="pba35-287990"
          n="a-0040"
          ecep:lem=","
          ecep:pos=","
          ecep:reg=","
          ecep:spe=",">,</pc>
      <c> </c>
      <w xml:id="pba35-288000"
         n="a-0050"
         ecep:lem="who"
         ecep:pos="r-crq"
         ecep:reg="who"
         ecep:spe="who"
         ecep:syllab="1"
         ecep:pron="huː">who</w>
      <c> </c>
      <w xml:id="pba35-288010"
         n="a-0060"
         ecep:lem="value"
         ecep:pos="vvd"
         ecep:reg="valued"
         ecep:spe="valu'd"
         ecep:syllab="2"
         ecep:pron="ˈvæljuːd">valu'd</w>
      <c> </c>
      <w xml:id="pba35-288020"
         n="a-0070"
         ecep:lem="herself"
         ecep:pos="px31"
         ecep:reg="herself"
         ecep:spe="herself"
         ecep:syllab="2"
         ecep:pron="həˈself">herself</w>
      <c> </c>
      <w xml:id="pba35-288030"
         n="a-0080"
         ecep:lem="on"
         ecep:pos="p-acp"
         ecep:reg="on"
         ecep:spe="on"
         ecep:syllab="1"
         ecep:pron="ɒn">on</w>
      <c> </c>
      <w xml:id="pba35-288040"
         n="a-0090"
         ecep:lem="speak"
         ecep:pos="vvg"
         ecep:reg="speaking"
         ecep:spe="speaking"
         ecep:syllab="2"
         ecep:pron="spiːkɪŋ">speaking</w>
      <c> </c>
      <w xml:id="pba35-288050"
         n="a-0100"
         ecep:lem="her"
         ecep:pos="po31"
         ecep:reg="her"
         ecep:spe="her"
         ecep:syllab="1"
         ecep:pron="hɜː">her</w>
      <c> </c>
      <w xml:id="pba35-288060"
         n="a-0110"
         ecep:lem="mind"
         ecep:pos="n1"
         ecep:reg="Mind"
         ecep:spe="Mind"
         ecep:syllab="1"
         ecep:pron="maɪnd">Mind</w>
      <c> </c>
      <w xml:id="pba35-288070"
         n="a-0120"
         ecep:lem="in"
         ecep:pos="p-acp"
         ecep:reg="in"
         ecep:spe="in"
         ecep:syllab="1"
         ecep:pron="ɪn">in</w>
      <c> </c>
      <w xml:id="pba35-288080"
         n="a-0130"
         ecep:lem="a"
         ecep:pos="dt"
         ecep:reg="a"
         ecep:spe="a"
         ecep:syllab="1"
         ecep:pron="ə">a</w>
      <c> </c>
      <w xml:id="pba35-288090"
         n="a-0140"
         ecep:lem="blunt"
         ecep:pos="j"
         ecep:reg="blunt"
         ecep:spe="blunt"
         ecep:syllab="1"
         ecep:pron="blʌnt">blunt</w>
      <c> </c>
      <w xml:id="pba35-288100"
         n="a-0150"
         ecep:lem="manner"
         ecep:pos="n1"
         ecep:reg="Manner"
         ecep:spe="Manner"
         ecep:syllab="2"
         ecep:pron="ˈmænə">Manner</w>
      <pc xml:id="pba35-288110"
          n="a-0160"
          ecep:lem=","
          ecep:pos=","
          ecep:reg=","
          ecep:spe=",">,</pc>
      <c> </c>
      <w xml:id="pba35-288120"
         n="a-0170"
         ecep:lem="which"
         ecep:pos="r-crq"
         ecep:reg="which"
         ecep:spe="which"
         ecep:syllab="1"
         ecep:pron="wɪtʃ">which</w>
      <c> </c>
      <w xml:id="pba35-288130"
         n="a-0180"
         ecep:lem="she"
         ecep:pos="pns31"
         ecep:reg="she"
         ecep:spe="she"
         ecep:syllab="1"
         ecep:pron="ʃiː">she</w>
      <c> </c>
      <w xml:id="pba35-288140"
         n="a-0190"
         ecep:lem="call"
         ecep:pos="vvd"
         ecep:reg="called"
         ecep:spe="call'd"
         ecep:syllab="1"
         ecep:pron="kɔːld">call'd</w>
      <c> </c>
      <w xml:id="pba35-288150"
         n="a-0200"
         ecep:lem="be"
         ecep:pos="vbg"
         ecep:reg="being"
         ecep:spe="being"
         ecep:syllab="2"
         ecep:pron="ˈbiːɪŋ">being</w>
      <c> </c>
      <w xml:id="pba35-288160"
         n="a-0210"
         ecep:lem="sincere"
         ecep:pos="j"
         ecep:reg="sincere"
         ecep:spe="sincere"
         ecep:syllab="2"
         ecep:pron="sɪnˈsɪə">sincere</w>
      <pc xml:id="pba35-288170"
          n="a-0220"
          unit="sentence"
          ecep:lem="."
          ecep:pos="."
          ecep:reg="."
          ecep:spe=".">.</pc>
   </head>
   <lg xml:id="pba35-s01810">
      <l n="1" xml:id="pba35-l14550">
         <hi rendition="#sc">
            <w xml:id="pba35-288200"
               n="a-0230"
               ecep:lem="well"
               ecep:pos="uh-av"
               ecep:reg="Well"
               ecep:spe="Well"
               ecep:syllab="1"
               ecep:pron="wel">Well</w>
         </hi>
         <c> </c>
         <w xml:id="pba35-288210"
            n="a-0240"
            ecep:lem="you"
            ecep:pos="pn22"
            ecep:reg="you"
            ecep:spe="you"
            ecep:syllab="1"
            ecep:pron="juː">you</w>
         <c> </c>
         <hi>
            <w xml:id="pba35-288220"
               n="a-0250"
               ecep:lem="sincerity"
               ecep:pos="n1"
               ecep:reg="Sincerity"
               ecep:spe="Sincerity"
               ecep:syllab="4"
               ecep:pron="sɪnˈserəti">Sincerity</w>
         </hi>
         <c> </c>
         <w xml:id="pba35-288230"
            n="a-0260"
            ecep:lem="display"
            ecep:pos="n1"
            ecep:reg="display"
            ecep:spe="display"
            ecep:syllab="2"
            ecep:pron="dɪˈspleɪ">display</w>
         <pc xml:id="pba35-288240"
             n="a-0270"
             ecep:lem=","
             ecep:pos=","
             ecep:reg=","
             ecep:spe=",">,</pc>
      </l>
      <l n="2" rendition="#h_3" xml:id="pba35-l14555">
         <c> </c>
         <w xml:id="pba35-288250"
            n="a-0280"
            ecep:lem="a"
            ecep:pos="dt"
            ecep:reg="A"
            ecep:spe="A"
            ecep:syllab="1"
            ecep:pron="ə">A</w>
         <c> </c>
         <w xml:id="pba35-288260"
            n="a-0290"
            ecep:lem="virtue"
            ecep:pos="n1"
            ecep:reg="Virtue"
            ecep:spe="Virtue"
            ecep:syllab="2"
            ecep:pron="ˈvɜːtʃuː">Virtue</w>
         <c> </c>
         <w xml:id="pba35-288270"
            n="a-0300"
            ecep:lem="wondrous"
            ecep:pos="j"
            ecep:reg="wondrous"
            ecep:spe="wond'rous"
            ecep:syllab="2"
            ecep:pron="ˈwʌndrəs">wond'rous</w>
         <c> </c>
         <w xml:id="pba35-288280"
            n="a-0310"
            ecep:lem="rare"
            ecep:pos="j"
            ecep:reg="rare"
            ecep:spe="rare"
            ecep:syllab="1"
            ecep:pron="reə">rare</w>
         <pc xml:id="pba35-288290"
             n="a-0320"
             unit="sentence"
             ecep:lem="!"
             ecep:pos="!"
             ecep:reg="!"
             ecep:spe="!">!</pc>
         <c> </c>
      </l>
      <l n="3" xml:id="pba35-l14560">
         <w xml:id="pba35-288300"
            n="a-0330"
            ecep:lem="nor"
            ecep:pos="ccx"
            ecep:reg="Nor"
            ecep:spe="Nor"
            ecep:syllab="1"
            ecep:pron="nɔː">Nor</w>
         <c> </c>
         <w xml:id="pba35-288310"
            n="a-0340"
            ecep:lem="value"
            ecep:pos="n1"
            ecep:reg="value"
            ecep:spe="value"
            ecep:syllab="2"
            ecep:pron="ˈvæljuː">value</w>
         <pc xml:id="pba35-288320"
             n="a-0350"
             ecep:lem=","
             ecep:pos=","
             ecep:reg=","
             ecep:spe=",">,</pc>
         <c> </c>
         <w xml:id="pba35-288330"
            n="a-0360"
            ecep:lem="though"
            ecep:pos="c-acp"
            ecep:reg="though"
            ecep:spe="tho'"
            ecep:syllab="1"
            ecep:pron="ðəʊ">tho'</w>
         <c> </c>
         <w xml:id="pba35-288340"
            n="a-0370"
            ecep:lem="the"
            ecep:pos="dt"
            ecep:reg="the"
            ecep:spe="the"
            ecep:syllab="1"
            ecep:pron="ðiː">the</w>
         <c> </c>
         <w xml:id="pba35-288350"
            n="a-0380"
            ecep:lem="world"
            ecep:pos="n1"
            ecep:reg="World"
            ecep:spe="World"
            ecep:syllab="1"
            ecep:pron="wɜːld">World</w>
         <c> </c>
         <w xml:id="pba35-288360"
            n="a-0390"
            ecep:lem="shall"
            ecep:pos="vmd"
            ecep:reg="should"
            ecep:spe="should"
            ecep:syllab="1"
            ecep:pron="ʃʊd">should</w>
         <c> </c>
         <w xml:id="pba35-288370"
            n="a-0400"
            ecep:lem="say"
            ecep:pos="vvi"
            ecep:reg="say"
            ecep:spe="say"
            ecep:syllab="1"
            ecep:pron="seɪ">say</w>
         <pc xml:id="pba35-288380"
             n="a-0410"
             ecep:lem=","
             ecep:pos=","
             ecep:reg=","
             ecep:spe=",">,</pc>
      </l>
      <l n="4" rendition="#h_3" xml:id="pba35-l14565">
         <c> </c>
         <w xml:id="pba35-288390"
            n="a-0420"
            ecep:lem="you|be"
            ecep:pos="pn22|vbb"
            ecep:reg="You're"
            ecep:spe="You're"
            ecep:syllab="1"
            ecep:pron="jɔː">You're</w>
         <c> </c>
         <hi>
            <w xml:id="pba35-288400"
               n="a-0430"
               ecep:lem="rude"
               ecep:pos="j"
               ecep:reg="rude"
               ecep:spe="rude"
               ecep:syllab="1"
               ecep:pron="ruːd">rude</w>
         </hi>
         <pc xml:id="pba35-288410"
             n="a-0440"
             ecep:lem=","
             ecep:pos=","
             ecep:reg=","
             ecep:spe=",">,</pc>
         <c> </c>
         <w xml:id="pba35-288420"
            n="a-0450"
            ecep:lem="so"
            ecep:pos="av"
            ecep:reg="so"
            ecep:spe="so"
            ecep:syllab="1"
            ecep:pron="səʊ">so</w>
         <c> </c>
         <w xml:id="pba35-288430"
            n="a-0460"
            ecep:lem="you|be"
            ecep:pos="pn22|vbr"
            ecep:reg="you're"
            ecep:spe="you're"
            ecep:syllab="1"
            ecep:pron="jɔː">you're</w>
         <c> </c>
         <hi>
            <w xml:id="pba35-288440"
               n="a-0470"
               ecep:lem="sincere"
               ecep:pos="j"
               ecep:reg="sincere"
               ecep:spe="sincere"
               ecep:syllab="2"
               ecep:pron="sɪnˈsɪə">sincere</w>
            <pc xml:id="pba35-288450"
                n="a-0480"
                unit="sentence"
                ecep:lem="."
                ecep:pos="."
                ecep:reg="."
                ecep:spe=".">.</pc>
            <c> </c>
         </hi>
      </l>
   </lg>
   <lg xml:id="pba35-s01815">
      <l n="5" xml:id="pba35-l14570">
         <w xml:id="pba35-288480"
            n="a-0490"
            ecep:lem="to"
            ecep:pos="p-acp"
            ecep:reg="To"
            ecep:spe="To"
            ecep:syllab="1"
            ecep:pron="tuː">To</w>
         <c> </c>
         <w xml:id="pba35-288490"
            n="a-0500"
            ecep:lem="be"
            ecep:pos="vbi"
            ecep:reg="be"
            ecep:spe="be"
            ecep:syllab="1"
            ecep:pron="biː">be</w>
         <c> </c>
         <hi>
            <w xml:id="pba35-288500"
               n="a-0510"
               ecep:lem="sincere"
               ecep:pos="j"
               ecep:reg="sincere"
               ecep:spe="sincere"
               ecep:syllab="2"
               ecep:pron="sɪnˈsɪə">sincere</w>
         </hi>
         <pc xml:id="pba35-288510"
             n="a-0520"
             ecep:lem=","
             ecep:pos=","
             ecep:reg=","
             ecep:spe=",">,</pc>
         <c> </c>
         <w xml:id="pba35-288520"
            n="a-0530"
            ecep:lem="then"
            ecep:pos="av"
            ecep:reg="then"
            ecep:spe="then"
            ecep:syllab="1"
            ecep:pron="ðen">then</w>
         <pc xml:id="pba35-288530"
             n="a-0540"
             ecep:lem=","
             ecep:pos=","
             ecep:reg=","
             ecep:spe=",">,</pc>
         <c> </c>
         <w xml:id="pba35-288540"
            n="a-0550"
            ecep:lem="give"
            ecep:pos="vvb"
            ecep:reg="give"
            ecep:spe="give"
            ecep:syllab="1"
            ecep:pron="gɪv">give</w>
         <c> </c>
         <hi>
            <w xml:id="pba35-288550"
               n="a-0560"
               ecep:lem="i"
               ecep:pos="pno11"
               ecep:reg="me"
               ecep:spe="me"
               ecep:syllab="1"
               ecep:pron="miː">me</w>
         </hi>
         <c> </c>
         <w xml:id="pba35-288560"
            n="a-0570"
            ecep:lem="leave"
            ecep:pos="vvi"
            ecep:reg="leave"
            ecep:spe="leave"
            ecep:syllab="1"
            ecep:pron="liːv">leave</w>
         <pc xml:id="pba35-288570"
             n="a-0580"
             ecep:lem=";"
             ecep:pos=";"
             ecep:reg=";"
             ecep:spe=";">;</pc>
      </l>
      <l n="6" rendition="#h_3" xml:id="pba35-l14575">
         <c> </c>
         <w xml:id="pba35-288580"
            n="a-0590"
            ecep:lem="and"
            ecep:pos="cc"
            ecep:reg="And"
            ecep:spe="And"
            ecep:syllab="1"
            ecep:pron="ænd">And</w>
         <c> </c>
         <w xml:id="pba35-288590"
            n="a-0600"
            ecep:lem="i"
            ecep:pos="pns11"
            ecep:reg="I"
            ecep:spe="I"
            ecep:syllab="1"
            ecep:pron="aɪ">I</w>
         <c> </c>
         <w xml:id="pba35-288600"
            n="a-0610"
            ecep:lem="will"
            ecep:pos="vmb"
            ecep:reg="will"
            ecep:spe="will"
            ecep:syllab="1"
            ecep:pron="wɪl">will</w>
         <c> </c>
         <w xml:id="pba35-288610"
            n="a-0620"
            ecep:lem="frank"
            ecep:pos="av-j"
            ecep:reg="frankly"
            ecep:spe="frankly"
            ecep:syllab="2"
            ecep:pron="fræŋkli">frankly</w>
         <c> </c>
         <w xml:id="pba35-288620"
            n="a-0630"
            ecep:lem="own"
            ecep:pos="vvi"
            ecep:reg="own"
            ecep:spe="own"
            ecep:syllab="1"
            ecep:pron="əʊn">own</w>
         <pc xml:id="pba35-288630"
             n="a-0640"
             ecep:lem=","
             ecep:pos=","
             ecep:reg=","
             ecep:spe=",">,</pc>
      </l>
      <l n="7" xml:id="pba35-l14580">
         <c> </c>
         <w xml:id="pba35-288640"
            n="a-0650"
            ecep:lem="since"
            ecep:pos="c-acp"
            ecep:reg="Since"
            ecep:spe="Since"
            ecep:syllab="1"
            ecep:pron="sɪns">Since</w>
         <c> </c>
         <w xml:id="pba35-288650"
            n="a-0660"
            ecep:lem="you"
            ecep:pos="pn22"
            ecep:reg="you"
            ecep:spe="you"
            ecep:syllab="1"
            ecep:pron="juː">you</w>
         <c> </c>
         <w xml:id="pba35-288660"
            n="a-0670"
            ecep:lem="but"
            ecep:pos="p-acp"
            ecep:reg="but"
            ecep:spe="but"
            ecep:syllab="1"
            ecep:pron="bʌt">but</w>
         <c> </c>
         <w xml:id="pba35-288670"
            n="a-0680"
            ecep:lem="this"
            ecep:pos="d"
            ecep:reg="this"
            ecep:spe="this"
            ecep:syllab="1"
            ecep:pron="ðɪs">this</w>
         <c> </c>
         <hi>
            <w xml:id="pba35-288680"
               n="a-0690"
               ecep:lem="one"
               ecep:pos="crd"
               ecep:reg="one"
               ecep:spe="one"
               ecep:syllab="1"
               ecep:pron="wʌn">one</w>
         </hi>
         <c> </c>
         <w xml:id="pba35-288690"
            n="a-0700"
            ecep:lem="virtue"
            ecep:pos="n1"
            ecep:reg="Virtue"
            ecep:spe="Virtue"
            ecep:syllab="2"
            ecep:pron="ˈvɜːtʃuː">Virtue</w>
         <c> </c>
         <w xml:id="pba35-288700"
            n="a-0710"
            ecep:lem="have"
            ecep:pos="vhi"
            ecep:reg="have"
            ecep:spe="have"
            ecep:syllab="1"
            ecep:pron="hæv">have</w>
         <pc xml:id="pba35-288710"
             n="a-0720"
             ecep:lem=","
             ecep:pos=","
             ecep:reg=","
             ecep:spe=",">,</pc>
      </l>
      <l n="8" rendition="#h_3" xml:id="pba35-l14585">
         <c> </c>
         <w xml:id="pba35-288720"
            n="a-0730"
            ecep:lem="it|be"
            ecep:pos="pn31|vbdr"
            ecep:reg="'Twere"
            ecep:spe="'Twere"
            ecep:syllab="1"
            ecep:pron="twɜː">'Twere</w>
         <c> </c>
         <w xml:id="pba35-288730"
            n="a-0740"
            ecep:lem="better"
            ecep:pos="av-jc"
            ecep:reg="better"
            ecep:spe="better"
            ecep:syllab="2"
            ecep:pron="ˈbetə">better</w>
         <c> </c>
         <w xml:id="pba35-288740"
            n="a-0750"
            ecep:lem="you"
            ecep:pos="pn22"
            ecep:reg="you"
            ecep:spe="you"
            ecep:syllab="1"
            ecep:pron="juː">you</w>
         <c> </c>
         <w xml:id="pba35-288750"
            n="a-0760"
            ecep:lem="have"
            ecep:pos="vhd"
            ecep:reg="had"
            ecep:spe="had"
            ecep:syllab="1"
            ecep:pron="hæd">had</w>
         <c> </c>
         <hi>
            <w xml:id="pba35-288760"
               n="a-0770"
               ecep:lem="none"
               ecep:pos="pix"
               ecep:reg="none"
               ecep:spe="none"
               ecep:syllab="1"
               ecep:pron="nəʊn">none</w>
            <pc xml:id="pba35-288770"
                n="a-0780"
                unit="sentence"
                ecep:lem="."
                ecep:pos="."
                ecep:reg="."
                ecep:spe=".">.</pc>
            <c> </c>
         </hi>
      </l>
   </lg>
</div>
