<?xml version="1.0" encoding="UTF-8"?>
<div xmlns:ecep="http://www.eighteenthcenturypoetry.org/ns"
     xmlns="http://www.tei-c.org/ns/1.0"
     xmlns:tei="http://www.tei-c.org/ns/1.0"
     ana="#anapaest #tetrameter #pair #quatrain #acephal #song"
     corresp="#txt_BlamSu1747_w0043"
     decls="#semi-normalized"
     ecep:syllab="12.12.12.12"
     met="--+|--+|--+|--+/ --+|--+|--+|--+/ --+|--+|--+|--+/ --+|--+|--+|--+/"
     rendition="#lgvspace"
     rhyme="aabb"
     subtype="eceptext"
     type="poem"
     xml:id="bsb18-w0430">
   <link target="authors.xml#aut_BlamSu1747" type="author"/>
   <head type="main">
      <w xml:id="bsb18-562010"
         n="a-0010"
         ecep:lem="in"
         ecep:pos="p-acp"
         ecep:reg="IN"
         ecep:spe="IN"
         ecep:syllab="1"
         ecep:pron="ɪn">IN</w>
      <c> </c>
      <w xml:id="bsb18-562020"
         n="a-0020"
         ecep:lem="the"
         ecep:pos="dt"
         ecep:reg="THE"
         ecep:spe="THE"
         ecep:syllab="1"
         ecep:pron="ðiː">THE</w>
      <c> </c>
      <w xml:id="bsb18-562030"
         n="a-0030"
         ecep:lem="search"
         ecep:pos="vvb"
         ecep:reg="SEARCH"
         ecep:spe="SEARCH"
         ecep:syllab="1"
         ecep:pron="sɜːtʃ">SEARCH</w>
      <c> </c>
      <w xml:id="bsb18-562040"
         n="a-0040"
         ecep:lem="of"
         ecep:pos="pp-f"
         ecep:reg="OF"
         ecep:spe="OF"
         ecep:syllab="1"
         ecep:pron="ɒv">OF</w>
      <c> </c>
      <w xml:id="bsb18-562050"
         n="a-0050"
         ecep:lem="good"
         ecep:pos="j"
         ecep:reg="GOOD"
         ecep:spe="GOOD"
         ecep:syllab="1"
         ecep:pron="gʊd">GOOD</w>
      <c> </c>
      <w xml:id="bsb18-562060"
         n="a-0060"
         ecep:lem="humour"
         ecep:pos="n1"
         ecep:reg="HUMOUR"
         ecep:spe="HUMOUR"
         ecep:syllab="2"
         ecep:pron="ˈhjuːmə">HUMOUR</w>
      <pc xml:id="bsb18-562070"
          n="a-0070"
          unit="sentence"
          ecep:lem="."
          ecep:pos="."
          ecep:reg="."
          ecep:spe=".">.</pc>
   </head>
   <lg xml:id="bsb18-s01195">
      <l xml:id="bsb18-l25140">
         <w xml:id="bsb18-562100"
            n="a-0080"
            ecep:lem="in"
            ecep:pos="p-acp"
            ecep:reg="IN"
            ecep:spe="IN"
            ecep:syllab="1"
            ecep:pron="ɪn">IN</w>
         <c> </c>
         <w xml:id="bsb18-562110"
            n="a-0090"
            ecep:lem="the"
            ecep:pos="dt"
            ecep:reg="the"
            ecep:spe="the"
            ecep:syllab="1"
            ecep:pron="ðiː">the</w>
         <c> </c>
         <w xml:id="bsb18-562120"
            n="a-0100"
            ecep:lem="search"
            ecep:pos="n1"
            ecep:reg="search"
            ecep:spe="search"
            ecep:syllab="1"
            ecep:pron="sɜːtʃ">search</w>
         <c> </c>
         <w xml:id="bsb18-562130"
            n="a-0110"
            ecep:lem="of"
            ecep:pos="pp-f"
            ecep:reg="of"
            ecep:spe="of"
            ecep:syllab="1"
            ecep:pron="ɒv">of</w>
         <c> </c>
         <w xml:id="bsb18-562140"
            n="a-0120"
            ecep:lem="good"
            ecep:pos="j"
            ecep:reg="good"
            ecep:spe="good"
            ecep:syllab="1"
            ecep:pron="gʊd">good</w>
         <c> </c>
         <w xml:id="bsb18-562150"
            n="a-0130"
            ecep:lem="humour"
            ecep:pos="n1"
            ecep:reg="humour"
            ecep:spe="humour"
            ecep:syllab="2"
            ecep:pron="ˈhjuːmə">humour</w>
         <c> </c>
         <w xml:id="bsb18-562160"
            n="a-0140"
            ecep:lem="i|have"
            ecep:pos="pns11|vhb"
            ecep:reg="I've"
            ecep:spe="I've"
            ecep:syllab="1"
            ecep:pron="ˈaɪv">I've</w>
         <c> </c>
         <w xml:id="bsb18-562170"
            n="a-0150"
            ecep:lem="ramble"
            ecep:pos="vvn"
            ecep:reg="rambled"
            ecep:spe="rambl'd"
            ecep:syllab="1"
            ecep:pron="ˈræmbld">rambl'd</w>
         <c> </c>
         <w xml:id="bsb18-562180"
            n="a-0160"
            ecep:lem="all"
            ecep:pos="d"
            ecep:reg="all"
            ecep:spe="all"
            ecep:syllab="1"
            ecep:pron="ɔːl">all</w>
         <c> </c>
         <w xml:id="bsb18-562190"
            n="a-0170"
            ecep:lem="day"
            ecep:pos="n1"
            ecep:reg="day"
            ecep:spe="day"
            ecep:syllab="1"
            ecep:pron="deɪ">day</w>
         <pc xml:id="bsb18-562200"
             n="a-0180"
             ecep:lem=","
             ecep:pos=","
             ecep:reg=","
             ecep:spe=",">,</pc>
      </l>
      <l xml:id="bsb18-l25145">
         <c> </c>
         <w xml:id="bsb18-562210"
            n="a-0190"
            ecep:lem="and"
            ecep:pos="cc"
            ecep:reg="And"
            ecep:spe="And"
            ecep:syllab="1"
            ecep:pron="ænd">And</w>
         <c> </c>
         <w xml:id="bsb18-562220"
            n="a-0200"
            ecep:lem="just"
            ecep:pos="av-j"
            ecep:reg="just"
            ecep:spe="just"
            ecep:syllab="1"
            ecep:pron="dʒʌst">just</w>
         <c> </c>
         <w xml:id="bsb18-562230"
            n="a-0210"
            ecep:lem="now"
            ecep:pos="av"
            ecep:reg="now"
            ecep:spe="now"
            ecep:syllab="1"
            ecep:pron="naʊ">now</w>
         <c> </c>
         <w xml:id="bsb18-562240"
            n="a-0220"
            ecep:lem="honest"
            ecep:pos="j"
            ecep:reg="honest"
            ecep:spe="honest"
            ecep:syllab="2"
            ecep:pron="ˈɒnɪst">honest</w>
         <c> </c>
         <w xml:id="bsb18-562250"
            n="a-0230"
            ecep:lem="truth"
            ecep:pos="n1"
            ecep:reg="truth"
            ecep:spe="truth"
            ecep:syllab="1"
            ecep:pron="truːθ">truth</w>
         <c> </c>
         <w xml:id="bsb18-562260"
            n="a-0240"
            ecep:lem="have"
            ecep:pos="vhz"
            ecep:reg="has"
            ecep:spe="has"
            ecep:syllab="1"
            ecep:pron="hæz">has</w>
         <c> </c>
         <w xml:id="bsb18-562270"
            n="a-0250"
            ecep:lem="discover"
            ecep:pos="vvn"
            ecep:reg="discovered"
            ecep:spe="discover'd"
            ecep:syllab="3"
            ecep:pron="dɪˈskʌvəd">discover'd</w>
         <c> </c>
         <w xml:id="bsb18-562280"
            n="a-0260"
            ecep:lem="her"
            ecep:pos="po31"
            ecep:reg="her"
            ecep:spe="her"
            ecep:syllab="1"
            ecep:pron="hɜː">her</w>
         <c> </c>
         <w xml:id="bsb18-562290"
            n="a-0270"
            ecep:lem="way"
            ecep:pos="n1"
            ecep:reg="way"
            ecep:spe="way"
            ecep:syllab="1"
            ecep:pron="weɪ">way</w>
         <pc xml:id="bsb18-562300"
             n="a-0280"
             ecep:lem=";"
             ecep:pos=";"
             ecep:reg=";"
             ecep:spe=";">;</pc>
      </l>
      <l xml:id="bsb18-l25150">
         <c> </c>
         <w xml:id="bsb18-562310"
            n="a-0290"
            ecep:lem="when"
            ecep:pos="c-crq"
            ecep:reg="When"
            ecep:spe="When"
            ecep:syllab="1"
            ecep:pron="wen">When</w>
         <c> </c>
         <w xml:id="bsb18-562320"
            n="a-0300"
            ecep:lem="rub"
            ecep:pos="vvg"
            ecep:reg="rubbing"
            ecep:spe="rubbing"
            ecep:syllab="2"
            ecep:pron="rʌbɪŋ">rubbing</w>
         <c> </c>
         <w xml:id="bsb18-562330"
            n="a-0310"
            ecep:lem="his"
            ecep:pos="po31"
            ecep:reg="his"
            ecep:spe="his"
            ecep:syllab="1"
            ecep:pron="hɪz">his</w>
         <c> </c>
         <w xml:id="bsb18-562340"
            n="a-0320"
            ecep:lem="telescope"
            ecep:pos="n1"
            ecep:reg="telescope"
            ecep:spe="telescope"
            ecep:syllab="3"
            ecep:pron="ˈtelɪskəʊp">telescope</w>
         <c> </c>
         <w xml:id="bsb18-562350"
            n="a-0330"
            ecep:lem="perfect"
            ecep:pos="av-j"
            ecep:reg="perfectly"
            ecep:spe="perfectly"
            ecep:syllab="3"
            ecep:pron="ˈpɜːfɪkli">perfectly</w>
         <c> </c>
         <w xml:id="bsb18-562360"
            n="a-0340"
            ecep:lem="clear"
            ecep:pos="j"
            ecep:reg="clear"
            ecep:spe="clear"
            ecep:syllab="1"
            ecep:pron="klɪə">clear</w>
         <pc xml:id="bsb18-562370"
             n="a-0350"
             ecep:lem=","
             ecep:pos=","
             ecep:reg=","
             ecep:spe=",">,</pc>
      </l>
      <l xml:id="bsb18-l25155">
         <c> </c>
         <w xml:id="bsb18-562380"
            n="a-0360"
            ecep:lem="call"
            ecep:pos="vvn"
            ecep:reg="Called"
            ecep:spe="Call'd"
            ecep:syllab="1"
            ecep:pron="kɔːld">Call'd</w>
         <c> </c>
         <w xml:id="bsb18-562390"
            n="a-0370"
            ecep:lem="out"
            ecep:pos="av"
            ecep:reg="out"
            ecep:spe="out"
            ecep:syllab="1"
            ecep:pron="aʊt">out</w>
         <pc xml:id="bsb18-562400"
             n="a-0380"
             ecep:lem=","
             ecep:pos=","
             ecep:reg=","
             ecep:spe=",">,</pc>
         <c> </c>
         <pc xml:id="bsb18-562410"
             n="a-0390"
             ecep:lem="&#34;"
             ecep:pos="&#34;"
             ecep:reg="&#34;"
             ecep:spe="&#34;">"</pc>
         <w xml:id="bsb18-562420"
            n="a-0400"
            ecep:lem="i"
            ecep:pos="pns11"
            ecep:reg="I"
            ecep:spe="I"
            ecep:syllab="1"
            ecep:pron="aɪ">I</w>
         <c> </c>
         <w xml:id="bsb18-562430"
            n="a-0410"
            ecep:lem="have"
            ecep:pos="vhb"
            ecep:reg="have"
            ecep:spe="have"
            ecep:syllab="1"
            ecep:pron="hæv">have</w>
         <c> </c>
         <w xml:id="bsb18-562440"
            n="a-0420"
            ecep:lem="find"
            ecep:pos="vvn"
            ecep:reg="found"
            ecep:spe="found"
            ecep:syllab="1"
            ecep:pron="faʊnd">found</w>
         <c> </c>
         <w xml:id="bsb18-562450"
            n="a-0430"
            ecep:lem="she"
            ecep:pos="pno31"
            ecep:reg="her"
            ecep:spe="her"
            ecep:syllab="1"
            ecep:pron="hɜː">her</w>
         <pc xml:id="bsb18-562460"
             n="a-0440"
             ecep:lem=";"
             ecep:pos=";"
             ecep:reg=";"
             ecep:spe=";">;</pc>
         <pc xml:id="bsb18-562470"
             n="a-0450"
             ecep:lem="&#34;"
             ecep:pos="&#34;"
             ecep:reg="&#34;"
             ecep:spe="&#34;">"</pc>
         <c> </c>
         <w xml:id="bsb18-562480"
            n="a-0460"
            ecep:lem="and"
            ecep:pos="cc"
            ecep:reg="and"
            ecep:spe="and"
            ecep:syllab="1"
            ecep:pron="ænd">and</w>
         <c> </c>
         <w xml:id="bsb18-562490"
            n="a-0470"
            ecep:lem="bid"
            ecep:pos="vvd"
            ecep:reg="bade"
            ecep:spe="bade"
            ecep:syllab="1"
            ecep:pron="bæd">bade</w>
         <c> </c>
         <w xml:id="bsb18-562500"
            n="a-0480"
            ecep:lem="i"
            ecep:pos="pno11"
            ecep:reg="me"
            ecep:spe="me"
            ecep:syllab="1"
            ecep:pron="miː">me</w>
         <c> </c>
         <w xml:id="bsb18-562510"
            n="a-0490"
            ecep:lem="come"
            ecep:pos="vvi"
            ecep:reg="come"
            ecep:spe="come"
            ecep:syllab="1"
            ecep:pron="kʌm">come</w>
         <c> </c>
         <w xml:id="bsb18-562520"
            n="a-0500"
            ecep:lem="here"
            ecep:pos="av"
            ecep:reg="here"
            ecep:spe="here"
            ecep:syllab="1"
            ecep:pron="hɪə">here</w>
         <pc xml:id="bsb18-562530"
             n="a-0510"
             unit="sentence"
             ecep:lem="."
             ecep:pos="."
             ecep:reg="."
             ecep:spe=".">.</pc>
         <c> </c>
      </l>
   </lg>
   <lg xml:id="bsb18-s01200">
      <l xml:id="bsb18-l25160">
         <w xml:id="bsb18-562560"
            n="a-0520"
            ecep:lem="i|be"
            ecep:pos="pns11|vbm"
            ecep:reg="I'm"
            ecep:spe="I'm"
            ecep:syllab="1"
            ecep:pron="ˈaɪm">I'm</w>
         <c> </c>
         <w xml:id="bsb18-562570"
            n="a-0530"
            ecep:lem="grow"
            ecep:pos="vvn"
            ecep:reg="grown"
            ecep:spe="grown"
            ecep:syllab="1"
            ecep:pron="grəʊn">grown</w>
         <c> </c>
         <w xml:id="bsb18-562580"
            n="a-0540"
            ecep:lem="weary"
            ecep:pos="j"
            ecep:reg="weary"
            ecep:spe="weary"
            ecep:syllab="2"
            ecep:pron="ˈwɪəri">weary</w>
         <c> </c>
         <w xml:id="bsb18-562590"
            n="a-0550"
            ecep:lem="of"
            ecep:pos="pp-f"
            ecep:reg="of"
            ecep:spe="of"
            ecep:syllab="1"
            ecep:pron="ɒv">of</w>
         <c> </c>
         <w xml:id="bsb18-562600"
            n="a-0560"
            ecep:lem="wit"
            ecep:pos="n1"
            ecep:reg="wit"
            ecep:spe="wit"
            ecep:syllab="1"
            ecep:pron="wɪt">wit</w>
         <pc xml:id="bsb18-562610"
             n="a-0570"
             ecep:lem=","
             ecep:pos=","
             ecep:reg=","
             ecep:spe=",">,</pc>
         <c> </c>
         <w xml:id="bsb18-562620"
            n="a-0580"
            ecep:lem="who"
            ecep:pos="r-crq"
            ecep:reg="who"
            ecep:spe="who"
            ecep:syllab="1"
            ecep:pron="huː">who</w>
         <c> </c>
         <w xml:id="bsb18-562630"
            n="a-0590"
            ecep:lem="but"
            ecep:pos="p-acp"
            ecep:reg="but"
            ecep:spe="but"
            ecep:syllab="1"
            ecep:pron="bʌt">but</w>
         <c> </c>
         <w xml:id="bsb18-562640"
            n="a-0600"
            ecep:lem="dress"
            ecep:pos="n2"
            ecep:reg="dresses"
            ecep:spe="dresses"
            ecep:syllab="2"
            ecep:pron="dresɪz">dresses</w>
         <c> </c>
         <w xml:id="bsb18-562650"
            n="a-0610"
            ecep:lem="for"
            ecep:pos="p-acp"
            ecep:reg="for"
            ecep:spe="for"
            ecep:syllab="1"
            ecep:pron="fɔː">for</w>
         <c> </c>
         <w xml:id="bsb18-562660"
            n="a-0620"
            ecep:lem="show"
            ecep:pos="n1"
            ecep:reg="show"
            ecep:spe="show"
            ecep:syllab="1"
            ecep:pron="ʃəʊ">show</w>
         <pc xml:id="bsb18-562670"
             n="a-0630"
             ecep:lem=","
             ecep:pos=","
             ecep:reg=","
             ecep:spe=",">,</pc>
      </l>
      <l xml:id="bsb18-l25165">
         <c> </c>
         <w xml:id="bsb18-562680"
            n="a-0640"
            ecep:lem="and"
            ecep:pos="cc"
            ecep:reg="And"
            ecep:spe="And"
            ecep:syllab="1"
            ecep:pron="ænd">And</w>
         <c> </c>
         <w xml:id="bsb18-562690"
            n="a-0650"
            ecep:lem="strive"
            ecep:pos="vvz"
            ecep:reg="strives"
            ecep:spe="strives"
            ecep:syllab="1"
            ecep:pron="straɪvz">strives</w>
         <c> </c>
         <w xml:id="bsb18-562700"
            n="a-0660"
            ecep:lem="still"
            ecep:pos="av"
            ecep:reg="still"
            ecep:spe="still"
            ecep:syllab="1"
            ecep:pron="stɪl">still</w>
         <c> </c>
         <w xml:id="bsb18-562710"
            n="a-0670"
            ecep:lem="to"
            ecep:pos="pc-acp"
            ecep:reg="to"
            ecep:spe="to"
            ecep:syllab="1"
            ecep:pron="tuː">to</w>
         <c> </c>
         <w xml:id="bsb18-562720"
            n="a-0680"
            ecep:lem="sparkle"
            ecep:pos="vvi"
            ecep:reg="sparkle"
            ecep:spe="sparkle"
            ecep:syllab="2"
            ecep:pron="ˈspɑːkl">sparkle</w>
         <c> </c>
         <w xml:id="bsb18-562730"
            n="a-0690"
            ecep:lem="as"
            ecep:pos="c-acp"
            ecep:reg="as"
            ecep:spe="as"
            ecep:syllab="1"
            ecep:pron="æz">as</w>
         <c> </c>
         <w xml:id="bsb18-562740"
            n="a-0700"
            ecep:lem="much"
            ecep:pos="d"
            ecep:reg="much"
            ecep:spe="much"
            ecep:syllab="1"
            ecep:pron="mʌtʃ">much</w>
         <c> </c>
         <w xml:id="bsb18-562750"
            n="a-0710"
            ecep:lem="as"
            ecep:pos="c-acp"
            ecep:reg="as"
            ecep:spe="as"
            ecep:syllab="1"
            ecep:pron="æz">as</w>
         <c> </c>
         <w xml:id="bsb18-562760"
            n="a-0720"
            ecep:lem="your"
            ecep:pos="po22"
            ecep:reg="your"
            ecep:spe="your"
            ecep:syllab="1"
            ecep:pron="jɔː">your</w>
         <c> </c>
         <w xml:id="bsb18-562770"
            n="a-0730"
            ecep:lem="beau"
            ecep:pos="n1"
            ecep:reg="beau"
            ecep:spe="beau"
            ecep:syllab="1"
            ecep:pron="bəʊ">beau</w>
         <pc xml:id="bsb18-562780"
             n="a-0740"
             ecep:lem=";"
             ecep:pos=";"
             ecep:reg=";"
             ecep:spe=";">;</pc>
      </l>
      <l xml:id="bsb18-l25170">
         <c> </c>
         <w xml:id="bsb18-562790"
            n="a-0750"
            ecep:lem="for"
            ecep:pos="p-acp"
            ecep:reg="For"
            ecep:spe="For"
            ecep:syllab="1"
            ecep:pron="fɔː">For</w>
         <pc xml:id="bsb18-562800"
             n="a-0760"
             ecep:lem=","
             ecep:pos=","
             ecep:reg=","
             ecep:spe=",">,</pc>
         <c> </c>
         <w xml:id="bsb18-562810"
            n="a-0770"
            ecep:lem="if"
            ecep:pos="cs"
            ecep:reg="if"
            ecep:spe="if"
            ecep:syllab="1"
            ecep:pron="ɪf">if</w>
         <c> </c>
         <w xml:id="bsb18-562820"
            n="a-0780"
            ecep:lem="he"
            ecep:pos="pns31"
            ecep:reg="he"
            ecep:spe="he"
            ecep:syllab="1"
            ecep:pron="hiː">he</w>
         <c> </c>
         <w xml:id="bsb18-562830"
            n="a-0790"
            ecep:lem="can"
            ecep:pos="vmb"
            ecep:reg="can"
            ecep:spe="can"
            ecep:syllab="1"
            ecep:pron="kæn">can</w>
         <c> </c>
         <w xml:id="bsb18-562840"
            n="a-0800"
            ecep:lem="shine"
            ecep:pos="vvi"
            ecep:reg="shine"
            ecep:spe="shine"
            ecep:syllab="1"
            ecep:pron="ʃaɪn">shine</w>
         <pc xml:id="bsb18-562850"
             n="a-0810"
             ecep:lem=","
             ecep:pos=","
             ecep:reg=","
             ecep:spe=",">,</pc>
         <c> </c>
         <w xml:id="bsb18-562860"
            n="a-0820"
            ecep:lem="though"
            ecep:pos="c-acp"
            ecep:reg="though"
            ecep:spe="though"
            ecep:syllab="1"
            ecep:pron="ðəʊ">though</w>
         <c> </c>
         <w xml:id="bsb18-562870"
            n="a-0830"
            ecep:lem="at"
            ecep:pos="p-acp"
            ecep:reg="at"
            ecep:spe="at"
            ecep:syllab="1"
            ecep:pron="æt">at</w>
         <c> </c>
         <w xml:id="bsb18-562880"
            n="a-0840"
            ecep:lem="dear"
            ecep:pos="j-jn"
            ecep:reg="dear"
            ecep:spe="dear"
            ecep:syllab="1"
            ecep:pron="dɪə">dear</w>
         <c> </c>
         <w xml:id="bsb18-562890"
            n="a-0850"
            ecep:lem="friend"
            ecep:pos="ng2"
            ecep:reg="friends'"
            ecep:spe="friends'"
            ecep:syllab="1"
            ecep:pron="frendz">friends'</w>
         <c> </c>
         <w xml:id="bsb18-562910"
            n="a-0870"
            ecep:lem="expense"
            ecep:pos="n1"
            ecep:reg="expense"
            ecep:spe="expense"
            ecep:syllab="2"
            ecep:pron="ɪkˈspens">expense</w>
         <pc xml:id="bsb18-562920"
             n="a-0880"
             ecep:lem=","
             ecep:pos=","
             ecep:reg=","
             ecep:spe=",">,</pc>
      </l>
      <l xml:id="bsb18-l25175">
         <c> </c>
         <w xml:id="bsb18-562930"
            n="a-0890"
            ecep:lem="he"
            ecep:pos="pns31"
            ecep:reg="He"
            ecep:spe="He"
            ecep:syllab="1"
            ecep:pron="hiː">He</w>
         <c> </c>
         <w xml:id="bsb18-562940"
            n="a-0900"
            ecep:lem="will"
            ecep:pos="vmb"
            ecep:reg="will"
            ecep:spe="will"
            ecep:syllab="1"
            ecep:pron="wɪl">will</w>
         <c> </c>
         <w xml:id="bsb18-562950"
            n="a-0910"
            ecep:lem="raise"
            ecep:pos="vvi"
            ecep:reg="raise"
            ecep:spe="raise"
            ecep:syllab="1"
            ecep:pron="reɪz">raise</w>
         <c> </c>
         <w xml:id="bsb18-562960"
            n="a-0920"
            ecep:lem="contribution"
            ecep:pos="n2"
            ecep:reg="contributions"
            ecep:spe="contributions"
            ecep:syllab="4"
            ecep:pron="ˌkɒntrɪˈbjuːʃnz">contributions</w>
         <c> </c>
         <w xml:id="bsb18-562970"
            n="a-0930"
            ecep:lem="on"
            ecep:pos="p-acp"
            ecep:reg="on"
            ecep:spe="on"
            ecep:syllab="1"
            ecep:pron="ɒn">on</w>
         <c> </c>
         <w xml:id="bsb18-562980"
            n="a-0940"
            ecep:lem="feeling"
            ecep:pos="n1"
            ecep:reg="feeling"
            ecep:spe="feeling"
            ecep:syllab="2"
            ecep:pron="ˈfiːlɪŋ">feeling</w>
         <c> </c>
         <w xml:id="bsb18-562990"
            n="a-0950"
            ecep:lem="and"
            ecep:pos="cc"
            ecep:reg="and"
            ecep:spe="and"
            ecep:syllab="1"
            ecep:pron="ænd">and</w>
         <c> </c>
         <w xml:id="bsb18-563000"
            n="a-0960"
            ecep:lem="sense"
            ecep:pos="n1"
            ecep:reg="sense"
            ecep:spe="sense"
            ecep:syllab="1"
            ecep:pron="sens">sense</w>
         <pc xml:id="bsb18-563010"
             n="a-0970"
             unit="sentence"
             ecep:lem="."
             ecep:pos="."
             ecep:reg="."
             ecep:spe=".">.</pc>
         <c> </c>
      </l>
   </lg>
   <lg xml:id="bsb18-s01205">
      <l xml:id="bsb18-l25180">
         <w xml:id="bsb18-563040"
            n="a-0980"
            ecep:lem="then"
            ecep:pos="av"
            ecep:reg="Then"
            ecep:spe="Then"
            ecep:syllab="1"
            ecep:pron="ðen">Then</w>
         <c> </c>
         <w xml:id="bsb18-563050"
            n="a-0990"
            ecep:lem="learning"
            ecep:pos="n1"
            ecep:reg="learning"
            ecep:spe="learning"
            ecep:syllab="2"
            ecep:pron="lɜːnɪŋ">learning</w>
         <c> </c>
         <w xml:id="bsb18-563060"
            n="a-1000"
            ecep:lem="be"
            ecep:pos="vbz"
            ecep:reg="is"
            ecep:spe="is"
            ecep:syllab="1"
            ecep:pron="ɪz">is</w>
         <c> </c>
         <w xml:id="bsb18-563070"
            n="a-1010"
            ecep:lem="proud"
            ecep:pos="j"
            ecep:reg="proud"
            ecep:spe="proud"
            ecep:syllab="1"
            ecep:pron="praʊd">proud</w>
         <pc xml:id="bsb18-563080"
             n="a-1020"
             ecep:lem=","
             ecep:pos=","
             ecep:reg=","
             ecep:spe=",">,</pc>
         <c> </c>
         <w xml:id="bsb18-563090"
            n="a-1030"
            ecep:lem="nor"
            ecep:pos="ccx"
            ecep:reg="nor"
            ecep:spe="nor"
            ecep:syllab="1"
            ecep:pron="nɔː">nor</w>
         <c> </c>
         <w xml:id="bsb18-563100"
            n="a-1040"
            ecep:lem="can"
            ecep:pos="vmb"
            ecep:reg="can"
            ecep:spe="can"
            ecep:syllab="1"
            ecep:pron="kæn">can</w>
         <c> </c>
         <w xml:id="bsb18-563110"
            n="a-1050"
            ecep:lem="trifle"
            ecep:pos="vvi"
            ecep:reg="trifle"
            ecep:spe="trifle"
            ecep:syllab="2"
            ecep:pron="ˈtraɪfl">trifle</w>
         <c> </c>
         <w xml:id="bsb18-563120"
            n="a-1060"
            ecep:lem="with"
            ecep:pos="p-acp"
            ecep:reg="with"
            ecep:spe="with"
            ecep:syllab="1"
            ecep:pron="wɪð">with</w>
         <c> </c>
         <w xml:id="bsb18-563130"
            n="a-1070"
            ecep:lem="ease"
            ecep:pos="n1"
            ecep:reg="ease"
            ecep:spe="ease"
            ecep:syllab="1"
            ecep:pron="iːz">ease</w>
         <pc xml:id="bsb18-563140"
             n="a-1080"
             ecep:lem=","
             ecep:pos=","
             ecep:reg=","
             ecep:spe=",">,</pc>
      </l>
      <l xml:id="bsb18-l25185">
         <c> </c>
         <w xml:id="bsb18-563150"
            n="a-1090"
            ecep:lem="though"
            ecep:pos="c-acp"
            ecep:reg="Though"
            ecep:spe="Though"
            ecep:syllab="1"
            ecep:pron="ðəʊ">Though</w>
         <c> </c>
         <w xml:id="bsb18-563160"
            n="a-1100"
            ecep:lem="in"
            ecep:pos="p-acp"
            ecep:reg="in"
            ecep:spe="in"
            ecep:syllab="1"
            ecep:pron="ɪn">in</w>
         <c> </c>
         <w xml:id="bsb18-563170"
            n="a-1110"
            ecep:lem="this"
            ecep:pos="d"
            ecep:reg="this"
            ecep:spe="this"
            ecep:syllab="1"
            ecep:pron="ðɪs">this</w>
         <c> </c>
         <w xml:id="bsb18-563180"
            n="a-1120"
            ecep:lem="little"
            ecep:pos="j"
            ecep:reg="little"
            ecep:spe="little"
            ecep:syllab="2"
            ecep:pron="ˈlɪtl">little</w>
         <c> </c>
         <w xml:id="bsb18-563190"
            n="a-1130"
            ecep:lem="life"
            ecep:pos="n1"
            ecep:reg="life"
            ecep:spe="life"
            ecep:syllab="1"
            ecep:pron="laɪf">life</w>
         <c> </c>
         <w xml:id="bsb18-563200"
            n="a-1140"
            ecep:lem="it|be"
            ecep:pos="pn31|vbz"
            ecep:reg="it's"
            ecep:spe="'tis"
            ecep:syllab="1"
            ecep:pron="tɪz">'tis</w>
         <c> </c>
         <w xml:id="bsb18-563210"
            n="a-1150"
            ecep:lem="oft"
            ecep:pos="av"
            ecep:reg="oft"
            ecep:spe="oft"
            ecep:syllab="1"
            ecep:pron="ɒft">oft</w>
         <c> </c>
         <w xml:id="bsb18-563220"
            n="a-1160"
            ecep:lem="trifle"
            ecep:pos="n2"
            ecep:reg="trifles"
            ecep:spe="trifles"
            ecep:syllab="2"
            ecep:pron="ˈtraɪflz">trifles</w>
         <c> </c>
         <w xml:id="bsb18-563230"
            n="a-1170"
            ecep:lem="that"
            ecep:pos="cst"
            ecep:reg="that"
            ecep:spe="that"
            ecep:syllab="1"
            ecep:pron="ðæt">that</w>
         <c> </c>
         <w xml:id="bsb18-563240"
            n="a-1180"
            ecep:lem="please"
            ecep:pos="vvb"
            ecep:reg="please"
            ecep:spe="please"
            ecep:syllab="1"
            ecep:pron="pliːz">please</w>
         <pc xml:id="bsb18-563250"
             n="a-1190"
             ecep:lem=";"
             ecep:pos=";"
             ecep:reg=";"
             ecep:spe=";">;</pc>
      </l>
      <l xml:id="bsb18-l25190">
         <c> </c>
         <w xml:id="bsb18-563260"
            n="a-1200"
            ecep:lem="unbending"
            ecep:pos="j"
            ecep:reg="Unbending"
            ecep:spe="Unbending"
            ecep:syllab="3"
            ecep:pron="ʌnˈbendˈbendɪŋ">Unbending</w>
         <c> </c>
         <w xml:id="bsb18-563270"
            n="a-1210"
            ecep:lem="austerity"
            ecep:pos="n1"
            ecep:reg="austerity"
            ecep:spe="austerity"
            ecep:syllab="4"
            ecep:pron="ɒsˈterəti">austerity</w>
         <pc xml:id="bsb18-563280"
             n="a-1220"
             ecep:lem=","
             ecep:pos=","
             ecep:reg=","
             ecep:spe=",">,</pc>
         <c> </c>
         <w xml:id="bsb18-563290"
            n="a-1230"
            ecep:lem="wrap"
            ecep:pos="vvn"
            ecep:reg="wrapped"
            ecep:spe="wrapt"
            ecep:syllab="1"
            ecep:pron="rˈæpt">wrapt</w>
         <c> </c>
         <w xml:id="bsb18-563300"
            n="a-1240"
            ecep:lem="up"
            ecep:pos="a-acp"
            ecep:reg="up"
            ecep:spe="up"
            ecep:syllab="1"
            ecep:pron="ʌp">up</w>
         <c> </c>
         <w xml:id="bsb18-563310"
            n="a-1250"
            ecep:lem="in"
            ecep:pos="p-acp"
            ecep:reg="in"
            ecep:spe="in"
            ecep:syllab="1"
            ecep:pron="ɪn">in</w>
         <c> </c>
         <w xml:id="bsb18-563320"
            n="a-1260"
            ecep:lem="self"
            ecep:pos="n1"
            ecep:reg="self"
            ecep:spe="self"
            ecep:syllab="1"
            ecep:pron="self">self</w>
         <pc xml:id="bsb18-563330"
             n="a-1270"
             ecep:lem=","
             ecep:pos=","
             ecep:reg=","
             ecep:spe=",">,</pc>
      </l>
      <l xml:id="bsb18-l25195">
         <c> </c>
         <w xml:id="bsb18-563340"
            n="a-1280"
            ecep:lem="be"
            ecep:pos="vbz"
            ecep:reg="Is"
            ecep:spe="Is"
            ecep:syllab="1"
            ecep:pron="ɪz">Is</w>
         <c> </c>
         <w xml:id="bsb18-563350"
            n="a-1290"
            ecep:lem="so"
            ecep:pos="av"
            ecep:reg="so"
            ecep:spe="so"
            ecep:syllab="1"
            ecep:pron="səʊ">so</w>
         <c> </c>
         <w xml:id="bsb18-563360"
            n="a-1300"
            ecep:lem="like"
            ecep:pos="av-j"
            ecep:reg="like"
            ecep:spe="like"
            ecep:syllab="1"
            ecep:pron="laɪk">like</w>
         <c> </c>
         <w xml:id="bsb18-563370"
            n="a-1310"
            ecep:lem="a"
            ecep:pos="dt"
            ecep:reg="a"
            ecep:spe="a"
            ecep:syllab="1"
            ecep:pron="ə">a</w>
         <c> </c>
         <w xml:id="bsb18-563380"
            n="a-1320"
            ecep:lem="miser"
            ecep:pos="n1"
            ecep:reg="miser"
            ecep:spe="miser"
            ecep:syllab="2"
            ecep:pron="ˈmaɪzə">miser</w>
         <c> </c>
         <w xml:id="bsb18-563390"
            n="a-1330"
            ecep:lem="when"
            ecep:pos="c-crq"
            ecep:reg="when"
            ecep:spe="when"
            ecep:syllab="1"
            ecep:pron="wen">when</w>
         <c> </c>
         <w xml:id="bsb18-563400"
            n="a-1340"
            ecep:lem="hoard"
            ecep:pos="vvg"
            ecep:reg="hoarding"
            ecep:spe="hoarding"
            ecep:syllab="2"
            ecep:pron="ˈhɔːdɪŋ">hoarding</w>
         <c> </c>
         <w xml:id="bsb18-563410"
            n="a-1350"
            ecep:lem="his"
            ecep:pos="po31"
            ecep:reg="his"
            ecep:spe="his"
            ecep:syllab="1"
            ecep:pron="hɪz">his</w>
         <c> </c>
         <w xml:id="bsb18-563420"
            n="a-1360"
            ecep:lem="pelf"
            ecep:pos="n1"
            ecep:reg="pelf"
            ecep:spe="pelf"
            ecep:syllab="1"
            ecep:pron="pelf">pelf</w>
         <pc xml:id="bsb18-563430"
             n="a-1370"
             unit="sentence"
             ecep:lem="."
             ecep:pos="."
             ecep:reg="."
             ecep:spe=".">.</pc>
         <c> </c>
      </l>
   </lg>
   <lg xml:id="bsb18-s01210">
      <l xml:id="bsb18-l25200">
         <w xml:id="bsb18-563460"
            n="a-1380"
            ecep:lem="strong"
            ecep:pos="j"
            ecep:reg="Strong"
            ecep:spe="Strong"
            ecep:syllab="1"
            ecep:pron="strɒŋ">Strong</w>
         <c> </c>
         <w xml:id="bsb18-563470"
            n="a-1390"
            ecep:lem="reason"
            ecep:pos="n1|vbz"
            ecep:reg="reason's"
            ecep:spe="reason's"
            ecep:syllab="2"
            ecep:pron="ˈriːznz">reason's</w>
         <c> </c>
         <w xml:id="bsb18-563480"
            n="a-1400"
            ecep:lem="a"
            ecep:pos="dt"
            ecep:reg="a"
            ecep:spe="a"
            ecep:syllab="1"
            ecep:pron="ə">a</w>
         <c> </c>
         <w xml:id="bsb18-563490"
            n="a-1410"
            ecep:lem="warrior"
            ecep:pos="n1"
            ecep:reg="warrior"
            ecep:spe="warrior"
            ecep:syllab="3"
            ecep:pron="ˈwɒriə">warrior</w>
         <c> </c>
         <w xml:id="bsb18-563500"
            n="a-1420"
            ecep:lem="that"
            ecep:pos="cst"
            ecep:reg="that"
            ecep:spe="that"
            ecep:syllab="1"
            ecep:pron="ðæt">that</w>
         <c> </c>
         <w xml:id="bsb18-563510"
            n="a-1430"
            ecep:lem="fight"
            ecep:pos="vvz"
            ecep:reg="fights"
            ecep:spe="fights"
            ecep:syllab="1"
            ecep:pron="faɪts">fights</w>
         <c> </c>
         <w xml:id="bsb18-563520"
            n="a-1440"
            ecep:lem="out"
            ecep:pos="av"
            ecep:reg="out"
            ecep:spe="out"
            ecep:syllab="1"
            ecep:pron="aʊt">out</w>
         <c> </c>
         <w xml:id="bsb18-563530"
            n="a-1450"
            ecep:lem="his"
            ecep:pos="po31"
            ecep:reg="his"
            ecep:spe="his"
            ecep:syllab="1"
            ecep:pron="hɪz">his</w>
         <c> </c>
         <w xml:id="bsb18-563540"
            n="a-1460"
            ecep:lem="way"
            ecep:pos="n1"
            ecep:reg="way"
            ecep:spe="way"
            ecep:syllab="1"
            ecep:pron="weɪ">way</w>
         <pc xml:id="bsb18-563550"
             n="a-1470"
             ecep:lem=","
             ecep:pos=","
             ecep:reg=","
             ecep:spe=",">,</pc>
      </l>
      <l xml:id="bsb18-l25205">
         <c> </c>
         <w xml:id="bsb18-563560"
            n="a-1480"
            ecep:lem="and"
            ecep:pos="cc"
            ecep:reg="And"
            ecep:spe="And"
            ecep:syllab="1"
            ecep:pron="ænd">And</w>
         <c> </c>
         <w xml:id="bsb18-563570"
            n="a-1490"
            ecep:lem="seldom"
            ecep:pos="av"
            ecep:reg="seldom"
            ecep:spe="seldom"
            ecep:syllab="2"
            ecep:pron="ˈseldəm">seldom</w>
         <c> </c>
         <w xml:id="bsb18-563580"
            n="a-1500"
            ecep:lem="have"
            ecep:pos="vhz"
            ecep:reg="has"
            ecep:spe="has"
            ecep:syllab="1"
            ecep:pron="hæz">has</w>
         <c> </c>
         <w xml:id="bsb18-563590"
            n="a-1510"
            ecep:lem="leisure"
            ecep:pos="n1"
            ecep:reg="leisure"
            ecep:spe="leisure"
            ecep:syllab="2"
            ecep:pron="ˈleʒə">leisure</w>
         <c> </c>
         <w xml:id="bsb18-563600"
            n="a-1520"
            ecep:lem="to"
            ecep:pos="pc-acp"
            ecep:reg="to"
            ecep:spe="to"
            ecep:syllab="1"
            ecep:pron="tuː">to</w>
         <c> </c>
         <w xml:id="bsb18-563610"
            n="a-1530"
            ecep:lem="rest"
            ecep:pos="vvi"
            ecep:reg="rest"
            ecep:spe="rest"
            ecep:syllab="1"
            ecep:pron="rest">rest</w>
         <c> </c>
         <w xml:id="bsb18-563620"
            n="a-1540"
            ecep:lem="or"
            ecep:pos="cc"
            ecep:reg="or"
            ecep:spe="or"
            ecep:syllab="1"
            ecep:pron="ɔː">or</w>
         <c> </c>
         <w xml:id="bsb18-563630"
            n="a-1550"
            ecep:lem="to"
            ecep:pos="pc-acp"
            ecep:reg="to"
            ecep:spe="to"
            ecep:syllab="1"
            ecep:pron="tuː">to</w>
         <c> </c>
         <w xml:id="bsb18-563640"
            n="a-1560"
            ecep:lem="play"
            ecep:pos="vvi"
            ecep:reg="play"
            ecep:spe="play"
            ecep:syllab="1"
            ecep:pron="pleɪ">play</w>
         <pc xml:id="bsb18-563650"
             n="a-1570"
             ecep:lem=";"
             ecep:pos=";"
             ecep:reg=";"
             ecep:spe=";">;</pc>
      </l>
      <l xml:id="bsb18-l25210">
         <c> </c>
         <w xml:id="bsb18-563660"
            n="a-1580"
            ecep:lem="nay"
            ecep:pos="uh"
            ecep:reg="Nay"
            ecep:spe="Nay"
            ecep:syllab="1"
            ecep:pron="neɪ">Nay</w>
         <pc xml:id="bsb18-563670"
             n="a-1590"
             ecep:lem=","
             ecep:pos=","
             ecep:reg=","
             ecep:spe=",">,</pc>
         <c> </c>
         <w xml:id="bsb18-563680"
            n="a-1600"
            ecep:lem="so"
            ecep:pos="av"
            ecep:reg="so"
            ecep:spe="so"
            ecep:syllab="1"
            ecep:pron="səʊ">so</w>
         <c> </c>
         <w xml:id="bsb18-563690"
            n="a-1610"
            ecep:lem="rough"
            ecep:pos="j"
            ecep:reg="rough"
            ecep:spe="rough"
            ecep:syllab="1"
            ecep:pron="rʌf">rough</w>
         <c> </c>
         <w xml:id="bsb18-563700"
            n="a-1620"
            ecep:lem="have"
            ecep:pos="vhz"
            ecep:reg="has"
            ecep:spe="has"
            ecep:syllab="1"
            ecep:pron="hæz">has</w>
         <c> </c>
         <w xml:id="bsb18-563710"
            n="a-1630"
            ecep:lem="he"
            ecep:pos="pns31"
            ecep:reg="he"
            ecep:spe="he"
            ecep:syllab="1"
            ecep:pron="hiː">he</w>
         <c> </c>
         <w xml:id="bsb18-563720"
            n="a-1640"
            ecep:lem="grow"
            ecep:pos="vvn"
            ecep:reg="grown"
            ecep:spe="grown"
            ecep:syllab="1"
            ecep:pron="grəʊn">grown</w>
         <pc xml:id="bsb18-563730"
             n="a-1650"
             ecep:lem=","
             ecep:pos=","
             ecep:reg=","
             ecep:spe=",">,</pc>
         <c> </c>
         <w xml:id="bsb18-563740"
            n="a-1660"
            ecep:lem="unless"
            ecep:pos="cs"
            ecep:reg="unless"
            ecep:spe="unless"
            ecep:syllab="2"
            ecep:pron="ənˈles">unless</w>
         <c> </c>
         <w xml:id="bsb18-563750"
            n="a-1670"
            ecep:lem="great"
            ecep:pos="j"
            ecep:reg="great"
            ecep:spe="great"
            ecep:syllab="1"
            ecep:pron="greɪt">great</w>
         <c> </c>
         <w xml:id="bsb18-563760"
            n="a-1680"
            ecep:lem="thing"
            ecep:pos="n2"
            ecep:reg="things"
            ecep:spe="things"
            ecep:syllab="1"
            ecep:pron="θɪŋz">things</w>
         <c> </c>
         <w xml:id="bsb18-563770"
            n="a-1690"
            ecep:lem="be"
            ecep:pos="vbr"
            ecep:reg="are"
            ecep:spe="are"
            ecep:syllab="1"
            ecep:pron="ɑː">are</w>
         <c> </c>
         <w xml:id="bsb18-563780"
            n="a-1700"
            ecep:lem="do"
            ecep:pos="vdn"
            ecep:reg="done"
            ecep:spe="done"
            ecep:syllab="1"
            ecep:pron="dʌn">done</w>
         <pc xml:id="bsb18-563790"
             n="a-1710"
             ecep:lem=","
             ecep:pos=","
             ecep:reg=","
             ecep:spe=",">,</pc>
      </l>
      <l xml:id="bsb18-l25215">
         <c> </c>
         <w xml:id="bsb18-563800"
            n="a-1720"
            ecep:lem="he"
            ecep:pos="pns31"
            ecep:reg="He"
            ecep:spe="He"
            ecep:syllab="1"
            ecep:pron="hiː">He</w>
         <c> </c>
         <w xml:id="bsb18-563810"
            n="a-1730"
            ecep:lem="think"
            ecep:pos="vvz"
            ecep:reg="thinks"
            ecep:spe="thinks"
            ecep:syllab="1"
            ecep:pron="θɪŋks">thinks</w>
         <c> </c>
         <w xml:id="bsb18-563820"
            n="a-1740"
            ecep:lem="that"
            ecep:pos="cst"
            ecep:reg="that"
            ecep:spe="that"
            ecep:syllab="1"
            ecep:pron="ðæt">that</w>
         <c> </c>
         <w xml:id="bsb18-563830"
            n="a-1750"
            ecep:lem="all"
            ecep:pos="d"
            ecep:reg="all"
            ecep:spe="all"
            ecep:syllab="1"
            ecep:pron="ɔːl">all</w>
         <c> </c>
         <w xml:id="bsb18-563840"
            n="a-1760"
            ecep:lem="useless"
            ecep:pos="j"
            ecep:reg="useless"
            ecep:spe="useless"
            ecep:syllab="2"
            ecep:pron="ˈjuːsləs">useless</w>
         <c> </c>
         <w xml:id="bsb18-563850"
            n="a-1770"
            ecep:lem="go"
            ecep:pos="vvd"
            ecep:reg="went"
            ecep:spe="went"
            ecep:syllab="1"
            ecep:pron="went">went</w>
         <c> </c>
         <w xml:id="bsb18-563860"
            n="a-1780"
            ecep:lem="down"
            ecep:pos="a-acp"
            ecep:reg="down"
            ecep:spe="down"
            ecep:syllab="1"
            ecep:pron="daʊn">down</w>
         <c> </c>
         <w xml:id="bsb18-563870"
            n="a-1790"
            ecep:lem="the"
            ecep:pos="dt"
            ecep:reg="the"
            ecep:spe="the"
            ecep:syllab="1"
            ecep:pron="ðiː">the</w>
         <c> </c>
         <w xml:id="bsb18-563880"
            n="a-1800"
            ecep:lem="bright"
            ecep:pos="j"
            ecep:reg="bright"
            ecep:spe="bright"
            ecep:syllab="1"
            ecep:pron="braɪt">bright</w>
         <c> </c>
         <w xml:id="bsb18-563890"
            n="a-1810"
            ecep:lem="sun"
            ecep:pos="n1"
            ecep:reg="sun"
            ecep:spe="sun"
            ecep:syllab="1"
            ecep:pron="sʌn">sun</w>
         <pc xml:id="bsb18-563900"
             n="a-1820"
             unit="sentence"
             ecep:lem="."
             ecep:pos="."
             ecep:reg="."
             ecep:spe=".">.</pc>
         <c> </c>
      </l>
   </lg>
   <lg xml:id="bsb18-s01215">
      <l xml:id="bsb18-l25220">
         <w xml:id="bsb18-563930"
            n="a-1830"
            ecep:lem="o"
            ecep:pos="uh"
            ecep:reg="OH"
            ecep:spe="O"
            ecep:syllab="1"
            ecep:pron="əʊ">O</w>
         <pc xml:id="bsb18-563935"
             n="a-1830"
             ecep:lem="!"
             ecep:pos="!"
             ecep:reg="!"
             ecep:spe="!">!</pc>
         <c> </c>
         <w xml:id="bsb18-563940"
            n="a-1840"
            ecep:lem="it|be"
            ecep:pos="pn31|vbz"
            ecep:reg="it's"
            ecep:spe="'tis"
            ecep:syllab="1"
            ecep:pron="tɪz">'tis</w>
         <c> </c>
         <w xml:id="bsb18-563950"
            n="a-1850"
            ecep:lem="gentle"
            ecep:pos="j-jn"
            ecep:reg="gentle"
            ecep:spe="gentle"
            ecep:syllab="2"
            ecep:pron="ˈdʒentl">gentle</w>
         <c> </c>
         <w xml:id="bsb18-563960"
            n="a-1860"
            ecep:lem="good"
            ecep:pos="j"
            ecep:reg="good"
            ecep:spe="good"
            ecep:syllab="1"
            ecep:pron="gʊd">good</w>
         <c> </c>
         <w xml:id="bsb18-563970"
            n="a-1870"
            ecep:lem="humour"
            ecep:pos="n1"
            ecep:reg="humour"
            ecep:spe="humour"
            ecep:syllab="2"
            ecep:pron="ˈhjuːmə">humour</w>
         <c> </c>
         <w xml:id="bsb18-563980"
            n="a-1880"
            ecep:lem="that"
            ecep:pos="cst"
            ecep:reg="that"
            ecep:spe="that"
            ecep:syllab="1"
            ecep:pron="ðæt">that</w>
         <c> </c>
         <w xml:id="bsb18-563990"
            n="a-1890"
            ecep:lem="make"
            ecep:pos="vvz"
            ecep:reg="makes"
            ecep:spe="makes"
            ecep:syllab="1"
            ecep:pron="meɪks">makes</w>
         <c> </c>
         <w xml:id="bsb18-564000"
            n="a-1900"
            ecep:lem="life"
            ecep:pos="n1"
            ecep:reg="life"
            ecep:spe="life"
            ecep:syllab="1"
            ecep:pron="laɪf">life</w>
         <c> </c>
         <w xml:id="bsb18-564010"
            n="a-1910"
            ecep:lem="so"
            ecep:pos="av"
            ecep:reg="so"
            ecep:spe="so"
            ecep:syllab="1"
            ecep:pron="səʊ">so</w>
         <c> </c>
         <w xml:id="bsb18-564020"
            n="a-1920"
            ecep:lem="sweet"
            ecep:pos="j"
            ecep:reg="sweet"
            ecep:spe="sweet"
            ecep:syllab="1"
            ecep:pron="swiːt">sweet</w>
         <pc xml:id="bsb18-564030"
             n="a-1930"
             ecep:lem=","
             ecep:pos=","
             ecep:reg=","
             ecep:spe=",">,</pc>
      </l>
      <l xml:id="bsb18-l25225">
         <c> </c>
         <w xml:id="bsb18-564040"
            n="a-1940"
            ecep:lem="and"
            ecep:pos="cc"
            ecep:reg="And"
            ecep:spe="And"
            ecep:syllab="1"
            ecep:pron="ænd">And</w>
         <c> </c>
         <w xml:id="bsb18-564050"
            n="a-1950"
            ecep:lem="pick"
            ecep:pos="vvz"
            ecep:reg="picks"
            ecep:spe="picks"
            ecep:syllab="1"
            ecep:pron="pɪks">picks</w>
         <c> </c>
         <w xml:id="bsb18-564060"
            n="a-1960"
            ecep:lem="up"
            ecep:pos="a-acp"
            ecep:reg="up"
            ecep:spe="up"
            ecep:syllab="1"
            ecep:pron="ʌp">up</w>
         <c> </c>
         <w xml:id="bsb18-564070"
            n="a-1970"
            ecep:lem="the"
            ecep:pos="dt"
            ecep:reg="the"
            ecep:spe="the"
            ecep:syllab="1"
            ecep:pron="ðiː">the</w>
         <c> </c>
         <w xml:id="bsb18-564080"
            n="a-1980"
            ecep:lem="floweret"
            ecep:pos="n2"
            ecep:reg="flowerets"
            ecep:spe="flowerets"
            ecep:syllab="3"
            ecep:pron="ˈflæərɪts">flowerets</w>
         <c> </c>
         <w xml:id="bsb18-564090"
            n="a-1990"
            ecep:lem="that"
            ecep:pos="cst"
            ecep:reg="that"
            ecep:spe="that"
            ecep:syllab="1"
            ecep:pron="ðæt">that</w>
         <c> </c>
         <w xml:id="bsb18-564100"
            n="a-2000"
            ecep:lem="garnish"
            ecep:pos="vvb"
            ecep:reg="garnish"
            ecep:spe="garnish"
            ecep:syllab="2"
            ecep:pron="ˈgɑːnɪʃ">garnish</w>
         <c> </c>
         <w xml:id="bsb18-564110"
            n="a-2010"
            ecep:lem="our"
            ecep:pos="po12"
            ecep:reg="our"
            ecep:spe="our"
            ecep:syllab="1"
            ecep:pron="æə">our</w>
         <c> </c>
         <w xml:id="bsb18-564120"
            n="a-2020"
            ecep:lem="foot"
            ecep:pos="n2"
            ecep:reg="feet"
            ecep:spe="feet"
            ecep:syllab="1"
            ecep:pron="fiːt">feet</w>
         <pc xml:id="bsb18-564130"
             n="a-2030"
             ecep:lem=";"
             ecep:pos=";"
             ecep:reg=";"
             ecep:spe=";">;</pc>
      </l>
      <l xml:id="bsb18-l25230">
         <c> </c>
         <w xml:id="bsb18-564140"
            n="a-2040"
            ecep:lem="then"
            ecep:pos="av"
            ecep:reg="Then"
            ecep:spe="Then"
            ecep:syllab="1"
            ecep:pron="ðen">Then</w>
         <pc xml:id="bsb18-564150"
             n="a-2050"
             ecep:lem=","
             ecep:pos=","
             ecep:reg=","
             ecep:spe=",">,</pc>
         <c> </c>
         <w xml:id="bsb18-564160"
            n="a-2060"
            ecep:lem="from"
            ecep:pos="p-acp"
            ecep:reg="from"
            ecep:spe="from"
            ecep:syllab="1"
            ecep:pron="frɒm">from</w>
         <c> </c>
         <w xml:id="bsb18-564170"
            n="a-2070"
            ecep:lem="they"
            ecep:pos="pno32"
            ecep:reg="them"
            ecep:spe="them"
            ecep:syllab="1"
            ecep:pron="ðem">them</w>
         <c> </c>
         <w xml:id="bsb18-564180"
            n="a-2080"
            ecep:lem="extract"
            ecep:pos="vvg"
            ecep:reg="extracting"
            ecep:spe="extracting"
            ecep:syllab="3"
            ecep:pron="ɪkˈstræktɪŋ">extracting</w>
         <c> </c>
         <w xml:id="bsb18-564190"
            n="a-2090"
            ecep:lem="the"
            ecep:pos="dt"
            ecep:reg="the"
            ecep:spe="the"
            ecep:syllab="1"
            ecep:pron="ðiː">the</w>
         <c> </c>
         <w xml:id="bsb18-564200"
            n="a-2100"
            ecep:lem="balsam"
            ecep:pos="n1"
            ecep:reg="balsam"
            ecep:spe="balsam"
            ecep:syllab="2"
            ecep:pron="ˈbɔːlsəm">balsam</w>
         <c> </c>
         <w xml:id="bsb18-564210"
            n="a-2110"
            ecep:lem="of"
            ecep:pos="pp-f"
            ecep:reg="of"
            ecep:spe="of"
            ecep:syllab="1"
            ecep:pron="ɒv">of</w>
         <c> </c>
         <w xml:id="bsb18-564220"
            n="a-2120"
            ecep:lem="health"
            ecep:pos="n1"
            ecep:reg="health"
            ecep:spe="health"
            ecep:syllab="1"
            ecep:pron="helθ">health</w>
         <pc xml:id="bsb18-564230"
             n="a-2130"
             ecep:lem=","
             ecep:pos=","
             ecep:reg=","
             ecep:spe=",">,</pc>
      </l>
      <l xml:id="bsb18-l25235">
         <c> </c>
         <w xml:id="bsb18-564240"
            n="a-2140"
            ecep:lem="turn"
            ecep:pos="vvz"
            ecep:reg="Turns"
            ecep:spe="Turns"
            ecep:syllab="1"
            ecep:pron="tɜːnz">Turns</w>
         <c> </c>
         <w xml:id="bsb18-564250"
            n="a-2150"
            ecep:lem="the"
            ecep:pos="dt"
            ecep:reg="the"
            ecep:spe="the"
            ecep:syllab="1"
            ecep:pron="ðiː">the</w>
         <c> </c>
         <w xml:id="bsb18-564260"
            n="a-2160"
            ecep:lem="blossom"
            ecep:pos="n2"
            ecep:reg="blossoms"
            ecep:spe="blossoms"
            ecep:syllab="2"
            ecep:pron="ˈblɒsmz">blossoms</w>
         <c> </c>
         <w xml:id="bsb18-564270"
            n="a-2170"
            ecep:lem="of"
            ecep:pos="pp-f"
            ecep:reg="of"
            ecep:spe="of"
            ecep:syllab="1"
            ecep:pron="ɒv">of</w>
         <c> </c>
         <w xml:id="bsb18-564280"
            n="a-2180"
            ecep:lem="nature"
            ecep:pos="n1"
            ecep:reg="nature"
            ecep:spe="nature"
            ecep:syllab="2"
            ecep:pron="ˈneɪtʃə">nature</w>
         <c> </c>
         <w xml:id="bsb18-564290"
            n="a-2190"
            ecep:lem="to"
            ecep:pos="p-acp"
            ecep:reg="to"
            ecep:spe="to"
            ecep:syllab="1"
            ecep:pron="tuː">to</w>
         <c> </c>
         <w xml:id="bsb18-564300"
            n="a-2200"
            ecep:lem="true"
            ecep:pos="j"
            ecep:reg="true"
            ecep:spe="true"
            ecep:syllab="1"
            ecep:pron="truː">true</w>
         <c> </c>
         <w xml:id="bsb18-564310"
            n="a-2210"
            ecep:lem="sterling"
            ecep:pos="j-jn"
            ecep:reg="sterling"
            ecep:spe="sterling"
            ecep:syllab="2"
            ecep:pron="ˈstɜːlɪŋ">sterling</w>
         <c> </c>
         <w xml:id="bsb18-564320"
            n="a-2220"
            ecep:lem="wealth"
            ecep:pos="n1"
            ecep:reg="wealth"
            ecep:spe="wealth"
            ecep:syllab="1"
            ecep:pron="welθ">wealth</w>
         <pc xml:id="bsb18-564330"
             n="a-2230"
             unit="sentence"
             ecep:lem="."
             ecep:pos="."
             ecep:reg="."
             ecep:spe=".">.</pc>
         <c> </c>
      </l>
   </lg>
</div>
