<?xml version="1.0" encoding="utf-8"?>
<!DOCTYPE div
  SYSTEM "about:legacy-compat">
<div xmlns:ecep="http://www.eighteenthcenturypoetry.org/ns"
     xmlns="http://www.tei-c.org/ns/1.0"
     xmlns:tei="http://www.tei-c.org/ns/1.0"
     ana="#iamb #pentameter #sonnet"
     corresp="#txt_SmitCh1749_w0010"
     decls="#semi-normalized"
     ecep:syllab="10"
     met="-+|-+|-+|-+|-+/"
     n="9"
     rendition="#lgvspace"
     rhyme="ababbccdcdefef"
     subtype="eceptext"
     type="sonnet"
     xml:id="n22cs-w0090">
   <link target="authors.xml#aut_SmitCh1749" type="author"/>
   <head type="main">
      <w xml:id="n22cs-039450"
         n="0027-a-0010"
         ecep:lem="sonnet"
         ecep:pos="n1"
         ecep:reg="SONNET"
         ecep:spe="SONNET"
         ecep:syllab="2"
         ecep:pron="ˈsɒnɪt">SONNET</w>
      <c> </c>
      <pc xml:id="n22cs-039451"
          ecep:lem="["
          ecep:pos="["
          ecep:reg="["
          ecep:spe="[">[</pc>
      <w xml:id="n22cs-039452"
         ecep:lem="09"
         ecep:pos="crd"
         ecep:reg="09"
         ecep:spe="09"
         ecep:syllab="1"
         ecep:pron="zˈiərəʊnˈaɪn">09</w>
      <pc xml:id="n22cs-039453"
          ecep:lem="]"
          ecep:pos="]"
          ecep:reg="]"
          ecep:spe="]">]</pc>
      <c> </c>
      <w xml:id="n22cs-039460"
         n="0027-a-0020"
         ecep:lem="ix"
         ecep:pos="crd"
         ecep:reg="IX"
         ecep:spe="IX"
         ecep:syllab="1"
         ecep:pron="rˌəʊmənnˈaɪn">IX</w>
      <pc xml:id="n22cs-039470"
          n="0027-a-0030"
          unit="sentence"
          ecep:lem="."
          ecep:pos="."
          ecep:reg="."
          ecep:spe=".">.</pc>
   </head>
   <lg xml:id="n22cs-s00265">
      <l xml:id="n22cs-l00630">
         <w xml:id="n22cs-039500"
            n="0027-a-0040"
            ecep:lem="bless"
            ecep:pos="j-vvn"
            ecep:reg="BLESSED"
            ecep:spe="BLEST"
            ecep:syllab="1"
            ecep:pron="blest">BLEST</w>
         <c> </c>
         <w xml:id="n22cs-039510"
            n="0027-a-0050"
            ecep:lem="be"
            ecep:pos="vbz"
            ecep:reg="is"
            ecep:spe="is"
            ecep:syllab="1"
            ecep:pron="ɪz">is</w>
         <c> </c>
         <w xml:id="n22cs-039520"
            n="0027-a-0060"
            ecep:lem="yond"
            ecep:pos="d"
            ecep:reg="yonder"
            ecep:spe="yon"
            ecep:syllab="1"
            ecep:pron="jɒn">yon</w>
         <c> </c>
         <w xml:id="n22cs-039530"
            n="0027-a-0070"
            ecep:lem="shepherd"
            ecep:pos="n1"
            ecep:reg="shepherd"
            ecep:spe="shepherd"
            ecep:syllab="2"
            ecep:pron="ˈʃepəd">shepherd</w>
         <pc xml:id="n22cs-039540"
             n="0027-a-0080"
             ecep:lem=","
             ecep:pos=","
             ecep:reg=","
             ecep:spe=",">,</pc>
         <c> </c>
         <w xml:id="n22cs-039550"
            n="0027-a-0090"
            ecep:lem="on"
            ecep:pos="p-acp"
            ecep:reg="on"
            ecep:spe="on"
            ecep:syllab="1"
            ecep:pron="ɒn">on</w>
         <c> </c>
         <w xml:id="n22cs-039560"
            n="0027-a-0100"
            ecep:lem="the"
            ecep:pos="dt"
            ecep:reg="the"
            ecep:spe="the"
            ecep:syllab="1"
            ecep:pron="ðiː">the</w>
         <c> </c>
         <w xml:id="n22cs-039570"
            n="0027-a-0110"
            ecep:lem="turf"
            ecep:pos="n1"
            ecep:reg="turf"
            ecep:spe="turf"
            ecep:syllab="1"
            ecep:pron="tɜːf">turf</w>
         <c> </c>
         <w xml:id="n22cs-039580"
            n="0027-a-0120"
            ecep:lem="recline"
            ecep:pos="vvd"
            ecep:reg="reclined"
            ecep:spe="reclin'd"
            ecep:syllab="2"
            ecep:pron="rɪˈklaɪnd">reclin'd</w>
         <pc xml:id="n22cs-039590"
             n="0027-a-0130"
             ecep:lem=","
             ecep:pos=","
             ecep:reg=","
             ecep:spe=",">,</pc>
      </l>
      <l xml:id="n22cs-l00635">
         <c> </c>
         <w xml:id="n22cs-039600"
            n="0027-a-0140"
            ecep:lem="who"
            ecep:pos="q-crq"
            ecep:reg="Who"
            ecep:spe="Who"
            ecep:syllab="1"
            ecep:pron="huː">Who</w>
         <pc xml:id="n22cs-039610"
             n="0027-a-0150"
             ecep:lem=","
             ecep:pos=","
             ecep:reg=","
             ecep:spe=",">,</pc>
         <c> </c>
         <w xml:id="n22cs-039620"
            n="0027-a-0160"
            ecep:lem="on"
            ecep:pos="p-acp"
            ecep:reg="on"
            ecep:spe="on"
            ecep:syllab="1"
            ecep:pron="ɒn">on</w>
         <c> </c>
         <w xml:id="n22cs-039630"
            n="0027-a-0170"
            ecep:lem="the"
            ecep:pos="dt"
            ecep:reg="the"
            ecep:spe="the"
            ecep:syllab="1"
            ecep:pron="ðiː">the</w>
         <c> </c>
         <w xml:id="n22cs-039640"
            n="0027-a-0180"
            ecep:lem="vary"
            ecep:pos="j-vvn"
            ecep:reg="varied"
            ecep:spe="varied"
            ecep:syllab="2"
            ecep:pron="ˈveərɪd">varied</w>
         <c> </c>
         <w xml:id="n22cs-039650"
            n="0027-a-0190"
            ecep:lem="cloud"
            ecep:pos="n2"
            ecep:reg="clouds"
            ecep:spe="clouds"
            ecep:syllab="1"
            ecep:pron="klaʊdz">clouds</w>
         <c> </c>
         <w xml:id="n22cs-039660"
            n="0027-a-0200"
            ecep:lem="which"
            ecep:pos="r-crq"
            ecep:reg="which"
            ecep:spe="which"
            ecep:syllab="1"
            ecep:pron="wɪtʃ">which</w>
         <c> </c>
         <w xml:id="n22cs-039670"
            n="0027-a-0210"
            ecep:lem="float"
            ecep:pos="vvb"
            ecep:reg="float"
            ecep:spe="float"
            ecep:syllab="1"
            ecep:pron="fləʊt">float</w>
         <c> </c>
         <w xml:id="n22cs-039680"
            n="0027-a-0220"
            ecep:lem="above"
            ecep:pos="p-acp"
            ecep:reg="above"
            ecep:spe="above"
            ecep:syllab="2"
            ecep:pron="əˈbʌv">above</w>
         <pc xml:id="n22cs-039690"
             n="0027-a-0230"
             ecep:lem=","
             ecep:pos=","
             ecep:reg=","
             ecep:spe=",">,</pc>
      </l>
      <l xml:id="n22cs-l00640">
         <c> </c>
         <w xml:id="n22cs-039700"
            n="0027-a-0240"
            ecep:lem="lie"
            ecep:pos="vvz"
            ecep:reg="Lies"
            ecep:spe="Lies"
            ecep:syllab="1"
            ecep:pron="laɪz">Lies</w>
         <c> </c>
         <w xml:id="n22cs-039710"
            n="0027-a-0250"
            ecep:lem="idle"
            ecep:pos="av-j"
            ecep:reg="idly"
            ecep:spe="idly"
            ecep:syllab="2"
            ecep:pron="ˈaɪdli">idly</w>
         <c> </c>
         <w xml:id="n22cs-039720"
            n="0027-a-0260"
            ecep:lem="gaze"
            ecep:pos="vvg"
            ecep:reg="gazing"
            ecep:spe="gazing"
            ecep:syllab="2"
            ecep:pron="geɪzɪŋ">gazing</w>
         <c> </c>
         <pc xml:id="n22cs-039730"
             n="0027-a-0270"
             ecep:lem="—"
             ecep:pos="—"
             ecep:reg="—"
             ecep:spe="—">—</pc>
         <c> </c>
         <w xml:id="n22cs-039740"
            n="0027-a-0280"
            ecep:lem="while"
            ecep:pos="cs"
            ecep:reg="while"
            ecep:spe="while"
            ecep:syllab="1"
            ecep:pron="ˈwaɪl">while</w>
         <c> </c>
         <w xml:id="n22cs-039750"
            n="0027-a-0290"
            ecep:lem="his"
            ecep:pos="po31"
            ecep:reg="his"
            ecep:spe="his"
            ecep:syllab="1"
            ecep:pron="hɪz">his</w>
         <c> </c>
         <w xml:id="n22cs-039760"
            n="0027-a-0300"
            ecep:lem="vacant"
            ecep:pos="j"
            ecep:reg="vacant"
            ecep:spe="vacant"
            ecep:syllab="2"
            ecep:pron="ˈveɪknt">vacant</w>
         <c> </c>
         <w xml:id="n22cs-039770"
            n="0027-a-0310"
            ecep:lem="mind"
            ecep:pos="n1"
            ecep:reg="mind"
            ecep:spe="mind"
            ecep:syllab="1"
            ecep:pron="maɪnd">mind</w>
      </l>
      <l xml:id="n22cs-l00645">
         <c> </c>
         <w xml:id="n22cs-039780"
            n="0027-a-0320"
            ecep:lem="pour"
            ecep:pos="vvz"
            ecep:reg="Pours"
            ecep:spe="Pours"
            ecep:syllab="1"
            ecep:pron="pɔːz">Pours</w>
         <c> </c>
         <w xml:id="n22cs-039790"
            n="0027-a-0330"
            ecep:lem="out"
            ecep:pos="av"
            ecep:reg="out"
            ecep:spe="out"
            ecep:syllab="1"
            ecep:pron="aʊt">out</w>
         <c> </c>
         <w xml:id="n22cs-039800"
            n="0027-a-0340"
            ecep:lem="some"
            ecep:pos="d"
            ecep:reg="some"
            ecep:spe="some"
            ecep:syllab="1"
            ecep:pron="sʌm">some</w>
         <c> </c>
         <w xml:id="n22cs-039810"
            n="0027-a-0350"
            ecep:lem="tale"
            ecep:pos="n1"
            ecep:reg="tale"
            ecep:spe="tale"
            ecep:syllab="1"
            ecep:pron="teɪl">tale</w>
         <c> </c>
         <w xml:id="n22cs-039820"
            n="0027-a-0360"
            ecep:lem="antique"
            ecep:pos="j"
            ecep:reg="antique"
            ecep:spe="antique"
            ecep:syllab="2"
            ecep:pron="ænˈtiːk">antique</w>
         <c> </c>
         <w xml:id="n22cs-039830"
            n="0027-a-0370"
            ecep:lem="of"
            ecep:pos="pp-f"
            ecep:reg="of"
            ecep:spe="of"
            ecep:syllab="1"
            ecep:pron="ɒv">of</w>
         <c> </c>
         <w xml:id="n22cs-039840"
            n="0027-a-0380"
            ecep:lem="rural"
            ecep:pos="j"
            ecep:reg="rural"
            ecep:spe="rural"
            ecep:syllab="2"
            ecep:pron="ˈrʊərl">rural</w>
         <c> </c>
         <w xml:id="n22cs-039850"
            n="0027-a-0390"
            ecep:lem="love"
            ecep:pos="n1"
            ecep:reg="love"
            ecep:spe="love"
            ecep:syllab="1"
            ecep:pron="lʌv">love</w>
         <pc xml:id="n22cs-039860"
             n="0027-a-0400"
             unit="sentence"
             ecep:lem="!"
             ecep:pos="!"
             ecep:reg="!"
             ecep:spe="!">!</pc>
         <c> </c>
      </l>
      <l xml:id="n22cs-l00650">
         <w xml:id="n22cs-039870"
            n="0027-a-0410"
            ecep:lem="ah"
            ecep:pos="uh"
            ecep:reg="Ah"
            ecep:spe="Ah"
            ecep:syllab="1"
            ecep:pron="ɑː">Ah</w>
         <pc xml:id="n22cs-039875"
             n="0027-a-0410"
             ecep:lem="!"
             ecep:pos="!"
             ecep:reg="!"
             ecep:spe="!">!</pc>
         <c> </c>
         <hi>
            <w xml:id="n22cs-039880"
               n="0027-a-0420"
               ecep:lem="he"
               ecep:pos="pns31"
               ecep:reg="he"
               ecep:spe="he"
               ecep:syllab="1"
               ecep:pron="hiː">he</w>
         </hi>
         <c> </c>
         <w xml:id="n22cs-039890"
            n="0027-a-0430"
            ecep:lem="have"
            ecep:pos="vhz"
            ecep:reg="has"
            ecep:spe="has"
            ecep:syllab="1"
            ecep:pron="hæz">has</w>
         <c> </c>
         <w xml:id="n22cs-039900"
            n="0027-a-0440"
            ecep:lem="never"
            ecep:pos="av-x"
            ecep:reg="never"
            ecep:spe="never"
            ecep:syllab="2"
            ecep:pron="ˈnevə">never</w>
         <c> </c>
         <w xml:id="n22cs-039910"
            n="0027-a-0450"
            ecep:lem="feel"
            ecep:pos="vvd"
            ecep:reg="felt"
            ecep:spe="felt"
            ecep:syllab="1"
            ecep:pron="felt">felt</w>
         <c> </c>
         <w xml:id="n22cs-039920"
            n="0027-a-0460"
            ecep:lem="the"
            ecep:pos="dt"
            ecep:reg="the"
            ecep:spe="the"
            ecep:syllab="1"
            ecep:pron="ðiː">the</w>
         <c> </c>
         <w xml:id="n22cs-039930"
            n="0027-a-0470"
            ecep:lem="pang"
            ecep:pos="n2"
            ecep:reg="pangs"
            ecep:spe="pangs"
            ecep:syllab="1"
            ecep:pron="pæŋz">pangs</w>
         <c> </c>
         <w xml:id="n22cs-039940"
            n="0027-a-0480"
            ecep:lem="that"
            ecep:pos="cst"
            ecep:reg="that"
            ecep:spe="that"
            ecep:syllab="1"
            ecep:pron="ðæt">that</w>
         <c> </c>
         <w xml:id="n22cs-039950"
            n="0027-a-0490"
            ecep:lem="move"
            ecep:pos="vvb"
            ecep:reg="move"
            ecep:spe="move"
            ecep:syllab="1"
            ecep:pron="muːv">move</w>
      </l>
      <l xml:id="n22cs-l00655">
         <c> </c>
         <w xml:id="n22cs-039960"
            n="0027-a-0500"
            ecep:lem="the"
            ecep:pos="dt"
            ecep:reg="The"
            ecep:spe="Th'"
            ecep:syllab="0"
            ecep:pron="ð">Th'</w>
         <c> </c>
         <w xml:id="n22cs-039970"
            n="0027-a-0510"
            ecep:lem="indignant"
            ecep:pos="j"
            ecep:reg="indignant"
            ecep:spe="indignant"
            ecep:syllab="3"
            ecep:pron="ɪnˈdɪgnənt">indignant</w>
         <c> </c>
         <w xml:id="n22cs-039980"
            n="0027-a-0520"
            ecep:lem="spirit"
            ecep:pos="n1"
            ecep:reg="spirit"
            ecep:spe="spirit"
            ecep:syllab="2"
            ecep:pron="ˈspɪrɪt">spirit</w>
         <pc xml:id="n22cs-039990"
             n="0027-a-0530"
             ecep:lem=","
             ecep:pos=","
             ecep:reg=","
             ecep:spe=",">,</pc>
         <c> </c>
         <w xml:id="n22cs-040000"
            n="0027-a-0540"
            ecep:lem="when"
            ecep:pos="c-crq"
            ecep:reg="when"
            ecep:spe="when"
            ecep:syllab="1"
            ecep:pron="wen">when</w>
         <c> </c>
         <w xml:id="n22cs-040010"
            n="0027-a-0550"
            ecep:lem="with"
            ecep:pos="p-acp"
            ecep:reg="with"
            ecep:spe="with"
            ecep:syllab="1"
            ecep:pron="wɪð">with</w>
         <c> </c>
         <w xml:id="n22cs-040020"
            n="0027-a-0560"
            ecep:lem="selfish"
            ecep:pos="j"
            ecep:reg="selfish"
            ecep:spe="selfish"
            ecep:syllab="2"
            ecep:pron="ˈselfɪʃ">selfish</w>
         <c> </c>
         <w xml:id="n22cs-040030"
            n="0027-a-0570"
            ecep:lem="pride"
            ecep:pos="n1"
            ecep:reg="pride"
            ecep:spe="pride"
            ecep:syllab="1"
            ecep:pron="praɪd">pride</w>
         <pc xml:id="n22cs-040040"
             n="0027-a-0580"
             ecep:lem=","
             ecep:pos=","
             ecep:reg=","
             ecep:spe=",">,</pc>
      </l>
      <l xml:id="n22cs-l00660">
         <c> </c>
         <w xml:id="n22cs-040050"
            n="0027-a-0590"
            ecep:lem="friend"
            ecep:pos="n2"
            ecep:reg="Friends"
            ecep:spe="Friends"
            ecep:syllab="1"
            ecep:pron="frendz">Friends</w>
         <pc xml:id="n22cs-040060"
             n="0027-a-0600"
             ecep:lem=","
             ecep:pos=","
             ecep:reg=","
             ecep:spe=",">,</pc>
         <c> </c>
         <w xml:id="n22cs-040070"
            n="0027-a-0610"
            ecep:lem="on"
            ecep:pos="p-acp"
            ecep:reg="on"
            ecep:spe="on"
            ecep:syllab="1"
            ecep:pron="ɒn">on</w>
         <c> </c>
         <w xml:id="n22cs-040080"
            n="0027-a-0620"
            ecep:lem="who"
            ecep:pos="r-crq"
            ecep:reg="whose"
            ecep:spe="whose"
            ecep:syllab="1"
            ecep:pron="huːz">whose</w>
         <c> </c>
         <w xml:id="n22cs-040090"
            n="0027-a-0630"
            ecep:lem="faith"
            ecep:pos="n1"
            ecep:reg="faith"
            ecep:spe="faith"
            ecep:syllab="1"
            ecep:pron="feɪθ">faith</w>
         <c> </c>
         <w xml:id="n22cs-040100"
            n="0027-a-0640"
            ecep:lem="the"
            ecep:pos="dt"
            ecep:reg="the"
            ecep:spe="the"
            ecep:syllab="1"
            ecep:pron="ðiː">the</w>
         <c> </c>
         <w xml:id="n22cs-040110"
            n="0027-a-0650"
            ecep:lem="trust"
            ecep:pos="j-vvg"
            ecep:reg="trusting"
            ecep:spe="trusting"
            ecep:syllab="2"
            ecep:pron="trʌstɪŋ">trusting</w>
         <c> </c>
         <w xml:id="n22cs-040120"
            n="0027-a-0660"
            ecep:lem="heart"
            ecep:pos="n1"
            ecep:reg="heart"
            ecep:spe="heart"
            ecep:syllab="1"
            ecep:pron="hɑːt">heart</w>
         <c> </c>
         <w xml:id="n22cs-040130"
            n="0027-a-0670"
            ecep:lem="rely"
            ecep:pos="vvd"
            ecep:reg="relied"
            ecep:spe="rely'd"
            ecep:syllab="2"
            ecep:pron="rɪˈlaɪd">rely'd</w>
         <pc xml:id="n22cs-040140"
             n="0027-a-0680"
             ecep:lem=","
             ecep:pos=","
             ecep:reg=","
             ecep:spe=",">,</pc>
      </l>
      <l xml:id="n22cs-l00665">
         <c> </c>
         <w xml:id="n22cs-040150"
            n="0027-a-0690"
            ecep:lem="unkind"
            ecep:pos="av-j"
            ecep:reg="Unkindly"
            ecep:spe="Unkindly"
            ecep:syllab="3"
            ecep:pron="ʌnˈkaɪndli">Unkindly</w>
         <c> </c>
         <w xml:id="n22cs-040160"
            n="0027-a-0700"
            ecep:lem="shun"
            ecep:pos="vvb"
            ecep:reg="shun"
            ecep:spe="shun"
            ecep:syllab="1"
            ecep:pron="ʃʌn">shun</w>
         <c> </c>
         <w xml:id="n22cs-040170"
            n="0027-a-0710"
            ecep:lem="the"
            ecep:pos="dt"
            ecep:reg="the"
            ecep:spe="th'"
            ecep:syllab="0"
            ecep:pron="ð">th'</w>
         <c> </c>
         <w xml:id="n22cs-040180"
            n="0027-a-0720"
            ecep:lem="implore"
            ecep:pos="j-vvg"
            ecep:reg="imploring"
            ecep:spe="imploring"
            ecep:syllab="3"
            ecep:pron="ɪmˈplɔːɪŋ">imploring</w>
         <c> </c>
         <w xml:id="n22cs-040190"
            n="0027-a-0730"
            ecep:lem="eye"
            ecep:pos="n1"
            ecep:reg="eye"
            ecep:spe="eye"
            ecep:syllab="1"
            ecep:pron="aɪ">eye</w>
         <c> </c>
         <w xml:id="n22cs-040200"
            n="0027-a-0740"
            ecep:lem="of"
            ecep:pos="pp-f"
            ecep:reg="of"
            ecep:spe="of"
            ecep:syllab="1"
            ecep:pron="ɒv">of</w>
         <c> </c>
         <w xml:id="n22cs-040210"
            n="0027-a-0750"
            ecep:lem="woe"
            ecep:pos="n1"
            ecep:reg="woe"
            ecep:spe="woe"
            ecep:syllab="1"
            ecep:pron="wəʊ">woe</w>
         <pc xml:id="n22cs-040220"
             n="0027-a-0760"
             unit="sentence"
             ecep:lem="!"
             ecep:pos="!"
             ecep:reg="!"
             ecep:spe="!">!</pc>
         <c> </c>
      </l>
      <l xml:id="n22cs-l00670">
         <w xml:id="n22cs-040230"
            n="0027-a-0770"
            ecep:lem="the"
            ecep:pos="dt"
            ecep:reg="The"
            ecep:spe="The"
            ecep:syllab="1"
            ecep:pron="ðiː">The</w>
         <c> </c>
         <w xml:id="n22cs-040240"
            n="0027-a-0780"
            ecep:lem="ill"
            ecep:pos="n2-jn"
            ecep:reg="ills"
            ecep:spe="ills"
            ecep:syllab="1"
            ecep:pron="ɪlz">ills</w>
         <c> </c>
         <w xml:id="n22cs-040250"
            n="0027-a-0790"
            ecep:lem="they"
            ecep:pos="pns32"
            ecep:reg="they"
            ecep:spe="they"
            ecep:syllab="1"
            ecep:pron="ðeɪ">they</w>
         <c> </c>
         <w xml:id="n22cs-040260"
            n="0027-a-0800"
            ecep:lem="ought"
            ecep:pos="vmd"
            ecep:reg="ought"
            ecep:spe="ought"
            ecep:syllab="1"
            ecep:pron="ɔːt">ought</w>
         <c> </c>
         <w xml:id="n22cs-040270"
            n="0027-a-0810"
            ecep:lem="to"
            ecep:pos="pc-acp"
            ecep:reg="to"
            ecep:spe="to"
            ecep:syllab="1"
            ecep:pron="tuː">to</w>
         <c> </c>
         <w xml:id="n22cs-040280"
            n="0027-a-0820"
            ecep:lem="soothe"
            ecep:pos="vvi"
            ecep:reg="sooth"
            ecep:spe="soothe"
            ecep:syllab="1"
            ecep:pron="suːð">soothe</w>
         <pc xml:id="n22cs-040290"
             n="0027-a-0830"
             ecep:lem=","
             ecep:pos=","
             ecep:reg=","
             ecep:spe=",">,</pc>
         <c> </c>
         <w xml:id="n22cs-040300"
            n="0027-a-0840"
            ecep:lem="with"
            ecep:pos="p-acp"
            ecep:reg="with"
            ecep:spe="with"
            ecep:syllab="1"
            ecep:pron="wɪð">with</w>
         <c> </c>
         <w xml:id="n22cs-040310"
            n="0027-a-0850"
            ecep:lem="taunt"
            ecep:pos="n2"
            ecep:reg="taunts"
            ecep:spe="taunts"
            ecep:syllab="1"
            ecep:pron="tɔːnts">taunts</w>
         <c> </c>
         <w xml:id="n22cs-040320"
            n="0027-a-0860"
            ecep:lem="deride"
            ecep:pos="vvb"
            ecep:reg="deride"
            ecep:spe="deride"
            ecep:syllab="2"
            ecep:pron="dɪˈraɪd">deride</w>
         <pc xml:id="n22cs-040330"
             n="0027-a-0870"
             ecep:lem=","
             ecep:pos=","
             ecep:reg=","
             ecep:spe=",">,</pc>
      </l>
      <l xml:id="n22cs-l00675">
         <c> </c>
         <w xml:id="n22cs-040340"
            n="0027-a-0880"
            ecep:lem="and"
            ecep:pos="cc"
            ecep:reg="And"
            ecep:spe="And"
            ecep:syllab="1"
            ecep:pron="ænd">And</w>
         <c> </c>
         <w xml:id="n22cs-040350"
            n="0027-a-0890"
            ecep:lem="laugh"
            ecep:pos="vvi"
            ecep:reg="laugh"
            ecep:spe="laugh"
            ecep:syllab="1"
            ecep:pron="lɑːf">laugh</w>
         <c> </c>
         <w xml:id="n22cs-040360"
            n="0027-a-0900"
            ecep:lem="at"
            ecep:pos="p-acp"
            ecep:reg="at"
            ecep:spe="at"
            ecep:syllab="1"
            ecep:pron="æt">at</w>
         <c> </c>
         <w xml:id="n22cs-040370"
            n="0027-a-0910"
            ecep:lem="tear"
            ecep:pos="n2"
            ecep:reg="tears"
            ecep:spe="tears"
            ecep:syllab="1"
            ecep:pron="tɪəz">tears</w>
         <c> </c>
         <w xml:id="n22cs-040380"
            n="0027-a-0920"
            ecep:lem="themselves"
            ecep:pos="px32"
            ecep:reg="themselves"
            ecep:spe="themselves"
            ecep:syllab="2"
            ecep:pron="ðəmˈselvz">themselves</w>
         <c> </c>
         <w xml:id="n22cs-040390"
            n="0027-a-0930"
            ecep:lem="have"
            ecep:pos="vhb"
            ecep:reg="have"
            ecep:spe="have"
            ecep:syllab="1"
            ecep:pron="hæv">have</w>
         <c> </c>
         <w xml:id="n22cs-040400"
            n="0027-a-0940"
            ecep:lem="force"
            ecep:pos="vvn"
            ecep:reg="forced"
            ecep:spe="forc'd"
            ecep:syllab="1"
            ecep:pron="fɔːst">forc'd</w>
         <c> </c>
         <w xml:id="n22cs-040410"
            n="0027-a-0950"
            ecep:lem="to"
            ecep:pos="pc-acp"
            ecep:reg="to"
            ecep:spe="to"
            ecep:syllab="1"
            ecep:pron="tuː">to</w>
         <c> </c>
         <w xml:id="n22cs-040420"
            n="0027-a-0960"
            ecep:lem="flow"
            ecep:pos="vvi"
            ecep:reg="flow"
            ecep:spe="flow"
            ecep:syllab="1"
            ecep:pron="fləʊ">flow</w>
         <pc xml:id="n22cs-040430"
             n="0027-a-0970"
             unit="sentence"
             ecep:lem="."
             ecep:pos="."
             ecep:reg="."
             ecep:spe=".">.</pc>
         <c> </c>
         <note n="[*]" place="bottom" xml:id="n22cs-n00085">
            <p xml:id="n22cs-s00270">
               <label>
                  <w xml:id="n22cs-040470"
                     n="0027-a-0980"
                     ecep:lem="line"
                     ecep:pos="n1"
                     ecep:reg="LINE"
                     ecep:spe="LINE"
                     ecep:syllab="1"
                     ecep:pron="laɪn">LINE</w>
                  <c> </c>
                  <w xml:id="n22cs-040480"
                     n="0027-a-0990"
                     ecep:lem="10."
                     ecep:pos="crd"
                     ecep:reg="10."
                     ecep:spe="10."
                     ecep:syllab="1"
                     ecep:pron="tˈen">10.</w>
                  <pc unit="sentence" xml:id="n22cs-040480-eos" n="0027-a-1000"/>
                  <c> </c>
               </label>
               <q>
                  <l xml:id="n22cs-l00680">
                     <w xml:id="n22cs-040510"
                        n="0027-a-1010"
                        ecep:lem="and"
                        ecep:pos="cc"
                        ecep:reg="And"
                        ecep:spe="And"
                        ecep:syllab="1"
                        ecep:pron="ænd">And</w>
                     <c> </c>
                     <w xml:id="n22cs-040520"
                        n="0027-a-1020"
                        ecep:lem="laugh"
                        ecep:pos="vvb"
                        ecep:reg="laugh"
                        ecep:spe="laugh"
                        ecep:syllab="1"
                        ecep:pron="lɑːf">laugh</w>
                     <c> </c>
                     <w xml:id="n22cs-040530"
                        n="0027-a-1030"
                        ecep:lem="at"
                        ecep:pos="p-acp"
                        ecep:reg="at"
                        ecep:spe="at"
                        ecep:syllab="1"
                        ecep:pron="æt">at</w>
                     <c> </c>
                     <w xml:id="n22cs-040540"
                        n="0027-a-1040"
                        ecep:lem="tear"
                        ecep:pos="n2"
                        ecep:reg="tears"
                        ecep:spe="tears"
                        ecep:syllab="1"
                        ecep:pron="tɪəz">tears</w>
                     <c> </c>
                     <w xml:id="n22cs-040550"
                        n="0027-a-1050"
                        ecep:lem="themselves"
                        ecep:pos="px32"
                        ecep:reg="themselves"
                        ecep:spe="themselves"
                        ecep:syllab="2"
                        ecep:pron="ðəmˈselvz">themselves</w>
                     <c> </c>
                     <w xml:id="n22cs-040560"
                        n="0027-a-1060"
                        ecep:lem="have"
                        ecep:pos="vhb"
                        ecep:reg="have"
                        ecep:spe="have"
                        ecep:syllab="1"
                        ecep:pron="hæv">have</w>
                     <c> </c>
                     <w xml:id="n22cs-040570"
                        n="0027-a-1070"
                        ecep:lem="force"
                        ecep:pos="vvn"
                        ecep:reg="forced"
                        ecep:spe="forc'd"
                        ecep:syllab="1"
                        ecep:pron="fɔːst">forc'd</w>
                     <c> </c>
                     <w xml:id="n22cs-040580"
                        n="0027-a-1080"
                        ecep:lem="to"
                        ecep:pos="pc-acp"
                        ecep:reg="to"
                        ecep:spe="to"
                        ecep:syllab="1"
                        ecep:pron="tuː">to</w>
                     <c> </c>
                     <w xml:id="n22cs-040590"
                        n="0027-a-1090"
                        ecep:lem="flow"
                        ecep:pos="vvi"
                        ecep:reg="flow"
                        ecep:spe="flow"
                        ecep:syllab="1"
                        ecep:pron="fləʊ">flow</w>
                     <pc xml:id="n22cs-040600"
                         n="0027-a-1100"
                         unit="sentence"
                         ecep:lem="."
                         ecep:pos="."
                         ecep:reg="."
                         ecep:spe=".">.</pc>
                     <c> </c>
                  </l>
                  <l xml:id="n22cs-l00685">
                     <w xml:id="n22cs-040610"
                        n="0027-a-1110"
                        ecep:lem="and"
                        ecep:pos="cc"
                        ecep:reg="And"
                        ecep:spe="And"
                        ecep:syllab="1"
                        ecep:pron="ænd">And</w>
                     <c> </c>
                     <w xml:id="n22cs-040620"
                        n="0027-a-1120"
                        ecep:lem="hard"
                        ecep:pos="j"
                        ecep:reg="hard"
                        ecep:spe="hard"
                        ecep:syllab="1"
                        ecep:pron="hɑːd">hard</w>
                     <c> </c>
                     <w xml:id="n22cs-040630"
                        n="0027-a-1130"
                        ecep:lem="unkindness"
                        ecep:pos="ng1"
                        ecep:reg="Unkindness'"
                        ecep:spe="Unkindness'"
                        ecep:syllab="3"
                        ecep:pron="ʌnˈkaɪnnɪs">Unkindness'</w>
                     <c> </c>
                     <w xml:id="n22cs-040650"
                        n="0027-a-1150"
                        ecep:lem="alter"
                        ecep:pos="j-vvn"
                        ecep:reg="altered"
                        ecep:spe="alter'd"
                        ecep:syllab="2"
                        ecep:pron="ˈɔːltəd">alter'd</w>
                     <c> </c>
                     <w xml:id="n22cs-040660"
                        n="0027-a-1160"
                        ecep:lem="eye"
                        ecep:pos="n1"
                        ecep:reg="eye"
                        ecep:spe="eye"
                        ecep:syllab="1"
                        ecep:pron="aɪ">eye</w>
                     <pc xml:id="n22cs-040670"
                         n="0027-a-1170"
                         ecep:lem=","
                         ecep:pos=","
                         ecep:reg=","
                         ecep:spe=",">,</pc>
                  </l>
                  <l xml:id="n22cs-l00690">
                     <c> </c>
                     <w xml:id="n22cs-040680"
                        n="0027-a-1180"
                        ecep:lem="that"
                        ecep:pos="cst"
                        ecep:reg="That"
                        ecep:spe="That"
                        ecep:syllab="1"
                        ecep:pron="ðæt">That</w>
                     <c> </c>
                     <w xml:id="n22cs-040690"
                        n="0027-a-1190"
                        ecep:lem="mock"
                        ecep:pos="vvz"
                        ecep:reg="mocks"
                        ecep:spe="mocks"
                        ecep:syllab="1"
                        ecep:pron="mɒks">mocks</w>
                     <c> </c>
                     <w xml:id="n22cs-040700"
                        n="0027-a-1200"
                        ecep:lem="the"
                        ecep:pos="dt"
                        ecep:reg="the"
                        ecep:spe="the"
                        ecep:syllab="1"
                        ecep:pron="ðiː">the</w>
                     <c> </c>
                     <w xml:id="n22cs-040710"
                        n="0027-a-1210"
                        ecep:lem="tear"
                        ecep:pos="n1"
                        ecep:reg="tear"
                        ecep:spe="tear"
                        ecep:syllab="1"
                        ecep:pron="tɪə">tear</w>
                     <c> </c>
                     <w xml:id="n22cs-040720"
                        n="0027-a-1220"
                        ecep:lem="it"
                        ecep:pos="pn31"
                        ecep:reg="it"
                        ecep:spe="it"
                        ecep:syllab="1"
                        ecep:pron="ɪt">it</w>
                     <c> </c>
                     <w xml:id="n22cs-040730"
                        n="0027-a-1230"
                        ecep:lem="force"
                        ecep:pos="vvd"
                        ecep:reg="forced"
                        ecep:spe="forc'd"
                        ecep:syllab="1"
                        ecep:pron="fɔːst">forc'd</w>
                     <c> </c>
                     <w xml:id="n22cs-040740"
                        n="0027-a-1240"
                        ecep:lem="to"
                        ecep:pos="pc-acp"
                        ecep:reg="to"
                        ecep:spe="to"
                        ecep:syllab="1"
                        ecep:pron="tuː">to</w>
                     <c> </c>
                     <w xml:id="n22cs-040750"
                        n="0027-a-1250"
                        ecep:lem="flow"
                        ecep:pos="vvi"
                        ecep:reg="flow"
                        ecep:spe="flow"
                        ecep:syllab="1"
                        ecep:pron="fləʊ">flow</w>
                     <pc xml:id="n22cs-040760"
                         n="0027-a-1260"
                         unit="sentence"
                         ecep:lem="."
                         ecep:pos="."
                         ecep:reg="."
                         ecep:spe=".">.</pc>
                     <c> </c>
                  </l>
                  <bibl>
                     <hi>
                        <w xml:id="n22cs-040780"
                           n="0027-a-1270"
                           ecep:lem="grey"
                           ecep:pos="j-jn"
                           ecep:reg="Grey"
                           ecep:spe="Gray"
                           ecep:syllab="1"
                           ecep:pron="greɪ">Gray</w>
                        <pc xml:id="n22cs-040790"
                            n="0027-a-1280"
                            unit="sentence"
                            ecep:lem="."
                            ecep:pos="."
                            ecep:reg="."
                            ecep:spe=".">.</pc>
                        <c> </c>
                     </hi>
                  </bibl>
               </q>
            </p>
         </note>
         <milestone n="10" type="tcpmilestone" unit="unspecified"/>
      </l>
      <l xml:id="n22cs-l00695">
         <w xml:id="n22cs-040810"
            n="0027-a-1290"
            ecep:lem="nor"
            ecep:pos="ccx"
            ecep:reg="Nor"
            ecep:spe="Nor"
            ecep:syllab="1"
            ecep:pron="nɔː">Nor</w>
         <c> </c>
         <hi>
            <w xml:id="n22cs-040820"
               n="0027-a-1300"
               ecep:lem="his"
               ecep:pos="po31"
               ecep:reg="his"
               ecep:spe="his"
               ecep:syllab="1"
               ecep:pron="hɪz">his</w>
         </hi>
         <c> </c>
         <w xml:id="n22cs-040830"
            n="0027-a-1310"
            ecep:lem="rude"
            ecep:pos="j"
            ecep:reg="rude"
            ecep:spe="rude"
            ecep:syllab="1"
            ecep:pron="ruːd">rude</w>
         <c> </c>
         <w xml:id="n22cs-040840"
            n="0027-a-1320"
            ecep:lem="bosom"
            ecep:pos="n1"
            ecep:reg="bosom"
            ecep:spe="bosom"
            ecep:syllab="2"
            ecep:pron="ˈbʊzm">bosom</w>
         <c> </c>
         <w xml:id="n22cs-040850"
            n="0027-a-1330"
            ecep:lem="those"
            ecep:pos="d"
            ecep:reg="those"
            ecep:spe="those"
            ecep:syllab="1"
            ecep:pron="ðəʊz">those</w>
         <c> </c>
         <w xml:id="n22cs-040860"
            n="0027-a-1340"
            ecep:lem="fine"
            ecep:pos="j"
            ecep:reg="fine"
            ecep:spe="fine"
            ecep:syllab="1"
            ecep:pron="faɪn">fine</w>
         <c> </c>
         <w xml:id="n22cs-040870"
            n="0027-a-1350"
            ecep:lem="feeling"
            ecep:pos="n2"
            ecep:reg="feelings"
            ecep:spe="feelings"
            ecep:syllab="2"
            ecep:pron="ˈfiːlɪŋz">feelings</w>
         <c> </c>
         <w xml:id="n22cs-040880"
            n="0027-a-1360"
            ecep:lem="melt"
            ecep:pos="vvi"
            ecep:reg="melt"
            ecep:spe="melt"
            ecep:syllab="1"
            ecep:pron="melt">melt</w>
         <pc xml:id="n22cs-040890"
             n="0027-a-1370"
             ecep:lem=","
             ecep:pos=","
             ecep:reg=","
             ecep:spe=",">,</pc>
      </l>
      <l xml:id="n22cs-l00700">
         <c> </c>
         <w xml:id="n22cs-040900"
            n="0027-a-1380"
            ecep:lem="child"
            ecep:pos="n2"
            ecep:reg="Children"
            ecep:spe="Children"
            ecep:syllab="2"
            ecep:pron="ˈtʃɪldrn">Children</w>
         <c> </c>
         <w xml:id="n22cs-040910"
            n="0027-a-1390"
            ecep:lem="of"
            ecep:pos="pp-f"
            ecep:reg="of"
            ecep:spe="of"
            ecep:syllab="1"
            ecep:pron="ɒv">of</w>
         <c> </c>
         <w xml:id="n22cs-040920"
            n="0027-a-1400"
            ecep:lem="sentiment"
            ecep:pos="n1"
            ecep:reg="Sentiment"
            ecep:spe="Sentiment"
            ecep:syllab="3"
            ecep:pron="ˈsentɪmənt">Sentiment</w>
         <c> </c>
         <w xml:id="n22cs-040930"
            n="0027-a-1410"
            ecep:lem="and"
            ecep:pos="cc"
            ecep:reg="and"
            ecep:spe="and"
            ecep:syllab="1"
            ecep:pron="ænd">and</w>
         <c> </c>
         <w xml:id="n22cs-040940"
            n="0027-a-1420"
            ecep:lem="knowledge"
            ecep:pos="n1"
            ecep:reg="Knowledge"
            ecep:spe="Knowledge"
            ecep:syllab="2"
            ecep:pron="ˈnɒlɪdʒ">Knowledge</w>
         <c> </c>
         <w xml:id="n22cs-040950"
            n="0027-a-1430"
            ecep:lem="bear"
            ecep:pos="vvn"
            ecep:reg="born"
            ecep:spe="born"
            ecep:syllab="1"
            ecep:pron="bɔːn">born</w>
         <pc xml:id="n22cs-040960"
             n="0027-a-1440"
             ecep:lem=","
             ecep:pos=","
             ecep:reg=","
             ecep:spe=",">,</pc>
      </l>
      <l xml:id="n22cs-l00705">
         <c> </c>
         <w xml:id="n22cs-040970"
            n="0027-a-1450"
            ecep:lem="through"
            ecep:pos="p-acp"
            ecep:reg="Through"
            ecep:spe="Thro'"
            ecep:syllab="1"
            ecep:pron="θruː">Thro'</w>
         <c> </c>
         <w xml:id="n22cs-040980"
            n="0027-a-1460"
            ecep:lem="who"
            ecep:pos="r-crq"
            ecep:reg="whom"
            ecep:spe="whom"
            ecep:syllab="1"
            ecep:pron="huːm">whom</w>
         <c> </c>
         <w xml:id="n22cs-040990"
            n="0027-a-1470"
            ecep:lem="each"
            ecep:pos="d"
            ecep:reg="each"
            ecep:spe="each"
            ecep:syllab="1"
            ecep:pron="iːtʃ">each</w>
         <c> </c>
         <w xml:id="n22cs-041000"
            n="0027-a-1480"
            ecep:lem="shaft"
            ecep:pos="n1"
            ecep:reg="shaft"
            ecep:spe="shaft"
            ecep:syllab="1"
            ecep:pron="ʃɑːft">shaft</w>
         <c> </c>
         <w xml:id="n22cs-041010"
            n="0027-a-1490"
            ecep:lem="with"
            ecep:pos="p-acp"
            ecep:reg="with"
            ecep:spe="with"
            ecep:syllab="1"
            ecep:pron="wɪð">with</w>
         <c> </c>
         <w xml:id="n22cs-041020"
            n="0027-a-1500"
            ecep:lem="cruel"
            ecep:pos="j"
            ecep:reg="cruel"
            ecep:spe="cruel"
            ecep:syllab="2"
            ecep:pron="ˈkruːəl">cruel</w>
         <c> </c>
         <w xml:id="n22cs-041030"
            n="0027-a-1510"
            ecep:lem="force"
            ecep:pos="n1"
            ecep:reg="force"
            ecep:spe="force"
            ecep:syllab="1"
            ecep:pron="fɔːs">force</w>
         <c> </c>
         <w xml:id="n22cs-041040"
            n="0027-a-1520"
            ecep:lem="be"
            ecep:pos="vbz"
            ecep:reg="is"
            ecep:spe="is"
            ecep:syllab="1"
            ecep:pron="ɪz">is</w>
         <c> </c>
         <w xml:id="n22cs-041050"
            n="0027-a-1530"
            ecep:lem="feel"
            ecep:pos="vvn"
            ecep:reg="felt"
            ecep:spe="felt"
            ecep:syllab="1"
            ecep:pron="felt">felt</w>
      </l>
      <l xml:id="n22cs-l00710">
         <c> </c>
         <w xml:id="n22cs-041060"
            n="0027-a-1540"
            ecep:lem="empoison"
            ecep:pos="vvn"
            ecep:reg="Empoisoned"
            ecep:spe="Empoison'd"
            ecep:syllab="3"
            ecep:pron="empˈɔɪzənd">Empoison'd</w>
         <c> </c>
         <w xml:id="n22cs-041070"
            n="0027-a-1550"
            ecep:lem="by"
            ecep:pos="p-acp"
            ecep:reg="by"
            ecep:spe="by"
            ecep:syllab="1"
            ecep:pron="baɪ">by</w>
         <c> </c>
         <w xml:id="n22cs-041080"
            n="0027-a-1560"
            ecep:lem="deceit"
            ecep:pos="n1"
            ecep:reg="deceit"
            ecep:spe="deceit"
            ecep:syllab="2"
            ecep:pron="dɪˈsiːt">deceit</w>
         <c> </c>
         <pc xml:id="n22cs-041090"
             n="0027-a-1570"
             ecep:lem="—"
             ecep:pos="—"
             ecep:reg="—"
             ecep:spe="—">—</pc>
         <c> </c>
         <w xml:id="n22cs-041100"
            n="0027-a-1580"
            ecep:lem="or"
            ecep:pos="cc"
            ecep:reg="or"
            ecep:spe="or"
            ecep:syllab="1"
            ecep:pron="ɔː">or</w>
         <c> </c>
         <w xml:id="n22cs-041110"
            n="0027-a-1590"
            ecep:lem="barb"
            ecep:pos="vvd"
            ecep:reg="barbed"
            ecep:spe="barb'd"
            ecep:syllab="1"
            ecep:pron="bɑːbd">barb'd</w>
         <c> </c>
         <w xml:id="n22cs-041120"
            n="0027-a-1600"
            ecep:lem="with"
            ecep:pos="p-acp"
            ecep:reg="with"
            ecep:spe="with"
            ecep:syllab="1"
            ecep:pron="wɪð">with</w>
         <c> </c>
         <w xml:id="n22cs-041130"
            n="0027-a-1610"
            ecep:lem="scorn"
            ecep:pos="n1"
            ecep:reg="scorn"
            ecep:spe="scorn"
            ecep:syllab="1"
            ecep:pron="skɔːn">scorn</w>
         <pc xml:id="n22cs-041140"
             n="0027-a-1620"
             unit="sentence"
             ecep:lem="."
             ecep:pos="."
             ecep:reg="."
             ecep:spe=".">.</pc>
         <c> </c>
      </l>
   </lg>
</div>
