<?xml version="1.0" encoding="utf-8"?>
<!DOCTYPE div
  SYSTEM "about:legacy-compat">
<div xmlns:ecep="http://www.eighteenthcenturypoetry.org/ns"
     xmlns="http://www.tei-c.org/ns/1.0"
     xmlns:tei="http://www.tei-c.org/ns/1.0"
     ana="#iamb #pentameter #sonnet"
     corresp="#txt_SmitCh1749_w0020"
     decls="#semi-normalized"
     ecep:syllab="10"
     met="-+|-+|-+|-+|-+/"
     n="19"
     rendition="#lgvspace"
     rhyme="ababcdcdefefgg"
     subtype="eceptext"
     type="sonnet"
     xml:id="n22cs-w0190">
   <link target="authors.xml#aut_SmitCh1749" type="author"/>
   <head type="main">
      <w xml:id="n22cs-057490"
         n="0038-a-0010"
         ecep:lem="sonnet"
         ecep:pos="n1"
         ecep:reg="SONNET"
         ecep:spe="SONNET"
         ecep:syllab="2"
         ecep:pron="ˈsɒnɪt">SONNET</w>
      <c> </c>
      <pc xml:id="n22cs-057491"
          ecep:lem="["
          ecep:pos="["
          ecep:reg="["
          ecep:spe="[">[</pc>
      <w xml:id="n22cs-057492"
         ecep:lem="19"
         ecep:pos="crd"
         ecep:reg="19"
         ecep:spe="19"
         ecep:syllab="1"
         ecep:pron="nˈaɪntiːn">19</w>
      <pc xml:id="n22cs-057493"
          ecep:lem="]"
          ecep:pos="]"
          ecep:reg="]"
          ecep:spe="]">]</pc>
      <c> </c>
      <w xml:id="n22cs-057500"
         n="0038-a-0020"
         ecep:lem="xix"
         ecep:pos="crd"
         ecep:reg="XIX"
         ecep:spe="XIX"
         ecep:syllab="1"
         ecep:pron="rˌəʊmənnˈaɪntiːn">XIX</w>
      <pc xml:id="n22cs-057510"
          n="0038-a-0030"
          unit="sentence"
          ecep:lem="."
          ecep:pos="."
          ecep:reg="."
          ecep:spe=".">.</pc>
      <c> </c>
      <hi>
         <w xml:id="n22cs-057520"
            n="0038-a-0040"
            ecep:lem="to"
            ecep:pos="p-acp"
            ecep:reg="To"
            ecep:spe="To"
            ecep:syllab="1"
            ecep:pron="tuː">To</w>
         <c> </c>
         <w xml:id="n22cs-057530"
            n="0038-a-0050"
            ecep:lem="mr."
            ecep:pos="n1"
            ecep:reg="Mr."
            ecep:spe="Mr."
            ecep:syllab="2"
            ecep:pron="mɪstə">Mr.</w>
         <c> </c>
         <w xml:id="n22cs-057540"
            n="0038-a-0060"
            ecep:lem="Hayley"
            ecep:pos="np1"
            ecep:reg="Hayley"
            ecep:spe="Hayley"
            ecep:syllab="2"
            ecep:pron="ˈheɪli">Hayley</w>
         <pc xml:id="n22cs-057550"
             n="0038-a-0070"
             unit="sentence"
             ecep:lem="."
             ecep:pos="."
             ecep:reg="."
             ecep:spe=".">.</pc>
         <c> </c>
      </hi>
      <w xml:id="n22cs-057560"
         n="0038-a-0080"
         ecep:lem="on"
         ecep:pos="p-acp"
         ecep:reg="On"
         ecep:spe="On"
         ecep:syllab="1"
         ecep:pron="ɒn">On</w>
      <c> </c>
      <w xml:id="n22cs-057570"
         n="0038-a-0090"
         ecep:lem="receive"
         ecep:pos="vvg"
         ecep:reg="receiving"
         ecep:spe="receiving"
         ecep:syllab="3"
         ecep:pron="rɪˈsiːvɪŋ">receiving</w>
      <c> </c>
      <w xml:id="n22cs-057580"
         n="0038-a-0100"
         ecep:lem="some"
         ecep:pos="d"
         ecep:reg="some"
         ecep:spe="some"
         ecep:syllab="1"
         ecep:pron="sʌm">some</w>
      <c> </c>
      <w xml:id="n22cs-057590"
         n="0038-a-0110"
         ecep:lem="elegant"
         ecep:pos="j"
         ecep:reg="elegant"
         ecep:spe="elegant"
         ecep:syllab="3"
         ecep:pron="ˈelɪgnt">elegant</w>
      <c> </c>
      <w xml:id="n22cs-057600"
         n="0038-a-0120"
         ecep:lem="line"
         ecep:pos="n2"
         ecep:reg="Lines"
         ecep:spe="Lines"
         ecep:syllab="1"
         ecep:pron="laɪnz">Lines</w>
      <c> </c>
      <w xml:id="n22cs-057610"
         n="0038-a-0130"
         ecep:lem="from"
         ecep:pos="p-acp"
         ecep:reg="from"
         ecep:spe="from"
         ecep:syllab="1"
         ecep:pron="frɒm">from</w>
      <c> </c>
      <w xml:id="n22cs-057620"
         n="0038-a-0140"
         ecep:lem="he"
         ecep:pos="pno31"
         ecep:reg="him"
         ecep:spe="him"
         ecep:syllab="1"
         ecep:pron="hɪm">him</w>
      <pc xml:id="n22cs-057630"
          n="0038-a-0150"
          unit="sentence"
          ecep:lem="."
          ecep:pos="."
          ecep:reg="."
          ecep:spe=".">.</pc>
   </head>
   <lg xml:id="n22cs-s00415">
      <l xml:id="n22cs-l01395">
         <w xml:id="n22cs-057660"
            n="0038-a-0160"
            ecep:lem="for"
            ecep:pos="p-acp"
            ecep:reg="FOR"
            ecep:spe="FOR"
            ecep:syllab="1"
            ecep:pron="fɔː">FOR</w>
         <c> </c>
         <w xml:id="n22cs-057670"
            n="0038-a-0170"
            ecep:lem="i"
            ecep:pos="pno11"
            ecep:reg="me"
            ecep:spe="me"
            ecep:syllab="1"
            ecep:pron="miː">me</w>
         <c> </c>
         <w xml:id="n22cs-057680"
            n="0038-a-0180"
            ecep:lem="the"
            ecep:pos="dt"
            ecep:reg="the"
            ecep:spe="the"
            ecep:syllab="1"
            ecep:pron="ðiː">the</w>
         <c> </c>
         <w xml:id="n22cs-057690"
            n="0038-a-0190"
            ecep:lem="muse"
            ecep:pos="n1"
            ecep:reg="Muse"
            ecep:spe="Muse"
            ecep:syllab="1"
            ecep:pron="mjuːz">Muse</w>
         <c> </c>
         <w xml:id="n22cs-057700"
            n="0038-a-0200"
            ecep:lem="a"
            ecep:pos="dt"
            ecep:reg="a"
            ecep:spe="a"
            ecep:syllab="1"
            ecep:pron="ə">a</w>
         <c> </c>
         <w xml:id="n22cs-057710"
            n="0038-a-0210"
            ecep:lem="simple"
            ecep:pos="j"
            ecep:reg="simple"
            ecep:spe="simple"
            ecep:syllab="2"
            ecep:pron="ˈsɪmpl">simple</w>
         <c> </c>
         <w xml:id="n22cs-057720"
            n="0038-a-0220"
            ecep:lem="band"
            ecep:pos="n1"
            ecep:reg="band"
            ecep:spe="band"
            ecep:syllab="1"
            ecep:pron="bænd">band</w>
         <c> </c>
         <w xml:id="n22cs-057730"
            n="0038-a-0230"
            ecep:lem="design"
            ecep:pos="vvn"
            ecep:reg="designed"
            ecep:spe="design'd"
            ecep:syllab="2"
            ecep:pron="dɪˈzaɪnd">design'd</w>
      </l>
      <l xml:id="n22cs-l01400">
         <c> </c>
         <w xml:id="n22cs-057740"
            n="0038-a-0240"
            ecep:lem="of"
            ecep:pos="pp-f"
            ecep:reg="Of"
            ecep:spe="Of"
            ecep:syllab="1"
            ecep:pron="ɒv">Of</w>
         <c> </c>
         <pc xml:id="n22cs-057750"
             n="0038-a-0250"
             ecep:lem="'"
             ecep:pos="'"
             ecep:reg="'"
             ecep:spe="'">'</pc>
         <w xml:id="n22cs-057760"
            n="0038-a-0260"
            ecep:lem="idle"
            ecep:pos="j"
            ecep:reg="idle"
            ecep:spe="idle"
            ecep:syllab="2"
            ecep:pron="ˈaɪdl">idle</w>
         <pc xml:id="n22cs-057770"
             n="0038-a-0270"
             ecep:lem="'"
             ecep:pos="'"
             ecep:reg="'"
             ecep:spe="'">'</pc>
         <c> </c>
         <w xml:id="n22cs-057780"
            n="0038-a-0280"
            ecep:lem="flower"
            ecep:pos="n2"
            ecep:reg="flowers"
            ecep:spe="flow'rs"
            ecep:syllab="1"
            ecep:pron="flæəz">flow'rs</w>
         <pc xml:id="n22cs-057790"
             n="0038-a-0290"
             ecep:lem=","
             ecep:pos=","
             ecep:reg=","
             ecep:spe=",">,</pc>
         <c> </c>
         <w xml:id="n22cs-057800"
            n="0038-a-0300"
            ecep:lem="that"
            ecep:pos="cst"
            ecep:reg="that"
            ecep:spe="that"
            ecep:syllab="1"
            ecep:pron="ðæt">that</w>
         <c> </c>
         <w xml:id="n22cs-057810"
            n="0038-a-0310"
            ecep:lem="bloom"
            ecep:pos="n1"
            ecep:reg="bloom"
            ecep:spe="bloom"
            ecep:syllab="1"
            ecep:pron="bluːm">bloom</w>
         <c> </c>
         <w xml:id="n22cs-057820"
            n="0038-a-0320"
            ecep:lem="the"
            ecep:pos="dt"
            ecep:reg="the"
            ecep:spe="the"
            ecep:syllab="1"
            ecep:pron="ðiː">the</w>
         <c> </c>
         <w xml:id="n22cs-057830"
            n="0038-a-0330"
            ecep:lem="wood"
            ecep:pos="n2"
            ecep:reg="woods"
            ecep:spe="woods"
            ecep:syllab="1"
            ecep:pron="wʊdz">woods</w>
         <c> </c>
         <w xml:id="n22cs-057840"
            n="0038-a-0340"
            ecep:lem="among"
            ecep:pos="p-acp"
            ecep:reg="among"
            ecep:spe="among"
            ecep:syllab="2"
            ecep:pron="əˈmʌŋ">among</w>
         <pc xml:id="n22cs-057850"
             n="0038-a-0350"
             ecep:lem=","
             ecep:pos=","
             ecep:reg=","
             ecep:spe=",">,</pc>
      </l>
      <l xml:id="n22cs-l01405">
         <c> </c>
         <w xml:id="n22cs-057860"
            n="0038-a-0360"
            ecep:lem="which"
            ecep:pos="r-crq"
            ecep:reg="Which"
            ecep:spe="Which"
            ecep:syllab="1"
            ecep:pron="wɪtʃ">Which</w>
         <c> </c>
         <w xml:id="n22cs-057870"
            n="0038-a-0370"
            ecep:lem="with"
            ecep:pos="p-acp"
            ecep:reg="with"
            ecep:spe="with"
            ecep:syllab="1"
            ecep:pron="wɪð">with</w>
         <c> </c>
         <w xml:id="n22cs-057880"
            n="0038-a-0380"
            ecep:lem="the"
            ecep:pos="dt"
            ecep:reg="the"
            ecep:spe="the"
            ecep:syllab="1"
            ecep:pron="ðiː">the</w>
         <c> </c>
         <w xml:id="n22cs-057890"
            n="0038-a-0390"
            ecep:lem="cypress"
            ecep:pos="n1"
            ecep:reg="cypress"
            ecep:spe="cypress"
            ecep:syllab="2"
            ecep:pron="ˈsaɪprəs">cypress</w>
         <c> </c>
         <w xml:id="n22cs-057900"
            n="0038-a-0400"
            ecep:lem="and"
            ecep:pos="cc"
            ecep:reg="and"
            ecep:spe="and"
            ecep:syllab="1"
            ecep:pron="ænd">and</w>
         <c> </c>
         <w xml:id="n22cs-057910"
            n="0038-a-0410"
            ecep:lem="the"
            ecep:pos="dt"
            ecep:reg="the"
            ecep:spe="the"
            ecep:syllab="1"
            ecep:pron="ðiː">the</w>
         <c> </c>
         <w xml:id="n22cs-057920"
            n="0038-a-0420"
            ecep:lem="willow"
            ecep:pos="n1"
            ecep:reg="willow"
            ecep:spe="willow"
            ecep:syllab="2"
            ecep:pron="ˈwɪləʊ">willow</w>
         <c> </c>
         <w xml:id="n22cs-057930"
            n="0038-a-0430"
            ecep:lem="join"
            ecep:pos="vvd"
            ecep:reg="joined"
            ecep:spe="join'd"
            ecep:syllab="1"
            ecep:pron="dʒɔɪnd">join'd</w>
         <pc xml:id="n22cs-057940"
             n="0038-a-0440"
             ecep:lem=","
             ecep:pos=","
             ecep:reg=","
             ecep:spe=",">,</pc>
      </l>
      <l xml:id="n22cs-l01410">
         <c> </c>
         <w xml:id="n22cs-057950"
            n="0038-a-0450"
            ecep:lem="a"
            ecep:pos="dt"
            ecep:reg="A"
            ecep:spe="A"
            ecep:syllab="1"
            ecep:pron="ə">A</w>
         <c> </c>
         <w xml:id="n22cs-057960"
            n="0038-a-0460"
            ecep:lem="garland"
            ecep:pos="n1"
            ecep:reg="garland"
            ecep:spe="garland"
            ecep:syllab="2"
            ecep:pron="ˈgɑːlənd">garland</w>
         <c> </c>
         <w xml:id="n22cs-057970"
            n="0038-a-0470"
            ecep:lem="form"
            ecep:pos="vvn"
            ecep:reg="formed"
            ecep:spe="form'd"
            ecep:syllab="1"
            ecep:pron="fɔːmd">form'd</w>
         <pc xml:id="n22cs-057980"
             n="0038-a-0480"
             ecep:lem=","
             ecep:pos=","
             ecep:reg=","
             ecep:spe=",">,</pc>
         <c> </c>
         <w xml:id="n22cs-057990"
            n="0038-a-0490"
            ecep:lem="as"
            ecep:pos="c-acp"
            ecep:reg="as"
            ecep:spe="as"
            ecep:syllab="1"
            ecep:pron="æz">as</w>
         <c> </c>
         <w xml:id="n22cs-058000"
            n="0038-a-0500"
            ecep:lem="artless"
            ecep:pos="j"
            ecep:reg="artless"
            ecep:spe="artless"
            ecep:syllab="2"
            ecep:pron="ˈɑːtləs">artless</w>
         <c> </c>
         <w xml:id="n22cs-058010"
            n="0038-a-0510"
            ecep:lem="as"
            ecep:pos="c-acp"
            ecep:reg="as"
            ecep:spe="as"
            ecep:syllab="1"
            ecep:pron="æz">as</w>
         <c> </c>
         <w xml:id="n22cs-058020"
            n="0038-a-0520"
            ecep:lem="my"
            ecep:pos="po11"
            ecep:reg="my"
            ecep:spe="my"
            ecep:syllab="1"
            ecep:pron="maɪ">my</w>
         <c> </c>
         <w xml:id="n22cs-058030"
            n="0038-a-0530"
            ecep:lem="song"
            ecep:pos="n1"
            ecep:reg="song"
            ecep:spe="song"
            ecep:syllab="1"
            ecep:pron="sɒŋ">song</w>
         <pc xml:id="n22cs-058040"
             n="0038-a-0540"
             ecep:lem=":"
             ecep:pos=":"
             ecep:reg=":"
             ecep:spe=":">:</pc>
      </l>
      <l xml:id="n22cs-l01415">
         <c> </c>
         <w xml:id="n22cs-058050"
            n="0038-a-0550"
            ecep:lem="and"
            ecep:pos="cc"
            ecep:reg="And"
            ecep:spe="And"
            ecep:syllab="1"
            ecep:pron="ænd">And</w>
         <c> </c>
         <w xml:id="n22cs-058060"
            n="0038-a-0560"
            ecep:lem="little"
            ecep:pos="av-j"
            ecep:reg="little"
            ecep:spe="little"
            ecep:syllab="2"
            ecep:pron="ˈlɪtl">little</w>
         <c> </c>
         <w xml:id="n22cs-058070"
            n="0038-a-0570"
            ecep:lem="dare"
            ecep:pos="vvd"
            ecep:reg="dared"
            ecep:spe="dar'd"
            ecep:syllab="1"
            ecep:pron="deəd">dar'd</w>
         <c> </c>
         <w xml:id="n22cs-058080"
            n="0038-a-0580"
            ecep:lem="i"
            ecep:pos="pns11"
            ecep:reg="I"
            ecep:spe="I"
            ecep:syllab="1"
            ecep:pron="aɪ">I</w>
         <c> </c>
         <w xml:id="n22cs-058090"
            n="0038-a-0590"
            ecep:lem="hope"
            ecep:pos="vvb"
            ecep:reg="hope"
            ecep:spe="hope"
            ecep:syllab="1"
            ecep:pron="həʊp">hope</w>
         <c> </c>
         <w xml:id="n22cs-058100"
            n="0038-a-0600"
            ecep:lem="its"
            ecep:pos="po31"
            ecep:reg="its"
            ecep:spe="its"
            ecep:syllab="1"
            ecep:pron="ɪts">its</w>
         <c> </c>
         <w xml:id="n22cs-058110"
            n="0038-a-0610"
            ecep:lem="transient"
            ecep:pos="j"
            ecep:reg="transient"
            ecep:spe="transient"
            ecep:syllab="2"
            ecep:pron="ˈtrænziənt">transient</w>
         <c> </c>
         <w xml:id="n22cs-058120"
            n="0038-a-0620"
            ecep:lem="hour"
            ecep:pos="n2"
            ecep:reg="hours"
            ecep:spe="hours"
            ecep:syllab="1"
            ecep:pron="æəz">hours</w>
      </l>
      <l xml:id="n22cs-l01420">
         <c> </c>
         <w xml:id="n22cs-058130"
            n="0038-a-0630"
            ecep:lem="so"
            ecep:pos="av"
            ecep:reg="So"
            ecep:spe="So"
            ecep:syllab="1"
            ecep:pron="səʊ">So</w>
         <c> </c>
         <w xml:id="n22cs-058140"
            n="0038-a-0640"
            ecep:lem="long"
            ecep:pos="av-j"
            ecep:reg="long"
            ecep:spe="long"
            ecep:syllab="1"
            ecep:pron="lɒŋ">long</w>
         <c> </c>
         <w xml:id="n22cs-058150"
            n="0038-a-0650"
            ecep:lem="will"
            ecep:pos="vmd"
            ecep:reg="would"
            ecep:spe="would"
            ecep:syllab="1"
            ecep:pron="wʊd">would</w>
         <c> </c>
         <w xml:id="n22cs-058160"
            n="0038-a-0660"
            ecep:lem="last"
            ecep:pos="vvi"
            ecep:reg="last"
            ecep:spe="last"
            ecep:syllab="1"
            ecep:pron="lɑːst">last</w>
         <pc xml:id="n22cs-058170"
             n="0038-a-0670"
             ecep:lem=";"
             ecep:pos=";"
             ecep:reg=";"
             ecep:spe=";">;</pc>
         <c> </c>
         <w xml:id="n22cs-058180"
            n="0038-a-0680"
            ecep:lem="compose"
            ecep:pos="vvn"
            ecep:reg="composed"
            ecep:spe="compos'd"
            ecep:syllab="2"
            ecep:pron="kəmˈpəʊzd">compos'd</w>
         <c> </c>
         <w xml:id="n22cs-058190"
            n="0038-a-0690"
            ecep:lem="of"
            ecep:pos="pp-f"
            ecep:reg="of"
            ecep:spe="of"
            ecep:syllab="1"
            ecep:pron="ɒv">of</w>
         <c> </c>
         <w xml:id="n22cs-058200"
            n="0038-a-0700"
            ecep:lem="bud"
            ecep:pos="n2"
            ecep:reg="buds"
            ecep:spe="buds"
            ecep:syllab="1"
            ecep:pron="bʌdz">buds</w>
         <c> </c>
         <w xml:id="n22cs-058210"
            n="0038-a-0710"
            ecep:lem="so"
            ecep:pos="av"
            ecep:reg="so"
            ecep:spe="so"
            ecep:syllab="1"
            ecep:pron="səʊ">so</w>
         <c> </c>
         <w xml:id="n22cs-058220"
            n="0038-a-0720"
            ecep:lem="brief"
            ecep:pos="j"
            ecep:reg="brief"
            ecep:spe="brief"
            ecep:syllab="1"
            ecep:pron="briːf">brief</w>
         <pc xml:id="n22cs-058230"
             n="0038-a-0730"
             ecep:lem=";"
             ecep:pos=";"
             ecep:reg=";"
             ecep:spe=";">;</pc>
      </l>
      <l xml:id="n22cs-l01425">
         <c> </c>
         <w xml:id="n22cs-058240"
            n="0038-a-0740"
            ecep:lem="till"
            ecep:pos="p-acp"
            ecep:reg="Till"
            ecep:spe="'Till"
            ecep:syllab="1"
            ecep:pron="tˈɪl">'Till</w>
         <c> </c>
         <w xml:id="n22cs-058250"
            n="0038-a-0750"
            ecep:lem="hayley"
            ecep:pos="npg1"
            ecep:reg="Hayley's"
            ecep:spe="Hayley's"
            ecep:syllab="2"
            ecep:pron="ˈheɪliz">Hayley's</w>
         <c> </c>
         <w xml:id="n22cs-058260"
            n="0038-a-0760"
            ecep:lem="hand"
            ecep:pos="n1"
            ecep:reg="hand"
            ecep:spe="hand"
            ecep:syllab="1"
            ecep:pron="hænd">hand</w>
         <c> </c>
         <w xml:id="n22cs-058270"
            n="0038-a-0770"
            ecep:lem="among"
            ecep:pos="p-acp"
            ecep:reg="among"
            ecep:spe="among"
            ecep:syllab="2"
            ecep:pron="əˈmʌŋ">among</w>
         <c> </c>
         <w xml:id="n22cs-058280"
            n="0038-a-0780"
            ecep:lem="the"
            ecep:pos="dt"
            ecep:reg="the"
            ecep:spe="the"
            ecep:syllab="1"
            ecep:pron="ðiː">the</w>
         <c> </c>
         <w xml:id="n22cs-058290"
            n="0038-a-0790"
            ecep:lem="vagrant"
            ecep:pos="j-jn"
            ecep:reg="vagrant"
            ecep:spe="vagrant"
            ecep:syllab="2"
            ecep:pron="ˈveɪgrnt">vagrant</w>
         <c> </c>
         <w xml:id="n22cs-058300"
            n="0038-a-0800"
            ecep:lem="flower"
            ecep:pos="n2"
            ecep:reg="flowers"
            ecep:spe="flow'rs"
            ecep:syllab="1"
            ecep:pron="flæəz">flow'rs</w>
         <pc xml:id="n22cs-058310"
             n="0038-a-0810"
             ecep:lem=","
             ecep:pos=","
             ecep:reg=","
             ecep:spe=",">,</pc>
      </l>
      <l xml:id="n22cs-l01430">
         <c> </c>
         <w xml:id="n22cs-058320"
            n="0038-a-0820"
            ecep:lem="throw"
            ecep:pos="vvd"
            ecep:reg="Threw"
            ecep:spe="Threw"
            ecep:syllab="1"
            ecep:pron="θruː">Threw</w>
         <c> </c>
         <w xml:id="n22cs-058330"
            n="0038-a-0830"
            ecep:lem="from"
            ecep:pos="p-acp"
            ecep:reg="from"
            ecep:spe="from"
            ecep:syllab="1"
            ecep:pron="frɒm">from</w>
         <c> </c>
         <w xml:id="n22cs-058340"
            n="0038-a-0840"
            ecep:lem="his"
            ecep:pos="po31"
            ecep:reg="his"
            ecep:spe="his"
            ecep:syllab="1"
            ecep:pron="hɪz">his</w>
         <c> </c>
         <w xml:id="n22cs-058350"
            n="0038-a-0850"
            ecep:lem="verdant"
            ecep:pos="j"
            ecep:reg="verdant"
            ecep:spe="verdant"
            ecep:syllab="2"
            ecep:pron="ˈvɜːdnt">verdant</w>
         <c> </c>
         <w xml:id="n22cs-058360"
            n="0038-a-0860"
            ecep:lem="crown"
            ecep:pos="n1"
            ecep:reg="crown"
            ecep:spe="crown"
            ecep:syllab="1"
            ecep:pron="kraʊn">crown</w>
         <pc xml:id="n22cs-058370"
             n="0038-a-0870"
             ecep:lem=","
             ecep:pos=","
             ecep:reg=","
             ecep:spe=",">,</pc>
         <c> </c>
         <w xml:id="n22cs-058380"
            n="0038-a-0880"
            ecep:lem="a"
            ecep:pos="dt"
            ecep:reg="a"
            ecep:spe="a"
            ecep:syllab="1"
            ecep:pron="ə">a</w>
         <c> </c>
         <w xml:id="n22cs-058390"
            n="0038-a-0890"
            ecep:lem="deathless"
            ecep:pos="j"
            ecep:reg="deathless"
            ecep:spe="deathless"
            ecep:syllab="2"
            ecep:pron="ˈdeθləs">deathless</w>
         <c> </c>
         <w xml:id="n22cs-058400"
            n="0038-a-0900"
            ecep:lem="leaf"
            ecep:pos="n1"
            ecep:reg="leaf"
            ecep:spe="leaf"
            ecep:syllab="1"
            ecep:pron="liːf">leaf</w>
         <pc xml:id="n22cs-058410"
             n="0038-a-0910"
             unit="sentence"
             ecep:lem="."
             ecep:pos="."
             ecep:reg="."
             ecep:spe=".">.</pc>
         <c> </c>
      </l>
      <l xml:id="n22cs-l01435">
         <w xml:id="n22cs-058420"
            n="0038-a-0920"
            ecep:lem="for"
            ecep:pos="p-acp"
            ecep:reg="For"
            ecep:spe="For"
            ecep:syllab="1"
            ecep:pron="fɔː">For</w>
         <c> </c>
         <w xml:id="n22cs-058430"
            n="0038-a-0930"
            ecep:lem="high"
            ecep:pos="j"
            ecep:reg="high"
            ecep:spe="high"
            ecep:syllab="1"
            ecep:pron="haɪ">high</w>
         <c> </c>
         <w xml:id="n22cs-058440"
            n="0038-a-0940"
            ecep:lem="in"
            ecep:pos="p-acp"
            ecep:reg="in"
            ecep:spe="in"
            ecep:syllab="1"
            ecep:pron="ɪn">in</w>
         <c> </c>
         <w xml:id="n22cs-058450"
            n="0038-a-0950"
            ecep:lem="fame"
            ecep:pos="ng1"
            ecep:reg="Fame's"
            ecep:spe="Fame's"
            ecep:syllab="2"
            ecep:pron="feɪmz">Fame's</w>
         <c> </c>
         <w xml:id="n22cs-058460"
            n="0038-a-0960"
            ecep:lem="bright"
            ecep:pos="j"
            ecep:reg="bright"
            ecep:spe="bright"
            ecep:syllab="1"
            ecep:pron="braɪt">bright</w>
         <c> </c>
         <w xml:id="n22cs-058470"
            n="0038-a-0970"
            ecep:lem="fane"
            ecep:pos="n1"
            ecep:reg="fane"
            ecep:spe="fane"
            ecep:syllab="1"
            ecep:pron="feɪn">fane</w>
         <c> </c>
         <w xml:id="n22cs-058480"
            n="0038-a-0980"
            ecep:lem="have"
            ecep:pos="vhz"
            ecep:reg="has"
            ecep:spe="has"
            ecep:syllab="1"
            ecep:pron="hæz">has</w>
         <c> </c>
         <w xml:id="n22cs-058490"
            n="0038-a-0990"
            ecep:lem="judgement"
            ecep:pos="n1"
            ecep:reg="Judgement"
            ecep:spe="Judgment"
            ecep:syllab="2"
            ecep:pron="ˈdʒʌdʒmənt">Judgment</w>
         <c> </c>
         <w xml:id="n22cs-058500"
            n="0038-a-1000"
            ecep:lem="place"
            ecep:pos="vvn"
            ecep:reg="placed"
            ecep:spe="plac'd"
            ecep:syllab="1"
            ecep:pron="pleɪst">plac'd</w>
      </l>
      <l xml:id="n22cs-l01440">
         <c> </c>
         <w xml:id="n22cs-058510"
            n="0038-a-1010"
            ecep:lem="the"
            ecep:pos="dt"
            ecep:reg="The"
            ecep:spe="The"
            ecep:syllab="1"
            ecep:pron="ðiː">The</w>
         <c> </c>
         <w xml:id="n22cs-058520"
            n="0038-a-1020"
            ecep:lem="laurel"
            ecep:pos="n1"
            ecep:reg="laurel"
            ecep:spe="laurel"
            ecep:syllab="2"
            ecep:pron="ˈlɒrl">laurel</w>
         <c> </c>
         <w xml:id="n22cs-058530"
            n="0038-a-1030"
            ecep:lem="wreath"
            ecep:pos="n1"
            ecep:reg="wreathe"
            ecep:spe="wreath"
            ecep:syllab="1"
            ecep:pron="riːθ">wreath</w>
         <c> </c>
         <w xml:id="n22cs-058540"
            n="0038-a-1040"
            ecep:lem="serena"
            ecep:pos="fw-la"
            ecep:reg="Serena's"
            ecep:spe="Serena's"
            ecep:syllab="3"
            ecep:pron="serˈiːnəz">Serena's</w>
         <c> </c>
         <w xml:id="n22cs-058550"
            n="0038-a-1050"
            ecep:lem="poet"
            ecep:pos="n1"
            ecep:reg="poet"
            ecep:spe="poet"
            ecep:syllab="2"
            ecep:pron="ˈpəʊɪt">poet</w>
         <c> </c>
         <w xml:id="n22cs-058560"
            n="0038-a-1060"
            ecep:lem="win"
            ecep:pos="vvd"
            ecep:reg="won"
            ecep:spe="won"
            ecep:syllab="1"
            ecep:pron="wʌn">won</w>
         <pc xml:id="n22cs-058570"
             n="0038-a-1070"
             ecep:lem=";"
             ecep:pos=";"
             ecep:reg=";"
             ecep:spe=";">;</pc>
      </l>
      <l xml:id="n22cs-l01445">
         <c> </c>
         <w xml:id="n22cs-058580"
            n="0038-a-1080"
            ecep:lem="which"
            ecep:pos="r-crq"
            ecep:reg="Which"
            ecep:spe="Which"
            ecep:syllab="1"
            ecep:pron="wɪtʃ">Which</w>
         <pc xml:id="n22cs-058590"
             n="0038-a-1090"
             ecep:lem=","
             ecep:pos=","
             ecep:reg=","
             ecep:spe=",">,</pc>
         <c> </c>
         <w xml:id="n22cs-058600"
            n="0038-a-1100"
            ecep:lem="weave"
            ecep:pos="vvn"
            ecep:reg="woven"
            ecep:spe="wov'n"
            ecep:syllab="1"
            ecep:pron="wˈɒvn">wov'n</w>
         <c> </c>
         <w xml:id="n22cs-058610"
            n="0038-a-1110"
            ecep:lem="with"
            ecep:pos="p-acp"
            ecep:reg="with"
            ecep:spe="with"
            ecep:syllab="1"
            ecep:pron="wɪð">with</w>
         <c> </c>
         <w xml:id="n22cs-058620"
            n="0038-a-1120"
            ecep:lem="myrtle"
            ecep:pos="n2"
            ecep:reg="myrtles"
            ecep:spe="myrtles"
            ecep:syllab="2"
            ecep:pron="ˈmɜːtlz">myrtles</w>
         <c> </c>
         <w xml:id="n22cs-058630"
            n="0038-a-1130"
            ecep:lem="by"
            ecep:pos="p-acp"
            ecep:reg="by"
            ecep:spe="by"
            ecep:syllab="1"
            ecep:pron="baɪ">by</w>
         <c> </c>
         <w xml:id="n22cs-058640"
            n="0038-a-1140"
            ecep:lem="the"
            ecep:pos="dt"
            ecep:reg="the"
            ecep:spe="the"
            ecep:syllab="1"
            ecep:pron="ðiː">the</w>
         <c> </c>
         <w xml:id="n22cs-058650"
            n="0038-a-1150"
            ecep:lem="hand"
            ecep:pos="n2"
            ecep:reg="hands"
            ecep:spe="hands"
            ecep:syllab="1"
            ecep:pron="hændz">hands</w>
         <c> </c>
         <w xml:id="n22cs-058660"
            n="0038-a-1160"
            ecep:lem="of"
            ecep:pos="pp-f"
            ecep:reg="of"
            ecep:spe="of"
            ecep:syllab="1"
            ecep:pron="ɒv">of</w>
         <c> </c>
         <w xml:id="n22cs-058670"
            n="0038-a-1170"
            ecep:lem="taste"
            ecep:pos="n1"
            ecep:reg="Taste"
            ecep:spe="Taste"
            ecep:syllab="1"
            ecep:pron="teɪst">Taste</w>
         <pc xml:id="n22cs-058680"
             n="0038-a-1180"
             ecep:lem=","
             ecep:pos=","
             ecep:reg=","
             ecep:spe=",">,</pc>
      </l>
      <l xml:id="n22cs-l01450">
         <c> </c>
         <w xml:id="n22cs-058690"
            n="0038-a-1190"
            ecep:lem="the"
            ecep:pos="dt"
            ecep:reg="The"
            ecep:spe="The"
            ecep:syllab="1"
            ecep:pron="ðiː">The</w>
         <c> </c>
         <w xml:id="n22cs-058700"
            n="0038-a-1200"
            ecep:lem="muse"
            ecep:pos="n1"
            ecep:reg="Muse"
            ecep:spe="Muse"
            ecep:syllab="1"
            ecep:pron="mjuːz">Muse</w>
         <c> </c>
         <w xml:id="n22cs-058710"
            n="0038-a-1210"
            ecep:lem="decree"
            ecep:pos="vvn"
            ecep:reg="decreed"
            ecep:spe="decreed"
            ecep:syllab="2"
            ecep:pron="dɪˈkriːd">decreed</w>
         <pc xml:id="n22cs-058720"
             n="0038-a-1220"
             ecep:lem=","
             ecep:pos=","
             ecep:reg=","
             ecep:spe=",">,</pc>
         <c> </c>
         <w xml:id="n22cs-058730"
            n="0038-a-1230"
            ecep:lem="for"
            ecep:pos="p-acp"
            ecep:reg="for"
            ecep:spe="for"
            ecep:syllab="1"
            ecep:pron="fɔː">for</w>
         <c> </c>
         <w xml:id="n22cs-058740"
            n="0038-a-1240"
            ecep:lem="this"
            ecep:pos="d"
            ecep:reg="this"
            ecep:spe="this"
            ecep:syllab="1"
            ecep:pron="ðɪs">this</w>
         <c> </c>
         <w xml:id="n22cs-058750"
            n="0038-a-1250"
            ecep:lem="her"
            ecep:pos="po31"
            ecep:reg="her"
            ecep:spe="her"
            ecep:syllab="1"
            ecep:pron="hɜː">her</w>
         <c> </c>
         <w xml:id="n22cs-058760"
            n="0038-a-1260"
            ecep:lem="favourite"
            ecep:pos="n1"
            ecep:reg="favourite"
            ecep:spe="favourite"
            ecep:syllab="2"
            ecep:pron="ˈfeɪvrɪt">favourite</w>
         <c> </c>
         <w xml:id="n22cs-058770"
            n="0038-a-1270"
            ecep:lem="son"
            ecep:pos="n1"
            ecep:reg="son"
            ecep:spe="son"
            ecep:syllab="1"
            ecep:pron="sʌn">son</w>
         <pc xml:id="n22cs-058780"
             n="0038-a-1280"
             unit="sentence"
             ecep:lem="."
             ecep:pos="."
             ecep:reg="."
             ecep:spe=".">.</pc>
         <c> </c>
      </l>
      <l xml:id="n22cs-l01455">
         <w xml:id="n22cs-058790"
            n="0038-a-1290"
            ecep:lem="and"
            ecep:pos="cc"
            ecep:reg="And"
            ecep:spe="And"
            ecep:syllab="1"
            ecep:pron="ænd">And</w>
         <c> </c>
         <w xml:id="n22cs-058800"
            n="0038-a-1300"
            ecep:lem="those"
            ecep:pos="d"
            ecep:reg="those"
            ecep:spe="those"
            ecep:syllab="1"
            ecep:pron="ðəʊz">those</w>
         <c> </c>
         <w xml:id="n22cs-058810"
            n="0038-a-1310"
            ecep:lem="immortal"
            ecep:pos="j"
            ecep:reg="immortal"
            ecep:spe="immortal"
            ecep:syllab="3"
            ecep:pron="ɪˈmɔːtl">immortal</w>
         <c> </c>
         <w xml:id="n22cs-058820"
            n="0038-a-1320"
            ecep:lem="leaf"
            ecep:pos="n2"
            ecep:reg="leaves"
            ecep:spe="leaves"
            ecep:syllab="1"
            ecep:pron="liːvz">leaves</w>
         <c> </c>
         <w xml:id="n22cs-058830"
            n="0038-a-1330"
            ecep:lem="his"
            ecep:pos="po31"
            ecep:reg="his"
            ecep:spe="his"
            ecep:syllab="1"
            ecep:pron="hɪz">his</w>
         <c> </c>
         <w xml:id="n22cs-058840"
            n="0038-a-1340"
            ecep:lem="temple"
            ecep:pos="n2"
            ecep:reg="temples"
            ecep:spe="temples"
            ecep:syllab="2"
            ecep:pron="ˈtemplz">temples</w>
         <c> </c>
         <w xml:id="n22cs-058850"
            n="0038-a-1350"
            ecep:lem="shade"
            ecep:pos="vvi"
            ecep:reg="shade"
            ecep:spe="shade"
            ecep:syllab="1"
            ecep:pron="ʃeɪd">shade</w>
         <pc xml:id="n22cs-058860"
             n="0038-a-1360"
             ecep:lem=","
             ecep:pos=","
             ecep:reg=","
             ecep:spe=",">,</pc>
      </l>
      <l xml:id="n22cs-l01460">
         <c> </c>
         <w xml:id="n22cs-058870"
            n="0038-a-1370"
            ecep:lem="who"
            ecep:pos="r-crq"
            ecep:reg="Whose"
            ecep:spe="Whose"
            ecep:syllab="1"
            ecep:pron="huːz">Whose</w>
         <c> </c>
         <w xml:id="n22cs-058880"
            n="0038-a-1380"
            ecep:lem="fair"
            ecep:pos="j"
            ecep:reg="fair"
            ecep:spe="fair"
            ecep:syllab="1"
            ecep:pron="feə">fair</w>
         <c> </c>
         <w xml:id="n22cs-058890"
            n="0038-a-1390"
            ecep:lem="eternal"
            ecep:pos="j"
            ecep:reg="eternal"
            ecep:spe="eternal"
            ecep:syllab="3"
            ecep:pron="ɪˈtɜːnl">eternal</w>
         <c> </c>
         <w xml:id="n22cs-058900"
            n="0038-a-1400"
            ecep:lem="verdure"
            ecep:pos="n1"
            ecep:reg="verdure"
            ecep:spe="verdure"
            ecep:syllab="2"
            ecep:pron="ˈvɜːdʒə">verdure</w>
         <c> </c>
         <pc xml:id="n22cs-058910"
             n="0038-a-1410"
             ecep:lem="—"
             ecep:pos="—"
             ecep:reg="—"
             ecep:spe="—">—</pc>
         <c> </c>
         <w xml:id="n22cs-058920"
            n="0038-a-1420"
            ecep:lem="shall"
            ecep:pos="vmb"
            ecep:reg="shall"
            ecep:spe="shall"
            ecep:syllab="1"
            ecep:pron="ʃæl">shall</w>
         <c> </c>
         <w xml:id="n22cs-058930"
            n="0038-a-1430"
            ecep:lem="not"
            ecep:pos="xx"
            ecep:reg="not"
            ecep:spe="not"
            ecep:syllab="1"
            ecep:pron="nɒt">not</w>
         <c> </c>
         <w xml:id="n22cs-058940"
            n="0038-a-1440"
            ecep:lem="fade"
            ecep:pos="vvi"
            ecep:reg="fade"
            ecep:spe="fade"
            ecep:syllab="1"
            ecep:pron="feɪd">fade</w>
         <pc xml:id="n22cs-058950"
             n="0038-a-1450"
             unit="sentence"
             ecep:lem="!"
             ecep:pos="!"
             ecep:reg="!"
             ecep:spe="!">!</pc>
         <c> </c>
      </l>
   </lg>
</div>
