<?xml version="1.0" encoding="UTF-8"?>
<?xml-model href="../tei_all.rnc" type="application/relax-ng-compact-syntax"?>
<TEI xmlns="http://www.tei-c.org/ns/1.0">
   <teiHeader>
      <fileDesc>
         <titleStmt>
            <title corresp="#txt_BarbMa1685_w0021">To a Lady at Bath.</title>
            <author corresp="authors.xml#aut_BarbMa1685">Mary Barber</author>
            <respStmt>
               <name xml:id="AH">Alexander Huber</name>
               <resp>Editor</resp>
            </respStmt>
            <funder>
               <name type="institution" xml:id="BOD">Bodleian Libraries, University of Oxford</name>
               <address>
                  <addrLine>Broad Street</addrLine>
                  <addrLine>Oxford OX1 3BG</addrLine>
                  <addrLine>UK</addrLine>
               </address>
            </funder>
         </titleStmt>
         <publicationStmt>
            <publisher xml:id="ECPA">Eighteenth-Century Poetry Archive</publisher>
            <address>
               <addrLine>Taylor Institution Library</addrLine>
               <addrLine>St Giles'</addrLine>
               <addrLine>Oxford OX1 3NA</addrLine>
               <addrLine>UK</addrLine>
               <addrLine>
                  <email>info@eighteenthcenturypoetry.org</email>
               </addrLine>
               <addrLine>
                  <ref target="https://www.eighteenthcenturypoetry.org/">https://www.eighteenthcenturypoetry.org/</ref>
               </addrLine>
            </address>
            <pubPlace>Oxford</pubPlace>
            <availability status="restricted">
               <licence target="http://creativecommons.org/licenses/by-sa/3.0/">This work is licensed under a Creative Commons Attribution-ShareAlike 3.0 Unported License.</licence>
            </availability>
            <idno type="ESTC">T42622</idno>
            <idno type="DMI">519</idno>
            <idno type="FOXON">p. 45</idno>
         </publicationStmt>
         <sourceDesc>
            <bibl>
               <author>Barber, Mary, ca. 1690-1757.</author>
               <title>Poems on Several Occasions [poems only].</title>
               <pubPlace>London</pubPlace>
               <publisher>Printed for C. Rivington, at the Bible and Crown in St. Paul's Church-Yard</publisher>
               <date>1734</date>
               <biblScope>p. 47.</biblScope>
               <extent>xlviii,283,[7]p.; 8⁰.</extent>
            </bibl>
         </sourceDesc>
      </fileDesc>
      <encodingDesc>
         <projectDesc>
            <p>This e-text is part of the Works section of the Eighteenth-Century Poetry Archive (ECPA).</p>
            <p>XML created for the Eighteenth-Century Poetry Archive (ECPA).</p>
         </projectDesc>
         <editorialDecl>
            <p>Typography, spelling, capitalization, and punctuation have been cautiously modernized. The source of the text is given and all significant
						editorial interventions have been recorded in textual notes. This  text has been edited to conform to the recommendations found 
						in Level 5 of the
						Best Practices for TEI in Libraries version 4.0.0.
					</p>
         </editorialDecl>
         <classDecl>
            <taxonomy xml:id="LCNAF">
               <bibl>Library of Congress Name Authority File (<abbr>LCNAF</abbr>)</bibl>
            </taxonomy>
         </classDecl>
         <tagsDecl>
            <rendition n="linegroups indented" xml:id="lgindent" scheme="css">text-indent: 1em;</rendition>
            <rendition n="linegroups vertically spaced" xml:id="lgvspace" scheme="css">margin-bottom: 1em;</rendition>
            <rendition n="aligned centrally" xml:id="align-center" scheme="css">text-align: center;</rendition>
            <rendition n="aligned right" xml:id="align-right" scheme="css">text-align: right;</rendition>
            <rendition n="aligned left" xml:id="align-left" scheme="css">text-align: left;</rendition>
            <rendition n="inline" xml:id="inline" scheme="css">display: inline</rendition>
            <rendition n="italic" xml:id="i" scheme="css">font-style: italic;</rendition>
            <rendition n="bold" xml:id="b" scheme="css">font-weight: bold;</rendition>
         </tagsDecl>
      </encodingDesc>
   </teiHeader>
   <text>
      <body>
         <div xmlns:ecep="http://www.eighteenthcenturypoetry.org/ns"
              ana="#iamb #tetrameter #trimeter #quatrain #address"
              corresp="#txt_BarbMa1685_w0021"
              decls="#semi-normalized"
              ecep:syllab="8.6.8.6"
              met="-+|-+|-+|-+/ -+|-+|-+/ -+|-+|-+|-+/ -+|-+|-+/"
              rendition="#lgvspace"
              subtype="eceptext"
              type="poem"
              xml:id="pba35-w0210">
            <link target="authors.xml#aut_BarbMa1685" type="author"/>
            <link target="11354" type="DMI"/>
            <head type="main">
               <w xmlns:ecep="http://www.eighteenthcenturypoetry.org/ns"
                  xml:id="pba35-060630"
                  n="a-0010"
                  ecep:lem="to"
                  ecep:pos="p-acp"
                  ecep:reg="To"
                  ecep:spe="To"
                  ecep:syllab="1"
                  ecep:pron="tuː">To</w>
               <c> </c>
               <w xmlns:ecep="http://www.eighteenthcenturypoetry.org/ns"
                  xml:id="pba35-060640"
                  n="a-0020"
                  ecep:lem="a"
                  ecep:pos="dt"
                  ecep:reg="a"
                  ecep:spe="a"
                  ecep:syllab="1"
                  ecep:pron="ə">a</w>
               <c> </c>
               <w xmlns:ecep="http://www.eighteenthcenturypoetry.org/ns"
                  xml:id="pba35-060650"
                  n="a-0030"
                  ecep:lem="lady"
                  ecep:pos="n1"
                  ecep:reg="Lady"
                  ecep:spe="Lady"
                  ecep:syllab="2"
                  ecep:pron="ˈleɪdi">Lady</w>
               <c> </c>
               <w xmlns:ecep="http://www.eighteenthcenturypoetry.org/ns"
                  xml:id="pba35-060660"
                  n="a-0040"
                  ecep:lem="at"
                  ecep:pos="p-acp"
                  ecep:reg="at"
                  ecep:spe="at"
                  ecep:syllab="1"
                  ecep:pron="æt">at</w>
               <c> </c>
               <w xmlns:ecep="http://www.eighteenthcenturypoetry.org/ns"
                  xml:id="pba35-060670"
                  n="a-0050"
                  ecep:lem="bath"
                  ecep:pos="n1"
                  ecep:reg="Bath"
                  ecep:spe="Bath"
                  ecep:syllab="1"
                  ecep:pron="bɑːθ">Bath</w>
               <pc xmlns:ecep="http://www.eighteenthcenturypoetry.org/ns"
                   xml:id="pba35-060680"
                   n="a-0060"
                   unit="sentence"
                   ecep:lem="."
                   ecep:pos="."
                   ecep:reg="."
                   ecep:spe=".">.</pc>
            </head>
            <lg rhyme="abab" xml:id="pba35-s00405">
               <l n="1" xml:id="pba35-l03105">
                  <hi rendition="#sc">
                     <hi>
                        <w xmlns:ecep="http://www.eighteenthcenturypoetry.org/ns"
                           xml:id="pba35-060710"
                           n="a-0070"
                           ecep:lem="Flavia"
                           ecep:pos="np1"
                           ecep:reg="Flavia"
                           ecep:spe="Flavia"
                           ecep:syllab="2"
                           ecep:pron="flˈæviə">Flavia</w>
                     </hi>
                  </hi>
                  <pc xmlns:ecep="http://www.eighteenthcenturypoetry.org/ns"
                      xml:id="pba35-060720"
                      n="a-0080"
                      ecep:lem=","
                      ecep:pos=","
                      ecep:reg=","
                      ecep:spe=",">,</pc>
                  <c> </c>
                  <w xmlns:ecep="http://www.eighteenthcenturypoetry.org/ns"
                     xml:id="pba35-060730"
                     n="a-0090"
                     ecep:lem="since"
                     ecep:pos="c-acp"
                     ecep:reg="since"
                     ecep:spe="since"
                     ecep:syllab="1"
                     ecep:pron="sɪns">since</w>
                  <c> </c>
                  <w xmlns:ecep="http://www.eighteenthcenturypoetry.org/ns"
                     xml:id="pba35-060740"
                     n="a-0100"
                     ecep:lem="conquest"
                     ecep:pos="n1"
                     ecep:reg="Conquest"
                     ecep:spe="Conquest"
                     ecep:syllab="2"
                     ecep:pron="ˈkɒŋkwest">Conquest</w>
                  <c> </c>
                  <w xmlns:ecep="http://www.eighteenthcenturypoetry.org/ns"
                     xml:id="pba35-060750"
                     n="a-0110"
                     ecep:lem="be"
                     ecep:pos="vbz"
                     ecep:reg="is"
                     ecep:spe="is"
                     ecep:syllab="1"
                     ecep:pron="ɪz">is</w>
                  <c> </c>
                  <w xmlns:ecep="http://www.eighteenthcenturypoetry.org/ns"
                     xml:id="pba35-060760"
                     n="a-0120"
                     ecep:lem="your"
                     ecep:pos="po22"
                     ecep:reg="your"
                     ecep:spe="your"
                     ecep:syllab="1"
                     ecep:pron="jɔː">your</w>
                  <c> </c>
                  <w xmlns:ecep="http://www.eighteenthcenturypoetry.org/ns"
                     xml:id="pba35-060770"
                     n="a-0130"
                     ecep:lem="aim"
                     ecep:pos="n1"
                     ecep:reg="Aim"
                     ecep:spe="Aim"
                     ecep:syllab="1"
                     ecep:pron="eɪm">Aim</w>
                  <pc xmlns:ecep="http://www.eighteenthcenturypoetry.org/ns"
                      xml:id="pba35-060780"
                      n="a-0140"
                      ecep:lem=","
                      ecep:pos=","
                      ecep:reg=","
                      ecep:spe=",">,</pc>
               </l>
               <l n="2" rendition="#h_3" xml:id="pba35-l03110">
                  <c> </c>
                  <w xmlns:ecep="http://www.eighteenthcenturypoetry.org/ns"
                     xml:id="pba35-060790"
                     n="a-0150"
                     ecep:lem="i|will"
                     ecep:pos="pns11|vmb"
                     ecep:reg="I'll"
                     ecep:spe="I'll"
                     ecep:syllab="1"
                     ecep:pron="ˈaɪl">I'll</w>
                  <c> </c>
                  <w xmlns:ecep="http://www.eighteenthcenturypoetry.org/ns"
                     xml:id="pba35-060800"
                     n="a-0160"
                     ecep:lem="point"
                     ecep:pos="vvi"
                     ecep:reg="point"
                     ecep:spe="point"
                     ecep:syllab="1"
                     ecep:pron="pɔɪnt">point</w>
                  <c> </c>
                  <w xmlns:ecep="http://www.eighteenthcenturypoetry.org/ns"
                     xml:id="pba35-060810"
                     n="a-0170"
                     ecep:lem="you"
                     ecep:pos="pn22"
                     ecep:reg="you"
                     ecep:spe="you"
                     ecep:syllab="1"
                     ecep:pron="juː">you</w>
                  <c> </c>
                  <w xmlns:ecep="http://www.eighteenthcenturypoetry.org/ns"
                     xml:id="pba35-060820"
                     n="a-0180"
                     ecep:lem="out"
                     ecep:pos="av"
                     ecep:reg="out"
                     ecep:spe="out"
                     ecep:syllab="1"
                     ecep:pron="aʊt">out</w>
                  <c> </c>
                  <w xmlns:ecep="http://www.eighteenthcenturypoetry.org/ns"
                     xml:id="pba35-060830"
                     n="a-0190"
                     ecep:lem="the"
                     ecep:pos="dt"
                     ecep:reg="the"
                     ecep:spe="the"
                     ecep:syllab="1"
                     ecep:pron="ðiː">the</w>
                  <c> </c>
                  <w xmlns:ecep="http://www.eighteenthcenturypoetry.org/ns"
                     xml:id="pba35-060840"
                     n="a-0200"
                     ecep:lem="way"
                     ecep:pos="n1"
                     ecep:reg="Way"
                     ecep:spe="Way"
                     ecep:syllab="1"
                     ecep:pron="weɪ">Way</w>
                  <pc xmlns:ecep="http://www.eighteenthcenturypoetry.org/ns"
                      xml:id="pba35-060850"
                      n="a-0210"
                      ecep:lem=";"
                      ecep:pos=";"
                      ecep:reg=";"
                      ecep:spe=";">;</pc>
               </l>
               <l n="3" xml:id="pba35-l03115">
                  <c> </c>
                  <w xmlns:ecep="http://www.eighteenthcenturypoetry.org/ns"
                     xml:id="pba35-060860"
                     n="a-0220"
                     ecep:lem="and"
                     ecep:pos="cc"
                     ecep:reg="And"
                     ecep:spe="And"
                     ecep:syllab="1"
                     ecep:pron="ænd">And</w>
                  <c> </c>
                  <w xmlns:ecep="http://www.eighteenthcenturypoetry.org/ns"
                     xml:id="pba35-060870"
                     n="a-0230"
                     ecep:lem="give"
                     ecep:pos="vvb"
                     ecep:reg="give"
                     ecep:spe="give"
                     ecep:syllab="1"
                     ecep:pron="gɪv">give</w>
                  <c> </c>
                  <w xmlns:ecep="http://www.eighteenthcenturypoetry.org/ns"
                     xml:id="pba35-060880"
                     n="a-0240"
                     ecep:lem="you"
                     ecep:pos="pn22"
                     ecep:reg="you"
                     ecep:spe="you"
                     ecep:syllab="1"
                     ecep:pron="juː">you</w>
                  <c> </c>
                  <w xmlns:ecep="http://www.eighteenthcenturypoetry.org/ns"
                     xml:id="pba35-060890"
                     n="a-0250"
                     ecep:lem="a"
                     ecep:pos="dt"
                     ecep:reg="an"
                     ecep:spe="an"
                     ecep:syllab="1"
                     ecep:pron="æn">an</w>
                  <c> </c>
                  <w xmlns:ecep="http://www.eighteenthcenturypoetry.org/ns"
                     xml:id="pba35-060900"
                     n="a-0260"
                     ecep:lem="unerring"
                     ecep:pos="j"
                     ecep:reg="unerring"
                     ecep:spe="unerring"
                     ecep:syllab="3"
                     ecep:pron="ʌnˈɜːrɪŋ">unerring</w>
                  <c> </c>
                  <w xmlns:ecep="http://www.eighteenthcenturypoetry.org/ns"
                     xml:id="pba35-060910"
                     n="a-0270"
                     ecep:lem="scheme"
                     ecep:pos="n1"
                     ecep:reg="Scheme"
                     ecep:spe="Scheme"
                     ecep:syllab="1"
                     ecep:pron="skiːm">Scheme</w>
               </l>
               <l n="4" rendition="#h_3" xml:id="pba35-l03120">
                  <c> </c>
                  <w xmlns:ecep="http://www.eighteenthcenturypoetry.org/ns"
                     xml:id="pba35-060920"
                     n="a-0280"
                     ecep:lem="for"
                     ecep:pos="p-acp"
                     ecep:reg="For"
                     ecep:spe="For"
                     ecep:syllab="1"
                     ecep:pron="fɔː">For</w>
                  <c> </c>
                  <w xmlns:ecep="http://www.eighteenthcenturypoetry.org/ns"
                     xml:id="pba35-060930"
                     n="a-0290"
                     ecep:lem="universal"
                     ecep:pos="j"
                     ecep:reg="universal"
                     ecep:spe="universal"
                     ecep:syllab="4"
                     ecep:pron="ˌjuːnɪˈvɜːsl">universal</w>
                  <c> </c>
                  <w xmlns:ecep="http://www.eighteenthcenturypoetry.org/ns"
                     xml:id="pba35-060940"
                     n="a-0300"
                     ecep:lem="sway"
                     ecep:pos="n1"
                     ecep:reg="Sway"
                     ecep:spe="Sway"
                     ecep:syllab="1"
                     ecep:pron="sweɪ">Sway</w>
                  <pc xmlns:ecep="http://www.eighteenthcenturypoetry.org/ns"
                      xml:id="pba35-060950"
                      n="a-0310"
                      unit="sentence"
                      ecep:lem="."
                      ecep:pos="."
                      ecep:reg="."
                      ecep:spe=".">.</pc>
                  <c> </c>
               </l>
            </lg>
            <lg rhyme="abab" xml:id="pba35-s00410">
               <l n="5" xml:id="pba35-l03125">
                  <w xmlns:ecep="http://www.eighteenthcenturypoetry.org/ns"
                     xml:id="pba35-060980"
                     n="a-0320"
                     ecep:lem="since"
                     ecep:pos="p-acp"
                     ecep:reg="Since"
                     ecep:spe="Since"
                     ecep:syllab="1"
                     ecep:pron="sɪns">Since</w>
                  <c> </c>
                  <w xmlns:ecep="http://www.eighteenthcenturypoetry.org/ns"
                     xml:id="pba35-060990"
                     n="a-0330"
                     ecep:lem="nature"
                     ecep:pos="n1"
                     ecep:reg="Nature"
                     ecep:spe="Nature"
                     ecep:syllab="2"
                     ecep:pron="ˈneɪtʃə">Nature</w>
                  <c> </c>
                  <w xmlns:ecep="http://www.eighteenthcenturypoetry.org/ns"
                     xml:id="pba35-061000"
                     n="a-0340"
                     ecep:lem="give"
                     ecep:pos="vvd"
                     ecep:reg="gave"
                     ecep:spe="gave"
                     ecep:syllab="1"
                     ecep:pron="geɪv">gave</w>
                  <c> </c>
                  <w xmlns:ecep="http://www.eighteenthcenturypoetry.org/ns"
                     xml:id="pba35-061010"
                     n="a-0350"
                     ecep:lem="a"
                     ecep:pos="dt"
                     ecep:reg="a"
                     ecep:spe="a"
                     ecep:syllab="1"
                     ecep:pron="ə">a</w>
                  <c> </c>
                  <w xmlns:ecep="http://www.eighteenthcenturypoetry.org/ns"
                     xml:id="pba35-061020"
                     n="a-0360"
                     ecep:lem="form"
                     ecep:pos="n1"
                     ecep:reg="Form"
                     ecep:spe="Form"
                     ecep:syllab="1"
                     ecep:pron="fɔːm">Form</w>
                  <c> </c>
                  <w xmlns:ecep="http://www.eighteenthcenturypoetry.org/ns"
                     xml:id="pba35-061030"
                     n="a-0370"
                     ecep:lem="so"
                     ecep:pos="av"
                     ecep:reg="so"
                     ecep:spe="so"
                     ecep:syllab="1"
                     ecep:pron="səʊ">so</w>
                  <c> </c>
                  <w xmlns:ecep="http://www.eighteenthcenturypoetry.org/ns"
                     xml:id="pba35-061040"
                     n="a-0380"
                     ecep:lem="fair"
                     ecep:pos="j"
                     ecep:reg="fair"
                     ecep:spe="fair"
                     ecep:syllab="1"
                     ecep:pron="feə">fair</w>
                  <pc xmlns:ecep="http://www.eighteenthcenturypoetry.org/ns"
                      xml:id="pba35-061050"
                      n="a-0390"
                      ecep:lem=","
                      ecep:pos=","
                      ecep:reg=","
                      ecep:spe=",">,</pc>
               </l>
               <l n="6" rendition="#h_3" xml:id="pba35-l03130">
                  <c> </c>
                  <w xmlns:ecep="http://www.eighteenthcenturypoetry.org/ns"
                     xml:id="pba35-061060"
                     n="a-0400"
                     ecep:lem="why"
                     ecep:pos="q-crq"
                     ecep:reg="Why"
                     ecep:spe="Why"
                     ecep:syllab="1"
                     ecep:pron="waɪ">Why</w>
                  <c> </c>
                  <w xmlns:ecep="http://www.eighteenthcenturypoetry.org/ns"
                     xml:id="pba35-061070"
                     n="a-0410"
                     ecep:lem="will"
                     ecep:pos="vmb"
                     ecep:reg="will"
                     ecep:spe="will"
                     ecep:syllab="1"
                     ecep:pron="wɪl">will</w>
                  <c> </c>
                  <w xmlns:ecep="http://www.eighteenthcenturypoetry.org/ns"
                     xml:id="pba35-061080"
                     n="a-0420"
                     ecep:lem="you"
                     ecep:pos="pn22"
                     ecep:reg="you"
                     ecep:spe="you"
                     ecep:syllab="1"
                     ecep:pron="juː">you</w>
                  <c> </c>
                  <w xmlns:ecep="http://www.eighteenthcenturypoetry.org/ns"
                     xml:id="pba35-061090"
                     n="a-0430"
                     ecep:lem="practise"
                     ecep:pos="vvi"
                     ecep:reg="practise"
                     ecep:spe="practise"
                     ecep:syllab="2"
                     ecep:pron="ˈpræktɪs">practise</w>
                  <c> </c>
                  <w xmlns:ecep="http://www.eighteenthcenturypoetry.org/ns"
                     xml:id="pba35-061100"
                     n="a-0440"
                     ecep:lem="art"
                     ecep:pos="n1"
                     ecep:reg="Art"
                     ecep:spe="Art"
                     ecep:syllab="1"
                     ecep:pron="ɑːt">Art</w>
                  <pc xmlns:ecep="http://www.eighteenthcenturypoetry.org/ns"
                      xml:id="pba35-061110"
                      n="a-0450"
                      unit="sentence"
                      ecep:lem="?"
                      ecep:pos="?"
                      ecep:reg="?"
                      ecep:spe="?">?</pc>
                  <c> </c>
               </l>
               <l n="7" xml:id="pba35-l03135">
                  <w xmlns:ecep="http://www.eighteenthcenturypoetry.org/ns"
                     xml:id="pba35-061120"
                     n="a-0460"
                     ecep:lem="which"
                     ecep:pos="r-crq"
                     ecep:reg="Which"
                     ecep:spe="Which"
                     ecep:syllab="1"
                     ecep:pron="wɪtʃ">Which</w>
                  <c> </c>
                  <w xmlns:ecep="http://www.eighteenthcenturypoetry.org/ns"
                     xml:id="pba35-061130"
                     n="a-0470"
                     ecep:lem="serve"
                     ecep:pos="vvz"
                     ecep:reg="serves"
                     ecep:spe="serves"
                     ecep:syllab="1"
                     ecep:pron="sɜːvz">serves</w>
                  <c> </c>
                  <w xmlns:ecep="http://www.eighteenthcenturypoetry.org/ns"
                     xml:id="pba35-061140"
                     n="a-0480"
                     ecep:lem="too"
                     ecep:pos="av"
                     ecep:reg="too"
                     ecep:spe="too"
                     ecep:syllab="1"
                     ecep:pron="tuː">too</w>
                  <c> </c>
                  <w xmlns:ecep="http://www.eighteenthcenturypoetry.org/ns"
                     xml:id="pba35-061150"
                     n="a-0490"
                     ecep:lem="oft"
                     ecep:pos="av"
                     ecep:reg="oft"
                     ecep:spe="oft"
                     ecep:syllab="1"
                     ecep:pron="ɒft">oft</w>
                  <c> </c>
                  <w xmlns:ecep="http://www.eighteenthcenturypoetry.org/ns"
                     xml:id="pba35-061160"
                     n="a-0500"
                     ecep:lem="to"
                     ecep:pos="pc-acp"
                     ecep:reg="to"
                     ecep:spe="to"
                     ecep:syllab="1"
                     ecep:pron="tuː">to</w>
                  <c> </c>
                  <w xmlns:ecep="http://www.eighteenthcenturypoetry.org/ns"
                     xml:id="pba35-061170"
                     n="a-0510"
                     ecep:lem="show"
                     ecep:pos="vvi"
                     ecep:reg="show"
                     ecep:spe="shew"
                     ecep:syllab="1"
                     ecep:pron="ʃəʊ">shew</w>
                  <c> </c>
                  <w xmlns:ecep="http://www.eighteenthcenturypoetry.org/ns"
                     xml:id="pba35-061180"
                     n="a-0520"
                     ecep:lem="the"
                     ecep:pos="dt"
                     ecep:reg="the"
                     ecep:spe="the"
                     ecep:syllab="1"
                     ecep:pron="ðiː">the</w>
                  <c> </c>
                  <w xmlns:ecep="http://www.eighteenthcenturypoetry.org/ns"
                     xml:id="pba35-061190"
                     n="a-0530"
                     ecep:lem="snare"
                     ecep:pos="n1"
                     ecep:reg="Snare"
                     ecep:spe="Snare"
                     ecep:syllab="1"
                     ecep:pron="sneə">Snare</w>
                  <pc xmlns:ecep="http://www.eighteenthcenturypoetry.org/ns"
                      xml:id="pba35-061200"
                      n="a-0540"
                      ecep:lem=","
                      ecep:pos=","
                      ecep:reg=","
                      ecep:spe=",">,</pc>
               </l>
               <l n="8" rendition="#h_3" xml:id="pba35-l03140">
                  <c> </c>
                  <w xmlns:ecep="http://www.eighteenthcenturypoetry.org/ns"
                     xml:id="pba35-061210"
                     n="a-0550"
                     ecep:lem="and"
                     ecep:pos="cc"
                     ecep:reg="And"
                     ecep:spe="And"
                     ecep:syllab="1"
                     ecep:pron="ænd">And</w>
                  <c> </c>
                  <w xmlns:ecep="http://www.eighteenthcenturypoetry.org/ns"
                     xml:id="pba35-061220"
                     n="a-0560"
                     ecep:lem="warn"
                     ecep:pos="vvb"
                     ecep:reg="warn"
                     ecep:spe="warn"
                     ecep:syllab="1"
                     ecep:pron="wɔːn">warn</w>
                  <c> </c>
                  <w xmlns:ecep="http://www.eighteenthcenturypoetry.org/ns"
                     xml:id="pba35-061230"
                     n="a-0570"
                     ecep:lem="the"
                     ecep:pos="dt"
                     ecep:reg="the"
                     ecep:spe="the"
                     ecep:syllab="1"
                     ecep:pron="ðiː">the</w>
                  <c> </c>
                  <w xmlns:ecep="http://www.eighteenthcenturypoetry.org/ns"
                     xml:id="pba35-061240"
                     n="a-0580"
                     ecep:lem="heedless"
                     ecep:pos="j"
                     ecep:reg="heedless"
                     ecep:spe="heedless"
                     ecep:syllab="2"
                     ecep:pron="ˈhiːdləs">heedless</w>
                  <c> </c>
                  <w xmlns:ecep="http://www.eighteenthcenturypoetry.org/ns"
                     xml:id="pba35-061250"
                     n="a-0590"
                     ecep:lem="heart"
                     ecep:pos="n1"
                     ecep:reg="Heart"
                     ecep:spe="Heart"
                     ecep:syllab="1"
                     ecep:pron="hɑːt">Heart</w>
                  <pc xmlns:ecep="http://www.eighteenthcenturypoetry.org/ns"
                      xml:id="pba35-061260"
                      n="a-0600"
                      unit="sentence"
                      ecep:lem="."
                      ecep:pos="."
                      ecep:reg="."
                      ecep:spe=".">.</pc>
                  <c> </c>
               </l>
            </lg>
            <lg rhyme="aabb" xml:id="pba35-s00415">
               <l n="9" xml:id="pba35-l03145">
                  <hi rendition="#sc">
                     <w xmlns:ecep="http://www.eighteenthcenturypoetry.org/ns"
                        xml:id="pba35-061290"
                        n="a-0610"
                        ecep:lem="those"
                        ecep:pos="d"
                        ecep:reg="Those"
                        ecep:spe="Those"
                        ecep:syllab="1"
                        ecep:pron="ðəʊz">Those</w>
                  </hi>
                  <c> </c>
                  <w xmlns:ecep="http://www.eighteenthcenturypoetry.org/ns"
                     xml:id="pba35-061300"
                     n="a-0620"
                     ecep:lem="eye"
                     ecep:pos="n2"
                     ecep:reg="Eyes"
                     ecep:spe="Eyes"
                     ecep:syllab="1"
                     ecep:pron="aɪz">Eyes</w>
                  <c> </c>
                  <w xmlns:ecep="http://www.eighteenthcenturypoetry.org/ns"
                     xml:id="pba35-061310"
                     n="a-0630"
                     ecep:lem="can"
                     ecep:pos="vmd"
                     ecep:reg="could"
                     ecep:spe="could"
                     ecep:syllab="1"
                     ecep:pron="kʊd">could</w>
                  <c> </c>
                  <w xmlns:ecep="http://www.eighteenthcenturypoetry.org/ns"
                     xml:id="pba35-061320"
                     n="a-0640"
                     ecep:lem="never"
                     ecep:pos="av-x"
                     ecep:reg="never"
                     ecep:spe="never"
                     ecep:syllab="2"
                     ecep:pron="ˈnevə">never</w>
                  <c> </c>
                  <w xmlns:ecep="http://www.eighteenthcenturypoetry.org/ns"
                     xml:id="pba35-061330"
                     n="a-0650"
                     ecep:lem="fail"
                     ecep:pos="vvi"
                     ecep:reg="fail"
                     ecep:spe="fail"
                     ecep:syllab="1"
                     ecep:pron="feɪl">fail</w>
                  <c> </c>
                  <w xmlns:ecep="http://www.eighteenthcenturypoetry.org/ns"
                     xml:id="pba35-061340"
                     n="a-0660"
                     ecep:lem="to"
                     ecep:pos="pc-acp"
                     ecep:reg="to"
                     ecep:spe="to"
                     ecep:syllab="1"
                     ecep:pron="tuː">to</w>
                  <c> </c>
                  <w xmlns:ecep="http://www.eighteenthcenturypoetry.org/ns"
                     xml:id="pba35-061350"
                     n="a-0670"
                     ecep:lem="kill"
                     ecep:pos="vvi"
                     ecep:reg="kill"
                     ecep:spe="kill"
                     ecep:syllab="1"
                     ecep:pron="kɪl">kill</w>
                  <pc xmlns:ecep="http://www.eighteenthcenturypoetry.org/ns"
                      xml:id="pba35-061360"
                      n="a-0680"
                      ecep:lem=";"
                      ecep:pos=";"
                      ecep:reg=";"
                      ecep:spe=";">;</pc>
               </l>
               <l n="10" rendition="#h_3" xml:id="pba35-l03150">
                  <c> </c>
                  <w xmlns:ecep="http://www.eighteenthcenturypoetry.org/ns"
                     xml:id="pba35-061370"
                     n="a-0690"
                     ecep:lem="but"
                     ecep:pos="cc-acp"
                     ecep:reg="But"
                     ecep:spe="But"
                     ecep:syllab="1"
                     ecep:pron="bʌt">But</w>
                  <c> </c>
                  <w xmlns:ecep="http://www.eighteenthcenturypoetry.org/ns"
                     xml:id="pba35-061380"
                     n="a-0700"
                     ecep:lem="lose"
                     ecep:pos="vvb"
                     ecep:reg="lose"
                     ecep:spe="lose"
                     ecep:syllab="1"
                     ecep:pron="luːz">lose</w>
                  <c> </c>
                  <w xmlns:ecep="http://www.eighteenthcenturypoetry.org/ns"
                     xml:id="pba35-061390"
                     n="a-0710"
                     ecep:lem="their"
                     ecep:pos="po32"
                     ecep:reg="their"
                     ecep:spe="their"
                     ecep:syllab="1"
                     ecep:pron="ðeə">their</w>
                  <c> </c>
                  <w xmlns:ecep="http://www.eighteenthcenturypoetry.org/ns"
                     xml:id="pba35-061400"
                     n="a-0720"
                     ecep:lem="force"
                     ecep:pos="n1"
                     ecep:reg="Force"
                     ecep:spe="Force"
                     ecep:syllab="1"
                     ecep:pron="fɔːs">Force</w>
                  <c> </c>
                  <w xmlns:ecep="http://www.eighteenthcenturypoetry.org/ns"
                     xml:id="pba35-061410"
                     n="a-0730"
                     ecep:lem="by"
                     ecep:pos="p-acp"
                     ecep:reg="by"
                     ecep:spe="by"
                     ecep:syllab="1"
                     ecep:pron="baɪ">by</w>
                  <c> </c>
                  <w xmlns:ecep="http://www.eighteenthcenturypoetry.org/ns"
                     xml:id="pba35-061420"
                     n="a-0740"
                     ecep:lem="too"
                     ecep:pos="av"
                     ecep:reg="too"
                     ecep:spe="too"
                     ecep:syllab="1"
                     ecep:pron="tuː">too</w>
                  <c> </c>
                  <w xmlns:ecep="http://www.eighteenthcenturypoetry.org/ns"
                     xml:id="pba35-061430"
                     n="a-0750"
                     ecep:lem="much"
                     ecep:pos="d"
                     ecep:reg="much"
                     ecep:spe="much"
                     ecep:syllab="1"
                     ecep:pron="mʌtʃ">much</w>
                  <c> </c>
                  <w xmlns:ecep="http://www.eighteenthcenturypoetry.org/ns"
                     xml:id="pba35-061440"
                     n="a-0760"
                     ecep:lem="skill"
                     ecep:pos="n1"
                     ecep:reg="Skill"
                     ecep:spe="Skill"
                     ecep:syllab="1"
                     ecep:pron="skɪl">Skill</w>
                  <pc xmlns:ecep="http://www.eighteenthcenturypoetry.org/ns"
                      xml:id="pba35-061450"
                      n="a-0770"
                      unit="sentence"
                      ecep:lem="."
                      ecep:pos="."
                      ecep:reg="."
                      ecep:spe=".">.</pc>
                  <c> </c>
               </l>
               <l n="11" xml:id="pba35-l03155">
                  <w xmlns:ecep="http://www.eighteenthcenturypoetry.org/ns"
                     xml:id="pba35-061460"
                     n="a-0780"
                     ecep:lem="learn"
                     ecep:pos="vvi"
                     ecep:reg="Learn"
                     ecep:spe="Learn"
                     ecep:syllab="1"
                     ecep:pron="lɜːn">Learn</w>
                  <c> </c>
                  <w xmlns:ecep="http://www.eighteenthcenturypoetry.org/ns"
                     xml:id="pba35-061470"
                     n="a-0790"
                     ecep:lem="then"
                     ecep:pos="av"
                     ecep:reg="then"
                     ecep:spe="then"
                     ecep:syllab="1"
                     ecep:pron="ðen">then</w>
                  <c> </c>
                  <w xmlns:ecep="http://www.eighteenthcenturypoetry.org/ns"
                     xml:id="pba35-061480"
                     n="a-0800"
                     ecep:lem="to"
                     ecep:pos="pc-acp"
                     ecep:reg="to"
                     ecep:spe="to"
                     ecep:syllab="1"
                     ecep:pron="tuː">to</w>
                  <c> </c>
                  <w xmlns:ecep="http://www.eighteenthcenturypoetry.org/ns"
                     xml:id="pba35-061490"
                     n="a-0810"
                     ecep:lem="captivate"
                     ecep:pos="vvi"
                     ecep:reg="captivate"
                     ecep:spe="captivate"
                     ecep:syllab="3"
                     ecep:pron="ˈkæptɪveɪt">captivate</w>
                  <c> </c>
                  <w xmlns:ecep="http://www.eighteenthcenturypoetry.org/ns"
                     xml:id="pba35-061500"
                     n="a-0820"
                     ecep:lem="the"
                     ecep:pos="dt"
                     ecep:reg="the"
                     ecep:spe="the"
                     ecep:syllab="1"
                     ecep:pron="ðiː">the</w>
                  <c> </c>
                  <w xmlns:ecep="http://www.eighteenthcenturypoetry.org/ns"
                     xml:id="pba35-061510"
                     n="a-0830"
                     ecep:lem="age"
                     ecep:pos="n1"
                     ecep:reg="Age"
                     ecep:spe="Age"
                     ecep:syllab="1"
                     ecep:pron="eɪdʒ">Age</w>
                  <pc xmlns:ecep="http://www.eighteenthcenturypoetry.org/ns"
                      xml:id="pba35-061520"
                      n="a-0840"
                      ecep:lem=","
                      ecep:pos=","
                      ecep:reg=","
                      ecep:spe=",">,</pc>
               </l>
               <l n="12" rendition="#h_3" xml:id="pba35-l03160">
                  <c> </c>
                  <w xmlns:ecep="http://www.eighteenthcenturypoetry.org/ns"
                     xml:id="pba35-061530"
                     n="a-0850"
                     ecep:lem="from"
                     ecep:pos="p-acp"
                     ecep:reg="From"
                     ecep:spe="From"
                     ecep:syllab="1"
                     ecep:pron="frɒm">From</w>
                  <c> </c>
                  <w xmlns:ecep="http://www.eighteenthcenturypoetry.org/ns"
                     xml:id="pba35-061540"
                     n="a-0860"
                     ecep:lem="beauteous"
                     ecep:pos="j"
                     ecep:reg="beauteous"
                     ecep:spe="beauteous"
                     ecep:syllab="2"
                     ecep:pron="ˈbjuːtiəs">beauteous</w>
                  <pc xmlns:ecep="http://www.eighteenthcenturypoetry.org/ns"
                      xml:id="pba35-061550"
                      n="a-0870"
                      ecep:lem=","
                      ecep:pos=","
                      ecep:reg=","
                      ecep:spe=",">,</pc>
                  <c> </c>
                  <w xmlns:ecep="http://www.eighteenthcenturypoetry.org/ns"
                     xml:id="pba35-061560"
                     n="a-0880"
                     ecep:lem="unaffected"
                     ecep:pos="j"
                     ecep:reg="unaffected"
                     ecep:spe="unaffected"
                     ecep:syllab="4"
                     ecep:pron="ˌʌnəˈfektɪd">unaffected</w>
                  <note n="*" place="bottom" xml:id="pba35-n00040">
                     <w xmlns:ecep="http://www.eighteenthcenturypoetry.org/ns"
                        xml:id="pba35-061600"
                        n="a-0890"
                        ecep:lem="the"
                        ecep:pos="dt"
                        ecep:reg="The"
                        ecep:spe="The"
                        ecep:syllab="1"
                        ecep:pron="ðiː">The</w>
                     <c> </c>
                     <w xmlns:ecep="http://www.eighteenthcenturypoetry.org/ns"
                        xml:id="pba35-061610"
                        n="a-0900"
                        ecep:lem="honourable"
                        ecep:pos="j"
                        ecep:reg="Honourable"
                        ecep:spe="Honourable"
                        ecep:syllab="4"
                        ecep:pron="ˈɒnrəbl">Honourable</w>
                     <c> </c>
                     <w xmlns:ecep="http://www.eighteenthcenturypoetry.org/ns"
                        xml:id="pba35-061620"
                        n="a-0910"
                        ecep:lem="mrs."
                        ecep:pos="n1"
                        ecep:reg="Mrs."
                        ecep:spe="Mrs."
                        ecep:syllab="2"
                        ecep:pron="mɪsɪz">Mrs.</w>
                     <c> </c>
                     <w xmlns:ecep="http://www.eighteenthcenturypoetry.org/ns"
                        xml:id="pba35-061630"
                        n="a-0920"
                        ecep:lem="page"
                        ecep:pos="n1"
                        ecep:reg="Page"
                        ecep:spe="Page"
                        ecep:syllab="1"
                        ecep:pron="peɪdʒ">Page</w>
                     <pc xmlns:ecep="http://www.eighteenthcenturypoetry.org/ns"
                         xml:id="pba35-061640"
                         n="a-0930"
                         unit="sentence"
                         ecep:lem="."
                         ecep:pos="."
                         ecep:reg="."
                         ecep:spe=".">.</pc>
                  </note>
                  <c> </c>
                  <hi rendition="#sc">
                     <w xmlns:ecep="http://www.eighteenthcenturypoetry.org/ns"
                        xml:id="pba35-061570"
                        n="a-0940"
                        ecep:lem="page"
                        ecep:pos="n1"
                        ecep:reg="Page"
                        ecep:spe="Page"
                        ecep:syllab="1"
                        ecep:pron="peɪdʒ">Page</w>
                     <pc xmlns:ecep="http://www.eighteenthcenturypoetry.org/ns"
                         xml:id="pba35-061580"
                         n="a-0950"
                         unit="sentence"
                         ecep:lem="."
                         ecep:pos="."
                         ecep:reg="."
                         ecep:spe=".">.</pc>
                     <c> </c>
                  </hi>
               </l>
            </lg>
         </div>
      </body>
   </text>
</TEI>
