<?xml version="1.0" encoding="UTF-8"?>
<div xmlns:ecep="http://www.eighteenthcenturypoetry.org/ns"
     xmlns="http://www.tei-c.org/ns/1.0"
     xmlns:tei="http://www.tei-c.org/ns/1.0"
     ana="#trochee #tetrameter #pair #quatrain #acatalexis"
     corresp="#txt_BerkGe1763_w0026"
     decls="#semi-normalized"
     ecep:syllab="8.8.8.8"
     met="+-|+-|+-|+-/ +-|+-|+-|+-/ +-|+-|+-|+-/ +-|+-|+-|+-/"
     rendition="#lgvspace"
     rhyme="aabb"
     subtype="eceptext"
     type="poem"
     xml:id="o5280-w0250">
   <link target="authors.xml#aut_BerkGe1763" type="author"/>
   <head type="main">
      <w xml:id="o5280-2177990"
         n="699-a-0010"
         ecep:lem="invocation"
         ecep:pos="n1"
         ecep:reg="INVOCATION"
         ecep:spe="INVOCATION"
         ecep:syllab="4"
         ecep:pron="ˌɪnvəˈkeɪʃn">INVOCATION</w>
      <c> </c>
      <w xml:id="o5280-2178000"
         n="699-a-0020"
         ecep:lem="to"
         ecep:pos="p-acp"
         ecep:reg="TO"
         ecep:spe="TO"
         ecep:syllab="1"
         ecep:pron="tuː">TO</w>
      <c> </c>
      <w xml:id="o5280-2178010"
         n="699-a-0030"
         ecep:lem="Cupid"
         ecep:pos="np1"
         ecep:reg="CUPID"
         ecep:spe="CUPID"
         ecep:syllab="2"
         ecep:pron="ˈkjuːpɪd">CUPID</w>
      <pc xml:id="o5280-2178020"
          n="699-a-0040"
          unit="sentence"
          ecep:lem="."
          ecep:pos="."
          ecep:reg="."
          ecep:spe=".">.</pc>
   </head>
   <head type="sub">
      <w xml:id="o5280-2178050"
         n="699-a-0050"
         ecep:lem="to"
         ecep:pos="p-acp"
         ecep:reg="TO"
         ecep:spe="TO"
         ecep:syllab="1"
         ecep:pron="tuː">TO</w>
      <c> </c>
      <w xml:id="o5280-2178060"
         n="699-a-0060"
         ecep:lem="Frederick"
         ecep:pos="np1"
         ecep:reg="FREDERICK"
         ecep:spe="FREDERICK"
         ecep:syllab="3"
         ecep:pron="ˈfredrɪk">FREDERICK</w>
      <c> </c>
      <w xml:id="o5280-2178070"
         n="699-a-0070"
         ecep:lem="Reynolds"
         ecep:pos="np1"
         ecep:reg="REYNOLDS"
         ecep:spe="REYNOLDS"
         ecep:syllab="2"
         ecep:pron="ˈrenldz">REYNOLDS</w>
      <pc xml:id="o5280-2178080"
          n="699-a-0080"
          ecep:lem=","
          ecep:pos=","
          ecep:reg=","
          ecep:spe=",">,</pc>
      <c> </c>
      <w xml:id="o5280-2178090"
         n="699-a-0090"
         ecep:lem="ESQ"
         ecep:pos="np1"
         ecep:reg="ESQ"
         ecep:spe="ESQ"
         ecep:syllab="1"
         ecep:pron="ˈesk">ESQ</w>
      <pc xml:id="o5280-2178100"
          n="699-a-0100"
          unit="sentence"
          ecep:lem="."
          ecep:pos="."
          ecep:reg="."
          ecep:spe=".">.</pc>
   </head>
   <lg xml:id="o5280-s00210">
      <l xml:id="o5280-l03650">
         <w xml:id="o5280-2178130"
            n="699-a-0110"
            ecep:lem="deck"
            ecep:pos="j-vvn"
            ecep:reg="DECKED"
            ecep:spe="DECK'D"
            ecep:syllab="1"
            ecep:pron="dekt">DECK'D</w>
         <c> </c>
         <w xml:id="o5280-2178140"
            n="699-a-0120"
            ecep:lem="with"
            ecep:pos="p-acp"
            ecep:reg="with"
            ecep:spe="with"
            ecep:syllab="1"
            ecep:pron="wɪð">with</w>
         <c> </c>
         <w xml:id="o5280-2178150"
            n="699-a-0130"
            ecep:lem="ray"
            ecep:pos="n2"
            ecep:reg="rays"
            ecep:spe="rays"
            ecep:syllab="1"
            ecep:pron="reɪz">rays</w>
         <c> </c>
         <w xml:id="o5280-2178160"
            n="699-a-0140"
            ecep:lem="of"
            ecep:pos="pp-f"
            ecep:reg="of"
            ecep:spe="of"
            ecep:syllab="1"
            ecep:pron="ɒv">of</w>
         <c> </c>
         <w xml:id="o5280-2178170"
            n="699-a-0150"
            ecep:lem="purple"
            ecep:pos="j-jn"
            ecep:reg="purple"
            ecep:spe="purple"
            ecep:syllab="2"
            ecep:pron="ˈpɜːpl">purple</w>
         <c> </c>
         <w xml:id="o5280-2178180"
            n="699-a-0160"
            ecep:lem="light"
            ecep:pos="n1"
            ecep:reg="light"
            ecep:spe="light"
            ecep:syllab="1"
            ecep:pron="laɪt">light</w>
         <pc xml:id="o5280-2178190"
             n="699-a-0170"
             ecep:lem=","
             ecep:pos=","
             ecep:reg=","
             ecep:spe=",">,</pc>
      </l>
      <l xml:id="o5280-l03655">
         <c> </c>
         <w xml:id="o5280-2178200"
            n="699-a-0180"
            ecep:lem="hither"
            ecep:pos="av"
            ecep:reg="Hither"
            ecep:spe="Hither"
            ecep:syllab="2"
            ecep:pron="ˈhɪðə">Hither</w>
         <pc xml:id="o5280-2178210"
             n="699-a-0190"
             ecep:lem=","
             ecep:pos=","
             ecep:reg=","
             ecep:spe=",">,</pc>
         <c> </c>
         <w xml:id="o5280-2178220"
            n="699-a-0200"
            ecep:lem="Cupid"
            ecep:pos="np1"
            ecep:reg="Cupid"
            ecep:spe="Cupid"
            ecep:syllab="2"
            ecep:pron="ˈkjuːpɪd">Cupid</w>
         <pc xml:id="o5280-2178230"
             n="699-a-0210"
             ecep:lem=","
             ecep:pos=","
             ecep:reg=","
             ecep:spe=",">,</pc>
         <c> </c>
         <w xml:id="o5280-2178240"
            n="699-a-0220"
            ecep:lem="wing"
            ecep:pos="vvb"
            ecep:reg="wing"
            ecep:spe="wing"
            ecep:syllab="1"
            ecep:pron="wɪŋ">wing</w>
         <c> </c>
         <w xml:id="o5280-2178250"
            n="699-a-0230"
            ecep:lem="thy"
            ecep:pos="po21"
            ecep:reg="thy"
            ecep:spe="thy"
            ecep:syllab="1"
            ecep:pron="ðaɪ">thy</w>
         <c> </c>
         <w xml:id="o5280-2178260"
            n="699-a-0240"
            ecep:lem="flight"
            ecep:pos="n1"
            ecep:reg="flight"
            ecep:spe="flight"
            ecep:syllab="1"
            ecep:pron="flaɪt">flight</w>
         <pc xml:id="o5280-2178270"
             n="699-a-0250"
             ecep:lem=";"
             ecep:pos=";"
             ecep:reg=";"
             ecep:spe=";">;</pc>
      </l>
      <l xml:id="o5280-l03660">
         <c> </c>
         <w xml:id="o5280-2178280"
            n="699-a-0260"
            ecep:lem="through"
            ecep:pos="p-acp"
            ecep:reg="Through"
            ecep:spe="Through"
            ecep:syllab="1"
            ecep:pron="θruː">Through</w>
         <c> </c>
         <w xml:id="o5280-2178290"
            n="699-a-0270"
            ecep:lem="the"
            ecep:pos="dt"
            ecep:reg="the"
            ecep:spe="the"
            ecep:syllab="1"
            ecep:pron="ðiː">the</w>
         <c> </c>
         <w xml:id="o5280-2178300"
            n="699-a-0280"
            ecep:lem="pure"
            ecep:pos="j"
            ecep:reg="pure"
            ecep:spe="pure"
            ecep:syllab="1"
            ecep:pron="pjʊə">pure</w>
         <c> </c>
         <w xml:id="o5280-2178310"
            n="699-a-0290"
            ecep:lem="unclouded"
            ecep:pos="j"
            ecep:reg="unclouded"
            ecep:spe="unclouded"
            ecep:syllab="3"
            ecep:pron="ʌnˈklaʊdɪd">unclouded</w>
         <c> </c>
         <w xml:id="o5280-2178320"
            n="699-a-0300"
            ecep:lem="sky"
            ecep:pos="n1"
            ecep:reg="sky"
            ecep:spe="sky"
            ecep:syllab="1"
            ecep:pron="skaɪ">sky</w>
      </l>
      <l xml:id="o5280-l03665">
         <c> </c>
         <w xml:id="o5280-2178330"
            n="699-a-0310"
            ecep:lem="let"
            ecep:pos="vvb"
            ecep:reg="Let"
            ecep:spe="Let"
            ecep:syllab="1"
            ecep:pron="let">Let</w>
         <c> </c>
         <w xml:id="o5280-2178340"
            n="699-a-0320"
            ecep:lem="thy"
            ecep:pos="po21"
            ecep:reg="thy"
            ecep:spe="thy"
            ecep:syllab="1"
            ecep:pron="ðaɪ">thy</w>
         <c> </c>
         <w xml:id="o5280-2178350"
            n="699-a-0330"
            ecep:lem="shaft"
            ecep:pos="n2"
            ecep:reg="shafts"
            ecep:spe="shafts"
            ecep:syllab="1"
            ecep:pron="ʃɑːfts">shafts</w>
         <c> </c>
         <w xml:id="o5280-2178360"
            n="699-a-0340"
            ecep:lem="unnumbered"
            ecep:pos="j"
            ecep:reg="unnumbered"
            ecep:spe="unnumber'd"
            ecep:syllab="3"
            ecep:pron="ʌnˈnʌmbəd">unnumber'd</w>
         <c> </c>
         <w xml:id="o5280-2178370"
            n="699-a-0350"
            ecep:lem="fly"
            ecep:pos="n1"
            ecep:reg="fly"
            ecep:spe="fly"
            ecep:syllab="1"
            ecep:pron="flaɪ">fly</w>
         <pc xml:id="o5280-2178380"
             n="699-a-0360"
             unit="sentence"
             ecep:lem="."
             ecep:pos="."
             ecep:reg="."
             ecep:spe=".">.</pc>
         <c> </c>
      </l>
   </lg>
   <lg xml:id="o5280-s00215">
      <l xml:id="o5280-l03670">
         <w xml:id="o5280-2178410"
            n="699-a-0370"
            ecep:lem="bid"
            ecep:pos="vvb"
            ecep:reg="Bid"
            ecep:spe="Bid"
            ecep:syllab="1"
            ecep:pron="bɪd">Bid</w>
         <c> </c>
         <w xml:id="o5280-2178420"
            n="699-a-0380"
            ecep:lem="the"
            ecep:pos="dt"
            ecep:reg="the"
            ecep:spe="the"
            ecep:syllab="1"
            ecep:pron="ðiː">the</w>
         <c> </c>
         <w xml:id="o5280-2178430"
            n="699-a-0390"
            ecep:lem="warbler"
            ecep:pos="n2"
            ecep:reg="warblers"
            ecep:spe="warblers"
            ecep:syllab="2"
            ecep:pron="ˈwɔːbləz">warblers</w>
         <c> </c>
         <w xml:id="o5280-2178440"
            n="699-a-0400"
            ecep:lem="of"
            ecep:pos="pp-f"
            ecep:reg="of"
            ecep:spe="of"
            ecep:syllab="1"
            ecep:pron="ɒv">of</w>
         <c> </c>
         <w xml:id="o5280-2178450"
            n="699-a-0410"
            ecep:lem="the"
            ecep:pos="dt"
            ecep:reg="the"
            ecep:spe="the"
            ecep:syllab="1"
            ecep:pron="ðiː">the</w>
         <c> </c>
         <w xml:id="o5280-2178460"
            n="699-a-0420"
            ecep:lem="grove"
            ecep:pos="n1"
            ecep:reg="grove"
            ecep:spe="grove"
            ecep:syllab="1"
            ecep:pron="grəʊv">grove</w>
      </l>
      <l xml:id="o5280-l03675">
         <c> </c>
         <w xml:id="o5280-2178470"
            n="699-a-0430"
            ecep:lem="bow"
            ecep:pos="n1"
            ecep:reg="Bow"
            ecep:spe="Bow"
            ecep:syllab="1"
            ecep:pron="bəʊ">Bow</w>
         <c> </c>
         <w xml:id="o5280-2178480"
            n="699-a-0440"
            ecep:lem="before"
            ecep:pos="p-acp"
            ecep:reg="before"
            ecep:spe="before"
            ecep:syllab="2"
            ecep:pron="bɪˈfɔː">before</w>
         <c> </c>
         <w xml:id="o5280-2178490"
            n="699-a-0450"
            ecep:lem="the"
            ecep:pos="dt"
            ecep:reg="the"
            ecep:spe="the"
            ecep:syllab="1"
            ecep:pron="ðiː">the</w>
         <c> </c>
         <w xml:id="o5280-2178500"
            n="699-a-0460"
            ecep:lem="shrine"
            ecep:pos="n1"
            ecep:reg="shrine"
            ecep:spe="shrine"
            ecep:syllab="1"
            ecep:pron="ʃraɪn">shrine</w>
         <c> </c>
         <w xml:id="o5280-2178510"
            n="699-a-0470"
            ecep:lem="of"
            ecep:pos="pp-f"
            ecep:reg="of"
            ecep:spe="of"
            ecep:syllab="1"
            ecep:pron="ɒv">of</w>
         <c> </c>
         <w xml:id="o5280-2178520"
            n="699-a-0480"
            ecep:lem="love"
            ecep:pos="n1"
            ecep:reg="Love"
            ecep:spe="Love"
            ecep:syllab="1"
            ecep:pron="lʌv">Love</w>
         <pc xml:id="o5280-2178530"
             n="699-a-0490"
             ecep:lem=";"
             ecep:pos=";"
             ecep:reg=";"
             ecep:spe=";">;</pc>
      </l>
      <l xml:id="o5280-l03680">
         <c> </c>
         <w xml:id="o5280-2178540"
            n="699-a-0500"
            ecep:lem="and"
            ecep:pos="cc"
            ecep:reg="And"
            ecep:spe="And"
            ecep:syllab="1"
            ecep:pron="ænd">And</w>
         <c> </c>
         <w xml:id="o5280-2178550"
            n="699-a-0510"
            ecep:lem="with"
            ecep:pos="p-acp"
            ecep:reg="with"
            ecep:spe="with"
            ecep:syllab="1"
            ecep:pron="wɪð">with</w>
         <c> </c>
         <w xml:id="o5280-2178560"
            n="699-a-0520"
            ecep:lem="thy"
            ecep:pos="po21"
            ecep:reg="thy"
            ecep:spe="thy"
            ecep:syllab="1"
            ecep:pron="ðaɪ">thy</w>
         <c> </c>
         <w xml:id="o5280-2178570"
            n="699-a-0530"
            ecep:lem="resistless"
            ecep:pos="j"
            ecep:reg="resistless"
            ecep:spe="resistless"
            ecep:syllab="3"
            ecep:pron="rɪˈzɪstləs">resistless</w>
         <c> </c>
         <w xml:id="o5280-2178580"
            n="699-a-0540"
            ecep:lem="dart"
            ecep:pos="n1"
            ecep:reg="dart"
            ecep:spe="dart"
            ecep:syllab="1"
            ecep:pron="dɑːt">dart</w>
      </l>
      <l xml:id="o5280-l03685">
         <c> </c>
         <w xml:id="o5280-2178590"
            n="699-a-0550"
            ecep:lem="pierce"
            ecep:pos="vvb"
            ecep:reg="Pierce"
            ecep:spe="Pierce"
            ecep:syllab="1"
            ecep:pron="pɪəs">Pierce</w>
         <pc xml:id="o5280-2178600"
             n="699-a-0560"
             ecep:lem=","
             ecep:pos=","
             ecep:reg=","
             ecep:spe=",">,</pc>
         <c> </c>
         <w xml:id="o5280-2178610"
            n="699-a-0570"
            ecep:lem="o"
            ecep:pos="uh"
            ecep:reg="OH"
            ecep:spe="O"
            ecep:syllab="1"
            ecep:pron="əʊ">O</w>
         <c> </c>
         <w xml:id="o5280-2178620"
            n="699-a-0580"
            ecep:lem="pierce"
            ecep:pos="vvb"
            ecep:reg="pierce"
            ecep:spe="pierce"
            ecep:syllab="1"
            ecep:pron="pɪəs">pierce</w>
         <c> </c>
         <w xml:id="o5280-2178630"
            n="699-a-0590"
            ecep:lem="each"
            ecep:pos="d"
            ecep:reg="each"
            ecep:spe="each"
            ecep:syllab="1"
            ecep:pron="iːtʃ">each</w>
         <c> </c>
         <w xml:id="o5280-2178640"
            n="699-a-0600"
            ecep:lem="youthful"
            ecep:pos="j"
            ecep:reg="youthful"
            ecep:spe="youthful"
            ecep:syllab="2"
            ecep:pron="ˈjuːθfl">youthful</w>
         <c> </c>
         <w xml:id="o5280-2178650"
            n="699-a-0610"
            ecep:lem="heart"
            ecep:pos="n1"
            ecep:reg="heart"
            ecep:spe="heart"
            ecep:syllab="1"
            ecep:pron="hɑːt">heart</w>
         <pc xml:id="o5280-2178660"
             n="699-a-0620"
             unit="sentence"
             ecep:lem="."
             ecep:pos="."
             ecep:reg="."
             ecep:spe=".">.</pc>
         <c> </c>
      </l>
   </lg>
   <lg xml:id="o5280-s00220">
      <l xml:id="o5280-l03690">
         <w xml:id="o5280-2178690"
            n="699-a-0630"
            ecep:lem="hark"
            ecep:pos="vvb"
            ecep:reg="Hark"
            ecep:spe="Hark"
            ecep:syllab="1"
            ecep:pron="hɑːk">Hark</w>
         <pc xml:id="o5280-2178700"
             n="699-a-0640"
             ecep:lem=","
             ecep:pos=","
             ecep:reg=","
             ecep:spe=",">,</pc>
         <c> </c>
         <w xml:id="o5280-2178710"
            n="699-a-0650"
            ecep:lem="how"
            ecep:pos="c-crq"
            ecep:reg="how"
            ecep:spe="how"
            ecep:syllab="1"
            ecep:pron="haʊ">how</w>
         <c> </c>
         <w xml:id="o5280-2178720"
            n="699-a-0660"
            ecep:lem="round"
            ecep:pos="av-j"
            ecep:reg="round"
            ecep:spe="round"
            ecep:syllab="1"
            ecep:pron="raʊnd">round</w>
         <c> </c>
         <w xml:id="o5280-2178730"
            n="699-a-0670"
            ecep:lem="thy"
            ecep:pos="po21"
            ecep:reg="thy"
            ecep:spe="thy"
            ecep:syllab="1"
            ecep:pron="ðaɪ">thy</w>
         <c> </c>
         <w xml:id="o5280-2178740"
            n="699-a-0680"
            ecep:lem="hallow"
            ecep:pos="j-vvn"
            ecep:reg="hallowed"
            ecep:spe="hallow'd"
            ecep:syllab="2"
            ecep:pron="ˈhæləʊd">hallow'd</w>
         <c> </c>
         <w xml:id="o5280-2178750"
            n="699-a-0690"
            ecep:lem="shrine"
            ecep:pos="n1"
            ecep:reg="shrine"
            ecep:spe="shrine"
            ecep:syllab="1"
            ecep:pron="ʃraɪn">shrine</w>
         <pc xml:id="o5280-2178760"
             n="699-a-0700"
             ecep:lem=","
             ecep:pos=","
             ecep:reg=","
             ecep:spe=",">,</pc>
      </l>
      <l xml:id="o5280-l03695">
         <c> </c>
         <w xml:id="o5280-2178770"
            n="699-a-0710"
            ecep:lem="sweet"
            ecep:pos="av-j"
            ecep:reg="Sweetly"
            ecep:spe="Sweetly"
            ecep:syllab="2"
            ecep:pron="swiːtli">Sweetly</w>
         <c> </c>
         <w xml:id="o5280-2178780"
            n="699-a-0720"
            ecep:lem="chant"
            ecep:pos="vvb"
            ecep:reg="chant"
            ecep:spe="chaunt"
            ecep:syllab="1"
            ecep:pron="tʃɔːnt">chaunt</w>
         <c> </c>
         <w xml:id="o5280-2178790"
            n="699-a-0730"
            ecep:lem="the"
            ecep:pos="dt"
            ecep:reg="the"
            ecep:spe="the"
            ecep:syllab="1"
            ecep:pron="ðiː">the</w>
         <c> </c>
         <w xml:id="o5280-2178800"
            n="699-a-0740"
            ecep:lem="tuneful"
            ecep:pos="j"
            ecep:reg="tuneful"
            ecep:spe="tuneful"
            ecep:syllab="2"
            ecep:pron="ˈtʃuːnfl">tuneful</w>
         <c> </c>
         <w xml:id="o5280-2178810"
            n="699-a-0750"
            ecep:lem="nine"
            ecep:pos="crd"
            ecep:reg="Nine"
            ecep:spe="Nine"
            ecep:syllab="1"
            ecep:pron="naɪn">Nine</w>
         <pc xml:id="o5280-2178820"
             n="699-a-0760"
             ecep:lem=";"
             ecep:pos=";"
             ecep:reg=";"
             ecep:spe=";">;</pc>
      </l>
      <l xml:id="o5280-l03700">
         <c> </c>
         <w xml:id="o5280-2178830"
            n="699-a-0770"
            ecep:lem="over"
            ecep:pos="p-acp"
            ecep:reg="Over"
            ecep:spe="O'er"
            ecep:syllab="1"
            ecep:pron="ˈɔːə">O'er</w>
         <c> </c>
         <w xml:id="o5280-2178840"
            n="699-a-0780"
            ecep:lem="the"
            ecep:pos="dt"
            ecep:reg="the"
            ecep:spe="the"
            ecep:syllab="1"
            ecep:pron="ðiː">the</w>
         <c> </c>
         <w xml:id="o5280-2178850"
            n="699-a-0790"
            ecep:lem="green"
            ecep:pos="j-jn"
            ecep:reg="green"
            ecep:spe="green"
            ecep:syllab="1"
            ecep:pron="griːn">green</w>
         <c> </c>
         <w xml:id="o5280-2178860"
            n="699-a-0800"
            ecep:lem="enamel"
            ecep:pos="j-vvn"
            ecep:reg="enamelled"
            ecep:spe="enamel'd"
            ecep:syllab="3"
            ecep:pron="iˈnæmld">enamel'd</w>
         <c> </c>
         <w xml:id="o5280-2178870"
            n="699-a-0810"
            ecep:lem="plain"
            ecep:pos="n2"
            ecep:reg="plains"
            ecep:spe="plains"
            ecep:syllab="1"
            ecep:pron="pleɪnz">plains</w>
      </l>
      <l xml:id="o5280-l03705">
         <c> </c>
         <w xml:id="o5280-2178880"
            n="699-a-0820"
            ecep:lem="pour"
            ecep:pos="vvg"
            ecep:reg="Pouring"
            ecep:spe="Pouring"
            ecep:syllab="2"
            ecep:pron="pɔːɪŋ">Pouring</w>
         <c> </c>
         <w xml:id="o5280-2178890"
            n="699-a-0830"
            ecep:lem="all"
            ecep:pos="d"
            ecep:reg="all"
            ecep:spe="all"
            ecep:syllab="1"
            ecep:pron="ɔːl">all</w>
         <c> </c>
         <w xml:id="o5280-2178900"
            n="699-a-0840"
            ecep:lem="their"
            ecep:pos="po32"
            ecep:reg="their"
            ecep:spe="their"
            ecep:syllab="1"
            ecep:pron="ðeə">their</w>
         <c> </c>
         <w xml:id="o5280-2178910"
            n="699-a-0850"
            ecep:lem="magic"
            ecep:pos="j-jn"
            ecep:reg="magic"
            ecep:spe="magic"
            ecep:syllab="2"
            ecep:pron="ˈmædʒɪk">magic</w>
         <c> </c>
         <w xml:id="o5280-2178920"
            n="699-a-0860"
            ecep:lem="strain"
            ecep:pos="n2"
            ecep:reg="strains"
            ecep:spe="strains"
            ecep:syllab="1"
            ecep:pron="streɪnz">strains</w>
         <pc xml:id="o5280-2178930"
             n="699-a-0870"
             unit="sentence"
             ecep:lem="."
             ecep:pos="."
             ecep:reg="."
             ecep:spe=".">.</pc>
         <c> </c>
      </l>
   </lg>
   <pb facs="o5280/0700" n="56" rend="none"/>
   <lg xml:id="o5280-s00225">
      <l xml:id="o5280-l03710">
         <w xml:id="o5280-2178960"
            n="700-a-0010"
            ecep:lem="Phoebus"
            ecep:pos="np1"
            ecep:reg="Phoebus"
            ecep:spe="Phoebus"
            ecep:syllab="2"
            ecep:pron="ˈfiːbəs">Phoebus</w>
         <c> </c>
         <w xml:id="o5280-2178970"
            n="700-a-0020"
            ecep:lem="now"
            ecep:pos="av"
            ecep:reg="now"
            ecep:spe="now"
            ecep:syllab="1"
            ecep:pron="naʊ">now</w>
         <c> </c>
         <w xml:id="o5280-2178980"
            n="700-a-0030"
            ecep:lem="with"
            ecep:pos="p-acp"
            ecep:reg="with"
            ecep:spe="with"
            ecep:syllab="1"
            ecep:pron="wɪð">with</w>
         <c> </c>
         <w xml:id="o5280-2178990"
            n="700-a-0040"
            ecep:lem="fervid"
            ecep:pos="j"
            ecep:reg="fervid"
            ecep:spe="fervid"
            ecep:syllab="2"
            ecep:pron="ˈfɜːvɪd">fervid</w>
         <c> </c>
         <w xml:id="o5280-2179000"
            n="700-a-0050"
            ecep:lem="ray"
            ecep:pos="n2"
            ecep:reg="rays"
            ecep:spe="rays"
            ecep:syllab="1"
            ecep:pron="reɪz">rays</w>
      </l>
      <l xml:id="o5280-l03715">
         <c> </c>
         <w xml:id="o5280-2179010"
            n="700-a-0060"
            ecep:lem="light"
            ecep:pos="n2"
            ecep:reg="Lights"
            ecep:spe="Lights"
            ecep:syllab="1"
            ecep:pron="laɪts">Lights</w>
         <c> </c>
         <w xml:id="o5280-2179020"
            n="700-a-0070"
            ecep:lem="thy"
            ecep:pos="po21"
            ecep:reg="thy"
            ecep:spe="thy"
            ecep:syllab="1"
            ecep:pron="ðaɪ">thy</w>
         <c> </c>
         <w xml:id="o5280-2179030"
            n="700-a-0080"
            ecep:lem="altar"
            ecep:pos="ng1"
            ecep:reg="altar's"
            ecep:spe="altar's"
            ecep:syllab="2"
            ecep:pron="ˈɔːltəz">altar's</w>
         <c> </c>
         <w xml:id="o5280-2179040"
            n="700-a-0090"
            ecep:lem="holy"
            ecep:pos="j"
            ecep:reg="holy"
            ecep:spe="holy"
            ecep:syllab="2"
            ecep:pron="ˈhəʊli">holy</w>
         <c> </c>
         <w xml:id="o5280-2179050"
            n="700-a-0100"
            ecep:lem="blaze"
            ecep:pos="n1"
            ecep:reg="blaze"
            ecep:spe="blaze"
            ecep:syllab="1"
            ecep:pron="bleɪz">blaze</w>
         <pc xml:id="o5280-2179060"
             n="700-a-0110"
             ecep:lem=";"
             ecep:pos=";"
             ecep:reg=";"
             ecep:spe=";">;</pc>
      </l>
      <l xml:id="o5280-l03720">
         <c> </c>
         <w xml:id="o5280-2179070"
            n="700-a-0120"
            ecep:lem="and"
            ecep:pos="cc"
            ecep:reg="And"
            ecep:spe="And"
            ecep:syllab="1"
            ecep:pron="ænd">And</w>
         <pc xml:id="o5280-2179080"
             n="700-a-0130"
             ecep:lem=","
             ecep:pos=","
             ecep:reg=","
             ecep:spe=",">,</pc>
         <c> </c>
         <w xml:id="o5280-2179090"
            n="700-a-0140"
            ecep:lem="touch"
            ecep:pos="vvg"
            ecep:reg="touching"
            ecep:spe="touching"
            ecep:syllab="2"
            ecep:pron="ˈtʌtʃɪŋ">touching</w>
         <c> </c>
         <w xml:id="o5280-2179100"
            n="700-a-0150"
            ecep:lem="soft"
            ecep:pos="j"
            ecep:reg="soft"
            ecep:spe="soft"
            ecep:syllab="1"
            ecep:pron="sɒft">soft</w>
         <c> </c>
         <w xml:id="o5280-2179110"
            n="700-a-0160"
            ecep:lem="his"
            ecep:pos="po31"
            ecep:reg="his"
            ecep:spe="his"
            ecep:syllab="1"
            ecep:pron="hɪz">his</w>
         <c> </c>
         <w xml:id="o5280-2179120"
            n="700-a-0170"
            ecep:lem="magic"
            ecep:pos="j-jn"
            ecep:reg="magic"
            ecep:spe="magic"
            ecep:syllab="2"
            ecep:pron="ˈmædʒɪk">magic</w>
         <c> </c>
         <w xml:id="o5280-2179130"
            n="700-a-0180"
            ecep:lem="lyre"
            ecep:pos="n1"
            ecep:reg="lyre"
            ecep:spe="lyre"
            ecep:syllab="1"
            ecep:pron="laɪə">lyre</w>
         <pc xml:id="o5280-2179140"
             n="700-a-0190"
             ecep:lem=","
             ecep:pos=","
             ecep:reg=","
             ecep:spe=",">,</pc>
      </l>
      <l xml:id="o5280-l03725">
         <c> </c>
         <w xml:id="o5280-2179150"
            n="700-a-0200"
            ecep:lem="join"
            ecep:pos="vvz"
            ecep:reg="Joins"
            ecep:spe="Joins"
            ecep:syllab="1"
            ecep:pron="dʒɔɪnz">Joins</w>
         <c> </c>
         <w xml:id="o5280-2179160"
            n="700-a-0210"
            ecep:lem="the"
            ecep:pos="dt"
            ecep:reg="the"
            ecep:spe="the"
            ecep:syllab="1"
            ecep:pron="ðiː">the</w>
         <c> </c>
         <w xml:id="o5280-2179170"
            n="700-a-0220"
            ecep:lem="sweet"
            ecep:pos="j"
            ecep:reg="sweet"
            ecep:spe="sweet"
            ecep:syllab="1"
            ecep:pron="swiːt">sweet</w>
         <c> </c>
         <w xml:id="o5280-2179180"
            n="700-a-0230"
            ecep:lem="aonian"
            ecep:pos="jp"
            ecep:reg="Aonian"
            ecep:spe="Aonian"
            ecep:syllab="4"
            ecep:pron="iːˈəʊnɪən">Aonian</w>
         <c> </c>
         <w xml:id="o5280-2179190"
            n="700-a-0240"
            ecep:lem="choir"
            ecep:pos="n1"
            ecep:reg="choir"
            ecep:spe="choir"
            ecep:syllab="2"
            ecep:pron="kwæə">choir</w>
         <pc xml:id="o5280-2179200"
             n="700-a-0250"
             unit="sentence"
             ecep:lem="."
             ecep:pos="."
             ecep:reg="."
             ecep:spe=".">.</pc>
         <c> </c>
      </l>
   </lg>
</div>
