<?xml version="1.0" encoding="utf-8"?>
<!DOCTYPE div
  SYSTEM "about:legacy-compat">
<div xmlns:ecep="http://www.eighteenthcenturypoetry.org/ns"
     xmlns="http://www.tei-c.org/ns/1.0"
     xmlns:tei="http://www.tei-c.org/ns/1.0"
     ana="#iamb #tetrameter #couplet #pair #address"
     corresp="#txt_BailJo1762_w0008"
     decls="#semi-normalized"
     ecep:syllab="8"
     met="-+|-+|-+|-+/"
     rendition="#lgvspace"
     rhyme="aa"
     subtype="eceptext"
     type="poem"
     xml:id="bjb18-w0080">
   <link target="authors.xml#aut_BailJo1762" type="author"/>
   <link subtype="topic" target="#bjb18-w0050" type="related"/>
   <link subtype="topic" target="#bjb18-w0060" type="related"/>
   <link subtype="topic" target="#bjb18-w0070" type="related"/>
   <head type="main">
      <w xml:id="bjb18-130200"
         n="a-0010"
         ecep:lem="a"
         ecep:pos="dt"
         ecep:reg="A"
         ecep:spe="A"
         ecep:syllab="1"
         ecep:pron="ə">A</w>
      <c> </c>
      <w xml:id="bjb18-130210"
         n="a-0020"
         ecep:lem="poetical"
         ecep:pos="j"
         ecep:reg="POETICAL"
         ecep:spe="POETICAL"
         ecep:syllab="4"
         ecep:pron="pəʊˈetɪkl">POETICAL</w>
      <c> </c>
      <w xml:id="bjb18-130220"
         n="a-0030"
         ecep:lem="or"
         ecep:pos="cc"
         ecep:reg="OR"
         ecep:spe="OR"
         ecep:syllab="1"
         ecep:pron="ɔː">OR</w>
      <c> </c>
      <w xml:id="bjb18-130230"
         n="a-0040"
         ecep:lem="sound-heart"
         ecep:pos="j"
         ecep:reg="SOUNDHEARTED"
         ecep:spe="SOUND-HEARTED"
         ecep:syllab="3"
         ecep:pron="saʊndˌˈhɑːtɪd">SOUND-HEARTED</w>
      <c> </c>
      <w xml:id="bjb18-130240"
         n="a-0050"
         ecep:lem="lover"
         ecep:pos="ng1"
         ecep:reg="LOVER'S"
         ecep:spe="LOVER'S"
         ecep:syllab="2"
         ecep:pron="ˈlʌvəz">LOVER'S</w>
      <c> </c>
      <w xml:id="bjb18-130250"
         n="a-0060"
         ecep:lem="farewell"
         ecep:pos="n1"
         ecep:reg="FAREWELL"
         ecep:spe="FAREWELL"
         ecep:syllab="2"
         ecep:pron="ˌfeəˈwel">FAREWELL</w>
      <c> </c>
      <w xml:id="bjb18-130260"
         n="a-0070"
         ecep:lem="to"
         ecep:pos="p-acp"
         ecep:reg="TO"
         ecep:spe="TO"
         ecep:syllab="1"
         ecep:pron="tuː">TO</w>
      <c> </c>
      <w xml:id="bjb18-130270"
         n="a-0080"
         ecep:lem="his"
         ecep:pos="po31"
         ecep:reg="HIS"
         ecep:spe="HIS"
         ecep:syllab="1"
         ecep:pron="hɪz">HIS</w>
      <c> </c>
      <w xml:id="bjb18-130280"
         n="a-0090"
         ecep:lem="mistress"
         ecep:pos="n1"
         ecep:reg="MISTRESS"
         ecep:spe="MISTRESS"
         ecep:syllab="2"
         ecep:pron="ˈmɪstrɪs">MISTRESS</w>
      <pc xml:id="bjb18-130290"
          n="a-0100"
          unit="sentence"
          ecep:lem="."
          ecep:pos="."
          ecep:reg="."
          ecep:spe=".">.</pc>
   </head>
   <lg xml:id="bjb18-s00700">
      <l xml:id="bjb18-l06080">
         <hi rendition="#sc">
            <w xml:id="bjb18-130320"
               n="a-0110"
               ecep:lem="fair"
               ecep:pos="j"
               ecep:reg="FAIR"
               ecep:spe="FAIR"
               ecep:syllab="1"
               ecep:pron="feə">FAIR</w>
         </hi>
         <c> </c>
         <w xml:id="bjb18-130330"
            n="a-0120"
            ecep:lem="nymph"
            ecep:pos="n1"
            ecep:reg="Nymph"
            ecep:spe="Nymph"
            ecep:syllab="1"
            ecep:pron="nɪmf">Nymph</w>
         <pc xml:id="bjb18-130340"
             n="a-0130"
             ecep:lem=","
             ecep:pos=","
             ecep:reg=","
             ecep:spe=",">,</pc>
         <c> </c>
         <w xml:id="bjb18-130350"
            n="a-0140"
            ecep:lem="who"
            ecep:pos="q-crq"
            ecep:reg="who"
            ecep:spe="who"
            ecep:syllab="1"
            ecep:pron="huː">who</w>
         <c> </c>
         <w xml:id="bjb18-130360"
            n="a-0150"
            ecep:lem="do"
            ecep:pos="vd2"
            ecep:reg="dost"
            ecep:spe="dost"
            ecep:syllab="1"
            ecep:pron="dʌst">dost</w>
         <c> </c>
         <w xml:id="bjb18-130370"
            n="a-0160"
            ecep:lem="my"
            ecep:pos="po11"
            ecep:reg="my"
            ecep:spe="my"
            ecep:syllab="1"
            ecep:pron="maɪ">my</w>
         <c> </c>
         <w xml:id="bjb18-130380"
            n="a-0170"
            ecep:lem="fate"
            ecep:pos="n1"
            ecep:reg="fate"
            ecep:spe="fate"
            ecep:syllab="1"
            ecep:pron="feɪt">fate</w>
         <c> </c>
         <w xml:id="bjb18-130390"
            n="a-0180"
            ecep:lem="controul"
            ecep:pos="n1"
            ecep:reg="control"
            ecep:spe="controul"
            ecep:syllab="2"
            ecep:pron="kənˈtrəʊl">controul</w>
      </l>
      <l xml:id="bjb18-l06085">
         <c> </c>
         <w xml:id="bjb18-130400"
            n="a-0190"
            ecep:lem="and"
            ecep:pos="cc"
            ecep:reg="And"
            ecep:spe="And"
            ecep:syllab="1"
            ecep:pron="ænd">And</w>
         <c> </c>
         <w xml:id="bjb18-130410"
            n="a-0200"
            ecep:lem="reign"
            ecep:pos="vv2"
            ecep:reg="reignest"
            ecep:spe="reignest"
            ecep:syllab="2"
            ecep:pron="rˌiːˈɪgnəst">reignest</w>
         <c> </c>
         <w xml:id="bjb18-130420"
            n="a-0210"
            ecep:lem="mistress"
            ecep:pos="n1"
            ecep:reg="Mistress"
            ecep:spe="Mistress"
            ecep:syllab="2"
            ecep:pron="ˈmɪstrɪs">Mistress</w>
         <c> </c>
         <w xml:id="bjb18-130430"
            n="a-0220"
            ecep:lem="of"
            ecep:pos="pp-f"
            ecep:reg="of"
            ecep:spe="of"
            ecep:syllab="1"
            ecep:pron="ɒv">of</w>
         <c> </c>
         <w xml:id="bjb18-130440"
            n="a-0230"
            ecep:lem="my"
            ecep:pos="po11"
            ecep:reg="my"
            ecep:spe="my"
            ecep:syllab="1"
            ecep:pron="maɪ">my</w>
         <c> </c>
         <w xml:id="bjb18-130450"
            n="a-0240"
            ecep:lem="soul"
            ecep:pos="n1"
            ecep:reg="soul"
            ecep:spe="soul"
            ecep:syllab="1"
            ecep:pron="səʊl">soul</w>
         <pc xml:id="bjb18-130460"
             n="a-0250"
             ecep:lem=","
             ecep:pos=","
             ecep:reg=","
             ecep:spe=",">,</pc>
      </l>
      <l xml:id="bjb18-l06090">
         <c> </c>
         <w xml:id="bjb18-130470"
            n="a-0260"
            ecep:lem="where"
            ecep:pos="c-crq"
            ecep:reg="Where"
            ecep:spe="Where"
            ecep:syllab="1"
            ecep:pron="weə">Where</w>
         <c> </c>
         <w xml:id="bjb18-130480"
            n="a-0270"
            ecep:lem="thou"
            ecep:pos="pns21"
            ecep:reg="thou"
            ecep:spe="thou"
            ecep:syllab="1"
            ecep:pron="ðaʊ">thou</w>
         <c> </c>
         <w xml:id="bjb18-130490"
            n="a-0280"
            ecep:lem="all"
            ecep:pos="d"
            ecep:reg="all"
            ecep:spe="all"
            ecep:syllab="1"
            ecep:pron="ɔːl">all</w>
         <c> </c>
         <w xml:id="bjb18-130500"
            n="a-0290"
            ecep:lem="bright"
            ecep:pos="j"
            ecep:reg="bright"
            ecep:spe="bright"
            ecep:syllab="1"
            ecep:pron="braɪt">bright</w>
         <c> </c>
         <w xml:id="bjb18-130510"
            n="a-0300"
            ecep:lem="in"
            ecep:pos="p-acp"
            ecep:reg="in"
            ecep:spe="in"
            ecep:syllab="1"
            ecep:pron="ɪn">in</w>
         <c> </c>
         <w xml:id="bjb18-130520"
            n="a-0310"
            ecep:lem="beauty"
            ecep:pos="ng1"
            ecep:reg="beauty's"
            ecep:spe="beauty's"
            ecep:syllab="3"
            ecep:pron="ˈbjuːtiz">beauty's</w>
         <c> </c>
         <w xml:id="bjb18-130530"
            n="a-0320"
            ecep:lem="ray"
            ecep:pos="n1"
            ecep:reg="ray"
            ecep:spe="ray"
            ecep:syllab="1"
            ecep:pron="reɪ">ray</w>
      </l>
      <l xml:id="bjb18-l06095">
         <c> </c>
         <w xml:id="bjb18-130540"
            n="a-0330"
            ecep:lem="have"
            ecep:pos="vh2"
            ecep:reg="Hast"
            ecep:spe="Hast"
            ecep:syllab="1"
            ecep:pron="hæst">Hast</w>
         <c> </c>
         <w xml:id="bjb18-130550"
            n="a-0340"
            ecep:lem="hold"
            ecep:pos="vvn"
            ecep:reg="held"
            ecep:spe="held"
            ecep:syllab="1"
            ecep:pron="held">held</w>
         <c> </c>
         <w xml:id="bjb18-130560"
            n="a-0350"
            ecep:lem="a"
            ecep:pos="dt"
            ecep:reg="a"
            ecep:spe="a"
            ecep:syllab="1"
            ecep:pron="ə">a</w>
         <c> </c>
         <w xml:id="bjb18-130570"
            n="a-0360"
            ecep:lem="long"
            ecep:pos="j"
            ecep:reg="long"
            ecep:spe="long"
            ecep:syllab="1"
            ecep:pron="lɒŋ">long</w>
         <c> </c>
         <w xml:id="bjb18-130580"
            n="a-0370"
            ecep:lem="tyrannic"
            ecep:pos="j"
            ecep:reg="tyrannic"
            ecep:spe="tyrannic"
            ecep:syllab="3"
            ecep:pron="tɪˈrænɪk">tyrannic</w>
         <c> </c>
         <w xml:id="bjb18-130590"
            n="a-0380"
            ecep:lem="sway"
            ecep:pos="n1"
            ecep:reg="sway"
            ecep:spe="sway"
            ecep:syllab="1"
            ecep:pron="sweɪ">sway</w>
         <pc xml:id="bjb18-130600"
             n="a-0390"
             unit="sentence"
             ecep:lem="!"
             ecep:pos="!"
             ecep:reg="!"
             ecep:spe="!">!</pc>
         <c> </c>
      </l>
      <l xml:id="bjb18-l06100">
         <w xml:id="bjb18-130610"
            n="a-0400"
            ecep:lem="they"
            ecep:pos="pns32"
            ecep:reg="They"
            ecep:spe="They"
            ecep:syllab="1"
            ecep:pron="ðeɪ">They</w>
         <c> </c>
         <w xml:id="bjb18-130620"
            n="a-0410"
            ecep:lem="who"
            ecep:pos="r-crq"
            ecep:reg="who"
            ecep:spe="who"
            ecep:syllab="1"
            ecep:pron="huː">who</w>
         <c> </c>
         <w xml:id="bjb18-130630"
            n="a-0420"
            ecep:lem="the"
            ecep:pos="dt"
            ecep:reg="the"
            ecep:spe="the"
            ecep:syllab="1"
            ecep:pron="ðə">the</w>
         <c> </c>
         <w xml:id="bjb18-130640"
            n="a-0430"
            ecep:lem="hard"
            ecep:pos="js"
            ecep:reg="hardest"
            ecep:spe="hardest"
            ecep:syllab="2"
            ecep:pron="ˈhɑːdɪst">hardest</w>
         <c> </c>
         <w xml:id="bjb18-130650"
            n="a-0440"
            ecep:lem="rule"
            ecep:pos="n1"
            ecep:reg="rule"
            ecep:spe="rule"
            ecep:syllab="1"
            ecep:pron="ruːl">rule</w>
         <c> </c>
         <w xml:id="bjb18-130660"
            n="a-0450"
            ecep:lem="maintain"
            ecep:pos="vvi"
            ecep:reg="maintain"
            ecep:spe="maintain"
            ecep:syllab="2"
            ecep:pron="meɪnˈteɪn">maintain</w>
         <pc xml:id="bjb18-130670"
             n="a-0460"
             ecep:lem=","
             ecep:pos=","
             ecep:reg=","
             ecep:spe=",">,</pc>
      </l>
      <l xml:id="bjb18-l06105">
         <c> </c>
         <w xml:id="bjb18-130680"
            n="a-0470"
            ecep:lem="in"
            ecep:pos="p-acp"
            ecep:reg="In"
            ecep:spe="In"
            ecep:syllab="1"
            ecep:pron="ɪn">In</w>
         <c> </c>
         <w xml:id="bjb18-130690"
            n="a-0480"
            ecep:lem="their"
            ecep:pos="po32"
            ecep:reg="their"
            ecep:spe="their"
            ecep:syllab="1"
            ecep:pron="ðeə">their</w>
         <c> </c>
         <w xml:id="bjb18-130700"
            n="a-0490"
            ecep:lem="command"
            ecep:pos="n2"
            ecep:reg="commands"
            ecep:spe="commands"
            ecep:syllab="2"
            ecep:pron="kəˈmɑːndz">commands</w>
         <c> </c>
         <w xml:id="bjb18-130710"
            n="a-0500"
            ecep:lem="do"
            ecep:pos="vdb"
            ecep:reg="do"
            ecep:spe="do"
            ecep:syllab="1"
            ecep:pron="duː">do</w>
         <c> </c>
         <w xml:id="bjb18-130720"
            n="a-0510"
            ecep:lem="still"
            ecep:pos="av"
            ecep:reg="still"
            ecep:spe="still"
            ecep:syllab="1"
            ecep:pron="stɪl">still</w>
         <c> </c>
         <w xml:id="bjb18-130730"
            n="a-0520"
            ecep:lem="refrain"
            ecep:pos="vvi"
            ecep:reg="refrain"
            ecep:spe="refrain"
            ecep:syllab="2"
            ecep:pron="rɪˈfreɪn">refrain</w>
      </l>
      <l xml:id="bjb18-l06110">
         <c> </c>
         <w xml:id="bjb18-130740"
            n="a-0530"
            ecep:lem="from"
            ecep:pos="p-acp"
            ecep:reg="From"
            ecep:spe="From"
            ecep:syllab="1"
            ecep:pron="frɒm">From</w>
         <c> </c>
         <w xml:id="bjb18-130750"
            n="a-0540"
            ecep:lem="what"
            ecep:pos="r-crq"
            ecep:reg="what"
            ecep:spe="what"
            ecep:syllab="1"
            ecep:pron="wɒt">what</w>
         <c> </c>
         <w xml:id="bjb18-130760"
            n="a-0550"
            ecep:lem="impossible"
            ecep:pos="j"
            ecep:reg="impossible"
            ecep:spe="impossible"
            ecep:syllab="4"
            ecep:pron="ɪmˈpɒsəbl">impossible</w>
         <c> </c>
         <w xml:id="bjb18-130770"
            n="a-0560"
            ecep:lem="must"
            ecep:pos="vmb"
            ecep:reg="must"
            ecep:spe="must"
            ecep:syllab="1"
            ecep:pron="mʌst">must</w>
         <c> </c>
         <w xml:id="bjb18-130780"
            n="a-0570"
            ecep:lem="prove"
            ecep:pos="vvi"
            ecep:reg="prove"
            ecep:spe="prove"
            ecep:syllab="1"
            ecep:pron="pruːv">prove</w>
         <pc xml:id="bjb18-130790"
             n="a-0580"
             ecep:lem=","
             ecep:pos=","
             ecep:reg=","
             ecep:spe=",">,</pc>
      </l>
      <l xml:id="bjb18-l06115">
         <c> </c>
         <w xml:id="bjb18-130800"
            n="a-0590"
            ecep:lem="yet"
            ecep:pos="av"
            ecep:reg="Yet"
            ecep:spe="Yet"
            ecep:syllab="1"
            ecep:pron="jet">Yet</w>
         <c> </c>
         <w xml:id="bjb18-130810"
            n="a-0600"
            ecep:lem="thou"
            ecep:pos="pns21"
            ecep:reg="thou"
            ecep:spe="thou"
            ecep:syllab="1"
            ecep:pron="ðaʊ">thou</w>
         <c> </c>
         <w xml:id="bjb18-130820"
            n="a-0610"
            ecep:lem="have"
            ecep:pos="vh2"
            ecep:reg="hast"
            ecep:spe="hast"
            ecep:syllab="1"
            ecep:pron="hæst">hast</w>
         <c> </c>
         <w xml:id="bjb18-130830"
            n="a-0620"
            ecep:lem="bid"
            ecep:pos="vvd"
            ecep:reg="bade"
            ecep:spe="bade"
            ecep:syllab="1"
            ecep:pron="bæd">bade</w>
         <c> </c>
         <w xml:id="bjb18-130840"
            n="a-0630"
            ecep:lem="i"
            ecep:pos="pno11"
            ecep:reg="me"
            ecep:spe="me"
            ecep:syllab="1"
            ecep:pron="miː">me</w>
         <c> </c>
         <w xml:id="bjb18-130850"
            n="a-0640"
            ecep:lem="cease"
            ecep:pos="vvi"
            ecep:reg="cease"
            ecep:spe="cease"
            ecep:syllab="1"
            ecep:pron="siːs">cease</w>
         <c> </c>
         <w xml:id="bjb18-130860"
            n="a-0650"
            ecep:lem="to"
            ecep:pos="pc-acp"
            ecep:reg="to"
            ecep:spe="to"
            ecep:syllab="1"
            ecep:pron="tuː">to</w>
         <c> </c>
         <w xml:id="bjb18-130870"
            n="a-0660"
            ecep:lem="love"
            ecep:pos="vvi"
            ecep:reg="love"
            ecep:spe="love"
            ecep:syllab="1"
            ecep:pron="lʌv">love</w>
         <pc xml:id="bjb18-130880"
             n="a-0670"
             unit="sentence"
             ecep:lem="."
             ecep:pos="."
             ecep:reg="."
             ecep:spe=".">.</pc>
         <c> </c>
      </l>
      <l xml:id="bjb18-l06120">
         <w xml:id="bjb18-130890"
            n="a-0680"
            ecep:lem="ah"
            ecep:pos="uh"
            ecep:reg="Ah"
            ecep:spe="Ah"
            ecep:syllab="1"
            ecep:pron="ɑː">Ah</w>
         <pc xml:id="bjb18-130895"
             n="a-0680"
             ecep:lem="!"
             ecep:pos="!"
             ecep:reg="!"
             ecep:spe="!">!</pc>
         <c> </c>
         <w xml:id="bjb18-130900"
            n="a-0690"
            ecep:lem="when"
            ecep:pos="q-crq"
            ecep:reg="when"
            ecep:spe="when"
            ecep:syllab="1"
            ecep:pron="wen">when</w>
         <c> </c>
         <w xml:id="bjb18-130910"
            n="a-0700"
            ecep:lem="the"
            ecep:pos="dt"
            ecep:reg="the"
            ecep:spe="the"
            ecep:syllab="1"
            ecep:pron="ðə">the</w>
         <c> </c>
         <w xml:id="bjb18-130920"
            n="a-0710"
            ecep:lem="magnet"
            ecep:pos="ng1"
            ecep:reg="magnet's"
            ecep:spe="magnet's"
            ecep:syllab="2"
            ecep:pron="ˈmægnɪtz">magnet's</w>
         <c> </c>
         <w xml:id="bjb18-130930"
            n="a-0720"
            ecep:lem="power"
            ecep:pos="n1"
            ecep:reg="power"
            ecep:spe="power"
            ecep:syllab="2"
            ecep:pron="ˈpaʊə">power</w>
         <c> </c>
         <w xml:id="bjb18-130940"
            n="a-0730"
            ecep:lem="be"
            ecep:pos="vbz"
            ecep:reg="is"
            ecep:spe="is"
            ecep:syllab="1"
            ecep:pron="ɪz">is</w>
         <c> </c>
         <w xml:id="bjb18-130950"
            n="a-0740"
            ecep:lem="over"
            ecep:pos="a-acp"
            ecep:reg="over"
            ecep:spe="o'er"
            ecep:syllab="1"
            ecep:pron="əʊə">o'er</w>
         <pc xml:id="bjb18-130960"
             n="a-0750"
             ecep:lem=","
             ecep:pos=","
             ecep:reg=","
             ecep:spe=",">,</pc>
      </l>
      <l xml:id="bjb18-l06125">
         <c> </c>
         <w xml:id="bjb18-130970"
            n="a-0760"
            ecep:lem="the"
            ecep:pos="dt"
            ecep:reg="The"
            ecep:spe="The"
            ecep:syllab="1"
            ecep:pron="ðə">The</w>
         <c> </c>
         <w xml:id="bjb18-130980"
            n="a-0770"
            ecep:lem="needle"
            ecep:pos="n1"
            ecep:reg="needle"
            ecep:spe="needle"
            ecep:syllab="2"
            ecep:pron="ˈniːdl">needle</w>
         <c> </c>
         <w xml:id="bjb18-130990"
            n="a-0780"
            ecep:lem="then"
            ecep:pos="av"
            ecep:reg="then"
            ecep:spe="then"
            ecep:syllab="1"
            ecep:pron="ðen">then</w>
         <c> </c>
         <w xml:id="bjb18-131000"
            n="a-0790"
            ecep:lem="will"
            ecep:pos="vmb"
            ecep:reg="will"
            ecep:spe="will"
            ecep:syllab="1"
            ecep:pron="wɪl">will</w>
         <c> </c>
         <w xml:id="bjb18-131010"
            n="a-0800"
            ecep:lem="point"
            ecep:pos="vvi"
            ecep:reg="point"
            ecep:spe="point"
            ecep:syllab="1"
            ecep:pron="pɔɪnt">point</w>
         <c> </c>
         <w xml:id="bjb18-131020"
            n="a-0810"
            ecep:lem="no"
            ecep:pos="av-dx"
            ecep:reg="no"
            ecep:spe="no"
            ecep:syllab="1"
            ecep:pron="nəʊ">no</w>
         <c> </c>
         <w xml:id="bjb18-131030"
            n="a-0820"
            ecep:lem="more"
            ecep:pos="av-dc"
            ecep:reg="more"
            ecep:spe="more"
            ecep:syllab="1"
            ecep:pron="mɔː">more</w>
         <pc xml:id="bjb18-131040"
             n="a-0830"
             ecep:lem=","
             ecep:pos=","
             ecep:reg=","
             ecep:spe=",">,</pc>
      </l>
      <l xml:id="bjb18-l06130">
         <c> </c>
         <w xml:id="bjb18-131050"
            n="a-0840"
            ecep:lem="and"
            ecep:pos="cc"
            ecep:reg="And"
            ecep:spe="And"
            ecep:syllab="1"
            ecep:pron="ænd">And</w>
         <c> </c>
         <w xml:id="bjb18-131060"
            n="a-0850"
            ecep:lem="when"
            ecep:pos="c-crq"
            ecep:reg="when"
            ecep:spe="when"
            ecep:syllab="1"
            ecep:pron="wen">when</w>
         <c> </c>
         <w xml:id="bjb18-131070"
            n="a-0860"
            ecep:lem="no"
            ecep:pos="dx"
            ecep:reg="no"
            ecep:spe="no"
            ecep:syllab="1"
            ecep:pron="nəʊ">no</w>
         <c> </c>
         <w xml:id="bjb18-131080"
            n="a-0870"
            ecep:lem="verdure"
            ecep:pos="n1"
            ecep:reg="verdure"
            ecep:spe="verdure"
            ecep:syllab="2"
            ecep:pron="ˈvɜːdʒə">verdure</w>
         <c> </c>
         <w xml:id="bjb18-131090"
            n="a-0880"
            ecep:lem="clothes"
            ecep:pos="n2"
            ecep:reg="clothes"
            ecep:spe="clothes"
            ecep:syllab="1"
            ecep:pron="kləʊðz">clothes</w>
         <c> </c>
         <w xml:id="bjb18-131100"
            n="a-0890"
            ecep:lem="the"
            ecep:pos="dt"
            ecep:reg="the"
            ecep:spe="the"
            ecep:syllab="1"
            ecep:pron="ðə">the</w>
         <c> </c>
         <w xml:id="bjb18-131110"
            n="a-0900"
            ecep:lem="spring"
            ecep:pos="n1"
            ecep:reg="spring"
            ecep:spe="spring"
            ecep:syllab="1"
            ecep:pron="sprɪŋ">spring</w>
         <pc xml:id="bjb18-131120"
             n="a-0910"
             ecep:lem=","
             ecep:pos=","
             ecep:reg=","
             ecep:spe=",">,</pc>
      </l>
      <l xml:id="bjb18-l06135">
         <c> </c>
         <w xml:id="bjb18-131130"
            n="a-0920"
            ecep:lem="the"
            ecep:pos="dt"
            ecep:reg="The"
            ecep:spe="The"
            ecep:syllab="1"
            ecep:pron="ðə">The</w>
         <c> </c>
         <w xml:id="bjb18-131140"
            n="a-0930"
            ecep:lem="tuneful"
            ecep:pos="j"
            ecep:reg="tuneful"
            ecep:spe="tuneful"
            ecep:syllab="2"
            ecep:pron="ˈtjuːnfʊl">tuneful</w>
         <c> </c>
         <w xml:id="bjb18-131150"
            n="a-0940"
            ecep:lem="bird"
            ecep:pos="n2"
            ecep:reg="birds"
            ecep:spe="birds"
            ecep:syllab="1"
            ecep:pron="bɜːdz">birds</w>
         <c> </c>
         <w xml:id="bjb18-131160"
            n="a-0950"
            ecep:lem="forget"
            ecep:pos="vvb"
            ecep:reg="forget"
            ecep:spe="forget"
            ecep:syllab="2"
            ecep:pron="fəˈget">forget</w>
         <c> </c>
         <w xml:id="bjb18-131170"
            n="a-0960"
            ecep:lem="to"
            ecep:pos="pc-acp"
            ecep:reg="to"
            ecep:spe="to"
            ecep:syllab="1"
            ecep:pron="tuː">to</w>
         <c> </c>
         <w xml:id="bjb18-131180"
            n="a-0970"
            ecep:lem="sing"
            ecep:pos="vvi"
            ecep:reg="sing"
            ecep:spe="sing"
            ecep:syllab="1"
            ecep:pron="sɪŋ">sing</w>
         <pc xml:id="bjb18-131190"
             n="a-0980"
             ecep:lem=";"
             ecep:pos=";"
             ecep:reg=";"
             ecep:spe=";">;</pc>
      </l>
      <pb n="72" rend="none"/>
      <l xml:id="bjb18-l06140">
         <c> </c>
         <w xml:id="bjb18-131200"
            n="a-0010"
            ecep:lem="but"
            ecep:pos="cc-acp"
            ecep:reg="But"
            ecep:spe="But"
            ecep:syllab="1"
            ecep:pron="bʌt">But</w>
         <c> </c>
         <w xml:id="bjb18-131210"
            n="a-0020"
            ecep:lem="thou"
            ecep:pos="pns21"
            ecep:reg="thou"
            ecep:spe="thou"
            ecep:syllab="1"
            ecep:pron="ðaʊ">thou</w>
         <pc xml:id="bjb18-131220"
             n="a-0030"
             ecep:lem=","
             ecep:pos=","
             ecep:reg=","
             ecep:spe=",">,</pc>
         <c> </c>
         <w xml:id="bjb18-131230"
            n="a-0040"
            ecep:lem="all"
            ecep:pos="d"
            ecep:reg="all"
            ecep:spe="all"
            ecep:syllab="1"
            ecep:pron="ɔːl">all</w>
         <c> </c>
         <w xml:id="bjb18-131240"
            n="a-0050"
            ecep:lem="sweet"
            ecep:pos="j"
            ecep:reg="sweet"
            ecep:spe="sweet"
            ecep:syllab="1"
            ecep:pron="swiːt">sweet</w>
         <c> </c>
         <w xml:id="bjb18-131250"
            n="a-0060"
            ecep:lem="and"
            ecep:pos="cc"
            ecep:reg="and"
            ecep:spe="and"
            ecep:syllab="1"
            ecep:pron="ænd">and</w>
         <c> </c>
         <w xml:id="bjb18-131260"
            n="a-0070"
            ecep:lem="heavenly"
            ecep:pos="j"
            ecep:reg="heavenly"
            ecep:spe="heavenly"
            ecep:syllab="3"
            ecep:pron="ˈhevnlɪ">heavenly</w>
         <c> </c>
         <w xml:id="bjb18-131270"
            n="a-0080"
            ecep:lem="fair"
            ecep:pos="j"
            ecep:reg="fair"
            ecep:spe="fair"
            ecep:syllab="1"
            ecep:pron="feə">fair</w>
         <pc xml:id="bjb18-131280"
             n="a-0090"
             ecep:lem=","
             ecep:pos=","
             ecep:reg=","
             ecep:spe=",">,</pc>
      </l>
      <l xml:id="bjb18-l06145">
         <c> </c>
         <w xml:id="bjb18-131290"
            n="a-0100"
            ecep:lem="will"
            ecep:pos="vmd2"
            ecep:reg="Wouldst"
            ecep:spe="Wouldst"
            ecep:syllab="1"
            ecep:pron="wʊdst">Wouldst</w>
         <c> </c>
         <w xml:id="bjb18-131300"
            n="a-0110"
            ecep:lem="have"
            ecep:pos="vhi"
            ecep:reg="have"
            ecep:spe="have"
            ecep:syllab="1"
            ecep:pron="hæv">have</w>
         <c> </c>
         <w xml:id="bjb18-131310"
            n="a-0120"
            ecep:lem="thy"
            ecep:pos="po21"
            ecep:reg="thy"
            ecep:spe="thy"
            ecep:syllab="1"
            ecep:pron="ðaɪ">thy</w>
         <c> </c>
         <w xml:id="bjb18-131320"
            n="a-0130"
            ecep:lem="swain"
            ecep:pos="n1"
            ecep:reg="swain"
            ecep:spe="swain"
            ecep:syllab="1"
            ecep:pron="sweɪn">swain</w>
         <c> </c>
         <w xml:id="bjb18-131330"
            n="a-0140"
            ecep:lem="from"
            ecep:pos="p-acp"
            ecep:reg="from"
            ecep:spe="from"
            ecep:syllab="1"
            ecep:pron="frɒm">from</w>
         <c> </c>
         <w xml:id="bjb18-131340"
            n="a-0150"
            ecep:lem="love"
            ecep:pos="n1"
            ecep:reg="love"
            ecep:spe="love"
            ecep:syllab="1"
            ecep:pron="lʌv">love</w>
         <c> </c>
         <w xml:id="bjb18-131350"
            n="a-0160"
            ecep:lem="forbear"
            ecep:pos="vvi"
            ecep:reg="forbear"
            ecep:spe="forbear"
            ecep:syllab="2"
            ecep:pron="fɔːˈbeə">forbear</w>
         <pc xml:id="bjb18-131360"
             n="a-0170"
             unit="sentence"
             ecep:lem="."
             ecep:pos="."
             ecep:reg="."
             ecep:spe=".">.</pc>
         <c> </c>
      </l>
      <l xml:id="bjb18-l06150">
         <w xml:id="bjb18-131370"
            n="a-0180"
            ecep:lem="in"
            ecep:pos="p-acp"
            ecep:reg="In"
            ecep:spe="In"
            ecep:syllab="1"
            ecep:pron="ɪn">In</w>
         <c> </c>
         <w xml:id="bjb18-131380"
            n="a-0190"
            ecep:lem="pity"
            ecep:pos="n1"
            ecep:reg="pity"
            ecep:spe="pity"
            ecep:syllab="2"
            ecep:pron="ˈpɪtɪ">pity</w>
         <c> </c>
         <w xml:id="bjb18-131390"
            n="a-0200"
            ecep:lem="let"
            ecep:pos="vvb"
            ecep:reg="let"
            ecep:spe="let"
            ecep:syllab="1"
            ecep:pron="let">let</w>
         <c> </c>
         <w xml:id="bjb18-131400"
            n="a-0210"
            ecep:lem="thy"
            ecep:pos="po21"
            ecep:reg="thine"
            ecep:spe="thine"
            ecep:syllab="1"
            ecep:pron="ðaɪn">thine</w>
         <c> </c>
         <w xml:id="bjb18-131410"
            n="a-0220"
            ecep:lem="own"
            ecep:pos="d"
            ecep:reg="own"
            ecep:spe="own"
            ecep:syllab="1"
            ecep:pron="əʊn">own</w>
         <c> </c>
         <w xml:id="bjb18-131420"
            n="a-0230"
            ecep:lem="dear"
            ecep:pos="j-jn"
            ecep:reg="dear"
            ecep:spe="dear"
            ecep:syllab="1"
            ecep:pron="dɪə">dear</w>
         <c> </c>
         <w xml:id="bjb18-131430"
            n="a-0240"
            ecep:lem="hand"
            ecep:pos="n1"
            ecep:reg="hand"
            ecep:spe="hand"
            ecep:syllab="1"
            ecep:pron="hænd">hand</w>
      </l>
      <l xml:id="bjb18-l06155">
         <c> </c>
         <w xml:id="bjb18-131440"
            n="a-0250"
            ecep:lem="a"
            ecep:pos="dt"
            ecep:reg="A"
            ecep:spe="A"
            ecep:syllab="1"
            ecep:pron="ə">A</w>
         <c> </c>
         <w xml:id="bjb18-131450"
            n="a-0260"
            ecep:lem="death's-wound"
            ecep:pos="n1"
            ecep:reg="death's-wound"
            ecep:spe="death's-wound"
            ecep:syllab="2"
            ecep:pron="ˈdeθsˌwuːnd">death's-wound</w>
         <c> </c>
         <w xml:id="bjb18-131460"
            n="a-0270"
            ecep:lem="to"
            ecep:pos="p-acp"
            ecep:reg="to"
            ecep:spe="to"
            ecep:syllab="1"
            ecep:pron="tuː">to</w>
         <c> </c>
         <w xml:id="bjb18-131470"
            n="a-0280"
            ecep:lem="this"
            ecep:pos="d"
            ecep:reg="this"
            ecep:spe="this"
            ecep:syllab="1"
            ecep:pron="ðɪs">this</w>
         <c> </c>
         <w xml:id="bjb18-131480"
            n="a-0290"
            ecep:lem="bosom"
            ecep:pos="n1"
            ecep:reg="bosom"
            ecep:spe="bosom"
            ecep:syllab="2"
            ecep:pron="ˈbʊzəm">bosom</w>
         <c> </c>
         <w xml:id="bjb18-131490"
            n="a-0300"
            ecep:lem="send"
            ecep:pos="vvi"
            ecep:reg="send"
            ecep:spe="send"
            ecep:syllab="1"
            ecep:pron="send">send</w>
         <pc xml:id="bjb18-131500"
             n="a-0310"
             ecep:lem=":"
             ecep:pos=":"
             ecep:reg=":"
             ecep:spe=":">:</pc>
      </l>
      <l xml:id="bjb18-l06160">
         <c> </c>
         <w xml:id="bjb18-131510"
            n="a-0320"
            ecep:lem="this"
            ecep:pos="d"
            ecep:reg="This"
            ecep:spe="This"
            ecep:syllab="1"
            ecep:pron="ðɪs">This</w>
         <c> </c>
         <w xml:id="bjb18-131520"
            n="a-0330"
            ecep:lem="tender"
            ecep:pos="j"
            ecep:reg="tender"
            ecep:spe="tender"
            ecep:syllab="2"
            ecep:pron="ˈtendə">tender</w>
         <c> </c>
         <w xml:id="bjb18-131530"
            n="a-0340"
            ecep:lem="heart"
            ecep:pos="n1"
            ecep:reg="heart"
            ecep:spe="heart"
            ecep:syllab="1"
            ecep:pron="hɑːt">heart</w>
         <c> </c>
         <w xml:id="bjb18-131540"
            n="a-0350"
            ecep:lem="of"
            ecep:pos="pp-f"
            ecep:reg="of"
            ecep:spe="of"
            ecep:syllab="1"
            ecep:pron="ɒv">of</w>
         <c> </c>
         <w xml:id="bjb18-131550"
            n="a-0360"
            ecep:lem="pure"
            ecep:pos="js"
            ecep:reg="purest"
            ecep:spe="purest"
            ecep:syllab="2"
            ecep:pron="ˈpjʊərɪst">purest</w>
         <c> </c>
         <w xml:id="bjb18-131560"
            n="a-0370"
            ecep:lem="faith"
            ecep:pos="n1"
            ecep:reg="faith"
            ecep:spe="faith"
            ecep:syllab="1"
            ecep:pron="feɪθ">faith</w>
      </l>
      <l xml:id="bjb18-l06165">
         <c> </c>
         <w xml:id="bjb18-131570"
            n="a-0380"
            ecep:lem="may"
            ecep:pos="vmb"
            ecep:reg="May"
            ecep:spe="May"
            ecep:syllab="1"
            ecep:pron="meɪ">May</w>
         <c> </c>
         <w xml:id="bjb18-131580"
            n="a-0390"
            ecep:lem="then"
            ecep:pos="av"
            ecep:reg="then"
            ecep:spe="then"
            ecep:syllab="1"
            ecep:pron="ðen">then</w>
         <c> </c>
         <w xml:id="bjb18-131590"
            n="a-0400"
            ecep:lem="resign"
            ecep:pos="vvi"
            ecep:reg="resign"
            ecep:spe="resign"
            ecep:syllab="2"
            ecep:pron="rɪˈzaɪn">resign</w>
         <c> </c>
         <w xml:id="bjb18-131600"
            n="a-0410"
            ecep:lem="thou"
            ecep:pos="pno21"
            ecep:reg="thee"
            ecep:spe="thee"
            ecep:syllab="1"
            ecep:pron="ðiː">thee</w>
         <c> </c>
         <w xml:id="bjb18-131610"
            n="a-0420"
            ecep:lem="with"
            ecep:pos="p-acp"
            ecep:reg="with"
            ecep:spe="with"
            ecep:syllab="1"
            ecep:pron="wɪð">with</w>
         <c> </c>
         <w xml:id="bjb18-131620"
            n="a-0430"
            ecep:lem="its"
            ecep:pos="po31"
            ecep:reg="its"
            ecep:spe="its"
            ecep:syllab="1"
            ecep:pron="ɪts">its</w>
         <c> </c>
         <w xml:id="bjb18-131630"
            n="a-0440"
            ecep:lem="breath"
            ecep:pos="n1"
            ecep:reg="breath"
            ecep:spe="breath"
            ecep:syllab="1"
            ecep:pron="breθ">breath</w>
         <pc xml:id="bjb18-131640"
             n="a-0450"
             ecep:lem=";"
             ecep:pos=";"
             ecep:reg=";"
             ecep:spe=";">;</pc>
      </l>
      <l xml:id="bjb18-l06170">
         <c> </c>
         <w xml:id="bjb18-131650"
            n="a-0460"
            ecep:lem="and"
            ecep:pos="cc"
            ecep:reg="And"
            ecep:spe="And"
            ecep:syllab="1"
            ecep:pron="ænd">And</w>
         <c> </c>
         <w xml:id="bjb18-131660"
            n="a-0470"
            ecep:lem="in"
            ecep:pos="p-acp"
            ecep:reg="in"
            ecep:spe="in"
            ecep:syllab="1"
            ecep:pron="ɪn">in</w>
         <c> </c>
         <w xml:id="bjb18-131670"
            n="a-0480"
            ecep:lem="the"
            ecep:pos="dt"
            ecep:reg="the"
            ecep:spe="the"
            ecep:syllab="1"
            ecep:pron="ðə">the</w>
         <c> </c>
         <w xml:id="bjb18-131680"
            n="a-0490"
            ecep:lem="sun-beam"
            ecep:pos="n1"
            ecep:reg="sunbeam"
            ecep:spe="sun-beam"
            ecep:syllab="2"
            ecep:pron="sʌnˌbiːm">sun-beam</w>
         <c> </c>
         <w xml:id="bjb18-131690"
            n="a-0500"
            ecep:lem="of"
            ecep:pos="pp-f"
            ecep:reg="of"
            ecep:spe="of"
            ecep:syllab="1"
            ecep:pron="ɒv">of</w>
         <c> </c>
         <w xml:id="bjb18-131700"
            n="a-0510"
            ecep:lem="thy"
            ecep:pos="po21"
            ecep:reg="thine"
            ecep:spe="thine"
            ecep:syllab="1"
            ecep:pron="ðaɪn">thine</w>
         <c> </c>
         <w xml:id="bjb18-131710"
            n="a-0520"
            ecep:lem="eye"
            ecep:pos="n1"
            ecep:reg="eye"
            ecep:spe="eye"
            ecep:syllab="1"
            ecep:pron="aɪ">eye</w>
      </l>
      <l xml:id="bjb18-l06175">
         <c> </c>
         <w xml:id="bjb18-131720"
            n="a-0530"
            ecep:lem="a"
            ecep:pos="dt"
            ecep:reg="A"
            ecep:spe="A"
            ecep:syllab="1"
            ecep:pron="ə">A</w>
         <c> </c>
         <w xml:id="bjb18-131730"
            n="a-0540"
            ecep:lem="proud"
            ecep:pos="j"
            ecep:reg="proud"
            ecep:spe="proud"
            ecep:syllab="1"
            ecep:pron="praʊd">proud</w>
         <c> </c>
         <w xml:id="bjb18-131740"
            n="a-0550"
            ecep:lem="and"
            ecep:pos="cc"
            ecep:reg="and"
            ecep:spe="and"
            ecep:syllab="1"
            ecep:pron="ænd">and</w>
         <c> </c>
         <w xml:id="bjb18-131750"
            n="a-0560"
            ecep:lem="will"
            ecep:pos="j-vvg"
            ecep:reg="willing"
            ecep:spe="willing"
            ecep:syllab="2"
            ecep:pron="ˈwɪlɪŋ">willing</w>
         <c> </c>
         <w xml:id="bjb18-131760"
            n="a-0570"
            ecep:lem="victim"
            ecep:pos="n1"
            ecep:reg="victim"
            ecep:spe="victim"
            ecep:syllab="2"
            ecep:pron="ˈvɪktɪm">victim</w>
         <c> </c>
         <w xml:id="bjb18-131770"
            n="a-0580"
            ecep:lem="die"
            ecep:pos="vvi"
            ecep:reg="die"
            ecep:spe="die"
            ecep:syllab="1"
            ecep:pron="daɪ">die</w>
         <pc xml:id="bjb18-131780"
             n="a-0590"
             unit="sentence"
             ecep:lem="."
             ecep:pos="."
             ecep:reg="."
             ecep:spe=".">.</pc>
         <c> </c>
      </l>
   </lg>
   <lg xml:id="bjb18-s00705">
      <l rendition="#h_3" xml:id="bjb18-l06180">
         <w xml:id="bjb18-131810"
            n="a-0600"
            ecep:lem="but"
            ecep:pos="cc-acp"
            ecep:reg="But"
            ecep:spe="But"
            ecep:syllab="1"
            ecep:pron="bʌt">But</w>
         <c> </c>
         <w xml:id="bjb18-131820"
            n="a-0610"
            ecep:lem="since"
            ecep:pos="c-acp"
            ecep:reg="since"
            ecep:spe="since"
            ecep:syllab="1"
            ecep:pron="sɪns">since</w>
         <c> </c>
         <w xml:id="bjb18-131830"
            n="a-0620"
            ecep:lem="thou"
            ecep:pos="pns21"
            ecep:reg="thou"
            ecep:spe="thou"
            ecep:syllab="1"
            ecep:pron="ðaʊ">thou</w>
         <c> </c>
         <w xml:id="bjb18-131840"
            n="a-0630"
            ecep:lem="will"
            ecep:pos="vm2"
            ecep:reg="wilt"
            ecep:spe="wilt"
            ecep:syllab="1"
            ecep:pron="wɪlt">wilt</w>
         <c> </c>
         <w xml:id="bjb18-131850"
            n="a-0640"
            ecep:lem="not"
            ecep:pos="xx"
            ecep:reg="not"
            ecep:spe="not"
            ecep:syllab="1"
            ecep:pron="nɒt">not</w>
         <c> </c>
         <w xml:id="bjb18-131860"
            n="a-0650"
            ecep:lem="have"
            ecep:pos="vhi"
            ecep:reg="have"
            ecep:spe="have"
            ecep:syllab="1"
            ecep:pron="hæv">have</w>
         <c> </c>
         <w xml:id="bjb18-131870"
            n="a-0660"
            ecep:lem="it"
            ecep:pos="pn31"
            ecep:reg="it"
            ecep:spe="it"
            ecep:syllab="1"
            ecep:pron="ɪt">it</w>
         <c> </c>
         <w xml:id="bjb18-131880"
            n="a-0670"
            ecep:lem="so"
            ecep:pos="av"
            ecep:reg="so"
            ecep:spe="so"
            ecep:syllab="1"
            ecep:pron="səʊ">so</w>
         <pc xml:id="bjb18-131890"
             n="a-0680"
             ecep:lem=","
             ecep:pos=","
             ecep:reg=","
             ecep:spe=",">,</pc>
      </l>
      <l xml:id="bjb18-l06185">
         <c> </c>
         <w xml:id="bjb18-131900"
            n="a-0690"
            ecep:lem="far"
            ecep:pos="av-j"
            ecep:reg="Far"
            ecep:spe="Far"
            ecep:syllab="1"
            ecep:pron="fɑː">Far</w>
         <c> </c>
         <w xml:id="bjb18-131910"
            n="a-0700"
            ecep:lem="from"
            ecep:pos="p-acp"
            ecep:reg="from"
            ecep:spe="from"
            ecep:syllab="1"
            ecep:pron="frɒm">from</w>
         <c> </c>
         <w xml:id="bjb18-131920"
            n="a-0710"
            ecep:lem="thy"
            ecep:pos="po21"
            ecep:reg="thy"
            ecep:spe="thy"
            ecep:syllab="1"
            ecep:pron="ðaɪ">thy</w>
         <c> </c>
         <w xml:id="bjb18-131930"
            n="a-0720"
            ecep:lem="presence"
            ecep:pos="n1"
            ecep:reg="presence"
            ecep:spe="presence"
            ecep:syllab="2"
            ecep:pron="ˈprezəns">presence</w>
         <c> </c>
         <w xml:id="bjb18-131940"
            n="a-0730"
            ecep:lem="will"
            ecep:pos="vmb"
            ecep:reg="will"
            ecep:spe="will"
            ecep:syllab="1"
            ecep:pron="wɪl">will</w>
         <c> </c>
         <w xml:id="bjb18-131950"
            n="a-0740"
            ecep:lem="i"
            ecep:pos="pns11"
            ecep:reg="I"
            ecep:spe="I"
            ecep:syllab="1"
            ecep:pron="aɪ">I</w>
         <c> </c>
         <w xml:id="bjb18-131960"
            n="a-0750"
            ecep:lem="go"
            ecep:pos="vvi"
            ecep:reg="go"
            ecep:spe="go"
            ecep:syllab="1"
            ecep:pron="gəʊ">go</w>
         <pc xml:id="bjb18-131970"
             n="a-0760"
             ecep:lem=";"
             ecep:pos=";"
             ecep:reg=";"
             ecep:spe=";">;</pc>
      </l>
      <l xml:id="bjb18-l06190">
         <c> </c>
         <w xml:id="bjb18-131980"
            n="a-0770"
            ecep:lem="far"
            ecep:pos="av-j"
            ecep:reg="Far"
            ecep:spe="Far"
            ecep:syllab="1"
            ecep:pron="fɑː">Far</w>
         <c> </c>
         <w xml:id="bjb18-131990"
            n="a-0780"
            ecep:lem="from"
            ecep:pos="p-acp"
            ecep:reg="from"
            ecep:spe="from"
            ecep:syllab="1"
            ecep:pron="frɒm">from</w>
         <c> </c>
         <w xml:id="bjb18-132000"
            n="a-0790"
            ecep:lem="my"
            ecep:pos="po11"
            ecep:reg="my"
            ecep:spe="my"
            ecep:syllab="1"
            ecep:pron="maɪ">my</w>
         <c> </c>
         <w xml:id="bjb18-132010"
            n="a-0800"
            ecep:lem="heart"
            ecep:pos="ng1"
            ecep:reg="heart's"
            ecep:spe="heart's"
            ecep:syllab="1"
            ecep:pron="ˈhɑːts">heart's</w>
         <c> </c>
         <w xml:id="bjb18-132020"
            n="a-0810"
            ecep:lem="dear"
            ecep:pos="j-jn"
            ecep:reg="dear"
            ecep:spe="dear"
            ecep:syllab="1"
            ecep:pron="dɪə">dear</w>
         <c> </c>
         <w xml:id="bjb18-132030"
            n="a-0820"
            ecep:lem="bliss"
            ecep:pos="n1"
            ecep:reg="bliss"
            ecep:spe="bliss"
            ecep:syllab="1"
            ecep:pron="blɪs">bliss</w>
         <c> </c>
         <w xml:id="bjb18-132040"
            n="a-0830"
            ecep:lem="i|will"
            ecep:pos="pns11|vmb"
            ecep:reg="I'll"
            ecep:spe="I'll"
            ecep:syllab="1"
            ecep:pron="ˈaɪl">I'll</w>
         <c> </c>
         <w xml:id="bjb18-132050"
            n="a-0840"
            ecep:lem="stray"
            ecep:pos="vvi"
            ecep:reg="stray"
            ecep:spe="stray"
            ecep:syllab="1"
            ecep:pron="streɪ">stray</w>
         <pc xml:id="bjb18-132060"
             n="a-0850"
             ecep:lem=","
             ecep:pos=","
             ecep:reg=","
             ecep:spe=",">,</pc>
      </l>
      <l xml:id="bjb18-l06195">
         <c> </c>
         <w xml:id="bjb18-132070"
            n="a-0860"
            ecep:lem="since"
            ecep:pos="c-acp"
            ecep:reg="Since"
            ecep:spe="Since"
            ecep:syllab="1"
            ecep:pron="sɪns">Since</w>
         <c> </c>
         <w xml:id="bjb18-132080"
            n="a-0870"
            ecep:lem="i"
            ecep:pos="pns11"
            ecep:reg="I"
            ecep:spe="I"
            ecep:syllab="1"
            ecep:pron="aɪ">I</w>
         <c> </c>
         <w xml:id="bjb18-132090"
            n="a-0880"
            ecep:lem="no"
            ecep:pos="av-dx"
            ecep:reg="no"
            ecep:spe="no"
            ecep:syllab="1"
            ecep:pron="nəʊ">no</w>
         <c> </c>
         <w xml:id="bjb18-132100"
            n="a-0890"
            ecep:lem="long"
            ecep:pos="av-jc"
            ecep:reg="longer"
            ecep:spe="longer"
            ecep:syllab="2"
            ecep:pron="ˈlɒŋgə">longer</w>
         <c> </c>
         <w xml:id="bjb18-132110"
            n="a-0900"
            ecep:lem="can"
            ecep:pos="vmb"
            ecep:reg="can"
            ecep:spe="can"
            ecep:syllab="1"
            ecep:pron="kæn">can</w>
         <c> </c>
         <w xml:id="bjb18-132120"
            n="a-0910"
            ecep:lem="obey"
            ecep:pos="vvi"
            ecep:reg="obey"
            ecep:spe="obey"
            ecep:syllab="2"
            ecep:pron="əˈbeɪ">obey</w>
         <pc xml:id="bjb18-132130"
             n="a-0920"
             unit="sentence"
             ecep:lem="."
             ecep:pos="."
             ecep:reg="."
             ecep:spe=".">.</pc>
         <c> </c>
      </l>
      <l xml:id="bjb18-l06200">
         <w xml:id="bjb18-132140"
            n="a-0930"
            ecep:lem="in"
            ecep:pos="p-acp"
            ecep:reg="In"
            ecep:spe="In"
            ecep:syllab="1"
            ecep:pron="ɪn">In</w>
         <c> </c>
         <w xml:id="bjb18-132150"
            n="a-0940"
            ecep:lem="foreign"
            ecep:pos="j"
            ecep:reg="foreign"
            ecep:spe="foreign"
            ecep:syllab="2"
            ecep:pron="ˈfɒrɪn">foreign</w>
         <c> </c>
         <w xml:id="bjb18-132160"
            n="a-0950"
            ecep:lem="clime"
            ecep:pos="n2"
            ecep:reg="climes"
            ecep:spe="climes"
            ecep:syllab="1"
            ecep:pron="klaɪmz">climes</w>
         <c> </c>
         <w xml:id="bjb18-132170"
            n="a-0960"
            ecep:lem="i|will"
            ecep:pos="pns11|vmb"
            ecep:reg="I'll"
            ecep:spe="I'll"
            ecep:syllab="1"
            ecep:pron="ˈaɪl">I'll</w>
         <c> </c>
         <w xml:id="bjb18-132180"
            n="a-0970"
            ecep:lem="henceforth"
            ecep:pos="av"
            ecep:reg="henceforth"
            ecep:spe="henceforth"
            ecep:syllab="2"
            ecep:pron="ˈhensˈfɔːθ">henceforth</w>
         <c> </c>
         <w xml:id="bjb18-132190"
            n="a-0980"
            ecep:lem="roam"
            ecep:pos="vvi"
            ecep:reg="roam"
            ecep:spe="roam"
            ecep:syllab="1"
            ecep:pron="rəʊm">roam</w>
      </l>
      <l xml:id="bjb18-l06205">
         <c> </c>
         <w xml:id="bjb18-132200"
            n="a-0990"
            ecep:lem="no"
            ecep:pos="av-dx"
            ecep:reg="No"
            ecep:spe="No"
            ecep:syllab="1"
            ecep:pron="nəʊ">No</w>
         <c> </c>
         <w xml:id="bjb18-132210"
            n="a-1000"
            ecep:lem="more"
            ecep:pos="dc"
            ecep:reg="more"
            ecep:spe="more"
            ecep:syllab="1"
            ecep:pron="mɔː">more</w>
         <c> </c>
         <w xml:id="bjb18-132220"
            n="a-1010"
            ecep:lem="to"
            ecep:pos="pc-acp"
            ecep:reg="to"
            ecep:spe="to"
            ecep:syllab="1"
            ecep:pron="tuː">to</w>
         <c> </c>
         <w xml:id="bjb18-132230"
            n="a-1020"
            ecep:lem="hail"
            ecep:pos="vvi"
            ecep:reg="hail"
            ecep:spe="hail"
            ecep:syllab="1"
            ecep:pron="heɪl">hail</w>
         <c> </c>
         <w xml:id="bjb18-132240"
            n="a-1030"
            ecep:lem="my"
            ecep:pos="po11"
            ecep:reg="my"
            ecep:spe="my"
            ecep:syllab="1"
            ecep:pron="maɪ">my</w>
         <c> </c>
         <w xml:id="bjb18-132250"
            n="a-1040"
            ecep:lem="native"
            ecep:pos="j-jn"
            ecep:reg="native"
            ecep:spe="native"
            ecep:syllab="2"
            ecep:pron="ˈneɪtɪv">native</w>
         <c> </c>
         <w xml:id="bjb18-132260"
            n="a-1050"
            ecep:lem="home"
            ecep:pos="av-an"
            ecep:reg="home"
            ecep:spe="home"
            ecep:syllab="1"
            ecep:pron="həʊm">home</w>
         <pc xml:id="bjb18-132270"
             n="a-1060"
             ecep:lem=":"
             ecep:pos=":"
             ecep:reg=":"
             ecep:spe=":">:</pc>
      </l>
      <l xml:id="bjb18-l06210">
         <c> </c>
         <w xml:id="bjb18-132280"
            n="a-1070"
            ecep:lem="to"
            ecep:pos="p-acp"
            ecep:reg="To"
            ecep:spe="To"
            ecep:syllab="1"
            ecep:pron="tuː">To</w>
         <c> </c>
         <w xml:id="bjb18-132290"
            n="a-1080"
            ecep:lem="foreign"
            ecep:pos="j"
            ecep:reg="foreign"
            ecep:spe="foreign"
            ecep:syllab="2"
            ecep:pron="ˈfɒrɪn">foreign</w>
         <c> </c>
         <w xml:id="bjb18-132300"
            n="a-1090"
            ecep:lem="swain"
            ecep:pos="n2"
            ecep:reg="swains"
            ecep:spe="swains"
            ecep:syllab="1"
            ecep:pron="sweɪnz">swains</w>
         <c> </c>
         <w xml:id="bjb18-132310"
            n="a-1100"
            ecep:lem="i|will"
            ecep:pos="pns11|vmb"
            ecep:reg="I'll"
            ecep:spe="I'll"
            ecep:syllab="1"
            ecep:pron="ˈaɪl">I'll</w>
         <c> </c>
         <w xml:id="bjb18-132320"
            n="a-1110"
            ecep:lem="pour"
            ecep:pos="vvi"
            ecep:reg="pour"
            ecep:spe="pour"
            ecep:syllab="1"
            ecep:pron="pɔː">pour</w>
         <c> </c>
         <w xml:id="bjb18-132330"
            n="a-1120"
            ecep:lem="my"
            ecep:pos="po11"
            ecep:reg="my"
            ecep:spe="my"
            ecep:syllab="1"
            ecep:pron="maɪ">my</w>
         <c> </c>
         <w xml:id="bjb18-132340"
            n="a-1130"
            ecep:lem="woe"
            ecep:pos="n1"
            ecep:reg="woe"
            ecep:spe="woe"
            ecep:syllab="1"
            ecep:pron="wəʊ">woe</w>
         <pc xml:id="bjb18-132350"
             n="a-1140"
             ecep:lem=","
             ecep:pos=","
             ecep:reg=","
             ecep:spe=",">,</pc>
      </l>
      <l xml:id="bjb18-l06215">
         <c> </c>
         <w xml:id="bjb18-132360"
            n="a-1150"
            ecep:lem="in"
            ecep:pos="p-acp"
            ecep:reg="In"
            ecep:spe="In"
            ecep:syllab="1"
            ecep:pron="ɪn">In</w>
         <c> </c>
         <w xml:id="bjb18-132370"
            n="a-1160"
            ecep:lem="foreign"
            ecep:pos="j"
            ecep:reg="foreign"
            ecep:spe="foreign"
            ecep:syllab="2"
            ecep:pron="ˈfɒrɪn">foreign</w>
         <c> </c>
         <w xml:id="bjb18-132380"
            n="a-1170"
            ecep:lem="plain"
            ecep:pos="n2"
            ecep:reg="plains"
            ecep:spe="plains"
            ecep:syllab="1"
            ecep:pron="pleɪnz">plains</w>
         <c> </c>
         <w xml:id="bjb18-132390"
            n="a-1180"
            ecep:lem="my"
            ecep:pos="po11"
            ecep:reg="my"
            ecep:spe="my"
            ecep:syllab="1"
            ecep:pron="maɪ">my</w>
         <c> </c>
         <w xml:id="bjb18-132400"
            n="a-1190"
            ecep:lem="tear"
            ecep:pos="n2"
            ecep:reg="tears"
            ecep:spe="tears"
            ecep:syllab="1"
            ecep:pron="tɪəz">tears</w>
         <c> </c>
         <w xml:id="bjb18-132410"
            n="a-1200"
            ecep:lem="shall"
            ecep:pos="vmb"
            ecep:reg="shall"
            ecep:spe="shall"
            ecep:syllab="1"
            ecep:pron="ʃæl">shall</w>
         <c> </c>
         <w xml:id="bjb18-132420"
            n="a-1210"
            ecep:lem="flow"
            ecep:pos="vvi"
            ecep:reg="flow"
            ecep:spe="flow"
            ecep:syllab="1"
            ecep:pron="fləʊ">flow</w>
         <pc xml:id="bjb18-132430"
             n="a-1220"
             ecep:lem=";"
             ecep:pos=";"
             ecep:reg=";"
             ecep:spe=";">;</pc>
      </l>
      <l xml:id="bjb18-l06220">
         <c> </c>
         <w xml:id="bjb18-132440"
            n="a-1230"
            ecep:lem="by"
            ecep:pos="p-acp"
            ecep:reg="By"
            ecep:spe="By"
            ecep:syllab="1"
            ecep:pron="baɪ">By</w>
         <c> </c>
         <w xml:id="bjb18-132450"
            n="a-1240"
            ecep:lem="murmur"
            ecep:pos="j-vvg"
            ecep:reg="murmuring"
            ecep:spe="murmuring"
            ecep:syllab="3"
            ecep:pron="ˈmɜːmərɪŋ">murmuring</w>
         <c> </c>
         <w xml:id="bjb18-132460"
            n="a-1250"
            ecep:lem="stream"
            ecep:pos="n1"
            ecep:reg="stream"
            ecep:spe="stream"
            ecep:syllab="1"
            ecep:pron="striːm">stream</w>
         <c> </c>
         <w xml:id="bjb18-132470"
            n="a-1260"
            ecep:lem="and"
            ecep:pos="cc"
            ecep:reg="and"
            ecep:spe="and"
            ecep:syllab="1"
            ecep:pron="ænd">and</w>
         <c> </c>
         <w xml:id="bjb18-132480"
            n="a-1270"
            ecep:lem="shady"
            ecep:pos="j"
            ecep:reg="shady"
            ecep:spe="shady"
            ecep:syllab="2"
            ecep:pron="ˈʃeɪdɪ">shady</w>
         <c> </c>
         <w xml:id="bjb18-132490"
            n="a-1280"
            ecep:lem="grove"
            ecep:pos="n1"
            ecep:reg="grove"
            ecep:spe="grove"
            ecep:syllab="1"
            ecep:pron="grəʊv">grove</w>
      </l>
      <l xml:id="bjb18-l06225">
         <c> </c>
         <w xml:id="bjb18-132500"
            n="a-1290"
            ecep:lem="shall"
            ecep:pos="vmb"
            ecep:reg="Shall"
            ecep:spe="Shall"
            ecep:syllab="1"
            ecep:pron="ʃæl">Shall</w>
         <c> </c>
         <w xml:id="bjb18-132510"
            n="a-1300"
            ecep:lem="other"
            ecep:pos="j-jn"
            ecep:reg="other"
            ecep:spe="other"
            ecep:syllab="2"
            ecep:pron="ˈʌðə">other</w>
         <c> </c>
         <w xml:id="bjb18-132520"
            n="a-1310"
            ecep:lem="echo"
            ecep:pos="n2"
            ecep:reg="echoes"
            ecep:spe="echoes"
            ecep:syllab="2"
            ecep:pron="ˈekəʊz">echoes</w>
         <c> </c>
         <w xml:id="bjb18-132530"
            n="a-1320"
            ecep:lem="tell"
            ecep:pos="vvb"
            ecep:reg="tell"
            ecep:spe="tell"
            ecep:syllab="1"
            ecep:pron="tel">tell</w>
         <c> </c>
         <w xml:id="bjb18-132540"
            n="a-1330"
            ecep:lem="my"
            ecep:pos="po11"
            ecep:reg="my"
            ecep:spe="my"
            ecep:syllab="1"
            ecep:pron="maɪ">my</w>
         <c> </c>
         <w xml:id="bjb18-132550"
            n="a-1340"
            ecep:lem="love"
            ecep:pos="n1"
            ecep:reg="love"
            ecep:spe="love"
            ecep:syllab="1"
            ecep:pron="lʌv">love</w>
         <pc xml:id="bjb18-132560"
             n="a-1350"
             ecep:lem=";"
             ecep:pos=";"
             ecep:reg=";"
             ecep:spe=";">;</pc>
      </l>
      <l xml:id="bjb18-l06230">
         <c> </c>
         <w xml:id="bjb18-132570"
            n="a-1360"
            ecep:lem="and"
            ecep:pos="cc"
            ecep:reg="And"
            ecep:spe="And"
            ecep:syllab="1"
            ecep:pron="ænd">And</w>
         <c> </c>
         <w xml:id="bjb18-132580"
            n="a-1370"
            ecep:lem="rich"
            ecep:pos="jc"
            ecep:reg="richer"
            ecep:spe="richer"
            ecep:syllab="2"
            ecep:pron="ˈrɪtʃə">richer</w>
         <c> </c>
         <w xml:id="bjb18-132590"
            n="a-1380"
            ecep:lem="flower"
            ecep:pos="n2"
            ecep:reg="flowers"
            ecep:spe="flowers"
            ecep:syllab="2"
            ecep:pron="ˈflaʊəz">flowers</w>
         <c> </c>
         <w xml:id="bjb18-132600"
            n="a-1390"
            ecep:lem="of"
            ecep:pos="pp-f"
            ecep:reg="of"
            ecep:spe="of"
            ecep:syllab="1"
            ecep:pron="ɒv">of</w>
         <c> </c>
         <w xml:id="bjb18-132610"
            n="a-1400"
            ecep:lem="vivid"
            ecep:pos="j"
            ecep:reg="vivid"
            ecep:spe="vivid"
            ecep:syllab="2"
            ecep:pron="ˈvɪvɪd">vivid</w>
         <c> </c>
         <w xml:id="bjb18-132620"
            n="a-1410"
            ecep:lem="hue"
            ecep:pos="n1"
            ecep:reg="hue"
            ecep:spe="hue"
            ecep:syllab="1"
            ecep:pron="hjuː">hue</w>
      </l>
      <l xml:id="bjb18-l06235">
         <c> </c>
         <w xml:id="bjb18-132630"
            n="a-1420"
            ecep:lem="upon"
            ecep:pos="p-acp"
            ecep:reg="Upon"
            ecep:spe="Upon"
            ecep:syllab="2"
            ecep:pron="əˈpɒn">Upon</w>
         <c> </c>
         <w xml:id="bjb18-132640"
            n="a-1430"
            ecep:lem="my"
            ecep:pos="po11"
            ecep:reg="my"
            ecep:spe="my"
            ecep:syllab="1"
            ecep:pron="maɪ">my</w>
         <c> </c>
         <w xml:id="bjb18-132650"
            n="a-1440"
            ecep:lem="grave"
            ecep:pos="n1"
            ecep:reg="grave"
            ecep:spe="grave"
            ecep:syllab="1"
            ecep:pron="greɪv">grave</w>
         <c> </c>
         <w xml:id="bjb18-132660"
            n="a-1450"
            ecep:lem="shall"
            ecep:pos="vmb"
            ecep:reg="shall"
            ecep:spe="shall"
            ecep:syllab="1"
            ecep:pron="ʃæl">shall</w>
         <c> </c>
         <w xml:id="bjb18-132670"
            n="a-1460"
            ecep:lem="other"
            ecep:pos="j-jn"
            ecep:reg="other"
            ecep:spe="other"
            ecep:syllab="2"
            ecep:pron="ˈʌðə">other</w>
         <c> </c>
         <w xml:id="bjb18-132680"
            n="a-1470"
            ecep:lem="maiden"
            ecep:pos="n2"
            ecep:reg="maidens"
            ecep:spe="maidens"
            ecep:syllab="2"
            ecep:pron="ˈmeɪdnz">maidens</w>
         <c> </c>
         <w xml:id="bjb18-132690"
            n="a-1480"
            ecep:lem="strew"
            ecep:pos="vvb"
            ecep:reg="strew"
            ecep:spe="strew"
            ecep:syllab="1"
            ecep:pron="struː">strew</w>
         <pc xml:id="bjb18-132700"
             n="a-1490"
             unit="sentence"
             ecep:lem="."
             ecep:pos="."
             ecep:reg="."
             ecep:spe=".">.</pc>
         <c> </c>
      </l>
   </lg>
   <pb n="73" rend="none"/>
   <lg xml:id="bjb18-s00710">
      <l rendition="#h_3" xml:id="bjb18-l06240">
         <w xml:id="bjb18-132730"
            n="a-0010"
            ecep:lem="adieu"
            ecep:pos="uh-n"
            ecep:reg="Adieu"
            ecep:spe="Adieu"
            ecep:syllab="2"
            ecep:pron="əˈdjuː">Adieu</w>
         <pc xml:id="bjb18-132740"
             n="a-0020"
             ecep:lem=","
             ecep:pos=","
             ecep:reg=","
             ecep:spe=",">,</pc>
         <c> </c>
         <w xml:id="bjb18-132750"
            n="a-0030"
            ecep:lem="dear"
            ecep:pos="j-jn"
            ecep:reg="dear"
            ecep:spe="dear"
            ecep:syllab="1"
            ecep:pron="dɪə">dear</w>
         <c> </c>
         <w xml:id="bjb18-132760"
            n="a-0040"
            ecep:lem="Phillis"
            ecep:pos="np1"
            ecep:reg="Phillis"
            ecep:spe="Phillis"
            ecep:syllab="2"
            ecep:pron="fˈɪliz">Phillis</w>
         <pc xml:id="bjb18-132770"
             n="a-0050"
             ecep:lem="!"
             ecep:pos="!"
             ecep:reg="!"
             ecep:spe="!">!</pc>
         <c> </c>
         <w xml:id="bjb18-132780"
            n="a-0060"
            ecep:lem="shall"
            ecep:pos="vmd2"
            ecep:reg="shouldst"
            ecep:spe="shouldst"
            ecep:syllab="1"
            ecep:pron="ʃʊdst">shouldst</w>
         <c> </c>
         <w xml:id="bjb18-132790"
            n="a-0070"
            ecep:lem="thou"
            ecep:pos="pns21"
            ecep:reg="thou"
            ecep:spe="thou"
            ecep:syllab="1"
            ecep:pron="ðaʊ">thou</w>
         <c> </c>
         <w xml:id="bjb18-132800"
            n="a-0080"
            ecep:lem="ever"
            ecep:pos="av"
            ecep:reg="ever"
            ecep:spe="e'er"
            ecep:syllab="1"
            ecep:pron="eə">e'er</w>
      </l>
      <l xml:id="bjb18-l06245">
         <c> </c>
         <w xml:id="bjb18-132810"
            n="a-0090"
            ecep:lem="some"
            ecep:pos="d"
            ecep:reg="Some"
            ecep:spe="Some"
            ecep:syllab="1"
            ecep:pron="sʌm">Some</w>
         <c> </c>
         <w xml:id="bjb18-132820"
            n="a-0100"
            ecep:lem="soft"
            ecep:pos="j"
            ecep:reg="soft"
            ecep:spe="soft"
            ecep:syllab="1"
            ecep:pron="sɒft">soft</w>
         <c> </c>
         <w xml:id="bjb18-132830"
            n="a-0110"
            ecep:lem="and"
            ecep:pos="cc"
            ecep:reg="and"
            ecep:spe="and"
            ecep:syllab="1"
            ecep:pron="ænd">and</w>
         <c> </c>
         <w xml:id="bjb18-132840"
            n="a-0120"
            ecep:lem="plaintive"
            ecep:pos="j"
            ecep:reg="plaintive"
            ecep:spe="plaintive"
            ecep:syllab="2"
            ecep:pron="ˈpleɪntɪv">plaintive</w>
         <c> </c>
         <w xml:id="bjb18-132850"
            n="a-0130"
            ecep:lem="story"
            ecep:pos="n1"
            ecep:reg="storey"
            ecep:spe="story"
            ecep:syllab="2"
            ecep:pron="ˈstɔːrɪ">story</w>
         <c> </c>
         <w xml:id="bjb18-132860"
            n="a-0140"
            ecep:lem="hear"
            ecep:pos="vvi"
            ecep:reg="hear"
            ecep:spe="hear"
            ecep:syllab="1"
            ecep:pron="hɪə">hear</w>
      </l>
      <l xml:id="bjb18-l06250">
         <c> </c>
         <w xml:id="bjb18-132870"
            n="a-0150"
            ecep:lem="of"
            ecep:pos="pp-f"
            ecep:reg="Of"
            ecep:spe="Of"
            ecep:syllab="1"
            ecep:pron="ɒv">Of</w>
         <c> </c>
         <w xml:id="bjb18-132880"
            n="a-0160"
            ecep:lem="hapless"
            ecep:pos="j"
            ecep:reg="hapless"
            ecep:spe="hapless"
            ecep:syllab="2"
            ecep:pron="ˈhæplɪs">hapless</w>
         <c> </c>
         <w xml:id="bjb18-132890"
            n="a-0170"
            ecep:lem="youth"
            ecep:pos="n1"
            ecep:reg="youth"
            ecep:spe="youth"
            ecep:syllab="1"
            ecep:pron="juːθ">youth</w>
         <pc xml:id="bjb18-132900"
             n="a-0180"
             ecep:lem=","
             ecep:pos=","
             ecep:reg=","
             ecep:spe=",">,</pc>
         <c> </c>
         <w xml:id="bjb18-132910"
            n="a-0190"
            ecep:lem="who"
            ecep:pos="r-crq"
            ecep:reg="who"
            ecep:spe="who"
            ecep:syllab="1"
            ecep:pron="huː">who</w>
         <c> </c>
         <w xml:id="bjb18-132920"
            n="a-0200"
            ecep:lem="vain"
            ecep:pos="av-j"
            ecep:reg="vainly"
            ecep:spe="vainly"
            ecep:syllab="2"
            ecep:pron="ˈveɪnlɪ">vainly</w>
         <c> </c>
         <w xml:id="bjb18-132930"
            n="a-0210"
            ecep:lem="strive"
            ecep:pos="vvd"
            ecep:reg="strove"
            ecep:spe="strove"
            ecep:syllab="1"
            ecep:pron="strəʊv">strove</w>
      </l>
      <l xml:id="bjb18-l06255">
         <c> </c>
         <w xml:id="bjb18-132940"
            n="a-0220"
            ecep:lem="with"
            ecep:pos="p-acp"
            ecep:reg="With"
            ecep:spe="With"
            ecep:syllab="1"
            ecep:pron="wɪð">With</w>
         <c> </c>
         <w xml:id="bjb18-132950"
            n="a-0230"
            ecep:lem="wayward"
            ecep:pos="j"
            ecep:reg="wayward"
            ecep:spe="wayward"
            ecep:syllab="2"
            ecep:pron="ˈweɪwəd">wayward</w>
         <c> </c>
         <w xml:id="bjb18-132960"
            n="a-0240"
            ecep:lem="fate"
            ecep:pos="n1"
            ecep:reg="fate"
            ecep:spe="fate"
            ecep:syllab="1"
            ecep:pron="feɪt">fate</w>
         <pc xml:id="bjb18-132970"
             n="a-0250"
             ecep:lem=","
             ecep:pos=","
             ecep:reg=","
             ecep:spe=",">,</pc>
         <c> </c>
         <w xml:id="bjb18-132980"
            n="a-0260"
            ecep:lem="and"
            ecep:pos="cc"
            ecep:reg="and"
            ecep:spe="and"
            ecep:syllab="1"
            ecep:pron="ænd">and</w>
         <c> </c>
         <w xml:id="bjb18-132990"
            n="a-0270"
            ecep:lem="die"
            ecep:pos="vvd"
            ecep:reg="died"
            ecep:spe="died"
            ecep:syllab="1"
            ecep:pron="daɪd">died</w>
         <c> </c>
         <w xml:id="bjb18-133000"
            n="a-0280"
            ecep:lem="for"
            ecep:pos="p-acp"
            ecep:reg="for"
            ecep:spe="for"
            ecep:syllab="1"
            ecep:pron="fɔː">for</w>
         <c> </c>
         <w xml:id="bjb18-133010"
            n="a-0290"
            ecep:lem="love"
            ecep:pos="n1"
            ecep:reg="love"
            ecep:spe="love"
            ecep:syllab="1"
            ecep:pron="lʌv">love</w>
         <pc xml:id="bjb18-133020"
             n="a-0300"
             ecep:lem=","
             ecep:pos=","
             ecep:reg=","
             ecep:spe=",">,</pc>
      </l>
      <l xml:id="bjb18-l06260">
         <c> </c>
         <w xml:id="bjb18-133030"
            n="a-0310"
            ecep:lem="o"
            ecep:pos="uh"
            ecep:reg="OH"
            ecep:spe="O"
            ecep:syllab="1"
            ecep:pron="əʊ">O</w>
         <c> </c>
         <w xml:id="bjb18-133040"
            n="a-0320"
            ecep:lem="think"
            ecep:pos="vvb"
            ecep:reg="think"
            ecep:spe="think"
            ecep:syllab="1"
            ecep:pron="θɪŋk">think</w>
         <c> </c>
         <w xml:id="bjb18-133050"
            n="a-0330"
            ecep:lem="of"
            ecep:pos="pp-f"
            ecep:reg="of"
            ecep:spe="of"
            ecep:syllab="1"
            ecep:pron="ɒv">of</w>
         <c> </c>
         <w xml:id="bjb18-133060"
            n="a-0340"
            ecep:lem="i"
            ecep:pos="pno11"
            ecep:reg="me"
            ecep:spe="me"
            ecep:syllab="1"
            ecep:pron="miː">me</w>
         <pc xml:id="bjb18-133070"
             n="a-0350"
             ecep:lem="!"
             ecep:pos="!"
             ecep:reg="!"
             ecep:spe="!">!</pc>
         <c> </c>
         <w xml:id="bjb18-133080"
            n="a-0360"
            ecep:lem="nor"
            ecep:pos="ccx"
            ecep:reg="nor"
            ecep:spe="nor"
            ecep:syllab="1"
            ecep:pron="nɔː">nor</w>
         <c> </c>
         <w xml:id="bjb18-133090"
            n="a-0370"
            ecep:lem="then"
            ecep:pos="av"
            ecep:reg="then"
            ecep:spe="then"
            ecep:syllab="1"
            ecep:pron="ðen">then</w>
         <c> </c>
         <w xml:id="bjb18-133100"
            n="a-0380"
            ecep:lem="deny"
            ecep:pos="vvi"
            ecep:reg="deny"
            ecep:spe="deny"
            ecep:syllab="2"
            ecep:pron="dɪˈnaɪ">deny</w>
      </l>
      <l xml:id="bjb18-l06265">
         <c> </c>
         <w xml:id="bjb18-133110"
            n="a-0390"
            ecep:lem="the"
            ecep:pos="dt"
            ecep:reg="The"
            ecep:spe="The"
            ecep:syllab="1"
            ecep:pron="ðə">The</w>
         <c> </c>
         <w xml:id="bjb18-133120"
            n="a-0400"
            ecep:lem="gentle"
            ecep:pos="j-jn"
            ecep:reg="gentle"
            ecep:spe="gentle"
            ecep:syllab="2"
            ecep:pron="ˈdʒentl">gentle</w>
         <c> </c>
         <w xml:id="bjb18-133130"
            n="a-0410"
            ecep:lem="tribute"
            ecep:pos="n1"
            ecep:reg="tribute"
            ecep:spe="tribute"
            ecep:syllab="2"
            ecep:pron="ˈtrɪbjuːt">tribute</w>
         <c> </c>
         <w xml:id="bjb18-133140"
            n="a-0420"
            ecep:lem="of"
            ecep:pos="pp-f"
            ecep:reg="of"
            ecep:spe="of"
            ecep:syllab="1"
            ecep:pron="ɒv">of</w>
         <c> </c>
         <w xml:id="bjb18-133150"
            n="a-0430"
            ecep:lem="a"
            ecep:pos="dt"
            ecep:reg="a"
            ecep:spe="a"
            ecep:syllab="1"
            ecep:pron="ə">a</w>
         <c> </c>
         <w xml:id="bjb18-133160"
            n="a-0440"
            ecep:lem="sigh"
            ecep:pos="n1"
            ecep:reg="sigh"
            ecep:spe="sigh"
            ecep:syllab="1"
            ecep:pron="saɪ">sigh</w>
         <pc xml:id="bjb18-133170"
             n="a-0450"
             unit="sentence"
             ecep:lem="."
             ecep:pos="."
             ecep:reg="."
             ecep:spe=".">.</pc>
         <c> </c>
      </l>
   </lg>
</div>
