<?xml version="1.0" encoding="utf-8"?>
<!DOCTYPE div
  SYSTEM "about:legacy-compat">
<div xmlns:tei="http://www.tei-c.org/ns/1.0"
     xmlns="http://www.tei-c.org/ns/1.0"
     xmlns:ecep="http://www.eighteenthcenturypoetry.org/ns"
     ana="#anapaest #tetrameter #quatrain #catalexis #epigram #pair"
     corresp="#txt_NugeEa1709_w0019"
     ecep:syllab="11.11.11.11"
     met="-+|--+|--+|--+/      -+|--+|--+|--+/      -+|--+|--+|--+/      -+|--+|--+|--+/"
     n="5"
     rendition="#lgvspace"
     rhyme="aabb"
     subtype="eceptext"
     type="epigram"
     xml:id="o5153-w0794"
     decls="#semi-normalized">
   <link target="authors.xml#aut_NugeEa1709" type="author"/>
   <link target="22442" type="DMI"/>
   <head type="main">
      <w xml:id="o5153-515560"
         n="236-a-1460"
         ecep:lem="epigram"
         ecep:pos="n1"
         ecep:reg="EPIGRAM"
         ecep:spe="EPIGRAM"
         ecep:syllab="3"
         ecep:pron="ˈepɪgræm">EPIGRAM</w>
      <c> </c>
      <w xml:id="o5153-515570"
         n="236-a-1470"
         ecep:lem="v."
         ecep:pos="crd"
         ecep:reg="V"
         ecep:spe="V."
         ecep:syllab="1"
         ecep:pron="viː">V.</w>
      <pc unit="sentence" xml:id="o5153-515570-eos" n="236-a-1480"/>
   </head>
   <lg>
      <l xml:id="o5153-l27165">
         <w xml:id="o5153-515590"
            n="236-a-1490"
            ecep:lem="though"
            ecep:pos="c-acp"
            ecep:reg="THOUGH"
            ecep:spe="THO'"
            ecep:syllab="1"
            ecep:pron="ðəʊ">THO'</w>
         <c> </c>
         <w xml:id="o5153-515600"
            n="236-a-1500"
            ecep:lem="cheerful"
            ecep:pos="j"
            ecep:reg="cheerful"
            ecep:spe="cheerful"
            ecep:syllab="2"
            ecep:pron="ˈtʃɪəfl">cheerful</w>
         <pc xml:id="o5153-515610"
             n="236-a-1510"
             ecep:lem=","
             ecep:pos=","
             ecep:reg=","
             ecep:spe=",">,</pc>
         <c> </c>
         <w xml:id="o5153-515620"
            n="236-a-1520"
            ecep:lem="discreet"
            ecep:pos="j"
            ecep:reg="discreet"
            ecep:spe="discreet"
            ecep:syllab="2"
            ecep:pron="dɪˈskriːt">discreet</w>
         <pc xml:id="o5153-515630"
             n="236-a-1530"
             ecep:lem=","
             ecep:pos=","
             ecep:reg=","
             ecep:spe=",">,</pc>
         <c> </c>
         <w xml:id="o5153-515640"
            n="236-a-1540"
            ecep:lem="and"
            ecep:pos="cc"
            ecep:reg="and"
            ecep:spe="and"
            ecep:syllab="1"
            ecep:pron="ænd">and</w>
         <c> </c>
         <w xml:id="o5153-515650"
            n="236-a-1550"
            ecep:lem="with"
            ecep:pos="p-acp"
            ecep:reg="with"
            ecep:spe="with"
            ecep:syllab="1"
            ecep:pron="wɪð">with</w>
         <c> </c>
         <w xml:id="o5153-515660"
            n="236-a-1560"
            ecep:lem="freedom"
            ecep:pos="n1"
            ecep:reg="freedom"
            ecep:spe="freedom"
            ecep:syllab="2"
            ecep:pron="ˈfriːdəm">freedom</w>
         <c> </c>
         <w xml:id="o5153-515670"
            n="236-a-1570"
            ecep:lem="well"
            ecep:pos="av"
            ecep:reg="well"
            ecep:spe="well"
            ecep:syllab="1"
            ecep:pron="wel">well</w>
         <c> </c>
         <w xml:id="o5153-515680"
            n="236-a-1580"
            ecep:lem="breed"
            ecep:pos="vvn"
            ecep:reg="bred"
            ecep:spe="bred"
            ecep:syllab="1"
            ecep:pron="bred">bred</w>
         <pc xml:id="o5153-515690"
             n="236-a-1590"
             ecep:lem=","
             ecep:pos=","
             ecep:reg=","
             ecep:spe=",">,</pc>
      </l>
      <l xml:id="o5153-l27170">
         <w xml:id="o5153-515700"
            n="236-a-1600"
            ecep:lem="she"
            ecep:pos="pns31"
            ecep:reg="She"
            ecep:spe="She"
            ecep:syllab="1"
            ecep:pron="ʃiː">She</w>
         <c> </c>
         <w xml:id="o5153-515710"
            n="236-a-1610"
            ecep:lem="never"
            ecep:pos="av-x"
            ecep:reg="never"
            ecep:spe="never"
            ecep:syllab="2"
            ecep:pron="ˈnevə">never</w>
         <c> </c>
         <w xml:id="o5153-515720"
            n="236-a-1620"
            ecep:lem="repent"
            ecep:pos="vvd"
            ecep:reg="repented"
            ecep:spe="repented"
            ecep:syllab="3"
            ecep:pron="riˈpentɪd">repented</w>
         <c> </c>
         <w xml:id="o5153-515730"
            n="236-a-1630"
            ecep:lem="a"
            ecep:pos="dt"
            ecep:reg="an"
            ecep:spe="an"
            ecep:syllab="1"
            ecep:pron="æn">an</w>
         <c> </c>
         <w xml:id="o5153-515740"
            n="236-a-1640"
            ecep:lem="idle"
            ecep:pos="j"
            ecep:reg="idle"
            ecep:spe="idle"
            ecep:syllab="2"
            ecep:pron="ˈaɪdl">idle</w>
         <c> </c>
         <w xml:id="o5153-515750"
            n="236-a-1650"
            ecep:lem="word"
            ecep:pos="n1"
            ecep:reg="word"
            ecep:spe="word"
            ecep:syllab="1"
            ecep:pron="wɜːd">word</w>
         <c> </c>
         <w xml:id="o5153-515760"
            n="236-a-1660"
            ecep:lem="say"
            ecep:pos="vvd"
            ecep:reg="said"
            ecep:spe="said"
            ecep:syllab="1"
            ecep:pron="sed">said</w>
         <pc xml:id="o5153-515770"
             n="236-a-1670"
             ecep:lem=":"
             ecep:pos=":"
             ecep:reg=":"
             ecep:spe=":">:</pc>
      </l>
      <l xml:id="o5153-l27175">
         <w xml:id="o5153-515780"
            n="236-a-1680"
            ecep:lem="secure"
            ecep:pos="av-j"
            ecep:reg="Securely"
            ecep:spe="Securely"
            ecep:syllab="3"
            ecep:pron="sɪˈkjʊəli">Securely</w>
         <c> </c>
         <w xml:id="o5153-515790"
            n="236-a-1690"
            ecep:lem="she"
            ecep:pos="pns31"
            ecep:reg="she"
            ecep:spe="she"
            ecep:syllab="1"
            ecep:pron="ʃiː">she</w>
         <c> </c>
         <w xml:id="o5153-515800"
            n="236-a-1700"
            ecep:lem="smile"
            ecep:pos="vvz"
            ecep:reg="smiles"
            ecep:spe="smiles"
            ecep:syllab="1"
            ecep:pron="smaɪlz">smiles</w>
         <c> </c>
         <w xml:id="o5153-515810"
            n="236-a-1710"
            ecep:lem="on"
            ecep:pos="p-acp"
            ecep:reg="on"
            ecep:spe="on"
            ecep:syllab="1"
            ecep:pron="ɒn">on</w>
         <c> </c>
         <w xml:id="o5153-515820"
            n="236-a-1720"
            ecep:lem="the"
            ecep:pos="dt"
            ecep:reg="the"
            ecep:spe="the"
            ecep:syllab="1"
            ecep:pron="ðiː">the</w>
         <c> </c>
         <w xml:id="o5153-515830"
            n="236-a-1730"
            ecep:lem="forward"
            ecep:pos="j"
            ecep:reg="forward"
            ecep:spe="forward"
            ecep:syllab="2"
            ecep:pron="ˈfɔːwəd">forward</w>
         <c> </c>
         <w xml:id="o5153-515840"
            n="236-a-1740"
            ecep:lem="and"
            ecep:pos="cc"
            ecep:reg="and"
            ecep:spe="and"
            ecep:syllab="1"
            ecep:pron="ænd">and</w>
         <c> </c>
         <w xml:id="o5153-515850"
            n="236-a-1750"
            ecep:lem="bold"
            ecep:pos="j"
            ecep:reg="bold"
            ecep:spe="bold"
            ecep:syllab="1"
            ecep:pron="bəʊld">bold</w>
         <pc xml:id="o5153-515860"
             n="236-a-1760"
             ecep:lem=","
             ecep:pos=","
             ecep:reg=","
             ecep:spe=",">,</pc>
      </l>
      <l xml:id="o5153-l27180">
         <w xml:id="o5153-515870"
            n="236-a-1770"
            ecep:lem="they"
            ecep:pos="pns32"
            ecep:reg="They"
            ecep:spe="They"
            ecep:syllab="1"
            ecep:pron="ðeɪ">They</w>
         <c> </c>
         <w xml:id="o5153-515880"
            n="236-a-1780"
            ecep:lem="feel"
            ecep:pos="vvb"
            ecep:reg="feel"
            ecep:spe="feel"
            ecep:syllab="1"
            ecep:pron="fiːl">feel</w>
         <c> </c>
         <w xml:id="o5153-515890"
            n="236-a-1790"
            ecep:lem="what"
            ecep:pos="r-crq"
            ecep:reg="what"
            ecep:spe="what"
            ecep:syllab="1"
            ecep:pron="wɒt">what</w>
         <c> </c>
         <w xml:id="o5153-515900"
            n="236-a-1800"
            ecep:lem="they"
            ecep:pos="pns32"
            ecep:reg="they"
            ecep:spe="they"
            ecep:syllab="1"
            ecep:pron="ðeɪ">they</w>
         <c> </c>
         <w xml:id="o5153-515910"
            n="236-a-1810"
            ecep:lem="owe"
            ecep:pos="vvb"
            ecep:reg="owe"
            ecep:spe="owe"
            ecep:syllab="1"
            ecep:pron="əʊ">owe</w>
         <c> </c>
         <w xml:id="o5153-515920"
            n="236-a-1820"
            ecep:lem="she"
            ecep:pos="pno31"
            ecep:reg="her"
            ecep:spe="her"
            ecep:syllab="1"
            ecep:pron="hɜː">her</w>
         <pc xml:id="o5153-515930"
             n="236-a-1830"
             ecep:lem=","
             ecep:pos=","
             ecep:reg=","
             ecep:spe=",">,</pc>
         <c> </c>
         <w xml:id="o5153-515940"
            n="236-a-1840"
            ecep:lem="and"
            ecep:pos="cc"
            ecep:reg="and"
            ecep:spe="and"
            ecep:syllab="1"
            ecep:pron="ænd">and</w>
         <c> </c>
         <w xml:id="o5153-515950"
            n="236-a-1850"
            ecep:lem="feel"
            ecep:pos="vvb"
            ecep:reg="feel"
            ecep:spe="feel"
            ecep:syllab="1"
            ecep:pron="fiːl">feel</w>
         <c> </c>
         <w xml:id="o5153-515960"
            n="236-a-1860"
            ecep:lem="it"
            ecep:pos="pn31"
            ecep:reg="it"
            ecep:spe="it"
            ecep:syllab="1"
            ecep:pron="ɪt">it</w>
         <c> </c>
         <w xml:id="o5153-515970"
            n="236-a-1870"
            ecep:lem="untold"
            ecep:pos="vvn"
            ecep:reg="untold"
            ecep:spe="untold"
            ecep:syllab="2"
            ecep:pron="ˌʌnˈtəʊld">untold</w>
         <pc xml:id="o5153-515980"
             n="236-a-1880"
             unit="sentence"
             ecep:lem="."
             ecep:pos="."
             ecep:reg="."
             ecep:spe=".">.</pc>
      </l>
   </lg>
</div>
