<?xml version="1.0" encoding="utf-8"?>
<!DOCTYPE div
  SYSTEM "about:legacy-compat">
<div xmlns:ecep="http://www.eighteenthcenturypoetry.org/ns"
     xmlns="http://www.tei-c.org/ns/1.0"
     xmlns:tei="http://www.tei-c.org/ns/1.0"
     ana="#iamb #tetrameter #trimeter #quatrain #cross #song"
     corresp="#txt_WattIs1674_w0078"
     decls="#semi-normalized"
     ecep:syllab="6.6.8.6"
     met="-+|-+|-+/ -+|-+|-+/ -+|-+|-+|-+/ -+|-+|-+/"
     n="8"
     rendition="#lgvspace"
     rhyme="abab"
     subtype="eceptext"
     type="song"
     xml:id="o5454-w0080">
   <link target="authors.xml#aut_WattIs1674" type="author"/>
   <head type="main">
      <w xml:id="o5454-034230"
         n="21-a-0880"
         ecep:lem="song"
         ecep:pos="n1"
         ecep:reg="SONG"
         ecep:spe="SONG"
         ecep:syllab="1"
         ecep:pron="sɒŋ">SONG</w>
      <c> </c>
      <w xml:id="o5454-034240"
         n="21-a-0890"
         ecep:lem="viii"
         ecep:pos="crd"
         ecep:reg="VIII"
         ecep:spe="VIII"
         ecep:syllab="1"
         ecep:pron="rˌəʊmənˈeɪt">VIII</w>
      <pc xml:id="o5454-034250"
          n="21-a-0900"
          unit="sentence"
          ecep:lem="."
          ecep:pos="."
          ecep:reg="."
          ecep:spe=".">.</pc>
   </head>
   <head type="sub">
      <w xml:id="o5454-034280"
         n="21-a-0910"
         ecep:lem="praise"
         ecep:pos="n1"
         ecep:reg="Praise"
         ecep:spe="Praise"
         ecep:syllab="1"
         ecep:pron="preɪz">Praise</w>
      <c> </c>
      <w xml:id="o5454-034290"
         n="21-a-0920"
         ecep:lem="to"
         ecep:pos="p-acp"
         ecep:reg="to"
         ecep:spe="to"
         ecep:syllab="1"
         ecep:pron="tuː">to</w>
      <c> </c>
      <w xml:id="o5454-034300"
         n="21-a-0930"
         ecep:lem="god"
         ecep:pos="n1"
         ecep:reg="GOD"
         ecep:spe="GOD"
         ecep:syllab="1"
         ecep:pron="gɒd">GOD</w>
      <c> </c>
      <w xml:id="o5454-034310"
         n="21-a-0940"
         ecep:lem="for"
         ecep:pos="p-acp"
         ecep:reg="for"
         ecep:spe="for"
         ecep:syllab="1"
         ecep:pron="fɔː">for</w>
      <c> </c>
      <w xml:id="o5454-034320"
         n="21-a-0950"
         ecep:lem="learning"
         ecep:pos="n1"
         ecep:reg="learning"
         ecep:spe="learning"
         ecep:syllab="2"
         ecep:pron="ˈlɜːnɪŋ">learning</w>
      <c> </c>
      <w xml:id="o5454-034330"
         n="21-a-0960"
         ecep:lem="to"
         ecep:pos="pc-acp"
         ecep:reg="to"
         ecep:spe="to"
         ecep:syllab="1"
         ecep:pron="tuː">to</w>
      <c> </c>
      <w xml:id="o5454-034340"
         n="21-a-0970"
         ecep:lem="read"
         ecep:pos="vvb"
         ecep:reg="Read"
         ecep:spe="Read"
         ecep:syllab="1"
         ecep:pron="riːd">Read</w>
      <pc xml:id="o5454-034350"
          n="21-a-0980"
          unit="sentence"
          ecep:lem="."
          ecep:pos="."
          ecep:reg="."
          ecep:spe=".">.</pc>
   </head>
   <lg n="1" xml:id="o5454-s00295">
      <head>
         <w xml:id="o5454-034390"
            n="21-a-0990"
            ecep:lem="i"
            ecep:pos="pns11"
            ecep:reg="I"
            ecep:spe="I."
            ecep:syllab="1"
            ecep:pron="ˈaɪ">I.</w>
         <pc unit="sentence" xml:id="o5454-034390-eos" n="21-a-1000"/>
      </head>
      <l xml:id="o5454-l00885">
         <w xml:id="o5454-034410"
            n="21-a-1010"
            ecep:lem="the"
            ecep:pos="dt"
            ecep:reg="THE"
            ecep:spe="THE"
            ecep:syllab="1"
            ecep:pron="ðiː">THE</w>
         <c> </c>
         <w xml:id="o5454-034420"
            n="21-a-1020"
            ecep:lem="praise"
            ecep:pos="n2"
            ecep:reg="Praises"
            ecep:spe="Praises"
            ecep:syllab="2"
            ecep:pron="ˈpreɪzɪz">Praises</w>
         <c> </c>
         <w xml:id="o5454-034430"
            n="21-a-1030"
            ecep:lem="of"
            ecep:pos="pp-f"
            ecep:reg="of"
            ecep:spe="of"
            ecep:syllab="1"
            ecep:pron="ɒv">of</w>
         <c> </c>
         <w xml:id="o5454-034440"
            n="21-a-1040"
            ecep:lem="my"
            ecep:pos="po11"
            ecep:reg="my"
            ecep:spe="my"
            ecep:syllab="1"
            ecep:pron="maɪ">my</w>
         <c> </c>
         <w xml:id="o5454-034450"
            n="21-a-1050"
            ecep:lem="tongue"
            ecep:pos="n1"
            ecep:reg="Tongue"
            ecep:spe="Tongue"
            ecep:syllab="1"
            ecep:pron="tʌŋ">Tongue</w>
      </l>
      <l xml:id="o5454-l00890">
         <c> </c>
         <w xml:id="o5454-034460"
            n="21-a-1060"
            ecep:lem="i"
            ecep:pos="pns11"
            ecep:reg="I"
            ecep:spe="I"
            ecep:syllab="1"
            ecep:pron="aɪ">I</w>
         <c> </c>
         <w xml:id="o5454-034470"
            n="21-a-1070"
            ecep:lem="offer"
            ecep:pos="vvb"
            ecep:reg="offer"
            ecep:spe="offer"
            ecep:syllab="2"
            ecep:pron="ˈɒfə">offer</w>
         <c> </c>
         <w xml:id="o5454-034480"
            n="21-a-1080"
            ecep:lem="to"
            ecep:pos="p-acp"
            ecep:reg="to"
            ecep:spe="to"
            ecep:syllab="1"
            ecep:pron="tuː">to</w>
         <c> </c>
         <w xml:id="o5454-034490"
            n="21-a-1090"
            ecep:lem="the"
            ecep:pos="dt"
            ecep:reg="the"
            ecep:spe="the"
            ecep:syllab="1"
            ecep:pron="ðiː">the</w>
         <c> </c>
         <w xml:id="o5454-034500"
            n="21-a-1100"
            ecep:lem="lord"
            ecep:pos="n1"
            ecep:reg="LORD"
            ecep:spe="LORD"
            ecep:syllab="1"
            ecep:pron="lɔːd">LORD</w>
         <pc xml:id="o5454-034510"
             n="21-a-1110"
             ecep:lem=","
             ecep:pos=","
             ecep:reg=","
             ecep:spe=",">,</pc>
      </l>
      <l xml:id="o5454-l00895">
         <c> </c>
         <w xml:id="o5454-034520"
            n="21-a-1120"
            ecep:lem="that"
            ecep:pos="cst"
            ecep:reg="That"
            ecep:spe="That"
            ecep:syllab="1"
            ecep:pron="ðæt">That</w>
         <c> </c>
         <w xml:id="o5454-034530"
            n="21-a-1130"
            ecep:lem="i"
            ecep:pos="pns11"
            ecep:reg="I"
            ecep:spe="I"
            ecep:syllab="1"
            ecep:pron="aɪ">I</w>
         <c> </c>
         <w xml:id="o5454-034540"
            n="21-a-1140"
            ecep:lem="be"
            ecep:pos="vbds"
            ecep:reg="was"
            ecep:spe="was"
            ecep:syllab="1"
            ecep:pron="wɒz">was</w>
         <c> </c>
         <w xml:id="o5454-034550"
            n="21-a-1150"
            ecep:lem="teach"
            ecep:pos="vvn"
            ecep:reg="taught"
            ecep:spe="taught"
            ecep:syllab="1"
            ecep:pron="tɔːt">taught</w>
         <pc xml:id="o5454-034560"
             n="21-a-1160"
             ecep:lem=","
             ecep:pos=","
             ecep:reg=","
             ecep:spe=",">,</pc>
         <c> </c>
         <w xml:id="o5454-034570"
            n="21-a-1170"
            ecep:lem="and"
            ecep:pos="cc"
            ecep:reg="and"
            ecep:spe="and"
            ecep:syllab="1"
            ecep:pron="ænd">and</w>
         <c> </c>
         <w xml:id="o5454-034580"
            n="21-a-1180"
            ecep:lem="learn"
            ecep:pos="vvd"
            ecep:reg="learnt"
            ecep:spe="learnt"
            ecep:syllab="1"
            ecep:pron="lɜːnt">learnt</w>
         <c> </c>
         <w xml:id="o5454-034590"
            n="21-a-1190"
            ecep:lem="so"
            ecep:pos="av"
            ecep:reg="so"
            ecep:spe="so"
            ecep:syllab="1"
            ecep:pron="səʊ">so</w>
         <c> </c>
         <w xml:id="o5454-034600"
            n="21-a-1200"
            ecep:lem="young"
            ecep:pos="j"
            ecep:reg="young"
            ecep:spe="young"
            ecep:syllab="1"
            ecep:pron="jʌŋ">young</w>
      </l>
      <l xml:id="o5454-l00900">
         <c> </c>
         <w xml:id="o5454-034610"
            n="21-a-1210"
            ecep:lem="to"
            ecep:pos="pc-acp"
            ecep:reg="To"
            ecep:spe="To"
            ecep:syllab="1"
            ecep:pron="tuː">To</w>
         <c> </c>
         <w xml:id="o5454-034620"
            n="21-a-1220"
            ecep:lem="read"
            ecep:pos="vvi"
            ecep:reg="read"
            ecep:spe="read"
            ecep:syllab="1"
            ecep:pron="riːd">read</w>
         <c> </c>
         <w xml:id="o5454-034630"
            n="21-a-1230"
            ecep:lem="his"
            ecep:pos="po31"
            ecep:reg="his"
            ecep:spe="his"
            ecep:syllab="1"
            ecep:pron="hɪz">his</w>
         <c> </c>
         <w xml:id="o5454-034640"
            n="21-a-1240"
            ecep:lem="holy"
            ecep:pos="j"
            ecep:reg="holy"
            ecep:spe="holy"
            ecep:syllab="2"
            ecep:pron="ˈhəʊli">holy</w>
         <c> </c>
         <w xml:id="o5454-034650"
            n="21-a-1250"
            ecep:lem="word"
            ecep:pos="n1"
            ecep:reg="Word"
            ecep:spe="Word"
            ecep:syllab="1"
            ecep:pron="wɜːd">Word</w>
         <pc xml:id="o5454-034660"
             n="21-a-1260"
             unit="sentence"
             ecep:lem="."
             ecep:pos="."
             ecep:reg="."
             ecep:spe=".">.</pc>
         <c> </c>
      </l>
   </lg>
   <pb facs="22" n="12" rend="none"/>
   <lg n="2" xml:id="o5454-s00300">
      <head>
         <w xml:id="o5454-034700"
            n="22-a-0010"
            ecep:lem="ii"
            ecep:pos="crd"
            ecep:reg="II"
            ecep:spe="II"
            ecep:syllab="1"
            ecep:pron="rˌəʊməntˈuː">II</w>
         <pc xml:id="o5454-034710"
             n="22-a-0020"
             unit="sentence"
             ecep:lem="."
             ecep:pos="."
             ecep:reg="."
             ecep:spe=".">.</pc>
      </head>
      <l xml:id="o5454-l00905">
         <w xml:id="o5454-034730"
            n="22-a-0030"
            ecep:lem="that"
            ecep:pos="cst"
            ecep:reg="That"
            ecep:spe="That"
            ecep:syllab="1"
            ecep:pron="ðæt">That</w>
         <c> </c>
         <w xml:id="o5454-034740"
            n="22-a-0040"
            ecep:lem="i"
            ecep:pos="pns11"
            ecep:reg="I"
            ecep:spe="I"
            ecep:syllab="1"
            ecep:pron="aɪ">I</w>
         <c> </c>
         <w xml:id="o5454-034750"
            n="22-a-0050"
            ecep:lem="be"
            ecep:pos="vbm"
            ecep:reg="am"
            ecep:spe="am"
            ecep:syllab="1"
            ecep:pron="æm">am</w>
         <c> </c>
         <w xml:id="o5454-034760"
            n="22-a-0060"
            ecep:lem="bring"
            ecep:pos="vvn"
            ecep:reg="brought"
            ecep:spe="brought"
            ecep:syllab="1"
            ecep:pron="brɔːt">brought</w>
         <c> </c>
         <w xml:id="o5454-034770"
            n="22-a-0070"
            ecep:lem="to"
            ecep:pos="pc-acp"
            ecep:reg="to"
            ecep:spe="to"
            ecep:syllab="1"
            ecep:pron="tuː">to</w>
         <c> </c>
         <w xml:id="o5454-034780"
            n="22-a-0080"
            ecep:lem="know"
            ecep:pos="vvi"
            ecep:reg="know"
            ecep:spe="know"
            ecep:syllab="1"
            ecep:pron="nəʊ">know</w>
      </l>
      <l xml:id="o5454-l00910">
         <c> </c>
         <w xml:id="o5454-034790"
            n="22-a-0090"
            ecep:lem="the"
            ecep:pos="dt"
            ecep:reg="The"
            ecep:spe="The"
            ecep:syllab="1"
            ecep:pron="ðiː">The</w>
         <c> </c>
         <w xml:id="o5454-034800"
            n="22-a-0100"
            ecep:lem="danger"
            ecep:pos="n1"
            ecep:reg="Danger"
            ecep:spe="Danger"
            ecep:syllab="2"
            ecep:pron="ˈdeɪndʒə">Danger</w>
         <c> </c>
         <w xml:id="o5454-034810"
            n="22-a-0110"
            ecep:lem="i"
            ecep:pos="pns11"
            ecep:reg="I"
            ecep:spe="I"
            ecep:syllab="1"
            ecep:pron="aɪ">I</w>
         <c> </c>
         <w xml:id="o5454-034820"
            n="22-a-0120"
            ecep:lem="be"
            ecep:pos="vbds"
            ecep:reg="was"
            ecep:spe="was"
            ecep:syllab="1"
            ecep:pron="wɒz">was</w>
         <c> </c>
         <w xml:id="o5454-034830"
            n="22-a-0130"
            ecep:lem="in"
            ecep:pos="p-acp"
            ecep:reg="in"
            ecep:spe="in"
            ecep:syllab="1"
            ecep:pron="ɪn">in</w>
         <pc xml:id="o5454-034840"
             n="22-a-0140"
             ecep:lem=","
             ecep:pos=","
             ecep:reg=","
             ecep:spe=",">,</pc>
      </l>
      <l xml:id="o5454-l00915">
         <c> </c>
         <w xml:id="o5454-034850"
            n="22-a-0150"
            ecep:lem="by"
            ecep:pos="p-acp"
            ecep:reg="By"
            ecep:spe="By"
            ecep:syllab="1"
            ecep:pron="baɪ">By</w>
         <c> </c>
         <w xml:id="o5454-034860"
            n="22-a-0160"
            ecep:lem="nature"
            ecep:pos="n1"
            ecep:reg="Nature"
            ecep:spe="Nature"
            ecep:syllab="2"
            ecep:pron="ˈneɪtʃə">Nature</w>
         <c> </c>
         <w xml:id="o5454-034870"
            n="22-a-0170"
            ecep:lem="and"
            ecep:pos="cc"
            ecep:reg="and"
            ecep:spe="and"
            ecep:syllab="1"
            ecep:pron="ænd">and</w>
         <c> </c>
         <w xml:id="o5454-034880"
            n="22-a-0180"
            ecep:lem="by"
            ecep:pos="p-acp"
            ecep:reg="by"
            ecep:spe="by"
            ecep:syllab="1"
            ecep:pron="baɪ">by</w>
         <c> </c>
         <w xml:id="o5454-034890"
            n="22-a-0190"
            ecep:lem="practice"
            ecep:pos="n1"
            ecep:reg="Practise"
            ecep:spe="Practice"
            ecep:syllab="2"
            ecep:pron="ˈpræktɪs">Practice</w>
         <c> </c>
         <w xml:id="o5454-034900"
            n="22-a-0200"
            ecep:lem="too"
            ecep:pos="av"
            ecep:reg="too"
            ecep:spe="too"
            ecep:syllab="1"
            ecep:pron="tuː">too</w>
         <pc xml:id="o5454-034910"
             n="22-a-0210"
             ecep:lem=","
             ecep:pos=","
             ecep:reg=","
             ecep:spe=",">,</pc>
      </l>
      <l xml:id="o5454-l00920">
         <c> </c>
         <w xml:id="o5454-034920"
            n="22-a-0220"
            ecep:lem="a"
            ecep:pos="dt"
            ecep:reg="A"
            ecep:spe="A"
            ecep:syllab="1"
            ecep:pron="ə">A</w>
         <c> </c>
         <w xml:id="o5454-034930"
            n="22-a-0230"
            ecep:lem="wretched"
            ecep:pos="j"
            ecep:reg="wretched"
            ecep:spe="wretched"
            ecep:syllab="2"
            ecep:pron="ˈretʃɪd">wretched</w>
         <c> </c>
         <w xml:id="o5454-034940"
            n="22-a-0240"
            ecep:lem="slave"
            ecep:pos="n1"
            ecep:reg="Slave"
            ecep:spe="Slave"
            ecep:syllab="1"
            ecep:pron="sleɪv">Slave</w>
         <c> </c>
         <w xml:id="o5454-034950"
            n="22-a-0250"
            ecep:lem="to"
            ecep:pos="p-acp"
            ecep:reg="to"
            ecep:spe="to"
            ecep:syllab="1"
            ecep:pron="tuː">to</w>
         <c> </c>
         <w xml:id="o5454-034960"
            n="22-a-0260"
            ecep:lem="sin"
            ecep:pos="n1"
            ecep:reg="Sin"
            ecep:spe="Sin"
            ecep:syllab="1"
            ecep:pron="sɪn">Sin</w>
         <pc xml:id="o5454-034970"
             n="22-a-0270"
             unit="sentence"
             ecep:lem="."
             ecep:pos="."
             ecep:reg="."
             ecep:spe=".">.</pc>
         <c> </c>
      </l>
   </lg>
   <lg n="3" xml:id="o5454-s00305">
      <head>
         <w xml:id="o5454-035010"
            n="22-a-0280"
            ecep:lem="iii"
            ecep:pos="crd"
            ecep:reg="III"
            ecep:spe="III"
            ecep:syllab="1"
            ecep:pron="rˌəʊmənθrˈiː">III</w>
         <pc xml:id="o5454-035020"
             n="22-a-0290"
             unit="sentence"
             ecep:lem="."
             ecep:pos="."
             ecep:reg="."
             ecep:spe=".">.</pc>
      </head>
      <l xml:id="o5454-l00925">
         <w xml:id="o5454-035040"
            n="22-a-0300"
            ecep:lem="that"
            ecep:pos="cst"
            ecep:reg="That"
            ecep:spe="That"
            ecep:syllab="1"
            ecep:pron="ðæt">That</w>
         <c> </c>
         <w xml:id="o5454-035050"
            n="22-a-0310"
            ecep:lem="i"
            ecep:pos="pns11"
            ecep:reg="I"
            ecep:spe="I"
            ecep:syllab="1"
            ecep:pron="aɪ">I</w>
         <c> </c>
         <w xml:id="o5454-035060"
            n="22-a-0320"
            ecep:lem="be"
            ecep:pos="vbm"
            ecep:reg="am"
            ecep:spe="am"
            ecep:syllab="1"
            ecep:pron="æm">am</w>
         <c> </c>
         <w xml:id="o5454-035070"
            n="22-a-0330"
            ecep:lem="lead"
            ecep:pos="vvb"
            ecep:reg="lead"
            ecep:spe="lead"
            ecep:syllab="1"
            ecep:pron="liːd">lead</w>
         <c> </c>
         <w xml:id="o5454-035080"
            n="22-a-0340"
            ecep:lem="to"
            ecep:pos="pc-acp"
            ecep:reg="to"
            ecep:spe="to"
            ecep:syllab="1"
            ecep:pron="tuː">to</w>
         <c> </c>
         <w xml:id="o5454-035090"
            n="22-a-0350"
            ecep:lem="see"
            ecep:pos="vvi"
            ecep:reg="see"
            ecep:spe="see"
            ecep:syllab="1"
            ecep:pron="siː">see</w>
      </l>
      <l xml:id="o5454-l00930">
         <c> </c>
         <w xml:id="o5454-035100"
            n="22-a-0360"
            ecep:lem="i"
            ecep:pos="pns11"
            ecep:reg="I"
            ecep:spe="I"
            ecep:syllab="1"
            ecep:pron="aɪ">I</w>
         <c> </c>
         <w xml:id="o5454-035110"
            n="22-a-0370"
            ecep:lem="can"
            ecep:pos="vmb"
            ecep:reg="can"
            ecep:spe="can"
            ecep:syllab="1"
            ecep:pron="kæn">can</w>
         <c> </c>
         <w xml:id="o5454-035120"
            n="22-a-0380"
            ecep:lem="do"
            ecep:pos="vdi"
            ecep:reg="do"
            ecep:spe="do"
            ecep:syllab="1"
            ecep:pron="duː">do</w>
         <c> </c>
         <w xml:id="o5454-035130"
            n="22-a-0390"
            ecep:lem="nothing"
            ecep:pos="pix"
            ecep:reg="nothing"
            ecep:spe="nothing"
            ecep:syllab="2"
            ecep:pron="ˈnʌθɪŋ">nothing</w>
         <c> </c>
         <w xml:id="o5454-035140"
            n="22-a-0400"
            ecep:lem="well"
            ecep:pos="av"
            ecep:reg="well"
            ecep:spe="well"
            ecep:syllab="1"
            ecep:pron="wel">well</w>
         <pc xml:id="o5454-035150"
             n="22-a-0410"
             ecep:lem=";"
             ecep:pos=";"
             ecep:reg=";"
             ecep:spe=";">;</pc>
      </l>
      <l xml:id="o5454-l00935">
         <c> </c>
         <w xml:id="o5454-035160"
            n="22-a-0420"
            ecep:lem="and"
            ecep:pos="cc"
            ecep:reg="And"
            ecep:spe="And"
            ecep:syllab="1"
            ecep:pron="ænd">And</w>
         <c> </c>
         <w xml:id="o5454-035170"
            n="22-a-0430"
            ecep:lem="whither"
            ecep:pos="q-crq"
            ecep:reg="whither"
            ecep:spe="whither"
            ecep:syllab="2"
            ecep:pron="ˈwɪðə">whither</w>
         <c> </c>
         <w xml:id="o5454-035180"
            n="22-a-0440"
            ecep:lem="shall"
            ecep:pos="vmb"
            ecep:reg="shall"
            ecep:spe="shall"
            ecep:syllab="1"
            ecep:pron="ʃæl">shall</w>
         <c> </c>
         <w xml:id="o5454-035190"
            n="22-a-0450"
            ecep:lem="a"
            ecep:pos="dt"
            ecep:reg="a"
            ecep:spe="a"
            ecep:syllab="1"
            ecep:pron="ə">a</w>
         <c> </c>
         <w xml:id="o5454-035200"
            n="22-a-0460"
            ecep:lem="sinner"
            ecep:pos="n1"
            ecep:reg="Sinner"
            ecep:spe="Sinner"
            ecep:syllab="2"
            ecep:pron="ˈsɪnə">Sinner</w>
         <c> </c>
         <w xml:id="o5454-035210"
            n="22-a-0470"
            ecep:lem="flee"
            ecep:pos="vvi"
            ecep:reg="flee"
            ecep:spe="flee"
            ecep:syllab="1"
            ecep:pron="fliː">flee</w>
      </l>
      <l xml:id="o5454-l00940">
         <c> </c>
         <w xml:id="o5454-035220"
            n="22-a-0480"
            ecep:lem="to"
            ecep:pos="pc-acp"
            ecep:reg="To"
            ecep:spe="To"
            ecep:syllab="1"
            ecep:pron="tuː">To</w>
         <c> </c>
         <w xml:id="o5454-035230"
            n="22-a-0490"
            ecep:lem="save"
            ecep:pos="vvi"
            ecep:reg="save"
            ecep:spe="save"
            ecep:syllab="1"
            ecep:pron="seɪv">save</w>
         <c> </c>
         <w xml:id="o5454-035240"
            n="22-a-0500"
            ecep:lem="himself"
            ecep:pos="px31"
            ecep:reg="himself"
            ecep:spe="himself"
            ecep:syllab="2"
            ecep:pron="hɪmˈself">himself</w>
         <c> </c>
         <w xml:id="o5454-035250"
            n="22-a-0510"
            ecep:lem="from"
            ecep:pos="p-acp"
            ecep:reg="from"
            ecep:spe="from"
            ecep:syllab="1"
            ecep:pron="frɒm">from</w>
         <c> </c>
         <w xml:id="o5454-035260"
            n="22-a-0520"
            ecep:lem="hell"
            ecep:pos="n1"
            ecep:reg="Hell"
            ecep:spe="Hell"
            ecep:syllab="1"
            ecep:pron="hel">Hell</w>
         <pc xml:id="o5454-035270"
             n="22-a-0530"
             unit="sentence"
             ecep:lem="?"
             ecep:pos="?"
             ecep:reg="?"
             ecep:spe="?">?</pc>
         <c> </c>
      </l>
   </lg>
   <lg n="4" xml:id="o5454-s00310">
      <head>
         <w xml:id="o5454-035310"
            n="22-a-0540"
            ecep:lem="iv"
            ecep:pos="crd"
            ecep:reg="IV"
            ecep:spe="IV"
            ecep:syllab="1"
            ecep:pron="rˌəʊmənfˈɔː">IV</w>
         <pc xml:id="o5454-035320"
             n="22-a-0550"
             unit="sentence"
             ecep:lem="."
             ecep:pos="."
             ecep:reg="."
             ecep:spe=".">.</pc>
      </head>
      <l xml:id="o5454-l00945">
         <w xml:id="o5454-035340"
            n="22-a-0560"
            ecep:lem="dear"
            ecep:pos="j-jn"
            ecep:reg="Dear"
            ecep:spe="Dear"
            ecep:syllab="1"
            ecep:pron="dɪə">Dear</w>
         <c> </c>
         <w xml:id="o5454-035350"
            n="22-a-0570"
            ecep:lem="lord"
            ecep:pos="n1"
            ecep:reg="LORD"
            ecep:spe="LORD"
            ecep:syllab="1"
            ecep:pron="lɔːd">LORD</w>
         <pc xml:id="o5454-035360"
             n="22-a-0580"
             ecep:lem="."
             ecep:pos="."
             ecep:reg="."
             ecep:spe=".">.</pc>
         <c> </c>
         <w xml:id="o5454-035370"
            n="22-a-0590"
            ecep:lem="this"
            ecep:pos="d"
            ecep:reg="this"
            ecep:spe="this"
            ecep:syllab="1"
            ecep:pron="ðɪs">this</w>
         <c> </c>
         <w xml:id="o5454-035380"
            n="22-a-0600"
            ecep:lem="book"
            ecep:pos="n1"
            ecep:reg="Book"
            ecep:spe="Book"
            ecep:syllab="1"
            ecep:pron="bʊk">Book</w>
         <c> </c>
         <w xml:id="o5454-035390"
            n="22-a-0610"
            ecep:lem="of"
            ecep:pos="pp-f"
            ecep:reg="of"
            ecep:spe="of"
            ecep:syllab="1"
            ecep:pron="ɒv">of</w>
         <c> </c>
         <w xml:id="o5454-035400"
            n="22-a-0620"
            ecep:lem="thy"
            ecep:pos="po21"
            ecep:reg="thine"
            ecep:spe="thine"
            ecep:syllab="1"
            ecep:pron="ðaɪn">thine</w>
      </l>
      <l xml:id="o5454-l00950">
         <c> </c>
         <w xml:id="o5454-035410"
            n="22-a-0630"
            ecep:lem="inform"
            ecep:pos="vvz"
            ecep:reg="Informs"
            ecep:spe="Informs"
            ecep:syllab="2"
            ecep:pron="ɪnˈfɔːmz">Informs</w>
         <c> </c>
         <w xml:id="o5454-035420"
            n="22-a-0640"
            ecep:lem="i"
            ecep:pos="pno11"
            ecep:reg="me"
            ecep:spe="me"
            ecep:syllab="1"
            ecep:pron="miː">me</w>
         <c> </c>
         <w xml:id="o5454-035430"
            n="22-a-0650"
            ecep:lem="where"
            ecep:pos="c-crq"
            ecep:reg="where"
            ecep:spe="where"
            ecep:syllab="1"
            ecep:pron="weə">where</w>
         <c> </c>
         <w xml:id="o5454-035440"
            n="22-a-0660"
            ecep:lem="to"
            ecep:pos="pc-acp"
            ecep:reg="to"
            ecep:spe="to"
            ecep:syllab="1"
            ecep:pron="tuː">to</w>
         <c> </c>
         <w xml:id="o5454-035450"
            n="22-a-0670"
            ecep:lem="go"
            ecep:pos="vvi"
            ecep:reg="go"
            ecep:spe="go"
            ecep:syllab="1"
            ecep:pron="gəʊ">go</w>
         <pc xml:id="o5454-035460"
             n="22-a-0680"
             ecep:lem=","
             ecep:pos=","
             ecep:reg=","
             ecep:spe=",">,</pc>
      </l>
      <l xml:id="o5454-l00955">
         <c> </c>
         <w xml:id="o5454-035470"
            n="22-a-0690"
            ecep:lem="for"
            ecep:pos="p-acp"
            ecep:reg="For"
            ecep:spe="For"
            ecep:syllab="1"
            ecep:pron="fɔː">For</w>
         <c> </c>
         <w xml:id="o5454-035480"
            n="22-a-0700"
            ecep:lem="grace"
            ecep:pos="n1"
            ecep:reg="Grace"
            ecep:spe="Grace"
            ecep:syllab="1"
            ecep:pron="greɪs">Grace</w>
         <c> </c>
         <w xml:id="o5454-035490"
            n="22-a-0710"
            ecep:lem="to"
            ecep:pos="pc-acp"
            ecep:reg="to"
            ecep:spe="to"
            ecep:syllab="1"
            ecep:pron="tuː">to</w>
         <c> </c>
         <w xml:id="o5454-035500"
            n="22-a-0720"
            ecep:lem="pardon"
            ecep:pos="vvi"
            ecep:reg="pardon"
            ecep:spe="pardon"
            ecep:syllab="2"
            ecep:pron="ˈpɑːdn">pardon</w>
         <c> </c>
         <w xml:id="o5454-035510"
            n="22-a-0730"
            ecep:lem="all"
            ecep:pos="d"
            ecep:reg="all"
            ecep:spe="all"
            ecep:syllab="1"
            ecep:pron="ɔːl">all</w>
         <c> </c>
         <w xml:id="o5454-035520"
            n="22-a-0740"
            ecep:lem="my"
            ecep:pos="po11"
            ecep:reg="my"
            ecep:spe="my"
            ecep:syllab="1"
            ecep:pron="maɪ">my</w>
         <c> </c>
         <w xml:id="o5454-035530"
            n="22-a-0750"
            ecep:lem="sin"
            ecep:pos="n1"
            ecep:reg="Sin"
            ecep:spe="Sin"
            ecep:syllab="1"
            ecep:pron="sɪn">Sin</w>
         <pc xml:id="o5454-035540"
             n="22-a-0760"
             ecep:lem=","
             ecep:pos=","
             ecep:reg=","
             ecep:spe=",">,</pc>
      </l>
      <l xml:id="o5454-l00960">
         <c> </c>
         <w xml:id="o5454-035550"
            n="22-a-0770"
            ecep:lem="and"
            ecep:pos="cc"
            ecep:reg="And"
            ecep:spe="And"
            ecep:syllab="1"
            ecep:pron="ænd">And</w>
         <c> </c>
         <w xml:id="o5454-035560"
            n="22-a-0780"
            ecep:lem="make"
            ecep:pos="vvb"
            ecep:reg="make"
            ecep:spe="make"
            ecep:syllab="1"
            ecep:pron="meɪk">make</w>
         <c> </c>
         <w xml:id="o5454-035570"
            n="22-a-0790"
            ecep:lem="i"
            ecep:pos="pno11"
            ecep:reg="me"
            ecep:spe="me"
            ecep:syllab="1"
            ecep:pron="miː">me</w>
         <c> </c>
         <w xml:id="o5454-035580"
            n="22-a-0800"
            ecep:lem="holy"
            ecep:pos="j"
            ecep:reg="holy"
            ecep:spe="holy"
            ecep:syllab="2"
            ecep:pron="ˈhəʊli">holy</w>
         <c> </c>
         <w xml:id="o5454-035590"
            n="22-a-0810"
            ecep:lem="too"
            ecep:pos="av"
            ecep:reg="too"
            ecep:spe="too"
            ecep:syllab="1"
            ecep:pron="tuː">too</w>
         <pc xml:id="o5454-035600"
             n="22-a-0820"
             unit="sentence"
             ecep:lem="."
             ecep:pos="."
             ecep:reg="."
             ecep:spe=".">.</pc>
         <c> </c>
      </l>
   </lg>
   <lg n="5" xml:id="o5454-s00315">
      <head>
         <w xml:id="o5454-035640"
            n="22-a-0830"
            ecep:lem="v."
            ecep:pos="crd"
            ecep:reg="V"
            ecep:spe="V."
            ecep:syllab="1"
            ecep:pron="viː">V.</w>
         <pc unit="sentence" xml:id="o5454-035640-eos" n="22-a-0840"/>
      </head>
      <l xml:id="o5454-l00965">
         <w xml:id="o5454-035660"
            n="22-a-0850"
            ecep:lem="here"
            ecep:pos="av"
            ecep:reg="Here"
            ecep:spe="Here"
            ecep:syllab="1"
            ecep:pron="hɪə">Here</w>
         <c> </c>
         <w xml:id="o5454-035670"
            n="22-a-0860"
            ecep:lem="i"
            ecep:pos="pns11"
            ecep:reg="I"
            ecep:spe="I"
            ecep:syllab="1"
            ecep:pron="aɪ">I</w>
         <c> </c>
         <w xml:id="o5454-035680"
            n="22-a-0870"
            ecep:lem="can"
            ecep:pos="vmb"
            ecep:reg="can"
            ecep:spe="can"
            ecep:syllab="1"
            ecep:pron="kæn">can</w>
         <c> </c>
         <w xml:id="o5454-035690"
            n="22-a-0880"
            ecep:lem="read"
            ecep:pos="vvi"
            ecep:reg="read"
            ecep:spe="read"
            ecep:syllab="1"
            ecep:pron="riːd">read</w>
         <pc xml:id="o5454-035700"
             n="22-a-0890"
             ecep:lem=","
             ecep:pos=","
             ecep:reg=","
             ecep:spe=",">,</pc>
         <c> </c>
         <w xml:id="o5454-035710"
            n="22-a-0900"
            ecep:lem="and"
            ecep:pos="cc"
            ecep:reg="and"
            ecep:spe="and"
            ecep:syllab="1"
            ecep:pron="ænd">and</w>
         <c> </c>
         <w xml:id="o5454-035720"
            n="22-a-0910"
            ecep:lem="learn"
            ecep:pos="vvb"
            ecep:reg="learn"
            ecep:spe="learn"
            ecep:syllab="1"
            ecep:pron="lɜːn">learn</w>
      </l>
      <l xml:id="o5454-l00970">
         <c> </c>
         <w xml:id="o5454-035730"
            n="22-a-0920"
            ecep:lem="how"
            ecep:pos="c-crq"
            ecep:reg="How"
            ecep:spe="How"
            ecep:syllab="1"
            ecep:pron="haʊ">How</w>
         <c> </c>
         <w xml:id="o5454-035740"
            n="22-a-0930"
            ecep:lem="Christ"
            ecep:pos="np1"
            ecep:reg="CHRIST"
            ecep:spe="CHRIST"
            ecep:syllab="1"
            ecep:pron="ˈkraɪst">CHRIST</w>
         <pc xml:id="o5454-035750"
             n="22-a-0940"
             ecep:lem=","
             ecep:pos=","
             ecep:reg=","
             ecep:spe=",">,</pc>
         <c> </c>
         <w xml:id="o5454-035760"
            n="22-a-0950"
            ecep:lem="the"
            ecep:pos="dt"
            ecep:reg="the"
            ecep:spe="the"
            ecep:syllab="1"
            ecep:pron="ðiː">the</w>
         <c> </c>
         <w xml:id="o5454-035770"
            n="22-a-0960"
            ecep:lem="son"
            ecep:pos="n1"
            ecep:reg="Son"
            ecep:spe="Son"
            ecep:syllab="1"
            ecep:pron="sɒn">Son</w>
         <c> </c>
         <w xml:id="o5454-035780"
            n="22-a-0970"
            ecep:lem="of"
            ecep:pos="pp-f"
            ecep:reg="of"
            ecep:spe="of"
            ecep:syllab="1"
            ecep:pron="ɒv">of</w>
         <c> </c>
         <w xml:id="o5454-035790"
            n="22-a-0980"
            ecep:lem="god"
            ecep:pos="n1"
            ecep:reg="GOD"
            ecep:spe="GOD"
            ecep:syllab="1"
            ecep:pron="gɒd">GOD</w>
         <pc xml:id="o5454-035800"
             n="22-a-0990"
             ecep:lem=","
             ecep:pos=","
             ecep:reg=","
             ecep:spe=",">,</pc>
      </l>
      <l xml:id="o5454-l00975">
         <c> </c>
         <w xml:id="o5454-035810"
            n="22-a-1000"
            ecep:lem="have"
            ecep:pos="vhz"
            ecep:reg="Has"
            ecep:spe="Has"
            ecep:syllab="1"
            ecep:pron="hæz">Has</w>
         <c> </c>
         <w xml:id="o5454-035820"
            n="22-a-1010"
            ecep:lem="undertake"
            ecep:pos="vvn"
            ecep:reg="undertook"
            ecep:spe="undertook"
            ecep:syllab="3"
            ecep:pron="ˌʌndəˈtʊk">undertook</w>
         <c> </c>
         <w xml:id="o5454-035830"
            n="22-a-1020"
            ecep:lem="our"
            ecep:pos="po12"
            ecep:reg="our"
            ecep:spe="our"
            ecep:syllab="1"
            ecep:pron="ˈaʊə">our</w>
         <c> </c>
         <w xml:id="o5454-035840"
            n="22-a-1030"
            ecep:lem="great"
            ecep:pos="j"
            ecep:reg="great"
            ecep:spe="great"
            ecep:syllab="1"
            ecep:pron="greɪt">great</w>
         <c> </c>
         <w xml:id="o5454-035850"
            n="22-a-1040"
            ecep:lem="concern"
            ecep:pos="n1"
            ecep:reg="Concern"
            ecep:spe="Concern"
            ecep:syllab="2"
            ecep:pron="kənˈsɜːn">Concern</w>
         <pc xml:id="o5454-035860"
             n="22-a-1050"
             ecep:lem=";"
             ecep:pos=";"
             ecep:reg=";"
             ecep:spe=";">;</pc>
      </l>
      <l xml:id="o5454-l00980">
         <c> </c>
         <w xml:id="o5454-035870"
            n="22-a-1060"
            ecep:lem="our"
            ecep:pos="po12"
            ecep:reg="Our"
            ecep:spe="Our"
            ecep:syllab="1"
            ecep:pron="ˈaʊə">Our</w>
         <c> </c>
         <w xml:id="o5454-035880"
            n="22-a-1070"
            ecep:lem="ransom"
            ecep:pos="n1"
            ecep:reg="Ransom"
            ecep:spe="Ransom"
            ecep:syllab="2"
            ecep:pron="ˈrænsəm">Ransom</w>
         <c> </c>
         <w xml:id="o5454-035890"
            n="22-a-1080"
            ecep:lem="cost"
            ecep:pos="vvi"
            ecep:reg="cost"
            ecep:spe="cost"
            ecep:syllab="1"
            ecep:pron="kɒst">cost</w>
         <c> </c>
         <w xml:id="o5454-035900"
            n="22-a-1090"
            ecep:lem="his"
            ecep:pos="po31"
            ecep:reg="his"
            ecep:spe="his"
            ecep:syllab="1"
            ecep:pron="hɪz">his</w>
         <c> </c>
         <w xml:id="o5454-035910"
            n="22-a-1100"
            ecep:lem="blood"
            ecep:pos="n1"
            ecep:reg="Blood"
            ecep:spe="Blood"
            ecep:syllab="1"
            ecep:pron="blʌd">Blood</w>
         <pc xml:id="o5454-035920"
             n="22-a-1110"
             unit="sentence"
             ecep:lem="."
             ecep:pos="."
             ecep:reg="."
             ecep:spe=".">.</pc>
         <c> </c>
      </l>
   </lg>
   <lg n="6" xml:id="o5454-s00320">
      <head>
         <w xml:id="o5454-035960"
            n="22-a-1120"
            ecep:lem="vi"
            ecep:pos="crd"
            ecep:reg="VI"
            ecep:spe="VI"
            ecep:syllab="1"
            ecep:pron="ˈvaɪ">VI</w>
         <pc xml:id="o5454-035970"
             n="22-a-1130"
             unit="sentence"
             ecep:lem="."
             ecep:pos="."
             ecep:reg="."
             ecep:spe=".">.</pc>
      </head>
      <l xml:id="o5454-l00985">
         <w xml:id="o5454-035990"
            n="22-a-1140"
            ecep:lem="and"
            ecep:pos="cc"
            ecep:reg="And"
            ecep:spe="And"
            ecep:syllab="1"
            ecep:pron="ænd">And</w>
         <c> </c>
         <w xml:id="o5454-036000"
            n="22-a-1150"
            ecep:lem="now"
            ecep:pos="av"
            ecep:reg="now"
            ecep:spe="now"
            ecep:syllab="1"
            ecep:pron="naʊ">now</w>
         <c> </c>
         <w xml:id="o5454-036010"
            n="22-a-1160"
            ecep:lem="he"
            ecep:pos="pns31"
            ecep:reg="he"
            ecep:spe="he"
            ecep:syllab="1"
            ecep:pron="hiː">he</w>
         <c> </c>
         <w xml:id="o5454-036020"
            n="22-a-1170"
            ecep:lem="reign"
            ecep:pos="vvz"
            ecep:reg="reigns"
            ecep:spe="reigns"
            ecep:syllab="1"
            ecep:pron="reɪnz">reigns</w>
         <c> </c>
         <w xml:id="o5454-036030"
            n="22-a-1180"
            ecep:lem="above"
            ecep:pos="a-acp"
            ecep:reg="above"
            ecep:spe="above"
            ecep:syllab="2"
            ecep:pron="əˈbʌv">above</w>
         <pc xml:id="o5454-036040"
             n="22-a-1190"
             ecep:lem=","
             ecep:pos=","
             ecep:reg=","
             ecep:spe=",">,</pc>
      </l>
      <l xml:id="o5454-l00990">
         <c> </c>
         <w xml:id="o5454-036050"
            n="22-a-1200"
            ecep:lem="he"
            ecep:pos="pns31"
            ecep:reg="He"
            ecep:spe="He"
            ecep:syllab="1"
            ecep:pron="hiː">He</w>
         <c> </c>
         <w xml:id="o5454-036060"
            n="22-a-1210"
            ecep:lem="send"
            ecep:pos="vvz"
            ecep:reg="sends"
            ecep:spe="sends"
            ecep:syllab="1"
            ecep:pron="sendz">sends</w>
         <c> </c>
         <w xml:id="o5454-036070"
            n="22-a-1220"
            ecep:lem="his"
            ecep:pos="po31"
            ecep:reg="his"
            ecep:spe="his"
            ecep:syllab="1"
            ecep:pron="hɪz">his</w>
         <c> </c>
         <w xml:id="o5454-036080"
            n="22-a-1230"
            ecep:lem="spirit"
            ecep:pos="n1"
            ecep:reg="Spirit"
            ecep:spe="Spirit"
            ecep:syllab="2"
            ecep:pron="ˈspɪrɪt">Spirit</w>
         <c> </c>
         <w xml:id="o5454-036090"
            n="22-a-1240"
            ecep:lem="down"
            ecep:pos="a-acp"
            ecep:reg="down"
            ecep:spe="down"
            ecep:syllab="1"
            ecep:pron="daʊn">down</w>
      </l>
      <l xml:id="o5454-l00995">
         <c> </c>
         <w xml:id="o5454-036100"
            n="22-a-1250"
            ecep:lem="to"
            ecep:pos="pc-acp"
            ecep:reg="To"
            ecep:spe="To"
            ecep:syllab="1"
            ecep:pron="tuː">To</w>
         <c> </c>
         <w xml:id="o5454-036110"
            n="22-a-1260"
            ecep:lem="show"
            ecep:pos="vvi"
            ecep:reg="show"
            ecep:spe="shew"
            ecep:syllab="1"
            ecep:pron="ʃəʊ">shew</w>
         <c> </c>
         <w xml:id="o5454-036120"
            n="22-a-1270"
            ecep:lem="the"
            ecep:pos="dt"
            ecep:reg="the"
            ecep:spe="the"
            ecep:syllab="1"
            ecep:pron="ðiː">the</w>
         <c> </c>
         <w xml:id="o5454-036130"
            n="22-a-1280"
            ecep:lem="wonder"
            ecep:pos="n2"
            ecep:reg="Wonders"
            ecep:spe="Wonders"
            ecep:syllab="2"
            ecep:pron="ˈwʌndəz">Wonders</w>
         <c> </c>
         <w xml:id="o5454-036140"
            n="22-a-1290"
            ecep:lem="of"
            ecep:pos="pp-f"
            ecep:reg="of"
            ecep:spe="of"
            ecep:syllab="1"
            ecep:pron="ɒv">of</w>
         <c> </c>
         <w xml:id="o5454-036150"
            n="22-a-1300"
            ecep:lem="his"
            ecep:pos="po31"
            ecep:reg="his"
            ecep:spe="his"
            ecep:syllab="1"
            ecep:pron="hɪz">his</w>
         <c> </c>
         <w xml:id="o5454-036160"
            n="22-a-1310"
            ecep:lem="love"
            ecep:pos="n1"
            ecep:reg="Love"
            ecep:spe="Love"
            ecep:syllab="1"
            ecep:pron="lʌv">Love</w>
         <pc xml:id="o5454-036170"
             n="22-a-1320"
             ecep:lem=","
             ecep:pos=","
             ecep:reg=","
             ecep:spe=",">,</pc>
      </l>
      <l xml:id="o5454-l01000">
         <c> </c>
         <w xml:id="o5454-036180"
            n="22-a-1330"
            ecep:lem="and"
            ecep:pos="cc"
            ecep:reg="And"
            ecep:spe="And"
            ecep:syllab="1"
            ecep:pron="ænd">And</w>
         <c> </c>
         <w xml:id="o5454-036190"
            n="22-a-1340"
            ecep:lem="make"
            ecep:pos="vvi"
            ecep:reg="make"
            ecep:spe="make"
            ecep:syllab="1"
            ecep:pron="meɪk">make</w>
         <c> </c>
         <w xml:id="o5454-036200"
            n="22-a-1350"
            ecep:lem="his"
            ecep:pos="po31"
            ecep:reg="his"
            ecep:spe="his"
            ecep:syllab="1"
            ecep:pron="hɪz">his</w>
         <c> </c>
         <w xml:id="o5454-036210"
            n="22-a-1360"
            ecep:lem="gospel"
            ecep:pos="n1"
            ecep:reg="Gospel"
            ecep:spe="Gospel"
            ecep:syllab="2"
            ecep:pron="ˈgɒspl">Gospel</w>
         <c> </c>
         <w xml:id="o5454-036220"
            n="22-a-1370"
            ecep:lem="know"
            ecep:pos="vvn"
            ecep:reg="known"
            ecep:spe="known"
            ecep:syllab="1"
            ecep:pron="nəʊn">known</w>
         <pc xml:id="o5454-036230"
             n="22-a-1380"
             unit="sentence"
             ecep:lem="."
             ecep:pos="."
             ecep:reg="."
             ecep:spe=".">.</pc>
         <c> </c>
      </l>
   </lg>
   <pb facs="23" n="13" rend="none"/>
   <lg n="7" xml:id="o5454-s00325">
      <head>
         <w xml:id="o5454-036270"
            n="23-a-0010"
            ecep:lem="vii"
            ecep:pos="crd"
            ecep:reg="VII"
            ecep:spe="VII"
            ecep:syllab="1"
            ecep:pron="rˌəʊmənsˈevən">VII</w>
         <pc xml:id="o5454-036280"
             n="23-a-0020"
             unit="sentence"
             ecep:lem="."
             ecep:pos="."
             ecep:reg="."
             ecep:spe=".">.</pc>
      </head>
      <l xml:id="o5454-l01005">
         <w xml:id="o5454-036300"
            n="23-a-0030"
            ecep:lem="o"
            ecep:pos="uh"
            ecep:reg="OH"
            ecep:spe="O"
            ecep:syllab="1"
            ecep:pron="əʊ">O</w>
         <c> </c>
         <w xml:id="o5454-036310"
            n="23-a-0040"
            ecep:lem="may"
            ecep:pos="vmb"
            ecep:reg="may"
            ecep:spe="may"
            ecep:syllab="1"
            ecep:pron="meɪ">may</w>
         <c> </c>
         <w xml:id="o5454-036320"
            n="23-a-0050"
            ecep:lem="that"
            ecep:pos="d"
            ecep:reg="that"
            ecep:spe="that"
            ecep:syllab="1"
            ecep:pron="ðæt">that</w>
         <c> </c>
         <w xml:id="o5454-036330"
            n="23-a-0060"
            ecep:lem="spirit"
            ecep:pos="n1"
            ecep:reg="Spirit"
            ecep:spe="Spirit"
            ecep:syllab="2"
            ecep:pron="ˈspɪrɪt">Spirit</w>
         <c> </c>
         <w xml:id="o5454-036340"
            n="23-a-0070"
            ecep:lem="teach"
            ecep:pos="vvi"
            ecep:reg="teach"
            ecep:spe="teach"
            ecep:syllab="1"
            ecep:pron="tiːtʃ">teach</w>
         <pc xml:id="o5454-036350"
             n="23-a-0080"
             ecep:lem=","
             ecep:pos=","
             ecep:reg=","
             ecep:spe=",">,</pc>
      </l>
      <l xml:id="o5454-l01010">
         <c> </c>
         <w xml:id="o5454-036360"
            n="23-a-0090"
            ecep:lem="and"
            ecep:pos="cc"
            ecep:reg="And"
            ecep:spe="And"
            ecep:syllab="1"
            ecep:pron="ænd">And</w>
         <c> </c>
         <w xml:id="o5454-036370"
            n="23-a-0100"
            ecep:lem="make"
            ecep:pos="vvi"
            ecep:reg="make"
            ecep:spe="make"
            ecep:syllab="1"
            ecep:pron="meɪk">make</w>
         <c> </c>
         <w xml:id="o5454-036380"
            n="23-a-0110"
            ecep:lem="my"
            ecep:pos="po11"
            ecep:reg="my"
            ecep:spe="my"
            ecep:syllab="1"
            ecep:pron="maɪ">my</w>
         <c> </c>
         <w xml:id="o5454-036390"
            n="23-a-0120"
            ecep:lem="heart"
            ecep:pos="n1"
            ecep:reg="Heart"
            ecep:spe="Heart"
            ecep:syllab="1"
            ecep:pron="hɑːt">Heart</w>
         <c> </c>
         <w xml:id="o5454-036400"
            n="23-a-0130"
            ecep:lem="receive"
            ecep:pos="vvi"
            ecep:reg="receive"
            ecep:spe="receive"
            ecep:syllab="2"
            ecep:pron="riˈsiːv">receive</w>
      </l>
      <l xml:id="o5454-l01015">
         <c> </c>
         <w xml:id="o5454-036410"
            n="23-a-0140"
            ecep:lem="those"
            ecep:pos="d"
            ecep:reg="Those"
            ecep:spe="Those"
            ecep:syllab="1"
            ecep:pron="ðəʊz">Those</w>
         <c> </c>
         <w xml:id="o5454-036420"
            n="23-a-0150"
            ecep:lem="truth"
            ecep:pos="n2"
            ecep:reg="Truths"
            ecep:spe="Truths"
            ecep:syllab="1"
            ecep:pron="truːðz">Truths</w>
         <c> </c>
         <w xml:id="o5454-036430"
            n="23-a-0160"
            ecep:lem="which"
            ecep:pos="r-crq"
            ecep:reg="which"
            ecep:spe="which"
            ecep:syllab="1"
            ecep:pron="wɪtʃ">which</w>
         <c> </c>
         <w xml:id="o5454-036440"
            n="23-a-0170"
            ecep:lem="all"
            ecep:pos="d"
            ecep:reg="all"
            ecep:spe="all"
            ecep:syllab="1"
            ecep:pron="ɔːl">all</w>
         <c> </c>
         <w xml:id="o5454-036450"
            n="23-a-0180"
            ecep:lem="thy"
            ecep:pos="po21"
            ecep:reg="thy"
            ecep:spe="thy"
            ecep:syllab="1"
            ecep:pron="ðaɪ">thy</w>
         <c> </c>
         <w xml:id="o5454-036460"
            n="23-a-0190"
            ecep:lem="servant"
            ecep:pos="n2"
            ecep:reg="Servants"
            ecep:spe="Servants"
            ecep:syllab="2"
            ecep:pron="ˈsɜːvnts">Servants</w>
         <c> </c>
         <w xml:id="o5454-036470"
            n="23-a-0200"
            ecep:lem="preach"
            ecep:pos="vvi"
            ecep:reg="preach"
            ecep:spe="preach"
            ecep:syllab="1"
            ecep:pron="priːtʃ">preach</w>
      </l>
      <l xml:id="o5454-l01020">
         <c> </c>
         <w xml:id="o5454-036480"
            n="23-a-0210"
            ecep:lem="and"
            ecep:pos="cc"
            ecep:reg="And"
            ecep:spe="And"
            ecep:syllab="1"
            ecep:pron="ænd">And</w>
         <c> </c>
         <w xml:id="o5454-036490"
            n="23-a-0220"
            ecep:lem="all"
            ecep:pos="d"
            ecep:reg="all"
            ecep:spe="all"
            ecep:syllab="1"
            ecep:pron="ɔːl">all</w>
         <c> </c>
         <w xml:id="o5454-036500"
            n="23-a-0230"
            ecep:lem="thy"
            ecep:pos="po21"
            ecep:reg="thy"
            ecep:spe="thy"
            ecep:syllab="1"
            ecep:pron="ðaɪ">thy</w>
         <c> </c>
         <w xml:id="o5454-036510"
            n="23-a-0240"
            ecep:lem="saint"
            ecep:pos="n2"
            ecep:reg="Saints"
            ecep:spe="Saints"
            ecep:syllab="1"
            ecep:pron="seɪnts">Saints</w>
         <c> </c>
         <w xml:id="o5454-036520"
            n="23-a-0250"
            ecep:lem="believe"
            ecep:pos="vvb"
            ecep:reg="believe"
            ecep:spe="believe"
            ecep:syllab="2"
            ecep:pron="biˈliːv">believe</w>
         <pc xml:id="o5454-036530"
             n="23-a-0260"
             unit="sentence"
             ecep:lem="."
             ecep:pos="."
             ecep:reg="."
             ecep:spe=".">.</pc>
         <c> </c>
      </l>
   </lg>
   <lg n="8" xml:id="o5454-s00330">
      <head>
         <w xml:id="o5454-036570"
            n="23-a-0270"
            ecep:lem="viii"
            ecep:pos="crd"
            ecep:reg="VIII"
            ecep:spe="VIII"
            ecep:syllab="1"
            ecep:pron="rˌəʊmənˈeɪt">VIII</w>
         <pc xml:id="o5454-036580"
             n="23-a-0280"
             unit="sentence"
             ecep:lem="."
             ecep:pos="."
             ecep:reg="."
             ecep:spe=".">.</pc>
      </head>
      <l xml:id="o5454-l01025">
         <w xml:id="o5454-036600"
            n="23-a-0290"
            ecep:lem="then"
            ecep:pos="av"
            ecep:reg="Then"
            ecep:spe="Then"
            ecep:syllab="1"
            ecep:pron="ðen">Then</w>
         <c> </c>
         <w xml:id="o5454-036610"
            n="23-a-0300"
            ecep:lem="shall"
            ecep:pos="vmb"
            ecep:reg="shall"
            ecep:spe="shall"
            ecep:syllab="1"
            ecep:pron="ʃæl">shall</w>
         <c> </c>
         <w xml:id="o5454-036620"
            n="23-a-0310"
            ecep:lem="i"
            ecep:pos="pns11"
            ecep:reg="I"
            ecep:spe="I"
            ecep:syllab="1"
            ecep:pron="aɪ">I</w>
         <c> </c>
         <w xml:id="o5454-036630"
            n="23-a-0320"
            ecep:lem="praise"
            ecep:pos="vvi"
            ecep:reg="praise"
            ecep:spe="praise"
            ecep:syllab="1"
            ecep:pron="preɪz">praise</w>
         <c> </c>
         <w xml:id="o5454-036640"
            n="23-a-0330"
            ecep:lem="the"
            ecep:pos="dt"
            ecep:reg="the"
            ecep:spe="the"
            ecep:syllab="1"
            ecep:pron="ðiː">the</w>
         <c> </c>
         <w xml:id="o5454-036650"
            n="23-a-0340"
            ecep:lem="lord"
            ecep:pos="n1"
            ecep:reg="LORD"
            ecep:spe="LORD"
            ecep:syllab="1"
            ecep:pron="lɔːd">LORD</w>
      </l>
      <l xml:id="o5454-l01030">
         <c> </c>
         <w xml:id="o5454-036660"
            n="23-a-0350"
            ecep:lem="in"
            ecep:pos="p-acp"
            ecep:reg="In"
            ecep:spe="In"
            ecep:syllab="1"
            ecep:pron="ɪn">In</w>
         <c> </c>
         <w xml:id="o5454-036670"
            n="23-a-0360"
            ecep:lem="a"
            ecep:pos="dt"
            ecep:reg="a"
            ecep:spe="a"
            ecep:syllab="1"
            ecep:pron="ə">a</w>
         <c> </c>
         <w xml:id="o5454-036680"
            n="23-a-0370"
            ecep:lem="more"
            ecep:pos="av-dc"
            ecep:reg="more"
            ecep:spe="more"
            ecep:syllab="1"
            ecep:pron="mɔː">more</w>
         <c> </c>
         <w xml:id="o5454-036690"
            n="23-a-0380"
            ecep:lem="cheerful"
            ecep:pos="j"
            ecep:reg="cheerful"
            ecep:spe="chearful"
            ecep:syllab="2"
            ecep:pron="ˈtʃɪəfl">chearful</w>
         <c> </c>
         <w xml:id="o5454-036700"
            n="23-a-0390"
            ecep:lem="strain"
            ecep:pos="n1"
            ecep:reg="Strain"
            ecep:spe="Strain"
            ecep:syllab="1"
            ecep:pron="streɪn">Strain</w>
         <pc xml:id="o5454-036710"
             n="23-a-0400"
             ecep:lem=","
             ecep:pos=","
             ecep:reg=","
             ecep:spe=",">,</pc>
      </l>
      <l xml:id="o5454-l01035">
         <c> </c>
         <w xml:id="o5454-036720"
            n="23-a-0410"
            ecep:lem="that"
            ecep:pos="cst"
            ecep:reg="That"
            ecep:spe="That"
            ecep:syllab="1"
            ecep:pron="ðæt">That</w>
         <c> </c>
         <w xml:id="o5454-036730"
            n="23-a-0420"
            ecep:lem="i"
            ecep:pos="pns11"
            ecep:reg="I"
            ecep:spe="I"
            ecep:syllab="1"
            ecep:pron="aɪ">I</w>
         <c> </c>
         <w xml:id="o5454-036740"
            n="23-a-0430"
            ecep:lem="be"
            ecep:pos="vbds"
            ecep:reg="was"
            ecep:spe="was"
            ecep:syllab="1"
            ecep:pron="wɒz">was</w>
         <c> </c>
         <w xml:id="o5454-036750"
            n="23-a-0440"
            ecep:lem="teach"
            ecep:pos="vvn"
            ecep:reg="taught"
            ecep:spe="taught"
            ecep:syllab="1"
            ecep:pron="tɔːt">taught</w>
         <c> </c>
         <w xml:id="o5454-036760"
            n="23-a-0450"
            ecep:lem="to"
            ecep:pos="pc-acp"
            ecep:reg="to"
            ecep:spe="to"
            ecep:syllab="1"
            ecep:pron="tuː">to</w>
         <c> </c>
         <w xml:id="o5454-036770"
            n="23-a-0460"
            ecep:lem="read"
            ecep:pos="vvi"
            ecep:reg="read"
            ecep:spe="read"
            ecep:syllab="1"
            ecep:pron="riːd">read</w>
         <c> </c>
         <w xml:id="o5454-036780"
            n="23-a-0470"
            ecep:lem="his"
            ecep:pos="po31"
            ecep:reg="his"
            ecep:spe="his"
            ecep:syllab="1"
            ecep:pron="hɪz">his</w>
         <c> </c>
         <w xml:id="o5454-036790"
            n="23-a-0480"
            ecep:lem="word"
            ecep:pos="n1"
            ecep:reg="Word"
            ecep:spe="Word"
            ecep:syllab="1"
            ecep:pron="wɜːd">Word</w>
         <pc xml:id="o5454-036800"
             n="23-a-0490"
             ecep:lem=","
             ecep:pos=","
             ecep:reg=","
             ecep:spe=",">,</pc>
      </l>
      <l xml:id="o5454-l01040">
         <c> </c>
         <w xml:id="o5454-036810"
            n="23-a-0500"
            ecep:lem="and"
            ecep:pos="cc"
            ecep:reg="And"
            ecep:spe="And"
            ecep:syllab="1"
            ecep:pron="ænd">And</w>
         <c> </c>
         <w xml:id="o5454-036820"
            n="23-a-0510"
            ecep:lem="have"
            ecep:pos="vhb"
            ecep:reg="have"
            ecep:spe="have"
            ecep:syllab="1"
            ecep:pron="hæv">have</w>
         <c> </c>
         <w xml:id="o5454-036830"
            n="23-a-0520"
            ecep:lem="not"
            ecep:pos="xx"
            ecep:reg="not"
            ecep:spe="not"
            ecep:syllab="1"
            ecep:pron="ˈdɪdnt">not</w>
         <c> </c>
         <w xml:id="o5454-036840"
            n="23-a-0530"
            ecep:lem="learn"
            ecep:pos="vvn"
            ecep:reg="learnt"
            ecep:spe="learnt"
            ecep:syllab="1"
            ecep:pron="lɜːnt">learnt</w>
         <c> </c>
         <w xml:id="o5454-036850"
            n="23-a-0540"
            ecep:lem="in"
            ecep:pos="p-acp"
            ecep:reg="in"
            ecep:spe="in"
            ecep:syllab="1"
            ecep:pron="ɪn">in</w>
         <c> </c>
         <w xml:id="o5454-036860"
            n="23-a-0550"
            ecep:lem="vain"
            ecep:pos="j"
            ecep:reg="vain"
            ecep:spe="vain"
            ecep:syllab="1"
            ecep:pron="veɪn">vain</w>
         <pc xml:id="o5454-036870"
             n="23-a-0560"
             unit="sentence"
             ecep:lem="."
             ecep:pos="."
             ecep:reg="."
             ecep:spe=".">.</pc>
         <c> </c>
      </l>
   </lg>
</div>
