<?xml version="1.0" encoding="utf-8"?>
<!DOCTYPE div
  SYSTEM "about:legacy-compat">
<div xmlns:ecep="http://www.eighteenthcenturypoetry.org/ns"
     xmlns="http://www.tei-c.org/ns/1.0"
     xmlns:tei="http://www.tei-c.org/ns/1.0"
     ana="#iamb #tetrameter #quatrain #cross #song"
     corresp="#txt_WattIs1674_w0092"
     decls="#semi-normalized"
     ecep:syllab="8.8.8.8"
     met="-+|-+|-+|-+/ -+|-+|-+|-+/ -+|-+|-+|-+/ -+|-+|-+|-+/"
     n="22"
     rendition="#lgvspace"
     rhyme="abab"
     subtype="eceptext"
     type="song"
     xml:id="o5454-w0220">
   <link target="authors.xml#aut_WattIs1674" type="author"/>
   <head type="main">
      <w xml:id="o5454-063420"
         n="41-a-0330"
         ecep:lem="song"
         ecep:pos="n1"
         ecep:reg="SONG"
         ecep:spe="SONG"
         ecep:syllab="1"
         ecep:pron="sɒŋ">SONG</w>
      <c> </c>
      <w xml:id="o5454-063430"
         n="41-a-0340"
         ecep:lem="xxii"
         ecep:pos="crd"
         ecep:reg="XXII"
         ecep:spe="XXII"
         ecep:syllab="2"
         ecep:pron="rˌəʊməntwˈentitˈuː">XXII</w>
      <pc xml:id="o5454-063440"
          n="41-a-0350"
          unit="sentence"
          ecep:lem="."
          ecep:pos="."
          ecep:reg="."
          ecep:spe=".">.</pc>
   </head>
   <head type="sub">
      <w xml:id="o5454-063470"
         n="41-a-0360"
         ecep:lem="against"
         ecep:pos="p-acp"
         ecep:reg="Against"
         ecep:spe="Against"
         ecep:syllab="2"
         ecep:pron="əˈgenst">Against</w>
      <c> </c>
      <w xml:id="o5454-063480"
         n="41-a-0370"
         ecep:lem="pride"
         ecep:pos="n1"
         ecep:reg="Pride"
         ecep:spe="Pride"
         ecep:syllab="1"
         ecep:pron="praɪd">Pride</w>
      <c> </c>
      <w xml:id="o5454-063490"
         n="41-a-0380"
         ecep:lem="in"
         ecep:pos="p-acp"
         ecep:reg="in"
         ecep:spe="in"
         ecep:syllab="1"
         ecep:pron="ɪn">in</w>
      <c> </c>
      <w xml:id="o5454-063500"
         n="41-a-0390"
         ecep:lem="clothes"
         ecep:pos="n2"
         ecep:reg="Clothes"
         ecep:spe="Clothes"
         ecep:syllab="1"
         ecep:pron="kləʊðz">Clothes</w>
      <pc xml:id="o5454-063510"
          n="41-a-0400"
          unit="sentence"
          ecep:lem="."
          ecep:pos="."
          ecep:reg="."
          ecep:spe=".">.</pc>
   </head>
   <lg n="1" xml:id="o5454-s00695">
      <head>
         <w xml:id="o5454-063550"
            n="41-a-0410"
            ecep:lem="i"
            ecep:pos="pns11"
            ecep:reg="I"
            ecep:spe="I."
            ecep:syllab="1"
            ecep:pron="ˈaɪ">I.</w>
         <pc unit="sentence" xml:id="o5454-063550-eos" n="41-a-0420"/>
      </head>
      <l xml:id="o5454-l02485">
         <w xml:id="o5454-063570"
            n="41-a-0430"
            ecep:lem="why"
            ecep:pos="uh-crq"
            ecep:reg="WHY"
            ecep:spe="WHY"
            ecep:syllab="1"
            ecep:pron="waɪ">WHY</w>
         <c> </c>
         <w xml:id="o5454-063580"
            n="41-a-0440"
            ecep:lem="shall"
            ecep:pos="vmd"
            ecep:reg="should"
            ecep:spe="should"
            ecep:syllab="1"
            ecep:pron="ʃʊd">should</w>
         <c> </c>
         <w xml:id="o5454-063590"
            n="41-a-0450"
            ecep:lem="our"
            ecep:pos="po12"
            ecep:reg="our"
            ecep:spe="our"
            ecep:syllab="2"
            ecep:pron="aʊə">our</w>
         <c> </c>
         <w xml:id="o5454-063600"
            n="41-a-0460"
            ecep:lem="garment"
            ecep:pos="n2"
            ecep:reg="Garments"
            ecep:spe="Garments"
            ecep:syllab="2"
            ecep:pron="ˈgɑːmənts">Garments</w>
         <pc xml:id="o5454-063610"
             n="41-a-0470"
             ecep:lem=","
             ecep:pos=","
             ecep:reg=","
             ecep:spe=",">,</pc>
         <c> </c>
         <w xml:id="o5454-063620"
            n="41-a-0480"
            ecep:lem="make"
            ecep:pos="vvd"
            ecep:reg="made"
            ecep:spe="made"
            ecep:syllab="1"
            ecep:pron="meɪd">made</w>
         <c> </c>
         <w xml:id="o5454-063630"
            n="41-a-0490"
            ecep:lem="to"
            ecep:pos="pc-acp"
            ecep:reg="to"
            ecep:spe="to"
            ecep:syllab="1"
            ecep:pron="tuː">to</w>
         <c> </c>
         <w xml:id="o5454-063640"
            n="41-a-0500"
            ecep:lem="hide"
            ecep:pos="vvi"
            ecep:reg="hide"
            ecep:spe="hide"
            ecep:syllab="1"
            ecep:pron="haɪd">hide</w>
      </l>
      <l xml:id="o5454-l02490">
         <c> </c>
         <w xml:id="o5454-063650"
            n="41-a-0510"
            ecep:lem="our"
            ecep:pos="po12"
            ecep:reg="Our"
            ecep:spe="Our"
            ecep:syllab="2"
            ecep:pron="aʊə">Our</w>
         <c> </c>
         <w xml:id="o5454-063660"
            n="41-a-0520"
            ecep:lem="parent"
            ecep:pos="n2"
            ecep:reg="Parents"
            ecep:spe="Parents"
            ecep:syllab="2"
            ecep:pron="ˈpeərənts">Parents</w>
         <c> </c>
         <w xml:id="o5454-063670"
            n="41-a-0530"
            ecep:lem="shame"
            ecep:pos="vvb"
            ecep:reg="Shame"
            ecep:spe="Shame"
            ecep:syllab="1"
            ecep:pron="ʃeɪm">Shame</w>
         <pc xml:id="o5454-063680"
             n="41-a-0540"
             ecep:lem=","
             ecep:pos=","
             ecep:reg=","
             ecep:spe=",">,</pc>
         <c> </c>
         <w xml:id="o5454-063690"
            n="41-a-0550"
            ecep:lem="provoke"
            ecep:pos="vvb"
            ecep:reg="provoke"
            ecep:spe="provoke"
            ecep:syllab="2"
            ecep:pron="prəˈvəʊk">provoke</w>
         <c> </c>
         <w xml:id="o5454-063700"
            n="41-a-0560"
            ecep:lem="our"
            ecep:pos="po12"
            ecep:reg="our"
            ecep:spe="our"
            ecep:syllab="2"
            ecep:pron="aʊə">our</w>
         <c> </c>
         <w xml:id="o5454-063710"
            n="41-a-0570"
            ecep:lem="pride"
            ecep:pos="n1"
            ecep:reg="Pride"
            ecep:spe="Pride"
            ecep:syllab="1"
            ecep:pron="praɪd">Pride</w>
         <pc xml:id="o5454-063720"
             n="41-a-0580"
             unit="sentence"
             ecep:lem="?"
             ecep:pos="?"
             ecep:reg="?"
             ecep:spe="?">?</pc>
         <c> </c>
      </l>
      <l xml:id="o5454-l02495">
         <w xml:id="o5454-063730"
            n="41-a-0590"
            ecep:lem="the"
            ecep:pos="dt"
            ecep:reg="The"
            ecep:spe="The"
            ecep:syllab="1"
            ecep:pron="ðə">The</w>
         <c> </c>
         <w xml:id="o5454-063740"
            n="41-a-0600"
            ecep:lem="art"
            ecep:pos="n1"
            ecep:reg="Art"
            ecep:spe="Art"
            ecep:syllab="1"
            ecep:pron="ɑːt">Art</w>
         <c> </c>
         <w xml:id="o5454-063750"
            n="41-a-0610"
            ecep:lem="of"
            ecep:pos="pp-f"
            ecep:reg="of"
            ecep:spe="of"
            ecep:syllab="1"
            ecep:pron="ɒv">of</w>
         <c> </c>
         <w xml:id="o5454-063760"
            n="41-a-0620"
            ecep:lem="dress"
            ecep:pos="n1"
            ecep:reg="Dress"
            ecep:spe="Dress"
            ecep:syllab="1"
            ecep:pron="dres">Dress</w>
         <c> </c>
         <w xml:id="o5454-063770"
            n="41-a-0630"
            ecep:lem="do"
            ecep:pos="vdd"
            ecep:reg="did"
            ecep:spe="did"
            ecep:syllab="1"
            ecep:pron="dɪd">did</w>
         <c> </c>
         <w xml:id="o5454-063780"
            n="41-a-0640"
            ecep:lem="never"
            ecep:pos="av-x"
            ecep:reg="never"
            ecep:spe="ne'er"
            ecep:syllab="1"
            ecep:pron="neə">ne'er</w>
         <c> </c>
         <w xml:id="o5454-063790"
            n="41-a-0650"
            ecep:lem="begin"
            ecep:pos="vvi"
            ecep:reg="begin"
            ecep:spe="begin"
            ecep:syllab="2"
            ecep:pron="bɪˈgɪn">begin</w>
         <pc xml:id="o5454-063800"
             n="41-a-0660"
             ecep:lem=","
             ecep:pos=","
             ecep:reg=","
             ecep:spe=",">,</pc>
      </l>
      <l xml:id="o5454-l02500">
         <c> </c>
         <w xml:id="o5454-063810"
            n="41-a-0670"
            ecep:lem="till"
            ecep:pos="c-acp"
            ecep:reg="Till"
            ecep:spe="Till"
            ecep:syllab="1"
            ecep:pron="tɪl">Till</w>
         <c> </c>
         <w xml:id="o5454-063820"
            n="41-a-0680"
            ecep:lem="eve"
            ecep:pos="n1"
            ecep:reg="EVE"
            ecep:spe="EVE"
            ecep:syllab="1"
            ecep:pron="iːv">EVE</w>
         <c> </c>
         <w xml:id="o5454-063830"
            n="41-a-0690"
            ecep:lem="our"
            ecep:pos="po12"
            ecep:reg="our"
            ecep:spe="our"
            ecep:syllab="2"
            ecep:pron="aʊə">our</w>
         <c> </c>
         <w xml:id="o5454-063840"
            n="41-a-0700"
            ecep:lem="mother"
            ecep:pos="n1"
            ecep:reg="Mother"
            ecep:spe="Mother"
            ecep:syllab="2"
            ecep:pron="ˈmʌðə">Mother</w>
         <c> </c>
         <w xml:id="o5454-063850"
            n="41-a-0710"
            ecep:lem="learn"
            ecep:pos="vvn"
            ecep:reg="learnt"
            ecep:spe="learnt"
            ecep:syllab="1"
            ecep:pron="lɜːnt">learnt</w>
         <c> </c>
         <w xml:id="o5454-063860"
            n="41-a-0720"
            ecep:lem="to"
            ecep:pos="p-acp"
            ecep:reg="to"
            ecep:spe="to"
            ecep:syllab="1"
            ecep:pron="tuː">to</w>
         <c> </c>
         <w xml:id="o5454-063870"
            n="41-a-0730"
            ecep:lem="sin"
            ecep:pos="n1"
            ecep:reg="sin"
            ecep:spe="sin"
            ecep:syllab="1"
            ecep:pron="sɪn">sin</w>
         <pc xml:id="o5454-063880"
             n="41-a-0740"
             unit="sentence"
             ecep:lem="."
             ecep:pos="."
             ecep:reg="."
             ecep:spe=".">.</pc>
         <c> </c>
      </l>
   </lg>
   <lg n="2" xml:id="o5454-s00700">
      <head>
         <w xml:id="o5454-063920"
            n="41-a-0750"
            ecep:lem="ii"
            ecep:pos="crd"
            ecep:reg="II"
            ecep:spe="II"
            ecep:syllab="1"
            ecep:pron="rˌəʊməntˈuː">II</w>
         <pc xml:id="o5454-063930"
             n="41-a-0760"
             unit="sentence"
             ecep:lem="."
             ecep:pos="."
             ecep:reg="."
             ecep:spe=".">.</pc>
      </head>
      <l xml:id="o5454-l02505">
         <w xml:id="o5454-063950"
            n="41-a-0770"
            ecep:lem="when"
            ecep:pos="c-crq"
            ecep:reg="When"
            ecep:spe="When"
            ecep:syllab="1"
            ecep:pron="wen">When</w>
         <c> </c>
         <w xml:id="o5454-063960"
            n="41-a-0780"
            ecep:lem="first"
            ecep:pos="ord"
            ecep:reg="first"
            ecep:spe="first"
            ecep:syllab="1"
            ecep:pron="fɜːst">first</w>
         <c> </c>
         <w xml:id="o5454-063970"
            n="41-a-0790"
            ecep:lem="she"
            ecep:pos="pns31"
            ecep:reg="she"
            ecep:spe="she"
            ecep:syllab="1"
            ecep:pron="ʃiː">she</w>
         <c> </c>
         <w xml:id="o5454-063980"
            n="41-a-0800"
            ecep:lem="put"
            ecep:pos="vvd"
            ecep:reg="put"
            ecep:spe="put"
            ecep:syllab="1"
            ecep:pron="pʊt">put</w>
         <c> </c>
         <w xml:id="o5454-063990"
            n="41-a-0810"
            ecep:lem="the"
            ecep:pos="dt"
            ecep:reg="the"
            ecep:spe="the"
            ecep:syllab="1"
            ecep:pron="ðə">the</w>
         <c> </c>
         <w xml:id="o5454-064000"
            n="41-a-0820"
            ecep:lem="cover"
            ecep:pos="vvg"
            ecep:reg="Covering"
            ecep:spe="Cov'ring"
            ecep:syllab="2"
            ecep:pron="kˈɒvrɪŋ">Cov'ring</w>
         <c> </c>
         <w xml:id="o5454-064010"
            n="41-a-0830"
            ecep:lem="on"
            ecep:pos="a-acp"
            ecep:reg="on"
            ecep:spe="on"
            ecep:syllab="1"
            ecep:pron="ɒn">on</w>
         <pc xml:id="o5454-064020"
             n="41-a-0840"
             ecep:lem=","
             ecep:pos=","
             ecep:reg=","
             ecep:spe=",">,</pc>
      </l>
      <l xml:id="o5454-l02510">
         <c> </c>
         <w xml:id="o5454-064030"
            n="41-a-0850"
            ecep:lem="her"
            ecep:pos="po31"
            ecep:reg="Her"
            ecep:spe="Her"
            ecep:syllab="1"
            ecep:pron="hɜː">Her</w>
         <c> </c>
         <w xml:id="o5454-064040"
            n="41-a-0860"
            ecep:lem="robe"
            ecep:pos="n1"
            ecep:reg="Robe"
            ecep:spe="Robe"
            ecep:syllab="1"
            ecep:pron="rəʊb">Robe</w>
         <c> </c>
         <w xml:id="o5454-064050"
            n="41-a-0870"
            ecep:lem="of"
            ecep:pos="pp-f"
            ecep:reg="of"
            ecep:spe="of"
            ecep:syllab="1"
            ecep:pron="ɒv">of</w>
         <c> </c>
         <w xml:id="o5454-064060"
            n="41-a-0880"
            ecep:lem="innocence"
            ecep:pos="n1"
            ecep:reg="Innocence"
            ecep:spe="Innocence"
            ecep:syllab="3"
            ecep:pron="ˈɪnəsəns">Innocence</w>
         <c> </c>
         <w xml:id="o5454-064070"
            n="41-a-0890"
            ecep:lem="be"
            ecep:pos="vbds"
            ecep:reg="was"
            ecep:spe="was"
            ecep:syllab="1"
            ecep:pron="wɒz">was</w>
         <c> </c>
         <w xml:id="o5454-064080"
            n="41-a-0900"
            ecep:lem="go"
            ecep:pos="vvn"
            ecep:reg="gone"
            ecep:spe="gone"
            ecep:syllab="1"
            ecep:pron="gɒn">gone</w>
         <pc xml:id="o5454-064090"
             n="41-a-0910"
             ecep:lem=";"
             ecep:pos=";"
             ecep:reg=";"
             ecep:spe=";">;</pc>
      </l>
      <l xml:id="o5454-l02515">
         <c> </c>
         <w xml:id="o5454-064100"
            n="41-a-0920"
            ecep:lem="and"
            ecep:pos="cc"
            ecep:reg="And"
            ecep:spe="And"
            ecep:syllab="1"
            ecep:pron="ænd">And</w>
         <c> </c>
         <w xml:id="o5454-064110"
            n="41-a-0930"
            ecep:lem="yet"
            ecep:pos="av"
            ecep:reg="yet"
            ecep:spe="yet"
            ecep:syllab="1"
            ecep:pron="jet">yet</w>
         <c> </c>
         <w xml:id="o5454-064120"
            n="41-a-0940"
            ecep:lem="her"
            ecep:pos="po31"
            ecep:reg="her"
            ecep:spe="her"
            ecep:syllab="1"
            ecep:pron="hɜː">her</w>
         <c> </c>
         <w xml:id="o5454-064130"
            n="41-a-0950"
            ecep:lem="child"
            ecep:pos="n2"
            ecep:reg="Children"
            ecep:spe="Children"
            ecep:syllab="2"
            ecep:pron="ˈtʃɪldrən">Children</w>
         <c> </c>
         <w xml:id="o5454-064140"
            n="41-a-0960"
            ecep:lem="vain"
            ecep:pos="av-j"
            ecep:reg="vainly"
            ecep:spe="vainly"
            ecep:syllab="2"
            ecep:pron="ˈveɪnlɪ">vainly</w>
         <c> </c>
         <w xml:id="o5454-064150"
            n="41-a-0970"
            ecep:lem="boast"
            ecep:pos="vvi"
            ecep:reg="boast"
            ecep:spe="boast"
            ecep:syllab="1"
            ecep:pron="bəʊst">boast</w>
      </l>
      <l xml:id="o5454-l02520">
         <c> </c>
         <w xml:id="o5454-064160"
            n="41-a-0980"
            ecep:lem="in"
            ecep:pos="p-acp"
            ecep:reg="In"
            ecep:spe="In"
            ecep:syllab="1"
            ecep:pron="ɪn">In</w>
         <c> </c>
         <w xml:id="o5454-064170"
            n="41-a-0990"
            ecep:lem="the"
            ecep:pos="dt"
            ecep:reg="the"
            ecep:spe="the"
            ecep:syllab="1"
            ecep:pron="ðə">the</w>
         <c> </c>
         <w xml:id="o5454-064180"
            n="41-a-1000"
            ecep:lem="sad"
            ecep:pos="j"
            ecep:reg="sad"
            ecep:spe="sad"
            ecep:syllab="1"
            ecep:pron="sæd">sad</w>
         <c> </c>
         <w xml:id="o5454-064190"
            n="41-a-1010"
            ecep:lem="mark"
            ecep:pos="n2"
            ecep:reg="Marks"
            ecep:spe="Marks"
            ecep:syllab="1"
            ecep:pron="mɑːks">Marks</w>
         <c> </c>
         <w xml:id="o5454-064200"
            n="41-a-1020"
            ecep:lem="of"
            ecep:pos="pp-f"
            ecep:reg="of"
            ecep:spe="of"
            ecep:syllab="1"
            ecep:pron="ɒv">of</w>
         <c> </c>
         <w xml:id="o5454-064210"
            n="41-a-1030"
            ecep:lem="glory"
            ecep:pos="n1"
            ecep:reg="Glory"
            ecep:spe="Glory"
            ecep:syllab="2"
            ecep:pron="ˈglɔːrɪ">Glory</w>
         <c> </c>
         <w xml:id="o5454-064220"
            n="41-a-1040"
            ecep:lem="lose"
            ecep:pos="vvn"
            ecep:reg="lost"
            ecep:spe="lost"
            ecep:syllab="1"
            ecep:pron="lɒst">lost</w>
         <pc xml:id="o5454-064230"
             n="41-a-1050"
             unit="sentence"
             ecep:lem="."
             ecep:pos="."
             ecep:reg="."
             ecep:spe=".">.</pc>
         <c> </c>
      </l>
   </lg>
   <lg n="3" xml:id="o5454-s00705">
      <head>
         <w xml:id="o5454-064270"
            n="41-a-1060"
            ecep:lem="iii"
            ecep:pos="crd"
            ecep:reg="III"
            ecep:spe="III"
            ecep:syllab="1"
            ecep:pron="rˌəʊmənθrˈiː">III</w>
         <pc xml:id="o5454-064280"
             n="41-a-1070"
             unit="sentence"
             ecep:lem="."
             ecep:pos="."
             ecep:reg="."
             ecep:spe=".">.</pc>
      </head>
      <l xml:id="o5454-l02525">
         <w xml:id="o5454-064300"
            n="41-a-1080"
            ecep:lem="how"
            ecep:pos="q-crq"
            ecep:reg="How"
            ecep:spe="How"
            ecep:syllab="1"
            ecep:pron="haʊ">How</w>
         <c> </c>
         <w xml:id="o5454-064310"
            n="41-a-1090"
            ecep:lem="proud"
            ecep:pos="j"
            ecep:reg="proud"
            ecep:spe="proud"
            ecep:syllab="1"
            ecep:pron="praʊd">proud</w>
         <c> </c>
         <w xml:id="o5454-064320"
            n="41-a-1100"
            ecep:lem="we"
            ecep:pos="pns12"
            ecep:reg="we"
            ecep:spe="we"
            ecep:syllab="1"
            ecep:pron="wiː">we</w>
         <c> </c>
         <w xml:id="o5454-064330"
            n="41-a-1110"
            ecep:lem="be"
            ecep:pos="vbr"
            ecep:reg="are"
            ecep:spe="are"
            ecep:syllab="1"
            ecep:pron="ɑː">are</w>
         <pc xml:id="o5454-064340"
             n="41-a-1120"
             ecep:lem="!"
             ecep:pos="!"
             ecep:reg="!"
             ecep:spe="!">!</pc>
         <c> </c>
         <w xml:id="o5454-064350"
            n="41-a-1130"
            ecep:lem="how"
            ecep:pos="c-crq"
            ecep:reg="how"
            ecep:spe="how"
            ecep:syllab="1"
            ecep:pron="haʊ">how</w>
         <c> </c>
         <w xml:id="o5454-064360"
            n="41-a-1140"
            ecep:lem="fond"
            ecep:pos="j"
            ecep:reg="fond"
            ecep:spe="fond"
            ecep:syllab="1"
            ecep:pron="fɒnd">fond</w>
         <c> </c>
         <w xml:id="o5454-064370"
            n="41-a-1150"
            ecep:lem="to"
            ecep:pos="pc-acp"
            ecep:reg="to"
            ecep:spe="to"
            ecep:syllab="1"
            ecep:pron="tuː">to</w>
         <c> </c>
         <w xml:id="o5454-064380"
            n="41-a-1160"
            ecep:lem="show"
            ecep:pos="vvi"
            ecep:reg="show"
            ecep:spe="shew"
            ecep:syllab="1"
            ecep:pron="ʃəʊ">shew</w>
      </l>
      <l xml:id="o5454-l02530">
         <c> </c>
         <w xml:id="o5454-064390"
            n="41-a-1170"
            ecep:lem="our"
            ecep:pos="po12"
            ecep:reg="Our"
            ecep:spe="Our"
            ecep:syllab="2"
            ecep:pron="aʊə">Our</w>
         <c> </c>
         <w xml:id="o5454-064400"
            n="41-a-1180"
            ecep:lem="clothes"
            ecep:pos="n2"
            ecep:reg="Clothes"
            ecep:spe="Clothes"
            ecep:syllab="1"
            ecep:pron="kləʊðz">Clothes</w>
         <pc xml:id="o5454-064410"
             n="41-a-1190"
             ecep:lem=","
             ecep:pos=","
             ecep:reg=","
             ecep:spe=",">,</pc>
         <c> </c>
         <w xml:id="o5454-064420"
            n="41-a-1200"
            ecep:lem="and"
            ecep:pos="cc"
            ecep:reg="and"
            ecep:spe="and"
            ecep:syllab="1"
            ecep:pron="ænd">and</w>
         <c> </c>
         <w xml:id="o5454-064430"
            n="41-a-1210"
            ecep:lem="call"
            ecep:pos="vvi"
            ecep:reg="call"
            ecep:spe="call"
            ecep:syllab="1"
            ecep:pron="kɔːl">call</w>
         <c> </c>
         <w xml:id="o5454-064440"
            n="41-a-1220"
            ecep:lem="they"
            ecep:pos="pno32"
            ecep:reg="them"
            ecep:spe="them"
            ecep:syllab="1"
            ecep:pron="ðem">them</w>
         <c> </c>
         <w xml:id="o5454-064450"
            n="41-a-1230"
            ecep:lem="rich"
            ecep:pos="j"
            ecep:reg="rich"
            ecep:spe="rich"
            ecep:syllab="1"
            ecep:pron="rɪtʃ">rich</w>
         <c> </c>
         <w xml:id="o5454-064460"
            n="41-a-1240"
            ecep:lem="and"
            ecep:pos="cc"
            ecep:reg="and"
            ecep:spe="and"
            ecep:syllab="1"
            ecep:pron="ænd">and</w>
         <c> </c>
         <w xml:id="o5454-064470"
            n="41-a-1250"
            ecep:lem="new"
            ecep:pos="j"
            ecep:reg="new"
            ecep:spe="new"
            ecep:syllab="1"
            ecep:pron="njuː">new</w>
         <pc xml:id="o5454-064480"
             n="41-a-1260"
             unit="sentence"
             ecep:lem="!"
             ecep:pos="!"
             ecep:reg="!"
             ecep:spe="!">!</pc>
         <c> </c>
      </l>
      <l xml:id="o5454-l02535">
         <w xml:id="o5454-064490"
            n="41-a-1270"
            ecep:lem="when"
            ecep:pos="c-crq"
            ecep:reg="When"
            ecep:spe="When"
            ecep:syllab="1"
            ecep:pron="wen">When</w>
         <c> </c>
         <w xml:id="o5454-064500"
            n="41-a-1280"
            ecep:lem="the"
            ecep:pos="dt"
            ecep:reg="the"
            ecep:spe="the"
            ecep:syllab="1"
            ecep:pron="ðə">the</w>
         <c> </c>
         <w xml:id="o5454-064510"
            n="41-a-1290"
            ecep:lem="poor"
            ecep:pos="j"
            ecep:reg="poor"
            ecep:spe="poor"
            ecep:syllab="1"
            ecep:pron="pʊə">poor</w>
         <c> </c>
         <w xml:id="o5454-064520"
            n="41-a-1300"
            ecep:lem="sheep"
            ecep:pos="n1"
            ecep:reg="Sheep"
            ecep:spe="Sheep"
            ecep:syllab="1"
            ecep:pron="ʃiːp">Sheep</w>
         <c> </c>
         <w xml:id="o5454-064530"
            n="41-a-1310"
            ecep:lem="and"
            ecep:pos="cc"
            ecep:reg="and"
            ecep:spe="and"
            ecep:syllab="1"
            ecep:pron="ænd">and</w>
         <c> </c>
         <w xml:id="o5454-064540"
            n="41-a-1320"
            ecep:lem="silk-worm"
            ecep:pos="n1"
            ecep:reg="Silkworm"
            ecep:spe="Silk-worm"
            ecep:syllab="2"
            ecep:pron="sɪlkˌwɜːm">Silk-worm</w>
         <c> </c>
         <w xml:id="o5454-064550"
            n="41-a-1330"
            ecep:lem="wear"
            ecep:pos="vvd"
            ecep:reg="wore"
            ecep:spe="wore"
            ecep:syllab="1"
            ecep:pron="wɔː">wore</w>
      </l>
      <l xml:id="o5454-l02540">
         <c> </c>
         <w xml:id="o5454-064560"
            n="41-a-1340"
            ecep:lem="that"
            ecep:pos="d"
            ecep:reg="That"
            ecep:spe="That"
            ecep:syllab="1"
            ecep:pron="ðæt">That</w>
         <c> </c>
         <w xml:id="o5454-064570"
            n="41-a-1350"
            ecep:lem="very"
            ecep:pos="av"
            ecep:reg="very"
            ecep:spe="very"
            ecep:syllab="2"
            ecep:pron="ˈverɪ">very</w>
         <c> </c>
         <w xml:id="o5454-064580"
            n="41-a-1360"
            ecep:lem="clothe"
            ecep:pos="vvg"
            ecep:reg="Clothing"
            ecep:spe="Clothing"
            ecep:syllab="2"
            ecep:pron="ˈkləʊðɪŋ">Clothing</w>
         <c> </c>
         <w xml:id="o5454-064590"
            n="41-a-1370"
            ecep:lem="long"
            ecep:pos="av-j"
            ecep:reg="long"
            ecep:spe="long"
            ecep:syllab="1"
            ecep:pron="lɒŋ">long</w>
         <c> </c>
         <w xml:id="o5454-064600"
            n="41-a-1380"
            ecep:lem="before"
            ecep:pos="a-acp"
            ecep:reg="before"
            ecep:spe="before"
            ecep:syllab="2"
            ecep:pron="bɪˈfɔː">before</w>
         <pc xml:id="o5454-064610"
             n="41-a-1390"
             unit="sentence"
             ecep:lem="."
             ecep:pos="."
             ecep:reg="."
             ecep:spe=".">.</pc>
         <c> </c>
      </l>
   </lg>
   <pb facs="42" n="32" rend="none"/>
   <lg n="4" xml:id="o5454-s00710">
      <head>
         <w xml:id="o5454-064650"
            n="42-a-0010"
            ecep:lem="iv"
            ecep:pos="crd"
            ecep:reg="IV"
            ecep:spe="IV"
            ecep:syllab="1"
            ecep:pron="rˌəʊmənfˈɔː">IV</w>
         <pc xml:id="o5454-064660"
             n="42-a-0020"
             unit="sentence"
             ecep:lem="."
             ecep:pos="."
             ecep:reg="."
             ecep:spe=".">.</pc>
      </head>
      <l xml:id="o5454-l02545">
         <w xml:id="o5454-064680"
            n="42-a-0030"
            ecep:lem="the"
            ecep:pos="dt"
            ecep:reg="The"
            ecep:spe="The"
            ecep:syllab="1"
            ecep:pron="ðə">The</w>
         <c> </c>
         <w xml:id="o5454-064690"
            n="42-a-0040"
            ecep:lem="tulip"
            ecep:pos="n1"
            ecep:reg="Tulip"
            ecep:spe="Tulip"
            ecep:syllab="2"
            ecep:pron="ˈtjuːlɪp">Tulip</w>
         <c> </c>
         <w xml:id="o5454-064700"
            n="42-a-0050"
            ecep:lem="and"
            ecep:pos="cc"
            ecep:reg="and"
            ecep:spe="and"
            ecep:syllab="1"
            ecep:pron="ænd">and</w>
         <c> </c>
         <w xml:id="o5454-064710"
            n="42-a-0060"
            ecep:lem="the"
            ecep:pos="dt"
            ecep:reg="the"
            ecep:spe="the"
            ecep:syllab="1"
            ecep:pron="ðə">the</w>
         <c> </c>
         <w xml:id="o5454-064720"
            n="42-a-0070"
            ecep:lem="butterfly"
            ecep:pos="n1"
            ecep:reg="Butterfly"
            ecep:spe="Butterfly"
            ecep:syllab="3"
            ecep:pron="ˈbʌtəˌflaɪ">Butterfly</w>
      </l>
      <l xml:id="o5454-l02550">
         <c> </c>
         <w xml:id="o5454-064730"
            n="42-a-0080"
            ecep:lem="appear"
            ecep:pos="vvi"
            ecep:reg="Appear"
            ecep:spe="Appear"
            ecep:syllab="2"
            ecep:pron="əˈpɪə">Appear</w>
         <c> </c>
         <w xml:id="o5454-064740"
            n="42-a-0090"
            ecep:lem="in"
            ecep:pos="p-acp"
            ecep:reg="in"
            ecep:spe="in"
            ecep:syllab="1"
            ecep:pron="ɪn">in</w>
         <c> </c>
         <w xml:id="o5454-064750"
            n="42-a-0100"
            ecep:lem="gay"
            ecep:pos="jc"
            ecep:reg="gayer"
            ecep:spe="gayer"
            ecep:syllab="2"
            ecep:pron="ˈgeɪə">gayer</w>
         <c> </c>
         <w xml:id="o5454-064760"
            n="42-a-0110"
            ecep:lem="coat"
            ecep:pos="n2"
            ecep:reg="Coats"
            ecep:spe="Coats"
            ecep:syllab="1"
            ecep:pron="kəʊts">Coats</w>
         <c> </c>
         <w xml:id="o5454-064770"
            n="42-a-0120"
            ecep:lem="than"
            ecep:pos="cs"
            ecep:reg="than"
            ecep:spe="than"
            ecep:syllab="1"
            ecep:pron="ðæn">than</w>
         <c> </c>
         <w xml:id="o5454-064780"
            n="42-a-0130"
            ecep:lem="i"
            ecep:pos="pns11"
            ecep:reg="I"
            ecep:spe="I"
            ecep:syllab="1"
            ecep:pron="aɪ">I</w>
         <pc xml:id="o5454-064790"
             n="42-a-0140"
             ecep:lem=":"
             ecep:pos=":"
             ecep:reg=":"
             ecep:spe=":">:</pc>
      </l>
      <l xml:id="o5454-l02555">
         <c> </c>
         <w xml:id="o5454-064800"
            n="42-a-0150"
            ecep:lem="let"
            ecep:pos="vvb"
            ecep:reg="Let"
            ecep:spe="Let"
            ecep:syllab="1"
            ecep:pron="let">Let</w>
         <c> </c>
         <w xml:id="o5454-064810"
            n="42-a-0160"
            ecep:lem="i"
            ecep:pos="pno11"
            ecep:reg="me"
            ecep:spe="me"
            ecep:syllab="1"
            ecep:pron="miː">me</w>
         <c> </c>
         <w xml:id="o5454-064820"
            n="42-a-0170"
            ecep:lem="be"
            ecep:pos="vbi"
            ecep:reg="be"
            ecep:spe="be"
            ecep:syllab="1"
            ecep:pron="biː">be</w>
         <c> </c>
         <w xml:id="o5454-064830"
            n="42-a-0180"
            ecep:lem="dress"
            ecep:pos="vvn"
            ecep:reg="dressed"
            ecep:spe="drest"
            ecep:syllab="1"
            ecep:pron="drest">drest</w>
         <c> </c>
         <w xml:id="o5454-064840"
            n="42-a-0190"
            ecep:lem="fine"
            ecep:pos="j"
            ecep:reg="fine"
            ecep:spe="fine"
            ecep:syllab="1"
            ecep:pron="faɪn">fine</w>
         <c> </c>
         <w xml:id="o5454-064850"
            n="42-a-0200"
            ecep:lem="as"
            ecep:pos="c-acp"
            ecep:reg="as"
            ecep:spe="as"
            ecep:syllab="1"
            ecep:pron="æz">as</w>
         <c> </c>
         <w xml:id="o5454-064860"
            n="42-a-0210"
            ecep:lem="i"
            ecep:pos="pns11"
            ecep:reg="I"
            ecep:spe="I"
            ecep:syllab="1"
            ecep:pron="aɪ">I</w>
         <c> </c>
         <w xml:id="o5454-064870"
            n="42-a-0220"
            ecep:lem="will"
            ecep:pos="vmb"
            ecep:reg="will"
            ecep:spe="will"
            ecep:syllab="1"
            ecep:pron="wɪl">will</w>
         <pc xml:id="o5454-064880"
             n="42-a-0230"
             ecep:lem=","
             ecep:pos=","
             ecep:reg=","
             ecep:spe=",">,</pc>
      </l>
      <l xml:id="o5454-l02560">
         <c> </c>
         <w xml:id="o5454-064890"
            n="42-a-0240"
            ecep:lem="fly"
            ecep:pos="n2"
            ecep:reg="Flies"
            ecep:spe="Flies"
            ecep:syllab="1"
            ecep:pron="flaɪz">Flies</w>
         <pc xml:id="o5454-064900"
             n="42-a-0250"
             ecep:lem=","
             ecep:pos=","
             ecep:reg=","
             ecep:spe=",">,</pc>
         <c> </c>
         <w xml:id="o5454-064910"
            n="42-a-0260"
            ecep:lem="worm"
            ecep:pos="n2"
            ecep:reg="Worms"
            ecep:spe="Worms"
            ecep:syllab="1"
            ecep:pron="wɜːmz">Worms</w>
         <c> </c>
         <w xml:id="o5454-064920"
            n="42-a-0270"
            ecep:lem="and"
            ecep:pos="cc"
            ecep:reg="and"
            ecep:spe="and"
            ecep:syllab="1"
            ecep:pron="ænd">and</w>
         <c> </c>
         <w xml:id="o5454-064930"
            n="42-a-0280"
            ecep:lem="flower"
            ecep:pos="n2"
            ecep:reg="Flowers"
            ecep:spe="Flow'rs"
            ecep:syllab="1"
            ecep:pron="ˈflaʊəz">Flow'rs</w>
         <c> </c>
         <w xml:id="o5454-064940"
            n="42-a-0290"
            ecep:lem="exceed"
            ecep:pos="vvb"
            ecep:reg="exceed"
            ecep:spe="exceed"
            ecep:syllab="2"
            ecep:pron="ɪkˈsiːd">exceed</w>
         <c> </c>
         <w xml:id="o5454-064950"
            n="42-a-0300"
            ecep:lem="i"
            ecep:pos="pno11"
            ecep:reg="me"
            ecep:spe="me"
            ecep:syllab="1"
            ecep:pron="miː">me</w>
         <c> </c>
         <w xml:id="o5454-064960"
            n="42-a-0310"
            ecep:lem="still"
            ecep:pos="av"
            ecep:reg="still"
            ecep:spe="still"
            ecep:syllab="1"
            ecep:pron="stɪl">still</w>
         <pc xml:id="o5454-064970"
             n="42-a-0320"
             unit="sentence"
             ecep:lem="."
             ecep:pos="."
             ecep:reg="."
             ecep:spe=".">.</pc>
         <c> </c>
      </l>
   </lg>
   <lg n="5" xml:id="o5454-s00715">
      <head>
         <w xml:id="o5454-065010"
            n="42-a-0330"
            ecep:lem="v."
            ecep:pos="crd"
            ecep:reg="V"
            ecep:spe="V."
            ecep:syllab="1"
            ecep:pron="viː">V.</w>
         <pc unit="sentence" xml:id="o5454-065010-eos" n="42-a-0340"/>
      </head>
      <l xml:id="o5454-l02565">
         <w xml:id="o5454-065030"
            n="42-a-0350"
            ecep:lem="then"
            ecep:pos="av"
            ecep:reg="Then"
            ecep:spe="Then"
            ecep:syllab="1"
            ecep:pron="ðen">Then</w>
         <c> </c>
         <w xml:id="o5454-065040"
            n="42-a-0360"
            ecep:lem="will"
            ecep:pos="vmb"
            ecep:reg="will"
            ecep:spe="will"
            ecep:syllab="1"
            ecep:pron="wɪl">will</w>
         <c> </c>
         <w xml:id="o5454-065050"
            n="42-a-0370"
            ecep:lem="i"
            ecep:pos="pns11"
            ecep:reg="I"
            ecep:spe="I"
            ecep:syllab="1"
            ecep:pron="aɪ">I</w>
         <c> </c>
         <w xml:id="o5454-065060"
            n="42-a-0380"
            ecep:lem="set"
            ecep:pos="vvi"
            ecep:reg="set"
            ecep:spe="set"
            ecep:syllab="1"
            ecep:pron="set">set</w>
         <c> </c>
         <w xml:id="o5454-065070"
            n="42-a-0390"
            ecep:lem="my"
            ecep:pos="po11"
            ecep:reg="my"
            ecep:spe="my"
            ecep:syllab="1"
            ecep:pron="maɪ">my</w>
         <c> </c>
         <w xml:id="o5454-065080"
            n="42-a-0400"
            ecep:lem="heart"
            ecep:pos="n1"
            ecep:reg="Heart"
            ecep:spe="Heart"
            ecep:syllab="1"
            ecep:pron="hɑːt">Heart</w>
         <c> </c>
         <w xml:id="o5454-065090"
            n="42-a-0410"
            ecep:lem="to"
            ecep:pos="pc-acp"
            ecep:reg="to"
            ecep:spe="to"
            ecep:syllab="1"
            ecep:pron="tuː">to</w>
         <c> </c>
         <w xml:id="o5454-065100"
            n="42-a-0420"
            ecep:lem="find"
            ecep:pos="vvi"
            ecep:reg="find"
            ecep:spe="find"
            ecep:syllab="1"
            ecep:pron="faɪnd">find</w>
      </l>
      <l xml:id="o5454-l02570">
         <c> </c>
         <w xml:id="o5454-065110"
            n="42-a-0430"
            ecep:lem="inward"
            ecep:pos="j"
            ecep:reg="Inward"
            ecep:spe="Inward"
            ecep:syllab="2"
            ecep:pron="ˈɪnwəd">Inward</w>
         <c> </c>
         <w xml:id="o5454-065120"
            n="42-a-0440"
            ecep:lem="adorn"
            ecep:pos="n2-vvg"
            ecep:reg="Adornings"
            ecep:spe="Adornings"
            ecep:syllab="3"
            ecep:pron="əˈdɔːnɪŋz">Adornings</w>
         <c> </c>
         <w xml:id="o5454-065130"
            n="42-a-0450"
            ecep:lem="of"
            ecep:pos="pp-f"
            ecep:reg="of"
            ecep:spe="of"
            ecep:syllab="1"
            ecep:pron="ɒv">of</w>
         <c> </c>
         <w xml:id="o5454-065140"
            n="42-a-0460"
            ecep:lem="the"
            ecep:pos="dt"
            ecep:reg="the"
            ecep:spe="the"
            ecep:syllab="1"
            ecep:pron="ðə">the</w>
         <c> </c>
         <w xml:id="o5454-065150"
            n="42-a-0470"
            ecep:lem="mind"
            ecep:pos="n1"
            ecep:reg="Mind"
            ecep:spe="Mind"
            ecep:syllab="1"
            ecep:pron="maɪnd">Mind</w>
         <pc xml:id="o5454-065160"
             n="42-a-0480"
             ecep:lem=";"
             ecep:pos=";"
             ecep:reg=";"
             ecep:spe=";">;</pc>
      </l>
      <l xml:id="o5454-l02575">
         <c> </c>
         <w xml:id="o5454-065170"
            n="42-a-0490"
            ecep:lem="knowledge"
            ecep:pos="n1"
            ecep:reg="Knowledge"
            ecep:spe="Knowledge"
            ecep:syllab="2"
            ecep:pron="ˈnɒlɪdʒ">Knowledge</w>
         <c> </c>
         <w xml:id="o5454-065180"
            n="42-a-0500"
            ecep:lem="and"
            ecep:pos="cc"
            ecep:reg="and"
            ecep:spe="and"
            ecep:syllab="1"
            ecep:pron="ænd">and</w>
         <c> </c>
         <w xml:id="o5454-065190"
            n="42-a-0510"
            ecep:lem="virtue"
            ecep:pos="n1"
            ecep:reg="Virtue"
            ecep:spe="Virtue"
            ecep:syllab="2"
            ecep:pron="ˈvɜːtjuː">Virtue</w>
         <pc xml:id="o5454-065200"
             n="42-a-0520"
             ecep:lem=","
             ecep:pos=","
             ecep:reg=","
             ecep:spe=",">,</pc>
         <c> </c>
         <w xml:id="o5454-065210"
            n="42-a-0530"
            ecep:lem="truth"
            ecep:pos="n1"
            ecep:reg="Truth"
            ecep:spe="Truth"
            ecep:syllab="1"
            ecep:pron="truːθ">Truth</w>
         <c> </c>
         <w xml:id="o5454-065220"
            n="42-a-0540"
            ecep:lem="and"
            ecep:pos="cc"
            ecep:reg="and"
            ecep:spe="and"
            ecep:syllab="1"
            ecep:pron="ænd">and</w>
         <c> </c>
         <w xml:id="o5454-065230"
            n="42-a-0550"
            ecep:lem="grace"
            ecep:pos="n1"
            ecep:reg="Grace"
            ecep:spe="Grace"
            ecep:syllab="1"
            ecep:pron="greɪs">Grace</w>
         <pc xml:id="o5454-065240"
             n="42-a-0560"
             ecep:lem=","
             ecep:pos=","
             ecep:reg=","
             ecep:spe=",">,</pc>
      </l>
      <l xml:id="o5454-l02580">
         <c> </c>
         <w xml:id="o5454-065250"
            n="42-a-0570"
            ecep:lem="these"
            ecep:pos="d"
            ecep:reg="These"
            ecep:spe="These"
            ecep:syllab="1"
            ecep:pron="ðiːz">These</w>
         <c> </c>
         <w xml:id="o5454-065260"
            n="42-a-0580"
            ecep:lem="be"
            ecep:pos="vbr"
            ecep:reg="are"
            ecep:spe="are"
            ecep:syllab="1"
            ecep:pron="ɑː">are</w>
         <c> </c>
         <w xml:id="o5454-065270"
            n="42-a-0590"
            ecep:lem="the"
            ecep:pos="dt"
            ecep:reg="the"
            ecep:spe="the"
            ecep:syllab="1"
            ecep:pron="ðə">the</w>
         <c> </c>
         <w xml:id="o5454-065280"
            n="42-a-0600"
            ecep:lem="robe"
            ecep:pos="n2"
            ecep:reg="Robes"
            ecep:spe="Robes"
            ecep:syllab="1"
            ecep:pron="rəʊbz">Robes</w>
         <c> </c>
         <w xml:id="o5454-065290"
            n="42-a-0610"
            ecep:lem="of"
            ecep:pos="pp-f"
            ecep:reg="of"
            ecep:spe="of"
            ecep:syllab="1"
            ecep:pron="ɒv">of</w>
         <c> </c>
         <w xml:id="o5454-065300"
            n="42-a-0620"
            ecep:lem="rich"
            ecep:pos="js"
            ecep:reg="richest"
            ecep:spe="richest"
            ecep:syllab="2"
            ecep:pron="ˈrɪtʃɪst">richest</w>
         <c> </c>
         <w xml:id="o5454-065310"
            n="42-a-0630"
            ecep:lem="dress"
            ecep:pos="n1"
            ecep:reg="Dress"
            ecep:spe="Dress"
            ecep:syllab="1"
            ecep:pron="dres">Dress</w>
         <pc xml:id="o5454-065320"
             n="42-a-0640"
             unit="sentence"
             ecep:lem="."
             ecep:pos="."
             ecep:reg="."
             ecep:spe=".">.</pc>
         <c> </c>
      </l>
   </lg>
   <lg n="6" xml:id="o5454-s00720">
      <head>
         <w xml:id="o5454-065360"
            n="42-a-0650"
            ecep:lem="vi"
            ecep:pos="crd"
            ecep:reg="VI"
            ecep:spe="VI"
            ecep:syllab="1"
            ecep:pron="ˈvaɪ">VI</w>
         <pc xml:id="o5454-065370"
             n="42-a-0660"
             unit="sentence"
             ecep:lem="."
             ecep:pos="."
             ecep:reg="."
             ecep:spe=".">.</pc>
      </head>
      <l xml:id="o5454-l02585">
         <w xml:id="o5454-065390"
            n="42-a-0670"
            ecep:lem="no"
            ecep:pos="av-dx"
            ecep:reg="No"
            ecep:spe="No"
            ecep:syllab="1"
            ecep:pron="nəʊ">No</w>
         <c> </c>
         <w xml:id="o5454-065400"
            n="42-a-0680"
            ecep:lem="more"
            ecep:pos="dc"
            ecep:reg="more"
            ecep:spe="more"
            ecep:syllab="1"
            ecep:pron="mɔː">more</w>
         <c> </c>
         <w xml:id="o5454-065410"
            n="42-a-0690"
            ecep:lem="shall"
            ecep:pos="vmb"
            ecep:reg="shall"
            ecep:spe="shall"
            ecep:syllab="1"
            ecep:pron="ʃæl">shall</w>
         <c> </c>
         <w xml:id="o5454-065420"
            n="42-a-0700"
            ecep:lem="worm"
            ecep:pos="n2"
            ecep:reg="Worms"
            ecep:spe="Worms"
            ecep:syllab="1"
            ecep:pron="wɜːmz">Worms</w>
         <c> </c>
         <w xml:id="o5454-065430"
            n="42-a-0710"
            ecep:lem="with"
            ecep:pos="p-acp"
            ecep:reg="with"
            ecep:spe="with"
            ecep:syllab="1"
            ecep:pron="wɪð">with</w>
         <c> </c>
         <w xml:id="o5454-065440"
            n="42-a-0720"
            ecep:lem="i"
            ecep:pos="pno11"
            ecep:reg="me"
            ecep:spe="me"
            ecep:syllab="1"
            ecep:pron="miː">me</w>
         <c> </c>
         <w xml:id="o5454-065450"
            n="42-a-0730"
            ecep:lem="compare"
            ecep:pos="vvi"
            ecep:reg="compare"
            ecep:spe="compare"
            ecep:syllab="2"
            ecep:pron="kəmˈpeə">compare</w>
         <pc xml:id="o5454-065460"
             n="42-a-0740"
             ecep:lem=";"
             ecep:pos=";"
             ecep:reg=";"
             ecep:spe=";">;</pc>
      </l>
      <l xml:id="o5454-l02590">
         <c> </c>
         <w xml:id="o5454-065470"
            n="42-a-0750"
            ecep:lem="this"
            ecep:pos="d"
            ecep:reg="This"
            ecep:spe="This"
            ecep:syllab="1"
            ecep:pron="ðɪs">This</w>
         <c> </c>
         <w xml:id="o5454-065480"
            n="42-a-0760"
            ecep:lem="be"
            ecep:pos="vbz"
            ecep:reg="is"
            ecep:spe="is"
            ecep:syllab="1"
            ecep:pron="ɪz">is</w>
         <c> </c>
         <w xml:id="o5454-065490"
            n="42-a-0770"
            ecep:lem="the"
            ecep:pos="dt"
            ecep:reg="the"
            ecep:spe="the"
            ecep:syllab="1"
            ecep:pron="ðə">the</w>
         <c> </c>
         <w xml:id="o5454-065500"
            n="42-a-0780"
            ecep:lem="raiment"
            ecep:pos="n1"
            ecep:reg="Raiment"
            ecep:spe="Raiment"
            ecep:syllab="2"
            ecep:pron="ˈreɪmənt">Raiment</w>
         <c> </c>
         <w xml:id="o5454-065510"
            n="42-a-0790"
            ecep:lem="angel"
            ecep:pos="n2"
            ecep:reg="Angels"
            ecep:spe="Angels"
            ecep:syllab="2"
            ecep:pron="ˈeɪndʒlz">Angels</w>
         <c> </c>
         <w xml:id="o5454-065520"
            n="42-a-0800"
            ecep:lem="wear"
            ecep:pos="vvb"
            ecep:reg="wear"
            ecep:spe="wear"
            ecep:syllab="1"
            ecep:pron="weə">wear</w>
         <pc xml:id="o5454-065530"
             n="42-a-0810"
             ecep:lem=";"
             ecep:pos=";"
             ecep:reg=";"
             ecep:spe=";">;</pc>
      </l>
      <l xml:id="o5454-l02595">
         <c> </c>
         <w xml:id="o5454-065540"
            n="42-a-0820"
            ecep:lem="the"
            ecep:pos="dt"
            ecep:reg="The"
            ecep:spe="The"
            ecep:syllab="1"
            ecep:pron="ðə">The</w>
         <c> </c>
         <w xml:id="o5454-065550"
            n="42-a-0830"
            ecep:lem="son"
            ecep:pos="n1"
            ecep:reg="Son"
            ecep:spe="Son"
            ecep:syllab="1"
            ecep:pron="sʌn">Son</w>
         <c> </c>
         <w xml:id="o5454-065560"
            n="42-a-0840"
            ecep:lem="of"
            ecep:pos="pp-f"
            ecep:reg="of"
            ecep:spe="of"
            ecep:syllab="1"
            ecep:pron="ɒv">of</w>
         <c> </c>
         <w xml:id="o5454-065570"
            n="42-a-0850"
            ecep:lem="god"
            ecep:pos="n1"
            ecep:reg="GOD"
            ecep:spe="GOD"
            ecep:syllab="1"
            ecep:pron="gɒd">GOD</w>
         <pc xml:id="o5454-065580"
             n="42-a-0860"
             ecep:lem=","
             ecep:pos=","
             ecep:reg=","
             ecep:spe=",">,</pc>
         <c> </c>
         <w xml:id="o5454-065590"
            n="42-a-0870"
            ecep:lem="when"
            ecep:pos="c-crq"
            ecep:reg="when"
            ecep:spe="when"
            ecep:syllab="1"
            ecep:pron="wen">when</w>
         <c> </c>
         <w xml:id="o5454-065600"
            n="42-a-0880"
            ecep:lem="here"
            ecep:pos="av"
            ecep:reg="here"
            ecep:spe="here"
            ecep:syllab="1"
            ecep:pron="hɪə">here</w>
         <c> </c>
         <w xml:id="o5454-065610"
            n="42-a-0890"
            ecep:lem="below"
            ecep:pos="a-acp"
            ecep:reg="below"
            ecep:spe="below"
            ecep:syllab="2"
            ecep:pron="bɪˈləʊ">below</w>
         <pc xml:id="o5454-065620"
             n="42-a-0900"
             ecep:lem=","
             ecep:pos=","
             ecep:reg=","
             ecep:spe=",">,</pc>
      </l>
      <l xml:id="o5454-l02600">
         <c> </c>
         <w xml:id="o5454-065630"
            n="42-a-0910"
            ecep:lem="put"
            ecep:pos="vvb"
            ecep:reg="Put"
            ecep:spe="Put"
            ecep:syllab="1"
            ecep:pron="pʊt">Put</w>
         <c> </c>
         <w xml:id="o5454-065640"
            n="42-a-0920"
            ecep:lem="on"
            ecep:pos="p-acp"
            ecep:reg="on"
            ecep:spe="on"
            ecep:syllab="1"
            ecep:pron="ɒn">on</w>
         <c> </c>
         <w xml:id="o5454-065650"
            n="42-a-0930"
            ecep:lem="this"
            ecep:pos="d"
            ecep:reg="this"
            ecep:spe="this"
            ecep:syllab="1"
            ecep:pron="ðɪs">this</w>
         <c> </c>
         <w xml:id="o5454-065660"
            n="42-a-0940"
            ecep:lem="bless"
            ecep:pos="j-vvn"
            ecep:reg="blessed"
            ecep:spe="blest"
            ecep:syllab="1"
            ecep:pron="blest">blest</w>
         <c> </c>
         <w xml:id="o5454-065670"
            n="42-a-0950"
            ecep:lem="apparel"
            ecep:pos="n1"
            ecep:reg="Apparel"
            ecep:spe="Apparel"
            ecep:syllab="3"
            ecep:pron="əˈpærəl">Apparel</w>
         <c> </c>
         <w xml:id="o5454-065680"
            n="42-a-0960"
            ecep:lem="too"
            ecep:pos="av"
            ecep:reg="too"
            ecep:spe="too"
            ecep:syllab="1"
            ecep:pron="tuː">too</w>
         <pc xml:id="o5454-065690"
             n="42-a-0970"
             unit="sentence"
             ecep:lem="."
             ecep:pos="."
             ecep:reg="."
             ecep:spe=".">.</pc>
         <c> </c>
      </l>
   </lg>
   <lg n="7" xml:id="o5454-s00725">
      <head>
         <w xml:id="o5454-065730"
            n="42-a-0980"
            ecep:lem="vii"
            ecep:pos="crd"
            ecep:reg="VII"
            ecep:spe="VII"
            ecep:syllab="1"
            ecep:pron="rˌəʊmənsˈevən">VII</w>
         <pc xml:id="o5454-065740"
             n="42-a-0990"
             unit="sentence"
             ecep:lem="."
             ecep:pos="."
             ecep:reg="."
             ecep:spe=".">.</pc>
      </head>
      <l xml:id="o5454-l02605">
         <w xml:id="o5454-065760"
            n="42-a-1000"
            ecep:lem="it"
            ecep:pos="pn31"
            ecep:reg="It"
            ecep:spe="It"
            ecep:syllab="1"
            ecep:pron="ɪt">It</w>
         <c> </c>
         <w xml:id="o5454-065770"
            n="42-a-1010"
            ecep:lem="never"
            ecep:pos="av-x"
            ecep:reg="never"
            ecep:spe="never"
            ecep:syllab="2"
            ecep:pron="ˈnevə">never</w>
         <c> </c>
         <w xml:id="o5454-065780"
            n="42-a-1020"
            ecep:lem="fade"
            ecep:pos="vvz"
            ecep:reg="fades"
            ecep:spe="fades"
            ecep:syllab="1"
            ecep:pron="feɪdz">fades</w>
         <pc xml:id="o5454-065790"
             n="42-a-1030"
             ecep:lem=","
             ecep:pos=","
             ecep:reg=","
             ecep:spe=",">,</pc>
         <c> </c>
         <w xml:id="o5454-065800"
            n="42-a-1040"
            ecep:lem="it"
            ecep:pos="pn31"
            ecep:reg="it"
            ecep:spe="it"
            ecep:syllab="1"
            ecep:pron="ɪt">it</w>
         <c> </c>
         <w xml:id="o5454-065810"
            n="42-a-1050"
            ecep:lem="never"
            ecep:pos="av-x"
            ecep:reg="never"
            ecep:spe="ne'er"
            ecep:syllab="1"
            ecep:pron="neə">ne'er</w>
         <c> </c>
         <w xml:id="o5454-065820"
            n="42-a-1060"
            ecep:lem="grow"
            ecep:pos="vvz"
            ecep:reg="grows"
            ecep:spe="grows"
            ecep:syllab="1"
            ecep:pron="grəʊz">grows</w>
         <c> </c>
         <w xml:id="o5454-065830"
            n="42-a-1070"
            ecep:lem="old"
            ecep:pos="j"
            ecep:reg="old"
            ecep:spe="old"
            ecep:syllab="1"
            ecep:pron="əʊld">old</w>
         <pc xml:id="o5454-065840"
             n="42-a-1080"
             ecep:lem=","
             ecep:pos=","
             ecep:reg=","
             ecep:spe=",">,</pc>
      </l>
      <l xml:id="o5454-l02610">
         <c> </c>
         <w xml:id="o5454-065850"
            n="42-a-1090"
            ecep:lem="nor"
            ecep:pos="ccx"
            ecep:reg="Nor"
            ecep:spe="Nor"
            ecep:syllab="1"
            ecep:pron="nɔː">Nor</w>
         <c> </c>
         <w xml:id="o5454-065860"
            n="42-a-1100"
            ecep:lem="fear"
            ecep:pos="vvz"
            ecep:reg="fears"
            ecep:spe="fears"
            ecep:syllab="1"
            ecep:pron="fɪəz">fears</w>
         <c> </c>
         <w xml:id="o5454-065870"
            n="42-a-1110"
            ecep:lem="the"
            ecep:pos="dt"
            ecep:reg="the"
            ecep:spe="the"
            ecep:syllab="1"
            ecep:pron="ðə">the</w>
         <c> </c>
         <w xml:id="o5454-065880"
            n="42-a-1120"
            ecep:lem="rain"
            ecep:pos="vvb"
            ecep:reg="Rain"
            ecep:spe="Rain"
            ecep:syllab="1"
            ecep:pron="reɪn">Rain</w>
         <c> </c>
         <w xml:id="o5454-065890"
            n="42-a-1130"
            ecep:lem="nor"
            ecep:pos="ccx"
            ecep:reg="nor"
            ecep:spe="nor"
            ecep:syllab="1"
            ecep:pron="nɔː">nor</w>
         <c> </c>
         <w xml:id="o5454-065900"
            n="42-a-1140"
            ecep:lem="moth"
            ecep:pos="n1"
            ecep:reg="Moth"
            ecep:spe="Moth"
            ecep:syllab="1"
            ecep:pron="mɒθ">Moth</w>
         <c> </c>
         <w xml:id="o5454-065910"
            n="42-a-1150"
            ecep:lem="nor"
            ecep:pos="ccx"
            ecep:reg="nor"
            ecep:spe="nor"
            ecep:syllab="1"
            ecep:pron="nɔː">nor</w>
         <c> </c>
         <w xml:id="o5454-065920"
            n="42-a-1160"
            ecep:lem="mould"
            ecep:pos="n1"
            ecep:reg="Mould"
            ecep:spe="Mold"
            ecep:syllab="1"
            ecep:pron="məʊld">Mold</w>
         <pc xml:id="o5454-065930"
             n="42-a-1170"
             ecep:lem=":"
             ecep:pos=":"
             ecep:reg=":"
             ecep:spe=":">:</pc>
      </l>
      <l xml:id="o5454-l02615">
         <c> </c>
         <w xml:id="o5454-065940"
            n="42-a-1180"
            ecep:lem="it"
            ecep:pos="pn31"
            ecep:reg="It"
            ecep:spe="It"
            ecep:syllab="1"
            ecep:pron="ɪt">It</w>
         <c> </c>
         <w xml:id="o5454-065950"
            n="42-a-1190"
            ecep:lem="take"
            ecep:pos="vvz"
            ecep:reg="takes"
            ecep:spe="takes"
            ecep:syllab="1"
            ecep:pron="teɪks">takes</w>
         <c> </c>
         <w xml:id="o5454-065960"
            n="42-a-1200"
            ecep:lem="no"
            ecep:pos="dx"
            ecep:reg="no"
            ecep:spe="no"
            ecep:syllab="1"
            ecep:pron="nəʊ">no</w>
         <c> </c>
         <w xml:id="o5454-065970"
            n="42-a-1210"
            ecep:lem="spot"
            ecep:pos="n1"
            ecep:reg="Spot"
            ecep:spe="Spot"
            ecep:syllab="1"
            ecep:pron="spɒt">Spot</w>
         <c> </c>
         <w xml:id="o5454-065980"
            n="42-a-1220"
            ecep:lem="but"
            ecep:pos="cc-acp"
            ecep:reg="but"
            ecep:spe="but"
            ecep:syllab="1"
            ecep:pron="bʌt">but</w>
         <c> </c>
         <w xml:id="o5454-065990"
            n="42-a-1230"
            ecep:lem="still"
            ecep:pos="av"
            ecep:reg="still"
            ecep:spe="still"
            ecep:syllab="1"
            ecep:pron="stɪl">still</w>
         <c> </c>
         <w xml:id="o5454-066000"
            n="42-a-1240"
            ecep:lem="refine"
            ecep:pos="vvz"
            ecep:reg="refines"
            ecep:spe="refines"
            ecep:syllab="2"
            ecep:pron="rɪˈfaɪnz">refines</w>
         <pc xml:id="o5454-066010"
             n="42-a-1250"
             ecep:lem=";"
             ecep:pos=";"
             ecep:reg=";"
             ecep:spe=";">;</pc>
      </l>
      <l xml:id="o5454-l02620">
         <c> </c>
         <w xml:id="o5454-066020"
            n="42-a-1260"
            ecep:lem="the"
            ecep:pos="dt"
            ecep:reg="The"
            ecep:spe="The"
            ecep:syllab="1"
            ecep:pron="ðə">The</w>
         <c> </c>
         <w xml:id="o5454-066030"
            n="42-a-1270"
            ecep:lem="more"
            ecep:pos="av-dc"
            ecep:reg="more"
            ecep:spe="more"
            ecep:syllab="1"
            ecep:pron="mɔː">more</w>
         <c> </c>
         <w xml:id="o5454-066040"
            n="42-a-1280"
            ecep:lem="it|be"
            ecep:pos="pn31|vbz"
            ecep:reg="it's"
            ecep:spe="'tis"
            ecep:syllab="1"
            ecep:pron="tɪz">'tis</w>
         <c> </c>
         <w xml:id="o5454-066050"
            n="42-a-1290"
            ecep:lem="wear"
            ecep:pos="vvn"
            ecep:reg="worn"
            ecep:spe="worn"
            ecep:syllab="1"
            ecep:pron="wɔːn">worn</w>
         <pc xml:id="o5454-066060"
             n="42-a-1300"
             ecep:lem=","
             ecep:pos=","
             ecep:reg=","
             ecep:spe=",">,</pc>
         <c> </c>
         <w xml:id="o5454-066070"
            n="42-a-1310"
            ecep:lem="the"
            ecep:pos="dt"
            ecep:reg="the"
            ecep:spe="the"
            ecep:syllab="1"
            ecep:pron="ðə">the</w>
         <c> </c>
         <w xml:id="o5454-066080"
            n="42-a-1320"
            ecep:lem="more"
            ecep:pos="av-dc"
            ecep:reg="more"
            ecep:spe="more"
            ecep:syllab="1"
            ecep:pron="mɔː">more</w>
         <c> </c>
         <w xml:id="o5454-066090"
            n="42-a-1330"
            ecep:lem="it"
            ecep:pos="pn31"
            ecep:reg="it"
            ecep:spe="it"
            ecep:syllab="1"
            ecep:pron="ɪt">it</w>
         <c> </c>
         <w xml:id="o5454-066100"
            n="42-a-1340"
            ecep:lem="shine"
            ecep:pos="vvz"
            ecep:reg="shines"
            ecep:spe="shines"
            ecep:syllab="1"
            ecep:pron="ʃaɪnz">shines</w>
         <pc xml:id="o5454-066110"
             n="42-a-1350"
             unit="sentence"
             ecep:lem="."
             ecep:pos="."
             ecep:reg="."
             ecep:spe=".">.</pc>
         <c> </c>
      </l>
   </lg>
   <lg n="8" xml:id="o5454-s00730">
      <head>
         <w xml:id="o5454-066150"
            n="42-a-1360"
            ecep:lem="viii"
            ecep:pos="crd"
            ecep:reg="VIII"
            ecep:spe="VIII"
            ecep:syllab="1"
            ecep:pron="rˌəʊmənˈeɪt">VIII</w>
         <pc xml:id="o5454-066160"
             n="42-a-1370"
             unit="sentence"
             ecep:lem="."
             ecep:pos="."
             ecep:reg="."
             ecep:spe=".">.</pc>
      </head>
      <l xml:id="o5454-l02625">
         <w xml:id="o5454-066180"
            n="42-a-1380"
            ecep:lem="in"
            ecep:pos="p-acp"
            ecep:reg="In"
            ecep:spe="In"
            ecep:syllab="1"
            ecep:pron="ɪn">In</w>
         <c> </c>
         <w xml:id="o5454-066190"
            n="42-a-1390"
            ecep:lem="this"
            ecep:pos="d"
            ecep:reg="this"
            ecep:spe="this"
            ecep:syllab="1"
            ecep:pron="ðɪs">this</w>
         <c> </c>
         <w xml:id="o5454-066200"
            n="42-a-1400"
            ecep:lem="on"
            ecep:pos="p-acp"
            ecep:reg="on"
            ecep:spe="on"
            ecep:syllab="1"
            ecep:pron="ɒn">on</w>
         <c> </c>
         <w xml:id="o5454-066210"
            n="42-a-1410"
            ecep:lem="earth"
            ecep:pos="n1"
            ecep:reg="Earth"
            ecep:spe="Earth"
            ecep:syllab="1"
            ecep:pron="ɜːθ">Earth</w>
         <c> </c>
         <w xml:id="o5454-066220"
            n="42-a-1420"
            ecep:lem="shall"
            ecep:pos="vmd"
            ecep:reg="should"
            ecep:spe="should"
            ecep:syllab="1"
            ecep:pron="ʃʊd">should</w>
         <c> </c>
         <w xml:id="o5454-066230"
            n="42-a-1430"
            ecep:lem="i"
            ecep:pos="pns11"
            ecep:reg="I"
            ecep:spe="I"
            ecep:syllab="1"
            ecep:pron="aɪ">I</w>
         <c> </c>
         <w xml:id="o5454-066240"
            n="42-a-1440"
            ecep:lem="appear"
            ecep:pos="vvi"
            ecep:reg="appear"
            ecep:spe="appear"
            ecep:syllab="2"
            ecep:pron="əˈpɪə">appear</w>
         <pc xml:id="o5454-066250"
             n="42-a-1450"
             ecep:lem=","
             ecep:pos=","
             ecep:reg=","
             ecep:spe=",">,</pc>
      </l>
      <l xml:id="o5454-l02630">
         <c> </c>
         <w xml:id="o5454-066260"
            n="42-a-1460"
            ecep:lem="then"
            ecep:pos="av"
            ecep:reg="Then"
            ecep:spe="Then"
            ecep:syllab="1"
            ecep:pron="ðen">Then</w>
         <c> </c>
         <w xml:id="o5454-066270"
            n="42-a-1470"
            ecep:lem="go"
            ecep:pos="vvb"
            ecep:reg="go"
            ecep:spe="go"
            ecep:syllab="1"
            ecep:pron="gəʊ">go</w>
         <c> </c>
         <w xml:id="o5454-066280"
            n="42-a-1480"
            ecep:lem="to"
            ecep:pos="p-acp"
            ecep:reg="to"
            ecep:spe="to"
            ecep:syllab="1"
            ecep:pron="tuː">to</w>
         <c> </c>
         <w xml:id="o5454-066290"
            n="42-a-1490"
            ecep:lem="heaven"
            ecep:pos="n1"
            ecep:reg="Heaven"
            ecep:spe="Heav'n"
            ecep:syllab="1"
            ecep:pron="ˈhevn">Heav'n</w>
         <c> </c>
         <w xml:id="o5454-066300"
            n="42-a-1500"
            ecep:lem="and"
            ecep:pos="cc"
            ecep:reg="and"
            ecep:spe="and"
            ecep:syllab="1"
            ecep:pron="ænd">and</w>
         <c> </c>
         <w xml:id="o5454-066310"
            n="42-a-1510"
            ecep:lem="wear"
            ecep:pos="vvi"
            ecep:reg="wear"
            ecep:spe="wear"
            ecep:syllab="1"
            ecep:pron="weə">wear</w>
         <c> </c>
         <w xml:id="o5454-066320"
            n="42-a-1520"
            ecep:lem="it"
            ecep:pos="pn31"
            ecep:reg="it"
            ecep:spe="it"
            ecep:syllab="1"
            ecep:pron="ɪt">it</w>
         <c> </c>
         <w xml:id="o5454-066330"
            n="42-a-1530"
            ecep:lem="there"
            ecep:pos="a-acp"
            ecep:reg="there"
            ecep:spe="there"
            ecep:syllab="1"
            ecep:pron="ðeə">there</w>
         <pc xml:id="o5454-066340"
             n="42-a-1540"
             ecep:lem=";"
             ecep:pos=";"
             ecep:reg=";"
             ecep:spe=";">;</pc>
      </l>
      <l xml:id="o5454-l02635">
         <c> </c>
         <w xml:id="o5454-066350"
            n="42-a-1550"
            ecep:lem="god"
            ecep:pos="n1"
            ecep:reg="GOD"
            ecep:spe="GOD"
            ecep:syllab="1"
            ecep:pron="gɒd">GOD</w>
         <c> </c>
         <w xml:id="o5454-066360"
            n="42-a-1560"
            ecep:lem="will"
            ecep:pos="vmb"
            ecep:reg="will"
            ecep:spe="will"
            ecep:syllab="1"
            ecep:pron="wɪl">will</w>
         <c> </c>
         <w xml:id="o5454-066370"
            n="42-a-1570"
            ecep:lem="approve"
            ecep:pos="vvi"
            ecep:reg="approve"
            ecep:spe="approve"
            ecep:syllab="2"
            ecep:pron="əˈpruːv">approve</w>
         <c> </c>
         <w xml:id="o5454-066380"
            n="42-a-1580"
            ecep:lem="it"
            ecep:pos="pn31"
            ecep:reg="it"
            ecep:spe="it"
            ecep:syllab="1"
            ecep:pron="ɪt">it</w>
         <c> </c>
         <w xml:id="o5454-066390"
            n="42-a-1590"
            ecep:lem="in"
            ecep:pos="p-acp"
            ecep:reg="in"
            ecep:spe="in"
            ecep:syllab="1"
            ecep:pron="ɪn">in</w>
         <c> </c>
         <w xml:id="o5454-066400"
            n="42-a-1600"
            ecep:lem="his"
            ecep:pos="po31"
            ecep:reg="his"
            ecep:spe="his"
            ecep:syllab="1"
            ecep:pron="hɪz">his</w>
         <c> </c>
         <w xml:id="o5454-066410"
            n="42-a-1610"
            ecep:lem="sight"
            ecep:pos="n1"
            ecep:reg="Sight"
            ecep:spe="Sight"
            ecep:syllab="1"
            ecep:pron="saɪt">Sight</w>
         <pc xml:id="o5454-066420"
             n="42-a-1620"
             ecep:lem=";"
             ecep:pos=";"
             ecep:reg=";"
             ecep:spe=";">;</pc>
      </l>
      <l xml:id="o5454-l02640">
         <c> </c>
         <w xml:id="o5454-066430"
            n="42-a-1630"
            ecep:lem="it|be"
            ecep:pos="pn31|vbz"
            ecep:reg="It's"
            ecep:spe="'Tis"
            ecep:syllab="1"
            ecep:pron="tɪz">'Tis</w>
         <c> </c>
         <w xml:id="o5454-066440"
            n="42-a-1640"
            ecep:lem="his"
            ecep:pos="po31"
            ecep:reg="his"
            ecep:spe="his"
            ecep:syllab="1"
            ecep:pron="hɪz">his</w>
         <c> </c>
         <w xml:id="o5454-066450"
            n="42-a-1650"
            ecep:lem="own"
            ecep:pos="d"
            ecep:reg="own"
            ecep:spe="own"
            ecep:syllab="1"
            ecep:pron="əʊn">own</w>
         <c> </c>
         <w xml:id="o5454-066460"
            n="42-a-1660"
            ecep:lem="work"
            ecep:pos="n1"
            ecep:reg="Work"
            ecep:spe="Work"
            ecep:syllab="1"
            ecep:pron="wɜːk">Work</w>
         <pc xml:id="o5454-066470"
             n="42-a-1670"
             ecep:lem=","
             ecep:pos=","
             ecep:reg=","
             ecep:spe=",">,</pc>
         <c> </c>
         <w xml:id="o5454-066480"
            n="42-a-1680"
            ecep:lem="and"
            ecep:pos="cc"
            ecep:reg="and"
            ecep:spe="and"
            ecep:syllab="1"
            ecep:pron="ænd">and</w>
         <c> </c>
         <w xml:id="o5454-066490"
            n="42-a-1690"
            ecep:lem="his"
            ecep:pos="po31"
            ecep:reg="his"
            ecep:spe="his"
            ecep:syllab="1"
            ecep:pron="hɪz">his</w>
         <c> </c>
         <w xml:id="o5454-066500"
            n="42-a-1700"
            ecep:lem="delight"
            ecep:pos="n1"
            ecep:reg="Delight"
            ecep:spe="Delight"
            ecep:syllab="2"
            ecep:pron="dɪˈlaɪt">Delight</w>
         <pc xml:id="o5454-066510"
             n="42-a-1710"
             unit="sentence"
             ecep:lem="."
             ecep:pos="."
             ecep:reg="."
             ecep:spe=".">.</pc>
         <c> </c>
      </l>
   </lg>
</div>
