<?xml version="1.0" encoding="UTF-8"?>
<div xmlns:ecep="http://www.eighteenthcenturypoetry.org/ns"
     xmlns="http://www.tei-c.org/ns/1.0"
     xmlns:tei="http://www.tei-c.org/ns/1.0"
     ana="#iamb #pentameter #quatrain #cross #elegy #address"
     corresp="#txt_HenlSa1740_w0004"
     decls="#semi-normalized"
     ecep:syllab="10.10.10.10"
     met="-+|-+|-+|-+|-+/ -+|-+|-+|-+|-+/ -+|-+|-+|-+|-+/ -+|-+|-+|-+|-+/"
     rendition="#lgvspace"
     rhyme="abab"
     subtype="eceptext"
     type="elegy"
     xml:id="o4986-w0080">
   <link target="authors.xml#aut_HenlSa1740" type="author"/>
   <link target="32545" type="DMI"/>
   <head type="main">
      <w xml:id="o4986-077720"
         n="40-a-0360"
         ecep:lem="love"
         ecep:pos="n1"
         ecep:reg="LOVE"
         ecep:spe="LOVE"
         ecep:syllab="1"
         ecep:pron="lʌv">LOVE</w>
      <c> </c>
      <w xml:id="o4986-077730"
         n="40-a-0370"
         ecep:lem="elegy"
         ecep:pos="n1"
         ecep:reg="ELEGY"
         ecep:spe="ELEGY"
         ecep:syllab="3"
         ecep:pron="ˈelɪdʒi">ELEGY</w>
      <pc xml:id="o4986-077740"
          n="40-a-0380"
          unit="sentence"
          ecep:lem="."
          ecep:pos="."
          ecep:reg="."
          ecep:spe=".">.</pc>
   </head>
   <byline>
      <w xml:id="o4986-077770"
         n="40-a-0390"
         ecep:lem="by"
         ecep:pos="p-acp"
         ecep:reg="BY"
         ecep:spe="BY"
         ecep:syllab="1"
         ecep:pron="baɪ">BY</w>
      <c> </c>
      <w xml:id="o4986-077780"
         n="40-a-0400"
         ecep:lem="the"
         ecep:pos="dt"
         ecep:reg="THE"
         ecep:spe="THE"
         ecep:syllab="1"
         ecep:pron="ðiː">THE</w>
      <c> </c>
      <w xml:id="o4986-077790"
         n="40-a-0410"
         ecep:lem="same"
         ecep:pos="d"
         ecep:reg="SAME"
         ecep:spe="SAME"
         ecep:syllab="1"
         ecep:pron="seɪm">SAME</w>
      <pc xml:id="o4986-077800"
          n="40-a-0420"
          unit="sentence"
          ecep:lem="."
          ecep:pos="."
          ecep:reg="."
          ecep:spe=".">.</pc>
   </byline>
   <lg xml:id="o4986-s00845">
      <l xml:id="o4986-l04060">
         <w xml:id="o4986-077830"
            n="40-a-0430"
            ecep:lem="ah"
            ecep:pos="uh"
            ecep:reg="AH"
            ecep:spe="AH"
            ecep:syllab="1"
            ecep:pron="ɑː">AH</w>
         <pc xml:id="o4986-077840"
             n="40-a-0440"
             ecep:lem=","
             ecep:pos=","
             ecep:reg=","
             ecep:spe=",">,</pc>
         <c> </c>
         <w xml:id="o4986-077850"
            n="40-a-0450"
            ecep:lem="cruel"
            ecep:pos="j"
            ecep:reg="cruel"
            ecep:spe="cruel"
            ecep:syllab="2"
            ecep:pron="ˈkruːəl">cruel</w>
         <c> </c>
         <w xml:id="o4986-077860"
            n="40-a-0460"
            ecep:lem="Delia"
            ecep:pos="np1"
            ecep:reg="Delia"
            ecep:spe="Delia"
            ecep:syllab="2"
            ecep:pron="ˈdiːliə">Delia</w>
         <pc xml:id="o4986-077870"
             n="40-a-0470"
             ecep:lem="!"
             ecep:pos="!"
             ecep:reg="!"
             ecep:spe="!">!</pc>
         <c> </c>
         <w xml:id="o4986-077880"
            n="40-a-0480"
            ecep:lem="must"
            ecep:pos="vmb"
            ecep:reg="must"
            ecep:spe="must"
            ecep:syllab="1"
            ecep:pron="mʌst">must</w>
         <c> </c>
         <w xml:id="o4986-077890"
            n="40-a-0490"
            ecep:lem="i"
            ecep:pos="pns11"
            ecep:reg="I"
            ecep:spe="I"
            ecep:syllab="1"
            ecep:pron="aɪ">I</w>
         <c> </c>
         <w xml:id="o4986-077900"
            n="40-a-0500"
            ecep:lem="still"
            ecep:pos="av"
            ecep:reg="still"
            ecep:spe="still"
            ecep:syllab="1"
            ecep:pron="stɪl">still</w>
         <c> </c>
         <w xml:id="o4986-077910"
            n="40-a-0510"
            ecep:lem="remain"
            ecep:pos="vvi"
            ecep:reg="remain"
            ecep:spe="remain"
            ecep:syllab="2"
            ecep:pron="rɪˈmeɪn">remain</w>
      </l>
      <l xml:id="o4986-l04065">
         <c> </c>
         <w xml:id="o4986-077920"
            n="40-a-0520"
            ecep:lem="in"
            ecep:pos="p-acp"
            ecep:reg="In"
            ecep:spe="In"
            ecep:syllab="1"
            ecep:pron="ɪn">In</w>
         <c> </c>
         <w xml:id="o4986-077930"
            n="40-a-0530"
            ecep:lem="anxious"
            ecep:pos="j"
            ecep:reg="anxious"
            ecep:spe="anxious"
            ecep:syllab="2"
            ecep:pron="ˈæŋʃəs">anxious</w>
         <c> </c>
         <w xml:id="o4986-077940"
            n="40-a-0540"
            ecep:lem="doubt"
            ecep:pos="n1"
            ecep:reg="doubt"
            ecep:spe="doubt"
            ecep:syllab="1"
            ecep:pron="daʊt">doubt</w>
         <pc xml:id="o4986-077950"
             n="40-a-0550"
             ecep:lem="?"
             ecep:pos="?"
             ecep:reg="?"
             ecep:spe="?">?</pc>
         <c> </c>
         <w xml:id="o4986-077960"
            n="40-a-0560"
            ecep:lem="will"
            ecep:pos="vmb"
            ecep:reg="will"
            ecep:spe="will"
            ecep:syllab="1"
            ecep:pron="wɪl">will</w>
         <c> </c>
         <w xml:id="o4986-077970"
            n="40-a-0570"
            ecep:lem="nought"
            ecep:pos="pix"
            ecep:reg="nought"
            ecep:spe="nought"
            ecep:syllab="1"
            ecep:pron="nɔːt">nought</w>
         <c> </c>
         <w xml:id="o4986-077980"
            n="40-a-0580"
            ecep:lem="your"
            ecep:pos="po22"
            ecep:reg="your"
            ecep:spe="your"
            ecep:syllab="1"
            ecep:pron="jɔː">your</w>
         <c> </c>
         <w xml:id="o4986-077990"
            n="40-a-0590"
            ecep:lem="pity"
            ecep:pos="n1"
            ecep:reg="pity"
            ecep:spe="pity"
            ecep:syllab="2"
            ecep:pron="ˈpɪti">pity</w>
         <c> </c>
         <w xml:id="o4986-078000"
            n="40-a-0600"
            ecep:lem="move"
            ecep:pos="vvi"
            ecep:reg="move"
            ecep:spe="move"
            ecep:syllab="1"
            ecep:pron="muːv">move</w>
         <pc xml:id="o4986-078010"
             n="40-a-0610"
             unit="sentence"
             ecep:lem="?"
             ecep:pos="?"
             ecep:reg="?"
             ecep:spe="?">?</pc>
         <c> </c>
      </l>
      <l xml:id="o4986-l04070">
         <w xml:id="o4986-078020"
            n="40-a-0620"
            ecep:lem="must"
            ecep:pos="vmb"
            ecep:reg="Must"
            ecep:spe="Must"
            ecep:syllab="1"
            ecep:pron="mʌst">Must</w>
         <c> </c>
         <w xml:id="o4986-078030"
            n="40-a-0630"
            ecep:lem="i"
            ecep:pos="pns11"
            ecep:reg="I"
            ecep:spe="I"
            ecep:syllab="1"
            ecep:pron="aɪ">I</w>
         <c> </c>
         <w xml:id="o4986-078040"
            n="40-a-0640"
            ecep:lem="still"
            ecep:pos="av"
            ecep:reg="still"
            ecep:spe="still"
            ecep:syllab="1"
            ecep:pron="stɪl">still</w>
         <c> </c>
         <w xml:id="o4986-078050"
            n="40-a-0650"
            ecep:lem="languish"
            ecep:pos="vvb"
            ecep:reg="languish"
            ecep:spe="languish"
            ecep:syllab="2"
            ecep:pron="ˈlæŋgwɪʃ">languish</w>
         <pc xml:id="o4986-078060"
             n="40-a-0660"
             ecep:lem="?"
             ecep:pos="?"
             ecep:reg="?"
             ecep:spe="?">?</pc>
         <c> </c>
         <w xml:id="o4986-078070"
            n="40-a-0670"
            ecep:lem="must"
            ecep:pos="vmb"
            ecep:reg="must"
            ecep:spe="must"
            ecep:syllab="1"
            ecep:pron="mʌst">must</w>
         <c> </c>
         <w xml:id="o4986-078080"
            n="40-a-0680"
            ecep:lem="i"
            ecep:pos="pns11"
            ecep:reg="I"
            ecep:spe="I"
            ecep:syllab="1"
            ecep:pron="aɪ">I</w>
         <c> </c>
         <w xml:id="o4986-078090"
            n="40-a-0690"
            ecep:lem="still"
            ecep:pos="av"
            ecep:reg="still"
            ecep:spe="still"
            ecep:syllab="1"
            ecep:pron="stɪl">still</w>
         <c> </c>
         <w xml:id="o4986-078100"
            n="40-a-0700"
            ecep:lem="complain"
            ecep:pos="vvi"
            ecep:reg="complain"
            ecep:spe="complain"
            ecep:syllab="2"
            ecep:pron="kəmˈpleɪn">complain</w>
         <pc xml:id="o4986-078110"
             n="40-a-0710"
             unit="sentence"
             ecep:lem="?"
             ecep:pos="?"
             ecep:reg="?"
             ecep:spe="?">?</pc>
         <c> </c>
      </l>
      <l xml:id="o4986-l04075">
         <w xml:id="o4986-078120"
            n="40-a-0720"
            ecep:lem="still"
            ecep:pos="j"
            ecep:reg="Still"
            ecep:spe="Still"
            ecep:syllab="1"
            ecep:pron="stɪl">Still</w>
         <c> </c>
         <w xml:id="o4986-078130"
            n="40-a-0730"
            ecep:lem="be"
            ecep:pos="vbr"
            ecep:reg="are"
            ecep:spe="are"
            ecep:syllab="1"
            ecep:pron="ɑː">are</w>
         <c> </c>
         <w xml:id="o4986-078140"
            n="40-a-0740"
            ecep:lem="you"
            ecep:pos="pn22"
            ecep:reg="you"
            ecep:spe="you"
            ecep:syllab="1"
            ecep:pron="juː">you</w>
         <c> </c>
         <w xml:id="o4986-078150"
            n="40-a-0750"
            ecep:lem="deaf"
            ecep:pos="j"
            ecep:reg="deaf"
            ecep:spe="deaf"
            ecep:syllab="1"
            ecep:pron="def">deaf</w>
         <c> </c>
         <w xml:id="o4986-078160"
            n="40-a-0760"
            ecep:lem="to"
            ecep:pos="p-acp"
            ecep:reg="to"
            ecep:spe="to"
            ecep:syllab="1"
            ecep:pron="tuː">to</w>
         <c> </c>
         <w xml:id="o4986-078170"
            n="40-a-0770"
            ecep:lem="every"
            ecep:pos="d"
            ecep:reg="every"
            ecep:spe="every"
            ecep:syllab="2"
            ecep:pron="ˈevri">every</w>
         <c> </c>
         <w xml:id="o4986-078180"
            n="40-a-0780"
            ecep:lem="plea"
            ecep:pos="n1"
            ecep:reg="plea"
            ecep:spe="plea"
            ecep:syllab="1"
            ecep:pron="pliː">plea</w>
         <c> </c>
         <w xml:id="o4986-078190"
            n="40-a-0790"
            ecep:lem="of"
            ecep:pos="pp-f"
            ecep:reg="of"
            ecep:spe="of"
            ecep:syllab="1"
            ecep:pron="ɒv">of</w>
         <c> </c>
         <w xml:id="o4986-078200"
            n="40-a-0800"
            ecep:lem="love"
            ecep:pos="n1"
            ecep:reg="love"
            ecep:spe="love"
            ecep:syllab="1"
            ecep:pron="lʌv">love</w>
         <pc xml:id="o4986-078210"
             n="40-a-0810"
             unit="sentence"
             ecep:lem="?"
             ecep:pos="?"
             ecep:reg="?"
             ecep:spe="?">?</pc>
         <c> </c>
      </l>
   </lg>
   <lg xml:id="o4986-s00850">
      <l xml:id="o4986-l04080">
         <w xml:id="o4986-078240"
            n="40-a-0820"
            ecep:lem="a"
            ecep:pos="dt"
            ecep:reg="A"
            ecep:spe="A"
            ecep:syllab="1"
            ecep:pron="ə">A</w>
         <c> </c>
         <w xml:id="o4986-078250"
            n="40-a-0830"
            ecep:lem="stranger"
            ecep:pos="n1"
            ecep:reg="stranger"
            ecep:spe="stranger"
            ecep:syllab="2"
            ecep:pron="ˈstreɪndʒə">stranger</w>
         <c> </c>
         <w xml:id="o4986-078260"
            n="40-a-0840"
            ecep:lem="to"
            ecep:pos="p-acp"
            ecep:reg="to"
            ecep:spe="to"
            ecep:syllab="1"
            ecep:pron="tuː">to</w>
         <c> </c>
         <w xml:id="o4986-078270"
            n="40-a-0850"
            ecep:lem="the"
            ecep:pos="dt"
            ecep:reg="the"
            ecep:spe="the"
            ecep:syllab="1"
            ecep:pron="ðiː">the</w>
         <c> </c>
         <w xml:id="o4986-078280"
            n="40-a-0860"
            ecep:lem="odious"
            ecep:pos="j"
            ecep:reg="odious"
            ecep:spe="odious"
            ecep:syllab="3"
            ecep:pron="ˈəʊdiəs">odious</w>
         <c> </c>
         <w xml:id="o4986-078290"
            n="40-a-0870"
            ecep:lem="wile"
            ecep:pos="n2"
            ecep:reg="wiles"
            ecep:spe="wiles"
            ecep:syllab="1"
            ecep:pron="waɪlz">wiles</w>
         <c> </c>
         <w xml:id="o4986-078300"
            n="40-a-0880"
            ecep:lem="of"
            ecep:pos="pp-f"
            ecep:reg="of"
            ecep:spe="of"
            ecep:syllab="1"
            ecep:pron="ɒv">of</w>
         <c> </c>
         <w xml:id="o4986-078310"
            n="40-a-0890"
            ecep:lem="art"
            ecep:pos="n1"
            ecep:reg="art"
            ecep:spe="art"
            ecep:syllab="1"
            ecep:pron="ɑːt">art</w>
         <pc xml:id="o4986-078320"
             n="40-a-0900"
             ecep:lem=","
             ecep:pos=","
             ecep:reg=","
             ecep:spe=",">,</pc>
      </l>
      <l xml:id="o4986-l04085">
         <c> </c>
         <w xml:id="o4986-078330"
            n="40-a-0910"
            ecep:lem="the"
            ecep:pos="dt"
            ecep:reg="The"
            ecep:spe="The"
            ecep:syllab="1"
            ecep:pron="ðiː">The</w>
         <c> </c>
         <w xml:id="o4986-078340"
            n="40-a-0920"
            ecep:lem="coxcomb"
            ecep:pos="n1|vbz"
            ecep:reg="coxcomb's"
            ecep:spe="coxcomb's"
            ecep:syllab="2"
            ecep:pron="ˈkɒkskəʊmz">coxcomb's</w>
         <c> </c>
         <w xml:id="o4986-078350"
            n="40-a-0930"
            ecep:lem="chatter"
            ecep:pos="vvb"
            ecep:reg="chatter"
            ecep:spe="chatter"
            ecep:syllab="2"
            ecep:pron="ˈtʃætə">chatter</w>
         <pc xml:id="o4986-078360"
             n="40-a-0940"
             ecep:lem=","
             ecep:pos=","
             ecep:reg=","
             ecep:spe=",">,</pc>
         <c> </c>
         <w xml:id="o4986-078370"
            n="40-a-0950"
            ecep:lem="and"
            ecep:pos="cc"
            ecep:reg="and"
            ecep:spe="and"
            ecep:syllab="1"
            ecep:pron="ænd">and</w>
         <c> </c>
         <w xml:id="o4986-078380"
            n="40-a-0960"
            ecep:lem="the"
            ecep:pos="dt"
            ecep:reg="the"
            ecep:spe="the"
            ecep:syllab="1"
            ecep:pron="ðiː">the</w>
         <c> </c>
         <w xml:id="o4986-078390"
            n="40-a-0970"
            ecep:lem="beau"
            ecep:pos="ng1"
            ecep:reg="beau's"
            ecep:spe="beau's"
            ecep:syllab="2"
            ecep:pron="bəʊz">beau's</w>
         <c> </c>
         <w xml:id="o4986-078400"
            n="40-a-0980"
            ecep:lem="grimace"
            ecep:pos="n1"
            ecep:reg="grimace"
            ecep:spe="grimace"
            ecep:syllab="2"
            ecep:pron="ˈgrɪməs">grimace</w>
         <pc xml:id="o4986-078410"
             n="40-a-0990"
             ecep:lem=","
             ecep:pos=","
             ecep:reg=","
             ecep:spe=",">,</pc>
      </l>
      <l xml:id="o4986-l04090">
         <c> </c>
         <w xml:id="o4986-078420"
            n="40-a-1000"
            ecep:lem="i"
            ecep:pos="pns11"
            ecep:reg="I"
            ecep:spe="I"
            ecep:syllab="1"
            ecep:pron="aɪ">I</w>
         <c> </c>
         <w xml:id="o4986-078430"
            n="40-a-1010"
            ecep:lem="speak"
            ecep:pos="vvd"
            ecep:reg="spoke"
            ecep:spe="spoke"
            ecep:syllab="1"
            ecep:pron="spəʊk">spoke</w>
         <c> </c>
         <w xml:id="o4986-078440"
            n="40-a-1020"
            ecep:lem="the"
            ecep:pos="dt"
            ecep:reg="the"
            ecep:spe="the"
            ecep:syllab="1"
            ecep:pron="ðiː">the</w>
         <c> </c>
         <w xml:id="o4986-078450"
            n="40-a-1030"
            ecep:lem="honest"
            ecep:pos="j"
            ecep:reg="honest"
            ecep:spe="honest"
            ecep:syllab="2"
            ecep:pron="ˈɒnɪst">honest</w>
         <c> </c>
         <w xml:id="o4986-078460"
            n="40-a-1040"
            ecep:lem="dictate"
            ecep:pos="n2"
            ecep:reg="dictates"
            ecep:spe="dictates"
            ecep:syllab="2"
            ecep:pron="ˈdɪkteɪts">dictates</w>
         <c> </c>
         <w xml:id="o4986-078470"
            n="40-a-1050"
            ecep:lem="of"
            ecep:pos="pp-f"
            ecep:reg="of"
            ecep:spe="of"
            ecep:syllab="1"
            ecep:pron="ɒv">of</w>
         <c> </c>
         <w xml:id="o4986-078480"
            n="40-a-1060"
            ecep:lem="my"
            ecep:pos="po11"
            ecep:reg="my"
            ecep:spe="my"
            ecep:syllab="1"
            ecep:pron="maɪ">my</w>
         <c> </c>
         <w xml:id="o4986-078490"
            n="40-a-1070"
            ecep:lem="heart"
            ecep:pos="n1"
            ecep:reg="heart"
            ecep:spe="heart"
            ecep:syllab="1"
            ecep:pron="hɑːt">heart</w>
         <pc xml:id="o4986-078500"
             n="40-a-1080"
             ecep:lem=","
             ecep:pos=","
             ecep:reg=","
             ecep:spe=",">,</pc>
      </l>
      <l xml:id="o4986-l04095">
         <c> </c>
         <w xml:id="o4986-078510"
            n="40-a-1090"
            ecep:lem="nor"
            ecep:pos="ccx"
            ecep:reg="Nor"
            ecep:spe="Nor"
            ecep:syllab="1"
            ecep:pron="nɔː">Nor</w>
         <c> </c>
         <w xml:id="o4986-078520"
            n="40-a-1100"
            ecep:lem="mask"
            ecep:pos="vvd"
            ecep:reg="masked"
            ecep:spe="mask'd"
            ecep:syllab="1"
            ecep:pron="mɑːskt">mask'd</w>
         <c> </c>
         <w xml:id="o4986-078530"
            n="40-a-1110"
            ecep:lem="deceit"
            ecep:pos="n1"
            ecep:reg="deceit"
            ecep:spe="deceit"
            ecep:syllab="2"
            ecep:pron="dɪˈsiːt">deceit</w>
         <c> </c>
         <w xml:id="o4986-078540"
            n="40-a-1120"
            ecep:lem="beneath"
            ecep:pos="p-acp"
            ecep:reg="beneath"
            ecep:spe="beneath"
            ecep:syllab="2"
            ecep:pron="bɪˈniːθ">beneath</w>
         <c> </c>
         <w xml:id="o4986-078550"
            n="40-a-1130"
            ecep:lem="the"
            ecep:pos="dt"
            ecep:reg="the"
            ecep:spe="the"
            ecep:syllab="1"
            ecep:pron="ðiː">the</w>
         <c> </c>
         <w xml:id="o4986-078560"
            n="40-a-1140"
            ecep:lem="lover"
            ecep:pos="ng1"
            ecep:reg="lover's"
            ecep:spe="lover's"
            ecep:syllab="2"
            ecep:pron="ˈlʌvəz">lover's</w>
         <c> </c>
         <w xml:id="o4986-078570"
            n="40-a-1150"
            ecep:lem="face"
            ecep:pos="n1"
            ecep:reg="face"
            ecep:spe="face"
            ecep:syllab="1"
            ecep:pron="feɪs">face</w>
         <pc xml:id="o4986-078580"
             n="40-a-1160"
             ecep:lem=":"
             ecep:pos=":"
             ecep:reg=":"
             ecep:spe=":">:</pc>
      </l>
   </lg>
   <lg xml:id="o4986-s00855">
      <l xml:id="o4986-l04100">
         <w xml:id="o4986-078610"
            n="40-a-1170"
            ecep:lem="i"
            ecep:pos="pns11"
            ecep:reg="I"
            ecep:spe="I"
            ecep:syllab="1"
            ecep:pron="aɪ">I</w>
         <c> </c>
         <w xml:id="o4986-078620"
            n="40-a-1180"
            ecep:lem="never"
            ecep:pos="av-x"
            ecep:reg="never"
            ecep:spe="never"
            ecep:syllab="2"
            ecep:pron="ˈnevə">never</w>
         <c> </c>
         <w xml:id="o4986-078630"
            n="40-a-1190"
            ecep:lem="boast"
            ecep:pos="vvd"
            ecep:reg="boasted"
            ecep:spe="boasted"
            ecep:syllab="2"
            ecep:pron="bəʊstɪd">boasted</w>
         <c> </c>
         <w xml:id="o4986-078640"
            n="40-a-1200"
            ecep:lem="heap"
            ecep:pos="n2"
            ecep:reg="heaps"
            ecep:spe="heaps"
            ecep:syllab="1"
            ecep:pron="hiːps">heaps</w>
         <c> </c>
         <w xml:id="o4986-078650"
            n="40-a-1210"
            ecep:lem="of"
            ecep:pos="pp-f"
            ecep:reg="of"
            ecep:spe="of"
            ecep:syllab="1"
            ecep:pron="ɒv">of</w>
         <c> </c>
         <w xml:id="o4986-078660"
            n="40-a-1220"
            ecep:lem="treasure"
            ecep:pos="j-vvn"
            ecep:reg="treasured"
            ecep:spe="treasur'd"
            ecep:syllab="2"
            ecep:pron="ˈtreʒəd">treasur'd</w>
         <c> </c>
         <w xml:id="o4986-078670"
            n="40-a-1230"
            ecep:lem="gold"
            ecep:pos="n1"
            ecep:reg="gold"
            ecep:spe="gold"
            ecep:syllab="1"
            ecep:pron="gəʊld">gold</w>
         <pc xml:id="o4986-078680"
             n="40-a-1240"
             ecep:lem=","
             ecep:pos=","
             ecep:reg=","
             ecep:spe=",">,</pc>
      </l>
      <l xml:id="o4986-l04105">
         <c> </c>
         <w xml:id="o4986-078690"
            n="40-a-1250"
            ecep:lem="no"
            ecep:pos="uh-x"
            ecep:reg="No"
            ecep:spe="No"
            ecep:syllab="1"
            ecep:pron="nəʊ">No</w>
         <c> </c>
         <w xml:id="o4986-078700"
            n="40-a-1260"
            ecep:lem="dirty"
            ecep:pos="j"
            ecep:reg="dirty"
            ecep:spe="dirty"
            ecep:syllab="2"
            ecep:pron="ˈdɜːti">dirty</w>
         <c> </c>
         <w xml:id="o4986-078710"
            n="40-a-1270"
            ecep:lem="acre"
            ecep:pos="n2"
            ecep:reg="acres"
            ecep:spe="acres"
            ecep:syllab="2"
            ecep:pron="ˈeɪkəz">acres</w>
         <c> </c>
         <w xml:id="o4986-078720"
            n="40-a-1280"
            ecep:lem="ever"
            ecep:pos="av"
            ecep:reg="ever"
            ecep:spe="ever"
            ecep:syllab="2"
            ecep:pron="ˈevə">ever</w>
         <c> </c>
         <w xml:id="o4986-078730"
            n="40-a-1290"
            ecep:lem="be"
            ecep:pos="vbdr"
            ecep:reg="were"
            ecep:spe="were"
            ecep:syllab="1"
            ecep:pron="wɜː">were</w>
         <c> </c>
         <w xml:id="o4986-078740"
            n="40-a-1300"
            ecep:lem="my"
            ecep:pos="po11"
            ecep:reg="my"
            ecep:spe="my"
            ecep:syllab="1"
            ecep:pron="maɪ">my</w>
         <c> </c>
         <w xml:id="o4986-078750"
            n="40-a-1310"
            ecep:lem="theme"
            ecep:pos="n1"
            ecep:reg="theme"
            ecep:spe="theme"
            ecep:syllab="1"
            ecep:pron="θiːm">theme</w>
         <pc xml:id="o4986-078760"
             n="40-a-1320"
             ecep:lem=","
             ecep:pos=","
             ecep:reg=","
             ecep:spe=",">,</pc>
      </l>
      <l xml:id="o4986-l04110">
         <c> </c>
         <w xml:id="o4986-078770"
            n="40-a-1330"
            ecep:lem="the"
            ecep:pos="dt"
            ecep:reg="The"
            ecep:spe="The"
            ecep:syllab="1"
            ecep:pron="ðiː">The</w>
         <c> </c>
         <w xml:id="o4986-078780"
            n="40-a-1340"
            ecep:lem="sordid"
            ecep:pos="j"
            ecep:reg="sordid"
            ecep:spe="sordid"
            ecep:syllab="2"
            ecep:pron="ˈsɔːdɪd">sordid</w>
         <c> </c>
         <w xml:id="o4986-078790"
            n="40-a-1350"
            ecep:lem="wretch"
            ecep:pos="n1"
            ecep:reg="wretch"
            ecep:spe="wretch"
            ecep:syllab="1"
            ecep:pron="retʃ">wretch</w>
         <c> </c>
         <w xml:id="o4986-078800"
            n="40-a-1360"
            ecep:lem="beneath"
            ecep:pos="p-acp"
            ecep:reg="beneath"
            ecep:spe="beneath"
            ecep:syllab="2"
            ecep:pron="bɪˈniːθ">beneath</w>
         <c> </c>
         <w xml:id="o4986-078810"
            n="40-a-1370"
            ecep:lem="contempt"
            ecep:pos="n1"
            ecep:reg="contempt"
            ecep:spe="contempt"
            ecep:syllab="2"
            ecep:pron="kənˈtemt">contempt</w>
         <c> </c>
         <w xml:id="o4986-078820"
            n="40-a-1380"
            ecep:lem="i"
            ecep:pos="pns11"
            ecep:reg="I"
            ecep:spe="I"
            ecep:syllab="1"
            ecep:pron="aɪ">I</w>
         <c> </c>
         <w xml:id="o4986-078830"
            n="40-a-1390"
            ecep:lem="hold"
            ecep:pos="vvb"
            ecep:reg="hold"
            ecep:spe="hold"
            ecep:syllab="1"
            ecep:pron="həʊld">hold</w>
         <pc xml:id="o4986-078840"
             n="40-a-1400"
             ecep:lem=","
             ecep:pos=","
             ecep:reg=","
             ecep:spe=",">,</pc>
      </l>
      <l xml:id="o4986-l04115">
         <c> </c>
         <w xml:id="o4986-078850"
            n="40-a-1410"
            ecep:lem="who"
            ecep:pos="q-crq"
            ecep:reg="Who"
            ecep:spe="Who"
            ecep:syllab="1"
            ecep:pron="huː">Who</w>
         <c> </c>
         <w xml:id="o4986-078860"
            n="40-a-1420"
            ecep:lem="dare"
            ecep:pos="vvz"
            ecep:reg="dares"
            ecep:spe="dares"
            ecep:syllab="1"
            ecep:pron="deəz">dares</w>
         <c> </c>
         <w xml:id="o4986-078870"
            n="40-a-1430"
            ecep:lem="with"
            ecep:pos="p-acp"
            ecep:reg="with"
            ecep:spe="with"
            ecep:syllab="1"
            ecep:pron="wɪð">with</w>
         <c> </c>
         <w xml:id="o4986-078880"
            n="40-a-1440"
            ecep:lem="love"
            ecep:pos="n1"
            ecep:reg="love"
            ecep:spe="love"
            ecep:syllab="1"
            ecep:pron="lʌv">love</w>
         <c> </c>
         <w xml:id="o4986-078890"
            n="40-a-1450"
            ecep:lem="such"
            ecep:pos="d"
            ecep:reg="such"
            ecep:spe="such"
            ecep:syllab="1"
            ecep:pron="sʌtʃ">such</w>
         <c> </c>
         <w xml:id="o4986-078900"
            n="40-a-1460"
            ecep:lem="worthless"
            ecep:pos="j"
            ecep:reg="worthless"
            ecep:spe="worthless"
            ecep:syllab="2"
            ecep:pron="ˈwɜːθləs">worthless</w>
         <c> </c>
         <w xml:id="o4986-078910"
            n="40-a-1470"
            ecep:lem="trifle"
            ecep:pos="n2"
            ecep:reg="trifles"
            ecep:spe="trifles"
            ecep:syllab="2"
            ecep:pron="ˈtraɪflz">trifles</w>
         <c> </c>
         <w xml:id="o4986-078920"
            n="40-a-1480"
            ecep:lem="name"
            ecep:pos="n1"
            ecep:reg="name"
            ecep:spe="name"
            ecep:syllab="1"
            ecep:pron="neɪm">name</w>
         <pc xml:id="o4986-078930"
             n="40-a-1490"
             unit="sentence"
             ecep:lem="."
             ecep:pos="."
             ecep:reg="."
             ecep:spe=".">.</pc>
         <c> </c>
      </l>
   </lg>
   <pb facs="o4986/0041" n="39" rend="none"/>
   <lg xml:id="o4986-s00860">
      <l xml:id="o4986-l04120">
         <w xml:id="o4986-078960"
            n="41-a-0010"
            ecep:lem="and"
            ecep:pos="cc"
            ecep:reg="And"
            ecep:spe="And"
            ecep:syllab="1"
            ecep:pron="ænd">And</w>
         <c> </c>
         <w xml:id="o4986-078970"
            n="41-a-0020"
            ecep:lem="let"
            ecep:pos="vvb"
            ecep:reg="let"
            ecep:spe="let"
            ecep:syllab="1"
            ecep:pron="let">let</w>
         <c> </c>
         <w xml:id="o4986-078980"
            n="41-a-0030"
            ecep:lem="the"
            ecep:pos="dt"
            ecep:reg="the"
            ecep:spe="the"
            ecep:syllab="1"
            ecep:pron="ðiː">the</w>
         <c> </c>
         <w xml:id="o4986-078990"
            n="41-a-0040"
            ecep:lem="fair"
            ecep:pos="j"
            ecep:reg="fair"
            ecep:spe="fair"
            ecep:syllab="1"
            ecep:pron="feə">fair</w>
         <pc xml:id="o4986-079000"
             n="41-a-0050"
             ecep:lem=","
             ecep:pos=","
             ecep:reg=","
             ecep:spe=",">,</pc>
         <c> </c>
         <w xml:id="o4986-079010"
            n="41-a-0060"
            ecep:lem="who"
            ecep:pos="r-crq"
            ecep:reg="whom"
            ecep:spe="whom"
            ecep:syllab="1"
            ecep:pron="huːm">whom</w>
         <c> </c>
         <w xml:id="o4986-079020"
            n="41-a-0070"
            ecep:lem="glitter"
            ecep:pos="j-vvg"
            ecep:reg="glittering"
            ecep:spe="glittering"
            ecep:syllab="3"
            ecep:pron="ˈglɪtrɪŋ">glittering</w>
         <c> </c>
         <w xml:id="o4986-079030"
            n="41-a-0080"
            ecep:lem="dust"
            ecep:pos="n1"
            ecep:reg="dust"
            ecep:spe="dust"
            ecep:syllab="1"
            ecep:pron="dʌst">dust</w>
         <c> </c>
         <w xml:id="o4986-079040"
            n="41-a-0090"
            ecep:lem="delight"
            ecep:pos="vvz"
            ecep:reg="delights"
            ecep:spe="delights"
            ecep:syllab="2"
            ecep:pron="dɪˈlaɪts">delights</w>
         <pc xml:id="o4986-079050"
             n="41-a-0100"
             ecep:lem=","
             ecep:pos=","
             ecep:reg=","
             ecep:spe=",">,</pc>
      </l>
      <l xml:id="o4986-l04125">
         <c> </c>
         <w xml:id="o4986-079060"
            n="41-a-0110"
            ecep:lem="in"
            ecep:pos="p-acp"
            ecep:reg="In"
            ecep:spe="In"
            ecep:syllab="1"
            ecep:pron="ɪn">In</w>
         <c> </c>
         <w xml:id="o4986-079070"
            n="41-a-0120"
            ecep:lem="lieu"
            ecep:pos="fw-fr"
            ecep:reg="lieu"
            ecep:spe="lieu"
            ecep:syllab="1"
            ecep:pron="ljuː">lieu</w>
         <c> </c>
         <w xml:id="o4986-079080"
            n="41-a-0130"
            ecep:lem="of"
            ecep:pos="pp-f"
            ecep:reg="of"
            ecep:spe="of"
            ecep:syllab="1"
            ecep:pron="ɒv">of</w>
         <c> </c>
         <w xml:id="o4986-079090"
            n="41-a-0140"
            ecep:lem="jointure"
            ecep:pos="n1"
            ecep:reg="jointure"
            ecep:spe="jointure"
            ecep:syllab="2"
            ecep:pron="ˈdʒɔɪntʃə">jointure</w>
         <pc xml:id="o4986-079100"
             n="41-a-0150"
             ecep:lem=","
             ecep:pos=","
             ecep:reg=","
             ecep:spe=",">,</pc>
         <c> </c>
         <w xml:id="o4986-079110"
            n="41-a-0160"
            ecep:lem="barter"
            ecep:pos="n1"
            ecep:reg="barter"
            ecep:spe="barter"
            ecep:syllab="2"
            ecep:pron="ˈbɑːtə">barter</w>
         <c> </c>
         <w xml:id="o4986-079120"
            n="41-a-0170"
            ecep:lem="bliss"
            ecep:pos="n1"
            ecep:reg="bliss"
            ecep:spe="bliss"
            ecep:syllab="1"
            ecep:pron="blɪs">bliss</w>
         <c> </c>
         <w xml:id="o4986-079130"
            n="41-a-0180"
            ecep:lem="and"
            ecep:pos="cc"
            ecep:reg="and"
            ecep:spe="and"
            ecep:syllab="1"
            ecep:pron="ænd">and</w>
         <c> </c>
         <w xml:id="o4986-079140"
            n="41-a-0190"
            ecep:lem="peace"
            ecep:pos="n1"
            ecep:reg="peace"
            ecep:spe="peace"
            ecep:syllab="1"
            ecep:pron="piːs">peace</w>
         <pc xml:id="o4986-079150"
             n="41-a-0200"
             ecep:lem=";"
             ecep:pos=";"
             ecep:reg=";"
             ecep:spe=";">;</pc>
      </l>
      <l xml:id="o4986-l04130">
         <c> </c>
         <w xml:id="o4986-079160"
            n="41-a-0210"
            ecep:lem="insipid"
            ecep:pos="j"
            ecep:reg="Insipid"
            ecep:spe="Insipid"
            ecep:syllab="3"
            ecep:pron="ɪnˈsɪpɪd">Insipid</w>
         <c> </c>
         <w xml:id="o4986-079170"
            n="41-a-0220"
            ecep:lem="pleasure"
            ecep:pos="n2"
            ecep:reg="pleasures"
            ecep:spe="pleasures"
            ecep:syllab="2"
            ecep:pron="ˈpleʒəz">pleasures</w>
         <c> </c>
         <w xml:id="o4986-079180"
            n="41-a-0230"
            ecep:lem="waste"
            ecep:pos="vvb"
            ecep:reg="waste"
            ecep:spe="waste"
            ecep:syllab="1"
            ecep:pron="weɪst">waste</w>
         <c> </c>
         <w xml:id="o4986-079190"
            n="41-a-0240"
            ecep:lem="her"
            ecep:pos="po31"
            ecep:reg="her"
            ecep:spe="her"
            ecep:syllab="1"
            ecep:pron="hɜː">her</w>
         <c> </c>
         <w xml:id="o4986-079200"
            n="41-a-0250"
            ecep:lem="tedious"
            ecep:pos="j"
            ecep:reg="tedious"
            ecep:spe="tedious"
            ecep:syllab="3"
            ecep:pron="ˈtiːdiəs">tedious</w>
         <c> </c>
         <w xml:id="o4986-079210"
            n="41-a-0260"
            ecep:lem="night"
            ecep:pos="n2"
            ecep:reg="nights"
            ecep:spe="nights"
            ecep:syllab="1"
            ecep:pron="naɪts">nights</w>
         <pc xml:id="o4986-079220"
             n="41-a-0270"
             ecep:lem=","
             ecep:pos=","
             ecep:reg=","
             ecep:spe=",">,</pc>
      </l>
      <l xml:id="o4986-l04135">
         <c> </c>
         <w xml:id="o4986-079230"
            n="41-a-0280"
            ecep:lem="and"
            ecep:pos="cc"
            ecep:reg="And"
            ecep:spe="And"
            ecep:syllab="1"
            ecep:pron="ænd">And</w>
         <c> </c>
         <w xml:id="o4986-079240"
            n="41-a-0290"
            ecep:lem="jealous"
            ecep:pos="j"
            ecep:reg="jealous"
            ecep:spe="jealous"
            ecep:syllab="2"
            ecep:pron="ˈdʒeləs">jealous</w>
         <c> </c>
         <w xml:id="o4986-079250"
            n="41-a-0300"
            ecep:lem="wrangle"
            ecep:pos="n2-vvg"
            ecep:reg="wranglings"
            ecep:spe="wranglings"
            ecep:syllab="2"
            ecep:pron="ˈræŋglɪŋz">wranglings</w>
         <c> </c>
         <w xml:id="o4986-079260"
            n="41-a-0310"
            ecep:lem="wear"
            ecep:pos="vvi"
            ecep:reg="wear"
            ecep:spe="wear"
            ecep:syllab="1"
            ecep:pron="weə">wear</w>
         <c> </c>
         <w xml:id="o4986-079270"
            n="41-a-0320"
            ecep:lem="away"
            ecep:pos="av"
            ecep:reg="away"
            ecep:spe="away"
            ecep:syllab="2"
            ecep:pron="əˈweɪ">away</w>
         <c> </c>
         <w xml:id="o4986-079280"
            n="41-a-0330"
            ecep:lem="her"
            ecep:pos="po31"
            ecep:reg="her"
            ecep:spe="her"
            ecep:syllab="1"
            ecep:pron="hɜː">her</w>
         <c> </c>
         <w xml:id="o4986-079290"
            n="41-a-0340"
            ecep:lem="day"
            ecep:pos="n2"
            ecep:reg="days"
            ecep:spe="days"
            ecep:syllab="1"
            ecep:pron="deɪz">days</w>
         <pc xml:id="o4986-079300"
             n="41-a-0350"
             unit="sentence"
             ecep:lem="."
             ecep:pos="."
             ecep:reg="."
             ecep:spe=".">.</pc>
         <c> </c>
      </l>
   </lg>
   <lg xml:id="o4986-s00865">
      <l xml:id="o4986-l04140">
         <w xml:id="o4986-079330"
            n="41-a-0360"
            ecep:lem="not"
            ecep:pos="xx"
            ecep:reg="Not"
            ecep:spe="Not"
            ecep:syllab="1"
            ecep:pron="nɒt">Not</w>
         <c> </c>
         <w xml:id="o4986-079340"
            n="41-a-0370"
            ecep:lem="such"
            ecep:pos="d"
            ecep:reg="such"
            ecep:spe="such"
            ecep:syllab="1"
            ecep:pron="sʌtʃ">such</w>
         <c> </c>
         <w xml:id="o4986-079350"
            n="41-a-0380"
            ecep:lem="the"
            ecep:pos="dt"
            ecep:reg="the"
            ecep:spe="the"
            ecep:syllab="1"
            ecep:pron="ðiː">the</w>
         <c> </c>
         <w xml:id="o4986-079360"
            n="41-a-0390"
            ecep:lem="hour"
            ecep:pos="n2"
            ecep:reg="hours"
            ecep:spe="hours"
            ecep:syllab="1"
            ecep:pron="æəz">hours</w>
         <pc xml:id="o4986-079370"
             n="41-a-0400"
             ecep:lem=","
             ecep:pos=","
             ecep:reg=","
             ecep:spe=",">,</pc>
         <c> </c>
         <w xml:id="o4986-079380"
            n="41-a-0410"
            ecep:lem="i"
            ecep:pos="pns11"
            ecep:reg="I"
            ecep:spe="I"
            ecep:syllab="1"
            ecep:pron="aɪ">I</w>
         <c> </c>
         <w xml:id="o4986-079390"
            n="41-a-0420"
            ecep:lem="hope"
            ecep:pos="vvd"
            ecep:reg="hoped"
            ecep:spe="hop'd"
            ecep:syllab="1"
            ecep:pron="həʊpt">hop'd</w>
         <pc xml:id="o4986-079400"
             n="41-a-0430"
             ecep:lem=","
             ecep:pos=","
             ecep:reg=","
             ecep:spe=",">,</pc>
         <c> </c>
         <w xml:id="o4986-079410"
            n="41-a-0440"
            ecep:lem="with"
            ecep:pos="p-acp"
            ecep:reg="with"
            ecep:spe="with"
            ecep:syllab="1"
            ecep:pron="wɪð">with</w>
         <c> </c>
         <w xml:id="o4986-079420"
            n="41-a-0450"
            ecep:lem="you"
            ecep:pos="pn22"
            ecep:reg="you"
            ecep:spe="you"
            ecep:syllab="1"
            ecep:pron="juː">you</w>
         <c> </c>
         <w xml:id="o4986-079430"
            n="41-a-0460"
            ecep:lem="to"
            ecep:pos="pc-acp"
            ecep:reg="to"
            ecep:spe="to"
            ecep:syllab="1"
            ecep:pron="tuː">to</w>
         <c> </c>
         <w xml:id="o4986-079440"
            n="41-a-0470"
            ecep:lem="share"
            ecep:pos="vvi"
            ecep:reg="share"
            ecep:spe="share"
            ecep:syllab="1"
            ecep:pron="ʃeə">share</w>
         <pc xml:id="o4986-079450"
             n="41-a-0480"
             ecep:lem=";"
             ecep:pos=";"
             ecep:reg=";"
             ecep:spe=";">;</pc>
      </l>
      <l xml:id="o4986-l04145">
         <c> </c>
         <w xml:id="o4986-079460"
            n="41-a-0490"
            ecep:lem="not"
            ecep:pos="xx"
            ecep:reg="Not"
            ecep:spe="Not"
            ecep:syllab="1"
            ecep:pron="nɒt">Not</w>
         <c> </c>
         <w xml:id="o4986-079470"
            n="41-a-0500"
            ecep:lem="thus"
            ecep:pos="av"
            ecep:reg="thus"
            ecep:spe="thus"
            ecep:syllab="1"
            ecep:pron="ðʌs">thus</w>
         <c> </c>
         <w xml:id="o4986-079480"
            n="41-a-0510"
            ecep:lem="to"
            ecep:pos="pc-acp"
            ecep:reg="to"
            ecep:spe="to"
            ecep:syllab="1"
            ecep:pron="tuː">to</w>
         <c> </c>
         <w xml:id="o4986-079490"
            n="41-a-0520"
            ecep:lem="tread"
            ecep:pos="vvi"
            ecep:reg="tread"
            ecep:spe="tread"
            ecep:syllab="1"
            ecep:pron="tred">tread</w>
         <c> </c>
         <w xml:id="o4986-079500"
            n="41-a-0530"
            ecep:lem="the"
            ecep:pos="dt"
            ecep:reg="the"
            ecep:spe="the"
            ecep:syllab="1"
            ecep:pron="ðiː">the</w>
         <c> </c>
         <w xml:id="o4986-079510"
            n="41-a-0540"
            ecep:lem="vulgar"
            ecep:pos="j"
            ecep:reg="vulgar"
            ecep:spe="vulgar"
            ecep:syllab="2"
            ecep:pron="ˈvʌlgə">vulgar</w>
         <c> </c>
         <w xml:id="o4986-079520"
            n="41-a-0550"
            ecep:lem="path"
            ecep:pos="n1"
            ecep:reg="path"
            ecep:spe="path"
            ecep:syllab="1"
            ecep:pron="pɑːθ">path</w>
         <c> </c>
         <w xml:id="o4986-079530"
            n="41-a-0560"
            ecep:lem="of"
            ecep:pos="pp-f"
            ecep:reg="of"
            ecep:spe="of"
            ecep:syllab="1"
            ecep:pron="ɒv">of</w>
         <c> </c>
         <w xml:id="o4986-079540"
            n="41-a-0570"
            ecep:lem="life"
            ecep:pos="n1"
            ecep:reg="life"
            ecep:spe="life"
            ecep:syllab="1"
            ecep:pron="laɪf">life</w>
         <pc xml:id="o4986-079550"
             n="41-a-0580"
             ecep:lem=";"
             ecep:pos=";"
             ecep:reg=";"
             ecep:spe=";">;</pc>
      </l>
      <l xml:id="o4986-l04150">
         <c> </c>
         <w xml:id="o4986-079560"
            n="41-a-0590"
            ecep:lem="such"
            ecep:pos="d"
            ecep:reg="Such"
            ecep:spe="Such"
            ecep:syllab="1"
            ecep:pron="sʌtʃ">Such</w>
         <c> </c>
         <w xml:id="o4986-079570"
            n="41-a-0600"
            ecep:lem="base"
            ecep:pos="n1"
            ecep:reg="base"
            ecep:spe="base"
            ecep:syllab="1"
            ecep:pron="beɪs">base</w>
         <pc xml:id="o4986-079580"
             n="41-a-0610"
             ecep:lem=","
             ecep:pos=","
             ecep:reg=","
             ecep:spe=",">,</pc>
         <c> </c>
         <w xml:id="o4986-079590"
            n="41-a-0620"
            ecep:lem="such"
            ecep:pos="d"
            ecep:reg="such"
            ecep:spe="such"
            ecep:syllab="1"
            ecep:pron="sʌtʃ">such</w>
         <c> </c>
         <w xml:id="o4986-079600"
            n="41-a-0630"
            ecep:lem="brutal"
            ecep:pos="j"
            ecep:reg="brutal"
            ecep:spe="brutal"
            ecep:syllab="2"
            ecep:pron="ˈbruːtl">brutal</w>
         <c> </c>
         <w xml:id="o4986-079610"
            n="41-a-0640"
            ecep:lem="joy"
            ecep:pos="n2"
            ecep:reg="joys"
            ecep:spe="joys"
            ecep:syllab="1"
            ecep:pron="dʒɔɪz">joys</w>
         <c> </c>
         <w xml:id="o4986-079620"
            n="41-a-0650"
            ecep:lem="can"
            ecep:pos="vmb"
            ecep:reg="can"
            ecep:spe="can"
            ecep:syllab="1"
            ecep:pron="kæn">can</w>
         <c> </c>
         <w xml:id="o4986-079630"
            n="41-a-0660"
            ecep:lem="never"
            ecep:pos="av-x"
            ecep:reg="never"
            ecep:spe="ne'er"
            ecep:syllab="1"
            ecep:pron="neə">ne'er</w>
         <c> </c>
         <w xml:id="o4986-079640"
            n="41-a-0670"
            ecep:lem="endear"
            ecep:pos="vvi"
            ecep:reg="endear"
            ecep:spe="endear"
            ecep:syllab="2"
            ecep:pron="ɪnˈdɪə">endear</w>
         <pc xml:id="o4986-079650"
             n="41-a-0680"
             ecep:lem=","
             ecep:pos=","
             ecep:reg=","
             ecep:spe=",">,</pc>
      </l>
      <l xml:id="o4986-l04155">
         <c> </c>
         <w xml:id="o4986-079660"
            n="41-a-0690"
            ecep:lem="can"
            ecep:pos="vmb"
            ecep:reg="Can"
            ecep:spe="Can"
            ecep:syllab="1"
            ecep:pron="kæn">Can</w>
         <c> </c>
         <w xml:id="o4986-079670"
            n="41-a-0700"
            ecep:lem="never"
            ecep:pos="av-x"
            ecep:reg="never"
            ecep:spe="ne'er"
            ecep:syllab="1"
            ecep:pron="neə">ne'er</w>
         <c> </c>
         <w xml:id="o4986-079680"
            n="41-a-0710"
            ecep:lem="insure"
            ecep:pos="vvi"
            ecep:reg="insure"
            ecep:spe="insure"
            ecep:syllab="2"
            ecep:pron="ɪnˈʃʊə">insure</w>
         <c> </c>
         <w xml:id="o4986-079690"
            n="41-a-0720"
            ecep:lem="the"
            ecep:pos="dt"
            ecep:reg="the"
            ecep:spe="the"
            ecep:syllab="1"
            ecep:pron="ðiː">the</w>
         <c> </c>
         <w xml:id="o4986-079700"
            n="41-a-0730"
            ecep:lem="fond"
            ecep:pos="j"
            ecep:reg="fond"
            ecep:spe="fond"
            ecep:syllab="1"
            ecep:pron="fɒnd">fond</w>
         <pc xml:id="o4986-079710"
             n="41-a-0740"
             ecep:lem=","
             ecep:pos=","
             ecep:reg=","
             ecep:spe=",">,</pc>
         <c> </c>
         <w xml:id="o4986-079720"
            n="41-a-0750"
            ecep:lem="the"
            ecep:pos="dt"
            ecep:reg="the"
            ecep:spe="the"
            ecep:syllab="1"
            ecep:pron="ðiː">the</w>
         <c> </c>
         <w xml:id="o4986-079730"
            n="41-a-0760"
            ecep:lem="tender"
            ecep:pos="j"
            ecep:reg="tender"
            ecep:spe="tender"
            ecep:syllab="2"
            ecep:pron="ˈtendə">tender</w>
         <c> </c>
         <w xml:id="o4986-079740"
            n="41-a-0770"
            ecep:lem="wife"
            ecep:pos="n1"
            ecep:reg="wife"
            ecep:spe="wife"
            ecep:syllab="1"
            ecep:pron="waɪf">wife</w>
         <pc xml:id="o4986-079750"
             n="41-a-0780"
             unit="sentence"
             ecep:lem="."
             ecep:pos="."
             ecep:reg="."
             ecep:spe=".">.</pc>
         <c> </c>
      </l>
   </lg>
   <lg xml:id="o4986-s00870">
      <l xml:id="o4986-l04160">
         <w xml:id="o4986-079780"
            n="41-a-0790"
            ecep:lem="it|be"
            ecep:pos="pn31|vbz"
            ecep:reg="It's"
            ecep:spe="'Tis"
            ecep:syllab="1"
            ecep:pron="tɪz">'Tis</w>
         <c> </c>
         <w xml:id="o4986-079790"
            n="41-a-0800"
            ecep:lem="then"
            ecep:pos="av"
            ecep:reg="then"
            ecep:spe="then"
            ecep:syllab="1"
            ecep:pron="ðen">then</w>
         <pc xml:id="o4986-079800"
             n="41-a-0810"
             ecep:lem=","
             ecep:pos=","
             ecep:reg=","
             ecep:spe=",">,</pc>
         <c> </c>
         <w xml:id="o4986-079810"
            n="41-a-0820"
            ecep:lem="o"
            ecep:pos="uh"
            ecep:reg="OH"
            ecep:spe="O"
            ecep:syllab="1"
            ecep:pron="əʊ">O</w>
         <c> </c>
         <w xml:id="o4986-079820"
            n="41-a-0830"
            ecep:lem="then"
            ecep:pos="av"
            ecep:reg="then"
            ecep:spe="then"
            ecep:syllab="1"
            ecep:pron="ðen">then</w>
         <pc xml:id="o4986-079830"
             n="41-a-0840"
             ecep:lem=","
             ecep:pos=","
             ecep:reg=","
             ecep:spe=",">,</pc>
         <c> </c>
         <w xml:id="o4986-079840"
            n="41-a-0850"
            ecep:lem="we"
            ecep:pos="pns12"
            ecep:reg="we"
            ecep:spe="we"
            ecep:syllab="1"
            ecep:pron="wiː">we</w>
         <c> </c>
         <w xml:id="o4986-079850"
            n="41-a-0860"
            ecep:lem="feel"
            ecep:pos="vvb"
            ecep:reg="feel"
            ecep:spe="feel"
            ecep:syllab="1"
            ecep:pron="fiːl">feel</w>
         <c> </c>
         <w xml:id="o4986-079860"
            n="41-a-0870"
            ecep:lem="the"
            ecep:pos="dt"
            ecep:reg="the"
            ecep:spe="th'"
            ecep:syllab="0"
            ecep:pron="ð">th'</w>
         <c> </c>
         <w xml:id="o4986-079870"
            n="41-a-0880"
            ecep:lem="enrapture"
            ecep:pos="j-vvn"
            ecep:reg="inraptured"
            ecep:spe="inraptur'd"
            ecep:syllab="3"
            ecep:pron="ˈɪnræptʃəd">inraptur'd</w>
         <c> </c>
         <w xml:id="o4986-079880"
            n="41-a-0890"
            ecep:lem="bliss"
            ecep:pos="n1"
            ecep:reg="bliss"
            ecep:spe="bliss"
            ecep:syllab="1"
            ecep:pron="blɪs">bliss</w>
         <pc xml:id="o4986-079890"
             n="41-a-0900"
             ecep:lem=","
             ecep:pos=","
             ecep:reg=","
             ecep:spe=",">,</pc>
      </l>
      <l xml:id="o4986-l04165">
         <c> </c>
         <w xml:id="o4986-079900"
            n="41-a-0910"
            ecep:lem="when"
            ecep:pos="c-crq"
            ecep:reg="When"
            ecep:spe="When"
            ecep:syllab="1"
            ecep:pron="wen">When</w>
         <c> </c>
         <w xml:id="o4986-079910"
            n="41-a-0920"
            ecep:lem="lose"
            ecep:pos="vvn"
            ecep:reg="lost"
            ecep:spe="lost"
            ecep:syllab="1"
            ecep:pron="lɒst">lost</w>
         <c> </c>
         <w xml:id="o4986-079920"
            n="41-a-0930"
            ecep:lem="in"
            ecep:pos="p-acp"
            ecep:reg="in"
            ecep:spe="in"
            ecep:syllab="1"
            ecep:pron="ɪn">in</w>
         <c> </c>
         <w xml:id="o4986-079930"
            n="41-a-0940"
            ecep:lem="soft"
            ecep:pos="j"
            ecep:reg="soft"
            ecep:spe="soft"
            ecep:syllab="1"
            ecep:pron="sɒft">soft</w>
         <c> </c>
         <w xml:id="o4986-079940"
            n="41-a-0950"
            ecep:lem="confusion"
            ecep:pos="n1"
            ecep:reg="confusion"
            ecep:spe="confusion"
            ecep:syllab="3"
            ecep:pron="kənˈfjuːʒn">confusion</w>
         <pc xml:id="o4986-079950"
             n="41-a-0960"
             ecep:lem=","
             ecep:pos=","
             ecep:reg=","
             ecep:spe=",">,</pc>
         <c> </c>
         <w xml:id="o4986-079960"
            n="41-a-0970"
            ecep:lem="sweet"
            ecep:pos="av-j"
            ecep:reg="sweetly"
            ecep:spe="sweetly"
            ecep:syllab="2"
            ecep:pron="swiːtli">sweetly</w>
         <c> </c>
         <w xml:id="o4986-079970"
            n="41-a-0980"
            ecep:lem="coy"
            ecep:pos="j"
            ecep:reg="coy"
            ecep:spe="coy"
            ecep:syllab="1"
            ecep:pron="kɔɪ">coy</w>
         <pc xml:id="o4986-079980"
             n="41-a-0990"
             ecep:lem=","
             ecep:pos=","
             ecep:reg=","
             ecep:spe=",">,</pc>
      </l>
      <l xml:id="o4986-l04170">
         <c> </c>
         <w xml:id="o4986-079990"
            n="41-a-1000"
            ecep:lem="each"
            ecep:pos="d"
            ecep:reg="Each"
            ecep:spe="Each"
            ecep:syllab="1"
            ecep:pron="iːtʃ">Each</w>
         <c> </c>
         <w xml:id="o4986-080000"
            n="41-a-1010"
            ecep:lem="virgin"
            ecep:pos="n1"
            ecep:reg="virgin"
            ecep:spe="virgin"
            ecep:syllab="2"
            ecep:pron="ˈvɜːdʒɪn">virgin</w>
         <c> </c>
         <w xml:id="o4986-080010"
            n="41-a-1020"
            ecep:lem="charm"
            ecep:pos="n1"
            ecep:reg="charm"
            ecep:spe="charm"
            ecep:syllab="1"
            ecep:pron="tʃɑːm">charm</w>
         <c> </c>
         <w xml:id="o4986-080020"
            n="41-a-1030"
            ecep:lem="glow"
            ecep:pos="vvz"
            ecep:reg="glows"
            ecep:spe="glows"
            ecep:syllab="1"
            ecep:pron="gləʊz">glows</w>
         <c> </c>
         <w xml:id="o4986-080030"
            n="41-a-1040"
            ecep:lem="with"
            ecep:pos="p-acp"
            ecep:reg="with"
            ecep:spe="with"
            ecep:syllab="1"
            ecep:pron="wɪð">with</w>
         <c> </c>
         <w xml:id="o4986-080040"
            n="41-a-1050"
            ecep:lem="the"
            ecep:pos="dt"
            ecep:reg="the"
            ecep:spe="the"
            ecep:syllab="1"
            ecep:pron="ðiː">the</w>
         <c> </c>
         <w xml:id="o4986-080050"
            n="41-a-1060"
            ecep:lem="melt"
            ecep:pos="j-vvg"
            ecep:reg="melting"
            ecep:spe="melting"
            ecep:syllab="2"
            ecep:pron="meltɪŋ">melting</w>
         <c> </c>
         <w xml:id="o4986-080060"
            n="41-a-1070"
            ecep:lem="kiss"
            ecep:pos="n1"
            ecep:reg="kiss"
            ecep:spe="kiss"
            ecep:syllab="1"
            ecep:pron="kɪs">kiss</w>
         <pc xml:id="o4986-080070"
             n="41-a-1080"
             ecep:lem=","
             ecep:pos=","
             ecep:reg=","
             ecep:spe=",">,</pc>
      </l>
      <l xml:id="o4986-l04175">
         <c> </c>
         <w xml:id="o4986-080080"
            n="41-a-1090"
            ecep:lem="and"
            ecep:pos="cc"
            ecep:reg="And"
            ecep:spe="And"
            ecep:syllab="1"
            ecep:pron="ænd">And</w>
         <c> </c>
         <w xml:id="o4986-080090"
            n="41-a-1100"
            ecep:lem="nature"
            ecep:pos="n1"
            ecep:reg="Nature"
            ecep:spe="Nature"
            ecep:syllab="2"
            ecep:pron="ˈneɪtʃə">Nature</w>
         <c> </c>
         <w xml:id="o4986-080100"
            n="41-a-1110"
            ecep:lem="faint"
            ecep:pos="vvz"
            ecep:reg="faints"
            ecep:spe="faints"
            ecep:syllab="1"
            ecep:pron="feɪnts">faints</w>
         <c> </c>
         <w xml:id="o4986-080110"
            n="41-a-1120"
            ecep:lem="beneath"
            ecep:pos="p-acp"
            ecep:reg="beneath"
            ecep:spe="beneath"
            ecep:syllab="2"
            ecep:pron="bɪˈniːθ">beneath</w>
         <c> </c>
         <w xml:id="o4986-080120"
            n="41-a-1130"
            ecep:lem="the"
            ecep:pos="dt"
            ecep:reg="the"
            ecep:spe="th'"
            ecep:syllab="0"
            ecep:pron="ð">th'</w>
         <c> </c>
         <w xml:id="o4986-080130"
            n="41-a-1140"
            ecep:lem="excess"
            ecep:pos="n1"
            ecep:reg="excess"
            ecep:spe="excess"
            ecep:syllab="2"
            ecep:pron="ɪkˈses">excess</w>
         <c> </c>
         <w xml:id="o4986-080140"
            n="41-a-1150"
            ecep:lem="of"
            ecep:pos="pp-f"
            ecep:reg="of"
            ecep:spe="of"
            ecep:syllab="1"
            ecep:pron="ɒv">of</w>
         <c> </c>
         <w xml:id="o4986-080150"
            n="41-a-1160"
            ecep:lem="joy"
            ecep:pos="n1"
            ecep:reg="joy"
            ecep:spe="joy"
            ecep:syllab="1"
            ecep:pron="dʒɔɪ">joy</w>
         <pc xml:id="o4986-080160"
             n="41-a-1170"
             unit="sentence"
             ecep:lem="."
             ecep:pos="."
             ecep:reg="."
             ecep:spe=".">.</pc>
         <c> </c>
      </l>
   </lg>
   <lg xml:id="o4986-s00875">
      <l xml:id="o4986-l04180">
         <w xml:id="o4986-080190"
            n="41-a-1180"
            ecep:lem="though"
            ecep:pos="c-acp"
            ecep:reg="Though"
            ecep:spe="Tho'"
            ecep:syllab="1"
            ecep:pron="ðəʊ">Tho'</w>
         <c> </c>
         <w xml:id="o4986-080200"
            n="41-a-1190"
            ecep:lem="this"
            ecep:pos="d"
            ecep:reg="this"
            ecep:spe="this"
            ecep:syllab="1"
            ecep:pron="ðɪs">this</w>
         <c> </c>
         <w xml:id="o4986-080210"
            n="41-a-1200"
            ecep:lem="will"
            ecep:pos="vmd"
            ecep:reg="would"
            ecep:spe="would"
            ecep:syllab="1"
            ecep:pron="wʊd">would</w>
         <c> </c>
         <w xml:id="o4986-080220"
            n="41-a-1210"
            ecep:lem="cloy"
            ecep:pos="vvi"
            ecep:reg="cloy"
            ecep:spe="cloy"
            ecep:syllab="1"
            ecep:pron="klɔɪ">cloy</w>
         <pc xml:id="o4986-080230"
             n="41-a-1220"
             ecep:lem=","
             ecep:pos=","
             ecep:reg=","
             ecep:spe=",">,</pc>
         <c> </c>
         <w xml:id="o4986-080240"
            n="41-a-1230"
            ecep:lem="if"
            ecep:pos="cs"
            ecep:reg="if"
            ecep:spe="if"
            ecep:syllab="1"
            ecep:pron="ɪf">if</w>
         <c> </c>
         <w xml:id="o4986-080250"
            n="41-a-1240"
            ecep:lem="pleasure"
            ecep:pos="n2"
            ecep:reg="pleasures"
            ecep:spe="pleasures"
            ecep:syllab="2"
            ecep:pron="ˈpleʒəz">pleasures</w>
         <c> </c>
         <w xml:id="o4986-080260"
            n="41-a-1250"
            ecep:lem="more"
            ecep:pos="av-dc"
            ecep:reg="more"
            ecep:spe="more"
            ecep:syllab="1"
            ecep:pron="mɔː">more</w>
         <c> </c>
         <w xml:id="o4986-080270"
            n="41-a-1260"
            ecep:lem="refine"
            ecep:pos="vvn"
            ecep:reg="refined"
            ecep:spe="refin'd"
            ecep:syllab="2"
            ecep:pron="rɪˈfaɪnd">refin'd</w>
      </l>
      <l xml:id="o4986-l04185">
         <c> </c>
         <w xml:id="o4986-080280"
            n="41-a-1270"
            ecep:lem="forbear"
            ecep:pos="vvd"
            ecep:reg="Forebore"
            ecep:spe="Forebore"
            ecep:syllab="3"
            ecep:pron="fɔːˈbɔː">Forebore</w>
         <c> </c>
         <w xml:id="o4986-080290"
            n="41-a-1280"
            ecep:lem="their"
            ecep:pos="po32"
            ecep:reg="their"
            ecep:spe="their"
            ecep:syllab="1"
            ecep:pron="ðeə">their</w>
         <c> </c>
         <w xml:id="o4986-080300"
            n="41-a-1290"
            ecep:lem="influence"
            ecep:pos="n1"
            ecep:reg="influence"
            ecep:spe="influence"
            ecep:syllab="3"
            ecep:pron="ˈɪnfluəns">influence</w>
         <c> </c>
         <w xml:id="o4986-080310"
            n="41-a-1300"
            ecep:lem="over"
            ecep:pos="p-acp"
            ecep:reg="over"
            ecep:spe="o'er"
            ecep:syllab="1"
            ecep:pron="ˈɔːə">o'er</w>
         <c> </c>
         <w xml:id="o4986-080320"
            n="41-a-1310"
            ecep:lem="the"
            ecep:pos="dt"
            ecep:reg="the"
            ecep:spe="the"
            ecep:syllab="1"
            ecep:pron="ðiː">the</w>
         <c> </c>
         <w xml:id="o4986-080330"
            n="41-a-1320"
            ecep:lem="breast"
            ecep:pos="n1"
            ecep:reg="breast"
            ecep:spe="breast"
            ecep:syllab="1"
            ecep:pron="brest">breast</w>
         <c> </c>
         <w xml:id="o4986-080340"
            n="41-a-1330"
            ecep:lem="to"
            ecep:pos="pc-acp"
            ecep:reg="to"
            ecep:spe="to"
            ecep:syllab="1"
            ecep:pron="tuː">to</w>
         <c> </c>
         <w xml:id="o4986-080350"
            n="41-a-1340"
            ecep:lem="shed"
            ecep:pos="vvi"
            ecep:reg="shed"
            ecep:spe="shed"
            ecep:syllab="1"
            ecep:pron="ʃed">shed</w>
         <pc xml:id="o4986-080360"
             n="41-a-1350"
             ecep:lem=";"
             ecep:pos=";"
             ecep:reg=";"
             ecep:spe=";">;</pc>
      </l>
      <l xml:id="o4986-l04190">
         <c> </c>
         <w xml:id="o4986-080370"
            n="41-a-1360"
            ecep:lem="virtue"
            ecep:pos="n1"
            ecep:reg="Virtue"
            ecep:spe="Virtue"
            ecep:syllab="2"
            ecep:pron="ˈvɜːtʃuː">Virtue</w>
         <c> </c>
         <w xml:id="o4986-080380"
            n="41-a-1370"
            ecep:lem="alone"
            ecep:pos="av-j"
            ecep:reg="alone"
            ecep:spe="alone"
            ecep:syllab="2"
            ecep:pron="əˈləʊn">alone</w>
         <c> </c>
         <w xml:id="o4986-080390"
            n="41-a-1380"
            ecep:lem="secure"
            ecep:pos="vvz"
            ecep:reg="secures"
            ecep:spe="secures"
            ecep:syllab="2"
            ecep:pron="sɪˈkjʊəz">secures</w>
         <c> </c>
         <w xml:id="o4986-080400"
            n="41-a-1390"
            ecep:lem="the"
            ecep:pos="dt"
            ecep:reg="the"
            ecep:spe="the"
            ecep:syllab="1"
            ecep:pron="ðiː">the</w>
         <c> </c>
         <w xml:id="o4986-080410"
            n="41-a-1400"
            ecep:lem="generous"
            ecep:pos="j"
            ecep:reg="generous"
            ecep:spe="generous"
            ecep:syllab="2"
            ecep:pron="ˈdʒenrəs">generous</w>
         <c> </c>
         <w xml:id="o4986-080420"
            n="41-a-1410"
            ecep:lem="mind"
            ecep:pos="n1"
            ecep:reg="mind"
            ecep:spe="mind"
            ecep:syllab="1"
            ecep:pron="maɪnd">mind</w>
         <pc xml:id="o4986-080430"
             n="41-a-1420"
             ecep:lem=";"
             ecep:pos=";"
             ecep:reg=";"
             ecep:spe=";">;</pc>
      </l>
      <l xml:id="o4986-l04195">
         <c> </c>
         <w xml:id="o4986-080440"
            n="41-a-1430"
            ecep:lem="she"
            ecep:pos="pns31"
            ecep:reg="She"
            ecep:spe="She"
            ecep:syllab="1"
            ecep:pron="ʃiː">She</w>
         <c> </c>
         <w xml:id="o4986-080450"
            n="41-a-1440"
            ecep:lem="with"
            ecep:pos="p-acp"
            ecep:reg="with"
            ecep:spe="with"
            ecep:syllab="1"
            ecep:pron="wɪð">with</w>
         <c> </c>
         <w xml:id="o4986-080460"
            n="41-a-1450"
            ecep:lem="fresh"
            ecep:pos="j"
            ecep:reg="fresh"
            ecep:spe="fresh"
            ecep:syllab="1"
            ecep:pron="freʃ">fresh</w>
         <c> </c>
         <w xml:id="o4986-080470"
            n="41-a-1460"
            ecep:lem="transport"
            ecep:pos="n1"
            ecep:reg="transport"
            ecep:spe="transport"
            ecep:syllab="2"
            ecep:pron="ˈtrænspɔːt">transport</w>
         <c> </c>
         <w xml:id="o4986-080480"
            n="41-a-1470"
            ecep:lem="crown"
            ecep:pos="n2"
            ecep:reg="crowns"
            ecep:spe="crowns"
            ecep:syllab="1"
            ecep:pron="kraʊnz">crowns</w>
         <c> </c>
         <w xml:id="o4986-080490"
            n="41-a-1480"
            ecep:lem="the"
            ecep:pos="dt"
            ecep:reg="the"
            ecep:spe="the"
            ecep:syllab="1"
            ecep:pron="ðiː">the</w>
         <c> </c>
         <w xml:id="o4986-080500"
            n="41-a-1490"
            ecep:lem="bridal"
            ecep:pos="j"
            ecep:reg="bridal"
            ecep:spe="bridal"
            ecep:syllab="2"
            ecep:pron="ˈbraɪdl">bridal</w>
         <c> </c>
         <w xml:id="o4986-080510"
            n="41-a-1500"
            ecep:lem="bed"
            ecep:pos="n1"
            ecep:reg="bed"
            ecep:spe="bed"
            ecep:syllab="1"
            ecep:pron="bed">bed</w>
         <pc xml:id="o4986-080520"
             n="41-a-1510"
             unit="sentence"
             ecep:lem="."
             ecep:pos="."
             ecep:reg="."
             ecep:spe=".">.</pc>
         <c> </c>
      </l>
   </lg>
   <lg xml:id="o4986-s00880">
      <l xml:id="o4986-l04200">
         <w xml:id="o4986-080550"
            n="41-a-1520"
            ecep:lem="if"
            ecep:pos="cs"
            ecep:reg="If"
            ecep:spe="If"
            ecep:syllab="1"
            ecep:pron="ɪf">If</w>
         <c> </c>
         <w xml:id="o4986-080560"
            n="41-a-1530"
            ecep:lem="word"
            ecep:pos="n2"
            ecep:reg="words"
            ecep:spe="words"
            ecep:syllab="1"
            ecep:pron="wɜːdz">words</w>
         <c> </c>
         <w xml:id="o4986-080570"
            n="41-a-1540"
            ecep:lem="can"
            ecep:pos="vmb"
            ecep:reg="can"
            ecep:spe="can"
            ecep:syllab="1"
            ecep:pron="kæn">can</w>
         <c> </c>
         <w xml:id="o4986-080580"
            n="41-a-1550"
            ecep:lem="tell"
            ecep:pos="vvi"
            ecep:reg="tell"
            ecep:spe="tell"
            ecep:syllab="1"
            ecep:pron="tel">tell</w>
         <pc xml:id="o4986-080590"
             n="41-a-1560"
             ecep:lem=","
             ecep:pos=","
             ecep:reg=","
             ecep:spe=",">,</pc>
         <c> </c>
         <w xml:id="o4986-080600"
            n="41-a-1570"
            ecep:lem="let"
            ecep:pos="vvb"
            ecep:reg="let"
            ecep:spe="let"
            ecep:syllab="1"
            ecep:pron="let">let</w>
         <c> </c>
         <w xml:id="o4986-080610"
            n="41-a-1580"
            ecep:lem="those"
            ecep:pos="d"
            ecep:reg="those"
            ecep:spe="those"
            ecep:syllab="1"
            ecep:pron="ðəʊz">those</w>
         <c> </c>
         <w xml:id="o4986-080620"
            n="41-a-1590"
            ecep:lem="who"
            ecep:pos="r-crq"
            ecep:reg="whose"
            ecep:spe="whose"
            ecep:syllab="1"
            ecep:pron="huːz">whose</w>
         <c> </c>
         <w xml:id="o4986-080630"
            n="41-a-1600"
            ecep:lem="heart"
            ecep:pos="n2"
            ecep:reg="hearts"
            ecep:spe="hearts"
            ecep:syllab="1"
            ecep:pron="hɑːts">hearts</w>
         <c> </c>
         <w xml:id="o4986-080640"
            n="41-a-1610"
            ecep:lem="unite"
            ecep:pos="vvb"
            ecep:reg="unite"
            ecep:spe="unite"
            ecep:syllab="2"
            ecep:pron="juːˈnaɪt">unite</w>
      </l>
      <l xml:id="o4986-l04205">
         <c> </c>
         <w xml:id="o4986-080650"
            n="41-a-1620"
            ecep:lem="in"
            ecep:pos="p-acp"
            ecep:reg="In"
            ecep:spe="In"
            ecep:syllab="1"
            ecep:pron="ɪn">In</w>
         <c> </c>
         <w xml:id="o4986-080660"
            n="41-a-1630"
            ecep:lem="virtuous"
            ecep:pos="j"
            ecep:reg="virtuous"
            ecep:spe="virtuous"
            ecep:syllab="2"
            ecep:pron="ˈvɜːtʃuəs">virtuous</w>
         <c> </c>
         <w xml:id="o4986-080670"
            n="41-a-1640"
            ecep:lem="love"
            ecep:pos="n1"
            ecep:reg="love"
            ecep:spe="love"
            ecep:syllab="1"
            ecep:pron="lʌv">love</w>
         <pc xml:id="o4986-080680"
             n="41-a-1650"
             ecep:lem=","
             ecep:pos=","
             ecep:reg=","
             ecep:spe=",">,</pc>
         <c> </c>
         <w xml:id="o4986-080690"
            n="41-a-1660"
            ecep:lem="absolve"
            ecep:pos="vvn"
            ecep:reg="absolved"
            ecep:spe="absolv'd"
            ecep:syllab="2"
            ecep:pron="əbˈzɒlvd">absolv'd</w>
         <c> </c>
         <w xml:id="o4986-080700"
            n="41-a-1670"
            ecep:lem="from"
            ecep:pos="p-acp"
            ecep:reg="from"
            ecep:spe="from"
            ecep:syllab="1"
            ecep:pron="frɒm">from</w>
         <c> </c>
         <w xml:id="o4986-080710"
            n="41-a-1680"
            ecep:lem="all"
            ecep:pos="d"
            ecep:reg="all"
            ecep:spe="all"
            ecep:syllab="1"
            ecep:pron="ɔːl">all</w>
         <c> </c>
         <w xml:id="o4986-080720"
            n="41-a-1690"
            ecep:lem="controul"
            ecep:pos="n1"
            ecep:reg="control"
            ecep:spe="controul"
            ecep:syllab="2"
            ecep:pron="kənˈtrəʊl">controul</w>
         <pc xml:id="o4986-080730"
             n="41-a-1700"
             ecep:lem=","
             ecep:pos=","
             ecep:reg=","
             ecep:spe=",">,</pc>
      </l>
      <l xml:id="o4986-l04210">
         <c> </c>
         <w xml:id="o4986-080740"
            n="41-a-1710"
            ecep:lem="confess"
            ecep:pos="vvb"
            ecep:reg="Confess"
            ecep:spe="Confess"
            ecep:syllab="2"
            ecep:pron="kənˈfes">Confess</w>
         <c> </c>
         <w xml:id="o4986-080750"
            n="41-a-1720"
            ecep:lem="the"
            ecep:pos="dt"
            ecep:reg="the"
            ecep:spe="the"
            ecep:syllab="1"
            ecep:pron="ðiː">the</w>
         <c> </c>
         <w xml:id="o4986-080760"
            n="41-a-1730"
            ecep:lem="pleasure"
            ecep:pos="n1"
            ecep:reg="pleasure"
            ecep:spe="pleasure"
            ecep:syllab="2"
            ecep:pron="ˈpleʒə">pleasure</w>
         <pc xml:id="o4986-080770"
             n="41-a-1740"
             ecep:lem=","
             ecep:pos=","
             ecep:reg=","
             ecep:spe=",">,</pc>
         <c> </c>
         <w xml:id="o4986-080780"
            n="41-a-1750"
            ecep:lem="the"
            ecep:pos="dt"
            ecep:reg="the"
            ecep:spe="the"
            ecep:syllab="1"
            ecep:pron="ðiː">the</w>
         <c> </c>
         <w xml:id="o4986-080790"
            n="41-a-1760"
            ecep:lem="sublime"
            ecep:pos="j"
            ecep:reg="sublime"
            ecep:spe="sublime"
            ecep:syllab="2"
            ecep:pron="səˈblaɪm">sublime</w>
         <c> </c>
         <w xml:id="o4986-080800"
            n="41-a-1770"
            ecep:lem="delight"
            ecep:pos="n1"
            ecep:reg="delight"
            ecep:spe="delight"
            ecep:syllab="2"
            ecep:pron="dɪˈlaɪt">delight</w>
         <pc xml:id="o4986-080810"
             n="41-a-1780"
             ecep:lem=","
             ecep:pos=","
             ecep:reg=","
             ecep:spe=",">,</pc>
      </l>
      <l xml:id="o4986-l04215">
         <c> </c>
         <w xml:id="o4986-080820"
            n="41-a-1790"
            ecep:lem="the"
            ecep:pos="dt"
            ecep:reg="The"
            ecep:spe="Th'"
            ecep:syllab="0"
            ecep:pron="ð">Th'</w>
         <c> </c>
         <w xml:id="o4986-080830"
            n="41-a-1800"
            ecep:lem="ecstatic"
            ecep:pos="j"
            ecep:reg="ecstatic"
            ecep:spe="extatic"
            ecep:syllab="3"
            ecep:pron="ekstˈætɪk">extatic</w>
         <c> </c>
         <w xml:id="o4986-080840"
            n="41-a-1810"
            ecep:lem="sense"
            ecep:pos="n1"
            ecep:reg="sense"
            ecep:spe="sense"
            ecep:syllab="1"
            ecep:pron="sens">sense</w>
         <c> </c>
         <w xml:id="o4986-080850"
            n="41-a-1820"
            ecep:lem="of"
            ecep:pos="pp-f"
            ecep:reg="of"
            ecep:spe="of"
            ecep:syllab="1"
            ecep:pron="ɒv">of</w>
         <c> </c>
         <w xml:id="o4986-080860"
            n="41-a-1830"
            ecep:lem="mingle"
            ecep:pos="vvg"
            ecep:reg="mingling"
            ecep:spe="mingling"
            ecep:syllab="3"
            ecep:pron="ˈmɪŋglɪŋ">mingling</w>
         <c> </c>
         <w xml:id="o4986-080870"
            n="41-a-1840"
            ecep:lem="soul"
            ecep:pos="n1"
            ecep:reg="soul"
            ecep:spe="soul"
            ecep:syllab="1"
            ecep:pron="səʊl">soul</w>
         <c> </c>
         <w xml:id="o4986-080880"
            n="41-a-1850"
            ecep:lem="with"
            ecep:pos="p-acp"
            ecep:reg="with"
            ecep:spe="with"
            ecep:syllab="1"
            ecep:pron="wɪð">with</w>
         <c> </c>
         <w xml:id="o4986-080890"
            n="41-a-1860"
            ecep:lem="soul"
            ecep:pos="n1"
            ecep:reg="soul"
            ecep:spe="soul"
            ecep:syllab="1"
            ecep:pron="səʊl">soul</w>
         <pc xml:id="o4986-080900"
             n="41-a-1870"
             unit="sentence"
             ecep:lem="."
             ecep:pos="."
             ecep:reg="."
             ecep:spe=".">.</pc>
         <c> </c>
      </l>
   </lg>
</div>
