<?xml version="1.0" encoding="utf-8"?>
<!DOCTYPE div
  SYSTEM "about:legacy-compat">
<div xmlns:ecep="http://www.eighteenthcenturypoetry.org/ns"
     xmlns="http://www.tei-c.org/ns/1.0"
     xmlns:tei="http://www.tei-c.org/ns/1.0"
     ana="#anapaest #tetrameter #cross #quatrain #acephal #song"
     corresp="#txt_BlamSu1747_w0038"
     decls="#semi-normalized"
     ecep:syllab="12.12.12.12"
     met="--+|--+|--+|--+/ --+|--+|--+|--+/ --+|--+|--+|--+/ --+|--+|--+|--+/"
     rendition="#lgvspace"
     rhyme="abab"
     subtype="eceptext"
     type="poem"
     xml:id="bsb18-w0380">
   <link target="authors.xml#aut_BlamSu1747" type="author"/>
   <head type="main">
      <w xml:id="bsb18-546910"
         n="a-0010"
         ecep:lem="though"
         ecep:pos="c-acp"
         ecep:reg="THOUGH"
         ecep:spe="THOUGH"
         ecep:syllab="1"
         ecep:pron="ðəʊ">THOUGH</w>
      <c> </c>
      <w xml:id="bsb18-546920"
         n="a-0020"
         ecep:lem="Bacchus"
         ecep:pos="np1"
         ecep:reg="BACCHUS"
         ecep:spe="BACCHUS"
         ecep:syllab="2"
         ecep:pron="ˈbækəs">BACCHUS</w>
      <c> </c>
      <w xml:id="bsb18-546930"
         n="a-0030"
         ecep:lem="may"
         ecep:pos="vmb"
         ecep:reg="MAY"
         ecep:spe="MAY"
         ecep:syllab="1"
         ecep:pron="meɪ">MAY</w>
      <c> </c>
      <w xml:id="bsb18-546940"
         n="a-0040"
         ecep:lem="boast"
         ecep:pos="vvi"
         ecep:reg="BOAST"
         ecep:spe="BOAST"
         ecep:syllab="1"
         ecep:pron="bəʊst">BOAST</w>
      <pc xml:id="bsb18-546950"
          n="a-0050"
          unit="sentence"
          ecep:lem="."
          ecep:pos="."
          ecep:reg="."
          ecep:spe=".">.</pc>
   </head>
   <lg xml:id="bsb18-s01060">
      <l xml:id="bsb18-l24405">
         <w xml:id="bsb18-546980"
            n="a-0060"
            ecep:lem="though"
            ecep:pos="c-acp"
            ecep:reg="THOUGH"
            ecep:spe="THOUGH"
            ecep:syllab="1"
            ecep:pron="ðəʊ">THOUGH</w>
         <c> </c>
         <w xml:id="bsb18-546990"
            n="a-0070"
            ecep:lem="Bacchus"
            ecep:pos="np1"
            ecep:reg="Bacchus"
            ecep:spe="Bacchus"
            ecep:syllab="2"
            ecep:pron="ˈbækəs">Bacchus</w>
         <c> </c>
         <w xml:id="bsb18-547000"
            n="a-0080"
            ecep:lem="may"
            ecep:pos="vmb"
            ecep:reg="may"
            ecep:spe="may"
            ecep:syllab="1"
            ecep:pron="meɪ">may</w>
         <c> </c>
         <w xml:id="bsb18-547010"
            n="a-0090"
            ecep:lem="boast"
            ecep:pos="vvi"
            ecep:reg="boast"
            ecep:spe="boast"
            ecep:syllab="1"
            ecep:pron="bəʊst">boast</w>
         <c> </c>
         <w xml:id="bsb18-547020"
            n="a-0100"
            ecep:lem="of"
            ecep:pos="pp-f"
            ecep:reg="of"
            ecep:spe="of"
            ecep:syllab="1"
            ecep:pron="ɒv">of</w>
         <c> </c>
         <w xml:id="bsb18-547030"
            n="a-0110"
            ecep:lem="his"
            ecep:pos="po31"
            ecep:reg="his"
            ecep:spe="his"
            ecep:syllab="1"
            ecep:pron="hɪz">his</w>
         <c> </c>
         <w xml:id="bsb18-547040"
            n="a-0120"
            ecep:lem="care-killing"
            ecep:pos="j"
            ecep:reg="care-killing"
            ecep:spe="care-killing"
            ecep:syllab="3"
            ecep:pron="keəˌˈkɪlɪŋ">care-killing</w>
         <c> </c>
         <w xml:id="bsb18-547050"
            n="a-0130"
            ecep:lem="bowl"
            ecep:pos="n1"
            ecep:reg="bowl"
            ecep:spe="bowl"
            ecep:syllab="1"
            ecep:pron="bəʊl">bowl</w>
         <pc xml:id="bsb18-547060"
             n="a-0140"
             ecep:lem=","
             ecep:pos=","
             ecep:reg=","
             ecep:spe=",">,</pc>
      </l>
      <l rendition="#h_3" xml:id="bsb18-l24410">
         <c> </c>
         <w xml:id="bsb18-547070"
            n="a-0150"
            ecep:lem="and"
            ecep:pos="cc"
            ecep:reg="And"
            ecep:spe="And"
            ecep:syllab="1"
            ecep:pron="ænd">And</w>
         <c> </c>
         <w xml:id="bsb18-547080"
            n="a-0160"
            ecep:lem="folly"
            ecep:pos="n1"
            ecep:reg="folly"
            ecep:spe="folly"
            ecep:syllab="2"
            ecep:pron="ˈfɒli">folly</w>
         <c> </c>
         <w xml:id="bsb18-547090"
            n="a-0170"
            ecep:lem="in"
            ecep:pos="p-acp"
            ecep:reg="in"
            ecep:spe="in"
            ecep:syllab="1"
            ecep:pron="ɪn">in</w>
         <c> </c>
         <w xml:id="bsb18-547100"
            n="a-0180"
            ecep:lem="thought-drowning"
            ecep:pos="j"
            ecep:reg="thought-drowning"
            ecep:spe="thought-drowning"
            ecep:syllab="3"
            ecep:pron="θɔːtˌˈdraʊnɪŋ">thought-drowning</w>
         <c> </c>
         <w xml:id="bsb18-547110"
            n="a-0190"
            ecep:lem="revel"
            ecep:pos="n2"
            ecep:reg="revels"
            ecep:spe="revels"
            ecep:syllab="2"
            ecep:pron="ˈrevlz">revels</w>
         <c> </c>
         <w xml:id="bsb18-547120"
            n="a-0200"
            ecep:lem="delight"
            ecep:pos="vvi"
            ecep:reg="delight"
            ecep:spe="delight"
            ecep:syllab="2"
            ecep:pron="diˈlaɪt">delight</w>
         <pc xml:id="bsb18-547130"
             n="a-0210"
             ecep:lem=","
             ecep:pos=","
             ecep:reg=","
             ecep:spe=",">,</pc>
      </l>
      <l xml:id="bsb18-l24415">
         <c> </c>
         <w xml:id="bsb18-547140"
            n="a-0220"
            ecep:lem="such"
            ecep:pos="d"
            ecep:reg="Such"
            ecep:spe="Such"
            ecep:syllab="1"
            ecep:pron="sʌtʃ">Such</w>
         <c> </c>
         <w xml:id="bsb18-547150"
            n="a-0230"
            ecep:lem="worship"
            ecep:pos="n1"
            ecep:reg="worship"
            ecep:spe="worship"
            ecep:syllab="2"
            ecep:pron="ˈwɜːʃɪp">worship</w>
         <pc xml:id="bsb18-547160"
             n="a-0240"
             ecep:lem=","
             ecep:pos=","
             ecep:reg=","
             ecep:spe=",">,</pc>
         <c> </c>
         <w xml:id="bsb18-547170"
            n="a-0250"
            ecep:lem="alas"
            ecep:pos="uh"
            ecep:reg="alas"
            ecep:spe="alas"
            ecep:syllab="2"
            ecep:pron="əˈlæs">alas</w>
         <pc xml:id="bsb18-547180"
             n="a-0260"
             ecep:lem="!"
             ecep:pos="!"
             ecep:reg="!"
             ecep:spe="!">!</pc>
         <c> </c>
         <w xml:id="bsb18-547190"
            n="a-0270"
            ecep:lem="have"
            ecep:pos="vhz"
            ecep:reg="has"
            ecep:spe="has"
            ecep:syllab="1"
            ecep:pron="hæz">has</w>
         <c> </c>
         <w xml:id="bsb18-547200"
            n="a-0280"
            ecep:lem="no"
            ecep:pos="dx"
            ecep:reg="no"
            ecep:spe="no"
            ecep:syllab="1"
            ecep:pron="nəʊ">no</w>
         <c> </c>
         <w xml:id="bsb18-547210"
            n="a-0290"
            ecep:lem="charm"
            ecep:pos="n2"
            ecep:reg="charms"
            ecep:spe="charms"
            ecep:syllab="1"
            ecep:pron="tʃɑːmz">charms</w>
         <c> </c>
         <w xml:id="bsb18-547220"
            n="a-0300"
            ecep:lem="for"
            ecep:pos="p-acp"
            ecep:reg="for"
            ecep:spe="for"
            ecep:syllab="1"
            ecep:pron="fɔː">for</w>
         <c> </c>
         <w xml:id="bsb18-547230"
            n="a-0310"
            ecep:lem="the"
            ecep:pos="dt"
            ecep:reg="the"
            ecep:spe="the"
            ecep:syllab="1"
            ecep:pron="ðiː">the</w>
         <c> </c>
         <w xml:id="bsb18-547240"
            n="a-0320"
            ecep:lem="soul"
            ecep:pos="n1"
            ecep:reg="soul"
            ecep:spe="soul"
            ecep:syllab="1"
            ecep:pron="səʊl">soul</w>
      </l>
      <l rendition="#h_3" xml:id="bsb18-l24420">
         <c> </c>
         <w xml:id="bsb18-547250"
            n="a-0330"
            ecep:lem="when"
            ecep:pos="c-crq"
            ecep:reg="When"
            ecep:spe="When"
            ecep:syllab="1"
            ecep:pron="wen">When</w>
         <c> </c>
         <w xml:id="bsb18-547260"
            n="a-0340"
            ecep:lem="soft"
            ecep:pos="jc"
            ecep:reg="softer"
            ecep:spe="softer"
            ecep:syllab="2"
            ecep:pron="ˈsɒftə">softer</w>
         <c> </c>
         <w xml:id="bsb18-547270"
            n="a-0350"
            ecep:lem="devotion"
            ecep:pos="n2"
            ecep:reg="devotions"
            ecep:spe="devotions"
            ecep:syllab="3"
            ecep:pron="diˈvəʊʃnz">devotions</w>
         <c> </c>
         <w xml:id="bsb18-547280"
            n="a-0360"
            ecep:lem="the"
            ecep:pos="dt"
            ecep:reg="the"
            ecep:spe="the"
            ecep:syllab="1"
            ecep:pron="ðiː">the</w>
         <c> </c>
         <w xml:id="bsb18-547290"
            n="a-0370"
            ecep:lem="sense"
            ecep:pos="n2"
            ecep:reg="senses"
            ecep:spe="senses"
            ecep:syllab="2"
            ecep:pron="ˈsensɪz">senses</w>
         <c> </c>
         <w xml:id="bsb18-547300"
            n="a-0380"
            ecep:lem="invite"
            ecep:pos="vvb"
            ecep:reg="invite"
            ecep:spe="invite"
            ecep:syllab="2"
            ecep:pron="ˈɪnvaɪt">invite</w>
         <pc xml:id="bsb18-547310"
             n="a-0390"
             unit="sentence"
             ecep:lem="."
             ecep:pos="."
             ecep:reg="."
             ecep:spe=".">.</pc>
         <c> </c>
      </l>
   </lg>
   <lg xml:id="bsb18-s01065">
      <l xml:id="bsb18-l24425">
         <w xml:id="bsb18-547340"
            n="a-0400"
            ecep:lem="to"
            ecep:pos="p-acp"
            ecep:reg="To"
            ecep:spe="To"
            ecep:syllab="1"
            ecep:pron="tuː">To</w>
         <c> </c>
         <w xml:id="bsb18-547350"
            n="a-0410"
            ecep:lem="the"
            ecep:pos="dt"
            ecep:reg="the"
            ecep:spe="the"
            ecep:syllab="1"
            ecep:pron="ðiː">the</w>
         <c> </c>
         <w xml:id="bsb18-547360"
            n="a-0420"
            ecep:lem="arrow"
            ecep:pos="n1"
            ecep:reg="arrow"
            ecep:spe="arrow"
            ecep:syllab="2"
            ecep:pron="ˈærəʊ">arrow</w>
         <c> </c>
         <w xml:id="bsb18-547370"
            n="a-0430"
            ecep:lem="of"
            ecep:pos="pp-f"
            ecep:reg="of"
            ecep:spe="of"
            ecep:syllab="1"
            ecep:pron="ɒv">of</w>
         <c> </c>
         <w xml:id="bsb18-547380"
            n="a-0440"
            ecep:lem="fate"
            ecep:pos="n1"
            ecep:reg="fate"
            ecep:spe="fate"
            ecep:syllab="1"
            ecep:pron="feɪt">fate</w>
         <pc xml:id="bsb18-547390"
             n="a-0450"
             ecep:lem=","
             ecep:pos=","
             ecep:reg=","
             ecep:spe=",">,</pc>
         <c> </c>
         <w xml:id="bsb18-547400"
            n="a-0460"
            ecep:lem="or"
            ecep:pos="cc"
            ecep:reg="or"
            ecep:spe="or"
            ecep:syllab="1"
            ecep:pron="ɔː">or</w>
         <c> </c>
         <w xml:id="bsb18-547410"
            n="a-0470"
            ecep:lem="the"
            ecep:pos="dt"
            ecep:reg="the"
            ecep:spe="the"
            ecep:syllab="1"
            ecep:pron="ðiː">the</w>
         <c> </c>
         <w xml:id="bsb18-547420"
            n="a-0480"
            ecep:lem="canker"
            ecep:pos="n1"
            ecep:reg="canker"
            ecep:spe="canker"
            ecep:syllab="2"
            ecep:pron="ˈkæŋkə">canker</w>
         <c> </c>
         <w xml:id="bsb18-547430"
            n="a-0490"
            ecep:lem="of"
            ecep:pos="pp-f"
            ecep:reg="of"
            ecep:spe="of"
            ecep:syllab="1"
            ecep:pron="ɒv">of</w>
         <c> </c>
         <w xml:id="bsb18-547440"
            n="a-0500"
            ecep:lem="care"
            ecep:pos="n1"
            ecep:reg="care"
            ecep:spe="care"
            ecep:syllab="1"
            ecep:pron="keə">care</w>
         <pc xml:id="bsb18-547450"
             n="a-0510"
             ecep:lem=","
             ecep:pos=","
             ecep:reg=","
             ecep:spe=",">,</pc>
      </l>
      <l rendition="#h_3" xml:id="bsb18-l24430">
         <c> </c>
         <w xml:id="bsb18-547460"
            n="a-0520"
            ecep:lem="his"
            ecep:pos="po31"
            ecep:reg="His"
            ecep:spe="His"
            ecep:syllab="1"
            ecep:pron="hɪz">His</w>
         <c> </c>
         <w xml:id="bsb18-547470"
            n="a-0530"
            ecep:lem="potion"
            ecep:pos="n1"
            ecep:reg="potion"
            ecep:spe="potion"
            ecep:syllab="2"
            ecep:pron="ˈpəʊʃn">potion</w>
         <c> </c>
         <w xml:id="bsb18-547480"
            n="a-0540"
            ecep:lem="oblivious"
            ecep:pos="j"
            ecep:reg="oblivious"
            ecep:spe="oblivious"
            ecep:syllab="4"
            ecep:pron="əˈblɪviəs">oblivious</w>
         <c> </c>
         <w xml:id="bsb18-547490"
            n="a-0550"
            ecep:lem="a"
            ecep:pos="dt"
            ecep:reg="a"
            ecep:spe="a"
            ecep:syllab="1"
            ecep:pron="ə">a</w>
         <c> </c>
         <w xml:id="bsb18-547500"
            n="a-0560"
            ecep:lem="balm"
            ecep:pos="n1"
            ecep:reg="balm"
            ecep:spe="balm"
            ecep:syllab="1"
            ecep:pron="bɑːm">balm</w>
         <c> </c>
         <w xml:id="bsb18-547510"
            n="a-0570"
            ecep:lem="may"
            ecep:pos="vmb"
            ecep:reg="may"
            ecep:spe="may"
            ecep:syllab="1"
            ecep:pron="meɪ">may</w>
         <c> </c>
         <w xml:id="bsb18-547520"
            n="a-0580"
            ecep:lem="bestow"
            ecep:pos="vvi"
            ecep:reg="bestow"
            ecep:spe="bestow"
            ecep:syllab="2"
            ecep:pron="biˈstəʊ">bestow</w>
         <pc xml:id="bsb18-547530"
             n="a-0590"
             ecep:lem=";"
             ecep:pos=";"
             ecep:reg=";"
             ecep:spe=";">;</pc>
      </l>
      <l xml:id="bsb18-l24435">
         <c> </c>
         <w xml:id="bsb18-547540"
            n="a-0600"
            ecep:lem="but"
            ecep:pos="cc-acp"
            ecep:reg="But"
            ecep:spe="But"
            ecep:syllab="1"
            ecep:pron="bʌt">But</w>
         <c> </c>
         <w xml:id="bsb18-547550"
            n="a-0610"
            ecep:lem="to"
            ecep:pos="pc-acp"
            ecep:reg="to"
            ecep:spe="to"
            ecep:syllab="1"
            ecep:pron="tuː">to</w>
         <c> </c>
         <w xml:id="bsb18-547560"
            n="a-0620"
            ecep:lem="fancy"
            ecep:pos="vvi"
            ecep:reg="fancy"
            ecep:spe="fancy"
            ecep:syllab="2"
            ecep:pron="ˈfænsi">fancy</w>
         <c> </c>
         <w xml:id="bsb18-547570"
            n="a-0630"
            ecep:lem="that"
            ecep:pos="cst"
            ecep:reg="that"
            ecep:spe="that"
            ecep:syllab="1"
            ecep:pron="ðæt">that</w>
         <c> </c>
         <w xml:id="bsb18-547580"
            n="a-0640"
            ecep:lem="feed"
            ecep:pos="vvz"
            ecep:reg="feeds"
            ecep:spe="feeds"
            ecep:syllab="1"
            ecep:pron="fiːdz">feeds</w>
         <c> </c>
         <w xml:id="bsb18-547590"
            n="a-0650"
            ecep:lem="on"
            ecep:pos="p-acp"
            ecep:reg="on"
            ecep:spe="on"
            ecep:syllab="1"
            ecep:pron="ɒn">on</w>
         <c> </c>
         <w xml:id="bsb18-547600"
            n="a-0660"
            ecep:lem="the"
            ecep:pos="dt"
            ecep:reg="the"
            ecep:spe="the"
            ecep:syllab="1"
            ecep:pron="ðiː">the</w>
         <c> </c>
         <w xml:id="bsb18-547610"
            n="a-0670"
            ecep:lem="charm"
            ecep:pos="n2"
            ecep:reg="charms"
            ecep:spe="charms"
            ecep:syllab="1"
            ecep:pron="tʃɑːmz">charms</w>
         <c> </c>
         <w xml:id="bsb18-547620"
            n="a-0680"
            ecep:lem="of"
            ecep:pos="pp-f"
            ecep:reg="of"
            ecep:spe="of"
            ecep:syllab="1"
            ecep:pron="ɒv">of</w>
         <c> </c>
         <w xml:id="bsb18-547630"
            n="a-0690"
            ecep:lem="the"
            ecep:pos="dt"
            ecep:reg="the"
            ecep:spe="the"
            ecep:syllab="1"
            ecep:pron="ðiː">the</w>
         <c> </c>
         <w xml:id="bsb18-547640"
            n="a-0700"
            ecep:lem="fair"
            ecep:pos="j"
            ecep:reg="fair"
            ecep:spe="fair"
            ecep:syllab="1"
            ecep:pron="feə">fair</w>
      </l>
      <l rendition="#h_3" xml:id="bsb18-l24440">
         <c> </c>
         <w xml:id="bsb18-547650"
            n="a-0710"
            ecep:lem="the"
            ecep:pos="dt"
            ecep:reg="The"
            ecep:spe="The"
            ecep:syllab="1"
            ecep:pron="ðiː">The</w>
         <c> </c>
         <w xml:id="bsb18-547660"
            n="a-0720"
            ecep:lem="death"
            ecep:pos="n1"
            ecep:reg="death"
            ecep:spe="death"
            ecep:syllab="1"
            ecep:pron="deθ">death</w>
         <c> </c>
         <w xml:id="bsb18-547670"
            n="a-0730"
            ecep:lem="of"
            ecep:pos="pp-f"
            ecep:reg="of"
            ecep:spe="of"
            ecep:syllab="1"
            ecep:pron="ɒv">of</w>
         <c> </c>
         <w xml:id="bsb18-547680"
            n="a-0740"
            ecep:lem="reflection"
            ecep:pos="ng1"
            ecep:reg="reflection's"
            ecep:spe="reflection's"
            ecep:syllab="3"
            ecep:pron="riˈflekʃnz">reflection's</w>
         <c> </c>
         <w xml:id="bsb18-547690"
            n="a-0750"
            ecep:lem="the"
            ecep:pos="dt"
            ecep:reg="the"
            ecep:spe="the"
            ecep:syllab="1"
            ecep:pron="ðiː">the</w>
         <c> </c>
         <w xml:id="bsb18-547700"
            n="a-0760"
            ecep:lem="birth"
            ecep:pos="n1"
            ecep:reg="birth"
            ecep:spe="birth"
            ecep:syllab="1"
            ecep:pron="bɜːθ">birth</w>
         <c> </c>
         <w xml:id="bsb18-547710"
            n="a-0770"
            ecep:lem="of"
            ecep:pos="pp-f"
            ecep:reg="of"
            ecep:spe="of"
            ecep:syllab="1"
            ecep:pron="ɒv">of</w>
         <c> </c>
         <w xml:id="bsb18-547720"
            n="a-0780"
            ecep:lem="all"
            ecep:pos="d"
            ecep:reg="all"
            ecep:spe="all"
            ecep:syllab="1"
            ecep:pron="ɔːl">all</w>
         <c> </c>
         <w xml:id="bsb18-547730"
            n="a-0790"
            ecep:lem="woe"
            ecep:pos="n1"
            ecep:reg="woe"
            ecep:spe="woe"
            ecep:syllab="1"
            ecep:pron="wəʊ">woe</w>
         <pc xml:id="bsb18-547740"
             n="a-0800"
             unit="sentence"
             ecep:lem="."
             ecep:pos="."
             ecep:reg="."
             ecep:spe=".">.</pc>
         <c> </c>
      </l>
   </lg>
   <lg xml:id="bsb18-s01070">
      <l xml:id="bsb18-l24445">
         <w xml:id="bsb18-547770"
            n="a-0810"
            ecep:lem="what"
            ecep:pos="q-crq"
            ecep:reg="What"
            ecep:spe="What"
            ecep:syllab="1"
            ecep:pron="wɒt">What</w>
         <c> </c>
         <w xml:id="bsb18-547780"
            n="a-0820"
            ecep:lem="soul"
            ecep:pos="n1"
            ecep:reg="soul"
            ecep:spe="soul"
            ecep:syllab="1"
            ecep:pron="səʊl">soul</w>
         <c> </c>
         <w xml:id="bsb18-547790"
            n="a-0830"
            ecep:lem="that|be"
            ecep:pos="cst|vbz"
            ecep:reg="that's"
            ecep:spe="that's"
            ecep:syllab="1"
            ecep:pron="ðæts">that's</w>
         <c> </c>
         <w xml:id="bsb18-547800"
            n="a-0840"
            ecep:lem="possess"
            ecep:pos="vvn"
            ecep:reg="possessed"
            ecep:spe="possess'd"
            ecep:syllab="2"
            ecep:pron="pəˈzest">possess'd</w>
         <c> </c>
         <w xml:id="bsb18-547810"
            n="a-0850"
            ecep:lem="of"
            ecep:pos="pp-f"
            ecep:reg="of"
            ecep:spe="of"
            ecep:syllab="1"
            ecep:pron="ɒv">of</w>
         <c> </c>
         <w xml:id="bsb18-547820"
            n="a-0860"
            ecep:lem="a"
            ecep:pos="dt"
            ecep:reg="a"
            ecep:spe="a"
            ecep:syllab="1"
            ecep:pron="ə">a</w>
         <c> </c>
         <w xml:id="bsb18-547830"
            n="a-0870"
            ecep:lem="dream"
            ecep:pos="n1"
            ecep:reg="dream"
            ecep:spe="dream"
            ecep:syllab="1"
            ecep:pron="driːm">dream</w>
         <c> </c>
         <w xml:id="bsb18-547840"
            n="a-0880"
            ecep:lem="so"
            ecep:pos="av"
            ecep:reg="so"
            ecep:spe="so"
            ecep:syllab="1"
            ecep:pron="səʊ">so</w>
         <c> </c>
         <w xml:id="bsb18-547850"
            n="a-0890"
            ecep:lem="divine"
            ecep:pos="j-jn"
            ecep:reg="divine"
            ecep:spe="divine"
            ecep:syllab="2"
            ecep:pron="dɪˈvaɪn">divine</w>
      </l>
      <l rendition="#h_3" xml:id="bsb18-l24450">
         <c> </c>
         <w xml:id="bsb18-547860"
            n="a-0900"
            ecep:lem="with"
            ecep:pos="p-acp"
            ecep:reg="With"
            ecep:spe="With"
            ecep:syllab="1"
            ecep:pron="wɪð">With</w>
         <c> </c>
         <w xml:id="bsb18-547870"
            n="a-0910"
            ecep:lem="riot"
            ecep:pos="n1"
            ecep:reg="riot"
            ecep:spe="riot"
            ecep:syllab="2"
            ecep:pron="ˈraɪət">riot</w>
         <c> </c>
         <w xml:id="bsb18-547880"
            n="a-0920"
            ecep:lem="will"
            ecep:pos="vmd"
            ecep:reg="would"
            ecep:spe="would"
            ecep:syllab="1"
            ecep:pron="wʊd">would</w>
         <c> </c>
         <w xml:id="bsb18-547890"
            n="a-0930"
            ecep:lem="bid"
            ecep:pos="vvi"
            ecep:reg="bid"
            ecep:spe="bid"
            ecep:syllab="1"
            ecep:pron="bɪd">bid</w>
         <c> </c>
         <w xml:id="bsb18-547900"
            n="a-0940"
            ecep:lem="the"
            ecep:pos="dt"
            ecep:reg="the"
            ecep:spe="the"
            ecep:syllab="1"
            ecep:pron="ðiː">the</w>
         <c> </c>
         <w xml:id="bsb18-547910"
            n="a-0950"
            ecep:lem="sweet"
            ecep:pos="j"
            ecep:reg="sweet"
            ecep:spe="sweet"
            ecep:syllab="1"
            ecep:pron="swiːt">sweet</w>
         <c> </c>
         <w xml:id="bsb18-547920"
            n="a-0960"
            ecep:lem="vision"
            ecep:pos="n1"
            ecep:reg="vision"
            ecep:spe="vision"
            ecep:syllab="2"
            ecep:pron="ˈvɪʒn">vision</w>
         <c> </c>
         <w xml:id="bsb18-547930"
            n="a-0970"
            ecep:lem="be"
            ecep:pos="vbi"
            ecep:reg="be"
            ecep:spe="be"
            ecep:syllab="1"
            ecep:pron="biː">be</w>
         <c> </c>
         <w xml:id="bsb18-547940"
            n="a-0980"
            ecep:lem="go"
            ecep:pos="vvn"
            ecep:reg="gone"
            ecep:spe="gone"
            ecep:syllab="1"
            ecep:pron="gɒn">gone</w>
         <pc xml:id="bsb18-547950"
             n="a-0990"
             unit="sentence"
             ecep:lem="?"
             ecep:pos="?"
             ecep:reg="?"
             ecep:spe="?">?</pc>
         <c> </c>
      </l>
      <l xml:id="bsb18-l24455">
         <w xml:id="bsb18-547960"
            n="a-1000"
            ecep:lem="for"
            ecep:pos="p-acp"
            ecep:reg="For"
            ecep:spe="For"
            ecep:syllab="1"
            ecep:pron="fɔː">For</w>
         <c> </c>
         <w xml:id="bsb18-547970"
            n="a-1010"
            ecep:lem="the"
            ecep:pos="dt"
            ecep:reg="the"
            ecep:spe="the"
            ecep:syllab="1"
            ecep:pron="ðiː">the</w>
         <c> </c>
         <w xml:id="bsb18-547980"
            n="a-1020"
            ecep:lem="tear"
            ecep:pos="n1"
            ecep:reg="tear"
            ecep:spe="tear"
            ecep:syllab="1"
            ecep:pron="tɪə">tear</w>
         <c> </c>
         <w xml:id="bsb18-547990"
            n="a-1030"
            ecep:lem="that"
            ecep:pos="cst"
            ecep:reg="that"
            ecep:spe="that"
            ecep:syllab="1"
            ecep:pron="ðæt">that</w>
         <c> </c>
         <w xml:id="bsb18-548000"
            n="a-1040"
            ecep:lem="bedew"
            ecep:pos="vvz"
            ecep:reg="bedews"
            ecep:spe="bedews"
            ecep:syllab="2"
            ecep:pron="biˈdjuːz">bedews</w>
         <c> </c>
         <w xml:id="bsb18-548010"
            n="a-1050"
            ecep:lem="sensibility"
            ecep:pos="ng1"
            ecep:reg="sensibility's"
            ecep:spe="sensibility's"
            ecep:syllab="5"
            ecep:pron="ˌsensəˈbɪlətiz">sensibility's</w>
         <c> </c>
         <w xml:id="bsb18-548020"
            n="a-1060"
            ecep:lem="shrine"
            ecep:pos="n1"
            ecep:reg="shrine"
            ecep:spe="shrine"
            ecep:syllab="1"
            ecep:pron="ʃraɪn">shrine</w>
      </l>
      <l rendition="#h_3" xml:id="bsb18-l24460">
         <c> </c>
         <w xml:id="bsb18-548030"
            n="a-1070"
            ecep:lem="be"
            ecep:pos="vbz"
            ecep:reg="Is"
            ecep:spe="Is"
            ecep:syllab="1"
            ecep:pron="ɪz">Is</w>
         <c> </c>
         <w xml:id="bsb18-548040"
            n="a-1080"
            ecep:lem="a"
            ecep:pos="dt"
            ecep:reg="a"
            ecep:spe="a"
            ecep:syllab="1"
            ecep:pron="ə">a</w>
         <c> </c>
         <w xml:id="bsb18-548050"
            n="a-1090"
            ecep:lem="drop"
            ecep:pos="n1"
            ecep:reg="drop"
            ecep:spe="drop"
            ecep:syllab="1"
            ecep:pron="drɒp">drop</w>
         <c> </c>
         <w xml:id="bsb18-548060"
            n="a-1100"
            ecep:lem="of"
            ecep:pos="pp-f"
            ecep:reg="of"
            ecep:spe="of"
            ecep:syllab="1"
            ecep:pron="ɒv">of</w>
         <c> </c>
         <w xml:id="bsb18-548070"
            n="a-1110"
            ecep:lem="more"
            ecep:pos="dc"
            ecep:reg="more"
            ecep:spe="more"
            ecep:syllab="1"
            ecep:pron="mɔː">more</w>
         <c> </c>
         <w xml:id="bsb18-548080"
            n="a-1120"
            ecep:lem="worth"
            ecep:pos="j"
            ecep:reg="worth"
            ecep:spe="worth"
            ecep:syllab="1"
            ecep:pron="wɜːθ">worth</w>
         <c> </c>
         <w xml:id="bsb18-548090"
            n="a-1130"
            ecep:lem="than"
            ecep:pos="cs"
            ecep:reg="than"
            ecep:spe="than"
            ecep:syllab="1"
            ecep:pron="ðæn">than</w>
         <c> </c>
         <w xml:id="bsb18-548100"
            n="a-1140"
            ecep:lem="all"
            ecep:pos="d"
            ecep:reg="all"
            ecep:spe="all"
            ecep:syllab="1"
            ecep:pron="ɔːl">all</w>
         <c> </c>
         <w xml:id="bsb18-548110"
            n="a-1150"
            ecep:lem="bacchus"
            ecep:pos="fw-la"
            ecep:reg="Bacchus's"
            ecep:spe="Bacchus's"
            ecep:syllab="2"
            ecep:pron="ˈbækəsz">Bacchus's</w>
         <c> </c>
         <w xml:id="bsb18-548120"
            n="a-1160"
            ecep:lem="tun"
            ecep:pos="n1"
            ecep:reg="tun"
            ecep:spe="tun"
            ecep:syllab="1"
            ecep:pron="tʌn">tun</w>
         <pc xml:id="bsb18-548130"
             n="a-1170"
             unit="sentence"
             ecep:lem="!"
             ecep:pos="!"
             ecep:reg="!"
             ecep:spe="!">!</pc>
         <c> </c>
      </l>
   </lg>
   <lg xml:id="bsb18-s01075">
      <l xml:id="bsb18-l24465">
         <w xml:id="bsb18-548160"
            n="a-1180"
            ecep:lem="the"
            ecep:pos="dt"
            ecep:reg="The"
            ecep:spe="The"
            ecep:syllab="1"
            ecep:pron="ðiː">The</w>
         <c> </c>
         <w xml:id="bsb18-548170"
            n="a-1190"
            ecep:lem="tender"
            ecep:pos="j"
            ecep:reg="tender"
            ecep:spe="tender"
            ecep:syllab="2"
            ecep:pron="ˈtendə">tender</w>
         <c> </c>
         <w xml:id="bsb18-548180"
            n="a-1200"
            ecep:lem="excess"
            ecep:pos="n1"
            ecep:reg="excess"
            ecep:spe="excess"
            ecep:syllab="2"
            ecep:pron="ɪkˈses">excess</w>
         <c> </c>
         <w xml:id="bsb18-548190"
            n="a-1210"
            ecep:lem="which"
            ecep:pos="r-crq"
            ecep:reg="which"
            ecep:spe="which"
            ecep:syllab="1"
            ecep:pron="wɪtʃ">which</w>
         <c> </c>
         <w xml:id="bsb18-548200"
            n="a-1220"
            ecep:lem="enamour"
            ecep:pos="vvz"
            ecep:reg="enamours"
            ecep:spe="enamours"
            ecep:syllab="3"
            ecep:pron="ɪˈnæməz">enamours</w>
         <c> </c>
         <w xml:id="bsb18-548210"
            n="a-1230"
            ecep:lem="the"
            ecep:pos="dt"
            ecep:reg="the"
            ecep:spe="the"
            ecep:syllab="1"
            ecep:pron="ðiː">the</w>
         <c> </c>
         <w xml:id="bsb18-548220"
            n="a-1240"
            ecep:lem="heart"
            ecep:pos="n1"
            ecep:reg="heart"
            ecep:spe="heart"
            ecep:syllab="1"
            ecep:pron="hɑːt">heart</w>
      </l>
      <l rendition="#h_3" xml:id="bsb18-l24470">
         <c> </c>
         <w xml:id="bsb18-548230"
            n="a-1250"
            ecep:lem="to"
            ecep:pos="p-acp"
            ecep:reg="To"
            ecep:spe="To"
            ecep:syllab="1"
            ecep:pron="tuː">To</w>
         <c> </c>
         <w xml:id="bsb18-548240"
            n="a-1260"
            ecep:lem="few"
            ecep:pos="d"
            ecep:reg="few"
            ecep:spe="few"
            ecep:syllab="1"
            ecep:pron="fjuː">few</w>
         <c> </c>
         <w xml:id="bsb18-548250"
            n="a-1270"
            ecep:lem="be"
            ecep:pos="vbz"
            ecep:reg="is"
            ecep:spe="is"
            ecep:syllab="1"
            ecep:pron="ɪz">is</w>
         <c> </c>
         <w xml:id="bsb18-548260"
            n="a-1280"
            ecep:lem="impart"
            ecep:pos="vvn"
            ecep:reg="imparted"
            ecep:spe="imparted"
            ecep:syllab="3"
            ecep:pron="ɪmˈpɑːtɪd">imparted</w>
         <pc xml:id="bsb18-548270"
             n="a-1290"
             ecep:lem=","
             ecep:pos=","
             ecep:reg=","
             ecep:spe=",">,</pc>
         <c> </c>
         <w xml:id="bsb18-548280"
            n="a-1300"
            ecep:lem="to"
            ecep:pos="p-acp"
            ecep:reg="to"
            ecep:spe="to"
            ecep:syllab="1"
            ecep:pron="tuː">to</w>
         <c> </c>
         <w xml:id="bsb18-548290"
            n="a-1310"
            ecep:lem="million"
            ecep:pos="crd"
            ecep:reg="millions"
            ecep:spe="millions"
            ecep:syllab="2"
            ecep:pron="ˈmɪljənz">millions</w>
         <c> </c>
         <w xml:id="bsb18-548300"
            n="a-1320"
            ecep:lem="deny"
            ecep:pos="vvn"
            ecep:reg="denied"
            ecep:spe="denied"
            ecep:syllab="2"
            ecep:pron="diˈnaɪd">denied</w>
         <pc xml:id="bsb18-548310"
             n="a-1330"
             ecep:lem=";"
             ecep:pos=";"
             ecep:reg=";"
             ecep:spe=";">;</pc>
      </l>
      <l xml:id="bsb18-l24475">
         <c> </c>
         <w xml:id="bsb18-548320"
            n="a-1340"
            ecep:lem="of"
            ecep:pos="pp-f"
            ecep:reg="Of"
            ecep:spe="Of"
            ecep:syllab="1"
            ecep:pron="ɒv">Of</w>
         <c> </c>
         <w xml:id="bsb18-548330"
            n="a-1350"
            ecep:lem="those"
            ecep:pos="d"
            ecep:reg="those"
            ecep:spe="those"
            ecep:syllab="1"
            ecep:pron="ðəʊz">those</w>
         <c> </c>
         <w xml:id="bsb18-548340"
            n="a-1360"
            ecep:lem="exquisite"
            ecep:pos="j"
            ecep:reg="exquisite"
            ecep:spe="exquisite"
            ecep:syllab="3"
            ecep:pron="ɪkˈskwɪzɪt">exquisite</w>
         <c> </c>
         <w xml:id="bsb18-548350"
            n="a-1370"
            ecep:lem="feeling"
            ecep:pos="n2"
            ecep:reg="feelings"
            ecep:spe="feelings"
            ecep:syllab="2"
            ecep:pron="ˈfiːlɪŋz">feelings</w>
         <pc xml:id="bsb18-548360"
             n="a-1380"
             ecep:lem=","
             ecep:pos=","
             ecep:reg=","
             ecep:spe=",">,</pc>
         <c> </c>
         <w xml:id="bsb18-548370"
            n="a-1390"
            ecep:lem="that"
            ecep:pos="cst"
            ecep:reg="that"
            ecep:spe="that"
            ecep:syllab="1"
            ecep:pron="ðæt">that</w>
         <c> </c>
         <w xml:id="bsb18-548380"
            n="a-1400"
            ecep:lem="please"
            ecep:pos="vvb"
            ecep:reg="please"
            ecep:spe="please"
            ecep:syllab="1"
            ecep:pron="pliːz">please</w>
         <c> </c>
         <w xml:id="bsb18-548390"
            n="a-1410"
            ecep:lem="though"
            ecep:pos="c-acp"
            ecep:reg="though"
            ecep:spe="tho'"
            ecep:syllab="1"
            ecep:pron="ðəʊ">tho'</w>
         <c> </c>
         <w xml:id="bsb18-548400"
            n="a-1420"
            ecep:lem="we"
            ecep:pos="pns12"
            ecep:reg="we"
            ecep:spe="we"
            ecep:syllab="1"
            ecep:pron="wiː">we</w>
         <c> </c>
         <w xml:id="bsb18-548410"
            n="a-1430"
            ecep:lem="smart"
            ecep:pos="vvb"
            ecep:reg="smart"
            ecep:spe="smart"
            ecep:syllab="1"
            ecep:pron="smɑːt">smart</w>
         <pc xml:id="bsb18-548420"
             n="a-1440"
             ecep:lem=","
             ecep:pos=","
             ecep:reg=","
             ecep:spe=",">,</pc>
      </l>
      <l rendition="#h_3" xml:id="bsb18-l24480">
         <c> </c>
         <w xml:id="bsb18-548430"
            n="a-1450"
            ecep:lem="let"
            ecep:pos="vvb"
            ecep:reg="Let"
            ecep:spe="Let"
            ecep:syllab="1"
            ecep:pron="let">Let</w>
         <c> </c>
         <w xml:id="bsb18-548440"
            n="a-1460"
            ecep:lem="fool"
            ecep:pos="n2"
            ecep:reg="fools"
            ecep:spe="fools"
            ecep:syllab="1"
            ecep:pron="fuːlz">fools</w>
         <c> </c>
         <w xml:id="bsb18-548450"
            n="a-1470"
            ecep:lem="make"
            ecep:pos="vvi"
            ecep:reg="make"
            ecep:spe="make"
            ecep:syllab="1"
            ecep:pron="meɪk">make</w>
         <c> </c>
         <w xml:id="bsb18-548460"
            n="a-1480"
            ecep:lem="their"
            ecep:pos="po32"
            ecep:reg="their"
            ecep:spe="their"
            ecep:syllab="1"
            ecep:pron="ðeə">their</w>
         <c> </c>
         <w xml:id="bsb18-548470"
            n="a-1490"
            ecep:lem="jest"
            ecep:pos="n1"
            ecep:reg="jest"
            ecep:spe="jest"
            ecep:syllab="1"
            ecep:pron="dʒest">jest</w>
         <pc xml:id="bsb18-548480"
             n="a-1500"
             ecep:lem=","
             ecep:pos=","
             ecep:reg=","
             ecep:spe=",">,</pc>
         <c> </c>
         <w xml:id="bsb18-548490"
            n="a-1510"
            ecep:lem="for"
            ecep:pos="p-acp"
            ecep:reg="for"
            ecep:spe="for"
            ecep:syllab="1"
            ecep:pron="fɔː">for</w>
         <c> </c>
         <w xml:id="bsb18-548500"
            n="a-1520"
            ecep:lem="they"
            ecep:pos="pno32"
            ecep:reg="them"
            ecep:spe="them"
            ecep:syllab="1"
            ecep:pron="ðem">them</w>
         <c> </c>
         <w xml:id="bsb18-548510"
            n="a-1530"
            ecep:lem="sage"
            ecep:pos="n2-jn"
            ecep:reg="sages"
            ecep:spe="sages"
            ecep:syllab="2"
            ecep:pron="ˈseɪdʒɪz">sages</w>
         <c> </c>
         <w xml:id="bsb18-548520"
            n="a-1540"
            ecep:lem="have"
            ecep:pos="vhb"
            ecep:reg="have"
            ecep:spe="have"
            ecep:syllab="1"
            ecep:pron="hæv">have</w>
         <c> </c>
         <w xml:id="bsb18-548530"
            n="a-1550"
            ecep:lem="die"
            ecep:pos="vvn"
            ecep:reg="died"
            ecep:spe="died"
            ecep:syllab="1"
            ecep:pron="daɪd">died</w>
         <pc xml:id="bsb18-548540"
             n="a-1560"
             unit="sentence"
             ecep:lem="."
             ecep:pos="."
             ecep:reg="."
             ecep:spe=".">.</pc>
         <c> </c>
      </l>
   </lg>
   <lg xml:id="bsb18-s01080">
      <l xml:id="bsb18-l24485">
         <w xml:id="bsb18-548570"
            n="a-1570"
            ecep:lem="each"
            ecep:pos="d"
            ecep:reg="Each"
            ecep:spe="Each"
            ecep:syllab="1"
            ecep:pron="iːtʃ">Each</w>
         <c> </c>
         <w xml:id="bsb18-548580"
            n="a-1580"
            ecep:lem="change"
            ecep:pos="n1"
            ecep:reg="change"
            ecep:spe="change"
            ecep:syllab="1"
            ecep:pron="tʃeɪndʒ">change</w>
         <c> </c>
         <w xml:id="bsb18-548590"
            n="a-1590"
            ecep:lem="and"
            ecep:pos="cc"
            ecep:reg="and"
            ecep:spe="and"
            ecep:syllab="1"
            ecep:pron="ænd">and</w>
         <c> </c>
         <w xml:id="bsb18-548600"
            n="a-1600"
            ecep:lem="excess"
            ecep:pos="n1"
            ecep:reg="excess"
            ecep:spe="excess"
            ecep:syllab="2"
            ecep:pron="ɪkˈses">excess</w>
         <c> </c>
         <w xml:id="bsb18-548610"
            n="a-1610"
            ecep:lem="have"
            ecep:pos="vhb"
            ecep:reg="have"
            ecep:spe="have"
            ecep:syllab="1"
            ecep:pron="hæv">have</w>
         <c> </c>
         <w xml:id="bsb18-548620"
            n="a-1620"
            ecep:lem="through"
            ecep:pos="p-acp"
            ecep:reg="through"
            ecep:spe="thro'"
            ecep:syllab="1"
            ecep:pron="θruː">thro'</w>
         <c> </c>
         <w xml:id="bsb18-548630"
            n="a-1630"
            ecep:lem="life"
            ecep:pos="n1"
            ecep:reg="life"
            ecep:spe="life"
            ecep:syllab="1"
            ecep:pron="laɪf">life</w>
         <c> </c>
         <w xml:id="bsb18-548640"
            n="a-1640"
            ecep:lem="be"
            ecep:pos="vbn"
            ecep:reg="been"
            ecep:spe="been"
            ecep:syllab="1"
            ecep:pron="biːn">been</w>
         <c> </c>
         <w xml:id="bsb18-548650"
            n="a-1650"
            ecep:lem="my"
            ecep:pos="po11"
            ecep:reg="my"
            ecep:spe="my"
            ecep:syllab="1"
            ecep:pron="maɪ">my</w>
         <c> </c>
         <w xml:id="bsb18-548660"
            n="a-1660"
            ecep:lem="doom"
            ecep:pos="n1"
            ecep:reg="doom"
            ecep:spe="doom"
            ecep:syllab="1"
            ecep:pron="duːm">doom</w>
         <pc xml:id="bsb18-548670"
             n="a-1670"
             ecep:lem=","
             ecep:pos=","
             ecep:reg=","
             ecep:spe=",">,</pc>
      </l>
      <l rendition="#h_3" xml:id="bsb18-l24490">
         <c> </c>
         <w xml:id="bsb18-548680"
            n="a-1680"
            ecep:lem="and"
            ecep:pos="cc"
            ecep:reg="And"
            ecep:spe="And"
            ecep:syllab="1"
            ecep:pron="ænd">And</w>
         <c> </c>
         <w xml:id="bsb18-548690"
            n="a-1690"
            ecep:lem="well"
            ecep:pos="av"
            ecep:reg="well"
            ecep:spe="well"
            ecep:syllab="1"
            ecep:pron="wel">well</w>
         <c> </c>
         <w xml:id="bsb18-548700"
            n="a-1700"
            ecep:lem="can"
            ecep:pos="vmb"
            ecep:reg="can"
            ecep:spe="can"
            ecep:syllab="1"
            ecep:pron="kæn">can</w>
         <c> </c>
         <w xml:id="bsb18-548710"
            n="a-1710"
            ecep:lem="i"
            ecep:pos="pns11"
            ecep:reg="I"
            ecep:spe="I"
            ecep:syllab="1"
            ecep:pron="aɪ">I</w>
         <c> </c>
         <w xml:id="bsb18-548720"
            n="a-1720"
            ecep:lem="speak"
            ecep:pos="vvi"
            ecep:reg="speak"
            ecep:spe="speak"
            ecep:syllab="1"
            ecep:pron="spiːk">speak</w>
         <c> </c>
         <w xml:id="bsb18-548730"
            n="a-1730"
            ecep:lem="of"
            ecep:pos="pp-f"
            ecep:reg="of"
            ecep:spe="of"
            ecep:syllab="1"
            ecep:pron="ɒv">of</w>
         <c> </c>
         <w xml:id="bsb18-548740"
            n="a-1740"
            ecep:lem="its"
            ecep:pos="po31"
            ecep:reg="its"
            ecep:spe="its"
            ecep:syllab="1"
            ecep:pron="ɪts">its</w>
         <c> </c>
         <w xml:id="bsb18-548750"
            n="a-1750"
            ecep:lem="joy"
            ecep:pos="n1"
            ecep:reg="joy"
            ecep:spe="joy"
            ecep:syllab="1"
            ecep:pron="dʒɔɪ">joy</w>
         <c> </c>
         <w xml:id="bsb18-548760"
            n="a-1760"
            ecep:lem="and"
            ecep:pos="cc"
            ecep:reg="and"
            ecep:spe="and"
            ecep:syllab="1"
            ecep:pron="ænd">and</w>
         <c> </c>
         <w xml:id="bsb18-548770"
            n="a-1770"
            ecep:lem="its"
            ecep:pos="po31"
            ecep:reg="its"
            ecep:spe="its"
            ecep:syllab="1"
            ecep:pron="ɪts">its</w>
         <c> </c>
         <w xml:id="bsb18-548780"
            n="a-1780"
            ecep:lem="strife"
            ecep:pos="n1"
            ecep:reg="strife"
            ecep:spe="strife"
            ecep:syllab="1"
            ecep:pron="straɪf">strife</w>
         <pc xml:id="bsb18-548790"
             n="a-1790"
             ecep:lem=";"
             ecep:pos=";"
             ecep:reg=";"
             ecep:spe=";">;</pc>
      </l>
      <l xml:id="bsb18-l24495">
         <c> </c>
         <w xml:id="bsb18-548800"
            n="a-1800"
            ecep:lem="the"
            ecep:pos="dt"
            ecep:reg="The"
            ecep:spe="The"
            ecep:syllab="1"
            ecep:pron="ðiː">The</w>
         <c> </c>
         <w xml:id="bsb18-548810"
            n="a-1810"
            ecep:lem="bottle"
            ecep:pos="n1"
            ecep:reg="bottle"
            ecep:spe="bottle"
            ecep:syllab="2"
            ecep:pron="ˈbɒtl">bottle</w>
         <c> </c>
         <w xml:id="bsb18-548820"
            n="a-1820"
            ecep:lem="afford"
            ecep:pos="vvz"
            ecep:reg="affords"
            ecep:spe="affords"
            ecep:syllab="2"
            ecep:pron="əˈfɔːdz">affords</w>
         <c> </c>
         <w xml:id="bsb18-548830"
            n="a-1830"
            ecep:lem="we"
            ecep:pos="pno12"
            ecep:reg="us"
            ecep:spe="us"
            ecep:syllab="1"
            ecep:pron="ʌs">us</w>
         <c> </c>
         <w xml:id="bsb18-548840"
            n="a-1840"
            ecep:lem="a"
            ecep:pos="dt"
            ecep:reg="a"
            ecep:spe="a"
            ecep:syllab="1"
            ecep:pron="ə">a</w>
         <c> </c>
         <w xml:id="bsb18-548850"
            n="a-1850"
            ecep:lem="glimpse"
            ecep:pos="n1"
            ecep:reg="glimpse"
            ecep:spe="glimpse"
            ecep:syllab="1"
            ecep:pron="glɪmps">glimpse</w>
         <c> </c>
         <w xml:id="bsb18-548860"
            n="a-1860"
            ecep:lem="through"
            ecep:pos="p-acp"
            ecep:reg="through"
            ecep:spe="through"
            ecep:syllab="1"
            ecep:pron="θruː">through</w>
         <c> </c>
         <w xml:id="bsb18-548870"
            n="a-1870"
            ecep:lem="the"
            ecep:pos="dt"
            ecep:reg="the"
            ecep:spe="the"
            ecep:syllab="1"
            ecep:pron="ðiː">the</w>
         <c> </c>
         <w xml:id="bsb18-548880"
            n="a-1880"
            ecep:lem="gloom"
            ecep:pos="n1"
            ecep:reg="gloom"
            ecep:spe="gloom"
            ecep:syllab="1"
            ecep:pron="gluːm">gloom</w>
         <pc xml:id="bsb18-548890"
             n="a-1890"
             ecep:lem=","
             ecep:pos=","
             ecep:reg=","
             ecep:spe=",">,</pc>
      </l>
      <l rendition="#h_3" xml:id="bsb18-l24500">
         <c> </c>
         <w xml:id="bsb18-548900"
            n="a-1900"
            ecep:lem="but"
            ecep:pos="cc-acp"
            ecep:reg="But"
            ecep:spe="But"
            ecep:syllab="1"
            ecep:pron="bʌt">But</w>
         <c> </c>
         <w xml:id="bsb18-548910"
            n="a-1910"
            ecep:lem="love"
            ecep:pos="ng1"
            ecep:reg="Love's"
            ecep:spe="Love's"
            ecep:syllab="1"
            ecep:pron="ˈlʌvz">Love's</w>
         <c> </c>
         <w xml:id="bsb18-548920"
            n="a-1920"
            ecep:lem="the"
            ecep:pos="dt"
            ecep:reg="the"
            ecep:spe="the"
            ecep:syllab="1"
            ecep:pron="ðiː">the</w>
         <c> </c>
         <w xml:id="bsb18-548930"
            n="a-1930"
            ecep:lem="true"
            ecep:pos="j"
            ecep:reg="true"
            ecep:spe="true"
            ecep:syllab="1"
            ecep:pron="truː">true</w>
         <c> </c>
         <w xml:id="bsb18-548940"
            n="a-1940"
            ecep:lem="sunshine"
            ecep:pos="n1"
            ecep:reg="sunshine"
            ecep:spe="sunshine"
            ecep:syllab="2"
            ecep:pron="ˈsʌnʃaɪn">sunshine</w>
         <c> </c>
         <w xml:id="bsb18-548950"
            n="a-1950"
            ecep:lem="that"
            ecep:pos="cst"
            ecep:reg="that"
            ecep:spe="that"
            ecep:syllab="1"
            ecep:pron="ðæt">that</w>
         <c> </c>
         <w xml:id="bsb18-548960"
            n="a-1960"
            ecep:lem="gladden"
            ecep:pos="vvz"
            ecep:reg="gladdens"
            ecep:spe="gladdens"
            ecep:syllab="2"
            ecep:pron="ˈglædnz">gladdens</w>
         <c> </c>
         <w xml:id="bsb18-548970"
            n="a-1970"
            ecep:lem="our"
            ecep:pos="po12"
            ecep:reg="our"
            ecep:spe="our"
            ecep:syllab="1"
            ecep:pron="ˈaʊə">our</w>
         <c> </c>
         <w xml:id="bsb18-548980"
            n="a-1980"
            ecep:lem="life"
            ecep:pos="n1"
            ecep:reg="life"
            ecep:spe="life"
            ecep:syllab="1"
            ecep:pron="laɪf">life</w>
         <pc xml:id="bsb18-548990"
             n="a-1990"
             unit="sentence"
             ecep:lem="."
             ecep:pos="."
             ecep:reg="."
             ecep:spe=".">.</pc>
         <c> </c>
      </l>
   </lg>
   <pb n="179" rend="none"/>
   <lg xml:id="bsb18-s01085">
      <l xml:id="bsb18-l24505">
         <w xml:id="bsb18-549020"
            n="a-0010"
            ecep:lem="come"
            ecep:pos="vvb"
            ecep:reg="Come"
            ecep:spe="Come"
            ecep:syllab="1"
            ecep:pron="kʌm">Come</w>
         <pc xml:id="bsb18-549030"
             n="a-0020"
             ecep:lem=","
             ecep:pos=","
             ecep:reg=","
             ecep:spe=",">,</pc>
         <c> </c>
         <w xml:id="bsb18-549040"
            n="a-0030"
            ecep:lem="then"
            ecep:pos="av"
            ecep:reg="then"
            ecep:spe="then"
            ecep:syllab="1"
            ecep:pron="ðen">then</w>
         <pc xml:id="bsb18-549050"
             n="a-0040"
             ecep:lem=","
             ecep:pos=","
             ecep:reg=","
             ecep:spe=",">,</pc>
         <c> </c>
         <w xml:id="bsb18-549060"
            n="a-0050"
            ecep:lem="rosy"
            ecep:pos="j"
            ecep:reg="rosy"
            ecep:spe="rosy"
            ecep:syllab="2"
            ecep:pron="ˈrəʊzi">rosy</w>
         <c> </c>
         <w xml:id="bsb18-549070"
            n="a-0060"
            ecep:lem="Venus"
            ecep:pos="np1"
            ecep:reg="Venus"
            ecep:spe="Venus"
            ecep:syllab="2"
            ecep:pron="ˈviːnəs">Venus</w>
         <pc xml:id="bsb18-549080"
             n="a-0070"
             ecep:lem=","
             ecep:pos=","
             ecep:reg=","
             ecep:spe=",">,</pc>
         <c> </c>
         <w xml:id="bsb18-549090"
            n="a-0080"
            ecep:lem="and"
            ecep:pos="cc"
            ecep:reg="and"
            ecep:spe="and"
            ecep:syllab="1"
            ecep:pron="ænd">and</w>
         <c> </c>
         <w xml:id="bsb18-549100"
            n="a-0090"
            ecep:lem="spread"
            ecep:pos="vvn"
            ecep:reg="spread"
            ecep:spe="spread"
            ecep:syllab="1"
            ecep:pron="spred">spread</w>
         <c> </c>
         <w xml:id="bsb18-549110"
            n="a-0100"
            ecep:lem="over"
            ecep:pos="p-acp"
            ecep:reg="over"
            ecep:spe="o'er"
            ecep:syllab="1"
            ecep:pron="ˈɔːə">o'er</w>
         <c> </c>
         <w xml:id="bsb18-549120"
            n="a-0110"
            ecep:lem="my"
            ecep:pos="po11"
            ecep:reg="my"
            ecep:spe="my"
            ecep:syllab="1"
            ecep:pron="maɪ">my</w>
         <c> </c>
         <w xml:id="bsb18-549130"
            n="a-0120"
            ecep:lem="sight"
            ecep:pos="n1"
            ecep:reg="sight"
            ecep:spe="sight"
            ecep:syllab="1"
            ecep:pron="saɪt">sight</w>
      </l>
      <l rendition="#h_3" xml:id="bsb18-l24510">
         <c> </c>
         <w xml:id="bsb18-549140"
            n="a-0130"
            ecep:lem="the"
            ecep:pos="dt"
            ecep:reg="The"
            ecep:spe="The"
            ecep:syllab="1"
            ecep:pron="ðiː">The</w>
         <c> </c>
         <w xml:id="bsb18-549150"
            n="a-0140"
            ecep:lem="magic"
            ecep:pos="j-jn"
            ecep:reg="magic"
            ecep:spe="magic"
            ecep:syllab="2"
            ecep:pron="ˈmædʒɪk">magic</w>
         <c> </c>
         <w xml:id="bsb18-549160"
            n="a-0150"
            ecep:lem="illusion"
            ecep:pos="n2"
            ecep:reg="illusions"
            ecep:spe="illusions"
            ecep:syllab="3"
            ecep:pron="ɪˈluːʒnz">illusions</w>
         <c> </c>
         <w xml:id="bsb18-549170"
            n="a-0160"
            ecep:lem="that"
            ecep:pos="cst"
            ecep:reg="that"
            ecep:spe="that"
            ecep:syllab="1"
            ecep:pron="ðæt">that</w>
         <c> </c>
         <w xml:id="bsb18-549180"
            n="a-0170"
            ecep:lem="ravish"
            ecep:pos="vvb"
            ecep:reg="ravish"
            ecep:spe="ravish"
            ecep:syllab="2"
            ecep:pron="ˈrævɪʃ">ravish</w>
         <c> </c>
         <w xml:id="bsb18-549190"
            n="a-0180"
            ecep:lem="the"
            ecep:pos="dt"
            ecep:reg="the"
            ecep:spe="the"
            ecep:syllab="1"
            ecep:pron="ðiː">the</w>
         <c> </c>
         <w xml:id="bsb18-549200"
            n="a-0190"
            ecep:lem="soul"
            ecep:pos="n1"
            ecep:reg="soul"
            ecep:spe="soul"
            ecep:syllab="1"
            ecep:pron="səʊl">soul</w>
         <pc xml:id="bsb18-549210"
             n="a-0200"
             unit="sentence"
             ecep:lem="!"
             ecep:pos="!"
             ecep:reg="!"
             ecep:spe="!">!</pc>
         <c> </c>
      </l>
      <l xml:id="bsb18-l24515">
         <w xml:id="bsb18-549220"
            n="a-0210"
            ecep:lem="awake"
            ecep:pos="vvb"
            ecep:reg="Awake"
            ecep:spe="Awake"
            ecep:syllab="2"
            ecep:pron="əˈweɪk">Awake</w>
         <c> </c>
         <w xml:id="bsb18-549230"
            n="a-0220"
            ecep:lem="in"
            ecep:pos="p-acp"
            ecep:reg="in"
            ecep:spe="in"
            ecep:syllab="1"
            ecep:pron="ɪn">in</w>
         <c> </c>
         <w xml:id="bsb18-549240"
            n="a-0230"
            ecep:lem="my"
            ecep:pos="po11"
            ecep:reg="my"
            ecep:spe="my"
            ecep:syllab="1"
            ecep:pron="maɪ">my</w>
         <c> </c>
         <w xml:id="bsb18-549250"
            n="a-0240"
            ecep:lem="breast"
            ecep:pos="n1"
            ecep:reg="breast"
            ecep:spe="breast"
            ecep:syllab="1"
            ecep:pron="brest">breast</w>
         <c> </c>
         <w xml:id="bsb18-549260"
            n="a-0250"
            ecep:lem="the"
            ecep:pos="dt"
            ecep:reg="the"
            ecep:spe="the"
            ecep:syllab="1"
            ecep:pron="ðiː">the</w>
         <c> </c>
         <w xml:id="bsb18-549270"
            n="a-0260"
            ecep:lem="soft"
            ecep:pos="j"
            ecep:reg="soft"
            ecep:spe="soft"
            ecep:syllab="1"
            ecep:pron="sɒft">soft</w>
         <c> </c>
         <w xml:id="bsb18-549280"
            n="a-0270"
            ecep:lem="dream"
            ecep:pos="n1"
            ecep:reg="dream"
            ecep:spe="dream"
            ecep:syllab="1"
            ecep:pron="driːm">dream</w>
         <c> </c>
         <w xml:id="bsb18-549290"
            n="a-0280"
            ecep:lem="of"
            ecep:pos="pp-f"
            ecep:reg="of"
            ecep:spe="of"
            ecep:syllab="1"
            ecep:pron="ɒv">of</w>
         <c> </c>
         <w xml:id="bsb18-549300"
            n="a-0290"
            ecep:lem="delight"
            ecep:pos="n1"
            ecep:reg="delight"
            ecep:spe="delight"
            ecep:syllab="2"
            ecep:pron="diˈlaɪt">delight</w>
         <pc xml:id="bsb18-549310"
             n="a-0300"
             ecep:lem=","
             ecep:pos=","
             ecep:reg=","
             ecep:spe=",">,</pc>
      </l>
      <l rendition="#h_3" xml:id="bsb18-l24520">
         <c> </c>
         <w xml:id="bsb18-549320"
            n="a-0310"
            ecep:lem="and"
            ecep:pos="cc"
            ecep:reg="And"
            ecep:spe="And"
            ecep:syllab="1"
            ecep:pron="ænd">And</w>
         <c> </c>
         <w xml:id="bsb18-549330"
            n="a-0320"
            ecep:lem="drop"
            ecep:pos="vvi"
            ecep:reg="drop"
            ecep:spe="drop"
            ecep:syllab="1"
            ecep:pron="drɒp">drop</w>
         <c> </c>
         <w xml:id="bsb18-549340"
            n="a-0330"
            ecep:lem="from"
            ecep:pos="p-acp"
            ecep:reg="from"
            ecep:spe="from"
            ecep:syllab="1"
            ecep:pron="frɒm">from</w>
         <c> </c>
         <w xml:id="bsb18-549350"
            n="a-0340"
            ecep:lem="thy"
            ecep:pos="po21"
            ecep:reg="thy"
            ecep:spe="thy"
            ecep:syllab="1"
            ecep:pron="ðaɪ">thy</w>
         <c> </c>
         <w xml:id="bsb18-549360"
            n="a-0350"
            ecep:lem="myrtle"
            ecep:pos="n1"
            ecep:reg="myrtle"
            ecep:spe="myrtle"
            ecep:syllab="2"
            ecep:pron="ˈmɜːtl">myrtle</w>
         <c> </c>
         <w xml:id="bsb18-549370"
            n="a-0360"
            ecep:lem="one"
            ecep:pos="crd"
            ecep:reg="one"
            ecep:spe="one"
            ecep:syllab="1"
            ecep:pron="wʌn">one</w>
         <c> </c>
         <w xml:id="bsb18-549380"
            n="a-0370"
            ecep:lem="leaf"
            ecep:pos="n1"
            ecep:reg="leaf"
            ecep:spe="leaf"
            ecep:syllab="1"
            ecep:pron="liːf">leaf</w>
         <c> </c>
         <w xml:id="bsb18-549390"
            n="a-0380"
            ecep:lem="in"
            ecep:pos="p-acp"
            ecep:reg="in"
            ecep:spe="in"
            ecep:syllab="1"
            ecep:pron="ɪn">in</w>
         <c> </c>
         <w xml:id="bsb18-549400"
            n="a-0390"
            ecep:lem="my"
            ecep:pos="po11"
            ecep:reg="my"
            ecep:spe="my"
            ecep:syllab="1"
            ecep:pron="maɪ">my</w>
         <c> </c>
         <w xml:id="bsb18-549410"
            n="a-0400"
            ecep:lem="bowl"
            ecep:pos="n1"
            ecep:reg="bowl"
            ecep:spe="bowl"
            ecep:syllab="1"
            ecep:pron="bəʊl">bowl</w>
         <pc xml:id="bsb18-549420"
             n="a-0410"
             unit="sentence"
             ecep:lem="!"
             ecep:pos="!"
             ecep:reg="!"
             ecep:spe="!">!</pc>
         <c> </c>
      </l>
   </lg>
   <lg xml:id="bsb18-s01090">
      <l xml:id="bsb18-l24525">
         <w xml:id="bsb18-549450"
            n="a-0420"
            ecep:lem="then"
            ecep:pos="av"
            ecep:reg="Then"
            ecep:spe="Then"
            ecep:syllab="1"
            ecep:pron="ðen">Then</w>
         <c> </c>
         <w xml:id="bsb18-549460"
            n="a-0430"
            ecep:lem="deep"
            ecep:pos="j-jn"
            ecep:reg="deep"
            ecep:spe="deep"
            ecep:syllab="1"
            ecep:pron="diːp">deep</w>
         <c> </c>
         <w xml:id="bsb18-549470"
            n="a-0440"
            ecep:lem="will"
            ecep:pos="vmb"
            ecep:reg="will"
            ecep:spe="will"
            ecep:syllab="1"
            ecep:pron="wɪl">will</w>
         <c> </c>
         <w xml:id="bsb18-549480"
            n="a-0450"
            ecep:lem="i"
            ecep:pos="pns11"
            ecep:reg="I"
            ecep:spe="I"
            ecep:syllab="1"
            ecep:pron="aɪ">I</w>
         <c> </c>
         <w xml:id="bsb18-549490"
            n="a-0460"
            ecep:lem="drink"
            ecep:pos="vvi"
            ecep:reg="drink"
            ecep:spe="drink"
            ecep:syllab="1"
            ecep:pron="drɪŋk">drink</w>
         <c> </c>
         <w xml:id="bsb18-549500"
            n="a-0470"
            ecep:lem="of"
            ecep:pos="pp-f"
            ecep:reg="of"
            ecep:spe="of"
            ecep:syllab="1"
            ecep:pron="ɒv">of</w>
         <c> </c>
         <w xml:id="bsb18-549510"
            n="a-0480"
            ecep:lem="the"
            ecep:pos="dt"
            ecep:reg="the"
            ecep:spe="the"
            ecep:syllab="1"
            ecep:pron="ðiː">the</w>
         <c> </c>
         <w xml:id="bsb18-549520"
            n="a-0490"
            ecep:lem="nectar"
            ecep:pos="n1"
            ecep:reg="nectar"
            ecep:spe="nectar"
            ecep:syllab="2"
            ecep:pron="ˈnektə">nectar</w>
         <c> </c>
         <w xml:id="bsb18-549530"
            n="a-0500"
            ecep:lem="divine"
            ecep:pos="j-jn"
            ecep:reg="divine"
            ecep:spe="divine"
            ecep:syllab="2"
            ecep:pron="dɪˈvaɪn">divine</w>
         <pc xml:id="bsb18-549540"
             n="a-0510"
             ecep:lem=","
             ecep:pos=","
             ecep:reg=","
             ecep:spe=",">,</pc>
      </l>
      <l rendition="#h_3" xml:id="bsb18-l24530">
         <c> </c>
         <w xml:id="bsb18-549550"
            n="a-0520"
            ecep:lem="nor"
            ecep:pos="ccx"
            ecep:reg="Nor"
            ecep:spe="Nor"
            ecep:syllab="1"
            ecep:pron="nɔː">Nor</w>
         <c> </c>
         <w xml:id="bsb18-549560"
            n="a-0530"
            ecep:lem="ever"
            ecep:pos="av"
            ecep:reg="ever"
            ecep:spe="e'er"
            ecep:syllab="1"
            ecep:pron="eə">e'er</w>
         <pc xml:id="bsb18-549570"
             n="a-0540"
             ecep:lem=","
             ecep:pos=","
             ecep:reg=","
             ecep:spe=",">,</pc>
         <c> </c>
         <w xml:id="bsb18-549580"
            n="a-0550"
            ecep:lem="jolly"
            ecep:pos="j"
            ecep:reg="jolly"
            ecep:spe="jolly"
            ecep:syllab="2"
            ecep:pron="ˈdʒɒli">jolly</w>
         <c> </c>
         <w xml:id="bsb18-549590"
            n="a-0560"
            ecep:lem="god"
            ecep:pos="n1"
            ecep:reg="god"
            ecep:spe="god"
            ecep:syllab="1"
            ecep:pron="gɒd">god</w>
         <pc xml:id="bsb18-549600"
             n="a-0570"
             ecep:lem=","
             ecep:pos=","
             ecep:reg=","
             ecep:spe=",">,</pc>
         <c> </c>
         <w xml:id="bsb18-549610"
            n="a-0580"
            ecep:lem="from"
            ecep:pos="p-acp"
            ecep:reg="from"
            ecep:spe="from"
            ecep:syllab="1"
            ecep:pron="frɒm">from</w>
         <c> </c>
         <w xml:id="bsb18-549620"
            n="a-0590"
            ecep:lem="thy"
            ecep:pos="po21"
            ecep:reg="thy"
            ecep:spe="thy"
            ecep:syllab="1"
            ecep:pron="ðaɪ">thy</w>
         <c> </c>
         <w xml:id="bsb18-549630"
            n="a-0600"
            ecep:lem="banquet"
            ecep:pos="n1"
            ecep:reg="banquet"
            ecep:spe="banquet"
            ecep:syllab="2"
            ecep:pron="ˈbæŋkwɪt">banquet</w>
         <c> </c>
         <w xml:id="bsb18-549640"
            n="a-0610"
            ecep:lem="remove"
            ecep:pos="vvi"
            ecep:reg="remove"
            ecep:spe="remove"
            ecep:syllab="2"
            ecep:pron="riˈmuːv">remove</w>
         <pc xml:id="bsb18-549650"
             n="a-0620"
             ecep:lem=";"
             ecep:pos=";"
             ecep:reg=";"
             ecep:spe=";">;</pc>
      </l>
      <l xml:id="bsb18-l24535">
         <c> </c>
         <w xml:id="bsb18-549660"
            n="a-0630"
            ecep:lem="each"
            ecep:pos="d"
            ecep:reg="Each"
            ecep:spe="Each"
            ecep:syllab="1"
            ecep:pron="iːtʃ">Each</w>
         <c> </c>
         <w xml:id="bsb18-549670"
            n="a-0640"
            ecep:lem="throb"
            ecep:pos="vvb"
            ecep:reg="throb"
            ecep:spe="throb"
            ecep:syllab="1"
            ecep:pron="θrɒb">throb</w>
         <c> </c>
         <w xml:id="bsb18-549680"
            n="a-0650"
            ecep:lem="of"
            ecep:pos="pp-f"
            ecep:reg="of"
            ecep:spe="of"
            ecep:syllab="1"
            ecep:pron="ɒv">of</w>
         <c> </c>
         <w xml:id="bsb18-549690"
            n="a-0660"
            ecep:lem="my"
            ecep:pos="po11"
            ecep:reg="my"
            ecep:spe="my"
            ecep:syllab="1"
            ecep:pron="maɪ">my</w>
         <c> </c>
         <w xml:id="bsb18-549700"
            n="a-0670"
            ecep:lem="heart"
            ecep:pos="n1"
            ecep:reg="heart"
            ecep:spe="heart"
            ecep:syllab="1"
            ecep:pron="hɑːt">heart</w>
         <c> </c>
         <w xml:id="bsb18-549710"
            n="a-0680"
            ecep:lem="shall"
            ecep:pos="vmb"
            ecep:reg="shall"
            ecep:spe="shall"
            ecep:syllab="1"
            ecep:pron="ʃæl">shall</w>
         <c> </c>
         <w xml:id="bsb18-549720"
            n="a-0690"
            ecep:lem="accord"
            ecep:pos="vvi"
            ecep:reg="accord"
            ecep:spe="accord"
            ecep:syllab="2"
            ecep:pron="əˈkɔːd">accord</w>
         <c> </c>
         <w xml:id="bsb18-549730"
            n="a-0700"
            ecep:lem="with"
            ecep:pos="p-acp"
            ecep:reg="with"
            ecep:spe="with"
            ecep:syllab="1"
            ecep:pron="wɪð">with</w>
         <c> </c>
         <w xml:id="bsb18-549740"
            n="a-0710"
            ecep:lem="the"
            ecep:pos="dt"
            ecep:reg="the"
            ecep:spe="the"
            ecep:syllab="1"
            ecep:pron="ðiː">the</w>
         <c> </c>
         <w xml:id="bsb18-549750"
            n="a-0720"
            ecep:lem="wine"
            ecep:pos="n1"
            ecep:reg="wine"
            ecep:spe="wine"
            ecep:syllab="1"
            ecep:pron="waɪn">wine</w>
      </l>
      <l rendition="#h_3" xml:id="bsb18-l24540">
         <c> </c>
         <w xml:id="bsb18-549760"
            n="a-0730"
            ecep:lem="that|be"
            ecep:pos="d|vbz"
            ecep:reg="That's"
            ecep:spe="That's"
            ecep:syllab="1"
            ecep:pron="ðæts">That's</w>
         <c> </c>
         <w xml:id="bsb18-549770"
            n="a-0740"
            ecep:lem="mellow"
            ecep:pos="vvn"
            ecep:reg="mellowed"
            ecep:spe="mellow'd"
            ecep:syllab="2"
            ecep:pron="ˈmeləʊd">mellow'd</w>
         <c> </c>
         <w xml:id="bsb18-549780"
            n="a-0750"
            ecep:lem="by"
            ecep:pos="p-acp"
            ecep:reg="by"
            ecep:spe="by"
            ecep:syllab="1"
            ecep:pron="baɪ">by</w>
         <c> </c>
         <w xml:id="bsb18-549790"
            n="a-0760"
            ecep:lem="friendship"
            ecep:pos="n1"
            ecep:reg="friendship"
            ecep:spe="friendship"
            ecep:syllab="2"
            ecep:pron="ˈfrendʃɪp">friendship</w>
         <c> </c>
         <w xml:id="bsb18-549800"
            n="a-0770"
            ecep:lem="and"
            ecep:pos="cc"
            ecep:reg="and"
            ecep:spe="and"
            ecep:syllab="1"
            ecep:pron="ænd">and</w>
         <c> </c>
         <w xml:id="bsb18-549810"
            n="a-0780"
            ecep:lem="sweeten"
            ecep:pos="vvn"
            ecep:reg="sweetened"
            ecep:spe="sweeten'd"
            ecep:syllab="2"
            ecep:pron="ˈswiːtnd">sweeten'd</w>
         <c> </c>
         <w xml:id="bsb18-549820"
            n="a-0790"
            ecep:lem="by"
            ecep:pos="p-acp"
            ecep:reg="by"
            ecep:spe="by"
            ecep:syllab="1"
            ecep:pron="baɪ">by</w>
         <c> </c>
         <w xml:id="bsb18-549830"
            n="a-0800"
            ecep:lem="love"
            ecep:pos="n1"
            ecep:reg="love"
            ecep:spe="love"
            ecep:syllab="1"
            ecep:pron="lʌv">love</w>
         <pc xml:id="bsb18-549840"
             n="a-0810"
             unit="sentence"
             ecep:lem="!"
             ecep:pos="!"
             ecep:reg="!"
             ecep:spe="!">!</pc>
         <c> </c>
      </l>
   </lg>
   <lg xml:id="bsb18-s01095">
      <l xml:id="bsb18-l24545">
         <w xml:id="bsb18-549870"
            n="a-0820"
            ecep:lem="and"
            ecep:pos="cc"
            ecep:reg="And"
            ecep:spe="And"
            ecep:syllab="1"
            ecep:pron="ænd">And</w>
         <c> </c>
         <w xml:id="bsb18-549880"
            n="a-0830"
            ecep:lem="now"
            ecep:pos="av"
            ecep:reg="now"
            ecep:spe="now"
            ecep:syllab="1"
            ecep:pron="naʊ">now</w>
         <pc xml:id="bsb18-549890"
             n="a-0840"
             ecep:lem=","
             ecep:pos=","
             ecep:reg=","
             ecep:spe=",">,</pc>
         <c> </c>
         <w xml:id="bsb18-549900"
            n="a-0850"
            ecep:lem="my"
            ecep:pos="po11"
            ecep:reg="my"
            ecep:spe="my"
            ecep:syllab="1"
            ecep:pron="maɪ">my</w>
         <c> </c>
         <w xml:id="bsb18-549910"
            n="a-0860"
            ecep:lem="gay"
            ecep:pos="j"
            ecep:reg="gay"
            ecep:spe="gay"
            ecep:syllab="1"
            ecep:pron="geɪ">gay</w>
         <c> </c>
         <w xml:id="bsb18-549920"
            n="a-0870"
            ecep:lem="comrade"
            ecep:pos="n2"
            ecep:reg="comrades"
            ecep:spe="comrades"
            ecep:syllab="2"
            ecep:pron="ˈkɒmreɪdz">comrades</w>
         <pc xml:id="bsb18-549930"
             n="a-0880"
             ecep:lem=","
             ecep:pos=","
             ecep:reg=","
             ecep:spe=",">,</pc>
         <c> </c>
         <w xml:id="bsb18-549940"
            n="a-0890"
            ecep:lem="the"
            ecep:pos="dt"
            ecep:reg="the"
            ecep:spe="the"
            ecep:syllab="1"
            ecep:pron="ðiː">the</w>
         <c> </c>
         <w xml:id="bsb18-549950"
            n="a-0900"
            ecep:lem="myrtle"
            ecep:pos="n1"
            ecep:reg="myrtle"
            ecep:spe="myrtle"
            ecep:syllab="2"
            ecep:pron="ˈmɜːtl">myrtle</w>
         <c> </c>
         <w xml:id="bsb18-549960"
            n="a-0910"
            ecep:lem="and"
            ecep:pos="cc"
            ecep:reg="and"
            ecep:spe="and"
            ecep:syllab="1"
            ecep:pron="ænd">and</w>
         <c> </c>
         <w xml:id="bsb18-549970"
            n="a-0920"
            ecep:lem="vine"
            ecep:pos="n1"
            ecep:reg="vine"
            ecep:spe="vine"
            ecep:syllab="1"
            ecep:pron="vaɪn">vine</w>
      </l>
      <l rendition="#h_3" xml:id="bsb18-l24550">
         <c> </c>
         <w xml:id="bsb18-549980"
            n="a-0930"
            ecep:lem="shall"
            ecep:pos="vmb"
            ecep:reg="Shall"
            ecep:spe="Shall"
            ecep:syllab="1"
            ecep:pron="ʃæl">Shall</w>
         <c> </c>
         <w xml:id="bsb18-549990"
            n="a-0940"
            ecep:lem="unite"
            ecep:pos="vvd"
            ecep:reg="united"
            ecep:spe="united"
            ecep:syllab="3"
            ecep:pron="juˈnaɪtɪd">united</w>
         <c> </c>
         <w xml:id="bsb18-550000"
            n="a-0950"
            ecep:lem="their"
            ecep:pos="po32"
            ecep:reg="their"
            ecep:spe="their"
            ecep:syllab="1"
            ecep:pron="ðeə">their</w>
         <c> </c>
         <w xml:id="bsb18-550010"
            n="a-0960"
            ecep:lem="blessing"
            ecep:pos="n2"
            ecep:reg="blessings"
            ecep:spe="blessings"
            ecep:syllab="2"
            ecep:pron="ˈblesɪŋz">blessings</w>
         <c> </c>
         <w xml:id="bsb18-550020"
            n="a-0970"
            ecep:lem="the"
            ecep:pos="dt"
            ecep:reg="the"
            ecep:spe="the"
            ecep:syllab="1"
            ecep:pron="ðiː">the</w>
         <c> </c>
         <w xml:id="bsb18-550030"
            n="a-0980"
            ecep:lem="choice"
            ecep:pos="js"
            ecep:reg="choicest"
            ecep:spe="choicest"
            ecep:syllab="2"
            ecep:pron="ˈtʃɔɪsɪst">choicest</w>
         <c> </c>
         <w xml:id="bsb18-550040"
            n="a-0990"
            ecep:lem="impart"
            ecep:pos="vvi"
            ecep:reg="impart"
            ecep:spe="impart"
            ecep:syllab="2"
            ecep:pron="ɪmˈpɑːt">impart</w>
         <pc xml:id="bsb18-550050"
             n="a-1000"
             ecep:lem=";"
             ecep:pos=";"
             ecep:reg=";"
             ecep:spe=";">;</pc>
      </l>
      <l xml:id="bsb18-l24555">
         <c> </c>
         <w xml:id="bsb18-550060"
            n="a-1010"
            ecep:lem="let"
            ecep:pos="vvb"
            ecep:reg="Let"
            ecep:spe="Let"
            ecep:syllab="1"
            ecep:pron="let">Let</w>
         <c> </c>
         <w xml:id="bsb18-550070"
            n="a-1020"
            ecep:lem="reason"
            ecep:pos="n1"
            ecep:reg="reason"
            ecep:spe="reason"
            ecep:syllab="2"
            ecep:pron="ˈriːzn">reason</w>
         <pc xml:id="bsb18-550080"
             n="a-1030"
             ecep:lem=","
             ecep:pos=","
             ecep:reg=","
             ecep:spe=",">,</pc>
         <c> </c>
         <w xml:id="bsb18-550090"
            n="a-1040"
            ecep:lem="not"
            ecep:pos="xx"
            ecep:reg="not"
            ecep:spe="not"
            ecep:syllab="1"
            ecep:pron="ˈdɪdnt">not</w>
         <c> </c>
         <w xml:id="bsb18-550100"
            n="a-1050"
            ecep:lem="riot"
            ecep:pos="n1"
            ecep:reg="riot"
            ecep:spe="riot"
            ecep:syllab="2"
            ecep:pron="ˈraɪət">riot</w>
         <pc xml:id="bsb18-550110"
             n="a-1060"
             ecep:lem=","
             ecep:pos=","
             ecep:reg=","
             ecep:spe=",">,</pc>
         <c> </c>
         <w xml:id="bsb18-550120"
            n="a-1070"
            ecep:lem="the"
            ecep:pos="dt"
            ecep:reg="the"
            ecep:spe="the"
            ecep:syllab="1"
            ecep:pron="ðiː">the</w>
         <c> </c>
         <w xml:id="bsb18-550130"
            n="a-1080"
            ecep:lem="garland"
            ecep:pos="n1"
            ecep:reg="garland"
            ecep:spe="garland"
            ecep:syllab="2"
            ecep:pron="ˈgɑːlənd">garland</w>
         <c> </c>
         <w xml:id="bsb18-550140"
            n="a-1090"
            ecep:lem="entwine"
            ecep:pos="vvi"
            ecep:reg="entwine"
            ecep:spe="entwine"
            ecep:syllab="2"
            ecep:pron="ɪnˈtwaɪn">entwine</w>
         <c> </c>
         <pc xml:id="bsb18-550150"
             n="a-1100"
             ecep:lem="—"
             ecep:pos="—"
             ecep:reg="—"
             ecep:spe="—">—</pc>
      </l>
      <l rendition="#h_3" xml:id="bsb18-l24560">
         <c> </c>
         <w xml:id="bsb18-550160"
            n="a-1110"
            ecep:lem="the"
            ecep:pos="dt"
            ecep:reg="The"
            ecep:spe="The"
            ecep:syllab="1"
            ecep:pron="ðiː">The</w>
         <c> </c>
         <w xml:id="bsb18-550170"
            n="a-1120"
            ecep:lem="result"
            ecep:pos="n1"
            ecep:reg="result"
            ecep:spe="result"
            ecep:syllab="2"
            ecep:pron="riˈzʌlt">result</w>
         <c> </c>
         <w xml:id="bsb18-550180"
            n="a-1130"
            ecep:lem="must"
            ecep:pos="vmb"
            ecep:reg="must"
            ecep:spe="must"
            ecep:syllab="1"
            ecep:pron="mʌst">must</w>
         <c> </c>
         <w xml:id="bsb18-550190"
            n="a-1140"
            ecep:lem="be"
            ecep:pos="vbi"
            ecep:reg="be"
            ecep:spe="be"
            ecep:syllab="1"
            ecep:pron="biː">be</w>
         <c> </c>
         <w xml:id="bsb18-550200"
            n="a-1150"
            ecep:lem="pleasure"
            ecep:pos="n1"
            ecep:reg="pleasure"
            ecep:spe="pleasure"
            ecep:syllab="2"
            ecep:pron="ˈpleʒə">pleasure</w>
         <c> </c>
         <w xml:id="bsb18-550210"
            n="a-1160"
            ecep:lem="and"
            ecep:pos="cc"
            ecep:reg="and"
            ecep:spe="and"
            ecep:syllab="1"
            ecep:pron="ænd">and</w>
         <c> </c>
         <w xml:id="bsb18-550220"
            n="a-1170"
            ecep:lem="peace"
            ecep:pos="n1"
            ecep:reg="peace"
            ecep:spe="peace"
            ecep:syllab="1"
            ecep:pron="piːs">peace</w>
         <c> </c>
         <w xml:id="bsb18-550230"
            n="a-1180"
            ecep:lem="to"
            ecep:pos="p-acp"
            ecep:reg="to"
            ecep:spe="to"
            ecep:syllab="1"
            ecep:pron="tuː">to</w>
         <c> </c>
         <w xml:id="bsb18-550240"
            n="a-1190"
            ecep:lem="the"
            ecep:pos="dt"
            ecep:reg="the"
            ecep:spe="the"
            ecep:syllab="1"
            ecep:pron="ðiː">the</w>
         <c> </c>
         <w xml:id="bsb18-550250"
            n="a-1200"
            ecep:lem="heart"
            ecep:pos="n1"
            ecep:reg="heart"
            ecep:spe="heart"
            ecep:syllab="1"
            ecep:pron="hɑːt">heart</w>
         <pc xml:id="bsb18-550260"
             n="a-1210"
             unit="sentence"
             ecep:lem="."
             ecep:pos="."
             ecep:reg="."
             ecep:spe=".">.</pc>
         <c> </c>
      </l>
   </lg>
</div>
