<?xml version="1.0" encoding="utf-8"?>
<!DOCTYPE div
  SYSTEM "about:legacy-compat">
<div xmlns:ecep="http://www.eighteenthcenturypoetry.org/ns"
     xmlns="http://www.tei-c.org/ns/1.0"
     xmlns:tei="http://www.tei-c.org/ns/1.0"
     ana="#iamb #pentameter #couplet #heroiccouplet #pair #address"
     corresp="#txt_PomfJo1667_w0011"
     decls="#semi-normalized"
     ecep:syllab="10"
     met="-+|-+|-+|-+|-+/"
     rendition="#lgvspace"
     rhyme="aa"
     subtype="eceptext"
     type="poem"
     xml:id="ppo24-w0110">
   <link target="authors.xml#aut_PomfJo1667" type="author"/>
   <head type="main">
      <w xml:id="ppo24-157350"
         n="a-1780"
         ecep:lem="to"
         ecep:pos="p-acp"
         ecep:reg="To"
         ecep:spe="To"
         ecep:syllab="1"
         ecep:pron="tuː">To</w>
      <c> </c>
      <w xml:id="ppo24-157360"
         n="a-1790"
         ecep:lem="the"
         ecep:pos="dt"
         ecep:reg="the"
         ecep:spe="the"
         ecep:syllab="1"
         ecep:pron="ðə">the</w>
      <c> </c>
      <hi rendition="#sc">
         <w xml:id="ppo24-157370"
            n="a-1800"
            ecep:lem="painter"
            ecep:pos="n1"
            ecep:reg="Painter"
            ecep:spe="Painter"
            ecep:syllab="2"
            ecep:pron="ˈpeɪntə">Painter</w>
      </hi>
      <pc xml:id="ppo24-157380"
          n="a-1810"
          ecep:lem=","
          ecep:pos=","
          ecep:reg=","
          ecep:spe=",">,</pc>
      <c> </c>
      <w xml:id="ppo24-157390"
         n="a-1820"
         ecep:lem="after"
         ecep:pos="c-acp"
         ecep:reg="after"
         ecep:spe="after"
         ecep:syllab="2"
         ecep:pron="ˈɑːftə">after</w>
      <c> </c>
      <w xml:id="ppo24-157400"
         n="a-1830"
         ecep:lem="he"
         ecep:pos="pns31"
         ecep:reg="he"
         ecep:spe="he"
         ecep:syllab="1"
         ecep:pron="hiː">he</w>
      <c> </c>
      <w xml:id="ppo24-157410"
         n="a-1840"
         ecep:lem="have"
         ecep:pos="vhd"
         ecep:reg="had"
         ecep:spe="had"
         ecep:syllab="1"
         ecep:pron="hæd">had</w>
      <c> </c>
      <w xml:id="ppo24-157420"
         n="a-1850"
         ecep:lem="finish"
         ecep:pos="vvn"
         ecep:reg="finished"
         ecep:spe="finish'd"
         ecep:syllab="2"
         ecep:pron="ˈfɪnɪʃt">finish'd</w>
      <c> </c>
      <hi rendition="#sc">
         <w xml:id="ppo24-157430"
            n="a-1860"
            ecep:lem="dorinda"
            ecep:pos="npg1"
            ecep:reg="Dorinda's"
            ecep:spe="Dorinda's"
            ecep:syllab="3"
            ecep:pron="dɔːrˈɪndəz">Dorinda's</w>
      </hi>
      <c> </c>
      <w xml:id="ppo24-157440"
         n="a-1870"
         ecep:lem="picture"
         ecep:pos="n1"
         ecep:reg="Picture"
         ecep:spe="Picture"
         ecep:syllab="2"
         ecep:pron="ˈpɪktʃə">Picture</w>
      <pc xml:id="ppo24-157450"
          n="a-1880"
          unit="sentence"
          ecep:lem="."
          ecep:pos="."
          ecep:reg="."
          ecep:spe=".">.</pc>
   </head>
   <lg xml:id="ppo24-s00550">
      <l n="1" xml:id="ppo24-l08530">
         <hi rendition="#sc">
            <w xml:id="ppo24-157480"
               n="a-1890"
               ecep:lem="painter"
               ecep:pos="n1"
               ecep:reg="Painter"
               ecep:spe="Painter"
               ecep:syllab="2"
               ecep:pron="ˈpeɪntə">Painter</w>
         </hi>
         <pc xml:id="ppo24-157490"
             n="a-1900"
             ecep:lem=","
             ecep:pos=","
             ecep:reg=","
             ecep:spe=",">,</pc>
         <c> </c>
         <w xml:id="ppo24-157500"
            n="a-1910"
            ecep:lem="thou"
            ecep:pos="pns21"
            ecep:reg="thou"
            ecep:spe="thou"
            ecep:syllab="1"
            ecep:pron="ðaʊ">thou</w>
         <c> </c>
         <w xml:id="ppo24-157510"
            n="a-1920"
            ecep:lem="have"
            ecep:pos="vh2"
            ecep:reg="hast"
            ecep:spe="hast"
            ecep:syllab="1"
            ecep:pron="hæst">hast</w>
         <c> </c>
         <w xml:id="ppo24-157520"
            n="a-1930"
            ecep:lem="perform"
            ecep:pos="vvn"
            ecep:reg="performed"
            ecep:spe="perform'd"
            ecep:syllab="2"
            ecep:pron="pəˈfɔːmd">perform'd</w>
         <c> </c>
         <w xml:id="ppo24-157530"
            n="a-1940"
            ecep:lem="what"
            ecep:pos="r-crq"
            ecep:reg="what"
            ecep:spe="what"
            ecep:syllab="1"
            ecep:pron="wɒt">what</w>
         <c> </c>
         <w xml:id="ppo24-157540"
            n="a-1950"
            ecep:lem="man"
            ecep:pos="n1"
            ecep:reg="Man"
            ecep:spe="Man"
            ecep:syllab="1"
            ecep:pron="mæn">Man</w>
         <c> </c>
         <w xml:id="ppo24-157550"
            n="a-1960"
            ecep:lem="can"
            ecep:pos="vmb"
            ecep:reg="can"
            ecep:spe="can"
            ecep:syllab="1"
            ecep:pron="kæn">can</w>
         <c> </c>
         <w xml:id="ppo24-157560"
            n="a-1970"
            ecep:lem="do"
            ecep:pos="vdi"
            ecep:reg="do"
            ecep:spe="do"
            ecep:syllab="1"
            ecep:pron="duː">do</w>
         <pc xml:id="ppo24-157570"
             n="a-1980"
             ecep:lem=","
             ecep:pos=","
             ecep:reg=","
             ecep:spe=",">,</pc>
      </l>
      <l n="2" xml:id="ppo24-l08535">
         <c> </c>
         <w xml:id="ppo24-157580"
            n="a-1990"
            ecep:lem="only"
            ecep:pos="av-j"
            ecep:reg="Only"
            ecep:spe="Only"
            ecep:syllab="2"
            ecep:pron="ˈəʊnlɪ">Only</w>
         <c> </c>
         <hi rendition="#sc">
            <w xml:id="ppo24-157590"
               n="a-2000"
               ecep:lem="dorinda"
               ecep:pos="npg1"
               ecep:reg="Dorinda's"
               ecep:spe="Dorinda's"
               ecep:syllab="3"
               ecep:pron="dɔːrˈɪndəz">Dorinda's</w>
         </hi>
         <c> </c>
         <w xml:id="ppo24-157600"
            n="a-2010"
            ecep:lem="self"
            ecep:pos="n1"
            ecep:reg="self"
            ecep:spe="self"
            ecep:syllab="1"
            ecep:pron="self">self</w>
         <c> </c>
         <w xml:id="ppo24-157610"
            n="a-2020"
            ecep:lem="more"
            ecep:pos="dc"
            ecep:reg="more"
            ecep:spe="more"
            ecep:syllab="1"
            ecep:pron="mɔː">more</w>
         <c> </c>
         <w xml:id="ppo24-157620"
            n="a-2030"
            ecep:lem="charm"
            ecep:pos="n2"
            ecep:reg="Charms"
            ecep:spe="Charms"
            ecep:syllab="1"
            ecep:pron="tʃɑːmz">Charms</w>
         <c> </c>
         <w xml:id="ppo24-157630"
            n="a-2040"
            ecep:lem="can"
            ecep:pos="vmb"
            ecep:reg="can"
            ecep:spe="can"
            ecep:syllab="1"
            ecep:pron="kæn">can</w>
         <c> </c>
         <w xml:id="ppo24-157640"
            n="a-2050"
            ecep:lem="show"
            ecep:pos="vvi"
            ecep:reg="show"
            ecep:spe="shew"
            ecep:syllab="1"
            ecep:pron="ʃəʊ">shew</w>
         <pc xml:id="ppo24-157650"
             n="a-2060"
             unit="sentence"
             ecep:lem="."
             ecep:pos="."
             ecep:reg="."
             ecep:spe=".">.</pc>
         <c> </c>
      </l>
      <pb n="67" rend="none"/>
      <l n="3" xml:id="ppo24-l08540">
         <w xml:id="ppo24-157660"
            n="a-0010"
            ecep:lem="bold"
            ecep:pos="j"
            ecep:reg="Bold"
            ecep:spe="Bold"
            ecep:syllab="1"
            ecep:pron="bəʊld">Bold</w>
         <c> </c>
         <w xml:id="ppo24-157670"
            n="a-0020"
            ecep:lem="be"
            ecep:pos="vbb"
            ecep:reg="are"
            ecep:spe="are"
            ecep:syllab="1"
            ecep:pron="ɑː">are</w>
         <c> </c>
         <w xml:id="ppo24-157680"
            n="a-0030"
            ecep:lem="thy"
            ecep:pos="po21"
            ecep:reg="thy"
            ecep:spe="thy"
            ecep:syllab="1"
            ecep:pron="ðaɪ">thy</w>
         <c> </c>
         <w xml:id="ppo24-157690"
            n="a-0040"
            ecep:lem="stroke"
            ecep:pos="n2"
            ecep:reg="Strokes"
            ecep:spe="Strokes"
            ecep:syllab="1"
            ecep:pron="strəʊks">Strokes</w>
         <pc xml:id="ppo24-157700"
             n="a-0050"
             ecep:lem=","
             ecep:pos=","
             ecep:reg=","
             ecep:spe=",">,</pc>
         <c> </c>
         <w xml:id="ppo24-157710"
            n="a-0060"
            ecep:lem="and"
            ecep:pos="cc"
            ecep:reg="and"
            ecep:spe="and"
            ecep:syllab="1"
            ecep:pron="ænd">and</w>
         <c> </c>
         <w xml:id="ppo24-157720"
            n="a-0070"
            ecep:lem="delicate"
            ecep:pos="j"
            ecep:reg="delicate"
            ecep:spe="delicate"
            ecep:syllab="3"
            ecep:pron="ˈdelɪkɪt">delicate</w>
         <c> </c>
         <w xml:id="ppo24-157730"
            n="a-0080"
            ecep:lem="each"
            ecep:pos="d"
            ecep:reg="each"
            ecep:spe="each"
            ecep:syllab="1"
            ecep:pron="iːtʃ">each</w>
         <c> </c>
         <w xml:id="ppo24-157740"
            n="a-0090"
            ecep:lem="touch"
            ecep:pos="n1"
            ecep:reg="Touch"
            ecep:spe="Touch"
            ecep:syllab="1"
            ecep:pron="tʌtʃ">Touch</w>
         <pc xml:id="ppo24-157750"
             n="a-0100"
             ecep:lem=","
             ecep:pos=","
             ecep:reg=","
             ecep:spe=",">,</pc>
      </l>
      <l n="4" xml:id="ppo24-l08545">
         <c> </c>
         <w xml:id="ppo24-157760"
            n="a-0110"
            ecep:lem="but"
            ecep:pos="cc-acp"
            ecep:reg="But"
            ecep:spe="But"
            ecep:syllab="1"
            ecep:pron="bʌt">But</w>
         <c> </c>
         <w xml:id="ppo24-157770"
            n="a-0120"
            ecep:lem="still"
            ecep:pos="av"
            ecep:reg="still"
            ecep:spe="still"
            ecep:syllab="1"
            ecep:pron="stɪl">still</w>
         <c> </c>
         <w xml:id="ppo24-157780"
            n="a-0130"
            ecep:lem="the"
            ecep:pos="dt"
            ecep:reg="the"
            ecep:spe="the"
            ecep:syllab="1"
            ecep:pron="ðə">the</w>
         <c> </c>
         <w xml:id="ppo24-157790"
            n="a-0140"
            ecep:lem="beauty"
            ecep:pos="n2"
            ecep:reg="Beauties"
            ecep:spe="Beauties"
            ecep:syllab="2"
            ecep:pron="ˈbjuːtɪz">Beauties</w>
         <c> </c>
         <w xml:id="ppo24-157800"
            n="a-0150"
            ecep:lem="of"
            ecep:pos="pp-f"
            ecep:reg="of"
            ecep:spe="of"
            ecep:syllab="1"
            ecep:pron="ɒv">of</w>
         <c> </c>
         <w xml:id="ppo24-157810"
            n="a-0160"
            ecep:lem="her"
            ecep:pos="po31"
            ecep:reg="her"
            ecep:spe="her"
            ecep:syllab="1"
            ecep:pron="hɜː">her</w>
         <c> </c>
         <w xml:id="ppo24-157820"
            n="a-0170"
            ecep:lem="face"
            ecep:pos="n1"
            ecep:reg="Face"
            ecep:spe="Face"
            ecep:syllab="1"
            ecep:pron="feɪs">Face</w>
         <c> </c>
         <w xml:id="ppo24-157830"
            n="a-0180"
            ecep:lem="be"
            ecep:pos="vbb"
            ecep:reg="are"
            ecep:spe="are"
            ecep:syllab="1"
            ecep:pron="ɑː">are</w>
         <c> </c>
         <w xml:id="ppo24-157840"
            n="a-0190"
            ecep:lem="such"
            ecep:pos="d"
            ecep:reg="such"
            ecep:spe="such"
            ecep:syllab="1"
            ecep:pron="sʌtʃ">such</w>
      </l>
      <l n="5" xml:id="ppo24-l08550">
         <c> </c>
         <w xml:id="ppo24-157850"
            n="a-0200"
            ecep:lem="as"
            ecep:pos="c-acp"
            ecep:reg="As"
            ecep:spe="As"
            ecep:syllab="1"
            ecep:pron="æz">As</w>
         <c> </c>
         <w xml:id="ppo24-157860"
            n="a-0210"
            ecep:lem="can"
            ecep:pos="vmbx"
            ecep:reg="cannot"
            ecep:spe="cannot"
            ecep:syllab="2"
            ecep:pron="ˈkænɒt">cannot</w>
         <c> </c>
         <w xml:id="ppo24-157870"
            n="a-0220"
            ecep:lem="just"
            ecep:pos="av-j"
            ecep:reg="justly"
            ecep:spe="justly"
            ecep:syllab="2"
            ecep:pron="ˈdʒʌstlɪ">justly</w>
         <c> </c>
         <w xml:id="ppo24-157880"
            n="a-0230"
            ecep:lem="be"
            ecep:pos="vbi"
            ecep:reg="be"
            ecep:spe="be"
            ecep:syllab="1"
            ecep:pron="biː">be</w>
         <c> </c>
         <w xml:id="ppo24-157890"
            n="a-0240"
            ecep:lem="describe"
            ecep:pos="vvn"
            ecep:reg="described"
            ecep:spe="describ'd"
            ecep:syllab="2"
            ecep:pron="diˈskraɪbd">describ'd</w>
         <pc xml:id="ppo24-157900"
             n="a-0250"
             ecep:lem=";"
             ecep:pos=";"
             ecep:reg=";"
             ecep:spe=";">;</pc>
         <c> </c>
         <w xml:id="ppo24-157910"
            n="a-0260"
            ecep:lem="though"
            ecep:pos="c-acp"
            ecep:reg="though"
            ecep:spe="tho'"
            ecep:syllab="1"
            ecep:pron="ðəʊ">tho'</w>
         <c> </c>
         <w xml:id="ppo24-157920"
            n="a-0270"
            ecep:lem="all"
            ecep:pos="d"
            ecep:reg="all"
            ecep:spe="all"
            ecep:syllab="1"
            ecep:pron="ɔːl">all</w>
      </l>
      <l n="6" xml:id="ppo24-l08555">
         <c> </c>
         <w xml:id="ppo24-157930"
            n="a-0280"
            ecep:lem="confess"
            ecep:pos="vvb"
            ecep:reg="Confess"
            ecep:spe="Confess"
            ecep:syllab="2"
            ecep:pron="kənˈfes">Confess</w>
         <c> </c>
         <w xml:id="ppo24-157940"
            n="a-0290"
            ecep:lem="it|be"
            ecep:pos="pn31|vbz"
            ecep:reg="it's"
            ecep:spe="'tis"
            ecep:syllab="1"
            ecep:pron="tɪz">'tis</w>
         <c> </c>
         <w xml:id="ppo24-157950"
            n="a-0300"
            ecep:lem="like"
            ecep:pos="av-j"
            ecep:reg="like"
            ecep:spe="like"
            ecep:syllab="1"
            ecep:pron="laɪk">like</w>
         <c> </c>
         <w xml:id="ppo24-157960"
            n="a-0310"
            ecep:lem="the"
            ecep:pos="dt"
            ecep:reg="the"
            ecep:spe="the"
            ecep:syllab="1"
            ecep:pron="ðə">the</w>
         <c> </c>
         <w xml:id="ppo24-157970"
            n="a-0320"
            ecep:lem="bright"
            ecep:pos="j"
            ecep:reg="bright"
            ecep:spe="bright"
            ecep:syllab="1"
            ecep:pron="braɪt">bright</w>
         <c> </c>
         <w xml:id="ppo24-157980"
            n="a-0330"
            ecep:lem="original"
            ecep:pos="j-jn"
            ecep:reg="Original"
            ecep:spe="Original"
            ecep:syllab="4"
            ecep:pron="əˈrɪdʒɪnl">Original</w>
         <pc xml:id="ppo24-157990"
             n="a-0340"
             unit="sentence"
             ecep:lem="."
             ecep:pos="."
             ecep:reg="."
             ecep:spe=".">.</pc>
         <c> </c>
      </l>
      <l n="7" xml:id="ppo24-l08560">
         <w xml:id="ppo24-158000"
            n="a-0350"
            ecep:lem="in"
            ecep:pos="p-acp"
            ecep:reg="In"
            ecep:spe="In"
            ecep:syllab="1"
            ecep:pron="ɪn">In</w>
         <c> </c>
         <w xml:id="ppo24-158010"
            n="a-0360"
            ecep:lem="she"
            ecep:pos="pno31"
            ecep:reg="her"
            ecep:spe="her"
            ecep:syllab="1"
            ecep:pron="hɜː">her</w>
         <pc xml:id="ppo24-158020"
             n="a-0370"
             ecep:lem=","
             ecep:pos=","
             ecep:reg=","
             ecep:spe=",">,</pc>
         <c> </c>
         <w xml:id="ppo24-158030"
            n="a-0380"
            ecep:lem="and"
            ecep:pos="cc"
            ecep:reg="and"
            ecep:spe="and"
            ecep:syllab="1"
            ecep:pron="ænd">and</w>
         <c> </c>
         <w xml:id="ppo24-158040"
            n="a-0390"
            ecep:lem="in"
            ecep:pos="p-acp"
            ecep:reg="in"
            ecep:spe="in"
            ecep:syllab="1"
            ecep:pron="ɪn">in</w>
         <c> </c>
         <w xml:id="ppo24-158050"
            n="a-0400"
            ecep:lem="thy"
            ecep:pos="po21"
            ecep:reg="thy"
            ecep:spe="thy"
            ecep:syllab="1"
            ecep:pron="ðaɪ">thy</w>
         <c> </c>
         <w xml:id="ppo24-158060"
            n="a-0410"
            ecep:lem="picture"
            ecep:pos="n1"
            ecep:reg="Picture"
            ecep:spe="Picture"
            ecep:syllab="2"
            ecep:pron="ˈpɪktʃə">Picture</w>
         <pc xml:id="ppo24-158070"
             n="a-0420"
             ecep:lem=","
             ecep:pos=","
             ecep:reg=","
             ecep:spe=",">,</pc>
         <c> </c>
         <w xml:id="ppo24-158080"
            n="a-0430"
            ecep:lem="we"
            ecep:pos="pns12"
            ecep:reg="we"
            ecep:spe="we"
            ecep:syllab="1"
            ecep:pron="wiː">we</w>
         <c> </c>
         <w xml:id="ppo24-158090"
            n="a-0440"
            ecep:lem="may"
            ecep:pos="vmb"
            ecep:reg="may"
            ecep:spe="may"
            ecep:syllab="1"
            ecep:pron="meɪ">may</w>
         <c> </c>
         <w xml:id="ppo24-158100"
            n="a-0450"
            ecep:lem="view"
            ecep:pos="vvi"
            ecep:reg="view"
            ecep:spe="view"
            ecep:syllab="1"
            ecep:pron="vjuː">view</w>
      </l>
      <l n="8" xml:id="ppo24-l08565">
         <c> </c>
         <w xml:id="ppo24-158110"
            n="a-0460"
            ecep:lem="the"
            ecep:pos="dt"
            ecep:reg="The"
            ecep:spe="The"
            ecep:syllab="1"
            ecep:pron="ðə">The</w>
         <c> </c>
         <w xml:id="ppo24-158120"
            n="a-0470"
            ecep:lem="utmost"
            ecep:pos="j"
            ecep:reg="utmost"
            ecep:spe="utmost"
            ecep:syllab="2"
            ecep:pron="ˈʌtˌməʊst">utmost</w>
         <c> </c>
         <w xml:id="ppo24-158130"
            n="a-0480"
            ecep:lem="nature"
            ecep:pos="n1"
            ecep:reg="Nature"
            ecep:spe="Nature"
            ecep:syllab="2"
            ecep:pron="ˈneɪtʃə">Nature</w>
         <pc xml:id="ppo24-158140"
             n="a-0490"
             ecep:lem=","
             ecep:pos=","
             ecep:reg=","
             ecep:spe=",">,</pc>
         <c> </c>
         <w xml:id="ppo24-158150"
            n="a-0500"
            ecep:lem="or"
            ecep:pos="cc"
            ecep:reg="or"
            ecep:spe="or"
            ecep:syllab="1"
            ecep:pron="ɔː">or</w>
         <c> </c>
         <w xml:id="ppo24-158160"
            n="a-0510"
            ecep:lem="that"
            ecep:pos="d"
            ecep:reg="that"
            ecep:spe="that"
            ecep:syllab="1"
            ecep:pron="ðæt">that</w>
         <c> </c>
         <w xml:id="ppo24-158170"
            n="a-0520"
            ecep:lem="art"
            ecep:pos="n1"
            ecep:reg="Art"
            ecep:spe="Art"
            ecep:syllab="1"
            ecep:pron="ɑːt">Art</w>
         <c> </c>
         <w xml:id="ppo24-158180"
            n="a-0530"
            ecep:lem="can"
            ecep:pos="vmb"
            ecep:reg="can"
            ecep:spe="can"
            ecep:syllab="1"
            ecep:pron="kæn">can</w>
         <c> </c>
         <w xml:id="ppo24-158190"
            n="a-0540"
            ecep:lem="do"
            ecep:pos="vdi"
            ecep:reg="do"
            ecep:spe="do"
            ecep:syllab="1"
            ecep:pron="duː">do</w>
         <pc xml:id="ppo24-158200"
             n="a-0550"
             ecep:lem=","
             ecep:pos=","
             ecep:reg=","
             ecep:spe=",">,</pc>
      </l>
      <l ana="#triplet" n="9" rhyme="aaa" xml:id="ppo24-l08570">
         <c> </c>
         <w xml:id="ppo24-158210"
            n="a-0560"
            ecep:lem="each"
            ecep:pos="d"
            ecep:reg="Each"
            ecep:spe="Each"
            ecep:syllab="1"
            ecep:pron="iːtʃ">Each</w>
         <c> </c>
         <w xml:id="ppo24-158220"
            n="a-0570"
            ecep:lem="be"
            ecep:pos="vbz"
            ecep:reg="is"
            ecep:spe="is"
            ecep:syllab="1"
            ecep:pron="ɪz">is</w>
         <c> </c>
         <w xml:id="ppo24-158230"
            n="a-0580"
            ecep:lem="a"
            ecep:pos="dt"
            ecep:reg="a"
            ecep:spe="a"
            ecep:syllab="1"
            ecep:pron="ə">a</w>
         <c> </c>
         <w xml:id="ppo24-158240"
            n="a-0590"
            ecep:lem="masterpiece"
            ecep:pos="n1"
            ecep:reg="Masterpiece"
            ecep:spe="Master-piece"
            ecep:syllab="3"
            ecep:pron="ˈmɑːstəˌpiːs">Master-piece</w>
         <pc xml:id="ppo24-158250"
             n="a-0600"
             ecep:lem=","
             ecep:pos=","
             ecep:reg=","
             ecep:spe=",">,</pc>
         <c> </c>
         <w xml:id="ppo24-158260"
            n="a-0610"
            ecep:lem="design"
            ecep:pos="vvd"
            ecep:reg="designed"
            ecep:spe="design'd"
            ecep:syllab="2"
            ecep:pron="diˈzaɪnd">design'd</w>
         <c> </c>
         <w xml:id="ppo24-158270"
            n="a-0620"
            ecep:lem="so"
            ecep:pos="av"
            ecep:reg="so"
            ecep:spe="so"
            ecep:syllab="1"
            ecep:pron="səʊ">so</w>
         <c> </c>
         <w xml:id="ppo24-158280"
            n="a-0630"
            ecep:lem="well"
            ecep:pos="av"
            ecep:reg="well"
            ecep:spe="well"
            ecep:syllab="1"
            ecep:pron="wel">well</w>
      </l>
      <l ana="#triplet" n="10" rhyme="aaa" xml:id="ppo24-l08575">
         <c> </c>
         <w xml:id="ppo24-158290"
            n="a-0640"
            ecep:lem="that"
            ecep:pos="d"
            ecep:reg="That"
            ecep:spe="That"
            ecep:syllab="1"
            ecep:pron="ðæt">That</w>
         <c> </c>
         <w xml:id="ppo24-158300"
            n="a-0650"
            ecep:lem="future"
            ecep:pos="j-jn"
            ecep:reg="future"
            ecep:spe="future"
            ecep:syllab="2"
            ecep:pron="ˈfjuːtʃə">future</w>
         <c> </c>
         <w xml:id="ppo24-158310"
            n="a-0660"
            ecep:lem="time"
            ecep:pos="n2"
            ecep:reg="Times"
            ecep:spe="Times"
            ecep:syllab="1"
            ecep:pron="taɪmz">Times</w>
         <c> </c>
         <w xml:id="ppo24-158320"
            n="a-0670"
            ecep:lem="may"
            ecep:pos="vmb"
            ecep:reg="may"
            ecep:spe="may"
            ecep:syllab="1"
            ecep:pron="meɪ">may</w>
         <c> </c>
         <w xml:id="ppo24-158330"
            n="a-0680"
            ecep:lem="strive"
            ecep:pos="vvi"
            ecep:reg="strive"
            ecep:spe="strive"
            ecep:syllab="1"
            ecep:pron="straɪv">strive</w>
         <c> </c>
         <w xml:id="ppo24-158340"
            n="a-0690"
            ecep:lem="to"
            ecep:pos="p-acp"
            ecep:reg="to"
            ecep:spe="to"
            ecep:syllab="1"
            ecep:pron="tuː">to</w>
         <c> </c>
         <w xml:id="ppo24-158350"
            n="a-0700"
            ecep:lem="parallel"
            ecep:pos="n1"
            ecep:reg="parallel"
            ecep:spe="parallel"
            ecep:syllab="3"
            ecep:pron="ˈpærəˌlel">parallel</w>
         <pc xml:id="ppo24-158360"
             n="a-0710"
             ecep:lem=","
             ecep:pos=","
             ecep:reg=","
             ecep:spe=",">,</pc>
      </l>
      <l ana="#triplet" n="11" rhyme="aaa" xml:id="ppo24-l08580">
         <c> </c>
         <w xml:id="ppo24-158370"
            n="a-0720"
            ecep:lem="but"
            ecep:pos="cc-acp"
            ecep:reg="But"
            ecep:spe="But"
            ecep:syllab="1"
            ecep:pron="bʌt">But</w>
         <c> </c>
         <w xml:id="ppo24-158380"
            n="a-0730"
            ecep:lem="neither"
            ecep:pos="dx"
            ecep:reg="neither"
            ecep:spe="neither"
            ecep:syllab="2"
            ecep:pron="ˈnaɪðə">neither</w>
         <c> </c>
         <w xml:id="ppo24-158390"
            n="a-0740"
            ecep:lem="art"
            ecep:pos="n1"
            ecep:reg="Art"
            ecep:spe="Art"
            ecep:syllab="1"
            ecep:pron="ɑːt">Art</w>
         <c> </c>
         <w xml:id="ppo24-158400"
            n="a-0750"
            ecep:lem="nor"
            ecep:pos="ccx"
            ecep:reg="nor"
            ecep:spe="nor"
            ecep:syllab="1"
            ecep:pron="nɔː">nor</w>
         <c> </c>
         <w xml:id="ppo24-158410"
            n="a-0760"
            ecep:lem="nature"
            ecep:pos="ng1"
            ecep:reg="Nature's"
            ecep:spe="Nature's"
            ecep:syllab="2"
            ecep:pron="ˈneɪtʃəz">Nature's</w>
         <c> </c>
         <w xml:id="ppo24-158420"
            n="a-0770"
            ecep:lem="able"
            ecep:pos="j"
            ecep:reg="able"
            ecep:spe="able"
            ecep:syllab="2"
            ecep:pron="ˈeɪbl">able</w>
         <c> </c>
         <w xml:id="ppo24-158430"
            n="a-0780"
            ecep:lem="to"
            ecep:pos="pc-acp"
            ecep:reg="to"
            ecep:spe="to"
            ecep:syllab="1"
            ecep:pron="tuː">to</w>
         <c> </c>
         <w xml:id="ppo24-158440"
            n="a-0790"
            ecep:lem="excel"
            ecep:pos="vvi"
            ecep:reg="excel"
            ecep:spe="excel"
            ecep:syllab="2"
            ecep:pron="ɪkˈsel">excel</w>
         <pc xml:id="ppo24-158450"
             n="a-0800"
             unit="sentence"
             ecep:lem="."
             ecep:pos="."
             ecep:reg="."
             ecep:spe=".">.</pc>
         <c> </c>
      </l>
   </lg>
</div>
