<?xml version="1.0" encoding="utf-8"?>
<!DOCTYPE div
  SYSTEM "about:legacy-compat">
<div xmlns:ecep="http://www.eighteenthcenturypoetry.org/ns"
     xmlns="http://www.tei-c.org/ns/1.0"
     xmlns:tei="http://www.tei-c.org/ns/1.0"
     ana="#iamb #tetrameter #trimeter #tail #sestet #ode #address"
     corresp="#txt_ChatTh1752_w0015"
     decls="#semi-normalized"
     ecep:syllab="8.8.6.8.8.6"
     met="-+|-+|-+|-+/ -+|-+|-+|-+/ -+|-+|-+/ -+|-+|-+|-+/ -+|-+|-+|-+/ -+|-+|-+/"
     rendition="#lgvspace"
     rhyme="aabccb"
     subtype="eceptext"
     type="poem"
     xml:id="o4039-w0150">
   <link target="authors.xml#aut_ChatTh1752" type="author"/>
   <head type="main">
      <w xml:id="o4039-215000"
         n="115-a-0010"
         ecep:lem="to"
         ecep:pos="p-acp"
         ecep:reg="TO"
         ecep:spe="TO"
         ecep:syllab="1"
         ecep:pron="tuː">TO</w>
      <c> </c>
      <w xml:id="o4039-215010"
         n="115-a-0020"
         ecep:lem="miss"
         ecep:pos="n1"
         ecep:reg="MISS"
         ecep:spe="MISS"
         ecep:syllab="1"
         ecep:pron="mɪs">MISS</w>
      <c> </c>
      <w xml:id="o4039-215020"
         n="115-a-0030"
         ecep:lem="b—sh"
         ecep:pos="n1"
         ecep:reg="B—SH"
         ecep:spe="B—SH"
         ecep:syllab="1"
         ecep:pron="bˈiːˌesˈeɪtʃ">B—SH</w>
      <pc xml:id="o4039-215050"
          n="115-a-0060"
          ecep:lem=","
          ecep:pos=","
          ecep:reg=","
          ecep:spe=",">,</pc>
      <c> </c>
      <w xml:id="o4039-215060"
         n="115-a-0070"
         ecep:lem="of"
         ecep:pos="pp-f"
         ecep:reg="OF"
         ecep:spe="OF"
         ecep:syllab="1"
         ecep:pron="ɒv">OF</w>
      <c> </c>
      <w xml:id="o4039-215070"
         n="115-a-0080"
         ecep:lem="Bristol"
         ecep:pos="np1"
         ecep:reg="BRISTOL"
         ecep:spe="BRISTOL"
         ecep:syllab="2"
         ecep:pron="brˈɪstəl">BRISTOL</w>
      <pc xml:id="o4039-215080"
          n="115-a-0090"
          unit="sentence"
          ecep:lem="."
          ecep:pos="."
          ecep:reg="."
          ecep:spe=".">.</pc>
   </head>
   <lg xml:id="o4039-s00390">
      <l xml:id="o4039-l03400">
         <w xml:id="o4039-215110"
            n="115-a-0100"
            ecep:lem="before"
            ecep:pos="p-acp"
            ecep:reg="BEFORE"
            ecep:spe="BEFORE"
            ecep:syllab="2"
            ecep:pron="bɪˈfɔː">BEFORE</w>
         <c> </c>
         <w xml:id="o4039-215120"
            n="115-a-0110"
            ecep:lem="i"
            ecep:pos="pns11"
            ecep:reg="I"
            ecep:spe="I"
            ecep:syllab="1"
            ecep:pron="aɪ">I</w>
         <c> </c>
         <w xml:id="o4039-215130"
            n="115-a-0120"
            ecep:lem="seek"
            ecep:pos="vvb"
            ecep:reg="seek"
            ecep:spe="seek"
            ecep:syllab="1"
            ecep:pron="siːk">seek</w>
         <c> </c>
         <w xml:id="o4039-215140"
            n="115-a-0130"
            ecep:lem="the"
            ecep:pos="dt"
            ecep:reg="the"
            ecep:spe="the"
            ecep:syllab="1"
            ecep:pron="ðiː">the</w>
         <c> </c>
         <w xml:id="o4039-215150"
            n="115-a-0140"
            ecep:lem="dreary"
            ecep:pos="j"
            ecep:reg="dreary"
            ecep:spe="dreary"
            ecep:syllab="2"
            ecep:pron="ˈdrɪəri">dreary</w>
         <c> </c>
         <w xml:id="o4039-215160"
            n="115-a-0150"
            ecep:lem="shore"
            ecep:pos="n1"
            ecep:reg="shore"
            ecep:spe="shore"
            ecep:syllab="1"
            ecep:pron="ʃɔː">shore</w>
         <pc xml:id="o4039-215170"
             n="115-a-0160"
             ecep:lem=","
             ecep:pos=","
             ecep:reg=","
             ecep:spe=",">,</pc>
      </l>
      <l xml:id="o4039-l03405">
         <c> </c>
         <w xml:id="o4039-215180"
            n="115-a-0170"
            ecep:lem="where"
            ecep:pos="q-crq"
            ecep:reg="Where"
            ecep:spe="Where"
            ecep:syllab="1"
            ecep:pron="weə">Where</w>
         <c> </c>
         <w xml:id="o4039-215190"
            n="115-a-0180"
            ecep:lem="gambia"
            ecep:pos="npg1"
            ecep:reg="Gambia's"
            ecep:spe="Gambia's"
            ecep:syllab="3"
            ecep:pron="ˈgæmbiəz">Gambia's</w>
         <c> </c>
         <w xml:id="o4039-215200"
            n="115-a-0190"
            ecep:lem="rapid"
            ecep:pos="j"
            ecep:reg="rapid"
            ecep:spe="rapid"
            ecep:syllab="2"
            ecep:pron="ˈræpɪd">rapid</w>
         <c> </c>
         <w xml:id="o4039-215210"
            n="115-a-0200"
            ecep:lem="billow"
            ecep:pos="n2"
            ecep:reg="billows"
            ecep:spe="billows"
            ecep:syllab="2"
            ecep:pron="ˈbɪləʊz">billows</w>
         <c> </c>
         <w xml:id="o4039-215220"
            n="115-a-0210"
            ecep:lem="roar"
            ecep:pos="vvb"
            ecep:reg="roar"
            ecep:spe="roar"
            ecep:syllab="1"
            ecep:pron="rɔː">roar</w>
         <pc xml:id="o4039-215230"
             n="115-a-0220"
             ecep:lem=","
             ecep:pos=","
             ecep:reg=","
             ecep:spe=",">,</pc>
      </l>
      <l rendition="#h_6" xml:id="o4039-l03410">
         <c> </c>
         <w xml:id="o4039-215240"
            n="115-a-0230"
            ecep:lem="and"
            ecep:pos="cc"
            ecep:reg="And"
            ecep:spe="And"
            ecep:syllab="1"
            ecep:pron="ænd">And</w>
         <c> </c>
         <w xml:id="o4039-215250"
            n="115-a-0240"
            ecep:lem="foam"
            ecep:pos="j-vvg"
            ecep:reg="foaming"
            ecep:spe="foaming"
            ecep:syllab="2"
            ecep:pron="fəʊmɪŋ">foaming</w>
         <c> </c>
         <w xml:id="o4039-215260"
            n="115-a-0250"
            ecep:lem="pour"
            ecep:pos="vvb"
            ecep:reg="pour"
            ecep:spe="pour"
            ecep:syllab="1"
            ecep:pron="pɔː">pour</w>
         <c> </c>
         <w xml:id="o4039-215270"
            n="115-a-0260"
            ecep:lem="along"
            ecep:pos="a-acp"
            ecep:reg="along"
            ecep:spe="along"
            ecep:syllab="2"
            ecep:pron="əˈlɒŋ">along</w>
         <pc xml:id="o4039-215280"
             n="115-a-0270"
             ecep:lem=";"
             ecep:pos=";"
             ecep:reg=";"
             ecep:spe=";">;</pc>
      </l>
      <l xml:id="o4039-l03415">
         <c> </c>
         <w xml:id="o4039-215290"
            n="115-a-0280"
            ecep:lem="to"
            ecep:pos="p-acp"
            ecep:reg="To"
            ecep:spe="To"
            ecep:syllab="1"
            ecep:pron="tuː">To</w>
         <c> </c>
         <w xml:id="o4039-215300"
            n="115-a-0290"
            ecep:lem="you"
            ecep:pos="pn22"
            ecep:reg="you"
            ecep:spe="you"
            ecep:syllab="1"
            ecep:pron="juː">you</w>
         <c> </c>
         <w xml:id="o4039-215310"
            n="115-a-0300"
            ecep:lem="i"
            ecep:pos="pns11"
            ecep:reg="I"
            ecep:spe="I"
            ecep:syllab="1"
            ecep:pron="aɪ">I</w>
         <c> </c>
         <w xml:id="o4039-215320"
            n="115-a-0310"
            ecep:lem="urge"
            ecep:pos="vvb"
            ecep:reg="urge"
            ecep:spe="urge"
            ecep:syllab="1"
            ecep:pron="ɜːdʒ">urge</w>
         <c> </c>
         <w xml:id="o4039-215330"
            n="115-a-0320"
            ecep:lem="the"
            ecep:pos="dt"
            ecep:reg="the"
            ecep:spe="the"
            ecep:syllab="1"
            ecep:pron="ðiː">the</w>
         <c> </c>
         <w xml:id="o4039-215340"
            n="115-a-0330"
            ecep:lem="plaintive"
            ecep:pos="j"
            ecep:reg="plaintive"
            ecep:spe="plaintive"
            ecep:syllab="2"
            ecep:pron="ˈpleɪntɪv">plaintive</w>
         <c> </c>
         <w xml:id="o4039-215350"
            n="115-a-0340"
            ecep:lem="strain"
            ecep:pos="n1"
            ecep:reg="strain"
            ecep:spe="strain"
            ecep:syllab="1"
            ecep:pron="streɪn">strain</w>
         <pc xml:id="o4039-215360"
             n="115-a-0350"
             ecep:lem=","
             ecep:pos=","
             ecep:reg=","
             ecep:spe=",">,</pc>
      </l>
      <l xml:id="o4039-l03420">
         <c> </c>
         <w xml:id="o4039-215370"
            n="115-a-0360"
            ecep:lem="and"
            ecep:pos="cc"
            ecep:reg="And"
            ecep:spe="And"
            ecep:syllab="1"
            ecep:pron="ænd">And</w>
         <c> </c>
         <w xml:id="o4039-215380"
            n="115-a-0370"
            ecep:lem="though"
            ecep:pos="c-acp"
            ecep:reg="though"
            ecep:spe="tho'"
            ecep:syllab="1"
            ecep:pron="ðəʊ">tho'</w>
         <c> </c>
         <w xml:id="o4039-215390"
            n="115-a-0380"
            ecep:lem="a"
            ecep:pos="dt"
            ecep:reg="a"
            ecep:spe="a"
            ecep:syllab="1"
            ecep:pron="ə">a</w>
         <c> </c>
         <w xml:id="o4039-215400"
            n="115-a-0390"
            ecep:lem="lover"
            ecep:pos="n1"
            ecep:reg="lover"
            ecep:spe="lover"
            ecep:syllab="2"
            ecep:pron="ˈlʌvə">lover</w>
         <c> </c>
         <w xml:id="o4039-215410"
            n="115-a-0400"
            ecep:lem="sing"
            ecep:pos="vvz"
            ecep:reg="sings"
            ecep:spe="sings"
            ecep:syllab="1"
            ecep:pron="sɪŋz">sings</w>
         <c> </c>
         <w xml:id="o4039-215420"
            n="115-a-0410"
            ecep:lem="in"
            ecep:pos="p-acp"
            ecep:reg="in"
            ecep:spe="in"
            ecep:syllab="1"
            ecep:pron="ɪn">in</w>
         <c> </c>
         <w xml:id="o4039-215430"
            n="115-a-0420"
            ecep:lem="vain"
            ecep:pos="j"
            ecep:reg="vain"
            ecep:spe="vain"
            ecep:syllab="1"
            ecep:pron="veɪn">vain</w>
         <pc xml:id="o4039-215440"
             n="115-a-0430"
             ecep:lem=","
             ecep:pos=","
             ecep:reg=","
             ecep:spe=",">,</pc>
      </l>
      <l rendition="#h_6" xml:id="o4039-l03425">
         <c> </c>
         <w xml:id="o4039-215450"
            n="115-a-0440"
            ecep:lem="yet"
            ecep:pos="av"
            ecep:reg="Yet"
            ecep:spe="Yet"
            ecep:syllab="1"
            ecep:pron="jet">Yet</w>
         <c> </c>
         <w xml:id="o4039-215460"
            n="115-a-0450"
            ecep:lem="you"
            ecep:pos="pn22"
            ecep:reg="you"
            ecep:spe="you"
            ecep:syllab="1"
            ecep:pron="juː">you</w>
         <c> </c>
         <w xml:id="o4039-215470"
            n="115-a-0460"
            ecep:lem="shall"
            ecep:pos="vmb"
            ecep:reg="shall"
            ecep:spe="shall"
            ecep:syllab="1"
            ecep:pron="ʃæl">shall</w>
         <c> </c>
         <w xml:id="o4039-215480"
            n="115-a-0470"
            ecep:lem="hear"
            ecep:pos="vvi"
            ecep:reg="hear"
            ecep:spe="hear"
            ecep:syllab="1"
            ecep:pron="hɪə">hear</w>
         <c> </c>
         <w xml:id="o4039-215490"
            n="115-a-0480"
            ecep:lem="the"
            ecep:pos="dt"
            ecep:reg="the"
            ecep:spe="the"
            ecep:syllab="1"
            ecep:pron="ðiː">the</w>
         <c> </c>
         <w xml:id="o4039-215500"
            n="115-a-0490"
            ecep:lem="song"
            ecep:pos="n1"
            ecep:reg="song"
            ecep:spe="song"
            ecep:syllab="1"
            ecep:pron="sɒŋ">song</w>
      </l>
   </lg>
   <lg xml:id="o4039-s00395">
      <l xml:id="o4039-l03430">
         <w xml:id="o4039-215530"
            n="115-a-0500"
            ecep:lem="ungrateful"
            ecep:pos="j"
            ecep:reg="Ungrateful"
            ecep:spe="Ungrateful"
            ecep:syllab="3"
            ecep:pron="ʌnˈgreɪtfl">Ungrateful</w>
         <pc xml:id="o4039-215540"
             n="115-a-0510"
             ecep:lem=","
             ecep:pos=","
             ecep:reg=","
             ecep:spe=",">,</pc>
         <c> </c>
         <w xml:id="o4039-215550"
            n="115-a-0520"
            ecep:lem="cruel"
            ecep:pos="j"
            ecep:reg="cruel"
            ecep:spe="cruel"
            ecep:syllab="2"
            ecep:pron="ˈkruːəl">cruel</w>
         <pc xml:id="o4039-215560"
             n="115-a-0530"
             ecep:lem=","
             ecep:pos=","
             ecep:reg=","
             ecep:spe=",">,</pc>
         <c> </c>
         <w xml:id="o4039-215570"
            n="115-a-0540"
            ecep:lem="lovely"
            ecep:pos="j"
            ecep:reg="lovely"
            ecep:spe="lovely"
            ecep:syllab="2"
            ecep:pron="ˈlʌvli">lovely</w>
         <c> </c>
         <w xml:id="o4039-215580"
            n="115-a-0550"
            ecep:lem="maid"
            ecep:pos="n1"
            ecep:reg="maid"
            ecep:spe="maid"
            ecep:syllab="1"
            ecep:pron="meɪd">maid</w>
         <pc xml:id="o4039-215590"
             n="115-a-0560"
             ecep:lem=","
             ecep:pos=","
             ecep:reg=","
             ecep:spe=",">,</pc>
      </l>
      <l xml:id="o4039-l03435">
         <c> </c>
         <w xml:id="o4039-215600"
            n="115-a-0570"
            ecep:lem="since"
            ecep:pos="c-acp"
            ecep:reg="Since"
            ecep:spe="Since"
            ecep:syllab="1"
            ecep:pron="sɪns">Since</w>
         <c> </c>
         <w xml:id="o4039-215610"
            n="115-a-0580"
            ecep:lem="all"
            ecep:pos="d"
            ecep:reg="all"
            ecep:spe="all"
            ecep:syllab="1"
            ecep:pron="ɔːl">all</w>
         <c> </c>
         <w xml:id="o4039-215620"
            n="115-a-0590"
            ecep:lem="my"
            ecep:pos="po11"
            ecep:reg="my"
            ecep:spe="my"
            ecep:syllab="1"
            ecep:pron="maɪ">my</w>
         <c> </c>
         <w xml:id="o4039-215630"
            n="115-a-0600"
            ecep:lem="torment"
            ecep:pos="n2"
            ecep:reg="torments"
            ecep:spe="torments"
            ecep:syllab="2"
            ecep:pron="ˈtɔːments">torments</w>
         <c> </c>
         <w xml:id="o4039-215640"
            n="115-a-0610"
            ecep:lem="be"
            ecep:pos="vbdr"
            ecep:reg="were"
            ecep:spe="were"
            ecep:syllab="1"
            ecep:pron="wɜː">were</w>
         <c> </c>
         <w xml:id="o4039-215650"
            n="115-a-0620"
            ecep:lem="repay"
            ecep:pos="vvn"
            ecep:reg="repaid"
            ecep:spe="repaid"
            ecep:syllab="2"
            ecep:pron="rɪˈpeɪd">repaid</w>
      </l>
      <l rendition="#h_6" xml:id="o4039-l03440">
         <c> </c>
         <w xml:id="o4039-215660"
            n="115-a-0630"
            ecep:lem="with"
            ecep:pos="p-acp"
            ecep:reg="With"
            ecep:spe="With"
            ecep:syllab="1"
            ecep:pron="wɪð">With</w>
         <c> </c>
         <w xml:id="o4039-215670"
            n="115-a-0640"
            ecep:lem="frown"
            ecep:pos="n2"
            ecep:reg="frowns"
            ecep:spe="frowns"
            ecep:syllab="1"
            ecep:pron="fraʊnz">frowns</w>
         <c> </c>
         <w xml:id="o4039-215680"
            n="115-a-0650"
            ecep:lem="or"
            ecep:pos="cc"
            ecep:reg="or"
            ecep:spe="or"
            ecep:syllab="1"
            ecep:pron="ɔː">or</w>
         <c> </c>
         <w xml:id="o4039-215690"
            n="115-a-0660"
            ecep:lem="languid"
            ecep:pos="j"
            ecep:reg="languid"
            ecep:spe="languid"
            ecep:syllab="2"
            ecep:pron="ˈlæŋgwɪd">languid</w>
         <c> </c>
         <w xml:id="o4039-215700"
            n="115-a-0670"
            ecep:lem="sneer"
            ecep:pos="n2"
            ecep:reg="sneers"
            ecep:spe="sneers"
            ecep:syllab="1"
            ecep:pron="snɪəz">sneers</w>
         <pc xml:id="o4039-215710"
             n="115-a-0680"
             ecep:lem=";"
             ecep:pos=";"
             ecep:reg=";"
             ecep:spe=";">;</pc>
      </l>
      <l xml:id="o4039-l03445">
         <c> </c>
         <w xml:id="o4039-215720"
            n="115-a-0690"
            ecep:lem="with"
            ecep:pos="p-acp"
            ecep:reg="With"
            ecep:spe="With"
            ecep:syllab="1"
            ecep:pron="wɪð">With</w>
         <c> </c>
         <w xml:id="o4039-215730"
            n="115-a-0700"
            ecep:lem="assiduity"
            ecep:pos="n2"
            ecep:reg="assiduities"
            ecep:spe="assiduities"
            ecep:syllab="4"
            ecep:pron="ˌæsɪˈdʒuːətiz">assiduities</w>
         <c> </c>
         <w xml:id="o4039-215740"
            n="115-a-0710"
            ecep:lem="no"
            ecep:pos="av-dx"
            ecep:reg="no"
            ecep:spe="no"
            ecep:syllab="1"
            ecep:pron="nəʊ">no</w>
         <c> </c>
         <w xml:id="o4039-215750"
            n="115-a-0720"
            ecep:lem="more"
            ecep:pos="av-dc"
            ecep:reg="more"
            ecep:spe="more"
            ecep:syllab="1"
            ecep:pron="mɔː">more</w>
      </l>
      <l xml:id="o4039-l03450">
         <c> </c>
         <w xml:id="o4039-215760"
            n="115-a-0730"
            ecep:lem="your"
            ecep:pos="po22"
            ecep:reg="Your"
            ecep:spe="Your"
            ecep:syllab="1"
            ecep:pron="jɔː">Your</w>
         <c> </c>
         <w xml:id="o4039-215770"
            n="115-a-0740"
            ecep:lem="captive"
            ecep:pos="j-jn"
            ecep:reg="captive"
            ecep:spe="captive"
            ecep:syllab="2"
            ecep:pron="ˈkæptɪv">captive</w>
         <c> </c>
         <w xml:id="o4039-215780"
            n="115-a-0750"
            ecep:lem="will"
            ecep:pos="vmb"
            ecep:reg="will"
            ecep:spe="will"
            ecep:syllab="1"
            ecep:pron="wɪl">will</w>
         <c> </c>
         <w xml:id="o4039-215790"
            n="115-a-0760"
            ecep:lem="your"
            ecep:pos="po22"
            ecep:reg="your"
            ecep:spe="your"
            ecep:syllab="1"
            ecep:pron="jɔː">your</w>
         <c> </c>
         <w xml:id="o4039-215800"
            n="115-a-0770"
            ecep:lem="health"
            ecep:pos="n1"
            ecep:reg="health"
            ecep:spe="health"
            ecep:syllab="1"
            ecep:pron="helθ">health</w>
         <c> </c>
         <w xml:id="o4039-215810"
            n="115-a-0780"
            ecep:lem="implore"
            ecep:pos="vvi"
            ecep:reg="implore"
            ecep:spe="implore"
            ecep:syllab="2"
            ecep:pron="ɪmˈplɔː">implore</w>
         <pc xml:id="o4039-215820"
             n="115-a-0790"
             ecep:lem=","
             ecep:pos=","
             ecep:reg=","
             ecep:spe=",">,</pc>
      </l>
      <l rendition="#h_6" xml:id="o4039-l03455">
         <c> </c>
         <w xml:id="o4039-215830"
            n="115-a-0800"
            ecep:lem="or"
            ecep:pos="cc"
            ecep:reg="Or"
            ecep:spe="Or"
            ecep:syllab="1"
            ecep:pron="ɔː">Or</w>
         <c> </c>
         <w xml:id="o4039-215840"
            n="115-a-0810"
            ecep:lem="tease"
            ecep:pos="vvb"
            ecep:reg="tease"
            ecep:spe="tease"
            ecep:syllab="1"
            ecep:pron="tiːz">tease</w>
         <c> </c>
         <w xml:id="o4039-215850"
            n="115-a-0820"
            ecep:lem="you"
            ecep:pos="pn22"
            ecep:reg="you"
            ecep:spe="you"
            ecep:syllab="1"
            ecep:pron="juː">you</w>
         <c> </c>
         <w xml:id="o4039-215860"
            n="115-a-0830"
            ecep:lem="with"
            ecep:pos="p-acp"
            ecep:reg="with"
            ecep:spe="with"
            ecep:syllab="1"
            ecep:pron="wɪð">with</w>
         <c> </c>
         <w xml:id="o4039-215870"
            n="115-a-0840"
            ecep:lem="his"
            ecep:pos="po31"
            ecep:reg="his"
            ecep:spe="his"
            ecep:syllab="1"
            ecep:pron="hɪz">his</w>
         <c> </c>
         <w xml:id="o4039-215880"
            n="115-a-0850"
            ecep:lem="tear"
            ecep:pos="n2"
            ecep:reg="tears"
            ecep:spe="tears"
            ecep:syllab="1"
            ecep:pron="tɪəz">tears</w>
         <pc xml:id="o4039-215890"
             n="115-a-0860"
             unit="sentence"
             ecep:lem="."
             ecep:pos="."
             ecep:reg="."
             ecep:spe=".">.</pc>
         <c> </c>
      </l>
   </lg>
   <lg xml:id="o4039-s00400">
      <l xml:id="o4039-l03460">
         <w xml:id="o4039-215920"
            n="115-a-0870"
            ecep:lem="now"
            ecep:pos="av"
            ecep:reg="Now"
            ecep:spe="Now"
            ecep:syllab="1"
            ecep:pron="naʊ">Now</w>
         <c> </c>
         <w xml:id="o4039-215930"
            n="115-a-0880"
            ecep:lem="to"
            ecep:pos="p-acp"
            ecep:reg="to"
            ecep:spe="to"
            ecep:syllab="1"
            ecep:pron="tuː">to</w>
         <c> </c>
         <w xml:id="o4039-215940"
            n="115-a-0890"
            ecep:lem="the"
            ecep:pos="dt"
            ecep:reg="the"
            ecep:spe="the"
            ecep:syllab="1"
            ecep:pron="ðiː">the</w>
         <c> </c>
         <w xml:id="o4039-215950"
            n="115-a-0900"
            ecep:lem="region"
            ecep:pos="n2"
            ecep:reg="regions"
            ecep:spe="regions"
            ecep:syllab="2"
            ecep:pron="ˈriːdʒnz">regions</w>
         <c> </c>
         <w xml:id="o4039-215960"
            n="115-a-0910"
            ecep:lem="where"
            ecep:pos="c-crq"
            ecep:reg="where"
            ecep:spe="where"
            ecep:syllab="1"
            ecep:pron="weə">where</w>
         <c> </c>
         <w xml:id="o4039-215970"
            n="115-a-0920"
            ecep:lem="the"
            ecep:pos="dt"
            ecep:reg="the"
            ecep:spe="the"
            ecep:syllab="1"
            ecep:pron="ðiː">the</w>
         <c> </c>
         <w xml:id="o4039-215980"
            n="115-a-0930"
            ecep:lem="sun"
            ecep:pos="n1"
            ecep:reg="sun"
            ecep:spe="sun"
            ecep:syllab="1"
            ecep:pron="sʌn">sun</w>
      </l>
      <l xml:id="o4039-l03465">
         <c> </c>
         <w xml:id="o4039-215990"
            n="115-a-0940"
            ecep:lem="do"
            ecep:pos="vdz"
            ecep:reg="Does"
            ecep:spe="Does"
            ecep:syllab="1"
            ecep:pron="dʌz">Does</w>
         <c> </c>
         <w xml:id="o4039-216000"
            n="115-a-0950"
            ecep:lem="his"
            ecep:pos="po31"
            ecep:reg="his"
            ecep:spe="his"
            ecep:syllab="1"
            ecep:pron="hɪz">his</w>
         <c> </c>
         <w xml:id="o4039-216010"
            n="115-a-0960"
            ecep:lem="hot"
            ecep:pos="j"
            ecep:reg="hot"
            ecep:spe="hot"
            ecep:syllab="1"
            ecep:pron="hɒt">hot</w>
         <c> </c>
         <w xml:id="o4039-216020"
            n="115-a-0970"
            ecep:lem="course"
            ecep:pos="n1"
            ecep:reg="course"
            ecep:spe="course"
            ecep:syllab="1"
            ecep:pron="kɔːs">course</w>
         <c> </c>
         <w xml:id="o4039-216030"
            n="115-a-0980"
            ecep:lem="of"
            ecep:pos="pp-f"
            ecep:reg="of"
            ecep:spe="of"
            ecep:syllab="1"
            ecep:pron="ɒv">of</w>
         <c> </c>
         <w xml:id="o4039-216040"
            n="115-a-0990"
            ecep:lem="glory"
            ecep:pos="n1"
            ecep:reg="glory"
            ecep:spe="glory"
            ecep:syllab="2"
            ecep:pron="ˈglɔːri">glory</w>
         <c> </c>
         <w xml:id="o4039-216050"
            n="115-a-1000"
            ecep:lem="run"
            ecep:pos="vvi"
            ecep:reg="run"
            ecep:spe="run"
            ecep:syllab="1"
            ecep:pron="rʌn">run</w>
         <pc xml:id="o4039-216060"
             n="115-a-1010"
             ecep:lem=","
             ecep:pos=","
             ecep:reg=","
             ecep:spe=",">,</pc>
      </l>
      <l rendition="#h_6" xml:id="o4039-l03470">
         <c> </c>
         <w xml:id="o4039-216070"
            n="115-a-1020"
            ecep:lem="and"
            ecep:pos="cc"
            ecep:reg="And"
            ecep:spe="And"
            ecep:syllab="1"
            ecep:pron="ænd">And</w>
         <c> </c>
         <w xml:id="o4039-216080"
            n="115-a-1030"
            ecep:lem="parch"
            ecep:pos="vvz"
            ecep:reg="parches"
            ecep:spe="parches"
            ecep:syllab="2"
            ecep:pron="pɑːtʃɪz">parches</w>
         <c> </c>
         <w xml:id="o4039-216090"
            n="115-a-1040"
            ecep:lem="up"
            ecep:pos="a-acp"
            ecep:reg="up"
            ecep:spe="up"
            ecep:syllab="1"
            ecep:pron="ʌp">up</w>
         <c> </c>
         <w xml:id="o4039-216100"
            n="115-a-1050"
            ecep:lem="the"
            ecep:pos="dt"
            ecep:reg="the"
            ecep:spe="the"
            ecep:syllab="1"
            ecep:pron="ðiː">the</w>
         <c> </c>
         <w xml:id="o4039-216110"
            n="115-a-1060"
            ecep:lem="ground"
            ecep:pos="n1"
            ecep:reg="ground"
            ecep:spe="ground"
            ecep:syllab="1"
            ecep:pron="graʊnd">ground</w>
         <pc xml:id="o4039-216120"
             n="115-a-1070"
             ecep:lem=":"
             ecep:pos=":"
             ecep:reg=":"
             ecep:spe=":">:</pc>
      </l>
      <l xml:id="o4039-l03475">
         <c> </c>
         <w xml:id="o4039-216130"
            n="115-a-1080"
            ecep:lem="where"
            ecep:pos="q-crq"
            ecep:reg="Where"
            ecep:spe="Where"
            ecep:syllab="1"
            ecep:pron="weə">Where</w>
         <c> </c>
         <w xml:id="o4039-216140"
            n="115-a-1090"
            ecep:lem="over"
            ecep:pos="p-acp"
            ecep:reg="over"
            ecep:spe="o'er"
            ecep:syllab="1"
            ecep:pron="ˈɔːə">o'er</w>
         <c> </c>
         <w xml:id="o4039-216150"
            n="115-a-1100"
            ecep:lem="the"
            ecep:pos="dt"
            ecep:reg="the"
            ecep:spe="the"
            ecep:syllab="1"
            ecep:pron="ðiː">the</w>
         <c> </c>
         <w xml:id="o4039-216160"
            n="115-a-1110"
            ecep:lem="burn"
            ecep:pos="j-vvg"
            ecep:reg="burning"
            ecep:spe="burning"
            ecep:syllab="2"
            ecep:pron="bɜːnɪŋ">burning</w>
         <c> </c>
         <w xml:id="o4039-216170"
            n="115-a-1120"
            ecep:lem="cleave"
            ecep:pos="j-vvg"
            ecep:reg="cleaving"
            ecep:spe="cleaving"
            ecep:syllab="2"
            ecep:pron="kliːvɪŋ">cleaving</w>
         <c> </c>
         <w xml:id="o4039-216180"
            n="115-a-1130"
            ecep:lem="plain"
            ecep:pos="n2"
            ecep:reg="plains"
            ecep:spe="plains"
            ecep:syllab="1"
            ecep:pron="pleɪnz">plains</w>
         <pc xml:id="o4039-216190"
             n="115-a-1140"
             ecep:lem=","
             ecep:pos=","
             ecep:reg=","
             ecep:spe=",">,</pc>
      </l>
      <l xml:id="o4039-l03480">
         <c> </c>
         <w xml:id="o4039-216200"
            n="115-a-1150"
            ecep:lem="a"
            ecep:pos="dt"
            ecep:reg="A"
            ecep:spe="A"
            ecep:syllab="1"
            ecep:pron="ə">A</w>
         <c> </c>
         <w xml:id="o4039-216210"
            n="115-a-1160"
            ecep:lem="long"
            ecep:pos="j"
            ecep:reg="long"
            ecep:spe="long"
            ecep:syllab="1"
            ecep:pron="lɒŋ">long</w>
         <c> </c>
         <w xml:id="o4039-216220"
            n="115-a-1170"
            ecep:lem="external"
            ecep:pos="j"
            ecep:reg="external"
            ecep:spe="external"
            ecep:syllab="3"
            ecep:pron="ɪkˈstɜːnl">external</w>
         <c> </c>
         <w xml:id="o4039-216230"
            n="115-a-1180"
            ecep:lem="dogstar"
            ecep:pos="n1"
            ecep:reg="dog-star"
            ecep:spe="dog-star"
            ecep:syllab="2"
            ecep:pron="dɒgˌstɑː">dog-star</w>
         <c> </c>
         <w xml:id="o4039-216240"
            n="115-a-1190"
            ecep:lem="reign"
            ecep:pos="vvz"
            ecep:reg="reigns"
            ecep:spe="reigns"
            ecep:syllab="1"
            ecep:pron="reɪnz">reigns</w>
         <pc xml:id="o4039-216250"
             n="115-a-1200"
             ecep:lem=","
             ecep:pos=","
             ecep:reg=","
             ecep:spe=",">,</pc>
      </l>
      <l rendition="#h_6" xml:id="o4039-l03485">
         <c> </c>
         <w xml:id="o4039-216260"
            n="115-a-1210"
            ecep:lem="and"
            ecep:pos="cc"
            ecep:reg="And"
            ecep:spe="And"
            ecep:syllab="1"
            ecep:pron="ænd">And</w>
         <c> </c>
         <w xml:id="o4039-216270"
            n="115-a-1220"
            ecep:lem="splendour"
            ecep:pos="n1"
            ecep:reg="splendour"
            ecep:spe="splendor"
            ecep:syllab="2"
            ecep:pron="ˈsplendə">splendor</w>
         <c> </c>
         <w xml:id="o4039-216280"
            n="115-a-1230"
            ecep:lem="flame"
            ecep:pos="n2"
            ecep:reg="flames"
            ecep:spe="flames"
            ecep:syllab="1"
            ecep:pron="fleɪmz">flames</w>
         <c> </c>
         <w xml:id="o4039-216290"
            n="115-a-1240"
            ecep:lem="around"
            ecep:pos="a-acp"
            ecep:reg="around"
            ecep:spe="around"
            ecep:syllab="2"
            ecep:pron="əˈraʊnd">around</w>
         <pc xml:id="o4039-216300"
             n="115-a-1250"
             ecep:lem=":"
             ecep:pos=":"
             ecep:reg=":"
             ecep:spe=":">:</pc>
      </l>
   </lg>
   <pb facs="116" n="86" rend="none"/>
   <lg xml:id="o4039-s00405">
      <l xml:id="o4039-l03490">
         <w xml:id="o4039-216330"
            n="116-a-0010"
            ecep:lem="there"
            ecep:pos="pc-acp"
            ecep:reg="There"
            ecep:spe="There"
            ecep:syllab="1"
            ecep:pron="ðeə">There</w>
         <c> </c>
         <w xml:id="o4039-216340"
            n="116-a-0020"
            ecep:lem="will"
            ecep:pos="vmb"
            ecep:reg="will"
            ecep:spe="will"
            ecep:syllab="1"
            ecep:pron="wɪl">will</w>
         <c> </c>
         <w xml:id="o4039-216350"
            n="116-a-0030"
            ecep:lem="i"
            ecep:pos="pns11"
            ecep:reg="I"
            ecep:spe="I"
            ecep:syllab="1"
            ecep:pron="aɪ">I</w>
         <c> </c>
         <w xml:id="o4039-216360"
            n="116-a-0040"
            ecep:lem="go"
            ecep:pos="vvi"
            ecep:reg="go"
            ecep:spe="go"
            ecep:syllab="1"
            ecep:pron="gəʊ">go</w>
         <pc xml:id="o4039-216370"
             n="116-a-0050"
             ecep:lem=","
             ecep:pos=","
             ecep:reg=","
             ecep:spe=",">,</pc>
         <c> </c>
         <w xml:id="o4039-216380"
            n="116-a-0060"
            ecep:lem="yet"
            ecep:pos="av"
            ecep:reg="yet"
            ecep:spe="yet"
            ecep:syllab="1"
            ecep:pron="jet">yet</w>
         <c> </c>
         <w xml:id="o4039-216390"
            n="116-a-0070"
            ecep:lem="not"
            ecep:pos="xx"
            ecep:reg="not"
            ecep:spe="not"
            ecep:syllab="1"
            ecep:pron="nɒt">not</w>
         <c> </c>
         <w xml:id="o4039-216400"
            n="116-a-0080"
            ecep:lem="to"
            ecep:pos="pc-acp"
            ecep:reg="to"
            ecep:spe="to"
            ecep:syllab="1"
            ecep:pron="tuː">to</w>
         <c> </c>
         <w xml:id="o4039-216410"
            n="116-a-0090"
            ecep:lem="find"
            ecep:pos="vvi"
            ecep:reg="find"
            ecep:spe="find"
            ecep:syllab="1"
            ecep:pron="faɪnd">find</w>
      </l>
      <l xml:id="o4039-l03495">
         <c> </c>
         <w xml:id="o4039-216420"
            n="116-a-0100"
            ecep:lem="a"
            ecep:pos="dt"
            ecep:reg="A"
            ecep:spe="A"
            ecep:syllab="1"
            ecep:pron="ə">A</w>
         <c> </c>
         <w xml:id="o4039-216430"
            n="116-a-0110"
            ecep:lem="fire"
            ecep:pos="n1"
            ecep:reg="fire"
            ecep:spe="fire"
            ecep:syllab="1"
            ecep:pron="fæə">fire</w>
         <c> </c>
         <w xml:id="o4039-216440"
            n="116-a-0120"
            ecep:lem="intenser"
            ecep:pos="fw-fr"
            ecep:reg="intenser"
            ecep:spe="intenser"
            ecep:syllab="3"
            ecep:pron="ɪnˈtensə">intenser</w>
         <c> </c>
         <w xml:id="o4039-216450"
            n="116-a-0130"
            ecep:lem="than"
            ecep:pos="cs"
            ecep:reg="than"
            ecep:spe="than"
            ecep:syllab="1"
            ecep:pron="ðæn">than</w>
         <c> </c>
         <w xml:id="o4039-216460"
            n="116-a-0140"
            ecep:lem="my"
            ecep:pos="po11"
            ecep:reg="my"
            ecep:spe="my"
            ecep:syllab="1"
            ecep:pron="maɪ">my</w>
         <c> </c>
         <w xml:id="o4039-216470"
            n="116-a-0150"
            ecep:lem="mind"
            ecep:pos="n1"
            ecep:reg="mind"
            ecep:spe="mind"
            ecep:syllab="1"
            ecep:pron="maɪnd">mind</w>
         <pc xml:id="o4039-216480"
             n="116-a-0160"
             ecep:lem=","
             ecep:pos=","
             ecep:reg=","
             ecep:spe=",">,</pc>
      </l>
      <l rendition="#h_6" xml:id="o4039-l03500">
         <c> </c>
         <w xml:id="o4039-216490"
            n="116-a-0170"
            ecep:lem="which"
            ecep:pos="r-crq"
            ecep:reg="Which"
            ecep:spe="Which"
            ecep:syllab="1"
            ecep:pron="wɪtʃ">Which</w>
         <c> </c>
         <w xml:id="o4039-216500"
            n="116-a-0180"
            ecep:lem="burn"
            ecep:pos="vvz"
            ecep:reg="burns"
            ecep:spe="burns"
            ecep:syllab="1"
            ecep:pron="bɜːnz">burns</w>
         <c> </c>
         <w xml:id="o4039-216510"
            n="116-a-0190"
            ecep:lem="a"
            ecep:pos="dt"
            ecep:reg="a"
            ecep:spe="a"
            ecep:syllab="1"
            ecep:pron="ə">a</w>
         <c> </c>
         <w xml:id="o4039-216520"
            n="116-a-0200"
            ecep:lem="constant"
            ecep:pos="j"
            ecep:reg="constant"
            ecep:spe="constant"
            ecep:syllab="2"
            ecep:pron="ˈkɒnstənt">constant</w>
         <c> </c>
         <w xml:id="o4039-216530"
            n="116-a-0210"
            ecep:lem="flame"
            ecep:pos="n1"
            ecep:reg="flame"
            ecep:spe="flame"
            ecep:syllab="1"
            ecep:pron="fleɪm">flame</w>
         <pc xml:id="o4039-216540"
             n="116-a-0220"
             ecep:lem=":"
             ecep:pos=":"
             ecep:reg=":"
             ecep:spe=":">:</pc>
      </l>
      <l xml:id="o4039-l03505">
         <c> </c>
         <w xml:id="o4039-216550"
            n="116-a-0230"
            ecep:lem="there"
            ecep:pos="pc-acp"
            ecep:reg="There"
            ecep:spe="There"
            ecep:syllab="1"
            ecep:pron="ðeə">There</w>
         <c> </c>
         <w xml:id="o4039-216560"
            n="116-a-0240"
            ecep:lem="will"
            ecep:pos="vmb"
            ecep:reg="will"
            ecep:spe="will"
            ecep:syllab="1"
            ecep:pron="wɪl">will</w>
         <c> </c>
         <w xml:id="o4039-216570"
            n="116-a-0250"
            ecep:lem="i"
            ecep:pos="pns11"
            ecep:reg="I"
            ecep:spe="I"
            ecep:syllab="1"
            ecep:pron="aɪ">I</w>
         <c> </c>
         <w xml:id="o4039-216580"
            n="116-a-0260"
            ecep:lem="lose"
            ecep:pos="vvi"
            ecep:reg="lose"
            ecep:spe="lose"
            ecep:syllab="1"
            ecep:pron="luːz">lose</w>
         <c> </c>
         <w xml:id="o4039-216590"
            n="116-a-0270"
            ecep:lem="thy"
            ecep:pos="po21"
            ecep:reg="thy"
            ecep:spe="thy"
            ecep:syllab="1"
            ecep:pron="ðaɪ">thy</w>
         <c> </c>
         <w xml:id="o4039-216600"
            n="116-a-0280"
            ecep:lem="heavenly"
            ecep:pos="j"
            ecep:reg="heavenly"
            ecep:spe="heavenly"
            ecep:syllab="2"
            ecep:pron="ˈhevnli">heavenly</w>
         <c> </c>
         <w xml:id="o4039-216610"
            n="116-a-0290"
            ecep:lem="form"
            ecep:pos="n1"
            ecep:reg="form"
            ecep:spe="form"
            ecep:syllab="1"
            ecep:pron="fɔːm">form</w>
         <pc xml:id="o4039-216620"
             n="116-a-0300"
             ecep:lem=","
             ecep:pos=","
             ecep:reg=","
             ecep:spe=",">,</pc>
      </l>
      <l xml:id="o4039-l03510">
         <c> </c>
         <w xml:id="o4039-216630"
            n="116-a-0310"
            ecep:lem="nor"
            ecep:pos="ccx"
            ecep:reg="Nor"
            ecep:spe="Nor"
            ecep:syllab="1"
            ecep:pron="nɔː">Nor</w>
         <c> </c>
         <w xml:id="o4039-216640"
            n="116-a-0320"
            ecep:lem="shall"
            ecep:pos="vmb"
            ecep:reg="shall"
            ecep:spe="shall"
            ecep:syllab="1"
            ecep:pron="ʃæl">shall</w>
         <c> </c>
         <w xml:id="o4039-216650"
            n="116-a-0330"
            ecep:lem="remembrance"
            ecep:pos="n1"
            ecep:reg="remembrance"
            ecep:spe="remembrance"
            ecep:syllab="3"
            ecep:pron="rɪˈmembrns">remembrance</w>
         <pc xml:id="o4039-216660"
             n="116-a-0340"
             ecep:lem=","
             ecep:pos=","
             ecep:reg=","
             ecep:spe=",">,</pc>
         <c> </c>
         <w xml:id="o4039-216670"
            n="116-a-0350"
            ecep:lem="rapture"
            ecep:pos="vvn"
            ecep:reg="raptured"
            ecep:spe="raptur'd"
            ecep:syllab="2"
            ecep:pron="ˈræptʃəd">raptur'd</w>
         <pc xml:id="o4039-216680"
             n="116-a-0360"
             ecep:lem=","
             ecep:pos=","
             ecep:reg=","
             ecep:spe=",">,</pc>
         <c> </c>
         <w xml:id="o4039-216690"
            n="116-a-0370"
            ecep:lem="warm"
            ecep:pos="j"
            ecep:reg="warm"
            ecep:spe="warm"
            ecep:syllab="1"
            ecep:pron="wɔːm">warm</w>
         <pc xml:id="o4039-216700"
             n="116-a-0380"
             ecep:lem=","
             ecep:pos=","
             ecep:reg=","
             ecep:spe=",">,</pc>
      </l>
      <l rendition="#h_6" xml:id="o4039-l03515">
         <c> </c>
         <w xml:id="o4039-216710"
            n="116-a-0390"
            ecep:lem="draw"
            ecep:pos="vvb"
            ecep:reg="Draw"
            ecep:spe="Draw"
            ecep:syllab="1"
            ecep:pron="drɔː">Draw</w>
         <c> </c>
         <w xml:id="o4039-216720"
            n="116-a-0400"
            ecep:lem="shadow"
            ecep:pos="n2"
            ecep:reg="shadows"
            ecep:spe="shadows"
            ecep:syllab="2"
            ecep:pron="ˈʃædəʊz">shadows</w>
         <c> </c>
         <w xml:id="o4039-216730"
            n="116-a-0410"
            ecep:lem="of"
            ecep:pos="pp-f"
            ecep:reg="of"
            ecep:spe="of"
            ecep:syllab="1"
            ecep:pron="ɒv">of</w>
         <c> </c>
         <w xml:id="o4039-216740"
            n="116-a-0420"
            ecep:lem="thy"
            ecep:pos="po21"
            ecep:reg="thy"
            ecep:spe="thy"
            ecep:syllab="1"
            ecep:pron="ðaɪ">thy</w>
         <c> </c>
         <w xml:id="o4039-216750"
            n="116-a-0430"
            ecep:lem="frame"
            ecep:pos="n1"
            ecep:reg="frame"
            ecep:spe="frame"
            ecep:syllab="1"
            ecep:pron="freɪm">frame</w>
         <pc xml:id="o4039-216760"
             n="116-a-0440"
             unit="sentence"
             ecep:lem="."
             ecep:pos="."
             ecep:reg="."
             ecep:spe=".">.</pc>
         <c> </c>
      </l>
   </lg>
   <lg xml:id="o4039-s00410">
      <l xml:id="o4039-l03520">
         <w xml:id="o4039-216790"
            n="116-a-0450"
            ecep:lem="in"
            ecep:pos="p-acp"
            ecep:reg="In"
            ecep:spe="In"
            ecep:syllab="1"
            ecep:pron="ɪn">In</w>
         <c> </c>
         <w xml:id="o4039-216800"
            n="116-a-0460"
            ecep:lem="the"
            ecep:pos="dt"
            ecep:reg="the"
            ecep:spe="the"
            ecep:syllab="1"
            ecep:pron="ðiː">the</w>
         <c> </c>
         <w xml:id="o4039-216810"
            n="116-a-0470"
            ecep:lem="rough"
            ecep:pos="j"
            ecep:reg="rough"
            ecep:spe="rough"
            ecep:syllab="1"
            ecep:pron="rʌf">rough</w>
         <c> </c>
         <w xml:id="o4039-216820"
            n="116-a-0480"
            ecep:lem="element"
            ecep:pos="n1"
            ecep:reg="element"
            ecep:spe="element"
            ecep:syllab="3"
            ecep:pron="ˈelɪmənt">element</w>
         <c> </c>
         <w xml:id="o4039-216830"
            n="116-a-0490"
            ecep:lem="the"
            ecep:pos="dt"
            ecep:reg="the"
            ecep:spe="the"
            ecep:syllab="1"
            ecep:pron="ðiː">the</w>
         <c> </c>
         <w xml:id="o4039-216840"
            n="116-a-0500"
            ecep:lem="sea"
            ecep:pos="n1"
            ecep:reg="sea"
            ecep:spe="sea"
            ecep:syllab="1"
            ecep:pron="siː">sea</w>
         <pc xml:id="o4039-216850"
             n="116-a-0510"
             ecep:lem=","
             ecep:pos=","
             ecep:reg=","
             ecep:spe=",">,</pc>
      </l>
      <l xml:id="o4039-l03525">
         <c> </c>
         <w xml:id="o4039-216860"
            n="116-a-0520"
            ecep:lem="i|will"
            ecep:pos="pns11|vmb"
            ecep:reg="I'll"
            ecep:spe="I'll"
            ecep:syllab="1"
            ecep:pron="ˈaɪl">I'll</w>
         <c> </c>
         <w xml:id="o4039-216870"
            n="116-a-0530"
            ecep:lem="drown"
            ecep:pos="vvi"
            ecep:reg="drown"
            ecep:spe="drown"
            ecep:syllab="1"
            ecep:pron="draʊn">drown</w>
         <c> </c>
         <w xml:id="o4039-216880"
            n="116-a-0540"
            ecep:lem="the"
            ecep:pos="dt"
            ecep:reg="the"
            ecep:spe="the"
            ecep:syllab="1"
            ecep:pron="ðiː">the</w>
         <c> </c>
         <w xml:id="o4039-216890"
            n="116-a-0550"
            ecep:lem="soft"
            ecep:pos="jc"
            ecep:reg="softer"
            ecep:spe="softer"
            ecep:syllab="2"
            ecep:pron="sɒftə">softer</w>
         <c> </c>
         <w xml:id="o4039-216900"
            n="116-a-0560"
            ecep:lem="subject"
            ecep:pos="n-jn"
            ecep:reg="subject"
            ecep:spe="subject"
            ecep:syllab="2"
            ecep:pron="ˈsʌbdʒɪkt">subject</w>
         <pc xml:id="o4039-216910"
             n="116-a-0570"
             ecep:lem=","
             ecep:pos=","
             ecep:reg=","
             ecep:spe=",">,</pc>
         <c> </c>
         <w xml:id="o4039-216920"
            n="116-a-0580"
            ecep:lem="thou"
            ecep:pos="pno21"
            ecep:reg="thee"
            ecep:spe="thee"
            ecep:syllab="1"
            ecep:pron="ðiː">thee</w>
         <pc xml:id="o4039-216930"
             n="116-a-0590"
             ecep:lem=","
             ecep:pos=","
             ecep:reg=","
             ecep:spe=",">,</pc>
      </l>
      <l rendition="#h_6" xml:id="o4039-l03530">
         <c> </c>
         <w xml:id="o4039-216940"
            n="116-a-0600"
            ecep:lem="and"
            ecep:pos="cc"
            ecep:reg="And"
            ecep:spe="And"
            ecep:syllab="1"
            ecep:pron="ænd">And</w>
         <c> </c>
         <w xml:id="o4039-216950"
            n="116-a-0610"
            ecep:lem="sink"
            ecep:pos="vvi"
            ecep:reg="sink"
            ecep:spe="sink"
            ecep:syllab="1"
            ecep:pron="sɪŋk">sink</w>
         <c> </c>
         <w xml:id="o4039-216960"
            n="116-a-0620"
            ecep:lem="each"
            ecep:pos="d"
            ecep:reg="each"
            ecep:spe="each"
            ecep:syllab="1"
            ecep:pron="iːtʃ">each</w>
         <c> </c>
         <w xml:id="o4039-216970"
            n="116-a-0630"
            ecep:lem="lovely"
            ecep:pos="j"
            ecep:reg="lovely"
            ecep:spe="lovely"
            ecep:syllab="2"
            ecep:pron="ˈlʌvli">lovely</w>
         <c> </c>
         <w xml:id="o4039-216980"
            n="116-a-0640"
            ecep:lem="charm"
            ecep:pos="n1"
            ecep:reg="charm"
            ecep:spe="charm"
            ecep:syllab="1"
            ecep:pron="tʃɑːm">charm</w>
         <pc xml:id="o4039-216990"
             n="116-a-0650"
             ecep:lem=":"
             ecep:pos=":"
             ecep:reg=":"
             ecep:spe=":">:</pc>
      </l>
      <l xml:id="o4039-l03535">
         <c> </c>
         <w xml:id="o4039-217000"
            n="116-a-0660"
            ecep:lem="no"
            ecep:pos="uh-x"
            ecep:reg="No"
            ecep:spe="No"
            ecep:syllab="1"
            ecep:pron="nəʊ">No</w>
         <c> </c>
         <w xml:id="o4039-217010"
            n="116-a-0670"
            ecep:lem="more"
            ecep:pos="av-dc"
            ecep:reg="more"
            ecep:spe="more"
            ecep:syllab="1"
            ecep:pron="mɔː">more</w>
         <c> </c>
         <w xml:id="o4039-217020"
            n="116-a-0680"
            ecep:lem="my"
            ecep:pos="po11"
            ecep:reg="my"
            ecep:spe="my"
            ecep:syllab="1"
            ecep:pron="maɪ">my</w>
         <c> </c>
         <w xml:id="o4039-217030"
            n="116-a-0690"
            ecep:lem="bosom"
            ecep:pos="n1"
            ecep:reg="bosom"
            ecep:spe="bosom"
            ecep:syllab="2"
            ecep:pron="ˈbʊzm">bosom</w>
         <c> </c>
         <w xml:id="o4039-217040"
            n="116-a-0700"
            ecep:lem="shall"
            ecep:pos="vmb"
            ecep:reg="shall"
            ecep:spe="shall"
            ecep:syllab="1"
            ecep:pron="ʃæl">shall</w>
         <c> </c>
         <w xml:id="o4039-217050"
            n="116-a-0710"
            ecep:lem="be"
            ecep:pos="vbi"
            ecep:reg="be"
            ecep:spe="be"
            ecep:syllab="1"
            ecep:pron="biː">be</w>
         <c> </c>
         <w xml:id="o4039-217060"
            n="116-a-0720"
            ecep:lem="tear"
            ecep:pos="vvn"
            ecep:reg="torn"
            ecep:spe="torne"
            ecep:syllab="1"
            ecep:pron="tˈɔːn">torne</w>
         <pc xml:id="o4039-217070"
             n="116-a-0730"
             ecep:lem=";"
             ecep:pos=";"
             ecep:reg=";"
             ecep:spe=";">;</pc>
      </l>
      <l xml:id="o4039-l03540">
         <c> </c>
         <w xml:id="o4039-217080"
            n="116-a-0740"
            ecep:lem="no"
            ecep:pos="uh-x"
            ecep:reg="No"
            ecep:spe="No"
            ecep:syllab="1"
            ecep:pron="nəʊ">No</w>
         <c> </c>
         <w xml:id="o4039-217090"
            n="116-a-0750"
            ecep:lem="more"
            ecep:pos="av-dc"
            ecep:reg="more"
            ecep:spe="more"
            ecep:syllab="1"
            ecep:pron="mɔː">more</w>
         <c> </c>
         <w xml:id="o4039-217100"
            n="116-a-0760"
            ecep:lem="by"
            ecep:pos="p-acp"
            ecep:reg="by"
            ecep:spe="by"
            ecep:syllab="1"
            ecep:pron="baɪ">by</w>
         <c> </c>
         <w xml:id="o4039-217110"
            n="116-a-0770"
            ecep:lem="wild"
            ecep:pos="j"
            ecep:reg="wild"
            ecep:spe="wild"
            ecep:syllab="1"
            ecep:pron="waɪld">wild</w>
         <c> </c>
         <w xml:id="o4039-217120"
            n="116-a-0780"
            ecep:lem="idea"
            ecep:pos="n2"
            ecep:reg="ideas"
            ecep:spe="ideas"
            ecep:syllab="2"
            ecep:pron="aɪˈdɪəz">ideas</w>
         <c> </c>
         <w xml:id="o4039-217130"
            n="116-a-0790"
            ecep:lem="bear"
            ecep:pos="vvn"
            ecep:reg="born"
            ecep:spe="borne"
            ecep:syllab="1"
            ecep:pron="bɔːn">borne</w>
         <pc xml:id="o4039-217140"
             n="116-a-0800"
             ecep:lem=","
             ecep:pos=","
             ecep:reg=","
             ecep:spe=",">,</pc>
      </l>
      <l rendition="#h_6" xml:id="o4039-l03545">
         <c> </c>
         <w xml:id="o4039-217150"
            n="116-a-0810"
            ecep:lem="i|will"
            ecep:pos="pns11|vmb"
            ecep:reg="I'll"
            ecep:spe="I'll"
            ecep:syllab="1"
            ecep:pron="ˈaɪl">I'll</w>
         <c> </c>
         <w xml:id="o4039-217160"
            n="116-a-0820"
            ecep:lem="cherish"
            ecep:pos="vvi"
            ecep:reg="cherish"
            ecep:spe="cherish"
            ecep:syllab="2"
            ecep:pron="ˈtʃerɪʃ">cherish</w>
         <c> </c>
         <w xml:id="o4039-217170"
            n="116-a-0830"
            ecep:lem="the"
            ecep:pos="dt"
            ecep:reg="the"
            ecep:spe="the"
            ecep:syllab="1"
            ecep:pron="ðiː">the</w>
         <c> </c>
         <w xml:id="o4039-217180"
            n="116-a-0840"
            ecep:lem="alarm"
            ecep:pos="n1"
            ecep:reg="alarm"
            ecep:spe="alarm"
            ecep:syllab="2"
            ecep:pron="əˈlɑːm">alarm</w>
         <pc xml:id="o4039-217190"
             n="116-a-0850"
             unit="sentence"
             ecep:lem="."
             ecep:pos="."
             ecep:reg="."
             ecep:spe=".">.</pc>
         <c> </c>
      </l>
   </lg>
   <lg xml:id="o4039-s00415">
      <l xml:id="o4039-l03550">
         <w xml:id="o4039-217220"
            n="116-a-0860"
            ecep:lem="yet"
            ecep:pos="av"
            ecep:reg="Yet"
            ecep:spe="Yet"
            ecep:syllab="1"
            ecep:pron="jet">Yet</w>
         <pc xml:id="o4039-217230"
             n="116-a-0870"
             ecep:lem=","
             ecep:pos=","
             ecep:reg=","
             ecep:spe=",">,</pc>
         <c> </c>
         <w xml:id="o4039-217240"
            n="116-a-0880"
            ecep:lem="Polly"
            ecep:pos="np1"
            ecep:reg="Polly"
            ecep:spe="Polly"
            ecep:syllab="2"
            ecep:pron="ˈpɒlɪ">Polly</w>
         <pc xml:id="o4039-217250"
             n="116-a-0890"
             ecep:lem=","
             ecep:pos=","
             ecep:reg=","
             ecep:spe=",">,</pc>
         <c> </c>
         <w xml:id="o4039-217260"
            n="116-a-0900"
            ecep:lem="can"
            ecep:pos="vmd"
            ecep:reg="could"
            ecep:spe="could"
            ecep:syllab="1"
            ecep:pron="kʊd">could</w>
         <c> </c>
         <w xml:id="o4039-217270"
            n="116-a-0910"
            ecep:lem="thy"
            ecep:pos="po21"
            ecep:reg="thy"
            ecep:spe="thy"
            ecep:syllab="1"
            ecep:pron="ðaɪ">thy</w>
         <c> </c>
         <w xml:id="o4039-217280"
            n="116-a-0920"
            ecep:lem="heart"
            ecep:pos="n1"
            ecep:reg="heart"
            ecep:spe="heart"
            ecep:syllab="1"
            ecep:pron="hɑːt">heart</w>
         <c> </c>
         <w xml:id="o4039-217290"
            n="116-a-0930"
            ecep:lem="be"
            ecep:pos="vbi"
            ecep:reg="be"
            ecep:spe="be"
            ecep:syllab="1"
            ecep:pron="biː">be</w>
         <c> </c>
         <w xml:id="o4039-217300"
            n="116-a-0940"
            ecep:lem="kind"
            ecep:pos="j"
            ecep:reg="kind"
            ecep:spe="kind"
            ecep:syllab="1"
            ecep:pron="kaɪnd">kind</w>
         <pc xml:id="o4039-217310"
             n="116-a-0950"
             ecep:lem=","
             ecep:pos=","
             ecep:reg=","
             ecep:spe=",">,</pc>
      </l>
      <l xml:id="o4039-l03555">
         <c> </c>
         <w xml:id="o4039-217320"
            n="116-a-0960"
            ecep:lem="soon"
            ecep:pos="av"
            ecep:reg="Soon"
            ecep:spe="Soon"
            ecep:syllab="1"
            ecep:pron="suːn">Soon</w>
         <c> </c>
         <w xml:id="o4039-217330"
            n="116-a-0970"
            ecep:lem="will"
            ecep:pos="vmd"
            ecep:reg="would"
            ecep:spe="would"
            ecep:syllab="1"
            ecep:pron="wʊd">would</w>
         <c> </c>
         <w xml:id="o4039-217340"
            n="116-a-0980"
            ecep:lem="my"
            ecep:pos="po11"
            ecep:reg="my"
            ecep:spe="my"
            ecep:syllab="1"
            ecep:pron="maɪ">my</w>
         <c> </c>
         <w xml:id="o4039-217350"
            n="116-a-0990"
            ecep:lem="feeble"
            ecep:pos="j"
            ecep:reg="feeble"
            ecep:spe="feeble"
            ecep:syllab="2"
            ecep:pron="ˈfiːbl">feeble</w>
         <c> </c>
         <w xml:id="o4039-217360"
            n="116-a-1000"
            ecep:lem="purpose"
            ecep:pos="n1"
            ecep:reg="purpose"
            ecep:spe="purpose"
            ecep:syllab="2"
            ecep:pron="ˈpɜːpəs">purpose</w>
         <c> </c>
         <w xml:id="o4039-217370"
            n="116-a-1010"
            ecep:lem="find"
            ecep:pos="vvb"
            ecep:reg="sind"
            ecep:spe="sind"
            ecep:syllab="1"
            ecep:pron="sˈɪnd">sind</w>
      </l>
      <l rendition="#h_6" xml:id="o4039-l03560">
         <c> </c>
         <w xml:id="o4039-217380"
            n="116-a-1020"
            ecep:lem="thy"
            ecep:pos="po21"
            ecep:reg="Thy"
            ecep:spe="Thy"
            ecep:syllab="1"
            ecep:pron="ðaɪ">Thy</w>
         <c> </c>
         <w xml:id="o4039-217390"
            n="116-a-1030"
            ecep:lem="sway"
            ecep:pos="n1"
            ecep:reg="sway"
            ecep:spe="sway"
            ecep:syllab="1"
            ecep:pron="sweɪ">sway</w>
         <c> </c>
         <w xml:id="o4039-217400"
            n="116-a-1040"
            ecep:lem="within"
            ecep:pos="p-acp"
            ecep:reg="within"
            ecep:spe="within"
            ecep:syllab="2"
            ecep:pron="wɪˈðɪn">within</w>
         <c> </c>
         <w xml:id="o4039-217410"
            n="116-a-1050"
            ecep:lem="my"
            ecep:pos="po11"
            ecep:reg="my"
            ecep:spe="my"
            ecep:syllab="1"
            ecep:pron="maɪ">my</w>
         <c> </c>
         <w xml:id="o4039-217420"
            n="116-a-1060"
            ecep:lem="breast"
            ecep:pos="n1"
            ecep:reg="breast"
            ecep:spe="breast"
            ecep:syllab="1"
            ecep:pron="brest">breast</w>
         <pc xml:id="o4039-217430"
             n="116-a-1070"
             ecep:lem=":"
             ecep:pos=":"
             ecep:reg=":"
             ecep:spe=":">:</pc>
      </l>
      <l xml:id="o4039-l03565">
         <c> </c>
         <w xml:id="o4039-217440"
            n="116-a-1080"
            ecep:lem="but"
            ecep:pos="cc-acp"
            ecep:reg="But"
            ecep:spe="But"
            ecep:syllab="1"
            ecep:pron="bʌt">But</w>
         <c> </c>
         <w xml:id="o4039-217450"
            n="116-a-1090"
            ecep:lem="hence"
            ecep:pos="av"
            ecep:reg="hence"
            ecep:spe="hence"
            ecep:syllab="1"
            ecep:pron="hens">hence</w>
         <pc xml:id="o4039-217460"
             n="116-a-1100"
             ecep:lem=","
             ecep:pos=","
             ecep:reg=","
             ecep:spe=",">,</pc>
         <c> </c>
         <w xml:id="o4039-217470"
            n="116-a-1110"
            ecep:lem="soft"
            ecep:pos="j"
            ecep:reg="soft"
            ecep:spe="soft"
            ecep:syllab="1"
            ecep:pron="sɒft">soft</w>
         <c> </c>
         <w xml:id="o4039-217480"
            n="116-a-1120"
            ecep:lem="scene"
            ecep:pos="n2"
            ecep:reg="scenes"
            ecep:spe="scenes"
            ecep:syllab="1"
            ecep:pron="siːnz">scenes</w>
         <c> </c>
         <w xml:id="o4039-217490"
            n="116-a-1130"
            ecep:lem="of"
            ecep:pos="pp-f"
            ecep:reg="of"
            ecep:spe="of"
            ecep:syllab="1"
            ecep:pron="ɒv">of</w>
         <c> </c>
         <w xml:id="o4039-217500"
            n="116-a-1140"
            ecep:lem="paint"
            ecep:pos="j-vvn"
            ecep:reg="painted"
            ecep:spe="painted"
            ecep:syllab="2"
            ecep:pron="peɪntɪd">painted</w>
         <c> </c>
         <w xml:id="o4039-217510"
            n="116-a-1150"
            ecep:lem="woe"
            ecep:pos="n1"
            ecep:reg="woe"
            ecep:spe="woe"
            ecep:syllab="1"
            ecep:pron="wəʊ">woe</w>
         <pc xml:id="o4039-217520"
             n="116-a-1160"
             ecep:lem=","
             ecep:pos=","
             ecep:reg=","
             ecep:spe=",">,</pc>
      </l>
      <l xml:id="o4039-l03570">
         <c> </c>
         <w xml:id="o4039-217530"
            n="116-a-1170"
            ecep:lem="spite"
            ecep:pos="n1"
            ecep:reg="Spite"
            ecep:spe="Spite"
            ecep:syllab="1"
            ecep:pron="spaɪt">Spite</w>
         <c> </c>
         <w xml:id="o4039-217540"
            n="116-a-1180"
            ecep:lem="of"
            ecep:pos="pp-f"
            ecep:reg="of"
            ecep:spe="of"
            ecep:syllab="1"
            ecep:pron="ɒv">of</w>
         <c> </c>
         <w xml:id="o4039-217550"
            n="116-a-1190"
            ecep:lem="the"
            ecep:pos="dt"
            ecep:reg="the"
            ecep:spe="the"
            ecep:syllab="1"
            ecep:pron="ðiː">the</w>
         <c> </c>
         <w xml:id="o4039-217560"
            n="116-a-1200"
            ecep:lem="dear"
            ecep:pos="j-jn"
            ecep:reg="dear"
            ecep:spe="dear"
            ecep:syllab="1"
            ecep:pron="dɪə">dear</w>
         <c> </c>
         <w xml:id="o4039-217570"
            n="116-a-1210"
            ecep:lem="delight"
            ecep:pos="n1"
            ecep:reg="delight"
            ecep:spe="delight"
            ecep:syllab="2"
            ecep:pron="dɪˈlaɪt">delight</w>
         <c> </c>
         <w xml:id="o4039-217580"
            n="116-a-1220"
            ecep:lem="i|will"
            ecep:pos="pns11|vmb"
            ecep:reg="I'll"
            ecep:spe="I'll"
            ecep:syllab="1"
            ecep:pron="ˈaɪl">I'll</w>
         <c> </c>
         <w xml:id="o4039-217590"
            n="116-a-1230"
            ecep:lem="go"
            ecep:pos="vvi"
            ecep:reg="go"
            ecep:spe="go"
            ecep:syllab="1"
            ecep:pron="gəʊ">go</w>
         <pc xml:id="o4039-217600"
             n="116-a-1240"
             ecep:lem=","
             ecep:pos=","
             ecep:reg=","
             ecep:spe=",">,</pc>
      </l>
      <l rendition="#h_6" xml:id="o4039-l03575">
         <c> </c>
         <w xml:id="o4039-217610"
            n="116-a-1250"
            ecep:lem="forget"
            ecep:pos="vvb"
            ecep:reg="Forget"
            ecep:spe="Forget"
            ecep:syllab="2"
            ecep:pron="fəˈget">Forget</w>
         <c> </c>
         <w xml:id="o4039-217620"
            n="116-a-1260"
            ecep:lem="she"
            ecep:pos="pno31"
            ecep:reg="her"
            ecep:spe="her"
            ecep:syllab="1"
            ecep:pron="hɜː">her</w>
         <pc xml:id="o4039-217630"
             n="116-a-1270"
             ecep:lem=","
             ecep:pos=","
             ecep:reg=","
             ecep:spe=",">,</pc>
         <c> </c>
         <w xml:id="o4039-217640"
            n="116-a-1280"
            ecep:lem="and"
            ecep:pos="cc"
            ecep:reg="and"
            ecep:spe="and"
            ecep:syllab="1"
            ecep:pron="ænd">and</w>
         <c> </c>
         <w xml:id="o4039-217650"
            n="116-a-1290"
            ecep:lem="be"
            ecep:pos="vbi"
            ecep:reg="be"
            ecep:spe="be"
            ecep:syllab="1"
            ecep:pron="biː">be</w>
         <c> </c>
         <w xml:id="o4039-217660"
            n="116-a-1300"
            ecep:lem="bless"
            ecep:pos="vvn"
            ecep:reg="blessed"
            ecep:spe="blest"
            ecep:syllab="1"
            ecep:pron="blest">blest</w>
         <pc xml:id="o4039-217670"
             n="116-a-1310"
             unit="sentence"
             ecep:lem="."
             ecep:pos="."
             ecep:reg="."
             ecep:spe=".">.</pc>
         <c> </c>
      </l>
   </lg>
   <closer>
      <signed>
         <w xml:id="o4039-217710"
            n="116-a-1320"
            ecep:lem="d."
            ecep:pos="crd"
            ecep:reg="D"
            ecep:spe="D."
            ecep:syllab="1"
            ecep:pron="dˈiː">D.</w>
         <c> </c>
         <w xml:id="o4039-217720"
            n="116-a-1330"
            ecep:lem="celorimon"
            ecep:pos="np1"
            ecep:reg="CELORIMON"
            ecep:spe="CELORIMON"
            ecep:syllab="4"
            ecep:pron="sˈelɔːrˌɪmən">CELORIMON</w>
         <pc xml:id="o4039-217730"
             n="116-a-1340"
             unit="sentence"
             ecep:lem="."
             ecep:pos="."
             ecep:reg="."
             ecep:spe=".">.</pc>
      </signed>
   </closer>
</div>
