<?xml version="1.0" encoding="UTF-8"?>
<?xml-model href="../tei_all.rnc" type="application/relax-ng-compact-syntax"?>
<TEI xmlns="http://www.tei-c.org/ns/1.0">
   <teiHeader>
      <fileDesc>
         <titleStmt>
            <title corresp="#txt_AlsoAn1670_w0002">To CHLORINDA.</title>
            <author corresp="authors.xml#aut_AlsoAn1670">Anthony Alsop</author>
            <respStmt>
               <name xml:id="AH">Alexander Huber</name>
               <resp>Editor</resp>
            </respStmt>
            <funder>
               <name type="institution" xml:id="BOD">Bodleian Libraries, University of Oxford</name>
               <address>
                  <addrLine>Broad Street</addrLine>
                  <addrLine>Oxford OX1 3BG</addrLine>
                  <addrLine>UK</addrLine>
               </address>
            </funder>
         </titleStmt>
         <publicationStmt>
            <publisher xml:id="ECPA">Eighteenth-Century Poetry Archive</publisher>
            <address>
               <addrLine>Taylor Institution Library</addrLine>
               <addrLine>St Giles'</addrLine>
               <addrLine>Oxford OX1 3NA</addrLine>
               <addrLine>UK</addrLine>
               <addrLine>
                  <email>info@eighteenthcenturypoetry.org</email>
               </addrLine>
               <addrLine>
                  <ref target="https://www.eighteenthcenturypoetry.org/">https://www.eighteenthcenturypoetry.org/</ref>
               </addrLine>
            </address>
            <pubPlace>Oxford</pubPlace>
            <availability status="restricted">
               <licence target="http://creativecommons.org/licenses/by-sa/3.0/">This work is licensed under a Creative Commons Attribution-ShareAlike 3.0 Unported License.</licence>
            </availability>
            <idno type="ESTC">T131163</idno>
            <idno type="TCP">K104099.006</idno>
         </publicationStmt>
         <sourceDesc>
            <bibl>
               <author>Dodsley, Robert, 1703-1764.</author>
               <title>A Collection of Poems in Six Volumes. By Several Hands. Vol. VI.</title>
               <pubPlace>London</pubPlace>
               <publisher>printed by J. Hughs, for R. and J. Dodsley</publisher>
               <date>1763 [1st ed. 1758]</date>
               <biblScope>pp. 241-242.</biblScope>
               <extent>6v.: music; 8⁰.</extent>
            </bibl>
         </sourceDesc>
      </fileDesc>
      <encodingDesc>
         <projectDesc>
            <p>This e-text is part of the Works section of the Eighteenth-Century Poetry Archive (ECPA).</p>
            <p>XML created for the Eighteenth-Century Poetry Archive (ECPA).</p>
         </projectDesc>
         <editorialDecl>
            <p>The text has been typographically modernized, but without any silent modernization of
						spelling, capitalization, or punctuation. The source of the text is given and all editorial interventions
						have been recorded in textual notes. Based on the electronic text originally produced by the TCP project, this  text has been edited to conform to the recommendations found in Level 5 of the
						Best Practices for TEI in Libraries version 4.0.0.
					</p>
         </editorialDecl>
         <classDecl>
            <taxonomy xml:id="LCNAF">
               <bibl>Library of Congress Name Authority File (<abbr>LCNAF</abbr>)</bibl>
            </taxonomy>
         </classDecl>
         <tagsDecl>
            <rendition n="linegroups indented" xml:id="lgindent" scheme="css">text-indent: 1em;</rendition>
            <rendition n="linegroups vertically spaced" xml:id="lgvspace" scheme="css">margin-bottom: 1em;</rendition>
            <rendition n="aligned centrally" xml:id="align-center" scheme="css">text-align: center;</rendition>
            <rendition n="aligned right" xml:id="align-right" scheme="css">text-align: right;</rendition>
            <rendition n="aligned left" xml:id="align-left" scheme="css">text-align: left;</rendition>
            <rendition n="inline" xml:id="inline" scheme="css">display: inline</rendition>
            <rendition n="italic" xml:id="i" scheme="css">font-style: italic;</rendition>
            <rendition n="bold" xml:id="b" scheme="css">font-weight: bold;</rendition>
         </tagsDecl>
      </encodingDesc>
   </teiHeader>
   <text>
      <body>
         <div xmlns:ecep="http://www.eighteenthcenturypoetry.org/ns"
              ana="#iamb #tetrameter #trimeter #sestet #tail"
              corresp="#txt_AlsoAn1670_w0002"
              ecep:syllab="8.8.6.8.8.6"
              met="-+|-+|-+|-+/         -+|-+|-+|-+/         -+|-+|-+/         -+|-+|-+|-+/         -+|-+|-+|-+/         -+|-+|-+/"
              rendition="#lgvspace"
              rhyme="aabccb"
              subtype="eceptext"
              type="poem"
              xml:id="o5157-w0510"
              decls="#semi-normalized">
            <link target="authors.xml#aut_AlsoAn1670" type="author"/>
            <link target="27888" type="DMI"/>
            <head type="main">
               <w xmlns:ecep="http://www.eighteenthcenturypoetry.org/ns"
                  xml:id="o5157-532970"
                  n="243-a-0630"
                  ecep:lem="to"
                  ecep:pos="p-acp"
                  ecep:reg="To"
                  ecep:spe="To"
                  ecep:syllab="1"
                  ecep:pron="tuː">To</w>
               <c> </c>
               <w xmlns:ecep="http://www.eighteenthcenturypoetry.org/ns"
                  xml:id="o5157-532980"
                  n="243-a-0640"
                  ecep:lem="chlorinda"
                  ecep:pos="np1"
                  ecep:reg="CHLORINDA"
                  ecep:spe="CHLORINDA"
                  ecep:syllab="3"
                  ecep:pron="klɔːrˈɪndə">CHLORINDA</w>
               <pc xmlns:ecep="http://www.eighteenthcenturypoetry.org/ns"
                   xml:id="o5157-532990"
                   n="243-a-0650"
                   unit="sentence"
                   ecep:lem="."
                   ecep:pos="."
                   ecep:reg="."
                   ecep:spe=".">.</pc>
            </head>
            <byline>
               <w xmlns:ecep="http://www.eighteenthcenturypoetry.org/ns"
                  xml:id="o5157-533020"
                  n="243-a-0660"
                  ecep:lem="by"
                  ecep:pos="p-acp"
                  ecep:reg="By"
                  ecep:spe="By"
                  ecep:syllab="1"
                  ecep:pron="baɪ">By</w>
               <c> </c>
               <w xmlns:ecep="http://www.eighteenthcenturypoetry.org/ns"
                  xml:id="o5157-533030"
                  n="243-a-0670"
                  ecep:lem="the"
                  ecep:pos="dt"
                  ecep:reg="the"
                  ecep:spe="the"
                  ecep:syllab="1"
                  ecep:pron="ðiː">the</w>
               <c> </c>
               <w xmlns:ecep="http://www.eighteenthcenturypoetry.org/ns"
                  xml:id="o5157-533040"
                  n="243-a-0680"
                  ecep:lem="same"
                  ecep:pos="d"
                  ecep:reg="Same"
                  ecep:spe="Same"
                  ecep:syllab="1"
                  ecep:pron="seɪm">Same</w>
               <pc xmlns:ecep="http://www.eighteenthcenturypoetry.org/ns"
                   xml:id="o5157-533050"
                   n="243-a-0690"
                   unit="sentence"
                   ecep:lem="."
                   ecep:pos="."
                   ecep:reg="."
                   ecep:spe=".">.</pc>
            </byline>
            <lg xml:id="o5157-s02740">
               <l xml:id="o5157-l28975">
                  <w xmlns:ecep="http://www.eighteenthcenturypoetry.org/ns"
                     xml:id="o5157-533080"
                     n="243-a-0700"
                     ecep:lem="see"
                     ecep:pos="vvb"
                     ecep:reg="SEE"
                     ecep:spe="SEE"
                     ecep:syllab="1"
                     ecep:pron="siː">SEE</w>
                  <pc xmlns:ecep="http://www.eighteenthcenturypoetry.org/ns"
                      xml:id="o5157-533090"
                      n="243-a-0710"
                      ecep:lem=","
                      ecep:pos=","
                      ecep:reg=","
                      ecep:spe=",">,</pc>
                  <c> </c>
                  <w xmlns:ecep="http://www.eighteenthcenturypoetry.org/ns"
                     xml:id="o5157-533100"
                     n="243-a-0720"
                     ecep:lem="Strephon"
                     ecep:pos="np1"
                     ecep:reg="Strephon"
                     ecep:spe="Strephon"
                     ecep:syllab="2"
                     ecep:pron="strˈefɒn">Strephon</w>
                  <pc xmlns:ecep="http://www.eighteenthcenturypoetry.org/ns"
                      xml:id="o5157-533110"
                      n="243-a-0730"
                      ecep:lem=","
                      ecep:pos=","
                      ecep:reg=","
                      ecep:spe=",">,</pc>
                  <c> </c>
                  <w xmlns:ecep="http://www.eighteenthcenturypoetry.org/ns"
                     xml:id="o5157-533120"
                     n="243-a-0740"
                     ecep:lem="what"
                     ecep:pos="r-crq"
                     ecep:reg="what"
                     ecep:spe="what"
                     ecep:syllab="1"
                     ecep:pron="wɒt">what</w>
                  <c> </c>
                  <w xmlns:ecep="http://www.eighteenthcenturypoetry.org/ns"
                     xml:id="o5157-533130"
                     n="243-a-0750"
                     ecep:lem="unhappy"
                     ecep:pos="j"
                     ecep:reg="unhappy"
                     ecep:spe="unhappy"
                     ecep:syllab="3"
                     ecep:pron="ʌnˈhæpi">unhappy</w>
                  <c> </c>
                  <w xmlns:ecep="http://www.eighteenthcenturypoetry.org/ns"
                     xml:id="o5157-533140"
                     n="243-a-0760"
                     ecep:lem="fate"
                     ecep:pos="n1"
                     ecep:reg="fate"
                     ecep:spe="fate"
                     ecep:syllab="1"
                     ecep:pron="feɪt">fate</w>
               </l>
               <l xml:id="o5157-l28980">
                  <w xmlns:ecep="http://www.eighteenthcenturypoetry.org/ns"
                     xml:id="o5157-533150"
                     n="243-a-0770"
                     ecep:lem="do"
                     ecep:pos="vdz"
                     ecep:reg="Does"
                     ecep:spe="Does"
                     ecep:syllab="1"
                     ecep:pron="dʌz">Does</w>
                  <c> </c>
                  <w xmlns:ecep="http://www.eighteenthcenturypoetry.org/ns"
                     xml:id="o5157-533160"
                     n="243-a-0780"
                     ecep:lem="on"
                     ecep:pos="p-acp"
                     ecep:reg="on"
                     ecep:spe="on"
                     ecep:syllab="1"
                     ecep:pron="ɒn">on</w>
                  <c> </c>
                  <w xmlns:ecep="http://www.eighteenthcenturypoetry.org/ns"
                     xml:id="o5157-533170"
                     n="243-a-0790"
                     ecep:lem="thy"
                     ecep:pos="po21"
                     ecep:reg="thy"
                     ecep:spe="thy"
                     ecep:syllab="1"
                     ecep:pron="ðaɪ">thy</w>
                  <c> </c>
                  <w xmlns:ecep="http://www.eighteenthcenturypoetry.org/ns"
                     xml:id="o5157-533180"
                     n="243-a-0800"
                     ecep:lem="fruitless"
                     ecep:pos="j"
                     ecep:reg="fruitless"
                     ecep:spe="fruitless"
                     ecep:syllab="2"
                     ecep:pron="ˈfruːtləs">fruitless</w>
                  <c> </c>
                  <w xmlns:ecep="http://www.eighteenthcenturypoetry.org/ns"
                     xml:id="o5157-533190"
                     n="243-a-0810"
                     ecep:lem="passion"
                     ecep:pos="n1"
                     ecep:reg="passion"
                     ecep:spe="passion"
                     ecep:syllab="2"
                     ecep:pron="ˈpæʃn">passion</w>
                  <c> </c>
                  <w xmlns:ecep="http://www.eighteenthcenturypoetry.org/ns"
                     xml:id="o5157-533200"
                     n="243-a-0820"
                     ecep:lem="wait"
                     ecep:pos="vvi"
                     ecep:reg="wait"
                     ecep:spe="wait"
                     ecep:syllab="1"
                     ecep:pron="weɪt">wait</w>
                  <pc xmlns:ecep="http://www.eighteenthcenturypoetry.org/ns"
                      xml:id="o5157-533210"
                      n="243-a-0830"
                      ecep:lem=","
                      ecep:pos=","
                      ecep:reg=","
                      ecep:spe=",">,</pc>
               </l>
               <l xml:id="o5157-l28985">
                  <w xmlns:ecep="http://www.eighteenthcenturypoetry.org/ns"
                     xml:id="o5157-533220"
                     n="243-a-0840"
                     ecep:lem="add"
                     ecep:pos="vvg"
                     ecep:reg="Adding"
                     ecep:spe="Adding"
                     ecep:syllab="2"
                     ecep:pron="ædɪŋ">Adding</w>
                  <c> </c>
                  <w xmlns:ecep="http://www.eighteenthcenturypoetry.org/ns"
                     xml:id="o5157-533230"
                     n="243-a-0850"
                     ecep:lem="to"
                     ecep:pos="p-acp"
                     ecep:reg="to"
                     ecep:spe="to"
                     ecep:syllab="1"
                     ecep:pron="tuː">to</w>
                  <c> </c>
                  <w xmlns:ecep="http://www.eighteenthcenturypoetry.org/ns"
                     xml:id="o5157-533240"
                     n="243-a-0860"
                     ecep:lem="flame"
                     ecep:pos="n1"
                     ecep:reg="flame"
                     ecep:spe="flame"
                     ecep:syllab="1"
                     ecep:pron="fleɪm">flame</w>
                  <c> </c>
                  <w xmlns:ecep="http://www.eighteenthcenturypoetry.org/ns"
                     xml:id="o5157-533250"
                     n="243-a-0870"
                     ecep:lem="fresh"
                     ecep:pos="j"
                     ecep:reg="fresh"
                     ecep:spe="fresh"
                     ecep:syllab="1"
                     ecep:pron="freʃ">fresh</w>
                  <c> </c>
                  <w xmlns:ecep="http://www.eighteenthcenturypoetry.org/ns"
                     xml:id="o5157-533260"
                     n="243-a-0880"
                     ecep:lem="fuel"
                     ecep:pos="n1"
                     ecep:reg="fuel"
                     ecep:spe="fuel"
                     ecep:syllab="2"
                     ecep:pron="ˈfjuːəl">fuel</w>
                  <pc xmlns:ecep="http://www.eighteenthcenturypoetry.org/ns"
                      xml:id="o5157-533270"
                      n="243-a-0890"
                      ecep:lem=":"
                      ecep:pos=":"
                      ecep:reg=":"
                      ecep:spe=":">:</pc>
               </l>
               <l xml:id="o5157-l28990">
                  <w xmlns:ecep="http://www.eighteenthcenturypoetry.org/ns"
                     xml:id="o5157-533280"
                     n="243-a-0900"
                     ecep:lem="rather"
                     ecep:pos="av-c"
                     ecep:reg="Rather"
                     ecep:spe="Rather"
                     ecep:syllab="2"
                     ecep:pron="ˈrɑːðə">Rather</w>
                  <c> </c>
                  <w xmlns:ecep="http://www.eighteenthcenturypoetry.org/ns"
                     xml:id="o5157-533290"
                     n="243-a-0910"
                     ecep:lem="than"
                     ecep:pos="cs"
                     ecep:reg="than"
                     ecep:spe="than"
                     ecep:syllab="1"
                     ecep:pron="ðæn">than</w>
                  <c> </c>
                  <w xmlns:ecep="http://www.eighteenthcenturypoetry.org/ns"
                     xml:id="o5157-533300"
                     n="243-a-0920"
                     ecep:lem="thou"
                     ecep:pos="pns21"
                     ecep:reg="thou"
                     ecep:spe="thou"
                     ecep:syllab="1"
                     ecep:pron="θaʊ">thou</w>
                  <c> </c>
                  <w xmlns:ecep="http://www.eighteenthcenturypoetry.org/ns"
                     xml:id="o5157-533310"
                     n="243-a-0930"
                     ecep:lem="shall"
                     ecep:pos="vmd2"
                     ecep:reg="shouldst"
                     ecep:spe="should'st"
                     ecep:syllab="1"
                     ecep:pron="ʃʊdst">should'st</w>
                  <c> </c>
                  <w xmlns:ecep="http://www.eighteenthcenturypoetry.org/ns"
                     xml:id="o5157-533320"
                     n="243-a-0940"
                     ecep:lem="favour"
                     ecep:pos="vvi"
                     ecep:reg="favour"
                     ecep:spe="favour"
                     ecep:syllab="2"
                     ecep:pron="ˈfeɪvə">favour</w>
                  <c> </c>
                  <w xmlns:ecep="http://www.eighteenthcenturypoetry.org/ns"
                     xml:id="o5157-533330"
                     n="243-a-0950"
                     ecep:lem="find"
                     ecep:pos="vvi"
                     ecep:reg="find"
                     ecep:spe="find"
                     ecep:syllab="1"
                     ecep:pron="faɪnd">find</w>
                  <pc xmlns:ecep="http://www.eighteenthcenturypoetry.org/ns"
                      xml:id="o5157-533340"
                      n="243-a-0960"
                      ecep:lem=";"
                      ecep:pos=";"
                      ecep:reg=";"
                      ecep:spe=";">;</pc>
               </l>
               <l xml:id="o5157-l28995">
                  <w xmlns:ecep="http://www.eighteenthcenturypoetry.org/ns"
                     xml:id="o5157-533350"
                     n="243-a-0970"
                     ecep:lem="the"
                     ecep:pos="dt"
                     ecep:reg="The"
                     ecep:spe="The"
                     ecep:syllab="1"
                     ecep:pron="ðiː">The</w>
                  <c> </c>
                  <w xmlns:ecep="http://www.eighteenthcenturypoetry.org/ns"
                     xml:id="o5157-533360"
                     n="243-a-0980"
                     ecep:lem="kind"
                     ecep:pos="js"
                     ecep:reg="kindest"
                     ecep:spe="kindest"
                     ecep:syllab="2"
                     ecep:pron="kaɪndɪst">kindest</w>
                  <c> </c>
                  <w xmlns:ecep="http://www.eighteenthcenturypoetry.org/ns"
                     xml:id="o5157-533370"
                     n="243-a-0990"
                     ecep:lem="soul"
                     ecep:pos="n1"
                     ecep:reg="soul"
                     ecep:spe="soul"
                     ecep:syllab="1"
                     ecep:pron="səʊl">soul</w>
                  <c> </c>
                  <w xmlns:ecep="http://www.eighteenthcenturypoetry.org/ns"
                     xml:id="o5157-533380"
                     n="243-a-1000"
                     ecep:lem="on"
                     ecep:pos="p-acp"
                     ecep:reg="on"
                     ecep:spe="on"
                     ecep:syllab="1"
                     ecep:pron="ɒn">on</w>
                  <c> </c>
                  <w xmlns:ecep="http://www.eighteenthcenturypoetry.org/ns"
                     xml:id="o5157-533390"
                     n="243-a-1010"
                     ecep:lem="earth"
                     ecep:pos="ng1"
                     ecep:reg="earth's"
                     ecep:spe="earth's"
                     ecep:syllab="1"
                     ecep:pron="ˈɜːθs">earth's</w>
                  <c> </c>
                  <w xmlns:ecep="http://www.eighteenthcenturypoetry.org/ns"
                     xml:id="o5157-533400"
                     n="243-a-1020"
                     ecep:lem="unkind"
                     ecep:pos="j"
                     ecep:reg="unkind"
                     ecep:spe="unkind"
                     ecep:syllab="2"
                     ecep:pron="ʌnˈkaɪnd">unkind</w>
                  <pc xmlns:ecep="http://www.eighteenthcenturypoetry.org/ns"
                      xml:id="o5157-533410"
                      n="243-a-1030"
                      ecep:lem=","
                      ecep:pos=","
                      ecep:reg=","
                      ecep:spe=",">,</pc>
               </l>
               <l xml:id="o5157-l29000">
                  <w xmlns:ecep="http://www.eighteenthcenturypoetry.org/ns"
                     xml:id="o5157-533420"
                     n="243-a-1040"
                     ecep:lem="and"
                     ecep:pos="cc"
                     ecep:reg="And"
                     ecep:spe="And"
                     ecep:syllab="1"
                     ecep:pron="ænd">And</w>
                  <c> </c>
                  <w xmlns:ecep="http://www.eighteenthcenturypoetry.org/ns"
                     xml:id="o5157-533430"
                     n="243-a-1050"
                     ecep:lem="the"
                     ecep:pos="dt"
                     ecep:reg="the"
                     ecep:spe="the"
                     ecep:syllab="1"
                     ecep:pron="ðiː">the</w>
                  <c> </c>
                  <w xmlns:ecep="http://www.eighteenthcenturypoetry.org/ns"
                     xml:id="o5157-533440"
                     n="243-a-1060"
                     ecep:lem="best"
                     ecep:pos="js"
                     ecep:reg="best"
                     ecep:spe="best"
                     ecep:syllab="1"
                     ecep:pron="best">best</w>
                  <c> </c>
                  <w xmlns:ecep="http://www.eighteenthcenturypoetry.org/ns"
                     xml:id="o5157-533450"
                     n="243-a-1070"
                     ecep:lem="nature"
                     ecep:pos="n1"
                     ecep:reg="nature"
                     ecep:spe="nature"
                     ecep:syllab="2"
                     ecep:pron="ˈneɪtʃə">nature</w>
                  <c> </c>
                  <w xmlns:ecep="http://www.eighteenthcenturypoetry.org/ns"
                     xml:id="o5157-533460"
                     n="243-a-1080"
                     ecep:lem="cruel"
                     ecep:pos="j"
                     ecep:reg="cruel"
                     ecep:spe="cruel"
                     ecep:syllab="2"
                     ecep:pron="ˈkruːəl">cruel</w>
                  <pc xmlns:ecep="http://www.eighteenthcenturypoetry.org/ns"
                      xml:id="o5157-533470"
                      n="243-a-1090"
                      unit="sentence"
                      ecep:lem="."
                      ecep:pos="."
                      ecep:reg="."
                      ecep:spe=".">.</pc>
               </l>
            </lg>
            <lg xml:id="o5157-s02745">
               <l xml:id="o5157-l29005">
                  <w xmlns:ecep="http://www.eighteenthcenturypoetry.org/ns"
                     xml:id="o5157-533500"
                     n="243-a-1100"
                     ecep:lem="the"
                     ecep:pos="dt"
                     ecep:reg="The"
                     ecep:spe="The"
                     ecep:syllab="1"
                     ecep:pron="ðiː">The</w>
                  <c> </c>
                  <w xmlns:ecep="http://www.eighteenthcenturypoetry.org/ns"
                     xml:id="o5157-533510"
                     n="243-a-1110"
                     ecep:lem="goodness"
                     ecep:pos="n1"
                     ecep:reg="goodness"
                     ecep:spe="goodness"
                     ecep:syllab="2"
                     ecep:pron="ˈgʊdnəs">goodness</w>
                  <pc xmlns:ecep="http://www.eighteenthcenturypoetry.org/ns"
                      xml:id="o5157-533520"
                      n="243-a-1120"
                      ecep:lem=","
                      ecep:pos=","
                      ecep:reg=","
                      ecep:spe=",">,</pc>
                  <c> </c>
                  <w xmlns:ecep="http://www.eighteenthcenturypoetry.org/ns"
                     xml:id="o5157-533530"
                     n="243-a-1130"
                     ecep:lem="which"
                     ecep:pos="r-crq"
                     ecep:reg="which"
                     ecep:spe="which"
                     ecep:syllab="1"
                     ecep:pron="wɪtʃ">which</w>
                  <c> </c>
                  <w xmlns:ecep="http://www.eighteenthcenturypoetry.org/ns"
                     xml:id="o5157-533540"
                     n="243-a-1140"
                     ecep:lem="chlorinda"
                     ecep:pos="np1"
                     ecep:reg="Chlorinda"
                     ecep:spe="Chlorinda"
                     ecep:syllab="3"
                     ecep:pron="klɔːrˈɪndə">Chlorinda</w>
                  <c> </c>
                  <w xmlns:ecep="http://www.eighteenthcenturypoetry.org/ns"
                     xml:id="o5157-533550"
                     n="243-a-1150"
                     ecep:lem="show"
                     ecep:pos="vvz"
                     ecep:reg="shows"
                     ecep:spe="shews"
                     ecep:syllab="1"
                     ecep:pron="ʃəʊz">shews</w>
                  <pc xmlns:ecep="http://www.eighteenthcenturypoetry.org/ns"
                      xml:id="o5157-533560"
                      n="243-a-1160"
                      ecep:lem=","
                      ecep:pos=","
                      ecep:reg=","
                      ecep:spe=",">,</pc>
               </l>
               <l xml:id="o5157-l29010">
                  <w xmlns:ecep="http://www.eighteenthcenturypoetry.org/ns"
                     xml:id="o5157-533570"
                     n="243-a-1170"
                     ecep:lem="from"
                     ecep:pos="p-acp"
                     ecep:reg="From"
                     ecep:spe="From"
                     ecep:syllab="1"
                     ecep:pron="frɒm">From</w>
                  <c> </c>
                  <w xmlns:ecep="http://www.eighteenthcenturypoetry.org/ns"
                     xml:id="o5157-533580"
                     n="243-a-1180"
                     ecep:lem="mildness"
                     ecep:pos="n1"
                     ecep:reg="mildness"
                     ecep:spe="mildness"
                     ecep:syllab="2"
                     ecep:pron="maɪldnəs">mildness</w>
                  <c> </c>
                  <w xmlns:ecep="http://www.eighteenthcenturypoetry.org/ns"
                     xml:id="o5157-533590"
                     n="243-a-1190"
                     ecep:lem="and"
                     ecep:pos="cc"
                     ecep:reg="and"
                     ecep:spe="and"
                     ecep:syllab="1"
                     ecep:pron="ænd">and</w>
                  <c> </c>
                  <w xmlns:ecep="http://www.eighteenthcenturypoetry.org/ns"
                     xml:id="o5157-533600"
                     n="243-a-1200"
                     ecep:lem="good"
                     ecep:pos="j"
                     ecep:reg="good"
                     ecep:spe="good"
                     ecep:syllab="1"
                     ecep:pron="gʊd">good</w>
                  <c> </c>
                  <w xmlns:ecep="http://www.eighteenthcenturypoetry.org/ns"
                     xml:id="o5157-533610"
                     n="243-a-1210"
                     ecep:lem="breed"
                     ecep:pos="n-vvg"
                     ecep:reg="breeding"
                     ecep:spe="breeding"
                     ecep:syllab="2"
                     ecep:pron="briːdɪŋ">breeding</w>
                  <c> </c>
                  <w xmlns:ecep="http://www.eighteenthcenturypoetry.org/ns"
                     xml:id="o5157-533620"
                     n="243-a-1220"
                     ecep:lem="flow"
                     ecep:pos="vvz"
                     ecep:reg="flows"
                     ecep:spe="flows"
                     ecep:syllab="1"
                     ecep:pron="fləʊz">flows</w>
                  <pc xmlns:ecep="http://www.eighteenthcenturypoetry.org/ns"
                      xml:id="o5157-533630"
                      n="243-a-1230"
                      ecep:lem=","
                      ecep:pos=","
                      ecep:reg=","
                      ecep:spe=",">,</pc>
               </l>
               <l xml:id="o5157-l29015">
                  <w xmlns:ecep="http://www.eighteenthcenturypoetry.org/ns"
                     xml:id="o5157-533640"
                     n="243-a-1240"
                     ecep:lem="but"
                     ecep:pos="cc-acp"
                     ecep:reg="But"
                     ecep:spe="But"
                     ecep:syllab="1"
                     ecep:pron="bʌt">But</w>
                  <c> </c>
                  <w xmlns:ecep="http://www.eighteenthcenturypoetry.org/ns"
                     xml:id="o5157-533650"
                     n="243-a-1250"
                     ecep:lem="must"
                     ecep:pos="vmb"
                     ecep:reg="must"
                     ecep:spe="must"
                     ecep:syllab="1"
                     ecep:pron="mʌst">must</w>
                  <c> </c>
                  <w xmlns:ecep="http://www.eighteenthcenturypoetry.org/ns"
                     xml:id="o5157-533660"
                     n="243-a-1260"
                     ecep:lem="not"
                     ecep:pos="xx"
                     ecep:reg="not"
                     ecep:spe="not"
                     ecep:syllab="1"
                     ecep:pron="nɒt">not</w>
                  <c> </c>
                  <w xmlns:ecep="http://www.eighteenthcenturypoetry.org/ns"
                     xml:id="o5157-533670"
                     n="243-a-1270"
                     ecep:lem="love"
                     ecep:pos="vvi"
                     ecep:reg="love"
                     ecep:spe="love"
                     ecep:syllab="1"
                     ecep:pron="lʌv">love</w>
                  <c> </c>
                  <w xmlns:ecep="http://www.eighteenthcenturypoetry.org/ns"
                     xml:id="o5157-533680"
                     n="243-a-1280"
                     ecep:lem="be"
                     ecep:pos="vbi"
                     ecep:reg="be"
                     ecep:spe="be"
                     ecep:syllab="1"
                     ecep:pron="biː">be</w>
                  <c> </c>
                  <w xmlns:ecep="http://www.eighteenthcenturypoetry.org/ns"
                     xml:id="o5157-533690"
                     n="243-a-1290"
                     ecep:lem="style"
                     ecep:pos="vvn"
                     ecep:reg="stiled"
                     ecep:spe="stil'd"
                     ecep:syllab="1"
                     ecep:pron="stˈɪld">stil'd</w>
                  <pc xmlns:ecep="http://www.eighteenthcenturypoetry.org/ns"
                      xml:id="o5157-533700"
                      n="243-a-1300"
                      ecep:lem=":"
                      ecep:pos=":"
                      ecep:reg=":"
                      ecep:spe=":">:</pc>
               </l>
               <l xml:id="o5157-l29020">
                  <w xmlns:ecep="http://www.eighteenthcenturypoetry.org/ns"
                     xml:id="o5157-533710"
                     n="243-a-1310"
                     ecep:lem="or"
                     ecep:pos="cc"
                     ecep:reg="Or"
                     ecep:spe="Or"
                     ecep:syllab="1"
                     ecep:pron="ɔː">Or</w>
                  <c> </c>
                  <w xmlns:ecep="http://www.eighteenthcenturypoetry.org/ns"
                     xml:id="o5157-533720"
                     n="243-a-1320"
                     ecep:lem="else"
                     ecep:pos="av"
                     ecep:reg="else"
                     ecep:spe="else"
                     ecep:syllab="1"
                     ecep:pron="els">else</w>
                  <c> </c>
                  <w xmlns:ecep="http://www.eighteenthcenturypoetry.org/ns"
                     xml:id="o5157-533730"
                     n="243-a-1330"
                     ecep:lem="it|be"
                     ecep:pos="pn31|vbz"
                     ecep:reg="it's"
                     ecep:spe="'tis"
                     ecep:syllab="1"
                     ecep:pron="tɪz">'tis</w>
                  <c> </c>
                  <w xmlns:ecep="http://www.eighteenthcenturypoetry.org/ns"
                     xml:id="o5157-533740"
                     n="243-a-1340"
                     ecep:lem="such"
                     ecep:pos="d"
                     ecep:reg="such"
                     ecep:spe="such"
                     ecep:syllab="1"
                     ecep:pron="sʌtʃ">such</w>
                  <c> </c>
                  <w xmlns:ecep="http://www.eighteenthcenturypoetry.org/ns"
                     xml:id="o5157-533750"
                     n="243-a-1350"
                     ecep:lem="as"
                     ecep:pos="c-acp"
                     ecep:reg="as"
                     ecep:spe="as"
                     ecep:syllab="1"
                     ecep:pron="æz">as</w>
                  <c> </c>
                  <w xmlns:ecep="http://www.eighteenthcenturypoetry.org/ns"
                     xml:id="o5157-533760"
                     n="243-a-1360"
                     ecep:lem="mother"
                     ecep:pos="n2"
                     ecep:reg="mothers"
                     ecep:spe="mothers"
                     ecep:syllab="2"
                     ecep:pron="ˈmʌðəz">mothers</w>
                  <c> </c>
                  <w xmlns:ecep="http://www.eighteenthcenturypoetry.org/ns"
                     xml:id="o5157-533770"
                     n="243-a-1370"
                     ecep:lem="try"
                     ecep:pos="vvb"
                     ecep:reg="try"
                     ecep:spe="try"
                     ecep:syllab="1"
                     ecep:pron="traɪ">try</w>
                  <pc xmlns:ecep="http://www.eighteenthcenturypoetry.org/ns"
                      xml:id="o5157-533780"
                      n="243-a-1380"
                      ecep:lem=","
                      ecep:pos=","
                      ecep:reg=","
                      ecep:spe=",">,</pc>
               </l>
               <l xml:id="o5157-l29025">
                  <w xmlns:ecep="http://www.eighteenthcenturypoetry.org/ns"
                     xml:id="o5157-533790"
                     n="243-a-1390"
                     ecep:lem="when"
                     ecep:pos="c-crq"
                     ecep:reg="When"
                     ecep:spe="When"
                     ecep:syllab="1"
                     ecep:pron="wen">When</w>
                  <c> </c>
                  <w xmlns:ecep="http://www.eighteenthcenturypoetry.org/ns"
                     xml:id="o5157-533800"
                     n="243-a-1400"
                     ecep:lem="weary"
                     ecep:pos="vvn"
                     ecep:reg="wearied"
                     ecep:spe="wearied"
                     ecep:syllab="2"
                     ecep:pron="ˈwɪərid">wearied</w>
                  <c> </c>
                  <w xmlns:ecep="http://www.eighteenthcenturypoetry.org/ns"
                     xml:id="o5157-533810"
                     n="243-a-1410"
                     ecep:lem="with"
                     ecep:pos="p-acp"
                     ecep:reg="with"
                     ecep:spe="with"
                     ecep:syllab="1"
                     ecep:pron="wɪð">with</w>
                  <c> </c>
                  <w xmlns:ecep="http://www.eighteenthcenturypoetry.org/ns"
                     xml:id="o5157-533820"
                     n="243-a-1420"
                     ecep:lem="incessant"
                     ecep:pos="j"
                     ecep:reg="incessant"
                     ecep:spe="incessant"
                     ecep:syllab="3"
                     ecep:pron="ɪnˈsesnt">incessant</w>
                  <c> </c>
                  <w xmlns:ecep="http://www.eighteenthcenturypoetry.org/ns"
                     xml:id="o5157-533830"
                     n="243-a-1430"
                     ecep:lem="cry"
                     ecep:pos="n1"
                     ecep:reg="cry"
                     ecep:spe="cry"
                     ecep:syllab="1"
                     ecep:pron="kraɪ">cry</w>
                  <pc xmlns:ecep="http://www.eighteenthcenturypoetry.org/ns"
                      xml:id="o5157-533840"
                      n="243-a-1440"
                      ecep:lem=","
                      ecep:pos=","
                      ecep:reg=","
                      ecep:spe=",">,</pc>
               </l>
               <l xml:id="o5157-l29030">
                  <w xmlns:ecep="http://www.eighteenthcenturypoetry.org/ns"
                     xml:id="o5157-533850"
                     n="243-a-1450"
                     ecep:lem="they"
                     ecep:pos="pns32"
                     ecep:reg="They"
                     ecep:spe="They"
                     ecep:syllab="1"
                     ecep:pron="ðeɪ">They</w>
                  <c> </c>
                  <w xmlns:ecep="http://www.eighteenthcenturypoetry.org/ns"
                     xml:id="o5157-533860"
                     n="243-a-1460"
                     ecep:lem="still"
                     ecep:pos="av"
                     ecep:reg="still"
                     ecep:spe="still"
                     ecep:syllab="1"
                     ecep:pron="stɪl">still</w>
                  <c> </c>
                  <w xmlns:ecep="http://www.eighteenthcenturypoetry.org/ns"
                     xml:id="o5157-533870"
                     n="243-a-1470"
                     ecep:lem="a"
                     ecep:pos="dt"
                     ecep:reg="a"
                     ecep:spe="a"
                     ecep:syllab="1"
                     ecep:pron="ə">a</w>
                  <c> </c>
                  <w xmlns:ecep="http://www.eighteenthcenturypoetry.org/ns"
                     xml:id="o5157-533880"
                     n="243-a-1480"
                     ecep:lem="froward"
                     ecep:pos="j"
                     ecep:reg="froward"
                     ecep:spe="froward"
                     ecep:syllab="2"
                     ecep:pron="ˈfrəʊəd">froward</w>
                  <c> </c>
                  <w xmlns:ecep="http://www.eighteenthcenturypoetry.org/ns"
                     xml:id="o5157-533890"
                     n="243-a-1490"
                     ecep:lem="child"
                     ecep:pos="n1"
                     ecep:reg="child"
                     ecep:spe="child"
                     ecep:syllab="1"
                     ecep:pron="tʃaɪld">child</w>
                  <pc xmlns:ecep="http://www.eighteenthcenturypoetry.org/ns"
                      xml:id="o5157-533900"
                      n="243-a-1500"
                      unit="sentence"
                      ecep:lem="."
                      ecep:pos="."
                      ecep:reg="."
                      ecep:spe=".">.</pc>
               </l>
            </lg>
            <lg xml:id="o5157-s02750">
               <l xml:id="o5157-l29035">
                  <w xmlns:ecep="http://www.eighteenthcenturypoetry.org/ns"
                     xml:id="o5157-533930"
                     n="243-a-1510"
                     ecep:lem="she"
                     ecep:pos="pns31"
                     ecep:reg="She"
                     ecep:spe="She"
                     ecep:syllab="1"
                     ecep:pron="ʃiː">She</w>
                  <c> </c>
                  <w xmlns:ecep="http://www.eighteenthcenturypoetry.org/ns"
                     xml:id="o5157-533940"
                     n="243-a-1520"
                     ecep:lem="with"
                     ecep:pos="p-acp"
                     ecep:reg="with"
                     ecep:spe="with"
                     ecep:syllab="1"
                     ecep:pron="wɪð">with</w>
                  <c> </c>
                  <w xmlns:ecep="http://www.eighteenthcenturypoetry.org/ns"
                     xml:id="o5157-533950"
                     n="243-a-1530"
                     ecep:lem="a"
                     ecep:pos="dt"
                     ecep:reg="a"
                     ecep:spe="a"
                     ecep:syllab="1"
                     ecep:pron="ə">a</w>
                  <c> </c>
                  <w xmlns:ecep="http://www.eighteenthcenturypoetry.org/ns"
                     xml:id="o5157-533960"
                     n="243-a-1540"
                     ecep:lem="graceful"
                     ecep:pos="j"
                     ecep:reg="graceful"
                     ecep:spe="graceful"
                     ecep:syllab="2"
                     ecep:pron="ˈgreɪsfl">graceful</w>
                  <c> </c>
                  <w xmlns:ecep="http://www.eighteenthcenturypoetry.org/ns"
                     xml:id="o5157-533970"
                     n="243-a-1550"
                     ecep:lem="mien"
                     ecep:pos="n1"
                     ecep:reg="mien"
                     ecep:spe="mien"
                     ecep:syllab="1"
                     ecep:pron="miːn">mien</w>
                  <c> </c>
                  <w xmlns:ecep="http://www.eighteenthcenturypoetry.org/ns"
                     xml:id="o5157-533980"
                     n="243-a-1560"
                     ecep:lem="and"
                     ecep:pos="cc"
                     ecep:reg="and"
                     ecep:spe="and"
                     ecep:syllab="1"
                     ecep:pron="ænd">and</w>
                  <c> </c>
                  <w xmlns:ecep="http://www.eighteenthcenturypoetry.org/ns"
                     xml:id="o5157-533990"
                     n="243-a-1570"
                     ecep:lem="air"
                     ecep:pos="n1"
                     ecep:reg="air"
                     ecep:spe="air"
                     ecep:syllab="1"
                     ecep:pron="eə">air</w>
                  <pc xmlns:ecep="http://www.eighteenthcenturypoetry.org/ns"
                      xml:id="o5157-534000"
                      n="243-a-1580"
                      ecep:lem=","
                      ecep:pos=","
                      ecep:reg=","
                      ecep:spe=",">,</pc>
               </l>
               <l xml:id="o5157-l29040">
                  <w xmlns:ecep="http://www.eighteenthcenturypoetry.org/ns"
                     xml:id="o5157-534010"
                     n="243-a-1590"
                     ecep:lem="gent"
                     ecep:pos="av-jn"
                     ecep:reg="Gently"
                     ecep:spe="Genteely"
                     ecep:syllab="2"
                     ecep:pron="dʒˈentiːli">Genteely</w>
                  <c> </c>
                  <w xmlns:ecep="http://www.eighteenthcenturypoetry.org/ns"
                     xml:id="o5157-534020"
                     n="243-a-1600"
                     ecep:lem="civil"
                     ecep:pos="j"
                     ecep:reg="civil"
                     ecep:spe="civil"
                     ecep:syllab="2"
                     ecep:pron="ˈsɪvl">civil</w>
                  <pc xmlns:ecep="http://www.eighteenthcenturypoetry.org/ns"
                      xml:id="o5157-534030"
                      n="243-a-1610"
                      ecep:lem=","
                      ecep:pos=","
                      ecep:reg=","
                      ecep:spe=",">,</pc>
                  <c> </c>
                  <w xmlns:ecep="http://www.eighteenthcenturypoetry.org/ns"
                     xml:id="o5157-534040"
                     n="243-a-1620"
                     ecep:lem="yet"
                     ecep:pos="av"
                     ecep:reg="yet"
                     ecep:spe="yet"
                     ecep:syllab="1"
                     ecep:pron="jet">yet</w>
                  <c> </c>
                  <w xmlns:ecep="http://www.eighteenthcenturypoetry.org/ns"
                     xml:id="o5157-534050"
                     n="243-a-1630"
                     ecep:lem="severe"
                     ecep:pos="j"
                     ecep:reg="severe"
                     ecep:spe="severe"
                     ecep:syllab="2"
                     ecep:pron="sɪˈvɪə">severe</w>
                  <pc xmlns:ecep="http://www.eighteenthcenturypoetry.org/ns"
                      xml:id="o5157-534060"
                      n="243-a-1640"
                      ecep:lem=","
                      ecep:pos=","
                      ecep:reg=","
                      ecep:spe=",">,</pc>
               </l>
               <l xml:id="o5157-l29045">
                  <w xmlns:ecep="http://www.eighteenthcenturypoetry.org/ns"
                     xml:id="o5157-534070"
                     n="243-a-1650"
                     ecep:lem="bid"
                     ecep:pos="vvz"
                     ecep:reg="Bids"
                     ecep:spe="Bids"
                     ecep:syllab="1"
                     ecep:pron="bɪdz">Bids</w>
                  <c> </c>
                  <w xmlns:ecep="http://www.eighteenthcenturypoetry.org/ns"
                     xml:id="o5157-534080"
                     n="243-a-1660"
                     ecep:lem="thou"
                     ecep:pos="pno21"
                     ecep:reg="thee"
                     ecep:spe="thee"
                     ecep:syllab="1"
                     ecep:pron="ðiː">thee</w>
                  <c> </c>
                  <w xmlns:ecep="http://www.eighteenthcenturypoetry.org/ns"
                     xml:id="o5157-534090"
                     n="243-a-1670"
                     ecep:lem="all"
                     ecep:pos="d"
                     ecep:reg="all"
                     ecep:spe="all"
                     ecep:syllab="1"
                     ecep:pron="ɔːl">all</w>
                  <c> </c>
                  <w xmlns:ecep="http://www.eighteenthcenturypoetry.org/ns"
                     xml:id="o5157-534100"
                     n="243-a-1680"
                     ecep:lem="hope"
                     ecep:pos="n2"
                     ecep:reg="hopes"
                     ecep:spe="hopes"
                     ecep:syllab="1"
                     ecep:pron="həʊps">hopes</w>
                  <c> </c>
                  <w xmlns:ecep="http://www.eighteenthcenturypoetry.org/ns"
                     xml:id="o5157-534110"
                     n="243-a-1690"
                     ecep:lem="give"
                     ecep:pos="vvb"
                     ecep:reg="give"
                     ecep:spe="give"
                     ecep:syllab="1"
                     ecep:pron="gɪv">give</w>
                  <c> </c>
                  <w xmlns:ecep="http://www.eighteenthcenturypoetry.org/ns"
                     xml:id="o5157-534120"
                     n="243-a-1700"
                     ecep:lem="over"
                     ecep:pos="a-acp"
                     ecep:reg="over"
                     ecep:spe="o'er"
                     ecep:syllab="1"
                     ecep:pron="ˈɔːə">o'er</w>
                  <pc xmlns:ecep="http://www.eighteenthcenturypoetry.org/ns"
                      xml:id="o5157-534130"
                      n="243-a-1710"
                      unit="sentence"
                      ecep:lem="."
                      ecep:pos="."
                      ecep:reg="."
                      ecep:spe=".">.</pc>
               </l>
               <l xml:id="o5157-l29050">
                  <w xmlns:ecep="http://www.eighteenthcenturypoetry.org/ns"
                     xml:id="o5157-534140"
                     n="243-a-1720"
                     ecep:lem="friendship"
                     ecep:pos="n1"
                     ecep:reg="Friendship"
                     ecep:spe="Friendship"
                     ecep:syllab="2"
                     ecep:pron="ˈfrenʃɪp">Friendship</w>
                  <c> </c>
                  <w xmlns:ecep="http://www.eighteenthcenturypoetry.org/ns"
                     xml:id="o5157-534150"
                     n="243-a-1730"
                     ecep:lem="she"
                     ecep:pos="pns31"
                     ecep:reg="she"
                     ecep:spe="she"
                     ecep:syllab="1"
                     ecep:pron="ʃiː">she</w>
                  <c> </c>
                  <w xmlns:ecep="http://www.eighteenthcenturypoetry.org/ns"
                     xml:id="o5157-534160"
                     n="243-a-1740"
                     ecep:lem="offer"
                     ecep:pos="vvz"
                     ecep:reg="offers"
                     ecep:spe="offers"
                     ecep:syllab="2"
                     ecep:pron="ˈɒfəz">offers</w>
                  <pc xmlns:ecep="http://www.eighteenthcenturypoetry.org/ns"
                      xml:id="o5157-534170"
                      n="243-a-1750"
                      ecep:lem=","
                      ecep:pos=","
                      ecep:reg=","
                      ecep:spe=",">,</pc>
                  <c> </c>
                  <w xmlns:ecep="http://www.eighteenthcenturypoetry.org/ns"
                     xml:id="o5157-534180"
                     n="243-a-1760"
                     ecep:lem="pure"
                     ecep:pos="j"
                     ecep:reg="pure"
                     ecep:spe="pure"
                     ecep:syllab="1"
                     ecep:pron="pjʊə">pure</w>
                  <c> </c>
                  <w xmlns:ecep="http://www.eighteenthcenturypoetry.org/ns"
                     xml:id="o5157-534190"
                     n="243-a-1770"
                     ecep:lem="and"
                     ecep:pos="cc"
                     ecep:reg="and"
                     ecep:spe="and"
                     ecep:syllab="1"
                     ecep:pron="ænd">and</w>
                  <c> </c>
                  <w xmlns:ecep="http://www.eighteenthcenturypoetry.org/ns"
                     xml:id="o5157-534200"
                     n="243-a-1780"
                     ecep:lem="free"
                     ecep:pos="j"
                     ecep:reg="free"
                     ecep:spe="free"
                     ecep:syllab="1"
                     ecep:pron="friː">free</w>
                  <pc xmlns:ecep="http://www.eighteenthcenturypoetry.org/ns"
                      xml:id="o5157-534210"
                      n="243-a-1790"
                      ecep:lem=";"
                      ecep:pos=";"
                      ecep:reg=";"
                      ecep:spe=";">;</pc>
               </l>
               <l xml:id="o5157-l29055">
                  <w xmlns:ecep="http://www.eighteenthcenturypoetry.org/ns"
                     xml:id="o5157-534220"
                     n="243-a-1800"
                     ecep:lem="and"
                     ecep:pos="cc"
                     ecep:reg="And"
                     ecep:spe="And"
                     ecep:syllab="1"
                     ecep:pron="ænd">And</w>
                  <c> </c>
                  <w xmlns:ecep="http://www.eighteenthcenturypoetry.org/ns"
                     xml:id="o5157-534230"
                     n="243-a-1810"
                     ecep:lem="who"
                     ecep:pos="r-crq"
                     ecep:reg="who"
                     ecep:spe="who"
                     ecep:syllab="1"
                     ecep:pron="huː">who</w>
                  <pc xmlns:ecep="http://www.eighteenthcenturypoetry.org/ns"
                      xml:id="o5157-534240"
                      n="243-a-1820"
                      ecep:lem=","
                      ecep:pos=","
                      ecep:reg=","
                      ecep:spe=",">,</pc>
                  <c> </c>
                  <w xmlns:ecep="http://www.eighteenthcenturypoetry.org/ns"
                     xml:id="o5157-534250"
                     n="243-a-1830"
                     ecep:lem="with"
                     ecep:pos="p-acp"
                     ecep:reg="with"
                     ecep:spe="with"
                     ecep:syllab="1"
                     ecep:pron="wɪð">with</w>
                  <c> </c>
                  <w xmlns:ecep="http://www.eighteenthcenturypoetry.org/ns"
                     xml:id="o5157-534260"
                     n="243-a-1840"
                     ecep:lem="such"
                     ecep:pos="d"
                     ecep:reg="such"
                     ecep:spe="such"
                     ecep:syllab="1"
                     ecep:pron="sʌtʃ">such</w>
                  <c> </c>
                  <w xmlns:ecep="http://www.eighteenthcenturypoetry.org/ns"
                     xml:id="o5157-534270"
                     n="243-a-1850"
                     ecep:lem="a"
                     ecep:pos="dt"
                     ecep:reg="a"
                     ecep:spe="a"
                     ecep:syllab="1"
                     ecep:pron="ə">a</w>
                  <c> </c>
                  <w xmlns:ecep="http://www.eighteenthcenturypoetry.org/ns"
                     xml:id="o5157-534280"
                     n="243-a-1860"
                     ecep:lem="friend"
                     ecep:pos="n1"
                     ecep:reg="friend"
                     ecep:spe="friend"
                     ecep:syllab="1"
                     ecep:pron="frend">friend</w>
                  <c> </c>
                  <w xmlns:ecep="http://www.eighteenthcenturypoetry.org/ns"
                     xml:id="o5157-534290"
                     n="243-a-1870"
                     ecep:lem="as"
                     ecep:pos="c-acp"
                     ecep:reg="as"
                     ecep:spe="as"
                     ecep:syllab="1"
                     ecep:pron="æz">as</w>
                  <c> </c>
                  <w xmlns:ecep="http://www.eighteenthcenturypoetry.org/ns"
                     xml:id="o5157-534300"
                     n="243-a-1880"
                     ecep:lem="she"
                     ecep:pos="pns31"
                     ecep:reg="she"
                     ecep:spe="she"
                     ecep:syllab="1"
                     ecep:pron="ʃiː">she</w>
                  <pc xmlns:ecep="http://www.eighteenthcenturypoetry.org/ns"
                      xml:id="o5157-534310"
                      n="243-a-1890"
                      ecep:lem=","
                      ecep:pos=","
                      ecep:reg=","
                      ecep:spe=",">,</pc>
               </l>
               <l xml:id="o5157-l29060">
                  <w xmlns:ecep="http://www.eighteenthcenturypoetry.org/ns"
                     xml:id="o5157-534320"
                     n="243-a-1900"
                     ecep:lem="can"
                     ecep:pos="vmd"
                     ecep:reg="Could"
                     ecep:spe="Cou'd"
                     ecep:syllab="1"
                     ecep:pron="kʊd">Cou'd</w>
                  <c> </c>
                  <w xmlns:ecep="http://www.eighteenthcenturypoetry.org/ns"
                     xml:id="o5157-534330"
                     n="243-a-1910"
                     ecep:lem="want"
                     ecep:pos="vvi"
                     ecep:reg="want"
                     ecep:spe="want"
                     ecep:syllab="1"
                     ecep:pron="wɒnt">want</w>
                  <pc xmlns:ecep="http://www.eighteenthcenturypoetry.org/ns"
                      xml:id="o5157-534340"
                      n="243-a-1920"
                      ecep:lem=","
                      ecep:pos=","
                      ecep:reg=","
                      ecep:spe=",">,</pc>
                  <c> </c>
                  <w xmlns:ecep="http://www.eighteenthcenturypoetry.org/ns"
                     xml:id="o5157-534350"
                     n="243-a-1930"
                     ecep:lem="or"
                     ecep:pos="cc"
                     ecep:reg="or"
                     ecep:spe="or"
                     ecep:syllab="1"
                     ecep:pron="ɔː">or</w>
                  <c> </c>
                  <w xmlns:ecep="http://www.eighteenthcenturypoetry.org/ns"
                     xml:id="o5157-534360"
                     n="243-a-1940"
                     ecep:lem="wish"
                     ecep:pos="vvb"
                     ecep:reg="wish"
                     ecep:spe="wish"
                     ecep:syllab="1"
                     ecep:pron="wɪʃ">wish</w>
                  <c> </c>
                  <w xmlns:ecep="http://www.eighteenthcenturypoetry.org/ns"
                     xml:id="o5157-534370"
                     n="243-a-1950"
                     ecep:lem="for"
                     ecep:pos="p-acp"
                     ecep:reg="for"
                     ecep:spe="for"
                     ecep:syllab="1"
                     ecep:pron="fɔː">for</w>
                  <c> </c>
                  <w xmlns:ecep="http://www.eighteenthcenturypoetry.org/ns"
                     xml:id="o5157-534380"
                     n="243-a-1960"
                     ecep:lem="more"
                     ecep:pos="dc"
                     ecep:reg="more"
                     ecep:spe="more"
                     ecep:syllab="1"
                     ecep:pron="mɔː">more</w>
                  <pc xmlns:ecep="http://www.eighteenthcenturypoetry.org/ns"
                      xml:id="o5157-534390"
                      n="243-a-1970"
                      unit="sentence"
                      ecep:lem="?"
                      ecep:pos="?"
                      ecep:reg="?"
                      ecep:spe="?">?</pc>
               </l>
            </lg>
            <pb facs="o5157/0247_L" n="242" rend="none"/>
            <lg xml:id="o5157-s02755">
               <l xml:id="o5157-l29065">
                  <w xmlns:ecep="http://www.eighteenthcenturypoetry.org/ns"
                     xml:id="o5157-534420"
                     n="244-a-0010"
                     ecep:lem="the"
                     ecep:pos="dt"
                     ecep:reg="The"
                     ecep:spe="The"
                     ecep:syllab="1"
                     ecep:pron="ðiː">The</w>
                  <c> </c>
                  <w xmlns:ecep="http://www.eighteenthcenturypoetry.org/ns"
                     xml:id="o5157-534430"
                     n="244-a-0020"
                     ecep:lem="cur"
                     ecep:pos="n1"
                     ecep:reg="cur"
                     ecep:spe="cur"
                     ecep:syllab="1"
                     ecep:pron="kɜː">cur</w>
                  <c> </c>
                  <w xmlns:ecep="http://www.eighteenthcenturypoetry.org/ns"
                     xml:id="o5157-534440"
                     n="244-a-0030"
                     ecep:lem="that"
                     ecep:pos="cst"
                     ecep:reg="that"
                     ecep:spe="that"
                     ecep:syllab="1"
                     ecep:pron="ðæt">that</w>
                  <c> </c>
                  <w xmlns:ecep="http://www.eighteenthcenturypoetry.org/ns"
                     xml:id="o5157-534450"
                     n="244-a-0040"
                     ecep:lem="swim"
                     ecep:pos="vvd"
                     ecep:reg="swam"
                     ecep:spe="swam"
                     ecep:syllab="1"
                     ecep:pron="swæm">swam</w>
                  <c> </c>
                  <w xmlns:ecep="http://www.eighteenthcenturypoetry.org/ns"
                     xml:id="o5157-534460"
                     n="244-a-0050"
                     ecep:lem="along"
                     ecep:pos="p-acp"
                     ecep:reg="along"
                     ecep:spe="along"
                     ecep:syllab="2"
                     ecep:pron="əˈlɒŋ">along</w>
                  <c> </c>
                  <w xmlns:ecep="http://www.eighteenthcenturypoetry.org/ns"
                     xml:id="o5157-534470"
                     n="244-a-0060"
                     ecep:lem="the"
                     ecep:pos="dt"
                     ecep:reg="the"
                     ecep:spe="the"
                     ecep:syllab="1"
                     ecep:pron="ðiː">the</w>
                  <c> </c>
                  <w xmlns:ecep="http://www.eighteenthcenturypoetry.org/ns"
                     xml:id="o5157-534480"
                     n="244-a-0070"
                     ecep:lem="flood"
                     ecep:pos="n1"
                     ecep:reg="flood"
                     ecep:spe="flood"
                     ecep:syllab="1"
                     ecep:pron="flʌd">flood</w>
                  <pc xmlns:ecep="http://www.eighteenthcenturypoetry.org/ns"
                      xml:id="o5157-534490"
                      n="244-a-0080"
                      ecep:lem=","
                      ecep:pos=","
                      ecep:reg=","
                      ecep:spe=",">,</pc>
               </l>
               <l xml:id="o5157-l29070">
                  <w xmlns:ecep="http://www.eighteenthcenturypoetry.org/ns"
                     xml:id="o5157-534500"
                     n="244-a-0090"
                     ecep:lem="his"
                     ecep:pos="po31"
                     ecep:reg="His"
                     ecep:spe="His"
                     ecep:syllab="1"
                     ecep:pron="hɪz">His</w>
                  <c> </c>
                  <w xmlns:ecep="http://www.eighteenthcenturypoetry.org/ns"
                     xml:id="o5157-534510"
                     n="244-a-0100"
                     ecep:lem="mouth"
                     ecep:pos="n1"
                     ecep:reg="mouth"
                     ecep:spe="mouth"
                     ecep:syllab="1"
                     ecep:pron="maʊθ">mouth</w>
                  <c> </c>
                  <w xmlns:ecep="http://www.eighteenthcenturypoetry.org/ns"
                     xml:id="o5157-534520"
                     n="244-a-0110"
                     ecep:lem="well"
                     ecep:pos="av"
                     ecep:reg="well"
                     ecep:spe="well"
                     ecep:syllab="1"
                     ecep:pron="wel">well</w>
                  <c> </c>
                  <w xmlns:ecep="http://www.eighteenthcenturypoetry.org/ns"
                     xml:id="o5157-534530"
                     n="244-a-0120"
                     ecep:lem="fill"
                     ecep:pos="vvn"
                     ecep:reg="filled"
                     ecep:spe="fill'd"
                     ecep:syllab="1"
                     ecep:pron="fɪld">fill'd</w>
                  <c> </c>
                  <w xmlns:ecep="http://www.eighteenthcenturypoetry.org/ns"
                     xml:id="o5157-534540"
                     n="244-a-0130"
                     ecep:lem="with"
                     ecep:pos="p-acp"
                     ecep:reg="with"
                     ecep:spe="with"
                     ecep:syllab="1"
                     ecep:pron="wɪð">with</w>
                  <c> </c>
                  <w xmlns:ecep="http://www.eighteenthcenturypoetry.org/ns"
                     xml:id="o5157-534550"
                     n="244-a-0140"
                     ecep:lem="morsel"
                     ecep:pos="n1"
                     ecep:reg="morsel"
                     ecep:spe="morsel"
                     ecep:syllab="2"
                     ecep:pron="ˈmɔːsl">morsel</w>
                  <c> </c>
                  <w xmlns:ecep="http://www.eighteenthcenturypoetry.org/ns"
                     xml:id="o5157-534560"
                     n="244-a-0150"
                     ecep:lem="good"
                     ecep:pos="j"
                     ecep:reg="good"
                     ecep:spe="good"
                     ecep:syllab="1"
                     ecep:pron="gʊd">good</w>
                  <pc xmlns:ecep="http://www.eighteenthcenturypoetry.org/ns"
                      xml:id="o5157-534570"
                      n="244-a-0160"
                      ecep:lem=","
                      ecep:pos=","
                      ecep:reg=","
                      ecep:spe=",">,</pc>
               </l>
               <l xml:id="o5157-l29075">
                  <pc xmlns:ecep="http://www.eighteenthcenturypoetry.org/ns"
                      xml:id="o5157-534580"
                      n="244-a-0170"
                      ecep:lem="("
                      ecep:pos="("
                      ecep:reg="("
                      ecep:spe="(">(</pc>
                  <w xmlns:ecep="http://www.eighteenthcenturypoetry.org/ns"
                     xml:id="o5157-534590"
                     n="244-a-0180"
                     ecep:lem="too"
                     ecep:pos="av"
                     ecep:reg="Too"
                     ecep:spe="Too"
                     ecep:syllab="1"
                     ecep:pron="tuː">Too</w>
                  <c> </c>
                  <w xmlns:ecep="http://www.eighteenthcenturypoetry.org/ns"
                     xml:id="o5157-534600"
                     n="244-a-0190"
                     ecep:lem="good"
                     ecep:pos="j"
                     ecep:reg="good"
                     ecep:spe="good"
                     ecep:syllab="1"
                     ecep:pron="gʊd">good</w>
                  <c> </c>
                  <w xmlns:ecep="http://www.eighteenthcenturypoetry.org/ns"
                     xml:id="o5157-534610"
                     n="244-a-0200"
                     ecep:lem="for"
                     ecep:pos="p-acp"
                     ecep:reg="for"
                     ecep:spe="for"
                     ecep:syllab="1"
                     ecep:pron="fɔː">for</w>
                  <c> </c>
                  <w xmlns:ecep="http://www.eighteenthcenturypoetry.org/ns"
                     xml:id="o5157-534620"
                     n="244-a-0210"
                     ecep:lem="common"
                     ecep:pos="j"
                     ecep:reg="common"
                     ecep:spe="common"
                     ecep:syllab="2"
                     ecep:pron="ˈkɒmən">common</w>
                  <c> </c>
                  <w xmlns:ecep="http://www.eighteenthcenturypoetry.org/ns"
                     xml:id="o5157-534630"
                     n="244-a-0220"
                     ecep:lem="cur"
                     ecep:pos="n1"
                     ecep:reg="cur"
                     ecep:spe="cur"
                     ecep:syllab="1"
                     ecep:pron="kɜː">cur</w>
                  <pc xmlns:ecep="http://www.eighteenthcenturypoetry.org/ns"
                      xml:id="o5157-534640"
                      n="244-a-0230"
                      ecep:lem="!"
                      ecep:pos="!"
                      ecep:reg="!"
                      ecep:spe="!">!</pc>
                  <pc xmlns:ecep="http://www.eighteenthcenturypoetry.org/ns"
                      xml:id="o5157-534650"
                      n="244-a-0240"
                      unit="sentence"
                      ecep:lem=")"
                      ecep:pos=")"
                      ecep:reg=")"
                      ecep:spe=")">)</pc>
               </l>
               <l xml:id="o5157-l29080">
                  <w xmlns:ecep="http://www.eighteenthcenturypoetry.org/ns"
                     xml:id="o5157-534660"
                     n="244-a-0250"
                     ecep:lem="by"
                     ecep:pos="p-acp"
                     ecep:reg="By"
                     ecep:spe="By"
                     ecep:syllab="1"
                     ecep:pron="baɪ">By</w>
                  <c> </c>
                  <w xmlns:ecep="http://www.eighteenthcenturypoetry.org/ns"
                     xml:id="o5157-534670"
                     n="244-a-0260"
                     ecep:lem="visionary"
                     ecep:pos="j"
                     ecep:reg="visionary"
                     ecep:spe="visionary"
                     ecep:syllab="4"
                     ecep:pron="ˈvɪʒnri">visionary</w>
                  <c> </c>
                  <w xmlns:ecep="http://www.eighteenthcenturypoetry.org/ns"
                     xml:id="o5157-534680"
                     n="244-a-0270"
                     ecep:lem="hope"
                     ecep:pos="n2"
                     ecep:reg="hopes"
                     ecep:spe="hopes"
                     ecep:syllab="1"
                     ecep:pron="həʊps">hopes</w>
                  <c> </c>
                  <w xmlns:ecep="http://www.eighteenthcenturypoetry.org/ns"
                     xml:id="o5157-534690"
                     n="244-a-0280"
                     ecep:lem="betray"
                     ecep:pos="vvn"
                     ecep:reg="betrayed"
                     ecep:spe="betray'd"
                     ecep:syllab="2"
                     ecep:pron="bɪˈtreɪd">betray'd</w>
                  <pc xmlns:ecep="http://www.eighteenthcenturypoetry.org/ns"
                      xml:id="o5157-534700"
                      n="244-a-0290"
                      ecep:lem=","
                      ecep:pos=","
                      ecep:reg=","
                      ecep:spe=",">,</pc>
               </l>
               <l xml:id="o5157-l29085">
                  <w xmlns:ecep="http://www.eighteenthcenturypoetry.org/ns"
                     xml:id="o5157-534710"
                     n="244-a-0300"
                     ecep:lem="gape"
                     ecep:pos="vvg"
                     ecep:reg="Gaping"
                     ecep:spe="Gaping"
                     ecep:syllab="2"
                     ecep:pron="geɪpɪŋ">Gaping</w>
                  <c> </c>
                  <w xmlns:ecep="http://www.eighteenthcenturypoetry.org/ns"
                     xml:id="o5157-534720"
                     n="244-a-0310"
                     ecep:lem="to"
                     ecep:pos="pc-acp"
                     ecep:reg="to"
                     ecep:spe="to"
                     ecep:syllab="1"
                     ecep:pron="tuː">to</w>
                  <c> </c>
                  <w xmlns:ecep="http://www.eighteenthcenturypoetry.org/ns"
                     xml:id="o5157-534730"
                     n="244-a-0320"
                     ecep:lem="catch"
                     ecep:pos="vvi"
                     ecep:reg="catch"
                     ecep:spe="catch"
                     ecep:syllab="1"
                     ecep:pron="kætʃ">catch</w>
                  <c> </c>
                  <w xmlns:ecep="http://www.eighteenthcenturypoetry.org/ns"
                     xml:id="o5157-534740"
                     n="244-a-0330"
                     ecep:lem="a"
                     ecep:pos="dt"
                     ecep:reg="a"
                     ecep:spe="a"
                     ecep:syllab="1"
                     ecep:pron="ə">a</w>
                  <c> </c>
                  <w xmlns:ecep="http://www.eighteenthcenturypoetry.org/ns"
                     xml:id="o5157-534750"
                     n="244-a-0340"
                     ecep:lem="fleet"
                     ecep:pos="j-vvg"
                     ecep:reg="fleeting"
                     ecep:spe="fleeting"
                     ecep:syllab="2"
                     ecep:pron="ˈfliːtɪŋ">fleeting</w>
                  <c> </c>
                  <w xmlns:ecep="http://www.eighteenthcenturypoetry.org/ns"
                     xml:id="o5157-534760"
                     n="244-a-0350"
                     ecep:lem="shade"
                     ecep:pos="n1"
                     ecep:reg="shade"
                     ecep:spe="shade"
                     ecep:syllab="1"
                     ecep:pron="ʃeɪd">shade</w>
                  <pc xmlns:ecep="http://www.eighteenthcenturypoetry.org/ns"
                      xml:id="o5157-534770"
                      n="244-a-0360"
                      ecep:lem=","
                      ecep:pos=","
                      ecep:reg=","
                      ecep:spe=",">,</pc>
               </l>
               <l xml:id="o5157-l29090">
                  <w xmlns:ecep="http://www.eighteenthcenturypoetry.org/ns"
                     xml:id="o5157-534780"
                     n="244-a-0370"
                     ecep:lem="lose"
                     ecep:pos="vvd"
                     ecep:reg="Lost"
                     ecep:spe="Lost"
                     ecep:syllab="1"
                     ecep:pron="lɒst">Lost</w>
                  <c> </c>
                  <w xmlns:ecep="http://www.eighteenthcenturypoetry.org/ns"
                     xml:id="o5157-534790"
                     n="244-a-0380"
                     ecep:lem="what"
                     ecep:pos="r-crq"
                     ecep:reg="what"
                     ecep:spe="what"
                     ecep:syllab="1"
                     ecep:pron="wɒt">what</w>
                  <c> </c>
                  <w xmlns:ecep="http://www.eighteenthcenturypoetry.org/ns"
                     xml:id="o5157-534800"
                     n="244-a-0390"
                     ecep:lem="he"
                     ecep:pos="pns31"
                     ecep:reg="he"
                     ecep:spe="he"
                     ecep:syllab="1"
                     ecep:pron="hiː">he</w>
                  <c> </c>
                  <w xmlns:ecep="http://www.eighteenthcenturypoetry.org/ns"
                     xml:id="o5157-534810"
                     n="244-a-0400"
                     ecep:lem="hold"
                     ecep:pos="vvd"
                     ecep:reg="held"
                     ecep:spe="held"
                     ecep:syllab="1"
                     ecep:pron="held">held</w>
                  <c> </c>
                  <w xmlns:ecep="http://www.eighteenthcenturypoetry.org/ns"
                     xml:id="o5157-534820"
                     n="244-a-0410"
                     ecep:lem="before"
                     ecep:pos="a-acp"
                     ecep:reg="before"
                     ecep:spe="before"
                     ecep:syllab="2"
                     ecep:pron="bɪˈfɔː">before</w>
                  <pc xmlns:ecep="http://www.eighteenthcenturypoetry.org/ns"
                      xml:id="o5157-534830"
                      n="244-a-0420"
                      unit="sentence"
                      ecep:lem="."
                      ecep:pos="."
                      ecep:reg="."
                      ecep:spe=".">.</pc>
               </l>
            </lg>
            <lg xml:id="o5157-s02760">
               <l xml:id="o5157-l29095">
                  <w xmlns:ecep="http://www.eighteenthcenturypoetry.org/ns"
                     xml:id="o5157-534860"
                     n="244-a-0430"
                     ecep:lem="Mark"
                     ecep:pos="np1"
                     ecep:reg="Mark"
                     ecep:spe="Mark"
                     ecep:syllab="1"
                     ecep:pron="mɑːk">Mark</w>
                  <pc xmlns:ecep="http://www.eighteenthcenturypoetry.org/ns"
                      xml:id="o5157-534870"
                      n="244-a-0440"
                      ecep:lem=","
                      ecep:pos=","
                      ecep:reg=","
                      ecep:spe=",">,</pc>
                  <c> </c>
                  <w xmlns:ecep="http://www.eighteenthcenturypoetry.org/ns"
                     xml:id="o5157-534880"
                     n="244-a-0450"
                     ecep:lem="Strephon"
                     ecep:pos="np1"
                     ecep:reg="Strephon"
                     ecep:spe="Strephon"
                     ecep:syllab="2"
                     ecep:pron="strˈefɒn">Strephon</w>
                  <pc xmlns:ecep="http://www.eighteenthcenturypoetry.org/ns"
                      xml:id="o5157-534890"
                      n="244-a-0460"
                      ecep:lem=","
                      ecep:pos=","
                      ecep:reg=","
                      ecep:spe=",">,</pc>
                  <c> </c>
                  <w xmlns:ecep="http://www.eighteenthcenturypoetry.org/ns"
                     xml:id="o5157-534900"
                     n="244-a-0470"
                     ecep:lem="and"
                     ecep:pos="cc"
                     ecep:reg="and"
                     ecep:spe="and"
                     ecep:syllab="1"
                     ecep:pron="ænd">and</w>
                  <c> </c>
                  <w xmlns:ecep="http://www.eighteenthcenturypoetry.org/ns"
                     xml:id="o5157-534910"
                     n="244-a-0480"
                     ecep:lem="apply"
                     ecep:pos="vvi"
                     ecep:reg="apply"
                     ecep:spe="apply"
                     ecep:syllab="2"
                     ecep:pron="əˈplaɪ">apply</w>
                  <c> </c>
                  <w xmlns:ecep="http://www.eighteenthcenturypoetry.org/ns"
                     xml:id="o5157-534920"
                     n="244-a-0490"
                     ecep:lem="this"
                     ecep:pos="d"
                     ecep:reg="this"
                     ecep:spe="this"
                     ecep:syllab="1"
                     ecep:pron="ðɪs">this</w>
                  <c> </c>
                  <w xmlns:ecep="http://www.eighteenthcenturypoetry.org/ns"
                     xml:id="o5157-534930"
                     n="244-a-0500"
                     ecep:lem="tale"
                     ecep:pos="n1"
                     ecep:reg="tale"
                     ecep:spe="tale"
                     ecep:syllab="1"
                     ecep:pron="teɪl">tale</w>
                  <pc xmlns:ecep="http://www.eighteenthcenturypoetry.org/ns"
                      xml:id="o5157-534940"
                      n="244-a-0510"
                      ecep:lem=","
                      ecep:pos=","
                      ecep:reg=","
                      ecep:spe=",">,</pc>
               </l>
               <l xml:id="o5157-l29100">
                  <w xmlns:ecep="http://www.eighteenthcenturypoetry.org/ns"
                     xml:id="o5157-534950"
                     n="244-a-0520"
                     ecep:lem="lest"
                     ecep:pos="cs"
                     ecep:reg="Lest"
                     ecep:spe="Lest"
                     ecep:syllab="1"
                     ecep:pron="lest">Lest</w>
                  <c> </c>
                  <w xmlns:ecep="http://www.eighteenthcenturypoetry.org/ns"
                     xml:id="o5157-534960"
                     n="244-a-0530"
                     ecep:lem="love"
                     ecep:pos="n1"
                     ecep:reg="love"
                     ecep:spe="love"
                     ecep:syllab="1"
                     ecep:pron="lʌv">love</w>
                  <c> </c>
                  <w xmlns:ecep="http://www.eighteenthcenturypoetry.org/ns"
                     xml:id="o5157-534970"
                     n="244-a-0540"
                     ecep:lem="and"
                     ecep:pos="cc"
                     ecep:reg="and"
                     ecep:spe="and"
                     ecep:syllab="1"
                     ecep:pron="ænd">and</w>
                  <c> </c>
                  <w xmlns:ecep="http://www.eighteenthcenturypoetry.org/ns"
                     xml:id="o5157-534980"
                     n="244-a-0550"
                     ecep:lem="friendship"
                     ecep:pos="n1"
                     ecep:reg="friendship"
                     ecep:spe="friendship"
                     ecep:syllab="2"
                     ecep:pron="ˈfrenʃɪp">friendship</w>
                  <c> </c>
                  <w xmlns:ecep="http://www.eighteenthcenturypoetry.org/ns"
                     xml:id="o5157-534990"
                     n="244-a-0560"
                     ecep:lem="both"
                     ecep:pos="d"
                     ecep:reg="both"
                     ecep:spe="both"
                     ecep:syllab="1"
                     ecep:pron="bəʊθ">both</w>
                  <c> </c>
                  <w xmlns:ecep="http://www.eighteenthcenturypoetry.org/ns"
                     xml:id="o5157-535000"
                     n="244-a-0570"
                     ecep:lem="shall"
                     ecep:pos="vmd"
                     ecep:reg="should"
                     ecep:spe="should"
                     ecep:syllab="1"
                     ecep:pron="ʃʊd">should</w>
                  <c> </c>
                  <w xmlns:ecep="http://www.eighteenthcenturypoetry.org/ns"
                     xml:id="o5157-535010"
                     n="244-a-0580"
                     ecep:lem="fail"
                     ecep:pos="vvi"
                     ecep:reg="fail"
                     ecep:spe="fail"
                     ecep:syllab="1"
                     ecep:pron="feɪl">fail</w>
                  <pc xmlns:ecep="http://www.eighteenthcenturypoetry.org/ns"
                      xml:id="o5157-535020"
                      n="244-a-0590"
                      ecep:lem=";"
                      ecep:pos=";"
                      ecep:reg=";"
                      ecep:spe=";">;</pc>
               </l>
               <l xml:id="o5157-l29105">
                  <w xmlns:ecep="http://www.eighteenthcenturypoetry.org/ns"
                     xml:id="o5157-535030"
                     n="244-a-0600"
                     ecep:lem="where"
                     ecep:pos="q-crq"
                     ecep:reg="Where"
                     ecep:spe="Where"
                     ecep:syllab="1"
                     ecep:pron="weə">Where</w>
                  <c> </c>
                  <w xmlns:ecep="http://www.eighteenthcenturypoetry.org/ns"
                     xml:id="o5157-535040"
                     n="244-a-0610"
                     ecep:lem="then"
                     ecep:pos="av"
                     ecep:reg="then"
                     ecep:spe="then"
                     ecep:syllab="1"
                     ecep:pron="ðen">then</w>
                  <c> </c>
                  <w xmlns:ecep="http://www.eighteenthcenturypoetry.org/ns"
                     xml:id="o5157-535050"
                     n="244-a-0620"
                     ecep:lem="will"
                     ecep:pos="vmd"
                     ecep:reg="would"
                     ecep:spe="wou'd"
                     ecep:syllab="1"
                     ecep:pron="wʊd">wou'd</w>
                  <c> </c>
                  <w xmlns:ecep="http://www.eighteenthcenturypoetry.org/ns"
                     xml:id="o5157-535060"
                     n="244-a-0630"
                     ecep:lem="be"
                     ecep:pos="vbi"
                     ecep:reg="be"
                     ecep:spe="be"
                     ecep:syllab="1"
                     ecep:pron="biː">be</w>
                  <c> </c>
                  <w xmlns:ecep="http://www.eighteenthcenturypoetry.org/ns"
                     xml:id="o5157-535070"
                     n="244-a-0640"
                     ecep:lem="thy"
                     ecep:pos="po21"
                     ecep:reg="thy"
                     ecep:spe="thy"
                     ecep:syllab="1"
                     ecep:pron="ðaɪ">thy</w>
                  <c> </c>
                  <w xmlns:ecep="http://www.eighteenthcenturypoetry.org/ns"
                     xml:id="o5157-535080"
                     n="244-a-0650"
                     ecep:lem="hope"
                     ecep:pos="n1"
                     ecep:reg="hope"
                     ecep:spe="hope"
                     ecep:syllab="1"
                     ecep:pron="həʊp">hope</w>
                  <pc xmlns:ecep="http://www.eighteenthcenturypoetry.org/ns"
                      xml:id="o5157-535090"
                      n="244-a-0660"
                      unit="sentence"
                      ecep:lem="?"
                      ecep:pos="?"
                      ecep:reg="?"
                      ecep:spe="?">?</pc>
               </l>
               <l xml:id="o5157-l29110">
                  <w xmlns:ecep="http://www.eighteenthcenturypoetry.org/ns"
                     xml:id="o5157-535100"
                     n="244-a-0670"
                     ecep:lem="of"
                     ecep:pos="pns11"
                     ecep:reg="Of"
                     ecep:spe="Of"
                     ecep:syllab="1"
                     ecep:pron="ɒv">Of</w>
                  <c> </c>
                  <w xmlns:ecep="http://www.eighteenthcenturypoetry.org/ns"
                     xml:id="o5157-535110"
                     n="244-a-0680"
                     ecep:lem="hope"
                     ecep:pos="vvb"
                     ecep:reg="hope"
                     ecep:spe="hope"
                     ecep:syllab="1"
                     ecep:pron="həʊp">hope</w>
                  <pc xmlns:ecep="http://www.eighteenthcenturypoetry.org/ns"
                      xml:id="o5157-535120"
                      n="244-a-0690"
                      ecep:lem=","
                      ecep:pos=","
                      ecep:reg=","
                      ecep:spe=",">,</pc>
                  <c> </c>
                  <w xmlns:ecep="http://www.eighteenthcenturypoetry.org/ns"
                     xml:id="o5157-535130"
                     n="244-a-0700"
                     ecep:lem="quoth"
                     ecep:pos="vvd"
                     ecep:reg="quoth"
                     ecep:spe="quoth"
                     ecep:syllab="1"
                     ecep:pron="kwəʊθ">quoth</w>
                  <c> </c>
                  <w xmlns:ecep="http://www.eighteenthcenturypoetry.org/ns"
                     xml:id="o5157-535140"
                     n="244-a-0710"
                     ecep:lem="Strephon"
                     ecep:pos="np1"
                     ecep:reg="Strephon"
                     ecep:spe="Strephon"
                     ecep:syllab="2"
                     ecep:pron="strˈefɒn">Strephon</w>
                  <pc xmlns:ecep="http://www.eighteenthcenturypoetry.org/ns"
                      xml:id="o5157-535150"
                      n="244-a-0720"
                      ecep:lem=","
                      ecep:pos=","
                      ecep:reg=","
                      ecep:spe=",">,</pc>
                  <c> </c>
                  <w xmlns:ecep="http://www.eighteenthcenturypoetry.org/ns"
                     xml:id="o5157-535160"
                     n="244-a-0730"
                     ecep:lem="talk"
                     ecep:pos="vvb"
                     ecep:reg="talk"
                     ecep:spe="talk"
                     ecep:syllab="1"
                     ecep:pron="tɔːk">talk</w>
                  <c> </c>
                  <w xmlns:ecep="http://www.eighteenthcenturypoetry.org/ns"
                     xml:id="o5157-535170"
                     n="244-a-0740"
                     ecep:lem="not"
                     ecep:pos="xx"
                     ecep:reg="not"
                     ecep:spe="not"
                     ecep:syllab="1"
                     ecep:pron="nɒt">not</w>
                  <pc xmlns:ecep="http://www.eighteenthcenturypoetry.org/ns"
                      xml:id="o5157-535180"
                      n="244-a-0750"
                      ecep:lem=","
                      ecep:pos=","
                      ecep:reg=","
                      ecep:spe=",">,</pc>
                  <c> </c>
                  <w xmlns:ecep="http://www.eighteenthcenturypoetry.org/ns"
                     xml:id="o5157-535190"
                     n="244-a-0760"
                     ecep:lem="friend"
                     ecep:pos="n1"
                     ecep:reg="friend"
                     ecep:spe="friend"
                     ecep:syllab="1"
                     ecep:pron="frend">friend</w>
                  <pc xmlns:ecep="http://www.eighteenthcenturypoetry.org/ns"
                      xml:id="o5157-535200"
                      n="244-a-0770"
                      ecep:lem=";"
                      ecep:pos=";"
                      ecep:reg=";"
                      ecep:spe=";">;</pc>
               </l>
               <l xml:id="o5157-l29115">
                  <w xmlns:ecep="http://www.eighteenthcenturypoetry.org/ns"
                     xml:id="o5157-535210"
                     n="244-a-0780"
                     ecep:lem="and"
                     ecep:pos="cc"
                     ecep:reg="And"
                     ecep:spe="And"
                     ecep:syllab="1"
                     ecep:pron="ænd">And</w>
                  <c> </c>
                  <w xmlns:ecep="http://www.eighteenthcenturypoetry.org/ns"
                     xml:id="o5157-535220"
                     n="244-a-0790"
                     ecep:lem="for"
                     ecep:pos="p-acp"
                     ecep:reg="for"
                     ecep:spe="for"
                     ecep:syllab="1"
                     ecep:pron="fɔː">for</w>
                  <c> </c>
                  <w xmlns:ecep="http://www.eighteenthcenturypoetry.org/ns"
                     xml:id="o5157-535230"
                     n="244-a-0800"
                     ecep:lem="apply"
                     ecep:pos="vvg"
                     ecep:reg="applying"
                     ecep:spe="applying"
                     ecep:syllab="3"
                     ecep:pron="əˈplaɪɪŋ">applying</w>
                  <c> </c>
                  <pc xmlns:ecep="http://www.eighteenthcenturypoetry.org/ns"
                      xml:id="o5157-535240"
                      n="244-a-0810"
                      ecep:lem="—"
                      ecep:pos="—"
                      ecep:reg="—"
                      ecep:spe="—">—</pc>
                  <c> </c>
                  <w xmlns:ecep="http://www.eighteenthcenturypoetry.org/ns"
                     xml:id="o5157-535250"
                     n="244-a-0820"
                     ecep:lem="know"
                     ecep:pos="vvb"
                     ecep:reg="know"
                     ecep:spe="know"
                     ecep:syllab="1"
                     ecep:pron="nəʊ">know</w>
                  <pc xmlns:ecep="http://www.eighteenthcenturypoetry.org/ns"
                      xml:id="o5157-535260"
                      n="244-a-0830"
                      ecep:lem=","
                      ecep:pos=","
                      ecep:reg=","
                      ecep:spe=",">,</pc>
                  <c> </c>
                  <w xmlns:ecep="http://www.eighteenthcenturypoetry.org/ns"
                     xml:id="o5157-535270"
                     n="244-a-0840"
                     ecep:lem="the"
                     ecep:pos="dt"
                     ecep:reg="the"
                     ecep:spe="the"
                     ecep:syllab="1"
                     ecep:pron="ðiː">the</w>
                  <c> </c>
                  <w xmlns:ecep="http://www.eighteenthcenturypoetry.org/ns"
                     xml:id="o5157-535280"
                     n="244-a-0850"
                     ecep:lem="end"
                     ecep:pos="n1"
                     ecep:reg="end"
                     ecep:spe="end"
                     ecep:syllab="1"
                     ecep:pron="end">end</w>
               </l>
               <l xml:id="o5157-l29120">
                  <w xmlns:ecep="http://www.eighteenthcenturypoetry.org/ns"
                     xml:id="o5157-535290"
                     n="244-a-0860"
                     ecep:lem="of"
                     ecep:pos="pp-f"
                     ecep:reg="Of"
                     ecep:spe="Of"
                     ecep:syllab="1"
                     ecep:pron="ɒv">Of</w>
                  <c> </c>
                  <w xmlns:ecep="http://www.eighteenthcenturypoetry.org/ns"
                     xml:id="o5157-535300"
                     n="244-a-0870"
                     ecep:lem="every"
                     ecep:pos="d"
                     ecep:reg="every"
                     ecep:spe="ev'ry"
                     ecep:syllab="2"
                     ecep:pron="ˈevri">ev'ry</w>
                  <c> </c>
                  <w xmlns:ecep="http://www.eighteenthcenturypoetry.org/ns"
                     xml:id="o5157-535310"
                     n="244-a-0880"
                     ecep:lem="cur"
                     ecep:pos="ng1"
                     ecep:reg="cur's"
                     ecep:spe="cur's"
                     ecep:syllab="1"
                     ecep:pron="kɜːz">cur's</w>
                  <c> </c>
                  <w xmlns:ecep="http://www.eighteenthcenturypoetry.org/ns"
                     xml:id="o5157-535320"
                     n="244-a-0890"
                     ecep:lem="a"
                     ecep:pos="dt"
                     ecep:reg="a"
                     ecep:spe="a"
                     ecep:syllab="1"
                     ecep:pron="ə">a</w>
                  <c> </c>
                  <w xmlns:ecep="http://www.eighteenthcenturypoetry.org/ns"
                     xml:id="o5157-535330"
                     n="244-a-0900"
                     ecep:lem="rope"
                     ecep:pos="n1"
                     ecep:reg="rope"
                     ecep:spe="rope"
                     ecep:syllab="1"
                     ecep:pron="rəʊp">rope</w>
                  <pc xmlns:ecep="http://www.eighteenthcenturypoetry.org/ns"
                      xml:id="o5157-535340"
                      n="244-a-0910"
                      unit="sentence"
                      ecep:lem="."
                      ecep:pos="."
                      ecep:reg="."
                      ecep:spe=".">.</pc>
               </l>
            </lg>
         </div>
      </body>
   </text>
</TEI>
