<?xml version="1.0" encoding="utf-8"?>
<!DOCTYPE div
  SYSTEM "about:legacy-compat">
<div xmlns:ecep="http://www.eighteenthcenturypoetry.org/ns"
     xmlns="http://www.tei-c.org/ns/1.0"
     xmlns:tei="http://www.tei-c.org/ns/1.0"
     ana="#iamb #tetrameter #trimeter #cross #quatrain #song"
     corresp="#txt_ChatTh1752_w0044"
     decls="#semi-normalized"
     ecep:syllab="8.6.8.6"
     met="-+|-+|-+|-+/ -+|-+|-+/ -+|-+|-+|-+/ -+|-+|-+/"
     rendition="#lgvspace"
     rhyme="abab"
     subtype="eceptext"
     type="poem"
     xml:id="o4198-w0230">
   <link target="authors.xml#aut_ChatTh1752" type="author"/>
   <head type="main">
      <w xml:id="o4198-106740"
         n="80-a-0010"
         ecep:lem="song"
         ecep:pos="n1"
         ecep:reg="SONG"
         ecep:spe="SONG"
         ecep:syllab="1"
         ecep:pron="sɒŋ">SONG</w>
      <pc xml:id="o4198-106750"
          n="80-a-0020"
          unit="sentence"
          ecep:lem="."
          ecep:pos="."
          ecep:reg="."
          ecep:spe=".">.</pc>
      <c> </c>
      <w xml:id="o4198-106760"
         n="80-a-0030"
         ecep:lem="Fanny"
         ecep:pos="np1"
         ecep:reg="FANNY"
         ecep:spe="FANNY"
         ecep:syllab="2"
         ecep:pron="ˈfænɪ">FANNY</w>
      <pc xml:id="o4198-106770"
          n="80-a-0040"
          ecep:lem="[|"
          ecep:pos="[|"
          ecep:reg="[|"
          ecep:spe="[|">[|</pc>
      <w xml:id="o4198-106780"
         n="80-a-0050"
         ecep:lem="Betsy"
         ecep:pos="np1"
         ecep:reg="BETSY"
         ecep:spe="BETSY"
         ecep:syllab="2"
         ecep:pron="ˈbetsi">BETSY</w>
      <pc xml:id="o4198-106790"
          n="80-a-0060"
          ecep:lem="]"
          ecep:pos="]"
          ecep:reg="]"
          ecep:spe="]">]</pc>
      <c> </c>
      <w xml:id="o4198-106800"
         n="80-a-0070"
         ecep:lem="of"
         ecep:pos="pp-f"
         ecep:reg="OF"
         ecep:spe="OF"
         ecep:syllab="1"
         ecep:pron="ɒv">OF</w>
      <c> </c>
      <w xml:id="o4198-106810"
         n="80-a-0080"
         ecep:lem="the"
         ecep:pos="dt"
         ecep:reg="THE"
         ecep:spe="THE"
         ecep:syllab="1"
         ecep:pron="ðə">THE</w>
      <c> </c>
      <w xml:id="o4198-106820"
         n="80-a-0090"
         ecep:lem="hill"
         ecep:pos="n1"
         ecep:reg="HILL"
         ecep:spe="HILL"
         ecep:syllab="1"
         ecep:pron="hɪl">HILL</w>
      <pc xml:id="o4198-106830"
          n="80-a-0100"
          unit="sentence"
          ecep:lem="."
          ecep:pos="."
          ecep:reg="."
          ecep:spe=".">.</pc>
      <c> </c>
      <note n="*" place="bottom" xml:id="o4198-n00070">
         <w xml:id="o4198-106850"
            n="80-a-0110"
            ecep:lem="miss"
            ecep:pos="n1"
            ecep:reg="Miss"
            ecep:spe="Miss"
            ecep:syllab="1"
            ecep:pron="mɪs">Miss</w>
         <c> </c>
         <w xml:id="o4198-106860"
            n="80-a-0120"
            ecep:lem="F."
            ecep:pos="np1"
            ecep:reg="F."
            ecep:spe="F."
            ecep:syllab="1"
            ecep:pron="ˈef">F.</w>
         <pc unit="sentence" xml:id="o4198-106860-eos" n="80-a-0130"/>
         <c> </c>
         <w xml:id="o4198-106870"
            n="80-a-0140"
            ecep:lem="B—"
            ecep:pos="np1"
            ecep:reg="B—"
            ecep:spe="B—"
            ecep:syllab="1"
            ecep:pron="bˈiː">B—</w>
         <pc xml:id="o4198-106890"
             n="80-a-0160"
             ecep:lem=","
             ecep:pos=","
             ecep:reg=","
             ecep:spe=",">,</pc>
         <c> </c>
         <w xml:id="o4198-106900"
            n="80-a-0170"
            ecep:lem="on"
            ecep:pos="p-acp"
            ecep:reg="on"
            ecep:spe="on"
            ecep:syllab="1"
            ecep:pron="ɒn">on</w>
         <c> </c>
         <w xml:id="o4198-106910"
            n="80-a-0180"
            ecep:lem="radclif-hill"
            ecep:pos="n1"
            ecep:reg="Radclif-Hill"
            ecep:spe="Radclif-Hill"
            ecep:syllab="3"
            ecep:pron="rˈædklɪfhˈɪl">Radclif-Hill</w>
         <pc xml:id="o4198-106920"
             n="80-a-0190"
             ecep:lem=","
             ecep:pos=","
             ecep:reg=","
             ecep:spe=",">,</pc>
         <c> </c>
         <w xml:id="o4198-106930"
            n="80-a-0200"
            ecep:lem="Bristol"
            ecep:pos="np1"
            ecep:reg="Bristol"
            ecep:spe="Bristol"
            ecep:syllab="2"
            ecep:pron="brˈɪstəl">Bristol</w>
         <pc xml:id="o4198-106940"
             n="80-a-0210"
             unit="sentence"
             ecep:lem="."
             ecep:pos="."
             ecep:reg="."
             ecep:spe=".">.</pc>
      </note>
   </head>
   <head type="sub">
      <date>
         <w xml:id="o4198-106970"
            n="80-a-0220"
            ecep:lem="1770."
            ecep:pos="crd"
            ecep:reg="1770."
            ecep:spe="1770."
            ecep:syllab="1"
            ecep:pron="wˈɒnθˈaʊzəndsˈevənhˈʌndrədənsˈevəntˌi">1770.</w>
         <pc unit="sentence" xml:id="o4198-106970-eos" n="80-a-0230"/>
      </date>
   </head>
   <lg xml:id="o4198-s00470">
      <l xml:id="o4198-l04780">
         <w xml:id="o4198-107000"
            n="80-a-0240"
            ecep:lem="if"
            ecep:pos="cs"
            ecep:reg="IF"
            ecep:spe="IF"
            ecep:syllab="1"
            ecep:pron="ɪf">IF</w>
         <c> </c>
         <w xml:id="o4198-107010"
            n="80-a-0250"
            ecep:lem="gentle"
            ecep:pos="j-jn"
            ecep:reg="gentle"
            ecep:spe="gentle"
            ecep:syllab="2"
            ecep:pron="ˈdʒentl">gentle</w>
         <c> </c>
         <w xml:id="o4198-107020"
            n="80-a-0260"
            ecep:lem="love"
            ecep:pos="ng1"
            ecep:reg="Love's"
            ecep:spe="Love's"
            ecep:syllab="1"
            ecep:pron="ˈlʌvz">Love's</w>
         <c> </c>
         <w xml:id="o4198-107030"
            n="80-a-0270"
            ecep:lem="immortal"
            ecep:pos="j"
            ecep:reg="immortal"
            ecep:spe="immortal"
            ecep:syllab="3"
            ecep:pron="ɪˈmɔːtl">immortal</w>
         <c> </c>
         <w xml:id="o4198-107040"
            n="80-a-0280"
            ecep:lem="fire"
            ecep:pos="n1"
            ecep:reg="fire"
            ecep:spe="fire"
            ecep:syllab="2"
            ecep:pron="faɪə">fire</w>
      </l>
      <l xml:id="o4198-l04785">
         <c> </c>
         <w xml:id="o4198-107050"
            n="80-a-0290"
            ecep:lem="can"
            ecep:pos="vmd"
            ecep:reg="Could"
            ecep:spe="Could"
            ecep:syllab="1"
            ecep:pron="kʊd">Could</w>
         <c> </c>
         <w xml:id="o4198-107060"
            n="80-a-0300"
            ecep:lem="animate"
            ecep:pos="vvi"
            ecep:reg="animate"
            ecep:spe="animate"
            ecep:syllab="3"
            ecep:pron="ˈænɪˌmeɪt">animate</w>
         <c> </c>
         <w xml:id="o4198-107070"
            n="80-a-0310"
            ecep:lem="the"
            ecep:pos="dt"
            ecep:reg="the"
            ecep:spe="the"
            ecep:syllab="1"
            ecep:pron="ðə">the</w>
         <c> </c>
         <w xml:id="o4198-107080"
            n="80-a-0320"
            ecep:lem="quill"
            ecep:pos="n1"
            ecep:reg="quill"
            ecep:spe="quill"
            ecep:syllab="1"
            ecep:pron="kwɪl">quill</w>
         <pc xml:id="o4198-107090"
             n="80-a-0330"
             ecep:lem=","
             ecep:pos=","
             ecep:reg=","
             ecep:spe=",">,</pc>
      </l>
      <l xml:id="o4198-l04790">
         <c> </c>
         <w xml:id="o4198-107100"
            n="80-a-0340"
            ecep:lem="soon"
            ecep:pos="av"
            ecep:reg="Soon"
            ecep:spe="Soon"
            ecep:syllab="1"
            ecep:pron="suːn">Soon</w>
         <c> </c>
         <w xml:id="o4198-107110"
            n="80-a-0350"
            ecep:lem="shall"
            ecep:pos="vmd"
            ecep:reg="should"
            ecep:spe="should"
            ecep:syllab="1"
            ecep:pron="ʃʊd">should</w>
         <c> </c>
         <w xml:id="o4198-107120"
            n="80-a-0360"
            ecep:lem="the"
            ecep:pos="dt"
            ecep:reg="the"
            ecep:spe="the"
            ecep:syllab="1"
            ecep:pron="ðə">the</w>
         <c> </c>
         <w xml:id="o4198-107130"
            n="80-a-0370"
            ecep:lem="rapture-speaking"
            ecep:pos="j"
            ecep:reg="rapture-speaking"
            ecep:spe="rapture-speaking"
            ecep:syllab="5"
            ecep:pron="ˈræptʃəˌˈspiːkɪŋ">rapture-speaking</w>
         <c> </c>
         <w xml:id="o4198-107140"
            n="80-a-0380"
            ecep:lem="lyre"
            ecep:pos="n1"
            ecep:reg="Lyre"
            ecep:spe="Lyre"
            ecep:syllab="1"
            ecep:pron="laɪə">Lyre</w>
      </l>
      <l xml:id="o4198-l04795">
         <c> </c>
         <w xml:id="o4198-107150"
            n="80-a-0390"
            ecep:lem="sing"
            ecep:pos="vvb"
            ecep:reg="Sing"
            ecep:spe="Sing"
            ecep:syllab="1"
            ecep:pron="sɪŋ">Sing</w>
         <c> </c>
         <choice>
            <seg n="Fanny" rend="normal" xml:id="o4198-107160"/>
            <corr resp="#AH">
               <w xml:id="o4198-107170"
                  n="80-a-0410"
                  ecep:lem="Betsy"
                  ecep:pos="np1"
                  ecep:reg="Betsy"
                  ecep:spe="Betsy"
                  ecep:syllab="2"
                  ecep:pron="ˈbetsi">Betsy</w>
            </corr>
         </choice>
         <c> </c>
         <w xml:id="o4198-107180"
            n="80-a-0420"
            ecep:lem="of"
            ecep:pos="pp-f"
            ecep:reg="of"
            ecep:spe="of"
            ecep:syllab="1"
            ecep:pron="ɒv">of</w>
         <c> </c>
         <w xml:id="o4198-107190"
            n="80-a-0430"
            ecep:lem="the"
            ecep:pos="dt"
            ecep:reg="the"
            ecep:spe="the"
            ecep:syllab="1"
            ecep:pron="ðə">the</w>
         <c> </c>
         <w xml:id="o4198-107200"
            n="80-a-0440"
            ecep:lem="hill"
            ecep:pos="n1"
            ecep:reg="Hill"
            ecep:spe="Hill"
            ecep:syllab="1"
            ecep:pron="hɪl">Hill</w>
         <pc xml:id="o4198-107210"
             n="80-a-0450"
             unit="sentence"
             ecep:lem="."
             ecep:pos="."
             ecep:reg="."
             ecep:spe=".">.</pc>
         <c> </c>
      </l>
   </lg>
   <lg xml:id="o4198-s00475">
      <l xml:id="o4198-l04800">
         <w xml:id="o4198-107240"
            n="80-a-0460"
            ecep:lem="my"
            ecep:pos="po11"
            ecep:reg="My"
            ecep:spe="My"
            ecep:syllab="1"
            ecep:pron="maɪ">My</w>
         <c> </c>
         <w xml:id="o4198-107250"
            n="80-a-0470"
            ecep:lem="pant"
            ecep:pos="j-vvg"
            ecep:reg="panting"
            ecep:spe="panting"
            ecep:syllab="2"
            ecep:pron="ˈpæntɪŋ">panting</w>
         <c> </c>
         <w xml:id="o4198-107260"
            n="80-a-0480"
            ecep:lem="heart"
            ecep:pos="n1"
            ecep:reg="heart"
            ecep:spe="heart"
            ecep:syllab="1"
            ecep:pron="hɑːt">heart</w>
         <c> </c>
         <w xml:id="o4198-107270"
            n="80-a-0490"
            ecep:lem="incessant"
            ecep:pos="j"
            ecep:reg="incessant"
            ecep:spe="incessant"
            ecep:syllab="3"
            ecep:pron="ɪnˈsesnt">incessant</w>
         <c> </c>
         <w xml:id="o4198-107280"
            n="80-a-0500"
            ecep:lem="move"
            ecep:pos="vvz"
            ecep:reg="moves"
            ecep:spe="moves"
            ecep:syllab="1"
            ecep:pron="muːvz">moves</w>
         <pc xml:id="o4198-107290"
             n="80-a-0510"
             ecep:lem=","
             ecep:pos=","
             ecep:reg=","
             ecep:spe=",">,</pc>
      </l>
      <l xml:id="o4198-l04805">
         <c> </c>
         <w xml:id="o4198-107300"
            n="80-a-0520"
            ecep:lem="no"
            ecep:pos="dx"
            ecep:reg="No"
            ecep:spe="No"
            ecep:syllab="1"
            ecep:pron="nəʊ">No</w>
         <c> </c>
         <w xml:id="o4198-107310"
            n="80-a-0530"
            ecep:lem="interval"
            ecep:pos="n1"
            ecep:reg="interval"
            ecep:spe="interval"
            ecep:syllab="3"
            ecep:pron="ˈɪntəvəl">interval</w>
         <c> </c>
         <w xml:id="o4198-107320"
            n="80-a-0540"
            ecep:lem="it|be"
            ecep:pos="pn31|vbz"
            ecep:reg="it's"
            ecep:spe="'tis"
            ecep:syllab="1"
            ecep:pron="tɪz">'tis</w>
         <c> </c>
         <w xml:id="o4198-107330"
            n="80-a-0550"
            ecep:lem="still"
            ecep:pos="av"
            ecep:reg="still"
            ecep:spe="still"
            ecep:syllab="1"
            ecep:pron="stɪl">still</w>
         <pc xml:id="o4198-107340"
             n="80-a-0560"
             ecep:lem=";"
             ecep:pos=";"
             ecep:reg=";"
             ecep:spe=";">;</pc>
      </l>
      <l xml:id="o4198-l04810">
         <c> </c>
         <w xml:id="o4198-107350"
            n="80-a-0570"
            ecep:lem="and"
            ecep:pos="cc"
            ecep:reg="And"
            ecep:spe="And"
            ecep:syllab="1"
            ecep:pron="ænd">And</w>
         <c> </c>
         <w xml:id="o4198-107360"
            n="80-a-0580"
            ecep:lem="all"
            ecep:pos="d"
            ecep:reg="all"
            ecep:spe="all"
            ecep:syllab="1"
            ecep:pron="ɔːl">all</w>
         <c> </c>
         <w xml:id="o4198-107370"
            n="80-a-0590"
            ecep:lem="my"
            ecep:pos="po11"
            ecep:reg="my"
            ecep:spe="my"
            ecep:syllab="1"
            ecep:pron="maɪ">my</w>
         <c> </c>
         <w xml:id="o4198-107380"
            n="80-a-0600"
            ecep:lem="ravish"
            ecep:pos="j-vvn"
            ecep:reg="ravished"
            ecep:spe="ravish'd"
            ecep:syllab="2"
            ecep:pron="ˈrævɪʃt">ravish'd</w>
         <c> </c>
         <w xml:id="o4198-107390"
            n="80-a-0610"
            ecep:lem="nature"
            ecep:pos="n1"
            ecep:reg="nature"
            ecep:spe="nature"
            ecep:syllab="2"
            ecep:pron="ˈneɪtʃə">nature</w>
         <c> </c>
         <w xml:id="o4198-107400"
            n="80-a-0620"
            ecep:lem="love"
            ecep:pos="vvz"
            ecep:reg="loves"
            ecep:spe="loves"
            ecep:syllab="1"
            ecep:pron="lʌvz">loves</w>
      </l>
      <l xml:id="o4198-l04815">
         <c> </c>
         <w xml:id="o4198-107410"
            n="80-a-0630"
            ecep:lem="sweet"
            ecep:pos="j"
            ecep:reg="Sweet"
            ecep:spe="Sweet"
            ecep:syllab="1"
            ecep:pron="swiːt">Sweet</w>
         <c> </c>
         <choice>
            <seg n="Fanny" rend="normal" xml:id="o4198-107420"/>
            <corr resp="#AH">
               <w xml:id="o4198-107430"
                  n="80-a-0650"
                  ecep:lem="Betsy"
                  ecep:pos="np1"
                  ecep:reg="Betsy"
                  ecep:spe="Betsy"
                  ecep:syllab="2"
                  ecep:pron="ˈbetsi">Betsy</w>
            </corr>
         </choice>
         <c> </c>
         <w xml:id="o4198-107440"
            n="80-a-0660"
            ecep:lem="of"
            ecep:pos="pp-f"
            ecep:reg="of"
            ecep:spe="of"
            ecep:syllab="1"
            ecep:pron="ɒv">of</w>
         <c> </c>
         <w xml:id="o4198-107450"
            n="80-a-0670"
            ecep:lem="the"
            ecep:pos="dt"
            ecep:reg="the"
            ecep:spe="the"
            ecep:syllab="1"
            ecep:pron="ðə">the</w>
         <c> </c>
         <w xml:id="o4198-107460"
            n="80-a-0680"
            ecep:lem="hill"
            ecep:pos="n1"
            ecep:reg="Hill"
            ecep:spe="Hill"
            ecep:syllab="1"
            ecep:pron="hɪl">Hill</w>
         <pc xml:id="o4198-107470"
             n="80-a-0690"
             unit="sentence"
             ecep:lem="."
             ecep:pos="."
             ecep:reg="."
             ecep:spe=".">.</pc>
         <c> </c>
      </l>
   </lg>
   <lg xml:id="o4198-s00480">
      <l xml:id="o4198-l04820">
         <w xml:id="o4198-107500"
            n="80-a-0700"
            ecep:lem="her"
            ecep:pos="po31"
            ecep:reg="Her"
            ecep:spe="Her"
            ecep:syllab="1"
            ecep:pron="hɜː">Her</w>
         <c> </c>
         <w xml:id="o4198-107510"
            n="80-a-0710"
            ecep:lem="die"
            ecep:pos="j-vvg"
            ecep:reg="dying"
            ecep:spe="dying"
            ecep:syllab="2"
            ecep:pron="ˈdaɪɪŋ">dying</w>
         <c> </c>
         <w xml:id="o4198-107520"
            n="80-a-0720"
            ecep:lem="soft"
            ecep:pos="j"
            ecep:reg="soft"
            ecep:spe="soft"
            ecep:syllab="1"
            ecep:pron="sɒft">soft</w>
         <c> </c>
         <w xml:id="o4198-107530"
            n="80-a-0730"
            ecep:lem="expressive"
            ecep:pos="j"
            ecep:reg="expressive"
            ecep:spe="expressive"
            ecep:syllab="3"
            ecep:pron="ɪkˈspresɪv">expressive</w>
         <c> </c>
         <w xml:id="o4198-107540"
            n="80-a-0740"
            ecep:lem="eye"
            ecep:pos="n1"
            ecep:reg="eye"
            ecep:spe="eye"
            ecep:syllab="1"
            ecep:pron="aɪ">eye</w>
         <pc xml:id="o4198-107550"
             n="80-a-0750"
             ecep:lem=","
             ecep:pos=","
             ecep:reg=","
             ecep:spe=",">,</pc>
      </l>
      <l xml:id="o4198-l04825">
         <c> </c>
         <w xml:id="o4198-107560"
            n="80-a-0760"
            ecep:lem="her"
            ecep:pos="po31"
            ecep:reg="Her"
            ecep:spe="Her"
            ecep:syllab="1"
            ecep:pron="hɜː">Her</w>
         <c> </c>
         <w xml:id="o4198-107570"
            n="80-a-0770"
            ecep:lem="elegance"
            ecep:pos="n1"
            ecep:reg="elegance"
            ecep:spe="elegance"
            ecep:syllab="3"
            ecep:pron="ˈelɪgəns">elegance</w>
         <c> </c>
         <w xml:id="o4198-107580"
            n="80-a-0780"
            ecep:lem="must"
            ecep:pos="vmb"
            ecep:reg="must"
            ecep:spe="must"
            ecep:syllab="1"
            ecep:pron="mʌst">must</w>
         <c> </c>
         <w xml:id="o4198-107590"
            n="80-a-0790"
            ecep:lem="kill"
            ecep:pos="vvi"
            ecep:reg="kill"
            ecep:spe="kill"
            ecep:syllab="1"
            ecep:pron="kɪl">kill</w>
         <pc xml:id="o4198-107600"
             n="80-a-0800"
             ecep:lem=","
             ecep:pos=","
             ecep:reg=","
             ecep:spe=",">,</pc>
      </l>
      <l xml:id="o4198-l04830">
         <c> </c>
         <w xml:id="o4198-107610"
            n="80-a-0810"
            ecep:lem="you"
            ecep:pos="pn22"
            ecep:reg="You"
            ecep:spe="Ye"
            ecep:syllab="1"
            ecep:pron="jiː">Ye</w>
         <c> </c>
         <w xml:id="o4198-107620"
            n="80-a-0820"
            ecep:lem="god"
            ecep:pos="n2"
            ecep:reg="Gods"
            ecep:spe="Gods"
            ecep:syllab="1"
            ecep:pron="gɒdz">Gods</w>
         <pc xml:id="o4198-107630"
             n="80-a-0830"
             ecep:lem="!"
             ecep:pos="!"
             ecep:reg="!"
             ecep:spe="!">!</pc>
         <c> </c>
         <w xml:id="o4198-107640"
            n="80-a-0840"
            ecep:lem="how"
            ecep:pos="c-crq"
            ecep:reg="how"
            ecep:spe="how"
            ecep:syllab="1"
            ecep:pron="haʊ">how</w>
         <c> </c>
         <w xml:id="o4198-107650"
            n="80-a-0850"
            ecep:lem="many"
            ecep:pos="d"
            ecep:reg="many"
            ecep:spe="many"
            ecep:syllab="2"
            ecep:pron="ˈmenɪ">many</w>
         <c> </c>
         <w xml:id="o4198-107660"
            n="80-a-0860"
            ecep:lem="thousand"
            ecep:pos="crd"
            ecep:reg="thousands"
            ecep:spe="thousands"
            ecep:syllab="2"
            ecep:pron="ˈθaʊzndz">thousands</w>
         <c> </c>
         <w xml:id="o4198-107670"
            n="80-a-0870"
            ecep:lem="die"
            ecep:pos="vvi"
            ecep:reg="die"
            ecep:spe="die"
            ecep:syllab="1"
            ecep:pron="daɪ">die</w>
      </l>
      <l xml:id="o4198-l04835">
         <c> </c>
         <w xml:id="o4198-107680"
            n="80-a-0880"
            ecep:lem="for"
            ecep:pos="p-acp"
            ecep:reg="For"
            ecep:spe="For"
            ecep:syllab="1"
            ecep:pron="fɔː">For</w>
         <c> </c>
         <choice>
            <seg n="Fanny" rend="normal" xml:id="o4198-107690"/>
            <corr resp="#AH">
               <w xml:id="o4198-107700"
                  n="80-a-0900"
                  ecep:lem="Betsy"
                  ecep:pos="np1"
                  ecep:reg="Betsy"
                  ecep:spe="Betsy"
                  ecep:syllab="2"
                  ecep:pron="ˈbetsi">Betsy</w>
            </corr>
         </choice>
         <c> </c>
         <w xml:id="o4198-107710"
            n="80-a-0910"
            ecep:lem="of"
            ecep:pos="pp-f"
            ecep:reg="of"
            ecep:spe="of"
            ecep:syllab="1"
            ecep:pron="ɒv">of</w>
         <c> </c>
         <w xml:id="o4198-107720"
            n="80-a-0920"
            ecep:lem="the"
            ecep:pos="dt"
            ecep:reg="the"
            ecep:spe="the"
            ecep:syllab="1"
            ecep:pron="ðə">the</w>
         <c> </c>
         <w xml:id="o4198-107730"
            n="80-a-0930"
            ecep:lem="hill"
            ecep:pos="n1"
            ecep:reg="Hill"
            ecep:spe="Hill"
            ecep:syllab="1"
            ecep:pron="hɪl">Hill</w>
         <pc xml:id="o4198-107740"
             n="80-a-0940"
             unit="sentence"
             ecep:lem="."
             ecep:pos="."
             ecep:reg="."
             ecep:spe=".">.</pc>
         <c> </c>
      </l>
   </lg>
   <pb facs="81" n="78" rend="none"/>
   <lg xml:id="o4198-s00485">
      <l xml:id="o4198-l04840">
         <w xml:id="o4198-107770"
            n="81-a-0010"
            ecep:lem="a"
            ecep:pos="dt"
            ecep:reg="A"
            ecep:spe="A"
            ecep:syllab="1"
            ecep:pron="ə">A</w>
         <c> </c>
         <w xml:id="o4198-107780"
            n="81-a-0020"
            ecep:lem="love-taught"
            ecep:pos="j"
            ecep:reg="love-taught"
            ecep:spe="love-taught"
            ecep:syllab="3"
            ecep:pron="lʌvˌtɔːt">love-taught</w>
         <c> </c>
         <w xml:id="o4198-107790"
            n="81-a-0030"
            ecep:lem="tongue"
            ecep:pos="n1"
            ecep:reg="tongue"
            ecep:spe="tongue"
            ecep:syllab="1"
            ecep:pron="tʌŋ">tongue</w>
         <c> </c>
         <w xml:id="o4198-107800"
            n="81-a-0040"
            ecep:lem="angelic"
            ecep:pos="j"
            ecep:reg="angelic"
            ecep:spe="angelic"
            ecep:syllab="3"
            ecep:pron="ænˈdʒelɪk">angelic</w>
         <c> </c>
         <w xml:id="o4198-107810"
            n="81-a-0050"
            ecep:lem="air"
            ecep:pos="n1"
            ecep:reg="air"
            ecep:spe="air"
            ecep:syllab="1"
            ecep:pron="eə">air</w>
      </l>
      <l xml:id="o4198-l04845">
         <c> </c>
         <w xml:id="o4198-107820"
            n="81-a-0060"
            ecep:lem="a"
            ecep:pos="dt"
            ecep:reg="A"
            ecep:spe="A"
            ecep:syllab="1"
            ecep:pron="ə">A</w>
         <c> </c>
         <w xml:id="o4198-107830"
            n="81-a-0070"
            ecep:lem="sentiment"
            ecep:pos="n1"
            ecep:reg="sentiment"
            ecep:spe="sentiment"
            ecep:syllab="3"
            ecep:pron="ˈsentɪmənt">sentiment</w>
         <pc xml:id="o4198-107840"
             n="81-a-0080"
             ecep:lem=","
             ecep:pos=","
             ecep:reg=","
             ecep:spe=",">,</pc>
         <c> </c>
         <w xml:id="o4198-107850"
            n="81-a-0090"
            ecep:lem="a"
            ecep:pos="dt"
            ecep:reg="a"
            ecep:spe="a"
            ecep:syllab="1"
            ecep:pron="ə">a</w>
         <c> </c>
         <w xml:id="o4198-107860"
            n="81-a-0100"
            ecep:lem="skill"
            ecep:pos="n1"
            ecep:reg="skill"
            ecep:spe="skill"
            ecep:syllab="1"
            ecep:pron="skɪl">skill</w>
      </l>
      <l xml:id="o4198-l04850">
         <c> </c>
         <w xml:id="o4198-107870"
            n="81-a-0110"
            ecep:lem="in"
            ecep:pos="p-acp"
            ecep:reg="In"
            ecep:spe="In"
            ecep:syllab="1"
            ecep:pron="ɪn">In</w>
         <c> </c>
         <w xml:id="o4198-107880"
            n="81-a-0120"
            ecep:lem="all"
            ecep:pos="d"
            ecep:reg="all"
            ecep:spe="all"
            ecep:syllab="1"
            ecep:pron="ɔːl">all</w>
         <c> </c>
         <w xml:id="o4198-107890"
            n="81-a-0130"
            ecep:lem="the"
            ecep:pos="dt"
            ecep:reg="the"
            ecep:spe="the"
            ecep:syllab="1"
            ecep:pron="ðə">the</w>
         <c> </c>
         <w xml:id="o4198-107900"
            n="81-a-0140"
            ecep:lem="grace"
            ecep:pos="n2"
            ecep:reg="graces"
            ecep:spe="graces"
            ecep:syllab="2"
            ecep:pron="greɪsɪz">graces</w>
         <c> </c>
         <w xml:id="o4198-107910"
            n="81-a-0150"
            ecep:lem="of"
            ecep:pos="pp-f"
            ecep:reg="of"
            ecep:spe="of"
            ecep:syllab="1"
            ecep:pron="ɒv">of</w>
         <c> </c>
         <w xml:id="o4198-107920"
            n="81-a-0160"
            ecep:lem="the"
            ecep:pos="dt"
            ecep:reg="the"
            ecep:spe="the"
            ecep:syllab="1"
            ecep:pron="ðə">the</w>
         <c> </c>
         <w xml:id="o4198-107930"
            n="81-a-0170"
            ecep:lem="fair"
            ecep:pos="j"
            ecep:reg="Fair"
            ecep:spe="Fair"
            ecep:syllab="1"
            ecep:pron="feə">Fair</w>
         <pc xml:id="o4198-107940"
             n="81-a-0180"
             ecep:lem=","
             ecep:pos=","
             ecep:reg=","
             ecep:spe=",">,</pc>
      </l>
      <l xml:id="o4198-l04855">
         <c> </c>
         <w xml:id="o4198-107950"
            n="81-a-0190"
            ecep:lem="mark"
            ecep:pos="vvb"
            ecep:reg="Mark"
            ecep:spe="Mark"
            ecep:syllab="1"
            ecep:pron="mɑːk">Mark</w>
         <c> </c>
         <choice>
            <seg n="Fanny" rend="normal" xml:id="o4198-107960"/>
            <corr resp="#AH">
               <w xml:id="o4198-107970"
                  n="81-a-0210"
                  ecep:lem="Betsy"
                  ecep:pos="np1"
                  ecep:reg="Betsy"
                  ecep:spe="Betsy"
                  ecep:syllab="2"
                  ecep:pron="ˈbetsi">Betsy</w>
            </corr>
         </choice>
         <c> </c>
         <w xml:id="o4198-107980"
            n="81-a-0220"
            ecep:lem="of"
            ecep:pos="pp-f"
            ecep:reg="of"
            ecep:spe="of"
            ecep:syllab="1"
            ecep:pron="ɒv">of</w>
         <c> </c>
         <w xml:id="o4198-107990"
            n="81-a-0230"
            ecep:lem="the"
            ecep:pos="dt"
            ecep:reg="the"
            ecep:spe="the"
            ecep:syllab="1"
            ecep:pron="ðə">the</w>
         <c> </c>
         <w xml:id="o4198-108000"
            n="81-a-0240"
            ecep:lem="hill"
            ecep:pos="n1"
            ecep:reg="Hill"
            ecep:spe="Hill"
            ecep:syllab="1"
            ecep:pron="hɪl">Hill</w>
         <pc xml:id="o4198-108010"
             n="81-a-0250"
             unit="sentence"
             ecep:lem="."
             ecep:pos="."
             ecep:reg="."
             ecep:spe=".">.</pc>
         <c> </c>
      </l>
   </lg>
   <lg xml:id="o4198-s00490">
      <l xml:id="o4198-l04860">
         <w xml:id="o4198-108040"
            n="81-a-0260"
            ecep:lem="thou"
            ecep:pos="pns21"
            ecep:reg="Thou"
            ecep:spe="Thou"
            ecep:syllab="1"
            ecep:pron="ðaʊ">Thou</w>
         <c> </c>
         <w xml:id="o4198-108050"
            n="81-a-0270"
            ecep:lem="mighty"
            ecep:pos="j"
            ecep:reg="mighty"
            ecep:spe="mighty"
            ecep:syllab="2"
            ecep:pron="ˈmaɪtɪ">mighty</w>
         <c> </c>
         <w xml:id="o4198-108060"
            n="81-a-0280"
            ecep:lem="power"
            ecep:pos="n1"
            ecep:reg="Power"
            ecep:spe="Power"
            ecep:syllab="2"
            ecep:pron="ˈpaʊə">Power</w>
         <pc xml:id="o4198-108070"
             n="81-a-0290"
             ecep:lem=","
             ecep:pos=","
             ecep:reg=","
             ecep:spe=",">,</pc>
         <c> </c>
         <w xml:id="o4198-108080"
            n="81-a-0300"
            ecep:lem="eternal"
            ecep:pos="j"
            ecep:reg="eternal"
            ecep:spe="eternal"
            ecep:syllab="3"
            ecep:pron="ɪˈtɜːnl">eternal</w>
         <c> </c>
         <w xml:id="o4198-108090"
            n="81-a-0310"
            ecep:lem="fate"
            ecep:pos="n1"
            ecep:reg="Fate"
            ecep:spe="Fate"
            ecep:syllab="1"
            ecep:pron="feɪt">Fate</w>
         <pc xml:id="o4198-108100"
             n="81-a-0320"
             ecep:lem=","
             ecep:pos=","
             ecep:reg=","
             ecep:spe=",">,</pc>
      </l>
      <l xml:id="o4198-l04865">
         <c> </c>
         <w xml:id="o4198-108110"
            n="81-a-0330"
            ecep:lem="my"
            ecep:pos="po11"
            ecep:reg="My"
            ecep:spe="My"
            ecep:syllab="1"
            ecep:pron="maɪ">My</w>
         <c> </c>
         <w xml:id="o4198-108120"
            n="81-a-0340"
            ecep:lem="happiness"
            ecep:pos="n1"
            ecep:reg="happiness"
            ecep:spe="happiness"
            ecep:syllab="3"
            ecep:pron="ˈhæpɪnɪs">happiness</w>
         <c> </c>
         <w xml:id="o4198-108130"
            n="81-a-0350"
            ecep:lem="to"
            ecep:pos="pc-acp"
            ecep:reg="to"
            ecep:spe="to"
            ecep:syllab="1"
            ecep:pron="tuː">to</w>
         <c> </c>
         <w xml:id="o4198-108140"
            n="81-a-0360"
            ecep:lem="fill"
            ecep:pos="vvi"
            ecep:reg="fill"
            ecep:spe="fill"
            ecep:syllab="1"
            ecep:pron="fɪl">fill</w>
         <pc xml:id="o4198-108150"
             n="81-a-0370"
             ecep:lem=","
             ecep:pos=","
             ecep:reg=","
             ecep:spe=",">,</pc>
      </l>
      <l xml:id="o4198-l04870">
         <c> </c>
         <w xml:id="o4198-108160"
            n="81-a-0380"
            ecep:lem="o"
            ecep:pos="uh"
            ecep:reg="OH"
            ecep:spe="O"
            ecep:syllab="1"
            ecep:pron="əʊ">O</w>
         <pc xml:id="o4198-108165"
             n="81-a-0380"
             ecep:lem="!"
             ecep:pos="!"
             ecep:reg="!"
             ecep:spe="!">!</pc>
         <c> </c>
         <w xml:id="o4198-108170"
            n="81-a-0390"
            ecep:lem="bless"
            ecep:pos="vvb"
            ecep:reg="bless"
            ecep:spe="bless"
            ecep:syllab="1"
            ecep:pron="bles">bless</w>
         <c> </c>
         <w xml:id="o4198-108180"
            n="81-a-0400"
            ecep:lem="a"
            ecep:pos="dt"
            ecep:reg="a"
            ecep:spe="a"
            ecep:syllab="1"
            ecep:pron="ə">a</w>
         <c> </c>
         <w xml:id="o4198-108190"
            n="81-a-0410"
            ecep:lem="wretched"
            ecep:pos="j"
            ecep:reg="wretched"
            ecep:spe="wretched"
            ecep:syllab="2"
            ecep:pron="ˈretʃɪd">wretched</w>
         <c> </c>
         <w xml:id="o4198-108200"
            n="81-a-0420"
            ecep:lem="lover"
            ecep:pos="ng1"
            ecep:reg="Lover's"
            ecep:spe="Lover's"
            ecep:syllab="2"
            ecep:pron="ˈlʌvəz">Lover's</w>
         <c> </c>
         <w xml:id="o4198-108210"
            n="81-a-0430"
            ecep:lem="state"
            ecep:pos="n1"
            ecep:reg="state"
            ecep:spe="state"
            ecep:syllab="1"
            ecep:pron="steɪt">state</w>
      </l>
      <l xml:id="o4198-l04875">
         <c> </c>
         <w xml:id="o4198-108220"
            n="81-a-0440"
            ecep:lem="with"
            ecep:pos="p-acp"
            ecep:reg="With"
            ecep:spe="With"
            ecep:syllab="1"
            ecep:pron="wɪð">With</w>
         <c> </c>
         <choice>
            <seg n="Fanny" rend="normal" xml:id="o4198-108230"/>
            <corr resp="#AH">
               <w xml:id="o4198-108240"
                  n="81-a-0460"
                  ecep:lem="Betsy"
                  ecep:pos="np1"
                  ecep:reg="Betsy"
                  ecep:spe="Betsy"
                  ecep:syllab="2"
                  ecep:pron="ˈbetsi">Betsy</w>
            </corr>
         </choice>
         <c> </c>
         <w xml:id="o4198-108250"
            n="81-a-0470"
            ecep:lem="of"
            ecep:pos="pp-f"
            ecep:reg="of"
            ecep:spe="of"
            ecep:syllab="1"
            ecep:pron="ɒv">of</w>
         <c> </c>
         <w xml:id="o4198-108260"
            n="81-a-0480"
            ecep:lem="the"
            ecep:pos="dt"
            ecep:reg="the"
            ecep:spe="the"
            ecep:syllab="1"
            ecep:pron="ðə">the</w>
         <c> </c>
         <w xml:id="o4198-108270"
            n="81-a-0490"
            ecep:lem="hill"
            ecep:pos="n1"
            ecep:reg="Hill"
            ecep:spe="Hill"
            ecep:syllab="1"
            ecep:pron="hɪl">Hill</w>
         <pc xml:id="o4198-108280"
             n="81-a-0500"
             unit="sentence"
             ecep:lem="."
             ecep:pos="."
             ecep:reg="."
             ecep:spe=".">.</pc>
         <c> </c>
      </l>
   </lg>
   <div>
      <p xml:id="o4198-s00695">
         <w xml:id="o4198-108310"
            n="81-a-0510"
            ecep:lem="the"
            ecep:pos="dt"
            ecep:reg="The"
            ecep:spe="The"
            ecep:syllab="1"
            ecep:pron="ðə">The</w>
         <c> </c>
         <w xml:id="o4198-108320"
            n="81-a-0520"
            ecep:lem="name"
            ecep:pos="n1"
            ecep:reg="name"
            ecep:spe="name"
            ecep:syllab="1"
            ecep:pron="neɪm">name</w>
         <c> </c>
         <w xml:id="o4198-108330"
            n="81-a-0530"
            ecep:lem="of"
            ecep:pos="pp-f"
            ecep:reg="of"
            ecep:spe="of"
            ecep:syllab="1"
            ecep:pron="ɒv">of</w>
         <c> </c>
         <hi>
            <w xml:id="o4198-108340"
               n="81-a-0540"
               ecep:lem="Fanny"
               ecep:pos="np1"
               ecep:reg="Fanny"
               ecep:spe="Fanny"
               ecep:syllab="2"
               ecep:pron="ˈfænɪ">Fanny</w>
            <pc xml:id="o4198-108350"
                n="81-a-0550"
                ecep:lem=","
                ecep:pos=","
                ecep:reg=","
                ecep:spe=",">,</pc>
         </hi>
         <c> </c>
         <w xml:id="o4198-108360"
            n="81-a-0560"
            ecep:lem="which"
            ecep:pos="r-crq"
            ecep:reg="which"
            ecep:spe="which"
            ecep:syllab="1"
            ecep:pron="wɪtʃ">which</w>
         <c> </c>
         <w xml:id="o4198-108370"
            n="81-a-0570"
            ecep:lem="be"
            ecep:pos="vbds"
            ecep:reg="was"
            ecep:spe="was"
            ecep:syllab="1"
            ecep:pron="wɒz">was</w>
         <c> </c>
         <w xml:id="o4198-108380"
            n="81-a-0580"
            ecep:lem="first"
            ecep:pos="ord"
            ecep:reg="first"
            ecep:spe="first"
            ecep:syllab="1"
            ecep:pron="fɜːst">first</w>
         <c> </c>
         <w xml:id="o4198-108390"
            n="81-a-0590"
            ecep:lem="write"
            ecep:pos="vvn"
            ecep:reg="written"
            ecep:spe="written"
            ecep:syllab="2"
            ecep:pron="ˈrɪtn">written</w>
         <pc xml:id="o4198-108400"
             n="81-a-0600"
             ecep:lem=","
             ecep:pos=","
             ecep:reg=","
             ecep:spe=",">,</pc>
         <c> </c>
         <w xml:id="o4198-108410"
            n="81-a-0610"
            ecep:lem="be"
            ecep:pos="vbds"
            ecep:reg="was"
            ecep:spe="was"
            ecep:syllab="1"
            ecep:pron="wɒz">was</w>
         <c> </c>
         <w xml:id="o4198-108420"
            n="81-a-0620"
            ecep:lem="afterwards"
            ecep:pos="av"
            ecep:reg="afterwards"
            ecep:spe="afterwards"
            ecep:syllab="3"
            ecep:pron="ˈɑːftəwədz">after<lb rend="hidden" type="hyphenInWord"/>wards</w>
         <c> </c>
         <w xml:id="o4198-108440"
            n="81-a-0640"
            ecep:lem="cancel"
            ecep:pos="vvn"
            ecep:reg="cancelled"
            ecep:spe="cancelled"
            ecep:syllab="2"
            ecep:pron="ˈkænsld">cancelled</w>
         <pc xml:id="o4198-108450"
             n="81-a-0650"
             ecep:lem=","
             ecep:pos=","
             ecep:reg=","
             ecep:spe=",">,</pc>
         <c> </c>
         <w xml:id="o4198-108460"
            n="81-a-0660"
            ecep:lem="and"
            ecep:pos="cc"
            ecep:reg="and"
            ecep:spe="and"
            ecep:syllab="1"
            ecep:pron="ænd">and</w>
         <c> </c>
         <w xml:id="o4198-108470"
            n="81-a-0670"
            ecep:lem="that"
            ecep:pos="d"
            ecep:reg="that"
            ecep:spe="that"
            ecep:syllab="1"
            ecep:pron="ðæt">that</w>
         <c> </c>
         <w xml:id="o4198-108480"
            n="81-a-0680"
            ecep:lem="of"
            ecep:pos="pp-f"
            ecep:reg="of"
            ecep:spe="of"
            ecep:syllab="1"
            ecep:pron="ɒv">of</w>
         <c> </c>
         <hi>
            <w xml:id="o4198-108490"
               n="81-a-0690"
               ecep:lem="Betsy"
               ecep:pos="np1"
               ecep:reg="Betsy"
               ecep:spe="Betsy"
               ecep:syllab="2"
               ecep:pron="ˈbetsi">Betsy</w>
         </hi>
         <c> </c>
         <w xml:id="o4198-108500"
            n="81-a-0700"
            ecep:lem="substitute"
            ecep:pos="vvn"
            ecep:reg="substituted"
            ecep:spe="substituted"
            ecep:syllab="4"
            ecep:pron="ˈsʌbstɪtjuːtɪd">substituted</w>
         <c> </c>
         <w xml:id="o4198-108510"
            n="81-a-0710"
            ecep:lem="in"
            ecep:pos="p-acp"
            ecep:reg="in"
            ecep:spe="in"
            ecep:syllab="1"
            ecep:pron="ɪn">in</w>
         <c> </c>
         <w xml:id="o4198-108520"
            n="81-a-0720"
            ecep:lem="its"
            ecep:pos="po31"
            ecep:reg="its"
            ecep:spe="its"
            ecep:syllab="1"
            ecep:pron="ɪts">its</w>
         <c> </c>
         <w xml:id="o4198-108530"
            n="81-a-0730"
            ecep:lem="stead"
            ecep:pos="n1"
            ecep:reg="stead"
            ecep:spe="stead"
            ecep:syllab="1"
            ecep:pron="sted">stead</w>
         <pc xml:id="o4198-108540"
             n="81-a-0740"
             ecep:lem=";"
             ecep:pos=";"
             ecep:reg=";"
             ecep:spe=";">;</pc>
         <c> </c>
         <w xml:id="o4198-108550"
            n="81-a-0750"
            ecep:lem="but"
            ecep:pos="cc-acp"
            ecep:reg="but"
            ecep:spe="but"
            ecep:syllab="1"
            ecep:pron="bʌt">but</w>
         <c> </c>
         <w xml:id="o4198-108560"
            n="81-a-0760"
            ecep:lem="for"
            ecep:pos="p-acp"
            ecep:reg="for"
            ecep:spe="for"
            ecep:syllab="1"
            ecep:pron="fɔː">for</w>
         <c> </c>
         <w xml:id="o4198-108570"
            n="81-a-0770"
            ecep:lem="what"
            ecep:pos="q-crq"
            ecep:reg="what"
            ecep:spe="what"
            ecep:syllab="1"
            ecep:pron="wɒt">what</w>
         <c> </c>
         <w xml:id="o4198-108580"
            n="81-a-0780"
            ecep:lem="reason"
            ecep:pos="n1"
            ecep:reg="reason"
            ecep:spe="reason"
            ecep:syllab="2"
            ecep:pron="ˈriːzn">reason</w>
         <c> </c>
         <w xml:id="o4198-108590"
            n="81-a-0790"
            ecep:lem="be"
            ecep:pos="vbds"
            ecep:reg="was"
            ecep:spe="was"
            ecep:syllab="1"
            ecep:pron="wɒz">was</w>
         <c> </c>
         <w xml:id="o4198-108600"
            n="81-a-0800"
            ecep:lem="best"
            ecep:pos="js"
            ecep:reg="best"
            ecep:spe="best"
            ecep:syllab="1"
            ecep:pron="best">best</w>
         <c> </c>
         <w xml:id="o4198-108610"
            n="81-a-0810"
            ecep:lem="know"
            ecep:pos="vvn"
            ecep:reg="known"
            ecep:spe="known"
            ecep:syllab="1"
            ecep:pron="nəʊn">known</w>
         <c> </c>
         <w xml:id="o4198-108620"
            n="81-a-0820"
            ecep:lem="to"
            ecep:pos="p-acp"
            ecep:reg="to"
            ecep:spe="to"
            ecep:syllab="1"
            ecep:pron="tuː">to</w>
         <c> </c>
         <w xml:id="o4198-108630"
            n="81-a-0830"
            ecep:lem="the"
            ecep:pos="dt"
            ecep:reg="the"
            ecep:spe="the"
            ecep:syllab="1"
            ecep:pron="ðə">the</w>
         <c> </c>
         <w xml:id="o4198-108640"
            n="81-a-0840"
            ecep:lem="author"
            ecep:pos="n1"
            ecep:reg="Author"
            ecep:spe="Author"
            ecep:syllab="2"
            ecep:pron="ˈɔːθə">Author</w>
         <pc xml:id="o4198-108650"
             n="81-a-0850"
             unit="sentence"
             ecep:lem="."
             ecep:pos="."
             ecep:reg="."
             ecep:spe=".">.</pc>
      </p>
   </div>
</div>
