<?xml version="1.0" encoding="utf-8"?>
<!DOCTYPE div
  SYSTEM "about:legacy-compat">
<div xmlns:ecep="http://www.eighteenthcenturypoetry.org/ns"
     xmlns="http://www.tei-c.org/ns/1.0"
     xmlns:tei="http://www.tei-c.org/ns/1.0"
     ana="#iamb #tetrameter #quatrain #cross #address"
     corresp="#txt_PrioMa1664_w0017"
     decls="#semi-normalized"
     ecep:syllab="8.8.8.8"
     met="-+|-+|-+|-+/ -+|-+|-+|-+/ -+|-+|-+|-+/ -+|-+|-+|-+/"
     rendition="#lgvspace"
     rhyme="abab"
     subtype="eceptext"
     type="poem"
     xml:id="pmp18-w0120">
   <link target="authors.xml#aut_PrioMa1664" type="author"/>
   <head type="main">
      <w xml:id="pmp18-0101450"
         n="a-0990"
         ecep:lem="to"
         ecep:pos="p-acp"
         ecep:reg="To"
         ecep:spe="To"
         ecep:syllab="1"
         ecep:pron="tuː">To</w>
      <c> </c>
      <w xml:id="pmp18-0101460"
         n="a-1000"
         ecep:lem="the"
         ecep:pos="dt"
         ecep:reg="the"
         ecep:spe="the"
         ecep:syllab="1"
         ecep:pron="ðiː">the</w>
      <c> </c>
      <w xml:id="pmp18-0101470"
         n="a-1010"
         ecep:lem="honourable"
         ecep:pos="j"
         ecep:reg="Honourable"
         ecep:spe="Honorable"
         ecep:syllab="4"
         ecep:pron="ˈhɒnrəbl">Honorable</w>
      <c> </c>
      <hi>
         <w xml:id="pmp18-0101480"
            n="a-1020"
            ecep:lem="CHARLES"
            ecep:pos="np1"
            ecep:reg="CHARLES"
            ecep:spe="CHARLES"
            ecep:syllab="2"
            ecep:pron="ˈʃɑːl">CHARLES</w>
         <c> </c>
         <w xml:id="pmp18-0101490"
            n="a-1030"
            ecep:lem="Montague"
            ecep:pos="np1"
            ecep:reg="MONTAGUE"
            ecep:spe="MONTAGUE"
            ecep:syllab="3"
            ecep:pron="ˈmɒntəgjuː">MONTAGUE</w>
      </hi>
      <pc xml:id="pmp18-0101500"
          n="a-1040"
          ecep:lem=","
          ecep:pos=","
          ecep:reg=","
          ecep:spe=",">,</pc>
      <c> </c>
      <w xml:id="pmp18-0101510"
         n="a-1050"
         ecep:lem="ESQ"
         ecep:pos="np1"
         ecep:reg="Esq"
         ecep:spe="Esq"
         ecep:syllab="1"
         ecep:pron="ˈesk">Esq</w>
   </head>
   <lg xml:id="pmp18-s00555">
      <head>
         <w xml:id="pmp18-0101550"
            n="a-1060"
            ecep:lem="i"
            ecep:pos="pns11"
            ecep:reg="I"
            ecep:spe="I."
            ecep:syllab="1"
            ecep:pron="ˈaɪ">I.</w>
         <pc unit="sentence" xml:id="pmp18-0101550-eos" n="a-1070"/>
      </head>
      <l n="1" xml:id="pmp18-l02670">
         <hi rendition="#sc">
            <w xml:id="pmp18-0101570"
               n="a-1080"
               ecep:lem="however"
               ecep:pos="a-acp"
               ecep:reg="However"
               ecep:spe="Howe'er"
               ecep:syllab="2"
               ecep:pron="haʊˈeə">Howe'er</w>
         </hi>
         <c> </c>
         <w xml:id="pmp18-0101580"
            n="a-1090"
            ecep:lem="it|be"
            ecep:pos="pn31|vbz"
            ecep:reg="it's"
            ecep:spe="'tis"
            ecep:syllab="1"
            ecep:pron="tɪz">'tis</w>
         <c> </c>
         <w xml:id="pmp18-0101590"
            n="a-1100"
            ecep:lem="well"
            ecep:pos="av"
            ecep:reg="well"
            ecep:spe="well"
            ecep:syllab="1"
            ecep:pron="wel">well</w>
         <pc xml:id="pmp18-0101600"
             n="a-1110"
             ecep:lem=","
             ecep:pos=","
             ecep:reg=","
             ecep:spe=",">,</pc>
         <c> </c>
         <w xml:id="pmp18-0101610"
            n="a-1120"
            ecep:lem="that"
            ecep:pos="cst"
            ecep:reg="that"
            ecep:spe="that"
            ecep:syllab="1"
            ecep:pron="ðæt">that</w>
         <c> </c>
         <w xml:id="pmp18-0101620"
            n="a-1130"
            ecep:lem="while"
            ecep:pos="cs"
            ecep:reg="while"
            ecep:spe="while"
            ecep:syllab="1"
            ecep:pron="ˈwaɪl">while</w>
         <c> </c>
         <w xml:id="pmp18-0101630"
            n="a-1140"
            ecep:lem="mankind"
            ecep:pos="n1"
            ecep:reg="Mankind"
            ecep:spe="Mankind"
            ecep:syllab="2"
            ecep:pron="mænˈkaɪnd">Mankind</w>
      </l>
      <l n="2" rendition="#h_3" xml:id="pmp18-l02675">
         <c> </c>
         <w xml:id="pmp18-0101640"
            n="a-1150"
            ecep:lem="through"
            ecep:pos="p-acp"
            ecep:reg="Through"
            ecep:spe="Thro'"
            ecep:syllab="1"
            ecep:pron="θruː">Thro'</w>
         <c> </c>
         <w xml:id="pmp18-0101650"
            n="a-1160"
            ecep:lem="fate"
            ecep:pos="ng1"
            ecep:reg="Fate's"
            ecep:spe="Fate's"
            ecep:syllab="2"
            ecep:pron="feɪtz">Fate's</w>
         <c> </c>
         <w xml:id="pmp18-0101660"
            n="a-1170"
            ecep:lem="perverse"
            ecep:pos="j"
            ecep:reg="perverse"
            ecep:spe="perverse"
            ecep:syllab="2"
            ecep:pron="pəˈvɜːs">perverse</w>
         <c> </c>
         <hi>
            <w xml:id="pmp18-0101670"
               n="a-1180"
               ecep:lem="Mæander"
               ecep:pos="np1"
               ecep:reg="Mæander"
               ecep:spe="Mæander"
               ecep:syllab="2"
               ecep:pron="mˈɑːndə">Mæander</w>
         </hi>
         <c> </c>
         <w xml:id="pmp18-0101680"
            n="a-1190"
            ecep:lem="err"
            ecep:pos="vvz"
            ecep:reg="errs"
            ecep:spe="errs"
            ecep:syllab="1"
            ecep:pron="ɜːz">errs</w>
         <pc xml:id="pmp18-0101690"
             n="a-1200"
             ecep:lem=","
             ecep:pos=","
             ecep:reg=","
             ecep:spe=",">,</pc>
      </l>
      <l n="3" xml:id="pmp18-l02680">
         <c> </c>
         <w xml:id="pmp18-0101700"
            n="a-1210"
            ecep:lem="he"
            ecep:pos="pns31"
            ecep:reg="He"
            ecep:spe="He"
            ecep:syllab="1"
            ecep:pron="hiː">He</w>
         <c> </c>
         <w xml:id="pmp18-0101710"
            n="a-1220"
            ecep:lem="can"
            ecep:pos="vmb"
            ecep:reg="can"
            ecep:spe="can"
            ecep:syllab="1"
            ecep:pron="kæn">can</w>
         <c> </c>
         <w xml:id="pmp18-0101720"
            n="a-1230"
            ecep:lem="imagine"
            ecep:pos="vvn"
            ecep:reg="imagined"
            ecep:spe="imagin'd"
            ecep:syllab="3"
            ecep:pron="ɪˈmædʒɪnd">imagin'd</w>
         <c> </c>
         <w xml:id="pmp18-0101730"
            n="a-1240"
            ecep:lem="pleasure"
            ecep:pos="n2"
            ecep:reg="Pleasures"
            ecep:spe="Pleasures"
            ecep:syllab="2"
            ecep:pron="ˈpleʒəz">Pleasures</w>
         <c> </c>
         <w xml:id="pmp18-0101740"
            n="a-1250"
            ecep:lem="find"
            ecep:pos="vvi"
            ecep:reg="find"
            ecep:spe="find"
            ecep:syllab="1"
            ecep:pron="faɪnd">find</w>
         <pc xml:id="pmp18-0101750"
             n="a-1260"
             ecep:lem=","
             ecep:pos=","
             ecep:reg=","
             ecep:spe=",">,</pc>
      </l>
      <l n="4" rendition="#h_3" xml:id="pmp18-l02685">
         <c> </c>
         <w xml:id="pmp18-0101760"
            n="a-1270"
            ecep:lem="to"
            ecep:pos="pc-acp"
            ecep:reg="To"
            ecep:spe="To"
            ecep:syllab="1"
            ecep:pron="tuː">To</w>
         <c> </c>
         <w xml:id="pmp18-0101770"
            n="a-1280"
            ecep:lem="combat"
            ecep:pos="vvi"
            ecep:reg="combat"
            ecep:spe="combat"
            ecep:syllab="2"
            ecep:pron="ˈkɒmbæt">combat</w>
         <c> </c>
         <w xml:id="pmp18-0101780"
            n="a-1290"
            ecep:lem="against"
            ecep:pos="p-acp"
            ecep:reg="against"
            ecep:spe="against"
            ecep:syllab="2"
            ecep:pron="əˈgenst">against</w>
         <c> </c>
         <w xml:id="pmp18-0101790"
            n="a-1300"
            ecep:lem="real"
            ecep:pos="j"
            ecep:reg="real"
            ecep:spe="real"
            ecep:syllab="1"
            ecep:pron="rɪəl">real</w>
         <c> </c>
         <w xml:id="pmp18-0101800"
            n="a-1310"
            ecep:lem="care"
            ecep:pos="n2"
            ecep:reg="Cares"
            ecep:spe="Cares"
            ecep:syllab="1"
            ecep:pron="keəz">Cares</w>
         <pc xml:id="pmp18-0101810"
             n="a-1320"
             unit="sentence"
             ecep:lem="."
             ecep:pos="."
             ecep:reg="."
             ecep:spe=".">.</pc>
         <c> </c>
      </l>
   </lg>
   <lg xml:id="pmp18-s00560">
      <head>
         <w xml:id="pmp18-0101850"
            n="a-1330"
            ecep:lem="ii"
            ecep:pos="crd"
            ecep:reg="II"
            ecep:spe="II"
            ecep:syllab="1"
            ecep:pron="rˌəʊməntˈuː">II</w>
         <pc xml:id="pmp18-0101860"
             n="a-1340"
             unit="sentence"
             ecep:lem="."
             ecep:pos="."
             ecep:reg="."
             ecep:spe=".">.</pc>
      </head>
      <l n="5" xml:id="pmp18-l02690">
         <w xml:id="pmp18-0101880"
            n="a-1350"
            ecep:lem="fancy"
            ecep:pos="n2"
            ecep:reg="Fancies"
            ecep:spe="Fancies"
            ecep:syllab="2"
            ecep:pron="ˈfænsiz">Fancies</w>
         <c> </c>
         <w xml:id="pmp18-0101890"
            n="a-1360"
            ecep:lem="and"
            ecep:pos="cc"
            ecep:reg="and"
            ecep:spe="and"
            ecep:syllab="1"
            ecep:pron="ænd">and</w>
         <c> </c>
         <w xml:id="pmp18-0101900"
            n="a-1370"
            ecep:lem="notion"
            ecep:pos="n2"
            ecep:reg="Notions"
            ecep:spe="Notions"
            ecep:syllab="2"
            ecep:pron="ˈnəʊʃnz">Notions</w>
         <c> </c>
         <w xml:id="pmp18-0101910"
            n="a-1380"
            ecep:lem="he"
            ecep:pos="pns31"
            ecep:reg="He"
            ecep:spe="He"
            ecep:syllab="1"
            ecep:pron="hiː">He</w>
         <c> </c>
         <w xml:id="pmp18-0101920"
            n="a-1390"
            ecep:lem="pursue"
            ecep:pos="vvz"
            ecep:reg="pursues"
            ecep:spe="pursues"
            ecep:syllab="2"
            ecep:pron="pəˈsjuːz">pursues</w>
         <pc xml:id="pmp18-0101930"
             n="a-1400"
             ecep:lem=","
             ecep:pos=","
             ecep:reg=","
             ecep:spe=",">,</pc>
      </l>
      <l n="6" rendition="#h_3" xml:id="pmp18-l02695">
         <c> </c>
         <w xml:id="pmp18-0101940"
            n="a-1410"
            ecep:lem="which"
            ecep:pos="r-crq"
            ecep:reg="Which"
            ecep:spe="Which"
            ecep:syllab="1"
            ecep:pron="wɪtʃ">Which</w>
         <c> </c>
         <w xml:id="pmp18-0101950"
            n="a-1420"
            ecep:lem="never"
            ecep:pos="av-x"
            ecep:reg="never"
            ecep:spe="ne'er"
            ecep:syllab="1"
            ecep:pron="neə">ne'er</w>
         <c> </c>
         <w xml:id="pmp18-0101960"
            n="a-1430"
            ecep:lem="have"
            ecep:pos="vhd"
            ecep:reg="had"
            ecep:spe="had"
            ecep:syllab="1"
            ecep:pron="hæd">had</w>
         <c> </c>
         <w xml:id="pmp18-0101970"
            n="a-1440"
            ecep:lem="be"
            ecep:pos="vbg"
            ecep:reg="Being"
            ecep:spe="Being"
            ecep:syllab="2"
            ecep:pron="ˈbiːɪŋ">Being</w>
         <c> </c>
         <w xml:id="pmp18-0101980"
            n="a-1450"
            ecep:lem="but"
            ecep:pos="p-acp"
            ecep:reg="but"
            ecep:spe="but"
            ecep:syllab="1"
            ecep:pron="bʌt">but</w>
         <c> </c>
         <w xml:id="pmp18-0101990"
            n="a-1460"
            ecep:lem="in"
            ecep:pos="p-acp"
            ecep:reg="in"
            ecep:spe="in"
            ecep:syllab="1"
            ecep:pron="ɪn">in</w>
         <c> </c>
         <w xml:id="pmp18-0102000"
            n="a-1470"
            ecep:lem="thought"
            ecep:pos="n1"
            ecep:reg="Thought"
            ecep:spe="Thought"
            ecep:syllab="1"
            ecep:pron="θɔːt">Thought</w>
         <pc xml:id="pmp18-0102010"
             n="a-1480"
             ecep:lem=":"
             ecep:pos=":"
             ecep:reg=":"
             ecep:spe=":">:</pc>
      </l>
      <l n="7" xml:id="pmp18-l02700">
         <c> </c>
         <w xml:id="pmp18-0102020"
            n="a-1490"
            ecep:lem="each"
            ecep:pos="d"
            ecep:reg="Each"
            ecep:spe="Each"
            ecep:syllab="1"
            ecep:pron="iːtʃ">Each</w>
         <pc xml:id="pmp18-0102030"
             n="a-1500"
             ecep:lem=","
             ecep:pos=","
             ecep:reg=","
             ecep:spe=",">,</pc>
         <c> </c>
         <w xml:id="pmp18-0102040"
            n="a-1510"
            ecep:lem="like"
            ecep:pos="av-j"
            ecep:reg="like"
            ecep:spe="like"
            ecep:syllab="1"
            ecep:pron="laɪk">like</w>
         <c> </c>
         <w xml:id="pmp18-0102050"
            n="a-1520"
            ecep:lem="the"
            ecep:pos="dt"
            ecep:reg="the"
            ecep:spe="the"
            ecep:syllab="1"
            ecep:pron="ðiː">the</w>
         <c> </c>
         <hi rendition="#sc">
            <w xml:id="pmp18-0102060"
               n="a-1530"
               ecep:lem="græcian"
               ecep:pos="jp"
               ecep:reg="Græcian"
               ecep:spe="Græcian"
               ecep:syllab="2"
               ecep:pron="grˈeɪʃiən">Græcian</w>
         </hi>
         <c> </c>
         <w xml:id="pmp18-0102070"
            n="a-1540"
            ecep:lem="artist"
            ecep:pos="n1"
            ecep:reg="Artist"
            ecep:spe="Artist"
            ecep:syllab="2"
            ecep:pron="ˈɑːtɪst">Artist</w>
         <pc xml:id="pmp18-0102080"
             n="a-1550"
             ecep:lem=","
             ecep:pos=","
             ecep:reg=","
             ecep:spe=",">,</pc>
         <c> </c>
         <w xml:id="pmp18-0102090"
            n="a-1560"
            ecep:lem="woo"
            ecep:pos="vvz"
            ecep:reg="woo's"
            ecep:spe="woo's"
            ecep:syllab="1"
            ecep:pron="ˈwuːz">woo's</w>
      </l>
      <l n="8" rendition="#h_3" xml:id="pmp18-l02705">
         <c> </c>
         <w xml:id="pmp18-0102100"
            n="a-1570"
            ecep:lem="the"
            ecep:pos="dt"
            ecep:reg="The"
            ecep:spe="The"
            ecep:syllab="1"
            ecep:pron="ðiː">The</w>
         <c> </c>
         <w xml:id="pmp18-0102110"
            n="a-1580"
            ecep:lem="image"
            ecep:pos="n1"
            ecep:reg="Image"
            ecep:spe="Image"
            ecep:syllab="2"
            ecep:pron="ˈɪmɪdʒ">Image</w>
         <c> </c>
         <w xml:id="pmp18-0102120"
            n="a-1590"
            ecep:lem="he"
            ecep:pos="pns31"
            ecep:reg="He"
            ecep:spe="He"
            ecep:syllab="1"
            ecep:pron="hiː">He</w>
         <c> </c>
         <w xml:id="pmp18-0102130"
            n="a-1600"
            ecep:lem="himself"
            ecep:pos="px31"
            ecep:reg="himself"
            ecep:spe="himself"
            ecep:syllab="2"
            ecep:pron="hɪmˈself">himself</w>
         <c> </c>
         <w xml:id="pmp18-0102140"
            n="a-1610"
            ecep:lem="have"
            ecep:pos="vhz"
            ecep:reg="has"
            ecep:spe="has"
            ecep:syllab="1"
            ecep:pron="hæz">has</w>
         <c> </c>
         <w xml:id="pmp18-0102150"
            n="a-1620"
            ecep:lem="wrought"
            ecep:pos="vvn"
            ecep:reg="wrought"
            ecep:spe="wrought"
            ecep:syllab="1"
            ecep:pron="rɔːt">wrought</w>
         <pc xml:id="pmp18-0102160"
             n="a-1630"
             unit="sentence"
             ecep:lem="."
             ecep:pos="."
             ecep:reg="."
             ecep:spe=".">.</pc>
         <c> </c>
      </l>
   </lg>
   <pb facs="pmp18/0071" n="25" rend="none"/>
   <lg xml:id="pmp18-s00565">
      <head>
         <w xml:id="pmp18-0102200"
            n="a-0010"
            ecep:lem="iii"
            ecep:pos="crd"
            ecep:reg="III"
            ecep:spe="III"
            ecep:syllab="1"
            ecep:pron="rˌəʊmənθrˈiː">III</w>
         <pc xml:id="pmp18-0102210"
             n="a-0020"
             unit="sentence"
             ecep:lem="."
             ecep:pos="."
             ecep:reg="."
             ecep:spe=".">.</pc>
      </head>
      <l n="9" xml:id="pmp18-l02710">
         <w xml:id="pmp18-0102230"
            n="a-0030"
            ecep:lem="against"
            ecep:pos="p-acp"
            ecep:reg="Against"
            ecep:spe="Against"
            ecep:syllab="2"
            ecep:pron="əˈgenst">Against</w>
         <c> </c>
         <w xml:id="pmp18-0102240"
            n="a-0040"
            ecep:lem="experience"
            ecep:pos="n1"
            ecep:reg="Experience"
            ecep:spe="Experience"
            ecep:syllab="4"
            ecep:pron="ɪkˈspɪəriəns">Experience</w>
         <c> </c>
         <w xml:id="pmp18-0102250"
            n="a-0050"
            ecep:lem="he"
            ecep:pos="pns31"
            ecep:reg="He"
            ecep:spe="He"
            ecep:syllab="1"
            ecep:pron="hiː">He</w>
         <c> </c>
         <w xml:id="pmp18-0102260"
            n="a-0060"
            ecep:lem="believe"
            ecep:pos="vvz"
            ecep:reg="believes"
            ecep:spe="believes"
            ecep:syllab="2"
            ecep:pron="bɪˈliːvz">believes</w>
         <pc xml:id="pmp18-0102270"
             n="a-0070"
             ecep:lem=":"
             ecep:pos=":"
             ecep:reg=":"
             ecep:spe=":">:</pc>
      </l>
      <l n="10" rendition="#h_3" xml:id="pmp18-l02715">
         <c> </c>
         <w xml:id="pmp18-0102280"
            n="a-0080"
            ecep:lem="he"
            ecep:pos="pns31"
            ecep:reg="He"
            ecep:spe="He"
            ecep:syllab="1"
            ecep:pron="hiː">He</w>
         <c> </c>
         <w xml:id="pmp18-0102290"
            n="a-0090"
            ecep:lem="argue"
            ecep:pos="vvz"
            ecep:reg="argues"
            ecep:spe="argues"
            ecep:syllab="2"
            ecep:pron="ˈɑːgjuːz">argues</w>
         <c> </c>
         <w xml:id="pmp18-0102300"
            n="a-0100"
            ecep:lem="against"
            ecep:pos="p-acp"
            ecep:reg="against"
            ecep:spe="against"
            ecep:syllab="2"
            ecep:pron="əˈgenst">against</w>
         <c> </c>
         <w xml:id="pmp18-0102310"
            n="a-0110"
            ecep:lem="demonstration"
            ecep:pos="n1"
            ecep:reg="Demonstration"
            ecep:spe="Demonstration"
            ecep:syllab="4"
            ecep:pron="ˌdemənˈstreɪʃn">Demonstration</w>
         <pc xml:id="pmp18-0102320"
             n="a-0120"
             ecep:lem=","
             ecep:pos=","
             ecep:reg=","
             ecep:spe=",">,</pc>
      </l>
      <l n="11" xml:id="pmp18-l02720">
         <c> </c>
         <w xml:id="pmp18-0102330"
            n="a-0130"
            ecep:lem="please"
            ecep:pos="vvn"
            ecep:reg="Pleased"
            ecep:spe="Pleas'd"
            ecep:syllab="1"
            ecep:pron="pliːzd">Pleas'd</w>
         <pc xml:id="pmp18-0102340"
             n="a-0140"
             ecep:lem=","
             ecep:pos=","
             ecep:reg=","
             ecep:spe=",">,</pc>
         <c> </c>
         <w xml:id="pmp18-0102350"
            n="a-0150"
            ecep:lem="when"
            ecep:pos="c-crq"
            ecep:reg="when"
            ecep:spe="when"
            ecep:syllab="1"
            ecep:pron="wen">when</w>
         <c> </c>
         <w xml:id="pmp18-0102360"
            n="a-0160"
            ecep:lem="his"
            ecep:pos="po31"
            ecep:reg="his"
            ecep:spe="his"
            ecep:syllab="1"
            ecep:pron="hɪz">his</w>
         <c> </c>
         <w xml:id="pmp18-0102370"
            n="a-0170"
            ecep:lem="reason"
            ecep:pos="n1"
            ecep:reg="Reason"
            ecep:spe="Reason"
            ecep:syllab="2"
            ecep:pron="ˈriːzn">Reason</w>
         <c> </c>
         <w xml:id="pmp18-0102380"
            n="a-0180"
            ecep:lem="he"
            ecep:pos="pns31"
            ecep:reg="He"
            ecep:spe="He"
            ecep:syllab="1"
            ecep:pron="hiː">He</w>
         <c> </c>
         <w xml:id="pmp18-0102390"
            n="a-0190"
            ecep:lem="deceive"
            ecep:pos="vvz"
            ecep:reg="deceives"
            ecep:spe="deceives"
            ecep:syllab="3"
            ecep:pron="dɪˈsiːvz">deceives</w>
         <pc xml:id="pmp18-0102400"
             n="a-0200"
             ecep:lem=";"
             ecep:pos=";"
             ecep:reg=";"
             ecep:spe=";">;</pc>
      </l>
      <l n="12" rendition="#h_3" xml:id="pmp18-l02725">
         <c> </c>
         <w xml:id="pmp18-0102410"
            n="a-0210"
            ecep:lem="and"
            ecep:pos="cc"
            ecep:reg="And"
            ecep:spe="And"
            ecep:syllab="1"
            ecep:pron="ænd">And</w>
         <c> </c>
         <w xml:id="pmp18-0102420"
            n="a-0220"
            ecep:lem="set"
            ecep:pos="vvz"
            ecep:reg="sets"
            ecep:spe="sets"
            ecep:syllab="1"
            ecep:pron="sets">sets</w>
         <c> </c>
         <w xml:id="pmp18-0102430"
            n="a-0230"
            ecep:lem="his"
            ecep:pos="po31"
            ecep:reg="his"
            ecep:spe="his"
            ecep:syllab="1"
            ecep:pron="hɪz">his</w>
         <c> </c>
         <w xml:id="pmp18-0102440"
            n="a-0240"
            ecep:lem="judgement"
            ecep:pos="n1"
            ecep:reg="Judgement"
            ecep:spe="Judgment"
            ecep:syllab="2"
            ecep:pron="ˈdʒʌdʒmənt">Judgment</w>
         <c> </c>
         <w xml:id="pmp18-0102450"
            n="a-0250"
            ecep:lem="by"
            ecep:pos="p-acp"
            ecep:reg="by"
            ecep:spe="by"
            ecep:syllab="1"
            ecep:pron="baɪ">by</w>
         <c> </c>
         <w xml:id="pmp18-0102460"
            n="a-0260"
            ecep:lem="his"
            ecep:pos="po31"
            ecep:reg="his"
            ecep:spe="his"
            ecep:syllab="1"
            ecep:pron="hɪz">his</w>
         <c> </c>
         <w xml:id="pmp18-0102470"
            n="a-0270"
            ecep:lem="passion"
            ecep:pos="n1"
            ecep:reg="Passion"
            ecep:spe="Passion"
            ecep:syllab="2"
            ecep:pron="ˈpæʃn">Passion</w>
         <pc xml:id="pmp18-0102480"
             n="a-0280"
             unit="sentence"
             ecep:lem="."
             ecep:pos="."
             ecep:reg="."
             ecep:spe=".">.</pc>
         <c> </c>
      </l>
   </lg>
   <lg xml:id="pmp18-s00570">
      <head>
         <w xml:id="pmp18-0102520"
            n="a-0290"
            ecep:lem="iv"
            ecep:pos="crd"
            ecep:reg="IV"
            ecep:spe="IV"
            ecep:syllab="1"
            ecep:pron="rˌəʊmənfˈɔː">IV</w>
         <pc xml:id="pmp18-0102530"
             n="a-0300"
             unit="sentence"
             ecep:lem="."
             ecep:pos="."
             ecep:reg="."
             ecep:spe=".">.</pc>
      </head>
      <l n="13" xml:id="pmp18-l02730">
         <w xml:id="pmp18-0102550"
            n="a-0310"
            ecep:lem="the"
            ecep:pos="dt"
            ecep:reg="The"
            ecep:spe="The"
            ecep:syllab="1"
            ecep:pron="ðiː">The</w>
         <c> </c>
         <w xml:id="pmp18-0102560"
            n="a-0320"
            ecep:lem="hoary"
            ecep:pos="j"
            ecep:reg="hoary"
            ecep:spe="hoary"
            ecep:syllab="2"
            ecep:pron="ˈhɔːri">hoary</w>
         <c> </c>
         <w xml:id="pmp18-0102570"
            n="a-0330"
            ecep:lem="fool"
            ecep:pos="n1"
            ecep:reg="Fool"
            ecep:spe="Fool"
            ecep:syllab="1"
            ecep:pron="fuːl">Fool</w>
         <pc xml:id="pmp18-0102580"
             n="a-0340"
             ecep:lem=","
             ecep:pos=","
             ecep:reg=","
             ecep:spe=",">,</pc>
         <c> </c>
         <w xml:id="pmp18-0102590"
            n="a-0350"
            ecep:lem="who"
            ecep:pos="r-crq"
            ecep:reg="who"
            ecep:spe="who"
            ecep:syllab="1"
            ecep:pron="huː">who</w>
         <c> </c>
         <w xml:id="pmp18-0102600"
            n="a-0360"
            ecep:lem="many"
            ecep:pos="d"
            ecep:reg="many"
            ecep:spe="many"
            ecep:syllab="2"
            ecep:pron="ˈmeni">many</w>
         <c> </c>
         <w xml:id="pmp18-0102610"
            n="a-0370"
            ecep:lem="day"
            ecep:pos="n2"
            ecep:reg="Days"
            ecep:spe="Days"
            ecep:syllab="1"
            ecep:pron="deɪz">Days</w>
      </l>
      <l n="14" rendition="#h_3" xml:id="pmp18-l02735">
         <c> </c>
         <w xml:id="pmp18-0102620"
            n="a-0380"
            ecep:lem="have"
            ecep:pos="vhz"
            ecep:reg="Has"
            ecep:spe="Has"
            ecep:syllab="1"
            ecep:pron="hæz">Has</w>
         <c> </c>
         <w xml:id="pmp18-0102630"
            n="a-0390"
            ecep:lem="struggle"
            ecep:pos="vvn"
            ecep:reg="struggled"
            ecep:spe="struggl'd"
            ecep:syllab="1"
            ecep:pron="ˈstrʌgld">struggl'd</w>
         <c> </c>
         <w xml:id="pmp18-0102640"
            n="a-0400"
            ecep:lem="with"
            ecep:pos="p-acp"
            ecep:reg="with"
            ecep:spe="with"
            ecep:syllab="1"
            ecep:pron="wɪð">with</w>
         <c> </c>
         <w xml:id="pmp18-0102650"
            n="a-0410"
            ecep:lem="continue"
            ecep:pos="j-vvn"
            ecep:reg="continued"
            ecep:spe="continu'd"
            ecep:syllab="3"
            ecep:pron="kənˈtɪnjuːd">continu'd</w>
         <c> </c>
         <w xml:id="pmp18-0102660"
            n="a-0420"
            ecep:lem="sorrow"
            ecep:pos="n1"
            ecep:reg="Sorrow"
            ecep:spe="Sorrow"
            ecep:syllab="2"
            ecep:pron="ˈsɒrəʊ">Sorrow</w>
         <pc xml:id="pmp18-0102670"
             n="a-0430"
             ecep:lem=","
             ecep:pos=","
             ecep:reg=","
             ecep:spe=",">,</pc>
      </l>
      <l n="15" xml:id="pmp18-l02740">
         <c> </c>
         <w xml:id="pmp18-0102680"
            n="a-0440"
            ecep:lem="renew"
            ecep:pos="vvz"
            ecep:reg="Renews"
            ecep:spe="Renews"
            ecep:syllab="2"
            ecep:pron="rɪˈnjuːz">Renews</w>
         <c> </c>
         <w xml:id="pmp18-0102690"
            n="a-0450"
            ecep:lem="his"
            ecep:pos="po31"
            ecep:reg="his"
            ecep:spe="his"
            ecep:syllab="1"
            ecep:pron="hɪz">his</w>
         <c> </c>
         <w xml:id="pmp18-0102700"
            n="a-0460"
            ecep:lem="hope"
            ecep:pos="n1"
            ecep:reg="Hope"
            ecep:spe="Hope"
            ecep:syllab="1"
            ecep:pron="həʊp">Hope</w>
         <pc xml:id="pmp18-0102710"
             n="a-0470"
             ecep:lem=","
             ecep:pos=","
             ecep:reg=","
             ecep:spe=",">,</pc>
         <c> </c>
         <w xml:id="pmp18-0102720"
            n="a-0480"
            ecep:lem="and"
            ecep:pos="cc"
            ecep:reg="and"
            ecep:spe="and"
            ecep:syllab="1"
            ecep:pron="ænd">and</w>
         <c> </c>
         <w xml:id="pmp18-0102730"
            n="a-0490"
            ecep:lem="blind"
            ecep:pos="av-j"
            ecep:reg="blindly"
            ecep:spe="blindly"
            ecep:syllab="2"
            ecep:pron="blaɪndli">blindly</w>
         <c> </c>
         <w xml:id="pmp18-0102740"
            n="a-0500"
            ecep:lem="lay"
            ecep:pos="vvz"
            ecep:reg="lays"
            ecep:spe="lays"
            ecep:syllab="1"
            ecep:pron="leɪz">lays</w>
      </l>
      <l n="16" rendition="#h_3" xml:id="pmp18-l02745">
         <c> </c>
         <w xml:id="pmp18-0102750"
            n="a-0510"
            ecep:lem="the"
            ecep:pos="dt"
            ecep:reg="The"
            ecep:spe="The"
            ecep:syllab="1"
            ecep:pron="ðiː">The</w>
         <c> </c>
         <w xml:id="pmp18-0102760"
            n="a-0520"
            ecep:lem="desperate"
            ecep:pos="j"
            ecep:reg="desperate"
            ecep:spe="desp'rate"
            ecep:syllab="2"
            ecep:pron="ˈdesprət">desp'rate</w>
         <c> </c>
         <w xml:id="pmp18-0102770"
            n="a-0530"
            ecep:lem="bet"
            ecep:pos="n1"
            ecep:reg="Bet"
            ecep:spe="Bett"
            ecep:syllab="1"
            ecep:pron="bˈet">Bett</w>
         <c> </c>
         <w xml:id="pmp18-0102780"
            n="a-0540"
            ecep:lem="upon"
            ecep:pos="p-acp"
            ecep:reg="upon"
            ecep:spe="upon"
            ecep:syllab="2"
            ecep:pron="əˈpɒn">upon</w>
         <c> </c>
         <w xml:id="pmp18-0102790"
            n="a-0550"
            ecep:lem="tomorrow"
            ecep:pos="av-an"
            ecep:reg="Tomorrow"
            ecep:spe="To-morrow"
            ecep:syllab="3"
            ecep:pron="təˈmɒrəʊ">To-morrow</w>
         <pc xml:id="pmp18-0102800"
             n="a-0560"
             unit="sentence"
             ecep:lem="."
             ecep:pos="."
             ecep:reg="."
             ecep:spe=".">.</pc>
         <c> </c>
      </l>
   </lg>
   <lg xml:id="pmp18-s00575">
      <head>
         <w xml:id="pmp18-0102840"
            n="a-0570"
            ecep:lem="v."
            ecep:pos="crd"
            ecep:reg="V"
            ecep:spe="V."
            ecep:syllab="1"
            ecep:pron="viː">V.</w>
         <pc unit="sentence" xml:id="pmp18-0102840-eos" n="a-0580"/>
      </head>
      <l n="17" xml:id="pmp18-l02750">
         <w xml:id="pmp18-0102860"
            n="a-0590"
            ecep:lem="tomorrow"
            ecep:pos="av-an"
            ecep:reg="Tomorrow"
            ecep:spe="To-morrow"
            ecep:syllab="3"
            ecep:pron="təˈmɒrəʊ">To-morrow</w>
         <c> </c>
         <w xml:id="pmp18-0102870"
            n="a-0600"
            ecep:lem="come"
            ecep:pos="vvz"
            ecep:reg="comes"
            ecep:spe="comes"
            ecep:syllab="1"
            ecep:pron="kʌmz">comes</w>
         <pc xml:id="pmp18-0102880"
             n="a-0610"
             ecep:lem=":"
             ecep:pos=":"
             ecep:reg=":"
             ecep:spe=":">:</pc>
         <c> </c>
         <w xml:id="pmp18-0102890"
            n="a-0620"
            ecep:lem="it|be"
            ecep:pos="pn31|vbz"
            ecep:reg="it's"
            ecep:spe="'tis"
            ecep:syllab="1"
            ecep:pron="tɪz">'tis</w>
         <c> </c>
         <w xml:id="pmp18-0102900"
            n="a-0630"
            ecep:lem="noon"
            ecep:pos="n1"
            ecep:reg="Noon"
            ecep:spe="Noon"
            ecep:syllab="1"
            ecep:pron="nuːn">Noon</w>
         <pc xml:id="pmp18-0102910"
             n="a-0640"
             ecep:lem=":"
             ecep:pos=":"
             ecep:reg=":"
             ecep:spe=":">:</pc>
         <c> </c>
         <w xml:id="pmp18-0102920"
            n="a-0650"
            ecep:lem="it|be"
            ecep:pos="pn31|vbz"
            ecep:reg="it's"
            ecep:spe="'tis"
            ecep:syllab="1"
            ecep:pron="tɪz">'tis</w>
         <c> </c>
         <w xml:id="pmp18-0102930"
            n="a-0660"
            ecep:lem="night"
            ecep:pos="n1"
            ecep:reg="Night"
            ecep:spe="Night"
            ecep:syllab="1"
            ecep:pron="naɪt">Night</w>
         <pc xml:id="pmp18-0102940"
             n="a-0670"
             ecep:lem=":"
             ecep:pos=":"
             ecep:reg=":"
             ecep:spe=":">:</pc>
      </l>
      <l n="18" rendition="#h_3" xml:id="pmp18-l02755">
         <c> </c>
         <w xml:id="pmp18-0102950"
            n="a-0680"
            ecep:lem="this"
            ecep:pos="d"
            ecep:reg="This"
            ecep:spe="This"
            ecep:syllab="1"
            ecep:pron="ðɪs">This</w>
         <c> </c>
         <w xml:id="pmp18-0102960"
            n="a-0690"
            ecep:lem="day"
            ecep:pos="n1"
            ecep:reg="Day"
            ecep:spe="Day"
            ecep:syllab="1"
            ecep:pron="deɪ">Day</w>
         <c> </c>
         <w xml:id="pmp18-0102970"
            n="a-0700"
            ecep:lem="like"
            ecep:pos="av-j"
            ecep:reg="like"
            ecep:spe="like"
            ecep:syllab="1"
            ecep:pron="laɪk">like</w>
         <c> </c>
         <w xml:id="pmp18-0102980"
            n="a-0710"
            ecep:lem="all"
            ecep:pos="d"
            ecep:reg="all"
            ecep:spe="all"
            ecep:syllab="1"
            ecep:pron="ɔːl">all</w>
         <c> </c>
         <w xml:id="pmp18-0102990"
            n="a-0720"
            ecep:lem="the"
            ecep:pos="dt"
            ecep:reg="the"
            ecep:spe="the"
            ecep:syllab="1"
            ecep:pron="ðiː">the</w>
         <c> </c>
         <w xml:id="pmp18-0103000"
            n="a-0730"
            ecep:lem="former"
            ecep:pos="j"
            ecep:reg="former"
            ecep:spe="former"
            ecep:syllab="2"
            ecep:pron="ˈfɔːmə">former</w>
         <c> </c>
         <w xml:id="pmp18-0103010"
            n="a-0740"
            ecep:lem="fly"
            ecep:pos="n2"
            ecep:reg="flies"
            ecep:spe="flies"
            ecep:syllab="1"
            ecep:pron="flaɪz">flies</w>
         <pc xml:id="pmp18-0103020"
             n="a-0750"
             ecep:lem=":"
             ecep:pos=":"
             ecep:reg=":"
             ecep:spe=":">:</pc>
      </l>
      <l n="19" xml:id="pmp18-l02760">
         <c> </c>
         <w xml:id="pmp18-0103030"
            n="a-0760"
            ecep:lem="yet"
            ecep:pos="av"
            ecep:reg="Yet"
            ecep:spe="Yet"
            ecep:syllab="1"
            ecep:pron="jet">Yet</w>
         <c> </c>
         <w xml:id="pmp18-0103040"
            n="a-0770"
            ecep:lem="on"
            ecep:pos="p-acp"
            ecep:reg="on"
            ecep:spe="on"
            ecep:syllab="1"
            ecep:pron="ɒn">on</w>
         <c> </c>
         <w xml:id="pmp18-0103050"
            n="a-0780"
            ecep:lem="he"
            ecep:pos="pns31"
            ecep:reg="He"
            ecep:spe="He"
            ecep:syllab="1"
            ecep:pron="hiː">He</w>
         <c> </c>
         <w xml:id="pmp18-0103060"
            n="a-0790"
            ecep:lem="run"
            ecep:pos="vvz"
            ecep:reg="runs"
            ecep:spe="runs"
            ecep:syllab="1"
            ecep:pron="rʌnz">runs</w>
         <c> </c>
         <w xml:id="pmp18-0103070"
            n="a-0800"
            ecep:lem="to"
            ecep:pos="pc-acp"
            ecep:reg="to"
            ecep:spe="to"
            ecep:syllab="1"
            ecep:pron="tuː">to</w>
         <c> </c>
         <w xml:id="pmp18-0103080"
            n="a-0810"
            ecep:lem="seek"
            ecep:pos="vvi"
            ecep:reg="seek"
            ecep:spe="seek"
            ecep:syllab="1"
            ecep:pron="siːk">seek</w>
         <c> </c>
         <w xml:id="pmp18-0103090"
            n="a-0820"
            ecep:lem="delight"
            ecep:pos="n1"
            ecep:reg="Delight"
            ecep:spe="Delight"
            ecep:syllab="2"
            ecep:pron="dɪˈlaɪt">Delight</w>
      </l>
      <l n="20" rendition="#h_3" xml:id="pmp18-l02765">
         <c> </c>
         <w xml:id="pmp18-0103100"
            n="a-0830"
            ecep:lem="tomorrow"
            ecep:pos="av-an"
            ecep:reg="Tomorrow"
            ecep:spe="To-morrow"
            ecep:syllab="3"
            ecep:pron="təˈmɒrəʊ">To-morrow</w>
         <pc xml:id="pmp18-0103110"
             n="a-0840"
             ecep:lem=","
             ecep:pos=","
             ecep:reg=","
             ecep:spe=",">,</pc>
         <c> </c>
         <w xml:id="pmp18-0103120"
            n="a-0850"
            ecep:lem="until"
            ecep:pos="c-acp"
            ecep:reg="till"
            ecep:spe="'till"
            ecep:syllab="1"
            ecep:pron="tˈɪl">'till</w>
         <c> </c>
         <w xml:id="pmp18-0103130"
            n="a-0860"
            ecep:lem="tonight"
            ecep:pos="av-an"
            ecep:reg="Tonight"
            ecep:spe="To-night"
            ecep:syllab="2"
            ecep:pron="təˈnaɪt">To-night</w>
         <c> </c>
         <w xml:id="pmp18-0103140"
            n="a-0870"
            ecep:lem="he"
            ecep:pos="pns31"
            ecep:reg="He"
            ecep:spe="He"
            ecep:syllab="1"
            ecep:pron="hiː">He</w>
         <c> </c>
         <w xml:id="pmp18-0103150"
            n="a-0880"
            ecep:lem="die"
            ecep:pos="vvz"
            ecep:reg="dies"
            ecep:spe="dies"
            ecep:syllab="1"
            ecep:pron="daɪz">dies</w>
         <pc xml:id="pmp18-0103160"
             n="a-0890"
             unit="sentence"
             ecep:lem="."
             ecep:pos="."
             ecep:reg="."
             ecep:spe=".">.</pc>
         <c> </c>
      </l>
   </lg>
   <lg xml:id="pmp18-s00580">
      <head>
         <w xml:id="pmp18-0103200"
            n="a-0900"
            ecep:lem="vi"
            ecep:pos="crd"
            ecep:reg="VI"
            ecep:spe="VI"
            ecep:syllab="1"
            ecep:pron="ˈvaɪ">VI</w>
         <pc xml:id="pmp18-0103210"
             n="a-0910"
             unit="sentence"
             ecep:lem="."
             ecep:pos="."
             ecep:reg="."
             ecep:spe=".">.</pc>
      </head>
      <l n="21" xml:id="pmp18-l02770">
         <w xml:id="pmp18-0103230"
            n="a-0920"
            ecep:lem="our"
            ecep:pos="po12"
            ecep:reg="Our"
            ecep:spe="Our"
            ecep:syllab="1"
            ecep:pron="æə">Our</w>
         <c> </c>
         <w xml:id="pmp18-0103240"
            n="a-0930"
            ecep:lem="hope"
            ecep:pos="n2"
            ecep:reg="Hopes"
            ecep:spe="Hopes"
            ecep:syllab="1"
            ecep:pron="həʊps">Hopes</w>
         <pc xml:id="pmp18-0103250"
             n="a-0940"
             ecep:lem=","
             ecep:pos=","
             ecep:reg=","
             ecep:spe=",">,</pc>
         <c> </c>
         <w xml:id="pmp18-0103260"
            n="a-0950"
            ecep:lem="like"
            ecep:pos="av-j"
            ecep:reg="like"
            ecep:spe="like"
            ecep:syllab="1"
            ecep:pron="laɪk">like</w>
         <c> </c>
         <w xml:id="pmp18-0103270"
            n="a-0960"
            ecep:lem="tower"
            ecep:pos="j-vvg"
            ecep:reg="towering"
            ecep:spe="tow'ring"
            ecep:syllab="2"
            ecep:pron="ˈtaʊəɪŋ">tow'ring</w>
         <c> </c>
         <w xml:id="pmp18-0103280"
            n="a-0970"
            ecep:lem="falcon"
            ecep:pos="n2"
            ecep:reg="Falcons"
            ecep:spe="Falcons"
            ecep:syllab="2"
            ecep:pron="ˈfɔːlknz">Falcons</w>
         <pc xml:id="pmp18-0103290"
             n="a-0980"
             ecep:lem=","
             ecep:pos=","
             ecep:reg=","
             ecep:spe=",">,</pc>
         <c> </c>
         <w xml:id="pmp18-0103300"
            n="a-0990"
            ecep:lem="aim"
            ecep:pos="vvb"
            ecep:reg="aim"
            ecep:spe="aim"
            ecep:syllab="1"
            ecep:pron="eɪm">aim</w>
      </l>
      <l n="22" rendition="#h_3" xml:id="pmp18-l02775">
         <c> </c>
         <w xml:id="pmp18-0103310"
            n="a-1000"
            ecep:lem="at"
            ecep:pos="p-acp"
            ecep:reg="At"
            ecep:spe="At"
            ecep:syllab="1"
            ecep:pron="æt">At</w>
         <c> </c>
         <w xml:id="pmp18-0103320"
            n="a-1010"
            ecep:lem="object"
            ecep:pos="n2"
            ecep:reg="Objects"
            ecep:spe="Objects"
            ecep:syllab="2"
            ecep:pron="ˈɒbdʒɪkts">Objects</w>
         <c> </c>
         <w xml:id="pmp18-0103330"
            n="a-1020"
            ecep:lem="in"
            ecep:pos="p-acp"
            ecep:reg="in"
            ecep:spe="in"
            ecep:syllab="1"
            ecep:pron="ɪn">in</w>
         <c> </c>
         <w xml:id="pmp18-0103340"
            n="a-1030"
            ecep:lem="a"
            ecep:pos="dt"
            ecep:reg="an"
            ecep:spe="an"
            ecep:syllab="1"
            ecep:pron="æn">an</w>
         <c> </c>
         <w xml:id="pmp18-0103350"
            n="a-1040"
            ecep:lem="airy"
            ecep:pos="j"
            ecep:reg="airy"
            ecep:spe="airy"
            ecep:syllab="2"
            ecep:pron="ˈeəri">airy</w>
         <c> </c>
         <w xml:id="pmp18-0103360"
            n="a-1050"
            ecep:lem="height"
            ecep:pos="n1"
            ecep:reg="height"
            ecep:spe="height"
            ecep:syllab="1"
            ecep:pron="haɪt">height</w>
         <pc xml:id="pmp18-0103370"
             n="a-1060"
             ecep:lem=":"
             ecep:pos=":"
             ecep:reg=":"
             ecep:spe=":">:</pc>
      </l>
      <l n="23" xml:id="pmp18-l02780">
         <c> </c>
         <w xml:id="pmp18-0103380"
            n="a-1070"
            ecep:lem="the"
            ecep:pos="dt"
            ecep:reg="The"
            ecep:spe="The"
            ecep:syllab="1"
            ecep:pron="ðiː">The</w>
         <c> </c>
         <w xml:id="pmp18-0103390"
            n="a-1080"
            ecep:lem="little"
            ecep:pos="j"
            ecep:reg="little"
            ecep:spe="little"
            ecep:syllab="2"
            ecep:pron="ˈlɪtl">little</w>
         <c> </c>
         <w xml:id="pmp18-0103400"
            n="a-1090"
            ecep:lem="pleasure"
            ecep:pos="n1"
            ecep:reg="Pleasure"
            ecep:spe="Pleasure"
            ecep:syllab="2"
            ecep:pron="ˈpleʒə">Pleasure</w>
         <c> </c>
         <w xml:id="pmp18-0103410"
            n="a-1100"
            ecep:lem="of"
            ecep:pos="pp-f"
            ecep:reg="of"
            ecep:spe="of"
            ecep:syllab="1"
            ecep:pron="ɒv">of</w>
         <c> </c>
         <w xml:id="pmp18-0103420"
            n="a-1110"
            ecep:lem="the"
            ecep:pos="dt"
            ecep:reg="the"
            ecep:spe="the"
            ecep:syllab="1"
            ecep:pron="ðiː">the</w>
         <c> </c>
         <w xml:id="pmp18-0103430"
            n="a-1120"
            ecep:lem="game"
            ecep:pos="n1"
            ecep:reg="Game"
            ecep:spe="Game"
            ecep:syllab="1"
            ecep:pron="geɪm">Game</w>
      </l>
      <l n="24" rendition="#h_3" xml:id="pmp18-l02785">
         <c> </c>
         <w xml:id="pmp18-0103440"
            n="a-1130"
            ecep:lem="be"
            ecep:pos="vbz"
            ecep:reg="Is"
            ecep:spe="Is"
            ecep:syllab="1"
            ecep:pron="ɪz">Is</w>
         <c> </c>
         <w xml:id="pmp18-0103450"
            n="a-1140"
            ecep:lem="from"
            ecep:pos="p-acp"
            ecep:reg="from"
            ecep:spe="from"
            ecep:syllab="1"
            ecep:pron="frɒm">from</w>
         <c> </c>
         <w xml:id="pmp18-0103460"
            n="a-1150"
            ecep:lem="afar"
            ecep:pos="av"
            ecep:reg="afar"
            ecep:spe="afar"
            ecep:syllab="2"
            ecep:pron="əˈfɑː">afar</w>
         <c> </c>
         <w xml:id="pmp18-0103470"
            n="a-1160"
            ecep:lem="to"
            ecep:pos="pc-acp"
            ecep:reg="to"
            ecep:spe="to"
            ecep:syllab="1"
            ecep:pron="tuː">to</w>
         <c> </c>
         <w xml:id="pmp18-0103480"
            n="a-1170"
            ecep:lem="view"
            ecep:pos="vvi"
            ecep:reg="view"
            ecep:spe="view"
            ecep:syllab="1"
            ecep:pron="vjuː">view</w>
         <c> </c>
         <w xml:id="pmp18-0103490"
            n="a-1180"
            ecep:lem="the"
            ecep:pos="dt"
            ecep:reg="the"
            ecep:spe="the"
            ecep:syllab="1"
            ecep:pron="ðiː">the</w>
         <c> </c>
         <w xml:id="pmp18-0103500"
            n="a-1190"
            ecep:lem="flight"
            ecep:pos="n1"
            ecep:reg="Flight"
            ecep:spe="Flight"
            ecep:syllab="1"
            ecep:pron="flaɪt">Flight</w>
         <pc xml:id="pmp18-0103510"
             n="a-1200"
             unit="sentence"
             ecep:lem="."
             ecep:pos="."
             ecep:reg="."
             ecep:spe=".">.</pc>
         <c> </c>
      </l>
   </lg>
   <lg xml:id="pmp18-s00585">
      <head>
         <w xml:id="pmp18-0103550"
            n="a-1210"
            ecep:lem="vii"
            ecep:pos="crd"
            ecep:reg="VII"
            ecep:spe="VII"
            ecep:syllab="1"
            ecep:pron="rˌəʊmənsˈevən">VII</w>
         <pc xml:id="pmp18-0103560"
             n="a-1220"
             unit="sentence"
             ecep:lem="."
             ecep:pos="."
             ecep:reg="."
             ecep:spe=".">.</pc>
      </head>
      <l n="25" xml:id="pmp18-l02790">
         <w xml:id="pmp18-0103580"
            n="a-1230"
            ecep:lem="our"
            ecep:pos="po12"
            ecep:reg="Our"
            ecep:spe="Our"
            ecep:syllab="1"
            ecep:pron="æə">Our</w>
         <c> </c>
         <w xml:id="pmp18-0103590"
            n="a-1240"
            ecep:lem="anxious"
            ecep:pos="j"
            ecep:reg="anxious"
            ecep:spe="anxious"
            ecep:syllab="2"
            ecep:pron="ˈæŋʃəs">anxious</w>
         <c> </c>
         <w xml:id="pmp18-0103600"
            n="a-1250"
            ecep:lem="pain"
            ecep:pos="n2"
            ecep:reg="Pains"
            ecep:spe="Pains"
            ecep:syllab="1"
            ecep:pron="peɪnz">Pains</w>
         <c> </c>
         <w xml:id="pmp18-0103610"
            n="a-1260"
            ecep:lem="we"
            ecep:pos="pns12"
            ecep:reg="We"
            ecep:spe="We"
            ecep:syllab="1"
            ecep:pron="wiː">We</w>
         <pc xml:id="pmp18-0103620"
             n="a-1270"
             ecep:lem=","
             ecep:pos=","
             ecep:reg=","
             ecep:spe=",">,</pc>
         <c> </c>
         <w xml:id="pmp18-0103630"
            n="a-1280"
            ecep:lem="all"
            ecep:pos="d"
            ecep:reg="all"
            ecep:spe="all"
            ecep:syllab="1"
            ecep:pron="ɔːl">all</w>
         <c> </c>
         <w xml:id="pmp18-0103640"
            n="a-1290"
            ecep:lem="the"
            ecep:pos="dt"
            ecep:reg="the"
            ecep:spe="the"
            ecep:syllab="1"
            ecep:pron="ðiː">the</w>
         <c> </c>
         <w xml:id="pmp18-0103650"
            n="a-1300"
            ecep:lem="day"
            ecep:pos="n1"
            ecep:reg="Day"
            ecep:spe="Day"
            ecep:syllab="1"
            ecep:pron="deɪ">Day</w>
         <pc xml:id="pmp18-0103660"
             n="a-1310"
             ecep:lem=","
             ecep:pos=","
             ecep:reg=","
             ecep:spe=",">,</pc>
      </l>
      <l n="26" rendition="#h_3" xml:id="pmp18-l02795">
         <c> </c>
         <w xml:id="pmp18-0103670"
            n="a-1320"
            ecep:lem="in"
            ecep:pos="p-acp"
            ecep:reg="In"
            ecep:spe="In"
            ecep:syllab="1"
            ecep:pron="ɪn">In</w>
         <c> </c>
         <w xml:id="pmp18-0103680"
            n="a-1330"
            ecep:lem="search"
            ecep:pos="n1"
            ecep:reg="search"
            ecep:spe="search"
            ecep:syllab="1"
            ecep:pron="sɜːtʃ">search</w>
         <c> </c>
         <w xml:id="pmp18-0103690"
            n="a-1340"
            ecep:lem="of"
            ecep:pos="pp-f"
            ecep:reg="of"
            ecep:spe="of"
            ecep:syllab="1"
            ecep:pron="ɒv">of</w>
         <c> </c>
         <w xml:id="pmp18-0103700"
            n="a-1350"
            ecep:lem="what"
            ecep:pos="r-crq"
            ecep:reg="what"
            ecep:spe="what"
            ecep:syllab="1"
            ecep:pron="wɒt">what</w>
         <c> </c>
         <w xml:id="pmp18-0103710"
            n="a-1360"
            ecep:lem="we"
            ecep:pos="pns12"
            ecep:reg="We"
            ecep:spe="We"
            ecep:syllab="1"
            ecep:pron="wiː">We</w>
         <c> </c>
         <w xml:id="pmp18-0103720"
            n="a-1370"
            ecep:lem="like"
            ecep:pos="vvb"
            ecep:reg="like"
            ecep:spe="like"
            ecep:syllab="1"
            ecep:pron="laɪk">like</w>
         <pc xml:id="pmp18-0103730"
             n="a-1380"
             ecep:lem=","
             ecep:pos=","
             ecep:reg=","
             ecep:spe=",">,</pc>
         <c> </c>
         <w xml:id="pmp18-0103740"
            n="a-1390"
            ecep:lem="employ"
            ecep:pos="vvb"
            ecep:reg="employ"
            ecep:spe="employ"
            ecep:syllab="2"
            ecep:pron="ɪmˈplɔɪ">employ</w>
         <pc xml:id="pmp18-0103750"
             n="a-1400"
             ecep:lem=":"
             ecep:pos=":"
             ecep:reg=":"
             ecep:spe=":">:</pc>
      </l>
      <l n="27" xml:id="pmp18-l02800">
         <c> </c>
         <w xml:id="pmp18-0103760"
            n="a-1410"
            ecep:lem="scorn"
            ecep:pos="vvg"
            ecep:reg="Scorning"
            ecep:spe="Scorning"
            ecep:syllab="2"
            ecep:pron="skɔːnɪŋ">Scorning</w>
         <c> </c>
         <w xml:id="pmp18-0103770"
            n="a-1420"
            ecep:lem="at"
            ecep:pos="p-acp"
            ecep:reg="at"
            ecep:spe="at"
            ecep:syllab="1"
            ecep:pron="æt">at</w>
         <c> </c>
         <w xml:id="pmp18-0103780"
            n="a-1430"
            ecep:lem="night"
            ecep:pos="n1"
            ecep:reg="Night"
            ecep:spe="Night"
            ecep:syllab="1"
            ecep:pron="naɪt">Night</w>
         <c> </c>
         <w xml:id="pmp18-0103790"
            n="a-1440"
            ecep:lem="the"
            ecep:pos="dt"
            ecep:reg="the"
            ecep:spe="the"
            ecep:syllab="1"
            ecep:pron="ðiː">the</w>
         <c> </c>
         <w xml:id="pmp18-0103800"
            n="a-1450"
            ecep:lem="worthless"
            ecep:pos="j"
            ecep:reg="worthless"
            ecep:spe="worthless"
            ecep:syllab="2"
            ecep:pron="ˈwɜːθləs">worthless</w>
         <c> </c>
         <w xml:id="pmp18-0103810"
            n="a-1460"
            ecep:lem="prey"
            ecep:pos="n1"
            ecep:reg="Prey"
            ecep:spe="Prey"
            ecep:syllab="1"
            ecep:pron="preɪ">Prey</w>
         <pc xml:id="pmp18-0103820"
             n="a-1470"
             ecep:lem=","
             ecep:pos=","
             ecep:reg=","
             ecep:spe=",">,</pc>
      </l>
      <l n="28" rendition="#h_3" xml:id="pmp18-l02805">
         <c> </c>
         <w xml:id="pmp18-0103830"
            n="a-1480"
            ecep:lem="we"
            ecep:pos="pns12"
            ecep:reg="We"
            ecep:spe="We"
            ecep:syllab="1"
            ecep:pron="wiː">We</w>
         <c> </c>
         <w xml:id="pmp18-0103840"
            n="a-1490"
            ecep:lem="find"
            ecep:pos="vvb"
            ecep:reg="find"
            ecep:spe="find"
            ecep:syllab="1"
            ecep:pron="faɪnd">find</w>
         <c> </c>
         <w xml:id="pmp18-0103850"
            n="a-1500"
            ecep:lem="the"
            ecep:pos="dt"
            ecep:reg="the"
            ecep:spe="the"
            ecep:syllab="1"
            ecep:pron="ðiː">the</w>
         <c> </c>
         <w xml:id="pmp18-0103860"
            n="a-1510"
            ecep:lem="labour"
            ecep:pos="n1"
            ecep:reg="Labour"
            ecep:spe="Labour"
            ecep:syllab="2"
            ecep:pron="ˈleɪbə">Labour</w>
         <c> </c>
         <w xml:id="pmp18-0103870"
            n="a-1520"
            ecep:lem="give"
            ecep:pos="vvd"
            ecep:reg="gave"
            ecep:spe="gave"
            ecep:syllab="1"
            ecep:pron="geɪv">gave</w>
         <c> </c>
         <w xml:id="pmp18-0103880"
            n="a-1530"
            ecep:lem="the"
            ecep:pos="dt"
            ecep:reg="the"
            ecep:spe="the"
            ecep:syllab="1"
            ecep:pron="ðiː">the</w>
         <c> </c>
         <w xml:id="pmp18-0103890"
            n="a-1540"
            ecep:lem="joy"
            ecep:pos="n1"
            ecep:reg="Joy"
            ecep:spe="Joy"
            ecep:syllab="1"
            ecep:pron="dʒɔɪ">Joy</w>
         <pc xml:id="pmp18-0103900"
             n="a-1550"
             unit="sentence"
             ecep:lem="."
             ecep:pos="."
             ecep:reg="."
             ecep:spe=".">.</pc>
         <c> </c>
      </l>
   </lg>
   <lg xml:id="pmp18-s00590">
      <head>
         <w xml:id="pmp18-0103940"
            n="a-1560"
            ecep:lem="viii"
            ecep:pos="crd"
            ecep:reg="VIII"
            ecep:spe="VIII"
            ecep:syllab="1"
            ecep:pron="rˌəʊmənˈeɪt">VIII</w>
         <pc xml:id="pmp18-0103950"
             n="a-1570"
             unit="sentence"
             ecep:lem="."
             ecep:pos="."
             ecep:reg="."
             ecep:spe=".">.</pc>
      </head>
      <l n="29" xml:id="pmp18-l02810">
         <w xml:id="pmp18-0103970"
            n="a-1580"
            ecep:lem="at"
            ecep:pos="p-acp"
            ecep:reg="At"
            ecep:spe="At"
            ecep:syllab="1"
            ecep:pron="æt">At</w>
         <c> </c>
         <w xml:id="pmp18-0103980"
            n="a-1590"
            ecep:lem="distance"
            ecep:pos="n1"
            ecep:reg="Distance"
            ecep:spe="Distance"
            ecep:syllab="2"
            ecep:pron="ˈdɪstns">Distance</w>
         <c> </c>
         <w xml:id="pmp18-0103990"
            n="a-1600"
            ecep:lem="through"
            ecep:pos="p-acp"
            ecep:reg="through"
            ecep:spe="thro'"
            ecep:syllab="1"
            ecep:pron="θruː">thro'</w>
         <c> </c>
         <w xml:id="pmp18-0104000"
            n="a-1610"
            ecep:lem="a"
            ecep:pos="dt"
            ecep:reg="an"
            ecep:spe="an"
            ecep:syllab="1"
            ecep:pron="æn">an</w>
         <c> </c>
         <w xml:id="pmp18-0104010"
            n="a-1620"
            ecep:lem="artful"
            ecep:pos="j"
            ecep:reg="artful"
            ecep:spe="artful"
            ecep:syllab="2"
            ecep:pron="ˈɑːtfl">artful</w>
         <c> </c>
         <w xml:id="pmp18-0104020"
            n="a-1630"
            ecep:lem="glass"
            ecep:pos="n1"
            ecep:reg="Glass"
            ecep:spe="Glass"
            ecep:syllab="1"
            ecep:pron="glɑːs">Glass</w>
      </l>
      <l n="30" rendition="#h_3" xml:id="pmp18-l02815">
         <c> </c>
         <w xml:id="pmp18-0104030"
            n="a-1640"
            ecep:lem="to"
            ecep:pos="p-acp"
            ecep:reg="To"
            ecep:spe="To"
            ecep:syllab="1"
            ecep:pron="tuː">To</w>
         <c> </c>
         <w xml:id="pmp18-0104040"
            n="a-1650"
            ecep:lem="the"
            ecep:pos="dt"
            ecep:reg="the"
            ecep:spe="the"
            ecep:syllab="1"
            ecep:pron="ðiː">the</w>
         <c> </c>
         <w xml:id="pmp18-0104050"
            n="a-1660"
            ecep:lem="mind"
            ecep:pos="ng1"
            ecep:reg="Mind's"
            ecep:spe="Mind's"
            ecep:syllab="1"
            ecep:pron="ˈmaɪndz">Mind's</w>
         <c> </c>
         <w xml:id="pmp18-0104060"
            n="a-1670"
            ecep:lem="eye"
            ecep:pos="n1"
            ecep:reg="Eye"
            ecep:spe="Eye"
            ecep:syllab="1"
            ecep:pron="aɪ">Eye</w>
         <c> </c>
         <w xml:id="pmp18-0104070"
            n="a-1680"
            ecep:lem="thing"
            ecep:pos="n2"
            ecep:reg="Things"
            ecep:spe="Things"
            ecep:syllab="1"
            ecep:pron="θɪŋz">Things</w>
         <c> </c>
         <w xml:id="pmp18-0104080"
            n="a-1690"
            ecep:lem="well"
            ecep:pos="av"
            ecep:reg="well"
            ecep:spe="well"
            ecep:syllab="1"
            ecep:pron="wel">well</w>
         <c> </c>
         <w xml:id="pmp18-0104090"
            n="a-1700"
            ecep:lem="appear"
            ecep:pos="vvi"
            ecep:reg="appear"
            ecep:spe="appear"
            ecep:syllab="2"
            ecep:pron="əˈpɪə">appear</w>
         <pc xml:id="pmp18-0104100"
             n="a-1710"
             ecep:lem=":"
             ecep:pos=":"
             ecep:reg=":"
             ecep:spe=":">:</pc>
      </l>
      <l n="31" xml:id="pmp18-l02820">
         <c> </c>
         <w xml:id="pmp18-0104110"
            n="a-1720"
            ecep:lem="they"
            ecep:pos="pns32"
            ecep:reg="They"
            ecep:spe="They"
            ecep:syllab="1"
            ecep:pron="ðeɪ">They</w>
         <c> </c>
         <w xml:id="pmp18-0104120"
            n="a-1730"
            ecep:lem="lose"
            ecep:pos="vvb"
            ecep:reg="lose"
            ecep:spe="lose"
            ecep:syllab="1"
            ecep:pron="luːz">lose</w>
         <c> </c>
         <w xml:id="pmp18-0104130"
            n="a-1740"
            ecep:lem="their"
            ecep:pos="po32"
            ecep:reg="their"
            ecep:spe="their"
            ecep:syllab="1"
            ecep:pron="ðeə">their</w>
         <c> </c>
         <w xml:id="pmp18-0104140"
            n="a-1750"
            ecep:lem="form"
            ecep:pos="n2"
            ecep:reg="Forms"
            ecep:spe="Forms"
            ecep:syllab="1"
            ecep:pron="fɔːmz">Forms</w>
         <pc xml:id="pmp18-0104150"
             n="a-1760"
             ecep:lem=","
             ecep:pos=","
             ecep:reg=","
             ecep:spe=",">,</pc>
         <c> </c>
         <w xml:id="pmp18-0104160"
            n="a-1770"
            ecep:lem="and"
            ecep:pos="cc"
            ecep:reg="and"
            ecep:spe="and"
            ecep:syllab="1"
            ecep:pron="ænd">and</w>
         <c> </c>
         <w xml:id="pmp18-0104170"
            n="a-1780"
            ecep:lem="make"
            ecep:pos="vvi"
            ecep:reg="make"
            ecep:spe="make"
            ecep:syllab="1"
            ecep:pron="meɪk">make</w>
         <c> </c>
         <w xml:id="pmp18-0104180"
            n="a-1790"
            ecep:lem="a"
            ecep:pos="dt"
            ecep:reg="a"
            ecep:spe="a"
            ecep:syllab="1"
            ecep:pron="ə">a</w>
         <c> </c>
         <w xml:id="pmp18-0104190"
            n="a-1800"
            ecep:lem="mass"
            ecep:pos="n1"
            ecep:reg="Mass"
            ecep:spe="Mass"
            ecep:syllab="1"
            ecep:pron="mæs">Mass</w>
      </l>
      <l n="32" rendition="#h_3" xml:id="pmp18-l02825">
         <c> </c>
         <w xml:id="pmp18-0104200"
            n="a-1810"
            ecep:lem="confuse"
            ecep:pos="vvn"
            ecep:reg="Confused"
            ecep:spe="Confus'd"
            ecep:syllab="2"
            ecep:pron="kənˈfjuːzd">Confus'd</w>
         <c> </c>
         <w xml:id="pmp18-0104210"
            n="a-1820"
            ecep:lem="and"
            ecep:pos="cc"
            ecep:reg="and"
            ecep:spe="and"
            ecep:syllab="1"
            ecep:pron="ænd">and</w>
         <c> </c>
         <w xml:id="pmp18-0104220"
            n="a-1830"
            ecep:lem="black"
            ecep:pos="j-jn"
            ecep:reg="black"
            ecep:spe="black"
            ecep:syllab="1"
            ecep:pron="blæk">black</w>
         <pc xml:id="pmp18-0104230"
             n="a-1840"
             ecep:lem=","
             ecep:pos=","
             ecep:reg=","
             ecep:spe=",">,</pc>
         <c> </c>
         <w xml:id="pmp18-0104240"
            n="a-1850"
            ecep:lem="if"
            ecep:pos="cs"
            ecep:reg="if"
            ecep:spe="if"
            ecep:syllab="1"
            ecep:pron="ɪf">if</w>
         <c> </c>
         <w xml:id="pmp18-0104250"
            n="a-1860"
            ecep:lem="bring"
            ecep:pos="vvn"
            ecep:reg="brought"
            ecep:spe="brought"
            ecep:syllab="1"
            ecep:pron="brɔːt">brought</w>
         <c> </c>
         <w xml:id="pmp18-0104260"
            n="a-1870"
            ecep:lem="too"
            ecep:pos="av"
            ecep:reg="too"
            ecep:spe="too"
            ecep:syllab="1"
            ecep:pron="tuː">too</w>
         <c> </c>
         <w xml:id="pmp18-0104270"
            n="a-1880"
            ecep:lem="near"
            ecep:pos="av-j"
            ecep:reg="near"
            ecep:spe="near"
            ecep:syllab="1"
            ecep:pron="nɪə">near</w>
         <pc xml:id="pmp18-0104280"
             n="a-1890"
             unit="sentence"
             ecep:lem="."
             ecep:pos="."
             ecep:reg="."
             ecep:spe=".">.</pc>
         <c> </c>
      </l>
   </lg>
   <pb facs="pmp18/0072" n="26" rend="none"/>
   <lg xml:id="pmp18-s00595">
      <head>
         <w xml:id="pmp18-0104320"
            n="a-0010"
            ecep:lem="ix"
            ecep:pos="crd"
            ecep:reg="IX"
            ecep:spe="IX"
            ecep:syllab="1"
            ecep:pron="rˌəʊmənnˈaɪn">IX</w>
         <pc xml:id="pmp18-0104330"
             n="a-0020"
             unit="sentence"
             ecep:lem="."
             ecep:pos="."
             ecep:reg="."
             ecep:spe=".">.</pc>
      </head>
      <l n="33" xml:id="pmp18-l02830">
         <w xml:id="pmp18-0104350"
            n="a-0030"
            ecep:lem="if"
            ecep:pos="cs"
            ecep:reg="If"
            ecep:spe="If"
            ecep:syllab="1"
            ecep:pron="ɪf">If</w>
         <c> </c>
         <w xml:id="pmp18-0104360"
            n="a-0040"
            ecep:lem="we"
            ecep:pos="pns12"
            ecep:reg="We"
            ecep:spe="We"
            ecep:syllab="1"
            ecep:pron="wiː">We</w>
         <c> </c>
         <w xml:id="pmp18-0104370"
            n="a-0050"
            ecep:lem="see"
            ecep:pos="vvb"
            ecep:reg="see"
            ecep:spe="see"
            ecep:syllab="1"
            ecep:pron="siː">see</w>
         <c> </c>
         <w xml:id="pmp18-0104380"
            n="a-0060"
            ecep:lem="right"
            ecep:pos="j-jn"
            ecep:reg="right"
            ecep:spe="right"
            ecep:syllab="1"
            ecep:pron="raɪt">right</w>
         <pc xml:id="pmp18-0104390"
             n="a-0070"
             ecep:lem=","
             ecep:pos=","
             ecep:reg=","
             ecep:spe=",">,</pc>
         <c> </c>
         <w xml:id="pmp18-0104400"
            n="a-0080"
            ecep:lem="we"
            ecep:pos="pns12"
            ecep:reg="We"
            ecep:spe="We"
            ecep:syllab="1"
            ecep:pron="wiː">We</w>
         <c> </c>
         <w xml:id="pmp18-0104410"
            n="a-0090"
            ecep:lem="see"
            ecep:pos="vvb"
            ecep:reg="see"
            ecep:spe="see"
            ecep:syllab="1"
            ecep:pron="siː">see</w>
         <c> </c>
         <w xml:id="pmp18-0104420"
            n="a-0100"
            ecep:lem="our"
            ecep:pos="po12"
            ecep:reg="our"
            ecep:spe="our"
            ecep:syllab="1"
            ecep:pron="æə">our</w>
         <c> </c>
         <w xml:id="pmp18-0104430"
            n="a-0110"
            ecep:lem="woe"
            ecep:pos="n2"
            ecep:reg="Woes"
            ecep:spe="Woes"
            ecep:syllab="1"
            ecep:pron="wəʊz">Woes</w>
         <pc xml:id="pmp18-0104440"
             n="a-0120"
             ecep:lem=":"
             ecep:pos=":"
             ecep:reg=":"
             ecep:spe=":">:</pc>
      </l>
      <l n="34" rendition="#h_3" xml:id="pmp18-l02835">
         <c> </c>
         <w xml:id="pmp18-0104450"
            n="a-0130"
            ecep:lem="then"
            ecep:pos="av"
            ecep:reg="Then"
            ecep:spe="Then"
            ecep:syllab="1"
            ecep:pron="ðen">Then</w>
         <c> </c>
         <w xml:id="pmp18-0104460"
            n="a-0140"
            ecep:lem="what"
            ecep:pos="q-crq"
            ecep:reg="what"
            ecep:spe="what"
            ecep:syllab="1"
            ecep:pron="wɒt">what</w>
         <c> </c>
         <w xml:id="pmp18-0104470"
            n="a-0150"
            ecep:lem="avail"
            ecep:pos="vvz"
            ecep:reg="avails"
            ecep:spe="avails"
            ecep:syllab="2"
            ecep:pron="əˈveɪlz">avails</w>
         <c> </c>
         <w xml:id="pmp18-0104480"
            n="a-0160"
            ecep:lem="it"
            ecep:pos="pn31"
            ecep:reg="it"
            ecep:spe="it"
            ecep:syllab="1"
            ecep:pron="ɪt">it</w>
         <c> </c>
         <w xml:id="pmp18-0104490"
            n="a-0170"
            ecep:lem="to"
            ecep:pos="pc-acp"
            ecep:reg="to"
            ecep:spe="to"
            ecep:syllab="1"
            ecep:pron="tuː">to</w>
         <c> </c>
         <w xml:id="pmp18-0104500"
            n="a-0180"
            ecep:lem="have"
            ecep:pos="vhi"
            ecep:reg="have"
            ecep:spe="have"
            ecep:syllab="1"
            ecep:pron="hæv">have</w>
         <c> </c>
         <w xml:id="pmp18-0104510"
            n="a-0190"
            ecep:lem="eye"
            ecep:pos="n2"
            ecep:reg="Eyes"
            ecep:spe="Eyes"
            ecep:syllab="1"
            ecep:pron="aɪz">Eyes</w>
         <pc xml:id="pmp18-0104520"
             n="a-0200"
             unit="sentence"
             ecep:lem="?"
             ecep:pos="?"
             ecep:reg="?"
             ecep:spe="?">?</pc>
         <c> </c>
      </l>
      <l n="35" xml:id="pmp18-l02840">
         <w xml:id="pmp18-0104530"
            n="a-0210"
            ecep:lem="from"
            ecep:pos="p-acp"
            ecep:reg="From"
            ecep:spe="From"
            ecep:syllab="1"
            ecep:pron="frɒm">From</w>
         <c> </c>
         <w xml:id="pmp18-0104540"
            n="a-0220"
            ecep:lem="ignorance"
            ecep:pos="n1"
            ecep:reg="Ignorance"
            ecep:spe="Ignorance"
            ecep:syllab="3"
            ecep:pron="ˈɪgnrns">Ignorance</w>
         <c> </c>
         <w xml:id="pmp18-0104550"
            n="a-0230"
            ecep:lem="our"
            ecep:pos="po12"
            ecep:reg="our"
            ecep:spe="our"
            ecep:syllab="1"
            ecep:pron="æə">our</w>
         <c> </c>
         <w xml:id="pmp18-0104560"
            n="a-0240"
            ecep:lem="comfort"
            ecep:pos="n1"
            ecep:reg="Comfort"
            ecep:spe="Comfort"
            ecep:syllab="2"
            ecep:pron="ˈkʌmfət">Comfort</w>
         <c> </c>
         <w xml:id="pmp18-0104570"
            n="a-0250"
            ecep:lem="flow"
            ecep:pos="vvz"
            ecep:reg="flows"
            ecep:spe="flows"
            ecep:syllab="1"
            ecep:pron="fləʊz">flows</w>
         <pc xml:id="pmp18-0104580"
             n="a-0260"
             ecep:lem=":"
             ecep:pos=":"
             ecep:reg=":"
             ecep:spe=":">:</pc>
      </l>
      <l n="36" rendition="#h_3" xml:id="pmp18-l02845">
         <c> </c>
         <w xml:id="pmp18-0104590"
            n="a-0270"
            ecep:lem="the"
            ecep:pos="dt"
            ecep:reg="The"
            ecep:spe="The"
            ecep:syllab="1"
            ecep:pron="ðiː">The</w>
         <c> </c>
         <w xml:id="pmp18-0104600"
            n="a-0280"
            ecep:lem="only"
            ecep:pos="j"
            ecep:reg="only"
            ecep:spe="only"
            ecep:syllab="2"
            ecep:pron="ˈəʊnli">only</w>
         <c> </c>
         <w xml:id="pmp18-0104610"
            n="a-0290"
            ecep:lem="wretched"
            ecep:pos="j"
            ecep:reg="Wretched"
            ecep:spe="Wretched"
            ecep:syllab="2"
            ecep:pron="ˈretʃɪd">Wretched</w>
         <c> </c>
         <w xml:id="pmp18-0104620"
            n="a-0300"
            ecep:lem="be"
            ecep:pos="vbr"
            ecep:reg="are"
            ecep:spe="are"
            ecep:syllab="1"
            ecep:pron="ɑː">are</w>
         <c> </c>
         <w xml:id="pmp18-0104630"
            n="a-0310"
            ecep:lem="the"
            ecep:pos="dt"
            ecep:reg="the"
            ecep:spe="the"
            ecep:syllab="1"
            ecep:pron="ðiː">the</w>
         <c> </c>
         <w xml:id="pmp18-0104640"
            n="a-0320"
            ecep:lem="wise"
            ecep:pos="j"
            ecep:reg="Wise"
            ecep:spe="Wise"
            ecep:syllab="1"
            ecep:pron="waɪz">Wise</w>
         <pc xml:id="pmp18-0104650"
             n="a-0330"
             unit="sentence"
             ecep:lem="."
             ecep:pos="."
             ecep:reg="."
             ecep:spe=".">.</pc>
         <c> </c>
      </l>
   </lg>
   <lg xml:id="pmp18-s00600">
      <head>
         <w xml:id="pmp18-0104690"
            n="a-0340"
            ecep:lem="x."
            ecep:pos="crd"
            ecep:reg="X"
            ecep:spe="X."
            ecep:syllab="1"
            ecep:pron="ˈeks">X.</w>
         <pc unit="sentence" xml:id="pmp18-0104690-eos" n="a-0350"/>
      </head>
      <l n="37" xml:id="pmp18-l02850">
         <w xml:id="pmp18-0104710"
            n="a-0360"
            ecep:lem="we"
            ecep:pos="pns12"
            ecep:reg="We"
            ecep:spe="We"
            ecep:syllab="1"
            ecep:pron="wiː">We</w>
         <c> </c>
         <w xml:id="pmp18-0104720"
            n="a-0370"
            ecep:lem="weary"
            ecep:pos="vvd"
            ecep:reg="wearied"
            ecep:spe="wearied"
            ecep:syllab="2"
            ecep:pron="ˈwɪərid">wearied</w>
         <c> </c>
         <w xml:id="pmp18-0104730"
            n="a-0380"
            ecep:lem="shall"
            ecep:pos="vmd"
            ecep:reg="should"
            ecep:spe="should"
            ecep:syllab="1"
            ecep:pron="ʃʊd">should</w>
         <c> </c>
         <w xml:id="pmp18-0104740"
            n="a-0390"
            ecep:lem="lie"
            ecep:pos="vvi"
            ecep:reg="lie"
            ecep:spe="lie"
            ecep:syllab="1"
            ecep:pron="laɪ">lie</w>
         <c> </c>
         <w xml:id="pmp18-0104750"
            n="a-0400"
            ecep:lem="down"
            ecep:pos="a-acp"
            ecep:reg="down"
            ecep:spe="down"
            ecep:syllab="1"
            ecep:pron="daʊn">down</w>
         <c> </c>
         <w xml:id="pmp18-0104760"
            n="a-0410"
            ecep:lem="in"
            ecep:pos="p-acp"
            ecep:reg="in"
            ecep:spe="in"
            ecep:syllab="1"
            ecep:pron="ɪn">in</w>
         <c> </c>
         <w xml:id="pmp18-0104770"
            n="a-0420"
            ecep:lem="death"
            ecep:pos="n1"
            ecep:reg="Death"
            ecep:spe="Death"
            ecep:syllab="1"
            ecep:pron="deθ">Death</w>
         <pc xml:id="pmp18-0104780"
             n="a-0430"
             ecep:lem=":"
             ecep:pos=":"
             ecep:reg=":"
             ecep:spe=":">:</pc>
      </l>
      <l n="38" rendition="#h_3" xml:id="pmp18-l02855">
         <c> </c>
         <w xml:id="pmp18-0104790"
            n="a-0440"
            ecep:lem="this"
            ecep:pos="d"
            ecep:reg="This"
            ecep:spe="This"
            ecep:syllab="1"
            ecep:pron="ðɪs">This</w>
         <c> </c>
         <w xml:id="pmp18-0104800"
            n="a-0450"
            ecep:lem="cheat"
            ecep:pos="vvi"
            ecep:reg="Cheat"
            ecep:spe="Cheat"
            ecep:syllab="1"
            ecep:pron="tʃiːt">Cheat</w>
         <c> </c>
         <w xml:id="pmp18-0104810"
            n="a-0460"
            ecep:lem="of"
            ecep:pos="pp-f"
            ecep:reg="of"
            ecep:spe="of"
            ecep:syllab="1"
            ecep:pron="ɒv">of</w>
         <c> </c>
         <w xml:id="pmp18-0104820"
            n="a-0470"
            ecep:lem="life"
            ecep:pos="n1"
            ecep:reg="Life"
            ecep:spe="Life"
            ecep:syllab="1"
            ecep:pron="laɪf">Life</w>
         <c> </c>
         <w xml:id="pmp18-0104830"
            n="a-0480"
            ecep:lem="will"
            ecep:pos="vmd"
            ecep:reg="would"
            ecep:spe="would"
            ecep:syllab="1"
            ecep:pron="wʊd">would</w>
         <c> </c>
         <w xml:id="pmp18-0104840"
            n="a-0490"
            ecep:lem="take"
            ecep:pos="vvi"
            ecep:reg="take"
            ecep:spe="take"
            ecep:syllab="1"
            ecep:pron="teɪk">take</w>
         <c> </c>
         <w xml:id="pmp18-0104850"
            n="a-0500"
            ecep:lem="no"
            ecep:pos="av-dx"
            ecep:reg="no"
            ecep:spe="no"
            ecep:syllab="1"
            ecep:pron="nəʊ">no</w>
         <c> </c>
         <w xml:id="pmp18-0104860"
            n="a-0510"
            ecep:lem="more"
            ecep:pos="av-dc"
            ecep:reg="more"
            ecep:spe="more"
            ecep:syllab="1"
            ecep:pron="mɔː">more</w>
         <pc xml:id="pmp18-0104870"
             n="a-0520"
             ecep:lem=";"
             ecep:pos=";"
             ecep:reg=";"
             ecep:spe=";">;</pc>
      </l>
      <l n="39" xml:id="pmp18-l02860">
         <c> </c>
         <w xml:id="pmp18-0104880"
            n="a-0530"
            ecep:lem="if"
            ecep:pos="cs"
            ecep:reg="If"
            ecep:spe="If"
            ecep:syllab="1"
            ecep:pron="ɪf">If</w>
         <c> </c>
         <w xml:id="pmp18-0104890"
            n="a-0540"
            ecep:lem="you"
            ecep:pos="pn22"
            ecep:reg="You"
            ecep:spe="You"
            ecep:syllab="1"
            ecep:pron="juː">You</w>
         <c> </c>
         <w xml:id="pmp18-0104900"
            n="a-0550"
            ecep:lem="think"
            ecep:pos="vvd"
            ecep:reg="thought"
            ecep:spe="thought"
            ecep:syllab="1"
            ecep:pron="θɔːt">thought</w>
         <c> </c>
         <w xml:id="pmp18-0104910"
            n="a-0560"
            ecep:lem="fame"
            ecep:pos="n1"
            ecep:reg="Fame"
            ecep:spe="Fame"
            ecep:syllab="1"
            ecep:pron="feɪm">Fame</w>
         <c> </c>
         <w xml:id="pmp18-0104920"
            n="a-0570"
            ecep:lem="but"
            ecep:pos="p-acp"
            ecep:reg="but"
            ecep:spe="but"
            ecep:syllab="1"
            ecep:pron="bʌt">but</w>
         <c> </c>
         <w xml:id="pmp18-0104930"
            n="a-0580"
            ecep:lem="empty"
            ecep:pos="j"
            ecep:reg="empty"
            ecep:spe="empty"
            ecep:syllab="2"
            ecep:pron="ˈemti">empty</w>
         <c> </c>
         <w xml:id="pmp18-0104940"
            n="a-0590"
            ecep:lem="breath"
            ecep:pos="n1"
            ecep:reg="Breath"
            ecep:spe="Breath"
            ecep:syllab="1"
            ecep:pron="breθ">Breath</w>
         <pc xml:id="pmp18-0104950"
             n="a-0600"
             ecep:lem=";"
             ecep:pos=";"
             ecep:reg=";"
             ecep:spe=";">;</pc>
      </l>
      <l n="40" rendition="#h_3" xml:id="pmp18-l02865">
         <c> </c>
         <w xml:id="pmp18-0104960"
            n="a-0610"
            ecep:lem="i"
            ecep:pos="pns11"
            ecep:reg="I"
            ecep:spe="I"
            ecep:syllab="1"
            ecep:pron="aɪ">I</w>
         <pc xml:id="pmp18-0104970"
             n="a-0620"
             ecep:lem=","
             ecep:pos=","
             ecep:reg=","
             ecep:spe=",">,</pc>
         <c> </c>
         <hi rendition="#sc">
            <w xml:id="pmp18-0104980"
               n="a-0630"
               ecep:lem="Phyllis"
               ecep:pos="np1"
               ecep:reg="Phyllis"
               ecep:spe="Phyllis"
               ecep:syllab="2"
               ecep:pron="ˈfɪlɪs">Phyllis</w>
         </hi>
         <c> </c>
         <w xml:id="pmp18-0104990"
            n="a-0640"
            ecep:lem="but"
            ecep:pos="p-acp"
            ecep:reg="but"
            ecep:spe="but"
            ecep:syllab="1"
            ecep:pron="bʌt">but</w>
         <c> </c>
         <w xml:id="pmp18-0105000"
            n="a-0650"
            ecep:lem="a"
            ecep:pos="dt"
            ecep:reg="a"
            ecep:spe="a"
            ecep:syllab="1"
            ecep:pron="ə">a</w>
         <c> </c>
         <w xml:id="pmp18-0105010"
            n="a-0660"
            ecep:lem="perjure"
            ecep:pos="j-vvn"
            ecep:reg="perjured"
            ecep:spe="perjur'd"
            ecep:syllab="2"
            ecep:pron="ˈpɜːdʒəd">perjur'd</w>
         <c> </c>
         <w xml:id="pmp18-0105020"
            n="a-0670"
            ecep:lem="whore"
            ecep:pos="n1"
            ecep:reg="Whore"
            ecep:spe="Whore"
            ecep:syllab="1"
            ecep:pron="hɔː">Whore</w>
         <pc xml:id="pmp18-0105030"
             n="a-0680"
             unit="sentence"
             ecep:lem="."
             ecep:pos="."
             ecep:reg="."
             ecep:spe=".">.</pc>
         <c> </c>
      </l>
   </lg>
</div>
