<?xml version="1.0" encoding="utf-8"?>
<!DOCTYPE div
  SYSTEM "about:legacy-compat">
<div xmlns:ecep="http://www.eighteenthcenturypoetry.org/ns"
     xmlns="http://www.tei-c.org/ns/1.0"
     xmlns:tei="http://www.tei-c.org/ns/1.0"
     ana="#iamb #pentameter #sonnet"
     corresp="#txt_SmitCh1749_w0013"
     decls="#semi-normalized"
     ecep:syllab="10"
     met="-+|-+|-+|-+|-+/"
     n="12"
     rendition="#lgvspace"
     rhyme="abbacddceffegg"
     subtype="eceptext"
     type="sonnet"
     xml:id="n22cs-w0120">
   <link target="authors.xml#aut_SmitCh1749" type="author"/>
   <head type="main">
      <w xml:id="n22cs-045090"
         n="0030-a-0010"
         ecep:lem="sonnet"
         ecep:pos="n1"
         ecep:reg="SONNET"
         ecep:spe="SONNET"
         ecep:syllab="2"
         ecep:pron="ˈsɒnɪt">SONNET</w>
      <c> </c>
      <supplied>12</supplied>
      <c> </c>
      <w xml:id="n22cs-045100"
         n="0030-a-0020"
         ecep:lem="xii"
         ecep:pos="crd"
         ecep:reg="XII"
         ecep:spe="XII"
         ecep:syllab="1"
         ecep:pron="rˌəʊməntwˈelv">XII</w>
      <pc xml:id="n22cs-045110"
          n="0030-a-0030"
          unit="sentence"
          ecep:lem="."
          ecep:pos="."
          ecep:reg="."
          ecep:spe=".">.</pc>
      <c> </c>
      <hi>
         <w xml:id="n22cs-045120"
            n="0030-a-0040"
            ecep:lem="write"
            ecep:pos="vvn"
            ecep:reg="Written"
            ecep:spe="Written"
            ecep:syllab="2"
            ecep:pron="ˈrɪtn">Written</w>
         <c> </c>
         <w xml:id="n22cs-045130"
            n="0030-a-0050"
            ecep:lem="on"
            ecep:pos="p-acp"
            ecep:reg="on"
            ecep:spe="on"
            ecep:syllab="1"
            ecep:pron="ɒn">on</w>
         <c> </c>
         <w xml:id="n22cs-045140"
            n="0030-a-0060"
            ecep:lem="the"
            ecep:pos="dt"
            ecep:reg="the"
            ecep:spe="the"
            ecep:syllab="1"
            ecep:pron="ðiː">the</w>
         <c> </c>
         <w xml:id="n22cs-045150"
            n="0030-a-0070"
            ecep:lem="sea"
            ecep:pos="n1"
            ecep:reg="Sea"
            ecep:spe="Sea"
            ecep:syllab="1"
            ecep:pron="siː">Sea</w>
         <c> </c>
         <w xml:id="n22cs-045160"
            n="0030-a-0080"
            ecep:lem="shore"
            ecep:pos="n1"
            ecep:reg="Shore"
            ecep:spe="Shore"
            ecep:syllab="1"
            ecep:pron="ʃɔː">Shore</w>
         <pc xml:id="n22cs-045170"
             n="0030-a-0090"
             unit="sentence"
             ecep:lem="."
             ecep:pos="."
             ecep:reg="."
             ecep:spe=".">.</pc>
         <c> </c>
         <pc xml:id="n22cs-045180"
             n="0030-a-0100"
             ecep:lem="—"
             ecep:pos="—"
             ecep:reg="—"
             ecep:spe="—">—</pc>
         <c> </c>
         <w xml:id="n22cs-045190"
            n="0030-a-0110"
            ecep:lem="October"
            ecep:pos="np1"
            ecep:reg="October"
            ecep:spe="October"
            ecep:syllab="3"
            ecep:pron="ɒkˈtəʊbə">October</w>
         <pc xml:id="n22cs-045200"
             n="0030-a-0120"
             ecep:lem=","
             ecep:pos=","
             ecep:reg=","
             ecep:spe=",">,</pc>
      </hi>
      <c> </c>
      <w xml:id="n22cs-045210"
         n="0030-a-0130"
         ecep:lem="1784."
         ecep:pos="crd"
         ecep:reg="1784."
         ecep:spe="1784."
         ecep:syllab="1"
         ecep:pron="wˈɒnθˈaʊzəndsˈevənhˈʌndrədənˈeɪtifˈɔː">1784.</w>
      <pc unit="sentence" xml:id="n22cs-045210-eos" n="0030-a-0140"/>
   </head>
   <lg xml:id="n22cs-s00305">
      <l xml:id="n22cs-l00890">
         <w xml:id="n22cs-045240"
            n="0030-a-0150"
            ecep:lem="on"
            ecep:pos="p-acp"
            ecep:reg="ON"
            ecep:spe="ON"
            ecep:syllab="1"
            ecep:pron="ɒn">ON</w>
         <c> </c>
         <w xml:id="n22cs-045250"
            n="0030-a-0160"
            ecep:lem="some"
            ecep:pos="d"
            ecep:reg="some"
            ecep:spe="some"
            ecep:syllab="1"
            ecep:pron="sʌm">some</w>
         <c> </c>
         <w xml:id="n22cs-045260"
            n="0030-a-0170"
            ecep:lem="rude"
            ecep:pos="j"
            ecep:reg="rude"
            ecep:spe="rude"
            ecep:syllab="1"
            ecep:pron="ruːd">rude</w>
         <c> </c>
         <w xml:id="n22cs-045270"
            n="0030-a-0180"
            ecep:lem="fragment"
            ecep:pos="n1"
            ecep:reg="fragment"
            ecep:spe="fragment"
            ecep:syllab="2"
            ecep:pron="ˈfrægmənt">fragment</w>
         <c> </c>
         <w xml:id="n22cs-045280"
            n="0030-a-0190"
            ecep:lem="of"
            ecep:pos="pp-f"
            ecep:reg="of"
            ecep:spe="of"
            ecep:syllab="1"
            ecep:pron="ɒv">of</w>
         <c> </c>
         <w xml:id="n22cs-045290"
            n="0030-a-0200"
            ecep:lem="the"
            ecep:pos="dt"
            ecep:reg="the"
            ecep:spe="the"
            ecep:syllab="1"
            ecep:pron="ðiː">the</w>
         <c> </c>
         <w xml:id="n22cs-045300"
            n="0030-a-0210"
            ecep:lem="rocky"
            ecep:pos="j"
            ecep:reg="rocky"
            ecep:spe="rocky"
            ecep:syllab="2"
            ecep:pron="ˈrɒki">rocky</w>
         <c> </c>
         <w xml:id="n22cs-045310"
            n="0030-a-0220"
            ecep:lem="shore"
            ecep:pos="n1"
            ecep:reg="shore"
            ecep:spe="shore"
            ecep:syllab="1"
            ecep:pron="ʃɔː">shore</w>
         <pc xml:id="n22cs-045320"
             n="0030-a-0230"
             ecep:lem=","
             ecep:pos=","
             ecep:reg=","
             ecep:spe=",">,</pc>
      </l>
      <l xml:id="n22cs-l00895">
         <c> </c>
         <w xml:id="n22cs-045330"
            n="0030-a-0240"
            ecep:lem="where"
            ecep:pos="q-crq"
            ecep:reg="Where"
            ecep:spe="Where"
            ecep:syllab="1"
            ecep:pron="weə">Where</w>
         <c> </c>
         <w xml:id="n22cs-045340"
            n="0030-a-0250"
            ecep:lem="on"
            ecep:pos="p-acp"
            ecep:reg="on"
            ecep:spe="on"
            ecep:syllab="1"
            ecep:pron="ɒn">on</w>
         <c> </c>
         <w xml:id="n22cs-045350"
            n="0030-a-0260"
            ecep:lem="the"
            ecep:pos="dt"
            ecep:reg="the"
            ecep:spe="the"
            ecep:syllab="1"
            ecep:pron="ðiː">the</w>
         <c> </c>
         <w xml:id="n22cs-045360"
            n="0030-a-0270"
            ecep:lem="fracture"
            ecep:pos="j-vvn"
            ecep:reg="fractured"
            ecep:spe="fractur'd"
            ecep:syllab="2"
            ecep:pron="ˈfrækʃəd">fractur'd</w>
         <c> </c>
         <w xml:id="n22cs-045370"
            n="0030-a-0280"
            ecep:lem="cliff"
            ecep:pos="n1"
            ecep:reg="cliff"
            ecep:spe="cliff"
            ecep:syllab="1"
            ecep:pron="klɪf">cliff</w>
         <pc xml:id="n22cs-045380"
             n="0030-a-0290"
             ecep:lem=","
             ecep:pos=","
             ecep:reg=","
             ecep:spe=",">,</pc>
         <c> </c>
         <w xml:id="n22cs-045390"
            n="0030-a-0300"
            ecep:lem="the"
            ecep:pos="dt"
            ecep:reg="the"
            ecep:spe="the"
            ecep:syllab="1"
            ecep:pron="ðiː">the</w>
         <c> </c>
         <w xml:id="n22cs-045400"
            n="0030-a-0310"
            ecep:lem="billow"
            ecep:pos="n2"
            ecep:reg="billows"
            ecep:spe="billows"
            ecep:syllab="2"
            ecep:pron="ˈbɪləʊz">billows</w>
         <c> </c>
         <w xml:id="n22cs-045410"
            n="0030-a-0320"
            ecep:lem="break"
            ecep:pos="vvi"
            ecep:reg="break"
            ecep:spe="break"
            ecep:syllab="1"
            ecep:pron="breɪk">break</w>
         <pc xml:id="n22cs-045420"
             n="0030-a-0330"
             ecep:lem=","
             ecep:pos=","
             ecep:reg=","
             ecep:spe=",">,</pc>
      </l>
      <l xml:id="n22cs-l00900">
         <c> </c>
         <w xml:id="n22cs-045430"
            n="0030-a-0340"
            ecep:lem="muse"
            ecep:pos="vvg"
            ecep:reg="Musing"
            ecep:spe="Musing"
            ecep:syllab="2"
            ecep:pron="mjuːzɪŋ">Musing</w>
         <pc xml:id="n22cs-045440"
             n="0030-a-0350"
             ecep:lem=","
             ecep:pos=","
             ecep:reg=","
             ecep:spe=",">,</pc>
         <c> </c>
         <w xml:id="n22cs-045450"
            n="0030-a-0360"
            ecep:lem="my"
            ecep:pos="po11"
            ecep:reg="my"
            ecep:spe="my"
            ecep:syllab="1"
            ecep:pron="maɪ">my</w>
         <c> </c>
         <w xml:id="n22cs-045460"
            n="0030-a-0370"
            ecep:lem="solitary"
            ecep:pos="j"
            ecep:reg="solitary"
            ecep:spe="solitary"
            ecep:syllab="4"
            ecep:pron="ˈsɒlɪtri">solitary</w>
         <c> </c>
         <w xml:id="n22cs-045470"
            n="0030-a-0380"
            ecep:lem="seat"
            ecep:pos="n1"
            ecep:reg="seat"
            ecep:spe="seat"
            ecep:syllab="1"
            ecep:pron="siːt">seat</w>
         <c> </c>
         <w xml:id="n22cs-045480"
            n="0030-a-0390"
            ecep:lem="i"
            ecep:pos="pns11"
            ecep:reg="I"
            ecep:spe="I"
            ecep:syllab="1"
            ecep:pron="aɪ">I</w>
         <c> </c>
         <w xml:id="n22cs-045490"
            n="0030-a-0400"
            ecep:lem="take"
            ecep:pos="vvb"
            ecep:reg="take"
            ecep:spe="take"
            ecep:syllab="1"
            ecep:pron="teɪk">take</w>
         <pc xml:id="n22cs-045500"
             n="0030-a-0410"
             ecep:lem=","
             ecep:pos=","
             ecep:reg=","
             ecep:spe=",">,</pc>
      </l>
      <l xml:id="n22cs-l00905">
         <c> </c>
         <w xml:id="n22cs-045510"
            n="0030-a-0420"
            ecep:lem="and"
            ecep:pos="cc"
            ecep:reg="And"
            ecep:spe="And"
            ecep:syllab="1"
            ecep:pron="ænd">And</w>
         <c> </c>
         <w xml:id="n22cs-045520"
            n="0030-a-0430"
            ecep:lem="listen"
            ecep:pos="vvi"
            ecep:reg="listen"
            ecep:spe="listen"
            ecep:syllab="2"
            ecep:pron="ˈlɪsn">listen</w>
         <c> </c>
         <w xml:id="n22cs-045530"
            n="0030-a-0440"
            ecep:lem="to"
            ecep:pos="p-acp"
            ecep:reg="to"
            ecep:spe="to"
            ecep:syllab="1"
            ecep:pron="tuː">to</w>
         <c> </c>
         <w xml:id="n22cs-045540"
            n="0030-a-0450"
            ecep:lem="the"
            ecep:pos="dt"
            ecep:reg="the"
            ecep:spe="the"
            ecep:syllab="1"
            ecep:pron="ðiː">the</w>
         <c> </c>
         <w xml:id="n22cs-045550"
            n="0030-a-0460"
            ecep:lem="deep"
            ecep:pos="j-jn"
            ecep:reg="deep"
            ecep:spe="deep"
            ecep:syllab="1"
            ecep:pron="diːp">deep</w>
         <c> </c>
         <w xml:id="n22cs-045560"
            n="0030-a-0470"
            ecep:lem="and"
            ecep:pos="cc"
            ecep:reg="and"
            ecep:spe="and"
            ecep:syllab="1"
            ecep:pron="ænd">and</w>
         <c> </c>
         <w xml:id="n22cs-045570"
            n="0030-a-0480"
            ecep:lem="solemn"
            ecep:pos="j"
            ecep:reg="solemn"
            ecep:spe="solemn"
            ecep:syllab="2"
            ecep:pron="ˈsɒləm">solemn</w>
         <c> </c>
         <w xml:id="n22cs-045580"
            n="0030-a-0490"
            ecep:lem="roar"
            ecep:pos="n1"
            ecep:reg="roar"
            ecep:spe="roar"
            ecep:syllab="1"
            ecep:pron="rɔː">roar</w>
         <pc xml:id="n22cs-045590"
             n="0030-a-0500"
             unit="sentence"
             ecep:lem="."
             ecep:pos="."
             ecep:reg="."
             ecep:spe=".">.</pc>
         <c> </c>
      </l>
   </lg>
   <lg xml:id="n22cs-s00310">
      <l xml:id="n22cs-l00910">
         <w xml:id="n22cs-045620"
            n="0030-a-0510"
            ecep:lem="over"
            ecep:pos="p-acp"
            ecep:reg="Over"
            ecep:spe="O'er"
            ecep:syllab="1"
            ecep:pron="ˈɔːə">O'er</w>
         <c> </c>
         <w xml:id="n22cs-045630"
            n="0030-a-0520"
            ecep:lem="the"
            ecep:pos="dt"
            ecep:reg="the"
            ecep:spe="the"
            ecep:syllab="1"
            ecep:pron="ðiː">the</w>
         <c> </c>
         <w xml:id="n22cs-045640"
            n="0030-a-0530"
            ecep:lem="dark"
            ecep:pos="j"
            ecep:reg="dark"
            ecep:spe="dark"
            ecep:syllab="1"
            ecep:pron="dɑːk">dark</w>
         <c> </c>
         <w xml:id="n22cs-045650"
            n="0030-a-0540"
            ecep:lem="wave"
            ecep:pos="n2"
            ecep:reg="waves"
            ecep:spe="waves"
            ecep:syllab="1"
            ecep:pron="weɪvz">waves</w>
         <c> </c>
         <w xml:id="n22cs-045660"
            n="0030-a-0550"
            ecep:lem="the"
            ecep:pos="dt"
            ecep:reg="the"
            ecep:spe="the"
            ecep:syllab="1"
            ecep:pron="ðiː">the</w>
         <c> </c>
         <w xml:id="n22cs-045670"
            n="0030-a-0560"
            ecep:lem="wind"
            ecep:pos="n2"
            ecep:reg="winds"
            ecep:spe="winds"
            ecep:syllab="1"
            ecep:pron="wɪndz">winds</w>
         <c> </c>
         <w xml:id="n22cs-045680"
            n="0030-a-0570"
            ecep:lem="tempestuous"
            ecep:pos="j"
            ecep:reg="tempestuous"
            ecep:spe="tempestuous"
            ecep:syllab="4"
            ecep:pron="temˈpestʃuəs">tempestuous</w>
         <c> </c>
         <w xml:id="n22cs-045690"
            n="0030-a-0580"
            ecep:lem="howl"
            ecep:pos="n1"
            ecep:reg="howl"
            ecep:spe="howl"
            ecep:syllab="1"
            ecep:pron="haʊl">howl</w>
         <pc xml:id="n22cs-045700"
             n="0030-a-0590"
             ecep:lem=";"
             ecep:pos=";"
             ecep:reg=";"
             ecep:spe=";">;</pc>
      </l>
      <l xml:id="n22cs-l00915">
         <c> </c>
         <w xml:id="n22cs-045710"
            n="0030-a-0600"
            ecep:lem="the"
            ecep:pos="dt"
            ecep:reg="The"
            ecep:spe="The"
            ecep:syllab="1"
            ecep:pron="ðiː">The</w>
         <c> </c>
         <w xml:id="n22cs-045720"
            n="0030-a-0610"
            ecep:lem="scream"
            ecep:pos="j-vvg"
            ecep:reg="screaming"
            ecep:spe="screaming"
            ecep:syllab="2"
            ecep:pron="skriːmɪŋ">screaming</w>
         <c> </c>
         <w xml:id="n22cs-045730"
            n="0030-a-0620"
            ecep:lem="sea"
            ecep:pos="n1"
            ecep:reg="sea"
            ecep:spe="sea"
            ecep:syllab="1"
            ecep:pron="siː">sea</w>
         <c> </c>
         <w xml:id="n22cs-045740"
            n="0030-a-0630"
            ecep:lem="bird"
            ecep:pos="n1"
            ecep:reg="bird"
            ecep:spe="bird"
            ecep:syllab="1"
            ecep:pron="bɜːd">bird</w>
         <c> </c>
         <w xml:id="n22cs-045750"
            n="0030-a-0640"
            ecep:lem="quit"
            ecep:pos="vvz"
            ecep:reg="quits"
            ecep:spe="quits"
            ecep:syllab="1"
            ecep:pron="kwɪts">quits</w>
         <c> </c>
         <w xml:id="n22cs-045760"
            n="0030-a-0650"
            ecep:lem="the"
            ecep:pos="dt"
            ecep:reg="the"
            ecep:spe="the"
            ecep:syllab="1"
            ecep:pron="ðiː">the</w>
         <c> </c>
         <w xml:id="n22cs-045770"
            n="0030-a-0660"
            ecep:lem="trouble"
            ecep:pos="j-vvn"
            ecep:reg="troubled"
            ecep:spe="troubled"
            ecep:syllab="2"
            ecep:pron="ˈtrʌbld">troubled</w>
         <c> </c>
         <w xml:id="n22cs-045780"
            n="0030-a-0670"
            ecep:lem="sea"
            ecep:pos="n1"
            ecep:reg="sea"
            ecep:spe="sea"
            ecep:syllab="1"
            ecep:pron="siː">sea</w>
         <pc xml:id="n22cs-045790"
             n="0030-a-0680"
             ecep:lem=":"
             ecep:pos=":"
             ecep:reg=":"
             ecep:spe=":">:</pc>
      </l>
      <l xml:id="n22cs-l00920">
         <c> </c>
         <w xml:id="n22cs-045800"
            n="0030-a-0690"
            ecep:lem="but"
            ecep:pos="cc-acp"
            ecep:reg="But"
            ecep:spe="But"
            ecep:syllab="1"
            ecep:pron="bʌt">But</w>
         <c> </c>
         <w xml:id="n22cs-045810"
            n="0030-a-0700"
            ecep:lem="the"
            ecep:pos="dt"
            ecep:reg="the"
            ecep:spe="the"
            ecep:syllab="1"
            ecep:pron="ðiː">the</w>
         <c> </c>
         <w xml:id="n22cs-045820"
            n="0030-a-0710"
            ecep:lem="wild"
            ecep:pos="j"
            ecep:reg="wild"
            ecep:spe="wild"
            ecep:syllab="1"
            ecep:pron="waɪld">wild</w>
         <c> </c>
         <w xml:id="n22cs-045830"
            n="0030-a-0720"
            ecep:lem="gloomy"
            ecep:pos="j"
            ecep:reg="gloomy"
            ecep:spe="gloomy"
            ecep:syllab="2"
            ecep:pron="ˈgluːmi">gloomy</w>
         <c> </c>
         <w xml:id="n22cs-045840"
            n="0030-a-0730"
            ecep:lem="scene"
            ecep:pos="n1"
            ecep:reg="scene"
            ecep:spe="scene"
            ecep:syllab="1"
            ecep:pron="siːn">scene</w>
         <c> </c>
         <w xml:id="n22cs-045850"
            n="0030-a-0740"
            ecep:lem="have"
            ecep:pos="vhz"
            ecep:reg="has"
            ecep:spe="has"
            ecep:syllab="1"
            ecep:pron="hæz">has</w>
         <c> </c>
         <w xml:id="n22cs-045860"
            n="0030-a-0750"
            ecep:lem="charm"
            ecep:pos="n2"
            ecep:reg="charms"
            ecep:spe="charms"
            ecep:syllab="1"
            ecep:pron="tʃɑːmz">charms</w>
         <c> </c>
         <w xml:id="n22cs-045870"
            n="0030-a-0760"
            ecep:lem="for"
            ecep:pos="p-acp"
            ecep:reg="for"
            ecep:spe="for"
            ecep:syllab="1"
            ecep:pron="fɔː">for</w>
         <c> </c>
         <w xml:id="n22cs-045880"
            n="0030-a-0770"
            ecep:lem="i"
            ecep:pos="pno11"
            ecep:reg="me"
            ecep:spe="me"
            ecep:syllab="1"
            ecep:pron="miː">me</w>
         <pc xml:id="n22cs-045890"
             n="0030-a-0780"
             ecep:lem=","
             ecep:pos=","
             ecep:reg=","
             ecep:spe=",">,</pc>
      </l>
      <l xml:id="n22cs-l00925">
         <c> </c>
         <w xml:id="n22cs-045900"
            n="0030-a-0790"
            ecep:lem="and"
            ecep:pos="cc"
            ecep:reg="And"
            ecep:spe="And"
            ecep:syllab="1"
            ecep:pron="ænd">And</w>
         <c> </c>
         <w xml:id="n22cs-045910"
            n="0030-a-0800"
            ecep:lem="suit"
            ecep:pos="vvz"
            ecep:reg="suits"
            ecep:spe="suits"
            ecep:syllab="1"
            ecep:pron="suːts">suits</w>
         <c> </c>
         <w xml:id="n22cs-045920"
            n="0030-a-0810"
            ecep:lem="the"
            ecep:pos="dt"
            ecep:reg="the"
            ecep:spe="the"
            ecep:syllab="1"
            ecep:pron="ðiː">the</w>
         <c> </c>
         <w xml:id="n22cs-045930"
            n="0030-a-0820"
            ecep:lem="mournful"
            ecep:pos="j"
            ecep:reg="mournful"
            ecep:spe="mournful"
            ecep:syllab="2"
            ecep:pron="ˈmɔːnfl">mournful</w>
         <c> </c>
         <w xml:id="n22cs-045940"
            n="0030-a-0830"
            ecep:lem="temper"
            ecep:pos="n1"
            ecep:reg="temper"
            ecep:spe="temper"
            ecep:syllab="2"
            ecep:pron="ˈtempə">temper</w>
         <c> </c>
         <w xml:id="n22cs-045950"
            n="0030-a-0840"
            ecep:lem="of"
            ecep:pos="pp-f"
            ecep:reg="of"
            ecep:spe="of"
            ecep:syllab="1"
            ecep:pron="ɒv">of</w>
         <c> </c>
         <w xml:id="n22cs-045960"
            n="0030-a-0850"
            ecep:lem="my"
            ecep:pos="po11"
            ecep:reg="my"
            ecep:spe="my"
            ecep:syllab="1"
            ecep:pron="maɪ">my</w>
         <c> </c>
         <w xml:id="n22cs-045970"
            n="0030-a-0860"
            ecep:lem="soul"
            ecep:pos="n1"
            ecep:reg="soul"
            ecep:spe="soul"
            ecep:syllab="1"
            ecep:pron="səʊl">soul</w>
         <pc xml:id="n22cs-045980"
             n="0030-a-0870"
             unit="sentence"
             ecep:lem="."
             ecep:pos="."
             ecep:reg="."
             ecep:spe=".">.</pc>
         <c> </c>
         <note n="[*]" place="bottom" xml:id="n22cs-n00100">
            <p xml:id="n22cs-s00315">
               <label>
                  <w xml:id="n22cs-046020"
                     n="0030-a-0880"
                     ecep:lem="line"
                     ecep:pos="n1"
                     ecep:reg="LINE"
                     ecep:spe="LINE"
                     ecep:syllab="1"
                     ecep:pron="laɪn">LINE</w>
                  <c> </c>
                  <w xml:id="n22cs-046030"
                     n="0030-a-0890"
                     ecep:lem="8."
                     ecep:pos="crd"
                     ecep:reg="8."
                     ecep:spe="8."
                     ecep:syllab="1"
                     ecep:pron="ˈeɪt">8.</w>
                  <pc unit="sentence" xml:id="n22cs-046030-eos" n="0030-a-0900"/>
                  <c> </c>
               </label>
               <q>
                  <w xml:id="n22cs-046060"
                     n="0030-a-0910"
                     ecep:lem="and"
                     ecep:pos="cc"
                     ecep:reg="And"
                     ecep:spe="And"
                     ecep:syllab="1"
                     ecep:pron="ænd">And</w>
                  <c> </c>
                  <w xml:id="n22cs-046070"
                     n="0030-a-0920"
                     ecep:lem="suit"
                     ecep:pos="vvz"
                     ecep:reg="suits"
                     ecep:spe="suits"
                     ecep:syllab="1"
                     ecep:pron="suːts">suits</w>
                  <c> </c>
                  <w xml:id="n22cs-046080"
                     n="0030-a-0930"
                     ecep:lem="the"
                     ecep:pos="dt"
                     ecep:reg="the"
                     ecep:spe="the"
                     ecep:syllab="1"
                     ecep:pron="ðiː">the</w>
                  <c> </c>
                  <w xml:id="n22cs-046090"
                     n="0030-a-0940"
                     ecep:lem="mournful"
                     ecep:pos="j"
                     ecep:reg="mournful"
                     ecep:spe="mournful"
                     ecep:syllab="2"
                     ecep:pron="ˈmɔːnfl">mournful</w>
                  <c> </c>
                  <w xml:id="n22cs-046100"
                     n="0030-a-0950"
                     ecep:lem="temper"
                     ecep:pos="n1"
                     ecep:reg="temper"
                     ecep:spe="temper"
                     ecep:syllab="2"
                     ecep:pron="ˈtempə">temper</w>
                  <c> </c>
                  <w xml:id="n22cs-046110"
                     n="0030-a-0960"
                     ecep:lem="of"
                     ecep:pos="pp-f"
                     ecep:reg="of"
                     ecep:spe="of"
                     ecep:syllab="1"
                     ecep:pron="ɒv">of</w>
                  <c> </c>
                  <w xml:id="n22cs-046120"
                     n="0030-a-0970"
                     ecep:lem="my"
                     ecep:pos="po11"
                     ecep:reg="my"
                     ecep:spe="my"
                     ecep:syllab="1"
                     ecep:pron="maɪ">my</w>
                  <c> </c>
                  <w xml:id="n22cs-046130"
                     n="0030-a-0980"
                     ecep:lem="soul"
                     ecep:pos="n1"
                     ecep:reg="soul"
                     ecep:spe="soul"
                     ecep:syllab="1"
                     ecep:pron="səʊl">soul</w>
                  <pc xml:id="n22cs-046140"
                      n="0030-a-0990"
                      unit="sentence"
                      ecep:lem="."
                      ecep:pos="."
                      ecep:reg="."
                      ecep:spe=".">.</pc>
                  <c> </c>
                  <bibl>
                     <hi>
                        <w xml:id="n22cs-046160"
                           n="0030-a-1000"
                           ecep:lem="young"
                           ecep:pos="j"
                           ecep:reg="Young"
                           ecep:spe="Young"
                           ecep:syllab="1"
                           ecep:pron="jʌŋ">Young</w>
                        <pc xml:id="n22cs-046170"
                            n="0030-a-1010"
                            unit="sentence"
                            ecep:lem="."
                            ecep:pos="."
                            ecep:reg="."
                            ecep:spe=".">.</pc>
                        <c> </c>
                     </hi>
                  </bibl>
               </q>
            </p>
         </note>
         <milestone n="8" type="tcpmilestone" unit="unspecified"/>
      </l>
   </lg>
   <lg xml:id="n22cs-s00320">
      <l xml:id="n22cs-l00930">
         <w xml:id="n22cs-046210"
            n="0030-a-1020"
            ecep:lem="already"
            ecep:pos="av"
            ecep:reg="Already"
            ecep:spe="Already"
            ecep:syllab="3"
            ecep:pron="ɔːlˈredi">Already</w>
         <c> </c>
         <w xml:id="n22cs-046220"
            n="0030-a-1030"
            ecep:lem="shipwreck"
            ecep:pos="vvd"
            ecep:reg="shipwrecked"
            ecep:spe="shipwreck'd"
            ecep:syllab="2"
            ecep:pron="ˈʃɪprekt">shipwreck'd</w>
         <c> </c>
         <w xml:id="n22cs-046230"
            n="0030-a-1040"
            ecep:lem="by"
            ecep:pos="p-acp"
            ecep:reg="by"
            ecep:spe="by"
            ecep:syllab="1"
            ecep:pron="baɪ">by</w>
         <c> </c>
         <w xml:id="n22cs-046240"
            n="0030-a-1050"
            ecep:lem="the"
            ecep:pos="dt"
            ecep:reg="the"
            ecep:spe="the"
            ecep:syllab="1"
            ecep:pron="ðiː">the</w>
         <c> </c>
         <w xml:id="n22cs-046250"
            n="0030-a-1060"
            ecep:lem="storm"
            ecep:pos="n2"
            ecep:reg="storms"
            ecep:spe="storms"
            ecep:syllab="1"
            ecep:pron="stɔːmz">storms</w>
         <c> </c>
         <w xml:id="n22cs-046260"
            n="0030-a-1070"
            ecep:lem="of"
            ecep:pos="pp-f"
            ecep:reg="of"
            ecep:spe="of"
            ecep:syllab="1"
            ecep:pron="ɒv">of</w>
         <c> </c>
         <w xml:id="n22cs-046270"
            n="0030-a-1080"
            ecep:lem="fate"
            ecep:pos="n1"
            ecep:reg="Fate"
            ecep:spe="Fate"
            ecep:syllab="1"
            ecep:pron="feɪt">Fate</w>
         <pc xml:id="n22cs-046280"
             n="0030-a-1090"
             ecep:lem=","
             ecep:pos=","
             ecep:reg=","
             ecep:spe=",">,</pc>
      </l>
      <l xml:id="n22cs-l00935">
         <c> </c>
         <w xml:id="n22cs-046290"
            n="0030-a-1100"
            ecep:lem="like"
            ecep:pos="av-j"
            ecep:reg="Like"
            ecep:spe="Like"
            ecep:syllab="1"
            ecep:pron="laɪk">Like</w>
         <c> </c>
         <w xml:id="n22cs-046300"
            n="0030-a-1110"
            ecep:lem="the"
            ecep:pos="dt"
            ecep:reg="the"
            ecep:spe="the"
            ecep:syllab="1"
            ecep:pron="ðiː">the</w>
         <c> </c>
         <w xml:id="n22cs-046310"
            n="0030-a-1120"
            ecep:lem="poor"
            ecep:pos="j"
            ecep:reg="poor"
            ecep:spe="poor"
            ecep:syllab="1"
            ecep:pron="pɔː">poor</w>
         <c> </c>
         <w xml:id="n22cs-046320"
            n="0030-a-1130"
            ecep:lem="mariner"
            ecep:pos="n1"
            ecep:reg="mariner"
            ecep:spe="mariner"
            ecep:syllab="3"
            ecep:pron="ˈmærɪnə">mariner</w>
         <c> </c>
         <w xml:id="n22cs-046330"
            n="0030-a-1140"
            ecep:lem="methinks"
            ecep:pos="vvz"
            ecep:reg="methinks"
            ecep:spe="methinks"
            ecep:syllab="2"
            ecep:pron="mɪˈθɪŋks">methinks</w>
         <c> </c>
         <w xml:id="n22cs-046340"
            n="0030-a-1150"
            ecep:lem="i"
            ecep:pos="pns11"
            ecep:reg="I"
            ecep:spe="I"
            ecep:syllab="1"
            ecep:pron="aɪ">I</w>
         <c> </c>
         <w xml:id="n22cs-046350"
            n="0030-a-1160"
            ecep:lem="stand"
            ecep:pos="vvb"
            ecep:reg="stand"
            ecep:spe="stand"
            ecep:syllab="1"
            ecep:pron="stænd">stand</w>
         <pc xml:id="n22cs-046360"
             n="0030-a-1170"
             ecep:lem=","
             ecep:pos=","
             ecep:reg=","
             ecep:spe=",">,</pc>
      </l>
      <l xml:id="n22cs-l00940">
         <c> </c>
         <w xml:id="n22cs-046370"
            n="0030-a-1180"
            ecep:lem="cast"
            ecep:pos="vvb"
            ecep:reg="Cast"
            ecep:spe="Cast"
            ecep:syllab="1"
            ecep:pron="kɑːst">Cast</w>
         <c> </c>
         <w xml:id="n22cs-046380"
            n="0030-a-1190"
            ecep:lem="on"
            ecep:pos="p-acp"
            ecep:reg="on"
            ecep:spe="on"
            ecep:syllab="1"
            ecep:pron="ɒn">on</w>
         <c> </c>
         <w xml:id="n22cs-046390"
            n="0030-a-1200"
            ecep:lem="a"
            ecep:pos="dt"
            ecep:reg="a"
            ecep:spe="a"
            ecep:syllab="1"
            ecep:pron="ə">a</w>
         <c> </c>
         <w xml:id="n22cs-046400"
            n="0030-a-1210"
            ecep:lem="rock"
            ecep:pos="n1"
            ecep:reg="rock"
            ecep:spe="rock"
            ecep:syllab="1"
            ecep:pron="rɒk">rock</w>
         <pc xml:id="n22cs-046410"
             n="0030-a-1220"
             ecep:lem=";"
             ecep:pos=";"
             ecep:reg=";"
             ecep:spe=";">;</pc>
         <c> </c>
         <w xml:id="n22cs-046420"
            n="0030-a-1230"
            ecep:lem="who"
            ecep:pos="r-crq"
            ecep:reg="who"
            ecep:spe="who"
            ecep:syllab="1"
            ecep:pron="huː">who</w>
         <c> </c>
         <w xml:id="n22cs-046430"
            n="0030-a-1240"
            ecep:lem="see"
            ecep:pos="vvz"
            ecep:reg="sees"
            ecep:spe="sees"
            ecep:syllab="1"
            ecep:pron="siːz">sees</w>
         <c> </c>
         <w xml:id="n22cs-046440"
            n="0030-a-1250"
            ecep:lem="the"
            ecep:pos="dt"
            ecep:reg="the"
            ecep:spe="the"
            ecep:syllab="1"
            ecep:pron="ðiː">the</w>
         <c> </c>
         <w xml:id="n22cs-046450"
            n="0030-a-1260"
            ecep:lem="distant"
            ecep:pos="j"
            ecep:reg="distant"
            ecep:spe="distant"
            ecep:syllab="2"
            ecep:pron="ˈdɪstnt">distant</w>
         <c> </c>
         <w xml:id="n22cs-046460"
            n="0030-a-1270"
            ecep:lem="land"
            ecep:pos="n1"
            ecep:reg="land"
            ecep:spe="land"
            ecep:syllab="1"
            ecep:pron="lænd">land</w>
         <pc xml:id="n22cs-046470"
             n="0030-a-1280"
             ecep:lem=","
             ecep:pos=","
             ecep:reg=","
             ecep:spe=",">,</pc>
      </l>
      <l xml:id="n22cs-l00945">
         <c> </c>
         <w xml:id="n22cs-046480"
            n="0030-a-1290"
            ecep:lem="from"
            ecep:pos="p-acp"
            ecep:reg="From"
            ecep:spe="From"
            ecep:syllab="1"
            ecep:pron="frɒm">From</w>
         <c> </c>
         <w xml:id="n22cs-046490"
            n="0030-a-1300"
            ecep:lem="whence"
            ecep:pos="c-crq"
            ecep:reg="whence"
            ecep:spe="whence"
            ecep:syllab="1"
            ecep:pron="wens">whence</w>
         <c> </c>
         <w xml:id="n22cs-046500"
            n="0030-a-1310"
            ecep:lem="no"
            ecep:pos="dx"
            ecep:reg="no"
            ecep:spe="no"
            ecep:syllab="1"
            ecep:pron="nəʊ">no</w>
         <c> </c>
         <w xml:id="n22cs-046510"
            n="0030-a-1320"
            ecep:lem="succour"
            ecep:pos="n1"
            ecep:reg="succour"
            ecep:spe="succour"
            ecep:syllab="2"
            ecep:pron="ˈsʌkə">succour</w>
         <c> </c>
         <w xml:id="n22cs-046520"
            n="0030-a-1330"
            ecep:lem="come"
            ecep:pos="vvz"
            ecep:reg="comes"
            ecep:spe="comes"
            ecep:syllab="1"
            ecep:pron="kʌmz">comes</w>
         <pc xml:id="n22cs-046530"
             n="0030-a-1340"
             ecep:lem=","
             ecep:pos=","
             ecep:reg=","
             ecep:spe=",">,</pc>
         <c> </c>
         <w xml:id="n22cs-046540"
            n="0030-a-1350"
            ecep:lem="or"
            ecep:pos="cc"
            ecep:reg="or"
            ecep:spe="or"
            ecep:syllab="1"
            ecep:pron="ɔː">or</w>
         <c> </c>
         <w xml:id="n22cs-046550"
            n="0030-a-1360"
            ecep:lem="come"
            ecep:pos="vvz"
            ecep:reg="comes"
            ecep:spe="comes"
            ecep:syllab="1"
            ecep:pron="kʌmz">comes</w>
         <c> </c>
         <w xml:id="n22cs-046560"
            n="0030-a-1370"
            ecep:lem="too"
            ecep:pos="av"
            ecep:reg="too"
            ecep:spe="too"
            ecep:syllab="1"
            ecep:pron="tuː">too</w>
         <c> </c>
         <w xml:id="n22cs-046570"
            n="0030-a-1380"
            ecep:lem="late"
            ecep:pos="av-j"
            ecep:reg="late"
            ecep:spe="late"
            ecep:syllab="1"
            ecep:pron="leɪt">late</w>
         <pc xml:id="n22cs-046580"
             n="0030-a-1390"
             unit="sentence"
             ecep:lem="."
             ecep:pos="."
             ecep:reg="."
             ecep:spe=".">.</pc>
         <c> </c>
      </l>
      <l xml:id="n22cs-l00950">
         <w xml:id="n22cs-046590"
            n="0030-a-1400"
            ecep:lem="faint"
            ecep:pos="j"
            ecep:reg="Faint"
            ecep:spe="Faint"
            ecep:syllab="1"
            ecep:pron="feɪnt">Faint</w>
         <c> </c>
         <w xml:id="n22cs-046600"
            n="0030-a-1410"
            ecep:lem="and"
            ecep:pos="cc"
            ecep:reg="and"
            ecep:spe="and"
            ecep:syllab="1"
            ecep:pron="ænd">and</w>
         <c> </c>
         <w xml:id="n22cs-046610"
            n="0030-a-1420"
            ecep:lem="more"
            ecep:pos="av-dc"
            ecep:reg="more"
            ecep:spe="more"
            ecep:syllab="1"
            ecep:pron="mɔː">more</w>
         <c> </c>
         <w xml:id="n22cs-046620"
            n="0030-a-1430"
            ecep:lem="faint"
            ecep:pos="j"
            ecep:reg="faint"
            ecep:spe="faint"
            ecep:syllab="1"
            ecep:pron="feɪnt">faint</w>
         <c> </c>
         <w xml:id="n22cs-046630"
            n="0030-a-1440"
            ecep:lem="be"
            ecep:pos="vbr"
            ecep:reg="are"
            ecep:spe="are"
            ecep:syllab="1"
            ecep:pron="ɑː">are</w>
         <c> </c>
         <w xml:id="n22cs-046640"
            n="0030-a-1450"
            ecep:lem="hear"
            ecep:pos="vvn"
            ecep:reg="heard"
            ecep:spe="heard"
            ecep:syllab="1"
            ecep:pron="hɜːd">heard</w>
         <c> </c>
         <w xml:id="n22cs-046650"
            n="0030-a-1460"
            ecep:lem="his"
            ecep:pos="po31"
            ecep:reg="his"
            ecep:spe="his"
            ecep:syllab="1"
            ecep:pron="hɪz">his</w>
         <c> </c>
         <w xml:id="n22cs-046660"
            n="0030-a-1470"
            ecep:lem="feeble"
            ecep:pos="j"
            ecep:reg="feeble"
            ecep:spe="feeble"
            ecep:syllab="2"
            ecep:pron="ˈfiːbl">feeble</w>
         <c> </c>
         <w xml:id="n22cs-046670"
            n="0030-a-1480"
            ecep:lem="cry"
            ecep:pos="n2"
            ecep:reg="cries"
            ecep:spe="cries"
            ecep:syllab="1"
            ecep:pron="kraɪz">cries</w>
         <pc xml:id="n22cs-046680"
             n="0030-a-1490"
             ecep:lem=","
             ecep:pos=","
             ecep:reg=","
             ecep:spe=",">,</pc>
      </l>
      <l ana="#iamb #hexameter"
         ecep:syllab="12"
         real="-+|-+|-+||-+|-+|-+/"
         xml:id="n22cs-l00955">
         <c> </c>
         <w xml:id="n22cs-046690"
            n="0030-a-1500"
            ecep:lem="until"
            ecep:pos="c-acp"
            ecep:reg="Till"
            ecep:spe="'Till"
            ecep:syllab="1"
            ecep:pron="tˈɪl">'Till</w>
         <c> </c>
         <w xml:id="n22cs-046700"
            n="0030-a-1510"
            ecep:lem="in"
            ecep:pos="p-acp"
            ecep:reg="in"
            ecep:spe="in"
            ecep:syllab="1"
            ecep:pron="ɪn">in</w>
         <c> </c>
         <w xml:id="n22cs-046710"
            n="0030-a-1520"
            ecep:lem="the"
            ecep:pos="dt"
            ecep:reg="the"
            ecep:spe="the"
            ecep:syllab="1"
            ecep:pron="ðiː">the</w>
         <c> </c>
         <w xml:id="n22cs-046720"
            n="0030-a-1530"
            ecep:lem="rise"
            ecep:pos="j-vvg"
            ecep:reg="rising"
            ecep:spe="rising"
            ecep:syllab="2"
            ecep:pron="ˈraɪzɪŋ">rising</w>
         <c> </c>
         <w xml:id="n22cs-046730"
            n="0030-a-1540"
            ecep:lem="tide"
            ecep:pos="n1"
            ecep:reg="tide"
            ecep:spe="tide"
            ecep:syllab="1"
            ecep:pron="taɪd">tide</w>
         <pc xml:id="n22cs-046740"
             n="0030-a-1550"
             ecep:lem=","
             ecep:pos=","
             ecep:reg=","
             ecep:spe=",">,</pc>
         <c> </c>
         <w xml:id="n22cs-046750"
            n="0030-a-1560"
            ecep:lem="the"
            ecep:pos="dt"
            ecep:reg="the"
            ecep:spe="th'"
            ecep:syllab="0"
            ecep:pron="ð">th'</w>
         <c> </c>
         <w xml:id="n22cs-046760"
            n="0030-a-1570"
            ecep:lem="exhaust"
            ecep:pos="vvn"
            ecep:reg="exhausted"
            ecep:spe="exhausted"
            ecep:syllab="3"
            ecep:pron="ɪgˈzɔːstɪd">exhausted</w>
         <c> </c>
         <w xml:id="n22cs-046770"
            n="0030-a-1580"
            ecep:lem="sufferer"
            ecep:pos="n1"
            ecep:reg="sufferer"
            ecep:spe="sufferer"
            ecep:syllab="3"
            ecep:pron="ˈsʌfrə">sufferer</w>
         <c> </c>
         <w xml:id="n22cs-046780"
            n="0030-a-1590"
            ecep:lem="die"
            ecep:pos="vvz"
            ecep:reg="dies"
            ecep:spe="dies"
            ecep:syllab="1"
            ecep:pron="daɪz">dies</w>
         <pc xml:id="n22cs-046790"
             n="0030-a-1600"
             unit="sentence"
             ecep:lem="."
             ecep:pos="."
             ecep:reg="."
             ecep:spe=".">.</pc>
         <c> </c>
      </l>
   </lg>
   <pb facs="unknown:029523_0031_0FE1D21A0C7D9DD8" n="" rend="none"/>
   <p xml:id="n22cs-s00325">
      <figure>
         <p xml:id="n22cs-s00330">
            <w xml:id="n22cs-046840"
               n="0031-a-0010"
               ecep:lem="on"
               ecep:pos="p-acp"
               ecep:reg="On"
               ecep:spe="On"
               ecep:syllab="1"
               ecep:pron="ɒn">On</w>
            <c> </c>
            <w xml:id="n22cs-046850"
               n="0031-a-0020"
               ecep:lem="some"
               ecep:pos="d"
               ecep:reg="some"
               ecep:spe="some"
               ecep:syllab="1"
               ecep:pron="sʌm">some</w>
            <c> </c>
            <w xml:id="n22cs-046860"
               n="0031-a-0030"
               ecep:lem="rude"
               ecep:pos="j"
               ecep:reg="rude"
               ecep:spe="rude"
               ecep:syllab="1"
               ecep:pron="ruːd">rude</w>
            <c> </c>
            <w xml:id="n22cs-046870"
               n="0031-a-0040"
               ecep:lem="fragment"
               ecep:pos="n1"
               ecep:reg="fragment"
               ecep:spe="fragment"
               ecep:syllab="2"
               ecep:pron="ˈfrægmənt">fragment</w>
            <c> </c>
            <w xml:id="n22cs-046880"
               n="0031-a-0050"
               ecep:lem="of"
               ecep:pos="pp-f"
               ecep:reg="of"
               ecep:spe="of"
               ecep:syllab="1"
               ecep:pron="ɒv">of</w>
            <c> </c>
            <w xml:id="n22cs-046890"
               n="0031-a-0060"
               ecep:lem="the"
               ecep:pos="dt"
               ecep:reg="the"
               ecep:spe="the"
               ecep:syllab="1"
               ecep:pron="ðiː">the</w>
            <c> </c>
            <w xml:id="n22cs-046900"
               n="0031-a-0070"
               ecep:lem="rocky"
               ecep:pos="j"
               ecep:reg="rocky"
               ecep:spe="rocky"
               ecep:syllab="2"
               ecep:pron="ˈrɒki">rocky</w>
            <c> </c>
            <w xml:id="n22cs-046910"
               n="0031-a-0080"
               ecep:lem="shore"
               ecep:pos="n1"
               ecep:reg="shore"
               ecep:spe="shore"
               ecep:syllab="1"
               ecep:pron="ʃɔː">shore</w>
         </p>
      </figure>
   </p>
</div>
