<?xml version="1.0" encoding="UTF-8"?>
<?xml-model href="../tei_all.rnc" type="application/relax-ng-compact-syntax"?>
<TEI xmlns="http://www.tei-c.org/ns/1.0">
   <teiHeader>
      <fileDesc>
         <titleStmt>
            <title corresp="#txt_CottNa1705_w0003">On Lord COBHAM'S Gardens.</title>
            <author corresp="authors.xml#aut_CottNa1705">Nathaniel Cotton</author>
            <respStmt>
               <name xml:id="AH">Alexander Huber</name>
               <resp>Editor</resp>
            </respStmt>
            <funder>
               <name type="institution" xml:id="BOD">Bodleian Libraries, University of Oxford</name>
               <address>
                  <addrLine>Broad Street</addrLine>
                  <addrLine>Oxford OX1 3BG</addrLine>
                  <addrLine>UK</addrLine>
               </address>
            </funder>
         </titleStmt>
         <publicationStmt>
            <publisher xml:id="ECPA">Eighteenth-Century Poetry Archive</publisher>
            <address>
               <addrLine>Taylor Institution Library</addrLine>
               <addrLine>St Giles'</addrLine>
               <addrLine>Oxford OX1 3NA</addrLine>
               <addrLine>UK</addrLine>
               <addrLine>
                  <email>info@eighteenthcenturypoetry.org</email>
               </addrLine>
               <addrLine>
                  <ref target="https://www.eighteenthcenturypoetry.org/">https://www.eighteenthcenturypoetry.org/</ref>
               </addrLine>
            </address>
            <pubPlace>Oxford</pubPlace>
            <availability status="restricted">
               <licence target="http://creativecommons.org/licenses/by-sa/3.0/">This work is licensed under a Creative Commons Attribution-ShareAlike 3.0 Unported License.</licence>
            </availability>
            <idno type="ESTC">T131163</idno>
            <idno type="TCP">K104099.004</idno>
         </publicationStmt>
         <sourceDesc>
            <bibl>
               <author>Dodsley, Robert, 1703-1764.</author>
               <title>A Collection of Poems in Six Volumes. By Several Hands. Vol. IV.</title>
               <pubPlace>London</pubPlace>
               <publisher>printed by J. Hughs, for R. and J. Dodsley</publisher>
               <date>1763 [1st ed. 1758]</date>
               <biblScope>pp. 256-257.</biblScope>
               <extent>6v.: music; 8⁰.</extent>
            </bibl>
         </sourceDesc>
      </fileDesc>
      <encodingDesc>
         <projectDesc>
            <p>This e-text is part of the Works section of the Eighteenth-Century Poetry Archive (ECPA).</p>
            <p>XML created for the Eighteenth-Century Poetry Archive (ECPA).</p>
         </projectDesc>
         <editorialDecl>
            <p>The text has been typographically modernized, but without any silent modernization of
						spelling, capitalization, or punctuation. The source of the text is given and all editorial interventions
						have been recorded in textual notes. Based on the electronic text originally produced by the TCP project, this  text has been edited to conform to the recommendations found in Level 5 of the
						Best Practices for TEI in Libraries version 4.0.0.
					</p>
         </editorialDecl>
         <classDecl>
            <taxonomy xml:id="LCNAF">
               <bibl>Library of Congress Name Authority File (<abbr>LCNAF</abbr>)</bibl>
            </taxonomy>
         </classDecl>
         <tagsDecl>
            <rendition n="linegroups indented" xml:id="lgindent" scheme="css">text-indent: 1em;</rendition>
            <rendition n="linegroups vertically spaced" xml:id="lgvspace" scheme="css">margin-bottom: 1em;</rendition>
            <rendition n="aligned centrally" xml:id="align-center" scheme="css">text-align: center;</rendition>
            <rendition n="aligned right" xml:id="align-right" scheme="css">text-align: right;</rendition>
            <rendition n="aligned left" xml:id="align-left" scheme="css">text-align: left;</rendition>
            <rendition n="inline" xml:id="inline" scheme="css">display: inline</rendition>
            <rendition n="italic" xml:id="i" scheme="css">font-style: italic;</rendition>
            <rendition n="bold" xml:id="b" scheme="css">font-weight: bold;</rendition>
         </tagsDecl>
      </encodingDesc>
   </teiHeader>
   <text>
      <body>
         <div xmlns:tei="http://www.tei-c.org/ns/1.0"
              xmlns:ecep="http://www.eighteenthcenturypoetry.org/ns"
              ana="#iamb #tetrameter #trimeter #quatrain #ballad #chevy-chase #cross"
              corresp="#txt_CottNa1705_w0003"
              ecep:syllab="8.6.8.6"
              met="-+|-+|-+|-+/         -+|-+|-+/         -+|-+|-+|-+/         -+|-+|-+/"
              rendition="#lgvspace"
              rhyme="abab"
              subtype="eceptext"
              type="poem"
              xml:id="o5155-w0530"
              decls="#semi-normalized">
            <link target="authors.xml#aut_CottNa1705" type="author"/>
            <link target="25829" type="DMI"/>
            <head type="main">
               <w xml:id="o5155-547930"
                  n="258-a-1570"
                  ecep:lem="on"
                  ecep:pos="p-acp"
                  ecep:reg="On"
                  ecep:spe="On"
                  ecep:syllab="1"
                  ecep:pron="ɒn">On</w>
               <c> </c>
               <w xml:id="o5155-547940"
                  n="258-a-1580"
                  ecep:lem="lord"
                  ecep:pos="n1"
                  ecep:reg="Lord"
                  ecep:spe="Lord"
                  ecep:syllab="1"
                  ecep:pron="lɔːd">Lord</w>
               <c> </c>
               <w xml:id="o5155-547950"
                  n="258-a-1590"
                  ecep:lem="cobham"
                  ecep:pos="npg1"
                  ecep:reg="COBHAM'S"
                  ecep:spe="COBHAM'S"
                  ecep:syllab="2"
                  ecep:pron="ˈkɒbəmz">COBHAM'S</w>
               <c> </c>
               <w xml:id="o5155-547960"
                  n="258-a-1600"
                  ecep:lem="garden"
                  ecep:pos="n2"
                  ecep:reg="Gardens"
                  ecep:spe="Gardens"
                  ecep:syllab="2"
                  ecep:pron="ˈgɑːdnz">Gardens</w>
               <pc xml:id="o5155-547970"
                   n="258-a-1610"
                   unit="sentence"
                   ecep:lem="."
                   ecep:pos="."
                   ecep:reg="."
                   ecep:spe=".">.</pc>
            </head>
            <byline>
               <w xml:id="o5155-548000"
                  n="258-a-1620"
                  ecep:lem="by"
                  ecep:pos="p-acp"
                  ecep:reg="By"
                  ecep:spe="By"
                  ecep:syllab="1"
                  ecep:pron="baɪ">By</w>
               <c> </c>
               <w xml:id="o5155-548010"
                  n="258-a-1630"
                  ecep:lem="the"
                  ecep:pos="dt"
                  ecep:reg="the"
                  ecep:spe="the"
                  ecep:syllab="1"
                  ecep:pron="ðiː">the</w>
               <c> </c>
               <w xml:id="o5155-548020"
                  n="258-a-1640"
                  ecep:lem="same"
                  ecep:pos="d"
                  ecep:reg="Same"
                  ecep:spe="Same"
                  ecep:syllab="1"
                  ecep:pron="seɪm">Same</w>
               <pc xml:id="o5155-548030"
                   n="258-a-1650"
                   unit="sentence"
                   ecep:lem="."
                   ecep:pos="."
                   ecep:reg="."
                   ecep:spe=".">.</pc>
            </byline>
            <lg xml:id="o5155-s02935">
               <l xml:id="o5155-l29000">
                  <w xml:id="o5155-548060"
                     n="258-a-1660"
                     ecep:lem="it"
                     ecep:pos="pn31"
                     ecep:reg="IT"
                     ecep:spe="IT"
                     ecep:syllab="1"
                     ecep:pron="ɪt">IT</w>
                  <c> </c>
                  <w xml:id="o5155-548070"
                     n="258-a-1670"
                     ecep:lem="puzzle"
                     ecep:pos="n2"
                     ecep:reg="puzzles"
                     ecep:spe="puzzles"
                     ecep:syllab="2"
                     ecep:pron="ˈpʌzlz">puzzles</w>
                  <c> </c>
                  <w xml:id="o5155-548080"
                     n="258-a-1680"
                     ecep:lem="much"
                     ecep:pos="d"
                     ecep:reg="much"
                     ecep:spe="much"
                     ecep:syllab="1"
                     ecep:pron="mʌtʃ">much</w>
                  <c> </c>
                  <w xml:id="o5155-548090"
                     n="258-a-1690"
                     ecep:lem="the"
                     ecep:pos="dt"
                     ecep:reg="the"
                     ecep:spe="the"
                     ecep:syllab="1"
                     ecep:pron="ðiː">the</w>
                  <c> </c>
                  <w xml:id="o5155-548100"
                     n="258-a-1700"
                     ecep:lem="sages"
                     ecep:pos="ng2"
                     ecep:reg="sages'"
                     ecep:spe="sages'"
                     ecep:syllab="2"
                     ecep:pron="seɪdʒɪz">sages'</w>
                  <c> </c>
                  <w xml:id="o5155-548120"
                     n="258-a-1720"
                     ecep:lem="brain"
                     ecep:pos="n2"
                     ecep:reg="brains"
                     ecep:spe="brains"
                     ecep:syllab="1"
                     ecep:pron="breɪnz">brains</w>
                  <pc xml:id="o5155-548130"
                      n="258-a-1730"
                      ecep:lem=","
                      ecep:pos=","
                      ecep:reg=","
                      ecep:spe=",">,</pc>
               </l>
               <l xml:id="o5155-l29005">
                  <w xml:id="o5155-548140"
                     n="258-a-1740"
                     ecep:lem="where"
                     ecep:pos="c-crq"
                     ecep:reg="Where"
                     ecep:spe="Where"
                     ecep:syllab="1"
                     ecep:pron="weə">Where</w>
                  <c> </c>
                  <w xml:id="o5155-548150"
                     n="258-a-1750"
                     ecep:lem="Eden"
                     ecep:pos="np1"
                     ecep:reg="Eden"
                     ecep:spe="Eden"
                     ecep:syllab="2"
                     ecep:pron="ˈiːdən">Eden</w>
                  <c> </c>
                  <w xml:id="o5155-548160"
                     n="258-a-1760"
                     ecep:lem="stand"
                     ecep:pos="vvd"
                     ecep:reg="stood"
                     ecep:spe="stood"
                     ecep:syllab="1"
                     ecep:pron="stʊd">stood</w>
                  <c> </c>
                  <w xml:id="o5155-548170"
                     n="258-a-1770"
                     ecep:lem="of"
                     ecep:pos="pp-f"
                     ecep:reg="of"
                     ecep:spe="of"
                     ecep:syllab="1"
                     ecep:pron="ɒv">of</w>
                  <c> </c>
                  <w xml:id="o5155-548180"
                     n="258-a-1780"
                     ecep:lem="yore"
                     ecep:pos="av"
                     ecep:reg="yore"
                     ecep:spe="yore"
                     ecep:syllab="1"
                     ecep:pron="jɔː">yore</w>
                  <pc xml:id="o5155-548190"
                      n="258-a-1790"
                      ecep:lem=";"
                      ecep:pos=";"
                      ecep:reg=";"
                      ecep:spe=";">;</pc>
               </l>
               <l xml:id="o5155-l29010">
                  <w xml:id="o5155-548200"
                     n="258-a-1800"
                     ecep:lem="some"
                     ecep:pos="d"
                     ecep:reg="Some"
                     ecep:spe="Some"
                     ecep:syllab="1"
                     ecep:pron="sʌm">Some</w>
                  <c> </c>
                  <w xml:id="o5155-548210"
                     n="258-a-1810"
                     ecep:lem="place"
                     ecep:pos="n1"
                     ecep:reg="place"
                     ecep:spe="place"
                     ecep:syllab="1"
                     ecep:pron="pleɪs">place</w>
                  <c> </c>
                  <w xml:id="o5155-548220"
                     n="258-a-1820"
                     ecep:lem="it"
                     ecep:pos="pn31"
                     ecep:reg="it"
                     ecep:spe="it"
                     ecep:syllab="1"
                     ecep:pron="ɪt">it</w>
                  <c> </c>
                  <w xml:id="o5155-548230"
                     n="258-a-1830"
                     ecep:lem="in"
                     ecep:pos="p-acp"
                     ecep:reg="in"
                     ecep:spe="in"
                     ecep:syllab="1"
                     ecep:pron="ɪn">in</w>
                  <c> </c>
                  <w xml:id="o5155-548240"
                     n="258-a-1840"
                     ecep:lem="arabia"
                     ecep:pos="npg1"
                     ecep:reg="Arabia's"
                     ecep:spe="Arabia's"
                     ecep:syllab="4"
                     ecep:pron="əˈreɪbiəz">Arabia's</w>
                  <c> </c>
                  <w xml:id="o5155-548250"
                     n="258-a-1850"
                     ecep:lem="plain"
                     ecep:pos="n2"
                     ecep:reg="plains"
                     ecep:spe="plains"
                     ecep:syllab="1"
                     ecep:pron="pleɪnz">plains</w>
                  <pc xml:id="o5155-548260"
                      n="258-a-1860"
                      ecep:lem=","
                      ecep:pos=","
                      ecep:reg=","
                      ecep:spe=",">,</pc>
               </l>
               <l xml:id="o5155-l29015">
                  <w xml:id="o5155-548270"
                     n="258-a-1870"
                     ecep:lem="some"
                     ecep:pos="d"
                     ecep:reg="Some"
                     ecep:spe="Some"
                     ecep:syllab="1"
                     ecep:pron="sʌm">Some</w>
                  <c> </c>
                  <w xml:id="o5155-548280"
                     n="258-a-1880"
                     ecep:lem="say"
                     ecep:pos="vvb"
                     ecep:reg="say"
                     ecep:spe="say"
                     ecep:syllab="1"
                     ecep:pron="seɪ">say</w>
                  <pc xml:id="o5155-548290"
                      n="258-a-1890"
                      ecep:lem=","
                      ecep:pos=","
                      ecep:reg=","
                      ecep:spe=",">,</pc>
                  <c> </c>
                  <w xml:id="o5155-548300"
                     n="258-a-1900"
                     ecep:lem="it"
                     ecep:pos="pn31"
                     ecep:reg="it"
                     ecep:spe="it"
                     ecep:syllab="1"
                     ecep:pron="ɪt">it</w>
                  <c> </c>
                  <w xml:id="o5155-548310"
                     n="258-a-1910"
                     ecep:lem="be"
                     ecep:pos="vbz"
                     ecep:reg="is"
                     ecep:spe="is"
                     ecep:syllab="1"
                     ecep:pron="ɪz">is</w>
                  <c> </c>
                  <w xml:id="o5155-548320"
                     n="258-a-1920"
                     ecep:lem="no"
                     ecep:pos="av-dx"
                     ecep:reg="no"
                     ecep:spe="no"
                     ecep:syllab="1"
                     ecep:pron="nəʊ">no</w>
                  <c> </c>
                  <w xml:id="o5155-548330"
                     n="258-a-1930"
                     ecep:lem="more"
                     ecep:pos="av-dc"
                     ecep:reg="more"
                     ecep:spe="more"
                     ecep:syllab="1"
                     ecep:pron="mɔː">more</w>
                  <pc xml:id="o5155-548340"
                      n="258-a-1940"
                      unit="sentence"
                      ecep:lem="."
                      ecep:pos="."
                      ecep:reg="."
                      ecep:spe=".">.</pc>
               </l>
            </lg>
            <pb facs="o5155/0262_R" n="257" rend="none"/>
            <lg xml:id="o5155-s02940">
               <l xml:id="o5155-l29020">
                  <w xml:id="o5155-548370"
                     n="259-a-0010"
                     ecep:lem="but"
                     ecep:pos="p-acp"
                     ecep:reg="But"
                     ecep:spe="But"
                     ecep:syllab="1"
                     ecep:pron="bʌt">But</w>
                  <c> </c>
                  <w xml:id="o5155-548380"
                     n="259-a-0020"
                     ecep:lem="Cobham"
                     ecep:pos="np1"
                     ecep:reg="Cobham"
                     ecep:spe="Cobham"
                     ecep:syllab="2"
                     ecep:pron="ˈkɒbəm">Cobham</w>
                  <c> </c>
                  <w xml:id="o5155-548390"
                     n="259-a-0030"
                     ecep:lem="can"
                     ecep:pos="vmb"
                     ecep:reg="can"
                     ecep:spe="can"
                     ecep:syllab="1"
                     ecep:pron="kæn">can</w>
                  <c> </c>
                  <w xml:id="o5155-548400"
                     n="259-a-0040"
                     ecep:lem="these"
                     ecep:pos="d"
                     ecep:reg="these"
                     ecep:spe="these"
                     ecep:syllab="1"
                     ecep:pron="ðiːz">these</w>
                  <c> </c>
                  <w xml:id="o5155-548410"
                     n="259-a-0050"
                     ecep:lem="tale"
                     ecep:pos="n2"
                     ecep:reg="tales"
                     ecep:spe="tales"
                     ecep:syllab="1"
                     ecep:pron="ˈteɪliːz">tales</w>
                  <c> </c>
                  <w xml:id="o5155-548420"
                     n="259-a-0060"
                     ecep:lem="confute"
                     ecep:pos="vvb"
                     ecep:reg="confute"
                     ecep:spe="confute"
                     ecep:syllab="2"
                     ecep:pron="kənˈfjuːt">confute</w>
                  <pc xml:id="o5155-548430"
                      n="259-a-0070"
                      ecep:lem=","
                      ecep:pos=","
                      ecep:reg=","
                      ecep:spe=",">,</pc>
               </l>
               <l xml:id="o5155-l29025">
                  <w xml:id="o5155-548440"
                     n="259-a-0080"
                     ecep:lem="as"
                     ecep:pos="c-acp"
                     ecep:reg="As"
                     ecep:spe="As"
                     ecep:syllab="1"
                     ecep:pron="æz">As</w>
                  <c> </c>
                  <w xml:id="o5155-548450"
                     n="259-a-0090"
                     ecep:lem="all"
                     ecep:pos="d"
                     ecep:reg="all"
                     ecep:spe="all"
                     ecep:syllab="1"
                     ecep:pron="ɔːl">all</w>
                  <c> </c>
                  <w xml:id="o5155-548460"
                     n="259-a-0100"
                     ecep:lem="the"
                     ecep:pos="dt"
                     ecep:reg="the"
                     ecep:spe="the"
                     ecep:syllab="1"
                     ecep:pron="ðiː">the</w>
                  <c> </c>
                  <w xml:id="o5155-548470"
                     n="259-a-0110"
                     ecep:lem="curious"
                     ecep:pos="j"
                     ecep:reg="curious"
                     ecep:spe="curious"
                     ecep:syllab="3"
                     ecep:pron="ˈkjʊəriəs">curious</w>
                  <c> </c>
                  <w xml:id="o5155-548480"
                     n="259-a-0120"
                     ecep:lem="know"
                     ecep:pos="vvb"
                     ecep:reg="know"
                     ecep:spe="know"
                     ecep:syllab="1"
                     ecep:pron="nəʊ">know</w>
                  <pc xml:id="o5155-548490"
                      n="259-a-0130"
                      ecep:lem=";"
                      ecep:pos=";"
                      ecep:reg=";"
                      ecep:spe=";">;</pc>
               </l>
               <l xml:id="o5155-l29030">
                  <w xml:id="o5155-548500"
                     n="259-a-0140"
                     ecep:lem="for"
                     ecep:pos="c-acp"
                     ecep:reg="For"
                     ecep:spe="For"
                     ecep:syllab="1"
                     ecep:pron="fɔː">For</w>
                  <c> </c>
                  <w xml:id="o5155-548510"
                     n="259-a-0150"
                     ecep:lem="he"
                     ecep:pos="pns31"
                     ecep:reg="he"
                     ecep:spe="he"
                     ecep:syllab="1"
                     ecep:pron="hiː">he</w>
                  <c> </c>
                  <w xml:id="o5155-548520"
                     n="259-a-0160"
                     ecep:lem="have"
                     ecep:pos="vhz"
                     ecep:reg="has"
                     ecep:spe="has"
                     ecep:syllab="1"
                     ecep:pron="hæz">has</w>
                  <c> </c>
                  <w xml:id="o5155-548530"
                     n="259-a-0170"
                     ecep:lem="prove"
                     ecep:pos="vvn"
                     ecep:reg="proved"
                     ecep:spe="prov'd"
                     ecep:syllab="1"
                     ecep:pron="pruːvd">prov'd</w>
                  <c> </c>
                  <w xml:id="o5155-548540"
                     n="259-a-0180"
                     ecep:lem="beyond"
                     ecep:pos="p-acp"
                     ecep:reg="beyond"
                     ecep:spe="beyond"
                     ecep:syllab="2"
                     ecep:pron="biˈɒnd">beyond</w>
                  <c> </c>
                  <w xml:id="o5155-548550"
                     n="259-a-0190"
                     ecep:lem="dispute"
                     ecep:pos="n1"
                     ecep:reg="dispute"
                     ecep:spe="dispute"
                     ecep:syllab="2"
                     ecep:pron="dɪˈspjuːt">dispute</w>
                  <pc xml:id="o5155-548560"
                      n="259-a-0200"
                      ecep:lem=","
                      ecep:pos=","
                      ecep:reg=","
                      ecep:spe=",">,</pc>
               </l>
               <l xml:id="o5155-l29035">
                  <w xml:id="o5155-548570"
                     n="259-a-0210"
                     ecep:lem="that"
                     ecep:pos="cst"
                     ecep:reg="That"
                     ecep:spe="That"
                     ecep:syllab="1"
                     ecep:pron="ðæt">That</w>
                  <c> </c>
                  <w xml:id="o5155-548580"
                     n="259-a-0220"
                     ecep:lem="paradise"
                     ecep:pos="n1"
                     ecep:reg="paradise"
                     ecep:spe="paradise"
                     ecep:syllab="3"
                     ecep:pron="ˈpærədaɪs">paradise</w>
                  <c> </c>
                  <w xml:id="o5155-548590"
                     n="259-a-0230"
                     ecep:lem="be"
                     ecep:pos="vbz"
                     ecep:reg="is"
                     ecep:spe="is"
                     ecep:syllab="1"
                     ecep:pron="ɪz">is</w>
                  <c> </c>
                  <w xml:id="o5155-548600"
                     n="259-a-0240"
                     ecep:lem="stow"
                     ecep:pos="vvi"
                     ecep:reg="STOW"
                     ecep:spe="STOW"
                     ecep:syllab="1"
                     ecep:pron="stəʊ">STOW</w>
                  <pc xml:id="o5155-548610"
                      n="259-a-0250"
                      unit="sentence"
                      ecep:lem="."
                      ecep:pos="."
                      ecep:reg="."
                      ecep:spe=".">.</pc>
               </l>
            </lg>
         </div>
      </body>
   </text>
</TEI>
