<?xml version="1.0" encoding="UTF-8"?>
<?xml-model href="../tei_all.rnc" type="application/relax-ng-compact-syntax"?>
<TEI xmlns="http://www.tei-c.org/ns/1.0">
   <teiHeader>
      <fileDesc>
         <titleStmt>
            <title corresp="#txt_PrioMa1664_w0019">TO THE AUTHOR OF THE Foregoing PASTORAL.</title>
            <author corresp="authors.xml#aut_PrioMa1664">Matthew Prior</author>
            <respStmt>
               <name xml:id="AH">Alexander Huber</name>
               <resp>Editor</resp>
            </respStmt>
            <funder>
               <name type="institution" xml:id="BOD">Bodleian Libraries, University of Oxford</name>
               <address>
                  <addrLine>Broad Street</addrLine>
                  <addrLine>Oxford OX1 3BG</addrLine>
                  <addrLine>UK</addrLine>
               </address>
            </funder>
         </titleStmt>
         <publicationStmt>
            <publisher xml:id="ECPA">Eighteenth-Century Poetry Archive</publisher>
            <address>
               <addrLine>Taylor Institution Library</addrLine>
               <addrLine>St Giles'</addrLine>
               <addrLine>Oxford OX1 3NA</addrLine>
               <addrLine>UK</addrLine>
               <addrLine>
                  <email>info@eighteenthcenturypoetry.org</email>
               </addrLine>
               <addrLine>
                  <ref target="https://www.eighteenthcenturypoetry.org/">https://www.eighteenthcenturypoetry.org/</ref>
               </addrLine>
            </address>
            <pubPlace>Oxford</pubPlace>
            <availability status="restricted">
               <licence target="http://creativecommons.org/licenses/by-sa/3.0/">This work is licensed under a Creative Commons Attribution-ShareAlike 3.0 Unported License.</licence>
            </availability>
            <idno type="ESTC">T075639</idno>
         </publicationStmt>
         <sourceDesc>
            <bibl>
               <author>Prior, Matthew, 1664-1721.</author>
               <title>Poems on Several Occasions [English poems only].</title>
               <pubPlace>London</pubPlace>
               <publisher>Printed for JACOB TONSON at Shakespear's-Head over against Katharine-Street in the Strand, and JOHN BARBER upon Lambeth-Hill. MDCCXVIII.</publisher>
               <date>1718</date>
               <biblScope>pp. 34-35.</biblScope>
               <extent>[42],506,[6]p.: ill.; 2°.</extent>
            </bibl>
         </sourceDesc>
      </fileDesc>
      <encodingDesc>
         <projectDesc>
            <p>This e-text is part of the Works section of the Eighteenth-Century Poetry Archive (ECPA).</p>
            <p>XML created for the Eighteenth-Century Poetry Archive (ECPA).</p>
         </projectDesc>
         <editorialDecl>
            <p>Typography, spelling, capitalization, and punctuation have been cautiously modernized. The source of the text is given and all significant
						editorial interventions have been recorded in textual notes. This  text has been edited to conform to the recommendations found 
						in Level 5 of the
						Best Practices for TEI in Libraries version 4.0.0.
					</p>
         </editorialDecl>
         <classDecl>
            <taxonomy xml:id="LCNAF">
               <bibl>Library of Congress Name Authority File (<abbr>LCNAF</abbr>)</bibl>
            </taxonomy>
         </classDecl>
         <tagsDecl>
            <rendition n="linegroups indented" xml:id="lgindent" scheme="css">text-indent: 1em;</rendition>
            <rendition n="linegroups vertically spaced" xml:id="lgvspace" scheme="css">margin-bottom: 1em;</rendition>
            <rendition n="aligned centrally" xml:id="align-center" scheme="css">text-align: center;</rendition>
            <rendition n="aligned right" xml:id="align-right" scheme="css">text-align: right;</rendition>
            <rendition n="aligned left" xml:id="align-left" scheme="css">text-align: left;</rendition>
            <rendition n="inline" xml:id="inline" scheme="css">display: inline</rendition>
            <rendition n="italic" xml:id="i" scheme="css">font-style: italic;</rendition>
            <rendition n="bold" xml:id="b" scheme="css">font-weight: bold;</rendition>
         </tagsDecl>
      </encodingDesc>
   </teiHeader>
   <text>
      <body>
         <div xmlns:ecep="http://www.eighteenthcenturypoetry.org/ns"
              xmlns:tei="http://www.tei-c.org/ns/1.0"
              ana="#iamb #pentameter #couplet #pair #pastoral"
              corresp="#txt_PrioMa1664_w0019"
              decls="#semi-normalized"
              ecep:syllab="10"
              met="-+|-+|-+|-+|-+/"
              rendition="#lgvspace"
              rhyme="aa"
              subtype="eceptext"
              type="poem"
              xml:id="pmp18-w0160">
            <link target="authors.xml#aut_PrioMa1664" type="author"/>
            <link subtype="topic" target="#pmp18-w0150" type="related"/>
            <head type="main">
               <w xml:id="pmp18-0120880"
                  n="a-0010"
                  ecep:lem="to"
                  ecep:pos="p-acp"
                  ecep:reg="TO"
                  ecep:spe="TO"
                  ecep:syllab="1"
                  ecep:pron="tuː">TO</w>
               <c> </c>
               <w xml:id="pmp18-0120890"
                  n="a-0020"
                  ecep:lem="the"
                  ecep:pos="dt"
                  ecep:reg="THE"
                  ecep:spe="THE"
                  ecep:syllab="1"
                  ecep:pron="ðiː">THE</w>
               <c> </c>
               <w xml:id="pmp18-0120900"
                  n="a-0030"
                  ecep:lem="author"
                  ecep:pos="n1"
                  ecep:reg="AUTHOR"
                  ecep:spe="AUTHOR"
                  ecep:syllab="2"
                  ecep:pron="ˈɔːθə">AUTHOR</w>
               <c> </c>
               <w xml:id="pmp18-0120910"
                  n="a-0040"
                  ecep:lem="of"
                  ecep:pos="pp-f"
                  ecep:reg="OF"
                  ecep:spe="OF"
                  ecep:syllab="1"
                  ecep:pron="ɒv">OF</w>
               <c> </c>
               <w xml:id="pmp18-0120920"
                  n="a-0050"
                  ecep:lem="the"
                  ecep:pos="dt"
                  ecep:reg="THE"
                  ecep:spe="THE"
                  ecep:syllab="1"
                  ecep:pron="ðiː">THE</w>
               <c> </c>
               <w xml:id="pmp18-0120930"
                  n="a-0060"
                  ecep:lem="forgo"
                  ecep:pos="j-vvg"
                  ecep:reg="Foregoing"
                  ecep:spe="Foregoing"
                  ecep:syllab="3"
                  ecep:pron="fɔːˈgəʊɪŋ">Foregoing</w>
               <c> </c>
               <w xml:id="pmp18-0120940"
                  n="a-0070"
                  ecep:lem="pastoral"
                  ecep:pos="n-jn"
                  ecep:reg="PASTORAL"
                  ecep:spe="PASTORAL"
                  ecep:syllab="3"
                  ecep:pron="ˈpɑːstrl">PASTORAL</w>
               <pc xml:id="pmp18-0120950"
                   n="a-0080"
                   unit="sentence"
                   ecep:lem="."
                   ecep:pos="."
                   ecep:reg="."
                   ecep:spe=".">.</pc>
            </head>
            <lg xml:id="pmp18-s00705">
               <l n="1" xml:id="pmp18-l03750">
                  <hi rendition="#sc">
                     <w xml:id="pmp18-0120980"
                        n="a-0090"
                        ecep:lem="by"
                        ecep:pos="p-acp"
                        ecep:reg="By"
                        ecep:spe="By"
                        ecep:syllab="1"
                        ecep:pron="baɪ">By</w>
                     <c> </c>
                     <w xml:id="pmp18-0120990"
                        n="a-0100"
                        ecep:lem="Silvia"
                        ecep:pos="np1"
                        ecep:reg="Silvia"
                        ecep:spe="Silvia"
                        ecep:syllab="3"
                        ecep:pron="ˈsɪlviə">Silvia</w>
                  </hi>
                  <c> </c>
                  <w xml:id="pmp18-0121000"
                     n="a-0110"
                     ecep:lem="if"
                     ecep:pos="cs"
                     ecep:reg="if"
                     ecep:spe="if"
                     ecep:syllab="1"
                     ecep:pron="ɪf">if</w>
                  <c> </c>
                  <w xml:id="pmp18-0121010"
                     n="a-0120"
                     ecep:lem="thy"
                     ecep:pos="po21"
                     ecep:reg="thy"
                     ecep:spe="thy"
                     ecep:syllab="1"
                     ecep:pron="ðaɪ">thy</w>
                  <c> </c>
                  <w xml:id="pmp18-0121020"
                     n="a-0130"
                     ecep:lem="charm"
                     ecep:pos="j-vvg"
                     ecep:reg="charming"
                     ecep:spe="charming"
                     ecep:syllab="2"
                     ecep:pron="ˈtʃɑːmɪŋ">charming</w>
                  <c> </c>
                  <w xml:id="pmp18-0121030"
                     n="a-0140"
                     ecep:lem="self"
                     ecep:pos="n1"
                     ecep:reg="Self"
                     ecep:spe="Self"
                     ecep:syllab="1"
                     ecep:pron="self">Self</w>
                  <c> </c>
                  <w xml:id="pmp18-0121040"
                     n="a-0150"
                     ecep:lem="be"
                     ecep:pos="vbi"
                     ecep:reg="be"
                     ecep:spe="be"
                     ecep:syllab="1"
                     ecep:pron="biː">be</w>
                  <c> </c>
                  <w xml:id="pmp18-0121050"
                     n="a-0160"
                     ecep:lem="mean"
                     ecep:pos="vvn"
                     ecep:reg="meant"
                     ecep:spe="meant"
                     ecep:syllab="1"
                     ecep:pron="ment">meant</w>
                  <pc xml:id="pmp18-0121060"
                      n="a-0170"
                      ecep:lem=";"
                      ecep:pos=";"
                      ecep:reg=";"
                      ecep:spe=";">;</pc>
               </l>
               <l n="2" xml:id="pmp18-l03755">
                  <c> </c>
                  <w xml:id="pmp18-0121070"
                     n="a-0180"
                     ecep:lem="if"
                     ecep:pos="cs"
                     ecep:reg="If"
                     ecep:spe="If"
                     ecep:syllab="1"
                     ecep:pron="ɪf">If</w>
                  <c> </c>
                  <w xml:id="pmp18-0121080"
                     n="a-0190"
                     ecep:lem="friendship"
                     ecep:pos="n1"
                     ecep:reg="Friendship"
                     ecep:spe="Friendship"
                     ecep:syllab="2"
                     ecep:pron="ˈfrenʃɪp">Friendship</w>
                  <c> </c>
                  <w xml:id="pmp18-0121090"
                     n="a-0200"
                     ecep:lem="be"
                     ecep:pos="vbi"
                     ecep:reg="be"
                     ecep:spe="be"
                     ecep:syllab="1"
                     ecep:pron="biː">be</w>
                  <c> </c>
                  <w xml:id="pmp18-0121100"
                     n="a-0210"
                     ecep:lem="thy"
                     ecep:pos="po21"
                     ecep:reg="thy"
                     ecep:spe="thy"
                     ecep:syllab="1"
                     ecep:pron="ðaɪ">thy</w>
                  <c> </c>
                  <w xml:id="pmp18-0121110"
                     n="a-0220"
                     ecep:lem="virgin"
                     ecep:pos="n1"
                     ecep:reg="Virgin"
                     ecep:spe="Virgin"
                     ecep:syllab="2"
                     ecep:pron="ˈvɜːdʒɪn">Virgin</w>
                  <c> </c>
                  <w xml:id="pmp18-0121120"
                     n="a-0230"
                     ecep:lem="vow"
                     ecep:pos="n2"
                     ecep:reg="Vows"
                     ecep:spe="Vows"
                     ecep:syllab="1"
                     ecep:pron="vaʊz">Vows</w>
                  <c> </c>
                  <w xml:id="pmp18-0121130"
                     n="a-0240"
                     ecep:lem="extent"
                     ecep:pos="n1"
                     ecep:reg="Extent"
                     ecep:spe="Extent"
                     ecep:syllab="2"
                     ecep:pron="ɪkˈstent">Extent</w>
                  <pc xml:id="pmp18-0121140"
                      n="a-0250"
                      ecep:lem=";"
                      ecep:pos=";"
                      ecep:reg=";"
                      ecep:spe=";">;</pc>
               </l>
               <l n="3" xml:id="pmp18-l03760">
                  <c> </c>
                  <w xml:id="pmp18-0121150"
                     n="a-0260"
                     ecep:lem="o"
                     ecep:pos="uh"
                     ecep:reg="OH"
                     ecep:spe="O"
                     ecep:syllab="1"
                     ecep:pron="əʊ">O</w>
                  <pc xml:id="pmp18-0121155"
                      n="a-0260"
                      ecep:lem="!"
                      ecep:pos="!"
                      ecep:reg="!"
                      ecep:spe="!">!</pc>
                  <c> </c>
                  <w xml:id="pmp18-0121160"
                     n="a-0270"
                     ecep:lem="let"
                     ecep:pos="vvb"
                     ecep:reg="let"
                     ecep:spe="let"
                     ecep:syllab="1"
                     ecep:pron="let">let</w>
                  <c> </c>
                  <w xml:id="pmp18-0121170"
                     n="a-0280"
                     ecep:lem="i"
                     ecep:pos="pno11"
                     ecep:reg="me"
                     ecep:spe="me"
                     ecep:syllab="1"
                     ecep:pron="miː">me</w>
                  <c> </c>
                  <w xml:id="pmp18-0121180"
                     n="a-0290"
                     ecep:lem="in"
                     ecep:pos="p-acp"
                     ecep:reg="in"
                     ecep:spe="in"
                     ecep:syllab="1"
                     ecep:pron="ɪn">in</w>
                  <c> </c>
                  <hi rendition="#sc">
                     <w xml:id="pmp18-0121190"
                        n="a-0300"
                        ecep:lem="aminta"
                        ecep:pos="npg1"
                        ecep:reg="Aminta's"
                        ecep:spe="Aminta's"
                        ecep:syllab="3"
                        ecep:pron="ˈæmɪntəz">Aminta's</w>
                  </hi>
                  <c> </c>
                  <w xml:id="pmp18-0121200"
                     n="a-0310"
                     ecep:lem="praise"
                     ecep:pos="n2"
                     ecep:reg="Praises"
                     ecep:spe="Praises"
                     ecep:syllab="2"
                     ecep:pron="preɪzɪz">Praises</w>
                  <c> </c>
                  <w xml:id="pmp18-0121210"
                     n="a-0320"
                     ecep:lem="join"
                     ecep:pos="vvi"
                     ecep:reg="join"
                     ecep:spe="join"
                     ecep:syllab="1"
                     ecep:pron="dʒɔɪn">join</w>
                  <pc xml:id="pmp18-0121220"
                      n="a-0330"
                      ecep:lem=":"
                      ecep:pos=":"
                      ecep:reg=":"
                      ecep:spe=":">:</pc>
               </l>
               <l n="4" xml:id="pmp18-l03765">
                  <c> </c>
                  <w xml:id="pmp18-0121230"
                     n="a-0340"
                     ecep:lem="she"
                     ecep:pos="png31"
                     ecep:reg="Hers"
                     ecep:spe="Her's"
                     ecep:syllab="1"
                     ecep:pron="hɜːz">Her's</w>
                  <c> </c>
                  <w xml:id="pmp18-0121240"
                     n="a-0350"
                     ecep:lem="my"
                     ecep:pos="po11"
                     ecep:reg="my"
                     ecep:spe="my"
                     ecep:syllab="1"
                     ecep:pron="maɪ">my</w>
                  <c> </c>
                  <w xml:id="pmp18-0121250"
                     n="a-0360"
                     ecep:lem="esteem"
                     ecep:pos="n1"
                     ecep:reg="Esteem"
                     ecep:spe="Esteem"
                     ecep:syllab="2"
                     ecep:pron="ɪˈstiːm">Esteem</w>
                  <c> </c>
                  <w xml:id="pmp18-0121260"
                     n="a-0370"
                     ecep:lem="shall"
                     ecep:pos="vmb"
                     ecep:reg="shall"
                     ecep:spe="shall"
                     ecep:syllab="1"
                     ecep:pron="ʃæl">shall</w>
                  <c> </c>
                  <w xml:id="pmp18-0121270"
                     n="a-0380"
                     ecep:lem="be"
                     ecep:pos="vbi"
                     ecep:reg="be"
                     ecep:spe="be"
                     ecep:syllab="1"
                     ecep:pron="biː">be</w>
                  <pc xml:id="pmp18-0121280"
                      n="a-0390"
                      ecep:lem=","
                      ecep:pos=","
                      ecep:reg=","
                      ecep:spe=",">,</pc>
                  <c> </c>
                  <w xml:id="pmp18-0121290"
                     n="a-0400"
                     ecep:lem="my"
                     ecep:pos="po11"
                     ecep:reg="my"
                     ecep:spe="my"
                     ecep:syllab="1"
                     ecep:pron="maɪ">my</w>
                  <c> </c>
                  <w xml:id="pmp18-0121300"
                     n="a-0410"
                     ecep:lem="passion"
                     ecep:pos="n1"
                     ecep:reg="Passion"
                     ecep:spe="Passion"
                     ecep:syllab="2"
                     ecep:pron="ˈpæʃn">Passion</w>
                  <c> </c>
                  <w xml:id="pmp18-0121310"
                     n="a-0420"
                     ecep:lem="thy"
                     ecep:pos="po21"
                     ecep:reg="Thine"
                     ecep:spe="Thine"
                     ecep:syllab="1"
                     ecep:pron="ðaɪn">Thine</w>
                  <pc xml:id="pmp18-0121320"
                      n="a-0430"
                      unit="sentence"
                      ecep:lem="."
                      ecep:pos="."
                      ecep:reg="."
                      ecep:spe=".">.</pc>
                  <c> </c>
               </l>
               <l n="5" xml:id="pmp18-l03770">
                  <w xml:id="pmp18-0121330"
                     n="a-0440"
                     ecep:lem="when"
                     ecep:pos="c-crq"
                     ecep:reg="When"
                     ecep:spe="When"
                     ecep:syllab="1"
                     ecep:pron="wen">When</w>
                  <c> </c>
                  <w xml:id="pmp18-0121340"
                     n="a-0450"
                     ecep:lem="for"
                     ecep:pos="p-acp"
                     ecep:reg="for"
                     ecep:spe="for"
                     ecep:syllab="1"
                     ecep:pron="fɔː">for</w>
                  <c> </c>
                  <w xml:id="pmp18-0121350"
                     n="a-0460"
                     ecep:lem="thy"
                     ecep:pos="po21"
                     ecep:reg="Thy"
                     ecep:spe="Thy"
                     ecep:syllab="1"
                     ecep:pron="ðaɪ">Thy</w>
                  <c> </c>
                  <w xml:id="pmp18-0121360"
                     n="a-0470"
                     ecep:lem="head"
                     ecep:pos="n1"
                     ecep:reg="Head"
                     ecep:spe="Head"
                     ecep:syllab="1"
                     ecep:pron="hed">Head</w>
                  <c> </c>
                  <w xml:id="pmp18-0121370"
                     n="a-0480"
                     ecep:lem="the"
                     ecep:pos="dt"
                     ecep:reg="the"
                     ecep:spe="the"
                     ecep:syllab="1"
                     ecep:pron="ðiː">the</w>
                  <c> </c>
                  <w xml:id="pmp18-0121380"
                     n="a-0490"
                     ecep:lem="garland"
                     ecep:pos="n1"
                     ecep:reg="Garland"
                     ecep:spe="Garland"
                     ecep:syllab="2"
                     ecep:pron="ˈgɑːlənd">Garland</w>
                  <c> </c>
                  <w xml:id="pmp18-0121390"
                     n="a-0500"
                     ecep:lem="i"
                     ecep:pos="pns11"
                     ecep:reg="I"
                     ecep:spe="I"
                     ecep:syllab="1"
                     ecep:pron="aɪ">I</w>
                  <c> </c>
                  <w xml:id="pmp18-0121400"
                     n="a-0510"
                     ecep:lem="prepare"
                     ecep:pos="vvb"
                     ecep:reg="prepare"
                     ecep:spe="prepare"
                     ecep:syllab="2"
                     ecep:pron="prɪˈpeə">prepare</w>
                  <pc xml:id="pmp18-0121410"
                      n="a-0520"
                      ecep:lem=";"
                      ecep:pos=";"
                      ecep:reg=";"
                      ecep:spe=";">;</pc>
               </l>
               <l n="6" xml:id="pmp18-l03775">
                  <c> </c>
                  <w xml:id="pmp18-0121420"
                     n="a-0530"
                     ecep:lem="a"
                     ecep:pos="dt"
                     ecep:reg="A"
                     ecep:spe="A"
                     ecep:syllab="1"
                     ecep:pron="ə">A</w>
                  <c> </c>
                  <w xml:id="pmp18-0121430"
                     n="a-0540"
                     ecep:lem="second"
                     ecep:pos="ord"
                     ecep:reg="second"
                     ecep:spe="second"
                     ecep:syllab="2"
                     ecep:pron="ˈseknd">second</w>
                  <c> </c>
                  <w xml:id="pmp18-0121440"
                     n="a-0550"
                     ecep:lem="wreathe"
                     ecep:pos="vvi"
                     ecep:reg="Wreathe"
                     ecep:spe="Wreath"
                     ecep:syllab="1"
                     ecep:pron="riːθ">Wreath</w>
                  <c> </c>
                  <w xml:id="pmp18-0121450"
                     n="a-0560"
                     ecep:lem="shall"
                     ecep:pos="vmb"
                     ecep:reg="shall"
                     ecep:spe="shall"
                     ecep:syllab="1"
                     ecep:pron="ʃæl">shall</w>
                  <c> </c>
                  <w xml:id="pmp18-0121460"
                     n="a-0570"
                     ecep:lem="bind"
                     ecep:pos="vvi"
                     ecep:reg="bind"
                     ecep:spe="bind"
                     ecep:syllab="1"
                     ecep:pron="baɪnd">bind</w>
                  <c> </c>
                  <hi rendition="#sc">
                     <w xml:id="pmp18-0121470"
                        n="a-0580"
                        ecep:lem="aminta"
                        ecep:pos="npg1"
                        ecep:reg="Aminta's"
                        ecep:spe="Aminta's"
                        ecep:syllab="3"
                        ecep:pron="ˈæmɪntəz">Aminta's</w>
                  </hi>
                  <c> </c>
                  <w xml:id="pmp18-0121480"
                     n="a-0590"
                     ecep:lem="hair"
                     ecep:pos="n1"
                     ecep:reg="Hair"
                     ecep:spe="Hair"
                     ecep:syllab="1"
                     ecep:pron="heə">Hair</w>
                  <pc xml:id="pmp18-0121490"
                      n="a-0600"
                      ecep:lem=":"
                      ecep:pos=":"
                      ecep:reg=":"
                      ecep:spe=":">:</pc>
               </l>
               <l n="7" xml:id="pmp18-l03780">
                  <c> </c>
                  <w xml:id="pmp18-0121500"
                     n="a-0610"
                     ecep:lem="and"
                     ecep:pos="cc"
                     ecep:reg="And"
                     ecep:spe="And"
                     ecep:syllab="1"
                     ecep:pron="ænd">And</w>
                  <c> </c>
                  <w xml:id="pmp18-0121510"
                     n="a-0620"
                     ecep:lem="when"
                     ecep:pos="c-crq"
                     ecep:reg="when"
                     ecep:spe="when"
                     ecep:syllab="1"
                     ecep:pron="wen">when</w>
                  <c> </c>
                  <w xml:id="pmp18-0121520"
                     n="a-0630"
                     ecep:lem="my"
                     ecep:pos="po11"
                     ecep:reg="my"
                     ecep:spe="my"
                     ecep:syllab="1"
                     ecep:pron="maɪ">my</w>
                  <c> </c>
                  <w xml:id="pmp18-0121530"
                     n="a-0640"
                     ecep:lem="choice"
                     ecep:pos="js"
                     ecep:reg="choicest"
                     ecep:spe="choicest"
                     ecep:syllab="2"
                     ecep:pron="tʃɔɪsɪst">choicest</w>
                  <c> </c>
                  <w xml:id="pmp18-0121540"
                     n="a-0650"
                     ecep:lem="song"
                     ecep:pos="n2"
                     ecep:reg="Songs"
                     ecep:spe="Songs"
                     ecep:syllab="1"
                     ecep:pron="sɒŋz">Songs</w>
                  <c> </c>
                  <w xml:id="pmp18-0121550"
                     n="a-0660"
                     ecep:lem="thy"
                     ecep:pos="po21"
                     ecep:reg="Thy"
                     ecep:spe="Thy"
                     ecep:syllab="1"
                     ecep:pron="ðaɪ">Thy</w>
                  <c> </c>
                  <w xml:id="pmp18-0121560"
                     n="a-0670"
                     ecep:lem="worth"
                     ecep:pos="j"
                     ecep:reg="Worth"
                     ecep:spe="Worth"
                     ecep:syllab="1"
                     ecep:pron="wɜːθ">Worth</w>
                  <c> </c>
                  <w xml:id="pmp18-0121570"
                     n="a-0680"
                     ecep:lem="proclaim"
                     ecep:pos="vvb"
                     ecep:reg="proclaim"
                     ecep:spe="proclaim"
                     ecep:syllab="2"
                     ecep:pron="prəˈkleɪm">proclaim</w>
                  <pc xml:id="pmp18-0121580"
                      n="a-0690"
                      ecep:lem=";"
                      ecep:pos=";"
                      ecep:reg=";"
                      ecep:spe=";">;</pc>
               </l>
               <l n="8" xml:id="pmp18-l03785">
                  <c> </c>
                  <w xml:id="pmp18-0121590"
                     n="a-0700"
                     ecep:lem="alternate"
                     ecep:pos="vvb"
                     ecep:reg="Alternate"
                     ecep:spe="Alternate"
                     ecep:syllab="3"
                     ecep:pron="ˈɔːltəneɪt">Alternate</w>
                  <c> </c>
                  <w xml:id="pmp18-0121600"
                     n="a-0710"
                     ecep:lem="verse"
                     ecep:pos="n1"
                     ecep:reg="Verse"
                     ecep:spe="Verse"
                     ecep:syllab="1"
                     ecep:pron="vɜːs">Verse</w>
                  <c> </c>
                  <w xml:id="pmp18-0121610"
                     n="a-0720"
                     ecep:lem="shall"
                     ecep:pos="vmb"
                     ecep:reg="shall"
                     ecep:spe="shall"
                     ecep:syllab="1"
                     ecep:pron="ʃæl">shall</w>
                  <c> </c>
                  <w xml:id="pmp18-0121620"
                     n="a-0730"
                     ecep:lem="bless"
                     ecep:pos="vvi"
                     ecep:reg="bless"
                     ecep:spe="bless"
                     ecep:syllab="1"
                     ecep:pron="bles">bless</w>
                  <c> </c>
                  <hi rendition="#sc">
                     <w xml:id="pmp18-0121630"
                        n="a-0740"
                        ecep:lem="aminta"
                        ecep:pos="npg1"
                        ecep:reg="Aminta's"
                        ecep:spe="Aminta's"
                        ecep:syllab="3"
                        ecep:pron="ˈæmɪntəz">Aminta's</w>
                  </hi>
                  <c> </c>
                  <w xml:id="pmp18-0121640"
                     n="a-0750"
                     ecep:lem="name"
                     ecep:pos="n1"
                     ecep:reg="Name"
                     ecep:spe="Name"
                     ecep:syllab="1"
                     ecep:pron="neɪm">Name</w>
                  <pc xml:id="pmp18-0121650"
                      n="a-0760"
                      ecep:lem=":"
                      ecep:pos=":"
                      ecep:reg=":"
                      ecep:spe=":">:</pc>
               </l>
               <l n="9" xml:id="pmp18-l03790">
                  <c> </c>
                  <w xml:id="pmp18-0121660"
                     n="a-0770"
                     ecep:lem="my"
                     ecep:pos="po11"
                     ecep:reg="My"
                     ecep:spe="My"
                     ecep:syllab="1"
                     ecep:pron="maɪ">My</w>
                  <c> </c>
                  <w xml:id="pmp18-0121670"
                     n="a-0780"
                     ecep:lem="heart"
                     ecep:pos="n1"
                     ecep:reg="Heart"
                     ecep:spe="Heart"
                     ecep:syllab="1"
                     ecep:pron="hɑːt">Heart</w>
                  <c> </c>
                  <w xml:id="pmp18-0121680"
                     n="a-0790"
                     ecep:lem="shall"
                     ecep:pos="vmb"
                     ecep:reg="shall"
                     ecep:spe="shall"
                     ecep:syllab="1"
                     ecep:pron="ʃæl">shall</w>
                  <c> </c>
                  <w xml:id="pmp18-0121690"
                     n="a-0800"
                     ecep:lem="own"
                     ecep:pos="vvi"
                     ecep:reg="own"
                     ecep:spe="own"
                     ecep:syllab="1"
                     ecep:pron="əʊn">own</w>
                  <c> </c>
                  <w xml:id="pmp18-0121700"
                     n="a-0810"
                     ecep:lem="the"
                     ecep:pos="dt"
                     ecep:reg="the"
                     ecep:spe="the"
                     ecep:syllab="1"
                     ecep:pron="ðiː">the</w>
                  <c> </c>
                  <w xml:id="pmp18-0121710"
                     n="a-0820"
                     ecep:lem="justice"
                     ecep:pos="n1"
                     ecep:reg="Justice"
                     ecep:spe="Justice"
                     ecep:syllab="2"
                     ecep:pron="ˈdʒʌstɪs">Justice</w>
                  <c> </c>
                  <w xml:id="pmp18-0121720"
                     n="a-0830"
                     ecep:lem="of"
                     ecep:pos="pp-f"
                     ecep:reg="of"
                     ecep:spe="of"
                     ecep:syllab="1"
                     ecep:pron="ɒv">of</w>
                  <c> </c>
                  <w xml:id="pmp18-0121730"
                     n="a-0840"
                     ecep:lem="her"
                     ecep:pos="po31"
                     ecep:reg="Her"
                     ecep:spe="Her"
                     ecep:syllab="1"
                     ecep:pron="hɜː">Her</w>
                  <c> </c>
                  <w xml:id="pmp18-0121740"
                     n="a-0850"
                     ecep:lem="cause"
                     ecep:pos="n1"
                     ecep:reg="Cause"
                     ecep:spe="Cause"
                     ecep:syllab="1"
                     ecep:pron="kɔːz">Cause</w>
                  <pc xml:id="pmp18-0121750"
                      n="a-0860"
                      ecep:lem=";"
                      ecep:pos=";"
                      ecep:reg=";"
                      ecep:spe=";">;</pc>
               </l>
               <l n="10" xml:id="pmp18-l03795">
                  <c> </c>
                  <w xml:id="pmp18-0121760"
                     n="a-0870"
                     ecep:lem="and"
                     ecep:pos="cc"
                     ecep:reg="And"
                     ecep:spe="And"
                     ecep:syllab="1"
                     ecep:pron="ænd">And</w>
                  <c> </c>
                  <w xml:id="pmp18-0121770"
                     n="a-0880"
                     ecep:lem="love"
                     ecep:pos="vvb"
                     ecep:reg="Love"
                     ecep:spe="Love"
                     ecep:syllab="1"
                     ecep:pron="lʌv">Love</w>
                  <c> </c>
                  <w xml:id="pmp18-0121780"
                     n="a-0890"
                     ecep:lem="himself"
                     ecep:pos="px31"
                     ecep:reg="himself"
                     ecep:spe="himself"
                     ecep:syllab="2"
                     ecep:pron="hɪmˈself">himself</w>
                  <c> </c>
                  <w xml:id="pmp18-0121790"
                     n="a-0900"
                     ecep:lem="submit"
                     ecep:pos="vvi"
                     ecep:reg="submit"
                     ecep:spe="submit"
                     ecep:syllab="2"
                     ecep:pron="səbˈmɪt">submit</w>
                  <c> </c>
                  <w xml:id="pmp18-0121800"
                     n="a-0910"
                     ecep:lem="to"
                     ecep:pos="p-acp"
                     ecep:reg="to"
                     ecep:spe="to"
                     ecep:syllab="1"
                     ecep:pron="tuː">to</w>
                  <c> </c>
                  <w xml:id="pmp18-0121810"
                     n="a-0920"
                     ecep:lem="friendship"
                     ecep:pos="ng1"
                     ecep:reg="Friendship's"
                     ecep:spe="Friendship's"
                     ecep:syllab="2"
                     ecep:pron="ˈfrenʃɪpz">Friendship's</w>
                  <c> </c>
                  <w xml:id="pmp18-0121820"
                     n="a-0930"
                     ecep:lem="law"
                     ecep:pos="n2"
                     ecep:reg="Laws"
                     ecep:spe="Laws"
                     ecep:syllab="1"
                     ecep:pron="lɔːz">Laws</w>
                  <pc xml:id="pmp18-0121830"
                      n="a-0940"
                      unit="sentence"
                      ecep:lem="."
                      ecep:pos="."
                      ecep:reg="."
                      ecep:spe=".">.</pc>
                  <c> </c>
               </l>
            </lg>
            <lg xml:id="pmp18-s00710">
               <l n="11" xml:id="pmp18-l03800">
                  <w xml:id="pmp18-0121860"
                     n="a-0950"
                     ecep:lem="but"
                     ecep:pos="p-acp"
                     ecep:reg="But"
                     ecep:spe="But"
                     ecep:syllab="1"
                     ecep:pron="bʌt">But</w>
                  <c> </c>
                  <w xml:id="pmp18-0121870"
                     n="a-0960"
                     ecep:lem="if"
                     ecep:pos="cs"
                     ecep:reg="if"
                     ecep:spe="if"
                     ecep:syllab="1"
                     ecep:pron="ɪf">if</w>
                  <c> </c>
                  <w xml:id="pmp18-0121880"
                     n="a-0970"
                     ecep:lem="beneath"
                     ecep:pos="p-acp"
                     ecep:reg="beneath"
                     ecep:spe="beneath"
                     ecep:syllab="2"
                     ecep:pron="bɪˈniːθ">beneath</w>
                  <c> </c>
                  <w xml:id="pmp18-0121890"
                     n="a-0980"
                     ecep:lem="thy"
                     ecep:pos="po21"
                     ecep:reg="thy"
                     ecep:spe="thy"
                     ecep:syllab="1"
                     ecep:pron="ðaɪ">thy</w>
                  <c> </c>
                  <w xml:id="pmp18-0121900"
                     n="a-0990"
                     ecep:lem="number"
                     ecep:pos="n2"
                     ecep:reg="Numbers"
                     ecep:spe="Numbers"
                     ecep:syllab="2"
                     ecep:pron="ˈnʌmbəz">Numbers</w>
                  <c> </c>
                  <w xml:id="pmp18-0121910"
                     n="a-1000"
                     ecep:lem="soft"
                     ecep:pos="j"
                     ecep:reg="soft"
                     ecep:spe="soft"
                     ecep:syllab="1"
                     ecep:pron="sɒft">soft</w>
                  <c> </c>
                  <w xml:id="pmp18-0121920"
                     n="a-1010"
                     ecep:lem="disguise"
                     ecep:pos="n1"
                     ecep:reg="Disguise"
                     ecep:spe="Disguise"
                     ecep:syllab="2"
                     ecep:pron="dɪsˈgaɪz">Disguise</w>
                  <pc xml:id="pmp18-0121930"
                      n="a-1020"
                      ecep:lem=","
                      ecep:pos=","
                      ecep:reg=","
                      ecep:spe=",">,</pc>
               </l>
               <l n="12" xml:id="pmp18-l03805">
                  <c> </c>
                  <w xml:id="pmp18-0121940"
                     n="a-1030"
                     ecep:lem="some"
                     ecep:pos="d"
                     ecep:reg="Some"
                     ecep:spe="Some"
                     ecep:syllab="1"
                     ecep:pron="sʌm">Some</w>
                  <c> </c>
                  <w xml:id="pmp18-0121950"
                     n="a-1040"
                     ecep:lem="favour"
                     ecep:pos="vvd"
                     ecep:reg="favoured"
                     ecep:spe="favor'd"
                     ecep:syllab="2"
                     ecep:pron="ˈfeɪvəd">favor'd</w>
                  <c> </c>
                  <w xml:id="pmp18-0121960"
                     n="a-1050"
                     ecep:lem="Swain"
                     ecep:pos="np1"
                     ecep:reg="Swain"
                     ecep:spe="Swain"
                     ecep:syllab="1"
                     ecep:pron="sweɪn">Swain</w>
                  <pc xml:id="pmp18-0121970"
                      n="a-1060"
                      ecep:lem=","
                      ecep:pos=","
                      ecep:reg=","
                      ecep:spe=",">,</pc>
                  <c> </c>
                  <w xml:id="pmp18-0121980"
                     n="a-1070"
                     ecep:lem="some"
                     ecep:pos="d"
                     ecep:reg="some"
                     ecep:spe="some"
                     ecep:syllab="1"
                     ecep:pron="sʌm">some</w>
                  <c> </c>
                  <w xml:id="pmp18-0121990"
                     n="a-1080"
                     ecep:lem="true"
                     ecep:pos="j"
                     ecep:reg="true"
                     ecep:spe="true"
                     ecep:syllab="1"
                     ecep:pron="truː">true</w>
                  <c> </c>
                  <hi rendition="#sc">
                     <w xml:id="pmp18-0122000"
                        n="a-1090"
                        ecep:lem="Alexis"
                        ecep:pos="np1"
                        ecep:reg="Alexis"
                        ecep:spe="Alexis"
                        ecep:syllab="3"
                        ecep:pron="əˈleksɪs">Alexis</w>
                  </hi>
                  <c> </c>
                  <w xml:id="pmp18-0122010"
                     n="a-1100"
                     ecep:lem="lie"
                     ecep:pos="vvz"
                     ecep:reg="lies"
                     ecep:spe="lyes"
                     ecep:syllab="1"
                     ecep:pron="laɪz">lyes</w>
                  <pc xml:id="pmp18-0122020"
                      n="a-1110"
                      ecep:lem=";"
                      ecep:pos=";"
                      ecep:reg=";"
                      ecep:spe=";">;</pc>
               </l>
               <l n="13" xml:id="pmp18-l03810">
                  <c> </c>
                  <w xml:id="pmp18-0122030"
                     n="a-1120"
                     ecep:lem="if"
                     ecep:pos="cs"
                     ecep:reg="If"
                     ecep:spe="If"
                     ecep:syllab="1"
                     ecep:pron="ɪf">If</w>
                  <c> </c>
                  <hi rendition="#sc">
                     <w xml:id="pmp18-0122040"
                        n="a-1130"
                        ecep:lem="Amaryllis"
                        ecep:pos="np1"
                        ecep:reg="Amaryllis"
                        ecep:spe="Amaryllis"
                        ecep:syllab="4"
                        ecep:pron="ˌæmrˈɪlɪs">Amaryllis</w>
                  </hi>
                  <c> </c>
                  <w xml:id="pmp18-0122050"
                     n="a-1140"
                     ecep:lem="breathe"
                     ecep:pos="vvz"
                     ecep:reg="breathes"
                     ecep:spe="breaths"
                     ecep:syllab="1"
                     ecep:pron="breθs">breaths</w>
                  <c> </c>
                  <w xml:id="pmp18-0122060"
                     n="a-1150"
                     ecep:lem="thy"
                     ecep:pos="po21"
                     ecep:reg="thy"
                     ecep:spe="thy"
                     ecep:syllab="1"
                     ecep:pron="ðaɪ">thy</w>
                  <c> </c>
                  <w xml:id="pmp18-0122070"
                     n="a-1160"
                     ecep:lem="secret"
                     ecep:pos="j-jn"
                     ecep:reg="secret"
                     ecep:spe="secret"
                     ecep:syllab="2"
                     ecep:pron="ˈsiːkrət">secret</w>
                  <c> </c>
                  <w xml:id="pmp18-0122080"
                     n="a-1170"
                     ecep:lem="pain"
                     ecep:pos="n2"
                     ecep:reg="Pains"
                     ecep:spe="Pains"
                     ecep:syllab="1"
                     ecep:pron="peɪnz">Pains</w>
                  <pc xml:id="pmp18-0122090"
                      n="a-1180"
                      ecep:lem=";"
                      ecep:pos=";"
                      ecep:reg=";"
                      ecep:spe=";">;</pc>
               </l>
               <l n="14" xml:id="pmp18-l03815">
                  <c> </c>
                  <w xml:id="pmp18-0122100"
                     n="a-1190"
                     ecep:lem="and"
                     ecep:pos="cc"
                     ecep:reg="And"
                     ecep:spe="And"
                     ecep:syllab="1"
                     ecep:pron="ænd">And</w>
                  <c> </c>
                  <w xml:id="pmp18-0122110"
                     n="a-1200"
                     ecep:lem="thy"
                     ecep:pos="po21"
                     ecep:reg="thy"
                     ecep:spe="thy"
                     ecep:syllab="1"
                     ecep:pron="ðaɪ">thy</w>
                  <c> </c>
                  <w xml:id="pmp18-0122120"
                     n="a-1210"
                     ecep:lem="fond"
                     ecep:pos="j"
                     ecep:reg="fond"
                     ecep:spe="fond"
                     ecep:syllab="1"
                     ecep:pron="fɒnd">fond</w>
                  <c> </c>
                  <w xml:id="pmp18-0122130"
                     n="a-1220"
                     ecep:lem="heart"
                     ecep:pos="n1"
                     ecep:reg="Heart"
                     ecep:spe="Heart"
                     ecep:syllab="1"
                     ecep:pron="hɑːt">Heart</w>
                  <c> </c>
                  <w xml:id="pmp18-0122140"
                     n="a-1230"
                     ecep:lem="beat"
                     ecep:pos="vvz"
                     ecep:reg="beats"
                     ecep:spe="beats"
                     ecep:syllab="1"
                     ecep:pron="biːts">beats</w>
                  <c> </c>
                  <w xml:id="pmp18-0122150"
                     n="a-1240"
                     ecep:lem="measure"
                     ecep:pos="n1"
                     ecep:reg="Measure"
                     ecep:spe="Measure"
                     ecep:syllab="2"
                     ecep:pron="ˈmeʒə">Measure</w>
                  <c> </c>
                  <w xml:id="pmp18-0122160"
                     n="a-1250"
                     ecep:lem="to"
                     ecep:pos="p-acp"
                     ecep:reg="to"
                     ecep:spe="to"
                     ecep:syllab="1"
                     ecep:pron="tuː">to</w>
                  <c> </c>
                  <w xml:id="pmp18-0122170"
                     n="a-1260"
                     ecep:lem="thy"
                     ecep:pos="po21"
                     ecep:reg="thy"
                     ecep:spe="thy"
                     ecep:syllab="1"
                     ecep:pron="ðaɪ">thy</w>
                  <c> </c>
                  <w xml:id="pmp18-0122180"
                     n="a-1270"
                     ecep:lem="strain"
                     ecep:pos="n2"
                     ecep:reg="Strains"
                     ecep:spe="Strains"
                     ecep:syllab="1"
                     ecep:pron="streɪnz">Strains</w>
                  <pc xml:id="pmp18-0122190"
                      n="a-1280"
                      ecep:lem=":"
                      ecep:pos=":"
                      ecep:reg=":"
                      ecep:spe=":">:</pc>
               </l>
               <l n="15" xml:id="pmp18-l03820">
                  <c> </c>
                  <w xml:id="pmp18-0122200"
                     n="a-1290"
                     ecep:lem="may"
                     ecep:pos="vm2"
                     ecep:reg="Mayest"
                     ecep:spe="May'st"
                     ecep:syllab="1"
                     ecep:pron="meɪst">May'st</w>
                  <c> </c>
                  <w xml:id="pmp18-0122210"
                     n="a-1300"
                     ecep:lem="thou"
                     ecep:pos="pns21"
                     ecep:reg="thou"
                     ecep:spe="thou"
                     ecep:syllab="1"
                     ecep:pron="θaʊ">thou</w>
                  <pc xml:id="pmp18-0122220"
                      n="a-1310"
                      ecep:lem=","
                      ecep:pos=","
                      ecep:reg=","
                      ecep:spe=",">,</pc>
                  <c> </c>
                  <w xml:id="pmp18-0122230"
                     n="a-1320"
                     ecep:lem="however"
                     ecep:pos="c-acp"
                     ecep:reg="however"
                     ecep:spe="howe'er"
                     ecep:syllab="2"
                     ecep:pron="haʊˈeə">howe'er</w>
                  <c> </c>
                  <w xml:id="pmp18-0122240"
                     n="a-1330"
                     ecep:lem="i"
                     ecep:pos="pns11"
                     ecep:reg="I"
                     ecep:spe="I"
                     ecep:syllab="1"
                     ecep:pron="aɪ">I</w>
                  <c> </c>
                  <w xml:id="pmp18-0122250"
                     n="a-1340"
                     ecep:lem="grieve"
                     ecep:pos="vvb"
                     ecep:reg="grieve"
                     ecep:spe="grieve"
                     ecep:syllab="1"
                     ecep:pron="griːv">grieve</w>
                  <pc xml:id="pmp18-0122260"
                      n="a-1350"
                      ecep:lem=","
                      ecep:pos=","
                      ecep:reg=","
                      ecep:spe=",">,</pc>
                  <c> </c>
                  <w xml:id="pmp18-0122270"
                     n="a-1360"
                     ecep:lem="for"
                     ecep:pos="c-acp"
                     ecep:reg="for"
                     ecep:spe="for"
                     ecep:syllab="1"
                     ecep:pron="fɔː">for</w>
                  <c> </c>
                  <w xml:id="pmp18-0122280"
                     n="a-1370"
                     ecep:lem="ever"
                     ecep:pos="av"
                     ecep:reg="ever"
                     ecep:spe="ever"
                     ecep:syllab="2"
                     ecep:pron="ˈevə">ever</w>
                  <c> </c>
                  <w xml:id="pmp18-0122290"
                     n="a-1380"
                     ecep:lem="find"
                     ecep:pos="vvi"
                     ecep:reg="find"
                     ecep:spe="find"
                     ecep:syllab="1"
                     ecep:pron="faɪnd">find</w>
               </l>
               <l n="16" xml:id="pmp18-l03825">
                  <c> </c>
                  <w xml:id="pmp18-0122300"
                     n="a-1390"
                     ecep:lem="the"
                     ecep:pos="dt"
                     ecep:reg="The"
                     ecep:spe="The"
                     ecep:syllab="1"
                     ecep:pron="ðiː">The</w>
                  <c> </c>
                  <w xml:id="pmp18-0122310"
                     n="a-1400"
                     ecep:lem="flame"
                     ecep:pos="n1"
                     ecep:reg="Flame"
                     ecep:spe="Flame"
                     ecep:syllab="1"
                     ecep:pron="fleɪm">Flame</w>
                  <c> </c>
                  <w xml:id="pmp18-0122320"
                     n="a-1410"
                     ecep:lem="propitious"
                     ecep:pos="j"
                     ecep:reg="propitious"
                     ecep:spe="propitious"
                     ecep:syllab="3"
                     ecep:pron="prəˈpɪʃəs">propitious</w>
                  <pc xml:id="pmp18-0122330"
                      n="a-1420"
                      ecep:lem=","
                      ecep:pos=","
                      ecep:reg=","
                      ecep:spe=",">,</pc>
                  <c> </c>
                  <w xml:id="pmp18-0122340"
                     n="a-1430"
                     ecep:lem="and"
                     ecep:pos="cc"
                     ecep:reg="and"
                     ecep:spe="and"
                     ecep:syllab="1"
                     ecep:pron="ænd">and</w>
                  <c> </c>
                  <w xml:id="pmp18-0122350"
                     n="a-1440"
                     ecep:lem="the"
                     ecep:pos="dt"
                     ecep:reg="the"
                     ecep:spe="the"
                     ecep:syllab="1"
                     ecep:pron="ðiː">the</w>
                  <c> </c>
                  <w xml:id="pmp18-0122360"
                     n="a-1450"
                     ecep:lem="lover"
                     ecep:pos="n1"
                     ecep:reg="Lover"
                     ecep:spe="Lover"
                     ecep:syllab="2"
                     ecep:pron="ˈlʌvə">Lover</w>
                  <c> </c>
                  <w xml:id="pmp18-0122370"
                     n="a-1460"
                     ecep:lem="kind"
                     ecep:pos="n1"
                     ecep:reg="kind"
                     ecep:spe="kind"
                     ecep:syllab="1"
                     ecep:pron="kaɪnd">kind</w>
                  <pc xml:id="pmp18-0122380"
                      n="a-1470"
                      ecep:lem=":"
                      ecep:pos=":"
                      ecep:reg=":"
                      ecep:spe=":">:</pc>
               </l>
               <l n="17" xml:id="pmp18-l03830">
                  <c> </c>
                  <w xml:id="pmp18-0122390"
                     n="a-1480"
                     ecep:lem="may"
                     ecep:pos="vmb"
                     ecep:reg="May"
                     ecep:spe="May"
                     ecep:syllab="1"
                     ecep:pron="meɪ">May</w>
                  <c> </c>
                  <hi rendition="#sc">
                     <w xml:id="pmp18-0122400"
                        n="a-1490"
                        ecep:lem="Venus"
                        ecep:pos="np1"
                        ecep:reg="Venus"
                        ecep:spe="Venus"
                        ecep:syllab="2"
                        ecep:pron="ˈviːnəs">Venus</w>
                  </hi>
                  <c> </c>
                  <w xml:id="pmp18-0122410"
                     n="a-1500"
                     ecep:lem="long"
                     ecep:pos="av-j"
                     ecep:reg="long"
                     ecep:spe="long"
                     ecep:syllab="1"
                     ecep:pron="lɒŋ">long</w>
                  <c> </c>
                  <w xml:id="pmp18-0122420"
                     n="a-1510"
                     ecep:lem="exert"
                     ecep:pos="vvi"
                     ecep:reg="exert"
                     ecep:spe="exert"
                     ecep:syllab="2"
                     ecep:pron="ɪgˈzɜːt">exert</w>
                  <c> </c>
                  <w xml:id="pmp18-0122430"
                     n="a-1520"
                     ecep:lem="her"
                     ecep:pos="po31"
                     ecep:reg="her"
                     ecep:spe="her"
                     ecep:syllab="1"
                     ecep:pron="hɜː">her</w>
                  <c> </c>
                  <w xml:id="pmp18-0122440"
                     n="a-1530"
                     ecep:lem="happy"
                     ecep:pos="j"
                     ecep:reg="happy"
                     ecep:spe="happy"
                     ecep:syllab="2"
                     ecep:pron="ˈhæpi">happy</w>
                  <c> </c>
                  <w xml:id="pmp18-0122450"
                     n="a-1540"
                     ecep:lem="power"
                     ecep:pos="n1"
                     ecep:reg="Power"
                     ecep:spe="Pow'r"
                     ecep:syllab="1"
                     ecep:pron="ˈpaʊə">Pow'r</w>
                  <pc xml:id="pmp18-0122460"
                      n="a-1550"
                      ecep:lem=","
                      ecep:pos=","
                      ecep:reg=","
                      ecep:spe=",">,</pc>
               </l>
               <l n="18" xml:id="pmp18-l03835">
                  <c> </c>
                  <w xml:id="pmp18-0122470"
                     n="a-1560"
                     ecep:lem="and"
                     ecep:pos="cc"
                     ecep:reg="And"
                     ecep:spe="And"
                     ecep:syllab="1"
                     ecep:pron="ænd">And</w>
                  <c> </c>
                  <w xml:id="pmp18-0122480"
                     n="a-1570"
                     ecep:lem="make"
                     ecep:pos="vvb"
                     ecep:reg="make"
                     ecep:spe="make"
                     ecep:syllab="1"
                     ecep:pron="meɪk">make</w>
                  <c> </c>
                  <w xml:id="pmp18-0122490"
                     n="a-1580"
                     ecep:lem="thy"
                     ecep:pos="po21"
                     ecep:reg="thy"
                     ecep:spe="thy"
                     ecep:syllab="1"
                     ecep:pron="ðaɪ">thy</w>
                  <c> </c>
                  <w xml:id="pmp18-0122500"
                     n="a-1590"
                     ecep:lem="beauty"
                     ecep:pos="n1"
                     ecep:reg="Beauty"
                     ecep:spe="Beauty"
                     ecep:syllab="2"
                     ecep:pron="ˈbjuːti">Beauty</w>
                  <pc xml:id="pmp18-0122510"
                      n="a-1600"
                      ecep:lem=","
                      ecep:pos=","
                      ecep:reg=","
                      ecep:spe=",">,</pc>
                  <c> </c>
                  <w xml:id="pmp18-0122520"
                     n="a-1610"
                     ecep:lem="like"
                     ecep:pos="vvb"
                     ecep:reg="like"
                     ecep:spe="like"
                     ecep:syllab="1"
                     ecep:pron="laɪk">like</w>
                  <c> </c>
                  <w xml:id="pmp18-0122530"
                     n="a-1620"
                     ecep:lem="thy"
                     ecep:pos="po21"
                     ecep:reg="thy"
                     ecep:spe="thy"
                     ecep:syllab="1"
                     ecep:pron="ðaɪ">thy</w>
                  <c> </c>
                  <w xml:id="pmp18-0122540"
                     n="a-1630"
                     ecep:lem="verse"
                     ecep:pos="n1"
                     ecep:reg="Verse"
                     ecep:spe="Verse"
                     ecep:syllab="1"
                     ecep:pron="vɜːs">Verse</w>
                  <pc xml:id="pmp18-0122550"
                      n="a-1640"
                      ecep:lem=","
                      ecep:pos=","
                      ecep:reg=","
                      ecep:spe=",">,</pc>
                  <c> </c>
                  <w xml:id="pmp18-0122560"
                     n="a-1650"
                     ecep:lem="endure"
                     ecep:pos="vvi"
                     ecep:reg="endure"
                     ecep:spe="endure"
                     ecep:syllab="2"
                     ecep:pron="ɪnˈdʒʊə">endure</w>
                  <pc xml:id="pmp18-0122570"
                      n="a-1660"
                      ecep:lem=":"
                      ecep:pos=":"
                      ecep:reg=":"
                      ecep:spe=":">:</pc>
               </l>
               <l n="19" xml:id="pmp18-l03840">
                  <c> </c>
                  <w xml:id="pmp18-0122580"
                     n="a-1670"
                     ecep:lem="may"
                     ecep:pos="vmb"
                     ecep:reg="May"
                     ecep:spe="May"
                     ecep:syllab="1"
                     ecep:pron="meɪ">May</w>
                  <c> </c>
                  <w xml:id="pmp18-0122590"
                     n="a-1680"
                     ecep:lem="every"
                     ecep:pos="d"
                     ecep:reg="every"
                     ecep:spe="ev'ry"
                     ecep:syllab="2"
                     ecep:pron="ˈevri">ev'ry</w>
                  <c> </c>
                  <w xml:id="pmp18-0122600"
                     n="a-1690"
                     ecep:lem="god"
                     ecep:pos="n1"
                     ecep:reg="God"
                     ecep:spe="God"
                     ecep:syllab="1"
                     ecep:pron="gɒd">God</w>
                  <c> </c>
                  <w xml:id="pmp18-0122610"
                     n="a-1700"
                     ecep:lem="his"
                     ecep:pos="po31"
                     ecep:reg="his"
                     ecep:spe="his"
                     ecep:syllab="1"
                     ecep:pron="hɪz">his</w>
                  <c> </c>
                  <w xml:id="pmp18-0122620"
                     n="a-1710"
                     ecep:lem="friendly"
                     ecep:pos="j"
                     ecep:reg="friendly"
                     ecep:spe="friendly"
                     ecep:syllab="2"
                     ecep:pron="ˈfrendli">friendly</w>
                  <c> </c>
                  <w xml:id="pmp18-0122630"
                     n="a-1720"
                     ecep:lem="aid"
                     ecep:pos="n1"
                     ecep:reg="Aid"
                     ecep:spe="Aid"
                     ecep:syllab="1"
                     ecep:pron="eɪd">Aid</w>
                  <c> </c>
                  <w xml:id="pmp18-0122640"
                     n="a-1730"
                     ecep:lem="afford"
                     ecep:pos="vvi"
                     ecep:reg="afford"
                     ecep:spe="afford"
                     ecep:syllab="2"
                     ecep:pron="əˈfɔːd">afford</w>
                  <pc xml:id="pmp18-0122650"
                      n="a-1740"
                      ecep:lem=";"
                      ecep:pos=";"
                      ecep:reg=";"
                      ecep:spe=";">;</pc>
               </l>
               <l n="20" xml:id="pmp18-l03845">
                  <c> </c>
                  <hi rendition="#sc">
                     <w xml:id="pmp18-0122660"
                        n="a-1750"
                        ecep:lem="Pan"
                        ecep:pos="np1"
                        ecep:reg="Pan"
                        ecep:spe="Pan"
                        ecep:syllab="1"
                        ecep:pron="pæn">Pan</w>
                  </hi>
                  <c> </c>
                  <w xml:id="pmp18-0122670"
                     n="a-1760"
                     ecep:lem="guard"
                     ecep:pos="vvb"
                     ecep:reg="guard"
                     ecep:spe="guard"
                     ecep:syllab="1"
                     ecep:pron="gɑːd">guard</w>
                  <c> </c>
                  <w xml:id="pmp18-0122680"
                     n="a-1770"
                     ecep:lem="thy"
                     ecep:pos="po21"
                     ecep:reg="thy"
                     ecep:spe="thy"
                     ecep:syllab="1"
                     ecep:pron="ðaɪ">thy</w>
                  <c> </c>
                  <w xml:id="pmp18-0122690"
                     n="a-1780"
                     ecep:lem="flock"
                     ecep:pos="n1"
                     ecep:reg="Flock"
                     ecep:spe="Flock"
                     ecep:syllab="1"
                     ecep:pron="flɒk">Flock</w>
                  <pc xml:id="pmp18-0122700"
                      n="a-1790"
                      ecep:lem=","
                      ecep:pos=","
                      ecep:reg=","
                      ecep:spe=",">,</pc>
                  <c> </c>
                  <w xml:id="pmp18-0122710"
                     n="a-1800"
                     ecep:lem="and"
                     ecep:pos="cc"
                     ecep:reg="and"
                     ecep:spe="and"
                     ecep:syllab="1"
                     ecep:pron="ænd">and</w>
                  <c> </c>
                  <hi rendition="#sc">
                     <w xml:id="pmp18-0122720"
                        n="a-1810"
                        ecep:lem="Ceres"
                        ecep:pos="np1"
                        ecep:reg="Crees"
                        ecep:spe="Ceres"
                        ecep:syllab="2"
                        ecep:pron="sɪəz">Ceres</w>
                  </hi>
                  <c> </c>
                  <w xml:id="pmp18-0122730"
                     n="a-1820"
                     ecep:lem="bless"
                     ecep:pos="vvb"
                     ecep:reg="bless"
                     ecep:spe="bless"
                     ecep:syllab="1"
                     ecep:pron="bles">bless</w>
                  <c> </c>
                  <w xml:id="pmp18-0122740"
                     n="a-1830"
                     ecep:lem="thy"
                     ecep:pos="po21"
                     ecep:reg="thy"
                     ecep:spe="thy"
                     ecep:syllab="1"
                     ecep:pron="ðaɪ">thy</w>
                  <c> </c>
                  <w xml:id="pmp18-0122750"
                     n="a-1840"
                     ecep:lem="board"
                     ecep:pos="n1"
                     ecep:reg="Board"
                     ecep:spe="Board"
                     ecep:syllab="1"
                     ecep:pron="bɔːd">Board</w>
                  <pc xml:id="pmp18-0122760"
                      n="a-1850"
                      unit="sentence"
                      ecep:lem="."
                      ecep:pos="."
                      ecep:reg="."
                      ecep:spe=".">.</pc>
                  <c> </c>
               </l>
            </lg>
            <pb facs="pmp18/0081" n="35" rend="none"/>
            <lg xml:id="pmp18-s00715">
               <l n="21" xml:id="pmp18-l03850">
                  <w xml:id="pmp18-0122790"
                     n="a-0010"
                     ecep:lem="but"
                     ecep:pos="p-acp"
                     ecep:reg="But"
                     ecep:spe="But"
                     ecep:syllab="1"
                     ecep:pron="bʌt">But</w>
                  <c> </c>
                  <w xml:id="pmp18-0122800"
                     n="a-0020"
                     ecep:lem="if"
                     ecep:pos="cs"
                     ecep:reg="if"
                     ecep:spe="if"
                     ecep:syllab="1"
                     ecep:pron="ɪf">if</w>
                  <c> </c>
                  <w xml:id="pmp18-0122810"
                     n="a-0030"
                     ecep:lem="by"
                     ecep:pos="p-acp"
                     ecep:reg="by"
                     ecep:spe="by"
                     ecep:syllab="1"
                     ecep:pron="baɪ">by</w>
                  <c> </c>
                  <w xml:id="pmp18-0122820"
                     n="a-0040"
                     ecep:lem="chance"
                     ecep:pos="n1"
                     ecep:reg="chance"
                     ecep:spe="chance"
                     ecep:syllab="1"
                     ecep:pron="tʃɑːns">chance</w>
                  <c> </c>
                  <w xml:id="pmp18-0122830"
                     n="a-0050"
                     ecep:lem="the"
                     ecep:pos="dt"
                     ecep:reg="the"
                     ecep:spe="the"
                     ecep:syllab="1"
                     ecep:pron="ðiː">the</w>
                  <c> </c>
                  <w xml:id="pmp18-0122840"
                     n="a-0060"
                     ecep:lem="series"
                     ecep:pos="n1"
                     ecep:reg="Series"
                     ecep:spe="Series"
                     ecep:syllab="2"
                     ecep:pron="ˈsɪəriːz">Series</w>
                  <c> </c>
                  <w xml:id="pmp18-0122850"
                     n="a-0070"
                     ecep:lem="of"
                     ecep:pos="pp-f"
                     ecep:reg="of"
                     ecep:spe="of"
                     ecep:syllab="1"
                     ecep:pron="ɒv">of</w>
                  <c> </c>
                  <w xml:id="pmp18-0122860"
                     n="a-0080"
                     ecep:lem="thy"
                     ecep:pos="po21"
                     ecep:reg="thy"
                     ecep:spe="thy"
                     ecep:syllab="1"
                     ecep:pron="ðaɪ">thy</w>
                  <c> </c>
                  <w xml:id="pmp18-0122870"
                     n="a-0090"
                     ecep:lem="joy"
                     ecep:pos="n2"
                     ecep:reg="Joys"
                     ecep:spe="Joys"
                     ecep:syllab="1"
                     ecep:pron="dʒɔɪz">Joys</w>
               </l>
               <l n="22" xml:id="pmp18-l03855">
                  <c> </c>
                  <w xml:id="pmp18-0122880"
                     n="a-0100"
                     ecep:lem="permit"
                     ecep:pos="vvb"
                     ecep:reg="Permit"
                     ecep:spe="Permit"
                     ecep:syllab="2"
                     ecep:pron="ˈpɜːmɪt">Permit</w>
                  <c> </c>
                  <w xml:id="pmp18-0122890"
                     n="a-0110"
                     ecep:lem="one"
                     ecep:pos="crd"
                     ecep:reg="one"
                     ecep:spe="one"
                     ecep:syllab="1"
                     ecep:pron="wʌn">one</w>
                  <c> </c>
                  <w xml:id="pmp18-0122900"
                     n="a-0120"
                     ecep:lem="thought"
                     ecep:pos="n1"
                     ecep:reg="Thought"
                     ecep:spe="Thought"
                     ecep:syllab="1"
                     ecep:pron="θɔːt">Thought</w>
                  <c> </c>
                  <w xml:id="pmp18-0122910"
                     n="a-0130"
                     ecep:lem="less"
                     ecep:pos="av-dc"
                     ecep:reg="less"
                     ecep:spe="less"
                     ecep:syllab="1"
                     ecep:pron="les">less</w>
                  <c> </c>
                  <w xml:id="pmp18-0122920"
                     n="a-0140"
                     ecep:lem="cheerful"
                     ecep:pos="j"
                     ecep:reg="cheerful"
                     ecep:spe="chearful"
                     ecep:syllab="2"
                     ecep:pron="ˈtʃɪəfl">chearful</w>
                  <c> </c>
                  <w xml:id="pmp18-0122930"
                     n="a-0150"
                     ecep:lem="to"
                     ecep:pos="pc-acp"
                     ecep:reg="to"
                     ecep:spe="to"
                     ecep:syllab="1"
                     ecep:pron="tuː">to</w>
                  <c> </c>
                  <w xml:id="pmp18-0122940"
                     n="a-0160"
                     ecep:lem="arise"
                     ecep:pos="vvi"
                     ecep:reg="arise"
                     ecep:spe="arise"
                     ecep:syllab="2"
                     ecep:pron="əˈraɪz">arise</w>
                  <pc xml:id="pmp18-0122950"
                      n="a-0170"
                      ecep:lem=";"
                      ecep:pos=";"
                      ecep:reg=";"
                      ecep:spe=";">;</pc>
               </l>
               <l n="23" xml:id="pmp18-l03860">
                  <c> </c>
                  <w xml:id="pmp18-0122960"
                     n="a-0180"
                     ecep:lem="piteous"
                     ecep:pos="j"
                     ecep:reg="Piteous"
                     ecep:spe="Piteous"
                     ecep:syllab="2"
                     ecep:pron="ˈpɪtiəs">Piteous</w>
                  <c> </c>
                  <w xml:id="pmp18-0122970"
                     n="a-0190"
                     ecep:lem="transfer"
                     ecep:pos="vvi"
                     ecep:reg="transfer"
                     ecep:spe="transfer"
                     ecep:syllab="2"
                     ecep:pron="ˈtrænsfɜː">transfer</w>
                  <c> </c>
                  <w xml:id="pmp18-0122980"
                     n="a-0200"
                     ecep:lem="it"
                     ecep:pos="pn31"
                     ecep:reg="it"
                     ecep:spe="it"
                     ecep:syllab="1"
                     ecep:pron="ɪt">it</w>
                  <c> </c>
                  <w xml:id="pmp18-0122990"
                     n="a-0210"
                     ecep:lem="to"
                     ecep:pos="p-acp"
                     ecep:reg="to"
                     ecep:spe="to"
                     ecep:syllab="1"
                     ecep:pron="tuː">to</w>
                  <c> </c>
                  <w xml:id="pmp18-0123000"
                     n="a-0220"
                     ecep:lem="the"
                     ecep:pos="dt"
                     ecep:reg="the"
                     ecep:spe="the"
                     ecep:syllab="1"
                     ecep:pron="ðiː">the</w>
                  <c> </c>
                  <w xml:id="pmp18-0123010"
                     n="a-0230"
                     ecep:lem="mournful"
                     ecep:pos="j"
                     ecep:reg="mournful"
                     ecep:spe="mournful"
                     ecep:syllab="2"
                     ecep:pron="ˈmɔːnfl">mournful</w>
                  <c> </c>
                  <w xml:id="pmp18-0123020"
                     n="a-0240"
                     ecep:lem="Swain"
                     ecep:pos="np1"
                     ecep:reg="Swain"
                     ecep:spe="Swain"
                     ecep:syllab="1"
                     ecep:pron="sweɪn">Swain</w>
                  <pc xml:id="pmp18-0123030"
                      n="a-0250"
                      ecep:lem=","
                      ecep:pos=","
                      ecep:reg=","
                      ecep:spe=",">,</pc>
               </l>
               <l n="24" xml:id="pmp18-l03865">
                  <c> </c>
                  <w xml:id="pmp18-0123040"
                     n="a-0260"
                     ecep:lem="who"
                     ecep:pos="r-crq"
                     ecep:reg="Who"
                     ecep:spe="Who"
                     ecep:syllab="1"
                     ecep:pron="huː">Who</w>
                  <c> </c>
                  <w xml:id="pmp18-0123050"
                     n="a-0270"
                     ecep:lem="love"
                     ecep:pos="vvg"
                     ecep:reg="loving"
                     ecep:spe="loving"
                     ecep:syllab="2"
                     ecep:pron="lʌvɪŋ">loving</w>
                  <c> </c>
                  <w xml:id="pmp18-0123060"
                     n="a-0280"
                     ecep:lem="much"
                     ecep:pos="d"
                     ecep:reg="much"
                     ecep:spe="much"
                     ecep:syllab="1"
                     ecep:pron="mʌtʃ">much</w>
                  <pc xml:id="pmp18-0123070"
                      n="a-0290"
                      ecep:lem=","
                      ecep:pos=","
                      ecep:reg=","
                      ecep:spe=",">,</pc>
                  <c> </c>
                  <w xml:id="pmp18-0123080"
                     n="a-0300"
                     ecep:lem="who"
                     ecep:pos="r-crq"
                     ecep:reg="who"
                     ecep:spe="who"
                     ecep:syllab="1"
                     ecep:pron="huː">who</w>
                  <c> </c>
                  <w xml:id="pmp18-0123090"
                     n="a-0310"
                     ecep:lem="not"
                     ecep:pos="xx"
                     ecep:reg="not"
                     ecep:spe="not"
                     ecep:syllab="1"
                     ecep:pron="nɒt">not</w>
                  <c> </c>
                  <w xml:id="pmp18-0123100"
                     n="a-0320"
                     ecep:lem="belove"
                     ecep:pos="vvn"
                     ecep:reg="beloved"
                     ecep:spe="belov'd"
                     ecep:syllab="2"
                     ecep:pron="bɪˈlʌvd">belov'd</w>
                  <c> </c>
                  <w xml:id="pmp18-0123110"
                     n="a-0330"
                     ecep:lem="again"
                     ecep:pos="av"
                     ecep:reg="again"
                     ecep:spe="again"
                     ecep:syllab="2"
                     ecep:pron="əˈgen">again</w>
                  <pc xml:id="pmp18-0123120"
                      n="a-0340"
                      ecep:lem=","
                      ecep:pos=","
                      ecep:reg=","
                      ecep:spe=",">,</pc>
               </l>
               <l n="25" xml:id="pmp18-l03870">
                  <c> </c>
                  <w xml:id="pmp18-0123130"
                     n="a-0350"
                     ecep:lem="feel"
                     ecep:pos="vvz"
                     ecep:reg="Feels"
                     ecep:spe="Feels"
                     ecep:syllab="1"
                     ecep:pron="fiːlz">Feels</w>
                  <c> </c>
                  <w xml:id="pmp18-0123140"
                     n="a-0360"
                     ecep:lem="a"
                     ecep:pos="dt"
                     ecep:reg="an"
                     ecep:spe="an"
                     ecep:syllab="1"
                     ecep:pron="æn">an</w>
                  <c> </c>
                  <w xml:id="pmp18-0123150"
                     n="a-0370"
                     ecep:lem="ill-fated"
                     ecep:pos="j"
                     ecep:reg="ill-fated"
                     ecep:spe="ill-fated"
                     ecep:syllab="3"
                     ecep:pron="ˌɪlˈfeɪtɪd">ill-fated</w>
                  <c> </c>
                  <w xml:id="pmp18-0123160"
                     n="a-0380"
                     ecep:lem="passion"
                     ecep:pos="ng1"
                     ecep:reg="Passion's"
                     ecep:spe="Passion's"
                     ecep:syllab="2"
                     ecep:pron="ˈpæʃnz">Passion's</w>
                  <c> </c>
                  <w xml:id="pmp18-0123170"
                     n="a-0390"
                     ecep:lem="last"
                     ecep:pos="ord"
                     ecep:reg="last"
                     ecep:spe="last"
                     ecep:syllab="1"
                     ecep:pron="lɑːst">last</w>
                  <c> </c>
                  <w xml:id="pmp18-0123180"
                     n="a-0400"
                     ecep:lem="excess"
                     ecep:pos="n1"
                     ecep:reg="Excess"
                     ecep:spe="Excess"
                     ecep:syllab="2"
                     ecep:pron="ɪkˈses">Excess</w>
                  <pc xml:id="pmp18-0123190"
                      n="a-0410"
                      ecep:lem=";"
                      ecep:pos=";"
                      ecep:reg=";"
                      ecep:spe=";">;</pc>
               </l>
               <l n="26" xml:id="pmp18-l03875">
                  <c> </c>
                  <w xml:id="pmp18-0123200"
                     n="a-0420"
                     ecep:lem="and"
                     ecep:pos="cc"
                     ecep:reg="And"
                     ecep:spe="And"
                     ecep:syllab="1"
                     ecep:pron="ænd">And</w>
                  <c> </c>
                  <w xml:id="pmp18-0123210"
                     n="a-0430"
                     ecep:lem="die"
                     ecep:pos="vvz"
                     ecep:reg="dies"
                     ecep:spe="dies"
                     ecep:syllab="1"
                     ecep:pron="daɪz">dies</w>
                  <c> </c>
                  <w xml:id="pmp18-0123220"
                     n="a-0440"
                     ecep:lem="in"
                     ecep:pos="p-acp"
                     ecep:reg="in"
                     ecep:spe="in"
                     ecep:syllab="1"
                     ecep:pron="ɪn">in</w>
                  <c> </c>
                  <w xml:id="pmp18-0123230"
                     n="a-0450"
                     ecep:lem="woe"
                     ecep:pos="n1"
                     ecep:reg="Woe"
                     ecep:spe="Woe"
                     ecep:syllab="1"
                     ecep:pron="wəʊ">Woe</w>
                  <pc xml:id="pmp18-0123240"
                      n="a-0460"
                      ecep:lem=","
                      ecep:pos=","
                      ecep:reg=","
                      ecep:spe=",">,</pc>
                  <c> </c>
                  <w xml:id="pmp18-0123250"
                     n="a-0470"
                     ecep:lem="that"
                     ecep:pos="cst"
                     ecep:reg="that"
                     ecep:spe="that"
                     ecep:syllab="1"
                     ecep:pron="ðæt">that</w>
                  <c> </c>
                  <w xml:id="pmp18-0123260"
                     n="a-0480"
                     ecep:lem="thou"
                     ecep:pos="pns21"
                     ecep:reg="Thou"
                     ecep:spe="Thou"
                     ecep:syllab="1"
                     ecep:pron="θaʊ">Thou</w>
                  <c> </c>
                  <w xml:id="pmp18-0123270"
                     n="a-0490"
                     ecep:lem="may"
                     ecep:pos="vm2"
                     ecep:reg="mayest"
                     ecep:spe="may'st"
                     ecep:syllab="1"
                     ecep:pron="meɪst">may'st</w>
                  <c> </c>
                  <w xml:id="pmp18-0123280"
                     n="a-0500"
                     ecep:lem="live"
                     ecep:pos="vvi"
                     ecep:reg="live"
                     ecep:spe="live"
                     ecep:syllab="1"
                     ecep:pron="lɪv">live</w>
                  <c> </c>
                  <w xml:id="pmp18-0123290"
                     n="a-0510"
                     ecep:lem="in"
                     ecep:pos="p-acp"
                     ecep:reg="in"
                     ecep:spe="in"
                     ecep:syllab="1"
                     ecep:pron="ɪn">in</w>
                  <c> </c>
                  <w xml:id="pmp18-0123300"
                     n="a-0520"
                     ecep:lem="peace"
                     ecep:pos="n1"
                     ecep:reg="Peace"
                     ecep:spe="Peace"
                     ecep:syllab="1"
                     ecep:pron="piːs">Peace</w>
                  <pc xml:id="pmp18-0123310"
                      n="a-0530"
                      unit="sentence"
                      ecep:lem="."
                      ecep:pos="."
                      ecep:reg="."
                      ecep:spe=".">.</pc>
                  <c> </c>
               </l>
            </lg>
         </div>
      </body>
   </text>
</TEI>
