<?xml version="1.0" encoding="utf-8"?>
<!DOCTYPE div
  SYSTEM "about:legacy-compat">
<div xmlns:ecep="http://www.eighteenthcenturypoetry.org/ns"
     xmlns="http://www.tei-c.org/ns/1.0"
     xmlns:tei="http://www.tei-c.org/ns/1.0"
     ana="#iamb #tetrameter #pentameter #octet #pair #hymn"
     corresp="#txt_BailJo1762_w0089"
     decls="#semi-normalized"
     ecep:syllab="8.8.8.8.8.8.8.10"
     met="-+|-+|-+|-+/ -+|-+|-+|-+/ -+|-+|-+|-+/ -+|-+|-+|-+/ -+|-+|-+|-+/ -+|-+|-+|-+/ -+|-+|-+|-+/ -+|-+|-+|-+|-+/"
     rendition="#lgvspace"
     rhyme="aabbccdd"
     subtype="eceptext"
     type="poem"
     xml:id="bjb18-w0890">
   <link target="authors.xml#aut_BailJo1762" type="author"/>
   <head type="main">
      <w xml:id="bjb18-577890"
         n="a-0010"
         ecep:lem="hymn"
         ecep:pos="n1"
         ecep:reg="HYMN"
         ecep:spe="HYMN"
         ecep:syllab="1"
         ecep:pron="hɪm">HYMN</w>
      <pc xml:id="bjb18-577900"
          n="a-0020"
          unit="sentence"
          ecep:lem="."
          ecep:pos="."
          ecep:reg="."
          ecep:spe=".">.</pc>
   </head>
   <lg xml:id="bjb18-s04085">
      <l rendition="#h_3" xml:id="bjb18-l31435">
         <hi rendition="#sc">
            <w xml:id="bjb18-577930"
               n="a-0030"
               ecep:lem="those"
               ecep:pos="d"
               ecep:reg="THOSE"
               ecep:spe="THOSE"
               ecep:syllab="1"
               ecep:pron="ðəʊz">THOSE</w>
         </hi>
         <pc xml:id="bjb18-577940"
             n="a-0040"
             ecep:lem=","
             ecep:pos=","
             ecep:reg=","
             ecep:spe=",">,</pc>
         <c> </c>
         <w xml:id="bjb18-577950"
            n="a-0050"
            ecep:lem="lord"
            ecep:pos="n1"
            ecep:reg="Lord"
            ecep:spe="Lord"
            ecep:syllab="1"
            ecep:pron="lɔːd">Lord</w>
         <pc xml:id="bjb18-577960"
             n="a-0060"
             ecep:lem=","
             ecep:pos=","
             ecep:reg=","
             ecep:spe=",">,</pc>
         <c> </c>
         <w xml:id="bjb18-577970"
            n="a-0070"
            ecep:lem="who"
            ecep:pos="r-crq"
            ecep:reg="who"
            ecep:spe="who"
            ecep:syllab="1"
            ecep:pron="huː">who</w>
         <c> </c>
         <w xml:id="bjb18-577980"
            n="a-0080"
            ecep:lem="raise"
            ecep:pos="vvb"
            ecep:reg="raise"
            ecep:spe="raise"
            ecep:syllab="1"
            ecep:pron="reɪz">raise</w>
         <c> </c>
         <w xml:id="bjb18-577990"
            n="a-0090"
            ecep:lem="their"
            ecep:pos="po32"
            ecep:reg="their"
            ecep:spe="their"
            ecep:syllab="1"
            ecep:pron="ðeə">their</w>
         <c> </c>
         <w xml:id="bjb18-578000"
            n="a-0100"
            ecep:lem="soul"
            ecep:pos="n2"
            ecep:reg="souls"
            ecep:spe="souls"
            ecep:syllab="1"
            ecep:pron="səʊlz">souls</w>
         <c> </c>
         <w xml:id="bjb18-578010"
            n="a-0110"
            ecep:lem="to"
            ecep:pos="p-acp"
            ecep:reg="to"
            ecep:spe="to"
            ecep:syllab="1"
            ecep:pron="tuː">to</w>
         <c> </c>
         <w xml:id="bjb18-578020"
            n="a-0120"
            ecep:lem="thou"
            ecep:pos="pno21"
            ecep:reg="thee"
            ecep:spe="thee"
            ecep:syllab="1"
            ecep:pron="ðiː">thee</w>
         <pc xml:id="bjb18-578030"
             n="a-0130"
             ecep:lem=","
             ecep:pos=","
             ecep:reg=","
             ecep:spe=",">,</pc>
      </l>
      <l xml:id="bjb18-l31440">
         <c> </c>
         <w xml:id="bjb18-578040"
            n="a-0140"
            ecep:lem="not"
            ecep:pos="xx"
            ecep:reg="Not"
            ecep:spe="Not"
            ecep:syllab="1"
            ecep:pron="ˈdɪdnt">Not</w>
         <c> </c>
         <w xml:id="bjb18-578050"
            n="a-0150"
            ecep:lem="always"
            ecep:pos="av"
            ecep:reg="always"
            ecep:spe="alway"
            ecep:syllab="2"
            ecep:pron="ˈɔːlweɪ">alway</w>
         <c> </c>
         <w xml:id="bjb18-578060"
            n="a-0160"
            ecep:lem="sink"
            ecep:pos="vvi"
            ecep:reg="sink"
            ecep:spe="sink"
            ecep:syllab="1"
            ecep:pron="sɪŋk">sink</w>
         <c> </c>
         <w xml:id="bjb18-578070"
            n="a-0170"
            ecep:lem="on"
            ecep:pos="p-acp"
            ecep:reg="on"
            ecep:spe="on"
            ecep:syllab="1"
            ecep:pron="ɒn">on</w>
         <c> </c>
         <w xml:id="bjb18-578080"
            n="a-0180"
            ecep:lem="bend"
            ecep:pos="j-vvn"
            ecep:reg="bent"
            ecep:spe="bended"
            ecep:syllab="2"
            ecep:pron="ˈbendɪd">bended</w>
         <c> </c>
         <w xml:id="bjb18-578090"
            n="a-0190"
            ecep:lem="knee"
            ecep:pos="n1"
            ecep:reg="knee"
            ecep:spe="knee"
            ecep:syllab="1"
            ecep:pron="niː">knee</w>
         <pc xml:id="bjb18-578100"
             n="a-0200"
             unit="sentence"
             ecep:lem="."
             ecep:pos="."
             ecep:reg="."
             ecep:spe=".">.</pc>
         <c> </c>
      </l>
      <l xml:id="bjb18-l31445">
         <w xml:id="bjb18-578110"
            n="a-0210"
            ecep:lem="on"
            ecep:pos="p-acp"
            ecep:reg="On"
            ecep:spe="On"
            ecep:syllab="1"
            ecep:pron="ɒn">On</w>
         <c> </c>
         <w xml:id="bjb18-578120"
            n="a-0220"
            ecep:lem="earth"
            ecep:pos="ng1"
            ecep:reg="earth's"
            ecep:spe="earth's"
            ecep:syllab="1"
            ecep:pron="ˈɜːθs">earth's</w>
         <c> </c>
         <w xml:id="bjb18-578130"
            n="a-0230"
            ecep:lem="vast"
            ecep:pos="j"
            ecep:reg="vast"
            ecep:spe="vast"
            ecep:syllab="1"
            ecep:pron="vɑːst">vast</w>
         <c> </c>
         <w xml:id="bjb18-578140"
            n="a-0240"
            ecep:lem="space"
            ecep:pos="n1"
            ecep:reg="space"
            ecep:spe="space"
            ecep:syllab="1"
            ecep:pron="speɪs">space</w>
         <c> </c>
         <w xml:id="bjb18-578150"
            n="a-0250"
            ecep:lem="of"
            ecep:pos="pp-f"
            ecep:reg="of"
            ecep:spe="of"
            ecep:syllab="1"
            ecep:pron="ɒv">of</w>
         <c> </c>
         <w xml:id="bjb18-578160"
            n="a-0260"
            ecep:lem="sea"
            ecep:pos="n1"
            ecep:reg="sea"
            ecep:spe="sea"
            ecep:syllab="1"
            ecep:pron="siː">sea</w>
         <c> </c>
         <w xml:id="bjb18-578170"
            n="a-0270"
            ecep:lem="and"
            ecep:pos="cc"
            ecep:reg="and"
            ecep:spe="and"
            ecep:syllab="1"
            ecep:pron="ænd">and</w>
         <c> </c>
         <w xml:id="bjb18-578180"
            n="a-0280"
            ecep:lem="land"
            ecep:pos="n1"
            ecep:reg="land"
            ecep:spe="land"
            ecep:syllab="1"
            ecep:pron="lænd">land</w>
         <c> </c>
         <pc xml:id="bjb18-578190"
             n="a-0290"
             ecep:lem="—"
             ecep:pos="—"
             ecep:reg="—"
             ecep:spe="—">—</pc>
      </l>
      <l xml:id="bjb18-l31450">
         <c> </c>
         <w xml:id="bjb18-578200"
            n="a-0300"
            ecep:lem="thy"
            ecep:pos="po21"
            ecep:reg="Thy"
            ecep:spe="Thy"
            ecep:syllab="1"
            ecep:pron="ðaɪ">Thy</w>
         <c> </c>
         <w xml:id="bjb18-578210"
            n="a-0310"
            ecep:lem="sky"
            ecep:pos="n1"
            ecep:reg="sky"
            ecep:spe="sky"
            ecep:syllab="1"
            ecep:pron="skaɪ">sky</w>
         <c> </c>
         <w xml:id="bjb18-578220"
            n="a-0320"
            ecep:lem="cope"
            ecep:pos="j-vvn"
            ecep:reg="coped"
            ecep:spe="coped"
            ecep:syllab="1"
            ecep:pron="kəʊpt">coped</w>
         <c> </c>
         <w xml:id="bjb18-578230"
            n="a-0330"
            ecep:lem="temple"
            ecep:pos="n1"
            ecep:reg="temple"
            ecep:spe="temple"
            ecep:syllab="2"
            ecep:pron="ˈtempl">temple</w>
         <c> </c>
         <w xml:id="bjb18-578240"
            n="a-0340"
            ecep:lem="wide"
            ecep:pos="j"
            ecep:reg="wide"
            ecep:spe="wide"
            ecep:syllab="1"
            ecep:pron="waɪd">wide</w>
         <c> </c>
         <w xml:id="bjb18-578250"
            n="a-0350"
            ecep:lem="and"
            ecep:pos="cc"
            ecep:reg="and"
            ecep:spe="and"
            ecep:syllab="1"
            ecep:pron="ænd">and</w>
         <c> </c>
         <w xml:id="bjb18-578260"
            n="a-0360"
            ecep:lem="grand"
            ecep:pos="j"
            ecep:reg="grand"
            ecep:spe="grand"
            ecep:syllab="1"
            ecep:pron="grænd">grand</w>
         <pc xml:id="bjb18-578270"
             n="a-0370"
             ecep:lem=","
             ecep:pos=","
             ecep:reg=","
             ecep:spe=",">,</pc>
      </l>
      <l xml:id="bjb18-l31455">
         <c> </c>
         <w xml:id="bjb18-578280"
            n="a-0380"
            ecep:lem="swift"
            ecep:pos="j"
            ecep:reg="Swift"
            ecep:spe="Swift"
            ecep:syllab="1"
            ecep:pron="swɪft">Swift</w>
         <c> </c>
         <w xml:id="bjb18-578290"
            n="a-0390"
            ecep:lem="pass"
            ecep:pos="j-vvg"
            ecep:reg="passing"
            ecep:spe="passing"
            ecep:syllab="2"
            ecep:pron="ˈpɑːsɪŋ">passing</w>
         <c> </c>
         <w xml:id="bjb18-578300"
            n="a-0400"
            ecep:lem="thought"
            ecep:pos="n2"
            ecep:reg="thoughts"
            ecep:spe="thoughts"
            ecep:syllab="1"
            ecep:pron="θɔːts">thoughts</w>
         <c> </c>
         <w xml:id="bjb18-578310"
            n="a-0410"
            ecep:lem="of"
            ecep:pos="pp-f"
            ecep:reg="of"
            ecep:spe="of"
            ecep:syllab="1"
            ecep:pron="ɒv">of</w>
         <c> </c>
         <w xml:id="bjb18-578320"
            n="a-0420"
            ecep:lem="praise"
            ecep:pos="n1"
            ecep:reg="praise"
            ecep:spe="praise"
            ecep:syllab="1"
            ecep:pron="preɪz">praise</w>
         <c> </c>
         <w xml:id="bjb18-578330"
            n="a-0430"
            ecep:lem="and"
            ecep:pos="cc"
            ecep:reg="and"
            ecep:spe="and"
            ecep:syllab="1"
            ecep:pron="ænd">and</w>
         <c> </c>
         <w xml:id="bjb18-578340"
            n="a-0440"
            ecep:lem="prayer"
            ecep:pos="n1"
            ecep:reg="prayer"
            ecep:spe="prayer"
            ecep:syllab="1"
            ecep:pron="ˈpreɪə">prayer</w>
      </l>
      <l xml:id="bjb18-l31460">
         <c> </c>
         <w xml:id="bjb18-578350"
            n="a-0450"
            ecep:lem="to"
            ecep:pos="p-acp"
            ecep:reg="To"
            ecep:spe="To"
            ecep:syllab="1"
            ecep:pron="tuː">To</w>
         <c> </c>
         <w xml:id="bjb18-578360"
            n="a-0460"
            ecep:lem="thou"
            ecep:pos="pno21"
            ecep:reg="thee"
            ecep:spe="thee"
            ecep:syllab="1"
            ecep:pron="ðiː">thee</w>
         <c> </c>
         <w xml:id="bjb18-578370"
            n="a-0470"
            ecep:lem="be"
            ecep:pos="vbb"
            ecep:reg="are"
            ecep:spe="are"
            ecep:syllab="1"
            ecep:pron="ɑː">are</w>
         <c> </c>
         <w xml:id="bjb18-578380"
            n="a-0480"
            ecep:lem="waft"
            ecep:pos="vvn"
            ecep:reg="wafted"
            ecep:spe="wafted"
            ecep:syllab="2"
            ecep:pron="ˈwɑːftɪd">wafted</w>
         <c> </c>
         <w xml:id="bjb18-578390"
            n="a-0490"
            ecep:lem="every"
            ecep:pos="d"
            ecep:reg="every"
            ecep:spe="every"
            ecep:syllab="2"
            ecep:pron="ˈevri">every</w>
         <c> </c>
         <w xml:id="bjb18-578400"
            n="a-0500"
            ecep:lem="where"
            ecep:pos="c-crq"
            ecep:reg="where"
            ecep:spe="where"
            ecep:syllab="1"
            ecep:pron="weə">where</w>
         <pc xml:id="bjb18-578410"
             n="a-0510"
             ecep:lem=","
             ecep:pos=","
             ecep:reg=","
             ecep:spe=",">,</pc>
      </l>
      <l xml:id="bjb18-l31465">
         <c> </c>
         <w xml:id="bjb18-578420"
            n="a-0520"
            ecep:lem="from"
            ecep:pos="p-acp"
            ecep:reg="From"
            ecep:spe="From"
            ecep:syllab="1"
            ecep:pron="frɒm">From</w>
         <c> </c>
         <w xml:id="bjb18-578430"
            n="a-0530"
            ecep:lem="grateful"
            ecep:pos="j"
            ecep:reg="grateful"
            ecep:spe="grateful"
            ecep:syllab="2"
            ecep:pron="ˈgreɪtfl">grateful</w>
         <c> </c>
         <w xml:id="bjb18-578440"
            n="a-0540"
            ecep:lem="heart"
            ecep:pos="n2"
            ecep:reg="hearts"
            ecep:spe="hearts"
            ecep:syllab="1"
            ecep:pron="hɑːts">hearts</w>
         <pc xml:id="bjb18-578450"
             n="a-0550"
             ecep:lem=","
             ecep:pos=","
             ecep:reg=","
             ecep:spe=",">,</pc>
         <c> </c>
         <w xml:id="bjb18-578460"
            n="a-0560"
            ecep:lem="who"
            ecep:pos="r-crq"
            ecep:reg="who"
            ecep:spe="who"
            ecep:syllab="1"
            ecep:pron="huː">who</w>
         <c> </c>
         <w xml:id="bjb18-578470"
            n="a-0570"
            ecep:lem="feel"
            ecep:pos="vvb"
            ecep:reg="feel"
            ecep:spe="feel"
            ecep:syllab="1"
            ecep:pron="fiːl">feel</w>
         <c> </c>
         <w xml:id="bjb18-578480"
            n="a-0580"
            ecep:lem="and"
            ecep:pos="cc"
            ecep:reg="and"
            ecep:spe="and"
            ecep:syllab="1"
            ecep:pron="ænd">and</w>
         <c> </c>
         <w xml:id="bjb18-578490"
            n="a-0590"
            ecep:lem="love"
            ecep:pos="vvb"
            ecep:reg="love"
            ecep:spe="love"
            ecep:syllab="1"
            ecep:pron="lʌv">love</w>
      </l>
      <l xml:id="bjb18-l31470">
         <c> </c>
         <w xml:id="bjb18-578500"
            n="a-0600"
            ecep:lem="to"
            ecep:pos="pc-acp"
            ecep:reg="To"
            ecep:spe="To"
            ecep:syllab="1"
            ecep:pron="tuː">To</w>
         <c> </c>
         <w xml:id="bjb18-578510"
            n="a-0610"
            ecep:lem="feel"
            ecep:pos="vvi"
            ecep:reg="feel"
            ecep:spe="feel"
            ecep:syllab="1"
            ecep:pron="fiːl">feel</w>
         <pc xml:id="bjb18-578520"
             n="a-0620"
             ecep:lem=","
             ecep:pos=","
             ecep:reg=","
             ecep:spe=",">,</pc>
         <c> </c>
         <w xml:id="bjb18-578530"
            n="a-0630"
            ecep:lem="that"
            ecep:pos="cst"
            ecep:reg="that"
            ecep:spe="that"
            ecep:syllab="1"
            ecep:pron="ðæt">that</w>
         <c> </c>
         <w xml:id="bjb18-578540"
            n="a-0640"
            ecep:lem="it|be"
            ecep:pos="pn31|vbz"
            ecep:reg="it's"
            ecep:spe="'tis"
            ecep:syllab="1"
            ecep:pron="tɪz">'tis</w>
         <c> </c>
         <w xml:id="bjb18-578550"
            n="a-0650"
            ecep:lem="in"
            ecep:pos="p-acp"
            ecep:reg="in"
            ecep:spe="in"
            ecep:syllab="1"
            ecep:pron="ɪn">in</w>
         <c> </c>
         <w xml:id="bjb18-578560"
            n="a-0660"
            ecep:lem="thou"
            ecep:pos="pno21"
            ecep:reg="thee"
            ecep:spe="thee"
            ecep:syllab="1"
            ecep:pron="ðiː">thee</w>
         <c> </c>
         <w xml:id="bjb18-578570"
            n="a-0670"
            ecep:lem="they"
            ecep:pos="pns32"
            ecep:reg="they"
            ecep:spe="they"
            ecep:syllab="1"
            ecep:pron="ðeɪ">they</w>
         <c> </c>
         <w xml:id="bjb18-578580"
            n="a-0680"
            ecep:lem="live"
            ecep:pos="vvb"
            ecep:reg="live"
            ecep:spe="live"
            ecep:syllab="1"
            ecep:pron="lɪv">live</w>
         <c> </c>
         <w xml:id="bjb18-578590"
            n="a-0690"
            ecep:lem="and"
            ecep:pos="cc"
            ecep:reg="and"
            ecep:spe="and"
            ecep:syllab="1"
            ecep:pron="ænd">and</w>
         <c> </c>
         <w xml:id="bjb18-578600"
            n="a-0700"
            ecep:lem="move"
            ecep:pos="vvi"
            ecep:reg="move"
            ecep:spe="move"
            ecep:syllab="1"
            ecep:pron="muːv">move</w>
         <pc xml:id="bjb18-578610"
             n="a-0710"
             unit="sentence"
             ecep:lem="."
             ecep:pos="."
             ecep:reg="."
             ecep:spe=".">.</pc>
         <c> </c>
      </l>
   </lg>
   <lg xml:id="bjb18-s04090">
      <l rendition="#h_3" xml:id="bjb18-l31475">
         <w xml:id="bjb18-578640"
            n="a-0720"
            ecep:lem="in"
            ecep:pos="p-acp"
            ecep:reg="In"
            ecep:spe="In"
            ecep:syllab="1"
            ecep:pron="ɪn">In</w>
         <c> </c>
         <w xml:id="bjb18-578650"
            n="a-0730"
            ecep:lem="hour"
            ecep:pos="n2"
            ecep:reg="hours"
            ecep:spe="hours"
            ecep:syllab="1"
            ecep:pron="ˈaʊəz">hours</w>
         <c> </c>
         <w xml:id="bjb18-578660"
            n="a-0740"
            ecep:lem="of"
            ecep:pos="pp-f"
            ecep:reg="of"
            ecep:spe="of"
            ecep:syllab="1"
            ecep:pron="ɒv">of</w>
         <c> </c>
         <w xml:id="bjb18-578670"
            n="a-0750"
            ecep:lem="triumph"
            ecep:pos="n1"
            ecep:reg="triumph"
            ecep:spe="triumph"
            ecep:syllab="2"
            ecep:pron="ˈtraɪəmf">triumph</w>
         <c> </c>
         <w xml:id="bjb18-578680"
            n="a-0760"
            ecep:lem="or"
            ecep:pos="cc"
            ecep:reg="or"
            ecep:spe="or"
            ecep:syllab="1"
            ecep:pron="ɔː">or</w>
         <c> </c>
         <w xml:id="bjb18-578690"
            n="a-0770"
            ecep:lem="of"
            ecep:pos="pp-f"
            ecep:reg="of"
            ecep:spe="of"
            ecep:syllab="1"
            ecep:pron="ɒv">of</w>
         <c> </c>
         <w xml:id="bjb18-578700"
            n="a-0780"
            ecep:lem="woe"
            ecep:pos="n1"
            ecep:reg="woe"
            ecep:spe="woe"
            ecep:syllab="1"
            ecep:pron="wəʊ">woe</w>
         <pc xml:id="bjb18-578710"
             n="a-0790"
             ecep:lem=";"
             ecep:pos=";"
             ecep:reg=";"
             ecep:spe=";">;</pc>
      </l>
      <l xml:id="bjb18-l31480">
         <c> </c>
         <w xml:id="bjb18-578720"
            n="a-0800"
            ecep:lem="on"
            ecep:pos="p-acp"
            ecep:reg="On"
            ecep:spe="On"
            ecep:syllab="1"
            ecep:pron="ɒn">On</w>
         <c> </c>
         <w xml:id="bjb18-578730"
            n="a-0810"
            ecep:lem="fortune"
            ecep:pos="ng1"
            ecep:reg="fortune's"
            ecep:spe="fortune's"
            ecep:syllab="2"
            ecep:pron="ˈfɔːtʃuːnz">fortune's</w>
         <c> </c>
         <w xml:id="bjb18-578740"
            n="a-0820"
            ecep:lem="sunny"
            ecep:pos="j"
            ecep:reg="sunny"
            ecep:spe="sunny"
            ecep:syllab="2"
            ecep:pron="ˈsʌni">sunny</w>
         <c> </c>
         <w xml:id="bjb18-578750"
            n="a-0830"
            ecep:lem="height"
            ecep:pos="n2"
            ecep:reg="heights"
            ecep:spe="heights"
            ecep:syllab="1"
            ecep:pron="haɪts">heights</w>
         <pc xml:id="bjb18-578760"
             n="a-0840"
             ecep:lem=","
             ecep:pos=","
             ecep:reg=","
             ecep:spe=",">,</pc>
         <c> </c>
         <w xml:id="bjb18-578770"
            n="a-0850"
            ecep:lem="or"
            ecep:pos="cc"
            ecep:reg="or"
            ecep:spe="or"
            ecep:syllab="1"
            ecep:pron="ɔː">or</w>
         <c> </c>
         <w xml:id="bjb18-578780"
            n="a-0860"
            ecep:lem="low"
            ecep:pos="j"
            ecep:reg="low"
            ecep:spe="low"
            ecep:syllab="1"
            ecep:pron="ləʊ">low</w>
      </l>
      <l xml:id="bjb18-l31485">
         <c> </c>
         <w xml:id="bjb18-578790"
            n="a-0870"
            ecep:lem="in"
            ecep:pos="p-acp"
            ecep:reg="In"
            ecep:spe="In"
            ecep:syllab="1"
            ecep:pron="ɪn">In</w>
         <c> </c>
         <w xml:id="bjb18-578800"
            n="a-0880"
            ecep:lem="gloomy"
            ecep:pos="j"
            ecep:reg="gloomy"
            ecep:spe="gloomy"
            ecep:syllab="2"
            ecep:pron="ˈgluːmi">gloomy</w>
         <c> </c>
         <w xml:id="bjb18-578810"
            n="a-0890"
            ecep:lem="deep"
            ecep:pos="n2-jn"
            ecep:reg="deeps"
            ecep:spe="deeps"
            ecep:syllab="1"
            ecep:pron="diːps">deeps</w>
         <c> </c>
         <w xml:id="bjb18-578820"
            n="a-0900"
            ecep:lem="of"
            ecep:pos="pp-f"
            ecep:reg="of"
            ecep:spe="of"
            ecep:syllab="1"
            ecep:pron="ɒv">of</w>
         <c> </c>
         <w xml:id="bjb18-578830"
            n="a-0910"
            ecep:lem="mortal"
            ecep:pos="j-jn"
            ecep:reg="mortal"
            ecep:spe="mortal"
            ecep:syllab="2"
            ecep:pron="ˈmɔːtl">mortal</w>
         <c> </c>
         <w xml:id="bjb18-578840"
            n="a-0920"
            ecep:lem="doom"
            ecep:pos="n1"
            ecep:reg="doom"
            ecep:spe="doom"
            ecep:syllab="1"
            ecep:pron="duːm">doom</w>
         <pc xml:id="bjb18-578850"
             n="a-0930"
             ecep:lem=","
             ecep:pos=","
             ecep:reg=","
             ecep:spe=",">,</pc>
      </l>
      <l xml:id="bjb18-l31490">
         <c> </c>
         <w xml:id="bjb18-578860"
            n="a-0940"
            ecep:lem="the"
            ecep:pos="dt"
            ecep:reg="The"
            ecep:spe="The"
            ecep:syllab="1"
            ecep:pron="ðiː">The</w>
         <c> </c>
         <w xml:id="bjb18-578870"
            n="a-0950"
            ecep:lem="quicken"
            ecep:pos="j-vvg"
            ecep:reg="quickening"
            ecep:spe="quickening"
            ecep:syllab="3"
            ecep:pron="ˈkwɪkənɪŋ">quickening</w>
         <c> </c>
         <w xml:id="bjb18-578880"
            n="a-0960"
            ecep:lem="thought"
            ecep:pos="n1"
            ecep:reg="thought"
            ecep:spe="thought"
            ecep:syllab="1"
            ecep:pron="θɔːt">thought</w>
         <c> </c>
         <w xml:id="bjb18-578890"
            n="a-0970"
            ecep:lem="will"
            ecep:pos="vmb"
            ecep:reg="will"
            ecep:spe="will"
            ecep:syllab="1"
            ecep:pron="wɪl">will</w>
         <c> </c>
         <w xml:id="bjb18-578900"
            n="a-0980"
            ecep:lem="swift"
            ecep:pos="av-j"
            ecep:reg="swiftly"
            ecep:spe="swiftly"
            ecep:syllab="2"
            ecep:pron="ˈswɪftli">swiftly</w>
         <c> </c>
         <w xml:id="bjb18-578910"
            n="a-0990"
            ecep:lem="come"
            ecep:pos="vvi"
            ecep:reg="come"
            ecep:spe="come"
            ecep:syllab="1"
            ecep:pron="kʌm">come</w>
         <pc xml:id="bjb18-578920"
             n="a-1000"
             ecep:lem=","
             ecep:pos=","
             ecep:reg=","
             ecep:spe=",">,</pc>
      </l>
      <l xml:id="bjb18-l31495">
         <c> </c>
         <w xml:id="bjb18-578930"
            n="a-1010"
            ecep:lem="as"
            ecep:pos="c-acp"
            ecep:reg="As"
            ecep:spe="As"
            ecep:syllab="1"
            ecep:pron="æz">As</w>
         <c> </c>
         <w xml:id="bjb18-578940"
            n="a-1020"
            ecep:lem="from"
            ecep:pos="p-acp"
            ecep:reg="from"
            ecep:spe="from"
            ecep:syllab="1"
            ecep:pron="frɒm">from</w>
         <c> </c>
         <w xml:id="bjb18-578950"
            n="a-1030"
            ecep:lem="veil"
            ecep:pos="j-vvn"
            ecep:reg="veiled"
            ecep:spe="veiled"
            ecep:syllab="1"
            ecep:pron="veɪld">veiled</w>
         <c> </c>
         <w xml:id="bjb18-578960"
            n="a-1040"
            ecep:lem="heaven"
            ecep:pos="n1"
            ecep:reg="heaven"
            ecep:spe="heaven"
            ecep:syllab="1"
            ecep:pron="ˈhevn">heaven</w>
         <c> </c>
         <w xml:id="bjb18-578970"
            n="a-1050"
            ecep:lem="the"
            ecep:pos="dt"
            ecep:reg="the"
            ecep:spe="the"
            ecep:syllab="1"
            ecep:pron="ðiː">the</w>
         <c> </c>
         <w xml:id="bjb18-578980"
            n="a-1060"
            ecep:lem="lightning"
            ecep:pos="n1"
            ecep:reg="lightning"
            ecep:spe="lightning"
            ecep:syllab="2"
            ecep:pron="ˈlaɪtnɪŋ">lightning</w>
         <c> </c>
         <w xml:id="bjb18-578990"
            n="a-1070"
            ecep:lem="keen"
            ecep:pos="j"
            ecep:reg="keen"
            ecep:spe="keen"
            ecep:syllab="1"
            ecep:pron="kiːn">keen</w>
      </l>
      <l xml:id="bjb18-l31500">
         <c> </c>
         <w xml:id="bjb18-579000"
            n="a-1080"
            ecep:lem="do"
            ecep:pos="vdz"
            ecep:reg="Does"
            ecep:spe="Doth"
            ecep:syllab="1"
            ecep:pron="dʌθ">Doth</w>
         <c> </c>
         <w xml:id="bjb18-579010"
            n="a-1090"
            ecep:lem="pass"
            ecep:pos="vvi"
            ecep:reg="pass"
            ecep:spe="pass"
            ecep:syllab="1"
            ecep:pron="pɑːs">pass</w>
         <c> </c>
         <w xml:id="bjb18-579020"
            n="a-1100"
            ecep:lem="the"
            ecep:pos="dt"
            ecep:reg="the"
            ecep:spe="the"
            ecep:syllab="1"
            ecep:pron="ðiː">the</w>
         <c> </c>
         <w xml:id="bjb18-579030"
            n="a-1110"
            ecep:lem="sever"
            ecep:pos="j-vvn"
            ecep:reg="severed"
            ecep:spe="severed"
            ecep:syllab="2"
            ecep:pron="ˈsevəd">severed</w>
         <c> </c>
         <w xml:id="bjb18-579040"
            n="a-1120"
            ecep:lem="cloud"
            ecep:pos="n2"
            ecep:reg="clouds"
            ecep:spe="clouds"
            ecep:syllab="1"
            ecep:pron="klaʊdz">clouds</w>
         <c> </c>
         <w xml:id="bjb18-579050"
            n="a-1130"
            ecep:lem="between"
            ecep:pos="p-acp"
            ecep:reg="between"
            ecep:spe="between"
            ecep:syllab="2"
            ecep:pron="biˈtwiːn">between</w>
         <pc xml:id="bjb18-579060"
             n="a-1140"
             ecep:lem=","
             ecep:pos=","
             ecep:reg=","
             ecep:spe=",">,</pc>
      </l>
      <l xml:id="bjb18-l31505">
         <c> </c>
         <w xml:id="bjb18-579070"
            n="a-1150"
            ecep:lem="and"
            ecep:pos="cc"
            ecep:reg="And"
            ecep:spe="And"
            ecep:syllab="1"
            ecep:pron="ænd">And</w>
         <c> </c>
         <w xml:id="bjb18-579080"
            n="a-1160"
            ecep:lem="penetrate"
            ecep:pos="vvz"
            ecep:reg="penetrates"
            ecep:spe="penetrates"
            ecep:syllab="3"
            ecep:pron="ˈpenətreɪts">penetrates</w>
         <c> </c>
         <w xml:id="bjb18-579090"
            n="a-1170"
            ecep:lem="with"
            ecep:pos="p-acp"
            ecep:reg="with"
            ecep:spe="with"
            ecep:syllab="1"
            ecep:pron="wɪð">with</w>
         <c> </c>
         <w xml:id="bjb18-579100"
            n="a-1180"
            ecep:lem="equal"
            ecep:pos="j-jn"
            ecep:reg="equal"
            ecep:spe="equal"
            ecep:syllab="2"
            ecep:pron="ˈiːkwəl">equal</w>
         <c> </c>
         <w xml:id="bjb18-579110"
            n="a-1190"
            ecep:lem="power"
            ecep:pos="n1"
            ecep:reg="power"
            ecep:spe="power"
            ecep:syllab="1"
            ecep:pron="ˈpaʊə">power</w>
      </l>
      <l xml:id="bjb18-l31510">
         <c> </c>
         <w xml:id="bjb18-579120"
            n="a-1200"
            ecep:lem="the"
            ecep:pos="dt"
            ecep:reg="The"
            ecep:spe="The"
            ecep:syllab="1"
            ecep:pron="ðiː">The</w>
         <c> </c>
         <w xml:id="bjb18-579130"
            n="a-1210"
            ecep:lem="humble"
            ecep:pos="j"
            ecep:reg="humble"
            ecep:spe="humble"
            ecep:syllab="2"
            ecep:pron="ˈhʌmbl">humble</w>
         <c> </c>
         <w xml:id="bjb18-579140"
            n="a-1220"
            ecep:lem="cottage"
            ecep:pos="n1"
            ecep:reg="cottage"
            ecep:spe="cottage"
            ecep:syllab="2"
            ecep:pron="ˈkɒtɪdʒ">cottage</w>
         <c> </c>
         <w xml:id="bjb18-579150"
            n="a-1230"
            ecep:lem="or"
            ecep:pos="cc"
            ecep:reg="or"
            ecep:spe="or"
            ecep:syllab="1"
            ecep:pron="ɔː">or</w>
         <c> </c>
         <w xml:id="bjb18-579160"
            n="a-1240"
            ecep:lem="the"
            ecep:pos="dt"
            ecep:reg="the"
            ecep:spe="the"
            ecep:syllab="1"
            ecep:pron="ðiː">the</w>
         <c> </c>
         <w xml:id="bjb18-579170"
            n="a-1250"
            ecep:lem="lordly"
            ecep:pos="j"
            ecep:reg="lordly"
            ecep:spe="lordly"
            ecep:syllab="2"
            ecep:pron="ˈlɔːdli">lordly</w>
         <c> </c>
         <w xml:id="bjb18-579180"
            n="a-1260"
            ecep:lem="tower"
            ecep:pos="n1"
            ecep:reg="tower"
            ecep:spe="tower"
            ecep:syllab="1"
            ecep:pron="ˈtaʊə">tower</w>
         <pc xml:id="bjb18-579190"
             n="a-1270"
             unit="sentence"
             ecep:lem="."
             ecep:pos="."
             ecep:reg="."
             ecep:spe=".">.</pc>
         <c> </c>
      </l>
   </lg>
   <pb n="401" rend="none"/>
   <lg xml:id="bjb18-s04095">
      <l rendition="#h_3" xml:id="bjb18-l31515">
         <w xml:id="bjb18-579220"
            n="a-0010"
            ecep:lem="the"
            ecep:pos="dt"
            ecep:reg="The"
            ecep:spe="The"
            ecep:syllab="1"
            ecep:pron="ðiː">The</w>
         <c> </c>
         <w xml:id="bjb18-579230"
            n="a-0020"
            ecep:lem="march"
            ecep:pos="j-vvg"
            ecep:reg="marching"
            ecep:spe="marching"
            ecep:syllab="2"
            ecep:pron="ˈmɑːtʃɪŋ">marching</w>
         <c> </c>
         <w xml:id="bjb18-579240"
            n="a-0030"
            ecep:lem="soldier"
            ecep:pos="n1"
            ecep:reg="soldier"
            ecep:spe="soldier"
            ecep:syllab="2"
            ecep:pron="ˈsəʊldʒə">soldier</w>
         <pc xml:id="bjb18-579250"
             n="a-0040"
             ecep:lem=","
             ecep:pos=","
             ecep:reg=","
             ecep:spe=",">,</pc>
         <c> </c>
         <w xml:id="bjb18-579260"
            n="a-0050"
            ecep:lem="stern"
            ecep:pos="j"
            ecep:reg="stern"
            ecep:spe="stern"
            ecep:syllab="1"
            ecep:pron="stɜːn">stern</w>
         <c> </c>
         <w xml:id="bjb18-579270"
            n="a-0060"
            ecep:lem="and"
            ecep:pos="cc"
            ecep:reg="and"
            ecep:spe="and"
            ecep:syllab="1"
            ecep:pron="ænd">and</w>
         <c> </c>
         <w xml:id="bjb18-579280"
            n="a-0070"
            ecep:lem="stark"
            ecep:pos="j"
            ecep:reg="stark"
            ecep:spe="stark"
            ecep:syllab="1"
            ecep:pron="stɑːk">stark</w>
         <pc xml:id="bjb18-579290"
             n="a-0080"
             ecep:lem=","
             ecep:pos=","
             ecep:reg=","
             ecep:spe=",">,</pc>
         <c> </c>
         <pc xml:id="bjb18-579300"
             n="a-0090"
             ecep:lem="—"
             ecep:pos="—"
             ecep:reg="—"
             ecep:spe="—">—</pc>
      </l>
      <l xml:id="bjb18-l31520">
         <c> </c>
         <w xml:id="bjb18-579310"
            n="a-0100"
            ecep:lem="the"
            ecep:pos="dt"
            ecep:reg="The"
            ecep:spe="The"
            ecep:syllab="1"
            ecep:pron="ðiː">The</w>
         <c> </c>
         <w xml:id="bjb18-579320"
            n="a-0110"
            ecep:lem="seaman"
            ecep:pos="n1"
            ecep:reg="seaman"
            ecep:spe="seaman"
            ecep:syllab="2"
            ecep:pron="ˈsiːmən">seaman</w>
         <c> </c>
         <w xml:id="bjb18-579330"
            n="a-0120"
            ecep:lem="in"
            ecep:pos="p-acp"
            ecep:reg="in"
            ecep:spe="in"
            ecep:syllab="1"
            ecep:pron="ɪn">in</w>
         <c> </c>
         <w xml:id="bjb18-579340"
            n="a-0130"
            ecep:lem="his"
            ecep:pos="po31"
            ecep:reg="his"
            ecep:spe="his"
            ecep:syllab="1"
            ecep:pron="hɪz">his</w>
         <c> </c>
         <w xml:id="bjb18-579350"
            n="a-0140"
            ecep:lem="wave-tossed"
            ecep:pos="j"
            ecep:reg="wave-tossed"
            ecep:spe="wave-tossed"
            ecep:syllab="2"
            ecep:pron="weɪvˌtɒst">wave-tossed</w>
         <c> </c>
         <w xml:id="bjb18-579360"
            n="a-0150"
            ecep:lem="ark"
            ecep:pos="n1"
            ecep:reg="ark"
            ecep:spe="ark"
            ecep:syllab="1"
            ecep:pron="ɑːk">ark</w>
         <pc xml:id="bjb18-579370"
             n="a-0160"
             ecep:lem=","
             ecep:pos=","
             ecep:reg=","
             ecep:spe=",">,</pc>
         <c> </c>
         <pc xml:id="bjb18-579380"
             n="a-0170"
             ecep:lem="—"
             ecep:pos="—"
             ecep:reg="—"
             ecep:spe="—">—</pc>
      </l>
      <l xml:id="bjb18-l31525">
         <c> </c>
         <w xml:id="bjb18-579390"
            n="a-0180"
            ecep:lem="the"
            ecep:pos="dt"
            ecep:reg="The"
            ecep:spe="The"
            ecep:syllab="1"
            ecep:pron="ðiː">The</w>
         <c> </c>
         <w xml:id="bjb18-579400"
            n="a-0190"
            ecep:lem="king"
            ecep:pos="n1"
            ecep:reg="king"
            ecep:spe="king"
            ecep:syllab="1"
            ecep:pron="kɪŋ">king</w>
         <c> </c>
         <w xml:id="bjb18-579410"
            n="a-0200"
            ecep:lem="on"
            ecep:pos="p-acp"
            ecep:reg="on"
            ecep:spe="on"
            ecep:syllab="1"
            ecep:pron="ɒn">on</w>
         <c> </c>
         <w xml:id="bjb18-579420"
            n="a-0210"
            ecep:lem="guard"
            ecep:pos="j-vvn"
            ecep:reg="guarded"
            ecep:spe="guarded"
            ecep:syllab="2"
            ecep:pron="ˈgɑːdɪd">guarded</w>
         <c> </c>
         <w xml:id="bjb18-579430"
            n="a-0220"
            ecep:lem="throne"
            ecep:pos="n1"
            ecep:reg="throne"
            ecep:spe="throne"
            ecep:syllab="1"
            ecep:pron="θrəʊn">throne</w>
         <c> </c>
         <w xml:id="bjb18-579440"
            n="a-0230"
            ecep:lem="sustain"
            ecep:pos="vvn"
            ecep:reg="sustained"
            ecep:spe="sustained"
            ecep:syllab="2"
            ecep:pron="səˈsteɪnd">sustained</w>
         <pc xml:id="bjb18-579450"
             n="a-0240"
             ecep:lem=","
             ecep:pos=","
             ecep:reg=","
             ecep:spe=",">,</pc>
         <c> </c>
         <pc xml:id="bjb18-579460"
             n="a-0250"
             ecep:lem="—"
             ecep:pos="—"
             ecep:reg="—"
             ecep:spe="—">—</pc>
      </l>
      <l xml:id="bjb18-l31530">
         <c> </c>
         <w xml:id="bjb18-579470"
            n="a-0260"
            ecep:lem="the"
            ecep:pos="dt"
            ecep:reg="The"
            ecep:spe="The"
            ecep:syllab="1"
            ecep:pron="ðiː">The</w>
         <c> </c>
         <w xml:id="bjb18-579480"
            n="a-0270"
            ecep:lem="prisoner"
            ecep:pos="n1"
            ecep:reg="prisoner"
            ecep:spe="prisoner"
            ecep:syllab="3"
            ecep:pron="ˈprɪznə">prisoner</w>
         <c> </c>
         <w xml:id="bjb18-579490"
            n="a-0280"
            ecep:lem="fetter"
            ecep:pos="vvn"
            ecep:reg="fettered"
            ecep:spe="fettered"
            ecep:syllab="2"
            ecep:pron="ˈfetəd">fettered</w>
         <c> </c>
         <w xml:id="bjb18-579500"
            n="a-0290"
            ecep:lem="and"
            ecep:pos="cc"
            ecep:reg="and"
            ecep:spe="and"
            ecep:syllab="1"
            ecep:pron="ænd">and</w>
         <c> </c>
         <w xml:id="bjb18-579510"
            n="a-0300"
            ecep:lem="arraign"
            ecep:pos="vvn"
            ecep:reg="arraigned"
            ecep:spe="arraigned"
            ecep:syllab="2"
            ecep:pron="əˈreɪnd">arraigned</w>
         <pc xml:id="bjb18-579520"
             n="a-0310"
             ecep:lem=","
             ecep:pos=","
             ecep:reg=","
             ecep:spe=",">,</pc>
         <c> </c>
         <pc xml:id="bjb18-579530"
             n="a-0320"
             ecep:lem="—"
             ecep:pos="—"
             ecep:reg="—"
             ecep:spe="—">—</pc>
      </l>
      <l xml:id="bjb18-l31535">
         <c> </c>
         <w xml:id="bjb18-579540"
            n="a-0330"
            ecep:lem="will"
            ecep:pos="vmb"
            ecep:reg="Will"
            ecep:spe="Will"
            ecep:syllab="1"
            ecep:pron="wɪl">Will</w>
         <c> </c>
         <w xml:id="bjb18-579550"
            n="a-0340"
            ecep:lem="feel"
            ecep:pos="vvi"
            ecep:reg="feel"
            ecep:spe="feel"
            ecep:syllab="1"
            ecep:pron="fiːl">feel</w>
         <pc xml:id="bjb18-579560"
             n="a-0350"
             ecep:lem=","
             ecep:pos=","
             ecep:reg=","
             ecep:spe=",">,</pc>
         <c> </c>
         <w xml:id="bjb18-579570"
            n="a-0360"
            ecep:lem="like"
            ecep:pos="av-j"
            ecep:reg="like"
            ecep:spe="like"
            ecep:syllab="1"
            ecep:pron="laɪk">like</w>
         <c> </c>
         <w xml:id="bjb18-579580"
            n="a-0370"
            ecep:lem="link"
            ecep:pos="n2"
            ecep:reg="links"
            ecep:spe="links"
            ecep:syllab="1"
            ecep:pron="lɪŋks">links</w>
         <c> </c>
         <w xml:id="bjb18-579590"
            n="a-0380"
            ecep:lem="of"
            ecep:pos="pp-f"
            ecep:reg="of"
            ecep:spe="of"
            ecep:syllab="1"
            ecep:pron="ɒv">of</w>
         <c> </c>
         <w xml:id="bjb18-579600"
            n="a-0390"
            ecep:lem="live"
            ecep:pos="j-vvg"
            ecep:reg="living"
            ecep:spe="living"
            ecep:syllab="2"
            ecep:pron="ˈlɪvɪŋ">living</w>
         <c> </c>
         <w xml:id="bjb18-579610"
            n="a-0400"
            ecep:lem="fire"
            ecep:pos="n1"
            ecep:reg="fire"
            ecep:spe="fire"
            ecep:syllab="1"
            ecep:pron="ˈfaɪə">fire</w>
         <pc xml:id="bjb18-579620"
             n="a-0410"
             ecep:lem=","
             ecep:pos=","
             ecep:reg=","
             ecep:spe=",">,</pc>
      </l>
      <l xml:id="bjb18-l31540">
         <c> </c>
         <w xml:id="bjb18-579630"
            n="a-0420"
            ecep:lem="their"
            ecep:pos="po32"
            ecep:reg="Their"
            ecep:spe="Their"
            ecep:syllab="1"
            ecep:pron="ðeə">Their</w>
         <c> </c>
         <w xml:id="bjb18-579640"
            n="a-0430"
            ecep:lem="kindred"
            ecep:pos="n1"
            ecep:reg="kindred"
            ecep:spe="kindred"
            ecep:syllab="2"
            ecep:pron="ˈkɪndrəd">kindred</w>
         <c> </c>
         <w xml:id="bjb18-579650"
            n="a-0440"
            ecep:lem="to"
            ecep:pos="p-acp"
            ecep:reg="to"
            ecep:spe="to"
            ecep:syllab="1"
            ecep:pron="tuː">to</w>
         <c> </c>
         <w xml:id="bjb18-579660"
            n="a-0450"
            ecep:lem="a"
            ecep:pos="dt"
            ecep:reg="a"
            ecep:spe="a"
            ecep:syllab="1"
            ecep:pron="ə">a</w>
         <c> </c>
         <w xml:id="bjb18-579670"
            n="a-0460"
            ecep:lem="heavenly"
            ecep:pos="j"
            ecep:reg="Heavenly"
            ecep:spe="Heavenly"
            ecep:syllab="2"
            ecep:pron="ˈhevnli">Heavenly</w>
         <c> </c>
         <w xml:id="bjb18-579680"
            n="a-0470"
            ecep:lem="sire"
            ecep:pos="n1"
            ecep:reg="Sire"
            ecep:spe="Sire"
            ecep:syllab="1"
            ecep:pron="ˈsaɪə">Sire</w>
         <pc xml:id="bjb18-579690"
             n="a-0480"
             ecep:lem=","
             ecep:pos=","
             ecep:reg=","
             ecep:spe=",">,</pc>
      </l>
      <l xml:id="bjb18-l31545">
         <c> </c>
         <w xml:id="bjb18-579700"
            n="a-0490"
            ecep:lem="and"
            ecep:pos="cc"
            ecep:reg="And"
            ecep:spe="And"
            ecep:syllab="1"
            ecep:pron="ænd">And</w>
         <c> </c>
         <w xml:id="bjb18-579710"
            n="a-0500"
            ecep:lem="in"
            ecep:pos="p-acp"
            ecep:reg="in"
            ecep:spe="in"
            ecep:syllab="1"
            ecep:pron="ɪn">in</w>
         <c> </c>
         <w xml:id="bjb18-579720"
            n="a-0510"
            ecep:lem="their"
            ecep:pos="po32"
            ecep:reg="their"
            ecep:spe="their"
            ecep:syllab="1"
            ecep:pron="ðeə">their</w>
         <c> </c>
         <w xml:id="bjb18-579730"
            n="a-0520"
            ecep:lem="bosoms"
            ecep:pos="ng2"
            ecep:reg="bosoms'"
            ecep:spe="bosoms'"
            ecep:syllab="2"
            ecep:pron="ˈbʊzəmz">bosoms'</w>
         <c> </c>
         <w xml:id="bjb18-579750"
            n="a-0540"
            ecep:lem="secret"
            ecep:pos="n1"
            ecep:reg="secret"
            ecep:spe="secret"
            ecep:syllab="2"
            ecep:pron="ˈsiːkrət">secret</w>
         <c> </c>
         <w xml:id="bjb18-579760"
            n="a-0550"
            ecep:lem="core"
            ecep:pos="n1"
            ecep:reg="core"
            ecep:spe="core"
            ecep:syllab="1"
            ecep:pron="kɔː">core</w>
         <pc xml:id="bjb18-579770"
             n="a-0560"
             ecep:lem=","
             ecep:pos=","
             ecep:reg=","
             ecep:spe=",">,</pc>
      </l>
      <l xml:id="bjb18-l31550">
         <c> </c>
         <w xml:id="bjb18-579780"
            n="a-0570"
            ecep:lem="with"
            ecep:pos="p-acp"
            ecep:reg="With"
            ecep:spe="With"
            ecep:syllab="1"
            ecep:pron="wɪð">With</w>
         <c> </c>
         <w xml:id="bjb18-579790"
            n="a-0580"
            ecep:lem="speechless"
            ecep:pos="j"
            ecep:reg="speechless"
            ecep:spe="speechless"
            ecep:syllab="2"
            ecep:pron="ˈspiːtʃləs">speechless</w>
         <c> </c>
         <w xml:id="bjb18-579800"
            n="a-0590"
            ecep:lem="praise"
            ecep:pos="n1"
            ecep:reg="praise"
            ecep:spe="praise"
            ecep:syllab="1"
            ecep:pron="preɪz">praise</w>
         <pc xml:id="bjb18-579810"
             n="a-0600"
             ecep:lem=","
             ecep:pos=","
             ecep:reg=","
             ecep:spe=",">,</pc>
         <c> </c>
         <w xml:id="bjb18-579820"
            n="a-0610"
            ecep:lem="his"
            ecep:pos="po31"
            ecep:reg="his"
            ecep:spe="his"
            ecep:syllab="1"
            ecep:pron="hɪz">his</w>
         <c> </c>
         <w xml:id="bjb18-579830"
            n="a-0620"
            ecep:lem="mighty"
            ecep:pos="j"
            ecep:reg="mighty"
            ecep:spe="mighty"
            ecep:syllab="2"
            ecep:pron="ˈmaɪti">mighty</w>
         <c> </c>
         <w xml:id="bjb18-579840"
            n="a-0630"
            ecep:lem="name"
            ecep:pos="n1"
            ecep:reg="name"
            ecep:spe="name"
            ecep:syllab="1"
            ecep:pron="neɪm">name</w>
         <c> </c>
         <w xml:id="bjb18-579850"
            n="a-0640"
            ecep:lem="adore"
            ecep:pos="vvb"
            ecep:reg="adore"
            ecep:spe="adore"
            ecep:syllab="2"
            ecep:pron="əˈdɔː">adore</w>
         <pc xml:id="bjb18-579860"
             n="a-0650"
             unit="sentence"
             ecep:lem="."
             ecep:pos="."
             ecep:reg="."
             ecep:spe=".">.</pc>
         <c> </c>
      </l>
   </lg>
   <lg xml:id="bjb18-s04100">
      <l rendition="#h_3" xml:id="bjb18-l31555">
         <w xml:id="bjb18-579890"
            n="a-0660"
            ecep:lem="the"
            ecep:pos="dt"
            ecep:reg="The"
            ecep:spe="The"
            ecep:syllab="1"
            ecep:pron="ðiː">The</w>
         <c> </c>
         <w xml:id="bjb18-579900"
            n="a-0670"
            ecep:lem="guileless"
            ecep:pos="j"
            ecep:reg="guileless"
            ecep:spe="guileless"
            ecep:syllab="2"
            ecep:pron="ˈgaɪlləs">guileless</w>
         <c> </c>
         <w xml:id="bjb18-579910"
            n="a-0680"
            ecep:lem="youth"
            ecep:pos="n1"
            ecep:reg="youth"
            ecep:spe="youth"
            ecep:syllab="1"
            ecep:pron="juːθ">youth</w>
         <pc xml:id="bjb18-579920"
             n="a-0690"
             ecep:lem=","
             ecep:pos=","
             ecep:reg=","
             ecep:spe=",">,</pc>
         <c> </c>
         <w xml:id="bjb18-579930"
            n="a-0700"
            ecep:lem="in"
            ecep:pos="p-acp"
            ecep:reg="in"
            ecep:spe="in"
            ecep:syllab="1"
            ecep:pron="ɪn">in</w>
         <c> </c>
         <w xml:id="bjb18-579940"
            n="a-0710"
            ecep:lem="hall"
            ecep:pos="n2"
            ecep:reg="halls"
            ecep:spe="halls"
            ecep:syllab="1"
            ecep:pron="hɔːlz">halls</w>
         <c> </c>
         <w xml:id="bjb18-579950"
            n="a-0720"
            ecep:lem="of"
            ecep:pos="pp-f"
            ecep:reg="of"
            ecep:spe="of"
            ecep:syllab="1"
            ecep:pron="ɒv">of</w>
         <c> </c>
         <w xml:id="bjb18-579960"
            n="a-0730"
            ecep:lem="pleasure"
            ecep:pos="n1"
            ecep:reg="pleasure"
            ecep:spe="pleasure"
            ecep:syllab="2"
            ecep:pron="ˈpleʒə">pleasure</w>
         <pc xml:id="bjb18-579970"
             n="a-0740"
             ecep:lem=","
             ecep:pos=","
             ecep:reg=","
             ecep:spe=",">,</pc>
      </l>
      <l xml:id="bjb18-l31560">
         <c> </c>
         <w xml:id="bjb18-579980"
            n="a-0750"
            ecep:lem="who"
            ecep:pos="r-crq"
            ecep:reg="Whose"
            ecep:spe="Whose"
            ecep:syllab="1"
            ecep:pron="huːz">Whose</w>
         <c> </c>
         <w xml:id="bjb18-579990"
            n="a-0760"
            ecep:lem="light"
            ecep:pos="j"
            ecep:reg="light"
            ecep:spe="light"
            ecep:syllab="1"
            ecep:pron="laɪt">light</w>
         <c> </c>
         <w xml:id="bjb18-580000"
            n="a-0770"
            ecep:lem="foot"
            ecep:pos="n2"
            ecep:reg="feet"
            ecep:spe="feet"
            ecep:syllab="1"
            ecep:pron="fiːt">feet</w>
         <c> </c>
         <w xml:id="bjb18-580010"
            n="a-0780"
            ecep:lem="time"
            ecep:pos="n1"
            ecep:reg="time"
            ecep:spe="time"
            ecep:syllab="1"
            ecep:pron="taɪm">time</w>
         <c> </c>
         <w xml:id="bjb18-580020"
            n="a-0790"
            ecep:lem="the"
            ecep:pos="dt"
            ecep:reg="the"
            ecep:spe="the"
            ecep:syllab="1"
            ecep:pron="ðiː">the</w>
         <c> </c>
         <w xml:id="bjb18-580030"
            n="a-0800"
            ecep:lem="tuneful"
            ecep:pos="j"
            ecep:reg="tuneful"
            ecep:spe="tuneful"
            ecep:syllab="2"
            ecep:pron="ˈtjuːnfl">tuneful</w>
         <c> </c>
         <w xml:id="bjb18-580040"
            n="a-0810"
            ecep:lem="measure"
            ecep:pos="n1"
            ecep:reg="measure"
            ecep:spe="measure"
            ecep:syllab="2"
            ecep:pron="ˈmeʒə">measure</w>
         <pc xml:id="bjb18-580050"
             n="a-0820"
             ecep:lem=","
             ecep:pos=","
             ecep:reg=","
             ecep:spe=",">,</pc>
      </l>
      <l xml:id="bjb18-l31565">
         <c> </c>
         <w xml:id="bjb18-580060"
            n="a-0830"
            ecep:lem="may"
            ecep:pos="vmb"
            ecep:reg="May"
            ecep:spe="May"
            ecep:syllab="1"
            ecep:pron="meɪ">May</w>
         <pc xml:id="bjb18-580070"
             n="a-0840"
             ecep:lem=","
             ecep:pos=","
             ecep:reg=","
             ecep:spe=",">,</pc>
         <c> </c>
         <w xml:id="bjb18-580080"
            n="a-0850"
            ecep:lem="with"
            ecep:pos="p-acp"
            ecep:reg="with"
            ecep:spe="with"
            ecep:syllab="1"
            ecep:pron="wɪð">with</w>
         <c> </c>
         <w xml:id="bjb18-580090"
            n="a-0860"
            ecep:lem="thrill"
            ecep:pos="j-vvn"
            ecep:reg="thrilled"
            ecep:spe="thrilled"
            ecep:syllab="1"
            ecep:pron="θrɪld">thrilled</w>
         <c> </c>
         <w xml:id="bjb18-580100"
            n="a-0870"
            ecep:lem="heart"
            ecep:pos="n1"
            ecep:reg="heart"
            ecep:spe="heart"
            ecep:syllab="1"
            ecep:pron="hɑːt">heart</w>
         <c> </c>
         <w xml:id="bjb18-580110"
            n="a-0880"
            ecep:lem="and"
            ecep:pos="cc"
            ecep:reg="and"
            ecep:spe="and"
            ecep:syllab="1"
            ecep:pron="ænd">and</w>
         <c> </c>
         <w xml:id="bjb18-580120"
            n="a-0890"
            ecep:lem="flash"
            ecep:pos="vvg"
            ecep:reg="flashing"
            ecep:spe="flashing"
            ecep:syllab="2"
            ecep:pron="ˈflæʃɪŋ">flashing</w>
         <c> </c>
         <w xml:id="bjb18-580130"
            n="a-0900"
            ecep:lem="eye"
            ecep:pos="n1"
            ecep:reg="eye"
            ecep:spe="eye"
            ecep:syllab="1"
            ecep:pron="aɪ">eye</w>
         <pc xml:id="bjb18-580140"
             n="a-0910"
             ecep:lem=","
             ecep:pos=","
             ecep:reg=","
             ecep:spe=",">,</pc>
      </l>
      <l xml:id="bjb18-l31570">
         <c> </c>
         <w xml:id="bjb18-580150"
            n="a-0920"
            ecep:lem="blend"
            ecep:pos="vvb"
            ecep:reg="Blend"
            ecep:spe="Blend"
            ecep:syllab="1"
            ecep:pron="blend">Blend</w>
         <c> </c>
         <w xml:id="bjb18-580160"
            n="a-0930"
            ecep:lem="holy"
            ecep:pos="j"
            ecep:reg="holy"
            ecep:spe="holy"
            ecep:syllab="2"
            ecep:pron="ˈhəʊli">holy</w>
         <c> </c>
         <w xml:id="bjb18-580170"
            n="a-0940"
            ecep:lem="thanks"
            ecep:pos="n2"
            ecep:reg="thanks"
            ecep:spe="thanks"
            ecep:syllab="1"
            ecep:pron="θæŋks">thanks</w>
         <c> </c>
         <w xml:id="bjb18-580180"
            n="a-0950"
            ecep:lem="with"
            ecep:pos="p-acp"
            ecep:reg="with"
            ecep:spe="with"
            ecep:syllab="1"
            ecep:pron="wɪð">with</w>
         <c> </c>
         <w xml:id="bjb18-580190"
            n="a-0960"
            ecep:lem="revelry"
            ecep:pos="n1"
            ecep:reg="revelry"
            ecep:spe="revelry"
            ecep:syllab="3"
            ecep:pron="ˈrevlri">revelry</w>
         <pc xml:id="bjb18-580200"
             n="a-0970"
             ecep:lem=";"
             ecep:pos=";"
             ecep:reg=";"
             ecep:spe=";">;</pc>
      </l>
      <l xml:id="bjb18-l31575">
         <c> </c>
         <w xml:id="bjb18-580210"
            n="a-0980"
            ecep:lem="the"
            ecep:pos="dt"
            ecep:reg="The"
            ecep:spe="The"
            ecep:syllab="1"
            ecep:pron="ðiː">The</w>
         <c> </c>
         <w xml:id="bjb18-580220"
            n="a-0990"
            ecep:lem="very"
            ecep:pos="j"
            ecep:reg="very"
            ecep:spe="very"
            ecep:syllab="2"
            ecep:pron="ˈveri">very</w>
         <c> </c>
         <w xml:id="bjb18-580230"
            n="a-1000"
            ecep:lem="child"
            ecep:pos="n1"
            ecep:reg="child"
            ecep:spe="child"
            ecep:syllab="1"
            ecep:pron="tʃaɪld">child</w>
         <pc xml:id="bjb18-580240"
             n="a-1010"
             ecep:lem=","
             ecep:pos=","
             ecep:reg=","
             ecep:spe=",">,</pc>
         <c> </c>
         <w xml:id="bjb18-580250"
            n="a-1020"
            ecep:lem="at"
            ecep:pos="p-acp"
            ecep:reg="at"
            ecep:spe="at"
            ecep:syllab="1"
            ecep:pron="æt">at</w>
         <c> </c>
         <w xml:id="bjb18-580260"
            n="a-1030"
            ecep:lem="gambol"
            ecep:pos="n2"
            ecep:reg="gambols"
            ecep:spe="gambols"
            ecep:syllab="2"
            ecep:pron="ˈgæmblz">gambols</w>
         <c> </c>
         <w xml:id="bjb18-580270"
            n="a-1040"
            ecep:lem="see"
            ecep:pos="vvn"
            ecep:reg="seen"
            ecep:spe="seen"
            ecep:syllab="1"
            ecep:pron="siːn">seen</w>
      </l>
      <l xml:id="bjb18-l31580">
         <c> </c>
         <w xml:id="bjb18-580280"
            n="a-1050"
            ecep:lem="with"
            ecep:pos="p-acp"
            ecep:reg="With"
            ecep:spe="With"
            ecep:syllab="1"
            ecep:pron="wɪð">With</w>
         <c> </c>
         <w xml:id="bjb18-580290"
            n="a-1060"
            ecep:lem="playmate"
            ecep:pos="n2"
            ecep:reg="play-mates"
            ecep:spe="play-mates"
            ecep:syllab="2"
            ecep:pron="ˈpleɪmeɪts">play-mates</w>
         <c> </c>
         <w xml:id="bjb18-580300"
            n="a-1070"
            ecep:lem="on"
            ecep:pos="p-acp"
            ecep:reg="on"
            ecep:spe="on"
            ecep:syllab="1"
            ecep:pron="ɒn">on</w>
         <c> </c>
         <w xml:id="bjb18-580310"
            n="a-1080"
            ecep:lem="the"
            ecep:pos="dt"
            ecep:reg="the"
            ecep:spe="the"
            ecep:syllab="1"
            ecep:pron="ðiː">the</w>
         <c> </c>
         <w xml:id="bjb18-580320"
            n="a-1090"
            ecep:lem="sunny"
            ecep:pos="j"
            ecep:reg="sunny"
            ecep:spe="sunny"
            ecep:syllab="2"
            ecep:pron="ˈsʌni">sunny</w>
         <c> </c>
         <w xml:id="bjb18-580330"
            n="a-1100"
            ecep:lem="green"
            ecep:pos="j-jn"
            ecep:reg="green"
            ecep:spe="green"
            ecep:syllab="1"
            ecep:pron="griːn">green</w>
         <pc xml:id="bjb18-580340"
             n="a-1110"
             ecep:lem=","
             ecep:pos=","
             ecep:reg=","
             ecep:spe=",">,</pc>
      </l>
      <l xml:id="bjb18-l31585">
         <c> </c>
         <w xml:id="bjb18-580350"
            n="a-1120"
            ecep:lem="who"
            ecep:pos="q-crq"
            ecep:reg="Who"
            ecep:spe="Who"
            ecep:syllab="1"
            ecep:pron="huː">Who</w>
         <c> </c>
         <w xml:id="bjb18-580360"
            n="a-1130"
            ecep:lem="feel"
            ecep:pos="vvz"
            ecep:reg="feels"
            ecep:spe="feels"
            ecep:syllab="1"
            ecep:pron="fiːlz">feels</w>
         <c> </c>
         <w xml:id="bjb18-580370"
            n="a-1140"
            ecep:lem="it"
            ecep:pos="pn31"
            ecep:reg="it"
            ecep:spe="it"
            ecep:syllab="1"
            ecep:pron="ɪt">it</w>
         <c> </c>
         <w xml:id="bjb18-580380"
            n="a-1150"
            ecep:lem="bliss"
            ecep:pos="n1"
            ecep:reg="bliss"
            ecep:spe="bliss"
            ecep:syllab="1"
            ecep:pron="blɪs">bliss</w>
         <c> </c>
         <w xml:id="bjb18-580390"
            n="a-1160"
            ecep:lem="to"
            ecep:pos="pc-acp"
            ecep:reg="to"
            ecep:spe="to"
            ecep:syllab="1"
            ecep:pron="tuː">to</w>
         <c> </c>
         <w xml:id="bjb18-580400"
            n="a-1170"
            ecep:lem="be"
            ecep:pos="vbi"
            ecep:reg="be"
            ecep:spe="be"
            ecep:syllab="1"
            ecep:pron="biː">be</w>
         <c> </c>
         <w xml:id="bjb18-580410"
            n="a-1180"
            ecep:lem="alive"
            ecep:pos="j"
            ecep:reg="alive"
            ecep:spe="alive"
            ecep:syllab="2"
            ecep:pron="əˈlaɪv">alive</w>
         <pc xml:id="bjb18-580420"
             n="a-1190"
             ecep:lem=","
             ecep:pos=","
             ecep:reg=","
             ecep:spe=",">,</pc>
         <note n="*" place="bottom" xml:id="bjb18-n00115">
            <w xml:id="bjb18-580440"
               n="a-1200"
               ecep:lem="see"
               ecep:pos="vvb"
               ecep:reg="See"
               ecep:spe="See"
               ecep:syllab="1"
               ecep:pron="siː">See</w>
            <c> </c>
            <w xml:id="bjb18-580450"
               n="a-1210"
               ecep:lem="mrs."
               ecep:pos="n1"
               ecep:reg="Mrs."
               ecep:spe="Mrs."
               ecep:syllab="2"
               ecep:pron="mɪsɪz">Mrs.</w>
            <c> </c>
            <w xml:id="bjb18-580460"
               n="a-1220"
               ecep:lem="barbauld"
               ecep:pos="npg1"
               ecep:reg="Barbauld's"
               ecep:spe="Barbauld's"
               ecep:syllab="2"
               ecep:pron="bˈɑːbɔːldz">Barbauld's</w>
            <c> </c>
            <w xml:id="bjb18-580470"
               n="a-1230"
               ecep:lem="beautiful"
               ecep:pos="j"
               ecep:reg="beautiful"
               ecep:spe="beautiful"
               ecep:syllab="3"
               ecep:pron="ˈbjuːtəfl">beautiful</w>
            <c> </c>
            <w xml:id="bjb18-580480"
               n="a-1240"
               ecep:lem="hymn"
               ecep:pos="n2"
               ecep:reg="Hymns"
               ecep:spe="Hymns"
               ecep:syllab="1"
               ecep:pron="hɪmz">Hymns</w>
            <c> </c>
            <w xml:id="bjb18-580490"
               n="a-1250"
               ecep:lem="for"
               ecep:pos="p-acp"
               ecep:reg="for"
               ecep:spe="for"
               ecep:syllab="1"
               ecep:pron="fɔː">for</w>
            <c> </c>
            <w xml:id="bjb18-580500"
               n="a-1260"
               ecep:lem="child"
               ecep:pos="n2"
               ecep:reg="Children"
               ecep:spe="Children"
               ecep:syllab="2"
               ecep:pron="ˈtʃɪldrən">Children</w>
            <pc xml:id="bjb18-580510"
                n="a-1270"
                unit="sentence"
                ecep:lem="."
                ecep:pos="."
                ecep:reg="."
                ecep:spe=".">.</pc>
         </note>
      </l>
      <l xml:id="bjb18-l31590">
         <c> </c>
         <w xml:id="bjb18-580520"
            n="a-1280"
            ecep:lem="will"
            ecep:pos="vmb"
            ecep:reg="Will"
            ecep:spe="Will"
            ecep:syllab="1"
            ecep:pron="wɪl">Will</w>
         <c> </c>
         <w xml:id="bjb18-580530"
            n="a-1290"
            ecep:lem="to"
            ecep:pos="p-acp"
            ecep:reg="to"
            ecep:spe="to"
            ecep:syllab="1"
            ecep:pron="tuː">to</w>
         <c> </c>
         <w xml:id="bjb18-580540"
            n="a-1300"
            ecep:lem="life"
            ecep:pos="ng1"
            ecep:reg="life's"
            ecep:spe="life's"
            ecep:syllab="1"
            ecep:pron="laɪfs">life's</w>
         <c> </c>
         <w xml:id="bjb18-580550"
            n="a-1310"
            ecep:lem="lord"
            ecep:pos="n1"
            ecep:reg="Lord"
            ecep:spe="Lord"
            ecep:syllab="1"
            ecep:pron="lɔːd">Lord</w>
         <c> </c>
         <w xml:id="bjb18-580560"
            n="a-1320"
            ecep:lem="a"
            ecep:pos="dt"
            ecep:reg="a"
            ecep:spe="a"
            ecep:syllab="1"
            ecep:pron="ə">a</w>
         <c> </c>
         <w xml:id="bjb18-580570"
            n="a-1330"
            ecep:lem="transient"
            ecep:pos="j"
            ecep:reg="transient"
            ecep:spe="transient"
            ecep:syllab="2"
            ecep:pron="ˈtrænziənt">transient</w>
         <c> </c>
         <w xml:id="bjb18-580580"
            n="a-1340"
            ecep:lem="worship"
            ecep:pos="n1"
            ecep:reg="worship"
            ecep:spe="worship"
            ecep:syllab="2"
            ecep:pron="ˈwɜːʃɪp">worship</w>
         <c> </c>
         <w xml:id="bjb18-580590"
            n="a-1350"
            ecep:lem="give"
            ecep:pos="vvi"
            ecep:reg="give"
            ecep:spe="give"
            ecep:syllab="1"
            ecep:pron="gɪv">give</w>
         <pc xml:id="bjb18-580600"
             n="a-1360"
             unit="sentence"
             ecep:lem="."
             ecep:pos="."
             ecep:reg="."
             ecep:spe=".">.</pc>
         <c> </c>
      </l>
   </lg>
   <lg xml:id="bjb18-s04105"
       ana="#quatrain #iamb #pentameter"
       met="-+|-+|-+|-+|-+/ -+|-+|-+|-+|-+/ -+|-+|-+|-+|-+/ -+|-+|-+|-+|-+/"
       rhyme="aabb">
      <l rendition="#h_3" xml:id="bjb18-l31595">
         <w xml:id="bjb18-580630"
            n="a-1370"
            ecep:lem="these"
            ecep:pos="d"
            ecep:reg="These"
            ecep:spe="These"
            ecep:syllab="1"
            ecep:pron="ðiːz">These</w>
         <c> </c>
         <w xml:id="bjb18-580640"
            n="a-1380"
            ecep:lem="nature|be"
            ecep:pos="n1|vbz"
            ecep:reg="nature's"
            ecep:spe="nature's"
            ecep:syllab="2"
            ecep:pron="ˈneɪtʃəz">nature's</w>
         <c> </c>
         <w xml:id="bjb18-580650"
            n="a-1390"
            ecep:lem="inward"
            ecep:pos="j"
            ecep:reg="inward"
            ecep:spe="inward"
            ecep:syllab="2"
            ecep:pron="ˈɪnwəd">inward</w>
         <c> </c>
         <w xml:id="bjb18-580660"
            n="a-1400"
            ecep:lem="Hallelujas"
            ecep:pos="np1"
            ecep:reg="Hallelujas"
            ecep:spe="Hallelujas"
            ecep:syllab="4"
            ecep:pron="ˌhælɪˈluːjəz">Hallelujas</w>
         <c> </c>
         <w xml:id="bjb18-580670"
            n="a-1410"
            ecep:lem="be"
            ecep:pos="vbb"
            ecep:reg="are"
            ecep:spe="are"
            ecep:syllab="1"
            ecep:pron="ɑː">are</w>
         <pc xml:id="bjb18-580680"
             n="a-1420"
             ecep:lem=","
             ecep:pos=","
             ecep:reg=","
             ecep:spe=",">,</pc>
      </l>
      <l xml:id="bjb18-l31600">
         <c> </c>
         <w xml:id="bjb18-580690"
            n="a-1430"
            ecep:lem="warm"
            ecep:pos="j"
            ecep:reg="Warm"
            ecep:spe="Warm"
            ecep:syllab="1"
            ecep:pron="wɔːm">Warm</w>
         <pc xml:id="bjb18-580700"
             n="a-1440"
             ecep:lem=","
             ecep:pos=","
             ecep:reg=","
             ecep:spe=",">,</pc>
         <c> </c>
         <w xml:id="bjb18-580710"
            n="a-1450"
            ecep:lem="though"
            ecep:pos="c-acp"
            ecep:reg="though"
            ecep:spe="tho'"
            ecep:syllab="1"
            ecep:pron="ðəʊ">tho'</w>
         <c> </c>
         <w xml:id="bjb18-580720"
            n="a-1460"
            ecep:lem="with"
            ecep:pos="p-acp"
            ecep:reg="with"
            ecep:spe="with"
            ecep:syllab="1"
            ecep:pron="wɪð">with</w>
         <c> </c>
         <w xml:id="bjb18-580730"
            n="a-1470"
            ecep:lem="word"
            ecep:pos="n2"
            ecep:reg="words"
            ecep:spe="words"
            ecep:syllab="1"
            ecep:pron="wɜːdz">words</w>
         <c> </c>
         <w xml:id="bjb18-580740"
            n="a-1480"
            ecep:lem="unclothed"
            ecep:pos="j"
            ecep:reg="unclothed"
            ecep:spe="unclothed"
            ecep:syllab="2"
            ecep:pron="ʌnˈkləʊðd">unclothed</w>
         <pc xml:id="bjb18-580750"
             n="a-1490"
             ecep:lem=";"
             ecep:pos=";"
             ecep:reg=";"
             ecep:spe=";">;</pc>
         <c> </c>
         <w xml:id="bjb18-580760"
            n="a-1500"
            ecep:lem="here"
            ecep:pos="av"
            ecep:reg="here"
            ecep:spe="here"
            ecep:syllab="1"
            ecep:pron="hɪə">here</w>
         <c> </c>
         <w xml:id="bjb18-580770"
            n="a-1510"
            ecep:lem="let"
            ecep:pos="vvb"
            ecep:reg="let"
            ecep:spe="let"
            ecep:syllab="1"
            ecep:pron="let">let</w>
         <c> </c>
         <w xml:id="bjb18-580780"
            n="a-1520"
            ecep:lem="they"
            ecep:pos="pno32"
            ecep:reg="them"
            ecep:spe="them"
            ecep:syllab="1"
            ecep:pron="ðem">them</w>
         <c> </c>
         <w xml:id="bjb18-580790"
            n="a-1530"
            ecep:lem="wear"
            ecep:pos="vvi"
            ecep:reg="wear"
            ecep:spe="wear"
            ecep:syllab="1"
            ecep:pron="weə">wear</w>
      </l>
      <l xml:id="bjb18-l31605">
         <c> </c>
         <w xml:id="bjb18-580800"
            n="a-1540"
            ecep:lem="thy"
            ecep:pos="po21"
            ecep:reg="Thy"
            ecep:spe="Thy"
            ecep:syllab="1"
            ecep:pron="ðaɪ">Thy</w>
         <c> </c>
         <w xml:id="bjb18-580810"
            n="a-1550"
            ecep:lem="robe"
            ecep:pos="n1"
            ecep:reg="robe"
            ecep:spe="robe"
            ecep:syllab="1"
            ecep:pron="rəʊb">robe</w>
         <c> </c>
         <w xml:id="bjb18-580820"
            n="a-1560"
            ecep:lem="of"
            ecep:pos="pp-f"
            ecep:reg="of"
            ecep:spe="of"
            ecep:syllab="1"
            ecep:pron="ɒv">of</w>
         <c> </c>
         <w xml:id="bjb18-580830"
            n="a-1570"
            ecep:lem="weave"
            ecep:pos="vvn"
            ecep:reg="woven"
            ecep:spe="woven"
            ecep:syllab="2"
            ecep:pron="ˈwəʊvn">woven</w>
         <c> </c>
         <w xml:id="bjb18-580840"
            n="a-1580"
            ecep:lem="sound"
            ecep:pos="n2"
            ecep:reg="sounds"
            ecep:spe="sounds"
            ecep:syllab="1"
            ecep:pron="saʊndz">sounds</w>
         <pc xml:id="bjb18-580850"
             n="a-1590"
             ecep:lem=","
             ecep:pos=","
             ecep:reg=","
             ecep:spe=",">,</pc>
         <c> </c>
         <w xml:id="bjb18-580860"
            n="a-1600"
            ecep:lem="sweet"
            ecep:pos="j"
            ecep:reg="sweet"
            ecep:spe="sweet"
            ecep:syllab="1"
            ecep:pron="swiːt">sweet</w>
         <c> </c>
         <w xml:id="bjb18-580870"
            n="a-1610"
            ecep:lem="harmony"
            ecep:pos="n1"
            ecep:reg="harmony"
            ecep:spe="harmony"
            ecep:syllab="3"
            ecep:pron="ˈhɑːməni">harmony</w>
         <pc xml:id="bjb18-580880"
             n="a-1620"
             ecep:lem=","
             ecep:pos=","
             ecep:reg=","
             ecep:spe=",">,</pc>
      </l>
      <l xml:id="bjb18-l31610">
         <c> </c>
         <w xml:id="bjb18-580890"
            n="a-1630"
            ecep:lem="and"
            ecep:pos="cc"
            ecep:reg="And"
            ecep:spe="And"
            ecep:syllab="1"
            ecep:pron="ænd">And</w>
         <c> </c>
         <w xml:id="bjb18-580900"
            n="a-1640"
            ecep:lem="wend"
            ecep:pos="vvb"
            ecep:reg="wend"
            ecep:spe="wend"
            ecep:syllab="1"
            ecep:pron="wend">wend</w>
         <c> </c>
         <w xml:id="bjb18-580910"
            n="a-1650"
            ecep:lem="in"
            ecep:pos="p-acp"
            ecep:reg="in"
            ecep:spe="in"
            ecep:syllab="1"
            ecep:pron="ɪn">in</w>
         <c> </c>
         <w xml:id="bjb18-580920"
            n="a-1660"
            ecep:lem="float"
            ecep:pos="j-vvg"
            ecep:reg="floating"
            ecep:spe="floating"
            ecep:syllab="2"
            ecep:pron="ˈfləʊtɪŋ">floating</w>
         <c> </c>
         <w xml:id="bjb18-580930"
            n="a-1670"
            ecep:lem="beauty"
            ecep:pos="n1"
            ecep:reg="beauty"
            ecep:spe="beauty"
            ecep:syllab="2"
            ecep:pron="ˈbjuːti">beauty</w>
         <c> </c>
         <w xml:id="bjb18-580940"
            n="a-1680"
            ecep:lem="to"
            ecep:pos="p-acp"
            ecep:reg="to"
            ecep:spe="to"
            ecep:syllab="1"
            ecep:pron="tuː">to</w>
         <c> </c>
         <w xml:id="bjb18-580950"
            n="a-1690"
            ecep:lem="the"
            ecep:pos="dt"
            ecep:reg="the"
            ecep:spe="the"
            ecep:syllab="1"
            ecep:pron="ðiː">the</w>
         <c> </c>
         <w xml:id="bjb18-580960"
            n="a-1700"
            ecep:lem="sky"
            ecep:pos="n1"
            ecep:reg="sky"
            ecep:spe="sky"
            ecep:syllab="1"
            ecep:pron="skaɪ">sky</w>
         <pc xml:id="bjb18-580970"
             n="a-1710"
             unit="sentence"
             ecep:lem="."
             ecep:pos="."
             ecep:reg="."
             ecep:spe=".">.</pc>
         <c> </c>
      </l>
   </lg>
</div>
