<?xml version="1.0" encoding="UTF-8"?>
<div xmlns:ecep="http://www.eighteenthcenturypoetry.org/ns"
     xmlns="http://www.tei-c.org/ns/1.0"
     xmlns:tei="http://www.tei-c.org/ns/1.0"
     ana="#iamb #pentameter #quatrain #heroicquatrain #cross #epitaph"
     corresp="#txt_CarmRe1790_w0009"
     decls="#semi-normalized"
     ecep:syllab="10.10.10.10"
     met="-+|-+|-+|-+|-+/ -+|-+|-+|-+|-+/ -+|-+|-+|-+|-+/ -+|-+|-+|-+|-+/"
     rendition="#lgvspace"
     rhyme="abab"
     subtype="eceptext"
     type="poem"
     xml:id="prc90-w0090">
   <link target="authors.xml#aut_CarmRe1790" type="author"/>
   <head type="main">
      <w xml:id="prc90-066330"
         n="prc90/0045-a-0010"
         ecep:lem="a"
         ecep:pos="dt"
         ecep:reg="AN"
         ecep:spe="AN"
         ecep:syllab="1"
         ecep:pron="æn">AN</w>
      <c> </c>
      <w xml:id="prc90-066340"
         n="prc90/0045-a-0020"
         ecep:lem="epitaph"
         ecep:pos="n1"
         ecep:reg="EPITAPH"
         ecep:spe="EPITAPH"
         ecep:syllab="3"
         ecep:pron="ˈepɪtɑːf">EPITAPH</w>
   </head>
   <lg xml:id="prc90-s00375">
      <l xml:id="prc90-l01800">
         <w xml:id="prc90-066370"
            n="prc90/0045-a-0030"
            ecep:lem="Biron"
            ecep:pos="np1"
            ecep:reg="Biron"
            ecep:spe="Biron"
            ecep:syllab="2"
            ecep:pron="bˈaɪən">Biron</w>
         <pc xml:id="prc90-066380"
             n="prc90/0045-a-0040"
             ecep:lem=","
             ecep:pos=","
             ecep:reg=","
             ecep:spe=",">,</pc>
         <c> </c>
         <w xml:id="prc90-066390"
            n="prc90/0045-a-0050"
            ecep:lem="if"
            ecep:pos="cs"
            ecep:reg="if"
            ecep:spe="if"
            ecep:syllab="1"
            ecep:pron="ɪf">if</w>
         <c> </c>
         <w xml:id="prc90-066400"
            n="prc90/0045-a-0060"
            ecep:lem="ever"
            ecep:pos="av"
            ecep:reg="ever"
            ecep:spe="e'er"
            ecep:syllab="1"
            ecep:pron="eə">e'er</w>
         <c> </c>
         <w xml:id="prc90-066410"
            n="prc90/0045-a-0070"
            ecep:lem="thy"
            ecep:pos="po21"
            ecep:reg="thy"
            ecep:spe="thy"
            ecep:syllab="1"
            ecep:pron="ðaɪ">thy</w>
         <c> </c>
         <w xml:id="prc90-066420"
            n="prc90/0045-a-0080"
            ecep:lem="bosom"
            ecep:pos="n1"
            ecep:reg="bosom"
            ecep:spe="bosom"
            ecep:syllab="2"
            ecep:pron="ˈbʊzm">bosom</w>
         <c> </c>
         <w xml:id="prc90-066430"
            n="prc90/0045-a-0090"
            ecep:lem="bleed"
            ecep:pos="vvn"
            ecep:reg="bled"
            ecep:spe="bled"
            ecep:syllab="1"
            ecep:pron="bled">bled</w>
         <c> </c>
         <w xml:id="prc90-066440"
            n="prc90/0045-a-0100"
            ecep:lem="for"
            ecep:pos="p-acp"
            ecep:reg="for"
            ecep:spe="for"
            ecep:syllab="1"
            ecep:pron="fɔː">for</w>
         <c> </c>
         <w xml:id="prc90-066450"
            n="prc90/0045-a-0110"
            ecep:lem="woe"
            ecep:pos="n1"
            ecep:reg="woe"
            ecep:spe="woe"
            ecep:syllab="1"
            ecep:pron="wəʊ">woe</w>
         <pc xml:id="prc90-066460"
             n="prc90/0045-a-0120"
             ecep:lem=","
             ecep:pos=","
             ecep:reg=","
             ecep:spe=",">,</pc>
      </l>
      <l xml:id="prc90-l01805">
         <c> </c>
         <w xml:id="prc90-066470"
            n="prc90/0045-a-0130"
            ecep:lem="if"
            ecep:pos="cs"
            ecep:reg="If"
            ecep:spe="If"
            ecep:syllab="1"
            ecep:pron="ɪf">If</w>
         <c> </c>
         <w xml:id="prc90-066480"
            n="prc90/0045-a-0140"
            ecep:lem="ever"
            ecep:pos="av"
            ecep:reg="ever"
            ecep:spe="e'er"
            ecep:syllab="1"
            ecep:pron="eə">e'er</w>
         <c> </c>
         <w xml:id="prc90-066490"
            n="prc90/0045-a-0150"
            ecep:lem="a"
            ecep:pos="dt"
            ecep:reg="a"
            ecep:spe="a"
            ecep:syllab="1"
            ecep:pron="ə">a</w>
         <c> </c>
         <w xml:id="prc90-066500"
            n="prc90/0045-a-0160"
            ecep:lem="tear"
            ecep:pos="n1"
            ecep:reg="tear"
            ecep:spe="tear"
            ecep:syllab="1"
            ecep:pron="tɪə">tear</w>
         <c> </c>
         <w xml:id="prc90-066510"
            n="prc90/0045-a-0170"
            ecep:lem="bedew"
            ecep:pos="vvd"
            ecep:reg="bedewed"
            ecep:spe="bedew'd"
            ecep:syllab="2"
            ecep:pron="bɪˈdʒuːd">bedew'd</w>
         <c> </c>
         <w xml:id="prc90-066520"
            n="prc90/0045-a-0180"
            ecep:lem="thy"
            ecep:pos="po21"
            ecep:reg="thy"
            ecep:spe="thy"
            ecep:syllab="1"
            ecep:pron="ðaɪ">thy</w>
         <c> </c>
         <w xml:id="prc90-066530"
            n="prc90/0045-a-0190"
            ecep:lem="radiant"
            ecep:pos="j"
            ecep:reg="radiant"
            ecep:spe="radiant"
            ecep:syllab="3"
            ecep:pron="ˈreɪdiənt">radiant</w>
         <c> </c>
         <w xml:id="prc90-066540"
            n="prc90/0045-a-0200"
            ecep:lem="eye"
            ecep:pos="n2"
            ecep:reg="eyes"
            ecep:spe="eyes"
            ecep:syllab="1"
            ecep:pron="aɪz">eyes</w>
         <pc xml:id="prc90-066550"
             n="prc90/0045-a-0210"
             ecep:lem=","
             ecep:pos=","
             ecep:reg=","
             ecep:spe=",">,</pc>
      </l>
      <l xml:id="prc90-l01810">
         <c> </c>
         <w xml:id="prc90-066560"
            n="prc90/0045-a-0220"
            ecep:lem="to"
            ecep:pos="p-acp"
            ecep:reg="To"
            ecep:spe="To"
            ecep:syllab="1"
            ecep:pron="tuː">To</w>
         <c> </c>
         <w xml:id="prc90-066570"
            n="prc90/0045-a-0230"
            ecep:lem="yond"
            ecep:pos="d"
            ecep:reg="yonder"
            ecep:spe="yon"
            ecep:syllab="1"
            ecep:pron="jɒn">yon</w>
         <c> </c>
         <w xml:id="prc90-066580"
            n="prc90/0045-a-0240"
            ecep:lem="church-yard"
            ecep:pos="n1"
            ecep:reg="churchyard"
            ecep:spe="church-yard"
            ecep:syllab="2"
            ecep:pron="ˈtʃɜːtʃjɑːd">church-yard</w>
         <pc xml:id="prc90-066590"
             n="prc90/0045-a-0250"
             ecep:lem=","
             ecep:pos=","
             ecep:reg=","
             ecep:spe=",">,</pc>
         <c> </c>
         <w xml:id="prc90-066600"
            n="prc90/0045-a-0260"
            ecep:lem="at"
            ecep:pos="p-acp"
            ecep:reg="at"
            ecep:spe="at"
            ecep:syllab="1"
            ecep:pron="æt">at</w>
         <c> </c>
         <w xml:id="prc90-066610"
            n="prc90/0045-a-0270"
            ecep:lem="close"
            ecep:pos="n1"
            ecep:reg="close"
            ecep:spe="close"
            ecep:syllab="1"
            ecep:pron="kləʊz">close</w>
         <c> </c>
         <w xml:id="prc90-066620"
            n="prc90/0045-a-0280"
            ecep:lem="of"
            ecep:pos="pp-f"
            ecep:reg="of"
            ecep:spe="of"
            ecep:syllab="1"
            ecep:pron="ɒv">of</w>
         <c> </c>
         <w xml:id="prc90-066630"
            n="prc90/0045-a-0290"
            ecep:lem="evening"
            ecep:pos="n1"
            ecep:reg="evening"
            ecep:spe="evening"
            ecep:syllab="2"
            ecep:pron="ˈiːvnɪŋ">evening</w>
         <c> </c>
         <w xml:id="prc90-066640"
            n="prc90/0045-a-0300"
            ecep:lem="go"
            ecep:pos="vvi"
            ecep:reg="go"
            ecep:spe="go"
            ecep:syllab="1"
            ecep:pron="gəʊ">go</w>
         <pc xml:id="prc90-066650"
             n="prc90/0045-a-0310"
             ecep:lem=","
             ecep:pos=","
             ecep:reg=","
             ecep:spe=",">,</pc>
      </l>
      <l xml:id="prc90-l01815">
         <c> </c>
         <w xml:id="prc90-066660"
            n="prc90/0045-a-0320"
            ecep:lem="there"
            ecep:pos="a-acp"
            ecep:reg="There"
            ecep:spe="There"
            ecep:syllab="1"
            ecep:pron="ðeə">There</w>
         <c> </c>
         <w xml:id="prc90-066670"
            n="prc90/0045-a-0330"
            ecep:lem="low"
            ecep:pos="j"
            ecep:reg="low"
            ecep:spe="low"
            ecep:syllab="1"
            ecep:pron="ləʊ">low</w>
         <c> </c>
         <w xml:id="prc90-066680"
            n="prc90/0045-a-0340"
            ecep:lem="on"
            ecep:pos="p-acp"
            ecep:reg="on"
            ecep:spe="on"
            ecep:syllab="1"
            ecep:pron="ɒn">on</w>
         <c> </c>
         <w xml:id="prc90-066690"
            n="prc90/0045-a-0350"
            ecep:lem="earth"
            ecep:pos="n1"
            ecep:reg="earth"
            ecep:spe="earth"
            ecep:syllab="1"
            ecep:pron="ɜːθ">earth</w>
         <c> </c>
         <w xml:id="prc90-066700"
            n="prc90/0045-a-0360"
            ecep:lem="the"
            ecep:pos="dt"
            ecep:reg="the"
            ecep:spe="the"
            ecep:syllab="1"
            ecep:pron="ðiː">the</w>
         <c> </c>
         <w xml:id="prc90-066710"
            n="prc90/0045-a-0370"
            ecep:lem="gay"
            ecep:pos="j"
            ecep:reg="gay"
            ecep:spe="gay"
            ecep:syllab="1"
            ecep:pron="geɪ">gay</w>
         <c> </c>
         <w xml:id="prc90-066720"
            n="prc90/0045-a-0380"
            ecep:lem="Louisa"
            ecep:pos="np1"
            ecep:reg="Louisa"
            ecep:spe="Louisa"
            ecep:syllab="3"
            ecep:pron="luˈiːzə">Louisa</w>
         <c> </c>
         <w xml:id="prc90-066730"
            n="prc90/0045-a-0390"
            ecep:lem="lie"
            ecep:pos="vvz"
            ecep:reg="lies"
            ecep:spe="lies"
            ecep:syllab="1"
            ecep:pron="laɪz">lies</w>
         <pc xml:id="prc90-066740"
             n="prc90/0045-a-0400"
             unit="sentence"
             ecep:lem="."
             ecep:pos="."
             ecep:reg="."
             ecep:spe=".">.</pc>
         <c> </c>
      </l>
   </lg>
   <lg xml:id="prc90-s00380">
      <l xml:id="prc90-l01820">
         <w xml:id="prc90-066770"
            n="prc90/0045-a-0410"
            ecep:lem="Biron"
            ecep:pos="np1"
            ecep:reg="Biron"
            ecep:spe="Biron"
            ecep:syllab="2"
            ecep:pron="bˈaɪən">Biron</w>
         <c> </c>
         <w xml:id="prc90-066780"
            n="prc90/0045-a-0420"
            ecep:lem="for"
            ecep:pos="p-acp"
            ecep:reg="for"
            ecep:spe="for"
            ecep:syllab="1"
            ecep:pron="fɔː">for</w>
         <c> </c>
         <w xml:id="prc90-066790"
            n="prc90/0045-a-0430"
            ecep:lem="thou"
            ecep:pos="pno21"
            ecep:reg="thee"
            ecep:spe="thee"
            ecep:syllab="1"
            ecep:pron="ðiː">thee</w>
         <c> </c>
         <w xml:id="prc90-066800"
            n="prc90/0045-a-0440"
            ecep:lem="she"
            ecep:pos="pns31"
            ecep:reg="she"
            ecep:spe="she"
            ecep:syllab="1"
            ecep:pron="ʃiː">she</w>
         <c> </c>
         <w xml:id="prc90-066810"
            n="prc90/0045-a-0450"
            ecep:lem="lose"
            ecep:pos="vvd"
            ecep:reg="lost"
            ecep:spe="lost"
            ecep:syllab="1"
            ecep:pron="lɒst">lost</w>
         <c> </c>
         <w xml:id="prc90-066820"
            n="prc90/0045-a-0460"
            ecep:lem="the"
            ecep:pos="dt"
            ecep:reg="the"
            ecep:spe="the"
            ecep:syllab="1"
            ecep:pron="ðiː">the</w>
         <c> </c>
         <w xml:id="prc90-066830"
            n="prc90/0045-a-0470"
            ecep:lem="joy"
            ecep:pos="n2"
            ecep:reg="joys"
            ecep:spe="joys"
            ecep:syllab="1"
            ecep:pron="dʒɔɪz">joys</w>
         <c> </c>
         <w xml:id="prc90-066840"
            n="prc90/0045-a-0480"
            ecep:lem="of"
            ecep:pos="pp-f"
            ecep:reg="of"
            ecep:spe="of"
            ecep:syllab="1"
            ecep:pron="ɒv">of</w>
         <c> </c>
         <w xml:id="prc90-066850"
            n="prc90/0045-a-0490"
            ecep:lem="youth"
            ecep:pos="n1"
            ecep:reg="youth"
            ecep:spe="youth"
            ecep:syllab="1"
            ecep:pron="juːθ">youth</w>
         <pc xml:id="prc90-066860"
             n="prc90/0045-a-0500"
             ecep:lem=","
             ecep:pos=","
             ecep:reg=","
             ecep:spe=",">,</pc>
      </l>
      <l xml:id="prc90-l01825">
         <c> </c>
         <w xml:id="prc90-066870"
            n="prc90/0045-a-0510"
            ecep:lem="to"
            ecep:pos="p-acp"
            ecep:reg="To"
            ecep:spe="To"
            ecep:syllab="1"
            ecep:pron="tuː">To</w>
         <c> </c>
         <w xml:id="prc90-066880"
            n="prc90/0045-a-0520"
            ecep:lem="thou"
            ecep:pos="pno21"
            ecep:reg="thee"
            ecep:spe="thee"
            ecep:syllab="1"
            ecep:pron="ðiː">thee</w>
         <pc xml:id="prc90-066890"
             n="prc90/0045-a-0530"
             ecep:lem=","
             ecep:pos=","
             ecep:reg=","
             ecep:spe=",">,</pc>
         <c> </c>
         <w xml:id="prc90-066900"
            n="prc90/0045-a-0540"
            ecep:lem="by"
            ecep:pos="p-acp"
            ecep:reg="by"
            ecep:spe="by"
            ecep:syllab="1"
            ecep:pron="baɪ">by</w>
         <c> </c>
         <w xml:id="prc90-066910"
            n="prc90/0045-a-0550"
            ecep:lem="magic"
            ecep:pos="j-jn"
            ecep:reg="magic"
            ecep:spe="magic"
            ecep:syllab="2"
            ecep:pron="ˈmædʒɪk">magic</w>
         <c> </c>
         <w xml:id="prc90-066920"
            n="prc90/0045-a-0560"
            ecep:lem="power"
            ecep:pos="n1"
            ecep:reg="power"
            ecep:spe="pow'r"
            ecep:syllab="1"
            ecep:pron="ˈpaʊə">pow'r</w>
         <pc xml:id="prc90-066930"
             n="prc90/0045-a-0570"
             ecep:lem=","
             ecep:pos=","
             ecep:reg=","
             ecep:spe=",">,</pc>
         <c> </c>
         <w xml:id="prc90-066940"
            n="prc90/0045-a-0580"
            ecep:lem="her"
            ecep:pos="po31"
            ecep:reg="her"
            ecep:spe="her"
            ecep:syllab="1"
            ecep:pron="hɜː">her</w>
         <c> </c>
         <w xml:id="prc90-066950"
            n="prc90/0045-a-0590"
            ecep:lem="heart"
            ecep:pos="n1"
            ecep:reg="heart"
            ecep:spe="heart"
            ecep:syllab="1"
            ecep:pron="hɑːt">heart</w>
         <c> </c>
         <w xml:id="prc90-066960"
            n="prc90/0045-a-0600"
            ecep:lem="be"
            ecep:pos="vbds"
            ecep:reg="was"
            ecep:spe="was"
            ecep:syllab="1"
            ecep:pron="wɒz">was</w>
         <c> </c>
         <w xml:id="prc90-066970"
            n="prc90/0045-a-0610"
            ecep:lem="give"
            ecep:pos="vvn"
            ecep:reg="given"
            ecep:spe="giv'n"
            ecep:syllab="1"
            ecep:pron="gɪvn">giv'n</w>
         <pc xml:id="prc90-066980"
             n="prc90/0045-a-0620"
             ecep:lem=";"
             ecep:pos=";"
             ecep:reg=";"
             ecep:spe=";">;</pc>
      </l>
      <l xml:id="prc90-l01830">
         <c> </c>
         <w xml:id="prc90-066990"
            n="prc90/0045-a-0630"
            ecep:lem="for"
            ecep:pos="p-acp"
            ecep:reg="For"
            ecep:spe="For"
            ecep:syllab="1"
            ecep:pron="fɔː">For</w>
         <c> </c>
         <w xml:id="prc90-067000"
            n="prc90/0045-a-0640"
            ecep:lem="thou"
            ecep:pos="pno21"
            ecep:reg="thee"
            ecep:spe="thee"
            ecep:syllab="1"
            ecep:pron="ðiː">thee</w>
         <c> </c>
         <w xml:id="prc90-067010"
            n="prc90/0045-a-0650"
            ecep:lem="reject"
            ecep:pos="vvn"
            ecep:reg="rejected"
            ecep:spe="rejected"
            ecep:syllab="3"
            ecep:pron="rɪˈdʒektɪd">rejected</w>
         <c> </c>
         <w xml:id="prc90-067020"
            n="prc90/0045-a-0660"
            ecep:lem="friendship"
            ecep:pos="n1"
            ecep:reg="friendship"
            ecep:spe="friendship"
            ecep:syllab="2"
            ecep:pron="ˈfrenʃɪp">friendship</w>
         <pc xml:id="prc90-067030"
             n="prc90/0045-a-0670"
             ecep:lem=","
             ecep:pos=","
             ecep:reg=","
             ecep:spe=",">,</pc>
         <c> </c>
         <w xml:id="prc90-067040"
            n="prc90/0045-a-0680"
            ecep:lem="love"
            ecep:pos="n1"
            ecep:reg="love"
            ecep:spe="love"
            ecep:syllab="1"
            ecep:pron="lʌv">love</w>
         <pc xml:id="prc90-067050"
             n="prc90/0045-a-0690"
             ecep:lem=","
             ecep:pos=","
             ecep:reg=","
             ecep:spe=",">,</pc>
         <c> </c>
         <w xml:id="prc90-067060"
            n="prc90/0045-a-0700"
            ecep:lem="and"
            ecep:pos="cc"
            ecep:reg="and"
            ecep:spe="and"
            ecep:syllab="1"
            ecep:pron="ænd">and</w>
         <c> </c>
         <w xml:id="prc90-067070"
            n="prc90/0045-a-0710"
            ecep:lem="truth"
            ecep:pos="n1"
            ecep:reg="truth"
            ecep:spe="truth"
            ecep:syllab="1"
            ecep:pron="truːθ">truth</w>
         <pc xml:id="prc90-067080"
             n="prc90/0045-a-0720"
             ecep:lem=";"
             ecep:pos=";"
             ecep:reg=";"
             ecep:spe=";">;</pc>
      </l>
      <l xml:id="prc90-l01835">
         <c> </c>
         <w xml:id="prc90-067090"
            n="prc90/0045-a-0730"
            ecep:lem="for"
            ecep:pos="p-acp"
            ecep:reg="For"
            ecep:spe="For"
            ecep:syllab="1"
            ecep:pron="fɔː">For</w>
         <c> </c>
         <w xml:id="prc90-067100"
            n="prc90/0045-a-0740"
            ecep:lem="thou"
            ecep:pos="pno21"
            ecep:reg="thee"
            ecep:spe="thee"
            ecep:syllab="1"
            ecep:pron="ðiː">thee</w>
         <c> </c>
         <w xml:id="prc90-067110"
            n="prc90/0045-a-0750"
            ecep:lem="she"
            ecep:pos="pns31"
            ecep:reg="she"
            ecep:spe="she"
            ecep:syllab="1"
            ecep:pron="ʃiː">she</w>
         <c> </c>
         <w xml:id="prc90-067120"
            n="prc90/0045-a-0760"
            ecep:lem="scorn"
            ecep:pos="vvd"
            ecep:reg="scorned"
            ecep:spe="scorn'd"
            ecep:syllab="1"
            ecep:pron="skɔːnd">scorn'd</w>
         <c> </c>
         <w xml:id="prc90-067130"
            n="prc90/0045-a-0770"
            ecep:lem="the"
            ecep:pos="dt"
            ecep:reg="the"
            ecep:spe="the"
            ecep:syllab="1"
            ecep:pron="ðiː">the</w>
         <c> </c>
         <w xml:id="prc90-067140"
            n="prc90/0045-a-0780"
            ecep:lem="world"
            ecep:pos="n1"
            ecep:reg="world"
            ecep:spe="world"
            ecep:syllab="1"
            ecep:pron="wɜːld">world</w>
         <pc xml:id="prc90-067150"
             n="prc90/0045-a-0790"
             ecep:lem=","
             ecep:pos=","
             ecep:reg=","
             ecep:spe=",">,</pc>
         <c> </c>
         <w xml:id="prc90-067160"
            n="prc90/0045-a-0800"
            ecep:lem="and"
            ecep:pos="cc"
            ecep:reg="and"
            ecep:spe="and"
            ecep:syllab="1"
            ecep:pron="ænd">and</w>
         <c> </c>
         <w xml:id="prc90-067170"
            n="prc90/0045-a-0810"
            ecep:lem="slight"
            ecep:pos="j-vvn"
            ecep:reg="slighted"
            ecep:spe="slighted"
            ecep:syllab="2"
            ecep:pron="slaɪtɪd">slighted</w>
         <c> </c>
         <w xml:id="prc90-067180"
            n="prc90/0045-a-0820"
            ecep:lem="heaven"
            ecep:pos="n1"
            ecep:reg="Heaven"
            ecep:spe="Heav'n"
            ecep:syllab="1"
            ecep:pron="ˈhevn">Heav'n</w>
         <pc xml:id="prc90-067190"
             n="prc90/0045-a-0830"
             unit="sentence"
             ecep:lem="."
             ecep:pos="."
             ecep:reg="."
             ecep:spe=".">.</pc>
         <c> </c>
      </l>
   </lg>
   <lg xml:id="prc90-s00385">
      <l xml:id="prc90-l01840">
         <w xml:id="prc90-067220"
            n="prc90/0045-a-0840"
            ecep:lem="Biron"
            ecep:pos="np1"
            ecep:reg="Biron"
            ecep:spe="Biron"
            ecep:syllab="2"
            ecep:pron="bˈaɪən">Biron</w>
         <pc xml:id="prc90-067230"
             n="prc90/0045-a-0850"
             ecep:lem=","
             ecep:pos=","
             ecep:reg=","
             ecep:spe=",">,</pc>
         <c> </c>
         <w xml:id="prc90-067240"
            n="prc90/0045-a-0860"
            ecep:lem="for"
            ecep:pos="p-acp"
            ecep:reg="for"
            ecep:spe="for"
            ecep:syllab="1"
            ecep:pron="fɔː">for</w>
         <c> </c>
         <w xml:id="prc90-067250"
            n="prc90/0045-a-0870"
            ecep:lem="thou"
            ecep:pos="pno21"
            ecep:reg="thee"
            ecep:spe="thee"
            ecep:syllab="1"
            ecep:pron="ðiː">thee</w>
         <c> </c>
         <w xml:id="prc90-067260"
            n="prc90/0045-a-0880"
            ecep:lem="she"
            ecep:pos="pns31"
            ecep:reg="she"
            ecep:spe="she"
            ecep:syllab="1"
            ecep:pron="ʃiː">she</w>
         <c> </c>
         <w xml:id="prc90-067270"
            n="prc90/0045-a-0890"
            ecep:lem="pine"
            ecep:pos="vvd"
            ecep:reg="pined"
            ecep:spe="pin'd"
            ecep:syllab="1"
            ecep:pron="paɪnd">pin'd</w>
         <c> </c>
         <w xml:id="prc90-067280"
            n="prc90/0045-a-0900"
            ecep:lem="the"
            ecep:pos="dt"
            ecep:reg="the"
            ecep:spe="the"
            ecep:syllab="1"
            ecep:pron="ðiː">the</w>
         <c> </c>
         <w xml:id="prc90-067290"
            n="prc90/0045-a-0910"
            ecep:lem="summer"
            ecep:pos="n1"
            ecep:reg="summer"
            ecep:spe="summer"
            ecep:syllab="2"
            ecep:pron="ˈsʌmə">summer</w>
         <c> </c>
         <w xml:id="prc90-067300"
            n="prc90/0045-a-0920"
            ecep:lem="day"
            ecep:pos="n1"
            ecep:reg="day"
            ecep:spe="day"
            ecep:syllab="1"
            ecep:pron="deɪ">day</w>
         <pc xml:id="prc90-067310"
             n="prc90/0045-a-0930"
             ecep:lem=","
             ecep:pos=","
             ecep:reg=","
             ecep:spe=",">,</pc>
      </l>
      <l xml:id="prc90-l01845">
         <c> </c>
         <w xml:id="prc90-067320"
            n="prc90/0045-a-0940"
            ecep:lem="by"
            ecep:pos="p-acp"
            ecep:reg="By"
            ecep:spe="By"
            ecep:syllab="1"
            ecep:pron="baɪ">By</w>
         <c> </c>
         <w xml:id="prc90-067330"
            n="prc90/0045-a-0950"
            ecep:lem="Phoebus"
            ecep:pos="np1"
            ecep:reg="Phoebus"
            ecep:spe="Phoebus"
            ecep:syllab="2"
            ecep:pron="ˈfiːbəs">Phoebus</w>
         <pc xml:id="prc90-067340"
             n="prc90/0045-a-0960"
             ecep:lem="'"
             ecep:pos="'"
             ecep:reg="'"
             ecep:spe="'">'</pc>
         <c> </c>
         <w xml:id="prc90-067350"
            n="prc90/0045-a-0970"
            ecep:lem="ray"
            ecep:pos="n1"
            ecep:reg="ray"
            ecep:spe="ray"
            ecep:syllab="1"
            ecep:pron="reɪ">ray</w>
         <pc xml:id="prc90-067360"
             n="prc90/0045-a-0980"
             ecep:lem=","
             ecep:pos=","
             ecep:reg=","
             ecep:spe=",">,</pc>
         <c> </c>
         <w xml:id="prc90-067370"
            n="prc90/0045-a-0990"
            ecep:lem="or"
            ecep:pos="cc"
            ecep:reg="or"
            ecep:spe="or"
            ecep:syllab="1"
            ecep:pron="ɔː">or</w>
         <c> </c>
         <w xml:id="prc90-067380"
            n="prc90/0045-a-1000"
            ecep:lem="luna"
            ecep:pos="fw-la"
            ecep:reg="Luna's"
            ecep:spe="Luna's"
            ecep:syllab="2"
            ecep:pron="ˈluːnəz">Luna's</w>
         <c> </c>
         <w xml:id="prc90-067390"
            n="prc90/0045-a-1010"
            ecep:lem="mild"
            ecep:pos="jc"
            ecep:reg="milder"
            ecep:spe="milder"
            ecep:syllab="2"
            ecep:pron="maɪldə">milder</w>
         <c> </c>
         <w xml:id="prc90-067400"
            n="prc90/0045-a-1020"
            ecep:lem="beam"
            ecep:pos="n1"
            ecep:reg="beam"
            ecep:spe="beam"
            ecep:syllab="1"
            ecep:pron="biːm">beam</w>
         <pc xml:id="prc90-067410"
             n="prc90/0045-a-1030"
             ecep:lem=";"
             ecep:pos=";"
             ecep:reg=";"
             ecep:spe=";">;</pc>
      </l>
      <l xml:id="prc90-l01850">
         <c> </c>
         <w xml:id="prc90-067420"
            n="prc90/0045-a-1040"
            ecep:lem="nor"
            ecep:pos="ccx"
            ecep:reg="Nor"
            ecep:spe="Nor"
            ecep:syllab="1"
            ecep:pron="nɔː">Nor</w>
         <c> </c>
         <w xml:id="prc90-067430"
            n="prc90/0045-a-1050"
            ecep:lem="can"
            ecep:pos="vmd"
            ecep:reg="could"
            ecep:spe="could"
            ecep:syllab="1"
            ecep:pron="kʊd">could</w>
         <c> </c>
         <w xml:id="prc90-067440"
            n="prc90/0045-a-1060"
            ecep:lem="forget"
            ecep:pos="vvi"
            ecep:reg="forget"
            ecep:spe="forget"
            ecep:syllab="2"
            ecep:pron="fəˈget">forget</w>
         <c> </c>
         <w xml:id="prc90-067450"
            n="prc90/0045-a-1070"
            ecep:lem="the"
            ecep:pos="dt"
            ecep:reg="the"
            ecep:spe="the"
            ecep:syllab="1"
            ecep:pron="ðiː">the</w>
         <c> </c>
         <w xml:id="prc90-067460"
            n="prc90/0045-a-1080"
            ecep:lem="fatal"
            ecep:pos="j"
            ecep:reg="fatal"
            ecep:spe="fatal"
            ecep:syllab="2"
            ecep:pron="ˈfeɪtl">fatal</w>
         <c> </c>
         <w xml:id="prc90-067470"
            n="prc90/0045-a-1090"
            ecep:lem="nine"
            ecep:pos="ord"
            ecep:reg="ninth"
            ecep:spe="ninth"
            ecep:syllab="1"
            ecep:pron="naɪnθ">ninth</w>
         <c> </c>
         <w xml:id="prc90-067480"
            n="prc90/0045-a-1100"
            ecep:lem="of"
            ecep:pos="pp-f"
            ecep:reg="of"
            ecep:spe="of"
            ecep:syllab="1"
            ecep:pron="ɒv">of</w>
         <c> </c>
         <w xml:id="prc90-067490"
            n="prc90/0045-a-1110"
            ecep:lem="may"
            ecep:pos="vmb"
            ecep:reg="May"
            ecep:spe="May"
            ecep:syllab="1"
            ecep:pron="meɪ">May</w>
         <pc xml:id="prc90-067500"
             n="prc90/0045-a-1120"
             ecep:lem=","
             ecep:pos=","
             ecep:reg=","
             ecep:spe=",">,</pc>
      </l>
      <l xml:id="prc90-l01855">
         <c> </c>
         <w xml:id="prc90-067510"
            n="prc90/0045-a-1130"
            ecep:lem="till"
            ecep:pos="c-acp"
            ecep:reg="Till"
            ecep:spe="Till"
            ecep:syllab="1"
            ecep:pron="tɪl">Till</w>
         <pc xml:id="prc90-067520"
             n="prc90/0045-a-1140"
             ecep:lem=","
             ecep:pos=","
             ecep:reg=","
             ecep:spe=",">,</pc>
         <c> </c>
         <w xml:id="prc90-067530"
            n="prc90/0045-a-1150"
            ecep:lem="lead"
            ecep:pos="vvd"
            ecep:reg="led"
            ecep:spe="led"
            ecep:syllab="1"
            ecep:pron="led">led</w>
         <c> </c>
         <w xml:id="prc90-067540"
            n="prc90/0045-a-1160"
            ecep:lem="by"
            ecep:pos="p-acp"
            ecep:reg="by"
            ecep:spe="by"
            ecep:syllab="1"
            ecep:pron="baɪ">by</w>
         <c> </c>
         <w xml:id="prc90-067550"
            n="prc90/0045-a-1170"
            ecep:lem="death"
            ecep:pos="n1"
            ecep:reg="Death"
            ecep:spe="Death"
            ecep:syllab="1"
            ecep:pron="deθ">Death</w>
         <pc xml:id="prc90-067560"
             n="prc90/0045-a-1180"
             ecep:lem=","
             ecep:pos=","
             ecep:reg=","
             ecep:spe=",">,</pc>
         <c> </c>
         <w xml:id="prc90-067570"
            n="prc90/0045-a-1190"
            ecep:lem="she"
            ecep:pos="pns31"
            ecep:reg="she"
            ecep:spe="she"
            ecep:syllab="1"
            ecep:pron="ʃiː">she</w>
         <c> </c>
         <w xml:id="prc90-067580"
            n="prc90/0045-a-1200"
            ecep:lem="taste"
            ecep:pos="vvd"
            ecep:reg="tasted"
            ecep:spe="tasted"
            ecep:syllab="2"
            ecep:pron="teɪstɪd">tasted</w>
         <c> </c>
         <w xml:id="prc90-067590"
            n="prc90/0045-a-1210"
            ecep:lem="lethe"
            ecep:pos="npg1"
            ecep:reg="Lethe's"
            ecep:spe="Lethe's"
            ecep:syllab="2"
            ecep:pron="ˈliːθiz">Lethe's</w>
         <c> </c>
         <w xml:id="prc90-067600"
            n="prc90/0045-a-1220"
            ecep:lem="stream"
            ecep:pos="n1"
            ecep:reg="stream"
            ecep:spe="stream"
            ecep:syllab="1"
            ecep:pron="striːm">stream</w>
         <pc xml:id="prc90-067610"
             n="prc90/0045-a-1230"
             unit="sentence"
             ecep:lem="."
             ecep:pos="."
             ecep:reg="."
             ecep:spe=".">.</pc>
         <c> </c>
      </l>
   </lg>
   <lg xml:id="prc90-s00390">
      <l xml:id="prc90-l01860">
         <w xml:id="prc90-067640"
            n="prc90/0045-a-1240"
            ecep:lem="Biron"
            ecep:pos="np1"
            ecep:reg="Biron"
            ecep:spe="Biron"
            ecep:syllab="2"
            ecep:pron="bˈaɪən">Biron</w>
         <pc xml:id="prc90-067650"
             n="prc90/0045-a-1250"
             ecep:lem=","
             ecep:pos=","
             ecep:reg=","
             ecep:spe=",">,</pc>
         <c> </c>
         <w xml:id="prc90-067660"
            n="prc90/0045-a-1260"
            ecep:lem="for"
            ecep:pos="p-acp"
            ecep:reg="for"
            ecep:spe="for"
            ecep:syllab="1"
            ecep:pron="fɔː">for</w>
         <c> </c>
         <w xml:id="prc90-067670"
            n="prc90/0045-a-1270"
            ecep:lem="thou"
            ecep:pos="pno21"
            ecep:reg="thee"
            ecep:spe="thee"
            ecep:syllab="1"
            ecep:pron="ðiː">thee</w>
         <c> </c>
         <pc xml:id="prc90-067680"
             n="prc90/0045-a-1280"
             ecep:lem="—"
             ecep:pos="—"
             ecep:reg="—"
             ecep:spe="—">—</pc>
         <c> </c>
         <w xml:id="prc90-067690"
            n="prc90/0045-a-1290"
            ecep:lem="but"
            ecep:pos="cc-acp"
            ecep:reg="but"
            ecep:spe="but"
            ecep:syllab="1"
            ecep:pron="bʌt">but</w>
         <c> </c>
         <w xml:id="prc90-067700"
            n="prc90/0045-a-1300"
            ecep:lem="ah"
            ecep:pos="uh"
            ecep:reg="ah"
            ecep:spe="ah"
            ecep:syllab="1"
            ecep:pron="ɑː">ah</w>
         <pc xml:id="prc90-067710"
             n="prc90/0045-a-1310"
             unit="sentence"
             ecep:lem="!"
             ecep:pos="!"
             ecep:reg="!"
             ecep:spe="!">!</pc>
         <c> </c>
         <w xml:id="prc90-067720"
            n="prc90/0045-a-1320"
            ecep:lem="i|will"
            ecep:pos="pns11|vmb"
            ecep:reg="I'll"
            ecep:spe="I'll"
            ecep:syllab="1"
            ecep:pron="ˈaɪl">I'll</w>
         <c> </c>
         <w xml:id="prc90-067730"
            n="prc90/0045-a-1330"
            ecep:lem="stop"
            ecep:pos="vvi"
            ecep:reg="stop"
            ecep:spe="stop"
            ecep:syllab="1"
            ecep:pron="stɒp">stop</w>
         <c> </c>
         <w xml:id="prc90-067740"
            n="prc90/0045-a-1340"
            ecep:lem="in"
            ecep:pos="p-acp"
            ecep:reg="in"
            ecep:spe="in"
            ecep:syllab="1"
            ecep:pron="ɪn">in</w>
         <c> </c>
         <w xml:id="prc90-067750"
            n="prc90/0045-a-1350"
            ecep:lem="time"
            ecep:pos="n1"
            ecep:reg="time"
            ecep:spe="time"
            ecep:syllab="1"
            ecep:pron="taɪm">time</w>
         <pc xml:id="prc90-067760"
             n="prc90/0045-a-1360"
             ecep:lem=";"
             ecep:pos=";"
             ecep:reg=";"
             ecep:spe=";">;</pc>
      </l>
      <l xml:id="prc90-l01865">
         <c> </c>
         <w xml:id="prc90-067770"
            n="prc90/0045-a-1370"
            ecep:lem="around"
            ecep:pos="a-acp"
            ecep:reg="Around"
            ecep:spe="Around"
            ecep:syllab="2"
            ecep:pron="əˈraʊnd">Around</w>
         <c> </c>
         <w xml:id="prc90-067780"
            n="prc90/0045-a-1380"
            ecep:lem="her"
            ecep:pos="po31"
            ecep:reg="her"
            ecep:spe="her"
            ecep:syllab="1"
            ecep:pron="hɜː">her</w>
         <c> </c>
         <w xml:id="prc90-067790"
            n="prc90/0045-a-1390"
            ecep:lem="grave"
            ecep:pos="n1"
            ecep:reg="grave"
            ecep:spe="grave"
            ecep:syllab="1"
            ecep:pron="grɑːv">grave</w>
         <c> </c>
         <w xml:id="prc90-067800"
            n="prc90/0045-a-1400"
            ecep:lem="i"
            ecep:pos="pns11"
            ecep:reg="I"
            ecep:spe="I"
            ecep:syllab="1"
            ecep:pron="aɪ">I</w>
         <c> </c>
         <w xml:id="prc90-067810"
            n="prc90/0045-a-1410"
            ecep:lem="see"
            ecep:pos="vvd"
            ecep:reg="saw"
            ecep:spe="saw"
            ecep:syllab="1"
            ecep:pron="sɔː">saw</w>
         <c> </c>
         <w xml:id="prc90-067820"
            n="prc90/0045-a-1420"
            ecep:lem="fierce"
            ecep:pos="j"
            ecep:reg="fierce"
            ecep:spe="fierce"
            ecep:syllab="1"
            ecep:pron="fɪəs">fierce</w>
         <c> </c>
         <w xml:id="prc90-067830"
            n="prc90/0045-a-1430"
            ecep:lem="lightning"
            ecep:pos="n2"
            ecep:reg="lightnings"
            ecep:spe="lightnings"
            ecep:syllab="2"
            ecep:pron="ˈlaɪtnɪŋz">lightnings</w>
         <c> </c>
         <w xml:id="prc90-067840"
            n="prc90/0045-a-1440"
            ecep:lem="dart"
            ecep:pos="vvi"
            ecep:reg="dart"
            ecep:spe="dart"
            ecep:syllab="1"
            ecep:pron="dɑːt">dart</w>
         <pc xml:id="prc90-067850"
             n="prc90/0045-a-1450"
             ecep:lem=";"
             ecep:pos=";"
             ecep:reg=";"
             ecep:spe=";">;</pc>
      </l>
      <l xml:id="prc90-l01870">
         <c> </c>
         <w xml:id="prc90-067860"
            n="prc90/0045-a-1460"
            ecep:lem="there"
            ecep:pos="pc-acp"
            ecep:reg="There"
            ecep:spe="There"
            ecep:syllab="1"
            ecep:pron="ðeə">There</w>
         <c> </c>
         <w xml:id="prc90-067870"
            n="prc90/0045-a-1470"
            ecep:lem="sleep"
            ecep:pos="vvz"
            ecep:reg="sleeps"
            ecep:spe="sleeps"
            ecep:syllab="1"
            ecep:pron="sliːps">sleeps</w>
         <c> </c>
         <w xml:id="prc90-067880"
            n="prc90/0045-a-1480"
            ecep:lem="her"
            ecep:pos="po31"
            ecep:reg="her"
            ecep:spe="her"
            ecep:syllab="1"
            ecep:pron="hɜː">her</w>
         <c> </c>
         <w xml:id="prc90-067890"
            n="prc90/0045-a-1490"
            ecep:lem="muse"
            ecep:pos="n1"
            ecep:reg="muse"
            ecep:spe="muse"
            ecep:syllab="1"
            ecep:pron="mjuːz">muse</w>
         <pc xml:id="prc90-067900"
             n="prc90/0045-a-1500"
             ecep:lem=","
             ecep:pos=","
             ecep:reg=","
             ecep:spe=",">,</pc>
         <c> </c>
         <w xml:id="prc90-067910"
            n="prc90/0045-a-1510"
            ecep:lem="there"
            ecep:pos="pc-acp"
            ecep:reg="there"
            ecep:spe="there"
            ecep:syllab="1"
            ecep:pron="ðeə">there</w>
         <c> </c>
         <w xml:id="prc90-067920"
            n="prc90/0045-a-1520"
            ecep:lem="rest"
            ecep:pos="vvi"
            ecep:reg="rest"
            ecep:spe="rest"
            ecep:syllab="1"
            ecep:pron="rest">rest</w>
         <c> </c>
         <w xml:id="prc90-067930"
            n="prc90/0045-a-1530"
            ecep:lem="her"
            ecep:pos="po31"
            ecep:reg="her"
            ecep:spe="her"
            ecep:syllab="1"
            ecep:pron="hɜː">her</w>
         <c> </c>
         <w xml:id="prc90-067940"
            n="prc90/0045-a-1540"
            ecep:lem="power"
            ecep:pos="n2"
            ecep:reg="powers"
            ecep:spe="pow'rs"
            ecep:syllab="1"
            ecep:pron="ˈpaʊəz">pow'rs</w>
         <c> </c>
         <w xml:id="prc90-067950"
            n="prc90/0045-a-1550"
            ecep:lem="sublime"
            ecep:pos="j"
            ecep:reg="sublime"
            ecep:spe="sublime"
            ecep:syllab="2"
            ecep:pron="səˈblaɪm">sublime</w>
         <pc xml:id="prc90-067960"
             n="prc90/0045-a-1560"
             ecep:lem=";"
             ecep:pos=";"
             ecep:reg=";"
             ecep:spe=";">;</pc>
      </l>
      <l xml:id="prc90-l01875">
         <c> </c>
         <w xml:id="prc90-067970"
            n="prc90/0045-a-1570"
            ecep:lem="Biron"
            ecep:pos="np1"
            ecep:reg="Biron"
            ecep:spe="Biron"
            ecep:syllab="2"
            ecep:pron="bˈaɪən">Biron</w>
         <pc xml:id="prc90-067980"
             n="prc90/0045-a-1580"
             ecep:lem=","
             ecep:pos=","
             ecep:reg=","
             ecep:spe=",">,</pc>
         <c> </c>
         <w xml:id="prc90-067990"
            n="prc90/0045-a-1590"
            ecep:lem="for"
            ecep:pos="p-acp"
            ecep:reg="for"
            ecep:spe="for"
            ecep:syllab="1"
            ecep:pron="fɔː">for</w>
         <c> </c>
         <w xml:id="prc90-068000"
            n="prc90/0045-a-1600"
            ecep:lem="thou"
            ecep:pos="pno21"
            ecep:reg="thee"
            ecep:spe="thee"
            ecep:syllab="1"
            ecep:pron="ðiː">thee</w>
         <c> </c>
         <w xml:id="prc90-068010"
            n="prc90/0045-a-1610"
            ecep:lem="Louisa"
            ecep:pos="np1"
            ecep:reg="Louisa"
            ecep:spe="Louisa"
            ecep:syllab="3"
            ecep:pron="luˈiːzə">Louisa</w>
         <c> </c>
         <w xml:id="prc90-068020"
            n="prc90/0045-a-1620"
            ecep:lem="break"
            ecep:pos="vvd"
            ecep:reg="broke"
            ecep:spe="broke"
            ecep:syllab="1"
            ecep:pron="brəʊk">broke</w>
         <c> </c>
         <w xml:id="prc90-068030"
            n="prc90/0045-a-1630"
            ecep:lem="her"
            ecep:pos="po31"
            ecep:reg="her"
            ecep:spe="her"
            ecep:syllab="1"
            ecep:pron="hɜː">her</w>
         <c> </c>
         <w xml:id="prc90-068040"
            n="prc90/0045-a-1640"
            ecep:lem="heart"
            ecep:pos="n1"
            ecep:reg="heart"
            ecep:spe="heart"
            ecep:syllab="1"
            ecep:pron="hɑːt">heart</w>
         <pc xml:id="prc90-068050"
             n="prc90/0045-a-1650"
             unit="sentence"
             ecep:lem="!"
             ecep:pos="!"
             ecep:reg="!"
             ecep:spe="!">!</pc>
         <c> </c>
      </l>
   </lg>
</div>
