<?xml version="1.0" encoding="UTF-8"?>
<?xml-model href="../tei_all.rnc" type="application/relax-ng-compact-syntax"?>
<TEI xmlns="http://www.tei-c.org/ns/1.0">
   <teiHeader>
      <fileDesc>
         <titleStmt>
            <title corresp="#txt_HuntAn1741_w0018">LAURA.</title>
            <author corresp="authors.xml#aut_HuntAn1741">Anne Hunter (née Home)</author>
            <respStmt>
               <name xml:id="AH">Alexander Huber</name>
               <resp>Editor</resp>
            </respStmt>
            <funder>
               <name type="institution" xml:id="BOD">Bodleian Libraries, University of Oxford</name>
               <address>
                  <addrLine>Broad Street</addrLine>
                  <addrLine>Oxford OX1 3BG</addrLine>
                  <addrLine>UK</addrLine>
               </address>
            </funder>
         </titleStmt>
         <publicationStmt>
            <publisher xml:id="ECPA">Eighteenth-Century Poetry Archive</publisher>
            <address>
               <addrLine>Taylor Institution Library</addrLine>
               <addrLine>St Giles'</addrLine>
               <addrLine>Oxford OX1 3NA</addrLine>
               <addrLine>UK</addrLine>
               <addrLine>
                  <email>info@eighteenthcenturypoetry.org</email>
               </addrLine>
               <addrLine>
                  <ref target="https://www.eighteenthcenturypoetry.org/">https://www.eighteenthcenturypoetry.org/</ref>
               </addrLine>
            </address>
            <pubPlace>Oxford</pubPlace>
            <availability status="restricted">
               <licence target="http://creativecommons.org/licenses/by-sa/3.0/">This work is licensed under a Creative Commons Attribution-ShareAlike 3.0 Unported License.</licence>
            </availability>
         </publicationStmt>
         <sourceDesc>
            <bibl>
               <author>Hunter, Anne Home (Mrs. John), 1742-1821.</author>
               <title>Poems, by Mrs. John Hunter.</title>
               <pubPlace>London</pubPlace>
               <publisher>Printed for T. Payne, Mews Gate, by T. Bensley, Bolt Court, Fleet Street</publisher>
               <date>1802</date>
               <biblScope>p. 63.</biblScope>
               <extent/>
            </bibl>
         </sourceDesc>
      </fileDesc>
      <encodingDesc>
         <projectDesc>
            <p>This e-text is part of the Works section of the Eighteenth-Century Poetry Archive (ECPA).</p>
            <p>XML created for the Eighteenth-Century Poetry Archive (ECPA).</p>
         </projectDesc>
         <editorialDecl>
            <p>Typography, spelling, capitalization, and punctuation have been cautiously modernized. The source of the text is given and all significant
						editorial interventions have been recorded in textual notes. This  text has been edited to conform to the recommendations found 
						in Level 5 of the
						Best Practices for TEI in Libraries version 4.0.0.
					</p>
         </editorialDecl>
         <classDecl>
            <taxonomy xml:id="LCNAF">
               <bibl>Library of Congress Name Authority File (<abbr>LCNAF</abbr>)</bibl>
            </taxonomy>
         </classDecl>
         <tagsDecl>
            <rendition n="linegroups indented" xml:id="lgindent" scheme="css">text-indent: 1em;</rendition>
            <rendition n="linegroups vertically spaced" xml:id="lgvspace" scheme="css">margin-bottom: 1em;</rendition>
            <rendition n="aligned centrally" xml:id="align-center" scheme="css">text-align: center;</rendition>
            <rendition n="aligned right" xml:id="align-right" scheme="css">text-align: right;</rendition>
            <rendition n="aligned left" xml:id="align-left" scheme="css">text-align: left;</rendition>
            <rendition n="inline" xml:id="inline" scheme="css">display: inline</rendition>
            <rendition n="italic" xml:id="i" scheme="css">font-style: italic;</rendition>
            <rendition n="bold" xml:id="b" scheme="css">font-weight: bold;</rendition>
         </tagsDecl>
      </encodingDesc>
   </teiHeader>
   <text>
      <body>
         <div xmlns:ecep="http://www.eighteenthcenturypoetry.org/ns"
              xmlns:tei="http://www.tei-c.org/ns/1.0"
              ana="#iamb #pentameter #hexameter #pair #quatrain #ode"
              corresp="#txt_HuntAn1741_w0018"
              decls="#semi-normalized"
              ecep:syllab="10.10.10.12"
              met="-+|-+|-+|-+|-+/ -+|-+|-+|-+|-+/ -+|-+|-+|-+|-+/ -+|-+|-+|-+|-+|-+/"
              rendition="#lgvspace"
              rhyme="aabb"
              subtype="eceptext"
              type="poem"
              xml:id="bah18-w0180">
            <link target="authors.xml#aut_HuntAn1741" type="author"/>
            <head type="main">
               <w xml:id="bah18-087020"
                  n="a-0010"
                  ecep:lem="Laura"
                  ecep:pos="np1"
                  ecep:reg="LAURA"
                  ecep:spe="LAURA"
                  ecep:syllab="2"
                  ecep:pron="ˈlɔːrə">LAURA</w>
               <pc xml:id="bah18-087030"
                   n="a-0020"
                   unit="sentence"
                   ecep:lem="."
                   ecep:pos="."
                   ecep:reg="."
                   ecep:spe=".">.</pc>
            </head>
            <lg xml:id="bah18-s00575">
               <l xml:id="bah18-l03825">
                  <w xml:id="bah18-087060"
                     n="a-0030"
                     ecep:lem="o"
                     ecep:pos="uh"
                     ecep:reg="OH"
                     ecep:spe="O"
                     ecep:syllab="1"
                     ecep:pron="əʊ">O</w>
                  <c> </c>
                  <w xml:id="bah18-087070"
                     n="a-0040"
                     ecep:lem="power"
                     ecep:pos="n1"
                     ecep:reg="Power"
                     ecep:spe="Power"
                     ecep:syllab="1"
                     ecep:pron="ˈpaʊə">Power</w>
                  <c> </c>
                  <w xml:id="bah18-087080"
                     n="a-0050"
                     ecep:lem="of"
                     ecep:pos="pp-f"
                     ecep:reg="of"
                     ecep:spe="of"
                     ecep:syllab="1"
                     ecep:pron="ɒv">of</w>
                  <c> </c>
                  <w xml:id="bah18-087090"
                     n="a-0060"
                     ecep:lem="fancy"
                     ecep:pos="n1"
                     ecep:reg="fancy"
                     ecep:spe="fancy"
                     ecep:syllab="2"
                     ecep:pron="ˈfænsi">fancy</w>
                  <pc xml:id="bah18-087100"
                      n="a-0070"
                      ecep:lem=","
                      ecep:pos=","
                      ecep:reg=","
                      ecep:spe=",">,</pc>
                  <c> </c>
                  <w xml:id="bah18-087110"
                     n="a-0080"
                     ecep:lem="from"
                     ecep:pos="p-acp"
                     ecep:reg="from"
                     ecep:spe="from"
                     ecep:syllab="1"
                     ecep:pron="frɒm">from</w>
                  <c> </c>
                  <w xml:id="bah18-087120"
                     n="a-0090"
                     ecep:lem="thy"
                     ecep:pos="po21"
                     ecep:reg="thy"
                     ecep:spe="thy"
                     ecep:syllab="1"
                     ecep:pron="ðaɪ">thy</w>
                  <c> </c>
                  <w xml:id="bah18-087130"
                     n="a-0100"
                     ecep:lem="treasure"
                     ecep:pos="j-vvn"
                     ecep:reg="treasured"
                     ecep:spe="treasur'd"
                     ecep:syllab="2"
                     ecep:pron="ˈtreʒəd">treasur'd</w>
                  <c> </c>
                  <w xml:id="bah18-087140"
                     n="a-0110"
                     ecep:lem="store"
                     ecep:pos="n1"
                     ecep:reg="store"
                     ecep:spe="store"
                     ecep:syllab="1"
                     ecep:pron="stɔː">store</w>
               </l>
               <l xml:id="bah18-l03830">
                  <c> </c>
                  <w xml:id="bah18-087150"
                     n="a-0120"
                     ecep:lem="of"
                     ecep:pos="pp-f"
                     ecep:reg="Of"
                     ecep:spe="Of"
                     ecep:syllab="1"
                     ecep:pron="ɒv">Of</w>
                  <c> </c>
                  <w xml:id="bah18-087160"
                     n="a-0130"
                     ecep:lem="past"
                     ecep:pos="j"
                     ecep:reg="past"
                     ecep:spe="past"
                     ecep:syllab="1"
                     ecep:pron="pɑːst">past</w>
                  <c> </c>
                  <w xml:id="bah18-087170"
                     n="a-0140"
                     ecep:lem="delight"
                     ecep:pos="n2"
                     ecep:reg="delights"
                     ecep:spe="delights"
                     ecep:syllab="2"
                     ecep:pron="dɪˈlaɪts">delights</w>
                  <pc xml:id="bah18-087180"
                      n="a-0150"
                      ecep:lem=","
                      ecep:pos=","
                      ecep:reg=","
                      ecep:spe=",">,</pc>
                  <c> </c>
                  <w xml:id="bah18-087190"
                     n="a-0160"
                     ecep:lem="which"
                     ecep:pos="r-crq"
                     ecep:reg="which"
                     ecep:spe="which"
                     ecep:syllab="1"
                     ecep:pron="wɪtʃ">which</w>
                  <c> </c>
                  <w xml:id="bah18-087200"
                     n="a-0170"
                     ecep:lem="smile"
                     ecep:pos="n1"
                     ecep:reg="smile"
                     ecep:spe="smile"
                     ecep:syllab="1"
                     ecep:pron="smaɪl">smile</w>
                  <c> </c>
                  <w xml:id="bah18-087210"
                     n="a-0180"
                     ecep:lem="on"
                     ecep:pos="p-acp"
                     ecep:reg="on"
                     ecep:spe="on"
                     ecep:syllab="1"
                     ecep:pron="ɒn">on</w>
                  <c> </c>
                  <w xml:id="bah18-087220"
                     n="a-0190"
                     ecep:lem="earth"
                     ecep:pos="n1"
                     ecep:reg="earth"
                     ecep:spe="earth"
                     ecep:syllab="1"
                     ecep:pron="ɜːθ">earth</w>
                  <c> </c>
                  <w xml:id="bah18-087230"
                     n="a-0200"
                     ecep:lem="no"
                     ecep:pos="av-dx"
                     ecep:reg="no"
                     ecep:spe="no"
                     ecep:syllab="1"
                     ecep:pron="nəʊ">no</w>
                  <c> </c>
                  <w xml:id="bah18-087240"
                     n="a-0210"
                     ecep:lem="more"
                     ecep:pos="av-dc"
                     ecep:reg="more"
                     ecep:spe="more"
                     ecep:syllab="1"
                     ecep:pron="mɔː">more</w>
                  <pc xml:id="bah18-087250"
                      n="a-0220"
                      ecep:lem=","
                      ecep:pos=","
                      ecep:reg=","
                      ecep:spe=",">,</pc>
               </l>
               <l xml:id="bah18-l03835">
                  <c> </c>
                  <w xml:id="bah18-087260"
                     n="a-0230"
                     ecep:lem="give"
                     ecep:pos="vvb"
                     ecep:reg="Give"
                     ecep:spe="Give"
                     ecep:syllab="1"
                     ecep:pron="gɪv">Give</w>
                  <c> </c>
                  <w xml:id="bah18-087270"
                     n="a-0240"
                     ecep:lem="to"
                     ecep:pos="p-acp"
                     ecep:reg="to"
                     ecep:spe="to"
                     ecep:syllab="1"
                     ecep:pron="tuː">to</w>
                  <c> </c>
                  <w xml:id="bah18-087280"
                     n="a-0250"
                     ecep:lem="my"
                     ecep:pos="po11"
                     ecep:reg="my"
                     ecep:spe="my"
                     ecep:syllab="1"
                     ecep:pron="maɪ">my</w>
                  <c> </c>
                  <w xml:id="bah18-087290"
                     n="a-0260"
                     ecep:lem="ache"
                     ecep:pos="j-vvg"
                     ecep:reg="aching"
                     ecep:spe="aching"
                     ecep:syllab="2"
                     ecep:pron="eɪkɪŋ">aching</w>
                  <c> </c>
                  <w xml:id="bah18-087300"
                     n="a-0270"
                     ecep:lem="heart"
                     ecep:pos="n1"
                     ecep:reg="heart"
                     ecep:spe="heart"
                     ecep:syllab="1"
                     ecep:pron="hɑːt">heart</w>
                  <c> </c>
                  <w xml:id="bah18-087310"
                     n="a-0280"
                     ecep:lem="the"
                     ecep:pos="dt"
                     ecep:reg="the"
                     ecep:spe="the"
                     ecep:syllab="1"
                     ecep:pron="ðiː">the</w>
                  <c> </c>
                  <w xml:id="bah18-087320"
                     n="a-0290"
                     ecep:lem="hour"
                     ecep:pos="n1"
                     ecep:reg="hour"
                     ecep:spe="hour"
                     ecep:syllab="1"
                     ecep:pron="æə">hour</w>
                  <c> </c>
                  <w xml:id="bah18-087330"
                     n="a-0300"
                     ecep:lem="again"
                     ecep:pos="av"
                     ecep:reg="again"
                     ecep:spe="again"
                     ecep:syllab="2"
                     ecep:pron="əˈgen">again</w>
                  <pc xml:id="bah18-087340"
                      n="a-0310"
                      ecep:lem=","
                      ecep:pos=","
                      ecep:reg=","
                      ecep:spe=",">,</pc>
               </l>
               <l xml:id="bah18-l03840">
                  <c> </c>
                  <w xml:id="bah18-087350"
                     n="a-0320"
                     ecep:lem="when"
                     ecep:pos="c-crq"
                     ecep:reg="When"
                     ecep:spe="When"
                     ecep:syllab="1"
                     ecep:pron="wen">When</w>
                  <c> </c>
                  <w xml:id="bah18-087360"
                     n="a-0330"
                     ecep:lem="first"
                     ecep:pos="ord"
                     ecep:reg="first"
                     ecep:spe="first"
                     ecep:syllab="1"
                     ecep:pron="ˈfɜːst">first</w>
                  <c> </c>
                  <w xml:id="bah18-087370"
                     n="a-0340"
                     ecep:lem="it"
                     ecep:pos="pn31"
                     ecep:reg="it"
                     ecep:spe="it"
                     ecep:syllab="1"
                     ecep:pron="ɪt">it</w>
                  <c> </c>
                  <w xml:id="bah18-087380"
                     n="a-0350"
                     ecep:lem="learn"
                     ecep:pos="vvd"
                     ecep:reg="learnt"
                     ecep:spe="learnt"
                     ecep:syllab="1"
                     ecep:pron="lɜːnt">learnt</w>
                  <c> </c>
                  <w xml:id="bah18-087390"
                     n="a-0360"
                     ecep:lem="to"
                     ecep:pos="pc-acp"
                     ecep:reg="to"
                     ecep:spe="to"
                     ecep:syllab="1"
                     ecep:pron="tuː">to</w>
                  <c> </c>
                  <w xml:id="bah18-087400"
                     n="a-0370"
                     ecep:lem="beat"
                     ecep:pos="vvi"
                     ecep:reg="beat"
                     ecep:spe="beat"
                     ecep:syllab="1"
                     ecep:pron="biːt">beat</w>
                  <c> </c>
                  <w xml:id="bah18-087410"
                     n="a-0380"
                     ecep:lem="with"
                     ecep:pos="p-acp"
                     ecep:reg="with"
                     ecep:spe="with"
                     ecep:syllab="1"
                     ecep:pron="wɪð">with</w>
                  <c> </c>
                  <w xml:id="bah18-087420"
                     n="a-0390"
                     ecep:lem="sweet"
                     ecep:pos="j"
                     ecep:reg="sweet"
                     ecep:spe="sweet"
                     ecep:syllab="1"
                     ecep:pron="swiːt">sweet</w>
                  <c> </c>
                  <w xml:id="bah18-087430"
                     n="a-0400"
                     ecep:lem="impassion"
                     ecep:pos="j-vvn"
                     ecep:reg="impassioned"
                     ecep:spe="impassion'd"
                     ecep:syllab="3"
                     ecep:pron="ɪmˈpæʃnd">impassion'd</w>
                  <c> </c>
                  <w xml:id="bah18-087440"
                     n="a-0410"
                     ecep:lem="pain"
                     ecep:pos="n1"
                     ecep:reg="pain"
                     ecep:spe="pain"
                     ecep:syllab="1"
                     ecep:pron="peɪn">pain</w>
                  <pc xml:id="bah18-087450"
                      n="a-0420"
                      unit="sentence"
                      ecep:lem="."
                      ecep:pos="."
                      ecep:reg="."
                      ecep:spe=".">.</pc>
                  <c> </c>
               </l>
            </lg>
            <lg xml:id="bah18-s00580">
               <l xml:id="bah18-l03845">
                  <w xml:id="bah18-087480"
                     n="a-0430"
                     ecep:lem="all"
                     ecep:pos="av-d"
                     ecep:reg="All"
                     ecep:spe="All"
                     ecep:syllab="1"
                     ecep:pron="ɔːl">All</w>
                  <c> </c>
                  <w xml:id="bah18-087490"
                     n="a-0440"
                     ecep:lem="else"
                     ecep:pos="av"
                     ecep:reg="else"
                     ecep:spe="else"
                     ecep:syllab="1"
                     ecep:pron="els">else</w>
                  <c> </c>
                  <w xml:id="bah18-087500"
                     n="a-0450"
                     ecep:lem="seem"
                     ecep:pos="vvz"
                     ecep:reg="seems"
                     ecep:spe="seems"
                     ecep:syllab="1"
                     ecep:pron="siːmz">seems</w>
                  <c> </c>
                  <w xml:id="bah18-087510"
                     n="a-0460"
                     ecep:lem="tasteless"
                     ecep:pos="j"
                     ecep:reg="tasteless"
                     ecep:spe="tasteless"
                     ecep:syllab="2"
                     ecep:pron="ˈteɪsləs">tasteless</w>
                  <pc xml:id="bah18-087520"
                      n="a-0470"
                      ecep:lem=","
                      ecep:pos=","
                      ecep:reg=","
                      ecep:spe=",">,</pc>
                  <c> </c>
                  <w xml:id="bah18-087530"
                     n="a-0480"
                     ecep:lem="vain"
                     ecep:pos="j"
                     ecep:reg="vain"
                     ecep:spe="vain"
                     ecep:syllab="1"
                     ecep:pron="veɪn">vain</w>
                  <pc xml:id="bah18-087540"
                      n="a-0490"
                      ecep:lem=","
                      ecep:pos=","
                      ecep:reg=","
                      ecep:spe=",">,</pc>
                  <c> </c>
                  <w xml:id="bah18-087550"
                     n="a-0500"
                     ecep:lem="and"
                     ecep:pos="cc"
                     ecep:reg="and"
                     ecep:spe="and"
                     ecep:syllab="1"
                     ecep:pron="ænd">and</w>
                  <c> </c>
                  <w xml:id="bah18-087560"
                     n="a-0510"
                     ecep:lem="lose"
                     ecep:pos="vvn"
                     ecep:reg="lost"
                     ecep:spe="lost"
                     ecep:syllab="1"
                     ecep:pron="lɒst">lost</w>
                  <c> </c>
                  <w xml:id="bah18-087570"
                     n="a-0520"
                     ecep:lem="to"
                     ecep:pos="p-acp"
                     ecep:reg="to"
                     ecep:spe="to"
                     ecep:syllab="1"
                     ecep:pron="tuː">to</w>
                  <c> </c>
                  <w xml:id="bah18-087580"
                     n="a-0530"
                     ecep:lem="i"
                     ecep:pos="pno11"
                     ecep:reg="me"
                     ecep:spe="me"
                     ecep:syllab="1"
                     ecep:pron="miː">me</w>
                  <pc xml:id="bah18-087590"
                      n="a-0540"
                      ecep:lem=","
                      ecep:pos=","
                      ecep:reg=","
                      ecep:spe=",">,</pc>
               </l>
               <l xml:id="bah18-l03850">
                  <c> </c>
                  <w xml:id="bah18-087600"
                     n="a-0550"
                     ecep:lem="but"
                     ecep:pos="cc-acp"
                     ecep:reg="But"
                     ecep:spe="But"
                     ecep:syllab="1"
                     ecep:pron="bʌt">But</w>
                  <c> </c>
                  <w xml:id="bah18-087610"
                     n="a-0560"
                     ecep:lem="those"
                     ecep:pos="d"
                     ecep:reg="those"
                     ecep:spe="those"
                     ecep:syllab="1"
                     ecep:pron="ðəʊz">those</w>
                  <c> </c>
                  <w xml:id="bah18-087620"
                     n="a-0570"
                     ecep:lem="dear"
                     ecep:pos="j-jn"
                     ecep:reg="dear"
                     ecep:spe="dear"
                     ecep:syllab="1"
                     ecep:pron="dɪə">dear</w>
                  <c> </c>
                  <w xml:id="bah18-087630"
                     n="a-0580"
                     ecep:lem="moment"
                     ecep:pos="n2"
                     ecep:reg="moments"
                     ecep:spe="moments"
                     ecep:syllab="2"
                     ecep:pron="ˈməʊmənts">moments</w>
                  <pc xml:id="bah18-087640"
                      n="a-0590"
                      ecep:lem=","
                      ecep:pos=","
                      ecep:reg=","
                      ecep:spe=",">,</pc>
                  <c> </c>
                  <w xml:id="bah18-087650"
                     n="a-0600"
                     ecep:lem="Petrarch"
                     ecep:pos="np1"
                     ecep:reg="Petrarch"
                     ecep:spe="Petrarch"
                     ecep:syllab="2"
                     ecep:pron="ˈpetrɑːk">Petrarch</w>
                  <pc xml:id="bah18-087660"
                      n="a-0610"
                      ecep:lem=","
                      ecep:pos=","
                      ecep:reg=","
                      ecep:spe=",">,</pc>
                  <c> </c>
                  <w xml:id="bah18-087670"
                     n="a-0620"
                     ecep:lem="pass"
                     ecep:pos="vvn"
                     ecep:reg="passed"
                     ecep:spe="pass'd"
                     ecep:syllab="1"
                     ecep:pron="pɑːst">pass'd</w>
                  <c> </c>
                  <w xml:id="bah18-087680"
                     n="a-0630"
                     ecep:lem="with"
                     ecep:pos="p-acp"
                     ecep:reg="with"
                     ecep:spe="with"
                     ecep:syllab="1"
                     ecep:pron="wɪð">with</w>
                  <c> </c>
                  <w xml:id="bah18-087690"
                     n="a-0640"
                     ecep:lem="thou"
                     ecep:pos="pno21"
                     ecep:reg="thee"
                     ecep:spe="thee"
                     ecep:syllab="1"
                     ecep:pron="ðiː">thee</w>
                  <pc xml:id="bah18-087700"
                      n="a-0650"
                      ecep:lem=","
                      ecep:pos=","
                      ecep:reg=","
                      ecep:spe=",">,</pc>
               </l>
               <l xml:id="bah18-l03855">
                  <c> </c>
                  <w xml:id="bah18-087710"
                     n="a-0660"
                     ecep:lem="when"
                     ecep:pos="c-crq"
                     ecep:reg="When"
                     ecep:spe="When"
                     ecep:syllab="1"
                     ecep:pron="wen">When</w>
                  <c> </c>
                  <w xml:id="bah18-087720"
                     n="a-0670"
                     ecep:lem="from"
                     ecep:pos="p-acp"
                     ecep:reg="from"
                     ecep:spe="from"
                     ecep:syllab="1"
                     ecep:pron="frɒm">from</w>
                  <c> </c>
                  <w xml:id="bah18-087730"
                     n="a-0680"
                     ecep:lem="thy"
                     ecep:pos="po21"
                     ecep:reg="thy"
                     ecep:spe="thy"
                     ecep:syllab="1"
                     ecep:pron="ðaɪ">thy</w>
                  <c> </c>
                  <w xml:id="bah18-087740"
                     n="a-0690"
                     ecep:lem="eye"
                     ecep:pos="n2"
                     ecep:reg="eyes"
                     ecep:spe="eyes"
                     ecep:syllab="1"
                     ecep:pron="aɪz">eyes</w>
                  <c> </c>
                  <w xml:id="bah18-087750"
                     n="a-0700"
                     ecep:lem="the"
                     ecep:pos="dt"
                     ecep:reg="the"
                     ecep:spe="the"
                     ecep:syllab="1"
                     ecep:pron="ðiː">the</w>
                  <c> </c>
                  <w xml:id="bah18-087760"
                     n="a-0710"
                     ecep:lem="subtle"
                     ecep:pos="j"
                     ecep:reg="subtle"
                     ecep:spe="subtle"
                     ecep:syllab="2"
                     ecep:pron="ˈsʌtl">subtle</w>
                  <c> </c>
                  <w xml:id="bah18-087770"
                     n="a-0720"
                     ecep:lem="softness"
                     ecep:pos="n1"
                     ecep:reg="softness"
                     ecep:spe="softness"
                     ecep:syllab="2"
                     ecep:pron="sɒftnəs">softness</w>
                  <c> </c>
                  <w xml:id="bah18-087780"
                     n="a-0730"
                     ecep:lem="steal"
                     ecep:pos="vvd"
                     ecep:reg="stole"
                     ecep:spe="stole"
                     ecep:syllab="1"
                     ecep:pron="stəʊl">stole</w>
               </l>
               <l xml:id="bah18-l03860">
                  <c> </c>
                  <w xml:id="bah18-087790"
                     n="a-0740"
                     ecep:lem="into"
                     ecep:pos="p-acp"
                     ecep:reg="Into"
                     ecep:spe="Into"
                     ecep:syllab="2"
                     ecep:pron="ˈɪntə">Into</w>
                  <c> </c>
                  <w xml:id="bah18-087800"
                     n="a-0750"
                     ecep:lem="this"
                     ecep:pos="d"
                     ecep:reg="this"
                     ecep:spe="this"
                     ecep:syllab="1"
                     ecep:pron="ðɪs">this</w>
                  <c> </c>
                  <w xml:id="bah18-087810"
                     n="a-0760"
                     ecep:lem="throb"
                     ecep:pos="j-vvg"
                     ecep:reg="throbbing"
                     ecep:spe="throbbing"
                     ecep:syllab="2"
                     ecep:pron="θrɒbɪŋ">throbbing</w>
                  <c> </c>
                  <w xml:id="bah18-087820"
                     n="a-0770"
                     ecep:lem="breast"
                     ecep:pos="n1"
                     ecep:reg="breast"
                     ecep:spe="breast"
                     ecep:syllab="1"
                     ecep:pron="brest">breast</w>
                  <pc xml:id="bah18-087830"
                      n="a-0780"
                      ecep:lem=","
                      ecep:pos=","
                      ecep:reg=","
                      ecep:spe=",">,</pc>
                  <c> </c>
                  <w xml:id="bah18-087840"
                     n="a-0790"
                     ecep:lem="and"
                     ecep:pos="cc"
                     ecep:reg="and"
                     ecep:spe="and"
                     ecep:syllab="1"
                     ecep:pron="ænd">and</w>
                  <c> </c>
                  <w xml:id="bah18-087850"
                     n="a-0800"
                     ecep:lem="seize"
                     ecep:pos="vvd"
                     ecep:reg="seized"
                     ecep:spe="seiz'd"
                     ecep:syllab="1"
                     ecep:pron="siːzd">seiz'd</w>
                  <c> </c>
                  <w xml:id="bah18-087860"
                     n="a-0810"
                     ecep:lem="my"
                     ecep:pos="po11"
                     ecep:reg="my"
                     ecep:spe="my"
                     ecep:syllab="1"
                     ecep:pron="maɪ">my</w>
                  <c> </c>
                  <w xml:id="bah18-087870"
                     n="a-0820"
                     ecep:lem="captive"
                     ecep:pos="j-jn"
                     ecep:reg="captive"
                     ecep:spe="captive"
                     ecep:syllab="2"
                     ecep:pron="ˈkæptɪv">captive</w>
                  <c> </c>
                  <w xml:id="bah18-087880"
                     n="a-0830"
                     ecep:lem="soul"
                     ecep:pos="n1"
                     ecep:reg="soul"
                     ecep:spe="soul"
                     ecep:syllab="1"
                     ecep:pron="səʊl">soul</w>
                  <pc xml:id="bah18-087890"
                      n="a-0840"
                      unit="sentence"
                      ecep:lem="."
                      ecep:pos="."
                      ecep:reg="."
                      ecep:spe=".">.</pc>
                  <c> </c>
               </l>
            </lg>
            <lg xml:id="bah18-s00585">
               <l xml:id="bah18-l03865">
                  <w xml:id="bah18-087920"
                     n="a-0850"
                     ecep:lem="return"
                     ecep:pos="n1"
                     ecep:reg="Return"
                     ecep:spe="Return"
                     ecep:syllab="2"
                     ecep:pron="rɪˈtɜːn">Return</w>
                  <c> </c>
                  <w xml:id="bah18-087930"
                     n="a-0860"
                     ecep:lem="enchant"
                     ecep:pos="vvg"
                     ecep:reg="enchanting"
                     ecep:spe="enchanting"
                     ecep:syllab="3"
                     ecep:pron="ɪnˈtʃɑːntɪŋ">enchanting</w>
                  <c> </c>
                  <w xml:id="bah18-087940"
                     n="a-0870"
                     ecep:lem="look"
                     ecep:pos="n2"
                     ecep:reg="looks"
                     ecep:spe="looks"
                     ecep:syllab="1"
                     ecep:pron="lʊks">looks</w>
                  <c> </c>
                  <w xml:id="bah18-087950"
                     n="a-0880"
                     ecep:lem="and"
                     ecep:pos="cc"
                     ecep:reg="and"
                     ecep:spe="and"
                     ecep:syllab="1"
                     ecep:pron="ænd">and</w>
                  <c> </c>
                  <w xml:id="bah18-087960"
                     n="a-0890"
                     ecep:lem="tender"
                     ecep:pos="j"
                     ecep:reg="tender"
                     ecep:spe="tender"
                     ecep:syllab="2"
                     ecep:pron="ˈtendə">tender</w>
                  <c> </c>
                  <w xml:id="bah18-087970"
                     n="a-0900"
                     ecep:lem="sigh"
                     ecep:pos="n2"
                     ecep:reg="sighs"
                     ecep:spe="sighs"
                     ecep:syllab="1"
                     ecep:pron="saɪz">sighs</w>
                  <pc xml:id="bah18-087980"
                      n="a-0910"
                      ecep:lem=","
                      ecep:pos=","
                      ecep:reg=","
                      ecep:spe=",">,</pc>
               </l>
               <l xml:id="bah18-l03870">
                  <c> </c>
                  <w xml:id="bah18-087990"
                     n="a-0920"
                     ecep:lem="again"
                     ecep:pos="av"
                     ecep:reg="Again"
                     ecep:spe="Again"
                     ecep:syllab="2"
                     ecep:pron="əˈgen">Again</w>
                  <c> </c>
                  <w xml:id="bah18-088000"
                     n="a-0930"
                     ecep:lem="in"
                     ecep:pos="p-acp"
                     ecep:reg="in"
                     ecep:spe="in"
                     ecep:syllab="1"
                     ecep:pron="ɪn">in</w>
                  <c> </c>
                  <w xml:id="bah18-088010"
                     n="a-0940"
                     ecep:lem="fancy"
                     ecep:pos="ng1"
                     ecep:reg="fancy's"
                     ecep:spe="fancy's"
                     ecep:syllab="2"
                     ecep:pron="ˈfænsiz">fancy's</w>
                  <c> </c>
                  <w xml:id="bah18-088020"
                     n="a-0950"
                     ecep:lem="fairy"
                     ecep:pos="n1"
                     ecep:reg="fairy"
                     ecep:spe="fairy"
                     ecep:syllab="2"
                     ecep:pron="ˈfeəri">fairy</w>
                  <c> </c>
                  <w xml:id="bah18-088030"
                     n="a-0960"
                     ecep:lem="vision"
                     ecep:pos="n1"
                     ecep:reg="vision"
                     ecep:spe="vision"
                     ecep:syllab="2"
                     ecep:pron="ˈvɪʒn">vision</w>
                  <c> </c>
                  <w xml:id="bah18-088040"
                     n="a-0970"
                     ecep:lem="rise"
                     ecep:pos="vvi"
                     ecep:reg="rise"
                     ecep:spe="rise"
                     ecep:syllab="1"
                     ecep:pron="raɪz">rise</w>
                  <pc xml:id="bah18-088050"
                      n="a-0980"
                      ecep:lem=";"
                      ecep:pos=";"
                      ecep:reg=";"
                      ecep:spe=";">;</pc>
               </l>
               <l xml:id="bah18-l03875">
                  <c> </c>
                  <w xml:id="bah18-088060"
                     n="a-0990"
                     ecep:lem="again"
                     ecep:pos="av"
                     ecep:reg="Again"
                     ecep:spe="Again"
                     ecep:syllab="2"
                     ecep:pron="əˈgen">Again</w>
                  <c> </c>
                  <w xml:id="bah18-088070"
                     n="a-1000"
                     ecep:lem="methinks"
                     ecep:pos="vvz"
                     ecep:reg="methinks"
                     ecep:spe="methinks"
                     ecep:syllab="2"
                     ecep:pron="mɪˈθɪŋks">methinks</w>
                  <c> </c>
                  <w xml:id="bah18-088080"
                     n="a-1010"
                     ecep:lem="our"
                     ecep:pos="po12"
                     ecep:reg="our"
                     ecep:spe="our"
                     ecep:syllab="1"
                     ecep:pron="æə">our</w>
                  <c> </c>
                  <w xml:id="bah18-088090"
                     n="a-1020"
                     ecep:lem="falter"
                     ecep:pos="j-vvg"
                     ecep:reg="faltering"
                     ecep:spe="falt'ring"
                     ecep:syllab="2"
                     ecep:pron="fˈæltrɪŋ">falt'ring</w>
                  <c> </c>
                  <w xml:id="bah18-088100"
                     n="a-1030"
                     ecep:lem="tongue"
                     ecep:pos="n2"
                     ecep:reg="tongues"
                     ecep:spe="tongues"
                     ecep:syllab="1"
                     ecep:pron="tʌŋz">tongues</w>
                  <c> </c>
                  <w xml:id="bah18-088110"
                     n="a-1040"
                     ecep:lem="declare"
                     ecep:pos="vvb"
                     ecep:reg="declare"
                     ecep:spe="declare"
                     ecep:syllab="2"
                     ecep:pron="dɪˈkleə">declare</w>
               </l>
               <l xml:id="bah18-l03880">
                  <c> </c>
                  <w xml:id="bah18-088120"
                     n="a-1050"
                     ecep:lem="a"
                     ecep:pos="dt"
                     ecep:reg="A"
                     ecep:spe="A"
                     ecep:syllab="1"
                     ecep:pron="ə">A</w>
                  <c> </c>
                  <w xml:id="bah18-088130"
                     n="a-1060"
                     ecep:lem="hopeless"
                     ecep:pos="j"
                     ecep:reg="hopeless"
                     ecep:spe="hopeless"
                     ecep:syllab="2"
                     ecep:pron="ˈhəʊpləs">hopeless</w>
                  <c> </c>
                  <w xml:id="bah18-088140"
                     n="a-1070"
                     ecep:lem="passion"
                     ecep:pos="n1"
                     ecep:reg="passion"
                     ecep:spe="passion"
                     ecep:syllab="2"
                     ecep:pron="ˈpæʃn">passion</w>
                  <pc xml:id="bah18-088150"
                      n="a-1080"
                      ecep:lem=","
                      ecep:pos=","
                      ecep:reg=","
                      ecep:spe=",">,</pc>
                  <c> </c>
                  <w xml:id="bah18-088160"
                     n="a-1090"
                     ecep:lem="bear"
                     ecep:pos="vvn"
                     ecep:reg="born"
                     ecep:spe="born"
                     ecep:syllab="1"
                     ecep:pron="bɔːn">born</w>
                  <c> </c>
                  <w xml:id="bah18-088170"
                     n="a-1100"
                     ecep:lem="and"
                     ecep:pos="cc"
                     ecep:reg="and"
                     ecep:spe="and"
                     ecep:syllab="1"
                     ecep:pron="ænd">and</w>
                  <c> </c>
                  <w xml:id="bah18-088180"
                     n="a-1110"
                     ecep:lem="nourish"
                     ecep:pos="vvn"
                     ecep:reg="nourished"
                     ecep:spe="nourish'd"
                     ecep:syllab="2"
                     ecep:pron="ˈnʌrɪʃt">nourish'd</w>
                  <c> </c>
                  <w xml:id="bah18-088190"
                     n="a-1120"
                     ecep:lem="in"
                     ecep:pos="p-acp"
                     ecep:reg="in"
                     ecep:spe="in"
                     ecep:syllab="1"
                     ecep:pron="ɪn">in</w>
                  <c> </c>
                  <w xml:id="bah18-088200"
                     n="a-1130"
                     ecep:lem="despair"
                     ecep:pos="n1"
                     ecep:reg="despair"
                     ecep:spe="despair"
                     ecep:syllab="2"
                     ecep:pron="dɪˈspeə">despair</w>
                  <pc xml:id="bah18-088210"
                      n="a-1140"
                      unit="sentence"
                      ecep:lem="."
                      ecep:pos="."
                      ecep:reg="."
                      ecep:spe=".">.</pc>
                  <c> </c>
               </l>
            </lg>
            <lg xml:id="bah18-s00590">
               <l xml:id="bah18-l03885">
                  <w xml:id="bah18-088240"
                     n="a-1150"
                     ecep:lem="in"
                     ecep:pos="p-acp"
                     ecep:reg="In"
                     ecep:spe="In"
                     ecep:syllab="1"
                     ecep:pron="ɪn">In</w>
                  <c> </c>
                  <w xml:id="bah18-088250"
                     n="a-1160"
                     ecep:lem="sympathy"
                     ecep:pos="n1"
                     ecep:reg="sympathy"
                     ecep:spe="sympathy"
                     ecep:syllab="3"
                     ecep:pron="ˈsɪmpəθi">sympathy</w>
                  <c> </c>
                  <w xml:id="bah18-088260"
                     n="a-1170"
                     ecep:lem="we"
                     ecep:pos="pns12"
                     ecep:reg="we"
                     ecep:spe="we"
                     ecep:syllab="1"
                     ecep:pron="wiː">we</w>
                  <c> </c>
                  <w xml:id="bah18-088270"
                     n="a-1180"
                     ecep:lem="meet"
                     ecep:pos="vvd"
                     ecep:reg="met"
                     ecep:spe="met"
                     ecep:syllab="1"
                     ecep:pron="met">met</w>
                  <pc xml:id="bah18-088280"
                      n="a-1190"
                      ecep:lem=";"
                      ecep:pos=";"
                      ecep:reg=";"
                      ecep:spe=";">;</pc>
                  <c> </c>
                  <w xml:id="bah18-088290"
                     n="a-1200"
                     ecep:lem="but"
                     ecep:pos="cc-acp"
                     ecep:reg="but"
                     ecep:spe="but"
                     ecep:syllab="1"
                     ecep:pron="bʌt">but</w>
                  <c> </c>
                  <w xml:id="bah18-088300"
                     n="a-1210"
                     ecep:lem="sullen"
                     ecep:pos="j"
                     ecep:reg="sullen"
                     ecep:spe="sullen"
                     ecep:syllab="2"
                     ecep:pron="ˈsʌlən">sullen</w>
                  <c> </c>
                  <w xml:id="bah18-088310"
                     n="a-1220"
                     ecep:lem="fate"
                     ecep:pos="n1"
                     ecep:reg="fate"
                     ecep:spe="fate"
                     ecep:syllab="1"
                     ecep:pron="feɪt">fate</w>
               </l>
               <l xml:id="bah18-l03890">
                  <c> </c>
                  <w xml:id="bah18-088320"
                     n="a-1230"
                     ecep:lem="mix"
                     ecep:pos="vvn"
                     ecep:reg="Mixed"
                     ecep:spe="Mix'd"
                     ecep:syllab="1"
                     ecep:pron="mɪkst">Mix'd</w>
                  <c> </c>
                  <w xml:id="bah18-088330"
                     n="a-1240"
                     ecep:lem="with"
                     ecep:pos="p-acp"
                     ecep:reg="with"
                     ecep:spe="with"
                     ecep:syllab="1"
                     ecep:pron="wɪð">with</w>
                  <c> </c>
                  <w xml:id="bah18-088340"
                     n="a-1250"
                     ecep:lem="its"
                     ecep:pos="po31"
                     ecep:reg="its"
                     ecep:spe="its"
                     ecep:syllab="1"
                     ecep:pron="ɪts">its</w>
                  <c> </c>
                  <w xml:id="bah18-088350"
                     n="a-1260"
                     ecep:lem="sweet"
                     ecep:pos="n2-j"
                     ecep:reg="sweets"
                     ecep:spe="sweets"
                     ecep:syllab="1"
                     ecep:pron="swiːts">sweets</w>
                  <c> </c>
                  <w xml:id="bah18-088360"
                     n="a-1270"
                     ecep:lem="the"
                     ecep:pos="dt"
                     ecep:reg="the"
                     ecep:spe="the"
                     ecep:syllab="1"
                     ecep:pron="ðiː">the</w>
                  <c> </c>
                  <w xml:id="bah18-088370"
                     n="a-1280"
                     ecep:lem="bitter"
                     ecep:pos="j"
                     ecep:reg="bitter"
                     ecep:spe="bitter"
                     ecep:syllab="2"
                     ecep:pron="ˈbɪtə">bitter</w>
                  <c> </c>
                  <w xml:id="bah18-088380"
                     n="a-1290"
                     ecep:lem="of"
                     ecep:pos="pp-f"
                     ecep:reg="of"
                     ecep:spe="of"
                     ecep:syllab="1"
                     ecep:pron="ɒv">of</w>
                  <c> </c>
                  <w xml:id="bah18-088390"
                     n="a-1300"
                     ecep:lem="regret"
                     ecep:pos="n1"
                     ecep:reg="regret"
                     ecep:spe="regret"
                     ecep:syllab="2"
                     ecep:pron="rɪˈgret">regret</w>
                  <pc xml:id="bah18-088400"
                      n="a-1310"
                      ecep:lem=";"
                      ecep:pos=";"
                      ecep:reg=";"
                      ecep:spe=";">;</pc>
               </l>
               <l xml:id="bah18-l03895">
                  <c> </c>
                  <w xml:id="bah18-088410"
                     n="a-1320"
                     ecep:lem="we"
                     ecep:pos="pns12"
                     ecep:reg="We"
                     ecep:spe="We"
                     ecep:syllab="1"
                     ecep:pron="wiː">We</w>
                  <c> </c>
                  <w xml:id="bah18-088420"
                     n="a-1330"
                     ecep:lem="meet"
                     ecep:pos="vvd"
                     ecep:reg="met"
                     ecep:spe="met"
                     ecep:syllab="1"
                     ecep:pron="met">met</w>
                  <c> </c>
                  <w xml:id="bah18-088430"
                     n="a-1340"
                     ecep:lem="to"
                     ecep:pos="pc-acp"
                     ecep:reg="to"
                     ecep:spe="to"
                     ecep:syllab="1"
                     ecep:pron="tuː">to</w>
                  <c> </c>
                  <w xml:id="bah18-088440"
                     n="a-1350"
                     ecep:lem="love"
                     ecep:pos="vvi"
                     ecep:reg="love"
                     ecep:spe="love"
                     ecep:syllab="1"
                     ecep:pron="lʌv">love</w>
                  <pc xml:id="bah18-088450"
                      n="a-1360"
                      ecep:lem=","
                      ecep:pos=","
                      ecep:reg=","
                      ecep:spe=",">,</pc>
                  <c> </c>
                  <w xml:id="bah18-088460"
                     n="a-1370"
                     ecep:lem="to"
                     ecep:pos="pc-acp"
                     ecep:reg="to"
                     ecep:spe="to"
                     ecep:syllab="1"
                     ecep:pron="tuː">to</w>
                  <c> </c>
                  <w xml:id="bah18-088470"
                     n="a-1380"
                     ecep:lem="suffer"
                     ecep:pos="vvi"
                     ecep:reg="suffer"
                     ecep:spe="suffer"
                     ecep:syllab="2"
                     ecep:pron="ˈsʌfə">suffer</w>
                  <pc xml:id="bah18-088480"
                      n="a-1390"
                      ecep:lem=","
                      ecep:pos=","
                      ecep:reg=","
                      ecep:spe=",">,</pc>
                  <c> </c>
                  <w xml:id="bah18-088490"
                     n="a-1400"
                     ecep:lem="and"
                     ecep:pos="cc"
                     ecep:reg="and"
                     ecep:spe="and"
                     ecep:syllab="1"
                     ecep:pron="ænd">and</w>
                  <c> </c>
                  <w xml:id="bah18-088500"
                     n="a-1410"
                     ecep:lem="to"
                     ecep:pos="pc-acp"
                     ecep:reg="to"
                     ecep:spe="to"
                     ecep:syllab="1"
                     ecep:pron="tuː">to</w>
                  <c> </c>
                  <w xml:id="bah18-088510"
                     n="a-1420"
                     ecep:lem="part"
                     ecep:pos="vvi"
                     ecep:reg="part"
                     ecep:spe="part"
                     ecep:syllab="1"
                     ecep:pron="pɑːt">part</w>
                  <pc xml:id="bah18-088520"
                      n="a-1430"
                      ecep:lem=","
                      ecep:pos=","
                      ecep:reg=","
                      ecep:spe=",">,</pc>
               </l>
               <l xml:id="bah18-l03900">
                  <c> </c>
                  <w xml:id="bah18-088530"
                     n="a-1440"
                     ecep:lem="and"
                     ecep:pos="cc"
                     ecep:reg="And"
                     ecep:spe="And"
                     ecep:syllab="1"
                     ecep:pron="ænd">And</w>
                  <c> </c>
                  <w xml:id="bah18-088540"
                     n="a-1450"
                     ecep:lem="bear"
                     ecep:pos="vvi"
                     ecep:reg="bear"
                     ecep:spe="bear"
                     ecep:syllab="1"
                     ecep:pron="beə">bear</w>
                  <c> </c>
                  <w xml:id="bah18-088550"
                     n="a-1460"
                     ecep:lem="through"
                     ecep:pos="p-acp"
                     ecep:reg="through"
                     ecep:spe="thro'"
                     ecep:syllab="1"
                     ecep:pron="θruː">thro'</w>
                  <c> </c>
                  <w xml:id="bah18-088560"
                     n="a-1470"
                     ecep:lem="tedious"
                     ecep:pos="j"
                     ecep:reg="tedious"
                     ecep:spe="tedious"
                     ecep:syllab="3"
                     ecep:pron="ˈtiːdiəs">tedious</w>
                  <c> </c>
                  <w xml:id="bah18-088570"
                     n="a-1480"
                     ecep:lem="life"
                     ecep:pos="n1"
                     ecep:reg="life"
                     ecep:spe="life"
                     ecep:syllab="1"
                     ecep:pron="laɪf">life</w>
                  <c> </c>
                  <w xml:id="bah18-088580"
                     n="a-1490"
                     ecep:lem="a"
                     ecep:pos="dt"
                     ecep:reg="a"
                     ecep:spe="a"
                     ecep:syllab="1"
                     ecep:pron="ə">a</w>
                  <c> </c>
                  <w xml:id="bah18-088590"
                     n="a-1500"
                     ecep:lem="sad"
                     ecep:pos="j"
                     ecep:reg="sad"
                     ecep:spe="sad"
                     ecep:syllab="1"
                     ecep:pron="sæd">sad</w>
                  <c> </c>
                  <w xml:id="bah18-088600"
                     n="a-1510"
                     ecep:lem="divide"
                     ecep:pos="j-vvn"
                     ecep:reg="divided"
                     ecep:spe="divided"
                     ecep:syllab="3"
                     ecep:pron="dɪˈvaɪdɪd">divided</w>
                  <c> </c>
                  <w xml:id="bah18-088610"
                     n="a-1520"
                     ecep:lem="heart"
                     ecep:pos="n1"
                     ecep:reg="heart"
                     ecep:spe="heart"
                     ecep:syllab="1"
                     ecep:pron="hɑːt">heart</w>
                  <pc xml:id="bah18-088620"
                      n="a-1530"
                      unit="sentence"
                      ecep:lem="."
                      ecep:pos="."
                      ecep:reg="."
                      ecep:spe=".">.</pc>
                  <c> </c>
               </l>
            </lg>
         </div>
      </body>
   </text>
</TEI>
