<?xml version="1.0" encoding="UTF-8"?>
<?xml-model href="../tei_all.rnc" type="application/relax-ng-compact-syntax"?>
<TEI xmlns="http://www.tei-c.org/ns/1.0">
   <teiHeader>
      <fileDesc>
         <titleStmt>
            <title corresp="#txt_PrioMa1664_w0043">Answer to CLOE Jealous, in the same Stile. The AUTHOR sick.</title>
            <author corresp="authors.xml#aut_PrioMa1664">Matthew Prior</author>
            <respStmt>
               <name xml:id="AH">Alexander Huber</name>
               <resp>Editor</resp>
            </respStmt>
            <funder>
               <name type="institution" xml:id="BOD">Bodleian Libraries, University of Oxford</name>
               <address>
                  <addrLine>Broad Street</addrLine>
                  <addrLine>Oxford OX1 3BG</addrLine>
                  <addrLine>UK</addrLine>
               </address>
            </funder>
         </titleStmt>
         <publicationStmt>
            <publisher xml:id="ECPA">Eighteenth-Century Poetry Archive</publisher>
            <address>
               <addrLine>Taylor Institution Library</addrLine>
               <addrLine>St Giles'</addrLine>
               <addrLine>Oxford OX1 3NA</addrLine>
               <addrLine>UK</addrLine>
               <addrLine>
                  <email>info@eighteenthcenturypoetry.org</email>
               </addrLine>
               <addrLine>
                  <ref target="https://www.eighteenthcenturypoetry.org/">https://www.eighteenthcenturypoetry.org/</ref>
               </addrLine>
            </address>
            <pubPlace>Oxford</pubPlace>
            <availability status="restricted">
               <licence target="http://creativecommons.org/licenses/by-sa/3.0/">This work is licensed under a Creative Commons Attribution-ShareAlike 3.0 Unported License.</licence>
            </availability>
            <idno type="ESTC">T075639</idno>
         </publicationStmt>
         <sourceDesc>
            <bibl>
               <author>Prior, Matthew, 1664-1721.</author>
               <title>Poems on Several Occasions [English poems only].</title>
               <pubPlace>London</pubPlace>
               <publisher>Printed for JACOB TONSON at Shakespear's-Head over against Katharine-Street in the Strand, and JOHN BARBER upon Lambeth-Hill. MDCCXVIII.</publisher>
               <date>1718</date>
               <biblScope>pp. 95-96.</biblScope>
               <extent>[42],506,[6]p.: ill.; 2°.</extent>
            </bibl>
         </sourceDesc>
      </fileDesc>
      <encodingDesc>
         <projectDesc>
            <p>This e-text is part of the Works section of the Eighteenth-Century Poetry Archive (ECPA).</p>
            <p>XML created for the Eighteenth-Century Poetry Archive (ECPA).</p>
         </projectDesc>
         <editorialDecl>
            <p>Typography, spelling, capitalization, and punctuation have been cautiously modernized. The source of the text is given and all significant
						editorial interventions have been recorded in textual notes. This  text has been edited to conform to the recommendations found 
						in Level 5 of the
						Best Practices for TEI in Libraries version 4.0.0.
					</p>
         </editorialDecl>
         <classDecl>
            <taxonomy xml:id="LCNAF">
               <bibl>Library of Congress Name Authority File (<abbr>LCNAF</abbr>)</bibl>
            </taxonomy>
         </classDecl>
         <tagsDecl>
            <rendition n="linegroups indented" xml:id="lgindent" scheme="css">text-indent: 1em;</rendition>
            <rendition n="linegroups vertically spaced" xml:id="lgvspace" scheme="css">margin-bottom: 1em;</rendition>
            <rendition n="aligned centrally" xml:id="align-center" scheme="css">text-align: center;</rendition>
            <rendition n="aligned right" xml:id="align-right" scheme="css">text-align: right;</rendition>
            <rendition n="aligned left" xml:id="align-left" scheme="css">text-align: left;</rendition>
            <rendition n="inline" xml:id="inline" scheme="css">display: inline</rendition>
            <rendition n="italic" xml:id="i" scheme="css">font-style: italic;</rendition>
            <rendition n="bold" xml:id="b" scheme="css">font-weight: bold;</rendition>
         </tagsDecl>
      </encodingDesc>
   </teiHeader>
   <text>
      <body>
         <div xmlns:ecep="http://www.eighteenthcenturypoetry.org/ns"
              xmlns:tei="http://www.tei-c.org/ns/1.0"
              ana="#iamb #tetrameter #quatrain #cross #ode"
              corresp="#txt_PrioMa1664_w0043"
              decls="#semi-normalized"
              ecep:syllab="8.8.8.8"
              met="-+|-+|-+|-+/ -+|-+|-+|-+/ -+|-+|-+|-+/ -+|-+|-+|-+/"
              rendition="#lgvspace"
              rhyme="abab"
              subtype="eceptext"
              type="poem"
              xml:id="pmp18-w0400">
            <link target="authors.xml#aut_PrioMa1664" type="author"/>
            <link subtype="proposition" target="#pmp18-w0390" type="related"/>
            <link subtype="answer" target="#pmp18-w0410" type="related"/>
            <head type="main">
               <hi rendition="#sc">
                  <w xml:id="pmp18-0236900"
                     n="a-1010"
                     ecep:lem="answer"
                     ecep:pos="n1"
                     ecep:reg="Answer"
                     ecep:spe="Answer"
                     ecep:syllab="2"
                     ecep:pron="ˈɑːnsə">Answer</w>
               </hi>
               <c> </c>
               <w xml:id="pmp18-0236910"
                  n="a-1020"
                  ecep:lem="to"
                  ecep:pos="p-acp"
                  ecep:reg="to"
                  ecep:spe="to"
                  ecep:syllab="1"
                  ecep:pron="tuː">to</w>
               <c> </c>
               <hi>
                  <w xml:id="pmp18-0236920"
                     n="a-1030"
                     ecep:lem="cloe"
                     ecep:pos="np1"
                     ecep:reg="CLOE"
                     ecep:spe="CLOE"
                     ecep:syllab="1"
                     ecep:pron="klˈəʊi">CLOE</w>
               </hi>
               <c> </c>
               <hi rendition="#sc">
                  <w xml:id="pmp18-0236930"
                     n="a-1040"
                     ecep:lem="jealous"
                     ecep:pos="j"
                     ecep:reg="Jealous"
                     ecep:spe="Jealous"
                     ecep:syllab="2"
                     ecep:pron="ˈdʒeləs">Jealous</w>
               </hi>
               <pc xml:id="pmp18-0236940"
                   n="a-1050"
                   ecep:lem=","
                   ecep:pos=","
                   ecep:reg=","
                   ecep:spe=",">,</pc>
               <c> </c>
               <w xml:id="pmp18-0236950"
                  n="a-1060"
                  ecep:lem="in"
                  ecep:pos="p-acp"
                  ecep:reg="in"
                  ecep:spe="in"
                  ecep:syllab="1"
                  ecep:pron="ɪn">in</w>
               <c> </c>
               <w xml:id="pmp18-0236960"
                  n="a-1070"
                  ecep:lem="the"
                  ecep:pos="dt"
                  ecep:reg="the"
                  ecep:spe="the"
                  ecep:syllab="1"
                  ecep:pron="ðiː">the</w>
               <c> </c>
               <w xml:id="pmp18-0236970"
                  n="a-1080"
                  ecep:lem="same"
                  ecep:pos="d"
                  ecep:reg="same"
                  ecep:spe="same"
                  ecep:syllab="1"
                  ecep:pron="seɪm">same</w>
               <c> </c>
               <hi rendition="#sc">
                  <w xml:id="pmp18-0236980"
                     n="a-1090"
                     ecep:lem="stile"
                     ecep:pos="n1"
                     ecep:reg="Style"
                     ecep:spe="Stile"
                     ecep:syllab="1"
                     ecep:pron="staɪl">Stile</w>
               </hi>
               <pc xml:id="pmp18-0236990"
                   n="a-1100"
                   unit="sentence"
                   ecep:lem="."
                   ecep:pos="."
                   ecep:reg="."
                   ecep:spe=".">.</pc>
            </head>
            <head type="sub">
               <hi>
                  <w xml:id="pmp18-0237020"
                     n="a-1110"
                     ecep:lem="the"
                     ecep:pos="dt"
                     ecep:reg="The"
                     ecep:spe="The"
                     ecep:syllab="1"
                     ecep:pron="ðiː">The</w>
               </hi>
               <c> </c>
               <w xml:id="pmp18-0237030"
                  n="a-1120"
                  ecep:lem="author"
                  ecep:pos="n1"
                  ecep:reg="AUTHOR"
                  ecep:spe="AUTHOR"
                  ecep:syllab="2"
                  ecep:pron="ˈɔːθə">AUTHOR</w>
               <c> </c>
               <hi>
                  <w xml:id="pmp18-0237040"
                     n="a-1130"
                     ecep:lem="sick"
                     ecep:pos="j"
                     ecep:reg="sick"
                     ecep:spe="sick"
                     ecep:syllab="1"
                     ecep:pron="sɪk">sick</w>
               </hi>
               <pc xml:id="pmp18-0237050"
                   n="a-1140"
                   unit="sentence"
                   ecep:lem="."
                   ecep:pos="."
                   ecep:reg="."
                   ecep:spe=".">.</pc>
            </head>
            <lg xml:id="pmp18-s01705">
               <head>
                  <w xml:id="pmp18-0237090"
                     n="a-1150"
                     ecep:lem="i"
                     ecep:pos="pns11"
                     ecep:reg="I"
                     ecep:spe="I."
                     ecep:syllab="1"
                     ecep:pron="ˈaɪ">I.</w>
                  <pc unit="sentence" xml:id="pmp18-0237090-eos" n="a-1160"/>
               </head>
               <l n="1" xml:id="pmp18-l10015">
                  <hi rendition="#sc">
                     <w xml:id="pmp18-0237110"
                        n="a-1170"
                        ecep:lem="yes"
                        ecep:pos="uh"
                        ecep:reg="Yes"
                        ecep:spe="Yes"
                        ecep:syllab="1"
                        ecep:pron="jes">Yes</w>
                  </hi>
                  <pc xml:id="pmp18-0237120"
                      n="a-1180"
                      ecep:lem=","
                      ecep:pos=","
                      ecep:reg=","
                      ecep:spe=",">,</pc>
                  <c> </c>
                  <w xml:id="pmp18-0237130"
                     n="a-1190"
                     ecep:lem="fair"
                     ecep:pos="js"
                     ecep:reg="fairest"
                     ecep:spe="fairest"
                     ecep:syllab="2"
                     ecep:pron="feəɪst">fairest</w>
                  <c> </c>
                  <w xml:id="pmp18-0237140"
                     n="a-1200"
                     ecep:lem="proof"
                     ecep:pos="n1"
                     ecep:reg="Proof"
                     ecep:spe="Proof"
                     ecep:syllab="1"
                     ecep:pron="pruːf">Proof</w>
                  <c> </c>
                  <w xml:id="pmp18-0237150"
                     n="a-1210"
                     ecep:lem="of"
                     ecep:pos="pp-f"
                     ecep:reg="of"
                     ecep:spe="of"
                     ecep:syllab="1"
                     ecep:pron="ɒv">of</w>
                  <c> </c>
                  <w xml:id="pmp18-0237160"
                     n="a-1220"
                     ecep:lem="beauty"
                     ecep:pos="ng1"
                     ecep:reg="Beauty's"
                     ecep:spe="Beauty's"
                     ecep:syllab="3"
                     ecep:pron="ˈbjuːtiz">Beauty's</w>
                  <c> </c>
                  <w xml:id="pmp18-0237170"
                     n="a-1230"
                     ecep:lem="power"
                     ecep:pos="n1"
                     ecep:reg="Power"
                     ecep:spe="Pow'r"
                     ecep:syllab="1"
                     ecep:pron="ˈpaʊə">Pow'r</w>
                  <pc xml:id="pmp18-0237180"
                      n="a-1240"
                      ecep:lem=","
                      ecep:pos=","
                      ecep:reg=","
                      ecep:spe=",">,</pc>
               </l>
               <l n="2" rendition="#h_3" xml:id="pmp18-l10020">
                  <c> </c>
                  <w xml:id="pmp18-0237190"
                     n="a-1250"
                     ecep:lem="dear"
                     ecep:pos="j-jn"
                     ecep:reg="Dear"
                     ecep:spe="Dear"
                     ecep:syllab="1"
                     ecep:pron="dɪə">Dear</w>
                  <c> </c>
                  <w xml:id="pmp18-0237200"
                     n="a-1260"
                     ecep:lem="idol"
                     ecep:pos="n1"
                     ecep:reg="Idol"
                     ecep:spe="Idol"
                     ecep:syllab="2"
                     ecep:pron="ˈaɪdl">Idol</w>
                  <c> </c>
                  <w xml:id="pmp18-0237210"
                     n="a-1270"
                     ecep:lem="of"
                     ecep:pos="pp-f"
                     ecep:reg="of"
                     ecep:spe="of"
                     ecep:syllab="1"
                     ecep:pron="ɒv">of</w>
                  <c> </c>
                  <w xml:id="pmp18-0237220"
                     n="a-1280"
                     ecep:lem="my"
                     ecep:pos="po11"
                     ecep:reg="My"
                     ecep:spe="My"
                     ecep:syllab="1"
                     ecep:pron="maɪ">My</w>
                  <c> </c>
                  <w xml:id="pmp18-0237230"
                     n="a-1290"
                     ecep:lem="pant"
                     ecep:pos="j-vvg"
                     ecep:reg="panting"
                     ecep:spe="panting"
                     ecep:syllab="2"
                     ecep:pron="pæntɪŋ">panting</w>
                  <c> </c>
                  <w xml:id="pmp18-0237240"
                     n="a-1300"
                     ecep:lem="heart"
                     ecep:pos="n1"
                     ecep:reg="Heart"
                     ecep:spe="Heart"
                     ecep:syllab="1"
                     ecep:pron="hɑːt">Heart</w>
                  <pc xml:id="pmp18-0237250"
                      n="a-1310"
                      ecep:lem=","
                      ecep:pos=","
                      ecep:reg=","
                      ecep:spe=",">,</pc>
               </l>
               <l n="3" xml:id="pmp18-l10025">
                  <c> </c>
                  <w xml:id="pmp18-0237260"
                     n="a-1320"
                     ecep:lem="nature"
                     ecep:pos="n1"
                     ecep:reg="Nature"
                     ecep:spe="Nature"
                     ecep:syllab="2"
                     ecep:pron="ˈneɪtʃə">Nature</w>
                  <c> </c>
                  <w xml:id="pmp18-0237270"
                     n="a-1330"
                     ecep:lem="point"
                     ecep:pos="vvz"
                     ecep:reg="points"
                     ecep:spe="points"
                     ecep:syllab="1"
                     ecep:pron="pɔɪnts">points</w>
                  <c> </c>
                  <w xml:id="pmp18-0237280"
                     n="a-1340"
                     ecep:lem="this"
                     ecep:pos="d"
                     ecep:reg="This"
                     ecep:spe="This"
                     ecep:syllab="1"
                     ecep:pron="ðɪs">This</w>
                  <c> </c>
                  <w xml:id="pmp18-0237290"
                     n="a-1350"
                     ecep:lem="my"
                     ecep:pos="po11"
                     ecep:reg="my"
                     ecep:spe="my"
                     ecep:syllab="1"
                     ecep:pron="maɪ">my</w>
                  <c> </c>
                  <w xml:id="pmp18-0237300"
                     n="a-1360"
                     ecep:lem="fatal"
                     ecep:pos="j"
                     ecep:reg="fatal"
                     ecep:spe="fatal"
                     ecep:syllab="2"
                     ecep:pron="ˈfeɪtl">fatal</w>
                  <c> </c>
                  <w xml:id="pmp18-0237310"
                     n="a-1370"
                     ecep:lem="hour"
                     ecep:pos="n1"
                     ecep:reg="Hour"
                     ecep:spe="Hour"
                     ecep:syllab="1"
                     ecep:pron="æə">Hour</w>
                  <pc xml:id="pmp18-0237320"
                      n="a-1380"
                      ecep:lem=":"
                      ecep:pos=":"
                      ecep:reg=":"
                      ecep:spe=":">:</pc>
               </l>
               <l n="4" rendition="#h_3" xml:id="pmp18-l10030">
                  <c> </c>
                  <w xml:id="pmp18-0237330"
                     n="a-1390"
                     ecep:lem="and"
                     ecep:pos="cc"
                     ecep:reg="And"
                     ecep:spe="And"
                     ecep:syllab="1"
                     ecep:pron="ænd">And</w>
                  <c> </c>
                  <w xml:id="pmp18-0237340"
                     n="a-1400"
                     ecep:lem="i"
                     ecep:pos="pns11"
                     ecep:reg="I"
                     ecep:spe="I"
                     ecep:syllab="1"
                     ecep:pron="aɪ">I</w>
                  <c> </c>
                  <w xml:id="pmp18-0237350"
                     n="a-1410"
                     ecep:lem="have"
                     ecep:pos="vhb"
                     ecep:reg="have"
                     ecep:spe="have"
                     ecep:syllab="1"
                     ecep:pron="hæv">have</w>
                  <c> </c>
                  <w xml:id="pmp18-0237360"
                     n="a-1420"
                     ecep:lem="live"
                     ecep:pos="vvn"
                     ecep:reg="lived"
                     ecep:spe="liv'd"
                     ecep:syllab="1"
                     ecep:pron="lɪvd">liv'd</w>
                  <pc xml:id="pmp18-0237370"
                      n="a-1430"
                      ecep:lem=";"
                      ecep:pos=";"
                      ecep:reg=";"
                      ecep:spe=";">;</pc>
                  <c> </c>
                  <w xml:id="pmp18-0237380"
                     n="a-1440"
                     ecep:lem="and"
                     ecep:pos="cc"
                     ecep:reg="and"
                     ecep:spe="and"
                     ecep:syllab="1"
                     ecep:pron="ænd">and</w>
                  <c> </c>
                  <w xml:id="pmp18-0237390"
                     n="a-1450"
                     ecep:lem="we"
                     ecep:pos="pns12"
                     ecep:reg="We"
                     ecep:spe="We"
                     ecep:syllab="1"
                     ecep:pron="wiː">We</w>
                  <c> </c>
                  <w xml:id="pmp18-0237400"
                     n="a-1460"
                     ecep:lem="must"
                     ecep:pos="vmb"
                     ecep:reg="must"
                     ecep:spe="must"
                     ecep:syllab="1"
                     ecep:pron="mʌst">must</w>
                  <c> </c>
                  <w xml:id="pmp18-0237410"
                     n="a-1470"
                     ecep:lem="part"
                     ecep:pos="vvi"
                     ecep:reg="part"
                     ecep:spe="part"
                     ecep:syllab="1"
                     ecep:pron="pɑːt">part</w>
                  <pc xml:id="pmp18-0237420"
                      n="a-1480"
                      unit="sentence"
                      ecep:lem="."
                      ecep:pos="."
                      ecep:reg="."
                      ecep:spe=".">.</pc>
                  <c> </c>
               </l>
            </lg>
            <pb facs="pmp18/0142" n="96" rend="none"/>
            <lg xml:id="pmp18-s01710">
               <head>
                  <w xml:id="pmp18-0237460"
                     n="a-0010"
                     ecep:lem="ii"
                     ecep:pos="crd"
                     ecep:reg="II"
                     ecep:spe="II"
                     ecep:syllab="1"
                     ecep:pron="rˌəʊməntˈuː">II</w>
                  <pc xml:id="pmp18-0237470"
                      n="a-0020"
                      unit="sentence"
                      ecep:lem="."
                      ecep:pos="."
                      ecep:reg="."
                      ecep:spe=".">.</pc>
               </head>
               <l n="5" xml:id="pmp18-l10035">
                  <w xml:id="pmp18-0237490"
                     n="a-0030"
                     ecep:lem="while"
                     ecep:pos="cs"
                     ecep:reg="While"
                     ecep:spe="While"
                     ecep:syllab="1"
                     ecep:pron="ˈwaɪl">While</w>
                  <c> </c>
                  <w xml:id="pmp18-0237500"
                     n="a-0040"
                     ecep:lem="now"
                     ecep:pos="av"
                     ecep:reg="now"
                     ecep:spe="now"
                     ecep:syllab="1"
                     ecep:pron="naʊ">now</w>
                  <c> </c>
                  <w xml:id="pmp18-0237510"
                     n="a-0050"
                     ecep:lem="i"
                     ecep:pos="pns11"
                     ecep:reg="I"
                     ecep:spe="I"
                     ecep:syllab="1"
                     ecep:pron="aɪ">I</w>
                  <c> </c>
                  <w xml:id="pmp18-0237520"
                     n="a-0060"
                     ecep:lem="take"
                     ecep:pos="vvb"
                     ecep:reg="take"
                     ecep:spe="take"
                     ecep:syllab="1"
                     ecep:pron="teɪk">take</w>
                  <c> </c>
                  <w xml:id="pmp18-0237530"
                     n="a-0070"
                     ecep:lem="my"
                     ecep:pos="po11"
                     ecep:reg="my"
                     ecep:spe="my"
                     ecep:syllab="1"
                     ecep:pron="maɪ">my</w>
                  <c> </c>
                  <w xml:id="pmp18-0237540"
                     n="a-0080"
                     ecep:lem="last"
                     ecep:pos="ord"
                     ecep:reg="last"
                     ecep:spe="last"
                     ecep:syllab="1"
                     ecep:pron="lɑːst">last</w>
                  <c> </c>
                  <w xml:id="pmp18-0237550"
                     n="a-0090"
                     ecep:lem="adieu"
                     ecep:pos="uh-n"
                     ecep:reg="Adieu"
                     ecep:spe="Adieu"
                     ecep:syllab="2"
                     ecep:pron="əˈdjuː">Adieu</w>
                  <pc xml:id="pmp18-0237560"
                      n="a-0100"
                      ecep:lem=","
                      ecep:pos=","
                      ecep:reg=","
                      ecep:spe=",">,</pc>
               </l>
               <l n="6" rendition="#h_3" xml:id="pmp18-l10040">
                  <c> </c>
                  <w xml:id="pmp18-0237570"
                     n="a-0110"
                     ecep:lem="heave"
                     ecep:pos="vvb"
                     ecep:reg="Heave"
                     ecep:spe="Heave"
                     ecep:syllab="1"
                     ecep:pron="hiːv">Heave</w>
                  <c> </c>
                  <w xml:id="pmp18-0237580"
                     n="a-0120"
                     ecep:lem="thou"
                     ecep:pos="pns21"
                     ecep:reg="Thou"
                     ecep:spe="Thou"
                     ecep:syllab="1"
                     ecep:pron="θaʊ">Thou</w>
                  <c> </c>
                  <w xml:id="pmp18-0237590"
                     n="a-0130"
                     ecep:lem="no"
                     ecep:pos="dx"
                     ecep:reg="no"
                     ecep:spe="no"
                     ecep:syllab="1"
                     ecep:pron="nəʊ">no</w>
                  <c> </c>
                  <w xml:id="pmp18-0237600"
                     n="a-0140"
                     ecep:lem="sigh"
                     ecep:pos="n1"
                     ecep:reg="Sigh"
                     ecep:spe="Sigh"
                     ecep:syllab="1"
                     ecep:pron="saɪ">Sigh</w>
                  <pc xml:id="pmp18-0237610"
                      n="a-0150"
                      ecep:lem=","
                      ecep:pos=","
                      ecep:reg=","
                      ecep:spe=",">,</pc>
                  <c> </c>
                  <w xml:id="pmp18-0237620"
                     n="a-0160"
                     ecep:lem="nor"
                     ecep:pos="ccx"
                     ecep:reg="nor"
                     ecep:spe="nor"
                     ecep:syllab="1"
                     ecep:pron="nɔː">nor</w>
                  <c> </c>
                  <w xml:id="pmp18-0237630"
                     n="a-0170"
                     ecep:lem="shed"
                     ecep:pos="vvb"
                     ecep:reg="shed"
                     ecep:spe="shed"
                     ecep:syllab="1"
                     ecep:pron="ʃed">shed</w>
                  <c> </c>
                  <w xml:id="pmp18-0237640"
                     n="a-0180"
                     ecep:lem="a"
                     ecep:pos="dt"
                     ecep:reg="a"
                     ecep:spe="a"
                     ecep:syllab="1"
                     ecep:pron="ə">a</w>
                  <c> </c>
                  <w xml:id="pmp18-0237650"
                     n="a-0190"
                     ecep:lem="tear"
                     ecep:pos="n1"
                     ecep:reg="Tear"
                     ecep:spe="Tear"
                     ecep:syllab="1"
                     ecep:pron="tɪə">Tear</w>
                  <pc xml:id="pmp18-0237660"
                      n="a-0200"
                      ecep:lem=";"
                      ecep:pos=";"
                      ecep:reg=";"
                      ecep:spe=";">;</pc>
               </l>
               <l n="7" xml:id="pmp18-l10045">
                  <c> </c>
                  <w xml:id="pmp18-0237670"
                     n="a-0210"
                     ecep:lem="lest"
                     ecep:pos="cs"
                     ecep:reg="Lest"
                     ecep:spe="Lest"
                     ecep:syllab="1"
                     ecep:pron="lest">Lest</w>
                  <c> </c>
                  <w xml:id="pmp18-0237680"
                     n="a-0220"
                     ecep:lem="yet"
                     ecep:pos="av"
                     ecep:reg="yet"
                     ecep:spe="yet"
                     ecep:syllab="1"
                     ecep:pron="jet">yet</w>
                  <c> </c>
                  <w xml:id="pmp18-0237690"
                     n="a-0230"
                     ecep:lem="my"
                     ecep:pos="po11"
                     ecep:reg="my"
                     ecep:spe="my"
                     ecep:syllab="1"
                     ecep:pron="maɪ">my</w>
                  <c> </c>
                  <w xml:id="pmp18-0237700"
                     n="a-0240"
                     ecep:lem="half-closed"
                     ecep:pos="j"
                     ecep:reg="half-closed"
                     ecep:spe="half-clos'd"
                     ecep:syllab="2"
                     ecep:pron="hɑːfˈkləʊzd">half-clos'd</w>
                  <c> </c>
                  <w xml:id="pmp18-0237710"
                     n="a-0250"
                     ecep:lem="eye"
                     ecep:pos="n1"
                     ecep:reg="Eye"
                     ecep:spe="Eye"
                     ecep:syllab="1"
                     ecep:pron="aɪ">Eye</w>
                  <c> </c>
                  <w xml:id="pmp18-0237720"
                     n="a-0260"
                     ecep:lem="may"
                     ecep:pos="vmb"
                     ecep:reg="may"
                     ecep:spe="may"
                     ecep:syllab="1"
                     ecep:pron="meɪ">may</w>
                  <c> </c>
                  <w xml:id="pmp18-0237730"
                     n="a-0270"
                     ecep:lem="view"
                     ecep:pos="vvi"
                     ecep:reg="view"
                     ecep:spe="view"
                     ecep:syllab="1"
                     ecep:pron="vjuː">view</w>
               </l>
               <l n="8" rendition="#h_3" xml:id="pmp18-l10050">
                  <c> </c>
                  <w xml:id="pmp18-0237740"
                     n="a-0280"
                     ecep:lem="on"
                     ecep:pos="p-acp"
                     ecep:reg="On"
                     ecep:spe="On"
                     ecep:syllab="1"
                     ecep:pron="ɒn">On</w>
                  <c> </c>
                  <w xml:id="pmp18-0237750"
                     n="a-0290"
                     ecep:lem="earth"
                     ecep:pos="n1"
                     ecep:reg="Earth"
                     ecep:spe="Earth"
                     ecep:syllab="1"
                     ecep:pron="ɜːθ">Earth</w>
                  <c> </c>
                  <w xml:id="pmp18-0237760"
                     n="a-0300"
                     ecep:lem="a"
                     ecep:pos="dt"
                     ecep:reg="an"
                     ecep:spe="an"
                     ecep:syllab="1"
                     ecep:pron="æn">an</w>
                  <c> </c>
                  <w xml:id="pmp18-0237770"
                     n="a-0310"
                     ecep:lem="object"
                     ecep:pos="n1"
                     ecep:reg="Object"
                     ecep:spe="Object"
                     ecep:syllab="2"
                     ecep:pron="ˈɒbdʒɪkt">Object</w>
                  <c> </c>
                  <w xml:id="pmp18-0237780"
                     n="a-0320"
                     ecep:lem="worth"
                     ecep:pos="n1"
                     ecep:reg="worth"
                     ecep:spe="worth"
                     ecep:syllab="1"
                     ecep:pron="wɜːθ">worth</w>
                  <c> </c>
                  <w xml:id="pmp18-0237790"
                     n="a-0330"
                     ecep:lem="it|be"
                     ecep:pos="pn31|vbz"
                     ecep:reg="it's"
                     ecep:spe="it's"
                     ecep:syllab="1"
                     ecep:pron="ɪts">it's</w>
                  <c> </c>
                  <w xml:id="pmp18-0237800"
                     n="a-0340"
                     ecep:lem="care"
                     ecep:pos="n1"
                     ecep:reg="Care"
                     ecep:spe="Care"
                     ecep:syllab="1"
                     ecep:pron="keə">Care</w>
                  <pc xml:id="pmp18-0237810"
                      n="a-0350"
                      unit="sentence"
                      ecep:lem="."
                      ecep:pos="."
                      ecep:reg="."
                      ecep:spe=".">.</pc>
                  <c> </c>
               </l>
            </lg>
            <lg xml:id="pmp18-s01715">
               <head>
                  <w xml:id="pmp18-0237850"
                     n="a-0360"
                     ecep:lem="iii"
                     ecep:pos="crd"
                     ecep:reg="III"
                     ecep:spe="III"
                     ecep:syllab="1"
                     ecep:pron="rˌəʊmənθrˈiː">III</w>
                  <pc xml:id="pmp18-0237860"
                      n="a-0370"
                      unit="sentence"
                      ecep:lem="."
                      ecep:pos="."
                      ecep:reg="."
                      ecep:spe=".">.</pc>
               </head>
               <l n="9" xml:id="pmp18-l10055">
                  <w xml:id="pmp18-0237880"
                     n="a-0380"
                     ecep:lem="from"
                     ecep:pos="p-acp"
                     ecep:reg="From"
                     ecep:spe="From"
                     ecep:syllab="1"
                     ecep:pron="frɒm">From</w>
                  <c> </c>
                  <w xml:id="pmp18-0237890"
                     n="a-0390"
                     ecep:lem="jealousy"
                     ecep:pos="ng1"
                     ecep:reg="Jealousy's"
                     ecep:spe="Jealousy's"
                     ecep:syllab="3"
                     ecep:pron="ˈdʒeləsiz">Jealousy's</w>
                  <c> </c>
                  <w xml:id="pmp18-0237900"
                     n="a-0400"
                     ecep:lem="torment"
                     ecep:pos="j-vvg"
                     ecep:reg="tormenting"
                     ecep:spe="tormenting"
                     ecep:syllab="3"
                     ecep:pron="tɔːˈmentɪŋ">tormenting</w>
                  <c> </c>
                  <w xml:id="pmp18-0237910"
                     n="a-0410"
                     ecep:lem="strife"
                     ecep:pos="n1"
                     ecep:reg="Strife"
                     ecep:spe="Strife"
                     ecep:syllab="1"
                     ecep:pron="straɪf">Strife</w>
               </l>
               <l n="10" rendition="#h_3" xml:id="pmp18-l10060">
                  <c> </c>
                  <w xml:id="pmp18-0237920"
                     n="a-0420"
                     ecep:lem="for"
                     ecep:pos="p-acp"
                     ecep:reg="For"
                     ecep:spe="For"
                     ecep:syllab="1"
                     ecep:pron="fɔː">For</w>
                  <c> </c>
                  <w xml:id="pmp18-0237930"
                     n="a-0430"
                     ecep:lem="ever"
                     ecep:pos="av"
                     ecep:reg="ever"
                     ecep:spe="ever"
                     ecep:syllab="2"
                     ecep:pron="ˈevə">ever</w>
                  <c> </c>
                  <w xml:id="pmp18-0237940"
                     n="a-0440"
                     ecep:lem="be"
                     ecep:pos="vbi"
                     ecep:reg="be"
                     ecep:spe="be"
                     ecep:syllab="1"
                     ecep:pron="biː">be</w>
                  <c> </c>
                  <w xml:id="pmp18-0237950"
                     n="a-0450"
                     ecep:lem="thy"
                     ecep:pos="po21"
                     ecep:reg="Thy"
                     ecep:spe="Thy"
                     ecep:syllab="1"
                     ecep:pron="ðaɪ">Thy</w>
                  <c> </c>
                  <w xml:id="pmp18-0237960"
                     n="a-0460"
                     ecep:lem="bosom"
                     ecep:pos="n1"
                     ecep:reg="Bosom"
                     ecep:spe="Bosom"
                     ecep:syllab="2"
                     ecep:pron="ˈbʊzm">Bosom</w>
                  <c> </c>
                  <w xml:id="pmp18-0237970"
                     n="a-0470"
                     ecep:lem="free"
                     ecep:pos="vvd"
                     ecep:reg="freed"
                     ecep:spe="free'd"
                     ecep:syllab="1"
                     ecep:pron="frˈiːd">free'd</w>
                  <pc xml:id="pmp18-0237980"
                      n="a-0480"
                      ecep:lem=":"
                      ecep:pos=":"
                      ecep:reg=":"
                      ecep:spe=":">:</pc>
               </l>
               <l n="11" xml:id="pmp18-l10065">
                  <c> </c>
                  <w xml:id="pmp18-0237990"
                     n="a-0490"
                     ecep:lem="that"
                     ecep:pos="cst"
                     ecep:reg="That"
                     ecep:spe="That"
                     ecep:syllab="1"
                     ecep:pron="ðæt">That</w>
                  <c> </c>
                  <w xml:id="pmp18-0238000"
                     n="a-0500"
                     ecep:lem="nothing"
                     ecep:pos="pix"
                     ecep:reg="nothing"
                     ecep:spe="nothing"
                     ecep:syllab="2"
                     ecep:pron="ˈnʌθɪŋ">nothing</w>
                  <c> </c>
                  <w xml:id="pmp18-0238010"
                     n="a-0510"
                     ecep:lem="may"
                     ecep:pos="vmb"
                     ecep:reg="may"
                     ecep:spe="may"
                     ecep:syllab="1"
                     ecep:pron="meɪ">may</w>
                  <c> </c>
                  <w xml:id="pmp18-0238020"
                     n="a-0520"
                     ecep:lem="disturb"
                     ecep:pos="vvi"
                     ecep:reg="disturb"
                     ecep:spe="disturb"
                     ecep:syllab="2"
                     ecep:pron="dɪˈstɜːb">disturb</w>
                  <c> </c>
                  <w xml:id="pmp18-0238030"
                     n="a-0530"
                     ecep:lem="thy"
                     ecep:pos="po21"
                     ecep:reg="Thy"
                     ecep:spe="Thy"
                     ecep:syllab="1"
                     ecep:pron="ðaɪ">Thy</w>
                  <c> </c>
                  <w xml:id="pmp18-0238040"
                     n="a-0540"
                     ecep:lem="life"
                     ecep:pos="n1"
                     ecep:reg="Life"
                     ecep:spe="Life"
                     ecep:syllab="1"
                     ecep:pron="laɪf">Life</w>
                  <pc xml:id="pmp18-0238050"
                      n="a-0550"
                      ecep:lem=","
                      ecep:pos=","
                      ecep:reg=","
                      ecep:spe=",">,</pc>
               </l>
               <l n="12" rendition="#h_3" xml:id="pmp18-l10070">
                  <c> </c>
                  <w xml:id="pmp18-0238060"
                     n="a-0560"
                     ecep:lem="content"
                     ecep:pos="j"
                     ecep:reg="Content"
                     ecep:spe="Content"
                     ecep:syllab="2"
                     ecep:pron="ˈkɒntent">Content</w>
                  <c> </c>
                  <w xml:id="pmp18-0238070"
                     n="a-0570"
                     ecep:lem="i"
                     ecep:pos="pns11"
                     ecep:reg="I"
                     ecep:spe="I"
                     ecep:syllab="1"
                     ecep:pron="aɪ">I</w>
                  <c> </c>
                  <w xml:id="pmp18-0238080"
                     n="a-0580"
                     ecep:lem="hasten"
                     ecep:pos="vvb"
                     ecep:reg="hasten"
                     ecep:spe="hasten"
                     ecep:syllab="2"
                     ecep:pron="ˈheɪsn">hasten</w>
                  <c> </c>
                  <w xml:id="pmp18-0238090"
                     n="a-0590"
                     ecep:lem="to"
                     ecep:pos="p-acp"
                     ecep:reg="to"
                     ecep:spe="to"
                     ecep:syllab="1"
                     ecep:pron="tuː">to</w>
                  <c> </c>
                  <w xml:id="pmp18-0238100"
                     n="a-0600"
                     ecep:lem="the"
                     ecep:pos="dt"
                     ecep:reg="the"
                     ecep:spe="the"
                     ecep:syllab="1"
                     ecep:pron="ðiː">the</w>
                  <c> </c>
                  <w xml:id="pmp18-0238110"
                     n="a-0610"
                     ecep:lem="dead"
                     ecep:pos="j"
                     ecep:reg="Dead"
                     ecep:spe="Dead"
                     ecep:syllab="1"
                     ecep:pron="ded">Dead</w>
                  <pc xml:id="pmp18-0238120"
                      n="a-0620"
                      unit="sentence"
                      ecep:lem="."
                      ecep:pos="."
                      ecep:reg="."
                      ecep:spe=".">.</pc>
                  <c> </c>
               </l>
            </lg>
            <lg xml:id="pmp18-s01720">
               <head>
                  <w xml:id="pmp18-0238160"
                     n="a-0630"
                     ecep:lem="iv"
                     ecep:pos="crd"
                     ecep:reg="IV"
                     ecep:spe="IV"
                     ecep:syllab="1"
                     ecep:pron="rˌəʊmənfˈɔː">IV</w>
                  <pc xml:id="pmp18-0238170"
                      n="a-0640"
                      unit="sentence"
                      ecep:lem="."
                      ecep:pos="."
                      ecep:reg="."
                      ecep:spe=".">.</pc>
               </head>
               <l n="13" xml:id="pmp18-l10075">
                  <w xml:id="pmp18-0238190"
                     n="a-0650"
                     ecep:lem="yet"
                     ecep:pos="av"
                     ecep:reg="Yet"
                     ecep:spe="Yet"
                     ecep:syllab="1"
                     ecep:pron="jet">Yet</w>
                  <c> </c>
                  <w xml:id="pmp18-0238200"
                     n="a-0660"
                     ecep:lem="when"
                     ecep:pos="c-crq"
                     ecep:reg="when"
                     ecep:spe="when"
                     ecep:syllab="1"
                     ecep:pron="wen">when</w>
                  <c> </c>
                  <w xml:id="pmp18-0238210"
                     n="a-0670"
                     ecep:lem="some"
                     ecep:pos="d"
                     ecep:reg="some"
                     ecep:spe="some"
                     ecep:syllab="1"
                     ecep:pron="sʌm">some</w>
                  <c> </c>
                  <w xml:id="pmp18-0238220"
                     n="a-0680"
                     ecep:lem="better-fated"
                     ecep:pos="j"
                     ecep:reg="better-fated"
                     ecep:spe="better-fated"
                     ecep:syllab="4"
                     ecep:pron="ˈbetəˌfeɪtɪd">better-fated</w>
                  <c> </c>
                  <w xml:id="pmp18-0238230"
                     n="a-0690"
                     ecep:lem="youth"
                     ecep:pos="n1"
                     ecep:reg="Youth"
                     ecep:spe="Youth"
                     ecep:syllab="1"
                     ecep:pron="juːθ">Youth</w>
               </l>
               <l n="14" rendition="#h_3" xml:id="pmp18-l10080">
                  <c> </c>
                  <w xml:id="pmp18-0238240"
                     n="a-0700"
                     ecep:lem="shall"
                     ecep:pos="vmb"
                     ecep:reg="Shall"
                     ecep:spe="Shall"
                     ecep:syllab="1"
                     ecep:pron="ʃæl">Shall</w>
                  <c> </c>
                  <w xml:id="pmp18-0238250"
                     n="a-0710"
                     ecep:lem="with"
                     ecep:pos="p-acp"
                     ecep:reg="with"
                     ecep:spe="with"
                     ecep:syllab="1"
                     ecep:pron="wɪð">with</w>
                  <c> </c>
                  <w xml:id="pmp18-0238260"
                     n="a-0720"
                     ecep:lem="his"
                     ecep:pos="po31"
                     ecep:reg="his"
                     ecep:spe="his"
                     ecep:syllab="1"
                     ecep:pron="hɪz">his</w>
                  <c> </c>
                  <w xml:id="pmp18-0238270"
                     n="a-0730"
                     ecep:lem="amorous"
                     ecep:pos="j"
                     ecep:reg="amorous"
                     ecep:spe="am'rous"
                     ecep:syllab="2"
                     ecep:pron="ˈæmrəs">am'rous</w>
                  <c> </c>
                  <w xml:id="pmp18-0238280"
                     n="a-0740"
                     ecep:lem="parly"
                     ecep:pos="np1"
                     ecep:reg="Parly"
                     ecep:spe="Parly"
                     ecep:syllab="2"
                     ecep:pron="pˈɑːli">Parly</w>
                  <c> </c>
                  <w xml:id="pmp18-0238290"
                     n="a-0750"
                     ecep:lem="move"
                     ecep:pos="vvb"
                     ecep:reg="move"
                     ecep:spe="move"
                     ecep:syllab="1"
                     ecep:pron="muːv">move</w>
                  <c> </c>
                  <w xml:id="pmp18-0238300"
                     n="a-0760"
                     ecep:lem="thou"
                     ecep:pos="pno21"
                     ecep:reg="Thee"
                     ecep:spe="Thee"
                     ecep:syllab="1"
                     ecep:pron="ðiː">Thee</w>
                  <pc xml:id="pmp18-0238310"
                      n="a-0770"
                      ecep:lem=";"
                      ecep:pos=";"
                      ecep:reg=";"
                      ecep:spe=";">;</pc>
               </l>
               <l n="15" xml:id="pmp18-l10085">
                  <c> </c>
                  <w xml:id="pmp18-0238320"
                     n="a-0780"
                     ecep:lem="reflect"
                     ecep:pos="vvb"
                     ecep:reg="Reflect"
                     ecep:spe="Reflect"
                     ecep:syllab="2"
                     ecep:pron="rɪˈflekt">Reflect</w>
                  <c> </c>
                  <w xml:id="pmp18-0238330"
                     n="a-0790"
                     ecep:lem="one"
                     ecep:pos="crd"
                     ecep:reg="One"
                     ecep:spe="One"
                     ecep:syllab="1"
                     ecep:pron="wʌn">One</w>
                  <c> </c>
                  <w xml:id="pmp18-0238340"
                     n="a-0800"
                     ecep:lem="moment"
                     ecep:pos="n1"
                     ecep:reg="Moment"
                     ecep:spe="Moment"
                     ecep:syllab="2"
                     ecep:pron="ˈməʊmənt">Moment</w>
                  <c> </c>
                  <w xml:id="pmp18-0238350"
                     n="a-0810"
                     ecep:lem="on"
                     ecep:pos="p-acp"
                     ecep:reg="on"
                     ecep:spe="on"
                     ecep:syllab="1"
                     ecep:pron="ɒn">on</w>
                  <c> </c>
                  <w xml:id="pmp18-0238360"
                     n="a-0820"
                     ecep:lem="his"
                     ecep:pos="po31"
                     ecep:reg="His"
                     ecep:spe="His"
                     ecep:syllab="1"
                     ecep:pron="hɪz">His</w>
                  <c> </c>
                  <w xml:id="pmp18-0238370"
                     n="a-0830"
                     ecep:lem="truth"
                     ecep:pos="n1"
                     ecep:reg="Truth"
                     ecep:spe="Truth"
                     ecep:syllab="1"
                     ecep:pron="truːθ">Truth</w>
                  <pc xml:id="pmp18-0238380"
                      n="a-0840"
                      ecep:lem=","
                      ecep:pos=","
                      ecep:reg=","
                      ecep:spe=",">,</pc>
               </l>
               <l n="16" rendition="#h_3" xml:id="pmp18-l10090">
                  <c> </c>
                  <w xml:id="pmp18-0238390"
                     n="a-0850"
                     ecep:lem="who"
                     ecep:pos="r-crq"
                     ecep:reg="Who"
                     ecep:spe="Who"
                     ecep:syllab="1"
                     ecep:pron="huː">Who</w>
                  <c> </c>
                  <w xml:id="pmp18-0238400"
                     n="a-0860"
                     ecep:lem="die"
                     ecep:pos="vvg"
                     ecep:reg="dying"
                     ecep:spe="dying"
                     ecep:syllab="2"
                     ecep:pron="ˈdaɪɪŋ">dying</w>
                  <c> </c>
                  <w xml:id="pmp18-0238410"
                     n="a-0870"
                     ecep:lem="thus"
                     ecep:pos="av"
                     ecep:reg="Thus"
                     ecep:spe="Thus"
                     ecep:syllab="1"
                     ecep:pron="ðʌs">Thus</w>
                  <pc xml:id="pmp18-0238420"
                      n="a-0880"
                      ecep:lem=","
                      ecep:pos=","
                      ecep:reg=","
                      ecep:spe=",">,</pc>
                  <c> </c>
                  <w xml:id="pmp18-0238430"
                     n="a-0890"
                     ecep:lem="persist"
                     ecep:pos="vvz"
                     ecep:reg="persists"
                     ecep:spe="persists"
                     ecep:syllab="2"
                     ecep:pron="pəˈsɪsts">persists</w>
                  <c> </c>
                  <w xml:id="pmp18-0238440"
                     n="a-0900"
                     ecep:lem="to"
                     ecep:pos="pc-acp"
                     ecep:reg="to"
                     ecep:spe="to"
                     ecep:syllab="1"
                     ecep:pron="tuː">to</w>
                  <c> </c>
                  <w xml:id="pmp18-0238450"
                     n="a-0910"
                     ecep:lem="love"
                     ecep:pos="vvi"
                     ecep:reg="love"
                     ecep:spe="love"
                     ecep:syllab="1"
                     ecep:pron="lʌv">love</w>
                  <c> </c>
                  <w xml:id="pmp18-0238460"
                     n="a-0920"
                     ecep:lem="thou"
                     ecep:pos="pno21"
                     ecep:reg="Thee"
                     ecep:spe="Thee"
                     ecep:syllab="1"
                     ecep:pron="ðiː">Thee</w>
                  <pc xml:id="pmp18-0238470"
                      n="a-0930"
                      unit="sentence"
                      ecep:lem="."
                      ecep:pos="."
                      ecep:reg="."
                      ecep:spe=".">.</pc>
                  <c> </c>
               </l>
            </lg>
         </div>
      </body>
   </text>
</TEI>
