<?xml version="1.0" encoding="UTF-8"?>
<div xmlns:ecep="http://www.eighteenthcenturypoetry.org/ns"
     xmlns="http://www.tei-c.org/ns/1.0"
     xmlns:tei="http://www.tei-c.org/ns/1.0"
     ana="#iamb #tetrameter #trimeter #quatrain #cross #song"
     corresp="#txt_WattIs1674_w0074"
     decls="#semi-normalized"
     ecep:syllab="8.6.8.6"
     met="-+|-+|-+|-+/ -+|-+|-+/ -+|-+|-+|-+/ -+|-+|-+/"
     n="4"
     rendition="#lgvspace"
     rhyme="abab"
     subtype="eceptext"
     type="song"
     xml:id="o5454-w0040">
   <link target="authors.xml#aut_WattIs1674" type="author"/>
   <head type="main">
      <w xml:id="o5454-025580"
         n="16-a-0260"
         ecep:lem="song"
         ecep:pos="n1"
         ecep:reg="SONG"
         ecep:spe="SONG"
         ecep:syllab="1"
         ecep:pron="sɒŋ">SONG</w>
      <c> </c>
      <w xml:id="o5454-025590"
         n="16-a-0270"
         ecep:lem="iv"
         ecep:pos="crd"
         ecep:reg="IV"
         ecep:spe="IV"
         ecep:syllab="1"
         ecep:pron="rˌəʊmənfˈɔː">IV</w>
      <pc xml:id="o5454-025600"
          n="16-a-0280"
          unit="sentence"
          ecep:lem="."
          ecep:pos="."
          ecep:reg="."
          ecep:spe=".">.</pc>
   </head>
   <head type="sub">
      <w xml:id="o5454-025630"
         n="16-a-0290"
         ecep:lem="praise"
         ecep:pos="n1"
         ecep:reg="Praise"
         ecep:spe="Praise"
         ecep:syllab="1"
         ecep:pron="preɪz">Praise</w>
      <c> </c>
      <w xml:id="o5454-025640"
         n="16-a-0300"
         ecep:lem="for"
         ecep:pos="p-acp"
         ecep:reg="for"
         ecep:spe="for"
         ecep:syllab="1"
         ecep:pron="fɔː">for</w>
      <c> </c>
      <w xml:id="o5454-025650"
         n="16-a-0310"
         ecep:lem="mercy"
         ecep:pos="n2"
         ecep:reg="Mercies"
         ecep:spe="Mercies"
         ecep:syllab="2"
         ecep:pron="ˈmɜːsiz">Mercies</w>
      <c> </c>
      <w xml:id="o5454-025660"
         n="16-a-0320"
         ecep:lem="spiritual"
         ecep:pos="j"
         ecep:reg="Spiritual"
         ecep:spe="Spiritual"
         ecep:syllab="4"
         ecep:pron="ˈspɪrɪtʃuəl">Spiritual</w>
      <c> </c>
      <w xml:id="o5454-025670"
         n="16-a-0330"
         ecep:lem="and"
         ecep:pos="cc"
         ecep:reg="and"
         ecep:spe="and"
         ecep:syllab="1"
         ecep:pron="ænd">and</w>
      <c> </c>
      <w xml:id="o5454-025680"
         n="16-a-0340"
         ecep:lem="temporal"
         ecep:pos="j"
         ecep:reg="Temporal"
         ecep:spe="Temporal"
         ecep:syllab="3"
         ecep:pron="ˈtemprl">Temporal</w>
      <pc xml:id="o5454-025690"
          n="16-a-0350"
          unit="sentence"
          ecep:lem="."
          ecep:pos="."
          ecep:reg="."
          ecep:spe=".">.</pc>
   </head>
   <lg n="1" xml:id="o5454-s00180">
      <head>
         <w xml:id="o5454-025730"
            n="16-a-0360"
            ecep:lem="i"
            ecep:pos="pns11"
            ecep:reg="I"
            ecep:spe="I."
            ecep:syllab="1"
            ecep:pron="ˈaɪ">I.</w>
         <pc unit="sentence" xml:id="o5454-025730-eos" n="16-a-0370"/>
      </head>
      <l xml:id="o5454-l00425">
         <w xml:id="o5454-025750"
            n="16-a-0380"
            ecep:lem="whenever"
            ecep:pos="cs"
            ecep:reg="Whenever"
            ecep:spe="WHene'er"
            ecep:syllab="2"
            ecep:pron="wenˈeə">WHene'er</w>
         <c> </c>
         <w xml:id="o5454-025760"
            n="16-a-0390"
            ecep:lem="i"
            ecep:pos="pns11"
            ecep:reg="I"
            ecep:spe="I"
            ecep:syllab="1"
            ecep:pron="aɪ">I</w>
         <c> </c>
         <w xml:id="o5454-025770"
            n="16-a-0400"
            ecep:lem="take"
            ecep:pos="vvb"
            ecep:reg="take"
            ecep:spe="take"
            ecep:syllab="1"
            ecep:pron="teɪk">take</w>
         <c> </c>
         <w xml:id="o5454-025780"
            n="16-a-0410"
            ecep:lem="my"
            ecep:pos="po11"
            ecep:reg="my"
            ecep:spe="my"
            ecep:syllab="1"
            ecep:pron="maɪ">my</w>
         <c> </c>
         <w xml:id="o5454-025790"
            n="16-a-0420"
            ecep:lem="walk"
            ecep:pos="n2"
            ecep:reg="Walks"
            ecep:spe="Walks"
            ecep:syllab="1"
            ecep:pron="wɔːks">Walks</w>
         <c> </c>
         <w xml:id="o5454-025800"
            n="16-a-0430"
            ecep:lem="abroad"
            ecep:pos="av"
            ecep:reg="abroad"
            ecep:spe="abroad"
            ecep:syllab="2"
            ecep:pron="əˈbrɔːd">abroad</w>
         <pc xml:id="o5454-025810"
             n="16-a-0440"
             ecep:lem=","
             ecep:pos=","
             ecep:reg=","
             ecep:spe=",">,</pc>
      </l>
      <l xml:id="o5454-l00430">
         <c> </c>
         <w xml:id="o5454-025820"
            n="16-a-0450"
            ecep:lem="how"
            ecep:pos="c-crq"
            ecep:reg="How"
            ecep:spe="How"
            ecep:syllab="1"
            ecep:pron="haʊ">How</w>
         <c> </c>
         <w xml:id="o5454-025830"
            n="16-a-0460"
            ecep:lem="many"
            ecep:pos="d"
            ecep:reg="many"
            ecep:spe="many"
            ecep:syllab="2"
            ecep:pron="ˈmeni">many</w>
         <c> </c>
         <w xml:id="o5454-025840"
            n="16-a-0470"
            ecep:lem="poor"
            ecep:pos="j"
            ecep:reg="Poor"
            ecep:spe="Poor"
            ecep:syllab="1"
            ecep:pron="pɔː">Poor</w>
         <c> </c>
         <w xml:id="o5454-025850"
            n="16-a-0480"
            ecep:lem="i"
            ecep:pos="pns11"
            ecep:reg="I"
            ecep:spe="I"
            ecep:syllab="1"
            ecep:pron="aɪ">I</w>
         <c> </c>
         <w xml:id="o5454-025860"
            n="16-a-0490"
            ecep:lem="see"
            ecep:pos="vvb"
            ecep:reg="see"
            ecep:spe="see"
            ecep:syllab="1"
            ecep:pron="siː">see</w>
         <pc xml:id="o5454-025870"
             n="16-a-0500"
             unit="sentence"
             ecep:lem="?"
             ecep:pos="?"
             ecep:reg="?"
             ecep:spe="?">?</pc>
         <c> </c>
      </l>
      <l xml:id="o5454-l00435">
         <w xml:id="o5454-025880"
            n="16-a-0510"
            ecep:lem="what"
            ecep:pos="q-crq"
            ecep:reg="What"
            ecep:spe="What"
            ecep:syllab="1"
            ecep:pron="wɒt">What</w>
         <c> </c>
         <w xml:id="o5454-025890"
            n="16-a-0520"
            ecep:lem="shall"
            ecep:pos="vmb"
            ecep:reg="shall"
            ecep:spe="shall"
            ecep:syllab="1"
            ecep:pron="ʃæl">shall</w>
         <c> </c>
         <w xml:id="o5454-025900"
            n="16-a-0530"
            ecep:lem="i"
            ecep:pos="pns11"
            ecep:reg="I"
            ecep:spe="I"
            ecep:syllab="1"
            ecep:pron="aɪ">I</w>
         <c> </c>
         <w xml:id="o5454-025910"
            n="16-a-0540"
            ecep:lem="render"
            ecep:pos="vvi"
            ecep:reg="render"
            ecep:spe="render"
            ecep:syllab="2"
            ecep:pron="ˈrendə">render</w>
         <c> </c>
         <w xml:id="o5454-025920"
            n="16-a-0550"
            ecep:lem="to"
            ecep:pos="p-acp"
            ecep:reg="to"
            ecep:spe="to"
            ecep:syllab="1"
            ecep:pron="tuː">to</w>
         <c> </c>
         <w xml:id="o5454-025930"
            n="16-a-0560"
            ecep:lem="my"
            ecep:pos="po11"
            ecep:reg="my"
            ecep:spe="my"
            ecep:syllab="1"
            ecep:pron="maɪ">my</w>
         <c> </c>
         <w xml:id="o5454-025940"
            n="16-a-0570"
            ecep:lem="god"
            ecep:pos="n1"
            ecep:reg="GOD"
            ecep:spe="GOD"
            ecep:syllab="1"
            ecep:pron="gɒd">GOD</w>
      </l>
      <l xml:id="o5454-l00440">
         <c> </c>
         <w xml:id="o5454-025950"
            n="16-a-0580"
            ecep:lem="for"
            ecep:pos="p-acp"
            ecep:reg="For"
            ecep:spe="For"
            ecep:syllab="1"
            ecep:pron="fɔː">For</w>
         <c> </c>
         <w xml:id="o5454-025960"
            n="16-a-0590"
            ecep:lem="all"
            ecep:pos="d"
            ecep:reg="all"
            ecep:spe="all"
            ecep:syllab="1"
            ecep:pron="ɔːl">all</w>
         <c> </c>
         <w xml:id="o5454-025970"
            n="16-a-0600"
            ecep:lem="his"
            ecep:pos="po31"
            ecep:reg="his"
            ecep:spe="his"
            ecep:syllab="1"
            ecep:pron="hɪz">his</w>
         <c> </c>
         <w xml:id="o5454-025980"
            n="16-a-0610"
            ecep:lem="gift"
            ecep:pos="n2"
            ecep:reg="Gifts"
            ecep:spe="Gifts"
            ecep:syllab="1"
            ecep:pron="gɪfts">Gifts</w>
         <c> </c>
         <w xml:id="o5454-025990"
            n="16-a-0620"
            ecep:lem="to"
            ecep:pos="p-acp"
            ecep:reg="to"
            ecep:spe="to"
            ecep:syllab="1"
            ecep:pron="tuː">to</w>
         <c> </c>
         <w xml:id="o5454-026000"
            n="16-a-0630"
            ecep:lem="i"
            ecep:pos="pno11"
            ecep:reg="me"
            ecep:spe="me"
            ecep:syllab="1"
            ecep:pron="miː">me</w>
         <pc xml:id="o5454-026010"
             n="16-a-0640"
             unit="sentence"
             ecep:lem="?"
             ecep:pos="?"
             ecep:reg="?"
             ecep:spe="?">?</pc>
         <c> </c>
      </l>
   </lg>
   <lg n="2" xml:id="o5454-s00185">
      <head>
         <w xml:id="o5454-026050"
            n="16-a-0650"
            ecep:lem="ii"
            ecep:pos="crd"
            ecep:reg="II"
            ecep:spe="II"
            ecep:syllab="1"
            ecep:pron="rˌəʊməntˈuː">II</w>
         <pc xml:id="o5454-026060"
             n="16-a-0660"
             unit="sentence"
             ecep:lem="."
             ecep:pos="."
             ecep:reg="."
             ecep:spe=".">.</pc>
      </head>
      <l xml:id="o5454-l00445">
         <w xml:id="o5454-026080"
            n="16-a-0670"
            ecep:lem="not"
            ecep:pos="xx"
            ecep:reg="Not"
            ecep:spe="Not"
            ecep:syllab="1"
            ecep:pron="nɒt">Not</w>
         <c> </c>
         <w xml:id="o5454-026090"
            n="16-a-0680"
            ecep:lem="more"
            ecep:pos="av-dc"
            ecep:reg="more"
            ecep:spe="more"
            ecep:syllab="1"
            ecep:pron="mɔː">more</w>
         <c> </c>
         <w xml:id="o5454-026100"
            n="16-a-0690"
            ecep:lem="than"
            ecep:pos="cs"
            ecep:reg="than"
            ecep:spe="than"
            ecep:syllab="1"
            ecep:pron="ðæn">than</w>
         <c> </c>
         <w xml:id="o5454-026110"
            n="16-a-0700"
            ecep:lem="other"
            ecep:pos="n2-jn"
            ecep:reg="others"
            ecep:spe="others"
            ecep:syllab="2"
            ecep:pron="ˈʌðəz">others</w>
         <c> </c>
         <w xml:id="o5454-026120"
            n="16-a-0710"
            ecep:lem="i"
            ecep:pos="pns11"
            ecep:reg="I"
            ecep:spe="I"
            ecep:syllab="1"
            ecep:pron="aɪ">I</w>
         <c> </c>
         <w xml:id="o5454-026130"
            n="16-a-0720"
            ecep:lem="deserve"
            ecep:pos="vvb"
            ecep:reg="deserve"
            ecep:spe="deserve"
            ecep:syllab="2"
            ecep:pron="dɪˈzɜːv">deserve</w>
         <pc xml:id="o5454-026140"
             n="16-a-0730"
             ecep:lem=","
             ecep:pos=","
             ecep:reg=","
             ecep:spe=",">,</pc>
      </l>
      <l xml:id="o5454-l00450">
         <c> </c>
         <w xml:id="o5454-026150"
            n="16-a-0740"
            ecep:lem="yet"
            ecep:pos="av"
            ecep:reg="Yet"
            ecep:spe="Yet"
            ecep:syllab="1"
            ecep:pron="jet">Yet</w>
         <c> </c>
         <w xml:id="o5454-026160"
            n="16-a-0750"
            ecep:lem="god"
            ecep:pos="n1"
            ecep:reg="GOD"
            ecep:spe="GOD"
            ecep:syllab="1"
            ecep:pron="gɒd">GOD</w>
         <c> </c>
         <w xml:id="o5454-026170"
            n="16-a-0760"
            ecep:lem="his"
            ecep:pos="po31"
            ecep:reg="his"
            ecep:spe="his"
            ecep:syllab="1"
            ecep:pron="hɪz">his</w>
         <c> </c>
         <w xml:id="o5454-026180"
            n="16-a-0770"
            ecep:lem="give"
            ecep:pos="vvn"
            ecep:reg="given"
            ecep:spe="giv'n"
            ecep:syllab="1"
            ecep:pron="gɪvn">giv'n</w>
         <c> </c>
         <w xml:id="o5454-026190"
            n="16-a-0780"
            ecep:lem="i"
            ecep:pos="pno11"
            ecep:reg="me"
            ecep:spe="me"
            ecep:syllab="1"
            ecep:pron="miː">me</w>
         <c> </c>
         <w xml:id="o5454-026200"
            n="16-a-0790"
            ecep:lem="more"
            ecep:pos="av-dc"
            ecep:reg="more"
            ecep:spe="more"
            ecep:syllab="1"
            ecep:pron="mɔː">more</w>
         <pc xml:id="o5454-026210"
             n="16-a-0800"
             ecep:lem=";"
             ecep:pos=";"
             ecep:reg=";"
             ecep:spe=";">;</pc>
      </l>
      <l xml:id="o5454-l00455">
         <c> </c>
         <w xml:id="o5454-026220"
            n="16-a-0810"
            ecep:lem="for"
            ecep:pos="c-acp"
            ecep:reg="For"
            ecep:spe="For"
            ecep:syllab="1"
            ecep:pron="fɔː">For</w>
         <c> </c>
         <w xml:id="o5454-026230"
            n="16-a-0820"
            ecep:lem="i"
            ecep:pos="pns11"
            ecep:reg="I"
            ecep:spe="I"
            ecep:syllab="1"
            ecep:pron="aɪ">I</w>
         <c> </c>
         <w xml:id="o5454-026240"
            n="16-a-0830"
            ecep:lem="have"
            ecep:pos="vhb"
            ecep:reg="have"
            ecep:spe="have"
            ecep:syllab="1"
            ecep:pron="hæv">have</w>
         <c> </c>
         <w xml:id="o5454-026250"
            n="16-a-0840"
            ecep:lem="food"
            ecep:pos="n1"
            ecep:reg="Food"
            ecep:spe="Food"
            ecep:syllab="1"
            ecep:pron="fuːd">Food</w>
         <c> </c>
         <w xml:id="o5454-026260"
            n="16-a-0850"
            ecep:lem="while"
            ecep:pos="cs"
            ecep:reg="while"
            ecep:spe="while"
            ecep:syllab="1"
            ecep:pron="ˈwaɪl">while</w>
         <c> </c>
         <w xml:id="o5454-026270"
            n="16-a-0860"
            ecep:lem="other"
            ecep:pos="n2-jn"
            ecep:reg="others"
            ecep:spe="others"
            ecep:syllab="2"
            ecep:pron="ˈʌðəz">others</w>
         <c> </c>
         <w xml:id="o5454-026280"
            n="16-a-0870"
            ecep:lem="starve"
            ecep:pos="vvb"
            ecep:reg="starve"
            ecep:spe="starve"
            ecep:syllab="1"
            ecep:pron="stɑːv">starve</w>
         <pc xml:id="o5454-026290"
             n="16-a-0880"
             ecep:lem=","
             ecep:pos=","
             ecep:reg=","
             ecep:spe=",">,</pc>
      </l>
      <l xml:id="o5454-l00460">
         <c> </c>
         <w xml:id="o5454-026300"
            n="16-a-0890"
            ecep:lem="or"
            ecep:pos="cc"
            ecep:reg="Or"
            ecep:spe="Or"
            ecep:syllab="1"
            ecep:pron="ɔː">Or</w>
         <c> </c>
         <w xml:id="o5454-026310"
            n="16-a-0900"
            ecep:lem="beg"
            ecep:pos="vvb"
            ecep:reg="beg"
            ecep:spe="beg"
            ecep:syllab="1"
            ecep:pron="beg">beg</w>
         <c> </c>
         <w xml:id="o5454-026320"
            n="16-a-0910"
            ecep:lem="from"
            ecep:pos="p-acp"
            ecep:reg="from"
            ecep:spe="from"
            ecep:syllab="1"
            ecep:pron="frɒm">from</w>
         <c> </c>
         <w xml:id="o5454-026330"
            n="16-a-0920"
            ecep:lem="door"
            ecep:pos="n1"
            ecep:reg="Door"
            ecep:spe="Door"
            ecep:syllab="1"
            ecep:pron="dɔː">Door</w>
         <c> </c>
         <w xml:id="o5454-026340"
            n="16-a-0930"
            ecep:lem="to"
            ecep:pos="p-acp"
            ecep:reg="to"
            ecep:spe="to"
            ecep:syllab="1"
            ecep:pron="tuː">to</w>
         <c> </c>
         <w xml:id="o5454-026350"
            n="16-a-0940"
            ecep:lem="door"
            ecep:pos="n1"
            ecep:reg="Door"
            ecep:spe="Door"
            ecep:syllab="1"
            ecep:pron="dɔː">Door</w>
         <pc xml:id="o5454-026360"
             n="16-a-0950"
             unit="sentence"
             ecep:lem="."
             ecep:pos="."
             ecep:reg="."
             ecep:spe=".">.</pc>
         <c> </c>
      </l>
   </lg>
   <lg n="3" xml:id="o5454-s00190">
      <head>
         <w xml:id="o5454-026400"
            n="16-a-0960"
            ecep:lem="iii"
            ecep:pos="crd"
            ecep:reg="III"
            ecep:spe="III"
            ecep:syllab="1"
            ecep:pron="rˌəʊmənθrˈiː">III</w>
         <pc xml:id="o5454-026410"
             n="16-a-0970"
             unit="sentence"
             ecep:lem="."
             ecep:pos="."
             ecep:reg="."
             ecep:spe=".">.</pc>
      </head>
      <l xml:id="o5454-l00465">
         <w xml:id="o5454-026430"
            n="16-a-0980"
            ecep:lem="how"
            ecep:pos="c-crq"
            ecep:reg="How"
            ecep:spe="How"
            ecep:syllab="1"
            ecep:pron="haʊ">How</w>
         <c> </c>
         <w xml:id="o5454-026440"
            n="16-a-0990"
            ecep:lem="many"
            ecep:pos="d"
            ecep:reg="many"
            ecep:spe="many"
            ecep:syllab="2"
            ecep:pron="ˈmeni">many</w>
         <c> </c>
         <w xml:id="o5454-026450"
            n="16-a-1000"
            ecep:lem="child"
            ecep:pos="n2"
            ecep:reg="Children"
            ecep:spe="Children"
            ecep:syllab="2"
            ecep:pron="ˈtʃɪldrn">Children</w>
         <c> </c>
         <w xml:id="o5454-026460"
            n="16-a-1010"
            ecep:lem="in"
            ecep:pos="p-acp"
            ecep:reg="in"
            ecep:spe="in"
            ecep:syllab="1"
            ecep:pron="ɪn">in</w>
         <c> </c>
         <w xml:id="o5454-026470"
            n="16-a-1020"
            ecep:lem="the"
            ecep:pos="dt"
            ecep:reg="the"
            ecep:spe="the"
            ecep:syllab="1"
            ecep:pron="ðiː">the</w>
         <c> </c>
         <w xml:id="o5454-026480"
            n="16-a-1030"
            ecep:lem="street"
            ecep:pos="n1"
            ecep:reg="Street"
            ecep:spe="Street"
            ecep:syllab="1"
            ecep:pron="striːt">Street</w>
      </l>
      <l xml:id="o5454-l00470">
         <c> </c>
         <w xml:id="o5454-026490"
            n="16-a-1040"
            ecep:lem="half"
            ecep:pos="av-jn"
            ecep:reg="Half"
            ecep:spe="Half"
            ecep:syllab="1"
            ecep:pron="hɑːf">Half</w>
         <c> </c>
         <w xml:id="o5454-026500"
            n="16-a-1050"
            ecep:lem="naked"
            ecep:pos="j"
            ecep:reg="naked"
            ecep:spe="naked"
            ecep:syllab="2"
            ecep:pron="ˈneɪkɪd">naked</w>
         <c> </c>
         <w xml:id="o5454-026510"
            n="16-a-1060"
            ecep:lem="i"
            ecep:pos="pns11"
            ecep:reg="I"
            ecep:spe="I"
            ecep:syllab="1"
            ecep:pron="aɪ">I</w>
         <c> </c>
         <w xml:id="o5454-026520"
            n="16-a-1070"
            ecep:lem="behold"
            ecep:pos="vvb"
            ecep:reg="behold"
            ecep:spe="behold"
            ecep:syllab="2"
            ecep:pron="bɪˈhəʊld">behold</w>
         <pc xml:id="o5454-026530"
             n="16-a-1080"
             unit="sentence"
             ecep:lem="?"
             ecep:pos="?"
             ecep:reg="?"
             ecep:spe="?">?</pc>
         <c> </c>
      </l>
      <l xml:id="o5454-l00475">
         <w xml:id="o5454-026540"
            n="16-a-1090"
            ecep:lem="while"
            ecep:pos="cs"
            ecep:reg="While"
            ecep:spe="While"
            ecep:syllab="1"
            ecep:pron="ˈwaɪl">While</w>
         <c> </c>
         <w xml:id="o5454-026550"
            n="16-a-1100"
            ecep:lem="i"
            ecep:pos="pns11"
            ecep:reg="I"
            ecep:spe="I"
            ecep:syllab="1"
            ecep:pron="aɪ">I</w>
         <c> </c>
         <w xml:id="o5454-026560"
            n="16-a-1110"
            ecep:lem="be"
            ecep:pos="vbm"
            ecep:reg="am"
            ecep:spe="am"
            ecep:syllab="1"
            ecep:pron="æm">am</w>
         <c> </c>
         <w xml:id="o5454-026570"
            n="16-a-1120"
            ecep:lem="clothe"
            ecep:pos="vvn"
            ecep:reg="clothed"
            ecep:spe="cloth'd"
            ecep:syllab="1"
            ecep:pron="kləʊðd">cloth'd</w>
         <c> </c>
         <w xml:id="o5454-026580"
            n="16-a-1130"
            ecep:lem="from"
            ecep:pos="p-acp"
            ecep:reg="from"
            ecep:spe="from"
            ecep:syllab="1"
            ecep:pron="frɒm">from</w>
         <c> </c>
         <w xml:id="o5454-026590"
            n="16-a-1140"
            ecep:lem="head"
            ecep:pos="n1"
            ecep:reg="Head"
            ecep:spe="Head"
            ecep:syllab="1"
            ecep:pron="hed">Head</w>
         <c> </c>
         <w xml:id="o5454-026600"
            n="16-a-1150"
            ecep:lem="to"
            ecep:pos="p-acp"
            ecep:reg="to"
            ecep:spe="to"
            ecep:syllab="1"
            ecep:pron="tuː">to</w>
         <c> </c>
         <w xml:id="o5454-026610"
            n="16-a-1160"
            ecep:lem="foot"
            ecep:pos="n2"
            ecep:reg="Feet"
            ecep:spe="Feet"
            ecep:syllab="1"
            ecep:pron="fiːt">Feet</w>
         <pc xml:id="o5454-026620"
             n="16-a-1170"
             ecep:lem=","
             ecep:pos=","
             ecep:reg=","
             ecep:spe=",">,</pc>
      </l>
      <l xml:id="o5454-l00480">
         <c> </c>
         <w xml:id="o5454-026630"
            n="16-a-1180"
            ecep:lem="and"
            ecep:pos="cc"
            ecep:reg="And"
            ecep:spe="And"
            ecep:syllab="1"
            ecep:pron="ænd">And</w>
         <c> </c>
         <w xml:id="o5454-026640"
            n="16-a-1190"
            ecep:lem="cover"
            ecep:pos="vvd"
            ecep:reg="covered"
            ecep:spe="cover'd"
            ecep:syllab="2"
            ecep:pron="ˈkʌvəd">cover'd</w>
         <c> </c>
         <w xml:id="o5454-026650"
            n="16-a-1200"
            ecep:lem="from"
            ecep:pos="p-acp"
            ecep:reg="from"
            ecep:spe="from"
            ecep:syllab="1"
            ecep:pron="frɒm">from</w>
         <c> </c>
         <w xml:id="o5454-026660"
            n="16-a-1210"
            ecep:lem="the"
            ecep:pos="dt"
            ecep:reg="the"
            ecep:spe="the"
            ecep:syllab="1"
            ecep:pron="ðiː">the</w>
         <c> </c>
         <w xml:id="o5454-026670"
            n="16-a-1220"
            ecep:lem="cold"
            ecep:pos="j-jn"
            ecep:reg="Cold"
            ecep:spe="Cold"
            ecep:syllab="1"
            ecep:pron="kəʊld">Cold</w>
         <pc xml:id="o5454-026680"
             n="16-a-1230"
             unit="sentence"
             ecep:lem="."
             ecep:pos="."
             ecep:reg="."
             ecep:spe=".">.</pc>
         <c> </c>
      </l>
   </lg>
   <pb facs="o5454/0022" n="7" rend="none"/>
   <lg n="4" xml:id="o5454-s00195">
      <head>
         <w xml:id="o5454-026720"
            n="17-a-0010"
            ecep:lem="iv"
            ecep:pos="crd"
            ecep:reg="IV"
            ecep:spe="IV"
            ecep:syllab="1"
            ecep:pron="rˌəʊmənfˈɔː">IV</w>
         <pc xml:id="o5454-026730"
             n="17-a-0020"
             unit="sentence"
             ecep:lem="."
             ecep:pos="."
             ecep:reg="."
             ecep:spe=".">.</pc>
      </head>
      <l xml:id="o5454-l00485">
         <w xml:id="o5454-026750"
            n="17-a-0030"
            ecep:lem="while"
            ecep:pos="cs"
            ecep:reg="While"
            ecep:spe="While"
            ecep:syllab="1"
            ecep:pron="ˈwaɪl">While</w>
         <c> </c>
         <w xml:id="o5454-026760"
            n="17-a-0040"
            ecep:lem="some"
            ecep:pos="d"
            ecep:reg="some"
            ecep:spe="some"
            ecep:syllab="1"
            ecep:pron="sʌm">some</w>
         <c> </c>
         <w xml:id="o5454-026770"
            n="17-a-0050"
            ecep:lem="poor"
            ecep:pos="j"
            ecep:reg="poor"
            ecep:spe="poor"
            ecep:syllab="1"
            ecep:pron="pɔː">poor</w>
         <c> </c>
         <w xml:id="o5454-026780"
            n="17-a-0060"
            ecep:lem="wretch"
            ecep:pos="n2"
            ecep:reg="Wretches"
            ecep:spe="Wretches"
            ecep:syllab="2"
            ecep:pron="retʃɪz">Wretches</w>
         <c> </c>
         <w xml:id="o5454-026790"
            n="17-a-0070"
            ecep:lem="scarce"
            ecep:pos="av-j"
            ecep:reg="scarce"
            ecep:spe="scarce"
            ecep:syllab="1"
            ecep:pron="skeəs">scarce</w>
         <c> </c>
         <w xml:id="o5454-026800"
            n="17-a-0080"
            ecep:lem="can"
            ecep:pos="vmb"
            ecep:reg="can"
            ecep:spe="can"
            ecep:syllab="1"
            ecep:pron="kæn">can</w>
         <c> </c>
         <w xml:id="o5454-026810"
            n="17-a-0090"
            ecep:lem="tell"
            ecep:pos="vvi"
            ecep:reg="tell"
            ecep:spe="tell"
            ecep:syllab="1"
            ecep:pron="tel">tell</w>
      </l>
      <l xml:id="o5454-l00490">
         <c> </c>
         <w xml:id="o5454-026820"
            n="17-a-0100"
            ecep:lem="where"
            ecep:pos="c-crq"
            ecep:reg="Where"
            ecep:spe="Where"
            ecep:syllab="1"
            ecep:pron="weə">Where</w>
         <c> </c>
         <w xml:id="o5454-026830"
            n="17-a-0110"
            ecep:lem="they"
            ecep:pos="pns32"
            ecep:reg="they"
            ecep:spe="they"
            ecep:syllab="1"
            ecep:pron="ðeɪ">they</w>
         <c> </c>
         <w xml:id="o5454-026840"
            n="17-a-0120"
            ecep:lem="may"
            ecep:pos="vmb"
            ecep:reg="may"
            ecep:spe="may"
            ecep:syllab="1"
            ecep:pron="meɪ">may</w>
         <c> </c>
         <w xml:id="o5454-026850"
            n="17-a-0130"
            ecep:lem="lay"
            ecep:pos="vvi"
            ecep:reg="lay"
            ecep:spe="lay"
            ecep:syllab="1"
            ecep:pron="leɪ">lay</w>
         <c> </c>
         <w xml:id="o5454-026860"
            n="17-a-0140"
            ecep:lem="their"
            ecep:pos="po32"
            ecep:reg="their"
            ecep:spe="their"
            ecep:syllab="1"
            ecep:pron="ðeə">their</w>
         <c> </c>
         <w xml:id="o5454-026870"
            n="17-a-0150"
            ecep:lem="head"
            ecep:pos="n1"
            ecep:reg="Head"
            ecep:spe="Head"
            ecep:syllab="1"
            ecep:pron="hed">Head</w>
         <pc xml:id="o5454-026880"
             n="17-a-0160"
             ecep:lem=";"
             ecep:pos=";"
             ecep:reg=";"
             ecep:spe=";">;</pc>
      </l>
      <l xml:id="o5454-l00495">
         <c> </c>
         <w xml:id="o5454-026890"
            n="17-a-0170"
            ecep:lem="i"
            ecep:pos="pns11"
            ecep:reg="I"
            ecep:spe="I"
            ecep:syllab="1"
            ecep:pron="aɪ">I</w>
         <c> </c>
         <w xml:id="o5454-026900"
            n="17-a-0180"
            ecep:lem="have"
            ecep:pos="vhb"
            ecep:reg="have"
            ecep:spe="have"
            ecep:syllab="1"
            ecep:pron="hæv">have</w>
         <c> </c>
         <w xml:id="o5454-026910"
            n="17-a-0190"
            ecep:lem="a"
            ecep:pos="dt"
            ecep:reg="a"
            ecep:spe="a"
            ecep:syllab="1"
            ecep:pron="ə">a</w>
         <c> </c>
         <w xml:id="o5454-026920"
            n="17-a-0200"
            ecep:lem="home"
            ecep:pos="av-an"
            ecep:reg="Home"
            ecep:spe="Home"
            ecep:syllab="1"
            ecep:pron="həʊm">Home</w>
         <c> </c>
         <w xml:id="o5454-026930"
            n="17-a-0210"
            ecep:lem="wherein"
            ecep:pos="c-crq"
            ecep:reg="wherein"
            ecep:spe="wherein"
            ecep:syllab="2"
            ecep:pron="weəˈrɪn">wherein</w>
         <c> </c>
         <w xml:id="o5454-026940"
            n="17-a-0220"
            ecep:lem="to"
            ecep:pos="pc-acp"
            ecep:reg="to"
            ecep:spe="to"
            ecep:syllab="1"
            ecep:pron="tuː">to</w>
         <c> </c>
         <w xml:id="o5454-026950"
            n="17-a-0230"
            ecep:lem="dwell"
            ecep:pos="vvi"
            ecep:reg="dwell"
            ecep:spe="dwell"
            ecep:syllab="1"
            ecep:pron="dwel">dwell</w>
         <pc xml:id="o5454-026960"
             n="17-a-0240"
             ecep:lem=","
             ecep:pos=","
             ecep:reg=","
             ecep:spe=",">,</pc>
      </l>
      <l xml:id="o5454-l00500">
         <c> </c>
         <w xml:id="o5454-026970"
            n="17-a-0250"
            ecep:lem="and"
            ecep:pos="cc"
            ecep:reg="And"
            ecep:spe="And"
            ecep:syllab="1"
            ecep:pron="ænd">And</w>
         <c> </c>
         <w xml:id="o5454-026980"
            n="17-a-0260"
            ecep:lem="rest"
            ecep:pos="vvi"
            ecep:reg="rest"
            ecep:spe="rest"
            ecep:syllab="1"
            ecep:pron="rest">rest</w>
         <c> </c>
         <w xml:id="o5454-026990"
            n="17-a-0270"
            ecep:lem="upon"
            ecep:pos="p-acp"
            ecep:reg="upon"
            ecep:spe="upon"
            ecep:syllab="2"
            ecep:pron="əˈpɒn">upon</w>
         <c> </c>
         <w xml:id="o5454-027000"
            n="17-a-0280"
            ecep:lem="my"
            ecep:pos="po11"
            ecep:reg="my"
            ecep:spe="my"
            ecep:syllab="1"
            ecep:pron="maɪ">my</w>
         <c> </c>
         <w xml:id="o5454-027010"
            n="17-a-0290"
            ecep:lem="bed"
            ecep:pos="n1"
            ecep:reg="Bed"
            ecep:spe="Bed"
            ecep:syllab="1"
            ecep:pron="bed">Bed</w>
         <pc xml:id="o5454-027020"
             n="17-a-0300"
             unit="sentence"
             ecep:lem="."
             ecep:pos="."
             ecep:reg="."
             ecep:spe=".">.</pc>
         <c> </c>
      </l>
   </lg>
   <lg n="5" xml:id="o5454-s00200">
      <head>
         <w xml:id="o5454-027060"
            n="17-a-0310"
            ecep:lem="v."
            ecep:pos="crd"
            ecep:reg="V"
            ecep:spe="V."
            ecep:syllab="1"
            ecep:pron="viː">V.</w>
         <pc unit="sentence" xml:id="o5454-027060-eos" n="17-a-0320"/>
      </head>
      <l xml:id="o5454-l00505">
         <w xml:id="o5454-027080"
            n="17-a-0330"
            ecep:lem="while"
            ecep:pos="cs"
            ecep:reg="While"
            ecep:spe="While"
            ecep:syllab="1"
            ecep:pron="ˈwaɪl">While</w>
         <c> </c>
         <w xml:id="o5454-027090"
            n="17-a-0340"
            ecep:lem="other"
            ecep:pos="n2-jn"
            ecep:reg="others"
            ecep:spe="others"
            ecep:syllab="2"
            ecep:pron="ˈʌðəz">others</w>
         <c> </c>
         <w xml:id="o5454-027100"
            n="17-a-0350"
            ecep:lem="early"
            ecep:pos="av-j"
            ecep:reg="early"
            ecep:spe="early"
            ecep:syllab="2"
            ecep:pron="ˈɜːli">early</w>
         <c> </c>
         <w xml:id="o5454-027110"
            n="17-a-0360"
            ecep:lem="learn"
            ecep:pos="vvb"
            ecep:reg="learn"
            ecep:spe="learn"
            ecep:syllab="1"
            ecep:pron="lɜːn">learn</w>
         <c> </c>
         <w xml:id="o5454-027120"
            n="17-a-0370"
            ecep:lem="to"
            ecep:pos="pc-acp"
            ecep:reg="to"
            ecep:spe="to"
            ecep:syllab="1"
            ecep:pron="tuː">to</w>
         <c> </c>
         <w xml:id="o5454-027130"
            n="17-a-0380"
            ecep:lem="swear"
            ecep:pos="vvi"
            ecep:reg="Swear"
            ecep:spe="Swear"
            ecep:syllab="1"
            ecep:pron="sweə">Swear</w>
         <pc xml:id="o5454-027140"
             n="17-a-0390"
             ecep:lem=","
             ecep:pos=","
             ecep:reg=","
             ecep:spe=",">,</pc>
      </l>
      <l xml:id="o5454-l00510">
         <c> </c>
         <w xml:id="o5454-027150"
            n="17-a-0400"
            ecep:lem="and"
            ecep:pos="cc"
            ecep:reg="And"
            ecep:spe="And"
            ecep:syllab="1"
            ecep:pron="ænd">And</w>
         <c> </c>
         <w xml:id="o5454-027160"
            n="17-a-0410"
            ecep:lem="curse"
            ecep:pos="vvb"
            ecep:reg="Curse"
            ecep:spe="Curse"
            ecep:syllab="1"
            ecep:pron="kɜːs">Curse</w>
         <pc xml:id="o5454-027170"
             n="17-a-0420"
             ecep:lem=","
             ecep:pos=","
             ecep:reg=","
             ecep:spe=",">,</pc>
         <c> </c>
         <w xml:id="o5454-027180"
            n="17-a-0430"
            ecep:lem="and"
            ecep:pos="cc"
            ecep:reg="and"
            ecep:spe="and"
            ecep:syllab="1"
            ecep:pron="ænd">and</w>
         <c> </c>
         <w xml:id="o5454-027190"
            n="17-a-0440"
            ecep:lem="lye"
            ecep:pos="n1"
            ecep:reg="Lie"
            ecep:spe="Lye"
            ecep:syllab="1"
            ecep:pron="laɪ">Lye</w>
         <pc xml:id="o5454-027200"
             n="17-a-0450"
             ecep:lem=","
             ecep:pos=","
             ecep:reg=","
             ecep:spe=",">,</pc>
         <c> </c>
         <w xml:id="o5454-027210"
            n="17-a-0460"
            ecep:lem="and"
            ecep:pos="cc"
            ecep:reg="and"
            ecep:spe="and"
            ecep:syllab="1"
            ecep:pron="ænd">and</w>
         <c> </c>
         <w xml:id="o5454-027220"
            n="17-a-0470"
            ecep:lem="steal"
            ecep:pos="vvi"
            ecep:reg="Steal"
            ecep:spe="Steal"
            ecep:syllab="1"
            ecep:pron="stiːl">Steal</w>
         <pc xml:id="o5454-027230"
             n="17-a-0480"
             ecep:lem=":"
             ecep:pos=":"
             ecep:reg=":"
             ecep:spe=":">:</pc>
      </l>
      <l xml:id="o5454-l00515">
         <c> </c>
         <w xml:id="o5454-027240"
            n="17-a-0490"
            ecep:lem="lord"
            ecep:pos="n1"
            ecep:reg="LORD"
            ecep:spe="LORD"
            ecep:syllab="1"
            ecep:pron="lɔːd">LORD</w>
         <pc xml:id="o5454-027250"
             n="17-a-0500"
             ecep:lem=","
             ecep:pos=","
             ecep:reg=","
             ecep:spe=",">,</pc>
         <c> </c>
         <w xml:id="o5454-027260"
            n="17-a-0510"
            ecep:lem="i"
            ecep:pos="pns11"
            ecep:reg="I"
            ecep:spe="I"
            ecep:syllab="1"
            ecep:pron="aɪ">I</w>
         <c> </c>
         <w xml:id="o5454-027270"
            n="17-a-0520"
            ecep:lem="be"
            ecep:pos="vbm"
            ecep:reg="am"
            ecep:spe="am"
            ecep:syllab="1"
            ecep:pron="æm">am</w>
         <c> </c>
         <w xml:id="o5454-027280"
            n="17-a-0530"
            ecep:lem="teach"
            ecep:pos="vvn"
            ecep:reg="taught"
            ecep:spe="taught"
            ecep:syllab="1"
            ecep:pron="tɔːt">taught</w>
         <c> </c>
         <w xml:id="o5454-027290"
            n="17-a-0540"
            ecep:lem="thy"
            ecep:pos="po21"
            ecep:reg="thy"
            ecep:spe="thy"
            ecep:syllab="1"
            ecep:pron="ðaɪ">thy</w>
         <c> </c>
         <w xml:id="o5454-027300"
            n="17-a-0550"
            ecep:lem="name"
            ecep:pos="n1"
            ecep:reg="Name"
            ecep:spe="Name"
            ecep:syllab="1"
            ecep:pron="neɪm">Name</w>
         <c> </c>
         <w xml:id="o5454-027310"
            n="17-a-0560"
            ecep:lem="to"
            ecep:pos="pc-acp"
            ecep:reg="to"
            ecep:spe="to"
            ecep:syllab="1"
            ecep:pron="tuː">to</w>
         <c> </c>
         <w xml:id="o5454-027320"
            n="17-a-0570"
            ecep:lem="fear"
            ecep:pos="vvi"
            ecep:reg="fear"
            ecep:spe="fear"
            ecep:syllab="1"
            ecep:pron="fɪə">fear</w>
         <pc xml:id="o5454-027330"
             n="17-a-0580"
             ecep:lem=","
             ecep:pos=","
             ecep:reg=","
             ecep:spe=",">,</pc>
      </l>
      <l xml:id="o5454-l00520">
         <c> </c>
         <w xml:id="o5454-027340"
            n="17-a-0590"
            ecep:lem="and"
            ecep:pos="cc"
            ecep:reg="And"
            ecep:spe="And"
            ecep:syllab="1"
            ecep:pron="ænd">And</w>
         <c> </c>
         <w xml:id="o5454-027350"
            n="17-a-0600"
            ecep:lem="do"
            ecep:pos="vdb"
            ecep:reg="do"
            ecep:spe="do"
            ecep:syllab="1"
            ecep:pron="duː">do</w>
         <c> </c>
         <w xml:id="o5454-027360"
            n="17-a-0610"
            ecep:lem="thy"
            ecep:pos="po21"
            ecep:reg="thy"
            ecep:spe="thy"
            ecep:syllab="1"
            ecep:pron="ðaɪ">thy</w>
         <c> </c>
         <w xml:id="o5454-027370"
            n="17-a-0620"
            ecep:lem="holy"
            ecep:pos="j"
            ecep:reg="holy"
            ecep:spe="holy"
            ecep:syllab="2"
            ecep:pron="ˈhəʊli">holy</w>
         <c> </c>
         <w xml:id="o5454-027380"
            n="17-a-0630"
            ecep:lem="will"
            ecep:pos="n1"
            ecep:reg="Will"
            ecep:spe="Will"
            ecep:syllab="1"
            ecep:pron="wɪl">Will</w>
         <pc unit="sentence"
             xml:id="o5454-027380-eos"
             n="17-a-0640"
             ecep:lem="."
             ecep:pos="."
             ecep:reg="."
             ecep:spe=".">.</pc>
         <c> </c>
      </l>
   </lg>
   <lg n="6" xml:id="o5454-s00205">
      <head>
         <w xml:id="o5454-027420"
            n="17-a-0650"
            ecep:lem="vi"
            ecep:pos="crd"
            ecep:reg="VI"
            ecep:spe="VI"
            ecep:syllab="1"
            ecep:pron="ˈvaɪ">VI</w>
         <pc xml:id="o5454-027430"
             n="17-a-0660"
             unit="sentence"
             ecep:lem="."
             ecep:pos="."
             ecep:reg="."
             ecep:spe=".">.</pc>
      </head>
      <l xml:id="o5454-l00525">
         <w xml:id="o5454-027450"
            n="17-a-0670"
            ecep:lem="be"
            ecep:pos="vbb"
            ecep:reg="Are"
            ecep:spe="Are"
            ecep:syllab="1"
            ecep:pron="ɑː">Are</w>
         <c> </c>
         <w xml:id="o5454-027460"
            n="17-a-0680"
            ecep:lem="these"
            ecep:pos="d"
            ecep:reg="these"
            ecep:spe="these"
            ecep:syllab="1"
            ecep:pron="ðiːz">these</w>
         <c> </c>
         <w xml:id="o5454-027470"
            n="17-a-0690"
            ecep:lem="thy"
            ecep:pos="po21"
            ecep:reg="thy"
            ecep:spe="thy"
            ecep:syllab="1"
            ecep:pron="ðaɪ">thy</w>
         <c> </c>
         <w xml:id="o5454-027480"
            n="17-a-0700"
            ecep:lem="favour"
            ecep:pos="n2"
            ecep:reg="Favours"
            ecep:spe="Favours"
            ecep:syllab="2"
            ecep:pron="ˈfeɪvəz">Favours</w>
         <c> </c>
         <w xml:id="o5454-027490"
            n="17-a-0710"
            ecep:lem="day"
            ecep:pos="n1"
            ecep:reg="Day"
            ecep:spe="Day"
            ecep:syllab="1"
            ecep:pron="deɪ">Day</w>
         <c> </c>
         <w xml:id="o5454-027500"
            n="17-a-0720"
            ecep:lem="by"
            ecep:pos="p-acp"
            ecep:reg="by"
            ecep:spe="by"
            ecep:syllab="1"
            ecep:pron="baɪ">by</w>
         <c> </c>
         <w xml:id="o5454-027510"
            n="17-a-0730"
            ecep:lem="day"
            ecep:pos="n1"
            ecep:reg="Day"
            ecep:spe="Day"
            ecep:syllab="1"
            ecep:pron="deɪ">Day</w>
      </l>
      <l xml:id="o5454-l00530">
         <c> </c>
         <w xml:id="o5454-027520"
            n="17-a-0740"
            ecep:lem="to"
            ecep:pos="p-acp"
            ecep:reg="To"
            ecep:spe="To"
            ecep:syllab="1"
            ecep:pron="tuː">To</w>
         <c> </c>
         <w xml:id="o5454-027530"
            n="17-a-0750"
            ecep:lem="i"
            ecep:pos="pno11"
            ecep:reg="me"
            ecep:spe="me"
            ecep:syllab="1"
            ecep:pron="miː">me</w>
         <c> </c>
         <w xml:id="o5454-027540"
            n="17-a-0760"
            ecep:lem="above"
            ecep:pos="p-acp"
            ecep:reg="above"
            ecep:spe="above"
            ecep:syllab="2"
            ecep:pron="əˈbʌv">above</w>
         <c> </c>
         <w xml:id="o5454-027550"
            n="17-a-0770"
            ecep:lem="the"
            ecep:pos="dt"
            ecep:reg="the"
            ecep:spe="the"
            ecep:syllab="1"
            ecep:pron="ðiː">the</w>
         <c> </c>
         <w xml:id="o5454-027560"
            n="17-a-0780"
            ecep:lem="rest"
            ecep:pos="n1"
            ecep:reg="Rest"
            ecep:spe="Rest"
            ecep:syllab="1"
            ecep:pron="rest">Rest</w>
         <pc xml:id="o5454-027570"
             n="17-a-0790"
             unit="sentence"
             ecep:lem="?"
             ecep:pos="?"
             ecep:reg="?"
             ecep:spe="?">?</pc>
         <c> </c>
      </l>
      <l xml:id="o5454-l00535">
         <w xml:id="o5454-027580"
            n="17-a-0800"
            ecep:lem="then"
            ecep:pos="av"
            ecep:reg="Then"
            ecep:spe="Then"
            ecep:syllab="1"
            ecep:pron="ðen">Then</w>
         <c> </c>
         <w xml:id="o5454-027590"
            n="17-a-0810"
            ecep:lem="let"
            ecep:pos="vvb"
            ecep:reg="let"
            ecep:spe="let"
            ecep:syllab="1"
            ecep:pron="let">let</w>
         <c> </c>
         <w xml:id="o5454-027600"
            n="17-a-0820"
            ecep:lem="i"
            ecep:pos="pno11"
            ecep:reg="me"
            ecep:spe="me"
            ecep:syllab="1"
            ecep:pron="miː">me</w>
         <c> </c>
         <w xml:id="o5454-027610"
            n="17-a-0830"
            ecep:lem="love"
            ecep:pos="vvi"
            ecep:reg="love"
            ecep:spe="love"
            ecep:syllab="1"
            ecep:pron="lʌv">love</w>
         <c> </c>
         <w xml:id="o5454-027620"
            n="17-a-0840"
            ecep:lem="thou"
            ecep:pos="pno21"
            ecep:reg="Thee"
            ecep:spe="Thee"
            ecep:syllab="1"
            ecep:pron="ðiː">Thee</w>
         <c> </c>
         <w xml:id="o5454-027630"
            n="17-a-0850"
            ecep:lem="more"
            ecep:pos="av-dc"
            ecep:reg="more"
            ecep:spe="more"
            ecep:syllab="1"
            ecep:pron="mɔː">more</w>
         <c> </c>
         <w xml:id="o5454-027640"
            n="17-a-0860"
            ecep:lem="than"
            ecep:pos="cs"
            ecep:reg="than"
            ecep:spe="than"
            ecep:syllab="1"
            ecep:pron="ðæn">than</w>
         <c> </c>
         <w xml:id="o5454-027650"
            n="17-a-0870"
            ecep:lem="they"
            ecep:pos="pns32"
            ecep:reg="they"
            ecep:spe="they"
            ecep:syllab="1"
            ecep:pron="ðeɪ">they</w>
      </l>
      <l xml:id="o5454-l00540">
         <c> </c>
         <w xml:id="o5454-027660"
            n="17-a-0880"
            ecep:lem="and"
            ecep:pos="cc"
            ecep:reg="And"
            ecep:spe="And"
            ecep:syllab="1"
            ecep:pron="ænd">And</w>
         <c> </c>
         <w xml:id="o5454-027670"
            n="17-a-0890"
            ecep:lem="try"
            ecep:pos="vvb"
            ecep:reg="try"
            ecep:spe="try"
            ecep:syllab="1"
            ecep:pron="traɪ">try</w>
         <c> </c>
         <w xml:id="o5454-027680"
            n="17-a-0900"
            ecep:lem="to"
            ecep:pos="pc-acp"
            ecep:reg="to"
            ecep:spe="to"
            ecep:syllab="1"
            ecep:pron="tuː">to</w>
         <c> </c>
         <w xml:id="o5454-027690"
            n="17-a-0910"
            ecep:lem="serve"
            ecep:pos="vvi"
            ecep:reg="serve"
            ecep:spe="serve"
            ecep:syllab="1"
            ecep:pron="sɜːv">serve</w>
         <c> </c>
         <w xml:id="o5454-027700"
            n="17-a-0920"
            ecep:lem="thou"
            ecep:pos="pno21"
            ecep:reg="Thee"
            ecep:spe="Thee"
            ecep:syllab="1"
            ecep:pron="ðiː">Thee</w>
         <c> </c>
         <w xml:id="o5454-027710"
            n="17-a-0930"
            ecep:lem="best"
            ecep:pos="av-js"
            ecep:reg="best"
            ecep:spe="best"
            ecep:syllab="1"
            ecep:pron="best">best</w>
         <pc xml:id="o5454-027720"
             n="17-a-0940"
             unit="sentence"
             ecep:lem="."
             ecep:pos="."
             ecep:reg="."
             ecep:spe=".">.</pc>
         <c> </c>
      </l>
   </lg>
</div>
