<?xml version="1.0" encoding="UTF-8"?>
<?xml-model href="../tei_all.rnc" type="application/relax-ng-compact-syntax"?>
<TEI xmlns="http://www.tei-c.org/ns/1.0">
   <teiHeader>
      <fileDesc>
         <titleStmt>
            <title corresp="#txt_BailJo1762_w0037">SECOND DEVOTIONAL SONG.</title>
            <author corresp="authors.xml#aut_BailJo1762">Joanna Baillie</author>
            <respStmt>
               <name xml:id="AH">Alexander Huber</name>
               <resp>Editor</resp>
            </respStmt>
            <funder>
               <name type="institution" xml:id="BOD">Bodleian Libraries, University of Oxford</name>
               <address>
                  <addrLine>Broad Street</addrLine>
                  <addrLine>Oxford OX1 3BG</addrLine>
                  <addrLine>UK</addrLine>
               </address>
            </funder>
         </titleStmt>
         <publicationStmt>
            <publisher xml:id="ECPA">Eighteenth-Century Poetry Archive</publisher>
            <address>
               <addrLine>Taylor Institution Library</addrLine>
               <addrLine>St Giles'</addrLine>
               <addrLine>Oxford OX1 3NA</addrLine>
               <addrLine>UK</addrLine>
               <addrLine>
                  <email>info@eighteenthcenturypoetry.org</email>
               </addrLine>
               <addrLine>
                  <ref target="https://www.eighteenthcenturypoetry.org/">https://www.eighteenthcenturypoetry.org/</ref>
               </addrLine>
            </address>
            <pubPlace>Oxford</pubPlace>
            <availability status="restricted">
               <licence target="http://creativecommons.org/licenses/by-sa/3.0/">This work is licensed under a Creative Commons Attribution-ShareAlike 3.0 Unported License.</licence>
            </availability>
         </publicationStmt>
         <sourceDesc>
            <bibl>
               <author>Baillie, Joanna, 1762-1851.</author>
               <title>Fugitive Verses. By Joanna Baillie, author of “Dramas on the Passions,“ etc.</title>
               <pubPlace>London</pubPlace>
               <publisher>Edward Moxon, Dover Street. MDCCCXL.</publisher>
               <date>1840</date>
               <biblScope>pp. 206-207.</biblScope>
               <extent/>
            </bibl>
         </sourceDesc>
      </fileDesc>
      <encodingDesc>
         <projectDesc>
            <p>This e-text is part of the Works section of the Eighteenth-Century Poetry Archive (ECPA).</p>
            <p>XML created for the Eighteenth-Century Poetry Archive (ECPA).</p>
         </projectDesc>
         <editorialDecl>
            <p>Typography, spelling, capitalization, and punctuation have been cautiously modernized. The source of the text is given and all significant
						editorial interventions have been recorded in textual notes. This  text has been edited to conform to the recommendations found 
						in Level 5 of the
						Best Practices for TEI in Libraries version 4.0.0.
					</p>
         </editorialDecl>
         <classDecl>
            <taxonomy xml:id="LCNAF">
               <bibl>Library of Congress Name Authority File (<abbr>LCNAF</abbr>)</bibl>
            </taxonomy>
         </classDecl>
         <tagsDecl>
            <rendition n="linegroups indented" xml:id="lgindent" scheme="css">text-indent: 1em;</rendition>
            <rendition n="linegroups vertically spaced" xml:id="lgvspace" scheme="css">margin-bottom: 1em;</rendition>
            <rendition n="aligned centrally" xml:id="align-center" scheme="css">text-align: center;</rendition>
            <rendition n="aligned right" xml:id="align-right" scheme="css">text-align: right;</rendition>
            <rendition n="aligned left" xml:id="align-left" scheme="css">text-align: left;</rendition>
            <rendition n="inline" xml:id="inline" scheme="css">display: inline</rendition>
            <rendition n="italic" xml:id="i" scheme="css">font-style: italic;</rendition>
            <rendition n="bold" xml:id="b" scheme="css">font-weight: bold;</rendition>
         </tagsDecl>
      </encodingDesc>
   </teiHeader>
   <text>
      <body>
         <div xmlns:ecep="http://www.eighteenthcenturypoetry.org/ns"
              xmlns:tei="http://www.tei-c.org/ns/1.0"
              ana="#iamb #tetrameter #quatrain #cross #acephal #song"
              corresp="#txt_BailJo1762_w0037"
              decls="#semi-normalized"
              ecep:syllab="8.7.8.7"
              met="-+|-+|-+|-+/ -+|-+|-+|-/ -+|-+|-+|-+/ -+|-+|-+|-/"
              rendition="#lgvspace"
              rhyme="abab"
              subtype="eceptext"
              type="poem"
              xml:id="bjb18-w0370">
            <link target="authors.xml#aut_BailJo1762" type="author"/>
            <link subtype="topic" target="#bjb18-w0360" type="related"/>
            <link subtype="topic" target="#bjb18-w0380" type="related"/>
            <head type="main">
               <w xml:id="bjb18-324050"
                  n="a-1020"
                  ecep:lem="second"
                  ecep:pos="ord"
                  ecep:reg="SECOND"
                  ecep:spe="SECOND"
                  ecep:syllab="2"
                  ecep:pron="ˈseknd">SECOND</w>
               <c> </c>
               <w xml:id="bjb18-324060"
                  n="a-1030"
                  ecep:lem="devotional"
                  ecep:pos="j"
                  ecep:reg="DEVOTIONAL"
                  ecep:spe="DEVOTIONAL"
                  ecep:syllab="4"
                  ecep:pron="dɪˈvəʊʃnl">DEVOTIONAL</w>
               <c> </c>
               <w xml:id="bjb18-324070"
                  n="a-1040"
                  ecep:lem="song"
                  ecep:pos="n1"
                  ecep:reg="SONG"
                  ecep:spe="SONG"
                  ecep:syllab="1"
                  ecep:pron="sɒŋ">SONG</w>
               <pc xml:id="bjb18-324080"
                   n="a-1050"
                   unit="sentence"
                   ecep:lem="."
                   ecep:pos="."
                   ecep:reg="."
                   ecep:spe=".">.</pc>
            </head>
            <lg xml:id="bjb18-s01795">
               <l xml:id="bjb18-l17010">
                  <hi rendition="#sc">
                     <w xml:id="bjb18-324110"
                        n="a-1060"
                        ecep:lem="our"
                        ecep:pos="po12"
                        ecep:reg="OUR"
                        ecep:spe="OUR"
                        ecep:syllab="1"
                        ecep:pron="æə">OUR</w>
                  </hi>
                  <c> </c>
                  <w xml:id="bjb18-324120"
                     n="a-1070"
                     ecep:lem="heavenly"
                     ecep:pos="j"
                     ecep:reg="heavenly"
                     ecep:spe="heavenly"
                     ecep:syllab="2"
                     ecep:pron="ˈhevnli">heavenly</w>
                  <c> </c>
                  <w xml:id="bjb18-324130"
                     n="a-1080"
                     ecep:lem="father"
                     ecep:pos="n1"
                     ecep:reg="Father"
                     ecep:spe="Father"
                     ecep:syllab="2"
                     ecep:pron="ˈfɑːðə">Father</w>
                  <c> </c>
                  <w xml:id="bjb18-324140"
                     n="a-1090"
                     ecep:lem="send"
                     ecep:pos="vvd"
                     ecep:reg="sent"
                     ecep:spe="sent"
                     ecep:syllab="1"
                     ecep:pron="sent">sent</w>
                  <c> </c>
                  <w xml:id="bjb18-324150"
                     n="a-1100"
                     ecep:lem="his"
                     ecep:pos="po31"
                     ecep:reg="his"
                     ecep:spe="his"
                     ecep:syllab="1"
                     ecep:pron="hɪz">his</w>
                  <c> </c>
                  <w xml:id="bjb18-324160"
                     n="a-1110"
                     ecep:lem="son"
                     ecep:pos="n1"
                     ecep:reg="Son"
                     ecep:spe="Son"
                     ecep:syllab="1"
                     ecep:pron="sʌn">Son</w>
               </l>
               <l rendition="#h_3" xml:id="bjb18-l17015">
                  <c> </c>
                  <w xml:id="bjb18-324170"
                     n="a-1120"
                     ecep:lem="from"
                     ecep:pos="p-acp"
                     ecep:reg="From"
                     ecep:spe="From"
                     ecep:syllab="1"
                     ecep:pron="frɒm">From</w>
                  <c> </c>
                  <w xml:id="bjb18-324180"
                     n="a-1130"
                     ecep:lem="hateful"
                     ecep:pos="j"
                     ecep:reg="hateful"
                     ecep:spe="hateful"
                     ecep:syllab="2"
                     ecep:pron="ˈheɪtfl">hateful</w>
                  <c> </c>
                  <w xml:id="bjb18-324190"
                     n="a-1140"
                     ecep:lem="sin"
                     ecep:pos="n1"
                     ecep:reg="sin"
                     ecep:spe="sin"
                     ecep:syllab="1"
                     ecep:pron="sɪn">sin</w>
                  <c> </c>
                  <w xml:id="bjb18-324200"
                     n="a-1150"
                     ecep:lem="to"
                     ecep:pos="pc-acp"
                     ecep:reg="to"
                     ecep:spe="to"
                     ecep:syllab="1"
                     ecep:pron="tuː">to</w>
                  <c> </c>
                  <w xml:id="bjb18-324210"
                     n="a-1160"
                     ecep:lem="save"
                     ecep:pos="vvi"
                     ecep:reg="save"
                     ecep:spe="save"
                     ecep:syllab="1"
                     ecep:pron="seɪv">save</w>
                  <c> </c>
                  <w xml:id="bjb18-324220"
                     n="a-1170"
                     ecep:lem="we"
                     ecep:pos="pno12"
                     ecep:reg="us"
                     ecep:spe="us"
                     ecep:syllab="1"
                     ecep:pron="ʌs">us</w>
                  <pc xml:id="bjb18-324230"
                      n="a-1180"
                      ecep:lem=","
                      ecep:pos=","
                      ecep:reg=","
                      ecep:spe=",">,</pc>
               </l>
               <l xml:id="bjb18-l17020">
                  <c> </c>
                  <w xml:id="bjb18-324240"
                     n="a-1190"
                     ecep:lem="and"
                     ecep:pos="cc"
                     ecep:reg="And"
                     ecep:spe="And"
                     ecep:syllab="1"
                     ecep:pron="ænd">And</w>
                  <c> </c>
                  <w xml:id="bjb18-324250"
                     n="a-1200"
                     ecep:lem="precious"
                     ecep:pos="j"
                     ecep:reg="precious"
                     ecep:spe="precious"
                     ecep:syllab="2"
                     ecep:pron="ˈpreʃəs">precious</w>
                  <c> </c>
                  <w xml:id="bjb18-324260"
                     n="a-1210"
                     ecep:lem="blessing"
                     ecep:pos="n2"
                     ecep:reg="blessings"
                     ecep:spe="blessings"
                     ecep:syllab="2"
                     ecep:pron="ˈblesɪŋz">blessings</w>
                  <c> </c>
                  <w xml:id="bjb18-324270"
                     n="a-1220"
                     ecep:lem="many"
                     ecep:pos="d"
                     ecep:reg="many"
                     ecep:spe="many"
                     ecep:syllab="2"
                     ecep:pron="ˈmeni">many</w>
                  <c> </c>
                  <w xml:id="bjb18-324280"
                     n="a-1230"
                     ecep:lem="a"
                     ecep:pos="dt"
                     ecep:reg="a"
                     ecep:spe="a"
                     ecep:syllab="1"
                     ecep:pron="ə">a</w>
                  <c> </c>
                  <w xml:id="bjb18-324290"
                     n="a-1240"
                     ecep:lem="one"
                     ecep:pos="pi"
                     ecep:reg="one"
                     ecep:spe="one"
                     ecep:syllab="1"
                     ecep:pron="wʌn">one</w>
                  <pc xml:id="bjb18-324300"
                      n="a-1250"
                      ecep:lem=","
                      ecep:pos=","
                      ecep:reg=","
                      ecep:spe=",">,</pc>
               </l>
               <l rendition="#h_3" xml:id="bjb18-l17025">
                  <c> </c>
                  <w xml:id="bjb18-324310"
                     n="a-1260"
                     ecep:lem="health"
                     ecep:pos="n1"
                     ecep:reg="Health"
                     ecep:spe="Health"
                     ecep:syllab="1"
                     ecep:pron="helθ">Health</w>
                  <pc xml:id="bjb18-324320"
                      n="a-1270"
                      ecep:lem=","
                      ecep:pos=","
                      ecep:reg=","
                      ecep:spe=",">,</pc>
                  <c> </c>
                  <w xml:id="bjb18-324330"
                     n="a-1280"
                     ecep:lem="friend"
                     ecep:pos="n2"
                     ecep:reg="friends"
                     ecep:spe="friends"
                     ecep:syllab="1"
                     ecep:pron="frendz">friends</w>
                  <c> </c>
                  <w xml:id="bjb18-324340"
                     n="a-1290"
                     ecep:lem="and"
                     ecep:pos="cc"
                     ecep:reg="and"
                     ecep:spe="and"
                     ecep:syllab="1"
                     ecep:pron="ænd">and</w>
                  <c> </c>
                  <w xml:id="bjb18-324350"
                     n="a-1300"
                     ecep:lem="freedom"
                     ecep:pos="n1"
                     ecep:reg="freedom"
                     ecep:spe="freedom"
                     ecep:syllab="2"
                     ecep:pron="ˈfriːdəm">freedom</w>
                  <c> </c>
                  <w xml:id="bjb18-324360"
                     n="a-1310"
                     ecep:lem="give"
                     ecep:pos="vvd"
                     ecep:reg="gave"
                     ecep:spe="gave"
                     ecep:syllab="1"
                     ecep:pron="geɪv">gave</w>
                  <c> </c>
                  <w xml:id="bjb18-324370"
                     n="a-1320"
                     ecep:lem="we"
                     ecep:pos="pno12"
                     ecep:reg="us"
                     ecep:spe="us"
                     ecep:syllab="1"
                     ecep:pron="ʌs">us</w>
                  <pc xml:id="bjb18-324380"
                      n="a-1330"
                      unit="sentence"
                      ecep:lem="."
                      ecep:pos="."
                      ecep:reg="."
                      ecep:spe=".">.</pc>
                  <c> </c>
               </l>
            </lg>
            <pb facs="bjb18/0223" n="207" rend="none"/>
            <lg xml:id="bjb18-s01800">
               <l xml:id="bjb18-l17030">
                  <w xml:id="bjb18-324410"
                     n="a-0010"
                     ecep:lem="and"
                     ecep:pos="cc"
                     ecep:reg="And"
                     ecep:spe="And"
                     ecep:syllab="1"
                     ecep:pron="ænd">And</w>
                  <c> </c>
                  <w xml:id="bjb18-324420"
                     n="a-0020"
                     ecep:lem="all"
                     ecep:pos="d"
                     ecep:reg="all"
                     ecep:spe="all"
                     ecep:syllab="1"
                     ecep:pron="ɔːl">all</w>
                  <c> </c>
                  <w xml:id="bjb18-324430"
                     n="a-0030"
                     ecep:lem="we"
                     ecep:pos="pns12"
                     ecep:reg="we"
                     ecep:spe="we"
                     ecep:syllab="1"
                     ecep:pron="wiː">we</w>
                  <c> </c>
                  <w xml:id="bjb18-324440"
                     n="a-0040"
                     ecep:lem="see"
                     ecep:pos="vvb"
                     ecep:reg="see"
                     ecep:spe="see"
                     ecep:syllab="1"
                     ecep:pron="siː">see</w>
                  <pc xml:id="bjb18-324450"
                      n="a-0050"
                      ecep:lem=","
                      ecep:pos=","
                      ecep:reg=","
                      ecep:spe=",">,</pc>
                  <c> </c>
                  <w xml:id="bjb18-324460"
                     n="a-0060"
                     ecep:lem="each"
                     ecep:pos="d"
                     ecep:reg="each"
                     ecep:spe="each"
                     ecep:syllab="1"
                     ecep:pron="iːtʃ">each</w>
                  <c> </c>
                  <w xml:id="bjb18-324470"
                     n="a-0070"
                     ecep:lem="beauteous"
                     ecep:pos="j"
                     ecep:reg="beauteous"
                     ecep:spe="beauteous"
                     ecep:syllab="2"
                     ecep:pron="ˈbjuːtiəs">beauteous</w>
                  <c> </c>
                  <w xml:id="bjb18-324480"
                     n="a-0080"
                     ecep:lem="sight"
                     ecep:pos="n1"
                     ecep:reg="sight"
                     ecep:spe="sight"
                     ecep:syllab="1"
                     ecep:pron="saɪt">sight</w>
                  <pc xml:id="bjb18-324490"
                      n="a-0090"
                      ecep:lem=","
                      ecep:pos=","
                      ecep:reg=","
                      ecep:spe=",">,</pc>
               </l>
               <l rendition="#h_3" xml:id="bjb18-l17035">
                  <c> </c>
                  <w xml:id="bjb18-324500"
                     n="a-0100"
                     ecep:lem="the"
                     ecep:pos="dt"
                     ecep:reg="The"
                     ecep:spe="The"
                     ecep:syllab="1"
                     ecep:pron="ðiː">The</w>
                  <c> </c>
                  <w xml:id="bjb18-324510"
                     n="a-0110"
                     ecep:lem="wood"
                     ecep:pos="n2"
                     ecep:reg="woods"
                     ecep:spe="woods"
                     ecep:syllab="1"
                     ecep:pron="wʊdz">woods</w>
                  <pc xml:id="bjb18-324520"
                      n="a-0120"
                      ecep:lem=","
                      ecep:pos=","
                      ecep:reg=","
                      ecep:spe=",">,</pc>
                  <c> </c>
                  <w xml:id="bjb18-324530"
                     n="a-0130"
                     ecep:lem="the"
                     ecep:pos="dt"
                     ecep:reg="the"
                     ecep:spe="the"
                     ecep:syllab="1"
                     ecep:pron="ðiː">the</w>
                  <c> </c>
                  <w xml:id="bjb18-324540"
                     n="a-0140"
                     ecep:lem="field"
                     ecep:pos="n2"
                     ecep:reg="fields"
                     ecep:spe="fields"
                     ecep:syllab="1"
                     ecep:pron="ˈfiːldz">fields</w>
                  <pc xml:id="bjb18-324550"
                      n="a-0150"
                      ecep:lem=","
                      ecep:pos=","
                      ecep:reg=","
                      ecep:spe=",">,</pc>
                  <c> </c>
                  <w xml:id="bjb18-324560"
                     n="a-0160"
                     ecep:lem="the"
                     ecep:pos="dt"
                     ecep:reg="the"
                     ecep:spe="the"
                     ecep:syllab="1"
                     ecep:pron="ðiː">the</w>
                  <c> </c>
                  <w xml:id="bjb18-324570"
                     n="a-0170"
                     ecep:lem="ocean"
                     ecep:pos="n1"
                     ecep:reg="ocean"
                     ecep:spe="ocean"
                     ecep:syllab="2"
                     ecep:pron="ˈəʊʃn">ocean</w>
                  <pc xml:id="bjb18-324580"
                      n="a-0180"
                      ecep:lem=","
                      ecep:pos=","
                      ecep:reg=","
                      ecep:spe=",">,</pc>
               </l>
               <l xml:id="bjb18-l17040">
                  <c> </c>
                  <w xml:id="bjb18-324590"
                     n="a-0190"
                     ecep:lem="the"
                     ecep:pos="dt"
                     ecep:reg="The"
                     ecep:spe="The"
                     ecep:syllab="1"
                     ecep:pron="ðiː">The</w>
                  <c> </c>
                  <w xml:id="bjb18-324600"
                     n="a-0200"
                     ecep:lem="sun"
                     ecep:pos="n1"
                     ecep:reg="sun"
                     ecep:spe="sun"
                     ecep:syllab="1"
                     ecep:pron="sʌn">sun</w>
                  <c> </c>
                  <w xml:id="bjb18-324610"
                     n="a-0210"
                     ecep:lem="by"
                     ecep:pos="p-acp"
                     ecep:reg="by"
                     ecep:spe="by"
                     ecep:syllab="1"
                     ecep:pron="baɪ">by</w>
                  <c> </c>
                  <w xml:id="bjb18-324620"
                     n="a-0220"
                     ecep:lem="day"
                     ecep:pos="n1"
                     ecep:reg="day"
                     ecep:spe="day"
                     ecep:syllab="1"
                     ecep:pron="deɪ">day</w>
                  <pc xml:id="bjb18-324630"
                      n="a-0230"
                      ecep:lem=","
                      ecep:pos=","
                      ecep:reg=","
                      ecep:spe=",">,</pc>
                  <c> </c>
                  <w xml:id="bjb18-324640"
                     n="a-0240"
                     ecep:lem="the"
                     ecep:pos="dt"
                     ecep:reg="the"
                     ecep:spe="the"
                     ecep:syllab="1"
                     ecep:pron="ðiː">the</w>
                  <c> </c>
                  <w xml:id="bjb18-324650"
                     n="a-0250"
                     ecep:lem="moon"
                     ecep:pos="n1"
                     ecep:reg="moon"
                     ecep:spe="moon"
                     ecep:syllab="1"
                     ecep:pron="muːn">moon</w>
                  <c> </c>
                  <w xml:id="bjb18-324660"
                     n="a-0260"
                     ecep:lem="by"
                     ecep:pos="p-acp"
                     ecep:reg="by"
                     ecep:spe="by"
                     ecep:syllab="1"
                     ecep:pron="baɪ">by</w>
                  <c> </c>
                  <w xml:id="bjb18-324670"
                     n="a-0270"
                     ecep:lem="night"
                     ecep:pos="n1"
                     ecep:reg="night"
                     ecep:spe="night"
                     ecep:syllab="1"
                     ecep:pron="naɪt">night</w>
                  <pc xml:id="bjb18-324680"
                      n="a-0280"
                      ecep:lem=","
                      ecep:pos=","
                      ecep:reg=","
                      ecep:spe=",">,</pc>
               </l>
               <l rendition="#h_3" xml:id="bjb18-l17045">
                  <c> </c>
                  <w xml:id="bjb18-324690"
                     n="a-0290"
                     ecep:lem="shall"
                     ecep:pos="vmd"
                     ecep:reg="Should"
                     ecep:spe="Should"
                     ecep:syllab="1"
                     ecep:pron="ʃʊd">Should</w>
                  <c> </c>
                  <w xml:id="bjb18-324700"
                     n="a-0300"
                     ecep:lem="fill"
                     ecep:pos="vvi"
                     ecep:reg="fill"
                     ecep:spe="fill"
                     ecep:syllab="1"
                     ecep:pron="fɪl">fill</w>
                  <c> </c>
                  <w xml:id="bjb18-324710"
                     n="a-0310"
                     ecep:lem="we"
                     ecep:pos="pno12"
                     ecep:reg="us"
                     ecep:spe="us"
                     ecep:syllab="1"
                     ecep:pron="ʌs">us</w>
                  <c> </c>
                  <w xml:id="bjb18-324720"
                     n="a-0320"
                     ecep:lem="with"
                     ecep:pos="p-acp"
                     ecep:reg="with"
                     ecep:spe="with"
                     ecep:syllab="1"
                     ecep:pron="wɪð">with</w>
                  <c> </c>
                  <w xml:id="bjb18-324730"
                     n="a-0330"
                     ecep:lem="devotion"
                     ecep:pos="n1"
                     ecep:reg="devotion"
                     ecep:spe="devotion"
                     ecep:syllab="3"
                     ecep:pron="dɪˈvəʊʃn">devotion</w>
                  <pc xml:id="bjb18-324740"
                      n="a-0340"
                      unit="sentence"
                      ecep:lem="."
                      ecep:pos="."
                      ecep:reg="."
                      ecep:spe=".">.</pc>
                  <c> </c>
               </l>
            </lg>
            <lg xml:id="bjb18-s01805">
               <l xml:id="bjb18-l17050">
                  <w xml:id="bjb18-324770"
                     n="a-0350"
                     ecep:lem="then"
                     ecep:pos="av"
                     ecep:reg="Then"
                     ecep:spe="Then"
                     ecep:syllab="1"
                     ecep:pron="ðen">Then</w>
                  <c> </c>
                  <w xml:id="bjb18-324780"
                     n="a-0360"
                     ecep:lem="let"
                     ecep:pos="vvb"
                     ecep:reg="let"
                     ecep:spe="let"
                     ecep:syllab="1"
                     ecep:pron="let">let</w>
                  <c> </c>
                  <w xml:id="bjb18-324790"
                     n="a-0370"
                     ecep:lem="our"
                     ecep:pos="po12"
                     ecep:reg="our"
                     ecep:spe="our"
                     ecep:syllab="1"
                     ecep:pron="æə">our</w>
                  <c> </c>
                  <w xml:id="bjb18-324800"
                     n="a-0380"
                     ecep:lem="praise"
                     ecep:pos="n2"
                     ecep:reg="praises"
                     ecep:spe="praises"
                     ecep:syllab="2"
                     ecep:pron="preɪzɪz">praises</w>
                  <c> </c>
                  <w xml:id="bjb18-324810"
                     n="a-0390"
                     ecep:lem="be"
                     ecep:pos="vbi"
                     ecep:reg="be"
                     ecep:spe="be"
                     ecep:syllab="1"
                     ecep:pron="biː">be</w>
                  <c> </c>
                  <w xml:id="bjb18-324820"
                     n="a-0400"
                     ecep:lem="express"
                     ecep:pos="vvn"
                     ecep:reg="expressed"
                     ecep:spe="expressed"
                     ecep:syllab="2"
                     ecep:pron="ɪkˈsprest">expressed</w>
               </l>
               <l rendition="#h_3" xml:id="bjb18-l17055">
                  <c> </c>
                  <w xml:id="bjb18-324830"
                     n="a-0410"
                     ecep:lem="in"
                     ecep:pos="p-acp"
                     ecep:reg="In"
                     ecep:spe="In"
                     ecep:syllab="1"
                     ecep:pron="ɪn">In</w>
                  <c> </c>
                  <w xml:id="bjb18-324840"
                     n="a-0420"
                     ecep:lem="light"
                     ecep:pos="n1"
                     ecep:reg="light"
                     ecep:spe="light"
                     ecep:syllab="1"
                     ecep:pron="laɪt">light</w>
                  <c> </c>
                  <w xml:id="bjb18-324850"
                     n="a-0430"
                     ecep:lem="and"
                     ecep:pos="cc"
                     ecep:reg="and"
                     ecep:spe="and"
                     ecep:syllab="1"
                     ecep:pron="ænd">and</w>
                  <c> </c>
                  <w xml:id="bjb18-324860"
                     n="a-0440"
                     ecep:lem="lively"
                     ecep:pos="j"
                     ecep:reg="lively"
                     ecep:spe="lively"
                     ecep:syllab="2"
                     ecep:pron="ˈlaɪvli">lively</w>
                  <c> </c>
                  <w xml:id="bjb18-324870"
                     n="a-0450"
                     ecep:lem="measure"
                     ecep:pos="n1"
                     ecep:reg="measure"
                     ecep:spe="measure"
                     ecep:syllab="2"
                     ecep:pron="ˈmeʒə">measure</w>
                  <pc xml:id="bjb18-324880"
                      n="a-0460"
                      ecep:lem=","
                      ecep:pos=","
                      ecep:reg=","
                      ecep:spe=",">,</pc>
               </l>
               <l xml:id="bjb18-l17060">
                  <c> </c>
                  <w xml:id="bjb18-324890"
                     n="a-0470"
                     ecep:lem="he"
                     ecep:pos="pns31"
                     ecep:reg="He"
                     ecep:spe="He"
                     ecep:syllab="1"
                     ecep:pron="hiː">He</w>
                  <c> </c>
                  <w xml:id="bjb18-324900"
                     n="a-0480"
                     ecep:lem="love"
                     ecep:pos="vvz"
                     ecep:reg="loves"
                     ecep:spe="loves"
                     ecep:syllab="1"
                     ecep:pron="lʌvz">loves</w>
                  <c> </c>
                  <w xml:id="bjb18-324910"
                     n="a-0490"
                     ecep:lem="the"
                     ecep:pos="dt"
                     ecep:reg="the"
                     ecep:spe="the"
                     ecep:syllab="1"
                     ecep:pron="ðiː">the</w>
                  <c> </c>
                  <w xml:id="bjb18-324920"
                     n="a-0500"
                     ecep:lem="grateful"
                     ecep:pos="j"
                     ecep:reg="grateful"
                     ecep:spe="grateful"
                     ecep:syllab="2"
                     ecep:pron="ˈgreɪtfl">grateful</w>
                  <c> </c>
                  <w xml:id="bjb18-324930"
                     n="a-0510"
                     ecep:lem="homage"
                     ecep:pos="n1"
                     ecep:reg="homage"
                     ecep:spe="homage"
                     ecep:syllab="2"
                     ecep:pron="ˈhɒmɪdʒ">homage</w>
                  <c> </c>
                  <w xml:id="bjb18-324940"
                     n="a-0520"
                     ecep:lem="best"
                     ecep:pos="av-js"
                     ecep:reg="best"
                     ecep:spe="best"
                     ecep:syllab="1"
                     ecep:pron="best">best</w>
               </l>
               <l rendition="#h_3" xml:id="bjb18-l17065">
                  <c> </c>
                  <w xml:id="bjb18-324950"
                     n="a-0530"
                     ecep:lem="that"
                     ecep:pos="cst"
                     ecep:reg="That"
                     ecep:spe="That"
                     ecep:syllab="1"
                     ecep:pron="ðæt">That</w>
                  <c> </c>
                  <w xml:id="bjb18-324960"
                     n="a-0540"
                     ecep:lem="be"
                     ecep:pos="vbz"
                     ecep:reg="is"
                     ecep:spe="is"
                     ecep:syllab="1"
                     ecep:pron="ɪz">is</w>
                  <c> </c>
                  <w xml:id="bjb18-324970"
                     n="a-0550"
                     ecep:lem="bestow"
                     ecep:pos="vvn"
                     ecep:reg="bestowed"
                     ecep:spe="bestowed"
                     ecep:syllab="2"
                     ecep:pron="bɪˈstəʊd">bestowed</w>
                  <c> </c>
                  <w xml:id="bjb18-324980"
                     n="a-0560"
                     ecep:lem="with"
                     ecep:pos="p-acp"
                     ecep:reg="with"
                     ecep:spe="with"
                     ecep:syllab="1"
                     ecep:pron="wɪð">with</w>
                  <c> </c>
                  <w xml:id="bjb18-324990"
                     n="a-0570"
                     ecep:lem="pleasure"
                     ecep:pos="n1"
                     ecep:reg="pleasure"
                     ecep:spe="pleasure"
                     ecep:syllab="2"
                     ecep:pron="ˈpleʒə">pleasure</w>
                  <pc xml:id="bjb18-325000"
                      n="a-0580"
                      unit="sentence"
                      ecep:lem="."
                      ecep:pos="."
                      ecep:reg="."
                      ecep:spe=".">.</pc>
                  <c> </c>
               </l>
            </lg>
         </div>
      </body>
   </text>
</TEI>
