<?xml version="1.0" encoding="utf-8"?>
<!DOCTYPE div
  SYSTEM "about:legacy-compat">
<div xmlns:ecep="http://www.eighteenthcenturypoetry.org/ns"
     xmlns="http://www.tei-c.org/ns/1.0"
     xmlns:tei="http://www.tei-c.org/ns/1.0"
     ana="#iamb #tetrameter #couplet #pair #song"
     corresp="#txt_BailJo1762_w0038"
     decls="#semi-normalized"
     ecep:syllab="8"
     met="-+|-+|-+|-+/"
     rendition="#lgvspace"
     rhyme="aa"
     subtype="eceptext"
     type="poem"
     xml:id="bjb18-w0380">
   <link target="authors.xml#aut_BailJo1762" type="author"/>
   <link subtype="topic" target="#bjb18-w0360" type="related"/>
   <link subtype="topic" target="#bjb18-w0370" type="related"/>
   <head type="main">
      <w xml:id="bjb18-325070"
         n="a-0590"
         ecep:lem="third"
         ecep:pos="ord"
         ecep:reg="THIRD"
         ecep:spe="THIRD"
         ecep:syllab="1"
         ecep:pron="θɜːd">THIRD</w>
      <c> </c>
      <w xml:id="bjb18-325080"
         n="a-0600"
         ecep:lem="devotional"
         ecep:pos="j"
         ecep:reg="DEVOTIONAL"
         ecep:spe="DEVOTIONAL"
         ecep:syllab="4"
         ecep:pron="diˈvəʊʃnəlˌ">DEVOTIONAL</w>
      <c> </c>
      <w xml:id="bjb18-325090"
         n="a-0610"
         ecep:lem="song"
         ecep:pos="n1"
         ecep:reg="SONG"
         ecep:spe="SONG"
         ecep:syllab="1"
         ecep:pron="sɒŋ">SONG</w>
      <pc xml:id="bjb18-325100"
          n="a-0620"
          unit="sentence"
          ecep:lem="."
          ecep:pos="."
          ecep:reg="."
          ecep:spe=".">.</pc>
   </head>
   <lg xml:id="bjb18-s01810">
      <l xml:id="bjb18-l17070">
         <hi rendition="#sc">
            <w xml:id="bjb18-325130"
               n="a-0630"
               ecep:lem="our"
               ecep:pos="po12"
               ecep:reg="OUR"
               ecep:spe="OUR"
               ecep:syllab="1"
               ecep:pron="ˈaʊə">OUR</w>
         </hi>
         <c> </c>
         <w xml:id="bjb18-325140"
            n="a-0640"
            ecep:lem="father"
            ecep:pos="n1"
            ecep:reg="Father"
            ecep:spe="Father"
            ecep:syllab="2"
            ecep:pron="ˈfɑːðə">Father</w>
         <c> </c>
         <w xml:id="bjb18-325150"
            n="a-0650"
            ecep:lem="and"
            ecep:pos="cc"
            ecep:reg="and"
            ecep:spe="and"
            ecep:syllab="1"
            ecep:pron="ænd">and</w>
         <c> </c>
         <w xml:id="bjb18-325160"
            n="a-0660"
            ecep:lem="almighty"
            ecep:pos="j-jn"
            ecep:reg="Almighty"
            ecep:spe="Almighty"
            ecep:syllab="3"
            ecep:pron="ˌɔːlˈmaɪti">Almighty</w>
         <c> </c>
         <w xml:id="bjb18-325170"
            n="a-0670"
            ecep:lem="lord"
            ecep:pos="n1"
            ecep:reg="Lord"
            ecep:spe="Lord"
            ecep:syllab="1"
            ecep:pron="lɔːd">Lord</w>
         <pc xml:id="bjb18-325180"
             n="a-0680"
             ecep:lem=","
             ecep:pos=","
             ecep:reg=","
             ecep:spe=",">,</pc>
      </l>
      <l xml:id="bjb18-l17075">
         <c> </c>
         <w xml:id="bjb18-325190"
            n="a-0690"
            ecep:lem="by"
            ecep:pos="p-acp"
            ecep:reg="By"
            ecep:spe="By"
            ecep:syllab="1"
            ecep:pron="baɪ">By</w>
         <c> </c>
         <w xml:id="bjb18-325200"
            n="a-0700"
            ecep:lem="angel"
            ecep:pos="n2"
            ecep:reg="angels"
            ecep:spe="angels"
            ecep:syllab="2"
            ecep:pron="ˈeɪndʒlz">angels</w>
         <c> </c>
         <w xml:id="bjb18-325210"
            n="a-0710"
            ecep:lem="and"
            ecep:pos="cc"
            ecep:reg="and"
            ecep:spe="and"
            ecep:syllab="1"
            ecep:pron="ænd">and</w>
         <c> </c>
         <w xml:id="bjb18-325220"
            n="a-0720"
            ecep:lem="by"
            ecep:pos="p-acp"
            ecep:reg="by"
            ecep:spe="by"
            ecep:syllab="1"
            ecep:pron="baɪ">by</w>
         <c> </c>
         <w xml:id="bjb18-325230"
            n="a-0730"
            ecep:lem="saint"
            ecep:pos="n2"
            ecep:reg="saints"
            ecep:spe="saints"
            ecep:syllab="1"
            ecep:pron="seɪnts">saints</w>
         <c> </c>
         <w xml:id="bjb18-325240"
            n="a-0740"
            ecep:lem="adore"
            ecep:pos="vvn"
            ecep:reg="adored"
            ecep:spe="adored"
            ecep:syllab="2"
            ecep:pron="əˈdɔːd">adored</w>
         <pc xml:id="bjb18-325250"
             n="a-0750"
             ecep:lem=","
             ecep:pos=","
             ecep:reg=","
             ecep:spe=",">,</pc>
      </l>
      <l xml:id="bjb18-l17080">
         <c> </c>
         <w xml:id="bjb18-325260"
            n="a-0760"
            ecep:lem="with"
            ecep:pos="p-acp"
            ecep:reg="With"
            ecep:spe="With"
            ecep:syllab="1"
            ecep:pron="wɪð">With</w>
         <c> </c>
         <w xml:id="bjb18-325270"
            n="a-0770"
            ecep:lem="starry"
            ecep:pos="j"
            ecep:reg="starry"
            ecep:spe="starry"
            ecep:syllab="2"
            ecep:pron="ˈstɑːri">starry</w>
         <c> </c>
         <w xml:id="bjb18-325280"
            n="a-0780"
            ecep:lem="brightness"
            ecep:pos="n1"
            ecep:reg="brightness"
            ecep:spe="brightness"
            ecep:syllab="2"
            ecep:pron="ˈbraɪtnəs">brightness</w>
         <c> </c>
         <w xml:id="bjb18-325290"
            n="a-0790"
            ecep:lem="circle"
            ecep:pos="vvn"
            ecep:reg="circled"
            ecep:spe="circled"
            ecep:syllab="2"
            ecep:pron="ˈsɜːkld">circled</w>
         <c> </c>
         <w xml:id="bjb18-325300"
            n="a-0800"
            ecep:lem="round"
            ecep:pos="av-j"
            ecep:reg="round"
            ecep:spe="round"
            ecep:syllab="1"
            ecep:pron="raʊnd">round</w>
         <pc xml:id="bjb18-325310"
             n="a-0810"
             ecep:lem=","
             ecep:pos=","
             ecep:reg=","
             ecep:spe=",">,</pc>
      </l>
      <l xml:id="bjb18-l17085">
         <c> </c>
         <w xml:id="bjb18-325320"
            n="a-0820"
            ecep:lem="gleam"
            ecep:pos="vvb"
            ecep:reg="Gleam"
            ecep:spe="Gleam"
            ecep:syllab="1"
            ecep:pron="gliːm">Gleam</w>
         <c> </c>
         <w xml:id="bjb18-325330"
            n="a-0830"
            ecep:lem="beyond"
            ecep:pos="p-acp"
            ecep:reg="beyond"
            ecep:spe="beyond"
            ecep:syllab="2"
            ecep:pron="biˈjɒnd">beyond</w>
         <c> </c>
         <w xml:id="bjb18-325340"
            n="a-0840"
            ecep:lem="gleam"
            ecep:pos="n1"
            ecep:reg="gleam"
            ecep:spe="gleam"
            ecep:syllab="1"
            ecep:pron="gliːm">gleam</w>
         <pc xml:id="bjb18-325350"
             n="a-0850"
             ecep:lem=","
             ecep:pos=","
             ecep:reg=","
             ecep:spe=",">,</pc>
         <c> </c>
         <w xml:id="bjb18-325360"
            n="a-0860"
            ecep:lem="which"
            ecep:pos="r-crq"
            ecep:reg="which"
            ecep:spe="which"
            ecep:syllab="1"
            ecep:pron="wɪtʃ">which</w>
         <c> </c>
         <w xml:id="bjb18-325370"
            n="a-0870"
            ecep:lem="have"
            ecep:pos="vhz"
            ecep:reg="hath"
            ecep:spe="hath"
            ecep:syllab="1"
            ecep:pron="hæθ">hath</w>
         <c> </c>
         <w xml:id="bjb18-325380"
            n="a-0880"
            ecep:lem="no"
            ecep:pos="dx"
            ecep:reg="no"
            ecep:spe="no"
            ecep:syllab="1"
            ecep:pron="nəʊ">no</w>
         <c> </c>
         <w xml:id="bjb18-325390"
            n="a-0890"
            ecep:lem="bound"
            ecep:pos="n1"
            ecep:reg="bound"
            ecep:spe="bound"
            ecep:syllab="1"
            ecep:pron="baʊnd">bound</w>
         <pc xml:id="bjb18-325400"
             n="a-0900"
             ecep:lem=","
             ecep:pos=","
             ecep:reg=","
             ecep:spe=",">,</pc>
         <c> </c>
         <pc xml:id="bjb18-325410"
             n="a-0910"
             ecep:lem="—"
             ecep:pos="—"
             ecep:reg="—"
             ecep:spe="—">—</pc>
      </l>
      <l xml:id="bjb18-l17090">
         <c> </c>
         <w xml:id="bjb18-325420"
            n="a-0920"
            ecep:lem="though"
            ecep:pos="c-acp"
            ecep:reg="Though"
            ecep:spe="Though"
            ecep:syllab="1"
            ecep:pron="ðəʊ">Though</w>
         <c> </c>
         <w xml:id="bjb18-325430"
            n="a-0930"
            ecep:lem="he"
            ecep:pos="pns31"
            ecep:reg="He"
            ecep:spe="He"
            ecep:syllab="1"
            ecep:pron="hiː">He</w>
         <c> </c>
         <w xml:id="bjb18-325440"
            n="a-0940"
            ecep:lem="be"
            ecep:pos="vbb"
            ecep:reg="be"
            ecep:spe="be"
            ecep:syllab="1"
            ecep:pron="biː">be</w>
         <c> </c>
         <w xml:id="bjb18-325450"
            n="a-0950"
            ecep:lem="high"
            ecep:pos="j"
            ecep:reg="high"
            ecep:spe="high"
            ecep:syllab="1"
            ecep:pron="haɪ">high</w>
         <c> </c>
         <w xml:id="bjb18-325460"
            n="a-0960"
            ecep:lem="and"
            ecep:pos="cc"
            ecep:reg="and"
            ecep:spe="and"
            ecep:syllab="1"
            ecep:pron="ænd">and</w>
         <c> </c>
         <w xml:id="bjb18-325470"
            n="a-0970"
            ecep:lem="we"
            ecep:pos="pns12"
            ecep:reg="we"
            ecep:spe="we"
            ecep:syllab="1"
            ecep:pron="wiː">we</w>
         <c> </c>
         <w xml:id="bjb18-325480"
            n="a-0980"
            ecep:lem="be"
            ecep:pos="vbr"
            ecep:reg="are"
            ecep:spe="are"
            ecep:syllab="1"
            ecep:pron="ɑː">are</w>
         <c> </c>
         <w xml:id="bjb18-325490"
            n="a-0990"
            ecep:lem="low"
            ecep:pos="j"
            ecep:reg="low"
            ecep:spe="low"
            ecep:syllab="1"
            ecep:pron="ləʊ">low</w>
         <pc xml:id="bjb18-325500"
             n="a-1000"
             ecep:lem=","
             ecep:pos=","
             ecep:reg=","
             ecep:spe=",">,</pc>
      </l>
      <l xml:id="bjb18-l17095">
         <c> </c>
         <w xml:id="bjb18-325510"
            n="a-1010"
            ecep:lem="accept"
            ecep:pos="vvz"
            ecep:reg="Accepts"
            ecep:spe="Accepts"
            ecep:syllab="2"
            ecep:pron="əkˈsepts">Accepts</w>
         <c> </c>
         <w xml:id="bjb18-325520"
            n="a-1020"
            ecep:lem="the"
            ecep:pos="dt"
            ecep:reg="the"
            ecep:spe="the"
            ecep:syllab="1"
            ecep:pron="ðiː">the</w>
         <c> </c>
         <w xml:id="bjb18-325530"
            n="a-1030"
            ecep:lem="grateful"
            ecep:pos="j"
            ecep:reg="grateful"
            ecep:spe="grateful"
            ecep:syllab="2"
            ecep:pron="ˈgreɪtfl">grateful</w>
         <c> </c>
         <w xml:id="bjb18-325540"
            n="a-1040"
            ecep:lem="thanks"
            ecep:pos="n2"
            ecep:reg="thanks"
            ecep:spe="thanks"
            ecep:syllab="1"
            ecep:pron="θæŋks">thanks</w>
         <c> </c>
         <w xml:id="bjb18-325550"
            n="a-1050"
            ecep:lem="that"
            ecep:pos="cst"
            ecep:reg="that"
            ecep:spe="that"
            ecep:syllab="1"
            ecep:pron="ðæt">that</w>
         <c> </c>
         <w xml:id="bjb18-325560"
            n="a-1060"
            ecep:lem="flow"
            ecep:pos="vvb"
            ecep:reg="flow"
            ecep:spe="flow"
            ecep:syllab="1"
            ecep:pron="fləʊ">flow</w>
      </l>
      <l xml:id="bjb18-l17100">
         <c> </c>
         <w xml:id="bjb18-325570"
            n="a-1070"
            ecep:lem="from"
            ecep:pos="p-acp"
            ecep:reg="From"
            ecep:spe="From"
            ecep:syllab="1"
            ecep:pron="frɒm">From</w>
         <c> </c>
         <w xml:id="bjb18-325580"
            n="a-1080"
            ecep:lem="infant"
            ecep:pos="n1"
            ecep:reg="infant"
            ecep:spe="infant"
            ecep:syllab="2"
            ecep:pron="ˈɪnfənt">infant</w>
         <c> </c>
         <w xml:id="bjb18-325590"
            n="a-1090"
            ecep:lem="lip"
            ecep:pos="n2"
            ecep:reg="lips"
            ecep:spe="lips"
            ecep:syllab="1"
            ecep:pron="lɪps">lips</w>
         <pc xml:id="bjb18-325600"
             n="a-1100"
             ecep:lem=","
             ecep:pos=","
             ecep:reg=","
             ecep:spe=",">,</pc>
         <c> </c>
         <w xml:id="bjb18-325610"
            n="a-1110"
            ecep:lem="and"
            ecep:pos="cc"
            ecep:reg="and"
            ecep:spe="and"
            ecep:syllab="1"
            ecep:pron="ænd">and</w>
         <c> </c>
         <w xml:id="bjb18-325620"
            n="a-1120"
            ecep:lem="to"
            ecep:pos="p-acp"
            ecep:reg="to"
            ecep:spe="to"
            ecep:syllab="1"
            ecep:pron="tuː">to</w>
         <c> </c>
         <w xml:id="bjb18-325630"
            n="a-1130"
            ecep:lem="the"
            ecep:pos="dt"
            ecep:reg="the"
            ecep:spe="the"
            ecep:syllab="1"
            ecep:pron="ðiː">the</w>
         <c> </c>
         <w xml:id="bjb18-325640"
            n="a-1140"
            ecep:lem="sky"
            ecep:pos="n2"
            ecep:reg="skies"
            ecep:spe="skies"
            ecep:syllab="1"
            ecep:pron="skaɪz">skies</w>
         <pc xml:id="bjb18-325650"
             n="a-1150"
             ecep:lem=","
             ecep:pos=","
             ecep:reg=","
             ecep:spe=",">,</pc>
      </l>
      <l xml:id="bjb18-l17105">
         <c> </c>
         <w xml:id="bjb18-325660"
            n="a-1160"
            ecep:lem="like"
            ecep:pos="av-j"
            ecep:reg="Like"
            ecep:spe="Like"
            ecep:syllab="1"
            ecep:pron="laɪk">Like</w>
         <c> </c>
         <w xml:id="bjb18-325670"
            n="a-1170"
            ecep:lem="morning"
            ecep:pos="ng1"
            ecep:reg="morning's"
            ecep:spe="morning's"
            ecep:syllab="2"
            ecep:pron="ˈmɔːnɪŋz">morning's</w>
         <c> </c>
         <w xml:id="bjb18-325680"
            n="a-1180"
            ecep:lem="early"
            ecep:pos="j"
            ecep:reg="early"
            ecep:spe="early"
            ecep:syllab="2"
            ecep:pron="ˈɜːli">early</w>
         <c> </c>
         <w xml:id="bjb18-325690"
            n="a-1190"
            ecep:lem="vapour"
            ecep:pos="n1"
            ecep:reg="vapour"
            ecep:spe="vapour"
            ecep:syllab="2"
            ecep:pron="ˈveɪpə">vapour</w>
         <c> </c>
         <w xml:id="bjb18-325700"
            n="a-1200"
            ecep:lem="rise"
            ecep:pos="vvi"
            ecep:reg="rise"
            ecep:spe="rise"
            ecep:syllab="1"
            ecep:pron="raɪz">rise</w>
         <pc xml:id="bjb18-325710"
             n="a-1210"
             ecep:lem=";"
             ecep:pos=";"
             ecep:reg=";"
             ecep:spe=";">;</pc>
         <c> </c>
         <pc xml:id="bjb18-325720"
             n="a-1220"
             ecep:lem="—"
             ecep:pos="—"
             ecep:reg="—"
             ecep:spe="—">—</pc>
      </l>
      <l xml:id="bjb18-l17110">
         <c> </c>
         <w xml:id="bjb18-325730"
            n="a-1230"
            ecep:lem="the"
            ecep:pos="dt"
            ecep:reg="The"
            ecep:spe="The"
            ecep:syllab="1"
            ecep:pron="ðiː">The</w>
         <c> </c>
         <w xml:id="bjb18-325740"
            n="a-1240"
            ecep:lem="simple"
            ecep:pos="js"
            ecep:reg="simplest"
            ecep:spe="simplest"
            ecep:syllab="2"
            ecep:pron="ˈsɪmplɪst">simplest</w>
         <c> </c>
         <w xml:id="bjb18-325750"
            n="a-1250"
            ecep:lem="child"
            ecep:pos="n1"
            ecep:reg="child"
            ecep:spe="child"
            ecep:syllab="1"
            ecep:pron="tʃaɪld">child</w>
         <c> </c>
         <w xml:id="bjb18-325760"
            n="a-1260"
            ecep:lem="who"
            ecep:pos="r-crq"
            ecep:reg="who"
            ecep:spe="who"
            ecep:syllab="1"
            ecep:pron="huː">who</w>
         <c> </c>
         <w xml:id="bjb18-325770"
            n="a-1270"
            ecep:lem="lisp"
            ecep:pos="n2"
            ecep:reg="lisps"
            ecep:spe="lisps"
            ecep:syllab="1"
            ecep:pron="lɪsps">lisps</w>
         <c> </c>
         <w xml:id="bjb18-325780"
            n="a-1280"
            ecep:lem="a"
            ecep:pos="dt"
            ecep:reg="a"
            ecep:spe="a"
            ecep:syllab="1"
            ecep:pron="ə">a</w>
         <c> </c>
         <w xml:id="bjb18-325790"
            n="a-1290"
            ecep:lem="prayer"
            ecep:pos="n1"
            ecep:reg="prayer"
            ecep:spe="prayer"
            ecep:syllab="1"
            ecep:pron="ˈpreɪə">prayer</w>
         <pc xml:id="bjb18-325800"
             n="a-1300"
             ecep:lem=","
             ecep:pos=","
             ecep:reg=","
             ecep:spe=",">,</pc>
      </l>
      <l xml:id="bjb18-l17115">
         <c> </c>
         <w xml:id="bjb18-325810"
            n="a-1310"
            ecep:lem="his"
            ecep:pos="po31"
            ecep:reg="His"
            ecep:spe="His"
            ecep:syllab="1"
            ecep:pron="hɪz">His</w>
         <c> </c>
         <w xml:id="bjb18-325820"
            n="a-1320"
            ecep:lem="mercy"
            ecep:pos="n1"
            ecep:reg="mercy"
            ecep:spe="mercy"
            ecep:syllab="2"
            ecep:pron="ˈmɜːsi">mercy</w>
         <c> </c>
         <w xml:id="bjb18-325830"
            n="a-1330"
            ecep:lem="and"
            ecep:pos="cc"
            ecep:reg="and"
            ecep:spe="and"
            ecep:syllab="1"
            ecep:pron="ænd">and</w>
         <c> </c>
         <w xml:id="bjb18-325840"
            n="a-1340"
            ecep:lem="his"
            ecep:pos="po31"
            ecep:reg="his"
            ecep:spe="his"
            ecep:syllab="1"
            ecep:pron="hɪz">his</w>
         <c> </c>
         <w xml:id="bjb18-325850"
            n="a-1350"
            ecep:lem="love"
            ecep:pos="n1"
            ecep:reg="love"
            ecep:spe="love"
            ecep:syllab="1"
            ecep:pron="lʌv">love</w>
         <c> </c>
         <w xml:id="bjb18-325860"
            n="a-1360"
            ecep:lem="will"
            ecep:pos="vmb"
            ecep:reg="will"
            ecep:spe="will"
            ecep:syllab="1"
            ecep:pron="wɪl">will</w>
         <c> </c>
         <w xml:id="bjb18-325870"
            n="a-1370"
            ecep:lem="share"
            ecep:pos="vvi"
            ecep:reg="share"
            ecep:spe="share"
            ecep:syllab="1"
            ecep:pron="ʃeə">share</w>
         <pc xml:id="bjb18-325880"
             n="a-1380"
             unit="sentence"
             ecep:lem="."
             ecep:pos="."
             ecep:reg="."
             ecep:spe=".">.</pc>
         <c> </c>
      </l>
   </lg>
</div>
