<?xml version="1.0" encoding="UTF-8"?>
<?xml-model href="../tei_all.rnc" type="application/relax-ng-compact-syntax"?>
<TEI xmlns="http://www.tei-c.org/ns/1.0">
   <teiHeader>
      <fileDesc>
         <titleStmt>
            <title corresp="#txt_SewaTh1708_w0004">CHISWICK.</title>
            <author corresp="authors.xml#aut_SewaTh1708">Thomas Seward</author>
            <respStmt>
               <name xml:id="AH">Alexander Huber</name>
               <resp>Editor</resp>
            </respStmt>
            <funder>
               <name type="institution" xml:id="BOD">Bodleian Libraries, University of Oxford</name>
               <address>
                  <addrLine>Broad Street</addrLine>
                  <addrLine>Oxford OX1 3BG</addrLine>
                  <addrLine>UK</addrLine>
               </address>
            </funder>
         </titleStmt>
         <publicationStmt>
            <publisher xml:id="ECPA">Eighteenth-Century Poetry Archive</publisher>
            <address>
               <addrLine>Taylor Institution Library</addrLine>
               <addrLine>St Giles'</addrLine>
               <addrLine>Oxford OX1 3NA</addrLine>
               <addrLine>UK</addrLine>
               <addrLine>
                  <email>info@eighteenthcenturypoetry.org</email>
               </addrLine>
               <addrLine>
                  <ref target="https://www.eighteenthcenturypoetry.org/">https://www.eighteenthcenturypoetry.org/</ref>
               </addrLine>
            </address>
            <pubPlace>Oxford</pubPlace>
            <availability status="restricted">
               <licence target="http://creativecommons.org/licenses/by-sa/3.0/">This work is licensed under a Creative Commons Attribution-ShareAlike 3.0 Unported License.</licence>
            </availability>
            <idno type="ESTC">T131163</idno>
            <idno type="TCP">K104099.002</idno>
         </publicationStmt>
         <sourceDesc>
            <bibl>
               <author>Dodsley, Robert, 1703-1764.</author>
               <title>A Collection of Poems in Six Volumes. By Several Hands. Vol. II.</title>
               <pubPlace>London</pubPlace>
               <publisher>printed by J. Hughs, for R. and J. Dodsley</publisher>
               <date>1763 [1st ed. 1758]</date>
               <biblScope>p. 302.</biblScope>
               <extent>6v.: music; 8⁰.</extent>
            </bibl>
         </sourceDesc>
      </fileDesc>
      <encodingDesc>
         <projectDesc>
            <p>This e-text is part of the Works section of the Eighteenth-Century Poetry Archive (ECPA).</p>
            <p>XML created for the Eighteenth-Century Poetry Archive (ECPA).</p>
         </projectDesc>
         <editorialDecl>
            <p>The text has been typographically modernized, but without any silent modernization of
						spelling, capitalization, or punctuation. The source of the text is given and all editorial interventions
						have been recorded in textual notes. Based on the electronic text originally produced by the TCP project, this  text has been edited to conform to the recommendations found in Level 5 of the
						Best Practices for TEI in Libraries version 4.0.0.
					</p>
         </editorialDecl>
         <classDecl>
            <taxonomy xml:id="LCNAF">
               <bibl>Library of Congress Name Authority File (<abbr>LCNAF</abbr>)</bibl>
            </taxonomy>
         </classDecl>
         <tagsDecl>
            <rendition n="linegroups indented" xml:id="lgindent" scheme="css">text-indent: 1em;</rendition>
            <rendition n="linegroups vertically spaced" xml:id="lgvspace" scheme="css">margin-bottom: 1em;</rendition>
            <rendition n="aligned centrally" xml:id="align-center" scheme="css">text-align: center;</rendition>
            <rendition n="aligned right" xml:id="align-right" scheme="css">text-align: right;</rendition>
            <rendition n="aligned left" xml:id="align-left" scheme="css">text-align: left;</rendition>
            <rendition n="inline" xml:id="inline" scheme="css">display: inline</rendition>
            <rendition n="italic" xml:id="i" scheme="css">font-style: italic;</rendition>
            <rendition n="bold" xml:id="b" scheme="css">font-weight: bold;</rendition>
         </tagsDecl>
      </encodingDesc>
   </teiHeader>
   <text>
      <body>
         <div xmlns:tei="http://www.tei-c.org/ns/1.0"
              xmlns:ecep="http://www.eighteenthcenturypoetry.org/ns"
              ana="#iamb #pentameter #octet #prospect #pair"
              corresp="#txt_SewaTh1708_w0004"
              ecep:syllab="10"
              met="-+|-+|-+|-+|-+/"
              rendition="#lgvspace"
              rhyme="aa"
              subtype="eceptext"
              type="poem"
              xml:id="o5153-w0680"
              decls="#semi-normalized">
            <link target="authors.xml#aut_SewaTh1708" type="author"/>
            <link target="22498" type="DMI"/>
            <head type="main">
               <w xml:id="o5153-654520"
                  n="303-a-0010"
                  ecep:lem="CHISWICK"
                  ecep:pos="np1"
                  ecep:reg="CHISWICK"
                  ecep:spe="CHISWICK"
                  ecep:syllab="2"
                  ecep:pron="ˈtʃɪzɪk">CHISWICK</w>
               <pc xml:id="o5153-654530"
                   n="303-a-0020"
                   unit="sentence"
                   ecep:lem="."
                   ecep:pos="."
                   ecep:reg="."
                   ecep:spe=".">.</pc>
            </head>
            <byline>
               <w xml:id="o5153-654560"
                  n="303-a-0030"
                  ecep:lem="by"
                  ecep:pos="p-acp"
                  ecep:reg="By"
                  ecep:spe="By"
                  ecep:syllab="1"
                  ecep:pron="baɪ">By</w>
               <c> </c>
               <w xml:id="o5153-654570"
                  n="303-a-0040"
                  ecep:lem="the"
                  ecep:pos="dt"
                  ecep:reg="the"
                  ecep:spe="the"
                  ecep:syllab="1"
                  ecep:pron="ðiː">the</w>
               <c> </c>
               <w xml:id="o5153-654580"
                  n="303-a-0050"
                  ecep:lem="same"
                  ecep:pos="d"
                  ecep:reg="Same"
                  ecep:spe="Same"
                  ecep:syllab="1"
                  ecep:pron="seɪm">Same</w>
               <pc xml:id="o5153-654590"
                   n="303-a-0060"
                   unit="sentence"
                   ecep:lem="."
                   ecep:pos="."
                   ecep:reg="."
                   ecep:spe=".">.</pc>
            </byline>
            <lg xml:id="o5153-s03330">
               <l xml:id="o5153-l34950">
                  <w xml:id="o5153-654620"
                     n="303-a-0070"
                     ecep:lem="the"
                     ecep:pos="dt"
                     ecep:reg="THE"
                     ecep:spe="THE"
                     ecep:syllab="1"
                     ecep:pron="ðiː">THE</w>
                  <c> </c>
                  <w xml:id="o5153-654630"
                     n="303-a-0080"
                     ecep:lem="potent"
                     ecep:pos="j"
                     ecep:reg="potent"
                     ecep:spe="potent"
                     ecep:syllab="2"
                     ecep:pron="ˈpəʊtnt">potent</w>
                  <c> </c>
                  <w xml:id="o5153-654640"
                     n="303-a-0090"
                     ecep:lem="lord"
                     ecep:pos="n1"
                     ecep:reg="Lord"
                     ecep:spe="Lord"
                     ecep:syllab="1"
                     ecep:pron="lɔːd">Lord</w>
                  <pc xml:id="o5153-654650"
                      n="303-a-0100"
                      ecep:lem=","
                      ecep:pos=","
                      ecep:reg=","
                      ecep:spe=",">,</pc>
                  <c> </c>
                  <w xml:id="o5153-654660"
                     n="303-a-0110"
                     ecep:lem="that"
                     ecep:pos="cst"
                     ecep:reg="that"
                     ecep:spe="that"
                     ecep:syllab="1"
                     ecep:pron="ðæt">that</w>
                  <c> </c>
                  <w xml:id="o5153-654670"
                     n="303-a-0120"
                     ecep:lem="this"
                     ecep:pos="d"
                     ecep:reg="this"
                     ecep:spe="this"
                     ecep:syllab="1"
                     ecep:pron="ðɪs">this</w>
                  <c> </c>
                  <w xml:id="o5153-654680"
                     n="303-a-0130"
                     ecep:lem="bright"
                     ecep:pos="j"
                     ecep:reg="bright"
                     ecep:spe="bright"
                     ecep:syllab="1"
                     ecep:pron="braɪt">bright</w>
                  <c> </c>
                  <w xml:id="o5153-654690"
                     n="303-a-0140"
                     ecep:lem="villa"
                     ecep:pos="n1"
                     ecep:reg="villa"
                     ecep:spe="villa"
                     ecep:syllab="2"
                     ecep:pron="ˈvɪlə">villa</w>
                  <c> </c>
                  <w xml:id="o5153-654700"
                     n="303-a-0150"
                     ecep:lem="plan"
                     ecep:pos="vvd"
                     ecep:reg="planned"
                     ecep:spe="plann'd"
                     ecep:syllab="1"
                     ecep:pron="plænd">plann'd</w>
                  <pc xml:id="o5153-654710"
                      n="303-a-0160"
                      ecep:lem=","
                      ecep:pos=","
                      ecep:reg=","
                      ecep:spe=",">,</pc>
               </l>
               <l xml:id="o5153-l34955">
                  <w xml:id="o5153-654720"
                     n="303-a-0170"
                     ecep:lem="exhibit"
                     ecep:pos="vvz"
                     ecep:reg="Exhibits"
                     ecep:spe="Exhibits"
                     ecep:syllab="3"
                     ecep:pron="ɪgˈzɪbɪts">Exhibits</w>
                  <c> </c>
                  <w xml:id="o5153-654730"
                     n="303-a-0180"
                     ecep:lem="here"
                     ecep:pos="av"
                     ecep:reg="here"
                     ecep:spe="here"
                     ecep:syllab="1"
                     ecep:pron="hɪə">here</w>
                  <c> </c>
                  <w xml:id="o5153-654740"
                     n="303-a-0190"
                     ecep:lem="a"
                     ecep:pos="dt"
                     ecep:reg="a"
                     ecep:spe="a"
                     ecep:syllab="1"
                     ecep:pron="ə">a</w>
                  <c> </c>
                  <hi>
                     <w xml:id="o5153-654750"
                        n="303-a-0200"
                        ecep:lem="paradise"
                        ecep:pos="n1"
                        ecep:reg="Paradise"
                        ecep:spe="Paradise"
                        ecep:syllab="3"
                        ecep:pron="ˈpærədaɪs">Paradise</w>
                     <c> </c>
                     <w xml:id="o5153-654760"
                        n="303-a-0210"
                        ecep:lem="regain"
                        ecep:pos="vvd"
                        ecep:reg="regained"
                        ecep:spe="regain'd"
                        ecep:syllab="2"
                        ecep:pron="rɪˈgeɪnd">regain'd</w>
                     <pc xml:id="o5153-654770"
                         n="303-a-0220"
                         ecep:lem=";"
                         ecep:pos=";"
                         ecep:reg=";"
                         ecep:spe=";">;</pc>
                  </hi>
               </l>
               <l xml:id="o5153-l34960">
                  <w xml:id="o5153-654780"
                     n="303-a-0230"
                     ecep:lem="whatever"
                     ecep:pos="r-crq"
                     ecep:reg="Whatever"
                     ecep:spe="Whate'er"
                     ecep:syllab="2"
                     ecep:pron="wɒtˈeə">Whate'er</w>
                  <c> </c>
                  <w xml:id="o5153-654790"
                     n="303-a-0240"
                     ecep:lem="of"
                     ecep:pos="pp-f"
                     ecep:reg="of"
                     ecep:spe="of"
                     ecep:syllab="1"
                     ecep:pron="ɒv">of</w>
                  <c> </c>
                  <w xml:id="o5153-654800"
                     n="303-a-0250"
                     ecep:lem="verdure"
                     ecep:pos="n1"
                     ecep:reg="Verdure"
                     ecep:spe="Verdure"
                     ecep:syllab="2"
                     ecep:pron="ˈvɜːdʒə">Verdure</w>
                  <c> </c>
                  <w xml:id="o5153-654810"
                     n="303-a-0260"
                     ecep:lem="have"
                     ecep:pos="vhb"
                     ecep:reg="have"
                     ecep:spe="have"
                     ecep:syllab="1"
                     ecep:pron="hæv">have</w>
                  <c> </c>
                  <w xml:id="o5153-654820"
                     n="303-a-0270"
                     ecep:lem="hill"
                     ecep:pos="n2"
                     ecep:reg="Hills"
                     ecep:spe="Hills"
                     ecep:syllab="1"
                     ecep:pron="hɪlz">Hills</w>
                  <pc xml:id="o5153-654830"
                      n="303-a-0280"
                      ecep:lem=","
                      ecep:pos=","
                      ecep:reg=","
                      ecep:spe=",">,</pc>
                  <c> </c>
                  <w xml:id="o5153-654840"
                     n="303-a-0290"
                     ecep:lem="lawn"
                     ecep:pos="n2"
                     ecep:reg="Lawns"
                     ecep:spe="Lawns"
                     ecep:syllab="1"
                     ecep:pron="lɔːnz">Lawns</w>
                  <pc xml:id="o5153-654850"
                      n="303-a-0300"
                      ecep:lem=","
                      ecep:pos=","
                      ecep:reg=","
                      ecep:spe=",">,</pc>
                  <c> </c>
                  <w xml:id="o5153-654860"
                     n="303-a-0310"
                     ecep:lem="or"
                     ecep:pos="cc"
                     ecep:reg="or"
                     ecep:spe="or"
                     ecep:syllab="1"
                     ecep:pron="ɔː">or</w>
                  <c> </c>
                  <w xml:id="o5153-654870"
                     n="303-a-0320"
                     ecep:lem="wood"
                     ecep:pos="n2"
                     ecep:reg="Woods"
                     ecep:spe="Woods"
                     ecep:syllab="1"
                     ecep:pron="wʊdz">Woods</w>
                  <pc xml:id="o5153-654880"
                      n="303-a-0330"
                      ecep:lem=","
                      ecep:pos=","
                      ecep:reg=","
                      ecep:spe=",">,</pc>
               </l>
               <l xml:id="o5153-l34965">
                  <w xml:id="o5153-654890"
                     n="303-a-0340"
                     ecep:lem="whatever"
                     ecep:pos="r-crq"
                     ecep:reg="Whatever"
                     ecep:spe="Whate'er"
                     ecep:syllab="2"
                     ecep:pron="wɒtˈeə">Whate'er</w>
                  <c> </c>
                  <w xml:id="o5153-654900"
                     n="303-a-0350"
                     ecep:lem="of"
                     ecep:pos="pp-f"
                     ecep:reg="of"
                     ecep:spe="of"
                     ecep:syllab="1"
                     ecep:pron="ɒv">of</w>
                  <c> </c>
                  <w xml:id="o5153-654910"
                     n="303-a-0360"
                     ecep:lem="splendour"
                     ecep:pos="n1"
                     ecep:reg="Splendour"
                     ecep:spe="Splendor"
                     ecep:syllab="2"
                     ecep:pron="ˈsplendə">Splendor</w>
                  <pc xml:id="o5153-654920"
                      n="303-a-0370"
                      ecep:lem=","
                      ecep:pos=","
                      ecep:reg=","
                      ecep:spe=",">,</pc>
                  <c> </c>
                  <w xml:id="o5153-654930"
                     n="303-a-0380"
                     ecep:lem="building"
                     ecep:pos="n2"
                     ecep:reg="Buildings"
                     ecep:spe="Buildings"
                     ecep:syllab="2"
                     ecep:pron="bɪldɪŋz">Buildings</w>
                  <pc xml:id="o5153-654940"
                      n="303-a-0390"
                      ecep:lem=","
                      ecep:pos=","
                      ecep:reg=","
                      ecep:spe=",">,</pc>
                  <c> </c>
                  <w xml:id="o5153-654950"
                     n="303-a-0400"
                     ecep:lem="flower"
                     ecep:pos="n2"
                     ecep:reg="Flowers"
                     ecep:spe="Flow'rs"
                     ecep:syllab="1"
                     ecep:pron="flæəz">Flow'rs</w>
                  <pc xml:id="o5153-654960"
                      n="303-a-0410"
                      ecep:lem=","
                      ecep:pos=","
                      ecep:reg=","
                      ecep:spe=",">,</pc>
                  <c> </c>
                  <w xml:id="o5153-654970"
                     n="303-a-0420"
                     ecep:lem="or"
                     ecep:pos="cc"
                     ecep:reg="or"
                     ecep:spe="or"
                     ecep:syllab="1"
                     ecep:pron="ɔː">or</w>
                  <c> </c>
                  <w xml:id="o5153-654980"
                     n="303-a-0430"
                     ecep:lem="flood"
                     ecep:pos="n2"
                     ecep:reg="Floods"
                     ecep:spe="Floods"
                     ecep:syllab="1"
                     ecep:pron="flʌdz">Floods</w>
                  <pc xml:id="o5153-654990"
                      n="303-a-0440"
                      ecep:lem=","
                      ecep:pos=","
                      ecep:reg=","
                      ecep:spe=",">,</pc>
               </l>
               <l xml:id="o5153-l34970">
                  <w xml:id="o5153-655000"
                     n="303-a-0450"
                     ecep:lem="whatever"
                     ecep:pos="r-crq"
                     ecep:reg="Whatever"
                     ecep:spe="Whate'er"
                     ecep:syllab="2"
                     ecep:pron="wɒtˈeə">Whate'er</w>
                  <c> </c>
                  <w xml:id="o5153-655010"
                     n="303-a-0460"
                     ecep:lem="of"
                     ecep:pos="pp-f"
                     ecep:reg="of"
                     ecep:spe="of"
                     ecep:syllab="1"
                     ecep:pron="ɒv">of</w>
                  <c> </c>
                  <w xml:id="o5153-655020"
                     n="303-a-0470"
                     ecep:lem="fruit"
                     ecep:pos="n2"
                     ecep:reg="Fruits"
                     ecep:spe="Fruits"
                     ecep:syllab="1"
                     ecep:pron="fruːts">Fruits</w>
                  <c> </c>
                  <w xml:id="o5153-655030"
                     n="303-a-0480"
                     ecep:lem="the"
                     ecep:pos="dt"
                     ecep:reg="the"
                     ecep:spe="the"
                     ecep:syllab="1"
                     ecep:pron="ðiː">the</w>
                  <c> </c>
                  <w xml:id="o5153-655040"
                     n="303-a-0490"
                     ecep:lem="tree"
                     ecep:pos="n2"
                     ecep:reg="Trees"
                     ecep:spe="Trees"
                     ecep:syllab="1"
                     ecep:pron="triːz">Trees</w>
                  <pc xml:id="o5153-655050"
                      n="303-a-0500"
                      ecep:lem=","
                      ecep:pos=","
                      ecep:reg=","
                      ecep:spe=",">,</pc>
                  <c> </c>
                  <w xml:id="o5153-655060"
                     n="303-a-0510"
                     ecep:lem="of"
                     ecep:pos="pp-f"
                     ecep:reg="of"
                     ecep:spe="of"
                     ecep:syllab="1"
                     ecep:pron="ɒv">of</w>
                  <c> </c>
                  <w xml:id="o5153-655070"
                     n="303-a-0520"
                     ecep:lem="bird"
                     ecep:pos="n2"
                     ecep:reg="Birds"
                     ecep:spe="Birds"
                     ecep:syllab="1"
                     ecep:pron="bɜːdz">Birds</w>
                  <c> </c>
                  <w xml:id="o5153-655080"
                     n="303-a-0530"
                     ecep:lem="the"
                     ecep:pos="dt"
                     ecep:reg="the"
                     ecep:spe="the"
                     ecep:syllab="1"
                     ecep:pron="ðiː">the</w>
                  <c> </c>
                  <w xml:id="o5153-655090"
                     n="303-a-0540"
                     ecep:lem="air"
                     ecep:pos="n1"
                     ecep:reg="Air"
                     ecep:spe="Air"
                     ecep:syllab="1"
                     ecep:pron="eə">Air</w>
                  <pc xml:id="o5153-655100"
                      n="303-a-0550"
                      ecep:lem=","
                      ecep:pos=","
                      ecep:reg=","
                      ecep:spe=",">,</pc>
               </l>
               <l xml:id="o5153-l34975">
                  <w xml:id="o5153-655110"
                     n="303-a-0560"
                     ecep:lem="in"
                     ecep:pos="p-acp"
                     ecep:reg="In"
                     ecep:spe="In"
                     ecep:syllab="1"
                     ecep:pron="ɪn">In</w>
                  <c> </c>
                  <w xml:id="o5153-655120"
                     n="303-a-0570"
                     ecep:lem="blissful"
                     ecep:pos="j"
                     ecep:reg="blissful"
                     ecep:spe="blissful"
                     ecep:syllab="2"
                     ecep:pron="ˈblɪsfl">blissful</w>
                  <c> </c>
                  <w xml:id="o5153-655130"
                     n="303-a-0580"
                     ecep:lem="union"
                     ecep:pos="n1"
                     ecep:reg="union"
                     ecep:spe="union"
                     ecep:syllab="2"
                     ecep:pron="ˈjuːnjən">union</w>
                  <c> </c>
                  <w xml:id="o5153-655140"
                     n="303-a-0590"
                     ecep:lem="be"
                     ecep:pos="vbb"
                     ecep:reg="are"
                     ecep:spe="are"
                     ecep:syllab="1"
                     ecep:pron="ɑː">are</w>
                  <c> </c>
                  <w xml:id="o5153-655150"
                     n="303-a-0600"
                     ecep:lem="collect"
                     ecep:pos="vvn"
                     ecep:reg="collected"
                     ecep:spe="collected"
                     ecep:syllab="3"
                     ecep:pron="kəˈlektɪd">collected</w>
                  <c> </c>
                  <w xml:id="o5153-655160"
                     n="303-a-0610"
                     ecep:lem="here"
                     ecep:pos="av"
                     ecep:reg="here"
                     ecep:spe="here"
                     ecep:syllab="1"
                     ecep:pron="hɪə">here</w>
                  <pc xml:id="o5153-655170"
                      n="303-a-0620"
                      ecep:lem=":"
                      ecep:pos=":"
                      ecep:reg=":"
                      ecep:spe=":">:</pc>
               </l>
               <l xml:id="o5153-l34980">
                  <w xml:id="o5153-655180"
                     n="303-a-0630"
                     ecep:lem="all"
                     ecep:pos="d"
                     ecep:reg="All"
                     ecep:spe="All"
                     ecep:syllab="1"
                     ecep:pron="ɔːl">All</w>
                  <c> </c>
                  <w xml:id="o5153-655190"
                     n="303-a-0640"
                     ecep:lem="with"
                     ecep:pos="p-acp"
                     ecep:reg="with"
                     ecep:spe="with"
                     ecep:syllab="1"
                     ecep:pron="wɪð">with</w>
                  <c> </c>
                  <w xml:id="o5153-655200"
                     n="303-a-0650"
                     ecep:lem="such"
                     ecep:pos="d"
                     ecep:reg="such"
                     ecep:spe="such"
                     ecep:syllab="1"
                     ecep:pron="sʌtʃ">such</w>
                  <c> </c>
                  <w xml:id="o5153-655210"
                     n="303-a-0660"
                     ecep:lem="harmony"
                     ecep:pos="n1"
                     ecep:reg="harmony"
                     ecep:spe="harmony"
                     ecep:syllab="3"
                     ecep:pron="ˈhɑːməni">harmony</w>
                  <c> </c>
                  <w xml:id="o5153-655220"
                     n="303-a-0670"
                     ecep:lem="dispose"
                     ecep:pos="vvd"
                     ecep:reg="disposed"
                     ecep:spe="dispos'd"
                     ecep:syllab="2"
                     ecep:pron="dɪˈspəʊzd">dispos'd</w>
                  <pc xml:id="o5153-655230"
                      n="303-a-0680"
                      ecep:lem=","
                      ecep:pos=","
                      ecep:reg=","
                      ecep:spe=",">,</pc>
                  <c> </c>
                  <w xml:id="o5153-655240"
                     n="303-a-0690"
                     ecep:lem="as"
                     ecep:pos="c-acp"
                     ecep:reg="as"
                     ecep:spe="as"
                     ecep:syllab="1"
                     ecep:pron="æz">as</w>
                  <c> </c>
                  <w xml:id="o5153-655250"
                     n="303-a-0700"
                     ecep:lem="show"
                     ecep:pos="vvz"
                     ecep:reg="shows"
                     ecep:spe="shews"
                     ecep:syllab="1"
                     ecep:pron="ʃəʊz">shews</w>
                  <pc xml:id="o5153-655260"
                      n="303-a-0710"
                      ecep:lem=","
                      ecep:pos=","
                      ecep:reg=","
                      ecep:spe=",">,</pc>
               </l>
               <l xml:id="o5153-l34985">
                  <w xml:id="o5153-655270"
                     n="303-a-0720"
                     ecep:lem="that"
                     ecep:pos="cst"
                     ecep:reg="That"
                     ecep:spe="That"
                     ecep:syllab="1"
                     ecep:pron="ðæt">That</w>
                  <c> </c>
                  <w xml:id="o5153-655280"
                     n="303-a-0730"
                     ecep:lem="in"
                     ecep:pos="p-acp"
                     ecep:reg="in"
                     ecep:spe="in"
                     ecep:syllab="1"
                     ecep:pron="ɪn">in</w>
                  <c> </c>
                  <w xml:id="o5153-655290"
                     n="303-a-0740"
                     ecep:lem="the"
                     ecep:pos="dt"
                     ecep:reg="the"
                     ecep:spe="the"
                     ecep:syllab="1"
                     ecep:pron="ðiː">the</w>
                  <c> </c>
                  <w xml:id="o5153-655300"
                     n="303-a-0750"
                     ecep:lem="midst"
                     ecep:pos="n1"
                     ecep:reg="mid"
                     ecep:spe="midst"
                     ecep:syllab="1"
                     ecep:pron="mɪdst">midst</w>
                  <c> </c>
                  <w xml:id="o5153-655310"
                     n="303-a-0760"
                     ecep:lem="the"
                     ecep:pos="dt"
                     ecep:reg="the"
                     ecep:spe="the"
                     ecep:syllab="1"
                     ecep:pron="ðiː">the</w>
                  <c> </c>
                  <hi>
                     <w xml:id="o5153-655320"
                        n="303-a-0770"
                        ecep:lem="tree"
                        ecep:pos="n1"
                        ecep:reg="Tree"
                        ecep:spe="Tree"
                        ecep:syllab="1"
                        ecep:pron="triː">Tree</w>
                     <c> </c>
                     <w xml:id="o5153-655330"
                        n="303-a-0780"
                        ecep:lem="of"
                        ecep:pos="pp-f"
                        ecep:reg="of"
                        ecep:spe="of"
                        ecep:syllab="1"
                        ecep:pron="ɒv">of</w>
                     <c> </c>
                     <w xml:id="o5153-655340"
                        n="303-a-0790"
                        ecep:lem="knowledge"
                        ecep:pos="n1"
                        ecep:reg="Knowledge"
                        ecep:spe="Knowledge"
                        ecep:syllab="2"
                        ecep:pron="ˈnɒlɪdʒ">Knowledge</w>
                     <c> </c>
                     <w xml:id="o5153-655350"
                        n="303-a-0800"
                        ecep:lem="grow"
                        ecep:pos="vvz"
                        ecep:reg="grows"
                        ecep:spe="grows"
                        ecep:syllab="1"
                        ecep:pron="grəʊz">grows</w>
                     <pc xml:id="o5153-655360"
                         n="303-a-0810"
                         unit="sentence"
                         ecep:lem="."
                         ecep:pos="."
                         ecep:reg="."
                         ecep:spe=".">.</pc>
                     <c> </c>
                  </hi>
               </l>
            </lg>
         </div>
      </body>
   </text>
</TEI>
