<?xml version="1.0" encoding="UTF-8"?>
<?xml-model href="../tei_all.rnc" type="application/relax-ng-compact-syntax"?>
<TEI xmlns="http://www.tei-c.org/ns/1.0">
   <teiHeader>
      <fileDesc>
         <titleStmt>
            <title corresp="#txt_FincAn1661_w0018">The following Lines occasion'd by the Marriage of Edward Herbert Esquire, and Mrs. Elizabeth Herbert.</title>
            <author corresp="authors.xml#aut_FincAn1661">Anne Finch (née Kingsmill), countess of Winchilsea</author>
            <respStmt>
               <name xml:id="AH">Alexander Huber</name>
               <resp>Editor</resp>
            </respStmt>
            <funder>
               <name type="institution" xml:id="BOD">Bodleian Libraries, University of Oxford</name>
               <address>
                  <addrLine>Broad Street</addrLine>
                  <addrLine>Oxford OX1 3BG</addrLine>
                  <addrLine>UK</addrLine>
               </address>
            </funder>
         </titleStmt>
         <publicationStmt>
            <publisher xml:id="ECPA">Eighteenth-Century Poetry Archive</publisher>
            <address>
               <addrLine>Taylor Institution Library</addrLine>
               <addrLine>St Giles'</addrLine>
               <addrLine>Oxford OX1 3NA</addrLine>
               <addrLine>UK</addrLine>
               <addrLine>
                  <email>info@eighteenthcenturypoetry.org</email>
               </addrLine>
               <addrLine>
                  <ref target="https://www.eighteenthcenturypoetry.org/">https://www.eighteenthcenturypoetry.org/</ref>
               </addrLine>
            </address>
            <pubPlace>Oxford</pubPlace>
            <availability status="restricted">
               <licence target="http://creativecommons.org/licenses/by-sa/3.0/">This work is licensed under a Creative Commons Attribution-ShareAlike 3.0 Unported License.</licence>
            </availability>
            <idno type="ESTC">T94539</idno>
            <idno type="FOXON">pp. 274-5</idno>
            <idno type="TCP">K076314.000</idno>
         </publicationStmt>
         <sourceDesc>
            <bibl>
               <author>Winchilsea, Anne Kingsmill Finch, Countess of, 1661-1720.</author>
               <title>Miscellany poems, on several occasions: Written by the Right Honble Anne, Countess of Winchilsea.</title>
               <pubPlace>London</pubPlace>
               <publisher>printed for J. B. and sold by Benj. Tooke, William Taylor, and James Round</publisher>
               <date>1713</date>
               <biblScope>pp. 102-103.</biblScope>
               <extent>[8],390p. ; 8⁰.</extent>
            </bibl>
         </sourceDesc>
      </fileDesc>
      <encodingDesc>
         <projectDesc>
            <p>This e-text is part of the Works section of the Eighteenth-Century Poetry Archive (ECPA).</p>
            <p>XML created for the Eighteenth-Century Poetry Archive (ECPA).</p>
         </projectDesc>
         <editorialDecl>
            <p>The text has been typographically modernized, but without any silent modernization of
						spelling, capitalization, or punctuation. The source of the text is given and all editorial interventions
						have been recorded in textual notes. Based on the electronic text originally produced by the TCP project, this  text has been edited to conform to the recommendations found in Level 5 of the
						Best Practices for TEI in Libraries version 4.0.0.
					</p>
         </editorialDecl>
         <classDecl>
            <taxonomy xml:id="LCNAF">
               <bibl>Library of Congress Name Authority File (<abbr>LCNAF</abbr>)</bibl>
            </taxonomy>
         </classDecl>
         <tagsDecl>
            <rendition n="linegroups indented" xml:id="lgindent" scheme="css">text-indent: 1em;</rendition>
            <rendition n="linegroups vertically spaced" xml:id="lgvspace" scheme="css">margin-bottom: 1em;</rendition>
            <rendition n="aligned centrally" xml:id="align-center" scheme="css">text-align: center;</rendition>
            <rendition n="aligned right" xml:id="align-right" scheme="css">text-align: right;</rendition>
            <rendition n="aligned left" xml:id="align-left" scheme="css">text-align: left;</rendition>
            <rendition n="inline" xml:id="inline" scheme="css">display: inline</rendition>
            <rendition n="italic" xml:id="i" scheme="css">font-style: italic;</rendition>
            <rendition n="bold" xml:id="b" scheme="css">font-weight: bold;</rendition>
         </tagsDecl>
      </encodingDesc>
   </teiHeader>
   <text>
      <body>
         <div xmlns:ecep="http://www.eighteenthcenturypoetry.org/ns"
              xmlns:tei="http://www.tei-c.org/ns/1.0"
              ana="#trochee #tetrameter #catalexis #cross #occasional"
              corresp="#txt_FincAn1661_w0018"
              decls="#semi-normalized"
              ecep:syllab="8"
              met="+-|+-|+-|+-/"
              rendition="#lgvspace"
              subtype="eceptext"
              type="poem"
              xml:id="o4784-w0180">
            <link target="authors.xml#aut_FincAn1661" type="author"/>
            <head type="main" xml:id="o4784-s00334">
               <w xml:id="o4784-164580"
                  n="110-a-0820"
                  ecep:lem="the"
                  ecep:pos="dt"
                  ecep:reg="The"
                  ecep:spe="The"
                  ecep:syllab="1"
                  ecep:pron="ðiː">The</w>
               <c> </c>
               <w xml:id="o4784-164590"
                  n="110-a-0830"
                  ecep:lem="follow"
                  ecep:pos="j-vvg"
                  ecep:reg="following"
                  ecep:spe="following"
                  ecep:syllab="3"
                  ecep:pron="ˈfɒləʊɪŋ">following</w>
               <c> </c>
               <w xml:id="o4784-164600"
                  n="110-a-0840"
                  ecep:lem="line"
                  ecep:pos="n2"
                  ecep:reg="Lines"
                  ecep:spe="Lines"
                  ecep:syllab="1"
                  ecep:pron="laɪnz">Lines</w>
               <c> </c>
               <w xml:id="o4784-164610"
                  n="110-a-0850"
                  ecep:lem="occasion"
                  ecep:pos="vvn"
                  ecep:reg="occasioned"
                  ecep:spe="occasion'd"
                  ecep:syllab="3"
                  ecep:pron="əˈkeɪʒnd">occasion'd</w>
               <c> </c>
               <w xml:id="o4784-164620"
                  n="110-a-0860"
                  ecep:lem="by"
                  ecep:pos="p-acp"
                  ecep:reg="by"
                  ecep:spe="by"
                  ecep:syllab="1"
                  ecep:pron="baɪ">by</w>
               <c> </c>
               <w xml:id="o4784-164630"
                  n="110-a-0870"
                  ecep:lem="the"
                  ecep:pos="dt"
                  ecep:reg="the"
                  ecep:spe="the"
                  ecep:syllab="1"
                  ecep:pron="ðiː">the</w>
               <c> </c>
               <w xml:id="o4784-164640"
                  n="110-a-0880"
                  ecep:lem="marriage"
                  ecep:pos="n1"
                  ecep:reg="Marriage"
                  ecep:spe="Marriage"
                  ecep:syllab="2"
                  ecep:pron="ˈmærɪdʒ">Marriage</w>
               <c> </c>
               <w xml:id="o4784-164650"
                  n="110-a-0890"
                  ecep:lem="of"
                  ecep:pos="pp-f"
                  ecep:reg="of"
                  ecep:spe="of"
                  ecep:syllab="1"
                  ecep:pron="ɒv">of</w>
               <c> </c>
               <hi>
                  <w xml:id="o4784-164660"
                     n="110-a-0900"
                     ecep:lem="Edward"
                     ecep:pos="np1"
                     ecep:reg="Edward"
                     ecep:spe="Edward"
                     ecep:syllab="2"
                     ecep:pron="ˈedwəd">Edward</w>
                  <c> </c>
                  <w xml:id="o4784-164670"
                     n="110-a-0910"
                     ecep:lem="Herbert"
                     ecep:pos="np1"
                     ecep:reg="Herbert"
                     ecep:spe="Herbert"
                     ecep:syllab="2"
                     ecep:pron="ˈhɜːbət">Herbert</w>
               </hi>
               <c> </c>
               <w xml:id="o4784-164680"
                  n="110-a-0920"
                  ecep:lem="esquire"
                  ecep:pos="n1"
                  ecep:reg="Esquire"
                  ecep:spe="Esquire"
                  ecep:syllab="2"
                  ecep:pron="ɪˈskwæə">Esquire</w>
               <pc xml:id="o4784-164690"
                   n="110-a-0930"
                   ecep:lem=","
                   ecep:pos=","
                   ecep:reg=","
                   ecep:spe=",">,</pc>
               <c> </c>
               <w xml:id="o4784-164700"
                  n="110-a-0940"
                  ecep:lem="and"
                  ecep:pos="cc"
                  ecep:reg="and"
                  ecep:spe="and"
                  ecep:syllab="1"
                  ecep:pron="ænd">and</w>
               <c> </c>
               <w xml:id="o4784-164710"
                  n="110-a-0950"
                  ecep:lem="mrs."
                  ecep:pos="n1"
                  ecep:reg="Mrs."
                  ecep:spe="Mrs."
                  ecep:syllab="2"
                  ecep:pron="mɪsɪz">Mrs.</w>
               <c> </c>
               <hi>
                  <w xml:id="o4784-164720"
                     n="110-a-0960"
                     ecep:lem="Elizabeth"
                     ecep:pos="np1"
                     ecep:reg="Elizabeth"
                     ecep:spe="Elizabeth"
                     ecep:syllab="4"
                     ecep:pron="ɪˈlɪzəbəθ">Elizabeth</w>
                  <c> </c>
                  <w xml:id="o4784-164730"
                     n="110-a-0970"
                     ecep:lem="Herbert"
                     ecep:pos="np1"
                     ecep:reg="Herbert"
                     ecep:spe="Herbert"
                     ecep:syllab="2"
                     ecep:pron="ˈhɜːbət">Herbert</w>
                  <pc xml:id="o4784-164740"
                      n="110-a-0980"
                      unit="sentence"
                      ecep:lem="."
                      ecep:pos="."
                      ecep:reg="."
                      ecep:spe=".">.</pc>
                  <c> </c>
               </hi>
               <note place="bottom"
                     n="[ed.]"
                     resp="#AH"
                     xml:id="app_FincAn1661_w0018_n1">"Elizabeth Herbert, great-great-granddaughter of the fourth
									Earl of Pembroke, married Edward Herbert of Swansea, county Glamorgan. The "Worsley" of the poem is
									the Frances Worsley who became Lady Cartaret in 1710. Hence the marriage of Edward and Elizabeth Herbert
									must have occurred before that date, or when Edward was nineteen and Elizabeth sixteen." 
									(Reynolds [1903], 422)
								</note>
            </head>
            <lg rhyme="abbab" xml:id="o4784-s00335">
               <l xml:id="o4784-l08640">
                  <hi>
                     <w xml:id="o4784-164770"
                        n="110-a-0990"
                        ecep:lem="Cupid"
                        ecep:pos="np1"
                        ecep:reg="CUPID"
                        ecep:spe="CUPID"
                        ecep:syllab="2"
                        ecep:pron="ˈkjuːpɪd">CUPID</w>
                  </hi>
                  <c> </c>
                  <w xml:id="o4784-164780"
                     n="110-a-1000"
                     ecep:lem="one"
                     ecep:pos="crd"
                     ecep:reg="one"
                     ecep:spe="one"
                     ecep:syllab="1"
                     ecep:pron="wʌn">one</w>
                  <c> </c>
                  <w xml:id="o4784-164790"
                     n="110-a-1010"
                     ecep:lem="day"
                     ecep:pos="n1"
                     ecep:reg="day"
                     ecep:spe="day"
                     ecep:syllab="1"
                     ecep:pron="deɪ">day</w>
                  <c> </c>
                  <w xml:id="o4784-164800"
                     n="110-a-1020"
                     ecep:lem="ask"
                     ecep:pos="vvd"
                     ecep:reg="asked"
                     ecep:spe="ask'd"
                     ecep:syllab="1"
                     ecep:pron="ɑːskt">ask'd</w>
                  <c> </c>
                  <w xml:id="o4784-164810"
                     n="110-a-1030"
                     ecep:lem="his"
                     ecep:pos="po31"
                     ecep:reg="his"
                     ecep:spe="his"
                     ecep:syllab="1"
                     ecep:pron="hɪz">his</w>
                  <c> </c>
                  <w xml:id="o4784-164820"
                     n="110-a-1040"
                     ecep:lem="mother"
                     ecep:pos="n1"
                     ecep:reg="Mother"
                     ecep:spe="Mother"
                     ecep:syllab="2"
                     ecep:pron="ˈmʌðə">Mother</w>
                  <pc xml:id="o4784-164830"
                      n="110-a-1050"
                      ecep:lem=","
                      ecep:pos=","
                      ecep:reg=","
                      ecep:spe=",">,</pc>
               </l>
               <l xml:id="o4784-l08645">
                  <c> </c>
                  <w xml:id="o4784-164840"
                     n="110-a-1060"
                     ecep:lem="when"
                     ecep:pos="c-crq"
                     ecep:reg="When"
                     ecep:spe="When"
                     ecep:syllab="1"
                     ecep:pron="wen">When</w>
                  <c> </c>
                  <w xml:id="o4784-164850"
                     n="110-a-1070"
                     ecep:lem="she"
                     ecep:pos="pns31"
                     ecep:reg="she"
                     ecep:spe="she"
                     ecep:syllab="1"
                     ecep:pron="ʃiː">she</w>
                  <c> </c>
                  <w xml:id="o4784-164860"
                     n="110-a-1080"
                     ecep:lem="mean"
                     ecep:pos="vvd"
                     ecep:reg="meant"
                     ecep:spe="meant"
                     ecep:syllab="1"
                     ecep:pron="ment">meant</w>
                  <c> </c>
                  <w xml:id="o4784-164870"
                     n="110-a-1090"
                     ecep:lem="that"
                     ecep:pos="cst"
                     ecep:reg="that"
                     ecep:spe="that"
                     ecep:syllab="1"
                     ecep:pron="ðæt">that</w>
                  <c> </c>
                  <w xml:id="o4784-164880"
                     n="110-a-1100"
                     ecep:lem="he"
                     ecep:pos="pns31"
                     ecep:reg="he"
                     ecep:spe="he"
                     ecep:syllab="1"
                     ecep:pron="hiː">he</w>
                  <c> </c>
                  <w xml:id="o4784-164890"
                     n="110-a-1110"
                     ecep:lem="shall"
                     ecep:pos="vmd"
                     ecep:reg="should"
                     ecep:spe="shou'd"
                     ecep:syllab="1"
                     ecep:pron="ʃʊd">shou'd</w>
                  <c> </c>
                  <w xml:id="o4784-164900"
                     n="110-a-1120"
                     ecep:lem="wed"
                     ecep:pos="vvi"
                     ecep:reg="Wed"
                     ecep:spe="Wed"
                     ecep:syllab="1"
                     ecep:pron="wed">Wed</w>
                  <pc xml:id="o4784-164910"
                      n="110-a-1130"
                      unit="sentence"
                      ecep:lem="?"
                      ecep:pos="?"
                      ecep:reg="?"
                      ecep:spe="?">?</pc>
                  <c> </c>
               </l>
               <l xml:id="o4784-l08650">
                  <w xml:id="o4784-164920"
                     n="110-a-1140"
                     ecep:lem="you|be"
                     ecep:pos="pn22|vbb"
                     ecep:reg="You're"
                     ecep:spe="You're"
                     ecep:syllab="1"
                     ecep:pron="jɔː">You're</w>
                  <c> </c>
                  <w xml:id="o4784-164930"
                     n="110-a-1150"
                     ecep:lem="too"
                     ecep:pos="av"
                     ecep:reg="too"
                     ecep:spe="too"
                     ecep:syllab="1"
                     ecep:pron="tuː">too</w>
                  <c> </c>
                  <w xml:id="o4784-164940"
                     n="110-a-1160"
                     ecep:lem="young"
                     ecep:pos="j"
                     ecep:reg="Young"
                     ecep:spe="Young"
                     ecep:syllab="1"
                     ecep:pron="jʌŋ">Young</w>
                  <pc xml:id="o4784-164950"
                      n="110-a-1170"
                      ecep:lem=","
                      ecep:pos=","
                      ecep:reg=","
                      ecep:spe=",">,</pc>
                  <c> </c>
                  <w xml:id="o4784-164960"
                     n="110-a-1180"
                     ecep:lem="my"
                     ecep:pos="po11"
                     ecep:reg="my"
                     ecep:spe="my"
                     ecep:syllab="1"
                     ecep:pron="maɪ">my</w>
                  <c> </c>
                  <w xml:id="o4784-164970"
                     n="110-a-1190"
                     ecep:lem="boy"
                     ecep:pos="n1"
                     ecep:reg="Boy"
                     ecep:spe="Boy"
                     ecep:syllab="1"
                     ecep:pron="bɔɪ">Boy</w>
                  <pc xml:id="o4784-164980"
                      n="110-a-1200"
                      ecep:lem=","
                      ecep:pos=","
                      ecep:reg=","
                      ecep:spe=",">,</pc>
                  <c> </c>
                  <w xml:id="o4784-164990"
                     n="110-a-1210"
                     ecep:lem="she"
                     ecep:pos="pns31"
                     ecep:reg="she"
                     ecep:spe="she"
                     ecep:syllab="1"
                     ecep:pron="ʃiː">she</w>
                  <c> </c>
                  <w xml:id="o4784-165000"
                     n="110-a-1220"
                     ecep:lem="say"
                     ecep:pos="vvd"
                     ecep:reg="said"
                     ecep:spe="said"
                     ecep:syllab="1"
                     ecep:pron="sed">said</w>
                  <pc xml:id="o4784-165010"
                      n="110-a-1230"
                      ecep:lem=":"
                      ecep:pos=":"
                      ecep:reg=":"
                      ecep:spe=":">:</pc>
               </l>
               <l xml:id="o4784-l08655">
                  <c> </c>
                  <w xml:id="o4784-165020"
                     n="110-a-1240"
                     ecep:lem="nor"
                     ecep:pos="ccx"
                     ecep:reg="Nor"
                     ecep:spe="Nor"
                     ecep:syllab="1"
                     ecep:pron="nɔː">Nor</w>
                  <c> </c>
                  <w xml:id="o4784-165030"
                     n="110-a-1250"
                     ecep:lem="have"
                     ecep:pos="vhz"
                     ecep:reg="has"
                     ecep:spe="has"
                     ecep:syllab="1"
                     ecep:pron="hæz">has</w>
                  <c> </c>
                  <w xml:id="o4784-165040"
                     n="110-a-1260"
                     ecep:lem="nature"
                     ecep:pos="n1"
                     ecep:reg="Nature"
                     ecep:spe="Nature"
                     ecep:syllab="2"
                     ecep:pron="ˈneɪtʃə">Nature</w>
                  <c> </c>
                  <w xml:id="o4784-165050"
                     n="110-a-1270"
                     ecep:lem="make"
                     ecep:pos="vvn"
                     ecep:reg="made"
                     ecep:spe="made"
                     ecep:syllab="1"
                     ecep:pron="meɪd">made</w>
                  <c> </c>
                  <w xml:id="o4784-165060"
                     n="110-a-1280"
                     ecep:lem="another"
                     ecep:pos="j-jn"
                     ecep:reg="another"
                     ecep:spe="another"
                     ecep:syllab="3"
                     ecep:pron="əˈnʌðə">another</w>
               </l>
               <l xml:id="o4784-l08660">
                  <c> </c>
                  <w xml:id="o4784-165070"
                     n="110-a-1290"
                     ecep:lem="fit"
                     ecep:pos="j"
                     ecep:reg="Fit"
                     ecep:spe="Fit"
                     ecep:syllab="1"
                     ecep:pron="fɪt">Fit</w>
                  <c> </c>
                  <w xml:id="o4784-165080"
                     n="110-a-1300"
                     ecep:lem="to"
                     ecep:pos="pc-acp"
                     ecep:reg="to"
                     ecep:spe="to"
                     ecep:syllab="1"
                     ecep:pron="tuː">to</w>
                  <c> </c>
                  <w xml:id="o4784-165090"
                     n="110-a-1310"
                     ecep:lem="match"
                     ecep:pos="vvi"
                     ecep:reg="match"
                     ecep:spe="match"
                     ecep:syllab="1"
                     ecep:pron="mætʃ">match</w>
                  <c> </c>
                  <w xml:id="o4784-165100"
                     n="110-a-1320"
                     ecep:lem="with"
                     ecep:pos="p-acp"
                     ecep:reg="with"
                     ecep:spe="with"
                     ecep:syllab="1"
                     ecep:pron="wɪð">with</w>
                  <c> </c>
                  <hi>
                     <w xml:id="o4784-165110.1"
                        n="110-a-1330"
                        rend="plain_apostrophe"
                        ecep:lem="Cupid"
                        ecep:pos="npg1"
                        ecep:reg="Cupid's"
                        ecep:spe="Cupid's"
                        ecep:syllab="2"
                        ecep:pron="ˈkjuːpɪdz">Cupid's</w>
                  </hi>
                  <c> </c>
                  <w xml:id="o4784-165120"
                     n="110-a-1340"
                     ecep:lem="bed"
                     ecep:pos="n1"
                     ecep:reg="Bed"
                     ecep:spe="Bed"
                     ecep:syllab="1"
                     ecep:pron="bed">Bed</w>
                  <pc xml:id="o4784-165130"
                      n="110-a-1350"
                      unit="sentence"
                      ecep:lem="."
                      ecep:pos="."
                      ecep:reg="."
                      ecep:spe=".">.</pc>
                  <c> </c>
               </l>
            </lg>
            <pb facs="o4784/0115" n="103" rend="none"/>
            <lg rhyme="abab" xml:id="o4784-s00340">
               <l xml:id="o4784-l08665">
                  <hi>
                     <w xml:id="o4784-165160"
                        n="111-a-0010"
                        ecep:lem="Cupid"
                        ecep:pos="np1"
                        ecep:reg="Cupid"
                        ecep:spe="Cupid"
                        ecep:syllab="2"
                        ecep:pron="ˈkjuːpɪd">Cupid</w>
                  </hi>
                  <c> </c>
                  <w xml:id="o4784-165170"
                     n="111-a-0020"
                     ecep:lem="then"
                     ecep:pos="av"
                     ecep:reg="then"
                     ecep:spe="then"
                     ecep:syllab="1"
                     ecep:pron="ðen">then</w>
                  <c> </c>
                  <w xml:id="o4784-165180"
                     n="111-a-0030"
                     ecep:lem="her"
                     ecep:pos="po31"
                     ecep:reg="her"
                     ecep:spe="her"
                     ecep:syllab="1"
                     ecep:pron="hɜː">her</w>
                  <c> </c>
                  <w xml:id="o4784-165190"
                     n="111-a-0040"
                     ecep:lem="sight"
                     ecep:pos="n1"
                     ecep:reg="Sight"
                     ecep:spe="Sight"
                     ecep:syllab="1"
                     ecep:pron="saɪt">Sight</w>
                  <c> </c>
                  <w xml:id="o4784-165200"
                     n="111-a-0050"
                     ecep:lem="direct"
                     ecep:pos="vvn"
                     ecep:reg="directed"
                     ecep:spe="directed"
                     ecep:syllab="3"
                     ecep:pron="dɪˈrektɪd">directed</w>
               </l>
               <l xml:id="o4784-l08670">
                  <c> </c>
                  <w xml:id="o4784-165210"
                     n="111-a-0060"
                     ecep:lem="to"
                     ecep:pos="p-acp"
                     ecep:reg="To"
                     ecep:spe="To"
                     ecep:syllab="1"
                     ecep:pron="tuː">To</w>
                  <c> </c>
                  <w xml:id="o4784-165220"
                     n="111-a-0070"
                     ecep:lem="a"
                     ecep:pos="dt"
                     ecep:reg="a"
                     ecep:spe="a"
                     ecep:syllab="1"
                     ecep:pron="ə">a</w>
                  <c> </c>
                  <w xml:id="o4784-165230"
                     n="111-a-0080"
                     ecep:lem="late"
                     ecep:pos="av-j"
                     ecep:reg="lately"
                     ecep:spe="lately"
                     ecep:syllab="2"
                     ecep:pron="leɪtli">lately</w>
                  <c> </c>
                  <w xml:id="o4784-165240"
                     n="111-a-0090"
                     ecep:lem="wed"
                     ecep:pos="vvn"
                     ecep:reg="Wedded"
                     ecep:spe="Wedded"
                     ecep:syllab="2"
                     ecep:pron="wedɪd">Wedded</w>
                  <c> </c>
                  <w xml:id="o4784-165250"
                     n="111-a-0100"
                     ecep:lem="pair"
                     ecep:pos="n1"
                     ecep:reg="Pair"
                     ecep:spe="Pair"
                     ecep:syllab="1"
                     ecep:pron="peə">Pair</w>
                  <pc xml:id="o4784-165260"
                      n="111-a-0110"
                      ecep:lem=";"
                      ecep:pos=";"
                      ecep:reg=";"
                      ecep:spe=";">;</pc>
               </l>
               <l xml:id="o4784-l08675">
                  <c> </c>
                  <w xml:id="o4784-165270"
                     n="111-a-0120"
                     ecep:lem="where"
                     ecep:pos="q-crq"
                     ecep:reg="Where"
                     ecep:spe="Where"
                     ecep:syllab="1"
                     ecep:pron="weə">Where</w>
                  <c> </c>
                  <w xml:id="o4784-165280"
                     n="111-a-0130"
                     ecep:lem="himself"
                     ecep:pos="px31"
                     ecep:reg="Himself"
                     ecep:spe="Himself"
                     ecep:syllab="2"
                     ecep:pron="hɪmˈself">Himself</w>
                  <c> </c>
                  <w xml:id="o4784-165290"
                     n="111-a-0140"
                     ecep:lem="the"
                     ecep:pos="dt"
                     ecep:reg="the"
                     ecep:spe="the"
                     ecep:syllab="1"
                     ecep:pron="ðiː">the</w>
                  <c> </c>
                  <w xml:id="o4784-165300"
                     n="111-a-0150"
                     ecep:lem="match"
                     ecep:pos="n1"
                     ecep:reg="Match"
                     ecep:spe="Match"
                     ecep:syllab="1"
                     ecep:pron="mætʃ">Match</w>
                  <c> </c>
                  <w xml:id="o4784-165310"
                     n="111-a-0160"
                     ecep:lem="effect"
                     ecep:pos="vvn"
                     ecep:reg="effected"
                     ecep:spe="effected"
                     ecep:syllab="3"
                     ecep:pron="ɪˈfektɪd">effected</w>
                  <pc xml:id="o4784-165320"
                      n="111-a-0170"
                      ecep:lem=";"
                      ecep:pos=";"
                      ecep:reg=";"
                      ecep:spe=";">;</pc>
               </l>
               <l xml:id="o4784-l08680">
                  <c> </c>
                  <w xml:id="o4784-165330"
                     n="111-a-0180"
                     ecep:lem="they"
                     ecep:pos="pns32"
                     ecep:reg="They"
                     ecep:spe="They"
                     ecep:syllab="1"
                     ecep:pron="ðeɪ">They</w>
                  <c> </c>
                  <w xml:id="o4784-165340"
                     n="111-a-0190"
                     ecep:lem="as"
                     ecep:pos="p-acp"
                     ecep:reg="as"
                     ecep:spe="as"
                     ecep:syllab="1"
                     ecep:pron="æz">as</w>
                  <c> </c>
                  <w xml:id="o4784-165350"
                     n="111-a-0200"
                     ecep:lem="youthful"
                     ecep:pos="j"
                     ecep:reg="Youthful"
                     ecep:spe="Youthful"
                     ecep:syllab="2"
                     ecep:pron="ˈjuːθfl">Youthful</w>
                  <pc xml:id="o4784-165360"
                      n="111-a-0210"
                      ecep:lem=","
                      ecep:pos=","
                      ecep:reg=","
                      ecep:spe=",">,</pc>
                  <c> </c>
                  <w xml:id="o4784-165370"
                     n="111-a-0220"
                     ecep:lem="they"
                     ecep:pos="pns32"
                     ecep:reg="they"
                     ecep:spe="they"
                     ecep:syllab="1"
                     ecep:pron="ðeɪ">they</w>
                  <c> </c>
                  <w xml:id="o4784-165380"
                     n="111-a-0230"
                     ecep:lem="as"
                     ecep:pos="p-acp"
                     ecep:reg="as"
                     ecep:spe="as"
                     ecep:syllab="1"
                     ecep:pron="æz">as</w>
                  <c> </c>
                  <w xml:id="o4784-165390"
                     n="111-a-0240"
                     ecep:lem="fair"
                     ecep:pos="j"
                     ecep:reg="Fair"
                     ecep:spe="Fair"
                     ecep:syllab="1"
                     ecep:pron="feə">Fair</w>
                  <pc xml:id="o4784-165400"
                      n="111-a-0250"
                      unit="sentence"
                      ecep:lem="."
                      ecep:pos="."
                      ecep:reg="."
                      ecep:spe=".">.</pc>
                  <c> </c>
               </l>
            </lg>
            <lg rhyme="abab" xml:id="o4784-s00345">
               <l xml:id="o4784-l08685">
                  <w xml:id="o4784-165430"
                     n="111-a-0260"
                     ecep:lem="have"
                     ecep:pos="vhg"
                     ecep:reg="Having"
                     ecep:spe="Having"
                     ecep:syllab="2"
                     ecep:pron="ˈhævɪŋ">Having</w>
                  <c> </c>
                  <w xml:id="o4784-165440"
                     n="111-a-0270"
                     ecep:lem="by"
                     ecep:pos="p-acp"
                     ecep:reg="by"
                     ecep:spe="by"
                     ecep:syllab="1"
                     ecep:pron="baɪ">by</w>
                  <c> </c>
                  <w xml:id="o4784-165450"
                     n="111-a-0280"
                     ecep:lem="example"
                     ecep:pos="n1"
                     ecep:reg="Example"
                     ecep:spe="Example"
                     ecep:syllab="3"
                     ecep:pron="ɪgˈzɑːmpl">Example</w>
                  <c> </c>
                  <w xml:id="o4784-165460"
                     n="111-a-0290"
                     ecep:lem="carry"
                     ecep:pos="vvd"
                     ecep:reg="carried"
                     ecep:spe="carry'd"
                     ecep:syllab="2"
                     ecep:pron="ˈkærid">carry'd</w>
               </l>
               <l xml:id="o4784-l08690">
                  <c> </c>
                  <w xml:id="o4784-165470"
                     n="111-a-0300"
                     ecep:lem="this"
                     ecep:pos="d"
                     ecep:reg="This"
                     ecep:spe="This"
                     ecep:syllab="1"
                     ecep:pron="ðɪs">This</w>
                  <c> </c>
                  <w xml:id="o4784-165480"
                     n="111-a-0310"
                     ecep:lem="first"
                     ecep:pos="ord"
                     ecep:reg="first"
                     ecep:spe="first"
                     ecep:syllab="1"
                     ecep:pron="ˈfɜːst">first</w>
                  <c> </c>
                  <w xml:id="o4784-165490"
                     n="111-a-0320"
                     ecep:lem="point"
                     ecep:pos="n1"
                     ecep:reg="Point"
                     ecep:spe="Point"
                     ecep:syllab="1"
                     ecep:pron="pɔɪnt">Point</w>
                  <c> </c>
                  <w xml:id="o4784-165500"
                     n="111-a-0330"
                     ecep:lem="in"
                     ecep:pos="p-acp"
                     ecep:reg="in"
                     ecep:spe="in"
                     ecep:syllab="1"
                     ecep:pron="ɪn">in</w>
                  <c> </c>
                  <w xml:id="o4784-165510"
                     n="111-a-0340"
                     ecep:lem="the"
                     ecep:pos="dt"
                     ecep:reg="the"
                     ecep:spe="the"
                     ecep:syllab="1"
                     ecep:pron="ðiː">the</w>
                  <c> </c>
                  <w xml:id="o4784-165520"
                     n="111-a-0350"
                     ecep:lem="dispute"
                     ecep:pos="n1"
                     ecep:reg="Dispute"
                     ecep:spe="Dispute"
                     ecep:syllab="2"
                     ecep:pron="dɪˈspjuːt">Dispute</w>
                  <pc xml:id="o4784-165530"
                      n="111-a-0360"
                      ecep:lem=";"
                      ecep:pos=";"
                      ecep:reg=";"
                      ecep:spe=";">;</pc>
               </l>
               <l xml:id="o4784-l08695">
                  <c> </c>
                  <hi>
                     <w xml:id="o4784-165540"
                        n="111-a-0370"
                        ecep:lem="Worseley"
                        ecep:pos="np1"
                        ecep:reg="WORSELEY"
                        ecep:spe="WORSELEY"
                        ecep:syllab="3"
                        ecep:pron="wˈɜːselɪ">WORSELEY</w>
                  </hi>
                  <c> </c>
                  <w xml:id="o4784-165550"
                     n="111-a-0380"
                     ecep:lem="next"
                     ecep:pos="ord"
                     ecep:reg="next"
                     ecep:spe="next"
                     ecep:syllab="1"
                     ecep:pron="nekst">next</w>
                  <c> </c>
                  <w xml:id="o4784-165560"
                     n="111-a-0390"
                     ecep:lem="he"
                     ecep:pos="pns31"
                     ecep:reg="he"
                     ecep:spe="he"
                     ecep:syllab="1"
                     ecep:pron="hiː">he</w>
                  <c> </c>
                  <w xml:id="o4784-165570"
                     n="111-a-0400"
                     ecep:lem="said"
                     ecep:pos="ng1"
                     ecep:reg="said's"
                     ecep:spe="said's"
                     ecep:syllab="1"
                     ecep:pron="sedz">said's</w>
                  <c> </c>
                  <w xml:id="o4784-165580"
                     n="111-a-0410"
                     ecep:lem="not"
                     ecep:pos="xx"
                     ecep:reg="not"
                     ecep:spe="not"
                     ecep:syllab="1"
                     ecep:pron="nɒt">not</w>
                  <c> </c>
                  <w xml:id="o4784-165590"
                     n="111-a-0420"
                     ecep:lem="marry"
                     ecep:pos="j-vvn"
                     ecep:reg="Married"
                     ecep:spe="Marry'd"
                     ecep:syllab="2"
                     ecep:pron="ˈmærid">Marry'd</w>
                  <pc xml:id="o4784-165600"
                      n="111-a-0430"
                      ecep:lem=":"
                      ecep:pos=":"
                      ecep:reg=":"
                      ecep:spe=":">:</pc>
               </l>
               <l xml:id="o4784-l08700">
                  <c> </c>
                  <w xml:id="o4784-165610"
                     n="111-a-0440"
                     ecep:lem="she"
                     ecep:pos="png31"
                     ecep:reg="Hers"
                     ecep:spe="Her's"
                     ecep:syllab="1"
                     ecep:pron="hɜːz">Her's</w>
                  <c> </c>
                  <w xml:id="o4784-165620"
                     n="111-a-0450"
                     ecep:lem="with"
                     ecep:pos="p-acp"
                     ecep:reg="with"
                     ecep:spe="with"
                     ecep:syllab="1"
                     ecep:pron="wɪð">with</w>
                  <c> </c>
                  <hi>
                     <w xml:id="o4784-165630.1"
                        n="111-a-0460"
                        rend="plain_apostrophe"
                        ecep:lem="Cupid"
                        ecep:pos="npg1"
                        ecep:reg="Cupid's"
                        ecep:spe="Cupid's"
                        ecep:syllab="2"
                        ecep:pron="ˈkjuːpɪdz">Cupid's</w>
                  </hi>
                  <c> </c>
                  <w xml:id="o4784-165640"
                     n="111-a-0470"
                     ecep:lem="charm"
                     ecep:pos="n2"
                     ecep:reg="Charms"
                     ecep:spe="Charms"
                     ecep:syllab="1"
                     ecep:pron="tʃɑːmz">Charms</w>
                  <c> </c>
                  <w xml:id="o4784-165650"
                     n="111-a-0480"
                     ecep:lem="may"
                     ecep:pos="vmb"
                     ecep:reg="may"
                     ecep:spe="may"
                     ecep:syllab="1"
                     ecep:pron="meɪ">may</w>
                  <c> </c>
                  <w xml:id="o4784-165660"
                     n="111-a-0490"
                     ecep:lem="suit"
                     ecep:pos="vvi"
                     ecep:reg="suit"
                     ecep:spe="suit"
                     ecep:syllab="1"
                     ecep:pron="suːt">suit</w>
                  <pc xml:id="o4784-165670"
                      n="111-a-0500"
                      unit="sentence"
                      ecep:lem="."
                      ecep:pos="."
                      ecep:reg="."
                      ecep:spe=".">.</pc>
                  <c> </c>
               </l>
            </lg>
         </div>
      </body>
   </text>
</TEI>
