<?xml version="1.0" encoding="UTF-8"?>
<?xml-model href="../tei_all.rnc" type="application/relax-ng-compact-syntax"?>
<TEI xmlns="http://www.tei-c.org/ns/1.0">
   <teiHeader>
      <fileDesc>
         <titleStmt>
            <title corresp="#txt_CrisAn1769_w0015">SONG.</title>
            <author corresp="authors.xml#aut_CrisAn1769">Ann Batten Cristall</author>
            <respStmt>
               <name xml:id="AH">Alexander Huber</name>
               <resp>Editor</resp>
            </respStmt>
            <funder>
               <name type="institution" xml:id="BOD">Bodleian Libraries, University of Oxford</name>
               <address>
                  <addrLine>Broad Street</addrLine>
                  <addrLine>Oxford OX1 3BG</addrLine>
                  <addrLine>UK</addrLine>
               </address>
            </funder>
         </titleStmt>
         <publicationStmt>
            <publisher xml:id="ECPA">Eighteenth-Century Poetry Archive</publisher>
            <address>
               <addrLine>Taylor Institution Library</addrLine>
               <addrLine>St Giles'</addrLine>
               <addrLine>Oxford OX1 3NA</addrLine>
               <addrLine>UK</addrLine>
               <addrLine>
                  <email>info@eighteenthcenturypoetry.org</email>
               </addrLine>
               <addrLine>
                  <ref target="https://www.eighteenthcenturypoetry.org/">https://www.eighteenthcenturypoetry.org/</ref>
               </addrLine>
            </address>
            <pubPlace>Oxford</pubPlace>
            <availability status="restricted">
               <licence target="http://creativecommons.org/licenses/by-sa/3.0/">This work is licensed under a Creative Commons Attribution-ShareAlike 3.0 Unported License.</licence>
            </availability>
            <idno type="ESTC">T126557</idno>
         </publicationStmt>
         <sourceDesc>
            <bibl>
               <author>Cristall, Ann Batten.</author>
               <title>Poetical Sketches by Ann Batten Cristall.</title>
               <pubPlace>London</pubPlace>
               <publisher>Printed for J. Johnson, St. Paul's Church Yard</publisher>
               <date>1795</date>
               <biblScope>pp. 113-115.</biblScope>
               <extent>[14],187,[1]p.; 8⁰.</extent>
            </bibl>
         </sourceDesc>
      </fileDesc>
      <encodingDesc>
         <projectDesc>
            <p>This e-text is part of the Works section of the Eighteenth-Century Poetry Archive (ECPA).</p>
            <p>XML created for the Eighteenth-Century Poetry Archive (ECPA).</p>
         </projectDesc>
         <editorialDecl>
            <p>Typography, spelling, capitalization, and punctuation have been cautiously modernized. The source of the text is given and all significant
						editorial interventions have been recorded in textual notes. This  text has been edited to conform to the recommendations found 
						in Level 5 of the
						Best Practices for TEI in Libraries version 4.0.0.
					</p>
         </editorialDecl>
         <classDecl>
            <taxonomy xml:id="LCNAF">
               <bibl>Library of Congress Name Authority File (<abbr>LCNAF</abbr>)</bibl>
            </taxonomy>
         </classDecl>
         <tagsDecl>
            <rendition n="linegroups indented" xml:id="lgindent" scheme="css">text-indent: 1em;</rendition>
            <rendition n="linegroups vertically spaced" xml:id="lgvspace" scheme="css">margin-bottom: 1em;</rendition>
            <rendition n="aligned centrally" xml:id="align-center" scheme="css">text-align: center;</rendition>
            <rendition n="aligned right" xml:id="align-right" scheme="css">text-align: right;</rendition>
            <rendition n="aligned left" xml:id="align-left" scheme="css">text-align: left;</rendition>
            <rendition n="inline" xml:id="inline" scheme="css">display: inline</rendition>
            <rendition n="italic" xml:id="i" scheme="css">font-style: italic;</rendition>
            <rendition n="bold" xml:id="b" scheme="css">font-weight: bold;</rendition>
         </tagsDecl>
      </encodingDesc>
   </teiHeader>
   <text>
      <body>
         <div xmlns:ecep="http://www.eighteenthcenturypoetry.org/ns"
              ana="#iamb #tetrameter #quatrain #cross #song"
              corresp="#txt_CrisAn1769_w0015"
              decls="#semi-normalized"
              ecep:syllab="8.8.8.8"
              met="-+|-+|-+|-+/ -+|-+|-+|-+/ -+|-+|-+|-+/ -+|-+|-+|-+/"
              rendition="#lgvspace"
              rhyme="abab"
              subtype="eceptext"
              type="poem"
              xml:id="cac95-w0150">
            <link target="authors.xml#aut_CrisAn1769" type="author"/>
            <head type="main">
               <w xmlns:ecep="http://www.eighteenthcenturypoetry.org/ns"
                  xml:id="cac95-174680"
                  n="a-0430"
                  ecep:lem="song"
                  ecep:pos="n1"
                  ecep:reg="SONG"
                  ecep:spe="SONG"
                  ecep:syllab="1"
                  ecep:pron="sɒŋ">SONG</w>
               <pc xmlns:ecep="http://www.eighteenthcenturypoetry.org/ns"
                   xml:id="cac95-174690"
                   n="a-0440"
                   unit="sentence"
                   ecep:lem="."
                   ecep:pos="."
                   ecep:reg="."
                   ecep:spe=".">.</pc>
            </head>
            <lg xml:id="cac95-s00950">
               <l xml:id="cac95-l09240">
                  <c> </c>
                  <pc xmlns:ecep="http://www.eighteenthcenturypoetry.org/ns"
                      xml:id="cac95-174720"
                      n="a-0450"
                      ecep:lem="&#34;"
                      ecep:pos="&#34;"
                      ecep:reg="&#34;"
                      ecep:spe="&#34;">"</pc>
                  <w xmlns:ecep="http://www.eighteenthcenturypoetry.org/ns"
                     xml:id="cac95-174730"
                     n="a-0460"
                     ecep:lem="toss"
                     ecep:pos="vvn"
                     ecep:reg="TOSSED"
                     ecep:spe="TOSS'D"
                     ecep:syllab="1"
                     ecep:pron="tɒst">TOSS'D</w>
                  <c> </c>
                  <w xmlns:ecep="http://www.eighteenthcenturypoetry.org/ns"
                     xml:id="cac95-174750"
                     n="a-0480"
                     ecep:lem="amid"
                     ecep:pos="p-acp"
                     ecep:reg="mid"
                     ecep:spe="'midst"
                     ecep:syllab="1"
                     ecep:pron="mˈɪdst">'midst</w>
                  <c> </c>
                  <w xmlns:ecep="http://www.eighteenthcenturypoetry.org/ns"
                     xml:id="cac95-174760"
                     n="a-0490"
                     ecep:lem="life"
                     ecep:pos="ng1"
                     ecep:reg="life's"
                     ecep:spe="life's"
                     ecep:syllab="1"
                     ecep:pron="laɪfs">life's</w>
                  <c> </c>
                  <w xmlns:ecep="http://www.eighteenthcenturypoetry.org/ns"
                     xml:id="cac95-174770"
                     n="a-0500"
                     ecep:lem="terrific"
                     ecep:pos="j"
                     ecep:reg="terrific"
                     ecep:spe="terrific"
                     ecep:syllab="3"
                     ecep:pron="təˈrɪfɪk">terrific</w>
                  <c> </c>
                  <w xmlns:ecep="http://www.eighteenthcenturypoetry.org/ns"
                     xml:id="cac95-174780"
                     n="a-0510"
                     ecep:lem="storm"
                     ecep:pos="n2"
                     ecep:reg="storms"
                     ecep:spe="storms"
                     ecep:syllab="1"
                     ecep:pron="stɔːmz">storms</w>
                  <pc xmlns:ecep="http://www.eighteenthcenturypoetry.org/ns"
                      xml:id="cac95-174790"
                      n="a-0520"
                      ecep:lem=","
                      ecep:pos=","
                      ecep:reg=","
                      ecep:spe=",">,</pc>
               </l>
               <l xml:id="cac95-l09245">
                  <pc xmlns:ecep="http://www.eighteenthcenturypoetry.org/ns"
                      xml:id="cac95-174800"
                      n="a-0530"
                      ecep:lem="&#34;"
                      ecep:pos="&#34;"
                      ecep:reg="&#34;"
                      ecep:spe="&#34;">"</pc>
                  <c> </c>
                  <w xmlns:ecep="http://www.eighteenthcenturypoetry.org/ns"
                     xml:id="cac95-174810"
                     n="a-0540"
                     ecep:lem="my"
                     ecep:pos="po11"
                     ecep:reg="My"
                     ecep:spe="My"
                     ecep:syllab="1"
                     ecep:pron="maɪ">My</w>
                  <c> </c>
                  <w xmlns:ecep="http://www.eighteenthcenturypoetry.org/ns"
                     xml:id="cac95-174820"
                     n="a-0550"
                     ecep:lem="soul"
                     ecep:pos="n1"
                     ecep:reg="soul"
                     ecep:spe="soul"
                     ecep:syllab="1"
                     ecep:pron="səʊl">soul</w>
                  <c> </c>
                  <w xmlns:ecep="http://www.eighteenthcenturypoetry.org/ns"
                     xml:id="cac95-174830"
                     n="a-0560"
                     ecep:lem="on"
                     ecep:pos="p-acp"
                     ecep:reg="on"
                     ecep:spe="on"
                     ecep:syllab="1"
                     ecep:pron="ɒn">on</w>
                  <c> </c>
                  <w xmlns:ecep="http://www.eighteenthcenturypoetry.org/ns"
                     xml:id="cac95-174840"
                     n="a-0570"
                     ecep:lem="nature"
                     ecep:pos="ng1"
                     ecep:reg="Nature's"
                     ecep:spe="Nature's"
                     ecep:syllab="2"
                     ecep:pron="ˈneɪtʃəz">Nature's</w>
                  <c> </c>
                  <w xmlns:ecep="http://www.eighteenthcenturypoetry.org/ns"
                     xml:id="cac95-174850"
                     n="a-0580"
                     ecep:lem="centre"
                     ecep:pos="n1"
                     ecep:reg="centre"
                     ecep:spe="centre"
                     ecep:syllab="2"
                     ecep:pron="ˈsentə">centre</w>
                  <c> </c>
                  <w xmlns:ecep="http://www.eighteenthcenturypoetry.org/ns"
                     xml:id="cac95-174860"
                     n="a-0590"
                     ecep:lem="cling"
                     ecep:pos="vvz"
                     ecep:reg="clings"
                     ecep:spe="clings"
                     ecep:syllab="1"
                     ecep:pron="klɪŋz">clings</w>
                  <pc xmlns:ecep="http://www.eighteenthcenturypoetry.org/ns"
                      xml:id="cac95-174870"
                      n="a-0600"
                      ecep:lem=","
                      ecep:pos=","
                      ecep:reg=","
                      ecep:spe=",">,</pc>
               </l>
               <l xml:id="cac95-l09250">
                  <c> </c>
                  <pc xmlns:ecep="http://www.eighteenthcenturypoetry.org/ns"
                      xml:id="cac95-174880"
                      n="a-0610"
                      ecep:lem="&#34;"
                      ecep:pos="&#34;"
                      ecep:reg="&#34;"
                      ecep:spe="&#34;">"</pc>
                  <w xmlns:ecep="http://www.eighteenthcenturypoetry.org/ns"
                     xml:id="cac95-174890"
                     n="a-0620"
                     ecep:lem="strive"
                     ecep:pos="vvg"
                     ecep:reg="Striving"
                     ecep:spe="Striving"
                     ecep:syllab="2"
                     ecep:pron="straɪvɪŋ">Striving</w>
                  <c> </c>
                  <w xmlns:ecep="http://www.eighteenthcenturypoetry.org/ns"
                     xml:id="cac95-174900"
                     n="a-0630"
                     ecep:lem="to"
                     ecep:pos="pc-acp"
                     ecep:reg="to"
                     ecep:spe="to"
                     ecep:syllab="1"
                     ecep:pron="tuː">to</w>
                  <c> </c>
                  <w xmlns:ecep="http://www.eighteenthcenturypoetry.org/ns"
                     xml:id="cac95-174910"
                     n="a-0640"
                     ecep:lem="taste"
                     ecep:pos="vvi"
                     ecep:reg="taste"
                     ecep:spe="taste"
                     ecep:syllab="1"
                     ecep:pron="teɪst">taste</w>
                  <c> </c>
                  <w xmlns:ecep="http://www.eighteenthcenturypoetry.org/ns"
                     xml:id="cac95-174920"
                     n="a-0650"
                     ecep:lem="each"
                     ecep:pos="d"
                     ecep:reg="each"
                     ecep:spe="each"
                     ecep:syllab="1"
                     ecep:pron="iːtʃ">each</w>
                  <c> </c>
                  <w xmlns:ecep="http://www.eighteenthcenturypoetry.org/ns"
                     xml:id="cac95-174930"
                     n="a-0660"
                     ecep:lem="scatter"
                     ecep:pos="j-vvn"
                     ecep:reg="scattered"
                     ecep:spe="scatter'd"
                     ecep:syllab="2"
                     ecep:pron="ˈskætəd">scatter'd</w>
                  <c> </c>
                  <w xmlns:ecep="http://www.eighteenthcenturypoetry.org/ns"
                     xml:id="cac95-174940"
                     n="a-0670"
                     ecep:lem="bliss"
                     ecep:pos="n1"
                     ecep:reg="bliss"
                     ecep:spe="bliss"
                     ecep:syllab="1"
                     ecep:pron="blɪs">bliss</w>
                  <pc xmlns:ecep="http://www.eighteenthcenturypoetry.org/ns"
                      xml:id="cac95-174950"
                      n="a-0680"
                      ecep:lem=","
                      ecep:pos=","
                      ecep:reg=","
                      ecep:spe=",">,</pc>
               </l>
               <l xml:id="cac95-l09255">
                  <pc xmlns:ecep="http://www.eighteenthcenturypoetry.org/ns"
                      xml:id="cac95-174960"
                      n="a-0690"
                      ecep:lem="&#34;"
                      ecep:pos="&#34;"
                      ecep:reg="&#34;"
                      ecep:spe="&#34;">"</pc>
                  <c> </c>
                  <w xmlns:ecep="http://www.eighteenthcenturypoetry.org/ns"
                     xml:id="cac95-174970"
                     n="a-0700"
                     ecep:lem="and"
                     ecep:pos="cc"
                     ecep:reg="And"
                     ecep:spe="And"
                     ecep:syllab="1"
                     ecep:pron="ænd">And</w>
                  <c> </c>
                  <w xmlns:ecep="http://www.eighteenthcenturypoetry.org/ns"
                     xml:id="cac95-174980"
                     n="a-0710"
                     ecep:lem="loud"
                     ecep:pos="av-j"
                     ecep:reg="loudly"
                     ecep:spe="loudly"
                     ecep:syllab="2"
                     ecep:pron="laʊdli">loudly</w>
                  <c> </c>
                  <w xmlns:ecep="http://www.eighteenthcenturypoetry.org/ns"
                     xml:id="cac95-174990"
                     n="a-0720"
                     ecep:lem="grateful"
                     ecep:pos="j"
                     ecep:reg="grateful"
                     ecep:spe="grateful"
                     ecep:syllab="2"
                     ecep:pron="ˈgreɪtfl">grateful</w>
                  <c> </c>
                  <w xmlns:ecep="http://www.eighteenthcenturypoetry.org/ns"
                     xml:id="cac95-175000"
                     n="a-0730"
                     ecep:lem="anthem"
                     ecep:pos="n2"
                     ecep:reg="anthems"
                     ecep:spe="anthems"
                     ecep:syllab="2"
                     ecep:pron="ˈænθəmz">anthems</w>
                  <c> </c>
                  <w xmlns:ecep="http://www.eighteenthcenturypoetry.org/ns"
                     xml:id="cac95-175010"
                     n="a-0740"
                     ecep:lem="sing"
                     ecep:pos="vvz"
                     ecep:reg="sings"
                     ecep:spe="sings"
                     ecep:syllab="1"
                     ecep:pron="sɪŋz">sings</w>
                  <pc xmlns:ecep="http://www.eighteenthcenturypoetry.org/ns"
                      xml:id="cac95-175020"
                      n="a-0750"
                      unit="sentence"
                      ecep:lem="."
                      ecep:pos="."
                      ecep:reg="."
                      ecep:spe=".">.</pc>
                  <c> </c>
               </l>
            </lg>
            <lg xml:id="cac95-s00955">
               <l xml:id="cac95-l09260">
                  <c> </c>
                  <pc xmlns:ecep="http://www.eighteenthcenturypoetry.org/ns"
                      xml:id="cac95-175050"
                      n="a-0760"
                      ecep:lem="&#34;"
                      ecep:pos="&#34;"
                      ecep:reg="&#34;"
                      ecep:spe="&#34;">"</pc>
                  <w xmlns:ecep="http://www.eighteenthcenturypoetry.org/ns"
                     xml:id="cac95-175060"
                     n="a-0770"
                     ecep:lem="when"
                     ecep:pos="c-crq"
                     ecep:reg="When"
                     ecep:spe="When"
                     ecep:syllab="1"
                     ecep:pron="wen">When</w>
                  <c> </c>
                  <w xmlns:ecep="http://www.eighteenthcenturypoetry.org/ns"
                     xml:id="cac95-175070"
                     n="a-0780"
                     ecep:lem="fly"
                     ecep:pos="vvg"
                     ecep:reg="flying"
                     ecep:spe="flying"
                     ecep:syllab="2"
                     ecep:pron="flaɪɪŋ">flying</w>
                  <c> </c>
                  <w xmlns:ecep="http://www.eighteenthcenturypoetry.org/ns"
                     xml:id="cac95-175080"
                     n="a-0790"
                     ecep:lem="over"
                     ecep:pos="p-acp"
                     ecep:reg="over"
                     ecep:spe="o'er"
                     ecep:syllab="1"
                     ecep:pron="ˈɔːə">o'er</w>
                  <c> </c>
                  <w xmlns:ecep="http://www.eighteenthcenturypoetry.org/ns"
                     xml:id="cac95-175090"
                     n="a-0800"
                     ecep:lem="the"
                     ecep:pos="dt"
                     ecep:reg="the"
                     ecep:spe="the"
                     ecep:syllab="1"
                     ecep:pron="ðiː">the</w>
                  <c> </c>
                  <w xmlns:ecep="http://www.eighteenthcenturypoetry.org/ns"
                     xml:id="cac95-175100"
                     n="a-0810"
                     ecep:lem="billowy"
                     ecep:pos="j"
                     ecep:reg="billowy"
                     ecep:spe="billowy"
                     ecep:syllab="3"
                     ecep:pron="ˈbɪləʊi">billowy</w>
                  <c> </c>
                  <w xmlns:ecep="http://www.eighteenthcenturypoetry.org/ns"
                     xml:id="cac95-175110"
                     n="a-0820"
                     ecep:lem="deep"
                     ecep:pos="j-jn"
                     ecep:reg="deep"
                     ecep:spe="deep"
                     ecep:syllab="1"
                     ecep:pron="diːp">deep</w>
                  <pc xmlns:ecep="http://www.eighteenthcenturypoetry.org/ns"
                      xml:id="cac95-175120"
                      n="a-0830"
                      ecep:lem=","
                      ecep:pos=","
                      ecep:reg=","
                      ecep:spe=",">,</pc>
               </l>
               <l xml:id="cac95-l09265">
                  <pc xmlns:ecep="http://www.eighteenthcenturypoetry.org/ns"
                      xml:id="cac95-175130"
                      n="a-0840"
                      ecep:lem="&#34;"
                      ecep:pos="&#34;"
                      ecep:reg="&#34;"
                      ecep:spe="&#34;">"</pc>
                  <c> </c>
                  <w xmlns:ecep="http://www.eighteenthcenturypoetry.org/ns"
                     xml:id="cac95-175140"
                     n="a-0850"
                     ecep:lem="upborne"
                     ecep:pos="vvn"
                     ecep:reg="Upborne"
                     ecep:spe="Upborne"
                     ecep:syllab="2"
                     ecep:pron="ʌpˈbɔːn">Upborne</w>
                  <c> </c>
                  <w xmlns:ecep="http://www.eighteenthcenturypoetry.org/ns"
                     xml:id="cac95-175150"
                     n="a-0860"
                     ecep:lem="the"
                     ecep:pos="dt"
                     ecep:reg="the"
                     ecep:spe="the"
                     ecep:syllab="1"
                     ecep:pron="ðiː">the</w>
                  <c> </c>
                  <w xmlns:ecep="http://www.eighteenthcenturypoetry.org/ns"
                     xml:id="cac95-175160"
                     n="a-0870"
                     ecep:lem="sound"
                     ecep:pos="j-vvg"
                     ecep:reg="sounding"
                     ecep:spe="sounding"
                     ecep:syllab="2"
                     ecep:pron="saʊndɪŋ">sounding</w>
                  <c> </c>
                  <w xmlns:ecep="http://www.eighteenthcenturypoetry.org/ns"
                     xml:id="cac95-175170"
                     n="a-0880"
                     ecep:lem="wave"
                     ecep:pos="n2"
                     ecep:reg="waves"
                     ecep:spe="waves"
                     ecep:syllab="1"
                     ecep:pron="weɪvz">waves</w>
                  <c> </c>
                  <w xmlns:ecep="http://www.eighteenthcenturypoetry.org/ns"
                     xml:id="cac95-175180"
                     n="a-0890"
                     ecep:lem="among"
                     ecep:pos="p-acp"
                     ecep:reg="among"
                     ecep:spe="among"
                     ecep:syllab="2"
                     ecep:pron="əˈmʌŋ">among</w>
                  <pc xmlns:ecep="http://www.eighteenthcenturypoetry.org/ns"
                      xml:id="cac95-175190"
                      n="a-0900"
                      ecep:lem=","
                      ecep:pos=","
                      ecep:reg=","
                      ecep:spe=",">,</pc>
               </l>
               <l xml:id="cac95-l09270">
                  <c> </c>
                  <pc xmlns:ecep="http://www.eighteenthcenturypoetry.org/ns"
                      xml:id="cac95-175200"
                      n="a-0910"
                      ecep:lem="&#34;"
                      ecep:pos="&#34;"
                      ecep:reg="&#34;"
                      ecep:spe="&#34;">"</pc>
                  <w xmlns:ecep="http://www.eighteenthcenturypoetry.org/ns"
                     xml:id="cac95-175210"
                     n="a-0920"
                     ecep:lem="while"
                     ecep:pos="cs"
                     ecep:reg="While"
                     ecep:spe="While"
                     ecep:syllab="1"
                     ecep:pron="ˈwaɪl">While</w>
                  <c> </c>
                  <w xmlns:ecep="http://www.eighteenthcenturypoetry.org/ns"
                     xml:id="cac95-175220"
                     n="a-0930"
                     ecep:lem="wind"
                     ecep:pos="vvz"
                     ecep:reg="winds"
                     ecep:spe="winds"
                     ecep:syllab="1"
                     ecep:pron="waɪndz">winds</w>
                  <c> </c>
                  <w xmlns:ecep="http://www.eighteenthcenturypoetry.org/ns"
                     xml:id="cac95-175230"
                     n="a-0940"
                     ecep:lem="the"
                     ecep:pos="dt"
                     ecep:reg="the"
                     ecep:spe="the"
                     ecep:syllab="1"
                     ecep:pron="ðiː">the</w>
                  <c> </c>
                  <w xmlns:ecep="http://www.eighteenthcenturypoetry.org/ns"
                     xml:id="cac95-175240"
                     n="a-0950"
                     ecep:lem="boil"
                     ecep:pos="j-vvg"
                     ecep:reg="boiling"
                     ecep:spe="boiling"
                     ecep:syllab="2"
                     ecep:pron="bɔɪlɪŋ">boiling</w>
                  <c> </c>
                  <w xmlns:ecep="http://www.eighteenthcenturypoetry.org/ns"
                     xml:id="cac95-175250"
                     n="a-0960"
                     ecep:lem="ocean"
                     ecep:pos="n1"
                     ecep:reg="ocean"
                     ecep:spe="ocean"
                     ecep:syllab="2"
                     ecep:pron="ˈəʊʃn">ocean</w>
                  <c> </c>
                  <w xmlns:ecep="http://www.eighteenthcenturypoetry.org/ns"
                     xml:id="cac95-175260"
                     n="a-0970"
                     ecep:lem="sweep"
                     ecep:pos="vvi"
                     ecep:reg="sweep"
                     ecep:spe="sweep"
                     ecep:syllab="1"
                     ecep:pron="swiːp">sweep</w>
                  <pc xmlns:ecep="http://www.eighteenthcenturypoetry.org/ns"
                      xml:id="cac95-175270"
                      n="a-0980"
                      ecep:lem=","
                      ecep:pos=","
                      ecep:reg=","
                      ecep:spe=",">,</pc>
               </l>
               <l xml:id="cac95-l09275">
                  <pc xmlns:ecep="http://www.eighteenthcenturypoetry.org/ns"
                      xml:id="cac95-175280"
                      n="a-0990"
                      ecep:lem="&#34;"
                      ecep:pos="&#34;"
                      ecep:reg="&#34;"
                      ecep:spe="&#34;">"</pc>
                  <c> </c>
                  <w xmlns:ecep="http://www.eighteenthcenturypoetry.org/ns"
                     xml:id="cac95-175290"
                     n="a-1000"
                     ecep:lem="and"
                     ecep:pos="cc"
                     ecep:reg="And"
                     ecep:spe="And"
                     ecep:syllab="1"
                     ecep:pron="ænd">And</w>
                  <c> </c>
                  <w xmlns:ecep="http://www.eighteenthcenturypoetry.org/ns"
                     xml:id="cac95-175300"
                     n="a-1010"
                     ecep:lem="lighten"
                     ecep:pos="n2-vvg"
                     ecep:reg="lightenings"
                     ecep:spe="lightenings"
                     ecep:syllab="3"
                     ecep:pron="ˈlaɪtnɪŋs">lightenings</w>
                  <c> </c>
                  <w xmlns:ecep="http://www.eighteenthcenturypoetry.org/ns"
                     xml:id="cac95-175310"
                     n="a-1020"
                     ecep:lem="dart"
                     ecep:pos="vvb"
                     ecep:reg="dart"
                     ecep:spe="dart"
                     ecep:syllab="1"
                     ecep:pron="dɑːt">dart</w>
                  <c> </c>
                  <w xmlns:ecep="http://www.eighteenthcenturypoetry.org/ns"
                     xml:id="cac95-175320"
                     n="a-1030"
                     ecep:lem="their"
                     ecep:pos="po32"
                     ecep:reg="their"
                     ecep:spe="their"
                     ecep:syllab="1"
                     ecep:pron="ðeə">their</w>
                  <c> </c>
                  <w xmlns:ecep="http://www.eighteenthcenturypoetry.org/ns"
                     xml:id="cac95-175330"
                     n="a-1040"
                     ecep:lem="fire"
                     ecep:pos="n2"
                     ecep:reg="fires"
                     ecep:spe="fires"
                     ecep:syllab="1"
                     ecep:pron="fæəz">fires</w>
                  <c> </c>
                  <w xmlns:ecep="http://www.eighteenthcenturypoetry.org/ns"
                     xml:id="cac95-175340"
                     n="a-1050"
                     ecep:lem="along"
                     ecep:pos="a-acp"
                     ecep:reg="along"
                     ecep:spe="along"
                     ecep:syllab="2"
                     ecep:pron="əˈlɒŋ">along</w>
                  <pc xmlns:ecep="http://www.eighteenthcenturypoetry.org/ns"
                      xml:id="cac95-175350"
                      n="a-1060"
                      ecep:lem=";"
                      ecep:pos=";"
                      ecep:reg=";"
                      ecep:spe=";">;</pc>
               </l>
            </lg>
            <lg xml:id="cac95-s00960">
               <l xml:id="cac95-l09280">
                  <c> </c>
                  <pc xmlns:ecep="http://www.eighteenthcenturypoetry.org/ns"
                      xml:id="cac95-175380"
                      n="a-1070"
                      ecep:lem="&#34;"
                      ecep:pos="&#34;"
                      ecep:reg="&#34;"
                      ecep:spe="&#34;">"</pc>
                  <w xmlns:ecep="http://www.eighteenthcenturypoetry.org/ns"
                     xml:id="cac95-175390"
                     n="a-1080"
                     ecep:lem="absorb"
                     ecep:pos="vvn"
                     ecep:reg="Absorbed"
                     ecep:spe="Absorb'd"
                     ecep:syllab="2"
                     ecep:pron="əbˈzɔːbd">Absorb'd</w>
                  <pc xmlns:ecep="http://www.eighteenthcenturypoetry.org/ns"
                      xml:id="cac95-175400"
                      n="a-1090"
                      ecep:lem=","
                      ecep:pos=","
                      ecep:reg=","
                      ecep:spe=",">,</pc>
                  <c> </c>
                  <w xmlns:ecep="http://www.eighteenthcenturypoetry.org/ns"
                     xml:id="cac95-175410"
                     n="a-1100"
                     ecep:lem="unmoved"
                     ecep:pos="j"
                     ecep:reg="unmoved"
                     ecep:spe="unmov'd"
                     ecep:syllab="2"
                     ecep:pron="ʌnˈmuːvd">unmov'd</w>
                  <pc xmlns:ecep="http://www.eighteenthcenturypoetry.org/ns"
                      xml:id="cac95-175420"
                      n="a-1110"
                      ecep:lem=","
                      ecep:pos=","
                      ecep:reg=","
                      ecep:spe=",">,</pc>
                  <c> </c>
                  <w xmlns:ecep="http://www.eighteenthcenturypoetry.org/ns"
                     xml:id="cac95-175430"
                     n="a-1120"
                     ecep:lem="resolve"
                     ecep:pos="vvn"
                     ecep:reg="resolved"
                     ecep:spe="resolv'd"
                     ecep:syllab="2"
                     ecep:pron="rɪˈzɒlvd">resolv'd</w>
                  <c> </c>
                  <w xmlns:ecep="http://www.eighteenthcenturypoetry.org/ns"
                     xml:id="cac95-175440"
                     n="a-1130"
                     ecep:lem="of"
                     ecep:pos="pp-f"
                     ecep:reg="of"
                     ecep:spe="of"
                     ecep:syllab="1"
                     ecep:pron="ɒv">of</w>
                  <c> </c>
                  <w xmlns:ecep="http://www.eighteenthcenturypoetry.org/ns"
                     xml:id="cac95-175450"
                     n="a-1140"
                     ecep:lem="mind"
                     ecep:pos="n1"
                     ecep:reg="mind"
                     ecep:spe="mind"
                     ecep:syllab="1"
                     ecep:pron="maɪnd">mind</w>
                  <pc xmlns:ecep="http://www.eighteenthcenturypoetry.org/ns"
                      xml:id="cac95-175460"
                      n="a-1150"
                      ecep:lem=","
                      ecep:pos=","
                      ecep:reg=","
                      ecep:spe=",">,</pc>
               </l>
               <l xml:id="cac95-l09285">
                  <pc xmlns:ecep="http://www.eighteenthcenturypoetry.org/ns"
                      xml:id="cac95-175470"
                      n="a-1160"
                      ecep:lem="&#34;"
                      ecep:pos="&#34;"
                      ecep:reg="&#34;"
                      ecep:spe="&#34;">"</pc>
                  <c> </c>
                  <w xmlns:ecep="http://www.eighteenthcenturypoetry.org/ns"
                     xml:id="cac95-175480"
                     n="a-1170"
                     ecep:lem="i"
                     ecep:pos="pns11"
                     ecep:reg="I"
                     ecep:spe="I"
                     ecep:syllab="1"
                     ecep:pron="aɪ">I</w>
                  <c> </c>
                  <w xmlns:ecep="http://www.eighteenthcenturypoetry.org/ns"
                     xml:id="cac95-175490"
                     n="a-1180"
                     ecep:lem="dare"
                     ecep:pos="vvb"
                     ecep:reg="dare"
                     ecep:spe="dare"
                     ecep:syllab="1"
                     ecep:pron="deə">dare</w>
                  <c> </c>
                  <w xmlns:ecep="http://www.eighteenthcenturypoetry.org/ns"
                     xml:id="cac95-175500"
                     n="a-1190"
                     ecep:lem="the"
                     ecep:pos="dt"
                     ecep:reg="the"
                     ecep:spe="the"
                     ecep:syllab="1"
                     ecep:pron="ðiː">the</w>
                  <c> </c>
                  <w xmlns:ecep="http://www.eighteenthcenturypoetry.org/ns"
                     xml:id="cac95-175510"
                     n="a-1200"
                     ecep:lem="element"
                     ecep:pos="n2"
                     ecep:reg="elements"
                     ecep:spe="elements"
                     ecep:syllab="3"
                     ecep:pron="ˈelɪmənts">elements</w>
                  <c> </c>
                  <w xmlns:ecep="http://www.eighteenthcenturypoetry.org/ns"
                     xml:id="cac95-175520"
                     n="a-1210"
                     ecep:lem="assault"
                     ecep:pos="vvb"
                     ecep:reg="assault"
                     ecep:spe="assault"
                     ecep:syllab="2"
                     ecep:pron="əˈsɔːlt">assault</w>
                  <pc xmlns:ecep="http://www.eighteenthcenturypoetry.org/ns"
                      xml:id="cac95-175530"
                      n="a-1220"
                      ecep:lem=","
                      ecep:pos=","
                      ecep:reg=","
                      ecep:spe=",">,</pc>
               </l>
               <pb n="114" rend="none"/>
               <l xml:id="cac95-l09290">
                  <c> </c>
                  <pc xmlns:ecep="http://www.eighteenthcenturypoetry.org/ns"
                      xml:id="cac95-175540"
                      n="a-0010"
                      ecep:lem="&#34;"
                      ecep:pos="&#34;"
                      ecep:reg="&#34;"
                      ecep:spe="&#34;">"</pc>
                  <w xmlns:ecep="http://www.eighteenthcenturypoetry.org/ns"
                     xml:id="cac95-175560"
                     n="a-0030"
                     ecep:lem="amid"
                     ecep:pos="p-acp"
                     ecep:reg="Midst"
                     ecep:spe="'Midst"
                     ecep:syllab="1"
                     ecep:pron="mˈɪdst">'Midst</w>
                  <c> </c>
                  <w xmlns:ecep="http://www.eighteenthcenturypoetry.org/ns"
                     xml:id="cac95-175570"
                     n="a-0040"
                     ecep:lem="roar"
                     ecep:pos="j-vvg"
                     ecep:reg="roaring"
                     ecep:spe="roaring"
                     ecep:syllab="2"
                     ecep:pron="rɔːɪŋ">roaring</w>
                  <c> </c>
                  <w xmlns:ecep="http://www.eighteenthcenturypoetry.org/ns"
                     xml:id="cac95-175580"
                     n="a-0050"
                     ecep:lem="ocean"
                     ecep:pos="n2"
                     ecep:reg="oceans"
                     ecep:spe="oceans"
                     ecep:syllab="2"
                     ecep:pron="ˈəʊʃnz">oceans</w>
                  <c> </c>
                  <w xmlns:ecep="http://www.eighteenthcenturypoetry.org/ns"
                     xml:id="cac95-175590"
                     n="a-0060"
                     ecep:lem="plough"
                     ecep:pos="vvn"
                     ecep:reg="ploughed"
                     ecep:spe="plough'd"
                     ecep:syllab="1"
                     ecep:pron="plaʊd">plough'd</w>
                  <c> </c>
                  <w xmlns:ecep="http://www.eighteenthcenturypoetry.org/ns"
                     xml:id="cac95-175600"
                     n="a-0070"
                     ecep:lem="by"
                     ecep:pos="p-acp"
                     ecep:reg="by"
                     ecep:spe="by"
                     ecep:syllab="1"
                     ecep:pron="baɪ">by</w>
                  <c> </c>
                  <w xmlns:ecep="http://www.eighteenthcenturypoetry.org/ns"
                     xml:id="cac95-175610"
                     n="a-0080"
                     ecep:lem="wind"
                     ecep:pos="n1"
                     ecep:reg="wind"
                     ecep:spe="wind"
                     ecep:syllab="1"
                     ecep:pron="wɪnd">wind</w>
                  <pc xmlns:ecep="http://www.eighteenthcenturypoetry.org/ns"
                      xml:id="cac95-175620"
                      n="a-0090"
                      ecep:lem=","
                      ecep:pos=","
                      ecep:reg=","
                      ecep:spe=",">,</pc>
               </l>
               <l xml:id="cac95-l09295">
                  <pc xmlns:ecep="http://www.eighteenthcenturypoetry.org/ns"
                      xml:id="cac95-175630"
                      n="a-0100"
                      ecep:lem="&#34;"
                      ecep:pos="&#34;"
                      ecep:reg="&#34;"
                      ecep:spe="&#34;">"</pc>
                  <c> </c>
                  <w xmlns:ecep="http://www.eighteenthcenturypoetry.org/ns"
                     xml:id="cac95-175640"
                     n="a-0110"
                     ecep:lem="while"
                     ecep:pos="cs"
                     ecep:reg="While"
                     ecep:spe="While"
                     ecep:syllab="1"
                     ecep:pron="ˈwaɪl">While</w>
                  <c> </c>
                  <w xmlns:ecep="http://www.eighteenthcenturypoetry.org/ns"
                     xml:id="cac95-175650"
                     n="a-0120"
                     ecep:lem="thunder"
                     ecep:pos="n2"
                     ecep:reg="thunders"
                     ecep:spe="thunders"
                     ecep:syllab="2"
                     ecep:pron="ˈθʌndəz">thunders</w>
                  <c> </c>
                  <w xmlns:ecep="http://www.eighteenthcenturypoetry.org/ns"
                     xml:id="cac95-175660"
                     n="a-0130"
                     ecep:lem="burst"
                     ecep:pos="vvd"
                     ecep:reg="burst"
                     ecep:spe="burst"
                     ecep:syllab="1"
                     ecep:pron="bɜːst">burst</w>
                  <c> </c>
                  <w xmlns:ecep="http://www.eighteenthcenturypoetry.org/ns"
                     xml:id="cac95-175670"
                     n="a-0140"
                     ecep:lem="through"
                     ecep:pos="p-acp"
                     ecep:reg="through"
                     ecep:spe="thro'"
                     ecep:syllab="1"
                     ecep:pron="θruː">thro'</w>
                  <c> </c>
                  <w xmlns:ecep="http://www.eighteenthcenturypoetry.org/ns"
                     xml:id="cac95-175680"
                     n="a-0150"
                     ecep:lem="heaven"
                     ecep:pos="ng1"
                     ecep:reg="heaven's"
                     ecep:spe="heaven's"
                     ecep:syllab="2"
                     ecep:pron="ˈhevnz">heaven's</w>
                  <c> </c>
                  <w xmlns:ecep="http://www.eighteenthcenturypoetry.org/ns"
                     xml:id="cac95-175690"
                     n="a-0160"
                     ecep:lem="high"
                     ecep:pos="j"
                     ecep:reg="high"
                     ecep:spe="high"
                     ecep:syllab="1"
                     ecep:pron="haɪ">high</w>
                  <c> </c>
                  <w xmlns:ecep="http://www.eighteenthcenturypoetry.org/ns"
                     xml:id="cac95-175700"
                     n="a-0170"
                     ecep:lem="vault"
                     ecep:pos="n1"
                     ecep:reg="vault"
                     ecep:spe="vault"
                     ecep:syllab="1"
                     ecep:pron="vɔːlt">vault</w>
                  <pc xmlns:ecep="http://www.eighteenthcenturypoetry.org/ns"
                      xml:id="cac95-175710"
                      n="a-0180"
                      unit="sentence"
                      ecep:lem="."
                      ecep:pos="."
                      ecep:reg="."
                      ecep:spe=".">.</pc>
                  <c> </c>
               </l>
            </lg>
            <lg xml:id="cac95-s00965">
               <l xml:id="cac95-l09300">
                  <c> </c>
                  <pc xmlns:ecep="http://www.eighteenthcenturypoetry.org/ns"
                      xml:id="cac95-175740"
                      n="a-0190"
                      ecep:lem="&#34;"
                      ecep:pos="&#34;"
                      ecep:reg="&#34;"
                      ecep:spe="&#34;">"</pc>
                  <w xmlns:ecep="http://www.eighteenthcenturypoetry.org/ns"
                     xml:id="cac95-175750"
                     n="a-0200"
                     ecep:lem="on"
                     ecep:pos="p-acp"
                     ecep:reg="On"
                     ecep:spe="On"
                     ecep:syllab="1"
                     ecep:pron="ɒn">On</w>
                  <c> </c>
                  <w xmlns:ecep="http://www.eighteenthcenturypoetry.org/ns"
                     xml:id="cac95-175760"
                     n="a-0210"
                     ecep:lem="virtue"
                     ecep:pos="ng1"
                     ecep:reg="Virtue's"
                     ecep:spe="Virtue's"
                     ecep:syllab="2"
                     ecep:pron="ˈvɜːtʃuːz">Virtue's</w>
                  <c> </c>
                  <w xmlns:ecep="http://www.eighteenthcenturypoetry.org/ns"
                     xml:id="cac95-175770"
                     n="a-0220"
                     ecep:lem="base"
                     ecep:pos="n1"
                     ecep:reg="base"
                     ecep:spe="base"
                     ecep:syllab="1"
                     ecep:pron="beɪs">base</w>
                  <pc xmlns:ecep="http://www.eighteenthcenturypoetry.org/ns"
                      xml:id="cac95-175780"
                      n="a-0230"
                      ecep:lem=","
                      ecep:pos=","
                      ecep:reg=","
                      ecep:spe=",">,</pc>
                  <c> </c>
                  <w xmlns:ecep="http://www.eighteenthcenturypoetry.org/ns"
                     xml:id="cac95-175790"
                     n="a-0240"
                     ecep:lem="and"
                     ecep:pos="cc"
                     ecep:reg="and"
                     ecep:spe="and"
                     ecep:syllab="1"
                     ecep:pron="ænd">and</w>
                  <c> </c>
                  <w xmlns:ecep="http://www.eighteenthcenturypoetry.org/ns"
                     xml:id="cac95-175800"
                     n="a-0250"
                     ecep:lem="buoy"
                     ecep:pos="vvd"
                     ecep:reg="buoyed"
                     ecep:spe="buoy'd"
                     ecep:syllab="1"
                     ecep:pron="bɔɪd">buoy'd</w>
                  <c> </c>
                  <w xmlns:ecep="http://www.eighteenthcenturypoetry.org/ns"
                     xml:id="cac95-175810"
                     n="a-0260"
                     ecep:lem="by"
                     ecep:pos="p-acp"
                     ecep:reg="by"
                     ecep:spe="by"
                     ecep:syllab="1"
                     ecep:pron="baɪ">by</w>
                  <c> </c>
                  <w xmlns:ecep="http://www.eighteenthcenturypoetry.org/ns"
                     xml:id="cac95-175820"
                     n="a-0270"
                     ecep:lem="hope"
                     ecep:pos="n1"
                     ecep:reg="Hope"
                     ecep:spe="Hope"
                     ecep:syllab="1"
                     ecep:pron="həʊp">Hope</w>
                  <pc xmlns:ecep="http://www.eighteenthcenturypoetry.org/ns"
                      xml:id="cac95-175830"
                      n="a-0280"
                      ecep:lem=","
                      ecep:pos=","
                      ecep:reg=","
                      ecep:spe=",">,</pc>
               </l>
               <l xml:id="cac95-l09305">
                  <pc xmlns:ecep="http://www.eighteenthcenturypoetry.org/ns"
                      xml:id="cac95-175840"
                      n="a-0290"
                      ecep:lem="&#34;"
                      ecep:pos="&#34;"
                      ecep:reg="&#34;"
                      ecep:spe="&#34;">"</pc>
                  <c> </c>
                  <w xmlns:ecep="http://www.eighteenthcenturypoetry.org/ns"
                     xml:id="cac95-175850"
                     n="a-0300"
                     ecep:lem="i"
                     ecep:pos="pns11"
                     ecep:reg="I"
                     ecep:spe="I"
                     ecep:syllab="1"
                     ecep:pron="aɪ">I</w>
                  <c> </c>
                  <w xmlns:ecep="http://www.eighteenthcenturypoetry.org/ns"
                     xml:id="cac95-175860"
                     n="a-0310"
                     ecep:lem="see"
                     ecep:pos="vvi"
                     ecep:reg="see"
                     ecep:spe="see"
                     ecep:syllab="1"
                     ecep:pron="siː">see</w>
                  <c> </c>
                  <w xmlns:ecep="http://www.eighteenthcenturypoetry.org/ns"
                     xml:id="cac95-175870"
                     n="a-0320"
                     ecep:lem="peace"
                     ecep:pos="n1"
                     ecep:reg="peace"
                     ecep:spe="peace"
                     ecep:syllab="1"
                     ecep:pron="piːs">peace</w>
                  <c> </c>
                  <w xmlns:ecep="http://www.eighteenthcenturypoetry.org/ns"
                     xml:id="cac95-175880"
                     n="a-0330"
                     ecep:lem="beam"
                     ecep:pos="n1"
                     ecep:reg="beam"
                     ecep:spe="beam"
                     ecep:syllab="1"
                     ecep:pron="biːm">beam</w>
                  <c> </c>
                  <w xmlns:ecep="http://www.eighteenthcenturypoetry.org/ns"
                     xml:id="cac95-175890"
                     n="a-0340"
                     ecep:lem="through"
                     ecep:pos="p-acp"
                     ecep:reg="through"
                     ecep:spe="through"
                     ecep:syllab="1"
                     ecep:pron="θruː">through</w>
                  <c> </c>
                  <w xmlns:ecep="http://www.eighteenthcenturypoetry.org/ns"
                     xml:id="cac95-175900"
                     n="a-0350"
                     ecep:lem="every"
                     ecep:pos="d"
                     ecep:reg="every"
                     ecep:spe="every"
                     ecep:syllab="2"
                     ecep:pron="ˈevri">every</w>
                  <c> </c>
                  <w xmlns:ecep="http://www.eighteenthcenturypoetry.org/ns"
                     xml:id="cac95-175910"
                     n="a-0360"
                     ecep:lem="cloud"
                     ecep:pos="n1"
                     ecep:reg="cloud"
                     ecep:spe="cloud"
                     ecep:syllab="1"
                     ecep:pron="klaʊd">cloud</w>
                  <pc xmlns:ecep="http://www.eighteenthcenturypoetry.org/ns"
                      xml:id="cac95-175920"
                      n="a-0370"
                      ecep:lem=";"
                      ecep:pos=";"
                      ecep:reg=";"
                      ecep:spe=";">;</pc>
               </l>
               <l xml:id="cac95-l09310">
                  <c> </c>
                  <pc xmlns:ecep="http://www.eighteenthcenturypoetry.org/ns"
                      xml:id="cac95-175930"
                      n="a-0380"
                      ecep:lem="&#34;"
                      ecep:pos="&#34;"
                      ecep:reg="&#34;"
                      ecep:spe="&#34;">"</pc>
                  <w xmlns:ecep="http://www.eighteenthcenturypoetry.org/ns"
                     xml:id="cac95-175940"
                     n="a-0390"
                     ecep:lem="benumb"
                     ecep:pos="vvn"
                     ecep:reg="Benumbed"
                     ecep:spe="Benumb'd"
                     ecep:syllab="2"
                     ecep:pron="bɪˈnʌmd">Benumb'd</w>
                  <c> </c>
                  <w xmlns:ecep="http://www.eighteenthcenturypoetry.org/ns"
                     xml:id="cac95-175950"
                     n="a-0400"
                     ecep:lem="upon"
                     ecep:pos="a-acp"
                     ecep:reg="upon"
                     ecep:spe="upon"
                     ecep:syllab="2"
                     ecep:pron="əˈpɒn">upon</w>
                  <c> </c>
                  <w xmlns:ecep="http://www.eighteenthcenturypoetry.org/ns"
                     xml:id="cac95-175960"
                     n="a-0410"
                     ecep:lem="the"
                     ecep:pos="dt"
                     ecep:reg="the"
                     ecep:spe="the"
                     ecep:syllab="1"
                     ecep:pron="ðiː">the</w>
                  <c> </c>
                  <w xmlns:ecep="http://www.eighteenthcenturypoetry.org/ns"
                     xml:id="cac95-175970"
                     n="a-0420"
                     ecep:lem="shatter"
                     ecep:pos="j-vvn"
                     ecep:reg="shattered"
                     ecep:spe="shatter'd"
                     ecep:syllab="2"
                     ecep:pron="ˈʃætəd">shatter'd</w>
                  <c> </c>
                  <w xmlns:ecep="http://www.eighteenthcenturypoetry.org/ns"
                     xml:id="cac95-175980"
                     n="a-0430"
                     ecep:lem="rope"
                     ecep:pos="n1"
                     ecep:reg="rope"
                     ecep:spe="rope"
                     ecep:syllab="1"
                     ecep:pron="rəʊp">rope</w>
               </l>
               <l xml:id="cac95-l09315">
                  <pc xmlns:ecep="http://www.eighteenthcenturypoetry.org/ns"
                      xml:id="cac95-175990"
                      n="a-0440"
                      ecep:lem="&#34;"
                      ecep:pos="&#34;"
                      ecep:reg="&#34;"
                      ecep:spe="&#34;">"</pc>
                  <c> </c>
                  <w xmlns:ecep="http://www.eighteenthcenturypoetry.org/ns"
                     xml:id="cac95-176000"
                     n="a-0450"
                     ecep:lem="still"
                     ecep:pos="av"
                     ecep:reg="Still"
                     ecep:spe="Still"
                     ecep:syllab="1"
                     ecep:pron="stɪl">Still</w>
                  <c> </c>
                  <w xmlns:ecep="http://www.eighteenthcenturypoetry.org/ns"
                     xml:id="cac95-176010"
                     n="a-0460"
                     ecep:lem="grateful"
                     ecep:pos="j"
                     ecep:reg="grateful"
                     ecep:spe="grateful"
                     ecep:syllab="2"
                     ecep:pron="ˈgreɪtfl">grateful</w>
                  <c> </c>
                  <w xmlns:ecep="http://www.eighteenthcenturypoetry.org/ns"
                     xml:id="cac95-176020"
                     n="a-0470"
                     ecep:lem="be"
                     ecep:pos="vbz"
                     ecep:reg="is"
                     ecep:spe="is"
                     ecep:syllab="1"
                     ecep:pron="ɪz">is</w>
                  <c> </c>
                  <w xmlns:ecep="http://www.eighteenthcenturypoetry.org/ns"
                     xml:id="cac95-176030"
                     n="a-0480"
                     ecep:lem="my"
                     ecep:pos="po11"
                     ecep:reg="my"
                     ecep:spe="my"
                     ecep:syllab="1"
                     ecep:pron="maɪ">my</w>
                  <c> </c>
                  <w xmlns:ecep="http://www.eighteenthcenturypoetry.org/ns"
                     xml:id="cac95-176040"
                     n="a-0490"
                     ecep:lem="song"
                     ecep:pos="n1"
                     ecep:reg="song"
                     ecep:spe="song"
                     ecep:syllab="1"
                     ecep:pron="sɒŋ">song</w>
                  <pc xmlns:ecep="http://www.eighteenthcenturypoetry.org/ns"
                      xml:id="cac95-176050"
                      n="a-0500"
                      ecep:lem=","
                      ecep:pos=","
                      ecep:reg=","
                      ecep:spe=",">,</pc>
                  <c> </c>
                  <w xmlns:ecep="http://www.eighteenthcenturypoetry.org/ns"
                     xml:id="cac95-176060"
                     n="a-0510"
                     ecep:lem="and"
                     ecep:pos="cc"
                     ecep:reg="and"
                     ecep:spe="and"
                     ecep:syllab="1"
                     ecep:pron="ænd">and</w>
                  <c> </c>
                  <w xmlns:ecep="http://www.eighteenthcenturypoetry.org/ns"
                     xml:id="cac95-176070"
                     n="a-0520"
                     ecep:lem="loud"
                     ecep:pos="j"
                     ecep:reg="loud"
                     ecep:spe="loud"
                     ecep:syllab="1"
                     ecep:pron="laʊd">loud</w>
                  <pc xmlns:ecep="http://www.eighteenthcenturypoetry.org/ns"
                      xml:id="cac95-176080"
                      n="a-0530"
                      unit="sentence"
                      ecep:lem="."
                      ecep:pos="."
                      ecep:reg="."
                      ecep:spe=".">.</pc>
                  <c> </c>
               </l>
            </lg>
            <lg xml:id="cac95-s00970">
               <l xml:id="cac95-l09320">
                  <c> </c>
                  <pc xmlns:ecep="http://www.eighteenthcenturypoetry.org/ns"
                      xml:id="cac95-176110"
                      n="a-0540"
                      ecep:lem="&#34;"
                      ecep:pos="&#34;"
                      ecep:reg="&#34;"
                      ecep:spe="&#34;">"</pc>
                  <w xmlns:ecep="http://www.eighteenthcenturypoetry.org/ns"
                     xml:id="cac95-176120"
                     n="a-0550"
                     ecep:lem="grateful"
                     ecep:pos="j"
                     ecep:reg="Grateful"
                     ecep:spe="Grateful"
                     ecep:syllab="2"
                     ecep:pron="ˈgreɪtfl">Grateful</w>
                  <pc xmlns:ecep="http://www.eighteenthcenturypoetry.org/ns"
                      xml:id="cac95-176130"
                      n="a-0560"
                      ecep:lem=","
                      ecep:pos=","
                      ecep:reg=","
                      ecep:spe=",">,</pc>
                  <c> </c>
                  <w xmlns:ecep="http://www.eighteenthcenturypoetry.org/ns"
                     xml:id="cac95-176140"
                     n="a-0570"
                     ecep:lem="for"
                     ecep:pos="c-acp"
                     ecep:reg="for"
                     ecep:spe="for"
                     ecep:syllab="1"
                     ecep:pron="fɔː">for</w>
                  <c> </c>
                  <w xmlns:ecep="http://www.eighteenthcenturypoetry.org/ns"
                     xml:id="cac95-176150"
                     n="a-0580"
                     ecep:lem="be"
                     ecep:pos="vbg"
                     ecep:reg="being"
                     ecep:spe="being"
                     ecep:syllab="2"
                     ecep:pron="ˈbiːɪŋ">being</w>
                  <c> </c>
                  <w xmlns:ecep="http://www.eighteenthcenturypoetry.org/ns"
                     xml:id="cac95-176160"
                     n="a-0590"
                     ecep:lem="raise"
                     ecep:pos="vvn"
                     ecep:reg="raised"
                     ecep:spe="rais'd"
                     ecep:syllab="1"
                     ecep:pron="reɪzd">rais'd</w>
                  <c> </c>
                  <w xmlns:ecep="http://www.eighteenthcenturypoetry.org/ns"
                     xml:id="cac95-176170"
                     n="a-0600"
                     ecep:lem="from"
                     ecep:pos="p-acp"
                     ecep:reg="from"
                     ecep:spe="from"
                     ecep:syllab="1"
                     ecep:pron="frɒm">from</w>
                  <c> </c>
                  <w xmlns:ecep="http://www.eighteenthcenturypoetry.org/ns"
                     xml:id="cac95-176180"
                     n="a-0610"
                     ecep:lem="nought"
                     ecep:pos="pix"
                     ecep:reg="nought"
                     ecep:spe="nought"
                     ecep:syllab="1"
                     ecep:pron="nɔːt">nought</w>
               </l>
               <l xml:id="cac95-l09325">
                  <pc xmlns:ecep="http://www.eighteenthcenturypoetry.org/ns"
                      xml:id="cac95-176190"
                      n="a-0620"
                      ecep:lem="&#34;"
                      ecep:pos="&#34;"
                      ecep:reg="&#34;"
                      ecep:spe="&#34;">"</pc>
                  <c> </c>
                  <w xmlns:ecep="http://www.eighteenthcenturypoetry.org/ns"
                     xml:id="cac95-176200"
                     n="a-0630"
                     ecep:lem="to"
                     ecep:pos="pc-acp"
                     ecep:reg="To"
                     ecep:spe="To"
                     ecep:syllab="1"
                     ecep:pron="tuː">To</w>
                  <c> </c>
                  <w xmlns:ecep="http://www.eighteenthcenturypoetry.org/ns"
                     xml:id="cac95-176210"
                     n="a-0640"
                     ecep:lem="scene"
                     ecep:pos="n2"
                     ecep:reg="scenes"
                     ecep:spe="scenes"
                     ecep:syllab="1"
                     ecep:pron="siːnz">scenes</w>
                  <c> </c>
                  <w xmlns:ecep="http://www.eighteenthcenturypoetry.org/ns"
                     xml:id="cac95-176220"
                     n="a-0650"
                     ecep:lem="where"
                     ecep:pos="c-crq"
                     ecep:reg="where"
                     ecep:spe="where"
                     ecep:syllab="1"
                     ecep:pron="weə">where</w>
                  <c> </c>
                  <w xmlns:ecep="http://www.eighteenthcenturypoetry.org/ns"
                     xml:id="cac95-176230"
                     n="a-0660"
                     ecep:lem="nature"
                     ecep:pos="ng1"
                     ecep:reg="Nature's"
                     ecep:spe="Nature's"
                     ecep:syllab="2"
                     ecep:pron="ˈneɪtʃəz">Nature's</w>
                  <c> </c>
                  <w xmlns:ecep="http://www.eighteenthcenturypoetry.org/ns"
                     xml:id="cac95-176240"
                     n="a-0670"
                     ecep:lem="blessing"
                     ecep:pos="n2"
                     ecep:reg="blessings"
                     ecep:spe="blessings"
                     ecep:syllab="2"
                     ecep:pron="ˈblesɪŋz">blessings</w>
                  <c> </c>
                  <w xmlns:ecep="http://www.eighteenthcenturypoetry.org/ns"
                     xml:id="cac95-176250"
                     n="a-0680"
                     ecep:lem="shine"
                     ecep:pos="vvb"
                     ecep:reg="shine"
                     ecep:spe="shine"
                     ecep:syllab="1"
                     ecep:pron="ʃaɪn">shine</w>
                  <pc xmlns:ecep="http://www.eighteenthcenturypoetry.org/ns"
                      xml:id="cac95-176260"
                      n="a-0690"
                      ecep:lem=","
                      ecep:pos=","
                      ecep:reg=","
                      ecep:spe=",">,</pc>
               </l>
               <l xml:id="cac95-l09330">
                  <c> </c>
                  <pc xmlns:ecep="http://www.eighteenthcenturypoetry.org/ns"
                      xml:id="cac95-176270"
                      n="a-0700"
                      ecep:lem="&#34;"
                      ecep:pos="&#34;"
                      ecep:reg="&#34;"
                      ecep:spe="&#34;">"</pc>
                  <w xmlns:ecep="http://www.eighteenthcenturypoetry.org/ns"
                     xml:id="cac95-176280"
                     n="a-0710"
                     ecep:lem="endue"
                     ecep:pos="j-vvn"
                     ecep:reg="Endued"
                     ecep:spe="Endued"
                     ecep:syllab="2"
                     ecep:pron="ɪnˈdʒuːd">Endued</w>
                  <c> </c>
                  <w xmlns:ecep="http://www.eighteenthcenturypoetry.org/ns"
                     xml:id="cac95-176290"
                     n="a-0720"
                     ecep:lem="with"
                     ecep:pos="p-acp"
                     ecep:reg="with"
                     ecep:spe="with"
                     ecep:syllab="1"
                     ecep:pron="wɪð">with</w>
                  <c> </c>
                  <w xmlns:ecep="http://www.eighteenthcenturypoetry.org/ns"
                     xml:id="cac95-176300"
                     n="a-0730"
                     ecep:lem="fancy"
                     ecep:pos="n1"
                     ecep:reg="fancy"
                     ecep:spe="fancy"
                     ecep:syllab="2"
                     ecep:pron="ˈfænsi">fancy</w>
                  <pc xmlns:ecep="http://www.eighteenthcenturypoetry.org/ns"
                      xml:id="cac95-176310"
                      n="a-0740"
                      ecep:lem=","
                      ecep:pos=","
                      ecep:reg=","
                      ecep:spe=",">,</pc>
                  <c> </c>
                  <w xmlns:ecep="http://www.eighteenthcenturypoetry.org/ns"
                     xml:id="cac95-176320"
                     n="a-0750"
                     ecep:lem="love"
                     ecep:pos="vvb"
                     ecep:reg="love"
                     ecep:spe="love"
                     ecep:syllab="1"
                     ecep:pron="lʌv">love</w>
                  <pc xmlns:ecep="http://www.eighteenthcenturypoetry.org/ns"
                      xml:id="cac95-176330"
                      n="a-0760"
                      ecep:lem=","
                      ecep:pos=","
                      ecep:reg=","
                      ecep:spe=",">,</pc>
                  <c> </c>
                  <w xmlns:ecep="http://www.eighteenthcenturypoetry.org/ns"
                     xml:id="cac95-176340"
                     n="a-0770"
                     ecep:lem="and"
                     ecep:pos="cc"
                     ecep:reg="and"
                     ecep:spe="and"
                     ecep:syllab="1"
                     ecep:pron="ænd">and</w>
                  <c> </c>
                  <w xmlns:ecep="http://www.eighteenthcenturypoetry.org/ns"
                     xml:id="cac95-176350"
                     n="a-0780"
                     ecep:lem="think"
                     ecep:pos="vvd"
                     ecep:reg="thought"
                     ecep:spe="thought"
                     ecep:syllab="1"
                     ecep:pron="θɔːt">thought</w>
                  <pc xmlns:ecep="http://www.eighteenthcenturypoetry.org/ns"
                      xml:id="cac95-176360"
                      n="a-0790"
                      ecep:lem=","
                      ecep:pos=","
                      ecep:reg=","
                      ecep:spe=",">,</pc>
               </l>
               <l xml:id="cac95-l09335">
                  <pc xmlns:ecep="http://www.eighteenthcenturypoetry.org/ns"
                      xml:id="cac95-176370"
                      n="a-0800"
                      ecep:lem="&#34;"
                      ecep:pos="&#34;"
                      ecep:reg="&#34;"
                      ecep:spe="&#34;">"</pc>
                  <c> </c>
                  <w xmlns:ecep="http://www.eighteenthcenturypoetry.org/ns"
                     xml:id="cac95-176380"
                     n="a-0810"
                     ecep:lem="and"
                     ecep:pos="cc"
                     ecep:reg="And"
                     ecep:spe="And"
                     ecep:syllab="1"
                     ecep:pron="ænd">And</w>
                  <c> </c>
                  <w xmlns:ecep="http://www.eighteenthcenturypoetry.org/ns"
                     xml:id="cac95-176390"
                     n="a-0820"
                     ecep:lem="dawn"
                     ecep:pos="n2-vvg"
                     ecep:reg="dawnings"
                     ecep:spe="dawnings"
                     ecep:syllab="2"
                     ecep:pron="ˈdɔːnɪŋz">dawnings</w>
                  <c> </c>
                  <w xmlns:ecep="http://www.eighteenthcenturypoetry.org/ns"
                     xml:id="cac95-176400"
                     n="a-0830"
                     ecep:lem="of"
                     ecep:pos="pp-f"
                     ecep:reg="of"
                     ecep:spe="of"
                     ecep:syllab="1"
                     ecep:pron="ɒv">of</w>
                  <c> </c>
                  <w xmlns:ecep="http://www.eighteenthcenturypoetry.org/ns"
                     xml:id="cac95-176410"
                     n="a-0840"
                     ecep:lem="a"
                     ecep:pos="dt"
                     ecep:reg="a"
                     ecep:spe="a"
                     ecep:syllab="1"
                     ecep:pron="ə">a</w>
                  <c> </c>
                  <w xmlns:ecep="http://www.eighteenthcenturypoetry.org/ns"
                     xml:id="cac95-176420"
                     n="a-0850"
                     ecep:lem="soul"
                     ecep:pos="n1"
                     ecep:reg="soul"
                     ecep:spe="soul"
                     ecep:syllab="1"
                     ecep:pron="səʊl">soul</w>
                  <c> </c>
                  <w xmlns:ecep="http://www.eighteenthcenturypoetry.org/ns"
                     xml:id="cac95-176430"
                     n="a-0860"
                     ecep:lem="divine"
                     ecep:pos="j-jn"
                     ecep:reg="divine"
                     ecep:spe="divine"
                     ecep:syllab="2"
                     ecep:pron="dɪˈvaɪn">divine</w>
                  <pc xmlns:ecep="http://www.eighteenthcenturypoetry.org/ns"
                      xml:id="cac95-176440"
                      n="a-0870"
                      ecep:lem="!"
                      ecep:pos="!"
                      ecep:reg="!"
                      ecep:spe="!">!</pc>
                  <c> </c>
                  <pc xmlns:ecep="http://www.eighteenthcenturypoetry.org/ns"
                      xml:id="cac95-176450"
                      n="a-0880"
                      unit="sentence"
                      ecep:lem="&#34;"
                      ecep:pos="&#34;"
                      ecep:reg="&#34;"
                      ecep:spe="&#34;">"</pc>
                  <c> </c>
               </l>
               <pb n="115" rend="none"/>
            </lg>
         </div>
      </body>
   </text>
</TEI>
