<?xml version="1.0" encoding="utf-8"?>
<!DOCTYPE div
  SYSTEM "about:legacy-compat">
<div xmlns:ecep="http://www.eighteenthcenturypoetry.org/ns"
     xmlns="http://www.tei-c.org/ns/1.0"
     xmlns:tei="http://www.tei-c.org/ns/1.0"
     ana="#iamb #tetrameter #trimeter #quatrain #cross #epitaph"
     corresp="#txt_BurnRo1759_w0040"
     decls="#semi-normalized"
     ecep:syllab="8.6.8.6"
     met="-+|-+|-+|-+/ -+|-+|-+/ -+|-+|-+|-+/ -+|-+|-+/"
     rendition="#lgvspace"
     rhyme="abab"
     subtype="eceptext"
     type="poem"
     xml:id="cbu86-w0400">
   <link target="authors.xml#aut_BurnRo1759" type="author"/>
   <head type="main">
      <pc xml:id="cbu86-319910"
          n="238-a-0380"
          ecep:lem="["
          ecep:pos="["
          ecep:reg="["
          ecep:spe="[">[</pc>
      <w xml:id="cbu86-319920"
         n="238-a-0390"
         ecep:lem="epitaph"
         ecep:pos="n1"
         ecep:reg="EPITAPH"
         ecep:spe="EPITAPH"
         ecep:syllab="3"
         ecep:pron="ˈepɪtɑːf">EPITAPH</w>
      <pc xml:id="cbu86-319930"
          n="238-a-0400"
          ecep:lem="]"
          ecep:pos="]"
          ecep:reg="]"
          ecep:spe="]">]</pc>
      <c> </c>
      <w xml:id="cbu86-319940"
         n="238-a-0410"
         ecep:lem="on"
         ecep:pos="p-acp"
         ecep:reg="ON"
         ecep:spe="ON"
         ecep:syllab="1"
         ecep:pron="ɒn">ON</w>
      <c> </c>
      <w xml:id="cbu86-319950"
         n="238-a-0420"
         ecep:lem="we"
         ecep:pos="pns12"
         ecep:reg="WE"
         ecep:spe="WEE"
         ecep:syllab="1"
         ecep:pron="wiː">WEE</w>
      <c> </c>
      <w xml:id="cbu86-319960"
         n="238-a-0430"
         ecep:lem="Johnie"
         ecep:pos="np1"
         ecep:reg="JOHNIE"
         ecep:spe="JOHNIE"
         ecep:syllab="2"
         ecep:pron="dʒˈɒni">JOHNIE</w>
      <pc xml:id="cbu86-319970"
          n="238-a-0440"
          unit="sentence"
          ecep:lem="."
          ecep:pos="."
          ecep:reg="."
          ecep:spe=".">.</pc>
   </head>
   <head type="sub">
      <w xml:id="cbu86-320000"
         n="238-a-0450"
         ecep:lem="hic"
         ecep:pos="fw-la"
         ecep:reg="Hic"
         ecep:spe="Hic"
         ecep:syllab="1"
         ecep:pron="hɪk">Hic</w>
      <c> </c>
      <w xml:id="cbu86-320010"
         n="238-a-0460"
         ecep:lem="jacet"
         ecep:pos="fw-la"
         ecep:reg="jacet"
         ecep:spe="jacet"
         ecep:syllab="2"
         ecep:pron="ˈdʒeɪset">jacet</w>
      <c> </c>
      <w xml:id="cbu86-320020"
         n="238-a-0470"
         ecep:lem="wee"
         ecep:pos="j"
         ecep:reg="we"
         ecep:spe="wee"
         ecep:syllab="1"
         ecep:pron="wiː">wee</w>
      <c> </c>
      <w xml:id="cbu86-320030"
         n="238-a-0480"
         ecep:lem="Johnie"
         ecep:pos="np1"
         ecep:reg="Johnie"
         ecep:spe="Johnie"
         ecep:syllab="2"
         ecep:pron="dʒˈɒni">Johnie</w>
      <pc xml:id="cbu86-320040"
          n="238-a-0490"
          unit="sentence"
          ecep:lem="."
          ecep:pos="."
          ecep:reg="."
          ecep:spe=".">.</pc>
   </head>
   <lg xml:id="cbu86-s02650">
      <l xml:id="cbu86-l18575">
         <w xml:id="cbu86-320070"
            n="238-a-0500"
            ecep:lem="whoever"
            ecep:pos="r-crq"
            ecep:reg="Whoever"
            ecep:spe="Whoe'er"
            ecep:syllab="2"
            ecep:pron="huːˈeə">Whoe'er</w>
         <c> </c>
         <w xml:id="cbu86-320080"
            n="238-a-0510"
            ecep:lem="thou"
            ecep:pos="pns21"
            ecep:reg="thou"
            ecep:spe="thou"
            ecep:syllab="1"
            ecep:pron="θaʊ">thou</w>
         <c> </c>
         <w xml:id="cbu86-320090"
            n="238-a-0520"
            ecep:lem="be"
            ecep:pos="vb2r"
            ecep:reg="art"
            ecep:spe="art"
            ecep:syllab="1"
            ecep:pron="ɑːt">art</w>
         <pc xml:id="cbu86-320100"
             n="238-a-0530"
             ecep:lem=","
             ecep:pos=","
             ecep:reg=","
             ecep:spe=",">,</pc>
         <c> </c>
         <w xml:id="cbu86-320110"
            n="238-a-0540"
            ecep:lem="o"
            ecep:pos="uh"
            ecep:reg="OH"
            ecep:spe="O"
            ecep:syllab="1"
            ecep:pron="əʊ">O</w>
         <c> </c>
         <w xml:id="cbu86-320120"
            n="238-a-0550"
            ecep:lem="reader"
            ecep:pos="n1"
            ecep:reg="reader"
            ecep:spe="reader"
            ecep:syllab="2"
            ecep:pron="ˈriːdə">reader</w>
         <pc xml:id="cbu86-320130"
             n="238-a-0560"
             ecep:lem=","
             ecep:pos=","
             ecep:reg=","
             ecep:spe=",">,</pc>
         <c> </c>
         <w xml:id="cbu86-320140"
            n="238-a-0570"
            ecep:lem="know"
            ecep:pos="vvb"
            ecep:reg="know"
            ecep:spe="know"
            ecep:syllab="1"
            ecep:pron="nəʊ">know</w>
         <pc xml:id="cbu86-320150"
             n="238-a-0580"
             ecep:lem=","
             ecep:pos=","
             ecep:reg=","
             ecep:spe=",">,</pc>
      </l>
      <l xml:id="cbu86-l18580">
         <c> </c>
         <w xml:id="cbu86-320160"
            n="238-a-0590"
            ecep:lem="that"
            ecep:pos="cst"
            ecep:reg="That"
            ecep:spe="That"
            ecep:syllab="1"
            ecep:pron="ðæt">That</w>
         <c> </c>
         <w xml:id="cbu86-320170"
            n="238-a-0600"
            ecep:lem="death"
            ecep:pos="n1"
            ecep:reg="Death"
            ecep:spe="Death"
            ecep:syllab="1"
            ecep:pron="deθ">Death</w>
         <c> </c>
         <w xml:id="cbu86-320180"
            n="238-a-0610"
            ecep:lem="have"
            ecep:pos="vhz"
            ecep:reg="has"
            ecep:spe="has"
            ecep:syllab="1"
            ecep:pron="hæz">has</w>
         <c> </c>
         <w xml:id="cbu86-320190"
            n="238-a-0620"
            ecep:lem="murder"
            ecep:pos="vvn"
            ecep:reg="murdered"
            ecep:spe="murder'd"
            ecep:syllab="2"
            ecep:pron="ˈmɜːdəd">murder'd</w>
         <c> </c>
         <w xml:id="cbu86-320200"
            n="238-a-0630"
            ecep:lem="Johnie"
            ecep:pos="np1"
            ecep:reg="Johnie"
            ecep:spe="Johnie"
            ecep:syllab="2"
            ecep:pron="dʒˈɒni">Johnie</w>
         <pc xml:id="cbu86-320210"
             n="238-a-0640"
             ecep:lem=";"
             ecep:pos=";"
             ecep:reg=";"
             ecep:spe=";">;</pc>
      </l>
      <l xml:id="cbu86-l18585">
         <c> </c>
         <w xml:id="cbu86-320220"
            n="238-a-0650"
            ecep:lem="and"
            ecep:pos="cc"
            ecep:reg="And"
            ecep:spe="An'"
            ecep:syllab="1"
            ecep:pron="æn">An'</w>
         <c> </c>
         <w xml:id="cbu86-320230"
            n="238-a-0660"
            ecep:lem="here"
            ecep:pos="av"
            ecep:reg="here"
            ecep:spe="here"
            ecep:syllab="1"
            ecep:pron="hɪə">here</w>
         <c> </c>
         <w xml:id="cbu86-320240"
            n="238-a-0670"
            ecep:lem="his"
            ecep:pos="po31"
            ecep:reg="his"
            ecep:spe="his"
            ecep:syllab="1"
            ecep:pron="hɪz">his</w>
         <c> </c>
         <w xml:id="cbu86-320250"
            n="238-a-0680"
            ecep:lem="body"
            ecep:pos="n1"
            ecep:reg="body"
            ecep:spe="body"
            ecep:syllab="2"
            ecep:pron="ˈbɒdi">body</w>
         <c> </c>
         <w xml:id="cbu86-320260"
            n="238-a-0690"
            ecep:lem="lie"
            ecep:pos="vvz"
            ecep:reg="lies"
            ecep:spe="lies"
            ecep:syllab="1"
            ecep:pron="laɪz">lies</w>
         <c> </c>
         <w xml:id="cbu86-320270"
            n="238-a-0700"
            ecep:lem="full"
            ecep:pos="av-j"
            ecep:reg="fu'"
            ecep:spe="fu'"
            ecep:syllab="1"
            ecep:pron="ˈfuː">fu'</w>
         <c> </c>
         <w xml:id="cbu86-320290"
            n="238-a-0720"
            ecep:lem="low"
            ecep:pos="j"
            ecep:reg="low"
            ecep:spe="low"
            ecep:syllab="1"
            ecep:pron="ləʊ">low</w>
         <c> </c>
         <pc xml:id="cbu86-320300"
             n="238-a-0730"
             ecep:lem="—"
             ecep:pos="—"
             ecep:reg="—"
             ecep:spe="—">—</pc>
      </l>
      <l xml:id="cbu86-l18590">
         <c> </c>
         <w xml:id="cbu86-320310"
            n="238-a-0740"
            ecep:lem="for"
            ecep:pos="p-acp"
            ecep:reg="For"
            ecep:spe="For"
            ecep:syllab="1"
            ecep:pron="fɔː">For</w>
         <c> </c>
         <w xml:id="cbu86-320320"
            n="238-a-0750"
            ecep:lem="saul"
            ecep:pos="n1"
            ecep:reg="saul"
            ecep:spe="saul"
            ecep:syllab="1"
            ecep:pron="ˈsɔːl">saul</w>
         <c> </c>
         <w xml:id="cbu86-320330"
            n="238-a-0760"
            ecep:lem="he"
            ecep:pos="pns31"
            ecep:reg="he"
            ecep:spe="he"
            ecep:syllab="1"
            ecep:pron="hiː">he</w>
         <c> </c>
         <w xml:id="cbu86-320340"
            n="238-a-0770"
            ecep:lem="never"
            ecep:pos="av-x"
            ecep:reg="never"
            ecep:spe="ne'er"
            ecep:syllab="1"
            ecep:pron="neə">ne'er</w>
         <c> </c>
         <w xml:id="cbu86-320350"
            n="238-a-0780"
            ecep:lem="have"
            ecep:pos="vhd"
            ecep:reg="had"
            ecep:spe="had"
            ecep:syllab="1"
            ecep:pron="hæd">had</w>
         <c> </c>
         <w xml:id="cbu86-320360"
            n="238-a-0790"
            ecep:lem="any"
            ecep:pos="d"
            ecep:reg="only"
            ecep:spe="ony"
            ecep:syllab="2"
            ecep:pron="ˈəʊnɪ">ony</w>
         <pc xml:id="cbu86-320370"
             n="238-a-0800"
             unit="sentence"
             ecep:lem="."
             ecep:pos="."
             ecep:reg="."
             ecep:spe=".">.</pc>
         <c> </c>
      </l>
   </lg>
</div>
