<?xml version="1.0" encoding="utf-8"?>
<!DOCTYPE div
  SYSTEM "about:legacy-compat">
<div xmlns:ecep="http://www.eighteenthcenturypoetry.org/ns"
     xmlns="http://www.tei-c.org/ns/1.0"
     xmlns:tei="http://www.tei-c.org/ns/1.0"
     ana="#iamb #tetrameter #cross #song #octet"
     corresp="#txt_WotyWi1732_w0002"
     decls="#semi-normalized"
     ecep:syllab="8.8.8.8.8.8.8.8"
     met="-+|-+|-+|-+/ -+|-+|-+|-+/ -+|-+|-+|-+/ -+|-+|-+|-+/ -+|-+|-+|-+/ -+|-+|-+|-+/ -+|-+|-+|-+/ -+|-+|-+|-+/"
     rendition="#lgvspace"
     rhyme="ababcdcd"
     subtype="eceptext"
     type="song"
     xml:id="o5089-w0460">
   <link target="authors.xml#aut_WotyWi1732" type="author"/>
   <link target="29234" type="DMI"/>
   <head type="main">
      <w xml:id="o5089-414220"
         n="189-a-0450"
         ecep:lem="song"
         ecep:pos="n1"
         ecep:reg="SONG"
         ecep:spe="SONG"
         ecep:syllab="1"
         ecep:pron="sɒŋ">SONG</w>
      <pc xml:id="o5089-414230"
          n="189-a-0460"
          unit="sentence"
          ecep:lem="."
          ecep:pos="."
          ecep:reg="."
          ecep:spe=".">.</pc>
   </head>
   <lg xml:id="o5089-s02655">
      <l xml:id="o5089-l22160">
         <w xml:id="o5089-414260"
            n="189-a-0470"
            ecep:lem="sweet"
            ecep:pos="j"
            ecep:reg="SWEET"
            ecep:spe="SWEET"
            ecep:syllab="1"
            ecep:pron="swiːt">SWEET</w>
         <c> </c>
         <w xml:id="o5089-414270"
            n="189-a-0480"
            ecep:lem="be"
            ecep:pos="vbb"
            ecep:reg="are"
            ecep:spe="are"
            ecep:syllab="1"
            ecep:pron="ɑː">are</w>
         <c> </c>
         <w xml:id="o5089-414280"
            n="189-a-0490"
            ecep:lem="the"
            ecep:pos="dt"
            ecep:reg="the"
            ecep:spe="the"
            ecep:syllab="1"
            ecep:pron="ðə">the</w>
         <c> </c>
         <w xml:id="o5089-414290"
            n="189-a-0500"
            ecep:lem="bank"
            ecep:pos="n2"
            ecep:reg="banks"
            ecep:spe="banks"
            ecep:syllab="1"
            ecep:pron="bæŋks">banks</w>
         <pc xml:id="o5089-414300"
             n="189-a-0510"
             ecep:lem=","
             ecep:pos=","
             ecep:reg=","
             ecep:spe=",">,</pc>
         <c> </c>
         <w xml:id="o5089-414310"
            n="189-a-0520"
            ecep:lem="when"
            ecep:pos="c-crq"
            ecep:reg="when"
            ecep:spe="when"
            ecep:syllab="1"
            ecep:pron="wen">when</w>
         <c> </c>
         <w xml:id="o5089-414320"
            n="189-a-0530"
            ecep:lem="spring"
            ecep:pos="n1"
            ecep:reg="Spring"
            ecep:spe="Spring"
            ecep:syllab="1"
            ecep:pron="sprɪŋ">Spring</w>
         <c> </c>
         <w xml:id="o5089-414330"
            n="189-a-0540"
            ecep:lem="perfume"
            ecep:pos="n2"
            ecep:reg="perfumes"
            ecep:spe="perfumes"
            ecep:syllab="2"
            ecep:pron="ˈpɜːfjuːmz">perfumes</w>
      </l>
      <l xml:id="o5089-l22165">
         <c> </c>
         <w xml:id="o5089-414340"
            n="189-a-0550"
            ecep:lem="the"
            ecep:pos="dt"
            ecep:reg="The"
            ecep:spe="The"
            ecep:syllab="1"
            ecep:pron="ðə">The</w>
         <c> </c>
         <w xml:id="o5089-414350"
            n="189-a-0560"
            ecep:lem="verdant"
            ecep:pos="j"
            ecep:reg="verdant"
            ecep:spe="verdant"
            ecep:syllab="2"
            ecep:pron="ˈvɜːdnt">verdant</w>
         <c> </c>
         <w xml:id="o5089-414360"
            n="189-a-0570"
            ecep:lem="plant"
            ecep:pos="n2"
            ecep:reg="plants"
            ecep:spe="plants"
            ecep:syllab="1"
            ecep:pron="plɑːnts">plants</w>
         <pc xml:id="o5089-414370"
             n="189-a-0580"
             ecep:lem=","
             ecep:pos=","
             ecep:reg=","
             ecep:spe=",">,</pc>
         <c> </c>
         <w xml:id="o5089-414380"
            n="189-a-0590"
            ecep:lem="and"
            ecep:pos="cc"
            ecep:reg="and"
            ecep:spe="and"
            ecep:syllab="1"
            ecep:pron="ænd">and</w>
         <c> </c>
         <w xml:id="o5089-414390"
            n="189-a-0600"
            ecep:lem="laugh"
            ecep:pos="vvg"
            ecep:reg="laughing"
            ecep:spe="laughing"
            ecep:syllab="2"
            ecep:pron="ˈlɑːfɪŋ">laughing</w>
         <c> </c>
         <w xml:id="o5089-414400"
            n="189-a-0610"
            ecep:lem="flower"
            ecep:pos="n2"
            ecep:reg="flowers"
            ecep:spe="flowers"
            ecep:syllab="2"
            ecep:pron="ˈflaʊəz">flowers</w>
         <pc xml:id="o5089-414410"
             n="189-a-0620"
             ecep:lem=","
             ecep:pos=","
             ecep:reg=","
             ecep:spe=",">,</pc>
      </l>
      <l xml:id="o5089-l22170">
         <c> </c>
         <w xml:id="o5089-414420"
            n="189-a-0630"
            ecep:lem="fragrant"
            ecep:pos="j"
            ecep:reg="Fragrant"
            ecep:spe="Fragrant"
            ecep:syllab="2"
            ecep:pron="ˈfreɪgrənt">Fragrant</w>
         <c> </c>
         <w xml:id="o5089-414430"
            n="189-a-0640"
            ecep:lem="the"
            ecep:pos="dt"
            ecep:reg="the"
            ecep:spe="the"
            ecep:syllab="1"
            ecep:pron="ðə">the</w>
         <c> </c>
         <w xml:id="o5089-414440"
            n="189-a-0650"
            ecep:lem="violet"
            ecep:pos="n1"
            ecep:reg="violet"
            ecep:spe="violet"
            ecep:syllab="3"
            ecep:pron="ˈvaɪəlɪt">violet</w>
         <pc xml:id="o5089-414450"
             n="189-a-0660"
             ecep:lem=","
             ecep:pos=","
             ecep:reg=","
             ecep:spe=",">,</pc>
         <c> </c>
         <w xml:id="o5089-414460"
            n="189-a-0670"
            ecep:lem="as"
            ecep:pos="c-acp"
            ecep:reg="as"
            ecep:spe="as"
            ecep:syllab="1"
            ecep:pron="æz">as</w>
         <c> </c>
         <w xml:id="o5089-414470"
            n="189-a-0680"
            ecep:lem="it"
            ecep:pos="pn31"
            ecep:reg="it"
            ecep:spe="it"
            ecep:syllab="1"
            ecep:pron="ɪt">it</w>
         <c> </c>
         <w xml:id="o5089-414480"
            n="189-a-0690"
            ecep:lem="bloom"
            ecep:pos="vvz"
            ecep:reg="blooms"
            ecep:spe="blooms"
            ecep:syllab="1"
            ecep:pron="bluːmz">blooms</w>
         <pc xml:id="o5089-414490"
             n="189-a-0700"
             ecep:lem=","
             ecep:pos=","
             ecep:reg=","
             ecep:spe=",">,</pc>
      </l>
      <l xml:id="o5089-l22175">
         <c> </c>
         <w xml:id="o5089-414500"
            n="189-a-0710"
            ecep:lem="and"
            ecep:pos="cc"
            ecep:reg="And"
            ecep:spe="And"
            ecep:syllab="1"
            ecep:pron="ænd">And</w>
         <c> </c>
         <w xml:id="o5089-414510"
            n="189-a-0720"
            ecep:lem="sweet"
            ecep:pos="j"
            ecep:reg="sweet"
            ecep:spe="sweet"
            ecep:syllab="1"
            ecep:pron="swiːt">sweet</w>
         <c> </c>
         <w xml:id="o5089-414520"
            n="189-a-0730"
            ecep:lem="the"
            ecep:pos="dt"
            ecep:reg="the"
            ecep:spe="the"
            ecep:syllab="1"
            ecep:pron="ðə">the</w>
         <c> </c>
         <w xml:id="o5089-414530"
            n="189-a-0740"
            ecep:lem="blossom"
            ecep:pos="n2"
            ecep:reg="blossoms"
            ecep:spe="blossoms"
            ecep:syllab="2"
            ecep:pron="ˈblɒsəmz">blossoms</w>
         <c> </c>
         <w xml:id="o5089-414540"
            n="189-a-0750"
            ecep:lem="after"
            ecep:pos="p-acp"
            ecep:reg="after"
            ecep:spe="after"
            ecep:syllab="2"
            ecep:pron="ˈɑːftə">after</w>
         <c> </c>
         <w xml:id="o5089-414550"
            n="189-a-0760"
            ecep:lem="shower"
            ecep:pos="n2"
            ecep:reg="showers"
            ecep:spe="showers"
            ecep:syllab="2"
            ecep:pron="ˈʃəʊəz">showers</w>
         <pc xml:id="o5089-414560"
             n="189-a-0770"
             unit="sentence"
             ecep:lem="."
             ecep:pos="."
             ecep:reg="."
             ecep:spe=".">.</pc>
         <c> </c>
      </l>
      <l xml:id="o5089-l22180">
         <w xml:id="o5089-414570"
            n="189-a-0780"
            ecep:lem="sweet"
            ecep:pos="j"
            ecep:reg="Sweet"
            ecep:spe="Sweet"
            ecep:syllab="1"
            ecep:pron="swiːt">Sweet</w>
         <c> </c>
         <w xml:id="o5089-414580"
            n="189-a-0790"
            ecep:lem="be"
            ecep:pos="vbz"
            ecep:reg="is"
            ecep:spe="is"
            ecep:syllab="1"
            ecep:pron="ɪz">is</w>
         <c> </c>
         <w xml:id="o5089-414590"
            n="189-a-0800"
            ecep:lem="the"
            ecep:pos="dt"
            ecep:reg="the"
            ecep:spe="the"
            ecep:syllab="1"
            ecep:pron="ðə">the</w>
         <c> </c>
         <w xml:id="o5089-414600"
            n="189-a-0810"
            ecep:lem="soft"
            ecep:pos="j"
            ecep:reg="soft"
            ecep:spe="soft"
            ecep:syllab="1"
            ecep:pron="sɒft">soft</w>
         <pc xml:id="o5089-414610"
             n="189-a-0820"
             ecep:lem=","
             ecep:pos=","
             ecep:reg=","
             ecep:spe=",">,</pc>
         <c> </c>
         <w xml:id="o5089-414620"
            n="189-a-0830"
            ecep:lem="the"
            ecep:pos="dt"
            ecep:reg="the"
            ecep:spe="the"
            ecep:syllab="1"
            ecep:pron="ðə">the</w>
         <c> </c>
         <w xml:id="o5089-414630"
            n="189-a-0840"
            ecep:lem="sunny"
            ecep:pos="j"
            ecep:reg="sunny"
            ecep:spe="sunny"
            ecep:syllab="2"
            ecep:pron="ˈsʌnɪ">sunny</w>
         <c> </c>
         <w xml:id="o5089-414640"
            n="189-a-0850"
            ecep:lem="breeze"
            ecep:pos="n1"
            ecep:reg="breeze"
            ecep:spe="breeze"
            ecep:syllab="1"
            ecep:pron="briːz">breeze</w>
         <pc xml:id="o5089-414650"
             n="189-a-0860"
             ecep:lem=","
             ecep:pos=","
             ecep:reg=","
             ecep:spe=",">,</pc>
      </l>
      <l xml:id="o5089-l22185">
         <c> </c>
         <w xml:id="o5089-414660"
            n="189-a-0870"
            ecep:lem="that"
            ecep:pos="d"
            ecep:reg="That"
            ecep:spe="That"
            ecep:syllab="1"
            ecep:pron="ðæt">That</w>
         <c> </c>
         <w xml:id="o5089-414670"
            n="189-a-0880"
            ecep:lem="fan"
            ecep:pos="n2"
            ecep:reg="fans"
            ecep:spe="fans"
            ecep:syllab="1"
            ecep:pron="fænz">fans</w>
         <c> </c>
         <w xml:id="o5089-414680"
            n="189-a-0890"
            ecep:lem="the"
            ecep:pos="dt"
            ecep:reg="the"
            ecep:spe="the"
            ecep:syllab="1"
            ecep:pron="ðə">the</w>
         <c> </c>
         <w xml:id="o5089-414690"
            n="189-a-0900"
            ecep:lem="golden"
            ecep:pos="j"
            ecep:reg="golden"
            ecep:spe="golden"
            ecep:syllab="2"
            ecep:pron="ˈgəʊldən">golden</w>
         <c> </c>
         <w xml:id="o5089-414700"
            n="189-a-0910"
            ecep:lem="orange-grove"
            ecep:pos="n1"
            ecep:reg="orange-grove"
            ecep:spe="orange-grove"
            ecep:syllab="4"
            ecep:pron="ˈɒrɪndʒˌgrəʊv">orange-grove</w>
         <pc xml:id="o5089-414710"
             n="189-a-0920"
             ecep:lem=";"
             ecep:pos=";"
             ecep:reg=";"
             ecep:spe=";">;</pc>
      </l>
      <l xml:id="o5089-l22190">
         <c> </c>
         <w xml:id="o5089-414720"
            n="189-a-0930"
            ecep:lem="but"
            ecep:pos="cc-acp"
            ecep:reg="But"
            ecep:spe="But"
            ecep:syllab="1"
            ecep:pron="bʌt">But</w>
         <c> </c>
         <w xml:id="o5089-414730"
            n="189-a-0940"
            ecep:lem="oh"
            ecep:pos="uh"
            ecep:reg="o"
            ecep:spe="oh"
            ecep:syllab="1"
            ecep:pron="əʊ">oh</w>
         <pc xml:id="o5089-414740"
             n="189-a-0950"
             ecep:lem="!"
             ecep:pos="!"
             ecep:reg="!"
             ecep:spe="!">!</pc>
         <c> </c>
         <w xml:id="o5089-414750"
            n="189-a-0960"
            ecep:lem="how"
            ecep:pos="q-crq"
            ecep:reg="how"
            ecep:spe="how"
            ecep:syllab="1"
            ecep:pron="haʊ">how</w>
         <c> </c>
         <w xml:id="o5089-414760"
            n="189-a-0970"
            ecep:lem="sweet"
            ecep:pos="jc"
            ecep:reg="sweeter"
            ecep:spe="sweeter"
            ecep:syllab="2"
            ecep:pron="ˈswiːtə">sweeter</w>
         <c> </c>
         <w xml:id="o5089-414770"
            n="189-a-0980"
            ecep:lem="far"
            ecep:pos="j"
            ecep:reg="far"
            ecep:spe="far"
            ecep:syllab="1"
            ecep:pron="fɑː">far</w>
         <c> </c>
         <w xml:id="o5089-414780"
            n="189-a-0990"
            ecep:lem="than"
            ecep:pos="cs"
            ecep:reg="than"
            ecep:spe="than"
            ecep:syllab="1"
            ecep:pron="ðæn">than</w>
         <c> </c>
         <w xml:id="o5089-414790"
            n="189-a-1000"
            ecep:lem="these"
            ecep:pos="d"
            ecep:reg="these"
            ecep:spe="these"
            ecep:syllab="1"
            ecep:pron="ðiːz">these</w>
      </l>
      <l xml:id="o5089-l22195">
         <c> </c>
         <w xml:id="o5089-414800"
            n="189-a-1010"
            ecep:lem="the"
            ecep:pos="dt"
            ecep:reg="The"
            ecep:spe="The"
            ecep:syllab="1"
            ecep:pron="ðə">The</w>
         <c> </c>
         <w xml:id="o5089-414810"
            n="189-a-1020"
            ecep:lem="kiss"
            ecep:pos="n2"
            ecep:reg="kisses"
            ecep:spe="kisses"
            ecep:syllab="2"
            ecep:pron="ˈkɪsɪz">kisses</w>
         <c> </c>
         <w xml:id="o5089-414820"
            n="189-a-1030"
            ecep:lem="be"
            ecep:pos="vbr"
            ecep:reg="are"
            ecep:spe="are"
            ecep:syllab="1"
            ecep:pron="ɑː">are</w>
         <c> </c>
         <w xml:id="o5089-414830"
            n="189-a-1040"
            ecep:lem="of"
            ecep:pos="pp-f"
            ecep:reg="of"
            ecep:spe="of"
            ecep:syllab="1"
            ecep:pron="ɒv">of</w>
         <c> </c>
         <w xml:id="o5089-414840"
            n="189-a-1050"
            ecep:lem="she"
            ecep:pos="pno31"
            ecep:reg="her"
            ecep:spe="her"
            ecep:syllab="1"
            ecep:pron="hɜː">her</w>
         <c> </c>
         <w xml:id="o5089-414850"
            n="189-a-1060"
            ecep:lem="i"
            ecep:pos="pns11"
            ecep:reg="I"
            ecep:spe="I"
            ecep:syllab="1"
            ecep:pron="aɪ">I</w>
         <c> </c>
         <w xml:id="o5089-414860"
            n="189-a-1070"
            ecep:lem="love"
            ecep:pos="vvb"
            ecep:reg="love"
            ecep:spe="love"
            ecep:syllab="1"
            ecep:pron="lʌv">love</w>
         <pc xml:id="o5089-414870"
             n="189-a-1080"
             unit="sentence"
             ecep:lem="."
             ecep:pos="."
             ecep:reg="."
             ecep:spe=".">.</pc>
         <c> </c>
      </l>
   </lg>
   <lg xml:id="o5089-s02660">
      <l xml:id="o5089-l22200">
         <w xml:id="o5089-414900"
            n="189-a-1090"
            ecep:lem="you"
            ecep:pos="pn22"
            ecep:reg="You"
            ecep:spe="Ye"
            ecep:syllab="1"
            ecep:pron="jiː">Ye</w>
         <c> </c>
         <w xml:id="o5089-414910"
            n="189-a-1100"
            ecep:lem="rose"
            ecep:pos="n2"
            ecep:reg="roses"
            ecep:spe="roses"
            ecep:syllab="2"
            ecep:pron="ˈrəʊzɪz">roses</w>
         <pc xml:id="o5089-414920"
             n="189-a-1110"
             ecep:lem="!"
             ecep:pos="!"
             ecep:reg="!"
             ecep:spe="!">!</pc>
         <c> </c>
         <w xml:id="o5089-414930"
            n="189-a-1120"
            ecep:lem="blush"
            ecep:pos="vvg"
            ecep:reg="blushing"
            ecep:spe="blushing"
            ecep:syllab="2"
            ecep:pron="ˈblʌʃɪŋ">blushing</w>
         <c> </c>
         <w xml:id="o5089-414940"
            n="189-a-1130"
            ecep:lem="in"
            ecep:pos="p-acp"
            ecep:reg="in"
            ecep:spe="in"
            ecep:syllab="1"
            ecep:pron="ɪn">in</w>
         <c> </c>
         <w xml:id="o5089-414950"
            n="189-a-1140"
            ecep:lem="your"
            ecep:pos="po22"
            ecep:reg="your"
            ecep:spe="your"
            ecep:syllab="1"
            ecep:pron="jɔː">your</w>
         <c> </c>
         <w xml:id="o5089-414960"
            n="189-a-1150"
            ecep:lem="bed"
            ecep:pos="n2"
            ecep:reg="beds"
            ecep:spe="beds"
            ecep:syllab="1"
            ecep:pron="bedz">beds</w>
         <pc xml:id="o5089-414970"
             n="189-a-1160"
             ecep:lem=","
             ecep:pos=","
             ecep:reg=","
             ecep:spe=",">,</pc>
      </l>
      <l xml:id="o5089-l22205">
         <c> </c>
         <w xml:id="o5089-414980"
            n="189-a-1170"
            ecep:lem="that"
            ecep:pos="cst"
            ecep:reg="That"
            ecep:spe="That"
            ecep:syllab="1"
            ecep:pron="ðæt">That</w>
         <c> </c>
         <w xml:id="o5089-414990"
            n="189-a-1180"
            ecep:lem="with"
            ecep:pos="p-acp"
            ecep:reg="with"
            ecep:spe="with"
            ecep:syllab="1"
            ecep:pron="wɪð">with</w>
         <c> </c>
         <w xml:id="o5089-415000"
            n="189-a-1190"
            ecep:lem="your"
            ecep:pos="po22"
            ecep:reg="your"
            ecep:spe="your"
            ecep:syllab="1"
            ecep:pron="jɔː">your</w>
         <c> </c>
         <w xml:id="o5089-415010"
            n="189-a-1200"
            ecep:lem="odour"
            ecep:pos="n2"
            ecep:reg="odours"
            ecep:spe="odours"
            ecep:syllab="2"
            ecep:pron="ˈəʊdəz">odours</w>
         <c> </c>
         <w xml:id="o5089-415020"
            n="189-a-1210"
            ecep:lem="scent"
            ecep:pos="n1"
            ecep:reg="scent"
            ecep:spe="scent"
            ecep:syllab="1"
            ecep:pron="sent">scent</w>
         <c> </c>
         <w xml:id="o5089-415030"
            n="189-a-1220"
            ecep:lem="the"
            ecep:pos="dt"
            ecep:reg="the"
            ecep:spe="the"
            ecep:syllab="1"
            ecep:pron="ðə">the</w>
         <c> </c>
         <w xml:id="o5089-415040"
            n="189-a-1230"
            ecep:lem="air"
            ecep:pos="n1"
            ecep:reg="air"
            ecep:spe="air"
            ecep:syllab="1"
            ecep:pron="eə">air</w>
         <pc xml:id="o5089-415050"
             n="189-a-1240"
             ecep:lem=";"
             ecep:pos=";"
             ecep:reg=";"
             ecep:spe=";">;</pc>
      </l>
      <l xml:id="o5089-l22210">
         <c> </c>
         <w xml:id="o5089-415060"
            n="189-a-1250"
            ecep:lem="you"
            ecep:pos="pn22"
            ecep:reg="You"
            ecep:spe="Ye"
            ecep:syllab="1"
            ecep:pron="jiː">Ye</w>
         <c> </c>
         <w xml:id="o5089-415070"
            n="189-a-1260"
            ecep:lem="lily"
            ecep:pos="n2"
            ecep:reg="lilies"
            ecep:spe="lillies"
            ecep:syllab="2"
            ecep:pron="ˈlɪlɪz">lillies</w>
         <c> </c>
         <w xml:id="o5089-415080"
            n="189-a-1270"
            ecep:lem="chaste"
            ecep:pos="j"
            ecep:reg="chaste"
            ecep:spe="chaste"
            ecep:syllab="1"
            ecep:pron="tʃeɪst">chaste</w>
         <pc xml:id="o5089-415090"
             n="189-a-1280"
             ecep:lem="!"
             ecep:pos="!"
             ecep:reg="!"
             ecep:spe="!">!</pc>
         <c> </c>
         <w xml:id="o5089-415100"
            n="189-a-1290"
            ecep:lem="with"
            ecep:pos="p-acp"
            ecep:reg="with"
            ecep:spe="with"
            ecep:syllab="1"
            ecep:pron="wɪð">with</w>
         <c> </c>
         <w xml:id="o5089-415110"
            n="189-a-1300"
            ecep:lem="silver"
            ecep:pos="n1"
            ecep:reg="silver"
            ecep:spe="silver"
            ecep:syllab="2"
            ecep:pron="ˈsɪlvə">silver</w>
         <c> </c>
         <w xml:id="o5089-415120"
            n="189-a-1310"
            ecep:lem="head"
            ecep:pos="n2"
            ecep:reg="heads"
            ecep:spe="heads"
            ecep:syllab="1"
            ecep:pron="hedz">heads</w>
      </l>
      <l xml:id="o5089-l22215">
         <c> </c>
         <w xml:id="o5089-415130"
            n="189-a-1320"
            ecep:lem="as"
            ecep:pos="p-acp"
            ecep:reg="As"
            ecep:spe="As"
            ecep:syllab="1"
            ecep:pron="æz">As</w>
         <c> </c>
         <w xml:id="o5089-415140"
            n="189-a-1330"
            ecep:lem="my"
            ecep:pos="po11"
            ecep:reg="my"
            ecep:spe="my"
            ecep:syllab="1"
            ecep:pron="maɪ">my</w>
         <c> </c>
         <w xml:id="o5089-415150"
            n="189-a-1340"
            ecep:lem="cleora"
            ecep:pos="fw-la"
            ecep:reg="Cleora's"
            ecep:spe="Cleora's"
            ecep:syllab="2"
            ecep:pron="klɪˈɔːrəz">Cleora's</w>
         <c> </c>
         <w xml:id="o5089-415160"
            n="189-a-1350"
            ecep:lem="bosom"
            ecep:pos="n1"
            ecep:reg="bosom"
            ecep:spe="bosom"
            ecep:syllab="2"
            ecep:pron="ˈbʊzəm">bosom</w>
         <c> </c>
         <w xml:id="o5089-415170"
            n="189-a-1360"
            ecep:lem="fair"
            ecep:pos="j"
            ecep:reg="fair"
            ecep:spe="fair"
            ecep:syllab="1"
            ecep:pron="feə">fair</w>
         <pc xml:id="o5089-415180"
             n="189-a-1370"
             ecep:lem=":"
             ecep:pos=":"
             ecep:reg=":"
             ecep:spe=":">:</pc>
      </l>
      <l xml:id="o5089-l22220">
         <c> </c>
         <w xml:id="o5089-415190"
            n="189-a-1380"
            ecep:lem="no"
            ecep:pos="uh-x"
            ecep:reg="No"
            ecep:spe="No"
            ecep:syllab="1"
            ecep:pron="nəʊ">No</w>
         <c> </c>
         <w xml:id="o5089-415200"
            n="189-a-1390"
            ecep:lem="more"
            ecep:pos="av-dc"
            ecep:reg="more"
            ecep:spe="more"
            ecep:syllab="1"
            ecep:pron="mɔː">more</w>
         <c> </c>
         <w xml:id="o5089-415210"
            n="189-a-1400"
            ecep:lem="i"
            ecep:pos="pns11"
            ecep:reg="I"
            ecep:spe="I"
            ecep:syllab="1"
            ecep:pron="aɪ">I</w>
         <c> </c>
         <w xml:id="o5089-415220"
            n="189-a-1410"
            ecep:lem="court"
            ecep:pos="vvb"
            ecep:reg="court"
            ecep:spe="court"
            ecep:syllab="1"
            ecep:pron="kɔːt">court</w>
         <c> </c>
         <w xml:id="o5089-415230"
            n="189-a-1420"
            ecep:lem="your"
            ecep:pos="po22"
            ecep:reg="your"
            ecep:spe="your"
            ecep:syllab="1"
            ecep:pron="jɔː">your</w>
         <c> </c>
         <w xml:id="o5089-415240"
            n="189-a-1430"
            ecep:lem="balmy"
            ecep:pos="j"
            ecep:reg="balmy"
            ecep:spe="balmy"
            ecep:syllab="2"
            ecep:pron="ˈbɑːmɪ">balmy</w>
         <c> </c>
         <w xml:id="o5089-415250"
            n="189-a-1440"
            ecep:lem="sweet"
            ecep:pos="n2-j"
            ecep:reg="sweets"
            ecep:spe="sweets"
            ecep:syllab="1"
            ecep:pron="swiːts">sweets</w>
         <pc xml:id="o5089-415260"
             n="189-a-1450"
             ecep:lem=";"
             ecep:pos=";"
             ecep:reg=";"
             ecep:spe=";">;</pc>
      </l>
      <l xml:id="o5089-l22225">
         <c> </c>
         <w xml:id="o5089-415270"
            n="189-a-1460"
            ecep:lem="for"
            ecep:pos="c-acp"
            ecep:reg="For"
            ecep:spe="For"
            ecep:syllab="1"
            ecep:pron="fɔː">For</w>
         <c> </c>
         <w xml:id="o5089-415280"
            n="189-a-1470"
            ecep:lem="i"
            ecep:pos="pns11"
            ecep:reg="I"
            ecep:spe="I"
            ecep:syllab="1"
            ecep:pron="aɪ">I</w>
         <pc xml:id="o5089-415290"
             n="189-a-1480"
             ecep:lem=","
             ecep:pos=","
             ecep:reg=","
             ecep:spe=",">,</pc>
         <c> </c>
         <w xml:id="o5089-415300"
            n="189-a-1490"
            ecep:lem="and"
            ecep:pos="cc"
            ecep:reg="and"
            ecep:spe="and"
            ecep:syllab="1"
            ecep:pron="ænd">and</w>
         <c> </c>
         <w xml:id="o5089-415310"
            n="189-a-1500"
            ecep:lem="i"
            ecep:pos="pns11"
            ecep:reg="I"
            ecep:spe="I"
            ecep:syllab="1"
            ecep:pron="aɪ">I</w>
         <c> </c>
         <w xml:id="o5089-415320"
            n="189-a-1510"
            ecep:lem="alone"
            ecep:pos="av-j"
            ecep:reg="alone"
            ecep:spe="alone"
            ecep:syllab="2"
            ecep:pron="əˈləʊn">alone</w>
         <pc xml:id="o5089-415330"
             n="189-a-1520"
             ecep:lem=","
             ecep:pos=","
             ecep:reg=","
             ecep:spe=",">,</pc>
         <c> </c>
         <w xml:id="o5089-415340"
            n="189-a-1530"
            ecep:lem="can"
            ecep:pos="vmb"
            ecep:reg="can"
            ecep:spe="can"
            ecep:syllab="1"
            ecep:pron="kæn">can</w>
         <c> </c>
         <w xml:id="o5089-415350"
            n="189-a-1540"
            ecep:lem="prove"
            ecep:pos="vvi"
            ecep:reg="prove"
            ecep:spe="prove"
            ecep:syllab="1"
            ecep:pron="pruːv">prove</w>
         <pc xml:id="o5089-415360"
             n="189-a-1550"
             ecep:lem=","
             ecep:pos=","
             ecep:reg=","
             ecep:spe=",">,</pc>
      </l>
      <l xml:id="o5089-l22230">
         <c> </c>
         <w xml:id="o5089-415370"
            n="189-a-1560"
            ecep:lem="how"
            ecep:pos="c-crq"
            ecep:reg="How"
            ecep:spe="How"
            ecep:syllab="1"
            ecep:pron="haʊ">How</w>
         <c> </c>
         <w xml:id="o5089-415380"
            n="189-a-1570"
            ecep:lem="sweet"
            ecep:pos="jc"
            ecep:reg="sweeter"
            ecep:spe="sweeter"
            ecep:syllab="2"
            ecep:pron="ˈswiːtə">sweeter</w>
         <pc xml:id="o5089-415390"
             n="189-a-1580"
             ecep:lem=","
             ecep:pos=","
             ecep:reg=","
             ecep:spe=",">,</pc>
         <c> </c>
         <w xml:id="o5089-415400"
            n="189-a-1590"
            ecep:lem="when"
            ecep:pos="c-crq"
            ecep:reg="when"
            ecep:spe="when"
            ecep:syllab="1"
            ecep:pron="wen">when</w>
         <c> </c>
         <w xml:id="o5089-415410"
            n="189-a-1600"
            ecep:lem="each"
            ecep:pos="d"
            ecep:reg="each"
            ecep:spe="each"
            ecep:syllab="1"
            ecep:pron="iːtʃ">each</w>
         <c> </c>
         <w xml:id="o5089-415420"
            n="189-a-1610"
            ecep:lem="other"
            ecep:pos="n-jn"
            ecep:reg="other"
            ecep:spe="other"
            ecep:syllab="2"
            ecep:pron="ˈʌðə">other</w>
         <c> </c>
         <w xml:id="o5089-415430"
            n="189-a-1620"
            ecep:lem="meet"
            ecep:pos="vvz"
            ecep:reg="meets"
            ecep:spe="meets"
            ecep:syllab="1"
            ecep:pron="miːts">meets</w>
         <pc xml:id="o5089-415440"
             n="189-a-1630"
             ecep:lem=","
             ecep:pos=","
             ecep:reg=","
             ecep:spe=",">,</pc>
      </l>
      <l xml:id="o5089-l22235">
         <c> </c>
         <w xml:id="o5089-415450"
            n="189-a-1640"
            ecep:lem="the"
            ecep:pos="dt"
            ecep:reg="The"
            ecep:spe="The"
            ecep:syllab="1"
            ecep:pron="ðə">The</w>
         <c> </c>
         <w xml:id="o5089-415460"
            n="189-a-1650"
            ecep:lem="kiss"
            ecep:pos="n2"
            ecep:reg="kisses"
            ecep:spe="kisses"
            ecep:syllab="2"
            ecep:pron="ˈkɪsɪz">kisses</w>
         <c> </c>
         <w xml:id="o5089-415470"
            n="189-a-1660"
            ecep:lem="be"
            ecep:pos="vbr"
            ecep:reg="are"
            ecep:spe="are"
            ecep:syllab="1"
            ecep:pron="ɑː">are</w>
         <c> </c>
         <w xml:id="o5089-415480"
            n="189-a-1670"
            ecep:lem="of"
            ecep:pos="pp-f"
            ecep:reg="of"
            ecep:spe="of"
            ecep:syllab="1"
            ecep:pron="ɒv">of</w>
         <c> </c>
         <w xml:id="o5089-415490"
            n="189-a-1680"
            ecep:lem="she"
            ecep:pos="pno31"
            ecep:reg="her"
            ecep:spe="her"
            ecep:syllab="1"
            ecep:pron="hɜː">her</w>
         <c> </c>
         <w xml:id="o5089-415500"
            n="189-a-1690"
            ecep:lem="i"
            ecep:pos="pns11"
            ecep:reg="I"
            ecep:spe="I"
            ecep:syllab="1"
            ecep:pron="aɪ">I</w>
         <c> </c>
         <w xml:id="o5089-415510"
            n="189-a-1700"
            ecep:lem="love"
            ecep:pos="vvb"
            ecep:reg="love"
            ecep:spe="love"
            ecep:syllab="1"
            ecep:pron="lʌv">love</w>
         <pc xml:id="o5089-415520"
             n="189-a-1710"
             unit="sentence"
             ecep:lem="."
             ecep:pos="."
             ecep:reg="."
             ecep:spe=".">.</pc>
         <c> </c>
      </l>
   </lg>
   <pb facs="190" n="184" rend="none"/>
   <lg xml:id="o5089-s02665">
      <l xml:id="o5089-l22240">
         <w xml:id="o5089-415550"
            n="190-a-0010"
            ecep:lem="her"
            ecep:pos="po31"
            ecep:reg="Her"
            ecep:spe="Her"
            ecep:syllab="1"
            ecep:pron="hɜː">Her</w>
         <c> </c>
         <w xml:id="o5089-415560"
            n="190-a-0020"
            ecep:lem="tempt"
            ecep:pos="j-vvg"
            ecep:reg="tempting"
            ecep:spe="tempting"
            ecep:syllab="2"
            ecep:pron="ˈtemptɪŋ">tempting</w>
         <c> </c>
         <w xml:id="o5089-415570"
            n="190-a-0030"
            ecep:lem="eye"
            ecep:pos="n2"
            ecep:reg="eyes"
            ecep:spe="eyes"
            ecep:syllab="1"
            ecep:pron="aɪz">eyes</w>
         <c> </c>
         <w xml:id="o5089-415580"
            n="190-a-0040"
            ecep:lem="my"
            ecep:pos="po11"
            ecep:reg="my"
            ecep:spe="my"
            ecep:syllab="1"
            ecep:pron="maɪ">my</w>
         <c> </c>
         <w xml:id="o5089-415590"
            n="190-a-0050"
            ecep:lem="gaze"
            ecep:pos="n1"
            ecep:reg="gaze"
            ecep:spe="gaze"
            ecep:syllab="1"
            ecep:pron="geɪz">gaze</w>
         <c> </c>
         <w xml:id="o5089-415600"
            n="190-a-0060"
            ecep:lem="incline"
            ecep:pos="vvd"
            ecep:reg="inclined"
            ecep:spe="inclin'd"
            ecep:syllab="2"
            ecep:pron="ɪnˈklaɪnd">inclin'd</w>
         <pc xml:id="o5089-415610"
             n="190-a-0070"
             ecep:lem=","
             ecep:pos=","
             ecep:reg=","
             ecep:spe=",">,</pc>
      </l>
      <l xml:id="o5089-l22245">
         <c> </c>
         <w xml:id="o5089-415620"
            n="190-a-0080"
            ecep:lem="their"
            ecep:pos="po32"
            ecep:reg="Their"
            ecep:spe="Their"
            ecep:syllab="1"
            ecep:pron="ðeə">Their</w>
         <c> </c>
         <w xml:id="o5089-415630"
            n="190-a-0090"
            ecep:lem="please"
            ecep:pos="j-vvg"
            ecep:reg="pleasing"
            ecep:spe="pleasing"
            ecep:syllab="2"
            ecep:pron="ˈpliːzɪŋ">pleasing</w>
         <c> </c>
         <w xml:id="o5089-415640"
            n="190-a-0100"
            ecep:lem="lesson"
            ecep:pos="n1"
            ecep:reg="lesson"
            ecep:spe="lesson"
            ecep:syllab="2"
            ecep:pron="ˈlesn">lesson</w>
         <c> </c>
         <w xml:id="o5089-415650"
            n="190-a-0110"
            ecep:lem="first"
            ecep:pos="ord"
            ecep:reg="first"
            ecep:spe="first"
            ecep:syllab="1"
            ecep:pron="fɜːst">first</w>
         <c> </c>
         <w xml:id="o5089-415660"
            n="190-a-0120"
            ecep:lem="i"
            ecep:pos="pns11"
            ecep:reg="I"
            ecep:spe="I"
            ecep:syllab="1"
            ecep:pron="aɪ">I</w>
         <c> </c>
         <w xml:id="o5089-415670"
            n="190-a-0130"
            ecep:lem="catch"
            ecep:pos="vvd"
            ecep:reg="caught"
            ecep:spe="caught"
            ecep:syllab="1"
            ecep:pron="kɔːt">caught</w>
         <pc xml:id="o5089-415680"
             n="190-a-0140"
             ecep:lem=";"
             ecep:pos=";"
             ecep:reg=";"
             ecep:spe=";">;</pc>
      </l>
      <l xml:id="o5089-l22250">
         <c> </c>
         <w xml:id="o5089-415690"
            n="190-a-0150"
            ecep:lem="her"
            ecep:pos="po31"
            ecep:reg="Her"
            ecep:spe="Her"
            ecep:syllab="1"
            ecep:pron="hɜː">Her</w>
         <c> </c>
         <w xml:id="o5089-415700"
            n="190-a-0160"
            ecep:lem="sense"
            ecep:pos="n1"
            ecep:reg="sense"
            ecep:spe="sense"
            ecep:syllab="1"
            ecep:pron="sens">sense</w>
         <pc xml:id="o5089-415710"
             n="190-a-0170"
             ecep:lem=","
             ecep:pos=","
             ecep:reg=","
             ecep:spe=",">,</pc>
         <c> </c>
         <w xml:id="o5089-415720"
            n="190-a-0180"
            ecep:lem="her"
            ecep:pos="po31"
            ecep:reg="her"
            ecep:spe="her"
            ecep:syllab="1"
            ecep:pron="hɜː">her</w>
         <c> </c>
         <w xml:id="o5089-415730"
            n="190-a-0190"
            ecep:lem="friendship"
            ecep:pos="n1"
            ecep:reg="friendship"
            ecep:spe="friendship"
            ecep:syllab="2"
            ecep:pron="ˈfrendʃɪp">friendship</w>
         <c> </c>
         <w xml:id="o5089-415740"
            n="190-a-0200"
            ecep:lem="next"
            ecep:pos="ord"
            ecep:reg="next"
            ecep:spe="next"
            ecep:syllab="1"
            ecep:pron="nekst">next</w>
         <c> </c>
         <w xml:id="o5089-415750"
            n="190-a-0210"
            ecep:lem="confine"
            ecep:pos="vvd"
            ecep:reg="confined"
            ecep:spe="confin'd"
            ecep:syllab="2"
            ecep:pron="kənˈfaɪnd">confin'd</w>
      </l>
      <l xml:id="o5089-l22255">
         <c> </c>
         <w xml:id="o5089-415760"
            n="190-a-0220"
            ecep:lem="the"
            ecep:pos="dt"
            ecep:reg="The"
            ecep:spe="The"
            ecep:syllab="1"
            ecep:pron="ðə">The</w>
         <c> </c>
         <w xml:id="o5089-415770"
            n="190-a-0230"
            ecep:lem="will"
            ecep:pos="j-vvg"
            ecep:reg="willing"
            ecep:spe="willing"
            ecep:syllab="2"
            ecep:pron="ˈwɪlɪŋ">willing</w>
         <c> </c>
         <w xml:id="o5089-415780"
            n="190-a-0240"
            ecep:lem="pupil"
            ecep:pos="n1"
            ecep:reg="pupil"
            ecep:spe="pupil"
            ecep:syllab="2"
            ecep:pron="ˈpjuːpl">pupil</w>
         <c> </c>
         <w xml:id="o5089-415790"
            n="190-a-0250"
            ecep:lem="she"
            ecep:pos="pns31"
            ecep:reg="she"
            ecep:spe="she"
            ecep:syllab="1"
            ecep:pron="ʃiː">she</w>
         <c> </c>
         <w xml:id="o5089-415800"
            n="190-a-0260"
            ecep:lem="have"
            ecep:pos="vhd"
            ecep:reg="had"
            ecep:spe="had"
            ecep:syllab="1"
            ecep:pron="hæd">had</w>
         <c> </c>
         <w xml:id="o5089-415810"
            n="190-a-0270"
            ecep:lem="teach"
            ecep:pos="vvn"
            ecep:reg="taught"
            ecep:spe="taught"
            ecep:syllab="1"
            ecep:pron="tɔːt">taught</w>
         <pc xml:id="o5089-415820"
             n="190-a-0280"
             unit="sentence"
             ecep:lem="."
             ecep:pos="."
             ecep:reg="."
             ecep:spe=".">.</pc>
         <c> </c>
      </l>
      <l xml:id="o5089-l22260">
         <w xml:id="o5089-415830"
            n="190-a-0290"
            ecep:lem="shall"
            ecep:pos="vmd"
            ecep:reg="Should"
            ecep:spe="Should"
            ecep:syllab="1"
            ecep:pron="ʃʊd">Should</w>
         <c> </c>
         <w xml:id="o5089-415840"
            n="190-a-0300"
            ecep:lem="fortune"
            ecep:pos="n1"
            ecep:reg="fortune"
            ecep:spe="fortune"
            ecep:syllab="2"
            ecep:pron="ˈfɔːtʃən">fortune</w>
         <pc xml:id="o5089-415850"
             n="190-a-0310"
             ecep:lem=","
             ecep:pos=","
             ecep:reg=","
             ecep:spe=",">,</pc>
         <c> </c>
         <w xml:id="o5089-415860"
            n="190-a-0320"
            ecep:lem="stoop"
            ecep:pos="vvg"
            ecep:reg="stooping"
            ecep:spe="stooping"
            ecep:syllab="2"
            ecep:pron="ˈstuːpɪŋ">stooping</w>
         <c> </c>
         <w xml:id="o5089-415870"
            n="190-a-0330"
            ecep:lem="from"
            ecep:pos="p-acp"
            ecep:reg="from"
            ecep:spe="from"
            ecep:syllab="1"
            ecep:pron="frɒm">from</w>
         <c> </c>
         <w xml:id="o5089-415880"
            n="190-a-0340"
            ecep:lem="her"
            ecep:pos="po31"
            ecep:reg="her"
            ecep:spe="her"
            ecep:syllab="1"
            ecep:pron="hɜː">her</w>
         <c> </c>
         <w xml:id="o5089-415890"
            n="190-a-0350"
            ecep:lem="sky"
            ecep:pos="n1"
            ecep:reg="sky"
            ecep:spe="sky"
            ecep:syllab="1"
            ecep:pron="skaɪ">sky</w>
         <pc xml:id="o5089-415900"
             n="190-a-0360"
             ecep:lem=","
             ecep:pos=","
             ecep:reg=","
             ecep:spe=",">,</pc>
      </l>
      <l xml:id="o5089-l22265">
         <c> </c>
         <w xml:id="o5089-415910"
            n="190-a-0370"
            ecep:lem="conduct"
            ecep:pos="vvb"
            ecep:reg="Conduct"
            ecep:spe="Conduct"
            ecep:syllab="2"
            ecep:pron="ˈkɒndʌkt">Conduct</w>
         <c> </c>
         <w xml:id="o5089-415920"
            n="190-a-0380"
            ecep:lem="i"
            ecep:pos="pno11"
            ecep:reg="me"
            ecep:spe="me"
            ecep:syllab="1"
            ecep:pron="miː">me</w>
         <c> </c>
         <w xml:id="o5089-415930"
            n="190-a-0390"
            ecep:lem="to"
            ecep:pos="p-acp"
            ecep:reg="to"
            ecep:spe="to"
            ecep:syllab="1"
            ecep:pron="tuː">to</w>
         <c> </c>
         <w xml:id="o5089-415940"
            n="190-a-0400"
            ecep:lem="her"
            ecep:pos="po31"
            ecep:reg="her"
            ecep:spe="her"
            ecep:syllab="1"
            ecep:pron="hɜː">her</w>
         <c> </c>
         <w xml:id="o5089-415950"
            n="190-a-0410"
            ecep:lem="bright"
            ecep:pos="j"
            ecep:reg="bright"
            ecep:spe="bright"
            ecep:syllab="1"
            ecep:pron="braɪt">bright</w>
         <c> </c>
         <w xml:id="o5089-415960"
            n="190-a-0420"
            ecep:lem="alcove"
            ecep:pos="n1"
            ecep:reg="alcove"
            ecep:spe="alcove"
            ecep:syllab="2"
            ecep:pron="ˈælkəʊv">alcove</w>
         <pc xml:id="o5089-415970"
             n="190-a-0430"
             ecep:lem=";"
             ecep:pos=";"
             ecep:reg=";"
             ecep:spe=";">;</pc>
      </l>
      <l xml:id="o5089-l22270">
         <c> </c>
         <w xml:id="o5089-415980"
            n="190-a-0440"
            ecep:lem="yet"
            ecep:pos="av"
            ecep:reg="Yet"
            ecep:spe="Yet"
            ecep:syllab="1"
            ecep:pron="jet">Yet</w>
         <pc xml:id="o5089-415990"
             n="190-a-0450"
             ecep:lem=","
             ecep:pos=","
             ecep:reg=","
             ecep:spe=",">,</pc>
         <c> </c>
         <w xml:id="o5089-416000"
            n="190-a-0460"
            ecep:lem="like"
            ecep:pos="av-j"
            ecep:reg="like"
            ecep:spe="like"
            ecep:syllab="1"
            ecep:pron="laɪk">like</w>
         <c> </c>
         <w xml:id="o5089-416010"
            n="190-a-0470"
            ecep:lem="the"
            ecep:pos="dt"
            ecep:reg="the"
            ecep:spe="the"
            ecep:syllab="1"
            ecep:pron="ðə">the</w>
         <c> </c>
         <w xml:id="o5089-416020"
            n="190-a-0480"
            ecep:lem="turtle"
            ecep:pos="n1"
            ecep:reg="turtle"
            ecep:spe="turtle"
            ecep:syllab="2"
            ecep:pron="ˈtɜːtl">turtle</w>
         <pc xml:id="o5089-416030"
             n="190-a-0490"
             ecep:lem=","
             ecep:pos=","
             ecep:reg=","
             ecep:spe=",">,</pc>
         <c> </c>
         <w xml:id="o5089-416040"
            n="190-a-0500"
            ecep:lem="i"
            ecep:pos="pns11"
            ecep:reg="I"
            ecep:spe="I"
            ecep:syllab="1"
            ecep:pron="aɪ">I</w>
         <c> </c>
         <w xml:id="o5089-416050"
            n="190-a-0510"
            ecep:lem="shall"
            ecep:pos="vmd"
            ecep:reg="should"
            ecep:spe="should"
            ecep:syllab="1"
            ecep:pron="ʃʊd">should</w>
         <c> </c>
         <w xml:id="o5089-416060"
            n="190-a-0520"
            ecep:lem="die"
            ecep:pos="vvi"
            ecep:reg="die"
            ecep:spe="die"
            ecep:syllab="1"
            ecep:pron="daɪ">die</w>
         <pc xml:id="o5089-416070"
             n="190-a-0530"
             ecep:lem=","
             ecep:pos=","
             ecep:reg=","
             ecep:spe=",">,</pc>
      </l>
      <l xml:id="o5089-l22275">
         <c> </c>
         <w xml:id="o5089-416080"
            n="190-a-0540"
            ecep:lem="deny"
            ecep:pos="vvd"
            ecep:reg="Denied"
            ecep:spe="Denied"
            ecep:syllab="2"
            ecep:pron="dɪˈnaɪd">Denied</w>
         <c> </c>
         <w xml:id="o5089-416090"
            n="190-a-0550"
            ecep:lem="the"
            ecep:pos="dt"
            ecep:reg="the"
            ecep:spe="the"
            ecep:syllab="1"
            ecep:pron="ðə">the</w>
         <c> </c>
         <w xml:id="o5089-416100"
            n="190-a-0560"
            ecep:lem="kiss"
            ecep:pos="n1"
            ecep:reg="kiss"
            ecep:spe="kiss"
            ecep:syllab="1"
            ecep:pron="kɪs">kiss</w>
         <c> </c>
         <w xml:id="o5089-416110"
            n="190-a-0570"
            ecep:lem="of"
            ecep:pos="pp-f"
            ecep:reg="of"
            ecep:spe="of"
            ecep:syllab="1"
            ecep:pron="ɒv">of</w>
         <c> </c>
         <w xml:id="o5089-416120"
            n="190-a-0580"
            ecep:lem="her"
            ecep:pos="po31"
            ecep:reg="her"
            ecep:spe="her"
            ecep:syllab="1"
            ecep:pron="hɜː">her</w>
         <c> </c>
         <w xml:id="o5089-416130"
            n="190-a-0590"
            ecep:lem="love"
            ecep:pos="n1"
            ecep:reg="love"
            ecep:spe="love"
            ecep:syllab="1"
            ecep:pron="lʌv">love</w>
         <pc xml:id="o5089-416140"
             n="190-a-0600"
             unit="sentence"
             ecep:lem="."
             ecep:pos="."
             ecep:reg="."
             ecep:spe=".">.</pc>
         <c> </c>
      </l>
   </lg>
</div>
