<?xml version="1.0" encoding="UTF-8"?>
<?xml-model href="../tei_all.rnc" type="application/relax-ng-compact-syntax"?>
<TEI xmlns="http://www.tei-c.org/ns/1.0">
   <teiHeader>
      <fileDesc>
         <titleStmt>
            <title corresp="#txt_BlamSu1747_w0081">NOW SANDY MAUN AWA.</title>
            <author corresp="authors.xml#aut_BlamSu1747">Susanna Blamire</author>
            <respStmt>
               <name xml:id="AH">Alexander Huber</name>
               <resp>Editor</resp>
            </respStmt>
            <funder>
               <name type="institution" xml:id="BOD">Bodleian Libraries, University of Oxford</name>
               <address>
                  <addrLine>Broad Street</addrLine>
                  <addrLine>Oxford OX1 3BG</addrLine>
                  <addrLine>UK</addrLine>
               </address>
            </funder>
         </titleStmt>
         <publicationStmt>
            <publisher xml:id="ECPA">Eighteenth-Century Poetry Archive</publisher>
            <address>
               <addrLine>Taylor Institution Library</addrLine>
               <addrLine>St Giles'</addrLine>
               <addrLine>Oxford OX1 3NA</addrLine>
               <addrLine>UK</addrLine>
               <addrLine>
                  <email>info@eighteenthcenturypoetry.org</email>
               </addrLine>
               <addrLine>
                  <ref target="https://www.eighteenthcenturypoetry.org/">https://www.eighteenthcenturypoetry.org/</ref>
               </addrLine>
            </address>
            <pubPlace>Oxford</pubPlace>
            <availability status="restricted">
               <licence target="http://creativecommons.org/licenses/by-sa/3.0/">This work is licensed under a Creative Commons Attribution-ShareAlike 3.0 Unported License.</licence>
            </availability>
         </publicationStmt>
         <sourceDesc>
            <bibl>
               <author>Blamire, Susanna, 1747-1794.</author>
               <title>The Poetical Works of Miss Susanna Blamire “The muse of Cumberland.” Now for the first time collected by Henry Lonsdale, M.D. with a preface, memoir, and notes by Patrick Maxwell, ...</title>
               <pubPlace>Edinburgh</pubPlace>
               <publisher>John Menzies, 61 Princes Street; R. Tyas, London; D. Robertson, Glasgow; and C. Thurnam, Carlisle. MDCCCXLII.</publisher>
               <date>1842</date>
               <biblScope>pp. 247-249.</biblScope>
               <extent/>
            </bibl>
         </sourceDesc>
      </fileDesc>
      <encodingDesc>
         <projectDesc>
            <p>This e-text is part of the Works section of the Eighteenth-Century Poetry Archive (ECPA).</p>
            <p>XML created for the Eighteenth-Century Poetry Archive (ECPA).</p>
         </projectDesc>
         <editorialDecl>
            <p>Typography, spelling, capitalization, and punctuation have been cautiously modernized. The source of the text is given and all significant
						editorial interventions have been recorded in textual notes. This  text has been edited to conform to the recommendations found 
						in Level 5 of the
						Best Practices for TEI in Libraries version 4.0.0.
					</p>
         </editorialDecl>
         <classDecl>
            <taxonomy xml:id="LCNAF">
               <bibl>Library of Congress Name Authority File (<abbr>LCNAF</abbr>)</bibl>
            </taxonomy>
         </classDecl>
         <tagsDecl>
            <rendition n="linegroups indented" xml:id="lgindent" scheme="css">text-indent: 1em;</rendition>
            <rendition n="linegroups vertically spaced" xml:id="lgvspace" scheme="css">margin-bottom: 1em;</rendition>
            <rendition n="aligned centrally" xml:id="align-center" scheme="css">text-align: center;</rendition>
            <rendition n="aligned right" xml:id="align-right" scheme="css">text-align: right;</rendition>
            <rendition n="aligned left" xml:id="align-left" scheme="css">text-align: left;</rendition>
            <rendition n="inline" xml:id="inline" scheme="css">display: inline</rendition>
            <rendition n="italic" xml:id="i" scheme="css">font-style: italic;</rendition>
            <rendition n="bold" xml:id="b" scheme="css">font-weight: bold;</rendition>
         </tagsDecl>
      </encodingDesc>
   </teiHeader>
   <text>
      <body>
         <div xmlns:ecep="http://www.eighteenthcenturypoetry.org/ns"
              xmlns:tei="http://www.tei-c.org/ns/1.0"
              ana="#iamb #tetrameter #trimeter #quatrain #intermittent #song"
              corresp="#txt_BlamSu1747_w0081"
              decls="#semi-normalized"
              ecep:syllab="8.6.8.6"
              met="-+|-+|-+|-+/ -+|-+|-+/ -+|-+|-+|-+/ -+|-+|-+/"
              rendition="#lgindent"
              rhyme="xaxa"
              subtype="eceptext"
              type="poem"
              xml:id="bsb18-w0810">
            <link target="authors.xml#aut_BlamSu1747" type="author"/>
            <head type="main">
               <w xml:id="bsb18-700200"
                  n="a-1230"
                  ecep:lem="now"
                  ecep:pos="av"
                  ecep:reg="NOW"
                  ecep:spe="NOW"
                  ecep:syllab="1"
                  ecep:pron="naʊ">NOW</w>
               <c> </c>
               <w xml:id="bsb18-700210"
                  n="a-1240"
                  ecep:lem="Sandy"
                  ecep:pos="np1"
                  ecep:reg="SANDY"
                  ecep:spe="SANDY"
                  ecep:syllab="2"
                  ecep:pron="ˈsændi">SANDY</w>
               <c> </c>
               <w xml:id="bsb18-700220"
                  n="a-1250"
                  ecep:lem="maun"
                  ecep:pos="vvb"
                  ecep:reg="MAUN"
                  ecep:spe="MAUN"
                  ecep:syllab="1"
                  ecep:pron="mʌn">MAUN</w>
               <c> </c>
               <w xml:id="bsb18-700230"
                  n="a-1260"
                  ecep:lem="AWA"
                  ecep:pos="np1"
                  ecep:reg="AWA"
                  ecep:spe="AWA"
                  ecep:syllab="2"
                  ecep:pron="ʌwˈæ">AWA</w>
               <pc xml:id="bsb18-700240"
                   n="a-1270"
                   unit="sentence"
                   ecep:lem="."
                   ecep:pos="."
                   ecep:reg="."
                   ecep:spe=".">.</pc>
            </head>
            <lg xml:id="bsb18-s02100">
               <l xml:id="bsb18-l31580">
                  <w xml:id="bsb18-700270"
                     n="a-1280"
                     ecep:lem="the"
                     ecep:pos="dt"
                     ecep:reg="THE"
                     ecep:spe="THE"
                     ecep:syllab="1"
                     ecep:pron="ðiː">THE</w>
                  <c> </c>
                  <w xml:id="bsb18-700280"
                     n="a-1290"
                     ecep:lem="drum"
                     ecep:pos="n1"
                     ecep:reg="drum"
                     ecep:spe="drum"
                     ecep:syllab="1"
                     ecep:pron="drʌm">drum</w>
                  <c> </c>
                  <w xml:id="bsb18-700290"
                     n="a-1300"
                     ecep:lem="have"
                     ecep:pos="vhz"
                     ecep:reg="has"
                     ecep:spe="has"
                     ecep:syllab="1"
                     ecep:pron="hæz">has</w>
                  <c> </c>
                  <w xml:id="bsb18-700300"
                     n="a-1310"
                     ecep:lem="beat"
                     ecep:pos="vvn"
                     ecep:reg="beat"
                     ecep:spe="beat"
                     ecep:syllab="1"
                     ecep:pron="biːt">beat</w>
                  <c> </c>
                  <w xml:id="bsb18-700310"
                     n="a-1320"
                     ecep:lem="the"
                     ecep:pos="dt"
                     ecep:reg="the"
                     ecep:spe="the"
                     ecep:syllab="1"
                     ecep:pron="ðiː">the</w>
                  <c> </c>
                  <w xml:id="bsb18-700320"
                     n="a-1330"
                     ecep:lem="general"
                     ecep:pos="n1"
                     ecep:reg="General"
                     ecep:spe="General"
                     ecep:syllab="2"
                     ecep:pron="ˈdʒenrl">General</w>
                  <pc xml:id="bsb18-700330"
                      n="a-1340"
                      ecep:lem=","
                      ecep:pos=","
                      ecep:reg=","
                      ecep:spe=",">,</pc>
               </l>
               <l rendition="#h_3" xml:id="bsb18-l31585">
                  <c> </c>
                  <w xml:id="bsb18-700340"
                     n="a-1350"
                     ecep:lem="now"
                     ecep:pos="av"
                     ecep:reg="Now"
                     ecep:spe="Now"
                     ecep:syllab="1"
                     ecep:pron="naʊ">Now</w>
                  <c> </c>
                  <w xml:id="bsb18-700350"
                     n="a-1360"
                     ecep:lem="Sandy"
                     ecep:pos="np1"
                     ecep:reg="Sandy"
                     ecep:spe="Sandy"
                     ecep:syllab="2"
                     ecep:pron="ˈsændi">Sandy</w>
                  <c> </c>
                  <w xml:id="bsb18-700360"
                     n="a-1370"
                     ecep:lem="must"
                     ecep:pos="vmb"
                     ecep:reg="maun"
                     ecep:spe="maun"
                     ecep:syllab="1"
                     ecep:pron="mʌn">maun</w>
                  <c> </c>
                  <w xml:id="bsb18-700370"
                     n="a-1380"
                     ecep:lem="away"
                     ecep:pos="av"
                     ecep:reg="avua"
                     ecep:spe="awa"
                     ecep:syllab="2"
                     ecep:pron="ʌwˈæ">awa</w>
                  <pc xml:id="bsb18-700380"
                      n="a-1390"
                      ecep:lem=","
                      ecep:pos=","
                      ecep:reg=","
                      ecep:spe=",">,</pc>
               </l>
               <l xml:id="bsb18-l31590">
                  <c> </c>
                  <w xml:id="bsb18-700390"
                     n="a-1400"
                     ecep:lem="but"
                     ecep:pos="cc-acp"
                     ecep:reg="But"
                     ecep:spe="But"
                     ecep:syllab="1"
                     ecep:pron="bʌt">But</w>
                  <c> </c>
                  <w xml:id="bsb18-700400"
                     n="a-1410"
                     ecep:lem="first"
                     ecep:pos="ord"
                     ecep:reg="first"
                     ecep:spe="first"
                     ecep:syllab="1"
                     ecep:pron="ˈfɜːst">first</w>
                  <c> </c>
                  <w xml:id="bsb18-700410"
                     n="a-1420"
                     ecep:lem="he"
                     ecep:pos="pns31"
                     ecep:reg="he"
                     ecep:spe="he"
                     ecep:syllab="1"
                     ecep:pron="hiː">he</w>
                  <c> </c>
                  <w xml:id="bsb18-700420"
                     n="a-1430"
                     ecep:lem="gae"
                     ecep:pos="n2"
                     ecep:reg="gaes"
                     ecep:spe="gaes"
                     ecep:syllab="1"
                     ecep:pron="gˈiːz">gaes</w>
                  <c> </c>
                  <w xml:id="bsb18-700430"
                     n="a-1440"
                     ecep:lem="the"
                     ecep:pos="dt"
                     ecep:reg="the"
                     ecep:spe="the"
                     ecep:syllab="1"
                     ecep:pron="ðiː">the</w>
                  <c> </c>
                  <w xml:id="bsb18-700440"
                     n="a-1450"
                     ecep:lem="lass"
                     ecep:pos="n2"
                     ecep:reg="lasses"
                     ecep:spe="lasses"
                     ecep:syllab="2"
                     ecep:pron="læsɪz">lasses</w>
                  <c> </c>
                  <w xml:id="bsb18-700450"
                     n="a-1460"
                     ecep:lem="room"
                     ecep:pos="n1"
                     ecep:reg="room"
                     ecep:spe="roun"
                     ecep:syllab="1"
                     ecep:pron="rˈaʊn">roun</w>
               </l>
               <l rendition="#h_3" xml:id="bsb18-l31595">
                  <c> </c>
                  <w xml:id="bsb18-700460"
                     n="a-1470"
                     ecep:lem="to"
                     ecep:pos="pc-acp"
                     ecep:reg="To"
                     ecep:spe="To"
                     ecep:syllab="1"
                     ecep:pron="tuː">To</w>
                  <c> </c>
                  <w xml:id="bsb18-700470"
                     n="a-1480"
                     ecep:lem="bid"
                     ecep:pos="vvi"
                     ecep:reg="bid"
                     ecep:spe="bid"
                     ecep:syllab="1"
                     ecep:pron="bɪd">bid</w>
                  <c> </c>
                  <w xml:id="bsb18-700480"
                     n="a-1490"
                     ecep:lem="god"
                     ecep:pos="n1"
                     ecep:reg="God"
                     ecep:spe="God"
                     ecep:syllab="1"
                     ecep:pron="gɒd">God</w>
                  <c> </c>
                  <w xml:id="bsb18-700490"
                     n="a-1500"
                     ecep:lem="bless"
                     ecep:pos="vvb"
                     ecep:reg="bless"
                     ecep:spe="bless"
                     ecep:syllab="1"
                     ecep:pron="bles">bless</w>
                  <c> </c>
                  <w xml:id="bsb18-700500"
                     n="a-1510"
                     ecep:lem="they"
                     ecep:pos="pno32"
                     ecep:reg="them"
                     ecep:spe="them"
                     ecep:syllab="1"
                     ecep:pron="ðem">them</w>
                  <c> </c>
                  <w xml:id="bsb18-700510"
                     n="a-1520"
                     ecep:lem="all"
                     ecep:pos="d"
                     ecep:reg="of"
                     ecep:spe="a'"
                     ecep:syllab="1"
                     ecep:pron="ə">a'</w>
                  <pc xml:id="bsb18-700520"
                      n="a-1530"
                      unit="sentence"
                      ecep:lem="!"
                      ecep:pos="!"
                      ecep:reg="!"
                      ecep:spe="!">!</pc>
                  <c> </c>
               </l>
            </lg>
            <lg xml:id="bsb18-s02105">
               <l xml:id="bsb18-l31600">
                  <w xml:id="bsb18-700550"
                     n="a-1540"
                     ecep:lem="down"
                     ecep:pos="p-acp"
                     ecep:reg="Down"
                     ecep:spe="Down"
                     ecep:syllab="1"
                     ecep:pron="daʊn">Down</w>
                  <c> </c>
                  <w xml:id="bsb18-700560"
                     n="a-1550"
                     ecep:lem="smirk"
                     ecep:pos="vvg"
                     ecep:reg="smirking"
                     ecep:spe="smirking"
                     ecep:syllab="2"
                     ecep:pron="smɜːkɪŋ">smirking</w>
                  <c> </c>
                  <w xml:id="bsb18-700570"
                     n="a-1560"
                     ecep:lem="Sally"
                     ecep:pos="npg1"
                     ecep:reg="Sally's"
                     ecep:spe="Sally's"
                     ecep:syllab="2"
                     ecep:pron="ˈsæliz">Sally's</w>
                  <c> </c>
                  <w xml:id="bsb18-700580"
                     n="a-1570"
                     ecep:lem="dimple"
                     ecep:pos="j-vvn"
                     ecep:reg="dimpled"
                     ecep:spe="dimpl'd"
                     ecep:syllab="1"
                     ecep:pron="ˈdɪmpld">dimpl'd</w>
                  <c> </c>
                  <w xml:id="bsb18-700590"
                     n="a-1580"
                     ecep:lem="cheek"
                     ecep:pos="n1"
                     ecep:reg="cheek"
                     ecep:spe="cheek"
                     ecep:syllab="1"
                     ecep:pron="tʃiːk">cheek</w>
               </l>
               <l rendition="#h_3" xml:id="bsb18-l31605">
                  <c> </c>
                  <w xml:id="bsb18-700600"
                     n="a-1590"
                     ecep:lem="the"
                     ecep:pos="dt"
                     ecep:reg="The"
                     ecep:spe="The"
                     ecep:syllab="1"
                     ecep:pron="ðiː">The</w>
                  <c> </c>
                  <w xml:id="bsb18-700610"
                     n="a-1600"
                     ecep:lem="tear"
                     ecep:pos="n1"
                     ecep:reg="tear"
                     ecep:spe="tear"
                     ecep:syllab="1"
                     ecep:pron="tɪə">tear</w>
                  <c> </c>
                  <w xml:id="bsb18-700620"
                     n="a-1610"
                     ecep:lem="begin"
                     ecep:pos="vvz"
                     ecep:reg="begins"
                     ecep:spe="begins"
                     ecep:syllab="2"
                     ecep:pron="bɪˈgɪnz">begins</w>
                  <c> </c>
                  <w xml:id="bsb18-700630"
                     n="a-1620"
                     ecep:lem="to"
                     ecep:pos="p-acp"
                     ecep:reg="to"
                     ecep:spe="to"
                     ecep:syllab="1"
                     ecep:pron="tuː">to</w>
                  <c> </c>
                  <w xml:id="bsb18-700640"
                     n="a-1630"
                     ecep:lem="fa"
                     ecep:pos="uh"
                     ecep:reg="fa"
                     ecep:spe="fa"
                     ecep:syllab="1"
                     ecep:pron="fɑː">fa</w>
                  <pc xml:id="bsb18-700650"
                      n="a-1640"
                      ecep:lem=":"
                      ecep:pos=":"
                      ecep:reg=":"
                      ecep:spe=":">:</pc>
               </l>
               <l xml:id="bsb18-l31610">
                  <c> </c>
                  <pc xml:id="bsb18-700660"
                      n="a-1650"
                      ecep:lem="&#34;"
                      ecep:pos="&#34;"
                      ecep:reg="&#34;"
                      ecep:spe="&#34;">"</pc>
                  <w xml:id="bsb18-700670"
                     n="a-1660"
                     ecep:lem="o"
                     ecep:pos="uh"
                     ecep:reg="OH"
                     ecep:spe="O"
                     ecep:syllab="1"
                     ecep:pron="əʊ">O</w>
                  <pc xml:id="bsb18-700675"
                      n="a-1660"
                      ecep:lem="!"
                      ecep:pos="!"
                      ecep:reg="!"
                      ecep:spe="!">!</pc>
                  <c> </c>
                  <w xml:id="bsb18-700680"
                     n="a-1670"
                     ecep:lem="Sandy"
                     ecep:pos="np1"
                     ecep:reg="Sandy"
                     ecep:spe="Sandy"
                     ecep:syllab="2"
                     ecep:pron="ˈsændi">Sandy</w>
                  <pc xml:id="bsb18-700690"
                      n="a-1680"
                      ecep:lem=","
                      ecep:pos=","
                      ecep:reg=","
                      ecep:spe=",">,</pc>
                  <c> </c>
                  <w xml:id="bsb18-700700"
                     n="a-1690"
                     ecep:lem="i"
                     ecep:pos="pns11"
                     ecep:reg="I"
                     ecep:spe="I"
                     ecep:syllab="1"
                     ecep:pron="aɪ">I</w>
                  <c> </c>
                  <w xml:id="bsb18-700710"
                     n="a-1700"
                     ecep:lem="be"
                     ecep:pos="vbm"
                     ecep:reg="am"
                     ecep:spe="am"
                     ecep:syllab="1"
                     ecep:pron="æm">am</w>
                  <c> </c>
                  <w xml:id="bsb18-700720"
                     n="a-1710"
                     ecep:lem="uvae"
                     ecep:pos="fw-la"
                     ecep:reg="wae"
                     ecep:spe="wae"
                     ecep:syllab="1"
                     ecep:pron="wˈiː">wae</w>
                  <c> </c>
                  <w xml:id="bsb18-700730"
                     n="a-1720"
                     ecep:lem="to"
                     ecep:pos="pc-acp"
                     ecep:reg="to"
                     ecep:spe="to"
                     ecep:syllab="1"
                     ecep:pron="tuː">to</w>
                  <c> </c>
                  <w xml:id="bsb18-700740"
                     n="a-1730"
                     ecep:lem="think"
                     ecep:pos="vvi"
                     ecep:reg="think"
                     ecep:spe="think"
                     ecep:syllab="1"
                     ecep:pron="θɪŋk">think</w>
               </l>
               <l rendition="#h_3" xml:id="bsb18-l31615">
                  <c> </c>
                  <w xml:id="bsb18-700750"
                     n="a-1740"
                     ecep:lem="that"
                     ecep:pos="cst"
                     ecep:reg="That"
                     ecep:spe="That"
                     ecep:syllab="1"
                     ecep:pron="ðæt">That</w>
                  <c> </c>
                  <w xml:id="bsb18-700760"
                     n="a-1750"
                     ecep:lem="you"
                     ecep:pos="pn22"
                     ecep:reg="you"
                     ecep:spe="ye"
                     ecep:syllab="1"
                     ecep:pron="jiː">ye</w>
                  <c> </c>
                  <w xml:id="bsb18-700770"
                     n="a-1760"
                     ecep:lem="must"
                     ecep:pos="vmb"
                     ecep:reg="maun"
                     ecep:spe="maun"
                     ecep:syllab="1"
                     ecep:pron="mʌn">maun</w>
                  <c> </c>
                  <w xml:id="bsb18-700780"
                     n="a-1770"
                     ecep:lem="leave"
                     ecep:pos="vvi"
                     ecep:reg="leave"
                     ecep:spe="leave"
                     ecep:syllab="1"
                     ecep:pron="liːv">leave</w>
                  <c> </c>
                  <w xml:id="bsb18-700790"
                     n="a-1780"
                     ecep:lem="we"
                     ecep:pos="pno12"
                     ecep:reg="us"
                     ecep:spe="us"
                     ecep:syllab="1"
                     ecep:pron="ʌs">us</w>
                  <c> </c>
                  <w xml:id="bsb18-700800"
                     n="a-1790"
                     ecep:lem="all"
                     ecep:pos="d"
                     ecep:reg="of"
                     ecep:spe="a'"
                     ecep:syllab="1"
                     ecep:pron="ə">a'</w>
                  <pc xml:id="bsb18-700810"
                      n="a-1800"
                      ecep:lem="."
                      ecep:pos="."
                      ecep:reg="."
                      ecep:spe=".">.</pc>
                  <pc xml:id="bsb18-700820"
                      n="a-1810"
                      unit="sentence"
                      ecep:lem="&#34;"
                      ecep:pos="&#34;"
                      ecep:reg="&#34;"
                      ecep:spe="&#34;">"</pc>
                  <c> </c>
               </l>
            </lg>
            <pb facs="bsb18/0300" n="248" rend="none"/>
            <lg xml:id="bsb18-s02110">
               <l xml:id="bsb18-l31620">
                  <w xml:id="bsb18-700850"
                     n="a-0010"
                     ecep:lem="poor"
                     ecep:pos="j"
                     ecep:reg="Poor"
                     ecep:spe="Poor"
                     ecep:syllab="1"
                     ecep:pron="pɔː">Poor</w>
                  <c> </c>
                  <w xml:id="bsb18-700860"
                     n="a-0020"
                     ecep:lem="Maggy"
                     ecep:pos="np1"
                     ecep:reg="Maggy"
                     ecep:spe="Maggy"
                     ecep:syllab="2"
                     ecep:pron="mˈægi">Maggy</w>
                  <c> </c>
                  <w xml:id="bsb18-700870"
                     n="a-0030"
                     ecep:lem="sigh"
                     ecep:pos="n2"
                     ecep:reg="sighs"
                     ecep:spe="sighs"
                     ecep:syllab="1"
                     ecep:pron="saɪz">sighs</w>
                  <pc xml:id="bsb18-700880"
                      n="a-0040"
                      ecep:lem=","
                      ecep:pos=","
                      ecep:reg=","
                      ecep:spe=",">,</pc>
                  <c> </c>
                  <w xml:id="bsb18-700890"
                     n="a-0050"
                     ecep:lem="and"
                     ecep:pos="cc"
                     ecep:reg="and"
                     ecep:spe="and"
                     ecep:syllab="1"
                     ecep:pron="ænd">and</w>
                  <c> </c>
                  <w xml:id="bsb18-700900"
                     n="a-0060"
                     ecep:lem="sing"
                     ecep:pos="vvz"
                     ecep:reg="sings"
                     ecep:spe="sings"
                     ecep:syllab="1"
                     ecep:pron="sɪŋz">sings</w>
                  <c> </c>
                  <w xml:id="bsb18-700910"
                     n="a-0070"
                     ecep:lem="the"
                     ecep:pos="dt"
                     ecep:reg="the"
                     ecep:spe="the"
                     ecep:syllab="1"
                     ecep:pron="ðiː">the</w>
                  <c> </c>
                  <w xml:id="bsb18-700920"
                     n="a-0080"
                     ecep:lem="sing"
                     ecep:pos="vvd"
                     ecep:reg="sang"
                     ecep:spe="sang"
                     ecep:syllab="1"
                     ecep:pron="sæŋ">sang</w>
               </l>
               <l rendition="#h_3" xml:id="bsb18-l31625">
                  <c> </c>
                  <w xml:id="bsb18-700930"
                     n="a-0090"
                     ecep:lem="he"
                     ecep:pos="pns31"
                     ecep:reg="He"
                     ecep:spe="He"
                     ecep:syllab="1"
                     ecep:pron="hiː">He</w>
                  <c> </c>
                  <w xml:id="bsb18-700940"
                     n="a-0100"
                     ecep:lem="like"
                     ecep:pos="vvd"
                     ecep:reg="liked"
                     ecep:spe="lik'd"
                     ecep:syllab="1"
                     ecep:pron="laɪkt">lik'd</w>
                  <c> </c>
                  <w xml:id="bsb18-700950"
                     n="a-0110"
                     ecep:lem="the"
                     ecep:pos="dt"
                     ecep:reg="the"
                     ecep:spe="the"
                     ecep:syllab="1"
                     ecep:pron="ðiː">the</w>
                  <c> </c>
                  <w xml:id="bsb18-700960"
                     n="a-0120"
                     ecep:lem="best"
                     ecep:pos="js"
                     ecep:reg="best"
                     ecep:spe="best"
                     ecep:syllab="1"
                     ecep:pron="best">best</w>
                  <c> </c>
                  <w xml:id="bsb18-700970"
                     n="a-0130"
                     ecep:lem="of"
                     ecep:pos="pp-f"
                     ecep:reg="of"
                     ecep:spe="of"
                     ecep:syllab="1"
                     ecep:pron="ɒv">of</w>
                  <c> </c>
                  <w xml:id="bsb18-700980"
                     n="a-0140"
                     ecep:lem="all"
                     ecep:pos="d"
                     ecep:reg="of"
                     ecep:spe="a'"
                     ecep:syllab="1"
                     ecep:pron="ə">a'</w>
                  <pc xml:id="bsb18-700990"
                      n="a-0150"
                      ecep:lem=","
                      ecep:pos=","
                      ecep:reg=","
                      ecep:spe=",">,</pc>
               </l>
               <l xml:id="bsb18-l31630">
                  <c> </c>
                  <w xml:id="bsb18-701000"
                     n="a-0160"
                     ecep:lem="and"
                     ecep:pos="cc"
                     ecep:reg="And"
                     ecep:spe="And"
                     ecep:syllab="1"
                     ecep:pron="ænd">And</w>
                  <c> </c>
                  <w xml:id="bsb18-701010"
                     n="a-0170"
                     ecep:lem="hope"
                     ecep:pos="n2"
                     ecep:reg="hopes"
                     ecep:spe="hopes"
                     ecep:syllab="1"
                     ecep:pron="həʊps">hopes</w>
                  <c> </c>
                  <w xml:id="bsb18-701020"
                     n="a-0180"
                     ecep:lem="by"
                     ecep:pos="p-acp"
                     ecep:reg="by"
                     ecep:spe="by"
                     ecep:syllab="1"
                     ecep:pron="baɪ">by</w>
                  <c> </c>
                  <w xml:id="bsb18-701030"
                     n="a-0190"
                     ecep:lem="that"
                     ecep:pos="d"
                     ecep:reg="that"
                     ecep:spe="that"
                     ecep:syllab="1"
                     ecep:pron="ðæt">that</w>
                  <c> </c>
                  <w xml:id="bsb18-701040"
                     n="a-0200"
                     ecep:lem="to"
                     ecep:pos="pc-acp"
                     ecep:reg="to"
                     ecep:spe="to"
                     ecep:syllab="1"
                     ecep:pron="tuː">to</w>
                  <c> </c>
                  <w xml:id="bsb18-701050"
                     n="a-0210"
                     ecep:lem="ease"
                     ecep:pos="vvi"
                     ecep:reg="ease"
                     ecep:spe="ease"
                     ecep:syllab="1"
                     ecep:pron="iːz">ease</w>
                  <c> </c>
                  <w xml:id="bsb18-701060"
                     n="a-0220"
                     ecep:lem="her"
                     ecep:pos="po31"
                     ecep:reg="her"
                     ecep:spe="her"
                     ecep:syllab="1"
                     ecep:pron="hɜː">her</w>
                  <c> </c>
                  <w xml:id="bsb18-701070"
                     n="a-0230"
                     ecep:lem="heart"
                     ecep:pos="n1"
                     ecep:reg="heart"
                     ecep:spe="heart"
                     ecep:syllab="1"
                     ecep:pron="hɑːt">heart</w>
               </l>
               <l rendition="#h_3" xml:id="bsb18-l31635">
                  <c> </c>
                  <w xml:id="bsb18-701080"
                     n="a-0240"
                     ecep:lem="when"
                     ecep:pos="c-crq"
                     ecep:reg="When"
                     ecep:spe="When"
                     ecep:syllab="1"
                     ecep:pron="wen">When</w>
                  <c> </c>
                  <w xml:id="bsb18-701090"
                     n="a-0250"
                     ecep:lem="sandy"
                     ecep:pos="npg1"
                     ecep:reg="Sandy's"
                     ecep:spe="Sandy's"
                     ecep:syllab="2"
                     ecep:pron="ˈsændiz">Sandy's</w>
                  <c> </c>
                  <w xml:id="bsb18-701100"
                     n="a-0260"
                     ecep:lem="far"
                     ecep:pos="j"
                     ecep:reg="far"
                     ecep:spe="far"
                     ecep:syllab="1"
                     ecep:pron="fɑː">far</w>
                  <c> </c>
                  <w xml:id="bsb18-701110"
                     n="a-0270"
                     ecep:lem="away"
                     ecep:pos="av"
                     ecep:reg="avua"
                     ecep:spe="awa"
                     ecep:syllab="2"
                     ecep:pron="ʌwˈæ">awa</w>
                  <pc xml:id="bsb18-701120"
                      n="a-0280"
                      unit="sentence"
                      ecep:lem="."
                      ecep:pos="."
                      ecep:reg="."
                      ecep:spe=".">.</pc>
                  <c> </c>
               </l>
            </lg>
            <lg xml:id="bsb18-s02115">
               <l xml:id="bsb18-l31640">
                  <w xml:id="bsb18-701150"
                     n="a-0290"
                     ecep:lem="Alak"
                     ecep:pos="np1"
                     ecep:reg="Alak"
                     ecep:spe="Alak"
                     ecep:syllab="2"
                     ecep:pron="ʌlˈæk">Alak</w>
                  <pc xml:id="bsb18-701160"
                      n="a-0300"
                      ecep:lem="!"
                      ecep:pos="!"
                      ecep:reg="!"
                      ecep:spe="!">!</pc>
                  <c> </c>
                  <w xml:id="bsb18-701170"
                     n="a-0310"
                     ecep:lem="poor"
                     ecep:pos="j"
                     ecep:reg="poor"
                     ecep:spe="poor"
                     ecep:syllab="1"
                     ecep:pron="pɔː">poor</w>
                  <c> </c>
                  <w xml:id="bsb18-701180"
                     n="a-0320"
                     ecep:lem="silly"
                     ecep:pos="j"
                     ecep:reg="silly"
                     ecep:spe="silly"
                     ecep:syllab="2"
                     ecep:pron="ˈsɪli">silly</w>
                  <c> </c>
                  <w xml:id="bsb18-701190"
                     n="a-0330"
                     ecep:lem="maiden"
                     ecep:pos="n1"
                     ecep:reg="maiden"
                     ecep:spe="maiden"
                     ecep:syllab="2"
                     ecep:pron="ˈmeɪdn">maiden</w>
                  <pc xml:id="bsb18-701200"
                      n="a-0340"
                      ecep:lem=","
                      ecep:pos=","
                      ecep:reg=","
                      ecep:spe=",">,</pc>
               </l>
               <l rendition="#h_3" xml:id="bsb18-l31645">
                  <c> </c>
                  <w xml:id="bsb18-701210"
                     n="a-0350"
                     ecep:lem="your"
                     ecep:pos="po22"
                     ecep:reg="Your"
                     ecep:spe="Your"
                     ecep:syllab="1"
                     ecep:pron="jɔː">Your</w>
                  <c> </c>
                  <w xml:id="bsb18-701220"
                     n="a-0360"
                     ecep:lem="skill"
                     ecep:pos="n1"
                     ecep:reg="skill"
                     ecep:spe="skill"
                     ecep:syllab="1"
                     ecep:pron="skɪl">skill</w>
                  <c> </c>
                  <w xml:id="bsb18-701230"
                     n="a-0370"
                     ecep:lem="in"
                     ecep:pos="p-acp"
                     ecep:reg="in"
                     ecep:spe="in"
                     ecep:syllab="1"
                     ecep:pron="ɪn">in</w>
                  <c> </c>
                  <w xml:id="bsb18-701240"
                     n="a-0380"
                     ecep:lem="love"
                     ecep:pos="ng1"
                     ecep:reg="love's"
                     ecep:spe="love's"
                     ecep:syllab="1"
                     ecep:pron="ˈlʌvz">love's</w>
                  <c> </c>
                  <w xml:id="bsb18-701250"
                     n="a-0390"
                     ecep:lem="but"
                     ecep:pos="p-acp"
                     ecep:reg="but"
                     ecep:spe="but"
                     ecep:syllab="1"
                     ecep:pron="bʌt">but</w>
                  <c> </c>
                  <w xml:id="bsb18-701260"
                     n="a-0400"
                     ecep:lem="sma"
                     ecep:pos="fw-it"
                     ecep:reg="sma"
                     ecep:spe="sma"
                     ecep:syllab="1"
                     ecep:pron="smˈɑː">sma</w>
                  <pc xml:id="bsb18-701270"
                      n="a-0410"
                      ecep:lem=";"
                      ecep:pos=";"
                      ecep:reg=";"
                      ecep:spe=";">;</pc>
               </l>
               <l xml:id="bsb18-l31650">
                  <c> </c>
                  <w xml:id="bsb18-701280"
                     n="a-0420"
                     ecep:lem="we"
                     ecep:pos="pns12"
                     ecep:reg="We"
                     ecep:spe="We"
                     ecep:syllab="1"
                     ecep:pron="wiː">We</w>
                  <c> </c>
                  <w xml:id="bsb18-701290"
                     n="a-0430"
                     ecep:lem="shall"
                     ecep:pos="vmdx"
                     ecep:reg="shouldna"
                     ecep:spe="shouldna"
                     ecep:syllab="2"
                     ecep:pron="ʃˈʊdnə">shouldna</w>
                  <c> </c>
                  <w xml:id="bsb18-701300"
                     n="a-0440"
                     ecep:lem="think"
                     ecep:pos="vvb"
                     ecep:reg="think"
                     ecep:spe="think"
                     ecep:syllab="1"
                     ecep:pron="θɪŋk">think</w>
                  <c> </c>
                  <w xml:id="bsb18-701310"
                     n="a-0450"
                     ecep:lem="of"
                     ecep:pos="pp-f"
                     ecep:reg="oF"
                     ecep:spe="o'"
                     ecep:syllab="1"
                     ecep:pron="əʊ">o'</w>
                  <c> </c>
                  <w xml:id="bsb18-701320"
                     n="a-0460"
                     ecep:lem="old"
                     ecep:pos="j"
                     ecep:reg="old"
                     ecep:spe="auld"
                     ecep:syllab="1"
                     ecep:pron="ɔːld">auld</w>
                  <c> </c>
                  <w xml:id="bsb18-701330"
                     n="a-0470"
                     ecep:lem="langsyne"
                     ecep:pos="n1"
                     ecep:reg="langsyne"
                     ecep:spe="langsyne"
                     ecep:syllab="2"
                     ecep:pron="ˌlæŋˈsaɪn">langsyne</w>
               </l>
               <l rendition="#h_3" xml:id="bsb18-l31655">
                  <c> </c>
                  <w xml:id="bsb18-701340"
                     n="a-0480"
                     ecep:lem="when"
                     ecep:pos="c-crq"
                     ecep:reg="When"
                     ecep:spe="When"
                     ecep:syllab="1"
                     ecep:pron="wen">When</w>
                  <c> </c>
                  <w xml:id="bsb18-701350"
                     n="a-0490"
                     ecep:lem="sweetheart"
                     ecep:pos="n2"
                     ecep:reg="sweethearts"
                     ecep:spe="sweethearts"
                     ecep:syllab="2"
                     ecep:pron="ˈswiːthɑːts">sweethearts</w>
                  <c> </c>
                  <w xml:id="bsb18-701360"
                     n="a-0500"
                     ecep:lem="be"
                     ecep:pos="vbr"
                     ecep:reg="are"
                     ecep:spe="are"
                     ecep:syllab="1"
                     ecep:pron="ɑː">are</w>
                  <c> </c>
                  <w xml:id="bsb18-701370"
                     n="a-0510"
                     ecep:lem="away"
                     ecep:pos="av"
                     ecep:reg="avua"
                     ecep:spe="awa"
                     ecep:syllab="2"
                     ecep:pron="ʌwˈæ">awa</w>
                  <pc xml:id="bsb18-701380"
                      n="a-0520"
                      unit="sentence"
                      ecep:lem="."
                      ecep:pos="."
                      ecep:reg="."
                      ecep:spe=".">.</pc>
                  <c> </c>
               </l>
            </lg>
            <lg xml:id="bsb18-s02120">
               <l xml:id="bsb18-l31660">
                  <w xml:id="bsb18-701410"
                     n="a-0530"
                     ecep:lem="in"
                     ecep:pos="p-acp"
                     ecep:reg="In"
                     ecep:spe="In"
                     ecep:syllab="1"
                     ecep:pron="ɪn">In</w>
                  <c> </c>
                  <w xml:id="bsb18-701420"
                     n="a-0540"
                     ecep:lem="blithsome"
                     ecep:pos="j"
                     ecep:reg="blithsome"
                     ecep:spe="blithsome"
                     ecep:syllab="2"
                     ecep:pron="ˈblaɪðsəm">blithsome</w>
                  <c> </c>
                  <w xml:id="bsb18-701430"
                     n="a-0550"
                     ecep:lem="Nancy"
                     ecep:pos="npg1"
                     ecep:reg="Nancy's"
                     ecep:spe="Nancy's"
                     ecep:syllab="2"
                     ecep:pron="ˈnænsiz">Nancy's</w>
                  <c> </c>
                  <w xml:id="bsb18-701440"
                     n="a-0560"
                     ecep:lem="open"
                     ecep:pos="j"
                     ecep:reg="open"
                     ecep:spe="open"
                     ecep:syllab="2"
                     ecep:pron="ˈəʊpn">open</w>
                  <c> </c>
                  <w xml:id="bsb18-701450"
                     n="a-0570"
                     ecep:lem="heart"
                     ecep:pos="n1"
                     ecep:reg="heart"
                     ecep:spe="heart"
                     ecep:syllab="1"
                     ecep:pron="hɑːt">heart</w>
               </l>
               <l rendition="#h_3" xml:id="bsb18-l31665">
                  <c> </c>
                  <w xml:id="bsb18-701460"
                     n="a-0580"
                     ecep:lem="his"
                     ecep:pos="po31"
                     ecep:reg="His"
                     ecep:spe="His"
                     ecep:syllab="1"
                     ecep:pron="hɪz">His</w>
                  <c> </c>
                  <w xml:id="bsb18-701470"
                     n="a-0590"
                     ecep:lem="look"
                     ecep:pos="n2"
                     ecep:reg="looks"
                     ecep:spe="looks"
                     ecep:syllab="1"
                     ecep:pron="lʊks">looks</w>
                  <c> </c>
                  <w xml:id="bsb18-701480"
                     n="a-0600"
                     ecep:lem="have"
                     ecep:pos="vhb"
                     ecep:reg="hae"
                     ecep:spe="hae"
                     ecep:syllab="1"
                     ecep:pron="heɪ">hae</w>
                  <c> </c>
                  <w xml:id="bsb18-701490"
                     n="a-0610"
                     ecep:lem="make"
                     ecep:pos="vvn"
                     ecep:reg="made"
                     ecep:spe="made"
                     ecep:syllab="1"
                     ecep:pron="meɪd">made</w>
                  <c> </c>
                  <w xml:id="bsb18-701500"
                     n="a-0620"
                     ecep:lem="a"
                     ecep:pos="dt"
                     ecep:reg="a"
                     ecep:spe="a"
                     ecep:syllab="1"
                     ecep:pron="ə">a</w>
                  <c> </c>
                  <w xml:id="bsb18-701510"
                     n="a-0630"
                     ecep:lem="flaw"
                     ecep:pos="n1"
                     ecep:reg="flaw"
                     ecep:spe="flaw"
                     ecep:syllab="1"
                     ecep:pron="flɔː">flaw</w>
                  <pc xml:id="bsb18-701520"
                      n="a-0640"
                      ecep:lem=";"
                      ecep:pos=";"
                      ecep:reg=";"
                      ecep:spe=";">;</pc>
               </l>
               <l xml:id="bsb18-l31670">
                  <c> </c>
                  <w xml:id="bsb18-701530"
                     n="a-0650"
                     ecep:lem="and"
                     ecep:pos="cc"
                     ecep:reg="And"
                     ecep:spe="An'"
                     ecep:syllab="1"
                     ecep:pron="æn">An'</w>
                  <c> </c>
                  <w xml:id="bsb18-701540"
                     n="a-0660"
                     ecep:lem="yet"
                     ecep:pos="av"
                     ecep:reg="yet"
                     ecep:spe="yet"
                     ecep:syllab="1"
                     ecep:pron="jet">yet</w>
                  <c> </c>
                  <w xml:id="bsb18-701550"
                     n="a-0670"
                     ecep:lem="she"
                     ecep:pos="pns31"
                     ecep:reg="she"
                     ecep:spe="she"
                     ecep:syllab="1"
                     ecep:pron="ʃiː">she</w>
                  <c> </c>
                  <w xml:id="bsb18-701560"
                     n="a-0680"
                     ecep:lem="vow"
                     ecep:pos="vvz"
                     ecep:reg="vows"
                     ecep:spe="vows"
                     ecep:syllab="1"
                     ecep:pron="vaʊz">vows</w>
                  <c> </c>
                  <w xml:id="bsb18-701570"
                     n="a-0690"
                     ecep:lem="the"
                     ecep:pos="dt"
                     ecep:reg="the"
                     ecep:spe="the"
                     ecep:syllab="1"
                     ecep:pron="ðiː">the</w>
                  <c> </c>
                  <w xml:id="bsb18-701580"
                     n="a-0700"
                     ecep:lem="man"
                     ecep:pos="n2"
                     ecep:reg="men"
                     ecep:spe="men"
                     ecep:syllab="1"
                     ecep:pron="men">men</w>
                  <c> </c>
                  <w xml:id="bsb18-701590"
                     n="a-0710"
                     ecep:lem="of"
                     ecep:pos="pp-f"
                     ecep:reg="of"
                     ecep:spe="a'"
                     ecep:syllab="1"
                     ecep:pron="ə">a'</w>
                  <c> </c>
                  <w xml:id="bsb18-701600"
                     n="a-0720"
                     ecep:lem="loon"
                     ecep:pos="n2"
                     ecep:reg="loons"
                     ecep:spe="loons"
                     ecep:syllab="1"
                     ecep:pron="luːnz">loons</w>
                  <pc xml:id="bsb18-701610"
                      n="a-0730"
                      ecep:lem=","
                      ecep:pos=","
                      ecep:reg=","
                      ecep:spe=",">,</pc>
               </l>
               <l rendition="#h_3" xml:id="bsb18-l31675">
                  <c> </c>
                  <w xml:id="bsb18-701620"
                     n="a-0740"
                     ecep:lem="and"
                     ecep:pos="cc"
                     ecep:reg="And"
                     ecep:spe="And"
                     ecep:syllab="1"
                     ecep:pron="ænd">And</w>
                  <c> </c>
                  <w xml:id="bsb18-701630"
                     n="a-0750"
                     ecep:lem="Sandy"
                     ecep:pos="np1"
                     ecep:reg="Sandy"
                     ecep:spe="Sandy"
                     ecep:syllab="2"
                     ecep:pron="ˈsændi">Sandy</w>
                  <c> </c>
                  <w xml:id="bsb18-701640"
                     n="a-0760"
                     ecep:lem="warst"
                     ecep:pos="av"
                     ecep:reg="warst"
                     ecep:spe="warst"
                     ecep:syllab="1"
                     ecep:pron="wˈɔːst">warst</w>
                  <c> </c>
                  <w xml:id="bsb18-701650"
                     n="a-0770"
                     ecep:lem="of"
                     ecep:pos="pp-f"
                     ecep:reg="of"
                     ecep:spe="of"
                     ecep:syllab="1"
                     ecep:pron="ɒv">of</w>
                  <c> </c>
                  <w xml:id="bsb18-701660"
                     n="a-0780"
                     ecep:lem="all"
                     ecep:pos="d"
                     ecep:reg="of"
                     ecep:spe="a'"
                     ecep:syllab="1"
                     ecep:pron="ə">a'</w>
                  <pc xml:id="bsb18-701670"
                      n="a-0790"
                      unit="sentence"
                      ecep:lem="."
                      ecep:pos="."
                      ecep:reg="."
                      ecep:spe=".">.</pc>
                  <c> </c>
               </l>
            </lg>
            <lg xml:id="bsb18-s02125">
               <l xml:id="bsb18-l31680">
                  <w xml:id="bsb18-701700"
                     n="a-0800"
                     ecep:lem="now"
                     ecep:pos="av"
                     ecep:reg="Now"
                     ecep:spe="Now"
                     ecep:syllab="1"
                     ecep:pron="naʊ">Now</w>
                  <c> </c>
                  <w xml:id="bsb18-701710"
                     n="a-0810"
                     ecep:lem="Jenny"
                     ecep:pos="np1"
                     ecep:reg="Jenny"
                     ecep:spe="Jenny"
                     ecep:syllab="2"
                     ecep:pron="ˈdʒeni">Jenny</w>
                  <c> </c>
                  <w xml:id="bsb18-701720"
                     n="a-0820"
                     ecep:lem="she"
                     ecep:pos="pns31"
                     ecep:reg="she"
                     ecep:spe="she"
                     ecep:syllab="1"
                     ecep:pron="ʃiː">she</w>
                  <c> </c>
                  <w xml:id="bsb18-701730"
                     n="a-0830"
                     ecep:lem="affect"
                     ecep:pos="vvz"
                     ecep:reg="affects"
                     ecep:spe="affects"
                     ecep:syllab="2"
                     ecep:pron="əˈfekts">affects</w>
                  <c> </c>
                  <w xml:id="bsb18-701740"
                     n="a-0840"
                     ecep:lem="to"
                     ecep:pos="pc-acp"
                     ecep:reg="to"
                     ecep:spe="to"
                     ecep:syllab="1"
                     ecep:pron="tuː">to</w>
                  <c> </c>
                  <w xml:id="bsb18-701750"
                     n="a-0850"
                     ecep:lem="scorn"
                     ecep:pos="vvi"
                     ecep:reg="scorn"
                     ecep:spe="scorn"
                     ecep:syllab="1"
                     ecep:pron="skɔːn">scorn</w>
                  <pc xml:id="bsb18-701760"
                      n="a-0860"
                      ecep:lem=","
                      ecep:pos=","
                      ecep:reg=","
                      ecep:spe=",">,</pc>
               </l>
               <l rendition="#h_3" xml:id="bsb18-l31685">
                  <c> </c>
                  <w xml:id="bsb18-701770"
                     n="a-0870"
                     ecep:lem="and"
                     ecep:pos="cc"
                     ecep:reg="And"
                     ecep:spe="And"
                     ecep:syllab="1"
                     ecep:pron="ænd">And</w>
                  <c> </c>
                  <w xml:id="bsb18-701780"
                     n="a-0880"
                     ecep:lem="sneer"
                     ecep:pos="vvz"
                     ecep:reg="sneers"
                     ecep:spe="sneers"
                     ecep:syllab="1"
                     ecep:pron="snɪəz">sneers</w>
                  <c> </c>
                  <w xml:id="bsb18-701790"
                     n="a-0890"
                     ecep:lem="at"
                     ecep:pos="p-acp"
                     ecep:reg="at"
                     ecep:spe="at"
                     ecep:syllab="1"
                     ecep:pron="æt">at</w>
                  <c> </c>
                  <w xml:id="bsb18-701800"
                     n="a-0900"
                     ecep:lem="their"
                     ecep:pos="po32"
                     ecep:reg="their"
                     ecep:spe="their"
                     ecep:syllab="1"
                     ecep:pron="ðeə">their</w>
                  <c> </c>
                  <w xml:id="bsb18-701810"
                     n="a-0910"
                     ecep:lem="ill-fa"
                     ecep:pos="j"
                     ecep:reg="ill-fa"
                     ecep:spe="ill-fa"
                     ecep:syllab="2"
                     ecep:pron="ɪlˌfɑː">ill-fa</w>
                  <pc xml:id="bsb18-701820"
                      n="a-0920"
                      ecep:lem=";"
                      ecep:pos=";"
                      ecep:reg=";"
                      ecep:spe=";">;</pc>
               </l>
               <l xml:id="bsb18-l31690">
                  <c> </c>
                  <w xml:id="bsb18-701830"
                     n="a-0930"
                     ecep:lem="she"
                     ecep:pos="pns31"
                     ecep:reg="She"
                     ecep:spe="She"
                     ecep:syllab="1"
                     ecep:pron="ʃiː">She</w>
                  <c> </c>
                  <w xml:id="bsb18-701840"
                     n="a-0940"
                     ecep:lem="reckon"
                     ecep:pos="vvz"
                     ecep:reg="reckons"
                     ecep:spe="reckons"
                     ecep:syllab="2"
                     ecep:pron="ˈreknz">reckons</w>
                  <c> </c>
                  <w xml:id="bsb18-701850"
                     n="a-0950"
                     ecep:lem="all"
                     ecep:pos="d"
                     ecep:reg="of"
                     ecep:spe="a'"
                     ecep:syllab="1"
                     ecep:pron="ə">a'</w>
                  <c> </c>
                  <w xml:id="bsb18-701860"
                     n="a-0960"
                     ecep:lem="the"
                     ecep:pos="dt"
                     ecep:reg="the"
                     ecep:spe="the"
                     ecep:syllab="1"
                     ecep:pron="ðiː">the</w>
                  <c> </c>
                  <w xml:id="bsb18-701870"
                     n="a-0970"
                     ecep:lem="world"
                     ecep:pos="n1"
                     ecep:reg="world"
                     ecep:spe="warld"
                     ecep:syllab="1"
                     ecep:pron="wˈɔːld">warld</w>
                  <c> </c>
                  <w xml:id="bsb18-701880"
                     n="a-0980"
                     ecep:lem="think"
                     ecep:pos="vvz"
                     ecep:reg="thinks"
                     ecep:spe="thinks"
                     ecep:syllab="1"
                     ecep:pron="θɪŋks">thinks</w>
               </l>
               <l rendition="#h_3" xml:id="bsb18-l31695">
                  <c> </c>
                  <w xml:id="bsb18-701890"
                     n="a-0990"
                     ecep:lem="she"
                     ecep:pos="pns31"
                     ecep:reg="She"
                     ecep:spe="She"
                     ecep:syllab="1"
                     ecep:pron="ʃiː">She</w>
                  <c> </c>
                  <w xml:id="bsb18-701900"
                     n="a-1000"
                     ecep:lem="like"
                     ecep:pos="vvz"
                     ecep:reg="likes"
                     ecep:spe="likes"
                     ecep:syllab="1"
                     ecep:pron="laɪks">likes</w>
                  <c> </c>
                  <w xml:id="bsb18-701910"
                     n="a-1010"
                     ecep:lem="he"
                     ecep:pos="pno31"
                     ecep:reg="him"
                     ecep:spe="him"
                     ecep:syllab="1"
                     ecep:pron="hɪm">him</w>
                  <c> </c>
                  <w xml:id="bsb18-701920"
                     n="a-1020"
                     ecep:lem="best"
                     ecep:pos="av-js"
                     ecep:reg="best"
                     ecep:spe="best"
                     ecep:syllab="1"
                     ecep:pron="best">best</w>
                  <c> </c>
                  <w xml:id="bsb18-701930"
                     n="a-1030"
                     ecep:lem="of"
                     ecep:pos="pp-f"
                     ecep:reg="of"
                     ecep:spe="of"
                     ecep:syllab="1"
                     ecep:pron="ɒv">of</w>
                  <c> </c>
                  <w xml:id="bsb18-701940"
                     n="a-1040"
                     ecep:lem="all"
                     ecep:pos="d"
                     ecep:reg="of"
                     ecep:spe="a'"
                     ecep:syllab="1"
                     ecep:pron="ə">a'</w>
                  <pc xml:id="bsb18-701950"
                      n="a-1050"
                      unit="sentence"
                      ecep:lem="."
                      ecep:pos="."
                      ecep:reg="."
                      ecep:spe=".">.</pc>
                  <c> </c>
               </l>
            </lg>
            <lg xml:id="bsb18-s02130">
               <l xml:id="bsb18-l31700">
                  <w xml:id="bsb18-701980"
                     n="a-1060"
                     ecep:lem="at"
                     ecep:pos="p-acp"
                     ecep:reg="At"
                     ecep:spe="At"
                     ecep:syllab="1"
                     ecep:pron="æt">At</w>
                  <c> </c>
                  <w xml:id="bsb18-701990"
                     n="a-1070"
                     ecep:lem="gentle"
                     ecep:pos="j-jn"
                     ecep:reg="gentle"
                     ecep:spe="gentle"
                     ecep:syllab="2"
                     ecep:pron="ˈdʒentl">gentle</w>
                  <c> </c>
                  <w xml:id="bsb18-702000"
                     n="a-1080"
                     ecep:lem="Kitty"
                     ecep:pos="npg1"
                     ecep:reg="Kitty's"
                     ecep:spe="Kitty's"
                     ecep:syllab="2"
                     ecep:pron="ˈkɪtiz">Kitty's</w>
                  <c> </c>
                  <w xml:id="bsb18-702010"
                     n="a-1090"
                     ecep:lem="weel-kenned"
                     ecep:pos="j"
                     ecep:reg="weel-kenned"
                     ecep:spe="weel-kenn'd"
                     ecep:syllab="2"
                     ecep:pron="wiːlˌkend">weel-kenn'd</w>
                  <c> </c>
                  <w xml:id="bsb18-702020"
                     n="a-1100"
                     ecep:lem="door"
                     ecep:pos="n1"
                     ecep:reg="door"
                     ecep:spe="door"
                     ecep:syllab="1"
                     ecep:pron="dɔː">door</w>
               </l>
               <l rendition="#h_3" xml:id="bsb18-l31705">
                  <c> </c>
                  <w xml:id="bsb18-702030"
                     n="a-1110"
                     ecep:lem="he"
                     ecep:pos="pns31"
                     ecep:reg="He"
                     ecep:spe="He"
                     ecep:syllab="1"
                     ecep:pron="hiː">He</w>
                  <c> </c>
                  <w xml:id="bsb18-702040"
                     n="a-1120"
                     ecep:lem="call"
                     ecep:pos="vvd"
                     ecep:reg="caed"
                     ecep:spe="ca'd"
                     ecep:syllab="1"
                     ecep:pron="kˈɑːd">ca'd</w>
                  <c> </c>
                  <w xml:id="bsb18-702050"
                     n="a-1130"
                     ecep:lem="the"
                     ecep:pos="dt"
                     ecep:reg="the"
                     ecep:spe="the"
                     ecep:syllab="1"
                     ecep:pron="ðiː">the</w>
                  <c> </c>
                  <w xml:id="bsb18-702060"
                     n="a-1140"
                     ecep:lem="last"
                     ecep:pos="ord"
                     ecep:reg="last"
                     ecep:spe="last"
                     ecep:syllab="1"
                     ecep:pron="lɑːst">last</w>
                  <c> </c>
                  <w xml:id="bsb18-702070"
                     n="a-1150"
                     ecep:lem="of"
                     ecep:pos="pp-f"
                     ecep:reg="of"
                     ecep:spe="of"
                     ecep:syllab="1"
                     ecep:pron="ɒv">of</w>
                  <c> </c>
                  <w xml:id="bsb18-702080"
                     n="a-1160"
                     ecep:lem="all"
                     ecep:pos="d"
                     ecep:reg="of"
                     ecep:spe="a'"
                     ecep:syllab="1"
                     ecep:pron="ə">a'</w>
                  <pc xml:id="bsb18-702090"
                      n="a-1170"
                      ecep:lem=";"
                      ecep:pos=";"
                      ecep:reg=";"
                      ecep:spe=";">;</pc>
               </l>
               <l xml:id="bsb18-l31710">
                  <c> </c>
                  <w xml:id="bsb18-702100"
                     n="a-1180"
                     ecep:lem="because"
                     ecep:pos="c-acp"
                     ecep:reg="Because"
                     ecep:spe="Because"
                     ecep:syllab="2"
                     ecep:pron="bɪˈkɒz">Because</w>
                  <c> </c>
                  <w xml:id="bsb18-702110"
                     n="a-1190"
                     ecep:lem="his"
                     ecep:pos="po31"
                     ecep:reg="his"
                     ecep:spe="his"
                     ecep:syllab="1"
                     ecep:pron="hɪz">his</w>
                  <c> </c>
                  <w xml:id="bsb18-702120"
                     n="a-1200"
                     ecep:lem="heart"
                     ecep:pos="n1"
                     ecep:reg="heart"
                     ecep:spe="heart"
                     ecep:syllab="1"
                     ecep:pron="hɑːt">heart</w>
                  <c> </c>
                  <w xml:id="bsb18-702130"
                     n="a-1210"
                     ecep:lem="bid"
                     ecep:pos="vvd"
                     ecep:reg="bade"
                     ecep:spe="bade"
                     ecep:syllab="1"
                     ecep:pron="bæd">bade</w>
                  <c> </c>
                  <w xml:id="bsb18-702140"
                     n="a-1220"
                     ecep:lem="he"
                     ecep:pos="pno31"
                     ecep:reg="him"
                     ecep:spe="him"
                     ecep:syllab="1"
                     ecep:pron="hɪm">him</w>
                  <c> </c>
                  <w xml:id="bsb18-702150"
                     n="a-1230"
                     ecep:lem="say"
                     ecep:pos="vvi"
                     ecep:reg="say"
                     ecep:spe="say"
                     ecep:syllab="1"
                     ecep:pron="seɪ">say</w>
                  <c> </c>
                  <w xml:id="bsb18-702160"
                     n="a-1240"
                     ecep:lem="more"
                     ecep:pos="av-dc"
                     ecep:reg="more"
                     ecep:spe="mair"
                     ecep:syllab="1"
                     ecep:pron="ˈmeə">mair</w>
               </l>
               <l rendition="#h_3" xml:id="bsb18-l31715">
                  <c> </c>
                  <w xml:id="bsb18-702170"
                     n="a-1250"
                     ecep:lem="to"
                     ecep:pos="p-acp"
                     ecep:reg="To"
                     ecep:spe="To"
                     ecep:syllab="1"
                     ecep:pron="tuː">To</w>
                  <c> </c>
                  <w xml:id="bsb18-702180"
                     n="a-1260"
                     ecep:lem="she"
                     ecep:pos="pno31"
                     ecep:reg="her"
                     ecep:spe="her"
                     ecep:syllab="1"
                     ecep:pron="hɜː">her</w>
                  <c> </c>
                  <w xml:id="bsb18-702190"
                     n="a-1270"
                     ecep:lem="than"
                     ecep:pos="cs"
                     ecep:reg="than"
                     ecep:spe="than"
                     ecep:syllab="1"
                     ecep:pron="ðæn">than</w>
                  <c> </c>
                  <w xml:id="bsb18-702200"
                     n="a-1280"
                     ecep:lem="to"
                     ecep:pos="p-acp"
                     ecep:reg="to"
                     ecep:spe="to"
                     ecep:syllab="1"
                     ecep:pron="tuː">to</w>
                  <c> </c>
                  <w xml:id="bsb18-702210"
                     n="a-1290"
                     ecep:lem="they"
                     ecep:pos="pno32"
                     ecep:reg="them"
                     ecep:spe="them"
                     ecep:syllab="1"
                     ecep:pron="ðem">them</w>
                  <c> </c>
                  <w xml:id="bsb18-702220"
                     n="a-1300"
                     ecep:lem="all"
                     ecep:pos="d"
                     ecep:reg="of"
                     ecep:spe="a'"
                     ecep:syllab="1"
                     ecep:pron="ə">a'</w>
                  <pc xml:id="bsb18-702230"
                      n="a-1310"
                      ecep:lem=":"
                      ecep:pos=":"
                      ecep:reg=":"
                      ecep:spe=":">:</pc>
               </l>
            </lg>
            <lg xml:id="bsb18-s02135">
               <l xml:id="bsb18-l31720">
                  <w xml:id="bsb18-702260"
                     n="a-1320"
                     ecep:lem="my"
                     ecep:pos="po11"
                     ecep:reg="My"
                     ecep:spe="My"
                     ecep:syllab="1"
                     ecep:pron="maɪ">My</w>
                  <c> </c>
                  <w xml:id="bsb18-702270"
                     n="a-1330"
                     ecep:lem="gentle"
                     ecep:pos="j-jn"
                     ecep:reg="gentle"
                     ecep:spe="gentle"
                     ecep:syllab="2"
                     ecep:pron="ˈdʒentl">gentle</w>
                  <c> </c>
                  <w xml:id="bsb18-702280"
                     n="a-1340"
                     ecep:lem="Kate"
                     ecep:pos="np1"
                     ecep:reg="Kate"
                     ecep:spe="Kate"
                     ecep:syllab="1"
                     ecep:pron="ˈkeɪt">Kate</w>
                  <pc xml:id="bsb18-702290"
                      n="a-1350"
                      ecep:lem=","
                      ecep:pos=","
                      ecep:reg=","
                      ecep:spe=",">,</pc>
                  <c> </c>
                  <w xml:id="bsb18-702300"
                     n="a-1360"
                     ecep:lem="gin"
                     ecep:pos="n1"
                     ecep:reg="gin"
                     ecep:spe="gin"
                     ecep:syllab="1"
                     ecep:pron="dʒɪn">gin</w>
                  <c> </c>
                  <w xml:id="bsb18-702310"
                     n="a-1370"
                     ecep:lem="you|will"
                     ecep:pos="pn22|vmb"
                     ecep:reg="you'll"
                     ecep:spe="ye'll"
                     ecep:syllab="1"
                     ecep:pron="jˈiːəl">ye'll</w>
                  <c> </c>
                  <w xml:id="bsb18-702320"
                     n="a-1380"
                     ecep:lem="prove"
                     ecep:pos="vvi"
                     ecep:reg="prove"
                     ecep:spe="prove"
                     ecep:syllab="1"
                     ecep:pron="pruːv">prove</w>
                  <c> </c>
                  <w xml:id="bsb18-702330"
                     n="a-1390"
                     ecep:lem="true"
                     ecep:pos="j"
                     ecep:reg="true"
                     ecep:spe="true"
                     ecep:syllab="1"
                     ecep:pron="truː">true</w>
                  <pc xml:id="bsb18-702340"
                      n="a-1400"
                      ecep:lem=","
                      ecep:pos=","
                      ecep:reg=","
                      ecep:spe=",">,</pc>
               </l>
               <l rendition="#h_3" xml:id="bsb18-l31725">
                  <c> </c>
                  <w xml:id="bsb18-702350"
                     n="a-1410"
                     ecep:lem="i|will"
                     ecep:pos="pns11|vmb"
                     ecep:reg="I'll"
                     ecep:spe="I'll"
                     ecep:syllab="1"
                     ecep:pron="ˈaɪl">I'll</w>
                  <c> </c>
                  <w xml:id="bsb18-702360"
                     n="a-1420"
                     ecep:lem="slight"
                     ecep:pos="vvi"
                     ecep:reg="slight"
                     ecep:spe="slight"
                     ecep:syllab="1"
                     ecep:pron="slaɪt">slight</w>
                  <c> </c>
                  <w xml:id="bsb18-702370"
                     n="a-1430"
                     ecep:lem="the"
                     ecep:pos="dt"
                     ecep:reg="the"
                     ecep:spe="the"
                     ecep:syllab="1"
                     ecep:pron="ðiː">the</w>
                  <c> </c>
                  <w xml:id="bsb18-702380"
                     n="a-1440"
                     ecep:lem="lass"
                     ecep:pos="n2"
                     ecep:reg="lasses"
                     ecep:spe="lasses"
                     ecep:syllab="2"
                     ecep:pron="læsɪz">lasses</w>
                  <c> </c>
                  <w xml:id="bsb18-702390"
                     n="a-1450"
                     ecep:lem="all"
                     ecep:pos="d"
                     ecep:reg="of"
                     ecep:spe="a'"
                     ecep:syllab="1"
                     ecep:pron="ə">a'</w>
               </l>
               <l xml:id="bsb18-l31730">
                  <c> </c>
                  <w xml:id="bsb18-702400"
                     n="a-1460"
                     ecep:lem="on"
                     ecep:pos="p-acp"
                     ecep:reg="On"
                     ecep:spe="On"
                     ecep:syllab="1"
                     ecep:pron="ɒn">On</w>
                  <c> </c>
                  <w xml:id="bsb18-702410"
                     n="a-1470"
                     ecep:lem="thou"
                     ecep:pos="pno21"
                     ecep:reg="thee"
                     ecep:spe="thee"
                     ecep:syllab="1"
                     ecep:pron="ðiː">thee</w>
                  <c> </c>
                  <w xml:id="bsb18-702420"
                     n="a-1480"
                     ecep:lem="alone"
                     ecep:pos="j"
                     ecep:reg="alane"
                     ecep:spe="alane"
                     ecep:syllab="2"
                     ecep:pron="ʌlˈeɪn">alane</w>
                  <c> </c>
                  <w xml:id="bsb18-702430"
                     n="a-1490"
                     ecep:lem="i|will"
                     ecep:pos="pns11|vmb"
                     ecep:reg="I'll"
                     ecep:spe="I'll"
                     ecep:syllab="1"
                     ecep:pron="ˈaɪl">I'll</w>
                  <c> </c>
                  <w xml:id="bsb18-702440"
                     n="a-1500"
                     ecep:lem="swear"
                     ecep:pos="vvi"
                     ecep:reg="swear"
                     ecep:spe="swear"
                     ecep:syllab="1"
                     ecep:pron="sweə">swear</w>
                  <c> </c>
                  <w xml:id="bsb18-702450"
                     n="a-1510"
                     ecep:lem="to"
                     ecep:pos="pc-acp"
                     ecep:reg="to"
                     ecep:spe="to"
                     ecep:syllab="1"
                     ecep:pron="tuː">to</w>
                  <c> </c>
                  <w xml:id="bsb18-702460"
                     n="a-1520"
                     ecep:lem="think"
                     ecep:pos="vvi"
                     ecep:reg="think"
                     ecep:spe="think"
                     ecep:syllab="1"
                     ecep:pron="θɪŋk">think</w>
               </l>
               <l rendition="#h_3" xml:id="bsb18-l31735">
                  <c> </c>
                  <w xml:id="bsb18-702470"
                     n="a-1530"
                     ecep:lem="when"
                     ecep:pos="c-crq"
                     ecep:reg="When"
                     ecep:spe="When"
                     ecep:syllab="1"
                     ecep:pron="wen">When</w>
                  <c> </c>
                  <w xml:id="bsb18-702480"
                     n="a-1540"
                     ecep:lem="i"
                     ecep:pos="pns11"
                     ecep:reg="I"
                     ecep:spe="I"
                     ecep:syllab="1"
                     ecep:pron="aɪ">I</w>
                  <c> </c>
                  <w xml:id="bsb18-702490"
                     n="a-1550"
                     ecep:lem="be"
                     ecep:pos="vbm"
                     ecep:reg="am"
                     ecep:spe="am"
                     ecep:syllab="1"
                     ecep:pron="æm">am</w>
                  <c> </c>
                  <w xml:id="bsb18-702500"
                     n="a-1560"
                     ecep:lem="far"
                     ecep:pos="j"
                     ecep:reg="far"
                     ecep:spe="far"
                     ecep:syllab="1"
                     ecep:pron="fɑː">far</w>
                  <c> </c>
                  <w xml:id="bsb18-702510"
                     n="a-1570"
                     ecep:lem="away"
                     ecep:pos="av"
                     ecep:reg="avua"
                     ecep:spe="awa"
                     ecep:syllab="2"
                     ecep:pron="ʌwˈæ">awa</w>
                  <pc xml:id="bsb18-702520"
                      n="a-1580"
                      unit="sentence"
                      ecep:lem="."
                      ecep:pos="."
                      ecep:reg="."
                      ecep:spe=".">.</pc>
                  <c> </c>
               </l>
            </lg>
            <pb facs="bsb18/0301" n="249" rend="none"/>
            <lg xml:id="bsb18-s02140">
               <l xml:id="bsb18-l31740">
                  <w xml:id="bsb18-702550"
                     n="a-0010"
                     ecep:lem="now"
                     ecep:pos="av"
                     ecep:reg="Now"
                     ecep:spe="Now"
                     ecep:syllab="1"
                     ecep:pron="naʊ">Now</w>
                  <c> </c>
                  <w xml:id="bsb18-702560"
                     n="a-0020"
                     ecep:lem="sandy"
                     ecep:pos="npg1"
                     ecep:reg="Sandy's"
                     ecep:spe="Sandy's"
                     ecep:syllab="2"
                     ecep:pron="ˈsændiz">Sandy's</w>
                  <c> </c>
                  <w xml:id="bsb18-702570"
                     n="a-0030"
                     ecep:lem="take"
                     ecep:pos="vvn"
                     ecep:reg="taken"
                     ecep:spe="ta'en"
                     ecep:syllab="1"
                     ecep:pron="teɪn">ta'en</w>
                  <c> </c>
                  <w xml:id="bsb18-702580"
                     n="a-0040"
                     ecep:lem="his"
                     ecep:pos="po31"
                     ecep:reg="his"
                     ecep:spe="his"
                     ecep:syllab="1"
                     ecep:pron="hɪz">his</w>
                  <c> </c>
                  <w xml:id="bsb18-702590"
                     n="a-0050"
                     ecep:lem="bonnet"
                     ecep:pos="n1"
                     ecep:reg="bonnet"
                     ecep:spe="bonnet"
                     ecep:syllab="2"
                     ecep:pron="ˈbɒnɪt">bonnet</w>
                  <c> </c>
                  <w xml:id="bsb18-702600"
                     n="a-0060"
                     ecep:lem="off"
                     ecep:pos="a-acp"
                     ecep:reg="off"
                     ecep:spe="off"
                     ecep:syllab="1"
                     ecep:pron="ɒf">off</w>
                  <pc xml:id="bsb18-702610"
                      n="a-0070"
                      ecep:lem=","
                      ecep:pos=","
                      ecep:reg=","
                      ecep:spe=",">,</pc>
               </l>
               <l rendition="#h_3" xml:id="bsb18-l31745">
                  <c> </c>
                  <w xml:id="bsb18-702620"
                     n="a-0080"
                     ecep:lem="and"
                     ecep:pos="cc"
                     ecep:reg="And"
                     ecep:spe="An'"
                     ecep:syllab="1"
                     ecep:pron="æn">An'</w>
                  <c> </c>
                  <w xml:id="bsb18-702630"
                     n="a-0090"
                     ecep:lem="wave"
                     ecep:pos="vvz"
                     ecep:reg="waves"
                     ecep:spe="waves"
                     ecep:syllab="1"
                     ecep:pron="weɪvz">waves</w>
                  <c> </c>
                  <w xml:id="bsb18-702640"
                     n="a-0100"
                     ecep:lem="farewell"
                     ecep:pos="n1"
                     ecep:reg="farewell"
                     ecep:spe="fareweel"
                     ecep:syllab="3"
                     ecep:pron="fˈeəwiːl">fareweel</w>
                  <c> </c>
                  <w xml:id="bsb18-702650"
                     n="a-0110"
                     ecep:lem="to"
                     ecep:pos="p-acp"
                     ecep:reg="to"
                     ecep:spe="to"
                     ecep:syllab="1"
                     ecep:pron="tuː">to</w>
                  <c> </c>
                  <w xml:id="bsb18-702660"
                     n="a-0120"
                     ecep:lem="all"
                     ecep:pos="d"
                     ecep:reg="of"
                     ecep:spe="a'"
                     ecep:syllab="1"
                     ecep:pron="ə">a'</w>
                  <pc xml:id="bsb18-702670"
                      n="a-0130"
                      ecep:lem=";"
                      ecep:pos=";"
                      ecep:reg=";"
                      ecep:spe=";">;</pc>
               </l>
               <l xml:id="bsb18-l31750">
                  <c> </c>
                  <w xml:id="bsb18-702680"
                     n="a-0140"
                     ecep:lem="and"
                     ecep:pos="cc"
                     ecep:reg="And"
                     ecep:spe="And"
                     ecep:syllab="1"
                     ecep:pron="ænd">And</w>
                  <c> </c>
                  <w xml:id="bsb18-702690"
                     n="a-0150"
                     ecep:lem="cry"
                     ecep:pos="vvz"
                     ecep:reg="cries"
                     ecep:spe="cries"
                     ecep:syllab="1"
                     ecep:pron="kraɪz">cries</w>
                  <pc xml:id="bsb18-702700"
                      n="a-0160"
                      ecep:lem=","
                      ecep:pos=","
                      ecep:reg=","
                      ecep:spe=",">,</pc>
                  <c> </c>
                  <pc xml:id="bsb18-702710"
                      n="a-0170"
                      ecep:lem="&#34;"
                      ecep:pos="&#34;"
                      ecep:reg="&#34;"
                      ecep:spe="&#34;">"</pc>
                  <w xml:id="bsb18-702720"
                     n="a-0180"
                     ecep:lem="await"
                     ecep:pos="vvi"
                     ecep:reg="Await"
                     ecep:spe="Await"
                     ecep:syllab="2"
                     ecep:pron="əˈweɪt">Await</w>
                  <c> </c>
                  <w xml:id="bsb18-702730"
                     n="a-0190"
                     ecep:lem="till"
                     ecep:pos="c-acp"
                     ecep:reg="till"
                     ecep:spe="till"
                     ecep:syllab="1"
                     ecep:pron="tɪl">till</w>
                  <c> </c>
                  <w xml:id="bsb18-702740"
                     n="a-0200"
                     ecep:lem="i"
                     ecep:pos="pns11"
                     ecep:reg="I"
                     ecep:spe="I"
                     ecep:syllab="1"
                     ecep:pron="aɪ">I</w>
                  <c> </c>
                  <w xml:id="bsb18-702750"
                     n="a-0210"
                     ecep:lem="come"
                     ecep:pos="vvb"
                     ecep:reg="come"
                     ecep:spe="come"
                     ecep:syllab="1"
                     ecep:pron="kʌm">come</w>
                  <c> </c>
                  <w xml:id="bsb18-702760"
                     n="a-0220"
                     ecep:lem="back"
                     ecep:pos="av"
                     ecep:reg="back"
                     ecep:spe="back"
                     ecep:syllab="1"
                     ecep:pron="bæk">back</w>
                  <pc xml:id="bsb18-702770"
                      n="a-0230"
                      ecep:lem=","
                      ecep:pos=","
                      ecep:reg=","
                      ecep:spe=",">,</pc>
               </l>
               <l rendition="#h_3" xml:id="bsb18-l31755">
                  <c> </c>
                  <w xml:id="bsb18-702780"
                     n="a-0240"
                     ecep:lem="and"
                     ecep:pos="cc"
                     ecep:reg="And"
                     ecep:spe="An'"
                     ecep:syllab="1"
                     ecep:pron="æn">An'</w>
                  <c> </c>
                  <w xml:id="bsb18-702790"
                     n="a-0250"
                     ecep:lem="i"
                     ecep:pos="pns11"
                     ecep:reg="I"
                     ecep:spe="I"
                     ecep:syllab="1"
                     ecep:pron="aɪ">I</w>
                  <c> </c>
                  <w xml:id="bsb18-702800"
                     n="a-0260"
                     ecep:lem="will"
                     ecep:pos="vmb"
                     ecep:reg="will"
                     ecep:spe="will"
                     ecep:syllab="1"
                     ecep:pron="wɪl">will</w>
                  <c> </c>
                  <w xml:id="bsb18-702810"
                     n="a-0270"
                     ecep:lem="kiss"
                     ecep:pos="vvi"
                     ecep:reg="kiss"
                     ecep:spe="kiss"
                     ecep:syllab="1"
                     ecep:pron="kɪs">kiss</w>
                  <c> </c>
                  <w xml:id="bsb18-702820"
                     n="a-0280"
                     ecep:lem="you"
                     ecep:pos="pn22"
                     ecep:reg="you"
                     ecep:spe="ye"
                     ecep:syllab="1"
                     ecep:pron="jiː">ye</w>
                  <c> </c>
                  <w xml:id="bsb18-702830"
                     n="a-0290"
                     ecep:lem="all"
                     ecep:pos="d"
                     ecep:reg="of"
                     ecep:spe="a'"
                     ecep:syllab="1"
                     ecep:pron="ə">a'</w>
                  <pc xml:id="bsb18-702840"
                      n="a-0300"
                      ecep:lem="."
                      ecep:pos="."
                      ecep:reg="."
                      ecep:spe=".">.</pc>
                  <pc xml:id="bsb18-702850"
                      n="a-0310"
                      unit="sentence"
                      ecep:lem="&#34;"
                      ecep:pos="&#34;"
                      ecep:reg="&#34;"
                      ecep:spe="&#34;">"</pc>
                  <c> </c>
               </l>
            </lg>
         </div>
      </body>
   </text>
</TEI>
