<?xml version="1.0" encoding="UTF-8"?>
<?xml-model href="../tei_all.rnc" type="application/relax-ng-compact-syntax"?>
<TEI xmlns="http://www.tei-c.org/ns/1.0">
   <teiHeader>
      <fileDesc>
         <titleStmt>
            <title corresp="#txt_AlcoMa1741_w0038">ON THE VIOLENT DEBATES IN THE HOUSE OF PEERS, UPON THE BILL FOR SUSPENDING THE HABEAS CORPUS, &amp;c.</title>
            <author corresp="authors.xml#aut_AlcoMa1741">Mary Alcock (née Cumberland)</author>
            <respStmt>
               <name xml:id="AH">Alexander Huber</name>
               <resp>Editor</resp>
            </respStmt>
            <funder>
               <name type="institution" xml:id="BOD">Bodleian Libraries, University of Oxford</name>
               <address>
                  <addrLine>Broad Street</addrLine>
                  <addrLine>Oxford OX1 3BG</addrLine>
                  <addrLine>UK</addrLine>
               </address>
            </funder>
         </titleStmt>
         <publicationStmt>
            <publisher xml:id="ECPA">Eighteenth-Century Poetry Archive</publisher>
            <address>
               <addrLine>Taylor Institution Library</addrLine>
               <addrLine>St Giles'</addrLine>
               <addrLine>Oxford OX1 3NA</addrLine>
               <addrLine>UK</addrLine>
               <addrLine>
                  <email>info@eighteenthcenturypoetry.org</email>
               </addrLine>
               <addrLine>
                  <ref target="https://www.eighteenthcenturypoetry.org/">https://www.eighteenthcenturypoetry.org/</ref>
               </addrLine>
            </address>
            <pubPlace>Oxford</pubPlace>
            <availability status="restricted">
               <licence target="http://creativecommons.org/licenses/by-sa/3.0/">This work is licensed under a Creative Commons Attribution-ShareAlike 3.0 Unported License.</licence>
            </availability>
            <idno type="ESTC">T86344</idno>
         </publicationStmt>
         <sourceDesc>
            <bibl>
               <author>Alcock [née Cumberland], Mary, 1741?–1798.</author>
               <title>Poems, &amp;c. &amp;c. by the Late Mrs. Mary Alcock [poems only].</title>
               <pubPlace>London</pubPlace>
               <publisher>Printed for C. Dilly, Poultry</publisher>
               <date>1799</date>
               <biblScope>p. 118.</biblScope>
               <extent>vii,[25],183,[1]p.</extent>
            </bibl>
         </sourceDesc>
      </fileDesc>
      <encodingDesc>
         <projectDesc>
            <p>This e-text is part of the Works section of the Eighteenth-Century Poetry Archive (ECPA).</p>
            <p>XML created for the Eighteenth-Century Poetry Archive (ECPA).</p>
         </projectDesc>
         <editorialDecl>
            <p>Typography, spelling, capitalization, and punctuation have been cautiously modernized. The source of the text is given and all significant
						editorial interventions have been recorded in textual notes. This  text has been edited to conform to the recommendations found 
						in Level 5 of the
						Best Practices for TEI in Libraries version 4.0.0.
					</p>
         </editorialDecl>
         <classDecl>
            <taxonomy xml:id="LCNAF">
               <bibl>Library of Congress Name Authority File (<abbr>LCNAF</abbr>)</bibl>
            </taxonomy>
         </classDecl>
         <tagsDecl>
            <rendition n="linegroups indented" xml:id="lgindent" scheme="css">text-indent: 1em;</rendition>
            <rendition n="linegroups vertically spaced" xml:id="lgvspace" scheme="css">margin-bottom: 1em;</rendition>
            <rendition n="aligned centrally" xml:id="align-center" scheme="css">text-align: center;</rendition>
            <rendition n="aligned right" xml:id="align-right" scheme="css">text-align: right;</rendition>
            <rendition n="aligned left" xml:id="align-left" scheme="css">text-align: left;</rendition>
            <rendition n="inline" xml:id="inline" scheme="css">display: inline</rendition>
            <rendition n="italic" xml:id="i" scheme="css">font-style: italic;</rendition>
            <rendition n="bold" xml:id="b" scheme="css">font-weight: bold;</rendition>
         </tagsDecl>
      </encodingDesc>
   </teiHeader>
   <text>
      <body>
         <div xmlns:ecep="http://www.eighteenthcenturypoetry.org/ns"
              xmlns:tei="http://www.tei-c.org/ns/1.0"
              ana="#iamb #tetrameter #trimeter #sestet #tail #occasional"
              corresp="#txt_AlcoMa1741_w0038"
              decls="#semi-normalized"
              ecep:syllab="8.8.6.8.8.6"
              met="-+|-+|-+|-+/ -+|-+|-+|-+/ -+|-+|-+/ -+|-+|-+|-+/ -+|-+|-+|-+/ -+|-+|-+/"
              rendition="#lgvspace"
              rhyme="aabccb"
              subtype="eceptext"
              type="poem"
              xml:id="pma99-w0380">
            <link target="authors.xml#aut_AlcoMa1741" type="author"/>
            <head type="main">
               <w xml:id="pma99-179770"
                  n="156-a-0010"
                  ecep:lem="on"
                  ecep:pos="p-acp"
                  ecep:reg="ON"
                  ecep:spe="ON"
                  ecep:syllab="1"
                  ecep:pron="ɒn">ON</w>
               <c> </c>
               <w xml:id="pma99-179780"
                  n="156-a-0020"
                  ecep:lem="the"
                  ecep:pos="dt"
                  ecep:reg="THE"
                  ecep:spe="THE"
                  ecep:syllab="1"
                  ecep:pron="ðiː">THE</w>
               <c> </c>
               <w xml:id="pma99-179790"
                  n="156-a-0030"
                  ecep:lem="violent"
                  ecep:pos="j"
                  ecep:reg="VIOLENT"
                  ecep:spe="VIOLENT"
                  ecep:syllab="3"
                  ecep:pron="ˈvaɪəlnt">VIOLENT</w>
               <c> </c>
               <w xml:id="pma99-179800"
                  n="156-a-0040"
                  ecep:lem="debate"
                  ecep:pos="n2"
                  ecep:reg="DEBATES"
                  ecep:spe="DEBATES"
                  ecep:syllab="2"
                  ecep:pron="dɪˈbeɪts">DEBATES</w>
               <c> </c>
               <w xml:id="pma99-179810"
                  n="156-a-0050"
                  ecep:lem="in"
                  ecep:pos="p-acp"
                  ecep:reg="IN"
                  ecep:spe="IN"
                  ecep:syllab="1"
                  ecep:pron="ɪn">IN</w>
               <c> </c>
               <w xml:id="pma99-179820"
                  n="156-a-0060"
                  ecep:lem="the"
                  ecep:pos="dt"
                  ecep:reg="THE"
                  ecep:spe="THE"
                  ecep:syllab="1"
                  ecep:pron="ðiː">THE</w>
               <c> </c>
               <w xml:id="pma99-179830"
                  n="156-a-0070"
                  ecep:lem="house"
                  ecep:pos="n1"
                  ecep:reg="HOUSE"
                  ecep:spe="HOUSE"
                  ecep:syllab="1"
                  ecep:pron="haʊz">HOUSE</w>
               <c> </c>
               <w xml:id="pma99-179840"
                  n="156-a-0080"
                  ecep:lem="of"
                  ecep:pos="pp-f"
                  ecep:reg="OF"
                  ecep:spe="OF"
                  ecep:syllab="1"
                  ecep:pron="ɒv">OF</w>
               <c> </c>
               <w xml:id="pma99-179850"
                  n="156-a-0090"
                  ecep:lem="peer"
                  ecep:pos="n2"
                  ecep:reg="PEERS"
                  ecep:spe="PEERS"
                  ecep:syllab="1"
                  ecep:pron="pɪəz">PEERS</w>
               <pc xml:id="pma99-179860"
                   n="156-a-0100"
                   ecep:lem=","
                   ecep:pos=","
                   ecep:reg=","
                   ecep:spe=",">,</pc>
               <c> </c>
               <w xml:id="pma99-179870"
                  n="156-a-0110"
                  ecep:lem="upon"
                  ecep:pos="p-acp"
                  ecep:reg="UPON"
                  ecep:spe="UPON"
                  ecep:syllab="2"
                  ecep:pron="əˈpɒn">UPON</w>
               <c> </c>
               <w xml:id="pma99-179880"
                  n="156-a-0120"
                  ecep:lem="the"
                  ecep:pos="dt"
                  ecep:reg="THE"
                  ecep:spe="THE"
                  ecep:syllab="1"
                  ecep:pron="ðiː">THE</w>
               <c> </c>
               <w xml:id="pma99-179890"
                  n="156-a-0130"
                  ecep:lem="bill"
                  ecep:pos="n1"
                  ecep:reg="BILL"
                  ecep:spe="BILL"
                  ecep:syllab="1"
                  ecep:pron="bɪl">BILL</w>
               <c> </c>
               <w xml:id="pma99-179900"
                  n="156-a-0140"
                  ecep:lem="for"
                  ecep:pos="p-acp"
                  ecep:reg="FOR"
                  ecep:spe="FOR"
                  ecep:syllab="1"
                  ecep:pron="fɔː">FOR</w>
               <c> </c>
               <w xml:id="pma99-179910"
                  n="156-a-0150"
                  ecep:lem="suspend"
                  ecep:pos="vvg"
                  ecep:reg="SUSPENDING"
                  ecep:spe="SUSPENDING"
                  ecep:syllab="3"
                  ecep:pron="səˈspendɪŋ">SUSPENDING</w>
               <c> </c>
               <w xml:id="pma99-179920"
                  n="156-a-0160"
                  ecep:lem="the"
                  ecep:pos="dt"
                  ecep:reg="THE"
                  ecep:spe="THE"
                  ecep:syllab="1"
                  ecep:pron="ðiː">THE</w>
               <c> </c>
               <w xml:id="pma99-179930"
                  n="156-a-0170"
                  ecep:lem="habeas"
                  ecep:pos="fw-la"
                  ecep:reg="HABEAS"
                  ecep:spe="HABEAS"
                  ecep:syllab="3"
                  ecep:pron="ˈheɪbiəs">HABEAS</w>
               <c> </c>
               <w xml:id="pma99-179940"
                  n="156-a-0180"
                  ecep:lem="Corpus"
                  ecep:pos="np1"
                  ecep:reg="CORPUS"
                  ecep:spe="CORPUS"
                  ecep:syllab="2"
                  ecep:pron="ˈkɔːpəs">CORPUS</w>
               <pc xml:id="pma99-179950"
                   n="156-a-0190"
                   ecep:lem=","
                   ecep:pos=","
                   ecep:reg=","
                   ecep:spe=",">,</pc>
               <c> </c>
               <w xml:id="pma99-179960"
                  n="156-a-0200"
                  ecep:lem="etc."
                  ecep:pos="av"
                  ecep:reg="etc."
                  ecep:spe="&amp;c."
                  ecep:syllab="0"
                  ecep:pron="ændsˈiː">&amp;c.</w>
               <pc unit="sentence" xml:id="pma99-179960-eos" n="156-a-0210"/>
            </head>
            <lg xml:id="pma99-s01410">
               <l n="1" xml:id="pma99-l07805">
                  <hi rendition="#sc">
                     <w xml:id="pma99-179990"
                        n="156-a-0220"
                        ecep:lem="my"
                        ecep:pos="po11"
                        ecep:reg="My"
                        ecep:spe="My"
                        ecep:syllab="1"
                        ecep:pron="maɪ">My</w>
                  </hi>
                  <c> </c>
                  <w xml:id="pma99-180000"
                     n="156-a-0230"
                     ecep:lem="noble"
                     ecep:pos="j"
                     ecep:reg="noble"
                     ecep:spe="noble"
                     ecep:syllab="2"
                     ecep:pron="ˈnəʊbl">noble</w>
                  <c> </c>
                  <w xml:id="pma99-180010"
                     n="156-a-0240"
                     ecep:lem="lord"
                     ecep:pos="n2"
                     ecep:reg="Lords"
                     ecep:spe="Lords"
                     ecep:syllab="1"
                     ecep:pron="lɔːdz">Lords</w>
                  <pc xml:id="pma99-180020"
                      n="156-a-0250"
                      ecep:lem=","
                      ecep:pos=","
                      ecep:reg=","
                      ecep:spe=",">,</pc>
                  <c> </c>
                  <w xml:id="pma99-180030"
                     n="156-a-0260"
                     ecep:lem="your"
                     ecep:pos="po22"
                     ecep:reg="your"
                     ecep:spe="your"
                     ecep:syllab="1"
                     ecep:pron="jɔː">your</w>
                  <c> </c>
                  <w xml:id="pma99-180040"
                     n="156-a-0270"
                     ecep:lem="altercation"
                     ecep:pos="n1"
                     ecep:reg="altercation"
                     ecep:spe="altercation"
                     ecep:syllab="4"
                     ecep:pron="ˌɔːltəˈkeɪʃn">altercation</w>
               </l>
               <l n="2" xml:id="pma99-l07810">
                  <c> </c>
                  <w xml:id="pma99-180050"
                     n="156-a-0280"
                     ecep:lem="can"
                     ecep:pos="vmb"
                     ecep:reg="Can"
                     ecep:spe="Can"
                     ecep:syllab="1"
                     ecep:pron="kæn">Can</w>
                  <c> </c>
                  <w xml:id="pma99-180060"
                     n="156-a-0290"
                     ecep:lem="never"
                     ecep:pos="av-x"
                     ecep:reg="never"
                     ecep:spe="never"
                     ecep:syllab="2"
                     ecep:pron="ˈnevə">never</w>
                  <c> </c>
                  <w xml:id="pma99-180070"
                     n="156-a-0300"
                     ecep:lem="tend"
                     ecep:pos="vvi"
                     ecep:reg="tend"
                     ecep:spe="tend"
                     ecep:syllab="1"
                     ecep:pron="tend">tend</w>
                  <c> </c>
                  <w xml:id="pma99-180080"
                     n="156-a-0310"
                     ecep:lem="to"
                     ecep:pos="pc-acp"
                     ecep:reg="to"
                     ecep:spe="to"
                     ecep:syllab="1"
                     ecep:pron="tuː">to</w>
                  <c> </c>
                  <w xml:id="pma99-180090"
                     n="156-a-0320"
                     ecep:lem="serve"
                     ecep:pos="vvi"
                     ecep:reg="serve"
                     ecep:spe="serve"
                     ecep:syllab="1"
                     ecep:pron="sɜːv">serve</w>
                  <c> </c>
                  <w xml:id="pma99-180100"
                     n="156-a-0330"
                     ecep:lem="the"
                     ecep:pos="dt"
                     ecep:reg="the"
                     ecep:spe="the"
                     ecep:syllab="1"
                     ecep:pron="ðiː">the</w>
                  <c> </c>
                  <w xml:id="pma99-180110"
                     n="156-a-0340"
                     ecep:lem="nation"
                     ecep:pos="n1"
                     ecep:reg="nation"
                     ecep:spe="nation"
                     ecep:syllab="2"
                     ecep:pron="ˈneɪʃn">nation</w>
                  <pc xml:id="pma99-180120"
                      n="156-a-0350"
                      ecep:lem=","
                      ecep:pos=","
                      ecep:reg=","
                      ecep:spe=",">,</pc>
               </l>
               <l n="3" rendition="#h_3" xml:id="pma99-l07815">
                  <c> </c>
                  <w xml:id="pma99-180130"
                     n="156-a-0360"
                     ecep:lem="you"
                     ecep:pos="pn22"
                     ecep:reg="You"
                     ecep:spe="You"
                     ecep:syllab="1"
                     ecep:pron="juː">You</w>
                  <c> </c>
                  <w xml:id="pma99-180140"
                     n="156-a-0370"
                     ecep:lem="can"
                     ecep:pos="vmbx"
                     ecep:reg="can't"
                     ecep:spe="can't"
                     ecep:syllab="1"
                     ecep:pron="kɑːnt">can't</w>
                  <c> </c>
                  <w xml:id="pma99-180150"
                     n="156-a-0380"
                     ecep:lem="but"
                     ecep:pos="cc-acp"
                     ecep:reg="but"
                     ecep:spe="but"
                     ecep:syllab="1"
                     ecep:pron="bʌt">but</w>
                  <c> </c>
                  <w xml:id="pma99-180160"
                     n="156-a-0390"
                     ecep:lem="know"
                     ecep:pos="vvi"
                     ecep:reg="know"
                     ecep:spe="know"
                     ecep:syllab="1"
                     ecep:pron="nəʊ">know</w>
                  <c> </c>
                  <w xml:id="pma99-180170"
                     n="156-a-0400"
                     ecep:lem="its"
                     ecep:pos="po31"
                     ecep:reg="its"
                     ecep:spe="its"
                     ecep:syllab="1"
                     ecep:pron="ɪts">its</w>
                  <c> </c>
                  <w xml:id="pma99-180180"
                     n="156-a-0410"
                     ecep:lem="law"
                     ecep:pos="n2"
                     ecep:reg="laws"
                     ecep:spe="laws"
                     ecep:syllab="1"
                     ecep:pron="lɔːz">laws</w>
                  <pc xml:id="pma99-180190"
                      n="156-a-0420"
                      ecep:lem=";"
                      ecep:pos=";"
                      ecep:reg=";"
                      ecep:spe=";">;</pc>
               </l>
               <l n="4" xml:id="pma99-l07820">
                  <c> </c>
                  <w xml:id="pma99-180200"
                     n="156-a-0430"
                     ecep:lem="why"
                     ecep:pos="q-crq"
                     ecep:reg="Why"
                     ecep:spe="Why"
                     ecep:syllab="1"
                     ecep:pron="waɪ">Why</w>
                  <c> </c>
                  <w xml:id="pma99-180210"
                     n="156-a-0440"
                     ecep:lem="then"
                     ecep:pos="av"
                     ecep:reg="then"
                     ecep:spe="then"
                     ecep:syllab="1"
                     ecep:pron="ðen">then</w>
                  <pc xml:id="pma99-180220"
                      n="156-a-0450"
                      ecep:lem=","
                      ecep:pos=","
                      ecep:reg=","
                      ecep:spe=",">,</pc>
                  <c> </c>
                  <w xml:id="pma99-180230"
                     n="156-a-0460"
                     ecep:lem="right"
                     ecep:pos="av-jn"
                     ecep:reg="right"
                     ecep:spe="right"
                     ecep:syllab="1"
                     ecep:pron="raɪt">right</w>
                  <c> </c>
                  <w xml:id="pma99-180240"
                     n="156-a-0470"
                     ecep:lem="noble"
                     ecep:pos="j"
                     ecep:reg="noble"
                     ecep:spe="noble"
                     ecep:syllab="2"
                     ecep:pron="ˈnəʊbl">noble</w>
                  <c> </c>
                  <w xml:id="pma99-180250"
                     n="156-a-0480"
                     ecep:lem="peer"
                     ecep:pos="n2"
                     ecep:reg="Peers"
                     ecep:spe="Peers"
                     ecep:syllab="1"
                     ecep:pron="pɪəz">Peers</w>
                  <pc xml:id="pma99-180260"
                      n="156-a-0490"
                      ecep:lem=","
                      ecep:pos=","
                      ecep:reg=","
                      ecep:spe=",">,</pc>
                  <c> </c>
                  <w xml:id="pma99-180270"
                     n="156-a-0500"
                     ecep:lem="this"
                     ecep:pos="d"
                     ecep:reg="this"
                     ecep:spe="this"
                     ecep:syllab="1"
                     ecep:pron="ðɪs">this</w>
                  <c> </c>
                  <w xml:id="pma99-180280"
                     n="156-a-0510"
                     ecep:lem="pother"
                     ecep:pos="n1"
                     ecep:reg="pother"
                     ecep:spe="pother"
                     ecep:syllab="2"
                     ecep:pron="ˈpɒðə">pother</w>
                  <pc xml:id="pma99-180290"
                      n="156-a-0520"
                      ecep:lem=","
                      ecep:pos=","
                      ecep:reg=","
                      ecep:spe=",">,</pc>
               </l>
               <l n="5" xml:id="pma99-l07825">
                  <c> </c>
                  <w xml:id="pma99-180300"
                     n="156-a-0530"
                     ecep:lem="as"
                     ecep:pos="c-acp"
                     ecep:reg="As"
                     ecep:spe="As"
                     ecep:syllab="1"
                     ecep:pron="æz">As</w>
                  <c> </c>
                  <w xml:id="pma99-180310"
                     n="156-a-0540"
                     ecep:lem="if"
                     ecep:pos="cs"
                     ecep:reg="if"
                     ecep:spe="if"
                     ecep:syllab="1"
                     ecep:pron="ɪf">if</w>
                  <c> </c>
                  <w xml:id="pma99-180320"
                     n="156-a-0550"
                     ecep:lem="each"
                     ecep:pos="d"
                     ecep:reg="each"
                     ecep:spe="each"
                     ecep:syllab="1"
                     ecep:pron="iːtʃ">each</w>
                  <c> </c>
                  <w xml:id="pma99-180330"
                     n="156-a-0560"
                     ecep:lem="culprit"
                     ecep:pos="n1"
                     ecep:reg="culprit"
                     ecep:spe="culprit"
                     ecep:syllab="2"
                     ecep:pron="ˈkʌlprɪt">culprit</w>
                  <c> </c>
                  <w xml:id="pma99-180340"
                     n="156-a-0570"
                     ecep:lem="be"
                     ecep:pos="vbdr"
                     ecep:reg="were"
                     ecep:spe="were"
                     ecep:syllab="1"
                     ecep:pron="wɜː">were</w>
                  <c> </c>
                  <w xml:id="pma99-180350"
                     n="156-a-0580"
                     ecep:lem="your"
                     ecep:pos="po22"
                     ecep:reg="your"
                     ecep:spe="your"
                     ecep:syllab="1"
                     ecep:pron="jɔː">your</w>
                  <c> </c>
                  <w xml:id="pma99-180360"
                     n="156-a-0590"
                     ecep:lem="brother"
                     ecep:pos="n1"
                     ecep:reg="brother"
                     ecep:spe="brother"
                     ecep:syllab="2"
                     ecep:pron="ˈbrʌðə">brother</w>
                  <pc xml:id="pma99-180370"
                      n="156-a-0600"
                      ecep:lem=","
                      ecep:pos=","
                      ecep:reg=","
                      ecep:spe=",">,</pc>
               </l>
               <l n="6" rendition="#h_3" xml:id="pma99-l07830">
                  <c> </c>
                  <w xml:id="pma99-180380"
                     n="156-a-0610"
                     ecep:lem="that"
                     ecep:pos="cst"
                     ecep:reg="That"
                     ecep:spe="That"
                     ecep:syllab="1"
                     ecep:pron="ðæt">That</w>
                  <c> </c>
                  <w xml:id="pma99-180390"
                     n="156-a-0620"
                     ecep:lem="thus"
                     ecep:pos="av"
                     ecep:reg="thus"
                     ecep:spe="thus"
                     ecep:syllab="1"
                     ecep:pron="ðʌs">thus</w>
                  <c> </c>
                  <w xml:id="pma99-180400"
                     n="156-a-0630"
                     ecep:lem="you"
                     ecep:pos="pn22"
                     ecep:reg="you"
                     ecep:spe="you"
                     ecep:syllab="1"
                     ecep:pron="juː">you</w>
                  <c> </c>
                  <w xml:id="pma99-180410"
                     n="156-a-0640"
                     ecep:lem="plead"
                     ecep:pos="vvb"
                     ecep:reg="plead"
                     ecep:spe="plead"
                     ecep:syllab="1"
                     ecep:pron="pliːd">plead</w>
                  <c> </c>
                  <w xml:id="pma99-180420"
                     n="156-a-0650"
                     ecep:lem="their"
                     ecep:pos="po32"
                     ecep:reg="their"
                     ecep:spe="their"
                     ecep:syllab="1"
                     ecep:pron="ðeə">their</w>
                  <c> </c>
                  <w xml:id="pma99-180430"
                     n="156-a-0660"
                     ecep:lem="cause"
                     ecep:pos="n1"
                     ecep:reg="cause"
                     ecep:spe="cause"
                     ecep:syllab="1"
                     ecep:pron="kɔːz">cause</w>
                  <pc xml:id="pma99-180440"
                      n="156-a-0670"
                      unit="sentence"
                      ecep:lem="?"
                      ecep:pos="?"
                      ecep:reg="?"
                      ecep:spe="?">?</pc>
                  <c> </c>
               </l>
            </lg>
            <lg xml:id="pma99-s01415">
               <l n="7" xml:id="pma99-l07835">
                  <w xml:id="pma99-180470"
                     n="156-a-0680"
                     ecep:lem="prithee"
                     ecep:pos="uh"
                     ecep:reg="Prithee"
                     ecep:spe="Prythee"
                     ecep:syllab="2"
                     ecep:pron="prˈɪθiː">Prythee</w>
                  <pc xml:id="pma99-180480"
                      n="156-a-0690"
                      ecep:lem=","
                      ecep:pos=","
                      ecep:reg=","
                      ecep:spe=",">,</pc>
                  <c> </c>
                  <w xml:id="pma99-180490"
                     n="156-a-0700"
                     ecep:lem="my"
                     ecep:pos="po11"
                     ecep:reg="my"
                     ecep:spe="my"
                     ecep:syllab="1"
                     ecep:pron="maɪ">my</w>
                  <c> </c>
                  <w xml:id="pma99-180500"
                     n="156-a-0710"
                     ecep:lem="lord"
                     ecep:pos="n2"
                     ecep:reg="Lords"
                     ecep:spe="Lords"
                     ecep:syllab="1"
                     ecep:pron="lɔːdz">Lords</w>
                  <pc xml:id="pma99-180510"
                      n="156-a-0720"
                      ecep:lem=","
                      ecep:pos=","
                      ecep:reg=","
                      ecep:spe=",">,</pc>
                  <c> </c>
                  <w xml:id="pma99-180520"
                     n="156-a-0730"
                     ecep:lem="be"
                     ecep:pos="vbb"
                     ecep:reg="be"
                     ecep:spe="be"
                     ecep:syllab="1"
                     ecep:pron="biː">be</w>
                  <c> </c>
                  <w xml:id="pma99-180530"
                     n="156-a-0740"
                     ecep:lem="quiet"
                     ecep:pos="j-jn"
                     ecep:reg="quiet"
                     ecep:spe="quiet"
                     ecep:syllab="2"
                     ecep:pron="kwæət">quiet</w>
                  <c> </c>
                  <w xml:id="pma99-180540"
                     n="156-a-0750"
                     ecep:lem="then"
                     ecep:pos="av"
                     ecep:reg="then"
                     ecep:spe="then"
                     ecep:syllab="1"
                     ecep:pron="ðen">then</w>
                  <pc xml:id="pma99-180550"
                      n="156-a-0760"
                      ecep:lem=","
                      ecep:pos=","
                      ecep:reg=","
                      ecep:spe=",">,</pc>
               </l>
               <l n="8" xml:id="pma99-l07840">
                  <c> </c>
                  <w xml:id="pma99-180560"
                     n="156-a-0770"
                     ecep:lem="strive"
                     ecep:pos="vvb"
                     ecep:reg="Strive"
                     ecep:spe="Strive"
                     ecep:syllab="1"
                     ecep:pron="straɪv">Strive</w>
                  <c> </c>
                  <w xml:id="pma99-180570"
                     n="156-a-0780"
                     ecep:lem="to"
                     ecep:pos="pc-acp"
                     ecep:reg="to"
                     ecep:spe="to"
                     ecep:syllab="1"
                     ecep:pron="tuː">to</w>
                  <c> </c>
                  <w xml:id="pma99-180580"
                     n="156-a-0790"
                     ecep:lem="acquit"
                     ecep:pos="vvi"
                     ecep:reg="acquit"
                     ecep:spe="acquit"
                     ecep:syllab="2"
                     ecep:pron="əˈkwɪt">acquit</w>
                  <c> </c>
                  <w xml:id="pma99-180590"
                     n="156-a-0800"
                     ecep:lem="yourself"
                     ecep:pos="px22"
                     ecep:reg="yourselves"
                     ecep:spe="yourselves"
                     ecep:syllab="2"
                     ecep:pron="jɔːˈselvz">yourselves</w>
                  <c> </c>
                  <w xml:id="pma99-180600"
                     n="156-a-0810"
                     ecep:lem="like"
                     ecep:pos="av-j"
                     ecep:reg="like"
                     ecep:spe="like"
                     ecep:syllab="1"
                     ecep:pron="laɪk">like</w>
                  <c> </c>
                  <w xml:id="pma99-180610"
                     n="156-a-0820"
                     ecep:lem="man"
                     ecep:pos="n2"
                     ecep:reg="men"
                     ecep:spe="men"
                     ecep:syllab="1"
                     ecep:pron="men">men</w>
                  <pc xml:id="pma99-180620"
                      n="156-a-0830"
                      ecep:lem=","
                      ecep:pos=","
                      ecep:reg=","
                      ecep:spe=",">,</pc>
               </l>
               <l n="9" rendition="#h_3" xml:id="pma99-l07845">
                  <c> </c>
                  <w xml:id="pma99-180630"
                     n="156-a-0840"
                     ecep:lem="who"
                     ecep:pos="q-crq"
                     ecep:reg="Who"
                     ecep:spe="Who"
                     ecep:syllab="1"
                     ecep:pron="huː">Who</w>
                  <c> </c>
                  <w xml:id="pma99-180640"
                     n="156-a-0850"
                     ecep:lem="hold"
                     ecep:pos="vvb"
                     ecep:reg="hold"
                     ecep:spe="hold"
                     ecep:syllab="1"
                     ecep:pron="həʊld">hold</w>
                  <c> </c>
                  <w xml:id="pma99-180650"
                     n="156-a-0860"
                     ecep:lem="a"
                     ecep:pos="dt"
                     ecep:reg="a"
                     ecep:spe="a"
                     ecep:syllab="1"
                     ecep:pron="ə">a</w>
                  <c> </c>
                  <w xml:id="pma99-180660"
                     n="156-a-0870"
                     ecep:lem="sacred"
                     ecep:pos="j"
                     ecep:reg="sacred"
                     ecep:spe="sacred"
                     ecep:syllab="1"
                     ecep:pron="ˈseɪkrɪd">sacred</w>
                  <c> </c>
                  <w xml:id="pma99-180670"
                     n="156-a-0880"
                     ecep:lem="trust"
                     ecep:pos="n1"
                     ecep:reg="trust"
                     ecep:spe="trust"
                     ecep:syllab="1"
                     ecep:pron="trʌst">trust</w>
                  <pc xml:id="pma99-180680"
                      n="156-a-0890"
                      ecep:lem=";"
                      ecep:pos=";"
                      ecep:reg=";"
                      ecep:spe=";">;</pc>
               </l>
               <l n="10" xml:id="pma99-l07850">
                  <c> </c>
                  <w xml:id="pma99-180690"
                     n="156-a-0900"
                     ecep:lem="your"
                     ecep:pos="po22"
                     ecep:reg="Your"
                     ecep:spe="Your"
                     ecep:syllab="1"
                     ecep:pron="jɔː">Your</w>
                  <c> </c>
                  <w xml:id="pma99-180700"
                     n="156-a-0910"
                     ecep:lem="church"
                     ecep:pos="n1"
                     ecep:reg="Church"
                     ecep:spe="Church"
                     ecep:syllab="1"
                     ecep:pron="tʃɜːtʃ">Church</w>
                  <pc xml:id="pma99-180710"
                      n="156-a-0920"
                      ecep:lem=","
                      ecep:pos=","
                      ecep:reg=","
                      ecep:spe=",">,</pc>
                  <c> </c>
                  <w xml:id="pma99-180720"
                     n="156-a-0930"
                     ecep:lem="your"
                     ecep:pos="po22"
                     ecep:reg="your"
                     ecep:spe="your"
                     ecep:syllab="1"
                     ecep:pron="jɔː">your</w>
                  <c> </c>
                  <w xml:id="pma99-180730"
                     n="156-a-0940"
                     ecep:lem="king"
                     ecep:pos="n1"
                     ecep:reg="King"
                     ecep:spe="King"
                     ecep:syllab="1"
                     ecep:pron="kɪŋ">King</w>
                  <pc xml:id="pma99-180740"
                      n="156-a-0950"
                      ecep:lem=","
                      ecep:pos=","
                      ecep:reg=","
                      ecep:spe=",">,</pc>
                  <c> </c>
                  <w xml:id="pma99-180750"
                     n="156-a-0960"
                     ecep:lem="your"
                     ecep:pos="po22"
                     ecep:reg="your"
                     ecep:spe="your"
                     ecep:syllab="1"
                     ecep:pron="jɔː">your</w>
                  <c> </c>
                  <w xml:id="pma99-180760"
                     n="156-a-0970"
                     ecep:lem="country"
                     ecep:pos="n1"
                     ecep:reg="Country"
                     ecep:spe="Country"
                     ecep:syllab="2"
                     ecep:pron="ˈkʌntri">Country</w>
                  <c> </c>
                  <w xml:id="pma99-180770"
                     n="156-a-0980"
                     ecep:lem="call"
                     ecep:pos="vvz"
                     ecep:reg="calls"
                     ecep:spe="calls"
                     ecep:syllab="1"
                     ecep:pron="kɔːlz">calls</w>
               </l>
               <l n="11" xml:id="pma99-l07855">
                  <c> </c>
                  <w xml:id="pma99-180780"
                     n="156-a-0990"
                     ecep:lem="for"
                     ecep:pos="p-acp"
                     ecep:reg="For"
                     ecep:spe="For"
                     ecep:syllab="1"
                     ecep:pron="fɔː">For</w>
                  <c> </c>
                  <w xml:id="pma99-180790"
                     n="156-a-1000"
                     ecep:lem="unity"
                     ecep:pos="n1"
                     ecep:reg="unity"
                     ecep:spe="unity"
                     ecep:syllab="3"
                     ecep:pron="ˈjuːnəti">unity</w>
                  <c> </c>
                  <w xml:id="pma99-180800"
                     n="156-a-1010"
                     ecep:lem="within"
                     ecep:pos="p-acp"
                     ecep:reg="within"
                     ecep:spe="within"
                     ecep:syllab="2"
                     ecep:pron="wɪˈðɪn">within</w>
                  <c> </c>
                  <w xml:id="pma99-180810"
                     n="156-a-1020"
                     ecep:lem="your"
                     ecep:pos="po22"
                     ecep:reg="your"
                     ecep:spe="your"
                     ecep:syllab="1"
                     ecep:pron="jɔː">your</w>
                  <c> </c>
                  <w xml:id="pma99-180820"
                     n="156-a-1030"
                     ecep:lem="wall"
                     ecep:pos="n2"
                     ecep:reg="walls"
                     ecep:spe="walls"
                     ecep:syllab="1"
                     ecep:pron="wɔːlz">walls</w>
                  <pc xml:id="pma99-180830"
                      n="156-a-1040"
                      ecep:lem=","
                      ecep:pos=","
                      ecep:reg=","
                      ecep:spe=",">,</pc>
               </l>
               <l n="12" rendition="#h_3" xml:id="pma99-l07860">
                  <c> </c>
                  <w xml:id="pma99-180840"
                     n="156-a-1050"
                     ecep:lem="for"
                     ecep:pos="p-acp"
                     ecep:reg="For"
                     ecep:spe="For"
                     ecep:syllab="1"
                     ecep:pron="fɔː">For</w>
                  <c> </c>
                  <w xml:id="pma99-180850"
                     n="156-a-1060"
                     ecep:lem="measure"
                     ecep:pos="n2"
                     ecep:reg="measures"
                     ecep:spe="measures"
                     ecep:syllab="2"
                     ecep:pron="ˈmeʒəz">measures</w>
                  <c> </c>
                  <w xml:id="pma99-180860"
                     n="156-a-1070"
                     ecep:lem="firm"
                     ecep:pos="j"
                     ecep:reg="firm"
                     ecep:spe="firm"
                     ecep:syllab="1"
                     ecep:pron="fɜːm">firm</w>
                  <c> </c>
                  <w xml:id="pma99-180870"
                     n="156-a-1080"
                     ecep:lem="and"
                     ecep:pos="cc"
                     ecep:reg="and"
                     ecep:spe="and"
                     ecep:syllab="1"
                     ecep:pron="ænd">and</w>
                  <c> </c>
                  <w xml:id="pma99-180880"
                     n="156-a-1090"
                     ecep:lem="just"
                     ecep:pos="j"
                     ecep:reg="just"
                     ecep:spe="just"
                     ecep:syllab="1"
                     ecep:pron="dʒʌst">just</w>
                  <pc xml:id="pma99-180890"
                      n="156-a-1100"
                      unit="sentence"
                      ecep:lem="."
                      ecep:pos="."
                      ecep:reg="."
                      ecep:spe=".">.</pc>
                  <c> </c>
               </l>
            </lg>
         </div>
      </body>
   </text>
</TEI>
