<?xml version="1.0" encoding="UTF-8"?>
<div xmlns:ecep="http://www.eighteenthcenturypoetry.org/ns"
     xmlns="http://www.tei-c.org/ns/1.0"
     xmlns:tei="http://www.tei-c.org/ns/1.0"
     ana="#iamb #tetrameter #quatrain #cross #address #ode"
     corresp="#txt_LennCh1730_w0012"
     decls="#semi-normalized"
     ecep:syllab="8.8.8.8"
     met="-+|-+|-+|-+/ -+|-+|-+|-+/ -+|-+|-+|-+/ -+|-+|-+|-+/"
     rendition="#lgvspace"
     rhyme="abab"
     subtype="eceptext"
     type="ode"
     xml:id="o5247-w0110">
   <link target="authors.xml#aut_LennCh1730" type="author"/>
   <head type="main">
      <w xml:id="o5247-041780"
         n="37-a-0010"
         ecep:lem="to"
         ecep:pos="p-acp"
         ecep:reg="To"
         ecep:spe="To"
         ecep:syllab="1"
         ecep:pron="tuː">To</w>
      <c> </c>
      <hi>
         <w xml:id="o5247-041790"
            n="37-a-0020"
            ecep:lem="Flavia"
            ecep:pos="np1"
            ecep:reg="FLAVIA"
            ecep:spe="FLAVIA"
            ecep:syllab="2"
            ecep:pron="flˈæviə">FLAVIA</w>
         <pc xml:id="o5247-041800"
             n="37-a-0030"
             ecep:lem=","
             ecep:pos=","
             ecep:reg=","
             ecep:spe=",">,</pc>
      </hi>
   </head>
   <head type="sub">
      <w xml:id="o5247-041830"
         n="37-a-0040"
         ecep:lem="a"
         ecep:pos="dt"
         ecep:reg="An"
         ecep:spe="An"
         ecep:syllab="1"
         ecep:pron="æn">An</w>
      <c> </c>
      <w xml:id="o5247-041840"
         n="37-a-0050"
         ecep:lem="ode"
         ecep:pos="n1"
         ecep:reg="ODE"
         ecep:spe="ODE"
         ecep:syllab="1"
         ecep:pron="əʊd">ODE</w>
      <pc xml:id="o5247-041850"
          n="37-a-0060"
          unit="sentence"
          ecep:lem="."
          ecep:pos="."
          ecep:reg="."
          ecep:spe=".">.</pc>
   </head>
   <lg n="1" xml:id="o5247-s00215">
      <head>
         <w xml:id="o5247-041890"
            n="37-a-0070"
            ecep:lem="i"
            ecep:pos="pns11"
            ecep:reg="I"
            ecep:spe="I."
            ecep:syllab="1"
            ecep:pron="ˈaɪ">I.</w>
         <pc unit="sentence" xml:id="o5247-041890-eos" n="37-a-0080"/>
      </head>
      <l xml:id="o5247-l02125">
         <w xml:id="o5247-041910"
            n="37-a-0090"
            ecep:lem="if"
            ecep:pos="cs"
            ecep:reg="IF"
            ecep:spe="IF"
            ecep:syllab="1"
            ecep:pron="ɪf">IF</w>
         <c> </c>
         <hi>
            <w xml:id="o5247-041920"
               n="37-a-0100"
               ecep:lem="Flavia"
               ecep:pos="np1"
               ecep:reg="Flavia"
               ecep:spe="Flavia"
               ecep:syllab="2"
               ecep:pron="flˈæviə">Flavia</w>
         </hi>
         <c> </c>
         <w xml:id="o5247-041930"
            n="37-a-0110"
            ecep:lem="in"
            ecep:pos="p-acp"
            ecep:reg="in"
            ecep:spe="in"
            ecep:syllab="1"
            ecep:pron="ɪn">in</w>
         <c> </c>
         <w xml:id="o5247-041940"
            n="37-a-0120"
            ecep:lem="thy"
            ecep:pos="po21"
            ecep:reg="thy"
            ecep:spe="thy"
            ecep:syllab="1"
            ecep:pron="ðaɪ">thy</w>
         <c> </c>
         <w xml:id="o5247-041950"
            n="37-a-0130"
            ecep:lem="faultless"
            ecep:pos="j"
            ecep:reg="faultless"
            ecep:spe="faultless"
            ecep:syllab="2"
            ecep:pron="ˈfɔːltləs">faultless</w>
         <c> </c>
         <w xml:id="o5247-041960"
            n="37-a-0140"
            ecep:lem="form"
            ecep:pos="n1"
            ecep:reg="Form"
            ecep:spe="Form"
            ecep:syllab="1"
            ecep:pron="fɔːm">Form</w>
      </l>
      <l xml:id="o5247-l02130">
         <c> </c>
         <w xml:id="o5247-041970"
            n="37-a-0150"
            ecep:lem="all"
            ecep:pos="d"
            ecep:reg="All"
            ecep:spe="All"
            ecep:syllab="1"
            ecep:pron="ɔːl">All</w>
         <c> </c>
         <w xml:id="o5247-041980"
            n="37-a-0160"
            ecep:lem="that"
            ecep:pos="d"
            ecep:reg="that"
            ecep:spe="that"
            ecep:syllab="1"
            ecep:pron="ðæt">that</w>
         <c> </c>
         <w xml:id="o5247-041990"
            n="37-a-0170"
            ecep:lem="be"
            ecep:pos="vbz"
            ecep:reg="is"
            ecep:spe="is"
            ecep:syllab="1"
            ecep:pron="ɪz">is</w>
         <c> </c>
         <w xml:id="o5247-042000"
            n="37-a-0180"
            ecep:lem="heavenly-fair"
            ecep:pos="np1"
            ecep:reg="Heavenly-fair"
            ecep:spe="Heavenly-fair"
            ecep:syllab="4"
            ecep:pron="ˈhevnliˌfeə">Heavenly-fair</w>
         <c> </c>
         <w xml:id="o5247-042010"
            n="37-a-0190"
            ecep:lem="we"
            ecep:pos="pns12"
            ecep:reg="we"
            ecep:spe="we"
            ecep:syllab="1"
            ecep:pron="wiː">we</w>
         <c> </c>
         <w xml:id="o5247-042020"
            n="37-a-0200"
            ecep:lem="find"
            ecep:pos="vvb"
            ecep:reg="find"
            ecep:spe="find"
            ecep:syllab="1"
            ecep:pron="faɪnd">find</w>
         <pc xml:id="o5247-042030"
             n="37-a-0210"
             ecep:lem=","
             ecep:pos=","
             ecep:reg=","
             ecep:spe=",">,</pc>
      </l>
      <l xml:id="o5247-l02135">
         <c> </c>
         <w xml:id="o5247-042040"
            n="37-a-0220"
            ecep:lem="if"
            ecep:pos="cs"
            ecep:reg="If"
            ecep:spe="If"
            ecep:syllab="1"
            ecep:pron="ɪf">If</w>
         <c> </c>
         <w xml:id="o5247-042050"
            n="37-a-0230"
            ecep:lem="every"
            ecep:pos="d"
            ecep:reg="every"
            ecep:spe="every"
            ecep:syllab="2"
            ecep:pron="ˈevri">every</w>
         <c> </c>
         <w xml:id="o5247-042060"
            n="37-a-0240"
            ecep:lem="grace"
            ecep:pos="n1"
            ecep:reg="Grace"
            ecep:spe="Grace"
            ecep:syllab="1"
            ecep:pron="greɪs">Grace</w>
         <c> </c>
         <w xml:id="o5247-042070"
            n="37-a-0250"
            ecep:lem="conspire"
            ecep:pos="vvz"
            ecep:reg="conspires"
            ecep:spe="conspires"
            ecep:syllab="2"
            ecep:pron="kənˈspaɪəz">conspires</w>
         <c> </c>
         <w xml:id="o5247-042080"
            n="37-a-0260"
            ecep:lem="to"
            ecep:pos="pc-acp"
            ecep:reg="to"
            ecep:spe="to"
            ecep:syllab="1"
            ecep:pron="tuː">to</w>
         <c> </c>
         <w xml:id="o5247-042090"
            n="37-a-0270"
            ecep:lem="charm"
            ecep:pos="vvi"
            ecep:reg="charm"
            ecep:spe="charm"
            ecep:syllab="1"
            ecep:pron="tʃɑːm">charm</w>
         <pc xml:id="o5247-042100"
             n="37-a-0280"
             ecep:lem=","
             ecep:pos=","
             ecep:reg=","
             ecep:spe=",">,</pc>
      </l>
      <l xml:id="o5247-l02140">
         <c> </c>
         <w xml:id="o5247-042110"
            n="37-a-0290"
            ecep:lem="and"
            ecep:pos="cc"
            ecep:reg="And"
            ecep:spe="And"
            ecep:syllab="1"
            ecep:pron="ænd">And</w>
         <c> </c>
         <w xml:id="o5247-042120"
            n="37-a-0300"
            ecep:lem="speak"
            ecep:pos="vvz"
            ecep:reg="speaks"
            ecep:spe="speaks"
            ecep:syllab="1"
            ecep:pron="spiːks">speaks</w>
         <c> </c>
         <w xml:id="o5247-042130"
            n="37-a-0310"
            ecep:lem="the"
            ecep:pos="dt"
            ecep:reg="the"
            ecep:spe="the"
            ecep:syllab="1"
            ecep:pron="ðiː">the</w>
         <c> </c>
         <w xml:id="o5247-042140"
            n="37-a-0320"
            ecep:lem="beauty"
            ecep:pos="n2"
            ecep:reg="Beauties"
            ecep:spe="Beauties"
            ecep:syllab="2"
            ecep:pron="ˈbjuːtiz">Beauties</w>
         <c> </c>
         <w xml:id="o5247-042150"
            n="37-a-0330"
            ecep:lem="of"
            ecep:pos="pp-f"
            ecep:reg="of"
            ecep:spe="of"
            ecep:syllab="1"
            ecep:pron="ɒv">of</w>
         <c> </c>
         <w xml:id="o5247-042160"
            n="37-a-0340"
            ecep:lem="thy"
            ecep:pos="po21"
            ecep:reg="thy"
            ecep:spe="thy"
            ecep:syllab="1"
            ecep:pron="ðaɪ">thy</w>
         <c> </c>
         <w xml:id="o5247-042170"
            n="37-a-0350"
            ecep:lem="mind"
            ecep:pos="n1"
            ecep:reg="Mind"
            ecep:spe="Mind"
            ecep:syllab="1"
            ecep:pron="maɪnd">Mind</w>
         <pc xml:id="o5247-042180"
             n="37-a-0360"
             unit="sentence"
             ecep:lem="."
             ecep:pos="."
             ecep:reg="."
             ecep:spe=".">.</pc>
         <c> </c>
      </l>
   </lg>
   <lg n="2" xml:id="o5247-s00220">
      <head>
         <w xml:id="o5247-042220"
            n="37-a-0370"
            ecep:lem="ii"
            ecep:pos="crd"
            ecep:reg="II"
            ecep:spe="II"
            ecep:syllab="1"
            ecep:pron="rˌəʊməntˈuː">II</w>
         <pc xml:id="o5247-042230"
             n="37-a-0380"
             unit="sentence"
             ecep:lem="."
             ecep:pos="."
             ecep:reg="."
             ecep:spe=".">.</pc>
      </head>
      <l xml:id="o5247-l02145">
         <w xml:id="o5247-042250"
            n="37-a-0390"
            ecep:lem="why"
            ecep:pos="q-crq"
            ecep:reg="Why"
            ecep:spe="Why"
            ecep:syllab="1"
            ecep:pron="waɪ">Why</w>
         <c> </c>
         <w xml:id="o5247-042260"
            n="37-a-0400"
            ecep:lem="shall"
            ecep:pos="vmd2"
            ecep:reg="shouldst"
            ecep:spe="shouldst"
            ecep:syllab="1"
            ecep:pron="ʃʊdst">shouldst</w>
         <c> </c>
         <w xml:id="o5247-042270"
            n="37-a-0410"
            ecep:lem="thou"
            ecep:pos="pns21"
            ecep:reg="thou"
            ecep:spe="thou"
            ecep:syllab="1"
            ecep:pron="θaʊ">thou</w>
         <c> </c>
         <w xml:id="o5247-042280"
            n="37-a-0420"
            ecep:lem="wonder"
            ecep:pos="vvi"
            ecep:reg="wonder"
            ecep:spe="wonder"
            ecep:syllab="2"
            ecep:pron="ˈwʌndə">wonder</w>
         <pc xml:id="o5247-042290"
             n="37-a-0430"
             ecep:lem=","
             ecep:pos=","
             ecep:reg=","
             ecep:spe=",">,</pc>
         <c> </c>
         <w xml:id="o5247-042300"
            n="37-a-0440"
            ecep:lem="lovely"
            ecep:pos="j"
            ecep:reg="lovely"
            ecep:spe="lovely"
            ecep:syllab="2"
            ecep:pron="ˈlʌvli">lovely</w>
         <c> </c>
         <w xml:id="o5247-042310"
            n="37-a-0450"
            ecep:lem="maid"
            ecep:pos="n1"
            ecep:reg="Maid"
            ecep:spe="Maid"
            ecep:syllab="1"
            ecep:pron="meɪd">Maid</w>
         <pc xml:id="o5247-042320"
             n="37-a-0460"
             ecep:lem=","
             ecep:pos=","
             ecep:reg=","
             ecep:spe=",">,</pc>
      </l>
      <l xml:id="o5247-l02150">
         <c> </c>
         <w xml:id="o5247-042330"
            n="37-a-0470"
            ecep:lem="at"
            ecep:pos="p-acp"
            ecep:reg="At"
            ecep:spe="At"
            ecep:syllab="1"
            ecep:pron="æt">At</w>
         <c> </c>
         <w xml:id="o5247-042340"
            n="37-a-0480"
            ecep:lem="the"
            ecep:pos="dt"
            ecep:reg="the"
            ecep:spe="the"
            ecep:syllab="1"
            ecep:pron="ðiː">the</w>
         <c> </c>
         <w xml:id="o5247-042350"
            n="37-a-0490"
            ecep:lem="soft"
            ecep:pos="j"
            ecep:reg="soft"
            ecep:spe="soft"
            ecep:syllab="1"
            ecep:pron="sɒft">soft</w>
         <c> </c>
         <w xml:id="o5247-042360"
            n="37-a-0500"
            ecep:lem="passion"
            ecep:pos="n2"
            ecep:reg="Passions"
            ecep:spe="Passions"
            ecep:syllab="2"
            ecep:pron="ˈpæʃnz">Passions</w>
         <c> </c>
         <w xml:id="o5247-042370"
            n="37-a-0510"
            ecep:lem="you"
            ecep:pos="pn22"
            ecep:reg="you"
            ecep:spe="you"
            ecep:syllab="1"
            ecep:pron="juː">you</w>
         <c> </c>
         <w xml:id="o5247-042380"
            n="37-a-0520"
            ecep:lem="inspire"
            ecep:pos="vvi"
            ecep:reg="inspire"
            ecep:spe="inspire"
            ecep:syllab="2"
            ecep:pron="ɪnˈspæə">inspire</w>
         <pc xml:id="o5247-042390"
             n="37-a-0530"
             unit="sentence"
             ecep:lem="?"
             ecep:pos="?"
             ecep:reg="?"
             ecep:spe="?">?</pc>
         <c> </c>
      </l>
      <l xml:id="o5247-l02155">
         <w xml:id="o5247-042400"
            n="37-a-0540"
            ecep:lem="why"
            ecep:pos="q-crq"
            ecep:reg="Why"
            ecep:spe="Why"
            ecep:syllab="1"
            ecep:pron="waɪ">Why</w>
         <c> </c>
         <w xml:id="o5247-042410"
            n="37-a-0550"
            ecep:lem="those"
            ecep:pos="d"
            ecep:reg="those"
            ecep:spe="those"
            ecep:syllab="1"
            ecep:pron="ðəʊz">those</w>
         <c> </c>
         <w xml:id="o5247-042420"
            n="37-a-0560"
            ecep:lem="to"
            ecep:pos="p-acp"
            ecep:reg="to"
            ecep:spe="to"
            ecep:syllab="1"
            ecep:pron="tuː">to</w>
         <c> </c>
         <w xml:id="o5247-042430"
            n="37-a-0570"
            ecep:lem="hopeless"
            ecep:pos="j"
            ecep:reg="hopeless"
            ecep:spe="hopeless"
            ecep:syllab="2"
            ecep:pron="ˈhəʊpləs">hopeless</w>
         <c> </c>
         <w xml:id="o5247-042440"
            n="37-a-0580"
            ecep:lem="love"
            ecep:pos="np1-n"
            ecep:reg="Love"
            ecep:spe="Love"
            ecep:syllab="1"
            ecep:pron="lʌv">Love</w>
         <c> </c>
         <w xml:id="o5247-042450"
            n="37-a-0590"
            ecep:lem="betray"
            ecep:pos="vvd"
            ecep:reg="betrayed"
            ecep:spe="betray'd"
            ecep:syllab="2"
            ecep:pron="bɪˈtreɪd">betray'd</w>
         <pc xml:id="o5247-042460"
             n="37-a-0600"
             ecep:lem=","
             ecep:pos=","
             ecep:reg=","
             ecep:spe=",">,</pc>
      </l>
      <l xml:id="o5247-l02160">
         <c> </c>
         <w xml:id="o5247-042470"
            n="37-a-0610"
            ecep:lem="or"
            ecep:pos="cc"
            ecep:reg="Or"
            ecep:spe="Or"
            ecep:syllab="1"
            ecep:pron="ɔː">Or</w>
         <c> </c>
         <w xml:id="o5247-042480"
            n="37-a-0620"
            ecep:lem="these"
            ecep:pos="d"
            ecep:reg="these"
            ecep:spe="these"
            ecep:syllab="1"
            ecep:pron="ðiːz">these</w>
         <c> </c>
         <w xml:id="o5247-042490"
            n="37-a-0630"
            ecep:lem="feel"
            ecep:pos="vvb"
            ecep:reg="feel"
            ecep:spe="feel"
            ecep:syllab="1"
            ecep:pron="fiːl">feel</w>
         <c> </c>
         <w xml:id="o5247-042500"
            n="37-a-0640"
            ecep:lem="friendship"
            ecep:pos="ng1"
            ecep:reg="Friendship's"
            ecep:spe="Friendship's"
            ecep:syllab="2"
            ecep:pron="ˈfrenʃɪpz">Friendship's</w>
         <c> </c>
         <w xml:id="o5247-042510"
            n="37-a-0650"
            ecep:lem="sacred"
            ecep:pos="j"
            ecep:reg="sacred"
            ecep:spe="sacred"
            ecep:syllab="1"
            ecep:pron="ˈseɪkrɪd">sacred</w>
         <c> </c>
         <w xml:id="o5247-042520"
            n="37-a-0660"
            ecep:lem="fire"
            ecep:pos="n1"
            ecep:reg="Fire"
            ecep:spe="Fire"
            ecep:syllab="1"
            ecep:pron="fæə">Fire</w>
         <pc xml:id="o5247-042530"
             n="37-a-0670"
             unit="sentence"
             ecep:lem="?"
             ecep:pos="?"
             ecep:reg="?"
             ecep:spe="?">?</pc>
         <c> </c>
      </l>
   </lg>
   <pb facs="o5247/0035" n="33" rend="none"/>
   <lg n="3" xml:id="o5247-s00225">
      <head>
         <w xml:id="o5247-042570"
            n="38-a-0010"
            ecep:lem="iii"
            ecep:pos="crd"
            ecep:reg="III"
            ecep:spe="III"
            ecep:syllab="1"
            ecep:pron="rˌəʊmənθrˈiː">III</w>
         <pc xml:id="o5247-042580"
             n="38-a-0020"
             unit="sentence"
             ecep:lem="."
             ecep:pos="."
             ecep:reg="."
             ecep:spe=".">.</pc>
      </head>
      <l xml:id="o5247-l02165">
         <w xml:id="o5247-042600"
            n="38-a-0030"
            ecep:lem="heedless"
            ecep:pos="j"
            ecep:reg="Heedless"
            ecep:spe="Heedless"
            ecep:syllab="2"
            ecep:pron="ˈhiːdləs">Heedless</w>
         <c> </c>
         <w xml:id="o5247-042610"
            n="38-a-0040"
            ecep:lem="thy"
            ecep:pos="po21"
            ecep:reg="thy"
            ecep:spe="thy"
            ecep:syllab="1"
            ecep:pron="ðaɪ">thy</w>
         <c> </c>
         <w xml:id="o5247-042620"
            n="38-a-0050"
            ecep:lem="charm"
            ecep:pos="vvg"
            ecep:reg="charming"
            ecep:spe="charming"
            ecep:syllab="2"
            ecep:pron="ˈtʃɑːmɪŋ">charming</w>
         <c> </c>
         <w xml:id="o5247-042630"
            n="38-a-0060"
            ecep:lem="eye"
            ecep:pos="n2"
            ecep:reg="Eyes"
            ecep:spe="Eyes"
            ecep:syllab="1"
            ecep:pron="aɪz">Eyes</w>
         <c> </c>
         <w xml:id="o5247-042640"
            n="38-a-0070"
            ecep:lem="enslave"
            ecep:pos="vvb"
            ecep:reg="enslave"
            ecep:spe="enslave"
            ecep:syllab="2"
            ecep:pron="ɪnˈsleɪv">enslave</w>
         <pc xml:id="o5247-042650"
             n="38-a-0080"
             ecep:lem=","
             ecep:pos=","
             ecep:reg=","
             ecep:spe=",">,</pc>
      </l>
      <l xml:id="o5247-l02170">
         <c> </c>
         <w xml:id="o5247-042660"
            n="38-a-0090"
            ecep:lem="nor"
            ecep:pos="ccx"
            ecep:reg="Nor"
            ecep:spe="Nor"
            ecep:syllab="1"
            ecep:pron="nɔː">Nor</w>
         <c> </c>
         <w xml:id="o5247-042670"
            n="38-a-0100"
            ecep:lem="know"
            ecep:pos="vvb"
            ecep:reg="know"
            ecep:spe="know"
            ecep:syllab="1"
            ecep:pron="nəʊ">know</w>
         <c> </c>
         <w xml:id="o5247-042680"
            n="38-a-0110"
            ecep:lem="the"
            ecep:pos="dt"
            ecep:reg="the"
            ecep:spe="the"
            ecep:syllab="1"
            ecep:pron="ðiː">the</w>
         <c> </c>
         <w xml:id="o5247-042690"
            n="38-a-0120"
            ecep:lem="smile"
            ecep:pos="j-vvg"
            ecep:reg="smiling"
            ecep:spe="smiling"
            ecep:syllab="2"
            ecep:pron="smaɪlɪŋ">smiling</w>
         <c> </c>
         <w xml:id="o5247-042700"
            n="38-a-0130"
            ecep:lem="death"
            ecep:pos="n2"
            ecep:reg="Deaths"
            ecep:spe="Deaths"
            ecep:syllab="1"
            ecep:pron="deθs">Deaths</w>
         <c> </c>
         <w xml:id="o5247-042710"
            n="38-a-0140"
            ecep:lem="they"
            ecep:pos="pns32"
            ecep:reg="they"
            ecep:spe="they"
            ecep:syllab="1"
            ecep:pron="ðeɪ">they</w>
         <c> </c>
         <w xml:id="o5247-042720"
            n="38-a-0150"
            ecep:lem="dart"
            ecep:pos="vvb"
            ecep:reg="dart"
            ecep:spe="dart"
            ecep:syllab="1"
            ecep:pron="dɑːt">dart</w>
         <pc xml:id="o5247-042730"
             n="38-a-0160"
             ecep:lem=";"
             ecep:pos=";"
             ecep:reg=";"
             ecep:spe=";">;</pc>
      </l>
      <l xml:id="o5247-l02175">
         <c> </c>
         <w xml:id="o5247-042740"
            n="38-a-0170"
            ecep:lem="nought"
            ecep:pos="pix"
            ecep:reg="Nought"
            ecep:spe="Nought"
            ecep:syllab="1"
            ecep:pron="nɔːt">Nought</w>
         <c> </c>
         <w xml:id="o5247-042750"
            n="38-a-0180"
            ecep:lem="can"
            ecep:pos="vmb"
            ecep:reg="can"
            ecep:spe="can"
            ecep:syllab="1"
            ecep:pron="kæn">can</w>
         <c> </c>
         <w xml:id="o5247-042760"
            n="38-a-0190"
            ecep:lem="the"
            ecep:pos="dt"
            ecep:reg="the"
            ecep:spe="the"
            ecep:syllab="1"
            ecep:pron="ðiː">the</w>
         <c> </c>
         <w xml:id="o5247-042770"
            n="38-a-0200"
            ecep:lem="wretched"
            ecep:pos="j"
            ecep:reg="wretched"
            ecep:spe="wretched"
            ecep:syllab="2"
            ecep:pron="ˈretʃɪd">wretched</w>
         <c> </c>
         <w xml:id="o5247-042780"
            n="38-a-0210"
            ecep:lem="gazer"
            ecep:pos="n1"
            ecep:reg="Gazer"
            ecep:spe="Gazer"
            ecep:syllab="2"
            ecep:pron="geɪzə">Gazer</w>
         <c> </c>
         <w xml:id="o5247-042790"
            n="38-a-0220"
            ecep:lem="save"
            ecep:pos="vvi"
            ecep:reg="save"
            ecep:spe="save"
            ecep:syllab="1"
            ecep:pron="seɪv">save</w>
         <pc xml:id="o5247-042800"
             n="38-a-0230"
             ecep:lem=","
             ecep:pos=","
             ecep:reg=","
             ecep:spe=",">,</pc>
      </l>
      <l xml:id="o5247-l02180">
         <c> </c>
         <w xml:id="o5247-042810"
            n="38-a-0240"
            ecep:lem="or"
            ecep:pos="cc"
            ecep:reg="Or"
            ecep:spe="Or"
            ecep:syllab="1"
            ecep:pron="ɔː">Or</w>
         <c> </c>
         <w xml:id="o5247-042820"
            n="38-a-0250"
            ecep:lem="rescue"
            ecep:pos="vvi"
            ecep:reg="rescue"
            ecep:spe="rescue"
            ecep:syllab="2"
            ecep:pron="ˈreskjuː">rescue</w>
         <c> </c>
         <w xml:id="o5247-042830"
            n="38-a-0260"
            ecep:lem="his"
            ecep:pos="po31"
            ecep:reg="his"
            ecep:spe="his"
            ecep:syllab="1"
            ecep:pron="hɪz">his</w>
         <c> </c>
         <w xml:id="o5247-042840"
            n="38-a-0270"
            ecep:lem="devote"
            ecep:pos="j-vvn"
            ecep:reg="devoted"
            ecep:spe="devoted"
            ecep:syllab="3"
            ecep:pron="dɪˈvəʊtɪd">devoted</w>
         <c> </c>
         <w xml:id="o5247-042850"
            n="38-a-0280"
            ecep:lem="heart"
            ecep:pos="n1"
            ecep:reg="Heart"
            ecep:spe="Heart"
            ecep:syllab="1"
            ecep:pron="hɑːt">Heart</w>
         <pc xml:id="o5247-042860"
             n="38-a-0290"
             unit="sentence"
             ecep:lem="."
             ecep:pos="."
             ecep:reg="."
             ecep:spe=".">.</pc>
         <c> </c>
      </l>
   </lg>
   <lg n="4" xml:id="o5247-s00230">
      <head>
         <w xml:id="o5247-042900"
            n="38-a-0300"
            ecep:lem="iv"
            ecep:pos="crd"
            ecep:reg="IV"
            ecep:spe="IV"
            ecep:syllab="1"
            ecep:pron="rˌəʊmənfˈɔː">IV</w>
         <pc xml:id="o5247-042910"
             n="38-a-0310"
             unit="sentence"
             ecep:lem="."
             ecep:pos="."
             ecep:reg="."
             ecep:spe=".">.</pc>
      </head>
      <l xml:id="o5247-l02185">
         <w xml:id="o5247-042930"
            n="38-a-0320"
            ecep:lem="but"
            ecep:pos="p-acp"
            ecep:reg="But"
            ecep:spe="But"
            ecep:syllab="1"
            ecep:pron="bʌt">But</w>
         <c> </c>
         <w xml:id="o5247-042940"
            n="38-a-0330"
            ecep:lem="ah"
            ecep:pos="uh"
            ecep:reg="ah"
            ecep:spe="ah"
            ecep:syllab="1"
            ecep:pron="ɑː">ah</w>
         <c> </c>
         <w xml:id="o5247-042950"
            n="38-a-0340"
            ecep:lem="to"
            ecep:pos="pc-acp"
            ecep:reg="to"
            ecep:spe="to"
            ecep:syllab="1"
            ecep:pron="tuː">to</w>
         <c> </c>
         <w xml:id="o5247-042960"
            n="38-a-0350"
            ecep:lem="win"
            ecep:pos="vvi"
            ecep:reg="win"
            ecep:spe="win"
            ecep:syllab="1"
            ecep:pron="wɪn">win</w>
         <c> </c>
         <w xml:id="o5247-042970"
            n="38-a-0360"
            ecep:lem="the"
            ecep:pos="dt"
            ecep:reg="the"
            ecep:spe="the"
            ecep:syllab="1"
            ecep:pron="ðiː">the</w>
         <c> </c>
         <w xml:id="o5247-042980"
            n="38-a-0370"
            ecep:lem="soul"
            ecep:pos="n1"
            ecep:reg="Soul"
            ecep:spe="Soul"
            ecep:syllab="1"
            ecep:pron="səʊl">Soul</w>
         <c> </c>
         <w xml:id="o5247-042990"
            n="38-a-0380"
            ecep:lem="be"
            ecep:pos="vbz"
            ecep:reg="is"
            ecep:spe="is"
            ecep:syllab="1"
            ecep:pron="ɪz">is</w>
         <c> </c>
         <w xml:id="o5247-043000"
            n="38-a-0390"
            ecep:lem="more"
            ecep:pos="av-dc"
            ecep:reg="more"
            ecep:spe="more"
            ecep:syllab="1"
            ecep:pron="mɔː">more</w>
         <pc xml:id="o5247-043010"
             n="38-a-0400"
             ecep:lem=","
             ecep:pos=","
             ecep:reg=","
             ecep:spe=",">,</pc>
      </l>
      <l xml:id="o5247-l02190">
         <c> </c>
         <w xml:id="o5247-043020"
            n="38-a-0410"
            ecep:lem="and"
            ecep:pos="cc"
            ecep:reg="And"
            ecep:spe="And"
            ecep:syllab="1"
            ecep:pron="ænd">And</w>
         <c> </c>
         <w xml:id="o5247-043030"
            n="38-a-0420"
            ecep:lem="friendship"
            ecep:pos="ng1"
            ecep:reg="Friendship's"
            ecep:spe="Friendship's"
            ecep:syllab="2"
            ecep:pron="ˈfrenʃɪpz">Friendship's</w>
         <c> </c>
         <w xml:id="o5247-043040"
            n="38-a-0430"
            ecep:lem="noble"
            ecep:pos="jc"
            ecep:reg="nobler"
            ecep:spe="nobler"
            ecep:syllab="2"
            ecep:pron="ˈnəʊblə">nobler</w>
         <c> </c>
         <w xml:id="o5247-043050"
            n="38-a-0440"
            ecep:lem="fire"
            ecep:pos="n2"
            ecep:reg="Fires"
            ecep:spe="Fires"
            ecep:syllab="1"
            ecep:pron="fæəz">Fires</w>
         <c> </c>
         <w xml:id="o5247-043060"
            n="38-a-0450"
            ecep:lem="impart"
            ecep:pos="vvi"
            ecep:reg="impart"
            ecep:spe="impart"
            ecep:syllab="2"
            ecep:pron="ɪmˈpɑːt">impart</w>
         <pc xml:id="o5247-043070"
             n="38-a-0460"
             ecep:lem=","
             ecep:pos=","
             ecep:reg=","
             ecep:spe=",">,</pc>
      </l>
      <l xml:id="o5247-l02195">
         <c> </c>
         <w xml:id="o5247-043080"
            n="38-a-0470"
            ecep:lem="the"
            ecep:pos="dt"
            ecep:reg="The"
            ecep:spe="The"
            ecep:syllab="1"
            ecep:pron="ðiː">The</w>
         <c> </c>
         <w xml:id="o5247-043090"
            n="38-a-0480"
            ecep:lem="work"
            ecep:pos="n1"
            ecep:reg="Work"
            ecep:spe="Work"
            ecep:syllab="1"
            ecep:pron="wɜːk">Work</w>
         <c> </c>
         <w xml:id="o5247-043100"
            n="38-a-0490"
            ecep:lem="of"
            ecep:pos="pp-f"
            ecep:reg="of"
            ecep:spe="of"
            ecep:syllab="1"
            ecep:pron="ɒv">of</w>
         <c> </c>
         <w xml:id="o5247-043110"
            n="38-a-0500"
            ecep:lem="some"
            ecep:pos="d"
            ecep:reg="some"
            ecep:spe="some"
            ecep:syllab="1"
            ecep:pron="sʌm">some</w>
         <c> </c>
         <w xml:id="o5247-043120"
            n="38-a-0510"
            ecep:lem="divine"
            ecep:pos="jc-jn"
            ecep:reg="diviner"
            ecep:spe="diviner"
            ecep:syllab="3"
            ecep:pron="dɪˈvaɪnə">diviner</w>
         <c> </c>
         <w xml:id="o5247-043130"
            n="38-a-0520"
            ecep:lem="power"
            ecep:pos="n1"
            ecep:reg="Power"
            ecep:spe="Power"
            ecep:syllab="1"
            ecep:pron="ˈpaʊə">Power</w>
         <pc xml:id="o5247-043140"
             n="38-a-0530"
             ecep:lem=","
             ecep:pos=","
             ecep:reg=","
             ecep:spe=",">,</pc>
      </l>
      <l xml:id="o5247-l02200">
         <c> </c>
         <w xml:id="o5247-043150"
            n="38-a-0540"
            ecep:lem="and"
            ecep:pos="cc"
            ecep:reg="And"
            ecep:spe="And"
            ecep:syllab="1"
            ecep:pron="ænd">And</w>
         <c> </c>
         <w xml:id="o5247-043160"
            n="38-a-0550"
            ecep:lem="reason"
            ecep:pos="n1"
            ecep:reg="Reason"
            ecep:spe="Reason"
            ecep:syllab="2"
            ecep:pron="ˈriːzn">Reason</w>
         <c> </c>
         <w xml:id="o5247-043170"
            n="38-a-0560"
            ecep:lem="wing"
            ecep:pos="n2"
            ecep:reg="wings"
            ecep:spe="wings"
            ecep:syllab="1"
            ecep:pron="wɪŋz">wings</w>
         <c> </c>
         <w xml:id="o5247-043180"
            n="38-a-0570"
            ecep:lem="the"
            ecep:pos="dt"
            ecep:reg="the"
            ecep:spe="th'"
            ecep:syllab="0"
            ecep:pron="ð">th'</w>
         <c> </c>
         <w xml:id="o5247-043190"
            n="38-a-0580"
            ecep:lem="unerring"
            ecep:pos="j"
            ecep:reg="unerring"
            ecep:spe="unerring"
            ecep:syllab="3"
            ecep:pron="ʌnˈɜːrɪŋ">unerring</w>
         <c> </c>
         <w xml:id="o5247-043200"
            n="38-a-0590"
            ecep:lem="dart"
            ecep:pos="n1"
            ecep:reg="Dart"
            ecep:spe="Dart"
            ecep:syllab="1"
            ecep:pron="dɑːt">Dart</w>
         <pc xml:id="o5247-043210"
             n="38-a-0600"
             unit="sentence"
             ecep:lem="."
             ecep:pos="."
             ecep:reg="."
             ecep:spe=".">.</pc>
         <c> </c>
      </l>
   </lg>
   <lg n="5" xml:id="o5247-s00235">
      <head>
         <w xml:id="o5247-043250"
            n="38-a-0610"
            ecep:lem="v."
            ecep:pos="crd"
            ecep:reg="V"
            ecep:spe="V."
            ecep:syllab="1"
            ecep:pron="viː">V.</w>
         <pc unit="sentence" xml:id="o5247-043250-eos" n="38-a-0620"/>
      </head>
      <l xml:id="o5247-l02205">
         <w xml:id="o5247-043270"
            n="38-a-0630"
            ecep:lem="let"
            ecep:pos="vvb"
            ecep:reg="Let"
            ecep:spe="Let"
            ecep:syllab="1"
            ecep:pron="let">Let</w>
         <c> </c>
         <w xml:id="o5247-043280"
            n="38-a-0640"
            ecep:lem="thy"
            ecep:pos="po21"
            ecep:reg="thy"
            ecep:spe="thy"
            ecep:syllab="1"
            ecep:pron="ðaɪ">thy</w>
         <c> </c>
         <w xml:id="o5247-043290"
            n="38-a-0650"
            ecep:lem="adorer"
            ecep:pos="n2"
            ecep:reg="Adorers"
            ecep:spe="Adorers"
            ecep:syllab="3"
            ecep:pron="əˈdɔːəz">Adorers</w>
         <c> </c>
         <w xml:id="o5247-043300"
            n="38-a-0660"
            ecep:lem="just"
            ecep:pos="av-j"
            ecep:reg="justly"
            ecep:spe="justly"
            ecep:syllab="2"
            ecep:pron="dʒʌstli">justly</w>
         <c> </c>
         <w xml:id="o5247-043310"
            n="38-a-0670"
            ecep:lem="praise"
            ecep:pos="vvb"
            ecep:reg="praise"
            ecep:spe="praise"
            ecep:syllab="1"
            ecep:pron="preɪz">praise</w>
      </l>
      <l xml:id="o5247-l02210">
         <c> </c>
         <w xml:id="o5247-043320"
            n="38-a-0680"
            ecep:lem="the"
            ecep:pos="dt"
            ecep:reg="The"
            ecep:spe="The"
            ecep:syllab="1"
            ecep:pron="ðiː">The</w>
         <c> </c>
         <w xml:id="o5247-043330"
            n="38-a-0690"
            ecep:lem="wondrous"
            ecep:pos="j"
            ecep:reg="wondrous"
            ecep:spe="wond'rous"
            ecep:syllab="2"
            ecep:pron="ˈwʌndrəs">wond'rous</w>
         <c> </c>
         <w xml:id="o5247-043340"
            n="38-a-0700"
            ecep:lem="beauty"
            ecep:pos="n2"
            ecep:reg="Beauties"
            ecep:spe="Beauties"
            ecep:syllab="2"
            ecep:pron="ˈbjuːtiz">Beauties</w>
         <c> </c>
         <w xml:id="o5247-043350"
            n="38-a-0710"
            ecep:lem="of"
            ecep:pos="pp-f"
            ecep:reg="of"
            ecep:spe="of"
            ecep:syllab="1"
            ecep:pron="ɒv">of</w>
         <c> </c>
         <w xml:id="o5247-043360"
            n="38-a-0720"
            ecep:lem="thy"
            ecep:pos="po21"
            ecep:reg="thy"
            ecep:spe="thy"
            ecep:syllab="1"
            ecep:pron="ðaɪ">thy</w>
         <c> </c>
         <w xml:id="o5247-043370"
            n="38-a-0730"
            ecep:lem="face"
            ecep:pos="n1"
            ecep:reg="Face"
            ecep:spe="Face"
            ecep:syllab="1"
            ecep:pron="feɪs">Face</w>
         <pc xml:id="o5247-043380"
             n="38-a-0740"
             ecep:lem=","
             ecep:pos=","
             ecep:reg=","
             ecep:spe=",">,</pc>
      </l>
      <l xml:id="o5247-l02215">
         <c> </c>
         <w xml:id="o5247-043390"
            n="38-a-0750"
            ecep:lem="extol"
            ecep:pos="vvb"
            ecep:reg="Extol"
            ecep:spe="Extol"
            ecep:syllab="2"
            ecep:pron="ɪkˈstəʊl">Extol</w>
         <c> </c>
         <w xml:id="o5247-043400"
            n="38-a-0760"
            ecep:lem="thy"
            ecep:pos="po21"
            ecep:reg="thy"
            ecep:spe="thy"
            ecep:syllab="1"
            ecep:pron="ðaɪ">thy</w>
         <c> </c>
         <w xml:id="o5247-043410"
            n="38-a-0770"
            ecep:lem="charm"
            ecep:pos="n2"
            ecep:reg="Charms"
            ecep:spe="Charms"
            ecep:syllab="1"
            ecep:pron="tʃɑːmz">Charms</w>
         <c> </c>
         <w xml:id="o5247-043420"
            n="38-a-0780"
            ecep:lem="a"
            ecep:pos="dt"
            ecep:reg="a"
            ecep:spe="a"
            ecep:syllab="1"
            ecep:pron="ə">a</w>
         <c> </c>
         <w xml:id="o5247-043430"
            n="38-a-0790"
            ecep:lem="thousand"
            ecep:pos="crd"
            ecep:reg="thousand"
            ecep:spe="thousand"
            ecep:syllab="2"
            ecep:pron="ˈθaʊznd">thousand</w>
         <c> </c>
         <w xml:id="o5247-043440"
            n="38-a-0800"
            ecep:lem="way"
            ecep:pos="n2"
            ecep:reg="Ways"
            ecep:spe="Ways"
            ecep:syllab="1"
            ecep:pron="weɪz">Ways</w>
         <pc xml:id="o5247-043450"
             n="38-a-0810"
             ecep:lem=","
             ecep:pos=","
             ecep:reg=","
             ecep:spe=",">,</pc>
      </l>
      <l xml:id="o5247-l02220">
         <c> </c>
         <w xml:id="o5247-043460"
            n="38-a-0820"
            ecep:lem="and"
            ecep:pos="cc"
            ecep:reg="And"
            ecep:spe="And"
            ecep:syllab="1"
            ecep:pron="ænd">And</w>
         <c> </c>
         <w xml:id="o5247-043470"
            n="38-a-0830"
            ecep:lem="with"
            ecep:pos="p-acp"
            ecep:reg="with"
            ecep:spe="with"
            ecep:syllab="1"
            ecep:pron="wɪð">with</w>
         <c> </c>
         <w xml:id="o5247-043480"
            n="38-a-0840"
            ecep:lem="thy"
            ecep:pos="po21"
            ecep:reg="thy"
            ecep:spe="thy"
            ecep:syllab="1"
            ecep:pron="ðaɪ">thy</w>
         <c> </c>
         <w xml:id="o5247-043490"
            n="38-a-0850"
            ecep:lem="name"
            ecep:pos="n1"
            ecep:reg="Name"
            ecep:spe="Name"
            ecep:syllab="1"
            ecep:pron="neɪm">Name</w>
         <c> </c>
         <w xml:id="o5247-043500"
            n="38-a-0860"
            ecep:lem="their"
            ecep:pos="po32"
            ecep:reg="their"
            ecep:spe="their"
            ecep:syllab="1"
            ecep:pron="ðeə">their</w>
         <c> </c>
         <w xml:id="o5247-043510"
            n="38-a-0870"
            ecep:lem="number"
            ecep:pos="n2"
            ecep:reg="Numbers"
            ecep:spe="Numbers"
            ecep:syllab="2"
            ecep:pron="ˈnʌmbəz">Numbers</w>
         <c> </c>
         <w xml:id="o5247-043520"
            n="38-a-0880"
            ecep:lem="grace"
            ecep:pos="vvi"
            ecep:reg="grace"
            ecep:spe="grace"
            ecep:syllab="1"
            ecep:pron="greɪs">grace</w>
         <pc xml:id="o5247-043530"
             n="38-a-0890"
             unit="sentence"
             ecep:lem="."
             ecep:pos="."
             ecep:reg="."
             ecep:spe=".">.</pc>
         <c> </c>
      </l>
   </lg>
   <pb facs="o5247/0036" n="34" rend="none"/>
   <lg n="6" xml:id="o5247-s00240">
      <head>
         <w xml:id="o5247-043570"
            n="39-a-0010"
            ecep:lem="vi"
            ecep:pos="crd"
            ecep:reg="VI"
            ecep:spe="VI"
            ecep:syllab="1"
            ecep:pron="ˈvaɪ">VI</w>
         <pc xml:id="o5247-043580"
             n="39-a-0020"
             unit="sentence"
             ecep:lem="."
             ecep:pos="."
             ecep:reg="."
             ecep:spe=".">.</pc>
      </head>
      <l xml:id="o5247-l02225">
         <w xml:id="o5247-043600"
            n="39-a-0030"
            ecep:lem="friendship"
            ecep:pos="n1"
            ecep:reg="Friendship"
            ecep:spe="Friendship"
            ecep:syllab="2"
            ecep:pron="ˈfrenʃɪp">Friendship</w>
         <c> </c>
         <w xml:id="o5247-043610"
            n="39-a-0040"
            ecep:lem="a"
            ecep:pos="dt"
            ecep:reg="a"
            ecep:spe="a"
            ecep:syllab="1"
            ecep:pron="ə">a</w>
         <c> </c>
         <w xml:id="o5247-043620"
            n="39-a-0050"
            ecep:lem="noble"
            ecep:pos="jc"
            ecep:reg="nobler"
            ecep:spe="nobler"
            ecep:syllab="2"
            ecep:pron="ˈnəʊblə">nobler</w>
         <c> </c>
         <w xml:id="o5247-043630"
            n="39-a-0060"
            ecep:lem="theme"
            ecep:pos="n1"
            ecep:reg="Theme"
            ecep:spe="Theme"
            ecep:syllab="1"
            ecep:pron="θiːm">Theme</w>
         <c> </c>
         <w xml:id="o5247-043640"
            n="39-a-0070"
            ecep:lem="shall"
            ecep:pos="vmb"
            ecep:reg="shall"
            ecep:spe="shall"
            ecep:syllab="1"
            ecep:pron="ʃæl">shall</w>
         <c> </c>
         <w xml:id="o5247-043650"
            n="39-a-0080"
            ecep:lem="find"
            ecep:pos="vvi"
            ecep:reg="find"
            ecep:spe="find"
            ecep:syllab="1"
            ecep:pron="faɪnd">find</w>
         <pc xml:id="o5247-043660"
             n="39-a-0090"
             ecep:lem=","
             ecep:pos=","
             ecep:reg=","
             ecep:spe=",">,</pc>
      </l>
      <l xml:id="o5247-l02230">
         <c> </c>
         <w xml:id="o5247-043670"
            n="39-a-0100"
            ecep:lem="and"
            ecep:pos="cc"
            ecep:reg="And"
            ecep:spe="And"
            ecep:syllab="1"
            ecep:pron="ænd">And</w>
         <c> </c>
         <w xml:id="o5247-043680"
            n="39-a-0110"
            ecep:lem="to"
            ecep:pos="p-acp"
            ecep:reg="to"
            ecep:spe="to"
            ecep:syllab="1"
            ecep:pron="tuː">to</w>
         <c> </c>
         <w xml:id="o5247-043690"
            n="39-a-0120"
            ecep:lem="the"
            ecep:pos="dt"
            ecep:reg="the"
            ecep:spe="th'"
            ecep:syllab="0"
            ecep:pron="ð">th'</w>
         <c> </c>
         <w xml:id="o5247-043700"
            n="39-a-0130"
            ecep:lem="admire"
            ecep:pos="j-vvg"
            ecep:reg="admiring"
            ecep:spe="admiring"
            ecep:syllab="3"
            ecep:pron="ədˈmæəɪŋ">admiring</w>
         <c> </c>
         <w xml:id="o5247-043710"
            n="39-a-0140"
            ecep:lem="world"
            ecep:pos="n1"
            ecep:reg="World"
            ecep:spe="World"
            ecep:syllab="1"
            ecep:pron="wɜːld">World</w>
         <c> </c>
         <w xml:id="o5247-043720"
            n="39-a-0150"
            ecep:lem="display"
            ecep:pos="n1"
            ecep:reg="display"
            ecep:spe="display"
            ecep:syllab="2"
            ecep:pron="dɪˈspleɪ">display</w>
         <pc xml:id="o5247-043730"
             n="39-a-0160"
             ecep:lem=","
             ecep:pos=","
             ecep:reg=","
             ecep:spe=",">,</pc>
      </l>
      <l xml:id="o5247-l02235">
         <c> </c>
         <w xml:id="o5247-043740"
            n="39-a-0170"
            ecep:lem="the"
            ecep:pos="dt"
            ecep:reg="The"
            ecep:spe="The"
            ecep:syllab="1"
            ecep:pron="ðiː">The</w>
         <c> </c>
         <w xml:id="o5247-043750"
            n="39-a-0180"
            ecep:lem="grace"
            ecep:pos="n2"
            ecep:reg="Graces"
            ecep:spe="Graces"
            ecep:syllab="2"
            ecep:pron="greɪsɪz">Graces</w>
         <c> </c>
         <w xml:id="o5247-043760"
            n="39-a-0190"
            ecep:lem="that"
            ecep:pos="cst"
            ecep:reg="that"
            ecep:spe="that"
            ecep:syllab="1"
            ecep:pron="ðæt">that</w>
         <c> </c>
         <w xml:id="o5247-043770"
            n="39-a-0200"
            ecep:lem="adorn"
            ecep:pos="vvb"
            ecep:reg="adorn"
            ecep:spe="adorn"
            ecep:syllab="2"
            ecep:pron="əˈdɔːn">adorn</w>
         <c> </c>
         <w xml:id="o5247-043780"
            n="39-a-0210"
            ecep:lem="thy"
            ecep:pos="po21"
            ecep:reg="thy"
            ecep:spe="thy"
            ecep:syllab="1"
            ecep:pron="ðaɪ">thy</w>
         <c> </c>
         <w xml:id="o5247-043790"
            n="39-a-0220"
            ecep:lem="mind"
            ecep:pos="n1"
            ecep:reg="Mind"
            ecep:spe="Mind"
            ecep:syllab="1"
            ecep:pron="maɪnd">Mind</w>
         <pc xml:id="o5247-043800"
             n="39-a-0230"
             ecep:lem=","
             ecep:pos=","
             ecep:reg=","
             ecep:spe=",">,</pc>
      </l>
      <l xml:id="o5247-l02240">
         <c> </c>
         <w xml:id="o5247-043810"
            n="39-a-0240"
            ecep:lem="a"
            ecep:pos="dt"
            ecep:reg="A"
            ecep:spe="A"
            ecep:syllab="1"
            ecep:pron="ə">A</w>
         <c> </c>
         <w xml:id="o5247-043820"
            n="39-a-0250"
            ecep:lem="subject"
            ecep:pos="n-jn"
            ecep:reg="Subject"
            ecep:spe="Subject"
            ecep:syllab="2"
            ecep:pron="ˈsʌbdʒɪkt">Subject</w>
         <c> </c>
         <w xml:id="o5247-043830"
            n="39-a-0260"
            ecep:lem="that"
            ecep:pos="cst"
            ecep:reg="that"
            ecep:spe="that"
            ecep:syllab="1"
            ecep:pron="ðæt">that</w>
         <c> </c>
         <w xml:id="o5247-043840"
            n="39-a-0270"
            ecep:lem="will"
            ecep:pos="vmb"
            ecep:reg="will"
            ecep:spe="will"
            ecep:syllab="1"
            ecep:pron="wɪl">will</w>
         <c> </c>
         <w xml:id="o5247-043850"
            n="39-a-0280"
            ecep:lem="never"
            ecep:pos="av-x"
            ecep:reg="never"
            ecep:spe="ne'er"
            ecep:syllab="1"
            ecep:pron="neə">ne'er</w>
         <c> </c>
         <w xml:id="o5247-043860"
            n="39-a-0290"
            ecep:lem="decay"
            ecep:pos="vvi"
            ecep:reg="decay"
            ecep:spe="decay"
            ecep:syllab="2"
            ecep:pron="dɪˈkeɪ">decay</w>
         <pc xml:id="o5247-043870"
             n="39-a-0300"
             unit="sentence"
             ecep:lem="."
             ecep:pos="."
             ecep:reg="."
             ecep:spe=".">.</pc>
         <c> </c>
      </l>
   </lg>
   <lg n="7" xml:id="o5247-s00245">
      <head>
         <w xml:id="o5247-043910"
            n="39-a-0310"
            ecep:lem="vii"
            ecep:pos="crd"
            ecep:reg="VII"
            ecep:spe="VII"
            ecep:syllab="1"
            ecep:pron="rˌəʊmənsˈevən">VII</w>
         <pc xml:id="o5247-043920"
             n="39-a-0320"
             unit="sentence"
             ecep:lem="."
             ecep:pos="."
             ecep:reg="."
             ecep:spe=".">.</pc>
      </head>
      <l xml:id="o5247-l02245">
         <w xml:id="o5247-043940"
            n="39-a-0330"
            ecep:lem="when"
            ecep:pos="c-crq"
            ecep:reg="When"
            ecep:spe="When"
            ecep:syllab="1"
            ecep:pron="wen">When</w>
         <c> </c>
         <w xml:id="o5247-043950"
            n="39-a-0340"
            ecep:lem="thy"
            ecep:pos="po21"
            ecep:reg="thy"
            ecep:spe="thy"
            ecep:syllab="1"
            ecep:pron="ðaɪ">thy</w>
         <c> </c>
         <w xml:id="o5247-043960"
            n="39-a-0350"
            ecep:lem="bright"
            ecep:pos="j"
            ecep:reg="bright"
            ecep:spe="bright"
            ecep:syllab="1"
            ecep:pron="braɪt">bright</w>
         <c> </c>
         <w xml:id="o5247-043970"
            n="39-a-0360"
            ecep:lem="eye"
            ecep:pos="n2"
            ecep:reg="Eyes"
            ecep:spe="Eyes"
            ecep:syllab="1"
            ecep:pron="aɪz">Eyes</w>
         <c> </c>
         <w xml:id="o5247-043980"
            n="39-a-0370"
            ecep:lem="shall"
            ecep:pos="vmb"
            ecep:reg="shall"
            ecep:spe="shall"
            ecep:syllab="1"
            ecep:pron="ʃæl">shall</w>
         <c> </c>
         <w xml:id="o5247-043990"
            n="39-a-0380"
            ecep:lem="cease"
            ecep:pos="vvi"
            ecep:reg="cease"
            ecep:spe="cease"
            ecep:syllab="1"
            ecep:pron="siːs">cease</w>
         <c> </c>
         <w xml:id="o5247-044000"
            n="39-a-0390"
            ecep:lem="to"
            ecep:pos="pc-acp"
            ecep:reg="to"
            ecep:spe="to"
            ecep:syllab="1"
            ecep:pron="tuː">to</w>
         <c> </c>
         <w xml:id="o5247-044010"
            n="39-a-0400"
            ecep:lem="wound"
            ecep:pos="vvi"
            ecep:reg="wound"
            ecep:spe="wound"
            ecep:syllab="1"
            ecep:pron="waʊnd">wound</w>
         <pc xml:id="o5247-044020"
             n="39-a-0410"
             ecep:lem=","
             ecep:pos=","
             ecep:reg=","
             ecep:spe=",">,</pc>
      </l>
      <l xml:id="o5247-l02250">
         <c> </c>
         <w xml:id="o5247-044030"
            n="39-a-0420"
            ecep:lem="and"
            ecep:pos="cc"
            ecep:reg="And"
            ecep:spe="And"
            ecep:syllab="1"
            ecep:pron="ænd">And</w>
         <c> </c>
         <w xml:id="o5247-044040"
            n="39-a-0430"
            ecep:lem="age"
            ecep:pos="n1"
            ecep:reg="Age"
            ecep:spe="Age"
            ecep:syllab="1"
            ecep:pron="eɪdʒ">Age</w>
         <c> </c>
         <w xml:id="o5247-044050"
            n="39-a-0440"
            ecep:lem="thy"
            ecep:pos="po21"
            ecep:reg="thy"
            ecep:spe="thy"
            ecep:syllab="1"
            ecep:pron="ðaɪ">thy</w>
         <c> </c>
         <w xml:id="o5247-044060"
            n="39-a-0450"
            ecep:lem="fade"
            ecep:pos="j-vvg"
            ecep:reg="fading"
            ecep:spe="fading"
            ecep:syllab="2"
            ecep:pron="feɪdɪŋ">fading</w>
         <c> </c>
         <w xml:id="o5247-044070"
            n="39-a-0460"
            ecep:lem="charm"
            ecep:pos="n2"
            ecep:reg="Charms"
            ecep:spe="Charms"
            ecep:syllab="1"
            ecep:pron="tʃɑːmz">Charms</w>
         <c> </c>
         <w xml:id="o5247-044080"
            n="39-a-0470"
            ecep:lem="embrace"
            ecep:pos="vvi"
            ecep:reg="embrace"
            ecep:spe="embrace"
            ecep:syllab="2"
            ecep:pron="ɪmˈbreɪs">embrace</w>
         <pc xml:id="o5247-044090"
             n="39-a-0480"
             ecep:lem=";"
             ecep:pos=";"
             ecep:reg=";"
             ecep:spe=";">;</pc>
      </l>
      <l xml:id="o5247-l02255">
         <c> </c>
         <w xml:id="o5247-044100"
            n="39-a-0490"
            ecep:lem="when"
            ecep:pos="c-crq"
            ecep:reg="When"
            ecep:spe="When"
            ecep:syllab="1"
            ecep:pron="wen">When</w>
         <c> </c>
         <w xml:id="o5247-044110"
            n="39-a-0500"
            ecep:lem="in"
            ecep:pos="p-acp"
            ecep:reg="in"
            ecep:spe="in"
            ecep:syllab="1"
            ecep:pron="ɪn">in</w>
         <c> </c>
         <w xml:id="o5247-044120"
            n="39-a-0510"
            ecep:lem="thy"
            ecep:pos="po21"
            ecep:reg="thy"
            ecep:spe="thy"
            ecep:syllab="1"
            ecep:pron="ðaɪ">thy</w>
         <c> </c>
         <w xml:id="o5247-044130"
            n="39-a-0520"
            ecep:lem="look"
            ecep:pos="vvz"
            ecep:reg="Looks"
            ecep:spe="Looks"
            ecep:syllab="1"
            ecep:pron="lʊks">Looks</w>
         <c> </c>
         <w xml:id="o5247-044140"
            n="39-a-0530"
            ecep:lem="no"
            ecep:pos="dx"
            ecep:reg="no"
            ecep:spe="no"
            ecep:syllab="1"
            ecep:pron="nəʊ">no</w>
         <c> </c>
         <w xml:id="o5247-044150"
            n="39-a-0540"
            ecep:lem="trace"
            ecep:pos="n1"
            ecep:reg="trace"
            ecep:spe="trace"
            ecep:syllab="1"
            ecep:pron="treɪs">trace</w>
         <c> </c>
         <w xml:id="o5247-044160"
            n="39-a-0550"
            ecep:lem="be"
            ecep:pos="vbz"
            ecep:reg="is"
            ecep:spe="is"
            ecep:syllab="1"
            ecep:pron="ɪz">is</w>
         <c> </c>
         <w xml:id="o5247-044170"
            n="39-a-0560"
            ecep:lem="find"
            ecep:pos="vvn"
            ecep:reg="found"
            ecep:spe="found"
            ecep:syllab="1"
            ecep:pron="faʊnd">found</w>
         <pc xml:id="o5247-044180"
             n="39-a-0570"
             ecep:lem=","
             ecep:pos=","
             ecep:reg=","
             ecep:spe=",">,</pc>
      </l>
      <l xml:id="o5247-l02260">
         <c> </c>
         <w xml:id="o5247-044190"
            n="39-a-0580"
            ecep:lem="of"
            ecep:pos="pp-f"
            ecep:reg="Of"
            ecep:spe="Of"
            ecep:syllab="1"
            ecep:pron="ɒv">Of</w>
         <c> </c>
         <w xml:id="o5247-044200"
            n="39-a-0590"
            ecep:lem="what"
            ecep:pos="r-crq"
            ecep:reg="what"
            ecep:spe="what"
            ecep:syllab="1"
            ecep:pron="wɒt">what</w>
         <c> </c>
         <w xml:id="o5247-044210"
            n="39-a-0600"
            ecep:lem="the"
            ecep:pos="dt"
            ecep:reg="the"
            ecep:spe="the"
            ecep:syllab="1"
            ecep:pron="ðiː">the</w>
         <c> </c>
         <w xml:id="o5247-044220"
            n="39-a-0610"
            ecep:lem="lovely"
            ecep:pos="j"
            ecep:reg="lovely"
            ecep:spe="lovely"
            ecep:syllab="2"
            ecep:pron="ˈlʌvli">lovely</w>
         <c> </c>
         <hi>
            <w xml:id="o5247-044230"
               n="39-a-0620"
               ecep:lem="Flavia"
               ecep:pos="np1"
               ecep:reg="Flavia"
               ecep:spe="Flavia"
               ecep:syllab="2"
               ecep:pron="flˈæviə">Flavia</w>
         </hi>
         <c> </c>
         <w xml:id="o5247-044240"
            n="39-a-0630"
            ecep:lem="be"
            ecep:pos="vbds"
            ecep:reg="was"
            ecep:spe="was"
            ecep:syllab="1"
            ecep:pron="wɒz">was</w>
         <pc xml:id="o5247-044250"
             n="39-a-0640"
             unit="sentence"
             ecep:lem="."
             ecep:pos="."
             ecep:reg="."
             ecep:spe=".">.</pc>
         <c> </c>
      </l>
   </lg>
   <lg n="8" xml:id="o5247-s00250">
      <head>
         <w xml:id="o5247-044290"
            n="39-a-0650"
            ecep:lem="viii"
            ecep:pos="crd"
            ecep:reg="VIII"
            ecep:spe="VIII"
            ecep:syllab="1"
            ecep:pron="rˌəʊmənˈeɪt">VIII</w>
         <pc xml:id="o5247-044300"
             n="39-a-0660"
             unit="sentence"
             ecep:lem="."
             ecep:pos="."
             ecep:reg="."
             ecep:spe=".">.</pc>
      </head>
      <l xml:id="o5247-l02265">
         <w xml:id="o5247-044320"
            n="39-a-0670"
            ecep:lem="the"
            ecep:pos="dt"
            ecep:reg="The"
            ecep:spe="The"
            ecep:syllab="1"
            ecep:pron="ðiː">The</w>
         <c> </c>
         <w xml:id="o5247-044330"
            n="39-a-0680"
            ecep:lem="last"
            ecep:pos="j-vvg"
            ecep:reg="lasting"
            ecep:spe="lasting"
            ecep:syllab="2"
            ecep:pron="lɑːstɪŋ">lasting</w>
         <c> </c>
         <w xml:id="o5247-044340"
            n="39-a-0690"
            ecep:lem="beauty"
            ecep:pos="n2"
            ecep:reg="Beauties"
            ecep:spe="Beauties"
            ecep:syllab="2"
            ecep:pron="ˈbjuːtiz">Beauties</w>
         <c> </c>
         <w xml:id="o5247-044350"
            n="39-a-0700"
            ecep:lem="of"
            ecep:pos="pp-f"
            ecep:reg="of"
            ecep:spe="of"
            ecep:syllab="1"
            ecep:pron="ɒv">of</w>
         <c> </c>
         <w xml:id="o5247-044360"
            n="39-a-0710"
            ecep:lem="thy"
            ecep:pos="po21"
            ecep:reg="thy"
            ecep:spe="thy"
            ecep:syllab="1"
            ecep:pron="ðaɪ">thy</w>
         <c> </c>
         <w xml:id="o5247-044370"
            n="39-a-0720"
            ecep:lem="mind"
            ecep:pos="n1"
            ecep:reg="Mind"
            ecep:spe="Mind"
            ecep:syllab="1"
            ecep:pron="maɪnd">Mind</w>
         <pc xml:id="o5247-044380"
             n="39-a-0730"
             ecep:lem=","
             ecep:pos=","
             ecep:reg=","
             ecep:spe=",">,</pc>
      </l>
      <l xml:id="o5247-l02270">
         <c> </c>
         <w xml:id="o5247-044390"
            n="39-a-0740"
            ecep:lem="the"
            ecep:pos="dt"
            ecep:reg="The"
            ecep:spe="The"
            ecep:syllab="1"
            ecep:pron="ðiː">The</w>
         <c> </c>
         <w xml:id="o5247-044400"
            n="39-a-0750"
            ecep:lem="muse"
            ecep:pos="n1"
            ecep:reg="Muse"
            ecep:spe="Muse"
            ecep:syllab="1"
            ecep:pron="mjuːz">Muse</w>
         <c> </c>
         <w xml:id="o5247-044410"
            n="39-a-0760"
            ecep:lem="in"
            ecep:pos="p-acp"
            ecep:reg="in"
            ecep:spe="in"
            ecep:syllab="1"
            ecep:pron="ɪn">in</w>
         <c> </c>
         <w xml:id="o5247-044420"
            n="39-a-0770"
            ecep:lem="gentle"
            ecep:pos="j-jn"
            ecep:reg="gentle"
            ecep:spe="gentle"
            ecep:syllab="2"
            ecep:pron="ˈdʒentl">gentle</w>
         <c> </c>
         <w xml:id="o5247-044430"
            n="39-a-0780"
            ecep:lem="strain"
            ecep:pos="n2"
            ecep:reg="Strains"
            ecep:spe="Strains"
            ecep:syllab="1"
            ecep:pron="streɪnz">Strains</w>
         <c> </c>
         <w xml:id="o5247-044440"
            n="39-a-0790"
            ecep:lem="shall"
            ecep:pos="vmb"
            ecep:reg="shall"
            ecep:spe="shall"
            ecep:syllab="1"
            ecep:pron="ʃæl">shall</w>
         <c> </c>
         <w xml:id="o5247-044450"
            n="39-a-0800"
            ecep:lem="sing"
            ecep:pos="vvi"
            ecep:reg="sing"
            ecep:spe="sing"
            ecep:syllab="1"
            ecep:pron="sɪŋ">sing</w>
         <pc xml:id="o5247-044460"
             n="39-a-0810"
             ecep:lem=","
             ecep:pos=","
             ecep:reg=","
             ecep:spe=",">,</pc>
      </l>
      <l xml:id="o5247-l02275">
         <c> </c>
         <w xml:id="o5247-044470"
            n="39-a-0820"
            ecep:lem="in"
            ecep:pos="p-acp"
            ecep:reg="In"
            ecep:spe="In"
            ecep:syllab="1"
            ecep:pron="ɪn">In</w>
         <c> </c>
         <w xml:id="o5247-044480"
            n="39-a-0830"
            ecep:lem="thy"
            ecep:pos="po21"
            ecep:reg="thy"
            ecep:spe="thy"
            ecep:syllab="1"
            ecep:pron="ðaɪ">thy</w>
         <c> </c>
         <w xml:id="o5247-044490"
            n="39-a-0840"
            ecep:lem="fair"
            ecep:pos="j"
            ecep:reg="fair"
            ecep:spe="fair"
            ecep:syllab="1"
            ecep:pron="feə">fair</w>
         <c> </c>
         <w xml:id="o5247-044500"
            n="39-a-0850"
            ecep:lem="soul"
            ecep:pos="n1"
            ecep:reg="Soul"
            ecep:spe="Soul"
            ecep:syllab="1"
            ecep:pron="səʊl">Soul</w>
         <c> </c>
         <w xml:id="o5247-044510"
            n="39-a-0860"
            ecep:lem="new"
            ecep:pos="j"
            ecep:reg="new"
            ecep:spe="new"
            ecep:syllab="1"
            ecep:pron="njuː">new</w>
         <c> </c>
         <w xml:id="o5247-044520"
            n="39-a-0870"
            ecep:lem="charm"
            ecep:pos="n2"
            ecep:reg="Charms"
            ecep:spe="Charms"
            ecep:syllab="1"
            ecep:pron="tʃɑːmz">Charms</w>
         <c> </c>
         <w xml:id="o5247-044530"
            n="39-a-0880"
            ecep:lem="shall"
            ecep:pos="vmb"
            ecep:reg="shall"
            ecep:spe="shall"
            ecep:syllab="1"
            ecep:pron="ʃæl">shall</w>
         <c> </c>
         <w xml:id="o5247-044540"
            n="39-a-0890"
            ecep:lem="find"
            ecep:pos="vvi"
            ecep:reg="find"
            ecep:spe="find"
            ecep:syllab="1"
            ecep:pron="faɪnd">find</w>
         <pc xml:id="o5247-044550"
             n="39-a-0900"
             ecep:lem=","
             ecep:pos=","
             ecep:reg=","
             ecep:spe=",">,</pc>
      </l>
      <l xml:id="o5247-l02280">
         <c> </c>
         <w xml:id="o5247-044560"
            n="39-a-0910"
            ecep:lem="to"
            ecep:pos="pc-acp"
            ecep:reg="To"
            ecep:spe="To"
            ecep:syllab="1"
            ecep:pron="tuː">To</w>
         <c> </c>
         <w xml:id="o5247-044570"
            n="39-a-0920"
            ecep:lem="raise"
            ecep:pos="vvi"
            ecep:reg="raise"
            ecep:spe="raise"
            ecep:syllab="1"
            ecep:pron="reɪz">raise</w>
         <c> </c>
         <w xml:id="o5247-044580"
            n="39-a-0930"
            ecep:lem="her"
            ecep:pos="po31"
            ecep:reg="her"
            ecep:spe="her"
            ecep:syllab="1"
            ecep:pron="hɜː">her</w>
         <c> </c>
         <w xml:id="o5247-044590"
            n="39-a-0940"
            ecep:lem="voice"
            ecep:pos="n1"
            ecep:reg="Voice"
            ecep:spe="Voice"
            ecep:syllab="1"
            ecep:pron="vɔɪs">Voice</w>
         <pc xml:id="o5247-044600"
             n="39-a-0950"
             ecep:lem=","
             ecep:pos=","
             ecep:reg=","
             ecep:spe=",">,</pc>
         <c> </c>
         <w xml:id="o5247-044610"
            n="39-a-0960"
            ecep:lem="and"
            ecep:pos="cc"
            ecep:reg="and"
            ecep:spe="and"
            ecep:syllab="1"
            ecep:pron="ænd">and</w>
         <c> </c>
         <w xml:id="o5247-044620"
            n="39-a-0970"
            ecep:lem="prune"
            ecep:pos="vvb"
            ecep:reg="prune"
            ecep:spe="prune"
            ecep:syllab="1"
            ecep:pron="pruːn">prune</w>
         <c> </c>
         <w xml:id="o5247-044630"
            n="39-a-0980"
            ecep:lem="her"
            ecep:pos="po31"
            ecep:reg="her"
            ecep:spe="her"
            ecep:syllab="1"
            ecep:pron="hɜː">her</w>
         <c> </c>
         <w xml:id="o5247-044640"
            n="39-a-0990"
            ecep:lem="wing"
            ecep:pos="n1"
            ecep:reg="Wing"
            ecep:spe="Wing"
            ecep:syllab="1"
            ecep:pron="wɪŋ">Wing</w>
         <pc xml:id="o5247-044650"
             n="39-a-1000"
             unit="sentence"
             ecep:lem="."
             ecep:pos="."
             ecep:reg="."
             ecep:spe=".">.</pc>
         <c> </c>
      </l>
   </lg>
</div>
