<?xml version="1.0" encoding="utf-8"?>
<!DOCTYPE div
  SYSTEM "about:legacy-compat">
<div xmlns:ecep="http://www.eighteenthcenturypoetry.org/ns"
     xmlns="http://www.tei-c.org/ns/1.0"
     xmlns:tei="http://www.tei-c.org/ns/1.0"
     ana="#iamb #tetrameter #sestet #sestarima #hymn"
     corresp="#txt_WeslCh1707_w0017"
     decls="#semi-normalized"
     ecep:syllab="8.8.8.8.8.8"
     met="-+|-+|-+|-+/ -+|-+|-+|-+/ -+|-+|-+|-+/ -+|-+|-+|-+/ -+|-+|-+|-+/ -+|-+|-+|-+/"
     rendition="#lgvspace"
     rhyme="ababcc"
     subtype="eceptext"
     type="poem"
     xml:id="o3900-w0650">
   <link target="authors.xml#aut_WeslCh1707" type="author"/>
   <head type="main">
      <w xml:id="o3900-247130"
         n="120-a-0090"
         ecep:lem="Christ"
         ecep:pos="np1"
         ecep:reg="CHRIST"
         ecep:spe="CHRIST"
         ecep:syllab="1"
         ecep:pron="ˈkraɪst">CHRIST</w>
      <c> </c>
      <w xml:id="o3900-247140"
         n="120-a-0100"
         ecep:lem="the"
         ecep:pos="dt"
         ecep:reg="the"
         ecep:spe="the"
         ecep:syllab="1"
         ecep:pron="ðiː">the</w>
      <c> </c>
      <w xml:id="o3900-247150"
         n="120-a-0110"
         ecep:lem="friend"
         ecep:pos="n1"
         ecep:reg="Friend"
         ecep:spe="Friend"
         ecep:syllab="1"
         ecep:pron="frend">Friend</w>
      <c> </c>
      <w xml:id="o3900-247160"
         n="120-a-0120"
         ecep:lem="of"
         ecep:pos="pp-f"
         ecep:reg="of"
         ecep:spe="of"
         ecep:syllab="1"
         ecep:pron="ɒv">of</w>
      <c> </c>
      <w xml:id="o3900-247170"
         n="120-a-0130"
         ecep:lem="sinner"
         ecep:pos="n2"
         ecep:reg="Sinners"
         ecep:spe="Sinners"
         ecep:syllab="2"
         ecep:pron="ˈsɪnəz">Sinners</w>
      <pc xml:id="o3900-247180"
          n="120-a-0140"
          unit="sentence"
          ecep:lem="."
          ecep:pos="."
          ecep:reg="."
          ecep:spe=".">.</pc>
   </head>
   <lg n="1" xml:id="o3900-s02255">
      <head>
         <w xml:id="o3900-247220"
            n="120-a-0150"
            ecep:lem="i"
            ecep:pos="pns11"
            ecep:reg="I"
            ecep:spe="I."
            ecep:syllab="1"
            ecep:pron="ˈaɪ">I.</w>
         <pc unit="sentence" xml:id="o3900-247220-eos" n="120-a-0160"/>
      </head>
      <l xml:id="o3900-l11965">
         <w xml:id="o3900-247240"
            n="120-a-0170"
            ecep:lem="where"
            ecep:pos="c-crq"
            ecep:reg="WHERE"
            ecep:spe="WHERE"
            ecep:syllab="1"
            ecep:pron="weə">WHERE</w>
         <c> </c>
         <w xml:id="o3900-247250"
            n="120-a-0180"
            ecep:lem="shall"
            ecep:pos="vmb"
            ecep:reg="shall"
            ecep:spe="shall"
            ecep:syllab="1"
            ecep:pron="ʃæl">shall</w>
         <c> </c>
         <w xml:id="o3900-247260"
            n="120-a-0190"
            ecep:lem="my"
            ecep:pos="po11"
            ecep:reg="my"
            ecep:spe="my"
            ecep:syllab="1"
            ecep:pron="maɪ">my</w>
         <c> </c>
         <w xml:id="o3900-247270"
            n="120-a-0200"
            ecep:lem="wonder"
            ecep:pos="j-vvg"
            ecep:reg="wondering"
            ecep:spe="wond'ring"
            ecep:syllab="2"
            ecep:pron="ˈwʌndrɪŋ">wond'ring</w>
         <c> </c>
         <w xml:id="o3900-247280"
            n="120-a-0210"
            ecep:lem="soul"
            ecep:pos="n1"
            ecep:reg="Soul"
            ecep:spe="Soul"
            ecep:syllab="1"
            ecep:pron="səʊl">Soul</w>
         <c> </c>
         <w xml:id="o3900-247290"
            n="120-a-0220"
            ecep:lem="begin"
            ecep:pos="vvi"
            ecep:reg="begin"
            ecep:spe="begin"
            ecep:syllab="2"
            ecep:pron="bɪˈgɪn">begin</w>
         <pc xml:id="o3900-247300"
             n="120-a-0230"
             unit="sentence"
             ecep:lem="?"
             ecep:pos="?"
             ecep:reg="?"
             ecep:spe="?">?</pc>
         <c> </c>
      </l>
      <l xml:id="o3900-l11970">
         <w xml:id="o3900-247310"
            n="120-a-0240"
            ecep:lem="how"
            ecep:pos="q-crq"
            ecep:reg="How"
            ecep:spe="How"
            ecep:syllab="1"
            ecep:pron="haʊ">How</w>
         <c> </c>
         <w xml:id="o3900-247320"
            n="120-a-0250"
            ecep:lem="shall"
            ecep:pos="vmb"
            ecep:reg="shall"
            ecep:spe="shall"
            ecep:syllab="1"
            ecep:pron="ʃæl">shall</w>
         <c> </c>
         <w xml:id="o3900-247330"
            n="120-a-0260"
            ecep:lem="i"
            ecep:pos="pns11"
            ecep:reg="I"
            ecep:spe="I"
            ecep:syllab="1"
            ecep:pron="aɪ">I</w>
         <c> </c>
         <w xml:id="o3900-247340"
            n="120-a-0270"
            ecep:lem="all"
            ecep:pos="d"
            ecep:reg="All"
            ecep:spe="All"
            ecep:syllab="1"
            ecep:pron="ɔːl">All</w>
         <c> </c>
         <w xml:id="o3900-247350"
            n="120-a-0280"
            ecep:lem="to"
            ecep:pos="p-acp"
            ecep:reg="to"
            ecep:spe="to"
            ecep:syllab="1"
            ecep:pron="tuː">to</w>
         <c> </c>
         <w xml:id="o3900-247360"
            n="120-a-0290"
            ecep:lem="heaven"
            ecep:pos="n1"
            ecep:reg="Heaven"
            ecep:spe="Heaven"
            ecep:syllab="1"
            ecep:pron="ˈhevn">Heaven</w>
         <c> </c>
         <w xml:id="o3900-247370"
            n="120-a-0300"
            ecep:lem="aspire"
            ecep:pos="vvi"
            ecep:reg="aspire"
            ecep:spe="aspire"
            ecep:syllab="2"
            ecep:pron="əˈspæə">aspire</w>
         <pc xml:id="o3900-247380"
             n="120-a-0310"
             unit="sentence"
             ecep:lem="?"
             ecep:pos="?"
             ecep:reg="?"
             ecep:spe="?">?</pc>
         <c> </c>
      </l>
      <l xml:id="o3900-l11975">
         <w xml:id="o3900-247390"
            n="120-a-0320"
            ecep:lem="a"
            ecep:pos="dt"
            ecep:reg="A"
            ecep:spe="A"
            ecep:syllab="1"
            ecep:pron="ə">A</w>
         <c> </c>
         <w xml:id="o3900-247400"
            n="120-a-0330"
            ecep:lem="slave"
            ecep:pos="n1"
            ecep:reg="Slave"
            ecep:spe="Slave"
            ecep:syllab="1"
            ecep:pron="sleɪv">Slave</w>
         <c> </c>
         <w xml:id="o3900-247410"
            n="120-a-0340"
            ecep:lem="redeem"
            ecep:pos="vvn"
            ecep:reg="redeemed"
            ecep:spe="redeem'd"
            ecep:syllab="2"
            ecep:pron="rɪˈdiːmd">redeem'd</w>
         <c> </c>
         <w xml:id="o3900-247420"
            n="120-a-0350"
            ecep:lem="from"
            ecep:pos="p-acp"
            ecep:reg="from"
            ecep:spe="from"
            ecep:syllab="1"
            ecep:pron="frɒm">from</w>
         <c> </c>
         <w xml:id="o3900-247430"
            n="120-a-0360"
            ecep:lem="death"
            ecep:pos="n1"
            ecep:reg="Death"
            ecep:spe="Death"
            ecep:syllab="1"
            ecep:pron="deθ">Death</w>
         <c> </c>
         <w xml:id="o3900-247440"
            n="120-a-0370"
            ecep:lem="and"
            ecep:pos="cc"
            ecep:reg="and"
            ecep:spe="and"
            ecep:syllab="1"
            ecep:pron="ænd">and</w>
         <c> </c>
         <w xml:id="o3900-247450"
            n="120-a-0380"
            ecep:lem="sin"
            ecep:pos="n1"
            ecep:reg="Sin"
            ecep:spe="Sin"
            ecep:syllab="1"
            ecep:pron="sɪn">Sin</w>
         <pc xml:id="o3900-247460"
             n="120-a-0390"
             ecep:lem=","
             ecep:pos=","
             ecep:reg=","
             ecep:spe=",">,</pc>
      </l>
      <l xml:id="o3900-l11980">
         <c> </c>
         <w xml:id="o3900-247470"
            n="120-a-0400"
            ecep:lem="a"
            ecep:pos="dt"
            ecep:reg="A"
            ecep:spe="A"
            ecep:syllab="1"
            ecep:pron="ə">A</w>
         <c> </c>
         <w xml:id="o3900-247480"
            n="120-a-0410"
            ecep:lem="brand"
            ecep:pos="n1"
            ecep:reg="Brand"
            ecep:spe="Brand"
            ecep:syllab="1"
            ecep:pron="brænd">Brand</w>
         <c> </c>
         <w xml:id="o3900-247490"
            n="120-a-0420"
            ecep:lem="pluck"
            ecep:pos="vvn"
            ecep:reg="plucked"
            ecep:spe="pluck'd"
            ecep:syllab="1"
            ecep:pron="plʌkt">pluck'd</w>
         <c> </c>
         <w xml:id="o3900-247500"
            n="120-a-0430"
            ecep:lem="from"
            ecep:pos="p-acp"
            ecep:reg="from"
            ecep:spe="from"
            ecep:syllab="1"
            ecep:pron="frɒm">from</w>
         <c> </c>
         <w xml:id="o3900-247510"
            n="120-a-0440"
            ecep:lem="eternal"
            ecep:pos="j"
            ecep:reg="Eternal"
            ecep:spe="Eternal"
            ecep:syllab="3"
            ecep:pron="ɪˈtɜːnl">Eternal</w>
         <c> </c>
         <w xml:id="o3900-247520"
            n="120-a-0450"
            ecep:lem="fire"
            ecep:pos="n1"
            ecep:reg="Fire"
            ecep:spe="Fire"
            ecep:syllab="1"
            ecep:pron="fæə">Fire</w>
         <pc xml:id="o3900-247530"
             n="120-a-0460"
             ecep:lem=","
             ecep:pos=","
             ecep:reg=","
             ecep:spe=",">,</pc>
      </l>
      <l xml:id="o3900-l11985">
         <c> </c>
         <w xml:id="o3900-247540"
            n="120-a-0470"
            ecep:lem="how"
            ecep:pos="q-crq"
            ecep:reg="How"
            ecep:spe="How"
            ecep:syllab="1"
            ecep:pron="haʊ">How</w>
         <c> </c>
         <w xml:id="o3900-247550"
            n="120-a-0480"
            ecep:lem="shall"
            ecep:pos="vmb"
            ecep:reg="shall"
            ecep:spe="shall"
            ecep:syllab="1"
            ecep:pron="ʃæl">shall</w>
         <c> </c>
         <w xml:id="o3900-247560"
            n="120-a-0490"
            ecep:lem="i"
            ecep:pos="pns11"
            ecep:reg="I"
            ecep:spe="I"
            ecep:syllab="1"
            ecep:pron="aɪ">I</w>
         <c> </c>
         <w xml:id="o3900-247570"
            n="120-a-0500"
            ecep:lem="equal"
            ecep:pos="vvi"
            ecep:reg="equal"
            ecep:spe="equal"
            ecep:syllab="2"
            ecep:pron="ˈiːkwəl">equal</w>
         <c> </c>
         <w xml:id="o3900-247580"
            n="120-a-0510"
            ecep:lem="triumph"
            ecep:pos="n2"
            ecep:reg="Triumphs"
            ecep:spe="Triumphs"
            ecep:syllab="2"
            ecep:pron="ˈtraɪəmfs">Triumphs</w>
         <c> </c>
         <w xml:id="o3900-247590"
            n="120-a-0520"
            ecep:lem="raise"
            ecep:pos="vvi"
            ecep:reg="raise"
            ecep:spe="raise"
            ecep:syllab="1"
            ecep:pron="reɪz">raise</w>
         <pc xml:id="o3900-247600"
             n="120-a-0530"
             ecep:lem=","
             ecep:pos=","
             ecep:reg=","
             ecep:spe=",">,</pc>
      </l>
      <l xml:id="o3900-l11990">
         <c> </c>
         <w xml:id="o3900-247610"
            n="120-a-0540"
            ecep:lem="and"
            ecep:pos="cc"
            ecep:reg="And"
            ecep:spe="And"
            ecep:syllab="1"
            ecep:pron="ænd">And</w>
         <c> </c>
         <w xml:id="o3900-247620"
            n="120-a-0550"
            ecep:lem="sing"
            ecep:pos="vvb"
            ecep:reg="sing"
            ecep:spe="sing"
            ecep:syllab="1"
            ecep:pron="sɪŋ">sing</w>
         <c> </c>
         <w xml:id="o3900-247630"
            n="120-a-0560"
            ecep:lem="my"
            ecep:pos="po11"
            ecep:reg="my"
            ecep:spe="my"
            ecep:syllab="1"
            ecep:pron="maɪ">my</w>
         <c> </c>
         <w xml:id="o3900-247640"
            n="120-a-0570"
            ecep:lem="great"
            ecep:pos="j"
            ecep:reg="great"
            ecep:spe="great"
            ecep:syllab="1"
            ecep:pron="greɪt">great</w>
         <c> </c>
         <w xml:id="o3900-247650"
            n="120-a-0580"
            ecep:lem="deliverer"
            ecep:pos="ng1"
            ecep:reg="Deliverer's"
            ecep:spe="Deliverer's"
            ecep:syllab="4"
            ecep:pron="dɪˈlɪvrəz">Deliverer's</w>
         <c> </c>
         <w xml:id="o3900-247660"
            n="120-a-0590"
            ecep:lem="praise"
            ecep:pos="n1"
            ecep:reg="Praise"
            ecep:spe="Praise"
            ecep:syllab="1"
            ecep:pron="preɪz">Praise</w>
         <pc xml:id="o3900-247670"
             n="120-a-0600"
             unit="sentence"
             ecep:lem="!"
             ecep:pos="!"
             ecep:reg="!"
             ecep:spe="!">!</pc>
         <c> </c>
      </l>
   </lg>
   <lg n="2" xml:id="o3900-s02260">
      <head>
         <w xml:id="o3900-247710"
            n="120-a-0610"
            ecep:lem="ii"
            ecep:pos="crd"
            ecep:reg="II"
            ecep:spe="II"
            ecep:syllab="1"
            ecep:pron="rˌəʊməntˈuː">II</w>
         <pc xml:id="o3900-247720"
             n="120-a-0620"
             unit="sentence"
             ecep:lem="."
             ecep:pos="."
             ecep:reg="."
             ecep:spe=".">.</pc>
      </head>
      <l xml:id="o3900-l11995">
         <w xml:id="o3900-247740"
            n="120-a-0630"
            ecep:lem="o"
            ecep:pos="uh"
            ecep:reg="OH"
            ecep:spe="O"
            ecep:syllab="1"
            ecep:pron="əʊ">O</w>
         <c> </c>
         <w xml:id="o3900-247750"
            n="120-a-0640"
            ecep:lem="how"
            ecep:pos="q-crq"
            ecep:reg="how"
            ecep:spe="how"
            ecep:syllab="1"
            ecep:pron="haʊ">how</w>
         <c> </c>
         <w xml:id="o3900-247760"
            n="120-a-0650"
            ecep:lem="shall"
            ecep:pos="vmb"
            ecep:reg="shall"
            ecep:spe="shall"
            ecep:syllab="1"
            ecep:pron="ʃæl">shall</w>
         <c> </c>
         <w xml:id="o3900-247770"
            n="120-a-0660"
            ecep:lem="i"
            ecep:pos="pns11"
            ecep:reg="I"
            ecep:spe="I"
            ecep:syllab="1"
            ecep:pron="aɪ">I</w>
         <c> </c>
         <w xml:id="o3900-247780"
            n="120-a-0670"
            ecep:lem="the"
            ecep:pos="dt"
            ecep:reg="the"
            ecep:spe="the"
            ecep:syllab="1"
            ecep:pron="ðiː">the</w>
         <c> </c>
         <w xml:id="o3900-247790"
            n="120-a-0680"
            ecep:lem="goodness"
            ecep:pos="n1"
            ecep:reg="Goodness"
            ecep:spe="Goodness"
            ecep:syllab="2"
            ecep:pron="ˈgʊdnəs">Goodness</w>
         <c> </c>
         <w xml:id="o3900-247800"
            n="120-a-0690"
            ecep:lem="tell"
            ecep:pos="vvi"
            ecep:reg="tell"
            ecep:spe="tell"
            ecep:syllab="1"
            ecep:pron="tel">tell</w>
         <pc xml:id="o3900-247810"
             n="120-a-0700"
             ecep:lem=","
             ecep:pos=","
             ecep:reg=","
             ecep:spe=",">,</pc>
      </l>
      <l xml:id="o3900-l12000">
         <c> </c>
         <w xml:id="o3900-247820"
            n="120-a-0710"
            ecep:lem="father"
            ecep:pos="n1"
            ecep:reg="Father"
            ecep:spe="Father"
            ecep:syllab="2"
            ecep:pron="ˈfɑːðə">Father</w>
         <pc xml:id="o3900-247830"
             n="120-a-0720"
             ecep:lem=","
             ecep:pos=","
             ecep:reg=","
             ecep:spe=",">,</pc>
         <c> </c>
         <w xml:id="o3900-247840"
            n="120-a-0730"
            ecep:lem="which"
            ecep:pos="r-crq"
            ecep:reg="which"
            ecep:spe="which"
            ecep:syllab="1"
            ecep:pron="wɪtʃ">which</w>
         <c> </c>
         <w xml:id="o3900-247850"
            n="120-a-0740"
            ecep:lem="thou"
            ecep:pos="pns21"
            ecep:reg="Thou"
            ecep:spe="Thou"
            ecep:syllab="1"
            ecep:pron="θaʊ">Thou</w>
         <c> </c>
         <w xml:id="o3900-247860"
            n="120-a-0750"
            ecep:lem="to"
            ecep:pos="p-acp"
            ecep:reg="to"
            ecep:spe="to"
            ecep:syllab="1"
            ecep:pron="tuː">to</w>
         <c> </c>
         <w xml:id="o3900-247870"
            n="120-a-0760"
            ecep:lem="i"
            ecep:pos="pno11"
            ecep:reg="me"
            ecep:spe="me"
            ecep:syllab="1"
            ecep:pron="miː">me</w>
         <c> </c>
         <w xml:id="o3900-247880"
            n="120-a-0770"
            ecep:lem="have"
            ecep:pos="vh2"
            ecep:reg="hast"
            ecep:spe="hast"
            ecep:syllab="1"
            ecep:pron="hæst">hast</w>
         <c> </c>
         <w xml:id="o3900-247890"
            n="120-a-0780"
            ecep:lem="show"
            ecep:pos="vvn"
            ecep:reg="showed"
            ecep:spe="show'd"
            ecep:syllab="1"
            ecep:pron="ʃəʊd">show'd</w>
         <pc xml:id="o3900-247900"
             n="120-a-0790"
             ecep:lem=","
             ecep:pos=","
             ecep:reg=","
             ecep:spe=",">,</pc>
      </l>
      <l xml:id="o3900-l12005">
         <c> </c>
         <w xml:id="o3900-247910"
            n="120-a-0800"
            ecep:lem="that"
            ecep:pos="cst"
            ecep:reg="That"
            ecep:spe="That"
            ecep:syllab="1"
            ecep:pron="ðæt">That</w>
         <c> </c>
         <w xml:id="o3900-247920"
            n="120-a-0810"
            ecep:lem="i"
            ecep:pos="pns11"
            ecep:reg="I"
            ecep:spe="I"
            ecep:syllab="1"
            ecep:pron="aɪ">I</w>
         <pc xml:id="o3900-247930"
             n="120-a-0820"
             ecep:lem=","
             ecep:pos=","
             ecep:reg=","
             ecep:spe=",">,</pc>
         <c> </c>
         <w xml:id="o3900-247940"
            n="120-a-0830"
            ecep:lem="a"
            ecep:pos="dt"
            ecep:reg="a"
            ecep:spe="a"
            ecep:syllab="1"
            ecep:pron="ə">a</w>
         <c> </c>
         <w xml:id="o3900-247950"
            n="120-a-0840"
            ecep:lem="child"
            ecep:pos="n1"
            ecep:reg="Child"
            ecep:spe="Child"
            ecep:syllab="1"
            ecep:pron="tʃaɪld">Child</w>
         <c> </c>
         <w xml:id="o3900-247960"
            n="120-a-0850"
            ecep:lem="of"
            ecep:pos="pp-f"
            ecep:reg="of"
            ecep:spe="of"
            ecep:syllab="1"
            ecep:pron="ɒv">of</w>
         <c> </c>
         <w xml:id="o3900-247970"
            n="120-a-0860"
            ecep:lem="wrath"
            ecep:pos="n1"
            ecep:reg="Wrath"
            ecep:spe="Wrath"
            ecep:syllab="1"
            ecep:pron="rɒθ">Wrath</w>
         <pc xml:id="o3900-247980"
             n="120-a-0870"
             ecep:lem=","
             ecep:pos=","
             ecep:reg=","
             ecep:spe=",">,</pc>
         <c> </c>
         <w xml:id="o3900-247990"
            n="120-a-0880"
            ecep:lem="and"
            ecep:pos="cc"
            ecep:reg="and"
            ecep:spe="and"
            ecep:syllab="1"
            ecep:pron="ænd">and</w>
         <c> </c>
         <w xml:id="o3900-248000"
            n="120-a-0890"
            ecep:lem="hell"
            ecep:pos="n1"
            ecep:reg="Hell"
            ecep:spe="Hell"
            ecep:syllab="1"
            ecep:pron="hel">Hell</w>
         <pc xml:id="o3900-248010"
             n="120-a-0900"
             ecep:lem=","
             ecep:pos=","
             ecep:reg=","
             ecep:spe=",">,</pc>
      </l>
      <l xml:id="o3900-l12010">
         <c> </c>
         <w xml:id="o3900-248020"
            n="120-a-0910"
            ecep:lem="i"
            ecep:pos="pns11"
            ecep:reg="I"
            ecep:spe="I"
            ecep:syllab="1"
            ecep:pron="aɪ">I</w>
         <c> </c>
         <w xml:id="o3900-248030"
            n="120-a-0920"
            ecep:lem="shall"
            ecep:pos="vmd"
            ecep:reg="should"
            ecep:spe="should"
            ecep:syllab="1"
            ecep:pron="ʃʊd">should</w>
         <c> </c>
         <w xml:id="o3900-248040"
            n="120-a-0930"
            ecep:lem="be"
            ecep:pos="vbi"
            ecep:reg="be"
            ecep:spe="be"
            ecep:syllab="1"
            ecep:pron="biː">be</w>
         <c> </c>
         <w xml:id="o3900-248050"
            n="120-a-0940"
            ecep:lem="call"
            ecep:pos="vvn"
            ecep:reg="called"
            ecep:spe="call'd"
            ecep:syllab="1"
            ecep:pron="kɔːld">call'd</w>
         <c> </c>
         <w xml:id="o3900-248060"
            n="120-a-0950"
            ecep:lem="a"
            ecep:pos="dt"
            ecep:reg="a"
            ecep:spe="a"
            ecep:syllab="1"
            ecep:pron="ə">a</w>
         <c> </c>
         <w xml:id="o3900-248070"
            n="120-a-0960"
            ecep:lem="child"
            ecep:pos="n1"
            ecep:reg="Child"
            ecep:spe="Child"
            ecep:syllab="1"
            ecep:pron="tʃaɪld">Child</w>
         <c> </c>
         <w xml:id="o3900-248080"
            n="120-a-0970"
            ecep:lem="of"
            ecep:pos="pp-f"
            ecep:reg="of"
            ecep:spe="of"
            ecep:syllab="1"
            ecep:pron="ɒv">of</w>
         <c> </c>
         <w xml:id="o3900-248090"
            n="120-a-0980"
            ecep:lem="god"
            ecep:pos="n1"
            ecep:reg="GOD"
            ecep:spe="GOD"
            ecep:syllab="1"
            ecep:pron="gɒd">GOD</w>
         <pc xml:id="o3900-248100"
             n="120-a-0990"
             unit="sentence"
             ecep:lem="!"
             ecep:pos="!"
             ecep:reg="!"
             ecep:spe="!">!</pc>
         <c> </c>
      </l>
      <l xml:id="o3900-l12015">
         <w xml:id="o3900-248110"
            n="120-a-1000"
            ecep:lem="shall"
            ecep:pos="vmd"
            ecep:reg="Should"
            ecep:spe="Should"
            ecep:syllab="1"
            ecep:pron="ʃʊd">Should</w>
         <c> </c>
         <w xml:id="o3900-248120"
            n="120-a-1010"
            ecep:lem="know"
            ecep:pos="vvi"
            ecep:reg="know"
            ecep:spe="know"
            ecep:syllab="1"
            ecep:pron="nəʊ">know</w>
         <pc xml:id="o3900-248130"
             n="120-a-1020"
             ecep:lem=","
             ecep:pos=","
             ecep:reg=","
             ecep:spe=",">,</pc>
         <c> </c>
         <w xml:id="o3900-248140"
            n="120-a-1030"
            ecep:lem="shall"
            ecep:pos="vmd"
            ecep:reg="should"
            ecep:spe="should"
            ecep:syllab="1"
            ecep:pron="ʃʊd">should</w>
         <c> </c>
         <w xml:id="o3900-248150"
            n="120-a-1040"
            ecep:lem="feel"
            ecep:pos="vvi"
            ecep:reg="feel"
            ecep:spe="feel"
            ecep:syllab="1"
            ecep:pron="fiːl">feel</w>
         <c> </c>
         <w xml:id="o3900-248160"
            n="120-a-1050"
            ecep:lem="my"
            ecep:pos="po11"
            ecep:reg="my"
            ecep:spe="my"
            ecep:syllab="1"
            ecep:pron="maɪ">my</w>
         <c> </c>
         <w xml:id="o3900-248170"
            n="120-a-1060"
            ecep:lem="sin"
            ecep:pos="n2"
            ecep:reg="Sins"
            ecep:spe="Sins"
            ecep:syllab="1"
            ecep:pron="sɪnz">Sins</w>
         <c> </c>
         <w xml:id="o3900-248180"
            n="120-a-1070"
            ecep:lem="forgive"
            ecep:pos="vvn"
            ecep:reg="forgiven"
            ecep:spe="forgiven"
            ecep:syllab="3"
            ecep:pron="fəˈgɪvn">forgiven</w>
         <pc xml:id="o3900-248190"
             n="120-a-1080"
             ecep:lem=","
             ecep:pos=","
             ecep:reg=","
             ecep:spe=",">,</pc>
      </l>
      <l xml:id="o3900-l12020">
         <c> </c>
         <w xml:id="o3900-248200"
            n="120-a-1090"
            ecep:lem="bless"
            ecep:pos="vvn"
            ecep:reg="Blessed"
            ecep:spe="Blest"
            ecep:syllab="1"
            ecep:pron="blest">Blest</w>
         <c> </c>
         <w xml:id="o3900-248210"
            n="120-a-1100"
            ecep:lem="with"
            ecep:pos="p-acp"
            ecep:reg="with"
            ecep:spe="with"
            ecep:syllab="1"
            ecep:pron="wɪð">with</w>
         <c> </c>
         <w xml:id="o3900-248220"
            n="120-a-1110"
            ecep:lem="this"
            ecep:pos="d"
            ecep:reg="this"
            ecep:spe="this"
            ecep:syllab="1"
            ecep:pron="ðɪs">this</w>
         <c> </c>
         <w xml:id="o3900-248230"
            n="120-a-1120"
            ecep:lem="antepast"
            ecep:pos="n1"
            ecep:reg="Antepast"
            ecep:spe="Antepast"
            ecep:syllab="3"
            ecep:pron="ˈæntɪˌpɑːst">Antepast</w>
         <c> </c>
         <w xml:id="o3900-248240"
            n="120-a-1130"
            ecep:lem="of"
            ecep:pos="pp-f"
            ecep:reg="of"
            ecep:spe="of"
            ecep:syllab="1"
            ecep:pron="ɒv">of</w>
         <c> </c>
         <w xml:id="o3900-248250"
            n="120-a-1140"
            ecep:lem="heaven"
            ecep:pos="n1"
            ecep:reg="Heaven"
            ecep:spe="Heaven"
            ecep:syllab="1"
            ecep:pron="ˈhevn">Heaven</w>
         <pc xml:id="o3900-248260"
             n="120-a-1150"
             unit="sentence"
             ecep:lem="!"
             ecep:pos="!"
             ecep:reg="!"
             ecep:spe="!">!</pc>
         <c> </c>
      </l>
   </lg>
   <pb facs="121" n="102" rend="none"/>
   <lg n="3" xml:id="o3900-s02265">
      <head>
         <w xml:id="o3900-248300"
            n="121-a-0010"
            ecep:lem="iii"
            ecep:pos="crd"
            ecep:reg="III"
            ecep:spe="III"
            ecep:syllab="1"
            ecep:pron="rˌəʊmənθrˈiː">III</w>
         <pc xml:id="o3900-248310"
             n="121-a-0020"
             unit="sentence"
             ecep:lem="."
             ecep:pos="."
             ecep:reg="."
             ecep:spe=".">.</pc>
      </head>
      <l xml:id="o3900-l12025">
         <w xml:id="o3900-248330"
            n="121-a-0030"
            ecep:lem="and"
            ecep:pos="cc"
            ecep:reg="And"
            ecep:spe="And"
            ecep:syllab="1"
            ecep:pron="ænd">And</w>
         <c> </c>
         <w xml:id="o3900-248340"
            n="121-a-0040"
            ecep:lem="shall"
            ecep:pos="vmb"
            ecep:reg="shall"
            ecep:spe="shall"
            ecep:syllab="1"
            ecep:pron="ʃæl">shall</w>
         <c> </c>
         <w xml:id="o3900-248350"
            n="121-a-0050"
            ecep:lem="i"
            ecep:pos="pns11"
            ecep:reg="I"
            ecep:spe="I"
            ecep:syllab="1"
            ecep:pron="aɪ">I</w>
         <c> </c>
         <w xml:id="o3900-248360"
            n="121-a-0060"
            ecep:lem="slight"
            ecep:pos="vvi"
            ecep:reg="slight"
            ecep:spe="slight"
            ecep:syllab="1"
            ecep:pron="slaɪt">slight</w>
         <c> </c>
         <w xml:id="o3900-248370"
            n="121-a-0070"
            ecep:lem="my"
            ecep:pos="po11"
            ecep:reg="my"
            ecep:spe="my"
            ecep:syllab="1"
            ecep:pron="maɪ">my</w>
         <c> </c>
         <w xml:id="o3900-248380"
            n="121-a-0080"
            ecep:lem="father"
            ecep:pos="ng1"
            ecep:reg="Father's"
            ecep:spe="Father's"
            ecep:syllab="2"
            ecep:pron="ˈfɑːðəz">Father's</w>
         <c> </c>
         <w xml:id="o3900-248390"
            n="121-a-0090"
            ecep:lem="love"
            ecep:pos="n1"
            ecep:reg="Love"
            ecep:spe="Love"
            ecep:syllab="1"
            ecep:pron="lʌv">Love</w>
         <pc xml:id="o3900-248400"
             n="121-a-0100"
             ecep:lem=","
             ecep:pos=","
             ecep:reg=","
             ecep:spe=",">,</pc>
      </l>
      <l xml:id="o3900-l12030">
         <c> </c>
         <w xml:id="o3900-248410"
            n="121-a-0110"
            ecep:lem="or"
            ecep:pos="cc"
            ecep:reg="Or"
            ecep:spe="Or"
            ecep:syllab="1"
            ecep:pron="ɔː">Or</w>
         <c> </c>
         <w xml:id="o3900-248420"
            n="121-a-0120"
            ecep:lem="base"
            ecep:pos="av-j"
            ecep:reg="basely"
            ecep:spe="basely"
            ecep:syllab="2"
            ecep:pron="beɪsli">basely</w>
         <c> </c>
         <w xml:id="o3900-248430"
            n="121-a-0130"
            ecep:lem="fear"
            ecep:pos="vvi"
            ecep:reg="fear"
            ecep:spe="fear"
            ecep:syllab="1"
            ecep:pron="fɪə">fear</w>
         <c> </c>
         <w xml:id="o3900-248440"
            n="121-a-0140"
            ecep:lem="his"
            ecep:pos="po31"
            ecep:reg="his"
            ecep:spe="his"
            ecep:syllab="1"
            ecep:pron="hɪz">his</w>
         <c> </c>
         <w xml:id="o3900-248450"
            n="121-a-0150"
            ecep:lem="gift"
            ecep:pos="n2"
            ecep:reg="Gifts"
            ecep:spe="Gifts"
            ecep:syllab="1"
            ecep:pron="gɪfts">Gifts</w>
         <c> </c>
         <w xml:id="o3900-248460"
            n="121-a-0160"
            ecep:lem="to"
            ecep:pos="p-acp"
            ecep:reg="to"
            ecep:spe="to"
            ecep:syllab="1"
            ecep:pron="tuː">to</w>
         <c> </c>
         <w xml:id="o3900-248470"
            n="121-a-0170"
            ecep:lem="own"
            ecep:pos="d"
            ecep:reg="own"
            ecep:spe="own"
            ecep:syllab="1"
            ecep:pron="əʊn">own</w>
         <pc xml:id="o3900-248480"
             n="121-a-0180"
             unit="sentence"
             ecep:lem="?"
             ecep:pos="?"
             ecep:reg="?"
             ecep:spe="?">?</pc>
         <c> </c>
      </l>
      <l xml:id="o3900-l12035">
         <w xml:id="o3900-248490"
            n="121-a-0190"
            ecep:lem="unmindful"
            ecep:pos="j"
            ecep:reg="Unmindful"
            ecep:spe="Unmindful"
            ecep:syllab="3"
            ecep:pron="ʌnˈmaɪnfl">Unmindful</w>
         <c> </c>
         <w xml:id="o3900-248500"
            n="121-a-0200"
            ecep:lem="of"
            ecep:pos="pp-f"
            ecep:reg="of"
            ecep:spe="of"
            ecep:syllab="1"
            ecep:pron="ɒv">of</w>
         <c> </c>
         <w xml:id="o3900-248510"
            n="121-a-0210"
            ecep:lem="his"
            ecep:pos="po31"
            ecep:reg="his"
            ecep:spe="his"
            ecep:syllab="1"
            ecep:pron="hɪz">his</w>
         <c> </c>
         <w xml:id="o3900-248520"
            n="121-a-0220"
            ecep:lem="favour"
            ecep:pos="n2"
            ecep:reg="Favours"
            ecep:spe="Favours"
            ecep:syllab="2"
            ecep:pron="ˈfeɪvəz">Favours</w>
         <c> </c>
         <w xml:id="o3900-248530"
            n="121-a-0230"
            ecep:lem="prove"
            ecep:pos="vvi"
            ecep:reg="prove"
            ecep:spe="prove"
            ecep:syllab="1"
            ecep:pron="pruːv">prove</w>
         <pc xml:id="o3900-248540"
             n="121-a-0240"
             unit="sentence"
             ecep:lem="?"
             ecep:pos="?"
             ecep:reg="?"
             ecep:spe="?">?</pc>
         <c> </c>
      </l>
      <l xml:id="o3900-l12040">
         <w xml:id="o3900-248550"
            n="121-a-0250"
            ecep:lem="shall"
            ecep:pos="vmb"
            ecep:reg="Shall"
            ecep:spe="Shall"
            ecep:syllab="1"
            ecep:pron="ʃæl">Shall</w>
         <c> </c>
         <w xml:id="o3900-248560"
            n="121-a-0260"
            ecep:lem="i"
            ecep:pos="pns11"
            ecep:reg="I"
            ecep:spe="I"
            ecep:syllab="1"
            ecep:pron="aɪ">I</w>
         <c> </c>
         <w xml:id="o3900-248570"
            n="121-a-0270"
            ecep:lem="the"
            ecep:pos="dt"
            ecep:reg="the"
            ecep:spe="the"
            ecep:syllab="1"
            ecep:pron="ðiː">the</w>
         <c> </c>
         <w xml:id="o3900-248580"
            n="121-a-0280"
            ecep:lem="hallow"
            ecep:pos="j-vvn"
            ecep:reg="hallowed"
            ecep:spe="hallow'd"
            ecep:syllab="2"
            ecep:pron="ˈhæləʊd">hallow'd</w>
         <c> </c>
         <w xml:id="o3900-248590"
            n="121-a-0290"
            ecep:lem="cross"
            ecep:pos="n1"
            ecep:reg="Cross"
            ecep:spe="Cross"
            ecep:syllab="1"
            ecep:pron="krɒs">Cross</w>
         <c> </c>
         <w xml:id="o3900-248600"
            n="121-a-0300"
            ecep:lem="to"
            ecep:pos="pc-acp"
            ecep:reg="to"
            ecep:spe="to"
            ecep:syllab="1"
            ecep:pron="tuː">to</w>
         <c> </c>
         <w xml:id="o3900-248610"
            n="121-a-0310"
            ecep:lem="shun"
            ecep:pos="vvi"
            ecep:reg="shun"
            ecep:spe="shun"
            ecep:syllab="1"
            ecep:pron="ʃʌn">shun</w>
      </l>
      <l xml:id="o3900-l12045">
         <c> </c>
         <w xml:id="o3900-248620"
            n="121-a-0320"
            ecep:lem="refuse"
            ecep:pos="vvi"
            ecep:reg="Refuse"
            ecep:spe="Refuse"
            ecep:syllab="2"
            ecep:pron="ˈrefjuːs">Refuse</w>
         <c> </c>
         <w xml:id="o3900-248630"
            n="121-a-0330"
            ecep:lem="his"
            ecep:pos="po31"
            ecep:reg="his"
            ecep:spe="his"
            ecep:syllab="1"
            ecep:pron="hɪz">his</w>
         <c> </c>
         <w xml:id="o3900-248640"
            n="121-a-0340"
            ecep:lem="righteousness"
            ecep:pos="n1"
            ecep:reg="Righteousness"
            ecep:spe="Righteousness"
            ecep:syllab="3"
            ecep:pron="ˈraɪtʃəsnəs">Righteousness</w>
         <c> </c>
         <w xml:id="o3900-248650"
            n="121-a-0350"
            ecep:lem="to|impart"
            ecep:pos="pc-acp|vvi"
            ecep:reg="t'impart"
            ecep:spe="t'impart"
            ecep:syllab="2"
            ecep:pron="tˈiːˈɪmpɑːt">t'impart</w>
      </l>
      <l xml:id="o3900-l12050">
         <c> </c>
         <w xml:id="o3900-248660"
            n="121-a-0360"
            ecep:lem="by"
            ecep:pos="p-acp"
            ecep:reg="By"
            ecep:spe="By"
            ecep:syllab="1"
            ecep:pron="baɪ">By</w>
         <c> </c>
         <w xml:id="o3900-248670"
            n="121-a-0370"
            ecep:lem="hiding"
            ecep:pos="n1"
            ecep:reg="hiding"
            ecep:spe="hiding"
            ecep:syllab="2"
            ecep:pron="haɪdɪŋ">hiding</w>
         <c> </c>
         <w xml:id="o3900-248680"
            n="121-a-0380"
            ecep:lem="it"
            ecep:pos="pn31"
            ecep:reg="it"
            ecep:spe="it"
            ecep:syllab="1"
            ecep:pron="ɪt">it</w>
         <c> </c>
         <w xml:id="o3900-248690"
            n="121-a-0390"
            ecep:lem="within"
            ecep:pos="p-acp"
            ecep:reg="within"
            ecep:spe="within"
            ecep:syllab="2"
            ecep:pron="wɪˈðɪn">within</w>
         <c> </c>
         <w xml:id="o3900-248700"
            n="121-a-0400"
            ecep:lem="my"
            ecep:pos="po11"
            ecep:reg="my"
            ecep:spe="my"
            ecep:syllab="1"
            ecep:pron="maɪ">my</w>
         <c> </c>
         <w xml:id="o3900-248710"
            n="121-a-0410"
            ecep:lem="heart"
            ecep:pos="n1"
            ecep:reg="Heart"
            ecep:spe="Heart"
            ecep:syllab="1"
            ecep:pron="hɑːt">Heart</w>
         <pc xml:id="o3900-248720"
             n="121-a-0420"
             unit="sentence"
             ecep:lem="?"
             ecep:pos="?"
             ecep:reg="?"
             ecep:spe="?">?</pc>
         <c> </c>
      </l>
   </lg>
   <lg n="4" xml:id="o3900-s02270">
      <head>
         <w xml:id="o3900-248760"
            n="121-a-0430"
            ecep:lem="iv"
            ecep:pos="crd"
            ecep:reg="IV"
            ecep:spe="IV"
            ecep:syllab="1"
            ecep:pron="rˌəʊmənfˈɔː">IV</w>
         <pc xml:id="o3900-248770"
             n="121-a-0440"
             unit="sentence"
             ecep:lem="."
             ecep:pos="."
             ecep:reg="."
             ecep:spe=".">.</pc>
      </head>
      <l xml:id="o3900-l12055">
         <w xml:id="o3900-248790"
            n="121-a-0450"
            ecep:lem="no"
            ecep:pos="uh-x"
            ecep:reg="No"
            ecep:spe="No"
            ecep:syllab="1"
            ecep:pron="nəʊ">No</w>
         <c> </c>
         <pc xml:id="o3900-248800"
             n="121-a-0460"
             ecep:lem="—"
             ecep:pos="—"
             ecep:reg="—"
             ecep:spe="—">—</pc>
         <c> </c>
         <w xml:id="o3900-248810"
            n="121-a-0470"
            ecep:lem="though"
            ecep:pos="c-acp"
            ecep:reg="though"
            ecep:spe="tho'"
            ecep:syllab="1"
            ecep:pron="ðəʊ">tho'</w>
         <c> </c>
         <w xml:id="o3900-248820"
            n="121-a-0480"
            ecep:lem="the"
            ecep:pos="dt"
            ecep:reg="the"
            ecep:spe="the"
            ecep:syllab="1"
            ecep:pron="ðiː">the</w>
         <c> </c>
         <w xml:id="o3900-248830"
            n="121-a-0490"
            ecep:lem="ancient"
            ecep:pos="j-jn"
            ecep:reg="Ancient"
            ecep:spe="Antient"
            ecep:syllab="2"
            ecep:pron="ˈeɪnʃnt">Antient</w>
         <c> </c>
         <w xml:id="o3900-248840"
            n="121-a-0500"
            ecep:lem="dragon"
            ecep:pos="n1"
            ecep:reg="Dragon"
            ecep:spe="Dragon"
            ecep:syllab="2"
            ecep:pron="ˈdrægn">Dragon</w>
         <c> </c>
         <w xml:id="o3900-248850"
            n="121-a-0510"
            ecep:lem="rage"
            ecep:pos="n1"
            ecep:reg="rage"
            ecep:spe="rage"
            ecep:syllab="1"
            ecep:pron="reɪdʒ">rage</w>
      </l>
      <l xml:id="o3900-l12060">
         <c> </c>
         <w xml:id="o3900-248860"
            n="121-a-0520"
            ecep:lem="and"
            ecep:pos="cc"
            ecep:reg="And"
            ecep:spe="And"
            ecep:syllab="1"
            ecep:pron="ænd">And</w>
         <c> </c>
         <w xml:id="o3900-248870"
            n="121-a-0530"
            ecep:lem="call"
            ecep:pos="vvi"
            ecep:reg="call"
            ecep:spe="call"
            ecep:syllab="1"
            ecep:pron="kɔːl">call</w>
         <c> </c>
         <w xml:id="o3900-248880"
            n="121-a-0540"
            ecep:lem="forth"
            ecep:pos="av"
            ecep:reg="forth"
            ecep:spe="forth"
            ecep:syllab="1"
            ecep:pron="fɔːθ">forth</w>
         <c> </c>
         <w xml:id="o3900-248890"
            n="121-a-0550"
            ecep:lem="all"
            ecep:pos="d"
            ecep:reg="all"
            ecep:spe="all"
            ecep:syllab="1"
            ecep:pron="ɔːl">all</w>
         <c> </c>
         <w xml:id="o3900-248900"
            n="121-a-0560"
            ecep:lem="his"
            ecep:pos="po31"
            ecep:reg="his"
            ecep:spe="his"
            ecep:syllab="1"
            ecep:pron="hɪz">his</w>
         <c> </c>
         <w xml:id="o3900-248910"
            n="121-a-0570"
            ecep:lem="host"
            ecep:pos="n2"
            ecep:reg="Hosts"
            ecep:spe="Hosts"
            ecep:syllab="1"
            ecep:pron="həʊsts">Hosts</w>
         <c> </c>
         <w xml:id="o3900-248920"
            n="121-a-0580"
            ecep:lem="to"
            ecep:pos="p-acp"
            ecep:reg="to"
            ecep:spe="to"
            ecep:syllab="1"
            ecep:pron="tuː">to</w>
         <c> </c>
         <w xml:id="o3900-248930"
            n="121-a-0590"
            ecep:lem="war"
            ecep:pos="n1"
            ecep:reg="War"
            ecep:spe="War"
            ecep:syllab="1"
            ecep:pron="wɔː">War</w>
         <pc xml:id="o3900-248940"
             n="121-a-0600"
             ecep:lem=","
             ecep:pos=","
             ecep:reg=","
             ecep:spe=",">,</pc>
      </l>
      <l xml:id="o3900-l12065">
         <c> </c>
         <w xml:id="o3900-248950"
            n="121-a-0610"
            ecep:lem="though"
            ecep:pos="c-acp"
            ecep:reg="Though"
            ecep:spe="Tho'"
            ecep:syllab="1"
            ecep:pron="ðəʊ">Tho'</w>
         <c> </c>
         <w xml:id="o3900-248960"
            n="121-a-0620"
            ecep:lem="earth"
            ecep:pos="ng1"
            ecep:reg="Earth's"
            ecep:spe="Earth's"
            ecep:syllab="1"
            ecep:pron="ˈɜːθs">Earth's</w>
         <c> </c>
         <w xml:id="o3900-248970"
            n="121-a-0630"
            ecep:lem="self-righteous"
            ecep:pos="j"
            ecep:reg="self-righteous"
            ecep:spe="self-righteous"
            ecep:syllab="3"
            ecep:pron="ˌselfˈraɪtʃəs">self-righteous</w>
         <c> </c>
         <w xml:id="o3900-248980"
            n="121-a-0640"
            ecep:lem="son"
            ecep:pos="n2"
            ecep:reg="Sons"
            ecep:spe="Sons"
            ecep:syllab="1"
            ecep:pron="sʌnz">Sons</w>
         <c> </c>
         <w xml:id="o3900-248990"
            n="121-a-0650"
            ecep:lem="engage"
            ecep:pos="vvi"
            ecep:reg="engage"
            ecep:spe="engage"
            ecep:syllab="2"
            ecep:pron="ɪnˈgeɪdʒ">engage</w>
         <pc xml:id="o3900-249000"
             n="121-a-0660"
             ecep:lem=";"
             ecep:pos=";"
             ecep:reg=";"
             ecep:spe=";">;</pc>
      </l>
      <l xml:id="o3900-l12070">
         <c> </c>
         <w xml:id="o3900-249010"
            n="121-a-0670"
            ecep:lem="they"
            ecep:pos="pno32"
            ecep:reg="Them"
            ecep:spe="Them"
            ecep:syllab="1"
            ecep:pron="ðem">Them</w>
         <pc xml:id="o3900-249020"
             n="121-a-0680"
             ecep:lem=","
             ecep:pos=","
             ecep:reg=","
             ecep:spe=",">,</pc>
         <c> </c>
         <w xml:id="o3900-249030"
            n="121-a-0690"
            ecep:lem="and"
            ecep:pos="cc"
            ecep:reg="and"
            ecep:spe="and"
            ecep:syllab="1"
            ecep:pron="ænd">and</w>
         <c> </c>
         <w xml:id="o3900-249040"
            n="121-a-0700"
            ecep:lem="their"
            ecep:pos="po32"
            ecep:reg="their"
            ecep:spe="their"
            ecep:syllab="1"
            ecep:pron="ðeə">their</w>
         <c> </c>
         <w xml:id="o3900-249050"
            n="121-a-0710"
            ecep:lem="god"
            ecep:pos="n1"
            ecep:reg="God"
            ecep:spe="God"
            ecep:syllab="1"
            ecep:pron="gɒd">God</w>
         <c> </c>
         <w xml:id="o3900-249060"
            n="121-a-0720"
            ecep:lem="alike"
            ecep:pos="av"
            ecep:reg="alike"
            ecep:spe="alike"
            ecep:syllab="2"
            ecep:pron="əˈlaɪk">alike</w>
         <c> </c>
         <w xml:id="o3900-249070"
            n="121-a-0730"
            ecep:lem="i"
            ecep:pos="pns11"
            ecep:reg="I"
            ecep:spe="I"
            ecep:syllab="1"
            ecep:pron="aɪ">I</w>
         <c> </c>
         <w xml:id="o3900-249080"
            n="121-a-0740"
            ecep:lem="dare"
            ecep:pos="vvb"
            ecep:reg="dare"
            ecep:spe="dare"
            ecep:syllab="1"
            ecep:pron="deə">dare</w>
         <pc xml:id="o3900-249090"
             n="121-a-0750"
             ecep:lem=":"
             ecep:pos=":"
             ecep:reg=":"
             ecep:spe=":">:</pc>
      </l>
      <l xml:id="o3900-l12075">
         <c> </c>
         <w xml:id="o3900-249100"
            n="121-a-0760"
            ecep:lem="Jesus"
            ecep:pos="np1"
            ecep:reg="JESUS"
            ecep:spe="JESUS"
            ecep:syllab="2"
            ecep:pron="ˈdʒiːzəs">JESUS</w>
         <c> </c>
         <w xml:id="o3900-249110"
            n="121-a-0770"
            ecep:lem="the"
            ecep:pos="dt"
            ecep:reg="the"
            ecep:spe="the"
            ecep:syllab="1"
            ecep:pron="ðiː">the</w>
         <c> </c>
         <w xml:id="o3900-249120"
            n="121-a-0780"
            ecep:lem="sinner"
            ecep:pos="ng1"
            ecep:reg="Sinner's"
            ecep:spe="Sinner's"
            ecep:syllab="2"
            ecep:pron="ˈsɪnəz">Sinner's</w>
         <c> </c>
         <w xml:id="o3900-249130"
            n="121-a-0790"
            ecep:lem="friend"
            ecep:pos="n1"
            ecep:reg="Friend"
            ecep:spe="Friend"
            ecep:syllab="1"
            ecep:pron="frend">Friend</w>
         <c> </c>
         <w xml:id="o3900-249140"
            n="121-a-0800"
            ecep:lem="proclaim"
            ecep:pos="vvi"
            ecep:reg="proclaim"
            ecep:spe="proclaim"
            ecep:syllab="2"
            ecep:pron="prəˈkleɪm">proclaim</w>
         <pc xml:id="o3900-249150"
             n="121-a-0810"
             ecep:lem=","
             ecep:pos=","
             ecep:reg=","
             ecep:spe=",">,</pc>
      </l>
      <l xml:id="o3900-l12080">
         <c> </c>
         <w xml:id="o3900-249160"
            n="121-a-0820"
            ecep:lem="Jesus"
            ecep:pos="np1"
            ecep:reg="JESUS"
            ecep:spe="JESUS"
            ecep:syllab="2"
            ecep:pron="ˈdʒiːzəs">JESUS</w>
         <pc xml:id="o3900-249170"
             n="121-a-0830"
             ecep:lem=","
             ecep:pos=","
             ecep:reg=","
             ecep:spe=",">,</pc>
         <c> </c>
         <w xml:id="o3900-249180"
            n="121-a-0840"
            ecep:lem="to"
            ecep:pos="p-acp"
            ecep:reg="to"
            ecep:spe="to"
            ecep:syllab="1"
            ecep:pron="tuː">to</w>
         <c> </c>
         <w xml:id="o3900-249190"
            n="121-a-0850"
            ecep:lem="sinner"
            ecep:pos="n2"
            ecep:reg="Sinners"
            ecep:spe="Sinners"
            ecep:syllab="2"
            ecep:pron="ˈsɪnəz">Sinners</w>
         <c> </c>
         <w xml:id="o3900-249200"
            n="121-a-0860"
            ecep:lem="still"
            ecep:pos="av"
            ecep:reg="still"
            ecep:spe="still"
            ecep:syllab="1"
            ecep:pron="stɪl">still</w>
         <c> </c>
         <w xml:id="o3900-249210"
            n="121-a-0870"
            ecep:lem="the"
            ecep:pos="dt"
            ecep:reg="the"
            ecep:spe="the"
            ecep:syllab="1"
            ecep:pron="ðiː">the</w>
         <c> </c>
         <w xml:id="o3900-249220"
            n="121-a-0880"
            ecep:lem="same"
            ecep:pos="d"
            ecep:reg="same"
            ecep:spe="same"
            ecep:syllab="1"
            ecep:pron="seɪm">same</w>
         <pc xml:id="o3900-249230"
             n="121-a-0890"
             unit="sentence"
             ecep:lem="."
             ecep:pos="."
             ecep:reg="."
             ecep:spe=".">.</pc>
         <c> </c>
      </l>
   </lg>
   <lg n="5" xml:id="o3900-s02275">
      <head>
         <w xml:id="o3900-249270"
            n="121-a-0900"
            ecep:lem="v."
            ecep:pos="crd"
            ecep:reg="V"
            ecep:spe="V."
            ecep:syllab="1"
            ecep:pron="viː">V.</w>
         <pc unit="sentence" xml:id="o3900-249270-eos" n="121-a-0910"/>
      </head>
      <l xml:id="o3900-l12085">
         <w xml:id="o3900-249290"
            n="121-a-0920"
            ecep:lem="outcast"
            ecep:pos="n2"
            ecep:reg="Outcasts"
            ecep:spe="Outcasts"
            ecep:syllab="2"
            ecep:pron="ˈaʊtkɑːsts">Outcasts</w>
         <c> </c>
         <w xml:id="o3900-249300"
            n="121-a-0930"
            ecep:lem="of"
            ecep:pos="pp-f"
            ecep:reg="of"
            ecep:spe="of"
            ecep:syllab="1"
            ecep:pron="ɒv">of</w>
         <c> </c>
         <w xml:id="o3900-249310"
            n="121-a-0940"
            ecep:lem="man"
            ecep:pos="n2"
            ecep:reg="Men"
            ecep:spe="Men"
            ecep:syllab="1"
            ecep:pron="men">Men</w>
         <pc xml:id="o3900-249320"
             n="121-a-0950"
             ecep:lem=","
             ecep:pos=","
             ecep:reg=","
             ecep:spe=",">,</pc>
         <c> </c>
         <w xml:id="o3900-249330"
            n="121-a-0960"
            ecep:lem="to"
            ecep:pos="p-acp"
            ecep:reg="to"
            ecep:spe="to"
            ecep:syllab="1"
            ecep:pron="tuː">to</w>
         <c> </c>
         <w xml:id="o3900-249340"
            n="121-a-0970"
            ecep:lem="you"
            ecep:pos="pn22"
            ecep:reg="You"
            ecep:spe="You"
            ecep:syllab="1"
            ecep:pron="juː">You</w>
         <c> </c>
         <w xml:id="o3900-249350"
            n="121-a-0980"
            ecep:lem="i"
            ecep:pos="pns11"
            ecep:reg="I"
            ecep:spe="I"
            ecep:syllab="1"
            ecep:pron="aɪ">I</w>
         <c> </c>
         <w xml:id="o3900-249360"
            n="121-a-0990"
            ecep:lem="call"
            ecep:pos="vvb"
            ecep:reg="call"
            ecep:spe="call"
            ecep:syllab="1"
            ecep:pron="kɔːl">call</w>
         <pc xml:id="o3900-249370"
             n="121-a-1000"
             ecep:lem=","
             ecep:pos=","
             ecep:reg=","
             ecep:spe=",">,</pc>
      </l>
      <l xml:id="o3900-l12090">
         <c> </c>
         <w xml:id="o3900-249380"
            n="121-a-1010"
            ecep:lem="harlot"
            ecep:pos="n2"
            ecep:reg="Harlots"
            ecep:spe="Harlots"
            ecep:syllab="2"
            ecep:pron="ˈhɑːləts">Harlots</w>
         <c> </c>
         <w xml:id="o3900-249390"
            n="121-a-1020"
            ecep:lem="and"
            ecep:pos="cc"
            ecep:reg="and"
            ecep:spe="and"
            ecep:syllab="1"
            ecep:pron="ænd">and</w>
         <c> </c>
         <w xml:id="o3900-249400"
            n="121-a-1030"
            ecep:lem="publican"
            ecep:pos="n2"
            ecep:reg="Publicans"
            ecep:spe="Publicans"
            ecep:syllab="3"
            ecep:pron="ˈpʌblɪkənz">Publicans</w>
         <pc xml:id="o3900-249410"
             n="121-a-1040"
             ecep:lem=","
             ecep:pos=","
             ecep:reg=","
             ecep:spe=",">,</pc>
         <c> </c>
         <w xml:id="o3900-249420"
            n="121-a-1050"
            ecep:lem="and"
            ecep:pos="cc"
            ecep:reg="and"
            ecep:spe="and"
            ecep:syllab="1"
            ecep:pron="ænd">and</w>
         <c> </c>
         <w xml:id="o3900-249430"
            n="121-a-1060"
            ecep:lem="thief"
            ecep:pos="n2"
            ecep:reg="Thieves"
            ecep:spe="Thieves"
            ecep:syllab="1"
            ecep:pron="θiːvz">Thieves</w>
         <pc xml:id="o3900-249440"
             n="121-a-1070"
             unit="sentence"
             ecep:lem="!"
             ecep:pos="!"
             ecep:reg="!"
             ecep:spe="!">!</pc>
         <c> </c>
      </l>
      <l xml:id="o3900-l12095">
         <w xml:id="o3900-249450"
            n="121-a-1080"
            ecep:lem="he"
            ecep:pos="pns31"
            ecep:reg="He"
            ecep:spe="He"
            ecep:syllab="1"
            ecep:pron="hiː">He</w>
         <c> </c>
         <w xml:id="o3900-249460"
            n="121-a-1090"
            ecep:lem="spread"
            ecep:pos="vvz"
            ecep:reg="spreads"
            ecep:spe="spreads"
            ecep:syllab="1"
            ecep:pron="spredz">spreads</w>
         <c> </c>
         <w xml:id="o3900-249470"
            n="121-a-1100"
            ecep:lem="his"
            ecep:pos="po31"
            ecep:reg="his"
            ecep:spe="his"
            ecep:syllab="1"
            ecep:pron="hɪz">his</w>
         <c> </c>
         <w xml:id="o3900-249480"
            n="121-a-1110"
            ecep:lem="arm"
            ecep:pos="n2"
            ecep:reg="Arms"
            ecep:spe="Arms"
            ecep:syllab="1"
            ecep:pron="ɑːmz">Arms</w>
         <c> </c>
         <w xml:id="o3900-249490"
            n="121-a-1120"
            ecep:lem="embrace"
            ecep:pos="vvb"
            ecep:reg="embrace"
            ecep:spe="t'embrace"
            ecep:syllab="2"
            ecep:pron="tˈiːˈembreɪs">t'embrace</w>
         <c> </c>
         <w xml:id="o3900-249500"
            n="121-a-1130"
            ecep:lem="you"
            ecep:pos="pn22"
            ecep:reg="you"
            ecep:spe="you"
            ecep:syllab="1"
            ecep:pron="juː">you</w>
         <c> </c>
         <w xml:id="o3900-249510"
            n="121-a-1140"
            ecep:lem="all"
            ecep:pos="d"
            ecep:reg="all"
            ecep:spe="all"
            ecep:syllab="1"
            ecep:pron="ɔːl">all</w>
         <pc xml:id="o3900-249520"
             n="121-a-1150"
             ecep:lem=";"
             ecep:pos=";"
             ecep:reg=";"
             ecep:spe=";">;</pc>
      </l>
      <l xml:id="o3900-l12100">
         <c> </c>
         <w xml:id="o3900-249530"
            n="121-a-1160"
            ecep:lem="sinner"
            ecep:pos="n2"
            ecep:reg="Sinners"
            ecep:spe="Sinners"
            ecep:syllab="2"
            ecep:pron="ˈsɪnəz">Sinners</w>
         <c> </c>
         <w xml:id="o3900-249540"
            n="121-a-1170"
            ecep:lem="alone"
            ecep:pos="av-j"
            ecep:reg="alone"
            ecep:spe="alone"
            ecep:syllab="2"
            ecep:pron="əˈləʊn">alone</w>
         <c> </c>
         <w xml:id="o3900-249550"
            n="121-a-1180"
            ecep:lem="his"
            ecep:pos="po31"
            ecep:reg="his"
            ecep:spe="his"
            ecep:syllab="1"
            ecep:pron="hɪz">his</w>
         <c> </c>
         <w xml:id="o3900-249560"
            n="121-a-1190"
            ecep:lem="grace"
            ecep:pos="n1"
            ecep:reg="Grace"
            ecep:spe="Grace"
            ecep:syllab="1"
            ecep:pron="greɪs">Grace</w>
         <c> </c>
         <w xml:id="o3900-249570"
            n="121-a-1200"
            ecep:lem="receive"
            ecep:pos="vvz"
            ecep:reg="receives"
            ecep:spe="receives"
            ecep:syllab="2"
            ecep:pron="rɪˈsiːvz">receives</w>
         <pc xml:id="o3900-249580"
             n="121-a-1210"
             ecep:lem=":"
             ecep:pos=":"
             ecep:reg=":"
             ecep:spe=":">:</pc>
      </l>
      <l xml:id="o3900-l12105">
         <c> </c>
         <w xml:id="o3900-249590"
            n="121-a-1220"
            ecep:lem="no"
            ecep:pos="uh-x"
            ecep:reg="No"
            ecep:spe="No"
            ecep:syllab="1"
            ecep:pron="nəʊ">No</w>
         <c> </c>
         <w xml:id="o3900-249600"
            n="121-a-1230"
            ecep:lem="need"
            ecep:pos="vvb"
            ecep:reg="Need"
            ecep:spe="Need"
            ecep:syllab="1"
            ecep:pron="niːd">Need</w>
         <c> </c>
         <w xml:id="o3900-249610"
            n="121-a-1240"
            ecep:lem="of"
            ecep:pos="pp-f"
            ecep:reg="of"
            ecep:spe="of"
            ecep:syllab="1"
            ecep:pron="ɒv">of</w>
         <c> </c>
         <w xml:id="o3900-249620"
            n="121-a-1250"
            ecep:lem="he"
            ecep:pos="pno31"
            ecep:reg="Him"
            ecep:spe="Him"
            ecep:syllab="1"
            ecep:pron="hɪm">Him</w>
         <c> </c>
         <w xml:id="o3900-249630"
            n="121-a-1260"
            ecep:lem="the"
            ecep:pos="dt"
            ecep:reg="the"
            ecep:spe="the"
            ecep:syllab="1"
            ecep:pron="ðiː">the</w>
         <c> </c>
         <w xml:id="o3900-249640"
            n="121-a-1270"
            ecep:lem="righteous"
            ecep:pos="j"
            ecep:reg="Righteous"
            ecep:spe="Righteous"
            ecep:syllab="2"
            ecep:pron="ˈraɪtʃəs">Righteous</w>
         <c> </c>
         <w xml:id="o3900-249650"
            n="121-a-1280"
            ecep:lem="have"
            ecep:pos="vhb"
            ecep:reg="have"
            ecep:spe="have"
            ecep:syllab="1"
            ecep:pron="hæv">have</w>
         <pc xml:id="o3900-249660"
             n="121-a-1290"
             ecep:lem=","
             ecep:pos=","
             ecep:reg=","
             ecep:spe=",">,</pc>
      </l>
      <l xml:id="o3900-l12110">
         <c> </c>
         <w xml:id="o3900-249670"
            n="121-a-1300"
            ecep:lem="he"
            ecep:pos="pns31"
            ecep:reg="He"
            ecep:spe="He"
            ecep:syllab="1"
            ecep:pron="hiː">He</w>
         <c> </c>
         <w xml:id="o3900-249680"
            n="121-a-1310"
            ecep:lem="come"
            ecep:pos="vvd"
            ecep:reg="came"
            ecep:spe="came"
            ecep:syllab="1"
            ecep:pron="keɪm">came</w>
         <c> </c>
         <w xml:id="o3900-249690"
            n="121-a-1320"
            ecep:lem="the"
            ecep:pos="dt"
            ecep:reg="the"
            ecep:spe="the"
            ecep:syllab="1"
            ecep:pron="ðiː">the</w>
         <c> </c>
         <w xml:id="o3900-249700"
            n="121-a-1330"
            ecep:lem="lose"
            ecep:pos="vvn"
            ecep:reg="Lost"
            ecep:spe="Lost"
            ecep:syllab="1"
            ecep:pron="lɒst">Lost</w>
         <c> </c>
         <w xml:id="o3900-249710"
            n="121-a-1340"
            ecep:lem="to"
            ecep:pos="pc-acp"
            ecep:reg="to"
            ecep:spe="to"
            ecep:syllab="1"
            ecep:pron="tuː">to</w>
         <c> </c>
         <w xml:id="o3900-249720"
            n="121-a-1350"
            ecep:lem="seek"
            ecep:pos="vvi"
            ecep:reg="seek"
            ecep:spe="seek"
            ecep:syllab="1"
            ecep:pron="siːk">seek</w>
         <c> </c>
         <w xml:id="o3900-249730"
            n="121-a-1360"
            ecep:lem="and"
            ecep:pos="cc"
            ecep:reg="and"
            ecep:spe="and"
            ecep:syllab="1"
            ecep:pron="ænd">and</w>
         <c> </c>
         <w xml:id="o3900-249740"
            n="121-a-1370"
            ecep:lem="save"
            ecep:pos="vvb"
            ecep:reg="save"
            ecep:spe="save"
            ecep:syllab="1"
            ecep:pron="seɪv">save</w>
         <pc xml:id="o3900-249750"
             n="121-a-1380"
             unit="sentence"
             ecep:lem="!"
             ecep:pos="!"
             ecep:reg="!"
             ecep:spe="!">!</pc>
         <c> </c>
      </l>
   </lg>
   <lg n="6" xml:id="o3900-s02280">
      <head>
         <w xml:id="o3900-249790"
            n="121-a-1390"
            ecep:lem="vi"
            ecep:pos="crd"
            ecep:reg="VI"
            ecep:spe="VI"
            ecep:syllab="1"
            ecep:pron="ˈvaɪ">VI</w>
         <pc xml:id="o3900-249800"
             n="121-a-1400"
             unit="sentence"
             ecep:lem="."
             ecep:pos="."
             ecep:reg="."
             ecep:spe=".">.</pc>
      </head>
      <l xml:id="o3900-l12115">
         <w xml:id="o3900-249820"
            n="121-a-1410"
            ecep:lem="come"
            ecep:pos="vvb"
            ecep:reg="Come"
            ecep:spe="Come"
            ecep:syllab="1"
            ecep:pron="kʌm">Come</w>
         <c> </c>
         <w xml:id="o3900-249830"
            n="121-a-1420"
            ecep:lem="all"
            ecep:pos="d"
            ecep:reg="all"
            ecep:spe="all"
            ecep:syllab="1"
            ecep:pron="ɔːl">all</w>
         <c> </c>
         <w xml:id="o3900-249840"
            n="121-a-1430"
            ecep:lem="the"
            ecep:pos="dt"
            ecep:reg="you"
            ecep:spe="ye"
            ecep:syllab="1"
            ecep:pron="jiː">ye</w>
         <c> </c>
         <hi>
            <w xml:id="o3900-249850"
               n="121-a-1440"
               ecep:lem="magdalens"
               ecep:pos="np1"
               ecep:reg="Magdalens"
               ecep:spe="Magdalens"
               ecep:syllab="3"
               ecep:pron="mˈægdeɪlənz">Magdalens</w>
         </hi>
         <c> </c>
         <w xml:id="o3900-249860"
            n="121-a-1450"
            ecep:lem="in"
            ecep:pos="p-acp"
            ecep:reg="in"
            ecep:spe="in"
            ecep:syllab="1"
            ecep:pron="ɪn">in</w>
         <c> </c>
         <w xml:id="o3900-249870"
            n="121-a-1460"
            ecep:lem="lust"
            ecep:pos="crd"
            ecep:reg="Lust"
            ecep:spe="Lust"
            ecep:syllab="1"
            ecep:pron="lʌst">Lust</w>
         <pc xml:id="o3900-249880"
             n="121-a-1470"
             ecep:lem=","
             ecep:pos=","
             ecep:reg=","
             ecep:spe=",">,</pc>
      </l>
      <l xml:id="o3900-l12120">
         <c> </c>
         <w xml:id="o3900-249890"
            n="121-a-1480"
            ecep:lem="you"
            ecep:pos="pn22"
            ecep:reg="You"
            ecep:spe="Ye"
            ecep:syllab="1"
            ecep:pron="jiː">Ye</w>
         <c> </c>
         <w xml:id="o3900-249900"
            n="121-a-1490"
            ecep:lem="ruffian"
            ecep:pos="n2"
            ecep:reg="Ruffians"
            ecep:spe="Ruffians"
            ecep:syllab="3"
            ecep:pron="ˈrʌfiənz">Ruffians</w>
         <c> </c>
         <w xml:id="o3900-249910"
            n="121-a-1500"
            ecep:lem="fall"
            ecep:pos="vvd"
            ecep:reg="fell"
            ecep:spe="fell"
            ecep:syllab="1"
            ecep:pron="fel">fell</w>
         <c> </c>
         <w xml:id="o3900-249920"
            n="121-a-1510"
            ecep:lem="in"
            ecep:pos="p-acp"
            ecep:reg="in"
            ecep:spe="in"
            ecep:syllab="1"
            ecep:pron="ɪn">in</w>
         <c> </c>
         <w xml:id="o3900-249930"
            n="121-a-1520"
            ecep:lem="murder"
            ecep:pos="n2"
            ecep:reg="Murders"
            ecep:spe="Murders"
            ecep:syllab="2"
            ecep:pron="ˈmɜːdəz">Murders</w>
         <c> </c>
         <w xml:id="o3900-249940"
            n="121-a-1530"
            ecep:lem="old"
            ecep:pos="j"
            ecep:reg="old"
            ecep:spe="old"
            ecep:syllab="1"
            ecep:pron="əʊld">old</w>
         <pc xml:id="o3900-249950"
             n="121-a-1540"
             ecep:lem=";"
             ecep:pos=";"
             ecep:reg=";"
             ecep:spe=";">;</pc>
      </l>
      <l xml:id="o3900-l12125">
         <c> </c>
         <w xml:id="o3900-249960"
            n="121-a-1550"
            ecep:lem="repent"
            ecep:pos="vvb"
            ecep:reg="Repent"
            ecep:spe="Repent"
            ecep:syllab="2"
            ecep:pron="rɪˈpent">Repent</w>
         <pc xml:id="o3900-249970"
             n="121-a-1560"
             ecep:lem=","
             ecep:pos=","
             ecep:reg=","
             ecep:spe=",">,</pc>
         <c> </c>
         <w xml:id="o3900-249980"
            n="121-a-1570"
            ecep:lem="and"
            ecep:pos="cc"
            ecep:reg="and"
            ecep:spe="and"
            ecep:syllab="1"
            ecep:pron="ænd">and</w>
         <c> </c>
         <w xml:id="o3900-249990"
            n="121-a-1580"
            ecep:lem="live"
            ecep:pos="vvi"
            ecep:reg="live"
            ecep:spe="live"
            ecep:syllab="1"
            ecep:pron="lɪv">live</w>
         <pc xml:id="o3900-250000"
             n="121-a-1590"
             ecep:lem=":"
             ecep:pos=":"
             ecep:reg=":"
             ecep:spe=":">:</pc>
         <c> </c>
         <w xml:id="o3900-250010"
            n="121-a-1600"
            ecep:lem="despair"
            ecep:pos="n1"
            ecep:reg="despair"
            ecep:spe="despair"
            ecep:syllab="2"
            ecep:pron="dɪˈspeə">despair</w>
         <c> </c>
         <w xml:id="o3900-250020"
            n="121-a-1610"
            ecep:lem="and"
            ecep:pos="cc"
            ecep:reg="and"
            ecep:spe="and"
            ecep:syllab="1"
            ecep:pron="ænd">and</w>
         <c> </c>
         <w xml:id="o3900-250030"
            n="121-a-1620"
            ecep:lem="trust"
            ecep:pos="vvb"
            ecep:reg="trust"
            ecep:spe="trust"
            ecep:syllab="1"
            ecep:pron="trʌst">trust</w>
         <pc xml:id="o3900-250040"
             n="121-a-1630"
             unit="sentence"
             ecep:lem="!"
             ecep:pos="!"
             ecep:reg="!"
             ecep:spe="!">!</pc>
         <c> </c>
      </l>
      <l xml:id="o3900-l12130">
         <w xml:id="o3900-250050"
            n="121-a-1640"
            ecep:lem="Jesus"
            ecep:pos="np1"
            ecep:reg="JESUS"
            ecep:spe="JESUS"
            ecep:syllab="2"
            ecep:pron="ˈdʒiːzəs">JESUS</w>
         <c> </c>
         <w xml:id="o3900-250060"
            n="121-a-1650"
            ecep:lem="for"
            ecep:pos="p-acp"
            ecep:reg="for"
            ecep:spe="for"
            ecep:syllab="1"
            ecep:pron="fɔː">for</w>
         <c> </c>
         <w xml:id="o3900-250070"
            n="121-a-1660"
            ecep:lem="you"
            ecep:pos="pn22"
            ecep:reg="you"
            ecep:spe="you"
            ecep:syllab="1"
            ecep:pron="juː">you</w>
         <c> </c>
         <w xml:id="o3900-250080"
            n="121-a-1670"
            ecep:lem="to"
            ecep:pos="p-acp"
            ecep:reg="to"
            ecep:spe="to"
            ecep:syllab="1"
            ecep:pron="tuː">to</w>
         <c> </c>
         <w xml:id="o3900-250090"
            n="121-a-1680"
            ecep:lem="death"
            ecep:pos="n1"
            ecep:reg="Death"
            ecep:spe="Death"
            ecep:syllab="1"
            ecep:pron="deθ">Death</w>
         <c> </c>
         <w xml:id="o3900-250100"
            n="121-a-1690"
            ecep:lem="be"
            ecep:pos="vbds"
            ecep:reg="was"
            ecep:spe="was"
            ecep:syllab="1"
            ecep:pron="wɒz">was</w>
         <c> </c>
         <w xml:id="o3900-250110"
            n="121-a-1700"
            ecep:lem="sell"
            ecep:pos="vvn"
            ecep:reg="sold"
            ecep:spe="sold"
            ecep:syllab="1"
            ecep:pron="səʊld">sold</w>
         <pc xml:id="o3900-250120"
             n="121-a-1710"
             ecep:lem=";"
             ecep:pos=";"
             ecep:reg=";"
             ecep:spe=";">;</pc>
      </l>
      <l xml:id="o3900-l12135">
         <c> </c>
         <w xml:id="o3900-250130"
            n="121-a-1720"
            ecep:lem="though"
            ecep:pos="c-acp"
            ecep:reg="Though"
            ecep:spe="Tho'"
            ecep:syllab="1"
            ecep:pron="ðəʊ">Tho'</w>
         <c> </c>
         <w xml:id="o3900-250140"
            n="121-a-1730"
            ecep:lem="hell"
            ecep:pos="n1"
            ecep:reg="Hell"
            ecep:spe="Hell"
            ecep:syllab="1"
            ecep:pron="hel">Hell</w>
         <c> </c>
         <w xml:id="o3900-250150"
            n="121-a-1740"
            ecep:lem="protest"
            ecep:pos="vvb"
            ecep:reg="protest"
            ecep:spe="protest"
            ecep:syllab="2"
            ecep:pron="ˈprəʊtest">protest</w>
         <pc xml:id="o3900-250160"
             n="121-a-1750"
             ecep:lem=","
             ecep:pos=","
             ecep:reg=","
             ecep:spe=",">,</pc>
         <c> </c>
         <w xml:id="o3900-250170"
            n="121-a-1760"
            ecep:lem="and"
            ecep:pos="cc"
            ecep:reg="and"
            ecep:spe="and"
            ecep:syllab="1"
            ecep:pron="ænd">and</w>
         <c> </c>
         <w xml:id="o3900-250180"
            n="121-a-1770"
            ecep:lem="earth"
            ecep:pos="n1"
            ecep:reg="Earth"
            ecep:spe="Earth"
            ecep:syllab="1"
            ecep:pron="ɜːθ">Earth</w>
         <c> </c>
         <w xml:id="o3900-250190"
            n="121-a-1780"
            ecep:lem="repine"
            ecep:pos="vvi"
            ecep:reg="repine"
            ecep:spe="repine"
            ecep:syllab="2"
            ecep:pron="rɪˈpaɪn">repine</w>
         <pc xml:id="o3900-250200"
             n="121-a-1790"
             ecep:lem=","
             ecep:pos=","
             ecep:reg=","
             ecep:spe=",">,</pc>
      </l>
      <l xml:id="o3900-l12140">
         <c> </c>
         <w xml:id="o3900-250210"
            n="121-a-1800"
            ecep:lem="he"
            ecep:pos="pns31"
            ecep:reg="He"
            ecep:spe="He"
            ecep:syllab="1"
            ecep:pron="hiː">He</w>
         <c> </c>
         <w xml:id="o3900-250220"
            n="121-a-1810"
            ecep:lem="die"
            ecep:pos="vvd"
            ecep:reg="died"
            ecep:spe="died"
            ecep:syllab="1"
            ecep:pron="daɪd">died</w>
         <c> </c>
         <w xml:id="o3900-250230"
            n="121-a-1820"
            ecep:lem="for"
            ecep:pos="p-acp"
            ecep:reg="for"
            ecep:spe="for"
            ecep:syllab="1"
            ecep:pron="fɔː">for</w>
         <c> </c>
         <w xml:id="o3900-250240"
            n="121-a-1830"
            ecep:lem="crime"
            ecep:pos="n2"
            ecep:reg="Crimes"
            ecep:spe="Crimes"
            ecep:syllab="1"
            ecep:pron="kraɪmz">Crimes</w>
         <c> </c>
         <w xml:id="o3900-250250"
            n="121-a-1840"
            ecep:lem="like"
            ecep:pos="vvi"
            ecep:reg="like"
            ecep:spe="like"
            ecep:syllab="1"
            ecep:pron="laɪk">like</w>
         <c> </c>
         <w xml:id="o3900-250260"
            n="121-a-1850"
            ecep:lem="you"
            ecep:pos="png22"
            ecep:reg="Yours"
            ecep:spe="Yours"
            ecep:syllab="1"
            ecep:pron="jɔːz">Yours</w>
         <c> </c>
         <pc xml:id="o3900-250270"
             n="121-a-1860"
             ecep:lem="—"
             ecep:pos="—"
             ecep:reg="—"
             ecep:spe="—">—</pc>
         <c> </c>
         <w xml:id="o3900-250280"
            n="121-a-1870"
            ecep:lem="and"
            ecep:pos="cc"
            ecep:reg="and"
            ecep:spe="and"
            ecep:syllab="1"
            ecep:pron="ænd">and</w>
         <c> </c>
         <w xml:id="o3900-250290"
            n="121-a-1880"
            ecep:lem="i"
            ecep:pos="png11"
            ecep:reg="Mine"
            ecep:spe="Mine"
            ecep:syllab="1"
            ecep:pron="maɪn">Mine</w>
         <pc unit="sentence"
             xml:id="o3900-250290-eos"
             n="121-a-1890"
             ecep:lem="."
             ecep:pos="."
             ecep:reg="."
             ecep:spe=".">.</pc>
         <c> </c>
      </l>
   </lg>
   <lg n="7" xml:id="o3900-s02285">
      <head>
         <w xml:id="o3900-250330"
            n="121-a-1900"
            ecep:lem="vii"
            ecep:pos="crd"
            ecep:reg="VII"
            ecep:spe="VII"
            ecep:syllab="1"
            ecep:pron="rˌəʊmənsˈevən">VII</w>
         <pc xml:id="o3900-250340"
             n="121-a-1910"
             unit="sentence"
             ecep:lem="."
             ecep:pos="."
             ecep:reg="."
             ecep:spe=".">.</pc>
      </head>
      <l xml:id="o3900-l12145">
         <w xml:id="o3900-250360"
            n="121-a-1920"
            ecep:lem="come"
            ecep:pos="vvb"
            ecep:reg="Come"
            ecep:spe="Come"
            ecep:syllab="1"
            ecep:pron="kʌm">Come</w>
         <c> </c>
         <w xml:id="o3900-250370"
            n="121-a-1930"
            ecep:lem="o"
            ecep:pos="uh"
            ecep:reg="OH"
            ecep:spe="O"
            ecep:syllab="1"
            ecep:pron="əʊ">O</w>
         <c> </c>
         <w xml:id="o3900-250380"
            n="121-a-1940"
            ecep:lem="my"
            ecep:pos="po11"
            ecep:reg="my"
            ecep:spe="my"
            ecep:syllab="1"
            ecep:pron="maɪ">my</w>
         <c> </c>
         <w xml:id="o3900-250390"
            n="121-a-1950"
            ecep:lem="guilty"
            ecep:pos="j"
            ecep:reg="guilty"
            ecep:spe="guilty"
            ecep:syllab="2"
            ecep:pron="ˈgɪlti">guilty</w>
         <c> </c>
         <w xml:id="o3900-250400"
            n="121-a-1960"
            ecep:lem="brother"
            ecep:pos="n2"
            ecep:reg="Brothers"
            ecep:spe="Brethren"
            ecep:syllab="2"
            ecep:pron="ˈbreðrən">Brethren</w>
         <c> </c>
         <w xml:id="o3900-250410"
            n="121-a-1970"
            ecep:lem="come"
            ecep:pos="vvb"
            ecep:reg="come"
            ecep:spe="come"
            ecep:syllab="1"
            ecep:pron="kʌm">come</w>
         <pc xml:id="o3900-250420"
             n="121-a-1980"
             ecep:lem=","
             ecep:pos=","
             ecep:reg=","
             ecep:spe=",">,</pc>
      </l>
      <l xml:id="o3900-l12150">
         <c> </c>
         <w xml:id="o3900-250430"
            n="121-a-1990"
            ecep:lem="groan"
            ecep:pos="vvg"
            ecep:reg="Groaning"
            ecep:spe="Groaning"
            ecep:syllab="2"
            ecep:pron="grəʊnɪŋ">Groaning</w>
         <c> </c>
         <w xml:id="o3900-250440"
            n="121-a-2000"
            ecep:lem="beneath"
            ecep:pos="p-acp"
            ecep:reg="beneath"
            ecep:spe="beneath"
            ecep:syllab="2"
            ecep:pron="bɪˈniːθ">beneath</w>
         <c> </c>
         <w xml:id="o3900-250450"
            n="121-a-2010"
            ecep:lem="your"
            ecep:pos="po22"
            ecep:reg="your"
            ecep:spe="your"
            ecep:syllab="1"
            ecep:pron="jɔː">your</w>
         <c> </c>
         <w xml:id="o3900-250460"
            n="121-a-2020"
            ecep:lem="load"
            ecep:pos="n1"
            ecep:reg="Load"
            ecep:spe="Load"
            ecep:syllab="1"
            ecep:pron="ləʊd">Load</w>
         <c> </c>
         <w xml:id="o3900-250470"
            n="121-a-2030"
            ecep:lem="of"
            ecep:pos="pp-f"
            ecep:reg="of"
            ecep:spe="of"
            ecep:syllab="1"
            ecep:pron="ɒv">of</w>
         <c> </c>
         <w xml:id="o3900-250480"
            n="121-a-2040"
            ecep:lem="sin"
            ecep:pos="n1"
            ecep:reg="Sin"
            ecep:spe="Sin"
            ecep:syllab="1"
            ecep:pron="sɪn">Sin</w>
         <pc xml:id="o3900-250490"
             n="121-a-2050"
             unit="sentence"
             ecep:lem="!"
             ecep:pos="!"
             ecep:reg="!"
             ecep:spe="!">!</pc>
         <c> </c>
      </l>
      <pb facs="122" n="103" rend="none"/>
      <l xml:id="o3900-l12155">
         <w xml:id="o3900-250500"
            n="122-a-0010"
            ecep:lem="his"
            ecep:pos="po31"
            ecep:reg="His"
            ecep:spe="His"
            ecep:syllab="1"
            ecep:pron="hɪz">His</w>
         <c> </c>
         <w xml:id="o3900-250510"
            n="122-a-0020"
            ecep:lem="bleed"
            ecep:pos="j-vvg"
            ecep:reg="bleeding"
            ecep:spe="bleeding"
            ecep:syllab="2"
            ecep:pron="bliːdɪŋ">bleeding</w>
         <c> </c>
         <w xml:id="o3900-250520"
            n="122-a-0030"
            ecep:lem="heart"
            ecep:pos="n1"
            ecep:reg="Heart"
            ecep:spe="Heart"
            ecep:syllab="1"
            ecep:pron="hɑːt">Heart</w>
         <c> </c>
         <w xml:id="o3900-250530"
            n="122-a-0040"
            ecep:lem="shall"
            ecep:pos="vmb"
            ecep:reg="shall"
            ecep:spe="shall"
            ecep:syllab="1"
            ecep:pron="ʃæl">shall</w>
         <c> </c>
         <w xml:id="o3900-250540"
            n="122-a-0050"
            ecep:lem="make"
            ecep:pos="vvi"
            ecep:reg="make"
            ecep:spe="make"
            ecep:syllab="1"
            ecep:pron="meɪk">make</w>
         <c> </c>
         <w xml:id="o3900-250550"
            n="122-a-0060"
            ecep:lem="you"
            ecep:pos="pn22"
            ecep:reg="you"
            ecep:spe="you"
            ecep:syllab="1"
            ecep:pron="juː">you</w>
         <c> </c>
         <w xml:id="o3900-250560"
            n="122-a-0070"
            ecep:lem="room"
            ecep:pos="n1"
            ecep:reg="room"
            ecep:spe="room"
            ecep:syllab="1"
            ecep:pron="ruːm">room</w>
         <pc xml:id="o3900-250570"
             n="122-a-0080"
             ecep:lem=","
             ecep:pos=","
             ecep:reg=","
             ecep:spe=",">,</pc>
      </l>
      <l xml:id="o3900-l12160">
         <c> </c>
         <w xml:id="o3900-250580"
            n="122-a-0090"
            ecep:lem="his"
            ecep:pos="po31"
            ecep:reg="His"
            ecep:spe="His"
            ecep:syllab="1"
            ecep:pron="hɪz">His</w>
         <c> </c>
         <w xml:id="o3900-250590"
            n="122-a-0100"
            ecep:lem="open"
            ecep:pos="j"
            ecep:reg="open"
            ecep:spe="open"
            ecep:syllab="2"
            ecep:pron="ˈəʊpn">open</w>
         <c> </c>
         <w xml:id="o3900-250600"
            n="122-a-0110"
            ecep:lem="side"
            ecep:pos="n1"
            ecep:reg="Side"
            ecep:spe="Side"
            ecep:syllab="1"
            ecep:pron="saɪd">Side</w>
         <c> </c>
         <w xml:id="o3900-250610"
            n="122-a-0120"
            ecep:lem="shall"
            ecep:pos="vmb"
            ecep:reg="shall"
            ecep:spe="shall"
            ecep:syllab="1"
            ecep:pron="ʃæl">shall</w>
         <c> </c>
         <w xml:id="o3900-250620"
            n="122-a-0130"
            ecep:lem="take"
            ecep:pos="vvi"
            ecep:reg="take"
            ecep:spe="take"
            ecep:syllab="1"
            ecep:pron="teɪk">take</w>
         <c> </c>
         <w xml:id="o3900-250630"
            n="122-a-0140"
            ecep:lem="you"
            ecep:pos="pn22"
            ecep:reg="you"
            ecep:spe="you"
            ecep:syllab="1"
            ecep:pron="juː">you</w>
         <c> </c>
         <w xml:id="o3900-250640"
            n="122-a-0150"
            ecep:lem="in"
            ecep:pos="p-acp"
            ecep:reg="in"
            ecep:spe="in"
            ecep:syllab="1"
            ecep:pron="ɪn">in</w>
         <pc xml:id="o3900-250650"
             n="122-a-0160"
             unit="sentence"
             ecep:lem="."
             ecep:pos="."
             ecep:reg="."
             ecep:spe=".">.</pc>
         <c> </c>
      </l>
      <l xml:id="o3900-l12165">
         <w xml:id="o3900-250660"
            n="122-a-0170"
            ecep:lem="he"
            ecep:pos="pns31"
            ecep:reg="He"
            ecep:spe="He"
            ecep:syllab="1"
            ecep:pron="hiː">He</w>
         <c> </c>
         <w xml:id="o3900-250670"
            n="122-a-0180"
            ecep:lem="call"
            ecep:pos="vvz"
            ecep:reg="calls"
            ecep:spe="calls"
            ecep:syllab="1"
            ecep:pron="kɔːlz">calls</w>
         <c> </c>
         <w xml:id="o3900-250680"
            n="122-a-0190"
            ecep:lem="you"
            ecep:pos="pn22"
            ecep:reg="you"
            ecep:spe="you"
            ecep:syllab="1"
            ecep:pron="juː">you</w>
         <c> </c>
         <w xml:id="o3900-250690"
            n="122-a-0200"
            ecep:lem="now"
            ecep:pos="av"
            ecep:reg="Now"
            ecep:spe="Now"
            ecep:syllab="1"
            ecep:pron="naʊ">Now</w>
         <pc xml:id="o3900-250700"
             n="122-a-0210"
             ecep:lem=","
             ecep:pos=","
             ecep:reg=","
             ecep:spe=",">,</pc>
         <c> </c>
         <w xml:id="o3900-250710"
            n="122-a-0220"
            ecep:lem="invite"
            ecep:pos="vvz"
            ecep:reg="invites"
            ecep:spe="invites"
            ecep:syllab="2"
            ecep:pron="ˈɪnvaɪts">invites</w>
         <c> </c>
         <w xml:id="o3900-250720"
            n="122-a-0230"
            ecep:lem="you"
            ecep:pos="pn22"
            ecep:reg="you"
            ecep:spe="you"
            ecep:syllab="1"
            ecep:pron="juː">you</w>
         <c> </c>
         <w xml:id="o3900-250730"
            n="122-a-0240"
            ecep:lem="home"
            ecep:pos="av-an"
            ecep:reg="home"
            ecep:spe="home"
            ecep:syllab="1"
            ecep:pron="həʊm">home</w>
         <c> </c>
         <pc xml:id="o3900-250740"
             n="122-a-0250"
             ecep:lem="—"
             ecep:pos="—"
             ecep:reg="—"
             ecep:spe="—">—</pc>
      </l>
      <l xml:id="o3900-l12170">
         <c> </c>
         <w xml:id="o3900-250750"
            n="122-a-0260"
            ecep:lem="come"
            ecep:pos="vvb"
            ecep:reg="Come"
            ecep:spe="Come"
            ecep:syllab="1"
            ecep:pron="kʌm">Come</w>
         <pc xml:id="o3900-250760"
             n="122-a-0270"
             ecep:lem=","
             ecep:pos=","
             ecep:reg=","
             ecep:spe=",">,</pc>
         <c> </c>
         <w xml:id="o3900-250770"
            n="122-a-0280"
            ecep:lem="o"
            ecep:pos="uh"
            ecep:reg="OH"
            ecep:spe="O"
            ecep:syllab="1"
            ecep:pron="əʊ">O</w>
         <c> </c>
         <w xml:id="o3900-250780"
            n="122-a-0290"
            ecep:lem="my"
            ecep:pos="po11"
            ecep:reg="my"
            ecep:spe="my"
            ecep:syllab="1"
            ecep:pron="maɪ">my</w>
         <c> </c>
         <w xml:id="o3900-250790"
            n="122-a-0300"
            ecep:lem="guilty"
            ecep:pos="j"
            ecep:reg="guilty"
            ecep:spe="guilty"
            ecep:syllab="2"
            ecep:pron="ˈgɪlti">guilty</w>
         <c> </c>
         <w xml:id="o3900-250800"
            n="122-a-0310"
            ecep:lem="brother"
            ecep:pos="n2"
            ecep:reg="Brothers"
            ecep:spe="Brethren"
            ecep:syllab="2"
            ecep:pron="ˈbreðrən">Brethren</w>
         <pc xml:id="o3900-250810"
             n="122-a-0320"
             ecep:lem=","
             ecep:pos=","
             ecep:reg=","
             ecep:spe=",">,</pc>
         <c> </c>
         <w xml:id="o3900-250820"
            n="122-a-0330"
            ecep:lem="come"
            ecep:pos="vvb"
            ecep:reg="come"
            ecep:spe="come"
            ecep:syllab="1"
            ecep:pron="kʌm">come</w>
         <pc xml:id="o3900-250830"
             n="122-a-0340"
             unit="sentence"
             ecep:lem="!"
             ecep:pos="!"
             ecep:reg="!"
             ecep:spe="!">!</pc>
         <c> </c>
      </l>
   </lg>
   <lg n="8" xml:id="o3900-s02290">
      <head>
         <w xml:id="o3900-250870"
            n="122-a-0350"
            ecep:lem="viii"
            ecep:pos="crd"
            ecep:reg="VIII"
            ecep:spe="VIII"
            ecep:syllab="1"
            ecep:pron="rˌəʊmənˈeɪt">VIII</w>
         <pc xml:id="o3900-250880"
             n="122-a-0360"
             unit="sentence"
             ecep:lem="."
             ecep:pos="."
             ecep:reg="."
             ecep:spe=".">.</pc>
      </head>
      <l xml:id="o3900-l12175">
         <w xml:id="o3900-250900"
            n="122-a-0370"
            ecep:lem="for"
            ecep:pos="p-acp"
            ecep:reg="For"
            ecep:spe="For"
            ecep:syllab="1"
            ecep:pron="fɔː">For</w>
         <c> </c>
         <w xml:id="o3900-250910"
            n="122-a-0380"
            ecep:lem="you"
            ecep:pos="pn22"
            ecep:reg="you"
            ecep:spe="you"
            ecep:syllab="1"
            ecep:pron="juː">you</w>
         <c> </c>
         <w xml:id="o3900-250920"
            n="122-a-0390"
            ecep:lem="the"
            ecep:pos="dt"
            ecep:reg="the"
            ecep:spe="the"
            ecep:syllab="1"
            ecep:pron="ðiː">the</w>
         <c> </c>
         <w xml:id="o3900-250930"
            n="122-a-0400"
            ecep:lem="purple"
            ecep:pos="j-jn"
            ecep:reg="purple"
            ecep:spe="purple"
            ecep:syllab="2"
            ecep:pron="ˈpɜːpl">purple</w>
         <c> </c>
         <w xml:id="o3900-250940"
            n="122-a-0410"
            ecep:lem="current"
            ecep:pos="n1"
            ecep:reg="Current"
            ecep:spe="Current"
            ecep:syllab="2"
            ecep:pron="ˈkʌrnt">Current</w>
         <c> </c>
         <w xml:id="o3900-250950"
            n="122-a-0420"
            ecep:lem="flow"
            ecep:pos="vvn"
            ecep:reg="flowed"
            ecep:spe="flow'd"
            ecep:syllab="1"
            ecep:pron="fləʊd">flow'd</w>
      </l>
      <l xml:id="o3900-l12180">
         <c> </c>
         <w xml:id="o3900-250960"
            n="122-a-0430"
            ecep:lem="in"
            ecep:pos="p-acp"
            ecep:reg="In"
            ecep:spe="In"
            ecep:syllab="1"
            ecep:pron="ɪn">In</w>
         <c> </c>
         <w xml:id="o3900-250970"
            n="122-a-0440"
            ecep:lem="pardon"
            ecep:pos="n2"
            ecep:reg="Pardons"
            ecep:spe="Pardons"
            ecep:syllab="2"
            ecep:pron="ˈpɑːdnz">Pardons</w>
         <c> </c>
         <w xml:id="o3900-250980"
            n="122-a-0450"
            ecep:lem="from"
            ecep:pos="p-acp"
            ecep:reg="from"
            ecep:spe="from"
            ecep:syllab="1"
            ecep:pron="frɒm">from</w>
         <c> </c>
         <w xml:id="o3900-250990"
            n="122-a-0460"
            ecep:lem="his"
            ecep:pos="po31"
            ecep:reg="his"
            ecep:spe="his"
            ecep:syllab="1"
            ecep:pron="hɪz">his</w>
         <c> </c>
         <w xml:id="o3900-251000"
            n="122-a-0470"
            ecep:lem="wound"
            ecep:pos="j-vvn"
            ecep:reg="wounded"
            ecep:spe="wounded"
            ecep:syllab="2"
            ecep:pron="wuːndɪd">wounded</w>
         <c> </c>
         <w xml:id="o3900-251010"
            n="122-a-0480"
            ecep:lem="side"
            ecep:pos="n1"
            ecep:reg="Side"
            ecep:spe="Side"
            ecep:syllab="1"
            ecep:pron="saɪd">Side</w>
         <pc xml:id="o3900-251020"
             n="122-a-0490"
             ecep:lem=":"
             ecep:pos=":"
             ecep:reg=":"
             ecep:spe=":">:</pc>
      </l>
      <l xml:id="o3900-l12185">
         <c> </c>
         <w xml:id="o3900-251030"
            n="122-a-0500"
            ecep:lem="languish"
            ecep:pos="vvd"
            ecep:reg="Languished"
            ecep:spe="Languish'd"
            ecep:syllab="2"
            ecep:pron="ˈlæŋgwɪʃt">Languish'd</w>
         <c> </c>
         <w xml:id="o3900-251040"
            n="122-a-0510"
            ecep:lem="for"
            ecep:pos="p-acp"
            ecep:reg="for"
            ecep:spe="for"
            ecep:syllab="1"
            ecep:pron="fɔː">for</w>
         <c> </c>
         <w xml:id="o3900-251050"
            n="122-a-0520"
            ecep:lem="you"
            ecep:pos="pn22"
            ecep:reg="you"
            ecep:spe="you"
            ecep:syllab="1"
            ecep:pron="juː">you</w>
         <c> </c>
         <w xml:id="o3900-251060"
            n="122-a-0530"
            ecep:lem="the"
            ecep:pos="dt"
            ecep:reg="the"
            ecep:spe="th'"
            ecep:syllab="0"
            ecep:pron="ð">th'</w>
         <c> </c>
         <w xml:id="o3900-251070"
            n="122-a-0540"
            ecep:lem="eternal"
            ecep:pos="j"
            ecep:reg="Eternal"
            ecep:spe="Eternal"
            ecep:syllab="3"
            ecep:pron="ɪˈtɜːnl">Eternal</w>
         <c> </c>
         <w xml:id="o3900-251080"
            n="122-a-0550"
            ecep:lem="god"
            ecep:pos="n1"
            ecep:reg="GOD"
            ecep:spe="GOD"
            ecep:syllab="1"
            ecep:pron="gɒd">GOD</w>
         <pc xml:id="o3900-251090"
             n="122-a-0560"
             ecep:lem=","
             ecep:pos=","
             ecep:reg=","
             ecep:spe=",">,</pc>
      </l>
      <l xml:id="o3900-l12190">
         <c> </c>
         <w xml:id="o3900-251100"
            n="122-a-0570"
            ecep:lem="for"
            ecep:pos="c-acp"
            ecep:reg="For"
            ecep:spe="For"
            ecep:syllab="1"
            ecep:pron="fɔː">For</w>
         <c> </c>
         <w xml:id="o3900-251110"
            n="122-a-0580"
            ecep:lem="you"
            ecep:pos="pn22"
            ecep:reg="you"
            ecep:spe="you"
            ecep:syllab="1"
            ecep:pron="juː">you</w>
         <c> </c>
         <w xml:id="o3900-251120"
            n="122-a-0590"
            ecep:lem="the"
            ecep:pos="dt"
            ecep:reg="the"
            ecep:spe="the"
            ecep:syllab="1"
            ecep:pron="ðiː">the</w>
         <c> </c>
         <w xml:id="o3900-251130"
            n="122-a-0600"
            ecep:lem="prince"
            ecep:pos="n1"
            ecep:reg="Prince"
            ecep:spe="Prince"
            ecep:syllab="1"
            ecep:pron="prɪns">Prince</w>
         <c> </c>
         <w xml:id="o3900-251140"
            n="122-a-0610"
            ecep:lem="of"
            ecep:pos="pp-f"
            ecep:reg="of"
            ecep:spe="of"
            ecep:syllab="1"
            ecep:pron="ɒv">of</w>
         <c> </c>
         <w xml:id="o3900-251150"
            n="122-a-0620"
            ecep:lem="glory"
            ecep:pos="n1"
            ecep:reg="Glory"
            ecep:spe="Glory"
            ecep:syllab="2"
            ecep:pron="ˈglɔːri">Glory</w>
         <c> </c>
         <w xml:id="o3900-251160"
            n="122-a-0630"
            ecep:lem="die"
            ecep:pos="vvn"
            ecep:reg="died"
            ecep:spe="dy'd"
            ecep:syllab="1"
            ecep:pron="daɪd">dy'd</w>
         <pc xml:id="o3900-251170"
             n="122-a-0640"
             unit="sentence"
             ecep:lem="."
             ecep:pos="."
             ecep:reg="."
             ecep:spe=".">.</pc>
         <c> </c>
      </l>
      <l xml:id="o3900-l12195">
         <hi>
            <w xml:id="o3900-251180"
               n="122-a-0650"
               ecep:lem="believe"
               ecep:pos="vvb"
               ecep:reg="Believe"
               ecep:spe="Believe"
               ecep:syllab="2"
               ecep:pron="bɪˈliːv">Believe</w>
         </hi>
         <pc xml:id="o3900-251190"
             n="122-a-0660"
             ecep:lem=";"
             ecep:pos=";"
             ecep:reg=";"
             ecep:spe=";">;</pc>
         <c> </c>
         <w xml:id="o3900-251200"
            n="122-a-0670"
            ecep:lem="and"
            ecep:pos="cc"
            ecep:reg="and"
            ecep:spe="and"
            ecep:syllab="1"
            ecep:pron="ænd">and</w>
         <c> </c>
         <w xml:id="o3900-251210"
            n="122-a-0680"
            ecep:lem="all"
            ecep:pos="d"
            ecep:reg="all"
            ecep:spe="all"
            ecep:syllab="1"
            ecep:pron="ɔːl">all</w>
         <c> </c>
         <w xml:id="o3900-251220"
            n="122-a-0690"
            ecep:lem="your"
            ecep:pos="po22"
            ecep:reg="your"
            ecep:spe="your"
            ecep:syllab="1"
            ecep:pron="jɔː">your</w>
         <c> </c>
         <w xml:id="o3900-251230"
            n="122-a-0700"
            ecep:lem="guilt"
            ecep:pos="n1|vbz"
            ecep:reg="Guilt's"
            ecep:spe="Guilt's"
            ecep:syllab="1"
            ecep:pron="gɪltz">Guilt's</w>
         <c> </c>
         <w xml:id="o3900-251240"
            n="122-a-0710"
            ecep:lem="forgive"
            ecep:pos="vvn"
            ecep:reg="forgiven"
            ecep:spe="forgiven"
            ecep:syllab="3"
            ecep:pron="fəˈgɪvn">forgiven</w>
         <pc xml:id="o3900-251250"
             n="122-a-0720"
             ecep:lem=","
             ecep:pos=","
             ecep:reg=","
             ecep:spe=",">,</pc>
      </l>
      <l xml:id="o3900-l12200">
         <c> </c>
         <hi>
            <w xml:id="o3900-251260"
               n="122-a-0730"
               ecep:lem="only"
               ecep:pos="av-j"
               ecep:reg="Only"
               ecep:spe="Only"
               ecep:syllab="2"
               ecep:pron="ˈəʊnli">Only</w>
            <c> </c>
            <w xml:id="o3900-251270"
               n="122-a-0740"
               ecep:lem="believe"
               ecep:pos="vvb"
               ecep:reg="Believe"
               ecep:spe="Believe"
               ecep:syllab="2"
               ecep:pron="bɪˈliːv">Believe</w>
         </hi>
         <c> </c>
         <pc xml:id="o3900-251280"
             n="122-a-0750"
             ecep:lem="—"
             ecep:pos="—"
             ecep:reg="—"
             ecep:spe="—">—</pc>
         <c> </c>
         <w xml:id="o3900-251290"
            n="122-a-0760"
            ecep:lem="and"
            ecep:pos="cc"
            ecep:reg="and"
            ecep:spe="and"
            ecep:syllab="1"
            ecep:pron="ænd">and</w>
         <c> </c>
         <w xml:id="o3900-251300"
            n="122-a-0770"
            ecep:lem="you"
            ecep:pos="png22"
            ecep:reg="yours"
            ecep:spe="yours"
            ecep:syllab="1"
            ecep:pron="jɔːz">yours</w>
         <c> </c>
         <w xml:id="o3900-251310"
            n="122-a-0780"
            ecep:lem="be"
            ecep:pos="vbz"
            ecep:reg="is"
            ecep:spe="is"
            ecep:syllab="1"
            ecep:pron="ɪz">is</w>
         <c> </c>
         <w xml:id="o3900-251320"
            n="122-a-0790"
            ecep:lem="heaven"
            ecep:pos="n1"
            ecep:reg="Heaven"
            ecep:spe="Heaven"
            ecep:syllab="1"
            ecep:pron="ˈhevn">Heaven</w>
         <pc xml:id="o3900-251330"
             n="122-a-0800"
             unit="sentence"
             ecep:lem="."
             ecep:pos="."
             ecep:reg="."
             ecep:spe=".">.</pc>
         <c> </c>
      </l>
   </lg>
</div>
