<?xml version="1.0" encoding="UTF-8"?>
<?xml-model href="../tei_all.rnc" type="application/relax-ng-compact-syntax"?>
<TEI xmlns="http://www.tei-c.org/ns/1.0">
   <teiHeader>
      <fileDesc>
         <titleStmt>
            <title corresp="#txt_BranHa1754_w0001">VALENTINE TO MISS BRAND, WITH A Miniature Picture, Laid upon her Toilet on Saint Valentine's Eve, 1786.</title>
            <author corresp="authors.xml#aut_BranHa1754">Hannah Brand</author>
            <respStmt>
               <name xml:id="AH">Alexander Huber</name>
               <resp>Editor</resp>
            </respStmt>
            <funder>
               <name type="institution" xml:id="BOD">Bodleian Libraries, University of Oxford</name>
               <address>
                  <addrLine>Broad Street</addrLine>
                  <addrLine>Oxford OX1 3BG</addrLine>
                  <addrLine>UK</addrLine>
               </address>
            </funder>
         </titleStmt>
         <publicationStmt>
            <publisher xml:id="ECPA">Eighteenth-Century Poetry Archive</publisher>
            <address>
               <addrLine>Taylor Institution Library</addrLine>
               <addrLine>St Giles'</addrLine>
               <addrLine>Oxford OX1 3NA</addrLine>
               <addrLine>UK</addrLine>
               <addrLine>
                  <email>info@eighteenthcenturypoetry.org</email>
               </addrLine>
               <addrLine>
                  <ref target="https://www.eighteenthcenturypoetry.org/">https://www.eighteenthcenturypoetry.org/</ref>
               </addrLine>
            </address>
            <pubPlace>Oxford</pubPlace>
            <availability status="restricted">
               <licence target="http://creativecommons.org/licenses/by-sa/3.0/">This work is licensed under a Creative Commons Attribution-ShareAlike 3.0 Unported License.</licence>
            </availability>
            <idno type="ESTC">T42452</idno>
            <idno type="TCP">K041482.000</idno>
         </publicationStmt>
         <sourceDesc>
            <bibl>
               <author>Brand, Hannah, 1754-1821.</author>
               <title>Plays and poems: by Miss Hannah Brand.</title>
               <pubPlace>Norwich</pubPlace>
               <publisher>printed by Beatniffe and Payne; and sold by Messrs. F. and C. Rivington; and Messrs. Elmsley and Bremner, London</publisher>
               <date>1798</date>
               <biblScope>pp. []-380.</biblScope>
               <extent>xv,[1],424p.; 8⁰.</extent>
            </bibl>
         </sourceDesc>
      </fileDesc>
      <encodingDesc>
         <projectDesc>
            <p>This e-text is part of the Works section of the Eighteenth-Century Poetry Archive (ECPA).</p>
            <p>XML created for the Eighteenth-Century Poetry Archive (ECPA).</p>
         </projectDesc>
         <editorialDecl>
            <p>The text has been typographically modernized, but without any silent modernization of
						spelling, capitalization, or punctuation. The source of the text is given and all editorial interventions
						have been recorded in textual notes. Based on the electronic text originally produced by the TCP project, this  text has been edited to conform to the recommendations found in Level 5 of the
						Best Practices for TEI in Libraries version 4.0.0.
					</p>
         </editorialDecl>
         <classDecl>
            <taxonomy xml:id="LCNAF">
               <bibl>Library of Congress Name Authority File (<abbr>LCNAF</abbr>)</bibl>
            </taxonomy>
         </classDecl>
         <tagsDecl>
            <rendition n="linegroups indented" xml:id="lgindent" scheme="css">text-indent: 1em;</rendition>
            <rendition n="linegroups vertically spaced" xml:id="lgvspace" scheme="css">margin-bottom: 1em;</rendition>
            <rendition n="aligned centrally" xml:id="align-center" scheme="css">text-align: center;</rendition>
            <rendition n="aligned right" xml:id="align-right" scheme="css">text-align: right;</rendition>
            <rendition n="aligned left" xml:id="align-left" scheme="css">text-align: left;</rendition>
            <rendition n="inline" xml:id="inline" scheme="css">display: inline</rendition>
            <rendition n="italic" xml:id="i" scheme="css">font-style: italic;</rendition>
            <rendition n="bold" xml:id="b" scheme="css">font-weight: bold;</rendition>
         </tagsDecl>
      </encodingDesc>
   </teiHeader>
   <text>
      <body>
         <div xmlns:ecep="http://www.eighteenthcenturypoetry.org/ns"
              xmlns:tei="http://www.tei-c.org/ns/1.0"
              ana="#iamb #pentameter #couplet #heroiccouplet #pair #occasional"
              corresp="#txt_BranHa1754_w0001"
              decls="#semi-normalized"
              ecep:syllab="10"
              met="-+|-+|-+|-+|-+/"
              rendition="#lgindent"
              rhyme="aa"
              subtype="eceptext"
              type="poem"
              xml:id="o4091-w0010">
            <link target="authors.xml#aut_BranHa1754" type="author"/>
            <head type="main">
               <w xml:id="o4091-1012210"
                  n="388-a-0030"
                  ecep:lem="valentine"
                  ecep:pos="np1"
                  ecep:reg="VALENTINE"
                  ecep:spe="VALENTINE"
                  ecep:syllab="3"
                  ecep:pron="ˈvæləntaɪn">VALENTINE</w>
               <c> </c>
               <w xml:id="o4091-1012220"
                  n="388-a-0040"
                  ecep:lem="to"
                  ecep:pos="p-acp"
                  ecep:reg="TO"
                  ecep:spe="TO"
                  ecep:syllab="1"
                  ecep:pron="tuː">TO</w>
               <c> </c>
               <w xml:id="o4091-1012230"
                  n="388-a-0050"
                  ecep:lem="miss"
                  ecep:pos="n1"
                  ecep:reg="MISS"
                  ecep:spe="MISS"
                  ecep:syllab="1"
                  ecep:pron="mɪs">MISS</w>
               <c> </c>
               <w xml:id="o4091-1012240"
                  n="388-a-0060"
                  ecep:lem="brand"
                  ecep:pos="n1"
                  ecep:reg="BRAND"
                  ecep:spe="BRAND"
                  ecep:syllab="1"
                  ecep:pron="brænd">BRAND</w>
               <pc xml:id="o4091-1012250"
                   n="388-a-0070"
                   ecep:lem=","
                   ecep:pos=","
                   ecep:reg=","
                   ecep:spe=",">,</pc>
            </head>
            <head type="sub">
               <w xml:id="o4091-1012280"
                  n="388-a-0080"
                  ecep:lem="with"
                  ecep:pos="p-acp"
                  ecep:reg="WITH"
                  ecep:spe="WITH"
                  ecep:syllab="1"
                  ecep:pron="wɪð">WITH</w>
               <c> </c>
               <w xml:id="o4091-1012290"
                  n="388-a-0090"
                  ecep:lem="a"
                  ecep:pos="dt"
                  ecep:reg="A"
                  ecep:spe="A"
                  ecep:syllab="1"
                  ecep:pron="ə">A</w>
               <c> </c>
               <w xml:id="o4091-1012300"
                  n="388-a-0100"
                  ecep:lem="miniature"
                  ecep:pos="n1"
                  ecep:reg="Miniature"
                  ecep:spe="Miniature"
                  ecep:syllab="4"
                  ecep:pron="ˈmɪnətʃə">Miniature</w>
               <c> </c>
               <w xml:id="o4091-1012310"
                  n="388-a-0110"
                  ecep:lem="picture"
                  ecep:pos="n1"
                  ecep:reg="Picture"
                  ecep:spe="Picture"
                  ecep:syllab="2"
                  ecep:pron="ˈpɪktʃə">Picture</w>
               <pc xml:id="o4091-1012320"
                   n="388-a-0120"
                   ecep:lem=","
                   ecep:pos=","
                   ecep:reg=","
                   ecep:spe=",">,</pc>
               <c> </c>
               <w xml:id="o4091-1012330"
                  n="388-a-0130"
                  ecep:lem="lay"
                  ecep:pos="vvn"
                  ecep:reg="Laid"
                  ecep:spe="Laid"
                  ecep:syllab="1"
                  ecep:pron="leɪd">Laid</w>
               <c> </c>
               <w xml:id="o4091-1012340"
                  n="388-a-0140"
                  ecep:lem="upon"
                  ecep:pos="p-acp"
                  ecep:reg="upon"
                  ecep:spe="upon"
                  ecep:syllab="2"
                  ecep:pron="əˈpɒn">upon</w>
               <c> </c>
               <w xml:id="o4091-1012350"
                  n="388-a-0150"
                  ecep:lem="her"
                  ecep:pos="po31"
                  ecep:reg="her"
                  ecep:spe="her"
                  ecep:syllab="1"
                  ecep:pron="hɜː">her</w>
               <c> </c>
               <w xml:id="o4091-1012360"
                  n="388-a-0160"
                  ecep:lem="toilet"
                  ecep:pos="n1"
                  ecep:reg="Toilet"
                  ecep:spe="Toilet"
                  ecep:syllab="2"
                  ecep:pron="ˈtɔɪlət">Toilet</w>
               <c> </c>
               <w xml:id="o4091-1012370"
                  n="388-a-0170"
                  ecep:lem="on"
                  ecep:pos="p-acp"
                  ecep:reg="on"
                  ecep:spe="on"
                  ecep:syllab="1"
                  ecep:pron="ɒn">on</w>
               <c> </c>
               <w xml:id="o4091-1012380"
                  n="388-a-0180"
                  ecep:lem="saint"
                  ecep:pos="n1"
                  ecep:reg="Saint"
                  ecep:spe="Saint"
                  ecep:syllab="1"
                  ecep:pron="seɪnt">Saint</w>
               <c> </c>
               <w xml:id="o4091-1012390"
                  n="388-a-0190"
                  ecep:lem="valentine"
                  ecep:pos="npg1"
                  ecep:reg="Valentine's"
                  ecep:spe="Valentine's"
                  ecep:syllab="3"
                  ecep:pron="ˈvæləntaɪnz">Valentine's</w>
               <c> </c>
               <w xml:id="o4091-1012400"
                  n="388-a-0200"
                  ecep:lem="eve"
                  ecep:pos="n1"
                  ecep:reg="Eve"
                  ecep:spe="Eve"
                  ecep:syllab="1"
                  ecep:pron="iːv">Eve</w>
               <pc xml:id="o4091-1012410"
                   n="388-a-0210"
                   ecep:lem=","
                   ecep:pos=","
                   ecep:reg=","
                   ecep:spe=",">,</pc>
               <c> </c>
               <w xml:id="o4091-1012420"
                  n="388-a-0220"
                  ecep:lem="1786."
                  ecep:pos="crd"
                  ecep:reg="1786."
                  ecep:spe="1786."
                  ecep:syllab="1"
                  ecep:pron="wˈɒnθˈaʊzəndsˈevənhˈʌndrədənˈeɪtisˈɪks">1786.</w>
               <pc unit="sentence" xml:id="o4091-1012420-eos" n="388-a-0230"/>
            </head>
            <lg xml:id="o4091-s12165">
               <l xml:id="o4091-l22425">
                  <w xml:id="o4091-1012450"
                     n="388-a-0240"
                     ecep:lem="sister"
                     ecep:pos="n1"
                     ecep:reg="SISTER"
                     ecep:spe="SISTER"
                     ecep:syllab="2"
                     ecep:pron="ˈsɪstə">SISTER</w>
                  <c> </c>
                  <w xml:id="o4091-1012460"
                     n="388-a-0250"
                     ecep:lem="belove"
                     ecep:pos="vvn"
                     ecep:reg="beloved"
                     ecep:spe="belov'd"
                     ecep:syllab="2"
                     ecep:pron="bɪˈlʌvd">belov'd</w>
                  <pc xml:id="o4091-1012470"
                      n="388-a-0260"
                      unit="sentence"
                      ecep:lem="!"
                      ecep:pos="!"
                      ecep:reg="!"
                      ecep:spe="!">!</pc>
                  <c> </c>
                  <w xml:id="o4091-1012480"
                     n="388-a-0270"
                     ecep:lem="friend"
                     ecep:pos="n1"
                     ecep:reg="Friend"
                     ecep:spe="Friend"
                     ecep:syllab="1"
                     ecep:pron="frend">Friend</w>
                  <c> </c>
                  <w xml:id="o4091-1012490"
                     n="388-a-0280"
                     ecep:lem="of"
                     ecep:pos="pp-f"
                     ecep:reg="of"
                     ecep:spe="of"
                     ecep:syllab="1"
                     ecep:pron="ɒv">of</w>
                  <c> </c>
                  <w xml:id="o4091-1012500"
                     n="388-a-0290"
                     ecep:lem="my"
                     ecep:pos="po11"
                     ecep:reg="my"
                     ecep:spe="my"
                     ecep:syllab="1"
                     ecep:pron="maɪ">my</w>
                  <c> </c>
                  <w xml:id="o4091-1012510"
                     n="388-a-0300"
                     ecep:lem="inmost"
                     ecep:pos="j"
                     ecep:reg="inmost"
                     ecep:spe="inmost"
                     ecep:syllab="2"
                     ecep:pron="ˈɪnməst">inmost</w>
                  <c> </c>
                  <w xml:id="o4091-1012520"
                     n="388-a-0310"
                     ecep:lem="heart"
                     ecep:pos="n1"
                     ecep:reg="Heart"
                     ecep:spe="Heart"
                     ecep:syllab="1"
                     ecep:pron="hɑːt">Heart</w>
                  <pc xml:id="o4091-1012530"
                      n="388-a-0320"
                      unit="sentence"
                      ecep:lem="!"
                      ecep:pos="!"
                      ecep:reg="!"
                      ecep:spe="!">!</pc>
                  <c> </c>
               </l>
               <l xml:id="o4091-l22430">
                  <w xml:id="o4091-1012540"
                     n="388-a-0330"
                     ecep:lem="accept"
                     ecep:pos="vvb"
                     ecep:reg="Accept"
                     ecep:spe="Accept"
                     ecep:syllab="2"
                     ecep:pron="əkˈsept">Accept</w>
                  <c> </c>
                  <w xml:id="o4091-1012550"
                     n="388-a-0340"
                     ecep:lem="this"
                     ecep:pos="d"
                     ecep:reg="this"
                     ecep:spe="this"
                     ecep:syllab="1"
                     ecep:pron="ðɪs">this</w>
                  <c> </c>
                  <w xml:id="o4091-1012560"
                     n="388-a-0350"
                     ecep:lem="effort"
                     ecep:pos="n1"
                     ecep:reg="effort"
                     ecep:spe="effort"
                     ecep:syllab="2"
                     ecep:pron="ˈefət">effort</w>
                  <c> </c>
                  <w xml:id="o4091-1012570"
                     n="388-a-0360"
                     ecep:lem="of"
                     ecep:pos="pp-f"
                     ecep:reg="of"
                     ecep:spe="of"
                     ecep:syllab="1"
                     ecep:pron="ɒv">of</w>
                  <c> </c>
                  <w xml:id="o4091-1012580"
                     n="388-a-0370"
                     ecep:lem="the"
                     ecep:pos="dt"
                     ecep:reg="the"
                     ecep:spe="the"
                     ecep:syllab="1"
                     ecep:pron="ðiː">the</w>
                  <c> </c>
                  <w xml:id="o4091-1012590"
                     n="388-a-0380"
                     ecep:lem="painter"
                     ecep:pos="ng1"
                     ecep:reg="Painter's"
                     ecep:spe="Painter's"
                     ecep:syllab="2"
                     ecep:pron="ˈpeɪntəz">Painter's</w>
                  <c> </c>
                  <w xml:id="o4091-1012600"
                     n="388-a-0390"
                     ecep:lem="art"
                     ecep:pos="n1"
                     ecep:reg="Art"
                     ecep:spe="Art"
                     ecep:syllab="1"
                     ecep:pron="ɑːt">Art</w>
                  <pc xml:id="o4091-1012605"
                      n="388-a0395"
                      unit="sentence"
                      ecep:lem="."
                      ecep:pos="."
                      ecep:reg="."
                      ecep:spe=".">.</pc>
               </l>
               <l xml:id="o4091-l22435">
                  <c> </c>
                  <w xml:id="o4091-1012610"
                     n="388-a-0400"
                     ecep:lem="such"
                     ecep:pos="d"
                     ecep:reg="Such"
                     ecep:spe="Such"
                     ecep:syllab="1"
                     ecep:pron="sʌtʃ">Such</w>
                  <c> </c>
                  <w xml:id="o4091-1012620"
                     n="388-a-0410"
                     ecep:lem="be"
                     ecep:pos="vbz"
                     ecep:reg="is"
                     ecep:spe="is"
                     ecep:syllab="1"
                     ecep:pron="ɪz">is</w>
                  <c> </c>
                  <w xml:id="o4091-1012630"
                     n="388-a-0420"
                     ecep:lem="thy"
                     ecep:pos="po21"
                     ecep:reg="thy"
                     ecep:spe="thy"
                     ecep:syllab="1"
                     ecep:pron="ðaɪ">thy</w>
                  <c> </c>
                  <w xml:id="o4091-1012640"
                     n="388-a-0430"
                     ecep:lem="hannah"
                     ecep:pos="npg1"
                     ecep:reg="Hannah's"
                     ecep:spe="Hannah's"
                     ecep:syllab="2"
                     ecep:pron="ˈhænəz">Hannah's</w>
                  <c> </c>
                  <w xml:id="o4091-1012650"
                     n="388-a-0440"
                     ecep:lem="form"
                     ecep:pos="n1"
                     ecep:reg="form"
                     ecep:spe="form"
                     ecep:syllab="1"
                     ecep:pron="fɔːm">form</w>
                  <pc xml:id="o4091-1012660"
                      n="388-a-0450"
                      ecep:lem=","
                      ecep:pos=","
                      ecep:reg=","
                      ecep:spe=",">,</pc>
                  <c> </c>
                  <w xml:id="o4091-1012670"
                     n="388-a-0460"
                     ecep:lem="but"
                     ecep:pos="cc-acp"
                     ecep:reg="but"
                     ecep:spe="but"
                     ecep:syllab="1"
                     ecep:pron="bʌt">but</w>
                  <c> </c>
                  <w xml:id="o4091-1012680"
                     n="388-a-0470"
                     ecep:lem="who"
                     ecep:pos="q-crq"
                     ecep:reg="who"
                     ecep:spe="who"
                     ecep:syllab="1"
                     ecep:pron="huː">who</w>
                  <c> </c>
                  <w xml:id="o4091-1012690"
                     n="388-a-0480"
                     ecep:lem="shall"
                     ecep:pos="vmb"
                     ecep:reg="shall"
                     ecep:spe="shall"
                     ecep:syllab="1"
                     ecep:pron="ʃæl">shall</w>
                  <c> </c>
                  <w xml:id="o4091-1012700"
                     n="388-a-0490"
                     ecep:lem="find"
                     ecep:pos="vvi"
                     ecep:reg="find"
                     ecep:spe="find"
                     ecep:syllab="1"
                     ecep:pron="faɪnd">find</w>
               </l>
               <l xml:id="o4091-l22440">
                  <c> </c>
                  <w xml:id="o4091-1012710"
                     n="388-a-0500"
                     ecep:lem="the"
                     ecep:pos="dt"
                     ecep:reg="The"
                     ecep:spe="The"
                     ecep:syllab="1"
                     ecep:pron="ðiː">The</w>
                  <c> </c>
                  <w xml:id="o4091-1012720"
                     n="388-a-0510"
                     ecep:lem="skill"
                     ecep:pos="n1"
                     ecep:reg="skill"
                     ecep:spe="skill"
                     ecep:syllab="1"
                     ecep:pron="skɪl">skill</w>
                  <c> </c>
                  <w xml:id="o4091-1012730"
                     n="388-a-0520"
                     ecep:lem="to"
                     ecep:pos="pc-acp"
                     ecep:reg="to"
                     ecep:spe="to"
                     ecep:syllab="1"
                     ecep:pron="tuː">to</w>
                  <c> </c>
                  <w xml:id="o4091-1012740"
                     n="388-a-0530"
                     ecep:lem="paint"
                     ecep:pos="vvi"
                     ecep:reg="paint"
                     ecep:spe="paint"
                     ecep:syllab="1"
                     ecep:pron="peɪnt">paint</w>
                  <c> </c>
                  <w xml:id="o4091-1012750"
                     n="388-a-0540"
                     ecep:lem="her"
                     ecep:pos="po31"
                     ecep:reg="her"
                     ecep:spe="her"
                     ecep:syllab="1"
                     ecep:pron="hɜː">her</w>
                  <c> </c>
                  <w xml:id="o4091-1012760"
                     n="388-a-0550"
                     ecep:lem="heart"
                     ecep:pos="n1"
                     ecep:reg="heart"
                     ecep:spe="heart"
                     ecep:syllab="1"
                     ecep:pron="hɑːt">heart</w>
                  <pc xml:id="o4091-1012770"
                      n="388-a-0560"
                      ecep:lem=","
                      ecep:pos=","
                      ecep:reg=","
                      ecep:spe=",">,</pc>
                  <c> </c>
                  <w xml:id="o4091-1012780"
                     n="388-a-0570"
                     ecep:lem="where"
                     ecep:pos="c-crq"
                     ecep:reg="where"
                     ecep:spe="where"
                     ecep:syllab="1"
                     ecep:pron="weə">where</w>
                  <c> </c>
                  <w xml:id="o4091-1012790"
                     n="388-a-0580"
                     ecep:lem="thou"
                     ecep:pos="pns21"
                     ecep:reg="thou"
                     ecep:spe="thou"
                     ecep:syllab="1"
                     ecep:pron="θaʊ">thou</w>
                  <c> </c>
                  <w xml:id="o4091-1012800"
                     n="388-a-0590"
                     ecep:lem="be"
                     ecep:pos="vb2r"
                     ecep:reg="art"
                     ecep:spe="art"
                     ecep:syllab="1"
                     ecep:pron="ɑːt">art</w>
                  <c> </c>
                  <w xml:id="o4091-1012810"
                     n="388-a-0600"
                     ecep:lem="shrine"
                     ecep:pos="vvn"
                     ecep:reg="shrined"
                     ecep:spe="shrin'd"
                     ecep:syllab="1"
                     ecep:pron="ʃraɪnd">shrin'd</w>
                  <pc xml:id="o4091-1012820"
                      n="388-a-0610"
                      unit="sentence"
                      ecep:lem="?"
                      ecep:pos="?"
                      ecep:reg="?"
                      ecep:spe="?">?</pc>
                  <c> </c>
               </l>
               <l xml:id="o4091-l22445">
                  <w xml:id="o4091-1012830"
                     n="388-a-0620"
                     ecep:lem="to"
                     ecep:pos="p-acp"
                     ecep:reg="To"
                     ecep:spe="To"
                     ecep:syllab="1"
                     ecep:pron="tuː">To</w>
                  <c> </c>
                  <w xml:id="o4091-1012840"
                     n="388-a-0630"
                     ecep:lem="show"
                     ecep:pos="vvi"
                     ecep:reg="show"
                     ecep:spe="show"
                     ecep:syllab="1"
                     ecep:pron="ʃəʊ">show</w>
                  <c> </c>
                  <w xml:id="o4091-1012850"
                     n="388-a-0640"
                     ecep:lem="thou"
                     ecep:pos="pno21"
                     ecep:reg="Thee"
                     ecep:spe="Thee"
                     ecep:syllab="1"
                     ecep:pron="ðiː">Thee</w>
                  <c> </c>
                  <w xml:id="o4091-1012860"
                     n="388-a-0650"
                     ecep:lem="all"
                     ecep:pos="d"
                     ecep:reg="all"
                     ecep:spe="all"
                     ecep:syllab="1"
                     ecep:pron="ɔːl">all</w>
                  <c> </c>
                  <w xml:id="o4091-1012870"
                     n="388-a-0660"
                     ecep:lem="her"
                     ecep:pos="po31"
                     ecep:reg="her"
                     ecep:spe="her"
                     ecep:syllab="1"
                     ecep:pron="hɜː">her</w>
                  <c> </c>
                  <w xml:id="o4091-1012880"
                     n="388-a-0670"
                     ecep:lem="love"
                     ecep:pos="n1"
                     ecep:reg="love"
                     ecep:spe="love"
                     ecep:syllab="1"
                     ecep:pron="lʌv">love</w>
                  <pc xml:id="o4091-1012890"
                      n="388-a-0680"
                      ecep:lem=","
                      ecep:pos=","
                      ecep:reg=","
                      ecep:spe=",">,</pc>
                  <c> </c>
                  <w xml:id="o4091-1012900"
                     n="388-a-0690"
                     ecep:lem="her"
                     ecep:pos="po31"
                     ecep:reg="her"
                     ecep:spe="her"
                     ecep:syllab="1"
                     ecep:pron="hɜː">her</w>
                  <c> </c>
                  <w xml:id="o4091-1012910"
                     n="388-a-0700"
                     ecep:lem="anxious"
                     ecep:pos="j"
                     ecep:reg="anxious"
                     ecep:spe="anxious"
                     ecep:syllab="2"
                     ecep:pron="ˈæŋʃəs">anxious</w>
                  <c> </c>
                  <w xml:id="o4091-1012920"
                     n="388-a-0710"
                     ecep:lem="care"
                     ecep:pos="n1"
                     ecep:reg="care"
                     ecep:spe="care"
                     ecep:syllab="1"
                     ecep:pron="keə">care</w>
                  <pc xml:id="o4091-1012930"
                      n="388-a-0720"
                      ecep:lem=","
                      ecep:pos=","
                      ecep:reg=","
                      ecep:spe=",">,</pc>
               </l>
               <l xml:id="o4091-l22450">
                  <c> </c>
                  <w xml:id="o4091-1012940"
                     n="388-a-0730"
                     ecep:lem="her"
                     ecep:pos="po31"
                     ecep:reg="Her"
                     ecep:spe="Her"
                     ecep:syllab="1"
                     ecep:pron="hɜː">Her</w>
                  <c> </c>
                  <w xml:id="o4091-1012950"
                     n="388-a-0740"
                     ecep:lem="fond"
                     ecep:pos="j"
                     ecep:reg="fond"
                     ecep:spe="fond"
                     ecep:syllab="1"
                     ecep:pron="fɒnd">fond</w>
                  <c> </c>
                  <w xml:id="o4091-1012960"
                     n="388-a-0750"
                     ecep:lem="solicitude"
                     ecep:pos="n1"
                     ecep:reg="solicitude"
                     ecep:spe="solicitude"
                     ecep:syllab="4"
                     ecep:pron="səˈlɪsɪtʃuːd">solicitude</w>
                  <c> </c>
                  <w xml:id="o4091-1012970"
                     n="388-a-0760"
                     ecep:lem="for"
                     ecep:pos="p-acp"
                     ecep:reg="for"
                     ecep:spe="for"
                     ecep:syllab="1"
                     ecep:pron="fɔː">for</w>
                  <c> </c>
                  <w xml:id="o4091-1012980"
                     n="388-a-0770"
                     ecep:lem="thou"
                     ecep:pos="pno21"
                     ecep:reg="Thee"
                     ecep:spe="Thee"
                     ecep:syllab="1"
                     ecep:pron="ðiː">Thee</w>
                  <c> </c>
                  <w xml:id="o4091-1012990"
                     n="388-a-0780"
                     ecep:lem="declare"
                     ecep:pos="vvi"
                     ecep:reg="declare"
                     ecep:spe="declare"
                     ecep:syllab="2"
                     ecep:pron="dɪˈkleə">declare</w>
                  <pc xml:id="o4091-1013000"
                      n="388-a-0790"
                      unit="sentence"
                      ecep:lem="?"
                      ecep:pos="?"
                      ecep:reg="?"
                      ecep:spe="?">?</pc>
                  <c> </c>
               </l>
               <l xml:id="o4091-l22455">
                  <w xml:id="o4091-1013010"
                     n="388-a-0800"
                     ecep:lem="those"
                     ecep:pos="d"
                     ecep:reg="Those"
                     ecep:spe="Those"
                     ecep:syllab="1"
                     ecep:pron="ðəʊz">Those</w>
                  <c> </c>
                  <w xml:id="o4091-1013020"
                     n="388-a-0810"
                     ecep:lem="tie"
                     ecep:pos="n2"
                     ecep:reg="ties"
                     ecep:spe="ties"
                     ecep:syllab="1"
                     ecep:pron="taɪz">ties</w>
                  <pc xml:id="o4091-1013030"
                      n="388-a-0820"
                      ecep:lem=","
                      ecep:pos=","
                      ecep:reg=","
                      ecep:spe=",">,</pc>
                  <c> </c>
                  <w xml:id="o4091-1013040"
                     n="388-a-0830"
                     ecep:lem="which"
                     ecep:pos="r-crq"
                     ecep:reg="which"
                     ecep:spe="which"
                     ecep:syllab="1"
                     ecep:pron="wɪtʃ">which</w>
                  <c> </c>
                  <w xml:id="o4091-1013050"
                     n="388-a-0840"
                     ecep:lem="be"
                     ecep:pos="vbr"
                     ecep:reg="are"
                     ecep:spe="are"
                     ecep:syllab="1"
                     ecep:pron="ɑː">are</w>
                  <c> </c>
                  <w xml:id="o4091-1013060"
                     n="388-a-0850"
                     ecep:lem="ordain"
                     ecep:pos="vvn"
                     ecep:reg="ordained"
                     ecep:spe="ordain'd"
                     ecep:syllab="2"
                     ecep:pron="ɔːˈdeɪnd">ordain'd</w>
                  <c> </c>
                  <w xml:id="o4091-1013070"
                     n="388-a-0860"
                     ecep:lem="by"
                     ecep:pos="p-acp"
                     ecep:reg="by"
                     ecep:spe="by"
                     ecep:syllab="1"
                     ecep:pron="baɪ">by</w>
                  <c> </c>
                  <w xml:id="o4091-1013080"
                     n="388-a-0870"
                     ecep:lem="nature"
                     ecep:pos="ng1"
                     ecep:reg="Nature's"
                     ecep:spe="Nature's"
                     ecep:syllab="2"
                     ecep:pron="ˈneɪtʃəz">Nature's</w>
                  <c> </c>
                  <w xml:id="o4091-1013090"
                     n="388-a-0880"
                     ecep:lem="law"
                     ecep:pos="n2"
                     ecep:reg="laws"
                     ecep:spe="laws"
                     ecep:syllab="1"
                     ecep:pron="lɔːz">laws</w>
                  <pc xml:id="o4091-1013100"
                      n="388-a-0890"
                      ecep:lem=","
                      ecep:pos=","
                      ecep:reg=","
                      ecep:spe=",">,</pc>
               </l>
               <l xml:id="o4091-l22460">
                  <c> </c>
                  <w xml:id="o4091-1013110"
                     n="388-a-0900"
                     ecep:lem="the"
                     ecep:pos="dt"
                     ecep:reg="The"
                     ecep:spe="The"
                     ecep:syllab="1"
                     ecep:pron="ðiː">The</w>
                  <c> </c>
                  <w xml:id="o4091-1013120"
                     n="388-a-0910"
                     ecep:lem="will"
                     ecep:pos="j-vvg"
                     ecep:reg="willing"
                     ecep:spe="willing"
                     ecep:syllab="2"
                     ecep:pron="ˈwɪlɪŋ">willing</w>
                  <c> </c>
                  <w xml:id="o4091-1013130"
                     n="388-a-0920"
                     ecep:lem="hand"
                     ecep:pos="n1"
                     ecep:reg="hand"
                     ecep:spe="hand"
                     ecep:syllab="1"
                     ecep:pron="hænd">hand</w>
                  <c> </c>
                  <w xml:id="o4091-1013140"
                     n="388-a-0930"
                     ecep:lem="of"
                     ecep:pos="pp-f"
                     ecep:reg="of"
                     ecep:spe="of"
                     ecep:syllab="1"
                     ecep:pron="ɒv">of</w>
                  <c> </c>
                  <w xml:id="o4091-1013150"
                     n="388-a-0940"
                     ecep:lem="friendship"
                     ecep:pos="n1"
                     ecep:reg="Friendship"
                     ecep:spe="Friendship"
                     ecep:syllab="2"
                     ecep:pron="ˈfrenʃɪp">Friendship</w>
                  <c> </c>
                  <w xml:id="o4091-1013160"
                     n="388-a-0950"
                     ecep:lem="close"
                     ecep:pos="av-jc"
                     ecep:reg="closer"
                     ecep:spe="closer"
                     ecep:syllab="2"
                     ecep:pron="kləʊzə">closer</w>
                  <c> </c>
                  <w xml:id="o4091-1013170"
                     n="388-a-0960"
                     ecep:lem="draw"
                     ecep:pos="vvz"
                     ecep:reg="draws"
                     ecep:spe="draws"
                     ecep:syllab="1"
                     ecep:pron="drɔːz">draws</w>
                  <pc xml:id="o4091-1013180"
                      n="388-a-0970"
                      ecep:lem=";"
                      ecep:pos=";"
                      ecep:reg=";"
                      ecep:spe=";">;</pc>
               </l>
               <l xml:id="o4091-l22465">
                  <c> </c>
                  <w xml:id="o4091-1013190"
                     n="388-a-0980"
                     ecep:lem="for"
                     ecep:pos="c-acp"
                     ecep:reg="For"
                     ecep:spe="For"
                     ecep:syllab="1"
                     ecep:pron="fɔː">For</w>
                  <c> </c>
                  <w xml:id="o4091-1013200"
                     n="388-a-0990"
                     ecep:lem="have"
                     ecep:pos="vhd2"
                     ecep:reg="hadst"
                     ecep:spe="hadst"
                     ecep:syllab="1"
                     ecep:pron="hædst">hadst</w>
                  <c> </c>
                  <w xml:id="o4091-1013210"
                     n="388-a-1000"
                     ecep:lem="thou"
                     ecep:pos="pns21"
                     ecep:reg="thou"
                     ecep:spe="thou"
                     ecep:syllab="1"
                     ecep:pron="θaʊ">thou</w>
                  <c> </c>
                  <w xml:id="o4091-1013220"
                     n="388-a-1010"
                     ecep:lem="not"
                     ecep:pos="xx"
                     ecep:reg="not"
                     ecep:spe="not"
                     ecep:syllab="1"
                     ecep:pron="nɒt">not</w>
                  <pc xml:id="o4091-1013230"
                      n="388-a-1020"
                      ecep:lem=","
                      ecep:pos=","
                      ecep:reg=","
                      ecep:spe=",">,</pc>
                  <c> </c>
                  <w xml:id="o4091-1013240"
                     n="388-a-1030"
                     ecep:lem="by"
                     ecep:pos="p-acp"
                     ecep:reg="by"
                     ecep:spe="by"
                     ecep:syllab="1"
                     ecep:pron="baɪ">by</w>
                  <c> </c>
                  <w xml:id="o4091-1013250"
                     n="388-a-1040"
                     ecep:lem="nature"
                     ecep:pos="ng1"
                     ecep:reg="Nature's"
                     ecep:spe="Nature's"
                     ecep:syllab="2"
                     ecep:pron="ˈneɪtʃəz">Nature's</w>
                  <c> </c>
                  <w xml:id="o4091-1013260"
                     n="388-a-1050"
                     ecep:lem="sacred"
                     ecep:pos="j"
                     ecep:reg="sacred"
                     ecep:spe="sacred"
                     ecep:syllab="1"
                     ecep:pron="ˈseɪkrɪd">sacred</w>
                  <c> </c>
                  <w xml:id="o4091-1013270"
                     n="388-a-1060"
                     ecep:lem="voice"
                     ecep:pos="n1"
                     ecep:reg="voice"
                     ecep:spe="voice"
                     ecep:syllab="1"
                     ecep:pron="vɔɪs">voice</w>
                  <pc xml:id="o4091-1013280"
                      n="388-a-1070"
                      ecep:lem=","
                      ecep:pos=","
                      ecep:reg=","
                      ecep:spe=",">,</pc>
               </l>
               <l xml:id="o4091-l22470">
                  <c> </c>
                  <w xml:id="o4091-1013290"
                     n="388-a-1080"
                     ecep:lem="my"
                     ecep:pos="po11"
                     ecep:reg="My"
                     ecep:spe="My"
                     ecep:syllab="1"
                     ecep:pron="maɪ">My</w>
                  <c> </c>
                  <w xml:id="o4091-1013300"
                     n="388-a-1090"
                     ecep:lem="sister"
                     ecep:pos="n1"
                     ecep:reg="Sister"
                     ecep:spe="Sister"
                     ecep:syllab="2"
                     ecep:pron="ˈsɪstə">Sister</w>
                  <c> </c>
                  <w xml:id="o4091-1013310"
                     n="388-a-1100"
                     ecep:lem="be"
                     ecep:pos="vbn"
                     ecep:reg="been"
                     ecep:spe="been"
                     ecep:syllab="1"
                     ecep:pron="biːn">been</w>
                  <pc xml:id="o4091-1013320"
                      n="388-a-1110"
                      ecep:lem=","
                      ecep:pos=","
                      ecep:reg=","
                      ecep:spe=",">,</pc>
                  <c> </c>
                  <w xml:id="o4091-1013330"
                     n="388-a-1120"
                     ecep:lem="thou"
                     ecep:pos="pns21"
                     ecep:reg="thou"
                     ecep:spe="thou"
                     ecep:syllab="1"
                     ecep:pron="θaʊ">thou</w>
                  <c> </c>
                  <w xml:id="o4091-1013340"
                     n="388-a-1130"
                     ecep:lem="still"
                     ecep:pos="av"
                     ecep:reg="still"
                     ecep:spe="still"
                     ecep:syllab="1"
                     ecep:pron="stɪl">still</w>
                  <c> </c>
                  <w xml:id="o4091-1013350"
                     n="388-a-1140"
                     ecep:lem="have"
                     ecep:pos="vhd2"
                     ecep:reg="hadst"
                     ecep:spe="hadst"
                     ecep:syllab="1"
                     ecep:pron="hædst">hadst</w>
                  <c> </c>
                  <w xml:id="o4091-1013360"
                     n="388-a-1150"
                     ecep:lem="be"
                     ecep:pos="vbn"
                     ecep:reg="been"
                     ecep:spe="been"
                     ecep:syllab="1"
                     ecep:pron="biːn">been</w>
                  <c> </c>
                  <w xml:id="o4091-1013370"
                     n="388-a-1160"
                     ecep:lem="my"
                     ecep:pos="po11"
                     ecep:reg="my"
                     ecep:spe="my"
                     ecep:syllab="1"
                     ecep:pron="maɪ">my</w>
                  <c> </c>
                  <w xml:id="o4091-1013380"
                     n="388-a-1170"
                     ecep:lem="choice"
                     ecep:pos="n1"
                     ecep:reg="choice"
                     ecep:spe="choice"
                     ecep:syllab="1"
                     ecep:pron="tʃɔɪs">choice</w>
                  <pc xml:id="o4091-1013390"
                      n="388-a-1180"
                      ecep:lem=";"
                      ecep:pos=";"
                      ecep:reg=";"
                      ecep:spe=";">;</pc>
               </l>
               <l xml:id="o4091-l22475">
                  <c> </c>
                  <w xml:id="o4091-1013400"
                     n="388-a-1190"
                     ecep:lem="my"
                     ecep:pos="po11"
                     ecep:reg="My"
                     ecep:spe="My"
                     ecep:syllab="1"
                     ecep:pron="maɪ">My</w>
                  <c> </c>
                  <w xml:id="o4091-1013410"
                     n="388-a-1200"
                     ecep:lem="friend"
                     ecep:pos="n1"
                     ecep:reg="Friend"
                     ecep:spe="Friend"
                     ecep:syllab="1"
                     ecep:pron="frend">Friend</w>
                  <c> </c>
                  <w xml:id="o4091-1013420"
                     n="388-a-1210"
                     ecep:lem="select"
                     ecep:pos="vvn"
                     ecep:reg="selected"
                     ecep:spe="selected"
                     ecep:syllab="3"
                     ecep:pron="sɪˈlektɪd">selected</w>
                  <pc xml:id="o4091-1013430"
                      n="388-a-1220"
                      ecep:lem=","
                      ecep:pos=","
                      ecep:reg=","
                      ecep:spe=",">,</pc>
                  <c> </c>
                  <w xml:id="o4091-1013440"
                     n="388-a-1230"
                     ecep:lem="partner"
                     ecep:pos="n1"
                     ecep:reg="partner"
                     ecep:spe="partner"
                     ecep:syllab="2"
                     ecep:pron="ˈpɑːtnə">partner</w>
                  <c> </c>
                  <w xml:id="o4091-1013450"
                     n="388-a-1240"
                     ecep:lem="of"
                     ecep:pos="pp-f"
                     ecep:reg="of"
                     ecep:spe="of"
                     ecep:syllab="1"
                     ecep:pron="ɒv">of</w>
                  <c> </c>
                  <w xml:id="o4091-1013460"
                     n="388-a-1250"
                     ecep:lem="my"
                     ecep:pos="po11"
                     ecep:reg="my"
                     ecep:spe="my"
                     ecep:syllab="1"
                     ecep:pron="maɪ">my</w>
                  <c> </c>
                  <w xml:id="o4091-1013470"
                     n="388-a-1260"
                     ecep:lem="breast"
                     ecep:pos="n1"
                     ecep:reg="breast"
                     ecep:spe="breast"
                     ecep:syllab="1"
                     ecep:pron="brest">breast</w>
                  <pc xml:id="o4091-1013480"
                      n="388-a-1270"
                      ecep:lem=","
                      ecep:pos=","
                      ecep:reg=","
                      ecep:spe=",">,</pc>
               </l>
               <l xml:id="o4091-l22480">
                  <c> </c>
                  <w xml:id="o4091-1013490"
                     n="388-a-1280"
                     ecep:lem="thy"
                     ecep:pos="po21"
                     ecep:reg="Thy"
                     ecep:spe="Thy"
                     ecep:syllab="1"
                     ecep:pron="ðaɪ">Thy</w>
                  <c> </c>
                  <w xml:id="o4091-1013500"
                     n="388-a-1290"
                     ecep:lem="worth"
                     ecep:pos="j"
                     ecep:reg="Worth"
                     ecep:spe="Worth"
                     ecep:syllab="1"
                     ecep:pron="wɜːθ">Worth</w>
                  <c> </c>
                  <w xml:id="o4091-1013510"
                     n="388-a-1300"
                     ecep:lem="esteem"
                     ecep:pos="j-vvn"
                     ecep:reg="esteemed"
                     ecep:spe="esteem'd"
                     ecep:syllab="2"
                     ecep:pron="ɪˈstiːmd">esteem'd</w>
                  <pc xml:id="o4091-1013520"
                      n="388-a-1310"
                      ecep:lem=","
                      ecep:pos=","
                      ecep:reg=","
                      ecep:spe=",">,</pc>
                  <c> </c>
                  <w xml:id="o4091-1013530"
                     n="388-a-1320"
                     ecep:lem="thy"
                     ecep:pos="po21"
                     ecep:reg="thy"
                     ecep:spe="thy"
                     ecep:syllab="1"
                     ecep:pron="ðaɪ">thy</w>
                  <c> </c>
                  <w xml:id="o4091-1013540"
                     n="388-a-1330"
                     ecep:lem="merit"
                     ecep:pos="n1"
                     ecep:reg="Merit"
                     ecep:spe="Merit"
                     ecep:syllab="2"
                     ecep:pron="ˈmerɪt">Merit</w>
                  <c> </c>
                  <w xml:id="o4091-1013550"
                     n="388-a-1340"
                     ecep:lem="all"
                     ecep:pos="d"
                     ecep:reg="all"
                     ecep:spe="all"
                     ecep:syllab="1"
                     ecep:pron="ɔːl">all</w>
                  <c> </c>
                  <w xml:id="o4091-1013560"
                     n="388-a-1350"
                     ecep:lem="confess"
                     ecep:pos="vvn"
                     ecep:reg="confessed"
                     ecep:spe="confess'd"
                     ecep:syllab="2"
                     ecep:pron="kənˈfest">confess'd</w>
                  <pc xml:id="o4091-1013570"
                      n="388-a-1360"
                      ecep:lem=":"
                      ecep:pos=":"
                      ecep:reg=":"
                      ecep:spe=":">:</pc>
               </l>
               <l xml:id="o4091-l22485">
                  <c> </c>
                  <w xml:id="o4091-1013580"
                     n="388-a-1370"
                     ecep:lem="thy"
                     ecep:pos="po21"
                     ecep:reg="Thy"
                     ecep:spe="Thy"
                     ecep:syllab="1"
                     ecep:pron="ðaɪ">Thy</w>
                  <c> </c>
                  <w xml:id="o4091-1013590"
                     n="388-a-1380"
                     ecep:lem="heart"
                     ecep:pos="n1"
                     ecep:reg="Heart"
                     ecep:spe="Heart"
                     ecep:syllab="1"
                     ecep:pron="hɑːt">Heart</w>
                  <c> </c>
                  <w xml:id="o4091-1013600"
                     n="388-a-1390"
                     ecep:lem="in"
                     ecep:pos="p-acp"
                     ecep:reg="in"
                     ecep:spe="in"
                     ecep:syllab="1"
                     ecep:pron="ɪn">in</w>
                  <c> </c>
                  <w xml:id="o4091-1013610"
                     n="388-a-1400"
                     ecep:lem="which"
                     ecep:pos="r-crq"
                     ecep:reg="which"
                     ecep:spe="which"
                     ecep:syllab="1"
                     ecep:pron="wɪtʃ">which</w>
                  <c> </c>
                  <w xml:id="o4091-1013620"
                     n="388-a-1410"
                     ecep:lem="the"
                     ecep:pos="dt"
                     ecep:reg="the"
                     ecep:spe="the"
                     ecep:syllab="1"
                     ecep:pron="ðiː">the</w>
                  <c> </c>
                  <w xml:id="o4091-1013630"
                     n="388-a-1420"
                     ecep:lem="virtue"
                     ecep:pos="n2"
                     ecep:reg="Virtues"
                     ecep:spe="Virtues"
                     ecep:syllab="2"
                     ecep:pron="ˈvɜːtʃuːz">Virtues</w>
                  <c> </c>
                  <w xml:id="o4091-1013640"
                     n="388-a-1430"
                     ecep:lem="all"
                     ecep:pos="d"
                     ecep:reg="all"
                     ecep:spe="all"
                     ecep:syllab="1"
                     ecep:pron="ɔːl">all</w>
                  <c> </c>
                  <w xml:id="o4091-1013650"
                     n="388-a-1440"
                     ecep:lem="be"
                     ecep:pos="vbr"
                     ecep:reg="are"
                     ecep:spe="are"
                     ecep:syllab="1"
                     ecep:pron="ɑː">are</w>
                  <c> </c>
                  <w xml:id="o4091-1013660"
                     n="388-a-1450"
                     ecep:lem="join"
                     ecep:pos="vvn"
                     ecep:reg="joined"
                     ecep:spe="join'd"
                     ecep:syllab="1"
                     ecep:pron="dʒɔɪnd">join'd</w>
                  <pc xml:id="o4091-1013670"
                      n="388-a-1460"
                      ecep:lem=","
                      ecep:pos=","
                      ecep:reg=","
                      ecep:spe=",">,</pc>
               </l>
               <l xml:id="o4091-l22490">
                  <c> </c>
                  <w xml:id="o4091-1013680"
                     n="388-a-1470"
                     ecep:lem="thy"
                     ecep:pos="po21"
                     ecep:reg="Thy"
                     ecep:spe="Thy"
                     ecep:syllab="1"
                     ecep:pron="ðaɪ">Thy</w>
                  <c> </c>
                  <w xml:id="o4091-1013690"
                     n="388-a-1480"
                     ecep:lem="polish"
                     ecep:pos="j-vvn"
                     ecep:reg="polished"
                     ecep:spe="polish'd"
                     ecep:syllab="2"
                     ecep:pron="ˈpɒlɪʃt">polish'd</w>
                  <c> </c>
                  <w xml:id="o4091-1013700"
                     n="388-a-1490"
                     ecep:lem="manner"
                     ecep:pos="n2"
                     ecep:reg="Manners"
                     ecep:spe="Manners"
                     ecep:syllab="2"
                     ecep:pron="ˈmænəz">Manners</w>
                  <pc xml:id="o4091-1013710"
                      n="388-a-1500"
                      ecep:lem=","
                      ecep:pos=","
                      ecep:reg=","
                      ecep:spe=",">,</pc>
                  <c> </c>
                  <w xml:id="o4091-1013720"
                     n="388-a-1510"
                     ecep:lem="and"
                     ecep:pos="cc"
                     ecep:reg="and"
                     ecep:spe="and"
                     ecep:syllab="1"
                     ecep:pron="ænd">and</w>
                  <c> </c>
                  <w xml:id="o4091-1013730"
                     n="388-a-1520"
                     ecep:lem="thy"
                     ecep:pos="po21"
                     ecep:reg="thy"
                     ecep:spe="thy"
                     ecep:syllab="1"
                     ecep:pron="ðaɪ">thy</w>
                  <c> </c>
                  <w xml:id="o4091-1013740"
                     n="388-a-1530"
                     ecep:lem="candid"
                     ecep:pos="j"
                     ecep:reg="candid"
                     ecep:spe="candid"
                     ecep:syllab="2"
                     ecep:pron="ˈkændɪd">candid</w>
                  <c> </c>
                  <w xml:id="o4091-1013750"
                     n="388-a-1540"
                     ecep:lem="mind"
                     ecep:pos="n1"
                     ecep:reg="mind"
                     ecep:spe="mind"
                     ecep:syllab="1"
                     ecep:pron="maɪnd">mind</w>
                  <pc xml:id="o4091-1013760"
                      n="388-a-1550"
                      ecep:lem=","
                      ecep:pos=","
                      ecep:reg=","
                      ecep:spe=",">,</pc>
               </l>
               <pb facs="o4091/0390" n="380" rend="none"/>
               <l xml:id="o4091-l22495">
                  <c> </c>
                  <w xml:id="o4091-1013770"
                     n="389-a-0010"
                     ecep:lem="have"
                     ecep:pos="vhd"
                     ecep:reg="Had"
                     ecep:spe="Had"
                     ecep:syllab="1"
                     ecep:pron="hæd">Had</w>
                  <c> </c>
                  <w xml:id="o4091-1013780"
                     n="389-a-0020"
                     ecep:lem="win"
                     ecep:pos="vvn"
                     ecep:reg="won"
                     ecep:spe="won"
                     ecep:syllab="1"
                     ecep:pron="wʌn">won</w>
                  <c> </c>
                  <w xml:id="o4091-1013790"
                     n="389-a-0030"
                     ecep:lem="my"
                     ecep:pos="po11"
                     ecep:reg="my"
                     ecep:spe="my"
                     ecep:syllab="1"
                     ecep:pron="maɪ">my</w>
                  <c> </c>
                  <w xml:id="o4091-1013800"
                     n="389-a-0040"
                     ecep:lem="soul"
                     ecep:pos="n1"
                     ecep:reg="Soul"
                     ecep:spe="Soul"
                     ecep:syllab="1"
                     ecep:pron="səʊl">Soul</w>
                  <c> </c>
                  <w xml:id="o4091-1013810"
                     n="389-a-0050"
                     ecep:lem="to"
                     ecep:pos="pc-acp"
                     ecep:reg="to"
                     ecep:spe="to"
                     ecep:syllab="1"
                     ecep:pron="tuː">to</w>
                  <c> </c>
                  <w xml:id="o4091-1013820"
                     n="389-a-0060"
                     ecep:lem="court"
                     ecep:pos="vvi"
                     ecep:reg="court"
                     ecep:spe="court"
                     ecep:syllab="1"
                     ecep:pron="kɔːt">court</w>
                  <c> </c>
                  <w xml:id="o4091-1013830"
                     n="389-a-0070"
                     ecep:lem="the"
                     ecep:pos="dt"
                     ecep:reg="the"
                     ecep:spe="the"
                     ecep:syllab="1"
                     ecep:pron="ðiː">the</w>
                  <c> </c>
                  <w xml:id="o4091-1013840"
                     n="389-a-0080"
                     ecep:lem="worth"
                     ecep:pos="j"
                     ecep:reg="Worth"
                     ecep:spe="Worth"
                     ecep:syllab="1"
                     ecep:pron="wɜːθ">Worth</w>
                  <c> </c>
                  <w xml:id="o4091-1013850"
                     n="389-a-0090"
                     ecep:lem="it"
                     ecep:pos="pn31"
                     ecep:reg="it"
                     ecep:spe="it"
                     ecep:syllab="1"
                     ecep:pron="ɪt">it</w>
                  <c> </c>
                  <w xml:id="o4091-1013860"
                     n="389-a-0100"
                     ecep:lem="love"
                     ecep:pos="vvz"
                     ecep:reg="loves"
                     ecep:spe="loves"
                     ecep:syllab="1"
                     ecep:pron="lʌvz">loves</w>
                  <pc xml:id="o4091-1013870"
                      n="389-a-0110"
                      ecep:lem=","
                      ecep:pos=","
                      ecep:reg=","
                      ecep:spe=",">,</pc>
               </l>
               <l xml:id="o4091-l22500">
                  <c> </c>
                  <w xml:id="o4091-1013880"
                     n="389-a-0120"
                     ecep:lem="to"
                     ecep:pos="pc-acp"
                     ecep:reg="To"
                     ecep:spe="To"
                     ecep:syllab="1"
                     ecep:pron="tuː">To</w>
                  <c> </c>
                  <w xml:id="o4091-1013890"
                     n="389-a-0130"
                     ecep:lem="seek"
                     ecep:pos="vvi"
                     ecep:reg="seek"
                     ecep:spe="seek"
                     ecep:syllab="1"
                     ecep:pron="siːk">seek</w>
                  <c> </c>
                  <w xml:id="o4091-1013900"
                     n="389-a-0140"
                     ecep:lem="the"
                     ecep:pos="dt"
                     ecep:reg="the"
                     ecep:spe="the"
                     ecep:syllab="1"
                     ecep:pron="ðiː">the</w>
                  <c> </c>
                  <w xml:id="o4091-1013910"
                     n="389-a-0150"
                     ecep:lem="modest"
                     ecep:pos="j"
                     ecep:reg="modest"
                     ecep:spe="modest"
                     ecep:syllab="2"
                     ecep:pron="ˈmɒdɪst">modest</w>
                  <c> </c>
                  <w xml:id="o4091-1013920"
                     n="389-a-0160"
                     ecep:lem="merit"
                     ecep:pos="n1"
                     ecep:reg="Merit"
                     ecep:spe="Merit"
                     ecep:syllab="2"
                     ecep:pron="ˈmerɪt">Merit</w>
                  <c> </c>
                  <w xml:id="o4091-1013930"
                     n="389-a-0170"
                     ecep:lem="it"
                     ecep:pos="pn31"
                     ecep:reg="it"
                     ecep:spe="it"
                     ecep:syllab="1"
                     ecep:pron="ɪt">it</w>
                  <c> </c>
                  <w xml:id="o4091-1013940"
                     n="389-a-0180"
                     ecep:lem="approve"
                     ecep:pos="vvz"
                     ecep:reg="approves"
                     ecep:spe="approves"
                     ecep:syllab="2"
                     ecep:pron="əˈpruːvz">approves</w>
                  <pc xml:id="o4091-1013950"
                      n="389-a-0190"
                      unit="sentence"
                      ecep:lem="."
                      ecep:pos="."
                      ecep:reg="."
                      ecep:spe=".">.</pc>
                  <c> </c>
               </l>
               <l xml:id="o4091-l22505">
                  <w xml:id="o4091-1013960"
                     n="389-a-0200"
                     ecep:lem="bless"
                     ecep:pos="j-vvn"
                     ecep:reg="Blessed"
                     ecep:spe="Bless'd"
                     ecep:syllab="1"
                     ecep:pron="ˈblesɪd">Bless'd</w>
                  <c> </c>
                  <w xml:id="o4091-1013970"
                     n="389-a-0210"
                     ecep:lem="may"
                     ecep:pos="vm2"
                     ecep:reg="mayest"
                     ecep:spe="may'st"
                     ecep:syllab="1"
                     ecep:pron="meɪst">may'st</w>
                  <c> </c>
                  <w xml:id="o4091-1013980"
                     n="389-a-0220"
                     ecep:lem="thou"
                     ecep:pos="pns21"
                     ecep:reg="thou"
                     ecep:spe="thou"
                     ecep:syllab="1"
                     ecep:pron="θaʊ">thou</w>
                  <c> </c>
                  <w xml:id="o4091-1013990"
                     n="389-a-0230"
                     ecep:lem="be"
                     ecep:pos="vbi"
                     ecep:reg="be"
                     ecep:spe="be"
                     ecep:syllab="1"
                     ecep:pron="biː">be</w>
                  <c> </c>
                  <w xml:id="o4091-1014000"
                     n="389-a-0240"
                     ecep:lem="through"
                     ecep:pos="p-acp"
                     ecep:reg="through"
                     ecep:spe="through"
                     ecep:syllab="1"
                     ecep:pron="θruː">through</w>
                  <c> </c>
                  <w xml:id="o4091-1014010"
                     n="389-a-0250"
                     ecep:lem="a"
                     ecep:pos="dt"
                     ecep:reg="a"
                     ecep:spe="a"
                     ecep:syllab="1"
                     ecep:pron="ə">a</w>
                  <c> </c>
                  <w xml:id="o4091-1014020"
                     n="389-a-0260"
                     ecep:lem="long"
                     ecep:pos="j"
                     ecep:reg="long"
                     ecep:spe="long"
                     ecep:syllab="1"
                     ecep:pron="lɒŋ">long</w>
                  <pc xml:id="o4091-1014030"
                      n="389-a-0270"
                      ecep:lem=","
                      ecep:pos=","
                      ecep:reg=","
                      ecep:spe=",">,</pc>
                  <c> </c>
                  <w xml:id="o4091-1014040"
                     n="389-a-0280"
                     ecep:lem="blameless"
                     ecep:pos="j"
                     ecep:reg="blameless"
                     ecep:spe="blameless"
                     ecep:syllab="2"
                     ecep:pron="ˈbleɪmləs">blameless</w>
                  <c> </c>
                  <w xml:id="o4091-1014050"
                     n="389-a-0290"
                     ecep:lem="life"
                     ecep:pos="n1"
                     ecep:reg="life"
                     ecep:spe="life"
                     ecep:syllab="1"
                     ecep:pron="laɪf">life</w>
                  <pc xml:id="o4091-1014060"
                      n="389-a-0300"
                      ecep:lem=","
                      ecep:pos=","
                      ecep:reg=","
                      ecep:spe=",">,</pc>
               </l>
               <l xml:id="o4091-l22510">
                  <c> </c>
                  <w xml:id="o4091-1014070"
                     n="389-a-0310"
                     ecep:lem="nor"
                     ecep:pos="ccx"
                     ecep:reg="Nor"
                     ecep:spe="Nor"
                     ecep:syllab="1"
                     ecep:pron="nɔː">Nor</w>
                  <c> </c>
                  <w xml:id="o4091-1014080"
                     n="389-a-0320"
                     ecep:lem="sting"
                     ecep:pos="vvd"
                     ecep:reg="stung"
                     ecep:spe="stung"
                     ecep:syllab="1"
                     ecep:pron="stʌŋ">stung</w>
                  <c> </c>
                  <w xml:id="o4091-1014090"
                     n="389-a-0330"
                     ecep:lem="by"
                     ecep:pos="p-acp"
                     ecep:reg="by"
                     ecep:spe="by"
                     ecep:syllab="1"
                     ecep:pron="baɪ">by</w>
                  <c> </c>
                  <w xml:id="o4091-1014100"
                     n="389-a-0340"
                     ecep:lem="envy"
                     ecep:pos="n1"
                     ecep:reg="Envy"
                     ecep:spe="Envy"
                     ecep:syllab="2"
                     ecep:pron="ˈenvi">Envy</w>
                  <pc xml:id="o4091-1014110"
                      n="389-a-0350"
                      ecep:lem=","
                      ecep:pos=","
                      ecep:reg=","
                      ecep:spe=",">,</pc>
                  <c> </c>
                  <w xml:id="o4091-1014120"
                     n="389-a-0360"
                     ecep:lem="nor"
                     ecep:pos="ccx"
                     ecep:reg="nor"
                     ecep:spe="nor"
                     ecep:syllab="1"
                     ecep:pron="nɔː">nor</w>
                  <c> </c>
                  <w xml:id="o4091-1014130"
                     n="389-a-0370"
                     ecep:lem="annoy"
                     ecep:pos="vvd"
                     ecep:reg="annoyed"
                     ecep:spe="annoy'd"
                     ecep:syllab="2"
                     ecep:pron="əˈnɔɪd">annoy'd</w>
                  <c> </c>
                  <w xml:id="o4091-1014140"
                     n="389-a-0380"
                     ecep:lem="by"
                     ecep:pos="p-acp"
                     ecep:reg="by"
                     ecep:spe="by"
                     ecep:syllab="1"
                     ecep:pron="baɪ">by</w>
                  <c> </c>
                  <w xml:id="o4091-1014150"
                     n="389-a-0390"
                     ecep:lem="strife"
                     ecep:pos="n1"
                     ecep:reg="Strife"
                     ecep:spe="Strife"
                     ecep:syllab="1"
                     ecep:pron="straɪf">Strife</w>
                  <pc xml:id="o4091-1014160"
                      n="389-a-0400"
                      ecep:lem=";"
                      ecep:pos=";"
                      ecep:reg=";"
                      ecep:spe=";">;</pc>
               </l>
               <l xml:id="o4091-l22515">
                  <c> </c>
                  <w xml:id="o4091-1014170"
                     n="389-a-0410"
                     ecep:lem="may"
                     ecep:pos="vmb"
                     ecep:reg="May"
                     ecep:spe="May"
                     ecep:syllab="1"
                     ecep:pron="meɪ">May</w>
                  <c> </c>
                  <w xml:id="o4091-1014180"
                     n="389-a-0420"
                     ecep:lem="health"
                     ecep:pos="n1"
                     ecep:reg="Health"
                     ecep:spe="Health"
                     ecep:syllab="1"
                     ecep:pron="helθ">Health</w>
                  <c> </c>
                  <w xml:id="o4091-1014190"
                     n="389-a-0430"
                     ecep:lem="still"
                     ecep:pos="av"
                     ecep:reg="still"
                     ecep:spe="still"
                     ecep:syllab="1"
                     ecep:pron="stɪl">still</w>
                  <c> </c>
                  <w xml:id="o4091-1014200"
                     n="389-a-0440"
                     ecep:lem="bloom"
                     ecep:pos="vvg"
                     ecep:reg="blooming"
                     ecep:spe="blooming"
                     ecep:syllab="2"
                     ecep:pron="bluːmɪŋ">blooming</w>
                  <c> </c>
                  <w xml:id="o4091-1014210"
                     n="389-a-0450"
                     ecep:lem="on"
                     ecep:pos="p-acp"
                     ecep:reg="on"
                     ecep:spe="on"
                     ecep:syllab="1"
                     ecep:pron="ɒn">on</w>
                  <c> </c>
                  <w xml:id="o4091-1014220"
                     n="389-a-0460"
                     ecep:lem="thy"
                     ecep:pos="po21"
                     ecep:reg="thy"
                     ecep:spe="thy"
                     ecep:syllab="1"
                     ecep:pron="ðaɪ">thy</w>
                  <c> </c>
                  <w xml:id="o4091-1014230"
                     n="389-a-0470"
                     ecep:lem="brow"
                     ecep:pos="n1"
                     ecep:reg="brow"
                     ecep:spe="brow"
                     ecep:syllab="1"
                     ecep:pron="braʊ">brow</w>
                  <c> </c>
                  <w xml:id="o4091-1014240"
                     n="389-a-0480"
                     ecep:lem="be"
                     ecep:pos="vbi"
                     ecep:reg="be"
                     ecep:spe="be"
                     ecep:syllab="1"
                     ecep:pron="biː">be</w>
                  <c> </c>
                  <w xml:id="o4091-1014250"
                     n="389-a-0490"
                     ecep:lem="see"
                     ecep:pos="vvn"
                     ecep:reg="seen"
                     ecep:spe="seen"
                     ecep:syllab="1"
                     ecep:pron="siːn">seen</w>
                  <pc xml:id="o4091-1014260"
                      n="389-a-0500"
                      ecep:lem=","
                      ecep:pos=","
                      ecep:reg=","
                      ecep:spe=",">,</pc>
               </l>
               <l xml:id="o4091-l22520">
                  <c> </c>
                  <w xml:id="o4091-1014270"
                     n="389-a-0510"
                     ecep:lem="nor"
                     ecep:pos="ccx"
                     ecep:reg="Nor"
                     ecep:spe="Nor"
                     ecep:syllab="1"
                     ecep:pron="nɔː">Nor</w>
                  <c> </c>
                  <w xml:id="o4091-1014280"
                     n="389-a-0520"
                     ecep:lem="care"
                     ecep:pos="n1"
                     ecep:reg="Care"
                     ecep:spe="Care"
                     ecep:syllab="1"
                     ecep:pron="keə">Care</w>
                  <pc xml:id="o4091-1014290"
                      n="389-a-0530"
                      ecep:lem=","
                      ecep:pos=","
                      ecep:reg=","
                      ecep:spe=",">,</pc>
                  <c> </c>
                  <w xml:id="o4091-1014300"
                     n="389-a-0540"
                     ecep:lem="nor"
                     ecep:pos="ccx"
                     ecep:reg="nor"
                     ecep:spe="nor"
                     ecep:syllab="1"
                     ecep:pron="nɔː">nor</w>
                  <c> </c>
                  <w xml:id="o4091-1014310"
                     n="389-a-0550"
                     ecep:lem="sorrow"
                     ecep:pos="n1"
                     ecep:reg="Sorrow"
                     ecep:spe="Sorrow"
                     ecep:syllab="2"
                     ecep:pron="ˈsɒrəʊ">Sorrow</w>
                  <c> </c>
                  <w xml:id="o4091-1014320"
                     n="389-a-0560"
                     ecep:lem="make"
                     ecep:pos="vvi"
                     ecep:reg="make"
                     ecep:spe="make"
                     ecep:syllab="1"
                     ecep:pron="meɪk">make</w>
                  <c> </c>
                  <w xml:id="o4091-1014330"
                     n="389-a-0570"
                     ecep:lem="it"
                     ecep:pos="pn31"
                     ecep:reg="it"
                     ecep:spe="it"
                     ecep:syllab="1"
                     ecep:pron="ɪt">it</w>
                  <c> </c>
                  <w xml:id="o4091-1014340"
                     n="389-a-0580"
                     ecep:lem="less"
                     ecep:pos="av-dc"
                     ecep:reg="less"
                     ecep:spe="less"
                     ecep:syllab="1"
                     ecep:pron="les">less</w>
                  <c> </c>
                  <w xml:id="o4091-1014350"
                     n="389-a-0590"
                     ecep:lem="serene"
                     ecep:pos="j"
                     ecep:reg="serene"
                     ecep:spe="serene"
                     ecep:syllab="2"
                     ecep:pron="sɪˈriːn">serene</w>
                  <pc xml:id="o4091-1014360"
                      n="389-a-0600"
                      unit="sentence"
                      ecep:lem="."
                      ecep:pos="."
                      ecep:reg="."
                      ecep:spe=".">.</pc>
                  <c> </c>
               </l>
               <l xml:id="o4091-l22525">
                  <w xml:id="o4091-1014370"
                     n="389-a-0610"
                     ecep:lem="thou"
                     ecep:pos="pns21"
                     ecep:reg="Thou"
                     ecep:spe="Thou"
                     ecep:syllab="1"
                     ecep:pron="θaʊ">Thou</w>
                  <pc xml:id="o4091-1014380"
                      n="389-a-0620"
                      ecep:lem=","
                      ecep:pos=","
                      ecep:reg=","
                      ecep:spe=",">,</pc>
                  <c> </c>
                  <w xml:id="o4091-1014390"
                     n="389-a-0630"
                     ecep:lem="fortune"
                     ecep:pos="n1"
                     ecep:reg="Fortune"
                     ecep:spe="Fortune"
                     ecep:syllab="2"
                     ecep:pron="ˈfɔːtʃuːn">Fortune</w>
                  <pc xml:id="o4091-1014400"
                      n="389-a-0640"
                      ecep:lem="!"
                      ecep:pos="!"
                      ecep:reg="!"
                      ecep:spe="!">!</pc>
                  <c> </c>
                  <w xml:id="o4091-1014410"
                     n="389-a-0650"
                     ecep:lem="who"
                     ecep:pos="q-crq"
                     ecep:reg="who"
                     ecep:spe="who"
                     ecep:syllab="1"
                     ecep:pron="huː">who</w>
                  <c> </c>
                  <w xml:id="o4091-1014420"
                     n="389-a-0660"
                     ecep:lem="so"
                     ecep:pos="av"
                     ecep:reg="so"
                     ecep:spe="so"
                     ecep:syllab="1"
                     ecep:pron="səʊ">so</w>
                  <c> </c>
                  <w xml:id="o4091-1014430"
                     n="389-a-0670"
                     ecep:lem="oft"
                     ecep:pos="av"
                     ecep:reg="oft"
                     ecep:spe="oft"
                     ecep:syllab="1"
                     ecep:pron="ɒft">oft</w>
                  <c> </c>
                  <w xml:id="o4091-1014440"
                     n="389-a-0680"
                     ecep:lem="have"
                     ecep:pos="vh2"
                     ecep:reg="hast"
                     ecep:spe="hast"
                     ecep:syllab="1"
                     ecep:pron="hæst">hast</w>
                  <c> </c>
                  <w xml:id="o4091-1014450"
                     n="389-a-0690"
                     ecep:lem="be"
                     ecep:pos="vbn"
                     ecep:reg="been"
                     ecep:spe="been"
                     ecep:syllab="1"
                     ecep:pron="biːn">been</w>
                  <c> </c>
                  <w xml:id="o4091-1014460"
                     n="389-a-0700"
                     ecep:lem="the"
                     ecep:pos="dt"
                     ecep:reg="the"
                     ecep:spe="the"
                     ecep:syllab="1"
                     ecep:pron="ðiː">the</w>
                  <c> </c>
                  <w xml:id="o4091-1014470"
                     n="389-a-0710"
                     ecep:lem="slave"
                     ecep:pos="n1"
                     ecep:reg="Slave"
                     ecep:spe="Slave"
                     ecep:syllab="1"
                     ecep:pron="sleɪv">Slave</w>
                  <pc xml:id="o4091-1014480"
                      n="389-a-0720"
                      ecep:lem=","
                      ecep:pos=","
                      ecep:reg=","
                      ecep:spe=",">,</pc>
               </l>
               <l xml:id="o4091-l22530">
                  <c> </c>
                  <w xml:id="o4091-1014490"
                     n="389-a-0730"
                     ecep:lem="of"
                     ecep:pos="pp-f"
                     ecep:reg="Of"
                     ecep:spe="Of"
                     ecep:syllab="1"
                     ecep:pron="ɒv">Of</w>
                  <c> </c>
                  <w xml:id="o4091-1014500"
                     n="389-a-0740"
                     ecep:lem="many"
                     ecep:pos="d"
                     ecep:reg="many"
                     ecep:spe="many"
                     ecep:syllab="2"
                     ecep:pron="ˈmeni">many</w>
                  <c> </c>
                  <w xml:id="o4091-1014510"
                     n="389-a-0750"
                     ecep:lem="a"
                     ecep:pos="dt"
                     ecep:reg="a"
                     ecep:spe="a"
                     ecep:syllab="1"
                     ecep:pron="ə">a</w>
                  <c> </c>
                  <w xml:id="o4091-1014520"
                     n="389-a-0760"
                     ecep:lem="miser"
                     ecep:pos="n1"
                     ecep:reg="Miser"
                     ecep:spe="Miser"
                     ecep:syllab="2"
                     ecep:pron="ˈmaɪzə">Miser</w>
                  <pc xml:id="o4091-1014530"
                      n="389-a-0770"
                      ecep:lem=","
                      ecep:pos=","
                      ecep:reg=","
                      ecep:spe=",">,</pc>
                  <c> </c>
                  <w xml:id="o4091-1014540"
                     n="389-a-0780"
                     ecep:lem="dastard"
                     ecep:pos="n1"
                     ecep:reg="Dastard"
                     ecep:spe="Dastard"
                     ecep:syllab="2"
                     ecep:pron="ˈdæstəd">Dastard</w>
                  <pc xml:id="o4091-1014550"
                      n="389-a-0790"
                      ecep:lem=","
                      ecep:pos=","
                      ecep:reg=","
                      ecep:spe=",">,</pc>
                  <c> </c>
                  <w xml:id="o4091-1014560"
                     n="389-a-0800"
                     ecep:lem="fool"
                     ecep:pos="n1"
                     ecep:reg="Fool"
                     ecep:spe="Fool"
                     ecep:syllab="1"
                     ecep:pron="fuːl">Fool</w>
                  <pc xml:id="o4091-1014570"
                      n="389-a-0810"
                      ecep:lem=","
                      ecep:pos=","
                      ecep:reg=","
                      ecep:spe=",">,</pc>
                  <c> </c>
                  <w xml:id="o4091-1014580"
                     n="389-a-0820"
                     ecep:lem="and"
                     ecep:pos="cc"
                     ecep:reg="and"
                     ecep:spe="and"
                     ecep:syllab="1"
                     ecep:pron="ænd">and</w>
                  <c> </c>
                  <w xml:id="o4091-1014590"
                     n="389-a-0830"
                     ecep:lem="knave"
                     ecep:pos="n1"
                     ecep:reg="Knave"
                     ecep:spe="Knave"
                     ecep:syllab="1"
                     ecep:pron="neɪv">Knave</w>
                  <pc xml:id="o4091-1014600"
                      n="389-a-0840"
                      ecep:lem=","
                      ecep:pos=","
                      ecep:reg=","
                      ecep:spe=",">,</pc>
               </l>
               <l xml:id="o4091-l22535">
                  <c> </c>
                  <w xml:id="o4091-1014610"
                     n="389-a-0850"
                     ecep:lem="for"
                     ecep:pos="c-acp"
                     ecep:reg="For"
                     ecep:spe="For"
                     ecep:syllab="1"
                     ecep:pron="fɔː">For</w>
                  <c> </c>
                  <w xml:id="o4091-1014620"
                     n="389-a-0860"
                     ecep:lem="once"
                     ecep:pos="a-acp"
                     ecep:reg="once"
                     ecep:spe="once"
                     ecep:syllab="1"
                     ecep:pron="wʌns">once</w>
                  <c> </c>
                  <w xml:id="o4091-1014630"
                     n="389-a-0870"
                     ecep:lem="be"
                     ecep:pos="vbb"
                     ecep:reg="be"
                     ecep:spe="be"
                     ecep:syllab="1"
                     ecep:pron="biː">be</w>
                  <c> </c>
                  <w xml:id="o4091-1014640"
                     n="389-a-0880"
                     ecep:lem="just"
                     ecep:pos="av-j"
                     ecep:reg="just"
                     ecep:spe="just"
                     ecep:syllab="1"
                     ecep:pron="dʒʌst">just</w>
                  <pc xml:id="o4091-1014650"
                      n="389-a-0890"
                      ecep:lem=","
                      ecep:pos=","
                      ecep:reg=","
                      ecep:spe=",">,</pc>
                  <c> </c>
                  <pc xml:id="o4091-1014660"
                      n="389-a-0900"
                      ecep:lem="—"
                      ecep:pos="—"
                      ecep:reg="—"
                      ecep:spe="—">—</pc>
                  <c> </c>
                  <w xml:id="o4091-1014670"
                     n="389-a-0910"
                     ecep:lem="endow"
                     ecep:pos="vvb"
                     ecep:reg="endow"
                     ecep:spe="endow"
                     ecep:syllab="2"
                     ecep:pron="ɪnˈdaʊ">endow</w>
                  <c> </c>
                  <w xml:id="o4091-1014680"
                     n="389-a-0920"
                     ecep:lem="one"
                     ecep:pos="crd"
                     ecep:reg="one"
                     ecep:spe="one"
                     ecep:syllab="1"
                     ecep:pron="wʌn">one</w>
                  <c> </c>
                  <w xml:id="o4091-1014690"
                     n="389-a-0930"
                     ecep:lem="generous"
                     ecep:pos="j"
                     ecep:reg="generous"
                     ecep:spe="gen'rous"
                     ecep:syllab="2"
                     ecep:pron="ˈdʒenrəs">gen'rous</w>
                  <c> </c>
                  <w xml:id="o4091-1014700"
                     n="389-a-0940"
                     ecep:lem="mind"
                     ecep:pos="n1"
                     ecep:reg="Mind"
                     ecep:spe="Mind"
                     ecep:syllab="1"
                     ecep:pron="maɪnd">Mind</w>
                  <pc xml:id="o4091-1014710"
                      n="389-a-0950"
                      ecep:lem=","
                      ecep:pos=","
                      ecep:reg=","
                      ecep:spe=",">,</pc>
               </l>
               <l xml:id="o4091-l22540">
                  <c> </c>
                  <w xml:id="o4091-1014720"
                     n="389-a-0960"
                     ecep:lem="who|will"
                     ecep:pos="q-crq|vmd"
                     ecep:reg="Who'd"
                     ecep:spe="Who'd"
                     ecep:syllab="1"
                     ecep:pron="huːd">Who'd</w>
                  <c> </c>
                  <w xml:id="o4091-1014730"
                     n="389-a-0970"
                     ecep:lem="use"
                     ecep:pos="vvi"
                     ecep:reg="use"
                     ecep:spe="use"
                     ecep:syllab="1"
                     ecep:pron="juːz">use</w>
                  <c> </c>
                  <w xml:id="o4091-1014740"
                     n="389-a-0980"
                     ecep:lem="thy"
                     ecep:pos="po21"
                     ecep:reg="thy"
                     ecep:spe="thy"
                     ecep:syllab="1"
                     ecep:pron="ðaɪ">thy</w>
                  <c> </c>
                  <w xml:id="o4091-1014750"
                     n="389-a-0990"
                     ecep:lem="gift"
                     ecep:pos="n2"
                     ecep:reg="Gifts"
                     ecep:spe="Gifts"
                     ecep:syllab="1"
                     ecep:pron="gɪfts">Gifts</w>
                  <c> </c>
                  <w xml:id="o4091-1014760"
                     n="389-a-1000"
                     ecep:lem="to"
                     ecep:pos="pc-acp"
                     ecep:reg="to"
                     ecep:spe="to"
                     ecep:syllab="1"
                     ecep:pron="tuː">to</w>
                  <c> </c>
                  <w xml:id="o4091-1014770"
                     n="389-a-1010"
                     ecep:lem="bless"
                     ecep:pos="vvi"
                     ecep:reg="bless"
                     ecep:spe="bless"
                     ecep:syllab="1"
                     ecep:pron="bles">bless</w>
                  <pc xml:id="o4091-1014780"
                      n="389-a-1020"
                      ecep:lem=","
                      ecep:pos=","
                      ecep:reg=","
                      ecep:spe=",">,</pc>
                  <c> </c>
                  <w xml:id="o4091-1014790"
                     n="389-a-1030"
                     ecep:lem="as"
                     ecep:pos="c-acp"
                     ecep:reg="as"
                     ecep:spe="as"
                     ecep:syllab="1"
                     ecep:pron="æz">as</w>
                  <c> </c>
                  <w xml:id="o4091-1014800"
                     n="389-a-1040"
                     ecep:lem="heaven"
                     ecep:pos="n1"
                     ecep:reg="Heaven"
                     ecep:spe="Heaven"
                     ecep:syllab="1"
                     ecep:pron="ˈhevn">Heaven</w>
                  <c> </c>
                  <w xml:id="o4091-1014810"
                     n="389-a-1050"
                     ecep:lem="design"
                     ecep:pos="vvd"
                     ecep:reg="designed"
                     ecep:spe="design'd"
                     ecep:syllab="2"
                     ecep:pron="dɪˈzaɪnd">design'd</w>
                  <pc xml:id="o4091-1014820"
                      n="389-a-1060"
                      ecep:lem=";"
                      ecep:pos=";"
                      ecep:reg=";"
                      ecep:spe=";">;</pc>
               </l>
               <l xml:id="o4091-l22545">
                  <c> </c>
                  <w xml:id="o4091-1014830"
                     n="389-a-1070"
                     ecep:lem="from"
                     ecep:pos="p-acp"
                     ecep:reg="From"
                     ecep:spe="From"
                     ecep:syllab="1"
                     ecep:pron="frɒm">From</w>
                  <c> </c>
                  <w xml:id="o4091-1014840"
                     n="389-a-1080"
                     ecep:lem="thy"
                     ecep:pos="po21"
                     ecep:reg="thy"
                     ecep:spe="thy"
                     ecep:syllab="1"
                     ecep:pron="ðaɪ">thy</w>
                  <c> </c>
                  <w xml:id="o4091-1014850"
                     n="389-a-1090"
                     ecep:lem="huge"
                     ecep:pos="j"
                     ecep:reg="huge"
                     ecep:spe="huge"
                     ecep:syllab="1"
                     ecep:pron="hjuːdʒ">huge</w>
                  <c> </c>
                  <w xml:id="o4091-1014860"
                     n="389-a-1100"
                     ecep:lem="wreathe"
                     ecep:pos="vvb"
                     ecep:reg="Wreathe"
                     ecep:spe="Wreath"
                     ecep:syllab="1"
                     ecep:pron="riːθ">Wreath</w>
                  <c> </c>
                  <w xml:id="o4091-1014870"
                     n="389-a-1110"
                     ecep:lem="one"
                     ecep:pos="crd"
                     ecep:reg="one"
                     ecep:spe="one"
                     ecep:syllab="1"
                     ecep:pron="wʌn">one</w>
                  <c> </c>
                  <w xml:id="o4091-1014880"
                     n="389-a-1120"
                     ecep:lem="little"
                     ecep:pos="j"
                     ecep:reg="little"
                     ecep:spe="little"
                     ecep:syllab="2"
                     ecep:pron="ˈlɪtl">little</w>
                  <c> </c>
                  <w xml:id="o4091-1014890"
                     n="389-a-1130"
                     ecep:lem="chaplet"
                     ecep:pos="n1"
                     ecep:reg="Chaplet"
                     ecep:spe="Chaplet"
                     ecep:syllab="2"
                     ecep:pron="ˈtʃæplət">Chaplet</w>
                  <c> </c>
                  <w xml:id="o4091-1014900"
                     n="389-a-1140"
                     ecep:lem="twine"
                     ecep:pos="n1"
                     ecep:reg="twine"
                     ecep:spe="twine"
                     ecep:syllab="1"
                     ecep:pron="twaɪn">twine</w>
                  <pc xml:id="o4091-1014910"
                      n="389-a-1150"
                      ecep:lem=","
                      ecep:pos=","
                      ecep:reg=","
                      ecep:spe=",">,</pc>
               </l>
               <l xml:id="o4091-l22550">
                  <c> </c>
                  <w xml:id="o4091-1014920"
                     n="389-a-1160"
                     ecep:lem="to"
                     ecep:pos="pc-acp"
                     ecep:reg="To"
                     ecep:spe="To"
                     ecep:syllab="1"
                     ecep:pron="tuː">To</w>
                  <c> </c>
                  <w xml:id="o4091-1014930"
                     n="389-a-1170"
                     ecep:lem="grace"
                     ecep:pos="vvi"
                     ecep:reg="grace"
                     ecep:spe="grace"
                     ecep:syllab="1"
                     ecep:pron="greɪs">grace</w>
                  <c> </c>
                  <w xml:id="o4091-1014940"
                     n="389-a-1180"
                     ecep:lem="my"
                     ecep:pos="po11"
                     ecep:reg="my"
                     ecep:spe="my"
                     ecep:syllab="1"
                     ecep:pron="maɪ">my</w>
                  <c> </c>
                  <w xml:id="o4091-1014950"
                     n="389-a-1190"
                     ecep:lem="sister"
                     ecep:pos="n1"
                     ecep:reg="Sister"
                     ecep:spe="Sister"
                     ecep:syllab="2"
                     ecep:pron="ˈsɪstə">Sister</w>
                  <pc xml:id="o4091-1014960"
                      n="389-a-1200"
                      ecep:lem=","
                      ecep:pos=","
                      ecep:reg=","
                      ecep:spe=",">,</pc>
                  <c> </c>
                  <w xml:id="o4091-1014970"
                     n="389-a-1210"
                     ecep:lem="friend"
                     ecep:pos="n1"
                     ecep:reg="Friend"
                     ecep:spe="Friend"
                     ecep:syllab="1"
                     ecep:pron="frend">Friend</w>
                  <pc xml:id="o4091-1014980"
                      n="389-a-1220"
                      ecep:lem=","
                      ecep:pos=","
                      ecep:reg=","
                      ecep:spe=",">,</pc>
                  <c> </c>
                  <w xml:id="o4091-1014990"
                     n="389-a-1230"
                     ecep:lem="and"
                     ecep:pos="cc"
                     ecep:reg="and"
                     ecep:spe="and"
                     ecep:syllab="1"
                     ecep:pron="ænd">and</w>
                  <c> </c>
                  <w xml:id="o4091-1015000"
                     n="389-a-1240"
                     ecep:lem="valentine"
                     ecep:pos="n1"
                     ecep:reg="Valentine"
                     ecep:spe="Valentine"
                     ecep:syllab="3"
                     ecep:pron="ˈvæləntaɪn">Valentine</w>
                  <pc xml:id="o4091-1015010"
                      n="389-a-1250"
                      unit="sentence"
                      ecep:lem="!"
                      ecep:pos="!"
                      ecep:reg="!"
                      ecep:spe="!">!</pc>
                  <c> </c>
               </l>
            </lg>
         </div>
      </body>
   </text>
</TEI>
