<?xml version="1.0" encoding="UTF-8"?>
<div xmlns:ecep="http://www.eighteenthcenturypoetry.org/ns"
     xmlns="http://www.tei-c.org/ns/1.0"
     xmlns:tei="http://www.tei-c.org/ns/1.0"
     ana="#iamb #tetrameter #trimeter #intermittent #quatrain #epigram"
     corresp="#txt_RoweEl1674_w0035"
     decls="#semi-normalized"
     ecep:syllab="8.6.8.6"
     met="-+|-+|-+|-+/ -+|-+|-+/ -+|-+|-+|-+/ -+|-+|-+/"
     rendition="#lgvspace"
     rhyme="xaxa"
     subtype="eceptext"
     type="poem"
     xml:id="oar96-w0340">
   <link target="authors.xml#aut_RoweEl1674" type="author"/>
   <head type="main">
      <w xml:id="oar96-163730"
         n="64-a-0010"
         ecep:lem="the"
         ecep:pos="dt"
         ecep:reg="THE"
         ecep:spe="THE"
         ecep:syllab="1"
         ecep:pron="ðiː">THE</w>
      <c> </c>
      <w xml:id="oar96-163740"
         n="64-a-0020"
         ecep:lem="female"
         ecep:pos="j-jn"
         ecep:reg="Female"
         ecep:spe="Female"
         ecep:syllab="2"
         ecep:pron="ˈfiːmeɪl">Female</w>
      <c> </c>
      <w xml:id="oar96-163750"
         n="64-a-0030"
         ecep:lem="passion"
         ecep:pos="n1"
         ecep:reg="Passion"
         ecep:spe="Passion"
         ecep:syllab="2"
         ecep:pron="ˈpæʃn">Passion</w>
      <pc xml:id="oar96-163760"
          n="64-a-0040"
          ecep:lem=","
          ecep:pos=","
          ecep:reg=","
          ecep:spe=",">,</pc>
   </head>
   <lg n="1" xml:id="oar96-s00685">
      <head>
         <w xml:id="oar96-163800"
            n="64-a-0050"
            ecep:lem="i."
            ecep:pos="crd"
            ecep:reg="I"
            ecep:spe="I."
            ecep:syllab="1"
            ecep:pron="ˈaɪ">I.</w>
         <pc unit="sentence" xml:id="oar96-163800-eos" n="64-a-0060"/>
      </head>
      <l xml:id="oar96-l07550">
         <w xml:id="oar96-163820"
            n="64-a-0070"
            ecep:lem="a"
            ecep:pos="dt"
            ecep:reg="A"
            ecep:spe="A"
            ecep:syllab="1"
            ecep:pron="ə">A</w>
         <c> </c>
         <w xml:id="oar96-163830"
            n="64-a-0080"
            ecep:lem="thousand"
            ecep:pos="crd"
            ecep:reg="Thousand"
            ecep:spe="Thousand"
            ecep:syllab="2"
            ecep:pron="ˈθaʊznd">Thousand</w>
         <c> </c>
         <w xml:id="oar96-163840"
            n="64-a-0090"
            ecep:lem="great"
            ecep:pos="j"
            ecep:reg="great"
            ecep:spe="great"
            ecep:syllab="1"
            ecep:pron="greɪt">great</w>
         <c> </c>
         <w xml:id="oar96-163850"
            n="64-a-0100"
            ecep:lem="resolve"
            ecep:pos="vvz"
            ecep:reg="resolves"
            ecep:spe="resolves"
            ecep:syllab="2"
            ecep:pron="rɪˈzɒlvz">resolves</w>
         <pc xml:id="oar96-163860"
             n="64-a-0110"
             ecep:lem=","
             ecep:pos=","
             ecep:reg=","
             ecep:spe=",">,</pc>
         <c> </c>
         <w xml:id="oar96-163870"
            n="64-a-0120"
            ecep:lem="as"
            ecep:pos="c-acp"
            ecep:reg="as"
            ecep:spe="as"
            ecep:syllab="1"
            ecep:pron="æz">as</w>
         <c> </c>
         <w xml:id="oar96-163880"
            n="64-a-0130"
            ecep:lem="great"
            ecep:pos="j"
            ecep:reg="great"
            ecep:spe="great"
            ecep:syllab="1"
            ecep:pron="greɪt">great</w>
      </l>
      <l xml:id="oar96-l07555">
         <c> </c>
         <w xml:id="oar96-163890"
            n="64-a-0140"
            ecep:lem="as"
            ecep:pos="c-acp"
            ecep:reg="As"
            ecep:spe="As"
            ecep:syllab="1"
            ecep:pron="æz">As</w>
         <c> </c>
         <w xml:id="oar96-163900"
            n="64-a-0150"
            ecep:lem="reason"
            ecep:pos="n1"
            ecep:reg="reason"
            ecep:spe="reason"
            ecep:syllab="2"
            ecep:pron="ˈriːzn">reason</w>
         <c> </c>
         <w xml:id="oar96-163910"
            n="64-a-0160"
            ecep:lem="can"
            ecep:pos="vmd"
            ecep:reg="could"
            ecep:spe="could"
            ecep:syllab="1"
            ecep:pron="kʊd">could</w>
         <c> </c>
         <w xml:id="oar96-163920"
            n="64-a-0170"
            ecep:lem="inspire"
            ecep:pos="vvi"
            ecep:reg="inspire"
            ecep:spe="inspire"
            ecep:syllab="2"
            ecep:pron="ɪnˈspæə">inspire</w>
         <pc xml:id="oar96-163930"
             n="64-a-0180"
             ecep:lem=","
             ecep:pos=","
             ecep:reg=","
             ecep:spe=",">,</pc>
      </l>
      <l xml:id="oar96-l07560">
         <c> </c>
         <w xml:id="oar96-163940"
            n="64-a-0190"
            ecep:lem="i"
            ecep:pos="pns11"
            ecep:reg="I"
            ecep:spe="I"
            ecep:syllab="1"
            ecep:pron="aɪ">I</w>
         <c> </c>
         <w xml:id="oar96-163950"
            n="64-a-0200"
            ecep:lem="have"
            ecep:pos="vhb"
            ecep:reg="have"
            ecep:spe="have"
            ecep:syllab="1"
            ecep:pron="hæv">have</w>
         <c> </c>
         <w xml:id="oar96-163960"
            n="64-a-0210"
            ecep:lem="commence"
            ecep:pos="vvn"
            ecep:reg="commenced"
            ecep:spe="commenc'd"
            ecep:syllab="2"
            ecep:pron="kəˈmenst">commenc'd</w>
         <pc xml:id="oar96-163970"
             n="64-a-0220"
             ecep:lem=";"
             ecep:pos=";"
             ecep:reg=";"
             ecep:spe=";">;</pc>
         <c> </c>
         <w xml:id="oar96-163980"
            n="64-a-0230"
            ecep:lem="but"
            ecep:pos="cc-acp"
            ecep:reg="but"
            ecep:spe="but"
            ecep:syllab="1"
            ecep:pron="bʌt">but</w>
         <c> </c>
         <w xml:id="oar96-163990"
            n="64-a-0240"
            ecep:lem="ah"
            ecep:pos="uh"
            ecep:reg="ah"
            ecep:spe="ah"
            ecep:syllab="1"
            ecep:pron="ɑː">ah</w>
         <c> </c>
         <w xml:id="oar96-164000"
            n="64-a-0250"
            ecep:lem="how"
            ecep:pos="q-crq"
            ecep:reg="how"
            ecep:spe="how"
            ecep:syllab="1"
            ecep:pron="haʊ">how</w>
         <c> </c>
         <w xml:id="oar96-164010"
            n="64-a-0260"
            ecep:lem="soon"
            ecep:pos="av"
            ecep:reg="soon"
            ecep:spe="soon"
            ecep:syllab="1"
            ecep:pron="suːn">soon</w>
      </l>
      <l xml:id="oar96-l07565">
         <c> </c>
         <w xml:id="oar96-164020"
            n="64-a-0270"
            ecep:lem="the"
            ecep:pos="dt"
            ecep:reg="The"
            ecep:spe="The"
            ecep:syllab="1"
            ecep:pron="ðiː">The</w>
         <c> </c>
         <w xml:id="oar96-164030"
            n="64-a-0280"
            ecep:lem="dare"
            ecep:pos="j-vvg"
            ecep:reg="daring"
            ecep:spe="daring"
            ecep:syllab="2"
            ecep:pron="ˈdeərɪŋ">daring</w>
         <c> </c>
         <w xml:id="oar96-164040"
            n="64-a-0290"
            ecep:lem="thought"
            ecep:pos="n2"
            ecep:reg="thoughts"
            ecep:spe="thoughts"
            ecep:syllab="1"
            ecep:pron="θɔːts">thoughts</w>
         <c> </c>
         <w xml:id="oar96-164050"
            n="64-a-0300"
            ecep:lem="expire"
            ecep:pos="vvb"
            ecep:reg="expire"
            ecep:spe="expire"
            ecep:syllab="2"
            ecep:pron="ɪkˈspæə">expire</w>
         <pc xml:id="oar96-164060"
             n="64-a-0310"
             unit="sentence"
             ecep:lem="!"
             ecep:pos="!"
             ecep:reg="!"
             ecep:spe="!">!</pc>
         <c> </c>
      </l>
   </lg>
   <lg n="2" xml:id="oar96-s00690">
      <head>
         <w xml:id="oar96-164100"
            n="64-a-0320"
            ecep:lem="ii"
            ecep:pos="crd"
            ecep:reg="II"
            ecep:spe="II"
            ecep:syllab="1"
            ecep:pron="rˌəʊməntˈuː">II</w>
         <pc xml:id="oar96-164110"
             n="64-a-0330"
             unit="sentence"
             ecep:lem="."
             ecep:pos="."
             ecep:reg="."
             ecep:spe=".">.</pc>
      </head>
      <l xml:id="oar96-l07570">
         <hi>
            <w xml:id="oar96-164130"
               n="64-a-0340"
               ecep:lem="honour"
               ecep:pos="n1"
               ecep:reg="Honour"
               ecep:spe="Honour"
               ecep:syllab="2"
               ecep:pron="ˈɒnə">Honour</w>
            <c> </c>
            <w xml:id="oar96-164140"
               n="64-a-0350"
               ecep:lem="and"
               ecep:pos="cc"
               ecep:reg="and"
               ecep:spe="and"
               ecep:syllab="1"
               ecep:pron="ænd">and</w>
            <c> </c>
            <w xml:id="oar96-164150"
               n="64-a-0360"
               ecep:lem="pride"
               ecep:pos="n1"
               ecep:reg="Pride"
               ecep:spe="Pride"
               ecep:syllab="1"
               ecep:pron="praɪd">Pride</w>
         </hi>
         <c> </c>
         <w xml:id="oar96-164160"
            n="64-a-0370"
            ecep:lem="i|have"
            ecep:pos="pns11|vhb"
            ecep:reg="I've"
            ecep:spe="I've"
            ecep:syllab="1"
            ecep:pron="ˈaɪv">I've</w>
         <c> </c>
         <w xml:id="oar96-164170"
            n="64-a-0380"
            ecep:lem="often"
            ecep:pos="av"
            ecep:reg="often"
            ecep:spe="often"
            ecep:syllab="2"
            ecep:pron="ˈɒfn">often</w>
         <c> </c>
         <w xml:id="oar96-164180"
            n="64-a-0390"
            ecep:lem="rouse"
            ecep:pos="vvn"
            ecep:reg="roused"
            ecep:spe="rouz'd"
            ecep:syllab="1"
            ecep:pron="rˈuːzd">rouz'd</w>
         <pc xml:id="oar96-164190"
             n="64-a-0400"
             ecep:lem=","
             ecep:pos=","
             ecep:reg=","
             ecep:spe=",">,</pc>
      </l>
      <l xml:id="oar96-l07575">
         <c> </c>
         <w xml:id="oar96-164200"
            n="64-a-0410"
            ecep:lem="and"
            ecep:pos="cc"
            ecep:reg="And"
            ecep:spe="And"
            ecep:syllab="1"
            ecep:pron="ænd">And</w>
         <c> </c>
         <w xml:id="oar96-164210"
            n="64-a-0420"
            ecep:lem="bid"
            ecep:pos="vvi"
            ecep:reg="bid"
            ecep:spe="bid"
            ecep:syllab="1"
            ecep:pron="bɪd">bid</w>
         <c> </c>
         <w xml:id="oar96-164220"
            n="64-a-0430"
            ecep:lem="they"
            ecep:pos="pno32"
            ecep:reg="them"
            ecep:spe="'em"
            ecep:syllab="1"
            ecep:pron="əm">'em</w>
         <c> </c>
         <w xml:id="oar96-164230"
            n="64-a-0440"
            ecep:lem="brave"
            ecep:pos="av-j"
            ecep:reg="bravely"
            ecep:spe="bravely"
            ecep:syllab="2"
            ecep:pron="breɪvli">bravely</w>
         <c> </c>
         <w xml:id="oar96-164240"
            n="64-a-0450"
            ecep:lem="stand"
            ecep:pos="vvi"
            ecep:reg="stand"
            ecep:spe="stand"
            ecep:syllab="1"
            ecep:pron="stænd">stand</w>
         <pc xml:id="oar96-164250"
             n="64-a-0460"
             ecep:lem=","
             ecep:pos=","
             ecep:reg=","
             ecep:spe=",">,</pc>
      </l>
      <l xml:id="oar96-l07580">
         <c> </c>
         <w xml:id="oar96-164260"
            n="64-a-0470"
            ecep:lem="but"
            ecep:pos="cc-acp"
            ecep:reg="But"
            ecep:spe="But"
            ecep:syllab="1"
            ecep:pron="bʌt">But</w>
         <c> </c>
         <w xml:id="oar96-164270"
            n="64-a-0480"
            ecep:lem="ever"
            ecep:pos="av"
            ecep:reg="before"
            ecep:spe="e're"
            ecep:syllab="1"
            ecep:pron="eə">e're</w>
         <c> </c>
         <w xml:id="oar96-164280"
            n="64-a-0490"
            ecep:lem="my"
            ecep:pos="po11"
            ecep:reg="my"
            ecep:spe="my"
            ecep:syllab="1"
            ecep:pron="maɪ">my</w>
         <c> </c>
         <w xml:id="oar96-164290"
            n="64-a-0500"
            ecep:lem="charm"
            ecep:pos="j-vvg"
            ecep:reg="charming"
            ecep:spe="charming"
            ecep:syllab="2"
            ecep:pron="ˈtʃɑːmɪŋ">charming</w>
         <c> </c>
         <w xml:id="oar96-164300"
            n="64-a-0510"
            ecep:lem="foe"
            ecep:pos="n1"
            ecep:reg="foe"
            ecep:spe="foe"
            ecep:syllab="1"
            ecep:pron="fəʊ">foe</w>
         <c> </c>
         <w xml:id="oar96-164310"
            n="64-a-0520"
            ecep:lem="appear"
            ecep:pos="vvz"
            ecep:reg="appears"
            ecep:spe="appears"
            ecep:syllab="2"
            ecep:pron="əˈpɪəz">appears</w>
      </l>
      <l xml:id="oar96-l07585">
         <c> </c>
         <w xml:id="oar96-164320"
            n="64-a-0530"
            ecep:lem="they"
            ecep:pos="pns32"
            ecep:reg="They"
            ecep:spe="They"
            ecep:syllab="1"
            ecep:pron="ðeɪ">They</w>
         <c> </c>
         <w xml:id="oar96-164330"
            n="64-a-0540"
            ecep:lem="cowardly"
            ecep:pos="j"
            ecep:reg="cowardly"
            ecep:spe="cowardly"
            ecep:syllab="3"
            ecep:pron="ˈkaʊədli">cowardly</w>
         <c> </c>
         <w xml:id="oar96-164340"
            n="64-a-0550"
            ecep:lem="disband"
            ecep:pos="vvb"
            ecep:reg="disband"
            ecep:spe="disband"
            ecep:syllab="2"
            ecep:pron="dɪsˈbænd">disband</w>
         <pc xml:id="oar96-164350"
             n="64-a-0560"
             unit="sentence"
             ecep:lem="."
             ecep:pos="."
             ecep:reg="."
             ecep:spe=".">.</pc>
         <c> </c>
      </l>
   </lg>
   <lg n="3" xml:id="oar96-s00695">
      <head>
         <w xml:id="oar96-164390"
            n="64-a-0570"
            ecep:lem="iii"
            ecep:pos="crd"
            ecep:reg="III"
            ecep:spe="III"
            ecep:syllab="1"
            ecep:pron="rˌəʊmənθrˈiː">III</w>
         <pc xml:id="oar96-164400"
             n="64-a-0580"
             unit="sentence"
             ecep:lem="."
             ecep:pos="."
             ecep:reg="."
             ecep:spe=".">.</pc>
      </head>
      <l xml:id="oar96-l07590">
         <w xml:id="oar96-164420"
            n="64-a-0590"
            ecep:lem="one"
            ecep:pos="crd"
            ecep:reg="One"
            ecep:spe="One"
            ecep:syllab="1"
            ecep:pron="wʌn">One</w>
         <c> </c>
         <w xml:id="oar96-164430"
            n="64-a-0600"
            ecep:lem="dart"
            ecep:pos="n1"
            ecep:reg="dart"
            ecep:spe="dart"
            ecep:syllab="1"
            ecep:pron="dɑːt">dart</w>
         <c> </c>
         <w xml:id="oar96-164440"
            n="64-a-0610"
            ecep:lem="from"
            ecep:pos="p-acp"
            ecep:reg="from"
            ecep:spe="from"
            ecep:syllab="1"
            ecep:pron="frɒm">from</w>
         <c> </c>
         <w xml:id="oar96-164450"
            n="64-a-0620"
            ecep:lem="his"
            ecep:pos="po31"
            ecep:reg="his"
            ecep:spe="his"
            ecep:syllab="1"
            ecep:pron="hɪz">his</w>
         <c> </c>
         <hi>
            <w xml:id="oar96-164460"
               n="64-a-0630"
               ecep:lem="insult"
               ecep:pos="j-vvg"
               ecep:reg="insulting"
               ecep:spe="insulting"
               ecep:syllab="3"
               ecep:pron="ɪnˈsʌltɪŋ">insulting</w>
            <c> </c>
            <w xml:id="oar96-164470"
               n="64-a-0640"
               ecep:lem="eye"
               ecep:pos="n2"
               ecep:reg="eyes"
               ecep:spe="eyes"
               ecep:syllab="1"
               ecep:pron="aɪz">eyes</w>
            <pc xml:id="oar96-164480"
                n="64-a-0650"
                ecep:lem=","
                ecep:pos=","
                ecep:reg=","
                ecep:spe=",">,</pc>
         </hi>
      </l>
      <l xml:id="oar96-l07595">
         <c> </c>
         <w xml:id="oar96-164490"
            n="64-a-0660"
            ecep:lem="eye"
            ecep:pos="n2"
            ecep:reg="Eyes"
            ecep:spe="Eyes"
            ecep:syllab="1"
            ecep:pron="aɪz">Eyes</w>
         <c> </c>
         <w xml:id="oar96-164500"
            n="64-a-0670"
            ecep:lem="I|be"
            ecep:pos="pns11|vbz"
            ecep:reg="I'm"
            ecep:spe="I'm"
            ecep:syllab="1"
            ecep:pron="ˈaɪm">I'm</w>
         <c> </c>
         <w xml:id="oar96-164510"
            n="64-a-0680"
            ecep:lem="undo"
            ecep:pos="vvn"
            ecep:reg="undone"
            ecep:spe="undone"
            ecep:syllab="2"
            ecep:pron="ʌnˈdʌn">undone</w>
         <c> </c>
         <w xml:id="oar96-164520"
            n="64-a-0690"
            ecep:lem="to"
            ecep:pos="pc-acp"
            ecep:reg="to"
            ecep:spe="to"
            ecep:syllab="1"
            ecep:pron="tuː">to</w>
         <c> </c>
         <w xml:id="oar96-164530"
            n="64-a-0700"
            ecep:lem="meet"
            ecep:pos="vvi"
            ecep:reg="meet"
            ecep:spe="meet"
            ecep:syllab="1"
            ecep:pron="miːt">meet</w>
         <pc xml:id="oar96-164540"
             n="64-a-0710"
             ecep:lem=","
             ecep:pos=","
             ecep:reg=","
             ecep:spe=",">,</pc>
      </l>
      <l xml:id="oar96-l07600">
         <c> </c>
         <w xml:id="oar96-164550"
            n="64-a-0720"
            ecep:lem="throw"
            ecep:pos="vvz"
            ecep:reg="Throws"
            ecep:spe="Throws"
            ecep:syllab="1"
            ecep:pron="θrəʊz">Throws</w>
         <c> </c>
         <w xml:id="oar96-164560"
            n="64-a-0730"
            ecep:lem="all"
            ecep:pos="d"
            ecep:reg="all"
            ecep:spe="all"
            ecep:syllab="1"
            ecep:pron="ɔːl">all</w>
         <c> </c>
         <w xml:id="oar96-164570"
            n="64-a-0740"
            ecep:lem="my"
            ecep:pos="po11"
            ecep:reg="my"
            ecep:spe="my"
            ecep:syllab="1"
            ecep:pron="maɪ">my</w>
         <c> </c>
         <w xml:id="oar96-164580"
            n="64-a-0750"
            ecep:lem="boast"
            ecep:pos="j-vvg"
            ecep:reg="boasting"
            ecep:spe="boasting"
            ecep:syllab="2"
            ecep:pron="bəʊstɪŋ">boasting</w>
         <c> </c>
         <w xml:id="oar96-164590"
            n="64-a-0760"
            ecep:lem="faculty"
            ecep:pos="n2"
            ecep:reg="faculties"
            ecep:spe="faculties"
            ecep:syllab="3"
            ecep:pron="ˈfækltiz">faculties</w>
      </l>
      <l xml:id="oar96-l07605">
         <c> </c>
         <w xml:id="oar96-164600"
            n="64-a-0770"
            ecep:lem="at"
            ecep:pos="p-acp"
            ecep:reg="At"
            ecep:spe="At"
            ecep:syllab="1"
            ecep:pron="æt">At</w>
         <c> </c>
         <w xml:id="oar96-164610"
            n="64-a-0780"
            ecep:lem="the"
            ecep:pos="dt"
            ecep:reg="the"
            ecep:spe="the"
            ecep:syllab="1"
            ecep:pron="ðiː">the</w>
         <c> </c>
         <w xml:id="oar96-164620"
            n="64-a-0790"
            ecep:lem="love"
            ecep:pos="j-vvn"
            ecep:reg="loved"
            ecep:spe="lov'd"
            ecep:syllab="1"
            ecep:pron="ˈlʌvd">lov'd</w>
         <c> </c>
         <w xml:id="oar96-164630"
            n="64-a-0800"
            ecep:lem="tyrant"
            ecep:pos="ng1"
            ecep:reg="Tyrant's"
            ecep:spe="Tyrant's"
            ecep:syllab="2"
            ecep:pron="ˈtaɪrəntz">Tyrant's</w>
         <c> </c>
         <w xml:id="oar96-164640"
            n="64-a-0810"
            ecep:lem="foot"
            ecep:pos="n2"
            ecep:reg="feet"
            ecep:spe="feet"
            ecep:syllab="1"
            ecep:pron="fiːt">feet</w>
         <pc xml:id="oar96-164650"
             n="64-a-0820"
             unit="sentence"
             ecep:lem="."
             ecep:pos="."
             ecep:reg="."
             ecep:spe=".">.</pc>
         <c> </c>
      </l>
   </lg>
   <pb facs="oar96/0130" n="31" rend="none"/>
   <lg n="4" xml:id="oar96-s00700">
      <head>
         <w xml:id="oar96-164690"
            n="64-b-0010"
            ecep:lem="iv"
            ecep:pos="crd"
            ecep:reg="IV"
            ecep:spe="IV"
            ecep:syllab="1"
            ecep:pron="rˌəʊmənfˈɔː">IV</w>
         <pc xml:id="oar96-164700"
             n="64-b-0020"
             unit="sentence"
             ecep:lem="."
             ecep:pos="."
             ecep:reg="."
             ecep:spe=".">.</pc>
      </head>
      <l xml:id="oar96-l07610">
         <w xml:id="oar96-164720"
            n="64-b-0030"
            ecep:lem="in"
            ecep:pos="p-acp"
            ecep:reg="In"
            ecep:spe="In"
            ecep:syllab="1"
            ecep:pron="ɪn">In</w>
         <c> </c>
         <w xml:id="oar96-164730"
            n="64-b-0040"
            ecep:lem="vain"
            ecep:pos="j"
            ecep:reg="vain"
            ecep:spe="vain"
            ecep:syllab="1"
            ecep:pron="veɪn">vain</w>
         <c> </c>
         <w xml:id="oar96-164740"
            n="64-b-0050"
            ecep:lem="alas"
            ecep:pos="uh"
            ecep:reg="alas"
            ecep:spe="alas"
            ecep:syllab="2"
            ecep:pron="əˈlæs">alas</w>
         <pc xml:id="oar96-164750"
             n="64-b-0060"
             ecep:lem=","
             ecep:pos=","
             ecep:reg=","
             ecep:spe=",">,</pc>
         <c> </c>
         <w xml:id="oar96-164760"
            n="64-b-0070"
            ecep:lem="it|be"
            ecep:pos="pn31|vbz"
            ecep:reg="it's"
            ecep:spe="'tis"
            ecep:syllab="1"
            ecep:pron="tɪz">'tis</w>
         <c> </c>
         <w xml:id="oar96-164770"
            n="64-b-0080"
            ecep:lem="all"
            ecep:pos="d"
            ecep:reg="all"
            ecep:spe="all"
            ecep:syllab="1"
            ecep:pron="ɔːl">all</w>
         <c> </c>
         <w xml:id="oar96-164780"
            n="64-b-0090"
            ecep:lem="in"
            ecep:pos="p-acp"
            ecep:reg="in"
            ecep:spe="in"
            ecep:syllab="1"
            ecep:pron="ɪn">in</w>
         <c> </c>
         <w xml:id="oar96-164790"
            n="64-b-0100"
            ecep:lem="vain"
            ecep:pos="j"
            ecep:reg="vain"
            ecep:spe="vain"
            ecep:syllab="1"
            ecep:pron="veɪn">vain</w>
         <pc xml:id="oar96-164800"
             n="64-b-0110"
             ecep:lem=","
             ecep:pos=","
             ecep:reg=","
             ecep:spe=",">,</pc>
      </l>
      <l xml:id="oar96-l07615">
         <c> </c>
         <w xml:id="oar96-164810"
            n="64-b-0120"
            ecep:lem="to"
            ecep:pos="pc-acp"
            ecep:reg="To"
            ecep:spe="To"
            ecep:syllab="1"
            ecep:pron="tuː">To</w>
         <c> </c>
         <w xml:id="oar96-164820"
            n="64-b-0130"
            ecep:lem="struggle"
            ecep:pos="vvi"
            ecep:reg="struggle"
            ecep:spe="struggle"
            ecep:syllab="2"
            ecep:pron="ˈstrʌgl">struggle</w>
         <c> </c>
         <w xml:id="oar96-164830"
            n="64-b-0140"
            ecep:lem="with"
            ecep:pos="p-acp"
            ecep:reg="with"
            ecep:spe="with"
            ecep:syllab="1"
            ecep:pron="wɪð">with</w>
         <c> </c>
         <w xml:id="oar96-164840"
            n="64-b-0150"
            ecep:lem="my"
            ecep:pos="po11"
            ecep:reg="my"
            ecep:spe="my"
            ecep:syllab="1"
            ecep:pron="maɪ">my</w>
         <c> </c>
         <w xml:id="oar96-164850"
            n="64-b-0160"
            ecep:lem="fate"
            ecep:pos="n1"
            ecep:reg="fate"
            ecep:spe="fate"
            ecep:syllab="1"
            ecep:pron="feɪt">fate</w>
         <pc xml:id="oar96-164860"
             n="64-b-0170"
             ecep:lem=","
             ecep:pos=","
             ecep:reg=","
             ecep:spe=",">,</pc>
      </l>
      <l xml:id="oar96-l07620">
         <c> </c>
         <w xml:id="oar96-164870"
            n="64-b-0180"
            ecep:lem="i|be"
            ecep:pos="pns11|vbm"
            ecep:reg="I'm"
            ecep:spe="I'm"
            ecep:syllab="1"
            ecep:pron="ˈaɪm">I'm</w>
         <c> </c>
         <w xml:id="oar96-164880"
            n="64-b-0190"
            ecep:lem="sure"
            ecep:pos="j"
            ecep:reg="sure"
            ecep:spe="sure"
            ecep:syllab="1"
            ecep:pron="ʃɔː">sure</w>
         <c> </c>
         <w xml:id="oar96-164890"
            n="64-b-0200"
            ecep:lem="i"
            ecep:pos="pns11"
            ecep:reg="I"
            ecep:spe="I"
            ecep:syllab="1"
            ecep:pron="aɪ">I</w>
         <c> </c>
         <w xml:id="oar96-164900"
            n="64-b-0210"
            ecep:lem="never"
            ecep:pos="av"
            ecep:reg="never"
            ecep:spe="ne're"
            ecep:syllab="1"
            ecep:pron="nˈiːə">ne're</w>
         <c> </c>
         <w xml:id="oar96-164910"
            n="64-b-0220"
            ecep:lem="shall"
            ecep:pos="vmb"
            ecep:reg="shall"
            ecep:spe="shall"
            ecep:syllab="1"
            ecep:pron="ʃæl">shall</w>
         <c> </c>
         <w xml:id="oar96-164920"
            n="64-b-0230"
            ecep:lem="cease"
            ecep:pos="vvi"
            ecep:reg="cease"
            ecep:spe="cease"
            ecep:syllab="1"
            ecep:pron="siːs">cease</w>
         <c> </c>
         <w xml:id="oar96-164930"
            n="64-b-0240"
            ecep:lem="to"
            ecep:pos="pc-acp"
            ecep:reg="to"
            ecep:spe="to"
            ecep:syllab="1"
            ecep:pron="tuː">to</w>
         <c> </c>
         <w xml:id="oar96-164940"
            n="64-b-0250"
            ecep:lem="love"
            ecep:pos="vvi"
            ecep:reg="love"
            ecep:spe="love"
            ecep:syllab="1"
            ecep:pron="lʌv">love</w>
         <pc xml:id="oar96-164950"
             n="64-b-0260"
             ecep:lem=","
             ecep:pos=","
             ecep:reg=","
             ecep:spe=",">,</pc>
      </l>
      <l xml:id="oar96-l07625">
         <c> </c>
         <w xml:id="oar96-164960"
            n="64-b-0270"
            ecep:lem="how"
            ecep:pos="c-crq"
            ecep:reg="How"
            ecep:spe="How"
            ecep:syllab="1"
            ecep:pron="haʊ">How</w>
         <c> </c>
         <w xml:id="oar96-164970"
            n="64-b-0280"
            ecep:lem="much"
            ecep:pos="d"
            ecep:reg="much"
            ecep:spe="much"
            ecep:syllab="1"
            ecep:pron="mʌtʃ">much</w>
         <c> </c>
         <w xml:id="oar96-164980"
            n="64-b-0290"
            ecep:lem="less"
            ecep:pos="dc"
            ecep:reg="less"
            ecep:spe="less"
            ecep:syllab="1"
            ecep:pron="les">less</w>
         <c> </c>
         <w xml:id="oar96-164990"
            n="64-b-0300"
            ecep:lem="can"
            ecep:pos="vmb"
            ecep:reg="can"
            ecep:spe="can"
            ecep:syllab="1"
            ecep:pron="kæn">can</w>
         <c> </c>
         <w xml:id="oar96-165000"
            n="64-b-0310"
            ecep:lem="i"
            ecep:pos="pns11"
            ecep:reg="I"
            ecep:spe="I"
            ecep:syllab="1"
            ecep:pron="aɪ">I</w>
         <c> </c>
         <w xml:id="oar96-165010"
            n="64-b-0320"
            ecep:lem="hate"
            ecep:pos="vvb"
            ecep:reg="hate"
            ecep:spe="hate"
            ecep:syllab="1"
            ecep:pron="heɪt">hate</w>
         <pc xml:id="oar96-165020"
             n="64-b-0330"
             unit="sentence"
             ecep:lem="!"
             ecep:pos="!"
             ecep:reg="!"
             ecep:spe="!">!</pc>
         <c> </c>
      </l>
   </lg>
   <lg n="5" xml:id="oar96-s00705">
      <head>
         <w xml:id="oar96-165060"
            n="64-b-0340"
            ecep:lem="v."
            ecep:pos="crd"
            ecep:reg="V"
            ecep:spe="V."
            ecep:syllab="1"
            ecep:pron="viː">V.</w>
         <pc unit="sentence" xml:id="oar96-165060-eos" n="64-b-0350"/>
      </head>
      <l xml:id="oar96-l07630">
         <w xml:id="oar96-165080"
            n="64-b-0360"
            ecep:lem="against"
            ecep:pos="p-acp"
            ecep:reg="Against"
            ecep:spe="Against"
            ecep:syllab="2"
            ecep:pron="əˈgenst">Against</w>
         <c> </c>
         <w xml:id="oar96-165090"
            n="64-b-0370"
            ecep:lem="relentless"
            ecep:pos="j"
            ecep:reg="relentless"
            ecep:spe="relentless"
            ecep:syllab="3"
            ecep:pron="rɪˈlentləs">relentless</w>
         <c> </c>
         <w xml:id="oar96-165100"
            n="64-b-0380"
            ecep:lem="destiny"
            ecep:pos="n1"
            ecep:reg="destiny"
            ecep:spe="destiny"
            ecep:syllab="3"
            ecep:pron="ˈdestɪni">destiny</w>
         <pc xml:id="oar96-165110"
             n="64-b-0390"
             ecep:lem=","
             ecep:pos=","
             ecep:reg=","
             ecep:spe=",">,</pc>
      </l>
      <l xml:id="oar96-l07635">
         <c> </c>
         <w xml:id="oar96-165120"
            n="64-b-0400"
            ecep:lem="hopeless"
            ecep:pos="j"
            ecep:reg="Hopeless"
            ecep:spe="Hopeless"
            ecep:syllab="2"
            ecep:pron="ˈhəʊpləs">Hopeless</w>
         <c> </c>
         <w xml:id="oar96-165130"
            n="64-b-0410"
            ecep:lem="to"
            ecep:pos="pc-acp"
            ecep:reg="to"
            ecep:spe="to"
            ecep:syllab="1"
            ecep:pron="tuː">to</w>
         <c> </c>
         <w xml:id="oar96-165140"
            n="64-b-0420"
            ecep:lem="overcome"
            ecep:pos="vvi"
            ecep:reg="overcome"
            ecep:spe="overcome"
            ecep:syllab="3"
            ecep:pron="ˌəʊvəˈkʌm">overcome</w>
         <pc xml:id="oar96-165150"
             n="64-b-0430"
             ecep:lem=","
             ecep:pos=","
             ecep:reg=","
             ecep:spe=",">,</pc>
      </l>
      <l xml:id="oar96-l07640">
         <c> </c>
         <w xml:id="oar96-165160"
            n="64-b-0440"
            ecep:lem="not"
            ecep:pos="xx"
            ecep:reg="Not"
            ecep:spe="Not"
            ecep:syllab="1"
            ecep:pron="nɒt">Not</w>
         <c> </c>
         <hi>
            <w xml:id="oar96-165170"
               n="64-b-0450"
               ecep:lem="sisiphus"
               ecep:pos="np1"
               ecep:reg="Sisiphus"
               ecep:spe="Sisiphus"
               ecep:syllab="3"
               ecep:pron="sˈɪsɪfəs">Sisiphus</w>
         </hi>
         <c> </c>
         <w xml:id="oar96-165180"
            n="64-b-0460"
            ecep:lem="more"
            ecep:pos="av-dc"
            ecep:reg="more"
            ecep:spe="more"
            ecep:syllab="1"
            ecep:pron="mɔː">more</w>
         <c> </c>
         <w xml:id="oar96-165190"
            n="64-b-0470"
            ecep:lem="sad"
            ecep:pos="av-j"
            ecep:reg="sadly"
            ecep:spe="sadly"
            ecep:syllab="2"
            ecep:pron="sædli">sadly</w>
         <c> </c>
         <w xml:id="oar96-165200"
            n="64-b-0480"
            ecep:lem="strive"
            ecep:pos="vvz"
            ecep:reg="strives"
            ecep:spe="strives"
            ecep:syllab="1"
            ecep:pron="straɪvz">strives</w>
      </l>
      <l xml:id="oar96-l07645">
         <c> </c>
         <w xml:id="oar96-165210"
            n="64-b-0490"
            ecep:lem="with"
            ecep:pos="p-acp"
            ecep:reg="With"
            ecep:spe="With"
            ecep:syllab="1"
            ecep:pron="wɪð">With</w>
         <c> </c>
         <w xml:id="oar96-165220"
            n="64-b-0500"
            ecep:lem="his"
            ecep:pos="po31"
            ecep:reg="his"
            ecep:spe="his"
            ecep:syllab="1"
            ecep:pron="hɪz">his</w>
         <c> </c>
         <w xml:id="oar96-165230"
            n="64-b-0510"
            ecep:lem="eternal"
            ecep:pos="j"
            ecep:reg="Eternal"
            ecep:spe="Eternal"
            ecep:syllab="3"
            ecep:pron="ɪˈtɜːnl">Eternal</w>
         <c> </c>
         <w xml:id="oar96-165240"
            n="64-b-0520"
            ecep:lem="doom"
            ecep:pos="n1"
            ecep:reg="Doom"
            ecep:spe="Doom"
            ecep:syllab="1"
            ecep:pron="duːm">Doom</w>
         <pc xml:id="oar96-165250"
             n="64-b-0530"
             unit="sentence"
             ecep:lem="."
             ecep:pos="."
             ecep:reg="."
             ecep:spe=".">.</pc>
         <c> </c>
      </l>
   </lg>
</div>
