<?xml version="1.0" encoding="utf-8"?>
<!DOCTYPE div
  SYSTEM "about:legacy-compat">
<div xmlns:ecep="http://www.eighteenthcenturypoetry.org/ns"
     xmlns="http://www.tei-c.org/ns/1.0"
     xmlns:tei="http://www.tei-c.org/ns/1.0"
     ana="#iamb #tetrameter #quatrain #hymn #pair #translation"
     corresp="#txt_WeslJo1703_w0008"
     decls="#semi-normalized"
     ecep:syllab="8.8.8.8"
     met="-+|-+|-+|-+/ -+|-+|-+|-+/ -+|-+|-+|-+/ -+|-+|-+|-+/"
     rendition="#lgvspace"
     rhyme="aabb"
     subtype="eceptext"
     type="poem"
     xml:id="o3900-w0970">
   <link subtype="translator"
         target="authors.xml#aut_WeslJo1703"
         type="author"/>
   <head type="main">
      <w xml:id="o3900-336840"
         n="165-a-1020"
         ecep:lem="another"
         ecep:pos="j-jn"
         ecep:reg="Another"
         ecep:spe="Another"
         ecep:syllab="3"
         ecep:pron="əˈnʌðə">Another</w>
      <pc xml:id="o3900-336850"
          n="165-a-1030"
          unit="sentence"
          ecep:lem="."
          ecep:pos="."
          ecep:reg="."
          ecep:spe=".">.</pc>
   </head>
   <head type="sub">
      <w xml:id="o3900-336880"
         n="165-a-1040"
         ecep:lem="from"
         ecep:pos="p-acp"
         ecep:reg="From"
         ecep:spe="From"
         ecep:syllab="1"
         ecep:pron="frɒm">From</w>
      <c> </c>
      <w xml:id="o3900-336890"
         n="165-a-1050"
         ecep:lem="the"
         ecep:pos="dt"
         ecep:reg="the"
         ecep:spe="the"
         ecep:syllab="1"
         ecep:pron="ðiː">the</w>
      <c> </c>
      <w xml:id="o3900-336900"
         n="165-a-1060"
         ecep:lem="same"
         ecep:pos="d"
         ecep:reg="same"
         ecep:spe="same"
         ecep:syllab="1"
         ecep:pron="seɪm">same</w>
      <pc xml:id="o3900-336910"
          n="165-a-1070"
          unit="sentence"
          ecep:lem="."
          ecep:pos="."
          ecep:reg="."
          ecep:spe=".">.</pc>
   </head>
   <lg n="1" xml:id="o3900-s03300">
      <head>
         <w xml:id="o3900-336950"
            n="165-a-1080"
            ecep:lem="i"
            ecep:pos="pns11"
            ecep:reg="I"
            ecep:spe="I."
            ecep:syllab="1"
            ecep:pron="ˈaɪ">I.</w>
         <pc unit="sentence" xml:id="o3900-336950-eos" n="165-a-1090"/>
      </head>
      <l xml:id="o3900-l17000">
         <w xml:id="o3900-336970"
            n="165-a-1100"
            ecep:lem="all"
            ecep:pos="d"
            ecep:reg="ALL"
            ecep:spe="ALL"
            ecep:syllab="1"
            ecep:pron="ɔːl">ALL</w>
         <c> </c>
         <w xml:id="o3900-336980"
            n="165-a-1110"
            ecep:lem="glory"
            ecep:pos="n1"
            ecep:reg="Glory"
            ecep:spe="Glory"
            ecep:syllab="2"
            ecep:pron="ˈglɔːri">Glory</w>
         <c> </c>
         <w xml:id="o3900-336990"
            n="165-a-1120"
            ecep:lem="to"
            ecep:pos="p-acp"
            ecep:reg="to"
            ecep:spe="to"
            ecep:syllab="1"
            ecep:pron="tuː">to</w>
         <c> </c>
         <w xml:id="o3900-337000"
            n="165-a-1130"
            ecep:lem="the"
            ecep:pos="dt"
            ecep:reg="the"
            ecep:spe="th'"
            ecep:syllab="0"
            ecep:pron="ð">th'</w>
         <c> </c>
         <w xml:id="o3900-337010"
            n="165-a-1140"
            ecep:lem="eternal"
            ecep:pos="j"
            ecep:reg="Eternal"
            ecep:spe="Eternal"
            ecep:syllab="3"
            ecep:pron="ɪˈtɜːnl">Eternal</w>
         <c> </c>
         <w xml:id="o3900-337020"
            n="165-a-1150"
            ecep:lem="three"
            ecep:pos="crd"
            ecep:reg="Three"
            ecep:spe="Three"
            ecep:syllab="1"
            ecep:pron="θriː">Three</w>
         <pc xml:id="o3900-337030"
             n="165-a-1160"
             ecep:lem=","
             ecep:pos=","
             ecep:reg=","
             ecep:spe=",">,</pc>
      </l>
      <l xml:id="o3900-l17005">
         <c> </c>
         <w xml:id="o3900-337040"
            n="165-a-1170"
            ecep:lem="of"
            ecep:pos="pp-f"
            ecep:reg="Of"
            ecep:spe="Of"
            ecep:syllab="1"
            ecep:pron="ɒv">Of</w>
         <c> </c>
         <w xml:id="o3900-337050"
            n="165-a-1180"
            ecep:lem="light"
            ecep:pos="n1"
            ecep:reg="Light"
            ecep:spe="Light"
            ecep:syllab="1"
            ecep:pron="laɪt">Light</w>
         <c> </c>
         <w xml:id="o3900-337060"
            n="165-a-1190"
            ecep:lem="and"
            ecep:pos="cc"
            ecep:reg="and"
            ecep:spe="and"
            ecep:syllab="1"
            ecep:pron="ænd">and</w>
         <c> </c>
         <w xml:id="o3900-337070"
            n="165-a-1200"
            ecep:lem="love"
            ecep:pos="vvb"
            ecep:reg="Love"
            ecep:spe="Love"
            ecep:syllab="1"
            ecep:pron="lʌv">Love</w>
         <c> </c>
         <w xml:id="o3900-337080"
            n="165-a-1210"
            ecep:lem="the"
            ecep:pos="dt"
            ecep:reg="the"
            ecep:spe="th'"
            ecep:syllab="0"
            ecep:pron="ð">th'</w>
         <c> </c>
         <w xml:id="o3900-337090"
            n="165-a-1220"
            ecep:lem="unfathomed"
            ecep:pos="j"
            ecep:reg="unfathomed"
            ecep:spe="unfathom'd"
            ecep:syllab="3"
            ecep:pron="ʌnˈfæðəmd">unfathom'd</w>
         <c> </c>
         <w xml:id="o3900-337100"
            n="165-a-1230"
            ecep:lem="sea"
            ecep:pos="n1"
            ecep:reg="Sea"
            ecep:spe="Sea"
            ecep:syllab="1"
            ecep:pron="siː">Sea</w>
         <pc xml:id="o3900-337110"
             n="165-a-1240"
             unit="sentence"
             ecep:lem="!"
             ecep:pos="!"
             ecep:reg="!"
             ecep:spe="!">!</pc>
         <c> </c>
      </l>
      <l xml:id="o3900-l17010">
         <w xml:id="o3900-337120"
            n="165-a-1250"
            ecep:lem="who"
            ecep:pos="r-crq"
            ecep:reg="Whose"
            ecep:spe="Whose"
            ecep:syllab="1"
            ecep:pron="huːz">Whose</w>
         <c> </c>
         <w xml:id="o3900-337130"
            n="165-a-1260"
            ecep:lem="boundless"
            ecep:pos="j"
            ecep:reg="boundless"
            ecep:spe="boundless"
            ecep:syllab="2"
            ecep:pron="ˈbaʊndləs">boundless</w>
         <c> </c>
         <w xml:id="o3900-337140"
            n="165-a-1270"
            ecep:lem="power"
            ecep:pos="n1"
            ecep:reg="Power"
            ecep:spe="Pow'r"
            ecep:syllab="1"
            ecep:pron="ˈpaʊə">Pow'r</w>
         <pc xml:id="o3900-337150"
             n="165-a-1280"
             ecep:lem=","
             ecep:pos=","
             ecep:reg=","
             ecep:spe=",">,</pc>
         <c> </c>
         <w xml:id="o3900-337160"
            n="165-a-1290"
            ecep:lem="who"
            ecep:pos="r-crq"
            ecep:reg="whose"
            ecep:spe="whose"
            ecep:syllab="1"
            ecep:pron="huːz">whose</w>
         <c> </c>
         <w xml:id="o3900-337170"
            n="165-a-1300"
            ecep:lem="save"
            ecep:pos="vvg"
            ecep:reg="saving"
            ecep:spe="saving"
            ecep:syllab="2"
            ecep:pron="ˈseɪvɪŋ">saving</w>
         <c> </c>
         <w xml:id="o3900-337180"
            n="165-a-1310"
            ecep:lem="grace"
            ecep:pos="n1"
            ecep:reg="Grace"
            ecep:spe="Grace"
            ecep:syllab="1"
            ecep:pron="greɪs">Grace</w>
         <pc xml:id="o3900-337190"
             n="165-a-1320"
             ecep:lem=","
             ecep:pos=","
             ecep:reg=","
             ecep:spe=",">,</pc>
      </l>
      <l xml:id="o3900-l17015">
         <c> </c>
         <w xml:id="o3900-337200"
            n="165-a-1330"
            ecep:lem="relieve"
            ecep:pos="vvn"
            ecep:reg="Relieved"
            ecep:spe="Reliev'd"
            ecep:syllab="2"
            ecep:pron="rɪˈliːvd">Reliev'd</w>
         <c> </c>
         <w xml:id="o3900-337210"
            n="165-a-1340"
            ecep:lem="i"
            ecep:pos="pno11"
            ecep:reg="me"
            ecep:spe="me"
            ecep:syllab="1"
            ecep:pron="miː">me</w>
         <c> </c>
         <w xml:id="o3900-337220"
            n="165-a-1350"
            ecep:lem="in"
            ecep:pos="p-acp"
            ecep:reg="in"
            ecep:spe="in"
            ecep:syllab="1"
            ecep:pron="ɪn">in</w>
         <c> </c>
         <w xml:id="o3900-337230"
            n="165-a-1360"
            ecep:lem="my"
            ecep:pos="po11"
            ecep:reg="my"
            ecep:spe="my"
            ecep:syllab="1"
            ecep:pron="maɪ">my</w>
         <c> </c>
         <w xml:id="o3900-337240"
            n="165-a-1370"
            ecep:lem="deep"
            ecep:pos="j-jn"
            ecep:reg="deep"
            ecep:spe="deep"
            ecep:syllab="1"
            ecep:pron="diːp">deep</w>
         <c> </c>
         <w xml:id="o3900-337250"
            n="165-a-1380"
            ecep:lem="distress"
            ecep:pos="n1"
            ecep:reg="Distress"
            ecep:spe="Distress"
            ecep:syllab="2"
            ecep:pron="dɪˈstres">Distress</w>
         <pc xml:id="o3900-337260"
             n="165-a-1390"
             unit="sentence"
             ecep:lem="."
             ecep:pos="."
             ecep:reg="."
             ecep:spe=".">.</pc>
         <c> </c>
      </l>
   </lg>
   <lg n="2" xml:id="o3900-s03305">
      <head>
         <w xml:id="o3900-337300"
            n="165-a-1400"
            ecep:lem="ii"
            ecep:pos="crd"
            ecep:reg="II"
            ecep:spe="II"
            ecep:syllab="1"
            ecep:pron="rˌəʊməntˈuː">II</w>
         <pc xml:id="o3900-337310"
             n="165-a-1410"
             unit="sentence"
             ecep:lem="."
             ecep:pos="."
             ecep:reg="."
             ecep:spe=".">.</pc>
      </head>
      <l xml:id="o3900-l17020">
         <w xml:id="o3900-337330"
            n="165-a-1420"
            ecep:lem="still"
            ecep:pos="j"
            ecep:reg="Still"
            ecep:spe="Still"
            ecep:syllab="1"
            ecep:pron="stɪl">Still</w>
         <pc xml:id="o3900-337340"
             n="165-a-1430"
             ecep:lem=","
             ecep:pos=","
             ecep:reg=","
             ecep:spe=",">,</pc>
         <c> </c>
         <w xml:id="o3900-337350"
            n="165-a-1440"
            ecep:lem="lord"
            ecep:pos="n1"
            ecep:reg="LORD"
            ecep:spe="LORD"
            ecep:syllab="1"
            ecep:pron="lɔːd">LORD</w>
         <pc xml:id="o3900-337360"
             n="165-a-1450"
             ecep:lem=","
             ecep:pos=","
             ecep:reg=","
             ecep:spe=",">,</pc>
         <c> </c>
         <w xml:id="o3900-337370"
            n="165-a-1460"
            ecep:lem="from"
            ecep:pos="p-acp"
            ecep:reg="from"
            ecep:spe="from"
            ecep:syllab="1"
            ecep:pron="frɒm">from</w>
         <c> </c>
         <w xml:id="o3900-337380"
            n="165-a-1470"
            ecep:lem="thy"
            ecep:pos="po21"
            ecep:reg="thy"
            ecep:spe="thy"
            ecep:syllab="1"
            ecep:pron="ðaɪ">thy</w>
         <c> </c>
         <w xml:id="o3900-337390"
            n="165-a-1480"
            ecep:lem="exhaustless"
            ecep:pos="j"
            ecep:reg="exhaustless"
            ecep:spe="exhaustless"
            ecep:syllab="3"
            ecep:pron="ɪgˈzɔːstləs">exhaustless</w>
         <c> </c>
         <w xml:id="o3900-337400"
            n="165-a-1490"
            ecep:lem="store"
            ecep:pos="n1"
            ecep:reg="Store"
            ecep:spe="Store"
            ecep:syllab="1"
            ecep:pron="stɔː">Store</w>
      </l>
      <l xml:id="o3900-l17025">
         <c> </c>
         <w xml:id="o3900-337410"
            n="165-a-1500"
            ecep:lem="pure"
            ecep:pos="j"
            ecep:reg="Pure"
            ecep:spe="Pure"
            ecep:syllab="1"
            ecep:pron="pjʊə">Pure</w>
         <c> </c>
         <w xml:id="o3900-337420"
            n="165-a-1510"
            ecep:lem="bless"
            ecep:pos="n-vvg"
            ecep:reg="Blessing"
            ecep:spe="Blessing"
            ecep:syllab="2"
            ecep:pron="ˈblesɪŋ">Blessing</w>
         <c> </c>
         <w xml:id="o3900-337430"
            n="165-a-1520"
            ecep:lem="and"
            ecep:pos="cc"
            ecep:reg="and"
            ecep:spe="and"
            ecep:syllab="1"
            ecep:pron="ænd">and</w>
         <c> </c>
         <w xml:id="o3900-337440"
            n="165-a-1530"
            ecep:lem="salvation"
            ecep:pos="n1"
            ecep:reg="Salvation"
            ecep:spe="Salvation"
            ecep:syllab="3"
            ecep:pron="sælˈveɪʃn">Salvation</w>
         <c> </c>
         <w xml:id="o3900-337450"
            n="165-a-1540"
            ecep:lem="shower"
            ecep:pos="n1"
            ecep:reg="shower"
            ecep:spe="show'r"
            ecep:syllab="1"
            ecep:pron="ˈʃaʊə">show'r</w>
         <pc xml:id="o3900-337460"
             n="165-a-1550"
             ecep:lem=";"
             ecep:pos=";"
             ecep:reg=";"
             ecep:spe=";">;</pc>
      </l>
      <l xml:id="o3900-l17030">
         <c> </c>
         <w xml:id="o3900-337470"
            n="165-a-1560"
            ecep:lem="till"
            ecep:pos="c-acp"
            ecep:reg="Till"
            ecep:spe="Till"
            ecep:syllab="1"
            ecep:pron="tɪl">Till</w>
         <c> </c>
         <w xml:id="o3900-337480"
            n="165-a-1570"
            ecep:lem="earth"
            ecep:pos="n1"
            ecep:reg="Earth"
            ecep:spe="Earth"
            ecep:syllab="1"
            ecep:pron="ɜːθ">Earth</w>
         <c> </c>
         <w xml:id="o3900-337490"
            n="165-a-1580"
            ecep:lem="i"
            ecep:pos="pns11"
            ecep:reg="I"
            ecep:spe="I"
            ecep:syllab="1"
            ecep:pron="aɪ">I</w>
         <c> </c>
         <w xml:id="o3900-337500"
            n="165-a-1590"
            ecep:lem="leave"
            ecep:pos="vvb"
            ecep:reg="leave"
            ecep:spe="leave"
            ecep:syllab="1"
            ecep:pron="liːv">leave</w>
         <pc xml:id="o3900-337510"
             n="165-a-1600"
             ecep:lem=","
             ecep:pos=","
             ecep:reg=","
             ecep:spe=",">,</pc>
         <c> </c>
         <w xml:id="o3900-337520"
            n="165-a-1610"
            ecep:lem="and"
            ecep:pos="cc"
            ecep:reg="and"
            ecep:spe="and"
            ecep:syllab="1"
            ecep:pron="ænd">and</w>
         <c> </c>
         <w xml:id="o3900-337530"
            n="165-a-1620"
            ecep:lem="soar"
            ecep:pos="vvb"
            ecep:reg="soar"
            ecep:spe="soar"
            ecep:syllab="1"
            ecep:pron="sɔː">soar</w>
         <c> </c>
         <w xml:id="o3900-337540"
            n="165-a-1630"
            ecep:lem="away"
            ecep:pos="av"
            ecep:reg="away"
            ecep:spe="away"
            ecep:syllab="2"
            ecep:pron="əˈweɪ">away</w>
      </l>
      <l xml:id="o3900-l17035">
         <c> </c>
         <w xml:id="o3900-337550"
            n="165-a-1640"
            ecep:lem="to"
            ecep:pos="p-acp"
            ecep:reg="To"
            ecep:spe="To"
            ecep:syllab="1"
            ecep:pron="tuː">To</w>
         <c> </c>
         <w xml:id="o3900-337560"
            n="165-a-1650"
            ecep:lem="region"
            ecep:pos="n2"
            ecep:reg="Regions"
            ecep:spe="Regions"
            ecep:syllab="2"
            ecep:pron="ˈriːdʒnz">Regions</w>
         <c> </c>
         <w xml:id="o3900-337570"
            n="165-a-1660"
            ecep:lem="of"
            ecep:pos="pp-f"
            ecep:reg="of"
            ecep:spe="of"
            ecep:syllab="1"
            ecep:pron="ɒv">of</w>
         <c> </c>
         <w xml:id="o3900-337580"
            n="165-a-1670"
            ecep:lem="unclouded"
            ecep:pos="j"
            ecep:reg="unclouded"
            ecep:spe="unclouded"
            ecep:syllab="3"
            ecep:pron="ʌnˈklaʊdɪd">unclouded</w>
         <c> </c>
         <w xml:id="o3900-337590"
            n="165-a-1680"
            ecep:lem="day"
            ecep:pos="n1"
            ecep:reg="Day"
            ecep:spe="Day"
            ecep:syllab="1"
            ecep:pron="deɪ">Day</w>
         <pc xml:id="o3900-337600"
             n="165-a-1690"
             unit="sentence"
             ecep:lem="."
             ecep:pos="."
             ecep:reg="."
             ecep:spe=".">.</pc>
         <c> </c>
      </l>
   </lg>
   <pb facs="166" n="147" rend="none"/>
   <lg n="3" xml:id="o3900-s03310">
      <head>
         <w xml:id="o3900-337640"
            n="166-a-0010"
            ecep:lem="iii"
            ecep:pos="crd"
            ecep:reg="III"
            ecep:spe="III"
            ecep:syllab="1"
            ecep:pron="rˌəʊmənθrˈiː">III</w>
         <pc xml:id="o3900-337650"
             n="166-a-0020"
             unit="sentence"
             ecep:lem="."
             ecep:pos="."
             ecep:reg="."
             ecep:spe=".">.</pc>
      </head>
      <l xml:id="o3900-l17040">
         <w xml:id="o3900-337670"
            n="166-a-0030"
            ecep:lem="my"
            ecep:pos="po11"
            ecep:reg="My"
            ecep:spe="My"
            ecep:syllab="1"
            ecep:pron="maɪ">My</w>
         <c> </c>
         <w xml:id="o3900-337680"
            n="166-a-0040"
            ecep:lem="heart"
            ecep:pos="n1"
            ecep:reg="Heart"
            ecep:spe="Heart"
            ecep:syllab="1"
            ecep:pron="hɑːt">Heart</w>
         <c> </c>
         <w xml:id="o3900-337690"
            n="166-a-0050"
            ecep:lem="from"
            ecep:pos="p-acp"
            ecep:reg="from"
            ecep:spe="from"
            ecep:syllab="1"
            ecep:pron="frɒm">from</w>
         <c> </c>
         <w xml:id="o3900-337700"
            n="166-a-0060"
            ecep:lem="all"
            ecep:pos="d"
            ecep:reg="all"
            ecep:spe="all"
            ecep:syllab="1"
            ecep:pron="ɔːl">all</w>
         <c> </c>
         <w xml:id="o3900-337710"
            n="166-a-0070"
            ecep:lem="pollution"
            ecep:pos="n1"
            ecep:reg="Pollution"
            ecep:spe="Pollution"
            ecep:syllab="3"
            ecep:pron="pəˈluːʃn">Pollution</w>
         <c> </c>
         <w xml:id="o3900-337720"
            n="166-a-0080"
            ecep:lem="clean"
            ecep:pos="j"
            ecep:reg="clean"
            ecep:spe="clean"
            ecep:syllab="1"
            ecep:pron="kliːn">clean</w>
         <pc xml:id="o3900-337730"
             n="166-a-0090"
             ecep:lem=","
             ecep:pos=","
             ecep:reg=","
             ecep:spe=",">,</pc>
      </l>
      <l xml:id="o3900-l17045">
         <c> </c>
         <w xml:id="o3900-337740"
            n="166-a-0100"
            ecep:lem="o"
            ecep:pos="uh"
            ecep:reg="OH"
            ecep:spe="O"
            ecep:syllab="1"
            ecep:pron="əʊ">O</w>
         <c> </c>
         <w xml:id="o3900-337750"
            n="166-a-0110"
            ecep:lem="purge"
            ecep:pos="vvb"
            ecep:reg="purge"
            ecep:spe="purge"
            ecep:syllab="1"
            ecep:pron="pɜːdʒ">purge</w>
         <c> </c>
         <w xml:id="o3900-337760"
            n="166-a-0120"
            ecep:lem="it"
            ecep:pos="pn31"
            ecep:reg="it"
            ecep:spe="it"
            ecep:syllab="1"
            ecep:pron="ɪt">it</w>
         <pc xml:id="o3900-337770"
             n="166-a-0130"
             ecep:lem=","
             ecep:pos=","
             ecep:reg=","
             ecep:spe=",">,</pc>
         <c> </c>
         <w xml:id="o3900-337780"
            n="166-a-0140"
            ecep:lem="though"
            ecep:pos="c-acp"
            ecep:reg="though"
            ecep:spe="tho'"
            ecep:syllab="1"
            ecep:pron="ðəʊ">tho'</w>
         <c> </c>
         <w xml:id="o3900-337790"
            n="166-a-0150"
            ecep:lem="with"
            ecep:pos="p-acp"
            ecep:reg="with"
            ecep:spe="with"
            ecep:syllab="1"
            ecep:pron="wɪð">with</w>
         <c> </c>
         <w xml:id="o3900-337800"
            n="166-a-0160"
            ecep:lem="grief"
            ecep:pos="n1"
            ecep:reg="Grief"
            ecep:spe="Grief"
            ecep:syllab="1"
            ecep:pron="griːf">Grief</w>
         <c> </c>
         <w xml:id="o3900-337810"
            n="166-a-0170"
            ecep:lem="and"
            ecep:pos="cc"
            ecep:reg="and"
            ecep:spe="and"
            ecep:syllab="1"
            ecep:pron="ænd">and</w>
         <c> </c>
         <w xml:id="o3900-337820"
            n="166-a-0180"
            ecep:lem="pain"
            ecep:pos="n1"
            ecep:reg="Pain"
            ecep:spe="Pain"
            ecep:syllab="1"
            ecep:pron="peɪn">Pain</w>
         <pc xml:id="o3900-337830"
             n="166-a-0190"
             ecep:lem=":"
             ecep:pos=":"
             ecep:reg=":"
             ecep:spe=":">:</pc>
      </l>
      <l xml:id="o3900-l17050">
         <c> </c>
         <w xml:id="o3900-337840"
            n="166-a-0200"
            ecep:lem="to"
            ecep:pos="p-acp"
            ecep:reg="To"
            ecep:spe="To"
            ecep:syllab="1"
            ecep:pron="tuː">To</w>
         <c> </c>
         <w xml:id="o3900-337850"
            n="166-a-0210"
            ecep:lem="thou"
            ecep:pos="pno21"
            ecep:reg="Thee"
            ecep:spe="Thee"
            ecep:syllab="1"
            ecep:pron="ðiː">Thee</w>
         <c> </c>
         <w xml:id="o3900-337860"
            n="166-a-0220"
            ecep:lem="lo"
            ecep:pos="uh"
            ecep:reg="lo"
            ecep:spe="lo"
            ecep:syllab="1"
            ecep:pron="ləʊ">lo</w>
         <pc xml:id="o3900-337870"
             n="166-a-0230"
             unit="sentence"
             ecep:lem="!"
             ecep:pos="!"
             ecep:reg="!"
             ecep:spe="!">!</pc>
         <c> </c>
         <w xml:id="o3900-337880"
            n="166-a-0240"
            ecep:lem="i"
            ecep:pos="pns11"
            ecep:reg="I"
            ecep:spe="I"
            ecep:syllab="1"
            ecep:pron="aɪ">I</w>
         <c> </c>
         <w xml:id="o3900-337890"
            n="166-a-0250"
            ecep:lem="my"
            ecep:pos="po11"
            ecep:reg="my"
            ecep:spe="my"
            ecep:syllab="1"
            ecep:pron="maɪ">my</w>
         <c> </c>
         <w xml:id="o3900-337900"
            n="166-a-0260"
            ecep:lem="all"
            ecep:pos="d"
            ecep:reg="All"
            ecep:spe="All"
            ecep:syllab="1"
            ecep:pron="ɔːl">All</w>
         <c> </c>
         <w xml:id="o3900-337910"
            n="166-a-0270"
            ecep:lem="resign"
            ecep:pos="vvb"
            ecep:reg="resign"
            ecep:spe="resign"
            ecep:syllab="2"
            ecep:pron="rɪˈzaɪn">resign</w>
         <pc xml:id="o3900-337920"
             n="166-a-0280"
             ecep:lem=","
             ecep:pos=","
             ecep:reg=","
             ecep:spe=",">,</pc>
      </l>
      <l xml:id="o3900-l17055">
         <c> </c>
         <w xml:id="o3900-337930"
            n="166-a-0290"
            ecep:lem="thy"
            ecep:pos="po21"
            ecep:reg="Thine"
            ecep:spe="Thine"
            ecep:syllab="1"
            ecep:pron="ðaɪn">Thine</w>
         <c> </c>
         <w xml:id="o3900-337940"
            n="166-a-0300"
            ecep:lem="be"
            ecep:pos="vbi"
            ecep:reg="be"
            ecep:spe="be"
            ecep:syllab="1"
            ecep:pron="biː">be</w>
         <c> </c>
         <w xml:id="o3900-337950"
            n="166-a-0310"
            ecep:lem="my"
            ecep:pos="po11"
            ecep:reg="my"
            ecep:spe="my"
            ecep:syllab="1"
            ecep:pron="maɪ">my</w>
         <c> </c>
         <w xml:id="o3900-337960"
            n="166-a-0320"
            ecep:lem="will"
            ecep:pos="n1"
            ecep:reg="Will"
            ecep:spe="Will"
            ecep:syllab="1"
            ecep:pron="wɪl">Will</w>
         <pc xml:id="o3900-337970"
             n="166-a-0330"
             ecep:lem=","
             ecep:pos=","
             ecep:reg=","
             ecep:spe=",">,</pc>
         <c> </c>
         <w xml:id="o3900-337980"
            n="166-a-0340"
            ecep:lem="my"
            ecep:pos="po11"
            ecep:reg="my"
            ecep:spe="my"
            ecep:syllab="1"
            ecep:pron="maɪ">my</w>
         <c> </c>
         <w xml:id="o3900-337990"
            n="166-a-0350"
            ecep:lem="soul"
            ecep:pos="n1"
            ecep:reg="Soul"
            ecep:spe="Soul"
            ecep:syllab="1"
            ecep:pron="səʊl">Soul</w>
         <c> </c>
         <w xml:id="o3900-338000"
            n="166-a-0360"
            ecep:lem="be"
            ecep:pos="vbi"
            ecep:reg="be"
            ecep:spe="be"
            ecep:syllab="1"
            ecep:pron="biː">be</w>
         <c> </c>
         <w xml:id="o3900-338010"
            n="166-a-0370"
            ecep:lem="thy"
            ecep:pos="po21"
            ecep:reg="Thine"
            ecep:spe="Thine"
            ecep:syllab="1"
            ecep:pron="ðaɪn">Thine</w>
         <pc xml:id="o3900-338020"
             n="166-a-0380"
             unit="sentence"
             ecep:lem="."
             ecep:pos="."
             ecep:reg="."
             ecep:spe=".">.</pc>
         <c> </c>
      </l>
   </lg>
   <lg n="4" xml:id="o3900-s03315">
      <head>
         <w xml:id="o3900-338060"
            n="166-a-0390"
            ecep:lem="iv"
            ecep:pos="crd"
            ecep:reg="IV"
            ecep:spe="IV"
            ecep:syllab="1"
            ecep:pron="rˌəʊmənfˈɔː">IV</w>
         <pc xml:id="o3900-338070"
             n="166-a-0400"
             unit="sentence"
             ecep:lem="."
             ecep:pos="."
             ecep:reg="."
             ecep:spe=".">.</pc>
      </head>
      <l xml:id="o3900-l17060">
         <w xml:id="o3900-338090"
            n="166-a-0410"
            ecep:lem="o"
            ecep:pos="uh"
            ecep:reg="OH"
            ecep:spe="O"
            ecep:syllab="1"
            ecep:pron="əʊ">O</w>
         <c> </c>
         <w xml:id="o3900-338100"
            n="166-a-0420"
            ecep:lem="guide"
            ecep:pos="vvb"
            ecep:reg="guide"
            ecep:spe="guide"
            ecep:syllab="1"
            ecep:pron="gaɪd">guide</w>
         <c> </c>
         <w xml:id="o3900-338110"
            n="166-a-0430"
            ecep:lem="i"
            ecep:pos="pno11"
            ecep:reg="me"
            ecep:spe="me"
            ecep:syllab="1"
            ecep:pron="miː">me</w>
         <pc xml:id="o3900-338120"
             n="166-a-0440"
             ecep:lem=","
             ecep:pos=","
             ecep:reg=","
             ecep:spe=",">,</pc>
         <c> </c>
         <w xml:id="o3900-338130"
            n="166-a-0450"
            ecep:lem="lead"
            ecep:pos="vvb"
            ecep:reg="lead"
            ecep:spe="lead"
            ecep:syllab="1"
            ecep:pron="liːd">lead</w>
         <c> </c>
         <w xml:id="o3900-338140"
            n="166-a-0460"
            ecep:lem="i"
            ecep:pos="pno11"
            ecep:reg="me"
            ecep:spe="me"
            ecep:syllab="1"
            ecep:pron="miː">me</w>
         <c> </c>
         <w xml:id="o3900-338150"
            n="166-a-0470"
            ecep:lem="in"
            ecep:pos="p-acp"
            ecep:reg="in"
            ecep:spe="in"
            ecep:syllab="1"
            ecep:pron="ɪn">in</w>
         <c> </c>
         <w xml:id="o3900-338160"
            n="166-a-0480"
            ecep:lem="thy"
            ecep:pos="po21"
            ecep:reg="thy"
            ecep:spe="thy"
            ecep:syllab="1"
            ecep:pron="ðaɪ">thy</w>
         <c> </c>
         <w xml:id="o3900-338170"
            n="166-a-0490"
            ecep:lem="way"
            ecep:pos="n2"
            ecep:reg="Ways"
            ecep:spe="Ways"
            ecep:syllab="1"
            ecep:pron="weɪz">Ways</w>
         <pc xml:id="o3900-338180"
             n="166-a-0500"
             ecep:lem=":"
             ecep:pos=":"
             ecep:reg=":"
             ecep:spe=":">:</pc>
      </l>
      <l xml:id="o3900-l17065">
         <c> </c>
         <w xml:id="o3900-338190"
            n="166-a-0510"
            ecep:lem="it|be"
            ecep:pos="pn31|vbz"
            ecep:reg="It's"
            ecep:spe="'Tis"
            ecep:syllab="1"
            ecep:pron="tɪz">'Tis</w>
         <c> </c>
         <w xml:id="o3900-338200"
            n="166-a-0520"
            ecep:lem="thy"
            ecep:pos="po21"
            ecep:reg="Thine"
            ecep:spe="Thine"
            ecep:syllab="1"
            ecep:pron="ðaɪn">Thine</w>
         <c> </c>
         <w xml:id="o3900-338210"
            n="166-a-0530"
            ecep:lem="the"
            ecep:pos="dt"
            ecep:reg="the"
            ecep:spe="the"
            ecep:syllab="1"
            ecep:pron="ðiː">the</w>
         <c> </c>
         <w xml:id="o3900-338220"
            n="166-a-0540"
            ecep:lem="sink"
            ecep:pos="j-vvg"
            ecep:reg="sinking"
            ecep:spe="sinking"
            ecep:syllab="2"
            ecep:pron="sɪŋkɪŋ">sinking</w>
         <c> </c>
         <w xml:id="o3900-338230"
            n="166-a-0550"
            ecep:lem="hand"
            ecep:pos="n1"
            ecep:reg="Hand"
            ecep:spe="Hand"
            ecep:syllab="1"
            ecep:pron="hænd">Hand</w>
         <c> </c>
         <w xml:id="o3900-338240"
            n="166-a-0560"
            ecep:lem="to"
            ecep:pos="pc-acp"
            ecep:reg="to"
            ecep:spe="to"
            ecep:syllab="1"
            ecep:pron="tuː">to</w>
         <c> </c>
         <w xml:id="o3900-338250"
            n="166-a-0570"
            ecep:lem="raise"
            ecep:pos="vvi"
            ecep:reg="raise"
            ecep:spe="raise"
            ecep:syllab="1"
            ecep:pron="reɪz">raise</w>
         <pc xml:id="o3900-338260"
             n="166-a-0580"
             unit="sentence"
             ecep:lem="."
             ecep:pos="."
             ecep:reg="."
             ecep:spe=".">.</pc>
         <c> </c>
      </l>
      <l xml:id="o3900-l17070">
         <w xml:id="o3900-338270"
            n="166-a-0590"
            ecep:lem="o"
            ecep:pos="uh"
            ecep:reg="OH"
            ecep:spe="O"
            ecep:syllab="1"
            ecep:pron="əʊ">O</w>
         <c> </c>
         <w xml:id="o3900-338280"
            n="166-a-0600"
            ecep:lem="may"
            ecep:pos="vmb"
            ecep:reg="may"
            ecep:spe="may"
            ecep:syllab="1"
            ecep:pron="meɪ">may</w>
         <c> </c>
         <w xml:id="o3900-338290"
            n="166-a-0610"
            ecep:lem="i"
            ecep:pos="pns11"
            ecep:reg="I"
            ecep:spe="I"
            ecep:syllab="1"
            ecep:pron="aɪ">I</w>
         <c> </c>
         <w xml:id="o3900-338300"
            n="166-a-0620"
            ecep:lem="ever"
            ecep:pos="av"
            ecep:reg="ever"
            ecep:spe="ever"
            ecep:syllab="2"
            ecep:pron="ˈevə">ever</w>
         <c> </c>
         <w xml:id="o3900-338310"
            n="166-a-0630"
            ecep:lem="lean"
            ecep:pos="vvi"
            ecep:reg="lean"
            ecep:spe="lean"
            ecep:syllab="1"
            ecep:pron="liːn">lean</w>
         <c> </c>
         <w xml:id="o3900-338320"
            n="166-a-0640"
            ecep:lem="on"
            ecep:pos="p-acp"
            ecep:reg="on"
            ecep:spe="on"
            ecep:syllab="1"
            ecep:pron="ɒn">on</w>
         <c> </c>
         <w xml:id="o3900-338330"
            n="166-a-0650"
            ecep:lem="thou"
            ecep:pos="pno21"
            ecep:reg="Thee"
            ecep:spe="Thee"
            ecep:syllab="1"
            ecep:pron="ðiː">Thee</w>
         <pc xml:id="o3900-338340"
             n="166-a-0660"
             ecep:lem=":"
             ecep:pos=":"
             ecep:reg=":"
             ecep:spe=":">:</pc>
      </l>
      <l xml:id="o3900-l17075">
         <c> </c>
         <w xml:id="o3900-338350"
            n="166-a-0670"
            ecep:lem="it|be"
            ecep:pos="pn31|vbz"
            ecep:reg="It's"
            ecep:spe="'Tis"
            ecep:syllab="1"
            ecep:pron="tɪz">'Tis</w>
         <c> </c>
         <w xml:id="o3900-338360"
            n="166-a-0680"
            ecep:lem="thy"
            ecep:pos="po21"
            ecep:reg="Thine"
            ecep:spe="Thine"
            ecep:syllab="1"
            ecep:pron="ðaɪn">Thine</w>
         <c> </c>
         <w xml:id="o3900-338370"
            n="166-a-0690"
            ecep:lem="to"
            ecep:pos="pc-acp"
            ecep:reg="to"
            ecep:spe="to"
            ecep:syllab="1"
            ecep:pron="tuː">to</w>
         <c> </c>
         <w xml:id="o3900-338380"
            n="166-a-0700"
            ecep:lem="prop"
            ecep:pos="vvi"
            ecep:reg="prop"
            ecep:spe="prop"
            ecep:syllab="1"
            ecep:pron="prɒp">prop</w>
         <c> </c>
         <w xml:id="o3900-338390"
            n="166-a-0710"
            ecep:lem="the"
            ecep:pos="dt"
            ecep:reg="the"
            ecep:spe="the"
            ecep:syllab="1"
            ecep:pron="ðiː">the</w>
         <c> </c>
         <w xml:id="o3900-338400"
            n="166-a-0720"
            ecep:lem="feeble"
            ecep:pos="j"
            ecep:reg="feeble"
            ecep:spe="feeble"
            ecep:syllab="2"
            ecep:pron="ˈfiːbl">feeble</w>
         <c> </c>
         <w xml:id="o3900-338410"
            n="166-a-0730"
            ecep:lem="knee"
            ecep:pos="n1"
            ecep:reg="Knee"
            ecep:spe="Knee"
            ecep:syllab="1"
            ecep:pron="niː">Knee</w>
         <pc xml:id="o3900-338420"
             n="166-a-0740"
             unit="sentence"
             ecep:lem="."
             ecep:pos="."
             ecep:reg="."
             ecep:spe=".">.</pc>
         <c> </c>
      </l>
   </lg>
   <lg n="5" xml:id="o3900-s03320">
      <head>
         <w xml:id="o3900-338460"
            n="166-a-0750"
            ecep:lem="v."
            ecep:pos="crd"
            ecep:reg="V"
            ecep:spe="V."
            ecep:syllab="1"
            ecep:pron="viː">V.</w>
         <pc unit="sentence" xml:id="o3900-338460-eos" n="166-a-0760"/>
      </head>
      <l xml:id="o3900-l17080">
         <w xml:id="o3900-338480"
            n="166-a-0770"
            ecep:lem="o"
            ecep:pos="uh"
            ecep:reg="OH"
            ecep:spe="O"
            ecep:syllab="1"
            ecep:pron="əʊ">O</w>
         <c> </c>
         <w xml:id="o3900-338490"
            n="166-a-0780"
            ecep:lem="father"
            ecep:pos="n1"
            ecep:reg="Father"
            ecep:spe="Father"
            ecep:syllab="2"
            ecep:pron="ˈfɑːðə">Father</w>
         <pc xml:id="o3900-338500"
             n="166-a-0790"
             ecep:lem=","
             ecep:pos=","
             ecep:reg=","
             ecep:spe=",">,</pc>
         <c> </c>
         <w xml:id="o3900-338510"
            n="166-a-0800"
            ecep:lem="sanctify"
            ecep:pos="vvb"
            ecep:reg="sanctify"
            ecep:spe="sanctify"
            ecep:syllab="3"
            ecep:pron="ˈsæŋtɪfaɪ">sanctify</w>
         <c> </c>
         <w xml:id="o3900-338520"
            n="166-a-0810"
            ecep:lem="this"
            ecep:pos="d"
            ecep:reg="this"
            ecep:spe="this"
            ecep:syllab="1"
            ecep:pron="ðɪs">this</w>
         <c> </c>
         <w xml:id="o3900-338530"
            n="166-a-0820"
            ecep:lem="pain"
            ecep:pos="n1"
            ecep:reg="Pain"
            ecep:spe="Pain"
            ecep:syllab="1"
            ecep:pron="peɪn">Pain</w>
         <pc xml:id="o3900-338540"
             n="166-a-0830"
             ecep:lem=","
             ecep:pos=","
             ecep:reg=","
             ecep:spe=",">,</pc>
      </l>
      <l xml:id="o3900-l17085">
         <c> </c>
         <w xml:id="o3900-338550"
            n="166-a-0840"
            ecep:lem="nor"
            ecep:pos="ccx"
            ecep:reg="Nor"
            ecep:spe="Nor"
            ecep:syllab="1"
            ecep:pron="nɔː">Nor</w>
         <c> </c>
         <w xml:id="o3900-338560"
            n="166-a-0850"
            ecep:lem="let"
            ecep:pos="vvb"
            ecep:reg="let"
            ecep:spe="let"
            ecep:syllab="1"
            ecep:pron="let">let</w>
         <c> </c>
         <w xml:id="o3900-338570"
            n="166-a-0860"
            ecep:lem="one"
            ecep:pos="crd"
            ecep:reg="one"
            ecep:spe="one"
            ecep:syllab="1"
            ecep:pron="wʌn">one</w>
         <c> </c>
         <w xml:id="o3900-338580"
            n="166-a-0870"
            ecep:lem="tear"
            ecep:pos="n1"
            ecep:reg="Tear"
            ecep:spe="Tear"
            ecep:syllab="1"
            ecep:pron="tɪə">Tear</w>
         <c> </c>
         <w xml:id="o3900-338590"
            n="166-a-0880"
            ecep:lem="be"
            ecep:pos="vbb"
            ecep:reg="be"
            ecep:spe="be"
            ecep:syllab="1"
            ecep:pron="biː">be</w>
         <c> </c>
         <w xml:id="o3900-338600"
            n="166-a-0890"
            ecep:lem="shed"
            ecep:pos="vvn"
            ecep:reg="shed"
            ecep:spe="shed"
            ecep:syllab="1"
            ecep:pron="ʃed">shed</w>
         <c> </c>
         <w xml:id="o3900-338610"
            n="166-a-0900"
            ecep:lem="in"
            ecep:pos="p-acp"
            ecep:reg="in"
            ecep:spe="in"
            ecep:syllab="1"
            ecep:pron="ɪn">in</w>
         <c> </c>
         <w xml:id="o3900-338620"
            n="166-a-0910"
            ecep:lem="vain"
            ecep:pos="j"
            ecep:reg="vain"
            ecep:spe="vain"
            ecep:syllab="1"
            ecep:pron="veɪn">vain</w>
         <pc xml:id="o3900-338630"
             n="166-a-0920"
             unit="sentence"
             ecep:lem="!"
             ecep:pos="!"
             ecep:reg="!"
             ecep:spe="!">!</pc>
         <c> </c>
      </l>
      <l xml:id="o3900-l17090">
         <w xml:id="o3900-338640"
            n="166-a-0930"
            ecep:lem="soften"
            ecep:pos="vvi"
            ecep:reg="Soften"
            ecep:spe="Soften"
            ecep:syllab="2"
            ecep:pron="ˈsɒfn">Soften</w>
         <pc xml:id="o3900-338650"
             n="166-a-0940"
             ecep:lem=","
             ecep:pos=","
             ecep:reg=","
             ecep:spe=",">,</pc>
         <c> </c>
         <w xml:id="o3900-338660"
            n="166-a-0950"
            ecep:lem="yet"
            ecep:pos="av"
            ecep:reg="yet"
            ecep:spe="yet"
            ecep:syllab="1"
            ecep:pron="jet">yet</w>
         <c> </c>
         <w xml:id="o3900-338670"
            n="166-a-0960"
            ecep:lem="arm"
            ecep:pos="vvb"
            ecep:reg="arm"
            ecep:spe="arm"
            ecep:syllab="1"
            ecep:pron="ɑːm">arm</w>
         <c> </c>
         <w xml:id="o3900-338680"
            n="166-a-0970"
            ecep:lem="my"
            ecep:pos="po11"
            ecep:reg="my"
            ecep:spe="my"
            ecep:syllab="1"
            ecep:pron="maɪ">my</w>
         <c> </c>
         <w xml:id="o3900-338690"
            n="166-a-0980"
            ecep:lem="breast"
            ecep:pos="n1"
            ecep:reg="Breast"
            ecep:spe="Breast"
            ecep:syllab="1"
            ecep:pron="brest">Breast</w>
         <pc xml:id="o3900-338700"
             n="166-a-0990"
             ecep:lem=":"
             ecep:pos=":"
             ecep:reg=":"
             ecep:spe=":">:</pc>
         <c> </c>
         <w xml:id="o3900-338710"
            n="166-a-1000"
            ecep:lem="no"
            ecep:pos="dx"
            ecep:reg="no"
            ecep:spe="no"
            ecep:syllab="1"
            ecep:pron="nəʊ">no</w>
         <c> </c>
         <w xml:id="o3900-338720"
            n="166-a-1010"
            ecep:lem="fear"
            ecep:pos="n1"
            ecep:reg="Fear"
            ecep:spe="Fear"
            ecep:syllab="1"
            ecep:pron="fɪə">Fear</w>
         <pc xml:id="o3900-338730"
             n="166-a-1020"
             ecep:lem=","
             ecep:pos=","
             ecep:reg=","
             ecep:spe=",">,</pc>
      </l>
      <l xml:id="o3900-l17095">
         <c> </c>
         <w xml:id="o3900-338740"
            n="166-a-1030"
            ecep:lem="no"
            ecep:pos="dx"
            ecep:reg="No"
            ecep:spe="No"
            ecep:syllab="1"
            ecep:pron="nəʊ">No</w>
         <c> </c>
         <w xml:id="o3900-338750"
            n="166-a-1040"
            ecep:lem="wrath"
            ecep:pos="n1"
            ecep:reg="Wrath"
            ecep:spe="Wrath"
            ecep:syllab="1"
            ecep:pron="rɒθ">Wrath</w>
         <pc xml:id="o3900-338760"
             n="166-a-1050"
             ecep:lem=","
             ecep:pos=","
             ecep:reg=","
             ecep:spe=",">,</pc>
         <c> </c>
         <w xml:id="o3900-338770"
            n="166-a-1060"
            ecep:lem="but"
            ecep:pos="cc-acp"
            ecep:reg="but"
            ecep:spe="but"
            ecep:syllab="1"
            ecep:pron="bʌt">but</w>
         <c> </c>
         <w xml:id="o3900-338780"
            n="166-a-1070"
            ecep:lem="love"
            ecep:pos="vvb"
            ecep:reg="Love"
            ecep:spe="Love"
            ecep:syllab="1"
            ecep:pron="lʌv">Love</w>
         <c> </c>
         <w xml:id="o3900-338790"
            n="166-a-1080"
            ecep:lem="alone"
            ecep:pos="av-j"
            ecep:reg="alone"
            ecep:spe="alone"
            ecep:syllab="2"
            ecep:pron="əˈləʊn">alone</w>
         <c> </c>
         <w xml:id="o3900-338800"
            n="166-a-1090"
            ecep:lem="be"
            ecep:pos="vbi"
            ecep:reg="be"
            ecep:spe="be"
            ecep:syllab="1"
            ecep:pron="biː">be</w>
         <c> </c>
         <w xml:id="o3900-338810"
            n="166-a-1100"
            ecep:lem="there"
            ecep:pos="a-acp"
            ecep:reg="there"
            ecep:spe="there"
            ecep:syllab="1"
            ecep:pron="ðeə">there</w>
         <pc xml:id="o3900-338820"
             n="166-a-1110"
             unit="sentence"
             ecep:lem="."
             ecep:pos="."
             ecep:reg="."
             ecep:spe=".">.</pc>
         <c> </c>
      </l>
   </lg>
   <lg n="6" xml:id="o3900-s03325">
      <head>
         <w xml:id="o3900-338860"
            n="166-a-1120"
            ecep:lem="vi"
            ecep:pos="crd"
            ecep:reg="VI"
            ecep:spe="VI"
            ecep:syllab="1"
            ecep:pron="ˈvaɪ">VI</w>
         <pc xml:id="o3900-338870"
             n="166-a-1130"
             unit="sentence"
             ecep:lem="."
             ecep:pos="."
             ecep:reg="."
             ecep:spe=".">.</pc>
      </head>
      <l xml:id="o3900-l17100">
         <w xml:id="o3900-338890"
            n="166-a-1140"
            ecep:lem="o"
            ecep:pos="uh"
            ecep:reg="OH"
            ecep:spe="O"
            ecep:syllab="1"
            ecep:pron="əʊ">O</w>
         <c> </c>
         <w xml:id="o3900-338900"
            n="166-a-1150"
            ecep:lem="leave"
            ecep:pos="vvb"
            ecep:reg="leave"
            ecep:spe="leave"
            ecep:syllab="1"
            ecep:pron="liːv">leave</w>
         <c> </c>
         <w xml:id="o3900-338910"
            n="166-a-1160"
            ecep:lem="not"
            ecep:pos="xx"
            ecep:reg="not"
            ecep:spe="not"
            ecep:syllab="1"
            ecep:pron="nɒt">not</w>
         <pc xml:id="o3900-338920"
             n="166-a-1170"
             ecep:lem=","
             ecep:pos=","
             ecep:reg=","
             ecep:spe=",">,</pc>
         <c> </c>
         <w xml:id="o3900-338930"
            n="166-a-1180"
            ecep:lem="cast"
            ecep:pos="vvb"
            ecep:reg="cast"
            ecep:spe="cast"
            ecep:syllab="1"
            ecep:pron="kɑːst">cast</w>
         <c> </c>
         <w xml:id="o3900-338940"
            n="166-a-1190"
            ecep:lem="i"
            ecep:pos="pno11"
            ecep:reg="me"
            ecep:spe="me"
            ecep:syllab="1"
            ecep:pron="miː">me</w>
         <c> </c>
         <w xml:id="o3900-338950"
            n="166-a-1200"
            ecep:lem="not"
            ecep:pos="xx"
            ecep:reg="not"
            ecep:spe="not"
            ecep:syllab="1"
            ecep:pron="nɒt">not</w>
         <c> </c>
         <w xml:id="o3900-338960"
            n="166-a-1210"
            ecep:lem="away"
            ecep:pos="av"
            ecep:reg="away"
            ecep:spe="away"
            ecep:syllab="2"
            ecep:pron="əˈweɪ">away</w>
      </l>
      <l xml:id="o3900-l17105">
         <c> </c>
         <w xml:id="o3900-338970"
            n="166-a-1220"
            ecep:lem="in"
            ecep:pos="p-acp"
            ecep:reg="In"
            ecep:spe="In"
            ecep:syllab="1"
            ecep:pron="ɪn">In</w>
         <c> </c>
         <w xml:id="o3900-338980"
            n="166-a-1230"
            ecep:lem="fierce"
            ecep:pos="j"
            ecep:reg="fierce"
            ecep:spe="fierce"
            ecep:syllab="1"
            ecep:pron="fɪəs">fierce</w>
         <c> </c>
         <w xml:id="o3900-338990"
            n="166-a-1240"
            ecep:lem="temptation"
            ecep:pos="ng1"
            ecep:reg="Temptation's"
            ecep:spe="Temptation's"
            ecep:syllab="3"
            ecep:pron="tempˈteɪʃnz">Temptation's</w>
         <c> </c>
         <w xml:id="o3900-339000"
            n="166-a-1250"
            ecep:lem="dreadful"
            ecep:pos="j"
            ecep:reg="dreadful"
            ecep:spe="dreadful"
            ecep:syllab="2"
            ecep:pron="ˈdredfl">dreadful</w>
         <c> </c>
         <w xml:id="o3900-339010"
            n="166-a-1260"
            ecep:lem="day"
            ecep:pos="n1"
            ecep:reg="Day"
            ecep:spe="Day"
            ecep:syllab="1"
            ecep:pron="deɪ">Day</w>
         <pc xml:id="o3900-339020"
             n="166-a-1270"
             ecep:lem=":"
             ecep:pos=":"
             ecep:reg=":"
             ecep:spe=":">:</pc>
      </l>
      <l xml:id="o3900-l17110">
         <c> </c>
         <w xml:id="o3900-339030"
            n="166-a-1280"
            ecep:lem="speak"
            ecep:pos="vvb"
            ecep:reg="Speak"
            ecep:spe="Speak"
            ecep:syllab="1"
            ecep:pron="spiːk">Speak</w>
         <c> </c>
         <w xml:id="o3900-339040"
            n="166-a-1290"
            ecep:lem="but"
            ecep:pos="p-acp"
            ecep:reg="but"
            ecep:spe="but"
            ecep:syllab="1"
            ecep:pron="bʌt">but</w>
         <c> </c>
         <w xml:id="o3900-339050"
            n="166-a-1300"
            ecep:lem="the"
            ecep:pos="dt"
            ecep:reg="the"
            ecep:spe="the"
            ecep:syllab="1"
            ecep:pron="ðiː">the</w>
         <c> </c>
         <w xml:id="o3900-339060"
            n="166-a-1310"
            ecep:lem="word"
            ecep:pos="n1"
            ecep:reg="Word"
            ecep:spe="Word"
            ecep:syllab="1"
            ecep:pron="wɜːd">Word</w>
         <pc xml:id="o3900-339070"
             n="166-a-1320"
             ecep:lem=";"
             ecep:pos=";"
             ecep:reg=";"
             ecep:spe=";">;</pc>
         <c> </c>
         <w xml:id="o3900-339080"
            n="166-a-1330"
            ecep:lem="instant"
            ecep:pos="j-jn"
            ecep:reg="instant"
            ecep:spe="instant"
            ecep:syllab="2"
            ecep:pron="ˈɪnstənt">instant</w>
         <c> </c>
         <w xml:id="o3900-339090"
            n="166-a-1340"
            ecep:lem="shall"
            ecep:pos="vmb"
            ecep:reg="shall"
            ecep:spe="shall"
            ecep:syllab="1"
            ecep:pron="ʃæl">shall</w>
         <c> </c>
         <w xml:id="o3900-339100"
            n="166-a-1350"
            ecep:lem="cease"
            ecep:pos="vvi"
            ecep:reg="cease"
            ecep:spe="cease"
            ecep:syllab="1"
            ecep:pron="siːs">cease</w>
      </l>
      <l xml:id="o3900-l17115">
         <c> </c>
         <w xml:id="o3900-339110"
            n="166-a-1360"
            ecep:lem="the"
            ecep:pos="dt"
            ecep:reg="The"
            ecep:spe="The"
            ecep:syllab="1"
            ecep:pron="ðiː">The</w>
         <c> </c>
         <w xml:id="o3900-339120"
            n="166-a-1370"
            ecep:lem="storm"
            ecep:pos="n1"
            ecep:reg="Storm"
            ecep:spe="Storm"
            ecep:syllab="1"
            ecep:pron="stɔːm">Storm</w>
         <pc xml:id="o3900-339130"
             n="166-a-1380"
             ecep:lem=","
             ecep:pos=","
             ecep:reg=","
             ecep:spe=",">,</pc>
         <c> </c>
         <w xml:id="o3900-339140"
            n="166-a-1390"
            ecep:lem="and"
            ecep:pos="cc"
            ecep:reg="and"
            ecep:spe="and"
            ecep:syllab="1"
            ecep:pron="ænd">and</w>
         <c> </c>
         <w xml:id="o3900-339150"
            n="166-a-1400"
            ecep:lem="all"
            ecep:pos="d"
            ecep:reg="all"
            ecep:spe="all"
            ecep:syllab="1"
            ecep:pron="ɔːl">all</w>
         <c> </c>
         <w xml:id="o3900-339160"
            n="166-a-1410"
            ecep:lem="my"
            ecep:pos="po11"
            ecep:reg="my"
            ecep:spe="my"
            ecep:syllab="1"
            ecep:pron="maɪ">my</w>
         <c> </c>
         <w xml:id="o3900-339170"
            n="166-a-1420"
            ecep:lem="soul"
            ecep:pos="n1"
            ecep:reg="Soul"
            ecep:spe="Soul"
            ecep:syllab="1"
            ecep:pron="səʊl">Soul</w>
         <c> </c>
         <w xml:id="o3900-339180"
            n="166-a-1430"
            ecep:lem="be"
            ecep:pos="vbi"
            ecep:reg="be"
            ecep:spe="be"
            ecep:syllab="1"
            ecep:pron="biː">be</w>
         <c> </c>
         <w xml:id="o3900-339190"
            n="166-a-1440"
            ecep:lem="peace"
            ecep:pos="n1"
            ecep:reg="Peace"
            ecep:spe="Peace"
            ecep:syllab="1"
            ecep:pron="piːs">Peace</w>
         <pc xml:id="o3900-339200"
             n="166-a-1450"
             unit="sentence"
             ecep:lem="!"
             ecep:pos="!"
             ecep:reg="!"
             ecep:spe="!">!</pc>
         <c> </c>
      </l>
   </lg>
</div>
