<?xml version="1.0" encoding="utf-8"?>
<!DOCTYPE div
  SYSTEM "about:legacy-compat">
<div xmlns:ecep="http://www.eighteenthcenturypoetry.org/ns"
     xmlns="http://www.tei-c.org/ns/1.0"
     xmlns:tei="http://www.tei-c.org/ns/1.0"
     ana="#iamb #tetrameter #trimeter #sestet #address #ode #tail"
     corresp="#txt_WattIs1674_w0054"
     decls="#semi-normalized"
     ecep:syllab="8.8.6.8.8.6"
     met="-+|-+|-+|-+/ -+|-+|-+|-+/ -+|-+|-+/ -+|-+|-+|-+/ -+|-+|-+|-+/ -+|-+|-+/"
     rendition="#lgvspace"
     rhyme="aabccb"
     subtype="eceptext"
     type="poem"
     xml:id="o4672-w0540">
   <link target="authors.xml#aut_WattIs1674" type="author"/>
   <head type="main">
      <w xml:id="o4672-227990"
         n="o4672/0177-a-0010"
         ecep:lem="to"
         ecep:pos="p-acp"
         ecep:reg="TO"
         ecep:spe="TO"
         ecep:syllab="1"
         ecep:pron="tuː">TO</w>
      <c> </c>
      <w xml:id="o4672-228000"
         n="o4672/0177-a-0020"
         ecep:lem="mr."
         ecep:pos="n1"
         ecep:reg="Mr."
         ecep:spe="Mr."
         ecep:syllab="2"
         ecep:pron="mɪstə">Mr.</w>
      <c> </c>
      <hi>
         <w xml:id="o4672-228010"
            n="o4672/0177-a-0030"
            ecep:lem="Nicholas"
            ecep:pos="np1"
            ecep:reg="Nicholas"
            ecep:spe="Nicholas"
            ecep:syllab="3"
            ecep:pron="ˈnɪkələs">Nicholas</w>
         <c> </c>
         <w xml:id="o4672-228020"
            n="o4672/0177-a-0040"
            ecep:lem="Clark"
            ecep:pos="np1"
            ecep:reg="Clark"
            ecep:spe="Clark"
            ecep:syllab="1"
            ecep:pron="ˈklɑːk">Clark</w>
         <pc xml:id="o4672-228030"
             n="o4672/0177-a-0050"
             unit="sentence"
             ecep:lem="."
             ecep:pos="."
             ecep:reg="."
             ecep:spe=".">.</pc>
         <c> </c>
      </hi>
   </head>
   <opener>
      <dateline>
         <date>
            <w xml:id="o4672-228080"
               n="o4672/0177-a-0060"
               ecep:lem="January"
               ecep:pos="np1"
               ecep:reg="January"
               ecep:spe="January"
               ecep:syllab="4"
               ecep:pron="ˈdʒænjuəri">January</w>
            <c> </c>
            <w xml:id="o4672-228090"
               n="o4672/0177-a-0070"
               ecep:lem="1701"
               ecep:pos="crd"
               ecep:reg="1701"
               ecep:spe="1701"
               ecep:syllab="1"
               ecep:pron="wˈɒnθˈaʊzəndsˈevənhˈʌndrədənwˈɒn">1701</w>
            <c> </c>
            <pc xml:id="o4672-228100"
                n="o4672/0177-a-0080"
                ecep:lem="/"
                ecep:pos="/"
                ecep:reg="/"
                ecep:spe="/">/</pc>
            <c> </c>
            <w xml:id="o4672-228110"
               n="o4672/0177-a-0090"
               ecep:lem="2."
               ecep:pos="crd"
               ecep:reg="2."
               ecep:spe="2."
               ecep:syllab="1"
               ecep:pron="tˈuː">2.</w>
            <pc unit="sentence" xml:id="o4672-228110-eos" n="o4672/0177-a-0100"/>
         </date>
      </dateline>
   </opener>
   <head>
      <w xml:id="o4672-228140"
         n="o4672/0177-a-0110"
         ecep:lem="complain"
         ecep:pos="vvg"
         ecep:reg="Complaining"
         ecep:spe="Complaining"
         ecep:syllab="3"
         ecep:pron="kəmˈpleɪnɪŋ">Complaining</w>
      <c> </c>
      <w xml:id="o4672-228150"
         n="o4672/0177-a-0120"
         ecep:lem="of"
         ecep:pos="pp-f"
         ecep:reg="of"
         ecep:spe="of"
         ecep:syllab="1"
         ecep:pron="ɒv">of</w>
      <c> </c>
      <w xml:id="o4672-228160"
         n="o4672/0177-a-0130"
         ecep:lem="vapor"
         ecep:pos="n2"
         ecep:reg="Vapours"
         ecep:spe="Vapors"
         ecep:syllab="2"
         ecep:pron="ˈveɪpəz">Vapors</w>
      <pc xml:id="o4672-228170"
          n="o4672/0177-a-0140"
          ecep:lem=","
          ecep:pos=","
          ecep:reg=","
          ecep:spe=",">,</pc>
      <c> </c>
      <w xml:id="o4672-228180"
         n="o4672/0177-a-0150"
         ecep:lem="or"
         ecep:pos="cc"
         ecep:reg="OR"
         ecep:spe="OR"
         ecep:syllab="1"
         ecep:pron="ɔː">OR</w>
      <pc xml:id="o4672-228190"
          n="o4672/0177-a-0160"
          ecep:lem=","
          ecep:pos=","
          ecep:reg=","
          ecep:spe=",">,</pc>
      <c> </c>
      <w xml:id="o4672-228200"
         n="o4672/0177-a-0170"
         ecep:lem="disorder"
         ecep:pos="n2"
         ecep:reg="Disorders"
         ecep:spe="Disorders"
         ecep:syllab="3"
         ecep:pron="dɪsˈɔːdəz">Disorders</w>
      <c> </c>
      <w xml:id="o4672-228210"
         n="o4672/0177-a-0180"
         ecep:lem="of"
         ecep:pos="pp-f"
         ecep:reg="of"
         ecep:spe="of"
         ecep:syllab="1"
         ecep:pron="ɒv">of</w>
      <c> </c>
      <w xml:id="o4672-228220"
         n="o4672/0177-a-0190"
         ecep:lem="the"
         ecep:pos="dt"
         ecep:reg="the"
         ecep:spe="the"
         ecep:syllab="1"
         ecep:pron="ðə">the</w>
      <c> </c>
      <w xml:id="o4672-228230"
         n="o4672/0177-a-0200"
         ecep:lem="head"
         ecep:pos="n1"
         ecep:reg="Head"
         ecep:spe="Head"
         ecep:syllab="1"
         ecep:pron="hed">Head</w>
      <pc xml:id="o4672-228240"
          n="o4672/0177-a-0210"
          unit="sentence"
          ecep:lem="."
          ecep:pos="."
          ecep:reg="."
          ecep:spe=".">.</pc>
   </head>
   <lg n="1" xml:id="o4672-s02155">
      <head>
         <w xml:id="o4672-228280"
            n="o4672/0177-a-0220"
            ecep:lem="i"
            ecep:pos="pns11"
            ecep:reg="I"
            ecep:spe="I."
            ecep:syllab="1"
            ecep:pron="ˈaɪ">I.</w>
         <pc unit="sentence" xml:id="o4672-228280-eos" n="o4672/0177-a-0230"/>
      </head>
      <l xml:id="o4672-l10415">
         <w xml:id="o4672-228300"
            n="o4672/0177-a-0240"
            ecep:lem="it|be"
            ecep:pos="pn31|vbds"
            ecep:reg="'TWAS"
            ecep:spe="TWAS"
            ecep:syllab="1"
            ecep:pron="twɒz">TWAS</w>
         <c> </c>
         <w xml:id="o4672-228310"
            n="o4672/0177-a-0250"
            ecep:lem="in"
            ecep:pos="p-acp"
            ecep:reg="in"
            ecep:spe="in"
            ecep:syllab="1"
            ecep:pron="ɪn">in</w>
         <c> </c>
         <w xml:id="o4672-228320"
            n="o4672/0177-a-0260"
            ecep:lem="a"
            ecep:pos="dt"
            ecep:reg="a"
            ecep:spe="a"
            ecep:syllab="1"
            ecep:pron="ə">a</w>
         <c> </c>
         <w xml:id="o4672-228330"
            n="o4672/0177-a-0270"
            ecep:lem="vale"
            ecep:pos="n1"
            ecep:reg="Vale"
            ecep:spe="Vale"
            ecep:syllab="1"
            ecep:pron="veɪl">Vale</w>
         <c> </c>
         <w xml:id="o4672-228340"
            n="o4672/0177-a-0280"
            ecep:lem="where"
            ecep:pos="c-crq"
            ecep:reg="where"
            ecep:spe="where"
            ecep:syllab="1"
            ecep:pron="weə">where</w>
         <c> </c>
         <w xml:id="o4672-228350"
            n="o4672/0177-a-0290"
            ecep:lem="osyer"
            ecep:pos="n2"
            ecep:reg="Osyers"
            ecep:spe="Osyers"
            ecep:syllab="2"
            ecep:pron="ˈəʊzɪəz">Osyers</w>
         <c> </c>
         <w xml:id="o4672-228360"
            n="o4672/0177-a-0300"
            ecep:lem="grow"
            ecep:pos="vvb"
            ecep:reg="grow"
            ecep:spe="grow"
            ecep:syllab="1"
            ecep:pron="grəʊ">grow</w>
      </l>
      <l xml:id="o4672-l10420">
         <c> </c>
         <w xml:id="o4672-228370"
            n="o4672/0177-a-0310"
            ecep:lem="by"
            ecep:pos="p-acp"
            ecep:reg="By"
            ecep:spe="By"
            ecep:syllab="1"
            ecep:pron="baɪ">By</w>
         <c> </c>
         <w xml:id="o4672-228380"
            n="o4672/0177-a-0320"
            ecep:lem="murmur"
            ecep:pos="j-vvg"
            ecep:reg="murmuring"
            ecep:spe="murm'ring"
            ecep:syllab="2"
            ecep:pron="ˈmɜːmrɪŋ">murm'ring</w>
         <c> </c>
         <w xml:id="o4672-228390"
            n="o4672/0177-a-0330"
            ecep:lem="stream"
            ecep:pos="n2"
            ecep:reg="Streams"
            ecep:spe="Streams"
            ecep:syllab="1"
            ecep:pron="striːmz">Streams</w>
         <c> </c>
         <w xml:id="o4672-228400"
            n="o4672/0177-a-0340"
            ecep:lem="we"
            ecep:pos="pns12"
            ecep:reg="we"
            ecep:spe="we"
            ecep:syllab="1"
            ecep:pron="wiː">we</w>
         <c> </c>
         <w xml:id="o4672-228410"
            n="o4672/0177-a-0350"
            ecep:lem="tell"
            ecep:pos="vvd"
            ecep:reg="told"
            ecep:spe="told"
            ecep:syllab="1"
            ecep:pron="təʊld">told</w>
         <c> </c>
         <w xml:id="o4672-228420"
            n="o4672/0177-a-0360"
            ecep:lem="our"
            ecep:pos="po12"
            ecep:reg="our"
            ecep:spe="our"
            ecep:syllab="2"
            ecep:pron="aʊə">our</w>
         <c> </c>
         <w xml:id="o4672-228430"
            n="o4672/0177-a-0370"
            ecep:lem="woe"
            ecep:pos="n1"
            ecep:reg="Woe"
            ecep:spe="Woe"
            ecep:syllab="1"
            ecep:pron="wəʊ">Woe</w>
         <pc xml:id="o4672-228440"
             n="o4672/0177-a-0380"
             ecep:lem=","
             ecep:pos=","
             ecep:reg=","
             ecep:spe=",">,</pc>
      </l>
      <l xml:id="o4672-l10425">
         <c> </c>
         <w xml:id="o4672-228450"
            n="o4672/0177-a-0390"
            ecep:lem="and"
            ecep:pos="cc"
            ecep:reg="And"
            ecep:spe="And"
            ecep:syllab="1"
            ecep:pron="ænd">And</w>
         <c> </c>
         <w xml:id="o4672-228460"
            n="o4672/0177-a-0400"
            ecep:lem="mingle"
            ecep:pos="vvd"
            ecep:reg="mingled"
            ecep:spe="mingled"
            ecep:syllab="2"
            ecep:pron="ˈmɪŋgld">mingled</w>
         <c> </c>
         <w xml:id="o4672-228470"
            n="o4672/0177-a-0410"
            ecep:lem="all"
            ecep:pos="d"
            ecep:reg="all"
            ecep:spe="all"
            ecep:syllab="1"
            ecep:pron="ɔːl">all</w>
         <c> </c>
         <w xml:id="o4672-228480"
            n="o4672/0177-a-0420"
            ecep:lem="our"
            ecep:pos="po12"
            ecep:reg="our"
            ecep:spe="our"
            ecep:syllab="2"
            ecep:pron="aʊə">our</w>
         <c> </c>
         <w xml:id="o4672-228490"
            n="o4672/0177-a-0430"
            ecep:lem="care"
            ecep:pos="n2"
            ecep:reg="Cares"
            ecep:spe="Cares"
            ecep:syllab="1"
            ecep:pron="keəz">Cares</w>
         <pc xml:id="o4672-228500"
             n="o4672/0177-a-0440"
             ecep:lem=":"
             ecep:pos=":"
             ecep:reg=":"
             ecep:spe=":">:</pc>
      </l>
      <l xml:id="o4672-l10430">
         <c> </c>
         <w xml:id="o4672-228510"
            n="o4672/0177-a-0450"
            ecep:lem="friendship"
            ecep:pos="n1"
            ecep:reg="Friendship"
            ecep:spe="Friendship"
            ecep:syllab="2"
            ecep:pron="ˈfrendʃɪp">Friendship</w>
         <c> </c>
         <w xml:id="o4672-228520"
            n="o4672/0177-a-0460"
            ecep:lem="sit"
            ecep:pos="vvd"
            ecep:reg="sat"
            ecep:spe="sat"
            ecep:syllab="1"
            ecep:pron="sæt">sat</w>
         <c> </c>
         <w xml:id="o4672-228530"
            n="o4672/0177-a-0470"
            ecep:lem="please"
            ecep:pos="vvn"
            ecep:reg="pleased"
            ecep:spe="pleas'd"
            ecep:syllab="1"
            ecep:pron="pliːzd">pleas'd</w>
         <c> </c>
         <w xml:id="o4672-228540"
            n="o4672/0177-a-0480"
            ecep:lem="in"
            ecep:pos="p-acp"
            ecep:reg="in"
            ecep:spe="in"
            ecep:syllab="1"
            ecep:pron="ɪn">in</w>
         <c> </c>
         <w xml:id="o4672-228550"
            n="o4672/0177-a-0490"
            ecep:lem="both"
            ecep:pos="d"
            ecep:reg="both"
            ecep:spe="both"
            ecep:syllab="1"
            ecep:pron="bəʊθ">both</w>
         <c> </c>
         <w xml:id="o4672-228560"
            n="o4672/0177-a-0500"
            ecep:lem="our"
            ecep:pos="po12"
            ecep:reg="our"
            ecep:spe="our"
            ecep:syllab="2"
            ecep:pron="aʊə">our</w>
         <c> </c>
         <w xml:id="o4672-228570"
            n="o4672/0177-a-0510"
            ecep:lem="eye"
            ecep:pos="n2"
            ecep:reg="Eyes"
            ecep:spe="Eyes"
            ecep:syllab="1"
            ecep:pron="aɪz">Eyes</w>
         <pc xml:id="o4672-228580"
             n="o4672/0177-a-0520"
             ecep:lem=","
             ecep:pos=","
             ecep:reg=","
             ecep:spe=",">,</pc>
      </l>
      <l xml:id="o4672-l10435">
         <c> </c>
         <w xml:id="o4672-228590"
            n="o4672/0177-a-0530"
            ecep:lem="in"
            ecep:pos="p-acp"
            ecep:reg="In"
            ecep:spe="In"
            ecep:syllab="1"
            ecep:pron="ɪn">In</w>
         <c> </c>
         <w xml:id="o4672-228600"
            n="o4672/0177-a-0540"
            ecep:lem="both"
            ecep:pos="d"
            ecep:reg="both"
            ecep:spe="both"
            ecep:syllab="1"
            ecep:pron="bəʊθ">both</w>
         <c> </c>
         <w xml:id="o4672-228610"
            n="o4672/0177-a-0550"
            ecep:lem="the"
            ecep:pos="dt"
            ecep:reg="the"
            ecep:spe="the"
            ecep:syllab="1"
            ecep:pron="ðə">the</w>
         <c> </c>
         <w xml:id="o4672-228620"
            n="o4672/0177-a-0560"
            ecep:lem="weep"
            ecep:pos="j-vvg"
            ecep:reg="weeping"
            ecep:spe="weeping"
            ecep:syllab="2"
            ecep:pron="ˈwiːpɪŋ">weeping</w>
         <c> </c>
         <w xml:id="o4672-228630"
            n="o4672/0177-a-0570"
            ecep:lem="dew"
            ecep:pos="n2"
            ecep:reg="Dews"
            ecep:spe="Dews"
            ecep:syllab="1"
            ecep:pron="djuːz">Dews</w>
         <c> </c>
         <w xml:id="o4672-228640"
            n="o4672/0177-a-0580"
            ecep:lem="arise"
            ecep:pos="vvi"
            ecep:reg="arise"
            ecep:spe="arise"
            ecep:syllab="2"
            ecep:pron="əˈraɪz">arise</w>
      </l>
      <l xml:id="o4672-l10440">
         <c> </c>
         <w xml:id="o4672-228650"
            n="o4672/0177-a-0590"
            ecep:lem="and"
            ecep:pos="cc"
            ecep:reg="And"
            ecep:spe="And"
            ecep:syllab="1"
            ecep:pron="ænd">And</w>
         <c> </c>
         <w xml:id="o4672-228660"
            n="o4672/0177-a-0600"
            ecep:lem="drop"
            ecep:pos="vvi"
            ecep:reg="drop"
            ecep:spe="drop"
            ecep:syllab="1"
            ecep:pron="drɒp">drop</w>
         <c> </c>
         <w xml:id="o4672-228670"
            n="o4672/0177-a-0610"
            ecep:lem="alternate"
            ecep:pos="j"
            ecep:reg="alternate"
            ecep:spe="alternate"
            ecep:syllab="3"
            ecep:pron="ˈɔːltəˌneɪt">alternate</w>
         <c> </c>
         <w xml:id="o4672-228680"
            n="o4672/0177-a-0620"
            ecep:lem="tear"
            ecep:pos="n2"
            ecep:reg="Tears"
            ecep:spe="Tears"
            ecep:syllab="1"
            ecep:pron="tɪəz">Tears</w>
         <pc xml:id="o4672-228690"
             n="o4672/0177-a-0630"
             unit="sentence"
             ecep:lem="."
             ecep:pos="."
             ecep:reg="."
             ecep:spe=".">.</pc>
         <c> </c>
      </l>
   </lg>
   <pb facs="o4672/0178" n="159" rend="none"/>
   <lg n="2" xml:id="o4672-s02160">
      <head>
         <w xml:id="o4672-228730"
            n="o4672/0178-a-0010"
            ecep:lem="ii"
            ecep:pos="crd"
            ecep:reg="II"
            ecep:spe="II"
            ecep:syllab="1"
            ecep:pron="rˌəʊməntˈuː">II</w>
         <pc xml:id="o4672-228740"
             n="o4672/0178-a-0020"
             unit="sentence"
             ecep:lem="."
             ecep:pos="."
             ecep:reg="."
             ecep:spe=".">.</pc>
      </head>
      <l xml:id="o4672-l10445">
         <w xml:id="o4672-228760"
            n="o4672/0178-a-0030"
            ecep:lem="the"
            ecep:pos="dt"
            ecep:reg="The"
            ecep:spe="The"
            ecep:syllab="1"
            ecep:pron="ðə">The</w>
         <c> </c>
         <w xml:id="o4672-228770"
            n="o4672/0178-a-0040"
            ecep:lem="vigorous"
            ecep:pos="j"
            ecep:reg="Vigorous"
            ecep:spe="Vigorous"
            ecep:syllab="3"
            ecep:pron="ˈvɪgərəs">Vigorous</w>
         <c> </c>
         <w xml:id="o4672-228780"
            n="o4672/0178-a-0050"
            ecep:lem="monarch"
            ecep:pos="n1"
            ecep:reg="Monarch"
            ecep:spe="Monarch"
            ecep:syllab="2"
            ecep:pron="ˈmɒnək">Monarch</w>
         <c> </c>
         <w xml:id="o4672-228790"
            n="o4672/0178-a-0060"
            ecep:lem="of"
            ecep:pos="pp-f"
            ecep:reg="of"
            ecep:spe="of"
            ecep:syllab="1"
            ecep:pron="ɒv">of</w>
         <c> </c>
         <w xml:id="o4672-228800"
            n="o4672/0178-a-0070"
            ecep:lem="the"
            ecep:pos="dt"
            ecep:reg="the"
            ecep:spe="the"
            ecep:syllab="1"
            ecep:pron="ðə">the</w>
         <c> </c>
         <w xml:id="o4672-228810"
            n="o4672/0178-a-0080"
            ecep:lem="day"
            ecep:pos="n1"
            ecep:reg="Day"
            ecep:spe="Day"
            ecep:syllab="1"
            ecep:pron="deɪ">Day</w>
      </l>
      <l xml:id="o4672-l10450">
         <c> </c>
         <w xml:id="o4672-228820"
            n="o4672/0178-a-0090"
            ecep:lem="now"
            ecep:pos="av"
            ecep:reg="Now"
            ecep:spe="Now"
            ecep:syllab="1"
            ecep:pron="naʊ">Now</w>
         <c> </c>
         <w xml:id="o4672-228830"
            n="o4672/0178-a-0100"
            ecep:lem="mount"
            ecep:pos="vvn"
            ecep:reg="mounted"
            ecep:spe="mounted"
            ecep:syllab="2"
            ecep:pron="ˈmaʊntɪd">mounted</w>
         <c> </c>
         <w xml:id="o4672-228840"
            n="o4672/0178-a-0110"
            ecep:lem="half"
            ecep:pos="av-jn"
            ecep:reg="half"
            ecep:spe="half"
            ecep:syllab="1"
            ecep:pron="hɑːf">half</w>
         <c> </c>
         <w xml:id="o4672-228850"
            n="o4672/0178-a-0120"
            ecep:lem="his"
            ecep:pos="po31"
            ecep:reg="his"
            ecep:spe="his"
            ecep:syllab="1"
            ecep:pron="hɪz">his</w>
         <c> </c>
         <w xml:id="o4672-228860"
            n="o4672/0178-a-0130"
            ecep:lem="morning"
            ecep:pos="n1"
            ecep:reg="Morning"
            ecep:spe="Morning"
            ecep:syllab="2"
            ecep:pron="ˈmɔːnɪŋ">Morning</w>
         <c> </c>
         <w xml:id="o4672-228870"
            n="o4672/0178-a-0140"
            ecep:lem="way"
            ecep:pos="n1"
            ecep:reg="Way"
            ecep:spe="Way"
            ecep:syllab="1"
            ecep:pron="weɪ">Way</w>
      </l>
      <l xml:id="o4672-l10455">
         <c> </c>
         <w xml:id="o4672-228880"
            n="o4672/0178-a-0150"
            ecep:lem="shine"
            ecep:pos="vvd"
            ecep:reg="Shone"
            ecep:spe="Shone"
            ecep:syllab="1"
            ecep:pron="ʃɒn">Shone</w>
         <c> </c>
         <w xml:id="o4672-228890"
            n="o4672/0178-a-0160"
            ecep:lem="with"
            ecep:pos="p-acp"
            ecep:reg="with"
            ecep:spe="with"
            ecep:syllab="1"
            ecep:pron="wɪð">with</w>
         <c> </c>
         <w xml:id="o4672-228900"
            n="o4672/0178-a-0170"
            ecep:lem="a"
            ecep:pos="dt"
            ecep:reg="a"
            ecep:spe="a"
            ecep:syllab="1"
            ecep:pron="ə">a</w>
         <c> </c>
         <w xml:id="o4672-228910"
            n="o4672/0178-a-0180"
            ecep:lem="faint"
            ecep:pos="jc"
            ecep:reg="fainter"
            ecep:spe="fainter"
            ecep:syllab="2"
            ecep:pron="ˈfeɪntə">fainter</w>
         <c> </c>
         <w xml:id="o4672-228920"
            n="o4672/0178-a-0190"
            ecep:lem="bright"
            ecep:pos="j"
            ecep:reg="Bright"
            ecep:spe="Bright"
            ecep:syllab="1"
            ecep:pron="braɪt">Bright</w>
         <pc xml:id="o4672-228930"
             n="o4672/0178-a-0200"
             ecep:lem=","
             ecep:pos=","
             ecep:reg=","
             ecep:spe=",">,</pc>
      </l>
      <l xml:id="o4672-l10460">
         <c> </c>
         <w xml:id="o4672-228940"
            n="o4672/0178-a-0210"
            ecep:lem="still"
            ecep:pos="av"
            ecep:reg="Still"
            ecep:spe="Still"
            ecep:syllab="1"
            ecep:pron="stɪl">Still</w>
         <c> </c>
         <w xml:id="o4672-228950"
            n="o4672/0178-a-0220"
            ecep:lem="sicken"
            ecep:pos="vvg"
            ecep:reg="sickening"
            ecep:spe="sickning"
            ecep:syllab="2"
            ecep:pron="sˈɪkənɪŋ">sickning</w>
         <c> </c>
         <w xml:id="o4672-228960"
            n="o4672/0178-a-0230"
            ecep:lem="and"
            ecep:pos="cc"
            ecep:reg="and"
            ecep:spe="and"
            ecep:syllab="1"
            ecep:pron="ænd">and</w>
         <c> </c>
         <w xml:id="o4672-228970"
            n="o4672/0178-a-0240"
            ecep:lem="decay"
            ecep:pos="vvg"
            ecep:reg="decaying"
            ecep:spe="decaying"
            ecep:syllab="3"
            ecep:pron="dɪˈkeɪɪŋ">decaying</w>
         <c> </c>
         <w xml:id="o4672-228980"
            n="o4672/0178-a-0250"
            ecep:lem="still"
            ecep:pos="av"
            ecep:reg="still"
            ecep:spe="still"
            ecep:syllab="1"
            ecep:pron="stɪl">still</w>
      </l>
      <l xml:id="o4672-l10465">
         <c> </c>
         <w xml:id="o4672-228990"
            n="o4672/0178-a-0260"
            ecep:lem="dim"
            ecep:pos="av-j"
            ecep:reg="Dimly"
            ecep:spe="Dimly"
            ecep:syllab="2"
            ecep:pron="ˈdɪmlɪ">Dimly</w>
         <c> </c>
         <w xml:id="o4672-229000"
            n="o4672/0178-a-0270"
            ecep:lem="he"
            ecep:pos="pns31"
            ecep:reg="he"
            ecep:spe="he"
            ecep:syllab="1"
            ecep:pron="hiː">he</w>
         <c> </c>
         <w xml:id="o4672-229010"
            n="o4672/0178-a-0280"
            ecep:lem="wander"
            ecep:pos="vvd"
            ecep:reg="wandered"
            ecep:spe="wander'd"
            ecep:syllab="2"
            ecep:pron="ˈwɒndəd">wander'd</w>
         <c> </c>
         <w xml:id="o4672-229020"
            n="o4672/0178-a-0290"
            ecep:lem="up"
            ecep:pos="a-acp"
            ecep:reg="up"
            ecep:spe="up"
            ecep:syllab="1"
            ecep:pron="ʌp">up</w>
         <c> </c>
         <w xml:id="o4672-229030"
            n="o4672/0178-a-0300"
            ecep:lem="the"
            ecep:pos="dt"
            ecep:reg="the"
            ecep:spe="the"
            ecep:syllab="1"
            ecep:pron="ðə">the</w>
         <c> </c>
         <w xml:id="o4672-229040"
            n="o4672/0178-a-0310"
            ecep:lem="hill"
            ecep:pos="n1"
            ecep:reg="Hill"
            ecep:spe="Hill"
            ecep:syllab="1"
            ecep:pron="hɪl">Hill</w>
      </l>
      <l xml:id="o4672-l10470">
         <c> </c>
         <w xml:id="o4672-229050"
            n="o4672/0178-a-0320"
            ecep:lem="with"
            ecep:pos="p-acp"
            ecep:reg="With"
            ecep:spe="With"
            ecep:syllab="1"
            ecep:pron="wɪð">With</w>
         <c> </c>
         <w xml:id="o4672-229060"
            n="o4672/0178-a-0330"
            ecep:lem="his"
            ecep:pos="po31"
            ecep:reg="his"
            ecep:spe="his"
            ecep:syllab="1"
            ecep:pron="hɪz">his</w>
         <c> </c>
         <w xml:id="o4672-229070"
            n="o4672/0178-a-0340"
            ecep:lem="expire"
            ecep:pos="j-vvg"
            ecep:reg="Expiring"
            ecep:spe="Expiring"
            ecep:syllab="3"
            ecep:pron="ɪkˈspaɪəɪŋ">Expiring</w>
         <c> </c>
         <w xml:id="o4672-229080"
            n="o4672/0178-a-0350"
            ecep:lem="light"
            ecep:pos="n1"
            ecep:reg="Light"
            ecep:spe="Light"
            ecep:syllab="1"
            ecep:pron="laɪt">Light</w>
         <pc xml:id="o4672-229090"
             n="o4672/0178-a-0360"
             unit="sentence"
             ecep:lem="."
             ecep:pos="."
             ecep:reg="."
             ecep:spe=".">.</pc>
         <c> </c>
      </l>
   </lg>
   <lg n="3" xml:id="o4672-s02165">
      <head>
         <w xml:id="o4672-229130"
            n="o4672/0178-a-0370"
            ecep:lem="iii"
            ecep:pos="crd"
            ecep:reg="III"
            ecep:spe="III"
            ecep:syllab="1"
            ecep:pron="rˌəʊmənθrˈiː">III</w>
         <pc xml:id="o4672-229140"
             n="o4672/0178-a-0380"
             unit="sentence"
             ecep:lem="."
             ecep:pos="."
             ecep:reg="."
             ecep:spe=".">.</pc>
      </head>
      <l xml:id="o4672-l10475">
         <w xml:id="o4672-229160"
            n="o4672/0178-a-0390"
            ecep:lem="in"
            ecep:pos="p-acp"
            ecep:reg="In"
            ecep:spe="In"
            ecep:syllab="1"
            ecep:pron="ɪn">In</w>
         <c> </c>
         <w xml:id="o4672-229170"
            n="o4672/0178-a-0400"
            ecep:lem="dark"
            ecep:pos="j"
            ecep:reg="dark"
            ecep:spe="dark"
            ecep:syllab="1"
            ecep:pron="dɑːk">dark</w>
         <c> </c>
         <w xml:id="o4672-229180"
            n="o4672/0178-a-0410"
            ecep:lem="eclipse"
            ecep:pos="n1"
            ecep:reg="Eclipse"
            ecep:spe="Eclipse"
            ecep:syllab="2"
            ecep:pron="ɪˈklɪps">Eclipse</w>
         <c> </c>
         <w xml:id="o4672-229190"
            n="o4672/0178-a-0420"
            ecep:lem="his"
            ecep:pos="po31"
            ecep:reg="his"
            ecep:spe="his"
            ecep:syllab="1"
            ecep:pron="hɪz">his</w>
         <c> </c>
         <w xml:id="o4672-229200"
            n="o4672/0178-a-0430"
            ecep:lem="chariot"
            ecep:pos="n1"
            ecep:reg="Chariot"
            ecep:spe="Chariot"
            ecep:syllab="3"
            ecep:pron="ˈtʃærɪət">Chariot</w>
         <c> </c>
         <w xml:id="o4672-229210"
            n="o4672/0178-a-0440"
            ecep:lem="roll"
            ecep:pos="vvd"
            ecep:reg="rolled"
            ecep:spe="roll'd"
            ecep:syllab="1"
            ecep:pron="rəʊld">roll'd</w>
         <pc xml:id="o4672-229220"
             n="o4672/0178-a-0450"
             ecep:lem=","
             ecep:pos=","
             ecep:reg=","
             ecep:spe=",">,</pc>
      </l>
      <l xml:id="o4672-l10480">
         <c> </c>
         <w xml:id="o4672-229230"
            n="o4672/0178-a-0460"
            ecep:lem="the"
            ecep:pos="dt"
            ecep:reg="The"
            ecep:spe="The"
            ecep:syllab="1"
            ecep:pron="ðə">The</w>
         <c> </c>
         <w xml:id="o4672-229240"
            n="o4672/0178-a-0470"
            ecep:lem="queen"
            ecep:pos="n1"
            ecep:reg="Queen"
            ecep:spe="Queen"
            ecep:syllab="1"
            ecep:pron="kwiːn">Queen</w>
         <c> </c>
         <w xml:id="o4672-229250"
            n="o4672/0178-a-0480"
            ecep:lem="of"
            ecep:pos="pp-f"
            ecep:reg="of"
            ecep:spe="of"
            ecep:syllab="1"
            ecep:pron="ɒv">of</w>
         <c> </c>
         <w xml:id="o4672-229260"
            n="o4672/0178-a-0490"
            ecep:lem="night"
            ecep:pos="n1"
            ecep:reg="Night"
            ecep:spe="Night"
            ecep:syllab="1"
            ecep:pron="naɪt">Night</w>
         <c> </c>
         <w xml:id="o4672-229270"
            n="o4672/0178-a-0500"
            ecep:lem="obscure"
            ecep:pos="vvd"
            ecep:reg="obscured"
            ecep:spe="obscur'd"
            ecep:syllab="2"
            ecep:pron="əbˈskjʊəd">obscur'd</w>
         <c> </c>
         <w xml:id="o4672-229280"
            n="o4672/0178-a-0510"
            ecep:lem="his"
            ecep:pos="po31"
            ecep:reg="his"
            ecep:spe="his"
            ecep:syllab="1"
            ecep:pron="hɪz">his</w>
         <c> </c>
         <w xml:id="o4672-229290"
            n="o4672/0178-a-0520"
            ecep:lem="gold"
            ecep:pos="n1"
            ecep:reg="Gold"
            ecep:spe="Gold"
            ecep:syllab="1"
            ecep:pron="gəʊld">Gold</w>
      </l>
      <l xml:id="o4672-l10485">
         <c> </c>
         <w xml:id="o4672-229300"
            n="o4672/0178-a-0530"
            ecep:lem="behind"
            ecep:pos="p-acp"
            ecep:reg="Behind"
            ecep:spe="Behind"
            ecep:syllab="2"
            ecep:pron="bɪˈhaɪnd">Behind</w>
         <c> </c>
         <w xml:id="o4672-229310"
            n="o4672/0178-a-0540"
            ecep:lem="her"
            ecep:pos="po31"
            ecep:reg="her"
            ecep:spe="her"
            ecep:syllab="1"
            ecep:pron="hɜː">her</w>
         <c> </c>
         <w xml:id="o4672-229320"
            n="o4672/0178-a-0550"
            ecep:lem="sable"
            ecep:pos="j-jn"
            ecep:reg="Sable"
            ecep:spe="Sable"
            ecep:syllab="2"
            ecep:pron="ˈseɪbl">Sable</w>
         <c> </c>
         <w xml:id="o4672-229330"
            n="o4672/0178-a-0560"
            ecep:lem="wheel"
            ecep:pos="n2"
            ecep:reg="Wheels"
            ecep:spe="Wheels"
            ecep:syllab="1"
            ecep:pron="wiːlz">Wheels</w>
         <pc xml:id="o4672-229340"
             n="o4672/0178-a-0570"
             ecep:lem=":"
             ecep:pos=":"
             ecep:reg=":"
             ecep:spe=":">:</pc>
      </l>
      <l xml:id="o4672-l10490">
         <c> </c>
         <w xml:id="o4672-229350"
            n="o4672/0178-a-0580"
            ecep:lem="nature"
            ecep:pos="n1"
            ecep:reg="Nature"
            ecep:spe="Nature"
            ecep:syllab="2"
            ecep:pron="ˈneɪtʃə">Nature</w>
         <c> </c>
         <w xml:id="o4672-229360"
            n="o4672/0178-a-0590"
            ecep:lem="grow"
            ecep:pos="vvd"
            ecep:reg="grew"
            ecep:spe="grew"
            ecep:syllab="1"
            ecep:pron="gruː">grew</w>
         <c> </c>
         <w xml:id="o4672-229370"
            n="o4672/0178-a-0600"
            ecep:lem="sad"
            ecep:pos="j"
            ecep:reg="sad"
            ecep:spe="sad"
            ecep:syllab="1"
            ecep:pron="sæd">sad</w>
         <c> </c>
         <w xml:id="o4672-229380"
            n="o4672/0178-a-0610"
            ecep:lem="to"
            ecep:pos="pc-acp"
            ecep:reg="to"
            ecep:spe="to"
            ecep:syllab="1"
            ecep:pron="tuː">to</w>
         <c> </c>
         <w xml:id="o4672-229390"
            n="o4672/0178-a-0620"
            ecep:lem="loose"
            ecep:pos="vvi"
            ecep:reg="loose"
            ecep:spe="loose"
            ecep:syllab="1"
            ecep:pron="luːs">loose</w>
         <c> </c>
         <w xml:id="o4672-229400"
            n="o4672/0178-a-0630"
            ecep:lem="the"
            ecep:pos="dt"
            ecep:reg="the"
            ecep:spe="the"
            ecep:syllab="1"
            ecep:pron="ðə">the</w>
         <c> </c>
         <w xml:id="o4672-229410"
            n="o4672/0178-a-0640"
            ecep:lem="day"
            ecep:pos="n1"
            ecep:reg="Day"
            ecep:spe="Day"
            ecep:syllab="1"
            ecep:pron="deɪ">Day</w>
         <pc xml:id="o4672-229420"
             n="o4672/0178-a-0650"
             ecep:lem=","
             ecep:pos=","
             ecep:reg=","
             ecep:spe=",">,</pc>
      </l>
      <l xml:id="o4672-l10495">
         <c> </c>
         <w xml:id="o4672-229430"
            n="o4672/0178-a-0660"
            ecep:lem="the"
            ecep:pos="dt"
            ecep:reg="The"
            ecep:spe="The"
            ecep:syllab="1"
            ecep:pron="ðə">The</w>
         <c> </c>
         <w xml:id="o4672-229440"
            n="o4672/0178-a-0670"
            ecep:lem="flowery"
            ecep:pos="j"
            ecep:reg="Flowery"
            ecep:spe="Flow'ry"
            ecep:syllab="2"
            ecep:pron="ˈflaʊri">Flow'ry</w>
         <c> </c>
         <w xml:id="o4672-229450"
            n="o4672/0178-a-0680"
            ecep:lem="vale"
            ecep:pos="n2"
            ecep:reg="Vales"
            ecep:spe="Vales"
            ecep:syllab="1"
            ecep:pron="veɪlz">Vales</w>
         <c> </c>
         <w xml:id="o4672-229460"
            n="o4672/0178-a-0690"
            ecep:lem="in"
            ecep:pos="p-acp"
            ecep:reg="in"
            ecep:spe="in"
            ecep:syllab="1"
            ecep:pron="ɪn">in</w>
         <c> </c>
         <w xml:id="o4672-229470"
            n="o4672/0178-a-0700"
            ecep:lem="mourning"
            ecep:pos="n1"
            ecep:reg="Mourning"
            ecep:spe="Mourning"
            ecep:syllab="2"
            ecep:pron="ˈmɔːnɪŋ">Mourning</w>
         <c> </c>
         <w xml:id="o4672-229480"
            n="o4672/0178-a-0710"
            ecep:lem="lie"
            ecep:pos="vvd"
            ecep:reg="lay"
            ecep:spe="lay"
            ecep:syllab="1"
            ecep:pron="leɪ">lay</w>
         <pc xml:id="o4672-229490"
             n="o4672/0178-a-0720"
             ecep:lem=","
             ecep:pos=","
             ecep:reg=","
             ecep:spe=",">,</pc>
      </l>
      <l xml:id="o4672-l10500">
         <c> </c>
         <w xml:id="o4672-229500"
            n="o4672/0178-a-0730"
            ecep:lem="in"
            ecep:pos="p-acp"
            ecep:reg="In"
            ecep:spe="In"
            ecep:syllab="1"
            ecep:pron="ɪn">In</w>
         <c> </c>
         <w xml:id="o4672-229510"
            n="o4672/0178-a-0740"
            ecep:lem="mourning"
            ecep:pos="n1"
            ecep:reg="Mourning"
            ecep:spe="Mourning"
            ecep:syllab="2"
            ecep:pron="ˈmɔːnɪŋ">Mourning</w>
         <c> </c>
         <w xml:id="o4672-229520"
            n="o4672/0178-a-0750"
            ecep:lem="stand"
            ecep:pos="vvd"
            ecep:reg="stood"
            ecep:spe="stood"
            ecep:syllab="1"
            ecep:pron="stʊd">stood</w>
         <c> </c>
         <w xml:id="o4672-229530"
            n="o4672/0178-a-0760"
            ecep:lem="the"
            ecep:pos="dt"
            ecep:reg="the"
            ecep:spe="the"
            ecep:syllab="1"
            ecep:pron="ðə">the</w>
         <c> </c>
         <w xml:id="o4672-229540"
            n="o4672/0178-a-0770"
            ecep:lem="hill"
            ecep:pos="n2"
            ecep:reg="Hills"
            ecep:spe="Hills"
            ecep:syllab="1"
            ecep:pron="hɪlz">Hills</w>
         <pc xml:id="o4672-229550"
             n="o4672/0178-a-0780"
             unit="sentence"
             ecep:lem="."
             ecep:pos="."
             ecep:reg="."
             ecep:spe=".">.</pc>
         <c> </c>
      </l>
   </lg>
   <lg n="4" xml:id="o4672-s02170">
      <head>
         <w xml:id="o4672-229590"
            n="o4672/0178-a-0790"
            ecep:lem="iv"
            ecep:pos="crd"
            ecep:reg="IV"
            ecep:spe="IV"
            ecep:syllab="1"
            ecep:pron="rˌəʊmənfˈɔː">IV</w>
         <pc xml:id="o4672-229600"
             n="o4672/0178-a-0800"
             unit="sentence"
             ecep:lem="."
             ecep:pos="."
             ecep:reg="."
             ecep:spe=".">.</pc>
      </head>
      <l xml:id="o4672-l10505">
         <w xml:id="o4672-229620"
            n="o4672/0178-a-0810"
            ecep:lem="such"
            ecep:pos="d"
            ecep:reg="Such"
            ecep:spe="Such"
            ecep:syllab="1"
            ecep:pron="sʌtʃ">Such</w>
         <c> </c>
         <w xml:id="o4672-229630"
            n="o4672/0178-a-0820"
            ecep:lem="be"
            ecep:pos="vbr"
            ecep:reg="are"
            ecep:spe="are"
            ecep:syllab="1"
            ecep:pron="ɑː">are</w>
         <c> </c>
         <w xml:id="o4672-229640"
            n="o4672/0178-a-0830"
            ecep:lem="our"
            ecep:pos="po12"
            ecep:reg="our"
            ecep:spe="our"
            ecep:syllab="2"
            ecep:pron="aʊə">our</w>
         <c> </c>
         <w xml:id="o4672-229650"
            n="o4672/0178-a-0840"
            ecep:lem="sorrow"
            ecep:pos="n2"
            ecep:reg="Sorrows"
            ecep:spe="Sorrows"
            ecep:syllab="2"
            ecep:pron="ˈsɒrəʊz">Sorrows</w>
         <pc xml:id="o4672-229660"
             n="o4672/0178-a-0850"
             ecep:lem=","
             ecep:pos=","
             ecep:reg=","
             ecep:spe=",">,</pc>
         <c> </c>
         <hi>
            <w xml:id="o4672-229670"
               n="o4672/0178-a-0860"
               ecep:lem="Clark"
               ecep:pos="np1"
               ecep:reg="CLARK"
               ecep:spe="CLARK"
               ecep:syllab="1"
               ecep:pron="ˈklɑːk">CLARK</w>
            <pc xml:id="o4672-229680"
                n="o4672/0178-a-0870"
                ecep:lem=","
                ecep:pos=","
                ecep:reg=","
                ecep:spe=",">,</pc>
         </hi>
         <c> </c>
         <w xml:id="o4672-229690"
            n="o4672/0178-a-0880"
            ecep:lem="i"
            ecep:pos="pns11"
            ecep:reg="I"
            ecep:spe="I"
            ecep:syllab="1"
            ecep:pron="aɪ">I</w>
         <c> </c>
         <w xml:id="o4672-229700"
            n="o4672/0178-a-0890"
            ecep:lem="cry"
            ecep:pos="vvd"
            ecep:reg="cried"
            ecep:spe="cry'd"
            ecep:syllab="1"
            ecep:pron="kraɪd">cry'd</w>
         <pc xml:id="o4672-229710"
             n="o4672/0178-a-0900"
             ecep:lem=","
             ecep:pos=","
             ecep:reg=","
             ecep:spe=",">,</pc>
      </l>
      <l xml:id="o4672-l10510">
         <c> </c>
         <w xml:id="o4672-229720"
            n="o4672/0178-a-0910"
            ecep:lem="cloud"
            ecep:pos="n2"
            ecep:reg="Clouds"
            ecep:spe="Clouds"
            ecep:syllab="1"
            ecep:pron="klaʊdz">Clouds</w>
         <c> </c>
         <w xml:id="o4672-229730"
            n="o4672/0178-a-0920"
            ecep:lem="of"
            ecep:pos="pp-f"
            ecep:reg="of"
            ecep:spe="of"
            ecep:syllab="1"
            ecep:pron="ɒv">of</w>
         <c> </c>
         <w xml:id="o4672-229740"
            n="o4672/0178-a-0930"
            ecep:lem="the"
            ecep:pos="dt"
            ecep:reg="the"
            ecep:spe="the"
            ecep:syllab="1"
            ecep:pron="ðə">the</w>
         <c> </c>
         <w xml:id="o4672-229750"
            n="o4672/0178-a-0940"
            ecep:lem="brain"
            ecep:pos="n1"
            ecep:reg="Brain"
            ecep:spe="Brain"
            ecep:syllab="1"
            ecep:pron="breɪn">Brain</w>
         <c> </c>
         <w xml:id="o4672-229760"
            n="o4672/0178-a-0950"
            ecep:lem="grow"
            ecep:pos="vvi"
            ecep:reg="grow"
            ecep:spe="grow"
            ecep:syllab="1"
            ecep:pron="grəʊ">grow</w>
         <c> </c>
         <w xml:id="o4672-229770"
            n="o4672/0178-a-0960"
            ecep:lem="black"
            ecep:pos="j-jn"
            ecep:reg="black"
            ecep:spe="black"
            ecep:syllab="1"
            ecep:pron="blæk">black</w>
         <pc xml:id="o4672-229780"
             n="o4672/0178-a-0970"
             ecep:lem=","
             ecep:pos=","
             ecep:reg=","
             ecep:spe=",">,</pc>
         <c> </c>
         <w xml:id="o4672-229790"
            n="o4672/0178-a-0980"
            ecep:lem="and"
            ecep:pos="cc"
            ecep:reg="and"
            ecep:spe="and"
            ecep:syllab="1"
            ecep:pron="ænd">and</w>
         <c> </c>
         <w xml:id="o4672-229800"
            n="o4672/0178-a-0990"
            ecep:lem="hide"
            ecep:pos="vvi"
            ecep:reg="hide"
            ecep:spe="hide"
            ecep:syllab="1"
            ecep:pron="haɪd">hide</w>
      </l>
      <l xml:id="o4672-l10515">
         <c> </c>
         <w xml:id="o4672-229810"
            n="o4672/0178-a-1000"
            ecep:lem="our"
            ecep:pos="po12"
            ecep:reg="Our"
            ecep:spe="Our"
            ecep:syllab="2"
            ecep:pron="aʊə">Our</w>
         <c> </c>
         <w xml:id="o4672-229820"
            n="o4672/0178-a-1010"
            ecep:lem="darken"
            ecep:pos="j-vvn"
            ecep:reg="darkened"
            ecep:spe="darkned"
            ecep:syllab="2"
            ecep:pron="dˈɑːkənd">darkned</w>
         <c> </c>
         <w xml:id="o4672-229830"
            n="o4672/0178-a-1020"
            ecep:lem="soul"
            ecep:pos="n2"
            ecep:reg="Souls"
            ecep:spe="Souls"
            ecep:syllab="1"
            ecep:pron="səʊlz">Souls</w>
         <c> </c>
         <w xml:id="o4672-229840"
            n="o4672/0178-a-1030"
            ecep:lem="behind"
            ecep:pos="a-acp"
            ecep:reg="behind"
            ecep:spe="behind"
            ecep:syllab="2"
            ecep:pron="bɪˈhaɪnd">behind</w>
         <pc xml:id="o4672-229850"
             n="o4672/0178-a-1040"
             ecep:lem=";"
             ecep:pos=";"
             ecep:reg=";"
             ecep:spe=";">;</pc>
      </l>
      <l xml:id="o4672-l10520">
         <c> </c>
         <w xml:id="o4672-229860"
            n="o4672/0178-a-1050"
            ecep:lem="in"
            ecep:pos="p-acp"
            ecep:reg="In"
            ecep:spe="In"
            ecep:syllab="1"
            ecep:pron="ɪn">In</w>
         <c> </c>
         <w xml:id="o4672-229870"
            n="o4672/0178-a-1060"
            ecep:lem="the"
            ecep:pos="dt"
            ecep:reg="the"
            ecep:spe="the"
            ecep:syllab="1"
            ecep:pron="ðə">the</w>
         <c> </c>
         <w xml:id="o4672-229880"
            n="o4672/0178-a-1070"
            ecep:lem="young"
            ecep:pos="j"
            ecep:reg="young"
            ecep:spe="young"
            ecep:syllab="1"
            ecep:pron="jʌŋ">young</w>
         <c> </c>
         <w xml:id="o4672-229890"
            n="o4672/0178-a-1080"
            ecep:lem="morning"
            ecep:pos="n1"
            ecep:reg="Morning"
            ecep:spe="Morning"
            ecep:syllab="2"
            ecep:pron="ˈmɔːnɪŋ">Morning</w>
         <c> </c>
         <w xml:id="o4672-229900"
            n="o4672/0178-a-1090"
            ecep:lem="of"
            ecep:pos="pp-f"
            ecep:reg="of"
            ecep:spe="of"
            ecep:syllab="1"
            ecep:pron="ɒv">of</w>
         <c> </c>
         <w xml:id="o4672-229910"
            n="o4672/0178-a-1100"
            ecep:lem="our"
            ecep:pos="po12"
            ecep:reg="our"
            ecep:spe="our"
            ecep:syllab="2"
            ecep:pron="aʊə">our</w>
         <c> </c>
         <w xml:id="o4672-229920"
            n="o4672/0178-a-1110"
            ecep:lem="year"
            ecep:pos="n2"
            ecep:reg="Years"
            ecep:spe="Years"
            ecep:syllab="1"
            ecep:pron="ˈjɪəz">Years</w>
      </l>
      <l xml:id="o4672-l10525">
         <c> </c>
         <w xml:id="o4672-229930"
            n="o4672/0178-a-1120"
            ecep:lem="distemper"
            ecep:pos="vvg"
            ecep:reg="Distempering"
            ecep:spe="Distempering"
            ecep:syllab="4"
            ecep:pron="dɪˈstempərɪŋ">Distempering</w>
         <c> </c>
         <w xml:id="o4672-229940"
            n="o4672/0178-a-1130"
            ecep:lem="fog"
            ecep:pos="n2"
            ecep:reg="Fogs"
            ecep:spe="Fogs"
            ecep:syllab="1"
            ecep:pron="fɒgz">Fogs</w>
         <c> </c>
         <w xml:id="o4672-229950"
            n="o4672/0178-a-1140"
            ecep:lem="have"
            ecep:pos="vhb"
            ecep:reg="have"
            ecep:spe="have"
            ecep:syllab="1"
            ecep:pron="hæv">have</w>
         <c> </c>
         <w xml:id="o4672-229960"
            n="o4672/0178-a-1150"
            ecep:lem="climb"
            ecep:pos="vvn"
            ecep:reg="climbed"
            ecep:spe="climb'd"
            ecep:syllab="1"
            ecep:pron="klaɪmd">climb'd</w>
         <c> </c>
         <w xml:id="o4672-229970"
            n="o4672/0178-a-1160"
            ecep:lem="the"
            ecep:pos="dt"
            ecep:reg="the"
            ecep:spe="the"
            ecep:syllab="1"
            ecep:pron="ðə">the</w>
         <c> </c>
         <w xml:id="o4672-229980"
            n="o4672/0178-a-1170"
            ecep:lem="sphere"
            ecep:pos="n2"
            ecep:reg="Spheres"
            ecep:spe="Spheres"
            ecep:syllab="1"
            ecep:pron="sfɪəz">Spheres</w>
         <pc xml:id="o4672-229990"
             n="o4672/0178-a-1180"
             ecep:lem=","
             ecep:pos=","
             ecep:reg=","
             ecep:spe=",">,</pc>
      </l>
      <l xml:id="o4672-l10530">
         <c> </c>
         <w xml:id="o4672-230000"
            n="o4672/0178-a-1190"
            ecep:lem="and"
            ecep:pos="cc"
            ecep:reg="And"
            ecep:spe="And"
            ecep:syllab="1"
            ecep:pron="ænd">And</w>
         <c> </c>
         <w xml:id="o4672-230010"
            n="o4672/0178-a-1200"
            ecep:lem="choke"
            ecep:pos="vvi"
            ecep:reg="Choke"
            ecep:spe="Choke"
            ecep:syllab="1"
            ecep:pron="tʃəʊk">Choke</w>
         <c> </c>
         <w xml:id="o4672-230020"
            n="o4672/0178-a-1210"
            ecep:lem="the"
            ecep:pos="dt"
            ecep:reg="the"
            ecep:spe="the"
            ecep:syllab="1"
            ecep:pron="ðə">the</w>
         <c> </c>
         <w xml:id="o4672-230030"
            n="o4672/0178-a-1220"
            ecep:lem="labour"
            ecep:pos="j-vvg"
            ecep:reg="Labouring"
            ecep:spe="Lab'ring"
            ecep:syllab="2"
            ecep:pron="ˈleɪbrɪŋ">Lab'ring</w>
         <c> </c>
         <w xml:id="o4672-230040"
            n="o4672/0178-a-1230"
            ecep:lem="mind"
            ecep:pos="n1"
            ecep:reg="Mind"
            ecep:spe="Mind"
            ecep:syllab="1"
            ecep:pron="maɪnd">Mind</w>
         <pc xml:id="o4672-230050"
             n="o4672/0178-a-1240"
             unit="sentence"
             ecep:lem="."
             ecep:pos="."
             ecep:reg="."
             ecep:spe=".">.</pc>
         <c> </c>
      </l>
   </lg>
   <pb facs="o4672/0179" n="160" rend="none"/>
   <lg n="5" xml:id="o4672-s02175">
      <head>
         <w xml:id="o4672-230090"
            n="o4672/0179-a-0010"
            ecep:lem="v."
            ecep:pos="crd"
            ecep:reg="V"
            ecep:spe="V."
            ecep:syllab="1"
            ecep:pron="viː">V.</w>
         <pc unit="sentence" xml:id="o4672-230090-eos" n="o4672/0179-a-0020"/>
      </head>
      <l xml:id="o4672-l10535">
         <w xml:id="o4672-230110"
            n="o4672/0179-a-0030"
            ecep:lem="lo"
            ecep:pos="uh"
            ecep:reg="Lo"
            ecep:spe="Lo"
            ecep:syllab="1"
            ecep:pron="ləʊ">Lo</w>
         <c> </c>
         <w xml:id="o4672-230120"
            n="o4672/0179-a-0040"
            ecep:lem="the"
            ecep:pos="dt"
            ecep:reg="the"
            ecep:spe="the"
            ecep:syllab="1"
            ecep:pron="ðə">the</w>
         <c> </c>
         <w xml:id="o4672-230130"
            n="o4672/0179-a-0050"
            ecep:lem="gay"
            ecep:pos="j"
            ecep:reg="Gay"
            ecep:spe="Gay"
            ecep:syllab="1"
            ecep:pron="geɪ">Gay</w>
         <c> </c>
         <w xml:id="o4672-230140"
            n="o4672/0179-a-0060"
            ecep:lem="planet"
            ecep:pos="n1"
            ecep:reg="Planet"
            ecep:spe="Planet"
            ecep:syllab="2"
            ecep:pron="ˈplænɪt">Planet</w>
         <c> </c>
         <w xml:id="o4672-230150"
            n="o4672/0179-a-0070"
            ecep:lem="rear"
            ecep:pos="vvz"
            ecep:reg="rears"
            ecep:spe="rears"
            ecep:syllab="1"
            ecep:pron="rɪəz">rears</w>
         <c> </c>
         <w xml:id="o4672-230160"
            n="o4672/0179-a-0080"
            ecep:lem="his"
            ecep:pos="po31"
            ecep:reg="his"
            ecep:spe="his"
            ecep:syllab="1"
            ecep:pron="hɪz">his</w>
         <c> </c>
         <w xml:id="o4672-230170"
            n="o4672/0179-a-0090"
            ecep:lem="head"
            ecep:pos="n1"
            ecep:reg="Head"
            ecep:spe="Head"
            ecep:syllab="1"
            ecep:pron="hed">Head</w>
      </l>
      <l xml:id="o4672-l10540">
         <c> </c>
         <w xml:id="o4672-230180"
            n="o4672/0179-a-0100"
            ecep:lem="and"
            ecep:pos="cc"
            ecep:reg="And"
            ecep:spe="And"
            ecep:syllab="1"
            ecep:pron="ænd">And</w>
         <c> </c>
         <w xml:id="o4672-230190"
            n="o4672/0179-a-0110"
            ecep:lem="overlook"
            ecep:pos="vvz"
            ecep:reg="overlooks"
            ecep:spe="overlooks"
            ecep:syllab="3"
            ecep:pron="ˌəʊvəˈlʊks">overlooks</w>
         <c> </c>
         <w xml:id="o4672-230200"
            n="o4672/0179-a-0120"
            ecep:lem="the"
            ecep:pos="dt"
            ecep:reg="the"
            ecep:spe="the"
            ecep:syllab="1"
            ecep:pron="ðə">the</w>
         <c> </c>
         <w xml:id="o4672-230210"
            n="o4672/0179-a-0130"
            ecep:lem="lofty"
            ecep:pos="j"
            ecep:reg="Lofty"
            ecep:spe="Lofty"
            ecep:syllab="2"
            ecep:pron="ˈlɒftɪ">Lofty</w>
         <c> </c>
         <w xml:id="o4672-230220"
            n="o4672/0179-a-0140"
            ecep:lem="shade"
            ecep:pos="n1"
            ecep:reg="Shade"
            ecep:spe="Shade"
            ecep:syllab="1"
            ecep:pron="ʃeɪd">Shade</w>
      </l>
      <l xml:id="o4672-l10545">
         <c> </c>
         <w xml:id="o4672-230230"
            n="o4672/0179-a-0150"
            ecep:lem="new-bright'ning"
            ecep:pos="j"
            ecep:reg="New-bright'ning"
            ecep:spe="New-bright'ning"
            ecep:syllab="3"
            ecep:pron="njˈuːbrˈaɪtnɪŋ">New-bright'ning</w>
         <c> </c>
         <w xml:id="o4672-230240"
            n="o4672/0179-a-0160"
            ecep:lem="all"
            ecep:pos="d"
            ecep:reg="all"
            ecep:spe="all"
            ecep:syllab="1"
            ecep:pron="ɔːl">all</w>
         <c> </c>
         <w xml:id="o4672-230250"
            n="o4672/0179-a-0170"
            ecep:lem="the"
            ecep:pos="dt"
            ecep:reg="the"
            ecep:spe="the"
            ecep:syllab="1"
            ecep:pron="ðə">the</w>
         <c> </c>
         <w xml:id="o4672-230260"
            n="o4672/0179-a-0180"
            ecep:lem="sky"
            ecep:pos="n2"
            ecep:reg="Skies"
            ecep:spe="Skies"
            ecep:syllab="1"
            ecep:pron="skaɪz">Skies</w>
         <pc xml:id="o4672-230270"
             n="o4672/0179-a-0190"
             ecep:lem=","
             ecep:pos=","
             ecep:reg=","
             ecep:spe=",">,</pc>
      </l>
      <l xml:id="o4672-l10550">
         <c> </c>
         <w xml:id="o4672-230280"
            n="o4672/0179-a-0200"
            ecep:lem="but"
            ecep:pos="cc-acp"
            ecep:reg="But"
            ecep:spe="But"
            ecep:syllab="1"
            ecep:pron="bʌt">But</w>
         <c> </c>
         <w xml:id="o4672-230290"
            n="o4672/0179-a-0210"
            ecep:lem="say"
            ecep:pos="vvb"
            ecep:reg="say"
            ecep:spe="say"
            ecep:syllab="1"
            ecep:pron="seɪ">say</w>
         <pc xml:id="o4672-230300"
             n="o4672/0179-a-0220"
             ecep:lem=","
             ecep:pos=","
             ecep:reg=","
             ecep:spe=",">,</pc>
         <c> </c>
         <w xml:id="o4672-230310"
            n="o4672/0179-a-0230"
            ecep:lem="dear"
            ecep:pos="j-jn"
            ecep:reg="Dear"
            ecep:spe="Dear"
            ecep:syllab="1"
            ecep:pron="dɪə">Dear</w>
         <c> </c>
         <w xml:id="o4672-230320"
            n="o4672/0179-a-0240"
            ecep:lem="partner"
            ecep:pos="n1"
            ecep:reg="Partner"
            ecep:spe="Part'ner"
            ecep:syllab="2"
            ecep:pron="pˈɑːtnə">Part'ner</w>
         <c> </c>
         <w xml:id="o4672-230330"
            n="o4672/0179-a-0250"
            ecep:lem="of"
            ecep:pos="pp-f"
            ecep:reg="of"
            ecep:spe="of"
            ecep:syllab="1"
            ecep:pron="ɒv">of</w>
         <c> </c>
         <w xml:id="o4672-230340"
            n="o4672/0179-a-0260"
            ecep:lem="my"
            ecep:pos="po11"
            ecep:reg="my"
            ecep:spe="my"
            ecep:syllab="1"
            ecep:pron="maɪ">my</w>
         <c> </c>
         <w xml:id="o4672-230350"
            n="o4672/0179-a-0270"
            ecep:lem="moan"
            ecep:pos="n1"
            ecep:reg="Moan"
            ecep:spe="Moan"
            ecep:syllab="1"
            ecep:pron="məʊn">Moan</w>
         <pc xml:id="o4672-230360"
             n="o4672/0179-a-0280"
             ecep:lem=","
             ecep:pos=","
             ecep:reg=","
             ecep:spe=",">,</pc>
      </l>
      <l xml:id="o4672-l10555">
         <c> </c>
         <w xml:id="o4672-230370"
            n="o4672/0179-a-0290"
            ecep:lem="when"
            ecep:pos="c-crq"
            ecep:reg="When"
            ecep:spe="When"
            ecep:syllab="1"
            ecep:pron="wen">When</w>
         <c> </c>
         <w xml:id="o4672-230380"
            n="o4672/0179-a-0300"
            ecep:lem="will"
            ecep:pos="vmb"
            ecep:reg="will"
            ecep:spe="will"
            ecep:syllab="1"
            ecep:pron="wɪl">will</w>
         <c> </c>
         <w xml:id="o4672-230390"
            n="o4672/0179-a-0310"
            ecep:lem="our"
            ecep:pos="po12"
            ecep:reg="our"
            ecep:spe="our"
            ecep:syllab="2"
            ecep:pron="aʊə">our</w>
         <c> </c>
         <w xml:id="o4672-230400"
            n="o4672/0179-a-0320"
            ecep:lem="long"
            ecep:pos="j"
            ecep:reg="long"
            ecep:spe="long"
            ecep:syllab="1"
            ecep:pron="lɒŋ">long</w>
         <c> </c>
         <w xml:id="o4672-230410"
            n="o4672/0179-a-0330"
            ecep:lem="eclipse"
            ecep:pos="n1"
            ecep:reg="Eclipse"
            ecep:spe="Eclipse"
            ecep:syllab="2"
            ecep:pron="ɪˈklɪps">Eclipse</w>
         <c> </c>
         <w xml:id="o4672-230420"
            n="o4672/0179-a-0340"
            ecep:lem="be"
            ecep:pos="vbi"
            ecep:reg="be"
            ecep:spe="be"
            ecep:syllab="1"
            ecep:pron="biː">be</w>
         <c> </c>
         <w xml:id="o4672-230430"
            n="o4672/0179-a-0350"
            ecep:lem="go"
            ecep:pos="vvn"
            ecep:reg="gone"
            ecep:spe="gone"
            ecep:syllab="1"
            ecep:pron="gɒn">gone</w>
         <pc xml:id="o4672-230440"
             n="o4672/0179-a-0360"
             ecep:lem=","
             ecep:pos=","
             ecep:reg=","
             ecep:spe=",">,</pc>
      </l>
      <l xml:id="o4672-l10560">
         <c> </c>
         <w xml:id="o4672-230450"
            n="o4672/0179-a-0370"
            ecep:lem="or"
            ecep:pos="cc"
            ecep:reg="Or"
            ecep:spe="Or"
            ecep:syllab="1"
            ecep:pron="ɔː">Or</w>
         <c> </c>
         <w xml:id="o4672-230460"
            n="o4672/0179-a-0380"
            ecep:lem="when"
            ecep:pos="c-crq"
            ecep:reg="when"
            ecep:spe="when"
            ecep:syllab="1"
            ecep:pron="wen">when</w>
         <c> </c>
         <w xml:id="o4672-230470"
            n="o4672/0179-a-0390"
            ecep:lem="our"
            ecep:pos="po12"
            ecep:reg="our"
            ecep:spe="our"
            ecep:syllab="2"
            ecep:pron="aʊə">our</w>
         <c> </c>
         <w xml:id="o4672-230480"
            n="o4672/0179-a-0400"
            ecep:lem="sun"
            ecep:pos="n2"
            ecep:reg="Suns"
            ecep:spe="Suns"
            ecep:syllab="1"
            ecep:pron="sʌnz">Suns</w>
         <c> </c>
         <w xml:id="o4672-230490"
            n="o4672/0179-a-0410"
            ecep:lem="arise"
            ecep:pos="vvi"
            ecep:reg="arise"
            ecep:spe="arise"
            ecep:syllab="2"
            ecep:pron="əˈraɪz">arise</w>
         <pc xml:id="o4672-230500"
             n="o4672/0179-a-0420"
             unit="sentence"
             ecep:lem="?"
             ecep:pos="?"
             ecep:reg="?"
             ecep:spe="?">?</pc>
         <c> </c>
      </l>
   </lg>
   <lg n="6" xml:id="o4672-s02180">
      <head>
         <w xml:id="o4672-230540"
            n="o4672/0179-a-0430"
            ecep:lem="vi"
            ecep:pos="crd"
            ecep:reg="VI"
            ecep:spe="VI"
            ecep:syllab="1"
            ecep:pron="ˈvaɪ">VI</w>
         <pc xml:id="o4672-230550"
             n="o4672/0179-a-0440"
             unit="sentence"
             ecep:lem="."
             ecep:pos="."
             ecep:reg="."
             ecep:spe=".">.</pc>
      </head>
      <l xml:id="o4672-l10565">
         <w xml:id="o4672-230570"
            n="o4672/0179-a-0450"
            ecep:lem="in"
            ecep:pos="p-acp"
            ecep:reg="In"
            ecep:spe="In"
            ecep:syllab="1"
            ecep:pron="ɪn">In</w>
         <c> </c>
         <w xml:id="o4672-230580"
            n="o4672/0179-a-0460"
            ecep:lem="vain"
            ecep:pos="j"
            ecep:reg="vain"
            ecep:spe="vain"
            ecep:syllab="1"
            ecep:pron="veɪn">vain</w>
         <c> </c>
         <w xml:id="o4672-230590"
            n="o4672/0179-a-0470"
            ecep:lem="be"
            ecep:pos="vbr"
            ecep:reg="are"
            ecep:spe="are"
            ecep:syllab="1"
            ecep:pron="ɑː">are</w>
         <c> </c>
         <w xml:id="o4672-230600"
            n="o4672/0179-a-0480"
            ecep:lem="potent"
            ecep:pos="j"
            ecep:reg="potent"
            ecep:spe="potent"
            ecep:syllab="2"
            ecep:pron="ˈpəʊtnt">potent</w>
         <c> </c>
         <w xml:id="o4672-230610"
            n="o4672/0179-a-0490"
            ecep:lem="herb"
            ecep:pos="n2"
            ecep:reg="Herbs"
            ecep:spe="Herbs"
            ecep:syllab="1"
            ecep:pron="hɜːbz">Herbs</w>
         <c> </c>
         <w xml:id="o4672-230620"
            n="o4672/0179-a-0500"
            ecep:lem="apply"
            ecep:pos="vvn"
            ecep:reg="applied"
            ecep:spe="apply'd"
            ecep:syllab="2"
            ecep:pron="əˈplaɪd">apply'd</w>
         <pc xml:id="o4672-230630"
             n="o4672/0179-a-0510"
             ecep:lem=","
             ecep:pos=","
             ecep:reg=","
             ecep:spe=",">,</pc>
      </l>
      <l xml:id="o4672-l10570">
         <c> </c>
         <w xml:id="o4672-230640"
            n="o4672/0179-a-0520"
            ecep:lem="harmonious"
            ecep:pos="j"
            ecep:reg="Harmonious"
            ecep:spe="Harmonious"
            ecep:syllab="4"
            ecep:pron="hɑːˈməʊnɪəs">Harmonious</w>
         <c> </c>
         <w xml:id="o4672-230650"
            n="o4672/0179-a-0530"
            ecep:lem="sound"
            ecep:pos="vvz"
            ecep:reg="Sounds"
            ecep:spe="Sounds"
            ecep:syllab="1"
            ecep:pron="saʊndz">Sounds</w>
         <c> </c>
         <w xml:id="o4672-230660"
            n="o4672/0179-a-0540"
            ecep:lem="in"
            ecep:pos="p-acp"
            ecep:reg="in"
            ecep:spe="in"
            ecep:syllab="1"
            ecep:pron="ɪn">in</w>
         <c> </c>
         <w xml:id="o4672-230670"
            n="o4672/0179-a-0550"
            ecep:lem="vain"
            ecep:pos="j"
            ecep:reg="vain"
            ecep:spe="vain"
            ecep:syllab="1"
            ecep:pron="veɪn">vain</w>
         <c> </c>
         <w xml:id="o4672-230680"
            n="o4672/0179-a-0560"
            ecep:lem="have"
            ecep:pos="vhb"
            ecep:reg="have"
            ecep:spe="have"
            ecep:syllab="1"
            ecep:pron="hæv">have</w>
         <c> </c>
         <w xml:id="o4672-230690"
            n="o4672/0179-a-0570"
            ecep:lem="try"
            ecep:pos="vvn"
            ecep:reg="tried"
            ecep:spe="try'd"
            ecep:syllab="1"
            ecep:pron="traɪd">try'd</w>
      </l>
      <l xml:id="o4672-l10575">
         <c> </c>
         <w xml:id="o4672-230700"
            n="o4672/0179-a-0580"
            ecep:lem="to"
            ecep:pos="pc-acp"
            ecep:reg="To"
            ecep:spe="To"
            ecep:syllab="1"
            ecep:pron="tuː">To</w>
         <c> </c>
         <w xml:id="o4672-230710"
            n="o4672/0179-a-0590"
            ecep:lem="make"
            ecep:pos="vvi"
            ecep:reg="make"
            ecep:spe="make"
            ecep:syllab="1"
            ecep:pron="meɪk">make</w>
         <c> </c>
         <w xml:id="o4672-230720"
            n="o4672/0179-a-0600"
            ecep:lem="the"
            ecep:pos="dt"
            ecep:reg="the"
            ecep:spe="the"
            ecep:syllab="1"
            ecep:pron="ðə">the</w>
         <c> </c>
         <w xml:id="o4672-230730"
            n="o4672/0179-a-0610"
            ecep:lem="darkness"
            ecep:pos="n1"
            ecep:reg="Darkness"
            ecep:spe="Darkness"
            ecep:syllab="2"
            ecep:pron="ˈdɑːknɪs">Darkness</w>
         <c> </c>
         <w xml:id="o4672-230740"
            n="o4672/0179-a-0620"
            ecep:lem="fly"
            ecep:pos="vvi"
            ecep:reg="fly"
            ecep:spe="fly"
            ecep:syllab="1"
            ecep:pron="flaɪ">fly</w>
         <pc xml:id="o4672-230750"
             n="o4672/0179-a-0630"
             unit="sentence"
             ecep:lem="."
             ecep:pos="."
             ecep:reg="."
             ecep:spe=".">.</pc>
         <c> </c>
      </l>
      <l xml:id="o4672-l10580">
         <w xml:id="o4672-230760"
            n="o4672/0179-a-0640"
            ecep:lem="but"
            ecep:pos="p-acp"
            ecep:reg="But"
            ecep:spe="But"
            ecep:syllab="1"
            ecep:pron="bʌt">But</w>
         <c> </c>
         <w xml:id="o4672-230770"
            n="o4672/0179-a-0650"
            ecep:lem="drug"
            ecep:pos="n2"
            ecep:reg="Drugs"
            ecep:spe="Drugs"
            ecep:syllab="1"
            ecep:pron="drʌgz">Drugs</w>
         <c> </c>
         <w xml:id="o4672-230780"
            n="o4672/0179-a-0660"
            ecep:lem="will"
            ecep:pos="vmd"
            ecep:reg="would"
            ecep:spe="would"
            ecep:syllab="1"
            ecep:pron="wʊd">would</w>
         <c> </c>
         <w xml:id="o4672-230790"
            n="o4672/0179-a-0670"
            ecep:lem="raise"
            ecep:pos="vvi"
            ecep:reg="raise"
            ecep:spe="raise"
            ecep:syllab="1"
            ecep:pron="reɪz">raise</w>
         <c> </c>
         <w xml:id="o4672-230800"
            n="o4672/0179-a-0680"
            ecep:lem="the"
            ecep:pos="dt"
            ecep:reg="the"
            ecep:spe="the"
            ecep:syllab="1"
            ecep:pron="ðə">the</w>
         <c> </c>
         <w xml:id="o4672-230810"
            n="o4672/0179-a-0690"
            ecep:lem="dead"
            ecep:pos="j"
            ecep:reg="Dead"
            ecep:spe="Dead"
            ecep:syllab="1"
            ecep:pron="ded">Dead</w>
         <c> </c>
         <w xml:id="o4672-230820"
            n="o4672/0179-a-0700"
            ecep:lem="as"
            ecep:pos="c-acp"
            ecep:reg="as"
            ecep:spe="as"
            ecep:syllab="1"
            ecep:pron="æz">as</w>
         <c> </c>
         <w xml:id="o4672-230830"
            n="o4672/0179-a-0710"
            ecep:lem="soon"
            ecep:pos="av"
            ecep:reg="soon"
            ecep:spe="soon"
            ecep:syllab="1"
            ecep:pron="suːn">soon</w>
         <pc xml:id="o4672-230840"
             n="o4672/0179-a-0720"
             ecep:lem=","
             ecep:pos=","
             ecep:reg=","
             ecep:spe=",">,</pc>
      </l>
      <l xml:id="o4672-l10585">
         <c> </c>
         <w xml:id="o4672-230850"
            n="o4672/0179-a-0730"
            ecep:lem="or"
            ecep:pos="cc"
            ecep:reg="Or"
            ecep:spe="Or"
            ecep:syllab="1"
            ecep:pron="ɔː">Or</w>
         <c> </c>
         <w xml:id="o4672-230860"
            n="o4672/0179-a-0740"
            ecep:lem="clatter"
            ecep:pos="j-vvg"
            ecep:reg="clattering"
            ecep:spe="clatt'ring"
            ecep:syllab="2"
            ecep:pron="klˈætrɪŋ">clatt'ring</w>
         <c> </c>
         <w xml:id="o4672-230870"
            n="o4672/0179-a-0750"
            ecep:lem="brass"
            ecep:pos="n1"
            ecep:reg="Brass"
            ecep:spe="Brass"
            ecep:syllab="1"
            ecep:pron="brɑːs">Brass</w>
         <c> </c>
         <w xml:id="o4672-230880"
            n="o4672/0179-a-0760"
            ecep:lem="relieve"
            ecep:pos="vvi"
            ecep:reg="relieve"
            ecep:spe="relieve"
            ecep:syllab="2"
            ecep:pron="rɪˈliːv">relieve</w>
         <c> </c>
         <w xml:id="o4672-230890"
            n="o4672/0179-a-0770"
            ecep:lem="the"
            ecep:pos="dt"
            ecep:reg="the"
            ecep:spe="the"
            ecep:syllab="1"
            ecep:pron="ðə">the</w>
         <c> </c>
         <w xml:id="o4672-230900"
            n="o4672/0179-a-0780"
            ecep:lem="moon"
            ecep:pos="n1"
            ecep:reg="Moon"
            ecep:spe="Moon"
            ecep:syllab="1"
            ecep:pron="muːn">Moon</w>
         <pc xml:id="o4672-230910"
             n="o4672/0179-a-0790"
             ecep:lem=","
             ecep:pos=","
             ecep:reg=","
             ecep:spe=",">,</pc>
      </l>
      <l xml:id="o4672-l10590">
         <c> </c>
         <w xml:id="o4672-230920"
            n="o4672/0179-a-0800"
            ecep:lem="when"
            ecep:pos="c-crq"
            ecep:reg="When"
            ecep:spe="When"
            ecep:syllab="1"
            ecep:pron="wen">When</w>
         <c> </c>
         <w xml:id="o4672-230930"
            n="o4672/0179-a-0810"
            ecep:lem="faint"
            ecep:pos="vvg"
            ecep:reg="fainting"
            ecep:spe="fainting"
            ecep:syllab="2"
            ecep:pron="ˈfeɪntɪŋ">fainting</w>
         <c> </c>
         <w xml:id="o4672-230940"
            n="o4672/0179-a-0820"
            ecep:lem="in"
            ecep:pos="p-acp"
            ecep:reg="in"
            ecep:spe="in"
            ecep:syllab="1"
            ecep:pron="ɪn">in</w>
         <c> </c>
         <w xml:id="o4672-230950"
            n="o4672/0179-a-0830"
            ecep:lem="the"
            ecep:pos="dt"
            ecep:reg="the"
            ecep:spe="the"
            ecep:syllab="1"
            ecep:pron="ðə">the</w>
         <c> </c>
         <w xml:id="o4672-230960"
            n="o4672/0179-a-0840"
            ecep:lem="sky"
            ecep:pos="n1"
            ecep:reg="Sky"
            ecep:spe="Sky"
            ecep:syllab="1"
            ecep:pron="skaɪ">Sky</w>
         <pc xml:id="o4672-230970"
             n="o4672/0179-a-0850"
             unit="sentence"
             ecep:lem="."
             ecep:pos="."
             ecep:reg="."
             ecep:spe=".">.</pc>
         <c> </c>
      </l>
   </lg>
   <lg n="7" xml:id="o4672-s02185">
      <head>
         <w xml:id="o4672-231010"
            n="o4672/0179-a-0860"
            ecep:lem="vii"
            ecep:pos="crd"
            ecep:reg="VII"
            ecep:spe="VII"
            ecep:syllab="1"
            ecep:pron="rˌəʊmənsˈevən">VII</w>
         <pc xml:id="o4672-231020"
             n="o4672/0179-a-0870"
             unit="sentence"
             ecep:lem="."
             ecep:pos="."
             ecep:reg="."
             ecep:spe=".">.</pc>
      </head>
      <l xml:id="o4672-l10595">
         <w xml:id="o4672-231040"
            n="o4672/0179-a-0880"
            ecep:lem="some"
            ecep:pos="d"
            ecep:reg="Some"
            ecep:spe="Some"
            ecep:syllab="1"
            ecep:pron="sʌm">Some</w>
         <c> </c>
         <w xml:id="o4672-231050"
            n="o4672/0179-a-0890"
            ecep:lem="friendly"
            ecep:pos="j"
            ecep:reg="friendly"
            ecep:spe="friendly"
            ecep:syllab="2"
            ecep:pron="ˈfrendlɪ">friendly</w>
         <c> </c>
         <w xml:id="o4672-231060"
            n="o4672/0179-a-0900"
            ecep:lem="spirit"
            ecep:pos="n1"
            ecep:reg="Spirit"
            ecep:spe="Spirit"
            ecep:syllab="2"
            ecep:pron="ˈspɪrɪt">Spirit</w>
         <c> </c>
         <w xml:id="o4672-231070"
            n="o4672/0179-a-0910"
            ecep:lem="from"
            ecep:pos="p-acp"
            ecep:reg="from"
            ecep:spe="from"
            ecep:syllab="1"
            ecep:pron="frɒm">from</w>
         <c> </c>
         <w xml:id="o4672-231080"
            n="o4672/0179-a-0920"
            ecep:lem="above"
            ecep:pos="a-acp"
            ecep:reg="above"
            ecep:spe="above"
            ecep:syllab="2"
            ecep:pron="əˈbʌv">above</w>
         <pc xml:id="o4672-231090"
             n="o4672/0179-a-0930"
             ecep:lem=","
             ecep:pos=","
             ecep:reg=","
             ecep:spe=",">,</pc>
      </l>
      <l xml:id="o4672-l10600">
         <c> </c>
         <w xml:id="o4672-231100"
            n="o4672/0179-a-0940"
            ecep:lem="bear"
            ecep:pos="vvn"
            ecep:reg="Born"
            ecep:spe="Born"
            ecep:syllab="1"
            ecep:pron="bɔːn">Born</w>
         <c> </c>
         <w xml:id="o4672-231110"
            n="o4672/0179-a-0950"
            ecep:lem="of"
            ecep:pos="pp-f"
            ecep:reg="of"
            ecep:spe="of"
            ecep:syllab="1"
            ecep:pron="ɒv">of</w>
         <c> </c>
         <w xml:id="o4672-231120"
            n="o4672/0179-a-0960"
            ecep:lem="the"
            ecep:pos="dt"
            ecep:reg="the"
            ecep:spe="the"
            ecep:syllab="1"
            ecep:pron="ðə">the</w>
         <c> </c>
         <w xml:id="o4672-231130"
            n="o4672/0179-a-0970"
            ecep:lem="light"
            ecep:pos="n1"
            ecep:reg="Light"
            ecep:spe="Light"
            ecep:syllab="1"
            ecep:pron="laɪt">Light</w>
         <pc xml:id="o4672-231140"
             n="o4672/0179-a-0980"
             ecep:lem=","
             ecep:pos=","
             ecep:reg=","
             ecep:spe=",">,</pc>
         <c> </c>
         <w xml:id="o4672-231150"
            n="o4672/0179-a-0990"
            ecep:lem="and"
            ecep:pos="cc"
            ecep:reg="and"
            ecep:spe="and"
            ecep:syllab="1"
            ecep:pron="ænd">and</w>
         <c> </c>
         <w xml:id="o4672-231160"
            n="o4672/0179-a-1000"
            ecep:lem="nurse"
            ecep:pos="vvd"
            ecep:reg="nursed"
            ecep:spe="nurs't"
            ecep:syllab="1"
            ecep:pron="nˈɜːst">nurs't</w>
         <c> </c>
         <w xml:id="o4672-231170"
            n="o4672/0179-a-1010"
            ecep:lem="with"
            ecep:pos="p-acp"
            ecep:reg="with"
            ecep:spe="with"
            ecep:syllab="1"
            ecep:pron="wɪð">with</w>
         <c> </c>
         <w xml:id="o4672-231180"
            n="o4672/0179-a-1020"
            ecep:lem="love"
            ecep:pos="n1"
            ecep:reg="Love"
            ecep:spe="Love"
            ecep:syllab="1"
            ecep:pron="lʌv">Love</w>
         <pc xml:id="o4672-231190"
             n="o4672/0179-a-1030"
             ecep:lem=","
             ecep:pos=","
             ecep:reg=","
             ecep:spe=",">,</pc>
      </l>
      <l xml:id="o4672-l10605">
         <c> </c>
         <w xml:id="o4672-231200"
            n="o4672/0179-a-1040"
            ecep:lem="assist"
            ecep:pos="vvb"
            ecep:reg="Assist"
            ecep:spe="Assist"
            ecep:syllab="2"
            ecep:pron="əˈsɪst">Assist</w>
         <c> </c>
         <w xml:id="o4672-231210"
            n="o4672/0179-a-1050"
            ecep:lem="our"
            ecep:pos="po12"
            ecep:reg="our"
            ecep:spe="our"
            ecep:syllab="2"
            ecep:pron="aʊə">our</w>
         <c> </c>
         <w xml:id="o4672-231220"
            n="o4672/0179-a-1060"
            ecep:lem="feeble"
            ecep:pos="jc"
            ecep:reg="feebler"
            ecep:spe="feebler"
            ecep:syllab="2"
            ecep:pron="ˈfiːblə">feebler</w>
         <c> </c>
         <w xml:id="o4672-231230"
            n="o4672/0179-a-1070"
            ecep:lem="fire"
            ecep:pos="n2"
            ecep:reg="Fires"
            ecep:spe="Fires"
            ecep:syllab="2"
            ecep:pron="ˈfaɪəz">Fires</w>
         <pc xml:id="o4672-231240"
             n="o4672/0179-a-1080"
             ecep:lem=";"
             ecep:pos=";"
             ecep:reg=";"
             ecep:spe=";">;</pc>
      </l>
      <l xml:id="o4672-l10610">
         <c> </c>
         <w xml:id="o4672-231250"
            n="o4672/0179-a-1090"
            ecep:lem="force"
            ecep:pos="vvb"
            ecep:reg="Force"
            ecep:spe="Force"
            ecep:syllab="1"
            ecep:pron="fɔːs">Force</w>
         <c> </c>
         <w xml:id="o4672-231260"
            n="o4672/0179-a-1100"
            ecep:lem="these"
            ecep:pos="d"
            ecep:reg="these"
            ecep:spe="these"
            ecep:syllab="1"
            ecep:pron="ðiːz">these</w>
         <c> </c>
         <w xml:id="o4672-231270"
            n="o4672/0179-a-1110"
            ecep:lem="invade"
            ecep:pos="j-vvg"
            ecep:reg="Invading"
            ecep:spe="Invading"
            ecep:syllab="3"
            ecep:pron="ɪnˈveɪdɪŋ">Invading</w>
         <c> </c>
         <w xml:id="o4672-231280"
            n="o4672/0179-a-1120"
            ecep:lem="gloom"
            ecep:pos="n2"
            ecep:reg="Glooms"
            ecep:spe="Glooms"
            ecep:syllab="1"
            ecep:pron="gluːmz">Glooms</w>
         <c> </c>
         <w xml:id="o4672-231290"
            n="o4672/0179-a-1130"
            ecep:lem="away"
            ecep:pos="av"
            ecep:reg="away"
            ecep:spe="away"
            ecep:syllab="2"
            ecep:pron="əˈweɪ">away</w>
         <pc xml:id="o4672-231300"
             n="o4672/0179-a-1140"
             ecep:lem=";"
             ecep:pos=";"
             ecep:reg=";"
             ecep:spe=";">;</pc>
      </l>
      <l xml:id="o4672-l10615">
         <c> </c>
         <w xml:id="o4672-231310"
            n="o4672/0179-a-1150"
            ecep:lem="soul"
            ecep:pos="n2"
            ecep:reg="Souls"
            ecep:spe="Souls"
            ecep:syllab="1"
            ecep:pron="səʊlz">Souls</w>
         <c> </c>
         <w xml:id="o4672-231320"
            n="o4672/0179-a-1160"
            ecep:lem="shall"
            ecep:pos="vmd"
            ecep:reg="should"
            ecep:spe="should"
            ecep:syllab="1"
            ecep:pron="ʃʊd">should</w>
         <c> </c>
         <w xml:id="o4672-231330"
            n="o4672/0179-a-1170"
            ecep:lem="be"
            ecep:pos="vbi"
            ecep:reg="be"
            ecep:spe="be"
            ecep:syllab="1"
            ecep:pron="biː">be</w>
         <c> </c>
         <w xml:id="o4672-231340"
            n="o4672/0179-a-1180"
            ecep:lem="see"
            ecep:pos="vvn"
            ecep:reg="seen"
            ecep:spe="seen"
            ecep:syllab="1"
            ecep:pron="siːn">seen</w>
         <c> </c>
         <w xml:id="o4672-231350"
            n="o4672/0179-a-1190"
            ecep:lem="quite"
            ecep:pos="av"
            ecep:reg="quite"
            ecep:spe="quite"
            ecep:syllab="1"
            ecep:pron="kwaɪt">quite</w>
         <c> </c>
         <w xml:id="o4672-231360"
            n="o4672/0179-a-1200"
            ecep:lem="through"
            ecep:pos="p-acp"
            ecep:reg="through"
            ecep:spe="thro'"
            ecep:syllab="1"
            ecep:pron="θruː">thro'</w>
         <c> </c>
         <w xml:id="o4672-231370"
            n="o4672/0179-a-1210"
            ecep:lem="their"
            ecep:pos="po32"
            ecep:reg="their"
            ecep:spe="their"
            ecep:syllab="1"
            ecep:pron="ðeə">their</w>
         <c> </c>
         <w xml:id="o4672-231380"
            n="o4672/0179-a-1220"
            ecep:lem="clay"
            ecep:pos="n1"
            ecep:reg="Clay"
            ecep:spe="Clay"
            ecep:syllab="1"
            ecep:pron="kleɪ">Clay</w>
      </l>
      <l xml:id="o4672-l10620">
         <c> </c>
         <w xml:id="o4672-231390"
            n="o4672/0179-a-1230"
            ecep:lem="bright"
            ecep:pos="j"
            ecep:reg="Bright"
            ecep:spe="Bright"
            ecep:syllab="1"
            ecep:pron="braɪt">Bright</w>
         <c> </c>
         <w xml:id="o4672-231400"
            n="o4672/0179-a-1240"
            ecep:lem="as"
            ecep:pos="c-acp"
            ecep:reg="as"
            ecep:spe="as"
            ecep:syllab="1"
            ecep:pron="æz">as</w>
         <c> </c>
         <w xml:id="o4672-231410"
            n="o4672/0179-a-1250"
            ecep:lem="your"
            ecep:pos="po22"
            ecep:reg="your"
            ecep:spe="your"
            ecep:syllab="1"
            ecep:pron="jɔː">your</w>
         <c> </c>
         <w xml:id="o4672-231420"
            n="o4672/0179-a-1260"
            ecep:lem="heavenly"
            ecep:pos="j"
            ecep:reg="Heavenly"
            ecep:spe="Heavenly"
            ecep:syllab="3"
            ecep:pron="ˈhevnlɪ">Heavenly</w>
         <c> </c>
         <w xml:id="o4672-231430"
            n="o4672/0179-a-1270"
            ecep:lem="choirs"
            ecep:pos="fw-fr"
            ecep:reg="Choirs"
            ecep:spe="Choirs"
            ecep:syllab="1"
            ecep:pron="ˈkwaɪəz">Choirs</w>
         <pc xml:id="o4672-231440"
             n="o4672/0179-a-1280"
             unit="sentence"
             ecep:lem="."
             ecep:pos="."
             ecep:reg="."
             ecep:spe=".">.</pc>
         <c> </c>
      </l>
   </lg>
   <pb facs="o4672/0180" n="161" rend="none"/>
   <lg n="8" xml:id="o4672-s02190">
      <head>
         <w xml:id="o4672-231480"
            n="o4672/0180-a-0010"
            ecep:lem="viii"
            ecep:pos="crd"
            ecep:reg="VIII"
            ecep:spe="VIII"
            ecep:syllab="1"
            ecep:pron="rˌəʊmənˈeɪt">VIII</w>
         <pc xml:id="o4672-231490"
             n="o4672/0180-a-0020"
             unit="sentence"
             ecep:lem="."
             ecep:pos="."
             ecep:reg="."
             ecep:spe=".">.</pc>
      </head>
      <l xml:id="o4672-l10625">
         <w xml:id="o4672-231510"
            n="o4672/0180-a-0030"
            ecep:lem="but"
            ecep:pos="p-acp"
            ecep:reg="But"
            ecep:spe="But"
            ecep:syllab="1"
            ecep:pron="bʌt">But</w>
         <c> </c>
         <w xml:id="o4672-231520"
            n="o4672/0180-a-0040"
            ecep:lem="if"
            ecep:pos="cs"
            ecep:reg="if"
            ecep:spe="if"
            ecep:syllab="1"
            ecep:pron="ɪf">if</w>
         <c> </c>
         <w xml:id="o4672-231530"
            n="o4672/0180-a-0050"
            ecep:lem="the"
            ecep:pos="dt"
            ecep:reg="the"
            ecep:spe="the"
            ecep:syllab="1"
            ecep:pron="ðə">the</w>
         <c> </c>
         <w xml:id="o4672-231540"
            n="o4672/0180-a-0060"
            ecep:lem="fog"
            ecep:pos="n2"
            ecep:reg="Fogs"
            ecep:spe="Fogs"
            ecep:syllab="1"
            ecep:pron="fɒgz">Fogs</w>
         <c> </c>
         <w xml:id="o4672-231550"
            n="o4672/0180-a-0070"
            ecep:lem="must"
            ecep:pos="vmb"
            ecep:reg="must"
            ecep:spe="must"
            ecep:syllab="1"
            ecep:pron="mʌst">must</w>
         <c> </c>
         <w xml:id="o4672-231560"
            n="o4672/0180-a-0080"
            ecep:lem="damp"
            ecep:pos="n-jn"
            ecep:reg="damp"
            ecep:spe="damp"
            ecep:syllab="1"
            ecep:pron="dæmp">damp</w>
         <c> </c>
         <w xml:id="o4672-231570"
            n="o4672/0180-a-0090"
            ecep:lem="the"
            ecep:pos="dt"
            ecep:reg="the"
            ecep:spe="the"
            ecep:syllab="1"
            ecep:pron="ðə">the</w>
         <c> </c>
         <w xml:id="o4672-231580"
            n="o4672/0180-a-0100"
            ecep:lem="flame"
            ecep:pos="n1"
            ecep:reg="Flame"
            ecep:spe="Flame"
            ecep:syllab="1"
            ecep:pron="fleɪm">Flame</w>
         <pc xml:id="o4672-231590"
             n="o4672/0180-a-0110"
             ecep:lem=","
             ecep:pos=","
             ecep:reg=","
             ecep:spe=",">,</pc>
      </l>
      <l xml:id="o4672-l10630">
         <c> </c>
         <w xml:id="o4672-231600"
            n="o4672/0180-a-0120"
            ecep:lem="gentle"
            ecep:pos="av-jn"
            ecep:reg="Gently"
            ecep:spe="Gently"
            ecep:syllab="2"
            ecep:pron="ˈdʒentlɪ">Gently</w>
         <pc xml:id="o4672-231610"
             n="o4672/0180-a-0130"
             ecep:lem=","
             ecep:pos=","
             ecep:reg=","
             ecep:spe=",">,</pc>
         <c> </c>
         <w xml:id="o4672-231620"
            n="o4672/0180-a-0140"
            ecep:lem="kind"
            ecep:pos="j"
            ecep:reg="kind"
            ecep:spe="kind"
            ecep:syllab="1"
            ecep:pron="kaɪnd">kind</w>
         <c> </c>
         <w xml:id="o4672-231630"
            n="o4672/0180-a-0150"
            ecep:lem="death"
            ecep:pos="n1"
            ecep:reg="Death"
            ecep:spe="Death"
            ecep:syllab="1"
            ecep:pron="deθ">Death</w>
         <pc xml:id="o4672-231640"
             n="o4672/0180-a-0160"
             ecep:lem=","
             ecep:pos=","
             ecep:reg=","
             ecep:spe=",">,</pc>
         <c> </c>
         <w xml:id="o4672-231650"
            n="o4672/0180-a-0170"
            ecep:lem="dissolve"
            ecep:pos="vvb"
            ecep:reg="dissolve"
            ecep:spe="dissolve"
            ecep:syllab="2"
            ecep:pron="dɪˈzɒlv">dissolve</w>
         <c> </c>
         <w xml:id="o4672-231660"
            n="o4672/0180-a-0180"
            ecep:lem="our"
            ecep:pos="po12"
            ecep:reg="our"
            ecep:spe="our"
            ecep:syllab="2"
            ecep:pron="aʊə">our</w>
         <c> </c>
         <w xml:id="o4672-231670"
            n="o4672/0180-a-0190"
            ecep:lem="frame"
            ecep:pos="n1"
            ecep:reg="Frame"
            ecep:spe="Frame"
            ecep:syllab="1"
            ecep:pron="freɪm">Frame</w>
         <pc xml:id="o4672-231680"
             n="o4672/0180-a-0200"
             ecep:lem=","
             ecep:pos=","
             ecep:reg=","
             ecep:spe=",">,</pc>
      </l>
      <l xml:id="o4672-l10635">
         <c> </c>
         <w xml:id="o4672-231690"
            n="o4672/0180-a-0210"
            ecep:lem="release"
            ecep:pos="vvb"
            ecep:reg="Release"
            ecep:spe="Release"
            ecep:syllab="2"
            ecep:pron="rɪˈliːs">Release</w>
         <c> </c>
         <w xml:id="o4672-231700"
            n="o4672/0180-a-0220"
            ecep:lem="the"
            ecep:pos="dt"
            ecep:reg="the"
            ecep:spe="the"
            ecep:syllab="1"
            ecep:pron="ðə">the</w>
         <c> </c>
         <w xml:id="o4672-231710"
            n="o4672/0180-a-0230"
            ecep:lem="prisoner-mind"
            ecep:pos="n1"
            ecep:reg="Prisoner-Mind"
            ecep:spe="Prisoner-Mind"
            ecep:syllab="4"
            ecep:pron="ˈprɪzənəˌmaɪnd">Prisoner-Mind</w>
         <pc xml:id="o4672-231720"
             n="o4672/0180-a-0240"
             ecep:lem=":"
             ecep:pos=":"
             ecep:reg=":"
             ecep:spe=":">:</pc>
      </l>
      <l xml:id="o4672-l10640">
         <c> </c>
         <w xml:id="o4672-231730"
            n="o4672/0180-a-0250"
            ecep:lem="our"
            ecep:pos="po12"
            ecep:reg="Our"
            ecep:spe="Our"
            ecep:syllab="2"
            ecep:pron="aʊə">Our</w>
         <c> </c>
         <w xml:id="o4672-231740"
            n="o4672/0180-a-0260"
            ecep:lem="soul"
            ecep:pos="n2"
            ecep:reg="Souls"
            ecep:spe="Souls"
            ecep:syllab="1"
            ecep:pron="səʊlz">Souls</w>
         <c> </c>
         <w xml:id="o4672-231750"
            n="o4672/0180-a-0270"
            ecep:lem="shall"
            ecep:pos="vmb"
            ecep:reg="shall"
            ecep:spe="shall"
            ecep:syllab="1"
            ecep:pron="ʃæl">shall</w>
         <c> </c>
         <w xml:id="o4672-231760"
            n="o4672/0180-a-0280"
            ecep:lem="mount"
            ecep:pos="vvi"
            ecep:reg="mount"
            ecep:spe="mount"
            ecep:syllab="1"
            ecep:pron="maʊnt">mount</w>
         <c> </c>
         <w xml:id="o4672-231770"
            n="o4672/0180-a-0290"
            ecep:lem="at"
            ecep:pos="p-acp"
            ecep:reg="at"
            ecep:spe="at"
            ecep:syllab="1"
            ecep:pron="æt">at</w>
         <c> </c>
         <w xml:id="o4672-231780"
            n="o4672/0180-a-0300"
            ecep:lem="thy"
            ecep:pos="po21"
            ecep:reg="thy"
            ecep:spe="thy"
            ecep:syllab="1"
            ecep:pron="ðaɪ">thy</w>
         <c> </c>
         <w xml:id="o4672-231790"
            n="o4672/0180-a-0310"
            ecep:lem="discharge"
            ecep:pos="n1"
            ecep:reg="Discharge"
            ecep:spe="Discharge"
            ecep:syllab="2"
            ecep:pron="dɪsˈtʃɑːdʒ">Discharge</w>
      </l>
      <l xml:id="o4672-l10645">
         <c> </c>
         <w xml:id="o4672-231800"
            n="o4672/0180-a-0320"
            ecep:lem="to"
            ecep:pos="p-acp"
            ecep:reg="To"
            ecep:spe="To"
            ecep:syllab="1"
            ecep:pron="tuː">To</w>
         <c> </c>
         <w xml:id="o4672-231810"
            n="o4672/0180-a-0330"
            ecep:lem="their"
            ecep:pos="po32"
            ecep:reg="their"
            ecep:spe="their"
            ecep:syllab="1"
            ecep:pron="ðeə">their</w>
         <c> </c>
         <w xml:id="o4672-231820"
            n="o4672/0180-a-0340"
            ecep:lem="bright"
            ecep:pos="j"
            ecep:reg="bright"
            ecep:spe="bright"
            ecep:syllab="1"
            ecep:pron="braɪt">bright</w>
         <c> </c>
         <w xml:id="o4672-231830"
            n="o4672/0180-a-0350"
            ecep:lem="source"
            ecep:pos="n1"
            ecep:reg="Source"
            ecep:spe="Source"
            ecep:syllab="1"
            ecep:pron="sɔːs">Source</w>
         <pc xml:id="o4672-231840"
             n="o4672/0180-a-0360"
             ecep:lem=","
             ecep:pos=","
             ecep:reg=","
             ecep:spe=",">,</pc>
         <c> </c>
         <w xml:id="o4672-231850"
            n="o4672/0180-a-0370"
            ecep:lem="and"
            ecep:pos="cc"
            ecep:reg="and"
            ecep:spe="and"
            ecep:syllab="1"
            ecep:pron="ænd">and</w>
         <c> </c>
         <w xml:id="o4672-231860"
            n="o4672/0180-a-0380"
            ecep:lem="shine"
            ecep:pos="vvi"
            ecep:reg="shine"
            ecep:spe="shine"
            ecep:syllab="1"
            ecep:pron="ʃaɪn">shine</w>
         <c> </c>
         <w xml:id="o4672-231870"
            n="o4672/0180-a-0390"
            ecep:lem="at"
            ecep:pos="p-acp"
            ecep:reg="at"
            ecep:spe="at"
            ecep:syllab="1"
            ecep:pron="æt">at</w>
         <c> </c>
         <w xml:id="o4672-231880"
            n="o4672/0180-a-0400"
            ecep:lem="large"
            ecep:pos="j"
            ecep:reg="large"
            ecep:spe="large"
            ecep:syllab="1"
            ecep:pron="lɑːdʒ">large</w>
      </l>
      <l xml:id="o4672-l10650">
         <c> </c>
         <w xml:id="o4672-231890"
            n="o4672/0180-a-0410"
            ecep:lem="nor"
            ecep:pos="ccx"
            ecep:reg="Nor"
            ecep:spe="Nor"
            ecep:syllab="1"
            ecep:pron="nɔː">Nor</w>
         <c> </c>
         <w xml:id="o4672-231900"
            n="o4672/0180-a-0420"
            ecep:lem="cloud"
            ecep:pos="vvn"
            ecep:reg="clouded"
            ecep:spe="clouded"
            ecep:syllab="2"
            ecep:pron="ˈklaʊdɪd">clouded</w>
         <pc xml:id="o4672-231910"
             n="o4672/0180-a-0430"
             ecep:lem=","
             ecep:pos=","
             ecep:reg=","
             ecep:spe=",">,</pc>
         <c> </c>
         <w xml:id="o4672-231920"
            n="o4672/0180-a-0440"
            ecep:lem="nor"
            ecep:pos="ccx"
            ecep:reg="nor"
            ecep:spe="nor"
            ecep:syllab="1"
            ecep:pron="nɔː">nor</w>
         <c> </c>
         <w xml:id="o4672-231930"
            n="o4672/0180-a-0450"
            ecep:lem="confine"
            ecep:pos="vvd"
            ecep:reg="confined"
            ecep:spe="confin'd"
            ecep:syllab="2"
            ecep:pron="kənˈfaɪnd">confin'd</w>
         <pc xml:id="o4672-231940"
             n="o4672/0180-a-0460"
             unit="sentence"
             ecep:lem="."
             ecep:pos="."
             ecep:reg="."
             ecep:spe=".">.</pc>
         <c> </c>
      </l>
   </lg>
</div>
