<?xml version="1.0" encoding="UTF-8"?>
<?xml-model href="../tei_all.rnc" type="application/relax-ng-compact-syntax"?>
<TEI xmlns="http://www.tei-c.org/ns/1.0">
   <teiHeader>
      <fileDesc>
         <titleStmt>
            <title corresp="#txt_TateNa1652_w0035">[Martial] Lib. 1. Epigr. IX.</title>
            <author corresp="authors.xml#aut_TateNa1652">Nahum Tate</author>
            <respStmt>
               <name xml:id="AH">Alexander Huber</name>
               <resp>Editor</resp>
            </respStmt>
            <funder>
               <name type="institution" xml:id="BOD">Bodleian Libraries, University of Oxford</name>
               <address>
                  <addrLine>Broad Street</addrLine>
                  <addrLine>Oxford OX1 3BG</addrLine>
                  <addrLine>UK</addrLine>
               </address>
            </funder>
         </titleStmt>
         <publicationStmt>
            <publisher xml:id="ECPA">Eighteenth-Century Poetry Archive</publisher>
            <address>
               <addrLine>Taylor Institution Library</addrLine>
               <addrLine>St Giles'</addrLine>
               <addrLine>Oxford OX1 3NA</addrLine>
               <addrLine>UK</addrLine>
               <addrLine>
                  <email>info@eighteenthcenturypoetry.org</email>
               </addrLine>
               <addrLine>
                  <ref target="https://www.eighteenthcenturypoetry.org/">https://www.eighteenthcenturypoetry.org/</ref>
               </addrLine>
            </address>
            <pubPlace>Oxford</pubPlace>
            <availability status="restricted">
               <licence target="http://creativecommons.org/licenses/by-sa/3.0/">This work is licensed under a Creative Commons Attribution-ShareAlike 3.0 Unported License.</licence>
            </availability>
         </publicationStmt>
         <sourceDesc>
            <bibl>
               <author>Tate, Nahum, c. 1652-1715.</author>
               <title>Poems by N. Tate.</title>
               <pubPlace>London</pubPlace>
               <publisher>Printed by T.M. for Benj. Tooke ...</publisher>
               <date>1677</date>
               <biblScope>pp. 81-82.</biblScope>
               <extent>[15],133p.</extent>
            </bibl>
         </sourceDesc>
      </fileDesc>
      <encodingDesc>
         <projectDesc>
            <p>This e-text is part of the Works section of the Eighteenth-Century Poetry Archive (ECPA).</p>
            <p>XML created for the Eighteenth-Century Poetry Archive (ECPA).</p>
         </projectDesc>
         <editorialDecl>
            <p>Typography, spelling, capitalization, and punctuation have been cautiously modernized. The source of the text is given and all significant
						editorial interventions have been recorded in textual notes. This  text has been edited to conform to the recommendations found 
						in Level 5 of the
						Best Practices for TEI in Libraries version 4.0.0.
					</p>
         </editorialDecl>
         <classDecl>
            <taxonomy xml:id="LCNAF">
               <bibl>Library of Congress Name Authority File (<abbr>LCNAF</abbr>)</bibl>
            </taxonomy>
         </classDecl>
         <tagsDecl>
            <rendition n="linegroups indented" xml:id="lgindent" scheme="css">text-indent: 1em;</rendition>
            <rendition n="linegroups vertically spaced" xml:id="lgvspace" scheme="css">margin-bottom: 1em;</rendition>
            <rendition n="aligned centrally" xml:id="align-center" scheme="css">text-align: center;</rendition>
            <rendition n="aligned right" xml:id="align-right" scheme="css">text-align: right;</rendition>
            <rendition n="aligned left" xml:id="align-left" scheme="css">text-align: left;</rendition>
            <rendition n="inline" xml:id="inline" scheme="css">display: inline</rendition>
            <rendition n="italic" xml:id="i" scheme="css">font-style: italic;</rendition>
            <rendition n="bold" xml:id="b" scheme="css">font-weight: bold;</rendition>
         </tagsDecl>
      </encodingDesc>
   </teiHeader>
   <text>
      <body>
         <div xmlns:ecep="http://www.eighteenthcenturypoetry.org/ns"
              xmlns:tei="http://www.tei-c.org/ns/1.0"
              ana="#pentameter #invariable #iamb #couplet #pair #epigram"
              corresp="#txt_TateNa1652_w0035"
              decls="#semi-normalized"
              ecep:syllab="10"
              met="-+|-+|-+|-+|-+/"
              rendition="#lgvspace"
              rhyme="aa"
              subtype="eceptext"
              type="epigram"
              xml:id="oat77-w0350">
            <link target="authors.xml#aut_TateNa1652" type="author"/>
            <head type="main">
               <pc xml:id="oat77-114280"
                   n="oat77/0095-a-0820"
                   ecep:lem="["
                   ecep:pos="["
                   ecep:reg="["
                   ecep:spe="[">[</pc>
               <w xml:id="oat77-114290"
                  n="oat77/0095-a-0830"
                  ecep:lem="martial"
                  ecep:pos="j"
                  ecep:reg="Martial"
                  ecep:spe="Martial"
                  ecep:syllab="2"
                  ecep:pron="ˈmɑːʃl">Martial</w>
               <pc xml:id="oat77-114300"
                   n="oat77/0095-a-0840"
                   ecep:lem="]"
                   ecep:pos="]"
                   ecep:reg="]"
                   ecep:spe="]">]</pc>
               <c> </c>
               <w xml:id="oat77-114310"
                  n="oat77/0095-a-0850"
                  ecep:lem="Lib."
                  ecep:pos="np1"
                  ecep:reg="Lib."
                  ecep:spe="Lib."
                  ecep:syllab="1"
                  ecep:pron="lˈɪb">Lib.</w>
               <c> </c>
               <w xml:id="oat77-114320"
                  n="oat77/0095-a-0860"
                  ecep:lem="1."
                  ecep:pos="crd"
                  ecep:reg="1."
                  ecep:spe="1."
                  ecep:syllab="1"
                  ecep:pron="wˈɒn">1.</w>
               <pc unit="sentence" xml:id="oat77-114320-eos" n="oat77/0095-a-0870"/>
               <c> </c>
               <w xml:id="oat77-114330"
                  n="oat77/0095-a-0880"
                  ecep:lem="Epigr."
                  ecep:pos="np1"
                  ecep:reg="Epigr."
                  ecep:spe="Epigr."
                  ecep:syllab="2"
                  ecep:pron="ˈepɪgə">Epigr.</w>
               <c> </c>
               <w xml:id="oat77-114340"
                  n="oat77/0095-a-0890"
                  ecep:lem="ix"
                  ecep:pos="crd"
                  ecep:reg="IX"
                  ecep:spe="IX"
                  ecep:syllab="1"
                  ecep:pron="rˌəʊmənnˈaɪn">IX</w>
               <pc xml:id="oat77-114350"
                   n="oat77/0095-a-0900"
                   unit="sentence"
                   ecep:lem="."
                   ecep:pos="."
                   ecep:reg="."
                   ecep:spe=".">.</pc>
            </head>
            <lg xml:id="oat77-s00605">
               <l xml:id="oat77-l06170">
                  <w xml:id="oat77-114380"
                     n="oat77/0095-a-0910"
                     ecep:lem="from"
                     ecep:pos="p-acp"
                     ecep:reg="FRom"
                     ecep:spe="FRom"
                     ecep:syllab="1"
                     ecep:pron="frɒm">FRom</w>
                  <c> </c>
                  <w xml:id="oat77-114390"
                     n="oat77/0095-a-0920"
                     ecep:lem="needless"
                     ecep:pos="j"
                     ecep:reg="needless"
                     ecep:spe="needless"
                     ecep:syllab="2"
                     ecep:pron="ˈniːdləs">needless</w>
                  <c> </c>
                  <w xml:id="oat77-114400"
                     n="oat77/0095-a-0930"
                     ecep:lem="danger"
                     ecep:pos="n2"
                     ecep:reg="dangers"
                     ecep:spe="dangers"
                     ecep:syllab="2"
                     ecep:pron="ˈdeɪndʒəz">dangers</w>
                  <c> </c>
                  <w xml:id="oat77-114410"
                     n="oat77/0095-a-0940"
                     ecep:lem="timely"
                     ecep:pos="j"
                     ecep:reg="timely"
                     ecep:spe="timely"
                     ecep:syllab="2"
                     ecep:pron="ˈtaɪmli">timely</w>
                  <c> </c>
                  <w xml:id="oat77-114420"
                     n="oat77/0095-a-0950"
                     ecep:lem="to"
                     ecep:pos="pc-acp"
                     ecep:reg="to"
                     ecep:spe="to"
                     ecep:syllab="1"
                     ecep:pron="tuː">to</w>
                  <c> </c>
                  <w xml:id="oat77-114430"
                     n="oat77/0095-a-0960"
                     ecep:lem="retreat"
                     ecep:pos="vvi"
                     ecep:reg="Retreat"
                     ecep:spe="Retreat"
                     ecep:syllab="2"
                     ecep:pron="rɪˈtriːt">Retreat</w>
                  <pc xml:id="oat77-114440"
                      n="oat77/0095-a-0970"
                      ecep:lem=","
                      ecep:pos=","
                      ecep:reg=","
                      ecep:spe=",">,</pc>
               </l>
               <l xml:id="oat77-l06175">
                  <w xml:id="oat77-114450"
                     n="oat77/0095-a-0980"
                     ecep:lem="speak"
                     ecep:pos="vvz"
                     ecep:reg="Speaks"
                     ecep:spe="Speaks"
                     ecep:syllab="1"
                     ecep:pron="spiːks">Speaks</w>
                  <c> </c>
                  <w xml:id="oat77-114460"
                     n="oat77/0095-a-0990"
                     ecep:lem="not"
                     ecep:pos="xx"
                     ecep:reg="not"
                     ecep:spe="not"
                     ecep:syllab="1"
                     ecep:pron="nɒt">not</w>
                  <c> </c>
                  <w xml:id="oat77-114470"
                     n="oat77/0095-a-1000"
                     ecep:lem="our"
                     ecep:pos="po12"
                     ecep:reg="our"
                     ecep:spe="our"
                     ecep:syllab="1"
                     ecep:pron="æə">our</w>
                  <c> </c>
                  <w xml:id="oat77-114480"
                     n="oat77/0095-a-1010"
                     ecep:lem="courage"
                     ecep:pos="n1"
                     ecep:reg="Courage"
                     ecep:spe="Courage"
                     ecep:syllab="2"
                     ecep:pron="ˈkʌrɪdʒ">Courage</w>
                  <c> </c>
                  <w xml:id="oat77-114490"
                     n="oat77/0095-a-1020"
                     ecep:lem="small"
                     ecep:pos="j"
                     ecep:reg="small"
                     ecep:spe="small"
                     ecep:syllab="1"
                     ecep:pron="smɔːl">small</w>
                  <pc xml:id="oat77-114500"
                      n="oat77/0095-a-1030"
                      ecep:lem=","
                      ecep:pos=","
                      ecep:reg=","
                      ecep:spe=",">,</pc>
                  <c> </c>
                  <w xml:id="oat77-114510"
                     n="oat77/0095-a-1040"
                     ecep:lem="but"
                     ecep:pos="cc-acp"
                     ecep:reg="but"
                     ecep:spe="but"
                     ecep:syllab="1"
                     ecep:pron="bʌt">but</w>
                  <c> </c>
                  <w xml:id="oat77-114520"
                     n="oat77/0095-a-1050"
                     ecep:lem="prudence"
                     ecep:pos="n1"
                     ecep:reg="Prudence"
                     ecep:spe="Prudence"
                     ecep:syllab="2"
                     ecep:pron="ˈpruːdns">Prudence</w>
                  <c> </c>
                  <w xml:id="oat77-114530"
                     n="oat77/0095-a-1060"
                     ecep:lem="great"
                     ecep:pos="j"
                     ecep:reg="Great"
                     ecep:spe="Great"
                     ecep:syllab="1"
                     ecep:pron="greɪt">Great</w>
                  <pc xml:id="oat77-114540"
                      n="oat77/0095-a-1070"
                      unit="sentence"
                      ecep:lem="."
                      ecep:pos="."
                      ecep:reg="."
                      ecep:spe=".">.</pc>
               </l>
               <pb facs="oat77/0096" n="82" rend="none"/>
               <l xml:id="oat77-l06180">
                  <w xml:id="oat77-114550"
                     n="oat77/0096-a-0010"
                     ecep:lem="thus"
                     ecep:pos="av"
                     ecep:reg="Thus"
                     ecep:spe="Thus"
                     ecep:syllab="1"
                     ecep:pron="ðʌs">Thus</w>
                  <c> </c>
                  <hi>
                     <w xml:id="oat77-114560"
                        n="oat77/0096-a-0020"
                        ecep:lem="Cato"
                        ecep:pos="np1"
                        ecep:reg="Cato"
                        ecep:spe="Cato"
                        ecep:syllab="2"
                        ecep:pron="ˈkeɪtəʊ">Cato</w>
                  </hi>
                  <c> </c>
                  <w xml:id="oat77-114570"
                     n="oat77/0096-a-0030"
                     ecep:lem="still"
                     ecep:pos="av"
                     ecep:reg="still"
                     ecep:spe="still"
                     ecep:syllab="1"
                     ecep:pron="stɪl">still</w>
                  <c> </c>
                  <w xml:id="oat77-114580"
                     n="oat77/0096-a-0040"
                     ecep:lem="be"
                     ecep:pos="vbds"
                     ecep:reg="was"
                     ecep:spe="was"
                     ecep:syllab="1"
                     ecep:pron="wɒz">was</w>
                  <c> </c>
                  <w xml:id="oat77-114590"
                     n="oat77/0096-a-0050"
                     ecep:lem="foremost"
                     ecep:pos="js"
                     ecep:reg="foremost"
                     ecep:spe="foremost"
                     ecep:syllab="2"
                     ecep:pron="ˈfɔːməʊst">foremost</w>
                  <c> </c>
                  <w xml:id="oat77-114600"
                     n="oat77/0096-a-0060"
                     ecep:lem="in"
                     ecep:pos="p-acp"
                     ecep:reg="in"
                     ecep:spe="in"
                     ecep:syllab="1"
                     ecep:pron="ɪn">in</w>
                  <c> </c>
                  <w xml:id="oat77-114610"
                     n="oat77/0096-a-0070"
                     ecep:lem="the"
                     ecep:pos="dt"
                     ecep:reg="the"
                     ecep:spe="the"
                     ecep:syllab="1"
                     ecep:pron="ðiː">the</w>
                  <c> </c>
                  <w xml:id="oat77-114620"
                     n="oat77/0096-a-0080"
                     ecep:lem="fight"
                     ecep:pos="n1"
                     ecep:reg="Fight"
                     ecep:spe="Fight"
                     ecep:syllab="1"
                     ecep:pron="faɪt">Fight</w>
                  <pc xml:id="oat77-114630"
                      n="oat77/0096-a-0090"
                      ecep:lem=","
                      ecep:pos=","
                      ecep:reg=","
                      ecep:spe=",">,</pc>
               </l>
               <l xml:id="oat77-l06185">
                  <w xml:id="oat77-114640"
                     n="oat77/0096-a-0100"
                     ecep:lem="while"
                     ecep:pos="cs"
                     ecep:reg="While"
                     ecep:spe="Whilst"
                     ecep:syllab="1"
                     ecep:pron="waɪlst">Whilst</w>
                  <c> </c>
                  <w xml:id="oat77-114650"
                     n="oat77/0096-a-0110"
                     ecep:lem="victory"
                     ecep:pos="n1"
                     ecep:reg="Victory"
                     ecep:spe="Vict'ry"
                     ecep:syllab="2"
                     ecep:pron="vˈɪktri">Vict'ry</w>
                  <c> </c>
                  <pc xml:id="oat77-114660"
                      n="oat77/0096-a-0120"
                      ecep:lem="("
                      ecep:pos="("
                      ecep:reg="("
                      ecep:spe="(">(</pc>
                  <w xml:id="oat77-114670"
                     n="oat77/0096-a-0130"
                     ecep:lem="though"
                     ecep:pos="c-acp"
                     ecep:reg="though"
                     ecep:spe="tho"
                     ecep:syllab="1"
                     ecep:pron="ðəʊ">tho</w>
                  <c> </c>
                  <w xml:id="oat77-114680"
                     n="oat77/0096-a-0140"
                     ecep:lem="at"
                     ecep:pos="p-acp"
                     ecep:reg="at"
                     ecep:spe="at"
                     ecep:syllab="1"
                     ecep:pron="æt">at</w>
                  <c> </c>
                  <w xml:id="oat77-114690"
                     n="oat77/0096-a-0150"
                     ecep:lem="distance"
                     ecep:pos="n1"
                     ecep:reg="distance"
                     ecep:spe="distance"
                     ecep:syllab="2"
                     ecep:pron="ˈdɪstns">distance</w>
                  <pc xml:id="oat77-114700"
                      n="oat77/0096-a-0160"
                      ecep:lem=")"
                      ecep:pos=")"
                      ecep:reg=")"
                      ecep:spe=")">)</pc>
                  <c> </c>
                  <w xml:id="oat77-114710"
                     n="oat77/0096-a-0170"
                     ecep:lem="be"
                     ecep:pos="vbds"
                     ecep:reg="was"
                     ecep:spe="was"
                     ecep:syllab="1"
                     ecep:pron="wɒz">was</w>
                  <c> </c>
                  <w xml:id="oat77-114720"
                     n="oat77/0096-a-0180"
                     ecep:lem="in"
                     ecep:pos="p-acp"
                     ecep:reg="in"
                     ecep:spe="in"
                     ecep:syllab="1"
                     ecep:pron="ɪn">in</w>
                  <c> </c>
                  <w xml:id="oat77-114730"
                     n="oat77/0096-a-0190"
                     ecep:lem="fight"
                     ecep:pos="n1"
                     ecep:reg="fight"
                     ecep:spe="fight"
                     ecep:syllab="1"
                     ecep:pron="faɪt">fight</w>
                  <pc xml:id="oat77-114740"
                      n="oat77/0096-a-0200"
                      ecep:lem=";"
                      ecep:pos=";"
                      ecep:reg=";"
                      ecep:spe=";">;</pc>
               </l>
               <l xml:id="oat77-l06190">
                  <w xml:id="oat77-114750"
                     n="oat77/0096-a-0210"
                     ecep:lem="yet"
                     ecep:pos="av"
                     ecep:reg="Yet"
                     ecep:spe="Yet"
                     ecep:syllab="1"
                     ecep:pron="jet">Yet</w>
                  <c> </c>
                  <w xml:id="oat77-114760"
                     n="oat77/0096-a-0220"
                     ecep:lem="oft"
                     ecep:pos="av"
                     ecep:reg="oft"
                     ecep:spe="oft"
                     ecep:syllab="1"
                     ecep:pron="ɒft">oft</w>
                  <c> </c>
                  <w xml:id="oat77-114770"
                     n="oat77/0096-a-0230"
                     ecep:lem="the"
                     ecep:pos="dt"
                     ecep:reg="the"
                     ecep:spe="the"
                     ecep:syllab="1"
                     ecep:pron="ðiː">the</w>
                  <c> </c>
                  <w xml:id="oat77-114780"
                     n="oat77/0096-a-0240"
                     ecep:lem="unequal"
                     ecep:pos="j"
                     ecep:reg="Unequal"
                     ecep:spe="Unequal"
                     ecep:syllab="3"
                     ecep:pron="ʌnˈiːkwl">Unequal</w>
                  <c> </c>
                  <w xml:id="oat77-114790"
                     n="oat77/0096-a-0250"
                     ecep:lem="battle"
                     ecep:pos="n1"
                     ecep:reg="Battle"
                     ecep:spe="Battel"
                     ecep:syllab="2"
                     ecep:pron="ˈbætl">Battel</w>
                  <c> </c>
                  <w xml:id="oat77-114800"
                     n="oat77/0096-a-0260"
                     ecep:lem="he"
                     ecep:pos="pns31"
                     ecep:reg="he"
                     ecep:spe="he"
                     ecep:syllab="1"
                     ecep:pron="hiː">he</w>
                  <c> </c>
                  <w xml:id="oat77-114810"
                     n="oat77/0096-a-0270"
                     ecep:lem="will"
                     ecep:pos="vmd"
                     ecep:reg="would"
                     ecep:spe="wou'd"
                     ecep:syllab="1"
                     ecep:pron="wʊd">wou'd</w>
                  <c> </c>
                  <w xml:id="oat77-114820"
                     n="oat77/0096-a-0280"
                     ecep:lem="wave"
                     ecep:pos="vvi"
                     ecep:reg="wave"
                     ecep:spe="wave"
                     ecep:syllab="1"
                     ecep:pron="weɪv">wave</w>
                  <pc xml:id="oat77-114830"
                      n="oat77/0096-a-0290"
                      ecep:lem=","
                      ecep:pos=","
                      ecep:reg=","
                      ecep:spe=",">,</pc>
               </l>
               <l xml:id="oat77-l06195">
                  <w xml:id="oat77-114840"
                     n="oat77/0096-a-0300"
                     ecep:lem="wise"
                     ecep:pos="j"
                     ecep:reg="Wise"
                     ecep:spe="Wise"
                     ecep:syllab="1"
                     ecep:pron="waɪz">Wise</w>
                  <c> </c>
                  <w xml:id="oat77-114850"
                     n="oat77/0096-a-0310"
                     ecep:lem="in"
                     ecep:pos="p-acp"
                     ecep:reg="in"
                     ecep:spe="in"
                     ecep:syllab="1"
                     ecep:pron="ɪn">in</w>
                  <c> </c>
                  <w xml:id="oat77-114860"
                     n="oat77/0096-a-0320"
                     ecep:lem="retreat"
                     ecep:pos="n1"
                     ecep:reg="Retreat"
                     ecep:spe="Retreat"
                     ecep:syllab="2"
                     ecep:pron="rɪˈtriːt">Retreat</w>
                  <c> </c>
                  <w xml:id="oat77-114870"
                     n="oat77/0096-a-0330"
                     ecep:lem="as"
                     ecep:pos="c-acp"
                     ecep:reg="as"
                     ecep:spe="as"
                     ecep:syllab="1"
                     ecep:pron="æz">as</w>
                  <c> </c>
                  <w xml:id="oat77-114880"
                     n="oat77/0096-a-0340"
                     ecep:lem="in"
                     ecep:pos="p-acp"
                     ecep:reg="in"
                     ecep:spe="in"
                     ecep:syllab="1"
                     ecep:pron="ɪn">in</w>
                  <c> </c>
                  <w xml:id="oat77-114890"
                     n="oat77/0096-a-0350"
                     ecep:lem="th'engagement"
                     ecep:pos="n1"
                     ecep:reg="th'Engagement"
                     ecep:spe="th'Engagement"
                     ecep:syllab="4"
                     ecep:pron="tˈiːeŋgˈeɪdʒmənt">th'Engagement</w>
                  <c> </c>
                  <w xml:id="oat77-114900"
                     n="oat77/0096-a-0360"
                     ecep:lem="brave"
                     ecep:pos="j"
                     ecep:reg="Brave"
                     ecep:spe="Brave"
                     ecep:syllab="1"
                     ecep:pron="breɪv">Brave</w>
                  <pc xml:id="oat77-114910"
                      n="oat77/0096-a-0370"
                      unit="sentence"
                      ecep:lem="."
                      ecep:pos="."
                      ecep:reg="."
                      ecep:spe=".">.</pc>
               </l>
               <l xml:id="oat77-l06200">
                  <w xml:id="oat77-114920"
                     n="oat77/0096-a-0380"
                     ecep:lem="who"
                     ecep:pos="q-crq"
                     ecep:reg="Who"
                     ecep:spe="Who"
                     ecep:syllab="1"
                     ecep:pron="huː">Who</w>
                  <c> </c>
                  <w xml:id="oat77-114930"
                     n="oat77/0096-a-0390"
                     ecep:lem="of"
                     ecep:pos="pp-f"
                     ecep:reg="of"
                     ecep:spe="of"
                     ecep:syllab="1"
                     ecep:pron="ɒv">of</w>
                  <c> </c>
                  <w xml:id="oat77-114940"
                     n="oat77/0096-a-0400"
                     ecep:lem="his"
                     ecep:pos="po31"
                     ecep:reg="his"
                     ecep:spe="his"
                     ecep:syllab="1"
                     ecep:pron="hɪz">his</w>
                  <c> </c>
                  <w xml:id="oat77-114950"
                     n="oat77/0096-a-0410"
                     ecep:lem="game"
                     ecep:pos="n1"
                     ecep:reg="Game"
                     ecep:spe="Game"
                     ecep:syllab="1"
                     ecep:pron="geɪm">Game</w>
                  <pc xml:id="oat77-114960"
                      n="oat77/0096-a-0420"
                      ecep:lem=","
                      ecep:pos=","
                      ecep:reg=","
                      ecep:spe=",">,</pc>
                  <c> </c>
                  <w xml:id="oat77-114970"
                     n="oat77/0096-a-0430"
                     ecep:lem="advantage"
                     ecep:pos="n1"
                     ecep:reg="Advantage"
                     ecep:spe="Advantage"
                     ecep:syllab="3"
                     ecep:pron="ədˈvɑːntɪdʒ">Advantage</w>
                  <c> </c>
                  <w xml:id="oat77-114980"
                     n="oat77/0096-a-0440"
                     ecep:lem="can"
                     ecep:pos="vmbx"
                     ecep:reg="cannot"
                     ecep:spe="cannot"
                     ecep:syllab="2"
                     ecep:pron="ˈkænɒt">cannot</w>
                  <c> </c>
                  <w xml:id="oat77-114990"
                     n="oat77/0096-a-0450"
                     ecep:lem="make"
                     ecep:pos="vvi"
                     ecep:reg="make"
                     ecep:spe="make"
                     ecep:syllab="1"
                     ecep:pron="meɪk">make</w>
                  <pc xml:id="oat77-115000"
                      n="oat77/0096-a-0460"
                      ecep:lem=","
                      ecep:pos=","
                      ecep:reg=","
                      ecep:spe=",">,</pc>
               </l>
               <l xml:id="oat77-l06205">
                  <w xml:id="oat77-115010"
                     n="oat77/0096-a-0470"
                     ecep:lem="be"
                     ecep:pos="vbz"
                     ecep:reg="Is"
                     ecep:spe="Is"
                     ecep:syllab="1"
                     ecep:pron="ɪz">Is</w>
                  <c> </c>
                  <w xml:id="oat77-115020"
                     n="oat77/0096-a-0480"
                     ecep:lem="wise"
                     ecep:pos="j"
                     ecep:reg="wise"
                     ecep:spe="wise"
                     ecep:syllab="1"
                     ecep:pron="waɪz">wise</w>
                  <c> </c>
                  <w xml:id="oat77-115030"
                     n="oat77/0096-a-0490"
                     ecep:lem="in"
                     ecep:pos="p-acp"
                     ecep:reg="in"
                     ecep:spe="in"
                     ecep:syllab="1"
                     ecep:pron="ɪn">in</w>
                  <c> </c>
                  <w xml:id="oat77-115040"
                     n="oat77/0096-a-0500"
                     ecep:lem="plot"
                     ecep:pos="vvg"
                     ecep:reg="plotting"
                     ecep:spe="plotting"
                     ecep:syllab="2"
                     ecep:pron="plɒtɪŋ">plotting</w>
                  <c> </c>
                  <w xml:id="oat77-115050"
                     n="oat77/0096-a-0510"
                     ecep:lem="how"
                     ecep:pos="c-crq"
                     ecep:reg="how"
                     ecep:spe="how"
                     ecep:syllab="1"
                     ecep:pron="haʊ">how</w>
                  <c> </c>
                  <w xml:id="oat77-115060"
                     n="oat77/0096-a-0520"
                     ecep:lem="to"
                     ecep:pos="pc-acp"
                     ecep:reg="to"
                     ecep:spe="to"
                     ecep:syllab="1"
                     ecep:pron="tuː">to</w>
                  <c> </c>
                  <w xml:id="oat77-115070"
                     n="oat77/0096-a-0530"
                     ecep:lem="part"
                     ecep:pos="vvi"
                     ecep:reg="part"
                     ecep:spe="part"
                     ecep:syllab="1"
                     ecep:pron="pɑːt">part</w>
                  <c> </c>
                  <w xml:id="oat77-115080"
                     n="oat77/0096-a-0540"
                     ecep:lem="the"
                     ecep:pos="dt"
                     ecep:reg="the"
                     ecep:spe="the"
                     ecep:syllab="1"
                     ecep:pron="ðiː">the</w>
                  <c> </c>
                  <w xml:id="oat77-115090"
                     n="oat77/0096-a-0550"
                     ecep:lem="stake"
                     ecep:pos="n1"
                     ecep:reg="Stake"
                     ecep:spe="Stake"
                     ecep:syllab="1"
                     ecep:pron="steɪk">Stake</w>
                  <pc xml:id="oat77-115100"
                      n="oat77/0096-a-0560"
                      unit="sentence"
                      ecep:lem="."
                      ecep:pos="."
                      ecep:reg="."
                      ecep:spe=".">.</pc>
               </l>
               <l xml:id="oat77-l06210">
                  <w xml:id="oat77-115110"
                     n="oat77/0096-a-0570"
                     ecep:lem="who"
                     ecep:pos="q-crq"
                     ecep:reg="Who"
                     ecep:spe="Who"
                     ecep:syllab="1"
                     ecep:pron="huː">Who</w>
                  <c> </c>
                  <w xml:id="oat77-115120"
                     n="oat77/0096-a-0580"
                     ecep:lem="pay"
                     ecep:pos="vvz"
                     ecep:reg="pays"
                     ecep:spe="pays"
                     ecep:syllab="1"
                     ecep:pron="peɪz">pays</w>
                  <c> </c>
                  <w xml:id="oat77-115130"
                     n="oat77/0096-a-0590"
                     ecep:lem="his"
                     ecep:pos="po31"
                     ecep:reg="his"
                     ecep:spe="his"
                     ecep:syllab="1"
                     ecep:pron="hɪz">his</w>
                  <c> </c>
                  <hi>
                     <w xml:id="oat77-115140"
                        n="oat77/0096-a-0600"
                        ecep:lem="blood"
                        ecep:pos="n1"
                        ecep:reg="Blood"
                        ecep:spe="Blood"
                        ecep:syllab="1"
                        ecep:pron="blʌd">Blood</w>
                  </hi>
                  <c> </c>
                  <w xml:id="oat77-115150"
                     n="oat77/0096-a-0610"
                     ecep:lem="for|it"
                     ecep:pos="p-acp|pn31"
                     ecep:reg="for't"
                     ecep:spe="for't"
                     ecep:syllab="1"
                     ecep:pron="fɔːt">for't</w>
                  <pc xml:id="oat77-115160"
                      n="oat77/0096-a-0620"
                      ecep:lem=","
                      ecep:pos=","
                      ecep:reg=","
                      ecep:spe=",">,</pc>
                  <c> </c>
                  <w xml:id="oat77-115170"
                     n="oat77/0096-a-0630"
                     ecep:lem="buy"
                     ecep:pos="vvz"
                     ecep:reg="buys"
                     ecep:spe="buys"
                     ecep:syllab="1"
                     ecep:pron="baɪz">buys</w>
                  <c> </c>
                  <w xml:id="oat77-115180"
                     n="oat77/0096-a-0640"
                     ecep:lem="his"
                     ecep:pos="po31"
                     ecep:reg="his"
                     ecep:spe="his"
                     ecep:syllab="1"
                     ecep:pron="hɪz">his</w>
                  <c> </c>
                  <w xml:id="oat77-115190"
                     n="oat77/0096-a-0650"
                     ecep:lem="fame"
                     ecep:pos="n1"
                     ecep:reg="Fame"
                     ecep:spe="Fame"
                     ecep:syllab="1"
                     ecep:pron="feɪm">Fame</w>
                  <c> </c>
                  <w xml:id="oat77-115200"
                     n="oat77/0096-a-0660"
                     ecep:lem="too"
                     ecep:pos="av"
                     ecep:reg="too"
                     ecep:spe="too"
                     ecep:syllab="1"
                     ecep:pron="tuː">too</w>
                  <c> </c>
                  <w xml:id="oat77-115210"
                     n="oat77/0096-a-0670"
                     ecep:lem="dear"
                     ecep:pos="j-jn"
                     ecep:reg="dear"
                     ecep:spe="dear"
                     ecep:syllab="1"
                     ecep:pron="dɪə">dear</w>
               </l>
               <l xml:id="oat77-l06215">
                  <w xml:id="oat77-115220"
                     n="oat77/0096-a-0680"
                     ecep:lem="i"
                     ecep:pos="pns11"
                     ecep:reg="I"
                     ecep:spe="I"
                     ecep:syllab="1"
                     ecep:pron="aɪ">I</w>
                  <c> </c>
                  <w xml:id="oat77-115230"
                     n="oat77/0096-a-0690"
                     ecep:lem="will"
                     ecep:pos="vmd"
                     ecep:reg="would"
                     ecep:spe="wou'd"
                     ecep:syllab="1"
                     ecep:pron="wʊd">wou'd</w>
                  <c> </c>
                  <w xml:id="oat77-115240"
                     n="oat77/0096-a-0700"
                     ecep:lem="have"
                     ecep:pos="vhi"
                     ecep:reg="have"
                     ecep:spe="have"
                     ecep:syllab="1"
                     ecep:pron="hæv">have</w>
                  <c> </c>
                  <w xml:id="oat77-115250"
                     n="oat77/0096-a-0710"
                     ecep:lem="fame"
                     ecep:pos="n1"
                     ecep:reg="Fame"
                     ecep:spe="Fame"
                     ecep:syllab="1"
                     ecep:pron="feɪm">Fame</w>
                  <pc xml:id="oat77-115260"
                      n="oat77/0096-a-0720"
                      ecep:lem=","
                      ecep:pos=","
                      ecep:reg=","
                      ecep:spe=",">,</pc>
                  <c> </c>
                  <w xml:id="oat77-115270"
                     n="oat77/0096-a-0730"
                     ecep:lem="but"
                     ecep:pos="cc-acp"
                     ecep:reg="but"
                     ecep:spe="but"
                     ecep:syllab="1"
                     ecep:pron="bʌt">but</w>
                  <c> </c>
                  <w xml:id="oat77-115280"
                     n="oat77/0096-a-0740"
                     ecep:lem="i|will"
                     ecep:pos="pns11|vmd"
                     ecep:reg="I'd"
                     ecep:spe="I'd"
                     ecep:syllab="1"
                     ecep:pron="ˈaɪd">I'd</w>
                  <c> </c>
                  <w xml:id="oat77-115290"
                     n="oat77/0096-a-0750"
                     ecep:lem="enjoy"
                     ecep:pos="vvi"
                     ecep:reg="enjoy"
                     ecep:spe="enjoy"
                     ecep:syllab="2"
                     ecep:pron="ɪnˈdʒɔɪ">enjoy</w>
                  <c> </c>
                  <w xml:id="oat77-115300"
                     n="oat77/0096-a-0760"
                     ecep:lem="it"
                     ecep:pos="pn31"
                     ecep:reg="it"
                     ecep:spe="it"
                     ecep:syllab="1"
                     ecep:pron="ɪt">it</w>
                  <c> </c>
                  <hi>
                     <w xml:id="oat77-115310"
                        n="oat77/0096-a-0770"
                        ecep:lem="here"
                        ecep:pos="av"
                        ecep:reg="Here"
                        ecep:spe="Here"
                        ecep:syllab="1"
                        ecep:pron="hɪə">Here</w>
                     <pc xml:id="oat77-115320"
                         n="oat77/0096-a-0780"
                         unit="sentence"
                         ecep:lem="."
                         ecep:pos="."
                         ecep:reg="."
                         ecep:spe=".">.</pc>
                     <c> </c>
                  </hi>
               </l>
               <l xml:id="oat77-l06220">
                  <w xml:id="oat77-115330"
                     n="oat77/0096-a-0790"
                     ecep:lem="who"
                     ecep:pos="q-crq"
                     ecep:reg="Who"
                     ecep:spe="Who"
                     ecep:syllab="1"
                     ecep:pron="huː">Who</w>
                  <c> </c>
                  <w xml:id="oat77-115340"
                     n="oat77/0096-a-0800"
                     ecep:lem="mingle"
                     ecep:pos="vvz"
                     ecep:reg="mingles"
                     ecep:spe="mingles"
                     ecep:syllab="2"
                     ecep:pron="ˈmɪŋglz">mingles</w>
                  <c> </c>
                  <hi>
                     <w xml:id="oat77-115350"
                        n="oat77/0096-a-0810"
                        ecep:lem="cypress"
                        ecep:pos="n1"
                        ecep:reg="Cypress"
                        ecep:spe="Cypress"
                        ecep:syllab="2"
                        ecep:pron="ˈsaɪprəs">Cypress</w>
                  </hi>
                  <c> </c>
                  <w xml:id="oat77-115360"
                     n="oat77/0096-a-0820"
                     ecep:lem="with"
                     ecep:pos="p-acp"
                     ecep:reg="with"
                     ecep:spe="with"
                     ecep:syllab="1"
                     ecep:pron="wɪð">with</w>
                  <c> </c>
                  <w xml:id="oat77-115370"
                     n="oat77/0096-a-0830"
                     ecep:lem="his"
                     ecep:pos="po31"
                     ecep:reg="his"
                     ecep:spe="his"
                     ecep:syllab="1"
                     ecep:pron="hɪz">his</w>
                  <c> </c>
                  <hi>
                     <w xml:id="oat77-115380"
                        n="oat77/0096-a-0840"
                        ecep:lem="laurel"
                        ecep:pos="n1"
                        ecep:reg="Laurel"
                        ecep:spe="Lawrel"
                        ecep:syllab="2"
                        ecep:pron="lˈɔːrəl">Lawrel</w>
                     <c> </c>
                     <w xml:id="oat77-115390"
                        n="oat77/0096-a-0850"
                        ecep:lem="wreathe"
                        ecep:pos="vvi"
                        ecep:reg="Wreathe"
                        ecep:spe="Wreath"
                        ecep:syllab="1"
                        ecep:pron="riːθ">Wreath</w>
                     <pc xml:id="oat77-115400"
                         n="oat77/0096-a-0860"
                         ecep:lem=","
                         ecep:pos=","
                         ecep:reg=","
                         ecep:spe=",">,</pc>
                  </hi>
               </l>
               <l xml:id="oat77-l06225">
                  <w xml:id="oat77-115410"
                     n="oat77/0096-a-0870"
                     ecep:lem="be"
                     ecep:pos="vbz"
                     ecep:reg="Is"
                     ecep:spe="Is"
                     ecep:syllab="1"
                     ecep:pron="ɪz">Is</w>
                  <c> </c>
                  <w xml:id="oat77-115420"
                     n="oat77/0096-a-0880"
                     ecep:lem="poor"
                     ecep:pos="j"
                     ecep:reg="poor"
                     ecep:spe="poor"
                     ecep:syllab="1"
                     ecep:pron="pɔː">poor</w>
                  <pc xml:id="oat77-115430"
                      n="oat77/0096-a-0890"
                      ecep:lem=","
                      ecep:pos=","
                      ecep:reg=","
                      ecep:spe=",">,</pc>
                  <c> </c>
                  <w xml:id="oat77-115440"
                     n="oat77/0096-a-0900"
                     ecep:lem="and"
                     ecep:pos="cc"
                     ecep:reg="and"
                     ecep:spe="and"
                     ecep:syllab="1"
                     ecep:pron="ænd">and</w>
                  <c> </c>
                  <hi>
                     <w xml:id="oat77-115450"
                        n="oat77/0096-a-0910"
                        ecep:lem="debtor"
                        ecep:pos="n1"
                        ecep:reg="Debtor"
                        ecep:spe="Debtor"
                        ecep:syllab="2"
                        ecep:pron="ˈdetə">Debtor</w>
                  </hi>
                  <c> </c>
                  <w xml:id="oat77-115460"
                     n="oat77/0096-a-0920"
                     ecep:lem="for"
                     ecep:pos="p-acp"
                     ecep:reg="for"
                     ecep:spe="for"
                     ecep:syllab="1"
                     ecep:pron="fɔː">for</w>
                  <c> </c>
                  <w xml:id="oat77-115470"
                     n="oat77/0096-a-0930"
                     ecep:lem="his"
                     ecep:pos="po31"
                     ecep:reg="his"
                     ecep:spe="his"
                     ecep:syllab="1"
                     ecep:pron="hɪz">his</w>
                  <c> </c>
                  <w xml:id="oat77-115480"
                     n="oat77/0096-a-0940"
                     ecep:lem="fame"
                     ecep:pos="n1"
                     ecep:reg="Fame"
                     ecep:spe="Fame"
                     ecep:syllab="1"
                     ecep:pron="feɪm">Fame</w>
                  <c> </c>
                  <w xml:id="oat77-115490"
                     n="oat77/0096-a-0950"
                     ecep:lem="to"
                     ecep:pos="p-acp"
                     ecep:reg="to"
                     ecep:spe="to"
                     ecep:syllab="1"
                     ecep:pron="tuː">to</w>
                  <c> </c>
                  <hi>
                     <w xml:id="oat77-115500"
                        n="oat77/0096-a-0960"
                        ecep:lem="death"
                        ecep:pos="n1"
                        ecep:reg="Death"
                        ecep:spe="Death"
                        ecep:syllab="1"
                        ecep:pron="deθ">Death</w>
                     <pc xml:id="oat77-115510"
                         n="oat77/0096-a-0970"
                         unit="sentence"
                         ecep:lem="."
                         ecep:pos="."
                         ecep:reg="."
                         ecep:spe=".">.</pc>
                     <c> </c>
                  </hi>
               </l>
            </lg>
         </div>
      </body>
   </text>
</TEI>
