<?xml version="1.0" encoding="utf-8"?>
<!DOCTYPE div
  SYSTEM "about:legacy-compat">
<div xmlns:ecep="http://www.eighteenthcenturypoetry.org/ns"
     xmlns="http://www.tei-c.org/ns/1.0"
     xmlns:tei="http://www.tei-c.org/ns/1.0"
     ana="#iamb #pentameter #quatrain #sestet #cross #address"
     corresp="#txt_OpieAm1769_w0006"
     decls="#semi-normalized"
     ecep:syllab="10.10.10.10"
     met="-+|-+|-+|-+|-+/ -+|-+|-+|-+|-+/ -+|-+|-+|-+|-+/ -+|-+|-+|-+|-+/"
     rendition="#lgvspace"
     rhyme="abab"
     subtype="eceptext"
     type="poem"
     xml:id="bao18-w0060">
   <link target="authors.xml#aut_OpieAm1769" type="author"/>
   <head type="main">
      <w xml:id="bao18-054050"
         n="a-0010"
         ecep:lem="to"
         ecep:pos="p-acp"
         ecep:reg="TO"
         ecep:spe="TO"
         ecep:syllab="1"
         ecep:pron="tuː">TO</w>
      <c> </c>
      <w xml:id="bao18-054060"
         n="a-0020"
         ecep:lem="Lorenzo"
         ecep:pos="np1"
         ecep:reg="LORENZO"
         ecep:spe="LORENZO"
         ecep:syllab="3"
         ecep:pron="ləˈrenzəʊ">LORENZO</w>
      <pc xml:id="bao18-054070"
          n="a-0030"
          unit="sentence"
          ecep:lem="."
          ecep:pos="."
          ecep:reg="."
          ecep:spe=".">.</pc>
   </head>
   <lg xml:id="bao18-s00640">
      <l xml:id="bao18-l02585">
         <w xml:id="bao18-054100"
            n="a-0040"
            ecep:lem="go"
            ecep:pos="vvb"
            ecep:reg="Go"
            ecep:spe="Go"
            ecep:syllab="1"
            ecep:pron="gəʊ">Go</w>
         <pc xml:id="bao18-054110"
             n="a-0050"
             ecep:lem=","
             ecep:pos=","
             ecep:reg=","
             ecep:spe=",">,</pc>
         <c> </c>
         <w xml:id="bao18-054120"
            n="a-0060"
            ecep:lem="distant"
            ecep:pos="j"
            ecep:reg="distant"
            ecep:spe="distant"
            ecep:syllab="2"
            ecep:pron="ˈdɪstənt">distant</w>
         <c> </c>
         <w xml:id="bao18-054130"
            n="a-0070"
            ecep:lem="shore"
            ecep:pos="n2"
            ecep:reg="shores"
            ecep:spe="shores"
            ecep:syllab="1"
            ecep:pron="ʃɔːz">shores</w>
         <c> </c>
         <w xml:id="bao18-054140"
            n="a-0080"
            ecep:lem="and"
            ecep:pos="cc"
            ecep:reg="and"
            ecep:spe="and"
            ecep:syllab="1"
            ecep:pron="ænd">and</w>
         <c> </c>
         <w xml:id="bao18-054150"
            n="a-0090"
            ecep:lem="bright"
            ecep:pos="jc"
            ecep:reg="brighter"
            ecep:spe="brighter"
            ecep:syllab="2"
            ecep:pron="ˈbraɪtə">brighter</w>
         <c> </c>
         <w xml:id="bao18-054160"
            n="a-0100"
            ecep:lem="conquest"
            ecep:pos="n2"
            ecep:reg="conquests"
            ecep:spe="conquests"
            ecep:syllab="2"
            ecep:pron="ˈkɒŋkwests">conquests</w>
         <c> </c>
         <w xml:id="bao18-054170"
            n="a-0110"
            ecep:lem="seek"
            ecep:pos="vvi"
            ecep:reg="seek"
            ecep:spe="seek"
            ecep:syllab="1"
            ecep:pron="siːk">seek</w>
         <pc xml:id="bao18-054180"
             n="a-0120"
             ecep:lem=","
             ecep:pos=","
             ecep:reg=","
             ecep:spe=",">,</pc>
      </l>
      <l xml:id="bao18-l02590">
         <c> </c>
         <w xml:id="bao18-054190"
            n="a-0130"
            ecep:lem="but"
            ecep:pos="cc-acp"
            ecep:reg="But"
            ecep:spe="But"
            ecep:syllab="1"
            ecep:pron="bʌt">But</w>
         <c> </c>
         <w xml:id="bao18-054200"
            n="a-0140"
            ecep:lem="my"
            ecep:pos="po11"
            ecep:reg="my"
            ecep:spe="my"
            ecep:syllab="1"
            ecep:pron="maɪ">my</w>
         <c> </c>
         <w xml:id="bao18-054210"
            n="a-0150"
            ecep:lem="affection"
            ecep:pos="n1"
            ecep:reg="affection"
            ecep:spe="affection"
            ecep:syllab="3"
            ecep:pron="əˈfekʃən">affection</w>
         <c> </c>
         <w xml:id="bao18-054220"
            n="a-0160"
            ecep:lem="will"
            ecep:pos="vmb"
            ecep:reg="will"
            ecep:spe="will"
            ecep:syllab="1"
            ecep:pron="wɪl">will</w>
         <c> </c>
         <w xml:id="bao18-054230"
            n="a-0170"
            ecep:lem="your"
            ecep:pos="po22"
            ecep:reg="your"
            ecep:spe="your"
            ecep:syllab="1"
            ecep:pron="jɔː">your</w>
         <c> </c>
         <w xml:id="bao18-054240"
            n="a-0180"
            ecep:lem="scorn"
            ecep:pos="n1"
            ecep:reg="scorn"
            ecep:spe="scorn"
            ecep:syllab="1"
            ecep:pron="skɔːn">scorn</w>
         <c> </c>
         <w xml:id="bao18-054250"
            n="a-0190"
            ecep:lem="survive"
            ecep:pos="vvi"
            ecep:reg="survive"
            ecep:spe="survive"
            ecep:syllab="2"
            ecep:pron="səˈvaɪv">survive</w>
         <pc xml:id="bao18-054260"
             n="a-0200"
             unit="sentence"
             ecep:lem="!"
             ecep:pos="!"
             ecep:reg="!"
             ecep:spe="!">!</pc>
         <c> </c>
      </l>
      <l xml:id="bao18-l02595">
         <w xml:id="bao18-054270"
            n="a-0210"
            ecep:lem="for"
            ecep:pos="p-acp"
            ecep:reg="For"
            ecep:spe="For"
            ecep:syllab="1"
            ecep:pron="fɔː">For</w>
         <c> </c>
         <w xml:id="bao18-054280"
            n="a-0220"
            ecep:lem="not"
            ecep:pos="xx"
            ecep:reg="not"
            ecep:spe="not"
            ecep:syllab="1"
            ecep:pron="nɒt">not</w>
         <c> </c>
         <w xml:id="bao18-054290"
            n="a-0230"
            ecep:lem="from"
            ecep:pos="p-acp"
            ecep:reg="from"
            ecep:spe="from"
            ecep:syllab="1"
            ecep:pron="frɒm">from</w>
         <c> </c>
         <w xml:id="bao18-054300"
            n="a-0240"
            ecep:lem="radiant"
            ecep:pos="j"
            ecep:reg="radiant"
            ecep:spe="radiant"
            ecep:syllab="3"
            ecep:pron="ˈreɪdɪənt">radiant</w>
         <c> </c>
         <w xml:id="bao18-054310"
            n="a-0250"
            ecep:lem="eye"
            ecep:pos="n2"
            ecep:reg="eyes"
            ecep:spe="eyes"
            ecep:syllab="1"
            ecep:pron="aɪz">eyes</w>
         <c> </c>
         <w xml:id="bao18-054320"
            n="a-0260"
            ecep:lem="or"
            ecep:pos="cc"
            ecep:reg="or"
            ecep:spe="or"
            ecep:syllab="1"
            ecep:pron="ɔː">or</w>
         <c> </c>
         <w xml:id="bao18-054330"
            n="a-0270"
            ecep:lem="crimson"
            ecep:pos="j-jn"
            ecep:reg="crimson"
            ecep:spe="crimson"
            ecep:syllab="2"
            ecep:pron="ˈkrɪmzən">crimson</w>
         <c> </c>
         <w xml:id="bao18-054340"
            n="a-0280"
            ecep:lem="cheek"
            ecep:pos="n1"
            ecep:reg="cheek"
            ecep:spe="cheek"
            ecep:syllab="1"
            ecep:pron="tʃiːk">cheek</w>
      </l>
      <l xml:id="bao18-l02600">
         <c> </c>
         <w xml:id="bao18-054350"
            n="a-0290"
            ecep:lem="my"
            ecep:pos="po11"
            ecep:reg="My"
            ecep:spe="My"
            ecep:syllab="1"
            ecep:pron="maɪ">My</w>
         <c> </c>
         <w xml:id="bao18-054360"
            n="a-0300"
            ecep:lem="fondness"
            ecep:pos="n1"
            ecep:reg="fondness"
            ecep:spe="fondness"
            ecep:syllab="2"
            ecep:pron="ˈfɒndnɪs">fondness</w>
         <c> </c>
         <w xml:id="bao18-054370"
            n="a-0310"
            ecep:lem="i"
            ecep:pos="pns11"
            ecep:reg="I"
            ecep:spe="I"
            ecep:syllab="1"
            ecep:pron="aɪ">I</w>
         <pc xml:id="bao18-054380"
             n="a-0320"
             ecep:lem=","
             ecep:pos=","
             ecep:reg=","
             ecep:spe=",">,</pc>
         <c> </c>
         <w xml:id="bao18-054390"
            n="a-0330"
            ecep:lem="or"
            ecep:pos="cc"
            ecep:reg="or"
            ecep:spe="or"
            ecep:syllab="1"
            ecep:pron="ɔː">or</w>
         <c> </c>
         <w xml:id="bao18-054400"
            n="a-0340"
            ecep:lem="you"
            ecep:pos="pn22"
            ecep:reg="you"
            ecep:spe="you"
            ecep:syllab="1"
            ecep:pron="juː">you</w>
         <c> </c>
         <w xml:id="bao18-054410"
            n="a-0350"
            ecep:lem="your"
            ecep:pos="po22"
            ecep:reg="your"
            ecep:spe="your"
            ecep:syllab="1"
            ecep:pron="jɔː">your</w>
         <c> </c>
         <w xml:id="bao18-054420"
            n="a-0360"
            ecep:lem="power"
            ecep:pos="n1"
            ecep:reg="power"
            ecep:spe="power"
            ecep:syllab="2"
            ecep:pron="ˈpaʊə">power</w>
         <c> </c>
         <w xml:id="bao18-054430"
            n="a-0370"
            ecep:lem="derive"
            ecep:pos="vvi"
            ecep:reg="derive"
            ecep:spe="derive"
            ecep:syllab="2"
            ecep:pron="dɪˈraɪv">derive</w>
         <pc xml:id="bao18-054440"
             n="a-0380"
             ecep:lem=";"
             ecep:pos=";"
             ecep:reg=";"
             ecep:spe=";">;</pc>
         <c> </c>
         <pc xml:id="bao18-054450"
             n="a-0390"
             ecep:lem="—"
             ecep:pos="—"
             ecep:reg="—"
             ecep:spe="—">—</pc>
      </l>
   </lg>
   <lg xml:id="bao18-s00645">
      <l xml:id="bao18-l02605">
         <w xml:id="bao18-054480"
            n="a-0400"
            ecep:lem="nor"
            ecep:pos="ccx"
            ecep:reg="Nor"
            ecep:spe="Nor"
            ecep:syllab="1"
            ecep:pron="nɔː">Nor</w>
         <c> </c>
         <w xml:id="bao18-054490"
            n="a-0410"
            ecep:lem="spring"
            ecep:pos="vvd"
            ecep:reg="sprung"
            ecep:spe="sprung"
            ecep:syllab="1"
            ecep:pron="sprʌŋ">sprung</w>
         <c> </c>
         <w xml:id="bao18-054500"
            n="a-0420"
            ecep:lem="the"
            ecep:pos="dt"
            ecep:reg="the"
            ecep:spe="the"
            ecep:syllab="1"
            ecep:pron="ðə">the</w>
         <c> </c>
         <w xml:id="bao18-054510"
            n="a-0430"
            ecep:lem="passion"
            ecep:pos="n1"
            ecep:reg="passion"
            ecep:spe="passion"
            ecep:syllab="2"
            ecep:pron="ˈpæʃən">passion</w>
         <c> </c>
         <w xml:id="bao18-054520"
            n="a-0440"
            ecep:lem="from"
            ecep:pos="p-acp"
            ecep:reg="from"
            ecep:spe="from"
            ecep:syllab="1"
            ecep:pron="frɒm">from</w>
         <c> </c>
         <w xml:id="bao18-054530"
            n="a-0450"
            ecep:lem="your"
            ecep:pos="po22"
            ecep:reg="your"
            ecep:spe="your"
            ecep:syllab="1"
            ecep:pron="jɔː">your</w>
         <c> </c>
         <w xml:id="bao18-054540"
            n="a-0460"
            ecep:lem="fancy"
            ecep:pos="j-vvn"
            ecep:reg="fancied"
            ecep:spe="fancied"
            ecep:syllab="2"
            ecep:pron="ˈfænsɪd">fancied</w>
         <c> </c>
         <w xml:id="bao18-054550"
            n="a-0470"
            ecep:lem="love"
            ecep:pos="n1"
            ecep:reg="love"
            ecep:spe="love"
            ecep:syllab="1"
            ecep:pron="lʌv">love</w>
         <pc xml:id="bao18-054560"
             n="a-0480"
             ecep:lem=";"
             ecep:pos=";"
             ecep:reg=";"
             ecep:spe=";">;</pc>
      </l>
      <l xml:id="bao18-l02610">
         <c> </c>
         <w xml:id="bao18-054570"
            n="a-0490"
            ecep:lem="to"
            ecep:pos="p-acp"
            ecep:reg="To"
            ecep:spe="To"
            ecep:syllab="1"
            ecep:pron="tuː">To</w>
         <c> </c>
         <w xml:id="bao18-054580"
            n="a-0500"
            ecep:lem="i"
            ecep:pos="pno11"
            ecep:reg="me"
            ecep:spe="me"
            ecep:syllab="1"
            ecep:pron="miː">me</w>
         <pc xml:id="bao18-054590"
             n="a-0510"
             ecep:lem=","
             ecep:pos=","
             ecep:reg=","
             ecep:spe=",">,</pc>
         <c> </c>
         <w xml:id="bao18-054600"
            n="a-0520"
            ecep:lem="your"
            ecep:pos="po22"
            ecep:reg="your"
            ecep:spe="your"
            ecep:syllab="1"
            ecep:pron="jɔː">your</w>
         <c> </c>
         <w xml:id="bao18-054610"
            n="a-0530"
            ecep:lem="smile"
            ecep:pos="n2"
            ecep:reg="smiles"
            ecep:spe="smiles"
            ecep:syllab="1"
            ecep:pron="smaɪlz">smiles</w>
         <c> </c>
         <w xml:id="bao18-054620"
            n="a-0540"
            ecep:lem="no"
            ecep:pos="dx"
            ecep:reg="no"
            ecep:spe="no"
            ecep:syllab="1"
            ecep:pron="nəʊ">no</w>
         <c> </c>
         <w xml:id="bao18-054630"
            n="a-0550"
            ecep:lem="dear"
            ecep:pos="j-jn"
            ecep:reg="dear"
            ecep:spe="dear"
            ecep:syllab="1"
            ecep:pron="dɪə">dear</w>
         <c> </c>
         <w xml:id="bao18-054640"
            n="a-0560"
            ecep:lem="delusion"
            ecep:pos="n1"
            ecep:reg="delusion"
            ecep:spe="delusion"
            ecep:syllab="3"
            ecep:pron="dɪˈluːʒən">delusion</w>
         <c> </c>
         <w xml:id="bao18-054650"
            n="a-0570"
            ecep:lem="cause"
            ecep:pos="vvd"
            ecep:reg="caused"
            ecep:spe="caused"
            ecep:syllab="1"
            ecep:pron="kɔːzd">caused</w>
         <pc xml:id="bao18-054660"
             n="a-0580"
             ecep:lem=";"
             ecep:pos=";"
             ecep:reg=";"
             ecep:spe=";">;</pc>
      </l>
      <l xml:id="bao18-l02615">
         <c> </c>
         <w xml:id="bao18-054670"
            n="a-0590"
            ecep:lem="i"
            ecep:pos="pns11"
            ecep:reg="I"
            ecep:spe="I"
            ecep:syllab="1"
            ecep:pron="aɪ">I</w>
         <c> </c>
         <w xml:id="bao18-054680"
            n="a-0600"
            ecep:lem="see"
            ecep:pos="vvd"
            ecep:reg="saw"
            ecep:spe="saw"
            ecep:syllab="1"
            ecep:pron="sɔː">saw</w>
         <c> </c>
         <w xml:id="bao18-054690"
            n="a-0610"
            ecep:lem="you"
            ecep:pos="pn22"
            ecep:reg="you"
            ecep:spe="you"
            ecep:syllab="1"
            ecep:pron="juː">you</w>
         <c> </c>
         <w xml:id="bao18-054700"
            n="a-0620"
            ecep:lem="tower"
            ecep:pos="n1"
            ecep:reg="tower"
            ecep:spe="tower"
            ecep:syllab="2"
            ecep:pron="ˈtaʊə">tower</w>
         <c> </c>
         <w xml:id="bao18-054710"
            n="a-0630"
            ecep:lem="my"
            ecep:pos="po11"
            ecep:reg="my"
            ecep:spe="my"
            ecep:syllab="1"
            ecep:pron="maɪ">my</w>
         <c> </c>
         <w xml:id="bao18-054720"
            n="a-0640"
            ecep:lem="humble"
            ecep:pos="j"
            ecep:reg="humble"
            ecep:spe="humble"
            ecep:syllab="2"
            ecep:pron="ˈhʌmbl">humble</w>
         <c> </c>
         <w xml:id="bao18-054730"
            n="a-0650"
            ecep:lem="hope"
            ecep:pos="n2"
            ecep:reg="hopes"
            ecep:spe="hopes"
            ecep:syllab="1"
            ecep:pron="həʊps">hopes</w>
         <c> </c>
         <w xml:id="bao18-054740"
            n="a-0660"
            ecep:lem="above"
            ecep:pos="a-acp"
            ecep:reg="above"
            ecep:spe="above"
            ecep:syllab="2"
            ecep:pron="əˈbʌv">above</w>
         <pc xml:id="bao18-054750"
             n="a-0670"
             ecep:lem=","
             ecep:pos=","
             ecep:reg=","
             ecep:spe=",">,</pc>
      </l>
      <l xml:id="bao18-l02620">
         <c> </c>
         <w xml:id="bao18-054760"
            n="a-0680"
            ecep:lem="and"
            ecep:pos="cc"
            ecep:reg="And"
            ecep:spe="And"
            ecep:syllab="1"
            ecep:pron="ænd">And</w>
         <pc xml:id="bao18-054770"
             n="a-0690"
             ecep:lem=","
             ecep:pos=","
             ecep:reg=","
             ecep:spe=",">,</pc>
         <c> </c>
         <w xml:id="bao18-054780"
            n="a-0700"
            ecep:lem="ere"
            ecep:pos="c-acp"
            ecep:reg="ere"
            ecep:spe="ere"
            ecep:syllab="1"
            ecep:pron="eə">ere</w>
         <c> </c>
         <w xml:id="bao18-054790"
            n="a-0710"
            ecep:lem="i"
            ecep:pos="pns11"
            ecep:reg="I"
            ecep:spe="I"
            ecep:syllab="1"
            ecep:pron="aɪ">I</w>
         <c> </c>
         <w xml:id="bao18-054800"
            n="a-0720"
            ecep:lem="love"
            ecep:pos="vvd"
            ecep:reg="loved"
            ecep:spe="loved"
            ecep:syllab="1"
            ecep:pron="lʌvd">loved</w>
         <pc xml:id="bao18-054810"
             n="a-0730"
             ecep:lem=","
             ecep:pos=","
             ecep:reg=","
             ecep:spe=",">,</pc>
         <c> </c>
         <w xml:id="bao18-054820"
            n="a-0740"
            ecep:lem="i"
            ecep:pos="pns11"
            ecep:reg="I"
            ecep:spe="I"
            ecep:syllab="1"
            ecep:pron="aɪ">I</w>
         <c> </c>
         <w xml:id="bao18-054830"
            n="a-0750"
            ecep:lem="shudder"
            ecep:pos="vvd"
            ecep:reg="shuddered"
            ecep:spe="shuddered"
            ecep:syllab="2"
            ecep:pron="ˈʃʌdəd">shuddered</w>
         <pc xml:id="bao18-054840"
             n="a-0760"
             ecep:lem=","
             ecep:pos=","
             ecep:reg=","
             ecep:spe=",">,</pc>
         <c> </c>
         <w xml:id="bao18-054850"
            n="a-0770"
            ecep:lem="tremble"
            ecep:pos="vvd"
            ecep:reg="trembled"
            ecep:spe="trembled"
            ecep:syllab="2"
            ecep:pron="ˈtrembld">trembled</w>
         <pc xml:id="bao18-054860"
             n="a-0780"
             ecep:lem=","
             ecep:pos=","
             ecep:reg=","
             ecep:spe=",">,</pc>
         <c> </c>
         <w xml:id="bao18-054870"
            n="a-0790"
            ecep:lem="pause"
            ecep:pos="vvd"
            ecep:reg="paused"
            ecep:spe="paused"
            ecep:syllab="1"
            ecep:pron="pɔːzd">paused</w>
         <pc xml:id="bao18-054880"
             n="a-0800"
             unit="sentence"
             ecep:lem="."
             ecep:pos="."
             ecep:reg="."
             ecep:spe=".">.</pc>
         <c> </c>
      </l>
   </lg>
   <pb n="54" rend="none"/>
   <lg ana="#sestet #sestarima"
       ecep:syllab="10.10.10.10.10.10"
       met="-+|-+|-+|-+|-+/ -+|-+|-+|-+|-+/ -+|-+|-+|-+|-+/ -+|-+|-+|-+|-+/ -+|-+|-+|-+|-+/ -+|-+|-+|-+|-+/"
       rhyme="ababcc"
       xml:id="bao18-s00650">
      <l xml:id="bao18-l02625">
         <w xml:id="bao18-054910"
            n="a-0010"
            ecep:lem="but"
            ecep:pos="p-acp"
            ecep:reg="But"
            ecep:spe="But"
            ecep:syllab="1"
            ecep:pron="bʌt">But</w>
         <c> </c>
         <w xml:id="bao18-054920"
            n="a-0020"
            ecep:lem="i"
            ecep:pos="pns11"
            ecep:reg="I"
            ecep:spe="I"
            ecep:syllab="1"
            ecep:pron="aɪ">I</w>
         <c> </c>
         <w xml:id="bao18-054930"
            n="a-0030"
            ecep:lem="be"
            ecep:pos="vbds"
            ecep:reg="was"
            ecep:spe="was"
            ecep:syllab="1"
            ecep:pron="wɒz">was</w>
         <c> </c>
         <w xml:id="bao18-054940"
            n="a-0040"
            ecep:lem="form"
            ecep:pos="vvn"
            ecep:reg="formed"
            ecep:spe="formed"
            ecep:syllab="1"
            ecep:pron="fɔːmd">formed</w>
         <c> </c>
         <w xml:id="bao18-054950"
            n="a-0050"
            ecep:lem="to"
            ecep:pos="pc-acp"
            ecep:reg="to"
            ecep:spe="to"
            ecep:syllab="1"
            ecep:pron="tuː">to</w>
         <c> </c>
         <w xml:id="bao18-054960"
            n="a-0060"
            ecep:lem="prize"
            ecep:pos="vvi"
            ecep:reg="prise"
            ecep:spe="prize"
            ecep:syllab="1"
            ecep:pron="praɪz">prize</w>
         <c> </c>
         <w xml:id="bao18-054970"
            n="a-0070"
            ecep:lem="superior"
            ecep:pos="j-jn"
            ecep:reg="superior"
            ecep:spe="superior"
            ecep:syllab="4"
            ecep:pron="suːˈpɪərɪə">superior</w>
         <c> </c>
         <w xml:id="bao18-054980"
            n="a-0080"
            ecep:lem="worth"
            ecep:pos="n1"
            ecep:reg="worth"
            ecep:spe="worth"
            ecep:syllab="1"
            ecep:pron="wɜːθ">worth</w>
         <pc xml:id="bao18-054990"
             n="a-0090"
             ecep:lem=","
             ecep:pos=","
             ecep:reg=","
             ecep:spe=",">,</pc>
      </l>
      <l xml:id="bao18-l02630">
         <c> </c>
         <w xml:id="bao18-055000"
            n="a-0100"
            ecep:lem="and"
            ecep:pos="cc"
            ecep:reg="And"
            ecep:spe="And"
            ecep:syllab="1"
            ecep:pron="ænd">And</w>
         <c> </c>
         <w xml:id="bao18-055010"
            n="a-0110"
            ecep:lem="feel"
            ecep:pos="vvd"
            ecep:reg="felt"
            ecep:spe="felt"
            ecep:syllab="1"
            ecep:pron="felt">felt</w>
         <c> </c>
         <w xml:id="bao18-055020"
            n="a-0120"
            ecep:lem="it"
            ecep:pos="pn31"
            ecep:reg="iT"
            ecep:spe="'t"
            ecep:syllab="1"
            ecep:pron="tˈiː">'t</w>
         <c> </c>
         <w xml:id="bao18-055030"
            n="a-0130"
            ecep:lem="be"
            ecep:pos="vbds"
            ecep:reg="was"
            ecep:spe="was"
            ecep:syllab="1"
            ecep:pron="wɒz">was</w>
         <c> </c>
         <w xml:id="bao18-055040"
            n="a-0140"
            ecep:lem="virtue"
            ecep:pos="n1"
            ecep:reg="virtue"
            ecep:spe="virtue"
            ecep:syllab="2"
            ecep:pron="ˈvɜːtjuː">virtue</w>
         <c> </c>
         <w xml:id="bao18-055050"
            n="a-0150"
            ecep:lem="you"
            ecep:pos="pn22"
            ecep:reg="you"
            ecep:spe="you"
            ecep:syllab="1"
            ecep:pron="juː">you</w>
         <pc xml:id="bao18-055060"
             n="a-0160"
             ecep:lem=","
             ecep:pos=","
             ecep:reg=","
             ecep:spe=",">,</pc>
         <c> </c>
         <w xml:id="bao18-055070"
            n="a-0170"
            ecep:lem="with"
            ecep:pos="p-acp"
            ecep:reg="with"
            ecep:spe="with"
            ecep:syllab="1"
            ecep:pron="wɪð">with</w>
         <c> </c>
         <w xml:id="bao18-055080"
            n="a-0180"
            ecep:lem="love"
            ecep:pos="n1"
            ecep:reg="love"
            ecep:spe="love"
            ecep:syllab="1"
            ecep:pron="lʌv">love</w>
         <pc xml:id="bao18-055090"
             n="a-0190"
             ecep:lem=","
             ecep:pos=","
             ecep:reg=","
             ecep:spe=",">,</pc>
         <c> </c>
         <w xml:id="bao18-055100"
            n="a-0200"
            ecep:lem="to"
            ecep:pos="pc-acp"
            ecep:reg="to"
            ecep:spe="to"
            ecep:syllab="1"
            ecep:pron="tuː">to</w>
         <c> </c>
         <w xml:id="bao18-055110"
            n="a-0210"
            ecep:lem="see"
            ecep:pos="vvi"
            ecep:reg="see"
            ecep:spe="see"
            ecep:syllab="1"
            ecep:pron="siː">see</w>
         <pc xml:id="bao18-055120"
             n="a-0220"
             ecep:lem=";"
             ecep:pos=";"
             ecep:reg=";"
             ecep:spe=";">;</pc>
      </l>
      <l xml:id="bao18-l02635">
         <c> </c>
         <w xml:id="bao18-055130"
            n="a-0230"
            ecep:lem="i"
            ecep:pos="pns11"
            ecep:reg="I"
            ecep:spe="I"
            ecep:syllab="1"
            ecep:pron="aɪ">I</w>
         <c> </c>
         <w xml:id="bao18-055140"
            n="a-0240"
            ecep:lem="hope"
            ecep:pos="vvd"
            ecep:reg="hoped"
            ecep:spe="hoped"
            ecep:syllab="1"
            ecep:pron="həʊpt">hoped</w>
         <c> </c>
         <w xml:id="bao18-055150"
            n="a-0250"
            ecep:lem="a"
            ecep:pos="dt"
            ecep:reg="a"
            ecep:spe="a"
            ecep:syllab="1"
            ecep:pron="ə">a</w>
         <c> </c>
         <w xml:id="bao18-055160"
            n="a-0260"
            ecep:lem="choice"
            ecep:pos="n1"
            ecep:reg="choice"
            ecep:spe="choice"
            ecep:syllab="1"
            ecep:pron="tʃɔɪs">choice</w>
         <c> </c>
         <w xml:id="bao18-055170"
            n="a-0270"
            ecep:lem="so"
            ecep:pos="av"
            ecep:reg="so"
            ecep:spe="so"
            ecep:syllab="1"
            ecep:pron="səʊ">so</w>
         <c> </c>
         <w xml:id="bao18-055180"
            n="a-0280"
            ecep:lem="glorious"
            ecep:pos="j"
            ecep:reg="glorious"
            ecep:spe="glorious"
            ecep:syllab="3"
            ecep:pron="ˈglɔːrɪəs">glorious</w>
         <c> </c>
         <w xml:id="bao18-055190"
            n="a-0290"
            ecep:lem="may"
            ecep:pos="vmd"
            ecep:reg="might"
            ecep:spe="might"
            ecep:syllab="1"
            ecep:pron="maɪt">might</w>
         <c> </c>
         <w xml:id="bao18-055200"
            n="a-0300"
            ecep:lem="call"
            ecep:pos="vvi"
            ecep:reg="call"
            ecep:spe="call"
            ecep:syllab="1"
            ecep:pron="kɔːl">call</w>
         <c> </c>
         <w xml:id="bao18-055210"
            n="a-0310"
            ecep:lem="forth"
            ecep:pos="av"
            ecep:reg="forth"
            ecep:spe="forth"
            ecep:syllab="1"
            ecep:pron="fɔːθ">forth</w>
      </l>
      <l xml:id="bao18-l02640">
         <c> </c>
         <w xml:id="bao18-055220"
            n="a-0320"
            ecep:lem="merit"
            ecep:pos="n1"
            ecep:reg="Merit"
            ecep:spe="Merit"
            ecep:syllab="2"
            ecep:pron="ˈmerɪt">Merit</w>
         <c> </c>
         <w xml:id="bao18-055230"
            n="a-0330"
            ecep:lem="like"
            ecep:pos="av-j"
            ecep:reg="like"
            ecep:spe="like"
            ecep:syllab="1"
            ecep:pron="laɪk">like</w>
         <c> </c>
         <w xml:id="bao18-055240"
            n="a-0340"
            ecep:lem="you"
            ecep:pos="png22"
            ecep:reg="yours"
            ecep:spe="yours"
            ecep:syllab="1"
            ecep:pron="jɔːz">yours</w>
         <pc xml:id="bao18-055250"
             n="a-0350"
             ecep:lem=","
             ecep:pos=","
             ecep:reg=","
             ecep:spe=",">,</pc>
         <c> </c>
         <w xml:id="bao18-055260"
            n="a-0360"
            ecep:lem="Lorenzo"
            ecep:pos="np1"
            ecep:reg="Lorenzo"
            ecep:spe="Lorenzo"
            ecep:syllab="3"
            ecep:pron="ləˈrenzəʊ">Lorenzo</w>
         <pc xml:id="bao18-055270"
             n="a-0370"
             ecep:lem=","
             ecep:pos=","
             ecep:reg=","
             ecep:spe=",">,</pc>
         <c> </c>
         <w xml:id="bao18-055280"
            n="a-0380"
            ecep:lem="even"
            ecep:pos="av-j"
            ecep:reg="even"
            ecep:spe="e'en"
            ecep:syllab="1"
            ecep:pron="iːn">e'en</w>
         <c> </c>
         <w xml:id="bao18-055290"
            n="a-0390"
            ecep:lem="in"
            ecep:pos="p-acp"
            ecep:reg="in"
            ecep:spe="in"
            ecep:syllab="1"
            ecep:pron="ɪn">in</w>
         <c> </c>
         <w xml:id="bao18-055300"
            n="a-0400"
            ecep:lem="i"
            ecep:pos="pno11"
            ecep:reg="me"
            ecep:spe="me"
            ecep:syllab="1"
            ecep:pron="miː">me</w>
         <pc xml:id="bao18-055310"
             n="a-0410"
             unit="sentence"
             ecep:lem="."
             ecep:pos="."
             ecep:reg="."
             ecep:spe=".">.</pc>
         <c> </c>
         <pc xml:id="bao18-055320"
             n="a-0420"
             ecep:lem="—"
             ecep:pos="—"
             ecep:reg="—"
             ecep:spe="—">—</pc>
      </l>
      <l xml:id="bao18-l02645">
         <c> </c>
         <w xml:id="bao18-055330"
            n="a-0430"
            ecep:lem="then"
            ecep:pos="av"
            ecep:reg="Then"
            ecep:spe="Then"
            ecep:syllab="1"
            ecep:pron="ðen">Then</w>
         <c> </c>
         <w xml:id="bao18-055340"
            n="a-0440"
            ecep:lem="go"
            ecep:pos="vvb"
            ecep:reg="go"
            ecep:spe="go"
            ecep:syllab="1"
            ecep:pron="gəʊ">go</w>
         <pc xml:id="bao18-055350"
             n="a-0450"
             ecep:lem=","
             ecep:pos=","
             ecep:reg=","
             ecep:spe=",">,</pc>
         <c> </c>
         <w xml:id="bao18-055360"
            n="a-0460"
            ecep:lem="assure"
            ecep:pos="vvd"
            ecep:reg="assured"
            ecep:spe="assured"
            ecep:syllab="2"
            ecep:pron="əˈʃʊəd">assured</w>
         <c> </c>
         <w xml:id="bao18-055370"
            n="a-0470"
            ecep:lem="that"
            ecep:pos="cst"
            ecep:reg="that"
            ecep:spe="that"
            ecep:syllab="1"
            ecep:pron="ðæt">that</w>
         <c> </c>
         <w xml:id="bao18-055380"
            n="a-0480"
            ecep:lem="i|be"
            ecep:pos="png11|vbz"
            ecep:reg="mine's"
            ecep:spe="mine's"
            ecep:syllab="1"
            ecep:pron="ˈmaɪnz">mine's</w>
         <c> </c>
         <w xml:id="bao18-055390"
            n="a-0490"
            ecep:lem="no"
            ecep:pos="dx"
            ecep:reg="no"
            ecep:spe="no"
            ecep:syllab="1"
            ecep:pron="nəʊ">no</w>
         <c> </c>
         <w xml:id="bao18-055400"
            n="a-0500"
            ecep:lem="transient"
            ecep:pos="j"
            ecep:reg="transient"
            ecep:spe="transient"
            ecep:syllab="2"
            ecep:pron="ˈtrænzɪənt">transient</w>
         <c> </c>
         <w xml:id="bao18-055410"
            n="a-0510"
            ecep:lem="flame"
            ecep:pos="n1"
            ecep:reg="flame"
            ecep:spe="flame"
            ecep:syllab="1"
            ecep:pron="fleɪm">flame</w>
         <pc xml:id="bao18-055420"
             n="a-0520"
             ecep:lem=","
             ecep:pos=","
             ecep:reg=","
             ecep:spe=",">,</pc>
      </l>
      <l xml:id="bao18-l02650">
         <c> </c>
         <w xml:id="bao18-055430"
            n="a-0530"
            ecep:lem="for"
            ecep:pos="c-acp"
            ecep:reg="For"
            ecep:spe="For"
            ecep:syllab="1"
            ecep:pron="fɔː">For</w>
         <c> </c>
         <w xml:id="bao18-055440"
            n="a-0540"
            ecep:lem="on"
            ecep:pos="p-acp"
            ecep:reg="on"
            ecep:spe="on"
            ecep:syllab="1"
            ecep:pron="ɒn">on</w>
         <c> </c>
         <w xml:id="bao18-055450"
            n="a-0550"
            ecep:lem="your"
            ecep:pos="po22"
            ecep:reg="your"
            ecep:spe="your"
            ecep:syllab="1"
            ecep:pron="jɔː">your</w>
         <c> </c>
         <w xml:id="bao18-055460"
            n="a-0560"
            ecep:lem="worth"
            ecep:pos="n1"
            ecep:reg="worth"
            ecep:spe="worth"
            ecep:syllab="1"
            ecep:pron="wɜːθ">worth</w>
         <c> </c>
         <w xml:id="bao18-055470"
            n="a-0570"
            ecep:lem="it"
            ecep:pos="pn31"
            ecep:reg="it"
            ecep:spe="it"
            ecep:syllab="1"
            ecep:pron="ɪt">it</w>
         <c> </c>
         <w xml:id="bao18-055480"
            n="a-0580"
            ecep:lem="feed"
            ecep:pos="vvz"
            ecep:reg="feeds"
            ecep:spe="feeds"
            ecep:syllab="1"
            ecep:pron="fiːdz">feeds</w>
         <pc xml:id="bao18-055490"
             n="a-0590"
             ecep:lem=","
             ecep:pos=","
             ecep:reg=","
             ecep:spe=",">,</pc>
         <c> </c>
         <w xml:id="bao18-055500"
            n="a-0600"
            ecep:lem="and"
            ecep:pos="cc"
            ecep:reg="and"
            ecep:spe="and"
            ecep:syllab="1"
            ecep:pron="ænd">and</w>
         <c> </c>
         <w xml:id="bao18-055510"
            n="a-0610"
            ecep:lem="live"
            ecep:pos="vvz"
            ecep:reg="lives"
            ecep:spe="lives"
            ecep:syllab="1"
            ecep:pron="lɪvz">lives</w>
         <c> </c>
         <w xml:id="bao18-055520"
            n="a-0620"
            ecep:lem="upon"
            ecep:pos="p-acp"
            ecep:reg="upon"
            ecep:spe="upon"
            ecep:syllab="2"
            ecep:pron="əˈpɒn">upon</w>
         <c> </c>
         <w xml:id="bao18-055530"
            n="a-0630"
            ecep:lem="your"
            ecep:pos="po22"
            ecep:reg="your"
            ecep:spe="your"
            ecep:syllab="1"
            ecep:pron="jɔː">your</w>
         <c> </c>
         <w xml:id="bao18-055540"
            n="a-0640"
            ecep:lem="fame"
            ecep:pos="n1"
            ecep:reg="fame"
            ecep:spe="fame"
            ecep:syllab="1"
            ecep:pron="feɪm">fame</w>
         <pc xml:id="bao18-055550"
             n="a-0650"
             unit="sentence"
             ecep:lem="."
             ecep:pos="."
             ecep:reg="."
             ecep:spe=".">.</pc>
         <c> </c>
      </l>
   </lg>
</div>
