<?xml version="1.0" encoding="utf-8"?>
<!DOCTYPE div
  SYSTEM "about:legacy-compat">
<div xmlns:ecep="http://www.eighteenthcenturypoetry.org/ns"
     xmlns="http://www.tei-c.org/ns/1.0"
     xmlns:tei="http://www.tei-c.org/ns/1.0"
     ana="#iamb #pentameter #quatrain #heroicquatrain #cross #ode"
     corresp="#txt_BethMa1776_w0004"
     decls="#semi-normalized"
     ecep:syllab="10.10.10.10"
     met="-+|-+|-+|-+|-+/ -+|-+|-+|-+|-+/ -+|-+|-+|-+|-+/ -+|-+|-+|-+|-+/"
     rendition="#lgvspace"
     rhyme="abab"
     subtype="eceptext"
     xml:id="bmb97-w0040">
   <link target="authors.xml#aut_BethMa1776" type="author"/>
   <head type="main">
      <hi>
         <w xml:id="bmb97-041540"
            n="a-0010"
            ecep:lem="the"
            ecep:pos="dt"
            ecep:reg="THE"
            ecep:spe="THE"
            ecep:syllab="1"
            ecep:pron="ðiː">THE</w>
         <c> </c>
         <w xml:id="bmb97-041550"
            n="a-0020"
            ecep:lem="lonely"
            ecep:pos="j"
            ecep:reg="LONELY"
            ecep:spe="LONELY"
            ecep:syllab="2"
            ecep:pron="ˈləʊnli">LONELY</w>
         <c> </c>
         <w xml:id="bmb97-041560"
            n="a-0030"
            ecep:lem="walk"
            ecep:pos="n1"
            ecep:reg="WALK"
            ecep:spe="WALK"
            ecep:syllab="1"
            ecep:pron="wɔːk">WALK</w>
      </hi>
   </head>
   <head type="sub">
      <w xml:id="bmb97-041590"
         n="a-0040"
         ecep:lem="to"
         ecep:pos="p-acp"
         ecep:reg="To"
         ecep:spe="To"
         ecep:syllab="1"
         ecep:pron="tuː">To</w>
      <c> </c>
      <w xml:id="bmb97-041600"
         n="a-0050"
         ecep:lem="W."
         ecep:pos="np1"
         ecep:reg="W."
         ecep:spe="W."
         ecep:syllab="3"
         ecep:pron="dˈʌbəljˌuː">W.</w>
      <c> </c>
      <w xml:id="bmb97-041610"
         n="a-0060"
         ecep:lem="S."
         ecep:pos="np1"
         ecep:reg="S."
         ecep:spe="S."
         ecep:syllab="1"
         ecep:pron="ˈes">S.</w>
      <c> </c>
      <w xml:id="bmb97-041620"
         n="a-0070"
         ecep:lem="B."
         ecep:pos="np1"
         ecep:reg="B."
         ecep:spe="B."
         ecep:syllab="1"
         ecep:pron="bˈiː">B.</w>
      <pc unit="sentence" xml:id="bmb97-041620-eos" n="a-0080"/>
   </head>
   <lg xml:id="bmb97-s00445">
      <l xml:id="bmb97-l01570">
         <w xml:id="bmb97-041650"
            n="a-0090"
            ecep:lem="when"
            ecep:pos="c-crq"
            ecep:reg="WHEN"
            ecep:spe="WHEN"
            ecep:syllab="1"
            ecep:pron="wen">WHEN</w>
         <c> </c>
         <w xml:id="bmb97-041660"
            n="a-0100"
            ecep:lem="the"
            ecep:pos="dt"
            ecep:reg="the"
            ecep:spe="the"
            ecep:syllab="1"
            ecep:pron="ðiː">the</w>
         <c> </c>
         <w xml:id="bmb97-041670"
            n="a-0110"
            ecep:lem="grey"
            ecep:pos="j-jn"
            ecep:reg="grey"
            ecep:spe="grey"
            ecep:syllab="1"
            ecep:pron="greɪ">grey</w>
         <c> </c>
         <w xml:id="bmb97-041680"
            n="a-0120"
            ecep:lem="evening"
            ecep:pos="n1"
            ecep:reg="evening"
            ecep:spe="evening"
            ecep:syllab="2"
            ecep:pron="ˈiːvnɪŋ">evening</w>
         <c> </c>
         <w xml:id="bmb97-041690"
            n="a-0130"
            ecep:lem="spread"
            ecep:pos="vvz"
            ecep:reg="spreads"
            ecep:spe="spreads"
            ecep:syllab="1"
            ecep:pron="spredz">spreads</w>
         <c> </c>
         <w xml:id="bmb97-041700"
            n="a-0140"
            ecep:lem="a"
            ecep:pos="dt"
            ecep:reg="a"
            ecep:spe="a"
            ecep:syllab="1"
            ecep:pron="ə">a</w>
         <c> </c>
         <w xml:id="bmb97-041710"
            n="a-0150"
            ecep:lem="calm"
            ecep:pos="j-jn"
            ecep:reg="calm"
            ecep:spe="calm"
            ecep:syllab="1"
            ecep:pron="kɑːm">calm</w>
         <c> </c>
         <w xml:id="bmb97-041720"
            n="a-0160"
            ecep:lem="around"
            ecep:pos="a-acp"
            ecep:reg="around"
            ecep:spe="around"
            ecep:syllab="2"
            ecep:pron="əˈraʊnd">around</w>
         <pc xml:id="bmb97-041730"
             n="a-0170"
             ecep:lem=","
             ecep:pos=","
             ecep:reg=","
             ecep:spe=",">,</pc>
      </l>
      <l rendition="#h_3" xml:id="bmb97-l01575">
         <c> </c>
         <w xml:id="bmb97-041740"
            n="a-0180"
            ecep:lem="tell"
            ecep:pos="vvb"
            ecep:reg="Tell"
            ecep:spe="Tell"
            ecep:syllab="1"
            ecep:pron="tel">Tell</w>
         <c> </c>
         <w xml:id="bmb97-041750"
            n="a-0190"
            ecep:lem="i"
            ecep:pos="pno11"
            ecep:reg="me"
            ecep:spe="me"
            ecep:syllab="1"
            ecep:pron="miː">me</w>
         <pc xml:id="bmb97-041760"
             n="a-0200"
             ecep:lem=","
             ecep:pos=","
             ecep:reg=","
             ecep:spe=",">,</pc>
         <c> </c>
         <w xml:id="bmb97-041770"
            n="a-0210"
            ecep:lem="have"
            ecep:pos="vhz"
            ecep:reg="has"
            ecep:spe="has"
            ecep:syllab="1"
            ecep:pron="hæz">has</w>
         <c> </c>
         <w xml:id="bmb97-041780"
            n="a-0220"
            ecep:lem="thy"
            ecep:pos="po21"
            ecep:reg="thy"
            ecep:spe="thy"
            ecep:syllab="1"
            ecep:pron="ðaɪ">thy</w>
         <c> </c>
         <w xml:id="bmb97-041790"
            n="a-0230"
            ecep:lem="bewilder"
            ecep:pos="j-vvn"
            ecep:reg="bewildered"
            ecep:spe="bewilder'd"
            ecep:syllab="3"
            ecep:pron="bɪˈwɪldəd">bewilder'd</w>
         <c> </c>
         <w xml:id="bmb97-041800"
            n="a-0240"
            ecep:lem="fancy"
            ecep:pos="n1"
            ecep:reg="fancy"
            ecep:spe="fancy"
            ecep:syllab="2"
            ecep:pron="ˈfænsi">fancy</w>
         <c> </c>
         <w xml:id="bmb97-041810"
            n="a-0250"
            ecep:lem="seek"
            ecep:pos="vvd"
            ecep:reg="sought"
            ecep:spe="sought"
            ecep:syllab="1"
            ecep:pron="sɔːt">sought</w>
         <pc xml:id="bmb97-041820"
             n="a-0260"
             ecep:lem=","
             ecep:pos=","
             ecep:reg=","
             ecep:spe=",">,</pc>
      </l>
      <l xml:id="bmb97-l01580">
         <c> </c>
         <w xml:id="bmb97-041830"
            n="a-0270"
            ecep:lem="retire"
            ecep:pos="vvn"
            ecep:reg="Retired"
            ecep:spe="Retir'd"
            ecep:syllab="2"
            ecep:pron="rɪˈtæəd">Retir'd</w>
         <c> </c>
         <w xml:id="bmb97-041840"
            n="a-0280"
            ecep:lem="in"
            ecep:pos="p-acp"
            ecep:reg="in"
            ecep:spe="in"
            ecep:syllab="1"
            ecep:pron="ɪn">in</w>
         <c> </c>
         <w xml:id="bmb97-041850"
            n="a-0290"
            ecep:lem="some"
            ecep:pos="d"
            ecep:reg="some"
            ecep:spe="some"
            ecep:syllab="1"
            ecep:pron="sʌm">some</w>
         <c> </c>
         <w xml:id="bmb97-041860"
            n="a-0300"
            ecep:lem="sequester"
            ecep:pos="j-vvn"
            ecep:reg="sequestered"
            ecep:spe="sequestered"
            ecep:syllab="3"
            ecep:pron="sɪˈkwestəd">sequestered</w>
         <c> </c>
         <w xml:id="bmb97-041870"
            n="a-0310"
            ecep:lem="spot"
            ecep:pos="n1"
            ecep:reg="spot"
            ecep:spe="spot"
            ecep:syllab="1"
            ecep:pron="spɒt">spot</w>
         <c> </c>
         <w xml:id="bmb97-041880"
            n="a-0320"
            ecep:lem="of"
            ecep:pos="pp-f"
            ecep:reg="of"
            ecep:spe="of"
            ecep:syllab="1"
            ecep:pron="ɒv">of</w>
         <c> </c>
         <w xml:id="bmb97-041890"
            n="a-0330"
            ecep:lem="ground"
            ecep:pos="n1"
            ecep:reg="ground"
            ecep:spe="ground"
            ecep:syllab="1"
            ecep:pron="graʊnd">ground</w>
         <pc xml:id="bmb97-041900"
             n="a-0340"
             ecep:lem=","
             ecep:pos=","
             ecep:reg=","
             ecep:spe=",">,</pc>
      </l>
      <l rendition="#h_3" xml:id="bmb97-l01585">
         <c> </c>
         <w xml:id="bmb97-041910"
            n="a-0350"
            ecep:lem="rest"
            ecep:pos="vvb"
            ecep:reg="Rest"
            ecep:spe="Rest"
            ecep:syllab="1"
            ecep:pron="rest">Rest</w>
         <pc xml:id="bmb97-041920"
             n="a-0360"
             ecep:lem=","
             ecep:pos=","
             ecep:reg=","
             ecep:spe=",">,</pc>
         <c> </c>
         <w xml:id="bmb97-041930"
            n="a-0370"
            ecep:lem="from"
            ecep:pos="p-acp"
            ecep:reg="from"
            ecep:spe="from"
            ecep:syllab="1"
            ecep:pron="frɒm">from</w>
         <c> </c>
         <w xml:id="bmb97-041940"
            n="a-0380"
            ecep:lem="the"
            ecep:pos="dt"
            ecep:reg="the"
            ecep:spe="the"
            ecep:syllab="1"
            ecep:pron="ðiː">the</w>
         <c> </c>
         <w xml:id="bmb97-041950"
            n="a-0390"
            ecep:lem="labour"
            ecep:pos="n1"
            ecep:reg="labour"
            ecep:spe="labour"
            ecep:syllab="2"
            ecep:pron="ˈleɪbə">labour</w>
         <c> </c>
         <w xml:id="bmb97-041960"
            n="a-0400"
            ecep:lem="of"
            ecep:pos="pp-f"
            ecep:reg="of"
            ecep:spe="of"
            ecep:syllab="1"
            ecep:pron="ɒv">of</w>
         <c> </c>
         <w xml:id="bmb97-041970"
            n="a-0410"
            ecep:lem="eternal"
            ecep:pos="j"
            ecep:reg="eternal"
            ecep:spe="eternal"
            ecep:syllab="3"
            ecep:pron="ɪˈtɜːnl">eternal</w>
         <c> </c>
         <w xml:id="bmb97-041980"
            n="a-0420"
            ecep:lem="thought"
            ecep:pos="n1"
            ecep:reg="thought"
            ecep:spe="thought"
            ecep:syllab="1"
            ecep:pron="θɔːt">thought</w>
         <pc xml:id="bmb97-041990"
             n="a-0430"
             unit="sentence"
             ecep:lem="?"
             ecep:pos="?"
             ecep:reg="?"
             ecep:spe="?">?</pc>
         <c> </c>
      </l>
   </lg>
   <lg xml:id="bmb97-s00450">
      <l xml:id="bmb97-l01590">
         <w xml:id="bmb97-042020"
            n="a-0440"
            ecep:lem="when"
            ecep:pos="c-crq"
            ecep:reg="When"
            ecep:spe="When"
            ecep:syllab="1"
            ecep:pron="wen">When</w>
         <pc xml:id="bmb97-042030"
             n="a-0450"
             ecep:lem=","
             ecep:pos=","
             ecep:reg=","
             ecep:spe=",">,</pc>
         <c> </c>
         <w xml:id="bmb97-042040"
            n="a-0460"
            ecep:lem="wrap"
            ecep:pos="vvn"
            ecep:reg="wrapped"
            ecep:spe="wrapt"
            ecep:syllab="1"
            ecep:pron="rˈæpt">wrapt</w>
         <c> </c>
         <w xml:id="bmb97-042050"
            n="a-0470"
            ecep:lem="in"
            ecep:pos="p-acp"
            ecep:reg="in"
            ecep:spe="in"
            ecep:syllab="1"
            ecep:pron="ɪn">in</w>
         <c> </c>
         <w xml:id="bmb97-042060"
            n="a-0480"
            ecep:lem="self"
            ecep:pos="n1"
            ecep:reg="self"
            ecep:spe="self"
            ecep:syllab="1"
            ecep:pron="self">self</w>
         <pc xml:id="bmb97-042070"
             n="a-0490"
             ecep:lem=","
             ecep:pos=","
             ecep:reg=","
             ecep:spe=",">,</pc>
         <c> </c>
         <w xml:id="bmb97-042080"
            n="a-0500"
            ecep:lem="the"
            ecep:pos="dt"
            ecep:reg="the"
            ecep:spe="the"
            ecep:syllab="1"
            ecep:pron="ðiː">the</w>
         <c> </c>
         <w xml:id="bmb97-042090"
            n="a-0510"
            ecep:lem="soul"
            ecep:pos="n1"
            ecep:reg="soul"
            ecep:spe="soul"
            ecep:syllab="1"
            ecep:pron="səʊl">soul</w>
         <c> </c>
         <w xml:id="bmb97-042100"
            n="a-0520"
            ecep:lem="enjoy"
            ecep:pos="vvz"
            ecep:reg="enjoys"
            ecep:spe="enjoys"
            ecep:syllab="2"
            ecep:pron="ɪnˈdʒɔɪz">enjoys</w>
         <c> </c>
         <w xml:id="bmb97-042110"
            n="a-0530"
            ecep:lem="repose"
            ecep:pos="n1"
            ecep:reg="repose"
            ecep:spe="repose"
            ecep:syllab="2"
            ecep:pron="rɪˈpəʊz">repose</w>
         <pc xml:id="bmb97-042120"
             n="a-0540"
             ecep:lem=","
             ecep:pos=","
             ecep:reg=","
             ecep:spe=",">,</pc>
      </l>
      <l rendition="#h_3" xml:id="bmb97-l01595">
         <c> </c>
         <w xml:id="bmb97-042130"
            n="a-0550"
            ecep:lem="the"
            ecep:pos="dt"
            ecep:reg="The"
            ecep:spe="The"
            ecep:syllab="1"
            ecep:pron="ðiː">The</w>
         <c> </c>
         <w xml:id="bmb97-042140"
            n="a-0560"
            ecep:lem="weary"
            ecep:pos="j-vvn"
            ecep:reg="wearied"
            ecep:spe="wearied"
            ecep:syllab="2"
            ecep:pron="ˈwɪərid">wearied</w>
         <c> </c>
         <w xml:id="bmb97-042150"
            n="a-0570"
            ecep:lem="brain"
            ecep:pos="n1"
            ecep:reg="brain"
            ecep:spe="brain"
            ecep:syllab="1"
            ecep:pron="breɪn">brain</w>
         <c> </c>
         <w xml:id="bmb97-042160"
            n="a-0580"
            ecep:lem="resign"
            ecep:pos="vvz"
            ecep:reg="resigns"
            ecep:spe="resigns"
            ecep:syllab="2"
            ecep:pron="rɪˈzaɪnz">resigns</w>
         <c> </c>
         <w xml:id="bmb97-042170"
            n="a-0590"
            ecep:lem="its"
            ecep:pos="po31"
            ecep:reg="its"
            ecep:spe="its"
            ecep:syllab="1"
            ecep:pron="ɪts">its</w>
         <c> </c>
         <w xml:id="bmb97-042180"
            n="a-0600"
            ecep:lem="fervent"
            ecep:pos="j"
            ecep:reg="fervent"
            ecep:spe="fervent"
            ecep:syllab="2"
            ecep:pron="ˈfɜːvnt">fervent</w>
         <c> </c>
         <w xml:id="bmb97-042190"
            n="a-0610"
            ecep:lem="heat"
            ecep:pos="n1"
            ecep:reg="heat"
            ecep:spe="heat"
            ecep:syllab="1"
            ecep:pron="hiːt">heat</w>
         <pc xml:id="bmb97-042200"
             n="a-0620"
             ecep:lem=","
             ecep:pos=","
             ecep:reg=","
             ecep:spe=",">,</pc>
      </l>
      <l xml:id="bmb97-l01600">
         <c> </c>
         <w xml:id="bmb97-042210"
            n="a-0630"
            ecep:lem="in"
            ecep:pos="p-acp"
            ecep:reg="In"
            ecep:spe="In"
            ecep:syllab="1"
            ecep:pron="ɪn">In</w>
         <c> </c>
         <w xml:id="bmb97-042220"
            n="a-0640"
            ecep:lem="dream-like"
            ecep:pos="av-j"
            ecep:reg="dreamlike"
            ecep:spe="dream-like"
            ecep:syllab="2"
            ecep:pron="driːmˌlaɪk">dream-like</w>
         <c> </c>
         <w xml:id="bmb97-042230"
            n="a-0650"
            ecep:lem="muse"
            ecep:pos="vvg"
            ecep:reg="musing"
            ecep:spe="musing"
            ecep:syllab="2"
            ecep:pron="mjuːzɪŋ">musing</w>
         <c> </c>
         <w xml:id="bmb97-042240"
            n="a-0660"
            ecep:lem="every"
            ecep:pos="d"
            ecep:reg="every"
            ecep:spe="every"
            ecep:syllab="2"
            ecep:pron="ˈevri">every</w>
         <c> </c>
         <w xml:id="bmb97-042250"
            n="a-0670"
            ecep:lem="care"
            ecep:pos="n1"
            ecep:reg="care"
            ecep:spe="care"
            ecep:syllab="1"
            ecep:pron="keə">care</w>
         <c> </c>
         <w xml:id="bmb97-042260"
            n="a-0680"
            ecep:lem="we"
            ecep:pos="pns12"
            ecep:reg="we"
            ecep:spe="we"
            ecep:syllab="1"
            ecep:pron="wiː">we</w>
         <c> </c>
         <w xml:id="bmb97-042270"
            n="a-0690"
            ecep:lem="lose"
            ecep:pos="vvb"
            ecep:reg="lose"
            ecep:spe="lose"
            ecep:syllab="1"
            ecep:pron="luːz">lose</w>
         <pc xml:id="bmb97-042280"
             n="a-0700"
             ecep:lem=","
             ecep:pos=","
             ecep:reg=","
             ecep:spe=",">,</pc>
      </l>
      <l rendition="#h_3" xml:id="bmb97-l01605">
         <c> </c>
         <w xml:id="bmb97-042290"
            n="a-0710"
            ecep:lem="and"
            ecep:pos="cc"
            ecep:reg="And"
            ecep:spe="And"
            ecep:syllab="1"
            ecep:pron="ænd">And</w>
         <c> </c>
         <w xml:id="bmb97-042300"
            n="a-0720"
            ecep:lem="wind"
            ecep:pos="vvb"
            ecep:reg="wind"
            ecep:spe="wind"
            ecep:syllab="1"
            ecep:pron="waɪnd">wind</w>
         <c> </c>
         <w xml:id="bmb97-042310"
            n="a-0730"
            ecep:lem="our"
            ecep:pos="po12"
            ecep:reg="our"
            ecep:spe="our"
            ecep:syllab="1"
            ecep:pron="æə">our</w>
         <c> </c>
         <w xml:id="bmb97-042320"
            n="a-0740"
            ecep:lem="way"
            ecep:pos="n1"
            ecep:reg="way"
            ecep:spe="way"
            ecep:syllab="1"
            ecep:pron="weɪ">way</w>
         <c> </c>
         <w xml:id="bmb97-042330"
            n="a-0750"
            ecep:lem="with"
            ecep:pos="p-acp"
            ecep:reg="with"
            ecep:spe="with"
            ecep:syllab="1"
            ecep:pron="wɪð">with</w>
         <c> </c>
         <w xml:id="bmb97-042340"
            n="a-0760"
            ecep:lem="slowly-moving"
            ecep:pos="j"
            ecep:reg="slowly-moving"
            ecep:spe="slowly-moving"
            ecep:syllab="4"
            ecep:pron="sləʊliˌmuːvɪŋ">slowly-moving</w>
         <c> </c>
         <w xml:id="bmb97-042350"
            n="a-0770"
            ecep:lem="foot"
            ecep:pos="n2"
            ecep:reg="feet"
            ecep:spe="feet"
            ecep:syllab="1"
            ecep:pron="fiːt">feet</w>
         <pc xml:id="bmb97-042360"
             n="a-0780"
             ecep:lem=","
             ecep:pos=","
             ecep:reg=","
             ecep:spe=",">,</pc>
      </l>
   </lg>
   <pb n="25" rend="none"/>
   <lg xml:id="bmb97-s00455">
      <l xml:id="bmb97-l01610">
         <w xml:id="bmb97-042390"
            n="a-0010"
            ecep:lem="oft"
            ecep:pos="av"
            ecep:reg="Oft"
            ecep:spe="Oft"
            ecep:syllab="1"
            ecep:pron="ɒft">Oft</w>
         <pc xml:id="bmb97-042400"
             n="a-0020"
             ecep:lem=","
             ecep:pos=","
             ecep:reg=","
             ecep:spe=",">,</pc>
         <c> </c>
         <w xml:id="bmb97-042410"
            n="a-0030"
            ecep:lem="to"
            ecep:pos="pc-acp"
            ecep:reg="to"
            ecep:spe="to"
            ecep:syllab="1"
            ecep:pron="tuː">to</w>
         <c> </c>
         <w xml:id="bmb97-042420"
            n="a-0040"
            ecep:lem="indulge"
            ecep:pos="vvi"
            ecep:reg="indulge"
            ecep:spe="indulge"
            ecep:syllab="2"
            ecep:pron="ɪnˈdʌldʒ">indulge</w>
         <c> </c>
         <w xml:id="bmb97-042430"
            n="a-0050"
            ecep:lem="the"
            ecep:pos="dt"
            ecep:reg="the"
            ecep:spe="the"
            ecep:syllab="1"
            ecep:pron="ðiː">the</w>
         <c> </c>
         <w xml:id="bmb97-042440"
            n="a-0060"
            ecep:lem="thought-exploded"
            ecep:pos="j"
            ecep:reg="thought-exploded"
            ecep:spe="thought-exploded"
            ecep:syllab="4"
            ecep:pron="θɔːtˌɪkˈspləʊdɪd">thought-exploded</w>
         <c> </c>
         <w xml:id="bmb97-042450"
            n="a-0070"
            ecep:lem="sigh"
            ecep:pos="n1"
            ecep:reg="sigh"
            ecep:spe="sigh"
            ecep:syllab="1"
            ecep:pron="saɪ">sigh</w>
         <pc xml:id="bmb97-042460"
             n="a-0080"
             ecep:lem=","
             ecep:pos=","
             ecep:reg=","
             ecep:spe=",">,</pc>
      </l>
      <l rendition="#h_3" xml:id="bmb97-l01615">
         <c> </c>
         <w xml:id="bmb97-042470"
            n="a-0090"
            ecep:lem="when"
            ecep:pos="c-crq"
            ecep:reg="When"
            ecep:spe="When"
            ecep:syllab="1"
            ecep:pron="wen">When</w>
         <pc xml:id="bmb97-042480"
             n="a-0100"
             ecep:lem=","
             ecep:pos=","
             ecep:reg=","
             ecep:spe=",">,</pc>
         <c> </c>
         <w xml:id="bmb97-042490"
            n="a-0110"
            ecep:lem="slow"
            ecep:pos="av-j"
            ecep:reg="slowly"
            ecep:spe="slowly"
            ecep:syllab="2"
            ecep:pron="sləʊli">slowly</w>
         <c> </c>
         <w xml:id="bmb97-042500"
            n="a-0120"
            ecep:lem="wander"
            ecep:pos="vvg"
            ecep:reg="wandering"
            ecep:spe="wandering"
            ecep:syllab="3"
            ecep:pron="ˈwɒndrɪŋ">wandering</w>
         <c> </c>
         <w xml:id="bmb97-042510"
            n="a-0130"
            ecep:lem="at"
            ecep:pos="p-acp"
            ecep:reg="at"
            ecep:spe="at"
            ecep:syllab="1"
            ecep:pron="æt">at</w>
         <c> </c>
         <w xml:id="bmb97-042520"
            n="a-0140"
            ecep:lem="the"
            ecep:pos="dt"
            ecep:reg="the"
            ecep:spe="the"
            ecep:syllab="1"
            ecep:pron="ðiː">the</w>
         <c> </c>
         <w xml:id="bmb97-042530"
            n="a-0150"
            ecep:lem="close"
            ecep:pos="n1"
            ecep:reg="close"
            ecep:spe="close"
            ecep:syllab="1"
            ecep:pron="kləʊz">close</w>
         <c> </c>
         <w xml:id="bmb97-042540"
            n="a-0160"
            ecep:lem="of"
            ecep:pos="pp-f"
            ecep:reg="of"
            ecep:spe="of"
            ecep:syllab="1"
            ecep:pron="ɒv">of</w>
         <c> </c>
         <w xml:id="bmb97-042550"
            n="a-0170"
            ecep:lem="day"
            ecep:pos="n1"
            ecep:reg="day"
            ecep:spe="day"
            ecep:syllab="1"
            ecep:pron="deɪ">day</w>
         <pc xml:id="bmb97-042560"
             n="a-0180"
             ecep:lem=","
             ecep:pos=","
             ecep:reg=","
             ecep:spe=",">,</pc>
      </l>
      <l xml:id="bmb97-l01620">
         <c> </c>
         <w xml:id="bmb97-042570"
            n="a-0190"
            ecep:lem="light"
            ecep:pos="j"
            ecep:reg="Light"
            ecep:spe="Light"
            ecep:syllab="1"
            ecep:pron="laɪt">Light</w>
         <c> </c>
         <w xml:id="bmb97-042580"
            n="a-0200"
            ecep:lem="emanation"
            ecep:pos="n2"
            ecep:reg="emanations"
            ecep:spe="emanations"
            ecep:syllab="4"
            ecep:pron="ˌeməˈneɪʃnz">emanations</w>
         <c> </c>
         <w xml:id="bmb97-042590"
            n="a-0210"
            ecep:lem="from"
            ecep:pos="p-acp"
            ecep:reg="from"
            ecep:spe="from"
            ecep:syllab="1"
            ecep:pron="frɒm">from</w>
         <c> </c>
         <w xml:id="bmb97-042600"
            n="a-0220"
            ecep:lem="th'abstract"
            ecep:pos="j-vvn"
            ecep:reg="th'abstracted"
            ecep:spe="th'abstracted"
            ecep:syllab="3"
            ecep:pron="tˈiːˈæbstræktɪd">th'abstracted</w>
         <c> </c>
         <w xml:id="bmb97-042610"
            n="a-0230"
            ecep:lem="eye"
            ecep:pos="n1"
            ecep:reg="eye"
            ecep:spe="eye"
            ecep:syllab="1"
            ecep:pron="aɪ">eye</w>
         <pc xml:id="bmb97-042620"
             n="a-0240"
             ecep:lem=","
             ecep:pos=","
             ecep:reg=","
             ecep:spe=",">,</pc>
      </l>
      <l rendition="#h_3" xml:id="bmb97-l01625">
         <c> </c>
         <w xml:id="bmb97-042630"
            n="a-0250"
            ecep:lem="with"
            ecep:pos="p-acp"
            ecep:reg="With"
            ecep:spe="With"
            ecep:syllab="1"
            ecep:pron="wɪð">With</w>
         <c> </c>
         <w xml:id="bmb97-042640"
            n="a-0260"
            ecep:lem="transient"
            ecep:pos="j"
            ecep:reg="transient"
            ecep:spe="transient"
            ecep:syllab="2"
            ecep:pron="ˈtrænziənt">transient</w>
         <c> </c>
         <w xml:id="bmb97-042650"
            n="a-0270"
            ecep:lem="beauty"
            ecep:pos="n1"
            ecep:reg="beauty"
            ecep:spe="beauty"
            ecep:syllab="2"
            ecep:pron="ˈbjuːti">beauty</w>
         <c> </c>
         <w xml:id="bmb97-042660"
            n="a-0280"
            ecep:lem="in"
            ecep:pos="p-acp"
            ecep:reg="in"
            ecep:spe="in"
            ecep:syllab="1"
            ecep:pron="ɪn">in</w>
         <c> </c>
         <w xml:id="bmb97-042670"
            n="a-0290"
            ecep:lem="the"
            ecep:pos="dt"
            ecep:reg="the"
            ecep:spe="the"
            ecep:syllab="1"
            ecep:pron="ðiː">the</w>
         <c> </c>
         <w xml:id="bmb97-042680"
            n="a-0300"
            ecep:lem="sunbeam"
            ecep:pos="n2"
            ecep:reg="sunbeams"
            ecep:spe="sun-beams"
            ecep:syllab="2"
            ecep:pron="sʌnˌbiːmz">sun-beams</w>
         <c> </c>
         <w xml:id="bmb97-042690"
            n="a-0310"
            ecep:lem="play"
            ecep:pos="vvi"
            ecep:reg="play"
            ecep:spe="play"
            ecep:syllab="1"
            ecep:pron="pleɪ">play</w>
         <pc xml:id="bmb97-042700"
             n="a-0320"
             ecep:lem=","
             ecep:pos=","
             ecep:reg=","
             ecep:spe=",">,</pc>
      </l>
   </lg>
   <lg xml:id="bmb97-s00460">
      <l xml:id="bmb97-l01630">
         <w xml:id="bmb97-042730"
            n="a-0330"
            ecep:lem="thy"
            ecep:pos="po21"
            ecep:reg="Thy"
            ecep:spe="Thy"
            ecep:syllab="1"
            ecep:pron="ðaɪ">Thy</w>
         <c> </c>
         <w xml:id="bmb97-042740"
            n="a-0340"
            ecep:lem="sister"
            ecep:pos="n1"
            ecep:reg="sister"
            ecep:spe="sister"
            ecep:syllab="2"
            ecep:pron="ˈsɪstə">sister</w>
         <c> </c>
         <w xml:id="bmb97-042750"
            n="a-0350"
            ecep:lem="seek"
            ecep:pos="vvz"
            ecep:reg="seeks"
            ecep:spe="seeks"
            ecep:syllab="1"
            ecep:pron="siːks">seeks</w>
         <c> </c>
         <w xml:id="bmb97-042760"
            n="a-0360"
            ecep:lem="the"
            ecep:pos="dt"
            ecep:reg="the"
            ecep:spe="the"
            ecep:syllab="1"
            ecep:pron="ðiː">the</w>
         <c> </c>
         <w xml:id="bmb97-042770"
            n="a-0370"
            ecep:lem="solitary"
            ecep:pos="j"
            ecep:reg="solitary"
            ecep:spe="solitary"
            ecep:syllab="4"
            ecep:pron="ˈsɒlɪtri">solitary</w>
         <c> </c>
         <w xml:id="bmb97-042780"
            n="a-0380"
            ecep:lem="shade"
            ecep:pos="n1"
            ecep:reg="shade"
            ecep:spe="shade"
            ecep:syllab="1"
            ecep:pron="ʃeɪd">shade</w>
         <pc xml:id="bmb97-042790"
             n="a-0390"
             ecep:lem=","
             ecep:pos=","
             ecep:reg=","
             ecep:spe=",">,</pc>
      </l>
      <l rendition="#h_3" xml:id="bmb97-l01635">
         <c> </c>
         <w xml:id="bmb97-042800"
            n="a-0400"
            ecep:lem="her"
            ecep:pos="po31"
            ecep:reg="Her"
            ecep:spe="Her"
            ecep:syllab="1"
            ecep:pron="hɜː">Her</w>
         <c> </c>
         <w xml:id="bmb97-042810"
            n="a-0410"
            ecep:lem="mind"
            ecep:pos="n1"
            ecep:reg="mind"
            ecep:spe="mind"
            ecep:syllab="1"
            ecep:pron="maɪnd">mind</w>
         <c> </c>
         <w xml:id="bmb97-042820"
            n="a-0420"
            ecep:lem="inhale"
            ecep:pos="vvg"
            ecep:reg="inhaling"
            ecep:spe="inhaling"
            ecep:syllab="3"
            ecep:pron="ɪnˈheɪlɪŋ">inhaling</w>
         <c> </c>
         <w xml:id="bmb97-042830"
            n="a-0430"
            ecep:lem="the"
            ecep:pos="dt"
            ecep:reg="the"
            ecep:spe="the"
            ecep:syllab="1"
            ecep:pron="ðiː">the</w>
         <c> </c>
         <w xml:id="bmb97-042840"
            n="a-0440"
            ecep:lem="aërial"
            ecep:pos="j"
            ecep:reg="aerial"
            ecep:spe="aërial"
            ecep:syllab="3"
            ecep:pron="ˈeəriəl">aërial</w>
         <c> </c>
         <w xml:id="bmb97-042850"
            n="a-0450"
            ecep:lem="gloom"
            ecep:pos="n1"
            ecep:reg="gloom"
            ecep:spe="gloom"
            ecep:syllab="1"
            ecep:pron="gluːm">gloom</w>
         <pc xml:id="bmb97-042860"
             n="a-0460"
             ecep:lem=","
             ecep:pos=","
             ecep:reg=","
             ecep:spe=",">,</pc>
      </l>
      <l xml:id="bmb97-l01640">
         <c> </c>
         <w xml:id="bmb97-042870"
            n="a-0470"
            ecep:lem="see"
            ecep:pos="vvz"
            ecep:reg="Sees"
            ecep:spe="Sees"
            ecep:syllab="1"
            ecep:pron="siːz">Sees</w>
         <pc xml:id="bmb97-042880"
             n="a-0480"
             ecep:lem=","
             ecep:pos=","
             ecep:reg=","
             ecep:spe=",">,</pc>
         <c> </c>
         <w xml:id="bmb97-042890"
            n="a-0490"
            ecep:lem="not"
            ecep:pos="xx"
            ecep:reg="not"
            ecep:spe="not"
            ecep:syllab="1"
            ecep:pron="nɒt">not</w>
         <c> </c>
         <w xml:id="bmb97-042900"
            n="a-0500"
            ecep:lem="observe"
            ecep:pos="vvg"
            ecep:reg="observing"
            ecep:spe="observing"
            ecep:syllab="3"
            ecep:pron="əbˈzɜːvɪŋ">observing</w>
         <pc xml:id="bmb97-042910"
             n="a-0510"
             ecep:lem=","
             ecep:pos=","
             ecep:reg=","
             ecep:spe=",">,</pc>
         <c> </c>
         <w xml:id="bmb97-042920"
            n="a-0520"
            ecep:lem="the"
            ecep:pos="dt"
            ecep:reg="the"
            ecep:spe="the"
            ecep:syllab="1"
            ecep:pron="ðiː">the</w>
         <c> </c>
         <w xml:id="bmb97-042930"
            n="a-0530"
            ecep:lem="fair"
            ecep:pos="j"
            ecep:reg="fair"
            ecep:spe="fair"
            ecep:syllab="1"
            ecep:pron="feə">fair</w>
         <c> </c>
         <w xml:id="bmb97-042940"
            n="a-0540"
            ecep:lem="landscape"
            ecep:pos="n1"
            ecep:reg="landscape"
            ecep:spe="landscape"
            ecep:syllab="2"
            ecep:pron="ˈlænskeɪp">landscape</w>
         <c> </c>
         <w xml:id="bmb97-042950"
            n="a-0550"
            ecep:lem="fade"
            ecep:pos="vvi"
            ecep:reg="fade"
            ecep:spe="fade"
            ecep:syllab="1"
            ecep:pron="feɪd">fade</w>
         <pc xml:id="bmb97-042960"
             n="a-0560"
             ecep:lem=","
             ecep:pos=","
             ecep:reg=","
             ecep:spe=",">,</pc>
      </l>
      <l rendition="#h_3" xml:id="bmb97-l01645">
         <c> </c>
         <w xml:id="bmb97-042970"
            n="a-0570"
            ecep:lem="and"
            ecep:pos="cc"
            ecep:reg="And"
            ecep:spe="And"
            ecep:syllab="1"
            ecep:pron="ænd">And</w>
         <c> </c>
         <w xml:id="bmb97-042980"
            n="a-0580"
            ecep:lem="sullen"
            ecep:pos="j"
            ecep:reg="sullen"
            ecep:spe="sullen"
            ecep:syllab="2"
            ecep:pron="ˈsʌlən">sullen</w>
         <c> </c>
         <w xml:id="bmb97-042990"
            n="a-0590"
            ecep:lem="mist"
            ecep:pos="n1"
            ecep:reg="missed"
            ecep:spe="mist"
            ecep:syllab="1"
            ecep:pron="mɪst">mist</w>
         <c> </c>
         <w xml:id="bmb97-043000"
            n="a-0600"
            ecep:lem="usurp"
            ecep:pos="vvg"
            ecep:reg="usurping"
            ecep:spe="usurping"
            ecep:syllab="3"
            ecep:pron="juːˈzɜːpɪŋ">usurping</w>
         <c> </c>
         <w xml:id="bmb97-043010"
            n="a-0610"
            ecep:lem="daylight's"
            ecep:pos="j"
            ecep:reg="daylight's"
            ecep:spe="day-light's"
            ecep:syllab="2"
            ecep:pron="ˈdeɪlaɪtz">day-light's</w>
         <c> </c>
         <w xml:id="bmb97-043020"
            n="a-0620"
            ecep:lem="room"
            ecep:pos="n1"
            ecep:reg="room"
            ecep:spe="room"
            ecep:syllab="1"
            ecep:pron="ruːm">room</w>
         <pc xml:id="bmb97-043030"
             n="a-0630"
             unit="sentence"
             ecep:lem="."
             ecep:pos="."
             ecep:reg="."
             ecep:spe=".">.</pc>
         <c> </c>
      </l>
   </lg>
   <lg xml:id="bmb97-s00465">
      <l xml:id="bmb97-l01650">
         <w xml:id="bmb97-043060"
            n="a-0640"
            ecep:lem="not"
            ecep:pos="xx"
            ecep:reg="Not"
            ecep:spe="Not"
            ecep:syllab="1"
            ecep:pron="nɒt">Not</w>
         <c> </c>
         <w xml:id="bmb97-043070"
            n="a-0650"
            ecep:lem="she"
            ecep:pos="png31"
            ecep:reg="hers"
            ecep:spe="her's"
            ecep:syllab="1"
            ecep:pron="hɜːz">her's</w>
         <c> </c>
         <w xml:id="bmb97-043080"
            n="a-0660"
            ecep:lem="the"
            ecep:pos="dt"
            ecep:reg="the"
            ecep:spe="the"
            ecep:syllab="1"
            ecep:pron="ðiː">the</w>
         <c> </c>
         <w xml:id="bmb97-043090"
            n="a-0670"
            ecep:lem="feeling"
            ecep:pos="n2"
            ecep:reg="feelings"
            ecep:spe="feelings"
            ecep:syllab="2"
            ecep:pron="ˈfiːlɪŋz">feelings</w>
         <c> </c>
         <w xml:id="bmb97-043100"
            n="a-0680"
            ecep:lem="which"
            ecep:pos="r-crq"
            ecep:reg="which"
            ecep:spe="which"
            ecep:syllab="1"
            ecep:pron="wɪtʃ">which</w>
         <c> </c>
         <w xml:id="bmb97-043110"
            n="a-0690"
            ecep:lem="regret"
            ecep:pos="n1"
            ecep:reg="regret"
            ecep:spe="regret"
            ecep:syllab="2"
            ecep:pron="rɪˈgret">regret</w>
         <c> </c>
         <w xml:id="bmb97-043120"
            n="a-0700"
            ecep:lem="inspire"
            ecep:pos="vvz"
            ecep:reg="inspires"
            ecep:spe="inspires"
            ecep:syllab="2"
            ecep:pron="ɪnˈspæəz">inspires</w>
         <pc xml:id="bmb97-043130"
             n="a-0710"
             ecep:lem=","
             ecep:pos=","
             ecep:reg=","
             ecep:spe=",">,</pc>
      </l>
      <l rendition="#h_3" xml:id="bmb97-l01655">
         <c> </c>
         <w xml:id="bmb97-043140"
            n="a-0720"
            ecep:lem="when"
            ecep:pos="c-crq"
            ecep:reg="When"
            ecep:spe="When"
            ecep:syllab="1"
            ecep:pron="wen">When</w>
         <c> </c>
         <w xml:id="bmb97-043150"
            n="a-0730"
            ecep:lem="sorrow"
            ecep:pos="n2"
            ecep:reg="sorrows"
            ecep:spe="sorrows"
            ecep:syllab="2"
            ecep:pron="ˈsɒrəʊz">sorrows</w>
         <c> </c>
         <w xml:id="bmb97-043160"
            n="a-0740"
            ecep:lem="keen"
            ecep:pos="j"
            ecep:reg="keen"
            ecep:spe="keen"
            ecep:syllab="1"
            ecep:pron="kiːn">keen</w>
         <c> </c>
         <w xml:id="bmb97-043170"
            n="a-0750"
            ecep:lem="have"
            ecep:pos="vhb"
            ecep:reg="have"
            ecep:spe="have"
            ecep:syllab="1"
            ecep:pron="hæv">have</w>
         <c> </c>
         <w xml:id="bmb97-043180"
            n="a-0760"
            ecep:lem="make"
            ecep:pos="vvn"
            ecep:reg="made"
            ecep:spe="made"
            ecep:syllab="1"
            ecep:pron="meɪd">made</w>
         <c> </c>
         <w xml:id="bmb97-043190"
            n="a-0770"
            ecep:lem="the"
            ecep:pos="dt"
            ecep:reg="the"
            ecep:spe="the"
            ecep:syllab="1"
            ecep:pron="ðiː">the</w>
         <c> </c>
         <w xml:id="bmb97-043200"
            n="a-0780"
            ecep:lem="spirit"
            ecep:pos="n2"
            ecep:reg="spirits"
            ecep:spe="spirits"
            ecep:syllab="2"
            ecep:pron="ˈspɪrɪts">spirits</w>
         <c> </c>
         <w xml:id="bmb97-043210"
            n="a-0790"
            ecep:lem="low"
            ecep:pos="j"
            ecep:reg="low"
            ecep:spe="low"
            ecep:syllab="1"
            ecep:pron="ləʊ">low</w>
         <pc xml:id="bmb97-043220"
             n="a-0800"
             ecep:lem=";"
             ecep:pos=";"
             ecep:reg=";"
             ecep:spe=";">;</pc>
      </l>
      <l xml:id="bmb97-l01660">
         <c> </c>
         <w xml:id="bmb97-043230"
            n="a-0810"
            ecep:lem="adversity"
            ecep:pos="n1"
            ecep:reg="Adversity"
            ecep:spe="Adversity"
            ecep:syllab="4"
            ecep:pron="ədˈvɜːsəti">Adversity</w>
         <c> </c>
         <w xml:id="bmb97-043240"
            n="a-0820"
            ecep:lem="have"
            ecep:pos="vhz"
            ecep:reg="has"
            ecep:spe="has"
            ecep:syllab="1"
            ecep:pron="hæz">has</w>
         <c> </c>
         <w xml:id="bmb97-043250"
            n="a-0830"
            ecep:lem="damp"
            ecep:pos="vvn"
            ecep:reg="damped"
            ecep:spe="damp'd"
            ecep:syllab="1"
            ecep:pron="dæmpt">damp'd</w>
         <c> </c>
         <w xml:id="bmb97-043260"
            n="a-0840"
            ecep:lem="the"
            ecep:pos="dt"
            ecep:reg="the"
            ecep:spe="the"
            ecep:syllab="1"
            ecep:pron="ðiː">the</w>
         <c> </c>
         <w xml:id="bmb97-043270"
            n="a-0850"
            ecep:lem="youthful"
            ecep:pos="j"
            ecep:reg="youthful"
            ecep:spe="youthful"
            ecep:syllab="2"
            ecep:pron="ˈjuːθfl">youthful</w>
         <c> </c>
         <w xml:id="bmb97-043280"
            n="a-0860"
            ecep:lem="fire"
            ecep:pos="n2"
            ecep:reg="fires"
            ecep:spe="fires"
            ecep:syllab="1"
            ecep:pron="fæəz">fires</w>
         <pc xml:id="bmb97-043290"
             n="a-0870"
             ecep:lem=","
             ecep:pos=","
             ecep:reg=","
             ecep:spe=",">,</pc>
      </l>
      <l rendition="#h_3" xml:id="bmb97-l01665">
         <c> </c>
         <w xml:id="bmb97-043300"
            n="a-0880"
            ecep:lem="and"
            ecep:pos="cc"
            ecep:reg="And"
            ecep:spe="And"
            ecep:syllab="1"
            ecep:pron="ænd">And</w>
         <c> </c>
         <w xml:id="bmb97-043310"
            n="a-0890"
            ecep:lem="all"
            ecep:pos="d"
            ecep:reg="all"
            ecep:spe="all"
            ecep:syllab="1"
            ecep:pron="ɔːl">all</w>
         <c> </c>
         <w xml:id="bmb97-043320"
            n="a-0900"
            ecep:lem="the"
            ecep:pos="dt"
            ecep:reg="the"
            ecep:spe="the"
            ecep:syllab="1"
            ecep:pron="ðiː">the</w>
         <c> </c>
         <w xml:id="bmb97-043330"
            n="a-0910"
            ecep:lem="tear"
            ecep:pos="n2"
            ecep:reg="tears"
            ecep:spe="tears"
            ecep:syllab="1"
            ecep:pron="tɪəz">tears</w>
         <c> </c>
         <w xml:id="bmb97-043340"
            n="a-0920"
            ecep:lem="that"
            ecep:pos="cst"
            ecep:reg="that"
            ecep:spe="that"
            ecep:syllab="1"
            ecep:pron="ðæt">that</w>
         <c> </c>
         <w xml:id="bmb97-043350"
            n="a-0930"
            ecep:lem="fall"
            ecep:pos="vvb"
            ecep:reg="fall"
            ecep:spe="fall"
            ecep:syllab="1"
            ecep:pron="fɔːl">fall</w>
         <c> </c>
         <w xml:id="bmb97-043360"
            n="a-0940"
            ecep:lem="be"
            ecep:pos="vbr"
            ecep:reg="are"
            ecep:spe="are"
            ecep:syllab="1"
            ecep:pron="ɑː">are</w>
         <c> </c>
         <w xml:id="bmb97-043370"
            n="a-0950"
            ecep:lem="tear"
            ecep:pos="n2"
            ecep:reg="tears"
            ecep:spe="tears"
            ecep:syllab="1"
            ecep:pron="tɪəz">tears</w>
         <c> </c>
         <w xml:id="bmb97-043380"
            n="a-0960"
            ecep:lem="of"
            ecep:pos="pp-f"
            ecep:reg="of"
            ecep:spe="of"
            ecep:syllab="1"
            ecep:pron="ɒv">of</w>
         <c> </c>
         <w xml:id="bmb97-043390"
            n="a-0970"
            ecep:lem="woe"
            ecep:pos="n1"
            ecep:reg="woe"
            ecep:spe="woe"
            ecep:syllab="1"
            ecep:pron="wəʊ">woe</w>
         <pc xml:id="bmb97-043400"
             n="a-0980"
             unit="sentence"
             ecep:lem="."
             ecep:pos="."
             ecep:reg="."
             ecep:spe=".">.</pc>
         <c> </c>
      </l>
   </lg>
   <lg xml:id="bmb97-s00470">
      <l xml:id="bmb97-l01670">
         <w xml:id="bmb97-043430"
            n="a-0990"
            ecep:lem="ah"
            ecep:pos="uh"
            ecep:reg="Ah"
            ecep:spe="Ah"
            ecep:syllab="1"
            ecep:pron="ɑː">Ah</w>
         <c> </c>
         <w xml:id="bmb97-043440"
            n="a-1000"
            ecep:lem="no"
            ecep:pos="uh"
            ecep:reg="no"
            ecep:spe="no"
            ecep:syllab="1"
            ecep:pron="nəʊ">no</w>
         <pc xml:id="bmb97-043445"
             n="a-1000"
             ecep:lem="!"
             ecep:pos="!"
             ecep:reg="!"
             ecep:spe="!">!</pc>
         <c> </c>
         <w xml:id="bmb97-043450"
            n="a-1010"
            ecep:lem="possess"
            ecep:pos="vvg"
            ecep:reg="possessing"
            ecep:spe="possessing"
            ecep:syllab="3"
            ecep:pron="pəˈzesɪŋ">possessing</w>
         <c> </c>
         <w xml:id="bmb97-043460"
            n="a-1020"
            ecep:lem="every"
            ecep:pos="d"
            ecep:reg="every"
            ecep:spe="every"
            ecep:syllab="2"
            ecep:pron="ˈevri">every</w>
         <c> </c>
         <w xml:id="bmb97-043470"
            n="a-1030"
            ecep:lem="social"
            ecep:pos="j"
            ecep:reg="social"
            ecep:spe="social"
            ecep:syllab="2"
            ecep:pron="ˈsəʊʃl">social</w>
         <c> </c>
         <w xml:id="bmb97-043480"
            n="a-1040"
            ecep:lem="bliss"
            ecep:pos="n1"
            ecep:reg="bliss"
            ecep:spe="bliss"
            ecep:syllab="1"
            ecep:pron="blɪs">bliss</w>
         <pc xml:id="bmb97-043490"
             n="a-1050"
             ecep:lem=","
             ecep:pos=","
             ecep:reg=","
             ecep:spe=",">,</pc>
      </l>
      <l rendition="#h_3" xml:id="bmb97-l01675">
         <c> </c>
         <w xml:id="bmb97-043500"
            n="a-1060"
            ecep:lem="i"
            ecep:pos="pns11"
            ecep:reg="I"
            ecep:spe="I"
            ecep:syllab="1"
            ecep:pron="aɪ">I</w>
         <c> </c>
         <w xml:id="bmb97-043510"
            n="a-1070"
            ecep:lem="can"
            ecep:pos="vmbx"
            ecep:reg="cannot"
            ecep:spe="cannot"
            ecep:syllab="2"
            ecep:pron="ˈkænɒt">cannot</w>
         <pc xml:id="bmb97-043520"
             n="a-1080"
             ecep:lem=","
             ecep:pos=","
             ecep:reg=","
             ecep:spe=",">,</pc>
         <c> </c>
         <w xml:id="bmb97-043530"
            n="a-1090"
            ecep:lem="will"
            ecep:pos="vmb"
            ecep:reg="will"
            ecep:spe="will"
            ecep:syllab="1"
            ecep:pron="wɪl">will</w>
         <c> </c>
         <w xml:id="bmb97-043540"
            n="a-1100"
            ecep:lem="not"
            ecep:pos="xx"
            ecep:reg="not"
            ecep:spe="not"
            ecep:syllab="1"
            ecep:pron="nɒt">not</w>
         <c> </c>
         <w xml:id="bmb97-043550"
            n="a-1110"
            ecep:lem="at"
            ecep:pos="p-acp"
            ecep:reg="at"
            ecep:spe="at"
            ecep:syllab="1"
            ecep:pron="æt">at</w>
         <c> </c>
         <w xml:id="bmb97-043560"
            n="a-1120"
            ecep:lem="my"
            ecep:pos="po11"
            ecep:reg="my"
            ecep:spe="my"
            ecep:syllab="1"
            ecep:pron="maɪ">my</w>
         <c> </c>
         <w xml:id="bmb97-043570"
            n="a-1130"
            ecep:lem="fate"
            ecep:pos="n1"
            ecep:reg="fate"
            ecep:spe="fate"
            ecep:syllab="1"
            ecep:pron="feɪt">fate</w>
         <c> </c>
         <w xml:id="bmb97-043580"
            n="a-1140"
            ecep:lem="repine"
            ecep:pos="vvi"
            ecep:reg="repine"
            ecep:spe="repine"
            ecep:syllab="2"
            ecep:pron="rɪˈpaɪn">repine</w>
         <pc xml:id="bmb97-043590"
             n="a-1150"
             ecep:lem=";"
             ecep:pos=";"
             ecep:reg=";"
             ecep:spe=";">;</pc>
      </l>
      <l xml:id="bmb97-l01680">
         <c> </c>
         <w xml:id="bmb97-043600"
            n="a-1160"
            ecep:lem="or"
            ecep:pos="cc"
            ecep:reg="Or"
            ecep:spe="Or"
            ecep:syllab="1"
            ecep:pron="ɔː">Or</w>
         <c> </c>
         <w xml:id="bmb97-043610"
            n="a-1170"
            ecep:lem="ask"
            ecep:pos="vvb"
            ecep:reg="ask"
            ecep:spe="ask"
            ecep:syllab="1"
            ecep:pron="ɑːsk">ask</w>
         <c> </c>
         <w xml:id="bmb97-043620"
            n="a-1180"
            ecep:lem="for"
            ecep:pos="p-acp"
            ecep:reg="for"
            ecep:spe="for"
            ecep:syllab="1"
            ecep:pron="fɔː">for</w>
         <c> </c>
         <w xml:id="bmb97-043630"
            n="a-1190"
            ecep:lem="happiness"
            ecep:pos="n1"
            ecep:reg="happiness"
            ecep:spe="happiness"
            ecep:syllab="3"
            ecep:pron="ˈhæpɪnəs">happiness</w>
         <c> </c>
         <w xml:id="bmb97-043640"
            n="a-1200"
            ecep:lem="excel"
            ecep:pos="vvg"
            ecep:reg="excelling"
            ecep:spe="excelling"
            ecep:syllab="3"
            ecep:pron="ɪkˈselɪŋ">excelling</w>
         <c> </c>
         <w xml:id="bmb97-043650"
            n="a-1210"
            ecep:lem="this"
            ecep:pos="d"
            ecep:reg="this"
            ecep:spe="this"
            ecep:syllab="1"
            ecep:pron="ðɪs">this</w>
         <pc xml:id="bmb97-043660"
             n="a-1220"
             ecep:lem=","
             ecep:pos=","
             ecep:reg=","
             ecep:spe=",">,</pc>
      </l>
      <l rendition="#h_3" xml:id="bmb97-l01685">
         <c> </c>
         <w xml:id="bmb97-043670"
            n="a-1230"
            ecep:lem="when"
            ecep:pos="c-crq"
            ecep:reg="When"
            ecep:spe="When"
            ecep:syllab="1"
            ecep:pron="wen">When</w>
         <c> </c>
         <w xml:id="bmb97-043680"
            n="a-1240"
            ecep:lem="such"
            ecep:pos="d"
            ecep:reg="such"
            ecep:spe="such"
            ecep:syllab="1"
            ecep:pron="sʌtʃ">such</w>
         <c> </c>
         <w xml:id="bmb97-043690"
            n="a-1250"
            ecep:lem="a"
            ecep:pos="dt"
            ecep:reg="a"
            ecep:spe="a"
            ecep:syllab="1"
            ecep:pron="ə">a</w>
         <c> </c>
         <w xml:id="bmb97-043700"
            n="a-1260"
            ecep:lem="world"
            ecep:pos="n1"
            ecep:reg="world"
            ecep:spe="world"
            ecep:syllab="1"
            ecep:pron="wɜːld">world</w>
         <c> </c>
         <w xml:id="bmb97-043710"
            n="a-1270"
            ecep:lem="of"
            ecep:pos="pp-f"
            ecep:reg="of"
            ecep:spe="of"
            ecep:syllab="1"
            ecep:pron="ɒv">of</w>
         <c> </c>
         <w xml:id="bmb97-043720"
            n="a-1280"
            ecep:lem="treasure"
            ecep:pos="n2"
            ecep:reg="treasures"
            ecep:spe="treasures"
            ecep:syllab="2"
            ecep:pron="ˈtreʒəz">treasures</w>
         <c> </c>
         <w xml:id="bmb97-043730"
            n="a-1290"
            ecep:lem="now"
            ecep:pos="av"
            ecep:reg="now"
            ecep:spe="now"
            ecep:syllab="1"
            ecep:pron="naʊ">now</w>
         <c> </c>
         <w xml:id="bmb97-043740"
            n="a-1300"
            ecep:lem="be"
            ecep:pos="vbr"
            ecep:reg="are"
            ecep:spe="are"
            ecep:syllab="1"
            ecep:pron="ɑː">are</w>
         <c> </c>
         <w xml:id="bmb97-043750"
            n="a-1310"
            ecep:lem="mine"
            ecep:pos="n1"
            ecep:reg="mine"
            ecep:spe="mine"
            ecep:syllab="1"
            ecep:pron="maɪn">mine</w>
         <pc xml:id="bmb97-043760"
             n="a-1320"
             unit="sentence"
             ecep:lem="!"
             ecep:pos="!"
             ecep:reg="!"
             ecep:spe="!">!</pc>
         <c> </c>
      </l>
   </lg>
   <lg xml:id="bmb97-s00475">
      <l xml:id="bmb97-l01690">
         <w xml:id="bmb97-043790"
            n="a-1330"
            ecep:lem="and"
            ecep:pos="cc"
            ecep:reg="And"
            ecep:spe="And"
            ecep:syllab="1"
            ecep:pron="ænd">And</w>
         <pc xml:id="bmb97-043800"
             n="a-1340"
             ecep:lem=","
             ecep:pos=","
             ecep:reg=","
             ecep:spe=",">,</pc>
         <c> </c>
         <w xml:id="bmb97-043810"
            n="a-1350"
            ecep:lem="when"
            ecep:pos="c-crq"
            ecep:reg="when"
            ecep:spe="when"
            ecep:syllab="1"
            ecep:pron="wen">when</w>
         <c> </c>
         <w xml:id="bmb97-043820"
            n="a-1360"
            ecep:lem="the"
            ecep:pos="dt"
            ecep:reg="the"
            ecep:spe="the"
            ecep:syllab="1"
            ecep:pron="ðiː">the</w>
         <c> </c>
         <w xml:id="bmb97-043830"
            n="a-1370"
            ecep:lem="melancholy"
            ecep:pos="j-jn"
            ecep:reg="melancholy"
            ecep:spe="melancholy"
            ecep:syllab="4"
            ecep:pron="ˈmelənkli">melancholy</w>
         <c> </c>
         <w xml:id="bmb97-043840"
            n="a-1380"
            ecep:lem="grove"
            ecep:pos="n1"
            ecep:reg="grove"
            ecep:spe="grove"
            ecep:syllab="1"
            ecep:pron="grəʊv">grove</w>
         <c> </c>
         <w xml:id="bmb97-043850"
            n="a-1390"
            ecep:lem="i"
            ecep:pos="pns11"
            ecep:reg="I"
            ecep:spe="I"
            ecep:syllab="1"
            ecep:pron="aɪ">I</w>
         <c> </c>
         <w xml:id="bmb97-043860"
            n="a-1400"
            ecep:lem="seek"
            ecep:pos="vvb"
            ecep:reg="seek"
            ecep:spe="seek"
            ecep:syllab="1"
            ecep:pron="siːk">seek</w>
         <pc xml:id="bmb97-043870"
             n="a-1410"
             ecep:lem=","
             ecep:pos=","
             ecep:reg=","
             ecep:spe=",">,</pc>
      </l>
      <l rendition="#h_3" xml:id="bmb97-l01695">
         <c> </c>
         <w xml:id="bmb97-043880"
            n="a-1420"
            ecep:lem="scarce"
            ecep:pos="av-j"
            ecep:reg="Scarce"
            ecep:spe="Scarce"
            ecep:syllab="1"
            ecep:pron="skeəs">Scarce</w>
         <c> </c>
         <w xml:id="bmb97-043890"
            n="a-1430"
            ecep:lem="can"
            ecep:pos="vmb"
            ecep:reg="can"
            ecep:spe="can"
            ecep:syllab="1"
            ecep:pron="kæn">can</w>
         <c> </c>
         <w xml:id="bmb97-043900"
            n="a-1440"
            ecep:lem="my"
            ecep:pos="po11"
            ecep:reg="my"
            ecep:spe="my"
            ecep:syllab="1"
            ecep:pron="maɪ">my</w>
         <c> </c>
         <w xml:id="bmb97-043910"
            n="a-1450"
            ecep:lem="palpitate"
            ecep:pos="j-vvg"
            ecep:reg="palpitating"
            ecep:spe="palpitating"
            ecep:syllab="4"
            ecep:pron="ˈpælpɪteɪtɪŋ">palpitating</w>
         <c> </c>
         <w xml:id="bmb97-043920"
            n="a-1460"
            ecep:lem="heart"
            ecep:pos="n1"
            ecep:reg="heart"
            ecep:spe="heart"
            ecep:syllab="1"
            ecep:pron="hɑːt">heart</w>
         <c> </c>
         <w xml:id="bmb97-043930"
            n="a-1470"
            ecep:lem="control"
            ecep:pos="vvb"
            ecep:reg="control"
            ecep:spe="controul"
            ecep:syllab="2"
            ecep:pron="kənˈtrəʊl">controul</w>
         <pc xml:id="bmb97-043940"
             n="a-1480"
             ecep:lem=","
             ecep:pos=","
             ecep:reg=","
             ecep:spe=",">,</pc>
      </l>
      <l xml:id="bmb97-l01700">
         <c> </c>
         <w xml:id="bmb97-043950"
            n="a-1490"
            ecep:lem="while"
            ecep:pos="cs"
            ecep:reg="While"
            ecep:spe="While"
            ecep:syllab="1"
            ecep:pron="ˈwaɪl">While</w>
         <c> </c>
         <w xml:id="bmb97-043960"
            n="a-1500"
            ecep:lem="silent"
            ecep:pos="j"
            ecep:reg="silent"
            ecep:spe="silent"
            ecep:syllab="2"
            ecep:pron="ˈsaɪlənt">silent</w>
         <c> </c>
         <w xml:id="bmb97-043970"
            n="a-1510"
            ecep:lem="tear"
            ecep:pos="n2"
            ecep:reg="tears"
            ecep:spe="tears"
            ecep:syllab="1"
            ecep:pron="tɪəz">tears</w>
         <c> </c>
         <w xml:id="bmb97-043980"
            n="a-1520"
            ecep:lem="be"
            ecep:pos="vbr"
            ecep:reg="are"
            ecep:spe="are"
            ecep:syllab="1"
            ecep:pron="ɑː">are</w>
         <c> </c>
         <w xml:id="bmb97-043990"
            n="a-1530"
            ecep:lem="tremble"
            ecep:pos="vvg"
            ecep:reg="trembling"
            ecep:spe="trembling"
            ecep:syllab="2"
            ecep:pron="ˈtremblɪŋ">trembling</w>
         <c> </c>
         <w xml:id="bmb97-044000"
            n="a-1540"
            ecep:lem="on"
            ecep:pos="p-acp"
            ecep:reg="on"
            ecep:spe="on"
            ecep:syllab="1"
            ecep:pron="ɒn">on</w>
         <c> </c>
         <w xml:id="bmb97-044010"
            n="a-1550"
            ecep:lem="my"
            ecep:pos="po11"
            ecep:reg="my"
            ecep:spe="my"
            ecep:syllab="1"
            ecep:pron="maɪ">my</w>
         <c> </c>
         <w xml:id="bmb97-044020"
            n="a-1560"
            ecep:lem="cheek"
            ecep:pos="n1"
            ecep:reg="cheek"
            ecep:spe="cheek"
            ecep:syllab="1"
            ecep:pron="tʃiːk">cheek</w>
         <pc xml:id="bmb97-044030"
             n="a-1570"
             ecep:lem=","
             ecep:pos=","
             ecep:reg=","
             ecep:spe=",">,</pc>
      </l>
      <l rendition="#h_3" xml:id="bmb97-l01705">
         <c> </c>
         <w xml:id="bmb97-044040"
            n="a-1580"
            ecep:lem="the"
            ecep:pos="dt"
            ecep:reg="The"
            ecep:spe="The"
            ecep:syllab="1"
            ecep:pron="ðiː">The</w>
         <c> </c>
         <w xml:id="bmb97-044050"
            n="a-1590"
            ecep:lem="flood"
            ecep:pos="n1"
            ecep:reg="flood"
            ecep:spe="flood"
            ecep:syllab="1"
            ecep:pron="flʌd">flood</w>
         <c> </c>
         <w xml:id="bmb97-044060"
            n="a-1600"
            ecep:lem="of"
            ecep:pos="pp-f"
            ecep:reg="of"
            ecep:spe="of"
            ecep:syllab="1"
            ecep:pron="ɒv">of</w>
         <c> </c>
         <w xml:id="bmb97-044070"
            n="a-1610"
            ecep:lem="pleasure"
            ecep:pos="n1"
            ecep:reg="pleasure"
            ecep:spe="pleasure"
            ecep:syllab="2"
            ecep:pron="ˈpleʒə">pleasure</w>
         <c> </c>
         <w xml:id="bmb97-044080"
            n="a-1620"
            ecep:lem="swell"
            ecep:pos="vvg"
            ecep:reg="swelling"
            ecep:spe="swelling"
            ecep:syllab="2"
            ecep:pron="swelɪŋ">swelling</w>
         <c> </c>
         <w xml:id="bmb97-044090"
            n="a-1630"
            ecep:lem="in"
            ecep:pos="p-acp"
            ecep:reg="in"
            ecep:spe="in"
            ecep:syllab="1"
            ecep:pron="ɪn">in</w>
         <c> </c>
         <w xml:id="bmb97-044100"
            n="a-1640"
            ecep:lem="my"
            ecep:pos="po11"
            ecep:reg="my"
            ecep:spe="my"
            ecep:syllab="1"
            ecep:pron="maɪ">my</w>
         <c> </c>
         <w xml:id="bmb97-044110"
            n="a-1650"
            ecep:lem="soul"
            ecep:pos="n1"
            ecep:reg="soul"
            ecep:spe="soul"
            ecep:syllab="1"
            ecep:pron="səʊl">soul</w>
         <pc xml:id="bmb97-044120"
             n="a-1660"
             unit="sentence"
             ecep:lem="."
             ecep:pos="."
             ecep:reg="."
             ecep:spe=".">.</pc>
         <c> </c>
      </l>
   </lg>
   <pb n="26" rend="none"/>
   <lg xml:id="bmb97-s00480">
      <l xml:id="bmb97-l01710">
         <w xml:id="bmb97-044150"
            n="a-0010"
            ecep:lem="but"
            ecep:pos="p-acp"
            ecep:reg="But"
            ecep:spe="But"
            ecep:syllab="1"
            ecep:pron="bʌt">But</w>
         <c> </c>
         <w xml:id="bmb97-044160"
            n="a-0020"
            ecep:lem="soon"
            ecep:pos="av"
            ecep:reg="soon"
            ecep:spe="soon"
            ecep:syllab="1"
            ecep:pron="suːn">soon</w>
         <c> </c>
         <w xml:id="bmb97-044170"
            n="a-0030"
            ecep:lem="my"
            ecep:pos="po11"
            ecep:reg="my"
            ecep:spe="my"
            ecep:syllab="1"
            ecep:pron="maɪ">my</w>
         <c> </c>
         <w xml:id="bmb97-044180"
            n="a-0040"
            ecep:lem="too-elated"
            ecep:pos="j"
            ecep:reg="too-elated"
            ecep:spe="too-elated"
            ecep:syllab="4"
            ecep:pron="tuːˌileɪtɪd">too-elated</w>
         <c> </c>
         <w xml:id="bmb97-044190"
            n="a-0050"
            ecep:lem="thought"
            ecep:pos="n2"
            ecep:reg="thoughts"
            ecep:spe="thoughts"
            ecep:syllab="1"
            ecep:pron="θɔːts">thoughts</w>
         <c> </c>
         <w xml:id="bmb97-044200"
            n="a-0060"
            ecep:lem="be"
            ecep:pos="vbr"
            ecep:reg="are"
            ecep:spe="are"
            ecep:syllab="1"
            ecep:pron="ɑː">are</w>
         <c> </c>
         <w xml:id="bmb97-044210"
            n="a-0070"
            ecep:lem="calm"
            ecep:pos="j-jn"
            ecep:reg="calm"
            ecep:spe="calm"
            ecep:syllab="1"
            ecep:pron="kɑːm">calm</w>
         <pc xml:id="bmb97-044220"
             n="a-0080"
             ecep:lem=","
             ecep:pos=","
             ecep:reg=","
             ecep:spe=",">,</pc>
      </l>
      <l rendition="#h_3" xml:id="bmb97-l01715">
         <c> </c>
         <w xml:id="bmb97-044230"
            n="a-0090"
            ecep:lem="the"
            ecep:pos="dt"
            ecep:reg="The"
            ecep:spe="The"
            ecep:syllab="1"
            ecep:pron="ðiː">The</w>
         <c> </c>
         <w xml:id="bmb97-044240"
            n="a-0100"
            ecep:lem="tumult"
            ecep:pos="n2"
            ecep:reg="tumults"
            ecep:spe="tumults"
            ecep:syllab="2"
            ecep:pron="ˈtʃuːmʌlts">tumults</w>
         <c> </c>
         <w xml:id="bmb97-044250"
            n="a-0110"
            ecep:lem="of"
            ecep:pos="pp-f"
            ecep:reg="of"
            ecep:spe="of"
            ecep:syllab="1"
            ecep:pron="ɒv">of</w>
         <c> </c>
         <w xml:id="bmb97-044260"
            n="a-0120"
            ecep:lem="the"
            ecep:pos="dt"
            ecep:reg="the"
            ecep:spe="the"
            ecep:syllab="1"
            ecep:pron="ðiː">the</w>
         <c> </c>
         <w xml:id="bmb97-044270"
            n="a-0130"
            ecep:lem="mental"
            ecep:pos="j"
            ecep:reg="mental"
            ecep:spe="mental"
            ecep:syllab="2"
            ecep:pron="ˈmentl">mental</w>
         <c> </c>
         <w xml:id="bmb97-044280"
            n="a-0140"
            ecep:lem="chaos"
            ecep:pos="n1"
            ecep:reg="chaos"
            ecep:spe="chaos"
            ecep:syllab="2"
            ecep:pron="ˈkeɪɒs">chaos</w>
         <c> </c>
         <w xml:id="bmb97-044290"
            n="a-0150"
            ecep:lem="cease"
            ecep:pos="vvi"
            ecep:reg="cease"
            ecep:spe="cease"
            ecep:syllab="1"
            ecep:pron="siːs">cease</w>
         <pc xml:id="bmb97-044300"
             n="a-0160"
             ecep:lem=";"
             ecep:pos=";"
             ecep:reg=";"
             ecep:spe=";">;</pc>
      </l>
      <l xml:id="bmb97-l01720">
         <c> </c>
         <w xml:id="bmb97-044310"
            n="a-0170"
            ecep:lem="a"
            ecep:pos="dt"
            ecep:reg="A"
            ecep:spe="A"
            ecep:syllab="1"
            ecep:pron="ə">A</w>
         <c> </c>
         <w xml:id="bmb97-044320"
            n="a-0180"
            ecep:lem="soft"
            ecep:pos="j"
            ecep:reg="soft"
            ecep:spe="soft"
            ecep:syllab="1"
            ecep:pron="sɒft">soft</w>
         <c> </c>
         <w xml:id="bmb97-044330"
            n="a-0190"
            ecep:lem="oblivion"
            ecep:pos="n1"
            ecep:reg="oblivion"
            ecep:spe="oblivion"
            ecep:syllab="4"
            ecep:pron="əˈblɪviən">oblivion</w>
         <c> </c>
         <w xml:id="bmb97-044340"
            n="a-0200"
            ecep:lem="the"
            ecep:pos="dt"
            ecep:reg="the"
            ecep:spe="the"
            ecep:syllab="1"
            ecep:pron="ðiː">the</w>
         <c> </c>
         <w xml:id="bmb97-044350"
            n="a-0210"
            ecep:lem="raise"
            ecep:pos="j-vvn"
            ecep:reg="raised"
            ecep:spe="rais'd"
            ecep:syllab="1"
            ecep:pron="reɪzd">rais'd</w>
         <c> </c>
         <w xml:id="bmb97-044360"
            n="a-0220"
            ecep:lem="sense"
            ecep:pos="n2"
            ecep:reg="senses"
            ecep:spe="senses"
            ecep:syllab="2"
            ecep:pron="sensɪz">senses</w>
         <c> </c>
         <w xml:id="bmb97-044370"
            n="a-0230"
            ecep:lem="charm"
            ecep:pos="vvi"
            ecep:reg="charm"
            ecep:spe="charm"
            ecep:syllab="1"
            ecep:pron="tʃɑːm">charm</w>
         <pc xml:id="bmb97-044380"
             n="a-0240"
             ecep:lem=","
             ecep:pos=","
             ecep:reg=","
             ecep:spe=",">,</pc>
      </l>
      <l rendition="#h_3" xml:id="bmb97-l01725">
         <c> </c>
         <w xml:id="bmb97-044390"
            n="a-0250"
            ecep:lem="and"
            ecep:pos="cc"
            ecep:reg="And"
            ecep:spe="And"
            ecep:syllab="1"
            ecep:pron="ænd">And</w>
         <c> </c>
         <w xml:id="bmb97-044400"
            n="a-0260"
            ecep:lem="lull"
            ecep:pos="vvb"
            ecep:reg="lull"
            ecep:spe="lull"
            ecep:syllab="1"
            ecep:pron="lʌl">lull</w>
         <c> </c>
         <w xml:id="bmb97-044410"
            n="a-0270"
            ecep:lem="to"
            ecep:pos="p-acp"
            ecep:reg="to"
            ecep:spe="to"
            ecep:syllab="1"
            ecep:pron="tuː">to</w>
         <pc xml:id="bmb97-044420"
             n="a-0280"
             ecep:lem=","
             ecep:pos=","
             ecep:reg=","
             ecep:spe=",">,</pc>
         <c> </c>
         <w xml:id="bmb97-044430"
            n="a-0290"
            ecep:lem="a"
            ecep:pos="dt"
            ecep:reg="a"
            ecep:spe="a"
            ecep:syllab="1"
            ecep:pron="ə">a</w>
         <c> </c>
         <w xml:id="bmb97-044440"
            n="a-0300"
            ecep:lem="reflect"
            ecep:pos="j-vvg"
            ecep:reg="reflecting"
            ecep:spe="reflecting"
            ecep:syllab="3"
            ecep:pron="rɪˈflektɪŋ">reflecting</w>
         <c> </c>
         <w xml:id="bmb97-044450"
            n="a-0310"
            ecep:lem="soothe"
            ecep:pos="vvg"
            ecep:reg="soothing"
            ecep:spe="soothing"
            ecep:syllab="2"
            ecep:pron="suːðɪŋ">soothing</w>
         <c> </c>
         <w xml:id="bmb97-044460"
            n="a-0320"
            ecep:lem="peace"
            ecep:pos="n1"
            ecep:reg="peace"
            ecep:spe="peace"
            ecep:syllab="1"
            ecep:pron="piːs">peace</w>
         <pc xml:id="bmb97-044470"
             n="a-0330"
             unit="sentence"
             ecep:lem="."
             ecep:pos="."
             ecep:reg="."
             ecep:spe=".">.</pc>
         <c> </c>
      </l>
   </lg>
   <lg xml:id="bmb97-s00485">
      <l xml:id="bmb97-l01730">
         <w xml:id="bmb97-044500"
            n="a-0340"
            ecep:lem="hail"
            ecep:pos="uh-v"
            ecep:reg="Hail"
            ecep:spe="Hail"
            ecep:syllab="1"
            ecep:pron="heɪl">Hail</w>
         <pc xml:id="bmb97-044510"
             n="a-0350"
             ecep:lem=","
             ecep:pos=","
             ecep:reg=","
             ecep:spe=",">,</pc>
         <c> </c>
         <w xml:id="bmb97-044520"
            n="a-0360"
            ecep:lem="sweet"
            ecep:pos="j"
            ecep:reg="sweet"
            ecep:spe="sweet"
            ecep:syllab="1"
            ecep:pron="swiːt">sweet</w>
         <c> </c>
         <w xml:id="bmb97-044530"
            n="a-0370"
            ecep:lem="entrancement"
            ecep:pos="n2"
            ecep:reg="entrancements"
            ecep:spe="entrancements"
            ecep:syllab="4"
            ecep:pron="ɪnˈtrɑːnsmənts">entrancements</w>
         <c> </c>
         <w xml:id="bmb97-044540"
            n="a-0380"
            ecep:lem="of"
            ecep:pos="pp-f"
            ecep:reg="of"
            ecep:spe="of"
            ecep:syllab="1"
            ecep:pron="ɒv">of</w>
         <c> </c>
         <w xml:id="bmb97-044550"
            n="a-0390"
            ecep:lem="the"
            ecep:pos="dt"
            ecep:reg="the"
            ecep:spe="the"
            ecep:syllab="1"
            ecep:pron="ðiː">the</w>
         <c> </c>
         <w xml:id="bmb97-044560"
            n="a-0400"
            ecep:lem="languid"
            ecep:pos="j"
            ecep:reg="languid"
            ecep:spe="languid"
            ecep:syllab="2"
            ecep:pron="ˈlæŋgwɪd">languid</w>
         <c> </c>
         <w xml:id="bmb97-044570"
            n="a-0410"
            ecep:lem="mind"
            ecep:pos="n1"
            ecep:reg="mind"
            ecep:spe="mind"
            ecep:syllab="1"
            ecep:pron="maɪnd">mind</w>
         <pc xml:id="bmb97-044580"
             n="a-0420"
             unit="sentence"
             ecep:lem="!"
             ecep:pos="!"
             ecep:reg="!"
             ecep:spe="!">!</pc>
         <c> </c>
      </l>
      <l rendition="#h_3" xml:id="bmb97-l01735">
         <w xml:id="bmb97-044590"
            n="a-0430"
            ecep:lem="who"
            ecep:pos="r-crq"
            ecep:reg="Whose"
            ecep:spe="Whose"
            ecep:syllab="1"
            ecep:pron="huːz">Whose</w>
         <c> </c>
         <w xml:id="bmb97-044600"
            n="a-0440"
            ecep:lem="calm"
            ecep:pos="j-jn"
            ecep:reg="calm"
            ecep:spe="calm"
            ecep:syllab="1"
            ecep:pron="kɑːm">calm</w>
         <c> </c>
         <w xml:id="bmb97-044610"
            n="a-0450"
            ecep:lem="repose"
            ecep:pos="vvz"
            ecep:reg="reposes"
            ecep:spe="reposes"
            ecep:syllab="3"
            ecep:pron="rɪˈpəʊzɪz">reposes</w>
         <c> </c>
         <w xml:id="bmb97-044620"
            n="a-0460"
            ecep:lem="restless"
            ecep:pos="j"
            ecep:reg="restless"
            ecep:spe="restless"
            ecep:syllab="2"
            ecep:pron="ˈrestləs">restless</w>
         <c> </c>
         <w xml:id="bmb97-044630"
            n="a-0470"
            ecep:lem="worldling"
            ecep:pos="n2"
            ecep:reg="worldlings"
            ecep:spe="worldlings"
            ecep:syllab="2"
            ecep:pron="ˈwɜːldlɪŋz">worldlings</w>
         <c> </c>
         <w xml:id="bmb97-044640"
            n="a-0480"
            ecep:lem="scorn"
            ecep:pos="vvb"
            ecep:reg="scorn"
            ecep:spe="scorn"
            ecep:syllab="1"
            ecep:pron="skɔːn">scorn</w>
         <pc xml:id="bmb97-044650"
             n="a-0490"
             ecep:lem=";"
             ecep:pos=";"
             ecep:reg=";"
             ecep:spe=";">;</pc>
      </l>
      <l xml:id="bmb97-l01740">
         <c> </c>
         <w xml:id="bmb97-044660"
            n="a-0500"
            ecep:lem="but"
            ecep:pos="cc-acp"
            ecep:reg="But"
            ecep:spe="But"
            ecep:syllab="1"
            ecep:pron="bʌt">But</w>
         <c> </c>
         <w xml:id="bmb97-044670"
            n="a-0510"
            ecep:lem="from"
            ecep:pos="p-acp"
            ecep:reg="from"
            ecep:spe="from"
            ecep:syllab="1"
            ecep:pron="frɒm">from</w>
         <c> </c>
         <w xml:id="bmb97-044680"
            n="a-0520"
            ecep:lem="who"
            ecep:pos="r-crq"
            ecep:reg="whose"
            ecep:spe="whose"
            ecep:syllab="1"
            ecep:pron="huːz">whose</w>
         <c> </c>
         <w xml:id="bmb97-044690"
            n="a-0530"
            ecep:lem="aid"
            ecep:pos="n1"
            ecep:reg="aid"
            ecep:spe="aid"
            ecep:syllab="1"
            ecep:pron="eɪd">aid</w>
         <c> </c>
         <w xml:id="bmb97-044700"
            n="a-0540"
            ecep:lem="recruit"
            ecep:pos="vvd"
            ecep:reg="recruited"
            ecep:spe="recruited"
            ecep:syllab="3"
            ecep:pron="rɪˈkruːtɪd">recruited</w>
         <c> </c>
         <w xml:id="bmb97-044710"
            n="a-0550"
            ecep:lem="strength"
            ecep:pos="n1"
            ecep:reg="strength"
            ecep:spe="strength"
            ecep:syllab="1"
            ecep:pron="streŋθ">strength</w>
         <c> </c>
         <w xml:id="bmb97-044720"
            n="a-0560"
            ecep:lem="we"
            ecep:pos="pns12"
            ecep:reg="we"
            ecep:spe="we"
            ecep:syllab="1"
            ecep:pron="wiː">we</w>
         <c> </c>
         <w xml:id="bmb97-044730"
            n="a-0570"
            ecep:lem="find"
            ecep:pos="vvb"
            ecep:reg="find"
            ecep:spe="find"
            ecep:syllab="1"
            ecep:pron="faɪnd">find</w>
         <pc xml:id="bmb97-044740"
             n="a-0580"
             ecep:lem=","
             ecep:pos=","
             ecep:reg=","
             ecep:spe=",">,</pc>
      </l>
      <l rendition="#h_3" xml:id="bmb97-l01745">
         <c> </c>
         <w xml:id="bmb97-044750"
            n="a-0590"
            ecep:lem="and"
            ecep:pos="cc"
            ecep:reg="And"
            ecep:spe="And"
            ecep:syllab="1"
            ecep:pron="ænd">And</w>
         <c> </c>
         <w xml:id="bmb97-044760"
            n="a-0600"
            ecep:lem="waken"
            ecep:pos="vvi"
            ecep:reg="waken"
            ecep:spe="waken"
            ecep:syllab="2"
            ecep:pron="ˈweɪkn">waken</w>
         <pc xml:id="bmb97-044770"
             n="a-0610"
             ecep:lem=","
             ecep:pos=","
             ecep:reg=","
             ecep:spe=",">,</pc>
         <c> </c>
         <w xml:id="bmb97-044780"
            n="a-0620"
            ecep:lem="lively"
            ecep:pos="j"
            ecep:reg="lively"
            ecep:spe="lively"
            ecep:syllab="2"
            ecep:pron="ˈlaɪvli">lively</w>
         <c> </c>
         <w xml:id="bmb97-044790"
            n="a-0630"
            ecep:lem="as"
            ecep:pos="c-acp"
            ecep:reg="as"
            ecep:spe="as"
            ecep:syllab="1"
            ecep:pron="æz">as</w>
         <c> </c>
         <w xml:id="bmb97-044800"
            n="a-0640"
            ecep:lem="the"
            ecep:pos="dt"
            ecep:reg="the"
            ecep:spe="the"
            ecep:syllab="1"
            ecep:pron="ðiː">the</w>
         <c> </c>
         <w xml:id="bmb97-044810"
            n="a-0650"
            ecep:lem="bird"
            ecep:pos="n1"
            ecep:reg="bird"
            ecep:spe="bird"
            ecep:syllab="1"
            ecep:pron="bɜːd">bird</w>
         <c> </c>
         <w xml:id="bmb97-044820"
            n="a-0660"
            ecep:lem="of"
            ecep:pos="pp-f"
            ecep:reg="of"
            ecep:spe="of"
            ecep:syllab="1"
            ecep:pron="ɒv">of</w>
         <c> </c>
         <w xml:id="bmb97-044830"
            n="a-0670"
            ecep:lem="morn"
            ecep:pos="n1"
            ecep:reg="morn"
            ecep:spe="morn"
            ecep:syllab="1"
            ecep:pron="mɔːn">morn</w>
         <pc xml:id="bmb97-044840"
             n="a-0680"
             unit="sentence"
             ecep:lem="."
             ecep:pos="."
             ecep:reg="."
             ecep:spe=".">.</pc>
         <c> </c>
      </l>
   </lg>
   <lg xml:id="bmb97-s00490">
      <l xml:id="bmb97-l01750">
         <w xml:id="bmb97-044870"
            n="a-0690"
            ecep:lem="and"
            ecep:pos="cc"
            ecep:reg="And"
            ecep:spe="And"
            ecep:syllab="1"
            ecep:pron="ænd">And</w>
         <c> </c>
         <w xml:id="bmb97-044880"
            n="a-0700"
            ecep:lem="thou"
            ecep:pos="pns21"
            ecep:reg="thou"
            ecep:spe="thou"
            ecep:syllab="1"
            ecep:pron="θaʊ">thou</w>
         <pc xml:id="bmb97-044890"
             n="a-0710"
             ecep:lem=","
             ecep:pos=","
             ecep:reg=","
             ecep:spe=",">,</pc>
         <c> </c>
         <w xml:id="bmb97-044900"
            n="a-0720"
            ecep:lem="love"
            ecep:pos="vvn"
            ecep:reg="loved"
            ecep:spe="lov'd"
            ecep:syllab="1"
            ecep:pron="ˈlʌvd">lov'd</w>
         <c> </c>
         <w xml:id="bmb97-044910"
            n="a-0730"
            ecep:lem="boy"
            ecep:pos="n1"
            ecep:reg="boy"
            ecep:spe="boy"
            ecep:syllab="1"
            ecep:pron="bɔɪ">boy</w>
         <pc xml:id="bmb97-044920"
             n="a-0740"
             ecep:lem=","
             ecep:pos=","
             ecep:reg=","
             ecep:spe=",">,</pc>
         <c> </c>
         <w xml:id="bmb97-044930"
            n="a-0750"
            ecep:lem="in"
            ecep:pos="p-acp"
            ecep:reg="in"
            ecep:spe="in"
            ecep:syllab="1"
            ecep:pron="ɪn">in</w>
         <c> </c>
         <w xml:id="bmb97-044940"
            n="a-0760"
            ecep:lem="who"
            ecep:pos="r-crq"
            ecep:reg="whose"
            ecep:spe="whose"
            ecep:syllab="1"
            ecep:pron="huːz">whose</w>
         <c> </c>
         <w xml:id="bmb97-044950"
            n="a-0770"
            ecep:lem="congenial"
            ecep:pos="j"
            ecep:reg="congenial"
            ecep:spe="congenial"
            ecep:syllab="3"
            ecep:pron="kənˈdʒiːniəl">congenial</w>
         <c> </c>
         <w xml:id="bmb97-044960"
            n="a-0780"
            ecep:lem="breast"
            ecep:pos="n1"
            ecep:reg="breast"
            ecep:spe="breast"
            ecep:syllab="1"
            ecep:pron="brest">breast</w>
         <pc xml:id="bmb97-044970"
             n="a-0790"
             ecep:lem=","
             ecep:pos=","
             ecep:reg=","
             ecep:spe=",">,</pc>
      </l>
      <l rendition="#h_3" xml:id="bmb97-l01755">
         <c> </c>
         <w xml:id="bmb97-044980"
            n="a-0800"
            ecep:lem="i"
            ecep:pos="pns11"
            ecep:reg="I"
            ecep:spe="I"
            ecep:syllab="1"
            ecep:pron="aɪ">I</w>
         <c> </c>
         <w xml:id="bmb97-044990"
            n="a-0810"
            ecep:lem="doubt"
            ecep:pos="vvb"
            ecep:reg="doubt"
            ecep:spe="doubt"
            ecep:syllab="1"
            ecep:pron="daʊt">doubt</w>
         <c> </c>
         <w xml:id="bmb97-045000"
            n="a-0820"
            ecep:lem="not"
            ecep:pos="xx"
            ecep:reg="not"
            ecep:spe="not"
            ecep:syllab="1"
            ecep:pron="nɒt">not</w>
         <c> </c>
         <w xml:id="bmb97-045010"
            n="a-0830"
            ecep:lem="but"
            ecep:pos="p-acp"
            ecep:reg="but"
            ecep:spe="but"
            ecep:syllab="1"
            ecep:pron="bʌt">but</w>
         <c> </c>
         <w xml:id="bmb97-045020"
            n="a-0840"
            ecep:lem="those"
            ecep:pos="d"
            ecep:reg="those"
            ecep:spe="those"
            ecep:syllab="1"
            ecep:pron="ðəʊz">those</w>
         <c> </c>
         <w xml:id="bmb97-045030"
            n="a-0850"
            ecep:lem="sentiment"
            ecep:pos="n2"
            ecep:reg="sentiments"
            ecep:spe="sentiments"
            ecep:syllab="3"
            ecep:pron="ˈsentɪmənts">sentiments</w>
         <c> </c>
         <w xml:id="bmb97-045040"
            n="a-0860"
            ecep:lem="reside"
            ecep:pos="vvi"
            ecep:reg="reside"
            ecep:spe="reside"
            ecep:syllab="2"
            ecep:pron="rɪˈzaɪd">reside</w>
         <pc xml:id="bmb97-045050"
             n="a-0870"
             ecep:lem=";"
             ecep:pos=";"
             ecep:reg=";"
             ecep:spe=";">;</pc>
      </l>
      <l xml:id="bmb97-l01760">
         <c> </c>
         <w xml:id="bmb97-045060"
            n="a-0880"
            ecep:lem="for"
            ecep:pos="c-acp"
            ecep:reg="For"
            ecep:spe="For"
            ecep:syllab="1"
            ecep:pron="fɔː">For</w>
         <c> </c>
         <w xml:id="bmb97-045070"
            n="a-0890"
            ecep:lem="we"
            ecep:pos="pns12"
            ecep:reg="we"
            ecep:spe="we"
            ecep:syllab="1"
            ecep:pron="wiː">we</w>
         <pc xml:id="bmb97-045080"
             n="a-0900"
             ecep:lem=","
             ecep:pos=","
             ecep:reg=","
             ecep:spe=",">,</pc>
         <c> </c>
         <w xml:id="bmb97-045090"
            n="a-0910"
            ecep:lem="our"
            ecep:pos="po12"
            ecep:reg="our"
            ecep:spe="our"
            ecep:syllab="1"
            ecep:pron="æə">our</w>
         <c> </c>
         <w xml:id="bmb97-045100"
            n="a-0920"
            ecep:lem="thought"
            ecep:pos="n2"
            ecep:reg="thoughts"
            ecep:spe="thoughts"
            ecep:syllab="1"
            ecep:pron="θɔːts">thoughts</w>
         <pc xml:id="bmb97-045110"
             n="a-0930"
             ecep:lem=","
             ecep:pos=","
             ecep:reg=","
             ecep:spe=",">,</pc>
         <c> </c>
         <w xml:id="bmb97-045120"
            n="a-0940"
            ecep:lem="our"
            ecep:pos="po12"
            ecep:reg="our"
            ecep:spe="our"
            ecep:syllab="1"
            ecep:pron="æə">our</w>
         <c> </c>
         <w xml:id="bmb97-045130"
            n="a-0950"
            ecep:lem="action"
            ecep:pos="n2"
            ecep:reg="actions"
            ecep:spe="actions"
            ecep:syllab="2"
            ecep:pron="ˈækʃnz">actions</w>
         <c> </c>
         <w xml:id="bmb97-045140"
            n="a-0960"
            ecep:lem="have"
            ecep:pos="vhb"
            ecep:reg="have"
            ecep:spe="have"
            ecep:syllab="1"
            ecep:pron="hæv">have</w>
         <c> </c>
         <w xml:id="bmb97-045150"
            n="a-0970"
            ecep:lem="confess"
            ecep:pos="vvn"
            ecep:reg="confessed"
            ecep:spe="confest"
            ecep:syllab="2"
            ecep:pron="kənˈfest">confest</w>
         <pc xml:id="bmb97-045160"
             n="a-0980"
             ecep:lem=","
             ecep:pos=","
             ecep:reg=","
             ecep:spe=",">,</pc>
      </l>
      <l rendition="#h_3" xml:id="bmb97-l01765">
         <c> </c>
         <w xml:id="bmb97-045170"
            n="a-0990"
            ecep:lem="as"
            ecep:pos="c-acp"
            ecep:reg="As"
            ecep:spe="As"
            ecep:syllab="1"
            ecep:pron="æz">As</w>
         <c> </c>
         <w xml:id="bmb97-045180"
            n="a-1000"
            ecep:lem="much"
            ecep:pos="d"
            ecep:reg="much"
            ecep:spe="much"
            ecep:syllab="1"
            ecep:pron="mʌtʃ">much</w>
         <c> </c>
         <w xml:id="bmb97-045190"
            n="a-1010"
            ecep:lem="in"
            ecep:pos="p-acp"
            ecep:reg="in"
            ecep:spe="in"
            ecep:syllab="1"
            ecep:pron="ɪn">in</w>
         <c> </c>
         <w xml:id="bmb97-045200"
            n="a-1020"
            ecep:lem="heart"
            ecep:pos="n2"
            ecep:reg="hearts"
            ecep:spe="hearts"
            ecep:syllab="1"
            ecep:pron="hɑːts">hearts</w>
         <c> </c>
         <w xml:id="bmb97-045210"
            n="a-1030"
            ecep:lem="as"
            ecep:pos="c-acp"
            ecep:reg="as"
            ecep:spe="as"
            ecep:syllab="1"
            ecep:pron="æz">as</w>
         <c> </c>
         <w xml:id="bmb97-045220"
            n="a-1040"
            ecep:lem="person"
            ecep:pos="n2"
            ecep:reg="persons"
            ecep:spe="persons"
            ecep:syllab="2"
            ecep:pron="ˈpɜːsnz">persons</w>
         <c> </c>
         <w xml:id="bmb97-045230"
            n="a-1050"
            ecep:lem="be"
            ecep:pos="vbr"
            ecep:reg="are"
            ecep:spe="are"
            ecep:syllab="1"
            ecep:pron="ɑː">are</w>
         <c> </c>
         <w xml:id="bmb97-045240"
            n="a-1060"
            ecep:lem="ally"
            ecep:pos="vvn"
            ecep:reg="allied"
            ecep:spe="allied"
            ecep:syllab="2"
            ecep:pron="əˈlaɪd">allied</w>
         <pc xml:id="bmb97-045250"
             n="a-1070"
             ecep:lem=";"
             ecep:pos=";"
             ecep:reg=";"
             ecep:spe=";">;</pc>
      </l>
   </lg>
   <lg xml:id="bmb97-s00495">
      <l xml:id="bmb97-l01770">
         <w xml:id="bmb97-045280"
            n="a-1080"
            ecep:lem="hail"
            ecep:pos="uh-v"
            ecep:reg="Hail"
            ecep:spe="Hail"
            ecep:syllab="1"
            ecep:pron="heɪl">Hail</w>
         <c> </c>
         <w xml:id="bmb97-045290"
            n="a-1090"
            ecep:lem="thou"
            ecep:pos="pns21"
            ecep:reg="thou"
            ecep:spe="thou"
            ecep:syllab="1"
            ecep:pron="θaʊ">thou</w>
         <pc xml:id="bmb97-045300"
             n="a-1100"
             ecep:lem=","
             ecep:pos=","
             ecep:reg=","
             ecep:spe=",">,</pc>
         <c> </c>
         <w xml:id="bmb97-045310"
            n="a-1110"
            ecep:lem="my"
            ecep:pos="po11"
            ecep:reg="my"
            ecep:spe="my"
            ecep:syllab="1"
            ecep:pron="maɪ">my</w>
         <c> </c>
         <w xml:id="bmb97-045320"
            n="a-1120"
            ecep:lem="brother"
            ecep:pos="n1"
            ecep:reg="brother"
            ecep:spe="brother"
            ecep:syllab="2"
            ecep:pron="ˈbrʌðə">brother</w>
         <pc xml:id="bmb97-045330"
             n="a-1130"
             ecep:lem="!"
             ecep:pos="!"
             ecep:reg="!"
             ecep:spe="!">!</pc>
         <c> </c>
         <w xml:id="bmb97-045340"
            n="a-1140"
            ecep:lem="may"
            ecep:pos="vmb"
            ecep:reg="may"
            ecep:spe="may"
            ecep:syllab="1"
            ecep:pron="meɪ">may</w>
         <c> </c>
         <w xml:id="bmb97-045350"
            n="a-1150"
            ecep:lem="thy"
            ecep:pos="po21"
            ecep:reg="thy"
            ecep:spe="thy"
            ecep:syllab="1"
            ecep:pron="ðaɪ">thy</w>
         <c> </c>
         <w xml:id="bmb97-045360"
            n="a-1160"
            ecep:lem="step"
            ecep:pos="n2"
            ecep:reg="steps"
            ecep:spe="steps"
            ecep:syllab="1"
            ecep:pron="steps">steps</w>
         <c> </c>
         <w xml:id="bmb97-045370"
            n="a-1170"
            ecep:lem="be"
            ecep:pos="vbb"
            ecep:reg="be"
            ecep:spe="be"
            ecep:syllab="1"
            ecep:pron="biː">be</w>
         <c> </c>
         <w xml:id="bmb97-045380"
            n="a-1180"
            ecep:lem="lead"
            ecep:pos="vvn"
            ecep:reg="led"
            ecep:spe="led"
            ecep:syllab="1"
            ecep:pron="led">led</w>
      </l>
      <l rendition="#h_3" xml:id="bmb97-l01775">
         <c> </c>
         <w xml:id="bmb97-045390"
            n="a-1190"
            ecep:lem="by"
            ecep:pos="p-acp"
            ecep:reg="By"
            ecep:spe="By"
            ecep:syllab="1"
            ecep:pron="baɪ">By</w>
         <c> </c>
         <w xml:id="bmb97-045400"
            n="a-1200"
            ecep:lem="heavenly"
            ecep:pos="j"
            ecep:reg="heavenly"
            ecep:spe="heav'nly"
            ecep:syllab="2"
            ecep:pron="ˈhevnli">heav'nly</w>
         <c> </c>
         <w xml:id="bmb97-045410"
            n="a-1210"
            ecep:lem="wisdom"
            ecep:pos="n1"
            ecep:reg="wisdom"
            ecep:spe="wisdom"
            ecep:syllab="2"
            ecep:pron="ˈwɪzdəm">wisdom</w>
         <c> </c>
         <w xml:id="bmb97-045420"
            n="a-1220"
            ecep:lem="through"
            ecep:pos="p-acp"
            ecep:reg="through"
            ecep:spe="through"
            ecep:syllab="1"
            ecep:pron="θruː">through</w>
         <c> </c>
         <w xml:id="bmb97-045430"
            n="a-1230"
            ecep:lem="this"
            ecep:pos="d"
            ecep:reg="this"
            ecep:spe="this"
            ecep:syllab="1"
            ecep:pron="ðɪs">this</w>
         <c> </c>
         <w xml:id="bmb97-045440"
            n="a-1240"
            ecep:lem="world"
            ecep:pos="n1"
            ecep:reg="world"
            ecep:spe="world"
            ecep:syllab="1"
            ecep:pron="wɜːld">world</w>
         <c> </c>
         <w xml:id="bmb97-045450"
            n="a-1250"
            ecep:lem="of"
            ecep:pos="pp-f"
            ecep:reg="of"
            ecep:spe="of"
            ecep:syllab="1"
            ecep:pron="ɒv">of</w>
         <c> </c>
         <w xml:id="bmb97-045460"
            n="a-1260"
            ecep:lem="care"
            ecep:pos="n1"
            ecep:reg="care"
            ecep:spe="care"
            ecep:syllab="1"
            ecep:pron="keə">care</w>
         <pc xml:id="bmb97-045470"
             n="a-1270"
             ecep:lem=","
             ecep:pos=","
             ecep:reg=","
             ecep:spe=",">,</pc>
      </l>
      <l xml:id="bmb97-l01780">
         <c> </c>
         <w xml:id="bmb97-045480"
            n="a-1280"
            ecep:lem="and"
            ecep:pos="cc"
            ecep:reg="And"
            ecep:spe="And"
            ecep:syllab="1"
            ecep:pron="ænd">And</w>
         <c> </c>
         <w xml:id="bmb97-045490"
            n="a-1290"
            ecep:lem="gain"
            ecep:pos="vvi"
            ecep:reg="gain"
            ecep:spe="gain"
            ecep:syllab="1"
            ecep:pron="geɪn">gain</w>
         <c> </c>
         <w xml:id="bmb97-045500"
            n="a-1300"
            ecep:lem="the"
            ecep:pos="dt"
            ecep:reg="the"
            ecep:spe="the"
            ecep:syllab="1"
            ecep:pron="ðiː">the</w>
         <c> </c>
         <w xml:id="bmb97-045510"
            n="a-1310"
            ecep:lem="realm"
            ecep:pos="n2"
            ecep:reg="realms"
            ecep:spe="realms"
            ecep:syllab="1"
            ecep:pron="relmz">realms</w>
         <c> </c>
         <w xml:id="bmb97-045520"
            n="a-1320"
            ecep:lem="for"
            ecep:pos="p-acp"
            ecep:reg="for"
            ecep:spe="for"
            ecep:syllab="1"
            ecep:pron="fɔː">for</w>
         <c> </c>
         <w xml:id="bmb97-045530"
            n="a-1330"
            ecep:lem="which"
            ecep:pos="r-crq"
            ecep:reg="which"
            ecep:spe="which"
            ecep:syllab="1"
            ecep:pron="wɪtʃ">which</w>
         <c> </c>
         <w xml:id="bmb97-045540"
            n="a-1340"
            ecep:lem="our"
            ecep:pos="po12"
            ecep:reg="our"
            ecep:spe="our"
            ecep:syllab="1"
            ecep:pron="æə">our</w>
         <c> </c>
         <w xml:id="bmb97-045550"
            n="a-1350"
            ecep:lem="saviour"
            ecep:pos="n1"
            ecep:reg="Saviour"
            ecep:spe="Saviour"
            ecep:syllab="2"
            ecep:pron="ˈseɪvjə">Saviour</w>
         <c> </c>
         <w xml:id="bmb97-045560"
            n="a-1360"
            ecep:lem="bleed"
            ecep:pos="vvn"
            ecep:reg="bled"
            ecep:spe="bled"
            ecep:syllab="1"
            ecep:pron="bled">bled</w>
         <pc xml:id="bmb97-045570"
             n="a-1370"
             unit="sentence"
             ecep:lem="!"
             ecep:pos="!"
             ecep:reg="!"
             ecep:spe="!">!</pc>
         <c> </c>
      </l>
      <l rendition="#h_3" xml:id="bmb97-l01785">
         <w xml:id="bmb97-045580"
            n="a-1380"
            ecep:lem="nor"
            ecep:pos="ccx"
            ecep:reg="Nor"
            ecep:spe="Nor"
            ecep:syllab="1"
            ecep:pron="nɔː">Nor</w>
         <c> </c>
         <w xml:id="bmb97-045590"
            n="a-1390"
            ecep:lem="pain"
            ecep:pos="n1"
            ecep:reg="pain"
            ecep:spe="pain"
            ecep:syllab="1"
            ecep:pron="peɪn">pain</w>
         <pc xml:id="bmb97-045600"
             n="a-1400"
             ecep:lem=","
             ecep:pos=","
             ecep:reg=","
             ecep:spe=",">,</pc>
         <c> </c>
         <w xml:id="bmb97-045610"
            n="a-1410"
            ecep:lem="nor"
            ecep:pos="ccx"
            ecep:reg="nor"
            ecep:spe="nor"
            ecep:syllab="1"
            ecep:pron="nɔː">nor</w>
         <c> </c>
         <w xml:id="bmb97-045620"
            n="a-1420"
            ecep:lem="lassitude"
            ecep:pos="n1"
            ecep:reg="lassitude"
            ecep:spe="lassitude"
            ecep:syllab="3"
            ecep:pron="ˈlæsɪtʃuːd">lassitude</w>
         <c> </c>
         <w xml:id="bmb97-045630"
            n="a-1430"
            ecep:lem="await"
            ecep:pos="vvb"
            ecep:reg="await"
            ecep:spe="await"
            ecep:syllab="2"
            ecep:pron="əˈweɪt">await</w>
         <c> </c>
         <w xml:id="bmb97-045640"
            n="a-1440"
            ecep:lem="we"
            ecep:pos="pno12"
            ecep:reg="us"
            ecep:spe="us"
            ecep:syllab="1"
            ecep:pron="ʌs">us</w>
         <c> </c>
         <w xml:id="bmb97-045650"
            n="a-1450"
            ecep:lem="there"
            ecep:pos="a-acp"
            ecep:reg="there"
            ecep:spe="there"
            ecep:syllab="1"
            ecep:pron="ðeə">there</w>
         <pc xml:id="bmb97-045660"
             n="a-1460"
             unit="sentence"
             ecep:lem="."
             ecep:pos="."
             ecep:reg="."
             ecep:spe=".">.</pc>
         <c> </c>
      </l>
   </lg>
   <trailer>
      <w xml:id="bmb97-045690"
         n="a-1470"
         ecep:lem="            "
         ecep:pos="n1"
         ecep:reg="            "
         ecep:spe="            "
         ecep:syllab="0"
         ecep:pron="">            </w>
      <c> </c>
      <hi>
         <w xml:id="bmb97-045700"
            n="a-1480"
            ecep:lem="October"
            ecep:pos="np1"
            ecep:reg="October"
            ecep:spe="October"
            ecep:syllab="3"
            ecep:pron="ɒkˈtəʊbə">October</w>
         <c> </c>
         <w xml:id="bmb97-045710"
            n="a-1490"
            ecep:lem="13"
            ecep:pos="crd"
            ecep:reg="13"
            ecep:spe="13"
            ecep:syllab="1"
            ecep:pron="θˈɜːtiːn">13</w>
         <pc xml:id="bmb97-045720"
             n="a-1500"
             ecep:lem=","
             ecep:pos=","
             ecep:reg=","
             ecep:spe=",">,</pc>
         <c> </c>
         <w xml:id="bmb97-045730"
            n="a-1510"
            ecep:lem="1794."
            ecep:pos="crd"
            ecep:reg="1794."
            ecep:spe="1794."
            ecep:syllab="1"
            ecep:pron="wˈɒnθˈaʊzəndsˈevənhˈʌndrədənnˈaɪntifˈɔː">1794.</w>
         <pc unit="sentence" xml:id="bmb97-045730-eos" n="a-1520"/>
         <c> </c>
      </hi>
   </trailer>
</div>
