<?xml version="1.0" encoding="UTF-8"?>
<?xml-model href="../tei_all.rnc" type="application/relax-ng-compact-syntax"?>
<TEI xmlns="http://www.tei-c.org/ns/1.0">
   <teiHeader>
      <fileDesc>
         <titleStmt>
            <title corresp="#txt_ShenWi1714_w0046">CANDOUR.</title>
            <author corresp="authors.xml#aut_ShenWi1714">William Shenstone</author>
            <respStmt>
               <name xml:id="AH">Alexander Huber</name>
               <resp>Editor</resp>
            </respStmt>
            <funder>
               <name type="institution" xml:id="BOD">Bodleian Libraries, University of Oxford</name>
               <address>
                  <addrLine>Broad Street</addrLine>
                  <addrLine>Oxford OX1 3BG</addrLine>
                  <addrLine>UK</addrLine>
               </address>
            </funder>
         </titleStmt>
         <publicationStmt>
            <publisher xml:id="ECPA">Eighteenth-Century Poetry Archive</publisher>
            <address>
               <addrLine>Taylor Institution Library</addrLine>
               <addrLine>St Giles'</addrLine>
               <addrLine>Oxford OX1 3NA</addrLine>
               <addrLine>UK</addrLine>
               <addrLine>
                  <email>info@eighteenthcenturypoetry.org</email>
               </addrLine>
               <addrLine>
                  <ref target="https://www.eighteenthcenturypoetry.org/">https://www.eighteenthcenturypoetry.org/</ref>
               </addrLine>
            </address>
            <pubPlace>Oxford</pubPlace>
            <availability status="restricted">
               <licence target="http://creativecommons.org/licenses/by-sa/3.0/">This work is licensed under a Creative Commons Attribution-ShareAlike 3.0 Unported License.</licence>
            </availability>
            <idno type="ESTC">T131163</idno>
            <idno type="TCP">K104099.006</idno>
         </publicationStmt>
         <sourceDesc>
            <bibl>
               <author>Dodsley, Robert, 1703-1764.</author>
               <title>A Collection of Poems in Six Volumes. By Several Hands. Vol. VI.</title>
               <pubPlace>London</pubPlace>
               <publisher>printed by J. Hughs, for R. and J. Dodsley</publisher>
               <date>1763 [1st ed. 1758]</date>
               <biblScope>pp. 212-213.</biblScope>
               <extent>6v.: music; 8⁰.</extent>
            </bibl>
         </sourceDesc>
      </fileDesc>
      <encodingDesc>
         <projectDesc>
            <p>This e-text is part of the Works section of the Eighteenth-Century Poetry Archive (ECPA).</p>
            <p>XML created for the Eighteenth-Century Poetry Archive (ECPA).</p>
         </projectDesc>
         <editorialDecl>
            <p>The text has been typographically modernized, but without any silent modernization of
						spelling, capitalization, or punctuation. The source of the text is given and all editorial interventions
						have been recorded in textual notes. Based on the electronic text originally produced by the TCP project, this  text has been edited to conform to the recommendations found in Level 5 of the
						Best Practices for TEI in Libraries version 4.0.0.
					</p>
         </editorialDecl>
         <classDecl>
            <taxonomy xml:id="LCNAF">
               <bibl>Library of Congress Name Authority File (<abbr>LCNAF</abbr>)</bibl>
            </taxonomy>
         </classDecl>
         <tagsDecl>
            <rendition n="linegroups indented" xml:id="lgindent" scheme="css">text-indent: 1em;</rendition>
            <rendition n="linegroups vertically spaced" xml:id="lgvspace" scheme="css">margin-bottom: 1em;</rendition>
            <rendition n="aligned centrally" xml:id="align-center" scheme="css">text-align: center;</rendition>
            <rendition n="aligned right" xml:id="align-right" scheme="css">text-align: right;</rendition>
            <rendition n="aligned left" xml:id="align-left" scheme="css">text-align: left;</rendition>
            <rendition n="inline" xml:id="inline" scheme="css">display: inline</rendition>
            <rendition n="italic" xml:id="i" scheme="css">font-style: italic;</rendition>
            <rendition n="bold" xml:id="b" scheme="css">font-weight: bold;</rendition>
         </tagsDecl>
      </encodingDesc>
   </teiHeader>
   <text>
      <body>
         <div xmlns:tei="http://www.tei-c.org/ns/1.0"
              xmlns:ecep="http://www.eighteenthcenturypoetry.org/ns"
              ana="#iamb #tetrameter #trimeter #quatrain #ballad #chevy-chase #cross"
              corresp="#txt_ShenWi1714_w0046"
              ecep:syllab="8.6.8.6"
              met="-+|-+|-+|-+/         -+|-+|-+/         -+|-+|-+|-+/         -+|-+|-+/"
              rendition="#lgvspace"
              rhyme="abab"
              subtype="eceptext"
              type="poem"
              xml:id="o5157-w0360"
              decls="#semi-normalized">
            <link target="authors.xml#aut_ShenWi1714" type="author"/>
            <link target="27852" type="DMI"/>
            <head type="main">
               <w xml:id="o5157-476100"
                  n="214-a-1280"
                  ecep:lem="candour"
                  ecep:pos="n1"
                  ecep:reg="CANDOUR"
                  ecep:spe="CANDOUR"
                  ecep:syllab="2"
                  ecep:pron="ˈkændə">CANDOUR</w>
               <pc xml:id="o5157-476110"
                   n="214-a-1290"
                   unit="sentence"
                   ecep:lem="."
                   ecep:pos="."
                   ecep:reg="."
                   ecep:spe=".">.</pc>
            </head>
            <lg xml:id="o5157-s02105">
               <l xml:id="o5157-l25800">
                  <w xml:id="o5157-476140"
                     n="214-a-1300"
                     ecep:lem="the"
                     ecep:pos="dt"
                     ecep:reg="THE"
                     ecep:spe="THE"
                     ecep:syllab="1"
                     ecep:pron="ðiː">THE</w>
                  <c> </c>
                  <w xml:id="o5157-476150"
                     n="214-a-1310"
                     ecep:lem="warm"
                     ecep:pos="js"
                     ecep:reg="warmest"
                     ecep:spe="warmest"
                     ecep:syllab="2"
                     ecep:pron="wɔːmɪst">warmest</w>
                  <c> </c>
                  <w xml:id="o5157-476160"
                     n="214-a-1320"
                     ecep:lem="friend"
                     ecep:pos="n1"
                     ecep:reg="friend"
                     ecep:spe="friend"
                     ecep:syllab="1"
                     ecep:pron="frend">friend</w>
                  <pc xml:id="o5157-476170"
                      n="214-a-1330"
                      ecep:lem=","
                      ecep:pos=","
                      ecep:reg=","
                      ecep:spe=",">,</pc>
                  <c> </c>
                  <w xml:id="o5157-476180"
                     n="214-a-1340"
                     ecep:lem="i"
                     ecep:pos="pns11"
                     ecep:reg="I"
                     ecep:spe="I"
                     ecep:syllab="1"
                     ecep:pron="aɪ">I</w>
                  <c> </c>
                  <w xml:id="o5157-476190"
                     n="214-a-1350"
                     ecep:lem="ever"
                     ecep:pos="av"
                     ecep:reg="ever"
                     ecep:spe="ever"
                     ecep:syllab="2"
                     ecep:pron="ˈevə">ever</w>
                  <c> </c>
                  <w xml:id="o5157-476200"
                     n="214-a-1360"
                     ecep:lem="prove"
                     ecep:pos="vvn"
                     ecep:reg="proved"
                     ecep:spe="prov'd"
                     ecep:syllab="1"
                     ecep:pron="pruːvd">prov'd</w>
                  <pc xml:id="o5157-476210"
                      n="214-a-1370"
                      ecep:lem=","
                      ecep:pos=","
                      ecep:reg=","
                      ecep:spe=",">,</pc>
               </l>
               <l xml:id="o5157-l25805">
                  <w xml:id="o5157-476220"
                     n="214-a-1380"
                     ecep:lem="my"
                     ecep:pos="po11"
                     ecep:reg="My"
                     ecep:spe="My"
                     ecep:syllab="1"
                     ecep:pron="maɪ">My</w>
                  <c> </c>
                  <w xml:id="o5157-476230"
                     n="214-a-1390"
                     ecep:lem="bitter"
                     ecep:pos="js"
                     ecep:reg="bitterest"
                     ecep:spe="bitterest"
                     ecep:syllab="3"
                     ecep:pron="ˈbɪtrɪst">bitterest</w>
                  <c> </c>
                  <w xml:id="o5157-476240"
                     n="214-a-1400"
                     ecep:lem="foe"
                     ecep:pos="n1"
                     ecep:reg="foe"
                     ecep:spe="foe"
                     ecep:syllab="1"
                     ecep:pron="fəʊ">foe</w>
                  <c> </c>
                  <w xml:id="o5157-476250"
                     n="214-a-1410"
                     ecep:lem="i"
                     ecep:pos="pns11"
                     ecep:reg="I"
                     ecep:spe="I"
                     ecep:syllab="1"
                     ecep:pron="aɪ">I</w>
                  <c> </c>
                  <w xml:id="o5157-476260"
                     n="214-a-1420"
                     ecep:lem="see"
                     ecep:pos="vvb"
                     ecep:reg="see"
                     ecep:spe="see"
                     ecep:syllab="1"
                     ecep:pron="siː">see</w>
                  <pc xml:id="o5157-476270"
                      n="214-a-1430"
                      ecep:lem=":"
                      ecep:pos=":"
                      ecep:reg=":"
                      ecep:spe=":">:</pc>
               </l>
               <l xml:id="o5157-l25810">
                  <w xml:id="o5157-476280"
                     n="214-a-1440"
                     ecep:lem="the"
                     ecep:pos="dt"
                     ecep:reg="The"
                     ecep:spe="The"
                     ecep:syllab="1"
                     ecep:pron="ðiː">The</w>
                  <c> </c>
                  <w xml:id="o5157-476290"
                     n="214-a-1450"
                     ecep:lem="kind"
                     ecep:pos="js"
                     ecep:reg="kindest"
                     ecep:spe="kindest"
                     ecep:syllab="2"
                     ecep:pron="kaɪndɪst">kindest</w>
                  <c> </c>
                  <w xml:id="o5157-476300"
                     n="214-a-1460"
                     ecep:lem="maid"
                     ecep:pos="n1"
                     ecep:reg="maid"
                     ecep:spe="maid"
                     ecep:syllab="1"
                     ecep:pron="meɪd">maid</w>
                  <c> </c>
                  <w xml:id="o5157-476310"
                     n="214-a-1470"
                     ecep:lem="i"
                     ecep:pos="pns11"
                     ecep:reg="I"
                     ecep:spe="I"
                     ecep:syllab="1"
                     ecep:pron="aɪ">I</w>
                  <c> </c>
                  <w xml:id="o5157-476320"
                     n="214-a-1480"
                     ecep:lem="ever"
                     ecep:pos="av"
                     ecep:reg="ever"
                     ecep:spe="ever"
                     ecep:syllab="2"
                     ecep:pron="ˈevə">ever</w>
                  <c> </c>
                  <w xml:id="o5157-476330"
                     n="214-a-1490"
                     ecep:lem="love"
                     ecep:pos="vvn"
                     ecep:reg="loved"
                     ecep:spe="lov'd"
                     ecep:syllab="1"
                     ecep:pron="ˈlʌvd">lov'd</w>
                  <pc xml:id="o5157-476340"
                      n="214-a-1500"
                      ecep:lem=","
                      ecep:pos=","
                      ecep:reg=","
                      ecep:spe=",">,</pc>
               </l>
               <l xml:id="o5157-l25815">
                  <w xml:id="o5157-476350"
                     n="214-a-1510"
                     ecep:lem="be"
                     ecep:pos="vbz"
                     ecep:reg="Is"
                     ecep:spe="Is"
                     ecep:syllab="1"
                     ecep:pron="ɪz">Is</w>
                  <c> </c>
                  <w xml:id="o5157-476360"
                     n="214-a-1520"
                     ecep:lem="false"
                     ecep:pos="j"
                     ecep:reg="false"
                     ecep:spe="false"
                     ecep:syllab="1"
                     ecep:pron="fɔːls">false</w>
                  <c> </c>
                  <w xml:id="o5157-476370"
                     n="214-a-1530"
                     ecep:lem="to"
                     ecep:pos="pc-acp"
                     ecep:reg="to"
                     ecep:spe="to"
                     ecep:syllab="1"
                     ecep:pron="tuː">to</w>
                  <c> </c>
                  <w xml:id="o5157-476380"
                     n="214-a-1540"
                     ecep:lem="love"
                     ecep:pos="vvi"
                     ecep:reg="love"
                     ecep:spe="love"
                     ecep:syllab="1"
                     ecep:pron="lʌv">love</w>
                  <c> </c>
                  <w xml:id="o5157-476390"
                     n="214-a-1550"
                     ecep:lem="and"
                     ecep:pos="cc"
                     ecep:reg="and"
                     ecep:spe="and"
                     ecep:syllab="1"
                     ecep:pron="ænd">and</w>
                  <c> </c>
                  <w xml:id="o5157-476400"
                     n="214-a-1560"
                     ecep:lem="i"
                     ecep:pos="pno11"
                     ecep:reg="me"
                     ecep:spe="me"
                     ecep:syllab="1"
                     ecep:pron="miː">me</w>
                  <pc xml:id="o5157-476410"
                      n="214-a-1570"
                      unit="sentence"
                      ecep:lem="."
                      ecep:pos="."
                      ecep:reg="."
                      ecep:spe=".">.</pc>
               </l>
            </lg>
            <pb facs="o5157/0218_R" n="213" rend="none"/>
            <lg xml:id="o5157-s02110">
               <l xml:id="o5157-l25820">
                  <w xml:id="o5157-476440"
                     n="215-a-0010"
                     ecep:lem="but"
                     ecep:pos="cc-acp"
                     ecep:reg="But"
                     ecep:spe="But"
                     ecep:syllab="1"
                     ecep:pron="bʌt">But</w>
                  <c> </c>
                  <w xml:id="o5157-476450"
                     n="215-a-0020"
                     ecep:lem="shall"
                     ecep:pos="vmb"
                     ecep:reg="shall"
                     ecep:spe="shall"
                     ecep:syllab="1"
                     ecep:pron="ʃæl">shall</w>
                  <c> </c>
                  <w xml:id="o5157-476460"
                     n="215-a-0030"
                     ecep:lem="i"
                     ecep:pos="pns11"
                     ecep:reg="I"
                     ecep:spe="I"
                     ecep:syllab="1"
                     ecep:pron="aɪ">I</w>
                  <c> </c>
                  <w xml:id="o5157-476470"
                     n="215-a-0040"
                     ecep:lem="make"
                     ecep:pos="vvi"
                     ecep:reg="make"
                     ecep:spe="make"
                     ecep:syllab="1"
                     ecep:pron="meɪk">make</w>
                  <c> </c>
                  <w xml:id="o5157-476480"
                     n="215-a-0050"
                     ecep:lem="the"
                     ecep:pos="dt"
                     ecep:reg="the"
                     ecep:spe="the"
                     ecep:syllab="1"
                     ecep:pron="ðiː">the</w>
                  <c> </c>
                  <w xml:id="o5157-476490"
                     n="215-a-0060"
                     ecep:lem="angry"
                     ecep:pos="j"
                     ecep:reg="angry"
                     ecep:spe="angry"
                     ecep:syllab="2"
                     ecep:pron="ˈæŋgri">angry</w>
                  <c> </c>
                  <w xml:id="o5157-476500"
                     n="215-a-0070"
                     ecep:lem="vow"
                     ecep:pos="n1"
                     ecep:reg="vow"
                     ecep:spe="vow"
                     ecep:syllab="1"
                     ecep:pron="vaʊ">vow</w>
                  <pc xml:id="o5157-476510"
                      n="215-a-0080"
                      ecep:lem=","
                      ecep:pos=","
                      ecep:reg=","
                      ecep:spe=",">,</pc>
               </l>
               <l xml:id="o5157-l25825">
                  <w xml:id="o5157-476520"
                     n="215-a-0090"
                     ecep:lem="which"
                     ecep:pos="r-crq"
                     ecep:reg="Which"
                     ecep:spe="Which"
                     ecep:syllab="1"
                     ecep:pron="wɪtʃ">Which</w>
                  <c> </c>
                  <w xml:id="o5157-476530"
                     n="215-a-0100"
                     ecep:lem="tempt"
                     ecep:pos="vvz"
                     ecep:reg="tempts"
                     ecep:spe="tempts"
                     ecep:syllab="1"
                     ecep:pron="tempts">tempts</w>
                  <c> </c>
                  <w xml:id="o5157-476540"
                     n="215-a-0110"
                     ecep:lem="my"
                     ecep:pos="po11"
                     ecep:reg="my"
                     ecep:spe="my"
                     ecep:syllab="1"
                     ecep:pron="maɪ">my</w>
                  <c> </c>
                  <w xml:id="o5157-476550"
                     n="215-a-0120"
                     ecep:lem="waver"
                     ecep:pos="j-vvg"
                     ecep:reg="wavering"
                     ecep:spe="wavering"
                     ecep:syllab="3"
                     ecep:pron="ˈweɪvrɪŋ">wavering</w>
                  <c> </c>
                  <w xml:id="o5157-476560"
                     n="215-a-0130"
                     ecep:lem="mind"
                     ecep:pos="n1"
                     ecep:reg="mind"
                     ecep:spe="mind"
                     ecep:syllab="1"
                     ecep:pron="maɪnd">mind</w>
                  <pc xml:id="o5157-476570"
                      n="215-a-0140"
                      unit="sentence"
                      ecep:lem="?"
                      ecep:pos="?"
                      ecep:reg="?"
                      ecep:spe="?">?</pc>
               </l>
               <l xml:id="o5157-l25830">
                  <w xml:id="o5157-476580"
                     n="215-a-0150"
                     ecep:lem="shall"
                     ecep:pos="vmb"
                     ecep:reg="Shall"
                     ecep:spe="Shall"
                     ecep:syllab="1"
                     ecep:pron="ʃæl">Shall</w>
                  <c> </c>
                  <w xml:id="o5157-476590"
                     n="215-a-0160"
                     ecep:lem="dark"
                     ecep:pos="j"
                     ecep:reg="dark"
                     ecep:spe="dark"
                     ecep:syllab="1"
                     ecep:pron="dɑːk">dark</w>
                  <c> </c>
                  <w xml:id="o5157-476600"
                     n="215-a-0170"
                     ecep:lem="suspicion"
                     ecep:pos="n1"
                     ecep:reg="suspicion"
                     ecep:spe="suspicion"
                     ecep:syllab="3"
                     ecep:pron="səˈspɪʃn">suspicion</w>
                  <c> </c>
                  <w xml:id="o5157-476610"
                     n="215-a-0180"
                     ecep:lem="cloud"
                     ecep:pos="vvb"
                     ecep:reg="cloud"
                     ecep:spe="cloud"
                     ecep:syllab="1"
                     ecep:pron="klaʊd">cloud</w>
                  <c> </c>
                  <w xml:id="o5157-476620"
                     n="215-a-0190"
                     ecep:lem="my"
                     ecep:pos="po11"
                     ecep:reg="my"
                     ecep:spe="my"
                     ecep:syllab="1"
                     ecep:pron="maɪ">my</w>
                  <c> </c>
                  <w xml:id="o5157-476630"
                     n="215-a-0200"
                     ecep:lem="brow"
                     ecep:pos="n1"
                     ecep:reg="brow"
                     ecep:spe="brow"
                     ecep:syllab="1"
                     ecep:pron="braʊ">brow</w>
                  <pc xml:id="o5157-476640"
                      n="215-a-0210"
                      ecep:lem=","
                      ecep:pos=","
                      ecep:reg=","
                      ecep:spe=",">,</pc>
               </l>
               <l xml:id="o5157-l25835">
                  <w xml:id="o5157-476650"
                     n="215-a-0220"
                     ecep:lem="and"
                     ecep:pos="cc"
                     ecep:reg="And"
                     ecep:spe="And"
                     ecep:syllab="1"
                     ecep:pron="ænd">And</w>
                  <c> </c>
                  <w xml:id="o5157-476660"
                     n="215-a-0230"
                     ecep:lem="bid"
                     ecep:pos="vvb"
                     ecep:reg="bid"
                     ecep:spe="bid"
                     ecep:syllab="1"
                     ecep:pron="bɪd">bid</w>
                  <c> </c>
                  <w xml:id="o5157-476670"
                     n="215-a-0240"
                     ecep:lem="i"
                     ecep:pos="pno11"
                     ecep:reg="me"
                     ecep:spe="me"
                     ecep:syllab="1"
                     ecep:pron="miː">me</w>
                  <c> </c>
                  <w xml:id="o5157-476680"
                     n="215-a-0250"
                     ecep:lem="shun"
                     ecep:pos="vvi"
                     ecep:reg="shun"
                     ecep:spe="shun"
                     ecep:syllab="1"
                     ecep:pron="ʃʌn">shun</w>
                  <c> </c>
                  <w xml:id="o5157-476690"
                     n="215-a-0260"
                     ecep:lem="mankind"
                     ecep:pos="n1"
                     ecep:reg="mankind"
                     ecep:spe="mankind"
                     ecep:syllab="2"
                     ecep:pron="mænˈkaɪnd">mankind</w>
                  <pc xml:id="o5157-476700"
                      n="215-a-0270"
                      unit="sentence"
                      ecep:lem="?"
                      ecep:pos="?"
                      ecep:reg="?"
                      ecep:spe="?">?</pc>
               </l>
            </lg>
            <lg xml:id="o5157-s02115">
               <l xml:id="o5157-l25840">
                  <w xml:id="o5157-476730"
                     n="215-a-0280"
                     ecep:lem="avaunt"
                     ecep:pos="uh"
                     ecep:reg="Avaunt"
                     ecep:spe="Avaunt"
                     ecep:syllab="2"
                     ecep:pron="əˈvɔːnt">Avaunt</w>
                  <pc xml:id="o5157-476740"
                      n="215-a-0290"
                      ecep:lem=","
                      ecep:pos=","
                      ecep:reg=","
                      ecep:spe=",">,</pc>
                  <c> </c>
                  <w xml:id="o5157-476750"
                     n="215-a-0300"
                     ecep:lem="thou"
                     ecep:pos="pns21"
                     ecep:reg="thou"
                     ecep:spe="thou"
                     ecep:syllab="1"
                     ecep:pron="θaʊ">thou</w>
                  <c> </c>
                  <w xml:id="o5157-476760"
                     n="215-a-0310"
                     ecep:lem="hellborn"
                     ecep:pos="j"
                     ecep:reg="hellborn"
                     ecep:spe="hell-born"
                     ecep:syllab="2"
                     ecep:pron="helˌbɔːn">hell-born</w>
                  <c> </c>
                  <w xml:id="o5157-476770"
                     n="215-a-0320"
                     ecep:lem="fiend"
                     ecep:pos="n1"
                     ecep:reg="fiend"
                     ecep:spe="fiend"
                     ecep:syllab="1"
                     ecep:pron="fiːnd">fiend</w>
                  <pc xml:id="o5157-476780"
                      n="215-a-0330"
                      ecep:lem="!"
                      ecep:pos="!"
                      ecep:reg="!"
                      ecep:spe="!">!</pc>
                  <c> </c>
                  <w xml:id="o5157-476790"
                     n="215-a-0340"
                     ecep:lem="no"
                     ecep:pos="av-dx"
                     ecep:reg="no"
                     ecep:spe="no"
                     ecep:syllab="1"
                     ecep:pron="nəʊ">no</w>
                  <c> </c>
                  <w xml:id="o5157-476800"
                     n="215-a-0350"
                     ecep:lem="more"
                     ecep:pos="dc"
                     ecep:reg="more"
                     ecep:spe="more"
                     ecep:syllab="1"
                     ecep:pron="mɔː">more</w>
               </l>
               <l xml:id="o5157-l25845">
                  <w xml:id="o5157-476810"
                     n="215-a-0360"
                     ecep:lem="pretend"
                     ecep:pos="n1"
                     ecep:reg="Pretend"
                     ecep:spe="Pretend"
                     ecep:syllab="2"
                     ecep:pron="prɪˈtend">Pretend</w>
                  <c> </c>
                  <w xml:id="o5157-476820"
                     n="215-a-0370"
                     ecep:lem="my"
                     ecep:pos="po11"
                     ecep:reg="my"
                     ecep:spe="my"
                     ecep:syllab="1"
                     ecep:pron="maɪ">my</w>
                  <c> </c>
                  <w xml:id="o5157-476830"
                     n="215-a-0380"
                     ecep:lem="step"
                     ecep:pos="n2"
                     ecep:reg="steps"
                     ecep:spe="steps"
                     ecep:syllab="1"
                     ecep:pron="steps">steps</w>
                  <c> </c>
                  <w xml:id="o5157-476840"
                     n="215-a-0390"
                     ecep:lem="to"
                     ecep:pos="pc-acp"
                     ecep:reg="to"
                     ecep:spe="to"
                     ecep:syllab="1"
                     ecep:pron="tuː">to</w>
                  <c> </c>
                  <w xml:id="o5157-476850"
                     n="215-a-0400"
                     ecep:lem="guide"
                     ecep:pos="vvi"
                     ecep:reg="guide"
                     ecep:spe="guide"
                     ecep:syllab="1"
                     ecep:pron="gaɪd">guide</w>
                  <pc xml:id="o5157-476860"
                      n="215-a-0410"
                      ecep:lem=";"
                      ecep:pos=";"
                      ecep:reg=";"
                      ecep:spe=";">;</pc>
               </l>
               <l xml:id="o5157-l25850">
                  <w xml:id="o5157-476870"
                     n="215-a-0420"
                     ecep:lem="let"
                     ecep:pos="vvb"
                     ecep:reg="Let"
                     ecep:spe="Let"
                     ecep:syllab="1"
                     ecep:pron="let">Let</w>
                  <c> </c>
                  <w xml:id="o5157-476880"
                     n="215-a-0430"
                     ecep:lem="i"
                     ecep:pos="pno11"
                     ecep:reg="me"
                     ecep:spe="me"
                     ecep:syllab="1"
                     ecep:pron="miː">me</w>
                  <c> </c>
                  <w xml:id="o5157-476890"
                     n="215-a-0440"
                     ecep:lem="be"
                     ecep:pos="vbi"
                     ecep:reg="be"
                     ecep:spe="be"
                     ecep:syllab="1"
                     ecep:pron="biː">be</w>
                  <c> </c>
                  <w xml:id="o5157-476900"
                     n="215-a-0450"
                     ecep:lem="cheat"
                     ecep:pos="vvn"
                     ecep:reg="cheated"
                     ecep:spe="cheated"
                     ecep:syllab="2"
                     ecep:pron="tʃiːtɪd">cheated</w>
                  <c> </c>
                  <w xml:id="o5157-476910"
                     n="215-a-0460"
                     ecep:lem="over"
                     ecep:pos="a-acp"
                     ecep:reg="over"
                     ecep:spe="o'er"
                     ecep:syllab="1"
                     ecep:pron="ˈɔːə">o'er</w>
                  <c> </c>
                  <w xml:id="o5157-476920"
                     n="215-a-0470"
                     ecep:lem="and"
                     ecep:pos="cc"
                     ecep:reg="and"
                     ecep:spe="and"
                     ecep:syllab="1"
                     ecep:pron="ænd">and</w>
                  <c> </c>
                  <w xml:id="o5157-476930"
                     n="215-a-0480"
                     ecep:lem="over"
                     ecep:pos="a-acp"
                     ecep:reg="over"
                     ecep:spe="o'er"
                     ecep:syllab="1"
                     ecep:pron="ˈɔːə">o'er</w>
                  <pc xml:id="o5157-476940"
                      n="215-a-0490"
                      ecep:lem=","
                      ecep:pos=","
                      ecep:reg=","
                      ecep:spe=",">,</pc>
               </l>
               <l xml:id="o5157-l25855">
                  <w xml:id="o5157-476950"
                     n="215-a-0500"
                     ecep:lem="but"
                     ecep:pos="cc-acp"
                     ecep:reg="But"
                     ecep:spe="But"
                     ecep:syllab="1"
                     ecep:pron="bʌt">But</w>
                  <c> </c>
                  <w xml:id="o5157-476960"
                     n="215-a-0510"
                     ecep:lem="let"
                     ecep:pos="vvb"
                     ecep:reg="let"
                     ecep:spe="let"
                     ecep:syllab="1"
                     ecep:pron="let">let</w>
                  <c> </c>
                  <w xml:id="o5157-476970"
                     n="215-a-0520"
                     ecep:lem="i"
                     ecep:pos="pno11"
                     ecep:reg="me"
                     ecep:spe="me"
                     ecep:syllab="1"
                     ecep:pron="miː">me</w>
                  <c> </c>
                  <w xml:id="o5157-476980"
                     n="215-a-0530"
                     ecep:lem="still"
                     ecep:pos="av"
                     ecep:reg="still"
                     ecep:spe="still"
                     ecep:syllab="1"
                     ecep:pron="stɪl">still</w>
                  <c> </c>
                  <w xml:id="o5157-476990"
                     n="215-a-0540"
                     ecep:lem="confide"
                     ecep:pos="vvi"
                     ecep:reg="confide"
                     ecep:spe="confide"
                     ecep:syllab="2"
                     ecep:pron="kənˈfaɪd">confide</w>
                  <pc xml:id="o5157-477000"
                      n="215-a-0550"
                      unit="sentence"
                      ecep:lem="."
                      ecep:pos="."
                      ecep:reg="."
                      ecep:spe=".">.</pc>
               </l>
            </lg>
            <lg xml:id="o5157-s02120">
               <l xml:id="o5157-l25860">
                  <w xml:id="o5157-477030"
                     n="215-a-0560"
                     ecep:lem="if"
                     ecep:pos="cs"
                     ecep:reg="If"
                     ecep:spe="If"
                     ecep:syllab="1"
                     ecep:pron="ɪf">If</w>
                  <c> </c>
                  <w xml:id="o5157-477040"
                     n="215-a-0570"
                     ecep:lem="this"
                     ecep:pos="d"
                     ecep:reg="this"
                     ecep:spe="this"
                     ecep:syllab="1"
                     ecep:pron="ðɪs">this</w>
                  <c> </c>
                  <w xml:id="o5157-477050"
                     n="215-a-0580"
                     ecep:lem="be"
                     ecep:pos="vbb"
                     ecep:reg="be"
                     ecep:spe="be"
                     ecep:syllab="1"
                     ecep:pron="biː">be</w>
                  <c> </c>
                  <w xml:id="o5157-477060"
                     n="215-a-0590"
                     ecep:lem="folly"
                     ecep:pos="n1"
                     ecep:reg="folly"
                     ecep:spe="folly"
                     ecep:syllab="2"
                     ecep:pron="ˈfɒli">folly</w>
                  <pc xml:id="o5157-477070"
                      n="215-a-0600"
                      ecep:lem=","
                      ecep:pos=","
                      ecep:reg=","
                      ecep:spe=",">,</pc>
                  <c> </c>
                  <w xml:id="o5157-477080"
                     n="215-a-0610"
                     ecep:lem="all"
                     ecep:pos="d"
                     ecep:reg="all"
                     ecep:spe="all"
                     ecep:syllab="1"
                     ecep:pron="ɔːl">all</w>
                  <c> </c>
                  <w xml:id="o5157-477090"
                     n="215-a-0620"
                     ecep:lem="my"
                     ecep:pos="po11"
                     ecep:reg="my"
                     ecep:spe="my"
                     ecep:syllab="1"
                     ecep:pron="maɪ">my</w>
                  <c> </c>
                  <w xml:id="o5157-477100"
                     n="215-a-0630"
                     ecep:lem="claim"
                     ecep:pos="n1"
                     ecep:reg="claim"
                     ecep:spe="claim"
                     ecep:syllab="1"
                     ecep:pron="kleɪm">claim</w>
               </l>
               <l xml:id="o5157-l25865">
                  <w xml:id="o5157-477110"
                     n="215-a-0640"
                     ecep:lem="to"
                     ecep:pos="p-acp"
                     ecep:reg="To"
                     ecep:spe="To"
                     ecep:syllab="1"
                     ecep:pron="tuː">To</w>
                  <c> </c>
                  <w xml:id="o5157-477120"
                     n="215-a-0650"
                     ecep:lem="wisdom"
                     ecep:pos="n1"
                     ecep:reg="wisdom"
                     ecep:spe="wisdom"
                     ecep:syllab="2"
                     ecep:pron="ˈwɪzdəm">wisdom</w>
                  <c> </c>
                  <w xml:id="o5157-477130"
                     n="215-a-0660"
                     ecep:lem="i"
                     ecep:pos="pns11"
                     ecep:reg="I"
                     ecep:spe="I"
                     ecep:syllab="1"
                     ecep:pron="aɪ">I</w>
                  <c> </c>
                  <w xml:id="o5157-477140"
                     n="215-a-0670"
                     ecep:lem="resign"
                     ecep:pos="vvb"
                     ecep:reg="resign"
                     ecep:spe="resign"
                     ecep:syllab="2"
                     ecep:pron="rɪˈzaɪn">resign</w>
                  <pc xml:id="o5157-477150"
                      n="215-a-0680"
                      ecep:lem=";"
                      ecep:pos=";"
                      ecep:reg=";"
                      ecep:spe=";">;</pc>
               </l>
               <l xml:id="o5157-l25870">
                  <w xml:id="o5157-477160"
                     n="215-a-0690"
                     ecep:lem="but"
                     ecep:pos="cc-acp"
                     ecep:reg="But"
                     ecep:spe="But"
                     ecep:syllab="1"
                     ecep:pron="bʌt">But</w>
                  <c> </c>
                  <w xml:id="o5157-477170"
                     n="215-a-0700"
                     ecep:lem="let"
                     ecep:pos="vvb"
                     ecep:reg="let"
                     ecep:spe="let"
                     ecep:syllab="1"
                     ecep:pron="let">let</w>
                  <c> </c>
                  <w xml:id="o5157-477180"
                     n="215-a-0710"
                     ecep:lem="no"
                     ecep:pos="dx"
                     ecep:reg="no"
                     ecep:spe="no"
                     ecep:syllab="1"
                     ecep:pron="nəʊ">no</w>
                  <c> </c>
                  <w xml:id="o5157-477190"
                     n="215-a-0720"
                     ecep:lem="sage"
                     ecep:pos="j-jn"
                     ecep:reg="sage"
                     ecep:spe="sage"
                     ecep:syllab="1"
                     ecep:pron="seɪdʒ">sage</w>
                  <c> </c>
                  <w xml:id="o5157-477200"
                     n="215-a-0730"
                     ecep:lem="presume"
                     ecep:pos="vvi"
                     ecep:reg="presume"
                     ecep:spe="presume"
                     ecep:syllab="2"
                     ecep:pron="prɪˈzjuːm">presume</w>
                  <c> </c>
                  <w xml:id="o5157-477210"
                     n="215-a-0740"
                     ecep:lem="to"
                     ecep:pos="pc-acp"
                     ecep:reg="to"
                     ecep:spe="to"
                     ecep:syllab="1"
                     ecep:pron="tuː">to</w>
                  <c> </c>
                  <w xml:id="o5157-477220"
                     n="215-a-0750"
                     ecep:lem="name"
                     ecep:pos="vvi"
                     ecep:reg="name"
                     ecep:spe="name"
                     ecep:syllab="1"
                     ecep:pron="neɪm">name</w>
               </l>
               <l xml:id="o5157-l25875">
                  <w xml:id="o5157-477230"
                     n="215-a-0760"
                     ecep:lem="his"
                     ecep:pos="po31"
                     ecep:reg="His"
                     ecep:spe="His"
                     ecep:syllab="1"
                     ecep:pron="hɪz">His</w>
                  <c> </c>
                  <hi>
                     <w xml:id="o5157-477240"
                        n="215-a-0770"
                        ecep:lem="happiness"
                        ecep:pos="n1"
                        ecep:reg="happiness"
                        ecep:spe="happiness"
                        ecep:syllab="3"
                        ecep:pron="ˈhæpɪnəs">happiness</w>
                  </hi>
                  <c> </c>
                  <w xml:id="o5157-477250"
                     n="215-a-0780"
                     ecep:lem="with"
                     ecep:pos="p-acp"
                     ecep:reg="with"
                     ecep:spe="with"
                     ecep:syllab="1"
                     ecep:pron="wɪð">with</w>
                  <c> </c>
                  <w xml:id="o5157-477260"
                     n="215-a-0790"
                     ecep:lem="i"
                     ecep:pos="png11"
                     ecep:reg="mine"
                     ecep:spe="mine"
                     ecep:syllab="1"
                     ecep:pron="maɪn">mine</w>
                  <pc xml:id="o5157-477270"
                      n="215-a-0800"
                      unit="sentence"
                      ecep:lem="."
                      ecep:pos="."
                      ecep:reg="."
                      ecep:spe=".">.</pc>
               </l>
            </lg>
         </div>
      </body>
   </text>
</TEI>
