<?xml version="1.0" encoding="UTF-8"?>
<?xml-model href="../tei_all.rnc" type="application/relax-ng-compact-syntax"?>
<TEI xmlns="http://www.tei-c.org/ns/1.0">
   <teiHeader>
      <fileDesc>
         <titleStmt>
            <title corresp="#txt_WattIs1674_w0052">Free Philosophy.</title>
            <author corresp="authors.xml#aut_WattIs1674">Isaac Watts</author>
            <respStmt>
               <name xml:id="AH">Alexander Huber</name>
               <resp>Editor</resp>
            </respStmt>
            <funder>
               <name type="institution" xml:id="BOD">Bodleian Libraries, University of Oxford</name>
               <address>
                  <addrLine>Broad Street</addrLine>
                  <addrLine>Oxford OX1 3BG</addrLine>
                  <addrLine>UK</addrLine>
               </address>
            </funder>
         </titleStmt>
         <publicationStmt>
            <publisher xml:id="ECPA">Eighteenth-Century Poetry Archive</publisher>
            <address>
               <addrLine>Taylor Institution Library</addrLine>
               <addrLine>St Giles'</addrLine>
               <addrLine>Oxford OX1 3NA</addrLine>
               <addrLine>UK</addrLine>
               <addrLine>
                  <email>info@eighteenthcenturypoetry.org</email>
               </addrLine>
               <addrLine>
                  <ref target="https://www.eighteenthcenturypoetry.org/">https://www.eighteenthcenturypoetry.org/</ref>
               </addrLine>
            </address>
            <pubPlace>Oxford</pubPlace>
            <availability status="restricted">
               <licence target="http://creativecommons.org/licenses/by-sa/3.0/">This work is licensed under a Creative Commons Attribution-ShareAlike 3.0 Unported License.</licence>
            </availability>
            <idno type="ESTC">T82397</idno>
            <idno type="TCP">K067329.000</idno>
         </publicationStmt>
         <sourceDesc>
            <bibl>
               <author>Watts, Isaac, 1674-1748.</author>
               <title>Horæ lyricæ: Poems, chiefly of the lyric kind. In two books. ... By I. Watts.</title>
               <pubPlace>London</pubPlace>
               <publisher>Printed by S. and D. Bridge, for John Lawrence at the Sign of the Angel in the Poultrey. MDCCVI.</publisher>
               <date>1706</date>
               <biblScope>pp. 153-154.</biblScope>
               <extent>[20],267,[1]p.; 8⁰.</extent>
            </bibl>
         </sourceDesc>
      </fileDesc>
      <encodingDesc>
         <projectDesc>
            <p>This e-text is part of the Works section of the Eighteenth-Century Poetry Archive (ECPA).</p>
            <p>XML created for the Eighteenth-Century Poetry Archive (ECPA).</p>
         </projectDesc>
         <editorialDecl>
            <p>The text has been typographically modernized, but without any silent modernization of
						spelling, capitalization, or punctuation. The source of the text is given and all editorial interventions
						have been recorded in textual notes. Based on the electronic text originally produced by the TCP project, this  text has been edited to conform to the recommendations found in Level 5 of the
						Best Practices for TEI in Libraries version 4.0.0.
					</p>
         </editorialDecl>
         <classDecl>
            <taxonomy xml:id="LCNAF">
               <bibl>Library of Congress Name Authority File (<abbr>LCNAF</abbr>)</bibl>
            </taxonomy>
         </classDecl>
         <tagsDecl>
            <rendition n="linegroups indented" xml:id="lgindent" scheme="css">text-indent: 1em;</rendition>
            <rendition n="linegroups vertically spaced" xml:id="lgvspace" scheme="css">margin-bottom: 1em;</rendition>
            <rendition n="aligned centrally" xml:id="align-center" scheme="css">text-align: center;</rendition>
            <rendition n="aligned right" xml:id="align-right" scheme="css">text-align: right;</rendition>
            <rendition n="aligned left" xml:id="align-left" scheme="css">text-align: left;</rendition>
            <rendition n="inline" xml:id="inline" scheme="css">display: inline</rendition>
            <rendition n="italic" xml:id="i" scheme="css">font-style: italic;</rendition>
            <rendition n="bold" xml:id="b" scheme="css">font-weight: bold;</rendition>
         </tagsDecl>
      </encodingDesc>
   </teiHeader>
   <text>
      <body>
         <div xmlns:ecep="http://www.eighteenthcenturypoetry.org/ns"
              xmlns:tei="http://www.tei-c.org/ns/1.0"
              ana="#iamb #tetrameter #trimeter #pentameter #address #ode"
              corresp="#txt_WattIs1674_w0052"
              decls="#semi-normalized"
              ecep:syllab=""
              met="irregular"
              rendition="#lgvspace"
              rhyme="irregular"
              subtype="eceptext"
              type="poem"
              xml:id="o4672-w0520">
            <link target="authors.xml#aut_WattIs1674" type="author"/>
            <head type="main">
               <w xml:id="o4672-222080"
                  n="o4672/0172-a-0010"
                  ecep:lem="free"
                  ecep:pos="j"
                  ecep:reg="Free"
                  ecep:spe="Free"
                  ecep:syllab="1"
                  ecep:pron="friː">Free</w>
               <c> </c>
               <w xml:id="o4672-222090"
                  n="o4672/0172-a-0020"
                  ecep:lem="philosophy"
                  ecep:pos="n1"
                  ecep:reg="Philosophy"
                  ecep:spe="Philosophy"
                  ecep:syllab="4"
                  ecep:pron="fɪˈlɒsəfi">Philosophy</w>
               <pc xml:id="o4672-222100"
                   n="o4672/0172-a-0030"
                   unit="sentence"
                   ecep:lem="."
                   ecep:pos="."
                   ecep:reg="."
                   ecep:spe=".">.</pc>
            </head>
            <head>
               <w xml:id="o4672-222130"
                  n="o4672/0172-a-0040"
                  ecep:lem="to"
                  ecep:pos="p-acp"
                  ecep:reg="To"
                  ecep:spe="To"
                  ecep:syllab="1"
                  ecep:pron="tuː">To</w>
               <c> </c>
               <w xml:id="o4672-222140"
                  n="o4672/0172-a-0050"
                  ecep:lem="the"
                  ecep:pos="dt"
                  ecep:reg="the"
                  ecep:spe="the"
                  ecep:syllab="1"
                  ecep:pron="ðiː">the</w>
               <c> </c>
               <w xml:id="o4672-222150"
                  n="o4672/0172-a-0060"
                  ecep:lem="much"
                  ecep:pos="d"
                  ecep:reg="much"
                  ecep:spe="much"
                  ecep:syllab="1"
                  ecep:pron="mʌtʃ">much</w>
               <c> </c>
               <w xml:id="o4672-222160"
                  n="o4672/0172-a-0070"
                  ecep:lem="honour"
                  ecep:pos="vvn"
                  ecep:reg="Honoured"
                  ecep:spe="Honoured"
                  ecep:syllab="3"
                  ecep:pron="ˈɒnəd">Honoured</w>
               <c> </c>
               <w xml:id="o4672-222170"
                  n="o4672/0172-a-0080"
                  ecep:lem="mr."
                  ecep:pos="n1"
                  ecep:reg="Mr."
                  ecep:spe="Mr."
                  ecep:syllab="2"
                  ecep:pron="mɪstə">Mr.</w>
               <c> </c>
               <hi>
                  <w xml:id="o4672-222180"
                     n="o4672/0172-a-0090"
                     ecep:lem="Thomas"
                     ecep:pos="np1"
                     ecep:reg="Thomas"
                     ecep:spe="Thomas"
                     ecep:syllab="2"
                     ecep:pron="ˈtɒməs">Thomas</w>
                  <c> </c>
                  <w xml:id="o4672-222190"
                     n="o4672/0172-a-0100"
                     ecep:lem="Rowe"
                     ecep:pos="np1"
                     ecep:reg="Rowe"
                     ecep:spe="Rowe"
                     ecep:syllab="1"
                     ecep:pron="ˈrəʊ">Rowe</w>
                  <pc xml:id="o4672-222200"
                      n="o4672/0172-a-0110"
                      unit="sentence"
                      ecep:lem="."
                      ecep:pos="."
                      ecep:reg="."
                      ecep:spe=".">.</pc>
                  <c> </c>
               </hi>
               <w xml:id="o4672-222210"
                  n="o4672/0172-a-0120"
                  ecep:lem="the"
                  ecep:pos="dt"
                  ecep:reg="THE"
                  ecep:spe="THE"
                  ecep:syllab="1"
                  ecep:pron="ðiː">THE</w>
               <c> </c>
               <w xml:id="o4672-222220"
                  n="o4672/0172-a-0130"
                  ecep:lem="director"
                  ecep:pos="n1"
                  ecep:reg="Director"
                  ecep:spe="Director"
                  ecep:syllab="3"
                  ecep:pron="dɪˈrektə">Director</w>
               <c> </c>
               <w xml:id="o4672-222230"
                  n="o4672/0172-a-0140"
                  ecep:lem="of"
                  ecep:pos="pp-f"
                  ecep:reg="of"
                  ecep:spe="of"
                  ecep:syllab="1"
                  ecep:pron="ɒv">of</w>
               <c> </c>
               <w xml:id="o4672-222240"
                  n="o4672/0172-a-0150"
                  ecep:lem="my"
                  ecep:pos="po11"
                  ecep:reg="my"
                  ecep:spe="my"
                  ecep:syllab="1"
                  ecep:pron="maɪ">my</w>
               <c> </c>
               <w xml:id="o4672-222250"
                  n="o4672/0172-a-0160"
                  ecep:lem="youthful"
                  ecep:pos="j"
                  ecep:reg="Youthful"
                  ecep:spe="Youthful"
                  ecep:syllab="2"
                  ecep:pron="ˈjuːθfl">Youthful</w>
               <c> </c>
               <w xml:id="o4672-222260"
                  n="o4672/0172-a-0170"
                  ecep:lem="study"
                  ecep:pos="n2"
                  ecep:reg="Studies"
                  ecep:spe="Studies"
                  ecep:syllab="2"
                  ecep:pron="ˈstʌdiz">Studies</w>
               <pc xml:id="o4672-222270"
                   n="o4672/0172-a-0180"
                   unit="sentence"
                   ecep:lem="."
                   ecep:pos="."
                   ecep:reg="."
                   ecep:spe=".">.</pc>
            </head>
            <lg n="1" xml:id="o4672-s02125">
               <head>
                  <w xml:id="o4672-222310"
                     n="o4672/0172-a-0190"
                     ecep:lem="i"
                     ecep:pos="pns11"
                     ecep:reg="I"
                     ecep:spe="I."
                     ecep:syllab="1"
                     ecep:pron="ˈaɪ">I.</w>
                  <pc unit="sentence" xml:id="o4672-222310-eos" n="o4672/0172-a-0200"/>
               </head>
               <l xml:id="o4672-l10050">
                  <w xml:id="o4672-222330"
                     n="o4672/0172-a-0210"
                     ecep:lem="custom"
                     ecep:pos="n1"
                     ecep:reg="CUSTOM"
                     ecep:spe="CUSTOM"
                     ecep:syllab="2"
                     ecep:pron="ˈkʌstəm">CUSTOM</w>
                  <pc xml:id="o4672-222340"
                      n="o4672/0172-a-0220"
                      ecep:lem=","
                      ecep:pos=","
                      ecep:reg=","
                      ecep:spe=",">,</pc>
                  <c> </c>
                  <w xml:id="o4672-222350"
                     n="o4672/0172-a-0230"
                     ecep:lem="that"
                     ecep:pos="cst"
                     ecep:reg="that"
                     ecep:spe="that"
                     ecep:syllab="1"
                     ecep:pron="ðæt">that</w>
                  <c> </c>
                  <w xml:id="o4672-222360"
                     n="o4672/0172-a-0240"
                     ecep:lem="tyranness"
                     ecep:pos="n1"
                     ecep:reg="Tyranness"
                     ecep:spe="Tyranness"
                     ecep:syllab="3"
                     ecep:pron="ˈtaɪrəˌnes">Tyranness</w>
                  <c> </c>
                  <w xml:id="o4672-222370"
                     n="o4672/0172-a-0250"
                     ecep:lem="of"
                     ecep:pos="pp-f"
                     ecep:reg="of"
                     ecep:spe="of"
                     ecep:syllab="1"
                     ecep:pron="ɒv">of</w>
                  <c> </c>
                  <w xml:id="o4672-222380"
                     n="o4672/0172-a-0260"
                     ecep:lem="fool"
                     ecep:pos="n2"
                     ecep:reg="Fools"
                     ecep:spe="Fools"
                     ecep:syllab="1"
                     ecep:pron="fuːlz">Fools</w>
                  <pc xml:id="o4672-222390"
                      n="o4672/0172-a-0270"
                      ecep:lem=","
                      ecep:pos=","
                      ecep:reg=","
                      ecep:spe=",">,</pc>
               </l>
               <l xml:id="o4672-l10055">
                  <c> </c>
                  <w xml:id="o4672-222400"
                     n="o4672/0172-a-0280"
                     ecep:lem="that"
                     ecep:pos="cst"
                     ecep:reg="That"
                     ecep:spe="That"
                     ecep:syllab="1"
                     ecep:pron="ðæt">That</w>
                  <c> </c>
                  <w xml:id="o4672-222410"
                     n="o4672/0172-a-0290"
                     ecep:lem="lead"
                     ecep:pos="vvz"
                     ecep:reg="leads"
                     ecep:spe="leads"
                     ecep:syllab="1"
                     ecep:pron="liːdz">leads</w>
                  <c> </c>
                  <w xml:id="o4672-222420"
                     n="o4672/0172-a-0300"
                     ecep:lem="the"
                     ecep:pos="dt"
                     ecep:reg="the"
                     ecep:spe="the"
                     ecep:syllab="1"
                     ecep:pron="ðiː">the</w>
                  <c> </c>
                  <w xml:id="o4672-222430"
                     n="o4672/0172-a-0310"
                     ecep:lem="learned"
                     ecep:pos="j"
                     ecep:reg="Learnt"
                     ecep:spe="Learned"
                     ecep:syllab="2"
                     ecep:pron="ˈlɜːnɪd">Learned</w>
                  <c> </c>
                  <w xml:id="o4672-222440"
                     n="o4672/0172-a-0320"
                     ecep:lem="round"
                     ecep:pos="av-j"
                     ecep:reg="round"
                     ecep:spe="round"
                     ecep:syllab="1"
                     ecep:pron="raʊnd">round</w>
                  <c> </c>
                  <w xml:id="o4672-222450"
                     n="o4672/0172-a-0330"
                     ecep:lem="the"
                     ecep:pos="dt"
                     ecep:reg="the"
                     ecep:spe="the"
                     ecep:syllab="1"
                     ecep:pron="ðiː">the</w>
                  <c> </c>
                  <w xml:id="o4672-222460"
                     n="o4672/0172-a-0340"
                     ecep:lem="school"
                     ecep:pos="n2"
                     ecep:reg="Schools"
                     ecep:spe="Schools"
                     ecep:syllab="1"
                     ecep:pron="skuːlz">Schools</w>
               </l>
               <l xml:id="o4672-l10060">
                  <c> </c>
                  <w xml:id="o4672-222470"
                     n="o4672/0172-a-0350"
                     ecep:lem="in"
                     ecep:pos="p-acp"
                     ecep:reg="In"
                     ecep:spe="In"
                     ecep:syllab="1"
                     ecep:pron="ɪn">In</w>
                  <c> </c>
                  <w xml:id="o4672-222480"
                     n="o4672/0172-a-0360"
                     ecep:lem="magic"
                     ecep:pos="n-jn"
                     ecep:reg="Magic"
                     ecep:spe="Magick"
                     ecep:syllab="2"
                     ecep:pron="ˈmædʒɪk">Magick</w>
                  <c> </c>
                  <w xml:id="o4672-222490"
                     n="o4672/0172-a-0370"
                     ecep:lem="chain"
                     ecep:pos="n2"
                     ecep:reg="Chains"
                     ecep:spe="Chains"
                     ecep:syllab="1"
                     ecep:pron="tʃeɪnz">Chains</w>
                  <c> </c>
                  <w xml:id="o4672-222500"
                     n="o4672/0172-a-0380"
                     ecep:lem="of"
                     ecep:pos="pp-f"
                     ecep:reg="of"
                     ecep:spe="of"
                     ecep:syllab="1"
                     ecep:pron="ɒv">of</w>
                  <c> </c>
                  <w xml:id="o4672-222510"
                     n="o4672/0172-a-0390"
                     ecep:lem="form"
                     ecep:pos="n2"
                     ecep:reg="Forms"
                     ecep:spe="Forms"
                     ecep:syllab="1"
                     ecep:pron="fɔːmz">Forms</w>
                  <c> </c>
                  <w xml:id="o4672-222520"
                     n="o4672/0172-a-0400"
                     ecep:lem="and"
                     ecep:pos="cc"
                     ecep:reg="and"
                     ecep:spe="and"
                     ecep:syllab="1"
                     ecep:pron="ænd">and</w>
                  <c> </c>
                  <w xml:id="o4672-222530"
                     n="o4672/0172-a-0410"
                     ecep:lem="rule"
                     ecep:pos="n2"
                     ecep:reg="Rules"
                     ecep:spe="Rules"
                     ecep:syllab="1"
                     ecep:pron="ruːlz">Rules</w>
                  <pc xml:id="o4672-222540"
                      n="o4672/0172-a-0420"
                      ecep:lem=","
                      ecep:pos=","
                      ecep:reg=","
                      ecep:spe=",">,</pc>
               </l>
               <l xml:id="o4672-l10065">
                  <c> </c>
                  <w xml:id="o4672-222550"
                     n="o4672/0172-a-0430"
                     ecep:lem="my"
                     ecep:pos="po11"
                     ecep:reg="My"
                     ecep:spe="My"
                     ecep:syllab="1"
                     ecep:pron="maɪ">My</w>
                  <c> </c>
                  <w xml:id="o4672-222560"
                     n="o4672/0172-a-0440"
                     ecep:lem="genius"
                     ecep:pos="n1"
                     ecep:reg="Genius"
                     ecep:spe="Genius"
                     ecep:syllab="2"
                     ecep:pron="ˈdʒiːniəs">Genius</w>
                  <c> </c>
                  <w xml:id="o4672-222570"
                     n="o4672/0172-a-0450"
                     ecep:lem="storm"
                     ecep:pos="n2"
                     ecep:reg="storms"
                     ecep:spe="storms"
                     ecep:syllab="1"
                     ecep:pron="stɔːmz">storms</w>
                  <c> </c>
                  <w xml:id="o4672-222580"
                     n="o4672/0172-a-0460"
                     ecep:lem="her"
                     ecep:pos="po31"
                     ecep:reg="her"
                     ecep:spe="her"
                     ecep:syllab="1"
                     ecep:pron="hɜː">her</w>
                  <c> </c>
                  <w xml:id="o4672-222590"
                     n="o4672/0172-a-0470"
                     ecep:lem="throne"
                     ecep:pos="n1"
                     ecep:reg="Throne"
                     ecep:spe="Throne"
                     ecep:syllab="1"
                     ecep:pron="θrəʊn">Throne</w>
                  <pc xml:id="o4672-222600"
                      n="o4672/0172-a-0480"
                      ecep:lem=":"
                      ecep:pos=":"
                      ecep:reg=":"
                      ecep:spe=":">:</pc>
               </l>
               <l xml:id="o4672-l10070">
                  <c> </c>
                  <w xml:id="o4672-222610"
                     n="o4672/0172-a-0490"
                     ecep:lem="no"
                     ecep:pos="uh-x"
                     ecep:reg="No"
                     ecep:spe="No"
                     ecep:syllab="1"
                     ecep:pron="nəʊ">No</w>
                  <c> </c>
                  <w xml:id="o4672-222620"
                     n="o4672/0172-a-0500"
                     ecep:lem="more"
                     ecep:pos="av-dc"
                     ecep:reg="more"
                     ecep:spe="more"
                     ecep:syllab="1"
                     ecep:pron="mɔː">more</w>
                  <c> </c>
                  <w xml:id="o4672-222630"
                     n="o4672/0172-a-0510"
                     ecep:lem="the"
                     ecep:pos="dt"
                     ecep:reg="you"
                     ecep:spe="ye"
                     ecep:syllab="1"
                     ecep:pron="jiː">ye</w>
                  <c> </c>
                  <w xml:id="o4672-222640"
                     n="o4672/0172-a-0520"
                     ecep:lem="slave"
                     ecep:pos="n2"
                     ecep:reg="Slaves"
                     ecep:spe="Slaves"
                     ecep:syllab="1"
                     ecep:pron="sleɪvz">Slaves</w>
                  <c> </c>
                  <w xml:id="o4672-222650"
                     n="o4672/0172-a-0530"
                     ecep:lem="with"
                     ecep:pos="p-acp"
                     ecep:reg="with"
                     ecep:spe="with"
                     ecep:syllab="1"
                     ecep:pron="wɪð">with</w>
                  <c> </c>
                  <w xml:id="o4672-222660"
                     n="o4672/0172-a-0540"
                     ecep:lem="awe"
                     ecep:pos="n1"
                     ecep:reg="Awe"
                     ecep:spe="Awe"
                     ecep:syllab="1"
                     ecep:pron="ɔː">Awe</w>
                  <c> </c>
                  <w xml:id="o4672-222670"
                     n="o4672/0172-a-0550"
                     ecep:lem="profound"
                     ecep:pos="j"
                     ecep:reg="profound"
                     ecep:spe="profound"
                     ecep:syllab="2"
                     ecep:pron="prəˈfaʊnd">profound</w>
               </l>
               <l xml:id="o4672-l10075">
                  <c> </c>
                  <w xml:id="o4672-222680"
                     n="o4672/0172-a-0560"
                     ecep:lem="beat"
                     ecep:pos="vvb"
                     ecep:reg="Beat"
                     ecep:spe="Beat"
                     ecep:syllab="1"
                     ecep:pron="biːt">Beat</w>
                  <c> </c>
                  <w xml:id="o4672-222690"
                     n="o4672/0172-a-0570"
                     ecep:lem="the"
                     ecep:pos="dt"
                     ecep:reg="the"
                     ecep:spe="the"
                     ecep:syllab="1"
                     ecep:pron="ðiː">the</w>
                  <c> </c>
                  <w xml:id="o4672-222700"
                     n="o4672/0172-a-0580"
                     ecep:lem="dull"
                     ecep:pos="j"
                     ecep:reg="dull"
                     ecep:spe="dull"
                     ecep:syllab="1"
                     ecep:pron="dʌl">dull</w>
                  <c> </c>
                  <w xml:id="o4672-222710"
                     n="o4672/0172-a-0590"
                     ecep:lem="track"
                     ecep:pos="n1"
                     ecep:reg="Track"
                     ecep:spe="Track"
                     ecep:syllab="1"
                     ecep:pron="træk">Track</w>
                  <pc xml:id="o4672-222720"
                      n="o4672/0172-a-0600"
                      ecep:lem=","
                      ecep:pos=","
                      ecep:reg=","
                      ecep:spe=",">,</pc>
                  <c> </c>
                  <w xml:id="o4672-222730"
                     n="o4672/0172-a-0610"
                     ecep:lem="nor"
                     ecep:pos="ccx"
                     ecep:reg="nor"
                     ecep:spe="nor"
                     ecep:syllab="1"
                     ecep:pron="nɔː">nor</w>
                  <c> </c>
                  <w xml:id="o4672-222740"
                     n="o4672/0172-a-0620"
                     ecep:lem="dance"
                     ecep:pos="vvi"
                     ecep:reg="dance"
                     ecep:spe="dance"
                     ecep:syllab="1"
                     ecep:pron="dɑːns">dance</w>
                  <c> </c>
                  <w xml:id="o4672-222750"
                     n="o4672/0172-a-0630"
                     ecep:lem="the"
                     ecep:pos="dt"
                     ecep:reg="the"
                     ecep:spe="the"
                     ecep:syllab="1"
                     ecep:pron="ðiː">the</w>
                  <c> </c>
                  <w xml:id="o4672-222760"
                     n="o4672/0172-a-0640"
                     ecep:lem="round"
                     ecep:pos="av-j"
                     ecep:reg="Round"
                     ecep:spe="Round"
                     ecep:syllab="1"
                     ecep:pron="raʊnd">Round</w>
                  <pc xml:id="o4672-222770"
                      n="o4672/0172-a-0650"
                      ecep:lem=","
                      ecep:pos=","
                      ecep:reg=","
                      ecep:spe=",">,</pc>
               </l>
               <l xml:id="o4672-l10080">
                  <c> </c>
                  <w xml:id="o4672-222780"
                     n="o4672/0172-a-0660"
                     ecep:lem="loose"
                     ecep:pos="j"
                     ecep:reg="Loose"
                     ecep:spe="Loose"
                     ecep:syllab="1"
                     ecep:pron="luːs">Loose</w>
                  <c> </c>
                  <w xml:id="o4672-222790"
                     n="o4672/0172-a-0670"
                     ecep:lem="hand"
                     ecep:pos="n2"
                     ecep:reg="Hands"
                     ecep:spe="Hands"
                     ecep:syllab="1"
                     ecep:pron="hændz">Hands</w>
                  <pc xml:id="o4672-222800"
                      n="o4672/0172-a-0680"
                      ecep:lem=","
                      ecep:pos=","
                      ecep:reg=","
                      ecep:spe=",">,</pc>
                  <c> </c>
                  <w xml:id="o4672-222810"
                     n="o4672/0172-a-0690"
                     ecep:lem="and"
                     ecep:pos="cc"
                     ecep:reg="and"
                     ecep:spe="and"
                     ecep:syllab="1"
                     ecep:pron="ænd">and</w>
                  <c> </c>
                  <w xml:id="o4672-222820"
                     n="o4672/0172-a-0700"
                     ecep:lem="quit"
                     ecep:pos="vvi"
                     ecep:reg="quit"
                     ecep:spe="quit"
                     ecep:syllab="1"
                     ecep:pron="kwɪt">quit</w>
                  <c> </c>
                  <w xml:id="o4672-222830"
                     n="o4672/0172-a-0710"
                     ecep:lem="the"
                     ecep:pos="dt"
                     ecep:reg="the"
                     ecep:spe="th'"
                     ecep:syllab="0"
                     ecep:pron="ð">th'</w>
                  <c> </c>
                  <w xml:id="o4672-222840"
                     n="o4672/0172-a-0720"
                     ecep:lem="enchant"
                     ecep:pos="j-vvn"
                     ecep:reg="Enchanted"
                     ecep:spe="Inchanted"
                     ecep:syllab="3"
                     ecep:pron="ˈɪntʃəntɪd">Inchanted</w>
                  <c> </c>
                  <w xml:id="o4672-222850"
                     n="o4672/0172-a-0730"
                     ecep:lem="ground"
                     ecep:pos="n1"
                     ecep:reg="Ground"
                     ecep:spe="Ground"
                     ecep:syllab="1"
                     ecep:pron="graʊnd">Ground</w>
                  <pc xml:id="o4672-222860"
                      n="o4672/0172-a-0740"
                      ecep:lem=","
                      ecep:pos=","
                      ecep:reg=","
                      ecep:spe=",">,</pc>
               </l>
               <l xml:id="o4672-l10085">
                  <c> </c>
                  <w xml:id="o4672-222870"
                     n="o4672/0172-a-0750"
                     ecep:lem="knowledge"
                     ecep:pos="n1"
                     ecep:reg="Knowledge"
                     ecep:spe="Knowledge"
                     ecep:syllab="2"
                     ecep:pron="ˈnɒlɪdʒ">Knowledge</w>
                  <c> </c>
                  <w xml:id="o4672-222880"
                     n="o4672/0172-a-0760"
                     ecep:lem="invite"
                     ecep:pos="vvz"
                     ecep:reg="invites"
                     ecep:spe="invites"
                     ecep:syllab="2"
                     ecep:pron="ˈɪnvaɪts">invites</w>
                  <c> </c>
                  <w xml:id="o4672-222890"
                     n="o4672/0172-a-0770"
                     ecep:lem="we"
                     ecep:pos="pno12"
                     ecep:reg="us"
                     ecep:spe="us"
                     ecep:syllab="1"
                     ecep:pron="ʌs">us</w>
                  <c> </c>
                  <w xml:id="o4672-222900"
                     n="o4672/0172-a-0780"
                     ecep:lem="each"
                     ecep:pos="d"
                     ecep:reg="each"
                     ecep:spe="each"
                     ecep:syllab="1"
                     ecep:pron="iːtʃ">each</w>
                  <c> </c>
                  <w xml:id="o4672-222910"
                     n="o4672/0172-a-0790"
                     ecep:lem="alone"
                     ecep:pos="av-j"
                     ecep:reg="alone"
                     ecep:spe="alone"
                     ecep:syllab="2"
                     ecep:pron="əˈləʊn">alone</w>
                  <pc xml:id="o4672-222920"
                      n="o4672/0172-a-0800"
                      unit="sentence"
                      ecep:lem="."
                      ecep:pos="."
                      ecep:reg="."
                      ecep:spe=".">.</pc>
                  <c> </c>
               </l>
            </lg>
            <pb facs="o4672/0173" n="154" rend="none"/>
            <lg n="2" xml:id="o4672-s02130">
               <head>
                  <w xml:id="o4672-222960"
                     n="o4672/0173-a-0010"
                     ecep:lem="ii"
                     ecep:pos="crd"
                     ecep:reg="II"
                     ecep:spe="II"
                     ecep:syllab="1"
                     ecep:pron="rˌəʊməntˈuː">II</w>
                  <pc xml:id="o4672-222970"
                      n="o4672/0173-a-0020"
                      unit="sentence"
                      ecep:lem="."
                      ecep:pos="."
                      ecep:reg="."
                      ecep:spe=".">.</pc>
               </head>
               <l xml:id="o4672-l10090">
                  <w xml:id="o4672-222990"
                     n="o4672/0173-a-0030"
                     ecep:lem="i"
                     ecep:pos="pns11"
                     ecep:reg="I"
                     ecep:spe="I"
                     ecep:syllab="1"
                     ecep:pron="aɪ">I</w>
                  <c> </c>
                  <w xml:id="o4672-223000"
                     n="o4672/0173-a-0040"
                     ecep:lem="hate"
                     ecep:pos="vvb"
                     ecep:reg="hate"
                     ecep:spe="hate"
                     ecep:syllab="1"
                     ecep:pron="heɪt">hate</w>
                  <c> </c>
                  <w xml:id="o4672-223010"
                     n="o4672/0173-a-0050"
                     ecep:lem="these"
                     ecep:pos="d"
                     ecep:reg="these"
                     ecep:spe="these"
                     ecep:syllab="1"
                     ecep:pron="ðiːz">these</w>
                  <c> </c>
                  <w xml:id="o4672-223020"
                     n="o4672/0173-a-0060"
                     ecep:lem="shackle"
                     ecep:pos="n2"
                     ecep:reg="Shackles"
                     ecep:spe="Shackles"
                     ecep:syllab="2"
                     ecep:pron="ˈʃæklz">Shackles</w>
                  <c> </c>
                  <w xml:id="o4672-223030"
                     n="o4672/0173-a-0070"
                     ecep:lem="of"
                     ecep:pos="pp-f"
                     ecep:reg="of"
                     ecep:spe="of"
                     ecep:syllab="1"
                     ecep:pron="ɒv">of</w>
                  <c> </c>
                  <w xml:id="o4672-223040"
                     n="o4672/0173-a-0080"
                     ecep:lem="the"
                     ecep:pos="dt"
                     ecep:reg="the"
                     ecep:spe="the"
                     ecep:syllab="1"
                     ecep:pron="ðiː">the</w>
                  <c> </c>
                  <w xml:id="o4672-223050"
                     n="o4672/0173-a-0090"
                     ecep:lem="mind"
                     ecep:pos="n1"
                     ecep:reg="Mind"
                     ecep:spe="Mind"
                     ecep:syllab="1"
                     ecep:pron="maɪnd">Mind</w>
               </l>
               <l xml:id="o4672-l10095">
                  <c> </c>
                  <w xml:id="o4672-223060"
                     n="o4672/0173-a-0100"
                     ecep:lem="forge"
                     ecep:pos="vvn"
                     ecep:reg="Forged"
                     ecep:spe="Forg'd"
                     ecep:syllab="1"
                     ecep:pron="fɔːdʒd">Forg'd</w>
                  <c> </c>
                  <w xml:id="o4672-223070"
                     n="o4672/0173-a-0110"
                     ecep:lem="by"
                     ecep:pos="p-acp"
                     ecep:reg="by"
                     ecep:spe="by"
                     ecep:syllab="1"
                     ecep:pron="baɪ">by</w>
                  <c> </c>
                  <w xml:id="o4672-223080"
                     n="o4672/0173-a-0120"
                     ecep:lem="the"
                     ecep:pos="dt"
                     ecep:reg="the"
                     ecep:spe="the"
                     ecep:syllab="1"
                     ecep:pron="ðiː">the</w>
                  <c> </c>
                  <w xml:id="o4672-223090"
                     n="o4672/0173-a-0130"
                     ecep:lem="haughty"
                     ecep:pos="j"
                     ecep:reg="haughty"
                     ecep:spe="haughty"
                     ecep:syllab="2"
                     ecep:pron="ˈhɔːti">haughty</w>
                  <c> </c>
                  <w xml:id="o4672-223100"
                     n="o4672/0173-a-0140"
                     ecep:lem="wise"
                     ecep:pos="j"
                     ecep:reg="Wise"
                     ecep:spe="Wise"
                     ecep:syllab="1"
                     ecep:pron="waɪz">Wise</w>
                  <pc xml:id="o4672-223110"
                      n="o4672/0173-a-0150"
                      ecep:lem=";"
                      ecep:pos=";"
                      ecep:reg=";"
                      ecep:spe=";">;</pc>
               </l>
               <l xml:id="o4672-l10100">
                  <c> </c>
                  <w xml:id="o4672-223120"
                     n="o4672/0173-a-0160"
                     ecep:lem="soul"
                     ecep:pos="n2"
                     ecep:reg="Souls"
                     ecep:spe="Souls"
                     ecep:syllab="1"
                     ecep:pron="səʊlz">Souls</w>
                  <c> </c>
                  <w xml:id="o4672-223130"
                     n="o4672/0173-a-0170"
                     ecep:lem="be"
                     ecep:pos="vbdr"
                     ecep:reg="were"
                     ecep:spe="were"
                     ecep:syllab="1"
                     ecep:pron="wɜː">were</w>
                  <c> </c>
                  <w xml:id="o4672-223140"
                     n="o4672/0173-a-0180"
                     ecep:lem="not"
                     ecep:pos="xx"
                     ecep:reg="not"
                     ecep:spe="not"
                     ecep:syllab="1"
                     ecep:pron="nɒt">not</w>
                  <c> </c>
                  <w xml:id="o4672-223150"
                     n="o4672/0173-a-0190"
                     ecep:lem="bear"
                     ecep:pos="vvn"
                     ecep:reg="born"
                     ecep:spe="born"
                     ecep:syllab="1"
                     ecep:pron="bɔːn">born</w>
                  <c> </c>
                  <w xml:id="o4672-223160"
                     n="o4672/0173-a-0200"
                     ecep:lem="to"
                     ecep:pos="pc-acp"
                     ecep:reg="to"
                     ecep:spe="to"
                     ecep:syllab="1"
                     ecep:pron="tuː">to</w>
                  <c> </c>
                  <w xml:id="o4672-223170"
                     n="o4672/0173-a-0210"
                     ecep:lem="be"
                     ecep:pos="vbi"
                     ecep:reg="be"
                     ecep:spe="be"
                     ecep:syllab="1"
                     ecep:pron="biː">be</w>
                  <c> </c>
                  <w xml:id="o4672-223180"
                     n="o4672/0173-a-0220"
                     ecep:lem="confine"
                     ecep:pos="vvn"
                     ecep:reg="confined"
                     ecep:spe="confin'd"
                     ecep:syllab="2"
                     ecep:pron="kənˈfaɪnd">confin'd</w>
                  <pc xml:id="o4672-223190"
                      n="o4672/0173-a-0230"
                      ecep:lem=","
                      ecep:pos=","
                      ecep:reg=","
                      ecep:spe=",">,</pc>
               </l>
               <l xml:id="o4672-l10105">
                  <c> </c>
                  <w xml:id="o4672-223200"
                     n="o4672/0173-a-0240"
                     ecep:lem="and"
                     ecep:pos="cc"
                     ecep:reg="And"
                     ecep:spe="And"
                     ecep:syllab="1"
                     ecep:pron="ænd">And</w>
                  <c> </c>
                  <w xml:id="o4672-223210"
                     n="o4672/0173-a-0250"
                     ecep:lem="lead"
                     ecep:pos="vvd"
                     ecep:reg="led"
                     ecep:spe="led"
                     ecep:syllab="1"
                     ecep:pron="led">led</w>
                  <c> </c>
                  <w xml:id="o4672-223220"
                     n="o4672/0173-a-0260"
                     ecep:lem="like"
                     ecep:pos="av-j"
                     ecep:reg="like"
                     ecep:spe="like"
                     ecep:syllab="1"
                     ecep:pron="laɪk">like</w>
                  <c> </c>
                  <hi>
                     <w xml:id="o4672-223230"
                        n="o4672/0173-a-0270"
                        ecep:lem="Samson"
                        ecep:pos="np1"
                        ecep:reg="Sampson"
                        ecep:spe="Sampson"
                        ecep:syllab="2"
                        ecep:pron="sˈæmpsən">Sampson</w>
                  </hi>
                  <c> </c>
                  <w xml:id="o4672-223240"
                     n="o4672/0173-a-0280"
                     ecep:lem="bind"
                     ecep:pos="vvn"
                     ecep:reg="Bound"
                     ecep:spe="Bound"
                     ecep:syllab="1"
                     ecep:pron="baʊnd">Bound</w>
                  <c> </c>
                  <w xml:id="o4672-223250"
                     n="o4672/0173-a-0290"
                     ecep:lem="and"
                     ecep:pos="cc"
                     ecep:reg="and"
                     ecep:spe="and"
                     ecep:syllab="1"
                     ecep:pron="ænd">and</w>
                  <c> </c>
                  <w xml:id="o4672-223260"
                     n="o4672/0173-a-0300"
                     ecep:lem="blind"
                     ecep:pos="j"
                     ecep:reg="Blind"
                     ecep:spe="Blind"
                     ecep:syllab="1"
                     ecep:pron="blaɪnd">Blind</w>
                  <pc xml:id="o4672-223270"
                      n="o4672/0173-a-0310"
                      ecep:lem=":"
                      ecep:pos=":"
                      ecep:reg=":"
                      ecep:spe=":">:</pc>
               </l>
               <l xml:id="o4672-l10110">
                  <c> </c>
                  <w xml:id="o4672-223280"
                     n="o4672/0173-a-0320"
                     ecep:lem="i"
                     ecep:pos="pns11"
                     ecep:reg="I"
                     ecep:spe="I"
                     ecep:syllab="1"
                     ecep:pron="aɪ">I</w>
                  <c> </c>
                  <w xml:id="o4672-223290"
                     n="o4672/0173-a-0330"
                     ecep:lem="love"
                     ecep:pos="vvb"
                     ecep:reg="love"
                     ecep:spe="love"
                     ecep:syllab="1"
                     ecep:pron="lʌv">love</w>
                  <c> </c>
                  <w xml:id="o4672-223300"
                     n="o4672/0173-a-0340"
                     ecep:lem="thy"
                     ecep:pos="po21"
                     ecep:reg="thy"
                     ecep:spe="thy"
                     ecep:syllab="1"
                     ecep:pron="ðaɪ">thy</w>
                  <c> </c>
                  <w xml:id="o4672-223310"
                     n="o4672/0173-a-0350"
                     ecep:lem="gentle"
                     ecep:pos="j-jn"
                     ecep:reg="gentle"
                     ecep:spe="gentle"
                     ecep:syllab="2"
                     ecep:pron="ˈdʒentl">gentle</w>
                  <c> </c>
                  <w xml:id="o4672-223320"
                     n="o4672/0173-a-0360"
                     ecep:lem="influence"
                     ecep:pos="n1"
                     ecep:reg="Influence"
                     ecep:spe="Influence"
                     ecep:syllab="3"
                     ecep:pron="ˈɪnfluəns">Influence</w>
                  <pc xml:id="o4672-223330"
                      n="o4672/0173-a-0370"
                      ecep:lem=","
                      ecep:pos=","
                      ecep:reg=","
                      ecep:spe=",">,</pc>
                  <c> </c>
                  <hi>
                     <w xml:id="o4672-223340"
                        n="o4672/0173-a-0380"
                        ecep:lem="Rowe"
                        ecep:pos="np1"
                        ecep:reg="ROWE"
                        ecep:spe="ROWE"
                        ecep:syllab="1"
                        ecep:pron="ˈrəʊ">ROWE</w>
                     <pc xml:id="o4672-223350"
                         n="o4672/0173-a-0390"
                         ecep:lem=","
                         ecep:pos=","
                         ecep:reg=","
                         ecep:spe=",">,</pc>
                  </hi>
               </l>
               <l xml:id="o4672-l10115">
                  <c> </c>
                  <w xml:id="o4672-223360"
                     n="o4672/0173-a-0400"
                     ecep:lem="who"
                     ecep:pos="q-crq"
                     ecep:reg="Who"
                     ecep:spe="Who"
                     ecep:syllab="1"
                     ecep:pron="huː">Who</w>
                  <c> </c>
                  <w xml:id="o4672-223370"
                     n="o4672/0173-a-0410"
                     ecep:lem="only"
                     ecep:pos="av-j"
                     ecep:reg="only"
                     ecep:spe="only"
                     ecep:syllab="2"
                     ecep:pron="ˈəʊnli">only</w>
                  <c> </c>
                  <w xml:id="o4672-223380"
                     n="o4672/0173-a-0420"
                     ecep:lem="do"
                     ecep:pos="vd2"
                     ecep:reg="dost"
                     ecep:spe="dost"
                     ecep:syllab="1"
                     ecep:pron="dʌst">dost</w>
                  <c> </c>
                  <w xml:id="o4672-223390"
                     n="o4672/0173-a-0430"
                     ecep:lem="advise"
                     ecep:pos="vvi"
                     ecep:reg="Advise"
                     ecep:spe="Advise"
                     ecep:syllab="2"
                     ecep:pron="ədˈvaɪz">Advise</w>
                  <pc xml:id="o4672-223400"
                      n="o4672/0173-a-0440"
                      ecep:lem=":"
                      ecep:pos=":"
                      ecep:reg=":"
                      ecep:spe=":">:</pc>
               </l>
               <l xml:id="o4672-l10120">
                  <c> </c>
                  <w xml:id="o4672-223410"
                     n="o4672/0173-a-0450"
                     ecep:lem="thy"
                     ecep:pos="po21"
                     ecep:reg="Thy"
                     ecep:spe="Thy"
                     ecep:syllab="1"
                     ecep:pron="ðaɪ">Thy</w>
                  <c> </c>
                  <w xml:id="o4672-223420"
                     n="o4672/0173-a-0460"
                     ecep:lem="gentle"
                     ecep:pos="j-jn"
                     ecep:reg="gentle"
                     ecep:spe="gentle"
                     ecep:syllab="2"
                     ecep:pron="ˈdʒentl">gentle</w>
                  <c> </c>
                  <w xml:id="o4672-223430"
                     n="o4672/0173-a-0470"
                     ecep:lem="influence"
                     ecep:pos="n1"
                     ecep:reg="Influence"
                     ecep:spe="Influence"
                     ecep:syllab="3"
                     ecep:pron="ˈɪnfluəns">Influence</w>
                  <c> </c>
                  <w xml:id="o4672-223440"
                     n="o4672/0173-a-0480"
                     ecep:lem="like"
                     ecep:pos="av-j"
                     ecep:reg="like"
                     ecep:spe="like"
                     ecep:syllab="1"
                     ecep:pron="laɪk">like</w>
                  <c> </c>
                  <w xml:id="o4672-223450"
                     n="o4672/0173-a-0490"
                     ecep:lem="the"
                     ecep:pos="dt"
                     ecep:reg="the"
                     ecep:spe="the"
                     ecep:syllab="1"
                     ecep:pron="ðiː">the</w>
                  <c> </c>
                  <w xml:id="o4672-223460"
                     n="o4672/0173-a-0500"
                     ecep:lem="sun"
                     ecep:pos="n1"
                     ecep:reg="Sun"
                     ecep:spe="Sun"
                     ecep:syllab="1"
                     ecep:pron="sʌn">Sun</w>
               </l>
               <l xml:id="o4672-l10125">
                  <c> </c>
                  <w xml:id="o4672-223470"
                     n="o4672/0173-a-0510"
                     ecep:lem="only"
                     ecep:pos="av-j"
                     ecep:reg="Only"
                     ecep:spe="Only"
                     ecep:syllab="2"
                     ecep:pron="ˈəʊnli">Only</w>
                  <c> </c>
                  <w xml:id="o4672-223480"
                     n="o4672/0173-a-0520"
                     ecep:lem="dissolve"
                     ecep:pos="vvz"
                     ecep:reg="dissolves"
                     ecep:spe="dissolves"
                     ecep:syllab="2"
                     ecep:pron="dɪˈzɒlvz">dissolves</w>
                  <c> </c>
                  <w xml:id="o4672-223490"
                     n="o4672/0173-a-0530"
                     ecep:lem="the"
                     ecep:pos="dt"
                     ecep:reg="the"
                     ecep:spe="the"
                     ecep:syllab="1"
                     ecep:pron="ðiː">the</w>
                  <c> </c>
                  <w xml:id="o4672-223500"
                     n="o4672/0173-a-0540"
                     ecep:lem="freeze"
                     ecep:pos="j-vvn"
                     ecep:reg="Frozen"
                     ecep:spe="Frozen"
                     ecep:syllab="2"
                     ecep:pron="ˈfrəʊzn">Frozen</w>
                  <c> </c>
                  <w xml:id="o4672-223510"
                     n="o4672/0173-a-0550"
                     ecep:lem="snow"
                     ecep:pos="n1"
                     ecep:reg="Snow"
                     ecep:spe="Snow"
                     ecep:syllab="1"
                     ecep:pron="snəʊ">Snow</w>
                  <pc xml:id="o4672-223520"
                      n="o4672/0173-a-0560"
                      ecep:lem=","
                      ecep:pos=","
                      ecep:reg=","
                      ecep:spe=",">,</pc>
               </l>
               <l xml:id="o4672-l10130">
                  <c> </c>
                  <w xml:id="o4672-223530"
                     n="o4672/0173-a-0570"
                     ecep:lem="then"
                     ecep:pos="av"
                     ecep:reg="Then"
                     ecep:spe="Then"
                     ecep:syllab="1"
                     ecep:pron="ðen">Then</w>
                  <c> </c>
                  <w xml:id="o4672-223540"
                     n="o4672/0173-a-0580"
                     ecep:lem="bid"
                     ecep:pos="vvz"
                     ecep:reg="bids"
                     ecep:spe="bids"
                     ecep:syllab="1"
                     ecep:pron="bɪdz">bids</w>
                  <c> </c>
                  <w xml:id="o4672-223550"
                     n="o4672/0173-a-0590"
                     ecep:lem="our"
                     ecep:pos="po12"
                     ecep:reg="our"
                     ecep:spe="our"
                     ecep:syllab="1"
                     ecep:pron="æə">our</w>
                  <c> </c>
                  <w xml:id="o4672-223560"
                     n="o4672/0173-a-0600"
                     ecep:lem="thought"
                     ecep:pos="n2"
                     ecep:reg="Thoughts"
                     ecep:spe="Thoughts"
                     ecep:syllab="1"
                     ecep:pron="θɔːts">Thoughts</w>
                  <c> </c>
                  <w xml:id="o4672-223570"
                     n="o4672/0173-a-0610"
                     ecep:lem="like"
                     ecep:pos="av-j"
                     ecep:reg="like"
                     ecep:spe="like"
                     ecep:syllab="1"
                     ecep:pron="laɪk">like</w>
                  <c> </c>
                  <w xml:id="o4672-223580"
                     n="o4672/0173-a-0620"
                     ecep:lem="river"
                     ecep:pos="n2"
                     ecep:reg="Rivers"
                     ecep:spe="Rivers"
                     ecep:syllab="2"
                     ecep:pron="ˈrɪvəz">Rivers</w>
                  <c> </c>
                  <w xml:id="o4672-223590"
                     n="o4672/0173-a-0630"
                     ecep:lem="flow"
                     ecep:pos="vvi"
                     ecep:reg="flow"
                     ecep:spe="flow"
                     ecep:syllab="1"
                     ecep:pron="fləʊ">flow</w>
                  <pc xml:id="o4672-223600"
                      n="o4672/0173-a-0640"
                      ecep:lem=","
                      ecep:pos=","
                      ecep:reg=","
                      ecep:spe=",">,</pc>
               </l>
               <l xml:id="o4672-l10135">
                  <c> </c>
                  <w xml:id="o4672-223610"
                     n="o4672/0173-a-0650"
                     ecep:lem="and"
                     ecep:pos="cc"
                     ecep:reg="And"
                     ecep:spe="And"
                     ecep:syllab="1"
                     ecep:pron="ænd">And</w>
                  <c> </c>
                  <w xml:id="o4672-223620"
                     n="o4672/0173-a-0660"
                     ecep:lem="choose"
                     ecep:pos="vvi"
                     ecep:reg="choose"
                     ecep:spe="chuse"
                     ecep:syllab="1"
                     ecep:pron="tʃˈuːs">chuse</w>
                  <c> </c>
                  <w xml:id="o4672-223630"
                     n="o4672/0173-a-0670"
                     ecep:lem="the"
                     ecep:pos="dt"
                     ecep:reg="the"
                     ecep:spe="the"
                     ecep:syllab="1"
                     ecep:pron="ðiː">the</w>
                  <c> </c>
                  <w xml:id="o4672-223640"
                     n="o4672/0173-a-0680"
                     ecep:lem="channel"
                     ecep:pos="n2"
                     ecep:reg="Channels"
                     ecep:spe="Channels"
                     ecep:syllab="2"
                     ecep:pron="ˈtʃænlz">Channels</w>
                  <c> </c>
                  <w xml:id="o4672-223650"
                     n="o4672/0173-a-0690"
                     ecep:lem="where"
                     ecep:pos="c-crq"
                     ecep:reg="where"
                     ecep:spe="where"
                     ecep:syllab="1"
                     ecep:pron="weə">where</w>
                  <c> </c>
                  <w xml:id="o4672-223660"
                     n="o4672/0173-a-0700"
                     ecep:lem="they"
                     ecep:pos="pns32"
                     ecep:reg="they"
                     ecep:spe="they"
                     ecep:syllab="1"
                     ecep:pron="ðeɪ">they</w>
                  <c> </c>
                  <w xml:id="o4672-223670"
                     n="o4672/0173-a-0710"
                     ecep:lem="run"
                     ecep:pos="vvb"
                     ecep:reg="run"
                     ecep:spe="run"
                     ecep:syllab="1"
                     ecep:pron="rʌn">run</w>
                  <pc xml:id="o4672-223680"
                      n="o4672/0173-a-0720"
                      unit="sentence"
                      ecep:lem="."
                      ecep:pos="."
                      ecep:reg="."
                      ecep:spe=".">.</pc>
                  <c> </c>
               </l>
            </lg>
            <lg n="3" xml:id="o4672-s02135">
               <head>
                  <w xml:id="o4672-223720"
                     n="o4672/0173-a-0730"
                     ecep:lem="iii"
                     ecep:pos="crd"
                     ecep:reg="III"
                     ecep:spe="III"
                     ecep:syllab="1"
                     ecep:pron="rˌəʊmənθrˈiː">III</w>
                  <pc xml:id="o4672-223730"
                      n="o4672/0173-a-0740"
                      unit="sentence"
                      ecep:lem="."
                      ecep:pos="."
                      ecep:reg="."
                      ecep:spe=".">.</pc>
               </head>
               <l xml:id="o4672-l10140">
                  <w xml:id="o4672-223750"
                     n="o4672/0173-a-0750"
                     ecep:lem="thought"
                     ecep:pos="n2"
                     ecep:reg="Thoughts"
                     ecep:spe="Thoughts"
                     ecep:syllab="1"
                     ecep:pron="θɔːts">Thoughts</w>
                  <c> </c>
                  <w xml:id="o4672-223760"
                     n="o4672/0173-a-0760"
                     ecep:lem="shall"
                     ecep:pos="vmd"
                     ecep:reg="should"
                     ecep:spe="should"
                     ecep:syllab="1"
                     ecep:pron="ʃʊd">should</w>
                  <c> </c>
                  <w xml:id="o4672-223770"
                     n="o4672/0173-a-0770"
                     ecep:lem="be"
                     ecep:pos="vbi"
                     ecep:reg="be"
                     ecep:spe="be"
                     ecep:syllab="1"
                     ecep:pron="biː">be</w>
                  <c> </c>
                  <w xml:id="o4672-223780"
                     n="o4672/0173-a-0780"
                     ecep:lem="free"
                     ecep:pos="j"
                     ecep:reg="free"
                     ecep:spe="free"
                     ecep:syllab="1"
                     ecep:pron="friː">free</w>
                  <c> </c>
                  <w xml:id="o4672-223790"
                     n="o4672/0173-a-0790"
                     ecep:lem="as"
                     ecep:pos="c-acp"
                     ecep:reg="as"
                     ecep:spe="as"
                     ecep:syllab="1"
                     ecep:pron="æz">as</w>
                  <c> </c>
                  <w xml:id="o4672-223800"
                     n="o4672/0173-a-0800"
                     ecep:lem="fire"
                     ecep:pos="n1"
                     ecep:reg="Fire"
                     ecep:spe="Fire"
                     ecep:syllab="1"
                     ecep:pron="fæə">Fire</w>
                  <c> </c>
                  <w xml:id="o4672-223810"
                     n="o4672/0173-a-0810"
                     ecep:lem="or"
                     ecep:pos="cc"
                     ecep:reg="or"
                     ecep:spe="or"
                     ecep:syllab="1"
                     ecep:pron="ɔː">or</w>
                  <c> </c>
                  <w xml:id="o4672-223820"
                     n="o4672/0173-a-0820"
                     ecep:lem="wind"
                     ecep:pos="n1"
                     ecep:reg="Wind"
                     ecep:spe="Wind"
                     ecep:syllab="1"
                     ecep:pron="wɪnd">Wind</w>
                  <pc xml:id="o4672-223830"
                      n="o4672/0173-a-0830"
                      ecep:lem=";"
                      ecep:pos=";"
                      ecep:reg=";"
                      ecep:spe=";">;</pc>
               </l>
               <l xml:id="o4672-l10145">
                  <c> </c>
                  <w xml:id="o4672-223840"
                     n="o4672/0173-a-0840"
                     ecep:lem="the"
                     ecep:pos="dt"
                     ecep:reg="The"
                     ecep:spe="The"
                     ecep:syllab="1"
                     ecep:pron="ðiː">The</w>
                  <c> </c>
                  <w xml:id="o4672-223850"
                     n="o4672/0173-a-0850"
                     ecep:lem="pinion"
                     ecep:pos="n2"
                     ecep:reg="Pinions"
                     ecep:spe="Pinions"
                     ecep:syllab="2"
                     ecep:pron="ˈpɪnjənz">Pinions</w>
                  <c> </c>
                  <w xml:id="o4672-223860"
                     n="o4672/0173-a-0860"
                     ecep:lem="of"
                     ecep:pos="pp-f"
                     ecep:reg="of"
                     ecep:spe="of"
                     ecep:syllab="1"
                     ecep:pron="ɒv">of</w>
                  <c> </c>
                  <w xml:id="o4672-223870"
                     n="o4672/0173-a-0870"
                     ecep:lem="a"
                     ecep:pos="dt"
                     ecep:reg="a"
                     ecep:spe="a"
                     ecep:syllab="1"
                     ecep:pron="ə">a</w>
                  <c> </c>
                  <w xml:id="o4672-223880"
                     n="o4672/0173-a-0880"
                     ecep:lem="single"
                     ecep:pos="j"
                     ecep:reg="Single"
                     ecep:spe="Single"
                     ecep:syllab="2"
                     ecep:pron="ˈsɪŋgl">Single</w>
                  <c> </c>
                  <w xml:id="o4672-223890"
                     n="o4672/0173-a-0890"
                     ecep:lem="mind"
                     ecep:pos="n1"
                     ecep:reg="Mind"
                     ecep:spe="Mind"
                     ecep:syllab="1"
                     ecep:pron="maɪnd">Mind</w>
               </l>
               <l xml:id="o4672-l10150">
                  <c> </c>
                  <w xml:id="o4672-223900"
                     n="o4672/0173-a-0900"
                     ecep:lem="will"
                     ecep:pos="vmb"
                     ecep:reg="Will"
                     ecep:spe="Will"
                     ecep:syllab="1"
                     ecep:pron="wɪl">Will</w>
                  <c> </c>
                  <w xml:id="o4672-223910"
                     n="o4672/0173-a-0910"
                     ecep:lem="through"
                     ecep:pos="p-acp"
                     ecep:reg="through"
                     ecep:spe="thro'"
                     ecep:syllab="1"
                     ecep:pron="θruː">thro'</w>
                  <c> </c>
                  <w xml:id="o4672-223920"
                     n="o4672/0173-a-0920"
                     ecep:lem="all"
                     ecep:pos="d"
                     ecep:reg="all"
                     ecep:spe="all"
                     ecep:syllab="1"
                     ecep:pron="ɔːl">all</w>
                  <c> </c>
                  <w xml:id="o4672-223930"
                     n="o4672/0173-a-0930"
                     ecep:lem="nature"
                     ecep:pos="n1"
                     ecep:reg="Nature"
                     ecep:spe="Nature"
                     ecep:syllab="2"
                     ecep:pron="ˈneɪtʃə">Nature</w>
                  <c> </c>
                  <w xml:id="o4672-223940"
                     n="o4672/0173-a-0940"
                     ecep:lem="fly"
                     ecep:pos="vvi"
                     ecep:reg="fly"
                     ecep:spe="fly"
                     ecep:syllab="1"
                     ecep:pron="flaɪ">fly</w>
                  <pc xml:id="o4672-223950"
                      n="o4672/0173-a-0950"
                      ecep:lem=":"
                      ecep:pos=":"
                      ecep:reg=":"
                      ecep:spe=":">:</pc>
               </l>
               <l xml:id="o4672-l10155">
                  <c> </c>
                  <w xml:id="o4672-223960"
                     n="o4672/0173-a-0960"
                     ecep:lem="but"
                     ecep:pos="cc-acp"
                     ecep:reg="But"
                     ecep:spe="But"
                     ecep:syllab="1"
                     ecep:pron="bʌt">But</w>
                  <c> </c>
                  <w xml:id="o4672-223970"
                     n="o4672/0173-a-0970"
                     ecep:lem="who"
                     ecep:pos="q-crq"
                     ecep:reg="who"
                     ecep:spe="who"
                     ecep:syllab="1"
                     ecep:pron="huː">who</w>
                  <c> </c>
                  <w xml:id="o4672-223980"
                     n="o4672/0173-a-0980"
                     ecep:lem="can"
                     ecep:pos="vmb"
                     ecep:reg="can"
                     ecep:spe="can"
                     ecep:syllab="1"
                     ecep:pron="kæn">can</w>
                  <c> </c>
                  <w xml:id="o4672-223990"
                     n="o4672/0173-a-0990"
                     ecep:lem="drag"
                     ecep:pos="vvi"
                     ecep:reg="drag"
                     ecep:spe="drag"
                     ecep:syllab="1"
                     ecep:pron="dræg">drag</w>
                  <c> </c>
                  <w xml:id="o4672-224000"
                     n="o4672/0173-a-1000"
                     ecep:lem="up"
                     ecep:pos="a-acp"
                     ecep:reg="up"
                     ecep:spe="up"
                     ecep:syllab="1"
                     ecep:pron="ʌp">up</w>
                  <c> </c>
                  <w xml:id="o4672-224010"
                     n="o4672/0173-a-1010"
                     ecep:lem="to"
                     ecep:pos="p-acp"
                     ecep:reg="to"
                     ecep:spe="to"
                     ecep:syllab="1"
                     ecep:pron="tuː">to</w>
                  <c> </c>
                  <w xml:id="o4672-224020"
                     n="o4672/0173-a-1020"
                     ecep:lem="the"
                     ecep:pos="dt"
                     ecep:reg="the"
                     ecep:spe="the"
                     ecep:syllab="1"
                     ecep:pron="ðiː">the</w>
                  <c> </c>
                  <w xml:id="o4672-224030"
                     n="o4672/0173-a-1030"
                     ecep:lem="pole"
                     ecep:pos="n2"
                     ecep:reg="Poles"
                     ecep:spe="Poles"
                     ecep:syllab="1"
                     ecep:pron="pəʊlz">Poles</w>
               </l>
               <l xml:id="o4672-l10160">
                  <c> </c>
                  <w xml:id="o4672-224040"
                     n="o4672/0173-a-1040"
                     ecep:lem="long"
                     ecep:pos="av-j"
                     ecep:reg="Long"
                     ecep:spe="Long"
                     ecep:syllab="1"
                     ecep:pron="lɒŋ">Long</w>
                  <c> </c>
                  <w xml:id="o4672-224050"
                     n="o4672/0173-a-1050"
                     ecep:lem="fetter"
                     ecep:pos="vvn"
                     ecep:reg="fettered"
                     ecep:spe="fetter'd"
                     ecep:syllab="2"
                     ecep:pron="ˈfetəd">fetter'd</w>
                  <c> </c>
                  <w xml:id="o4672-224060"
                     n="o4672/0173-a-1060"
                     ecep:lem="rank"
                     ecep:pos="n2"
                     ecep:reg="Ranks"
                     ecep:spe="Ranks"
                     ecep:syllab="1"
                     ecep:pron="ræŋks">Ranks</w>
                  <c> </c>
                  <w xml:id="o4672-224070"
                     n="o4672/0173-a-1070"
                     ecep:lem="of"
                     ecep:pos="pp-f"
                     ecep:reg="of"
                     ecep:spe="of"
                     ecep:syllab="1"
                     ecep:pron="ɒv">of</w>
                  <c> </c>
                  <w xml:id="o4672-224080"
                     n="o4672/0173-a-1080"
                     ecep:lem="leaden"
                     ecep:pos="j"
                     ecep:reg="Leaden"
                     ecep:spe="Leaden"
                     ecep:syllab="2"
                     ecep:pron="ˈledn">Leaden</w>
                  <c> </c>
                  <w xml:id="o4672-224090"
                     n="o4672/0173-a-1090"
                     ecep:lem="soul"
                     ecep:pos="n2"
                     ecep:reg="Souls"
                     ecep:spe="Souls"
                     ecep:syllab="1"
                     ecep:pron="səʊlz">Souls</w>
                  <pc xml:id="o4672-224100"
                      n="o4672/0173-a-1100"
                      unit="sentence"
                      ecep:lem="?"
                      ecep:pos="?"
                      ecep:reg="?"
                      ecep:spe="?">?</pc>
                  <c> </c>
               </l>
               <l xml:id="o4672-l10165">
                  <w xml:id="o4672-224110"
                     n="o4672/0173-a-1110"
                     ecep:lem="my"
                     ecep:pos="po11"
                     ecep:reg="My"
                     ecep:spe="My"
                     ecep:syllab="1"
                     ecep:pron="maɪ">My</w>
                  <c> </c>
                  <w xml:id="o4672-224120"
                     n="o4672/0173-a-1120"
                     ecep:lem="genius"
                     ecep:pos="n1"
                     ecep:reg="Genius"
                     ecep:spe="Genius"
                     ecep:syllab="2"
                     ecep:pron="ˈdʒiːniəs">Genius</w>
                  <c> </c>
                  <w xml:id="o4672-224130"
                     n="o4672/0173-a-1130"
                     ecep:lem="which"
                     ecep:pos="r-crq"
                     ecep:reg="which"
                     ecep:spe="which"
                     ecep:syllab="1"
                     ecep:pron="wɪtʃ">which</w>
                  <c> </c>
                  <w xml:id="o4672-224140"
                     n="o4672/0173-a-1140"
                     ecep:lem="no"
                     ecep:pos="dx"
                     ecep:reg="no"
                     ecep:spe="no"
                     ecep:syllab="1"
                     ecep:pron="nəʊ">no</w>
                  <c> </c>
                  <w xml:id="o4672-224150"
                     n="o4672/0173-a-1150"
                     ecep:lem="chain"
                     ecep:pos="n1"
                     ecep:reg="Chain"
                     ecep:spe="Chain"
                     ecep:syllab="1"
                     ecep:pron="tʃeɪn">Chain</w>
                  <c> </c>
                  <w xml:id="o4672-224160"
                     n="o4672/0173-a-1160"
                     ecep:lem="control"
                     ecep:pos="vvz"
                     ecep:reg="controls"
                     ecep:spe="controuls"
                     ecep:syllab="2"
                     ecep:pron="kənˈtrəʊlz">controuls</w>
               </l>
               <l xml:id="o4672-l10170">
                  <c> </c>
                  <w xml:id="o4672-224170"
                     n="o4672/0173-a-1170"
                     ecep:lem="rove"
                     ecep:pos="vvz"
                     ecep:reg="Roves"
                     ecep:spe="Roves"
                     ecep:syllab="1"
                     ecep:pron="rəʊvz">Roves</w>
                  <c> </c>
                  <w xml:id="o4672-224180"
                     n="o4672/0173-a-1180"
                     ecep:lem="with"
                     ecep:pos="p-acp"
                     ecep:reg="with"
                     ecep:spe="with"
                     ecep:syllab="1"
                     ecep:pron="wɪð">with</w>
                  <c> </c>
                  <w xml:id="o4672-224190"
                     n="o4672/0173-a-1190"
                     ecep:lem="delight"
                     ecep:pos="n1"
                     ecep:reg="Delight"
                     ecep:spe="Delight"
                     ecep:syllab="2"
                     ecep:pron="dɪˈlaɪt">Delight</w>
                  <pc xml:id="o4672-224200"
                      n="o4672/0173-a-1200"
                      ecep:lem=","
                      ecep:pos=","
                      ecep:reg=","
                      ecep:spe=",">,</pc>
                  <c> </c>
                  <w xml:id="o4672-224210"
                     n="o4672/0173-a-1210"
                     ecep:lem="or"
                     ecep:pos="cc"
                     ecep:reg="or"
                     ecep:spe="or"
                     ecep:syllab="1"
                     ecep:pron="ɔː">or</w>
                  <c> </c>
                  <w xml:id="o4672-224220"
                     n="o4672/0173-a-1220"
                     ecep:lem="deep"
                     ecep:pos="j-jn"
                     ecep:reg="deep"
                     ecep:spe="deep"
                     ecep:syllab="1"
                     ecep:pron="diːp">deep</w>
                  <c> </c>
                  <w xml:id="o4672-224230"
                     n="o4672/0173-a-1230"
                     ecep:lem="or"
                     ecep:pos="cc"
                     ecep:reg="or"
                     ecep:spe="or"
                     ecep:syllab="1"
                     ecep:pron="ɔː">or</w>
                  <c> </c>
                  <w xml:id="o4672-224240"
                     n="o4672/0173-a-1240"
                     ecep:lem="high"
                     ecep:pos="j"
                     ecep:reg="high"
                     ecep:spe="high"
                     ecep:syllab="1"
                     ecep:pron="haɪ">high</w>
                  <pc xml:id="o4672-224250"
                      n="o4672/0173-a-1250"
                      ecep:lem=":"
                      ecep:pos=":"
                      ecep:reg=":"
                      ecep:spe=":">:</pc>
               </l>
               <l xml:id="o4672-l10175">
                  <c> </c>
                  <w xml:id="o4672-224260"
                     n="o4672/0173-a-1260"
                     ecep:lem="swift"
                     ecep:pos="j"
                     ecep:reg="Swift"
                     ecep:spe="Swift"
                     ecep:syllab="1"
                     ecep:pron="swɪft">Swift</w>
                  <c> </c>
                  <w xml:id="o4672-224270"
                     n="o4672/0173-a-1270"
                     ecep:lem="i"
                     ecep:pos="pns11"
                     ecep:reg="I"
                     ecep:spe="I"
                     ecep:syllab="1"
                     ecep:pron="aɪ">I</w>
                  <c> </c>
                  <w xml:id="o4672-224280"
                     n="o4672/0173-a-1280"
                     ecep:lem="survey"
                     ecep:pos="vvb"
                     ecep:reg="survey"
                     ecep:spe="survey"
                     ecep:syllab="2"
                     ecep:pron="ˈsɜːveɪ">survey</w>
                  <c> </c>
                  <w xml:id="o4672-224290"
                     n="o4672/0173-a-1290"
                     ecep:lem="the"
                     ecep:pos="dt"
                     ecep:reg="the"
                     ecep:spe="the"
                     ecep:syllab="1"
                     ecep:pron="ðiː">the</w>
                  <c> </c>
                  <w xml:id="o4672-224300"
                     n="o4672/0173-a-1300"
                     ecep:lem="globe"
                     ecep:pos="n1"
                     ecep:reg="Globe"
                     ecep:spe="Globe"
                     ecep:syllab="1"
                     ecep:pron="gləʊb">Globe</w>
                  <c> </c>
                  <w xml:id="o4672-224310"
                     n="o4672/0173-a-1310"
                     ecep:lem="around"
                     ecep:pos="a-acp"
                     ecep:reg="around"
                     ecep:spe="around"
                     ecep:syllab="2"
                     ecep:pron="əˈraʊnd">around</w>
                  <pc xml:id="o4672-224320"
                      n="o4672/0173-a-1320"
                      ecep:lem=","
                      ecep:pos=","
                      ecep:reg=","
                      ecep:spe=",">,</pc>
               </l>
               <l xml:id="o4672-l10180">
                  <c> </c>
                  <w xml:id="o4672-224330"
                     n="o4672/0173-a-1330"
                     ecep:lem="dive"
                     ecep:pos="vvb"
                     ecep:reg="Dive"
                     ecep:spe="Dive"
                     ecep:syllab="1"
                     ecep:pron="daɪv">Dive</w>
                  <c> </c>
                  <w xml:id="o4672-224340"
                     n="o4672/0173-a-1340"
                     ecep:lem="to"
                     ecep:pos="p-acp"
                     ecep:reg="to"
                     ecep:spe="to"
                     ecep:syllab="1"
                     ecep:pron="tuː">to</w>
                  <c> </c>
                  <w xml:id="o4672-224350"
                     n="o4672/0173-a-1350"
                     ecep:lem="the"
                     ecep:pos="dt"
                     ecep:reg="the"
                     ecep:spe="the"
                     ecep:syllab="1"
                     ecep:pron="ðiː">the</w>
                  <c> </c>
                  <w xml:id="o4672-224360"
                     n="o4672/0173-a-1360"
                     ecep:lem="centre"
                     ecep:pos="n1"
                     ecep:reg="Centre"
                     ecep:spe="Centre"
                     ecep:syllab="2"
                     ecep:pron="ˈsentə">Centre</w>
                  <c> </c>
                  <w xml:id="o4672-224370"
                     n="o4672/0173-a-1370"
                     ecep:lem="through"
                     ecep:pos="p-acp"
                     ecep:reg="through"
                     ecep:spe="thro'"
                     ecep:syllab="1"
                     ecep:pron="θruː">thro'</w>
                  <c> </c>
                  <w xml:id="o4672-224380"
                     n="o4672/0173-a-1380"
                     ecep:lem="the"
                     ecep:pos="dt"
                     ecep:reg="the"
                     ecep:spe="the"
                     ecep:syllab="1"
                     ecep:pron="ðiː">the</w>
                  <c> </c>
                  <w xml:id="o4672-224390"
                     n="o4672/0173-a-1390"
                     ecep:lem="solid"
                     ecep:pos="j"
                     ecep:reg="Solid"
                     ecep:spe="Solid"
                     ecep:syllab="2"
                     ecep:pron="ˈsɒlɪd">Solid</w>
                  <c> </c>
                  <w xml:id="o4672-224400"
                     n="o4672/0173-a-1400"
                     ecep:lem="ground"
                     ecep:pos="n1"
                     ecep:reg="Ground"
                     ecep:spe="Ground"
                     ecep:syllab="1"
                     ecep:pron="graʊnd">Ground</w>
                  <pc xml:id="o4672-224410"
                      n="o4672/0173-a-1410"
                      ecep:lem=","
                      ecep:pos=","
                      ecep:reg=","
                      ecep:spe=",">,</pc>
               </l>
               <l xml:id="o4672-l10185">
                  <c> </c>
                  <w xml:id="o4672-224420"
                     n="o4672/0173-a-1420"
                     ecep:lem="or"
                     ecep:pos="cc"
                     ecep:reg="Or"
                     ecep:spe="Or"
                     ecep:syllab="1"
                     ecep:pron="ɔː">Or</w>
                  <c> </c>
                  <w xml:id="o4672-224430"
                     n="o4672/0173-a-1430"
                     ecep:lem="travel"
                     ecep:pos="vvi"
                     ecep:reg="travel"
                     ecep:spe="travel"
                     ecep:syllab="2"
                     ecep:pron="ˈtrævl">travel</w>
                  <c> </c>
                  <w xml:id="o4672-224440"
                     n="o4672/0173-a-1440"
                     ecep:lem="over"
                     ecep:pos="p-acp"
                     ecep:reg="over"
                     ecep:spe="o're"
                     ecep:syllab="1"
                     ecep:pron="əʊrˈiː">o're</w>
                  <c> </c>
                  <w xml:id="o4672-224450"
                     n="o4672/0173-a-1450"
                     ecep:lem="the"
                     ecep:pos="dt"
                     ecep:reg="the"
                     ecep:spe="the"
                     ecep:syllab="1"
                     ecep:pron="ðiː">the</w>
                  <c> </c>
                  <w xml:id="o4672-224460"
                     n="o4672/0173-a-1460"
                     ecep:lem="sky"
                     ecep:pos="n1"
                     ecep:reg="Sky"
                     ecep:spe="Sky"
                     ecep:syllab="1"
                     ecep:pron="skaɪ">Sky</w>
                  <pc xml:id="o4672-224470"
                      n="o4672/0173-a-1470"
                      unit="sentence"
                      ecep:lem="."
                      ecep:pos="."
                      ecep:reg="."
                      ecep:spe=".">.</pc>
                  <c> </c>
               </l>
            </lg>
         </div>
      </body>
   </text>
</TEI>
