<?xml version="1.0" encoding="UTF-8"?>
<?xml-model href="../tei_all.rnc" type="application/relax-ng-compact-syntax"?>
<TEI xmlns="http://www.tei-c.org/ns/1.0">
   <teiHeader>
      <fileDesc>
         <titleStmt>
            <title corresp="#txt_FincAn1661_w0071">GLASS.</title>
            <author corresp="authors.xml#aut_FincAn1661">Anne Finch (née Kingsmill), countess of Winchilsea</author>
            <respStmt>
               <name xml:id="AH">Alexander Huber</name>
               <resp>Editor</resp>
            </respStmt>
            <funder>
               <name type="institution" xml:id="BOD">Bodleian Libraries, University of Oxford</name>
               <address>
                  <addrLine>Broad Street</addrLine>
                  <addrLine>Oxford OX1 3BG</addrLine>
                  <addrLine>UK</addrLine>
               </address>
            </funder>
         </titleStmt>
         <publicationStmt>
            <publisher xml:id="ECPA">Eighteenth-Century Poetry Archive</publisher>
            <address>
               <addrLine>Taylor Institution Library</addrLine>
               <addrLine>St Giles'</addrLine>
               <addrLine>Oxford OX1 3NA</addrLine>
               <addrLine>UK</addrLine>
               <addrLine>
                  <email>info@eighteenthcenturypoetry.org</email>
               </addrLine>
               <addrLine>
                  <ref target="https://www.eighteenthcenturypoetry.org/">https://www.eighteenthcenturypoetry.org/</ref>
               </addrLine>
            </address>
            <pubPlace>Oxford</pubPlace>
            <availability status="restricted">
               <licence target="http://creativecommons.org/licenses/by-sa/3.0/">This work is licensed under a Creative Commons Attribution-ShareAlike 3.0 Unported License.</licence>
            </availability>
            <idno type="ESTC">T94539</idno>
            <idno type="FOXON">pp. 274-5</idno>
            <idno type="TCP">K076314.000</idno>
         </publicationStmt>
         <sourceDesc>
            <bibl>
               <author>Winchilsea, Anne Kingsmill Finch, Countess of, 1661-1720.</author>
               <title>Miscellany poems, on several occasions: Written by the Right Honble Anne, Countess of Winchilsea.</title>
               <pubPlace>London</pubPlace>
               <publisher>printed for J. B. and sold by Benj. Tooke, William Taylor, and James Round</publisher>
               <date>1713</date>
               <biblScope>p. 264.</biblScope>
               <extent>[8],390p. ; 8⁰.</extent>
            </bibl>
         </sourceDesc>
      </fileDesc>
      <encodingDesc>
         <projectDesc>
            <p>This e-text is part of the Works section of the Eighteenth-Century Poetry Archive (ECPA).</p>
            <p>XML created for the Eighteenth-Century Poetry Archive (ECPA).</p>
         </projectDesc>
         <editorialDecl>
            <p>The text has been typographically modernized, but without any silent modernization of
						spelling, capitalization, or punctuation. The source of the text is given and all editorial interventions
						have been recorded in textual notes. Based on the electronic text originally produced by the TCP project, this  text has been edited to conform to the recommendations found in Level 5 of the
						Best Practices for TEI in Libraries version 4.0.0.
					</p>
         </editorialDecl>
         <classDecl>
            <taxonomy xml:id="LCNAF">
               <bibl>Library of Congress Name Authority File (<abbr>LCNAF</abbr>)</bibl>
            </taxonomy>
         </classDecl>
         <tagsDecl>
            <rendition n="linegroups indented" xml:id="lgindent" scheme="css">text-indent: 1em;</rendition>
            <rendition n="linegroups vertically spaced" xml:id="lgvspace" scheme="css">margin-bottom: 1em;</rendition>
            <rendition n="aligned centrally" xml:id="align-center" scheme="css">text-align: center;</rendition>
            <rendition n="aligned right" xml:id="align-right" scheme="css">text-align: right;</rendition>
            <rendition n="aligned left" xml:id="align-left" scheme="css">text-align: left;</rendition>
            <rendition n="inline" xml:id="inline" scheme="css">display: inline</rendition>
            <rendition n="italic" xml:id="i" scheme="css">font-style: italic;</rendition>
            <rendition n="bold" xml:id="b" scheme="css">font-weight: bold;</rendition>
         </tagsDecl>
      </encodingDesc>
   </teiHeader>
   <text>
      <body>
         <div xmlns:tei="http://www.tei-c.org/ns/1.0"
              xmlns:ecep="http://www.eighteenthcenturypoetry.org/ns"
              ana="#iamb #pentameter #hexameter #couplet #heroiccouplet #pair"
              corresp="#txt_FincAn1661_w0071"
              ecep:syllab="10"
              met="-+|-+|-+|-+|-+/"
              decls="#semi-normalized"
              rendition="#lgvspace"
              rhyme="aa"
              subtype="eceptext"
              type="poem"
              xml:id="o4784-w0710">
            <link target="authors.xml#aut_FincAn1661" type="author"/>
            <head type="main">
               <w xml:id="o4784-409240"
                  n="272-a-0310"
                  ecep:lem="glass"
                  ecep:pos="n1"
                  ecep:reg="GLASS"
                  ecep:spe="GLASS"
                  ecep:syllab="1"
                  ecep:pron="glɑːs">GLASS</w>
               <pc xml:id="o4784-409250"
                   n="272-a-0320"
                   unit="sentence"
                   ecep:lem="."
                   ecep:pos="."
                   ecep:reg="."
                   ecep:spe=".">.</pc>
            </head>
            <lg xml:id="o4784-s01575">
               <l xml:id="o4784-l22190">
                  <w xml:id="o4784-409280"
                     n="272-a-0330"
                     ecep:lem="o"
                     ecep:pos="uh"
                     ecep:reg="OH"
                     ecep:spe="O"
                     ecep:syllab="1"
                     ecep:pron="əʊ">O</w>
                  <c> </c>
                  <w xml:id="o4784-409290"
                     n="272-a-0340"
                     ecep:lem="man"
                     ecep:pos="n1"
                     ecep:reg="Man"
                     ecep:spe="Man"
                     ecep:syllab="1"
                     ecep:pron="mæn">Man</w>
                  <pc xml:id="o4784-409300"
                      n="272-a-0350"
                      ecep:lem="!"
                      ecep:pos="!"
                      ecep:reg="!"
                      ecep:spe="!">!</pc>
                  <c> </c>
                  <w xml:id="o4784-409310"
                     n="272-a-0360"
                     ecep:lem="what"
                     ecep:pos="q-crq"
                     ecep:reg="what"
                     ecep:spe="what"
                     ecep:syllab="1"
                     ecep:pron="wɒt">what</w>
                  <c> </c>
                  <w xml:id="o4784-409320"
                     n="272-a-0370"
                     ecep:lem="inspiration"
                     ecep:pos="n1"
                     ecep:reg="Inspiration"
                     ecep:spe="Inspiration"
                     ecep:syllab="4"
                     ecep:pron="ˌɪnsprˈeɪʃn">Inspiration</w>
                  <c> </c>
                  <w xml:id="o4784-409330"
                     n="272-a-0380"
                     ecep:lem="be"
                     ecep:pos="vbds"
                     ecep:reg="was"
                     ecep:spe="was"
                     ecep:syllab="1"
                     ecep:pron="wɒz">was</w>
                  <c> </c>
                  <w xml:id="o4784-409340"
                     n="272-a-0390"
                     ecep:lem="thy"
                     ecep:pos="po21"
                     ecep:reg="thy"
                     ecep:spe="thy"
                     ecep:syllab="1"
                     ecep:pron="ðaɪ">thy</w>
                  <c> </c>
                  <w xml:id="o4784-409350"
                     n="272-a-0400"
                     ecep:lem="guide"
                     ecep:pos="n1"
                     ecep:reg="Guide"
                     ecep:spe="Guide"
                     ecep:syllab="1"
                     ecep:pron="gaɪd">Guide</w>
                  <pc xml:id="o4784-409360"
                      n="272-a-0410"
                      ecep:lem=","
                      ecep:pos=","
                      ecep:reg=","
                      ecep:spe=",">,</pc>
               </l>
               <l xml:id="o4784-l22195">
                  <c> </c>
                  <w xml:id="o4784-409370"
                     n="272-a-0420"
                     ecep:lem="who"
                     ecep:pos="q-crq"
                     ecep:reg="Who"
                     ecep:spe="Who"
                     ecep:syllab="1"
                     ecep:pron="huː">Who</w>
                  <c> </c>
                  <w xml:id="o4784-409380"
                     n="272-a-0430"
                     ecep:lem="teach"
                     ecep:pos="vvd"
                     ecep:reg="taught"
                     ecep:spe="taught"
                     ecep:syllab="1"
                     ecep:pron="tɔːt">taught</w>
                  <c> </c>
                  <w xml:id="o4784-409390"
                     n="272-a-0440"
                     ecep:lem="thou"
                     ecep:pos="pno21"
                     ecep:reg="thee"
                     ecep:spe="thee"
                     ecep:syllab="1"
                     ecep:pron="ðiː">thee</w>
                  <c> </c>
                  <w xml:id="o4784-409400"
                     n="272-a-0450"
                     ecep:lem="light"
                     ecep:pos="j"
                     ecep:reg="Light"
                     ecep:spe="Light"
                     ecep:syllab="1"
                     ecep:pron="laɪt">Light</w>
                  <c> </c>
                  <w xml:id="o4784-409410"
                     n="272-a-0460"
                     ecep:lem="and"
                     ecep:pos="cc"
                     ecep:reg="and"
                     ecep:spe="and"
                     ecep:syllab="1"
                     ecep:pron="ænd">and</w>
                  <c> </c>
                  <w xml:id="o4784-409420"
                     n="272-a-0470"
                     ecep:lem="air"
                     ecep:pos="n1"
                     ecep:reg="Air"
                     ecep:spe="Air"
                     ecep:syllab="1"
                     ecep:pron="eə">Air</w>
                  <c> </c>
                  <w xml:id="o4784-409430"
                     n="272-a-0480"
                     ecep:lem="thus"
                     ecep:pos="av"
                     ecep:reg="thus"
                     ecep:spe="thus"
                     ecep:syllab="1"
                     ecep:pron="ðʌs">thus</w>
                  <c> </c>
                  <w xml:id="o4784-409440"
                     n="272-a-0490"
                     ecep:lem="to"
                     ecep:pos="pc-acp"
                     ecep:reg="to"
                     ecep:spe="to"
                     ecep:syllab="1"
                     ecep:pron="tuː">to</w>
                  <c> </c>
                  <w xml:id="o4784-409450"
                     n="272-a-0500"
                     ecep:lem="divide"
                     ecep:pos="vvi"
                     ecep:reg="divide"
                     ecep:spe="divide"
                     ecep:syllab="2"
                     ecep:pron="dɪˈvaɪd">divide</w>
                  <pc xml:id="o4784-409460"
                      n="272-a-0510"
                      ecep:lem=";"
                      ecep:pos=";"
                      ecep:reg=";"
                      ecep:spe=";">;</pc>
               </l>
               <l xml:id="o4784-l22200">
                  <c> </c>
                  <w xml:id="o4784-409470"
                     n="272-a-0520"
                     ecep:lem="to"
                     ecep:pos="pc-acp"
                     ecep:reg="To"
                     ecep:spe="To"
                     ecep:syllab="1"
                     ecep:pron="tuː">To</w>
                  <c> </c>
                  <w xml:id="o4784-409480"
                     n="272-a-0530"
                     ecep:lem="let"
                     ecep:pos="vvi"
                     ecep:reg="let"
                     ecep:spe="let"
                     ecep:syllab="1"
                     ecep:pron="let">let</w>
                  <c> </c>
                  <w xml:id="o4784-409490"
                     n="272-a-0540"
                     ecep:lem="in"
                     ecep:pos="p-acp"
                     ecep:reg="in"
                     ecep:spe="in"
                     ecep:syllab="1"
                     ecep:pron="ɪn">in</w>
                  <c> </c>
                  <w xml:id="o4784-409500"
                     n="272-a-0550"
                     ecep:lem="all"
                     ecep:pos="d"
                     ecep:reg="all"
                     ecep:spe="all"
                     ecep:syllab="1"
                     ecep:pron="ɔːl">all</w>
                  <c> </c>
                  <w xml:id="o4784-409510"
                     n="272-a-0560"
                     ecep:lem="the"
                     ecep:pos="dt"
                     ecep:reg="the"
                     ecep:spe="the"
                     ecep:syllab="1"
                     ecep:pron="ðiː">the</w>
                  <c> </c>
                  <w xml:id="o4784-409520"
                     n="272-a-0570"
                     ecep:lem="useful"
                     ecep:pos="j"
                     ecep:reg="useful"
                     ecep:spe="useful"
                     ecep:syllab="2"
                     ecep:pron="ˈjuːsfl">useful</w>
                  <c> </c>
                  <w xml:id="o4784-409530"
                     n="272-a-0580"
                     ecep:lem="beam"
                     ecep:pos="n2"
                     ecep:reg="Beams"
                     ecep:spe="Beams"
                     ecep:syllab="1"
                     ecep:pron="biːmz">Beams</w>
                  <c> </c>
                  <w xml:id="o4784-409540"
                     n="272-a-0590"
                     ecep:lem="of"
                     ecep:pos="pp-f"
                     ecep:reg="of"
                     ecep:spe="of"
                     ecep:syllab="1"
                     ecep:pron="ɒv">of</w>
                  <c> </c>
                  <w xml:id="o4784-409550"
                     n="272-a-0600"
                     ecep:lem="day"
                     ecep:pos="n1"
                     ecep:reg="Day"
                     ecep:spe="Day"
                     ecep:syllab="1"
                     ecep:pron="deɪ">Day</w>
                  <pc xml:id="o4784-409560"
                      n="272-a-0610"
                      ecep:lem=","
                      ecep:pos=","
                      ecep:reg=","
                      ecep:spe=",">,</pc>
               </l>
               <l ecep:syllab="12" real="-+|-+|-+|-+|-+|-+/" xml:id="o4784-l22205">
                  <c> </c>
                  <w xml:id="o4784-409570"
                     n="272-a-0620"
                     ecep:lem="yet"
                     ecep:pos="av"
                     ecep:reg="Yet"
                     ecep:spe="Yet"
                     ecep:syllab="1"
                     ecep:pron="jet">Yet</w>
                  <c> </c>
                  <w xml:id="o4784-409580"
                     n="272-a-0630"
                     ecep:lem="force"
                     ecep:pos="n1"
                     ecep:reg="force"
                     ecep:spe="force"
                     ecep:syllab="1"
                     ecep:pron="fɔːs">force</w>
                  <pc xml:id="o4784-409590"
                      n="272-a-0640"
                      ecep:lem=","
                      ecep:pos=","
                      ecep:reg=","
                      ecep:spe=",">,</pc>
                  <c> </c>
                  <w xml:id="o4784-409600"
                     n="272-a-0650"
                     ecep:lem="as"
                     ecep:pos="c-acp"
                     ecep:reg="as"
                     ecep:spe="as"
                     ecep:syllab="1"
                     ecep:pron="æz">as</w>
                  <c> </c>
                  <w xml:id="o4784-409610"
                     n="272-a-0660"
                     ecep:lem="subtle"
                     ecep:pos="j"
                     ecep:reg="subtle"
                     ecep:spe="subtil"
                     ecep:syllab="2"
                     ecep:pron="sʌtl">subtil</w>
                  <c> </c>
                  <w xml:id="o4784-409620"
                     n="272-a-0670"
                     ecep:lem="wind"
                     ecep:pos="n2"
                     ecep:reg="Winds"
                     ecep:spe="Winds"
                     ecep:syllab="1"
                     ecep:pron="wɪndz">Winds</w>
                  <pc xml:id="o4784-409630"
                      n="272-a-0680"
                      ecep:lem=","
                      ecep:pos=","
                      ecep:reg=","
                      ecep:spe=",">,</pc>
                  <c> </c>
                  <w xml:id="o4784-409640"
                     n="272-a-0690"
                     ecep:lem="without"
                     ecep:pos="p-acp"
                     ecep:reg="without"
                     ecep:spe="without"
                     ecep:syllab="2"
                     ecep:pron="wɪˈðaʊt">without</w>
                  <c> </c>
                  <w xml:id="o4784-409650"
                     n="272-a-0700"
                     ecep:lem="thy"
                     ecep:pos="po21"
                     ecep:reg="thy"
                     ecep:spe="thy"
                     ecep:syllab="1"
                     ecep:pron="ðaɪ">thy</w>
                  <c> </c>
                  <w xml:id="o4784-409660"
                     n="272-a-0710"
                     ecep:lem="Shash"
                     ecep:pos="np1"
                     ecep:reg="Shash"
                     ecep:spe="Shash"
                     ecep:syllab="1"
                     ecep:pron="ʃæʃ">Shash</w>
                  <c> </c>
                  <w xml:id="o4784-409670"
                     n="272-a-0720"
                     ecep:lem="to"
                     ecep:pos="p-acp"
                     ecep:reg="to"
                     ecep:spe="to"
                     ecep:syllab="1"
                     ecep:pron="tuː">to</w>
                  <c> </c>
                  <w xml:id="o4784-409680"
                     n="272-a-0730"
                     ecep:lem="stay"
                     ecep:pos="n1"
                     ecep:reg="stay"
                     ecep:spe="stay"
                     ecep:syllab="1"
                     ecep:pron="steɪ">stay</w>
                  <pc xml:id="o4784-409690"
                      n="272-a-0740"
                      ecep:lem=";"
                      ecep:pos=";"
                      ecep:reg=";"
                      ecep:spe=";">;</pc>
               </l>
               <l xml:id="o4784-l22210">
                  <c> </c>
                  <w xml:id="o4784-409700"
                     n="272-a-0750"
                     ecep:lem="the"
                     ecep:pos="dt"
                     ecep:reg="TO"
                     ecep:spe="T'"
                     ecep:syllab="0"
                     ecep:pron="tiː">T'</w>
                  <c> </c>
                  <w xml:id="o4784-409710"
                     n="272-a-0760"
                     ecep:lem="extract"
                     ecep:pos="vvb"
                     ecep:reg="extract"
                     ecep:spe="extract"
                     ecep:syllab="2"
                     ecep:pron="ɪkˈstrækt">extract</w>
                  <c> </c>
                  <w xml:id="o4784-409720"
                     n="272-a-0770"
                     ecep:lem="from"
                     ecep:pos="p-acp"
                     ecep:reg="from"
                     ecep:spe="from"
                     ecep:syllab="1"
                     ecep:pron="frɒm">from</w>
                  <c> </c>
                  <w xml:id="o4784-409730"
                     n="272-a-0780"
                     ecep:lem="ember"
                     ecep:pos="n2"
                     ecep:reg="Embers"
                     ecep:spe="Embers"
                     ecep:syllab="2"
                     ecep:pron="ˈembəz">Embers</w>
                  <c> </c>
                  <w xml:id="o4784-409740"
                     n="272-a-0790"
                     ecep:lem="by"
                     ecep:pos="p-acp"
                     ecep:reg="by"
                     ecep:spe="by"
                     ecep:syllab="1"
                     ecep:pron="baɪ">by</w>
                  <c> </c>
                  <w xml:id="o4784-409750"
                     n="272-a-0800"
                     ecep:lem="a"
                     ecep:pos="dt"
                     ecep:reg="a"
                     ecep:spe="a"
                     ecep:syllab="1"
                     ecep:pron="ə">a</w>
                  <c> </c>
                  <w xml:id="o4784-409760"
                     n="272-a-0810"
                     ecep:lem="strange"
                     ecep:pos="j"
                     ecep:reg="strange"
                     ecep:spe="strange"
                     ecep:syllab="1"
                     ecep:pron="streɪndʒ">strange</w>
                  <c> </c>
                  <w xml:id="o4784-409770"
                     n="272-a-0820"
                     ecep:lem="device"
                     ecep:pos="n1"
                     ecep:reg="Device"
                     ecep:spe="Device"
                     ecep:syllab="2"
                     ecep:pron="dɪˈvaɪs">Device</w>
                  <pc xml:id="o4784-409780"
                      n="272-a-0830"
                      ecep:lem=","
                      ecep:pos=","
                      ecep:reg=","
                      ecep:spe=",">,</pc>
               </l>
               <l xml:id="o4784-l22215">
                  <c> </c>
                  <w xml:id="o4784-409790"
                     n="272-a-0840"
                     ecep:lem="then"
                     ecep:pos="av"
                     ecep:reg="Then"
                     ecep:spe="Then"
                     ecep:syllab="1"
                     ecep:pron="ðen">Then</w>
                  <c> </c>
                  <w xml:id="o4784-409800"
                     n="272-a-0850"
                     ecep:lem="polish"
                     ecep:pos="vvb"
                     ecep:reg="polish"
                     ecep:spe="polish"
                     ecep:syllab="2"
                     ecep:pron="ˈpɒlɪʃ">polish</w>
                  <c> </c>
                  <w xml:id="o4784-409810"
                     n="272-a-0860"
                     ecep:lem="fair"
                     ecep:pos="j"
                     ecep:reg="fair"
                     ecep:spe="fair"
                     ecep:syllab="1"
                     ecep:pron="feə">fair</w>
                  <c> </c>
                  <w xml:id="o4784-409820"
                     n="272-a-0870"
                     ecep:lem="these"
                     ecep:pos="d"
                     ecep:reg="these"
                     ecep:spe="these"
                     ecep:syllab="1"
                     ecep:pron="ðiːz">these</w>
                  <c> </c>
                  <w xml:id="o4784-409830"
                     n="272-a-0880"
                     ecep:lem="flake"
                     ecep:pos="n2"
                     ecep:reg="Flakes"
                     ecep:spe="Flakes"
                     ecep:syllab="1"
                     ecep:pron="fleɪks">Flakes</w>
                  <c> </c>
                  <w xml:id="o4784-409840"
                     n="272-a-0890"
                     ecep:lem="of"
                     ecep:pos="pp-f"
                     ecep:reg="of"
                     ecep:spe="of"
                     ecep:syllab="1"
                     ecep:pron="ɒv">of</w>
                  <c> </c>
                  <w xml:id="o4784-409850"
                     n="272-a-0900"
                     ecep:lem="solid"
                     ecep:pos="j"
                     ecep:reg="solid"
                     ecep:spe="solid"
                     ecep:syllab="2"
                     ecep:pron="ˈsɒlɪd">solid</w>
                  <c> </c>
                  <w xml:id="o4784-409860"
                     n="272-a-0910"
                     ecep:lem="ice"
                     ecep:pos="n1"
                     ecep:reg="Ice"
                     ecep:spe="Ice"
                     ecep:syllab="1"
                     ecep:pron="aɪs">Ice</w>
                  <pc xml:id="o4784-409870"
                      n="272-a-0920"
                      ecep:lem=";"
                      ecep:pos=";"
                      ecep:reg=";"
                      ecep:spe=";">;</pc>
               </l>
               <l xml:id="o4784-l22220">
                  <c> </c>
                  <w xml:id="o4784-409880"
                     n="272-a-0930"
                     ecep:lem="which"
                     ecep:pos="r-crq"
                     ecep:reg="Which"
                     ecep:spe="Which"
                     ecep:syllab="1"
                     ecep:pron="wɪtʃ">Which</w>
                  <pc xml:id="o4784-409890"
                      n="272-a-0940"
                      ecep:lem=","
                      ecep:pos=","
                      ecep:reg=","
                      ecep:spe=",">,</pc>
                  <c> </c>
                  <w xml:id="o4784-409900"
                     n="272-a-0950"
                     ecep:lem="silvered"
                     ecep:pos="j"
                     ecep:reg="silvered"
                     ecep:spe="silver'd"
                     ecep:syllab="2"
                     ecep:pron="ˈsɪlvəd">silver'd</w>
                  <c> </c>
                  <w xml:id="o4784-409910"
                     n="272-a-0960"
                     ecep:lem="over"
                     ecep:pos="a-acp"
                     ecep:reg="over"
                     ecep:spe="o'er"
                     ecep:syllab="1"
                     ecep:pron="ˈɔːə">o'er</w>
                  <pc xml:id="o4784-409920"
                      n="272-a-0970"
                      ecep:lem=","
                      ecep:pos=","
                      ecep:reg=","
                      ecep:spe=",">,</pc>
                  <c> </c>
                  <w xml:id="o4784-409930"
                     n="272-a-0980"
                     ecep:lem="redouble"
                     ecep:pos="vvb"
                     ecep:reg="redouble"
                     ecep:spe="redouble"
                     ecep:syllab="3"
                     ecep:pron="ˌriːˈdʌbl">redouble</w>
                  <c> </c>
                  <w xml:id="o4784-409940"
                     n="272-a-0990"
                     ecep:lem="all"
                     ecep:pos="d"
                     ecep:reg="all"
                     ecep:spe="all"
                     ecep:syllab="1"
                     ecep:pron="ɔːl">all</w>
                  <c> </c>
                  <w xml:id="o4784-409950"
                     n="272-a-1000"
                     ecep:lem="in"
                     ecep:pos="p-acp"
                     ecep:reg="in"
                     ecep:spe="in"
                     ecep:syllab="1"
                     ecep:pron="ɪn">in</w>
                  <c> </c>
                  <w xml:id="o4784-409960"
                     n="272-a-1010"
                     ecep:lem="place"
                     ecep:pos="n1"
                     ecep:reg="place"
                     ecep:spe="place"
                     ecep:syllab="1"
                     ecep:pron="pleɪs">place</w>
                  <pc xml:id="o4784-409970"
                      n="272-a-1020"
                      ecep:lem=","
                      ecep:pos=","
                      ecep:reg=","
                      ecep:spe=",">,</pc>
               </l>
               <l ecep:syllab="12" real="-+|-+|-+|-+|-+|-+/" xml:id="o4784-l22225">
                  <c> </c>
                  <w xml:id="o4784-409980"
                     n="272-a-1030"
                     ecep:lem="and"
                     ecep:pos="cc"
                     ecep:reg="And"
                     ecep:spe="And"
                     ecep:syllab="1"
                     ecep:pron="ænd">And</w>
                  <c> </c>
                  <w xml:id="o4784-409990"
                     n="272-a-1040"
                     ecep:lem="give"
                     ecep:pos="vvb"
                     ecep:reg="give"
                     ecep:spe="give"
                     ecep:syllab="1"
                     ecep:pron="gɪv">give</w>
                  <c> </c>
                  <w xml:id="o4784-410000"
                     n="272-a-1050"
                     ecep:lem="thou"
                     ecep:pos="pno21"
                     ecep:reg="thee"
                     ecep:spe="thee"
                     ecep:syllab="1"
                     ecep:pron="ðiː">thee</w>
                  <c> </c>
                  <w xml:id="o4784-410010"
                     n="272-a-1060"
                     ecep:lem="back"
                     ecep:pos="av"
                     ecep:reg="back"
                     ecep:spe="back"
                     ecep:syllab="1"
                     ecep:pron="bæk">back</w>
                  <c> </c>
                  <w xml:id="o4784-410020"
                     n="272-a-1070"
                     ecep:lem="thy"
                     ecep:pos="po21"
                     ecep:reg="thy"
                     ecep:spe="thy"
                     ecep:syllab="1"
                     ecep:pron="ðaɪ">thy</w>
                  <c> </c>
                  <w xml:id="o4784-410030"
                     n="272-a-1080"
                     ecep:lem="well"
                     ecep:pos="n1"
                     ecep:reg="well"
                     ecep:spe="well"
                     ecep:syllab="1"
                     ecep:pron="wel">well</w>
                  <c> </c>
                  <w xml:id="o4784-410040"
                     n="272-a-1090"
                     ecep:lem="or"
                     ecep:pos="cc"
                     ecep:reg="or"
                     ecep:spe="or"
                     ecep:syllab="1"
                     ecep:pron="ɔː">or</w>
                  <c> </c>
                  <w xml:id="o4784-410050"
                     n="272-a-1100"
                     ecep:lem="ill-complexioned"
                     ecep:pos="j"
                     ecep:reg="ill-complexioned"
                     ecep:spe="ill-complexion'd"
                     ecep:syllab="4"
                     ecep:pron="ɪlˌkəmˈplekʃnd">ill-complexion'd</w>
                  <c> </c>
                  <w xml:id="o4784-410060"
                     n="272-a-1110"
                     ecep:lem="face"
                     ecep:pos="n1"
                     ecep:reg="Face"
                     ecep:spe="Face"
                     ecep:syllab="1"
                     ecep:pron="feɪs">Face</w>
                  <pc xml:id="o4784-410070"
                      n="272-a-1120"
                      unit="sentence"
                      ecep:lem="."
                      ecep:pos="."
                      ecep:reg="."
                      ecep:spe=".">.</pc>
                  <c> </c>
               </l>
               <l ana="#triplet" rhyme="aaa" xml:id="o4784-l22230">
                  <w xml:id="o4784-410080"
                     n="272-a-1130"
                     ecep:lem="to"
                     ecep:pos="p-acp"
                     ecep:reg="To"
                     ecep:spe="To"
                     ecep:syllab="1"
                     ecep:pron="tuː">To</w>
                  <c> </c>
                  <w xml:id="o4784-410090"
                     n="272-a-1140"
                     ecep:lem="vessel"
                     ecep:pos="n2"
                     ecep:reg="Vessels"
                     ecep:spe="Vessels"
                     ecep:syllab="2"
                     ecep:pron="ˈveslz">Vessels</w>
                  <c> </c>
                  <w xml:id="o4784-410100"
                     n="272-a-1150"
                     ecep:lem="blow"
                     ecep:pos="vvn"
                     ecep:reg="blown"
                     ecep:spe="blown"
                     ecep:syllab="1"
                     ecep:pron="bləʊn">blown</w>
                  <c> </c>
                  <w xml:id="o4784-410110"
                     n="272-a-1160"
                     ecep:lem="exceed"
                     ecep:pos="vvb"
                     ecep:reg="exceed"
                     ecep:spe="exceed"
                     ecep:syllab="2"
                     ecep:pron="ɪkˈsiːd">exceed</w>
                  <c> </c>
                  <w xml:id="o4784-410120"
                     n="272-a-1170"
                     ecep:lem="the"
                     ecep:pos="dt"
                     ecep:reg="the"
                     ecep:spe="the"
                     ecep:syllab="1"
                     ecep:pron="ðiː">the</w>
                  <c> </c>
                  <w xml:id="o4784-410130"
                     n="272-a-1180"
                     ecep:lem="gloomy"
                     ecep:pos="j"
                     ecep:reg="gloomy"
                     ecep:spe="gloomy"
                     ecep:syllab="2"
                     ecep:pron="ˈgluːmi">gloomy</w>
                  <c> </c>
                  <w xml:id="o4784-410140"
                     n="272-a-1190"
                     ecep:lem="bowl"
                     ecep:pos="n1"
                     ecep:reg="Bowl"
                     ecep:spe="Bowl"
                     ecep:syllab="1"
                     ecep:pron="bəʊl">Bowl</w>
                  <pc xml:id="o4784-410150"
                      n="272-a-1200"
                      ecep:lem=","
                      ecep:pos=","
                      ecep:reg=","
                      ecep:spe=",">,</pc>
               </l>
               <l ana="#triplet" rhyme="aaa" xml:id="o4784-l22235">
                  <c> </c>
                  <w xml:id="o4784-410160"
                     n="272-a-1210"
                     ecep:lem="which"
                     ecep:pos="r-crq"
                     ecep:reg="Which"
                     ecep:spe="Which"
                     ecep:syllab="1"
                     ecep:pron="wɪtʃ">Which</w>
                  <c> </c>
                  <w xml:id="o4784-410170"
                     n="272-a-1220"
                     ecep:lem="do"
                     ecep:pos="vdd"
                     ecep:reg="did"
                     ecep:spe="did"
                     ecep:syllab="1"
                     ecep:pron="dɪd">did</w>
                  <c> </c>
                  <w xml:id="o4784-410180"
                     n="272-a-1230"
                     ecep:lem="the"
                     ecep:pos="dt"
                     ecep:reg="the"
                     ecep:spe="the"
                     ecep:syllab="1"
                     ecep:pron="ðiː">the</w>
                  <c> </c>
                  <w xml:id="o4784-410190"
                     n="272-a-1240"
                     ecep:lem="wine"
                     ecep:pos="ng1"
                     ecep:reg="Wine's"
                     ecep:spe="Wine's"
                     ecep:syllab="1"
                     ecep:pron="waɪnz">Wine's</w>
                  <c> </c>
                  <w xml:id="o4784-410200"
                     n="272-a-1250"
                     ecep:lem="full"
                     ecep:pos="j"
                     ecep:reg="full"
                     ecep:spe="full"
                     ecep:syllab="1"
                     ecep:pron="fʊl">full</w>
                  <c> </c>
                  <w xml:id="o4784-410210"
                     n="272-a-1260"
                     ecep:lem="excellence"
                     ecep:pos="n1"
                     ecep:reg="excellence"
                     ecep:spe="excellence"
                     ecep:syllab="3"
                     ecep:pron="ˈekslns">excellence</w>
                  <c> </c>
                  <w xml:id="o4784-410220"
                     n="272-a-1270"
                     ecep:lem="controul"
                     ecep:pos="n1"
                     ecep:reg="control"
                     ecep:spe="controul"
                     ecep:syllab="2"
                     ecep:pron="kənˈtrəʊl">controul</w>
                  <pc xml:id="o4784-410230"
                      n="272-a-1280"
                      ecep:lem=","
                      ecep:pos=","
                      ecep:reg=","
                      ecep:spe=",">,</pc>
               </l>
               <l ana="#triplet" rhyme="aaa" xml:id="o4784-l22240">
                  <c> </c>
                  <w xml:id="o4784-410240"
                     n="272-a-1290"
                     ecep:lem="these"
                     ecep:pos="d"
                     ecep:reg="These"
                     ecep:spe="These"
                     ecep:syllab="1"
                     ecep:pron="ðiːz">These</w>
                  <c> </c>
                  <w xml:id="o4784-410250"
                     n="272-a-1300"
                     ecep:lem="show"
                     ecep:pos="vvb"
                     ecep:reg="show"
                     ecep:spe="shew"
                     ecep:syllab="1"
                     ecep:pron="ʃəʊ">shew</w>
                  <c> </c>
                  <w xml:id="o4784-410260"
                     n="272-a-1310"
                     ecep:lem="the"
                     ecep:pos="dt"
                     ecep:reg="the"
                     ecep:spe="the"
                     ecep:syllab="1"
                     ecep:pron="ðiː">the</w>
                  <c> </c>
                  <w xml:id="o4784-410270"
                     n="272-a-1320"
                     ecep:lem="body"
                     ecep:pos="n1"
                     ecep:reg="Body"
                     ecep:spe="Body"
                     ecep:syllab="2"
                     ecep:pron="ˈbɒdi">Body</w>
                  <pc xml:id="o4784-410280"
                      n="272-a-1330"
                      ecep:lem=","
                      ecep:pos=","
                      ecep:reg=","
                      ecep:spe=",">,</pc>
                  <c> </c>
                  <w xml:id="o4784-410290"
                     n="272-a-1340"
                     ecep:lem="while"
                     ecep:pos="cs"
                     ecep:reg="while"
                     ecep:spe="whilst"
                     ecep:syllab="1"
                     ecep:pron="waɪlst">whilst</w>
                  <c> </c>
                  <w xml:id="o4784-410300"
                     n="272-a-1350"
                     ecep:lem="you"
                     ecep:pos="pn22"
                     ecep:reg="you"
                     ecep:spe="you"
                     ecep:syllab="1"
                     ecep:pron="juː">you</w>
                  <c> </c>
                  <w xml:id="o4784-410310"
                     n="272-a-1360"
                     ecep:lem="taste"
                     ecep:pos="vvb"
                     ecep:reg="taste"
                     ecep:spe="taste"
                     ecep:syllab="1"
                     ecep:pron="teɪst">taste</w>
                  <c> </c>
                  <w xml:id="o4784-410320"
                     n="272-a-1370"
                     ecep:lem="the"
                     ecep:pos="dt"
                     ecep:reg="the"
                     ecep:spe="the"
                     ecep:syllab="1"
                     ecep:pron="ðiː">the</w>
                  <c> </c>
                  <w xml:id="o4784-410330"
                     n="272-a-1380"
                     ecep:lem="soul"
                     ecep:pos="n1"
                     ecep:reg="Soul"
                     ecep:spe="Soul"
                     ecep:syllab="1"
                     ecep:pron="səʊl">Soul</w>
                  <pc xml:id="o4784-410340"
                      n="272-a-1390"
                      unit="sentence"
                      ecep:lem="."
                      ecep:pos="."
                      ecep:reg="."
                      ecep:spe=".">.</pc>
                  <c> </c>
               </l>
               <l ana="#triplet" rhyme="aaa" xml:id="o4784-l22245">
                  <w xml:id="o4784-410350"
                     n="272-a-1400"
                     ecep:lem="its"
                     ecep:pos="po31"
                     ecep:reg="Its"
                     ecep:spe="Its"
                     ecep:syllab="1"
                     ecep:pron="ɪts">Its</w>
                  <c> </c>
                  <w xml:id="o4784-410360"
                     n="272-a-1410"
                     ecep:lem="colour"
                     ecep:pos="n1"
                     ecep:reg="Colour"
                     ecep:spe="Colour"
                     ecep:syllab="2"
                     ecep:pron="ˈkʌlə">Colour</w>
                  <c> </c>
                  <w xml:id="o4784-410370"
                     n="272-a-1420"
                     ecep:lem="sparkle"
                     ecep:pos="vvz"
                     ecep:reg="sparkles"
                     ecep:spe="sparkles"
                     ecep:syllab="2"
                     ecep:pron="ˈspɑːklz">sparkles</w>
                  <c> </c>
                  <w xml:id="o4784-410380"
                     n="272-a-1430"
                     ecep:lem="motion"
                     ecep:pos="n1"
                     ecep:reg="Motion"
                     ecep:spe="Motion"
                     ecep:syllab="2"
                     ecep:pron="ˈməʊʃn">Motion</w>
                  <pc xml:id="o4784-410390"
                      n="272-a-1440"
                      ecep:lem=","
                      ecep:pos=","
                      ecep:reg=","
                      ecep:spe=",">,</pc>
                  <c> </c>
                  <w xml:id="o4784-410400"
                     n="272-a-1450"
                     ecep:lem="let"
                     ecep:pos="vvz"
                     ecep:reg="lets"
                     ecep:spe="lets"
                     ecep:syllab="1"
                     ecep:pron="lets">lets</w>
                  <c> </c>
                  <w xml:id="o4784-410410"
                     n="272-a-1460"
                     ecep:lem="thou"
                     ecep:pos="pno21"
                     ecep:reg="thee"
                     ecep:spe="thee"
                     ecep:syllab="1"
                     ecep:pron="ðiː">thee</w>
                  <c> </c>
                  <w xml:id="o4784-410420"
                     n="272-a-1470"
                     ecep:lem="see"
                     ecep:pos="vvi"
                     ecep:reg="see"
                     ecep:spe="see"
                     ecep:syllab="1"
                     ecep:pron="siː">see</w>
                  <pc xml:id="o4784-410430"
                      n="272-a-1480"
                      ecep:lem=","
                      ecep:pos=","
                      ecep:reg=","
                      ecep:spe=",">,</pc>
               </l>
               <l ana="#triplet" rhyme="aaa" xml:id="o4784-l22250">
                  <c> </c>
                  <w xml:id="o4784-410440"
                     n="272-a-1490"
                     ecep:lem="though"
                     ecep:pos="c-acp"
                     ecep:reg="Though"
                     ecep:spe="Tho'"
                     ecep:syllab="1"
                     ecep:pron="ðəʊ">Tho'</w>
                  <c> </c>
                  <w xml:id="o4784-410450"
                     n="272-a-1500"
                     ecep:lem="yet"
                     ecep:pos="av"
                     ecep:reg="yet"
                     ecep:spe="yet"
                     ecep:syllab="1"
                     ecep:pron="jet">yet</w>
                  <c> </c>
                  <w xml:id="o4784-410460"
                     n="272-a-1510"
                     ecep:lem="the"
                     ecep:pos="dt"
                     ecep:reg="the"
                     ecep:spe="th'"
                     ecep:syllab="0"
                     ecep:pron="ð">th'</w>
                  <c> </c>
                  <w xml:id="o4784-410470"
                     n="272-a-1520"
                     ecep:lem="excess"
                     ecep:pos="n1"
                     ecep:reg="Excess"
                     ecep:spe="Excess"
                     ecep:syllab="2"
                     ecep:pron="ɪkˈses">Excess</w>
                  <c> </c>
                  <w xml:id="o4784-410480"
                     n="272-a-1530"
                     ecep:lem="the"
                     ecep:pos="dt"
                     ecep:reg="the"
                     ecep:spe="the"
                     ecep:syllab="1"
                     ecep:pron="ðiː">the</w>
                  <c> </c>
                  <w xml:id="o4784-410490"
                     n="272-a-1540"
                     ecep:lem="preacher"
                     ecep:pos="n1"
                     ecep:reg="Preacher"
                     ecep:spe="Preacher"
                     ecep:syllab="2"
                     ecep:pron="priːtʃə">Preacher</w>
                  <c> </c>
                  <w xml:id="o4784-410500"
                     n="272-a-1550"
                     ecep:lem="warn"
                     ecep:pos="vvz"
                     ecep:reg="warns"
                     ecep:spe="warns"
                     ecep:syllab="1"
                     ecep:pron="wɔːnz">warns</w>
                  <c> </c>
                  <w xml:id="o4784-410510"
                     n="272-a-1560"
                     ecep:lem="to"
                     ecep:pos="pc-acp"
                     ecep:reg="to"
                     ecep:spe="to"
                     ecep:syllab="1"
                     ecep:pron="tuː">to</w>
                  <c> </c>
                  <w xml:id="o4784-410520"
                     n="272-a-1570"
                     ecep:lem="flee"
                     ecep:pos="vvi"
                     ecep:reg="flee"
                     ecep:spe="flee"
                     ecep:syllab="1"
                     ecep:pron="fliː">flee</w>
                  <pc xml:id="o4784-410530"
                      n="272-a-1580"
                      ecep:lem=","
                      ecep:pos=","
                      ecep:reg=","
                      ecep:spe=",">,</pc>
               </l>
               <l ana="#triplet" rhyme="aaa" xml:id="o4784-l22255">
                  <c> </c>
                  <w xml:id="o4784-410540"
                     n="272-a-1590"
                     ecep:lem="lest"
                     ecep:pos="cs"
                     ecep:reg="Lest"
                     ecep:spe="Lest"
                     ecep:syllab="1"
                     ecep:pron="lest">Lest</w>
                  <c> </c>
                  <w xml:id="o4784-410550"
                     n="272-a-1600"
                     ecep:lem="man"
                     ecep:pos="n2"
                     ecep:reg="Men"
                     ecep:spe="Men"
                     ecep:syllab="1"
                     ecep:pron="men">Men</w>
                  <c> </c>
                  <w xml:id="o4784-410560"
                     n="272-a-1610"
                     ecep:lem="at"
                     ecep:pos="p-acp"
                     ecep:reg="at"
                     ecep:spe="at"
                     ecep:syllab="1"
                     ecep:pron="æt">at</w>
                  <c> </c>
                  <w xml:id="o4784-410570"
                     n="272-a-1620"
                     ecep:lem="length"
                     ecep:pos="n1"
                     ecep:reg="length"
                     ecep:spe="length"
                     ecep:syllab="1"
                     ecep:pron="leŋθ">length</w>
                  <c> </c>
                  <w xml:id="o4784-410580"
                     n="272-a-1630"
                     ecep:lem="as"
                     ecep:pos="c-acp"
                     ecep:reg="as"
                     ecep:spe="as"
                     ecep:syllab="1"
                     ecep:pron="æz">as</w>
                  <c> </c>
                  <w xml:id="o4784-410590"
                     n="272-a-1640"
                     ecep:lem="clear"
                     ecep:pos="av-j"
                     ecep:reg="clearly"
                     ecep:spe="clearly"
                     ecep:syllab="2"
                     ecep:pron="klɪəli">clearly</w>
                  <c> </c>
                  <w xml:id="o4784-410600"
                     n="272-a-1650"
                     ecep:lem="spy"
                     ecep:pos="vvi"
                     ecep:reg="spy"
                     ecep:spe="spy"
                     ecep:syllab="1"
                     ecep:pron="spaɪ">spy</w>
                  <c> </c>
                  <w xml:id="o4784-410610"
                     n="272-a-1660"
                     ecep:lem="through"
                     ecep:pos="p-acp"
                     ecep:reg="through"
                     ecep:spe="through"
                     ecep:syllab="1"
                     ecep:pron="θruː">through</w>
                  <c> </c>
                  <w xml:id="o4784-410620"
                     n="272-a-1670"
                     ecep:lem="thou"
                     ecep:pos="pno21"
                     ecep:reg="Thee"
                     ecep:spe="Thee"
                     ecep:syllab="1"
                     ecep:pron="ðiː">Thee</w>
                  <pc xml:id="o4784-410630"
                      n="272-a-1680"
                      unit="sentence"
                      ecep:lem="."
                      ecep:pos="."
                      ecep:reg="."
                      ecep:spe=".">.</pc>
                  <c> </c>
               </l>
            </lg>
         </div>
      </body>
   </text>
</TEI>
