<?xml version="1.0" encoding="UTF-8"?>
<div xmlns:ecep="http://www.eighteenthcenturypoetry.org/ns"
     xmlns="http://www.tei-c.org/ns/1.0"
     xmlns:tei="http://www.tei-c.org/ns/1.0"
     ana="#iamb #dimeter #trimeter #tetrameter #song"
     corresp="#txt_CrisAn1769_w0018"
     decls="#semi-normalized"
     ecep:syllab=""
     met="irregular"
     rendition="#lgvspace"
     rhyme="irregular"
     subtype="eceptext"
     type="poem"
     xml:id="cac95-w0180">
   <link target="authors.xml#aut_CrisAn1769" type="author"/>
   <head type="main">
      <w xml:id="cac95-207890"
         n="a-0010"
         ecep:lem="song"
         ecep:pos="n1"
         ecep:reg="SONG"
         ecep:spe="SONG"
         ecep:syllab="1"
         ecep:pron="sɒŋ">SONG</w>
      <pc xml:id="cac95-207900"
          n="a-0020"
          unit="sentence"
          ecep:lem="."
          ecep:pos="."
          ecep:reg="."
          ecep:spe=".">.</pc>
   </head>
   <lg xml:id="cac95-s01220">
      <l xml:id="cac95-l10975">
         <w xml:id="cac95-207930"
            n="a-0030"
            ecep:lem="come"
            ecep:pos="vvb"
            ecep:reg="COME"
            ecep:spe="COME"
            ecep:syllab="1"
            ecep:pron="kʌm">COME</w>
         <pc xml:id="cac95-207940"
             n="a-0040"
             ecep:lem=","
             ecep:pos=","
             ecep:reg=","
             ecep:spe=",">,</pc>
         <c> </c>
         <w xml:id="cac95-207950"
            n="a-0050"
            ecep:lem="let"
            ecep:pos="vvb"
            ecep:reg="let"
            ecep:spe="let"
            ecep:syllab="1"
            ecep:pron="let">let</w>
         <c> </c>
         <w xml:id="cac95-207960"
            n="a-0060"
            ecep:lem="we"
            ecep:pos="pno12"
            ecep:reg="us"
            ecep:spe="us"
            ecep:syllab="1"
            ecep:pron="ʌs">us</w>
         <c> </c>
         <w xml:id="cac95-207970"
            n="a-0070"
            ecep:lem="dance"
            ecep:pos="vvi"
            ecep:reg="dance"
            ecep:spe="dance"
            ecep:syllab="1"
            ecep:pron="dɑːns">dance</w>
         <c> </c>
         <w xml:id="cac95-207980"
            n="a-0080"
            ecep:lem="and"
            ecep:pos="cc"
            ecep:reg="and"
            ecep:spe="and"
            ecep:syllab="1"
            ecep:pron="ænd">and</w>
         <c> </c>
         <w xml:id="cac95-207990"
            n="a-0090"
            ecep:lem="sing"
            ecep:pos="vvi"
            ecep:reg="sing"
            ecep:spe="sing"
            ecep:syllab="1"
            ecep:pron="sɪŋ">sing</w>
         <pc xml:id="cac95-208000"
             n="a-0100"
             ecep:lem=","
             ecep:pos=","
             ecep:reg=","
             ecep:spe=",">,</pc>
      </l>
      <l xml:id="cac95-l10980">
         <c> </c>
         <w xml:id="cac95-208010"
            n="a-0110"
            ecep:lem="while"
            ecep:pos="cs"
            ecep:reg="While"
            ecep:spe="While"
            ecep:syllab="1"
            ecep:pron="ˈwaɪl">While</w>
         <c> </c>
         <w xml:id="cac95-208020"
            n="a-0120"
            ecep:lem="our"
            ecep:pos="po12"
            ecep:reg="our"
            ecep:spe="our"
            ecep:syllab="1"
            ecep:pron="æə">our</w>
         <c> </c>
         <w xml:id="cac95-208030"
            n="a-0130"
            ecep:lem="spirit"
            ecep:pos="n2"
            ecep:reg="spirits"
            ecep:spe="spirits"
            ecep:syllab="2"
            ecep:pron="ˈspɪrɪts">spirits</w>
         <c> </c>
         <w xml:id="cac95-208040"
            n="a-0140"
            ecep:lem="light"
            ecep:pos="av-j"
            ecep:reg="lightly"
            ecep:spe="lightly"
            ecep:syllab="2"
            ecep:pron="laɪtli">lightly</w>
         <c> </c>
         <w xml:id="cac95-208050"
            n="a-0150"
            ecep:lem="wing"
            ecep:pos="n1"
            ecep:reg="wing"
            ecep:spe="wing"
            ecep:syllab="1"
            ecep:pron="wɪŋ">wing</w>
         <pc xml:id="cac95-208060"
             n="a-0160"
             ecep:lem=";"
             ecep:pos=";"
             ecep:reg=";"
             ecep:spe=";">;</pc>
      </l>
      <l xml:id="cac95-l10985">
         <c> </c>
         <w xml:id="cac95-208070"
            n="a-0170"
            ecep:lem="youth"
            ecep:pos="ng1"
            ecep:reg="Youth's"
            ecep:spe="Youth's"
            ecep:syllab="1"
            ecep:pron="ˈjuːθs">Youth's</w>
         <c> </c>
         <w xml:id="cac95-208080"
            n="a-0180"
            ecep:lem="gay"
            ecep:pos="j"
            ecep:reg="gay"
            ecep:spe="gay"
            ecep:syllab="1"
            ecep:pron="geɪ">gay</w>
         <c> </c>
         <w xml:id="cac95-208090"
            n="a-0190"
            ecep:lem="fantastic"
            ecep:pos="j"
            ecep:reg="fantastic"
            ecep:spe="fantastic"
            ecep:syllab="3"
            ecep:pron="fænˈtæstɪk">fantastic</w>
         <c> </c>
         <w xml:id="cac95-208100"
            n="a-0200"
            ecep:lem="spring"
            ecep:pos="n1"
            ecep:reg="spring"
            ecep:spe="spring"
            ecep:syllab="1"
            ecep:pron="sprɪŋ">spring</w>
      </l>
      <l xml:id="cac95-l10990">
         <c> </c>
         <w xml:id="cac95-208110"
            n="a-0210"
            ecep:lem="wreathe"
            ecep:pos="vvz"
            ecep:reg="Wreathes"
            ecep:spe="Wreathes"
            ecep:syllab="2"
            ecep:pron="riːðz">Wreathes</w>
         <c> </c>
         <w xml:id="cac95-208120"
            n="a-0220"
            ecep:lem="the"
            ecep:pos="dt"
            ecep:reg="the"
            ecep:spe="the"
            ecep:syllab="1"
            ecep:pron="ðiː">the</w>
         <c> </c>
         <w xml:id="cac95-208130"
            n="a-0230"
            ecep:lem="mystic"
            ecep:pos="j-jn"
            ecep:reg="mystic"
            ecep:spe="mystic"
            ecep:syllab="2"
            ecep:pron="ˈmɪstɪk">mystic</w>
         <c> </c>
         <w xml:id="cac95-208140"
            n="a-0240"
            ecep:lem="bower"
            ecep:pos="n2"
            ecep:reg="bowers"
            ecep:spe="bow'rs"
            ecep:syllab="1"
            ecep:pron="ˈbaʊəz">bow'rs</w>
         <pc xml:id="cac95-208150"
             n="a-0250"
             unit="sentence"
             ecep:lem="!"
             ecep:pos="!"
             ecep:reg="!"
             ecep:spe="!">!</pc>
         <c> </c>
      </l>
      <l xml:id="cac95-l10995">
         <w xml:id="cac95-208160"
            n="a-0260"
            ecep:lem="bend"
            ecep:pos="n1"
            ecep:reg="Bend"
            ecep:spe="Bend"
            ecep:syllab="1"
            ecep:pron="bend">Bend</w>
         <c> </c>
         <w xml:id="cac95-208170"
            n="a-0270"
            ecep:lem="here"
            ecep:pos="av"
            ecep:reg="here"
            ecep:spe="here"
            ecep:syllab="1"
            ecep:pron="hɪə">here</w>
         <c> </c>
         <w xml:id="cac95-208180"
            n="a-0280"
            ecep:lem="thy"
            ecep:pos="po21"
            ecep:reg="thy"
            ecep:spe="thy"
            ecep:syllab="1"
            ecep:pron="ðaɪ">thy</w>
         <c> </c>
         <w xml:id="cac95-208190"
            n="a-0290"
            ecep:lem="quiver"
            ecep:pos="j-vvg"
            ecep:reg="quivering"
            ecep:spe="quivering"
            ecep:syllab="3"
            ecep:pron="ˈkwɪvrɪŋ">quivering</w>
         <c> </c>
         <w xml:id="cac95-208200"
            n="a-0300"
            ecep:lem="foot"
            ecep:pos="n2"
            ecep:reg="feet"
            ecep:spe="feet"
            ecep:syllab="1"
            ecep:pron="fiːt">feet</w>
         <pc xml:id="cac95-208210"
             n="a-0310"
             ecep:lem=","
             ecep:pos=","
             ecep:reg=","
             ecep:spe=",">,</pc>
      </l>
      <l xml:id="cac95-l11000">
         <c> </c>
         <w xml:id="cac95-208220"
            n="a-0320"
            ecep:lem="fancy"
            ecep:pos="vvb"
            ecep:reg="Fancy"
            ecep:spe="Fancy"
            ecep:syllab="2"
            ecep:pron="ˈfænsi">Fancy</w>
         <c> </c>
         <w xml:id="cac95-208230"
            n="a-0330"
            ecep:lem="thy"
            ecep:pos="po21"
            ecep:reg="thy"
            ecep:spe="thy"
            ecep:syllab="1"
            ecep:pron="ðaɪ">thy</w>
         <c> </c>
         <w xml:id="cac95-208240"
            n="a-0340"
            ecep:lem="smile"
            ecep:pos="n2"
            ecep:reg="smiles"
            ecep:spe="smiles"
            ecep:syllab="1"
            ecep:pron="smaɪlz">smiles</w>
         <c> </c>
         <w xml:id="cac95-208250"
            n="a-0350"
            ecep:lem="shall"
            ecep:pos="vmb"
            ecep:reg="shall"
            ecep:spe="shall"
            ecep:syllab="1"
            ecep:pron="ʃæl">shall</w>
         <c> </c>
         <w xml:id="cac95-208260"
            n="a-0360"
            ecep:lem="greet"
            ecep:pos="vvi"
            ecep:reg="greet"
            ecep:spe="greet"
            ecep:syllab="1"
            ecep:pron="griːt">greet</w>
         <pc xml:id="cac95-208270"
             n="a-0370"
             ecep:lem=","
             ecep:pos=","
             ecep:reg=","
             ecep:spe=",">,</pc>
      </l>
      <l xml:id="cac95-l11005">
         <c> </c>
         <w xml:id="cac95-208280"
            n="a-0380"
            ecep:lem="dimple"
            ecep:pos="n2"
            ecep:reg="Dimples"
            ecep:spe="Dimples"
            ecep:syllab="2"
            ecep:pron="ˈdɪmplz">Dimples</w>
         <c> </c>
         <w xml:id="cac95-208300"
            n="a-0400"
            ecep:lem="amid"
            ecep:pos="p-acp"
            ecep:reg="amid"
            ecep:spe="'mid"
            ecep:syllab="1"
            ecep:pron="mˈɪd">'mid</w>
         <c> </c>
         <w xml:id="cac95-208310"
            n="a-0410"
            ecep:lem="rose"
            ecep:pos="n2"
            ecep:reg="roses"
            ecep:spe="roses"
            ecep:syllab="2"
            ecep:pron="rəʊzɪz">roses</w>
         <c> </c>
         <w xml:id="cac95-208320"
            n="a-0420"
            ecep:lem="sweet"
            ecep:pos="j"
            ecep:reg="sweet"
            ecep:spe="sweet"
            ecep:syllab="1"
            ecep:pron="swiːt">sweet</w>
         <pc xml:id="cac95-208330"
             n="a-0430"
             ecep:lem=","
             ecep:pos=","
             ecep:reg=","
             ecep:spe=",">,</pc>
      </l>
      <l xml:id="cac95-l11010">
         <c> </c>
         <w xml:id="cac95-208340"
            n="a-0440"
            ecep:lem="and"
            ecep:pos="cc"
            ecep:reg="And"
            ecep:spe="And"
            ecep:syllab="1"
            ecep:pron="ænd">And</w>
         <c> </c>
         <w xml:id="cac95-208350"
            n="a-0450"
            ecep:lem="fruit"
            ecep:pos="n2"
            ecep:reg="fruits"
            ecep:spe="fruits"
            ecep:syllab="1"
            ecep:pron="fruːts">fruits</w>
         <c> </c>
         <w xml:id="cac95-208360"
            n="a-0460"
            ecep:lem="with"
            ecep:pos="p-acp"
            ecep:reg="with"
            ecep:spe="with"
            ecep:syllab="1"
            ecep:pron="wɪð">with</w>
         <c> </c>
         <w xml:id="cac95-208370"
            n="a-0470"
            ecep:lem="glow"
            ecep:pos="j-vvg"
            ecep:reg="glowing"
            ecep:spe="glowing"
            ecep:syllab="2"
            ecep:pron="gləʊɪŋ">glowing</w>
         <c> </c>
         <w xml:id="cac95-208380"
            n="a-0480"
            ecep:lem="flower"
            ecep:pos="n2"
            ecep:reg="flowers"
            ecep:spe="flowers"
            ecep:syllab="1"
            ecep:pron="flæəz">flowers</w>
         <pc xml:id="cac95-208390"
             n="a-0490"
             unit="sentence"
             ecep:lem="!"
             ecep:pos="!"
             ecep:reg="!"
             ecep:spe="!">!</pc>
         <c> </c>
      </l>
      <l xml:id="cac95-l11015">
         <w xml:id="cac95-208400"
            n="a-0500"
            ecep:lem="glide"
            ecep:pos="vvb"
            ecep:reg="Glide"
            ecep:spe="Glide"
            ecep:syllab="1"
            ecep:pron="glaɪd">Glide</w>
         <c> </c>
         <w xml:id="cac95-208410"
            n="a-0510"
            ecep:lem="along"
            ecep:pos="a-acp"
            ecep:reg="along"
            ecep:spe="along"
            ecep:syllab="2"
            ecep:pron="əˈlɒŋ">along</w>
         <pc xml:id="cac95-208420"
             n="a-0520"
             ecep:lem=","
             ecep:pos=","
             ecep:reg=","
             ecep:spe=",">,</pc>
      </l>
      <l xml:id="cac95-l11020">
         <c> </c>
         <w xml:id="cac95-208430"
            n="a-0530"
            ecep:lem="join"
            ecep:pos="vvb"
            ecep:reg="Join"
            ecep:spe="Join"
            ecep:syllab="1"
            ecep:pron="dʒɔɪn">Join</w>
         <c> </c>
         <w xml:id="cac95-208440"
            n="a-0540"
            ecep:lem="my"
            ecep:pos="po11"
            ecep:reg="my"
            ecep:spe="my"
            ecep:syllab="1"
            ecep:pron="maɪ">my</w>
         <c> </c>
         <w xml:id="cac95-208450"
            n="a-0550"
            ecep:lem="song"
            ecep:pos="n1"
            ecep:reg="song"
            ecep:spe="song"
            ecep:syllab="1"
            ecep:pron="sɒŋ">song</w>
         <pc xml:id="cac95-208460"
             n="a-0560"
             ecep:lem=","
             ecep:pos=","
             ecep:reg=","
             ecep:spe=",">,</pc>
      </l>
      <l xml:id="cac95-l11025">
         <c> </c>
         <w xml:id="cac95-208470"
            n="a-0570"
            ecep:lem="meet"
            ecep:pos="vvb"
            ecep:reg="Meet"
            ecep:spe="Meet"
            ecep:syllab="1"
            ecep:pron="miːt">Meet</w>
         <c> </c>
         <w xml:id="cac95-208480"
            n="a-0580"
            ecep:lem="i"
            ecep:pos="pno11"
            ecep:reg="me"
            ecep:spe="me"
            ecep:syllab="1"
            ecep:pron="miː">me</w>
         <c> </c>
         <w xml:id="cac95-208490"
            n="a-0590"
            ecep:lem="in"
            ecep:pos="p-acp"
            ecep:reg="in"
            ecep:spe="in"
            ecep:syllab="1"
            ecep:pron="ɪn">in</w>
         <c> </c>
         <w xml:id="cac95-208500"
            n="a-0600"
            ecep:lem="the"
            ecep:pos="dt"
            ecep:reg="the"
            ecep:spe="the"
            ecep:syllab="1"
            ecep:pron="ðiː">the</w>
         <c> </c>
         <w xml:id="cac95-208510"
            n="a-0610"
            ecep:lem="vary"
            ecep:pos="j-vvn"
            ecep:reg="varied"
            ecep:spe="varied"
            ecep:syllab="2"
            ecep:pron="ˈveərɪd">varied</w>
         <c> </c>
         <w xml:id="cac95-208520"
            n="a-0620"
            ecep:lem="throng"
            ecep:pos="n1"
            ecep:reg="throng"
            ecep:spe="throng"
            ecep:syllab="1"
            ecep:pron="θrɒŋ">throng</w>
         <pc xml:id="cac95-208530"
             n="a-0630"
             ecep:lem=";"
             ecep:pos=";"
             ecep:reg=";"
             ecep:spe=";">;</pc>
      </l>
      <l xml:id="cac95-l11030">
         <c> </c>
         <w xml:id="cac95-208540"
            n="a-0640"
            ecep:lem="crown"
            ecep:pos="vvn"
            ecep:reg="Crowned"
            ecep:spe="Crown'd"
            ecep:syllab="1"
            ecep:pron="kraʊnd">Crown'd</w>
         <c> </c>
         <w xml:id="cac95-208550"
            n="a-0650"
            ecep:lem="with"
            ecep:pos="p-acp"
            ecep:reg="with"
            ecep:spe="with"
            ecep:syllab="1"
            ecep:pron="wɪð">with</w>
         <c> </c>
         <w xml:id="cac95-208560"
            n="a-0660"
            ecep:lem="may"
            ecep:pos="vmb"
            ecep:reg="May"
            ecep:spe="May"
            ecep:syllab="1"
            ecep:pron="meɪ">May</w>
         <pc xml:id="cac95-208570"
             n="a-0670"
             ecep:lem=","
             ecep:pos=","
             ecep:reg=","
             ecep:spe=",">,</pc>
      </l>
      <l xml:id="cac95-l11035">
         <c> </c>
         <w xml:id="cac95-208580"
            n="a-0680"
            ecep:lem="laugh"
            ecep:pos="vvg"
            ecep:reg="Laughing"
            ecep:spe="Laughing"
            ecep:syllab="2"
            ecep:pron="lɑːfɪŋ">Laughing</w>
         <c> </c>
         <w xml:id="cac95-208590"
            n="a-0690"
            ecep:lem="gay"
            ecep:pos="j"
            ecep:reg="gay"
            ecep:spe="gay"
            ecep:syllab="1"
            ecep:pron="geɪ">gay</w>
         <pc xml:id="cac95-208600"
             n="a-0700"
             ecep:lem=","
             ecep:pos=","
             ecep:reg=","
             ecep:spe=",">,</pc>
      </l>
      <l xml:id="cac95-l11040">
         <c> </c>
         <w xml:id="cac95-208610"
            n="a-0710"
            ecep:lem="hail"
            ecep:pos="vvg"
            ecep:reg="Hailing"
            ecep:spe="Hailing"
            ecep:syllab="2"
            ecep:pron="heɪlɪŋ">Hailing</w>
         <c> </c>
         <w xml:id="cac95-208620"
            n="a-0720"
            ecep:lem="like"
            ecep:pos="av-j"
            ecep:reg="like"
            ecep:spe="like"
            ecep:syllab="1"
            ecep:pron="laɪk">like</w>
         <c> </c>
         <w xml:id="cac95-208630"
            n="a-0730"
            ecep:lem="a"
            ecep:pos="dt"
            ecep:reg="a"
            ecep:spe="a"
            ecep:syllab="1"
            ecep:pron="ə">a</w>
         <c> </c>
         <w xml:id="cac95-208640"
            n="a-0740"
            ecep:lem="lark"
            ecep:pos="n1"
            ecep:reg="lark"
            ecep:spe="lark"
            ecep:syllab="1"
            ecep:pron="lɑːk">lark</w>
         <c> </c>
         <w xml:id="cac95-208650"
            n="a-0750"
            ecep:lem="the"
            ecep:pos="dt"
            ecep:reg="the"
            ecep:spe="the"
            ecep:syllab="1"
            ecep:pron="ðiː">the</w>
         <c> </c>
         <w xml:id="cac95-208660"
            n="a-0760"
            ecep:lem="day"
            ecep:pos="n1"
            ecep:reg="day"
            ecep:spe="day"
            ecep:syllab="1"
            ecep:pron="deɪ">day</w>
         <pc xml:id="cac95-208670"
             n="a-0770"
             unit="sentence"
             ecep:lem="!"
             ecep:pos="!"
             ecep:reg="!"
             ecep:spe="!">!</pc>
         <c> </c>
      </l>
      <pb n="139" rend="none"/>
      <l xml:id="cac95-l11045">
         <w xml:id="cac95-208680"
            n="a-0010"
            ecep:lem="thus"
            ecep:pos="av"
            ecep:reg="Thus"
            ecep:spe="Thus"
            ecep:syllab="1"
            ecep:pron="ðʌs">Thus</w>
         <c> </c>
         <w xml:id="cac95-208690"
            n="a-0020"
            ecep:lem="the"
            ecep:pos="dt"
            ecep:reg="the"
            ecep:spe="the"
            ecep:syllab="1"
            ecep:pron="ðiː">the</w>
         <c> </c>
         <w xml:id="cac95-208700"
            n="a-0030"
            ecep:lem="sweet"
            ecep:pos="j"
            ecep:reg="sweet"
            ecep:spe="sweet"
            ecep:syllab="1"
            ecep:pron="swiːt">sweet</w>
         <c> </c>
         <w xml:id="cac95-208710"
            n="a-0040"
            ecep:lem="spring"
            ecep:pos="n1"
            ecep:reg="spring"
            ecep:spe="spring"
            ecep:syllab="1"
            ecep:pron="sprɪŋ">spring</w>
         <c> </c>
         <w xml:id="cac95-208720"
            n="a-0050"
            ecep:lem="we"
            ecep:pos="pns12"
            ecep:reg="we"
            ecep:spe="we"
            ecep:syllab="1"
            ecep:pron="wiː">we</w>
         <c> </c>
         <w xml:id="cac95-208730"
            n="a-0060"
            ecep:lem="taste"
            ecep:pos="vvb"
            ecep:reg="taste"
            ecep:spe="taste"
            ecep:syllab="1"
            ecep:pron="teɪst">taste</w>
         <pc xml:id="cac95-208740"
             n="a-0070"
             ecep:lem=","
             ecep:pos=","
             ecep:reg=","
             ecep:spe=",">,</pc>
      </l>
      <l xml:id="cac95-l11050">
         <c> </c>
         <w xml:id="cac95-208750"
            n="a-0080"
            ecep:lem="ere"
            ecep:pos="c-acp"
            ecep:reg="Ere"
            ecep:spe="Ere"
            ecep:syllab="1"
            ecep:pron="eə">Ere</w>
         <c> </c>
         <w xml:id="cac95-208760"
            n="a-0090"
            ecep:lem="our"
            ecep:pos="po12"
            ecep:reg="our"
            ecep:spe="our"
            ecep:syllab="1"
            ecep:pron="æə">our</w>
         <c> </c>
         <w xml:id="cac95-208770"
            n="a-0100"
            ecep:lem="genial"
            ecep:pos="j"
            ecep:reg="genial"
            ecep:spe="genial"
            ecep:syllab="2"
            ecep:pron="ˈdʒiːniəl">genial</w>
         <c> </c>
         <w xml:id="cac95-208780"
            n="a-0110"
            ecep:lem="warmth"
            ecep:pos="n1"
            ecep:reg="warmth"
            ecep:spe="warmth"
            ecep:syllab="1"
            ecep:pron="wɔːmθ">warmth</w>
         <c> </c>
         <w xml:id="cac95-208790"
            n="a-0120"
            ecep:lem="shall"
            ecep:pos="vmb"
            ecep:reg="shall"
            ecep:spe="shall"
            ecep:syllab="1"
            ecep:pron="ʃæl">shall</w>
         <c> </c>
         <w xml:id="cac95-208800"
            n="a-0130"
            ecep:lem="waste"
            ecep:pos="vvi"
            ecep:reg="waste"
            ecep:spe="waste"
            ecep:syllab="1"
            ecep:pron="weɪst">waste</w>
         <pc xml:id="cac95-208810"
             n="a-0140"
             ecep:lem=","
             ecep:pos=","
             ecep:reg=","
             ecep:spe=",">,</pc>
      </l>
      <l xml:id="cac95-l11055">
         <c> </c>
         <w xml:id="cac95-208820"
            n="a-0150"
            ecep:lem="with"
            ecep:pos="p-acp"
            ecep:reg="With"
            ecep:spe="With"
            ecep:syllab="1"
            ecep:pron="wɪð">With</w>
         <c> </c>
         <w xml:id="cac95-208830"
            n="a-0160"
            ecep:lem="nature"
            ecep:pos="ng1"
            ecep:reg="Nature's"
            ecep:spe="Nature's"
            ecep:syllab="2"
            ecep:pron="ˈneɪtʃəz">Nature's</w>
         <c> </c>
         <w xml:id="cac95-208840"
            n="a-0170"
            ecep:lem="blessing"
            ecep:pos="n2"
            ecep:reg="blessings"
            ecep:spe="blessings"
            ecep:syllab="2"
            ecep:pron="ˈblesɪŋz">blessings</w>
         <c> </c>
         <w xml:id="cac95-208850"
            n="a-0180"
            ecep:lem="grace"
            ecep:pos="vvn"
            ecep:reg="graced"
            ecep:spe="grac'd"
            ecep:syllab="1"
            ecep:pron="greɪst">grac'd</w>
         <pc xml:id="cac95-208860"
             n="a-0190"
             ecep:lem=","
             ecep:pos=","
             ecep:reg=","
             ecep:spe=",">,</pc>
      </l>
      <l xml:id="cac95-l11060">
         <c> </c>
         <w xml:id="cac95-208870"
            n="a-0200"
            ecep:lem="we"
            ecep:pos="pns12"
            ecep:reg="We"
            ecep:spe="We"
            ecep:syllab="1"
            ecep:pron="wiː">We</w>
         <c> </c>
         <w xml:id="cac95-208880"
            n="a-0210"
            ecep:lem="sport"
            ecep:pos="vvb"
            ecep:reg="sport"
            ecep:spe="sport"
            ecep:syllab="1"
            ecep:pron="spɔːt">sport</w>
         <c> </c>
         <w xml:id="cac95-208890"
            n="a-0220"
            ecep:lem="the"
            ecep:pos="dt"
            ecep:reg="the"
            ecep:spe="the"
            ecep:syllab="1"
            ecep:pron="ðiː">the</w>
         <c> </c>
         <w xml:id="cac95-208900"
            n="a-0230"
            ecep:lem="hour"
            ecep:pos="n2"
            ecep:reg="hours"
            ecep:spe="hours"
            ecep:syllab="1"
            ecep:pron="æəz">hours</w>
         <c> </c>
         <w xml:id="cac95-208910"
            n="a-0240"
            ecep:lem="away"
            ecep:pos="av"
            ecep:reg="away"
            ecep:spe="away"
            ecep:syllab="2"
            ecep:pron="əˈweɪ">away</w>
         <pc xml:id="cac95-208920"
             n="a-0250"
             unit="sentence"
             ecep:lem="."
             ecep:pos="."
             ecep:reg="."
             ecep:spe=".">.</pc>
         <c> </c>
      </l>
   </lg>
   <lg xml:id="cac95-s01225">
      <l xml:id="cac95-l11065">
         <w xml:id="cac95-208950"
            n="a-0260"
            ecep:lem="life"
            ecep:pos="ng1"
            ecep:reg="Life's"
            ecep:spe="Life's"
            ecep:syllab="1"
            ecep:pron="laɪfs">Life's</w>
         <c> </c>
         <w xml:id="cac95-208960"
            n="a-0270"
            ecep:lem="a"
            ecep:pos="dt"
            ecep:reg="an"
            ecep:spe="an"
            ecep:syllab="1"
            ecep:pron="æn">an</w>
         <c> </c>
         <w xml:id="cac95-208970"
            n="a-0280"
            ecep:lem="uncertain"
            ecep:pos="j"
            ecep:reg="uncertain"
            ecep:spe="uncertain"
            ecep:syllab="3"
            ecep:pron="ʌnˈsɜːtn">uncertain</w>
         <c> </c>
         <w xml:id="cac95-208980"
            n="a-0290"
            ecep:lem="joy"
            ecep:pos="n1"
            ecep:reg="joy"
            ecep:spe="joy"
            ecep:syllab="1"
            ecep:pron="dʒɔɪ">joy</w>
         <pc xml:id="cac95-208990"
             n="a-0300"
             ecep:lem=","
             ecep:pos=","
             ecep:reg=","
             ecep:spe=",">,</pc>
      </l>
      <l xml:id="cac95-l11070">
         <c> </c>
         <w xml:id="cac95-209000"
            n="a-0310"
            ecep:lem="let|we"
            ecep:pos="vvb|pno12"
            ecep:reg="Let's"
            ecep:spe="Let's"
            ecep:syllab="1"
            ecep:pron="lets">Let's</w>
         <c> </c>
         <w xml:id="cac95-209010"
            n="a-0320"
            ecep:lem="the"
            ecep:pos="dt"
            ecep:reg="the"
            ecep:spe="the"
            ecep:syllab="1"
            ecep:pron="ðiː">the</w>
         <c> </c>
         <w xml:id="cac95-209020"
            n="a-0330"
            ecep:lem="rosy"
            ecep:pos="j"
            ecep:reg="rosy"
            ecep:spe="rosy"
            ecep:syllab="2"
            ecep:pron="ˈrəʊzi">rosy</w>
         <c> </c>
         <w xml:id="cac95-209030"
            n="a-0340"
            ecep:lem="hour"
            ecep:pos="n2"
            ecep:reg="hours"
            ecep:spe="hours"
            ecep:syllab="1"
            ecep:pron="æəz">hours</w>
         <c> </c>
         <w xml:id="cac95-209040"
            n="a-0350"
            ecep:lem="employ"
            ecep:pos="vvi"
            ecep:reg="employ"
            ecep:spe="employ"
            ecep:syllab="2"
            ecep:pron="ɪmˈplɔɪ">employ</w>
         <pc xml:id="cac95-209050"
             n="a-0360"
             ecep:lem=";"
             ecep:pos=";"
             ecep:reg=";"
             ecep:spe=";">;</pc>
      </l>
      <l xml:id="cac95-l11075">
         <c> </c>
         <w xml:id="cac95-209060"
            n="a-0370"
            ecep:lem="ere"
            ecep:pos="c-acp"
            ecep:reg="Ere"
            ecep:spe="Ere"
            ecep:syllab="1"
            ecep:pron="eə">Ere</w>
         <c> </c>
         <w xml:id="cac95-209070"
            n="a-0380"
            ecep:lem="they"
            ecep:pos="pns32"
            ecep:reg="they"
            ecep:spe="they"
            ecep:syllab="1"
            ecep:pron="ðeɪ">they</w>
         <c> </c>
         <w xml:id="cac95-209080"
            n="a-0390"
            ecep:lem="our"
            ecep:pos="po12"
            ecep:reg="our"
            ecep:spe="our"
            ecep:syllab="1"
            ecep:pron="æə">our</w>
         <c> </c>
         <w xml:id="cac95-209090"
            n="a-0400"
            ecep:lem="power"
            ecep:pos="n2"
            ecep:reg="powers"
            ecep:spe="powers"
            ecep:syllab="1"
            ecep:pron="ˈpaʊəz">powers</w>
         <c> </c>
         <w xml:id="cac95-209100"
            n="a-0410"
            ecep:lem="destroy"
            ecep:pos="vvb"
            ecep:reg="destroy"
            ecep:spe="destroy"
            ecep:syllab="2"
            ecep:pron="dɪˈstrɔɪ">destroy</w>
      </l>
      <l xml:id="cac95-l11080">
         <c> </c>
         <w xml:id="cac95-209110"
            n="a-0420"
            ecep:lem="they"
            ecep:pos="pns32"
            ecep:reg="They"
            ecep:spe="They"
            ecep:syllab="1"
            ecep:pron="ðeɪ">They</w>
         <c> </c>
         <w xml:id="cac95-209120"
            n="a-0430"
            ecep:lem="shall"
            ecep:pos="vmb"
            ecep:reg="shall"
            ecep:spe="shall"
            ecep:syllab="1"
            ecep:pron="ʃæl">shall</w>
         <c> </c>
         <w xml:id="cac95-209130"
            n="a-0440"
            ecep:lem="scatter"
            ecep:pos="vvi"
            ecep:reg="scatter"
            ecep:spe="scatter"
            ecep:syllab="2"
            ecep:pron="ˈskætə">scatter</w>
         <c> </c>
         <w xml:id="cac95-209140"
            n="a-0450"
            ecep:lem="charm"
            ecep:pos="n2"
            ecep:reg="charms"
            ecep:spe="charms"
            ecep:syllab="1"
            ecep:pron="tʃɑːmz">charms</w>
         <pc xml:id="cac95-209150"
             n="a-0460"
             ecep:lem=":"
             ecep:pos=":"
             ecep:reg=":"
             ecep:spe=":">:</pc>
      </l>
      <l xml:id="cac95-l11085">
         <c> </c>
         <w xml:id="cac95-209160"
            n="a-0470"
            ecep:lem="grey"
            ecep:pos="j-jn"
            ecep:reg="Grey"
            ecep:spe="Grey"
            ecep:syllab="1"
            ecep:pron="greɪ">Grey</w>
         <c> </c>
         <w xml:id="cac95-209170"
            n="a-0480"
            ecep:lem="dawn"
            ecep:pos="n1"
            ecep:reg="dawn"
            ecep:spe="dawn"
            ecep:syllab="1"
            ecep:pron="dɔːn">dawn</w>
         <c> </c>
         <w xml:id="cac95-209180"
            n="a-0490"
            ecep:lem="shall"
            ecep:pos="vmb"
            ecep:reg="shall"
            ecep:spe="shall"
            ecep:syllab="1"
            ecep:pron="ʃæl">shall</w>
         <c> </c>
         <w xml:id="cac95-209190"
            n="a-0500"
            ecep:lem="see"
            ecep:pos="vvi"
            ecep:reg="see"
            ecep:spe="see"
            ecep:syllab="1"
            ecep:pron="siː">see</w>
         <c> </c>
         <w xml:id="cac95-209200"
            n="a-0510"
            ecep:lem="they"
            ecep:pos="pno32"
            ecep:reg="them"
            ecep:spe="them"
            ecep:syllab="1"
            ecep:pron="ðem">them</w>
         <c> </c>
         <w xml:id="cac95-209210"
            n="a-0520"
            ecep:lem="rise"
            ecep:pos="vvi"
            ecep:reg="rise"
            ecep:spe="rise"
            ecep:syllab="1"
            ecep:pron="raɪz">rise</w>
         <pc xml:id="cac95-209220"
             n="a-0530"
             ecep:lem=","
             ecep:pos=","
             ecep:reg=","
             ecep:spe=",">,</pc>
      </l>
      <l xml:id="cac95-l11090">
         <c> </c>
         <w xml:id="cac95-209230"
            n="a-0540"
            ecep:lem="silver"
            ecep:pos="vvg"
            ecep:reg="Silvering"
            ecep:spe="Silvering"
            ecep:syllab="3"
            ecep:pron="ˈsɪlvrɪŋ">Silvering</w>
         <c> </c>
         <w xml:id="cac95-209240"
            n="a-0550"
            ecep:lem="the"
            ecep:pos="dt"
            ecep:reg="the"
            ecep:spe="the"
            ecep:syllab="1"
            ecep:pron="ðiː">the</w>
         <c> </c>
         <w xml:id="cac95-209250"
            n="a-0560"
            ecep:lem="open"
            ecep:pos="n-vvg"
            ecep:reg="opening"
            ecep:spe="opening"
            ecep:syllab="2"
            ecep:pron="ˈəʊpnɪŋ">opening</w>
         <c> </c>
         <w xml:id="cac95-209260"
            n="a-0570"
            ecep:lem="sky"
            ecep:pos="n2"
            ecep:reg="skies"
            ecep:spe="skies"
            ecep:syllab="1"
            ecep:pron="skaɪz">skies</w>
         <pc xml:id="cac95-209270"
             n="a-0580"
             ecep:lem=","
             ecep:pos=","
             ecep:reg=","
             ecep:spe=",">,</pc>
      </l>
      <l xml:id="cac95-l11095">
         <c> </c>
         <w xml:id="cac95-209280"
            n="a-0590"
            ecep:lem="sparkle"
            ecep:pos="vvg"
            ecep:reg="Sparkling"
            ecep:spe="Sparkling"
            ecep:syllab="2"
            ecep:pron="ˈspɑːklɪŋ">Sparkling</w>
         <c> </c>
         <w xml:id="cac95-209290"
            n="a-0600"
            ecep:lem="with"
            ecep:pos="p-acp"
            ecep:reg="with"
            ecep:spe="with"
            ecep:syllab="1"
            ecep:pron="wɪð">with</w>
         <c> </c>
         <w xml:id="cac95-209300"
            n="a-0610"
            ecep:lem="dewy"
            ecep:pos="j"
            ecep:reg="dewy"
            ecep:spe="dewy"
            ecep:syllab="2"
            ecep:pron="ˈdʒuːi">dewy</w>
         <c> </c>
         <w xml:id="cac95-209310"
            n="a-0620"
            ecep:lem="eye"
            ecep:pos="n2"
            ecep:reg="eyes"
            ecep:spe="eyes"
            ecep:syllab="1"
            ecep:pron="aɪz">eyes</w>
         <pc xml:id="cac95-209320"
             n="a-0630"
             ecep:lem=","
             ecep:pos=","
             ecep:reg=","
             ecep:spe=",">,</pc>
      </l>
      <l xml:id="cac95-l11100">
         <c> </c>
         <w xml:id="cac95-209330"
            n="a-0640"
            ecep:lem="and"
            ecep:pos="cc"
            ecep:reg="And"
            ecep:spe="And"
            ecep:syllab="1"
            ecep:pron="ænd">And</w>
         <c> </c>
         <w xml:id="cac95-209340"
            n="a-0650"
            ecep:lem="blush"
            ecep:pos="vvg"
            ecep:reg="blushing"
            ecep:spe="blushing"
            ecep:syllab="2"
            ecep:pron="blʌʃɪŋ">blushing</w>
         <c> </c>
         <w xml:id="cac95-209350"
            n="a-0660"
            ecep:lem="spread"
            ecep:pos="vvn"
            ecep:reg="spread"
            ecep:spe="spread"
            ecep:syllab="1"
            ecep:pron="spred">spread</w>
         <c> </c>
         <w xml:id="cac95-209360"
            n="a-0670"
            ecep:lem="their"
            ecep:pos="po32"
            ecep:reg="their"
            ecep:spe="their"
            ecep:syllab="1"
            ecep:pron="ðeə">their</w>
         <c> </c>
         <w xml:id="cac95-209370"
            n="a-0680"
            ecep:lem="arm"
            ecep:pos="n2"
            ecep:reg="arms"
            ecep:spe="arms"
            ecep:syllab="1"
            ecep:pron="ɑːmz">arms</w>
         <pc xml:id="cac95-209380"
             n="a-0690"
             unit="sentence"
             ecep:lem="."
             ecep:pos="."
             ecep:reg="."
             ecep:spe=".">.</pc>
         <c> </c>
      </l>
      <l xml:id="cac95-l11105">
         <w xml:id="cac95-209390"
            n="a-0700"
            ecep:lem="trip"
            ecep:pos="vvg"
            ecep:reg="Tripping"
            ecep:spe="Tripping"
            ecep:syllab="2"
            ecep:pron="trɪpɪŋ">Tripping</w>
         <c> </c>
         <w xml:id="cac95-209400"
            n="a-0710"
            ecep:lem="gay"
            ecep:pos="j"
            ecep:reg="gay"
            ecep:spe="gay"
            ecep:syllab="1"
            ecep:pron="geɪ">gay</w>
         <pc xml:id="cac95-209410"
             n="a-0720"
             ecep:lem=","
             ecep:pos=","
             ecep:reg=","
             ecep:spe=",">,</pc>
      </l>
      <l xml:id="cac95-l11110">
         <c> </c>
         <w xml:id="cac95-209420"
            n="a-0730"
            ecep:lem="they"
            ecep:pos="pns32"
            ecep:reg="They"
            ecep:spe="They"
            ecep:syllab="1"
            ecep:pron="ðeɪ">They</w>
         <c> </c>
         <w xml:id="cac95-209430"
            n="a-0740"
            ecep:lem="burst"
            ecep:pos="vvd"
            ecep:reg="burst"
            ecep:spe="burst"
            ecep:syllab="1"
            ecep:pron="bɜːst">burst</w>
         <c> </c>
         <w xml:id="cac95-209440"
            n="a-0750"
            ecep:lem="with"
            ecep:pos="p-acp"
            ecep:reg="with"
            ecep:spe="with"
            ecep:syllab="1"
            ecep:pron="wɪð">with</w>
         <c> </c>
         <w xml:id="cac95-209450"
            n="a-0760"
            ecep:lem="day"
            ecep:pos="n1"
            ecep:reg="day"
            ecep:spe="day"
            ecep:syllab="1"
            ecep:pron="deɪ">day</w>
         <pc xml:id="cac95-209460"
             n="a-0770"
             ecep:lem=","
             ecep:pos=","
             ecep:reg=","
             ecep:spe=",">,</pc>
      </l>
      <l xml:id="cac95-l11115">
         <c> </c>
         <w xml:id="cac95-209470"
            n="a-0780"
            ecep:lem="blaze"
            ecep:pos="vvg"
            ecep:reg="Blazing"
            ecep:spe="Blazing"
            ecep:syllab="2"
            ecep:pron="bleɪzɪŋ">Blazing</w>
         <c> </c>
         <w xml:id="cac95-209480"
            n="a-0790"
            ecep:lem="with"
            ecep:pos="p-acp"
            ecep:reg="with"
            ecep:spe="with"
            ecep:syllab="1"
            ecep:pron="wɪð">with</w>
         <c> </c>
         <w xml:id="cac95-209490"
            n="a-0800"
            ecep:lem="a"
            ecep:pos="dt"
            ecep:reg="a"
            ecep:spe="a"
            ecep:syllab="1"
            ecep:pron="ə">a</w>
         <c> </c>
         <w xml:id="cac95-209500"
            n="a-0810"
            ecep:lem="gaudy"
            ecep:pos="j"
            ecep:reg="gaudy"
            ecep:spe="gaudy"
            ecep:syllab="2"
            ecep:pron="ˈgɔːdi">gaudy</w>
         <c> </c>
         <w xml:id="cac95-209510"
            n="a-0820"
            ecep:lem="ray"
            ecep:pos="n1"
            ecep:reg="ray"
            ecep:spe="ray"
            ecep:syllab="1"
            ecep:pron="reɪ">ray</w>
         <pc xml:id="cac95-209520"
             n="a-0830"
             ecep:lem=";"
             ecep:pos=";"
             ecep:reg=";"
             ecep:spe=";">;</pc>
      </l>
      <l xml:id="cac95-l11120">
         <w xml:id="cac95-209540"
            n="a-0850"
            ecep:lem="'midst"
            ecep:pos="n1"
            ecep:reg="'Midst"
            ecep:spe="'Midst"
            ecep:syllab="1"
            ecep:pron="mˈɪdst">'Midst</w>
         <c> </c>
         <w xml:id="cac95-209550"
            n="a-0860"
            ecep:lem="the"
            ecep:pos="dt"
            ecep:reg="the"
            ecep:spe="the"
            ecep:syllab="1"
            ecep:pron="ðiː">the</w>
         <c> </c>
         <w xml:id="cac95-209560"
            n="a-0870"
            ecep:lem="bower"
            ecep:pos="n2"
            ecep:reg="bowers"
            ecep:spe="bowers"
            ecep:syllab="2"
            ecep:pron="ˈbaʊəz">bowers</w>
      </l>
      <l xml:id="cac95-l11125">
         <c> </c>
         <w xml:id="cac95-209570"
            n="a-0880"
            ecep:lem="bloom"
            ecep:pos="vvg"
            ecep:reg="Blooming"
            ecep:spe="Blooming"
            ecep:syllab="2"
            ecep:pron="bluːmɪŋ">Blooming</w>
         <c> </c>
         <w xml:id="cac95-209580"
            n="a-0890"
            ecep:lem="flower"
            ecep:pos="n2"
            ecep:reg="flowers"
            ecep:spe="flowers"
            ecep:syllab="1"
            ecep:pron="flæəz">flowers</w>
      </l>
      <l xml:id="cac95-l11130">
         <c> </c>
         <w xml:id="cac95-209590"
            n="a-0900"
            ecep:lem="open"
            ecep:pos="vvg"
            ecep:reg="Opening"
            ecep:spe="Opening"
            ecep:syllab="2"
            ecep:pron="ˈəʊpnɪŋ">Opening</w>
         <pc xml:id="cac95-209600"
             n="a-0910"
             ecep:lem=","
             ecep:pos=","
             ecep:reg=","
             ecep:spe=",">,</pc>
         <c> </c>
         <w xml:id="cac95-209610"
            n="a-0920"
            ecep:lem="hail"
            ecep:pos="vvb"
            ecep:reg="hail"
            ecep:spe="hail"
            ecep:syllab="1"
            ecep:pron="heɪl">hail</w>
         <c> </c>
         <w xml:id="cac95-209620"
            n="a-0930"
            ecep:lem="the"
            ecep:pos="dt"
            ecep:reg="the"
            ecep:spe="the"
            ecep:syllab="1"
            ecep:pron="ðiː">the</w>
         <c> </c>
         <w xml:id="cac95-209630"
            n="a-0940"
            ecep:lem="noontide"
            ecep:pos="n1"
            ecep:reg="noontide"
            ecep:spe="noontide"
            ecep:syllab="2"
            ecep:pron="ˈnuːntaɪd">noontide</w>
         <c> </c>
         <w xml:id="cac95-209640"
            n="a-0950"
            ecep:lem="hour"
            ecep:pos="n2"
            ecep:reg="hours"
            ecep:spe="hours"
            ecep:syllab="1"
            ecep:pron="æəz">hours</w>
         <pc xml:id="cac95-209650"
             n="a-0960"
             unit="sentence"
             ecep:lem="."
             ecep:pos="."
             ecep:reg="."
             ecep:spe=".">.</pc>
         <c> </c>
      </l>
      <pb n="140" rend="none"/>
      <l xml:id="cac95-l11135">
         <w xml:id="cac95-209660"
            n="a-0010"
            ecep:lem="then"
            ecep:pos="av"
            ecep:reg="Then"
            ecep:spe="Then"
            ecep:syllab="1"
            ecep:pron="ðen">Then</w>
         <c> </c>
         <w xml:id="cac95-209670"
            n="a-0020"
            ecep:lem="glide"
            ecep:pos="vvg"
            ecep:reg="gliding"
            ecep:spe="gliding"
            ecep:syllab="2"
            ecep:pron="glaɪdɪŋ">gliding</w>
         <c> </c>
         <w xml:id="cac95-209680"
            n="a-0030"
            ecep:lem="down"
            ecep:pos="a-acp"
            ecep:reg="down"
            ecep:spe="down"
            ecep:syllab="1"
            ecep:pron="daʊn">down</w>
         <c> </c>
         <w xml:id="cac95-209690"
            n="a-0040"
            ecep:lem="the"
            ecep:pos="dt"
            ecep:reg="the"
            ecep:spe="the"
            ecep:syllab="1"
            ecep:pron="ðiː">the</w>
         <c> </c>
         <w xml:id="cac95-209700"
            n="a-0050"
            ecep:lem="hill"
            ecep:pos="n2"
            ecep:reg="hills"
            ecep:spe="hills"
            ecep:syllab="1"
            ecep:pron="hɪlz">hills</w>
         <pc xml:id="cac95-209710"
             n="a-0060"
             ecep:lem=","
             ecep:pos=","
             ecep:reg=","
             ecep:spe=",">,</pc>
      </l>
      <l xml:id="cac95-l11140">
         <c> </c>
         <w xml:id="cac95-209720"
            n="a-0070"
            ecep:lem="silent"
            ecep:pos="j"
            ecep:reg="Silent"
            ecep:spe="Silent"
            ecep:syllab="2"
            ecep:pron="ˈsaɪlənt">Silent</w>
         <c> </c>
         <w xml:id="cac95-209730"
            n="a-0080"
            ecep:lem="eve"
            ecep:pos="n1"
            ecep:reg="eve"
            ecep:spe="eve"
            ecep:syllab="1"
            ecep:pron="iːv">eve</w>
         <c> </c>
         <w xml:id="cac95-209740"
            n="a-0090"
            ecep:lem="its"
            ecep:pos="po31"
            ecep:reg="its"
            ecep:spe="its"
            ecep:syllab="1"
            ecep:pron="ɪts">its</w>
         <c> </c>
         <w xml:id="cac95-209750"
            n="a-0100"
            ecep:lem="dew"
            ecep:pos="n1"
            ecep:reg="dew"
            ecep:spe="dew"
            ecep:syllab="1"
            ecep:pron="dʒuː">dew</w>
         <c> </c>
         <w xml:id="cac95-209760"
            n="a-0110"
            ecep:lem="distil"
            ecep:pos="vvz"
            ecep:reg="distils"
            ecep:spe="distils"
            ecep:syllab="2"
            ecep:pron="dɪˈstɪlz">distils</w>
         <pc xml:id="cac95-209770"
             n="a-0120"
             ecep:lem=","
             ecep:pos=","
             ecep:reg=","
             ecep:spe=",">,</pc>
      </l>
      <l xml:id="cac95-l11145">
         <c> </c>
         <w xml:id="cac95-209780"
            n="a-0130"
            ecep:lem="with"
            ecep:pos="p-acp"
            ecep:reg="With"
            ecep:spe="With"
            ecep:syllab="1"
            ecep:pron="wɪð">With</w>
         <c> </c>
         <w xml:id="cac95-209790"
            n="a-0140"
            ecep:lem="rapture"
            ecep:pos="n1"
            ecep:reg="rapture"
            ecep:spe="rapture"
            ecep:syllab="2"
            ecep:pron="ˈræptʃə">rapture</w>
         <c> </c>
         <w xml:id="cac95-209800"
            n="a-0150"
            ecep:lem="each"
            ecep:pos="d"
            ecep:reg="each"
            ecep:spe="each"
            ecep:syllab="1"
            ecep:pron="iːtʃ">each</w>
         <c> </c>
         <w xml:id="cac95-209810"
            n="a-0160"
            ecep:lem="bosom"
            ecep:pos="n1"
            ecep:reg="bosom"
            ecep:spe="bosom"
            ecep:syllab="2"
            ecep:pron="ˈbʊzm">bosom</w>
         <c> </c>
         <w xml:id="cac95-209820"
            n="a-0170"
            ecep:lem="thrill"
            ecep:pos="vvz"
            ecep:reg="thrills"
            ecep:spe="thrills"
            ecep:syllab="1"
            ecep:pron="θrɪlz">thrills</w>
         <pc xml:id="cac95-209830"
             n="a-0180"
             ecep:lem=":"
             ecep:pos=":"
             ecep:reg=":"
             ecep:spe=":">:</pc>
      </l>
      <l xml:id="cac95-l11150">
         <c> </c>
         <w xml:id="cac95-209840"
            n="a-0190"
            ecep:lem="night"
            ecep:pos="ng1"
            ecep:reg="Night's"
            ecep:spe="Night's"
            ecep:syllab="1"
            ecep:pron="ˈnaɪts">Night's</w>
         <c> </c>
         <w xml:id="cac95-209850"
            n="a-0200"
            ecep:lem="songstress"
            ecep:pos="n1"
            ecep:reg="songstress"
            ecep:spe="songstress"
            ecep:syllab="2"
            ecep:pron="ˈsɒŋstrəs">songstress</w>
         <c> </c>
         <w xml:id="cac95-209860"
            n="a-0210"
            ecep:lem="music"
            ecep:pos="n1"
            ecep:reg="music"
            ecep:spe="music"
            ecep:syllab="2"
            ecep:pron="ˈmjuːzɪk">music</w>
         <c> </c>
         <w xml:id="cac95-209870"
            n="a-0220"
            ecep:lem="pour"
            ecep:pos="vvz"
            ecep:reg="pours"
            ecep:spe="pours"
            ecep:syllab="1"
            ecep:pron="pɔːz">pours</w>
         <pc xml:id="cac95-209880"
             n="a-0230"
             unit="sentence"
             ecep:lem="."
             ecep:pos="."
             ecep:reg="."
             ecep:spe=".">.</pc>
         <c> </c>
      </l>
   </lg>
   <lg xml:id="cac95-s01230">
      <l xml:id="cac95-l11155">
         <w xml:id="cac95-209910"
            n="a-0240"
            ecep:lem="deep"
            ecep:pos="j-jn"
            ecep:reg="Deep"
            ecep:spe="Deep"
            ecep:syllab="1"
            ecep:pron="diːp">Deep</w>
         <c> </c>
         <w xml:id="cac95-209920"
            n="a-0250"
            ecep:lem="then"
            ecep:pos="av"
            ecep:reg="then"
            ecep:spe="then"
            ecep:syllab="1"
            ecep:pron="ðen">then</w>
         <c> </c>
         <w xml:id="cac95-209930"
            n="a-0260"
            ecep:lem="their"
            ecep:pos="po32"
            ecep:reg="their"
            ecep:spe="their"
            ecep:syllab="1"
            ecep:pron="ðeə">their</w>
         <c> </c>
         <w xml:id="cac95-209940"
            n="a-0270"
            ecep:lem="blush"
            ecep:pos="n1"
            ecep:reg="blush"
            ecep:spe="blush"
            ecep:syllab="1"
            ecep:pron="blʌʃ">blush</w>
         <c> </c>
         <w xml:id="cac95-209950"
            n="a-0280"
            ecep:lem="appear"
            ecep:pos="vvz"
            ecep:reg="appears"
            ecep:spe="appears"
            ecep:syllab="2"
            ecep:pron="əˈpɪəz">appears</w>
         <pc xml:id="cac95-209960"
             n="a-0290"
             ecep:lem=","
             ecep:pos=","
             ecep:reg=","
             ecep:spe=",">,</pc>
      </l>
      <l xml:id="cac95-l11160">
         <w xml:id="cac95-209980"
            n="a-0310"
            ecep:lem="amid"
            ecep:pos="p-acp"
            ecep:reg="Amid"
            ecep:spe="'Mid"
            ecep:syllab="1"
            ecep:pron="mˈɪd">'Mid</w>
         <c> </c>
         <w xml:id="cac95-209990"
            n="a-0320"
            ecep:lem="their"
            ecep:pos="po32"
            ecep:reg="their"
            ecep:spe="their"
            ecep:syllab="1"
            ecep:pron="ðeə">their</w>
         <c> </c>
         <w xml:id="cac95-210000"
            n="a-0330"
            ecep:lem="saffron-tinged"
            ecep:pos="j"
            ecep:reg="saffron-tinged"
            ecep:spe="saffron-tinged"
            ecep:syllab="4"
            ecep:pron="ˈsæfrənˌtɪndʒd">saffron-tinged</w>
         <c> </c>
         <w xml:id="cac95-210010"
            n="a-0340"
            ecep:lem="hair"
            ecep:pos="n2"
            ecep:reg="hairs"
            ecep:spe="hairs"
            ecep:syllab="1"
            ecep:pron="heəz">hairs</w>
         <pc xml:id="cac95-210020"
             n="a-0350"
             ecep:lem=","
             ecep:pos=","
             ecep:reg=","
             ecep:spe=",">,</pc>
      </l>
      <l xml:id="cac95-l11165">
         <c> </c>
         <w xml:id="cac95-210030"
            n="a-0360"
            ecep:lem="wave"
            ecep:pos="vvd"
            ecep:reg="Waved"
            ecep:spe="Wav'd"
            ecep:syllab="1"
            ecep:pron="weɪvd">Wav'd</w>
         <c> </c>
         <w xml:id="cac95-210040"
            n="a-0370"
            ecep:lem="over"
            ecep:pos="p-acp"
            ecep:reg="over"
            ecep:spe="o'er"
            ecep:syllab="1"
            ecep:pron="ˈɔːə">o'er</w>
         <c> </c>
         <w xml:id="cac95-210050"
            n="a-0380"
            ecep:lem="the"
            ecep:pos="dt"
            ecep:reg="the"
            ecep:spe="the"
            ecep:syllab="1"
            ecep:pron="ðiː">the</w>
         <c> </c>
         <w xml:id="cac95-210060"
            n="a-0390"
            ecep:lem="rise"
            ecep:pos="j-vvg"
            ecep:reg="rising"
            ecep:spe="rising"
            ecep:syllab="2"
            ecep:pron="ˈraɪzɪŋ">rising</w>
         <c> </c>
         <w xml:id="cac95-210070"
            n="a-0400"
            ecep:lem="star"
            ecep:pos="n2"
            ecep:reg="stars"
            ecep:spe="stars"
            ecep:syllab="1"
            ecep:pron="stɑːz">stars</w>
         <pc xml:id="cac95-210080"
             n="a-0410"
             ecep:lem=","
             ecep:pos=","
             ecep:reg=","
             ecep:spe=",">,</pc>
      </l>
      <l xml:id="cac95-l11170">
         <c> </c>
         <w xml:id="cac95-210090"
            n="a-0420"
            ecep:lem="dissolve"
            ecep:pos="vvg"
            ecep:reg="Dissolving"
            ecep:spe="Dissolving"
            ecep:syllab="3"
            ecep:pron="dɪˈzɒlvɪŋ">Dissolving</w>
         <c> </c>
         <w xml:id="cac95-210100"
            n="a-0430"
            ecep:lem="into"
            ecep:pos="p-acp"
            ecep:reg="into"
            ecep:spe="into"
            ecep:syllab="2"
            ecep:pron="ˈɪntə">into</w>
         <c> </c>
         <w xml:id="cac95-210110"
            n="a-0440"
            ecep:lem="night"
            ecep:pos="n1"
            ecep:reg="night"
            ecep:spe="night"
            ecep:syllab="1"
            ecep:pron="naɪt">night</w>
         <pc xml:id="cac95-210120"
             n="a-0450"
             unit="sentence"
             ecep:lem="."
             ecep:pos="."
             ecep:reg="."
             ecep:spe=".">.</pc>
         <c> </c>
      </l>
      <l xml:id="cac95-l11175">
         <w xml:id="cac95-210130"
            n="a-0460"
            ecep:lem="Borne"
            ecep:pos="np1"
            ecep:reg="Borne"
            ecep:spe="Borne"
            ecep:syllab="1"
            ecep:pron="bɔːn">Borne</w>
         <c> </c>
         <w xml:id="cac95-210140"
            n="a-0470"
            ecep:lem="next"
            ecep:pos="ord"
            ecep:reg="next"
            ecep:spe="next"
            ecep:syllab="1"
            ecep:pron="nekst">next</w>
         <c> </c>
         <w xml:id="cac95-210150"
            n="a-0480"
            ecep:lem="on"
            ecep:pos="p-acp"
            ecep:reg="on"
            ecep:spe="on"
            ecep:syllab="1"
            ecep:pron="ɒn">on</w>
         <c> </c>
         <w xml:id="cac95-210160"
            n="a-0490"
            ecep:lem="cynthia"
            ecep:pos="npg1"
            ecep:reg="Cynthia's"
            ecep:spe="Cynthia's"
            ecep:syllab="3"
            ecep:pron="ˈsɪnθiəz">Cynthia's</w>
         <c> </c>
         <w xml:id="cac95-210170"
            n="a-0500"
            ecep:lem="horn"
            ecep:pos="n2"
            ecep:reg="horns"
            ecep:spe="horns"
            ecep:syllab="1"
            ecep:pron="hɔːnz">horns</w>
         <pc xml:id="cac95-210180"
             n="a-0510"
             ecep:lem=","
             ecep:pos=","
             ecep:reg=","
             ecep:spe=",">,</pc>
      </l>
      <l xml:id="cac95-l11180">
         <c> </c>
         <w xml:id="cac95-210190"
            n="a-0520"
            ecep:lem="glitter"
            ecep:pos="vvg"
            ecep:reg="Glittering"
            ecep:spe="Glitering"
            ecep:syllab="3"
            ecep:pron="glˈɪtərɪŋ">Glitering</w>
         <c> </c>
         <w xml:id="cac95-210210"
            n="a-0540"
            ecep:lem="amid"
            ecep:pos="p-acp"
            ecep:reg="amid"
            ecep:spe="'mid"
            ecep:syllab="1"
            ecep:pron="mˈɪd">'mid</w>
         <c> </c>
         <w xml:id="cac95-210220"
            n="a-0550"
            ecep:lem="the"
            ecep:pos="dt"
            ecep:reg="the"
            ecep:spe="the"
            ecep:syllab="1"
            ecep:pron="ðiː">the</w>
         <c> </c>
         <w xml:id="cac95-210230"
            n="a-0560"
            ecep:lem="lake"
            ecep:pos="n2"
            ecep:reg="lakes"
            ecep:spe="lakes"
            ecep:syllab="1"
            ecep:pron="leɪks">lakes</w>
         <c> </c>
         <w xml:id="cac95-210240"
            n="a-0570"
            ecep:lem="and"
            ecep:pos="cc"
            ecep:reg="and"
            ecep:spe="and"
            ecep:syllab="1"
            ecep:pron="ænd">and</w>
         <c> </c>
         <w xml:id="cac95-210250"
            n="a-0580"
            ecep:lem="lawn"
            ecep:pos="n2"
            ecep:reg="lawns"
            ecep:spe="lawns"
            ecep:syllab="1"
            ecep:pron="lɔːnz">lawns</w>
         <pc xml:id="cac95-210260"
             n="a-0590"
             ecep:lem=","
             ecep:pos=","
             ecep:reg=","
             ecep:spe=",">,</pc>
      </l>
      <l xml:id="cac95-l11185">
         <c> </c>
         <w xml:id="cac95-210270"
            n="a-0600"
            ecep:lem="elf"
            ecep:pos="n2"
            ecep:reg="Elves"
            ecep:spe="Elves"
            ecep:syllab="1"
            ecep:pron="elvz">Elves</w>
         <pc xml:id="cac95-210280"
             n="a-0610"
             ecep:lem=","
             ecep:pos=","
             ecep:reg=","
             ecep:spe=",">,</pc>
         <c> </c>
         <w xml:id="cac95-210290"
            n="a-0620"
            ecep:lem="spright"
            ecep:pos="n2"
            ecep:reg="sprights"
            ecep:spe="sprights"
            ecep:syllab="1"
            ecep:pron="sprˈaɪts">sprights</w>
         <pc xml:id="cac95-210300"
             n="a-0630"
             ecep:lem=","
             ecep:pos=","
             ecep:reg=","
             ecep:spe=",">,</pc>
         <c> </c>
         <w xml:id="cac95-210310"
            n="a-0640"
            ecep:lem="and"
            ecep:pos="cc"
            ecep:reg="and"
            ecep:spe="and"
            ecep:syllab="1"
            ecep:pron="ænd">and</w>
         <c> </c>
         <w xml:id="cac95-210320"
            n="a-0650"
            ecep:lem="sylvan"
            ecep:pos="j"
            ecep:reg="sylvan"
            ecep:spe="sylvan"
            ecep:syllab="2"
            ecep:pron="ˈsɪlvən">sylvan</w>
         <c> </c>
         <w xml:id="cac95-210330"
            n="a-0660"
            ecep:lem="fawn"
            ecep:pos="vvz"
            ecep:reg="fawns"
            ecep:spe="fawns"
            ecep:syllab="1"
            ecep:pron="fɔːnz">fawns</w>
         <pc xml:id="cac95-210340"
             n="a-0670"
             ecep:lem=","
             ecep:pos=","
             ecep:reg=","
             ecep:spe=",">,</pc>
      </l>
      <l xml:id="cac95-l11190">
         <c> </c>
         <w xml:id="cac95-210350"
            n="a-0680"
            ecep:lem="dance"
            ecep:pos="vvb"
            ecep:reg="Dance"
            ecep:spe="Dance"
            ecep:syllab="1"
            ecep:pron="dɑːns">Dance</w>
         <c> </c>
         <w xml:id="cac95-210360"
            n="a-0690"
            ecep:lem="in"
            ecep:pos="p-acp"
            ecep:reg="in"
            ecep:spe="in"
            ecep:syllab="1"
            ecep:pron="ɪn">in</w>
         <c> </c>
         <w xml:id="cac95-210370"
            n="a-0700"
            ecep:lem="vapour"
            ecep:pos="n2"
            ecep:reg="vapours"
            ecep:spe="vapours"
            ecep:syllab="2"
            ecep:pron="ˈveɪpəz">vapours</w>
         <c> </c>
         <w xml:id="cac95-210380"
            n="a-0710"
            ecep:lem="dight"
            ecep:pos="vvb"
            ecep:reg="dight"
            ecep:spe="dight"
            ecep:syllab="1"
            ecep:pron="daɪt">dight</w>
         <pc xml:id="cac95-210390"
             n="a-0720"
             ecep:lem=":"
             ecep:pos=":"
             ecep:reg=":"
             ecep:spe=":">:</pc>
      </l>
      <l xml:id="cac95-l11195">
         <c> </c>
         <w xml:id="cac95-210400"
            n="a-0730"
            ecep:lem="nightly"
            ecep:pos="j"
            ecep:reg="Nightly"
            ecep:spe="Nightly"
            ecep:syllab="2"
            ecep:pron="ˈnaɪtli">Nightly</w>
         <c> </c>
         <w xml:id="cac95-210410"
            n="a-0740"
            ecep:lem="beam"
            ecep:pos="n2"
            ecep:reg="beams"
            ecep:spe="beams"
            ecep:syllab="1"
            ecep:pron="biːmz">beams</w>
         <pc xml:id="cac95-210420"
             n="a-0750"
             ecep:lem=","
             ecep:pos=","
             ecep:reg=","
             ecep:spe=",">,</pc>
      </l>
      <l xml:id="cac95-l11200">
         <c> </c>
         <w xml:id="cac95-210430"
            n="a-0760"
            ecep:lem="northern"
            ecep:pos="j"
            ecep:reg="Northern"
            ecep:spe="Northern"
            ecep:syllab="2"
            ecep:pron="ˈnɔːðn">Northern</w>
         <c> </c>
         <w xml:id="cac95-210440"
            n="a-0770"
            ecep:lem="gleam"
            ecep:pos="n2"
            ecep:reg="gleams"
            ecep:spe="gleams"
            ecep:syllab="1"
            ecep:pron="gliːmz">gleams</w>
         <pc xml:id="cac95-210450"
             n="a-0780"
             ecep:lem=","
             ecep:pos=","
             ecep:reg=","
             ecep:spe=",">,</pc>
      </l>
      <l xml:id="cac95-l11205">
         <c> </c>
         <w xml:id="cac95-210460"
            n="a-0790"
            ecep:lem="magic"
            ecep:pos="n-jn"
            ecep:reg="Magic"
            ecep:spe="Magic"
            ecep:syllab="2"
            ecep:pron="ˈmædʒɪk">Magic</w>
         <c> </c>
         <w xml:id="cac95-210470"
            n="a-0800"
            ecep:lem="fire"
            ecep:pos="n1"
            ecep:reg="fire"
            ecep:spe="fire"
            ecep:syllab="1"
            ecep:pron="fæə">fire</w>
         <c> </c>
         <w xml:id="cac95-210480"
            n="a-0810"
            ecep:lem="through"
            ecep:pos="p-acp"
            ecep:reg="through"
            ecep:spe="through"
            ecep:syllab="1"
            ecep:pron="θruː">through</w>
         <c> </c>
         <w xml:id="cac95-210490"
            n="a-0820"
            ecep:lem="ether"
            ecep:pos="n1"
            ecep:reg="either"
            ecep:spe="ether"
            ecep:syllab="2"
            ecep:pron="ˈiːθə">ether</w>
         <c> </c>
         <w xml:id="cac95-210500"
            n="a-0830"
            ecep:lem="stream"
            ecep:pos="n2"
            ecep:reg="streams"
            ecep:spe="streams"
            ecep:syllab="1"
            ecep:pron="striːmz">streams</w>
         <pc xml:id="cac95-210510"
             n="a-0840"
             ecep:lem=";"
             ecep:pos=";"
             ecep:reg=";"
             ecep:spe=";">;</pc>
      </l>
      <l xml:id="cac95-l11210">
         <c> </c>
         <w xml:id="cac95-210520"
            n="a-0850"
            ecep:lem="round"
            ecep:pos="av-j"
            ecep:reg="Round"
            ecep:spe="Round"
            ecep:syllab="1"
            ecep:pron="raʊnd">Round</w>
         <c> </c>
         <w xml:id="cac95-210530"
            n="a-0860"
            ecep:lem="the"
            ecep:pos="dt"
            ecep:reg="the"
            ecep:spe="the"
            ecep:syllab="1"
            ecep:pron="ðiː">the</w>
         <c> </c>
         <w xml:id="cac95-210540"
            n="a-0870"
            ecep:lem="sky"
            ecep:pos="n1"
            ecep:reg="sky"
            ecep:spe="sky"
            ecep:syllab="1"
            ecep:pron="skaɪ">sky</w>
      </l>
      <l xml:id="cac95-l11215">
         <c> </c>
         <w xml:id="cac95-210550"
            n="a-0880"
            ecep:lem="the"
            ecep:pos="dt"
            ecep:reg="The"
            ecep:spe="The"
            ecep:syllab="1"
            ecep:pron="ðiː">The</w>
         <c> </c>
         <w xml:id="cac95-210560"
            n="a-0890"
            ecep:lem="hour"
            ecep:pos="n2"
            ecep:reg="hours"
            ecep:spe="hours"
            ecep:syllab="1"
            ecep:pron="æəz">hours</w>
         <c> </c>
         <w xml:id="cac95-210570"
            n="a-0900"
            ecep:lem="fly"
            ecep:pos="vvb"
            ecep:reg="fly"
            ecep:spe="fly"
            ecep:syllab="1"
            ecep:pron="flaɪ">fly</w>
         <pc xml:id="cac95-210580"
             n="a-0910"
             ecep:lem=","
             ecep:pos=","
             ecep:reg=","
             ecep:spe=",">,</pc>
      </l>
      <l xml:id="cac95-l11220">
         <c> </c>
         <w xml:id="cac95-210590"
            n="a-0920"
            ecep:lem="launch"
            ecep:pos="vvg"
            ecep:reg="Launching"
            ecep:spe="Launching"
            ecep:syllab="2"
            ecep:pron="lɔːnʃɪŋ">Launching</w>
         <c> </c>
         <w xml:id="cac95-210600"
            n="a-0930"
            ecep:lem="to"
            ecep:pos="p-acp"
            ecep:reg="to"
            ecep:spe="to"
            ecep:syllab="1"
            ecep:pron="tuː">to</w>
         <c> </c>
         <w xml:id="cac95-210610"
            n="a-0940"
            ecep:lem="eternity"
            ecep:pos="n1"
            ecep:reg="eternity"
            ecep:spe="eternity"
            ecep:syllab="4"
            ecep:pron="ɪˈtɜːnəti">eternity</w>
         <pc xml:id="cac95-210620"
             n="a-0950"
             unit="sentence"
             ecep:lem="!"
             ecep:pos="!"
             ecep:reg="!"
             ecep:spe="!">!</pc>
         <c> </c>
      </l>
      <pb n="141" rend="none"/>
      <l xml:id="cac95-l11225">
         <w xml:id="cac95-210630"
            n="a-0010"
            ecep:lem="thus"
            ecep:pos="av"
            ecep:reg="Thus"
            ecep:spe="Thus"
            ecep:syllab="1"
            ecep:pron="ðʌs">Thus</w>
         <c> </c>
         <w xml:id="cac95-210640"
            n="a-0020"
            ecep:lem="ever"
            ecep:pos="av"
            ecep:reg="ever"
            ecep:spe="ever"
            ecep:syllab="2"
            ecep:pron="ˈevə">ever</w>
         <c> </c>
         <w xml:id="cac95-210650"
            n="a-0030"
            ecep:lem="on"
            ecep:pos="p-acp"
            ecep:reg="on"
            ecep:spe="on"
            ecep:syllab="1"
            ecep:pron="ɒn">on</w>
         <c> </c>
         <w xml:id="cac95-210660"
            n="a-0040"
            ecep:lem="the"
            ecep:pos="dt"
            ecep:reg="the"
            ecep:spe="the"
            ecep:syllab="1"
            ecep:pron="ðiː">the</w>
         <c> </c>
         <w xml:id="cac95-210670"
            n="a-0050"
            ecep:lem="wing"
            ecep:pos="n1"
            ecep:reg="wing"
            ecep:spe="wing"
            ecep:syllab="1"
            ecep:pron="wɪŋ">wing</w>
         <pc xml:id="cac95-210680"
             n="a-0060"
             ecep:lem=","
             ecep:pos=","
             ecep:reg=","
             ecep:spe=",">,</pc>
      </l>
      <l xml:id="cac95-l11230">
         <c> </c>
         <w xml:id="cac95-210690"
            n="a-0070"
            ecep:lem="come"
            ecep:pos="vvb"
            ecep:reg="Come"
            ecep:spe="Come"
            ecep:syllab="1"
            ecep:pron="kʌm">Come</w>
         <pc xml:id="cac95-210700"
             n="a-0080"
             ecep:lem=","
             ecep:pos=","
             ecep:reg=","
             ecep:spe=",">,</pc>
         <c> </c>
         <w xml:id="cac95-210710"
            n="a-0090"
            ecep:lem="let"
            ecep:pos="vvb"
            ecep:reg="let"
            ecep:spe="let"
            ecep:syllab="1"
            ecep:pron="let">let</w>
         <c> </c>
         <w xml:id="cac95-210720"
            n="a-0100"
            ecep:lem="we"
            ecep:pos="pno12"
            ecep:reg="us"
            ecep:spe="us"
            ecep:syllab="1"
            ecep:pron="ʌs">us</w>
         <c> </c>
         <w xml:id="cac95-210730"
            n="a-0110"
            ecep:lem="dance"
            ecep:pos="vvi"
            ecep:reg="dance"
            ecep:spe="dance"
            ecep:syllab="1"
            ecep:pron="dɑːns">dance</w>
         <c> </c>
         <w xml:id="cac95-210740"
            n="a-0120"
            ecep:lem="and"
            ecep:pos="cc"
            ecep:reg="and"
            ecep:spe="and"
            ecep:syllab="1"
            ecep:pron="ænd">and</w>
         <c> </c>
         <w xml:id="cac95-210750"
            n="a-0130"
            ecep:lem="sing"
            ecep:pos="vvi"
            ecep:reg="sing"
            ecep:spe="sing"
            ecep:syllab="1"
            ecep:pron="sɪŋ">sing</w>
         <pc xml:id="cac95-210760"
             n="a-0140"
             ecep:lem=","
             ecep:pos=","
             ecep:reg=","
             ecep:spe=",">,</pc>
      </l>
      <l xml:id="cac95-l11235">
         <c> </c>
         <w xml:id="cac95-210770"
            n="a-0150"
            ecep:lem="trample"
            ecep:pos="vvg"
            ecep:reg="Trampling"
            ecep:spe="Trampling"
            ecep:syllab="2"
            ecep:pron="ˈtræmplɪŋ">Trampling</w>
         <c> </c>
         <w xml:id="cac95-210780"
            n="a-0160"
            ecep:lem="on"
            ecep:pos="p-acp"
            ecep:reg="on"
            ecep:spe="on"
            ecep:syllab="1"
            ecep:pron="ɒn">on</w>
         <c> </c>
         <w xml:id="cac95-210790"
            n="a-0170"
            ecep:lem="sorrow"
            ecep:pos="ng1"
            ecep:reg="sorrow's"
            ecep:spe="sorrow's"
            ecep:syllab="2"
            ecep:pron="ˈsɒrəʊz">sorrow's</w>
         <c> </c>
         <w xml:id="cac95-210800"
            n="a-0180"
            ecep:lem="sting"
            ecep:pos="n1"
            ecep:reg="sting"
            ecep:spe="sting"
            ecep:syllab="1"
            ecep:pron="stɪŋ">sting</w>
         <pc xml:id="cac95-210810"
             n="a-0190"
             ecep:lem=","
             ecep:pos=","
             ecep:reg=","
             ecep:spe=",">,</pc>
      </l>
      <l xml:id="cac95-l11240">
         <c> </c>
         <w xml:id="cac95-210820"
            n="a-0200"
            ecep:lem="laugh"
            ecep:pos="vvg"
            ecep:reg="Laughing"
            ecep:spe="Laughing"
            ecep:syllab="2"
            ecep:pron="lɑːfɪŋ">Laughing</w>
         <c> </c>
         <w xml:id="cac95-210830"
            n="a-0210"
            ecep:lem="at"
            ecep:pos="p-acp"
            ecep:reg="at"
            ecep:spe="at"
            ecep:syllab="1"
            ecep:pron="æt">at</w>
         <c> </c>
         <w xml:id="cac95-210840"
            n="a-0220"
            ecep:lem="each"
            ecep:pos="d"
            ecep:reg="each"
            ecep:spe="each"
            ecep:syllab="1"
            ecep:pron="iːtʃ">each</w>
         <c> </c>
         <w xml:id="cac95-210850"
            n="a-0230"
            ecep:lem="sigh"
            ecep:pos="n1"
            ecep:reg="sigh"
            ecep:spe="sigh"
            ecep:syllab="1"
            ecep:pron="saɪ">sigh</w>
         <pc xml:id="cac95-210860"
             n="a-0240"
             unit="sentence"
             ecep:lem="."
             ecep:pos="."
             ecep:reg="."
             ecep:spe=".">.</pc>
         <c> </c>
      </l>
      <pb n="142" rend="none"/>
   </lg>
</div>
