<?xml version="1.0" encoding="UTF-8"?>
<?xml-model href="../tei_all.rnc" type="application/relax-ng-compact-syntax"?>
<TEI xmlns="http://www.tei-c.org/ns/1.0">
   <teiHeader>
      <fileDesc>
         <titleStmt>
            <title corresp="#txt_Anon000043_w0009">An Inscription wrote on the Monument of a Young and Beautiful Lady.</title>
            <author corresp="authors.xml#aut_Anon000043">Anonymous</author>
            <respStmt>
               <name xml:id="AH">Alexander Huber</name>
               <resp>Editor</resp>
            </respStmt>
            <funder>
               <name type="institution" xml:id="BOD">Bodleian Libraries, University of Oxford</name>
               <address>
                  <addrLine>Broad Street</addrLine>
                  <addrLine>Oxford OX1 3BG</addrLine>
                  <addrLine>UK</addrLine>
               </address>
            </funder>
         </titleStmt>
         <publicationStmt>
            <publisher xml:id="ECPA">Eighteenth-Century Poetry Archive</publisher>
            <address>
               <addrLine>Taylor Institution Library</addrLine>
               <addrLine>St Giles'</addrLine>
               <addrLine>Oxford OX1 3NA</addrLine>
               <addrLine>UK</addrLine>
               <addrLine>
                  <email>info@eighteenthcenturypoetry.org</email>
               </addrLine>
               <addrLine>
                  <ref target="https://www.eighteenthcenturypoetry.org/">https://www.eighteenthcenturypoetry.org/</ref>
               </addrLine>
            </address>
            <pubPlace>Oxford</pubPlace>
            <availability status="restricted">
               <licence target="http://creativecommons.org/licenses/by-sa/3.0/">This work is licensed under a Creative Commons Attribution-ShareAlike 3.0 Unported License.</licence>
            </availability>
            <idno type="ESTC">T197405</idno>
         </publicationStmt>
         <sourceDesc>
            <bibl>
               <author>Young Lady, fl. 1790.</author>
               <title>Poems on Several Occasions.</title>
               <pubPlace>Dublin</pubPlace>
               <publisher>W. Porter</publisher>
               <date>1790</date>
               <biblScope>p. 14.</biblScope>
               <extent>14p.</extent>
            </bibl>
         </sourceDesc>
      </fileDesc>
      <encodingDesc>
         <projectDesc>
            <p>This e-text is part of the Works section of the Eighteenth-Century Poetry Archive (ECPA).</p>
            <p>XML created for the Eighteenth-Century Poetry Archive (ECPA).</p>
         </projectDesc>
         <editorialDecl>
            <p>Typography, spelling, capitalization, and punctuation have been cautiously modernized. The source of the text is given and all significant
						editorial interventions have been recorded in textual notes. This  text has been edited to conform to the recommendations found 
						in Level 5 of the
						Best Practices for TEI in Libraries version 4.0.0.
					</p>
         </editorialDecl>
         <classDecl>
            <taxonomy xml:id="LCNAF">
               <bibl>Library of Congress Name Authority File (<abbr>LCNAF</abbr>)</bibl>
            </taxonomy>
         </classDecl>
         <tagsDecl>
            <rendition n="linegroups indented" xml:id="lgindent" scheme="css">text-indent: 1em;</rendition>
            <rendition n="linegroups vertically spaced" xml:id="lgvspace" scheme="css">margin-bottom: 1em;</rendition>
            <rendition n="aligned centrally" xml:id="align-center" scheme="css">text-align: center;</rendition>
            <rendition n="aligned right" xml:id="align-right" scheme="css">text-align: right;</rendition>
            <rendition n="aligned left" xml:id="align-left" scheme="css">text-align: left;</rendition>
            <rendition n="inline" xml:id="inline" scheme="css">display: inline</rendition>
            <rendition n="italic" xml:id="i" scheme="css">font-style: italic;</rendition>
            <rendition n="bold" xml:id="b" scheme="css">font-weight: bold;</rendition>
         </tagsDecl>
      </encodingDesc>
   </teiHeader>
   <text>
      <body>
         <div xmlns:ecep="http://www.eighteenthcenturypoetry.org/ns"
              ana="#iamb #pentameter #sestet #inscription"
              corresp="#txt_Anon000043_w0009"
              decls="#semi-normalized"
              ecep:syllab="10"
              met="-+|-+|-+|-+|-+/"
              rendition="#lgvspace"
              rhyme="ababcc"
              subtype="eceptext"
              type="poem"
              xml:id="pyl90-w0090">
            <link target="authors.xml#aut_Anon000043" type="author"/>
            <head type="main">
               <w xmlns:ecep="http://www.eighteenthcenturypoetry.org/ns"
                  xml:id="pyl90-21440"
                  n="a-0010"
                  ecep:lem="a"
                  ecep:pos="dt"
                  ecep:reg="An"
                  ecep:spe="An"
                  ecep:syllab="1"
                  ecep:pron="æn">An</w>
               <c> </c>
               <w xmlns:ecep="http://www.eighteenthcenturypoetry.org/ns"
                  xml:id="pyl90-21450"
                  n="a-0020"
                  ecep:lem="inscription"
                  ecep:pos="n1"
                  ecep:reg="Inscription"
                  ecep:spe="Inscription"
                  ecep:syllab="3"
                  ecep:pron="ɪnˈskrɪpʃn">Inscription</w>
               <c> </c>
               <w xmlns:ecep="http://www.eighteenthcenturypoetry.org/ns"
                  xml:id="pyl90-21460"
                  n="a-0030"
                  ecep:lem="write"
                  ecep:pos="vvd"
                  ecep:reg="wrote"
                  ecep:spe="wrote"
                  ecep:syllab="1"
                  ecep:pron="rəʊt">wrote</w>
               <c> </c>
               <w xmlns:ecep="http://www.eighteenthcenturypoetry.org/ns"
                  xml:id="pyl90-21470"
                  n="a-0040"
                  ecep:lem="on"
                  ecep:pos="p-acp"
                  ecep:reg="on"
                  ecep:spe="on"
                  ecep:syllab="1"
                  ecep:pron="ɒn">on</w>
               <c> </c>
               <w xmlns:ecep="http://www.eighteenthcenturypoetry.org/ns"
                  xml:id="pyl90-21480"
                  n="a-0050"
                  ecep:lem="the"
                  ecep:pos="dt"
                  ecep:reg="the"
                  ecep:spe="the"
                  ecep:syllab="1"
                  ecep:pron="ðiː">the</w>
               <c> </c>
               <w xmlns:ecep="http://www.eighteenthcenturypoetry.org/ns"
                  xml:id="pyl90-21490"
                  n="a-0060"
                  ecep:lem="monument"
                  ecep:pos="n1"
                  ecep:reg="Monument"
                  ecep:spe="Monument"
                  ecep:syllab="3"
                  ecep:pron="ˈmɒnjəmənt">Monument</w>
               <c> </c>
               <w xmlns:ecep="http://www.eighteenthcenturypoetry.org/ns"
                  xml:id="pyl90-21500"
                  n="a-0070"
                  ecep:lem="of"
                  ecep:pos="pp-f"
                  ecep:reg="of"
                  ecep:spe="of"
                  ecep:syllab="1"
                  ecep:pron="ɒv">of</w>
               <c> </c>
               <w xmlns:ecep="http://www.eighteenthcenturypoetry.org/ns"
                  xml:id="pyl90-21510"
                  n="a-0080"
                  ecep:lem="a"
                  ecep:pos="dt"
                  ecep:reg="a"
                  ecep:spe="a"
                  ecep:syllab="1"
                  ecep:pron="ə">a</w>
               <c> </c>
               <w xmlns:ecep="http://www.eighteenthcenturypoetry.org/ns"
                  xml:id="pyl90-21520"
                  n="a-0090"
                  ecep:lem="young"
                  ecep:pos="j"
                  ecep:reg="Young"
                  ecep:spe="Young"
                  ecep:syllab="1"
                  ecep:pron="jʌŋ">Young</w>
               <c> </c>
               <w xmlns:ecep="http://www.eighteenthcenturypoetry.org/ns"
                  xml:id="pyl90-21530"
                  n="a-0100"
                  ecep:lem="and"
                  ecep:pos="cc"
                  ecep:reg="and"
                  ecep:spe="and"
                  ecep:syllab="1"
                  ecep:pron="ænd">and</w>
               <c> </c>
               <w xmlns:ecep="http://www.eighteenthcenturypoetry.org/ns"
                  xml:id="pyl90-21540"
                  n="a-0110"
                  ecep:lem="beautiful"
                  ecep:pos="j"
                  ecep:reg="Beautiful"
                  ecep:spe="Beautiful"
                  ecep:syllab="3"
                  ecep:pron="ˈbjuːtɪfl">Beautiful</w>
               <c> </c>
               <w xmlns:ecep="http://www.eighteenthcenturypoetry.org/ns"
                  xml:id="pyl90-21550"
                  n="a-0120"
                  ecep:lem="lady"
                  ecep:pos="n1"
                  ecep:reg="Lady"
                  ecep:spe="Lady"
                  ecep:syllab="2"
                  ecep:pron="ˈleɪdi">Lady</w>
               <pc xmlns:ecep="http://www.eighteenthcenturypoetry.org/ns"
                   xml:id="pyl90-21560"
                   n="a-0130"
                   unit="sentence"
                   ecep:lem="."
                   ecep:pos="."
                   ecep:reg="."
                   ecep:spe=".">.</pc>
            </head>
            <p rendition="#center" xml:id="pyl90-s00085">
               <w xmlns:ecep="http://www.eighteenthcenturypoetry.org/ns"
                  xml:id="pyl90-21590"
                  n="a-0140"
                  ecep:lem="this"
                  ecep:pos="d"
                  ecep:reg="This"
                  ecep:spe="This"
                  ecep:syllab="1"
                  ecep:pron="ðɪs">This</w>
               <c> </c>
               <w xmlns:ecep="http://www.eighteenthcenturypoetry.org/ns"
                  xml:id="pyl90-21600"
                  n="a-0150"
                  ecep:lem="marble"
                  ecep:pos="n1"
                  ecep:reg="Marble"
                  ecep:spe="Marble"
                  ecep:syllab="2"
                  ecep:pron="ˈmɑːbl">Marble</w>
               <lb/>
               <c> </c>
               <w xmlns:ecep="http://www.eighteenthcenturypoetry.org/ns"
                  xml:id="pyl90-21610"
                  n="a-0160"
                  ecep:lem="by"
                  ecep:pos="p-acp"
                  ecep:reg="By"
                  ecep:spe="By"
                  ecep:syllab="1"
                  ecep:pron="baɪ">By</w>
               <c> </c>
               <w xmlns:ecep="http://www.eighteenthcenturypoetry.org/ns"
                  xml:id="pyl90-21620"
                  n="a-0170"
                  ecep:lem="nature"
                  ecep:pos="n1"
                  ecep:reg="Nature"
                  ecep:spe="Nature"
                  ecep:syllab="2"
                  ecep:pron="ˈneɪtʃə">Nature</w>
               <c> </c>
               <w xmlns:ecep="http://www.eighteenthcenturypoetry.org/ns"
                  xml:id="pyl90-21630"
                  n="a-0180"
                  ecep:lem="form"
                  ecep:pos="vvn"
                  ecep:reg="formed"
                  ecep:spe="form'd"
                  ecep:syllab="1"
                  ecep:pron="fɔːmd">form'd</w>
               <c> </c>
               <w xmlns:ecep="http://www.eighteenthcenturypoetry.org/ns"
                  xml:id="pyl90-21640"
                  n="a-0190"
                  ecep:lem="in"
                  ecep:pos="p-acp"
                  ecep:reg="in"
                  ecep:spe="in"
                  ecep:syllab="1"
                  ecep:pron="ɪn">in</w>
               <c> </c>
               <w xmlns:ecep="http://www.eighteenthcenturypoetry.org/ns"
                  xml:id="pyl90-21650"
                  n="a-0200"
                  ecep:lem="a"
                  ecep:pos="dt"
                  ecep:reg="a"
                  ecep:spe="a"
                  ecep:syllab="1"
                  ecep:pron="ə">a</w>
               <c> </c>
               <w xmlns:ecep="http://www.eighteenthcenturypoetry.org/ns"
                  xml:id="pyl90-21660"
                  n="a-0210"
                  ecep:lem="state"
                  ecep:pos="n1"
                  ecep:reg="state"
                  ecep:spe="state"
                  ecep:syllab="1"
                  ecep:pron="steɪt">state</w>
               <c> </c>
               <w xmlns:ecep="http://www.eighteenthcenturypoetry.org/ns"
                  xml:id="pyl90-21670"
                  n="a-0220"
                  ecep:lem="of"
                  ecep:pos="pp-f"
                  ecep:reg="of"
                  ecep:spe="of"
                  ecep:syllab="1"
                  ecep:pron="ɒv">of</w>
               <c> </c>
               <w xmlns:ecep="http://www.eighteenthcenturypoetry.org/ns"
                  xml:id="pyl90-21680"
                  n="a-0230"
                  ecep:lem="mutability"
                  ecep:pos="n1"
                  ecep:reg="mutability"
                  ecep:spe="mutability"
                  ecep:syllab="5"
                  ecep:pron="ˌmjuːtəˈbɪləti">mutability</w>
               <pc xmlns:ecep="http://www.eighteenthcenturypoetry.org/ns"
                   xml:id="pyl90-21690"
                   n="a-0240"
                   ecep:lem=","
                   ecep:pos=","
                   ecep:reg=","
                   ecep:spe=",">,</pc>
               <lb/>
               <c> </c>
               <w xmlns:ecep="http://www.eighteenthcenturypoetry.org/ns"
                  xml:id="pyl90-21700"
                  n="a-0250"
                  ecep:lem="with"
                  ecep:pos="p-acp"
                  ecep:reg="With"
                  ecep:spe="With"
                  ecep:syllab="1"
                  ecep:pron="wɪð">With</w>
               <c> </c>
               <w xmlns:ecep="http://www.eighteenthcenturypoetry.org/ns"
                  xml:id="pyl90-21710"
                  n="a-0260"
                  ecep:lem="the"
                  ecep:pos="dt"
                  ecep:reg="the"
                  ecep:spe="the"
                  ecep:syllab="1"
                  ecep:pron="ðiː">the</w>
               <c> </c>
               <w xmlns:ecep="http://www.eighteenthcenturypoetry.org/ns"
                  xml:id="pyl90-21720"
                  n="a-0270"
                  ecep:lem="attention"
                  ecep:pos="n1"
                  ecep:reg="attention"
                  ecep:spe="attention"
                  ecep:syllab="3"
                  ecep:pron="əˈtenʃn">attention</w>
               <c> </c>
               <w xmlns:ecep="http://www.eighteenthcenturypoetry.org/ns"
                  xml:id="pyl90-21730"
                  n="a-0280"
                  ecep:lem="of"
                  ecep:pos="pp-f"
                  ecep:reg="of"
                  ecep:spe="of"
                  ecep:syllab="1"
                  ecep:pron="ɒv">of</w>
               <c> </c>
               <w xmlns:ecep="http://www.eighteenthcenturypoetry.org/ns"
                  xml:id="pyl90-21740"
                  n="a-0290"
                  ecep:lem="a"
                  ecep:pos="dt"
                  ecep:reg="a"
                  ecep:spe="a"
                  ecep:syllab="1"
                  ecep:pron="ə">a</w>
               <c> </c>
               <w xmlns:ecep="http://www.eighteenthcenturypoetry.org/ns"
                  xml:id="pyl90-21750"
                  n="a-0300"
                  ecep:lem="friend"
                  ecep:pos="n1"
                  ecep:reg="friend"
                  ecep:spe="friend"
                  ecep:syllab="1"
                  ecep:pron="frend">friend</w>
               <c> </c>
               <w xmlns:ecep="http://www.eighteenthcenturypoetry.org/ns"
                  xml:id="pyl90-21760"
                  n="a-0310"
                  ecep:lem="and"
                  ecep:pos="cc"
                  ecep:reg="and"
                  ecep:spe="and"
                  ecep:syllab="1"
                  ecep:pron="ænd">and</w>
               <c> </c>
               <w xmlns:ecep="http://www.eighteenthcenturypoetry.org/ns"
                  xml:id="pyl90-21770"
                  n="a-0320"
                  ecep:lem="art"
                  ecep:pos="n1"
                  ecep:reg="art"
                  ecep:spe="art"
                  ecep:syllab="1"
                  ecep:pron="ɑːt">art</w>
               <lb/>
               <c> </c>
               <w xmlns:ecep="http://www.eighteenthcenturypoetry.org/ns"
                  xml:id="pyl90-21780"
                  n="a-0330"
                  ecep:lem="unite"
                  ecep:pos="j-vvn"
                  ecep:reg="United"
                  ecep:spe="United"
                  ecep:syllab="3"
                  ecep:pron="juːˈnaɪtɪd">United</w>
               <pc xmlns:ecep="http://www.eighteenthcenturypoetry.org/ns"
                   xml:id="pyl90-21790"
                   n="a-0340"
                   ecep:lem=","
                   ecep:pos=","
                   ecep:reg=","
                   ecep:spe=",">,</pc>
               <lb/>
               <c> </c>
               <w xmlns:ecep="http://www.eighteenthcenturypoetry.org/ns"
                  xml:id="pyl90-21800"
                  n="a-0350"
                  ecep:lem="it"
                  ecep:pos="pn31"
                  ecep:reg="It"
                  ecep:spe="It"
                  ecep:syllab="1"
                  ecep:pron="ɪt">It</w>
               <c> </c>
               <w xmlns:ecep="http://www.eighteenthcenturypoetry.org/ns"
                  xml:id="pyl90-21810"
                  n="a-0360"
                  ecep:lem="thus"
                  ecep:pos="av"
                  ecep:reg="thus"
                  ecep:spe="thus"
                  ecep:syllab="1"
                  ecep:pron="ðʌs">thus</w>
               <c> </c>
               <w xmlns:ecep="http://www.eighteenthcenturypoetry.org/ns"
                  xml:id="pyl90-21820"
                  n="a-0370"
                  ecep:lem="faint"
                  ecep:pos="av-j"
                  ecep:reg="faintly"
                  ecep:spe="faintly"
                  ecep:syllab="2"
                  ecep:pron="feɪntli">faintly</w>
               <c> </c>
               <w xmlns:ecep="http://www.eighteenthcenturypoetry.org/ns"
                  xml:id="pyl90-21830"
                  n="a-0380"
                  ecep:lem="and"
                  ecep:pos="cc"
                  ecep:reg="and"
                  ecep:spe="and"
                  ecep:syllab="1"
                  ecep:pron="ænd">and</w>
               <c> </c>
               <w xmlns:ecep="http://www.eighteenthcenturypoetry.org/ns"
                  xml:id="pyl90-21840"
                  n="a-0390"
                  ecep:lem="imperfect"
                  ecep:pos="av-j"
                  ecep:reg="imperfectly"
                  ecep:spe="imperfectly"
                  ecep:syllab="4"
                  ecep:pron="ɪmˈpɜːfɪktli">imperfectly</w>
               <lb/>
               <c> </c>
               <w xmlns:ecep="http://www.eighteenthcenturypoetry.org/ns"
                  xml:id="pyl90-21850"
                  n="a-0400"
                  ecep:lem="inform"
                  ecep:pos="vvz"
                  ecep:reg="Informs"
                  ecep:spe="Informs"
                  ecep:syllab="2"
                  ecep:pron="ɪnˈfɔːmz">Informs</w>
               <lb/>
               <c> </c>
               <w xmlns:ecep="http://www.eighteenthcenturypoetry.org/ns"
                  xml:id="pyl90-21860"
                  n="a-0410"
                  ecep:lem="the"
                  ecep:pos="dt"
                  ecep:reg="The"
                  ecep:spe="The"
                  ecep:syllab="1"
                  ecep:pron="ðiː">The</w>
               <c> </c>
               <pc xmlns:ecep="http://www.eighteenthcenturypoetry.org/ns"
                   xml:id="pyl90-21870"
                   n="a-0420"
                   ecep:lem="("
                   ecep:pos="("
                   ecep:reg="("
                   ecep:spe="(">(</pc>
               <w xmlns:ecep="http://www.eighteenthcenturypoetry.org/ns"
                  xml:id="pyl90-21880"
                  n="a-0430"
                  ecep:lem="perhaps"
                  ecep:pos="av"
                  ecep:reg="perhaps"
                  ecep:spe="perhaps"
                  ecep:syllab="2"
                  ecep:pron="pəˈhæps">perhaps</w>
               <pc xmlns:ecep="http://www.eighteenthcenturypoetry.org/ns"
                   xml:id="pyl90-21890"
                   n="a-0440"
                   ecep:lem=")"
                   ecep:pos=")"
                   ecep:reg=")"
                   ecep:spe=")">)</pc>
               <c> </c>
               <w xmlns:ecep="http://www.eighteenthcenturypoetry.org/ns"
                  xml:id="pyl90-21900"
                  n="a-0450"
                  ecep:lem="unthinking"
                  ecep:pos="j"
                  ecep:reg="unthinking"
                  ecep:spe="unthinking"
                  ecep:syllab="3"
                  ecep:pron="ʌnˈθɪŋkɪŋ">unthinking</w>
               <c> </c>
               <w xmlns:ecep="http://www.eighteenthcenturypoetry.org/ns"
                  xml:id="pyl90-21910"
                  n="a-0460"
                  ecep:lem="passenger"
                  ecep:pos="n1"
                  ecep:reg="passenger"
                  ecep:spe="passenger"
                  ecep:syllab="3"
                  ecep:pron="ˈpæsndʒə">passenger</w>
               <lb/>
               <c> </c>
               <w xmlns:ecep="http://www.eighteenthcenturypoetry.org/ns"
                  xml:id="pyl90-21920"
                  n="a-0470"
                  ecep:lem="of"
                  ecep:pos="pp-f"
                  ecep:reg="Of"
                  ecep:spe="Of"
                  ecep:syllab="1"
                  ecep:pron="ɒv">Of</w>
               <c> </c>
               <w xmlns:ecep="http://www.eighteenthcenturypoetry.org/ns"
                  xml:id="pyl90-21930"
                  n="a-0480"
                  ecep:lem="the"
                  ecep:pos="dt"
                  ecep:reg="the"
                  ecep:spe="the"
                  ecep:syllab="1"
                  ecep:pron="ðiː">the</w>
               <c> </c>
               <w xmlns:ecep="http://www.eighteenthcenturypoetry.org/ns"
                  xml:id="pyl90-21940"
                  n="a-0490"
                  ecep:lem="early"
                  ecep:pos="j"
                  ecep:reg="early"
                  ecep:spe="early"
                  ecep:syllab="2"
                  ecep:pron="ˈɜːli">early</w>
               <c> </c>
               <w xmlns:ecep="http://www.eighteenthcenturypoetry.org/ns"
                  xml:id="pyl90-21950"
                  n="a-0500"
                  ecep:lem="decline"
                  ecep:pos="vvi"
                  ecep:reg="decline"
                  ecep:spe="decline"
                  ecep:syllab="2"
                  ecep:pron="dɪˈklaɪn">decline</w>
               <lb/>
               <c> </c>
               <w xmlns:ecep="http://www.eighteenthcenturypoetry.org/ns"
                  xml:id="pyl90-21960"
                  n="a-0510"
                  ecep:lem="of"
                  ecep:pos="pp-f"
                  ecep:reg="Of"
                  ecep:spe="Of"
                  ecep:syllab="1"
                  ecep:pron="ɒv">Of</w>
               <c> </c>
               <w xmlns:ecep="http://www.eighteenthcenturypoetry.org/ns"
                  xml:id="pyl90-21970"
                  n="a-0520"
                  ecep:lem="one"
                  ecep:pos="crd"
                  ecep:reg="one"
                  ecep:spe="one"
                  ecep:syllab="1"
                  ecep:pron="wʌn">one</w>
               <c> </c>
               <w xmlns:ecep="http://www.eighteenthcenturypoetry.org/ns"
                  xml:id="pyl90-21980"
                  n="a-0530"
                  ecep:lem="of"
                  ecep:pos="pp-f"
                  ecep:reg="of"
                  ecep:spe="of"
                  ecep:syllab="1"
                  ecep:pron="ɒv">of</w>
               <c> </c>
               <w xmlns:ecep="http://www.eighteenthcenturypoetry.org/ns"
                  xml:id="pyl90-21990"
                  n="a-0540"
                  ecep:lem="the"
                  ecep:pos="dt"
                  ecep:reg="the"
                  ecep:spe="the"
                  ecep:syllab="1"
                  ecep:pron="ðiː">the</w>
               <c> </c>
               <w xmlns:ecep="http://www.eighteenthcenturypoetry.org/ns"
                  xml:id="pyl90-22000"
                  n="a-0550"
                  ecep:lem="fair"
                  ecep:pos="js"
                  ecep:reg="fairest"
                  ecep:spe="fairest"
                  ecep:syllab="2"
                  ecep:pron="feəɪst">fairest</w>
               <c> </c>
               <w xmlns:ecep="http://www.eighteenthcenturypoetry.org/ns"
                  xml:id="pyl90-22010"
                  n="a-0560"
                  ecep:lem="flower"
                  ecep:pos="n2"
                  ecep:reg="flowers"
                  ecep:spe="flowers"
                  ecep:syllab="1"
                  ecep:pron="flæəz">flowers</w>
               <c> </c>
               <w xmlns:ecep="http://www.eighteenthcenturypoetry.org/ns"
                  xml:id="pyl90-22020"
                  n="a-0570"
                  ecep:lem="that"
                  ecep:pos="cst"
                  ecep:reg="that"
                  ecep:spe="that"
                  ecep:syllab="1"
                  ecep:pron="ðæt">that</w>
               <c> </c>
               <w xmlns:ecep="http://www.eighteenthcenturypoetry.org/ns"
                  xml:id="pyl90-22030"
                  n="a-0580"
                  ecep:lem="ever"
                  ecep:pos="av"
                  ecep:reg="ever"
                  ecep:spe="ever"
                  ecep:syllab="2"
                  ecep:pron="ˈevə">ever</w>
               <c> </c>
               <w xmlns:ecep="http://www.eighteenthcenturypoetry.org/ns"
                  xml:id="pyl90-22040"
                  n="a-0590"
                  ecep:lem="grace"
                  ecep:pos="vvd"
                  ecep:reg="graced"
                  ecep:spe="graced"
                  ecep:syllab="1"
                  ecep:pron="greɪst">graced</w>
               <lb/>
               <c> </c>
               <w xmlns:ecep="http://www.eighteenthcenturypoetry.org/ns"
                  xml:id="pyl90-22050"
                  n="a-0600"
                  ecep:lem="the"
                  ecep:pos="dt"
                  ecep:reg="The"
                  ecep:spe="The"
                  ecep:syllab="1"
                  ecep:pron="ðiː">The</w>
               <c> </c>
               <w xmlns:ecep="http://www.eighteenthcenturypoetry.org/ns"
                  xml:id="pyl90-22060"
                  n="a-0610"
                  ecep:lem="garden"
                  ecep:pos="n1"
                  ecep:reg="Garden"
                  ecep:spe="Garden"
                  ecep:syllab="2"
                  ecep:pron="ˈgɑːdn">Garden</w>
               <c> </c>
               <w xmlns:ecep="http://www.eighteenthcenturypoetry.org/ns"
                  xml:id="pyl90-22070"
                  n="a-0620"
                  ecep:lem="of"
                  ecep:pos="pp-f"
                  ecep:reg="of"
                  ecep:spe="of"
                  ecep:syllab="1"
                  ecep:pron="ɒv">of</w>
               <c> </c>
               <w xmlns:ecep="http://www.eighteenthcenturypoetry.org/ns"
                  xml:id="pyl90-22080"
                  n="a-0630"
                  ecep:lem="nature"
                  ecep:pos="n1"
                  ecep:reg="Nature"
                  ecep:spe="Nature"
                  ecep:syllab="2"
                  ecep:pron="ˈneɪtʃə">Nature</w>
               <pc xmlns:ecep="http://www.eighteenthcenturypoetry.org/ns"
                   xml:id="pyl90-22090"
                   n="a-0640"
                   unit="sentence"
                   ecep:lem="."
                   ecep:pos="."
                   ecep:reg="."
                   ecep:spe=".">.</pc>
            </p>
            <lg xml:id="pyl90-s00090">
               <l xml:id="pyl90-l01085">
                  <w xmlns:ecep="http://www.eighteenthcenturypoetry.org/ns"
                     xml:id="pyl90-22120"
                     n="a-0650"
                     ecep:lem="in"
                     ecep:pos="p-acp"
                     ecep:reg="IN"
                     ecep:spe="IN"
                     ecep:syllab="1"
                     ecep:pron="ɪn">IN</w>
                  <c> </c>
                  <w xmlns:ecep="http://www.eighteenthcenturypoetry.org/ns"
                     xml:id="pyl90-22130"
                     n="a-0660"
                     ecep:lem="death"
                     ecep:pos="ng1"
                     ecep:reg="Death's"
                     ecep:spe="Death's"
                     ecep:syllab="1"
                     ecep:pron="ˈdeθs">Death's</w>
                  <c> </c>
                  <w xmlns:ecep="http://www.eighteenthcenturypoetry.org/ns"
                     xml:id="pyl90-22140"
                     n="a-0670"
                     ecep:lem="great"
                     ecep:pos="j"
                     ecep:reg="great"
                     ecep:spe="great"
                     ecep:syllab="1"
                     ecep:pron="greɪt">great</w>
                  <c> </c>
                  <w xmlns:ecep="http://www.eighteenthcenturypoetry.org/ns"
                     xml:id="pyl90-22150"
                     n="a-0680"
                     ecep:lem="library"
                     ecep:pos="n1"
                     ecep:reg="library"
                     ecep:spe="library"
                     ecep:syllab="3"
                     ecep:pron="ˈlaɪbrri">library</w>
                  <c> </c>
                  <hi>
                     <w xmlns:ecep="http://www.eighteenthcenturypoetry.org/ns"
                        xml:id="pyl90-22160"
                        n="a-0690"
                        ecep:lem="here"
                        ecep:pos="av"
                        ecep:reg="here"
                        ecep:spe="here"
                        ecep:syllab="1"
                        ecep:pron="hɪə">here</w>
                  </hi>
                  <c> </c>
                  <w xmlns:ecep="http://www.eighteenthcenturypoetry.org/ns"
                     xml:id="pyl90-22170"
                     n="a-0700"
                     ecep:lem="lay"
                     ecep:pos="vvn"
                     ecep:reg="laid"
                     ecep:spe="laid"
                     ecep:syllab="1"
                     ecep:pron="leɪd">laid</w>
                  <c> </c>
                  <w xmlns:ecep="http://www.eighteenthcenturypoetry.org/ns"
                     xml:id="pyl90-22180"
                     n="a-0710"
                     ecep:lem="aside"
                     ecep:pos="av"
                     ecep:reg="aside"
                     ecep:spe="aside"
                     ecep:syllab="2"
                     ecep:pron="əˈsaɪd">aside</w>
               </l>
               <l xml:id="pyl90-l01090">
                  <c> </c>
                  <w xmlns:ecep="http://www.eighteenthcenturypoetry.org/ns"
                     xml:id="pyl90-22190"
                     n="a-0720"
                     ecep:lem="this"
                     ecep:pos="d"
                     ecep:reg="This"
                     ecep:spe="This"
                     ecep:syllab="1"
                     ecep:pron="ðɪs">This</w>
                  <c> </c>
                  <hi>
                     <w xmlns:ecep="http://www.eighteenthcenturypoetry.org/ns"
                        xml:id="pyl90-22200"
                        n="a-0730"
                        ecep:lem="volume"
                        ecep:pos="n1"
                        ecep:reg="volume"
                        ecep:spe="volume"
                        ecep:syllab="2"
                        ecep:pron="ˈvɒljuːm">volume</w>
                  </hi>
                  <c> </c>
                  <w xmlns:ecep="http://www.eighteenthcenturypoetry.org/ns"
                     xml:id="pyl90-22210"
                     n="a-0740"
                     ecep:lem="lie"
                     ecep:pos="vvz"
                     ecep:reg="lies"
                     ecep:spe="lies"
                     ecep:syllab="1"
                     ecep:pron="laɪz">lies</w>
                  <c> </c>
                  <w xmlns:ecep="http://www.eighteenthcenturypoetry.org/ns"
                     xml:id="pyl90-22220"
                     n="a-0750"
                     ecep:lem="neglect"
                     ecep:pos="vvn"
                     ecep:reg="neglected"
                     ecep:spe="neglected"
                     ecep:syllab="3"
                     ecep:pron="nɪˈglektɪd">neglected</w>
                  <c> </c>
                  <w xmlns:ecep="http://www.eighteenthcenturypoetry.org/ns"
                     xml:id="pyl90-22230"
                     n="a-0760"
                     ecep:lem="and"
                     ecep:pos="cc"
                     ecep:reg="and"
                     ecep:spe="and"
                     ecep:syllab="1"
                     ecep:pron="ænd">and</w>
                  <c> </c>
                  <w xmlns:ecep="http://www.eighteenthcenturypoetry.org/ns"
                     xml:id="pyl90-22240"
                     n="a-0770"
                     ecep:lem="despise"
                     ecep:pos="vvn"
                     ecep:reg="despised"
                     ecep:spe="despis'd"
                     ecep:syllab="2"
                     ecep:pron="dɪˈspaɪzd">despis'd</w>
                  <pc xmlns:ecep="http://www.eighteenthcenturypoetry.org/ns"
                      xml:id="pyl90-22250"
                      n="a-0780"
                      ecep:lem=","
                      ecep:pos=","
                      ecep:reg=","
                      ecep:spe=",">,</pc>
               </l>
               <l xml:id="pyl90-l01095">
                  <c> </c>
                  <w xmlns:ecep="http://www.eighteenthcenturypoetry.org/ns"
                     xml:id="pyl90-22260"
                     n="a-0790"
                     ecep:lem="yet"
                     ecep:pos="av"
                     ecep:reg="Yet"
                     ecep:spe="Yet"
                     ecep:syllab="1"
                     ecep:pron="jet">Yet</w>
                  <c> </c>
                  <w xmlns:ecep="http://www.eighteenthcenturypoetry.org/ns"
                     xml:id="pyl90-22270"
                     n="a-0800"
                     ecep:lem="rest"
                     ecep:pos="vvz"
                     ecep:reg="rests"
                     ecep:spe="rests"
                     ecep:syllab="1"
                     ecep:pron="rests">rests</w>
                  <c> </c>
                  <w xmlns:ecep="http://www.eighteenthcenturypoetry.org/ns"
                     xml:id="pyl90-22280"
                     n="a-0810"
                     ecep:lem="in"
                     ecep:pos="p-acp"
                     ecep:reg="in"
                     ecep:spe="in"
                     ecep:syllab="1"
                     ecep:pron="ɪn">in</w>
                  <c> </c>
                  <w xmlns:ecep="http://www.eighteenthcenturypoetry.org/ns"
                     xml:id="pyl90-22290"
                     n="a-0820"
                     ecep:lem="hope"
                     ecep:pos="n1"
                     ecep:reg="hope"
                     ecep:spe="hope"
                     ecep:syllab="1"
                     ecep:pron="həʊp">hope</w>
                  <pc xmlns:ecep="http://www.eighteenthcenturypoetry.org/ns"
                      xml:id="pyl90-22300"
                      n="a-0830"
                      ecep:lem=","
                      ecep:pos=","
                      ecep:reg=","
                      ecep:spe=",">,</pc>
                  <c> </c>
                  <w xmlns:ecep="http://www.eighteenthcenturypoetry.org/ns"
                     xml:id="pyl90-22310"
                     n="a-0840"
                     ecep:lem="by"
                     ecep:pos="p-acp"
                     ecep:reg="by"
                     ecep:spe="by"
                     ecep:syllab="1"
                     ecep:pron="baɪ">by</w>
                  <c> </c>
                  <w xmlns:ecep="http://www.eighteenthcenturypoetry.org/ns"
                     xml:id="pyl90-22320"
                     n="a-0850"
                     ecep:lem="heavenly"
                     ecep:pos="j"
                     ecep:reg="heavenly"
                     ecep:spe="heav'nly"
                     ecep:syllab="2"
                     ecep:pron="ˈhevnli">heav'nly</w>
                  <c> </c>
                  <w xmlns:ecep="http://www.eighteenthcenturypoetry.org/ns"
                     xml:id="pyl90-22330"
                     n="a-0860"
                     ecep:lem="art"
                     ecep:pos="n1"
                     ecep:reg="art"
                     ecep:spe="art"
                     ecep:syllab="1"
                     ecep:pron="ɑːt">art</w>
                  <c> </c>
                  <w xmlns:ecep="http://www.eighteenthcenturypoetry.org/ns"
                     xml:id="pyl90-22340"
                     n="a-0870"
                     ecep:lem="apply"
                     ecep:pos="vvd"
                     ecep:reg="applied"
                     ecep:spe="apply'd"
                     ecep:syllab="2"
                     ecep:pron="əˈplaɪd">apply'd</w>
                  <pc xmlns:ecep="http://www.eighteenthcenturypoetry.org/ns"
                      xml:id="pyl90-22350"
                      n="a-0880"
                      ecep:lem=","
                      ecep:pos=","
                      ecep:reg=","
                      ecep:spe=",">,</pc>
               </l>
               <l xml:id="pyl90-l01100">
                  <c> </c>
                  <w xmlns:ecep="http://www.eighteenthcenturypoetry.org/ns"
                     xml:id="pyl90-22360"
                     n="a-0890"
                     ecep:lem="to"
                     ecep:pos="p-acp"
                     ecep:reg="To"
                     ecep:spe="To"
                     ecep:syllab="1"
                     ecep:pron="tuː">To</w>
                  <c> </c>
                  <w xmlns:ecep="http://www.eighteenthcenturypoetry.org/ns"
                     xml:id="pyl90-22370"
                     n="a-0900"
                     ecep:lem="reappear"
                     ecep:pos="j"
                     ecep:reg="reappear"
                     ecep:spe="re-appear"
                     ecep:syllab="3"
                     ecep:pron="riːˌəˈpɪə">re-appear</w>
                  <pc xmlns:ecep="http://www.eighteenthcenturypoetry.org/ns"
                      xml:id="pyl90-22380"
                      n="a-0910"
                      ecep:lem=","
                      ecep:pos=","
                      ecep:reg=","
                      ecep:spe=",">,</pc>
                  <c> </c>
                  <hi>
                     <w xmlns:ecep="http://www.eighteenthcenturypoetry.org/ns"
                        xml:id="pyl90-22390"
                        n="a-0920"
                        ecep:lem="correct"
                        ecep:pos="vvn"
                        ecep:reg="corrected"
                        ecep:spe="corrected"
                        ecep:syllab="3"
                        ecep:pron="kəˈrektɪd">corrected</w>
                  </hi>
                  <c> </c>
                  <w xmlns:ecep="http://www.eighteenthcenturypoetry.org/ns"
                     xml:id="pyl90-22400"
                     n="a-0930"
                     ecep:lem="and"
                     ecep:pos="cc"
                     ecep:reg="and"
                     ecep:spe="and"
                     ecep:syllab="1"
                     ecep:pron="ænd">and</w>
                  <c> </c>
                  <w xmlns:ecep="http://www.eighteenthcenturypoetry.org/ns"
                     xml:id="pyl90-22410"
                     n="a-0940"
                     ecep:lem="revise"
                     ecep:pos="vvn"
                     ecep:reg="revised"
                     ecep:spe="revis'd"
                     ecep:syllab="2"
                     ecep:pron="rɪˈvaɪzd">revis'd</w>
                  <pc xmlns:ecep="http://www.eighteenthcenturypoetry.org/ns"
                      xml:id="pyl90-22420"
                      n="a-0950"
                      ecep:lem=","
                      ecep:pos=","
                      ecep:reg=","
                      ecep:spe=",">,</pc>
               </l>
               <l xml:id="pyl90-l01105">
                  <c> </c>
                  <w xmlns:ecep="http://www.eighteenthcenturypoetry.org/ns"
                     xml:id="pyl90-22430"
                     n="a-0960"
                     ecep:lem="improve"
                     ecep:pos="vvn"
                     ecep:reg="Improved"
                     ecep:spe="Improv'd"
                     ecep:syllab="2"
                     ecep:pron="ɪmˈpruːvd">Improv'd</w>
                  <c> </c>
                  <w xmlns:ecep="http://www.eighteenthcenturypoetry.org/ns"
                     xml:id="pyl90-22440"
                     n="a-0970"
                     ecep:lem="by"
                     ecep:pos="p-acp"
                     ecep:reg="by"
                     ecep:spe="by"
                     ecep:syllab="1"
                     ecep:pron="baɪ">by</w>
                  <c> </c>
                  <w xmlns:ecep="http://www.eighteenthcenturypoetry.org/ns"
                     xml:id="pyl90-22450"
                     n="a-0980"
                     ecep:lem="its"
                     ecep:pos="po31"
                     ecep:reg="its"
                     ecep:spe="its"
                     ecep:syllab="1"
                     ecep:pron="ɪts">its</w>
                  <c> </c>
                  <w xmlns:ecep="http://www.eighteenthcenturypoetry.org/ns"
                     xml:id="pyl90-22460"
                     n="a-0990"
                     ecep:lem="first"
                     ecep:pos="ord"
                     ecep:reg="first"
                     ecep:spe="first"
                     ecep:syllab="1"
                     ecep:pron="ˈfɜːst">first</w>
                  <c> </c>
                  <w xmlns:ecep="http://www.eighteenthcenturypoetry.org/ns"
                     xml:id="pyl90-22470"
                     n="a-1000"
                     ecep:lem="author"
                     ecep:pos="ng1"
                     ecep:reg="Author's"
                     ecep:spe="Author's"
                     ecep:syllab="2"
                     ecep:pron="ˈɔːθəz">Author's</w>
                  <c> </c>
                  <w xmlns:ecep="http://www.eighteenthcenturypoetry.org/ns"
                     xml:id="pyl90-22480"
                     n="a-1010"
                     ecep:lem="perfect"
                     ecep:pos="j"
                     ecep:reg="perfect"
                     ecep:spe="perfect"
                     ecep:syllab="2"
                     ecep:pron="ˈpɜːfɪkt">perfect</w>
                  <c> </c>
                  <w xmlns:ecep="http://www.eighteenthcenturypoetry.org/ns"
                     xml:id="pyl90-22490"
                     n="a-1020"
                     ecep:lem="hand"
                     ecep:pos="n1"
                     ecep:reg="hand"
                     ecep:spe="hand"
                     ecep:syllab="1"
                     ecep:pron="hænd">hand</w>
                  <pc xmlns:ecep="http://www.eighteenthcenturypoetry.org/ns"
                      xml:id="pyl90-22500"
                      n="a-1030"
                      ecep:lem=","
                      ecep:pos=","
                      ecep:reg=","
                      ecep:spe=",">,</pc>
               </l>
               <l xml:id="pyl90-l01110">
                  <c> </c>
                  <w xmlns:ecep="http://www.eighteenthcenturypoetry.org/ns"
                     xml:id="pyl90-22510"
                     n="a-1040"
                     ecep:lem="in"
                     ecep:pos="p-acp"
                     ecep:reg="In"
                     ecep:spe="In"
                     ecep:syllab="1"
                     ecep:pron="ɪn">In</w>
                  <c> </c>
                  <w xmlns:ecep="http://www.eighteenthcenturypoetry.org/ns"
                     xml:id="pyl90-22520"
                     n="a-1050"
                     ecep:lem="heaven"
                     ecep:pos="ng1"
                     ecep:reg="Heaven's"
                     ecep:spe="Heav'n's"
                     ecep:syllab="1"
                     ecep:pron="ˈhevnz">Heav'n's</w>
                  <c> </c>
                  <w xmlns:ecep="http://www.eighteenthcenturypoetry.org/ns"
                     xml:id="pyl90-22530"
                     n="a-1060"
                     ecep:lem="fair"
                     ecep:pos="j"
                     ecep:reg="fair"
                     ecep:spe="fair"
                     ecep:syllab="1"
                     ecep:pron="feə">fair</w>
                  <c> </c>
                  <w xmlns:ecep="http://www.eighteenthcenturypoetry.org/ns"
                     xml:id="pyl90-22540"
                     n="a-1070"
                     ecep:lem="catalogue"
                     ecep:pos="n1"
                     ecep:reg="catalogue"
                     ecep:spe="catalogue"
                     ecep:syllab="3"
                     ecep:pron="ˈkætlɒg">catalogue</w>
                  <c> </c>
                  <w xmlns:ecep="http://www.eighteenthcenturypoetry.org/ns"
                     xml:id="pyl90-22550"
                     n="a-1080"
                     ecep:lem="it"
                     ecep:pos="pn31"
                     ecep:reg="it"
                     ecep:spe="it"
                     ecep:syllab="1"
                     ecep:pron="ɪt">it</w>
                  <c> </c>
                  <w xmlns:ecep="http://www.eighteenthcenturypoetry.org/ns"
                     xml:id="pyl90-22560"
                     n="a-1090"
                     ecep:lem="firm"
                     ecep:pos="n1"
                     ecep:reg="firm"
                     ecep:spe="firm"
                     ecep:syllab="1"
                     ecep:pron="fɜːm">firm</w>
                  <c> </c>
                  <w xmlns:ecep="http://www.eighteenthcenturypoetry.org/ns"
                     xml:id="pyl90-22570"
                     n="a-1100"
                     ecep:lem="shall"
                     ecep:pos="vmb"
                     ecep:reg="shall"
                     ecep:spe="shall"
                     ecep:syllab="1"
                     ecep:pron="ʃæl">shall</w>
                  <c> </c>
                  <w xmlns:ecep="http://www.eighteenthcenturypoetry.org/ns"
                     xml:id="pyl90-22580"
                     n="a-1110"
                     ecep:lem="stand"
                     ecep:pos="vvi"
                     ecep:reg="stand"
                     ecep:spe="stand"
                     ecep:syllab="1"
                     ecep:pron="stænd">stand</w>
                  <pc xmlns:ecep="http://www.eighteenthcenturypoetry.org/ns"
                      xml:id="pyl90-22590"
                      n="a-1120"
                      ecep:lem=","
                      ecep:pos=","
                      ecep:reg=","
                      ecep:spe=",">,</pc>
               </l>
            </lg>
         </div>
      </body>
   </text>
</TEI>
