<?xml version="1.0" encoding="utf-8"?>
<!DOCTYPE div
  SYSTEM "about:legacy-compat">
<div xmlns:tei="http://www.tei-c.org/ns/1.0"
     xmlns="http://www.tei-c.org/ns/1.0"
     xmlns:ecep="http://www.eighteenthcenturypoetry.org/ns"
     ana="#anapaest #tetrameter #catalexis #couplet #comic #pair"
     corresp="#txt_TaylWi1673_w0006"
     ecep:syllab="12"
     met="--+|--+|--+|--+/"
     rendition="#lgindent"
     rhyme="aa"
     subtype="eceptext"
     type="poem"
     xml:id="o5156-w1030"
     decls="#semi-normalized">
   <link target="authors.xml#aut_TaylWi1673" type="author"/>
   <link target="27764" type="DMI"/>
   <head type="main">
      <w xml:id="o5156-623310"
         n="295-a-1300"
         ecep:lem="hull"
         ecep:pos="n1"
         ecep:reg="HULL"
         ecep:spe="HULL"
         ecep:syllab="1"
         ecep:pron="hʌl">HULL</w>
      <c> </c>
      <w xml:id="o5156-623320"
         n="295-a-1310"
         ecep:lem="ale"
         ecep:pos="n1"
         ecep:reg="ALE"
         ecep:spe="ALE"
         ecep:syllab="1"
         ecep:pron="eɪl">ALE</w>
      <pc xml:id="o5156-623330"
          n="295-a-1320"
          unit="sentence"
          ecep:lem="."
          ecep:pos="."
          ecep:reg="."
          ecep:spe=".">.</pc>
   </head>
   <byline>
      <w xml:id="o5156-623360"
         n="295-a-1330"
         ecep:lem="by"
         ecep:pos="p-acp"
         ecep:reg="By"
         ecep:spe="By"
         ecep:syllab="1"
         ecep:pron="baɪ">By</w>
      <c> </c>
      <w xml:id="o5156-623370"
         n="295-a-1340"
         ecep:lem="the"
         ecep:pos="dt"
         ecep:reg="the"
         ecep:spe="the"
         ecep:syllab="1"
         ecep:pron="ðiː">the</w>
      <c> </c>
      <w xml:id="o5156-623380"
         n="295-a-1350"
         ecep:lem="same"
         ecep:pos="d"
         ecep:reg="Same"
         ecep:spe="Same"
         ecep:syllab="1"
         ecep:pron="seɪm">Same</w>
      <pc xml:id="o5156-623390"
          n="295-a-1360"
          unit="sentence"
          ecep:lem="."
          ecep:pos="."
          ecep:reg="."
          ecep:spe=".">.</pc>
   </byline>
   <lg xml:id="o5156-s04130">
      <l xml:id="o5156-l34820">
         <w xml:id="o5156-623420"
            n="295-a-1370"
            ecep:lem="long"
            ecep:pos="j"
            ecep:reg="LONG"
            ecep:spe="LONG"
            ecep:syllab="1"
            ecep:pron="lɒŋ">LONG</w>
         <c> </c>
         <w xml:id="o5156-623430"
            n="295-a-1380"
            ecep:lem="time"
            ecep:pos="n1"
            ecep:reg="time"
            ecep:spe="time"
            ecep:syllab="1"
            ecep:pron="taɪm">time</w>
         <c> </c>
         <w xml:id="o5156-623440"
            n="295-a-1390"
            ecep:lem="do"
            ecep:pos="vdd"
            ecep:reg="did"
            ecep:spe="did"
            ecep:syllab="1"
            ecep:pron="dɪd">did</w>
         <c> </c>
         <w xml:id="o5156-623450"
            n="295-a-1400"
            ecep:lem="a"
            ecep:pos="dt"
            ecep:reg="a"
            ecep:spe="a"
            ecep:syllab="1"
            ecep:pron="ə">a</w>
         <c> </c>
         <w xml:id="o5156-623460"
            n="295-a-1410"
            ecep:lem="silly"
            ecep:pos="j"
            ecep:reg="silly"
            ecep:spe="silly"
            ecep:syllab="2"
            ecep:pron="ˈsɪli">silly</w>
         <c> </c>
         <w xml:id="o5156-623470"
            n="295-a-1420"
            ecep:lem="old"
            ecep:pos="j"
            ecep:reg="old"
            ecep:spe="old"
            ecep:syllab="1"
            ecep:pron="əʊld">old</w>
         <c> </c>
         <w xml:id="o5156-623480"
            n="295-a-1430"
            ecep:lem="proverb"
            ecep:pos="n1"
            ecep:reg="proverb"
            ecep:spe="proverb"
            ecep:syllab="2"
            ecep:pron="ˈprɒvɜːb">proverb</w>
         <c> </c>
         <w xml:id="o5156-623490"
            n="295-a-1440"
            ecep:lem="prevail"
            ecep:pos="vvi"
            ecep:reg="prevail"
            ecep:spe="prevail"
            ecep:syllab="2"
            ecep:pron="prɪˈveɪl">prevail</w>
         <pc xml:id="o5156-623500"
             n="295-a-1450"
             ecep:lem=","
             ecep:pos=","
             ecep:reg=","
             ecep:spe=",">,</pc>
      </l>
      <l xml:id="o5156-l34825">
         <w xml:id="o5156-623510"
            n="295-a-1460"
            ecep:lem="that"
            ecep:pos="cst"
            ecep:reg="That"
            ecep:spe="That"
            ecep:syllab="1"
            ecep:pron="ðæt">That</w>
         <c> </c>
         <w xml:id="o5156-623520"
            n="295-a-1470"
            ecep:lem="meat"
            ecep:pos="n1"
            ecep:reg="meat"
            ecep:spe="meat"
            ecep:syllab="1"
            ecep:pron="miːt">meat</w>
         <pc xml:id="o5156-623530"
             n="295-a-1480"
             ecep:lem=","
             ecep:pos=","
             ecep:reg=","
             ecep:spe=",">,</pc>
         <c> </c>
         <w xml:id="o5156-623540"
            n="295-a-1490"
            ecep:lem="drink"
            ecep:pos="vvb"
            ecep:reg="drink"
            ecep:spe="drink"
            ecep:syllab="1"
            ecep:pron="drɪŋk">drink</w>
         <pc xml:id="o5156-623550"
             n="295-a-1500"
             ecep:lem=","
             ecep:pos=","
             ecep:reg=","
             ecep:spe=",">,</pc>
         <c> </c>
         <w xml:id="o5156-623560"
            n="295-a-1510"
            ecep:lem="and"
            ecep:pos="cc"
            ecep:reg="and"
            ecep:spe="and"
            ecep:syllab="1"
            ecep:pron="ænd">and</w>
         <c> </c>
         <w xml:id="o5156-623570"
            n="295-a-1520"
            ecep:lem="cloth"
            ecep:pos="n1"
            ecep:reg="cloth"
            ecep:spe="cloth"
            ecep:syllab="1"
            ecep:pron="klɒθ">cloth</w>
         <c> </c>
         <w xml:id="o5156-623580"
            n="295-a-1530"
            ecep:lem="be"
            ecep:pos="vbdr"
            ecep:reg="were"
            ecep:spe="were"
            ecep:syllab="1"
            ecep:pron="wɜː">were</w>
         <c> </c>
         <w xml:id="o5156-623590"
            n="295-a-1540"
            ecep:lem="all"
            ecep:pos="d"
            ecep:reg="all"
            ecep:spe="all"
            ecep:syllab="1"
            ecep:pron="ɔːl">all</w>
         <c> </c>
         <w xml:id="o5156-623600"
            n="295-a-1550"
            ecep:lem="find"
            ecep:pos="vvn"
            ecep:reg="found"
            ecep:spe="found"
            ecep:syllab="1"
            ecep:pron="faʊnd">found</w>
         <c> </c>
         <w xml:id="o5156-623610"
            n="295-a-1560"
            ecep:lem="in"
            ecep:pos="p-acp"
            ecep:reg="in"
            ecep:spe="in"
            ecep:syllab="1"
            ecep:pron="ɪn">in</w>
         <c> </c>
         <w xml:id="o5156-623620"
            n="295-a-1570"
            ecep:lem="good"
            ecep:pos="j"
            ecep:reg="good"
            ecep:spe="good"
            ecep:syllab="1"
            ecep:pron="gʊd">good</w>
         <c> </c>
         <w xml:id="o5156-623630"
            n="295-a-1580"
            ecep:lem="ale"
            ecep:pos="n1"
            ecep:reg="ale"
            ecep:spe="ale"
            ecep:syllab="1"
            ecep:pron="eɪl">ale</w>
         <pc xml:id="o5156-623640"
             n="295-a-1590"
             ecep:lem=";"
             ecep:pos=";"
             ecep:reg=";"
             ecep:spe=";">;</pc>
      </l>
      <l xml:id="o5156-l34830">
         <w xml:id="o5156-623650"
            n="295-a-1600"
            ecep:lem="until"
            ecep:pos="c-acp"
            ecep:reg="Till"
            ecep:spe="'Till"
            ecep:syllab="1"
            ecep:pron="tˈɪl">'Till</w>
         <c> </c>
         <w xml:id="o5156-623660"
            n="295-a-1610"
            ecep:lem="a"
            ecep:pos="dt"
            ecep:reg="a"
            ecep:spe="a"
            ecep:syllab="1"
            ecep:pron="ə">a</w>
         <c> </c>
         <w xml:id="o5156-623670"
            n="295-a-1620"
            ecep:lem="lover"
            ecep:pos="n1"
            ecep:reg="lover"
            ecep:spe="lover"
            ecep:syllab="2"
            ecep:pron="ˈlʌvə">lover</w>
         <c> </c>
         <w xml:id="o5156-623680"
            n="295-a-1630"
            ecep:lem="of"
            ecep:pos="pp-f"
            ecep:reg="of"
            ecep:spe="of"
            ecep:syllab="1"
            ecep:pron="ɒv">of</w>
         <c> </c>
         <w xml:id="o5156-623690"
            n="295-a-1640"
            ecep:lem="truth"
            ecep:pos="n1"
            ecep:reg="truth"
            ecep:spe="truth"
            ecep:syllab="1"
            ecep:pron="truːθ">truth</w>
         <c> </c>
         <w xml:id="o5156-623700"
            n="295-a-1650"
            ecep:lem="go"
            ecep:pos="vvd"
            ecep:reg="went"
            ecep:spe="went"
            ecep:syllab="1"
            ecep:pron="went">went</w>
         <c> </c>
         <w xml:id="o5156-623710"
            n="295-a-1660"
            ecep:lem="on"
            ecep:pos="p-acp"
            ecep:reg="on"
            ecep:spe="on"
            ecep:syllab="1"
            ecep:pron="ɒn">on</w>
         <c> </c>
         <w xml:id="o5156-623720"
            n="295-a-1670"
            ecep:lem="purpose"
            ecep:pos="n1"
            ecep:reg="purpose"
            ecep:spe="purpose"
            ecep:syllab="2"
            ecep:pron="ˈpɜːpəs">purpose</w>
         <c> </c>
         <w xml:id="o5156-623730"
            n="295-a-1680"
            ecep:lem="to"
            ecep:pos="p-acp"
            ecep:reg="to"
            ecep:spe="to"
            ecep:syllab="1"
            ecep:pron="tuː">to</w>
         <c> </c>
         <w xml:id="o5156-623740"
            n="295-a-1690"
            ecep:lem="hull"
            ecep:pos="n1"
            ecep:reg="Hull"
            ecep:spe="Hull"
            ecep:syllab="1"
            ecep:pron="hʌl">Hull</w>
         <pc xml:id="o5156-623750"
             n="295-a-1700"
             ecep:lem=","
             ecep:pos=","
             ecep:reg=","
             ecep:spe=",">,</pc>
      </l>
      <l xml:id="o5156-l34835">
         <w xml:id="o5156-623760"
            n="295-a-1710"
            ecep:lem="and"
            ecep:pos="cc"
            ecep:reg="And"
            ecep:spe="And"
            ecep:syllab="1"
            ecep:pron="ænd">And</w>
         <c> </c>
         <w xml:id="o5156-623770"
            n="295-a-1720"
            ecep:lem="to"
            ecep:pos="pc-acp"
            ecep:reg="to"
            ecep:spe="to"
            ecep:syllab="1"
            ecep:pron="tuː">to</w>
         <c> </c>
         <w xml:id="o5156-623780"
            n="295-a-1730"
            ecep:lem="try"
            ecep:pos="vvi"
            ecep:reg="try"
            ecep:spe="try"
            ecep:syllab="1"
            ecep:pron="traɪ">try</w>
         <c> </c>
         <w xml:id="o5156-623790"
            n="295-a-1740"
            ecep:lem="the"
            ecep:pos="dt"
            ecep:reg="the"
            ecep:spe="the"
            ecep:syllab="1"
            ecep:pron="ðiː">the</w>
         <c> </c>
         <w xml:id="o5156-623800"
            n="295-a-1750"
            ecep:lem="experiment"
            ecep:pos="n1"
            ecep:reg="experiment"
            ecep:spe="experiment"
            ecep:syllab="4"
            ecep:pron="ɪkˈsperɪmənt">experiment</w>
         <c> </c>
         <w xml:id="o5156-623810"
            n="295-a-1760"
            ecep:lem="drink"
            ecep:pos="vvd"
            ecep:reg="drank"
            ecep:spe="drank"
            ecep:syllab="1"
            ecep:pron="dræŋk">drank</w>
         <c> </c>
         <w xml:id="o5156-623820"
            n="295-a-1770"
            ecep:lem="his"
            ecep:pos="po31"
            ecep:reg="his"
            ecep:spe="his"
            ecep:syllab="1"
            ecep:pron="hɪz">his</w>
         <c> </c>
         <w xml:id="o5156-623830"
            n="295-a-1780"
            ecep:lem="skin"
            ecep:pos="n1"
            ecep:reg="skin"
            ecep:spe="skin"
            ecep:syllab="1"
            ecep:pron="skɪn">skin</w>
         <c> </c>
         <w xml:id="o5156-623840"
            n="295-a-1790"
            ecep:lem="full"
            ecep:pos="j"
            ecep:reg="full"
            ecep:spe="full"
            ecep:syllab="1"
            ecep:pron="fʊl">full</w>
         <pc xml:id="o5156-623850"
             n="295-a-1800"
             unit="sentence"
             ecep:lem="."
             ecep:pos="."
             ecep:reg="."
             ecep:spe=".">.</pc>
      </l>
      <l xml:id="o5156-l34840">
         <w xml:id="o5156-623860"
            n="295-a-1810"
            ecep:lem="he"
            ecep:pos="pns31"
            ecep:reg="He"
            ecep:spe="He"
            ecep:syllab="1"
            ecep:pron="hiː">He</w>
         <c> </c>
         <w xml:id="o5156-623870"
            n="295-a-1820"
            ecep:lem="begin"
            ecep:pos="vvd"
            ecep:reg="began"
            ecep:spe="began"
            ecep:syllab="2"
            ecep:pron="bɪˈgæn">began</w>
         <c> </c>
         <w xml:id="o5156-623880"
            n="295-a-1830"
            ecep:lem="to"
            ecep:pos="pc-acp"
            ecep:reg="to"
            ecep:spe="to"
            ecep:syllab="1"
            ecep:pron="tuː">to</w>
         <c> </c>
         <w xml:id="o5156-623890"
            n="295-a-1840"
            ecep:lem="see"
            ecep:pos="vvi"
            ecep:reg="see"
            ecep:spe="see"
            ecep:syllab="1"
            ecep:pron="siː">see</w>
         <c> </c>
         <w xml:id="o5156-623900"
            n="295-a-1850"
            ecep:lem="vision"
            ecep:pos="n2"
            ecep:reg="visions"
            ecep:spe="visions"
            ecep:syllab="2"
            ecep:pron="ˈvɪʒnz">visions</w>
         <pc xml:id="o5156-623910"
             n="295-a-1860"
             ecep:lem=","
             ecep:pos=","
             ecep:reg=","
             ecep:spe=",">,</pc>
         <c> </c>
         <w xml:id="o5156-623920"
            n="295-a-1870"
            ecep:lem="his"
            ecep:pos="po31"
            ecep:reg="his"
            ecep:spe="his"
            ecep:syllab="1"
            ecep:pron="hɪz">his</w>
         <c> </c>
         <w xml:id="o5156-623930"
            n="295-a-1880"
            ecep:lem="head"
            ecep:pos="n1"
            ecep:reg="head"
            ecep:spe="head"
            ecep:syllab="1"
            ecep:pron="hed">head</w>
         <c> </c>
         <w xml:id="o5156-623940"
            n="295-a-1890"
            ecep:lem="it"
            ecep:pos="pn31"
            ecep:reg="it"
            ecep:spe="it"
            ecep:syllab="1"
            ecep:pron="ɪt">it</w>
         <c> </c>
         <w xml:id="o5156-623950"
            n="295-a-1900"
            ecep:lem="turn"
            ecep:pos="vvd"
            ecep:reg="turned"
            ecep:spe="turn'd"
            ecep:syllab="1"
            ecep:pron="tɜːnd">turn'd</w>
         <c> </c>
         <w xml:id="o5156-623960"
            n="295-a-1910"
            ecep:lem="round"
            ecep:pos="av-j"
            ecep:reg="round"
            ecep:spe="round"
            ecep:syllab="1"
            ecep:pron="raʊnd">round</w>
         <pc xml:id="o5156-623970"
             n="295-a-1920"
             ecep:lem=","
             ecep:pos=","
             ecep:reg=","
             ecep:spe=",">,</pc>
      </l>
      <l xml:id="o5156-l34845">
         <w xml:id="o5156-623980"
            n="295-a-1930"
            ecep:lem="until"
            ecep:pos="c-acp"
            ecep:reg="Till"
            ecep:spe="'Till"
            ecep:syllab="1"
            ecep:pron="tˈɪl">'Till</w>
         <c> </c>
         <w xml:id="o5156-623990"
            n="295-a-1940"
            ecep:lem="off"
            ecep:pos="a-acp"
            ecep:reg="off"
            ecep:spe="off"
            ecep:syllab="1"
            ecep:pron="ɒf">off</w>
         <c> </c>
         <w xml:id="o5156-624000"
            n="295-a-1950"
            ecep:lem="from"
            ecep:pos="p-acp"
            ecep:reg="from"
            ecep:spe="from"
            ecep:syllab="1"
            ecep:pron="frɒm">from</w>
         <c> </c>
         <w xml:id="o5156-624010"
            n="295-a-1960"
            ecep:lem="his"
            ecep:pos="po31"
            ecep:reg="his"
            ecep:spe="his"
            ecep:syllab="1"
            ecep:pron="hɪz">his</w>
         <c> </c>
         <w xml:id="o5156-624020"
            n="295-a-1970"
            ecep:lem="keffal"
            ecep:pos="n1"
            ecep:reg="keffal"
            ecep:spe="keffal"
            ecep:syllab="2"
            ecep:pron="kˈefəl">keffal</w>
         <c> </c>
         <w xml:id="o5156-624030"
            n="295-a-1980"
            ecep:lem="he"
            ecep:pos="pns31"
            ecep:reg="he"
            ecep:spe="he"
            ecep:syllab="1"
            ecep:pron="hiː">he</w>
         <c> </c>
         <w xml:id="o5156-624040"
            n="295-a-1990"
            ecep:lem="fall"
            ecep:pos="vvd"
            ecep:reg="fell"
            ecep:spe="fell"
            ecep:syllab="1"
            ecep:pron="fel">fell</w>
         <c> </c>
         <w xml:id="o5156-624050"
            n="295-a-2000"
            ecep:lem="on"
            ecep:pos="p-acp"
            ecep:reg="on"
            ecep:spe="on"
            ecep:syllab="1"
            ecep:pron="ɒn">on</w>
         <c> </c>
         <w xml:id="o5156-624060"
            n="295-a-2010"
            ecep:lem="the"
            ecep:pos="dt"
            ecep:reg="the"
            ecep:spe="the"
            ecep:syllab="1"
            ecep:pron="ðiː">the</w>
         <c> </c>
         <w xml:id="o5156-624070"
            n="295-a-2020"
            ecep:lem="ground"
            ecep:pos="n1"
            ecep:reg="ground"
            ecep:spe="ground"
            ecep:syllab="1"
            ecep:pron="graʊnd">ground</w>
         <pc xml:id="o5156-624080"
             n="295-a-2030"
             ecep:lem=":"
             ecep:pos=":"
             ecep:reg=":"
             ecep:spe=":">:</pc>
      </l>
      <l xml:id="o5156-l34850">
         <w xml:id="o5156-624090"
            n="295-a-2040"
            ecep:lem="there"
            ecep:pos="a-acp"
            ecep:reg="There"
            ecep:spe="There"
            ecep:syllab="1"
            ecep:pron="ðeə">There</w>
         <c> </c>
         <w xml:id="o5156-624100"
            n="295-a-2050"
            ecep:lem="in"
            ecep:pos="p-acp"
            ecep:reg="in"
            ecep:spe="in"
            ecep:syllab="1"
            ecep:pron="ɪn">in</w>
         <c> </c>
         <w xml:id="o5156-624110"
            n="295-a-2060"
            ecep:lem="trance"
            ecep:pos="n2"
            ecep:reg="trances"
            ecep:spe="trances"
            ecep:syllab="2"
            ecep:pron="trɑːnsɪz">trances</w>
         <c> </c>
         <w xml:id="o5156-624120"
            n="295-a-2070"
            ecep:lem="profound"
            ecep:pos="j"
            ecep:reg="profound"
            ecep:spe="profound"
            ecep:syllab="2"
            ecep:pron="prəˈfaʊnd">profound</w>
         <c> </c>
         <w xml:id="o5156-624130"
            n="295-a-2080"
            ecep:lem="our"
            ecep:pos="po12"
            ecep:reg="our"
            ecep:spe="our"
            ecep:syllab="1"
            ecep:pron="æə">our</w>
         <c> </c>
         <w xml:id="o5156-624140"
            n="295-a-2090"
            ecep:lem="philosopher"
            ecep:pos="n1"
            ecep:reg="philosopher"
            ecep:spe="philosopher"
            ecep:syllab="4"
            ecep:pron="fɪˈlɒsəfə">philosopher</w>
         <c> </c>
         <w xml:id="o5156-624150"
            n="295-a-2100"
            ecep:lem="mellow"
            ecep:pos="j"
            ecep:reg="mellow"
            ecep:spe="mellow"
            ecep:syllab="2"
            ecep:pron="ˈmeləʊ">mellow</w>
      </l>
      <l xml:id="o5156-l34855">
         <w xml:id="o5156-624160"
            n="295-a-2110"
            ecep:lem="lay"
            ecep:pos="vvb"
            ecep:reg="Lay"
            ecep:spe="Lay"
            ecep:syllab="1"
            ecep:pron="leɪ">Lay</w>
         <c> </c>
         <w xml:id="o5156-624170"
            n="295-a-2120"
            ecep:lem="all"
            ecep:pos="d"
            ecep:reg="all"
            ecep:spe="all"
            ecep:syllab="1"
            ecep:pron="ɔːl">all</w>
         <c> </c>
         <w xml:id="o5156-624180"
            n="295-a-2130"
            ecep:lem="night"
            ecep:pos="n1"
            ecep:reg="night"
            ecep:spe="night"
            ecep:syllab="1"
            ecep:pron="naɪt">night</w>
         <c> </c>
         <w xml:id="o5156-624190"
            n="295-a-2140"
            ecep:lem="in"
            ecep:pos="p-acp"
            ecep:reg="in"
            ecep:spe="in"
            ecep:syllab="1"
            ecep:pron="ɪn">in</w>
         <c> </c>
         <w xml:id="o5156-624200"
            n="295-a-2150"
            ecep:lem="the"
            ecep:pos="dt"
            ecep:reg="the"
            ecep:spe="the"
            ecep:syllab="1"
            ecep:pron="ðiː">the</w>
         <c> </c>
         <w xml:id="o5156-624210"
            n="295-a-2160"
            ecep:lem="snow"
            ecep:pos="n1"
            ecep:reg="snow"
            ecep:spe="snow"
            ecep:syllab="1"
            ecep:pron="snəʊ">snow</w>
         <c> </c>
         <w xml:id="o5156-624220"
            n="295-a-2170"
            ecep:lem="consult"
            ecep:pos="vvg"
            ecep:reg="consulting"
            ecep:spe="consulting"
            ecep:syllab="3"
            ecep:pron="kənˈsʌltɪŋ">consulting</w>
         <c> </c>
         <w xml:id="o5156-624230"
            n="295-a-2180"
            ecep:lem="his"
            ecep:pos="po31"
            ecep:reg="his"
            ecep:spe="his"
            ecep:syllab="1"
            ecep:pron="hɪz">his</w>
         <c> </c>
         <w xml:id="o5156-624240"
            n="295-a-2190"
            ecep:lem="pillow"
            ecep:pos="n1"
            ecep:reg="pillow"
            ecep:spe="pillow"
            ecep:syllab="2"
            ecep:pron="ˈpɪləʊ">pillow</w>
         <pc xml:id="o5156-624250"
             n="295-a-2200"
             unit="sentence"
             ecep:lem="."
             ecep:pos="."
             ecep:reg="."
             ecep:spe=".">.</pc>
      </l>
      <pb facs="o5156/0299_L" n="294" rend="none"/>
      <l xml:id="o5156-l34860">
         <w xml:id="o5156-624260"
            n="296-a-0010"
            ecep:lem="oracular"
            ecep:pos="j"
            ecep:reg="Oracular"
            ecep:spe="Oracular"
            ecep:syllab="4"
            ecep:pron="ɒrˈækjələ">Oracular</w>
         <c> </c>
         <w xml:id="o5156-624270"
            n="296-a-0020"
            ecep:lem="vapour"
            ecep:pos="n2"
            ecep:reg="vapours"
            ecep:spe="vapours"
            ecep:syllab="2"
            ecep:pron="ˈveɪpəz">vapours</w>
         <c> </c>
         <w xml:id="o5156-624280"
            n="296-a-0030"
            ecep:lem="give"
            ecep:pos="vvb"
            ecep:reg="give"
            ecep:spe="give"
            ecep:syllab="1"
            ecep:pron="gɪv">give</w>
         <c> </c>
         <w xml:id="o5156-624290"
            n="296-a-0040"
            ecep:lem="prophecy"
            ecep:pos="n1"
            ecep:reg="prophecy"
            ecep:spe="prophecy"
            ecep:syllab="3"
            ecep:pron="ˈprɒfəsi">prophecy</w>
         <c> </c>
         <w xml:id="o5156-624300"
            n="296-a-0050"
            ecep:lem="birth"
            ecep:pos="n1"
            ecep:reg="birth"
            ecep:spe="birth"
            ecep:syllab="1"
            ecep:pron="bɜːθ">birth</w>
         <pc xml:id="o5156-624310"
             n="296-a-0060"
             ecep:lem=","
             ecep:pos=","
             ecep:reg=","
             ecep:spe=",">,</pc>
      </l>
      <l xml:id="o5156-l34865">
         <w xml:id="o5156-624320"
            n="296-a-0070"
            ecep:lem="as"
            ecep:pos="c-acp"
            ecep:reg="As"
            ecep:spe="As"
            ecep:syllab="1"
            ecep:pron="æz">As</w>
         <c> </c>
         <w xml:id="o5156-624330"
            n="296-a-0080"
            ecep:lem="Plutarch"
            ecep:pos="np1"
            ecep:reg="Plutarch"
            ecep:spe="Plutarch"
            ecep:syllab="2"
            ecep:pron="ˈpluːtɑːk">Plutarch</w>
         <c> </c>
         <w xml:id="o5156-624340"
            n="296-a-0090"
            ecep:lem="report"
            ecep:pos="vvz"
            ecep:reg="reports"
            ecep:spe="reports"
            ecep:syllab="2"
            ecep:pron="rɪˈpɔːts">reports</w>
         <pc xml:id="o5156-624350"
             n="296-a-0100"
             ecep:lem=","
             ecep:pos=","
             ecep:reg=","
             ecep:spe=",">,</pc>
         <c> </c>
         <w xml:id="o5156-624360"
            n="296-a-0110"
            ecep:lem="spring"
            ecep:pos="vvg"
            ecep:reg="springing"
            ecep:spe="springing"
            ecep:syllab="2"
            ecep:pron="sprɪŋɪŋ">springing</w>
         <c> </c>
         <w xml:id="o5156-624370"
            n="296-a-0120"
            ecep:lem="out"
            ecep:pos="av"
            ecep:reg="out"
            ecep:spe="out"
            ecep:syllab="1"
            ecep:pron="aʊt">out</w>
         <c> </c>
         <w xml:id="o5156-624380"
            n="296-a-0130"
            ecep:lem="of"
            ecep:pos="pp-f"
            ecep:reg="of"
            ecep:spe="of"
            ecep:syllab="1"
            ecep:pron="ɒv">of</w>
         <c> </c>
         <w xml:id="o5156-624390"
            n="296-a-0140"
            ecep:lem="the"
            ecep:pos="dt"
            ecep:reg="the"
            ecep:spe="the"
            ecep:syllab="1"
            ecep:pron="ðiː">the</w>
         <c> </c>
         <w xml:id="o5156-624400"
            n="296-a-0150"
            ecep:lem="earth"
            ecep:pos="n1"
            ecep:reg="earth"
            ecep:spe="earth"
            ecep:syllab="1"
            ecep:pron="ɜːθ">earth</w>
         <pc xml:id="o5156-624410"
             n="296-a-0160"
             unit="sentence"
             ecep:lem="."
             ecep:pos="."
             ecep:reg="."
             ecep:spe=".">.</pc>
      </l>
      <l xml:id="o5156-l34870">
         <w xml:id="o5156-624420"
            n="296-a-0170"
            ecep:lem="whether"
            ecep:pos="cs"
            ecep:reg="Whether"
            ecep:spe="Whether"
            ecep:syllab="2"
            ecep:pron="ˈweðə">Whether</w>
         <c> </c>
         <w xml:id="o5156-624430"
            n="296-a-0180"
            ecep:lem="this"
            ecep:pos="d"
            ecep:reg="this"
            ecep:spe="this"
            ecep:syllab="1"
            ecep:pron="ðɪs">this</w>
         <c> </c>
         <w xml:id="o5156-624440"
            n="296-a-0190"
            ecep:lem="be"
            ecep:pos="vbds"
            ecep:reg="was"
            ecep:spe="was"
            ecep:syllab="1"
            ecep:pron="wɒz">was</w>
         <c> </c>
         <w xml:id="o5156-624450"
            n="296-a-0200"
            ecep:lem="the"
            ecep:pos="dt"
            ecep:reg="the"
            ecep:spe="the"
            ecep:syllab="1"
            ecep:pron="ðiː">the</w>
         <c> </c>
         <w xml:id="o5156-624460"
            n="296-a-0210"
            ecep:lem="cause"
            ecep:pos="n1"
            ecep:reg="cause"
            ecep:spe="cause"
            ecep:syllab="1"
            ecep:pron="kɔːz">cause</w>
         <pc xml:id="o5156-624470"
             n="296-a-0220"
             ecep:lem=","
             ecep:pos=","
             ecep:reg=","
             ecep:spe=",">,</pc>
         <c> </c>
         <w xml:id="o5156-624480"
            n="296-a-0230"
            ecep:lem="or"
            ecep:pos="cc"
            ecep:reg="or"
            ecep:spe="or"
            ecep:syllab="1"
            ecep:pron="ɔː">or</w>
         <c> </c>
         <w xml:id="o5156-624490"
            n="296-a-0240"
            ecep:lem="however"
            ecep:pos="a-acp"
            ecep:reg="however"
            ecep:spe="however"
            ecep:syllab="3"
            ecep:pron="haʊˈevə">however</w>
         <c> </c>
         <w xml:id="o5156-624500"
            n="296-a-0250"
            ecep:lem="inspire"
            ecep:pos="vvd"
            ecep:reg="inspired"
            ecep:spe="inspir'd"
            ecep:syllab="2"
            ecep:pron="ɪnˈspæəd">inspir'd</w>
         <pc xml:id="o5156-624510"
             n="296-a-0260"
             ecep:lem=","
             ecep:pos=","
             ecep:reg=","
             ecep:spe=",">,</pc>
      </l>
      <l xml:id="o5156-l34875">
         <w xml:id="o5156-624520"
            n="296-a-0270"
            ecep:lem="our"
            ecep:pos="po12"
            ecep:reg="Our"
            ecep:spe="Our"
            ecep:syllab="1"
            ecep:pron="æə">Our</w>
         <c> </c>
         <w xml:id="o5156-624530"
            n="296-a-0280"
            ecep:lem="sage"
            ecep:pos="j-jn"
            ecep:reg="sage"
            ecep:spe="sage"
            ecep:syllab="1"
            ecep:pron="seɪdʒ">sage</w>
         <c> </c>
         <w xml:id="o5156-624540"
            n="296-a-0290"
            ecep:lem="give"
            ecep:pos="vvd"
            ecep:reg="gave"
            ecep:spe="gave"
            ecep:syllab="1"
            ecep:pron="geɪv">gave</w>
         <c> </c>
         <w xml:id="o5156-624550"
            n="296-a-0300"
            ecep:lem="a"
            ecep:pos="dt"
            ecep:reg="a"
            ecep:spe="a"
            ecep:syllab="1"
            ecep:pron="ə">a</w>
         <c> </c>
         <w xml:id="o5156-624560"
            n="296-a-0310"
            ecep:lem="sentence"
            ecep:pos="n1"
            ecep:reg="sentence"
            ecep:spe="sentence"
            ecep:syllab="2"
            ecep:pron="ˈsentəns">sentence</w>
         <c> </c>
         <w xml:id="o5156-624570"
            n="296-a-0320"
            ecep:lem="will"
            ecep:pos="vmb"
            ecep:reg="will"
            ecep:spe="will"
            ecep:syllab="1"
            ecep:pron="wɪl">will</w>
         <c> </c>
         <w xml:id="o5156-624580"
            n="296-a-0330"
            ecep:lem="be"
            ecep:pos="vbi"
            ecep:reg="be"
            ecep:spe="be"
            ecep:syllab="1"
            ecep:pron="biː">be</w>
         <c> </c>
         <w xml:id="o5156-624590"
            n="296-a-0340"
            ecep:lem="ever"
            ecep:pos="av"
            ecep:reg="ever"
            ecep:spe="ever"
            ecep:syllab="2"
            ecep:pron="ˈevə">ever</w>
         <c> </c>
         <w xml:id="o5156-624600"
            n="296-a-0350"
            ecep:lem="admire"
            ecep:pos="vvn"
            ecep:reg="admired"
            ecep:spe="admir'd"
            ecep:syllab="2"
            ecep:pron="ədˈmæəd">admir'd</w>
         <pc xml:id="o5156-624610"
             n="296-a-0360"
             unit="sentence"
             ecep:lem="."
             ecep:pos="."
             ecep:reg="."
             ecep:spe=".">.</pc>
      </l>
      <l xml:id="o5156-l34880">
         <w xml:id="o5156-624620"
            n="296-a-0370"
            ecep:lem="it|be"
            ecep:pos="pn31|vbds"
            ecep:reg="'Twas"
            ecep:spe="'Twas"
            ecep:syllab="1"
            ecep:pron="twɒz">'Twas</w>
         <c> </c>
         <w xml:id="o5156-624630"
            n="296-a-0380"
            ecep:lem="this"
            ecep:pos="d"
            ecep:reg="this"
            ecep:spe="this"
            ecep:syllab="1"
            ecep:pron="ðɪs">this</w>
         <c> </c>
         <pc xml:id="o5156-624640"
             n="296-a-0390"
             ecep:lem="—"
             ecep:pos="—"
             ecep:reg="—"
             ecep:spe="—">—</pc>
         <c> </c>
         <w xml:id="o5156-624650"
            n="296-a-0400"
            ecep:lem="i"
            ecep:pos="pns11"
            ecep:reg="I"
            ecep:spe="I"
            ecep:syllab="1"
            ecep:pron="aɪ">I</w>
         <c> </c>
         <w xml:id="o5156-624660"
            n="296-a-0410"
            ecep:lem="pronounce"
            ecep:pos="vvb"
            ecep:reg="pronounce"
            ecep:spe="pronounce"
            ecep:syllab="2"
            ecep:pron="prəˈnaʊns">pronounce</w>
         <c> </c>
         <w xml:id="o5156-624670"
            n="296-a-0420"
            ecep:lem="that"
            ecep:pos="d"
            ecep:reg="that"
            ecep:spe="that"
            ecep:syllab="1"
            ecep:pron="ðæt">that</w>
         <c> </c>
         <w xml:id="o5156-624680"
            n="296-a-0430"
            ecep:lem="good"
            ecep:pos="j"
            ecep:reg="good"
            ecep:spe="good"
            ecep:syllab="1"
            ecep:pron="gʊd">good</w>
         <c> </c>
         <w xml:id="o5156-624690"
            n="296-a-0440"
            ecep:lem="ale"
            ecep:pos="n1"
            ecep:reg="ale"
            ecep:spe="ale"
            ecep:syllab="1"
            ecep:pron="eɪl">ale</w>
         <c> </c>
         <w xml:id="o5156-624700"
            n="296-a-0450"
            ecep:lem="be"
            ecep:pos="vbz"
            ecep:reg="is"
            ecep:spe="is"
            ecep:syllab="1"
            ecep:pron="ɪz">is</w>
         <c> </c>
         <w xml:id="o5156-624710"
            n="296-a-0460"
            ecep:lem="good"
            ecep:pos="j"
            ecep:reg="good"
            ecep:spe="good"
            ecep:syllab="1"
            ecep:pron="gʊd">good</w>
         <c> </c>
         <hi>
            <w xml:id="o5156-624720"
               n="296-a-0470"
               ecep:lem="meat"
               ecep:pos="n1"
               ecep:reg="meat"
               ecep:spe="meat"
               ecep:syllab="1"
               ecep:pron="miːt">meat</w>
            <pc xml:id="o5156-624730"
                n="296-a-0480"
                ecep:lem=","
                ecep:pos=","
                ecep:reg=","
                ecep:spe=",">,</pc>
         </hi>
      </l>
      <l xml:id="o5156-l34885">
         <w xml:id="o5156-624740"
            n="296-a-0490"
            ecep:lem="for"
            ecep:pos="c-acp"
            ecep:reg="For"
            ecep:spe="For"
            ecep:syllab="1"
            ecep:pron="fɔː">For</w>
         <c> </c>
         <w xml:id="o5156-624750"
            n="296-a-0500"
            ecep:lem="i"
            ecep:pos="pns11"
            ecep:reg="I"
            ecep:spe="I"
            ecep:syllab="1"
            ecep:pron="aɪ">I</w>
         <c> </c>
         <w xml:id="o5156-624760"
            n="296-a-0510"
            ecep:lem="find"
            ecep:pos="vvb"
            ecep:reg="find"
            ecep:spe="find"
            ecep:syllab="1"
            ecep:pron="faɪnd">find</w>
         <pc xml:id="o5156-624770"
             n="296-a-0520"
             ecep:lem=","
             ecep:pos=","
             ecep:reg=","
             ecep:spe=",">,</pc>
         <c> </c>
         <w xml:id="o5156-624780"
            n="296-a-0530"
            ecep:lem="i"
            ecep:pos="pns11"
            ecep:reg="I"
            ecep:spe="I"
            ecep:syllab="1"
            ecep:pron="aɪ">I</w>
         <c> </c>
         <w xml:id="o5156-624790"
            n="296-a-0540"
            ecep:lem="have"
            ecep:pos="vhb"
            ecep:reg="have"
            ecep:spe="have"
            ecep:syllab="1"
            ecep:pron="hæv">have</w>
         <c> </c>
         <w xml:id="o5156-624800"
            n="296-a-0550"
            ecep:lem="no"
            ecep:pos="dx"
            ecep:reg="no"
            ecep:spe="no"
            ecep:syllab="1"
            ecep:pron="nəʊ">no</w>
         <c> </c>
         <w xml:id="o5156-624810"
            n="296-a-0560"
            ecep:lem="inclination"
            ecep:pos="n1"
            ecep:reg="inclination"
            ecep:spe="inclination"
            ecep:syllab="4"
            ecep:pron="ˌɪnklɪˈneɪʃn">inclination</w>
         <c> </c>
         <w xml:id="o5156-624820"
            n="296-a-0570"
            ecep:lem="to"
            ecep:pos="pc-acp"
            ecep:reg="to"
            ecep:spe="to"
            ecep:syllab="1"
            ecep:pron="tuː">to</w>
         <c> </c>
         <w xml:id="o5156-624830"
            n="296-a-0580"
            ecep:lem="eat"
            ecep:pos="vvi"
            ecep:reg="eat"
            ecep:spe="eat"
            ecep:syllab="1"
            ecep:pron="iːt">eat</w>
         <pc xml:id="o5156-624840"
             n="296-a-0590"
             ecep:lem=":"
             ecep:pos=":"
             ecep:reg=":"
             ecep:spe=":">:</pc>
      </l>
      <l xml:id="o5156-l34890">
         <w xml:id="o5156-624850"
            n="296-a-0600"
            ecep:lem="that"
            ecep:pos="cst"
            ecep:reg="That"
            ecep:spe="That"
            ecep:syllab="1"
            ecep:pron="ðæt">That</w>
         <c> </c>
         <w xml:id="o5156-624860"
            n="296-a-0610"
            ecep:lem="good"
            ecep:pos="j"
            ecep:reg="good"
            ecep:spe="good"
            ecep:syllab="1"
            ecep:pron="gʊd">good</w>
         <c> </c>
         <w xml:id="o5156-624870"
            n="296-a-0620"
            ecep:lem="ale"
            ecep:pos="n1"
            ecep:reg="ale"
            ecep:spe="ale"
            ecep:syllab="1"
            ecep:pron="eɪl">ale</w>
         <c> </c>
         <w xml:id="o5156-624880"
            n="296-a-0630"
            ecep:lem="be"
            ecep:pos="vbz"
            ecep:reg="is"
            ecep:spe="is"
            ecep:syllab="1"
            ecep:pron="ɪz">is</w>
         <c> </c>
         <w xml:id="o5156-624890"
            n="296-a-0640"
            ecep:lem="good"
            ecep:pos="j"
            ecep:reg="good"
            ecep:spe="good"
            ecep:syllab="1"
            ecep:pron="gʊd">good</w>
         <c> </c>
         <hi>
            <w xml:id="o5156-624900"
               n="296-a-0650"
               ecep:lem="cloth"
               ecep:pos="n1"
               ecep:reg="cloth"
               ecep:spe="cloth"
               ecep:syllab="1"
               ecep:pron="klɒθ">cloth</w>
            <pc xml:id="o5156-624910"
                n="296-a-0660"
                ecep:lem=","
                ecep:pos=","
                ecep:reg=","
                ecep:spe=",">,</pc>
         </hi>
         <c> </c>
         <w xml:id="o5156-624920"
            n="296-a-0670"
            ecep:lem="you"
            ecep:pos="pn22"
            ecep:reg="you"
            ecep:spe="you"
            ecep:syllab="1"
            ecep:pron="juː">you</w>
         <c> </c>
         <w xml:id="o5156-624930"
            n="296-a-0680"
            ecep:lem="may"
            ecep:pos="vmb"
            ecep:reg="may"
            ecep:spe="may"
            ecep:syllab="1"
            ecep:pron="meɪ">may</w>
         <c> </c>
         <w xml:id="o5156-624940"
            n="296-a-0690"
            ecep:lem="honest"
            ecep:pos="av-j"
            ecep:reg="honestly"
            ecep:spe="honestly"
            ecep:syllab="3"
            ecep:pron="ˈɒnɪstli">honestly</w>
         <c> </c>
         <w xml:id="o5156-624950"
            n="296-a-0700"
            ecep:lem="boast"
            ecep:pos="vvi"
            ecep:reg="boast"
            ecep:spe="boast"
            ecep:syllab="1"
            ecep:pron="bəʊst">boast</w>
         <pc xml:id="o5156-624960"
             n="296-a-0710"
             ecep:lem=","
             ecep:pos=","
             ecep:reg=","
             ecep:spe=",">,</pc>
      </l>
      <l xml:id="o5156-l34895">
         <w xml:id="o5156-624970"
            n="296-a-0720"
            ecep:lem="for"
            ecep:pos="c-acp"
            ecep:reg="For"
            ecep:spe="For"
            ecep:syllab="1"
            ecep:pron="fɔː">For</w>
         <c> </c>
         <w xml:id="o5156-624980"
            n="296-a-0730"
            ecep:lem="in"
            ecep:pos="p-acp"
            ecep:reg="in"
            ecep:spe="i'"
            ecep:syllab="1"
            ecep:pron="aɪ">i'</w>
         <c> </c>
         <w xml:id="o5156-624990"
            n="296-a-0740"
            ecep:lem="faith"
            ecep:pos="n1"
            ecep:reg="faith"
            ecep:spe="faith"
            ecep:syllab="1"
            ecep:pron="feɪθ">faith</w>
         <pc xml:id="o5156-625000"
             n="296-a-0750"
             unit="sentence"
             ecep:lem="!"
             ecep:pos="!"
             ecep:reg="!"
             ecep:spe="!">!</pc>
         <c> </c>
         <w xml:id="o5156-625010"
            n="296-a-0760"
            ecep:lem="i|be"
            ecep:pos="pns11|vbm"
            ecep:reg="I'm"
            ecep:spe="I'm"
            ecep:syllab="1"
            ecep:pron="ˈaɪm">I'm</w>
         <c> </c>
         <w xml:id="o5156-625020"
            n="296-a-0770"
            ecep:lem="as"
            ecep:pos="c-acp"
            ecep:reg="as"
            ecep:spe="as"
            ecep:syllab="1"
            ecep:pron="æz">as</w>
         <c> </c>
         <w xml:id="o5156-625030"
            n="296-a-0780"
            ecep:lem="blithe"
            ecep:pos="j"
            ecep:reg="blithe"
            ecep:spe="blithe"
            ecep:syllab="1"
            ecep:pron="blaɪð">blithe</w>
         <c> </c>
         <w xml:id="o5156-625040"
            n="296-a-0790"
            ecep:lem="and"
            ecep:pos="cc"
            ecep:reg="and"
            ecep:spe="and"
            ecep:syllab="1"
            ecep:pron="ænd">and</w>
         <c> </c>
         <w xml:id="o5156-625050"
            n="296-a-0800"
            ecep:lem="as"
            ecep:pos="a-acp"
            ecep:reg="as"
            ecep:spe="as"
            ecep:syllab="1"
            ecep:pron="æz">as</w>
         <c> </c>
         <w xml:id="o5156-625060"
            n="296-a-0810"
            ecep:lem="warm"
            ecep:pos="j"
            ecep:reg="warm"
            ecep:spe="warm"
            ecep:syllab="1"
            ecep:pron="wɔːm">warm</w>
         <c> </c>
         <w xml:id="o5156-625070"
            n="296-a-0820"
            ecep:lem="as"
            ecep:pos="c-acp"
            ecep:reg="as"
            ecep:spe="as"
            ecep:syllab="1"
            ecep:pron="æz">as</w>
         <c> </c>
         <w xml:id="o5156-625080"
            n="296-a-0830"
            ecep:lem="a"
            ecep:pos="dt"
            ecep:reg="a"
            ecep:spe="a"
            ecep:syllab="1"
            ecep:pron="ə">a</w>
         <c> </c>
         <w xml:id="o5156-625090"
            n="296-a-0840"
            ecep:lem="toast"
            ecep:pos="n1"
            ecep:reg="toast"
            ecep:spe="toast"
            ecep:syllab="1"
            ecep:pron="təʊst">toast</w>
         <pc xml:id="o5156-625100"
             n="296-a-0850"
             ecep:lem=":"
             ecep:pos=":"
             ecep:reg=":"
             ecep:spe=":">:</pc>
      </l>
      <l xml:id="o5156-l34900">
         <w xml:id="o5156-625110"
            n="296-a-0860"
            ecep:lem="but"
            ecep:pos="cc-acp"
            ecep:reg="But"
            ecep:spe="But"
            ecep:syllab="1"
            ecep:pron="bʌt">But</w>
         <c> </c>
         <w xml:id="o5156-625120"
            n="296-a-0870"
            ecep:lem="to"
            ecep:pos="pc-acp"
            ecep:reg="to"
            ecep:spe="to"
            ecep:syllab="1"
            ecep:pron="tuː">to</w>
         <c> </c>
         <w xml:id="o5156-625130"
            n="296-a-0880"
            ecep:lem="call"
            ecep:pos="vvi"
            ecep:reg="call"
            ecep:spe="call"
            ecep:syllab="1"
            ecep:pron="kɔːl">call</w>
         <c> </c>
         <w xml:id="o5156-625140"
            n="296-a-0890"
            ecep:lem="it"
            ecep:pos="pn31"
            ecep:reg="it"
            ecep:spe="it"
            ecep:syllab="1"
            ecep:pron="ɪt">it</w>
         <c> </c>
         <w xml:id="o5156-625150"
            n="296-a-0900"
            ecep:lem="good"
            ecep:pos="j"
            ecep:reg="good"
            ecep:spe="good"
            ecep:syllab="1"
            ecep:pron="gʊd">good</w>
         <c> </c>
         <hi>
            <w xml:id="o5156-625160"
               n="296-a-0910"
               ecep:lem="drink"
               ecep:pos="n1"
               ecep:reg="drink"
               ecep:spe="drink"
               ecep:syllab="1"
               ecep:pron="drɪŋk">drink</w>
         </hi>
         <c> </c>
         <pc xml:id="o5156-625170"
             n="296-a-0920"
             ecep:lem="—"
             ecep:pos="—"
             ecep:reg="—"
             ecep:spe="—">—</pc>
         <c> </c>
         <w xml:id="o5156-625180"
            n="296-a-0930"
            ecep:lem="be"
            ecep:pos="vbz"
            ecep:reg="is"
            ecep:spe="is"
            ecep:syllab="1"
            ecep:pron="ɪz">is</w>
         <c> </c>
         <w xml:id="o5156-625190"
            n="296-a-0940"
            ecep:lem="a"
            ecep:pos="dt"
            ecep:reg="a"
            ecep:spe="a"
            ecep:syllab="1"
            ecep:pron="ə">a</w>
         <c> </c>
         <w xml:id="o5156-625200"
            n="296-a-0950"
            ecep:lem="lie"
            ecep:pos="vvb"
            ecep:reg="lie"
            ecep:spe="lye"
            ecep:syllab="1"
            ecep:pron="laɪ">lye</w>
         <pc xml:id="o5156-625210"
             n="296-a-0960"
             ecep:lem=","
             ecep:pos=","
             ecep:reg=","
             ecep:spe=",">,</pc>
         <c> </c>
         <w xml:id="o5156-625220"
            n="296-a-0970"
            ecep:lem="i|will"
            ecep:pos="pns11|vmb"
            ecep:reg="I'll"
            ecep:spe="I'll"
            ecep:syllab="1"
            ecep:pron="ˈaɪl">I'll</w>
         <c> </c>
         <w xml:id="o5156-625230"
            n="296-a-0980"
            ecep:lem="be"
            ecep:pos="vbi"
            ecep:reg="be"
            ecep:spe="be"
            ecep:syllab="1"
            ecep:pron="biː">be</w>
         <c> </c>
         <w xml:id="o5156-625240"
            n="296-a-0990"
            ecep:lem="swear"
            ecep:pos="vvn"
            ecep:reg="sworn"
            ecep:spe="sworn"
            ecep:syllab="1"
            ecep:pron="swɔːn">sworn</w>
         <pc xml:id="o5156-625250"
             n="296-a-1000"
             ecep:lem=","
             ecep:pos=","
             ecep:reg=","
             ecep:spe=",">,</pc>
      </l>
      <l xml:id="o5156-l34905">
         <w xml:id="o5156-625260"
            n="296-a-1010"
            ecep:lem="for"
            ecep:pos="c-acp"
            ecep:reg="For"
            ecep:spe="For"
            ecep:syllab="1"
            ecep:pron="fɔː">For</w>
         <c> </c>
         <w xml:id="o5156-625270"
            n="296-a-1020"
            ecep:lem="i"
            ecep:pos="pns11"
            ecep:reg="I"
            ecep:spe="I"
            ecep:syllab="1"
            ecep:pron="aɪ">I</w>
         <c> </c>
         <w xml:id="o5156-625280"
            n="296-a-1030"
            ecep:lem="never"
            ecep:pos="av-x"
            ecep:reg="never"
            ecep:spe="ne'er"
            ecep:syllab="1"
            ecep:pron="neə">ne'er</w>
         <c> </c>
         <w xml:id="o5156-625290"
            n="296-a-1040"
            ecep:lem="be"
            ecep:pos="vbds"
            ecep:reg="was"
            ecep:spe="was"
            ecep:syllab="1"
            ecep:pron="wɒz">was</w>
         <c> </c>
         <w xml:id="o5156-625300"
            n="296-a-1050"
            ecep:lem="so"
            ecep:pos="av"
            ecep:reg="so"
            ecep:spe="so"
            ecep:syllab="1"
            ecep:pron="səʊ">so</w>
         <c> </c>
         <hi>
            <w xml:id="o5156-625310"
               n="296-a-1060"
               ecep:lem="dry"
               ecep:pos="j"
               ecep:reg="dry"
               ecep:spe="dry"
               ecep:syllab="1"
               ecep:pron="draɪ">dry</w>
         </hi>
         <c> </c>
         <w xml:id="o5156-625320"
            n="296-a-1070"
            ecep:lem="since"
            ecep:pos="c-acp"
            ecep:reg="since"
            ecep:spe="since"
            ecep:syllab="1"
            ecep:pron="sɪns">since</w>
         <c> </c>
         <w xml:id="o5156-625330"
            n="296-a-1080"
            ecep:lem="the"
            ecep:pos="dt"
            ecep:reg="the"
            ecep:spe="the"
            ecep:syllab="1"
            ecep:pron="ðiː">the</w>
         <c> </c>
         <w xml:id="o5156-625340"
            n="296-a-1090"
            ecep:lem="hour"
            ecep:pos="n1"
            ecep:reg="hour"
            ecep:spe="hour"
            ecep:syllab="1"
            ecep:pron="æə">hour</w>
         <c> </c>
         <w xml:id="o5156-625350"
            n="296-a-1100"
            ecep:lem="i"
            ecep:pos="pns11"
            ecep:reg="I"
            ecep:spe="I"
            ecep:syllab="1"
            ecep:pron="aɪ">I</w>
         <c> </c>
         <w xml:id="o5156-625360"
            n="296-a-1110"
            ecep:lem="be"
            ecep:pos="vbds"
            ecep:reg="was"
            ecep:spe="was"
            ecep:syllab="1"
            ecep:pron="wɒz">was</w>
         <c> </c>
         <w xml:id="o5156-625370"
            n="296-a-1120"
            ecep:lem="bear"
            ecep:pos="vvn"
            ecep:reg="born"
            ecep:spe="born"
            ecep:syllab="1"
            ecep:pron="bɔːn">born</w>
         <pc xml:id="o5156-625380"
             n="296-a-1130"
             unit="sentence"
             ecep:lem="."
             ecep:pos="."
             ecep:reg="."
             ecep:spe=".">.</pc>
      </l>
   </lg>
   <lg xml:id="o5156-s04135">
      <l xml:id="o5156-l34910">
         <w xml:id="o5156-625410"
            n="296-a-1140"
            ecep:lem="the"
            ecep:pos="dt"
            ecep:reg="The"
            ecep:spe="The"
            ecep:syllab="1"
            ecep:pron="ðiː">The</w>
         <c> </c>
         <hi>
            <w xml:id="o5156-625420"
               n="296-a-1150"
               ecep:lem="cloth"
               ecep:pos="n1"
               ecep:reg="cloth"
               ecep:spe="cloth"
               ecep:syllab="1"
               ecep:pron="klɒθ">cloth</w>
            <pc xml:id="o5156-625430"
                n="296-a-1160"
                ecep:lem=","
                ecep:pos=","
                ecep:reg=","
                ecep:spe=",">,</pc>
         </hi>
         <c> </c>
         <w xml:id="o5156-625440"
            n="296-a-1170"
            ecep:lem="cry"
            ecep:pos="vvz"
            ecep:reg="cries"
            ecep:spe="cries"
            ecep:syllab="1"
            ecep:pron="kraɪz">cries</w>
         <c> </c>
         <w xml:id="o5156-625450"
            n="296-a-1180"
            ecep:lem="a"
            ecep:pos="dt"
            ecep:reg="a"
            ecep:spe="a"
            ecep:syllab="1"
            ecep:pron="ə">a</w>
         <c> </c>
         <w xml:id="o5156-625460"
            n="296-a-1190"
            ecep:lem="punster"
            ecep:pos="n1"
            ecep:reg="punster"
            ecep:spe="punster"
            ecep:syllab="2"
            ecep:pron="ˈpʌnstə">punster</w>
         <c> </c>
         <w xml:id="o5156-625470"
            n="296-a-1200"
            ecep:lem="who"
            ecep:pos="r-crq"
            ecep:reg="who"
            ecep:spe="who"
            ecep:syllab="1"
            ecep:pron="huː">who</w>
         <c> </c>
         <w xml:id="o5156-625480"
            n="296-a-1210"
            ecep:lem="chance"
            ecep:pos="vvd"
            ecep:reg="chanced"
            ecep:spe="chanc'd"
            ecep:syllab="1"
            ecep:pron="tʃɑːnst">chanc'd</w>
         <c> </c>
         <w xml:id="o5156-625490"
            n="296-a-1220"
            ecep:lem="to"
            ecep:pos="pc-acp"
            ecep:reg="to"
            ecep:spe="to"
            ecep:syllab="1"
            ecep:pron="tuː">to</w>
         <c> </c>
         <w xml:id="o5156-625500"
            n="296-a-1230"
            ecep:lem="come"
            ecep:pos="vvi"
            ecep:reg="come"
            ecep:spe="come"
            ecep:syllab="1"
            ecep:pron="kʌm">come</w>
         <c> </c>
         <w xml:id="o5156-625510"
            n="296-a-1240"
            ecep:lem="by"
            ecep:pos="p-acp"
            ecep:reg="by"
            ecep:spe="by"
            ecep:syllab="1"
            ecep:pron="baɪ">by</w>
         <pc xml:id="o5156-625520"
             n="296-a-1250"
             ecep:lem=","
             ecep:pos=","
             ecep:reg=","
             ecep:spe=",">,</pc>
      </l>
      <l xml:id="o5156-l34915">
         <w xml:id="o5156-625530"
            n="296-a-1260"
            ecep:lem="must"
            ecep:pos="vmb"
            ecep:reg="Must"
            ecep:spe="Must"
            ecep:syllab="1"
            ecep:pron="mʌst">Must</w>
         <c> </c>
         <w xml:id="o5156-625540"
            n="296-a-1270"
            ecep:lem="be"
            ecep:pos="vbi"
            ecep:reg="be"
            ecep:spe="be"
            ecep:syllab="1"
            ecep:pron="biː">be</w>
         <c> </c>
         <w xml:id="o5156-625550"
            n="296-a-1280"
            ecep:lem="a"
            ecep:pos="dt"
            ecep:reg="a"
            ecep:spe="a"
            ecep:syllab="1"
            ecep:pron="ə">a</w>
         <c> </c>
         <w xml:id="o5156-625560"
            n="296-a-1290"
            ecep:lem="good"
            ecep:pos="j"
            ecep:reg="good"
            ecep:spe="good"
            ecep:syllab="1"
            ecep:pron="gʊd">good</w>
         <c> </c>
         <hi>
            <w xml:id="o5156-625570"
               n="296-a-1300"
               ecep:lem="drap"
               ecep:pos="n1"
               ecep:reg="drap"
               ecep:spe="drap"
               ecep:syllab="1"
               ecep:pron="dræp">drap</w>
            <pc xml:id="o5156-625580"
                n="296-a-1310"
                ecep:lem=","
                ecep:pos=","
                ecep:reg=","
                ecep:spe=",">,</pc>
         </hi>
         <c> </c>
         <w xml:id="o5156-625590"
            n="296-a-1320"
            ecep:lem="if"
            ecep:pos="cs"
            ecep:reg="if"
            ecep:spe="if"
            ecep:syllab="1"
            ecep:pron="ɪf">if</w>
         <c> </c>
         <w xml:id="o5156-625600"
            n="296-a-1330"
            ecep:lem="it"
            ecep:pos="pn31"
            ecep:reg="it"
            ecep:spe="it"
            ecep:syllab="1"
            ecep:pron="ɪt">it</w>
         <c> </c>
         <w xml:id="o5156-625610"
            n="296-a-1340"
            ecep:lem="keep"
            ecep:pos="vvd"
            ecep:reg="kept"
            ecep:spe="kept"
            ecep:syllab="1"
            ecep:pron="kept">kept</w>
         <c> </c>
         <w xml:id="o5156-625620"
            n="296-a-1350"
            ecep:lem="you"
            ecep:pos="pn22"
            ecep:reg="you"
            ecep:spe="you"
            ecep:syllab="1"
            ecep:pron="juː">you</w>
         <c> </c>
         <w xml:id="o5156-625630"
            n="296-a-1360"
            ecep:lem="so"
            ecep:pos="av"
            ecep:reg="so"
            ecep:spe="so"
            ecep:syllab="1"
            ecep:pron="səʊ">so</w>
         <c> </c>
         <hi>
            <w xml:id="o5156-625640"
               n="296-a-1370"
               ecep:lem="dry"
               ecep:pos="j"
               ecep:reg="dry"
               ecep:spe="dry"
               ecep:syllab="1"
               ecep:pron="draɪ">dry</w>
            <pc xml:id="o5156-625650"
                n="296-a-1380"
                unit="sentence"
                ecep:lem="."
                ecep:pos="."
                ecep:reg="."
                ecep:spe=".">.</pc>
            <c> </c>
         </hi>
      </l>
   </lg>
</div>
