<?xml version="1.0" encoding="UTF-8"?>
<?xml-model href="../tei_all.rnc" type="application/relax-ng-compact-syntax"?>
<TEI xmlns="http://www.tei-c.org/ns/1.0">
   <teiHeader>
      <fileDesc>
         <titleStmt>
            <title corresp="#txt_GravRi1715_w0005">To Lady FANE on her Grotto at Basilden. 1746.</title>
            <author corresp="authors.xml#aut_GravRi1715">Richard Graves</author>
            <respStmt>
               <name xml:id="AH">Alexander Huber</name>
               <resp>Editor</resp>
            </respStmt>
            <funder>
               <name type="institution" xml:id="BOD">Bodleian Libraries, University of Oxford</name>
               <address>
                  <addrLine>Broad Street</addrLine>
                  <addrLine>Oxford OX1 3BG</addrLine>
                  <addrLine>UK</addrLine>
               </address>
            </funder>
         </titleStmt>
         <publicationStmt>
            <publisher xml:id="ECPA">Eighteenth-Century Poetry Archive</publisher>
            <address>
               <addrLine>Taylor Institution Library</addrLine>
               <addrLine>St Giles'</addrLine>
               <addrLine>Oxford OX1 3NA</addrLine>
               <addrLine>UK</addrLine>
               <addrLine>
                  <email>info@eighteenthcenturypoetry.org</email>
               </addrLine>
               <addrLine>
                  <ref target="https://www.eighteenthcenturypoetry.org/">https://www.eighteenthcenturypoetry.org/</ref>
               </addrLine>
            </address>
            <pubPlace>Oxford</pubPlace>
            <availability status="restricted">
               <licence target="http://creativecommons.org/licenses/by-sa/3.0/">This work is licensed under a Creative Commons Attribution-ShareAlike 3.0 Unported License.</licence>
            </availability>
            <idno type="ESTC">T131163</idno>
            <idno type="TCP">K104099.005</idno>
         </publicationStmt>
         <sourceDesc>
            <bibl>
               <author>Dodsley, Robert, 1703-1764.</author>
               <title>A Collection of Poems in Six Volumes. By Several Hands. Vol. V.</title>
               <pubPlace>London</pubPlace>
               <publisher>printed by J. Hughs, for R. and J. Dodsley</publisher>
               <date>1763 [1st ed. 1758]</date>
               <biblScope>p. 62.</biblScope>
               <extent>6v.: music; 8⁰.</extent>
            </bibl>
         </sourceDesc>
      </fileDesc>
      <encodingDesc>
         <projectDesc>
            <p>This e-text is part of the Works section of the Eighteenth-Century Poetry Archive (ECPA).</p>
            <p>XML created for the Eighteenth-Century Poetry Archive (ECPA).</p>
         </projectDesc>
         <editorialDecl>
            <p>The text has been typographically modernized, but without any silent modernization of
						spelling, capitalization, or punctuation. The source of the text is given and all editorial interventions
						have been recorded in textual notes. Based on the electronic text originally produced by the TCP project, this  text has been edited to conform to the recommendations found in Level 5 of the
						Best Practices for TEI in Libraries version 4.0.0.
					</p>
         </editorialDecl>
         <classDecl>
            <taxonomy xml:id="LCNAF">
               <bibl>Library of Congress Name Authority File (<abbr>LCNAF</abbr>)</bibl>
            </taxonomy>
         </classDecl>
         <tagsDecl>
            <rendition n="linegroups indented" xml:id="lgindent" scheme="css">text-indent: 1em;</rendition>
            <rendition n="linegroups vertically spaced" xml:id="lgvspace" scheme="css">margin-bottom: 1em;</rendition>
            <rendition n="aligned centrally" xml:id="align-center" scheme="css">text-align: center;</rendition>
            <rendition n="aligned right" xml:id="align-right" scheme="css">text-align: right;</rendition>
            <rendition n="aligned left" xml:id="align-left" scheme="css">text-align: left;</rendition>
            <rendition n="inline" xml:id="inline" scheme="css">display: inline</rendition>
            <rendition n="italic" xml:id="i" scheme="css">font-style: italic;</rendition>
            <rendition n="bold" xml:id="b" scheme="css">font-weight: bold;</rendition>
         </tagsDecl>
      </encodingDesc>
   </teiHeader>
   <text>
      <body>
         <div xmlns:ecep="http://www.eighteenthcenturypoetry.org/ns"
              ana="#iamb #tetrameter #quatrain #cross"
              corresp="#txt_GravRi1715_w0005"
              ecep:syllab="8.8.8.8"
              met="-+|-+|-+|-+/         -+|-+|-+|-+/         -+|-+|-+|-+/         -+|-+|-+|-+/"
              rendition="#lgvspace"
              rhyme="abab"
              subtype="eceptext"
              type="poem"
              xml:id="o5156-w0280"
              decls="#semi-normalized">
            <link target="authors.xml#aut_GravRi1715" type="author"/>
            <link target="27252" type="DMI"/>
            <head type="main">
               <w xmlns:ecep="http://www.eighteenthcenturypoetry.org/ns"
                  xml:id="o5156-121110"
                  n="64-a-0010"
                  ecep:lem="to"
                  ecep:pos="p-acp"
                  ecep:reg="To"
                  ecep:spe="To"
                  ecep:syllab="1"
                  ecep:pron="tuː">To</w>
               <c> </c>
               <w xmlns:ecep="http://www.eighteenthcenturypoetry.org/ns"
                  xml:id="o5156-121120"
                  n="64-a-0020"
                  ecep:lem="lady"
                  ecep:pos="n1"
                  ecep:reg="Lady"
                  ecep:spe="Lady"
                  ecep:syllab="2"
                  ecep:pron="ˈleɪdi">Lady</w>
               <c> </c>
               <w xmlns:ecep="http://www.eighteenthcenturypoetry.org/ns"
                  xml:id="o5156-121130"
                  n="64-a-0030"
                  ecep:lem="Fane"
                  ecep:pos="np1"
                  ecep:reg="FANE"
                  ecep:spe="FANE"
                  ecep:syllab="1"
                  ecep:pron="feɪn">FANE</w>
               <c> </c>
               <w xmlns:ecep="http://www.eighteenthcenturypoetry.org/ns"
                  xml:id="o5156-121140"
                  n="64-a-0040"
                  ecep:lem="on"
                  ecep:pos="p-acp"
                  ecep:reg="on"
                  ecep:spe="on"
                  ecep:syllab="1"
                  ecep:pron="ɒn">on</w>
               <c> </c>
               <w xmlns:ecep="http://www.eighteenthcenturypoetry.org/ns"
                  xml:id="o5156-121150"
                  n="64-a-0050"
                  ecep:lem="her"
                  ecep:pos="po31"
                  ecep:reg="her"
                  ecep:spe="her"
                  ecep:syllab="1"
                  ecep:pron="hɜː">her</w>
               <c> </c>
               <w xmlns:ecep="http://www.eighteenthcenturypoetry.org/ns"
                  xml:id="o5156-121160"
                  n="64-a-0060"
                  ecep:lem="grotto"
                  ecep:pos="n1"
                  ecep:reg="Grotto"
                  ecep:spe="Grotto"
                  ecep:syllab="2"
                  ecep:pron="ˈgrɒtəʊ">Grotto</w>
               <c> </c>
               <w xmlns:ecep="http://www.eighteenthcenturypoetry.org/ns"
                  xml:id="o5156-121170"
                  n="64-a-0070"
                  ecep:lem="at"
                  ecep:pos="p-acp"
                  ecep:reg="at"
                  ecep:spe="at"
                  ecep:syllab="1"
                  ecep:pron="æt">at</w>
               <c> </c>
               <w xmlns:ecep="http://www.eighteenthcenturypoetry.org/ns"
                  xml:id="o5156-121180"
                  n="64-a-0080"
                  ecep:lem="basilden"
                  ecep:pos="np1"
                  ecep:reg="Basilden"
                  ecep:spe="Basilden"
                  ecep:syllab="3"
                  ecep:pron="bˈæzɪldən">Basilden</w>
               <pc xmlns:ecep="http://www.eighteenthcenturypoetry.org/ns"
                   xml:id="o5156-121190"
                   n="64-a-0090"
                   unit="sentence"
                   ecep:lem="."
                   ecep:pos="."
                   ecep:reg="."
                   ecep:spe=".">.</pc>
            </head>
            <head type="sub">
               <w xmlns:ecep="http://www.eighteenthcenturypoetry.org/ns"
                  xml:id="o5156-121220"
                  n="64-a-0100"
                  ecep:lem="1746."
                  ecep:pos="crd"
                  ecep:reg="1746."
                  ecep:spe="1746."
                  ecep:syllab="1"
                  ecep:pron="wˈɒnθˈaʊzəndsˈevənhˈʌndrədənfˈɔːtisˈɪks">1746.</w>
               <pc unit="sentence" xml:id="o5156-121220-eos" n="64-a-0110"/>
            </head>
            <byline>
               <w xmlns:ecep="http://www.eighteenthcenturypoetry.org/ns"
                  xml:id="o5156-121250"
                  n="64-a-0120"
                  ecep:lem="by"
                  ecep:pos="p-acp"
                  ecep:reg="By"
                  ecep:spe="By"
                  ecep:syllab="1"
                  ecep:pron="baɪ">By</w>
               <c> </c>
               <w xmlns:ecep="http://www.eighteenthcenturypoetry.org/ns"
                  xml:id="o5156-121260"
                  n="64-a-0130"
                  ecep:lem="mr."
                  ecep:pos="n1"
                  ecep:reg="Mr."
                  ecep:spe="Mr."
                  ecep:syllab="2"
                  ecep:pron="mɪstə">Mr.</w>
               <c> </c>
               <w xmlns:ecep="http://www.eighteenthcenturypoetry.org/ns"
                  xml:id="o5156-121270"
                  n="64-a-0140"
                  ecep:lem="grave"
                  ecep:pos="n2"
                  ecep:reg="GRAVES"
                  ecep:spe="GRAVES"
                  ecep:syllab="1"
                  ecep:pron="greɪvz">GRAVES</w>
               <pc xmlns:ecep="http://www.eighteenthcenturypoetry.org/ns"
                   xml:id="o5156-121280"
                   n="64-a-0150"
                   unit="sentence"
                   ecep:lem="."
                   ecep:pos="."
                   ecep:reg="."
                   ecep:spe=".">.</pc>
            </byline>
            <lg xml:id="o5156-s01255">
               <l xml:id="o5156-l07045">
                  <w xmlns:ecep="http://www.eighteenthcenturypoetry.org/ns"
                     xml:id="o5156-121310"
                     n="64-a-0160"
                     ecep:lem="glide"
                     ecep:pos="vvb"
                     ecep:reg="GLIDE"
                     ecep:spe="GLIDE"
                     ecep:syllab="1"
                     ecep:pron="glaɪd">GLIDE</w>
                  <c> </c>
                  <w xmlns:ecep="http://www.eighteenthcenturypoetry.org/ns"
                     xml:id="o5156-121320"
                     n="64-a-0170"
                     ecep:lem="smooth"
                     ecep:pos="av-j"
                     ecep:reg="smoothly"
                     ecep:spe="smoothly"
                     ecep:syllab="2"
                     ecep:pron="smuːðli">smoothly</w>
                  <c> </c>
                  <w xmlns:ecep="http://www.eighteenthcenturypoetry.org/ns"
                     xml:id="o5156-121330"
                     n="64-a-0180"
                     ecep:lem="on"
                     ecep:pos="a-acp"
                     ecep:reg="on"
                     ecep:spe="on"
                     ecep:syllab="1"
                     ecep:pron="ɒn">on</w>
                  <pc xmlns:ecep="http://www.eighteenthcenturypoetry.org/ns"
                      xml:id="o5156-121340"
                      n="64-a-0190"
                      ecep:lem=","
                      ecep:pos=","
                      ecep:reg=","
                      ecep:spe=",">,</pc>
                  <c> </c>
                  <w xmlns:ecep="http://www.eighteenthcenturypoetry.org/ns"
                     xml:id="o5156-121350"
                     n="64-a-0200"
                     ecep:lem="thou"
                     ecep:pos="pns21"
                     ecep:reg="thou"
                     ecep:spe="thou"
                     ecep:syllab="1"
                     ecep:pron="θaʊ">thou</w>
                  <c> </c>
                  <w xmlns:ecep="http://www.eighteenthcenturypoetry.org/ns"
                     xml:id="o5156-121360"
                     n="64-a-0210"
                     ecep:lem="silver"
                     ecep:pos="n1"
                     ecep:reg="silver"
                     ecep:spe="silver"
                     ecep:syllab="2"
                     ecep:pron="ˈsɪlvə">silver</w>
                  <c> </c>
                  <w xmlns:ecep="http://www.eighteenthcenturypoetry.org/ns"
                     xml:id="o5156-121370"
                     n="64-a-0220"
                     ecep:lem="Thames"
                     ecep:pos="np1"
                     ecep:reg="Thames"
                     ecep:spe="Thames"
                     ecep:syllab="1"
                     ecep:pron="ˈtemz">Thames</w>
                  <pc xmlns:ecep="http://www.eighteenthcenturypoetry.org/ns"
                      xml:id="o5156-121380"
                      n="64-a-0230"
                      ecep:lem=","
                      ecep:pos=","
                      ecep:reg=","
                      ecep:spe=",">,</pc>
               </l>
               <l xml:id="o5156-l07050">
                  <w xmlns:ecep="http://www.eighteenthcenturypoetry.org/ns"
                     xml:id="o5156-121390"
                     n="64-a-0240"
                     ecep:lem="where"
                     ecep:pos="q-crq"
                     ecep:reg="Where"
                     ecep:spe="Where"
                     ecep:syllab="1"
                     ecep:pron="weə">Where</w>
                  <c> </c>
                  <w xmlns:ecep="http://www.eighteenthcenturypoetry.org/ns"
                     xml:id="o5156-121400"
                     n="64-a-0250"
                     ecep:lem="Fane"
                     ecep:pos="np1"
                     ecep:reg="FANE"
                     ecep:spe="FANE"
                     ecep:syllab="1"
                     ecep:pron="feɪn">FANE</w>
                  <c> </c>
                  <w xmlns:ecep="http://www.eighteenthcenturypoetry.org/ns"
                     xml:id="o5156-121410"
                     n="64-a-0260"
                     ecep:lem="have"
                     ecep:pos="vhz"
                     ecep:reg="has"
                     ecep:spe="has"
                     ecep:syllab="1"
                     ecep:pron="hæz">has</w>
                  <c> </c>
                  <w xmlns:ecep="http://www.eighteenthcenturypoetry.org/ns"
                     xml:id="o5156-121420"
                     n="64-a-0270"
                     ecep:lem="fix"
                     ecep:pos="vvn"
                     ecep:reg="fixed"
                     ecep:spe="fix'd"
                     ecep:syllab="1"
                     ecep:pron="fɪkst">fix'd</w>
                  <c> </c>
                  <w xmlns:ecep="http://www.eighteenthcenturypoetry.org/ns"
                     xml:id="o5156-121430"
                     n="64-a-0280"
                     ecep:lem="her"
                     ecep:pos="po31"
                     ecep:reg="her"
                     ecep:spe="her"
                     ecep:syllab="1"
                     ecep:pron="hɜː">her</w>
                  <c> </c>
                  <w xmlns:ecep="http://www.eighteenthcenturypoetry.org/ns"
                     xml:id="o5156-121440"
                     n="64-a-0290"
                     ecep:lem="calm"
                     ecep:pos="j-jn"
                     ecep:reg="calm"
                     ecep:spe="calm"
                     ecep:syllab="1"
                     ecep:pron="kɑːm">calm</w>
                  <c> </c>
                  <w xmlns:ecep="http://www.eighteenthcenturypoetry.org/ns"
                     xml:id="o5156-121450"
                     n="64-a-0300"
                     ecep:lem="retreat"
                     ecep:pos="n1"
                     ecep:reg="retreat"
                     ecep:spe="retreat"
                     ecep:syllab="2"
                     ecep:pron="rɪˈtriːt">retreat</w>
                  <pc xmlns:ecep="http://www.eighteenthcenturypoetry.org/ns"
                      xml:id="o5156-121460"
                      n="64-a-0310"
                      ecep:lem=";"
                      ecep:pos=";"
                      ecep:reg=";"
                      ecep:spe=";">;</pc>
               </l>
               <l xml:id="o5156-l07055">
                  <w xmlns:ecep="http://www.eighteenthcenturypoetry.org/ns"
                     xml:id="o5156-121470"
                     n="64-a-0320"
                     ecep:lem="go"
                     ecep:pos="vvb"
                     ecep:reg="Go"
                     ecep:spe="Go"
                     ecep:syllab="1"
                     ecep:pron="gəʊ">Go</w>
                  <c> </c>
                  <w xmlns:ecep="http://www.eighteenthcenturypoetry.org/ns"
                     xml:id="o5156-121480"
                     n="64-a-0330"
                     ecep:lem="pour"
                     ecep:pos="vvb"
                     ecep:reg="pour"
                     ecep:spe="pour"
                     ecep:syllab="1"
                     ecep:pron="pɔː">pour</w>
                  <c> </c>
                  <w xmlns:ecep="http://www.eighteenthcenturypoetry.org/ns"
                     xml:id="o5156-121490"
                     n="64-a-0340"
                     ecep:lem="thy"
                     ecep:pos="po21"
                     ecep:reg="thy"
                     ecep:spe="thy"
                     ecep:syllab="1"
                     ecep:pron="ðaɪ">thy</w>
                  <c> </c>
                  <w xmlns:ecep="http://www.eighteenthcenturypoetry.org/ns"
                     xml:id="o5156-121500"
                     n="64-a-0350"
                     ecep:lem="tributary"
                     ecep:pos="j-jn"
                     ecep:reg="tributary"
                     ecep:spe="tributary"
                     ecep:syllab="4"
                     ecep:pron="ˈtrɪbjətri">tributary</w>
                  <c> </c>
                  <w xmlns:ecep="http://www.eighteenthcenturypoetry.org/ns"
                     xml:id="o5156-121510"
                     n="64-a-0360"
                     ecep:lem="stream"
                     ecep:pos="n2"
                     ecep:reg="streams"
                     ecep:spe="streams"
                     ecep:syllab="1"
                     ecep:pron="striːmz">streams</w>
                  <pc xmlns:ecep="http://www.eighteenthcenturypoetry.org/ns"
                      xml:id="o5156-121520"
                      n="64-a-0370"
                      ecep:lem=","
                      ecep:pos=","
                      ecep:reg=","
                      ecep:spe=",">,</pc>
               </l>
               <l xml:id="o5156-l07060">
                  <w xmlns:ecep="http://www.eighteenthcenturypoetry.org/ns"
                     xml:id="o5156-121530"
                     n="64-a-0380"
                     ecep:lem="to"
                     ecep:pos="pc-acp"
                     ecep:reg="To"
                     ecep:spe="To"
                     ecep:syllab="1"
                     ecep:pron="tuː">To</w>
                  <c> </c>
                  <w xmlns:ecep="http://www.eighteenthcenturypoetry.org/ns"
                     xml:id="o5156-121540"
                     n="64-a-0390"
                     ecep:lem="lave"
                     ecep:pos="vvi"
                     ecep:reg="lave"
                     ecep:spe="lave"
                     ecep:syllab="1"
                     ecep:pron="leɪv">lave</w>
                  <c> </c>
                  <w xmlns:ecep="http://www.eighteenthcenturypoetry.org/ns"
                     xml:id="o5156-121550"
                     n="64-a-0400"
                     ecep:lem="imperial"
                     ecep:pos="j-jn"
                     ecep:reg="imperial"
                     ecep:spe="imperial"
                     ecep:syllab="3"
                     ecep:pron="ɪmˈpɪəriəl">imperial</w>
                  <c> </c>
                  <w xmlns:ecep="http://www.eighteenthcenturypoetry.org/ns"
                     xml:id="o5156-121560"
                     n="64-a-0410"
                     ecep:lem="thetis"
                     ecep:pos="ng1"
                     ecep:reg="Thetis'"
                     ecep:spe="Thetis'"
                     ecep:syllab="2"
                     ecep:pron="θˈetiz">Thetis'</w>
                  <c> </c>
                  <w xmlns:ecep="http://www.eighteenthcenturypoetry.org/ns"
                     xml:id="o5156-121580"
                     n="64-a-0430"
                     ecep:lem="foot"
                     ecep:pos="n2"
                     ecep:reg="feet"
                     ecep:spe="feet"
                     ecep:syllab="1"
                     ecep:pron="fiːt">feet</w>
                  <pc xmlns:ecep="http://www.eighteenthcenturypoetry.org/ns"
                      xml:id="o5156-121590"
                      n="64-a-0440"
                      unit="sentence"
                      ecep:lem="."
                      ecep:pos="."
                      ecep:reg="."
                      ecep:spe=".">.</pc>
               </l>
               <l xml:id="o5156-l07065">
                  <w xmlns:ecep="http://www.eighteenthcenturypoetry.org/ns"
                     xml:id="o5156-121600"
                     n="64-a-0450"
                     ecep:lem="there"
                     ecep:pos="a-acp"
                     ecep:reg="There"
                     ecep:spe="There"
                     ecep:syllab="1"
                     ecep:pron="ðeə">There</w>
                  <c> </c>
                  <w xmlns:ecep="http://www.eighteenthcenturypoetry.org/ns"
                     xml:id="o5156-121610"
                     n="64-a-0460"
                     ecep:lem="when"
                     ecep:pos="c-crq"
                     ecep:reg="when"
                     ecep:spe="when"
                     ecep:syllab="1"
                     ecep:pron="wen">when</w>
                  <c> </c>
                  <w xmlns:ecep="http://www.eighteenthcenturypoetry.org/ns"
                     xml:id="o5156-121620"
                     n="64-a-0470"
                     ecep:lem="in"
                     ecep:pos="p-acp"
                     ecep:reg="in"
                     ecep:spe="in"
                     ecep:syllab="1"
                     ecep:pron="ɪn">in</w>
                  <c> </c>
                  <w xmlns:ecep="http://www.eighteenthcenturypoetry.org/ns"
                     xml:id="o5156-121630"
                     n="64-a-0480"
                     ecep:lem="flowery"
                     ecep:pos="j"
                     ecep:reg="flowery"
                     ecep:spe="flow'ry"
                     ecep:syllab="2"
                     ecep:pron="ˈflaʊri">flow'ry</w>
                  <c> </c>
                  <w xmlns:ecep="http://www.eighteenthcenturypoetry.org/ns"
                     xml:id="o5156-121640"
                     n="64-a-0490"
                     ecep:lem="pride"
                     ecep:pos="n1"
                     ecep:reg="pride"
                     ecep:spe="pride"
                     ecep:syllab="1"
                     ecep:pron="praɪd">pride</w>
                  <c> </c>
                  <w xmlns:ecep="http://www.eighteenthcenturypoetry.org/ns"
                     xml:id="o5156-121650"
                     n="64-a-0500"
                     ecep:lem="you"
                     ecep:pos="pn22"
                     ecep:reg="you"
                     ecep:spe="you"
                     ecep:syllab="1"
                     ecep:pron="juː">you</w>
                  <c> </c>
                  <w xmlns:ecep="http://www.eighteenthcenturypoetry.org/ns"
                     xml:id="o5156-121660"
                     n="64-a-0510"
                     ecep:lem="come"
                     ecep:pos="vvb"
                     ecep:reg="come"
                     ecep:spe="come"
                     ecep:syllab="1"
                     ecep:pron="kʌm">come</w>
               </l>
               <l xml:id="o5156-l07070">
                  <w xmlns:ecep="http://www.eighteenthcenturypoetry.org/ns"
                     xml:id="o5156-121670"
                     n="64-a-0520"
                     ecep:lem="amid"
                     ecep:pos="p-acp"
                     ecep:reg="Amid"
                     ecep:spe="Amid"
                     ecep:syllab="2"
                     ecep:pron="əˈmɪd">Amid</w>
                  <c> </c>
                  <w xmlns:ecep="http://www.eighteenthcenturypoetry.org/ns"
                     xml:id="o5156-121680"
                     n="64-a-0530"
                     ecep:lem="the"
                     ecep:pos="dt"
                     ecep:reg="the"
                     ecep:spe="the"
                     ecep:syllab="1"
                     ecep:pron="ðiː">the</w>
                  <c> </c>
                  <w xmlns:ecep="http://www.eighteenthcenturypoetry.org/ns"
                     xml:id="o5156-121690"
                     n="64-a-0540"
                     ecep:lem="courtier"
                     ecep:pos="n2"
                     ecep:reg="courtiers"
                     ecep:spe="courtiers"
                     ecep:syllab="3"
                     ecep:pron="ˈkɔːtiəz">courtiers</w>
                  <c> </c>
                  <w xmlns:ecep="http://www.eighteenthcenturypoetry.org/ns"
                     xml:id="o5156-121700"
                     n="64-a-0550"
                     ecep:lem="of"
                     ecep:pos="pp-f"
                     ecep:reg="of"
                     ecep:spe="of"
                     ecep:syllab="1"
                     ecep:pron="ɒv">of</w>
                  <c> </c>
                  <w xmlns:ecep="http://www.eighteenthcenturypoetry.org/ns"
                     xml:id="o5156-121710"
                     n="64-a-0560"
                     ecep:lem="the"
                     ecep:pos="dt"
                     ecep:reg="the"
                     ecep:spe="the"
                     ecep:syllab="1"
                     ecep:pron="ðiː">the</w>
                  <c> </c>
                  <w xmlns:ecep="http://www.eighteenthcenturypoetry.org/ns"
                     xml:id="o5156-121720"
                     n="64-a-0570"
                     ecep:lem="main"
                     ecep:pos="j"
                     ecep:reg="main"
                     ecep:spe="main"
                     ecep:syllab="1"
                     ecep:pron="meɪn">main</w>
                  <pc xmlns:ecep="http://www.eighteenthcenturypoetry.org/ns"
                      xml:id="o5156-121730"
                      n="64-a-0580"
                      ecep:lem=","
                      ecep:pos=","
                      ecep:reg=","
                      ecep:spe=",">,</pc>
               </l>
               <l xml:id="o5156-l07075">
                  <w xmlns:ecep="http://www.eighteenthcenturypoetry.org/ns"
                     xml:id="o5156-121740"
                     n="64-a-0590"
                     ecep:lem="and"
                     ecep:pos="cc"
                     ecep:reg="And"
                     ecep:spe="And"
                     ecep:syllab="1"
                     ecep:pron="ænd">And</w>
                  <c> </c>
                  <w xmlns:ecep="http://www.eighteenthcenturypoetry.org/ns"
                     xml:id="o5156-121750"
                     n="64-a-0600"
                     ecep:lem="join"
                     ecep:pos="vvi"
                     ecep:reg="join"
                     ecep:spe="join"
                     ecep:syllab="1"
                     ecep:pron="dʒɔɪn">join</w>
                  <c> </c>
                  <w xmlns:ecep="http://www.eighteenthcenturypoetry.org/ns"
                     xml:id="o5156-121760"
                     n="64-a-0610"
                     ecep:lem="within"
                     ecep:pos="p-acp"
                     ecep:reg="within"
                     ecep:spe="within"
                     ecep:syllab="2"
                     ecep:pron="wɪˈðɪn">within</w>
                  <c> </c>
                  <w xmlns:ecep="http://www.eighteenthcenturypoetry.org/ns"
                     xml:id="o5156-121770"
                     n="64-a-0620"
                     ecep:lem="the"
                     ecep:pos="dt"
                     ecep:reg="the"
                     ecep:spe="the"
                     ecep:syllab="1"
                     ecep:pron="ðiː">the</w>
                  <c> </c>
                  <w xmlns:ecep="http://www.eighteenthcenturypoetry.org/ns"
                     xml:id="o5156-121780"
                     n="64-a-0630"
                     ecep:lem="mossy"
                     ecep:pos="j"
                     ecep:reg="mossy"
                     ecep:spe="mossy"
                     ecep:syllab="2"
                     ecep:pron="ˈmɒsi">mossy</w>
                  <c> </c>
                  <w xmlns:ecep="http://www.eighteenthcenturypoetry.org/ns"
                     xml:id="o5156-121790"
                     n="64-a-0640"
                     ecep:lem="dome"
                     ecep:pos="n1"
                     ecep:reg="dome"
                     ecep:spe="dome"
                     ecep:syllab="1"
                     ecep:pron="dəʊm">dome</w>
               </l>
               <l xml:id="o5156-l07080">
                  <w xmlns:ecep="http://www.eighteenthcenturypoetry.org/ns"
                     xml:id="o5156-121800"
                     n="64-a-0650"
                     ecep:lem="old"
                     ecep:pos="j"
                     ecep:reg="Old"
                     ecep:spe="Old"
                     ecep:syllab="1"
                     ecep:pron="əʊld">Old</w>
                  <c> </c>
                  <w xmlns:ecep="http://www.eighteenthcenturypoetry.org/ns"
                     xml:id="o5156-121810"
                     n="64-a-0660"
                     ecep:lem="Tiber"
                     ecep:pos="np1"
                     ecep:reg="Tiber"
                     ecep:spe="Tiber"
                     ecep:syllab="2"
                     ecep:pron="ˈtaɪbə">Tiber</w>
                  <pc xmlns:ecep="http://www.eighteenthcenturypoetry.org/ns"
                      xml:id="o5156-121820"
                      n="64-a-0670"
                      ecep:lem=","
                      ecep:pos=","
                      ecep:reg=","
                      ecep:spe=",">,</pc>
                  <c> </c>
                  <w xmlns:ecep="http://www.eighteenthcenturypoetry.org/ns"
                     xml:id="o5156-121830"
                     n="64-a-0680"
                     ecep:lem="Arno"
                     ecep:pos="np1"
                     ecep:reg="Arno"
                     ecep:spe="Arno"
                     ecep:syllab="2"
                     ecep:pron="ˈɑːnəʊ">Arno</w>
                  <pc xmlns:ecep="http://www.eighteenthcenturypoetry.org/ns"
                      xml:id="o5156-121840"
                      n="64-a-0690"
                      ecep:lem=","
                      ecep:pos=","
                      ecep:reg=","
                      ecep:spe=",">,</pc>
                  <c> </c>
                  <w xmlns:ecep="http://www.eighteenthcenturypoetry.org/ns"
                     xml:id="o5156-121850"
                     n="64-a-0700"
                     ecep:lem="or"
                     ecep:pos="cc"
                     ecep:reg="or"
                     ecep:spe="or"
                     ecep:syllab="1"
                     ecep:pron="ɔː">or</w>
                  <c> </c>
                  <w xmlns:ecep="http://www.eighteenthcenturypoetry.org/ns"
                     xml:id="o5156-121860"
                     n="64-a-0710"
                     ecep:lem="the"
                     ecep:pos="dt"
                     ecep:reg="the"
                     ecep:spe="the"
                     ecep:syllab="1"
                     ecep:pron="ðiː">the</w>
                  <c> </c>
                  <w xmlns:ecep="http://www.eighteenthcenturypoetry.org/ns"
                     xml:id="o5156-121870"
                     n="64-a-0720"
                     ecep:lem="Seine"
                     ecep:pos="np1"
                     ecep:reg="Seine"
                     ecep:spe="Seine"
                     ecep:syllab="2"
                     ecep:pron="seɪn">Seine</w>
                  <pc xmlns:ecep="http://www.eighteenthcenturypoetry.org/ns"
                      xml:id="o5156-121880"
                      n="64-a-0730"
                      ecep:lem=";"
                      ecep:pos=";"
                      ecep:reg=";"
                      ecep:spe=";">;</pc>
               </l>
               <l xml:id="o5156-l07085">
                  <w xmlns:ecep="http://www.eighteenthcenturypoetry.org/ns"
                     xml:id="o5156-121890"
                     n="64-a-0740"
                     ecep:lem="when"
                     ecep:pos="c-crq"
                     ecep:reg="When"
                     ecep:spe="When"
                     ecep:syllab="1"
                     ecep:pron="wen">When</w>
                  <c> </c>
                  <w xmlns:ecep="http://www.eighteenthcenturypoetry.org/ns"
                     xml:id="o5156-121900"
                     n="64-a-0750"
                     ecep:lem="each"
                     ecep:pos="d"
                     ecep:reg="each"
                     ecep:spe="each"
                     ecep:syllab="1"
                     ecep:pron="iːtʃ">each</w>
                  <c> </c>
                  <w xmlns:ecep="http://www.eighteenthcenturypoetry.org/ns"
                     xml:id="o5156-121910"
                     n="64-a-0760"
                     ecep:lem="ambitious"
                     ecep:pos="j"
                     ecep:reg="ambitious"
                     ecep:spe="ambitious"
                     ecep:syllab="3"
                     ecep:pron="æmˈbɪʃəs">ambitious</w>
                  <c> </c>
                  <w xmlns:ecep="http://www.eighteenthcenturypoetry.org/ns"
                     xml:id="o5156-121920"
                     n="64-a-0770"
                     ecep:lem="stream"
                     ecep:pos="n1"
                     ecep:reg="stream"
                     ecep:spe="stream"
                     ecep:syllab="1"
                     ecep:pron="striːm">stream</w>
                  <c> </c>
                  <w xmlns:ecep="http://www.eighteenthcenturypoetry.org/ns"
                     xml:id="o5156-121930"
                     n="64-a-0780"
                     ecep:lem="shall"
                     ecep:pos="vmb"
                     ecep:reg="shall"
                     ecep:spe="shall"
                     ecep:syllab="1"
                     ecep:pron="ʃæl">shall</w>
                  <c> </c>
                  <w xmlns:ecep="http://www.eighteenthcenturypoetry.org/ns"
                     xml:id="o5156-121940"
                     n="64-a-0790"
                     ecep:lem="boast"
                     ecep:pos="vvi"
                     ecep:reg="boast"
                     ecep:spe="boast"
                     ecep:syllab="1"
                     ecep:pron="bəʊst">boast</w>
               </l>
               <l xml:id="o5156-l07090">
                  <w xmlns:ecep="http://www.eighteenthcenturypoetry.org/ns"
                     xml:id="o5156-121950"
                     n="64-a-0800"
                     ecep:lem="the"
                     ecep:pos="dt"
                     ecep:reg="The"
                     ecep:spe="The"
                     ecep:syllab="1"
                     ecep:pron="ðiː">The</w>
                  <c> </c>
                  <w xmlns:ecep="http://www.eighteenthcenturypoetry.org/ns"
                     xml:id="o5156-121960"
                     n="64-a-0810"
                     ecep:lem="glory"
                     ecep:pos="n2"
                     ecep:reg="glories"
                     ecep:spe="glories"
                     ecep:syllab="2"
                     ecep:pron="ˈglɔːriz">glories</w>
                  <c> </c>
                  <w xmlns:ecep="http://www.eighteenthcenturypoetry.org/ns"
                     xml:id="o5156-121970"
                     n="64-a-0820"
                     ecep:lem="of"
                     ecep:pos="pp-f"
                     ecep:reg="of"
                     ecep:spe="of"
                     ecep:syllab="1"
                     ecep:pron="ɒv">of</w>
                  <c> </c>
                  <w xmlns:ecep="http://www.eighteenthcenturypoetry.org/ns"
                     xml:id="o5156-121980"
                     n="64-a-0830"
                     ecep:lem="its"
                     ecep:pos="po31"
                     ecep:reg="its"
                     ecep:spe="its"
                     ecep:syllab="1"
                     ecep:pron="ɪts">its</w>
                  <c> </c>
                  <w xmlns:ecep="http://www.eighteenthcenturypoetry.org/ns"
                     xml:id="o5156-121990"
                     n="64-a-0840"
                     ecep:lem="flatter"
                     ecep:pos="j-vvn"
                     ecep:reg="flattered"
                     ecep:spe="flatter'd"
                     ecep:syllab="2"
                     ecep:pron="ˈflætəd">flatter'd</w>
                  <c> </c>
                  <w xmlns:ecep="http://www.eighteenthcenturypoetry.org/ns"
                     xml:id="o5156-122000"
                     n="64-a-0850"
                     ecep:lem="lord"
                     ecep:pos="n2"
                     ecep:reg="lords"
                     ecep:spe="lords"
                     ecep:syllab="1"
                     ecep:pron="lɔːdz">lords</w>
                  <pc xmlns:ecep="http://www.eighteenthcenturypoetry.org/ns"
                      xml:id="o5156-122010"
                      n="64-a-0860"
                      ecep:lem=";"
                      ecep:pos=";"
                      ecep:reg=";"
                      ecep:spe=";">;</pc>
               </l>
               <l xml:id="o5156-l07095">
                  <w xmlns:ecep="http://www.eighteenthcenturypoetry.org/ns"
                     xml:id="o5156-122020"
                     n="64-a-0870"
                     ecep:lem="what"
                     ecep:pos="q-crq"
                     ecep:reg="What"
                     ecep:spe="What"
                     ecep:syllab="1"
                     ecep:pron="wɒt">What</w>
                  <c> </c>
                  <w xmlns:ecep="http://www.eighteenthcenturypoetry.org/ns"
                     xml:id="o5156-122030"
                     n="64-a-0880"
                     ecep:lem="pomp"
                     ecep:pos="n1"
                     ecep:reg="pomp"
                     ecep:spe="pomp"
                     ecep:syllab="1"
                     ecep:pron="pɒmp">pomp</w>
                  <c> </c>
                  <w xmlns:ecep="http://www.eighteenthcenturypoetry.org/ns"
                     xml:id="o5156-122040"
                     n="64-a-0890"
                     ecep:lem="adorn"
                     ecep:pos="vvz"
                     ecep:reg="adorns"
                     ecep:spe="adorns"
                     ecep:syllab="2"
                     ecep:pron="əˈdɔːnz">adorns</w>
                  <c> </c>
                  <w xmlns:ecep="http://www.eighteenthcenturypoetry.org/ns"
                     xml:id="o5156-122050"
                     n="64-a-0900"
                     ecep:lem="the"
                     ecep:pos="dt"
                     ecep:reg="the"
                     ecep:spe="the"
                     ecep:syllab="1"
                     ecep:pron="ðiː">the</w>
                  <c> </c>
                  <w xmlns:ecep="http://www.eighteenthcenturypoetry.org/ns"
                     xml:id="o5156-122060"
                     n="64-a-0910"
                     ecep:lem="Gallic"
                     ecep:pos="np1"
                     ecep:reg="Gallic"
                     ecep:spe="Gallic"
                     ecep:syllab="2"
                     ecep:pron="ˈgælɪk">Gallic</w>
                  <c> </c>
                  <w xmlns:ecep="http://www.eighteenthcenturypoetry.org/ns"
                     xml:id="o5156-122070"
                     n="64-a-0920"
                     ecep:lem="coast"
                     ecep:pos="n1"
                     ecep:reg="coast"
                     ecep:spe="coast"
                     ecep:syllab="1"
                     ecep:pron="kəʊst">coast</w>
                  <pc xmlns:ecep="http://www.eighteenthcenturypoetry.org/ns"
                      xml:id="o5156-122080"
                      n="64-a-0930"
                      ecep:lem=","
                      ecep:pos=","
                      ecep:reg=","
                      ecep:spe=",">,</pc>
               </l>
               <l xml:id="o5156-l07100">
                  <w xmlns:ecep="http://www.eighteenthcenturypoetry.org/ns"
                     xml:id="o5156-122090"
                     n="64-a-0940"
                     ecep:lem="what"
                     ecep:pos="q-crq"
                     ecep:reg="What"
                     ecep:spe="What"
                     ecep:syllab="1"
                     ecep:pron="wɒt">What</w>
                  <c> </c>
                  <w xmlns:ecep="http://www.eighteenthcenturypoetry.org/ns"
                     xml:id="o5156-122100"
                     n="64-a-0950"
                     ecep:lem="Rome"
                     ecep:pos="np1"
                     ecep:reg="Rome"
                     ecep:spe="Rome"
                     ecep:syllab="1"
                     ecep:pron="ˈrəʊm">Rome</w>
                  <pc xmlns:ecep="http://www.eighteenthcenturypoetry.org/ns"
                      xml:id="o5156-122110"
                      n="64-a-0960"
                      ecep:lem=","
                      ecep:pos=","
                      ecep:reg=","
                      ecep:spe=",">,</pc>
                  <c> </c>
                  <w xmlns:ecep="http://www.eighteenthcenturypoetry.org/ns"
                     xml:id="o5156-122120"
                     n="64-a-0970"
                     ecep:lem="or"
                     ecep:pos="cc"
                     ecep:reg="or"
                     ecep:spe="or"
                     ecep:syllab="1"
                     ecep:pron="ɔː">or</w>
                  <c> </c>
                  <w xmlns:ecep="http://www.eighteenthcenturypoetry.org/ns"
                     xml:id="o5156-122130"
                     n="64-a-0980"
                     ecep:lem="Tuscany"
                     ecep:pos="np1"
                     ecep:reg="Tuscany"
                     ecep:spe="Tuscany"
                     ecep:syllab="3"
                     ecep:pron="tʌskənɪ">Tuscany</w>
                  <c> </c>
                  <w xmlns:ecep="http://www.eighteenthcenturypoetry.org/ns"
                     xml:id="o5156-122140"
                     n="64-a-0990"
                     ecep:lem="afford"
                     ecep:pos="vvz"
                     ecep:reg="affords"
                     ecep:spe="affords"
                     ecep:syllab="2"
                     ecep:pron="əˈfɔːdz">affords</w>
                  <pc xmlns:ecep="http://www.eighteenthcenturypoetry.org/ns"
                      xml:id="o5156-122150"
                      n="64-a-1000"
                      unit="sentence"
                      ecep:lem="."
                      ecep:pos="."
                      ecep:reg="."
                      ecep:spe=".">.</pc>
               </l>
               <l xml:id="o5156-l07105">
                  <w xmlns:ecep="http://www.eighteenthcenturypoetry.org/ns"
                     xml:id="o5156-122160"
                     n="64-a-1010"
                     ecep:lem="then"
                     ecep:pos="av"
                     ecep:reg="Then"
                     ecep:spe="Then"
                     ecep:syllab="1"
                     ecep:pron="ðen">Then</w>
                  <c> </c>
                  <w xmlns:ecep="http://www.eighteenthcenturypoetry.org/ns"
                     xml:id="o5156-122170"
                     n="64-a-1020"
                     ecep:lem="shall"
                     ecep:pos="vm2"
                     ecep:reg="shalt"
                     ecep:spe="shalt"
                     ecep:syllab="1"
                     ecep:pron="ʃælt">shalt</w>
                  <c> </c>
                  <w xmlns:ecep="http://www.eighteenthcenturypoetry.org/ns"
                     xml:id="o5156-122180"
                     n="64-a-1030"
                     ecep:lem="thou"
                     ecep:pos="pns21"
                     ecep:reg="thou"
                     ecep:spe="thou"
                     ecep:syllab="1"
                     ecep:pron="θaʊ">thou</w>
                  <c> </c>
                  <w xmlns:ecep="http://www.eighteenthcenturypoetry.org/ns"
                     xml:id="o5156-122190"
                     n="64-a-1040"
                     ecep:lem="speak"
                     ecep:pos="vvi"
                     ecep:reg="speak"
                     ecep:spe="speak"
                     ecep:syllab="1"
                     ecep:pron="spiːk">speak</w>
                  <pc xmlns:ecep="http://www.eighteenthcenturypoetry.org/ns"
                      xml:id="o5156-122200"
                      n="64-a-1050"
                      ecep:lem=","
                      ecep:pos=","
                      ecep:reg=","
                      ecep:spe=",">,</pc>
                  <c> </c>
                  <pc xmlns:ecep="http://www.eighteenthcenturypoetry.org/ns"
                      xml:id="o5156-122210"
                      n="64-a-1060"
                      ecep:lem="("
                      ecep:pos="("
                      ecep:reg="("
                      ecep:spe="(">(</pc>
                  <w xmlns:ecep="http://www.eighteenthcenturypoetry.org/ns"
                     xml:id="o5156-122220"
                     n="64-a-1070"
                     ecep:lem="and"
                     ecep:pos="cc"
                     ecep:reg="and"
                     ecep:spe="and"
                     ecep:syllab="1"
                     ecep:pron="ænd">and</w>
                  <c> </c>
                  <w xmlns:ecep="http://www.eighteenthcenturypoetry.org/ns"
                     xml:id="o5156-122230"
                     n="64-a-1080"
                     ecep:lem="sure"
                     ecep:pos="av-j"
                     ecep:reg="sure"
                     ecep:spe="sure"
                     ecep:syllab="1"
                     ecep:pron="ʃɔː">sure</w>
                  <c> </c>
                  <w xmlns:ecep="http://www.eighteenthcenturypoetry.org/ns"
                     xml:id="o5156-122240"
                     n="64-a-1090"
                     ecep:lem="thy"
                     ecep:pos="po21"
                     ecep:reg="thy"
                     ecep:spe="thy"
                     ecep:syllab="1"
                     ecep:pron="ðaɪ">thy</w>
                  <c> </c>
                  <w xmlns:ecep="http://www.eighteenthcenturypoetry.org/ns"
                     xml:id="o5156-122250"
                     n="64-a-1100"
                     ecep:lem="tale"
                     ecep:pos="n1"
                     ecep:reg="tale"
                     ecep:spe="tale"
                     ecep:syllab="1"
                     ecep:pron="teɪl">tale</w>
               </l>
               <l xml:id="o5156-l07110">
                  <w xmlns:ecep="http://www.eighteenthcenturypoetry.org/ns"
                     xml:id="o5156-122260"
                     n="64-a-1110"
                     ecep:lem="must"
                     ecep:pos="vmb"
                     ecep:reg="Must"
                     ecep:spe="Must"
                     ecep:syllab="1"
                     ecep:pron="mʌst">Must</w>
                  <c> </c>
                  <w xmlns:ecep="http://www.eighteenthcenturypoetry.org/ns"
                     xml:id="o5156-122270"
                     n="64-a-1120"
                     ecep:lem="check"
                     ecep:pos="vvi"
                     ecep:reg="cheque"
                     ecep:spe="check"
                     ecep:syllab="1"
                     ecep:pron="tʃek">check</w>
                  <c> </c>
                  <w xmlns:ecep="http://www.eighteenthcenturypoetry.org/ns"
                     xml:id="o5156-122280"
                     n="64-a-1130"
                     ecep:lem="each"
                     ecep:pos="d"
                     ecep:reg="each"
                     ecep:spe="each"
                     ecep:syllab="1"
                     ecep:pron="iːtʃ">each</w>
                  <c> </c>
                  <w xmlns:ecep="http://www.eighteenthcenturypoetry.org/ns"
                     xml:id="o5156-122290"
                     n="64-a-1140"
                     ecep:lem="partial"
                     ecep:pos="j"
                     ecep:reg="partial"
                     ecep:spe="partial"
                     ecep:syllab="2"
                     ecep:pron="ˈpɑːʃl">partial</w>
                  <c> </c>
                  <w xmlns:ecep="http://www.eighteenthcenturypoetry.org/ns"
                     xml:id="o5156-122300"
                     n="64-a-1150"
                     ecep:lem="torrent"
                     ecep:pos="ng1"
                     ecep:reg="torrent's"
                     ecep:spe="torrent's"
                     ecep:syllab="2"
                     ecep:pron="ˈtɒrntz">torrent's</w>
                  <c> </c>
                  <w xmlns:ecep="http://www.eighteenthcenturypoetry.org/ns"
                     xml:id="o5156-122310"
                     n="64-a-1160"
                     ecep:lem="pride"
                     ecep:pos="n1"
                     ecep:reg="pride"
                     ecep:spe="pride"
                     ecep:syllab="1"
                     ecep:pron="praɪd">pride</w>
                  <pc xmlns:ecep="http://www.eighteenthcenturypoetry.org/ns"
                      xml:id="o5156-122320"
                      n="64-a-1170"
                      ecep:lem=","
                      ecep:pos=","
                      ecep:reg=","
                      ecep:spe=",">,</pc>
                  <pc xmlns:ecep="http://www.eighteenthcenturypoetry.org/ns"
                      xml:id="o5156-122330"
                      n="64-a-1180"
                      ecep:lem=")"
                      ecep:pos=")"
                      ecep:reg=")"
                      ecep:spe=")">)</pc>
               </l>
               <l xml:id="o5156-l07115">
                  <w xmlns:ecep="http://www.eighteenthcenturypoetry.org/ns"
                     xml:id="o5156-122340"
                     n="64-a-1190"
                     ecep:lem="what"
                     ecep:pos="q-crq"
                     ecep:reg="What"
                     ecep:spe="What"
                     ecep:syllab="1"
                     ecep:pron="wɒt">What</w>
                  <c> </c>
                  <w xmlns:ecep="http://www.eighteenthcenturypoetry.org/ns"
                     xml:id="o5156-122350"
                     n="64-a-1200"
                     ecep:lem="scene"
                     ecep:pos="n2"
                     ecep:reg="scenes"
                     ecep:spe="scenes"
                     ecep:syllab="1"
                     ecep:pron="siːnz">scenes</w>
                  <c> </c>
                  <w xmlns:ecep="http://www.eighteenthcenturypoetry.org/ns"
                     xml:id="o5156-122360"
                     n="64-a-1210"
                     ecep:lem="adorn"
                     ecep:pos="vvb"
                     ecep:reg="adorn"
                     ecep:spe="adorn"
                     ecep:syllab="2"
                     ecep:pron="əˈdɔːn">adorn</w>
                  <c> </c>
                  <w xmlns:ecep="http://www.eighteenthcenturypoetry.org/ns"
                     xml:id="o5156-122370"
                     n="64-a-1220"
                     ecep:lem="this"
                     ecep:pos="d"
                     ecep:reg="this"
                     ecep:spe="this"
                     ecep:syllab="1"
                     ecep:pron="ðɪs">this</w>
                  <c> </c>
                  <w xmlns:ecep="http://www.eighteenthcenturypoetry.org/ns"
                     xml:id="o5156-122380"
                     n="64-a-1230"
                     ecep:lem="flowery"
                     ecep:pos="j"
                     ecep:reg="flowery"
                     ecep:spe="flow'ry"
                     ecep:syllab="2"
                     ecep:pron="ˈflaʊri">flow'ry</w>
                  <c> </c>
                  <w xmlns:ecep="http://www.eighteenthcenturypoetry.org/ns"
                     xml:id="o5156-122390"
                     n="64-a-1240"
                     ecep:lem="vale"
                     ecep:pos="n1"
                     ecep:reg="vale"
                     ecep:spe="vale"
                     ecep:syllab="1"
                     ecep:pron="ˈvɑːleɪ">vale</w>
                  <pc xmlns:ecep="http://www.eighteenthcenturypoetry.org/ns"
                      xml:id="o5156-122400"
                      n="64-a-1250"
                      ecep:lem=","
                      ecep:pos=","
                      ecep:reg=","
                      ecep:spe=",">,</pc>
               </l>
               <l xml:id="o5156-l07120">
                  <w xmlns:ecep="http://www.eighteenthcenturypoetry.org/ns"
                     xml:id="o5156-122410"
                     n="64-a-1260"
                     ecep:lem="through"
                     ecep:pos="p-acp"
                     ecep:reg="Through"
                     ecep:spe="Thro'"
                     ecep:syllab="1"
                     ecep:pron="θruː">Thro'</w>
                  <c> </c>
                  <w xmlns:ecep="http://www.eighteenthcenturypoetry.org/ns"
                     xml:id="o5156-122420"
                     n="64-a-1270"
                     ecep:lem="which"
                     ecep:pos="r-crq"
                     ecep:reg="which"
                     ecep:spe="which"
                     ecep:syllab="1"
                     ecep:pron="wɪtʃ">which</w>
                  <c> </c>
                  <w xmlns:ecep="http://www.eighteenthcenturypoetry.org/ns"
                     xml:id="o5156-122430"
                     n="64-a-1280"
                     ecep:lem="thy"
                     ecep:pos="po21"
                     ecep:reg="thy"
                     ecep:spe="thy"
                     ecep:syllab="1"
                     ecep:pron="ðaɪ">thy</w>
                  <c> </c>
                  <w xmlns:ecep="http://www.eighteenthcenturypoetry.org/ns"
                     xml:id="o5156-122440"
                     n="64-a-1290"
                     ecep:lem="happy"
                     ecep:pos="jc"
                     ecep:reg="happier"
                     ecep:spe="happier"
                     ecep:syllab="2"
                     ecep:pron="ˈhæpiə">happier</w>
                  <c> </c>
                  <w xmlns:ecep="http://www.eighteenthcenturypoetry.org/ns"
                     xml:id="o5156-122450"
                     n="64-a-1300"
                     ecep:lem="current"
                     ecep:pos="n2"
                     ecep:reg="currents"
                     ecep:spe="currents"
                     ecep:syllab="2"
                     ecep:pron="ˈkʌrnts">currents</w>
                  <c> </c>
                  <w xmlns:ecep="http://www.eighteenthcenturypoetry.org/ns"
                     xml:id="o5156-122460"
                     n="64-a-1310"
                     ecep:lem="glide"
                     ecep:pos="vvi"
                     ecep:reg="glide"
                     ecep:spe="glide"
                     ecep:syllab="1"
                     ecep:pron="glaɪd">glide</w>
                  <pc xmlns:ecep="http://www.eighteenthcenturypoetry.org/ns"
                      xml:id="o5156-122470"
                      n="64-a-1320"
                      unit="sentence"
                      ecep:lem="."
                      ecep:pos="."
                      ecep:reg="."
                      ecep:spe=".">.</pc>
               </l>
               <l xml:id="o5156-l07125">
                  <w xmlns:ecep="http://www.eighteenthcenturypoetry.org/ns"
                     xml:id="o5156-122480"
                     n="64-a-1330"
                     ecep:lem="but"
                     ecep:pos="p-acp"
                     ecep:reg="But"
                     ecep:spe="But"
                     ecep:syllab="1"
                     ecep:pron="bʌt">But</w>
                  <c> </c>
                  <w xmlns:ecep="http://www.eighteenthcenturypoetry.org/ns"
                     xml:id="o5156-122490"
                     n="64-a-1340"
                     ecep:lem="when"
                     ecep:pos="c-crq"
                     ecep:reg="when"
                     ecep:spe="when"
                     ecep:syllab="1"
                     ecep:pron="wen">when</w>
                  <c> </c>
                  <w xmlns:ecep="http://www.eighteenthcenturypoetry.org/ns"
                     xml:id="o5156-122500"
                     n="64-a-1350"
                     ecep:lem="thy"
                     ecep:pos="po21"
                     ecep:reg="thy"
                     ecep:spe="thy"
                     ecep:syllab="1"
                     ecep:pron="ðaɪ">thy</w>
                  <c> </c>
                  <w xmlns:ecep="http://www.eighteenthcenturypoetry.org/ns"
                     xml:id="o5156-122510"
                     n="64-a-1360"
                     ecep:lem="fond"
                     ecep:pos="j"
                     ecep:reg="fond"
                     ecep:spe="fond"
                     ecep:syllab="1"
                     ecep:pron="fɒnd">fond</w>
                  <c> </c>
                  <w xmlns:ecep="http://www.eighteenthcenturypoetry.org/ns"
                     xml:id="o5156-122520"
                     n="64-a-1370"
                     ecep:lem="description"
                     ecep:pos="n1"
                     ecep:reg="description"
                     ecep:spe="description"
                     ecep:syllab="3"
                     ecep:pron="dɪˈskrɪpʃn">description</w>
                  <c> </c>
                  <w xmlns:ecep="http://www.eighteenthcenturypoetry.org/ns"
                     xml:id="o5156-122530"
                     n="64-a-1380"
                     ecep:lem="tell"
                     ecep:pos="vvz"
                     ecep:reg="tells"
                     ecep:spe="tells"
                     ecep:syllab="1"
                     ecep:pron="telz">tells</w>
               </l>
               <l xml:id="o5156-l07130">
                  <w xmlns:ecep="http://www.eighteenthcenturypoetry.org/ns"
                     xml:id="o5156-122540"
                     n="64-a-1390"
                     ecep:lem="the"
                     ecep:pos="dt"
                     ecep:reg="The"
                     ecep:spe="The"
                     ecep:syllab="1"
                     ecep:pron="ðiː">The</w>
                  <c> </c>
                  <w xmlns:ecep="http://www.eighteenthcenturypoetry.org/ns"
                     xml:id="o5156-122550"
                     n="64-a-1400"
                     ecep:lem="beauty"
                     ecep:pos="n2"
                     ecep:reg="beauties"
                     ecep:spe="beauties"
                     ecep:syllab="2"
                     ecep:pron="ˈbjuːtiz">beauties</w>
                  <c> </c>
                  <w xmlns:ecep="http://www.eighteenthcenturypoetry.org/ns"
                     xml:id="o5156-122560"
                     n="64-a-1410"
                     ecep:lem="of"
                     ecep:pos="pp-f"
                     ecep:reg="of"
                     ecep:spe="of"
                     ecep:syllab="1"
                     ecep:pron="ɒv">of</w>
                  <c> </c>
                  <w xmlns:ecep="http://www.eighteenthcenturypoetry.org/ns"
                     xml:id="o5156-122570"
                     n="64-a-1420"
                     ecep:lem="this"
                     ecep:pos="d"
                     ecep:reg="this"
                     ecep:spe="this"
                     ecep:syllab="1"
                     ecep:pron="ðɪs">this</w>
                  <c> </c>
                  <w xmlns:ecep="http://www.eighteenthcenturypoetry.org/ns"
                     xml:id="o5156-122580"
                     n="64-a-1430"
                     ecep:lem="grott"
                     ecep:pos="n1"
                     ecep:reg="grott"
                     ecep:spe="grott"
                     ecep:syllab="1"
                     ecep:pron="grɒt">grott</w>
                  <c> </c>
                  <w xmlns:ecep="http://www.eighteenthcenturypoetry.org/ns"
                     xml:id="o5156-122590"
                     n="64-a-1440"
                     ecep:lem="divine"
                     ecep:pos="j-jn"
                     ecep:reg="divine"
                     ecep:spe="divine"
                     ecep:syllab="2"
                     ecep:pron="dɪˈvaɪn">divine</w>
                  <pc xmlns:ecep="http://www.eighteenthcenturypoetry.org/ns"
                      xml:id="o5156-122600"
                      n="64-a-1450"
                      ecep:lem=":"
                      ecep:pos=":"
                      ecep:reg=":"
                      ecep:spe=":">:</pc>
               </l>
               <l xml:id="o5156-l07135">
                  <w xmlns:ecep="http://www.eighteenthcenturypoetry.org/ns"
                     xml:id="o5156-122610"
                     n="64-a-1460"
                     ecep:lem="what"
                     ecep:pos="q-crq"
                     ecep:reg="What"
                     ecep:spe="What"
                     ecep:syllab="1"
                     ecep:pron="wɒt">What</w>
                  <c> </c>
                  <w xmlns:ecep="http://www.eighteenthcenturypoetry.org/ns"
                     xml:id="o5156-122620"
                     n="64-a-1470"
                     ecep:lem="miracle"
                     ecep:pos="n2"
                     ecep:reg="miracles"
                     ecep:spe="miracles"
                     ecep:syllab="3"
                     ecep:pron="ˈmɪrəklz">miracles</w>
                  <c> </c>
                  <w xmlns:ecep="http://www.eighteenthcenturypoetry.org/ns"
                     xml:id="o5156-122630"
                     n="64-a-1480"
                     ecep:lem="be"
                     ecep:pos="vbr"
                     ecep:reg="are"
                     ecep:spe="are"
                     ecep:syllab="1"
                     ecep:pron="ɑː">are</w>
                  <c> </c>
                  <w xmlns:ecep="http://www.eighteenthcenturypoetry.org/ns"
                     xml:id="o5156-122640"
                     n="64-a-1490"
                     ecep:lem="wrought"
                     ecep:pos="vvn"
                     ecep:reg="wrought"
                     ecep:spe="wrought"
                     ecep:syllab="1"
                     ecep:pron="rɔːt">wrought</w>
                  <c> </c>
                  <w xmlns:ecep="http://www.eighteenthcenturypoetry.org/ns"
                     xml:id="o5156-122650"
                     n="64-a-1500"
                     ecep:lem="by"
                     ecep:pos="p-acp"
                     ecep:reg="by"
                     ecep:spe="by"
                     ecep:syllab="1"
                     ecep:pron="baɪ">by</w>
                  <c> </c>
                  <w xmlns:ecep="http://www.eighteenthcenturypoetry.org/ns"
                     xml:id="o5156-122660"
                     n="64-a-1510"
                     ecep:lem="shell"
                     ecep:pos="n2"
                     ecep:reg="shells"
                     ecep:spe="shells"
                     ecep:syllab="1"
                     ecep:pron="ʃelz">shells</w>
                  <pc xmlns:ecep="http://www.eighteenthcenturypoetry.org/ns"
                      xml:id="o5156-122670"
                      n="64-a-1520"
                      ecep:lem=","
                      ecep:pos=","
                      ecep:reg=","
                      ecep:spe=",">,</pc>
               </l>
               <l xml:id="o5156-l07140">
                  <w xmlns:ecep="http://www.eighteenthcenturypoetry.org/ns"
                     xml:id="o5156-122680"
                     n="64-a-1530"
                     ecep:lem="where"
                     ecep:pos="q-crq"
                     ecep:reg="Where"
                     ecep:spe="Where"
                     ecep:syllab="1"
                     ecep:pron="weə">Where</w>
                  <c> </c>
                  <w xmlns:ecep="http://www.eighteenthcenturypoetry.org/ns"
                     xml:id="o5156-122690"
                     n="64-a-1540"
                     ecep:lem="nice"
                     ecep:pos="js"
                     ecep:reg="nicest"
                     ecep:spe="nicest"
                     ecep:syllab="2"
                     ecep:pron="naɪsɪst">nicest</w>
                  <c> </c>
                  <w xmlns:ecep="http://www.eighteenthcenturypoetry.org/ns"
                     xml:id="o5156-122700"
                     n="64-a-1550"
                     ecep:lem="taste"
                     ecep:pos="n1"
                     ecep:reg="taste"
                     ecep:spe="taste"
                     ecep:syllab="1"
                     ecep:pron="teɪst">taste</w>
                  <c> </c>
                  <w xmlns:ecep="http://www.eighteenthcenturypoetry.org/ns"
                     xml:id="o5156-122710"
                     n="64-a-1560"
                     ecep:lem="and"
                     ecep:pos="cc"
                     ecep:reg="and"
                     ecep:spe="and"
                     ecep:syllab="1"
                     ecep:pron="ænd">and</w>
                  <c> </c>
                  <w xmlns:ecep="http://www.eighteenthcenturypoetry.org/ns"
                     xml:id="o5156-122720"
                     n="64-a-1570"
                     ecep:lem="fancy"
                     ecep:pos="vvb"
                     ecep:reg="fancy"
                     ecep:spe="fancy"
                     ecep:syllab="2"
                     ecep:pron="ˈfænsi">fancy</w>
                  <c> </c>
                  <w xmlns:ecep="http://www.eighteenthcenturypoetry.org/ns"
                     xml:id="o5156-122730"
                     n="64-a-1580"
                     ecep:lem="join"
                     ecep:pos="vvi"
                     ecep:reg="join"
                     ecep:spe="join"
                     ecep:syllab="1"
                     ecep:pron="dʒɔɪn">join</w>
                  <pc xmlns:ecep="http://www.eighteenthcenturypoetry.org/ns"
                      xml:id="o5156-122740"
                      n="64-a-1590"
                      ecep:lem=":"
                      ecep:pos=":"
                      ecep:reg=":"
                      ecep:spe=":">:</pc>
               </l>
               <l xml:id="o5156-l07145">
                  <w xmlns:ecep="http://www.eighteenthcenturypoetry.org/ns"
                     xml:id="o5156-122750"
                     n="64-a-1600"
                     ecep:lem="thy"
                     ecep:pos="po21"
                     ecep:reg="Thy"
                     ecep:spe="Thy"
                     ecep:syllab="1"
                     ecep:pron="ðaɪ">Thy</w>
                  <c> </c>
                  <w xmlns:ecep="http://www.eighteenthcenturypoetry.org/ns"
                     xml:id="o5156-122760"
                     n="64-a-1610"
                     ecep:lem="story"
                     ecep:pos="n1"
                     ecep:reg="storey"
                     ecep:spe="story"
                     ecep:syllab="2"
                     ecep:pron="ˈstɔːri">story</w>
                  <c> </c>
                  <w xmlns:ecep="http://www.eighteenthcenturypoetry.org/ns"
                     xml:id="o5156-122770"
                     n="64-a-1620"
                     ecep:lem="shall"
                     ecep:pos="vmb"
                     ecep:reg="shall"
                     ecep:spe="shall"
                     ecep:syllab="1"
                     ecep:pron="ʃæl">shall</w>
                  <c> </c>
                  <w xmlns:ecep="http://www.eighteenthcenturypoetry.org/ns"
                     xml:id="o5156-122780"
                     n="64-a-1630"
                     ecep:lem="the"
                     ecep:pos="dt"
                     ecep:reg="the"
                     ecep:spe="the"
                     ecep:syllab="1"
                     ecep:pron="ðiː">the</w>
                  <c> </c>
                  <w xmlns:ecep="http://www.eighteenthcenturypoetry.org/ns"
                     xml:id="o5156-122790"
                     n="64-a-1640"
                     ecep:lem="goddess"
                     ecep:pos="n1"
                     ecep:reg="goddess"
                     ecep:spe="goddess"
                     ecep:syllab="2"
                     ecep:pron="ˈgɒdes">goddess</w>
                  <c> </c>
                  <w xmlns:ecep="http://www.eighteenthcenturypoetry.org/ns"
                     xml:id="o5156-122800"
                     n="64-a-1650"
                     ecep:lem="move"
                     ecep:pos="vvi"
                     ecep:reg="move"
                     ecep:spe="move"
                     ecep:syllab="1"
                     ecep:pron="muːv">move</w>
                  <pc xmlns:ecep="http://www.eighteenthcenturypoetry.org/ns"
                      xml:id="o5156-122810"
                      n="64-a-1660"
                      ecep:lem=","
                      ecep:pos=","
                      ecep:reg=","
                      ecep:spe=",">,</pc>
               </l>
               <l xml:id="o5156-l07150">
                  <w xmlns:ecep="http://www.eighteenthcenturypoetry.org/ns"
                     xml:id="o5156-122820"
                     n="64-a-1670"
                     ecep:lem="to"
                     ecep:pos="pc-acp"
                     ecep:reg="To"
                     ecep:spe="To"
                     ecep:syllab="1"
                     ecep:pron="tuː">To</w>
                  <c> </c>
                  <w xmlns:ecep="http://www.eighteenthcenturypoetry.org/ns"
                     xml:id="o5156-122830"
                     n="64-a-1680"
                     ecep:lem="quit"
                     ecep:pos="vvi"
                     ecep:reg="quit"
                     ecep:spe="quit"
                     ecep:syllab="1"
                     ecep:pron="kwɪt">quit</w>
                  <c> </c>
                  <w xmlns:ecep="http://www.eighteenthcenturypoetry.org/ns"
                     xml:id="o5156-122840"
                     n="64-a-1690"
                     ecep:lem="her"
                     ecep:pos="po31"
                     ecep:reg="her"
                     ecep:spe="her"
                     ecep:syllab="1"
                     ecep:pron="hɜː">her</w>
                  <c> </c>
                  <w xmlns:ecep="http://www.eighteenthcenturypoetry.org/ns"
                     xml:id="o5156-122850"
                     n="64-a-1700"
                     ecep:lem="empire"
                     ecep:pos="n1"
                     ecep:reg="empire"
                     ecep:spe="empire"
                     ecep:syllab="1"
                     ecep:pron="ˈempæə">empire</w>
                  <c> </c>
                  <w xmlns:ecep="http://www.eighteenthcenturypoetry.org/ns"
                     xml:id="o5156-122860"
                     n="64-a-1710"
                     ecep:lem="of"
                     ecep:pos="pp-f"
                     ecep:reg="of"
                     ecep:spe="of"
                     ecep:syllab="1"
                     ecep:pron="ɒv">of</w>
                  <c> </c>
                  <w xmlns:ecep="http://www.eighteenthcenturypoetry.org/ns"
                     xml:id="o5156-122870"
                     n="64-a-1720"
                     ecep:lem="the"
                     ecep:pos="dt"
                     ecep:reg="the"
                     ecep:spe="the"
                     ecep:syllab="1"
                     ecep:pron="ðiː">the</w>
                  <c> </c>
                  <w xmlns:ecep="http://www.eighteenthcenturypoetry.org/ns"
                     xml:id="o5156-122880"
                     n="64-a-1730"
                     ecep:lem="main"
                     ecep:pos="j"
                     ecep:reg="main"
                     ecep:spe="main"
                     ecep:syllab="1"
                     ecep:pron="meɪn">main</w>
                  <pc xmlns:ecep="http://www.eighteenthcenturypoetry.org/ns"
                      xml:id="o5156-122890"
                      n="64-a-1740"
                      ecep:lem=","
                      ecep:pos=","
                      ecep:reg=","
                      ecep:spe=",">,</pc>
               </l>
               <l xml:id="o5156-l07155">
                  <w xmlns:ecep="http://www.eighteenthcenturypoetry.org/ns"
                     xml:id="o5156-122900"
                     n="64-a-1750"
                     ecep:lem="her"
                     ecep:pos="po31"
                     ecep:reg="Her"
                     ecep:spe="Her"
                     ecep:syllab="1"
                     ecep:pron="hɜː">Her</w>
                  <c> </c>
                  <w xmlns:ecep="http://www.eighteenthcenturypoetry.org/ns"
                     xml:id="o5156-122910"
                     n="64-a-1760"
                     ecep:lem="throne"
                     ecep:pos="n1"
                     ecep:reg="throne"
                     ecep:spe="throne"
                     ecep:syllab="1"
                     ecep:pron="θrəʊn">throne</w>
                  <c> </c>
                  <w xmlns:ecep="http://www.eighteenthcenturypoetry.org/ns"
                     xml:id="o5156-122920"
                     n="64-a-1770"
                     ecep:lem="of"
                     ecep:pos="pp-f"
                     ecep:reg="of"
                     ecep:spe="of"
                     ecep:syllab="1"
                     ecep:pron="ɒv">of</w>
                  <c> </c>
                  <w xmlns:ecep="http://www.eighteenthcenturypoetry.org/ns"
                     xml:id="o5156-122930"
                     n="64-a-1780"
                     ecep:lem="pearl"
                     ecep:pos="n2"
                     ecep:reg="pearls"
                     ecep:spe="pearls"
                     ecep:syllab="1"
                     ecep:pron="pɜːlz">pearls</w>
                  <pc xmlns:ecep="http://www.eighteenthcenturypoetry.org/ns"
                      xml:id="o5156-122940"
                      n="64-a-1790"
                      ecep:lem=","
                      ecep:pos=","
                      ecep:reg=","
                      ecep:spe=",">,</pc>
                  <c> </c>
                  <w xmlns:ecep="http://www.eighteenthcenturypoetry.org/ns"
                     xml:id="o5156-122950"
                     n="64-a-1800"
                     ecep:lem="her"
                     ecep:pos="po31"
                     ecep:reg="her"
                     ecep:spe="her"
                     ecep:syllab="1"
                     ecep:pron="hɜː">her</w>
                  <c> </c>
                  <w xmlns:ecep="http://www.eighteenthcenturypoetry.org/ns"
                     xml:id="o5156-122960"
                     n="64-a-1810"
                     ecep:lem="coral"
                     ecep:pos="n1"
                     ecep:reg="coral"
                     ecep:spe="coral"
                     ecep:syllab="2"
                     ecep:pron="ˈkɒrəl">coral</w>
                  <c> </c>
                  <w xmlns:ecep="http://www.eighteenthcenturypoetry.org/ns"
                     xml:id="o5156-122970"
                     n="64-a-1820"
                     ecep:lem="grove"
                     ecep:pos="n1"
                     ecep:reg="grove"
                     ecep:spe="grove"
                     ecep:syllab="1"
                     ecep:pron="grəʊv">grove</w>
                  <pc xmlns:ecep="http://www.eighteenthcenturypoetry.org/ns"
                      xml:id="o5156-122980"
                      n="64-a-1830"
                      ecep:lem=","
                      ecep:pos=","
                      ecep:reg=","
                      ecep:spe=",">,</pc>
               </l>
               <l xml:id="o5156-l07160">
                  <w xmlns:ecep="http://www.eighteenthcenturypoetry.org/ns"
                     xml:id="o5156-122990"
                     n="64-a-1840"
                     ecep:lem="and"
                     ecep:pos="cc"
                     ecep:reg="And"
                     ecep:spe="And"
                     ecep:syllab="1"
                     ecep:pron="ænd">And</w>
                  <c> </c>
                  <w xmlns:ecep="http://www.eighteenthcenturypoetry.org/ns"
                     xml:id="o5156-123000"
                     n="64-a-1850"
                     ecep:lem="live"
                     ecep:pos="vvi"
                     ecep:reg="live"
                     ecep:spe="live"
                     ecep:syllab="1"
                     ecep:pron="lɪv">live</w>
                  <c> </c>
                  <w xmlns:ecep="http://www.eighteenthcenturypoetry.org/ns"
                     xml:id="o5156-123010"
                     n="64-a-1860"
                     ecep:lem="retire"
                     ecep:pos="vvn"
                     ecep:reg="retired"
                     ecep:spe="retir'd"
                     ecep:syllab="2"
                     ecep:pron="rɪˈtæəd">retir'd</w>
                  <c> </c>
                  <w xmlns:ecep="http://www.eighteenthcenturypoetry.org/ns"
                     xml:id="o5156-123020"
                     n="64-a-1870"
                     ecep:lem="with"
                     ecep:pos="p-acp"
                     ecep:reg="with"
                     ecep:spe="with"
                     ecep:syllab="1"
                     ecep:pron="wɪð">with</w>
                  <c> </c>
                  <w xmlns:ecep="http://www.eighteenthcenturypoetry.org/ns"
                     xml:id="o5156-123030"
                     n="64-a-1880"
                     ecep:lem="thou"
                     ecep:pos="pno21"
                     ecep:reg="Thee"
                     ecep:spe="Thee"
                     ecep:syllab="1"
                     ecep:pron="ðiː">Thee</w>
                  <c> </c>
                  <w xmlns:ecep="http://www.eighteenthcenturypoetry.org/ns"
                     xml:id="o5156-123040"
                     n="64-a-1890"
                     ecep:lem="and"
                     ecep:pos="cc"
                     ecep:reg="and"
                     ecep:spe="and"
                     ecep:syllab="1"
                     ecep:pron="ænd">and</w>
                  <c> </c>
                  <w xmlns:ecep="http://www.eighteenthcenturypoetry.org/ns"
                     xml:id="o5156-123050"
                     n="64-a-1900"
                     ecep:lem="Fane"
                     ecep:pos="np1"
                     ecep:reg="FANE"
                     ecep:spe="FANE"
                     ecep:syllab="1"
                     ecep:pron="feɪn">FANE</w>
                  <pc xmlns:ecep="http://www.eighteenthcenturypoetry.org/ns"
                      xml:id="o5156-123060"
                      n="64-a-1910"
                      unit="sentence"
                      ecep:lem="."
                      ecep:pos="."
                      ecep:reg="."
                      ecep:spe=".">.</pc>
               </l>
            </lg>
         </div>
      </body>
   </text>
</TEI>
