<?xml version="1.0" encoding="utf-8"?>
<!DOCTYPE div
  SYSTEM "about:legacy-compat">
<div xmlns:ecep="http://www.eighteenthcenturypoetry.org/ns"
     xmlns="http://www.tei-c.org/ns/1.0"
     xmlns:tei="http://www.tei-c.org/ns/1.0"
     ana="#iamb #tetrameter #pentameter #sestet #sestarima #song"
     corresp="#txt_HuntAn1741_w0043"
     decls="#semi-normalized"
     ecep:syllab="8.8.8.8.10.10"
     met="-+|-+|-+|-+/ -+|-+|-+|-+/ -+|-+|-+|-+/ -+|-+|-+|-+/ -+|-+|-+|-+|-+/ -+|-+|-+|-+|-+/"
     rendition="#lgvspace"
     rhyme="ababcc"
     subtype="eceptext"
     type="poem"
     xml:id="bah18-w0430">
   <link target="authors.xml#aut_HuntAn1741" type="author"/>
   <head type="main">
      <w xml:id="bah18-134500"
         n="a-0870"
         ecep:lem="song"
         ecep:pos="n1"
         ecep:reg="SONG"
         ecep:spe="SONG"
         ecep:syllab="1"
         ecep:pron="sɒŋ">SONG</w>
      <pc xml:id="bah18-134510"
          n="a-0880"
          unit="sentence"
          ecep:lem="."
          ecep:pos="."
          ecep:reg="."
          ecep:spe=".">.</pc>
   </head>
   <lg xml:id="bah18-s01105">
      <l xml:id="bah18-l06295">
         <w xml:id="bah18-134540"
            n="a-0890"
            ecep:lem="over"
            ecep:pos="a-acp"
            ecep:reg="OVER"
            ecep:spe="O'ER"
            ecep:syllab="1"
            ecep:pron="əʊə">O'ER</w>
         <c> </c>
         <w xml:id="bah18-134550"
            n="a-0900"
            ecep:lem="the"
            ecep:pos="dt"
            ecep:reg="the"
            ecep:spe="the"
            ecep:syllab="1"
            ecep:pron="ðə">the</w>
         <c> </c>
         <w xml:id="bah18-134560"
            n="a-0910"
            ecep:lem="lone"
            ecep:pos="j"
            ecep:reg="lone"
            ecep:spe="lone"
            ecep:syllab="1"
            ecep:pron="ləʊn">lone</w>
         <c> </c>
         <w xml:id="bah18-134570"
            n="a-0920"
            ecep:lem="heath"
            ecep:pos="n1"
            ecep:reg="heath"
            ecep:spe="heath"
            ecep:syllab="1"
            ecep:pron="hiːθ">heath</w>
         <c> </c>
         <w xml:id="bah18-134580"
            n="a-0930"
            ecep:lem="i"
            ecep:pos="pns11"
            ecep:reg="I"
            ecep:spe="I"
            ecep:syllab="1"
            ecep:pron="aɪ">I</w>
         <c> </c>
         <w xml:id="bah18-134590"
            n="a-0940"
            ecep:lem="wander"
            ecep:pos="vvb"
            ecep:reg="wander"
            ecep:spe="wander"
            ecep:syllab="2"
            ecep:pron="ˈwɒndə">wander</w>
         <c> </c>
         <w xml:id="bah18-134600"
            n="a-0950"
            ecep:lem="wild"
            ecep:pos="j"
            ecep:reg="wild"
            ecep:spe="wild"
            ecep:syllab="1"
            ecep:pron="waɪld">wild</w>
         <pc xml:id="bah18-134610"
             n="a-0960"
             ecep:lem=","
             ecep:pos=","
             ecep:reg=","
             ecep:spe=",">,</pc>
      </l>
      <l rendition="#h_3" xml:id="bah18-l06300">
         <c> </c>
         <w xml:id="bah18-134620"
            n="a-0970"
            ecep:lem="or"
            ecep:pos="cc"
            ecep:reg="Or"
            ecep:spe="Or"
            ecep:syllab="1"
            ecep:pron="ɔː">Or</w>
         <c> </c>
         <w xml:id="bah18-134630"
            n="a-0980"
            ecep:lem="sing"
            ecep:pos="vvi"
            ecep:reg="sing"
            ecep:spe="sing"
            ecep:syllab="1"
            ecep:pron="sɪŋ">sing</w>
         <c> </c>
         <w xml:id="bah18-134640"
            n="a-0990"
            ecep:lem="beneath"
            ecep:pos="p-acp"
            ecep:reg="beneath"
            ecep:spe="beneath"
            ecep:syllab="2"
            ecep:pron="bɪˈniːθ">beneath</w>
         <c> </c>
         <w xml:id="bah18-134650"
            n="a-1000"
            ecep:lem="the"
            ecep:pos="dt"
            ecep:reg="the"
            ecep:spe="the"
            ecep:syllab="1"
            ecep:pron="ðə">the</w>
         <c> </c>
         <w xml:id="bah18-134660"
            n="a-1010"
            ecep:lem="hawthorn"
            ecep:pos="n1"
            ecep:reg="hawthorn"
            ecep:spe="hawthorn"
            ecep:syllab="2"
            ecep:pron="ˈhɔːˌθɔːn">hawthorn</w>
         <c> </c>
         <w xml:id="bah18-134670"
            n="a-1020"
            ecep:lem="shade"
            ecep:pos="n1"
            ecep:reg="shade"
            ecep:spe="shade"
            ecep:syllab="1"
            ecep:pron="ʃeɪd">shade</w>
         <pc xml:id="bah18-134680"
             n="a-1030"
             ecep:lem=","
             ecep:pos=","
             ecep:reg=","
             ecep:spe=",">,</pc>
      </l>
      <l xml:id="bah18-l06305">
         <c> </c>
         <w xml:id="bah18-134690"
            n="a-1040"
            ecep:lem="while"
            ecep:pos="cs"
            ecep:reg="While"
            ecep:spe="While"
            ecep:syllab="1"
            ecep:pron="waɪl">While</w>
         <c> </c>
         <w xml:id="bah18-134700"
            n="a-1050"
            ecep:lem="the"
            ecep:pos="dt"
            ecep:reg="the"
            ecep:spe="the"
            ecep:syllab="1"
            ecep:pron="ðə">the</w>
         <c> </c>
         <w xml:id="bah18-134710"
            n="a-1060"
            ecep:lem="soft"
            ecep:pos="j"
            ecep:reg="soft"
            ecep:spe="soft"
            ecep:syllab="1"
            ecep:pron="sɒft">soft</w>
         <c> </c>
         <w xml:id="bah18-134720"
            n="a-1070"
            ecep:lem="breeze"
            ecep:pos="n1"
            ecep:reg="breeze"
            ecep:spe="breeze"
            ecep:syllab="1"
            ecep:pron="briːz">breeze</w>
         <c> </c>
         <w xml:id="bah18-134730"
            n="a-1080"
            ecep:lem="of"
            ecep:pos="pp-f"
            ecep:reg="of"
            ecep:spe="of"
            ecep:syllab="1"
            ecep:pron="ɒv">of</w>
         <c> </c>
         <w xml:id="bah18-134740"
            n="a-1090"
            ecep:lem="evening"
            ecep:pos="n1"
            ecep:reg="evening"
            ecep:spe="ev'ning"
            ecep:syllab="2"
            ecep:pron="ˈiːvnɪŋ">ev'ning</w>
         <c> </c>
         <w xml:id="bah18-134750"
            n="a-1100"
            ecep:lem="mild"
            ecep:pos="j"
            ecep:reg="mild"
            ecep:spe="mild"
            ecep:syllab="1"
            ecep:pron="maɪld">mild</w>
      </l>
      <l rendition="#h_3" xml:id="bah18-l06310">
         <c> </c>
         <w xml:id="bah18-134760"
            n="a-1110"
            ecep:lem="hover"
            ecep:pos="vvz"
            ecep:reg="Hovers"
            ecep:spe="Hovers"
            ecep:syllab="2"
            ecep:pron="ˈhɒvəz">Hovers</w>
         <c> </c>
         <w xml:id="bah18-134770"
            n="a-1120"
            ecep:lem="around"
            ecep:pos="a-acp"
            ecep:reg="around"
            ecep:spe="around"
            ecep:syllab="2"
            ecep:pron="əˈraʊnd">around</w>
         <c> </c>
         <w xml:id="bah18-134780"
            n="a-1130"
            ecep:lem="my"
            ecep:pos="po11"
            ecep:reg="my"
            ecep:spe="my"
            ecep:syllab="1"
            ecep:pron="maɪ">my</w>
         <c> </c>
         <w xml:id="bah18-134790"
            n="a-1140"
            ecep:lem="careless"
            ecep:pos="j"
            ecep:reg="careless"
            ecep:spe="careless"
            ecep:syllab="2"
            ecep:pron="ˈkeəlɪs">careless</w>
         <c> </c>
         <w xml:id="bah18-134800"
            n="a-1150"
            ecep:lem="head"
            ecep:pos="n1"
            ecep:reg="head"
            ecep:spe="head"
            ecep:syllab="1"
            ecep:pron="hed">head</w>
         <pc xml:id="bah18-134810"
             n="a-1160"
             unit="sentence"
             ecep:lem="."
             ecep:pos="."
             ecep:reg="."
             ecep:spe=".">.</pc>
         <c> </c>
      </l>
      <pb n="101" rend="none"/>
      <l xml:id="bah18-l06315">
         <w xml:id="bah18-134820"
            n="a-0010"
            ecep:lem="sweet"
            ecep:pos="j"
            ecep:reg="Sweet"
            ecep:spe="Sweet"
            ecep:syllab="1"
            ecep:pron="swiːt">Sweet</w>
         <c> </c>
         <w xml:id="bah18-134830"
            n="a-0020"
            ecep:lem="solitude"
            ecep:pos="n1"
            ecep:reg="solitude"
            ecep:spe="solitude"
            ecep:syllab="3"
            ecep:pron="ˈsɒlɪˌtjuːd">solitude</w>
         <pc xml:id="bah18-134840"
             n="a-0030"
             ecep:lem=","
             ecep:pos=","
             ecep:reg=","
             ecep:spe=",">,</pc>
         <c> </c>
         <w xml:id="bah18-134850"
            n="a-0040"
            ecep:lem="dear"
            ecep:pos="j-jn"
            ecep:reg="dear"
            ecep:spe="dear"
            ecep:syllab="1"
            ecep:pron="dɪə">dear</w>
         <c> </c>
         <w xml:id="bah18-134860"
            n="a-0050"
            ecep:lem="scene"
            ecep:pos="n2"
            ecep:reg="scenes"
            ecep:spe="scenes"
            ecep:syllab="1"
            ecep:pron="siːnz">scenes</w>
         <c> </c>
         <w xml:id="bah18-134870"
            n="a-0060"
            ecep:lem="of"
            ecep:pos="pp-f"
            ecep:reg="of"
            ecep:spe="of"
            ecep:syllab="1"
            ecep:pron="ɒv">of</w>
         <c> </c>
         <w xml:id="bah18-134880"
            n="a-0070"
            ecep:lem="calm"
            ecep:pos="j-jn"
            ecep:reg="calm"
            ecep:spe="calm"
            ecep:syllab="1"
            ecep:pron="kɑːm">calm</w>
         <c> </c>
         <w xml:id="bah18-134890"
            n="a-0080"
            ecep:lem="repose"
            ecep:pos="n1"
            ecep:reg="repose"
            ecep:spe="repose"
            ecep:syllab="2"
            ecep:pron="rɪˈpəʊz">repose</w>
         <pc xml:id="bah18-134900"
             n="a-0090"
             unit="sentence"
             ecep:lem="!"
             ecep:pos="!"
             ecep:reg="!"
             ecep:spe="!">!</pc>
         <c> </c>
      </l>
      <l xml:id="bah18-l06320">
         <w xml:id="bah18-134910"
            n="a-0100"
            ecep:lem="how"
            ecep:pos="q-crq"
            ecep:reg="How"
            ecep:spe="How"
            ecep:syllab="1"
            ecep:pron="haʊ">How</w>
         <c> </c>
         <w xml:id="bah18-134920"
            n="a-0110"
            ecep:lem="far"
            ecep:pos="av-j"
            ecep:reg="far"
            ecep:spe="far"
            ecep:syllab="1"
            ecep:pron="fɑː">far</w>
         <c> </c>
         <w xml:id="bah18-134930"
            n="a-0120"
            ecep:lem="unlike"
            ecep:pos="av-j"
            ecep:reg="unlike"
            ecep:spe="unlike"
            ecep:syllab="2"
            ecep:pron="ʌnˈlaɪk">unlike</w>
         <c> </c>
         <w xml:id="bah18-134940"
            n="a-0130"
            ecep:lem="the"
            ecep:pos="dt"
            ecep:reg="the"
            ecep:spe="the"
            ecep:syllab="1"
            ecep:pron="ðə">the</w>
         <c> </c>
         <w xml:id="bah18-134950"
            n="a-0140"
            ecep:lem="busy"
            ecep:pos="j"
            ecep:reg="busy"
            ecep:spe="busy"
            ecep:syllab="2"
            ecep:pron="ˈbɪzɪ">busy</w>
         <c> </c>
         <w xml:id="bah18-134960"
            n="a-0150"
            ecep:lem="world"
            ecep:pos="n1"
            ecep:reg="world"
            ecep:spe="world"
            ecep:syllab="1"
            ecep:pron="wɜːld">world</w>
         <c> </c>
         <w xml:id="bah18-134970"
            n="a-0160"
            ecep:lem="be"
            ecep:pos="vbb"
            ecep:reg="are"
            ecep:spe="are"
            ecep:syllab="1"
            ecep:pron="ɑː">are</w>
         <c> </c>
         <w xml:id="bah18-134980"
            n="a-0170"
            ecep:lem="those"
            ecep:pos="d"
            ecep:reg="those"
            ecep:spe="those"
            ecep:syllab="1"
            ecep:pron="ðəʊz">those</w>
         <pc xml:id="bah18-134990"
             n="a-0180"
             unit="sentence"
             ecep:lem="."
             ecep:pos="."
             ecep:reg="."
             ecep:spe=".">.</pc>
         <c> </c>
      </l>
   </lg>
   <lg xml:id="bah18-s01110">
      <l xml:id="bah18-l06325">
         <w xml:id="bah18-135020"
            n="a-0190"
            ecep:lem="so"
            ecep:pos="av"
            ecep:reg="So"
            ecep:spe="So"
            ecep:syllab="1"
            ecep:pron="səʊ">So</w>
         <c> </c>
         <w xml:id="bah18-135030"
            n="a-0200"
            ecep:lem="fancy"
            ecep:pos="n1"
            ecep:reg="fancy"
            ecep:spe="fancy"
            ecep:syllab="2"
            ecep:pron="ˈfænsɪ">fancy</w>
         <c> </c>
         <w xml:id="bah18-135040"
            n="a-0210"
            ecep:lem="sing"
            ecep:pos="vvz"
            ecep:reg="sings"
            ecep:spe="sings"
            ecep:syllab="1"
            ecep:pron="sɪŋz">sings</w>
         <pc xml:id="bah18-135050"
             n="a-0220"
             ecep:lem=","
             ecep:pos=","
             ecep:reg=","
             ecep:spe=",">,</pc>
         <c> </c>
         <w xml:id="bah18-135060"
            n="a-0230"
            ecep:lem="ere"
            ecep:pos="c-acp"
            ecep:reg="ere"
            ecep:spe="ere"
            ecep:syllab="1"
            ecep:pron="eə">ere</w>
         <c> </c>
         <w xml:id="bah18-135070"
            n="a-0240"
            ecep:lem="young"
            ecep:pos="j"
            ecep:reg="young"
            ecep:spe="young"
            ecep:syllab="1"
            ecep:pron="jʌŋ">young</w>
         <c> </c>
         <w xml:id="bah18-135080"
            n="a-0250"
            ecep:lem="desire"
            ecep:pos="n1"
            ecep:reg="desire"
            ecep:spe="desire"
            ecep:syllab="3"
            ecep:pron="dɪˈzaɪə">desire</w>
      </l>
      <l rendition="#h_3" xml:id="bah18-l06330">
         <c> </c>
         <w xml:id="bah18-135090"
            n="a-0260"
            ecep:lem="with"
            ecep:pos="p-acp"
            ecep:reg="With"
            ecep:spe="With"
            ecep:syllab="1"
            ecep:pron="wɪð">With</w>
         <c> </c>
         <w xml:id="bah18-135100"
            n="a-0270"
            ecep:lem="grief"
            ecep:pos="n1"
            ecep:reg="grief"
            ecep:spe="grief"
            ecep:syllab="1"
            ecep:pron="griːf">grief</w>
         <pc xml:id="bah18-135110"
             n="a-0280"
             ecep:lem=","
             ecep:pos=","
             ecep:reg=","
             ecep:spe=",">,</pc>
         <c> </c>
         <w xml:id="bah18-135120"
            n="a-0290"
            ecep:lem="with"
            ecep:pos="p-acp"
            ecep:reg="with"
            ecep:spe="with"
            ecep:syllab="1"
            ecep:pron="wɪð">with</w>
         <c> </c>
         <w xml:id="bah18-135130"
            n="a-0300"
            ecep:lem="joy"
            ecep:pos="n1"
            ecep:reg="joy"
            ecep:spe="joy"
            ecep:syllab="1"
            ecep:pron="dʒɔɪ">joy</w>
         <c> </c>
         <w xml:id="bah18-135140"
            n="a-0310"
            ecep:lem="inspire"
            ecep:pos="vvz"
            ecep:reg="inspires"
            ecep:spe="inspires"
            ecep:syllab="2"
            ecep:pron="ɪnˈspaɪəz">inspires</w>
         <c> </c>
         <w xml:id="bah18-135150"
            n="a-0320"
            ecep:lem="she"
            ecep:pos="pno31"
            ecep:reg="her"
            ecep:spe="her"
            ecep:syllab="1"
            ecep:pron="hɜː">her</w>
         <c> </c>
         <w xml:id="bah18-135160"
            n="a-0330"
            ecep:lem="lay"
            ecep:pos="vvi"
            ecep:reg="lay"
            ecep:spe="lay"
            ecep:syllab="1"
            ecep:pron="leɪ">lay</w>
         <pc xml:id="bah18-135170"
             n="a-0340"
             ecep:lem=","
             ecep:pos=","
             ecep:reg=","
             ecep:spe=",">,</pc>
      </l>
      <l xml:id="bah18-l06335">
         <c> </c>
         <w xml:id="bah18-135180"
            n="a-0350"
            ecep:lem="ere"
            ecep:pos="c-acp"
            ecep:reg="Ere"
            ecep:spe="Ere"
            ecep:syllab="1"
            ecep:pron="eə">Ere</w>
         <c> </c>
         <w xml:id="bah18-135190"
            n="a-0360"
            ecep:lem="love"
            ecep:pos="n1"
            ecep:reg="love"
            ecep:spe="love"
            ecep:syllab="1"
            ecep:pron="lʌv">love</w>
         <c> </c>
         <w xml:id="bah18-135200"
            n="a-0370"
            ecep:lem="have"
            ecep:pos="vhz"
            ecep:reg="has"
            ecep:spe="has"
            ecep:syllab="1"
            ecep:pron="hæz">has</w>
         <c> </c>
         <w xml:id="bah18-135210"
            n="a-0380"
            ecep:lem="touch"
            ecep:pos="vvn"
            ecep:reg="touched"
            ecep:spe="touch'd"
            ecep:syllab="1"
            ecep:pron="tʌtʃt">touch'd</w>
         <c> </c>
         <w xml:id="bah18-135220"
            n="a-0390"
            ecep:lem="the"
            ecep:pos="dt"
            ecep:reg="the"
            ecep:spe="the"
            ecep:syllab="1"
            ecep:pron="ðə">the</w>
         <c> </c>
         <w xml:id="bah18-135230"
            n="a-0400"
            ecep:lem="soul"
            ecep:pos="n1"
            ecep:reg="soul"
            ecep:spe="soul"
            ecep:syllab="1"
            ecep:pron="səʊl">soul</w>
         <c> </c>
         <w xml:id="bah18-135240"
            n="a-0410"
            ecep:lem="with"
            ecep:pos="p-acp"
            ecep:reg="with"
            ecep:spe="with"
            ecep:syllab="1"
            ecep:pron="wɪð">with</w>
         <c> </c>
         <w xml:id="bah18-135250"
            n="a-0420"
            ecep:lem="fire"
            ecep:pos="n1"
            ecep:reg="fire"
            ecep:spe="fire"
            ecep:syllab="2"
            ecep:pron="faɪə">fire</w>
         <pc xml:id="bah18-135260"
             n="a-0430"
             ecep:lem=","
             ecep:pos=","
             ecep:reg=","
             ecep:spe=",">,</pc>
      </l>
      <l rendition="#h_3" xml:id="bah18-l06340">
         <c> </c>
         <w xml:id="bah18-135270"
            n="a-0440"
            ecep:lem="and"
            ecep:pos="cc"
            ecep:reg="And"
            ecep:spe="And"
            ecep:syllab="1"
            ecep:pron="ænd">And</w>
         <c> </c>
         <w xml:id="bah18-135280"
            n="a-0450"
            ecep:lem="wake"
            ecep:pos="vvd"
            ecep:reg="waked"
            ecep:spe="wak'd"
            ecep:syllab="1"
            ecep:pron="weɪkt">wak'd</w>
         <c> </c>
         <w xml:id="bah18-135290"
            n="a-0460"
            ecep:lem="to"
            ecep:pos="p-acp"
            ecep:reg="to"
            ecep:spe="to"
            ecep:syllab="1"
            ecep:pron="tuː">to</w>
         <c> </c>
         <w xml:id="bah18-135300"
            n="a-0470"
            ecep:lem="life"
            ecep:pos="n1"
            ecep:reg="life"
            ecep:spe="life"
            ecep:syllab="1"
            ecep:pron="laɪf">life</w>
         <c> </c>
         <w xml:id="bah18-135310"
            n="a-0480"
            ecep:lem="the"
            ecep:pos="dt"
            ecep:reg="the"
            ecep:spe="the"
            ecep:syllab="1"
            ecep:pron="ðə">the</w>
         <c> </c>
         <w xml:id="bah18-135320"
            n="a-0490"
            ecep:lem="conscious"
            ecep:pos="j"
            ecep:reg="conscious"
            ecep:spe="conscious"
            ecep:syllab="2"
            ecep:pron="ˈkɒnʃəs">conscious</w>
         <c> </c>
         <w xml:id="bah18-135330"
            n="a-0500"
            ecep:lem="clay"
            ecep:pos="n1"
            ecep:reg="clay"
            ecep:spe="clay"
            ecep:syllab="1"
            ecep:pron="kleɪ">clay</w>
         <pc xml:id="bah18-135340"
             n="a-0510"
             ecep:lem=";"
             ecep:pos=";"
             ecep:reg=";"
             ecep:spe=";">;</pc>
      </l>
      <l xml:id="bah18-l06345">
         <c> </c>
         <w xml:id="bah18-135350"
            n="a-0520"
            ecep:lem="sweet"
            ecep:pos="j"
            ecep:reg="Sweet"
            ecep:spe="Sweet"
            ecep:syllab="1"
            ecep:pron="swiːt">Sweet</w>
         <c> </c>
         <w xml:id="bah18-135360"
            n="a-0530"
            ecep:lem="sympathy"
            ecep:pos="n2"
            ecep:reg="sympathies"
            ecep:spe="sympathies"
            ecep:syllab="3"
            ecep:pron="ˈsɪmpəθɪz">sympathies</w>
         <pc xml:id="bah18-135370"
             n="a-0540"
             ecep:lem=","
             ecep:pos=","
             ecep:reg=","
             ecep:spe=",">,</pc>
         <c> </c>
         <w xml:id="bah18-135380"
            n="a-0550"
            ecep:lem="sad"
            ecep:pos="j"
            ecep:reg="sad"
            ecep:spe="sad"
            ecep:syllab="1"
            ecep:pron="sæd">sad</w>
         <c> </c>
         <w xml:id="bah18-135390"
            n="a-0560"
            ecep:lem="joy"
            ecep:pos="n2"
            ecep:reg="joys"
            ecep:spe="joys"
            ecep:syllab="1"
            ecep:pron="dʒɔɪz">joys</w>
         <pc xml:id="bah18-135400"
             n="a-0570"
             ecep:lem=","
             ecep:pos=","
             ecep:reg=","
             ecep:spe=",">,</pc>
         <c> </c>
         <w xml:id="bah18-135410"
            n="a-0580"
            ecep:lem="and"
            ecep:pos="cc"
            ecep:reg="and"
            ecep:spe="and"
            ecep:syllab="1"
            ecep:pron="ænd">and</w>
         <c> </c>
         <w xml:id="bah18-135420"
            n="a-0590"
            ecep:lem="tender"
            ecep:pos="j"
            ecep:reg="tender"
            ecep:spe="tender"
            ecep:syllab="2"
            ecep:pron="ˈtendə">tender</w>
         <c> </c>
         <w xml:id="bah18-135430"
            n="a-0600"
            ecep:lem="woe"
            ecep:pos="n2"
            ecep:reg="woes"
            ecep:spe="woes"
            ecep:syllab="1"
            ecep:pron="wəʊz">woes</w>
         <pc xml:id="bah18-135440"
             n="a-0610"
             ecep:lem=","
             ecep:pos=","
             ecep:reg=","
             ecep:spe=",">,</pc>
      </l>
      <l xml:id="bah18-l06350">
         <c> </c>
         <w xml:id="bah18-135450"
            n="a-0620"
            ecep:lem="still"
            ecep:pos="av"
            ecep:reg="Still"
            ecep:spe="Still"
            ecep:syllab="1"
            ecep:pron="stɪl">Still</w>
         <c> </c>
         <w xml:id="bah18-135460"
            n="a-0630"
            ecep:lem="how"
            ecep:pos="c-crq"
            ecep:reg="how"
            ecep:spe="how"
            ecep:syllab="1"
            ecep:pron="haʊ">how</w>
         <c> </c>
         <w xml:id="bah18-135470"
            n="a-0640"
            ecep:lem="unlike"
            ecep:pos="av-j"
            ecep:reg="unlike"
            ecep:spe="unlike"
            ecep:syllab="2"
            ecep:pron="ʌnˈlaɪk">unlike</w>
         <c> </c>
         <w xml:id="bah18-135480"
            n="a-0650"
            ecep:lem="the"
            ecep:pos="dt"
            ecep:reg="the"
            ecep:spe="the"
            ecep:syllab="1"
            ecep:pron="ðə">the</w>
         <c> </c>
         <w xml:id="bah18-135490"
            n="a-0660"
            ecep:lem="busy"
            ecep:pos="j"
            ecep:reg="busy"
            ecep:spe="busy"
            ecep:syllab="2"
            ecep:pron="ˈbɪzɪ">busy</w>
         <c> </c>
         <w xml:id="bah18-135500"
            n="a-0670"
            ecep:lem="world"
            ecep:pos="n1"
            ecep:reg="world"
            ecep:spe="world"
            ecep:syllab="1"
            ecep:pron="wɜːld">world</w>
         <c> </c>
         <w xml:id="bah18-135510"
            n="a-0680"
            ecep:lem="be"
            ecep:pos="vbb"
            ecep:reg="are"
            ecep:spe="are"
            ecep:syllab="1"
            ecep:pron="ɑː">are</w>
         <c> </c>
         <w xml:id="bah18-135520"
            n="a-0690"
            ecep:lem="those"
            ecep:pos="d"
            ecep:reg="those"
            ecep:spe="those"
            ecep:syllab="1"
            ecep:pron="ðəʊz">those</w>
         <pc xml:id="bah18-135530"
             n="a-0700"
             unit="sentence"
             ecep:lem="."
             ecep:pos="."
             ecep:reg="."
             ecep:spe=".">.</pc>
         <c> </c>
      </l>
   </lg>
</div>
