<?xml version="1.0" encoding="utf-8"?>
<!DOCTYPE div
  SYSTEM "about:legacy-compat">
<div xmlns:ecep="http://www.eighteenthcenturypoetry.org/ns"
     xmlns="http://www.tei-c.org/ns/1.0"
     xmlns:tei="http://www.tei-c.org/ns/1.0"
     ana="#iamb #tetrameter #couplet #pair #thing-poem"
     corresp="#txt_FincAn1661_w0085"
     decls="#semi-normalized"
     ecep:syllab="8"
     met="-+|-+|-+|-+/"
     rendition="#lgvspace"
     rhyme="aa"
     subtype="eceptext"
     type="poem"
     xml:id="o4784-w0850">
   <link target="authors.xml#aut_FincAn1661" type="author"/>
   <head type="main">
      <w xml:id="o4784-444370"
         n="297-a-0010"
         ecep:lem="the"
         ecep:pos="dt"
         ecep:reg="The"
         ecep:spe="The"
         ecep:syllab="1"
         ecep:pron="ðiː">The</w>
      <c> </c>
      <hi>
         <w xml:id="o4784-444380"
            n="297-a-0020"
            ecep:lem="tree"
            ecep:pos="n1"
            ecep:reg="TREE"
            ecep:spe="TREE"
            ecep:syllab="1"
            ecep:pron="triː">TREE</w>
         <pc xml:id="o4784-444390"
             n="297-a-0030"
             unit="sentence"
             ecep:lem="."
             ecep:pos="."
             ecep:reg="."
             ecep:spe=".">.</pc>
         <c> </c>
      </hi>
   </head>
   <lg xml:id="o4784-s01820">
      <l xml:id="o4784-l24175">
         <w xml:id="o4784-444420"
            n="297-a-0040"
            ecep:lem="fair"
            ecep:pos="j"
            ecep:reg="FAir"
            ecep:spe="FAir"
            ecep:syllab="1"
            ecep:pron="feə">FAir</w>
         <c> </c>
         <hi>
            <w xml:id="o4784-444430"
               n="297-a-0050"
               ecep:lem="tree"
               ecep:pos="n1"
               ecep:reg="Tree"
               ecep:spe="Tree"
               ecep:syllab="1"
               ecep:pron="triː">Tree</w>
            <pc xml:id="o4784-444440"
                n="297-a-0060"
                ecep:lem="!"
                ecep:pos="!"
                ecep:reg="!"
                ecep:spe="!">!</pc>
         </hi>
         <c> </c>
         <w xml:id="o4784-444450"
            n="297-a-0070"
            ecep:lem="for"
            ecep:pos="p-acp"
            ecep:reg="for"
            ecep:spe="for"
            ecep:syllab="1"
            ecep:pron="fɔː">for</w>
         <c> </c>
         <w xml:id="o4784-444460"
            n="297-a-0080"
            ecep:lem="thy"
            ecep:pos="po21"
            ecep:reg="thy"
            ecep:spe="thy"
            ecep:syllab="1"
            ecep:pron="ðaɪ">thy</w>
         <c> </c>
         <w xml:id="o4784-444470"
            n="297-a-0090"
            ecep:lem="delightful"
            ecep:pos="j"
            ecep:reg="delightful"
            ecep:spe="delightful"
            ecep:syllab="3"
            ecep:pron="diˈlaɪtfl">delightful</w>
         <c> </c>
         <w xml:id="o4784-444480"
            n="297-a-0100"
            ecep:lem="shade"
            ecep:pos="n1"
            ecep:reg="Shade"
            ecep:spe="Shade"
            ecep:syllab="1"
            ecep:pron="ʃeɪd">Shade</w>
      </l>
      <l xml:id="o4784-l24180">
         <c> </c>
         <w xml:id="o4784-444490"
            n="297-a-0110"
            ecep:lem="it|be"
            ecep:pos="pn31|vbz"
            ecep:reg="It's"
            ecep:spe="'Tis"
            ecep:syllab="1"
            ecep:pron="tɪz">'Tis</w>
         <c> </c>
         <w xml:id="o4784-444500"
            n="297-a-0120"
            ecep:lem="just"
            ecep:pos="j"
            ecep:reg="just"
            ecep:spe="just"
            ecep:syllab="1"
            ecep:pron="dʒʌst">just</w>
         <c> </c>
         <w xml:id="o4784-444510"
            n="297-a-0130"
            ecep:lem="that"
            ecep:pos="cst"
            ecep:reg="that"
            ecep:spe="that"
            ecep:syllab="1"
            ecep:pron="ðæt">that</w>
         <c> </c>
         <w xml:id="o4784-444520"
            n="297-a-0140"
            ecep:lem="some"
            ecep:pos="d"
            ecep:reg="some"
            ecep:spe="some"
            ecep:syllab="1"
            ecep:pron="sʌm">some</w>
         <c> </c>
         <w xml:id="o4784-444530"
            n="297-a-0150"
            ecep:lem="return"
            ecep:pos="n1"
            ecep:reg="Return"
            ecep:spe="Return"
            ecep:syllab="2"
            ecep:pron="riˈtɜːn">Return</w>
         <c> </c>
         <w xml:id="o4784-444540"
            n="297-a-0160"
            ecep:lem="be"
            ecep:pos="vbi"
            ecep:reg="be"
            ecep:spe="be"
            ecep:syllab="1"
            ecep:pron="biː">be</w>
         <c> </c>
         <w xml:id="o4784-444550"
            n="297-a-0170"
            ecep:lem="make"
            ecep:pos="vvn"
            ecep:reg="made"
            ecep:spe="made"
            ecep:syllab="1"
            ecep:pron="meɪd">made</w>
         <pc xml:id="o4784-444560"
             n="297-a-0180"
             ecep:lem=":"
             ecep:pos=":"
             ecep:reg=":"
             ecep:spe=":">:</pc>
      </l>
      <l xml:id="o4784-l24185">
         <c> </c>
         <w xml:id="o4784-444570"
            n="297-a-0190"
            ecep:lem="sure"
            ecep:pos="av-j"
            ecep:reg="Sure"
            ecep:spe="Sure"
            ecep:syllab="1"
            ecep:pron="ʃɔː">Sure</w>
         <pc xml:id="o4784-444580"
             n="297-a-0200"
             ecep:lem=","
             ecep:pos=","
             ecep:reg=","
             ecep:spe=",">,</pc>
         <c> </c>
         <w xml:id="o4784-444590"
            n="297-a-0210"
            ecep:lem="some"
            ecep:pos="d"
            ecep:reg="some"
            ecep:spe="some"
            ecep:syllab="1"
            ecep:pron="sʌm">some</w>
         <c> </c>
         <w xml:id="o4784-444600"
            n="297-a-0220"
            ecep:lem="return"
            ecep:pos="n1"
            ecep:reg="Return"
            ecep:spe="Return"
            ecep:syllab="2"
            ecep:pron="riˈtɜːn">Return</w>
         <c> </c>
         <w xml:id="o4784-444610"
            n="297-a-0230"
            ecep:lem="be"
            ecep:pos="vbz"
            ecep:reg="is"
            ecep:spe="is"
            ecep:syllab="1"
            ecep:pron="ɪz">is</w>
         <c> </c>
         <w xml:id="o4784-444620"
            n="297-a-0240"
            ecep:lem="due"
            ecep:pos="j-jn"
            ecep:reg="due"
            ecep:spe="due"
            ecep:syllab="1"
            ecep:pron="djuː">due</w>
         <c> </c>
         <w xml:id="o4784-444630"
            n="297-a-0250"
            ecep:lem="from"
            ecep:pos="p-acp"
            ecep:reg="from"
            ecep:spe="from"
            ecep:syllab="1"
            ecep:pron="frɒm">from</w>
         <c> </c>
         <w xml:id="o4784-444640"
            n="297-a-0260"
            ecep:lem="i"
            ecep:pos="pno11"
            ecep:reg="me"
            ecep:spe="me"
            ecep:syllab="1"
            ecep:pron="miː">me</w>
      </l>
      <l xml:id="o4784-l24190">
         <c> </c>
         <w xml:id="o4784-444650"
            n="297-a-0270"
            ecep:lem="to"
            ecep:pos="p-acp"
            ecep:reg="To"
            ecep:spe="To"
            ecep:syllab="1"
            ecep:pron="tuː">To</w>
         <c> </c>
         <w xml:id="o4784-444660"
            n="297-a-0280"
            ecep:lem="thy"
            ecep:pos="po21"
            ecep:reg="thy"
            ecep:spe="thy"
            ecep:syllab="1"
            ecep:pron="ðaɪ">thy</w>
         <c> </c>
         <w xml:id="o4784-444670"
            n="297-a-0290"
            ecep:lem="cool"
            ecep:pos="j"
            ecep:reg="cool"
            ecep:spe="cool"
            ecep:syllab="1"
            ecep:pron="kuːl">cool</w>
         <c> </c>
         <w xml:id="o4784-444680"
            n="297-a-0300"
            ecep:lem="shadow"
            ecep:pos="n2"
            ecep:reg="Shadows"
            ecep:spe="Shadows"
            ecep:syllab="2"
            ecep:pron="ˈʃædəʊz">Shadows</w>
         <pc xml:id="o4784-444690"
             n="297-a-0310"
             ecep:lem=","
             ecep:pos=","
             ecep:reg=","
             ecep:spe=",">,</pc>
         <c> </c>
         <w xml:id="o4784-444700"
            n="297-a-0320"
            ecep:lem="and"
            ecep:pos="cc"
            ecep:reg="and"
            ecep:spe="and"
            ecep:syllab="1"
            ecep:pron="ænd">and</w>
         <c> </c>
         <w xml:id="o4784-444710"
            n="297-a-0330"
            ecep:lem="to"
            ecep:pos="p-acp"
            ecep:reg="to"
            ecep:spe="to"
            ecep:syllab="1"
            ecep:pron="tuː">to</w>
         <c> </c>
         <w xml:id="o4784-444720"
            n="297-a-0340"
            ecep:lem="thou"
            ecep:pos="pno21"
            ecep:reg="thee"
            ecep:spe="thee"
            ecep:syllab="1"
            ecep:pron="ðiː">thee</w>
         <pc xml:id="o4784-444730"
             n="297-a-0350"
             unit="sentence"
             ecep:lem="."
             ecep:pos="."
             ecep:reg="."
             ecep:spe=".">.</pc>
         <c> </c>
      </l>
      <l xml:id="o4784-l24195">
         <w xml:id="o4784-444740"
            n="297-a-0360"
            ecep:lem="when"
            ecep:pos="c-crq"
            ecep:reg="When"
            ecep:spe="When"
            ecep:syllab="1"
            ecep:pron="wen">When</w>
         <c> </c>
         <w xml:id="o4784-444750"
            n="297-a-0370"
            ecep:lem="thou"
            ecep:pos="pns21"
            ecep:reg="thou"
            ecep:spe="thou"
            ecep:syllab="1"
            ecep:pron="θaʊ">thou</w>
         <c> </c>
         <w xml:id="o4784-444760"
            n="297-a-0380"
            ecep:lem="to"
            ecep:pos="p-acp"
            ecep:reg="to"
            ecep:spe="to"
            ecep:syllab="1"
            ecep:pron="tuː">to</w>
         <c> </c>
         <hi>
            <w xml:id="o4784-444770"
               n="297-a-0390"
               ecep:lem="bird"
               ecep:pos="n2"
               ecep:reg="Birds"
               ecep:spe="Birds"
               ecep:syllab="1"
               ecep:pron="bɜːdz">Birds</w>
         </hi>
         <c> </c>
         <w xml:id="o4784-444780"
            n="297-a-0400"
            ecep:lem="do"
            ecep:pos="vd2"
            ecep:reg="dost"
            ecep:spe="do'st"
            ecep:syllab="1"
            ecep:pron="dəʊst">do'st</w>
         <c> </c>
         <w xml:id="o4784-444790"
            n="297-a-0410"
            ecep:lem="shelter"
            ecep:pos="vvi"
            ecep:reg="Shelter"
            ecep:spe="Shelter"
            ecep:syllab="2"
            ecep:pron="ˈʃeltə">Shelter</w>
         <c> </c>
         <w xml:id="o4784-444800"
            n="297-a-0420"
            ecep:lem="give"
            ecep:pos="vvi"
            ecep:reg="give"
            ecep:spe="give"
            ecep:syllab="1"
            ecep:pron="gɪv">give</w>
         <pc xml:id="o4784-444810"
             n="297-a-0430"
             ecep:lem=","
             ecep:pos=","
             ecep:reg=","
             ecep:spe=",">,</pc>
      </l>
      <l xml:id="o4784-l24200">
         <c> </c>
         <w xml:id="o4784-444820"
            n="297-a-0440"
            ecep:lem="thou"
            ecep:pos="pns21"
            ecep:reg="Thou"
            ecep:spe="Thou"
            ecep:syllab="1"
            ecep:pron="θaʊ">Thou</w>
         <c> </c>
         <w xml:id="o4784-444830"
            n="297-a-0450"
            ecep:lem="music"
            ecep:pos="n1"
            ecep:reg="Music"
            ecep:spe="Musick"
            ecep:syllab="2"
            ecep:pron="mjˈuːzɪk">Musick</w>
         <c> </c>
         <w xml:id="o4784-444840"
            n="297-a-0460"
            ecep:lem="do"
            ecep:pos="vd2"
            ecep:reg="dost"
            ecep:spe="do'st"
            ecep:syllab="1"
            ecep:pron="dəʊst">do'st</w>
         <c> </c>
         <w xml:id="o4784-444850"
            n="297-a-0470"
            ecep:lem="from"
            ecep:pos="p-acp"
            ecep:reg="from"
            ecep:spe="from"
            ecep:syllab="1"
            ecep:pron="frɒm">from</w>
         <c> </c>
         <w xml:id="o4784-444860"
            n="297-a-0480"
            ecep:lem="they"
            ecep:pos="pno32"
            ecep:reg="them"
            ecep:spe="them"
            ecep:syllab="1"
            ecep:pron="ðem">them</w>
         <c> </c>
         <w xml:id="o4784-444870"
            n="297-a-0490"
            ecep:lem="receive"
            ecep:pos="vvi"
            ecep:reg="receive"
            ecep:spe="receive"
            ecep:syllab="2"
            ecep:pron="riˈsiːv">receive</w>
         <pc xml:id="o4784-444880"
             n="297-a-0500"
             ecep:lem=";"
             ecep:pos=";"
             ecep:reg=";"
             ecep:spe=";">;</pc>
      </l>
      <l xml:id="o4784-l24205">
         <c> </c>
         <w xml:id="o4784-444890"
            n="297-a-0510"
            ecep:lem="if"
            ecep:pos="cs"
            ecep:reg="If"
            ecep:spe="If"
            ecep:syllab="1"
            ecep:pron="ɪf">If</w>
         <c> </c>
         <hi>
            <w xml:id="o4784-444900"
               n="297-a-0520"
               ecep:lem="traveller"
               ecep:pos="n2"
               ecep:reg="Travellers"
               ecep:spe="Travellers"
               ecep:syllab="3"
               ecep:pron="ˈtrævləz">Travellers</w>
         </hi>
         <c> </c>
         <w xml:id="o4784-444910"
            n="297-a-0530"
            ecep:lem="beneath"
            ecep:pos="p-acp"
            ecep:reg="beneath"
            ecep:spe="beneath"
            ecep:syllab="2"
            ecep:pron="biˈniːθ">beneath</w>
         <c> </c>
         <w xml:id="o4784-444920"
            n="297-a-0540"
            ecep:lem="thou"
            ecep:pos="pno21"
            ecep:reg="thee"
            ecep:spe="thee"
            ecep:syllab="1"
            ecep:pron="ðiː">thee</w>
         <c> </c>
         <w xml:id="o4784-444930"
            n="297-a-0550"
            ecep:lem="stay"
            ecep:pos="vvi"
            ecep:reg="stay"
            ecep:spe="stay"
            ecep:syllab="1"
            ecep:pron="steɪ">stay</w>
         <pc xml:id="o4784-444940"
             n="297-a-0560"
             ecep:lem=","
             ecep:pos=","
             ecep:reg=","
             ecep:spe=",">,</pc>
      </l>
      <l xml:id="o4784-l24210">
         <c> </c>
         <w xml:id="o4784-444950"
            n="297-a-0570"
            ecep:lem="till"
            ecep:pos="c-acp"
            ecep:reg="Till"
            ecep:spe="Till"
            ecep:syllab="1"
            ecep:pron="tɪl">Till</w>
         <c> </c>
         <w xml:id="o4784-444960"
            n="297-a-0580"
            ecep:lem="storm"
            ecep:pos="n2"
            ecep:reg="Storms"
            ecep:spe="Storms"
            ecep:syllab="1"
            ecep:pron="stɔːmz">Storms</w>
         <c> </c>
         <w xml:id="o4784-444970"
            n="297-a-0590"
            ecep:lem="have"
            ecep:pos="vhb"
            ecep:reg="have"
            ecep:spe="have"
            ecep:syllab="1"
            ecep:pron="hæv">have</w>
         <c> </c>
         <w xml:id="o4784-444980"
            n="297-a-0600"
            ecep:lem="wear"
            ecep:pos="vvn"
            ecep:reg="worn"
            ecep:spe="worn"
            ecep:syllab="1"
            ecep:pron="wɔːn">worn</w>
         <c> </c>
         <w xml:id="o4784-444990"
            n="297-a-0610"
            ecep:lem="themselves"
            ecep:pos="px32"
            ecep:reg="themselves"
            ecep:spe="themselves"
            ecep:syllab="2"
            ecep:pron="ðəmˈselvz">themselves</w>
         <c> </c>
         <w xml:id="o4784-445000"
            n="297-a-0620"
            ecep:lem="away"
            ecep:pos="av"
            ecep:reg="away"
            ecep:spe="away"
            ecep:syllab="2"
            ecep:pron="əˈweɪ">away</w>
         <pc xml:id="o4784-445010"
             n="297-a-0630"
             ecep:lem=","
             ecep:pos=","
             ecep:reg=","
             ecep:spe=",">,</pc>
      </l>
      <l xml:id="o4784-l24215">
         <c> </c>
         <w xml:id="o4784-445020"
            n="297-a-0640"
            ecep:lem="that"
            ecep:pos="cst"
            ecep:reg="That"
            ecep:spe="That"
            ecep:syllab="1"
            ecep:pron="ðæt">That</w>
         <c> </c>
         <w xml:id="o4784-445030"
            n="297-a-0650"
            ecep:lem="time"
            ecep:pos="n1"
            ecep:reg="Time"
            ecep:spe="Time"
            ecep:syllab="1"
            ecep:pron="taɪm">Time</w>
         <c> </c>
         <w xml:id="o4784-445040"
            n="297-a-0660"
            ecep:lem="in"
            ecep:pos="p-acp"
            ecep:reg="in"
            ecep:spe="in"
            ecep:syllab="1"
            ecep:pron="ɪn">in</w>
         <c> </c>
         <w xml:id="o4784-445050"
            n="297-a-0670"
            ecep:lem="praise"
            ecep:pos="vvg"
            ecep:reg="praising"
            ecep:spe="praising"
            ecep:syllab="2"
            ecep:pron="ˈpreɪzɪŋ">praising</w>
         <c> </c>
         <w xml:id="o4784-445060"
            n="297-a-0680"
            ecep:lem="thou"
            ecep:pos="pno21"
            ecep:reg="thee"
            ecep:spe="thee"
            ecep:syllab="1"
            ecep:pron="ðiː">thee</w>
         <c> </c>
         <w xml:id="o4784-445070"
            n="297-a-0690"
            ecep:lem="they"
            ecep:pos="pns32"
            ecep:reg="they"
            ecep:spe="they"
            ecep:syllab="1"
            ecep:pron="ðeɪ">they</w>
         <c> </c>
         <w xml:id="o4784-445080"
            n="297-a-0700"
            ecep:lem="spend"
            ecep:pos="vvb"
            ecep:reg="spend"
            ecep:spe="spend"
            ecep:syllab="1"
            ecep:pron="spend">spend</w>
         <pc xml:id="o4784-445090"
             n="297-a-0710"
             ecep:lem=","
             ecep:pos=","
             ecep:reg=","
             ecep:spe=",">,</pc>
      </l>
      <l xml:id="o4784-l24220">
         <c> </c>
         <w xml:id="o4784-445100"
            n="297-a-0720"
            ecep:lem="and"
            ecep:pos="cc"
            ecep:reg="And"
            ecep:spe="And"
            ecep:syllab="1"
            ecep:pron="ænd">And</w>
         <c> </c>
         <w xml:id="o4784-445110"
            n="297-a-0730"
            ecep:lem="thy"
            ecep:pos="po21"
            ecep:reg="thy"
            ecep:spe="thy"
            ecep:syllab="1"
            ecep:pron="ðaɪ">thy</w>
         <c> </c>
         <w xml:id="o4784-445120"
            n="297-a-0740"
            ecep:lem="protect"
            ecep:pos="j-vvg"
            ecep:reg="protecting"
            ecep:spe="protecting"
            ecep:syllab="3"
            ecep:pron="prəˈtektɪŋ">protecting</w>
         <c> </c>
         <w xml:id="o4784-445130"
            n="297-a-0750"
            ecep:lem="power"
            ecep:pos="n1"
            ecep:reg="Power"
            ecep:spe="Pow'r"
            ecep:syllab="1"
            ecep:pron="ˈpaʊə">Pow'r</w>
         <c> </c>
         <w xml:id="o4784-445140"
            n="297-a-0760"
            ecep:lem="commend"
            ecep:pos="vvb"
            ecep:reg="commend"
            ecep:spe="commend"
            ecep:syllab="2"
            ecep:pron="kəˈmend">commend</w>
         <pc xml:id="o4784-445150"
             n="297-a-0770"
             ecep:lem=":"
             ecep:pos=":"
             ecep:reg=":"
             ecep:spe=":">:</pc>
      </l>
      <l xml:id="o4784-l24225">
         <c> </c>
         <w xml:id="o4784-445160"
            n="297-a-0780"
            ecep:lem="the"
            ecep:pos="dt"
            ecep:reg="The"
            ecep:spe="The"
            ecep:syllab="1"
            ecep:pron="ðiː">The</w>
         <c> </c>
         <hi>
            <w xml:id="o4784-445170"
               n="297-a-0790"
               ecep:lem="shepherd"
               ecep:pos="n1"
               ecep:reg="Shepherd"
               ecep:spe="Shepherd"
               ecep:syllab="2"
               ecep:pron="ˈʃepəd">Shepherd</w>
         </hi>
         <c> </c>
         <w xml:id="o4784-445180"
            n="297-a-0800"
            ecep:lem="here"
            ecep:pos="av"
            ecep:reg="here"
            ecep:spe="here"
            ecep:syllab="1"
            ecep:pron="hɪə">here</w>
         <pc xml:id="o4784-445190"
             n="297-a-0810"
             ecep:lem=","
             ecep:pos=","
             ecep:reg=","
             ecep:spe=",">,</pc>
         <c> </c>
         <w xml:id="o4784-445200"
            n="297-a-0820"
            ecep:lem="from"
            ecep:pos="p-acp"
            ecep:reg="from"
            ecep:spe="from"
            ecep:syllab="1"
            ecep:pron="frɒm">from</w>
         <c> </c>
         <w xml:id="o4784-445210"
            n="297-a-0830"
            ecep:lem="scorch"
            ecep:pos="vvg"
            ecep:reg="Scorching"
            ecep:spe="Scorching"
            ecep:syllab="2"
            ecep:pron="ˈskɔːtʃɪŋ">Scorching</w>
         <c> </c>
         <w xml:id="o4784-445220"
            n="297-a-0840"
            ecep:lem="free"
            ecep:pos="vvn"
            ecep:reg="freed"
            ecep:spe="freed"
            ecep:syllab="1"
            ecep:pron="friːd">freed</w>
         <pc xml:id="o4784-445230"
             n="297-a-0850"
             ecep:lem=","
             ecep:pos=","
             ecep:reg=","
             ecep:spe=",">,</pc>
      </l>
      <l xml:id="o4784-l24230">
         <c> </c>
         <w xml:id="o4784-445240"
            n="297-a-0860"
            ecep:lem="tune"
            ecep:pos="n2"
            ecep:reg="Tunes"
            ecep:spe="Tunes"
            ecep:syllab="1"
            ecep:pron="tjuːnz">Tunes</w>
         <c> </c>
         <w xml:id="o4784-445250"
            n="297-a-0870"
            ecep:lem="to"
            ecep:pos="p-acp"
            ecep:reg="to"
            ecep:spe="to"
            ecep:syllab="1"
            ecep:pron="tuː">to</w>
         <c> </c>
         <w xml:id="o4784-445260"
            n="297-a-0880"
            ecep:lem="thy"
            ecep:pos="po21"
            ecep:reg="thy"
            ecep:spe="thy"
            ecep:syllab="1"
            ecep:pron="ðaɪ">thy</w>
         <c> </c>
         <w xml:id="o4784-445270"
            n="297-a-0890"
            ecep:lem="dance"
            ecep:pos="j-vvg"
            ecep:reg="dancing"
            ecep:spe="dancing"
            ecep:syllab="2"
            ecep:pron="ˈdɑːnsɪŋ">dancing</w>
         <c> </c>
         <w xml:id="o4784-445280"
            n="297-a-0900"
            ecep:lem="leaf"
            ecep:pos="n2"
            ecep:reg="Leaves"
            ecep:spe="Leaves"
            ecep:syllab="1"
            ecep:pron="liːvz">Leaves</w>
         <c> </c>
         <w xml:id="o4784-445290"
            n="297-a-0910"
            ecep:lem="his"
            ecep:pos="po31"
            ecep:reg="his"
            ecep:spe="his"
            ecep:syllab="1"
            ecep:pron="hɪz">his</w>
         <c> </c>
         <w xml:id="o4784-445300"
            n="297-a-0920"
            ecep:lem="reed"
            ecep:pos="n1"
            ecep:reg="Reed"
            ecep:spe="Reed"
            ecep:syllab="1"
            ecep:pron="riːd">Reed</w>
         <pc xml:id="o4784-445310"
             n="297-a-0930"
             ecep:lem=";"
             ecep:pos=";"
             ecep:reg=";"
             ecep:spe=";">;</pc>
      </l>
      <l xml:id="o4784-l24235">
         <c> </c>
         <w xml:id="o4784-445320"
            n="297-a-0940"
            ecep:lem="while"
            ecep:pos="cs"
            ecep:reg="While"
            ecep:spe="Whilst"
            ecep:syllab="1"
            ecep:pron="waɪlst">Whilst</w>
         <c> </c>
         <w xml:id="o4784-445330"
            n="297-a-0950"
            ecep:lem="his"
            ecep:pos="po31"
            ecep:reg="his"
            ecep:spe="his"
            ecep:syllab="1"
            ecep:pron="hɪz">his</w>
         <c> </c>
         <w xml:id="o4784-445340"
            n="297-a-0960"
            ecep:lem="love"
            ecep:pos="j-vvn"
            ecep:reg="loved"
            ecep:spe="lov'd"
            ecep:syllab="1"
            ecep:pron="ˈlʌvd">lov'd</w>
         <c> </c>
         <w xml:id="o4784-445350"
            n="297-a-0970"
            ecep:lem="nymph"
            ecep:pos="n1"
            ecep:reg="Nymph"
            ecep:spe="Nymph"
            ecep:syllab="1"
            ecep:pron="nɪmf">Nymph</w>
         <pc xml:id="o4784-445360"
             n="297-a-0980"
             ecep:lem=","
             ecep:pos=","
             ecep:reg=","
             ecep:spe=",">,</pc>
         <c> </c>
         <w xml:id="o4784-445370"
            n="297-a-0990"
            ecep:lem="in"
            ecep:pos="p-acp"
            ecep:reg="in"
            ecep:spe="in"
            ecep:syllab="1"
            ecep:pron="ɪn">in</w>
         <c> </c>
         <w xml:id="o4784-445380"
            n="297-a-1000"
            ecep:lem="thanks"
            ecep:pos="n2"
            ecep:reg="Thanks"
            ecep:spe="Thanks"
            ecep:syllab="1"
            ecep:pron="θæŋks">Thanks</w>
         <pc xml:id="o4784-445390"
             n="297-a-1010"
             ecep:lem=","
             ecep:pos=","
             ecep:reg=","
             ecep:spe=",">,</pc>
         <c> </c>
         <w xml:id="o4784-445400"
            n="297-a-1020"
            ecep:lem="bestow"
            ecep:pos="vvz"
            ecep:reg="bestows"
            ecep:spe="bestows"
            ecep:syllab="2"
            ecep:pron="biˈstəʊz">bestows</w>
      </l>
      <l xml:id="o4784-l24240">
         <c> </c>
         <w xml:id="o4784-445410"
            n="297-a-1030"
            ecep:lem="her"
            ecep:pos="po31"
            ecep:reg="Her"
            ecep:spe="Her"
            ecep:syllab="1"
            ecep:pron="hɜː">Her</w>
         <c> </c>
         <w xml:id="o4784-445420"
            n="297-a-1040"
            ecep:lem="flowery"
            ecep:pos="j"
            ecep:reg="flowery"
            ecep:spe="flow'ry"
            ecep:syllab="2"
            ecep:pron="ˈflaʊri">flow'ry</w>
         <c> </c>
         <w xml:id="o4784-445430"
            n="297-a-1050"
            ecep:lem="chaplet"
            ecep:pos="n2"
            ecep:reg="Chaplets"
            ecep:spe="Chaplets"
            ecep:syllab="2"
            ecep:pron="ˈtʃæpləts">Chaplets</w>
         <c> </c>
         <w xml:id="o4784-445440"
            n="297-a-1060"
            ecep:lem="on"
            ecep:pos="p-acp"
            ecep:reg="on"
            ecep:spe="on"
            ecep:syllab="1"
            ecep:pron="ɒn">on</w>
         <c> </c>
         <w xml:id="o4784-445450"
            n="297-a-1070"
            ecep:lem="thy"
            ecep:pos="po21"
            ecep:reg="thy"
            ecep:spe="thy"
            ecep:syllab="1"
            ecep:pron="ðaɪ">thy</w>
         <c> </c>
         <w xml:id="o4784-445460"
            n="297-a-1080"
            ecep:lem="bough"
            ecep:pos="n2"
            ecep:reg="Boughs"
            ecep:spe="Boughs"
            ecep:syllab="1"
            ecep:pron="baʊz">Boughs</w>
         <pc xml:id="o4784-445470"
             n="297-a-1090"
             unit="sentence"
             ecep:lem="."
             ecep:pos="."
             ecep:reg="."
             ecep:spe=".">.</pc>
         <c> </c>
      </l>
      <l xml:id="o4784-l24245">
         <w xml:id="o4784-445480"
            n="297-a-1100"
            ecep:lem="shall"
            ecep:pos="vmb"
            ecep:reg="Shall"
            ecep:spe="Shall"
            ecep:syllab="1"
            ecep:pron="ʃæl">Shall</w>
         <c> </c>
         <w xml:id="o4784-445490"
            n="297-a-1110"
            ecep:lem="i"
            ecep:pos="pns11"
            ecep:reg="I"
            ecep:spe="I"
            ecep:syllab="1"
            ecep:pron="aɪ">I</w>
         <c> </c>
         <w xml:id="o4784-445500"
            n="297-a-1120"
            ecep:lem="then"
            ecep:pos="av"
            ecep:reg="then"
            ecep:spe="then"
            ecep:syllab="1"
            ecep:pron="ðen">then</w>
         <c> </c>
         <w xml:id="o4784-445510"
            n="297-a-1130"
            ecep:lem="only"
            ecep:pos="av-j"
            ecep:reg="only"
            ecep:spe="only"
            ecep:syllab="2"
            ecep:pron="ˈəʊnli">only</w>
         <c> </c>
         <w xml:id="o4784-445520"
            n="297-a-1140"
            ecep:lem="silent"
            ecep:pos="j"
            ecep:reg="Silent"
            ecep:spe="Silent"
            ecep:syllab="2"
            ecep:pron="ˈsaɪlənt">Silent</w>
         <c> </c>
         <w xml:id="o4784-445530"
            n="297-a-1150"
            ecep:lem="be"
            ecep:pos="vbi"
            ecep:reg="be"
            ecep:spe="be"
            ecep:syllab="1"
            ecep:pron="biː">be</w>
         <pc xml:id="o4784-445540"
             n="297-a-1160"
             ecep:lem=","
             ecep:pos=","
             ecep:reg=","
             ecep:spe=",">,</pc>
      </l>
      <l xml:id="o4784-l24250">
         <c> </c>
         <w xml:id="o4784-445550"
            n="297-a-1170"
            ecep:lem="and"
            ecep:pos="cc"
            ecep:reg="And"
            ecep:spe="And"
            ecep:syllab="1"
            ecep:pron="ænd">And</w>
         <c> </c>
         <w xml:id="o4784-445560"
            n="297-a-1180"
            ecep:lem="no"
            ecep:pos="dx"
            ecep:reg="no"
            ecep:spe="no"
            ecep:syllab="1"
            ecep:pron="nəʊ">no</w>
         <c> </c>
         <w xml:id="o4784-445570"
            n="297-a-1190"
            ecep:lem="return"
            ecep:pos="n1"
            ecep:reg="Return"
            ecep:spe="Return"
            ecep:syllab="2"
            ecep:pron="riˈtɜːn">Return</w>
         <c> </c>
         <w xml:id="o4784-445580"
            n="297-a-1200"
            ecep:lem="be"
            ecep:pos="vbi"
            ecep:reg="be"
            ecep:spe="be"
            ecep:syllab="1"
            ecep:pron="biː">be</w>
         <c> </c>
         <w xml:id="o4784-445590"
            n="297-a-1210"
            ecep:lem="make"
            ecep:pos="vvn"
            ecep:reg="made"
            ecep:spe="made"
            ecep:syllab="1"
            ecep:pron="meɪd">made</w>
         <c> </c>
         <w xml:id="o4784-445600"
            n="297-a-1220"
            ecep:lem="by"
            ecep:pos="p-acp"
            ecep:reg="by"
            ecep:spe="by"
            ecep:syllab="1"
            ecep:pron="baɪ">by</w>
         <c> </c>
         <w xml:id="o4784-445610"
            n="297-a-1230"
            ecep:lem="i"
            ecep:pos="pno11"
            ecep:reg="me"
            ecep:spe="me"
            ecep:syllab="1"
            ecep:pron="miː">me</w>
         <pc xml:id="o4784-445620"
             n="297-a-1240"
             unit="sentence"
             ecep:lem="?"
             ecep:pos="?"
             ecep:reg="?"
             ecep:spe="?">?</pc>
         <c> </c>
      </l>
      <l xml:id="o4784-l24255">
         <w xml:id="o4784-445630"
            n="297-a-1250"
            ecep:lem="no"
            ecep:pos="uh-x"
            ecep:reg="No"
            ecep:spe="No"
            ecep:syllab="1"
            ecep:pron="nəʊ">No</w>
         <pc xml:id="o4784-445640"
             n="297-a-1260"
             ecep:lem=";"
             ecep:pos=";"
             ecep:reg=";"
             ecep:spe=";">;</pc>
         <c> </c>
         <w xml:id="o4784-445650"
            n="297-a-1270"
            ecep:lem="let"
            ecep:pos="vvb"
            ecep:reg="let"
            ecep:spe="let"
            ecep:syllab="1"
            ecep:pron="let">let</w>
         <c> </c>
         <w xml:id="o4784-445660"
            n="297-a-1280"
            ecep:lem="this"
            ecep:pos="d"
            ecep:reg="this"
            ecep:spe="this"
            ecep:syllab="1"
            ecep:pron="ðɪs">this</w>
         <c> </c>
         <w xml:id="o4784-445670"
            n="297-a-1290"
            ecep:lem="wish"
            ecep:pos="vvb"
            ecep:reg="Wish"
            ecep:spe="Wish"
            ecep:syllab="1"
            ecep:pron="wɪʃ">Wish</w>
         <c> </c>
         <w xml:id="o4784-445680"
            n="297-a-1300"
            ecep:lem="upon"
            ecep:pos="p-acp"
            ecep:reg="upon"
            ecep:spe="upon"
            ecep:syllab="2"
            ecep:pron="əˈpɒn">upon</w>
         <c> </c>
         <w xml:id="o4784-445690"
            n="297-a-1310"
            ecep:lem="thou"
            ecep:pos="pno21"
            ecep:reg="thee"
            ecep:spe="thee"
            ecep:syllab="1"
            ecep:pron="ðiː">thee</w>
         <c> </c>
         <w xml:id="o4784-445700"
            n="297-a-1320"
            ecep:lem="wait"
            ecep:pos="vvi"
            ecep:reg="wait"
            ecep:spe="wait"
            ecep:syllab="1"
            ecep:pron="weɪt">wait</w>
         <pc xml:id="o4784-445710"
             n="297-a-1330"
             ecep:lem=","
             ecep:pos=","
             ecep:reg=","
             ecep:spe=",">,</pc>
      </l>
      <l xml:id="o4784-l24260">
         <c> </c>
         <w xml:id="o4784-445720"
            n="297-a-1340"
            ecep:lem="and"
            ecep:pos="cc"
            ecep:reg="And"
            ecep:spe="And"
            ecep:syllab="1"
            ecep:pron="ænd">And</w>
         <c> </c>
         <w xml:id="o4784-445730"
            n="297-a-1350"
            ecep:lem="still"
            ecep:pos="av"
            ecep:reg="still"
            ecep:spe="still"
            ecep:syllab="1"
            ecep:pron="stɪl">still</w>
         <c> </c>
         <w xml:id="o4784-445740"
            n="297-a-1360"
            ecep:lem="to"
            ecep:pos="p-acp"
            ecep:reg="to"
            ecep:spe="to"
            ecep:syllab="1"
            ecep:pron="tuː">to</w>
         <c> </c>
         <w xml:id="o4784-445750"
            n="297-a-1370"
            ecep:lem="flourish"
            ecep:pos="n1"
            ecep:reg="flourish"
            ecep:spe="flourish"
            ecep:syllab="2"
            ecep:pron="ˈflʌrɪʃ">flourish</w>
         <c> </c>
         <w xml:id="o4784-445760"
            n="297-a-1380"
            ecep:lem="be"
            ecep:pos="vbi"
            ecep:reg="be"
            ecep:spe="be"
            ecep:syllab="1"
            ecep:pron="biː">be</w>
         <c> </c>
         <w xml:id="o4784-445770"
            n="297-a-1390"
            ecep:lem="thy"
            ecep:pos="po21"
            ecep:reg="thy"
            ecep:spe="thy"
            ecep:syllab="1"
            ecep:pron="ðaɪ">thy</w>
         <c> </c>
         <w xml:id="o4784-445780"
            n="297-a-1400"
            ecep:lem="fate"
            ecep:pos="n1"
            ecep:reg="Fate"
            ecep:spe="Fate"
            ecep:syllab="1"
            ecep:pron="feɪt">Fate</w>
         <pc xml:id="o4784-445790"
             n="297-a-1410"
             ecep:lem=","
             ecep:pos=","
             ecep:reg=","
             ecep:spe=",">,</pc>
      </l>
      <pb facs="298" n="290" rend="none"/>
      <l xml:id="o4784-l24265">
         <c> </c>
         <w xml:id="o4784-445800"
            n="298-a-0010"
            ecep:lem="to"
            ecep:pos="p-acp"
            ecep:reg="To"
            ecep:spe="To"
            ecep:syllab="1"
            ecep:pron="tuː">To</w>
         <c> </c>
         <w xml:id="o4784-445810"
            n="298-a-0020"
            ecep:lem="future"
            ecep:pos="j-jn"
            ecep:reg="future"
            ecep:spe="future"
            ecep:syllab="2"
            ecep:pron="ˈfjuːtʃə">future</w>
         <c> </c>
         <w xml:id="o4784-445820"
            n="298-a-0030"
            ecep:lem="age"
            ecep:pos="n2"
            ecep:reg="Ages"
            ecep:spe="Ages"
            ecep:syllab="2"
            ecep:pron="ˈeɪdʒɪz">Ages</w>
         <c> </c>
         <w xml:id="o4784-445830"
            n="298-a-0040"
            ecep:lem="may"
            ecep:pos="vm2"
            ecep:reg="mayest"
            ecep:spe="may'st"
            ecep:syllab="1"
            ecep:pron="meɪst">may'st</w>
         <c> </c>
         <w xml:id="o4784-445840"
            n="298-a-0050"
            ecep:lem="thou"
            ecep:pos="pns21"
            ecep:reg="thou"
            ecep:spe="thou"
            ecep:syllab="1"
            ecep:pron="θaʊ">thou</w>
         <c> </c>
         <w xml:id="o4784-445850"
            n="298-a-0060"
            ecep:lem="stand"
            ecep:pos="vvi"
            ecep:reg="stand"
            ecep:spe="stand"
            ecep:syllab="1"
            ecep:pron="stænd">stand</w>
      </l>
      <l xml:id="o4784-l24270">
         <c> </c>
         <w xml:id="o4784-445860"
            n="298-a-0070"
            ecep:lem="untouched"
            ecep:pos="j"
            ecep:reg="Untouched"
            ecep:spe="Untouch'd"
            ecep:syllab="2"
            ecep:pron="ˌʌnˈtʌtʃt">Untouch'd</w>
         <c> </c>
         <w xml:id="o4784-445870"
            n="298-a-0080"
            ecep:lem="by"
            ecep:pos="p-acp"
            ecep:reg="by"
            ecep:spe="by"
            ecep:syllab="1"
            ecep:pron="baɪ">by</w>
         <c> </c>
         <w xml:id="o4784-445880"
            n="298-a-0090"
            ecep:lem="the"
            ecep:pos="dt"
            ecep:reg="the"
            ecep:spe="the"
            ecep:syllab="1"
            ecep:pron="ðiː">the</w>
         <c> </c>
         <w xml:id="o4784-445890"
            n="298-a-0100"
            ecep:lem="rash"
            ecep:pos="j"
            ecep:reg="rash"
            ecep:spe="rash"
            ecep:syllab="1"
            ecep:pron="ræʃ">rash</w>
         <c> </c>
         <w xml:id="o4784-445900"
            n="298-a-0110"
            ecep:lem="workman"
            ecep:pos="ng1"
            ecep:reg="Workman's"
            ecep:spe="Workman's"
            ecep:syllab="2"
            ecep:pron="ˈwɜːkmənz">Workman's</w>
         <c> </c>
         <w xml:id="o4784-445910"
            n="298-a-0120"
            ecep:lem="hand"
            ecep:pos="n1"
            ecep:reg="hand"
            ecep:spe="hand"
            ecep:syllab="1"
            ecep:pron="hænd">hand</w>
         <pc xml:id="o4784-445920"
             n="298-a-0130"
             ecep:lem=";"
             ecep:pos=";"
             ecep:reg=";"
             ecep:spe=";">;</pc>
      </l>
      <l xml:id="o4784-l24275">
         <c> </c>
         <w xml:id="o4784-445930"
            n="298-a-0140"
            ecep:lem="until"
            ecep:pos="c-acp"
            ecep:reg="Till"
            ecep:spe="'Till"
            ecep:syllab="1"
            ecep:pron="tˈɪl">'Till</w>
         <c> </c>
         <w xml:id="o4784-445940"
            n="298-a-0150"
            ecep:lem="that"
            ecep:pos="cst"
            ecep:reg="that"
            ecep:spe="that"
            ecep:syllab="1"
            ecep:pron="ðæt">that</w>
         <c> </c>
         <w xml:id="o4784-445950"
            n="298-a-0160"
            ecep:lem="large"
            ecep:pos="j"
            ecep:reg="large"
            ecep:spe="large"
            ecep:syllab="1"
            ecep:pron="lɑːdʒ">large</w>
         <c> </c>
         <w xml:id="o4784-445960"
            n="298-a-0170"
            ecep:lem="stock"
            ecep:pos="n1"
            ecep:reg="Stock"
            ecep:spe="Stock"
            ecep:syllab="1"
            ecep:pron="stɒk">Stock</w>
         <c> </c>
         <w xml:id="o4784-445970"
            n="298-a-0180"
            ecep:lem="of"
            ecep:pos="pp-f"
            ecep:reg="of"
            ecep:spe="of"
            ecep:syllab="1"
            ecep:pron="ɒv">of</w>
         <c> </c>
         <w xml:id="o4784-445980"
            n="298-a-0190"
            ecep:lem="sap"
            ecep:pos="n1"
            ecep:reg="Sap"
            ecep:spe="Sap"
            ecep:syllab="1"
            ecep:pron="sæp">Sap</w>
         <c> </c>
         <w xml:id="o4784-445990"
            n="298-a-0200"
            ecep:lem="be"
            ecep:pos="vbz"
            ecep:reg="is"
            ecep:spe="is"
            ecep:syllab="1"
            ecep:pron="ɪz">is</w>
         <c> </c>
         <w xml:id="o4784-446000"
            n="298-a-0210"
            ecep:lem="spend"
            ecep:pos="vvn"
            ecep:reg="spent"
            ecep:spe="spent"
            ecep:syllab="1"
            ecep:pron="spent">spent</w>
         <pc xml:id="o4784-446010"
             n="298-a-0220"
             ecep:lem=","
             ecep:pos=","
             ecep:reg=","
             ecep:spe=",">,</pc>
      </l>
      <l xml:id="o4784-l24280">
         <c> </c>
         <w xml:id="o4784-446020"
            n="298-a-0230"
            ecep:lem="which"
            ecep:pos="r-crq"
            ecep:reg="Which"
            ecep:spe="Which"
            ecep:syllab="1"
            ecep:pron="wɪtʃ">Which</w>
         <c> </c>
         <w xml:id="o4784-446030"
            n="298-a-0240"
            ecep:lem="give"
            ecep:pos="vvz"
            ecep:reg="gives"
            ecep:spe="gives"
            ecep:syllab="1"
            ecep:pron="gɪvz">gives</w>
         <c> </c>
         <w xml:id="o4784-446040"
            n="298-a-0250"
            ecep:lem="thy"
            ecep:pos="po21"
            ecep:reg="thy"
            ecep:spe="thy"
            ecep:syllab="1"
            ecep:pron="ðaɪ">thy</w>
         <c> </c>
         <w xml:id="o4784-446050"
            n="298-a-0260"
            ecep:lem="summer"
            ecep:pos="ng1"
            ecep:reg="Summer's"
            ecep:spe="Summer's"
            ecep:syllab="2"
            ecep:pron="ˈsʌməz">Summer's</w>
         <c> </c>
         <w xml:id="o4784-446060"
            n="298-a-0270"
            ecep:lem="ornament"
            ecep:pos="n1"
            ecep:reg="Ornament"
            ecep:spe="Ornament"
            ecep:syllab="3"
            ecep:pron="ˈɔːnəmənt">Ornament</w>
         <pc xml:id="o4784-446070"
             n="298-a-0280"
             ecep:lem=";"
             ecep:pos=";"
             ecep:reg=";"
             ecep:spe=";">;</pc>
      </l>
      <l xml:id="o4784-l24285">
         <c> </c>
         <w xml:id="o4784-446080"
            n="298-a-0290"
            ecep:lem="until"
            ecep:pos="c-acp"
            ecep:reg="Till"
            ecep:spe="'Till"
            ecep:syllab="1"
            ecep:pron="tˈɪl">'Till</w>
         <c> </c>
         <w xml:id="o4784-446090"
            n="298-a-0300"
            ecep:lem="the"
            ecep:pos="dt"
            ecep:reg="the"
            ecep:spe="the"
            ecep:syllab="1"
            ecep:pron="ðiː">the</w>
         <c> </c>
         <w xml:id="o4784-446100"
            n="298-a-0310"
            ecep:lem="fierce"
            ecep:pos="j"
            ecep:reg="fierce"
            ecep:spe="fierce"
            ecep:syllab="1"
            ecep:pron="fɪəs">fierce</w>
         <c> </c>
         <w xml:id="o4784-446110"
            n="298-a-0320"
            ecep:lem="wind"
            ecep:pos="n2"
            ecep:reg="Winds"
            ecep:spe="Winds"
            ecep:syllab="1"
            ecep:pron="wɪndz">Winds</w>
         <pc xml:id="o4784-446120"
             n="298-a-0330"
             ecep:lem=","
             ecep:pos=","
             ecep:reg=","
             ecep:spe=",">,</pc>
         <c> </c>
         <w xml:id="o4784-446130"
            n="298-a-0340"
            ecep:lem="that"
            ecep:pos="cst"
            ecep:reg="that"
            ecep:spe="that"
            ecep:syllab="1"
            ecep:pron="ðæt">that</w>
         <c> </c>
         <w xml:id="o4784-446140"
            n="298-a-0350"
            ecep:lem="vain"
            ecep:pos="av-j"
            ecep:reg="vainly"
            ecep:spe="vainly"
            ecep:syllab="2"
            ecep:pron="ˈveɪnli">vainly</w>
         <c> </c>
         <w xml:id="o4784-446150"
            n="298-a-0360"
            ecep:lem="strive"
            ecep:pos="vvb"
            ecep:reg="strive"
            ecep:spe="strive"
            ecep:syllab="1"
            ecep:pron="straɪv">strive</w>
      </l>
      <l xml:id="o4784-l24290">
         <c> </c>
         <w xml:id="o4784-446160"
            n="298-a-0370"
            ecep:lem="to"
            ecep:pos="pc-acp"
            ecep:reg="To"
            ecep:spe="To"
            ecep:syllab="1"
            ecep:pron="tuː">To</w>
         <c> </c>
         <w xml:id="o4784-446170"
            n="298-a-0380"
            ecep:lem="shock"
            ecep:pos="vvi"
            ecep:reg="shock"
            ecep:spe="shock"
            ecep:syllab="1"
            ecep:pron="ʃɒk">shock</w>
         <c> </c>
         <w xml:id="o4784-446180"
            n="298-a-0390"
            ecep:lem="thy"
            ecep:pos="po21"
            ecep:reg="thy"
            ecep:spe="thy"
            ecep:syllab="1"
            ecep:pron="ðaɪ">thy</w>
         <c> </c>
         <w xml:id="o4784-446190"
            n="298-a-0400"
            ecep:lem="greatness"
            ecep:pos="n1"
            ecep:reg="Greatness"
            ecep:spe="Greatness"
            ecep:syllab="2"
            ecep:pron="ˈgreɪtnəs">Greatness</w>
         <c> </c>
         <w xml:id="o4784-446200"
            n="298-a-0410"
            ecep:lem="while"
            ecep:pos="cs"
            ecep:reg="while"
            ecep:spe="whilst"
            ecep:syllab="1"
            ecep:pron="waɪlst">whilst</w>
         <c> </c>
         <w xml:id="o4784-446210"
            n="298-a-0420"
            ecep:lem="alive"
            ecep:pos="j"
            ecep:reg="alive"
            ecep:spe="alive"
            ecep:syllab="2"
            ecep:pron="əˈlaɪv">alive</w>
         <pc xml:id="o4784-446220"
             n="298-a-0430"
             ecep:lem=","
             ecep:pos=","
             ecep:reg=","
             ecep:spe=",">,</pc>
      </l>
      <l xml:id="o4784-l24295">
         <c> </c>
         <w xml:id="o4784-446230"
            n="298-a-0440"
            ecep:lem="shall"
            ecep:pos="vmb"
            ecep:reg="Shall"
            ecep:spe="Shall"
            ecep:syllab="1"
            ecep:pron="ʃæl">Shall</w>
         <c> </c>
         <w xml:id="o4784-446240"
            n="298-a-0450"
            ecep:lem="on"
            ecep:pos="p-acp"
            ecep:reg="on"
            ecep:spe="on"
            ecep:syllab="1"
            ecep:pron="ɒn">on</w>
         <c> </c>
         <w xml:id="o4784-446250"
            n="298-a-0460"
            ecep:lem="thy"
            ecep:pos="po21"
            ecep:reg="thy"
            ecep:spe="thy"
            ecep:syllab="1"
            ecep:pron="ðaɪ">thy</w>
         <c> </c>
         <w xml:id="o4784-446260"
            n="298-a-0470"
            ecep:lem="lifeless"
            ecep:pos="j"
            ecep:reg="lifeless"
            ecep:spe="lifeless"
            ecep:syllab="2"
            ecep:pron="ˈlaɪfləs">lifeless</w>
         <c> </c>
         <w xml:id="o4784-446270"
            n="298-a-0480"
            ecep:lem="hour"
            ecep:pos="n1"
            ecep:reg="Hour"
            ecep:spe="Hour"
            ecep:syllab="1"
            ecep:pron="ˈaʊə">Hour</w>
         <c> </c>
         <w xml:id="o4784-446280"
            n="298-a-0490"
            ecep:lem="attend"
            ecep:pos="vvi"
            ecep:reg="attend"
            ecep:spe="attend"
            ecep:syllab="2"
            ecep:pron="əˈtend">attend</w>
         <pc xml:id="o4784-446290"
             n="298-a-0500"
             ecep:lem=","
             ecep:pos=","
             ecep:reg=","
             ecep:spe=",">,</pc>
      </l>
      <l xml:id="o4784-l24300">
         <c> </c>
         <w xml:id="o4784-446300"
            n="298-a-0510"
            ecep:lem="prevent"
            ecep:pos="vvb"
            ecep:reg="Prevent"
            ecep:spe="Prevent"
            ecep:syllab="2"
            ecep:pron="priˈvent">Prevent</w>
         <c> </c>
         <w xml:id="o4784-446310"
            n="298-a-0520"
            ecep:lem="the"
            ecep:pos="dt"
            ecep:reg="the"
            ecep:spe="the"
            ecep:syllab="1"
            ecep:pron="ðiː">the</w>
         <c> </c>
         <w xml:id="o4784-446320"
            n="298-a-0530"
            ecep:lem="axe"
            ecep:pos="n1"
            ecep:reg="Axe"
            ecep:spe="Axe"
            ecep:syllab="1"
            ecep:pron="æks">Axe</w>
         <pc xml:id="o4784-446330"
             n="298-a-0540"
             ecep:lem=","
             ecep:pos=","
             ecep:reg=","
             ecep:spe=",">,</pc>
         <c> </c>
         <w xml:id="o4784-446340"
            n="298-a-0550"
            ecep:lem="and"
            ecep:pos="cc"
            ecep:reg="and"
            ecep:spe="and"
            ecep:syllab="1"
            ecep:pron="ænd">and</w>
         <c> </c>
         <w xml:id="o4784-446350"
            n="298-a-0560"
            ecep:lem="grace"
            ecep:pos="vvb"
            ecep:reg="grace"
            ecep:spe="grace"
            ecep:syllab="1"
            ecep:pron="greɪs">grace</w>
         <c> </c>
         <w xml:id="o4784-446360"
            n="298-a-0570"
            ecep:lem="thy"
            ecep:pos="po21"
            ecep:reg="thy"
            ecep:spe="thy"
            ecep:syllab="1"
            ecep:pron="ðaɪ">thy</w>
         <c> </c>
         <w xml:id="o4784-446370"
            n="298-a-0580"
            ecep:lem="end"
            ecep:pos="n1"
            ecep:reg="End"
            ecep:spe="End"
            ecep:syllab="1"
            ecep:pron="end">End</w>
         <pc xml:id="o4784-446380"
             n="298-a-0590"
             ecep:lem=";"
             ecep:pos=";"
             ecep:reg=";"
             ecep:spe=";">;</pc>
      </l>
      <l xml:id="o4784-l24305">
         <c> </c>
         <w xml:id="o4784-446390"
            n="298-a-0600"
            ecep:lem="their"
            ecep:pos="po32"
            ecep:reg="Their"
            ecep:spe="Their"
            ecep:syllab="1"
            ecep:pron="ðeə">Their</w>
         <c> </c>
         <w xml:id="o4784-446400"
            n="298-a-0610"
            ecep:lem="scatter"
            ecep:pos="vvd"
            ecep:reg="scattered"
            ecep:spe="scatter'd"
            ecep:syllab="2"
            ecep:pron="ˈskætəd">scatter'd</w>
         <c> </c>
         <w xml:id="o4784-446410"
            n="298-a-0620"
            ecep:lem="strength"
            ecep:pos="n1"
            ecep:reg="Strength"
            ecep:spe="Strength"
            ecep:syllab="1"
            ecep:pron="streŋθ">Strength</w>
         <c> </c>
         <w xml:id="o4784-446420"
            n="298-a-0630"
            ecep:lem="together"
            ecep:pos="av"
            ecep:reg="together"
            ecep:spe="together"
            ecep:syllab="3"
            ecep:pron="təˈgeðə">together</w>
         <c> </c>
         <w xml:id="o4784-446430"
            n="298-a-0640"
            ecep:lem="call"
            ecep:pos="vvi"
            ecep:reg="call"
            ecep:spe="call"
            ecep:syllab="1"
            ecep:pron="kɔːl">call</w>
         <pc xml:id="o4784-446440"
             n="298-a-0650"
             ecep:lem=","
             ecep:pos=","
             ecep:reg=","
             ecep:spe=",">,</pc>
      </l>
      <l xml:id="o4784-l24310">
         <c> </c>
         <w xml:id="o4784-446450"
            n="298-a-0660"
            ecep:lem="and"
            ecep:pos="cc"
            ecep:reg="And"
            ecep:spe="And"
            ecep:syllab="1"
            ecep:pron="ænd">And</w>
         <c> </c>
         <w xml:id="o4784-446460"
            n="298-a-0670"
            ecep:lem="to"
            ecep:pos="p-acp"
            ecep:reg="to"
            ecep:spe="to"
            ecep:syllab="1"
            ecep:pron="tuː">to</w>
         <c> </c>
         <w xml:id="o4784-446470"
            n="298-a-0680"
            ecep:lem="the"
            ecep:pos="dt"
            ecep:reg="the"
            ecep:spe="the"
            ecep:syllab="1"
            ecep:pron="ðiː">the</w>
         <c> </c>
         <w xml:id="o4784-446480"
            n="298-a-0690"
            ecep:lem="cloud"
            ecep:pos="n2"
            ecep:reg="Clouds"
            ecep:spe="Clouds"
            ecep:syllab="1"
            ecep:pron="klaʊdz">Clouds</w>
         <c> </c>
         <w xml:id="o4784-446490"
            n="298-a-0700"
            ecep:lem="proclaim"
            ecep:pos="vvb"
            ecep:reg="proclaim"
            ecep:spe="proclaim"
            ecep:syllab="2"
            ecep:pron="prəˈkleɪm">proclaim</w>
         <c> </c>
         <w xml:id="o4784-446500"
            n="298-a-0710"
            ecep:lem="thy"
            ecep:pos="po21"
            ecep:reg="thy"
            ecep:spe="thy"
            ecep:syllab="1"
            ecep:pron="ðaɪ">thy</w>
         <c> </c>
         <w xml:id="o4784-446510"
            n="298-a-0720"
            ecep:lem="fall"
            ecep:pos="n1"
            ecep:reg="Fall"
            ecep:spe="Fall"
            ecep:syllab="1"
            ecep:pron="fɔːl">Fall</w>
         <pc xml:id="o4784-446520"
             n="298-a-0730"
             ecep:lem=";"
             ecep:pos=";"
             ecep:reg=";"
             ecep:spe=";">;</pc>
      </l>
      <l xml:id="o4784-l24315">
         <c> </c>
         <w xml:id="o4784-446530"
            n="298-a-0740"
            ecep:lem="who"
            ecep:pos="q-crq"
            ecep:reg="Who"
            ecep:spe="Who"
            ecep:syllab="1"
            ecep:pron="huː">Who</w>
         <c> </c>
         <w xml:id="o4784-446540"
            n="298-a-0750"
            ecep:lem="then"
            ecep:pos="av"
            ecep:reg="then"
            ecep:spe="then"
            ecep:syllab="1"
            ecep:pron="ðen">then</w>
         <c> </c>
         <w xml:id="o4784-446550"
            n="298-a-0760"
            ecep:lem="their"
            ecep:pos="po32"
            ecep:reg="their"
            ecep:spe="their"
            ecep:syllab="1"
            ecep:pron="ðeə">their</w>
         <c> </c>
         <w xml:id="o4784-446560"
            n="298-a-0770"
            ecep:lem="ev'ning-dew"
            ecep:pos="n2"
            ecep:reg="Ev'ning-Dews"
            ecep:spe="Ev'ning-Dews"
            ecep:syllab="3"
            ecep:pron="ˈiːvnɪŋˌdjuːz">Ev'ning-Dews</w>
         <c> </c>
         <w xml:id="o4784-446570"
            n="298-a-0780"
            ecep:lem="may"
            ecep:pos="vmb"
            ecep:reg="may"
            ecep:spe="may"
            ecep:syllab="1"
            ecep:pron="meɪ">may</w>
         <c> </c>
         <w xml:id="o4784-446580"
            n="298-a-0790"
            ecep:lem="spare"
            ecep:pos="vvi"
            ecep:reg="spare"
            ecep:spe="spare"
            ecep:syllab="1"
            ecep:pron="speə">spare</w>
         <pc xml:id="o4784-446590"
             n="298-a-0800"
             ecep:lem=","
             ecep:pos=","
             ecep:reg=","
             ecep:spe=",">,</pc>
      </l>
      <l xml:id="o4784-l24320">
         <c> </c>
         <w xml:id="o4784-446600"
            n="298-a-0810"
            ecep:lem="when"
            ecep:pos="c-crq"
            ecep:reg="When"
            ecep:spe="When"
            ecep:syllab="1"
            ecep:pron="wen">When</w>
         <c> </c>
         <w xml:id="o4784-446610"
            n="298-a-0820"
            ecep:lem="thou"
            ecep:pos="pns21"
            ecep:reg="thou"
            ecep:spe="thou"
            ecep:syllab="1"
            ecep:pron="θaʊ">thou</w>
         <c> </c>
         <w xml:id="o4784-446620"
            n="298-a-0830"
            ecep:lem="not"
            ecep:pos="xx"
            ecep:reg="no"
            ecep:spe="no"
            ecep:syllab="1"
            ecep:pron="nəʊ">no</w>
         <c> </c>
         <w xml:id="o4784-446630"
            n="298-a-0840"
            ecep:lem="long"
            ecep:pos="av-jc"
            ecep:reg="longer"
            ecep:spe="longer"
            ecep:syllab="2"
            ecep:pron="ˈlɒŋgə">longer</w>
         <c> </c>
         <w xml:id="o4784-446640"
            n="298-a-0850"
            ecep:lem="art"
            ecep:pos="n1"
            ecep:reg="art"
            ecep:spe="art"
            ecep:syllab="1"
            ecep:pron="ɑːt">art</w>
         <c> </c>
         <w xml:id="o4784-446650"
            n="298-a-0860"
            ecep:lem="their"
            ecep:pos="po32"
            ecep:reg="their"
            ecep:spe="their"
            ecep:syllab="1"
            ecep:pron="ðeə">their</w>
         <c> </c>
         <w xml:id="o4784-446660"
            n="298-a-0870"
            ecep:lem="care"
            ecep:pos="n1"
            ecep:reg="Care"
            ecep:spe="Care"
            ecep:syllab="1"
            ecep:pron="keə">Care</w>
         <pc xml:id="o4784-446670"
             n="298-a-0880"
             ecep:lem=";"
             ecep:pos=";"
             ecep:reg=";"
             ecep:spe=";">;</pc>
      </l>
      <l xml:id="o4784-l24325">
         <c> </c>
         <w xml:id="o4784-446680"
            n="298-a-0890"
            ecep:lem="but"
            ecep:pos="cc-acp"
            ecep:reg="But"
            ecep:spe="But"
            ecep:syllab="1"
            ecep:pron="bʌt">But</w>
         <c> </c>
         <w xml:id="o4784-446690"
            n="298-a-0900"
            ecep:lem="shall"
            ecep:pos="vm2"
            ecep:reg="shalt"
            ecep:spe="shalt"
            ecep:syllab="1"
            ecep:pron="ʃælt">shalt</w>
         <pc xml:id="o4784-446700"
             n="298-a-0910"
             ecep:lem=","
             ecep:pos=","
             ecep:reg=","
             ecep:spe=",">,</pc>
         <c> </c>
         <w xml:id="o4784-446710"
            n="298-a-0920"
            ecep:lem="like"
            ecep:pos="vvb"
            ecep:reg="like"
            ecep:spe="like"
            ecep:syllab="1"
            ecep:pron="laɪk">like</w>
         <c> </c>
         <w xml:id="o4784-446720"
            n="298-a-0930"
            ecep:lem="ancient"
            ecep:pos="j-jn"
            ecep:reg="ancient"
            ecep:spe="ancient"
            ecep:syllab="2"
            ecep:pron="ˈeɪnʃənt">ancient</w>
         <c> </c>
         <w xml:id="o4784-446730"
            n="298-a-0940"
            ecep:lem="hero"
            ecep:pos="n2"
            ecep:reg="Heroes"
            ecep:spe="Heroes"
            ecep:syllab="2"
            ecep:pron="ˈhɪərəʊz">Heroes</w>
         <pc xml:id="o4784-446740"
             n="298-a-0950"
             ecep:lem=","
             ecep:pos=","
             ecep:reg=","
             ecep:spe=",">,</pc>
         <c> </c>
         <w xml:id="o4784-446750"
            n="298-a-0960"
            ecep:lem="burn"
            ecep:pos="vvb"
            ecep:reg="burn"
            ecep:spe="burn"
            ecep:syllab="1"
            ecep:pron="bɜːn">burn</w>
         <pc xml:id="o4784-446760"
             n="298-a-0970"
             ecep:lem=","
             ecep:pos=","
             ecep:reg=","
             ecep:spe=",">,</pc>
      </l>
      <l xml:id="o4784-l24330">
         <c> </c>
         <w xml:id="o4784-446770"
            n="298-a-0980"
            ecep:lem="and"
            ecep:pos="cc"
            ecep:reg="And"
            ecep:spe="And"
            ecep:syllab="1"
            ecep:pron="ænd">And</w>
         <c> </c>
         <w xml:id="o4784-446780"
            n="298-a-0990"
            ecep:lem="some"
            ecep:pos="d"
            ecep:reg="some"
            ecep:spe="some"
            ecep:syllab="1"
            ecep:pron="sʌm">some</w>
         <c> </c>
         <w xml:id="o4784-446790"
            n="298-a-1000"
            ecep:lem="bright"
            ecep:pos="j"
            ecep:reg="bright"
            ecep:spe="bright"
            ecep:syllab="1"
            ecep:pron="braɪt">bright</w>
         <c> </c>
         <w xml:id="o4784-446800"
            n="298-a-1010"
            ecep:lem="hearth"
            ecep:pos="n1"
            ecep:reg="Hearth"
            ecep:spe="Hearth"
            ecep:syllab="1"
            ecep:pron="hɑːθ">Hearth</w>
         <c> </c>
         <w xml:id="o4784-446810"
            n="298-a-1020"
            ecep:lem="be"
            ecep:pos="vbi"
            ecep:reg="be"
            ecep:spe="be"
            ecep:syllab="1"
            ecep:pron="biː">be</w>
         <c> </c>
         <w xml:id="o4784-446820"
            n="298-a-1030"
            ecep:lem="make"
            ecep:pos="vvn"
            ecep:reg="made"
            ecep:spe="made"
            ecep:syllab="1"
            ecep:pron="meɪd">made</w>
         <c> </c>
         <w xml:id="o4784-446830"
            n="298-a-1040"
            ecep:lem="thy"
            ecep:pos="po21"
            ecep:reg="thy"
            ecep:spe="thy"
            ecep:syllab="1"
            ecep:pron="ðaɪ">thy</w>
         <c> </c>
         <w xml:id="o4784-446840"
            n="298-a-1050"
            ecep:lem="urn"
            ecep:pos="n1"
            ecep:reg="Urn"
            ecep:spe="Urn"
            ecep:syllab="1"
            ecep:pron="ɜːn">Urn</w>
         <pc unit="sentence"
             xml:id="o4784-446840-eos"
             n="298-a-1060"
             ecep:lem="."
             ecep:pos="."
             ecep:reg="."
             ecep:spe=".">.</pc>
         <c> </c>
      </l>
   </lg>
</div>
