<?xml version="1.0" encoding="UTF-8"?>
<?xml-model href="../tei_all.rnc" type="application/relax-ng-compact-syntax"?>
<TEI xmlns="http://www.tei-c.org/ns/1.0">
   <teiHeader>
      <fileDesc>
         <titleStmt>
            <title corresp="#txt_OpieAm1769_w0036">[SONG.]</title>
            <author corresp="authors.xml#aut_OpieAm1769">Amelia Opie (née Alderson)</author>
            <respStmt>
               <name xml:id="AH">Alexander Huber</name>
               <resp>Editor</resp>
            </respStmt>
            <funder>
               <name type="institution" xml:id="BOD">Bodleian Libraries, University of Oxford</name>
               <address>
                  <addrLine>Broad Street</addrLine>
                  <addrLine>Oxford OX1 3BG</addrLine>
                  <addrLine>UK</addrLine>
               </address>
            </funder>
         </titleStmt>
         <publicationStmt>
            <publisher xml:id="ECPA">Eighteenth-Century Poetry Archive</publisher>
            <address>
               <addrLine>Taylor Institution Library</addrLine>
               <addrLine>St Giles'</addrLine>
               <addrLine>Oxford OX1 3NA</addrLine>
               <addrLine>UK</addrLine>
               <addrLine>
                  <email>info@eighteenthcenturypoetry.org</email>
               </addrLine>
               <addrLine>
                  <ref target="https://www.eighteenthcenturypoetry.org/">https://www.eighteenthcenturypoetry.org/</ref>
               </addrLine>
            </address>
            <pubPlace>Oxford</pubPlace>
            <availability status="restricted">
               <licence target="http://creativecommons.org/licenses/by-sa/3.0/">This work is licensed under a Creative Commons Attribution-ShareAlike 3.0 Unported License.</licence>
            </availability>
         </publicationStmt>
         <sourceDesc>
            <bibl>
               <author>Opie, Amelia Alderson, 1769-1853.</author>
               <title>The Warrior's Return, and Other Poems. By Mrs. Opie.</title>
               <edition>2d. ed.</edition>
               <pubPlace>London</pubPlace>
               <publisher>Printed for Longman, Hurst, Rees, and Orme, Paternoster-row</publisher>
               <date>1808</date>
               <biblScope>pp. 182-183.</biblScope>
               <extent/>
            </bibl>
         </sourceDesc>
      </fileDesc>
      <encodingDesc>
         <projectDesc>
            <p>This e-text is part of the Works section of the Eighteenth-Century Poetry Archive (ECPA).</p>
            <p>XML created for the Eighteenth-Century Poetry Archive (ECPA).</p>
         </projectDesc>
         <editorialDecl>
            <p>Typography, spelling, capitalization, and punctuation have been cautiously modernized. The source of the text is given and all significant
						editorial interventions have been recorded in textual notes. This  text has been edited to conform to the recommendations found 
						in Level 5 of the
						Best Practices for TEI in Libraries version 4.0.0.
					</p>
         </editorialDecl>
         <classDecl>
            <taxonomy xml:id="LCNAF">
               <bibl>Library of Congress Name Authority File (<abbr>LCNAF</abbr>)</bibl>
            </taxonomy>
         </classDecl>
         <tagsDecl>
            <rendition n="linegroups indented" xml:id="lgindent" scheme="css">text-indent: 1em;</rendition>
            <rendition n="linegroups vertically spaced" xml:id="lgvspace" scheme="css">margin-bottom: 1em;</rendition>
            <rendition n="aligned centrally" xml:id="align-center" scheme="css">text-align: center;</rendition>
            <rendition n="aligned right" xml:id="align-right" scheme="css">text-align: right;</rendition>
            <rendition n="aligned left" xml:id="align-left" scheme="css">text-align: left;</rendition>
            <rendition n="inline" xml:id="inline" scheme="css">display: inline</rendition>
            <rendition n="italic" xml:id="i" scheme="css">font-style: italic;</rendition>
            <rendition n="bold" xml:id="b" scheme="css">font-weight: bold;</rendition>
         </tagsDecl>
      </encodingDesc>
   </teiHeader>
   <text>
      <body>
         <div xmlns:ecep="http://www.eighteenthcenturypoetry.org/ns"
              xmlns:tei="http://www.tei-c.org/ns/1.0"
              ana="#anapaest #tetrameter #quatrain #cross #acephal #lyric #song"
              corresp="#txt_OpieAm1769_w0036"
              decls="#semi-normalized"
              ecep:syllab="11.11.11.11"
              met="-+|--+|--+|--+/ -+|--+|--+|--+/ -+|--+|--+|--+/ -+|--+|--+|--+/"
              rendition="#lgvspace"
              rhyme="abab"
              subtype="eceptext"
              type="song"
              xml:id="bao18-w0360">
            <link target="authors.xml#aut_OpieAm1769" type="author"/>
            <head type="main">
               <pc xml:id="bao18-157120"
                   n="a-0010"
                   ecep:lem="["
                   ecep:pos="["
                   ecep:reg="["
                   ecep:spe="[">[</pc>
               <w xml:id="bao18-157130"
                  n="a-0020"
                  ecep:lem="song"
                  ecep:pos="n1"
                  ecep:reg="SONG"
                  ecep:spe="SONG"
                  ecep:syllab="1"
                  ecep:pron="sɒŋ">SONG</w>
               <pc xml:id="bao18-157140"
                   n="a-0030"
                   ecep:lem="."
                   ecep:pos="."
                   ecep:reg="."
                   ecep:spe=".">.</pc>
               <pc xml:id="bao18-157150"
                   n="a-0040"
                   unit="sentence"
                   ecep:lem="]"
                   ecep:pos="]"
                   ecep:reg="]"
                   ecep:spe="]">]</pc>
            </head>
            <lg xml:id="bao18-s01700">
               <l xml:id="bao18-l08090">
                  <hi rendition="#sc">
                     <w xml:id="bao18-157180"
                        n="a-0050"
                        ecep:lem="low"
                        ecep:pos="j"
                        ecep:reg="LOW"
                        ecep:spe="LOW"
                        ecep:syllab="1"
                        ecep:pron="ləʊ">LOW</w>
                  </hi>
                  <c> </c>
                  <w xml:id="bao18-157190"
                     n="a-0060"
                     ecep:lem="hang"
                     ecep:pos="vvd"
                     ecep:reg="hung"
                     ecep:spe="hung"
                     ecep:syllab="1"
                     ecep:pron="hʌŋ">hung</w>
                  <c> </c>
                  <w xml:id="bao18-157200"
                     n="a-0070"
                     ecep:lem="the"
                     ecep:pos="dt"
                     ecep:reg="the"
                     ecep:spe="the"
                     ecep:syllab="1"
                     ecep:pron="ðiː">the</w>
                  <c> </c>
                  <w xml:id="bao18-157210"
                     n="a-0080"
                     ecep:lem="dark"
                     ecep:pos="j"
                     ecep:reg="dark"
                     ecep:spe="dark"
                     ecep:syllab="1"
                     ecep:pron="dɑːk">dark</w>
                  <c> </c>
                  <w xml:id="bao18-157220"
                     n="a-0090"
                     ecep:lem="cloud"
                     ecep:pos="n2"
                     ecep:reg="clouds"
                     ecep:spe="clouds"
                     ecep:syllab="1"
                     ecep:pron="klaʊdz">clouds</w>
                  <c> </c>
                  <w xml:id="bao18-157230"
                     n="a-0100"
                     ecep:lem="on"
                     ecep:pos="p-acp"
                     ecep:reg="on"
                     ecep:spe="on"
                     ecep:syllab="1"
                     ecep:pron="ɒn">on</w>
                  <c> </c>
                  <w xml:id="bao18-157240"
                     n="a-0110"
                     ecep:lem="plinlimmon"
                     ecep:pos="npg1"
                     ecep:reg="Plinlimmon's"
                     ecep:spe="Plinlimmon's"
                     ecep:syllab="3"
                     ecep:pron="plˈɪnlɪmənz">Plinlimmon's</w>
                  <c> </c>
                  <w xml:id="bao18-157250"
                     n="a-0120"
                     ecep:lem="tall"
                     ecep:pos="j"
                     ecep:reg="tall"
                     ecep:spe="tall"
                     ecep:syllab="1"
                     ecep:pron="tɔːl">tall</w>
                  <c> </c>
                  <w xml:id="bao18-157260"
                     n="a-0130"
                     ecep:lem="peak"
                     ecep:pos="n1"
                     ecep:reg="peak"
                     ecep:spe="peak"
                     ecep:syllab="1"
                     ecep:pron="piːk">peak</w>
                  <pc xml:id="bao18-157270"
                      n="a-0140"
                      ecep:lem=","
                      ecep:pos=","
                      ecep:reg=","
                      ecep:spe=",">,</pc>
               </l>
               <l xml:id="bao18-l08095">
                  <c> </c>
                  <w xml:id="bao18-157280"
                     n="a-0150"
                     ecep:lem="and"
                     ecep:pos="cc"
                     ecep:reg="And"
                     ecep:spe="And"
                     ecep:syllab="1"
                     ecep:pron="ænd">And</w>
                  <c> </c>
                  <w xml:id="bao18-157290"
                     n="a-0160"
                     ecep:lem="slow"
                     ecep:pos="av-j"
                     ecep:reg="slowly"
                     ecep:spe="slowly"
                     ecep:syllab="2"
                     ecep:pron="sləʊli">slowly</w>
                  <pc xml:id="bao18-157300"
                      n="a-0170"
                      ecep:lem=","
                      ecep:pos=","
                      ecep:reg=","
                      ecep:spe=",">,</pc>
                  <c> </c>
                  <w xml:id="bao18-157310"
                     n="a-0180"
                     ecep:lem="yet"
                     ecep:pos="av"
                     ecep:reg="yet"
                     ecep:spe="yet"
                     ecep:syllab="1"
                     ecep:pron="jet">yet</w>
                  <c> </c>
                  <w xml:id="bao18-157320"
                     n="a-0190"
                     ecep:lem="sure"
                     ecep:pos="av-j"
                     ecep:reg="surely"
                     ecep:spe="surely"
                     ecep:syllab="2"
                     ecep:pron="ˈʃɔːli">surely</w>
                  <pc xml:id="bao18-157330"
                      n="a-0200"
                      ecep:lem=","
                      ecep:pos=","
                      ecep:reg=","
                      ecep:spe=",">,</pc>
                  <c> </c>
                  <w xml:id="bao18-157340"
                     n="a-0210"
                     ecep:lem="the"
                     ecep:pos="dt"
                     ecep:reg="the"
                     ecep:spe="the"
                     ecep:syllab="1"
                     ecep:pron="ðiː">the</w>
                  <c> </c>
                  <w xml:id="bao18-157350"
                     n="a-0220"
                     ecep:lem="winter"
                     ecep:pos="n1"
                     ecep:reg="winter"
                     ecep:spe="winter"
                     ecep:syllab="2"
                     ecep:pron="ˈwɪntə">winter</w>
                  <c> </c>
                  <w xml:id="bao18-157360"
                     n="a-0230"
                     ecep:lem="draw"
                     ecep:pos="vvd"
                     ecep:reg="drew"
                     ecep:spe="drew"
                     ecep:syllab="1"
                     ecep:pron="druː">drew</w>
                  <c> </c>
                  <w xml:id="bao18-157370"
                     n="a-0240"
                     ecep:lem="near"
                     ecep:pos="av-j"
                     ecep:reg="near"
                     ecep:spe="near"
                     ecep:syllab="1"
                     ecep:pron="nɪə">near</w>
                  <pc xml:id="bao18-157380"
                      n="a-0250"
                      ecep:lem=";"
                      ecep:pos=";"
                      ecep:reg=";"
                      ecep:spe=";">;</pc>
               </l>
               <l xml:id="bao18-l08100">
                  <c> </c>
                  <w xml:id="bao18-157390"
                     n="a-0260"
                     ecep:lem="when"
                     ecep:pos="c-crq"
                     ecep:reg="When"
                     ecep:spe="When"
                     ecep:syllab="1"
                     ecep:pron="wen">When</w>
                  <c> </c>
                  <w xml:id="bao18-157400"
                     n="a-0270"
                     ecep:lem="Ellen"
                     ecep:pos="np1"
                     ecep:reg="Ellen"
                     ecep:spe="Ellen"
                     ecep:syllab="2"
                     ecep:pron="ˈelən">Ellen</w>
                  <pc xml:id="bao18-157410"
                      n="a-0280"
                      ecep:lem=","
                      ecep:pos=","
                      ecep:reg=","
                      ecep:spe=",">,</pc>
                  <c> </c>
                  <w xml:id="bao18-157420"
                     n="a-0290"
                     ecep:lem="sweet"
                     ecep:pos="j"
                     ecep:reg="sweet"
                     ecep:spe="sweet"
                     ecep:syllab="1"
                     ecep:pron="swiːt">sweet</w>
                  <c> </c>
                  <w xml:id="bao18-157430"
                     n="a-0300"
                     ecep:lem="Ellen"
                     ecep:pos="np1"
                     ecep:reg="Ellen"
                     ecep:spe="Ellen"
                     ecep:syllab="2"
                     ecep:pron="ˈelən">Ellen</w>
                  <pc xml:id="bao18-157440"
                      n="a-0310"
                      ecep:lem=","
                      ecep:pos=","
                      ecep:reg=","
                      ecep:spe=",">,</pc>
                  <c> </c>
                  <w xml:id="bao18-157450"
                     n="a-0320"
                     ecep:lem="a"
                     ecep:pos="dt"
                     ecep:reg="a"
                     ecep:spe="a"
                     ecep:syllab="1"
                     ecep:pron="ə">a</w>
                  <c> </c>
                  <w xml:id="bao18-157460"
                     n="a-0330"
                     ecep:lem="tear"
                     ecep:pos="n1"
                     ecep:reg="tear"
                     ecep:spe="tear"
                     ecep:syllab="1"
                     ecep:pron="tɪə">tear</w>
                  <c> </c>
                  <w xml:id="bao18-157470"
                     n="a-0340"
                     ecep:lem="on"
                     ecep:pos="p-acp"
                     ecep:reg="on"
                     ecep:spe="on"
                     ecep:syllab="1"
                     ecep:pron="ɒn">on</w>
                  <c> </c>
                  <w xml:id="bao18-157480"
                     n="a-0350"
                     ecep:lem="her"
                     ecep:pos="po31"
                     ecep:reg="her"
                     ecep:spe="her"
                     ecep:syllab="1"
                     ecep:pron="hɜː">her</w>
                  <c> </c>
                  <w xml:id="bao18-157490"
                     n="a-0360"
                     ecep:lem="cheek"
                     ecep:pos="n1"
                     ecep:reg="cheek"
                     ecep:spe="cheek"
                     ecep:syllab="1"
                     ecep:pron="tʃiːk">cheek</w>
                  <pc xml:id="bao18-157500"
                      n="a-0370"
                      ecep:lem=","
                      ecep:pos=","
                      ecep:reg=","
                      ecep:spe=",">,</pc>
               </l>
               <l xml:id="bao18-l08105">
                  <c> </c>
                  <w xml:id="bao18-157510"
                     n="a-0380"
                     ecep:lem="exclaim"
                     ecep:pos="vvd"
                     ecep:reg="Exclaimed"
                     ecep:spe="Exclaimed"
                     ecep:syllab="2"
                     ecep:pron="ɪksˈkleɪmd">Exclaimed</w>
                  <c> </c>
                  <w xml:id="bao18-157520"
                     n="a-0390"
                     ecep:lem="as"
                     ecep:pos="c-acp"
                     ecep:reg="as"
                     ecep:spe="as"
                     ecep:syllab="1"
                     ecep:pron="æz">as</w>
                  <c> </c>
                  <w xml:id="bao18-157530"
                     n="a-0400"
                     ecep:lem="we"
                     ecep:pos="pns12"
                     ecep:reg="we"
                     ecep:spe="we"
                     ecep:syllab="1"
                     ecep:pron="wiː">we</w>
                  <c> </c>
                  <w xml:id="bao18-157540"
                     n="a-0410"
                     ecep:lem="part"
                     ecep:pos="vvd"
                     ecep:reg="parted"
                     ecep:spe="parted"
                     ecep:syllab="2"
                     ecep:pron="pɑːtɪd">parted</w>
                  <pc xml:id="bao18-157550"
                      n="a-0420"
                      ecep:lem=","
                      ecep:pos=","
                      ecep:reg=","
                      ecep:spe=",">,</pc>
                  <c> </c>
                  <pc xml:id="bao18-157560"
                      n="a-0430"
                      ecep:lem="&#34;"
                      ecep:pos="&#34;"
                      ecep:reg="&#34;"
                      ecep:spe="&#34;">"</pc>
                  <w xml:id="bao18-157570"
                     n="a-0440"
                     ecep:lem="in"
                     ecep:pos="p-acp"
                     ecep:reg="In"
                     ecep:spe="In"
                     ecep:syllab="1"
                     ecep:pron="ɪn">In</w>
                  <c> </c>
                  <w xml:id="bao18-157580"
                     n="a-0450"
                     ecep:lem="may"
                     ecep:pos="vmb"
                     ecep:reg="May"
                     ecep:spe="May"
                     ecep:syllab="1"
                     ecep:pron="meɪ">May</w>
                  <c> </c>
                  <w xml:id="bao18-157590"
                     n="a-0460"
                     ecep:lem="i|will"
                     ecep:pos="pns11|vmb"
                     ecep:reg="I'll"
                     ecep:spe="I'll"
                     ecep:syllab="1"
                     ecep:pron="ˈaɪl">I'll</w>
                  <c> </c>
                  <w xml:id="bao18-157600"
                     n="a-0470"
                     ecep:lem="be"
                     ecep:pos="vbi"
                     ecep:reg="be"
                     ecep:spe="be"
                     ecep:syllab="1"
                     ecep:pron="biː">be</w>
                  <c> </c>
                  <w xml:id="bao18-157610"
                     n="a-0480"
                     ecep:lem="here"
                     ecep:pos="av"
                     ecep:reg="here"
                     ecep:spe="here"
                     ecep:syllab="1"
                     ecep:pron="hɪə">here</w>
                  <pc xml:id="bao18-157620"
                      n="a-0490"
                      ecep:lem="."
                      ecep:pos="."
                      ecep:reg="."
                      ecep:spe=".">.</pc>
                  <pc xml:id="bao18-157630"
                      n="a-0500"
                      unit="sentence"
                      ecep:lem="&#34;"
                      ecep:pos="&#34;"
                      ecep:reg="&#34;"
                      ecep:spe="&#34;">"</pc>
                  <c> </c>
               </l>
            </lg>
            <lg xml:id="bao18-s01705">
               <l xml:id="bao18-l08110">
                  <w xml:id="bao18-157660"
                     n="a-0510"
                     ecep:lem="how"
                     ecep:pos="q-crq"
                     ecep:reg="How"
                     ecep:spe="How"
                     ecep:syllab="1"
                     ecep:pron="haʊ">How</w>
                  <c> </c>
                  <w xml:id="bao18-157670"
                     n="a-0520"
                     ecep:lem="swift"
                     ecep:pos="av-j"
                     ecep:reg="swiftly"
                     ecep:spe="swiftly"
                     ecep:syllab="2"
                     ecep:pron="swɪftli">swiftly</w>
                  <c> </c>
                  <w xml:id="bao18-157680"
                     n="a-0530"
                     ecep:lem="i"
                     ecep:pos="pns11"
                     ecep:reg="I"
                     ecep:spe="I"
                     ecep:syllab="1"
                     ecep:pron="aɪ">I</w>
                  <c> </c>
                  <w xml:id="bao18-157690"
                     n="a-0540"
                     ecep:lem="run"
                     ecep:pos="vvd"
                     ecep:reg="ran"
                     ecep:spe="ran"
                     ecep:syllab="1"
                     ecep:pron="ræn">ran</w>
                  <c> </c>
                  <w xml:id="bao18-157700"
                     n="a-0550"
                     ecep:lem="up"
                     ecep:pos="a-acp"
                     ecep:reg="up"
                     ecep:spe="up"
                     ecep:syllab="1"
                     ecep:pron="ʌp">up</w>
                  <c> </c>
                  <w xml:id="bao18-157710"
                     n="a-0560"
                     ecep:lem="the"
                     ecep:pos="dt"
                     ecep:reg="the"
                     ecep:spe="the"
                     ecep:syllab="1"
                     ecep:pron="ðiː">the</w>
                  <c> </c>
                  <w xml:id="bao18-157720"
                     n="a-0570"
                     ecep:lem="mountain"
                     ecep:pos="ng1"
                     ecep:reg="mountain's"
                     ecep:spe="mountain's"
                     ecep:syllab="2"
                     ecep:pron="ˈmaʊntɪnz">mountain's</w>
                  <c> </c>
                  <w xml:id="bao18-157730"
                     n="a-0580"
                     ecep:lem="steep"
                     ecep:pos="j"
                     ecep:reg="steep"
                     ecep:spe="steep"
                     ecep:syllab="1"
                     ecep:pron="stiːp">steep</w>
                  <c> </c>
                  <w xml:id="bao18-157740"
                     n="a-0590"
                     ecep:lem="height"
                     ecep:pos="n1"
                     ecep:reg="height"
                     ecep:spe="height"
                     ecep:syllab="1"
                     ecep:pron="haɪt">height</w>
                  <pc xml:id="bao18-157750"
                      n="a-0600"
                      ecep:lem=","
                      ecep:pos=","
                      ecep:reg=","
                      ecep:spe=",">,</pc>
               </l>
               <l xml:id="bao18-l08115">
                  <c> </c>
                  <w xml:id="bao18-157760"
                     n="a-0610"
                     ecep:lem="to"
                     ecep:pos="pc-acp"
                     ecep:reg="To"
                     ecep:spe="To"
                     ecep:syllab="1"
                     ecep:pron="tuː">To</w>
                  <c> </c>
                  <w xml:id="bao18-157770"
                     n="a-0620"
                     ecep:lem="catch"
                     ecep:pos="vvi"
                     ecep:reg="catch"
                     ecep:spe="catch"
                     ecep:syllab="1"
                     ecep:pron="kætʃ">catch</w>
                  <c> </c>
                  <w xml:id="bao18-157780"
                     n="a-0630"
                     ecep:lem="the"
                     ecep:pos="dt"
                     ecep:reg="the"
                     ecep:spe="the"
                     ecep:syllab="1"
                     ecep:pron="ðiː">the</w>
                  <c> </c>
                  <w xml:id="bao18-157790"
                     n="a-0640"
                     ecep:lem="last"
                     ecep:pos="ord"
                     ecep:reg="last"
                     ecep:spe="last"
                     ecep:syllab="1"
                     ecep:pron="lɑːst">last</w>
                  <c> </c>
                  <w xml:id="bao18-157800"
                     n="a-0650"
                     ecep:lem="glimpse"
                     ecep:pos="n1"
                     ecep:reg="glimpse"
                     ecep:spe="glimpse"
                     ecep:syllab="1"
                     ecep:pron="glɪms">glimpse</w>
                  <c> </c>
                  <w xml:id="bao18-157810"
                     n="a-0660"
                     ecep:lem="of"
                     ecep:pos="pp-f"
                     ecep:reg="of"
                     ecep:spe="of"
                     ecep:syllab="1"
                     ecep:pron="ɒv">of</w>
                  <c> </c>
                  <w xml:id="bao18-157820"
                     n="a-0670"
                     ecep:lem="a"
                     ecep:pos="dt"
                     ecep:reg="an"
                     ecep:spe="an"
                     ecep:syllab="1"
                     ecep:pron="æn">an</w>
                  <c> </c>
                  <w xml:id="bao18-157830"
                     n="a-0680"
                     ecep:lem="object"
                     ecep:pos="n1"
                     ecep:reg="object"
                     ecep:spe="object"
                     ecep:syllab="2"
                     ecep:pron="ˈɒbdʒɪkt">object</w>
                  <c> </c>
                  <w xml:id="bao18-157840"
                     n="a-0690"
                     ecep:lem="so"
                     ecep:pos="av"
                     ecep:reg="so"
                     ecep:spe="so"
                     ecep:syllab="1"
                     ecep:pron="səʊ">so</w>
                  <c> </c>
                  <w xml:id="bao18-157850"
                     n="a-0700"
                     ecep:lem="dear"
                     ecep:pos="j-jn"
                     ecep:reg="dear"
                     ecep:spe="dear"
                     ecep:syllab="1"
                     ecep:pron="dɪə">dear</w>
                  <pc xml:id="bao18-157860"
                      n="a-0710"
                      unit="sentence"
                      ecep:lem="!"
                      ecep:pos="!"
                      ecep:reg="!"
                      ecep:spe="!">!</pc>
                  <c> </c>
               </l>
               <l xml:id="bao18-l08120">
                  <w xml:id="bao18-157870"
                     n="a-0720"
                     ecep:lem="and"
                     ecep:pos="cc"
                     ecep:reg="And"
                     ecep:spe="And"
                     ecep:syllab="1"
                     ecep:pron="ænd">And</w>
                  <pc xml:id="bao18-157880"
                      n="a-0730"
                      ecep:lem=","
                      ecep:pos=","
                      ecep:reg=","
                      ecep:spe=",">,</pc>
                  <c> </c>
                  <w xml:id="bao18-157890"
                     n="a-0740"
                     ecep:lem="when"
                     ecep:pos="c-crq"
                     ecep:reg="when"
                     ecep:spe="when"
                     ecep:syllab="1"
                     ecep:pron="wen">when</w>
                  <c> </c>
                  <w xml:id="bao18-157900"
                     n="a-0750"
                     ecep:lem="i"
                     ecep:pos="pns11"
                     ecep:reg="I"
                     ecep:spe="I"
                     ecep:syllab="1"
                     ecep:pron="aɪ">I</w>
                  <c> </c>
                  <w xml:id="bao18-157910"
                     n="a-0760"
                     ecep:lem="no"
                     ecep:pos="av-dx"
                     ecep:reg="no"
                     ecep:spe="no"
                     ecep:syllab="1"
                     ecep:pron="nəʊ">no</w>
                  <c> </c>
                  <w xml:id="bao18-157920"
                     n="a-0770"
                     ecep:lem="long"
                     ecep:pos="av-jc"
                     ecep:reg="longer"
                     ecep:spe="longer"
                     ecep:syllab="2"
                     ecep:pron="lɒŋgə">longer</w>
                  <c> </c>
                  <w xml:id="bao18-157930"
                     n="a-0780"
                     ecep:lem="can"
                     ecep:pos="vmd"
                     ecep:reg="could"
                     ecep:spe="could"
                     ecep:syllab="1"
                     ecep:pron="kʊd">could</w>
                  <c> </c>
                  <w xml:id="bao18-157940"
                     n="a-0790"
                     ecep:lem="keep"
                     ecep:pos="vvi"
                     ecep:reg="keep"
                     ecep:spe="keep"
                     ecep:syllab="1"
                     ecep:pron="kiːp">keep</w>
                  <c> </c>
                  <w xml:id="bao18-157950"
                     n="a-0800"
                     ecep:lem="she"
                     ecep:pos="pno31"
                     ecep:reg="her"
                     ecep:spe="her"
                     ecep:syllab="1"
                     ecep:pron="hɜː">her</w>
                  <c> </c>
                  <w xml:id="bao18-157960"
                     n="a-0810"
                     ecep:lem="in"
                     ecep:pos="p-acp"
                     ecep:reg="in"
                     ecep:spe="in"
                     ecep:syllab="1"
                     ecep:pron="ɪn">in</w>
                  <c> </c>
                  <w xml:id="bao18-157970"
                     n="a-0820"
                     ecep:lem="sight"
                     ecep:pos="n1"
                     ecep:reg="sight"
                     ecep:spe="sight"
                     ecep:syllab="1"
                     ecep:pron="saɪt">sight</w>
                  <pc xml:id="bao18-157980"
                      n="a-0830"
                      ecep:lem=","
                      ecep:pos=","
                      ecep:reg=","
                      ecep:spe=",">,</pc>
               </l>
               <l xml:id="bao18-l08125">
                  <c> </c>
                  <w xml:id="bao18-157990"
                     n="a-0840"
                     ecep:lem="i"
                     ecep:pos="pns11"
                     ecep:reg="I"
                     ecep:spe="I"
                     ecep:syllab="1"
                     ecep:pron="aɪ">I</w>
                  <c> </c>
                  <w xml:id="bao18-158000"
                     n="a-0850"
                     ecep:lem="think"
                     ecep:pos="vvd"
                     ecep:reg="thought"
                     ecep:spe="thought"
                     ecep:syllab="1"
                     ecep:pron="θɔːt">thought</w>
                  <c> </c>
                  <w xml:id="bao18-158010"
                     n="a-0860"
                     ecep:lem="on"
                     ecep:pos="p-acp"
                     ecep:reg="on"
                     ecep:spe="on"
                     ecep:syllab="1"
                     ecep:pron="ɒn">on</w>
                  <c> </c>
                  <w xml:id="bao18-158020"
                     n="a-0870"
                     ecep:lem="her"
                     ecep:pos="po31"
                     ecep:reg="her"
                     ecep:spe="her"
                     ecep:syllab="1"
                     ecep:pron="hɜː">her</w>
                  <c> </c>
                  <w xml:id="bao18-158030"
                     n="a-0880"
                     ecep:lem="promise"
                     ecep:pos="n1"
                     ecep:reg="promise"
                     ecep:spe="promise"
                     ecep:syllab="2"
                     ecep:pron="ˈprɒmɪs">promise</w>
                  <pc xml:id="bao18-158040"
                      n="a-0890"
                      ecep:lem=","
                      ecep:pos=","
                      ecep:reg=","
                      ecep:spe=",">,</pc>
                  <c> </c>
                  <pc xml:id="bao18-158050"
                      n="a-0900"
                      ecep:lem="...."
                      ecep:pos="...."
                      ecep:reg="...."
                      ecep:spe="....">....</pc>
                  <c> </c>
                  <pc xml:id="bao18-158060"
                      n="a-0910"
                      unit="sentence"
                      ecep:lem="&#34;"
                      ecep:pos="&#34;"
                      ecep:reg="&#34;"
                      ecep:spe="&#34;">"</pc>
                  <c> </c>
                  <w xml:id="bao18-158070"
                     n="a-0920"
                     ecep:lem="in"
                     ecep:pos="p-acp"
                     ecep:reg="In"
                     ecep:spe="In"
                     ecep:syllab="1"
                     ecep:pron="ɪn">In</w>
                  <c> </c>
                  <w xml:id="bao18-158080"
                     n="a-0930"
                     ecep:lem="may"
                     ecep:pos="vmb"
                     ecep:reg="May"
                     ecep:spe="May"
                     ecep:syllab="1"
                     ecep:pron="meɪ">May</w>
                  <c> </c>
                  <w xml:id="bao18-158090"
                     n="a-0940"
                     ecep:lem="i|will"
                     ecep:pos="pns11|vmb"
                     ecep:reg="I'll"
                     ecep:spe="I'll"
                     ecep:syllab="1"
                     ecep:pron="ˈaɪl">I'll</w>
                  <c> </c>
                  <w xml:id="bao18-158100"
                     n="a-0950"
                     ecep:lem="be"
                     ecep:pos="vbi"
                     ecep:reg="be"
                     ecep:spe="be"
                     ecep:syllab="1"
                     ecep:pron="biː">be</w>
                  <c> </c>
                  <w xml:id="bao18-158110"
                     n="a-0960"
                     ecep:lem="here"
                     ecep:pos="av"
                     ecep:reg="here"
                     ecep:spe="here"
                     ecep:syllab="1"
                     ecep:pron="hɪə">here</w>
                  <pc xml:id="bao18-158120"
                      n="a-0970"
                      ecep:lem="."
                      ecep:pos="."
                      ecep:reg="."
                      ecep:spe=".">.</pc>
                  <pc xml:id="bao18-158130"
                      n="a-0980"
                      unit="sentence"
                      ecep:lem="&#34;"
                      ecep:pos="&#34;"
                      ecep:reg="&#34;"
                      ecep:spe="&#34;">"</pc>
                  <c> </c>
               </l>
            </lg>
            <pb facs="bao18/0197" n="183" rend="none"/>
            <lg xml:id="bao18-s01710">
               <l xml:id="bao18-l08130">
                  <w xml:id="bao18-158160"
                     n="a-0010"
                     ecep:lem="now"
                     ecep:pos="av"
                     ecep:reg="Now"
                     ecep:spe="Now"
                     ecep:syllab="1"
                     ecep:pron="naʊ">Now</w>
                  <c> </c>
                  <w xml:id="bao18-158170"
                     n="a-0020"
                     ecep:lem="glad"
                     ecep:pos="av-j"
                     ecep:reg="gladly"
                     ecep:spe="gladly"
                     ecep:syllab="2"
                     ecep:pron="ˈglædli">gladly</w>
                  <c> </c>
                  <w xml:id="bao18-158180"
                     n="a-0030"
                     ecep:lem="i"
                     ecep:pos="pns11"
                     ecep:reg="I"
                     ecep:spe="I"
                     ecep:syllab="1"
                     ecep:pron="aɪ">I</w>
                  <c> </c>
                  <w xml:id="bao18-158190"
                     n="a-0040"
                     ecep:lem="mark"
                     ecep:pos="vvb"
                     ecep:reg="mark"
                     ecep:spe="mark"
                     ecep:syllab="1"
                     ecep:pron="mɑːk">mark</w>
                  <c> </c>
                  <w xml:id="bao18-158200"
                     n="a-0050"
                     ecep:lem="from"
                     ecep:pos="p-acp"
                     ecep:reg="from"
                     ecep:spe="from"
                     ecep:syllab="1"
                     ecep:pron="frɒm">from</w>
                  <c> </c>
                  <w xml:id="bao18-158210"
                     n="a-0060"
                     ecep:lem="plinlimmon"
                     ecep:pos="npg1"
                     ecep:reg="Plinlimmon's"
                     ecep:spe="Plinlimmon's"
                     ecep:syllab="3"
                     ecep:pron="plˈɪnlɪmənz">Plinlimmon's</w>
                  <c> </c>
                  <w xml:id="bao18-158220"
                     n="a-0070"
                     ecep:lem="tall"
                     ecep:pos="j"
                     ecep:reg="tall"
                     ecep:spe="tall"
                     ecep:syllab="1"
                     ecep:pron="tɔːl">tall</w>
                  <c> </c>
                  <w xml:id="bao18-158230"
                     n="a-0080"
                     ecep:lem="peak"
                     ecep:pos="n1"
                     ecep:reg="peak"
                     ecep:spe="peak"
                     ecep:syllab="1"
                     ecep:pron="piːk">peak</w>
               </l>
               <l xml:id="bao18-l08135">
                  <c> </c>
                  <w xml:id="bao18-158240"
                     n="a-0090"
                     ecep:lem="the"
                     ecep:pos="dt"
                     ecep:reg="The"
                     ecep:spe="The"
                     ecep:syllab="1"
                     ecep:pron="ðiː">The</w>
                  <c> </c>
                  <w xml:id="bao18-158250"
                     n="a-0100"
                     ecep:lem="low-hanging"
                     ecep:pos="j"
                     ecep:reg="low-hanging"
                     ecep:spe="low-hanging"
                     ecep:syllab="3"
                     ecep:pron="ləʊˌhæŋɪŋ">low-hanging</w>
                  <c> </c>
                  <w xml:id="bao18-158260"
                     n="a-0110"
                     ecep:lem="vapour"
                     ecep:pos="n2"
                     ecep:reg="vapours"
                     ecep:spe="vapours"
                     ecep:syllab="2"
                     ecep:pron="ˈveɪpəz">vapours</w>
                  <c> </c>
                  <w xml:id="bao18-158270"
                     n="a-0120"
                     ecep:lem="and"
                     ecep:pos="cc"
                     ecep:reg="and"
                     ecep:spe="and"
                     ecep:syllab="1"
                     ecep:pron="ænd">and</w>
                  <c> </c>
                  <w xml:id="bao18-158280"
                     n="a-0130"
                     ecep:lem="cloud"
                     ecep:pos="n2"
                     ecep:reg="clouds"
                     ecep:spe="clouds"
                     ecep:syllab="1"
                     ecep:pron="klaʊdz">clouds</w>
                  <c> </c>
                  <w xml:id="bao18-158290"
                     n="a-0140"
                     ecep:lem="disappear"
                     ecep:pos="vvb"
                     ecep:reg="disappear"
                     ecep:spe="disappear"
                     ecep:syllab="3"
                     ecep:pron="ˌdɪsəˈpɪə">disappear</w>
                  <pc xml:id="bao18-158300"
                      n="a-0150"
                      ecep:lem=","
                      ecep:pos=","
                      ecep:reg=","
                      ecep:spe=",">,</pc>
               </l>
               <l xml:id="bao18-l08140">
                  <c> </c>
                  <w xml:id="bao18-158310"
                     n="a-0160"
                     ecep:lem="and"
                     ecep:pos="cc"
                     ecep:reg="And"
                     ecep:spe="And"
                     ecep:syllab="1"
                     ecep:pron="ænd">And</w>
                  <c> </c>
                  <w xml:id="bao18-158320"
                     n="a-0170"
                     ecep:lem="climb"
                     ecep:pos="vvi"
                     ecep:reg="climb"
                     ecep:spe="climb"
                     ecep:syllab="1"
                     ecep:pron="klaɪm">climb</w>
                  <c> </c>
                  <w xml:id="bao18-158330"
                     n="a-0180"
                     ecep:lem="the"
                     ecep:pos="dt"
                     ecep:reg="the"
                     ecep:spe="the"
                     ecep:syllab="1"
                     ecep:pron="ðiː">the</w>
                  <c> </c>
                  <w xml:id="bao18-158340"
                     n="a-0190"
                     ecep:lem="rough"
                     ecep:pos="j"
                     ecep:reg="rough"
                     ecep:spe="rough"
                     ecep:syllab="1"
                     ecep:pron="rʌf">rough</w>
                  <c> </c>
                  <w xml:id="bao18-158350"
                     n="a-0200"
                     ecep:lem="mountain"
                     ecep:pos="n1"
                     ecep:reg="mountain"
                     ecep:spe="mountain"
                     ecep:syllab="2"
                     ecep:pron="ˈmaʊntɪn">mountain</w>
                  <pc xml:id="bao18-158360"
                      n="a-0210"
                      ecep:lem=","
                      ecep:pos=","
                      ecep:reg=","
                      ecep:spe=",">,</pc>
                  <c> </c>
                  <w xml:id="bao18-158370"
                     n="a-0220"
                     ecep:lem="thence"
                     ecep:pos="av"
                     ecep:reg="thence"
                     ecep:spe="thence"
                     ecep:syllab="1"
                     ecep:pron="ðens">thence</w>
                  <c> </c>
                  <w xml:id="bao18-158380"
                     n="a-0230"
                     ecep:lem="Ellen"
                     ecep:pos="np1"
                     ecep:reg="Ellen"
                     ecep:spe="Ellen"
                     ecep:syllab="2"
                     ecep:pron="ˈelən">Ellen</w>
                  <c> </c>
                  <w xml:id="bao18-158390"
                     n="a-0240"
                     ecep:lem="to"
                     ecep:pos="pc-acp"
                     ecep:reg="to"
                     ecep:spe="to"
                     ecep:syllab="1"
                     ecep:pron="tuː">to</w>
                  <c> </c>
                  <w xml:id="bao18-158400"
                     n="a-0250"
                     ecep:lem="seek"
                     ecep:pos="vvi"
                     ecep:reg="seek"
                     ecep:spe="seek"
                     ecep:syllab="1"
                     ecep:pron="siːk">seek</w>
                  <pc xml:id="bao18-158410"
                      n="a-0260"
                      ecep:lem=","
                      ecep:pos=","
                      ecep:reg=","
                      ecep:spe=",">,</pc>
               </l>
               <l xml:id="bao18-l08145">
                  <c> </c>
                  <w xml:id="bao18-158420"
                     n="a-0270"
                     ecep:lem="repeat"
                     ecep:pos="vvg"
                     ecep:reg="Repeating"
                     ecep:spe="Repeating"
                     ecep:syllab="3"
                     ecep:pron="rɪˈpiːtɪŋ">Repeating</w>
                  <c> </c>
                  <w xml:id="bao18-158430"
                     n="a-0280"
                     ecep:lem="she"
                     ecep:pos="pno31"
                     ecep:reg="her"
                     ecep:spe="her"
                     ecep:syllab="1"
                     ecep:pron="hɜː">her</w>
                  <c> </c>
                  <w xml:id="bao18-158440"
                     n="a-0290"
                     ecep:lem="promise"
                     ecep:pos="vvi"
                     ecep:reg="promise"
                     ecep:spe="promise"
                     ecep:syllab="2"
                     ecep:pron="ˈprɒmɪs">promise</w>
                  <c> </c>
                  <pc xml:id="bao18-158450"
                      n="a-0300"
                      ecep:lem="...."
                      ecep:pos="...."
                      ecep:reg="...."
                      ecep:spe="....">....</pc>
                  <c> </c>
                  <pc xml:id="bao18-158460"
                      n="a-0310"
                      unit="sentence"
                      ecep:lem="&#34;"
                      ecep:pos="&#34;"
                      ecep:reg="&#34;"
                      ecep:spe="&#34;">"</pc>
                  <c> </c>
                  <w xml:id="bao18-158470"
                     n="a-0320"
                     ecep:lem="in"
                     ecep:pos="p-acp"
                     ecep:reg="In"
                     ecep:spe="In"
                     ecep:syllab="1"
                     ecep:pron="ɪn">In</w>
                  <c> </c>
                  <w xml:id="bao18-158480"
                     n="a-0330"
                     ecep:lem="may"
                     ecep:pos="vmb"
                     ecep:reg="May"
                     ecep:spe="May"
                     ecep:syllab="1"
                     ecep:pron="meɪ">May</w>
                  <c> </c>
                  <w xml:id="bao18-158490"
                     n="a-0340"
                     ecep:lem="i|will"
                     ecep:pos="pns11|vmb"
                     ecep:reg="I'll"
                     ecep:spe="I'll"
                     ecep:syllab="1"
                     ecep:pron="ˈaɪl">I'll</w>
                  <c> </c>
                  <w xml:id="bao18-158500"
                     n="a-0350"
                     ecep:lem="be"
                     ecep:pos="vbi"
                     ecep:reg="be"
                     ecep:spe="be"
                     ecep:syllab="1"
                     ecep:pron="biː">be</w>
                  <c> </c>
                  <w xml:id="bao18-158510"
                     n="a-0360"
                     ecep:lem="here"
                     ecep:pos="av"
                     ecep:reg="here"
                     ecep:spe="here"
                     ecep:syllab="1"
                     ecep:pron="hɪə">here</w>
                  <pc xml:id="bao18-158520"
                      n="a-0370"
                      ecep:lem="."
                      ecep:pos="."
                      ecep:reg="."
                      ecep:spe=".">.</pc>
                  <pc xml:id="bao18-158530"
                      n="a-0380"
                      unit="sentence"
                      ecep:lem="&#34;"
                      ecep:pos="&#34;"
                      ecep:reg="&#34;"
                      ecep:spe="&#34;">"</pc>
                  <c> </c>
               </l>
            </lg>
            <lg xml:id="bao18-s01715">
               <l xml:id="bao18-l08150">
                  <w xml:id="bao18-158560"
                     n="a-0390"
                     ecep:lem="but"
                     ecep:pos="p-acp"
                     ecep:reg="But"
                     ecep:spe="But"
                     ecep:syllab="1"
                     ecep:pron="bʌt">But</w>
                  <c> </c>
                  <w xml:id="bao18-158570"
                     n="a-0400"
                     ecep:lem="vain"
                     ecep:pos="av-j"
                     ecep:reg="vainly"
                     ecep:spe="vainly"
                     ecep:syllab="2"
                     ecep:pron="veɪnli">vainly</w>
                  <c> </c>
                  <w xml:id="bao18-158580"
                     n="a-0410"
                     ecep:lem="i"
                     ecep:pos="pns11"
                     ecep:reg="I"
                     ecep:spe="I"
                     ecep:syllab="1"
                     ecep:pron="aɪ">I</w>
                  <c> </c>
                  <w xml:id="bao18-158590"
                     n="a-0420"
                     ecep:lem="gaze"
                     ecep:pos="vvb"
                     ecep:reg="gaze"
                     ecep:spe="gaze"
                     ecep:syllab="1"
                     ecep:pron="geɪz">gaze</w>
                  <c> </c>
                  <w xml:id="bao18-158600"
                     n="a-0430"
                     ecep:lem="the"
                     ecep:pos="dt"
                     ecep:reg="the"
                     ecep:spe="the"
                     ecep:syllab="1"
                     ecep:pron="ðiː">the</w>
                  <c> </c>
                  <w xml:id="bao18-158610"
                     n="a-0440"
                     ecep:lem="wide"
                     ecep:pos="j"
                     ecep:reg="wide"
                     ecep:spe="wide"
                     ecep:syllab="1"
                     ecep:pron="waɪd">wide</w>
                  <c> </c>
                  <w xml:id="bao18-158620"
                     n="a-0450"
                     ecep:lem="prospect"
                     ecep:pos="n1"
                     ecep:reg="prospect"
                     ecep:spe="prospect"
                     ecep:syllab="2"
                     ecep:pron="ˈprɒspekt">prospect</w>
                  <c> </c>
                  <w xml:id="bao18-158630"
                     n="a-0460"
                     ecep:lem="around"
                     ecep:pos="a-acp"
                     ecep:reg="around"
                     ecep:spe="around"
                     ecep:syllab="2"
                     ecep:pron="əˈraʊnd">around</w>
                  <pc xml:id="bao18-158640"
                      n="a-0470"
                      ecep:lem=","
                      ecep:pos=","
                      ecep:reg=","
                      ecep:spe=",">,</pc>
               </l>
               <l xml:id="bao18-l08155">
                  <c> </c>
                  <w xml:id="bao18-158650"
                     n="a-0480"
                     ecep:lem="it"
                     ecep:pos="pn31"
                     ecep:reg="IT"
                     ecep:spe="'T"
                     ecep:syllab="0"
                     ecep:pron="tˈiː">'T</w>
                  <c> </c>
                  <w xml:id="bao18-158660"
                     n="a-0490"
                     ecep:lem="be"
                     ecep:pos="vbz"
                     ecep:reg="is"
                     ecep:spe="is"
                     ecep:syllab="1"
                     ecep:pron="ɪz">is</w>
                  <c> </c>
                  <w xml:id="bao18-158670"
                     n="a-0500"
                     ecep:lem="may"
                     ecep:pos="vmb"
                     ecep:reg="May"
                     ecep:spe="May"
                     ecep:syllab="1"
                     ecep:pron="meɪ">May</w>
                  <pc xml:id="bao18-158680"
                      n="a-0510"
                      ecep:lem=","
                      ecep:pos=","
                      ecep:reg=","
                      ecep:spe=",">,</pc>
                  <c> </c>
                  <w xml:id="bao18-158690"
                     n="a-0520"
                     ecep:lem="yet"
                     ecep:pos="av"
                     ecep:reg="yet"
                     ecep:spe="yet"
                     ecep:syllab="1"
                     ecep:pron="jet">yet</w>
                  <c> </c>
                  <w xml:id="bao18-158700"
                     n="a-0530"
                     ecep:lem="no"
                     ecep:pos="av-dx"
                     ecep:reg="no"
                     ecep:spe="no"
                     ecep:syllab="1"
                     ecep:pron="nəʊ">no</w>
                  <c> </c>
                  <w xml:id="bao18-158710"
                     n="a-0540"
                     ecep:lem="Ellen"
                     ecep:pos="np1"
                     ecep:reg="Ellen"
                     ecep:spe="Ellen"
                     ecep:syllab="2"
                     ecep:pron="ˈelən">Ellen</w>
                  <c> </c>
                  <w xml:id="bao18-158720"
                     n="a-0550"
                     ecep:lem="return"
                     ecep:pos="vvg"
                     ecep:reg="returning"
                     ecep:spe="returning"
                     ecep:syllab="3"
                     ecep:pron="rɪˈtɜːnɪŋ">returning</w>
                  <c> </c>
                  <w xml:id="bao18-158730"
                     n="a-0560"
                     ecep:lem="be"
                     ecep:pos="vbz"
                     ecep:reg="is"
                     ecep:spe="is"
                     ecep:syllab="1"
                     ecep:pron="ɪz">is</w>
                  <c> </c>
                  <w xml:id="bao18-158740"
                     n="a-0570"
                     ecep:lem="near"
                     ecep:pos="j"
                     ecep:reg="near"
                     ecep:spe="near"
                     ecep:syllab="1"
                     ecep:pron="nɪə">near</w>
                  <pc xml:id="bao18-158750"
                      n="a-0580"
                      ecep:lem=":"
                      ecep:pos=":"
                      ecep:reg=":"
                      ecep:spe=":">:</pc>
               </l>
               <l xml:id="bao18-l08160">
                  <c> </c>
                  <w xml:id="bao18-158760"
                     n="a-0590"
                     ecep:lem="oh"
                     ecep:pos="uh"
                     ecep:reg="O"
                     ecep:spe="Oh"
                     ecep:syllab="1"
                     ecep:pron="əʊ">Oh</w>
                  <pc xml:id="bao18-158770"
                      n="a-0600"
                      ecep:lem=","
                      ecep:pos=","
                      ecep:reg=","
                      ecep:spe=",">,</pc>
                  <c> </c>
                  <w xml:id="bao18-158780"
                     n="a-0610"
                     ecep:lem="when"
                     ecep:pos="c-crq"
                     ecep:reg="when"
                     ecep:spe="when"
                     ecep:syllab="1"
                     ecep:pron="wen">when</w>
                  <c> </c>
                  <w xml:id="bao18-158790"
                     n="a-0620"
                     ecep:lem="shall"
                     ecep:pos="vmb"
                     ecep:reg="shall"
                     ecep:spe="shall"
                     ecep:syllab="1"
                     ecep:pron="ʃæl">shall</w>
                  <c> </c>
                  <w xml:id="bao18-158800"
                     n="a-0630"
                     ecep:lem="i"
                     ecep:pos="pns11"
                     ecep:reg="I"
                     ecep:spe="I"
                     ecep:syllab="1"
                     ecep:pron="aɪ">I</w>
                  <c> </c>
                  <w xml:id="bao18-158810"
                     n="a-0640"
                     ecep:lem="see"
                     ecep:pos="vvi"
                     ecep:reg="see"
                     ecep:spe="see"
                     ecep:syllab="1"
                     ecep:pron="siː">see</w>
                  <c> </c>
                  <w xml:id="bao18-158820"
                     n="a-0650"
                     ecep:lem="she"
                     ecep:pos="pno31"
                     ecep:reg="her"
                     ecep:spe="her"
                     ecep:syllab="1"
                     ecep:pron="hɜː">her</w>
                  <pc xml:id="bao18-158830"
                      n="a-0660"
                      ecep:lem="!"
                      ecep:pos="!"
                      ecep:reg="!"
                      ecep:spe="!">!</pc>
                  <c> </c>
                  <w xml:id="bao18-158840"
                     n="a-0670"
                     ecep:lem="when"
                     ecep:pos="q-crq"
                     ecep:reg="when"
                     ecep:spe="when"
                     ecep:syllab="1"
                     ecep:pron="wen">when</w>
                  <c> </c>
                  <w xml:id="bao18-158850"
                     n="a-0680"
                     ecep:lem="feel"
                     ecep:pos="vvb"
                     ecep:reg="feel"
                     ecep:spe="feel"
                     ecep:syllab="1"
                     ecep:pron="fiːl">feel</w>
                  <c> </c>
                  <w xml:id="bao18-158860"
                     n="a-0690"
                     ecep:lem="my"
                     ecep:pos="po11"
                     ecep:reg="my"
                     ecep:spe="my"
                     ecep:syllab="1"
                     ecep:pron="maɪ">my</w>
                  <c> </c>
                  <w xml:id="bao18-158870"
                     n="a-0700"
                     ecep:lem="heart"
                     ecep:pos="n1"
                     ecep:reg="heart"
                     ecep:spe="heart"
                     ecep:syllab="1"
                     ecep:pron="hɑːt">heart</w>
                  <c> </c>
                  <w xml:id="bao18-158880"
                     n="a-0710"
                     ecep:lem="bind"
                     ecep:pos="vvn"
                     ecep:reg="bound"
                     ecep:spe="bound"
                     ecep:syllab="1"
                     ecep:pron="baʊnd">bound</w>
                  <pc xml:id="bao18-158890"
                      n="a-0720"
                      ecep:lem=","
                      ecep:pos=","
                      ecep:reg=","
                      ecep:spe=",">,</pc>
               </l>
               <l xml:id="bao18-l08165">
                  <c> </c>
                  <w xml:id="bao18-158900"
                     n="a-0730"
                     ecep:lem="as"
                     ecep:pos="c-acp"
                     ecep:reg="As"
                     ecep:spe="As"
                     ecep:syllab="1"
                     ecep:pron="æz">As</w>
                  <c> </c>
                  <w xml:id="bao18-158910"
                     n="a-0740"
                     ecep:lem="sweet"
                     ecep:pos="av-j"
                     ecep:reg="sweetly"
                     ecep:spe="sweetly"
                     ecep:syllab="2"
                     ecep:pron="swiːtli">sweetly</w>
                  <c> </c>
                  <w xml:id="bao18-158920"
                     n="a-0750"
                     ecep:lem="she"
                     ecep:pos="pns31"
                     ecep:reg="she"
                     ecep:spe="she"
                     ecep:syllab="1"
                     ecep:pron="ʃiː">she</w>
                  <c> </c>
                  <w xml:id="bao18-158930"
                     n="a-0760"
                     ecep:lem="cry"
                     ecep:pos="vvz"
                     ecep:reg="cries"
                     ecep:spe="cries"
                     ecep:syllab="1"
                     ecep:pron="kraɪz">cries</w>
                  <pc xml:id="bao18-158940"
                      n="a-0770"
                      ecep:lem=","
                      ecep:pos=","
                      ecep:reg=","
                      ecep:spe=",">,</pc>
                  <c> </c>
                  <pc xml:id="bao18-158950"
                      n="a-0780"
                      ecep:lem="&#34;"
                      ecep:pos="&#34;"
                      ecep:reg="&#34;"
                      ecep:spe="&#34;">"</pc>
                  <w xml:id="bao18-158960"
                     n="a-0790"
                     ecep:lem="it"
                     ecep:pos="pn31"
                     ecep:reg="It"
                     ecep:spe="It"
                     ecep:syllab="1"
                     ecep:pron="ɪt">It</w>
                  <c> </c>
                  <w xml:id="bao18-158970"
                     n="a-0800"
                     ecep:lem="be"
                     ecep:pos="vbz"
                     ecep:reg="is"
                     ecep:spe="is"
                     ecep:syllab="1"
                     ecep:pron="ɪz">is</w>
                  <c> </c>
                  <w xml:id="bao18-158980"
                     n="a-0810"
                     ecep:lem="may"
                     ecep:pos="vmb"
                     ecep:reg="May"
                     ecep:spe="May"
                     ecep:syllab="1"
                     ecep:pron="meɪ">May</w>
                  <pc xml:id="bao18-158990"
                      n="a-0820"
                      ecep:lem=","
                      ecep:pos=","
                      ecep:reg=","
                      ecep:spe=",">,</pc>
                  <c> </c>
                  <w xml:id="bao18-159000"
                     n="a-0830"
                     ecep:lem="and"
                     ecep:pos="cc"
                     ecep:reg="and"
                     ecep:spe="and"
                     ecep:syllab="1"
                     ecep:pron="ænd">and</w>
                  <c> </c>
                  <w xml:id="bao18-159010"
                     n="a-0840"
                     ecep:lem="i|be"
                     ecep:pos="pns11|vbm"
                     ecep:reg="I'm"
                     ecep:spe="I'm"
                     ecep:syllab="1"
                     ecep:pron="ˈaɪm">I'm</w>
                  <c> </c>
                  <w xml:id="bao18-159020"
                     n="a-0850"
                     ecep:lem="here"
                     ecep:pos="av"
                     ecep:reg="here"
                     ecep:spe="here"
                     ecep:syllab="1"
                     ecep:pron="hɪə">here</w>
                  <pc xml:id="bao18-159030"
                      n="a-0860"
                      ecep:lem="!"
                      ecep:pos="!"
                      ecep:reg="!"
                      ecep:spe="!">!</pc>
                  <pc xml:id="bao18-159040"
                      n="a-0870"
                      unit="sentence"
                      ecep:lem="&#34;"
                      ecep:pos="&#34;"
                      ecep:reg="&#34;"
                      ecep:spe="&#34;">"</pc>
                  <c> </c>
               </l>
            </lg>
         </div>
      </body>
   </text>
</TEI>
