<?xml version="1.0" encoding="utf-8"?>
<!DOCTYPE div
  SYSTEM "about:legacy-compat">
<div xmlns:ecep="http://www.eighteenthcenturypoetry.org/ns"
     xmlns="http://www.tei-c.org/ns/1.0"
     xmlns:tei="http://www.tei-c.org/ns/1.0"
     ana="#iamb #pentameter #sonnet"
     corresp="#txt_SmitCh1749_w0050"
     decls="#semi-normalized"
     ecep:syllab="10"
     met="-+|-+|-+|-+|-+/"
     n="49"
     rendition="#lgvspace"
     rhyme="ababcddcefefgg"
     subtype="eceptext"
     type="sonnet"
     xml:id="n22cs-w0490">
   <link target="authors.xml#aut_SmitCh1749" type="author"/>
   <head type="main">
      <w xml:id="n22cs-112040"
         n="0070-a-0010"
         ecep:lem="sonnet"
         ecep:pos="n1"
         ecep:reg="SONNET"
         ecep:spe="SONNET"
         ecep:syllab="2"
         ecep:pron="ˈsɒnɪt">SONNET</w>
      <c> </c>
      <pc xml:id="n22cs-112041"
          ecep:lem="["
          ecep:pos="["
          ecep:reg="["
          ecep:spe="[">[</pc>
      <w xml:id="n22cs-112042"
         ecep:lem="49"
         ecep:pos="crd"
         ecep:reg="49"
         ecep:spe="49"
         ecep:syllab="1"
         ecep:pron="fˈɔːtinˈaɪn">49</w>
      <pc xml:id="n22cs-112043"
          ecep:lem="]"
          ecep:pos="]"
          ecep:reg="]"
          ecep:spe="]">]</pc>
      <c> </c>
      <w xml:id="n22cs-112050"
         n="0070-a-0020"
         ecep:lem="xlix"
         ecep:pos="crd"
         ecep:reg="XLIX"
         ecep:spe="XLIX."
         ecep:syllab="1"
         ecep:pron="rˌəʊmənfˈɔːtinˈaɪn">XLIX.</w>
      <c> </c>
      <hi>
         <w xml:id="n22cs-112060"
            n="0070-a-0030"
            ecep:lem="suppose"
            ecep:pos="vvn"
            ecep:reg="Supposed"
            ecep:spe="Supposed"
            ecep:syllab="2"
            ecep:pron="səˈpəʊzd">Supposed</w>
         <c> </c>
         <w xml:id="n22cs-112070"
            n="0070-a-0040"
            ecep:lem="to"
            ecep:pos="pc-acp"
            ecep:reg="to"
            ecep:spe="to"
            ecep:syllab="1"
            ecep:pron="tuː">to</w>
         <c> </c>
         <w xml:id="n22cs-112080"
            n="0070-a-0050"
            ecep:lem="have"
            ecep:pos="vhi"
            ecep:reg="have"
            ecep:spe="have"
            ecep:syllab="1"
            ecep:pron="hæv">have</w>
         <c> </c>
         <w xml:id="n22cs-112090"
            n="0070-a-0060"
            ecep:lem="be"
            ecep:pos="vbn"
            ecep:reg="been"
            ecep:spe="been"
            ecep:syllab="1"
            ecep:pron="biːn">been</w>
         <c> </c>
         <w xml:id="n22cs-112100"
            n="0070-a-0070"
            ecep:lem="write"
            ecep:pos="vvn"
            ecep:reg="written"
            ecep:spe="written"
            ecep:syllab="2"
            ecep:pron="ˈrɪtn">written</w>
         <c> </c>
         <w xml:id="n22cs-112110"
            n="0070-a-0080"
            ecep:lem="in"
            ecep:pos="p-acp"
            ecep:reg="in"
            ecep:spe="in"
            ecep:syllab="1"
            ecep:pron="ɪn">in</w>
         <c> </c>
         <w xml:id="n22cs-112120"
            n="0070-a-0090"
            ecep:lem="a"
            ecep:pos="dt"
            ecep:reg="a"
            ecep:spe="a"
            ecep:syllab="1"
            ecep:pron="ə">a</w>
         <c> </c>
         <w xml:id="n22cs-112130"
            n="0070-a-0100"
            ecep:lem="church"
            ecep:pos="n1"
            ecep:reg="Church"
            ecep:spe="Church"
            ecep:syllab="1"
            ecep:pron="tʃɜːtʃ">Church</w>
         <c> </c>
         <w xml:id="n22cs-112140"
            n="0070-a-0110"
            ecep:lem="yard"
            ecep:pos="n1"
            ecep:reg="Yard"
            ecep:spe="Yard"
            ecep:syllab="1"
            ecep:pron="jɑːd">Yard</w>
         <pc xml:id="n22cs-112150"
             n="0070-a-0120"
             ecep:lem=","
             ecep:pos=","
             ecep:reg=","
             ecep:spe=",">,</pc>
         <c> </c>
         <w xml:id="n22cs-112160"
            n="0070-a-0130"
            ecep:lem="over"
            ecep:pos="p-acp"
            ecep:reg="over"
            ecep:spe="over"
            ecep:syllab="2"
            ecep:pron="ˈəʊvə">over</w>
         <c> </c>
         <w xml:id="n22cs-112170"
            n="0070-a-0140"
            ecep:lem="the"
            ecep:pos="dt"
            ecep:reg="the"
            ecep:spe="the"
            ecep:syllab="1"
            ecep:pron="ðiː">the</w>
         <c> </c>
         <w xml:id="n22cs-112180"
            n="0070-a-0150"
            ecep:lem="grave"
            ecep:pos="n1"
            ecep:reg="Grave"
            ecep:spe="Grave"
            ecep:syllab="1"
            ecep:pron="grɑːv">Grave</w>
         <c> </c>
         <w xml:id="n22cs-112190"
            n="0070-a-0160"
            ecep:lem="of"
            ecep:pos="pp-f"
            ecep:reg="of"
            ecep:spe="of"
            ecep:syllab="1"
            ecep:pron="ɒv">of</w>
         <c> </c>
         <w xml:id="n22cs-112200"
            n="0070-a-0170"
            ecep:lem="a"
            ecep:pos="dt"
            ecep:reg="a"
            ecep:spe="a"
            ecep:syllab="1"
            ecep:pron="ə">a</w>
         <c> </c>
         <w xml:id="n22cs-112210"
            n="0070-a-0180"
            ecep:lem="young"
            ecep:pos="j"
            ecep:reg="Young"
            ecep:spe="Young"
            ecep:syllab="1"
            ecep:pron="jʌŋ">Young</w>
         <c> </c>
         <w xml:id="n22cs-112220"
            n="0070-a-0190"
            ecep:lem="woman"
            ecep:pos="n1"
            ecep:reg="Woman"
            ecep:spe="Woman"
            ecep:syllab="2"
            ecep:pron="ˈwʊmən">Woman</w>
         <c> </c>
         <w xml:id="n22cs-112230"
            n="0070-a-0200"
            ecep:lem="of"
            ecep:pos="pp-f"
            ecep:reg="of"
            ecep:spe="of"
            ecep:syllab="1"
            ecep:pron="ɒv">of</w>
         <c> </c>
         <w xml:id="n22cs-112240"
            n="0070-a-0210"
            ecep:lem="nineteen"
            ecep:pos="crd"
            ecep:reg="nineteen"
            ecep:spe="nineteen"
            ecep:syllab="2"
            ecep:pron="ˌnaɪnˈtiːn">nineteen</w>
         <pc xml:id="n22cs-112250"
             n="0070-a-0220"
             unit="sentence"
             ecep:lem="."
             ecep:pos="."
             ecep:reg="."
             ecep:spe=".">.</pc>
         <c> </c>
      </hi>
      <w xml:id="n22cs-112260"
         n="0070-a-0230"
         ecep:lem="from"
         ecep:pos="p-acp"
         ecep:reg="From"
         ecep:spe="From"
         ecep:syllab="1"
         ecep:pron="frɒm">From</w>
      <c> </c>
      <w xml:id="n22cs-112270"
         n="0070-a-0240"
         ecep:lem="the"
         ecep:pos="dt"
         ecep:reg="the"
         ecep:spe="the"
         ecep:syllab="1"
         ecep:pron="ðiː">the</w>
      <c> </c>
      <w xml:id="n22cs-112280"
         n="0070-a-0250"
         ecep:lem="novel"
         ecep:pos="n1"
         ecep:reg="Novel"
         ecep:spe="Novel"
         ecep:syllab="2"
         ecep:pron="ˈnɒvl">Novel</w>
      <c> </c>
      <w xml:id="n22cs-112290"
         n="0070-a-0260"
         ecep:lem="of"
         ecep:pos="pp-f"
         ecep:reg="of"
         ecep:spe="of"
         ecep:syllab="1"
         ecep:pron="ɒv">of</w>
      <c> </c>
      <w xml:id="n22cs-112300"
         n="0070-a-0270"
         ecep:lem="Celestina"
         ecep:pos="np1"
         ecep:reg="Celestina"
         ecep:spe="Celestina"
         ecep:syllab="4"
         ecep:pron="səlɪstˈiːnə">Celestina</w>
      <pc xml:id="n22cs-112310"
          n="0070-a-0280"
          unit="sentence"
          ecep:lem="."
          ecep:pos="."
          ecep:reg="."
          ecep:spe=".">.</pc>
   </head>
   <lg xml:id="n22cs-s00770">
      <l xml:id="n22cs-l03560">
         <w xml:id="n22cs-112340"
            n="0070-a-0290"
            ecep:lem="oh"
            ecep:pos="uh"
            ecep:reg="O"
            ecep:spe="OH"
            ecep:syllab="1"
            ecep:pron="əʊ">OH</w>
         <pc xml:id="n22cs-112350"
             n="0070-a-0300"
             ecep:lem=","
             ecep:pos=","
             ecep:reg=","
             ecep:spe=",">,</pc>
         <c> </c>
         <w xml:id="n22cs-112360"
            n="0070-a-0310"
            ecep:lem="thou"
            ecep:pos="pns21"
            ecep:reg="thou"
            ecep:spe="thou"
            ecep:syllab="1"
            ecep:pron="θaʊ">thou</w>
         <pc xml:id="n22cs-112370"
             n="0070-a-0320"
             ecep:lem="!"
             ecep:pos="!"
             ecep:reg="!"
             ecep:spe="!">!</pc>
         <c> </c>
         <w xml:id="n22cs-112380"
            n="0070-a-0330"
            ecep:lem="who"
            ecep:pos="q-crq"
            ecep:reg="who"
            ecep:spe="who"
            ecep:syllab="1"
            ecep:pron="huː">who</w>
         <c> </c>
         <w xml:id="n22cs-112390"
            n="0070-a-0340"
            ecep:lem="sleep"
            ecep:pos="vv2"
            ecep:reg="sleepest"
            ecep:spe="sleep'st"
            ecep:syllab="1"
            ecep:pron="ˈsliːpst">sleep'st</w>
         <c> </c>
         <w xml:id="n22cs-112400"
            n="0070-a-0350"
            ecep:lem="where"
            ecep:pos="c-crq"
            ecep:reg="where"
            ecep:spe="where"
            ecep:syllab="1"
            ecep:pron="weə">where</w>
         <c> </c>
         <w xml:id="n22cs-112410"
            n="0070-a-0360"
            ecep:lem="hazel"
            ecep:pos="n1"
            ecep:reg="hazel"
            ecep:spe="hazle"
            ecep:syllab="2"
            ecep:pron="hˈæzəl">hazle</w>
         <c> </c>
         <w xml:id="n22cs-112420"
            n="0070-a-0370"
            ecep:lem="band"
            ecep:pos="n2"
            ecep:reg="bands"
            ecep:spe="bands"
            ecep:syllab="1"
            ecep:pron="bændz">bands</w>
         <c> </c>
         <w xml:id="n22cs-112430"
            n="0070-a-0380"
            ecep:lem="entwine"
            ecep:pos="vvb"
            ecep:reg="entwine"
            ecep:spe="entwine"
            ecep:syllab="2"
            ecep:pron="ɪnˈtwaɪn">entwine</w>
      </l>
      <l xml:id="n22cs-l03565">
         <c> </c>
         <w xml:id="n22cs-112440"
            n="0070-a-0390"
            ecep:lem="the"
            ecep:pos="dt"
            ecep:reg="The"
            ecep:spe="The"
            ecep:syllab="1"
            ecep:pron="ðiː">The</w>
         <c> </c>
         <w xml:id="n22cs-112450"
            n="0070-a-0400"
            ecep:lem="vernal"
            ecep:pos="j"
            ecep:reg="vernal"
            ecep:spe="vernal"
            ecep:syllab="2"
            ecep:pron="ˈvɜːnl">vernal</w>
         <c> </c>
         <w xml:id="n22cs-112460"
            n="0070-a-0410"
            ecep:lem="grass"
            ecep:pos="n1"
            ecep:reg="grass"
            ecep:spe="grass"
            ecep:syllab="1"
            ecep:pron="grɑːs">grass</w>
         <pc xml:id="n22cs-112470"
             n="0070-a-0420"
             ecep:lem=","
             ecep:pos=","
             ecep:reg=","
             ecep:spe=",">,</pc>
         <c> </c>
         <w xml:id="n22cs-112480"
            n="0070-a-0430"
            ecep:lem="with"
            ecep:pos="p-acp"
            ecep:reg="with"
            ecep:spe="with"
            ecep:syllab="1"
            ecep:pron="wɪð">with</w>
         <c> </c>
         <w xml:id="n22cs-112490"
            n="0070-a-0440"
            ecep:lem="pale"
            ecep:pos="jc"
            ecep:reg="paler"
            ecep:spe="paler"
            ecep:syllab="2"
            ecep:pron="peɪlə">paler</w>
         <c> </c>
         <w xml:id="n22cs-112500"
            n="0070-a-0450"
            ecep:lem="violet"
            ecep:pos="n2"
            ecep:reg="violets"
            ecep:spe="violets"
            ecep:syllab="2"
            ecep:pron="ˈvæələts">violets</w>
         <c> </c>
         <w xml:id="n22cs-112510"
            n="0070-a-0460"
            ecep:lem="dress"
            ecep:pos="vvn"
            ecep:reg="dressed"
            ecep:spe="drest"
            ecep:syllab="1"
            ecep:pron="drest">drest</w>
         <pc xml:id="n22cs-112520"
             n="0070-a-0470"
             ecep:lem=";"
             ecep:pos=";"
             ecep:reg=";"
             ecep:spe=";">;</pc>
      </l>
      <l xml:id="n22cs-l03570">
         <c> </c>
         <w xml:id="n22cs-112530"
            n="0070-a-0480"
            ecep:lem="i"
            ecep:pos="pns11"
            ecep:reg="I"
            ecep:spe="I"
            ecep:syllab="1"
            ecep:pron="aɪ">I</w>
         <c> </c>
         <w xml:id="n22cs-112540"
            n="0070-a-0490"
            ecep:lem="will"
            ecep:pos="vmd"
            ecep:reg="would"
            ecep:spe="would"
            ecep:syllab="1"
            ecep:pron="wʊd">would</w>
         <pc xml:id="n22cs-112550"
             n="0070-a-0500"
             ecep:lem=","
             ecep:pos=","
             ecep:reg=","
             ecep:spe=",">,</pc>
         <c> </c>
         <w xml:id="n22cs-112560"
            n="0070-a-0510"
            ecep:lem="sweet"
            ecep:pos="j"
            ecep:reg="sweet"
            ecep:spe="sweet"
            ecep:syllab="1"
            ecep:pron="swiːt">sweet</w>
         <c> </c>
         <w xml:id="n22cs-112570"
            n="0070-a-0520"
            ecep:lem="maid"
            ecep:pos="n1"
            ecep:reg="maid"
            ecep:spe="maid"
            ecep:syllab="1"
            ecep:pron="meɪd">maid</w>
         <pc xml:id="n22cs-112580"
             n="0070-a-0530"
             ecep:lem="!"
             ecep:pos="!"
             ecep:reg="!"
             ecep:spe="!">!</pc>
         <c> </c>
         <w xml:id="n22cs-112590"
            n="0070-a-0540"
            ecep:lem="thy"
            ecep:pos="po21"
            ecep:reg="thy"
            ecep:spe="thy"
            ecep:syllab="1"
            ecep:pron="ðaɪ">thy</w>
         <c> </c>
         <w xml:id="n22cs-112600"
            n="0070-a-0550"
            ecep:lem="humble"
            ecep:pos="j"
            ecep:reg="humble"
            ecep:spe="humble"
            ecep:syllab="2"
            ecep:pron="ˈhʌmbl">humble</w>
         <c> </c>
         <w xml:id="n22cs-112610"
            n="0070-a-0560"
            ecep:lem="bed"
            ecep:pos="n1"
            ecep:reg="bed"
            ecep:spe="bed"
            ecep:syllab="1"
            ecep:pron="bed">bed</w>
         <c> </c>
         <w xml:id="n22cs-112620"
            n="0070-a-0570"
            ecep:lem="be"
            ecep:pos="vbdr"
            ecep:reg="were"
            ecep:spe="were"
            ecep:syllab="1"
            ecep:pron="wɜː">were</w>
         <c> </c>
         <w xml:id="n22cs-112630"
            n="0070-a-0580"
            ecep:lem="i"
            ecep:pos="png11"
            ecep:reg="mine"
            ecep:spe="mine"
            ecep:syllab="1"
            ecep:pron="maɪn">mine</w>
         <pc xml:id="n22cs-112640"
             n="0070-a-0590"
             ecep:lem=","
             ecep:pos=","
             ecep:reg=","
             ecep:spe=",">,</pc>
      </l>
      <l xml:id="n22cs-l03575">
         <c> </c>
         <w xml:id="n22cs-112650"
            n="0070-a-0600"
            ecep:lem="and"
            ecep:pos="cc"
            ecep:reg="And"
            ecep:spe="And"
            ecep:syllab="1"
            ecep:pron="ænd">And</w>
         <c> </c>
         <w xml:id="n22cs-112660"
            n="0070-a-0610"
            ecep:lem="mine"
            ecep:pos="n1"
            ecep:reg="mine"
            ecep:spe="mine"
            ecep:syllab="1"
            ecep:pron="maɪn">mine</w>
         <c> </c>
         <w xml:id="n22cs-112670"
            n="0070-a-0620"
            ecep:lem="thy"
            ecep:pos="po21"
            ecep:reg="thy"
            ecep:spe="thy"
            ecep:syllab="1"
            ecep:pron="ðaɪ">thy</w>
         <c> </c>
         <w xml:id="n22cs-112680"
            n="0070-a-0630"
            ecep:lem="calm"
            ecep:pos="j-jn"
            ecep:reg="calm"
            ecep:spe="calm"
            ecep:syllab="1"
            ecep:pron="kɑːm">calm</w>
         <c> </c>
         <w xml:id="n22cs-112690"
            n="0070-a-0640"
            ecep:lem="and"
            ecep:pos="cc"
            ecep:reg="and"
            ecep:spe="and"
            ecep:syllab="1"
            ecep:pron="ænd">and</w>
         <c> </c>
         <w xml:id="n22cs-112700"
            n="0070-a-0650"
            ecep:lem="enviable"
            ecep:pos="j"
            ecep:reg="enviable"
            ecep:spe="enviable"
            ecep:syllab="4"
            ecep:pron="ˈenviəbl">enviable</w>
         <c> </c>
         <w xml:id="n22cs-112710"
            n="0070-a-0660"
            ecep:lem="rest"
            ecep:pos="n1"
            ecep:reg="rest"
            ecep:spe="rest"
            ecep:syllab="1"
            ecep:pron="rest">rest</w>
         <pc xml:id="n22cs-112720"
             n="0070-a-0670"
             unit="sentence"
             ecep:lem="."
             ecep:pos="."
             ecep:reg="."
             ecep:spe=".">.</pc>
         <c> </c>
      </l>
      <l xml:id="n22cs-l03580">
         <w xml:id="n22cs-112730"
            n="0070-a-0680"
            ecep:lem="for"
            ecep:pos="p-acp"
            ecep:reg="For"
            ecep:spe="For"
            ecep:syllab="1"
            ecep:pron="fɔː">For</w>
         <c> </c>
         <w xml:id="n22cs-112740"
            n="0070-a-0690"
            ecep:lem="never"
            ecep:pos="av-x"
            ecep:reg="never"
            ecep:spe="never"
            ecep:syllab="2"
            ecep:pron="ˈnevə">never</w>
         <c> </c>
         <w xml:id="n22cs-112750"
            n="0070-a-0700"
            ecep:lem="more"
            ecep:pos="av-dc"
            ecep:reg="more"
            ecep:spe="more"
            ecep:syllab="1"
            ecep:pron="mɔː">more</w>
         <c> </c>
         <w xml:id="n22cs-112760"
            n="0070-a-0710"
            ecep:lem="by"
            ecep:pos="p-acp"
            ecep:reg="by"
            ecep:spe="by"
            ecep:syllab="1"
            ecep:pron="baɪ">by</w>
         <c> </c>
         <w xml:id="n22cs-112770"
            n="0070-a-0720"
            ecep:lem="human"
            ecep:pos="j"
            ecep:reg="human"
            ecep:spe="human"
            ecep:syllab="2"
            ecep:pron="ˈhjuːmən">human</w>
         <c> </c>
         <w xml:id="n22cs-112780"
            n="0070-a-0730"
            ecep:lem="ill"
            ecep:pos="n2-jn"
            ecep:reg="ills"
            ecep:spe="ills"
            ecep:syllab="1"
            ecep:pron="ɪlz">ills</w>
         <c> </c>
         <w xml:id="n22cs-112790"
            n="0070-a-0740"
            ecep:lem="oppress"
            ecep:pos="vvn"
            ecep:reg="oppressed"
            ecep:spe="opprest"
            ecep:syllab="2"
            ecep:pron="əˈprest">opprest</w>
         <pc xml:id="n22cs-112800"
             n="0070-a-0750"
             ecep:lem=","
             ecep:pos=","
             ecep:reg=","
             ecep:spe=",">,</pc>
      </l>
      <l xml:id="n22cs-l03585">
         <c> </c>
         <w xml:id="n22cs-112810"
            n="0070-a-0760"
            ecep:lem="shall"
            ecep:pos="vmb"
            ecep:reg="Shall"
            ecep:spe="Shall"
            ecep:syllab="1"
            ecep:pron="ʃæl">Shall</w>
         <c> </c>
         <w xml:id="n22cs-112820"
            n="0070-a-0770"
            ecep:lem="thy"
            ecep:pos="po21"
            ecep:reg="thy"
            ecep:spe="thy"
            ecep:syllab="1"
            ecep:pron="ðaɪ">thy</w>
         <c> </c>
         <w xml:id="n22cs-112830"
            n="0070-a-0780"
            ecep:lem="soft"
            ecep:pos="j"
            ecep:reg="soft"
            ecep:spe="soft"
            ecep:syllab="1"
            ecep:pron="sɒft">soft</w>
         <c> </c>
         <w xml:id="n22cs-112840"
            n="0070-a-0790"
            ecep:lem="spirit"
            ecep:pos="n1"
            ecep:reg="spirit"
            ecep:spe="spirit"
            ecep:syllab="2"
            ecep:pron="ˈspɪrɪt">spirit</w>
         <c> </c>
         <w xml:id="n22cs-112850"
            n="0070-a-0800"
            ecep:lem="fruitless"
            ecep:pos="av-j"
            ecep:reg="fruitlessly"
            ecep:spe="fruitlessly"
            ecep:syllab="3"
            ecep:pron="ˈfruːtləsli">fruitlessly</w>
         <c> </c>
         <w xml:id="n22cs-112860"
            n="0070-a-0810"
            ecep:lem="repine"
            ecep:pos="vvi"
            ecep:reg="repine"
            ecep:spe="repine"
            ecep:syllab="2"
            ecep:pron="rɪˈpaɪn">repine</w>
         <pc xml:id="n22cs-112870"
             n="0070-a-0820"
             ecep:lem=":"
             ecep:pos=":"
             ecep:reg=":"
             ecep:spe=":">:</pc>
      </l>
      <l xml:id="n22cs-l03590">
         <c> </c>
         <w xml:id="n22cs-112880"
            n="0070-a-0830"
            ecep:lem="thou"
            ecep:pos="pns21"
            ecep:reg="Thou"
            ecep:spe="Thou"
            ecep:syllab="1"
            ecep:pron="θaʊ">Thou</w>
         <c> </c>
         <w xml:id="n22cs-112890"
            n="0070-a-0840"
            ecep:lem="can"
            ecep:pos="vm2"
            ecep:reg="canst"
            ecep:spe="canst"
            ecep:syllab="1"
            ecep:pron="kænst">canst</w>
         <c> </c>
         <w xml:id="n22cs-112900"
            n="0070-a-0850"
            ecep:lem="not"
            ecep:pos="xx"
            ecep:reg="not"
            ecep:spe="not"
            ecep:syllab="1"
            ecep:pron="nɒt">not</w>
         <c> </c>
         <w xml:id="n22cs-112910"
            n="0070-a-0860"
            ecep:lem="now"
            ecep:pos="av"
            ecep:reg="now"
            ecep:spe="now"
            ecep:syllab="1"
            ecep:pron="naʊ">now</w>
         <pc xml:id="n22cs-112920"
             n="0070-a-0870"
             ecep:lem=","
             ecep:pos=","
             ecep:reg=","
             ecep:spe=",">,</pc>
         <c> </c>
         <w xml:id="n22cs-112930"
            n="0070-a-0880"
            ecep:lem="thy"
            ecep:pos="po21"
            ecep:reg="thy"
            ecep:spe="thy"
            ecep:syllab="1"
            ecep:pron="ðaɪ">thy</w>
         <c> </c>
         <w xml:id="n22cs-112940"
            n="0070-a-0890"
            ecep:lem="fond"
            ecep:pos="js"
            ecep:reg="fondest"
            ecep:spe="fondest"
            ecep:syllab="2"
            ecep:pron="fɒndɪst">fondest</w>
         <c> </c>
         <w xml:id="n22cs-112950"
            n="0070-a-0900"
            ecep:lem="hope"
            ecep:pos="n2"
            ecep:reg="hopes"
            ecep:spe="hopes"
            ecep:syllab="1"
            ecep:pron="həʊps">hopes</w>
         <c> </c>
         <w xml:id="n22cs-112960"
            n="0070-a-0910"
            ecep:lem="resign"
            ecep:pos="vvb"
            ecep:reg="resign"
            ecep:spe="resign"
            ecep:syllab="2"
            ecep:pron="rɪˈzaɪn">resign</w>
      </l>
      <l xml:id="n22cs-l03595">
         <c> </c>
         <w xml:id="n22cs-112970"
            n="0070-a-0920"
            ecep:lem="even"
            ecep:pos="av-j"
            ecep:reg="Even"
            ecep:spe="E'en"
            ecep:syllab="1"
            ecep:pron="iːn">E'en</w>
         <c> </c>
         <w xml:id="n22cs-112980"
            n="0070-a-0930"
            ecep:lem="in"
            ecep:pos="p-acp"
            ecep:reg="in"
            ecep:spe="in"
            ecep:syllab="1"
            ecep:pron="ɪn">in</w>
         <c> </c>
         <w xml:id="n22cs-112990"
            n="0070-a-0940"
            ecep:lem="the"
            ecep:pos="dt"
            ecep:reg="the"
            ecep:spe="the"
            ecep:syllab="1"
            ecep:pron="ðiː">the</w>
         <c> </c>
         <w xml:id="n22cs-113000"
            n="0070-a-0950"
            ecep:lem="hour"
            ecep:pos="n1"
            ecep:reg="hour"
            ecep:spe="hour"
            ecep:syllab="1"
            ecep:pron="æə">hour</w>
         <c> </c>
         <w xml:id="n22cs-113010"
            n="0070-a-0960"
            ecep:lem="that"
            ecep:pos="cst"
            ecep:reg="that"
            ecep:spe="that"
            ecep:syllab="1"
            ecep:pron="ðæt">that</w>
         <c> </c>
         <w xml:id="n22cs-113020"
            n="0070-a-0970"
            ecep:lem="shall"
            ecep:pos="vmd"
            ecep:reg="should"
            ecep:spe="should"
            ecep:syllab="1"
            ecep:pron="ʃʊd">should</w>
         <c> </c>
         <w xml:id="n22cs-113030"
            n="0070-a-0980"
            ecep:lem="have"
            ecep:pos="vhi"
            ecep:reg="have"
            ecep:spe="have"
            ecep:syllab="1"
            ecep:pron="hæv">have</w>
         <c> </c>
         <w xml:id="n22cs-113040"
            n="0070-a-0990"
            ecep:lem="make"
            ecep:pos="vvn"
            ecep:reg="made"
            ecep:spe="made"
            ecep:syllab="1"
            ecep:pron="meɪd">made</w>
         <c> </c>
         <w xml:id="n22cs-113050"
            n="0070-a-1000"
            ecep:lem="thou"
            ecep:pos="pno21"
            ecep:reg="thee"
            ecep:spe="thee"
            ecep:syllab="1"
            ecep:pron="ðiː">thee</w>
         <c> </c>
         <w xml:id="n22cs-113060"
            n="0070-a-1010"
            ecep:lem="bless"
            ecep:pos="vvn"
            ecep:reg="blessed"
            ecep:spe="blest"
            ecep:syllab="1"
            ecep:pron="blest">blest</w>
         <pc xml:id="n22cs-113070"
             n="0070-a-1020"
             unit="sentence"
             ecep:lem="."
             ecep:pos="."
             ecep:reg="."
             ecep:spe=".">.</pc>
         <c> </c>
      </l>
      <l xml:id="n22cs-l03600">
         <w xml:id="n22cs-113080"
            n="0070-a-1030"
            ecep:lem="light"
            ecep:pos="n1"
            ecep:reg="Light"
            ecep:spe="Light"
            ecep:syllab="1"
            ecep:pron="laɪt">Light</w>
         <c> </c>
         <w xml:id="n22cs-113090"
            n="0070-a-1040"
            ecep:lem="lie"
            ecep:pos="vvz"
            ecep:reg="lies"
            ecep:spe="lies"
            ecep:syllab="1"
            ecep:pron="laɪz">lies</w>
         <c> </c>
         <w xml:id="n22cs-113100"
            n="0070-a-1050"
            ecep:lem="the"
            ecep:pos="dt"
            ecep:reg="the"
            ecep:spe="the"
            ecep:syllab="1"
            ecep:pron="ðiː">the</w>
         <c> </c>
         <w xml:id="n22cs-113110"
            n="0070-a-1060"
            ecep:lem="turf"
            ecep:pos="n1"
            ecep:reg="turf"
            ecep:spe="turf"
            ecep:syllab="1"
            ecep:pron="tɜːf">turf</w>
         <c> </c>
         <w xml:id="n22cs-113120"
            n="0070-a-1070"
            ecep:lem="upon"
            ecep:pos="p-acp"
            ecep:reg="upon"
            ecep:spe="upon"
            ecep:syllab="2"
            ecep:pron="əˈpɒn">upon</w>
         <c> </c>
         <w xml:id="n22cs-113130"
            n="0070-a-1080"
            ecep:lem="thy"
            ecep:pos="po21"
            ecep:reg="thy"
            ecep:spe="thy"
            ecep:syllab="1"
            ecep:pron="ðaɪ">thy</w>
         <c> </c>
         <w xml:id="n22cs-113140"
            n="0070-a-1090"
            ecep:lem="virgin"
            ecep:pos="n1"
            ecep:reg="virgin"
            ecep:spe="virgin"
            ecep:syllab="2"
            ecep:pron="ˈvɜːdʒɪn">virgin</w>
         <c> </c>
         <w xml:id="n22cs-113150"
            n="0070-a-1100"
            ecep:lem="breast"
            ecep:pos="n1"
            ecep:reg="breast"
            ecep:spe="breast"
            ecep:syllab="1"
            ecep:pron="brest">breast</w>
         <pc xml:id="n22cs-113160"
             n="0070-a-1110"
             ecep:lem=";"
             ecep:pos=";"
             ecep:reg=";"
             ecep:spe=";">;</pc>
      </l>
      <l xml:id="n22cs-l03605">
         <c> </c>
         <w xml:id="n22cs-113170"
            n="0070-a-1120"
            ecep:lem="and"
            ecep:pos="cc"
            ecep:reg="And"
            ecep:spe="And"
            ecep:syllab="1"
            ecep:pron="ænd">And</w>
         <c> </c>
         <w xml:id="n22cs-113180"
            n="0070-a-1130"
            ecep:lem="linger"
            ecep:pos="vvg"
            ecep:reg="lingering"
            ecep:spe="ling'ring"
            ecep:syllab="2"
            ecep:pron="ˈlɪŋgrɪŋ">ling'ring</w>
         <c> </c>
         <w xml:id="n22cs-113190"
            n="0070-a-1140"
            ecep:lem="here"
            ecep:pos="av"
            ecep:reg="here"
            ecep:spe="here"
            ecep:syllab="1"
            ecep:pron="hɪə">here</w>
         <pc xml:id="n22cs-113200"
             n="0070-a-1150"
             ecep:lem=","
             ecep:pos=","
             ecep:reg=","
             ecep:spe=",">,</pc>
         <c> </c>
         <w xml:id="n22cs-113210"
            n="0070-a-1160"
            ecep:lem="to"
            ecep:pos="p-acp"
            ecep:reg="to"
            ecep:spe="to"
            ecep:syllab="1"
            ecep:pron="tuː">to</w>
         <c> </c>
         <w xml:id="n22cs-113220"
            n="0070-a-1170"
            ecep:lem="love"
            ecep:pos="n1"
            ecep:reg="Love"
            ecep:spe="Love"
            ecep:syllab="1"
            ecep:pron="lʌv">Love</w>
         <c> </c>
         <w xml:id="n22cs-113230"
            n="0070-a-1180"
            ecep:lem="and"
            ecep:pos="cc"
            ecep:reg="and"
            ecep:spe="and"
            ecep:syllab="1"
            ecep:pron="ænd">and</w>
         <c> </c>
         <w xml:id="n22cs-113240"
            n="0070-a-1190"
            ecep:lem="sorrow"
            ecep:pos="n1"
            ecep:reg="Sorrow"
            ecep:spe="Sorrow"
            ecep:syllab="2"
            ecep:pron="ˈsɒrəʊ">Sorrow</w>
         <c> </c>
         <w xml:id="n22cs-113250"
            n="0070-a-1200"
            ecep:lem="true"
            ecep:pos="j"
            ecep:reg="true"
            ecep:spe="true"
            ecep:syllab="1"
            ecep:pron="truː">true</w>
         <pc xml:id="n22cs-113260"
             n="0070-a-1210"
             ecep:lem=","
             ecep:pos=","
             ecep:reg=","
             ecep:spe=",">,</pc>
      </l>
      <l xml:id="n22cs-l03610">
         <c> </c>
         <w xml:id="n22cs-113270"
            n="0070-a-1220"
            ecep:lem="the"
            ecep:pos="dt"
            ecep:reg="The"
            ecep:spe="The"
            ecep:syllab="1"
            ecep:pron="ðiː">The</w>
         <c> </c>
         <w xml:id="n22cs-113280"
            n="0070-a-1230"
            ecep:lem="youth"
            ecep:pos="n1"
            ecep:reg="Youth"
            ecep:spe="Youth"
            ecep:syllab="1"
            ecep:pron="juːθ">Youth</w>
         <c> </c>
         <w xml:id="n22cs-113290"
            n="0070-a-1240"
            ecep:lem="who"
            ecep:pos="r-crq"
            ecep:reg="who"
            ecep:spe="who"
            ecep:syllab="1"
            ecep:pron="huː">who</w>
         <c> </c>
         <w xml:id="n22cs-113300"
            n="0070-a-1250"
            ecep:lem="once"
            ecep:pos="a-acp"
            ecep:reg="once"
            ecep:spe="once"
            ecep:syllab="1"
            ecep:pron="wʌns">once</w>
         <c> </c>
         <w xml:id="n22cs-113310"
            n="0070-a-1260"
            ecep:lem="thy"
            ecep:pos="po21"
            ecep:reg="thy"
            ecep:spe="thy"
            ecep:syllab="1"
            ecep:pron="ðaɪ">thy</w>
         <c> </c>
         <w xml:id="n22cs-113320"
            n="0070-a-1270"
            ecep:lem="simple"
            ecep:pos="j"
            ecep:reg="simple"
            ecep:spe="simple"
            ecep:syllab="2"
            ecep:pron="ˈsɪmpl">simple</w>
         <c> </c>
         <w xml:id="n22cs-113330"
            n="0070-a-1280"
            ecep:lem="heart"
            ecep:pos="n1"
            ecep:reg="heart"
            ecep:spe="heart"
            ecep:syllab="1"
            ecep:pron="hɑːt">heart</w>
         <c> </c>
         <w xml:id="n22cs-113340"
            n="0070-a-1290"
            ecep:lem="possess"
            ecep:pos="vvn"
            ecep:reg="possessed"
            ecep:spe="possest"
            ecep:syllab="2"
            ecep:pron="pəˈzest">possest</w>
      </l>
      <l xml:id="n22cs-l03615">
         <c> </c>
         <w xml:id="n22cs-113350"
            n="0070-a-1300"
            ecep:lem="shall"
            ecep:pos="vmb"
            ecep:reg="Shall"
            ecep:spe="Shall"
            ecep:syllab="1"
            ecep:pron="ʃæl">Shall</w>
         <c> </c>
         <w xml:id="n22cs-113360"
            n="0070-a-1310"
            ecep:lem="mingle"
            ecep:pos="vvi"
            ecep:reg="mingle"
            ecep:spe="mingle"
            ecep:syllab="2"
            ecep:pron="ˈmɪŋgl">mingle</w>
         <c> </c>
         <w xml:id="n22cs-113370"
            n="0070-a-1320"
            ecep:lem="tear"
            ecep:pos="n2"
            ecep:reg="tears"
            ecep:spe="tears"
            ecep:syllab="1"
            ecep:pron="tɪəz">tears</w>
         <c> </c>
         <w xml:id="n22cs-113380"
            n="0070-a-1330"
            ecep:lem="with"
            ecep:pos="p-acp"
            ecep:reg="with"
            ecep:spe="with"
            ecep:syllab="1"
            ecep:pron="wɪð">with</w>
         <c> </c>
         <w xml:id="n22cs-113390"
            n="0070-a-1340"
            ecep:lem="april"
            ecep:pos="npg1"
            ecep:reg="April's"
            ecep:spe="April's"
            ecep:syllab="2"
            ecep:pron="ˈeɪprɪlz">April's</w>
         <c> </c>
         <w xml:id="n22cs-113400"
            n="0070-a-1350"
            ecep:lem="early"
            ecep:pos="j"
            ecep:reg="early"
            ecep:spe="early"
            ecep:syllab="2"
            ecep:pron="ˈɜːli">early</w>
         <c> </c>
         <w xml:id="n22cs-113410"
            n="0070-a-1360"
            ecep:lem="dew"
            ecep:pos="n1"
            ecep:reg="dew"
            ecep:spe="dew"
            ecep:syllab="1"
            ecep:pron="dʒuː">dew</w>
         <pc xml:id="n22cs-113420"
             n="0070-a-1370"
             ecep:lem=";"
             ecep:pos=";"
             ecep:reg=";"
             ecep:spe=";">;</pc>
      </l>
      <l xml:id="n22cs-l03620">
         <c> </c>
         <w xml:id="n22cs-113430"
            n="0070-a-1380"
            ecep:lem="while"
            ecep:pos="cs"
            ecep:reg="While"
            ecep:spe="While"
            ecep:syllab="1"
            ecep:pron="ˈwaɪl">While</w>
         <c> </c>
         <w xml:id="n22cs-113440"
            n="0070-a-1390"
            ecep:lem="still"
            ecep:pos="av"
            ecep:reg="still"
            ecep:spe="still"
            ecep:syllab="1"
            ecep:pron="stɪl">still</w>
         <c> </c>
         <w xml:id="n22cs-113450"
            n="0070-a-1400"
            ecep:lem="for"
            ecep:pos="p-acp"
            ecep:reg="for"
            ecep:spe="for"
            ecep:syllab="1"
            ecep:pron="fɔː">for</w>
         <c> </c>
         <w xml:id="n22cs-113460"
            n="0070-a-1410"
            ecep:lem="he"
            ecep:pos="pno31"
            ecep:reg="him"
            ecep:spe="him"
            ecep:syllab="1"
            ecep:pron="hɪm">him</w>
         <c> </c>
         <w xml:id="n22cs-113470"
            n="0070-a-1420"
            ecep:lem="shall"
            ecep:pos="vmb"
            ecep:reg="shall"
            ecep:spe="shall"
            ecep:syllab="1"
            ecep:pron="ʃæl">shall</w>
         <c> </c>
         <w xml:id="n22cs-113480"
            n="0070-a-1430"
            ecep:lem="faithful"
            ecep:pos="j"
            ecep:reg="faithful"
            ecep:spe="faithful"
            ecep:syllab="2"
            ecep:pron="ˈfeɪθfl">faithful</w>
         <c> </c>
         <w xml:id="n22cs-113490"
            n="0070-a-1440"
            ecep:lem="memory"
            ecep:pos="n1"
            ecep:reg="Memory"
            ecep:spe="Memory"
            ecep:syllab="3"
            ecep:pron="ˈmemri">Memory</w>
         <c> </c>
         <w xml:id="n22cs-113500"
            n="0070-a-1450"
            ecep:lem="save"
            ecep:pos="vvb"
            ecep:reg="save"
            ecep:spe="save"
            ecep:syllab="1"
            ecep:pron="seɪv">save</w>
      </l>
      <l xml:id="n22cs-l03625">
         <c> </c>
         <w xml:id="n22cs-113510"
            n="0070-a-1460"
            ecep:lem="thy"
            ecep:pos="po21"
            ecep:reg="Thy"
            ecep:spe="Thy"
            ecep:syllab="1"
            ecep:pron="ðaɪ">Thy</w>
         <c> </c>
         <w xml:id="n22cs-113520"
            n="0070-a-1470"
            ecep:lem="form"
            ecep:pos="n1"
            ecep:reg="form"
            ecep:spe="form"
            ecep:syllab="1"
            ecep:pron="fɔːm">form</w>
         <c> </c>
         <w xml:id="n22cs-113530"
            n="0070-a-1480"
            ecep:lem="and"
            ecep:pos="cc"
            ecep:reg="and"
            ecep:spe="and"
            ecep:syllab="1"
            ecep:pron="ænd">and</w>
         <c> </c>
         <w xml:id="n22cs-113540"
            n="0070-a-1490"
            ecep:lem="virtue"
            ecep:pos="n2"
            ecep:reg="virtues"
            ecep:spe="virtues"
            ecep:syllab="2"
            ecep:pron="ˈvɜːtʃuːz">virtues</w>
         <c> </c>
         <w xml:id="n22cs-113550"
            n="0070-a-1500"
            ecep:lem="from"
            ecep:pos="p-acp"
            ecep:reg="from"
            ecep:spe="from"
            ecep:syllab="1"
            ecep:pron="frɒm">from</w>
         <c> </c>
         <w xml:id="n22cs-113560"
            n="0070-a-1510"
            ecep:lem="the"
            ecep:pos="dt"
            ecep:reg="the"
            ecep:spe="the"
            ecep:syllab="1"
            ecep:pron="ðiː">the</w>
         <c> </c>
         <w xml:id="n22cs-113570"
            n="0070-a-1520"
            ecep:lem="silent"
            ecep:pos="j"
            ecep:reg="silent"
            ecep:spe="silent"
            ecep:syllab="2"
            ecep:pron="ˈsaɪlənt">silent</w>
         <c> </c>
         <w xml:id="n22cs-113580"
            n="0070-a-1530"
            ecep:lem="grave"
            ecep:pos="n1"
            ecep:reg="grave"
            ecep:spe="grave"
            ecep:syllab="1"
            ecep:pron="grɑːv">grave</w>
         <pc xml:id="n22cs-113590"
             n="0070-a-1540"
             unit="sentence"
             ecep:lem="."
             ecep:pos="."
             ecep:reg="."
             ecep:spe=".">.</pc>
         <c> </c>
      </l>
   </lg>
</div>
