<?xml version="1.0" encoding="utf-8"?>
<!DOCTYPE div
  SYSTEM "about:legacy-compat">
<div xmlns:ecep="http://www.eighteenthcenturypoetry.org/ns"
     xmlns="http://www.tei-c.org/ns/1.0"
     xmlns:tei="http://www.tei-c.org/ns/1.0"
     ana="#iamb #tetrameter #sestet #tail #hymn"
     corresp="#txt_WeslSa1662_w0002"
     decls="#semi-normalized"
     ecep:syllab="8.8.8.8.8.8"
     met="-+|-+|-+|-+/ -+|-+|-+|-+/ -+|-+|-+|-+/ -+|-+|-+|-+/ -+|-+|-+|-+/ -+|-+|-+|-+/"
     rendition="#lgvspace"
     rhyme="aabccb"
     subtype="eceptext"
     type="poem"
     xml:id="o3900-w0900">
   <link target="authors.xml#aut_WeslSa1662" type="author"/>
   <head type="main">
      <bibl>
         <w xml:id="o3900-318510"
            n="155-a-0850"
            ecep:lem="psalm"
            ecep:pos="n1"
            ecep:reg="PSALM"
            ecep:spe="PSALM"
            ecep:syllab="1"
            ecep:pron="sɑːm">PSALM</w>
         <c> </c>
         <w xml:id="o3900-318520"
            n="155-a-0860"
            ecep:lem="cxiii."
            ecep:pos="n1"
            ecep:reg="CXIII."
            ecep:spe="CXIII."
            ecep:syllab="3"
            ecep:pron="sˈiːzˈɪɪˌaɪ">CXIII.</w>
         <pc unit="sentence" xml:id="o3900-318520-eos" n="155-a-0870"/>
      </bibl>
   </head>
   <lg n="1" xml:id="o3900-s03055">
      <head>
         <w xml:id="o3900-318560"
            n="155-a-0880"
            ecep:lem="i"
            ecep:pos="pns11"
            ecep:reg="I"
            ecep:spe="I."
            ecep:syllab="1"
            ecep:pron="ˈaɪ">I.</w>
         <pc unit="sentence" xml:id="o3900-318560-eos" n="155-a-0890"/>
      </head>
      <l xml:id="o3900-l15950">
         <w xml:id="o3900-318580"
            n="155-a-0900"
            ecep:lem="ye-priest"
            ecep:pos="n2"
            ecep:reg="YE-Priests"
            ecep:spe="YE-Priests"
            ecep:syllab="2"
            ecep:pron="jiːˌpriːsts">YE-Priests</w>
         <c> </c>
         <w xml:id="o3900-318590"
            n="155-a-0910"
            ecep:lem="of"
            ecep:pos="pp-f"
            ecep:reg="of"
            ecep:spe="of"
            ecep:syllab="1"
            ecep:pron="ɒv">of</w>
         <c> </c>
         <w xml:id="o3900-318600"
            n="155-a-0920"
            ecep:lem="god"
            ecep:pos="n1"
            ecep:reg="GOD"
            ecep:spe="GOD"
            ecep:syllab="1"
            ecep:pron="gɒd">GOD</w>
         <pc xml:id="o3900-318610"
             n="155-a-0930"
             ecep:lem=","
             ecep:pos=","
             ecep:reg=","
             ecep:spe=",">,</pc>
         <c> </c>
         <w xml:id="o3900-318620"
            n="155-a-0940"
            ecep:lem="who"
            ecep:pos="r-crq"
            ecep:reg="whose"
            ecep:spe="whose"
            ecep:syllab="1"
            ecep:pron="huːz">whose</w>
         <c> </c>
         <w xml:id="o3900-318630"
            n="155-a-0950"
            ecep:lem="happy"
            ecep:pos="j"
            ecep:reg="happy"
            ecep:spe="happy"
            ecep:syllab="2"
            ecep:pron="ˈhæpi">happy</w>
         <c> </c>
         <w xml:id="o3900-318640"
            n="155-a-0960"
            ecep:lem="day"
            ecep:pos="n2"
            ecep:reg="Days"
            ecep:spe="Days"
            ecep:syllab="1"
            ecep:pron="deɪz">Days</w>
      </l>
      <l xml:id="o3900-l15955">
         <c> </c>
         <w xml:id="o3900-318650"
            n="155-a-0970"
            ecep:lem="be"
            ecep:pos="vbb"
            ecep:reg="Are"
            ecep:spe="Are"
            ecep:syllab="1"
            ecep:pron="ɑː">Are</w>
         <c> </c>
         <w xml:id="o3900-318660"
            n="155-a-0980"
            ecep:lem="spend"
            ecep:pos="vvn"
            ecep:reg="spent"
            ecep:spe="spent"
            ecep:syllab="1"
            ecep:pron="spent">spent</w>
         <c> </c>
         <w xml:id="o3900-318670"
            n="155-a-0990"
            ecep:lem="in"
            ecep:pos="p-acp"
            ecep:reg="in"
            ecep:spe="in"
            ecep:syllab="1"
            ecep:pron="ɪn">in</w>
         <c> </c>
         <w xml:id="o3900-318680"
            n="155-a-1000"
            ecep:lem="your"
            ecep:pos="po22"
            ecep:reg="your"
            ecep:spe="your"
            ecep:syllab="1"
            ecep:pron="jɔː">your</w>
         <c> </c>
         <w xml:id="o3900-318690"
            n="155-a-1010"
            ecep:lem="creator"
            ecep:pos="ng1"
            ecep:reg="Creator's"
            ecep:spe="Creator's"
            ecep:syllab="2"
            ecep:pron="kriˈeɪtəz">Creator's</w>
         <c> </c>
         <w xml:id="o3900-318700"
            n="155-a-1020"
            ecep:lem="praise"
            ecep:pos="n1"
            ecep:reg="Praise"
            ecep:spe="Praise"
            ecep:syllab="1"
            ecep:pron="preɪz">Praise</w>
         <pc xml:id="o3900-318710"
             n="155-a-1030"
             ecep:lem=","
             ecep:pos=","
             ecep:reg=","
             ecep:spe=",">,</pc>
      </l>
      <l xml:id="o3900-l15960">
         <c> </c>
         <w xml:id="o3900-318720"
            n="155-a-1040"
            ecep:lem="still"
            ecep:pos="av"
            ecep:reg="Still"
            ecep:spe="Still"
            ecep:syllab="1"
            ecep:pron="stɪl">Still</w>
         <c> </c>
         <w xml:id="o3900-318730"
            n="155-a-1050"
            ecep:lem="more"
            ecep:pos="av-dc"
            ecep:reg="more"
            ecep:spe="more"
            ecep:syllab="1"
            ecep:pron="mɔː">more</w>
         <c> </c>
         <w xml:id="o3900-318740"
            n="155-a-1060"
            ecep:lem="and"
            ecep:pos="cc"
            ecep:reg="and"
            ecep:spe="and"
            ecep:syllab="1"
            ecep:pron="ænd">and</w>
         <c> </c>
         <w xml:id="o3900-318750"
            n="155-a-1070"
            ecep:lem="more"
            ecep:pos="av-dc"
            ecep:reg="more"
            ecep:spe="more"
            ecep:syllab="1"
            ecep:pron="mɔː">more</w>
         <c> </c>
         <w xml:id="o3900-318760"
            n="155-a-1080"
            ecep:lem="his"
            ecep:pos="po31"
            ecep:reg="his"
            ecep:spe="his"
            ecep:syllab="1"
            ecep:pron="hɪz">his</w>
         <c> </c>
         <w xml:id="o3900-318770"
            n="155-a-1090"
            ecep:lem="fame"
            ecep:pos="n1"
            ecep:reg="Fame"
            ecep:spe="Fame"
            ecep:syllab="1"
            ecep:pron="feɪm">Fame</w>
         <c> </c>
         <w xml:id="o3900-318780"
            n="155-a-1100"
            ecep:lem="express"
            ecep:pos="vvi"
            ecep:reg="express"
            ecep:spe="express"
            ecep:syllab="2"
            ecep:pron="ɪkˈspres">express</w>
         <pc xml:id="o3900-318790"
             n="155-a-1110"
             unit="sentence"
             ecep:lem="!"
             ecep:pos="!"
             ecep:reg="!"
             ecep:spe="!">!</pc>
         <c> </c>
      </l>
      <l xml:id="o3900-l15965">
         <w xml:id="o3900-318800"
            n="155-a-1120"
            ecep:lem="you"
            ecep:pos="pn22"
            ecep:reg="You"
            ecep:spe="Ye"
            ecep:syllab="1"
            ecep:pron="jiː">Ye</w>
         <c> </c>
         <w xml:id="o3900-318810"
            n="155-a-1130"
            ecep:lem="pious"
            ecep:pos="j"
            ecep:reg="pious"
            ecep:spe="pious"
            ecep:syllab="2"
            ecep:pron="ˈpaɪəs">pious</w>
         <c> </c>
         <w xml:id="o3900-318820"
            n="155-a-1140"
            ecep:lem="worshipper"
            ecep:pos="n2"
            ecep:reg="Worshippers"
            ecep:spe="Worshippers"
            ecep:syllab="3"
            ecep:pron="ˈwɜːʃɪpəz">Worshippers</w>
         <c> </c>
         <w xml:id="o3900-318830"
            n="155-a-1150"
            ecep:lem="proclaim"
            ecep:pos="vvb"
            ecep:reg="proclaim"
            ecep:spe="proclaim"
            ecep:syllab="2"
            ecep:pron="prəˈkleɪm">proclaim</w>
      </l>
      <l xml:id="o3900-l15970">
         <c> </c>
         <w xml:id="o3900-318840"
            n="155-a-1160"
            ecep:lem="with"
            ecep:pos="p-acp"
            ecep:reg="With"
            ecep:spe="With"
            ecep:syllab="1"
            ecep:pron="wɪð">With</w>
         <c> </c>
         <w xml:id="o3900-318850"
            n="155-a-1170"
            ecep:lem="shout"
            ecep:pos="n2"
            ecep:reg="Shouts"
            ecep:spe="Shouts"
            ecep:syllab="1"
            ecep:pron="ʃaʊts">Shouts</w>
         <c> </c>
         <w xml:id="o3900-318860"
            n="155-a-1180"
            ecep:lem="of"
            ecep:pos="pp-f"
            ecep:reg="of"
            ecep:spe="of"
            ecep:syllab="1"
            ecep:pron="ɒv">of</w>
         <c> </c>
         <w xml:id="o3900-318870"
            n="155-a-1190"
            ecep:lem="joy"
            ecep:pos="n1"
            ecep:reg="Joy"
            ecep:spe="Joy"
            ecep:syllab="1"
            ecep:pron="dʒɔɪ">Joy</w>
         <c> </c>
         <w xml:id="o3900-318880"
            n="155-a-1200"
            ecep:lem="his"
            ecep:pos="po31"
            ecep:reg="his"
            ecep:spe="his"
            ecep:syllab="1"
            ecep:pron="hɪz">his</w>
         <c> </c>
         <w xml:id="o3900-318890"
            n="155-a-1210"
            ecep:lem="holy"
            ecep:pos="j"
            ecep:reg="holy"
            ecep:spe="holy"
            ecep:syllab="2"
            ecep:pron="ˈhəʊli">holy</w>
         <c> </c>
         <w xml:id="o3900-318900"
            n="155-a-1220"
            ecep:lem="name"
            ecep:pos="n1"
            ecep:reg="Name"
            ecep:spe="Name"
            ecep:syllab="1"
            ecep:pron="neɪm">Name</w>
         <pc xml:id="o3900-318910"
             n="155-a-1230"
             ecep:lem=";"
             ecep:pos=";"
             ecep:reg=";"
             ecep:spe=";">;</pc>
      </l>
      <l xml:id="o3900-l15975">
         <c> </c>
         <w xml:id="o3900-318920"
            n="155-a-1240"
            ecep:lem="nor"
            ecep:pos="ccx"
            ecep:reg="Nor"
            ecep:spe="Nor"
            ecep:syllab="1"
            ecep:pron="nɔː">Nor</w>
         <c> </c>
         <w xml:id="o3900-318930"
            n="155-a-1250"
            ecep:lem="satisfy"
            ecep:pos="vvd"
            ecep:reg="satisfied"
            ecep:spe="satisfy'd"
            ecep:syllab="3"
            ecep:pron="ˈsætɪsfaɪd">satisfy'd</w>
         <c> </c>
         <w xml:id="o3900-318940"
            n="155-a-1260"
            ecep:lem="with"
            ecep:pos="p-acp"
            ecep:reg="with"
            ecep:spe="with"
            ecep:syllab="1"
            ecep:pron="wɪð">with</w>
         <c> </c>
         <w xml:id="o3900-318950"
            n="155-a-1270"
            ecep:lem="praise"
            ecep:pos="vvg"
            ecep:reg="praising"
            ecep:spe="praising"
            ecep:syllab="2"
            ecep:pron="preɪzɪŋ">praising</w>
         <pc xml:id="o3900-318960"
             n="155-a-1280"
             ecep:lem=","
             ecep:pos=","
             ecep:reg=","
             ecep:spe=",">,</pc>
         <c> </c>
         <w xml:id="o3900-318970"
            n="155-a-1290"
            ecep:lem="bless"
            ecep:pos="vvb"
            ecep:reg="bless"
            ecep:spe="bless"
            ecep:syllab="1"
            ecep:pron="bles">bless</w>
         <pc xml:id="o3900-318980"
             n="155-a-1300"
             unit="sentence"
             ecep:lem="."
             ecep:pos="."
             ecep:reg="."
             ecep:spe=".">.</pc>
         <c> </c>
      </l>
   </lg>
   <lg n="2" xml:id="o3900-s03060">
      <head>
         <w xml:id="o3900-319020"
            n="155-a-1310"
            ecep:lem="ii"
            ecep:pos="crd"
            ecep:reg="II"
            ecep:spe="II"
            ecep:syllab="1"
            ecep:pron="rˌəʊməntˈuː">II</w>
         <pc xml:id="o3900-319030"
             n="155-a-1320"
             unit="sentence"
             ecep:lem="."
             ecep:pos="."
             ecep:reg="."
             ecep:spe=".">.</pc>
      </head>
      <l xml:id="o3900-l15980">
         <w xml:id="o3900-319050"
            n="155-a-1330"
            ecep:lem="let"
            ecep:pos="vvb"
            ecep:reg="Let"
            ecep:spe="Let"
            ecep:syllab="1"
            ecep:pron="let">Let</w>
         <c> </c>
         <w xml:id="o3900-319060"
            n="155-a-1340"
            ecep:lem="god"
            ecep:pos="npg1"
            ecep:reg="GOD's"
            ecep:spe="GOD's"
            ecep:syllab="1"
            ecep:pron="ˈgɒdz">GOD's</w>
         <c> </c>
         <w xml:id="o3900-319070"
            n="155-a-1350"
            ecep:lem="high"
            ecep:pos="j"
            ecep:reg="high"
            ecep:spe="high"
            ecep:syllab="1"
            ecep:pron="haɪ">high</w>
         <c> </c>
         <w xml:id="o3900-319080"
            n="155-a-1360"
            ecep:lem="praise"
            ecep:pos="n2"
            ecep:reg="Praises"
            ecep:spe="Praises"
            ecep:syllab="2"
            ecep:pron="preɪzɪz">Praises</w>
         <c> </c>
         <w xml:id="o3900-319090"
            n="155-a-1370"
            ecep:lem="still"
            ecep:pos="av"
            ecep:reg="still"
            ecep:spe="still"
            ecep:syllab="1"
            ecep:pron="stɪl">still</w>
         <c> </c>
         <w xml:id="o3900-319100"
            n="155-a-1380"
            ecep:lem="resound"
            ecep:pos="j"
            ecep:reg="resound"
            ecep:spe="resound"
            ecep:syllab="2"
            ecep:pron="rɪˈzaʊnd">resound</w>
      </l>
      <l xml:id="o3900-l15985">
         <c> </c>
         <w xml:id="o3900-319110"
            n="155-a-1390"
            ecep:lem="beyond"
            ecep:pos="p-acp"
            ecep:reg="Beyond"
            ecep:spe="Beyond"
            ecep:syllab="2"
            ecep:pron="biˈɒnd">Beyond</w>
         <c> </c>
         <w xml:id="o3900-319120"
            n="155-a-1400"
            ecep:lem="old"
            ecep:pos="j"
            ecep:reg="old"
            ecep:spe="old"
            ecep:syllab="1"
            ecep:pron="əʊld">old</w>
         <c> </c>
         <w xml:id="o3900-319130"
            n="155-a-1410"
            ecep:lem="time|be"
            ecep:pos="n1|vbz"
            ecep:reg="Time's"
            ecep:spe="Time's"
            ecep:syllab="1"
            ecep:pron="ˈtaɪmz">Time's</w>
         <c> </c>
         <w xml:id="o3900-319140"
            n="155-a-1420"
            ecep:lem="too"
            ecep:pos="av"
            ecep:reg="too"
            ecep:spe="too"
            ecep:syllab="1"
            ecep:pron="tuː">too</w>
         <c> </c>
         <w xml:id="o3900-319150"
            n="155-a-1430"
            ecep:lem="scanty"
            ecep:pos="j"
            ecep:reg="scanty"
            ecep:spe="scanty"
            ecep:syllab="2"
            ecep:pron="ˈskænti">scanty</w>
         <c> </c>
         <w xml:id="o3900-319160"
            n="155-a-1440"
            ecep:lem="bind"
            ecep:pos="vvn"
            ecep:reg="Bound"
            ecep:spe="Bound"
            ecep:syllab="1"
            ecep:pron="baʊnd">Bound</w>
         <pc xml:id="o3900-319170"
             n="155-a-1450"
             ecep:lem=","
             ecep:pos=","
             ecep:reg=","
             ecep:spe=",">,</pc>
      </l>
      <pb facs="156" n="137" rend="none"/>
      <l xml:id="o3900-l15990">
         <c> </c>
         <w xml:id="o3900-319180"
            n="156-a-0010"
            ecep:lem="and"
            ecep:pos="cc"
            ecep:reg="And"
            ecep:spe="And"
            ecep:syllab="1"
            ecep:pron="ænd">And</w>
         <c> </c>
         <w xml:id="o3900-319190"
            n="156-a-0020"
            ecep:lem="through"
            ecep:pos="p-acp"
            ecep:reg="through"
            ecep:spe="thro'"
            ecep:syllab="1"
            ecep:pron="θruː">thro'</w>
         <c> </c>
         <w xml:id="o3900-319200"
            n="156-a-0030"
            ecep:lem="eternal"
            ecep:pos="j"
            ecep:reg="eternal"
            ecep:spe="eternal"
            ecep:syllab="3"
            ecep:pron="ɪˈtɜːnl">eternal</w>
         <c> </c>
         <w xml:id="o3900-319210"
            n="156-a-0040"
            ecep:lem="age"
            ecep:pos="n2"
            ecep:reg="Ages"
            ecep:spe="Ages"
            ecep:syllab="2"
            ecep:pron="eɪdʒɪz">Ages</w>
         <c> </c>
         <w xml:id="o3900-319220"
            n="156-a-0050"
            ecep:lem="pierce"
            ecep:pos="vvi"
            ecep:reg="pierce"
            ecep:spe="pierce"
            ecep:syllab="1"
            ecep:pron="pɪəs">pierce</w>
         <pc xml:id="o3900-319230"
             n="156-a-0060"
             ecep:lem=","
             ecep:pos=","
             ecep:reg=","
             ecep:spe=",">,</pc>
      </l>
      <l xml:id="o3900-l15995">
         <c> </c>
         <w xml:id="o3900-319240"
            n="156-a-0070"
            ecep:lem="from"
            ecep:pos="p-acp"
            ecep:reg="From"
            ecep:spe="From"
            ecep:syllab="1"
            ecep:pron="frɒm">From</w>
         <c> </c>
         <w xml:id="o3900-319250"
            n="156-a-0080"
            ecep:lem="where"
            ecep:pos="c-crq"
            ecep:reg="where"
            ecep:spe="where"
            ecep:syllab="1"
            ecep:pron="weə">where</w>
         <c> </c>
         <w xml:id="o3900-319260"
            n="156-a-0090"
            ecep:lem="the"
            ecep:pos="dt"
            ecep:reg="the"
            ecep:spe="the"
            ecep:syllab="1"
            ecep:pron="ðiː">the</w>
         <c> </c>
         <w xml:id="o3900-319270"
            n="156-a-0100"
            ecep:lem="sun"
            ecep:pos="n1"
            ecep:reg="Sun"
            ecep:spe="Sun"
            ecep:syllab="1"
            ecep:pron="sʌn">Sun</w>
         <c> </c>
         <w xml:id="o3900-319280"
            n="156-a-0110"
            ecep:lem="first"
            ecep:pos="ord"
            ecep:reg="first"
            ecep:spe="first"
            ecep:syllab="1"
            ecep:pron="ˈfɜːst">first</w>
         <c> </c>
         <w xml:id="o3900-319290"
            n="156-a-0120"
            ecep:lem="gild"
            ecep:pos="vvz"
            ecep:reg="gilds"
            ecep:spe="gilds"
            ecep:syllab="1"
            ecep:pron="gɪldz">gilds</w>
         <c> </c>
         <w xml:id="o3900-319300"
            n="156-a-0130"
            ecep:lem="the"
            ecep:pos="dt"
            ecep:reg="the"
            ecep:spe="the"
            ecep:syllab="1"
            ecep:pron="ðiː">the</w>
         <c> </c>
         <w xml:id="o3900-319310"
            n="156-a-0140"
            ecep:lem="stream"
            ecep:pos="n2"
            ecep:reg="Streams"
            ecep:spe="Streams"
            ecep:syllab="1"
            ecep:pron="striːmz">Streams</w>
      </l>
      <l xml:id="o3900-l16000">
         <c> </c>
         <w xml:id="o3900-319320"
            n="156-a-0150"
            ecep:lem="to"
            ecep:pos="p-acp"
            ecep:reg="To"
            ecep:spe="To"
            ecep:syllab="1"
            ecep:pron="tuː">To</w>
         <c> </c>
         <w xml:id="o3900-319330"
            n="156-a-0160"
            ecep:lem="where"
            ecep:pos="c-crq"
            ecep:reg="where"
            ecep:spe="where"
            ecep:syllab="1"
            ecep:pron="weə">where</w>
         <c> </c>
         <w xml:id="o3900-319340"
            n="156-a-0170"
            ecep:lem="he"
            ecep:pos="pns31"
            ecep:reg="he"
            ecep:spe="he"
            ecep:syllab="1"
            ecep:pron="hiː">he</w>
         <c> </c>
         <w xml:id="o3900-319350"
            n="156-a-0180"
            ecep:lem="set"
            ecep:pos="vvz"
            ecep:reg="sets"
            ecep:spe="sets"
            ecep:syllab="1"
            ecep:pron="sets">sets</w>
         <c> </c>
         <w xml:id="o3900-319360"
            n="156-a-0190"
            ecep:lem="with"
            ecep:pos="p-acp"
            ecep:reg="with"
            ecep:spe="with"
            ecep:syllab="1"
            ecep:pron="wɪð">with</w>
         <c> </c>
         <w xml:id="o3900-319370"
            n="156-a-0200"
            ecep:lem="purple"
            ecep:pos="j-vvn"
            ecep:reg="purpled"
            ecep:spe="purpled"
            ecep:syllab="2"
            ecep:pron="ˈpɜːpld">purpled</w>
         <c> </c>
         <w xml:id="o3900-319380"
            n="156-a-0210"
            ecep:lem="beam"
            ecep:pos="n2"
            ecep:reg="Beams"
            ecep:spe="Beams"
            ecep:syllab="1"
            ecep:pron="biːmz">Beams</w>
         <pc xml:id="o3900-319390"
             n="156-a-0220"
             ecep:lem=","
             ecep:pos=","
             ecep:reg=","
             ecep:spe=",">,</pc>
      </l>
      <l xml:id="o3900-l16005">
         <c> </c>
         <w xml:id="o3900-319400"
            n="156-a-0230"
            ecep:lem="through"
            ecep:pos="p-acp"
            ecep:reg="Through"
            ecep:spe="Thro'"
            ecep:syllab="1"
            ecep:pron="θruː">Thro'</w>
         <c> </c>
         <w xml:id="o3900-319410"
            n="156-a-0240"
            ecep:lem="all"
            ecep:pos="d"
            ecep:reg="all"
            ecep:spe="all"
            ecep:syllab="1"
            ecep:pron="ɔːl">all</w>
         <c> </c>
         <w xml:id="o3900-319420"
            n="156-a-0250"
            ecep:lem="the"
            ecep:pos="dt"
            ecep:reg="the"
            ecep:spe="the"
            ecep:syllab="1"
            ecep:pron="ðiː">the</w>
         <c> </c>
         <w xml:id="o3900-319430"
            n="156-a-0260"
            ecep:lem="wide-stretched"
            ecep:pos="j"
            ecep:reg="wide-stretched"
            ecep:spe="wide-stretch'd"
            ecep:syllab="2"
            ecep:pron="waɪdˌstretʃt">wide-stretch'd</w>
         <c> </c>
         <w xml:id="o3900-319440"
            n="156-a-0270"
            ecep:lem="universe"
            ecep:pos="n1"
            ecep:reg="Universe"
            ecep:spe="Universe"
            ecep:syllab="3"
            ecep:pron="ˈjuːnɪvɜːs">Universe</w>
         <pc xml:id="o3900-319450"
             n="156-a-0280"
             unit="sentence"
             ecep:lem="."
             ecep:pos="."
             ecep:reg="."
             ecep:spe=".">.</pc>
         <c> </c>
      </l>
   </lg>
   <lg n="3" xml:id="o3900-s03065">
      <head>
         <w xml:id="o3900-319490"
            n="156-a-0290"
            ecep:lem="iii"
            ecep:pos="crd"
            ecep:reg="III"
            ecep:spe="III"
            ecep:syllab="1"
            ecep:pron="rˌəʊmənθrˈiː">III</w>
         <pc xml:id="o3900-319500"
             n="156-a-0300"
             unit="sentence"
             ecep:lem="."
             ecep:pos="."
             ecep:reg="."
             ecep:spe=".">.</pc>
      </head>
      <l xml:id="o3900-l16010">
         <w xml:id="o3900-319520"
            n="156-a-0310"
            ecep:lem="the"
            ecep:pos="dt"
            ecep:reg="The"
            ecep:spe="The"
            ecep:syllab="1"
            ecep:pron="ðiː">The</w>
         <c> </c>
         <w xml:id="o3900-319530"
            n="156-a-0320"
            ecep:lem="various"
            ecep:pos="j"
            ecep:reg="various"
            ecep:spe="various"
            ecep:syllab="2"
            ecep:pron="ˈveəriəs">various</w>
         <c> </c>
         <w xml:id="o3900-319540"
            n="156-a-0330"
            ecep:lem="tribe"
            ecep:pos="n2"
            ecep:reg="Tribes"
            ecep:spe="Tribes"
            ecep:syllab="1"
            ecep:pron="traɪbz">Tribes</w>
         <c> </c>
         <w xml:id="o3900-319550"
            n="156-a-0340"
            ecep:lem="of"
            ecep:pos="pp-f"
            ecep:reg="of"
            ecep:spe="of"
            ecep:syllab="1"
            ecep:pron="ɒv">of</w>
         <c> </c>
         <w xml:id="o3900-319560"
            n="156-a-0350"
            ecep:lem="earth"
            ecep:pos="n1"
            ecep:reg="Earth"
            ecep:spe="Earth"
            ecep:syllab="1"
            ecep:pron="ɜːθ">Earth</w>
         <c> </c>
         <w xml:id="o3900-319570"
            n="156-a-0360"
            ecep:lem="obey"
            ecep:pos="vvb"
            ecep:reg="obey"
            ecep:spe="obey"
            ecep:syllab="2"
            ecep:pron="əˈbeɪ">obey</w>
      </l>
      <l xml:id="o3900-l16015">
         <c> </c>
         <w xml:id="o3900-319580"
            n="156-a-0370"
            ecep:lem="thy"
            ecep:pos="po21"
            ecep:reg="Thy"
            ecep:spe="Thy"
            ecep:syllab="1"
            ecep:pron="ðaɪ">Thy</w>
         <c> </c>
         <w xml:id="o3900-319590"
            n="156-a-0380"
            ecep:lem="awful"
            ecep:pos="j"
            ecep:reg="awful"
            ecep:spe="awful"
            ecep:syllab="2"
            ecep:pron="ˈɔːfl">awful</w>
         <c> </c>
         <w xml:id="o3900-319600"
            n="156-a-0390"
            ecep:lem="and"
            ecep:pos="cc"
            ecep:reg="and"
            ecep:spe="and"
            ecep:syllab="1"
            ecep:pron="ænd">and</w>
         <c> </c>
         <w xml:id="o3900-319610"
            n="156-a-0400"
            ecep:lem="imperial"
            ecep:pos="j-jn"
            ecep:reg="imperial"
            ecep:spe="imperial"
            ecep:syllab="3"
            ecep:pron="ɪmˈpɪəriəl">imperial</w>
         <c> </c>
         <w xml:id="o3900-319620"
            n="156-a-0410"
            ecep:lem="sway"
            ecep:pos="n1"
            ecep:reg="Sway"
            ecep:spe="Sway"
            ecep:syllab="1"
            ecep:pron="sweɪ">Sway</w>
         <pc xml:id="o3900-319630"
             n="156-a-0420"
             ecep:lem=";"
             ecep:pos=";"
             ecep:reg=";"
             ecep:spe=";">;</pc>
      </l>
      <l xml:id="o3900-l16020">
         <c> </c>
         <w xml:id="o3900-319640"
            n="156-a-0430"
            ecep:lem="nor"
            ecep:pos="ccx"
            ecep:reg="Nor"
            ecep:spe="Nor"
            ecep:syllab="1"
            ecep:pron="nɔː">Nor</w>
         <c> </c>
         <w xml:id="o3900-319650"
            n="156-a-0440"
            ecep:lem="earth"
            ecep:pos="n1"
            ecep:reg="Earth"
            ecep:spe="Earth"
            ecep:syllab="1"
            ecep:pron="ɜːθ">Earth</w>
         <c> </c>
         <w xml:id="o3900-319660"
            n="156-a-0450"
            ecep:lem="thy"
            ecep:pos="po21"
            ecep:reg="thy"
            ecep:spe="thy"
            ecep:syllab="1"
            ecep:pron="ðaɪ">thy</w>
         <c> </c>
         <w xml:id="o3900-319670"
            n="156-a-0460"
            ecep:lem="sovereign"
            ecep:pos="n-jn"
            ecep:reg="Sovereign"
            ecep:spe="Sov'reign"
            ecep:syllab="2"
            ecep:pron="sˈɒvreɪn">Sov'reign</w>
         <c> </c>
         <w xml:id="o3900-319680"
            n="156-a-0470"
            ecep:lem="power"
            ecep:pos="n1"
            ecep:reg="Power"
            ecep:spe="Pow'r"
            ecep:syllab="1"
            ecep:pron="ˈpaʊə">Pow'r</w>
         <c> </c>
         <w xml:id="o3900-319690"
            n="156-a-0480"
            ecep:lem="confine"
            ecep:pos="vvz"
            ecep:reg="confines"
            ecep:spe="confines"
            ecep:syllab="2"
            ecep:pron="ˈkɒnfaɪnz">confines</w>
         <pc xml:id="o3900-319700"
             n="156-a-0490"
             ecep:lem=";"
             ecep:pos=";"
             ecep:reg=";"
             ecep:spe=";">;</pc>
      </l>
      <l xml:id="o3900-l16025">
         <c> </c>
         <w xml:id="o3900-319710"
            n="156-a-0500"
            ecep:lem="above"
            ecep:pos="p-acp"
            ecep:reg="Above"
            ecep:spe="Above"
            ecep:syllab="2"
            ecep:pron="əˈbʌv">Above</w>
         <c> </c>
         <w xml:id="o3900-319720"
            n="156-a-0510"
            ecep:lem="the"
            ecep:pos="dt"
            ecep:reg="the"
            ecep:spe="the"
            ecep:syllab="1"
            ecep:pron="ðiː">the</w>
         <c> </c>
         <w xml:id="o3900-319730"
            n="156-a-0520"
            ecep:lem="sun"
            ecep:pos="ng1"
            ecep:reg="Sun's"
            ecep:spe="Sun's"
            ecep:syllab="1"
            ecep:pron="ˈsʌnz">Sun's</w>
         <c> </c>
         <w xml:id="o3900-319740"
            n="156-a-0530"
            ecep:lem="all-cheering"
            ecep:pos="j"
            ecep:reg="all-cheering"
            ecep:spe="all-chearing"
            ecep:syllab="3"
            ecep:pron="ˈɔːltʃˈiərɪŋ">all-chearing</w>
         <c> </c>
         <w xml:id="o3900-319750"
            n="156-a-0540"
            ecep:lem="light"
            ecep:pos="n1"
            ecep:reg="Light"
            ecep:spe="Light"
            ecep:syllab="1"
            ecep:pron="laɪt">Light</w>
         <pc xml:id="o3900-319760"
             n="156-a-0550"
             ecep:lem=","
             ecep:pos=","
             ecep:reg=","
             ecep:spe=",">,</pc>
      </l>
      <l xml:id="o3900-l16030">
         <c> </c>
         <w xml:id="o3900-319770"
            n="156-a-0560"
            ecep:lem="above"
            ecep:pos="p-acp"
            ecep:reg="Above"
            ecep:spe="Above"
            ecep:syllab="2"
            ecep:pron="əˈbʌv">Above</w>
         <c> </c>
         <w xml:id="o3900-319780"
            n="156-a-0570"
            ecep:lem="the"
            ecep:pos="dt"
            ecep:reg="the"
            ecep:spe="the"
            ecep:syllab="1"
            ecep:pron="ðiː">the</w>
         <c> </c>
         <w xml:id="o3900-319790"
            n="156-a-0580"
            ecep:lem="star"
            ecep:pos="n2"
            ecep:reg="Stars"
            ecep:spe="Stars"
            ecep:syllab="1"
            ecep:pron="stɑːz">Stars</w>
         <pc xml:id="o3900-319800"
             n="156-a-0590"
             ecep:lem=","
             ecep:pos=","
             ecep:reg=","
             ecep:spe=",">,</pc>
         <c> </c>
         <w xml:id="o3900-319810"
            n="156-a-0600"
            ecep:lem="and"
            ecep:pos="cc"
            ecep:reg="and"
            ecep:spe="and"
            ecep:syllab="1"
            ecep:pron="ænd">and</w>
         <c> </c>
         <w xml:id="o3900-319820"
            n="156-a-0610"
            ecep:lem="far"
            ecep:pos="av-j"
            ecep:reg="far"
            ecep:spe="far"
            ecep:syllab="1"
            ecep:pron="fɑː">far</w>
         <c> </c>
         <w xml:id="o3900-319830"
            n="156-a-0620"
            ecep:lem="more"
            ecep:pos="av-dc"
            ecep:reg="more"
            ecep:spe="more"
            ecep:syllab="1"
            ecep:pron="mɔː">more</w>
         <c> </c>
         <w xml:id="o3900-319840"
            n="156-a-0630"
            ecep:lem="bright"
            ecep:pos="j"
            ecep:reg="bright"
            ecep:spe="bright"
            ecep:syllab="1"
            ecep:pron="braɪt">bright</w>
      </l>
      <l xml:id="o3900-l16035">
         <c> </c>
         <w xml:id="o3900-319850"
            n="156-a-0640"
            ecep:lem="thy"
            ecep:pos="po21"
            ecep:reg="Thy"
            ecep:spe="Thy"
            ecep:syllab="1"
            ecep:pron="ðaɪ">Thy</w>
         <c> </c>
         <w xml:id="o3900-319860"
            n="156-a-0650"
            ecep:lem="pure"
            ecep:pos="j"
            ecep:reg="pure"
            ecep:spe="pure"
            ecep:syllab="1"
            ecep:pron="pjʊə">pure</w>
         <c> </c>
         <w xml:id="o3900-319870"
            n="156-a-0660"
            ecep:lem="essential"
            ecep:pos="j"
            ecep:reg="essential"
            ecep:spe="essential"
            ecep:syllab="3"
            ecep:pron="ɪˈsenʃl">essential</w>
         <c> </c>
         <w xml:id="o3900-319880"
            n="156-a-0670"
            ecep:lem="glory"
            ecep:pos="n1"
            ecep:reg="Glory"
            ecep:spe="Glory"
            ecep:syllab="2"
            ecep:pron="ˈglɔːri">Glory</w>
         <c> </c>
         <w xml:id="o3900-319890"
            n="156-a-0680"
            ecep:lem="shine"
            ecep:pos="vvz"
            ecep:reg="shines"
            ecep:spe="shines"
            ecep:syllab="1"
            ecep:pron="ʃaɪnz">shines</w>
         <pc xml:id="o3900-319900"
             n="156-a-0690"
             unit="sentence"
             ecep:lem="."
             ecep:pos="."
             ecep:reg="."
             ecep:spe=".">.</pc>
         <c> </c>
      </l>
   </lg>
   <lg n="4" xml:id="o3900-s03070">
      <head>
         <w xml:id="o3900-319940"
            n="156-a-0700"
            ecep:lem="iv"
            ecep:pos="crd"
            ecep:reg="IV"
            ecep:spe="IV"
            ecep:syllab="1"
            ecep:pron="rˌəʊmənfˈɔː">IV</w>
         <pc xml:id="o3900-319950"
             n="156-a-0710"
             unit="sentence"
             ecep:lem="."
             ecep:pos="."
             ecep:reg="."
             ecep:spe=".">.</pc>
      </head>
      <l xml:id="o3900-l16040">
         <w xml:id="o3900-319970"
            n="156-a-0720"
            ecep:lem="what"
            ecep:pos="q-crq"
            ecep:reg="What"
            ecep:spe="What"
            ecep:syllab="1"
            ecep:pron="wɒt">What</w>
         <c> </c>
         <w xml:id="o3900-319980"
            n="156-a-0730"
            ecep:lem="mortal"
            ecep:pos="j-jn"
            ecep:reg="Mortal"
            ecep:spe="Mortal"
            ecep:syllab="2"
            ecep:pron="ˈmɔːtl">Mortal</w>
         <c> </c>
         <w xml:id="o3900-319990"
            n="156-a-0740"
            ecep:lem="form"
            ecep:pos="vvd"
            ecep:reg="formed"
            ecep:spe="form'd"
            ecep:syllab="1"
            ecep:pron="fɔːmd">form'd</w>
         <c> </c>
         <w xml:id="o3900-320000"
            n="156-a-0750"
            ecep:lem="of"
            ecep:pos="pp-f"
            ecep:reg="of"
            ecep:spe="of"
            ecep:syllab="1"
            ecep:pron="ɒv">of</w>
         <c> </c>
         <w xml:id="o3900-320010"
            n="156-a-0760"
            ecep:lem="fade"
            ecep:pos="j-vvg"
            ecep:reg="fading"
            ecep:spe="fading"
            ecep:syllab="2"
            ecep:pron="feɪdɪŋ">fading</w>
         <c> </c>
         <w xml:id="o3900-320020"
            n="156-a-0770"
            ecep:lem="clay"
            ecep:pos="n1"
            ecep:reg="Clay"
            ecep:spe="Clay"
            ecep:syllab="1"
            ecep:pron="kleɪ">Clay</w>
         <pc xml:id="o3900-320030"
             n="156-a-0780"
             ecep:lem=","
             ecep:pos=","
             ecep:reg=","
             ecep:spe=",">,</pc>
      </l>
      <l xml:id="o3900-l16045">
         <c> </c>
         <w xml:id="o3900-320040"
            n="156-a-0790"
            ecep:lem="what"
            ecep:pos="q-crq"
            ecep:reg="What"
            ecep:spe="What"
            ecep:syllab="1"
            ecep:pron="wɒt">What</w>
         <c> </c>
         <w xml:id="o3900-320050"
            n="156-a-0800"
            ecep:lem="native"
            ecep:pos="j-jn"
            ecep:reg="Native"
            ecep:spe="Native"
            ecep:syllab="2"
            ecep:pron="ˈneɪtɪv">Native</w>
         <c> </c>
         <w xml:id="o3900-320060"
            n="156-a-0810"
            ecep:lem="of"
            ecep:pos="pp-f"
            ecep:reg="of"
            ecep:spe="of"
            ecep:syllab="1"
            ecep:pron="ɒv">of</w>
         <c> </c>
         <w xml:id="o3900-320070"
            n="156-a-0820"
            ecep:lem="eternal"
            ecep:pos="j"
            ecep:reg="eternal"
            ecep:spe="eternal"
            ecep:syllab="3"
            ecep:pron="ɪˈtɜːnl">eternal</w>
         <c> </c>
         <w xml:id="o3900-320080"
            n="156-a-0830"
            ecep:lem="day"
            ecep:pos="n1"
            ecep:reg="Day"
            ecep:spe="Day"
            ecep:syllab="1"
            ecep:pron="deɪ">Day</w>
      </l>
      <l xml:id="o3900-l16050">
         <c> </c>
         <w xml:id="o3900-320090"
            n="156-a-0840"
            ecep:lem="can"
            ecep:pos="vmb"
            ecep:reg="Can"
            ecep:spe="Can"
            ecep:syllab="1"
            ecep:pron="kæn">Can</w>
         <c> </c>
         <w xml:id="o3900-320100"
            n="156-a-0850"
            ecep:lem="with"
            ecep:pos="p-acp"
            ecep:reg="with"
            ecep:spe="with"
            ecep:syllab="1"
            ecep:pron="wɪð">with</w>
         <c> </c>
         <w xml:id="o3900-320110"
            n="156-a-0860"
            ecep:lem="the"
            ecep:pos="dt"
            ecep:reg="the"
            ecep:spe="the"
            ecep:syllab="1"
            ecep:pron="ðiː">the</w>
         <c> </c>
         <w xml:id="o3900-320120"
            n="156-a-0870"
            ecep:lem="god"
            ecep:pos="n1"
            ecep:reg="GOD"
            ecep:spe="GOD"
            ecep:syllab="1"
            ecep:pron="gɒd">GOD</w>
         <c> </c>
         <w xml:id="o3900-320130"
            n="156-a-0880"
            ecep:lem="of"
            ecep:pos="pp-f"
            ecep:reg="of"
            ecep:spe="of"
            ecep:syllab="1"
            ecep:pron="ɒv">of</w>
         <c> </c>
         <w xml:id="o3900-320140"
            n="156-a-0890"
            ecep:lem="heaven"
            ecep:pos="n1"
            ecep:reg="Heaven"
            ecep:spe="Heav'n"
            ecep:syllab="1"
            ecep:pron="ˈhevn">Heav'n</w>
         <c> </c>
         <w xml:id="o3900-320150"
            n="156-a-0900"
            ecep:lem="compare"
            ecep:pos="vvi"
            ecep:reg="compare"
            ecep:spe="compare"
            ecep:syllab="2"
            ecep:pron="kəmˈpeə">compare</w>
         <pc xml:id="o3900-320160"
             n="156-a-0910"
             unit="sentence"
             ecep:lem="?"
             ecep:pos="?"
             ecep:reg="?"
             ecep:spe="?">?</pc>
         <c> </c>
      </l>
      <l xml:id="o3900-l16055">
         <w xml:id="o3900-320170"
            n="156-a-0920"
            ecep:lem="yet"
            ecep:pos="av"
            ecep:reg="Yet"
            ecep:spe="Yet"
            ecep:syllab="1"
            ecep:pron="jet">Yet</w>
         <c> </c>
         <w xml:id="o3900-320180"
            n="156-a-0930"
            ecep:lem="angel"
            ecep:pos="n2"
            ecep:reg="Angels"
            ecep:spe="Angels"
            ecep:syllab="2"
            ecep:pron="ˈeɪndʒlz">Angels</w>
         <c> </c>
         <w xml:id="o3900-320190"
            n="156-a-0940"
            ecep:lem="round"
            ecep:pos="av-j"
            ecep:reg="round"
            ecep:spe="round"
            ecep:syllab="1"
            ecep:pron="raʊnd">round</w>
         <c> </c>
         <w xml:id="o3900-320200"
            n="156-a-0950"
            ecep:lem="thy"
            ecep:pos="po21"
            ecep:reg="thy"
            ecep:spe="thy"
            ecep:syllab="1"
            ecep:pron="ðaɪ">thy</w>
         <c> </c>
         <w xml:id="o3900-320210"
            n="156-a-0960"
            ecep:lem="glorious"
            ecep:pos="j"
            ecep:reg="glorious"
            ecep:spe="glorious"
            ecep:syllab="2"
            ecep:pron="ˈglɔːriəs">glorious</w>
         <c> </c>
         <w xml:id="o3900-320220"
            n="156-a-0970"
            ecep:lem="throne"
            ecep:pos="n1"
            ecep:reg="Throne"
            ecep:spe="Throne"
            ecep:syllab="1"
            ecep:pron="θrəʊn">Throne</w>
      </l>
      <l xml:id="o3900-l16060">
         <c> </c>
         <w xml:id="o3900-320230"
            n="156-a-0980"
            ecep:lem="thou"
            ecep:pos="pns21"
            ecep:reg="Thou"
            ecep:spe="Thou"
            ecep:syllab="1"
            ecep:pron="θaʊ">Thou</w>
         <c> </c>
         <w xml:id="o3900-320240"
            n="156-a-0990"
            ecep:lem="stoop"
            ecep:pos="vv2"
            ecep:reg="stoopest"
            ecep:spe="stoop'st"
            ecep:syllab="1"
            ecep:pron="stuːpst">stoop'st</w>
         <c> </c>
         <w xml:id="o3900-320250"
            n="156-a-1000"
            ecep:lem="to"
            ecep:pos="p-acp"
            ecep:reg="to"
            ecep:spe="to"
            ecep:syllab="1"
            ecep:pron="tuː">to</w>
         <c> </c>
         <w xml:id="o3900-320260"
            n="156-a-1010"
            ecep:lem="view"
            ecep:pos="n1"
            ecep:reg="view"
            ecep:spe="view"
            ecep:syllab="1"
            ecep:pron="vjuː">view</w>
         <pc xml:id="o3900-320270"
             n="156-a-1020"
             ecep:lem=":"
             ecep:pos=":"
             ecep:reg=":"
             ecep:spe=":">:</pc>
         <c> </c>
         <w xml:id="o3900-320280"
            n="156-a-1030"
            ecep:lem="nor"
            ecep:pos="ccx"
            ecep:reg="Nor"
            ecep:spe="Nor"
            ecep:syllab="1"
            ecep:pron="nɔː">Nor</w>
         <c> </c>
         <w xml:id="o3900-320290"
            n="156-a-1040"
            ecep:lem="they"
            ecep:pos="pns32"
            ecep:reg="They"
            ecep:spe="They"
            ecep:syllab="1"
            ecep:pron="ðeɪ">They</w>
         <c> </c>
         <w xml:id="o3900-320300"
            n="156-a-1050"
            ecep:lem="alone"
            ecep:pos="j"
            ecep:reg="alone"
            ecep:spe="alone"
            ecep:syllab="2"
            ecep:pron="əˈləʊn">alone</w>
         <pc xml:id="o3900-320310"
             n="156-a-1060"
             ecep:lem=";"
             ecep:pos=";"
             ecep:reg=";"
             ecep:spe=";">;</pc>
      </l>
      <l xml:id="o3900-l16065">
         <c> </c>
         <w xml:id="o3900-320320"
            n="156-a-1070"
            ecep:lem="even"
            ecep:pos="av-j"
            ecep:reg="Even"
            ecep:spe="Ev'n"
            ecep:syllab="1"
            ecep:pron="ˈiːvn">Ev'n</w>
         <c> </c>
         <w xml:id="o3900-320330"
            n="156-a-1080"
            ecep:lem="earth-born"
            ecep:pos="j"
            ecep:reg="earthborn"
            ecep:spe="earth-born"
            ecep:syllab="2"
            ecep:pron="ɜːθˌbɔːn">earth-born</w>
         <c> </c>
         <w xml:id="o3900-320340"
            n="156-a-1090"
            ecep:lem="man"
            ecep:pos="n2"
            ecep:reg="Men"
            ecep:spe="Men"
            ecep:syllab="1"
            ecep:pron="men">Men</w>
         <c> </c>
         <w xml:id="o3900-320350"
            n="156-a-1100"
            ecep:lem="thy"
            ecep:pos="po21"
            ecep:reg="thy"
            ecep:spe="thy"
            ecep:syllab="1"
            ecep:pron="ðaɪ">thy</w>
         <c> </c>
         <w xml:id="o3900-320360"
            n="156-a-1110"
            ecep:lem="goodness"
            ecep:pos="n1"
            ecep:reg="Goodness"
            ecep:spe="Goodness"
            ecep:syllab="2"
            ecep:pron="ˈgʊdnəs">Goodness</w>
         <c> </c>
         <w xml:id="o3900-320370"
            n="156-a-1120"
            ecep:lem="share"
            ecep:pos="vvi"
            ecep:reg="share"
            ecep:spe="share"
            ecep:syllab="1"
            ecep:pron="ʃeə">share</w>
         <pc xml:id="o3900-320380"
             n="156-a-1130"
             unit="sentence"
             ecep:lem="."
             ecep:pos="."
             ecep:reg="."
             ecep:spe=".">.</pc>
         <c> </c>
      </l>
   </lg>
   <lg n="5" xml:id="o3900-s03075">
      <head>
         <w xml:id="o3900-320420"
            n="156-a-1140"
            ecep:lem="v."
            ecep:pos="crd"
            ecep:reg="V"
            ecep:spe="V."
            ecep:syllab="1"
            ecep:pron="viː">V.</w>
         <pc unit="sentence" xml:id="o3900-320420-eos" n="156-a-1150"/>
      </head>
      <l xml:id="o3900-l16070">
         <w xml:id="o3900-320440"
            n="156-a-1160"
            ecep:lem="the"
            ecep:pos="dt"
            ecep:reg="The"
            ecep:spe="The"
            ecep:syllab="1"
            ecep:pron="ðiː">The</w>
         <c> </c>
         <w xml:id="o3900-320450"
            n="156-a-1170"
            ecep:lem="poor"
            ecep:pos="j"
            ecep:reg="Poor"
            ecep:spe="Poor"
            ecep:syllab="1"
            ecep:pron="pɔː">Poor</w>
         <c> </c>
         <w xml:id="o3900-320460"
            n="156-a-1180"
            ecep:lem="thou"
            ecep:pos="pns21"
            ecep:reg="Thou"
            ecep:spe="Thou"
            ecep:syllab="1"
            ecep:pron="θaʊ">Thou</w>
         <c> </c>
         <w xml:id="o3900-320470"
            n="156-a-1190"
            ecep:lem="lift"
            ecep:pos="n1"
            ecep:reg="liftest"
            ecep:spe="liftest"
            ecep:syllab="2"
            ecep:pron="lˈɪftəst">liftest</w>
         <c> </c>
         <w xml:id="o3900-320480"
            n="156-a-1200"
            ecep:lem="from"
            ecep:pos="p-acp"
            ecep:reg="from"
            ecep:spe="from"
            ecep:syllab="1"
            ecep:pron="frɒm">from</w>
         <c> </c>
         <w xml:id="o3900-320490"
            n="156-a-1210"
            ecep:lem="the"
            ecep:pos="dt"
            ecep:reg="the"
            ecep:spe="the"
            ecep:syllab="1"
            ecep:pron="ðiː">the</w>
         <c> </c>
         <w xml:id="o3900-320500"
            n="156-a-1220"
            ecep:lem="dust"
            ecep:pos="n1"
            ecep:reg="Dust"
            ecep:spe="Dust"
            ecep:syllab="1"
            ecep:pron="dʌst">Dust</w>
         <pc xml:id="o3900-320510"
             n="156-a-1230"
             ecep:lem=";"
             ecep:pos=";"
             ecep:reg=";"
             ecep:spe=";">;</pc>
      </l>
      <l xml:id="o3900-l16075">
         <c> </c>
         <w xml:id="o3900-320520"
            n="156-a-1240"
            ecep:lem="the"
            ecep:pos="dt"
            ecep:reg="The"
            ecep:spe="The"
            ecep:syllab="1"
            ecep:pron="ðiː">The</w>
         <c> </c>
         <w xml:id="o3900-320530"
            n="156-a-1250"
            ecep:lem="sinner"
            ecep:pos="n1"
            ecep:reg="Sinner"
            ecep:spe="Sinner"
            ecep:syllab="2"
            ecep:pron="ˈsɪnə">Sinner</w>
         <pc xml:id="o3900-320540"
             n="156-a-1260"
             ecep:lem=","
             ecep:pos=","
             ecep:reg=","
             ecep:spe=",">,</pc>
         <c> </c>
         <w xml:id="o3900-320550"
            n="156-a-1270"
            ecep:lem="if"
            ecep:pos="cs"
            ecep:reg="if"
            ecep:spe="if"
            ecep:syllab="1"
            ecep:pron="ɪf">if</w>
         <c> </c>
         <w xml:id="o3900-320560"
            n="156-a-1280"
            ecep:lem="in"
            ecep:pos="p-acp"
            ecep:reg="in"
            ecep:spe="in"
            ecep:syllab="1"
            ecep:pron="ɪn">in</w>
         <c> </c>
         <w xml:id="o3900-320570"
            n="156-a-1290"
            ecep:lem="thou"
            ecep:pos="pno21"
            ecep:reg="Thee"
            ecep:spe="Thee"
            ecep:syllab="1"
            ecep:pron="ðiː">Thee</w>
         <c> </c>
         <w xml:id="o3900-320580"
            n="156-a-1300"
            ecep:lem="he"
            ecep:pos="pns31"
            ecep:reg="he"
            ecep:spe="he"
            ecep:syllab="1"
            ecep:pron="hiː">he</w>
         <c> </c>
         <w xml:id="o3900-320590"
            n="156-a-1310"
            ecep:lem="trust"
            ecep:pos="n1"
            ecep:reg="trust"
            ecep:spe="trust"
            ecep:syllab="1"
            ecep:pron="trʌst">trust</w>
         <pc xml:id="o3900-320600"
             n="156-a-1320"
             ecep:lem=","
             ecep:pos=","
             ecep:reg=","
             ecep:spe=",">,</pc>
      </l>
      <l xml:id="o3900-l16080">
         <c> </c>
         <w xml:id="o3900-320610"
            n="156-a-1330"
            ecep:lem="from"
            ecep:pos="p-acp"
            ecep:reg="From"
            ecep:spe="From"
            ecep:syllab="1"
            ecep:pron="frɒm">From</w>
         <c> </c>
         <w xml:id="o3900-320620"
            n="156-a-1340"
            ecep:lem="depth"
            ecep:pos="n2"
            ecep:reg="Depths"
            ecep:spe="Depths"
            ecep:syllab="1"
            ecep:pron="depθs">Depths</w>
         <c> </c>
         <w xml:id="o3900-320630"
            n="156-a-1350"
            ecep:lem="of"
            ecep:pos="pp-f"
            ecep:reg="of"
            ecep:spe="of"
            ecep:syllab="1"
            ecep:pron="ɒv">of</w>
         <c> </c>
         <w xml:id="o3900-320640"
            n="156-a-1360"
            ecep:lem="guilt"
            ecep:pos="n1"
            ecep:reg="Guilt"
            ecep:spe="Guilt"
            ecep:syllab="1"
            ecep:pron="gɪlt">Guilt</w>
         <c> </c>
         <w xml:id="o3900-320650"
            n="156-a-1370"
            ecep:lem="and"
            ecep:pos="cc"
            ecep:reg="and"
            ecep:spe="and"
            ecep:syllab="1"
            ecep:pron="ænd">and</w>
         <c> </c>
         <w xml:id="o3900-320660"
            n="156-a-1380"
            ecep:lem="shame"
            ecep:pos="n1"
            ecep:reg="Shame"
            ecep:spe="Shame"
            ecep:syllab="1"
            ecep:pron="ʃeɪm">Shame</w>
         <c> </c>
         <w xml:id="o3900-320670"
            n="156-a-1390"
            ecep:lem="thou|will"
            ecep:pos="pns21|vm2"
            ecep:reg="Thou'lt"
            ecep:spe="Thou'lt"
            ecep:syllab="1"
            ecep:pron="ðaʊlt">Thou'lt</w>
         <c> </c>
         <w xml:id="o3900-320680"
            n="156-a-1400"
            ecep:lem="raise"
            ecep:pos="vvi"
            ecep:reg="raise"
            ecep:spe="raise"
            ecep:syllab="1"
            ecep:pron="reɪz">raise</w>
         <pc xml:id="o3900-320690"
             n="156-a-1410"
             ecep:lem=";"
             ecep:pos=";"
             ecep:reg=";"
             ecep:spe=";">;</pc>
      </l>
      <l xml:id="o3900-l16085">
         <c> </c>
         <w xml:id="o3900-320700"
            n="156-a-1420"
            ecep:lem="that"
            ecep:pos="cst"
            ecep:reg="That"
            ecep:spe="That"
            ecep:syllab="1"
            ecep:pron="ðæt">That</w>
         <c> </c>
         <w xml:id="o3900-320710"
            n="156-a-1430"
            ecep:lem="he"
            ecep:pos="pns31"
            ecep:reg="he"
            ecep:spe="he"
            ecep:syllab="1"
            ecep:pron="hiː">he</w>
         <pc xml:id="o3900-320720"
             n="156-a-1440"
             ecep:lem=","
             ecep:pos=","
             ecep:reg=","
             ecep:spe=",">,</pc>
         <c> </c>
         <w xml:id="o3900-320730"
            n="156-a-1450"
            ecep:lem="in"
            ecep:pos="p-acp"
            ecep:reg="in"
            ecep:spe="in"
            ecep:syllab="1"
            ecep:pron="ɪn">in</w>
         <c> </c>
         <w xml:id="o3900-320740"
            n="156-a-1460"
            ecep:lem="peace"
            ecep:pos="n1"
            ecep:reg="Peace"
            ecep:spe="Peace"
            ecep:syllab="1"
            ecep:pron="piːs">Peace</w>
         <c> </c>
         <w xml:id="o3900-320750"
            n="156-a-1470"
            ecep:lem="and"
            ecep:pos="cc"
            ecep:reg="and"
            ecep:spe="and"
            ecep:syllab="1"
            ecep:pron="ænd">and</w>
         <c> </c>
         <w xml:id="o3900-320760"
            n="156-a-1480"
            ecep:lem="safety"
            ecep:pos="n1"
            ecep:reg="Safety"
            ecep:spe="Safety"
            ecep:syllab="2"
            ecep:pron="ˈseɪfti">Safety</w>
         <c> </c>
         <w xml:id="o3900-320770"
            n="156-a-1490"
            ecep:lem="place"
            ecep:pos="vvd"
            ecep:reg="placed"
            ecep:spe="plac'd"
            ecep:syllab="1"
            ecep:pron="pleɪst">plac'd</w>
         <pc xml:id="o3900-320780"
             n="156-a-1500"
             ecep:lem=","
             ecep:pos=","
             ecep:reg=","
             ecep:spe=",">,</pc>
      </l>
      <l xml:id="o3900-l16090">
         <c> </c>
         <w xml:id="o3900-320790"
            n="156-a-1510"
            ecep:lem="with"
            ecep:pos="p-acp"
            ecep:reg="With"
            ecep:spe="With"
            ecep:syllab="1"
            ecep:pron="wɪð">With</w>
         <c> </c>
         <w xml:id="o3900-320800"
            n="156-a-1520"
            ecep:lem="power"
            ecep:pos="n1"
            ecep:reg="Power"
            ecep:spe="Pow'r"
            ecep:syllab="1"
            ecep:pron="ˈpaʊə">Pow'r</w>
         <c> </c>
         <w xml:id="o3900-320810"
            n="156-a-1530"
            ecep:lem="and"
            ecep:pos="cc"
            ecep:reg="and"
            ecep:spe="and"
            ecep:syllab="1"
            ecep:pron="ænd">and</w>
         <c> </c>
         <w xml:id="o3900-320820"
            n="156-a-1540"
            ecep:lem="love"
            ecep:pos="n1"
            ecep:reg="Love"
            ecep:spe="Love"
            ecep:syllab="1"
            ecep:pron="lʌv">Love</w>
         <c> </c>
         <w xml:id="o3900-320830"
            n="156-a-1550"
            ecep:lem="and"
            ecep:pos="cc"
            ecep:reg="and"
            ecep:spe="and"
            ecep:syllab="1"
            ecep:pron="ænd">and</w>
         <c> </c>
         <w xml:id="o3900-320840"
            n="156-a-1560"
            ecep:lem="wisdom"
            ecep:pos="n1"
            ecep:reg="Wisdom"
            ecep:spe="Wisdom"
            ecep:syllab="2"
            ecep:pron="ˈwɪzdəm">Wisdom</w>
         <c> </c>
         <w xml:id="o3900-320850"
            n="156-a-1570"
            ecep:lem="grace"
            ecep:pos="vvd"
            ecep:reg="graced"
            ecep:spe="grac'd"
            ecep:syllab="1"
            ecep:pron="greɪst">grac'd</w>
         <pc xml:id="o3900-320860"
             n="156-a-1580"
             ecep:lem=","
             ecep:pos=","
             ecep:reg=","
             ecep:spe=",">,</pc>
      </l>
      <l xml:id="o3900-l16095">
         <c> </c>
         <w xml:id="o3900-320870"
            n="156-a-1590"
            ecep:lem="may"
            ecep:pos="vmb"
            ecep:reg="May"
            ecep:spe="May"
            ecep:syllab="1"
            ecep:pron="meɪ">May</w>
         <c> </c>
         <w xml:id="o3900-320880"
            n="156-a-1600"
            ecep:lem="sing"
            ecep:pos="vvi"
            ecep:reg="sing"
            ecep:spe="sing"
            ecep:syllab="1"
            ecep:pron="sɪŋ">sing</w>
         <c> </c>
         <w xml:id="o3900-320890"
            n="156-a-1610"
            ecep:lem="aloud"
            ecep:pos="av"
            ecep:reg="aloud"
            ecep:spe="aloud"
            ecep:syllab="2"
            ecep:pron="əˈlaʊd">aloud</w>
         <c> </c>
         <w xml:id="o3900-320900"
            n="156-a-1620"
            ecep:lem="his"
            ecep:pos="po31"
            ecep:reg="his"
            ecep:spe="his"
            ecep:syllab="1"
            ecep:pron="hɪz">his</w>
         <c> </c>
         <w xml:id="o3900-320910"
            n="156-a-1630"
            ecep:lem="saviour"
            ecep:pos="ng1"
            ecep:reg="Saviour's"
            ecep:spe="Saviour's"
            ecep:syllab="3"
            ecep:pron="ˈseɪvjəz">Saviour's</w>
         <c> </c>
         <w xml:id="o3900-320920"
            n="156-a-1640"
            ecep:lem="praise"
            ecep:pos="n1"
            ecep:reg="Praise"
            ecep:spe="Praise"
            ecep:syllab="1"
            ecep:pron="preɪz">Praise</w>
         <pc xml:id="o3900-320930"
             n="156-a-1650"
             unit="sentence"
             ecep:lem="."
             ecep:pos="."
             ecep:reg="."
             ecep:spe=".">.</pc>
         <c> </c>
      </l>
   </lg>
</div>
