<?xml version="1.0" encoding="UTF-8"?>
<?xml-model href="../tei_all.rnc" type="application/relax-ng-compact-syntax"?>
<TEI xmlns="http://www.tei-c.org/ns/1.0">
   <teiHeader>
      <fileDesc>
         <titleStmt>
            <title corresp="#txt_HuntAn1741_w0020">WINTER, A SONNET.</title>
            <author corresp="authors.xml#aut_HuntAn1741">Anne Hunter (née Home)</author>
            <respStmt>
               <name xml:id="AH">Alexander Huber</name>
               <resp>Editor</resp>
            </respStmt>
            <funder>
               <name type="institution" xml:id="BOD">Bodleian Libraries, University of Oxford</name>
               <address>
                  <addrLine>Broad Street</addrLine>
                  <addrLine>Oxford OX1 3BG</addrLine>
                  <addrLine>UK</addrLine>
               </address>
            </funder>
         </titleStmt>
         <publicationStmt>
            <publisher xml:id="ECPA">Eighteenth-Century Poetry Archive</publisher>
            <address>
               <addrLine>Taylor Institution Library</addrLine>
               <addrLine>St Giles'</addrLine>
               <addrLine>Oxford OX1 3NA</addrLine>
               <addrLine>UK</addrLine>
               <addrLine>
                  <email>info@eighteenthcenturypoetry.org</email>
               </addrLine>
               <addrLine>
                  <ref target="https://www.eighteenthcenturypoetry.org/">https://www.eighteenthcenturypoetry.org/</ref>
               </addrLine>
            </address>
            <pubPlace>Oxford</pubPlace>
            <availability status="restricted">
               <licence target="http://creativecommons.org/licenses/by-sa/3.0/">This work is licensed under a Creative Commons Attribution-ShareAlike 3.0 Unported License.</licence>
            </availability>
         </publicationStmt>
         <sourceDesc>
            <bibl>
               <author>Hunter, Anne Home (Mrs. John), 1742-1821.</author>
               <title>Poems, by Mrs. John Hunter.</title>
               <pubPlace>London</pubPlace>
               <publisher>Printed for T. Payne, Mews Gate, by T. Bensley, Bolt Court, Fleet Street</publisher>
               <date>1802</date>
               <biblScope>p. 65.</biblScope>
               <extent/>
            </bibl>
         </sourceDesc>
      </fileDesc>
      <encodingDesc>
         <projectDesc>
            <p>This e-text is part of the Works section of the Eighteenth-Century Poetry Archive (ECPA).</p>
            <p>XML created for the Eighteenth-Century Poetry Archive (ECPA).</p>
         </projectDesc>
         <editorialDecl>
            <p>Typography, spelling, capitalization, and punctuation have been cautiously modernized. The source of the text is given and all significant
						editorial interventions have been recorded in textual notes. This  text has been edited to conform to the recommendations found 
						in Level 5 of the
						Best Practices for TEI in Libraries version 4.0.0.
					</p>
         </editorialDecl>
         <classDecl>
            <taxonomy xml:id="LCNAF">
               <bibl>Library of Congress Name Authority File (<abbr>LCNAF</abbr>)</bibl>
            </taxonomy>
         </classDecl>
         <tagsDecl>
            <rendition n="linegroups indented" xml:id="lgindent" scheme="css">text-indent: 1em;</rendition>
            <rendition n="linegroups vertically spaced" xml:id="lgvspace" scheme="css">margin-bottom: 1em;</rendition>
            <rendition n="aligned centrally" xml:id="align-center" scheme="css">text-align: center;</rendition>
            <rendition n="aligned right" xml:id="align-right" scheme="css">text-align: right;</rendition>
            <rendition n="aligned left" xml:id="align-left" scheme="css">text-align: left;</rendition>
            <rendition n="inline" xml:id="inline" scheme="css">display: inline</rendition>
            <rendition n="italic" xml:id="i" scheme="css">font-style: italic;</rendition>
            <rendition n="bold" xml:id="b" scheme="css">font-weight: bold;</rendition>
         </tagsDecl>
      </encodingDesc>
   </teiHeader>
   <text>
      <body>
         <div xmlns:ecep="http://www.eighteenthcenturypoetry.org/ns"
              ana="#iamb #pentameter #sonnet"
              corresp="#txt_HuntAn1741_w0020"
              decls="#semi-normalized"
              ecep:syllab="10"
              met="-+|-+|-+|-+|-+/"
              rhyme="abbacddceffegg"
              subtype="eceptext"
              type="sonnet"
              xml:id="bah18-w0200">
            <link target="authors.xml#aut_HuntAn1741" type="author"/>
            <head type="main">
               <w xmlns:ecep="http://www.eighteenthcenturypoetry.org/ns"
                  xml:id="bah18-090190"
                  n="a-0010"
                  ecep:lem="winter"
                  ecep:pos="n1"
                  ecep:reg="WINTER"
                  ecep:spe="WINTER"
                  ecep:syllab="2"
                  ecep:pron="ˈwɪntə">WINTER</w>
               <pc xmlns:ecep="http://www.eighteenthcenturypoetry.org/ns"
                   xml:id="bah18-090200"
                   n="a-0020"
                   ecep:lem=","
                   ecep:pos=","
                   ecep:reg=","
                   ecep:spe=",">,</pc>
            </head>
            <head type="sub">
               <w xmlns:ecep="http://www.eighteenthcenturypoetry.org/ns"
                  xml:id="bah18-090230"
                  n="a-0030"
                  ecep:lem="a"
                  ecep:pos="dt"
                  ecep:reg="A"
                  ecep:spe="A"
                  ecep:syllab="1"
                  ecep:pron="ə">A</w>
               <c> </c>
               <w xmlns:ecep="http://www.eighteenthcenturypoetry.org/ns"
                  xml:id="bah18-090240"
                  n="a-0040"
                  ecep:lem="sonnet"
                  ecep:pos="n1"
                  ecep:reg="SONNET"
                  ecep:spe="SONNET"
                  ecep:syllab="2"
                  ecep:pron="ˈsɒnɪt">SONNET</w>
               <pc xmlns:ecep="http://www.eighteenthcenturypoetry.org/ns"
                   xml:id="bah18-090250"
                   n="a-0050"
                   unit="sentence"
                   ecep:lem="."
                   ecep:pos="."
                   ecep:reg="."
                   ecep:spe=".">.</pc>
            </head>
            <lg xml:id="bah18-s00610">
               <l xml:id="bah18-l03975">
                  <w xmlns:ecep="http://www.eighteenthcenturypoetry.org/ns"
                     xml:id="bah18-090280"
                     n="a-0060"
                     ecep:lem="behold"
                     ecep:pos="vvb"
                     ecep:reg="BEHOLD"
                     ecep:spe="BEHOLD"
                     ecep:syllab="2"
                     ecep:pron="bɪˈhəʊld">BEHOLD</w>
                  <c> </c>
                  <w xmlns:ecep="http://www.eighteenthcenturypoetry.org/ns"
                     xml:id="bah18-090290"
                     n="a-0070"
                     ecep:lem="the"
                     ecep:pos="dt"
                     ecep:reg="the"
                     ecep:spe="the"
                     ecep:syllab="1"
                     ecep:pron="ðiː">the</w>
                  <c> </c>
                  <w xmlns:ecep="http://www.eighteenthcenturypoetry.org/ns"
                     xml:id="bah18-090300"
                     n="a-0080"
                     ecep:lem="gloomy"
                     ecep:pos="j"
                     ecep:reg="gloomy"
                     ecep:spe="gloomy"
                     ecep:syllab="2"
                     ecep:pron="ˈgluːmi">gloomy</w>
                  <c> </c>
                  <w xmlns:ecep="http://www.eighteenthcenturypoetry.org/ns"
                     xml:id="bah18-090310"
                     n="a-0090"
                     ecep:lem="tyrant"
                     ecep:pos="ng1"
                     ecep:reg="tyrant's"
                     ecep:spe="tyrant's"
                     ecep:syllab="2"
                     ecep:pron="ˈtaɪrəntz">tyrant's</w>
                  <c> </c>
                  <w xmlns:ecep="http://www.eighteenthcenturypoetry.org/ns"
                     xml:id="bah18-090320"
                     n="a-0100"
                     ecep:lem="awful"
                     ecep:pos="j"
                     ecep:reg="awful"
                     ecep:spe="awful"
                     ecep:syllab="2"
                     ecep:pron="ˈɔːfl">awful</w>
                  <c> </c>
                  <w xmlns:ecep="http://www.eighteenthcenturypoetry.org/ns"
                     xml:id="bah18-090330"
                     n="a-0110"
                     ecep:lem="form"
                     ecep:pos="n1"
                     ecep:reg="form"
                     ecep:spe="form"
                     ecep:syllab="1"
                     ecep:pron="fɔːm">form</w>
               </l>
               <l xml:id="bah18-l03980">
                  <c> </c>
                  <w xmlns:ecep="http://www.eighteenthcenturypoetry.org/ns"
                     xml:id="bah18-090340"
                     n="a-0120"
                     ecep:lem="bind"
                     ecep:pos="vvg"
                     ecep:reg="Binding"
                     ecep:spe="Binding"
                     ecep:syllab="2"
                     ecep:pron="baɪndɪŋ">Binding</w>
                  <c> </c>
                  <w xmlns:ecep="http://www.eighteenthcenturypoetry.org/ns"
                     xml:id="bah18-090350"
                     n="a-0130"
                     ecep:lem="the"
                     ecep:pos="dt"
                     ecep:reg="the"
                     ecep:spe="the"
                     ecep:syllab="1"
                     ecep:pron="ðiː">the</w>
                  <c> </c>
                  <w xmlns:ecep="http://www.eighteenthcenturypoetry.org/ns"
                     xml:id="bah18-090360"
                     n="a-0140"
                     ecep:lem="captive"
                     ecep:pos="j-jn"
                     ecep:reg="captive"
                     ecep:spe="captive"
                     ecep:syllab="2"
                     ecep:pron="ˈkæptɪv">captive</w>
                  <c> </c>
                  <w xmlns:ecep="http://www.eighteenthcenturypoetry.org/ns"
                     xml:id="bah18-090370"
                     n="a-0150"
                     ecep:lem="earth"
                     ecep:pos="n1"
                     ecep:reg="earth"
                     ecep:spe="earth"
                     ecep:syllab="1"
                     ecep:pron="ɜːθ">earth</w>
                  <c> </c>
                  <w xmlns:ecep="http://www.eighteenthcenturypoetry.org/ns"
                     xml:id="bah18-090380"
                     n="a-0160"
                     ecep:lem="in"
                     ecep:pos="p-acp"
                     ecep:reg="in"
                     ecep:spe="in"
                     ecep:syllab="1"
                     ecep:pron="ɪn">in</w>
                  <c> </c>
                  <w xmlns:ecep="http://www.eighteenthcenturypoetry.org/ns"
                     xml:id="bah18-090390"
                     n="a-0170"
                     ecep:lem="icy"
                     ecep:pos="j"
                     ecep:reg="icy"
                     ecep:spe="icy"
                     ecep:syllab="2"
                     ecep:pron="ˈaɪsi">icy</w>
                  <c> </c>
                  <w xmlns:ecep="http://www.eighteenthcenturypoetry.org/ns"
                     xml:id="bah18-090400"
                     n="a-0180"
                     ecep:lem="chain"
                     ecep:pos="n2"
                     ecep:reg="chains"
                     ecep:spe="chains"
                     ecep:syllab="1"
                     ecep:pron="tʃeɪnz">chains</w>
                  <pc xmlns:ecep="http://www.eighteenthcenturypoetry.org/ns"
                      xml:id="bah18-090410"
                      n="a-0190"
                      ecep:lem=";"
                      ecep:pos=";"
                      ecep:reg=";"
                      ecep:spe=";">;</pc>
               </l>
               <l xml:id="bah18-l03985">
                  <c> </c>
                  <w xmlns:ecep="http://www.eighteenthcenturypoetry.org/ns"
                     xml:id="bah18-090420"
                     n="a-0200"
                     ecep:lem="his"
                     ecep:pos="po31"
                     ecep:reg="His"
                     ecep:spe="His"
                     ecep:syllab="1"
                     ecep:pron="hɪz">His</w>
                  <c> </c>
                  <w xmlns:ecep="http://www.eighteenthcenturypoetry.org/ns"
                     xml:id="bah18-090430"
                     n="a-0210"
                     ecep:lem="chill"
                     ecep:pos="j-vvg"
                     ecep:reg="chilling"
                     ecep:spe="chilling"
                     ecep:syllab="2"
                     ecep:pron="tʃɪlɪŋ">chilling</w>
                  <c> </c>
                  <w xmlns:ecep="http://www.eighteenthcenturypoetry.org/ns"
                     xml:id="bah18-090440"
                     n="a-0220"
                     ecep:lem="breath"
                     ecep:pos="n1"
                     ecep:reg="breath"
                     ecep:spe="breath"
                     ecep:syllab="1"
                     ecep:pron="breθ">breath</w>
                  <c> </c>
                  <w xmlns:ecep="http://www.eighteenthcenturypoetry.org/ns"
                     xml:id="bah18-090450"
                     n="a-0230"
                     ecep:lem="sweep"
                     ecep:pos="vvz"
                     ecep:reg="sweeps"
                     ecep:spe="sweeps"
                     ecep:syllab="1"
                     ecep:pron="swiːps">sweeps</w>
                  <c> </c>
                  <w xmlns:ecep="http://www.eighteenthcenturypoetry.org/ns"
                     xml:id="bah18-090460"
                     n="a-0240"
                     ecep:lem="over"
                     ecep:pos="p-acp"
                     ecep:reg="over"
                     ecep:spe="o'er"
                     ecep:syllab="1"
                     ecep:pron="ˈɔːə">o'er</w>
                  <c> </c>
                  <w xmlns:ecep="http://www.eighteenthcenturypoetry.org/ns"
                     xml:id="bah18-090470"
                     n="a-0250"
                     ecep:lem="the"
                     ecep:pos="dt"
                     ecep:reg="the"
                     ecep:spe="the"
                     ecep:syllab="1"
                     ecep:pron="ðiː">the</w>
                  <c> </c>
                  <w xmlns:ecep="http://www.eighteenthcenturypoetry.org/ns"
                     xml:id="bah18-090480"
                     n="a-0260"
                     ecep:lem="watery"
                     ecep:pos="j"
                     ecep:reg="watery"
                     ecep:spe="wat'ry"
                     ecep:syllab="2"
                     ecep:pron="ˈwɔːtri">wat'ry</w>
                  <c> </c>
                  <w xmlns:ecep="http://www.eighteenthcenturypoetry.org/ns"
                     xml:id="bah18-090490"
                     n="a-0270"
                     ecep:lem="plain"
                     ecep:pos="n2"
                     ecep:reg="plains"
                     ecep:spe="plains"
                     ecep:syllab="1"
                     ecep:pron="pleɪnz">plains</w>
                  <pc xmlns:ecep="http://www.eighteenthcenturypoetry.org/ns"
                      xml:id="bah18-090500"
                      n="a-0280"
                      ecep:lem=","
                      ecep:pos=","
                      ecep:reg=","
                      ecep:spe=",">,</pc>
               </l>
               <l xml:id="bah18-l03990">
                  <c> </c>
                  <w xmlns:ecep="http://www.eighteenthcenturypoetry.org/ns"
                     xml:id="bah18-090510"
                     n="a-0290"
                     ecep:lem="howl"
                     ecep:pos="vvz"
                     ecep:reg="Howls"
                     ecep:spe="Howls"
                     ecep:syllab="1"
                     ecep:pron="haʊlz">Howls</w>
                  <c> </c>
                  <w xmlns:ecep="http://www.eighteenthcenturypoetry.org/ns"
                     xml:id="bah18-090520"
                     n="a-0300"
                     ecep:lem="in"
                     ecep:pos="p-acp"
                     ecep:reg="in"
                     ecep:spe="in"
                     ecep:syllab="1"
                     ecep:pron="ɪn">in</w>
                  <c> </c>
                  <w xmlns:ecep="http://www.eighteenthcenturypoetry.org/ns"
                     xml:id="bah18-090530"
                     n="a-0310"
                     ecep:lem="the"
                     ecep:pos="dt"
                     ecep:reg="the"
                     ecep:spe="the"
                     ecep:syllab="1"
                     ecep:pron="ðiː">the</w>
                  <c> </c>
                  <w xmlns:ecep="http://www.eighteenthcenturypoetry.org/ns"
                     xml:id="bah18-090540"
                     n="a-0320"
                     ecep:lem="blast"
                     ecep:pos="n1"
                     ecep:reg="blast"
                     ecep:spe="blast"
                     ecep:syllab="1"
                     ecep:pron="blɑːst">blast</w>
                  <pc xmlns:ecep="http://www.eighteenthcenturypoetry.org/ns"
                      xml:id="bah18-090550"
                      n="a-0330"
                      ecep:lem=","
                      ecep:pos=","
                      ecep:reg=","
                      ecep:spe=",">,</pc>
                  <c> </c>
                  <w xmlns:ecep="http://www.eighteenthcenturypoetry.org/ns"
                     xml:id="bah18-090560"
                     n="a-0340"
                     ecep:lem="and"
                     ecep:pos="cc"
                     ecep:reg="and"
                     ecep:spe="and"
                     ecep:syllab="1"
                     ecep:pron="ænd">and</w>
                  <c> </c>
                  <w xmlns:ecep="http://www.eighteenthcenturypoetry.org/ns"
                     xml:id="bah18-090570"
                     n="a-0350"
                     ecep:lem="swell"
                     ecep:pos="vvz"
                     ecep:reg="swells"
                     ecep:spe="swells"
                     ecep:syllab="1"
                     ecep:pron="swelz">swells</w>
                  <c> </c>
                  <w xmlns:ecep="http://www.eighteenthcenturypoetry.org/ns"
                     xml:id="bah18-090580"
                     n="a-0360"
                     ecep:lem="the"
                     ecep:pos="dt"
                     ecep:reg="the"
                     ecep:spe="the"
                     ecep:syllab="1"
                     ecep:pron="ðiː">the</w>
                  <c> </c>
                  <w xmlns:ecep="http://www.eighteenthcenturypoetry.org/ns"
                     xml:id="bah18-090590"
                     n="a-0370"
                     ecep:lem="rise"
                     ecep:pos="j-vvg"
                     ecep:reg="rising"
                     ecep:spe="rising"
                     ecep:syllab="2"
                     ecep:pron="ˈraɪzɪŋ">rising</w>
                  <c> </c>
                  <w xmlns:ecep="http://www.eighteenthcenturypoetry.org/ns"
                     xml:id="bah18-090600"
                     n="a-0380"
                     ecep:lem="storm"
                     ecep:pos="n1"
                     ecep:reg="storm"
                     ecep:spe="storm"
                     ecep:syllab="1"
                     ecep:pron="stɔːm">storm</w>
                  <pc xmlns:ecep="http://www.eighteenthcenturypoetry.org/ns"
                      xml:id="bah18-090610"
                      n="a-0390"
                      unit="sentence"
                      ecep:lem="."
                      ecep:pos="."
                      ecep:reg="."
                      ecep:spe=".">.</pc>
                  <c> </c>
               </l>
            </lg>
            <lg xml:id="bah18-s00615">
               <l xml:id="bah18-l03995">
                  <w xmlns:ecep="http://www.eighteenthcenturypoetry.org/ns"
                     xml:id="bah18-090640"
                     n="a-0400"
                     ecep:lem="see"
                     ecep:pos="vvb"
                     ecep:reg="See"
                     ecep:spe="See"
                     ecep:syllab="1"
                     ecep:pron="siː">See</w>
                  <c> </c>
                  <w xmlns:ecep="http://www.eighteenthcenturypoetry.org/ns"
                     xml:id="bah18-090650"
                     n="a-0410"
                     ecep:lem="from"
                     ecep:pos="p-acp"
                     ecep:reg="from"
                     ecep:spe="from"
                     ecep:syllab="1"
                     ecep:pron="frɒm">from</w>
                  <c> </c>
                  <w xmlns:ecep="http://www.eighteenthcenturypoetry.org/ns"
                     xml:id="bah18-090660"
                     n="a-0420"
                     ecep:lem="its"
                     ecep:pos="po31"
                     ecep:reg="its"
                     ecep:spe="its"
                     ecep:syllab="1"
                     ecep:pron="ɪts">its</w>
                  <c> </c>
                  <w xmlns:ecep="http://www.eighteenthcenturypoetry.org/ns"
                     xml:id="bah18-090670"
                     n="a-0430"
                     ecep:lem="centre"
                     ecep:pos="n1"
                     ecep:reg="centre"
                     ecep:spe="centre"
                     ecep:syllab="2"
                     ecep:pron="ˈsentə">centre</w>
                  <c> </c>
                  <w xmlns:ecep="http://www.eighteenthcenturypoetry.org/ns"
                     xml:id="bah18-090680"
                     n="a-0440"
                     ecep:lem="bend"
                     ecep:pos="vvz"
                     ecep:reg="bends"
                     ecep:spe="bends"
                     ecep:syllab="1"
                     ecep:pron="bendz">bends</w>
                  <c> </c>
                  <w xmlns:ecep="http://www.eighteenthcenturypoetry.org/ns"
                     xml:id="bah18-090690"
                     n="a-0450"
                     ecep:lem="the"
                     ecep:pos="dt"
                     ecep:reg="the"
                     ecep:spe="the"
                     ecep:syllab="1"
                     ecep:pron="ðiː">the</w>
                  <c> </c>
                  <w xmlns:ecep="http://www.eighteenthcenturypoetry.org/ns"
                     xml:id="bah18-090700"
                     n="a-0460"
                     ecep:lem="rift"
                     ecep:pos="j-vvn"
                     ecep:reg="rifted"
                     ecep:spe="rifted"
                     ecep:syllab="2"
                     ecep:pron="rɪftɪd">rifted</w>
                  <c> </c>
                  <w xmlns:ecep="http://www.eighteenthcenturypoetry.org/ns"
                     xml:id="bah18-090710"
                     n="a-0470"
                     ecep:lem="tower"
                     ecep:pos="n1"
                     ecep:reg="tower"
                     ecep:spe="tower"
                     ecep:syllab="1"
                     ecep:pron="ˈtaʊə">tower</w>
                  <pc xmlns:ecep="http://www.eighteenthcenturypoetry.org/ns"
                      xml:id="bah18-090720"
                      n="a-0480"
                      ecep:lem=","
                      ecep:pos=","
                      ecep:reg=","
                      ecep:spe=",">,</pc>
               </l>
               <l xml:id="bah18-l04000">
                  <c> </c>
                  <w xmlns:ecep="http://www.eighteenthcenturypoetry.org/ns"
                     xml:id="bah18-090730"
                     n="a-0490"
                     ecep:lem="threaten"
                     ecep:pos="vvg"
                     ecep:reg="Threatening"
                     ecep:spe="Threat'ning"
                     ecep:syllab="2"
                     ecep:pron="ˈθretnɪŋ">Threat'ning</w>
                  <c> </c>
                  <w xmlns:ecep="http://www.eighteenthcenturypoetry.org/ns"
                     xml:id="bah18-090740"
                     n="a-0500"
                     ecep:lem="the"
                     ecep:pos="dt"
                     ecep:reg="the"
                     ecep:spe="the"
                     ecep:syllab="1"
                     ecep:pron="ðiː">the</w>
                  <c> </c>
                  <w xmlns:ecep="http://www.eighteenthcenturypoetry.org/ns"
                     xml:id="bah18-090750"
                     n="a-0510"
                     ecep:lem="lowly"
                     ecep:pos="j"
                     ecep:reg="lowly"
                     ecep:spe="lowly"
                     ecep:syllab="2"
                     ecep:pron="ˈləʊli">lowly</w>
                  <c> </c>
                  <w xmlns:ecep="http://www.eighteenthcenturypoetry.org/ns"
                     xml:id="bah18-090760"
                     n="a-0520"
                     ecep:lem="vale"
                     ecep:pos="n1"
                     ecep:reg="vale"
                     ecep:spe="vale"
                     ecep:syllab="1"
                     ecep:pron="ˈvɑːleɪ">vale</w>
                  <c> </c>
                  <w xmlns:ecep="http://www.eighteenthcenturypoetry.org/ns"
                     xml:id="bah18-090770"
                     n="a-0530"
                     ecep:lem="with"
                     ecep:pos="p-acp"
                     ecep:reg="with"
                     ecep:spe="with"
                     ecep:syllab="1"
                     ecep:pron="wɪð">with</w>
                  <c> </c>
                  <w xmlns:ecep="http://www.eighteenthcenturypoetry.org/ns"
                     xml:id="bah18-090780"
                     n="a-0540"
                     ecep:lem="frown"
                     ecep:pos="j-vvg"
                     ecep:reg="frowning"
                     ecep:spe="frowning"
                     ecep:syllab="2"
                     ecep:pron="fraʊnɪŋ">frowning</w>
                  <c> </c>
                  <w xmlns:ecep="http://www.eighteenthcenturypoetry.org/ns"
                     xml:id="bah18-090790"
                     n="a-0550"
                     ecep:lem="pride"
                     ecep:pos="n1"
                     ecep:reg="pride"
                     ecep:spe="pride"
                     ecep:syllab="1"
                     ecep:pron="praɪd">pride</w>
                  <pc xmlns:ecep="http://www.eighteenthcenturypoetry.org/ns"
                      xml:id="bah18-090800"
                      n="a-0560"
                      ecep:lem=","
                      ecep:pos=","
                      ecep:reg=","
                      ecep:spe=",">,</pc>
               </l>
               <l xml:id="bah18-l04005">
                  <c> </c>
                  <w xmlns:ecep="http://www.eighteenthcenturypoetry.org/ns"
                     xml:id="bah18-090810"
                     n="a-0570"
                     ecep:lem="over"
                     ecep:pos="p-acp"
                     ecep:reg="Over"
                     ecep:spe="O'er"
                     ecep:syllab="1"
                     ecep:pron="ˈɔːə">O'er</w>
                  <c> </c>
                  <w xmlns:ecep="http://www.eighteenthcenturypoetry.org/ns"
                     xml:id="bah18-090820"
                     n="a-0580"
                     ecep:lem="the"
                     ecep:pos="dt"
                     ecep:reg="the"
                     ecep:spe="the"
                     ecep:syllab="1"
                     ecep:pron="ðiː">the</w>
                  <c> </c>
                  <w xmlns:ecep="http://www.eighteenthcenturypoetry.org/ns"
                     xml:id="bah18-090830"
                     n="a-0590"
                     ecep:lem="scar"
                     ecep:pos="j-vvn"
                     ecep:reg="scared"
                     ecep:spe="scar'd"
                     ecep:syllab="1"
                     ecep:pron="skeəd">scar'd</w>
                  <c> </c>
                  <w xmlns:ecep="http://www.eighteenthcenturypoetry.org/ns"
                     xml:id="bah18-090840"
                     n="a-0600"
                     ecep:lem="flock"
                     ecep:pos="n2"
                     ecep:reg="flocks"
                     ecep:spe="flocks"
                     ecep:syllab="1"
                     ecep:pron="flɒks">flocks</w>
                  <c> </c>
                  <w xmlns:ecep="http://www.eighteenthcenturypoetry.org/ns"
                     xml:id="bah18-090850"
                     n="a-0610"
                     ecep:lem="that"
                     ecep:pos="cst"
                     ecep:reg="that"
                     ecep:spe="that"
                     ecep:syllab="1"
                     ecep:pron="ðæt">that</w>
                  <c> </c>
                  <w xmlns:ecep="http://www.eighteenthcenturypoetry.org/ns"
                     xml:id="bah18-090860"
                     n="a-0620"
                     ecep:lem="seek"
                     ecep:pos="vvb"
                     ecep:reg="seek"
                     ecep:spe="seek"
                     ecep:syllab="1"
                     ecep:pron="siːk">seek</w>
                  <c> </c>
                  <w xmlns:ecep="http://www.eighteenthcenturypoetry.org/ns"
                     xml:id="bah18-090870"
                     n="a-0630"
                     ecep:lem="its"
                     ecep:pos="po31"
                     ecep:reg="its"
                     ecep:spe="its"
                     ecep:syllab="1"
                     ecep:pron="ɪts">its</w>
                  <c> </c>
                  <w xmlns:ecep="http://www.eighteenthcenturypoetry.org/ns"
                     xml:id="bah18-090880"
                     n="a-0640"
                     ecep:lem="shelter"
                     ecep:pos="j-vvg"
                     ecep:reg="sheltering"
                     ecep:spe="shelt'ring"
                     ecep:syllab="2"
                     ecep:pron="ʃˈeltrɪŋ">shelt'ring</w>
                  <c> </c>
                  <w xmlns:ecep="http://www.eighteenthcenturypoetry.org/ns"
                     xml:id="bah18-090890"
                     n="a-0650"
                     ecep:lem="side"
                     ecep:pos="n1"
                     ecep:reg="side"
                     ecep:spe="side"
                     ecep:syllab="1"
                     ecep:pron="saɪd">side</w>
                  <pc xmlns:ecep="http://www.eighteenthcenturypoetry.org/ns"
                      xml:id="bah18-090900"
                      n="a-0660"
                      ecep:lem=","
                      ecep:pos=","
                      ecep:reg=","
                      ecep:spe=",">,</pc>
               </l>
               <l xml:id="bah18-l04010">
                  <c> </c>
                  <w xmlns:ecep="http://www.eighteenthcenturypoetry.org/ns"
                     xml:id="bah18-090910"
                     n="a-0670"
                     ecep:lem="a"
                     ecep:pos="dt"
                     ecep:reg="A"
                     ecep:spe="A"
                     ecep:syllab="1"
                     ecep:pron="ə">A</w>
                  <c> </c>
                  <w xmlns:ecep="http://www.eighteenthcenturypoetry.org/ns"
                     xml:id="bah18-090920"
                     n="a-0680"
                     ecep:lem="fearful"
                     ecep:pos="j"
                     ecep:reg="fearful"
                     ecep:spe="fearful"
                     ecep:syllab="2"
                     ecep:pron="ˈfɪəfl">fearful</w>
                  <c> </c>
                  <w xmlns:ecep="http://www.eighteenthcenturypoetry.org/ns"
                     xml:id="bah18-090930"
                     n="a-0690"
                     ecep:lem="ruin"
                     ecep:pos="n1"
                     ecep:reg="ruin"
                     ecep:spe="ruin"
                     ecep:syllab="2"
                     ecep:pron="ˈruːɪn">ruin</w>
                  <c> </c>
                  <w xmlns:ecep="http://www.eighteenthcenturypoetry.org/ns"
                     xml:id="bah18-090940"
                     n="a-0700"
                     ecep:lem="over"
                     ecep:pos="p-acp"
                     ecep:reg="over"
                     ecep:spe="o'er"
                     ecep:syllab="1"
                     ecep:pron="ˈɔːə">o'er</w>
                  <c> </c>
                  <w xmlns:ecep="http://www.eighteenthcenturypoetry.org/ns"
                     xml:id="bah18-090950"
                     n="a-0710"
                     ecep:lem="their"
                     ecep:pos="po32"
                     ecep:reg="their"
                     ecep:spe="their"
                     ecep:syllab="1"
                     ecep:pron="ðeə">their</w>
                  <c> </c>
                  <w xmlns:ecep="http://www.eighteenthcenturypoetry.org/ns"
                     xml:id="bah18-090960"
                     n="a-0720"
                     ecep:lem="head"
                     ecep:pos="n2"
                     ecep:reg="heads"
                     ecep:spe="heads"
                     ecep:syllab="1"
                     ecep:pron="hedz">heads</w>
                  <c> </c>
                  <w xmlns:ecep="http://www.eighteenthcenturypoetry.org/ns"
                     xml:id="bah18-090970"
                     n="a-0730"
                     ecep:lem="to"
                     ecep:pos="pc-acp"
                     ecep:reg="to"
                     ecep:spe="to"
                     ecep:syllab="1"
                     ecep:pron="tuː">to</w>
                  <c> </c>
                  <w xmlns:ecep="http://www.eighteenthcenturypoetry.org/ns"
                     xml:id="bah18-090980"
                     n="a-0740"
                     ecep:lem="pour"
                     ecep:pos="vvi"
                     ecep:reg="pour"
                     ecep:spe="pour"
                     ecep:syllab="1"
                     ecep:pron="pɔː">pour</w>
                  <pc xmlns:ecep="http://www.eighteenthcenturypoetry.org/ns"
                      xml:id="bah18-090990"
                      n="a-0750"
                      unit="sentence"
                      ecep:lem="."
                      ecep:pos="."
                      ecep:reg="."
                      ecep:spe=".">.</pc>
                  <c> </c>
               </l>
            </lg>
            <lg xml:id="bah18-s00620">
               <l xml:id="bah18-l04015">
                  <w xmlns:ecep="http://www.eighteenthcenturypoetry.org/ns"
                     xml:id="bah18-091020"
                     n="a-0760"
                     ecep:lem="while"
                     ecep:pos="cs"
                     ecep:reg="While"
                     ecep:spe="While"
                     ecep:syllab="1"
                     ecep:pron="ˈwaɪl">While</w>
                  <c> </c>
                  <w xmlns:ecep="http://www.eighteenthcenturypoetry.org/ns"
                     xml:id="bah18-091030"
                     n="a-0770"
                     ecep:lem="to"
                     ecep:pos="p-acp"
                     ecep:reg="to"
                     ecep:spe="to"
                     ecep:syllab="1"
                     ecep:pron="tuː">to</w>
                  <c> </c>
                  <w xmlns:ecep="http://www.eighteenthcenturypoetry.org/ns"
                     xml:id="bah18-091040"
                     n="a-0780"
                     ecep:lem="the"
                     ecep:pos="dt"
                     ecep:reg="the"
                     ecep:spe="the"
                     ecep:syllab="1"
                     ecep:pron="ðiː">the</w>
                  <c> </c>
                  <w xmlns:ecep="http://www.eighteenthcenturypoetry.org/ns"
                     xml:id="bah18-091050"
                     n="a-0790"
                     ecep:lem="cheerful"
                     ecep:pos="j"
                     ecep:reg="cheerful"
                     ecep:spe="cheerful"
                     ecep:syllab="2"
                     ecep:pron="ˈtʃɪəfl">cheerful</w>
                  <c> </c>
                  <w xmlns:ecep="http://www.eighteenthcenturypoetry.org/ns"
                     xml:id="bah18-091060"
                     n="a-0800"
                     ecep:lem="hearth"
                     ecep:pos="n1"
                     ecep:reg="hearth"
                     ecep:spe="hearth"
                     ecep:syllab="1"
                     ecep:pron="hɑːθ">hearth</w>
                  <c> </c>
                  <w xmlns:ecep="http://www.eighteenthcenturypoetry.org/ns"
                     xml:id="bah18-091070"
                     n="a-0810"
                     ecep:lem="and"
                     ecep:pos="cc"
                     ecep:reg="and"
                     ecep:spe="and"
                     ecep:syllab="1"
                     ecep:pron="ænd">and</w>
                  <c> </c>
                  <w xmlns:ecep="http://www.eighteenthcenturypoetry.org/ns"
                     xml:id="bah18-091080"
                     n="a-0820"
                     ecep:lem="social"
                     ecep:pos="j"
                     ecep:reg="social"
                     ecep:spe="social"
                     ecep:syllab="2"
                     ecep:pron="ˈsəʊʃl">social</w>
                  <c> </c>
                  <w xmlns:ecep="http://www.eighteenthcenturypoetry.org/ns"
                     xml:id="bah18-091090"
                     n="a-0830"
                     ecep:lem="board"
                     ecep:pos="n1"
                     ecep:reg="board"
                     ecep:spe="board"
                     ecep:syllab="1"
                     ecep:pron="bɔːd">board</w>
               </l>
               <l xml:id="bah18-l04020">
                  <c> </c>
                  <w xmlns:ecep="http://www.eighteenthcenturypoetry.org/ns"
                     xml:id="bah18-091100"
                     n="a-0840"
                     ecep:lem="content"
                     ecep:pos="j"
                     ecep:reg="Content"
                     ecep:spe="Content"
                     ecep:syllab="2"
                     ecep:pron="ˈkɒntent">Content</w>
                  <c> </c>
                  <w xmlns:ecep="http://www.eighteenthcenturypoetry.org/ns"
                     xml:id="bah18-091110"
                     n="a-0850"
                     ecep:lem="and"
                     ecep:pos="cc"
                     ecep:reg="and"
                     ecep:spe="and"
                     ecep:syllab="1"
                     ecep:pron="ænd">and</w>
                  <c> </c>
                  <w xmlns:ecep="http://www.eighteenthcenturypoetry.org/ns"
                     xml:id="bah18-091120"
                     n="a-0860"
                     ecep:lem="ease"
                     ecep:pos="n1"
                     ecep:reg="ease"
                     ecep:spe="ease"
                     ecep:syllab="1"
                     ecep:pron="iːz">ease</w>
                  <c> </c>
                  <w xmlns:ecep="http://www.eighteenthcenturypoetry.org/ns"
                     xml:id="bah18-091130"
                     n="a-0870"
                     ecep:lem="repair"
                     ecep:pos="vvi"
                     ecep:reg="repair"
                     ecep:spe="repair"
                     ecep:syllab="2"
                     ecep:pron="rɪˈpeə">repair</w>
                  <pc xmlns:ecep="http://www.eighteenthcenturypoetry.org/ns"
                      xml:id="bah18-091140"
                      n="a-0880"
                      ecep:lem=","
                      ecep:pos=","
                      ecep:reg=","
                      ecep:spe=",">,</pc>
                  <c> </c>
                  <w xmlns:ecep="http://www.eighteenthcenturypoetry.org/ns"
                     xml:id="bah18-091150"
                     n="a-0890"
                     ecep:lem="the"
                     ecep:pos="dt"
                     ecep:reg="the"
                     ecep:spe="the"
                     ecep:syllab="1"
                     ecep:pron="ðiː">the</w>
                  <c> </c>
                  <w xmlns:ecep="http://www.eighteenthcenturypoetry.org/ns"
                     xml:id="bah18-091160"
                     n="a-0900"
                     ecep:lem="son"
                     ecep:pos="n2"
                     ecep:reg="sons"
                     ecep:spe="sons"
                     ecep:syllab="1"
                     ecep:pron="sʌnz">sons</w>
                  <c> </c>
                  <w xmlns:ecep="http://www.eighteenthcenturypoetry.org/ns"
                     xml:id="bah18-091170"
                     n="a-0910"
                     ecep:lem="of"
                     ecep:pos="pp-f"
                     ecep:reg="of"
                     ecep:spe="of"
                     ecep:syllab="1"
                     ecep:pron="ɒv">of</w>
                  <c> </c>
                  <w xmlns:ecep="http://www.eighteenthcenturypoetry.org/ns"
                     xml:id="bah18-091180"
                     n="a-0920"
                     ecep:lem="want"
                     ecep:pos="n1"
                     ecep:reg="want"
                     ecep:spe="want"
                     ecep:syllab="1"
                     ecep:pron="wɒnt">want</w>
               </l>
               <l xml:id="bah18-l04025">
                  <c> </c>
                  <w xmlns:ecep="http://www.eighteenthcenturypoetry.org/ns"
                     xml:id="bah18-091190"
                     n="a-0930"
                     ecep:lem="receive"
                     ecep:pos="vvb"
                     ecep:reg="Receive"
                     ecep:spe="Receive"
                     ecep:syllab="2"
                     ecep:pron="rɪˈsiːv">Receive</w>
                  <c> </c>
                  <w xmlns:ecep="http://www.eighteenthcenturypoetry.org/ns"
                     xml:id="bah18-091200"
                     n="a-0940"
                     ecep:lem="from"
                     ecep:pos="p-acp"
                     ecep:reg="from"
                     ecep:spe="from"
                     ecep:syllab="1"
                     ecep:pron="frɒm">from</w>
                  <c> </c>
                  <w xmlns:ecep="http://www.eighteenthcenturypoetry.org/ns"
                     xml:id="bah18-091210"
                     n="a-0950"
                     ecep:lem="niggard"
                     ecep:pos="n1"
                     ecep:reg="niggard"
                     ecep:spe="niggard"
                     ecep:syllab="2"
                     ecep:pron="ˈnɪgəd">niggard</w>
                  <c> </c>
                  <w xmlns:ecep="http://www.eighteenthcenturypoetry.org/ns"
                     xml:id="bah18-091220"
                     n="a-0960"
                     ecep:lem="fate"
                     ecep:pos="n1"
                     ecep:reg="fate"
                     ecep:spe="fate"
                     ecep:syllab="1"
                     ecep:pron="feɪt">fate</w>
                  <c> </c>
                  <w xmlns:ecep="http://www.eighteenthcenturypoetry.org/ns"
                     xml:id="bah18-091230"
                     n="a-0970"
                     ecep:lem="their"
                     ecep:pos="po32"
                     ecep:reg="their"
                     ecep:spe="their"
                     ecep:syllab="1"
                     ecep:pron="ðeə">their</w>
                  <c> </c>
                  <w xmlns:ecep="http://www.eighteenthcenturypoetry.org/ns"
                     xml:id="bah18-091240"
                     n="a-0980"
                     ecep:lem="pittance"
                     ecep:pos="n1"
                     ecep:reg="pittance"
                     ecep:spe="pittance"
                     ecep:syllab="2"
                     ecep:pron="ˈpɪtns">pittance</w>
                  <c> </c>
                  <w xmlns:ecep="http://www.eighteenthcenturypoetry.org/ns"
                     xml:id="bah18-091250"
                     n="a-0990"
                     ecep:lem="scant"
                     ecep:pos="j"
                     ecep:reg="scant"
                     ecep:spe="scant"
                     ecep:syllab="1"
                     ecep:pron="skænt">scant</w>
                  <pc xmlns:ecep="http://www.eighteenthcenturypoetry.org/ns"
                      xml:id="bah18-091260"
                      n="a-1000"
                      ecep:lem=";"
                      ecep:pos=";"
                      ecep:reg=";"
                      ecep:spe=";">;</pc>
               </l>
               <l xml:id="bah18-l04030">
                  <c> </c>
                  <w xmlns:ecep="http://www.eighteenthcenturypoetry.org/ns"
                     xml:id="bah18-091270"
                     n="a-1010"
                     ecep:lem="and"
                     ecep:pos="cc"
                     ecep:reg="And"
                     ecep:spe="And"
                     ecep:syllab="1"
                     ecep:pron="ænd">And</w>
                  <c> </c>
                  <w xmlns:ecep="http://www.eighteenthcenturypoetry.org/ns"
                     xml:id="bah18-091280"
                     n="a-1020"
                     ecep:lem="where"
                     ecep:pos="c-crq"
                     ecep:reg="where"
                     ecep:spe="where"
                     ecep:syllab="1"
                     ecep:pron="weə">where</w>
                  <c> </c>
                  <w xmlns:ecep="http://www.eighteenthcenturypoetry.org/ns"
                     xml:id="bah18-091290"
                     n="a-1030"
                     ecep:lem="some"
                     ecep:pos="d"
                     ecep:reg="some"
                     ecep:spe="some"
                     ecep:syllab="1"
                     ecep:pron="sʌm">some</w>
                  <c> </c>
                  <w xmlns:ecep="http://www.eighteenthcenturypoetry.org/ns"
                     xml:id="bah18-091300"
                     n="a-1040"
                     ecep:lem="shed"
                     ecep:pos="vvd"
                     ecep:reg="shed"
                     ecep:spe="shed"
                     ecep:syllab="1"
                     ecep:pron="ʃed">shed</w>
                  <c> </c>
                  <w xmlns:ecep="http://www.eighteenthcenturypoetry.org/ns"
                     xml:id="bah18-091310"
                     n="a-1050"
                     ecep:lem="bleak"
                     ecep:pos="j"
                     ecep:reg="bleak"
                     ecep:spe="bleak"
                     ecep:syllab="1"
                     ecep:pron="bliːk">bleak</w>
                  <c> </c>
                  <w xmlns:ecep="http://www.eighteenthcenturypoetry.org/ns"
                     xml:id="bah18-091320"
                     n="a-1060"
                     ecep:lem="covert"
                     ecep:pos="n1"
                     ecep:reg="covert"
                     ecep:spe="covert"
                     ecep:syllab="2"
                     ecep:pron="ˈkəʊvɜːt">covert</w>
                  <c> </c>
                  <w xmlns:ecep="http://www.eighteenthcenturypoetry.org/ns"
                     xml:id="bah18-091330"
                     n="a-1070"
                     ecep:lem="may"
                     ecep:pos="vmb"
                     ecep:reg="may"
                     ecep:spe="may"
                     ecep:syllab="1"
                     ecep:pron="meɪ">may</w>
                  <c> </c>
                  <w xmlns:ecep="http://www.eighteenthcenturypoetry.org/ns"
                     xml:id="bah18-091340"
                     n="a-1080"
                     ecep:lem="afford"
                     ecep:pos="vvi"
                     ecep:reg="afford"
                     ecep:spe="afford"
                     ecep:syllab="2"
                     ecep:pron="əˈfɔːd">afford</w>
                  <pc xmlns:ecep="http://www.eighteenthcenturypoetry.org/ns"
                      xml:id="bah18-091350"
                      n="a-1090"
                      ecep:lem=","
                      ecep:pos=","
                      ecep:reg=","
                      ecep:spe=",">,</pc>
               </l>
               <l xml:id="bah18-l04035">
                  <c> </c>
                  <w xmlns:ecep="http://www.eighteenthcenturypoetry.org/ns"
                     xml:id="bah18-091360"
                     n="a-1100"
                     ecep:lem="wan"
                     ecep:pos="j"
                     ecep:reg="Won"
                     ecep:spe="Wan"
                     ecep:syllab="1"
                     ecep:pron="wɒn">Wan</w>
                  <c> </c>
                  <w xmlns:ecep="http://www.eighteenthcenturypoetry.org/ns"
                     xml:id="bah18-091370"
                     n="a-1110"
                     ecep:lem="poverty"
                     ecep:pos="n1"
                     ecep:reg="poverty"
                     ecep:spe="poverty"
                     ecep:syllab="3"
                     ecep:pron="ˈpɒvəti">poverty</w>
                  <pc xmlns:ecep="http://www.eighteenthcenturypoetry.org/ns"
                      xml:id="bah18-091380"
                      n="a-1120"
                      ecep:lem=","
                      ecep:pos=","
                      ecep:reg=","
                      ecep:spe=",">,</pc>
                  <c> </c>
                  <w xmlns:ecep="http://www.eighteenthcenturypoetry.org/ns"
                     xml:id="bah18-091390"
                     n="a-1130"
                     ecep:lem="amid"
                     ecep:pos="p-acp"
                     ecep:reg="amid"
                     ecep:spe="amidst"
                     ecep:syllab="2"
                     ecep:pron="əˈmɪdst">amidst</w>
                  <c> </c>
                  <w xmlns:ecep="http://www.eighteenthcenturypoetry.org/ns"
                     xml:id="bah18-091400"
                     n="a-1140"
                     ecep:lem="her"
                     ecep:pos="po31"
                     ecep:reg="her"
                     ecep:spe="her"
                     ecep:syllab="1"
                     ecep:pron="hɜː">her</w>
                  <c> </c>
                  <w xmlns:ecep="http://www.eighteenthcenturypoetry.org/ns"
                     xml:id="bah18-091410"
                     n="a-1150"
                     ecep:lem="meager"
                     ecep:pos="j"
                     ecep:reg="meagre"
                     ecep:spe="meagre"
                     ecep:syllab="2"
                     ecep:pron="ˈmiːgə">meagre</w>
                  <c> </c>
                  <w xmlns:ecep="http://www.eighteenthcenturypoetry.org/ns"
                     xml:id="bah18-091420"
                     n="a-1160"
                     ecep:lem="host"
                     ecep:pos="n1"
                     ecep:reg="host"
                     ecep:spe="host"
                     ecep:syllab="1"
                     ecep:pron="həʊst">host</w>
                  <pc xmlns:ecep="http://www.eighteenthcenturypoetry.org/ns"
                      xml:id="bah18-091430"
                      n="a-1170"
                      ecep:lem=","
                      ecep:pos=","
                      ecep:reg=","
                      ecep:spe=",">,</pc>
               </l>
               <l xml:id="bah18-l04040">
                  <c> </c>
                  <w xmlns:ecep="http://www.eighteenthcenturypoetry.org/ns"
                     xml:id="bah18-091440"
                     n="a-1180"
                     ecep:lem="cast"
                     ecep:pos="vvz"
                     ecep:reg="Casts"
                     ecep:spe="Casts"
                     ecep:syllab="1"
                     ecep:pron="kɑːsts">Casts</w>
                  <c> </c>
                  <w xmlns:ecep="http://www.eighteenthcenturypoetry.org/ns"
                     xml:id="bah18-091450"
                     n="a-1190"
                     ecep:lem="round"
                     ecep:pos="av-j"
                     ecep:reg="round"
                     ecep:spe="round"
                     ecep:syllab="1"
                     ecep:pron="raʊnd">round</w>
                  <c> </c>
                  <w xmlns:ecep="http://www.eighteenthcenturypoetry.org/ns"
                     xml:id="bah18-091460"
                     n="a-1200"
                     ecep:lem="her"
                     ecep:pos="po31"
                     ecep:reg="her"
                     ecep:spe="her"
                     ecep:syllab="1"
                     ecep:pron="hɜː">her</w>
                  <c> </c>
                  <w xmlns:ecep="http://www.eighteenthcenturypoetry.org/ns"
                     xml:id="bah18-091470"
                     n="a-1210"
                     ecep:lem="haggard"
                     ecep:pos="j"
                     ecep:reg="haggard"
                     ecep:spe="haggard"
                     ecep:syllab="2"
                     ecep:pron="ˈhægəd">haggard</w>
                  <c> </c>
                  <w xmlns:ecep="http://www.eighteenthcenturypoetry.org/ns"
                     xml:id="bah18-091480"
                     n="a-1220"
                     ecep:lem="eye"
                     ecep:pos="n2"
                     ecep:reg="eyes"
                     ecep:spe="eyes"
                     ecep:syllab="1"
                     ecep:pron="aɪz">eyes</w>
                  <pc xmlns:ecep="http://www.eighteenthcenturypoetry.org/ns"
                      xml:id="bah18-091490"
                      n="a-1230"
                      ecep:lem=","
                      ecep:pos=","
                      ecep:reg=","
                      ecep:spe=",">,</pc>
                  <c> </c>
                  <w xmlns:ecep="http://www.eighteenthcenturypoetry.org/ns"
                     xml:id="bah18-091500"
                     n="a-1240"
                     ecep:lem="and"
                     ecep:pos="cc"
                     ecep:reg="and"
                     ecep:spe="and"
                     ecep:syllab="1"
                     ecep:pron="ænd">and</w>
                  <c> </c>
                  <w xmlns:ecep="http://www.eighteenthcenturypoetry.org/ns"
                     xml:id="bah18-091510"
                     n="a-1250"
                     ecep:lem="shiver"
                     ecep:pos="vvz"
                     ecep:reg="shivers"
                     ecep:spe="shivers"
                     ecep:syllab="2"
                     ecep:pron="ˈʃɪvəz">shivers</w>
                  <c> </c>
                  <w xmlns:ecep="http://www.eighteenthcenturypoetry.org/ns"
                     xml:id="bah18-091520"
                     n="a-1260"
                     ecep:lem="at"
                     ecep:pos="p-acp"
                     ecep:reg="at"
                     ecep:spe="at"
                     ecep:syllab="1"
                     ecep:pron="æt">at</w>
                  <c> </c>
                  <w xmlns:ecep="http://www.eighteenthcenturypoetry.org/ns"
                     xml:id="bah18-091530"
                     n="a-1270"
                     ecep:lem="the"
                     ecep:pos="dt"
                     ecep:reg="the"
                     ecep:spe="the"
                     ecep:syllab="1"
                     ecep:pron="ðiː">the</w>
                  <c> </c>
                  <w xmlns:ecep="http://www.eighteenthcenturypoetry.org/ns"
                     xml:id="bah18-091540"
                     n="a-1280"
                     ecep:lem="frost"
                     ecep:pos="n1"
                     ecep:reg="frost"
                     ecep:spe="frost"
                     ecep:syllab="1"
                     ecep:pron="frɒst">frost</w>
                  <pc xmlns:ecep="http://www.eighteenthcenturypoetry.org/ns"
                      xml:id="bah18-091550"
                      n="a-1290"
                      unit="sentence"
                      ecep:lem="."
                      ecep:pos="."
                      ecep:reg="."
                      ecep:spe=".">.</pc>
                  <c> </c>
               </l>
            </lg>
         </div>
      </body>
   </text>
</TEI>
