<?xml version="1.0" encoding="UTF-8"?>
<div xmlns:ecep="http://www.eighteenthcenturypoetry.org/ns"
     xmlns="http://www.tei-c.org/ns/1.0"
     xmlns:tei="http://www.tei-c.org/ns/1.0"
     ana="#iamb #pentameter #couplet #heroiccouplet #pair"
     corresp="#txt_LeapMa1722_w0058"
     decls="#semi-normalized"
     ecep:syllab="10"
     met="-+|-+|-+|-+|-+/"
     rendition="#lgvspace"
     rhyme="aa"
     subtype="eceptext"
     type="poem"
     xml:id="o5125-w0580">
   <link target="authors.xml#aut_LeapMa1722" type="author"/>
   <head type="main">
      <w xml:id="o5125-475900"
         n="265-a-0540"
         ecep:lem="proserpine"
         ecep:pos="npg1"
         ecep:reg="PROSERPINE'S"
         ecep:spe="PROSERPINE'S"
         ecep:syllab="4"
         ecep:pron="prəˈsɜːpɪnəz">PROSERPINE'S</w>
      <c> </c>
      <w xml:id="o5125-475910"
         n="265-a-0550"
         ecep:lem="ragout"
         ecep:pos="n1"
         ecep:reg="RAGOUT"
         ecep:spe="RAGOUT"
         ecep:syllab="2"
         ecep:pron="rægˈuː">RAGOUT</w>
      <pc xml:id="o5125-475920"
          n="265-a-0560"
          unit="sentence"
          ecep:lem="."
          ecep:pos="."
          ecep:reg="."
          ecep:spe=".">.</pc>
   </head>
   <lg xml:id="o5125-s01785">
      <l xml:id="o5125-l23640">
         <w xml:id="o5125-475950"
            n="265-a-0570"
            ecep:lem="as"
            ecep:pos="c-acp"
            ecep:reg="AS"
            ecep:spe="AS"
            ecep:syllab="1"
            ecep:pron="æz">AS</w>
         <c> </c>
         <w xml:id="o5125-475960"
            n="265-a-0580"
            ecep:lem="once"
            ecep:pos="a-acp"
            ecep:reg="once"
            ecep:spe="once"
            ecep:syllab="1"
            ecep:pron="wʌns">once</w>
         <c> </c>
         <w xml:id="o5125-475970"
            n="265-a-0590"
            ecep:lem="grave"
            ecep:pos="j"
            ecep:reg="grave"
            ecep:spe="grave"
            ecep:syllab="1"
            ecep:pron="grɑːv">grave</w>
         <c> </c>
         <hi>
            <w xml:id="o5125-475980"
               n="265-a-0600"
               ecep:lem="Pluto"
               ecep:pos="np1"
               ecep:reg="Pluto"
               ecep:spe="Pluto"
               ecep:syllab="2"
               ecep:pron="ˈpluːtəʊ">Pluto</w>
         </hi>
         <c> </c>
         <w xml:id="o5125-475990"
            n="265-a-0610"
            ecep:lem="drive"
            ecep:pos="vvd"
            ecep:reg="drove"
            ecep:spe="drove"
            ecep:syllab="1"
            ecep:pron="drəʊv">drove</w>
         <c> </c>
         <w xml:id="o5125-476000"
            n="265-a-0620"
            ecep:lem="his"
            ecep:pos="po31"
            ecep:reg="his"
            ecep:spe="his"
            ecep:syllab="1"
            ecep:pron="hɪz">his</w>
         <c> </c>
         <w xml:id="o5125-476010"
            n="265-a-0630"
            ecep:lem="royal"
            ecep:pos="j"
            ecep:reg="royal"
            ecep:spe="royal"
            ecep:syllab="2"
            ecep:pron="ˈrɔɪəl">royal</w>
         <c> </c>
         <w xml:id="o5125-476020"
            n="265-a-0640"
            ecep:lem="wheel"
            ecep:pos="n2"
            ecep:reg="Wheels"
            ecep:spe="Wheels"
            ecep:syllab="1"
            ecep:pron="wiːlz">Wheels</w>
         <pc xml:id="o5125-476030"
             n="265-a-0650"
             ecep:lem=","
             ecep:pos=","
             ecep:reg=","
             ecep:spe=",">,</pc>
      </l>
      <l xml:id="o5125-l23645">
         <c> </c>
         <w xml:id="o5125-476040"
            n="265-a-0660"
            ecep:lem="over"
            ecep:pos="p-acp"
            ecep:reg="Over"
            ecep:spe="O'er"
            ecep:syllab="1"
            ecep:pron="ˈɔːə">O'er</w>
         <c> </c>
         <w xml:id="o5125-476050"
            n="265-a-0670"
            ecep:lem="the"
            ecep:pos="dt"
            ecep:reg="the"
            ecep:spe="the"
            ecep:syllab="1"
            ecep:pron="ðiː">the</w>
         <c> </c>
         <w xml:id="o5125-476060"
            n="265-a-0680"
            ecep:lem="large"
            ecep:pos="j"
            ecep:reg="large"
            ecep:spe="large"
            ecep:syllab="1"
            ecep:pron="lɑːdʒ">large</w>
         <c> </c>
         <w xml:id="o5125-476070"
            n="265-a-0690"
            ecep:lem="confine"
            ecep:pos="n2"
            ecep:reg="Confines"
            ecep:spe="Confines"
            ecep:syllab="2"
            ecep:pron="ˈkɒnfaɪnz">Confines</w>
         <c> </c>
         <w xml:id="o5125-476080"
            n="265-a-0700"
            ecep:lem="of"
            ecep:pos="pp-f"
            ecep:reg="of"
            ecep:spe="of"
            ecep:syllab="1"
            ecep:pron="ɒv">of</w>
         <c> </c>
         <w xml:id="o5125-476090"
            n="265-a-0710"
            ecep:lem="the"
            ecep:pos="dt"
            ecep:reg="the"
            ecep:spe="the"
            ecep:syllab="1"
            ecep:pron="ðiː">the</w>
         <c> </c>
         <hi>
            <w xml:id="o5125-476100"
               n="265-a-0720"
               ecep:lem="Stygian"
               ecep:pos="np1"
               ecep:reg="Stygian"
               ecep:spe="Stygian"
               ecep:syllab="3"
               ecep:pron="ˈstɪdʒiən">Stygian</w>
         </hi>
         <c> </c>
         <w xml:id="o5125-476110"
            n="265-a-0730"
            ecep:lem="field"
            ecep:pos="n2"
            ecep:reg="Fields"
            ecep:spe="Fields"
            ecep:syllab="1"
            ecep:pron="ˈfiːldz">Fields</w>
         <pc xml:id="o5125-476120"
             n="265-a-0740"
             ecep:lem=":"
             ecep:pos=":"
             ecep:reg=":"
             ecep:spe=":">:</pc>
      </l>
      <l xml:id="o5125-l23650">
         <c> </c>
         <w xml:id="o5125-476130"
            n="265-a-0750"
            ecep:lem="with"
            ecep:pos="p-acp"
            ecep:reg="With"
            ecep:spe="With"
            ecep:syllab="1"
            ecep:pron="wɪð">With</w>
         <c> </c>
         <w xml:id="o5125-476140"
            n="265-a-0760"
            ecep:lem="kingly"
            ecep:pos="j"
            ecep:reg="kingly"
            ecep:spe="kingly"
            ecep:syllab="2"
            ecep:pron="ˈkɪŋli">kingly</w>
         <c> </c>
         <w xml:id="o5125-476150"
            n="265-a-0770"
            ecep:lem="port"
            ecep:pos="n1"
            ecep:reg="Port"
            ecep:spe="Port"
            ecep:syllab="1"
            ecep:pron="pɔːt">Port</w>
         <c> </c>
         <w xml:id="o5125-476160"
            n="265-a-0780"
            ecep:lem="he"
            ecep:pos="pns31"
            ecep:reg="he"
            ecep:spe="he"
            ecep:syllab="1"
            ecep:pron="hiː">he</w>
         <c> </c>
         <w xml:id="o5125-476170"
            n="265-a-0790"
            ecep:lem="sit"
            ecep:pos="vvd"
            ecep:reg="sat"
            ecep:spe="sat"
            ecep:syllab="1"
            ecep:pron="sæt">sat</w>
         <pc xml:id="o5125-476180"
             n="265-a-0800"
             ecep:lem=","
             ecep:pos=","
             ecep:reg=","
             ecep:spe=",">,</pc>
         <c> </c>
         <w xml:id="o5125-476190"
            n="265-a-0810"
            ecep:lem="and"
            ecep:pos="cc"
            ecep:reg="and"
            ecep:spe="and"
            ecep:syllab="1"
            ecep:pron="ænd">and</w>
         <c> </c>
         <w xml:id="o5125-476200"
            n="265-a-0820"
            ecep:lem="by"
            ecep:pos="p-acp"
            ecep:reg="by"
            ecep:spe="by"
            ecep:syllab="1"
            ecep:pron="baɪ">by</w>
         <c> </c>
         <w xml:id="o5125-476210"
            n="265-a-0830"
            ecep:lem="his"
            ecep:pos="po31"
            ecep:reg="his"
            ecep:spe="his"
            ecep:syllab="1"
            ecep:pron="hɪz">his</w>
         <c> </c>
         <w xml:id="o5125-476220"
            n="265-a-0840"
            ecep:lem="side"
            ecep:pos="n1"
            ecep:reg="Side"
            ecep:spe="Side"
            ecep:syllab="1"
            ecep:pron="saɪd">Side</w>
         <pc xml:id="o5125-476230"
             n="265-a-0850"
             ecep:lem=","
             ecep:pos=","
             ecep:reg=","
             ecep:spe=",">,</pc>
      </l>
      <l xml:id="o5125-l23655">
         <c> </c>
         <w xml:id="o5125-476240"
            n="265-a-0860"
            ecep:lem="ride"
            ecep:pos="vvd"
            ecep:reg="Rode"
            ecep:spe="Rode"
            ecep:syllab="1"
            ecep:pron="rəʊd">Rode</w>
         <c> </c>
         <w xml:id="o5125-476250"
            n="265-a-0870"
            ecep:lem="his"
            ecep:pos="po31"
            ecep:reg="his"
            ecep:spe="his"
            ecep:syllab="1"
            ecep:pron="hɪz">his</w>
         <c> </c>
         <w xml:id="o5125-476260"
            n="265-a-0880"
            ecep:lem="fair"
            ecep:pos="j"
            ecep:reg="fair"
            ecep:spe="fair"
            ecep:syllab="1"
            ecep:pron="feə">fair</w>
         <c> </c>
         <w xml:id="o5125-476270"
            n="265-a-0890"
            ecep:lem="captive"
            ecep:pos="n-jn"
            ecep:reg="Captive"
            ecep:spe="Captive"
            ecep:syllab="2"
            ecep:pron="ˈkæptɪv">Captive</w>
         <pc xml:id="o5125-476280"
             n="265-a-0900"
             ecep:lem=","
             ecep:pos=","
             ecep:reg=","
             ecep:spe=",">,</pc>
         <c> </c>
         <w xml:id="o5125-476290"
            n="265-a-0910"
            ecep:lem="now"
            ecep:pos="av"
            ecep:reg="now"
            ecep:spe="now"
            ecep:syllab="1"
            ecep:pron="naʊ">now</w>
         <c> </c>
         <w xml:id="o5125-476300"
            n="265-a-0920"
            ecep:lem="his"
            ecep:pos="po31"
            ecep:reg="his"
            ecep:spe="his"
            ecep:syllab="1"
            ecep:pron="hɪz">his</w>
         <c> </c>
         <w xml:id="o5125-476310"
            n="265-a-0930"
            ecep:lem="awful"
            ecep:pos="j"
            ecep:reg="awful"
            ecep:spe="awful"
            ecep:syllab="2"
            ecep:pron="ˈɔːfl">awful</w>
         <c> </c>
         <w xml:id="o5125-476320"
            n="265-a-0940"
            ecep:lem="bride"
            ecep:pos="n1"
            ecep:reg="Bride"
            ecep:spe="Bride"
            ecep:syllab="1"
            ecep:pron="braɪd">Bride</w>
         <pc xml:id="o5125-476330"
             n="265-a-0950"
             ecep:lem=";"
             ecep:pos=";"
             ecep:reg=";"
             ecep:spe=";">;</pc>
      </l>
      <l xml:id="o5125-l23660">
         <c> </c>
         <w xml:id="o5125-476340"
            n="265-a-0960"
            ecep:lem="but"
            ecep:pos="cc-acp"
            ecep:reg="But"
            ecep:spe="But"
            ecep:syllab="1"
            ecep:pron="bʌt">But</w>
         <c> </c>
         <w xml:id="o5125-476350"
            n="265-a-0970"
            ecep:lem="from"
            ecep:pos="p-acp"
            ecep:reg="from"
            ecep:spe="from"
            ecep:syllab="1"
            ecep:pron="frɒm">from</w>
         <c> </c>
         <w xml:id="o5125-476360"
            n="265-a-0980"
            ecep:lem="the"
            ecep:pos="dt"
            ecep:reg="the"
            ecep:spe="the"
            ecep:syllab="1"
            ecep:pron="ðiː">the</w>
         <c> </c>
         <w xml:id="o5125-476370"
            n="265-a-0990"
            ecep:lem="lake"
            ecep:pos="n2"
            ecep:reg="Lakes"
            ecep:spe="Lakes"
            ecep:syllab="1"
            ecep:pron="leɪks">Lakes</w>
         <c> </c>
         <w xml:id="o5125-476380"
            n="265-a-1000"
            ecep:lem="a"
            ecep:pos="dt"
            ecep:reg="a"
            ecep:spe="a"
            ecep:syllab="1"
            ecep:pron="ə">a</w>
         <c> </c>
         <w xml:id="o5125-476390"
            n="265-a-1010"
            ecep:lem="sulphurous"
            ecep:pos="j"
            ecep:reg="sulphurous"
            ecep:spe="sulph'rous"
            ecep:syllab="2"
            ecep:pron="sˈʌlfrəs">sulph'rous</w>
         <c> </c>
         <w xml:id="o5125-476400"
            n="265-a-1020"
            ecep:lem="mist"
            ecep:pos="crd"
            ecep:reg="Mist"
            ecep:spe="Mist"
            ecep:syllab="1"
            ecep:pron="mɪst">Mist</w>
         <c> </c>
         <w xml:id="o5125-476410"
            n="265-a-1030"
            ecep:lem="invade"
            ecep:pos="vvz"
            ecep:reg="invades"
            ecep:spe="invades"
            ecep:syllab="2"
            ecep:pron="ɪnˈveɪdz">invades</w>
         <pc xml:id="o5125-476420"
             n="265-a-1040"
             ecep:lem=","
             ecep:pos=","
             ecep:reg=","
             ecep:spe=",">,</pc>
      </l>
      <l xml:id="o5125-l23665">
         <c> </c>
         <w xml:id="o5125-476430"
            n="265-a-1050"
            ecep:lem="and"
            ecep:pos="cc"
            ecep:reg="And"
            ecep:spe="And"
            ecep:syllab="1"
            ecep:pron="ænd">And</w>
         <c> </c>
         <w xml:id="o5125-476440"
            n="265-a-1060"
            ecep:lem="strike"
            ecep:pos="vvz"
            ecep:reg="strikes"
            ecep:spe="strikes"
            ecep:syllab="1"
            ecep:pron="straɪks">strikes</w>
         <c> </c>
         <w xml:id="o5125-476450"
            n="265-a-1070"
            ecep:lem="the"
            ecep:pos="dt"
            ecep:reg="the"
            ecep:spe="the"
            ecep:syllab="1"
            ecep:pron="ðiː">the</w>
         <c> </c>
         <w xml:id="o5125-476460"
            n="265-a-1080"
            ecep:lem="faint"
            ecep:pos="j-vvg"
            ecep:reg="fainting"
            ecep:spe="fainting"
            ecep:syllab="2"
            ecep:pron="feɪntɪŋ">fainting</w>
         <c> </c>
         <w xml:id="o5125-476470"
            n="265-a-1090"
            ecep:lem="empress"
            ecep:pos="n1"
            ecep:reg="Empress"
            ecep:spe="Empress"
            ecep:syllab="2"
            ecep:pron="ˈemprəs">Empress</w>
         <c> </c>
         <w xml:id="o5125-476480"
            n="265-a-1100"
            ecep:lem="of"
            ecep:pos="pp-f"
            ecep:reg="of"
            ecep:spe="of"
            ecep:syllab="1"
            ecep:pron="ɒv">of</w>
         <c> </c>
         <w xml:id="o5125-476490"
            n="265-a-1110"
            ecep:lem="the"
            ecep:pos="dt"
            ecep:reg="the"
            ecep:spe="the"
            ecep:syllab="1"
            ecep:pron="ðiː">the</w>
         <c> </c>
         <w xml:id="o5125-476500"
            n="265-a-1120"
            ecep:lem="shade"
            ecep:pos="n2"
            ecep:reg="Shades"
            ecep:spe="Shades"
            ecep:syllab="1"
            ecep:pron="ʃeɪdz">Shades</w>
         <pc xml:id="o5125-476510"
             n="265-a-1130"
             unit="sentence"
             ecep:lem="."
             ecep:pos="."
             ecep:reg="."
             ecep:spe=".">.</pc>
         <c> </c>
      </l>
      <l xml:id="o5125-l23670">
         <w xml:id="o5125-476520"
            n="265-a-1140"
            ecep:lem="the"
            ecep:pos="dt"
            ecep:reg="The"
            ecep:spe="The"
            ecep:syllab="1"
            ecep:pron="ðiː">The</w>
         <c> </c>
         <w xml:id="o5125-476530"
            n="265-a-1150"
            ecep:lem="tremble"
            ecep:pos="j-vvg"
            ecep:reg="trembling"
            ecep:spe="trembling"
            ecep:syllab="2"
            ecep:pron="ˈtremblɪŋ">trembling</w>
         <c> </c>
         <w xml:id="o5125-476540"
            n="265-a-1160"
            ecep:lem="queen"
            ecep:pos="n1"
            ecep:reg="Queen"
            ecep:spe="Queen"
            ecep:syllab="1"
            ecep:pron="kwiːn">Queen</w>
         <c> </c>
         <w xml:id="o5125-476550"
            n="265-a-1170"
            ecep:lem="be"
            ecep:pos="vbz"
            ecep:reg="is"
            ecep:spe="is"
            ecep:syllab="1"
            ecep:pron="ɪz">is</w>
         <c> </c>
         <w xml:id="o5125-476560"
            n="265-a-1180"
            ecep:lem="seize"
            ecep:pos="vvn"
            ecep:reg="seized"
            ecep:spe="seiz'd"
            ecep:syllab="1"
            ecep:pron="siːzd">seiz'd</w>
         <c> </c>
         <w xml:id="o5125-476570"
            n="265-a-1190"
            ecep:lem="with"
            ecep:pos="p-acp"
            ecep:reg="with"
            ecep:spe="with"
            ecep:syllab="1"
            ecep:pron="wɪð">with</w>
         <c> </c>
         <w xml:id="o5125-476580"
            n="265-a-1200"
            ecep:lem="sickly"
            ecep:pos="j"
            ecep:reg="sickly"
            ecep:spe="sickly"
            ecep:syllab="2"
            ecep:pron="ˈsɪkli">sickly</w>
         <c> </c>
         <w xml:id="o5125-476590"
            n="265-a-1210"
            ecep:lem="yawn"
            ecep:pos="n2"
            ecep:reg="Yawns"
            ecep:spe="Yawns"
            ecep:syllab="1"
            ecep:pron="jɔːnz">Yawns</w>
         <pc xml:id="o5125-476600"
             n="265-a-1220"
             ecep:lem=","
             ecep:pos=","
             ecep:reg=","
             ecep:spe=",">,</pc>
      </l>
      <l xml:id="o5125-l23675">
         <c> </c>
         <w xml:id="o5125-476610"
            n="265-a-1230"
            ecep:lem="with"
            ecep:pos="p-acp"
            ecep:reg="With"
            ecep:spe="With"
            ecep:syllab="1"
            ecep:pron="wɪð">With</w>
         <c> </c>
         <w xml:id="o5125-476620"
            n="265-a-1240"
            ecep:lem="gripe"
            ecep:pos="j-vvg"
            ecep:reg="gripping"
            ecep:spe="griping"
            ecep:syllab="2"
            ecep:pron="graɪpɪŋ">griping</w>
         <c> </c>
         <w xml:id="o5125-476630"
            n="265-a-1250"
            ecep:lem="colic"
            ecep:pos="n2"
            ecep:reg="Colics"
            ecep:spe="Colicks"
            ecep:syllab="2"
            ecep:pron="kˈɒlɪks">Colicks</w>
         <c> </c>
         <w xml:id="o5125-476640"
            n="265-a-1260"
            ecep:lem="and"
            ecep:pos="cc"
            ecep:reg="and"
            ecep:spe="and"
            ecep:syllab="1"
            ecep:pron="ænd">and</w>
         <c> </c>
         <w xml:id="o5125-476650"
            n="265-a-1270"
            ecep:lem="with"
            ecep:pos="p-acp"
            ecep:reg="with"
            ecep:spe="with"
            ecep:syllab="1"
            ecep:pron="wɪð">with</w>
         <c> </c>
         <w xml:id="o5125-476660"
            n="265-a-1280"
            ecep:lem="feverish"
            ecep:pos="j"
            ecep:reg="feverish"
            ecep:spe="feverish"
            ecep:syllab="3"
            ecep:pron="ˈfiːvrɪʃ">feverish</w>
         <c> </c>
         <w xml:id="o5125-476670"
            n="265-a-1290"
            ecep:lem="qualm"
            ecep:pos="n2"
            ecep:reg="Qualms"
            ecep:spe="Qualms"
            ecep:syllab="1"
            ecep:pron="kwɑːmz">Qualms</w>
         <pc xml:id="o5125-476680"
             n="265-a-1300"
             unit="sentence"
             ecep:lem="."
             ecep:pos="."
             ecep:reg="."
             ecep:spe=".">.</pc>
         <c> </c>
      </l>
      <l xml:id="o5125-l23680">
         <w xml:id="o5125-476690"
            n="265-a-1310"
            ecep:lem="back"
            ecep:pos="av"
            ecep:reg="Back"
            ecep:spe="Back"
            ecep:syllab="1"
            ecep:pron="bæk">Back</w>
         <c> </c>
         <w xml:id="o5125-476700"
            n="265-a-1320"
            ecep:lem="to"
            ecep:pos="p-acp"
            ecep:reg="to"
            ecep:spe="to"
            ecep:syllab="1"
            ecep:pron="tuː">to</w>
         <c> </c>
         <w xml:id="o5125-476710"
            n="265-a-1330"
            ecep:lem="the"
            ecep:pos="dt"
            ecep:reg="the"
            ecep:spe="the"
            ecep:syllab="1"
            ecep:pron="ðiː">the</w>
         <c> </c>
         <w xml:id="o5125-476720"
            n="265-a-1340"
            ecep:lem="palace"
            ecep:pos="n1"
            ecep:reg="Palace"
            ecep:spe="Palace"
            ecep:syllab="2"
            ecep:pron="ˈpælɪs">Palace</w>
         <c> </c>
         <w xml:id="o5125-476730"
            n="265-a-1350"
            ecep:lem="be"
            ecep:pos="vbds"
            ecep:reg="was"
            ecep:spe="was"
            ecep:syllab="1"
            ecep:pron="wɒz">was</w>
         <c> </c>
         <w xml:id="o5125-476740"
            n="265-a-1360"
            ecep:lem="the"
            ecep:pos="dt"
            ecep:reg="the"
            ecep:spe="the"
            ecep:syllab="1"
            ecep:pron="ðiː">the</w>
         <c> </c>
         <w xml:id="o5125-476750"
            n="265-a-1370"
            ecep:lem="general"
            ecep:pos="j"
            ecep:reg="general"
            ecep:spe="general"
            ecep:syllab="2"
            ecep:pron="ˈdʒenrl">general</w>
         <c> </c>
         <w xml:id="o5125-476760"
            n="265-a-1380"
            ecep:lem="cry"
            ecep:pos="n1"
            ecep:reg="Cry"
            ecep:spe="Cry"
            ecep:syllab="1"
            ecep:pron="kraɪ">Cry</w>
         <pc xml:id="o5125-476770"
             n="265-a-1390"
             ecep:lem=","
             ecep:pos=","
             ecep:reg=","
             ecep:spe=",">,</pc>
      </l>
      <l xml:id="o5125-l23685">
         <c> </c>
         <w xml:id="o5125-476780"
            n="265-a-1400"
            ecep:lem="before"
            ecep:pos="c-acp"
            ecep:reg="Before"
            ecep:spe="Before"
            ecep:syllab="2"
            ecep:pron="bɪˈfɔː">Before</w>
         <c> </c>
         <w xml:id="o5125-476790"
            n="265-a-1410"
            ecep:lem="the"
            ecep:pos="dt"
            ecep:reg="the"
            ecep:spe="the"
            ecep:syllab="1"
            ecep:pron="ðiː">the</w>
         <c> </c>
         <w xml:id="o5125-476800"
            n="265-a-1420"
            ecep:lem="lash"
            ecep:pos="n1"
            ecep:reg="Lash"
            ecep:spe="Lash"
            ecep:syllab="1"
            ecep:pron="læʃ">Lash</w>
         <c> </c>
         <w xml:id="o5125-476810"
            n="265-a-1430"
            ecep:lem="her"
            ecep:pos="po31"
            ecep:reg="her"
            ecep:spe="her"
            ecep:syllab="1"
            ecep:pron="hɜː">her</w>
         <c> </c>
         <w xml:id="o5125-476820"
            n="265-a-1440"
            ecep:lem="sable"
            ecep:pos="j-jn"
            ecep:reg="sable"
            ecep:spe="sable"
            ecep:syllab="2"
            ecep:pron="ˈseɪbl">sable</w>
         <c> </c>
         <w xml:id="o5125-476830"
            n="265-a-1450"
            ecep:lem="courser"
            ecep:pos="n2"
            ecep:reg="Coursers"
            ecep:spe="Coursers"
            ecep:syllab="2"
            ecep:pron="ˈkɔːsəs">Coursers</w>
         <c> </c>
         <w xml:id="o5125-476840"
            n="265-a-1460"
            ecep:lem="fly"
            ecep:pos="vvi"
            ecep:reg="fly"
            ecep:spe="fly"
            ecep:syllab="1"
            ecep:pron="flaɪ">fly</w>
         <pc xml:id="o5125-476850"
             n="265-a-1470"
             ecep:lem=":"
             ecep:pos=":"
             ecep:reg=":"
             ecep:spe=":">:</pc>
      </l>
      <l xml:id="o5125-l23690">
         <c> </c>
         <w xml:id="o5125-476860"
            n="265-a-1480"
            ecep:lem="there"
            ecep:pos="pc-acp"
            ecep:reg="There"
            ecep:spe="There"
            ecep:syllab="1"
            ecep:pron="ðeə">There</w>
         <c> </c>
         <w xml:id="o5125-476870"
            n="265-a-1490"
            ecep:lem="rest"
            ecep:pos="vvz"
            ecep:reg="rests"
            ecep:spe="rests"
            ecep:syllab="1"
            ecep:pron="rests">rests</w>
         <c> </c>
         <w xml:id="o5125-476880"
            n="265-a-1500"
            ecep:lem="the"
            ecep:pos="dt"
            ecep:reg="the"
            ecep:spe="the"
            ecep:syllab="1"
            ecep:pron="ðiː">the</w>
         <c> </c>
         <w xml:id="o5125-476890"
            n="265-a-1510"
            ecep:lem="dame"
            ecep:pos="n1"
            ecep:reg="Dame"
            ecep:spe="Dame"
            ecep:syllab="1"
            ecep:pron="deɪm">Dame</w>
         <pc xml:id="o5125-476900"
             n="265-a-1520"
             ecep:lem=","
             ecep:pos=","
             ecep:reg=","
             ecep:spe=",">,</pc>
         <c> </c>
         <w xml:id="o5125-476910"
            n="265-a-1530"
            ecep:lem="and"
            ecep:pos="cc"
            ecep:reg="and"
            ecep:spe="and"
            ecep:syllab="1"
            ecep:pron="ænd">and</w>
         <c> </c>
         <w xml:id="o5125-476920"
            n="265-a-1540"
            ecep:lem="seek"
            ecep:pos="vvd"
            ecep:reg="sought"
            ecep:spe="sought"
            ecep:syllab="1"
            ecep:pron="sɔːt">sought</w>
         <c> </c>
         <w xml:id="o5125-476930"
            n="265-a-1550"
            ecep:lem="her"
            ecep:pos="po31"
            ecep:reg="her"
            ecep:spe="her"
            ecep:syllab="1"
            ecep:pron="hɜː">her</w>
         <c> </c>
         <w xml:id="o5125-476940"
            n="265-a-1560"
            ecep:lem="royal"
            ecep:pos="j"
            ecep:reg="Royal"
            ecep:spe="Royal"
            ecep:syllab="2"
            ecep:pron="ˈrɔɪəl">Royal</w>
         <c> </c>
         <w xml:id="o5125-476950"
            n="265-a-1570"
            ecep:lem="bed"
            ecep:pos="n1"
            ecep:reg="Bed"
            ecep:spe="Bed"
            ecep:syllab="1"
            ecep:pron="bed">Bed</w>
         <pc xml:id="o5125-476960"
             n="265-a-1580"
             ecep:lem=","
             ecep:pos=","
             ecep:reg=","
             ecep:spe=",">,</pc>
      </l>
      <l xml:id="o5125-l23695">
         <c> </c>
         <w xml:id="o5125-476970"
            n="265-a-1590"
            ecep:lem="where"
            ecep:pos="q-crq"
            ecep:reg="Where"
            ecep:spe="Where"
            ecep:syllab="1"
            ecep:pron="weə">Where</w>
         <c> </c>
         <w xml:id="o5125-476980"
            n="265-a-1600"
            ecep:lem="the"
            ecep:pos="dt"
            ecep:reg="the"
            ecep:spe="the"
            ecep:syllab="1"
            ecep:pron="ðiː">the</w>
         <c> </c>
         <w xml:id="o5125-476990"
            n="265-a-1610"
            ecep:lem="soft"
            ecep:pos="j"
            ecep:reg="soft"
            ecep:spe="soft"
            ecep:syllab="1"
            ecep:pron="sɒft">soft</w>
         <c> </c>
         <w xml:id="o5125-477000"
            n="265-a-1620"
            ecep:lem="pillow"
            ecep:pos="n2"
            ecep:reg="Pillows"
            ecep:spe="Pillows"
            ecep:syllab="2"
            ecep:pron="ˈpɪləʊz">Pillows</w>
         <c> </c>
         <w xml:id="o5125-477010"
            n="265-a-1630"
            ecep:lem="raise"
            ecep:pos="vvd"
            ecep:reg="raised"
            ecep:spe="rais'd"
            ecep:syllab="1"
            ecep:pron="reɪzd">rais'd</w>
         <c> </c>
         <w xml:id="o5125-477020"
            n="265-a-1640"
            ecep:lem="her"
            ecep:pos="po31"
            ecep:reg="her"
            ecep:spe="her"
            ecep:syllab="1"
            ecep:pron="hɜː">her</w>
         <c> </c>
         <w xml:id="o5125-477030"
            n="265-a-1650"
            ecep:lem="droop"
            ecep:pos="j-vvg"
            ecep:reg="drooping"
            ecep:spe="drooping"
            ecep:syllab="2"
            ecep:pron="druːpɪŋ">drooping</w>
         <c> </c>
         <w xml:id="o5125-477040"
            n="265-a-1660"
            ecep:lem="head"
            ecep:pos="n1"
            ecep:reg="Head"
            ecep:spe="Head"
            ecep:syllab="1"
            ecep:pron="hed">Head</w>
         <pc xml:id="o5125-477050"
             n="265-a-1670"
             ecep:lem=":"
             ecep:pos=":"
             ecep:reg=":"
             ecep:spe=":">:</pc>
      </l>
      <pb facs="o5125/0272" n="248" rend="none"/>
      <l xml:id="o5125-l23700">
         <c> </c>
         <w xml:id="o5125-477060"
            n="266-a-0010"
            ecep:lem="restore"
            ecep:pos="vvg"
            ecep:reg="Restoring"
            ecep:spe="Restoring"
            ecep:syllab="3"
            ecep:pron="rɪˈstɔːɪŋ">Restoring</w>
         <c> </c>
         <w xml:id="o5125-477070"
            n="266-a-0020"
            ecep:lem="lenitive"
            ecep:pos="n2-jn"
            ecep:reg="Lenitives"
            ecep:spe="Lenitives"
            ecep:syllab="4"
            ecep:pron="ˈlenɪtɪvz">Lenitives</w>
         <c> </c>
         <w xml:id="o5125-477080"
            n="266-a-0030"
            ecep:lem="be"
            ecep:pos="vbdr"
            ecep:reg="were"
            ecep:spe="were"
            ecep:syllab="1"
            ecep:pron="wɜː">were</w>
         <c> </c>
         <w xml:id="o5125-477090"
            n="266-a-0040"
            ecep:lem="seek"
            ecep:pos="vvn"
            ecep:reg="sought"
            ecep:spe="sought"
            ecep:syllab="1"
            ecep:pron="sɔːt">sought</w>
         <c> </c>
         <w xml:id="o5125-477100"
            n="266-a-0050"
            ecep:lem="in"
            ecep:pos="p-acp"
            ecep:reg="in"
            ecep:spe="in"
            ecep:syllab="1"
            ecep:pron="ɪn">in</w>
         <c> </c>
         <w xml:id="o5125-477110"
            n="266-a-0060"
            ecep:lem="vain"
            ecep:pos="j"
            ecep:reg="vain"
            ecep:spe="vain"
            ecep:syllab="1"
            ecep:pron="veɪn">vain</w>
         <pc xml:id="o5125-477120"
             n="266-a-0070"
             ecep:lem=","
             ecep:pos=","
             ecep:reg=","
             ecep:spe=",">,</pc>
      </l>
      <l xml:id="o5125-l23705">
         <c> </c>
         <w xml:id="o5125-477130"
            n="266-a-0080"
            ecep:lem="to"
            ecep:pos="pc-acp"
            ecep:reg="To"
            ecep:spe="To"
            ecep:syllab="1"
            ecep:pron="tuː">To</w>
         <c> </c>
         <w xml:id="o5125-477140"
            n="266-a-0090"
            ecep:lem="cool"
            ecep:pos="vvi"
            ecep:reg="cool"
            ecep:spe="cool"
            ecep:syllab="1"
            ecep:pron="kuːl">cool</w>
         <c> </c>
         <w xml:id="o5125-477150"
            n="266-a-0100"
            ecep:lem="her"
            ecep:pos="po31"
            ecep:reg="her"
            ecep:spe="her"
            ecep:syllab="1"
            ecep:pron="hɜː">her</w>
         <c> </c>
         <w xml:id="o5125-477160"
            n="266-a-0110"
            ecep:lem="vital"
            ecep:pos="n2-j"
            ecep:reg="Vitals"
            ecep:spe="Vitals"
            ecep:syllab="2"
            ecep:pron="ˈvaɪtlz">Vitals</w>
         <c> </c>
         <w xml:id="o5125-477170"
            n="266-a-0120"
            ecep:lem="and"
            ecep:pos="cc"
            ecep:reg="and"
            ecep:spe="and"
            ecep:syllab="1"
            ecep:pron="ænd">and</w>
         <c> </c>
         <w xml:id="o5125-477180"
            n="266-a-0130"
            ecep:lem="assuage"
            ecep:pos="vvi"
            ecep:reg="assuage"
            ecep:spe="asswage"
            ecep:syllab="2"
            ecep:pron="əˈsweɪdʒ">asswage</w>
         <c> </c>
         <w xml:id="o5125-477190"
            n="266-a-0140"
            ecep:lem="her"
            ecep:pos="po31"
            ecep:reg="her"
            ecep:spe="her"
            ecep:syllab="1"
            ecep:pron="hɜː">her</w>
         <c> </c>
         <w xml:id="o5125-477200"
            n="266-a-0150"
            ecep:lem="pain"
            ecep:pos="n1"
            ecep:reg="Pain"
            ecep:spe="Pain"
            ecep:syllab="1"
            ecep:pron="peɪn">Pain</w>
         <pc xml:id="o5125-477210"
             n="266-a-0160"
             unit="sentence"
             ecep:lem="."
             ecep:pos="."
             ecep:reg="."
             ecep:spe=".">.</pc>
         <c> </c>
      </l>
      <l xml:id="o5125-l23710">
         <w xml:id="o5125-477220"
            n="266-a-0170"
            ecep:lem="on"
            ecep:pos="p-acp"
            ecep:reg="On"
            ecep:spe="On"
            ecep:syllab="1"
            ecep:pron="ɒn">On</w>
         <c> </c>
         <w xml:id="o5125-477230"
            n="266-a-0180"
            ecep:lem="nothing"
            ecep:pos="pix"
            ecep:reg="nothing"
            ecep:spe="nothing"
            ecep:syllab="2"
            ecep:pron="ˈnʌθɪŋ">nothing</w>
         <c> </c>
         <w xml:id="o5125-477240"
            n="266-a-0190"
            ecep:lem="will"
            ecep:pos="vmd"
            ecep:reg="would"
            ecep:spe="would"
            ecep:syllab="1"
            ecep:pron="wʊd">would</w>
         <c> </c>
         <w xml:id="o5125-477250"
            n="266-a-0200"
            ecep:lem="the"
            ecep:pos="dt"
            ecep:reg="the"
            ecep:spe="the"
            ecep:syllab="1"
            ecep:pron="ðiː">the</w>
         <c> </c>
         <w xml:id="o5125-477260"
            n="266-a-0210"
            ecep:lem="peevish"
            ecep:pos="j"
            ecep:reg="peevish"
            ecep:spe="peevish"
            ecep:syllab="2"
            ecep:pron="ˈpiːvɪʃ">peevish</w>
         <c> </c>
         <w xml:id="o5125-477270"
            n="266-a-0220"
            ecep:lem="matron"
            ecep:pos="n1"
            ecep:reg="Matron"
            ecep:spe="Matron"
            ecep:syllab="2"
            ecep:pron="ˈmeɪtrn">Matron</w>
         <c> </c>
         <w xml:id="o5125-477280"
            n="266-a-0230"
            ecep:lem="feed"
            ecep:pos="vvi"
            ecep:reg="feed"
            ecep:spe="feed"
            ecep:syllab="1"
            ecep:pron="fiːd">feed</w>
         <pc xml:id="o5125-477290"
             n="266-a-0240"
             ecep:lem=";"
             ecep:pos=";"
             ecep:reg=";"
             ecep:spe=";">;</pc>
      </l>
      <l xml:id="o5125-l23715">
         <c> </c>
         <w xml:id="o5125-477300"
            n="266-a-0250"
            ecep:lem="then"
            ecep:pos="av"
            ecep:reg="Then"
            ecep:spe="Then"
            ecep:syllab="1"
            ecep:pron="ðen">Then</w>
         <c> </c>
         <w xml:id="o5125-477310"
            n="266-a-0260"
            ecep:lem="useful"
            ecep:pos="j"
            ecep:reg="useful"
            ecep:spe="useful"
            ecep:syllab="2"
            ecep:pron="ˈjuːsfl">useful</w>
         <c> </c>
         <hi>
            <w xml:id="o5125-477320"
               n="266-a-0270"
               ecep:lem="mercury"
               ecep:pos="n1"
               ecep:reg="Mercury"
               ecep:spe="Mercury"
               ecep:syllab="3"
               ecep:pron="ˈmɜːkjri">Mercury</w>
         </hi>
         <c> </c>
         <w xml:id="o5125-477330"
            n="266-a-0280"
            ecep:lem="be"
            ecep:pos="vbds"
            ecep:reg="was"
            ecep:spe="was"
            ecep:syllab="1"
            ecep:pron="wɒz">was</w>
         <c> </c>
         <w xml:id="o5125-477340"
            n="266-a-0290"
            ecep:lem="call"
            ecep:pos="vvn"
            ecep:reg="called"
            ecep:spe="call'd"
            ecep:syllab="1"
            ecep:pron="kɔːld">call'd</w>
         <c> </c>
         <w xml:id="o5125-477350"
            n="266-a-0300"
            ecep:lem="with"
            ecep:pos="p-acp"
            ecep:reg="with"
            ecep:spe="with"
            ecep:syllab="1"
            ecep:pron="wɪð">with</w>
         <c> </c>
         <w xml:id="o5125-477360"
            n="266-a-0310"
            ecep:lem="speed"
            ecep:pos="n1"
            ecep:reg="speed"
            ecep:spe="speed"
            ecep:syllab="1"
            ecep:pron="spiːd">speed</w>
         <pc xml:id="o5125-477370"
             n="266-a-0320"
             ecep:lem=","
             ecep:pos=","
             ecep:reg=","
             ecep:spe=",">,</pc>
      </l>
      <l xml:id="o5125-l23720">
         <c> </c>
         <w xml:id="o5125-477380"
            n="266-a-0330"
            ecep:lem="and"
            ecep:pos="cc"
            ecep:reg="And"
            ecep:spe="And"
            ecep:syllab="1"
            ecep:pron="ænd">And</w>
         <c> </c>
         <w xml:id="o5125-477390"
            n="266-a-0340"
            ecep:lem="send"
            ecep:pos="vvn"
            ecep:reg="sent"
            ecep:spe="sent"
            ecep:syllab="1"
            ecep:pron="sent">sent</w>
         <c> </c>
         <w xml:id="o5125-477400"
            n="266-a-0350"
            ecep:lem="on"
            ecep:pos="p-acp"
            ecep:reg="on"
            ecep:spe="on"
            ecep:syllab="1"
            ecep:pron="ɒn">on</w>
         <c> </c>
         <w xml:id="o5125-477410"
            n="266-a-0360"
            ecep:lem="earth"
            ecep:pos="n1"
            ecep:reg="Earth"
            ecep:spe="Earth"
            ecep:syllab="1"
            ecep:pron="ɜːθ">Earth</w>
         <c> </c>
         <w xml:id="o5125-477420"
            n="266-a-0370"
            ecep:lem="some"
            ecep:pos="d"
            ecep:reg="some"
            ecep:spe="some"
            ecep:syllab="1"
            ecep:pron="sʌm">some</w>
         <c> </c>
         <w xml:id="o5125-477430"
            n="266-a-0380"
            ecep:lem="curious"
            ecep:pos="j"
            ecep:reg="curious"
            ecep:spe="curious"
            ecep:syllab="3"
            ecep:pron="ˈkjʊəriəs">curious</w>
         <c> </c>
         <w xml:id="o5125-477440"
            n="266-a-0390"
            ecep:lem="dish"
            ecep:pos="n1"
            ecep:reg="Dish"
            ecep:spe="Dish"
            ecep:syllab="1"
            ecep:pron="dɪʃ">Dish</w>
         <c> </c>
         <w xml:id="o5125-477450"
            n="266-a-0400"
            ecep:lem="to"
            ecep:pos="pc-acp"
            ecep:reg="to"
            ecep:spe="to"
            ecep:syllab="1"
            ecep:pron="tuː">to</w>
         <c> </c>
         <w xml:id="o5125-477460"
            n="266-a-0410"
            ecep:lem="frame"
            ecep:pos="vvi"
            ecep:reg="frame"
            ecep:spe="frame"
            ecep:syllab="1"
            ecep:pron="freɪm">frame</w>
         <pc xml:id="o5125-477470"
             n="266-a-0420"
             ecep:lem=","
             ecep:pos=","
             ecep:reg=","
             ecep:spe=",">,</pc>
      </l>
      <l xml:id="o5125-l23725">
         <c> </c>
         <w xml:id="o5125-477480"
            n="266-a-0430"
            ecep:lem="of"
            ecep:pos="pp-f"
            ecep:reg="Of"
            ecep:spe="Of"
            ecep:syllab="1"
            ecep:pron="ɒv">Of</w>
         <c> </c>
         <w xml:id="o5125-477490"
            n="266-a-0440"
            ecep:lem="light"
            ecep:pos="j"
            ecep:reg="light"
            ecep:spe="light"
            ecep:syllab="1"
            ecep:pron="laɪt">light</w>
         <c> </c>
         <w xml:id="o5125-477500"
            n="266-a-0450"
            ecep:lem="digestion"
            ecep:pos="n1"
            ecep:reg="Digestion"
            ecep:spe="Digestion"
            ecep:syllab="3"
            ecep:pron="daɪˈdʒestʃn">Digestion</w>
         <c> </c>
         <w xml:id="o5125-477510"
            n="266-a-0460"
            ecep:lem="for"
            ecep:pos="p-acp"
            ecep:reg="for"
            ecep:spe="for"
            ecep:syllab="1"
            ecep:pron="fɔː">for</w>
         <c> </c>
         <w xml:id="o5125-477520"
            n="266-a-0470"
            ecep:lem="the"
            ecep:pos="dt"
            ecep:reg="the"
            ecep:spe="the"
            ecep:syllab="1"
            ecep:pron="ðiː">the</w>
         <c> </c>
         <w xml:id="o5125-477530"
            n="266-a-0480"
            ecep:lem="sickly"
            ecep:pos="j"
            ecep:reg="sickly"
            ecep:spe="sickly"
            ecep:syllab="2"
            ecep:pron="ˈsɪkli">sickly</w>
         <c> </c>
         <w xml:id="o5125-477540"
            n="266-a-0490"
            ecep:lem="dame"
            ecep:pos="n1"
            ecep:reg="Dame"
            ecep:spe="Dame"
            ecep:syllab="1"
            ecep:pron="deɪm">Dame</w>
         <pc xml:id="o5125-477550"
             n="266-a-0500"
             unit="sentence"
             ecep:lem="."
             ecep:pos="."
             ecep:reg="."
             ecep:spe=".">.</pc>
         <c> </c>
      </l>
      <l xml:id="o5125-l23730">
         <w xml:id="o5125-477560"
            n="266-a-0510"
            ecep:lem="to"
            ecep:pos="p-acp"
            ecep:reg="To"
            ecep:spe="To"
            ecep:syllab="1"
            ecep:pron="tuː">To</w>
         <c> </c>
         <w xml:id="o5125-477570"
            n="266-a-0520"
            ecep:lem="earth"
            ecep:pos="n1"
            ecep:reg="Earth"
            ecep:spe="Earth"
            ecep:syllab="1"
            ecep:pron="ɜːθ">Earth</w>
         <c> </c>
         <w xml:id="o5125-477580"
            n="266-a-0530"
            ecep:lem="he"
            ecep:pos="pns31"
            ecep:reg="he"
            ecep:spe="he"
            ecep:syllab="1"
            ecep:pron="hiː">he</w>
         <c> </c>
         <w xml:id="o5125-477590"
            n="266-a-0540"
            ecep:lem="post"
            ecep:pos="vvd"
            ecep:reg="posted"
            ecep:spe="posted"
            ecep:syllab="2"
            ecep:pron="pəʊstɪd">posted</w>
         <c> </c>
         <w xml:id="o5125-477600"
            n="266-a-0550"
            ecep:lem="where"
            ecep:pos="c-crq"
            ecep:reg="where"
            ecep:spe="where"
            ecep:syllab="1"
            ecep:pron="weə">where</w>
         <c> </c>
         <w xml:id="o5125-477610"
            n="266-a-0560"
            ecep:lem="he"
            ecep:pos="pns31"
            ecep:reg="he"
            ecep:spe="he"
            ecep:syllab="1"
            ecep:pron="hiː">he</w>
         <c> </c>
         <w xml:id="o5125-477620"
            n="266-a-0570"
            ecep:lem="quick"
            ecep:pos="av-j"
            ecep:reg="quickly"
            ecep:spe="quickly"
            ecep:syllab="2"
            ecep:pron="kwɪkli">quickly</w>
         <c> </c>
         <w xml:id="o5125-477630"
            n="266-a-0580"
            ecep:lem="find"
            ecep:pos="vvd"
            ecep:reg="found"
            ecep:spe="found"
            ecep:syllab="1"
            ecep:pron="faʊnd">found</w>
         <pc xml:id="o5125-477640"
             n="266-a-0590"
             ecep:lem=","
             ecep:pos=","
             ecep:reg=","
             ecep:spe=",">,</pc>
      </l>
      <l xml:id="o5125-l23735">
         <c> </c>
         <w xml:id="o5125-477650"
            n="266-a-0600"
            ecep:lem="proper"
            ecep:pos="j"
            ecep:reg="Proper"
            ecep:spe="Proper"
            ecep:syllab="2"
            ecep:pron="ˈprɒpə">Proper</w>
         <c> </c>
         <w xml:id="o5125-477660"
            n="266-a-0610"
            ecep:lem="ingredient"
            ecep:pos="n2"
            ecep:reg="Ingredients"
            ecep:spe="Ingredients"
            ecep:syllab="4"
            ecep:pron="ɪnˈgriːdiənts">Ingredients</w>
         <c> </c>
         <w xml:id="o5125-477670"
            n="266-a-0620"
            ecep:lem="on"
            ecep:pos="p-acp"
            ecep:reg="on"
            ecep:spe="on"
            ecep:syllab="1"
            ecep:pron="ɒn">on</w>
         <c> </c>
         <w xml:id="o5125-477680"
            n="266-a-0630"
            ecep:lem="our"
            ecep:pos="po12"
            ecep:reg="our"
            ecep:spe="our"
            ecep:syllab="1"
            ecep:pron="æə">our</w>
         <c> </c>
         <w xml:id="o5125-477690"
            n="266-a-0640"
            ecep:lem="fertile"
            ecep:pos="j"
            ecep:reg="fertile"
            ecep:spe="fertile"
            ecep:syllab="2"
            ecep:pron="ˈfɜːtaɪl">fertile</w>
         <c> </c>
         <w xml:id="o5125-477700"
            n="266-a-0650"
            ecep:lem="ground"
            ecep:pos="n1"
            ecep:reg="Ground"
            ecep:spe="Ground"
            ecep:syllab="1"
            ecep:pron="graʊnd">Ground</w>
         <pc xml:id="o5125-477710"
             n="266-a-0660"
             ecep:lem=";"
             ecep:pos=";"
             ecep:reg=";"
             ecep:spe=";">;</pc>
      </l>
      <l xml:id="o5125-l23740">
         <c> </c>
         <w xml:id="o5125-477720"
            n="266-a-0670"
            ecep:lem="here"
            ecep:pos="av"
            ecep:reg="Here"
            ecep:spe="Here"
            ecep:syllab="1"
            ecep:pron="hɪə">Here</w>
         <c> </c>
         <w xml:id="o5125-477730"
            n="266-a-0680"
            ecep:lem="first"
            ecep:pos="ord"
            ecep:reg="first"
            ecep:spe="first"
            ecep:syllab="1"
            ecep:pron="ˈfɜːst">first</w>
         <c> </c>
         <w xml:id="o5125-477740"
            n="266-a-0690"
            ecep:lem="he"
            ecep:pos="pns31"
            ecep:reg="he"
            ecep:spe="he"
            ecep:syllab="1"
            ecep:pron="hiː">he</w>
         <c> </c>
         <w xml:id="o5125-477750"
            n="266-a-0700"
            ecep:lem="seize"
            ecep:pos="vvd"
            ecep:reg="seized"
            ecep:spe="seiz'd"
            ecep:syllab="1"
            ecep:pron="siːzd">seiz'd</w>
         <c> </c>
         <w xml:id="o5125-477760"
            n="266-a-0710"
            ecep:lem="as"
            ecep:pos="p-acp"
            ecep:reg="as"
            ecep:spe="as"
            ecep:syllab="1"
            ecep:pron="æz">as</w>
         <c> </c>
         <w xml:id="o5125-477770"
            n="266-a-0720"
            ecep:lem="nonsubstantial"
            ecep:pos="j"
            ecep:reg="nonsubstantial"
            ecep:spe="nonsubstantial"
            ecep:syllab="4"
            ecep:pron="nˌɒnsəbstˈænʃəl">nonsubstantial</w>
         <c> </c>
         <w xml:id="o5125-477780"
            n="266-a-0730"
            ecep:lem="food"
            ecep:pos="n2"
            ecep:reg="Foods"
            ecep:spe="Foods"
            ecep:syllab="1"
            ecep:pron="fuːdz">Foods</w>
         <pc xml:id="o5125-477790"
             n="266-a-0740"
             ecep:lem=","
             ecep:pos=","
             ecep:reg=","
             ecep:spe=",">,</pc>
      </l>
      <l xml:id="o5125-l23745">
         <c> </c>
         <w xml:id="o5125-477800"
            n="266-a-0750"
            ecep:lem="the"
            ecep:pos="dt"
            ecep:reg="The"
            ecep:spe="The"
            ecep:syllab="1"
            ecep:pron="ðiː">The</w>
         <c> </c>
         <w xml:id="o5125-477810"
            n="266-a-0760"
            ecep:lem="courtier"
            ecep:pos="n2"
            ecep:reg="Courtiers"
            ecep:spe="Courtiers"
            ecep:syllab="3"
            ecep:pron="ˈkɔːtiəz">Courtiers</w>
         <c> </c>
         <w xml:id="o5125-477820"
            n="266-a-0770"
            ecep:lem="friendship"
            ecep:pos="n1"
            ecep:reg="Friendship"
            ecep:spe="Friendship"
            ecep:syllab="2"
            ecep:pron="ˈfrenʃɪp">Friendship</w>
         <c> </c>
         <w xml:id="o5125-477830"
            n="266-a-0780"
            ecep:lem="and"
            ecep:pos="cc"
            ecep:reg="and"
            ecep:spe="and"
            ecep:syllab="1"
            ecep:pron="ænd">and</w>
         <c> </c>
         <w xml:id="o5125-477840"
            n="266-a-0790"
            ecep:lem="the"
            ecep:pos="dt"
            ecep:reg="the"
            ecep:spe="the"
            ecep:syllab="1"
            ecep:pron="ðiː">the</w>
         <c> </c>
         <w xml:id="o5125-477850"
            n="266-a-0800"
            ecep:lem="zeal"
            ecep:pos="n1"
            ecep:reg="Zeal"
            ecep:spe="Zeal"
            ecep:syllab="1"
            ecep:pron="ziːl">Zeal</w>
         <c> </c>
         <w xml:id="o5125-477860"
            n="266-a-0810"
            ecep:lem="of"
            ecep:pos="pp-f"
            ecep:reg="of"
            ecep:spe="of"
            ecep:syllab="1"
            ecep:pron="ɒv">of</w>
         <c> </c>
         <w xml:id="o5125-477870"
            n="266-a-0820"
            ecep:lem="prude"
            ecep:pos="n2"
            ecep:reg="Prudes"
            ecep:spe="Prudes"
            ecep:syllab="1"
            ecep:pron="pruːdz">Prudes</w>
         <pc xml:id="o5125-477880"
             n="266-a-0830"
             ecep:lem=";"
             ecep:pos=";"
             ecep:reg=";"
             ecep:spe=";">;</pc>
      </l>
      <l xml:id="o5125-l23750">
         <c> </c>
         <w xml:id="o5125-477890"
            n="266-a-0840"
            ecep:lem="the"
            ecep:pos="dt"
            ecep:reg="The"
            ecep:spe="The"
            ecep:syllab="1"
            ecep:pron="ðiː">The</w>
         <c> </c>
         <w xml:id="o5125-477900"
            n="266-a-0850"
            ecep:lem="sigh"
            ecep:pos="n2"
            ecep:reg="Sighs"
            ecep:spe="Sighs"
            ecep:syllab="1"
            ecep:pron="saɪz">Sighs</w>
         <c> </c>
         <w xml:id="o5125-477910"
            n="266-a-0860"
            ecep:lem="of"
            ecep:pos="pp-f"
            ecep:reg="of"
            ecep:spe="of"
            ecep:syllab="1"
            ecep:pron="ɒv">of</w>
         <c> </c>
         <w xml:id="o5125-477920"
            n="266-a-0870"
            ecep:lem="widower"
            ecep:pos="n2"
            ecep:reg="Widowers"
            ecep:spe="Widowers"
            ecep:syllab="3"
            ecep:pron="ˈwɪdəʊəz">Widowers</w>
         <pc xml:id="o5125-477930"
             n="266-a-0880"
             ecep:lem=","
             ecep:pos=","
             ecep:reg=","
             ecep:spe=",">,</pc>
         <c> </c>
         <w xml:id="o5125-477940"
            n="266-a-0890"
            ecep:lem="and"
            ecep:pos="cc"
            ecep:reg="and"
            ecep:spe="and"
            ecep:syllab="1"
            ecep:pron="ænd">and</w>
         <c> </c>
         <w xml:id="o5125-477950"
            n="266-a-0900"
            ecep:lem="blend"
            ecep:pos="vvz"
            ecep:reg="blends"
            ecep:spe="blends"
            ecep:syllab="1"
            ecep:pron="blendz">blends</w>
         <c> </c>
         <w xml:id="o5125-477960"
            n="266-a-0910"
            ecep:lem="with"
            ecep:pos="p-acp"
            ecep:reg="with"
            ecep:spe="with"
            ecep:syllab="1"
            ecep:pron="wɪð">with</w>
         <c> </c>
         <w xml:id="o5125-477970"
            n="266-a-0920"
            ecep:lem="those"
            ecep:pos="d"
            ecep:reg="those"
            ecep:spe="those"
            ecep:syllab="1"
            ecep:pron="ðəʊz">those</w>
      </l>
      <l xml:id="o5125-l23755">
         <c> </c>
         <w xml:id="o5125-477980"
            n="266-a-0930"
            ecep:lem="the"
            ecep:pos="dt"
            ecep:reg="The"
            ecep:spe="The"
            ecep:syllab="1"
            ecep:pron="ðiː">The</w>
         <c> </c>
         <w xml:id="o5125-477990"
            n="266-a-0940"
            ecep:lem="vow"
            ecep:pos="n2"
            ecep:reg="Vows"
            ecep:spe="Vows"
            ecep:syllab="1"
            ecep:pron="vaʊz">Vows</w>
         <c> </c>
         <w xml:id="o5125-478000"
            n="266-a-0950"
            ecep:lem="of"
            ecep:pos="pp-f"
            ecep:reg="of"
            ecep:spe="of"
            ecep:syllab="1"
            ecep:pron="ɒv">of</w>
         <c> </c>
         <w xml:id="o5125-478010"
            n="266-a-0960"
            ecep:lem="lover"
            ecep:pos="n2"
            ecep:reg="Lovers"
            ecep:spe="Lovers"
            ecep:syllab="2"
            ecep:pron="ˈlʌvəz">Lovers</w>
         <c> </c>
         <w xml:id="o5125-478020"
            n="266-a-0970"
            ecep:lem="and"
            ecep:pos="cc"
            ecep:reg="and"
            ecep:spe="and"
            ecep:syllab="1"
            ecep:pron="ænd">and</w>
         <c> </c>
         <w xml:id="o5125-478030"
            n="266-a-0980"
            ecep:lem="the"
            ecep:pos="dt"
            ecep:reg="the"
            ecep:spe="the"
            ecep:syllab="1"
            ecep:pron="ðiː">the</w>
         <c> </c>
         <w xml:id="o5125-478040"
            n="266-a-0990"
            ecep:lem="brain"
            ecep:pos="n2"
            ecep:reg="Brains"
            ecep:spe="Brains"
            ecep:syllab="1"
            ecep:pron="breɪnz">Brains</w>
         <c> </c>
         <w xml:id="o5125-478050"
            n="266-a-1000"
            ecep:lem="of"
            ecep:pos="pp-f"
            ecep:reg="of"
            ecep:spe="of"
            ecep:syllab="1"
            ecep:pron="ɒv">of</w>
         <c> </c>
         <w xml:id="o5125-478060"
            n="266-a-1010"
            ecep:lem="beaux"
            ecep:pos="fw-fr"
            ecep:reg="Beaux"
            ecep:spe="Beaux"
            ecep:syllab="1"
            ecep:pron="bəʊz">Beaux</w>
         <pc xml:id="o5125-478070"
             n="266-a-1020"
             ecep:lem=";"
             ecep:pos=";"
             ecep:reg=";"
             ecep:spe=";">;</pc>
      </l>
      <l xml:id="o5125-l23760">
         <c> </c>
         <w xml:id="o5125-478080"
            n="266-a-1030"
            ecep:lem="the"
            ecep:pos="dt"
            ecep:reg="The"
            ecep:spe="The"
            ecep:syllab="1"
            ecep:pron="ðiː">The</w>
         <c> </c>
         <w xml:id="o5125-478090"
            n="266-a-1040"
            ecep:lem="miser"
            ecep:pos="ng1"
            ecep:reg="Miser's"
            ecep:spe="Miser's"
            ecep:syllab="2"
            ecep:pron="ˈmaɪzəz">Miser's</w>
         <c> </c>
         <w xml:id="o5125-478100"
            n="266-a-1050"
            ecep:lem="charity"
            ecep:pos="n1"
            ecep:reg="Charity"
            ecep:spe="Charity"
            ecep:syllab="3"
            ecep:pron="ˈtʃærɪti">Charity</w>
         <pc xml:id="o5125-478110"
             n="266-a-1060"
             ecep:lem=","
             ecep:pos=","
             ecep:reg=","
             ecep:spe=",">,</pc>
         <c> </c>
         <w xml:id="o5125-478120"
            n="266-a-1070"
            ecep:lem="the"
            ecep:pos="dt"
            ecep:reg="the"
            ecep:spe="the"
            ecep:syllab="1"
            ecep:pron="ðiː">the</w>
         <c> </c>
         <w xml:id="o5125-478130"
            n="266-a-1080"
            ecep:lem="drunkard"
            ecep:pos="ng1"
            ecep:reg="Drunkard's"
            ecep:spe="Drunkard's"
            ecep:syllab="2"
            ecep:pron="ˈdrʌŋkədz">Drunkard's</w>
         <c> </c>
         <w xml:id="o5125-478140"
            n="266-a-1090"
            ecep:lem="care"
            ecep:pos="n2"
            ecep:reg="Cares"
            ecep:spe="Cares"
            ecep:syllab="1"
            ecep:pron="keəz">Cares</w>
         <pc xml:id="o5125-478150"
             n="266-a-1100"
             ecep:lem=";"
             ecep:pos=";"
             ecep:reg=";"
             ecep:spe=";">;</pc>
      </l>
      <l xml:id="o5125-l23765">
         <c> </c>
         <w xml:id="o5125-478160"
            n="266-a-1110"
            ecep:lem="the"
            ecep:pos="dt"
            ecep:reg="The"
            ecep:spe="The"
            ecep:syllab="1"
            ecep:pron="ðiː">The</w>
         <c> </c>
         <w xml:id="o5125-478170"
            n="266-a-1120"
            ecep:lem="wealth"
            ecep:pos="n1"
            ecep:reg="Wealth"
            ecep:spe="Wealth"
            ecep:syllab="1"
            ecep:pron="welθ">Wealth</w>
         <c> </c>
         <w xml:id="o5125-478180"
            n="266-a-1130"
            ecep:lem="of"
            ecep:pos="pp-f"
            ecep:reg="of"
            ecep:spe="of"
            ecep:syllab="1"
            ecep:pron="ɒv">of</w>
         <c> </c>
         <w xml:id="o5125-478190"
            n="266-a-1140"
            ecep:lem="poet"
            ecep:pos="n2"
            ecep:reg="Poets"
            ecep:spe="Poets"
            ecep:syllab="2"
            ecep:pron="ˈpəʊɪts">Poets</w>
         <pc xml:id="o5125-478200"
             n="266-a-1150"
             ecep:lem=","
             ecep:pos=","
             ecep:reg=","
             ecep:spe=",">,</pc>
         <c> </c>
         <w xml:id="o5125-478210"
            n="266-a-1160"
            ecep:lem="and"
            ecep:pos="cc"
            ecep:reg="and"
            ecep:spe="and"
            ecep:syllab="1"
            ecep:pron="ænd">and</w>
         <c> </c>
         <w xml:id="o5125-478220"
            n="266-a-1170"
            ecep:lem="the"
            ecep:pos="dt"
            ecep:reg="the"
            ecep:spe="the"
            ecep:syllab="1"
            ecep:pron="ðiː">the</w>
         <c> </c>
         <w xml:id="o5125-478230"
            n="266-a-1180"
            ecep:lem="tear"
            ecep:pos="n2"
            ecep:reg="Tears"
            ecep:spe="Tears"
            ecep:syllab="1"
            ecep:pron="tɪəz">Tears</w>
         <c> </c>
         <w xml:id="o5125-478240"
            n="266-a-1190"
            ecep:lem="of"
            ecep:pos="pp-f"
            ecep:reg="of"
            ecep:spe="of"
            ecep:syllab="1"
            ecep:pron="ɒv">of</w>
         <c> </c>
         <w xml:id="o5125-478250"
            n="266-a-1200"
            ecep:lem="heir"
            ecep:pos="n2"
            ecep:reg="Heirs"
            ecep:spe="Heirs"
            ecep:syllab="1"
            ecep:pron="eəz">Heirs</w>
         <pc xml:id="o5125-478260"
             n="266-a-1210"
             ecep:lem=";"
             ecep:pos=";"
             ecep:reg=";"
             ecep:spe=";">;</pc>
      </l>
      <l xml:id="o5125-l23770">
         <c> </c>
         <hi>
            <w xml:id="o5125-478270.1"
               n="266-a-1220"
               rend="plain_apostrophe"
               ecep:lem="philander"
               ecep:pos="npg1"
               ecep:reg="Philander's"
               ecep:spe="Philander's"
               ecep:syllab="3"
               ecep:pron="fɪˈlændəz">Philander's</w>
         </hi>
         <c> </c>
         <w xml:id="o5125-478280"
            n="266-a-1230"
            ecep:lem="patience"
            ecep:pos="n1"
            ecep:reg="Patience"
            ecep:spe="Patience"
            ecep:syllab="2"
            ecep:pron="ˈpeɪʃns">Patience</w>
         <pc xml:id="o5125-478290"
             n="266-a-1240"
             ecep:lem=","
             ecep:pos=","
             ecep:reg=","
             ecep:spe=",">,</pc>
         <c> </c>
         <w xml:id="o5125-478300"
            n="266-a-1250"
            ecep:lem="when"
            ecep:pos="c-crq"
            ecep:reg="when"
            ecep:spe="when"
            ecep:syllab="1"
            ecep:pron="wen">when</w>
         <c> </c>
         <w xml:id="o5125-478310"
            n="266-a-1260"
            ecep:lem="his"
            ecep:pos="po31"
            ecep:reg="his"
            ecep:spe="his"
            ecep:syllab="1"
            ecep:pron="hɪz">his</w>
         <c> </c>
         <w xml:id="o5125-478320"
            n="266-a-1270"
            ecep:lem="lord"
            ecep:pos="n1"
            ecep:reg="Lord"
            ecep:spe="Lord"
            ecep:syllab="1"
            ecep:pron="lɔːd">Lord</w>
         <c> </c>
         <w xml:id="o5125-478330"
            n="266-a-1280"
            ecep:lem="deny"
            ecep:pos="vvz"
            ecep:reg="denies"
            ecep:spe="denies"
            ecep:syllab="2"
            ecep:pron="dɪˈnaɪz">denies</w>
      </l>
      <l xml:id="o5125-l23775">
         <c> </c>
         <w xml:id="o5125-478340"
            n="266-a-1290"
            ecep:lem="the"
            ecep:pos="dt"
            ecep:reg="The"
            ecep:spe="The"
            ecep:syllab="1"
            ecep:pron="ðiː">The</w>
         <c> </c>
         <w xml:id="o5125-478350"
            n="266-a-1300"
            ecep:lem="frown"
            ecep:pos="n2"
            ecep:reg="Frowns"
            ecep:spe="Frowns"
            ecep:syllab="1"
            ecep:pron="fraʊnz">Frowns</w>
         <c> </c>
         <w xml:id="o5125-478360"
            n="266-a-1310"
            ecep:lem="of"
            ecep:pos="pp-f"
            ecep:reg="of"
            ecep:spe="of"
            ecep:syllab="1"
            ecep:pron="ɒv">of</w>
         <c> </c>
         <hi>
            <w xml:id="o5125-478370"
               n="266-a-1320"
               ecep:lem="Celia"
               ecep:pos="np1"
               ecep:reg="Celia"
               ecep:spe="Celia"
               ecep:syllab="2"
               ecep:pron="ˈsiːliə">Celia</w>
            <pc xml:id="o5125-478380"
                n="266-a-1330"
                ecep:lem=","
                ecep:pos=","
                ecep:reg=","
                ecep:spe=",">,</pc>
         </hi>
         <c> </c>
         <w xml:id="o5125-478390"
            n="266-a-1340"
            ecep:lem="when"
            ecep:pos="c-crq"
            ecep:reg="when"
            ecep:spe="when"
            ecep:syllab="1"
            ecep:pron="wen">when</w>
         <c> </c>
         <w xml:id="o5125-478400"
            n="266-a-1350"
            ecep:lem="her"
            ecep:pos="po31"
            ecep:reg="her"
            ecep:spe="her"
            ecep:syllab="1"
            ecep:pron="hɜː">her</w>
         <c> </c>
         <w xml:id="o5125-478410"
            n="266-a-1360"
            ecep:lem="heart"
            ecep:pos="n1"
            ecep:reg="Heart"
            ecep:spe="Heart"
            ecep:syllab="1"
            ecep:pron="hɑːt">Heart</w>
         <c> </c>
         <w xml:id="o5125-478420"
            n="266-a-1370"
            ecep:lem="comply"
            ecep:pos="vvz"
            ecep:reg="complies"
            ecep:spe="complies"
            ecep:syllab="2"
            ecep:pron="kəmˈplaɪz">complies</w>
         <pc xml:id="o5125-478430"
             n="266-a-1380"
             ecep:lem=":"
             ecep:pos=":"
             ecep:reg=":"
             ecep:spe=":">:</pc>
      </l>
      <l xml:id="o5125-l23780">
         <c> </c>
         <w xml:id="o5125-478440"
            n="266-a-1390"
            ecep:lem="then"
            ecep:pos="av"
            ecep:reg="Then"
            ecep:spe="Then"
            ecep:syllab="1"
            ecep:pron="ðen">Then</w>
         <c> </c>
         <w xml:id="o5125-478450"
            n="266-a-1400"
            ecep:lem="with"
            ecep:pos="p-acp"
            ecep:reg="with"
            ecep:spe="with"
            ecep:syllab="1"
            ecep:pron="wɪð">with</w>
         <c> </c>
         <w xml:id="o5125-478460"
            n="266-a-1410"
            ecep:lem="a"
            ecep:pos="dt"
            ecep:reg="a"
            ecep:spe="a"
            ecep:syllab="1"
            ecep:pron="ə">a</w>
         <c> </c>
         <w xml:id="o5125-478470"
            n="266-a-1420"
            ecep:lem="breath"
            ecep:pos="n1"
            ecep:reg="Breath"
            ecep:spe="Breath"
            ecep:syllab="1"
            ecep:pron="breθ">Breath</w>
         <c> </c>
         <w xml:id="o5125-478480"
            n="266-a-1430"
            ecep:lem="along"
            ecep:pos="p-acp"
            ecep:reg="along"
            ecep:spe="along"
            ecep:syllab="2"
            ecep:pron="əˈlɒŋ">along</w>
         <c> </c>
         <w xml:id="o5125-478490"
            n="266-a-1440"
            ecep:lem="the"
            ecep:pos="dt"
            ecep:reg="the"
            ecep:spe="the"
            ecep:syllab="1"
            ecep:pron="ðiː">the</w>
         <c> </c>
         <w xml:id="o5125-478500"
            n="266-a-1450"
            ecep:lem="air"
            ecep:pos="n1"
            ecep:reg="Air"
            ecep:spe="Air"
            ecep:syllab="1"
            ecep:pron="eə">Air</w>
         <c> </c>
         <w xml:id="o5125-478510"
            n="266-a-1460"
            ecep:lem="he"
            ecep:pos="pns31"
            ecep:reg="he"
            ecep:spe="he"
            ecep:syllab="1"
            ecep:pron="hiː">he</w>
         <c> </c>
         <w xml:id="o5125-478520"
            n="266-a-1470"
            ecep:lem="drive"
            ecep:pos="vvz"
            ecep:reg="drives"
            ecep:spe="drives"
            ecep:syllab="1"
            ecep:pron="draɪvz">drives</w>
      </l>
      <l xml:id="o5125-l23785">
         <c> </c>
         <w xml:id="o5125-478530"
            n="266-a-1480"
            ecep:lem="the"
            ecep:pos="dt"
            ecep:reg="The"
            ecep:spe="The"
            ecep:syllab="1"
            ecep:pron="ðiː">The</w>
         <c> </c>
         <w xml:id="o5125-478540"
            n="266-a-1490"
            ecep:lem="love"
            ecep:pos="n1"
            ecep:reg="Love"
            ecep:spe="Love"
            ecep:syllab="1"
            ecep:pron="lʌv">Love</w>
         <c> </c>
         <w xml:id="o5125-478550"
            n="266-a-1500"
            ecep:lem="of"
            ecep:pos="pp-f"
            ecep:reg="of"
            ecep:spe="of"
            ecep:syllab="1"
            ecep:pron="ɒv">of</w>
         <c> </c>
         <w xml:id="o5125-478560"
            n="266-a-1510"
            ecep:lem="husband"
            ecep:pos="n2"
            ecep:reg="Husbands"
            ecep:spe="Husbands"
            ecep:syllab="2"
            ecep:pron="ˈhʌzbəndz">Husbands</w>
         <pc xml:id="o5125-478570"
             n="266-a-1520"
             ecep:lem=","
             ecep:pos=","
             ecep:reg=","
             ecep:spe=",">,</pc>
         <c> </c>
         <w xml:id="o5125-478580"
            n="266-a-1530"
            ecep:lem="and"
            ecep:pos="cc"
            ecep:reg="and"
            ecep:spe="and"
            ecep:syllab="1"
            ecep:pron="ænd">and</w>
         <c> </c>
         <w xml:id="o5125-478590"
            n="266-a-1540"
            ecep:lem="the"
            ecep:pos="dt"
            ecep:reg="the"
            ecep:spe="the"
            ecep:syllab="1"
            ecep:pron="ðiː">the</w>
         <c> </c>
         <w xml:id="o5125-478600"
            n="266-a-1550"
            ecep:lem="charm"
            ecep:pos="n2"
            ecep:reg="Charms"
            ecep:spe="Charms"
            ecep:syllab="1"
            ecep:pron="tʃɑːmz">Charms</w>
         <c> </c>
         <w xml:id="o5125-478610"
            n="266-a-1560"
            ecep:lem="of"
            ecep:pos="pp-f"
            ecep:reg="of"
            ecep:spe="of"
            ecep:syllab="1"
            ecep:pron="ɒv">of</w>
         <c> </c>
         <w xml:id="o5125-478620"
            n="266-a-1570"
            ecep:lem="wife"
            ecep:pos="n2"
            ecep:reg="Wives"
            ecep:spe="Wives"
            ecep:syllab="1"
            ecep:pron="waɪvz">Wives</w>
         <pc xml:id="o5125-478630"
             n="266-a-1580"
             ecep:lem=";"
             ecep:pos=";"
             ecep:reg=";"
             ecep:spe=";">;</pc>
      </l>
      <l xml:id="o5125-l23790">
         <c> </c>
         <w xml:id="o5125-478640"
            n="266-a-1590"
            ecep:lem="where"
            ecep:pos="q-crq"
            ecep:reg="Where"
            ecep:spe="Where"
            ecep:syllab="1"
            ecep:pron="weə">Where</w>
         <c> </c>
         <w xml:id="o5125-478650"
            n="266-a-1600"
            ecep:lem="trifle"
            ecep:pos="n2"
            ecep:reg="Trifles"
            ecep:spe="Trifles"
            ecep:syllab="2"
            ecep:pron="ˈtraɪflz">Trifles</w>
         <c> </c>
         <w xml:id="o5125-478660"
            n="266-a-1610"
            ecep:lem="dwell"
            ecep:pos="vvb"
            ecep:reg="dwell"
            ecep:spe="dwell"
            ecep:syllab="1"
            ecep:pron="dwel">dwell</w>
         <c> </c>
         <w xml:id="o5125-478670"
            n="266-a-1620"
            ecep:lem="sagacious"
            ecep:pos="j"
            ecep:reg="sagacious"
            ecep:spe="sagacious"
            ecep:syllab="3"
            ecep:pron="səˈgeɪʃəs">sagacious</w>
         <c> </c>
         <hi>
            <w xml:id="o5125-478680"
               n="266-a-1630"
               ecep:lem="Hermes"
               ecep:pos="np1"
               ecep:reg="Hermes"
               ecep:spe="Hermes"
               ecep:syllab="2"
               ecep:pron="ˈhɜːmiːz">Hermes</w>
         </hi>
         <c> </c>
         <w xml:id="o5125-478690"
            n="266-a-1640"
            ecep:lem="know"
            ecep:pos="vvd"
            ecep:reg="knew"
            ecep:spe="knew"
            ecep:syllab="1"
            ecep:pron="njuː">knew</w>
         <pc xml:id="o5125-478700"
             n="266-a-1650"
             ecep:lem=","
             ecep:pos=","
             ecep:reg=","
             ecep:spe=",">,</pc>
      </l>
      <l xml:id="o5125-l23795">
         <c> </c>
         <w xml:id="o5125-478710"
            n="266-a-1660"
            ecep:lem="the"
            ecep:pos="dt"
            ecep:reg="The"
            ecep:spe="The"
            ecep:syllab="1"
            ecep:pron="ðiː">The</w>
         <c> </c>
         <w xml:id="o5125-478720"
            n="266-a-1670"
            ecep:lem="wing"
            ecep:pos="j-vvn"
            ecep:reg="winged"
            ecep:spe="winged"
            ecep:syllab="1"
            ecep:pron="wɪŋd">winged</w>
         <c> </c>
         <w xml:id="o5125-478730"
            n="266-a-1680"
            ecep:lem="youth"
            ecep:pos="n1"
            ecep:reg="Youth"
            ecep:spe="Youth"
            ecep:syllab="1"
            ecep:pron="juːθ">Youth</w>
         <c> </c>
         <w xml:id="o5125-478740"
            n="266-a-1690"
            ecep:lem="to"
            ecep:pos="p-acp"
            ecep:reg="to"
            ecep:spe="to"
            ecep:syllab="1"
            ecep:pron="tuː">to</w>
         <c> </c>
         <w xml:id="o5125-478750"
            n="266-a-1700"
            ecep:lem="lordly"
            ecep:pos="j"
            ecep:reg="lordly"
            ecep:spe="lordly"
            ecep:syllab="2"
            ecep:pron="ˈlɔːdli">lordly</w>
         <c> </c>
         <w xml:id="o5125-478760"
            n="266-a-1710"
            ecep:lem="senate"
            ecep:pos="n2"
            ecep:reg="Senates"
            ecep:spe="Senates"
            ecep:syllab="3"
            ecep:pron="ˈsenɪts">Senates</w>
         <c> </c>
         <w xml:id="o5125-478770"
            n="266-a-1720"
            ecep:lem="fly"
            ecep:pos="vvd"
            ecep:reg="flew"
            ecep:spe="flew"
            ecep:syllab="1"
            ecep:pron="fluː">flew</w>
         <pc xml:id="o5125-478780"
             n="266-a-1730"
             ecep:lem=";"
             ecep:pos=";"
             ecep:reg=";"
             ecep:spe=";">;</pc>
      </l>
      <l xml:id="o5125-l23800">
         <c> </c>
         <w xml:id="o5125-478790"
            n="266-a-1740"
            ecep:lem="from"
            ecep:pos="p-acp"
            ecep:reg="From"
            ecep:spe="From"
            ecep:syllab="1"
            ecep:pron="frɒm">From</w>
         <c> </c>
         <w xml:id="o5125-478800"
            n="266-a-1750"
            ecep:lem="thence"
            ecep:pos="av"
            ecep:reg="thence"
            ecep:spe="thence"
            ecep:syllab="1"
            ecep:pron="ðens">thence</w>
         <c> </c>
         <w xml:id="o5125-478810"
            n="266-a-1760"
            ecep:lem="debate"
            ecep:pos="n2"
            ecep:reg="Debates"
            ecep:spe="Debates"
            ecep:syllab="2"
            ecep:pron="dɪˈbeɪts">Debates</w>
         <c> </c>
         <w xml:id="o5125-478820"
            n="266-a-1770"
            ecep:lem="and"
            ecep:pos="cc"
            ecep:reg="and"
            ecep:spe="and"
            ecep:syllab="1"
            ecep:pron="ænd">and</w>
         <c> </c>
         <w xml:id="o5125-478830"
            n="266-a-1780"
            ecep:lem="long"
            ecep:pos="j"
            ecep:reg="long"
            ecep:spe="long"
            ecep:syllab="1"
            ecep:pron="lɒŋ">long</w>
         <c> </c>
         <w xml:id="o5125-478840"
            n="266-a-1790"
            ecep:lem="harangue"
            ecep:pos="n2"
            ecep:reg="Harangues"
            ecep:spe="Harangues"
            ecep:syllab="2"
            ecep:pron="həˈræŋz">Harangues</w>
         <c> </c>
         <w xml:id="o5125-478850"
            n="266-a-1800"
            ecep:lem="to"
            ecep:pos="pc-acp"
            ecep:reg="to"
            ecep:spe="to"
            ecep:syllab="1"
            ecep:pron="tuː">to</w>
         <c> </c>
         <w xml:id="o5125-478860"
            n="266-a-1810"
            ecep:lem="cull"
            ecep:pos="vvi"
            ecep:reg="cull"
            ecep:spe="cull"
            ecep:syllab="1"
            ecep:pron="kʌl">cull</w>
         <pc xml:id="o5125-478870"
             n="266-a-1820"
             ecep:lem=","
             ecep:pos=","
             ecep:reg=","
             ecep:spe=",">,</pc>
      </l>
      <l xml:id="o5125-l23805">
         <c> </c>
         <w xml:id="o5125-478880"
            n="266-a-1830"
            ecep:lem="and"
            ecep:pos="cc"
            ecep:reg="And"
            ecep:spe="And"
            ecep:syllab="1"
            ecep:pron="ænd">And</w>
         <c> </c>
         <w xml:id="o5125-478890"
            n="266-a-1840"
            ecep:lem="steep"
            ecep:pos="vvd"
            ecep:reg="steeped"
            ecep:spe="steep'd"
            ecep:syllab="1"
            ecep:pron="stiːpt">steep'd</w>
         <c> </c>
         <w xml:id="o5125-478900"
            n="266-a-1850"
            ecep:lem="they"
            ecep:pos="pno32"
            ecep:reg="them"
            ecep:spe="them"
            ecep:syllab="1"
            ecep:pron="ðem">them</w>
         <c> </c>
         <w xml:id="o5125-478910"
            n="266-a-1860"
            ecep:lem="soft"
            ecep:pos="av-j"
            ecep:reg="softly"
            ecep:spe="softly"
            ecep:syllab="2"
            ecep:pron="sɒftli">softly</w>
         <c> </c>
         <w xml:id="o5125-478920"
            n="266-a-1870"
            ecep:lem="in"
            ecep:pos="p-acp"
            ecep:reg="in"
            ecep:spe="in"
            ecep:syllab="1"
            ecep:pron="ɪn">in</w>
         <c> </c>
         <w xml:id="o5125-478930"
            n="266-a-1880"
            ecep:lem="a"
            ecep:pos="dt"
            ecep:reg="a"
            ecep:spe="a"
            ecep:syllab="1"
            ecep:pron="ə">a</w>
         <c> </c>
         <w xml:id="o5125-478940"
            n="266-a-1890"
            ecep:lem="statesman"
            ecep:pos="ng1"
            ecep:reg="Statesman's"
            ecep:spe="Statesman's"
            ecep:syllab="2"
            ecep:pron="ˈsteɪtsmənz">Statesman's</w>
         <c> </c>
         <w xml:id="o5125-478950"
            n="266-a-1900"
            ecep:lem="skull"
            ecep:pos="n1"
            ecep:reg="Skull"
            ecep:spe="Skull"
            ecep:syllab="1"
            ecep:pron="skʌl">Skull</w>
         <pc xml:id="o5125-478960"
             n="266-a-1910"
             unit="sentence"
             ecep:lem="."
             ecep:pos="."
             ecep:reg="."
             ecep:spe=".">.</pc>
         <c> </c>
      </l>
      <pb facs="o5125/0273" n="249" rend="none"/>
      <l xml:id="o5125-l23810">
         <w xml:id="o5125-478970"
            n="267-a-0010"
            ecep:lem="and"
            ecep:pos="cc"
            ecep:reg="And"
            ecep:spe="And"
            ecep:syllab="1"
            ecep:pron="ænd">And</w>
         <c> </c>
         <w xml:id="o5125-478980"
            n="267-a-0020"
            ecep:lem="now"
            ecep:pos="av"
            ecep:reg="now"
            ecep:spe="now"
            ecep:syllab="1"
            ecep:pron="naʊ">now</w>
         <c> </c>
         <w xml:id="o5125-478990"
            n="267-a-0030"
            ecep:lem="the"
            ecep:pos="dt"
            ecep:reg="the"
            ecep:spe="the"
            ecep:syllab="1"
            ecep:pron="ðiː">the</w>
         <c> </c>
         <w xml:id="o5125-479000"
            n="267-a-0040"
            ecep:lem="frothy"
            ecep:pos="j"
            ecep:reg="frothy"
            ecep:spe="frothy"
            ecep:syllab="2"
            ecep:pron="ˈfrɒθi">frothy</w>
         <c> </c>
         <w xml:id="o5125-479010"
            n="267-a-0050"
            ecep:lem="dish"
            ecep:pos="n1"
            ecep:reg="Dish"
            ecep:spe="Dish"
            ecep:syllab="1"
            ecep:pron="dɪʃ">Dish</w>
         <c> </c>
         <w xml:id="o5125-479020"
            n="267-a-0060"
            ecep:lem="begin"
            ecep:pos="vvd"
            ecep:reg="began"
            ecep:spe="began"
            ecep:syllab="2"
            ecep:pron="bɪˈgæn">began</w>
         <c> </c>
         <w xml:id="o5125-479030"
            n="267-a-0070"
            ecep:lem="to"
            ecep:pos="pc-acp"
            ecep:reg="to"
            ecep:spe="to"
            ecep:syllab="1"
            ecep:pron="tuː">to</w>
         <c> </c>
         <w xml:id="o5125-479040"
            n="267-a-0080"
            ecep:lem="seem"
            ecep:pos="vvi"
            ecep:reg="seem"
            ecep:spe="seem"
            ecep:syllab="1"
            ecep:pron="siːm">seem</w>
         <pc xml:id="o5125-479050"
             n="267-a-0090"
             ecep:lem=","
             ecep:pos=","
             ecep:reg=","
             ecep:spe=",">,</pc>
      </l>
      <l xml:id="o5125-l23815">
         <c> </c>
         <w xml:id="o5125-479060"
            n="267-a-0100"
            ecep:lem="a"
            ecep:pos="dt"
            ecep:reg="A"
            ecep:spe="A"
            ecep:syllab="1"
            ecep:pron="ə">A</w>
         <c> </c>
         <w xml:id="o5125-479070"
            n="267-a-0110"
            ecep:lem="proper"
            ecep:pos="j"
            ecep:reg="proper"
            ecep:spe="proper"
            ecep:syllab="2"
            ecep:pron="ˈprɒpə">proper</w>
         <c> </c>
         <w xml:id="o5125-479080"
            n="267-a-0120"
            ecep:lem="viand"
            ecep:pos="n1"
            ecep:reg="Viand"
            ecep:spe="Viand"
            ecep:syllab="2"
            ecep:pron="ˈvaɪənd">Viand</w>
         <c> </c>
         <w xml:id="o5125-479090"
            n="267-a-0130"
            ecep:lem="for"
            ecep:pos="p-acp"
            ecep:reg="for"
            ecep:spe="for"
            ecep:syllab="1"
            ecep:pron="fɔː">for</w>
         <c> </c>
         <w xml:id="o5125-479100"
            n="267-a-0140"
            ecep:lem="his"
            ecep:pos="po31"
            ecep:reg="his"
            ecep:spe="his"
            ecep:syllab="1"
            ecep:pron="hɪz">his</w>
         <c> </c>
         <w xml:id="o5125-479110"
            n="267-a-0150"
            ecep:lem="sickly"
            ecep:pos="j"
            ecep:reg="sickly"
            ecep:spe="sickly"
            ecep:syllab="2"
            ecep:pron="ˈsɪkli">sickly</w>
         <c> </c>
         <w xml:id="o5125-479120"
            n="267-a-0160"
            ecep:lem="queen"
            ecep:pos="n1"
            ecep:reg="Queen"
            ecep:spe="Queen"
            ecep:syllab="1"
            ecep:pron="kwiːn">Queen</w>
         <pc xml:id="o5125-479130"
             n="267-a-0170"
             ecep:lem=":"
             ecep:pos=":"
             ecep:reg=":"
             ecep:spe=":">:</pc>
      </l>
      <l xml:id="o5125-l23820">
         <c> </c>
         <w xml:id="o5125-479140"
            n="267-a-0180"
            ecep:lem="to"
            ecep:pos="pc-acp"
            ecep:reg="To"
            ecep:spe="To"
            ecep:syllab="1"
            ecep:pron="tuː">To</w>
         <c> </c>
         <w xml:id="o5125-479150"
            n="267-a-0190"
            ecep:lem="crown"
            ecep:pos="vvi"
            ecep:reg="crown"
            ecep:spe="crown"
            ecep:syllab="1"
            ecep:pron="kraʊn">crown</w>
         <c> </c>
         <w xml:id="o5125-479160"
            n="267-a-0200"
            ecep:lem="the"
            ecep:pos="dt"
            ecep:reg="the"
            ecep:spe="the"
            ecep:syllab="1"
            ecep:pron="ðiː">the</w>
         <c> </c>
         <w xml:id="o5125-479170"
            n="267-a-0210"
            ecep:lem="rest"
            ecep:pos="n1"
            ecep:reg="rest"
            ecep:spe="rest"
            ecep:syllab="1"
            ecep:pron="rest">rest</w>
         <pc xml:id="o5125-479180"
             n="267-a-0220"
             ecep:lem=","
             ecep:pos=","
             ecep:reg=","
             ecep:spe=",">,</pc>
         <c> </c>
         <w xml:id="o5125-479190"
            n="267-a-0230"
            ecep:lem="he"
            ecep:pos="pns31"
            ecep:reg="he"
            ecep:spe="he"
            ecep:syllab="1"
            ecep:pron="hiː">he</w>
         <c> </c>
         <w xml:id="o5125-479200"
            n="267-a-0240"
            ecep:lem="meet"
            ecep:pos="vvd"
            ecep:reg="met"
            ecep:spe="met"
            ecep:syllab="1"
            ecep:pron="met">met</w>
         <c> </c>
         <w xml:id="o5125-479210"
            n="267-a-0250"
            ecep:lem="by"
            ecep:pos="p-acp"
            ecep:reg="by"
            ecep:spe="by"
            ecep:syllab="1"
            ecep:pron="baɪ">by</w>
         <c> </c>
         <w xml:id="o5125-479220"
            n="267-a-0260"
            ecep:lem="lucky"
            ecep:pos="j"
            ecep:reg="lucky"
            ecep:spe="lucky"
            ecep:syllab="2"
            ecep:pron="ˈlʌki">lucky</w>
         <c> </c>
         <w xml:id="o5125-479230"
            n="267-a-0270"
            ecep:lem="chance"
            ecep:pos="n1"
            ecep:reg="Chance"
            ecep:spe="Chance"
            ecep:syllab="1"
            ecep:pron="tʃɑːns">Chance</w>
      </l>
      <l xml:id="o5125-l23825">
         <c> </c>
         <w xml:id="o5125-479240"
            n="267-a-0280"
            ecep:lem="the"
            ecep:pos="dt"
            ecep:reg="The"
            ecep:spe="The"
            ecep:syllab="1"
            ecep:pron="ðiː">The</w>
         <c> </c>
         <w xml:id="o5125-479250"
            n="267-a-0290"
            ecep:lem="wit"
            ecep:pos="n1"
            ecep:reg="Wit"
            ecep:spe="Wit"
            ecep:syllab="1"
            ecep:pron="wɪt">Wit</w>
         <c> </c>
         <w xml:id="o5125-479260"
            n="267-a-0300"
            ecep:lem="of"
            ecep:pos="pp-f"
            ecep:reg="of"
            ecep:spe="of"
            ecep:syllab="1"
            ecep:pron="ɒv">of</w>
         <c> </c>
         <hi>
            <w xml:id="o5125-479270"
               n="267-a-0310"
               ecep:lem="England"
               ecep:pos="np1"
               ecep:reg="England"
               ecep:spe="England"
               ecep:syllab="2"
               ecep:pron="ˈɪŋglənd">England</w>
            <pc xml:id="o5125-479280"
                n="267-a-0320"
                ecep:lem=","
                ecep:pos=","
                ecep:reg=","
                ecep:spe=",">,</pc>
         </hi>
         <c> </c>
         <w xml:id="o5125-479290"
            n="267-a-0330"
            ecep:lem="and"
            ecep:pos="cc"
            ecep:reg="and"
            ecep:spe="and"
            ecep:syllab="1"
            ecep:pron="ænd">and</w>
         <c> </c>
         <w xml:id="o5125-479300"
            n="267-a-0340"
            ecep:lem="the"
            ecep:pos="dt"
            ecep:reg="the"
            ecep:spe="the"
            ecep:syllab="1"
            ecep:pron="ðiː">the</w>
         <c> </c>
         <w xml:id="o5125-479310"
            n="267-a-0350"
            ecep:lem="truth"
            ecep:pos="n1"
            ecep:reg="Truth"
            ecep:spe="Truth"
            ecep:syllab="1"
            ecep:pron="truːθ">Truth</w>
         <c> </c>
         <w xml:id="o5125-479320"
            n="267-a-0360"
            ecep:lem="of"
            ecep:pos="pp-f"
            ecep:reg="of"
            ecep:spe="of"
            ecep:syllab="1"
            ecep:pron="ɒv">of</w>
         <c> </c>
         <hi>
            <w xml:id="o5125-479330"
               n="267-a-0370"
               ecep:lem="France"
               ecep:pos="np1"
               ecep:reg="France"
               ecep:spe="France"
               ecep:syllab="1"
               ecep:pron="ˈfrɑːns">France</w>
            <pc xml:id="o5125-479340"
                n="267-a-0380"
                unit="sentence"
                ecep:lem="."
                ecep:pos="."
                ecep:reg="."
                ecep:spe=".">.</pc>
            <c> </c>
         </hi>
      </l>
   </lg>
</div>
