<?xml version="1.0" encoding="utf-8"?>
<!DOCTYPE div
  SYSTEM "about:legacy-compat">
<div xmlns:ecep="http://www.eighteenthcenturypoetry.org/ns"
     xmlns="http://www.tei-c.org/ns/1.0"
     xmlns:tei="http://www.tei-c.org/ns/1.0"
     ana="#iamb #pentameter #sestet #pair #epitaph"
     corresp="#txt_JohnSa1709_w0005"
     decls="#semi-normalized"
     ecep:syllab="10.10.10.10.10.10"
     met="-+|-+|-+|-+|-+/ -+|-+|-+|-+|-+/ -+|-+|-+|-+|-+/ -+|-+|-+|-+|-+/ -+|-+|-+|-+|-+/ -+|-+|-+|-+|-+/"
     rendition="#lgvspace"
     rhyme="aabbcc"
     subtype="eceptext"
     type="epitaph"
     xml:id="o5089-w0550">
   <link target="authors.xml#aut_JohnSa1709" type="author"/>
   <link target="19700" type="DMI"/>
   <head type="main">
      <w xml:id="o5089-468810"
         n="215-a-0010"
         ecep:lem="epitaph"
         ecep:pos="n1"
         ecep:reg="EPITAPH"
         ecep:spe="EPITAPH"
         ecep:syllab="3"
         ecep:pron="ˈepɪtɑːf">EPITAPH</w>
      <c> </c>
      <w xml:id="o5089-468820"
         n="215-a-0020"
         ecep:lem="on"
         ecep:pos="p-acp"
         ecep:reg="ON"
         ecep:spe="ON"
         ecep:syllab="1"
         ecep:pron="ɒn">ON</w>
      <c> </c>
      <w xml:id="o5089-468830"
         n="215-a-0030"
         ecep:lem="Claudius"
         ecep:pos="np1"
         ecep:reg="CLAUDIUS"
         ecep:spe="CLAUDIUS"
         ecep:syllab="3"
         ecep:pron="ˈklɔːdiəs">CLAUDIUS</w>
      <c> </c>
      <w xml:id="o5089-468840"
         n="215-a-0040"
         ecep:lem="Phillips"
         ecep:pos="np1"
         ecep:reg="PHILLIPS"
         ecep:spe="PHILLIPS"
         ecep:syllab="2"
         ecep:pron="ˈfɪlɪps">PHILLIPS</w>
      <pc xml:id="o5089-468850"
          n="215-a-0050"
          unit="sentence"
          ecep:lem="."
          ecep:pos="."
          ecep:reg="."
          ecep:spe=".">.</pc>
   </head>
   <byline>
      <w xml:id="o5089-468880"
         n="215-a-0060"
         ecep:lem="by"
         ecep:pos="p-acp"
         ecep:reg="BY"
         ecep:spe="BY"
         ecep:syllab="1"
         ecep:pron="baɪ">BY</w>
      <c> </c>
      <w xml:id="o5089-468890"
         n="215-a-0070"
         ecep:lem="the"
         ecep:pos="dt"
         ecep:reg="THE"
         ecep:spe="THE"
         ecep:syllab="1"
         ecep:pron="ðiː">THE</w>
      <c> </c>
      <w xml:id="o5089-468900"
         n="215-a-0080"
         ecep:lem="same"
         ecep:pos="d"
         ecep:reg="SAME"
         ecep:spe="SAME"
         ecep:syllab="1"
         ecep:pron="seɪm">SAME</w>
      <pc xml:id="o5089-468910"
          n="215-a-0090"
          unit="sentence"
          ecep:lem="."
          ecep:pos="."
          ecep:reg="."
          ecep:spe=".">.</pc>
   </byline>
   <lg xml:id="o5089-s03065">
      <l xml:id="o5089-l25130">
         <w xml:id="o5089-468940"
            n="215-a-0100"
            ecep:lem="Phillips"
            ecep:pos="np1"
            ecep:reg="PHILLIPS"
            ecep:spe="PHILLIPS"
            ecep:syllab="2"
            ecep:pron="ˈfɪlɪps">PHILLIPS</w>
         <pc xml:id="o5089-468950"
             n="215-a-0110"
             ecep:lem="!"
             ecep:pos="!"
             ecep:reg="!"
             ecep:spe="!">!</pc>
         <c> </c>
         <w xml:id="o5089-468960"
            n="215-a-0120"
            ecep:lem="who"
            ecep:pos="q-crq"
            ecep:reg="whose"
            ecep:spe="whose"
            ecep:syllab="1"
            ecep:pron="huːz">whose</w>
         <c> </c>
         <w xml:id="o5089-468970"
            n="215-a-0130"
            ecep:lem="touch"
            ecep:pos="vvb"
            ecep:reg="touch"
            ecep:spe="touch"
            ecep:syllab="1"
            ecep:pron="tʌtʃ">touch</w>
         <c> </c>
         <w xml:id="o5089-468980"
            n="215-a-0140"
            ecep:lem="harmonious"
            ecep:pos="j"
            ecep:reg="harmonious"
            ecep:spe="harmonious"
            ecep:syllab="4"
            ecep:pron="hɑːˈməʊniəs">harmonious</w>
         <c> </c>
         <w xml:id="o5089-468990"
            n="215-a-0150"
            ecep:lem="can"
            ecep:pos="vmd"
            ecep:reg="could"
            ecep:spe="could"
            ecep:syllab="1"
            ecep:pron="kʊd">could</w>
         <c> </c>
         <w xml:id="o5089-469000"
            n="215-a-0160"
            ecep:lem="remove"
            ecep:pos="vvi"
            ecep:reg="remove"
            ecep:spe="remove"
            ecep:syllab="2"
            ecep:pron="riˈmuːv">remove</w>
      </l>
      <l xml:id="o5089-l25135">
         <c> </c>
         <w xml:id="o5089-469010"
            n="215-a-0170"
            ecep:lem="the"
            ecep:pos="dt"
            ecep:reg="The"
            ecep:spe="The"
            ecep:syllab="1"
            ecep:pron="ðiː">The</w>
         <c> </c>
         <w xml:id="o5089-469020"
            n="215-a-0180"
            ecep:lem="pang"
            ecep:pos="n2"
            ecep:reg="pangs"
            ecep:spe="pangs"
            ecep:syllab="1"
            ecep:pron="pæŋz">pangs</w>
         <c> </c>
         <w xml:id="o5089-469030"
            n="215-a-0190"
            ecep:lem="of"
            ecep:pos="pp-f"
            ecep:reg="of"
            ecep:spe="of"
            ecep:syllab="1"
            ecep:pron="ɒv">of</w>
         <c> </c>
         <w xml:id="o5089-469040"
            n="215-a-0200"
            ecep:lem="guiltless"
            ecep:pos="j"
            ecep:reg="guiltless"
            ecep:spe="guiltless"
            ecep:syllab="2"
            ecep:pron="ˈgɪltləs">guiltless</w>
         <c> </c>
         <w xml:id="o5089-469050"
            n="215-a-0210"
            ecep:lem="power"
            ecep:pos="n1"
            ecep:reg="power"
            ecep:spe="power"
            ecep:syllab="1"
            ecep:pron="ˈpaʊə">power</w>
         <c> </c>
         <w xml:id="o5089-469060"
            n="215-a-0220"
            ecep:lem="or"
            ecep:pos="cc"
            ecep:reg="or"
            ecep:spe="or"
            ecep:syllab="1"
            ecep:pron="ɔː">or</w>
         <c> </c>
         <w xml:id="o5089-469070"
            n="215-a-0230"
            ecep:lem="hapless"
            ecep:pos="j"
            ecep:reg="hapless"
            ecep:spe="hapless"
            ecep:syllab="2"
            ecep:pron="ˈhæpləs">hapless</w>
         <c> </c>
         <w xml:id="o5089-469080"
            n="215-a-0240"
            ecep:lem="love"
            ecep:pos="n1"
            ecep:reg="love"
            ecep:spe="love"
            ecep:syllab="1"
            ecep:pron="lʌv">love</w>
         <pc xml:id="o5089-469090"
             n="215-a-0250"
             ecep:lem=","
             ecep:pos=","
             ecep:reg=","
             ecep:spe=",">,</pc>
      </l>
      <l xml:id="o5089-l25140">
         <c> </c>
         <w xml:id="o5089-469100"
            n="215-a-0260"
            ecep:lem="rest"
            ecep:pos="vvb"
            ecep:reg="Rest"
            ecep:spe="Rest"
            ecep:syllab="1"
            ecep:pron="rest">Rest</w>
         <c> </c>
         <w xml:id="o5089-469110"
            n="215-a-0270"
            ecep:lem="here"
            ecep:pos="av"
            ecep:reg="here"
            ecep:spe="here"
            ecep:syllab="1"
            ecep:pron="hɪə">here</w>
         <c> </c>
         <w xml:id="o5089-469120"
            n="215-a-0280"
            ecep:lem="oppress"
            ecep:pos="vvn"
            ecep:reg="oppressed"
            ecep:spe="oppress'd"
            ecep:syllab="2"
            ecep:pron="əˈprest">oppress'd</w>
         <c> </c>
         <w xml:id="o5089-469130"
            n="215-a-0290"
            ecep:lem="by"
            ecep:pos="p-acp"
            ecep:reg="by"
            ecep:spe="by"
            ecep:syllab="1"
            ecep:pron="baɪ">by</w>
         <c> </c>
         <w xml:id="o5089-469140"
            n="215-a-0300"
            ecep:lem="poverty"
            ecep:pos="n1"
            ecep:reg="poverty"
            ecep:spe="poverty"
            ecep:syllab="3"
            ecep:pron="ˈpɒvəti">poverty</w>
         <c> </c>
         <w xml:id="o5089-469150"
            n="215-a-0310"
            ecep:lem="no"
            ecep:pos="av-dx"
            ecep:reg="no"
            ecep:spe="no"
            ecep:syllab="1"
            ecep:pron="nəʊ">no</w>
         <c> </c>
         <w xml:id="o5089-469160"
            n="215-a-0320"
            ecep:lem="more"
            ecep:pos="av-dc"
            ecep:reg="more"
            ecep:spe="more"
            ecep:syllab="1"
            ecep:pron="mɔː">more</w>
         <pc xml:id="o5089-469170"
             n="215-a-0330"
             ecep:lem=","
             ecep:pos=","
             ecep:reg=","
             ecep:spe=",">,</pc>
      </l>
      <l xml:id="o5089-l25145">
         <c> </c>
         <w xml:id="o5089-469180"
            n="215-a-0340"
            ecep:lem="here"
            ecep:pos="av"
            ecep:reg="Here"
            ecep:spe="Here"
            ecep:syllab="1"
            ecep:pron="hɪə">Here</w>
         <c> </c>
         <w xml:id="o5089-469190"
            n="215-a-0350"
            ecep:lem="find"
            ecep:pos="vvb"
            ecep:reg="find"
            ecep:spe="find"
            ecep:syllab="1"
            ecep:pron="faɪnd">find</w>
         <c> </c>
         <w xml:id="o5089-469200"
            n="215-a-0360"
            ecep:lem="that"
            ecep:pos="d"
            ecep:reg="that"
            ecep:spe="that"
            ecep:syllab="1"
            ecep:pron="ðæt">that</w>
         <c> </c>
         <w xml:id="o5089-469210"
            n="215-a-0370"
            ecep:lem="calm"
            ecep:pos="n-jn"
            ecep:reg="calm"
            ecep:spe="calm"
            ecep:syllab="1"
            ecep:pron="kɑːm">calm</w>
         <c> </c>
         <w xml:id="o5089-469220"
            n="215-a-0380"
            ecep:lem="thou"
            ecep:pos="pns21"
            ecep:reg="thou"
            ecep:spe="thou"
            ecep:syllab="1"
            ecep:pron="θaʊ">thou</w>
         <c> </c>
         <w xml:id="o5089-469230"
            n="215-a-0390"
            ecep:lem="give"
            ecep:pos="vvd2"
            ecep:reg="gavest"
            ecep:spe="gav'st"
            ecep:syllab="1"
            ecep:pron="gˈævst">gav'st</w>
         <c> </c>
         <w xml:id="o5089-469240"
            n="215-a-0400"
            ecep:lem="so"
            ecep:pos="av"
            ecep:reg="so"
            ecep:spe="so"
            ecep:syllab="1"
            ecep:pron="səʊ">so</w>
         <c> </c>
         <w xml:id="o5089-469250"
            n="215-a-0410"
            ecep:lem="oft"
            ecep:pos="av"
            ecep:reg="oft"
            ecep:spe="oft"
            ecep:syllab="1"
            ecep:pron="ɒft">oft</w>
         <c> </c>
         <w xml:id="o5089-469260"
            n="215-a-0420"
            ecep:lem="before"
            ecep:pos="a-acp"
            ecep:reg="before"
            ecep:spe="before"
            ecep:syllab="2"
            ecep:pron="biˈfɔː">before</w>
         <pc xml:id="o5089-469270"
             n="215-a-0430"
             ecep:lem=":"
             ecep:pos=":"
             ecep:reg=":"
             ecep:spe=":">:</pc>
      </l>
      <l xml:id="o5089-l25150">
         <c> </c>
         <w xml:id="o5089-469280"
            n="215-a-0440"
            ecep:lem="rest"
            ecep:pos="vvb"
            ecep:reg="Rest"
            ecep:spe="Rest"
            ecep:syllab="1"
            ecep:pron="rest">Rest</w>
         <c> </c>
         <w xml:id="o5089-469290"
            n="215-a-0450"
            ecep:lem="undisturbed"
            ecep:pos="j"
            ecep:reg="undisturbed"
            ecep:spe="undisturb'd"
            ecep:syllab="3"
            ecep:pron="ˌʌndɪˈstɜːbd">undisturb'd</w>
         <c> </c>
         <w xml:id="o5089-469300"
            n="215-a-0460"
            ecep:lem="within"
            ecep:pos="p-acp"
            ecep:reg="within"
            ecep:spe="within"
            ecep:syllab="2"
            ecep:pron="wɪðˈɪn">within</w>
         <c> </c>
         <w xml:id="o5089-469310"
            n="215-a-0470"
            ecep:lem="this"
            ecep:pos="d"
            ecep:reg="this"
            ecep:spe="this"
            ecep:syllab="1"
            ecep:pron="ðɪs">this</w>
         <c> </c>
         <w xml:id="o5089-469320"
            n="215-a-0480"
            ecep:lem="humble"
            ecep:pos="j"
            ecep:reg="humble"
            ecep:spe="humble"
            ecep:syllab="2"
            ecep:pron="ˈhʌmbl">humble</w>
         <c> </c>
         <w xml:id="o5089-469330"
            n="215-a-0490"
            ecep:lem="shrine"
            ecep:pos="n1"
            ecep:reg="shrine"
            ecep:spe="shrine"
            ecep:syllab="1"
            ecep:pron="ʃraɪn">shrine</w>
         <pc xml:id="o5089-469340"
             n="215-a-0500"
             ecep:lem=","
             ecep:pos=","
             ecep:reg=","
             ecep:spe=",">,</pc>
      </l>
      <l xml:id="o5089-l25155">
         <c> </c>
         <w xml:id="o5089-469350"
            n="215-a-0510"
            ecep:lem="till"
            ecep:pos="c-acp"
            ecep:reg="Till"
            ecep:spe="Till"
            ecep:syllab="1"
            ecep:pron="tɪl">Till</w>
         <c> </c>
         <w xml:id="o5089-469360"
            n="215-a-0520"
            ecep:lem="angel"
            ecep:pos="n2"
            ecep:reg="angels"
            ecep:spe="angels"
            ecep:syllab="2"
            ecep:pron="ˈeɪndʒlz">angels</w>
         <c> </c>
         <w xml:id="o5089-469370"
            n="215-a-0530"
            ecep:lem="wake"
            ecep:pos="vvb"
            ecep:reg="wake"
            ecep:spe="wake"
            ecep:syllab="1"
            ecep:pron="weɪk">wake</w>
         <c> </c>
         <w xml:id="o5089-469380"
            n="215-a-0540"
            ecep:lem="thou"
            ecep:pos="pno21"
            ecep:reg="thee"
            ecep:spe="thee"
            ecep:syllab="1"
            ecep:pron="ðiː">thee</w>
         <c> </c>
         <w xml:id="o5089-469390"
            n="215-a-0550"
            ecep:lem="with"
            ecep:pos="p-acp"
            ecep:reg="with"
            ecep:spe="with"
            ecep:syllab="1"
            ecep:pron="wɪð">with</w>
         <c> </c>
         <w xml:id="o5089-469400"
            n="215-a-0560"
            ecep:lem="a"
            ecep:pos="dt"
            ecep:reg="a"
            ecep:spe="a"
            ecep:syllab="1"
            ecep:pron="ə">a</w>
         <c> </c>
         <w xml:id="o5089-469410"
            n="215-a-0570"
            ecep:lem="note"
            ecep:pos="n1"
            ecep:reg="note"
            ecep:spe="note"
            ecep:syllab="1"
            ecep:pron="nəʊt">note</w>
         <c> </c>
         <w xml:id="o5089-469420"
            n="215-a-0580"
            ecep:lem="like"
            ecep:pos="vvb"
            ecep:reg="like"
            ecep:spe="like"
            ecep:syllab="1"
            ecep:pron="laɪk">like</w>
         <c> </c>
         <w xml:id="o5089-469430"
            n="215-a-0590"
            ecep:lem="thy"
            ecep:pos="po21"
            ecep:reg="thine"
            ecep:spe="thine"
            ecep:syllab="1"
            ecep:pron="ðaɪn">thine</w>
         <pc xml:id="o5089-469440"
             n="215-a-0600"
             unit="sentence"
             ecep:lem="."
             ecep:pos="."
             ecep:reg="."
             ecep:spe=".">.</pc>
         <c> </c>
      </l>
   </lg>
</div>
