<?xml version="1.0" encoding="UTF-8"?>
<div xmlns:ecep="http://www.eighteenthcenturypoetry.org/ns"
     xmlns="http://www.tei-c.org/ns/1.0"
     xmlns:tei="http://www.tei-c.org/ns/1.0"
     ana="#iamb #tetrameter #trimeter #quatrain #intermittent #occasional"
     corresp="#txt_AlcoMa1741_w0048"
     decls="#semi-normalized"
     ecep:syllab="8.6.8.6"
     met="-+|-+|-+|-+/ -+|-+|-+/ -+|-+|-+|-+/ -+|-+|-+/"
     rendition="#lgvspace"
     rhyme="xaxa"
     subtype="eceptext"
     type="poem"
     xml:id="pma99-w0480">
   <link target="authors.xml#aut_AlcoMa1741" type="author"/>
   <head type="main">
      <w xml:id="pma99-194360"
         n="171-a-0010"
         ecep:lem="write"
         ecep:pos="vvn"
         ecep:reg="WRITTEN"
         ecep:spe="WRITTEN"
         ecep:syllab="2"
         ecep:pron="ˈrɪtn">WRITTEN</w>
      <c> </c>
      <w xml:id="pma99-194370"
         n="171-a-0020"
         ecep:lem="at"
         ecep:pos="p-acp"
         ecep:reg="AT"
         ecep:spe="AT"
         ecep:syllab="1"
         ecep:pron="æt">AT</w>
      <c> </c>
      <w xml:id="pma99-194380"
         n="171-a-0030"
         ecep:lem="swandle"
         ecep:pos="j-vvg"
         ecep:reg="SWANDLING"
         ecep:spe="SWANDLING"
         ecep:syllab="2"
         ecep:pron="swˈɒndlɪŋ">SWANDLING</w>
      <c> </c>
      <w xml:id="pma99-194390"
         n="171-a-0040"
         ecep:lem="bar"
         ecep:pos="n1"
         ecep:reg="BAR"
         ecep:spe="BAR"
         ecep:syllab="1"
         ecep:pron="bɑː">BAR</w>
      <pc xml:id="pma99-194400"
          n="171-a-0050"
          ecep:lem=","
          ecep:pos=","
          ecep:reg=","
          ecep:spe=",">,</pc>
      <c> </c>
      <w xml:id="pma99-194410"
         n="171-a-0060"
         ecep:lem="in"
         ecep:pos="p-acp"
         ecep:reg="IN"
         ecep:spe="IN"
         ecep:syllab="1"
         ecep:pron="ɪn">IN</w>
      <c> </c>
      <w xml:id="pma99-194420"
         n="171-a-0070"
         ecep:lem="the"
         ecep:pos="dt"
         ecep:reg="THE"
         ecep:spe="THE"
         ecep:syllab="1"
         ecep:pron="ðiː">THE</w>
      <c> </c>
      <w xml:id="pma99-194430"
         n="171-a-0080"
         ecep:lem="county"
         ecep:pos="n1"
         ecep:reg="COUNTY"
         ecep:spe="COUNTY"
         ecep:syllab="2"
         ecep:pron="ˈkaʊnti">COUNTY</w>
      <c> </c>
      <w xml:id="pma99-194440"
         n="171-a-0090"
         ecep:lem="of"
         ecep:pos="pp-f"
         ecep:reg="OF"
         ecep:spe="OF"
         ecep:syllab="1"
         ecep:pron="ɒv">OF</w>
      <c> </c>
      <w xml:id="pma99-194450"
         n="171-a-0100"
         ecep:lem="cavan"
         ecep:pos="np1"
         ecep:reg="CAVAN"
         ecep:spe="CAVAN"
         ecep:syllab="2"
         ecep:pron="kˈævæn">CAVAN</w>
      <pc xml:id="pma99-194460"
          n="171-a-0110"
          ecep:lem=","
          ecep:pos=","
          ecep:reg=","
          ecep:spe=",">,</pc>
      <c> </c>
      <w xml:id="pma99-194470"
         n="171-a-0120"
         ecep:lem="in"
         ecep:pos="p-acp"
         ecep:reg="IN"
         ecep:spe="IN"
         ecep:syllab="1"
         ecep:pron="ɪn">IN</w>
      <c> </c>
      <w xml:id="pma99-194480"
         n="171-a-0130"
         ecep:lem="Ireland"
         ecep:pos="np1"
         ecep:reg="IRELAND"
         ecep:spe="IRELAND"
         ecep:syllab="3"
         ecep:pron="ˈaɪələnd">IRELAND</w>
      <pc xml:id="pma99-194490"
          n="171-a-0140"
          unit="sentence"
          ecep:lem="."
          ecep:pos="."
          ecep:reg="."
          ecep:spe=".">.</pc>
   </head>
   <lg xml:id="pma99-s01620">
      <l n="1" xml:id="pma99-l08595">
         <hi rendition="#sc">
            <w xml:id="pma99-194520"
               n="171-a-0150"
               ecep:lem="let"
               ecep:pos="vvb"
               ecep:reg="Let"
               ecep:spe="Let"
               ecep:syllab="1"
               ecep:pron="let">Let</w>
         </hi>
         <c> </c>
         <w xml:id="pma99-194530"
            n="171-a-0160"
            ecep:lem="those"
            ecep:pos="d"
            ecep:reg="those"
            ecep:spe="those"
            ecep:syllab="1"
            ecep:pron="ðəʊz">those</w>
         <c> </c>
         <w xml:id="pma99-194540"
            n="171-a-0170"
            ecep:lem="who"
            ecep:pos="r-crq"
            ecep:reg="who"
            ecep:spe="who"
            ecep:syllab="1"
            ecep:pron="huː">who</w>
         <c> </c>
         <w xml:id="pma99-194550"
            n="171-a-0180"
            ecep:lem="will"
            ecep:pos="vmd"
            ecep:reg="would"
            ecep:spe="would"
            ecep:syllab="1"
            ecep:pron="wʊd">would</w>
         <c> </c>
         <w xml:id="pma99-194560"
            n="171-a-0190"
            ecep:lem="esteem"
            ecep:pos="vvi"
            ecep:reg="esteem"
            ecep:spe="esteem"
            ecep:syllab="2"
            ecep:pron="ɪˈstiːm">esteem</w>
         <c> </c>
         <w xml:id="pma99-194570"
            n="171-a-0200"
            ecep:lem="it"
            ecep:pos="pn31"
            ecep:reg="it"
            ecep:spe="it"
            ecep:syllab="1"
            ecep:pron="ɪt">it</w>
         <c> </c>
         <w xml:id="pma99-194580"
            n="171-a-0210"
            ecep:lem="good"
            ecep:pos="j"
            ecep:reg="good"
            ecep:spe="good"
            ecep:syllab="1"
            ecep:pron="gʊd">good</w>
      </l>
      <l n="2" rendition="#h_3" xml:id="pma99-l08600">
         <c> </c>
         <w xml:id="pma99-194590"
            n="171-a-0220"
            ecep:lem="to"
            ecep:pos="pc-acp"
            ecep:reg="To"
            ecep:spe="To"
            ecep:syllab="1"
            ecep:pron="tuː">To</w>
         <c> </c>
         <w xml:id="pma99-194600"
            n="171-a-0230"
            ecep:lem="reach"
            ecep:pos="vvi"
            ecep:reg="reach"
            ecep:spe="reach"
            ecep:syllab="1"
            ecep:pron="riːtʃ">reach</w>
         <c> </c>
         <w xml:id="pma99-194610"
            n="171-a-0240"
            ecep:lem="the"
            ecep:pos="dt"
            ecep:reg="the"
            ecep:spe="the"
            ecep:syllab="1"
            ecep:pron="ðiː">the</w>
         <c> </c>
         <w xml:id="pma99-194620"
            n="171-a-0250"
            ecep:lem="age"
            ecep:pos="n1"
            ecep:reg="age"
            ecep:spe="age"
            ecep:syllab="1"
            ecep:pron="eɪdʒ">age</w>
         <c> </c>
         <w xml:id="pma99-194630"
            n="171-a-0260"
            ecep:lem="of"
            ecep:pos="pp-f"
            ecep:reg="of"
            ecep:spe="of"
            ecep:syllab="1"
            ecep:pron="ɒv">of</w>
         <c> </c>
         <w xml:id="pma99-194640"
            n="171-a-0270"
            ecep:lem="par"
            ecep:pos="fw-fr"
            ecep:reg="Par"
            ecep:spe="Par"
            ecep:syllab="1"
            ecep:pron="pɑː">Par</w>
         <pc xml:id="pma99-194650"
             n="171-a-0280"
             ecep:lem=","
             ecep:pos=","
             ecep:reg=","
             ecep:spe=",">,</pc>
      </l>
      <l n="3" xml:id="pma99-l08605">
         <c> </c>
         <w xml:id="pma99-194660"
            n="171-a-0290"
            ecep:lem="by"
            ecep:pos="p-acp"
            ecep:reg="By"
            ecep:spe="By"
            ecep:syllab="1"
            ecep:pron="baɪ">By</w>
         <c> </c>
         <w xml:id="pma99-194670"
            n="171-a-0300"
            ecep:lem="water"
            ecep:pos="n1"
            ecep:reg="water"
            ecep:spe="water"
            ecep:syllab="2"
            ecep:pron="ˈwɔːtə">water</w>
         <c> </c>
         <w xml:id="pma99-194680"
            n="171-a-0310"
            ecep:lem="pure"
            ecep:pos="j"
            ecep:reg="pure"
            ecep:spe="pure"
            ecep:syllab="1"
            ecep:pron="pjʊə">pure</w>
         <c> </c>
         <w xml:id="pma99-194690"
            n="171-a-0320"
            ecep:lem="come"
            ecep:pos="vvi"
            ecep:reg="come"
            ecep:spe="come"
            ecep:syllab="1"
            ecep:pron="kʌm">come</w>
         <c> </c>
         <w xml:id="pma99-194700"
            n="171-a-0330"
            ecep:lem="and"
            ecep:pos="cc"
            ecep:reg="and"
            ecep:spe="and"
            ecep:syllab="1"
            ecep:pron="ænd">and</w>
         <c> </c>
         <w xml:id="pma99-194710"
            n="171-a-0340"
            ecep:lem="insure"
            ecep:pos="vvi"
            ecep:reg="insure"
            ecep:spe="insure"
            ecep:syllab="2"
            ecep:pron="ɪnˈʃʊə">insure</w>
      </l>
      <l n="4" rendition="#h_3" xml:id="pma99-l08610">
         <c> </c>
         <w xml:id="pma99-194720"
            n="171-a-0350"
            ecep:lem="their"
            ecep:pos="po32"
            ecep:reg="Their"
            ecep:spe="Their"
            ecep:syllab="1"
            ecep:pron="ðeə">Their</w>
         <c> </c>
         <w xml:id="pma99-194730"
            n="171-a-0360"
            ecep:lem="life"
            ecep:pos="n2"
            ecep:reg="lives"
            ecep:spe="lives"
            ecep:syllab="1"
            ecep:pron="laɪvz">lives</w>
         <c> </c>
         <w xml:id="pma99-194740"
            n="171-a-0370"
            ecep:lem="at"
            ecep:pos="p-acp"
            ecep:reg="at"
            ecep:spe="at"
            ecep:syllab="1"
            ecep:pron="æt">at</w>
         <c> </c>
         <w xml:id="pma99-194750"
            n="171-a-0380"
            ecep:lem="swandle"
            ecep:pos="vvg"
            ecep:reg="Swandling"
            ecep:spe="Swandling"
            ecep:syllab="2"
            ecep:pron="swˈɒndlɪŋ">Swandling</w>
         <c> </c>
         <w xml:id="pma99-194760"
            n="171-a-0390"
            ecep:lem="bar"
            ecep:pos="n1"
            ecep:reg="Bar"
            ecep:spe="Bar"
            ecep:syllab="1"
            ecep:pron="bɑː">Bar</w>
         <pc unit="sentence"
             xml:id="pma99-194760-eos"
             n="171-a-0400"
             ecep:lem="."
             ecep:pos="."
             ecep:reg="."
             ecep:spe=".">.</pc>
         <c> </c>
      </l>
   </lg>
   <lg xml:id="pma99-s01625">
      <l n="5" xml:id="pma99-l08615">
         <w xml:id="pma99-194790"
            n="171-a-0410"
            ecep:lem="let"
            ecep:pos="vvb"
            ecep:reg="Let"
            ecep:spe="Let"
            ecep:syllab="1"
            ecep:pron="let">Let</w>
         <c> </c>
         <w xml:id="pma99-194800"
            n="171-a-0420"
            ecep:lem="all"
            ecep:pos="d"
            ecep:reg="all"
            ecep:spe="all"
            ecep:syllab="1"
            ecep:pron="ɔːl">all</w>
         <c> </c>
         <w xml:id="pma99-194810"
            n="171-a-0430"
            ecep:lem="who"
            ecep:pos="r-crq"
            ecep:reg="who"
            ecep:spe="who"
            ecep:syllab="1"
            ecep:pron="huː">who</w>
         <c> </c>
         <w xml:id="pma99-194820"
            n="171-a-0440"
            ecep:lem="by"
            ecep:pos="p-acp"
            ecep:reg="be"
            ecep:spe="be"
            ecep:syllab="1"
            ecep:pron="biː">be</w>
         <pc xml:id="pma99-194830"
             n="171-a-0450"
             ecep:lem=","
             ecep:pos=","
             ecep:reg=","
             ecep:spe=",">,</pc>
         <c> </c>
         <w xml:id="pma99-194840"
            n="171-a-0460"
            ecep:lem="by"
            ecep:pos="p-acp"
            ecep:reg="by"
            ecep:spe="by"
            ecep:syllab="1"
            ecep:pron="baɪ">by</w>
         <c> </c>
         <w xml:id="pma99-194850"
            n="171-a-0470"
            ecep:lem="land"
            ecep:pos="n1"
            ecep:reg="land"
            ecep:spe="land"
            ecep:syllab="1"
            ecep:pron="lænd">land</w>
         <c> </c>
         <w xml:id="pma99-194860"
            n="171-a-0480"
            ecep:lem="or"
            ecep:pos="cc"
            ecep:reg="or"
            ecep:spe="or"
            ecep:syllab="1"
            ecep:pron="ɔː">or</w>
         <c> </c>
         <w xml:id="pma99-194870"
            n="171-a-0490"
            ecep:lem="sea"
            ecep:pos="n1"
            ecep:reg="sea"
            ecep:spe="sea"
            ecep:syllab="1"
            ecep:pron="siː">sea</w>
         <pc xml:id="pma99-194880"
             n="171-a-0500"
             ecep:lem=","
             ecep:pos=","
             ecep:reg=","
             ecep:spe=",">,</pc>
      </l>
      <l n="6" rendition="#h_3" xml:id="pma99-l08620">
         <c> </c>
         <w xml:id="pma99-194890"
            n="171-a-0510"
            ecep:lem="however"
            ecep:pos="a-acp"
            ecep:reg="However"
            ecep:spe="However"
            ecep:syllab="3"
            ecep:pron="haʊˈevə">However</w>
         <c> </c>
         <w xml:id="pma99-194900"
            n="171-a-0520"
            ecep:lem="near"
            ecep:pos="av-j"
            ecep:reg="near"
            ecep:spe="near"
            ecep:syllab="1"
            ecep:pron="nɪə">near</w>
         <c> </c>
         <w xml:id="pma99-194910"
            n="171-a-0530"
            ecep:lem="or"
            ecep:pos="cc"
            ecep:reg="or"
            ecep:spe="or"
            ecep:syllab="1"
            ecep:pron="ɔː">or</w>
         <c> </c>
         <w xml:id="pma99-194920"
            n="171-a-0540"
            ecep:lem="far"
            ecep:pos="av-j"
            ecep:reg="far"
            ecep:spe="far"
            ecep:syllab="1"
            ecep:pron="fɑː">far</w>
         <pc xml:id="pma99-194930"
             n="171-a-0550"
             ecep:lem=","
             ecep:pos=","
             ecep:reg=","
             ecep:spe=",">,</pc>
      </l>
      <l n="7" xml:id="pma99-l08625">
         <c> </c>
         <w xml:id="pma99-194940"
            n="171-a-0560"
            ecep:lem="make"
            ecep:pos="vvb"
            ecep:reg="Make"
            ecep:spe="Make"
            ecep:syllab="1"
            ecep:pron="meɪk">Make</w>
         <c> </c>
         <w xml:id="pma99-194950"
            n="171-a-0570"
            ecep:lem="no"
            ecep:pos="dx"
            ecep:reg="no"
            ecep:spe="no"
            ecep:syllab="1"
            ecep:pron="nəʊ">no</w>
         <c> </c>
         <w xml:id="pma99-194960"
            n="171-a-0580"
            ecep:lem="delay"
            ecep:pos="n1"
            ecep:reg="delay"
            ecep:spe="delay"
            ecep:syllab="2"
            ecep:pron="dɪˈleɪ">delay</w>
         <pc xml:id="pma99-194970"
             n="171-a-0590"
             ecep:lem=","
             ecep:pos=","
             ecep:reg=","
             ecep:spe=",">,</pc>
         <c> </c>
         <w xml:id="pma99-194980"
            n="171-a-0600"
            ecep:lem="but"
            ecep:pos="cc-acp"
            ecep:reg="but"
            ecep:spe="but"
            ecep:syllab="1"
            ecep:pron="bʌt">but</w>
         <c> </c>
         <w xml:id="pma99-194990"
            n="171-a-0610"
            ecep:lem="haste"
            ecep:pos="n1"
            ecep:reg="haste"
            ecep:spe="haste"
            ecep:syllab="1"
            ecep:pron="heɪst">haste</w>
         <c> </c>
         <w xml:id="pma99-195000"
            n="171-a-0620"
            ecep:lem="away"
            ecep:pos="av"
            ecep:reg="away"
            ecep:spe="away"
            ecep:syllab="2"
            ecep:pron="əˈweɪ">away</w>
         <pc xml:id="pma99-195010"
             n="171-a-0630"
             ecep:lem=","
             ecep:pos=","
             ecep:reg=","
             ecep:spe=",">,</pc>
      </l>
      <l n="8" rendition="#h_3" xml:id="pma99-l08630">
         <c> </c>
         <w xml:id="pma99-195020"
            n="171-a-0640"
            ecep:lem="to"
            ecep:pos="pc-acp"
            ecep:reg="To"
            ecep:spe="To"
            ecep:syllab="1"
            ecep:pron="tuː">To</w>
         <c> </c>
         <w xml:id="pma99-195030"
            n="171-a-0650"
            ecep:lem="drink"
            ecep:pos="vvi"
            ecep:reg="drink"
            ecep:spe="drink"
            ecep:syllab="1"
            ecep:pron="drɪŋk">drink</w>
         <c> </c>
         <w xml:id="pma99-195040"
            n="171-a-0660"
            ecep:lem="at"
            ecep:pos="p-acp"
            ecep:reg="at"
            ecep:spe="at"
            ecep:syllab="1"
            ecep:pron="æt">at</w>
         <c> </c>
         <w xml:id="pma99-195050"
            n="171-a-0670"
            ecep:lem="swandle"
            ecep:pos="vvg"
            ecep:reg="Swandling"
            ecep:spe="Swandling"
            ecep:syllab="2"
            ecep:pron="swˈɒndlɪŋ">Swandling</w>
         <c> </c>
         <w xml:id="pma99-195060"
            n="171-a-0680"
            ecep:lem="bar"
            ecep:pos="n1"
            ecep:reg="Bar"
            ecep:spe="Bar"
            ecep:syllab="1"
            ecep:pron="bɑː">Bar</w>
         <pc unit="sentence"
             xml:id="pma99-195060-eos"
             n="171-a-0690"
             ecep:lem="."
             ecep:pos="."
             ecep:reg="."
             ecep:spe=".">.</pc>
         <c> </c>
      </l>
   </lg>
   <lg xml:id="pma99-s01630">
      <l n="9" xml:id="pma99-l08635">
         <w xml:id="pma99-195090"
            n="171-a-0700"
            ecep:lem="shall"
            ecep:pos="vmd"
            ecep:reg="Should"
            ecep:spe="Should"
            ecep:syllab="1"
            ecep:pron="ʃʊd">Should</w>
         <c> </c>
         <w xml:id="pma99-195100"
            n="171-a-0710"
            ecep:lem="belle"
            ecep:pos="fw-fr"
            ecep:reg="belle"
            ecep:spe="belle"
            ecep:syllab="1"
            ecep:pron="bel">belle</w>
         <c> </c>
         <w xml:id="pma99-195110"
            n="171-a-0720"
            ecep:lem="or"
            ecep:pos="cc"
            ecep:reg="or"
            ecep:spe="or"
            ecep:syllab="1"
            ecep:pron="ɔː">or</w>
         <c> </c>
         <w xml:id="pma99-195120"
            n="171-a-0730"
            ecep:lem="beau"
            ecep:pos="n1"
            ecep:reg="beau"
            ecep:spe="beau"
            ecep:syllab="1"
            ecep:pron="bəʊ">beau</w>
         <c> </c>
         <w xml:id="pma99-195130"
            n="171-a-0740"
            ecep:lem="the"
            ecep:pos="dt"
            ecep:reg="the"
            ecep:spe="the"
            ecep:syllab="1"
            ecep:pron="ðiː">the</w>
         <c> </c>
         <w xml:id="pma99-195140"
            n="171-a-0750"
            ecep:lem="scurvy"
            ecep:pos="j"
            ecep:reg="scurvy"
            ecep:spe="scurvy"
            ecep:syllab="2"
            ecep:pron="ˈskɜːvi">scurvy</w>
         <c> </c>
         <w xml:id="pma99-195150"
            n="171-a-0760"
            ecep:lem="show"
            ecep:pos="n1"
            ecep:reg="show"
            ecep:spe="show"
            ecep:syllab="1"
            ecep:pron="ʃəʊ">show</w>
         <pc xml:id="pma99-195160"
             n="171-a-0770"
             ecep:lem=","
             ecep:pos=","
             ecep:reg=","
             ecep:spe=",">,</pc>
      </l>
      <l n="10" rendition="#h_3" xml:id="pma99-l08640">
         <c> </c>
         <w xml:id="pma99-195170"
            n="171-a-0780"
            ecep:lem="which"
            ecep:pos="r-crq"
            ecep:reg="Which"
            ecep:spe="Which"
            ecep:syllab="1"
            ecep:pron="wɪtʃ">Which</w>
         <c> </c>
         <w xml:id="pma99-195180"
            n="171-a-0790"
            ecep:lem="do"
            ecep:pos="vdz"
            ecep:reg="does"
            ecep:spe="doth"
            ecep:syllab="1"
            ecep:pron="dʌθ">doth</w>
         <c> </c>
         <w xml:id="pma99-195190"
            n="171-a-0800"
            ecep:lem="all"
            ecep:pos="d"
            ecep:reg="all"
            ecep:spe="all"
            ecep:syllab="1"
            ecep:pron="ɔːl">all</w>
         <c> </c>
         <w xml:id="pma99-195200"
            n="171-a-0810"
            ecep:lem="beauty"
            ecep:pos="n1"
            ecep:reg="beauty"
            ecep:spe="beauty"
            ecep:syllab="2"
            ecep:pron="ˈbjuːti">beauty</w>
         <c> </c>
         <w xml:id="pma99-195210"
            n="171-a-0820"
            ecep:lem="mar"
            ecep:pos="vvi"
            ecep:reg="mar"
            ecep:spe="mar"
            ecep:syllab="1"
            ecep:pron="mɑː">mar</w>
         <pc xml:id="pma99-195220"
             n="171-a-0830"
             ecep:lem=","
             ecep:pos=","
             ecep:reg=","
             ecep:spe=",">,</pc>
      </l>
      <l n="11" xml:id="pma99-l08645">
         <c> </c>
         <w xml:id="pma99-195230"
            n="171-a-0840"
            ecep:lem="hither"
            ecep:pos="av"
            ecep:reg="Hither"
            ecep:spe="Hither"
            ecep:syllab="2"
            ecep:pron="ˈhɪðə">Hither</w>
         <c> </c>
         <w xml:id="pma99-195240"
            n="171-a-0850"
            ecep:lem="repair"
            ecep:pos="vvb"
            ecep:reg="repair"
            ecep:spe="repair"
            ecep:syllab="2"
            ecep:pron="rɪˈpeə">repair</w>
         <pc xml:id="pma99-195250"
             n="171-a-0860"
             ecep:lem=","
             ecep:pos=","
             ecep:reg=","
             ecep:spe=",">,</pc>
         <c> </c>
         <w xml:id="pma99-195260"
            n="171-a-0870"
            ecep:lem="you|will"
            ecep:pos="pn22|vmb"
            ecep:reg="you'll"
            ecep:spe="you'll"
            ecep:syllab="1"
            ecep:pron="juːl">you'll</w>
         <c> </c>
         <w xml:id="pma99-195270"
            n="171-a-0880"
            ecep:lem="soon"
            ecep:pos="av"
            ecep:reg="soon"
            ecep:spe="soon"
            ecep:syllab="1"
            ecep:pron="suːn">soon</w>
         <c> </c>
         <w xml:id="pma99-195280"
            n="171-a-0890"
            ecep:lem="grow"
            ecep:pos="vvi"
            ecep:reg="grow"
            ecep:spe="grow"
            ecep:syllab="1"
            ecep:pron="grəʊ">grow</w>
         <c> </c>
         <w xml:id="pma99-195290"
            n="171-a-0900"
            ecep:lem="fair"
            ecep:pos="j"
            ecep:reg="fair"
            ecep:spe="fair"
            ecep:syllab="1"
            ecep:pron="feə">fair</w>
         <pc xml:id="pma99-195300"
             n="171-a-0910"
             ecep:lem=","
             ecep:pos=","
             ecep:reg=","
             ecep:spe=",">,</pc>
      </l>
      <l n="12" rendition="#h_3" xml:id="pma99-l08650">
         <c> </c>
         <w xml:id="pma99-195310"
            n="171-a-0920"
            ecep:lem="when"
            ecep:pos="c-crq"
            ecep:reg="When"
            ecep:spe="When"
            ecep:syllab="1"
            ecep:pron="wen">When</w>
         <c> </c>
         <w xml:id="pma99-195320"
            n="171-a-0930"
            ecep:lem="once"
            ecep:pos="a-acp"
            ecep:reg="once"
            ecep:spe="once"
            ecep:syllab="1"
            ecep:pron="wʌns">once</w>
         <c> </c>
         <w xml:id="pma99-195330"
            n="171-a-0940"
            ecep:lem="at"
            ecep:pos="p-acp"
            ecep:reg="at"
            ecep:spe="at"
            ecep:syllab="1"
            ecep:pron="æt">at</w>
         <c> </c>
         <w xml:id="pma99-195340"
            n="171-a-0950"
            ecep:lem="swandle"
            ecep:pos="vvg"
            ecep:reg="Swandling"
            ecep:spe="Swandling"
            ecep:syllab="2"
            ecep:pron="swˈɒndlɪŋ">Swandling</w>
         <c> </c>
         <w xml:id="pma99-195350"
            n="171-a-0960"
            ecep:lem="bar"
            ecep:pos="n1"
            ecep:reg="Bar"
            ecep:spe="Bar"
            ecep:syllab="1"
            ecep:pron="bɑː">Bar</w>
         <pc unit="sentence"
             xml:id="pma99-195350-eos"
             n="171-a-0970"
             ecep:lem="."
             ecep:pos="."
             ecep:reg="."
             ecep:spe=".">.</pc>
         <c> </c>
      </l>
      <pb facs="pma99/0172" n="134" rend="none"/>
   </lg>
   <lg xml:id="pma99-s01635">
      <l n="13" xml:id="pma99-l08655">
         <w xml:id="pma99-195380"
            n="172-a-0010"
            ecep:lem="each"
            ecep:pos="d"
            ecep:reg="Each"
            ecep:spe="Each"
            ecep:syllab="1"
            ecep:pron="iːtʃ">Each</w>
         <c> </c>
         <w xml:id="pma99-195390"
            n="172-a-0020"
            ecep:lem="goddess"
            ecep:pos="n1"
            ecep:reg="goddess"
            ecep:spe="goddess"
            ecep:syllab="2"
            ecep:pron="ˈgɒdes">goddess</w>
         <c> </c>
         <w xml:id="pma99-195400"
            n="172-a-0030"
            ecep:lem="here"
            ecep:pos="av"
            ecep:reg="here"
            ecep:spe="here"
            ecep:syllab="1"
            ecep:pron="hɪə">here</w>
         <pc xml:id="pma99-195410"
             n="172-a-0040"
             ecep:lem=","
             ecep:pos=","
             ecep:reg=","
             ecep:spe=",">,</pc>
         <c> </c>
         <w xml:id="pma99-195420"
            n="172-a-0050"
            ecep:lem="though"
            ecep:pos="c-acp"
            ecep:reg="though"
            ecep:spe="tho'"
            ecep:syllab="1"
            ecep:pron="ðəʊ">tho'</w>
         <c> </c>
         <w xml:id="pma99-195430"
            n="172-a-0060"
            ecep:lem="now"
            ecep:pos="av"
            ecep:reg="now"
            ecep:spe="now"
            ecep:syllab="1"
            ecep:pron="naʊ">now</w>
         <c> </c>
         <w xml:id="pma99-195440"
            n="172-a-0070"
            ecep:lem="so"
            ecep:pos="av"
            ecep:reg="so"
            ecep:spe="so"
            ecep:syllab="1"
            ecep:pron="səʊ">so</w>
         <c> </c>
         <w xml:id="pma99-195450"
            n="172-a-0080"
            ecep:lem="clear"
            ecep:pos="j"
            ecep:reg="clear"
            ecep:spe="clear"
            ecep:syllab="1"
            ecep:pron="klɪə">clear</w>
         <pc xml:id="pma99-195460"
             n="172-a-0090"
             ecep:lem=","
             ecep:pos=","
             ecep:reg=","
             ecep:spe=",">,</pc>
      </l>
      <l n="14" rendition="#h_3" xml:id="pma99-l08660">
         <c> </c>
         <w xml:id="pma99-195470"
            n="172-a-0100"
            ecep:lem="show"
            ecep:pos="vvd"
            ecep:reg="Showed"
            ecep:spe="Shew'd"
            ecep:syllab="1"
            ecep:pron="ʃəʊd">Shew'd</w>
         <c> </c>
         <w xml:id="pma99-195480"
            n="172-a-0110"
            ecep:lem="like"
            ecep:pos="av-j"
            ecep:reg="like"
            ecep:spe="like"
            ecep:syllab="1"
            ecep:pron="laɪk">like</w>
         <c> </c>
         <w xml:id="pma99-195490"
            n="172-a-0120"
            ecep:lem="a"
            ecep:pos="dt"
            ecep:reg="a"
            ecep:spe="a"
            ecep:syllab="1"
            ecep:pron="ə">a</w>
         <c> </c>
         <w xml:id="pma99-195500"
            n="172-a-0130"
            ecep:lem="fall"
            ecep:pos="j-vvn"
            ecep:reg="fallen"
            ecep:spe="fallen"
            ecep:syllab="2"
            ecep:pron="ˈfɔːlən">fallen</w>
         <c> </c>
         <w xml:id="pma99-195510"
            n="172-a-0140"
            ecep:lem="star"
            ecep:pos="n1"
            ecep:reg="star"
            ecep:spe="star"
            ecep:syllab="1"
            ecep:pron="stɑː">star</w>
         <pc xml:id="pma99-195520"
             n="172-a-0150"
             ecep:lem=","
             ecep:pos=","
             ecep:reg=","
             ecep:spe=",">,</pc>
      </l>
      <l n="15" xml:id="pma99-l08665">
         <c> </c>
         <w xml:id="pma99-195530"
            n="172-a-0160"
            ecep:lem="when"
            ecep:pos="c-crq"
            ecep:reg="When"
            ecep:spe="When"
            ecep:syllab="1"
            ecep:pron="wen">When</w>
         <c> </c>
         <w xml:id="pma99-195540"
            n="172-a-0170"
            ecep:lem="first"
            ecep:pos="ord"
            ecep:reg="first"
            ecep:spe="first"
            ecep:syllab="1"
            ecep:pron="ˈfɜːst">first</w>
         <c> </c>
         <w xml:id="pma99-195550"
            n="172-a-0180"
            ecep:lem="from"
            ecep:pos="p-acp"
            ecep:reg="from"
            ecep:spe="from"
            ecep:syllab="1"
            ecep:pron="frɒm">from</w>
         <c> </c>
         <w xml:id="pma99-195560"
            n="172-a-0190"
            ecep:lem="town"
            ecep:pos="n1"
            ecep:reg="town"
            ecep:spe="town"
            ecep:syllab="1"
            ecep:pron="taʊn">town</w>
         <c> </c>
         <w xml:id="pma99-195570"
            n="172-a-0200"
            ecep:lem="she"
            ecep:pos="pns31"
            ecep:reg="she"
            ecep:spe="she"
            ecep:syllab="1"
            ecep:pron="ʃiː">she</w>
         <c> </c>
         <w xml:id="pma99-195580"
            n="172-a-0210"
            ecep:lem="post"
            ecep:pos="vvd"
            ecep:reg="posted"
            ecep:spe="posted"
            ecep:syllab="2"
            ecep:pron="pəʊstɪd">posted</w>
         <c> </c>
         <w xml:id="pma99-195590"
            n="172-a-0220"
            ecep:lem="down"
            ecep:pos="a-acp"
            ecep:reg="down"
            ecep:spe="down"
            ecep:syllab="1"
            ecep:pron="daʊn">down</w>
      </l>
      <l n="16" rendition="#h_3" xml:id="pma99-l08670">
         <c> </c>
         <w xml:id="pma99-195600"
            n="172-a-0230"
            ecep:lem="to"
            ecep:pos="pc-acp"
            ecep:reg="To"
            ecep:spe="To"
            ecep:syllab="1"
            ecep:pron="tuː">To</w>
         <c> </c>
         <w xml:id="pma99-195610"
            n="172-a-0240"
            ecep:lem="drink"
            ecep:pos="vvi"
            ecep:reg="drink"
            ecep:spe="drink"
            ecep:syllab="1"
            ecep:pron="drɪŋk">drink</w>
         <c> </c>
         <w xml:id="pma99-195620"
            n="172-a-0250"
            ecep:lem="at"
            ecep:pos="p-acp"
            ecep:reg="at"
            ecep:spe="at"
            ecep:syllab="1"
            ecep:pron="æt">at</w>
         <c> </c>
         <w xml:id="pma99-195630"
            n="172-a-0260"
            ecep:lem="swandle"
            ecep:pos="vvg"
            ecep:reg="Swandling"
            ecep:spe="Swandling"
            ecep:syllab="2"
            ecep:pron="swˈɒndlɪŋ">Swandling</w>
         <c> </c>
         <w xml:id="pma99-195640"
            n="172-a-0270"
            ecep:lem="bar"
            ecep:pos="n1"
            ecep:reg="Bar"
            ecep:spe="Bar"
            ecep:syllab="1"
            ecep:pron="bɑː">Bar</w>
         <pc unit="sentence"
             xml:id="pma99-195640-eos"
             n="172-a-0280"
             ecep:lem="."
             ecep:pos="."
             ecep:reg="."
             ecep:spe=".">.</pc>
         <c> </c>
      </l>
   </lg>
   <lg xml:id="pma99-s01640">
      <l n="17" xml:id="pma99-l08675">
         <w xml:id="pma99-195670"
            n="172-a-0290"
            ecep:lem="each"
            ecep:pos="d"
            ecep:reg="Each"
            ecep:spe="Each"
            ecep:syllab="1"
            ecep:pron="iːtʃ">Each</w>
         <c> </c>
         <w xml:id="pma99-195680"
            n="172-a-0300"
            ecep:lem="sot"
            ecep:pos="n1"
            ecep:reg="sot"
            ecep:spe="sot"
            ecep:syllab="1"
            ecep:pron="sɒt">sot</w>
         <c> </c>
         <w xml:id="pma99-195690"
            n="172-a-0310"
            ecep:lem="and"
            ecep:pos="cc"
            ecep:reg="and"
            ecep:spe="and"
            ecep:syllab="1"
            ecep:pron="ænd">and</w>
         <c> </c>
         <w xml:id="pma99-195700"
            n="172-a-0320"
            ecep:lem="rake"
            ecep:pos="vvi"
            ecep:reg="rake"
            ecep:spe="rake"
            ecep:syllab="1"
            ecep:pron="reɪk">rake</w>
         <c> </c>
         <w xml:id="pma99-195710"
            n="172-a-0330"
            ecep:lem="his"
            ecep:pos="po31"
            ecep:reg="his"
            ecep:spe="his"
            ecep:syllab="1"
            ecep:pron="hɪz">his</w>
         <c> </c>
         <w xml:id="pma99-195720"
            n="172-a-0340"
            ecep:lem="cure"
            ecep:pos="n1"
            ecep:reg="cure"
            ecep:spe="cure"
            ecep:syllab="1"
            ecep:pron="kjʊə">cure</w>
         <c> </c>
         <w xml:id="pma99-195730"
            n="172-a-0350"
            ecep:lem="may"
            ecep:pos="vmd"
            ecep:reg="might"
            ecep:spe="might"
            ecep:syllab="1"
            ecep:pron="maɪt">might</w>
         <c> </c>
         <w xml:id="pma99-195740"
            n="172-a-0360"
            ecep:lem="make"
            ecep:pos="vvi"
            ecep:reg="make"
            ecep:spe="make"
            ecep:syllab="1"
            ecep:pron="meɪk">make</w>
         <pc xml:id="pma99-195750"
             n="172-a-0370"
             ecep:lem=","
             ecep:pos=","
             ecep:reg=","
             ecep:spe=",">,</pc>
      </l>
      <l n="18" rendition="#h_3" xml:id="pma99-l08680">
         <c> </c>
         <w xml:id="pma99-195760"
            n="172-a-0380"
            ecep:lem="and"
            ecep:pos="cc"
            ecep:reg="And"
            ecep:spe="And"
            ecep:syllab="1"
            ecep:pron="ænd">And</w>
         <c> </c>
         <w xml:id="pma99-195770"
            n="172-a-0390"
            ecep:lem="wage"
            ecep:pos="vvi"
            ecep:reg="wage"
            ecep:spe="wage"
            ecep:syllab="1"
            ecep:pron="weɪdʒ">wage</w>
         <c> </c>
         <w xml:id="pma99-195780"
            n="172-a-0400"
            ecep:lem="with"
            ecep:pos="p-acp"
            ecep:reg="with"
            ecep:spe="with"
            ecep:syllab="1"
            ecep:pron="wɪð">with</w>
         <c> </c>
         <w xml:id="pma99-195790"
            n="172-a-0410"
            ecep:lem="death"
            ecep:pos="n1"
            ecep:reg="Death"
            ecep:spe="Death"
            ecep:syllab="1"
            ecep:pron="deθ">Death</w>
         <c> </c>
         <w xml:id="pma99-195800"
            n="172-a-0420"
            ecep:lem="a"
            ecep:pos="dt"
            ecep:reg="a"
            ecep:spe="a"
            ecep:syllab="1"
            ecep:pron="ə">a</w>
         <c> </c>
         <w xml:id="pma99-195810"
            n="172-a-0430"
            ecep:lem="war"
            ecep:pos="n1"
            ecep:reg="war"
            ecep:spe="war"
            ecep:syllab="1"
            ecep:pron="wɔː">war</w>
         <pc xml:id="pma99-195820"
             n="172-a-0440"
             ecep:lem=","
             ecep:pos=","
             ecep:reg=","
             ecep:spe=",">,</pc>
      </l>
      <l n="19" xml:id="pma99-l08685">
         <c> </c>
         <w xml:id="pma99-195830"
            n="172-a-0450"
            ecep:lem="will"
            ecep:pos="vmd"
            ecep:reg="Would"
            ecep:spe="Would"
            ecep:syllab="1"
            ecep:pron="wʊd">Would</w>
         <c> </c>
         <w xml:id="pma99-195840"
            n="172-a-0460"
            ecep:lem="he"
            ecep:pos="pns31"
            ecep:reg="he"
            ecep:spe="he"
            ecep:syllab="1"
            ecep:pron="hiː">he</w>
         <c> </c>
         <w xml:id="pma99-195850"
            n="172-a-0470"
            ecep:lem="but"
            ecep:pos="p-acp"
            ecep:reg="but"
            ecep:spe="but"
            ecep:syllab="1"
            ecep:pron="bʌt">but</w>
         <c> </c>
         <w xml:id="pma99-195860"
            n="172-a-0480"
            ecep:lem="think"
            ecep:pos="vvb"
            ecep:reg="think"
            ecep:spe="think"
            ecep:syllab="1"
            ecep:pron="θɪŋk">think</w>
         <c> </c>
         <w xml:id="pma99-195870"
            n="172-a-0490"
            ecep:lem="the"
            ecep:pos="dt"
            ecep:reg="the"
            ecep:spe="the"
            ecep:syllab="1"
            ecep:pron="ðiː">the</w>
         <c> </c>
         <w xml:id="pma99-195880"
            n="172-a-0500"
            ecep:lem="best"
            ecep:pos="js"
            ecep:reg="best"
            ecep:spe="best"
            ecep:syllab="1"
            ecep:pron="best">best</w>
         <c> </c>
         <w xml:id="pma99-195890"
            n="172-a-0510"
            ecep:lem="of"
            ecep:pos="pp-f"
            ecep:reg="of"
            ecep:spe="of"
            ecep:syllab="1"
            ecep:pron="ɒv">of</w>
         <c> </c>
         <w xml:id="pma99-195900"
            n="172-a-0520"
            ecep:lem="drink"
            ecep:pos="n1"
            ecep:reg="drink"
            ecep:spe="drink"
            ecep:syllab="1"
            ecep:pron="drɪŋk">drink</w>
      </l>
      <l n="20" rendition="#h_3" xml:id="pma99-l08690">
         <c> </c>
         <w xml:id="pma99-195910"
            n="172-a-0530"
            ecep:lem="be"
            ecep:pos="vbz"
            ecep:reg="Is"
            ecep:spe="Is"
            ecep:syllab="1"
            ecep:pron="ɪz">Is</w>
         <c> </c>
         <w xml:id="pma99-195920"
            n="172-a-0540"
            ecep:lem="that"
            ecep:pos="d"
            ecep:reg="that"
            ecep:spe="that"
            ecep:syllab="1"
            ecep:pron="ðæt">that</w>
         <c> </c>
         <w xml:id="pma99-195930"
            n="172-a-0550"
            ecep:lem="at"
            ecep:pos="p-acp"
            ecep:reg="at"
            ecep:spe="at"
            ecep:syllab="1"
            ecep:pron="æt">at</w>
         <c> </c>
         <w xml:id="pma99-195940"
            n="172-a-0560"
            ecep:lem="swandle"
            ecep:pos="vvg"
            ecep:reg="Swandling"
            ecep:spe="Swandling"
            ecep:syllab="2"
            ecep:pron="swˈɒndlɪŋ">Swandling</w>
         <c> </c>
         <w xml:id="pma99-195950"
            n="172-a-0570"
            ecep:lem="bar"
            ecep:pos="n1"
            ecep:reg="Bar"
            ecep:spe="Bar"
            ecep:syllab="1"
            ecep:pron="bɑː">Bar</w>
         <pc unit="sentence"
             xml:id="pma99-195950-eos"
             n="172-a-0580"
             ecep:lem="."
             ecep:pos="."
             ecep:reg="."
             ecep:spe=".">.</pc>
         <c> </c>
      </l>
   </lg>
   <lg xml:id="pma99-s01645">
      <l n="21" xml:id="pma99-l08695">
         <w xml:id="pma99-195980"
            n="172-a-0590"
            ecep:lem="oft"
            ecep:pos="av"
            ecep:reg="Oft"
            ecep:spe="Oft"
            ecep:syllab="1"
            ecep:pron="ɒft">Oft</w>
         <c> </c>
         <w xml:id="pma99-195990"
            n="172-a-0600"
            ecep:lem="have"
            ecep:pos="vhb"
            ecep:reg="have"
            ecep:spe="have"
            ecep:syllab="1"
            ecep:pron="hæv">have</w>
         <c> </c>
         <w xml:id="pma99-196000"
            n="172-a-0610"
            ecep:lem="i"
            ecep:pos="pns11"
            ecep:reg="I"
            ecep:spe="I"
            ecep:syllab="1"
            ecep:pron="aɪ">I</w>
         <c> </c>
         <w xml:id="pma99-196010"
            n="172-a-0620"
            ecep:lem="see"
            ecep:pos="vvn"
            ecep:reg="seen"
            ecep:spe="seen"
            ecep:syllab="1"
            ecep:pron="siːn">seen</w>
         <pc xml:id="pma99-196020"
             n="172-a-0630"
             ecep:lem=","
             ecep:pos=","
             ecep:reg=","
             ecep:spe=",">,</pc>
         <c> </c>
         <w xml:id="pma99-196030"
            n="172-a-0640"
            ecep:lem="come"
            ecep:pos="vvb"
            ecep:reg="come"
            ecep:spe="come"
            ecep:syllab="1"
            ecep:pron="kʌm">come</w>
         <c> </c>
         <w xml:id="pma99-196040"
            n="172-a-0650"
            ecep:lem="to"
            ecep:pos="pc-acp"
            ecep:reg="to"
            ecep:spe="to"
            ecep:syllab="1"
            ecep:pron="tuː">to</w>
         <c> </c>
         <w xml:id="pma99-196050"
            n="172-a-0660"
            ecep:lem="careen"
            ecep:pos="vvi"
            ecep:reg="careen"
            ecep:spe="careen"
            ecep:syllab="2"
            ecep:pron="kəˈriːn">careen</w>
         <pc xml:id="pma99-196060"
             n="172-a-0670"
             ecep:lem=","
             ecep:pos=","
             ecep:reg=","
             ecep:spe=",">,</pc>
      </l>
      <l n="22" rendition="#h_3" xml:id="pma99-l08700">
         <c> </c>
         <w xml:id="pma99-196070"
            n="172-a-0680"
            ecep:lem="many"
            ecep:pos="d"
            ecep:reg="Many"
            ecep:spe="Many"
            ecep:syllab="2"
            ecep:pron="ˈmeni">Many</w>
         <c> </c>
         <w xml:id="pma99-196080"
            n="172-a-0690"
            ecep:lem="a"
            ecep:pos="dt"
            ecep:reg="an"
            ecep:spe="an"
            ecep:syllab="1"
            ecep:pron="æn">an</w>
         <c> </c>
         <w xml:id="pma99-196090"
            n="172-a-0700"
            ecep:lem="honest"
            ecep:pos="j"
            ecep:reg="honest"
            ecep:spe="honest"
            ecep:syllab="2"
            ecep:pron="ˈɒnɪst">honest</w>
         <c> </c>
         <w xml:id="pma99-196100"
            n="172-a-0710"
            ecep:lem="tar"
            ecep:pos="n1"
            ecep:reg="tar"
            ecep:spe="tar"
            ecep:syllab="1"
            ecep:pron="tɑː">tar</w>
         <pc xml:id="pma99-196110"
             n="172-a-0720"
             ecep:lem=","
             ecep:pos=","
             ecep:reg=","
             ecep:spe=",">,</pc>
      </l>
      <l n="23" xml:id="pma99-l08705">
         <c> </c>
         <w xml:id="pma99-196120"
            n="172-a-0730"
            ecep:lem="with"
            ecep:pos="p-acp"
            ecep:reg="With"
            ecep:spe="With"
            ecep:syllab="1"
            ecep:pron="wɪð">With</w>
         <c> </c>
         <w xml:id="pma99-196130"
            n="172-a-0740"
            ecep:lem="batter"
            ecep:pos="j-vvn"
            ecep:reg="battered"
            ecep:spe="batter'd"
            ecep:syllab="2"
            ecep:pron="ˈbætəd">batter'd</w>
         <c> </c>
         <w xml:id="pma99-196140"
            n="172-a-0750"
            ecep:lem="hide"
            ecep:pos="n1"
            ecep:reg="hide"
            ecep:spe="hide"
            ecep:syllab="1"
            ecep:pron="haɪd">hide</w>
         <c> </c>
         <w xml:id="pma99-196150"
            n="172-a-0760"
            ecep:lem="by"
            ecep:pos="p-acp"
            ecep:reg="by"
            ecep:spe="by"
            ecep:syllab="1"
            ecep:pron="baɪ">by</w>
         <c> </c>
         <w xml:id="pma99-196160"
            n="172-a-0770"
            ecep:lem="scurvy"
            ecep:pos="j"
            ecep:reg="scurvy"
            ecep:spe="scurvy"
            ecep:syllab="2"
            ecep:pron="ˈskɜːvi">scurvy</w>
         <c> </c>
         <w xml:id="pma99-196170"
            n="172-a-0780"
            ecep:lem="dry"
            ecep:pos="j-vvn"
            ecep:reg="dried"
            ecep:spe="dried"
            ecep:syllab="1"
            ecep:pron="draɪd">dried</w>
         <pc xml:id="pma99-196180"
             n="172-a-0790"
             ecep:lem=","
             ecep:pos=","
             ecep:reg=","
             ecep:spe=",">,</pc>
      </l>
      <l n="24" rendition="#h_3" xml:id="pma99-l08710">
         <c> </c>
         <w xml:id="pma99-196190"
            n="172-a-0800"
            ecep:lem="yet"
            ecep:pos="av"
            ecep:reg="Yet"
            ecep:spe="Yet"
            ecep:syllab="1"
            ecep:pron="jet">Yet</w>
         <c> </c>
         <w xml:id="pma99-196200"
            n="172-a-0810"
            ecep:lem="cure"
            ecep:pos="vvn"
            ecep:reg="cured"
            ecep:spe="cur'd"
            ecep:syllab="1"
            ecep:pron="kjʊəd">cur'd</w>
         <c> </c>
         <w xml:id="pma99-196210"
            n="172-a-0820"
            ecep:lem="at"
            ecep:pos="p-acp"
            ecep:reg="at"
            ecep:spe="at"
            ecep:syllab="1"
            ecep:pron="æt">at</w>
         <c> </c>
         <w xml:id="pma99-196220"
            n="172-a-0830"
            ecep:lem="swandle"
            ecep:pos="vvg"
            ecep:reg="Swandling"
            ecep:spe="Swandling"
            ecep:syllab="2"
            ecep:pron="swˈɒndlɪŋ">Swandling</w>
         <c> </c>
         <w xml:id="pma99-196230"
            n="172-a-0840"
            ecep:lem="bar"
            ecep:pos="n1"
            ecep:reg="Bar"
            ecep:spe="Bar"
            ecep:syllab="1"
            ecep:pron="bɑː">Bar</w>
         <pc unit="sentence"
             xml:id="pma99-196230-eos"
             n="172-a-0850"
             ecep:lem="."
             ecep:pos="."
             ecep:reg="."
             ecep:spe=".">.</pc>
         <c> </c>
      </l>
   </lg>
   <lg xml:id="pma99-s01650">
      <l n="25" xml:id="pma99-l08715">
         <w xml:id="pma99-196260"
            n="172-a-0860"
            ecep:lem="i|have"
            ecep:pos="pns11|vhb"
            ecep:reg="I've"
            ecep:spe="I've"
            ecep:syllab="1"
            ecep:pron="ˈaɪv">I've</w>
         <c> </c>
         <w xml:id="pma99-196270"
            n="172-a-0870"
            ecep:lem="see"
            ecep:pos="vvn"
            ecep:reg="seen"
            ecep:spe="seen"
            ecep:syllab="1"
            ecep:pron="siːn">seen</w>
         <c> </c>
         <w xml:id="pma99-196280"
            n="172-a-0880"
            ecep:lem="a"
            ecep:pos="dt"
            ecep:reg="a"
            ecep:spe="a"
            ecep:syllab="1"
            ecep:pron="ə">a</w>
         <c> </c>
         <w xml:id="pma99-196290"
            n="172-a-0890"
            ecep:lem="fair"
            ecep:pos="j"
            ecep:reg="fair"
            ecep:spe="fair"
            ecep:syllab="1"
            ecep:pron="feə">fair</w>
         <c> </c>
         <w xml:id="pma99-196300"
            n="172-a-0900"
            ecep:lem="who"
            ecep:pos="r-crq"
            ecep:reg="who"
            ecep:spe="who"
            ecep:syllab="1"
            ecep:pron="huː">who</w>
         <c> </c>
         <w xml:id="pma99-196310"
            n="172-a-0910"
            ecep:lem="may"
            ecep:pos="vmd"
            ecep:reg="might"
            ecep:spe="might"
            ecep:syllab="1"
            ecep:pron="maɪt">might</w>
         <c> </c>
         <w xml:id="pma99-196320"
            n="172-a-0920"
            ecep:lem="compare"
            ecep:pos="vvi"
            ecep:reg="compare"
            ecep:spe="compare"
            ecep:syllab="2"
            ecep:pron="kəmˈpeə">compare</w>
      </l>
      <l n="26" rendition="#h_3" xml:id="pma99-l08720">
         <c> </c>
         <w xml:id="pma99-196330"
            n="172-a-0930"
            ecep:lem="with"
            ecep:pos="p-acp"
            ecep:reg="With"
            ecep:spe="With"
            ecep:syllab="1"
            ecep:pron="wɪð">With</w>
         <c> </c>
         <w xml:id="pma99-196340"
            n="172-a-0940"
            ecep:lem="Venus"
            ecep:pos="np1"
            ecep:reg="Venus"
            ecep:spe="Venus"
            ecep:syllab="2"
            ecep:pron="ˈviːnəs">Venus</w>
         <c> </c>
         <w xml:id="pma99-196350"
            n="172-a-0950"
            ecep:lem="in"
            ecep:pos="p-acp"
            ecep:reg="in"
            ecep:spe="in"
            ecep:syllab="1"
            ecep:pron="ɪn">in</w>
         <c> </c>
         <w xml:id="pma99-196360"
            n="172-a-0960"
            ecep:lem="her"
            ecep:pos="po31"
            ecep:reg="her"
            ecep:spe="her"
            ecep:syllab="1"
            ecep:pron="hɜː">her</w>
         <c> </c>
         <w xml:id="pma99-196370"
            n="172-a-0970"
            ecep:lem="car"
            ecep:pos="n1"
            ecep:reg="car"
            ecep:spe="car"
            ecep:syllab="1"
            ecep:pron="kɑː">car</w>
         <pc xml:id="pma99-196380"
             n="172-a-0980"
             ecep:lem=","
             ecep:pos=","
             ecep:reg=","
             ecep:spe=",">,</pc>
      </l>
      <l n="27" xml:id="pma99-l08725">
         <c> </c>
         <w xml:id="pma99-196390"
            n="172-a-0990"
            ecep:lem="approach"
            ecep:pos="vvb"
            ecep:reg="Approach"
            ecep:spe="Approach"
            ecep:syllab="2"
            ecep:pron="əˈprəʊtʃ">Approach</w>
         <c> </c>
         <w xml:id="pma99-196400"
            n="172-a-1000"
            ecep:lem="the"
            ecep:pos="dt"
            ecep:reg="the"
            ecep:spe="the"
            ecep:syllab="1"
            ecep:pron="ðiː">the</w>
         <c> </c>
         <w xml:id="pma99-196410"
            n="172-a-1010"
            ecep:lem="rill"
            ecep:pos="vvb"
            ecep:reg="rill"
            ecep:spe="rill"
            ecep:syllab="1"
            ecep:pron="rɪl">rill</w>
         <c> </c>
         <w xml:id="pma99-196420"
            n="172-a-1020"
            ecep:lem="and"
            ecep:pos="cc"
            ecep:reg="and"
            ecep:spe="and"
            ecep:syllab="1"
            ecep:pron="ænd">and</w>
         <c> </c>
         <w xml:id="pma99-196430"
            n="172-a-1030"
            ecep:lem="drink"
            ecep:pos="vvi"
            ecep:reg="drink"
            ecep:spe="drink"
            ecep:syllab="1"
            ecep:pron="drɪŋk">drink</w>
         <c> </c>
         <w xml:id="pma99-196440"
            n="172-a-1040"
            ecep:lem="she"
            ecep:pos="pno31"
            ecep:reg="her"
            ecep:spe="her"
            ecep:syllab="1"
            ecep:pron="hɜː">her</w>
         <c> </c>
         <w xml:id="pma99-196450"
            n="172-a-1050"
            ecep:lem="fill"
            ecep:pos="vvi"
            ecep:reg="fill"
            ecep:spe="fill"
            ecep:syllab="1"
            ecep:pron="fɪl">fill</w>
      </l>
      <l n="28" rendition="#h_3" xml:id="pma99-l08730">
         <c> </c>
         <w xml:id="pma99-196460"
            n="172-a-1060"
            ecep:lem="each"
            ecep:pos="d"
            ecep:reg="Each"
            ecep:spe="Each"
            ecep:syllab="1"
            ecep:pron="iːtʃ">Each</w>
         <c> </c>
         <w xml:id="pma99-196470"
            n="172-a-1070"
            ecep:lem="day"
            ecep:pos="n1"
            ecep:reg="day"
            ecep:spe="day"
            ecep:syllab="1"
            ecep:pron="deɪ">day</w>
         <c> </c>
         <w xml:id="pma99-196480"
            n="172-a-1080"
            ecep:lem="at"
            ecep:pos="p-acp"
            ecep:reg="at"
            ecep:spe="at"
            ecep:syllab="1"
            ecep:pron="æt">at</w>
         <c> </c>
         <w xml:id="pma99-196490"
            n="172-a-1090"
            ecep:lem="swandle"
            ecep:pos="vvg"
            ecep:reg="Swandling"
            ecep:spe="Swandling"
            ecep:syllab="2"
            ecep:pron="swˈɒndlɪŋ">Swandling</w>
         <c> </c>
         <w xml:id="pma99-196500"
            n="172-a-1100"
            ecep:lem="bar"
            ecep:pos="n1"
            ecep:reg="Bar"
            ecep:spe="Bar"
            ecep:syllab="1"
            ecep:pron="bɑː">Bar</w>
         <pc unit="sentence"
             xml:id="pma99-196500-eos"
             n="172-a-1110"
             ecep:lem="."
             ecep:pos="."
             ecep:reg="."
             ecep:spe=".">.</pc>
         <c> </c>
      </l>
      <pb facs="pma99/0173" n="135" rend="none"/>
   </lg>
   <lg xml:id="pma99-s01655">
      <l n="29" xml:id="pma99-l08735">
         <w xml:id="pma99-196530"
            n="173-a-0010"
            ecep:lem="here"
            ecep:pos="av"
            ecep:reg="Here"
            ecep:spe="Here"
            ecep:syllab="1"
            ecep:pron="hɪə">Here</w>
         <c> </c>
         <w xml:id="pma99-196540"
            n="173-a-0020"
            ecep:lem="lord"
            ecep:pos="n2"
            ecep:reg="lords"
            ecep:spe="lords"
            ecep:syllab="1"
            ecep:pron="lɔːdz">lords</w>
         <c> </c>
         <w xml:id="pma99-196550"
            n="173-a-0030"
            ecep:lem="from"
            ecep:pos="p-acp"
            ecep:reg="from"
            ecep:spe="from"
            ecep:syllab="1"
            ecep:pron="frɒm">from</w>
         <c> </c>
         <w xml:id="pma99-196560"
            n="173-a-0040"
            ecep:lem="town"
            ecep:pos="n1"
            ecep:reg="town"
            ecep:spe="town"
            ecep:syllab="1"
            ecep:pron="taʊn">town</w>
         <pc xml:id="pma99-196570"
             n="173-a-0050"
             ecep:lem=","
             ecep:pos=","
             ecep:reg=","
             ecep:spe=",">,</pc>
         <c> </c>
         <w xml:id="pma99-196580"
            n="173-a-0060"
            ecep:lem="of"
            ecep:pos="pp-f"
            ecep:reg="of"
            ecep:spe="of"
            ecep:syllab="1"
            ecep:pron="ɒv">of</w>
         <c> </c>
         <w xml:id="pma99-196590"
            n="173-a-0070"
            ecep:lem="high"
            ecep:pos="j"
            ecep:reg="high"
            ecep:spe="high"
            ecep:syllab="1"
            ecep:pron="haɪ">high</w>
         <c> </c>
         <w xml:id="pma99-196600"
            n="173-a-0080"
            ecep:lem="renown"
            ecep:pos="n1"
            ecep:reg="renown"
            ecep:spe="renown"
            ecep:syllab="2"
            ecep:pron="rɪˈnaʊn">renown</w>
         <pc xml:id="pma99-196610"
             n="173-a-0090"
             ecep:lem=","
             ecep:pos=","
             ecep:reg=","
             ecep:spe=",">,</pc>
      </l>
      <l n="30" rendition="#h_3" xml:id="pma99-l08740">
         <c> </c>
         <w xml:id="pma99-196620"
            n="173-a-0100"
            ecep:lem="with"
            ecep:pos="p-acp"
            ecep:reg="With"
            ecep:spe="With"
            ecep:syllab="1"
            ecep:pron="wɪð">With</w>
         <c> </c>
         <w xml:id="pma99-196630"
            n="173-a-0110"
            ecep:lem="garter"
            ecep:pos="n1"
            ecep:reg="garter"
            ecep:spe="garter"
            ecep:syllab="2"
            ecep:pron="ˈgɑːtə">garter</w>
         <c> </c>
         <w xml:id="pma99-196640"
            n="173-a-0120"
            ecep:lem="and"
            ecep:pos="cc"
            ecep:reg="and"
            ecep:spe="and"
            ecep:syllab="1"
            ecep:pron="ænd">and</w>
         <c> </c>
         <w xml:id="pma99-196650"
            n="173-a-0130"
            ecep:lem="with"
            ecep:pos="p-acp"
            ecep:reg="with"
            ecep:spe="with"
            ecep:syllab="1"
            ecep:pron="wɪð">with</w>
         <c> </c>
         <w xml:id="pma99-196660"
            n="173-a-0140"
            ecep:lem="star"
            ecep:pos="n1"
            ecep:reg="star"
            ecep:spe="star"
            ecep:syllab="1"
            ecep:pron="stɑː">star</w>
         <pc xml:id="pma99-196670"
             n="173-a-0150"
             ecep:lem=","
             ecep:pos=","
             ecep:reg=","
             ecep:spe=",">,</pc>
      </l>
      <l n="31" xml:id="pma99-l08745">
         <c> </c>
         <w xml:id="pma99-196680"
            n="173-a-0160"
            ecep:lem="decrepit"
            ecep:pos="j"
            ecep:reg="Decrepit"
            ecep:spe="Decrepid"
            ecep:syllab="3"
            ecep:pron="dɪkrˈepɪd">Decrepid</w>
         <c> </c>
         <w xml:id="pma99-196690"
            n="173-a-0170"
            ecep:lem="come"
            ecep:pos="vvn"
            ecep:reg="come"
            ecep:spe="come"
            ecep:syllab="1"
            ecep:pron="kʌm">come</w>
         <pc xml:id="pma99-196700"
             n="173-a-0180"
             ecep:lem=","
             ecep:pos=","
             ecep:reg=","
             ecep:spe=",">,</pc>
         <c> </c>
         <w xml:id="pma99-196710"
            n="173-a-0190"
            ecep:lem="yet"
            ecep:pos="av"
            ecep:reg="yet"
            ecep:spe="yet"
            ecep:syllab="1"
            ecep:pron="jet">yet</w>
         <c> </c>
         <w xml:id="pma99-196720"
            n="173-a-0200"
            ecep:lem="brisk"
            ecep:pos="j"
            ecep:reg="brisk"
            ecep:spe="brisk"
            ecep:syllab="1"
            ecep:pron="brɪsk">brisk</w>
         <c> </c>
         <w xml:id="pma99-196730"
            n="173-a-0210"
            ecep:lem="go"
            ecep:pos="n1"
            ecep:reg="go"
            ecep:spe="go"
            ecep:syllab="1"
            ecep:pron="gəʊ">go</w>
         <c> </c>
         <w xml:id="pma99-196740"
            n="173-a-0220"
            ecep:lem="home"
            ecep:pos="av-an"
            ecep:reg="home"
            ecep:spe="home"
            ecep:syllab="1"
            ecep:pron="həʊm">home</w>
         <pc xml:id="pma99-196750"
             n="173-a-0230"
             ecep:lem=","
             ecep:pos=","
             ecep:reg=","
             ecep:spe=",">,</pc>
      </l>
      <l n="32" rendition="#h_3" xml:id="pma99-l08750">
         <c> </c>
         <w xml:id="pma99-196760"
            n="173-a-0240"
            ecep:lem="such"
            ecep:pos="d"
            ecep:reg="Such"
            ecep:spe="Such"
            ecep:syllab="1"
            ecep:pron="sʌtʃ">Such</w>
         <c> </c>
         <w xml:id="pma99-196770"
            n="173-a-0250"
            ecep:lem="power"
            ecep:pos="n1"
            ecep:reg="power"
            ecep:spe="power"
            ecep:syllab="1"
            ecep:pron="ˈpaʊə">power</w>
         <c> </c>
         <w xml:id="pma99-196780"
            n="173-a-0260"
            ecep:lem="have"
            ecep:pos="vhz"
            ecep:reg="hath"
            ecep:spe="hath"
            ecep:syllab="1"
            ecep:pron="hæθ">hath</w>
         <c> </c>
         <w xml:id="pma99-196790"
            n="173-a-0270"
            ecep:lem="Swandling"
            ecep:pos="np1"
            ecep:reg="Swandling"
            ecep:spe="Swandling"
            ecep:syllab="2"
            ecep:pron="swˈɒndlɪŋ">Swandling</w>
         <c> </c>
         <w xml:id="pma99-196800"
            n="173-a-0280"
            ecep:lem="bar"
            ecep:pos="n1"
            ecep:reg="Bar"
            ecep:spe="Bar"
            ecep:syllab="1"
            ecep:pron="bɑː">Bar</w>
         <pc unit="sentence"
             xml:id="pma99-196800-eos"
             n="173-a-0290"
             ecep:lem="."
             ecep:pos="."
             ecep:reg="."
             ecep:spe=".">.</pc>
         <c> </c>
      </l>
   </lg>
   <lg xml:id="pma99-s01660">
      <l n="33" xml:id="pma99-l08755">
         <w xml:id="pma99-196830"
            n="173-a-0300"
            ecep:lem="late"
            ecep:pos="j"
            ecep:reg="Late"
            ecep:spe="Late"
            ecep:syllab="1"
            ecep:pron="leɪt">Late</w>
         <c> </c>
         <w xml:id="pma99-196840"
            n="173-a-0310"
            ecep:lem="have"
            ecep:pos="vhb"
            ecep:reg="have"
            ecep:spe="have"
            ecep:syllab="1"
            ecep:pron="hæv">have</w>
         <c> </c>
         <w xml:id="pma99-196850"
            n="173-a-0320"
            ecep:lem="i"
            ecep:pos="pns11"
            ecep:reg="I"
            ecep:spe="I"
            ecep:syllab="1"
            ecep:pron="aɪ">I</w>
         <c> </c>
         <w xml:id="pma99-196860"
            n="173-a-0330"
            ecep:lem="see"
            ecep:pos="vvn"
            ecep:reg="seen"
            ecep:spe="seen"
            ecep:syllab="1"
            ecep:pron="siːn">seen</w>
         <pc xml:id="pma99-196870"
             n="173-a-0340"
             ecep:lem=","
             ecep:pos=","
             ecep:reg=","
             ecep:spe=",">,</pc>
         <c> </c>
         <w xml:id="pma99-196880"
            n="173-a-0350"
            ecep:lem="of"
            ecep:pos="pp-f"
            ecep:reg="of"
            ecep:spe="of"
            ecep:syllab="1"
            ecep:pron="ɒv">of</w>
         <c> </c>
         <w xml:id="pma99-196890"
            n="173-a-0360"
            ecep:lem="graceful"
            ecep:pos="j"
            ecep:reg="graceful"
            ecep:spe="graceful"
            ecep:syllab="2"
            ecep:pron="ˈgreɪsfl">graceful</w>
         <c> </c>
         <w xml:id="pma99-196900"
            n="173-a-0370"
            ecep:lem="mien"
            ecep:pos="n1"
            ecep:reg="mien"
            ecep:spe="mien"
            ecep:syllab="1"
            ecep:pron="miːn">mien</w>
         <pc xml:id="pma99-196910"
             n="173-a-0380"
             ecep:lem=","
             ecep:pos=","
             ecep:reg=","
             ecep:spe=",">,</pc>
      </l>
      <l n="34" rendition="#h_3" xml:id="pma99-l08760">
         <c> </c>
         <w xml:id="pma99-196920"
            n="173-a-0390"
            ecep:lem="a"
            ecep:pos="dt"
            ecep:reg="A"
            ecep:spe="A"
            ecep:syllab="1"
            ecep:pron="ə">A</w>
         <c> </c>
         <w xml:id="pma99-196930"
            n="173-a-0400"
            ecep:lem="nymph"
            ecep:pos="n1"
            ecep:reg="nymph"
            ecep:spe="nymph"
            ecep:syllab="1"
            ecep:pron="nɪmf">nymph</w>
         <c> </c>
         <w xml:id="pma99-196940"
            n="173-a-0410"
            ecep:lem="from"
            ecep:pos="p-acp"
            ecep:reg="from"
            ecep:spe="from"
            ecep:syllab="1"
            ecep:pron="frɒm">from</w>
         <c> </c>
         <w xml:id="pma99-196950"
            n="173-a-0420"
            ecep:lem="mullingar"
            ecep:pos="np1"
            ecep:reg="Mullingar"
            ecep:spe="Mullingar"
            ecep:syllab="3"
            ecep:pron="mˈʌlɪŋgə">Mullingar</w>
         <pc xml:id="pma99-196960"
             n="173-a-0430"
             ecep:lem=","
             ecep:pos=","
             ecep:reg=","
             ecep:spe=",">,</pc>
      </l>
      <l n="35" xml:id="pma99-l08765">
         <c> </c>
         <w xml:id="pma99-196970"
            n="173-a-0440"
            ecep:lem="so"
            ecep:pos="av"
            ecep:reg="So"
            ecep:spe="So"
            ecep:syllab="1"
            ecep:pron="səʊ">So</w>
         <c> </c>
         <w xml:id="pma99-196980"
            n="173-a-0450"
            ecep:lem="fair"
            ecep:pos="j"
            ecep:reg="fair"
            ecep:spe="fair"
            ecep:syllab="1"
            ecep:pron="feə">fair</w>
         <pc xml:id="pma99-196990"
             n="173-a-0460"
             ecep:lem=","
             ecep:pos=","
             ecep:reg=","
             ecep:spe=",">,</pc>
         <c> </c>
         <w xml:id="pma99-197000"
            n="173-a-0470"
            ecep:lem="so"
            ecep:pos="av"
            ecep:reg="so"
            ecep:spe="so"
            ecep:syllab="1"
            ecep:pron="səʊ">so</w>
         <c> </c>
         <w xml:id="pma99-197010"
            n="173-a-0480"
            ecep:lem="bright"
            ecep:pos="j"
            ecep:reg="bright"
            ecep:spe="bright"
            ecep:syllab="1"
            ecep:pron="braɪt">bright</w>
         <pc xml:id="pma99-197020"
             n="173-a-0490"
             ecep:lem=","
             ecep:pos=","
             ecep:reg=","
             ecep:spe=",">,</pc>
         <c> </c>
         <w xml:id="pma99-197030"
            n="173-a-0500"
            ecep:lem="she"
            ecep:pos="pns31"
            ecep:reg="she"
            ecep:spe="she"
            ecep:syllab="1"
            ecep:pron="ʃiː">she</w>
         <c> </c>
         <w xml:id="pma99-197040"
            n="173-a-0510"
            ecep:lem="catch"
            ecep:pos="vvd"
            ecep:reg="caught"
            ecep:spe="caught"
            ecep:syllab="1"
            ecep:pron="kɔːt">caught</w>
         <c> </c>
         <w xml:id="pma99-197050"
            n="173-a-0520"
            ecep:lem="the"
            ecep:pos="dt"
            ecep:reg="the"
            ecep:spe="the"
            ecep:syllab="1"
            ecep:pron="ðiː">the</w>
         <c> </c>
         <w xml:id="pma99-197060"
            n="173-a-0530"
            ecep:lem="sight"
            ecep:pos="n1"
            ecep:reg="sight"
            ecep:spe="sight"
            ecep:syllab="1"
            ecep:pron="saɪt">sight</w>
      </l>
      <l n="36" rendition="#h_3" xml:id="pma99-l08770">
         <c> </c>
         <w xml:id="pma99-197070"
            n="173-a-0540"
            ecep:lem="of"
            ecep:pos="pp-f"
            ecep:reg="Of"
            ecep:spe="Of"
            ecep:syllab="1"
            ecep:pron="ɒv">Of</w>
         <c> </c>
         <w xml:id="pma99-197080"
            n="173-a-0550"
            ecep:lem="all"
            ecep:pos="d"
            ecep:reg="all"
            ecep:spe="all"
            ecep:syllab="1"
            ecep:pron="ɔːl">all</w>
         <c> </c>
         <w xml:id="pma99-197090"
            n="173-a-0560"
            ecep:lem="at"
            ecep:pos="p-acp"
            ecep:reg="at"
            ecep:spe="at"
            ecep:syllab="1"
            ecep:pron="æt">at</w>
         <c> </c>
         <w xml:id="pma99-197100"
            n="173-a-0570"
            ecep:lem="swandle"
            ecep:pos="vvg"
            ecep:reg="Swandling"
            ecep:spe="Swandling"
            ecep:syllab="2"
            ecep:pron="swˈɒndlɪŋ">Swandling</w>
         <c> </c>
         <w xml:id="pma99-197110"
            n="173-a-0580"
            ecep:lem="bar"
            ecep:pos="n1"
            ecep:reg="Bar"
            ecep:spe="Bar"
            ecep:syllab="1"
            ecep:pron="bɑː">Bar</w>
         <pc unit="sentence"
             xml:id="pma99-197110-eos"
             n="173-a-0590"
             ecep:lem="."
             ecep:pos="."
             ecep:reg="."
             ecep:spe=".">.</pc>
         <c> </c>
      </l>
   </lg>
   <lg xml:id="pma99-s01665">
      <l n="37" xml:id="pma99-l08775">
         <w xml:id="pma99-197140"
            n="173-a-0600"
            ecep:lem="though"
            ecep:pos="c-acp"
            ecep:reg="Though"
            ecep:spe="Tho'"
            ecep:syllab="1"
            ecep:pron="ðəʊ">Tho'</w>
         <c> </c>
         <w xml:id="pma99-197150"
            n="173-a-0610"
            ecep:lem="here"
            ecep:pos="av"
            ecep:reg="here"
            ecep:spe="here"
            ecep:syllab="1"
            ecep:pron="hɪə">here</w>
         <c> </c>
         <w xml:id="pma99-197160"
            n="173-a-0620"
            ecep:lem="i"
            ecep:pos="pns11"
            ecep:reg="I"
            ecep:spe="I"
            ecep:syllab="1"
            ecep:pron="aɪ">I</w>
         <c> </c>
         <w xml:id="pma99-197170"
            n="173-a-0630"
            ecep:lem="come"
            ecep:pos="vvd"
            ecep:reg="came"
            ecep:spe="came"
            ecep:syllab="1"
            ecep:pron="keɪm">came</w>
         <c> </c>
         <w xml:id="pma99-197180"
            n="173-a-0640"
            ecep:lem="to"
            ecep:pos="pc-acp"
            ecep:reg="to"
            ecep:spe="to"
            ecep:syllab="1"
            ecep:pron="tuː">to</w>
         <c> </c>
         <w xml:id="pma99-197190"
            n="173-a-0650"
            ecep:lem="quench"
            ecep:pos="vvi"
            ecep:reg="quench"
            ecep:spe="quench"
            ecep:syllab="1"
            ecep:pron="kwenʃ">quench</w>
         <c> </c>
         <w xml:id="pma99-197200"
            n="173-a-0660"
            ecep:lem="a"
            ecep:pos="dt"
            ecep:reg="a"
            ecep:spe="a"
            ecep:syllab="1"
            ecep:pron="ə">a</w>
         <c> </c>
         <w xml:id="pma99-197210"
            n="173-a-0670"
            ecep:lem="flame"
            ecep:pos="n1"
            ecep:reg="flame"
            ecep:spe="flame"
            ecep:syllab="1"
            ecep:pron="fleɪm">flame</w>
      </l>
      <l n="38" rendition="#h_3" xml:id="pma99-l08780">
         <c> </c>
         <w xml:id="pma99-197220"
            n="173-a-0680"
            ecep:lem="i|have"
            ecep:pos="pns11|vhb"
            ecep:reg="I've"
            ecep:spe="I've"
            ecep:syllab="1"
            ecep:pron="ˈaɪv">I've</w>
         <c> </c>
         <w xml:id="pma99-197230"
            n="173-a-0690"
            ecep:lem="get"
            ecep:pos="vvd"
            ecep:reg="got"
            ecep:spe="got"
            ecep:syllab="1"
            ecep:pron="gɒt">got</w>
         <c> </c>
         <w xml:id="pma99-197240"
            n="173-a-0700"
            ecep:lem="a"
            ecep:pos="dt"
            ecep:reg="a"
            ecep:spe="a"
            ecep:syllab="1"
            ecep:pron="ə">a</w>
         <c> </c>
         <w xml:id="pma99-197250"
            n="173-a-0710"
            ecep:lem="deep"
            ecep:pos="jc-jn"
            ecep:reg="deeper"
            ecep:spe="deeper"
            ecep:syllab="2"
            ecep:pron="diːpə">deeper</w>
         <c> </c>
         <w xml:id="pma99-197260"
            n="173-a-0720"
            ecep:lem="scar"
            ecep:pos="n1"
            ecep:reg="scar"
            ecep:spe="scar"
            ecep:syllab="1"
            ecep:pron="skɑː">scar</w>
         <pc xml:id="pma99-197270"
             n="173-a-0730"
             ecep:lem=","
             ecep:pos=","
             ecep:reg=","
             ecep:spe=",">,</pc>
      </l>
      <l n="39" xml:id="pma99-l08785">
         <c> </c>
         <w xml:id="pma99-197280"
            n="173-a-0740"
            ecep:lem="yet"
            ecep:pos="av"
            ecep:reg="Yet"
            ecep:spe="Yet"
            ecep:syllab="1"
            ecep:pron="jet">Yet</w>
         <c> </c>
         <w xml:id="pma99-197290"
            n="173-a-0750"
            ecep:lem="can"
            ecep:pos="vmbx"
            ecep:reg="can't"
            ecep:spe="can't"
            ecep:syllab="1"
            ecep:pron="kɑːnt">can't</w>
         <c> </c>
         <w xml:id="pma99-197300"
            n="173-a-0760"
            ecep:lem="endure"
            ecep:pos="vvi"
            ecep:reg="endure"
            ecep:spe="endure"
            ecep:syllab="2"
            ecep:pron="ɪnˈdʒʊə">endure</w>
         <c> </c>
         <w xml:id="pma99-197310"
            n="173-a-0770"
            ecep:lem="to"
            ecep:pos="pc-acp"
            ecep:reg="to"
            ecep:spe="to"
            ecep:syllab="1"
            ecep:pron="tuː">to</w>
         <c> </c>
         <w xml:id="pma99-197320"
            n="173-a-0780"
            ecep:lem="seek"
            ecep:pos="vvi"
            ecep:reg="seek"
            ecep:spe="seek"
            ecep:syllab="1"
            ecep:pron="siːk">seek</w>
         <c> </c>
         <w xml:id="pma99-197330"
            n="173-a-0790"
            ecep:lem="a"
            ecep:pos="dt"
            ecep:reg="a"
            ecep:spe="a"
            ecep:syllab="1"
            ecep:pron="ə">a</w>
         <c> </c>
         <w xml:id="pma99-197340"
            n="173-a-0800"
            ecep:lem="cure"
            ecep:pos="n1"
            ecep:reg="cure"
            ecep:spe="cure"
            ecep:syllab="1"
            ecep:pron="kjʊə">cure</w>
      </l>
      <l n="40" rendition="#h_3" xml:id="pma99-l08790">
         <c> </c>
         <w xml:id="pma99-197350"
            n="173-a-0810"
            ecep:lem="by"
            ecep:pos="p-acp"
            ecep:reg="By"
            ecep:spe="By"
            ecep:syllab="1"
            ecep:pron="baɪ">By</w>
         <c> </c>
         <w xml:id="pma99-197360"
            n="173-a-0820"
            ecep:lem="leave"
            ecep:pos="vvg"
            ecep:reg="leaving"
            ecep:spe="leaving"
            ecep:syllab="2"
            ecep:pron="liːvɪŋ">leaving</w>
         <c> </c>
         <w xml:id="pma99-197370"
            n="173-a-0830"
            ecep:lem="swandle"
            ecep:pos="vvg"
            ecep:reg="Swandling"
            ecep:spe="Swandling"
            ecep:syllab="2"
            ecep:pron="swˈɒndlɪŋ">Swandling</w>
         <c> </c>
         <w xml:id="pma99-197380"
            n="173-a-0840"
            ecep:lem="bar"
            ecep:pos="n1"
            ecep:reg="Bar"
            ecep:spe="Bar"
            ecep:syllab="1"
            ecep:pron="bɑː">Bar</w>
         <pc unit="sentence"
             xml:id="pma99-197380-eos"
             n="173-a-0850"
             ecep:lem="."
             ecep:pos="."
             ecep:reg="."
             ecep:spe=".">.</pc>
         <c> </c>
      </l>
   </lg>
</div>
