<?xml version="1.0" encoding="utf-8"?>
<!DOCTYPE div
  SYSTEM "about:legacy-compat">
<div xmlns:ecep="http://www.eighteenthcenturypoetry.org/ns"
     xmlns="http://www.tei-c.org/ns/1.0"
     xmlns:tei="http://www.tei-c.org/ns/1.0"
     ana="#iamb #pentameter #pair #couplet #heroiccouplet #address"
     corresp="#txt_RoweEl1674_w0022"
     decls="#semi-normalized"
     ecep:syllab="10"
     met="-+|-+|-+|-+|-+/"
     rendition="#lgvspace"
     rhyme="aa"
     subtype="eceptext"
     type="poem"
     xml:id="oar96-w0210">
   <link target="authors.xml#aut_RoweEl1674" type="author"/>
   <link subtype="answer" target="#oar96-w0220" type="related"/>
   <head type="main">
      <w xml:id="oar96-120970"
         n="49-b-0010"
         ecep:lem="the"
         ecep:pos="dt"
         ecep:reg="THE"
         ecep:spe="THE"
         ecep:syllab="1"
         ecep:pron="ðiː">THE</w>
      <c> </c>
      <w xml:id="oar96-120980"
         n="49-b-0020"
         ecep:lem="wish"
         ecep:pos="vvb"
         ecep:reg="WISH"
         ecep:spe="WISH"
         ecep:syllab="1"
         ecep:pron="wɪʃ">WISH</w>
      <pc xml:id="oar96-120990"
          n="49-b-0030"
          ecep:lem=","
          ecep:pos=","
          ecep:reg=","
          ecep:spe=",">,</pc>
      <c> </c>
      <w xml:id="oar96-121000"
         n="49-b-0040"
         ecep:lem="in"
         ecep:pos="p-acp"
         ecep:reg="IN"
         ecep:spe="IN"
         ecep:syllab="1"
         ecep:pron="ɪn">IN</w>
      <c> </c>
      <w xml:id="oar96-121010"
         n="49-b-0050"
         ecep:lem="a"
         ecep:pos="dt"
         ecep:reg="A"
         ecep:spe="A"
         ecep:syllab="1"
         ecep:pron="ə">A</w>
      <c> </c>
      <w xml:id="oar96-121020"
         n="49-b-0060"
         ecep:lem="poem"
         ecep:pos="n1"
         ecep:reg="POEM"
         ecep:spe="POEM"
         ecep:syllab="2"
         ecep:pron="ˈpəʊɪm">POEM</w>
      <c> </c>
      <w xml:id="oar96-121030"
         n="49-b-0070"
         ecep:lem="to"
         ecep:pos="p-acp"
         ecep:reg="TO"
         ecep:spe="TO"
         ecep:syllab="1"
         ecep:pron="tuː">TO</w>
      <c> </c>
      <w xml:id="oar96-121040"
         n="49-b-0080"
         ecep:lem="the"
         ecep:pos="dt"
         ecep:reg="THE"
         ecep:spe="THE"
         ecep:syllab="1"
         ecep:pron="ðiː">THE</w>
      <c> </c>
      <w xml:id="oar96-121050"
         n="49-b-0090"
         ecep:lem="athenian"
         ecep:pos="njp2"
         ecep:reg="ATHENIANS"
         ecep:spe="ATHENIANS"
         ecep:syllab="4"
         ecep:pron="əˈθiːniənz">ATHENIANS</w>
      <pc xml:id="oar96-121060"
          n="49-b-0100"
          unit="sentence"
          ecep:lem="."
          ecep:pos="."
          ecep:reg="."
          ecep:spe=".">.</pc>
   </head>
   <lg xml:id="oar96-s00455">
      <l xml:id="oar96-l05405">
         <w xml:id="oar96-121090"
            n="49-b-0110"
            ecep:lem="will"
            ecep:pos="vmd"
            ecep:reg="Would"
            ecep:spe="WOu'd"
            ecep:syllab="1"
            ecep:pron="wʊd">WOu'd</w>
         <c> </c>
         <w xml:id="oar96-121100"
            n="49-b-0120"
            ecep:lem="some"
            ecep:pos="d"
            ecep:reg="some"
            ecep:spe="some"
            ecep:syllab="1"
            ecep:pron="sʌm">some</w>
         <c> </c>
         <w xml:id="oar96-121110"
            n="49-b-0130"
            ecep:lem="kind"
            ecep:pos="j"
            ecep:reg="kind"
            ecep:spe="kind"
            ecep:syllab="1"
            ecep:pron="kaɪnd">kind</w>
         <c> </c>
         <w xml:id="oar96-121120"
            n="49-b-0140"
            ecep:lem="vision"
            ecep:pos="n1"
            ecep:reg="Vision"
            ecep:spe="Vision"
            ecep:syllab="2"
            ecep:pron="ˈvɪʒn">Vision</w>
         <c> </c>
         <w xml:id="oar96-121130"
            n="49-b-0150"
            ecep:lem="represent"
            ecep:pos="vvi"
            ecep:reg="represent"
            ecep:spe="represent"
            ecep:syllab="3"
            ecep:pron="ˌreprɪˈzent">represent</w>
         <c> </c>
         <w xml:id="oar96-121140"
            n="49-b-0160"
            ecep:lem="to"
            ecep:pos="p-acp"
            ecep:reg="to"
            ecep:spe="to"
            ecep:syllab="1"
            ecep:pron="tuː">to</w>
         <c> </c>
         <w xml:id="oar96-121150"
            n="49-b-0170"
            ecep:lem="i"
            ecep:pos="pno11"
            ecep:reg="me"
            ecep:spe="me"
            ecep:syllab="1"
            ecep:pron="miː">me</w>
      </l>
      <l xml:id="oar96-l05410">
         <c> </c>
         <w xml:id="oar96-121160"
            n="49-b-0180"
            ecep:lem="how"
            ecep:pos="c-crq"
            ecep:reg="How"
            ecep:spe="How"
            ecep:syllab="1"
            ecep:pron="haʊ">How</w>
         <c> </c>
         <w xml:id="oar96-121170"
            n="49-b-0190"
            ecep:lem="bright"
            ecep:pos="j"
            ecep:reg="bright"
            ecep:spe="bright"
            ecep:syllab="1"
            ecep:pron="braɪt">bright</w>
         <c> </c>
         <w xml:id="oar96-121180"
            n="49-b-0200"
            ecep:lem="thy"
            ecep:pos="po21"
            ecep:reg="thy"
            ecep:spe="thy"
            ecep:syllab="1"
            ecep:pron="ðaɪ">thy</w>
         <c> </c>
         <w xml:id="oar96-121190"
            n="49-b-0210"
            ecep:lem="street"
            ecep:pos="n2"
            ecep:reg="Streets"
            ecep:spe="Streets"
            ecep:syllab="1"
            ecep:pron="striːts">Streets</w>
         <pc xml:id="oar96-121200"
             n="49-b-0220"
             ecep:lem=","
             ecep:pos=","
             ecep:reg=","
             ecep:spe=",">,</pc>
         <c> </c>
         <w xml:id="oar96-121210"
            n="49-b-0230"
            ecep:lem="celestial"
            ecep:pos="j"
            ecep:reg="Celestial"
            ecep:spe="Celestial"
            ecep:syllab="3"
            ecep:pron="səˈlestiəl">Celestial</w>
         <c> </c>
         <hi>
            <w xml:id="oar96-121220"
               n="49-b-0240"
               ecep:lem="Salem"
               ecep:pos="np1"
               ecep:reg="Salem"
               ecep:spe="Salem"
               ecep:syllab="2"
               ecep:pron="ˈseɪləm">Salem</w>
            <pc xml:id="oar96-121230"
                n="49-b-0250"
                ecep:lem="!"
                ecep:pos="!"
                ecep:reg="!"
                ecep:spe="!">!</pc>
         </hi>
         <c> </c>
         <w xml:id="oar96-121240"
            n="49-b-0260"
            ecep:lem="be"
            ecep:pos="vbb"
            ecep:reg="be"
            ecep:spe="be"
            ecep:syllab="1"
            ecep:pron="biː">be</w>
         <pc xml:id="oar96-121250"
             n="49-b-0270"
             ecep:lem=";"
             ecep:pos=";"
             ecep:reg=";"
             ecep:spe=";">;</pc>
      </l>
      <l xml:id="oar96-l05415">
         <c> </c>
         <w xml:id="oar96-121260"
            n="49-b-0280"
            ecep:lem="i|will"
            ecep:pos="pns11|vmd"
            ecep:reg="I'd"
            ecep:spe="I'd"
            ecep:syllab="1"
            ecep:pron="ˈaɪd">I'd</w>
         <c> </c>
         <w xml:id="oar96-121270"
            n="49-b-0290"
            ecep:lem="trace"
            ecep:pos="vvi"
            ecep:reg="trace"
            ecep:spe="trace"
            ecep:syllab="1"
            ecep:pron="treɪs">trace</w>
         <c> </c>
         <w xml:id="oar96-121280"
            n="49-b-0300"
            ecep:lem="thy"
            ecep:pos="po21"
            ecep:reg="thy"
            ecep:spe="thy"
            ecep:syllab="1"
            ecep:pron="ðaɪ">thy</w>
         <c> </c>
         <w xml:id="oar96-121290"
            n="49-b-0310"
            ecep:lem="shine"
            ecep:pos="j-vvg"
            ecep:reg="shining"
            ecep:spe="shining"
            ecep:syllab="2"
            ecep:pron="ʃaɪnɪŋ">shining</w>
         <c> </c>
         <w xml:id="oar96-121300"
            n="49-b-0320"
            ecep:lem="pearly"
            ecep:pos="j"
            ecep:reg="pearly"
            ecep:spe="pearly"
            ecep:syllab="2"
            ecep:pron="ˈpɜːli">pearly</w>
         <c> </c>
         <w xml:id="oar96-121310"
            n="49-b-0330"
            ecep:lem="fath"
            ecep:pos="n2"
            ecep:reg="Faths"
            ecep:spe="Faths"
            ecep:syllab="1"
            ecep:pron="fˈæθs">Faths</w>
         <pc xml:id="oar96-121320"
             n="49-b-0340"
             ecep:lem=","
             ecep:pos=","
             ecep:reg=","
             ecep:spe=",">,</pc>
         <c> </c>
         <w xml:id="oar96-121330"
            n="49-b-0350"
            ecep:lem="and"
            ecep:pos="cc"
            ecep:reg="and"
            ecep:spe="and"
            ecep:syllab="1"
            ecep:pron="ænd">and</w>
         <c> </c>
         <w xml:id="oar96-121340"
            n="49-b-0360"
            ecep:lem="tell"
            ecep:pos="vvb"
            ecep:reg="tell"
            ecep:spe="tell"
            ecep:syllab="1"
            ecep:pron="tel">tell</w>
      </l>
      <l xml:id="oar96-l05420">
         <c> </c>
         <w xml:id="oar96-121350"
            n="49-b-0370"
            ecep:lem="how"
            ecep:pos="c-crq"
            ecep:reg="How"
            ecep:spe="How"
            ecep:syllab="1"
            ecep:pron="haʊ">How</w>
         <c> </c>
         <w xml:id="oar96-121360"
            n="49-b-0380"
            ecep:lem="bless"
            ecep:pos="j-vvn"
            ecep:reg="blessed"
            ecep:spe="bless'd"
            ecep:syllab="1"
            ecep:pron="ˈblesɪd">bless'd</w>
         <c> </c>
         <w xml:id="oar96-121370"
            n="49-b-0390"
            ecep:lem="be"
            ecep:pos="vbb"
            ecep:reg="are"
            ecep:spe="are"
            ecep:syllab="1"
            ecep:pron="ɑː">are</w>
         <c> </c>
         <w xml:id="oar96-121380"
            n="49-b-0400"
            ecep:lem="those"
            ecep:pos="d"
            ecep:reg="those"
            ecep:spe="those"
            ecep:syllab="1"
            ecep:pron="ðəʊz">those</w>
         <c> </c>
         <w xml:id="oar96-121390"
            n="49-b-0410"
            ecep:lem="that"
            ecep:pos="cst"
            ecep:reg="that"
            ecep:spe="that"
            ecep:syllab="1"
            ecep:pron="ðæt">that</w>
         <c> </c>
         <w xml:id="oar96-121400"
            n="49-b-0420"
            ecep:lem="in"
            ecep:pos="p-acp"
            ecep:reg="in"
            ecep:spe="in"
            ecep:syllab="1"
            ecep:pron="ɪn">in</w>
         <c> </c>
         <w xml:id="oar96-121410"
            n="49-b-0430"
            ecep:lem="thy"
            ecep:pos="po21"
            ecep:reg="thy"
            ecep:spe="thy"
            ecep:syllab="1"
            ecep:pron="ðaɪ">thy</w>
         <c> </c>
         <w xml:id="oar96-121420"
            n="49-b-0440"
            ecep:lem="temple"
            ecep:pos="n1"
            ecep:reg="Temple"
            ecep:spe="Temple"
            ecep:syllab="2"
            ecep:pron="ˈtempl">Temple</w>
         <c> </c>
         <w xml:id="oar96-121430"
            n="49-b-0450"
            ecep:lem="dwell"
            ecep:pos="vvi"
            ecep:reg="dwell"
            ecep:spe="dwell"
            ecep:syllab="1"
            ecep:pron="dwel">dwell</w>
         <pc xml:id="oar96-121440"
             n="49-b-0460"
             ecep:lem=":"
             ecep:pos=":"
             ecep:reg=":"
             ecep:spe=":">:</pc>
      </l>
      <l xml:id="oar96-l05425">
         <c> </c>
         <w xml:id="oar96-121450"
            n="49-b-0470"
            ecep:lem="how"
            ecep:pos="c-crq"
            ecep:reg="How"
            ecep:spe="How"
            ecep:syllab="1"
            ecep:pron="haʊ">How</w>
         <c> </c>
         <w xml:id="oar96-121460"
            n="49-b-0480"
            ecep:lem="much"
            ecep:pos="av-d"
            ecep:reg="much"
            ecep:spe="much"
            ecep:syllab="1"
            ecep:pron="mʌtʃ">much</w>
         <c> </c>
         <w xml:id="oar96-121470"
            n="49-b-0490"
            ecep:lem="more"
            ecep:pos="av-dc"
            ecep:reg="more"
            ecep:spe="more"
            ecep:syllab="1"
            ecep:pron="mɔː">more</w>
         <c> </c>
         <w xml:id="oar96-121480"
            n="49-b-0500"
            ecep:lem="bright"
            ecep:pos="j"
            ecep:reg="bright"
            ecep:spe="bright"
            ecep:syllab="1"
            ecep:pron="braɪt">bright</w>
         <c> </c>
         <w xml:id="oar96-121490"
            n="49-b-0510"
            ecep:lem="than"
            ecep:pos="cs"
            ecep:reg="than"
            ecep:spe="than"
            ecep:syllab="1"
            ecep:pron="ðæn">than</w>
         <c> </c>
         <w xml:id="oar96-121500"
            n="49-b-0520"
            ecep:lem="ever"
            ecep:pos="av"
            ecep:reg="before"
            ecep:spe="e're"
            ecep:syllab="1"
            ecep:pron="eə">e're</w>
         <c> </c>
         <w xml:id="oar96-121510"
            n="49-b-0530"
            ecep:lem="proud"
            ecep:pos="j"
            ecep:reg="proud"
            ecep:spe="proud"
            ecep:syllab="1"
            ecep:pron="praʊd">proud</w>
         <c> </c>
         <w xml:id="oar96-121520"
            n="49-b-0540"
            ecep:lem="Phoebus"
            ecep:pos="np1"
            ecep:reg="Phoebus"
            ecep:spe="Phoebus"
            ecep:syllab="2"
            ecep:pron="ˈfiːbəs">Phoebus</w>
         <c> </c>
         <w xml:id="oar96-121530"
            n="49-b-0550"
            ecep:lem="shed"
            ecep:pos="vvd"
            ecep:reg="shed"
            ecep:spe="shed"
            ecep:syllab="1"
            ecep:pron="ʃed">shed</w>
      </l>
      <l xml:id="oar96-l05430">
         <c> </c>
         <w xml:id="oar96-121540"
            n="49-b-0560"
            ecep:lem="be"
            ecep:pos="vbb"
            ecep:reg="Are"
            ecep:spe="Are"
            ecep:syllab="1"
            ecep:pron="ɑː">Are</w>
         <c> </c>
         <w xml:id="oar96-121550"
            n="49-b-0570"
            ecep:lem="those"
            ecep:pos="d"
            ecep:reg="those"
            ecep:spe="those"
            ecep:syllab="1"
            ecep:pron="ðəʊz">those</w>
         <c> </c>
         <w xml:id="oar96-121560"
            n="49-b-0580"
            ecep:lem="vast"
            ecep:pos="j"
            ecep:reg="vast"
            ecep:spe="vast"
            ecep:syllab="1"
            ecep:pron="vɑːst">vast</w>
         <c> </c>
         <w xml:id="oar96-121570"
            n="49-b-0590"
            ecep:lem="ray"
            ecep:pos="n2"
            ecep:reg="Rays"
            ecep:spe="Rays"
            ecep:syllab="1"
            ecep:pron="reɪz">Rays</w>
         <c> </c>
         <w xml:id="oar96-121580"
            n="49-b-0600"
            ecep:lem="the"
            ecep:pos="dt"
            ecep:reg="the"
            ecep:spe="the"
            ecep:syllab="1"
            ecep:pron="ðiː">the</w>
         <c> </c>
         <w xml:id="oar96-121590"
            n="49-b-0610"
            ecep:lem="eternal"
            ecep:pos="j"
            ecep:reg="Eternal"
            ecep:spe="Eternal"
            ecep:syllab="3"
            ecep:pron="ɪˈtɜːnl">Eternal</w>
         <c> </c>
         <w xml:id="oar96-121600"
            n="49-b-0620"
            ecep:lem="sun"
            ecep:pos="n1"
            ecep:reg="Sun"
            ecep:spe="Sun"
            ecep:syllab="1"
            ecep:pron="sʌn">Sun</w>
         <c> </c>
         <w xml:id="oar96-121610"
            n="49-b-0630"
            ecep:lem="do"
            ecep:pos="vdz"
            ecep:reg="does"
            ecep:spe="does"
            ecep:syllab="1"
            ecep:pron="dʌz">does</w>
         <c> </c>
         <w xml:id="oar96-121620"
            n="49-b-0640"
            ecep:lem="spread"
            ecep:pos="vvi"
            ecep:reg="spread"
            ecep:spe="spread"
            ecep:syllab="1"
            ecep:pron="spred">spread</w>
         <pc xml:id="oar96-121630"
             n="49-b-0650"
             unit="sentence"
             ecep:lem="!"
             ecep:pos="!"
             ecep:reg="!"
             ecep:spe="!">!</pc>
         <c> </c>
      </l>
      <l xml:id="oar96-l05435">
         <w xml:id="oar96-121640"
            n="49-b-0660"
            ecep:lem="can"
            ecep:pos="vmd"
            ecep:reg="Could"
            ecep:spe="Cou'd"
            ecep:syllab="1"
            ecep:pron="kʊd">Cou'd</w>
         <c> </c>
         <w xml:id="oar96-121650"
            n="49-b-0670"
            ecep:lem="i"
            ecep:pos="pns11"
            ecep:reg="I"
            ecep:spe="I"
            ecep:syllab="1"
            ecep:pron="aɪ">I</w>
         <c> </c>
         <w xml:id="oar96-121660"
            n="49-b-0680"
            ecep:lem="the"
            ecep:pos="dt"
            ecep:reg="the"
            ecep:spe="the"
            ecep:syllab="1"
            ecep:pron="ðiː">the</w>
         <c> </c>
         <w xml:id="oar96-121670"
            n="49-b-0690"
            ecep:lem="chief"
            ecep:pos="js-jn"
            ecep:reg="chiefest"
            ecep:spe="chiefest"
            ecep:syllab="2"
            ecep:pron="ˈtʃiːfɪst">chiefest</w>
         <c> </c>
         <w xml:id="oar96-121680"
            n="49-b-0700"
            ecep:lem="of"
            ecep:pos="pp-f"
            ecep:reg="of"
            ecep:spe="of"
            ecep:syllab="1"
            ecep:pron="ɒv">of</w>
         <c> </c>
         <w xml:id="oar96-121690"
            n="49-b-0710"
            ecep:lem="ten"
            ecep:pos="crd"
            ecep:reg="ten"
            ecep:spe="ten"
            ecep:syllab="1"
            ecep:pron="ten">ten</w>
         <c> </c>
         <w xml:id="oar96-121700"
            n="49-b-0720"
            ecep:lem="thousand"
            ecep:pos="crd"
            ecep:reg="thousands"
            ecep:spe="thousands"
            ecep:syllab="2"
            ecep:pron="ˈθaʊznz">thousands</w>
         <c> </c>
         <w xml:id="oar96-121710"
            n="49-b-0730"
            ecep:lem="view"
            ecep:pos="n1"
            ecep:reg="view"
            ecep:spe="view"
            ecep:syllab="1"
            ecep:pron="vjuː">view</w>
         <pc xml:id="oar96-121720"
             n="49-b-0740"
             ecep:lem=","
             ecep:pos=","
             ecep:reg=","
             ecep:spe=",">,</pc>
      </l>
      <l xml:id="oar96-l05440">
         <c> </c>
         <w xml:id="oar96-121730"
            n="49-b-0750"
            ecep:lem="will"
            ecep:pos="vmd"
            ecep:reg="Would"
            ecep:spe="Wou'd"
            ecep:syllab="1"
            ecep:pron="wʊd">Wou'd</w>
         <c> </c>
         <w xml:id="oar96-121740"
            n="49-b-0760"
            ecep:lem="angel"
            ecep:pos="n2"
            ecep:reg="Angels"
            ecep:spe="Angels"
            ecep:syllab="2"
            ecep:pron="ˈeɪndʒlz">Angels</w>
         <c> </c>
         <w xml:id="oar96-121750"
            n="49-b-0770"
            ecep:lem="i"
            ecep:pos="pno11"
            ecep:reg="me"
            ecep:spe="me"
            ecep:syllab="1"
            ecep:pron="miː">me</w>
         <c> </c>
         <w xml:id="oar96-121760"
            n="49-b-0780"
            ecep:lem="their"
            ecep:pos="po32"
            ecep:reg="their"
            ecep:spe="their"
            ecep:syllab="1"
            ecep:pron="ðeə">their</w>
         <c> </c>
         <w xml:id="oar96-121770"
            n="49-b-0790"
            ecep:lem="admiration"
            ecep:pos="n1"
            ecep:reg="Admiration"
            ecep:spe="Admiration"
            ecep:syllab="4"
            ecep:pron="ˌædməˈreɪʃn">Admiration</w>
         <c> </c>
         <w xml:id="oar96-121780"
            n="49-b-0800"
            ecep:lem="show"
            ecep:pos="vvi"
            ecep:reg="show"
            ecep:spe="shew"
            ecep:syllab="1"
            ecep:pron="ʃəʊ">shew</w>
         <pc xml:id="oar96-121790"
             n="49-b-0810"
             ecep:lem=","
             ecep:pos=","
             ecep:reg=","
             ecep:spe=",">,</pc>
      </l>
      <pb facs="oar96/0101" n="2" rend="none"/>
      <l xml:id="oar96-l05445">
         <c> </c>
         <w xml:id="oar96-121800"
            n="50-a-0010"
            ecep:lem="i|will"
            ecep:pos="pns11|vmd"
            ecep:reg="I'd"
            ecep:spe="I'd"
            ecep:syllab="1"
            ecep:pron="ˈaɪd">I'd</w>
         <c> </c>
         <w xml:id="oar96-121810"
            n="50-a-0020"
            ecep:lem="tell"
            ecep:pos="vvi"
            ecep:reg="tell"
            ecep:spe="tell"
            ecep:syllab="1"
            ecep:pron="tel">tell</w>
         <c> </c>
         <w xml:id="oar96-121820"
            n="50-a-0030"
            ecep:lem="the"
            ecep:pos="dt"
            ecep:reg="the"
            ecep:spe="the"
            ecep:syllab="1"
            ecep:pron="ðiː">the</w>
         <c> </c>
         <w xml:id="oar96-121830"
            n="50-a-0040"
            ecep:lem="virgin"
            ecep:pos="n2"
            ecep:reg="Virgins"
            ecep:spe="Virgins"
            ecep:syllab="2"
            ecep:pron="ˈvɜːdʒɪnz">Virgins</w>
         <pc xml:id="oar96-121840"
             n="50-a-0050"
             ecep:lem=","
             ecep:pos=","
             ecep:reg=","
             ecep:spe=",">,</pc>
         <c> </c>
         <w xml:id="oar96-121850"
            n="50-a-0060"
            ecep:lem="tell"
            ecep:pos="vvb"
            ecep:reg="tell"
            ecep:spe="tell"
            ecep:syllab="1"
            ecep:pron="tel">tell</w>
         <c> </c>
         <w xml:id="oar96-121860"
            n="50-a-0070"
            ecep:lem="they"
            ecep:pos="pno32"
            ecep:reg="them"
            ecep:spe="'em"
            ecep:syllab="1"
            ecep:pron="əm">'em</w>
         <c> </c>
         <w xml:id="oar96-121870"
            n="50-a-0080"
            ecep:lem="o'reagen"
            ecep:pos="fw-we"
            ecep:reg="o'reagen"
            ecep:spe="o'reagen"
            ecep:syllab="3"
            ecep:pron="əʊrɪˈeɪdʒən">o'reagen</w>
      </l>
      <l xml:id="oar96-l05450">
         <c> </c>
         <w xml:id="oar96-121880"
            n="50-a-0090"
            ecep:lem="how"
            ecep:pos="uh-crq"
            ecep:reg="How"
            ecep:spe="How"
            ecep:syllab="1"
            ecep:pron="haʊ">How</w>
         <c> </c>
         <w xml:id="oar96-121890"
            n="50-a-0100"
            ecep:lem="fair"
            ecep:pos="j"
            ecep:reg="fair"
            ecep:spe="fair"
            ecep:syllab="1"
            ecep:pron="feə">fair</w>
         <c> </c>
         <w xml:id="oar96-121900"
            n="50-a-0110"
            ecep:lem="he"
            ecep:pos="pns31"
            ecep:reg="he"
            ecep:spe="he"
            ecep:syllab="1"
            ecep:pron="hiː">he</w>
         <c> </c>
         <w xml:id="oar96-121910"
            n="50-a-0120"
            ecep:lem="look"
            ecep:pos="vvd"
            ecep:reg="looked"
            ecep:spe="lookt"
            ecep:syllab="1"
            ecep:pron="lˈʊkt">lookt</w>
         <c> </c>
         <w xml:id="oar96-121920"
            n="50-a-0130"
            ecep:lem="to"
            ecep:pos="p-acp"
            ecep:reg="to"
            ecep:spe="to"
            ecep:syllab="1"
            ecep:pron="tuː">to</w>
         <c> </c>
         <w xml:id="oar96-121930"
            n="50-a-0140"
            ecep:lem="the"
            ecep:pos="dt"
            ecep:reg="the"
            ecep:spe="the"
            ecep:syllab="1"
            ecep:pron="ðiː">the</w>
         <c> </c>
         <w xml:id="oar96-121940"
            n="50-a-0150"
            ecep:lem="black"
            ecep:pos="j-jn"
            ecep:reg="black"
            ecep:spe="black"
            ecep:syllab="1"
            ecep:pron="blæk">black</w>
         <c> </c>
         <w xml:id="oar96-121950"
            n="50-a-0160"
            ecep:lem="son"
            ecep:pos="n2"
            ecep:reg="Sons"
            ecep:spe="Sons"
            ecep:syllab="1"
            ecep:pron="sʌnz">Sons</w>
         <c> </c>
         <w xml:id="oar96-121960"
            n="50-a-0170"
            ecep:lem="of"
            ecep:pos="pp-f"
            ecep:reg="of"
            ecep:spe="of"
            ecep:syllab="1"
            ecep:pron="ɒv">of</w>
         <c> </c>
         <w xml:id="oar96-121970"
            n="50-a-0180"
            ecep:lem="man"
            ecep:pos="n2"
            ecep:reg="men"
            ecep:spe="men"
            ecep:syllab="1"
            ecep:pron="men">men</w>
         <pc xml:id="oar96-121980"
             n="50-a-0190"
             ecep:lem=":"
             ecep:pos=":"
             ecep:reg=":"
             ecep:spe=":">:</pc>
      </l>
      <l xml:id="oar96-l05455" ana="#triplet" rhyme="aaa">
         <c> </c>
         <w xml:id="oar96-121990"
            n="50-a-0200"
            ecep:lem="may"
            ecep:pos="vmd"
            ecep:reg="Might"
            ecep:spe="Might"
            ecep:syllab="1"
            ecep:pron="maɪt">Might</w>
         <c> </c>
         <w xml:id="oar96-122000"
            n="50-a-0210"
            ecep:lem="i"
            ecep:pos="pns11"
            ecep:reg="I"
            ecep:spe="I"
            ecep:syllab="1"
            ecep:pron="aɪ">I</w>
         <pc xml:id="oar96-122010"
             n="50-a-0220"
             ecep:lem=","
             ecep:pos=","
             ecep:reg=","
             ecep:spe=",">,</pc>
         <c> </c>
         <w xml:id="oar96-122020"
            n="50-a-0230"
            ecep:lem="but"
            ecep:pos="cc-acp"
            ecep:reg="but"
            ecep:spe="but"
            ecep:syllab="1"
            ecep:pron="bʌt">but</w>
         <c> </c>
         <w xml:id="oar96-122030"
            n="50-a-0240"
            ecep:lem="ah"
            ecep:pos="uh"
            ecep:reg="ah"
            ecep:spe="ah"
            ecep:syllab="1"
            ecep:pron="ɑː">ah</w>
         <pc xml:id="oar96-122040"
             n="50-a-0250"
             ecep:lem=","
             ecep:pos=","
             ecep:reg=","
             ecep:spe=",">,</pc>
         <c> </c>
         <w xml:id="oar96-122050"
            n="50-a-0260"
            ecep:lem="while"
            ecep:pos="cs"
            ecep:reg="while"
            ecep:spe="while"
            ecep:syllab="1"
            ecep:pron="ˈwaɪl">while</w>
         <c> </c>
         <w xml:id="oar96-122060"
            n="50-a-0270"
            ecep:lem="clog"
            ecep:pos="vvn"
            ecep:reg="clogged"
            ecep:spe="clogg'd"
            ecep:syllab="1"
            ecep:pron="klɒgd">clogg'd</w>
         <c> </c>
         <w xml:id="oar96-122070"
            n="50-a-0280"
            ecep:lem="with"
            ecep:pos="p-acp"
            ecep:reg="with"
            ecep:spe="with"
            ecep:syllab="1"
            ecep:pron="wɪð">with</w>
         <c> </c>
         <w xml:id="oar96-122080"
            n="50-a-0290"
            ecep:lem="sinful"
            ecep:pos="j"
            ecep:reg="sinful"
            ecep:spe="sinful"
            ecep:syllab="2"
            ecep:pron="ˈsɪnfl">sinful</w>
         <c> </c>
         <w xml:id="oar96-122090"
            n="50-a-0300"
            ecep:lem="flesh"
            ecep:pos="n1"
            ecep:reg="Flesh"
            ecep:spe="Flesh"
            ecep:syllab="1"
            ecep:pron="fleʃ">Flesh</w>
         <pc xml:id="oar96-122100"
             n="50-a-0310"
             ecep:lem=","
             ecep:pos=","
             ecep:reg=","
             ecep:spe=",">,</pc>
      </l>
      <l xml:id="oar96-l05460" ana="#triplet" rhyme="aaa">
         <c> </c>
         <w xml:id="oar96-122110"
            n="50-a-0320"
            ecep:lem="in"
            ecep:pos="p-acp"
            ecep:reg="In"
            ecep:spe="In"
            ecep:syllab="1"
            ecep:pron="ɪn">In</w>
         <c> </c>
         <w xml:id="oar96-122120"
            n="50-a-0330"
            ecep:lem="vain"
            ecep:pos="j"
            ecep:reg="vain"
            ecep:spe="vain"
            ecep:syllab="1"
            ecep:pron="veɪn">vain</w>
         <c> </c>
         <w xml:id="oar96-122130"
            n="50-a-0340"
            ecep:lem="i"
            ecep:pos="pns11"
            ecep:reg="I"
            ecep:spe="I"
            ecep:syllab="1"
            ecep:pron="aɪ">I</w>
         <c> </c>
         <w xml:id="oar96-122140"
            n="50-a-0350"
            ecep:lem="breath"
            ecep:pos="n1"
            ecep:reg="breath"
            ecep:spe="breath"
            ecep:syllab="1"
            ecep:pron="breθ">breath</w>
         <c> </c>
         <w xml:id="oar96-122150"
            n="50-a-0360"
            ecep:lem="out"
            ecep:pos="av"
            ecep:reg="out"
            ecep:spe="out"
            ecep:syllab="1"
            ecep:pron="aʊt">out</w>
         <c> </c>
         <w xml:id="oar96-122160"
            n="50-a-0370"
            ecep:lem="the"
            ecep:pos="dt"
            ecep:reg="the"
            ecep:spe="the"
            ecep:syllab="1"
            ecep:pron="ðiː">the</w>
         <c> </c>
         <w xml:id="oar96-122170"
            n="50-a-0380"
            ecep:lem="impatient"
            ecep:pos="j"
            ecep:reg="impatient"
            ecep:spe="impatient"
            ecep:syllab="3"
            ecep:pron="ɪmˈpeɪʃnt">impatient</w>
         <c> </c>
         <w xml:id="oar96-122180"
            n="50-a-0390"
            ecep:lem="wish"
            ecep:pos="vvb"
            ecep:reg="Wish"
            ecep:spe="Wish"
            ecep:syllab="1"
            ecep:pron="wɪʃ">Wish</w>
         <pc xml:id="oar96-122190"
             n="50-a-0400"
             unit="sentence"
             ecep:lem="!"
             ecep:pos="!"
             ecep:reg="!"
             ecep:spe="!">!</pc>
         <c> </c>
      </l>
      <l xml:id="oar96-l05465" ana="#triplet" rhyme="aaa">
         <w xml:id="oar96-122200"
            n="50-a-0410"
            ecep:lem="but"
            ecep:pos="p-acp"
            ecep:reg="But"
            ecep:spe="But"
            ecep:syllab="1"
            ecep:pron="bʌt">But</w>
         <c> </c>
         <w xml:id="oar96-122210"
            n="50-a-0420"
            ecep:lem="have"
            ecep:pos="vhb"
            ecep:reg="have"
            ecep:spe="have"
            ecep:syllab="1"
            ecep:pron="hæv">have</w>
         <c> </c>
         <w xml:id="oar96-122220"
            n="50-a-0430"
            ecep:lem="a"
            ecep:pos="dt"
            ecep:reg="a"
            ecep:spe="a"
            ecep:syllab="1"
            ecep:pron="ə">a</w>
         <c> </c>
         <w xml:id="oar96-122230"
            n="50-a-0440"
            ecep:lem="glimpse"
            ecep:pos="n1"
            ecep:reg="glimpse"
            ecep:spe="glimpse"
            ecep:syllab="1"
            ecep:pron="glɪms">glimpse</w>
         <c> </c>
         <w xml:id="oar96-122240"
            n="50-a-0450"
            ecep:lem="of"
            ecep:pos="pp-f"
            ecep:reg="of"
            ecep:spe="of"
            ecep:syllab="1"
            ecep:pron="ɒv">of</w>
         <c> </c>
         <w xml:id="oar96-122250"
            n="50-a-0460"
            ecep:lem="those"
            ecep:pos="d"
            ecep:reg="those"
            ecep:spe="those"
            ecep:syllab="1"
            ecep:pron="ðəʊz">those</w>
         <c> </c>
         <w xml:id="oar96-122260"
            n="50-a-0470"
            ecep:lem="fair"
            ecep:pos="j"
            ecep:reg="fair"
            ecep:spe="fair"
            ecep:syllab="1"
            ecep:pron="feə">fair</w>
         <c> </c>
         <w xml:id="oar96-122270"
            n="50-a-0480"
            ecep:lem="field"
            ecep:pos="n2"
            ecep:reg="Fields"
            ecep:spe="Fields"
            ecep:syllab="1"
            ecep:pron="ˈfiːldz">Fields</w>
         <c> </c>
         <w xml:id="oar96-122280"
            n="50-a-0490"
            ecep:lem="of"
            ecep:pos="pp-f"
            ecep:reg="of"
            ecep:spe="of"
            ecep:syllab="1"
            ecep:pron="ɒv">of</w>
         <c> </c>
         <w xml:id="oar96-122290"
            n="50-a-0500"
            ecep:lem="bliss"
            ecep:pos="n1"
            ecep:reg="Bliss"
            ecep:spe="Bliss"
            ecep:syllab="1"
            ecep:pron="blɪs">Bliss</w>
         <pc xml:id="oar96-122300"
             n="50-a-0510"
             ecep:lem=","
             ecep:pos=","
             ecep:reg=","
             ecep:spe=",">,</pc>
      </l>
      <l xml:id="oar96-l05470">
         <c> </c>
         <w xml:id="oar96-122310"
            n="50-a-0520"
            ecep:lem="where"
            ecep:pos="q-crq"
            ecep:reg="Where"
            ecep:spe="Where"
            ecep:syllab="1"
            ecep:pron="weə">Where</w>
         <c> </c>
         <w xml:id="oar96-122320"
            n="50-a-0530"
            ecep:lem="dress"
            ecep:pos="vvd"
            ecep:reg="dressed"
            ecep:spe="dress'd"
            ecep:syllab="1"
            ecep:pron="drest">dress'd</w>
         <c> </c>
         <w xml:id="oar96-122330"
            n="50-a-0540"
            ecep:lem="in"
            ecep:pos="p-acp"
            ecep:reg="in"
            ecep:spe="in"
            ecep:syllab="1"
            ecep:pron="ɪn">in</w>
         <c> </c>
         <w xml:id="oar96-122340"
            n="50-a-0550"
            ecep:lem="beam"
            ecep:pos="n2"
            ecep:reg="Beams"
            ecep:spe="Beams"
            ecep:syllab="1"
            ecep:pron="biːmz">Beams</w>
         <pc xml:id="oar96-122350"
             n="50-a-0560"
             ecep:lem=","
             ecep:pos=","
             ecep:reg=","
             ecep:spe=",">,</pc>
         <c> </c>
         <w xml:id="oar96-122360"
            n="50-a-0570"
            ecep:lem="the"
            ecep:pos="dt"
            ecep:reg="the"
            ecep:spe="the"
            ecep:syllab="1"
            ecep:pron="ðiː">the</w>
         <c> </c>
         <w xml:id="oar96-122370"
            n="50-a-0580"
            ecep:lem="shine"
            ecep:pos="j-vvg"
            ecep:reg="shining"
            ecep:spe="shining"
            ecep:syllab="2"
            ecep:pron="ʃaɪnɪŋ">shining</w>
         <c> </c>
         <w xml:id="oar96-122380"
            n="50-a-0590"
            ecep:lem="saint"
            ecep:pos="n2"
            ecep:reg="Saints"
            ecep:spe="Saints"
            ecep:syllab="1"
            ecep:pron="seɪnts">Saints</w>
         <c> </c>
         <w xml:id="oar96-122390"
            n="50-a-0600"
            ecep:lem="do"
            ecep:pos="vdb"
            ecep:reg="do"
            ecep:spe="do"
            ecep:syllab="1"
            ecep:pron="duː">do</w>
         <c> </c>
         <w xml:id="oar96-122400"
            n="50-a-0610"
            ecep:lem="move"
            ecep:pos="vvi"
            ecep:reg="move"
            ecep:spe="move"
            ecep:syllab="1"
            ecep:pron="muːv">move</w>
      </l>
      <l xml:id="oar96-l05475">
         <c> </c>
         <w xml:id="oar96-122410"
            n="50-a-0620"
            ecep:lem="more"
            ecep:pos="av-dc"
            ecep:reg="More"
            ecep:spe="More"
            ecep:syllab="1"
            ecep:pron="mɔː">More</w>
         <c> </c>
         <w xml:id="oar96-122420"
            n="50-a-0630"
            ecep:lem="gay"
            ecep:pos="j"
            ecep:reg="gay"
            ecep:spe="gay"
            ecep:syllab="1"
            ecep:pron="geɪ">gay</w>
         <c> </c>
         <w xml:id="oar96-122430"
            n="50-a-0640"
            ecep:lem="then"
            ecep:pos="av"
            ecep:reg="then"
            ecep:spe="then"
            ecep:syllab="1"
            ecep:pron="ðen">then</w>
         <c> </c>
         <w xml:id="oar96-122440"
            n="50-a-0650"
            ecep:lem="all"
            ecep:pos="d"
            ecep:reg="all"
            ecep:spe="all"
            ecep:syllab="1"
            ecep:pron="ɔːl">all</w>
         <c> </c>
         <w xml:id="oar96-122450"
            n="50-a-0660"
            ecep:lem="the"
            ecep:pos="dt"
            ecep:reg="the"
            ecep:spe="the"
            ecep:syllab="1"
            ecep:pron="ðiː">the</w>
         <c> </c>
         <w xml:id="oar96-122460"
            n="50-a-0670"
            ecep:lem="fancy"
            ecep:pos="j-vvn"
            ecep:reg="fancied"
            ecep:spe="fancy'd"
            ecep:syllab="2"
            ecep:pron="ˈfænsid">fancy'd</w>
         <c> </c>
         <w xml:id="oar96-122470"
            n="50-a-0680"
            ecep:lem="shade"
            ecep:pos="n2"
            ecep:reg="shades"
            ecep:spe="shades"
            ecep:syllab="1"
            ecep:pron="ʃeɪdz">shades</w>
         <c> </c>
         <w xml:id="oar96-122480"
            n="50-a-0690"
            ecep:lem="of"
            ecep:pos="pp-f"
            ecep:reg="of"
            ecep:spe="of"
            ecep:syllab="1"
            ecep:pron="ɒv">of</w>
         <c> </c>
         <w xml:id="oar96-122490"
            n="50-a-0700"
            ecep:lem="love"
            ecep:pos="n1"
            ecep:reg="Love"
            ecep:spe="Love"
            ecep:syllab="1"
            ecep:pron="lʌv">Love</w>
         <pc xml:id="oar96-122500"
             n="50-a-0710"
             ecep:lem=":"
             ecep:pos=":"
             ecep:reg=":"
             ecep:spe=":">:</pc>
      </l>
      <l xml:id="oar96-l05480">
         <c> </c>
         <w xml:id="oar96-122510"
            n="50-a-0720"
            ecep:lem="where"
            ecep:pos="q-crq"
            ecep:reg="Where"
            ecep:spe="Where"
            ecep:syllab="1"
            ecep:pron="weə">Where</w>
         <c> </c>
         <w xml:id="oar96-122520"
            n="50-a-0730"
            ecep:lem="still"
            ecep:pos="av"
            ecep:reg="still"
            ecep:spe="still"
            ecep:syllab="1"
            ecep:pron="stɪl">still</w>
         <c> </c>
         <w xml:id="oar96-122530"
            n="50-a-0740"
            ecep:lem="from"
            ecep:pos="p-acp"
            ecep:reg="from"
            ecep:spe="from"
            ecep:syllab="1"
            ecep:pron="frɒm">from</w>
         <c> </c>
         <w xml:id="oar96-122540"
            n="50-a-0750"
            ecep:lem="pure"
            ecep:pos="j"
            ecep:reg="pure"
            ecep:spe="pure"
            ecep:syllab="1"
            ecep:pron="pjʊə">pure</w>
         <c> </c>
         <w xml:id="oar96-122550"
            n="50-a-0760"
            ecep:lem="exhaustless"
            ecep:pos="j"
            ecep:reg="exhaustless"
            ecep:spe="exhaustless"
            ecep:syllab="3"
            ecep:pron="ɪgˈzɔːstləs">exhaustless</w>
         <c> </c>
         <w xml:id="oar96-122560"
            n="50-a-0770"
            ecep:lem="fountain"
            ecep:pos="n2"
            ecep:reg="fountains"
            ecep:spe="fountains"
            ecep:syllab="2"
            ecep:pron="ˈfaʊntɪnz">fountains</w>
         <pc xml:id="oar96-122570"
             n="50-a-0780"
             ecep:lem=","
             ecep:pos=","
             ecep:reg=","
             ecep:spe=",">,</pc>
         <c> </c>
         <w xml:id="oar96-122580"
            n="50-a-0790"
            ecep:lem="to"
            ecep:pos="p-acp"
            ecep:reg="to"
            ecep:spe="to"
            ecep:syllab="1"
            ecep:pron="tuː">to</w>
      </l>
      <l xml:id="oar96-l05485">
         <c> </c>
         <w xml:id="oar96-122590"
            n="50-a-0800"
            ecep:lem="bright"
            ecep:pos="j"
            ecep:reg="Bright"
            ecep:spe="Bright"
            ecep:syllab="1"
            ecep:pron="braɪt">Bright</w>
         <c> </c>
         <w xml:id="oar96-122600"
            n="50-a-0810"
            ecep:lem="silver"
            ecep:pos="n1"
            ecep:reg="Silver"
            ecep:spe="Silver"
            ecep:syllab="2"
            ecep:pron="ˈsɪlvə">Silver</w>
         <c> </c>
         <w xml:id="oar96-122610"
            n="50-a-0820"
            ecep:lem="stream"
            ecep:pos="n2"
            ecep:reg="streams"
            ecep:spe="streams"
            ecep:syllab="1"
            ecep:pron="striːmz">streams</w>
         <c> </c>
         <w xml:id="oar96-122620"
            n="50-a-0830"
            ecep:lem="the"
            ecep:pos="dt"
            ecep:reg="the"
            ecep:spe="the"
            ecep:syllab="1"
            ecep:pron="ðiː">the</w>
         <c> </c>
         <w xml:id="oar96-122630"
            n="50-a-0840"
            ecep:lem="crystal"
            ecep:pos="n1"
            ecep:reg="Crystal"
            ecep:spe="Chrystal"
            ecep:syllab="2"
            ecep:pron="krˈɪstəl">Chrystal</w>
         <c> </c>
         <w xml:id="oar96-122640"
            n="50-a-0850"
            ecep:lem="Waters"
            ecep:pos="np1"
            ecep:reg="Waters"
            ecep:spe="Waters"
            ecep:syllab="2"
            ecep:pron="ˈwɔːtəz">Waters</w>
         <c> </c>
         <w xml:id="oar96-122650"
            n="50-a-0860"
            ecep:lem="flow"
            ecep:pos="vvi"
            ecep:reg="flow"
            ecep:spe="flow"
            ecep:syllab="1"
            ecep:pron="fləʊ">flow</w>
         <pc xml:id="oar96-122660"
             n="50-a-0870"
             ecep:lem=";"
             ecep:pos=";"
             ecep:reg=";"
             ecep:spe=";">;</pc>
      </l>
      <l xml:id="oar96-l05490">
         <c> </c>
         <w xml:id="oar96-122670"
            n="50-a-0880"
            ecep:lem="where"
            ecep:pos="q-crq"
            ecep:reg="Where"
            ecep:spe="Where"
            ecep:syllab="1"
            ecep:pron="weə">Where</w>
         <c> </c>
         <w xml:id="oar96-122680"
            n="50-a-0890"
            ecep:lem="the"
            ecep:pos="dt"
            ecep:reg="the"
            ecep:spe="the"
            ecep:syllab="1"
            ecep:pron="ðiː">the</w>
         <c> </c>
         <w xml:id="oar96-122690"
            n="50-a-0900"
            ecep:lem="true"
            ecep:pos="j"
            ecep:reg="true"
            ecep:spe="true"
            ecep:syllab="1"
            ecep:pron="truː">true</w>
         <c> </c>
         <w xml:id="oar96-122700"
            n="50-a-0910"
            ecep:lem="son"
            ecep:pos="n1"
            ecep:reg="Son"
            ecep:spe="Son"
            ecep:syllab="1"
            ecep:pron="sʌn">Son</w>
         <c> </c>
         <w xml:id="oar96-122710"
            n="50-a-0920"
            ecep:lem="of"
            ecep:pos="pp-f"
            ecep:reg="of"
            ecep:spe="of"
            ecep:syllab="1"
            ecep:pron="ɒv">of</w>
         <c> </c>
         <w xml:id="oar96-122720"
            n="50-a-0930"
            ecep:lem="glory"
            ecep:pos="n1"
            ecep:reg="Glory"
            ecep:spe="Glory"
            ecep:syllab="2"
            ecep:pron="ˈglɔːri">Glory</w>
         <c> </c>
         <w xml:id="oar96-122730"
            n="50-a-0940"
            ecep:lem="never"
            ecep:pos="av"
            ecep:reg="never"
            ecep:spe="ne're"
            ecep:syllab="1"
            ecep:pron="nˈiːə">ne're</w>
         <c> </c>
         <w xml:id="oar96-122740"
            n="50-a-0950"
            ecep:lem="decline"
            ecep:pos="vvz"
            ecep:reg="declines"
            ecep:spe="declines"
            ecep:syllab="2"
            ecep:pron="dɪˈklaɪnz">declines</w>
         <pc xml:id="oar96-122750"
             n="50-a-0960"
             ecep:lem=","
             ecep:pos=","
             ecep:reg=","
             ecep:spe=",">,</pc>
      </l>
      <l xml:id="oar96-l05495">
         <c> </c>
         <w xml:id="oar96-122760"
            n="50-a-0970"
            ecep:lem="but"
            ecep:pos="cc-acp"
            ecep:reg="But"
            ecep:spe="But"
            ecep:syllab="1"
            ecep:pron="bʌt">But</w>
         <c> </c>
         <w xml:id="oar96-122770"
            n="50-a-0980"
            ecep:lem="with"
            ecep:pos="p-acp"
            ecep:reg="with"
            ecep:spe="with"
            ecep:syllab="1"
            ecep:pron="wɪð">with</w>
         <c> </c>
         <w xml:id="oar96-122780"
            n="50-a-0990"
            ecep:lem="unclouded"
            ecep:pos="j"
            ecep:reg="unclouded"
            ecep:spe="unclouded"
            ecep:syllab="3"
            ecep:pron="ʌnˈklaʊdɪd">unclouded</w>
         <c> </c>
         <w xml:id="oar96-122790"
            n="50-a-1000"
            ecep:lem="vigour"
            ecep:pos="n1"
            ecep:reg="Vigour"
            ecep:spe="Vigour"
            ecep:syllab="2"
            ecep:pron="ˈvɪgə">Vigour</w>
         <c> </c>
         <w xml:id="oar96-122800"
            n="50-a-1010"
            ecep:lem="always"
            ecep:pos="av"
            ecep:reg="always"
            ecep:spe="always"
            ecep:syllab="2"
            ecep:pron="ˈɔːlweɪz">always</w>
         <c> </c>
         <w xml:id="oar96-122810"
            n="50-a-1020"
            ecep:lem="shine"
            ecep:pos="vvz"
            ecep:reg="shines"
            ecep:spe="shines"
            ecep:syllab="1"
            ecep:pron="ʃaɪnz">shines</w>
         <pc xml:id="oar96-122820"
             n="50-a-1030"
             unit="sentence"
             ecep:lem="."
             ecep:pos="."
             ecep:reg="."
             ecep:spe=".">.</pc>
         <c> </c>
      </l>
      <l ana="#triplet" rhyme="aaa" xml:id="oar96-l05500">
         <w xml:id="oar96-122830"
            n="50-a-1040"
            ecep:lem="where"
            ecep:pos="q-crq"
            ecep:reg="Where"
            ecep:spe="Where"
            ecep:syllab="1"
            ecep:pron="weə">Where</w>
         <c> </c>
         <w xml:id="oar96-122840"
            n="50-a-1050"
            ecep:lem="endless"
            ecep:pos="j"
            ecep:reg="endless"
            ecep:spe="endless"
            ecep:syllab="2"
            ecep:pron="ˈendləs">endless</w>
         <c> </c>
         <w xml:id="oar96-122850"
            n="50-a-1060"
            ecep:lem="smile"
            ecep:pos="n2"
            ecep:reg="Smiles"
            ecep:spe="Smiles"
            ecep:syllab="1"
            ecep:pron="smaɪlz">Smiles</w>
         <c> </c>
         <w xml:id="oar96-122860"
            n="50-a-1070"
            ecep:lem="celestial"
            ecep:pos="j"
            ecep:reg="celestial"
            ecep:spe="coelestial"
            ecep:syllab="3"
            ecep:pron="səˈlestiəl">coelestial</w>
         <c> </c>
         <w xml:id="oar96-122870"
            n="50-a-1080"
            ecep:lem="face"
            ecep:pos="n2"
            ecep:reg="Faces"
            ecep:spe="Faces"
            ecep:syllab="2"
            ecep:pron="feɪsɪz">Faces</w>
         <c> </c>
         <w xml:id="oar96-122880"
            n="50-a-1090"
            ecep:lem="wear"
            ecep:pos="vvi"
            ecep:reg="wear"
            ecep:spe="wear"
            ecep:syllab="1"
            ecep:pron="weə">wear</w>
         <pc xml:id="oar96-122890"
             n="50-a-1100"
             ecep:lem=","
             ecep:pos=","
             ecep:reg=","
             ecep:spe=",">,</pc>
      </l>
      <l ana="#triplet" rhyme="aaa" xml:id="oar96-l05505">
         <c> </c>
         <w xml:id="oar96-122900"
            n="50-a-1110"
            ecep:lem="no"
            ecep:pos="dx"
            ecep:reg="No"
            ecep:spe="No"
            ecep:syllab="1"
            ecep:pron="nəʊ">No</w>
         <c> </c>
         <w xml:id="oar96-122910"
            n="50-a-1120"
            ecep:lem="eye"
            ecep:pos="n1"
            ecep:reg="Eye"
            ecep:spe="Eye"
            ecep:syllab="1"
            ecep:pron="aɪ">Eye</w>
         <c> </c>
         <w xml:id="oar96-122920"
            n="50-a-1130"
            ecep:lem="eclipse"
            ecep:pos="vvn"
            ecep:reg="eclipsed"
            ecep:spe="eclips'd"
            ecep:syllab="2"
            ecep:pron="ɪˈklɪpst">eclips'd</w>
         <c> </c>
         <w xml:id="oar96-122930"
            n="50-a-1140"
            ecep:lem="with"
            ecep:pos="p-acp"
            ecep:reg="with"
            ecep:spe="with"
            ecep:syllab="1"
            ecep:pron="wɪð">with</w>
         <c> </c>
         <w xml:id="oar96-122940"
            n="50-a-1150"
            ecep:lem="a"
            ecep:pos="dt"
            ecep:reg="a"
            ecep:spe="a"
            ecep:syllab="1"
            ecep:pron="ə">a</w>
         <c> </c>
         <w xml:id="oar96-122950"
            n="50-a-1160"
            ecep:lem="rebellious"
            ecep:pos="j"
            ecep:reg="rebellious"
            ecep:spe="rebellious"
            ecep:syllab="3"
            ecep:pron="rɪˈbeliəs">rebellious</w>
         <c> </c>
         <w xml:id="oar96-122960"
            n="50-a-1170"
            ecep:lem="tear"
            ecep:pos="n1"
            ecep:reg="Tear"
            ecep:spe="Tear"
            ecep:syllab="1"
            ecep:pron="tɪə">Tear</w>
         <pc xml:id="oar96-122970"
             n="50-a-1180"
             ecep:lem=","
             ecep:pos=","
             ecep:reg=","
             ecep:spe=",">,</pc>
      </l>
      <l ana="#triplet" rhyme="aaa" xml:id="oar96-l05510">
         <c> </c>
         <w xml:id="oar96-122980"
            n="50-a-1190"
            ecep:lem="for"
            ecep:pos="p-acp"
            ecep:reg="For"
            ecep:spe="For"
            ecep:syllab="1"
            ecep:pron="fɔː">For</w>
         <c> </c>
         <w xml:id="oar96-122990"
            n="50-a-1200"
            ecep:lem="grief"
            ecep:pos="n1"
            ecep:reg="Grief"
            ecep:spe="Greif"
            ecep:syllab="1"
            ecep:pron="grˈeɪf">Greif</w>
         <c> </c>
         <w xml:id="oar96-123000"
            n="50-a-1210"
            ecep:lem="be"
            ecep:pos="vbz"
            ecep:reg="is"
            ecep:spe="is"
            ecep:syllab="1"
            ecep:pron="ɪz">is</w>
         <c> </c>
         <w xml:id="oar96-123010"
            n="50-a-1220"
            ecep:lem="a"
            ecep:pos="dt"
            ecep:reg="an"
            ecep:spe="an"
            ecep:syllab="1"
            ecep:pron="æn">an</w>
         <c> </c>
         <w xml:id="oar96-123020"
            n="50-a-1230"
            ecep:lem="unheard"
            ecep:pos="j"
            ecep:reg="unheard"
            ecep:spe="unheard"
            ecep:syllab="2"
            ecep:pron="ʌnˈhɜːd">unheard</w>
         <c> </c>
         <w xml:id="oar96-123030"
            n="50-a-1240"
            ecep:lem="of"
            ecep:pos="pp-f"
            ecep:reg="of"
            ecep:spe="of"
            ecep:syllab="1"
            ecep:pron="ɒv">of</w>
         <c> </c>
         <w xml:id="oar96-123040"
            n="50-a-1250"
            ecep:lem="stranger"
            ecep:pos="n1"
            ecep:reg="Stranger"
            ecep:spe="Stranger"
            ecep:syllab="2"
            ecep:pron="ˈstreɪndʒə">Stranger</w>
         <c> </c>
         <w xml:id="oar96-123050"
            n="50-a-1260"
            ecep:lem="there"
            ecep:pos="a-acp"
            ecep:reg="there"
            ecep:spe="there"
            ecep:syllab="1"
            ecep:pron="ðeə">there</w>
         <pc xml:id="oar96-123060"
             n="50-a-1270"
             unit="sentence"
             ecep:lem="."
             ecep:pos="."
             ecep:reg="."
             ecep:spe=".">.</pc>
         <c> </c>
      </l>
      <l xml:id="oar96-l05515">
         <w xml:id="oar96-123070"
            n="50-a-1280"
            ecep:lem="say"
            ecep:pos="vvb"
            ecep:reg="Say"
            ecep:spe="Say"
            ecep:syllab="1"
            ecep:pron="seɪ">Say</w>
         <c> </c>
         <w xml:id="oar96-123080"
            n="50-a-1290"
            ecep:lem="then"
            ecep:pos="av"
            ecep:reg="then"
            ecep:spe="then"
            ecep:syllab="1"
            ecep:pron="ðen">then</w>
         <pc xml:id="oar96-123090"
             n="50-a-1300"
             ecep:lem=","
             ecep:pos=","
             ecep:reg=","
             ecep:spe=",">,</pc>
         <c> </c>
         <w xml:id="oar96-123100"
            n="50-a-1310"
            ecep:lem="if"
            ecep:pos="cs"
            ecep:reg="if"
            ecep:spe="if"
            ecep:syllab="1"
            ecep:pron="ɪf">if</w>
         <c> </c>
         <w xml:id="oar96-123110"
            n="50-a-1320"
            ecep:lem="ought"
            ecep:pos="vmd"
            ecep:reg="ought"
            ecep:spe="ought"
            ecep:syllab="1"
            ecep:pron="ɔːt">ought</w>
         <c> </c>
         <w xml:id="oar96-123120"
            n="50-a-1330"
            ecep:lem="of"
            ecep:pos="pp-f"
            ecep:reg="of"
            ecep:spe="of"
            ecep:syllab="1"
            ecep:pron="ɒv">of</w>
         <c> </c>
         <w xml:id="oar96-123130"
            n="50-a-1340"
            ecep:lem="that"
            ecep:pos="d"
            ecep:reg="that"
            ecep:spe="that"
            ecep:syllab="1"
            ecep:pron="ðæt">that</w>
         <c> </c>
         <w xml:id="oar96-123140"
            n="50-a-1350"
            ecep:lem="bless"
            ecep:pos="j-vvn"
            ecep:reg="blessed"
            ecep:spe="bless'd"
            ecep:syllab="1"
            ecep:pron="ˈblesɪd">bless'd</w>
         <c> </c>
         <w xml:id="oar96-123150"
            n="50-a-1360"
            ecep:lem="place"
            ecep:pos="n1"
            ecep:reg="place"
            ecep:spe="place"
            ecep:syllab="1"
            ecep:pron="pleɪs">place</w>
         <c> </c>
         <w xml:id="oar96-123160"
            n="50-a-1370"
            ecep:lem="you"
            ecep:pos="pn22"
            ecep:reg="you"
            ecep:spe="you"
            ecep:syllab="1"
            ecep:pron="juː">you</w>
         <c> </c>
         <w xml:id="oar96-123170"
            n="50-a-1380"
            ecep:lem="know"
            ecep:pos="vvb"
            ecep:reg="know"
            ecep:spe="know"
            ecep:syllab="1"
            ecep:pron="nəʊ">know</w>
         <pc xml:id="oar96-123180"
             n="50-a-1390"
             ecep:lem=","
             ecep:pos=","
             ecep:reg=","
             ecep:spe=",">,</pc>
      </l>
      <l xml:id="oar96-l05520">
         <c> </c>
         <w xml:id="oar96-123190"
            n="50-a-1400"
            ecep:lem="describe"
            ecep:pos="vvb"
            ecep:reg="Describe"
            ecep:spe="Describe"
            ecep:syllab="2"
            ecep:pron="dɪˈskraɪb">Describe</w>
         <c> </c>
         <w xml:id="oar96-123200"
            n="50-a-1410"
            ecep:lem="its"
            ecep:pos="po31"
            ecep:reg="its"
            ecep:spe="its"
            ecep:syllab="1"
            ecep:pron="ɪts">its</w>
         <c> </c>
         <w xml:id="oar96-123210"
            n="50-a-1420"
            ecep:lem="bliss"
            ecep:pos="n1"
            ecep:reg="Bliss"
            ecep:spe="Bliss"
            ecep:syllab="1"
            ecep:pron="blɪs">Bliss</w>
         <pc xml:id="oar96-123220"
             n="50-a-1430"
             ecep:lem=","
             ecep:pos=","
             ecep:reg=","
             ecep:spe=",">,</pc>
         <c> </c>
         <w xml:id="oar96-123230"
            n="50-a-1440"
            ecep:lem="its"
            ecep:pos="po31"
            ecep:reg="its"
            ecep:spe="its"
            ecep:syllab="1"
            ecep:pron="ɪts">its</w>
         <c> </c>
         <w xml:id="oar96-123240"
            n="50-a-1450"
            ecep:lem="dazzle"
            ecep:pos="j-vvg"
            ecep:reg="dazzling"
            ecep:spe="dazling"
            ecep:syllab="2"
            ecep:pron="dˈæzlɪŋ">dazling</w>
         <c> </c>
         <w xml:id="oar96-123250"
            n="50-a-1460"
            ecep:lem="glory"
            ecep:pos="n2"
            ecep:reg="Glories"
            ecep:spe="Glories"
            ecep:syllab="2"
            ecep:pron="ˈglɔːriz">Glories</w>
         <c> </c>
         <w xml:id="oar96-123260"
            n="50-a-1470"
            ecep:lem="show"
            ecep:pos="vvb"
            ecep:reg="show"
            ecep:spe="show"
            ecep:syllab="1"
            ecep:pron="ʃəʊ">show</w>
         <pc xml:id="oar96-123270"
             n="50-a-1480"
             unit="sentence"
             ecep:lem="!"
             ecep:pos="!"
             ecep:reg="!"
             ecep:spe="!">!</pc>
         <c> </c>
      </l>
   </lg>
</div>
