<?xml version="1.0" encoding="utf-8"?>
<!DOCTYPE div
  SYSTEM "about:legacy-compat">
<div xmlns:tei="http://www.tei-c.org/ns/1.0"
     xmlns="http://www.tei-c.org/ns/1.0"
     xmlns:ecep="http://www.eighteenthcenturypoetry.org/ns"
     ana="#iamb #tetrameter #trimeter #quatrain #ballad #chevy-chase #cross"
     corresp="#txt_ShenWi1714_w0040"
     ecep:syllab="8.6.8.6"
     met="-+|-+|-+|-+/          -+|-+|-+/         -+|-+|-+|-+/          -+|-+|-+/"
     rendition="#lgvspace"
     rhyme="abab"
     subtype="eceptext"
     type="poem"
     xml:id="o5156-w0210"
     decls="#semi-normalized">
   <link target="authors.xml#aut_ShenWi1714" type="author"/>
   <link target="27245" type="DMI"/>
   <head type="main">
      <w xml:id="o5156-105700"
         n="56-a-2230"
         ecep:lem="the"
         ecep:pos="dt"
         ecep:reg="The"
         ecep:spe="The"
         ecep:syllab="1"
         ecep:pron="ðiː">The</w>
      <c> </c>
      <w xml:id="o5156-105710"
         n="56-a-2240"
         ecep:lem="extent"
         ecep:pos="n1"
         ecep:reg="EXTENT"
         ecep:spe="EXTENT"
         ecep:syllab="2"
         ecep:pron="ɪkˈstent">EXTENT</w>
      <c> </c>
      <w xml:id="o5156-105720"
         n="56-a-2250"
         ecep:lem="of"
         ecep:pos="pp-f"
         ecep:reg="of"
         ecep:spe="of"
         ecep:syllab="1"
         ecep:pron="ɒv">of</w>
      <c> </c>
      <w xml:id="o5156-105730"
         n="56-a-2260"
         ecep:lem="cookery"
         ecep:pos="n1"
         ecep:reg="COOKERY"
         ecep:spe="COOKERY"
         ecep:syllab="3"
         ecep:pron="ˈkʊkəri">COOKERY</w>
      <pc xml:id="o5156-105740"
          n="56-a-2270"
          unit="sentence"
          ecep:lem="."
          ecep:pos="."
          ecep:reg="."
          ecep:spe=".">.</pc>
   </head>
   <epigraph xml:id="o5156-s01079">
      <q>
         <pc xml:id="o5156-105780"
             n="56-a-2280"
             unit="sentence"
             ecep:lem="—"
             ecep:pos="—"
             ecep:reg="—"
             ecep:spe="—">—</pc>
         <c> </c>
         <w xml:id="o5156-105790"
            n="56-a-2290"
            ecep:lem="aliusque"
            ecep:pos="fw-la"
            ecep:reg="Aliusque"
            ecep:spe="Aliusque"
            ecep:syllab="4"
            ecep:pron="ˈælɪəsk">Aliusque</w>
         <c> </c>
         <w xml:id="o5156-105800"
            n="56-a-2300"
            ecep:lem="et"
            ecep:pos="fw-la"
            ecep:reg="aet"
            ecep:spe="et"
            ecep:syllab="1"
            ecep:pron="et">et</w>
         <c> </c>
         <w xml:id="o5156-105810"
            n="56-a-2310"
            ecep:lem="idem"
            ecep:pos="fw-la"
            ecep:reg="Idem"
            ecep:spe="Idem"
            ecep:syllab="2"
            ecep:pron="ˈɪdem">Idem</w>
         <pc xml:id="o5156-105820"
             n="56-a-2320"
             unit="sentence"
             ecep:lem="."
             ecep:pos="."
             ecep:reg="."
             ecep:spe=".">.</pc>
      </q>
      <note place="bottom"
            n="[ed.]"
            resp="#AH"
            xml:id="app_ShenWi1714_w0040_n1">Horace, <title>Carmen Saeculare</title>
         <ref n="[Perseus Digital Library]"
              target="http://data.perseus.org/citations/urn:cts:latinLit:phi0893.phi002.perseus-lat1:1">1</ref>, l. 10.
								</note>
   </epigraph>
   <lg xml:id="o5156-s01080">
      <l xml:id="o5156-l06155">
         <w xml:id="o5156-105850"
            n="56-a-2330"
            ecep:lem="when"
            ecep:pos="c-crq"
            ecep:reg="WHEN"
            ecep:spe="WHEN"
            ecep:syllab="1"
            ecep:pron="wen">WHEN</w>
         <c> </c>
         <w xml:id="o5156-105860"
            n="56-a-2340"
            ecep:lem="Tom"
            ecep:pos="np1"
            ecep:reg="Tom"
            ecep:spe="Tom"
            ecep:syllab="1"
            ecep:pron="tɒm">Tom</w>
         <c> </c>
         <w xml:id="o5156-105870"
            n="56-a-2350"
            ecep:lem="to"
            ecep:pos="p-acp"
            ecep:reg="to"
            ecep:spe="to"
            ecep:syllab="1"
            ecep:pron="tuː">to</w>
         <c> </c>
         <hi>
            <w xml:id="o5156-105880"
               n="56-a-2360"
               ecep:lem="Cambridge"
               ecep:pos="np1"
               ecep:reg="Cambridge"
               ecep:spe="Cambridge"
               ecep:syllab="2"
               ecep:pron="ˈkeɪmbrɪdʒ">Cambridge</w>
         </hi>
         <c> </c>
         <w xml:id="o5156-105890"
            n="56-a-2370"
            ecep:lem="first"
            ecep:pos="ord"
            ecep:reg="first"
            ecep:spe="first"
            ecep:syllab="1"
            ecep:pron="fɜːst">first</w>
         <c> </c>
         <w xml:id="o5156-105900"
            n="56-a-2380"
            ecep:lem="be"
            ecep:pos="vbds"
            ecep:reg="was"
            ecep:spe="was"
            ecep:syllab="1"
            ecep:pron="wɒz">was</w>
         <c> </c>
         <w xml:id="o5156-105910"
            n="56-a-2390"
            ecep:lem="send"
            ecep:pos="vvn"
            ecep:reg="sent"
            ecep:spe="sent"
            ecep:syllab="1"
            ecep:pron="sent">sent</w>
         <pc xml:id="o5156-105920"
             n="56-a-2400"
             ecep:lem=","
             ecep:pos=","
             ecep:reg=","
             ecep:spe=",">,</pc>
      </l>
      <l xml:id="o5156-l06160">
         <w xml:id="o5156-105930"
            n="56-a-2410"
            ecep:lem="a"
            ecep:pos="dt"
            ecep:reg="A"
            ecep:spe="A"
            ecep:syllab="1"
            ecep:pron="ə">A</w>
         <c> </c>
         <w xml:id="o5156-105940"
            n="56-a-2420"
            ecep:lem="plain"
            ecep:pos="j"
            ecep:reg="plain"
            ecep:spe="plain"
            ecep:syllab="1"
            ecep:pron="pleɪn">plain</w>
         <c> </c>
         <w xml:id="o5156-105950"
            n="56-a-2430"
            ecep:lem="brown"
            ecep:pos="j-jn"
            ecep:reg="brown"
            ecep:spe="brown"
            ecep:syllab="1"
            ecep:pron="braʊn">brown</w>
         <c> </c>
         <hi>
            <w xml:id="o5156-105960"
               n="56-a-2440"
               ecep:lem="bob"
               ecep:pos="n1"
               ecep:reg="bob"
               ecep:spe="bob"
               ecep:syllab="1"
               ecep:pron="bɒb">bob</w>
         </hi>
         <c> </c>
         <w xml:id="o5156-105970"
            n="56-a-2450"
            ecep:lem="he"
            ecep:pos="pns31"
            ecep:reg="he"
            ecep:spe="he"
            ecep:syllab="1"
            ecep:pron="hiː">he</w>
         <c> </c>
         <w xml:id="o5156-105980"
            n="56-a-2460"
            ecep:lem="wear"
            ecep:pos="vvd"
            ecep:reg="wore"
            ecep:spe="wore"
            ecep:syllab="1"
            ecep:pron="wɔː">wore</w>
         <pc xml:id="o5156-105990"
             n="56-a-2470"
             ecep:lem=";"
             ecep:pos=";"
             ecep:reg=";"
             ecep:spe=";">;</pc>
      </l>
      <l xml:id="o5156-l06165">
         <w xml:id="o5156-106000"
            n="56-a-2480"
            ecep:lem="read"
            ecep:pos="vvb"
            ecep:reg="Read"
            ecep:spe="Read"
            ecep:syllab="1"
            ecep:pron="riːd">Read</w>
         <c> </c>
         <w xml:id="o5156-106010"
            n="56-a-2490"
            ecep:lem="much"
            ecep:pos="d"
            ecep:reg="much"
            ecep:spe="much"
            ecep:syllab="1"
            ecep:pron="mʌtʃ">much</w>
         <pc xml:id="o5156-106020"
             n="56-a-2500"
             ecep:lem=","
             ecep:pos=","
             ecep:reg=","
             ecep:spe=",">,</pc>
         <c> </c>
         <w xml:id="o5156-106030"
            n="56-a-2510"
            ecep:lem="and"
            ecep:pos="cc"
            ecep:reg="and"
            ecep:spe="and"
            ecep:syllab="1"
            ecep:pron="ænd">and</w>
         <c> </c>
         <w xml:id="o5156-106040"
            n="56-a-2520"
            ecep:lem="look"
            ecep:pos="vvn"
            ecep:reg="looked"
            ecep:spe="look'd"
            ecep:syllab="1"
            ecep:pron="lʊkt">look'd</w>
         <c> </c>
         <w xml:id="o5156-106050"
            n="56-a-2530"
            ecep:lem="as"
            ecep:pos="c-acp"
            ecep:reg="as"
            ecep:spe="as"
            ecep:syllab="1"
            ecep:pron="æz">as</w>
         <c> </c>
         <w xml:id="o5156-106060"
            n="56-a-2540"
            ecep:lem="though"
            ecep:pos="c-acp"
            ecep:reg="though"
            ecep:spe="tho'"
            ecep:syllab="1"
            ecep:pron="ðəʊ">tho'</w>
         <c> </c>
         <w xml:id="o5156-106070"
            n="56-a-2550"
            ecep:lem="he"
            ecep:pos="pns31"
            ecep:reg="he"
            ecep:spe="he"
            ecep:syllab="1"
            ecep:pron="hiː">he</w>
         <c> </c>
         <w xml:id="o5156-106080"
            n="56-a-2560"
            ecep:lem="mean"
            ecep:pos="vvd"
            ecep:reg="meant"
            ecep:spe="meant"
            ecep:syllab="1"
            ecep:pron="ment">meant</w>
      </l>
      <l xml:id="o5156-l06170">
         <w xml:id="o5156-106090"
            n="56-a-2570"
            ecep:lem="to"
            ecep:pos="pc-acp"
            ecep:reg="To"
            ecep:spe="To"
            ecep:syllab="1"
            ecep:pron="tuː">To</w>
         <c> </c>
         <w xml:id="o5156-106100"
            n="56-a-2580"
            ecep:lem="be"
            ecep:pos="vbi"
            ecep:reg="be"
            ecep:spe="be"
            ecep:syllab="1"
            ecep:pron="biː">be</w>
         <c> </c>
         <w xml:id="o5156-106110"
            n="56-a-2590"
            ecep:lem="a"
            ecep:pos="dt"
            ecep:reg="a"
            ecep:spe="a"
            ecep:syllab="1"
            ecep:pron="ə">a</w>
         <c> </c>
         <w xml:id="o5156-106120"
            n="56-a-2600"
            ecep:lem="fop"
            ecep:pos="vvb"
            ecep:reg="fop"
            ecep:spe="fop"
            ecep:syllab="1"
            ecep:pron="fɒp">fop</w>
         <c> </c>
         <w xml:id="o5156-106130"
            n="56-a-2610"
            ecep:lem="no"
            ecep:pos="av-dx"
            ecep:reg="no"
            ecep:spe="no"
            ecep:syllab="1"
            ecep:pron="nəʊ">no</w>
         <c> </c>
         <w xml:id="o5156-106140"
            n="56-a-2620"
            ecep:lem="more"
            ecep:pos="av-dc"
            ecep:reg="more"
            ecep:spe="more"
            ecep:syllab="1"
            ecep:pron="mɔː">more</w>
         <pc xml:id="o5156-106150"
             n="56-a-2630"
             unit="sentence"
             ecep:lem="."
             ecep:pos="."
             ecep:reg="."
             ecep:spe=".">.</pc>
      </l>
   </lg>
   <pb facs="o5156/0060_R" n="55" rend="none"/>
   <lg xml:id="o5156-s01085">
      <l xml:id="o5156-l06175">
         <w xml:id="o5156-106180"
            n="57-a-0010"
            ecep:lem="see"
            ecep:pos="vvb"
            ecep:reg="See"
            ecep:spe="See"
            ecep:syllab="1"
            ecep:pron="siː">See</w>
         <c> </c>
         <w xml:id="o5156-106190"
            n="57-a-0020"
            ecep:lem="he"
            ecep:pos="pno31"
            ecep:reg="him"
            ecep:spe="him"
            ecep:syllab="1"
            ecep:pron="hɪm">him</w>
         <c> </c>
         <w xml:id="o5156-106200"
            n="57-a-0030"
            ecep:lem="to"
            ecep:pos="p-acp"
            ecep:reg="to"
            ecep:spe="to"
            ecep:syllab="1"
            ecep:pron="tuː">to</w>
         <c> </c>
         <hi>
            <w xml:id="o5156-106210"
               n="57-a-0040"
               ecep:lem="lincoln's-inn"
               ecep:pos="n1"
               ecep:reg="Lincoln's-Inn"
               ecep:spe="Lincoln's-Inn"
               ecep:syllab="3"
               ecep:pron="ˈlɪŋkənzˌɪn">Lincoln's-Inn</w>
         </hi>
         <c> </c>
         <w xml:id="o5156-106220"
            n="57-a-0050"
            ecep:lem="repair"
            ecep:pos="vvi"
            ecep:reg="repair"
            ecep:spe="repair"
            ecep:syllab="2"
            ecep:pron="riˈpeə">repair</w>
         <pc xml:id="o5156-106230"
             n="57-a-0060"
             ecep:lem=","
             ecep:pos=","
             ecep:reg=","
             ecep:spe=",">,</pc>
      </l>
      <l xml:id="o5156-l06180">
         <w xml:id="o5156-106240"
            n="57-a-0070"
            ecep:lem="his"
            ecep:pos="po31"
            ecep:reg="His"
            ecep:spe="His"
            ecep:syllab="1"
            ecep:pron="hɪz">His</w>
         <c> </c>
         <w xml:id="o5156-106250"
            n="57-a-0080"
            ecep:lem="resolution"
            ecep:pos="n1"
            ecep:reg="resolution"
            ecep:spe="resolution"
            ecep:syllab="4"
            ecep:pron="ˌrezəˈluːʃn">resolution</w>
         <c> </c>
         <w xml:id="o5156-106260"
            n="57-a-0090"
            ecep:lem="flag"
            ecep:pos="n1"
            ecep:reg="flag"
            ecep:spe="flag"
            ecep:syllab="1"
            ecep:pron="flæg">flag</w>
         <pc xml:id="o5156-106270"
             n="57-a-0100"
             ecep:lem=";"
             ecep:pos=";"
             ecep:reg=";"
             ecep:spe=";">;</pc>
      </l>
      <l xml:id="o5156-l06185">
         <w xml:id="o5156-106280"
            n="57-a-0110"
            ecep:lem="he"
            ecep:pos="pns31"
            ecep:reg="He"
            ecep:spe="He"
            ecep:syllab="1"
            ecep:pron="hiː">He</w>
         <c> </c>
         <w xml:id="o5156-106290"
            n="57-a-0120"
            ecep:lem="cherish"
            ecep:pos="vvz"
            ecep:reg="cherishes"
            ecep:spe="cherishes"
            ecep:syllab="3"
            ecep:pron="ˈtʃerɪʃɪz">cherishes</w>
         <c> </c>
         <w xml:id="o5156-106300"
            n="57-a-0130"
            ecep:lem="a"
            ecep:pos="dt"
            ecep:reg="a"
            ecep:spe="a"
            ecep:syllab="1"
            ecep:pron="ə">a</w>
         <c> </c>
         <w xml:id="o5156-106310"
            n="57-a-0140"
            ecep:lem="length"
            ecep:pos="n1"
            ecep:reg="length"
            ecep:spe="length"
            ecep:syllab="1"
            ecep:pron="leŋθ">length</w>
         <c> </c>
         <w xml:id="o5156-106320"
            n="57-a-0150"
            ecep:lem="of"
            ecep:pos="pp-f"
            ecep:reg="of"
            ecep:spe="of"
            ecep:syllab="1"
            ecep:pron="ɒv">of</w>
         <c> </c>
         <w xml:id="o5156-106330"
            n="57-a-0160"
            ecep:lem="hair"
            ecep:pos="n1"
            ecep:reg="hair"
            ecep:spe="hair"
            ecep:syllab="1"
            ecep:pron="heə">hair</w>
         <pc xml:id="o5156-106340"
             n="57-a-0170"
             ecep:lem=","
             ecep:pos=","
             ecep:reg=","
             ecep:spe=",">,</pc>
      </l>
      <l xml:id="o5156-l06190">
         <w xml:id="o5156-106350"
            n="57-a-0180"
            ecep:lem="and"
            ecep:pos="cc"
            ecep:reg="And"
            ecep:spe="And"
            ecep:syllab="1"
            ecep:pron="ænd">And</w>
         <c> </c>
         <w xml:id="o5156-106360"
            n="57-a-0190"
            ecep:lem="tuck"
            ecep:pos="vvz"
            ecep:reg="tucks"
            ecep:spe="tucks"
            ecep:syllab="1"
            ecep:pron="tʌks">tucks</w>
         <c> </c>
         <w xml:id="o5156-106370"
            n="57-a-0200"
            ecep:lem="it"
            ecep:pos="pn31"
            ecep:reg="it"
            ecep:spe="it"
            ecep:syllab="1"
            ecep:pron="ɪt">it</w>
         <c> </c>
         <w xml:id="o5156-106380"
            n="57-a-0210"
            ecep:lem="in"
            ecep:pos="p-acp"
            ecep:reg="in"
            ecep:spe="in"
            ecep:syllab="1"
            ecep:pron="ɪn">in</w>
         <c> </c>
         <w xml:id="o5156-106390"
            n="57-a-0220"
            ecep:lem="a"
            ecep:pos="dt"
            ecep:reg="a"
            ecep:spe="a"
            ecep:syllab="1"
            ecep:pron="ə">a</w>
         <c> </c>
         <hi>
            <w xml:id="o5156-106400"
               n="57-a-0230"
               ecep:lem="bag"
               ecep:pos="n1"
               ecep:reg="bag"
               ecep:spe="bag"
               ecep:syllab="1"
               ecep:pron="bæg">bag</w>
            <pc xml:id="o5156-106410"
                n="57-a-0240"
                unit="sentence"
                ecep:lem="."
                ecep:pos="."
                ecep:reg="."
                ecep:spe=".">.</pc>
            <c> </c>
         </hi>
      </l>
   </lg>
   <lg xml:id="o5156-s01090">
      <l xml:id="o5156-l06195">
         <w xml:id="o5156-106440"
            n="57-a-0250"
            ecep:lem="nor"
            ecep:pos="ccx"
            ecep:reg="Nor"
            ecep:spe="Nor"
            ecep:syllab="1"
            ecep:pron="nɔː">Nor</w>
         <c> </c>
         <w xml:id="o5156-106450"
            n="57-a-0260"
            ecep:lem="coke"
            ecep:pos="n1"
            ecep:reg="Coke"
            ecep:spe="Coke"
            ecep:syllab="1"
            ecep:pron="kəʊk">Coke</w>
         <c> </c>
         <w xml:id="o5156-106460"
            n="57-a-0270"
            ecep:lem="nor"
            ecep:pos="ccx"
            ecep:reg="nor"
            ecep:spe="nor"
            ecep:syllab="1"
            ecep:pron="nɔː">nor</w>
         <c> </c>
         <w xml:id="o5156-106470"
            n="57-a-0280"
            ecep:lem="salkield"
            ecep:pos="np1"
            ecep:reg="Salkield"
            ecep:spe="Salkield"
            ecep:syllab="2"
            ecep:pron="sˈælkiːld">Salkield</w>
         <c> </c>
         <w xml:id="o5156-106480"
            n="57-a-0290"
            ecep:lem="he"
            ecep:pos="pns31"
            ecep:reg="he"
            ecep:spe="he"
            ecep:syllab="1"
            ecep:pron="hiː">he</w>
         <c> </c>
         <w xml:id="o5156-106490"
            n="57-a-0300"
            ecep:lem="regard"
            ecep:pos="vvz"
            ecep:reg="regards"
            ecep:spe="regards"
            ecep:syllab="2"
            ecep:pron="riˈgɑːdz">regards</w>
         <pc xml:id="o5156-106500"
             n="57-a-0310"
             ecep:lem=","
             ecep:pos=","
             ecep:reg=","
             ecep:spe=",">,</pc>
      </l>
      <l xml:id="o5156-l06200">
         <w xml:id="o5156-106510"
            n="57-a-0320"
            ecep:lem="but"
            ecep:pos="cc-acp"
            ecep:reg="But"
            ecep:spe="But"
            ecep:syllab="1"
            ecep:pron="bʌt">But</w>
         <c> </c>
         <w xml:id="o5156-106520"
            n="57-a-0330"
            ecep:lem="get"
            ecep:pos="vvz"
            ecep:reg="gets"
            ecep:spe="gets"
            ecep:syllab="1"
            ecep:pron="gets">gets</w>
         <c> </c>
         <w xml:id="o5156-106530"
            n="57-a-0340"
            ecep:lem="into"
            ecep:pos="p-acp"
            ecep:reg="into"
            ecep:spe="into"
            ecep:syllab="2"
            ecep:pron="ˈɪntuː">into</w>
         <c> </c>
         <w xml:id="o5156-106540"
            n="57-a-0350"
            ecep:lem="the"
            ecep:pos="dt"
            ecep:reg="the"
            ecep:spe="the"
            ecep:syllab="1"
            ecep:pron="ðiː">the</w>
         <c> </c>
         <w xml:id="o5156-106550"
            n="57-a-0360"
            ecep:lem="house"
            ecep:pos="n1"
            ecep:reg="house"
            ecep:spe="house"
            ecep:syllab="1"
            ecep:pron="haʊz">house</w>
         <pc xml:id="o5156-106560"
             n="57-a-0370"
             ecep:lem=";"
             ecep:pos=";"
             ecep:reg=";"
             ecep:spe=";">;</pc>
      </l>
      <l xml:id="o5156-l06205">
         <w xml:id="o5156-106570"
            n="57-a-0380"
            ecep:lem="and"
            ecep:pos="cc"
            ecep:reg="And"
            ecep:spe="And"
            ecep:syllab="1"
            ecep:pron="ænd">And</w>
         <c> </c>
         <w xml:id="o5156-106580"
            n="57-a-0390"
            ecep:lem="soon"
            ecep:pos="av"
            ecep:reg="soon"
            ecep:spe="soon"
            ecep:syllab="1"
            ecep:pron="suːn">soon</w>
         <c> </c>
         <w xml:id="o5156-106590"
            n="57-a-0400"
            ecep:lem="a"
            ecep:pos="dt"
            ecep:reg="a"
            ecep:spe="a"
            ecep:syllab="1"
            ecep:pron="ə">a</w>
         <c> </c>
         <w xml:id="o5156-106600"
            n="57-a-0410"
            ecep:lem="judge"
            ecep:pos="ng1"
            ecep:reg="judge's"
            ecep:spe="judge's"
            ecep:syllab="2"
            ecep:pron="ˈdʒʌdʒɪz">judge's</w>
         <c> </c>
         <w xml:id="o5156-106610"
            n="57-a-0420"
            ecep:lem="rank"
            ecep:pos="n1"
            ecep:reg="rank"
            ecep:spe="rank"
            ecep:syllab="1"
            ecep:pron="ræŋk">rank</w>
         <c> </c>
         <w xml:id="o5156-106620"
            n="57-a-0430"
            ecep:lem="reward"
            ecep:pos="vvz"
            ecep:reg="rewards"
            ecep:spe="rewards"
            ecep:syllab="2"
            ecep:pron="riˈwɔːdz">rewards</w>
      </l>
      <l xml:id="o5156-l06210">
         <w xml:id="o5156-106630"
            n="57-a-0440"
            ecep:lem="his"
            ecep:pos="po31"
            ecep:reg="His"
            ecep:spe="His"
            ecep:syllab="1"
            ecep:pron="hɪz">His</w>
         <c> </c>
         <w xml:id="o5156-106640"
            n="57-a-0450"
            ecep:lem="pliant"
            ecep:pos="j"
            ecep:reg="pliant"
            ecep:spe="pliant"
            ecep:syllab="2"
            ecep:pron="ˈplaɪənt">pliant</w>
         <c> </c>
         <w xml:id="o5156-106650"
            n="57-a-0460"
            ecep:lem="vote"
            ecep:pos="n2"
            ecep:reg="votes"
            ecep:spe="votes"
            ecep:syllab="1"
            ecep:pron="vəʊts">votes</w>
         <c> </c>
         <w xml:id="o5156-106660"
            n="57-a-0470"
            ecep:lem="and"
            ecep:pos="cc"
            ecep:reg="and"
            ecep:spe="and"
            ecep:syllab="1"
            ecep:pron="ænd">and</w>
         <c> </c>
         <w xml:id="o5156-106670"
            n="57-a-0480"
            ecep:lem="bow"
            ecep:pos="n2"
            ecep:reg="bows"
            ecep:spe="bows"
            ecep:syllab="1"
            ecep:pron="bəʊz">bows</w>
         <pc xml:id="o5156-106680"
             n="57-a-0490"
             unit="sentence"
             ecep:lem="."
             ecep:pos="."
             ecep:reg="."
             ecep:spe=".">.</pc>
      </l>
   </lg>
   <lg xml:id="o5156-s01095">
      <l xml:id="o5156-l06215">
         <w xml:id="o5156-106710"
            n="57-a-0500"
            ecep:lem="adieu"
            ecep:pos="uh-n"
            ecep:reg="Adieu"
            ecep:spe="Adieu"
            ecep:syllab="2"
            ecep:pron="əˈdjuː">Adieu</w>
         <c> </c>
         <w xml:id="o5156-106720"
            n="57-a-0510"
            ecep:lem="the"
            ecep:pos="dt"
            ecep:reg="you"
            ecep:spe="ye"
            ecep:syllab="1"
            ecep:pron="jiː">ye</w>
         <c> </c>
         <hi>
            <w xml:id="o5156-106730"
               n="57-a-0520"
               ecep:lem="bob"
               ecep:pos="n2"
               ecep:reg="bobs"
               ecep:spe="bobs"
               ecep:syllab="1"
               ecep:pron="bɒbz">bobs</w>
            <pc xml:id="o5156-106740"
                n="57-a-0530"
                ecep:lem="!"
                ecep:pos="!"
                ecep:reg="!"
                ecep:spe="!">!</pc>
         </hi>
         <c> </c>
         <w xml:id="o5156-106750"
            n="57-a-0540"
            ecep:lem="you"
            ecep:pos="pn22"
            ecep:reg="you"
            ecep:spe="ye"
            ecep:syllab="1"
            ecep:pron="jiː">ye</w>
         <c> </c>
         <hi>
            <w xml:id="o5156-106760"
               n="57-a-0550"
               ecep:lem="bag"
               ecep:pos="n2"
               ecep:reg="bags"
               ecep:spe="bags"
               ecep:syllab="1"
               ecep:pron="bægz">bags</w>
         </hi>
         <c> </c>
         <w xml:id="o5156-106770"
            n="57-a-0560"
            ecep:lem="give"
            ecep:pos="vvb"
            ecep:reg="give"
            ecep:spe="give"
            ecep:syllab="1"
            ecep:pron="gɪv">give</w>
         <c> </c>
         <w xml:id="o5156-106780"
            n="57-a-0570"
            ecep:lem="place"
            ecep:pos="n1"
            ecep:reg="place"
            ecep:spe="place"
            ecep:syllab="1"
            ecep:pron="pleɪs">place</w>
         <pc xml:id="o5156-106790"
             n="57-a-0580"
             unit="sentence"
             ecep:lem="!"
             ecep:pos="!"
             ecep:reg="!"
             ecep:spe="!">!</pc>
      </l>
      <l xml:id="o5156-l06220">
         <hi>
            <w xml:id="o5156-106800"
               n="57-a-0590"
               ecep:lem="full-bottom"
               ecep:pos="n2"
               ecep:reg="Full-bottoms"
               ecep:spe="Full-bottoms"
               ecep:syllab="3"
               ecep:pron="fʊlˌˈbɒtəmz">Full-bottoms</w>
         </hi>
         <c> </c>
         <w xml:id="o5156-106810"
            n="57-a-0600"
            ecep:lem="come"
            ecep:pos="vvb"
            ecep:reg="come"
            ecep:spe="come"
            ecep:syllab="1"
            ecep:pron="kʌm">come</w>
         <c> </c>
         <w xml:id="o5156-106820"
            n="57-a-0610"
            ecep:lem="instead"
            ecep:pos="av"
            ecep:reg="instead"
            ecep:spe="instead"
            ecep:syllab="2"
            ecep:pron="ɪnˈsted">instead</w>
         <pc xml:id="o5156-106830"
             n="57-a-0620"
             unit="sentence"
             ecep:lem="!"
             ecep:pos="!"
             ecep:reg="!"
             ecep:spe="!">!</pc>
      </l>
      <l xml:id="o5156-l06225">
         <w xml:id="o5156-106840"
            n="57-a-0630"
            ecep:lem="good"
            ecep:pos="j"
            ecep:reg="Good"
            ecep:spe="Good"
            ecep:syllab="1"
            ecep:pron="gʊd">Good</w>
         <c> </c>
         <w xml:id="o5156-106850"
            n="57-a-0640"
            ecep:lem="lord"
            ecep:pos="n1"
            ecep:reg="Lord"
            ecep:spe="Lord"
            ecep:syllab="1"
            ecep:pron="lɔːd">Lord</w>
         <pc xml:id="o5156-106860"
             n="57-a-0650"
             ecep:lem="!"
             ecep:pos="!"
             ecep:reg="!"
             ecep:spe="!">!</pc>
         <c> </c>
         <w xml:id="o5156-106870"
            n="57-a-0660"
            ecep:lem="to"
            ecep:pos="pc-acp"
            ecep:reg="to"
            ecep:spe="to"
            ecep:syllab="1"
            ecep:pron="tuː">to</w>
         <c> </c>
         <w xml:id="o5156-106880"
            n="57-a-0670"
            ecep:lem="see"
            ecep:pos="vvi"
            ecep:reg="see"
            ecep:spe="see"
            ecep:syllab="1"
            ecep:pron="siː">see</w>
         <c> </c>
         <w xml:id="o5156-106890"
            n="57-a-0680"
            ecep:lem="the"
            ecep:pos="dt"
            ecep:reg="the"
            ecep:spe="the"
            ecep:syllab="1"
            ecep:pron="ðiː">the</w>
         <c> </c>
         <w xml:id="o5156-106900"
            n="57-a-0690"
            ecep:lem="various"
            ecep:pos="j"
            ecep:reg="various"
            ecep:spe="various"
            ecep:syllab="2"
            ecep:pron="ˈveəriəs">various</w>
         <c> </c>
         <w xml:id="o5156-106910"
            n="57-a-0700"
            ecep:lem="way"
            ecep:pos="n2"
            ecep:reg="ways"
            ecep:spe="ways"
            ecep:syllab="1"
            ecep:pron="weɪz">ways</w>
      </l>
      <l xml:id="o5156-l06230">
         <w xml:id="o5156-106920"
            n="57-a-0710"
            ecep:lem="of"
            ecep:pos="pp-f"
            ecep:reg="Of"
            ecep:spe="Of"
            ecep:syllab="1"
            ecep:pron="ɒv">Of</w>
         <c> </c>
         <w xml:id="o5156-106930"
            n="57-a-0720"
            ecep:lem="dress"
            ecep:pos="vvg"
            ecep:reg="dressing"
            ecep:spe="dressing"
            ecep:syllab="2"
            ecep:pron="ˈdresɪŋ">dressing</w>
         <c> </c>
         <pc xml:id="o5156-106940"
             n="57-a-0730"
             ecep:lem="—"
             ecep:pos="—"
             ecep:reg="—"
             ecep:spe="—">—</pc>
         <c> </c>
         <w xml:id="o5156-106950"
            n="57-a-0740"
            ecep:lem="a"
            ecep:pos="dt"
            ecep:reg="a"
            ecep:spe="a"
            ecep:syllab="1"
            ecep:pron="ə">a</w>
         <c> </c>
         <hi>
            <w xml:id="o5156-106960"
               n="57-a-0750"
               ecep:lem="calve"
               ecep:pos="ng1"
               ecep:reg="Calve's"
               ecep:spe="Calve's"
               ecep:syllab="2"
               ecep:pron="kɑːvz">Calve's</w>
            <c> </c>
            <w xml:id="o5156-106970"
               n="57-a-0760"
               ecep:lem="head"
               ecep:pos="n1"
               ecep:reg="head"
               ecep:spe="head"
               ecep:syllab="1"
               ecep:pron="hed">head</w>
            <pc xml:id="o5156-106980"
                n="57-a-0770"
                unit="sentence"
                ecep:lem="!"
                ecep:pos="!"
                ecep:reg="!"
                ecep:spe="!">!</pc>
            <c> </c>
         </hi>
      </l>
   </lg>
</div>
