<?xml version="1.0" encoding="UTF-8"?>
<?xml-model href="../tei_all.rnc" type="application/relax-ng-compact-syntax"?>
<TEI xmlns="http://www.tei-c.org/ns/1.0">
   <teiHeader>
      <fileDesc>
         <titleStmt>
            <title corresp="#txt_CarsCh1763_w0027">To —.</title>
            <author corresp="authors.xml#aut_CarsCh1763">‘Christian Carstairs’</author>
            <respStmt>
               <name xml:id="AH">Alexander Huber</name>
               <resp>Editor</resp>
            </respStmt>
            <funder>
               <name type="institution" xml:id="BOD">Bodleian Libraries, University of Oxford</name>
               <address>
                  <addrLine>Broad Street</addrLine>
                  <addrLine>Oxford OX1 3BG</addrLine>
                  <addrLine>UK</addrLine>
               </address>
            </funder>
         </titleStmt>
         <publicationStmt>
            <publisher xml:id="ECPA">Eighteenth-Century Poetry Archive</publisher>
            <address>
               <addrLine>Taylor Institution Library</addrLine>
               <addrLine>St Giles'</addrLine>
               <addrLine>Oxford OX1 3NA</addrLine>
               <addrLine>UK</addrLine>
               <addrLine>
                  <email>info@eighteenthcenturypoetry.org</email>
               </addrLine>
               <addrLine>
                  <ref target="https://www.eighteenthcenturypoetry.org/">https://www.eighteenthcenturypoetry.org/</ref>
               </addrLine>
            </address>
            <pubPlace>Oxford</pubPlace>
            <availability status="restricted">
               <licence target="http://creativecommons.org/licenses/by-sa/3.0/">This work is licensed under a Creative Commons Attribution-ShareAlike 3.0 Unported License.</licence>
            </availability>
            <idno type="ESTC">T76883</idno>
         </publicationStmt>
         <sourceDesc>
            <bibl>
               <author>Carstairs, Christian.</author>
               <title>Original Poems. By a Lady, Dedicated to Miss Ann Henderson. A Tribute to Gratitude and Friendships.</title>
               <pubPlace>Edinburgh</pubPlace>
               <publisher>Andrew Shortrede</publisher>
               <date>1786</date>
               <biblScope>p. 61.</biblScope>
               <extent/>
            </bibl>
         </sourceDesc>
      </fileDesc>
      <encodingDesc>
         <projectDesc>
            <p>This e-text is part of the Works section of the Eighteenth-Century Poetry Archive (ECPA).</p>
            <p>XML created for the Eighteenth-Century Poetry Archive (ECPA).</p>
         </projectDesc>
         <editorialDecl>
            <p>Typography, spelling, capitalization, and punctuation have been cautiously modernized. The source of the text is given and all significant
						editorial interventions have been recorded in textual notes. This  text has been edited to conform to the recommendations found 
						in Level 5 of the
						Best Practices for TEI in Libraries version 4.0.0.
					</p>
         </editorialDecl>
         <classDecl>
            <taxonomy xml:id="LCNAF">
               <bibl>Library of Congress Name Authority File (<abbr>LCNAF</abbr>)</bibl>
            </taxonomy>
         </classDecl>
         <tagsDecl>
            <rendition n="linegroups indented" xml:id="lgindent" scheme="css">text-indent: 1em;</rendition>
            <rendition n="linegroups vertically spaced" xml:id="lgvspace" scheme="css">margin-bottom: 1em;</rendition>
            <rendition n="aligned centrally" xml:id="align-center" scheme="css">text-align: center;</rendition>
            <rendition n="aligned right" xml:id="align-right" scheme="css">text-align: right;</rendition>
            <rendition n="aligned left" xml:id="align-left" scheme="css">text-align: left;</rendition>
            <rendition n="inline" xml:id="inline" scheme="css">display: inline</rendition>
            <rendition n="italic" xml:id="i" scheme="css">font-style: italic;</rendition>
            <rendition n="bold" xml:id="b" scheme="css">font-weight: bold;</rendition>
         </tagsDecl>
      </encodingDesc>
   </teiHeader>
   <text>
      <body>
         <div xmlns:ecep="http://www.eighteenthcenturypoetry.org/ns"
              ana="#iamb #pentameter #couplet #pair #address"
              corresp="#txt_CarsCh1763_w0027"
              decls="#semi-normalized"
              ecep:syllab="10"
              met="-+|-+|-+|-+|-+/"
              rendition="#lgvspace"
              rhyme="aa"
              subtype="eceptext"
              type="poem"
              xml:id="pcc86-w0270">
            <link target="authors.xml#aut_CarsCh1763" type="author"/>
            <head type="main">
               <w xmlns:ecep="http://www.eighteenthcenturypoetry.org/ns"
                  xml:id="pcc86-69870"
                  n="pcc86/0059-a-0010"
                  ecep:lem="to"
                  ecep:pos="p-acp"
                  ecep:reg="To"
                  ecep:spe="To"
                  ecep:syllab="1"
                  ecep:pron="tuː">To</w>
               <c> </c>
               <pc xmlns:ecep="http://www.eighteenthcenturypoetry.org/ns"
                   xml:id="pcc86-69880"
                   n="pcc86/0059-a-0020"
                   ecep:lem="—"
                   ecep:pos="—"
                   ecep:reg="—"
                   ecep:spe="—">—</pc>
               <pc xmlns:ecep="http://www.eighteenthcenturypoetry.org/ns"
                   xml:id="pcc86-69890"
                   n="pcc86/0059-a-0030"
                   unit="sentence"
                   ecep:lem="."
                   ecep:pos="."
                   ecep:reg="."
                   ecep:spe=".">.</pc>
            </head>
            <lg xml:id="pcc86-s00545">
               <l xml:id="pcc86-l03455">
                  <w xmlns:ecep="http://www.eighteenthcenturypoetry.org/ns"
                     xml:id="pcc86-69920"
                     n="pcc86/0059-a-0040"
                     ecep:lem="in"
                     ecep:pos="p-acp"
                     ecep:reg="IN"
                     ecep:spe="IN"
                     ecep:syllab="1"
                     ecep:pron="ɪn">IN</w>
                  <c> </c>
                  <w xmlns:ecep="http://www.eighteenthcenturypoetry.org/ns"
                     xml:id="pcc86-69930"
                     n="pcc86/0059-a-0050"
                     ecep:lem="this"
                     ecep:pos="d"
                     ecep:reg="this"
                     ecep:spe="this"
                     ecep:syllab="1"
                     ecep:pron="ðɪs">this</w>
                  <c> </c>
                  <w xmlns:ecep="http://www.eighteenthcenturypoetry.org/ns"
                     xml:id="pcc86-69940"
                     n="pcc86/0059-a-0060"
                     ecep:lem="suspense"
                     ecep:pos="n1"
                     ecep:reg="suspense"
                     ecep:spe="suspence"
                     ecep:syllab="2"
                     ecep:pron="səˈspens">suspence</w>
                  <pc xmlns:ecep="http://www.eighteenthcenturypoetry.org/ns"
                      xml:id="pcc86-69950"
                      n="pcc86/0059-a-0070"
                      ecep:lem=","
                      ecep:pos=","
                      ecep:reg=","
                      ecep:spe=",">,</pc>
                  <c> </c>
                  <w xmlns:ecep="http://www.eighteenthcenturypoetry.org/ns"
                     xml:id="pcc86-69960"
                     n="pcc86/0059-a-0080"
                     ecep:lem="a"
                     ecep:pos="dt"
                     ecep:reg="a"
                     ecep:spe="a"
                     ecep:syllab="1"
                     ecep:pron="ə">a</w>
                  <c> </c>
                  <w xmlns:ecep="http://www.eighteenthcenturypoetry.org/ns"
                     xml:id="pcc86-69970"
                     n="pcc86/0059-a-0090"
                     ecep:lem="thousand"
                     ecep:pos="crd"
                     ecep:reg="thousand"
                     ecep:spe="thousand"
                     ecep:syllab="2"
                     ecep:pron="ˈθaʊznd">thousand</w>
                  <c> </c>
                  <w xmlns:ecep="http://www.eighteenthcenturypoetry.org/ns"
                     xml:id="pcc86-69980"
                     n="pcc86/0059-a-0100"
                     ecep:lem="bear"
                     ecep:pos="vvi"
                     ecep:reg="bear"
                     ecep:spe="bear"
                     ecep:syllab="1"
                     ecep:pron="beə">bear</w>
                  <c> </c>
                  <w xmlns:ecep="http://www.eighteenthcenturypoetry.org/ns"
                     xml:id="pcc86-69990"
                     n="pcc86/0059-a-0110"
                     ecep:lem="a"
                     ecep:pos="dt"
                     ecep:reg="a"
                     ecep:spe="a"
                     ecep:syllab="1"
                     ecep:pron="ə">a</w>
                  <c> </c>
                  <w xmlns:ecep="http://www.eighteenthcenturypoetry.org/ns"
                     xml:id="pcc86-70000"
                     n="pcc86/0059-a-0120"
                     ecep:lem="part"
                     ecep:pos="n1"
                     ecep:reg="part"
                     ecep:spe="part"
                     ecep:syllab="1"
                     ecep:pron="pɑːt">part</w>
                  <pc xmlns:ecep="http://www.eighteenthcenturypoetry.org/ns"
                      xml:id="pcc86-70010"
                      n="pcc86/0059-a-0130"
                      ecep:lem=","
                      ecep:pos=","
                      ecep:reg=","
                      ecep:spe=",">,</pc>
               </l>
               <l xml:id="pcc86-l03460">
                  <c> </c>
                  <w xmlns:ecep="http://www.eighteenthcenturypoetry.org/ns"
                     xml:id="pcc86-70020"
                     n="pcc86/0059-a-0140"
                     ecep:lem="with"
                     ecep:pos="p-acp"
                     ecep:reg="With"
                     ecep:spe="With"
                     ecep:syllab="1"
                     ecep:pron="wɪð">With</w>
                  <c> </c>
                  <w xmlns:ecep="http://www.eighteenthcenturypoetry.org/ns"
                     xml:id="pcc86-70030"
                     n="pcc86/0059-a-0150"
                     ecep:lem="hope"
                     ecep:pos="n2"
                     ecep:reg="hopes"
                     ecep:spe="hopes"
                     ecep:syllab="1"
                     ecep:pron="həʊps">hopes</w>
                  <c> </c>
                  <w xmlns:ecep="http://www.eighteenthcenturypoetry.org/ns"
                     xml:id="pcc86-70040"
                     n="pcc86/0059-a-0160"
                     ecep:lem="and"
                     ecep:pos="cc"
                     ecep:reg="and"
                     ecep:spe="and"
                     ecep:syllab="1"
                     ecep:pron="ænd">and</w>
                  <c> </c>
                  <w xmlns:ecep="http://www.eighteenthcenturypoetry.org/ns"
                     xml:id="pcc86-70050"
                     n="pcc86/0059-a-0170"
                     ecep:lem="fear"
                     ecep:pos="n2"
                     ecep:reg="fears"
                     ecep:spe="fears"
                     ecep:syllab="1"
                     ecep:pron="fɪəz">fears</w>
                  <c> </c>
                  <w xmlns:ecep="http://www.eighteenthcenturypoetry.org/ns"
                     xml:id="pcc86-70060"
                     n="pcc86/0059-a-0180"
                     ecep:lem="alternate"
                     ecep:pos="vvb"
                     ecep:reg="alternate"
                     ecep:spe="alternate"
                     ecep:syllab="3"
                     ecep:pron="ˈɔːltəneɪt">alternate</w>
                  <c> </c>
                  <w xmlns:ecep="http://www.eighteenthcenturypoetry.org/ns"
                     xml:id="pcc86-70070"
                     n="pcc86/0059-a-0190"
                     ecep:lem="to"
                     ecep:pos="p-acp"
                     ecep:reg="to"
                     ecep:spe="to"
                     ecep:syllab="1"
                     ecep:pron="tuː">to</w>
                  <c> </c>
                  <w xmlns:ecep="http://www.eighteenthcenturypoetry.org/ns"
                     xml:id="pcc86-70080"
                     n="pcc86/0059-a-0200"
                     ecep:lem="their"
                     ecep:pos="po32"
                     ecep:reg="their"
                     ecep:spe="their"
                     ecep:syllab="1"
                     ecep:pron="ðeə">their</w>
                  <c> </c>
                  <w xmlns:ecep="http://www.eighteenthcenturypoetry.org/ns"
                     xml:id="pcc86-70090"
                     n="pcc86/0059-a-0210"
                     ecep:lem="heart"
                     ecep:pos="n1"
                     ecep:reg="heart"
                     ecep:spe="heart"
                     ecep:syllab="1"
                     ecep:pron="hɑːt">heart</w>
                  <pc xmlns:ecep="http://www.eighteenthcenturypoetry.org/ns"
                      xml:id="pcc86-70100"
                      n="pcc86/0059-a-0220"
                      ecep:lem=";"
                      ecep:pos=";"
                      ecep:reg=";"
                      ecep:spe=";">;</pc>
               </l>
               <l xml:id="pcc86-l03465">
                  <c> </c>
                  <w xmlns:ecep="http://www.eighteenthcenturypoetry.org/ns"
                     xml:id="pcc86-70110"
                     n="pcc86/0059-a-0230"
                     ecep:lem="with"
                     ecep:pos="p-acp"
                     ecep:reg="With"
                     ecep:spe="With"
                     ecep:syllab="1"
                     ecep:pron="wɪð">With</w>
                  <c> </c>
                  <w xmlns:ecep="http://www.eighteenthcenturypoetry.org/ns"
                     xml:id="pcc86-70120"
                     n="pcc86/0059-a-0240"
                     ecep:lem="equal"
                     ecep:pos="j-jn"
                     ecep:reg="equal"
                     ecep:spe="equal"
                     ecep:syllab="2"
                     ecep:pron="ˈiːkwəl">equal</w>
                  <c> </c>
                  <w xmlns:ecep="http://www.eighteenthcenturypoetry.org/ns"
                     xml:id="pcc86-70130"
                     n="pcc86/0059-a-0250"
                     ecep:lem="mind"
                     ecep:pos="n1"
                     ecep:reg="mind"
                     ecep:spe="mind"
                     ecep:syllab="1"
                     ecep:pron="maɪnd">mind</w>
                  <c> </c>
                  <pc xmlns:ecep="http://www.eighteenthcenturypoetry.org/ns"
                      xml:id="pcc86-70140"
                      n="pcc86/0059-a-0260"
                      ecep:lem="—"
                      ecep:pos="—"
                      ecep:reg="—"
                      ecep:spe="—">—</pc>
                  <c> </c>
                  <w xmlns:ecep="http://www.eighteenthcenturypoetry.org/ns"
                     xml:id="pcc86-70150"
                     n="pcc86/0059-a-0270"
                     ecep:lem="wait"
                     ecep:pos="vvb"
                     ecep:reg="wait"
                     ecep:spe="wait"
                     ecep:syllab="1"
                     ecep:pron="weɪt">wait</w>
                  <c> </c>
                  <w xmlns:ecep="http://www.eighteenthcenturypoetry.org/ns"
                     xml:id="pcc86-70160"
                     n="pcc86/0059-a-0280"
                     ecep:lem="thy"
                     ecep:pos="po21"
                     ecep:reg="thy"
                     ecep:spe="thy"
                     ecep:syllab="1"
                     ecep:pron="ðaɪ">thy</w>
                  <c> </c>
                  <w xmlns:ecep="http://www.eighteenthcenturypoetry.org/ns"
                     xml:id="pcc86-70170"
                     n="pcc86/0059-a-0290"
                     ecep:lem="uncertain"
                     ecep:pos="j"
                     ecep:reg="uncertain"
                     ecep:spe="uncertain"
                     ecep:syllab="3"
                     ecep:pron="ʌnˈsɜːtn">uncertain</w>
                  <c> </c>
                  <w xmlns:ecep="http://www.eighteenthcenturypoetry.org/ns"
                     xml:id="pcc86-70180"
                     n="pcc86/0059-a-0300"
                     ecep:lem="fate"
                     ecep:pos="n1"
                     ecep:reg="fate"
                     ecep:spe="fate"
                     ecep:syllab="1"
                     ecep:pron="feɪt">fate</w>
                  <pc xmlns:ecep="http://www.eighteenthcenturypoetry.org/ns"
                      xml:id="pcc86-70190"
                      n="pcc86/0059-a-0310"
                      ecep:lem=","
                      ecep:pos=","
                      ecep:reg=","
                      ecep:spe=",">,</pc>
               </l>
               <l xml:id="pcc86-l03470">
                  <c> </c>
                  <w xmlns:ecep="http://www.eighteenthcenturypoetry.org/ns"
                     xml:id="pcc86-70200"
                     n="pcc86/0059-a-0320"
                     ecep:lem="whatever|be"
                     ecep:pos="q-crq|vbz"
                     ecep:reg="Whate'er's"
                     ecep:spe="Whate'er's"
                     ecep:syllab="2"
                     ecep:pron="wɒtˈeəz">Whate'er's</w>
                  <c> </c>
                  <w xmlns:ecep="http://www.eighteenthcenturypoetry.org/ns"
                     xml:id="pcc86-70210"
                     n="pcc86/0059-a-0330"
                     ecep:lem="pronounce"
                     ecep:pos="vvn"
                     ecep:reg="pronounced"
                     ecep:spe="pronounc'd"
                     ecep:syllab="2"
                     ecep:pron="prəˈnaʊnst">pronounc'd</w>
                  <pc xmlns:ecep="http://www.eighteenthcenturypoetry.org/ns"
                      xml:id="pcc86-70220"
                      n="pcc86/0059-a-0340"
                      ecep:lem=","
                      ecep:pos=","
                      ecep:reg=","
                      ecep:spe=",">,</pc>
                  <c> </c>
                  <w xmlns:ecep="http://www.eighteenthcenturypoetry.org/ns"
                     xml:id="pcc86-70230"
                     n="pcc86/0059-a-0350"
                     ecep:lem="yet"
                     ecep:pos="av"
                     ecep:reg="yet"
                     ecep:spe="yet"
                     ecep:syllab="1"
                     ecep:pron="jet">yet</w>
                  <c> </c>
                  <w xmlns:ecep="http://www.eighteenthcenturypoetry.org/ns"
                     xml:id="pcc86-70240"
                     n="pcc86/0059-a-0360"
                     ecep:lem="still"
                     ecep:pos="av"
                     ecep:reg="still"
                     ecep:spe="still"
                     ecep:syllab="1"
                     ecep:pron="stɪl">still</w>
                  <c> </c>
                  <w xmlns:ecep="http://www.eighteenthcenturypoetry.org/ns"
                     xml:id="pcc86-70250"
                     n="pcc86/0059-a-0370"
                     ecep:lem="thou"
                     ecep:pos="pns21"
                     ecep:reg="thou"
                     ecep:spe="thou"
                     ecep:syllab="1"
                     ecep:pron="θaʊ">thou</w>
                  <c> </c>
                  <w xmlns:ecep="http://www.eighteenthcenturypoetry.org/ns"
                     xml:id="pcc86-70260"
                     n="pcc86/0059-a-0380"
                     ecep:lem="may"
                     ecep:pos="vm2"
                     ecep:reg="mayest"
                     ecep:spe="may'st"
                     ecep:syllab="1"
                     ecep:pron="meɪst">may'st</w>
                  <c> </c>
                  <w xmlns:ecep="http://www.eighteenthcenturypoetry.org/ns"
                     xml:id="pcc86-70270"
                     n="pcc86/0059-a-0390"
                     ecep:lem="be"
                     ecep:pos="vbi"
                     ecep:reg="be"
                     ecep:spe="be"
                     ecep:syllab="1"
                     ecep:pron="biː">be</w>
                  <c> </c>
                  <w xmlns:ecep="http://www.eighteenthcenturypoetry.org/ns"
                     xml:id="pcc86-70280"
                     n="pcc86/0059-a-0400"
                     ecep:lem="great"
                     ecep:pos="j"
                     ecep:reg="great"
                     ecep:spe="great"
                     ecep:syllab="1"
                     ecep:pron="greɪt">great</w>
                  <pc xmlns:ecep="http://www.eighteenthcenturypoetry.org/ns"
                      xml:id="pcc86-70290"
                      n="pcc86/0059-a-0410"
                      ecep:lem=","
                      ecep:pos=","
                      ecep:reg=","
                      ecep:spe=",">,</pc>
               </l>
               <l xml:id="pcc86-l03475">
                  <c> </c>
                  <w xmlns:ecep="http://www.eighteenthcenturypoetry.org/ns"
                     xml:id="pcc86-70300"
                     n="pcc86/0059-a-0420"
                     ecep:lem="if"
                     ecep:pos="cs"
                     ecep:reg="If"
                     ecep:spe="If"
                     ecep:syllab="1"
                     ecep:pron="ɪf">If</w>
                  <c> </c>
                  <w xmlns:ecep="http://www.eighteenthcenturypoetry.org/ns"
                     xml:id="pcc86-70310"
                     n="pcc86/0059-a-0430"
                     ecep:lem="wealth"
                     ecep:pos="n1"
                     ecep:reg="wealth"
                     ecep:spe="wealth"
                     ecep:syllab="1"
                     ecep:pron="welθ">wealth</w>
                  <c> </c>
                  <w xmlns:ecep="http://www.eighteenthcenturypoetry.org/ns"
                     xml:id="pcc86-70320"
                     n="pcc86/0059-a-0440"
                     ecep:lem="and"
                     ecep:pos="cc"
                     ecep:reg="and"
                     ecep:spe="and"
                     ecep:syllab="1"
                     ecep:pron="ænd">and</w>
                  <c> </c>
                  <w xmlns:ecep="http://www.eighteenthcenturypoetry.org/ns"
                     xml:id="pcc86-70330"
                     n="pcc86/0059-a-0450"
                     ecep:lem="honour"
                     ecep:pos="n1"
                     ecep:reg="honour"
                     ecep:spe="honour"
                     ecep:syllab="2"
                     ecep:pron="ˈɒnə">honour</w>
                  <c> </c>
                  <w xmlns:ecep="http://www.eighteenthcenturypoetry.org/ns"
                     xml:id="pcc86-70340"
                     n="pcc86/0059-a-0460"
                     ecep:lem="be"
                     ecep:pos="vbr"
                     ecep:reg="are"
                     ecep:spe="are"
                     ecep:syllab="1"
                     ecep:pron="ɑː">are</w>
                  <c> </c>
                  <w xmlns:ecep="http://www.eighteenthcenturypoetry.org/ns"
                     xml:id="pcc86-70350"
                     n="pcc86/0059-a-0470"
                     ecep:lem="decree"
                     ecep:pos="vvn"
                     ecep:reg="decreed"
                     ecep:spe="decreed"
                     ecep:syllab="2"
                     ecep:pron="dɪˈkriːd">decreed</w>
                  <c> </c>
                  <w xmlns:ecep="http://www.eighteenthcenturypoetry.org/ns"
                     xml:id="pcc86-70360"
                     n="pcc86/0059-a-0480"
                     ecep:lem="thy"
                     ecep:pos="po21"
                     ecep:reg="thy"
                     ecep:spe="thy"
                     ecep:syllab="1"
                     ecep:pron="ðaɪ">thy</w>
                  <c> </c>
                  <w xmlns:ecep="http://www.eighteenthcenturypoetry.org/ns"
                     xml:id="pcc86-70370"
                     n="pcc86/0059-a-0490"
                     ecep:lem="name"
                     ecep:pos="n1"
                     ecep:reg="name"
                     ecep:spe="name"
                     ecep:syllab="1"
                     ecep:pron="neɪm">name</w>
                  <pc xmlns:ecep="http://www.eighteenthcenturypoetry.org/ns"
                      xml:id="pcc86-70380"
                      n="pcc86/0059-a-0500"
                      ecep:lem=","
                      ecep:pos=","
                      ecep:reg=","
                      ecep:spe=",">,</pc>
               </l>
               <l xml:id="pcc86-l03480">
                  <c> </c>
                  <w xmlns:ecep="http://www.eighteenthcenturypoetry.org/ns"
                     xml:id="pcc86-70390"
                     n="pcc86/0059-a-0510"
                     ecep:lem="let"
                     ecep:pos="vvb"
                     ecep:reg="Let"
                     ecep:spe="Let"
                     ecep:syllab="1"
                     ecep:pron="let">Let</w>
                  <c> </c>
                  <w xmlns:ecep="http://www.eighteenthcenturypoetry.org/ns"
                     xml:id="pcc86-70400"
                     n="pcc86/0059-a-0520"
                     ecep:lem="no"
                     ecep:pos="dx"
                     ecep:reg="no"
                     ecep:spe="no"
                     ecep:syllab="1"
                     ecep:pron="nəʊ">no</w>
                  <c> </c>
                  <w xmlns:ecep="http://www.eighteenthcenturypoetry.org/ns"
                     xml:id="pcc86-70410"
                     n="pcc86/0059-a-0530"
                     ecep:lem="resentment"
                     ecep:pos="n1"
                     ecep:reg="resentment"
                     ecep:spe="resentment"
                     ecep:syllab="3"
                     ecep:pron="rɪˈzentmənt">resentment</w>
                  <c> </c>
                  <w xmlns:ecep="http://www.eighteenthcenturypoetry.org/ns"
                     xml:id="pcc86-70420"
                     n="pcc86/0059-a-0540"
                     ecep:lem="be"
                     ecep:pos="vbi"
                     ecep:reg="be"
                     ecep:spe="be"
                     ecep:syllab="1"
                     ecep:pron="biː">be</w>
                  <c> </c>
                  <w xmlns:ecep="http://www.eighteenthcenturypoetry.org/ns"
                     xml:id="pcc86-70430"
                     n="pcc86/0059-a-0550"
                     ecep:lem="thy"
                     ecep:pos="po21"
                     ecep:reg="thy"
                     ecep:spe="thy"
                     ecep:syllab="1"
                     ecep:pron="ðaɪ">thy</w>
                  <c> </c>
                  <w xmlns:ecep="http://www.eighteenthcenturypoetry.org/ns"
                     xml:id="pcc86-70440"
                     n="pcc86/0059-a-0560"
                     ecep:lem="future"
                     ecep:pos="j-jn"
                     ecep:reg="future"
                     ecep:spe="future"
                     ecep:syllab="2"
                     ecep:pron="ˈfjuːtʃə">future</w>
                  <c> </c>
                  <w xmlns:ecep="http://www.eighteenthcenturypoetry.org/ns"
                     xml:id="pcc86-70450"
                     n="pcc86/0059-a-0570"
                     ecep:lem="aim"
                     ecep:pos="n1"
                     ecep:reg="aim"
                     ecep:spe="aim"
                     ecep:syllab="1"
                     ecep:pron="eɪm">aim</w>
                  <pc xmlns:ecep="http://www.eighteenthcenturypoetry.org/ns"
                      xml:id="pcc86-70460"
                      n="pcc86/0059-a-0580"
                      unit="sentence"
                      ecep:lem="."
                      ecep:pos="."
                      ecep:reg="."
                      ecep:spe=".">.</pc>
                  <c> </c>
               </l>
               <l rhyme="x" xml:id="pcc86-l03485">
                  <w xmlns:ecep="http://www.eighteenthcenturypoetry.org/ns"
                     xml:id="pcc86-70470"
                     n="pcc86/0059-a-0590"
                     ecep:lem="nor"
                     ecep:pos="ccx"
                     ecep:reg="Nor"
                     ecep:spe="Nor"
                     ecep:syllab="1"
                     ecep:pron="nɔː">Nor</w>
                  <c> </c>
                  <w xmlns:ecep="http://www.eighteenthcenturypoetry.org/ns"
                     xml:id="pcc86-70480"
                     n="pcc86/0059-a-0600"
                     ecep:lem="if"
                     ecep:pos="cs"
                     ecep:reg="if"
                     ecep:spe="if"
                     ecep:syllab="1"
                     ecep:pron="ɪf">if</w>
                  <pc xmlns:ecep="http://www.eighteenthcenturypoetry.org/ns"
                      xml:id="pcc86-70490"
                      n="pcc86/0059-a-0610"
                      ecep:lem="!"
                      ecep:pos="!"
                      ecep:reg="!"
                      ecep:spe="!">!</pc>
                  <c> </c>
                  <pc xmlns:ecep="http://www.eighteenthcenturypoetry.org/ns"
                      xml:id="pcc86-70500"
                      n="pcc86/0059-a-0620"
                      ecep:lem="—"
                      ecep:pos="—"
                      ecep:reg="—"
                      ecep:spe="—">—</pc>
               </l>
               <l xml:id="pcc86-l03490">
                  <c> </c>
                  <w xmlns:ecep="http://www.eighteenthcenturypoetry.org/ns"
                     xml:id="pcc86-70510"
                     n="pcc86/0059-a-0630"
                     ecep:lem="avert"
                     ecep:pos="vvb"
                     ecep:reg="Avert"
                     ecep:spe="Avert"
                     ecep:syllab="2"
                     ecep:pron="əˈvɜːt">Avert</w>
                  <c> </c>
                  <w xmlns:ecep="http://www.eighteenthcenturypoetry.org/ns"
                     xml:id="pcc86-70520"
                     n="pcc86/0059-a-0640"
                     ecep:lem="the"
                     ecep:pos="dt"
                     ecep:reg="the"
                     ecep:spe="the"
                     ecep:syllab="1"
                     ecep:pron="ðiː">the</w>
                  <c> </c>
                  <w xmlns:ecep="http://www.eighteenthcenturypoetry.org/ns"
                     xml:id="pcc86-70530"
                     n="pcc86/0059-a-0650"
                     ecep:lem="thought"
                     ecep:pos="n1"
                     ecep:reg="thought"
                     ecep:spe="thought"
                     ecep:syllab="1"
                     ecep:pron="θɔːt">thought</w>
                  <c> </c>
                  <pc xmlns:ecep="http://www.eighteenthcenturypoetry.org/ns"
                      xml:id="pcc86-70540"
                      n="pcc86/0059-a-0660"
                      ecep:lem="—"
                      ecep:pos="—"
                      ecep:reg="—"
                      ecep:spe="—">—</pc>
                  <c> </c>
                  <w xmlns:ecep="http://www.eighteenthcenturypoetry.org/ns"
                     xml:id="pcc86-70550"
                     n="pcc86/0059-a-0670"
                     ecep:lem="and"
                     ecep:pos="cc"
                     ecep:reg="and"
                     ecep:spe="and"
                     ecep:syllab="1"
                     ecep:pron="ænd">and</w>
                  <c> </c>
                  <w xmlns:ecep="http://www.eighteenthcenturypoetry.org/ns"
                     xml:id="pcc86-70560"
                     n="pcc86/0059-a-0680"
                     ecep:lem="in"
                     ecep:pos="p-acp"
                     ecep:reg="in"
                     ecep:spe="in"
                     ecep:syllab="1"
                     ecep:pron="ɪn">in</w>
                  <c> </c>
                  <w xmlns:ecep="http://www.eighteenthcenturypoetry.org/ns"
                     xml:id="pcc86-70570"
                     n="pcc86/0059-a-0690"
                     ecep:lem="the"
                     ecep:pos="dt"
                     ecep:reg="the"
                     ecep:spe="the"
                     ecep:syllab="1"
                     ecep:pron="ðiː">the</w>
                  <c> </c>
                  <w xmlns:ecep="http://www.eighteenthcenturypoetry.org/ns"
                     xml:id="pcc86-70580"
                     n="pcc86/0059-a-0700"
                     ecep:lem="doubtful"
                     ecep:pos="j"
                     ecep:reg="doubtful"
                     ecep:spe="doubtful"
                     ecep:syllab="2"
                     ecep:pron="ˈdaʊtfl">doubtful</w>
                  <c> </c>
                  <w xmlns:ecep="http://www.eighteenthcenturypoetry.org/ns"
                     xml:id="pcc86-70590"
                     n="pcc86/0059-a-0710"
                     ecep:lem="hour"
                     ecep:pos="n1"
                     ecep:reg="hour"
                     ecep:spe="hour"
                     ecep:syllab="1"
                     ecep:pron="æə">hour</w>
                  <pc xmlns:ecep="http://www.eighteenthcenturypoetry.org/ns"
                      xml:id="pcc86-70600"
                      n="pcc86/0059-a-0720"
                      ecep:lem=","
                      ecep:pos=","
                      ecep:reg=","
                      ecep:spe=",">,</pc>
               </l>
               <l xml:id="pcc86-l03495">
                  <c> </c>
                  <w xmlns:ecep="http://www.eighteenthcenturypoetry.org/ns"
                     xml:id="pcc86-70610"
                     n="pcc86/0059-a-0730"
                     ecep:lem="be"
                     ecep:pos="vbb"
                     ecep:reg="Be"
                     ecep:spe="Be"
                     ecep:syllab="1"
                     ecep:pron="biː">Be</w>
                  <c> </c>
                  <w xmlns:ecep="http://www.eighteenthcenturypoetry.org/ns"
                     xml:id="pcc86-70620"
                     n="pcc86/0059-a-0740"
                     ecep:lem="justice"
                     ecep:pos="n1"
                     ecep:reg="justice"
                     ecep:spe="justice"
                     ecep:syllab="2"
                     ecep:pron="ˈdʒʌstɪs">justice</w>
                  <c> </c>
                  <w xmlns:ecep="http://www.eighteenthcenturypoetry.org/ns"
                     xml:id="pcc86-70630"
                     n="pcc86/0059-a-0750"
                     ecep:lem="guard"
                     ecep:pos="vvn"
                     ecep:reg="guarded"
                     ecep:spe="guarded"
                     ecep:syllab="2"
                     ecep:pron="gɑːdɪd">guarded</w>
                  <c> </c>
                  <w xmlns:ecep="http://www.eighteenthcenturypoetry.org/ns"
                     xml:id="pcc86-70640"
                     n="pcc86/0059-a-0760"
                     ecep:lem="by"
                     ecep:pos="p-acp"
                     ecep:reg="by"
                     ecep:spe="by"
                     ecep:syllab="1"
                     ecep:pron="baɪ">by</w>
                  <c> </c>
                  <w xmlns:ecep="http://www.eighteenthcenturypoetry.org/ns"
                     xml:id="pcc86-70650"
                     n="pcc86/0059-a-0770"
                     ecep:lem="some"
                     ecep:pos="d"
                     ecep:reg="some"
                     ecep:spe="some"
                     ecep:syllab="1"
                     ecep:pron="sʌm">some</w>
                  <c> </c>
                  <w xmlns:ecep="http://www.eighteenthcenturypoetry.org/ns"
                     xml:id="pcc86-70660"
                     n="pcc86/0059-a-0780"
                     ecep:lem="heavenly"
                     ecep:pos="j"
                     ecep:reg="heavenly"
                     ecep:spe="heavenly"
                     ecep:syllab="2"
                     ecep:pron="ˈhevnli">heavenly</w>
                  <c> </c>
                  <w xmlns:ecep="http://www.eighteenthcenturypoetry.org/ns"
                     xml:id="pcc86-70670"
                     n="pcc86/0059-a-0790"
                     ecep:lem="power"
                     ecep:pos="n1"
                     ecep:reg="power"
                     ecep:spe="power"
                     ecep:syllab="1"
                     ecep:pron="ˈpaʊə">power</w>
                  <pc xmlns:ecep="http://www.eighteenthcenturypoetry.org/ns"
                      xml:id="pcc86-70680"
                      n="pcc86/0059-a-0800"
                      ecep:lem=";"
                      ecep:pos=";"
                      ecep:reg=";"
                      ecep:spe=";">;</pc>
               </l>
               <l xml:id="pcc86-l03500">
                  <c> </c>
                  <w xmlns:ecep="http://www.eighteenthcenturypoetry.org/ns"
                     xml:id="pcc86-70690"
                     n="pcc86/0059-a-0810"
                     ecep:lem="be"
                     ecep:pos="vbb"
                     ecep:reg="Be"
                     ecep:spe="Be"
                     ecep:syllab="1"
                     ecep:pron="biː">Be</w>
                  <c> </c>
                  <w xmlns:ecep="http://www.eighteenthcenturypoetry.org/ns"
                     xml:id="pcc86-70700"
                     n="pcc86/0059-a-0820"
                     ecep:lem="d"
                     ecep:pos="sy"
                     ecep:reg="D"
                     ecep:spe="D"
                     ecep:syllab="1"
                     ecep:pron="diː">D</w>
                  <c> </c>
                  <pc xmlns:ecep="http://www.eighteenthcenturypoetry.org/ns"
                      xml:id="pcc86-70710"
                      n="pcc86/0059-a-0830"
                      ecep:lem="—"
                      ecep:pos="—"
                      ecep:reg="—"
                      ecep:spe="—">—</pc>
                  <c> </c>
                  <w xmlns:ecep="http://www.eighteenthcenturypoetry.org/ns"
                     xml:id="pcc86-70720"
                     n="pcc86/0059-a-0840"
                     ecep:lem="still"
                     ecep:pos="av"
                     ecep:reg="still"
                     ecep:spe="still"
                     ecep:syllab="1"
                     ecep:pron="stɪl">still</w>
                  <c> </c>
                  <pc xmlns:ecep="http://www.eighteenthcenturypoetry.org/ns"
                      xml:id="pcc86-70730"
                      n="pcc86/0059-a-0850"
                      ecep:lem="—"
                      ecep:pos="—"
                      ecep:reg="—"
                      ecep:spe="—">—</pc>
                  <c> </c>
                  <w xmlns:ecep="http://www.eighteenthcenturypoetry.org/ns"
                     xml:id="pcc86-70740"
                     n="pcc86/0059-a-0860"
                     ecep:lem="and"
                     ecep:pos="cc"
                     ecep:reg="and"
                     ecep:spe="and"
                     ecep:syllab="1"
                     ecep:pron="ænd">and</w>
                  <c> </c>
                  <w xmlns:ecep="http://www.eighteenthcenturypoetry.org/ns"
                     xml:id="pcc86-70750"
                     n="pcc86/0059-a-0870"
                     ecep:lem="let"
                     ecep:pos="vvb"
                     ecep:reg="let"
                     ecep:spe="let"
                     ecep:syllab="1"
                     ecep:pron="let">let</w>
                  <c> </c>
                  <w xmlns:ecep="http://www.eighteenthcenturypoetry.org/ns"
                     xml:id="pcc86-70760"
                     n="pcc86/0059-a-0880"
                     ecep:lem="thy"
                     ecep:pos="po21"
                     ecep:reg="thy"
                     ecep:spe="thy"
                     ecep:syllab="1"
                     ecep:pron="ðaɪ">thy</w>
                  <c> </c>
                  <w xmlns:ecep="http://www.eighteenthcenturypoetry.org/ns"
                     xml:id="pcc86-70770"
                     n="pcc86/0059-a-0890"
                     ecep:lem="spirit"
                     ecep:pos="n1"
                     ecep:reg="spirit"
                     ecep:spe="spirit"
                     ecep:syllab="2"
                     ecep:pron="ˈspɪrɪt">spirit</w>
                  <c> </c>
                  <w xmlns:ecep="http://www.eighteenthcenturypoetry.org/ns"
                     xml:id="pcc86-70780"
                     n="pcc86/0059-a-0900"
                     ecep:lem="show"
                     ecep:pos="vvb"
                     ecep:reg="show"
                     ecep:spe="show"
                     ecep:syllab="1"
                     ecep:pron="ʃəʊ">show</w>
               </l>
               <l xml:id="pcc86-l03505">
                  <c> </c>
                  <w xmlns:ecep="http://www.eighteenthcenturypoetry.org/ns"
                     xml:id="pcc86-70790"
                     n="pcc86/0059-a-0910"
                     ecep:lem="thou"
                     ecep:pos="pns21"
                     ecep:reg="Thou"
                     ecep:spe="Thou"
                     ecep:syllab="1"
                     ecep:pron="θaʊ">Thou</w>
                  <c> </c>
                  <w xmlns:ecep="http://www.eighteenthcenturypoetry.org/ns"
                     xml:id="pcc86-70800"
                     n="pcc86/0059-a-0920"
                     ecep:lem="be"
                     ecep:pos="vb2r"
                     ecep:reg="art"
                     ecep:spe="art"
                     ecep:syllab="1"
                     ecep:pron="ɑːt">art</w>
                  <c> </c>
                  <w xmlns:ecep="http://www.eighteenthcenturypoetry.org/ns"
                     xml:id="pcc86-70810"
                     n="pcc86/0059-a-0930"
                     ecep:lem="thyself"
                     ecep:pos="px21"
                     ecep:reg="thyself"
                     ecep:spe="thyself"
                     ecep:syllab="2"
                     ecep:pron="ðaɪˈself">thyself</w>
                  <pc xmlns:ecep="http://www.eighteenthcenturypoetry.org/ns"
                      xml:id="pcc86-70820"
                      n="pcc86/0059-a-0940"
                      ecep:lem=","
                      ecep:pos=","
                      ecep:reg=","
                      ecep:spe=",">,</pc>
                  <c> </c>
                  <w xmlns:ecep="http://www.eighteenthcenturypoetry.org/ns"
                     xml:id="pcc86-70830"
                     n="pcc86/0059-a-0950"
                     ecep:lem="however"
                     ecep:pos="c-acp"
                     ecep:reg="however"
                     ecep:spe="howe'er"
                     ecep:syllab="2"
                     ecep:pron="haʊˈeə">howe'er</w>
                  <c> </c>
                  <w xmlns:ecep="http://www.eighteenthcenturypoetry.org/ns"
                     xml:id="pcc86-70840"
                     n="pcc86/0059-a-0960"
                     ecep:lem="this"
                     ecep:pos="d"
                     ecep:reg="this"
                     ecep:spe="this"
                     ecep:syllab="1"
                     ecep:pron="ðɪs">this</w>
                  <c> </c>
                  <w xmlns:ecep="http://www.eighteenthcenturypoetry.org/ns"
                     xml:id="pcc86-70850"
                     n="pcc86/0059-a-0970"
                     ecep:lem="contest"
                     ecep:pos="vvb"
                     ecep:reg="contest"
                     ecep:spe="contest"
                     ecep:syllab="2"
                     ecep:pron="ˈkɒntest">contest</w>
                  <c> </c>
                  <w xmlns:ecep="http://www.eighteenthcenturypoetry.org/ns"
                     xml:id="pcc86-70860"
                     n="pcc86/0059-a-0980"
                     ecep:lem="go"
                     ecep:pos="vvi"
                     ecep:reg="go"
                     ecep:spe="go"
                     ecep:syllab="1"
                     ecep:pron="gəʊ">go</w>
                  <pc xmlns:ecep="http://www.eighteenthcenturypoetry.org/ns"
                      xml:id="pcc86-70870"
                      n="pcc86/0059-a-0990"
                      unit="sentence"
                      ecep:lem="."
                      ecep:pos="."
                      ecep:reg="."
                      ecep:spe=".">.</pc>
                  <c> </c>
               </l>
            </lg>
         </div>
      </body>
   </text>
</TEI>
