<?xml version="1.0" encoding="utf-8"?>
<!DOCTYPE div
  SYSTEM "about:legacy-compat">
<div xmlns:ecep="http://www.eighteenthcenturypoetry.org/ns"
     xmlns="http://www.tei-c.org/ns/1.0"
     xmlns:tei="http://www.tei-c.org/ns/1.0"
     ana="#iamb #tetrameter #quatrain #cross"
     corresp="#txt_JohnSa1709_w0004"
     decls="#semi-normalized"
     ecep:syllab="8.8.8.8"
     met="-+|-+|-+|-+/ -+|-+|-+|-+/ -+|-+|-+|-+/ -+|-+|-+|-+/"
     rendition="#lgvspace"
     rhyme="abab"
     subtype="eceptext"
     type="poem"
     xml:id="o4986-w0630">
   <link target="authors.xml#aut_JohnSa1709" type="author"/>
   <link target="27591" type="DMI"/>
   <head type="main">
      <w xml:id="o4986-521910"
         n="246-a-0010"
         ecep:lem="the"
         ecep:pos="dt"
         ecep:reg="THE"
         ecep:spe="THE"
         ecep:syllab="1"
         ecep:pron="ðiː">THE</w>
      <c> </c>
      <w xml:id="o4986-521920"
         n="246-a-0020"
         ecep:lem="winter"
         ecep:pos="ng1"
         ecep:reg="WINTER's"
         ecep:spe="WINTER's"
         ecep:syllab="2"
         ecep:pron="ˈwɪntəz">WINTER's</w>
      <c> </c>
      <w xml:id="o4986-521930"
         n="246-a-0030"
         ecep:lem="walk"
         ecep:pos="n1"
         ecep:reg="WALK"
         ecep:spe="WALK"
         ecep:syllab="1"
         ecep:pron="wɔːk">WALK</w>
      <pc xml:id="o4986-521940"
          n="246-a-0040"
          unit="sentence"
          ecep:lem="."
          ecep:pos="."
          ecep:reg="."
          ecep:spe=".">.</pc>
   </head>
   <byline>
      <w xml:id="o4986-521970"
         n="246-a-0050"
         ecep:lem="by"
         ecep:pos="p-acp"
         ecep:reg="BY"
         ecep:spe="BY"
         ecep:syllab="1"
         ecep:pron="baɪ">BY</w>
      <c> </c>
      <w xml:id="o4986-521980"
         n="246-a-0060"
         ecep:lem="the"
         ecep:pos="dt"
         ecep:reg="THE"
         ecep:spe="THE"
         ecep:syllab="1"
         ecep:pron="ðiː">THE</w>
      <c> </c>
      <w xml:id="o4986-521990"
         n="246-a-0070"
         ecep:lem="same"
         ecep:pos="d"
         ecep:reg="SAME"
         ecep:spe="SAME"
         ecep:syllab="1"
         ecep:pron="seɪm">SAME</w>
      <pc xml:id="o4986-522000"
          n="246-a-0080"
          unit="sentence"
          ecep:lem="."
          ecep:pos="."
          ecep:reg="."
          ecep:spe=".">.</pc>
   </byline>
   <lg xml:id="o4986-s03500">
      <l xml:id="o4986-l28125">
         <w xml:id="o4986-522030"
            n="246-a-0090"
            ecep:lem="behold"
            ecep:pos="vvb"
            ecep:reg="BEHOLD"
            ecep:spe="BEHOLD"
            ecep:syllab="2"
            ecep:pron="bɪˈhəʊld">BEHOLD</w>
         <pc xml:id="o4986-522040"
             n="246-a-0100"
             ecep:lem=","
             ecep:pos=","
             ecep:reg=","
             ecep:spe=",">,</pc>
         <c> </c>
         <w xml:id="o4986-522050"
            n="246-a-0110"
            ecep:lem="my"
            ecep:pos="po11"
            ecep:reg="my"
            ecep:spe="my"
            ecep:syllab="1"
            ecep:pron="maɪ">my</w>
         <c> </c>
         <w xml:id="o4986-522060"
            n="246-a-0120"
            ecep:lem="fair"
            ecep:pos="j"
            ecep:reg="fair"
            ecep:spe="fair"
            ecep:syllab="1"
            ecep:pron="feə">fair</w>
         <pc xml:id="o4986-522070"
             n="246-a-0130"
             ecep:lem=","
             ecep:pos=","
             ecep:reg=","
             ecep:spe=",">,</pc>
         <c> </c>
         <w xml:id="o4986-522080"
            n="246-a-0140"
            ecep:lem="wherever"
            ecep:pos="c-crq"
            ecep:reg="wherever"
            ecep:spe="where'er"
            ecep:syllab="2"
            ecep:pron="weəˈreə">where'er</w>
         <c> </c>
         <w xml:id="o4986-522090"
            n="246-a-0150"
            ecep:lem="we"
            ecep:pos="pns12"
            ecep:reg="we"
            ecep:spe="we"
            ecep:syllab="1"
            ecep:pron="wiː">we</w>
         <c> </c>
         <w xml:id="o4986-522100"
            n="246-a-0160"
            ecep:lem="rove"
            ecep:pos="vvb"
            ecep:reg="rove"
            ecep:spe="rove"
            ecep:syllab="1"
            ecep:pron="rəʊv">rove</w>
         <pc xml:id="o4986-522110"
             n="246-a-0170"
             ecep:lem=","
             ecep:pos=","
             ecep:reg=","
             ecep:spe=",">,</pc>
      </l>
      <l xml:id="o4986-l28130">
         <c> </c>
         <w xml:id="o4986-522120"
            n="246-a-0180"
            ecep:lem="what"
            ecep:pos="q-crq"
            ecep:reg="What"
            ecep:spe="What"
            ecep:syllab="1"
            ecep:pron="wɒt">What</w>
         <c> </c>
         <w xml:id="o4986-522130"
            n="246-a-0190"
            ecep:lem="dreary"
            ecep:pos="j"
            ecep:reg="dreary"
            ecep:spe="dreary"
            ecep:syllab="2"
            ecep:pron="ˈdrɪəri">dreary</w>
         <c> </c>
         <w xml:id="o4986-522140"
            n="246-a-0200"
            ecep:lem="prospect"
            ecep:pos="n2"
            ecep:reg="prospects"
            ecep:spe="prospects"
            ecep:syllab="2"
            ecep:pron="ˈprɒspekts">prospects</w>
         <c> </c>
         <w xml:id="o4986-522150"
            n="246-a-0210"
            ecep:lem="round"
            ecep:pos="vvb"
            ecep:reg="round"
            ecep:spe="round"
            ecep:syllab="1"
            ecep:pron="raʊnd">round</w>
         <c> </c>
         <w xml:id="o4986-522160"
            n="246-a-0220"
            ecep:lem="we"
            ecep:pos="pno12"
            ecep:reg="us"
            ecep:spe="us"
            ecep:syllab="1"
            ecep:pron="ʌs">us</w>
         <c> </c>
         <w xml:id="o4986-522170"
            n="246-a-0230"
            ecep:lem="rise"
            ecep:pos="vvi"
            ecep:reg="rise"
            ecep:spe="rise"
            ecep:syllab="1"
            ecep:pron="raɪz">rise</w>
         <pc xml:id="o4986-522180"
             n="246-a-0240"
             ecep:lem=";"
             ecep:pos=";"
             ecep:reg=";"
             ecep:spe=";">;</pc>
      </l>
      <l xml:id="o4986-l28135">
         <c> </c>
         <w xml:id="o4986-522190"
            n="246-a-0250"
            ecep:lem="the"
            ecep:pos="dt"
            ecep:reg="The"
            ecep:spe="The"
            ecep:syllab="1"
            ecep:pron="ðiː">The</w>
         <c> </c>
         <w xml:id="o4986-522200"
            n="246-a-0260"
            ecep:lem="naked"
            ecep:pos="j"
            ecep:reg="naked"
            ecep:spe="naked"
            ecep:syllab="2"
            ecep:pron="ˈneɪkɪd">naked</w>
         <c> </c>
         <w xml:id="o4986-522210"
            n="246-a-0270"
            ecep:lem="hill"
            ecep:pos="n1"
            ecep:reg="hill"
            ecep:spe="hill"
            ecep:syllab="1"
            ecep:pron="hɪl">hill</w>
         <pc xml:id="o4986-522220"
             n="246-a-0280"
             ecep:lem=","
             ecep:pos=","
             ecep:reg=","
             ecep:spe=",">,</pc>
         <c> </c>
         <w xml:id="o4986-522230"
            n="246-a-0290"
            ecep:lem="the"
            ecep:pos="dt"
            ecep:reg="the"
            ecep:spe="the"
            ecep:syllab="1"
            ecep:pron="ðiː">the</w>
         <c> </c>
         <w xml:id="o4986-522240"
            n="246-a-0300"
            ecep:lem="leafless"
            ecep:pos="j"
            ecep:reg="leafless"
            ecep:spe="leafless"
            ecep:syllab="2"
            ecep:pron="ˈliːfləs">leafless</w>
         <c> </c>
         <w xml:id="o4986-522250"
            n="246-a-0310"
            ecep:lem="grove"
            ecep:pos="n1"
            ecep:reg="grove"
            ecep:spe="grove"
            ecep:syllab="1"
            ecep:pron="grəʊv">grove</w>
         <pc xml:id="o4986-522260"
             n="246-a-0320"
             ecep:lem=","
             ecep:pos=","
             ecep:reg=","
             ecep:spe=",">,</pc>
      </l>
      <l xml:id="o4986-l28140">
         <c> </c>
         <w xml:id="o4986-522270"
            n="246-a-0330"
            ecep:lem="the"
            ecep:pos="dt"
            ecep:reg="The"
            ecep:spe="The"
            ecep:syllab="1"
            ecep:pron="ðiː">The</w>
         <c> </c>
         <w xml:id="o4986-522280"
            n="246-a-0340"
            ecep:lem="hoary"
            ecep:pos="j"
            ecep:reg="hoary"
            ecep:spe="hoary"
            ecep:syllab="2"
            ecep:pron="ˈhɔːri">hoary</w>
         <c> </c>
         <w xml:id="o4986-522290"
            n="246-a-0350"
            ecep:lem="ground"
            ecep:pos="n1"
            ecep:reg="ground"
            ecep:spe="ground"
            ecep:syllab="1"
            ecep:pron="graʊnd">ground</w>
         <pc xml:id="o4986-522300"
             n="246-a-0360"
             ecep:lem=","
             ecep:pos=","
             ecep:reg=","
             ecep:spe=",">,</pc>
         <c> </c>
         <w xml:id="o4986-522310"
            n="246-a-0370"
            ecep:lem="the"
            ecep:pos="dt"
            ecep:reg="the"
            ecep:spe="the"
            ecep:syllab="1"
            ecep:pron="ðiː">the</w>
         <c> </c>
         <w xml:id="o4986-522320"
            n="246-a-0380"
            ecep:lem="frown"
            ecep:pos="j-vvg"
            ecep:reg="frowning"
            ecep:spe="frowning"
            ecep:syllab="2"
            ecep:pron="fraʊnɪŋ">frowning</w>
         <c> </c>
         <w xml:id="o4986-522330"
            n="246-a-0390"
            ecep:lem="sky"
            ecep:pos="n2"
            ecep:reg="skies"
            ecep:spe="skies"
            ecep:syllab="1"
            ecep:pron="skaɪz">skies</w>
         <pc xml:id="o4986-522340"
             n="246-a-0400"
             unit="sentence"
             ecep:lem="!"
             ecep:pos="!"
             ecep:reg="!"
             ecep:spe="!">!</pc>
         <c> </c>
      </l>
   </lg>
   <lg xml:id="o4986-s03505">
      <l xml:id="o4986-l28145">
         <w xml:id="o4986-522370"
            n="246-a-0410"
            ecep:lem="nor"
            ecep:pos="ccx"
            ecep:reg="Nor"
            ecep:spe="Nor"
            ecep:syllab="1"
            ecep:pron="nɔː">Nor</w>
         <c> </c>
         <w xml:id="o4986-522380"
            n="246-a-0420"
            ecep:lem="only"
            ecep:pos="av-j"
            ecep:reg="only"
            ecep:spe="only"
            ecep:syllab="2"
            ecep:pron="ˈəʊnli">only</w>
         <c> </c>
         <w xml:id="o4986-522390"
            n="246-a-0430"
            ecep:lem="think"
            ecep:pos="vvd"
            ecep:reg="thought"
            ecep:spe="thought"
            ecep:syllab="1"
            ecep:pron="θɔːt">thought</w>
         <c> </c>
         <w xml:id="o4986-522400"
            n="246-a-0440"
            ecep:lem="the"
            ecep:pos="dt"
            ecep:reg="the"
            ecep:spe="the"
            ecep:syllab="1"
            ecep:pron="ðiː">the</w>
         <c> </c>
         <w xml:id="o4986-522410"
            n="246-a-0450"
            ecep:lem="waste"
            ecep:pos="j-vvn"
            ecep:reg="wasted"
            ecep:spe="wasted"
            ecep:syllab="2"
            ecep:pron="weɪstɪd">wasted</w>
         <c> </c>
         <w xml:id="o4986-522420"
            n="246-a-0460"
            ecep:lem="plain"
            ecep:pos="n1"
            ecep:reg="plain"
            ecep:spe="plain"
            ecep:syllab="1"
            ecep:pron="pleɪn">plain</w>
         <pc xml:id="o4986-522430"
             n="246-a-0470"
             ecep:lem=","
             ecep:pos=","
             ecep:reg=","
             ecep:spe=",">,</pc>
      </l>
      <l xml:id="o4986-l28150">
         <c> </c>
         <w xml:id="o4986-522440"
            n="246-a-0480"
            ecep:lem="stern"
            ecep:pos="j"
            ecep:reg="Stern"
            ecep:spe="Stern"
            ecep:syllab="1"
            ecep:pron="stɜːn">Stern</w>
         <c> </c>
         <w xml:id="o4986-522450"
            n="246-a-0490"
            ecep:lem="winter"
            ecep:pos="n1"
            ecep:reg="Winter"
            ecep:spe="Winter"
            ecep:syllab="2"
            ecep:pron="ˈwɪntə">Winter</w>
         <pc xml:id="o4986-522460"
             n="246-a-0500"
             ecep:lem=","
             ecep:pos=","
             ecep:reg=","
             ecep:spe=",">,</pc>
         <c> </c>
         <w xml:id="o4986-522470"
            n="246-a-0510"
            ecep:lem="in"
            ecep:pos="p-acp"
            ecep:reg="in"
            ecep:spe="in"
            ecep:syllab="1"
            ecep:pron="ɪn">in</w>
         <c> </c>
         <w xml:id="o4986-522480"
            n="246-a-0520"
            ecep:lem="thy"
            ecep:pos="po21"
            ecep:reg="thy"
            ecep:spe="thy"
            ecep:syllab="1"
            ecep:pron="ðaɪ">thy</w>
         <c> </c>
         <w xml:id="o4986-522490"
            n="246-a-0530"
            ecep:lem="force"
            ecep:pos="n1"
            ecep:reg="force"
            ecep:spe="force"
            ecep:syllab="1"
            ecep:pron="fɔːs">force</w>
         <c> </c>
         <w xml:id="o4986-522500"
            n="246-a-0540"
            ecep:lem="confess"
            ecep:pos="vvd"
            ecep:reg="confessed"
            ecep:spe="confess'd"
            ecep:syllab="2"
            ecep:pron="kənˈfest">confess'd</w>
         <pc xml:id="o4986-522510"
             n="246-a-0550"
             ecep:lem=";"
             ecep:pos=";"
             ecep:reg=";"
             ecep:spe=";">;</pc>
      </l>
      <l xml:id="o4986-l28155">
         <c> </c>
         <w xml:id="o4986-522520"
            n="246-a-0560"
            ecep:lem="still"
            ecep:pos="av"
            ecep:reg="Still"
            ecep:spe="Still"
            ecep:syllab="1"
            ecep:pron="stɪl">Still</w>
         <c> </c>
         <w xml:id="o4986-522530"
            n="246-a-0570"
            ecep:lem="wide"
            ecep:pos="jc"
            ecep:reg="wider"
            ecep:spe="wider"
            ecep:syllab="2"
            ecep:pron="waɪdə">wider</w>
         <c> </c>
         <w xml:id="o4986-522540"
            n="246-a-0580"
            ecep:lem="spread"
            ecep:pos="vvz"
            ecep:reg="spreads"
            ecep:spe="spreads"
            ecep:syllab="1"
            ecep:pron="spredz">spreads</w>
         <c> </c>
         <w xml:id="o4986-522550"
            n="246-a-0590"
            ecep:lem="thy"
            ecep:pos="po21"
            ecep:reg="thy"
            ecep:spe="thy"
            ecep:syllab="1"
            ecep:pron="ðaɪ">thy</w>
         <c> </c>
         <w xml:id="o4986-522560"
            n="246-a-0600"
            ecep:lem="horrid"
            ecep:pos="j"
            ecep:reg="horrid"
            ecep:spe="horrid"
            ecep:syllab="2"
            ecep:pron="ˈhɒrɪd">horrid</w>
         <c> </c>
         <w xml:id="o4986-522570"
            n="246-a-0610"
            ecep:lem="reign"
            ecep:pos="n1"
            ecep:reg="reign"
            ecep:spe="reign"
            ecep:syllab="1"
            ecep:pron="reɪn">reign</w>
         <pc xml:id="o4986-522580"
             n="246-a-0620"
             ecep:lem=","
             ecep:pos=","
             ecep:reg=","
             ecep:spe=",">,</pc>
      </l>
      <l xml:id="o4986-l28160">
         <c> </c>
         <w xml:id="o4986-522590"
            n="246-a-0630"
            ecep:lem="i"
            ecep:pos="pns11"
            ecep:reg="I"
            ecep:spe="I"
            ecep:syllab="1"
            ecep:pron="aɪ">I</w>
         <c> </c>
         <w xml:id="o4986-522600"
            n="246-a-0640"
            ecep:lem="feel"
            ecep:pos="vvb"
            ecep:reg="feel"
            ecep:spe="feel"
            ecep:syllab="1"
            ecep:pron="fiːl">feel</w>
         <c> </c>
         <w xml:id="o4986-522610"
            n="246-a-0650"
            ecep:lem="thy"
            ecep:pos="po21"
            ecep:reg="thy"
            ecep:spe="thy"
            ecep:syllab="1"
            ecep:pron="ðaɪ">thy</w>
         <c> </c>
         <w xml:id="o4986-522620"
            n="246-a-0660"
            ecep:lem="power"
            ecep:pos="n1"
            ecep:reg="power"
            ecep:spe="power"
            ecep:syllab="1"
            ecep:pron="ˈpaʊə">power</w>
         <c> </c>
         <w xml:id="o4986-522630"
            n="246-a-0670"
            ecep:lem="usurp"
            ecep:pos="vvb"
            ecep:reg="usurp"
            ecep:spe="usurp"
            ecep:syllab="2"
            ecep:pron="juːˈzɜːp">usurp</w>
         <c> </c>
         <w xml:id="o4986-522640"
            n="246-a-0680"
            ecep:lem="my"
            ecep:pos="po11"
            ecep:reg="my"
            ecep:spe="my"
            ecep:syllab="1"
            ecep:pron="maɪ">my</w>
         <c> </c>
         <w xml:id="o4986-522650"
            n="246-a-0690"
            ecep:lem="breast"
            ecep:pos="n1"
            ecep:reg="breast"
            ecep:spe="breast"
            ecep:syllab="1"
            ecep:pron="brest">breast</w>
         <pc xml:id="o4986-522660"
             n="246-a-0700"
             unit="sentence"
             ecep:lem="."
             ecep:pos="."
             ecep:reg="."
             ecep:spe=".">.</pc>
         <c> </c>
      </l>
   </lg>
   <lg xml:id="o4986-s03510">
      <l xml:id="o4986-l28165">
         <w xml:id="o4986-522690"
            n="246-a-0710"
            ecep:lem="enliven"
            ecep:pos="vvg"
            ecep:reg="Enlivening"
            ecep:spe="Enlivening"
            ecep:syllab="4"
            ecep:pron="ɪnˈlaɪvnɪŋ">Enlivening</w>
         <c> </c>
         <w xml:id="o4986-522700"
            n="246-a-0720"
            ecep:lem="hope"
            ecep:pos="n1"
            ecep:reg="Hope"
            ecep:spe="Hope"
            ecep:syllab="1"
            ecep:pron="həʊp">Hope</w>
         <c> </c>
         <w xml:id="o4986-522710"
            n="246-a-0730"
            ecep:lem="and"
            ecep:pos="cc"
            ecep:reg="and"
            ecep:spe="and"
            ecep:syllab="1"
            ecep:pron="ænd">and</w>
         <c> </c>
         <w xml:id="o4986-522720"
            n="246-a-0740"
            ecep:lem="fond"
            ecep:pos="j"
            ecep:reg="fond"
            ecep:spe="fond"
            ecep:syllab="1"
            ecep:pron="fɒnd">fond</w>
         <c> </c>
         <w xml:id="o4986-522730"
            n="246-a-0750"
            ecep:lem="desire"
            ecep:pos="n1"
            ecep:reg="Desire"
            ecep:spe="Desire"
            ecep:syllab="2"
            ecep:pron="dɪˈzæə">Desire</w>
      </l>
      <l xml:id="o4986-l28170">
         <c> </c>
         <w xml:id="o4986-522740"
            n="246-a-0760"
            ecep:lem="resign"
            ecep:pos="vvb"
            ecep:reg="Resign"
            ecep:spe="Resign"
            ecep:syllab="2"
            ecep:pron="rɪˈzaɪn">Resign</w>
         <c> </c>
         <w xml:id="o4986-522750"
            n="246-a-0770"
            ecep:lem="the"
            ecep:pos="dt"
            ecep:reg="the"
            ecep:spe="the"
            ecep:syllab="1"
            ecep:pron="ðiː">the</w>
         <c> </c>
         <w xml:id="o4986-522760"
            n="246-a-0780"
            ecep:lem="heart"
            ecep:pos="n1"
            ecep:reg="heart"
            ecep:spe="heart"
            ecep:syllab="1"
            ecep:pron="hɑːt">heart</w>
         <c> </c>
         <w xml:id="o4986-522770"
            n="246-a-0790"
            ecep:lem="to"
            ecep:pos="p-acp"
            ecep:reg="to"
            ecep:spe="to"
            ecep:syllab="1"
            ecep:pron="tuː">to</w>
         <c> </c>
         <w xml:id="o4986-522780"
            n="246-a-0800"
            ecep:lem="spleen"
            ecep:pos="n1"
            ecep:reg="Spleen"
            ecep:spe="Spleen"
            ecep:syllab="1"
            ecep:pron="spliːn">Spleen</w>
         <c> </c>
         <w xml:id="o4986-522790"
            n="246-a-0810"
            ecep:lem="and"
            ecep:pos="cc"
            ecep:reg="and"
            ecep:spe="and"
            ecep:syllab="1"
            ecep:pron="ænd">and</w>
         <c> </c>
         <w xml:id="o4986-522800"
            n="246-a-0820"
            ecep:lem="care"
            ecep:pos="n1"
            ecep:reg="Care"
            ecep:spe="Care"
            ecep:syllab="1"
            ecep:pron="keə">Care</w>
         <pc xml:id="o4986-522810"
             n="246-a-0830"
             ecep:lem=";"
             ecep:pos=";"
             ecep:reg=";"
             ecep:spe=";">;</pc>
      </l>
      <l xml:id="o4986-l28175">
         <c> </c>
         <w xml:id="o4986-522820"
            n="246-a-0840"
            ecep:lem="scarce"
            ecep:pos="av-j"
            ecep:reg="Scarce"
            ecep:spe="Scarce"
            ecep:syllab="1"
            ecep:pron="skeəs">Scarce</w>
         <c> </c>
         <w xml:id="o4986-522830"
            n="246-a-0850"
            ecep:lem="fright"
            ecep:pos="j-vvn"
            ecep:reg="frighted"
            ecep:spe="frighted"
            ecep:syllab="2"
            ecep:pron="fraɪtɪd">frighted</w>
         <c> </c>
         <w xml:id="o4986-522840"
            n="246-a-0860"
            ecep:lem="love"
            ecep:pos="n1"
            ecep:reg="Love"
            ecep:spe="Love"
            ecep:syllab="1"
            ecep:pron="lʌv">Love</w>
         <c> </c>
         <w xml:id="o4986-522850"
            n="246-a-0870"
            ecep:lem="maintain"
            ecep:pos="vvz"
            ecep:reg="maintains"
            ecep:spe="maintains"
            ecep:syllab="2"
            ecep:pron="meɪnˈteɪnz">maintains</w>
         <c> </c>
         <w xml:id="o4986-522860"
            n="246-a-0880"
            ecep:lem="her"
            ecep:pos="po31"
            ecep:reg="her"
            ecep:spe="her"
            ecep:syllab="1"
            ecep:pron="hɜː">her</w>
         <c> </c>
         <w xml:id="o4986-522870"
            n="246-a-0890"
            ecep:lem="fire"
            ecep:pos="n1"
            ecep:reg="fire"
            ecep:spe="fire"
            ecep:syllab="1"
            ecep:pron="fæə">fire</w>
         <pc xml:id="o4986-522880"
             n="246-a-0900"
             ecep:lem=","
             ecep:pos=","
             ecep:reg=","
             ecep:spe=",">,</pc>
      </l>
      <l xml:id="o4986-l28180">
         <c> </c>
         <w xml:id="o4986-522890"
            n="246-a-0910"
            ecep:lem="and"
            ecep:pos="cc"
            ecep:reg="And"
            ecep:spe="And"
            ecep:syllab="1"
            ecep:pron="ænd">And</w>
         <c> </c>
         <w xml:id="o4986-522900"
            n="246-a-0920"
            ecep:lem="rapture"
            ecep:pos="n1"
            ecep:reg="Rapture"
            ecep:spe="Rapture"
            ecep:syllab="2"
            ecep:pron="ˈræptʃə">Rapture</w>
         <c> </c>
         <w xml:id="o4986-522910"
            n="246-a-0930"
            ecep:lem="sadden"
            ecep:pos="vvz"
            ecep:reg="saddens"
            ecep:spe="saddens"
            ecep:syllab="2"
            ecep:pron="ˈsædnz">saddens</w>
         <c> </c>
         <w xml:id="o4986-522920"
            n="246-a-0940"
            ecep:lem="to"
            ecep:pos="p-acp"
            ecep:reg="to"
            ecep:spe="to"
            ecep:syllab="1"
            ecep:pron="tuː">to</w>
         <c> </c>
         <w xml:id="o4986-522930"
            n="246-a-0950"
            ecep:lem="despair"
            ecep:pos="n1"
            ecep:reg="Despair"
            ecep:spe="Despair"
            ecep:syllab="2"
            ecep:pron="dɪˈspeə">Despair</w>
         <pc xml:id="o4986-522940"
             n="246-a-0960"
             unit="sentence"
             ecep:lem="."
             ecep:pos="."
             ecep:reg="."
             ecep:spe=".">.</pc>
         <c> </c>
      </l>
   </lg>
   <lg xml:id="o4986-s03515">
      <l xml:id="o4986-l28185">
         <w xml:id="o4986-522970"
            n="246-a-0970"
            ecep:lem="in"
            ecep:pos="p-acp"
            ecep:reg="In"
            ecep:spe="In"
            ecep:syllab="1"
            ecep:pron="ɪn">In</w>
         <c> </c>
         <w xml:id="o4986-522980"
            n="246-a-0980"
            ecep:lem="groundless"
            ecep:pos="j"
            ecep:reg="groundless"
            ecep:spe="groundless"
            ecep:syllab="2"
            ecep:pron="ˈgraʊndləs">groundless</w>
         <c> </c>
         <w xml:id="o4986-522990"
            n="246-a-0990"
            ecep:lem="hope"
            ecep:pos="n1"
            ecep:reg="hope"
            ecep:spe="hope"
            ecep:syllab="1"
            ecep:pron="həʊp">hope</w>
         <pc xml:id="o4986-523000"
             n="246-a-1000"
             ecep:lem=","
             ecep:pos=","
             ecep:reg=","
             ecep:spe=",">,</pc>
         <c> </c>
         <w xml:id="o4986-523010"
            n="246-a-1010"
            ecep:lem="and"
            ecep:pos="cc"
            ecep:reg="and"
            ecep:spe="and"
            ecep:syllab="1"
            ecep:pron="ænd">and</w>
         <c> </c>
         <w xml:id="o4986-523020"
            n="246-a-1020"
            ecep:lem="causeless"
            ecep:pos="j"
            ecep:reg="causeless"
            ecep:spe="causeless"
            ecep:syllab="2"
            ecep:pron="ˈkɔːzləs">causeless</w>
         <c> </c>
         <w xml:id="o4986-523030"
            n="246-a-1030"
            ecep:lem="fear"
            ecep:pos="n1"
            ecep:reg="fear"
            ecep:spe="fear"
            ecep:syllab="1"
            ecep:pron="fɪə">fear</w>
         <pc xml:id="o4986-523040"
             n="246-a-1040"
             ecep:lem=","
             ecep:pos=","
             ecep:reg=","
             ecep:spe=",">,</pc>
      </l>
      <l xml:id="o4986-l28190">
         <c> </c>
         <w xml:id="o4986-523050"
            n="246-a-1050"
            ecep:lem="unhappy"
            ecep:pos="j"
            ecep:reg="Unhappy"
            ecep:spe="Unhappy"
            ecep:syllab="3"
            ecep:pron="ʌnˈhæpi">Unhappy</w>
         <c> </c>
         <w xml:id="o4986-523060"
            n="246-a-1060"
            ecep:lem="man"
            ecep:pos="n1"
            ecep:reg="man"
            ecep:spe="man"
            ecep:syllab="1"
            ecep:pron="mæn">man</w>
         <pc xml:id="o4986-523070"
             n="246-a-1070"
             ecep:lem="!"
             ecep:pos="!"
             ecep:reg="!"
             ecep:spe="!">!</pc>
         <c> </c>
         <w xml:id="o4986-523080"
            n="246-a-1080"
            ecep:lem="behold"
            ecep:pos="vvb"
            ecep:reg="behold"
            ecep:spe="behold"
            ecep:syllab="2"
            ecep:pron="bɪˈhəʊld">behold</w>
         <c> </c>
         <w xml:id="o4986-523090"
            n="246-a-1090"
            ecep:lem="thy"
            ecep:pos="po21"
            ecep:reg="thy"
            ecep:spe="thy"
            ecep:syllab="1"
            ecep:pron="ðaɪ">thy</w>
         <c> </c>
         <w xml:id="o4986-523100"
            n="246-a-1100"
            ecep:lem="doom"
            ecep:pos="n1"
            ecep:reg="doom"
            ecep:spe="doom"
            ecep:syllab="1"
            ecep:pron="duːm">doom</w>
         <pc xml:id="o4986-523110"
             n="246-a-1110"
             ecep:lem=","
             ecep:pos=","
             ecep:reg=","
             ecep:spe=",">,</pc>
      </l>
      <l xml:id="o4986-l28195">
         <c> </c>
         <w xml:id="o4986-523120"
            n="246-a-1120"
            ecep:lem="still"
            ecep:pos="av"
            ecep:reg="Still"
            ecep:spe="Still"
            ecep:syllab="1"
            ecep:pron="stɪl">Still</w>
         <c> </c>
         <w xml:id="o4986-523130"
            n="246-a-1130"
            ecep:lem="change"
            ecep:pos="vvg"
            ecep:reg="changing"
            ecep:spe="changing"
            ecep:syllab="2"
            ecep:pron="tʃeɪndʒɪŋ">changing</w>
         <c> </c>
         <w xml:id="o4986-523140"
            n="246-a-1140"
            ecep:lem="with"
            ecep:pos="p-acp"
            ecep:reg="with"
            ecep:spe="with"
            ecep:syllab="1"
            ecep:pron="wɪð">with</w>
         <c> </c>
         <w xml:id="o4986-523150"
            n="246-a-1150"
            ecep:lem="the"
            ecep:pos="dt"
            ecep:reg="the"
            ecep:spe="the"
            ecep:syllab="1"
            ecep:pron="ðiː">the</w>
         <c> </c>
         <w xml:id="o4986-523160"
            n="246-a-1160"
            ecep:lem="changeful"
            ecep:pos="j"
            ecep:reg="changeful"
            ecep:spe="changeful"
            ecep:syllab="2"
            ecep:pron="ˈtʃeɪndʒfl">changeful</w>
         <c> </c>
         <w xml:id="o4986-523170"
            n="246-a-1170"
            ecep:lem="year"
            ecep:pos="n1"
            ecep:reg="year"
            ecep:spe="year"
            ecep:syllab="1"
            ecep:pron="jɪə">year</w>
         <pc xml:id="o4986-523180"
             n="246-a-1180"
             ecep:lem=","
             ecep:pos=","
             ecep:reg=","
             ecep:spe=",">,</pc>
      </l>
      <l xml:id="o4986-l28200">
         <c> </c>
         <w xml:id="o4986-523190"
            n="246-a-1190"
            ecep:lem="the"
            ecep:pos="dt"
            ecep:reg="The"
            ecep:spe="The"
            ecep:syllab="1"
            ecep:pron="ðiː">The</w>
         <c> </c>
         <w xml:id="o4986-523200"
            n="246-a-1200"
            ecep:lem="slave"
            ecep:pos="n1"
            ecep:reg="slave"
            ecep:spe="slave"
            ecep:syllab="1"
            ecep:pron="sleɪv">slave</w>
         <c> </c>
         <w xml:id="o4986-523210"
            n="246-a-1210"
            ecep:lem="of"
            ecep:pos="pp-f"
            ecep:reg="of"
            ecep:spe="of"
            ecep:syllab="1"
            ecep:pron="ɒv">of</w>
         <c> </c>
         <w xml:id="o4986-523220"
            n="246-a-1220"
            ecep:lem="sunshine"
            ecep:pos="n1"
            ecep:reg="sunshine"
            ecep:spe="sunshine"
            ecep:syllab="2"
            ecep:pron="ˈsʌnʃaɪn">sunshine</w>
         <c> </c>
         <w xml:id="o4986-523230"
            n="246-a-1230"
            ecep:lem="and"
            ecep:pos="cc"
            ecep:reg="and"
            ecep:spe="and"
            ecep:syllab="1"
            ecep:pron="ænd">and</w>
         <c> </c>
         <w xml:id="o4986-523240"
            n="246-a-1240"
            ecep:lem="of"
            ecep:pos="pp-f"
            ecep:reg="of"
            ecep:spe="of"
            ecep:syllab="1"
            ecep:pron="ɒv">of</w>
         <c> </c>
         <w xml:id="o4986-523250"
            n="246-a-1250"
            ecep:lem="gloom"
            ecep:pos="n1"
            ecep:reg="gloom"
            ecep:spe="gloom"
            ecep:syllab="1"
            ecep:pron="gluːm">gloom</w>
         <pc xml:id="o4986-523260"
             n="246-a-1260"
             unit="sentence"
             ecep:lem="."
             ecep:pos="."
             ecep:reg="."
             ecep:spe=".">.</pc>
         <c> </c>
      </l>
   </lg>
   <pb facs="247" n="245" rend="none"/>
   <lg xml:id="o4986-s03520">
      <l xml:id="o4986-l28205">
         <w xml:id="o4986-523290"
            n="247-a-0010"
            ecep:lem="tire"
            ecep:pos="vvn"
            ecep:reg="Tyred"
            ecep:spe="Tir'd"
            ecep:syllab="1"
            ecep:pron="tæəd">Tir'd</w>
         <c> </c>
         <w xml:id="o4986-523300"
            n="247-a-0020"
            ecep:lem="with"
            ecep:pos="p-acp"
            ecep:reg="with"
            ecep:spe="with"
            ecep:syllab="1"
            ecep:pron="wɪð">with</w>
         <c> </c>
         <w xml:id="o4986-523310"
            n="247-a-0030"
            ecep:lem="vain"
            ecep:pos="j"
            ecep:reg="vain"
            ecep:spe="vain"
            ecep:syllab="1"
            ecep:pron="veɪn">vain</w>
         <c> </c>
         <w xml:id="o4986-523320"
            n="247-a-0040"
            ecep:lem="joy"
            ecep:pos="n2"
            ecep:reg="joys"
            ecep:spe="joys"
            ecep:syllab="1"
            ecep:pron="dʒɔɪz">joys</w>
         <pc xml:id="o4986-523330"
             n="247-a-0050"
             ecep:lem=","
             ecep:pos=","
             ecep:reg=","
             ecep:spe=",">,</pc>
         <c> </c>
         <w xml:id="o4986-523340"
            n="247-a-0060"
            ecep:lem="and"
            ecep:pos="cc"
            ecep:reg="and"
            ecep:spe="and"
            ecep:syllab="1"
            ecep:pron="ænd">and</w>
         <c> </c>
         <w xml:id="o4986-523350"
            n="247-a-0070"
            ecep:lem="false"
            ecep:pos="j"
            ecep:reg="false"
            ecep:spe="false"
            ecep:syllab="1"
            ecep:pron="fɔːls">false</w>
         <c> </c>
         <w xml:id="o4986-523360"
            n="247-a-0080"
            ecep:lem="alarm"
            ecep:pos="n2"
            ecep:reg="alarms"
            ecep:spe="alarms"
            ecep:syllab="2"
            ecep:pron="əˈlɑːmz">alarms</w>
         <pc xml:id="o4986-523370"
             n="247-a-0090"
             ecep:lem=","
             ecep:pos=","
             ecep:reg=","
             ecep:spe=",">,</pc>
      </l>
      <l xml:id="o4986-l28210">
         <c> </c>
         <w xml:id="o4986-523380"
            n="247-a-0100"
            ecep:lem="with"
            ecep:pos="p-acp"
            ecep:reg="With"
            ecep:spe="With"
            ecep:syllab="1"
            ecep:pron="wɪð">With</w>
         <c> </c>
         <w xml:id="o4986-523390"
            n="247-a-0110"
            ecep:lem="mental"
            ecep:pos="j"
            ecep:reg="mental"
            ecep:spe="mental"
            ecep:syllab="2"
            ecep:pron="ˈmentl">mental</w>
         <c> </c>
         <w xml:id="o4986-523400"
            n="247-a-0120"
            ecep:lem="and"
            ecep:pos="cc"
            ecep:reg="and"
            ecep:spe="and"
            ecep:syllab="1"
            ecep:pron="ænd">and</w>
         <c> </c>
         <w xml:id="o4986-523410"
            n="247-a-0130"
            ecep:lem="corporeal"
            ecep:pos="j"
            ecep:reg="corporeal"
            ecep:spe="corporeal"
            ecep:syllab="4"
            ecep:pron="kɔːˈpɔːriəl">corporeal</w>
         <c> </c>
         <w xml:id="o4986-523420"
            n="247-a-0140"
            ecep:lem="strife"
            ecep:pos="n1"
            ecep:reg="strife"
            ecep:spe="strife"
            ecep:syllab="1"
            ecep:pron="straɪf">strife</w>
         <pc xml:id="o4986-523430"
             n="247-a-0150"
             ecep:lem=";"
             ecep:pos=";"
             ecep:reg=";"
             ecep:spe=";">;</pc>
      </l>
      <l xml:id="o4986-l28215">
         <c> </c>
         <w xml:id="o4986-523440"
            n="247-a-0160"
            ecep:lem="snatch"
            ecep:pos="vvb"
            ecep:reg="Snatch"
            ecep:spe="Snatch"
            ecep:syllab="1"
            ecep:pron="snætʃ">Snatch</w>
         <c> </c>
         <w xml:id="o4986-523450"
            n="247-a-0170"
            ecep:lem="i"
            ecep:pos="pno11"
            ecep:reg="me"
            ecep:spe="me"
            ecep:syllab="1"
            ecep:pron="miː">me</w>
         <pc xml:id="o4986-523460"
             n="247-a-0180"
             ecep:lem=","
             ecep:pos=","
             ecep:reg=","
             ecep:spe=",">,</pc>
         <c> </c>
         <w xml:id="o4986-523470"
            n="247-a-0190"
            ecep:lem="my"
            ecep:pos="po11"
            ecep:reg="my"
            ecep:spe="my"
            ecep:syllab="1"
            ecep:pron="maɪ">my</w>
         <c> </c>
         <w xml:id="o4986-523480"
            n="247-a-0200"
            ecep:lem="Stella"
            ecep:pos="np1"
            ecep:reg="STELLA"
            ecep:spe="STELLA"
            ecep:syllab="2"
            ecep:pron="ˈstelə">STELLA</w>
         <pc xml:id="o4986-523490"
             n="247-a-0210"
             ecep:lem=","
             ecep:pos=","
             ecep:reg=","
             ecep:spe=",">,</pc>
         <c> </c>
         <w xml:id="o4986-523500"
            n="247-a-0220"
            ecep:lem="to"
            ecep:pos="p-acp"
            ecep:reg="to"
            ecep:spe="to"
            ecep:syllab="1"
            ecep:pron="tuː">to</w>
         <c> </c>
         <w xml:id="o4986-523510"
            n="247-a-0230"
            ecep:lem="thy"
            ecep:pos="po21"
            ecep:reg="thy"
            ecep:spe="thy"
            ecep:syllab="1"
            ecep:pron="ðaɪ">thy</w>
         <c> </c>
         <w xml:id="o4986-523520"
            n="247-a-0240"
            ecep:lem="arm"
            ecep:pos="n2"
            ecep:reg="arms"
            ecep:spe="arms"
            ecep:syllab="1"
            ecep:pron="ɑːmz">arms</w>
         <pc xml:id="o4986-523530"
             n="247-a-0250"
             ecep:lem=","
             ecep:pos=","
             ecep:reg=","
             ecep:spe=",">,</pc>
      </l>
      <l xml:id="o4986-l28220">
         <c> </c>
         <w xml:id="o4986-523540"
            n="247-a-0260"
            ecep:lem="and"
            ecep:pos="cc"
            ecep:reg="And"
            ecep:spe="And"
            ecep:syllab="1"
            ecep:pron="ænd">And</w>
         <c> </c>
         <w xml:id="o4986-523550"
            n="247-a-0270"
            ecep:lem="screen"
            ecep:pos="n1"
            ecep:reg="screen"
            ecep:spe="screen"
            ecep:syllab="1"
            ecep:pron="skriːn">screen</w>
         <c> </c>
         <w xml:id="o4986-523560"
            n="247-a-0280"
            ecep:lem="i"
            ecep:pos="pno11"
            ecep:reg="me"
            ecep:spe="me"
            ecep:syllab="1"
            ecep:pron="miː">me</w>
         <c> </c>
         <w xml:id="o4986-523570"
            n="247-a-0290"
            ecep:lem="from"
            ecep:pos="p-acp"
            ecep:reg="from"
            ecep:spe="from"
            ecep:syllab="1"
            ecep:pron="frɒm">from</w>
         <c> </c>
         <w xml:id="o4986-523580"
            n="247-a-0300"
            ecep:lem="the"
            ecep:pos="dt"
            ecep:reg="the"
            ecep:spe="the"
            ecep:syllab="1"
            ecep:pron="ðiː">the</w>
         <c> </c>
         <w xml:id="o4986-523590"
            n="247-a-0310"
            ecep:lem="ill"
            ecep:pos="n2-jn"
            ecep:reg="ills"
            ecep:spe="ills"
            ecep:syllab="1"
            ecep:pron="ɪlz">ills</w>
         <c> </c>
         <w xml:id="o4986-523600"
            n="247-a-0320"
            ecep:lem="of"
            ecep:pos="pp-f"
            ecep:reg="of"
            ecep:spe="of"
            ecep:syllab="1"
            ecep:pron="ɒv">of</w>
         <c> </c>
         <w xml:id="o4986-523610"
            n="247-a-0330"
            ecep:lem="life"
            ecep:pos="n1"
            ecep:reg="Life"
            ecep:spe="Life"
            ecep:syllab="1"
            ecep:pron="laɪf">Life</w>
         <pc xml:id="o4986-523620"
             n="247-a-0340"
             unit="sentence"
             ecep:lem="."
             ecep:pos="."
             ecep:reg="."
             ecep:spe=".">.</pc>
         <c> </c>
      </l>
   </lg>
</div>
