<?xml version="1.0" encoding="utf-8"?>
<!DOCTYPE div
  SYSTEM "about:legacy-compat">
<div xmlns:ecep="http://www.eighteenthcenturypoetry.org/ns"
     xmlns="http://www.tei-c.org/ns/1.0"
     xmlns:tei="http://www.tei-c.org/ns/1.0"
     ana="#iamb #tetrameter #couplet #pair #occasional"
     corresp="#txt_BarbMa1685_w0033"
     decls="#semi-normalized"
     ecep:syllab="8"
     met="-+|-+|-+|-+/"
     rendition="#lgvspace"
     rhyme="aa"
     subtype="eceptext"
     type="poem"
     xml:id="pba35-w0330">
   <link target="authors.xml#aut_BarbMa1685" type="author"/>
   <link target="11376" type="DMI"/>
   <head type="main">
      <w xml:id="pba35-093600"
         n="a-0010"
         ecep:lem="on"
         ecep:pos="p-acp"
         ecep:reg="On"
         ecep:spe="On"
         ecep:syllab="1"
         ecep:pron="ɒn">On</w>
      <c> </c>
      <w xml:id="pba35-093610"
         n="a-0020"
         ecep:lem="send"
         ecep:pos="vvg"
         ecep:reg="sending"
         ecep:spe="sending"
         ecep:syllab="2"
         ecep:pron="sendɪŋ">sending</w>
      <c> </c>
      <rs ref="authors.xml#aut_BarbCo1714" type="name">
         <w xml:id="pba35-093620"
            n="a-0030"
            ecep:lem="my"
            ecep:pos="po11"
            ecep:reg="my"
            ecep:spe="my"
            ecep:syllab="1"
            ecep:pron="maɪ">my</w>
         <c> </c>
         <w xml:id="pba35-093630"
            n="a-0040"
            ecep:lem="son"
            ecep:pos="n1"
            ecep:reg="Son"
            ecep:spe="Son"
            ecep:syllab="1"
            ecep:pron="sʌn">Son</w>
      </rs>
      <pc xml:id="pba35-093640"
          n="a-0050"
          ecep:lem=","
          ecep:pos=","
          ecep:reg=","
          ecep:spe=",">,</pc>
      <c> </c>
      <w xml:id="pba35-093650"
         n="a-0060"
         ecep:lem="as"
         ecep:pos="c-acp"
         ecep:reg="as"
         ecep:spe="as"
         ecep:syllab="1"
         ecep:pron="æz">as</w>
      <c> </c>
      <w xml:id="pba35-093660"
         n="a-0070"
         ecep:lem="a"
         ecep:pos="dt"
         ecep:reg="a"
         ecep:spe="a"
         ecep:syllab="1"
         ecep:pron="ə">a</w>
      <c> </c>
      <w xml:id="pba35-093670"
         n="a-0080"
         ecep:lem="present"
         ecep:pos="j"
         ecep:reg="Present"
         ecep:spe="Present"
         ecep:syllab="2"
         ecep:pron="ˈpreznt">Present</w>
      <pc xml:id="pba35-093680"
          n="a-0090"
          ecep:lem=","
          ecep:pos=","
          ecep:reg=","
          ecep:spe=",">,</pc>
      <c> </c>
      <w xml:id="pba35-093690"
         n="a-0100"
         ecep:lem="to"
         ecep:pos="p-acp"
         ecep:reg="to"
         ecep:spe="to"
         ecep:syllab="1"
         ecep:pron="tuː">to</w>
      <c> </c>
      <persName ref="authors.xml#aut_SwifJo1667">
         <w xml:id="pba35-093700"
            n="a-0110"
            ecep:lem="dr."
            ecep:pos="n1"
            ecep:reg="Dr."
            ecep:spe="Dr."
            ecep:syllab="2"
            ecep:pron="dˈɒktə">Dr.</w>
         <c> </c>
         <w xml:id="pba35-093710"
            n="a-0120"
            ecep:lem="swift"
            ecep:pos="j"
            ecep:reg="Swift"
            ecep:spe="Swift"
            ecep:syllab="1"
            ecep:pron="swɪft">Swift</w>
      </persName>
      <pc xml:id="pba35-093720"
          n="a-0130"
          ecep:lem=","
          ecep:pos=","
          ecep:reg=","
          ecep:spe=",">,</pc>
      <c> </c>
      <w xml:id="pba35-093730"
         n="a-0140"
         ecep:lem="Dean"
         ecep:pos="np1"
         ecep:reg="Dean"
         ecep:spe="Dean"
         ecep:syllab="1"
         ecep:pron="diːn">Dean</w>
      <c> </c>
      <w xml:id="pba35-093740"
         n="a-0150"
         ecep:lem="of"
         ecep:pos="pp-f"
         ecep:reg="of"
         ecep:spe="of"
         ecep:syllab="1"
         ecep:pron="ɒv">of</w>
      <c> </c>
      <w xml:id="pba35-093750"
         n="a-0160"
         ecep:lem="saint"
         ecep:pos="n1"
         ecep:reg="St."
         ecep:spe="St."
         ecep:syllab="1"
         ecep:pron="sn">St.</w>
      <c> </c>
      <w xml:id="pba35-093760"
         n="a-0170"
         ecep:lem="Patrick"
         ecep:pos="npg1"
         ecep:reg="Patrick's"
         ecep:spe="Patrick's"
         ecep:syllab="2"
         ecep:pron="ˈpætrɪks">Patrick's</w>
      <pc xml:id="pba35-093790"
          n="a-0200"
          ecep:lem=","
          ecep:pos=","
          ecep:reg=","
          ecep:spe=",">,</pc>
      <c> </c>
      <w xml:id="pba35-093800"
         n="a-0210"
         ecep:lem="on"
         ecep:pos="p-acp"
         ecep:reg="on"
         ecep:spe="on"
         ecep:syllab="1"
         ecep:pron="ɒn">on</w>
      <c> </c>
      <w xml:id="pba35-093810"
         n="a-0220"
         ecep:lem="his"
         ecep:pos="po31"
         ecep:reg="his"
         ecep:spe="his"
         ecep:syllab="1"
         ecep:pron="hɪz">his</w>
      <c> </c>
      <w xml:id="pba35-093820"
         n="a-0230"
         ecep:lem="birthday"
         ecep:pos="n1"
         ecep:reg="Birth-Day"
         ecep:spe="Birth-Day"
         ecep:syllab="2"
         ecep:pron="bɜːθˌdeɪ">Birth-Day</w>
      <pc xml:id="pba35-093830"
          n="a-0240"
          unit="sentence"
          ecep:lem="."
          ecep:pos="."
          ecep:reg="."
          ecep:spe=".">.</pc>
   </head>
   <lg xml:id="pba35-s00590">
      <l n="1" xml:id="pba35-l04755">
         <hi rendition="#sc">
            <w xml:id="pba35-093860"
               n="a-0250"
               ecep:lem="a"
               ecep:pos="dt"
               ecep:reg="A"
               ecep:spe="A"
               ecep:syllab="1"
               ecep:pron="ə">A</w>
         </hi>
         <c> </c>
         <w xml:id="pba35-093870"
            n="a-0260"
            ecep:lem="curious"
            ecep:pos="j"
            ecep:reg="Curious"
            ecep:spe="Curious"
            ecep:syllab="3"
            ecep:pron="ˈkjʊəriəs">Curious</w>
         <c> </c>
         <w xml:id="pba35-093880"
            n="a-0270"
            ecep:lem="statue"
            ecep:pos="n1"
            ecep:reg="Statue"
            ecep:spe="Statue"
            ecep:syllab="2"
            ecep:pron="ˈstætʃuː">Statue</w>
         <pc xml:id="pba35-093890"
             n="a-0280"
             ecep:lem=","
             ecep:pos=","
             ecep:reg=","
             ecep:spe=",">,</pc>
         <c> </c>
         <w xml:id="pba35-093900"
            n="a-0290"
            ecep:lem="we"
            ecep:pos="pns12"
            ecep:reg="we"
            ecep:spe="we"
            ecep:syllab="1"
            ecep:pron="wiː">we</w>
         <c> </c>
         <w xml:id="pba35-093910"
            n="a-0300"
            ecep:lem="be"
            ecep:pos="vbr"
            ecep:reg="are"
            ecep:spe="are"
            ecep:syllab="1"
            ecep:pron="ɑː">are</w>
         <c> </c>
         <w xml:id="pba35-093920"
            n="a-0310"
            ecep:lem="tell"
            ecep:pos="vvn"
            ecep:reg="told"
            ecep:spe="told"
            ecep:syllab="1"
            ecep:pron="təʊld">told</w>
         <pc xml:id="pba35-093930"
             n="a-0320"
             ecep:lem=","
             ecep:pos=","
             ecep:reg=","
             ecep:spe=",">,</pc>
      </l>
      <l n="2" xml:id="pba35-l04760">
         <c> </c>
         <w xml:id="pba35-093940"
            n="a-0330"
            ecep:lem="be"
            ecep:pos="vbz"
            ecep:reg="Is"
            ecep:spe="Is"
            ecep:syllab="1"
            ecep:pron="ɪz">Is</w>
         <c> </c>
         <w xml:id="pba35-093950"
            n="a-0340"
            ecep:lem="prize"
            ecep:pos="vvn"
            ecep:reg="prised"
            ecep:spe="priz'd"
            ecep:syllab="1"
            ecep:pron="praɪzd">priz'd</w>
         <c> </c>
         <w xml:id="pba35-093960"
            n="a-0350"
            ecep:lem="above"
            ecep:pos="p-acp"
            ecep:reg="above"
            ecep:spe="above"
            ecep:syllab="2"
            ecep:pron="əˈbʌv">above</w>
         <c> </c>
         <w xml:id="pba35-093970"
            n="a-0360"
            ecep:lem="its"
            ecep:pos="po31"
            ecep:reg="its"
            ecep:spe="its"
            ecep:syllab="1"
            ecep:pron="ɪts">its</w>
         <c> </c>
         <w xml:id="pba35-093980"
            n="a-0370"
            ecep:lem="weight"
            ecep:pos="n1"
            ecep:reg="Weight"
            ecep:spe="Weight"
            ecep:syllab="1"
            ecep:pron="weɪt">Weight</w>
         <c> </c>
         <w xml:id="pba35-093990"
            n="a-0380"
            ecep:lem="in"
            ecep:pos="p-acp"
            ecep:reg="in"
            ecep:spe="in"
            ecep:syllab="1"
            ecep:pron="ɪn">in</w>
         <c> </c>
         <w xml:id="pba35-094000"
            n="a-0390"
            ecep:lem="gold"
            ecep:pos="n1"
            ecep:reg="Gold"
            ecep:spe="Gold"
            ecep:syllab="1"
            ecep:pron="gəʊld">Gold</w>
         <pc xml:id="pba35-094010"
             n="a-0400"
             ecep:lem=";"
             ecep:pos=";"
             ecep:reg=";"
             ecep:spe=";">;</pc>
      </l>
      <l n="3" xml:id="pba35-l04765">
         <c> </c>
         <w xml:id="pba35-094020"
            n="a-0410"
            ecep:lem="if"
            ecep:pos="cs"
            ecep:reg="If"
            ecep:spe="If"
            ecep:syllab="1"
            ecep:pron="ɪf">If</w>
         <c> </c>
         <w xml:id="pba35-094030"
            n="a-0420"
            ecep:lem="the"
            ecep:pos="dt"
            ecep:reg="the"
            ecep:spe="the"
            ecep:syllab="1"
            ecep:pron="ðiː">the</w>
         <c> </c>
         <w xml:id="pba35-094040"
            n="a-0430"
            ecep:lem="fair"
            ecep:pos="j"
            ecep:reg="fair"
            ecep:spe="fair"
            ecep:syllab="1"
            ecep:pron="feə">fair</w>
         <c> </c>
         <w xml:id="pba35-094050"
            n="a-0440"
            ecep:lem="form"
            ecep:pos="n1"
            ecep:reg="Form"
            ecep:spe="Form"
            ecep:syllab="1"
            ecep:pron="fɔːm">Form</w>
         <c> </c>
         <w xml:id="pba35-094060"
            n="a-0450"
            ecep:lem="the"
            ecep:pos="dt"
            ecep:reg="the"
            ecep:spe="the"
            ecep:syllab="1"
            ecep:pron="ðiː">the</w>
         <c> </c>
         <w xml:id="pba35-094070"
            n="a-0460"
            ecep:lem="hand"
            ecep:pos="n1"
            ecep:reg="Hand"
            ecep:spe="Hand"
            ecep:syllab="1"
            ecep:pron="hænd">Hand</w>
         <c> </c>
         <w xml:id="pba35-094080"
            n="a-0470"
            ecep:lem="confess"
            ecep:pos="vvi"
            ecep:reg="confess"
            ecep:spe="confess"
            ecep:syllab="2"
            ecep:pron="kənˈfes">confess</w>
      </l>
      <l n="4" xml:id="pba35-l04770">
         <c> </c>
         <w xml:id="pba35-094090"
            n="a-0480"
            ecep:lem="of"
            ecep:pos="pp-f"
            ecep:reg="Of"
            ecep:spe="Of"
            ecep:syllab="1"
            ecep:pron="ɒv">Of</w>
         <note n="*" place="bottom" xml:id="pba35-n00055">
            <w xml:id="pba35-094160"
               n="a-0490"
               ecep:lem="two"
               ecep:pos="crd"
               ecep:reg="Two"
               ecep:spe="Two"
               ecep:syllab="1"
               ecep:pron="tuː">Two</w>
            <c> </c>
            <w xml:id="pba35-094170"
               n="a-0500"
               ecep:lem="famous"
               ecep:pos="j"
               ecep:reg="famous"
               ecep:spe="famous"
               ecep:syllab="2"
               ecep:pron="ˈfeɪməs">famous</w>
            <c> </c>
            <w xml:id="pba35-094180"
               n="a-0510"
               ecep:lem="statuary"
               ecep:pos="n2"
               ecep:reg="Statuaries"
               ecep:spe="Statuaries"
               ecep:syllab="4"
               ecep:pron="ˈstætʃuəriz">Statuaries</w>
            <pc xml:id="pba35-094190"
                n="a-0520"
                unit="sentence"
                ecep:lem="."
                ecep:pos="."
                ecep:reg="."
                ecep:spe=".">.</pc>
         </note>
         <c> </c>
         <hi>
            <w xml:id="pba35-094100"
               n="a-0530"
               ecep:lem="Phidias"
               ecep:pos="np1"
               ecep:reg="Phidias"
               ecep:spe="Phidias"
               ecep:syllab="3"
               ecep:pron="ˈfɪdɪæs">Phidias</w>
         </hi>
         <pc xml:id="pba35-094110"
             n="a-0540"
             ecep:lem=","
             ecep:pos=","
             ecep:reg=","
             ecep:spe=",">,</pc>
         <c> </c>
         <w xml:id="pba35-094120"
            n="a-0550"
            ecep:lem="or"
            ecep:pos="cc"
            ecep:reg="or"
            ecep:spe="or"
            ecep:syllab="1"
            ecep:pron="ɔː">or</w>
         <c> </c>
         <hi>
            <w xml:id="pba35-094130"
               n="a-0560"
               ecep:lem="Praxiteles"
               ecep:pos="np1"
               ecep:reg="Praxiteles"
               ecep:spe="Praxiteles"
               ecep:syllab="4"
               ecep:pron="prækˈsɪtəliːz">Praxiteles</w>
         </hi>
         <pc xml:id="pba35-094140"
             n="a-0570"
             ecep:lem=":"
             ecep:pos=":"
             ecep:reg=":"
             ecep:spe=":">:</pc>
      </l>
      <l n="5" xml:id="pba35-l04775">
         <c> </c>
         <w xml:id="pba35-094200"
            n="a-0580"
            ecep:lem="but"
            ecep:pos="cc-acp"
            ecep:reg="But"
            ecep:spe="But"
            ecep:syllab="1"
            ecep:pron="bʌt">But</w>
         <c> </c>
         <w xml:id="pba35-094210"
            n="a-0590"
            ecep:lem="if"
            ecep:pos="cs"
            ecep:reg="if"
            ecep:spe="if"
            ecep:syllab="1"
            ecep:pron="ɪf">if</w>
         <c> </c>
         <w xml:id="pba35-094220"
            n="a-0600"
            ecep:lem="the"
            ecep:pos="dt"
            ecep:reg="the"
            ecep:spe="the"
            ecep:syllab="1"
            ecep:pron="ðiː">the</w>
         <c> </c>
         <w xml:id="pba35-094230"
            n="a-0610"
            ecep:lem="artist"
            ecep:pos="n1"
            ecep:reg="Artist"
            ecep:spe="Artist"
            ecep:syllab="2"
            ecep:pron="ˈɑːtɪst">Artist</w>
         <c> </c>
         <w xml:id="pba35-094240"
            n="a-0620"
            ecep:lem="can"
            ecep:pos="vmd"
            ecep:reg="could"
            ecep:spe="could"
            ecep:syllab="1"
            ecep:pron="kʊd">could</w>
         <c> </c>
         <w xml:id="pba35-094250"
            n="a-0630"
            ecep:lem="inspire"
            ecep:pos="vvi"
            ecep:reg="inspire"
            ecep:spe="inspire"
            ecep:syllab="2"
            ecep:pron="ɪnˈspæə">inspire</w>
      </l>
      <l n="6" xml:id="pba35-l04780">
         <c> </c>
         <w xml:id="pba35-094260"
            n="a-0640"
            ecep:lem="the"
            ecep:pos="dt"
            ecep:reg="The"
            ecep:spe="The"
            ecep:syllab="1"
            ecep:pron="ðiː">The</w>
         <c> </c>
         <w xml:id="pba35-094270"
            n="a-0650"
            ecep:lem="small"
            ecep:pos="js"
            ecep:reg="smallest"
            ecep:spe="smallest"
            ecep:syllab="2"
            ecep:pron="smɔːlɪst">smallest</w>
         <c> </c>
         <w xml:id="pba35-094280"
            n="a-0660"
            ecep:lem="spark"
            ecep:pos="n1"
            ecep:reg="Spark"
            ecep:spe="Spark"
            ecep:syllab="1"
            ecep:pron="spɑːk">Spark</w>
         <c> </c>
         <w xml:id="pba35-094290"
            n="a-0670"
            ecep:lem="of"
            ecep:pos="pp-f"
            ecep:reg="of"
            ecep:spe="of"
            ecep:syllab="1"
            ecep:pron="ɒv">of</w>
         <c> </c>
         <w xml:id="pba35-094300"
            n="a-0680"
            ecep:lem="heavenly"
            ecep:pos="j"
            ecep:reg="heavenly"
            ecep:spe="heav'nly"
            ecep:syllab="2"
            ecep:pron="ˈhevnli">heav'nly</w>
         <c> </c>
         <w xml:id="pba35-094310"
            n="a-0690"
            ecep:lem="fire"
            ecep:pos="n1"
            ecep:reg="Fire"
            ecep:spe="Fire"
            ecep:syllab="1"
            ecep:pron="fæə">Fire</w>
         <pc xml:id="pba35-094320"
             n="a-0700"
             ecep:lem=","
             ecep:pos=","
             ecep:reg=","
             ecep:spe=",">,</pc>
      </l>
      <l n="7" xml:id="pba35-l04785">
         <c> </c>
         <w xml:id="pba35-094330"
            n="a-0710"
            ecep:lem="though"
            ecep:pos="c-acp"
            ecep:reg="Though"
            ecep:spe="Tho'"
            ecep:syllab="1"
            ecep:pron="ðəʊ">Tho'</w>
         <c> </c>
         <w xml:id="pba35-094340"
            n="a-0720"
            ecep:lem="but"
            ecep:pos="p-acp"
            ecep:reg="but"
            ecep:spe="but"
            ecep:syllab="1"
            ecep:pron="bʌt">but</w>
         <c> </c>
         <w xml:id="pba35-094350"
            n="a-0730"
            ecep:lem="enough"
            ecep:pos="d"
            ecep:reg="enough"
            ecep:spe="enough"
            ecep:syllab="2"
            ecep:pron="ɪˈnʌf">enough</w>
         <c> </c>
         <w xml:id="pba35-094360"
            n="a-0740"
            ecep:lem="to"
            ecep:pos="pc-acp"
            ecep:reg="to"
            ecep:spe="to"
            ecep:syllab="1"
            ecep:pron="tuː">to</w>
         <c> </c>
         <w xml:id="pba35-094370"
            n="a-0750"
            ecep:lem="make"
            ecep:pos="vvi"
            ecep:reg="make"
            ecep:spe="make"
            ecep:syllab="1"
            ecep:pron="meɪk">make</w>
         <c> </c>
         <w xml:id="pba35-094380"
            n="a-0760"
            ecep:lem="it"
            ecep:pos="pn31"
            ecep:reg="it"
            ecep:spe="it"
            ecep:syllab="1"
            ecep:pron="ɪt">it</w>
         <c> </c>
         <w xml:id="pba35-094390"
            n="a-0770"
            ecep:lem="walk"
            ecep:pos="vvi"
            ecep:reg="walk"
            ecep:spe="walk"
            ecep:syllab="1"
            ecep:pron="wɔːk">walk</w>
         <pc xml:id="pba35-094400"
             n="a-0780"
             ecep:lem=","
             ecep:pos=","
             ecep:reg=","
             ecep:spe=",">,</pc>
      </l>
      <l n="8" xml:id="pba35-l04790">
         <c> </c>
         <w xml:id="pba35-094410"
            n="a-0790"
            ecep:lem="salute"
            ecep:pos="vvb"
            ecep:reg="Salute"
            ecep:spe="Salute"
            ecep:syllab="2"
            ecep:pron="səˈluːt">Salute</w>
         <c> </c>
         <w xml:id="pba35-094420"
            n="a-0800"
            ecep:lem="the"
            ecep:pos="dt"
            ecep:reg="the"
            ecep:spe="the"
            ecep:syllab="1"
            ecep:pron="ðiː">the</w>
         <c> </c>
         <w xml:id="pba35-094430"
            n="a-0810"
            ecep:lem="company"
            ecep:pos="n1"
            ecep:reg="Company"
            ecep:spe="Company"
            ecep:syllab="3"
            ecep:pron="ˈkʌmpəni">Company</w>
         <pc xml:id="pba35-094440"
             n="a-0820"
             ecep:lem=","
             ecep:pos=","
             ecep:reg=","
             ecep:spe=",">,</pc>
         <c> </c>
         <w xml:id="pba35-094450"
            n="a-0830"
            ecep:lem="or"
            ecep:pos="cc"
            ecep:reg="or"
            ecep:spe="or"
            ecep:syllab="1"
            ecep:pron="ɔː">or</w>
         <c> </c>
         <w xml:id="pba35-094460"
            n="a-0840"
            ecep:lem="talk"
            ecep:pos="vvi"
            ecep:reg="talk"
            ecep:spe="talk"
            ecep:syllab="1"
            ecep:pron="tɔːk">talk</w>
         <pc xml:id="pba35-094470"
             n="a-0850"
             ecep:lem=";"
             ecep:pos=";"
             ecep:reg=";"
             ecep:spe=";">;</pc>
      </l>
      <l n="9" xml:id="pba35-l04795">
         <c> </c>
         <w xml:id="pba35-094480"
            n="a-0860"
            ecep:lem="this"
            ecep:pos="d"
            ecep:reg="This"
            ecep:spe="This"
            ecep:syllab="1"
            ecep:pron="ðɪs">This</w>
         <c> </c>
         <w xml:id="pba35-094490"
            n="a-0870"
            ecep:lem="will"
            ecep:pos="vmd"
            ecep:reg="would"
            ecep:spe="would"
            ecep:syllab="1"
            ecep:pron="wʊd">would</w>
         <c> </c>
         <w xml:id="pba35-094500"
            n="a-0880"
            ecep:lem="advance"
            ecep:pos="vvi"
            ecep:reg="advance"
            ecep:spe="advance"
            ecep:syllab="2"
            ecep:pron="ədˈvɑːns">advance</w>
         <c> </c>
         <w xml:id="pba35-094510"
            n="a-0890"
            ecep:lem="the"
            ecep:pos="dt"
            ecep:reg="the"
            ecep:spe="the"
            ecep:syllab="1"
            ecep:pron="ðiː">the</w>
         <c> </c>
         <w xml:id="pba35-094520"
            n="a-0900"
            ecep:lem="price"
            ecep:pos="n1"
            ecep:reg="Price"
            ecep:spe="Price"
            ecep:syllab="1"
            ecep:pron="praɪs">Price</w>
         <c> </c>
         <w xml:id="pba35-094530"
            n="a-0910"
            ecep:lem="so"
            ecep:pos="av"
            ecep:reg="so"
            ecep:spe="so"
            ecep:syllab="1"
            ecep:pron="səʊ">so</w>
         <c> </c>
         <w xml:id="pba35-094540"
            n="a-0920"
            ecep:lem="high"
            ecep:pos="j"
            ecep:reg="high"
            ecep:spe="high"
            ecep:syllab="1"
            ecep:pron="haɪ">high</w>
         <pc xml:id="pba35-094550"
             n="a-0930"
             ecep:lem=","
             ecep:pos=","
             ecep:reg=","
             ecep:spe=",">,</pc>
      </l>
      <l n="10" xml:id="pba35-l04800">
         <c> </c>
         <w xml:id="pba35-094560"
            n="a-0940"
            ecep:lem="what"
            ecep:pos="q-crq"
            ecep:reg="What"
            ecep:spe="What"
            ecep:syllab="1"
            ecep:pron="wɒt">What</w>
         <c> </c>
         <w xml:id="pba35-094570"
            n="a-0950"
            ecep:lem="prince"
            ecep:pos="n1"
            ecep:reg="Prince"
            ecep:spe="Prince"
            ecep:syllab="1"
            ecep:pron="prɪns">Prince</w>
         <c> </c>
         <w xml:id="pba35-094580"
            n="a-0960"
            ecep:lem="be"
            ecep:pos="vbdr"
            ecep:reg="were"
            ecep:spe="were"
            ecep:syllab="1"
            ecep:pron="wɜː">were</w>
         <c> </c>
         <w xml:id="pba35-094590"
            n="a-0970"
            ecep:lem="rich"
            ecep:pos="j"
            ecep:reg="rich"
            ecep:spe="rich"
            ecep:syllab="1"
            ecep:pron="rɪtʃ">rich</w>
         <c> </c>
         <w xml:id="pba35-094600"
            n="a-0980"
            ecep:lem="enough"
            ecep:pos="av-d"
            ecep:reg="enough"
            ecep:spe="enough"
            ecep:syllab="2"
            ecep:pron="ɪˈnʌf">enough</w>
         <c> </c>
         <w xml:id="pba35-094610"
            n="a-0990"
            ecep:lem="to"
            ecep:pos="pc-acp"
            ecep:reg="to"
            ecep:spe="to"
            ecep:syllab="1"
            ecep:pron="tuː">to</w>
         <c> </c>
         <w xml:id="pba35-094620"
            n="a-1000"
            ecep:lem="buy"
            ecep:pos="vvi"
            ecep:reg="buy"
            ecep:spe="buy"
            ecep:syllab="1"
            ecep:pron="baɪ">buy</w>
         <pc xml:id="pba35-094630"
             n="a-1010"
             unit="sentence"
             ecep:lem="?"
             ecep:pos="?"
             ecep:reg="?"
             ecep:spe="?">?</pc>
         <c> </c>
      </l>
      <l n="11" xml:id="pba35-l04805">
         <w xml:id="pba35-094640"
            n="a-1020"
            ecep:lem="such"
            ecep:pos="d"
            ecep:reg="Such"
            ecep:spe="Such"
            ecep:syllab="1"
            ecep:pron="sʌtʃ">Such</w>
         <c> </c>
         <w xml:id="pba35-094650"
            n="a-1030"
            ecep:lem="if"
            ecep:pos="cs"
            ecep:reg="if"
            ecep:spe="if"
            ecep:syllab="1"
            ecep:pron="ɪf">if</w>
         <c> </c>
         <hi>
            <w xml:id="pba35-094660"
               n="a-1040"
               ecep:lem="Hibernia"
               ecep:pos="np1"
               ecep:reg="Hibernia"
               ecep:spe="Hibernia"
               ecep:syllab="4"
               ecep:pron="haɪˈbɜːniə">Hibernia</w>
         </hi>
         <c> </c>
         <w xml:id="pba35-094670"
            n="a-1050"
            ecep:lem="can"
            ecep:pos="vmd"
            ecep:reg="could"
            ecep:spe="could"
            ecep:syllab="1"
            ecep:pron="kʊd">could</w>
         <c> </c>
         <w xml:id="pba35-094680"
            n="a-1060"
            ecep:lem="obtain"
            ecep:pos="vvi"
            ecep:reg="obtain"
            ecep:spe="obtain"
            ecep:syllab="2"
            ecep:pron="əbˈteɪn">obtain</w>
         <pc xml:id="pba35-094690"
             n="a-1070"
             ecep:lem=","
             ecep:pos=","
             ecep:reg=","
             ecep:spe=",">,</pc>
      </l>
      <l n="12" xml:id="pba35-l04810">
         <c> </c>
         <w xml:id="pba35-094700"
            n="a-1080"
            ecep:lem="she"
            ecep:pos="pns31"
            ecep:reg="She"
            ecep:spe="She"
            ecep:syllab="1"
            ecep:pron="ʃiː">She</w>
         <c> </c>
         <w xml:id="pba35-094710"
            n="a-1090"
            ecep:lem="sure"
            ecep:pos="av-j"
            ecep:reg="sure"
            ecep:spe="sure"
            ecep:syllab="1"
            ecep:pron="ʃɔː">sure</w>
         <c> </c>
         <w xml:id="pba35-094720"
            n="a-1100"
            ecep:lem="will"
            ecep:pos="vmd"
            ecep:reg="would"
            ecep:spe="would"
            ecep:syllab="1"
            ecep:pron="wʊd">would</w>
         <c> </c>
         <w xml:id="pba35-094730"
            n="a-1110"
            ecep:lem="give"
            ecep:pos="vvi"
            ecep:reg="give"
            ecep:spe="give"
            ecep:syllab="1"
            ecep:pron="gɪv">give</w>
         <c> </c>
         <w xml:id="pba35-094740"
            n="a-1120"
            ecep:lem="it"
            ecep:pos="pn31"
            ecep:reg="it"
            ecep:spe="it"
            ecep:syllab="1"
            ecep:pron="ɪt">it</w>
         <c> </c>
         <w xml:id="pba35-094750"
            n="a-1130"
            ecep:lem="to"
            ecep:pos="p-acp"
            ecep:reg="to"
            ecep:spe="to"
            ecep:syllab="1"
            ecep:pron="tuː">to</w>
         <c> </c>
         <w xml:id="pba35-094760"
            n="a-1140"
            ecep:lem="the"
            ecep:pos="dt"
            ecep:reg="the"
            ecep:spe="the"
            ecep:syllab="1"
            ecep:pron="ðiː">the</w>
         <c> </c>
         <hi>
            <w xml:id="pba35-094770"
               n="a-1150"
               ecep:lem="Dean"
               ecep:pos="np1"
               ecep:reg="Dean"
               ecep:spe="Dean"
               ecep:syllab="1"
               ecep:pron="diːn">Dean</w>
         </hi>
         <pc xml:id="pba35-094780"
             n="a-1160"
             ecep:lem=":"
             ecep:pos=":"
             ecep:reg=":"
             ecep:spe=":">:</pc>
      </l>
      <pb n="72" rend="none"/>
      <l n="13" xml:id="pba35-l04815">
         <c> </c>
         <w xml:id="pba35-094790"
            n="a-0010"
            ecep:lem="so"
            ecep:pos="av"
            ecep:reg="So"
            ecep:spe="So"
            ecep:syllab="1"
            ecep:pron="səʊ">So</w>
         <c> </c>
         <w xml:id="pba35-094800"
            n="a-0020"
            ecep:lem="to"
            ecep:pos="p-acp"
            ecep:reg="to"
            ecep:spe="to"
            ecep:syllab="1"
            ecep:pron="tuː">to</w>
         <c> </c>
         <w xml:id="pba35-094810"
            n="a-0030"
            ecep:lem="her"
            ecep:pos="po31"
            ecep:reg="her"
            ecep:spe="her"
            ecep:syllab="1"
            ecep:pron="hɜː">her</w>
         <c> </c>
         <w xml:id="pba35-094820"
            n="a-0040"
            ecep:lem="patriot"
            ecep:pos="n1"
            ecep:reg="Patriot"
            ecep:spe="Patriot"
            ecep:syllab="2"
            ecep:pron="ˈpeɪtriət">Patriot</w>
         <c> </c>
         <w xml:id="pba35-094830"
            n="a-0050"
            ecep:lem="shall"
            ecep:pos="vmd"
            ecep:reg="should"
            ecep:spe="should"
            ecep:syllab="1"
            ecep:pron="ʃʊd">should</w>
         <c> </c>
         <w xml:id="pba35-094840"
            n="a-0060"
            ecep:lem="she"
            ecep:pos="pns31"
            ecep:reg="she"
            ecep:spe="she"
            ecep:syllab="1"
            ecep:pron="ʃiː">she</w>
         <c> </c>
         <w xml:id="pba35-094850"
            n="a-0070"
            ecep:lem="pay"
            ecep:pos="vvi"
            ecep:reg="pay"
            ecep:spe="pay"
            ecep:syllab="1"
            ecep:pron="peɪ">pay</w>
      </l>
      <l n="14" xml:id="pba35-l04820">
         <c> </c>
         <w xml:id="pba35-094860"
            n="a-0080"
            ecep:lem="her"
            ecep:pos="po31"
            ecep:reg="Her"
            ecep:spe="Her"
            ecep:syllab="1"
            ecep:pron="hɜː">Her</w>
         <c> </c>
         <w xml:id="pba35-094870"
            n="a-0090"
            ecep:lem="thanks"
            ecep:pos="n2"
            ecep:reg="Thanks"
            ecep:spe="Thanks"
            ecep:syllab="1"
            ecep:pron="θæŋks">Thanks</w>
         <c> </c>
         <w xml:id="pba35-094880"
            n="a-0100"
            ecep:lem="upon"
            ecep:pos="p-acp"
            ecep:reg="upon"
            ecep:spe="upon"
            ecep:syllab="2"
            ecep:pron="əˈpɒn">upon</w>
         <c> </c>
         <w xml:id="pba35-094890"
            n="a-0110"
            ecep:lem="his"
            ecep:pos="po31"
            ecep:reg="his"
            ecep:spe="his"
            ecep:syllab="1"
            ecep:pron="hɪz">his</w>
         <c> </c>
         <w xml:id="pba35-094900"
            n="a-0120"
            ecep:lem="natal"
            ecep:pos="j"
            ecep:reg="natal"
            ecep:spe="natal"
            ecep:syllab="2"
            ecep:pron="ˈneɪtl">natal</w>
         <c> </c>
         <w xml:id="pba35-094910"
            n="a-0130"
            ecep:lem="day"
            ecep:pos="n1"
            ecep:reg="Day"
            ecep:spe="Day"
            ecep:syllab="1"
            ecep:pron="deɪ">Day</w>
         <pc xml:id="pba35-094920"
             n="a-0140"
             unit="sentence"
             ecep:lem="."
             ecep:pos="."
             ecep:reg="."
             ecep:spe=".">.</pc>
         <c> </c>
      </l>
   </lg>
   <lg xml:id="pba35-s00595">
      <l n="15" xml:id="pba35-l04825">
         <hi rendition="#sc">
            <w xml:id="pba35-094950"
               n="a-0150"
               ecep:lem="a"
               ecep:pos="dt"
               ecep:reg="A"
               ecep:spe="A"
               ecep:syllab="1"
               ecep:pron="ə">A</w>
            <c> </c>
            <w xml:id="pba35-094960"
               n="a-0160"
               ecep:lem="rich"
               ecep:pos="jc"
               ecep:reg="richer"
               ecep:spe="richer"
               ecep:syllab="2"
               ecep:pron="rɪtʃə">richer</w>
         </hi>
         <c> </c>
         <w xml:id="pba35-094970"
            n="a-0170"
            ecep:lem="present"
            ecep:pos="vvb"
            ecep:reg="Present"
            ecep:spe="Present"
            ecep:syllab="2"
            ecep:pron="ˈpreznt">Present</w>
         <c> </c>
         <w xml:id="pba35-094980"
            n="a-0180"
            ecep:lem="i"
            ecep:pos="pns11"
            ecep:reg="I"
            ecep:spe="I"
            ecep:syllab="1"
            ecep:pron="aɪ">I</w>
         <c> </c>
         <w xml:id="pba35-094990"
            n="a-0190"
            ecep:lem="design"
            ecep:pos="vvb"
            ecep:reg="design"
            ecep:spe="design"
            ecep:syllab="2"
            ecep:pron="dɪˈzaɪn">design</w>
         <pc xml:id="pba35-095000"
             n="a-0200"
             ecep:lem=","
             ecep:pos=","
             ecep:reg=","
             ecep:spe=",">,</pc>
      </l>
      <l n="16" xml:id="pba35-l04830">
         <c> </c>
         <w xml:id="pba35-095010"
            n="a-0210"
            ecep:lem="a"
            ecep:pos="dt"
            ecep:reg="A"
            ecep:spe="A"
            ecep:syllab="1"
            ecep:pron="ə">A</w>
         <c> </c>
         <w xml:id="pba35-095020"
            n="a-0220"
            ecep:lem="finish"
            ecep:pos="j-vvn"
            ecep:reg="finished"
            ecep:spe="finish'd"
            ecep:syllab="2"
            ecep:pron="ˈfɪnɪʃt">finish'd</w>
         <c> </c>
         <w xml:id="pba35-095030"
            n="a-0230"
            ecep:lem="form"
            ecep:pos="n1"
            ecep:reg="Form"
            ecep:spe="Form"
            ecep:syllab="1"
            ecep:pron="fɔːm">Form</w>
         <pc xml:id="pba35-095040"
             n="a-0240"
             ecep:lem=","
             ecep:pos=","
             ecep:reg=","
             ecep:spe=",">,</pc>
         <c> </c>
         <w xml:id="pba35-095050"
            n="a-0250"
            ecep:lem="of"
            ecep:pos="pp-f"
            ecep:reg="of"
            ecep:spe="of"
            ecep:syllab="1"
            ecep:pron="ɒv">of</w>
         <c> </c>
         <w xml:id="pba35-095060"
            n="a-0260"
            ecep:lem="work"
            ecep:pos="n1"
            ecep:reg="Work"
            ecep:spe="Work"
            ecep:syllab="1"
            ecep:pron="wɜːk">Work</w>
         <c> </c>
         <w xml:id="pba35-095070"
            n="a-0270"
            ecep:lem="divine"
            ecep:pos="j-jn"
            ecep:reg="divine"
            ecep:spe="divine"
            ecep:syllab="2"
            ecep:pron="dɪˈvaɪn">divine</w>
         <pc xml:id="pba35-095080"
             n="a-0280"
             ecep:lem=","
             ecep:pos=","
             ecep:reg=","
             ecep:spe=",">,</pc>
      </l>
      <l n="17" xml:id="pba35-l04835">
         <c> </c>
         <w xml:id="pba35-095090"
            n="a-0290"
            ecep:lem="surpass"
            ecep:pos="vvg"
            ecep:reg="Surpassing"
            ecep:spe="Surpassing"
            ecep:syllab="3"
            ecep:pron="səˈpɑːsɪŋ">Surpassing</w>
         <c> </c>
         <w xml:id="pba35-095100"
            n="a-0300"
            ecep:lem="all"
            ecep:pos="d"
            ecep:reg="all"
            ecep:spe="all"
            ecep:syllab="1"
            ecep:pron="ɔːl">all</w>
         <c> </c>
         <w xml:id="pba35-095110"
            n="a-0310"
            ecep:lem="the"
            ecep:pos="dt"
            ecep:reg="the"
            ecep:spe="the"
            ecep:syllab="1"
            ecep:pron="ðiː">the</w>
         <c> </c>
         <w xml:id="pba35-095120"
            n="a-0320"
            ecep:lem="power"
            ecep:pos="n1"
            ecep:reg="Power"
            ecep:spe="Power"
            ecep:syllab="1"
            ecep:pron="ˈpaʊə">Power</w>
         <c> </c>
         <w xml:id="pba35-095130"
            n="a-0330"
            ecep:lem="of"
            ecep:pos="pp-f"
            ecep:reg="of"
            ecep:spe="of"
            ecep:syllab="1"
            ecep:pron="ɒv">of</w>
         <c> </c>
         <w xml:id="pba35-095140"
            n="a-0340"
            ecep:lem="art"
            ecep:pos="n1"
            ecep:reg="Art"
            ecep:spe="Art"
            ecep:syllab="1"
            ecep:pron="ɑːt">Art</w>
         <pc xml:id="pba35-095150"
             n="a-0350"
             ecep:lem=","
             ecep:pos=","
             ecep:reg=","
             ecep:spe=",">,</pc>
      </l>
      <l n="18" xml:id="pba35-l04840">
         <c> </c>
         <w xml:id="pba35-095160"
            n="a-0360"
            ecep:lem="a"
            ecep:pos="dt"
            ecep:reg="A"
            ecep:spe="A"
            ecep:syllab="1"
            ecep:pron="ə">A</w>
         <c> </c>
         <w xml:id="pba35-095170"
            n="a-0370"
            ecep:lem="think"
            ecep:pos="vvg"
            ecep:reg="thinking"
            ecep:spe="thinking"
            ecep:syllab="2"
            ecep:pron="θɪŋkɪŋ">thinking</w>
         <c> </c>
         <w xml:id="pba35-095180"
            n="a-0380"
            ecep:lem="head"
            ecep:pos="n1"
            ecep:reg="Head"
            ecep:spe="Head"
            ecep:syllab="1"
            ecep:pron="hed">Head</w>
         <pc xml:id="pba35-095190"
             n="a-0390"
             ecep:lem=","
             ecep:pos=","
             ecep:reg=","
             ecep:spe=",">,</pc>
         <c> </c>
         <w xml:id="pba35-095200"
            n="a-0400"
            ecep:lem="and"
            ecep:pos="cc"
            ecep:reg="and"
            ecep:spe="and"
            ecep:syllab="1"
            ecep:pron="ænd">and</w>
         <c> </c>
         <w xml:id="pba35-095210"
            n="a-0410"
            ecep:lem="grateful"
            ecep:pos="j"
            ecep:reg="grateful"
            ecep:spe="grateful"
            ecep:syllab="2"
            ecep:pron="ˈgreɪtfl">grateful</w>
         <c> </c>
         <w xml:id="pba35-095220"
            n="a-0420"
            ecep:lem="heart"
            ecep:pos="n1"
            ecep:reg="Heart"
            ecep:spe="Heart"
            ecep:syllab="1"
            ecep:pron="hɑːt">Heart</w>
         <pc xml:id="pba35-095230"
             n="a-0430"
             ecep:lem=","
             ecep:pos=","
             ecep:reg=","
             ecep:spe=",">,</pc>
      </l>
      <l n="19" xml:id="pba35-l04845">
         <c> </c>
         <w xml:id="pba35-095240"
            n="a-0440"
            ecep:lem="a"
            ecep:pos="dt"
            ecep:reg="An"
            ecep:spe="An"
            ecep:syllab="1"
            ecep:pron="æn">An</w>
         <c> </c>
         <w xml:id="pba35-095250"
            n="a-0450"
            ecep:lem="heart"
            ecep:pos="n1"
            ecep:reg="Heart"
            ecep:spe="Heart"
            ecep:syllab="1"
            ecep:pron="hɑːt">Heart</w>
         <pc xml:id="pba35-095260"
             n="a-0460"
             ecep:lem=","
             ecep:pos=","
             ecep:reg=","
             ecep:spe=",">,</pc>
         <c> </c>
         <w xml:id="pba35-095270"
            n="a-0470"
            ecep:lem="that"
            ecep:pos="cst"
            ecep:reg="that"
            ecep:spe="that"
            ecep:syllab="1"
            ecep:pron="ðæt">that</w>
         <c> </c>
         <w xml:id="pba35-095280"
            n="a-0480"
            ecep:lem="hope"
            ecep:pos="n2"
            ecep:reg="hopes"
            ecep:spe="hopes"
            ecep:syllab="1"
            ecep:pron="həʊps">hopes</w>
         <pc xml:id="pba35-095290"
             n="a-0490"
             ecep:lem=","
             ecep:pos=","
             ecep:reg=","
             ecep:spe=",">,</pc>
         <c> </c>
         <w xml:id="pba35-095300"
            n="a-0500"
            ecep:lem="one"
            ecep:pos="crd"
            ecep:reg="one"
            ecep:spe="one"
            ecep:syllab="1"
            ecep:pron="wʌn">one</w>
         <c> </c>
         <w xml:id="pba35-095310"
            n="a-0510"
            ecep:lem="day"
            ecep:pos="n1"
            ecep:reg="Day"
            ecep:spe="Day"
            ecep:syllab="1"
            ecep:pron="deɪ">Day</w>
         <pc xml:id="pba35-095320"
             n="a-0520"
             ecep:lem=","
             ecep:pos=","
             ecep:reg=","
             ecep:spe=",">,</pc>
         <c> </c>
         <w xml:id="pba35-095330"
            n="a-0530"
            ecep:lem="to"
            ecep:pos="pc-acp"
            ecep:reg="to"
            ecep:spe="to"
            ecep:syllab="1"
            ecep:pron="tuː">to</w>
         <c> </c>
         <w xml:id="pba35-095340"
            n="a-0540"
            ecep:lem="show"
            ecep:pos="vvi"
            ecep:reg="show"
            ecep:spe="show"
            ecep:syllab="1"
            ecep:pron="ʃəʊ">show</w>
      </l>
      <l n="20" xml:id="pba35-l04850">
         <c> </c>
         <w xml:id="pba35-095350"
            n="a-0550"
            ecep:lem="how"
            ecep:pos="c-crq"
            ecep:reg="How"
            ecep:spe="How"
            ecep:syllab="1"
            ecep:pron="haʊ">How</w>
         <c> </c>
         <w xml:id="pba35-095360"
            n="a-0560"
            ecep:lem="much"
            ecep:pos="av-d"
            ecep:reg="much"
            ecep:spe="much"
            ecep:syllab="1"
            ecep:pron="mʌtʃ">much</w>
         <c> </c>
         <w xml:id="pba35-095370"
            n="a-0570"
            ecep:lem="we"
            ecep:pos="pns12"
            ecep:reg="we"
            ecep:spe="we"
            ecep:syllab="1"
            ecep:pron="wiː">we</w>
         <c> </c>
         <w xml:id="pba35-095380"
            n="a-0580"
            ecep:lem="to"
            ecep:pos="p-acp"
            ecep:reg="to"
            ecep:spe="to"
            ecep:syllab="1"
            ecep:pron="tuː">to</w>
         <c> </c>
         <w xml:id="pba35-095390"
            n="a-0590"
            ecep:lem="the"
            ecep:pos="dt"
            ecep:reg="the"
            ecep:spe="the"
            ecep:syllab="1"
            ecep:pron="ðiː">the</w>
         <c> </c>
         <hi rendition="#sc">
            <w xml:id="pba35-095400"
               n="a-0600"
               ecep:lem="drapier"
               ecep:pos="n1"
               ecep:reg="Drapier"
               ecep:spe="Drapier"
               ecep:syllab="2"
               ecep:pron="drˈeɪpɪə">Drapier</w>
         </hi>
         <c> </c>
         <w xml:id="pba35-095410"
            n="a-0610"
            ecep:lem="owe"
            ecep:pos="vvb"
            ecep:reg="owe"
            ecep:spe="owe"
            ecep:syllab="1"
            ecep:pron="əʊ">owe</w>
         <pc xml:id="pba35-095420"
             n="a-0620"
             unit="sentence"
             ecep:lem="."
             ecep:pos="."
             ecep:reg="."
             ecep:spe=".">.</pc>
         <c> </c>
      </l>
   </lg>
   <lg xml:id="pba35-s00600">
      <l n="21" xml:id="pba35-l04855">
         <hi rendition="#sc">
            <w xml:id="pba35-095450"
               n="a-0630"
               ecep:lem="king"
               ecep:pos="n2"
               ecep:reg="Kings"
               ecep:spe="Kings"
               ecep:syllab="1"
               ecep:pron="kɪŋz">Kings</w>
         </hi>
         <c> </c>
         <w xml:id="pba35-095460"
            n="a-0640"
            ecep:lem="can"
            ecep:pos="vmd"
            ecep:reg="could"
            ecep:spe="could"
            ecep:syllab="1"
            ecep:pron="kʊd">could</w>
         <c> </c>
         <w xml:id="pba35-095470"
            n="a-0650"
            ecep:lem="not"
            ecep:pos="xx"
            ecep:reg="not"
            ecep:spe="not"
            ecep:syllab="1"
            ecep:pron="nɒt">not</w>
         <c> </c>
         <w xml:id="pba35-095480"
            n="a-0660"
            ecep:lem="send"
            ecep:pos="vvi"
            ecep:reg="send"
            ecep:spe="send"
            ecep:syllab="1"
            ecep:pron="send">send</w>
         <c> </c>
         <w xml:id="pba35-095490"
            n="a-0670"
            ecep:lem="a"
            ecep:pos="dt"
            ecep:reg="a"
            ecep:spe="a"
            ecep:syllab="1"
            ecep:pron="ə">a</w>
         <c> </c>
         <hi>
            <w xml:id="pba35-095500"
               n="a-0680"
               ecep:lem="noble"
               ecep:pos="jc"
               ecep:reg="nobler"
               ecep:spe="nobler"
               ecep:syllab="2"
               ecep:pron="ˈnəʊblə">nobler</w>
         </hi>
         <c> </c>
         <w xml:id="pba35-095510"
            n="a-0690"
            ecep:lem="gift"
            ecep:pos="n1"
            ecep:reg="Gift"
            ecep:spe="Gift"
            ecep:syllab="1"
            ecep:pron="gɪft">Gift</w>
         <pc xml:id="pba35-095520"
             n="a-0700"
             ecep:lem=";"
             ecep:pos=";"
             ecep:reg=";"
             ecep:spe=";">;</pc>
      </l>
      <l n="22" xml:id="pba35-l04860">
         <c> </c>
         <w xml:id="pba35-095530"
            n="a-0710"
            ecep:lem="a"
            ecep:pos="dt"
            ecep:reg="A"
            ecep:spe="A"
            ecep:syllab="1"
            ecep:pron="ə">A</w>
         <c> </c>
         <hi>
            <w xml:id="pba35-095540"
               n="a-0720"
               ecep:lem="mean"
               ecep:pos="jc"
               ecep:reg="meaner"
               ecep:spe="meaner"
               ecep:syllab="2"
               ecep:pron="miːnə">meaner</w>
         </hi>
         <c> </c>
         <w xml:id="pba35-095550"
            n="a-0730"
            ecep:lem="be"
            ecep:pos="vbdr"
            ecep:reg="were"
            ecep:spe="were"
            ecep:syllab="1"
            ecep:pron="wɜː">were</w>
         <c> </c>
         <w xml:id="pba35-095560"
            n="a-0740"
            ecep:lem="unworthy"
            ecep:pos="j"
            ecep:reg="unworthy"
            ecep:spe="unworthy"
            ecep:syllab="3"
            ecep:pron="ʌnˈwɜːði">unworthy</w>
         <c> </c>
         <hi rendition="#sc">
            <w xml:id="pba35-095570"
               n="a-0750"
               ecep:lem="swift"
               ecep:pos="j"
               ecep:reg="Swift"
               ecep:spe="Swift"
               ecep:syllab="1"
               ecep:pron="swɪft">Swift</w>
            <pc xml:id="pba35-095580"
                n="a-0760"
                unit="sentence"
                ecep:lem="."
                ecep:pos="."
                ecep:reg="."
                ecep:spe=".">.</pc>
            <c> </c>
         </hi>
      </l>
   </lg>
   <trailer>
      <w xml:id="pba35-095610"
         n="a-0770"
         ecep:lem="Dublin"
         ecep:pos="np1"
         ecep:reg="Dublin"
         ecep:spe="Dublin"
         ecep:syllab="2"
         ecep:pron="ˈdʌblɪn">Dublin</w>
      <pc xml:id="pba35-095620"
          n="a-0780"
          ecep:lem=","
          ecep:pos=","
          ecep:reg=","
          ecep:spe=",">,</pc>
      <c> </c>
      <w xml:id="pba35-095630"
         n="a-0790"
         ecep:lem="Nov."
         ecep:pos="np1"
         ecep:reg="Nov."
         ecep:spe="Nov."
         ecep:syllab="1"
         ecep:pron="nˈɒv">Nov.</w>
      <c> </c>
      <w xml:id="pba35-095640"
         n="a-0800"
         ecep:lem="30"
         ecep:pos="crd"
         ecep:reg="30"
         ecep:spe="30"
         ecep:syllab="1"
         ecep:pron="θˈɜːti">30</w>
      <pc xml:id="pba35-095650"
          n="a-0810"
          ecep:lem=","
          ecep:pos=","
          ecep:reg=","
          ecep:spe=",">,</pc>
      <c> </c>
      <w xml:id="pba35-095660"
         n="a-0820"
         ecep:lem="1726."
         ecep:pos="crd"
         ecep:reg="1726."
         ecep:spe="1726."
         ecep:syllab="1"
         ecep:pron="wˈɒnθˈaʊzəndsˈevənhˈʌndrədəntwˈentisˈɪks">1726.</w>
      <pc unit="sentence" xml:id="pba35-095660-eos" n="a-0830"/>
   </trailer>
</div>
