<?xml version="1.0" encoding="utf-8"?>
<!DOCTYPE div
  SYSTEM "about:legacy-compat">
<div xmlns:ecep="http://www.eighteenthcenturypoetry.org/ns"
     xmlns="http://www.tei-c.org/ns/1.0"
     xmlns:tei="http://www.tei-c.org/ns/1.0"
     ana="#iamb #tetrameter #trimeter #cross #quatrain #song"
     corresp="#txt_FincAn1661_w0070"
     decls="#semi-normalized"
     ecep:syllab="8.6.8.6"
     met="-+|-+|-+|-+/ -+|-+|-+/ -+|-+|-+|-+/ -+|-+|-+/"
     rendition="#lgvspace"
     rhyme="abab"
     subtype="eceptext"
     type="poem"
     xml:id="o4784-w0700">
   <link target="authors.xml#aut_FincAn1661" type="author"/>
   <head type="main">
      <w xml:id="o4784-408060"
         n="271-a-0380"
         ecep:lem="moral"
         ecep:pos="j"
         ecep:reg="Moral"
         ecep:spe="Moral"
         ecep:syllab="2"
         ecep:pron="ˈmɒrl">Moral</w>
      <c> </c>
      <hi>
         <w xml:id="o4784-408070"
            n="271-a-0390"
            ecep:lem="song"
            ecep:pos="n1"
            ecep:reg="SONG"
            ecep:spe="SONG"
            ecep:syllab="1"
            ecep:pron="sɒŋ">SONG</w>
         <pc xml:id="o4784-408080"
             n="271-a-0400"
             unit="sentence"
             ecep:lem="."
             ecep:pos="."
             ecep:reg="."
             ecep:spe=".">.</pc>
         <c> </c>
      </hi>
   </head>
   <lg xml:id="o4784-s01570">
      <l xml:id="o4784-l22110">
         <w xml:id="o4784-408110"
            n="271-a-0410"
            ecep:lem="will"
            ecep:pos="vmd"
            ecep:reg="WOuld"
            ecep:spe="WOuld"
            ecep:syllab="1"
            ecep:pron="wʊd">WOuld</w>
         <c> </c>
         <w xml:id="o4784-408120"
            n="271-a-0420"
            ecep:lem="we"
            ecep:pos="pns12"
            ecep:reg="we"
            ecep:spe="we"
            ecep:syllab="1"
            ecep:pron="wiː">we</w>
         <c> </c>
         <w xml:id="o4784-408130"
            n="271-a-0430"
            ecep:lem="attain"
            ecep:pos="vvi"
            ecep:reg="attain"
            ecep:spe="attain"
            ecep:syllab="2"
            ecep:pron="əˈteɪn">attain</w>
         <c> </c>
         <w xml:id="o4784-408140"
            n="271-a-0440"
            ecep:lem="the"
            ecep:pos="dt"
            ecep:reg="the"
            ecep:spe="the"
            ecep:syllab="1"
            ecep:pron="ðiː">the</w>
         <c> </c>
         <w xml:id="o4784-408150"
            n="271-a-0450"
            ecep:lem="happy"
            ecep:pos="js"
            ecep:reg="happiest"
            ecep:spe="happiest"
            ecep:syllab="2"
            ecep:pron="ˈhæpiɪst">happiest</w>
         <c> </c>
         <w xml:id="o4784-408160"
            n="271-a-0460"
            ecep:lem="state"
            ecep:pos="n1"
            ecep:reg="State"
            ecep:spe="State"
            ecep:syllab="1"
            ecep:pron="steɪt">State</w>
         <pc xml:id="o4784-408170"
             n="271-a-0470"
             ecep:lem=","
             ecep:pos=","
             ecep:reg=","
             ecep:spe=",">,</pc>
      </l>
      <l xml:id="o4784-l22115">
         <c> </c>
         <w xml:id="o4784-408180"
            n="271-a-0480"
            ecep:lem="that"
            ecep:pos="cst"
            ecep:reg="That"
            ecep:spe="That"
            ecep:syllab="1"
            ecep:pron="ðæt">That</w>
         <c> </c>
         <w xml:id="o4784-408190"
            n="271-a-0490"
            ecep:lem="be"
            ecep:pos="vbz"
            ecep:reg="is"
            ecep:spe="is"
            ecep:syllab="1"
            ecep:pron="ɪz">is</w>
         <c> </c>
         <w xml:id="o4784-408200"
            n="271-a-0500"
            ecep:lem="design"
            ecep:pos="vvn"
            ecep:reg="designed"
            ecep:spe="design'd"
            ecep:syllab="2"
            ecep:pron="dɪˈzaɪnd">design'd</w>
         <c> </c>
         <w xml:id="o4784-408210"
            n="271-a-0510"
            ecep:lem="we"
            ecep:pos="pno12"
            ecep:reg="us"
            ecep:spe="us"
            ecep:syllab="1"
            ecep:pron="ʌs">us</w>
         <c> </c>
         <w xml:id="o4784-408220"
            n="271-a-0520"
            ecep:lem="here"
            ecep:pos="av"
            ecep:reg="here"
            ecep:spe="here"
            ecep:syllab="1"
            ecep:pron="hɪə">here</w>
         <pc xml:id="o4784-408230"
             n="271-a-0530"
             ecep:lem=";"
             ecep:pos=";"
             ecep:reg=";"
             ecep:spe=";">;</pc>
      </l>
      <l xml:id="o4784-l22120">
         <c> </c>
         <w xml:id="o4784-408240"
            n="271-a-0540"
            ecep:lem="no"
            ecep:pos="uh-x"
            ecep:reg="No"
            ecep:spe="No"
            ecep:syllab="1"
            ecep:pron="nəʊ">No</w>
         <c> </c>
         <w xml:id="o4784-408250"
            n="271-a-0550"
            ecep:lem="joy"
            ecep:pos="n1"
            ecep:reg="Joy"
            ecep:spe="Joy"
            ecep:syllab="1"
            ecep:pron="dʒɔɪ">Joy</w>
         <c> </c>
         <w xml:id="o4784-408260"
            n="271-a-0560"
            ecep:lem="a"
            ecep:pos="dt"
            ecep:reg="a"
            ecep:spe="a"
            ecep:syllab="1"
            ecep:pron="ə">a</w>
         <c> </c>
         <w xml:id="o4784-408270"
            n="271-a-0570"
            ecep:lem="rapture"
            ecep:pos="n1"
            ecep:reg="Rapture"
            ecep:spe="Rapture"
            ecep:syllab="2"
            ecep:pron="ˈræptʃə">Rapture</w>
         <c> </c>
         <w xml:id="o4784-408280"
            n="271-a-0580"
            ecep:lem="must"
            ecep:pos="vmb"
            ecep:reg="must"
            ecep:spe="must"
            ecep:syllab="1"
            ecep:pron="mʌst">must</w>
         <c> </c>
         <w xml:id="o4784-408290"
            n="271-a-0590"
            ecep:lem="create"
            ecep:pos="vvi"
            ecep:reg="create"
            ecep:spe="create"
            ecep:syllab="2"
            ecep:pron="kriˈeɪt">create</w>
         <pc xml:id="o4784-408300"
             n="271-a-0600"
             ecep:lem=","
             ecep:pos=","
             ecep:reg=","
             ecep:spe=",">,</pc>
      </l>
      <l xml:id="o4784-l22125">
         <c> </c>
         <w xml:id="o4784-408310"
            n="271-a-0610"
            ecep:lem="no"
            ecep:pos="dx"
            ecep:reg="No"
            ecep:spe="No"
            ecep:syllab="1"
            ecep:pron="nəʊ">No</w>
         <c> </c>
         <w xml:id="o4784-408320"
            n="271-a-0620"
            ecep:lem="grief"
            ecep:pos="n1"
            ecep:reg="Grief"
            ecep:spe="Grief"
            ecep:syllab="1"
            ecep:pron="griːf">Grief</w>
         <c> </c>
         <w xml:id="o4784-408330"
            n="271-a-0630"
            ecep:lem="beget"
            ecep:pos="vvi"
            ecep:reg="beget"
            ecep:spe="beget"
            ecep:syllab="2"
            ecep:pron="bɪˈget">beget</w>
         <c> </c>
         <w xml:id="o4784-408340"
            n="271-a-0640"
            ecep:lem="despair"
            ecep:pos="n1"
            ecep:reg="Despair"
            ecep:spe="Despair"
            ecep:syllab="2"
            ecep:pron="dɪˈspeə">Despair</w>
         <pc xml:id="o4784-408350"
             n="271-a-0650"
             unit="sentence"
             ecep:lem="."
             ecep:pos="."
             ecep:reg="."
             ecep:spe=".">.</pc>
         <c> </c>
      </l>
      <l xml:id="o4784-l22130">
         <w xml:id="o4784-408360"
            n="271-a-0660"
            ecep:lem="no"
            ecep:pos="uh-x"
            ecep:reg="No"
            ecep:spe="No"
            ecep:syllab="1"
            ecep:pron="nəʊ">No</w>
         <c> </c>
         <w xml:id="o4784-408370"
            n="271-a-0670"
            ecep:lem="injury"
            ecep:pos="n1"
            ecep:reg="Injury"
            ecep:spe="Injury"
            ecep:syllab="3"
            ecep:pron="ˈɪndʒri">Injury</w>
         <c> </c>
         <w xml:id="o4784-408380"
            n="271-a-0680"
            ecep:lem="fierce"
            ecep:pos="j"
            ecep:reg="fierce"
            ecep:spe="fierce"
            ecep:syllab="1"
            ecep:pron="fɪəs">fierce</w>
         <c> </c>
         <w xml:id="o4784-408390"
            n="271-a-0690"
            ecep:lem="anger"
            ecep:pos="n1"
            ecep:reg="Anger"
            ecep:spe="Anger"
            ecep:syllab="2"
            ecep:pron="ˈæŋgə">Anger</w>
         <c> </c>
         <w xml:id="o4784-408400"
            n="271-a-0700"
            ecep:lem="raise"
            ecep:pos="vvi"
            ecep:reg="raise"
            ecep:spe="raise"
            ecep:syllab="1"
            ecep:pron="reɪz">raise</w>
         <pc xml:id="o4784-408410"
             n="271-a-0710"
             ecep:lem=","
             ecep:pos=","
             ecep:reg=","
             ecep:spe=",">,</pc>
      </l>
      <l xml:id="o4784-l22135">
         <c> </c>
         <w xml:id="o4784-408420"
            n="271-a-0720"
            ecep:lem="no"
            ecep:pos="dx"
            ecep:reg="No"
            ecep:spe="No"
            ecep:syllab="1"
            ecep:pron="nəʊ">No</w>
         <c> </c>
         <w xml:id="o4784-408430"
            n="271-a-0730"
            ecep:lem="honour"
            ecep:pos="n1"
            ecep:reg="Honour"
            ecep:spe="Honour"
            ecep:syllab="2"
            ecep:pron="ˈɒnə">Honour</w>
         <c> </c>
         <w xml:id="o4784-408440"
            n="271-a-0740"
            ecep:lem="tempt"
            ecep:pos="vvi"
            ecep:reg="tempt"
            ecep:spe="tempt"
            ecep:syllab="1"
            ecep:pron="tempt">tempt</w>
         <c> </c>
         <w xml:id="o4784-408450"
            n="271-a-0750"
            ecep:lem="to"
            ecep:pos="p-acp"
            ecep:reg="to"
            ecep:spe="to"
            ecep:syllab="1"
            ecep:pron="tuː">to</w>
         <c> </c>
         <w xml:id="o4784-408460"
            n="271-a-0760"
            ecep:lem="pride"
            ecep:pos="n1"
            ecep:reg="Pride"
            ecep:spe="Pride"
            ecep:syllab="1"
            ecep:pron="praɪd">Pride</w>
         <pc xml:id="o4784-408470"
             n="271-a-0770"
             ecep:lem=";"
             ecep:pos=";"
             ecep:reg=";"
             ecep:spe=";">;</pc>
      </l>
      <l xml:id="o4784-l22140">
         <c> </c>
         <w xml:id="o4784-408480"
            n="271-a-0780"
            ecep:lem="no"
            ecep:pos="uh-x"
            ecep:reg="No"
            ecep:spe="No"
            ecep:syllab="1"
            ecep:pron="nəʊ">No</w>
         <c> </c>
         <w xml:id="o4784-408490"
            n="271-a-0790"
            ecep:lem="vain"
            ecep:pos="j"
            ecep:reg="vain"
            ecep:spe="vain"
            ecep:syllab="1"
            ecep:pron="veɪn">vain</w>
         <c> </c>
         <w xml:id="o4784-408500"
            n="271-a-0800"
            ecep:lem="desire"
            ecep:pos="n2"
            ecep:reg="Desires"
            ecep:spe="Desires"
            ecep:syllab="2"
            ecep:pron="dɪˈzæəz">Desires</w>
         <c> </c>
         <w xml:id="o4784-408510"
            n="271-a-0810"
            ecep:lem="of"
            ecep:pos="pp-f"
            ecep:reg="of"
            ecep:spe="of"
            ecep:syllab="1"
            ecep:pron="ɒv">of</w>
         <c> </c>
         <w xml:id="o4784-408520"
            n="271-a-0820"
            ecep:lem="empty"
            ecep:pos="j"
            ecep:reg="empty"
            ecep:spe="empty"
            ecep:syllab="2"
            ecep:pron="ˈemti">empty</w>
         <c> </c>
         <w xml:id="o4784-408530"
            n="271-a-0830"
            ecep:lem="praise"
            ecep:pos="n1"
            ecep:reg="Praise"
            ecep:spe="Praise"
            ecep:syllab="1"
            ecep:pron="preɪz">Praise</w>
      </l>
      <l xml:id="o4784-l22145">
         <c> </c>
         <w xml:id="o4784-408540"
            n="271-a-0840"
            ecep:lem="must"
            ecep:pos="vmb"
            ecep:reg="Must"
            ecep:spe="Must"
            ecep:syllab="1"
            ecep:pron="mʌst">Must</w>
         <c> </c>
         <w xml:id="o4784-408550"
            n="271-a-0850"
            ecep:lem="in"
            ecep:pos="p-acp"
            ecep:reg="in"
            ecep:spe="in"
            ecep:syllab="1"
            ecep:pron="ɪn">in</w>
         <c> </c>
         <w xml:id="o4784-408560"
            n="271-a-0860"
            ecep:lem="the"
            ecep:pos="dt"
            ecep:reg="the"
            ecep:spe="the"
            ecep:syllab="1"
            ecep:pron="ðiː">the</w>
         <c> </c>
         <w xml:id="o4784-408570"
            n="271-a-0870"
            ecep:lem="soul"
            ecep:pos="n1"
            ecep:reg="Soul"
            ecep:spe="Soul"
            ecep:syllab="1"
            ecep:pron="səʊl">Soul</w>
         <c> </c>
         <w xml:id="o4784-408580"
            n="271-a-0880"
            ecep:lem="abide"
            ecep:pos="vvi"
            ecep:reg="abide"
            ecep:spe="abide"
            ecep:syllab="2"
            ecep:pron="əˈbaɪd">abide</w>
         <pc xml:id="o4784-408590"
             n="271-a-0890"
             unit="sentence"
             ecep:lem="."
             ecep:pos="."
             ecep:reg="."
             ecep:spe=".">.</pc>
         <c> </c>
      </l>
      <l xml:id="o4784-l22150">
         <w xml:id="o4784-408600"
            n="271-a-0900"
            ecep:lem="no"
            ecep:pos="uh-x"
            ecep:reg="No"
            ecep:spe="No"
            ecep:syllab="1"
            ecep:pron="nəʊ">No</w>
         <c> </c>
         <w xml:id="o4784-408610"
            n="271-a-0910"
            ecep:lem="charm"
            ecep:pos="n2"
            ecep:reg="Charms"
            ecep:spe="Charms"
            ecep:syllab="1"
            ecep:pron="tʃɑːmz">Charms</w>
         <c> </c>
         <w xml:id="o4784-408620"
            n="271-a-0920"
            ecep:lem="of"
            ecep:pos="pp-f"
            ecep:reg="of"
            ecep:spe="of"
            ecep:syllab="1"
            ecep:pron="ɒv">of</w>
         <c> </c>
         <w xml:id="o4784-408630"
            n="271-a-0930"
            ecep:lem="youth"
            ecep:pos="n1"
            ecep:reg="Youth"
            ecep:spe="Youth"
            ecep:syllab="1"
            ecep:pron="juːθ">Youth</w>
         <pc xml:id="o4784-408640"
             n="271-a-0940"
             ecep:lem=","
             ecep:pos=","
             ecep:reg=","
             ecep:spe=",">,</pc>
         <c> </c>
         <w xml:id="o4784-408650"
            n="271-a-0950"
            ecep:lem="or"
            ecep:pos="cc"
            ecep:reg="or"
            ecep:spe="or"
            ecep:syllab="1"
            ecep:pron="ɔː">or</w>
         <c> </c>
         <w xml:id="o4784-408660"
            n="271-a-0960"
            ecep:lem="beauty"
            ecep:pos="n1"
            ecep:reg="Beauty"
            ecep:spe="Beauty"
            ecep:syllab="2"
            ecep:pron="ˈbjuːti">Beauty</w>
         <c> </c>
         <w xml:id="o4784-408670"
            n="271-a-0970"
            ecep:lem="move"
            ecep:pos="vvi"
            ecep:reg="move"
            ecep:spe="move"
            ecep:syllab="1"
            ecep:pron="muːv">move</w>
      </l>
      <l xml:id="o4784-l22155">
         <c> </c>
         <w xml:id="o4784-408680"
            n="271-a-0980"
            ecep:lem="the"
            ecep:pos="dt"
            ecep:reg="The"
            ecep:spe="The"
            ecep:syllab="1"
            ecep:pron="ðiː">The</w>
         <c> </c>
         <w xml:id="o4784-408690"
            n="271-a-0990"
            ecep:lem="constant"
            ecep:pos="j"
            ecep:reg="constant"
            ecep:spe="constant"
            ecep:syllab="2"
            ecep:pron="ˈkɒnstənt">constant</w>
         <pc xml:id="o4784-408700"
             n="271-a-1000"
             ecep:lem=","
             ecep:pos=","
             ecep:reg=","
             ecep:spe=",">,</pc>
         <c> </c>
         <w xml:id="o4784-408710"
            n="271-a-1010"
            ecep:lem="settle"
            ecep:pos="j-vvn"
            ecep:reg="settled"
            ecep:spe="settl'd"
            ecep:syllab="1"
            ecep:pron="ˈsetld">settl'd</w>
         <c> </c>
         <w xml:id="o4784-408720"
            n="271-a-1020"
            ecep:lem="breast"
            ecep:pos="n1"
            ecep:reg="Breast"
            ecep:spe="Breast"
            ecep:syllab="1"
            ecep:pron="brest">Breast</w>
         <pc xml:id="o4784-408730"
             n="271-a-1030"
             ecep:lem=":"
             ecep:pos=":"
             ecep:reg=":"
             ecep:spe=":">:</pc>
      </l>
      <l xml:id="o4784-l22160">
         <c> </c>
         <w xml:id="o4784-408740"
            n="271-a-1040"
            ecep:lem="who"
            ecep:pos="q-crq"
            ecep:reg="Who"
            ecep:spe="Who"
            ecep:syllab="1"
            ecep:pron="huː">Who</w>
         <c> </c>
         <w xml:id="o4784-408750"
            n="271-a-1050"
            ecep:lem="leave"
            ecep:pos="vvz"
            ecep:reg="leaves"
            ecep:spe="leaves"
            ecep:syllab="1"
            ecep:pron="liːvz">leaves</w>
         <c> </c>
         <w xml:id="o4784-408760"
            n="271-a-1060"
            ecep:lem="a"
            ecep:pos="dt"
            ecep:reg="a"
            ecep:spe="a"
            ecep:syllab="1"
            ecep:pron="ə">a</w>
         <c> </c>
         <w xml:id="o4784-408770"
            n="271-a-1070"
            ecep:lem="passage"
            ecep:pos="n1"
            ecep:reg="Passage"
            ecep:spe="Passage"
            ecep:syllab="2"
            ecep:pron="ˈpæsɪdʒ">Passage</w>
         <c> </c>
         <w xml:id="o4784-408780"
            n="271-a-1080"
            ecep:lem="free"
            ecep:pos="j"
            ecep:reg="free"
            ecep:spe="free"
            ecep:syllab="1"
            ecep:pron="friː">free</w>
         <c> </c>
         <w xml:id="o4784-408790"
            n="271-a-1090"
            ecep:lem="to"
            ecep:pos="p-acp"
            ecep:reg="to"
            ecep:spe="to"
            ecep:syllab="1"
            ecep:pron="tuː">to</w>
         <c> </c>
         <w xml:id="o4784-408800"
            n="271-a-1100"
            ecep:lem="love"
            ecep:pos="n1"
            ecep:reg="Love"
            ecep:spe="Love"
            ecep:syllab="1"
            ecep:pron="lʌv">Love</w>
         <pc xml:id="o4784-408810"
             n="271-a-1110"
             ecep:lem=","
             ecep:pos=","
             ecep:reg=","
             ecep:spe=",">,</pc>
      </l>
      <l xml:id="o4784-l22165">
         <c> </c>
         <w xml:id="o4784-408820"
            n="271-a-1120"
            ecep:lem="shall"
            ecep:pos="vmb"
            ecep:reg="Shall"
            ecep:spe="Shall"
            ecep:syllab="1"
            ecep:pron="ʃæl">Shall</w>
         <c> </c>
         <w xml:id="o4784-408830"
            n="271-a-1130"
            ecep:lem="let"
            ecep:pos="vvi"
            ecep:reg="let"
            ecep:spe="let"
            ecep:syllab="1"
            ecep:pron="let">let</w>
         <c> </c>
         <w xml:id="o4784-408840"
            n="271-a-1140"
            ecep:lem="in"
            ecep:pos="p-acp"
            ecep:reg="in"
            ecep:spe="in"
            ecep:syllab="1"
            ecep:pron="ɪn">in</w>
         <pc xml:id="o4784-408850"
             n="271-a-1150"
             ecep:lem=","
             ecep:pos=","
             ecep:reg=","
             ecep:spe=",">,</pc>
         <c> </c>
         <w xml:id="o4784-408860"
            n="271-a-1160"
            ecep:lem="all"
            ecep:pos="d"
            ecep:reg="all"
            ecep:spe="all"
            ecep:syllab="1"
            ecep:pron="ɔːl">all</w>
         <c> </c>
         <w xml:id="o4784-408870"
            n="271-a-1170"
            ecep:lem="the"
            ecep:pos="dt"
            ecep:reg="the"
            ecep:spe="the"
            ecep:syllab="1"
            ecep:pron="ðiː">the</w>
         <c> </c>
         <w xml:id="o4784-408880"
            n="271-a-1180"
            ecep:lem="rest"
            ecep:pos="n1"
            ecep:reg="rest"
            ecep:spe="rest"
            ecep:syllab="1"
            ecep:pron="rest">rest</w>
         <pc xml:id="o4784-408890"
             n="271-a-1190"
             unit="sentence"
             ecep:lem="."
             ecep:pos="."
             ecep:reg="."
             ecep:spe=".">.</pc>
         <c> </c>
      </l>
      <pb facs="272" n="264" rend="none"/>
      <l xml:id="o4784-l22170">
         <w xml:id="o4784-408900"
            n="272-a-0010"
            ecep:lem="in"
            ecep:pos="p-acp"
            ecep:reg="In"
            ecep:spe="In"
            ecep:syllab="1"
            ecep:pron="ɪn">In</w>
         <c> </c>
         <w xml:id="o4784-408910"
            n="272-a-0020"
            ecep:lem="such"
            ecep:pos="d"
            ecep:reg="such"
            ecep:spe="such"
            ecep:syllab="1"
            ecep:pron="sʌtʃ">such</w>
         <c> </c>
         <w xml:id="o4784-408920"
            n="272-a-0030"
            ecep:lem="a"
            ecep:pos="dt"
            ecep:reg="a"
            ecep:spe="a"
            ecep:syllab="1"
            ecep:pron="ə">a</w>
         <c> </c>
         <w xml:id="o4784-408930"
            n="272-a-0040"
            ecep:lem="heart"
            ecep:pos="n1"
            ecep:reg="Heart"
            ecep:spe="Heart"
            ecep:syllab="1"
            ecep:pron="hɑːt">Heart</w>
         <c> </c>
         <w xml:id="o4784-408940"
            n="272-a-0050"
            ecep:lem="soft"
            ecep:pos="j"
            ecep:reg="soft"
            ecep:spe="soft"
            ecep:syllab="1"
            ecep:pron="sɒft">soft</w>
         <c> </c>
         <w xml:id="o4784-408950"
            n="272-a-0060"
            ecep:lem="peace"
            ecep:pos="n1"
            ecep:reg="Peace"
            ecep:spe="Peace"
            ecep:syllab="1"
            ecep:pron="piːs">Peace</w>
         <c> </c>
         <w xml:id="o4784-408960"
            n="272-a-0070"
            ecep:lem="will"
            ecep:pos="vmb"
            ecep:reg="will"
            ecep:spe="will"
            ecep:syllab="1"
            ecep:pron="wɪl">will</w>
         <c> </c>
         <w xml:id="o4784-408970"
            n="272-a-0080"
            ecep:lem="live"
            ecep:pos="vvi"
            ecep:reg="live"
            ecep:spe="live"
            ecep:syllab="1"
            ecep:pron="lɪv">live</w>
         <pc xml:id="o4784-408980"
             n="272-a-0090"
             ecep:lem=","
             ecep:pos=","
             ecep:reg=","
             ecep:spe=",">,</pc>
      </l>
      <l xml:id="o4784-l22175">
         <c> </c>
         <w xml:id="o4784-408990"
            n="272-a-0100"
            ecep:lem="where"
            ecep:pos="c-crq"
            ecep:reg="Where"
            ecep:spe="Where"
            ecep:syllab="1"
            ecep:pron="weə">Where</w>
         <c> </c>
         <w xml:id="o4784-409000"
            n="272-a-0110"
            ecep:lem="none"
            ecep:pos="pix"
            ecep:reg="none"
            ecep:spe="none"
            ecep:syllab="1"
            ecep:pron="nəʊn">none</w>
         <c> </c>
         <w xml:id="o4784-409010"
            n="272-a-0120"
            ecep:lem="of"
            ecep:pos="pp-f"
            ecep:reg="of"
            ecep:spe="of"
            ecep:syllab="1"
            ecep:pron="ɒv">of</w>
         <c> </c>
         <w xml:id="o4784-409020"
            n="272-a-0130"
            ecep:lem="these"
            ecep:pos="d"
            ecep:reg="these"
            ecep:spe="these"
            ecep:syllab="1"
            ecep:pron="ðiːz">these</w>
         <c> </c>
         <w xml:id="o4784-409030"
            n="272-a-0140"
            ecep:lem="abound"
            ecep:pos="vvb"
            ecep:reg="abound"
            ecep:spe="abound"
            ecep:syllab="2"
            ecep:pron="əˈbaʊnd">abound</w>
         <pc xml:id="o4784-409040"
             n="272-a-0150"
             ecep:lem=";"
             ecep:pos=";"
             ecep:reg=";"
             ecep:spe=";">;</pc>
      </l>
      <l xml:id="o4784-l22180">
         <c> </c>
         <w xml:id="o4784-409050"
            n="272-a-0160"
            ecep:lem="the"
            ecep:pos="dt"
            ecep:reg="The"
            ecep:spe="The"
            ecep:syllab="1"
            ecep:pron="ðiː">The</w>
         <c> </c>
         <w xml:id="o4784-409060"
            n="272-a-0170"
            ecep:lem="great"
            ecep:pos="js"
            ecep:reg="greatest"
            ecep:spe="greatest"
            ecep:syllab="2"
            ecep:pron="greɪtɪst">greatest</w>
         <c> </c>
         <w xml:id="o4784-409070"
            n="272-a-0180"
            ecep:lem="bless"
            ecep:pos="n-vvg"
            ecep:reg="Blessing"
            ecep:spe="Blessing"
            ecep:syllab="2"
            ecep:pron="ˈblesɪŋ">Blessing</w>
         <pc xml:id="o4784-409080"
             n="272-a-0190"
             ecep:lem=","
             ecep:pos=","
             ecep:reg=","
             ecep:spe=",">,</pc>
         <c> </c>
         <w xml:id="o4784-409090"
            n="272-a-0200"
            ecep:lem="heaven"
            ecep:pos="n1"
            ecep:reg="Heaven"
            ecep:spe="Heav'n"
            ecep:syllab="1"
            ecep:pron="ˈhevn">Heav'n</w>
         <c> </c>
         <w xml:id="o4784-409100"
            n="272-a-0210"
            ecep:lem="do"
            ecep:pos="vvz"
            ecep:reg="do's"
            ecep:spe="do's"
            ecep:syllab="1"
            ecep:pron="duːz">do's</w>
         <c> </c>
         <w xml:id="o4784-409110"
            n="272-a-0220"
            ecep:lem="give"
            ecep:pos="vvi"
            ecep:reg="give"
            ecep:spe="give"
            ecep:syllab="1"
            ecep:pron="gɪv">give</w>
         <pc xml:id="o4784-409120"
             n="272-a-0230"
             ecep:lem=","
             ecep:pos=","
             ecep:reg=","
             ecep:spe=",">,</pc>
      </l>
      <l xml:id="o4784-l22185">
         <c> </c>
         <w xml:id="o4784-409130"
            n="272-a-0240"
            ecep:lem="or"
            ecep:pos="cc"
            ecep:reg="Or"
            ecep:spe="Or"
            ecep:syllab="1"
            ecep:pron="ɔː">Or</w>
         <c> </c>
         <w xml:id="o4784-409140"
            n="272-a-0250"
            ecep:lem="can"
            ecep:pos="vmb"
            ecep:reg="can"
            ecep:spe="can"
            ecep:syllab="1"
            ecep:pron="kæn">can</w>
         <c> </c>
         <w xml:id="o4784-409150"
            n="272-a-0260"
            ecep:lem="on"
            ecep:pos="p-acp"
            ecep:reg="on"
            ecep:spe="on"
            ecep:syllab="1"
            ecep:pron="ɒn">on</w>
         <c> </c>
         <w xml:id="o4784-409160"
            n="272-a-0270"
            ecep:lem="earth"
            ecep:pos="n1"
            ecep:reg="Earth"
            ecep:spe="Earth"
            ecep:syllab="1"
            ecep:pron="ɜːθ">Earth</w>
         <c> </c>
         <w xml:id="o4784-409170"
            n="272-a-0280"
            ecep:lem="be"
            ecep:pos="vbi"
            ecep:reg="be"
            ecep:spe="be"
            ecep:syllab="1"
            ecep:pron="biː">be</w>
         <c> </c>
         <w xml:id="o4784-409180"
            n="272-a-0290"
            ecep:lem="find"
            ecep:pos="vvn"
            ecep:reg="found"
            ecep:spe="found"
            ecep:syllab="1"
            ecep:pron="faʊnd">found</w>
         <pc xml:id="o4784-409190"
             n="272-a-0300"
             unit="sentence"
             ecep:lem="."
             ecep:pos="."
             ecep:reg="."
             ecep:spe=".">.</pc>
         <c> </c>
      </l>
   </lg>
</div>
