<?xml version="1.0" encoding="utf-8"?>
<!DOCTYPE div
  SYSTEM "about:legacy-compat">
<div xmlns:tei="http://www.tei-c.org/ns/1.0"
     xmlns="http://www.tei-c.org/ns/1.0"
     xmlns:ecep="http://www.eighteenthcenturypoetry.org/ns"
     ana="#iamb #tetrameter #couplet #ode #pair"
     corresp="#txt_FerrMa1729_w0002"
     ecep:syllab="8"
     met="-+|-+|-+|-+/"
     rhyme="aa"
     subtype="eceptext"
     type="ode"
     xml:id="o5156-w1170"
     decls="#semi-normalized">
   <link target="authors.xml#aut_FerrMa1729" type="author"/>
   <link target="27779" type="DMI"/>
   <head type="main">
      <w xml:id="o5156-662050"
         n="314-a-1200"
         ecep:lem="ode"
         ecep:pos="n1"
         ecep:reg="ODE"
         ecep:spe="ODE"
         ecep:syllab="1"
         ecep:pron="əʊd">ODE</w>
      <c> </c>
      <w xml:id="o5156-662060"
         n="314-a-1210"
         ecep:lem="to"
         ecep:pos="p-acp"
         ecep:reg="to"
         ecep:spe="to"
         ecep:syllab="1"
         ecep:pron="tuː">to</w>
      <c> </c>
      <w xml:id="o5156-662070"
         n="314-a-1220"
         ecep:lem="Cynthia"
         ecep:pos="np1"
         ecep:reg="CYNTHIA"
         ecep:spe="CYNTHIA"
         ecep:syllab="3"
         ecep:pron="ˈsɪnθiə">CYNTHIA</w>
      <pc xml:id="o5156-662080"
          n="314-a-1230"
          unit="sentence"
          ecep:lem="."
          ecep:pos="."
          ecep:reg="."
          ecep:spe=".">.</pc>
   </head>
   <byline>
      <w xml:id="o5156-662110"
         n="314-a-1240"
         ecep:lem="by"
         ecep:pos="p-acp"
         ecep:reg="By"
         ecep:spe="By"
         ecep:syllab="1"
         ecep:pron="baɪ">By</w>
      <c> </c>
      <w xml:id="o5156-662120"
         n="314-a-1250"
         ecep:lem="the"
         ecep:pos="dt"
         ecep:reg="the"
         ecep:spe="the"
         ecep:syllab="1"
         ecep:pron="ðiː">the</w>
      <c> </c>
      <w xml:id="o5156-662130"
         n="314-a-1260"
         ecep:lem="same"
         ecep:pos="d"
         ecep:reg="Same"
         ecep:spe="Same"
         ecep:syllab="1"
         ecep:pron="seɪm">Same</w>
      <pc xml:id="o5156-662140"
          n="314-a-1270"
          unit="sentence"
          ecep:lem="."
          ecep:pos="."
          ecep:reg="."
          ecep:spe=".">.</pc>
   </byline>
   <lg xml:id="o5156-s04380">
      <l xml:id="o5156-l36980">
         <w xml:id="o5156-662170"
            n="314-a-1280"
            ecep:lem="sister"
            ecep:pos="n1"
            ecep:reg="SISTER"
            ecep:spe="SISTER"
            ecep:syllab="2"
            ecep:pron="ˈsɪstə">SISTER</w>
         <c> </c>
         <w xml:id="o5156-662180"
            n="314-a-1290"
            ecep:lem="of"
            ecep:pos="pp-f"
            ecep:reg="of"
            ecep:spe="of"
            ecep:syllab="1"
            ecep:pron="ɒv">of</w>
         <c> </c>
         <w xml:id="o5156-662190"
            n="314-a-1300"
            ecep:lem="Phoebus"
            ecep:pos="np1"
            ecep:reg="Phoebus"
            ecep:spe="Phoebus"
            ecep:syllab="2"
            ecep:pron="ˈfiːbəs">Phoebus</w>
         <pc xml:id="o5156-662200"
             n="314-a-1310"
             ecep:lem=","
             ecep:pos=","
             ecep:reg=","
             ecep:spe=",">,</pc>
         <c> </c>
         <w xml:id="o5156-662210"
            n="314-a-1320"
            ecep:lem="gentle"
            ecep:pos="j-jn"
            ecep:reg="gentle"
            ecep:spe="gentle"
            ecep:syllab="2"
            ecep:pron="ˈdʒentl">gentle</w>
         <c> </c>
         <w xml:id="o5156-662220"
            n="314-a-1330"
            ecep:lem="queen"
            ecep:pos="n1"
            ecep:reg="Queen"
            ecep:spe="Queen"
            ecep:syllab="1"
            ecep:pron="kwiːn">Queen</w>
         <pc xml:id="o5156-662230"
             n="314-a-1340"
             ecep:lem=","
             ecep:pos=","
             ecep:reg=","
             ecep:spe=",">,</pc>
      </l>
      <l xml:id="o5156-l36985">
         <w xml:id="o5156-662240"
            n="314-a-1350"
            ecep:lem="of"
            ecep:pos="pp-f"
            ecep:reg="Of"
            ecep:spe="Of"
            ecep:syllab="1"
            ecep:pron="ɒv">Of</w>
         <c> </c>
         <w xml:id="o5156-662250"
            n="314-a-1360"
            ecep:lem="aspect"
            ecep:pos="n1"
            ecep:reg="aspect"
            ecep:spe="aspect"
            ecep:syllab="2"
            ecep:pron="ˈæspekt">aspect</w>
         <c> </c>
         <w xml:id="o5156-662260"
            n="314-a-1370"
            ecep:lem="mild"
            ecep:pos="j"
            ecep:reg="mild"
            ecep:spe="mild"
            ecep:syllab="1"
            ecep:pron="maɪld">mild</w>
         <c> </c>
         <w xml:id="o5156-662270"
            n="314-a-1380"
            ecep:lem="and"
            ecep:pos="cc"
            ecep:reg="and"
            ecep:spe="and"
            ecep:syllab="1"
            ecep:pron="ænd">and</w>
         <c> </c>
         <w xml:id="o5156-662280"
            n="314-a-1390"
            ecep:lem="brow"
            ecep:pos="n1"
            ecep:reg="brow"
            ecep:spe="brow"
            ecep:syllab="1"
            ecep:pron="braʊ">brow</w>
         <c> </c>
         <w xml:id="o5156-662290"
            n="314-a-1400"
            ecep:lem="serene"
            ecep:pos="j"
            ecep:reg="serene"
            ecep:spe="serene"
            ecep:syllab="2"
            ecep:pron="səˈriːn">serene</w>
         <pc xml:id="o5156-662300"
             n="314-a-1410"
             ecep:lem=","
             ecep:pos=","
             ecep:reg=","
             ecep:spe=",">,</pc>
      </l>
      <l xml:id="o5156-l36990">
         <w xml:id="o5156-662310"
            n="314-a-1420"
            ecep:lem="who"
            ecep:pos="r-crq"
            ecep:reg="Whose"
            ecep:spe="Whose"
            ecep:syllab="1"
            ecep:pron="huːz">Whose</w>
         <c> </c>
         <w xml:id="o5156-662320"
            n="314-a-1430"
            ecep:lem="friendly"
            ecep:pos="j"
            ecep:reg="friendly"
            ecep:spe="friendly"
            ecep:syllab="2"
            ecep:pron="ˈfrendli">friendly</w>
         <c> </c>
         <w xml:id="o5156-662330"
            n="314-a-1440"
            ecep:lem="beam"
            ecep:pos="n2"
            ecep:reg="beams"
            ecep:spe="beams"
            ecep:syllab="1"
            ecep:pron="biːmz">beams</w>
         <c> </c>
         <w xml:id="o5156-662340"
            n="314-a-1450"
            ecep:lem="by"
            ecep:pos="p-acp"
            ecep:reg="by"
            ecep:spe="by"
            ecep:syllab="1"
            ecep:pron="baɪ">by</w>
         <c> </c>
         <w xml:id="o5156-662350"
            n="314-a-1460"
            ecep:lem="night"
            ecep:pos="n1"
            ecep:reg="night"
            ecep:spe="night"
            ecep:syllab="1"
            ecep:pron="naɪt">night</w>
         <c> </c>
         <w xml:id="o5156-662360"
            n="314-a-1470"
            ecep:lem="appear"
            ecep:pos="vvi"
            ecep:reg="appear"
            ecep:spe="appear"
            ecep:syllab="2"
            ecep:pron="əˈpɪə">appear</w>
         <pc xml:id="o5156-662370"
             n="314-a-1480"
             ecep:lem=","
             ecep:pos=","
             ecep:reg=","
             ecep:spe=",">,</pc>
      </l>
      <l xml:id="o5156-l36995">
         <w xml:id="o5156-662380"
            n="314-a-1490"
            ecep:lem="the"
            ecep:pos="dt"
            ecep:reg="The"
            ecep:spe="The"
            ecep:syllab="1"
            ecep:pron="ðiː">The</w>
         <c> </c>
         <w xml:id="o5156-662390"
            n="314-a-1500"
            ecep:lem="lonely"
            ecep:pos="j"
            ecep:reg="lonely"
            ecep:spe="lonely"
            ecep:syllab="2"
            ecep:pron="ˈləʊnli">lonely</w>
         <c> </c>
         <w xml:id="o5156-662400"
            n="314-a-1510"
            ecep:lem="traveller"
            ecep:pos="n1"
            ecep:reg="traveller"
            ecep:spe="traveller"
            ecep:syllab="3"
            ecep:pron="ˈtrævlə">traveller</w>
         <c> </c>
         <w xml:id="o5156-662410"
            n="314-a-1520"
            ecep:lem="to"
            ecep:pos="pc-acp"
            ecep:reg="to"
            ecep:spe="to"
            ecep:syllab="1"
            ecep:pron="tuː">to</w>
         <c> </c>
         <w xml:id="o5156-662420"
            n="314-a-1530"
            ecep:lem="cheer"
            ecep:pos="vvi"
            ecep:reg="cheer"
            ecep:spe="cheer"
            ecep:syllab="1"
            ecep:pron="tʃɪə">cheer</w>
         <pc xml:id="o5156-662430"
             n="314-a-1540"
             ecep:lem=";"
             ecep:pos=";"
             ecep:reg=";"
             ecep:spe=";">;</pc>
      </l>
      <pb facs="o5156/0318_R" n="313" rend="none"/>
      <l xml:id="o5156-l37000">
         <w xml:id="o5156-662440"
            n="315-a-0010"
            ecep:lem="attractive"
            ecep:pos="j"
            ecep:reg="Attractive"
            ecep:spe="Attractive"
            ecep:syllab="3"
            ecep:pron="əˈtræktɪv">Attractive</w>
         <c> </c>
         <w xml:id="o5156-662450"
            n="315-a-0020"
            ecep:lem="power"
            ecep:pos="n1"
            ecep:reg="Power"
            ecep:spe="Power"
            ecep:syllab="1"
            ecep:pron="ˈpaʊə">Power</w>
         <pc xml:id="o5156-662460"
             n="315-a-0030"
             ecep:lem=";"
             ecep:pos=";"
             ecep:reg=";"
             ecep:spe=";">;</pc>
         <c> </c>
         <w xml:id="o5156-662470"
            n="315-a-0040"
            ecep:lem="who"
            ecep:pos="r-crq"
            ecep:reg="whose"
            ecep:spe="whose"
            ecep:syllab="1"
            ecep:pron="huːz">whose</w>
         <c> </c>
         <w xml:id="o5156-662480"
            n="315-a-0050"
            ecep:lem="mighty"
            ecep:pos="j"
            ecep:reg="mighty"
            ecep:spe="mighty"
            ecep:syllab="2"
            ecep:pron="ˈmaɪti">mighty</w>
         <c> </c>
         <w xml:id="o5156-662490"
            n="315-a-0060"
            ecep:lem="sway"
            ecep:pos="n1"
            ecep:reg="sway"
            ecep:spe="sway"
            ecep:syllab="1"
            ecep:pron="sweɪ">sway</w>
      </l>
      <l xml:id="o5156-l37005">
         <w xml:id="o5156-662500"
            n="315-a-0070"
            ecep:lem="the"
            ecep:pos="dt"
            ecep:reg="The"
            ecep:spe="The"
            ecep:syllab="1"
            ecep:pron="ðiː">The</w>
         <c> </c>
         <w xml:id="o5156-662510"
            n="315-a-0080"
            ecep:lem="ocean"
            ecep:pos="ng1"
            ecep:reg="ocean's"
            ecep:spe="ocean's"
            ecep:syllab="2"
            ecep:pron="ˈəʊʃnz">ocean's</w>
         <c> </c>
         <w xml:id="o5156-662520"
            n="315-a-0090"
            ecep:lem="swell"
            ecep:pos="j-vvg"
            ecep:reg="swelling"
            ecep:spe="swelling"
            ecep:syllab="2"
            ecep:pron="ˈswelɪŋ">swelling</w>
         <c> </c>
         <w xml:id="o5156-662530"
            n="315-a-0100"
            ecep:lem="wave"
            ecep:pos="n2"
            ecep:reg="waves"
            ecep:spe="waves"
            ecep:syllab="1"
            ecep:pron="weɪvz">waves</w>
         <c> </c>
         <w xml:id="o5156-662540"
            n="315-a-0110"
            ecep:lem="obey"
            ecep:pos="vvi"
            ecep:reg="obey"
            ecep:spe="obey"
            ecep:syllab="2"
            ecep:pron="əˈbeɪ">obey</w>
         <pc xml:id="o5156-662550"
             n="315-a-0120"
             ecep:lem=","
             ecep:pos=","
             ecep:reg=","
             ecep:spe=",">,</pc>
      </l>
      <l xml:id="o5156-l37010">
         <w xml:id="o5156-662560"
            n="315-a-0130"
            ecep:lem="and"
            ecep:pos="cc"
            ecep:reg="And"
            ecep:spe="And"
            ecep:syllab="1"
            ecep:pron="ænd">And</w>
         <pc xml:id="o5156-662570"
             n="315-a-0140"
             ecep:lem=","
             ecep:pos=","
             ecep:reg=","
             ecep:spe=",">,</pc>
         <c> </c>
         <w xml:id="o5156-662580"
            n="315-a-0150"
            ecep:lem="mount"
            ecep:pos="vvg"
            ecep:reg="mounting"
            ecep:spe="mounting"
            ecep:syllab="2"
            ecep:pron="ˈmaʊntɪŋ">mounting</w>
         <c> </c>
         <w xml:id="o5156-662590"
            n="315-a-0160"
            ecep:lem="upward"
            ecep:pos="av-j"
            ecep:reg="upward"
            ecep:spe="upward"
            ecep:syllab="2"
            ecep:pron="ˈʌpwəd">upward</w>
         <pc xml:id="o5156-662600"
             n="315-a-0170"
             ecep:lem=","
             ecep:pos=","
             ecep:reg=","
             ecep:spe=",">,</pc>
         <c> </c>
         <w xml:id="o5156-662610"
            n="315-a-0180"
            ecep:lem="seem"
            ecep:pos="vvb"
            ecep:reg="seem"
            ecep:spe="seem"
            ecep:syllab="1"
            ecep:pron="siːm">seem</w>
         <c> </c>
         <w xml:id="o5156-662620"
            n="315-a-0190"
            ecep:lem="to"
            ecep:pos="pc-acp"
            ecep:reg="to"
            ecep:spe="to"
            ecep:syllab="1"
            ecep:pron="tuː">to</w>
         <c> </c>
         <w xml:id="o5156-662630"
            n="315-a-0200"
            ecep:lem="raise"
            ecep:pos="vvi"
            ecep:reg="raise"
            ecep:spe="raise"
            ecep:syllab="1"
            ecep:pron="reɪz">raise</w>
      </l>
      <l xml:id="o5156-l37015">
         <w xml:id="o5156-662640"
            n="315-a-0210"
            ecep:lem="a"
            ecep:pos="dt"
            ecep:reg="A"
            ecep:spe="A"
            ecep:syllab="1"
            ecep:pron="ə">A</w>
         <c> </c>
         <w xml:id="o5156-662650"
            n="315-a-0220"
            ecep:lem="liquid"
            ecep:pos="j-jn"
            ecep:reg="liquid"
            ecep:spe="liquid"
            ecep:syllab="2"
            ecep:pron="ˈlɪkwɪd">liquid</w>
         <c> </c>
         <w xml:id="o5156-662660"
            n="315-a-0230"
            ecep:lem="altar"
            ecep:pos="n1"
            ecep:reg="altar"
            ecep:spe="altar"
            ecep:syllab="2"
            ecep:pron="ˈɔːltə">altar</w>
         <c> </c>
         <w xml:id="o5156-662670"
            n="315-a-0240"
            ecep:lem="to"
            ecep:pos="p-acp"
            ecep:reg="to"
            ecep:spe="to"
            ecep:syllab="1"
            ecep:pron="tuː">to</w>
         <c> </c>
         <w xml:id="o5156-662680"
            n="315-a-0250"
            ecep:lem="thy"
            ecep:pos="po21"
            ecep:reg="thy"
            ecep:spe="thy"
            ecep:syllab="1"
            ecep:pron="ðaɪ">thy</w>
         <c> </c>
         <w xml:id="o5156-662690"
            n="315-a-0260"
            ecep:lem="praise"
            ecep:pos="n1"
            ecep:reg="praise"
            ecep:spe="praise"
            ecep:syllab="1"
            ecep:pron="preɪz">praise</w>
         <pc xml:id="o5156-662700"
             n="315-a-0270"
             ecep:lem=":"
             ecep:pos=":"
             ecep:reg=":"
             ecep:spe=":">:</pc>
      </l>
      <l xml:id="o5156-l37020">
         <w xml:id="o5156-662710"
            n="315-a-0280"
            ecep:lem="thou"
            ecep:pos="pno21"
            ecep:reg="Thee"
            ecep:spe="Thee"
            ecep:syllab="1"
            ecep:pron="ðiː">Thee</w>
         <c> </c>
         <w xml:id="o5156-662720"
            n="315-a-0290"
            ecep:lem="wither"
            ecep:pos="vvd"
            ecep:reg="withered"
            ecep:spe="wither'd"
            ecep:syllab="2"
            ecep:pron="ˈwɪðəd">wither'd</w>
         <c> </c>
         <w xml:id="o5156-662730"
            n="315-a-0300"
            ecep:lem="hag"
            ecep:pos="n2"
            ecep:reg="hags"
            ecep:spe="hags"
            ecep:syllab="1"
            ecep:pron="hægz">hags</w>
         <pc xml:id="o5156-662740"
             n="315-a-0310"
             ecep:lem=","
             ecep:pos=","
             ecep:reg=","
             ecep:spe=",">,</pc>
         <c> </c>
         <w xml:id="o5156-662750"
            n="315-a-0320"
            ecep:lem="at"
            ecep:pos="p-acp"
            ecep:reg="at"
            ecep:spe="at"
            ecep:syllab="1"
            ecep:pron="æt">at</w>
         <c> </c>
         <w xml:id="o5156-662760"
            n="315-a-0330"
            ecep:lem="midnight"
            ecep:pos="n1"
            ecep:reg="midnight"
            ecep:spe="midnight"
            ecep:syllab="2"
            ecep:pron="ˈmɪdnaɪt">midnight</w>
         <c> </c>
         <w xml:id="o5156-662770"
            n="315-a-0340"
            ecep:lem="hour"
            ecep:pos="n1"
            ecep:reg="hour"
            ecep:spe="hour"
            ecep:syllab="1"
            ecep:pron="ˈaʊə">hour</w>
         <pc xml:id="o5156-662780"
             n="315-a-0350"
             ecep:lem=","
             ecep:pos=","
             ecep:reg=","
             ecep:spe=",">,</pc>
      </l>
      <l xml:id="o5156-l37025">
         <w xml:id="o5156-662790"
            n="315-a-0360"
            ecep:lem="invoke"
            ecep:pos="vvb"
            ecep:reg="Invoke"
            ecep:spe="Invoke"
            ecep:syllab="2"
            ecep:pron="ɪnˈvəʊk">Invoke</w>
         <c> </c>
         <w xml:id="o5156-662800"
            n="315-a-0370"
            ecep:lem="to"
            ecep:pos="p-acp"
            ecep:reg="to"
            ecep:spe="to"
            ecep:syllab="1"
            ecep:pron="tuː">to</w>
         <c> </c>
         <w xml:id="o5156-662810"
            n="315-a-0380"
            ecep:lem="their"
            ecep:pos="po32"
            ecep:reg="their"
            ecep:spe="their"
            ecep:syllab="1"
            ecep:pron="ðeə">their</w>
         <c> </c>
         <w xml:id="o5156-662820"
            n="315-a-0390"
            ecep:lem="infernal"
            ecep:pos="j"
            ecep:reg="infernal"
            ecep:spe="infernal"
            ecep:syllab="3"
            ecep:pron="ɪnˈfɜːnl">infernal</w>
         <c> </c>
         <w xml:id="o5156-662830"
            n="315-a-0400"
            ecep:lem="bower"
            ecep:pos="n1"
            ecep:reg="bower"
            ecep:spe="bower"
            ecep:syllab="2"
            ecep:pron="ˈbaʊə">bower</w>
         <pc xml:id="o5156-662840"
             n="315-a-0410"
             ecep:lem=";"
             ecep:pos=";"
             ecep:reg=";"
             ecep:spe=";">;</pc>
      </l>
      <l xml:id="o5156-l37030">
         <w xml:id="o5156-662850"
            n="315-a-0420"
            ecep:lem="but"
            ecep:pos="cc-acp"
            ecep:reg="But"
            ecep:spe="But"
            ecep:syllab="1"
            ecep:pron="bʌt">But</w>
         <c> </c>
         <w xml:id="o5156-662860"
            n="315-a-0430"
            ecep:lem="i"
            ecep:pos="pns11"
            ecep:reg="I"
            ecep:spe="I"
            ecep:syllab="1"
            ecep:pron="aɪ">I</w>
         <c> </c>
         <w xml:id="o5156-662870"
            n="315-a-0440"
            ecep:lem="to"
            ecep:pos="p-acp"
            ecep:reg="to"
            ecep:spe="to"
            ecep:syllab="1"
            ecep:pron="tuː">to</w>
         <c> </c>
         <w xml:id="o5156-662880"
            n="315-a-0450"
            ecep:lem="no"
            ecep:pos="dx"
            ecep:reg="no"
            ecep:spe="no"
            ecep:syllab="1"
            ecep:pron="nəʊ">no</w>
         <c> </c>
         <w xml:id="o5156-662890"
            n="315-a-0460"
            ecep:lem="such"
            ecep:pos="d"
            ecep:reg="such"
            ecep:spe="such"
            ecep:syllab="1"
            ecep:pron="sʌtʃ">such</w>
         <c> </c>
         <w xml:id="o5156-662900"
            n="315-a-0470"
            ecep:lem="horrid"
            ecep:pos="j"
            ecep:reg="horrid"
            ecep:spe="horrid"
            ecep:syllab="2"
            ecep:pron="ˈhɒrɪd">horrid</w>
         <c> </c>
         <w xml:id="o5156-662910"
            n="315-a-0480"
            ecep:lem="rite"
            ecep:pos="n1"
            ecep:reg="rite"
            ecep:spe="rite"
            ecep:syllab="1"
            ecep:pron="raɪt">rite</w>
         <pc xml:id="o5156-662920"
             n="315-a-0490"
             ecep:lem=","
             ecep:pos=","
             ecep:reg=","
             ecep:spe=",">,</pc>
      </l>
      <l xml:id="o5156-l37035">
         <w xml:id="o5156-662930"
            n="315-a-0500"
            ecep:lem="sweet"
            ecep:pos="j"
            ecep:reg="Sweet"
            ecep:spe="Sweet"
            ecep:syllab="1"
            ecep:pron="swiːt">Sweet</w>
         <c> </c>
         <w xml:id="o5156-662940"
            n="315-a-0510"
            ecep:lem="queen"
            ecep:pos="n1"
            ecep:reg="Queen"
            ecep:spe="Queen"
            ecep:syllab="1"
            ecep:pron="kwiːn">Queen</w>
         <pc xml:id="o5156-662950"
             n="315-a-0520"
             ecep:lem=","
             ecep:pos=","
             ecep:reg=","
             ecep:spe=",">,</pc>
         <c> </c>
         <w xml:id="o5156-662960"
            n="315-a-0530"
            ecep:lem="implore"
            ecep:pos="vvb"
            ecep:reg="implore"
            ecep:spe="implore"
            ecep:syllab="2"
            ecep:pron="ɪmˈplɔː">implore</w>
         <c> </c>
         <w xml:id="o5156-662970"
            n="315-a-0540"
            ecep:lem="thy"
            ecep:pos="po21"
            ecep:reg="thy"
            ecep:spe="thy"
            ecep:syllab="1"
            ecep:pron="ðaɪ">thy</w>
         <c> </c>
         <w xml:id="o5156-662980"
            n="315-a-0550"
            ecep:lem="sacred"
            ecep:pos="j"
            ecep:reg="sacred"
            ecep:spe="sacred"
            ecep:syllab="1"
            ecep:pron="ˈseɪkrɪd">sacred</w>
         <c> </c>
         <w xml:id="o5156-662990"
            n="315-a-0560"
            ecep:lem="light"
            ecep:pos="n1"
            ecep:reg="light"
            ecep:spe="light"
            ecep:syllab="1"
            ecep:pron="laɪt">light</w>
         <pc xml:id="o5156-663000"
             n="315-a-0570"
             ecep:lem=","
             ecep:pos=","
             ecep:reg=","
             ecep:spe=",">,</pc>
      </l>
      <l xml:id="o5156-l37040">
         <w xml:id="o5156-663010"
            n="315-a-0580"
            ecep:lem="nor"
            ecep:pos="ccx"
            ecep:reg="Nor"
            ecep:spe="Nor"
            ecep:syllab="1"
            ecep:pron="nɔː">Nor</w>
         <c> </c>
         <w xml:id="o5156-663020"
            n="315-a-0590"
            ecep:lem="seek"
            ecep:pos="vvi"
            ecep:reg="seek"
            ecep:spe="seek"
            ecep:syllab="1"
            ecep:pron="siːk">seek</w>
         <pc xml:id="o5156-663030"
             n="315-a-0600"
             ecep:lem=","
             ecep:pos=","
             ecep:reg=","
             ecep:spe=",">,</pc>
         <c> </c>
         <w xml:id="o5156-663040"
            n="315-a-0610"
            ecep:lem="while"
            ecep:pos="cs"
            ecep:reg="while"
            ecep:spe="while"
            ecep:syllab="1"
            ecep:pron="waɪl">while</w>
         <c> </c>
         <w xml:id="o5156-663050"
            n="315-a-0620"
            ecep:lem="all"
            ecep:pos="d"
            ecep:reg="all"
            ecep:spe="all"
            ecep:syllab="1"
            ecep:pron="ɔːl">all</w>
         <c> </c>
         <w xml:id="o5156-663060"
            n="315-a-0630"
            ecep:lem="but"
            ecep:pos="cc-acp"
            ecep:reg="but"
            ecep:spe="but"
            ecep:syllab="1"
            ecep:pron="bʌt">but</w>
         <c> </c>
         <w xml:id="o5156-663070"
            n="315-a-0640"
            ecep:lem="lover"
            ecep:pos="n2"
            ecep:reg="lovers"
            ecep:spe="lovers"
            ecep:syllab="2"
            ecep:pron="ˈlʌvəz">lovers</w>
         <c> </c>
         <w xml:id="o5156-663080"
            n="315-a-0650"
            ecep:lem="sleep"
            ecep:pos="vvi"
            ecep:reg="sleep"
            ecep:spe="sleep"
            ecep:syllab="1"
            ecep:pron="sliːp">sleep</w>
         <pc xml:id="o5156-663090"
             n="315-a-0660"
             ecep:lem=","
             ecep:pos=","
             ecep:reg=","
             ecep:spe=",">,</pc>
      </l>
      <l xml:id="o5156-l37045">
         <w xml:id="o5156-663100"
            n="315-a-0670"
            ecep:lem="to"
            ecep:pos="pc-acp"
            ecep:reg="To"
            ecep:spe="To"
            ecep:syllab="1"
            ecep:pron="tuː">To</w>
         <c> </c>
         <w xml:id="o5156-663110"
            n="315-a-0680"
            ecep:lem="rob"
            ecep:pos="vvi"
            ecep:reg="rob"
            ecep:spe="rob"
            ecep:syllab="1"
            ecep:pron="rɒb">rob</w>
         <c> </c>
         <w xml:id="o5156-663120"
            n="315-a-0690"
            ecep:lem="the"
            ecep:pos="dt"
            ecep:reg="the"
            ecep:spe="the"
            ecep:syllab="1"
            ecep:pron="ðiː">the</w>
         <c> </c>
         <w xml:id="o5156-663130"
            n="315-a-0700"
            ecep:lem="miser"
            ecep:pos="ng1"
            ecep:reg="miser's"
            ecep:spe="miser's"
            ecep:syllab="2"
            ecep:pron="ˈmaɪzəz">miser's</w>
         <c> </c>
         <w xml:id="o5156-663140"
            n="315-a-0710"
            ecep:lem="treasure"
            ecep:pos="j-vvn"
            ecep:reg="treasured"
            ecep:spe="treasur'd"
            ecep:syllab="2"
            ecep:pron="ˈtreʒəd">treasur'd</w>
         <c> </c>
         <w xml:id="o5156-663150"
            n="315-a-0720"
            ecep:lem="heap"
            ecep:pos="n1"
            ecep:reg="heap"
            ecep:spe="heap"
            ecep:syllab="1"
            ecep:pron="hiːp">heap</w>
         <pc xml:id="o5156-663160"
             n="315-a-0730"
             ecep:lem=":"
             ecep:pos=":"
             ecep:reg=":"
             ecep:spe=":">:</pc>
      </l>
      <l xml:id="o5156-l37050">
         <w xml:id="o5156-663170"
            n="315-a-0740"
            ecep:lem="thy"
            ecep:pos="po21"
            ecep:reg="Thy"
            ecep:spe="Thy"
            ecep:syllab="1"
            ecep:pron="ðaɪ">Thy</w>
         <c> </c>
         <w xml:id="o5156-663180"
            n="315-a-0750"
            ecep:lem="kindly"
            ecep:pos="j"
            ecep:reg="kindly"
            ecep:spe="kindly"
            ecep:syllab="2"
            ecep:pron="ˈkaɪndli">kindly</w>
         <c> </c>
         <w xml:id="o5156-663190"
            n="315-a-0760"
            ecep:lem="beam"
            ecep:pos="n2"
            ecep:reg="beams"
            ecep:spe="beams"
            ecep:syllab="1"
            ecep:pron="biːmz">beams</w>
         <c> </c>
         <w xml:id="o5156-663200"
            n="315-a-0770"
            ecep:lem="alone"
            ecep:pos="av-j"
            ecep:reg="alone"
            ecep:spe="alone"
            ecep:syllab="2"
            ecep:pron="əˈləʊn">alone</w>
         <c> </c>
         <w xml:id="o5156-663210"
            n="315-a-0780"
            ecep:lem="impart"
            ecep:pos="vvi"
            ecep:reg="impart"
            ecep:spe="impart"
            ecep:syllab="2"
            ecep:pron="ɪmˈpɑːt">impart</w>
      </l>
      <l xml:id="o5156-l37055">
         <w xml:id="o5156-663220"
            n="315-a-0790"
            ecep:lem="to"
            ecep:pos="pc-acp"
            ecep:reg="To"
            ecep:spe="To"
            ecep:syllab="1"
            ecep:pron="tuː">To</w>
         <c> </c>
         <w xml:id="o5156-663230"
            n="315-a-0800"
            ecep:lem="find"
            ecep:pos="vvi"
            ecep:reg="find"
            ecep:spe="find"
            ecep:syllab="1"
            ecep:pron="faɪnd">find</w>
         <c> </c>
         <w xml:id="o5156-663240"
            n="315-a-0810"
            ecep:lem="the"
            ecep:pos="dt"
            ecep:reg="the"
            ecep:spe="the"
            ecep:syllab="1"
            ecep:pron="ðiː">the</w>
         <c> </c>
         <w xml:id="o5156-663250"
            n="315-a-0820"
            ecep:lem="youth"
            ecep:pos="n1"
            ecep:reg="youth"
            ecep:spe="youth"
            ecep:syllab="1"
            ecep:pron="juːθ">youth</w>
         <c> </c>
         <w xml:id="o5156-663260"
            n="315-a-0830"
            ecep:lem="who"
            ecep:pos="r-crq"
            ecep:reg="who"
            ecep:spe="who"
            ecep:syllab="1"
            ecep:pron="huː">who</w>
         <c> </c>
         <w xml:id="o5156-663270"
            n="315-a-0840"
            ecep:lem="steal"
            ecep:pos="vvd"
            ecep:reg="stole"
            ecep:spe="stole"
            ecep:syllab="1"
            ecep:pron="stəʊl">stole</w>
         <c> </c>
         <w xml:id="o5156-663280"
            n="315-a-0850"
            ecep:lem="my"
            ecep:pos="po11"
            ecep:reg="my"
            ecep:spe="my"
            ecep:syllab="1"
            ecep:pron="maɪ">my</w>
         <c> </c>
         <w xml:id="o5156-663290"
            n="315-a-0860"
            ecep:lem="heart"
            ecep:pos="n1"
            ecep:reg="heart"
            ecep:spe="heart"
            ecep:syllab="1"
            ecep:pron="hɑːt">heart</w>
         <pc xml:id="o5156-663300"
             n="315-a-0870"
             ecep:lem=","
             ecep:pos=","
             ecep:reg=","
             ecep:spe=",">,</pc>
      </l>
      <l xml:id="o5156-l37060">
         <w xml:id="o5156-663310"
            n="315-a-0880"
            ecep:lem="and"
            ecep:pos="cc"
            ecep:reg="And"
            ecep:spe="And"
            ecep:syllab="1"
            ecep:pron="ænd">And</w>
         <c> </c>
         <w xml:id="o5156-663320"
            n="315-a-0890"
            ecep:lem="guide"
            ecep:pos="vvb"
            ecep:reg="guide"
            ecep:spe="guide"
            ecep:syllab="1"
            ecep:pron="gaɪd">guide</w>
         <c> </c>
         <w xml:id="o5156-663330"
            n="315-a-0900"
            ecep:lem="i"
            ecep:pos="pno11"
            ecep:reg="me"
            ecep:spe="me"
            ecep:syllab="1"
            ecep:pron="miː">me</w>
         <pc xml:id="o5156-663340"
             n="315-a-0910"
             ecep:lem=","
             ecep:pos=","
             ecep:reg=","
             ecep:spe=",">,</pc>
         <c> </c>
         <w xml:id="o5156-663350"
            n="315-a-0920"
            ecep:lem="from"
            ecep:pos="p-acp"
            ecep:reg="from"
            ecep:spe="from"
            ecep:syllab="1"
            ecep:pron="frɒm">from</w>
         <c> </c>
         <w xml:id="o5156-663360"
            n="315-a-0930"
            ecep:lem="thy"
            ecep:pos="po21"
            ecep:reg="thy"
            ecep:spe="thy"
            ecep:syllab="1"
            ecep:pron="ðaɪ">thy</w>
         <c> </c>
         <w xml:id="o5156-663370"
            n="315-a-0940"
            ecep:lem="silver"
            ecep:pos="n1"
            ecep:reg="silver"
            ecep:spe="silver"
            ecep:syllab="2"
            ecep:pron="ˈsɪlvə">silver</w>
         <c> </c>
         <w xml:id="o5156-663380"
            n="315-a-0950"
            ecep:lem="throne"
            ecep:pos="n1"
            ecep:reg="throne"
            ecep:spe="throne"
            ecep:syllab="1"
            ecep:pron="θrəʊn">throne</w>
         <pc xml:id="o5156-663390"
             n="315-a-0960"
             ecep:lem=","
             ecep:pos=","
             ecep:reg=","
             ecep:spe=",">,</pc>
      </l>
      <l xml:id="o5156-l37065">
         <w xml:id="o5156-663400"
            n="315-a-0970"
            ecep:lem="to"
            ecep:pos="pc-acp"
            ecep:reg="To"
            ecep:spe="To"
            ecep:syllab="1"
            ecep:pron="tuː">To</w>
         <c> </c>
         <w xml:id="o5156-663410"
            n="315-a-0980"
            ecep:lem="steal"
            ecep:pos="vvi"
            ecep:reg="steal"
            ecep:spe="steal"
            ecep:syllab="1"
            ecep:pron="stiːl">steal</w>
         <c> </c>
         <hi>
            <w xml:id="o5156-663420"
               n="315-a-0990"
               ecep:lem="his"
               ecep:pos="po31"
               ecep:reg="his"
               ecep:spe="his"
               ecep:syllab="1"
               ecep:pron="hɪz">his</w>
         </hi>
         <c> </c>
         <w xml:id="o5156-663430"
            n="315-a-1000"
            ecep:lem="heart"
            ecep:pos="n1"
            ecep:reg="heart"
            ecep:spe="heart"
            ecep:syllab="1"
            ecep:pron="hɑːt">heart</w>
         <pc xml:id="o5156-663440"
             n="315-a-1010"
             ecep:lem=","
             ecep:pos=","
             ecep:reg=","
             ecep:spe=",">,</pc>
         <c> </c>
         <w xml:id="o5156-663450"
            n="315-a-1020"
            ecep:lem="or"
            ecep:pos="cc"
            ecep:reg="or"
            ecep:spe="or"
            ecep:syllab="1"
            ecep:pron="ɔː">or</w>
         <c> </c>
         <w xml:id="o5156-663460"
            n="315-a-1030"
            ecep:lem="find"
            ecep:pos="vvi"
            ecep:reg="find"
            ecep:spe="find"
            ecep:syllab="1"
            ecep:pron="faɪnd">find</w>
         <c> </c>
         <hi>
            <w xml:id="o5156-663470"
               n="315-a-1040"
               ecep:lem="my"
               ecep:pos="po11"
               ecep:reg="my"
               ecep:spe="my"
               ecep:syllab="1"
               ecep:pron="maɪ">my</w>
            <c> </c>
            <w xml:id="o5156-663480"
               n="315-a-1050"
               ecep:lem="own"
               ecep:pos="d"
               ecep:reg="own"
               ecep:spe="own"
               ecep:syllab="1"
               ecep:pron="əʊn">own</w>
            <pc xml:id="o5156-663490"
                n="315-a-1060"
                unit="sentence"
                ecep:lem="."
                ecep:pos="."
                ecep:reg="."
                ecep:spe=".">.</pc>
            <c> </c>
         </hi>
      </l>
   </lg>
</div>
