<?xml version="1.0" encoding="UTF-8"?>
<div xmlns:ecep="http://www.eighteenthcenturypoetry.org/ns"
     xmlns="http://www.tei-c.org/ns/1.0"
     xmlns:tei="http://www.tei-c.org/ns/1.0"
     ana="#anapaest #tetrameter #epigram #quatrain #pair #satire #acephal"
     corresp="#txt_SmarCh1722_w0032"
     decls="#semi-normalized"
     ecep:syllab="12.12.12.12"
     met="--+|--+|--+|--+/ --+|--+|--+|--+/ --+|--+|--+|--+/ --+|--+|--+|--+/"
     rendition="#lgvspace"
     rhyme="aabb"
     subtype="eceptext"
     type="epigram"
     xml:id="o4103-w0310">
   <link target="authors.xml#aut_SmarCh1722" type="author"/>
   <head type="main">
      <w xml:id="o4103-431340"
         n="217-a-0010"
         ecep:lem="the"
         ecep:pos="dt"
         ecep:reg="The"
         ecep:spe="The"
         ecep:syllab="1"
         ecep:pron="ðiː">The</w>
      <c> </c>
      <w xml:id="o4103-431350"
         n="217-a-0020"
         ecep:lem="physician"
         ecep:pos="n1"
         ecep:reg="PHYSICIAN"
         ecep:spe="PHYSICIAN"
         ecep:syllab="3"
         ecep:pron="fɪˈzɪʃn">PHYSICIAN</w>
      <c> </c>
      <w xml:id="o4103-431360"
         n="217-a-0030"
         ecep:lem="and"
         ecep:pos="cc"
         ecep:reg="and"
         ecep:spe="and"
         ecep:syllab="1"
         ecep:pron="ænd">and</w>
      <c> </c>
      <w xml:id="o4103-431370"
         n="217-a-0040"
         ecep:lem="the"
         ecep:pos="dt"
         ecep:reg="the"
         ecep:spe="the"
         ecep:syllab="1"
         ecep:pron="ðiː">the</w>
      <c> </c>
      <w xml:id="o4103-431380"
         n="217-a-0050"
         ecep:lem="monkey"
         ecep:pos="n1"
         ecep:reg="MONKEY"
         ecep:spe="MONKEY"
         ecep:syllab="2"
         ecep:pron="ˈmʌŋki">MONKEY</w>
      <pc xml:id="o4103-431390"
          n="217-a-0060"
          unit="sentence"
          ecep:lem="."
          ecep:pos="."
          ecep:reg="."
          ecep:spe=".">.</pc>
   </head>
   <head type="sub">
      <w xml:id="o4103-431420"
         n="217-a-0070"
         ecep:lem="a"
         ecep:pos="dt"
         ecep:reg="An"
         ecep:spe="An"
         ecep:syllab="1"
         ecep:pron="æn">An</w>
      <c> </c>
      <w xml:id="o4103-431430"
         n="217-a-0080"
         ecep:lem="epigram"
         ecep:pos="n1"
         ecep:reg="EPIGRAM"
         ecep:spe="EPIGRAM"
         ecep:syllab="3"
         ecep:pron="ˈepɪgræm">EPIGRAM</w>
      <pc xml:id="o4103-431440"
          n="217-a-0090"
          unit="sentence"
          ecep:lem="."
          ecep:pos="."
          ecep:reg="."
          ecep:spe=".">.</pc>
   </head>
   <lg xml:id="o4103-s01505">
      <l xml:id="o4103-l20855">
         <w xml:id="o4103-431470"
            n="217-a-0100"
            ecep:lem="a"
            ecep:pos="dt"
            ecep:reg="A"
            ecep:spe="A"
            ecep:syllab="1"
            ecep:pron="ə">A</w>
         <c> </c>
         <w xml:id="o4103-431480"
            n="217-a-0110"
            ecep:lem="lady"
            ecep:pos="n1"
            ecep:reg="LADY"
            ecep:spe="LADY"
            ecep:syllab="2"
            ecep:pron="ˈleɪdi">LADY</w>
         <c> </c>
         <w xml:id="o4103-431490"
            n="217-a-0120"
            ecep:lem="send"
            ecep:pos="vvd"
            ecep:reg="sent"
            ecep:spe="sent"
            ecep:syllab="1"
            ecep:pron="sent">sent</w>
         <c> </c>
         <w xml:id="o4103-431500"
            n="217-a-0130"
            ecep:lem="late"
            ecep:pos="av-j"
            ecep:reg="lately"
            ecep:spe="lately"
            ecep:syllab="2"
            ecep:pron="leɪtli">lately</w>
         <c> </c>
         <w xml:id="o4103-431510"
            n="217-a-0140"
            ecep:lem="to"
            ecep:pos="p-acp"
            ecep:reg="to"
            ecep:spe="to"
            ecep:syllab="1"
            ecep:pron="tuː">to</w>
         <c> </c>
         <w xml:id="o4103-431520"
            n="217-a-0150"
            ecep:lem="one"
            ecep:pos="crd"
            ecep:reg="one"
            ecep:spe="one"
            ecep:syllab="1"
            ecep:pron="wʌn">one</w>
         <c> </c>
         <w xml:id="o4103-431530"
            n="217-a-0160"
            ecep:lem="doctor"
            ecep:pos="n1"
            ecep:reg="Doctor"
            ecep:spe="Doctor"
            ecep:syllab="2"
            ecep:pron="ˈdɒktə">Doctor</w>
         <c> </c>
         <w xml:id="o4103-431540"
            n="217-a-0170"
            ecep:lem="drug"
            ecep:pos="vvi"
            ecep:reg="Drug"
            ecep:spe="Drug"
            ecep:syllab="1"
            ecep:pron="drʌg">Drug</w>
         <pc xml:id="o4103-431550"
             n="217-a-0180"
             ecep:lem=","
             ecep:pos=","
             ecep:reg=","
             ecep:spe=",">,</pc>
      </l>
      <l xml:id="o4103-l20860">
         <c> </c>
         <w xml:id="o4103-431560"
            n="217-a-0190"
            ecep:lem="to"
            ecep:pos="pc-acp"
            ecep:reg="To"
            ecep:spe="To"
            ecep:syllab="1"
            ecep:pron="tuː">To</w>
         <c> </c>
         <w xml:id="o4103-431570"
            n="217-a-0200"
            ecep:lem="come"
            ecep:pos="vvi"
            ecep:reg="come"
            ecep:spe="come"
            ecep:syllab="1"
            ecep:pron="kʌm">come</w>
         <c> </c>
         <w xml:id="o4103-431580"
            n="217-a-0210"
            ecep:lem="in"
            ecep:pos="p-acp"
            ecep:reg="in"
            ecep:spe="in"
            ecep:syllab="1"
            ecep:pron="ɪn">in</w>
         <c> </c>
         <w xml:id="o4103-431590"
            n="217-a-0220"
            ecep:lem="a"
            ecep:pos="dt"
            ecep:reg="an"
            ecep:spe="an"
            ecep:syllab="1"
            ecep:pron="æn">an</w>
         <c> </c>
         <w xml:id="o4103-431600"
            n="217-a-0230"
            ecep:lem="instant"
            ecep:pos="n-jn"
            ecep:reg="instant"
            ecep:spe="instant"
            ecep:syllab="2"
            ecep:pron="ˈɪnstənt">instant</w>
         <pc xml:id="o4103-431610"
             n="217-a-0240"
             ecep:lem=","
             ecep:pos=","
             ecep:reg=","
             ecep:spe=",">,</pc>
         <c> </c>
         <w xml:id="o4103-431620"
            n="217-a-0250"
            ecep:lem="and"
            ecep:pos="cc"
            ecep:reg="and"
            ecep:spe="and"
            ecep:syllab="1"
            ecep:pron="ænd">and</w>
         <c> </c>
         <w xml:id="o4103-431630"
            n="217-a-0260"
            ecep:lem="clyster"
            ecep:pos="fw-la"
            ecep:reg="clyster"
            ecep:spe="clyster"
            ecep:syllab="2"
            ecep:pron="ˈklɪstə">clyster</w>
         <c> </c>
         <w xml:id="o4103-431640"
            n="217-a-0270"
            ecep:lem="poor"
            ecep:pos="j"
            ecep:reg="poor"
            ecep:spe="poor"
            ecep:syllab="1"
            ecep:pron="pɔː">poor</w>
         <c> </c>
         <w xml:id="o4103-431650"
            n="217-a-0280"
            ecep:lem="pug"
            ecep:pos="n1"
            ecep:reg="Pug"
            ecep:spe="Pug"
            ecep:syllab="1"
            ecep:pron="pʌg">Pug</w>
         <c> </c>
         <pc xml:id="o4103-431660"
             n="217-a-0290"
             ecep:lem="—"
             ecep:pos="—"
             ecep:reg="—"
             ecep:spe="—">—</pc>
      </l>
      <l xml:id="o4103-l20865">
         <c> </c>
         <w xml:id="o4103-431670"
            n="217-a-0300"
            ecep:lem="as"
            ecep:pos="p-acp"
            ecep:reg="As"
            ecep:spe="As"
            ecep:syllab="1"
            ecep:pron="æz">As</w>
         <c> </c>
         <w xml:id="o4103-431680"
            n="217-a-0310"
            ecep:lem="the"
            ecep:pos="dt"
            ecep:reg="the"
            ecep:spe="the"
            ecep:syllab="1"
            ecep:pron="ðiː">the</w>
         <c> </c>
         <w xml:id="o4103-431690"
            n="217-a-0320"
            ecep:lem="fair"
            ecep:pos="j"
            ecep:reg="fair"
            ecep:spe="fair"
            ecep:syllab="1"
            ecep:pron="feə">fair</w>
         <c> </c>
         <w xml:id="o4103-431700"
            n="217-a-0330"
            ecep:lem="one"
            ecep:pos="crd"
            ecep:reg="one"
            ecep:spe="one"
            ecep:syllab="1"
            ecep:pron="wʌn">one</w>
         <c> </c>
         <w xml:id="o4103-431710"
            n="217-a-0340"
            ecep:lem="command"
            ecep:pos="j-vvn"
            ecep:reg="commanded"
            ecep:spe="commanded"
            ecep:syllab="3"
            ecep:pron="kəˈmɑːndɪd">commanded</w>
         <c> </c>
         <w xml:id="o4103-431720"
            n="217-a-0350"
            ecep:lem="he"
            ecep:pos="pns31"
            ecep:reg="he"
            ecep:spe="he"
            ecep:syllab="1"
            ecep:pron="hiː">he</w>
         <c> </c>
         <w xml:id="o4103-431730"
            n="217-a-0360"
            ecep:lem="come"
            ecep:pos="vvd"
            ecep:reg="came"
            ecep:spe="came"
            ecep:syllab="1"
            ecep:pron="keɪm">came</w>
         <c> </c>
         <w xml:id="o4103-431740"
            n="217-a-0370"
            ecep:lem="at"
            ecep:pos="p-acp"
            ecep:reg="at"
            ecep:spe="at"
            ecep:syllab="1"
            ecep:pron="æt">at</w>
         <c> </c>
         <w xml:id="o4103-431750"
            n="217-a-0380"
            ecep:lem="the"
            ecep:pos="dt"
            ecep:reg="the"
            ecep:spe="the"
            ecep:syllab="1"
            ecep:pron="ðiː">the</w>
         <c> </c>
         <w xml:id="o4103-431760"
            n="217-a-0390"
            ecep:lem="word"
            ecep:pos="n1"
            ecep:reg="word"
            ecep:spe="word"
            ecep:syllab="1"
            ecep:pron="wɜːd">word</w>
         <pc xml:id="o4103-431770"
             n="217-a-0400"
             ecep:lem=","
             ecep:pos=","
             ecep:reg=","
             ecep:spe=",">,</pc>
      </l>
      <l xml:id="o4103-l20870">
         <c> </c>
         <w xml:id="o4103-431780"
            n="217-a-0410"
            ecep:lem="and"
            ecep:pos="cc"
            ecep:reg="And"
            ecep:spe="And"
            ecep:syllab="1"
            ecep:pron="ænd">And</w>
         <c> </c>
         <w xml:id="o4103-431790"
            n="217-a-0420"
            ecep:lem="do"
            ecep:pos="vdd"
            ecep:reg="did"
            ecep:spe="did"
            ecep:syllab="1"
            ecep:pron="dɪd">did</w>
         <c> </c>
         <w xml:id="o4103-431800"
            n="217-a-0430"
            ecep:lem="the"
            ecep:pos="dt"
            ecep:reg="the"
            ecep:spe="the"
            ecep:syllab="1"
            ecep:pron="ðiː">the</w>
         <c> </c>
         <w xml:id="o4103-431810"
            n="217-a-0440"
            ecep:lem="grand"
            ecep:pos="j"
            ecep:reg="grand"
            ecep:spe="grand"
            ecep:syllab="1"
            ecep:pron="grænd">grand</w>
         <c> </c>
         <w xml:id="o4103-431820"
            n="217-a-0450"
            ecep:lem="office"
            ecep:pos="n1"
            ecep:reg="office"
            ecep:spe="office"
            ecep:syllab="2"
            ecep:pron="ˈɒfɪs">office</w>
         <c> </c>
         <w xml:id="o4103-431830"
            n="217-a-0460"
            ecep:lem="in"
            ecep:pos="p-acp"
            ecep:reg="in"
            ecep:spe="in"
            ecep:syllab="1"
            ecep:pron="ɪn">in</w>
         <c> </c>
         <w xml:id="o4103-431840"
            n="217-a-0470"
            ecep:lem="tie-wig"
            ecep:pos="n1"
            ecep:reg="tie-wig"
            ecep:spe="tie-wig"
            ecep:syllab="2"
            ecep:pron="taɪˌwɪg">tie-wig</w>
         <c> </c>
         <w xml:id="o4103-431850"
            n="217-a-0480"
            ecep:lem="and"
            ecep:pos="cc"
            ecep:reg="and"
            ecep:spe="and"
            ecep:syllab="1"
            ecep:pron="ænd">and</w>
         <c> </c>
         <w xml:id="o4103-431860"
            n="217-a-0490"
            ecep:lem="sword"
            ecep:pos="n1"
            ecep:reg="sword"
            ecep:spe="sword"
            ecep:syllab="1"
            ecep:pron="sɔːd">sword</w>
         <pc xml:id="o4103-431870"
             n="217-a-0500"
             unit="sentence"
             ecep:lem="."
             ecep:pos="."
             ecep:reg="."
             ecep:spe=".">.</pc>
         <c> </c>
      </l>
   </lg>
   <lg xml:id="o4103-s01510">
      <l xml:id="o4103-l20875">
         <w xml:id="o4103-431900"
            n="217-a-0510"
            ecep:lem="the"
            ecep:pos="dt"
            ecep:reg="The"
            ecep:spe="The"
            ecep:syllab="1"
            ecep:pron="ðiː">The</w>
         <c> </c>
         <w xml:id="o4103-431910"
            n="217-a-0520"
            ecep:lem="affair"
            ecep:pos="n1"
            ecep:reg="affair"
            ecep:spe="affair"
            ecep:syllab="2"
            ecep:pron="əˈfeə">affair</w>
         <c> </c>
         <w xml:id="o4103-431920"
            n="217-a-0530"
            ecep:lem="be"
            ecep:pos="vbg"
            ecep:reg="being"
            ecep:spe="being"
            ecep:syllab="2"
            ecep:pron="ˈbiːɪŋ">being</w>
         <c> </c>
         <w xml:id="o4103-431930"
            n="217-a-0540"
            ecep:lem="end"
            ecep:pos="vvn"
            ecep:reg="ended"
            ecep:spe="ended"
            ecep:syllab="2"
            ecep:pron="endɪd">ended</w>
         <pc xml:id="o4103-431940"
             n="217-a-0550"
             ecep:lem=","
             ecep:pos=","
             ecep:reg=","
             ecep:spe=",">,</pc>
         <c> </c>
         <w xml:id="o4103-431950"
            n="217-a-0560"
            ecep:lem="so"
            ecep:pos="av"
            ecep:reg="so"
            ecep:spe="so"
            ecep:syllab="1"
            ecep:pron="səʊ">so</w>
         <c> </c>
         <w xml:id="o4103-431960"
            n="217-a-0570"
            ecep:lem="sweet"
            ecep:pos="j"
            ecep:reg="sweet"
            ecep:spe="sweet"
            ecep:syllab="1"
            ecep:pron="swiːt">sweet</w>
         <c> </c>
         <w xml:id="o4103-431970"
            n="217-a-0580"
            ecep:lem="and"
            ecep:pos="cc"
            ecep:reg="and"
            ecep:spe="and"
            ecep:syllab="1"
            ecep:pron="ænd">and</w>
         <c> </c>
         <w xml:id="o4103-431980"
            n="217-a-0590"
            ecep:lem="so"
            ecep:pos="av"
            ecep:reg="so"
            ecep:spe="so"
            ecep:syllab="1"
            ecep:pron="səʊ">so</w>
         <c> </c>
         <w xml:id="o4103-431990"
            n="217-a-0600"
            ecep:lem="nice"
            ecep:pos="j"
            ecep:reg="nice"
            ecep:spe="nice"
            ecep:syllab="1"
            ecep:pron="naɪs">nice</w>
         <pc xml:id="o4103-432000"
             n="217-a-0610"
             unit="sentence"
             ecep:lem="!"
             ecep:pos="!"
             ecep:reg="!"
             ecep:spe="!">!</pc>
         <c> </c>
      </l>
      <l xml:id="o4103-l20880">
         <w xml:id="o4103-432010"
            n="217-a-0620"
            ecep:lem="he"
            ecep:pos="pns31"
            ecep:reg="He"
            ecep:spe="He"
            ecep:syllab="1"
            ecep:pron="hiː">He</w>
         <c> </c>
         <w xml:id="o4103-432020"
            n="217-a-0630"
            ecep:lem="hold"
            ecep:pos="vvd"
            ecep:reg="held"
            ecep:spe="held"
            ecep:syllab="1"
            ecep:pron="held">held</w>
         <c> </c>
         <w xml:id="o4103-432030"
            n="217-a-0640"
            ecep:lem="out"
            ecep:pos="av"
            ecep:reg="out"
            ecep:spe="out"
            ecep:syllab="1"
            ecep:pron="aʊt">out</w>
         <c> </c>
         <w xml:id="o4103-432040"
            n="217-a-0650"
            ecep:lem="his"
            ecep:pos="po31"
            ecep:reg="his"
            ecep:spe="his"
            ecep:syllab="1"
            ecep:pron="hɪz">his</w>
         <c> </c>
         <w xml:id="o4103-432050"
            n="217-a-0660"
            ecep:lem="hand"
            ecep:pos="n1"
            ecep:reg="hand"
            ecep:spe="hand"
            ecep:syllab="1"
            ecep:pron="hænd">hand</w>
         <c> </c>
         <w xml:id="o4103-432060"
            n="217-a-0670"
            ecep:lem="with"
            ecep:pos="p-acp"
            ecep:reg="with"
            ecep:spe="with"
            ecep:syllab="1"
            ecep:pron="wɪð">with</w>
         <c> </c>
         <pc xml:id="o4103-432070"
             n="217-a-0680"
             ecep:lem="—"
             ecep:pos="—"
             ecep:reg="—"
             ecep:spe="—">—</pc>
         <c> </c>
         <pc xml:id="o4103-432080"
             n="217-a-0690"
             ecep:lem="&#34;"
             ecep:pos="&#34;"
             ecep:reg="&#34;"
             ecep:spe="&#34;">"</pc>
         <w xml:id="o4103-432090"
            n="217-a-0700"
            ecep:lem="you"
            ecep:pos="pn22"
            ecep:reg="You"
            ecep:spe="You"
            ecep:syllab="1"
            ecep:pron="juː">You</w>
         <c> </c>
         <w xml:id="o4103-432100"
            n="217-a-0710"
            ecep:lem="know"
            ecep:pos="vvb"
            ecep:reg="know"
            ecep:spe="know"
            ecep:syllab="1"
            ecep:pron="nəʊ">know</w>
         <pc xml:id="o4103-432110"
             n="217-a-0720"
             ecep:lem=","
             ecep:pos=","
             ecep:reg=","
             ecep:spe=",">,</pc>
         <c> </c>
         <w xml:id="o4103-432120"
            n="217-a-0730"
            ecep:lem="madam"
            ecep:pos="n1"
            ecep:reg="ma'am"
            ecep:spe="ma'am"
            ecep:syllab="1"
            ecep:pron="mæm">ma'am</w>
         <pc xml:id="o4103-432130"
             n="217-a-0740"
             ecep:lem=","
             ecep:pos=","
             ecep:reg=","
             ecep:spe=",">,</pc>
         <c> </c>
         <w xml:id="o4103-432140"
            n="217-a-0750"
            ecep:lem="my"
            ecep:pos="po11"
            ecep:reg="my"
            ecep:spe="my"
            ecep:syllab="1"
            ecep:pron="maɪ">my</w>
         <c> </c>
         <w xml:id="o4103-432150"
            n="217-a-0760"
            ecep:lem="price"
            ecep:pos="n1"
            ecep:reg="price"
            ecep:spe="price"
            ecep:syllab="1"
            ecep:pron="praɪs">price</w>
         <pc xml:id="o4103-432160"
             n="217-a-0770"
             ecep:lem="."
             ecep:pos="."
             ecep:reg="."
             ecep:spe=".">.</pc>
         <pc xml:id="o4103-432170"
             n="217-a-0780"
             unit="sentence"
             ecep:lem="&#34;"
             ecep:pos="&#34;"
             ecep:reg="&#34;"
             ecep:spe="&#34;">"</pc>
         <c> </c>
      </l>
      <l xml:id="o4103-l20885">
         <c> </c>
         <pc xml:id="o4103-432180"
             n="217-a-0790"
             ecep:lem="&#34;"
             ecep:pos="&#34;"
             ecep:reg="&#34;"
             ecep:spe="&#34;">"</pc>
         <w xml:id="o4103-432190"
            n="217-a-0800"
            ecep:lem="your"
            ecep:pos="po22"
            ecep:reg="Your"
            ecep:spe="Your"
            ecep:syllab="1"
            ecep:pron="jɔː">Your</w>
         <c> </c>
         <w xml:id="o4103-432200"
            n="217-a-0810"
            ecep:lem="price"
            ecep:pos="n1"
            ecep:reg="price"
            ecep:spe="price"
            ecep:syllab="1"
            ecep:pron="praɪs">price</w>
         <pc xml:id="o4103-432210"
             n="217-a-0820"
             ecep:lem=","
             ecep:pos=","
             ecep:reg=","
             ecep:spe=",">,</pc>
         <pc xml:id="o4103-432220"
             n="217-a-0830"
             ecep:lem="&#34;"
             ecep:pos="&#34;"
             ecep:reg="&#34;"
             ecep:spe="&#34;">"</pc>
         <c> </c>
         <w xml:id="o4103-432230"
            n="217-a-0840"
            ecep:lem="say"
            ecep:pos="vvz"
            ecep:reg="says"
            ecep:spe="says"
            ecep:syllab="1"
            ecep:pron="sez">says</w>
         <c> </c>
         <w xml:id="o4103-432240"
            n="217-a-0850"
            ecep:lem="the"
            ecep:pos="dt"
            ecep:reg="the"
            ecep:spe="the"
            ecep:syllab="1"
            ecep:pron="ðiː">the</w>
         <c> </c>
         <w xml:id="o4103-432250"
            n="217-a-0860"
            ecep:lem="lady"
            ecep:pos="n1"
            ecep:reg="lady"
            ecep:spe="lady"
            ecep:syllab="2"
            ecep:pron="ˈleɪdi">lady</w>
         <c> </c>
         <pc xml:id="o4103-432260"
             n="217-a-0870"
             ecep:lem="—"
             ecep:pos="—"
             ecep:reg="—"
             ecep:spe="—">—</pc>
         <c> </c>
         <pc xml:id="o4103-432270"
             n="217-a-0880"
             ecep:lem="&#34;"
             ecep:pos="&#34;"
             ecep:reg="&#34;"
             ecep:spe="&#34;">"</pc>
         <w xml:id="o4103-432280"
            n="217-a-0890"
            ecep:lem="why"
            ecep:pos="uh-crq"
            ecep:reg="Why"
            ecep:spe="Why"
            ecep:syllab="1"
            ecep:pron="waɪ">Why</w>
         <pc xml:id="o4103-432290"
             n="217-a-0900"
             ecep:lem=","
             ecep:pos=","
             ecep:reg=","
             ecep:spe=",">,</pc>
         <c> </c>
         <w xml:id="o4103-432300"
            n="217-a-0910"
            ecep:lem="sir"
            ecep:pos="n1"
            ecep:reg="Sir"
            ecep:spe="Sir"
            ecep:syllab="1"
            ecep:pron="sɜː">Sir</w>
         <pc xml:id="o4103-432310"
             n="217-a-0920"
             ecep:lem=","
             ecep:pos=","
             ecep:reg=","
             ecep:spe=",">,</pc>
         <c> </c>
         <w xml:id="o4103-432320"
            n="217-a-0930"
            ecep:lem="he|be"
            ecep:pos="pns31|vbz"
            ecep:reg="he's"
            ecep:spe="he's"
            ecep:syllab="1"
            ecep:pron="hiːz">he's</w>
         <c> </c>
         <w xml:id="o4103-432330"
            n="217-a-0940"
            ecep:lem="your"
            ecep:pos="po22"
            ecep:reg="your"
            ecep:spe="your"
            ecep:syllab="1"
            ecep:pron="jɔː">your</w>
         <c> </c>
         <w xml:id="o4103-432340"
            n="217-a-0950"
            ecep:lem="brother"
            ecep:pos="n1"
            ecep:reg="brother"
            ecep:spe="brother"
            ecep:syllab="2"
            ecep:pron="ˈbrʌðə">brother</w>
         <pc xml:id="o4103-432350"
             n="217-a-0960"
             ecep:lem=","
             ecep:pos=","
             ecep:reg=","
             ecep:spe=",">,</pc>
      </l>
      <l xml:id="o4103-l20890">
         <pc xml:id="o4103-432360"
             n="217-a-0970"
             ecep:lem="&#34;"
             ecep:pos="&#34;"
             ecep:reg="&#34;"
             ecep:spe="&#34;">"</pc>
         <c> </c>
         <w xml:id="o4103-432370"
            n="217-a-0980"
            ecep:lem="and"
            ecep:pos="cc"
            ecep:reg="And"
            ecep:spe="And"
            ecep:syllab="1"
            ecep:pron="ænd">And</w>
         <c> </c>
         <w xml:id="o4103-432380"
            n="217-a-0990"
            ecep:lem="doctor"
            ecep:pos="n2"
            ecep:reg="doctors"
            ecep:spe="doctors"
            ecep:syllab="2"
            ecep:pron="ˈdɒktəz">doctors</w>
         <c> </c>
         <w xml:id="o4103-432390"
            n="217-a-1000"
            ecep:lem="must"
            ecep:pos="vmb"
            ecep:reg="must"
            ecep:spe="must"
            ecep:syllab="1"
            ecep:pron="mʌst">must</w>
         <c> </c>
         <w xml:id="o4103-432400"
            n="217-a-1010"
            ecep:lem="never"
            ecep:pos="av-x"
            ecep:reg="never"
            ecep:spe="never"
            ecep:syllab="2"
            ecep:pron="ˈnevə">never</w>
         <c> </c>
         <w xml:id="o4103-432410"
            n="217-a-1020"
            ecep:lem="take"
            ecep:pos="vvi"
            ecep:reg="take"
            ecep:spe="take"
            ecep:syllab="1"
            ecep:pron="teɪk">take</w>
         <c> </c>
         <w xml:id="o4103-432420"
            n="217-a-1030"
            ecep:lem="fee"
            ecep:pos="n2"
            ecep:reg="fees"
            ecep:spe="fees"
            ecep:syllab="1"
            ecep:pron="fiːz">fees</w>
         <c> </c>
         <w xml:id="o4103-432430"
            n="217-a-1040"
            ecep:lem="of"
            ecep:pos="pp-f"
            ecep:reg="of"
            ecep:spe="of"
            ecep:syllab="1"
            ecep:pron="ɒv">of</w>
         <c> </c>
         <w xml:id="o4103-432440"
            n="217-a-1050"
            ecep:lem="each"
            ecep:pos="d"
            ecep:reg="each"
            ecep:spe="each"
            ecep:syllab="1"
            ecep:pron="iːtʃ">each</w>
         <c> </c>
         <w xml:id="o4103-432450"
            n="217-a-1060"
            ecep:lem="other"
            ecep:pos="n-jn"
            ecep:reg="other"
            ecep:spe="other"
            ecep:syllab="2"
            ecep:pron="ˈʌðə">other</w>
         <pc xml:id="o4103-432460"
             n="217-a-1070"
             ecep:lem="."
             ecep:pos="."
             ecep:reg="."
             ecep:spe=".">.</pc>
         <c> </c>
         <pc xml:id="o4103-432470"
             n="217-a-1080"
             unit="sentence"
             ecep:lem="&#34;"
             ecep:pos="&#34;"
             ecep:reg="&#34;"
             ecep:spe="&#34;">"</pc>
         <c> </c>
      </l>
   </lg>
</div>
