<?xml version="1.0" encoding="utf-8"?>
<!DOCTYPE div
  SYSTEM "about:legacy-compat">
<div xmlns:ecep="http://www.eighteenthcenturypoetry.org/ns"
     xmlns="http://www.tei-c.org/ns/1.0"
     xmlns:tei="http://www.tei-c.org/ns/1.0"
     ana="#iamb #pentameter #pair #quatrain #epitaph"
     corresp="#txt_HuntAn1741_w0025"
     decls="#semi-normalized"
     ecep:syllab="10.10.10.10"
     met="-+|-+|-+|-+|-+/ -+|-+|-+|-+|-+/ -+|-+|-+|-+|-+/ -+|-+|-+|-+|-+/"
     rendition="#lgvspace"
     rhyme="aabb"
     subtype="eceptext"
     type="poem"
     xml:id="bah18-w0250">
   <link target="authors.xml#aut_HuntAn1741" type="author"/>
   <head type="main">
      <w xml:id="bah18-100720"
         n="a-0010"
         ecep:lem="epitaph"
         ecep:pos="n1"
         ecep:reg="EPITAPH"
         ecep:spe="EPITAPH"
         ecep:syllab="3"
         ecep:pron="ˈepɪˌtɑːf">EPITAPH</w>
      <c> </c>
      <w xml:id="bah18-100730"
         n="a-0020"
         ecep:lem="for"
         ecep:pos="p-acp"
         ecep:reg="FOR"
         ecep:spe="FOR"
         ecep:syllab="1"
         ecep:pron="fɔː">FOR</w>
      <c> </c>
      <w xml:id="bah18-100740"
         n="a-0030"
         ecep:lem="my"
         ecep:pos="po11"
         ecep:reg="MY"
         ecep:spe="MY"
         ecep:syllab="1"
         ecep:pron="maɪ">MY</w>
      <c> </c>
      <w xml:id="bah18-100750"
         n="a-0040"
         ecep:lem="father"
         ecep:pos="n1"
         ecep:reg="FATHER"
         ecep:spe="FATHER"
         ecep:syllab="2"
         ecep:pron="ˈfɑːðə">FATHER</w>
      <pc xml:id="bah18-100760"
          n="a-0050"
          unit="sentence"
          ecep:lem="."
          ecep:pos="."
          ecep:reg="."
          ecep:spe=".">.</pc>
   </head>
   <lg xml:id="bah18-s00675">
      <l xml:id="bah18-l04515">
         <w xml:id="bah18-100790"
            n="a-0060"
            ecep:lem="of"
            ecep:pos="pp-f"
            ecep:reg="OF"
            ecep:spe="OF"
            ecep:syllab="1"
            ecep:pron="ɒv">OF</w>
         <c> </c>
         <w xml:id="bah18-100800"
            n="a-0070"
            ecep:lem="soul"
            ecep:pos="n1"
            ecep:reg="soul"
            ecep:spe="soul"
            ecep:syllab="1"
            ecep:pron="səʊl">soul</w>
         <c> </c>
         <w xml:id="bah18-100810"
            n="a-0080"
            ecep:lem="too"
            ecep:pos="av"
            ecep:reg="too"
            ecep:spe="too"
            ecep:syllab="1"
            ecep:pron="tuː">too</w>
         <c> </c>
         <w xml:id="bah18-100820"
            n="a-0090"
            ecep:lem="high"
            ecep:pos="j"
            ecep:reg="high"
            ecep:spe="high"
            ecep:syllab="1"
            ecep:pron="haɪ">high</w>
         <c> </c>
         <w xml:id="bah18-100830"
            n="a-0100"
            ecep:lem="to"
            ecep:pos="pc-acp"
            ecep:reg="to"
            ecep:spe="to"
            ecep:syllab="1"
            ecep:pron="tuː">to</w>
         <c> </c>
         <w xml:id="bah18-100840"
            n="a-0110"
            ecep:lem="act"
            ecep:pos="vvi"
            ecep:reg="act"
            ecep:spe="act"
            ecep:syllab="1"
            ecep:pron="ækt">act</w>
         <c> </c>
         <w xml:id="bah18-100850"
            n="a-0120"
            ecep:lem="a"
            ecep:pos="dt"
            ecep:reg="a"
            ecep:spe="a"
            ecep:syllab="1"
            ecep:pron="ə">a</w>
         <c> </c>
         <w xml:id="bah18-100860"
            n="a-0130"
            ecep:lem="dubious"
            ecep:pos="j"
            ecep:reg="dubious"
            ecep:spe="dubious"
            ecep:syllab="3"
            ecep:pron="ˈdjuːbɪəs">dubious</w>
         <c> </c>
         <w xml:id="bah18-100870"
            n="a-0140"
            ecep:lem="part"
            ecep:pos="n1"
            ecep:reg="part"
            ecep:spe="part"
            ecep:syllab="1"
            ecep:pron="pɑːt">part</w>
         <pc xml:id="bah18-100880"
             n="a-0150"
             ecep:lem=","
             ecep:pos=","
             ecep:reg=","
             ecep:spe=",">,</pc>
      </l>
      <l xml:id="bah18-l04520">
         <c> </c>
         <w xml:id="bah18-100890"
            n="a-0160"
            ecep:lem="with"
            ecep:pos="p-acp"
            ecep:reg="With"
            ecep:spe="With"
            ecep:syllab="1"
            ecep:pron="wɪð">With</w>
         <c> </c>
         <w xml:id="bah18-100900"
            n="a-0170"
            ecep:lem="modest"
            ecep:pos="j"
            ecep:reg="modest"
            ecep:spe="modest"
            ecep:syllab="2"
            ecep:pron="ˈmɒdɪst">modest</w>
         <c> </c>
         <w xml:id="bah18-100910"
            n="a-0180"
            ecep:lem="talent"
            ecep:pos="n2"
            ecep:reg="talents"
            ecep:spe="talents"
            ecep:syllab="2"
            ecep:pron="ˈtælənts">talents</w>
         <pc xml:id="bah18-100920"
             n="a-0190"
             ecep:lem=","
             ecep:pos=","
             ecep:reg=","
             ecep:spe=",">,</pc>
         <c> </c>
         <w xml:id="bah18-100930"
            n="a-0200"
            ecep:lem="and"
            ecep:pos="cc"
            ecep:reg="and"
            ecep:spe="and"
            ecep:syllab="1"
            ecep:pron="ænd">and</w>
         <c> </c>
         <w xml:id="bah18-100940"
            n="a-0210"
            ecep:lem="a"
            ecep:pos="dt"
            ecep:reg="a"
            ecep:spe="a"
            ecep:syllab="1"
            ecep:pron="ə">a</w>
         <c> </c>
         <w xml:id="bah18-100950"
            n="a-0220"
            ecep:lem="feeling"
            ecep:pos="n1"
            ecep:reg="feeling"
            ecep:spe="feeling"
            ecep:syllab="2"
            ecep:pron="ˈfiːlɪŋ">feeling</w>
         <c> </c>
         <w xml:id="bah18-100960"
            n="a-0230"
            ecep:lem="heart"
            ecep:pos="n1"
            ecep:reg="heart"
            ecep:spe="heart"
            ecep:syllab="1"
            ecep:pron="hɑːt">heart</w>
         <pc xml:id="bah18-100970"
             n="a-0240"
             ecep:lem=";"
             ecep:pos=";"
             ecep:reg=";"
             ecep:spe=";">;</pc>
      </l>
      <l xml:id="bah18-l04525">
         <c> </c>
         <w xml:id="bah18-100980"
            n="a-0250"
            ecep:lem="while"
            ecep:pos="cs"
            ecep:reg="While"
            ecep:spe="While"
            ecep:syllab="1"
            ecep:pron="waɪl">While</w>
         <c> </c>
         <w xml:id="bah18-100990"
            n="a-0260"
            ecep:lem="worth"
            ecep:pos="j"
            ecep:reg="worth"
            ecep:spe="worth"
            ecep:syllab="1"
            ecep:pron="wɜːθ">worth</w>
         <c> </c>
         <w xml:id="bah18-101000"
            n="a-0270"
            ecep:lem="and"
            ecep:pos="cc"
            ecep:reg="and"
            ecep:spe="and"
            ecep:syllab="1"
            ecep:pron="ænd">and</w>
         <c> </c>
         <w xml:id="bah18-101010"
            n="a-0280"
            ecep:lem="honour"
            ecep:pos="n1"
            ecep:reg="honour"
            ecep:spe="honour"
            ecep:syllab="1"
            ecep:pron="ˈɒnə">honour</w>
         <c> </c>
         <w xml:id="bah18-101020"
            n="a-0290"
            ecep:lem="our"
            ecep:pos="po12"
            ecep:reg="our"
            ecep:spe="our"
            ecep:syllab="2"
            ecep:pron="aʊə">our</w>
         <c> </c>
         <w xml:id="bah18-101030"
            n="a-0300"
            ecep:lem="respect"
            ecep:pos="n1"
            ecep:reg="respect"
            ecep:spe="respect"
            ecep:syllab="2"
            ecep:pron="rɪˈspekt">respect</w>
         <c> </c>
         <w xml:id="bah18-101040"
            n="a-0310"
            ecep:lem="shall"
            ecep:pos="vmb"
            ecep:reg="shall"
            ecep:spe="shall"
            ecep:syllab="1"
            ecep:pron="ʃæl">shall</w>
         <c> </c>
         <w xml:id="bah18-101050"
            n="a-0320"
            ecep:lem="claim"
            ecep:pos="vvi"
            ecep:reg="claim"
            ecep:spe="claim"
            ecep:syllab="1"
            ecep:pron="kleɪm">claim</w>
         <pc xml:id="bah18-101060"
             n="a-0330"
             ecep:lem=","
             ecep:pos=","
             ecep:reg=","
             ecep:spe=",">,</pc>
      </l>
      <l xml:id="bah18-l04530">
         <c> </c>
         <w xml:id="bah18-101070"
            n="a-0340"
            ecep:lem="revere"
            ecep:pos="j-vvn"
            ecep:reg="Revered"
            ecep:spe="Rever'd"
            ecep:syllab="2"
            ecep:pron="rɪˈvɪəd">Rever'd</w>
         <c> </c>
         <w xml:id="bah18-101080"
            n="a-0350"
            ecep:lem="shall"
            ecep:pos="vmb"
            ecep:reg="shall"
            ecep:spe="shall"
            ecep:syllab="1"
            ecep:pron="ʃæl">shall</w>
         <c> </c>
         <w xml:id="bah18-101090"
            n="a-0360"
            ecep:lem="be"
            ecep:pos="vbi"
            ecep:reg="be"
            ecep:spe="be"
            ecep:syllab="1"
            ecep:pron="biː">be</w>
         <c> </c>
         <w xml:id="bah18-101100"
            n="a-0370"
            ecep:lem="thy"
            ecep:pos="po21"
            ecep:reg="thy"
            ecep:spe="thy"
            ecep:syllab="1"
            ecep:pron="ðaɪ">thy</w>
         <c> </c>
         <w xml:id="bah18-101110"
            n="a-0380"
            ecep:lem="fair"
            ecep:pos="j"
            ecep:reg="fair"
            ecep:spe="fair"
            ecep:syllab="1"
            ecep:pron="feə">fair</w>
         <c> </c>
         <w xml:id="bah18-101120"
            n="a-0390"
            ecep:lem="unspotted"
            ecep:pos="j"
            ecep:reg="unspotted"
            ecep:spe="unspotted"
            ecep:syllab="3"
            ecep:pron="ʌnˈspɒtɪd">unspotted</w>
         <c> </c>
         <w xml:id="bah18-101130"
            n="a-0400"
            ecep:lem="name"
            ecep:pos="n1"
            ecep:reg="name"
            ecep:spe="name"
            ecep:syllab="1"
            ecep:pron="neɪm">name</w>
         <pc xml:id="bah18-101140"
             n="a-0410"
             unit="sentence"
             ecep:lem="."
             ecep:pos="."
             ecep:reg="."
             ecep:spe=".">.</pc>
         <c> </c>
      </l>
   </lg>
   <trailer>
      <hi>
         <w xml:id="bah18-101170"
            n="a-0420"
            ecep:lem="ROBERT"
            ecep:pos="np1"
            ecep:reg="ROBERT"
            ecep:spe="ROBERT"
            ecep:syllab="2"
            ecep:pron="ˈrɒbət">ROBERT</w>
         <c> </c>
         <w xml:id="bah18-101180"
            n="a-0430"
            ecep:lem="home"
            ecep:pos="av-an"
            ecep:reg="HOME"
            ecep:spe="HOME"
            ecep:syllab="1"
            ecep:pron="həʊm">HOME</w>
         <pc xml:id="bah18-101190"
             n="a-0440"
             unit="sentence"
             ecep:lem="."
             ecep:pos="."
             ecep:reg="."
             ecep:spe=".">.</pc>
         <c> </c>
      </hi>
   </trailer>
</div>
