<?xml version="1.0" encoding="utf-8"?>
<!DOCTYPE div
  SYSTEM "about:legacy-compat">
<div xmlns:ecep="http://www.eighteenthcenturypoetry.org/ns"
     xmlns="http://www.tei-c.org/ns/1.0"
     xmlns:tei="http://www.tei-c.org/ns/1.0"
     ana="#iamb #tetrameter #quatrain #cross #ode"
     corresp="#txt_CollWi1721_w0009"
     decls="#semi-normalized"
     ecep:syllab="8.8.8.8"
     met="-+|-+|-+|-+/ -+|-+|-+|-+/ -+|-+|-+|-+/ -+|-+|-+|-+/"
     rendition="#lgvspace"
     rhyme="abab"
     subtype="eceptext"
     type="ode"
     xml:id="o4985-w0020">
   <link target="authors.xml#aut_CollWi1721" type="author"/>
   <link target="32266" type="DMI"/>
   <head type="main">
      <w xml:id="o4985-032770"
         n="17-a-0010"
         ecep:lem="ode"
         ecep:pos="n1"
         ecep:reg="ODE"
         ecep:spe="ODE"
         ecep:syllab="1"
         ecep:pron="əʊd">ODE</w>
      <c> </c>
      <w xml:id="o4985-032780"
         n="17-a-0020"
         ecep:lem="on"
         ecep:pos="p-acp"
         ecep:reg="ON"
         ecep:spe="ON"
         ecep:syllab="1"
         ecep:pron="ɒn">ON</w>
      <c> </c>
      <w xml:id="o4985-032790"
         n="17-a-0030"
         ecep:lem="the"
         ecep:pos="dt"
         ecep:reg="THE"
         ecep:spe="THE"
         ecep:syllab="1"
         ecep:pron="ðiː">THE</w>
      <c> </c>
      <w xml:id="o4985-032800"
         n="17-a-0040"
         ecep:lem="death"
         ecep:pos="n1"
         ecep:reg="DEATH"
         ecep:spe="DEATH"
         ecep:syllab="1"
         ecep:pron="deθ">DEATH</w>
      <c> </c>
      <w xml:id="o4985-032810"
         n="17-a-0050"
         ecep:lem="of"
         ecep:pos="pp-f"
         ecep:reg="OF"
         ecep:spe="OF"
         ecep:syllab="1"
         ecep:pron="ɒv">OF</w>
      <c> </c>
      <w xml:id="o4985-032820"
         n="17-a-0060"
         ecep:lem="mr."
         ecep:pos="n1"
         ecep:reg="MR."
         ecep:spe="MR."
         ecep:syllab="2"
         ecep:pron="mɪstə">MR.</w>
      <c> </c>
      <w xml:id="o4985-032830"
         n="17-a-0070"
         ecep:lem="JAMES"
         ecep:pos="np1"
         ecep:reg="JAMES"
         ecep:spe="JAMES"
         ecep:syllab="1"
         ecep:pron="ˈdʒeɪmz">JAMES</w>
      <c> </c>
      <w xml:id="o4985-032840"
         n="17-a-0080"
         ecep:lem="Thomson"
         ecep:pos="np1"
         ecep:reg="THOMSON"
         ecep:spe="THOMSON"
         ecep:syllab="2"
         ecep:pron="tˈɒmsən">THOMSON</w>
      <pc xml:id="o4985-032850"
          n="17-a-0090"
          unit="sentence"
          ecep:lem="."
          ecep:pos="."
          ecep:reg="."
          ecep:spe=".">.</pc>
   </head>
   <byline>
      <w xml:id="o4985-032880"
         n="17-a-0100"
         ecep:lem="by"
         ecep:pos="p-acp"
         ecep:reg="BY"
         ecep:spe="BY"
         ecep:syllab="1"
         ecep:pron="baɪ">BY</w>
      <c> </c>
      <w xml:id="o4985-032890"
         n="17-a-0110"
         ecep:lem="the"
         ecep:pos="dt"
         ecep:reg="THE"
         ecep:spe="THE"
         ecep:syllab="1"
         ecep:pron="ðiː">THE</w>
      <c> </c>
      <w xml:id="o4985-032900"
         n="17-a-0120"
         ecep:lem="same"
         ecep:pos="d"
         ecep:reg="SAME"
         ecep:spe="SAME"
         ecep:syllab="1"
         ecep:pron="seɪm">SAME</w>
      <pc xml:id="o4985-032910"
          n="17-a-0130"
          unit="sentence"
          ecep:lem="."
          ecep:pos="."
          ecep:reg="."
          ecep:spe=".">.</pc>
   </byline>
   <lg xml:id="o4985-s00165">
      <l xml:id="o4985-l01525">
         <w xml:id="o4985-032940"
            n="17-a-0140"
            ecep:lem="in"
            ecep:pos="p-acp"
            ecep:reg="IN"
            ecep:spe="IN"
            ecep:syllab="1"
            ecep:pron="ɪn">IN</w>
         <c> </c>
         <w xml:id="o4985-032950"
            n="17-a-0150"
            ecep:lem="yonder"
            ecep:pos="d"
            ecep:reg="yonder"
            ecep:spe="yonder"
            ecep:syllab="2"
            ecep:pron="ˈjɒndə">yonder</w>
         <note n="c" place="bottom" xml:id="o4985-n00045">
            <w xml:id="o4985-033010"
               n="17-a-0160"
               ecep:lem="the"
               ecep:pos="dt"
               ecep:reg="The"
               ecep:spe="The"
               ecep:syllab="1"
               ecep:pron="ðiː">The</w>
            <c> </c>
            <w xml:id="o4985-033020"
               n="17-a-0170"
               ecep:lem="scene"
               ecep:pos="n1"
               ecep:reg="scene"
               ecep:spe="scene"
               ecep:syllab="1"
               ecep:pron="siːn">scene</w>
            <c> </c>
            <w xml:id="o4985-033030"
               n="17-a-0180"
               ecep:lem="of"
               ecep:pos="pp-f"
               ecep:reg="of"
               ecep:spe="of"
               ecep:syllab="1"
               ecep:pron="ɒv">of</w>
            <c> </c>
            <w xml:id="o4985-033040"
               n="17-a-0190"
               ecep:lem="the"
               ecep:pos="dt"
               ecep:reg="the"
               ecep:spe="the"
               ecep:syllab="1"
               ecep:pron="ðiː">the</w>
            <c> </c>
            <w xml:id="o4985-033050"
               n="17-a-0200"
               ecep:lem="follow"
               ecep:pos="j-vvg"
               ecep:reg="following"
               ecep:spe="following"
               ecep:syllab="3"
               ecep:pron="ˈfɒləʊɪŋ">following</w>
            <c> </c>
            <w xml:id="o4985-033060"
               n="17-a-0210"
               ecep:lem="stanza"
               ecep:pos="n2"
               ecep:reg="stanzas"
               ecep:spe="stanzas"
               ecep:syllab="2"
               ecep:pron="ˈstænzəz">stanzas</w>
            <c> </c>
            <w xml:id="o4985-033070"
               n="17-a-0220"
               ecep:lem="be"
               ecep:pos="vbz"
               ecep:reg="is"
               ecep:spe="is"
               ecep:syllab="1"
               ecep:pron="ɪz">is</w>
            <c> </c>
            <w xml:id="o4985-033080"
               n="17-a-0230"
               ecep:lem="suppose"
               ecep:pos="vvn"
               ecep:reg="supposed"
               ecep:spe="supposed"
               ecep:syllab="2"
               ecep:pron="səˈpəʊzd">supposed</w>
            <c> </c>
            <w xml:id="o4985-033090"
               n="17-a-0240"
               ecep:lem="to"
               ecep:pos="pc-acp"
               ecep:reg="to"
               ecep:spe="to"
               ecep:syllab="1"
               ecep:pron="tuː">to</w>
            <c> </c>
            <w xml:id="o4985-033100"
               n="17-a-0250"
               ecep:lem="lie"
               ecep:pos="vvi"
               ecep:reg="lie"
               ecep:spe="lie"
               ecep:syllab="1"
               ecep:pron="laɪ">lie</w>
            <c> </c>
            <w xml:id="o4985-033110"
               n="17-a-0260"
               ecep:lem="on"
               ecep:pos="p-acp"
               ecep:reg="on"
               ecep:spe="on"
               ecep:syllab="1"
               ecep:pron="ɒn">on</w>
            <c> </c>
            <w xml:id="o4985-033120"
               n="17-a-0270"
               ecep:lem="the"
               ecep:pos="dt"
               ecep:reg="the"
               ecep:spe="the"
               ecep:syllab="1"
               ecep:pron="ðiː">the</w>
            <c> </c>
            <w xml:id="o4985-033130"
               n="17-a-0280"
               ecep:lem="Thames"
               ecep:pos="np1"
               ecep:reg="Thames"
               ecep:spe="Thames"
               ecep:syllab="1"
               ecep:pron="ˈtemz">Thames</w>
            <c> </c>
            <w xml:id="o4985-033140"
               n="17-a-0290"
               ecep:lem="near"
               ecep:pos="j"
               ecep:reg="near"
               ecep:spe="near"
               ecep:syllab="1"
               ecep:pron="nɪə">near</w>
            <c> </c>
            <w xml:id="o4985-033150"
               n="17-a-0300"
               ecep:lem="Richmond"
               ecep:pos="np1"
               ecep:reg="Richmond"
               ecep:spe="Richmond"
               ecep:syllab="2"
               ecep:pron="ˈrɪtʃmənd">Richmond</w>
            <pc xml:id="o4985-033160"
                n="17-a-0310"
                unit="sentence"
                ecep:lem="."
                ecep:pos="."
                ecep:reg="."
                ecep:spe=".">.</pc>
         </note>
         <c> </c>
         <w xml:id="o4985-032960"
            n="17-a-0320"
            ecep:lem="grove"
            ecep:pos="n1"
            ecep:reg="grove"
            ecep:spe="grove"
            ecep:syllab="1"
            ecep:pron="grəʊv">grove</w>
         <c> </c>
         <w xml:id="o4985-032970"
            n="17-a-0330"
            ecep:lem="a"
            ecep:pos="dt"
            ecep:reg="a"
            ecep:spe="a"
            ecep:syllab="1"
            ecep:pron="ə">a</w>
         <c> </c>
         <w xml:id="o4985-032980"
            n="17-a-0340"
            ecep:lem="druid"
            ecep:pos="n1"
            ecep:reg="Druid"
            ecep:spe="Druid"
            ecep:syllab="2"
            ecep:pron="ˈdruːɪd">Druid</w>
         <c> </c>
         <w xml:id="o4985-032990"
            n="17-a-0350"
            ecep:lem="lie"
            ecep:pos="vvz"
            ecep:reg="lies"
            ecep:spe="lies"
            ecep:syllab="1"
            ecep:pron="laɪz">lies</w>
      </l>
      <l xml:id="o4985-l01530">
         <c> </c>
         <w xml:id="o4985-033170"
            n="17-a-0360"
            ecep:lem="where"
            ecep:pos="c-crq"
            ecep:reg="Where"
            ecep:spe="Where"
            ecep:syllab="1"
            ecep:pron="weə">Where</w>
         <c> </c>
         <w xml:id="o4985-033180"
            n="17-a-0370"
            ecep:lem="slow"
            ecep:pos="av-j"
            ecep:reg="slowly"
            ecep:spe="slowly"
            ecep:syllab="2"
            ecep:pron="sləʊli">slowly</w>
         <c> </c>
         <w xml:id="o4985-033190"
            n="17-a-0380"
            ecep:lem="wind"
            ecep:pos="vvz"
            ecep:reg="winds"
            ecep:spe="winds"
            ecep:syllab="1"
            ecep:pron="waɪndz">winds</w>
         <c> </c>
         <w xml:id="o4985-033200"
            n="17-a-0390"
            ecep:lem="the"
            ecep:pos="dt"
            ecep:reg="the"
            ecep:spe="the"
            ecep:syllab="1"
            ecep:pron="ðiː">the</w>
         <c> </c>
         <w xml:id="o4985-033210"
            n="17-a-0400"
            ecep:lem="steal"
            ecep:pos="vvg"
            ecep:reg="stealing"
            ecep:spe="stealing"
            ecep:syllab="2"
            ecep:pron="stiːlɪŋ">stealing</w>
         <c> </c>
         <w xml:id="o4985-033220"
            n="17-a-0410"
            ecep:lem="wave"
            ecep:pos="n1"
            ecep:reg="wave"
            ecep:spe="wave"
            ecep:syllab="1"
            ecep:pron="weɪv">wave</w>
         <pc xml:id="o4985-033230"
             n="17-a-0420"
             unit="sentence"
             ecep:lem="!"
             ecep:pos="!"
             ecep:reg="!"
             ecep:spe="!">!</pc>
         <c> </c>
      </l>
      <l xml:id="o4985-l01535">
         <w xml:id="o4985-033240"
            n="17-a-0430"
            ecep:lem="the"
            ecep:pos="dt"
            ecep:reg="The"
            ecep:spe="The"
            ecep:syllab="1"
            ecep:pron="ðiː">The</w>
         <c> </c>
         <w xml:id="o4985-033250"
            n="17-a-0440"
            ecep:lem="year"
            ecep:pos="ng1"
            ecep:reg="year's"
            ecep:spe="year's"
            ecep:syllab="1"
            ecep:pron="ˈjɪəz">year's</w>
         <c> </c>
         <w xml:id="o4985-033260"
            n="17-a-0450"
            ecep:lem="best"
            ecep:pos="js"
            ecep:reg="best"
            ecep:spe="best"
            ecep:syllab="1"
            ecep:pron="best">best</w>
         <c> </c>
         <w xml:id="o4985-033270"
            n="17-a-0460"
            ecep:lem="sweet"
            ecep:pos="n2-j"
            ecep:reg="sweets"
            ecep:spe="sweets"
            ecep:syllab="1"
            ecep:pron="swiːts">sweets</w>
         <c> </c>
         <w xml:id="o4985-033280"
            n="17-a-0470"
            ecep:lem="shall"
            ecep:pos="vmb"
            ecep:reg="shall"
            ecep:spe="shall"
            ecep:syllab="1"
            ecep:pron="ʃæl">shall</w>
         <c> </c>
         <w xml:id="o4985-033290"
            n="17-a-0480"
            ecep:lem="duteous"
            ecep:pos="j"
            ecep:reg="duteous"
            ecep:spe="duteous"
            ecep:syllab="3"
            ecep:pron="ˈdʒuːtiəs">duteous</w>
         <c> </c>
         <w xml:id="o4985-033300"
            n="17-a-0490"
            ecep:lem="rise"
            ecep:pos="vvi"
            ecep:reg="rise"
            ecep:spe="rise"
            ecep:syllab="1"
            ecep:pron="raɪz">rise</w>
      </l>
      <l xml:id="o4985-l01540">
         <c> </c>
         <w xml:id="o4985-033310"
            n="17-a-0500"
            ecep:lem="to"
            ecep:pos="pc-acp"
            ecep:reg="To"
            ecep:spe="To"
            ecep:syllab="1"
            ecep:pron="tuː">To</w>
         <c> </c>
         <w xml:id="o4985-033320"
            n="17-a-0510"
            ecep:lem="deck"
            ecep:pos="vvi"
            ecep:reg="deck"
            ecep:spe="deck"
            ecep:syllab="1"
            ecep:pron="dek">deck</w>
         <c> </c>
         <w xml:id="o4985-033330"
            n="17-a-0520"
            ecep:lem="its"
            ecep:pos="po31"
            ecep:reg="its"
            ecep:spe="its"
            ecep:syllab="1"
            ecep:pron="ɪts">its</w>
         <c> </c>
         <w xml:id="o4985-033340"
            n="17-a-0530"
            ecep:lem="poet"
            ecep:pos="ng1"
            ecep:reg="Poet's"
            ecep:spe="Poet's"
            ecep:syllab="2"
            ecep:pron="ˈpəʊɪts">Poet's</w>
         <c> </c>
         <w xml:id="o4985-033350"
            n="17-a-0540"
            ecep:lem="sylvan"
            ecep:pos="j"
            ecep:reg="sylvan"
            ecep:spe="sylvan"
            ecep:syllab="2"
            ecep:pron="ˈsɪlvən">sylvan</w>
         <c> </c>
         <w xml:id="o4985-033360"
            n="17-a-0550"
            ecep:lem="grave"
            ecep:pos="n1"
            ecep:reg="grave"
            ecep:spe="grave"
            ecep:syllab="1"
            ecep:pron="grɑːv">grave</w>
         <pc xml:id="o4985-033370"
             n="17-a-0560"
             unit="sentence"
             ecep:lem="!"
             ecep:pos="!"
             ecep:reg="!"
             ecep:spe="!">!</pc>
         <c> </c>
      </l>
   </lg>
   <lg xml:id="o4985-s00170">
      <l xml:id="o4985-l01545">
         <w xml:id="o4985-033400"
            n="17-a-0570"
            ecep:lem="in"
            ecep:pos="p-acp"
            ecep:reg="In"
            ecep:spe="In"
            ecep:syllab="1"
            ecep:pron="ɪn">In</w>
         <c> </c>
         <w xml:id="o4985-033410"
            n="17-a-0580"
            ecep:lem="yond"
            ecep:pos="d"
            ecep:reg="yonder"
            ecep:spe="yon"
            ecep:syllab="1"
            ecep:pron="jɒn">yon</w>
         <c> </c>
         <w xml:id="o4985-033420"
            n="17-a-0590"
            ecep:lem="deep"
            ecep:pos="j-jn"
            ecep:reg="deep"
            ecep:spe="deep"
            ecep:syllab="1"
            ecep:pron="diːp">deep</w>
         <c> </c>
         <w xml:id="o4985-033430"
            n="17-a-0600"
            ecep:lem="bed"
            ecep:pos="n1"
            ecep:reg="bed"
            ecep:spe="bed"
            ecep:syllab="1"
            ecep:pron="bed">bed</w>
         <c> </c>
         <w xml:id="o4985-033440"
            n="17-a-0610"
            ecep:lem="of"
            ecep:pos="pp-f"
            ecep:reg="of"
            ecep:spe="of"
            ecep:syllab="1"
            ecep:pron="ɒv">of</w>
         <c> </c>
         <w xml:id="o4985-033450"
            n="17-a-0620"
            ecep:lem="whisper"
            ecep:pos="j-vvg"
            ecep:reg="whispering"
            ecep:spe="whispering"
            ecep:syllab="3"
            ecep:pron="ˈwɪsprɪŋ">whispering</w>
         <c> </c>
         <w xml:id="o4985-033460"
            n="17-a-0630"
            ecep:lem="reed"
            ecep:pos="n2"
            ecep:reg="reeds"
            ecep:spe="reeds"
            ecep:syllab="1"
            ecep:pron="riːdz">reeds</w>
      </l>
      <l xml:id="o4985-l01550">
         <c> </c>
         <w xml:id="o4985-033470"
            n="17-a-0640"
            ecep:lem="his"
            ecep:pos="po31"
            ecep:reg="His"
            ecep:spe="His"
            ecep:syllab="1"
            ecep:pron="hɪz">His</w>
         <c> </c>
         <w xml:id="o4985-033480"
            n="17-a-0650"
            ecep:lem="airy"
            ecep:pos="j"
            ecep:reg="airy"
            ecep:spe="airy"
            ecep:syllab="2"
            ecep:pron="ˈeəri">airy</w>
         <c> </c>
         <w xml:id="o4985-033490"
            n="17-a-0660"
            ecep:lem="harp"
            ecep:pos="n1"
            ecep:reg="harp"
            ecep:spe="harp"
            ecep:syllab="1"
            ecep:pron="hɑːp">harp</w>
         <note n="d" place="bottom" xml:id="o4985-n00050">
            <w xml:id="o4985-033560"
               n="17-a-0670"
               ecep:lem="the"
               ecep:pos="dt"
               ecep:reg="The"
               ecep:spe="The"
               ecep:syllab="1"
               ecep:pron="ðiː">The</w>
            <c> </c>
            <w xml:id="o4985-033570"
               n="17-a-0680"
               ecep:lem="harp"
               ecep:pos="n1"
               ecep:reg="harp"
               ecep:spe="harp"
               ecep:syllab="1"
               ecep:pron="hɑːp">harp</w>
            <c> </c>
            <w xml:id="o4985-033580"
               n="17-a-0690"
               ecep:lem="of"
               ecep:pos="pp-f"
               ecep:reg="of"
               ecep:spe="of"
               ecep:syllab="1"
               ecep:pron="ɒv">of</w>
            <c> </c>
            <w xml:id="o4985-033590"
               n="17-a-0700"
               ecep:lem="Aeolus"
               ecep:pos="np1"
               ecep:reg="Aeolus"
               ecep:spe="Aeolus"
               ecep:syllab="3"
               ecep:pron="ˈiːələs">Aeolus</w>
            <pc xml:id="o4985-033600"
                n="17-a-0710"
                ecep:lem=","
                ecep:pos=","
                ecep:reg=","
                ecep:spe=",">,</pc>
            <c> </c>
            <w xml:id="o4985-033610"
               n="17-a-0720"
               ecep:lem="of"
               ecep:pos="pp-f"
               ecep:reg="of"
               ecep:spe="of"
               ecep:syllab="1"
               ecep:pron="ɒv">of</w>
            <c> </c>
            <w xml:id="o4985-033620"
               n="17-a-0730"
               ecep:lem="which"
               ecep:pos="r-crq"
               ecep:reg="which"
               ecep:spe="which"
               ecep:syllab="1"
               ecep:pron="wɪtʃ">which</w>
            <c> </c>
            <w xml:id="o4985-033630"
               n="17-a-0740"
               ecep:lem="see"
               ecep:pos="vvb"
               ecep:reg="see"
               ecep:spe="see"
               ecep:syllab="1"
               ecep:pron="siː">see</w>
            <c> </c>
            <w xml:id="o4985-033640"
               n="17-a-0750"
               ecep:lem="a"
               ecep:pos="dt"
               ecep:reg="a"
               ecep:spe="a"
               ecep:syllab="1"
               ecep:pron="ə">a</w>
            <c> </c>
            <w xml:id="o4985-033650"
               n="17-a-0760"
               ecep:lem="description"
               ecep:pos="n1"
               ecep:reg="description"
               ecep:spe="description"
               ecep:syllab="3"
               ecep:pron="dɪˈskrɪpʃn">description</w>
            <c> </c>
            <w xml:id="o4985-033660"
               n="17-a-0770"
               ecep:lem="in"
               ecep:pos="p-acp"
               ecep:reg="in"
               ecep:spe="in"
               ecep:syllab="1"
               ecep:pron="ɪn">in</w>
            <c> </c>
            <w xml:id="o4985-033670"
               n="17-a-0780"
               ecep:lem="the"
               ecep:pos="dt"
               ecep:reg="the"
               ecep:spe="the"
               ecep:syllab="1"
               ecep:pron="ðiː">the</w>
            <c> </c>
            <w xml:id="o4985-033680"
               n="17-a-0790"
               ecep:lem="castle"
               ecep:pos="n1"
               ecep:reg="Castle"
               ecep:spe="Castle"
               ecep:syllab="2"
               ecep:pron="ˈkɑːsl">Castle</w>
            <c> </c>
            <w xml:id="o4985-033690"
               n="17-a-0800"
               ecep:lem="of"
               ecep:pos="pp-f"
               ecep:reg="of"
               ecep:spe="of"
               ecep:syllab="1"
               ecep:pron="ɒv">of</w>
            <c> </c>
            <w xml:id="o4985-033700"
               n="17-a-0810"
               ecep:lem="indolence"
               ecep:pos="n1"
               ecep:reg="Indolence"
               ecep:spe="Indolence"
               ecep:syllab="3"
               ecep:pron="ˈɪndləns">Indolence</w>
            <pc xml:id="o4985-033710"
                n="17-a-0820"
                unit="sentence"
                ecep:lem="."
                ecep:pos="."
                ecep:reg="."
                ecep:spe=".">.</pc>
         </note>
         <c> </c>
         <w xml:id="o4985-033500"
            n="17-a-0830"
            ecep:lem="shall"
            ecep:pos="vmb"
            ecep:reg="shall"
            ecep:spe="shall"
            ecep:syllab="1"
            ecep:pron="ʃæl">shall</w>
         <c> </c>
         <w xml:id="o4985-033510"
            n="17-a-0840"
            ecep:lem="now"
            ecep:pos="av"
            ecep:reg="now"
            ecep:spe="now"
            ecep:syllab="1"
            ecep:pron="naʊ">now</w>
         <c> </c>
         <w xml:id="o4985-033520"
            n="17-a-0850"
            ecep:lem="be"
            ecep:pos="vbi"
            ecep:reg="be"
            ecep:spe="be"
            ecep:syllab="1"
            ecep:pron="biː">be</w>
         <c> </c>
         <w xml:id="o4985-033530"
            n="17-a-0860"
            ecep:lem="lay"
            ecep:pos="vvn"
            ecep:reg="laid"
            ecep:spe="laid"
            ecep:syllab="1"
            ecep:pron="leɪd">laid</w>
         <pc xml:id="o4985-033540"
             n="17-a-0870"
             ecep:lem=","
             ecep:pos=","
             ecep:reg=","
             ecep:spe=",">,</pc>
      </l>
      <l xml:id="o4985-l01555">
         <c> </c>
         <w xml:id="o4985-033720"
            n="17-a-0880"
            ecep:lem="that"
            ecep:pos="cst"
            ecep:reg="That"
            ecep:spe="That"
            ecep:syllab="1"
            ecep:pron="ðæt">That</w>
         <c> </c>
         <w xml:id="o4985-033730"
            n="17-a-0890"
            ecep:lem="he"
            ecep:pos="pns31"
            ecep:reg="he"
            ecep:spe="he"
            ecep:syllab="1"
            ecep:pron="hiː">he</w>
         <pc xml:id="o4985-033740"
             n="17-a-0900"
             ecep:lem=","
             ecep:pos=","
             ecep:reg=","
             ecep:spe=",">,</pc>
         <c> </c>
         <w xml:id="o4985-033750"
            n="17-a-0910"
            ecep:lem="who"
            ecep:pos="r-crq"
            ecep:reg="whose"
            ecep:spe="whose"
            ecep:syllab="1"
            ecep:pron="huːz">whose</w>
         <c> </c>
         <w xml:id="o4985-033760"
            n="17-a-0920"
            ecep:lem="heart"
            ecep:pos="n1"
            ecep:reg="heart"
            ecep:spe="heart"
            ecep:syllab="1"
            ecep:pron="hɑːt">heart</w>
         <c> </c>
         <w xml:id="o4985-033770"
            n="17-a-0930"
            ecep:lem="in"
            ecep:pos="p-acp"
            ecep:reg="in"
            ecep:spe="in"
            ecep:syllab="1"
            ecep:pron="ɪn">in</w>
         <c> </c>
         <w xml:id="o4985-033780"
            n="17-a-0940"
            ecep:lem="sorrow"
            ecep:pos="n1"
            ecep:reg="sorrow"
            ecep:spe="sorrow"
            ecep:syllab="2"
            ecep:pron="ˈsɒrəʊ">sorrow</w>
         <c> </c>
         <w xml:id="o4985-033790"
            n="17-a-0950"
            ecep:lem="bleed"
            ecep:pos="vvz"
            ecep:reg="bleeds"
            ecep:spe="bleeds"
            ecep:syllab="1"
            ecep:pron="bliːdz">bleeds</w>
         <pc xml:id="o4985-033800"
             n="17-a-0960"
             ecep:lem=","
             ecep:pos=","
             ecep:reg=","
             ecep:spe=",">,</pc>
      </l>
      <l xml:id="o4985-l01560">
         <c> </c>
         <w xml:id="o4985-033810"
            n="17-a-0970"
            ecep:lem="may"
            ecep:pos="vmb"
            ecep:reg="May"
            ecep:spe="May"
            ecep:syllab="1"
            ecep:pron="meɪ">May</w>
         <c> </c>
         <w xml:id="o4985-033820"
            n="17-a-0980"
            ecep:lem="love"
            ecep:pos="vvi"
            ecep:reg="love"
            ecep:spe="love"
            ecep:syllab="1"
            ecep:pron="lʌv">love</w>
         <c> </c>
         <w xml:id="o4985-033830"
            n="17-a-0990"
            ecep:lem="through"
            ecep:pos="p-acp"
            ecep:reg="through"
            ecep:spe="thro'"
            ecep:syllab="1"
            ecep:pron="θruː">thro'</w>
         <c> </c>
         <w xml:id="o4985-033840"
            n="17-a-1000"
            ecep:lem="life"
            ecep:pos="n1"
            ecep:reg="life"
            ecep:spe="life"
            ecep:syllab="1"
            ecep:pron="laɪf">life</w>
         <c> </c>
         <w xml:id="o4985-033850"
            n="17-a-1010"
            ecep:lem="the"
            ecep:pos="dt"
            ecep:reg="the"
            ecep:spe="the"
            ecep:syllab="1"
            ecep:pron="ðiː">the</w>
         <c> </c>
         <w xml:id="o4985-033860"
            n="17-a-1020"
            ecep:lem="soothe"
            ecep:pos="vvg"
            ecep:reg="soothing"
            ecep:spe="soothing"
            ecep:syllab="2"
            ecep:pron="suːðɪŋ">soothing</w>
         <c> </c>
         <w xml:id="o4985-033870"
            n="17-a-1030"
            ecep:lem="shade"
            ecep:pos="n1"
            ecep:reg="shade"
            ecep:spe="shade"
            ecep:syllab="1"
            ecep:pron="ʃeɪd">shade</w>
         <pc xml:id="o4985-033880"
             n="17-a-1040"
             unit="sentence"
             ecep:lem="."
             ecep:pos="."
             ecep:reg="."
             ecep:spe=".">.</pc>
         <c> </c>
      </l>
   </lg>
   <lg xml:id="o4985-s00175">
      <l xml:id="o4985-l01565">
         <w xml:id="o4985-033910"
            n="17-a-1050"
            ecep:lem="then"
            ecep:pos="av"
            ecep:reg="Then"
            ecep:spe="Then"
            ecep:syllab="1"
            ecep:pron="ðen">Then</w>
         <c> </c>
         <w xml:id="o4985-033920"
            n="17-a-1060"
            ecep:lem="maid"
            ecep:pos="n2"
            ecep:reg="maids"
            ecep:spe="maids"
            ecep:syllab="1"
            ecep:pron="meɪdz">maids</w>
         <c> </c>
         <w xml:id="o4985-033930"
            n="17-a-1070"
            ecep:lem="and"
            ecep:pos="cc"
            ecep:reg="and"
            ecep:spe="and"
            ecep:syllab="1"
            ecep:pron="ænd">and</w>
         <c> </c>
         <w xml:id="o4985-033940"
            n="17-a-1080"
            ecep:lem="youth"
            ecep:pos="n2"
            ecep:reg="youths"
            ecep:spe="youths"
            ecep:syllab="1"
            ecep:pron="juːðz">youths</w>
         <c> </c>
         <w xml:id="o4985-033950"
            n="17-a-1090"
            ecep:lem="shall"
            ecep:pos="vmb"
            ecep:reg="shall"
            ecep:spe="shall"
            ecep:syllab="1"
            ecep:pron="ʃæl">shall</w>
         <c> </c>
         <w xml:id="o4985-033960"
            n="17-a-1100"
            ecep:lem="linger"
            ecep:pos="vvi"
            ecep:reg="linger"
            ecep:spe="linger"
            ecep:syllab="2"
            ecep:pron="ˈlɪŋgə">linger</w>
         <c> </c>
         <w xml:id="o4985-033970"
            n="17-a-1110"
            ecep:lem="here"
            ecep:pos="av"
            ecep:reg="here"
            ecep:spe="here"
            ecep:syllab="1"
            ecep:pron="hɪə">here</w>
         <pc xml:id="o4985-033980"
             n="17-a-1120"
             ecep:lem=","
             ecep:pos=","
             ecep:reg=","
             ecep:spe=",">,</pc>
      </l>
      <l xml:id="o4985-l01570">
         <c> </c>
         <w xml:id="o4985-033990"
            n="17-a-1130"
            ecep:lem="and"
            ecep:pos="cc"
            ecep:reg="And"
            ecep:spe="And"
            ecep:syllab="1"
            ecep:pron="ænd">And</w>
         <c> </c>
         <w xml:id="o4985-034000"
            n="17-a-1140"
            ecep:lem="while"
            ecep:pos="cs"
            ecep:reg="while"
            ecep:spe="while"
            ecep:syllab="1"
            ecep:pron="ˈwaɪl">while</w>
         <c> </c>
         <w xml:id="o4985-034010"
            n="17-a-1150"
            ecep:lem="its"
            ecep:pos="po31"
            ecep:reg="its"
            ecep:spe="its"
            ecep:syllab="1"
            ecep:pron="ɪts">its</w>
         <c> </c>
         <w xml:id="o4985-034020"
            n="17-a-1160"
            ecep:lem="sound"
            ecep:pos="n2"
            ecep:reg="sounds"
            ecep:spe="sounds"
            ecep:syllab="1"
            ecep:pron="saʊndz">sounds</w>
         <c> </c>
         <w xml:id="o4985-034030"
            n="17-a-1170"
            ecep:lem="at"
            ecep:pos="p-acp"
            ecep:reg="at"
            ecep:spe="at"
            ecep:syllab="1"
            ecep:pron="æt">at</w>
         <c> </c>
         <w xml:id="o4985-034040"
            n="17-a-1180"
            ecep:lem="distance"
            ecep:pos="n1"
            ecep:reg="distance"
            ecep:spe="distance"
            ecep:syllab="2"
            ecep:pron="ˈdɪstns">distance</w>
         <c> </c>
         <w xml:id="o4985-034050"
            n="17-a-1190"
            ecep:lem="swell"
            ecep:pos="vvi"
            ecep:reg="swell"
            ecep:spe="swell"
            ecep:syllab="1"
            ecep:pron="swel">swell</w>
         <pc xml:id="o4985-034060"
             n="17-a-1200"
             ecep:lem=","
             ecep:pos=","
             ecep:reg=","
             ecep:spe=",">,</pc>
      </l>
      <l xml:id="o4985-l01575">
         <c> </c>
         <w xml:id="o4985-034070"
            n="17-a-1210"
            ecep:lem="shall"
            ecep:pos="vmb"
            ecep:reg="Shall"
            ecep:spe="Shall"
            ecep:syllab="1"
            ecep:pron="ʃæl">Shall</w>
         <c> </c>
         <w xml:id="o4985-034080"
            n="17-a-1220"
            ecep:lem="sad"
            ecep:pos="av-j"
            ecep:reg="sadly"
            ecep:spe="sadly"
            ecep:syllab="2"
            ecep:pron="sædli">sadly</w>
         <c> </c>
         <w xml:id="o4985-034090"
            n="17-a-1230"
            ecep:lem="seem"
            ecep:pos="vvi"
            ecep:reg="seem"
            ecep:spe="seem"
            ecep:syllab="1"
            ecep:pron="siːm">seem</w>
         <c> </c>
         <w xml:id="o4985-034100"
            n="17-a-1240"
            ecep:lem="in"
            ecep:pos="p-acp"
            ecep:reg="in"
            ecep:spe="in"
            ecep:syllab="1"
            ecep:pron="ɪn">in</w>
         <c> </c>
         <w xml:id="o4985-034110"
            n="17-a-1250"
            ecep:lem="pity"
            ecep:pos="ng1"
            ecep:reg="Pity's"
            ecep:spe="Pity's"
            ecep:syllab="2"
            ecep:pron="ˈpɪtiz">Pity's</w>
         <c> </c>
         <w xml:id="o4985-034120"
            n="17-a-1260"
            ecep:lem="ear"
            ecep:pos="n1"
            ecep:reg="ear"
            ecep:spe="ear"
            ecep:syllab="1"
            ecep:pron="ɪə">ear</w>
      </l>
      <l xml:id="o4985-l01580">
         <c> </c>
         <w xml:id="o4985-034130"
            n="17-a-1270"
            ecep:lem="to"
            ecep:pos="pc-acp"
            ecep:reg="To"
            ecep:spe="To"
            ecep:syllab="1"
            ecep:pron="tuː">To</w>
         <c> </c>
         <w xml:id="o4985-034140"
            n="17-a-1280"
            ecep:lem="hear"
            ecep:pos="vvi"
            ecep:reg="hear"
            ecep:spe="hear"
            ecep:syllab="1"
            ecep:pron="hɪə">hear</w>
         <c> </c>
         <w xml:id="o4985-034150"
            n="17-a-1290"
            ecep:lem="the"
            ecep:pos="dt"
            ecep:reg="the"
            ecep:spe="the"
            ecep:syllab="1"
            ecep:pron="ðiː">the</w>
         <c> </c>
         <w xml:id="o4985-034160"
            n="17-a-1300"
            ecep:lem="woodland"
            ecep:pos="n1"
            ecep:reg="woodland"
            ecep:spe="woodland"
            ecep:syllab="2"
            ecep:pron="ˈwʊdlənd">woodland</w>
         <c> </c>
         <w xml:id="o4985-034170"
            n="17-a-1310"
            ecep:lem="pilgrim"
            ecep:pos="ng1"
            ecep:reg="pilgrim's"
            ecep:spe="pilgrim's"
            ecep:syllab="2"
            ecep:pron="ˈpɪlgrɪmz">pilgrim's</w>
         <c> </c>
         <w xml:id="o4985-034180"
            n="17-a-1320"
            ecep:lem="knell"
            ecep:pos="n1"
            ecep:reg="knell"
            ecep:spe="knell"
            ecep:syllab="1"
            ecep:pron="nel">knell</w>
         <pc xml:id="o4985-034190"
             n="17-a-1330"
             unit="sentence"
             ecep:lem="."
             ecep:pos="."
             ecep:reg="."
             ecep:spe=".">.</pc>
         <c> </c>
      </l>
   </lg>
   <pb facs="o4985/0021" n="16" rend="none"/>
   <lg xml:id="o4985-s00180">
      <l xml:id="o4985-l01585">
         <w xml:id="o4985-034220"
            n="18-a-0010"
            ecep:lem="remembrance"
            ecep:pos="n1"
            ecep:reg="Remembrance"
            ecep:spe="Remembrance"
            ecep:syllab="3"
            ecep:pron="rɪˈmembrns">Remembrance</w>
         <c> </c>
         <w xml:id="o4985-034230"
            n="18-a-0020"
            ecep:lem="oft"
            ecep:pos="av"
            ecep:reg="oft"
            ecep:spe="oft"
            ecep:syllab="1"
            ecep:pron="ɒft">oft</w>
         <c> </c>
         <w xml:id="o4985-034240"
            n="18-a-0030"
            ecep:lem="shall"
            ecep:pos="vmb"
            ecep:reg="shall"
            ecep:spe="shall"
            ecep:syllab="1"
            ecep:pron="ʃæl">shall</w>
         <c> </c>
         <w xml:id="o4985-034250"
            n="18-a-0040"
            ecep:lem="haunt"
            ecep:pos="vvi"
            ecep:reg="haunt"
            ecep:spe="haunt"
            ecep:syllab="1"
            ecep:pron="hɔːnt">haunt</w>
         <c> </c>
         <w xml:id="o4985-034260"
            n="18-a-0050"
            ecep:lem="the"
            ecep:pos="dt"
            ecep:reg="the"
            ecep:spe="the"
            ecep:syllab="1"
            ecep:pron="ðiː">the</w>
         <c> </c>
         <w xml:id="o4985-034270"
            n="18-a-0060"
            ecep:lem="shore"
            ecep:pos="n1"
            ecep:reg="shore"
            ecep:spe="shore"
            ecep:syllab="1"
            ecep:pron="ʃɔː">shore</w>
      </l>
      <l xml:id="o4985-l01590">
         <c> </c>
         <w xml:id="o4985-034280"
            n="18-a-0070"
            ecep:lem="when"
            ecep:pos="c-crq"
            ecep:reg="When"
            ecep:spe="When"
            ecep:syllab="1"
            ecep:pron="wen">When</w>
         <c> </c>
         <w xml:id="o4985-034290"
            n="18-a-0080"
            ecep:lem="Thames"
            ecep:pos="np1"
            ecep:reg="Thames"
            ecep:spe="Thames"
            ecep:syllab="1"
            ecep:pron="ˈtemz">Thames</w>
         <c> </c>
         <w xml:id="o4985-034300"
            n="18-a-0090"
            ecep:lem="in"
            ecep:pos="p-acp"
            ecep:reg="in"
            ecep:spe="in"
            ecep:syllab="1"
            ecep:pron="ɪn">in</w>
         <c> </c>
         <w xml:id="o4985-034310"
            n="18-a-0100"
            ecep:lem="summer"
            ecep:pos="n1"
            ecep:reg="summer"
            ecep:spe="summer"
            ecep:syllab="2"
            ecep:pron="ˈsʌmə">summer</w>
         <c> </c>
         <w xml:id="o4985-034320"
            n="18-a-0110"
            ecep:lem="wreath"
            ecep:pos="n2"
            ecep:reg="wreaths"
            ecep:spe="wreaths"
            ecep:syllab="1"
            ecep:pron="riːðz">wreaths</w>
         <c> </c>
         <w xml:id="o4985-034330"
            n="18-a-0120"
            ecep:lem="be"
            ecep:pos="vbz"
            ecep:reg="is"
            ecep:spe="is"
            ecep:syllab="1"
            ecep:pron="ɪz">is</w>
         <c> </c>
         <w xml:id="o4985-034340"
            n="18-a-0130"
            ecep:lem="dress"
            ecep:pos="vvn"
            ecep:reg="dressed"
            ecep:spe="drest"
            ecep:syllab="1"
            ecep:pron="drest">drest</w>
         <pc xml:id="o4985-034350"
             n="18-a-0140"
             ecep:lem=","
             ecep:pos=","
             ecep:reg=","
             ecep:spe=",">,</pc>
      </l>
      <l xml:id="o4985-l01595">
         <c> </c>
         <w xml:id="o4985-034360"
            n="18-a-0150"
            ecep:lem="and"
            ecep:pos="cc"
            ecep:reg="And"
            ecep:spe="And"
            ecep:syllab="1"
            ecep:pron="ænd">And</w>
         <c> </c>
         <w xml:id="o4985-034370"
            n="18-a-0160"
            ecep:lem="oft"
            ecep:pos="av"
            ecep:reg="oft"
            ecep:spe="oft"
            ecep:syllab="1"
            ecep:pron="ɒft">oft</w>
         <c> </c>
         <w xml:id="o4985-034380"
            n="18-a-0170"
            ecep:lem="suspend"
            ecep:pos="vvb"
            ecep:reg="suspend"
            ecep:spe="suspend"
            ecep:syllab="2"
            ecep:pron="səˈspend">suspend</w>
         <c> </c>
         <w xml:id="o4985-034390"
            n="18-a-0180"
            ecep:lem="the"
            ecep:pos="dt"
            ecep:reg="the"
            ecep:spe="the"
            ecep:syllab="1"
            ecep:pron="ðiː">the</w>
         <c> </c>
         <w xml:id="o4985-034400"
            n="18-a-0190"
            ecep:lem="dash"
            ecep:pos="j-vvg"
            ecep:reg="dashing"
            ecep:spe="dashing"
            ecep:syllab="2"
            ecep:pron="ˈdæʃɪŋ">dashing</w>
         <c> </c>
         <w xml:id="o4985-034410"
            n="18-a-0200"
            ecep:lem="oar"
            ecep:pos="n1"
            ecep:reg="oar"
            ecep:spe="oar"
            ecep:syllab="1"
            ecep:pron="ɔː">oar</w>
      </l>
      <l xml:id="o4985-l01600">
         <c> </c>
         <w xml:id="o4985-034420"
            n="18-a-0210"
            ecep:lem="to"
            ecep:pos="pc-acp"
            ecep:reg="To"
            ecep:spe="To"
            ecep:syllab="1"
            ecep:pron="tuː">To</w>
         <c> </c>
         <w xml:id="o4985-034430"
            n="18-a-0220"
            ecep:lem="bid"
            ecep:pos="vvi"
            ecep:reg="bid"
            ecep:spe="bid"
            ecep:syllab="1"
            ecep:pron="bɪd">bid</w>
         <c> </c>
         <w xml:id="o4985-034440"
            n="18-a-0230"
            ecep:lem="his"
            ecep:pos="po31"
            ecep:reg="his"
            ecep:spe="his"
            ecep:syllab="1"
            ecep:pron="hɪz">his</w>
         <c> </c>
         <w xml:id="o4985-034450"
            n="18-a-0240"
            ecep:lem="gentle"
            ecep:pos="j-jn"
            ecep:reg="gentle"
            ecep:spe="gentle"
            ecep:syllab="2"
            ecep:pron="ˈdʒentl">gentle</w>
         <c> </c>
         <w xml:id="o4985-034460"
            n="18-a-0250"
            ecep:lem="spirit"
            ecep:pos="n1"
            ecep:reg="spirit"
            ecep:spe="spirit"
            ecep:syllab="2"
            ecep:pron="ˈspɪrɪt">spirit</w>
         <c> </c>
         <w xml:id="o4985-034470"
            n="18-a-0260"
            ecep:lem="rest"
            ecep:pos="n1"
            ecep:reg="rest"
            ecep:spe="rest"
            ecep:syllab="1"
            ecep:pron="rest">rest</w>
         <pc xml:id="o4985-034480"
             n="18-a-0270"
             unit="sentence"
             ecep:lem="!"
             ecep:pos="!"
             ecep:reg="!"
             ecep:spe="!">!</pc>
         <c> </c>
      </l>
   </lg>
   <lg xml:id="o4985-s00185">
      <l xml:id="o4985-l01605">
         <w xml:id="o4985-034510"
            n="18-a-0280"
            ecep:lem="and"
            ecep:pos="cc"
            ecep:reg="And"
            ecep:spe="And"
            ecep:syllab="1"
            ecep:pron="ænd">And</w>
         <c> </c>
         <w xml:id="o4985-034520"
            n="18-a-0290"
            ecep:lem="oft"
            ecep:pos="av"
            ecep:reg="oft"
            ecep:spe="oft"
            ecep:syllab="1"
            ecep:pron="ɒft">oft</w>
         <c> </c>
         <w xml:id="o4985-034530"
            n="18-a-0300"
            ecep:lem="as"
            ecep:pos="c-acp"
            ecep:reg="as"
            ecep:spe="as"
            ecep:syllab="1"
            ecep:pron="æz">as</w>
         <c> </c>
         <w xml:id="o4985-034540"
            n="18-a-0310"
            ecep:lem="ease"
            ecep:pos="n1"
            ecep:reg="Ease"
            ecep:spe="Ease"
            ecep:syllab="1"
            ecep:pron="iːz">Ease</w>
         <c> </c>
         <w xml:id="o4985-034550"
            n="18-a-0320"
            ecep:lem="and"
            ecep:pos="cc"
            ecep:reg="and"
            ecep:spe="and"
            ecep:syllab="1"
            ecep:pron="ænd">and</w>
         <c> </c>
         <w xml:id="o4985-034560"
            n="18-a-0330"
            ecep:lem="health"
            ecep:pos="n1"
            ecep:reg="Health"
            ecep:spe="Health"
            ecep:syllab="1"
            ecep:pron="helθ">Health</w>
         <c> </c>
         <w xml:id="o4985-034570"
            n="18-a-0340"
            ecep:lem="retire"
            ecep:pos="vvi"
            ecep:reg="retire"
            ecep:spe="retire"
            ecep:syllab="3"
            ecep:pron="rɪˈtæə">retire</w>
      </l>
      <l xml:id="o4985-l01610">
         <c> </c>
         <w xml:id="o4985-034580"
            n="18-a-0350"
            ecep:lem="to"
            ecep:pos="p-acp"
            ecep:reg="To"
            ecep:spe="To"
            ecep:syllab="1"
            ecep:pron="tuː">To</w>
         <c> </c>
         <w xml:id="o4985-034590"
            n="18-a-0360"
            ecep:lem="breezy"
            ecep:pos="j"
            ecep:reg="breezy"
            ecep:spe="breezy"
            ecep:syllab="2"
            ecep:pron="ˈbriːzi">breezy</w>
         <c> </c>
         <w xml:id="o4985-034600"
            n="18-a-0370"
            ecep:lem="lawn"
            ecep:pos="n1"
            ecep:reg="lawn"
            ecep:spe="lawn"
            ecep:syllab="1"
            ecep:pron="lɔːn">lawn</w>
         <pc xml:id="o4985-034610"
             n="18-a-0380"
             ecep:lem=","
             ecep:pos=","
             ecep:reg=","
             ecep:spe=",">,</pc>
         <c> </c>
         <w xml:id="o4985-034620"
            n="18-a-0390"
            ecep:lem="or"
            ecep:pos="cc"
            ecep:reg="or"
            ecep:spe="or"
            ecep:syllab="1"
            ecep:pron="ɔː">or</w>
         <c> </c>
         <w xml:id="o4985-034630"
            n="18-a-0400"
            ecep:lem="forest"
            ecep:pos="n1"
            ecep:reg="forest"
            ecep:spe="forest"
            ecep:syllab="2"
            ecep:pron="ˈfɒrɪst">forest</w>
         <c> </c>
         <w xml:id="o4985-034640"
            n="18-a-0410"
            ecep:lem="deep"
            ecep:pos="j-jn"
            ecep:reg="deep"
            ecep:spe="deep"
            ecep:syllab="1"
            ecep:pron="diːp">deep</w>
         <pc xml:id="o4985-034650"
             n="18-a-0420"
             ecep:lem=","
             ecep:pos=","
             ecep:reg=","
             ecep:spe=",">,</pc>
      </l>
      <l xml:id="o4985-l01615">
         <c> </c>
         <w xml:id="o4985-034660"
            n="18-a-0430"
            ecep:lem="the"
            ecep:pos="dt"
            ecep:reg="The"
            ecep:spe="The"
            ecep:syllab="1"
            ecep:pron="ðiː">The</w>
         <c> </c>
         <w xml:id="o4985-034670"
            n="18-a-0440"
            ecep:lem="friend"
            ecep:pos="n1"
            ecep:reg="friend"
            ecep:spe="friend"
            ecep:syllab="1"
            ecep:pron="frend">friend</w>
         <c> </c>
         <w xml:id="o4985-034680"
            n="18-a-0450"
            ecep:lem="shall"
            ecep:pos="vmb"
            ecep:reg="shall"
            ecep:spe="shall"
            ecep:syllab="1"
            ecep:pron="ʃæl">shall</w>
         <c> </c>
         <w xml:id="o4985-034690"
            n="18-a-0460"
            ecep:lem="view"
            ecep:pos="vvi"
            ecep:reg="view"
            ecep:spe="view"
            ecep:syllab="1"
            ecep:pron="vjuː">view</w>
         <c> </c>
         <w xml:id="o4985-034700"
            n="18-a-0470"
            ecep:lem="yond"
            ecep:pos="d"
            ecep:reg="yonder"
            ecep:spe="yon"
            ecep:syllab="1"
            ecep:pron="jɒn">yon</w>
         <c> </c>
         <w xml:id="o4985-034710"
            n="18-a-0480"
            ecep:lem="whiten"
            ecep:pos="j-vvg"
            ecep:reg="whitening"
            ecep:spe="whitening"
            ecep:syllab="3"
            ecep:pron="ˈwaɪtnɪŋ">whitening</w>
         <note n="e" place="bottom" xml:id="o4985-n00055">
            <w xml:id="o4985-034750"
               n="18-a-0490"
               ecep:lem="Richmond"
               ecep:pos="np1"
               ecep:reg="Richmond"
               ecep:spe="Richmond"
               ecep:syllab="2"
               ecep:pron="ˈrɪtʃmənd">Richmond</w>
            <c> </c>
            <w xml:id="o4985-034760"
               n="18-a-0500"
               ecep:lem="church"
               ecep:pos="n1"
               ecep:reg="church"
               ecep:spe="church"
               ecep:syllab="1"
               ecep:pron="tʃɜːtʃ">church</w>
            <pc xml:id="o4985-034770"
                n="18-a-0510"
                unit="sentence"
                ecep:lem="."
                ecep:pos="."
                ecep:reg="."
                ecep:spe=".">.</pc>
         </note>
         <c> </c>
         <w xml:id="o4985-034720"
            n="18-a-0520"
            ecep:lem="spire"
            ecep:pos="n1"
            ecep:reg="spire"
            ecep:spe="spire"
            ecep:syllab="1"
            ecep:pron="spaɪə">spire</w>
         <pc xml:id="o4985-034730"
             n="18-a-0530"
             ecep:lem=","
             ecep:pos=","
             ecep:reg=","
             ecep:spe=",">,</pc>
      </l>
      <l xml:id="o4985-l01620">
         <c> </c>
         <w xml:id="o4985-034780"
            n="18-a-0540"
            ecep:lem="and"
            ecep:pos="cc"
            ecep:reg="And"
            ecep:spe="And"
            ecep:syllab="1"
            ecep:pron="ænd">And</w>
         <c> </c>
         <w xml:id="o4985-034790"
            n="18-a-0550"
            ecep:lem="amid"
            ecep:pos="p-acp"
            ecep:reg="mid"
            ecep:spe="mid"
            ecep:syllab="1"
            ecep:pron="mɪd">mid</w>
         <c> </c>
         <w xml:id="o4985-034800"
            n="18-a-0560"
            ecep:lem="the"
            ecep:pos="dt"
            ecep:reg="the"
            ecep:spe="the"
            ecep:syllab="1"
            ecep:pron="ðiː">the</w>
         <c> </c>
         <w xml:id="o4985-034810"
            n="18-a-0570"
            ecep:lem="vary"
            ecep:pos="j-vvn"
            ecep:reg="varied"
            ecep:spe="varied"
            ecep:syllab="2"
            ecep:pron="ˈveərɪd">varied</w>
         <c> </c>
         <w xml:id="o4985-034820"
            n="18-a-0580"
            ecep:lem="landscape"
            ecep:pos="n1"
            ecep:reg="landscape"
            ecep:spe="landscape"
            ecep:syllab="2"
            ecep:pron="ˈlænskeɪp">landscape</w>
         <c> </c>
         <w xml:id="o4985-034830"
            n="18-a-0590"
            ecep:lem="weep"
            ecep:pos="vvi"
            ecep:reg="weep"
            ecep:spe="weep"
            ecep:syllab="1"
            ecep:pron="wiːp">weep</w>
         <pc xml:id="o4985-034840"
             n="18-a-0600"
             unit="sentence"
             ecep:lem="."
             ecep:pos="."
             ecep:reg="."
             ecep:spe=".">.</pc>
         <c> </c>
      </l>
   </lg>
   <lg xml:id="o4985-s00190">
      <l xml:id="o4985-l01625">
         <w xml:id="o4985-034870"
            n="18-a-0610"
            ecep:lem="but"
            ecep:pos="p-acp"
            ecep:reg="But"
            ecep:spe="But"
            ecep:syllab="1"
            ecep:pron="bʌt">But</w>
         <c> </c>
         <w xml:id="o4985-034880"
            n="18-a-0620"
            ecep:lem="thou"
            ecep:pos="pns21"
            ecep:reg="thou"
            ecep:spe="thou"
            ecep:syllab="1"
            ecep:pron="θaʊ">thou</w>
         <pc xml:id="o4985-034890"
             n="18-a-0630"
             ecep:lem=","
             ecep:pos=","
             ecep:reg=","
             ecep:spe=",">,</pc>
         <c> </c>
         <w xml:id="o4985-034900"
            n="18-a-0640"
            ecep:lem="who"
            ecep:pos="q-crq"
            ecep:reg="who"
            ecep:spe="who"
            ecep:syllab="1"
            ecep:pron="huː">who</w>
         <c> </c>
         <w xml:id="o4985-034910"
            n="18-a-0650"
            ecep:lem="own"
            ecep:pos="vv2"
            ecep:reg="ownest"
            ecep:spe="own'st"
            ecep:syllab="1"
            ecep:pron="əʊnst">own'st</w>
         <c> </c>
         <w xml:id="o4985-034920"
            n="18-a-0660"
            ecep:lem="that"
            ecep:pos="d"
            ecep:reg="that"
            ecep:spe="that"
            ecep:syllab="1"
            ecep:pron="ðæt">that</w>
         <c> </c>
         <w xml:id="o4985-034930"
            n="18-a-0670"
            ecep:lem="earthy"
            ecep:pos="j"
            ecep:reg="earthy"
            ecep:spe="earthy"
            ecep:syllab="2"
            ecep:pron="ˈɜːθi">earthy</w>
         <c> </c>
         <w xml:id="o4985-034940"
            n="18-a-0680"
            ecep:lem="bed"
            ecep:pos="n1"
            ecep:reg="bed"
            ecep:spe="bed"
            ecep:syllab="1"
            ecep:pron="bed">bed</w>
         <pc xml:id="o4985-034950"
             n="18-a-0690"
             ecep:lem=","
             ecep:pos=","
             ecep:reg=","
             ecep:spe=",">,</pc>
      </l>
      <l xml:id="o4985-l01630">
         <c> </c>
         <w xml:id="o4985-034960"
            n="18-a-0700"
            ecep:lem="ah"
            ecep:pos="uh"
            ecep:reg="Ah"
            ecep:spe="Ah"
            ecep:syllab="1"
            ecep:pron="ɑː">Ah</w>
         <pc xml:id="o4985-034965"
             n="18-a-0705"
             ecep:lem="!"
             ecep:pos="!"
             ecep:reg="!"
             ecep:spe="!">!</pc>
         <c> </c>
         <w xml:id="o4985-034970"
            n="18-a-0710"
            ecep:lem="what"
            ecep:pos="q-crq"
            ecep:reg="what"
            ecep:spe="what"
            ecep:syllab="1"
            ecep:pron="wɒt">what</w>
         <c> </c>
         <w xml:id="o4985-034980"
            n="18-a-0720"
            ecep:lem="will"
            ecep:pos="vmb"
            ecep:reg="will"
            ecep:spe="will"
            ecep:syllab="1"
            ecep:pron="wɪl">will</w>
         <c> </c>
         <w xml:id="o4985-034990"
            n="18-a-0730"
            ecep:lem="every"
            ecep:pos="d"
            ecep:reg="every"
            ecep:spe="every"
            ecep:syllab="2"
            ecep:pron="ˈevri">every</w>
         <c> </c>
         <w xml:id="o4985-035000"
            n="18-a-0740"
            ecep:lem="dirge"
            ecep:pos="n1"
            ecep:reg="dirge"
            ecep:spe="dirge"
            ecep:syllab="1"
            ecep:pron="dɜːdʒ">dirge</w>
         <c> </c>
         <w xml:id="o4985-035010"
            n="18-a-0750"
            ecep:lem="avail"
            ecep:pos="vvi"
            ecep:reg="avail"
            ecep:spe="avail"
            ecep:syllab="2"
            ecep:pron="əˈveɪl">avail</w>
         <pc xml:id="o4985-035020"
             n="18-a-0760"
             unit="sentence"
             ecep:lem="?"
             ecep:pos="?"
             ecep:reg="?"
             ecep:spe="?">?</pc>
         <c> </c>
      </l>
      <l xml:id="o4985-l01635">
         <w xml:id="o4985-035030"
            n="18-a-0770"
            ecep:lem="or"
            ecep:pos="cc"
            ecep:reg="Or"
            ecep:spe="Or"
            ecep:syllab="1"
            ecep:pron="ɔː">Or</w>
         <c> </c>
         <w xml:id="o4985-035040"
            n="18-a-0780"
            ecep:lem="tear"
            ecep:pos="n2"
            ecep:reg="tears"
            ecep:spe="tears"
            ecep:syllab="1"
            ecep:pron="tɪəz">tears</w>
         <pc xml:id="o4985-035050"
             n="18-a-0790"
             ecep:lem=","
             ecep:pos=","
             ecep:reg=","
             ecep:spe=",">,</pc>
         <c> </c>
         <w xml:id="o4985-035060"
            n="18-a-0800"
            ecep:lem="which"
            ecep:pos="r-crq"
            ecep:reg="which"
            ecep:spe="which"
            ecep:syllab="1"
            ecep:pron="wɪtʃ">which</w>
         <c> </c>
         <w xml:id="o4985-035070"
            n="18-a-0810"
            ecep:lem="love"
            ecep:pos="n1"
            ecep:reg="Love"
            ecep:spe="Love"
            ecep:syllab="1"
            ecep:pron="lʌv">Love</w>
         <c> </c>
         <w xml:id="o4985-035080"
            n="18-a-0820"
            ecep:lem="and"
            ecep:pos="cc"
            ecep:reg="and"
            ecep:spe="and"
            ecep:syllab="1"
            ecep:pron="ænd">and</w>
         <c> </c>
         <w xml:id="o4985-035090"
            n="18-a-0830"
            ecep:lem="pity"
            ecep:pos="vvb"
            ecep:reg="Pity"
            ecep:spe="Pity"
            ecep:syllab="2"
            ecep:pron="ˈpɪti">Pity</w>
         <c> </c>
         <w xml:id="o4985-035100"
            n="18-a-0840"
            ecep:lem="shed"
            ecep:pos="n1"
            ecep:reg="shed"
            ecep:spe="shed"
            ecep:syllab="1"
            ecep:pron="ʃed">shed</w>
         <pc xml:id="o4985-035110"
             n="18-a-0850"
             ecep:lem=","
             ecep:pos=","
             ecep:reg=","
             ecep:spe=",">,</pc>
      </l>
      <l xml:id="o4985-l01640">
         <c> </c>
         <w xml:id="o4985-035120"
            n="18-a-0860"
            ecep:lem="that"
            ecep:pos="cst"
            ecep:reg="That"
            ecep:spe="That"
            ecep:syllab="1"
            ecep:pron="ðæt">That</w>
         <c> </c>
         <w xml:id="o4985-035130"
            n="18-a-0870"
            ecep:lem="mourn"
            ecep:pos="vvb"
            ecep:reg="mourn"
            ecep:spe="mourn"
            ecep:syllab="1"
            ecep:pron="mɔːn">mourn</w>
         <c> </c>
         <w xml:id="o4985-035140"
            n="18-a-0880"
            ecep:lem="beneath"
            ecep:pos="p-acp"
            ecep:reg="beneath"
            ecep:spe="beneath"
            ecep:syllab="2"
            ecep:pron="bɪˈniːθ">beneath</w>
         <c> </c>
         <w xml:id="o4985-035150"
            n="18-a-0890"
            ecep:lem="the"
            ecep:pos="dt"
            ecep:reg="the"
            ecep:spe="the"
            ecep:syllab="1"
            ecep:pron="ðiː">the</w>
         <c> </c>
         <w xml:id="o4985-035160"
            n="18-a-0900"
            ecep:lem="glide"
            ecep:pos="j-vvg"
            ecep:reg="gliding"
            ecep:spe="gliding"
            ecep:syllab="2"
            ecep:pron="glaɪdɪŋ">gliding</w>
         <c> </c>
         <w xml:id="o4985-035170"
            n="18-a-0910"
            ecep:lem="sail"
            ecep:pos="n1"
            ecep:reg="sail"
            ecep:spe="sail"
            ecep:syllab="1"
            ecep:pron="seɪl">sail</w>
         <pc xml:id="o4985-035180"
             n="18-a-0920"
             unit="sentence"
             ecep:lem="!"
             ecep:pos="!"
             ecep:reg="!"
             ecep:spe="!">!</pc>
         <c> </c>
      </l>
   </lg>
   <lg xml:id="o4985-s00195">
      <l xml:id="o4985-l01645">
         <w xml:id="o4985-035210"
            n="18-a-0930"
            ecep:lem="yet"
            ecep:pos="av"
            ecep:reg="Yet"
            ecep:spe="Yet"
            ecep:syllab="1"
            ecep:pron="jet">Yet</w>
         <c> </c>
         <w xml:id="o4985-035220"
            n="18-a-0940"
            ecep:lem="live"
            ecep:pos="vvz"
            ecep:reg="lives"
            ecep:spe="lives"
            ecep:syllab="1"
            ecep:pron="lɪvz">lives</w>
         <c> </c>
         <w xml:id="o4985-035230"
            n="18-a-0950"
            ecep:lem="there"
            ecep:pos="a-acp"
            ecep:reg="there"
            ecep:spe="there"
            ecep:syllab="1"
            ecep:pron="ðeə">there</w>
         <c> </c>
         <w xml:id="o4985-035240"
            n="18-a-0960"
            ecep:lem="one"
            ecep:pos="crd"
            ecep:reg="one"
            ecep:spe="one"
            ecep:syllab="1"
            ecep:pron="wʌn">one</w>
         <pc xml:id="o4985-035250"
             n="18-a-0970"
             ecep:lem=","
             ecep:pos=","
             ecep:reg=","
             ecep:spe=",">,</pc>
         <c> </c>
         <w xml:id="o4985-035260"
            n="18-a-0980"
            ecep:lem="who"
            ecep:pos="r-crq"
            ecep:reg="whose"
            ecep:spe="whose"
            ecep:syllab="1"
            ecep:pron="huːz">whose</w>
         <c> </c>
         <w xml:id="o4985-035270"
            n="18-a-0990"
            ecep:lem="heedless"
            ecep:pos="j"
            ecep:reg="heedless"
            ecep:spe="heedless"
            ecep:syllab="2"
            ecep:pron="ˈhiːdləs">heedless</w>
         <c> </c>
         <w xml:id="o4985-035280"
            n="18-a-1000"
            ecep:lem="eye"
            ecep:pos="n1"
            ecep:reg="eye"
            ecep:spe="eye"
            ecep:syllab="1"
            ecep:pron="aɪ">eye</w>
      </l>
      <l xml:id="o4985-l01650">
         <c> </c>
         <w xml:id="o4985-035290"
            n="18-a-1010"
            ecep:lem="shall"
            ecep:pos="vmb"
            ecep:reg="Shall"
            ecep:spe="Shall"
            ecep:syllab="1"
            ecep:pron="ʃæl">Shall</w>
         <c> </c>
         <w xml:id="o4985-035300"
            n="18-a-1020"
            ecep:lem="scorn"
            ecep:pos="vvi"
            ecep:reg="scorn"
            ecep:spe="scorn"
            ecep:syllab="1"
            ecep:pron="skɔːn">scorn</w>
         <c> </c>
         <w xml:id="o4985-035310"
            n="18-a-1030"
            ecep:lem="thy"
            ecep:pos="po21"
            ecep:reg="thy"
            ecep:spe="thy"
            ecep:syllab="1"
            ecep:pron="ðaɪ">thy</w>
         <c> </c>
         <w xml:id="o4985-035320"
            n="18-a-1040"
            ecep:lem="pale"
            ecep:pos="j"
            ecep:reg="pale"
            ecep:spe="pale"
            ecep:syllab="1"
            ecep:pron="peɪl">pale</w>
         <c> </c>
         <w xml:id="o4985-035330"
            n="18-a-1050"
            ecep:lem="shrine"
            ecep:pos="n1"
            ecep:reg="shrine"
            ecep:spe="shrine"
            ecep:syllab="1"
            ecep:pron="ʃraɪn">shrine</w>
         <c> </c>
         <w xml:id="o4985-035340"
            n="18-a-1060"
            ecep:lem="glimmer"
            ecep:pos="vvg"
            ecep:reg="glimmering"
            ecep:spe="glimmering"
            ecep:syllab="3"
            ecep:pron="ˈglɪməɪŋ">glimmering</w>
         <c> </c>
         <w xml:id="o4985-035350"
            n="18-a-1070"
            ecep:lem="near"
            ecep:pos="av-j"
            ecep:reg="near"
            ecep:spe="near"
            ecep:syllab="1"
            ecep:pron="nɪə">near</w>
         <pc xml:id="o4985-035360"
             n="18-a-1080"
             unit="sentence"
             ecep:lem="!"
             ecep:pos="!"
             ecep:reg="!"
             ecep:spe="!">!</pc>
         <c> </c>
      </l>
      <l xml:id="o4985-l01655">
         <w xml:id="o4985-035370"
            n="18-a-1090"
            ecep:lem="with"
            ecep:pos="p-acp"
            ecep:reg="With"
            ecep:spe="With"
            ecep:syllab="1"
            ecep:pron="wɪð">With</w>
         <c> </c>
         <w xml:id="o4985-035380"
            n="18-a-1100"
            ecep:lem="he"
            ecep:pos="pno31"
            ecep:reg="him"
            ecep:spe="him"
            ecep:syllab="1"
            ecep:pron="hɪm">him</w>
         <pc xml:id="o4985-035390"
             n="18-a-1110"
             ecep:lem=","
             ecep:pos=","
             ecep:reg=","
             ecep:spe=",">,</pc>
         <c> </c>
         <w xml:id="o4985-035400"
            n="18-a-1120"
            ecep:lem="sweet"
            ecep:pos="j"
            ecep:reg="sweet"
            ecep:spe="sweet"
            ecep:syllab="1"
            ecep:pron="swiːt">sweet</w>
         <c> </c>
         <w xml:id="o4985-035410"
            n="18-a-1130"
            ecep:lem="bard"
            ecep:pos="n1"
            ecep:reg="Bard"
            ecep:spe="Bard"
            ecep:syllab="1"
            ecep:pron="bɑːd">Bard</w>
         <pc xml:id="o4985-035420"
             n="18-a-1140"
             ecep:lem=","
             ecep:pos=","
             ecep:reg=","
             ecep:spe=",">,</pc>
         <c> </c>
         <w xml:id="o4985-035430"
            n="18-a-1150"
            ecep:lem="may"
            ecep:pos="vmb"
            ecep:reg="may"
            ecep:spe="may"
            ecep:syllab="1"
            ecep:pron="meɪ">may</w>
         <c> </c>
         <w xml:id="o4985-035440"
            n="18-a-1160"
            ecep:lem="fancy"
            ecep:pos="n1"
            ecep:reg="Fancy"
            ecep:spe="Fancy"
            ecep:syllab="2"
            ecep:pron="ˈfænsi">Fancy</w>
         <c> </c>
         <w xml:id="o4985-035450"
            n="18-a-1170"
            ecep:lem="die"
            ecep:pos="vvi"
            ecep:reg="die"
            ecep:spe="die"
            ecep:syllab="1"
            ecep:pron="daɪ">die</w>
         <pc xml:id="o4985-035460"
             n="18-a-1180"
             ecep:lem=","
             ecep:pos=","
             ecep:reg=","
             ecep:spe=",">,</pc>
      </l>
      <l xml:id="o4985-l01660">
         <c> </c>
         <w xml:id="o4985-035470"
            n="18-a-1190"
            ecep:lem="and"
            ecep:pos="cc"
            ecep:reg="And"
            ecep:spe="And"
            ecep:syllab="1"
            ecep:pron="ænd">And</w>
         <c> </c>
         <w xml:id="o4985-035480"
            n="18-a-1200"
            ecep:lem="joy"
            ecep:pos="n1"
            ecep:reg="Joy"
            ecep:spe="Joy"
            ecep:syllab="1"
            ecep:pron="dʒɔɪ">Joy</w>
         <c> </c>
         <w xml:id="o4985-035490"
            n="18-a-1210"
            ecep:lem="desert"
            ecep:pos="vvi"
            ecep:reg="desert"
            ecep:spe="desert"
            ecep:syllab="2"
            ecep:pron="ˈdezət">desert</w>
         <c> </c>
         <w xml:id="o4985-035500"
            n="18-a-1220"
            ecep:lem="the"
            ecep:pos="dt"
            ecep:reg="the"
            ecep:spe="the"
            ecep:syllab="1"
            ecep:pron="ðiː">the</w>
         <c> </c>
         <w xml:id="o4985-035510"
            n="18-a-1230"
            ecep:lem="bloom"
            ecep:pos="j-vvg"
            ecep:reg="blooming"
            ecep:spe="blooming"
            ecep:syllab="2"
            ecep:pron="bluːmɪŋ">blooming</w>
         <c> </c>
         <w xml:id="o4985-035520"
            n="18-a-1240"
            ecep:lem="year"
            ecep:pos="n1"
            ecep:reg="year"
            ecep:spe="year"
            ecep:syllab="1"
            ecep:pron="jɪə">year</w>
         <pc xml:id="o4985-035530"
             n="18-a-1250"
             unit="sentence"
             ecep:lem="."
             ecep:pos="."
             ecep:reg="."
             ecep:spe=".">.</pc>
         <c> </c>
      </l>
   </lg>
   <lg xml:id="o4985-s00200">
      <l xml:id="o4985-l01665">
         <w xml:id="o4985-035560"
            n="18-a-1260"
            ecep:lem="but"
            ecep:pos="p-acp"
            ecep:reg="But"
            ecep:spe="But"
            ecep:syllab="1"
            ecep:pron="bʌt">But</w>
         <c> </c>
         <w xml:id="o4985-035570"
            n="18-a-1270"
            ecep:lem="thou"
            ecep:pos="pns21"
            ecep:reg="thou"
            ecep:spe="thou"
            ecep:syllab="1"
            ecep:pron="θaʊ">thou</w>
         <pc xml:id="o4985-035580"
             n="18-a-1280"
             ecep:lem=","
             ecep:pos=","
             ecep:reg=","
             ecep:spe=",">,</pc>
         <c> </c>
         <w xml:id="o4985-035590"
            n="18-a-1290"
            ecep:lem="lorn"
            ecep:pos="j"
            ecep:reg="lorn"
            ecep:spe="lorn"
            ecep:syllab="1"
            ecep:pron="lɔːn">lorn</w>
         <c> </c>
         <w xml:id="o4985-035600"
            n="18-a-1300"
            ecep:lem="stream"
            ecep:pos="n1"
            ecep:reg="stream"
            ecep:spe="stream"
            ecep:syllab="1"
            ecep:pron="striːm">stream</w>
         <pc xml:id="o4985-035610"
             n="18-a-1310"
             ecep:lem=","
             ecep:pos=","
             ecep:reg=","
             ecep:spe=",">,</pc>
         <c> </c>
         <w xml:id="o4985-035620"
            n="18-a-1320"
            ecep:lem="who"
            ecep:pos="r-crq"
            ecep:reg="whose"
            ecep:spe="whose"
            ecep:syllab="1"
            ecep:pron="huːz">whose</w>
         <c> </c>
         <w xml:id="o4985-035630"
            n="18-a-1330"
            ecep:lem="sullen"
            ecep:pos="j"
            ecep:reg="sullen"
            ecep:spe="sullen"
            ecep:syllab="2"
            ecep:pron="ˈsʌlən">sullen</w>
         <c> </c>
         <w xml:id="o4985-035640"
            n="18-a-1340"
            ecep:lem="tide"
            ecep:pos="n1"
            ecep:reg="tide"
            ecep:spe="tide"
            ecep:syllab="1"
            ecep:pron="taɪd">tide</w>
      </l>
      <l xml:id="o4985-l01670">
         <c> </c>
         <w xml:id="o4985-035650"
            n="18-a-1350"
            ecep:lem="no"
            ecep:pos="dx"
            ecep:reg="No"
            ecep:spe="No"
            ecep:syllab="1"
            ecep:pron="nəʊ">No</w>
         <c> </c>
         <w xml:id="o4985-035660"
            n="18-a-1360"
            ecep:lem="sedge-crowned"
            ecep:pos="j"
            ecep:reg="sedge-crowned"
            ecep:spe="sedge-crown'd"
            ecep:syllab="3"
            ecep:pron="sedʒˌkraʊnd">sedge-crown'd</w>
         <c> </c>
         <w xml:id="o4985-035670"
            n="18-a-1370"
            ecep:lem="sister"
            ecep:pos="n2"
            ecep:reg="Sisters"
            ecep:spe="Sisters"
            ecep:syllab="2"
            ecep:pron="ˈsɪstəz">Sisters</w>
         <c> </c>
         <w xml:id="o4985-035680"
            n="18-a-1380"
            ecep:lem="now"
            ecep:pos="av"
            ecep:reg="now"
            ecep:spe="now"
            ecep:syllab="1"
            ecep:pron="naʊ">now</w>
         <c> </c>
         <w xml:id="o4985-035690"
            n="18-a-1390"
            ecep:lem="attend"
            ecep:pos="vvi"
            ecep:reg="attend"
            ecep:spe="attend"
            ecep:syllab="2"
            ecep:pron="əˈtend">attend</w>
         <pc xml:id="o4985-035700"
             n="18-a-1400"
             ecep:lem=","
             ecep:pos=","
             ecep:reg=","
             ecep:spe=",">,</pc>
      </l>
      <l xml:id="o4985-l01675">
         <c> </c>
         <w xml:id="o4985-035710"
            n="18-a-1410"
            ecep:lem="now"
            ecep:pos="av"
            ecep:reg="Now"
            ecep:spe="Now"
            ecep:syllab="1"
            ecep:pron="naʊ">Now</w>
         <c> </c>
         <w xml:id="o4985-035720"
            n="18-a-1420"
            ecep:lem="waft"
            ecep:pos="vvb"
            ecep:reg="waft"
            ecep:spe="waft"
            ecep:syllab="1"
            ecep:pron="wɒft">waft</w>
         <c> </c>
         <w xml:id="o4985-035730"
            n="18-a-1430"
            ecep:lem="i"
            ecep:pos="pno11"
            ecep:reg="me"
            ecep:spe="me"
            ecep:syllab="1"
            ecep:pron="miː">me</w>
         <c> </c>
         <w xml:id="o4985-035740"
            n="18-a-1440"
            ecep:lem="from"
            ecep:pos="p-acp"
            ecep:reg="from"
            ecep:spe="from"
            ecep:syllab="1"
            ecep:pron="frɒm">from</w>
         <c> </c>
         <w xml:id="o4985-035750"
            n="18-a-1450"
            ecep:lem="the"
            ecep:pos="dt"
            ecep:reg="the"
            ecep:spe="the"
            ecep:syllab="1"
            ecep:pron="ðiː">the</w>
         <c> </c>
         <w xml:id="o4985-035760"
            n="18-a-1460"
            ecep:lem="green-hill"
            ecep:pos="ng1"
            ecep:reg="green-hill's"
            ecep:spe="green-hill's"
            ecep:syllab="2"
            ecep:pron="griːnˌˈhɪlz">green-hill's</w>
         <c> </c>
         <w xml:id="o4985-035770"
            n="18-a-1470"
            ecep:lem="side"
            ecep:pos="n1"
            ecep:reg="side"
            ecep:spe="side"
            ecep:syllab="1"
            ecep:pron="saɪd">side</w>
      </l>
      <l xml:id="o4985-l01680">
         <c> </c>
         <w xml:id="o4985-035780"
            n="18-a-1480"
            ecep:lem="who"
            ecep:pos="r-crq"
            ecep:reg="Whose"
            ecep:spe="Whose"
            ecep:syllab="1"
            ecep:pron="huːz">Whose</w>
         <c> </c>
         <w xml:id="o4985-035790"
            n="18-a-1490"
            ecep:lem="cold"
            ecep:pos="j-jn"
            ecep:reg="cold"
            ecep:spe="cold"
            ecep:syllab="1"
            ecep:pron="kəʊld">cold</w>
         <c> </c>
         <w xml:id="o4985-035800"
            n="18-a-1500"
            ecep:lem="turf"
            ecep:pos="n1"
            ecep:reg="turf"
            ecep:spe="turf"
            ecep:syllab="1"
            ecep:pron="tɜːf">turf</w>
         <c> </c>
         <w xml:id="o4985-035810"
            n="18-a-1510"
            ecep:lem="hide"
            ecep:pos="vvz"
            ecep:reg="hides"
            ecep:spe="hides"
            ecep:syllab="1"
            ecep:pron="haɪdz">hides</w>
         <c> </c>
         <w xml:id="o4985-035820"
            n="18-a-1520"
            ecep:lem="the"
            ecep:pos="dt"
            ecep:reg="the"
            ecep:spe="the"
            ecep:syllab="1"
            ecep:pron="ðiː">the</w>
         <c> </c>
         <w xml:id="o4985-035830"
            n="18-a-1530"
            ecep:lem="bury"
            ecep:pos="j-vvn"
            ecep:reg="buried"
            ecep:spe="buried"
            ecep:syllab="2"
            ecep:pron="ˈberid">buried</w>
         <c> </c>
         <w xml:id="o4985-035840"
            n="18-a-1540"
            ecep:lem="friend"
            ecep:pos="n1"
            ecep:reg="friend"
            ecep:spe="friend"
            ecep:syllab="1"
            ecep:pron="frend">friend</w>
         <pc xml:id="o4985-035850"
             n="18-a-1550"
             unit="sentence"
             ecep:lem="!"
             ecep:pos="!"
             ecep:reg="!"
             ecep:spe="!">!</pc>
         <c> </c>
      </l>
   </lg>
   <pb facs="o4985/0022" n="17" rend="none"/>
   <lg xml:id="o4985-s00205">
      <l xml:id="o4985-l01685">
         <w xml:id="o4985-035880"
            n="19-a-0010"
            ecep:lem="and"
            ecep:pos="cc"
            ecep:reg="And"
            ecep:spe="And"
            ecep:syllab="1"
            ecep:pron="ænd">And</w>
         <c> </c>
         <w xml:id="o4985-035890"
            n="19-a-0020"
            ecep:lem="see"
            ecep:pos="vvb"
            ecep:reg="see"
            ecep:spe="see"
            ecep:syllab="1"
            ecep:pron="siː">see</w>
         <pc xml:id="o4985-035900"
             n="19-a-0030"
             ecep:lem=","
             ecep:pos=","
             ecep:reg=","
             ecep:spe=",">,</pc>
         <c> </c>
         <w xml:id="o4985-035910"
            n="19-a-0040"
            ecep:lem="the"
            ecep:pos="dt"
            ecep:reg="the"
            ecep:spe="the"
            ecep:syllab="1"
            ecep:pron="ðiː">the</w>
         <c> </c>
         <w xml:id="o4985-035920"
            n="19-a-0050"
            ecep:lem="fairy"
            ecep:pos="n1"
            ecep:reg="fairy"
            ecep:spe="fairy"
            ecep:syllab="2"
            ecep:pron="ˈfeəri">fairy</w>
         <c> </c>
         <w xml:id="o4985-035930"
            n="19-a-0060"
            ecep:lem="valley"
            ecep:pos="n2"
            ecep:reg="valleys"
            ecep:spe="valleys"
            ecep:syllab="2"
            ecep:pron="ˈvæliz">valleys</w>
         <c> </c>
         <w xml:id="o4985-035940"
            n="19-a-0070"
            ecep:lem="fade"
            ecep:pos="vvi"
            ecep:reg="fade"
            ecep:spe="fade"
            ecep:syllab="1"
            ecep:pron="feɪd">fade</w>
         <pc xml:id="o4985-035950"
             n="19-a-0080"
             ecep:lem=","
             ecep:pos=","
             ecep:reg=","
             ecep:spe=",">,</pc>
      </l>
      <l xml:id="o4985-l01690">
         <c> </c>
         <w xml:id="o4985-035960"
            n="19-a-0090"
            ecep:lem="do"
            ecep:pos="vdbx"
            ecep:reg="Dun"
            ecep:spe="Dun"
            ecep:syllab="1"
            ecep:pron="dʌn">Dun</w>
         <c> </c>
         <w xml:id="o4985-035970"
            n="19-a-0100"
            ecep:lem="night"
            ecep:pos="n1"
            ecep:reg="Night"
            ecep:spe="Night"
            ecep:syllab="1"
            ecep:pron="naɪt">Night</w>
         <c> </c>
         <w xml:id="o4985-035980"
            n="19-a-0110"
            ecep:lem="have"
            ecep:pos="vhz"
            ecep:reg="has"
            ecep:spe="has"
            ecep:syllab="1"
            ecep:pron="hæz">has</w>
         <c> </c>
         <w xml:id="o4985-035990"
            n="19-a-0120"
            ecep:lem="veil"
            ecep:pos="vvn"
            ecep:reg="veiled"
            ecep:spe="veil'd"
            ecep:syllab="1"
            ecep:pron="veɪld">veil'd</w>
         <c> </c>
         <w xml:id="o4985-036000"
            n="19-a-0130"
            ecep:lem="the"
            ecep:pos="dt"
            ecep:reg="the"
            ecep:spe="the"
            ecep:syllab="1"
            ecep:pron="ðiː">the</w>
         <c> </c>
         <w xml:id="o4985-036010"
            n="19-a-0140"
            ecep:lem="solemn"
            ecep:pos="j"
            ecep:reg="solemn"
            ecep:spe="solemn"
            ecep:syllab="2"
            ecep:pron="ˈsɒləm">solemn</w>
         <c> </c>
         <w xml:id="o4985-036020"
            n="19-a-0150"
            ecep:lem="view"
            ecep:pos="n1"
            ecep:reg="view"
            ecep:spe="view"
            ecep:syllab="1"
            ecep:pron="vjuː">view</w>
         <pc xml:id="o4985-036030"
             n="19-a-0160"
             ecep:lem="!"
             ecep:pos="!"
             ecep:reg="!"
             ecep:spe="!">!</pc>
      </l>
      <l xml:id="o4985-l01695">
         <c> </c>
         <pc xml:id="o4985-036040"
             n="19-a-0170"
             ecep:lem="—"
             ecep:pos="—"
             ecep:reg="—"
             ecep:spe="—">—</pc>
         <c> </c>
         <w xml:id="o4985-036050"
            n="19-a-0180"
            ecep:lem="yet"
            ecep:pos="av"
            ecep:reg="Yet"
            ecep:spe="Yet"
            ecep:syllab="1"
            ecep:pron="jet">Yet</w>
         <c> </c>
         <w xml:id="o4985-036060"
            n="19-a-0190"
            ecep:lem="once"
            ecep:pos="a-acp"
            ecep:reg="once"
            ecep:spe="once"
            ecep:syllab="1"
            ecep:pron="wʌns">once</w>
         <c> </c>
         <w xml:id="o4985-036070"
            n="19-a-0200"
            ecep:lem="again"
            ecep:pos="av"
            ecep:reg="again"
            ecep:spe="again"
            ecep:syllab="2"
            ecep:pron="əˈgen">again</w>
         <pc xml:id="o4985-036080"
             n="19-a-0210"
             ecep:lem=","
             ecep:pos=","
             ecep:reg=","
             ecep:spe=",">,</pc>
         <c> </c>
         <w xml:id="o4985-036090"
            n="19-a-0220"
            ecep:lem="dear"
            ecep:pos="j-jn"
            ecep:reg="dear"
            ecep:spe="dear"
            ecep:syllab="1"
            ecep:pron="dɪə">dear</w>
         <c> </c>
         <w xml:id="o4985-036100"
            n="19-a-0230"
            ecep:lem="part"
            ecep:pos="vvn"
            ecep:reg="parted"
            ecep:spe="parted"
            ecep:syllab="2"
            ecep:pron="pɑːtɪd">parted</w>
         <c> </c>
         <w xml:id="o4985-036110"
            n="19-a-0240"
            ecep:lem="shade"
            ecep:pos="n1"
            ecep:reg="shade"
            ecep:spe="shade"
            ecep:syllab="1"
            ecep:pron="ʃeɪd">shade</w>
         <pc xml:id="o4985-036120"
             n="19-a-0250"
             ecep:lem=","
             ecep:pos=","
             ecep:reg=","
             ecep:spe=",">,</pc>
      </l>
      <l xml:id="o4985-l01700">
         <c> </c>
         <w xml:id="o4985-036130"
            n="19-a-0260"
            ecep:lem="meek"
            ecep:pos="j"
            ecep:reg="Meek"
            ecep:spe="Meek"
            ecep:syllab="1"
            ecep:pron="miːk">Meek</w>
         <c> </c>
         <w xml:id="o4985-036140"
            n="19-a-0270"
            ecep:lem="nature"
            ecep:pos="ng1"
            ecep:reg="Nature's"
            ecep:spe="Nature's"
            ecep:syllab="2"
            ecep:pron="ˈneɪtʃəz">Nature's</w>
         <c> </c>
         <w xml:id="o4985-036150"
            n="19-a-0280"
            ecep:lem="child"
            ecep:pos="n1"
            ecep:reg="child"
            ecep:spe="child"
            ecep:syllab="1"
            ecep:pron="tʃaɪld">child</w>
         <pc xml:id="o4985-036160"
             n="19-a-0290"
             ecep:lem=","
             ecep:pos=","
             ecep:reg=","
             ecep:spe=",">,</pc>
         <c> </c>
         <w xml:id="o4985-036170"
            n="19-a-0300"
            ecep:lem="again"
            ecep:pos="av"
            ecep:reg="again"
            ecep:spe="again"
            ecep:syllab="2"
            ecep:pron="əˈgen">again</w>
         <c> </c>
         <w xml:id="o4985-036180"
            n="19-a-0310"
            ecep:lem="adieu"
            ecep:pos="uh-n"
            ecep:reg="adieu"
            ecep:spe="adieu"
            ecep:syllab="2"
            ecep:pron="əˈdjuː">adieu</w>
         <pc xml:id="o4985-036190"
             n="19-a-0320"
             unit="sentence"
             ecep:lem="!"
             ecep:pos="!"
             ecep:reg="!"
             ecep:spe="!">!</pc>
         <c> </c>
      </l>
   </lg>
   <lg xml:id="o4985-s00210">
      <l xml:id="o4985-l01705">
         <w xml:id="o4985-036220"
            n="19-a-0330"
            ecep:lem="the"
            ecep:pos="dt"
            ecep:reg="The"
            ecep:spe="The"
            ecep:syllab="1"
            ecep:pron="ðiː">The</w>
         <c> </c>
         <w xml:id="o4985-036230"
            n="19-a-0340"
            ecep:lem="genial"
            ecep:pos="j"
            ecep:reg="genial"
            ecep:spe="genial"
            ecep:syllab="2"
            ecep:pron="ˈdʒiːniəl">genial</w>
         <c> </c>
         <w xml:id="o4985-036240"
            n="19-a-0350"
            ecep:lem="mead"
            ecep:pos="n2"
            ecep:reg="meads"
            ecep:spe="meads"
            ecep:syllab="1"
            ecep:pron="miːdz">meads</w>
         <c> </c>
         <w xml:id="o4985-036250"
            n="19-a-0360"
            ecep:lem="assign"
            ecep:pos="vvd"
            ecep:reg="assigned"
            ecep:spe="assign'd"
            ecep:syllab="2"
            ecep:pron="əˈsaɪnd">assign'd</w>
         <c> </c>
         <w xml:id="o4985-036260"
            n="19-a-0370"
            ecep:lem="to"
            ecep:pos="pc-acp"
            ecep:reg="to"
            ecep:spe="to"
            ecep:syllab="1"
            ecep:pron="tuː">to</w>
         <c> </c>
         <w xml:id="o4985-036270"
            n="19-a-0380"
            ecep:lem="bless"
            ecep:pos="vvi"
            ecep:reg="bless"
            ecep:spe="bless"
            ecep:syllab="1"
            ecep:pron="bles">bless</w>
      </l>
      <l xml:id="o4985-l01710">
         <c> </c>
         <w xml:id="o4985-036280"
            n="19-a-0390"
            ecep:lem="thy"
            ecep:pos="po21"
            ecep:reg="Thy"
            ecep:spe="Thy"
            ecep:syllab="1"
            ecep:pron="ðaɪ">Thy</w>
         <c> </c>
         <w xml:id="o4985-036290"
            n="19-a-0400"
            ecep:lem="life"
            ecep:pos="n1"
            ecep:reg="life"
            ecep:spe="life"
            ecep:syllab="1"
            ecep:pron="laɪf">life</w>
         <pc xml:id="o4985-036300"
             n="19-a-0410"
             ecep:lem=","
             ecep:pos=","
             ecep:reg=","
             ecep:spe=",">,</pc>
         <c> </c>
         <w xml:id="o4985-036310"
            n="19-a-0420"
            ecep:lem="shall"
            ecep:pos="vmb"
            ecep:reg="shall"
            ecep:spe="shall"
            ecep:syllab="1"
            ecep:pron="ʃæl">shall</w>
         <c> </c>
         <w xml:id="o4985-036320"
            n="19-a-0430"
            ecep:lem="mourn"
            ecep:pos="vvi"
            ecep:reg="mourn"
            ecep:spe="mourn"
            ecep:syllab="1"
            ecep:pron="mɔːn">mourn</w>
         <c> </c>
         <w xml:id="o4985-036330"
            n="19-a-0440"
            ecep:lem="thy"
            ecep:pos="po21"
            ecep:reg="thy"
            ecep:spe="thy"
            ecep:syllab="1"
            ecep:pron="ðaɪ">thy</w>
         <c> </c>
         <w xml:id="o4985-036340"
            n="19-a-0450"
            ecep:lem="early"
            ecep:pos="j"
            ecep:reg="early"
            ecep:spe="early"
            ecep:syllab="2"
            ecep:pron="ˈɜːli">early</w>
         <c> </c>
         <w xml:id="o4985-036350"
            n="19-a-0460"
            ecep:lem="doom"
            ecep:pos="n1"
            ecep:reg="doom"
            ecep:spe="doom"
            ecep:syllab="1"
            ecep:pron="duːm">doom</w>
         <pc xml:id="o4985-036360"
             n="19-a-0470"
             ecep:lem=","
             ecep:pos=","
             ecep:reg=","
             ecep:spe=",">,</pc>
      </l>
      <l xml:id="o4985-l01715">
         <c> </c>
         <w xml:id="o4985-036370"
            n="19-a-0480"
            ecep:lem="their"
            ecep:pos="po32"
            ecep:reg="Their"
            ecep:spe="Their"
            ecep:syllab="1"
            ecep:pron="ðeə">Their</w>
         <c> </c>
         <w xml:id="o4985-036380"
            n="19-a-0490"
            ecep:lem="hind"
            ecep:pos="n2"
            ecep:reg="hinds"
            ecep:spe="hinds"
            ecep:syllab="1"
            ecep:pron="haɪndz">hinds</w>
         <pc xml:id="o4985-036390"
             n="19-a-0500"
             ecep:lem=","
             ecep:pos=","
             ecep:reg=","
             ecep:spe=",">,</pc>
         <c> </c>
         <w xml:id="o4985-036400"
            n="19-a-0510"
            ecep:lem="and"
            ecep:pos="cc"
            ecep:reg="and"
            ecep:spe="and"
            ecep:syllab="1"
            ecep:pron="ænd">and</w>
         <c> </c>
         <w xml:id="o4985-036410"
            n="19-a-0520"
            ecep:lem="shepherd-girl"
            ecep:pos="n2"
            ecep:reg="shepherd-girls"
            ecep:spe="shepherd-girls"
            ecep:syllab="3"
            ecep:pron="ˈʃepədˌgɜːlz">shepherd-girls</w>
         <c> </c>
         <w xml:id="o4985-036420"
            n="19-a-0530"
            ecep:lem="shall"
            ecep:pos="vmb"
            ecep:reg="shall"
            ecep:spe="shall"
            ecep:syllab="1"
            ecep:pron="ʃæl">shall</w>
         <c> </c>
         <w xml:id="o4985-036430"
            n="19-a-0540"
            ecep:lem="dress"
            ecep:pos="vvi"
            ecep:reg="dress"
            ecep:spe="dress"
            ecep:syllab="1"
            ecep:pron="dres">dress</w>
      </l>
      <l xml:id="o4985-l01720">
         <c> </c>
         <w xml:id="o4985-036440"
            n="19-a-0550"
            ecep:lem="with"
            ecep:pos="p-acp"
            ecep:reg="With"
            ecep:spe="With"
            ecep:syllab="1"
            ecep:pron="wɪð">With</w>
         <c> </c>
         <w xml:id="o4985-036450"
            n="19-a-0560"
            ecep:lem="simple"
            ecep:pos="j"
            ecep:reg="simple"
            ecep:spe="simple"
            ecep:syllab="2"
            ecep:pron="ˈsɪmpl">simple</w>
         <c> </c>
         <w xml:id="o4985-036460"
            n="19-a-0570"
            ecep:lem="hand"
            ecep:pos="n2"
            ecep:reg="hands"
            ecep:spe="hands"
            ecep:syllab="1"
            ecep:pron="hændz">hands</w>
         <c> </c>
         <w xml:id="o4985-036470"
            n="19-a-0580"
            ecep:lem="thy"
            ecep:pos="po21"
            ecep:reg="thy"
            ecep:spe="thy"
            ecep:syllab="1"
            ecep:pron="ðaɪ">thy</w>
         <c> </c>
         <w xml:id="o4985-036480"
            n="19-a-0590"
            ecep:lem="rural"
            ecep:pos="j"
            ecep:reg="rural"
            ecep:spe="rural"
            ecep:syllab="2"
            ecep:pron="ˈrʊərl">rural</w>
         <c> </c>
         <w xml:id="o4985-036490"
            n="19-a-0600"
            ecep:lem="tomb"
            ecep:pos="n1"
            ecep:reg="tomb"
            ecep:spe="tomb"
            ecep:syllab="1"
            ecep:pron="tuːm">tomb</w>
         <pc xml:id="o4985-036500"
             n="19-a-0610"
             unit="sentence"
             ecep:lem="."
             ecep:pos="."
             ecep:reg="."
             ecep:spe=".">.</pc>
         <c> </c>
      </l>
   </lg>
   <lg xml:id="o4985-s00215">
      <l xml:id="o4985-l01725">
         <w xml:id="o4985-036530"
            n="19-a-0620"
            ecep:lem="long"
            ecep:pos="j"
            ecep:reg="Long"
            ecep:spe="Long"
            ecep:syllab="1"
            ecep:pron="lɒŋ">Long</w>
         <pc xml:id="o4985-036540"
             n="19-a-0630"
             ecep:lem=","
             ecep:pos=","
             ecep:reg=","
             ecep:spe=",">,</pc>
         <c> </c>
         <w xml:id="o4985-036550"
            n="19-a-0640"
            ecep:lem="long"
            ecep:pos="j"
            ecep:reg="long"
            ecep:spe="long"
            ecep:syllab="1"
            ecep:pron="lɒŋ">long</w>
         <pc xml:id="o4985-036560"
             n="19-a-0650"
             ecep:lem=","
             ecep:pos=","
             ecep:reg=","
             ecep:spe=",">,</pc>
         <c> </c>
         <w xml:id="o4985-036570"
            n="19-a-0660"
            ecep:lem="thy"
            ecep:pos="po21"
            ecep:reg="thy"
            ecep:spe="thy"
            ecep:syllab="1"
            ecep:pron="ðaɪ">thy</w>
         <c> </c>
         <w xml:id="o4985-036580"
            n="19-a-0670"
            ecep:lem="stone"
            ecep:pos="n1"
            ecep:reg="stone"
            ecep:spe="stone"
            ecep:syllab="1"
            ecep:pron="stəʊn">stone</w>
         <c> </c>
         <w xml:id="o4985-036590"
            n="19-a-0680"
            ecep:lem="and"
            ecep:pos="cc"
            ecep:reg="and"
            ecep:spe="and"
            ecep:syllab="1"
            ecep:pron="ænd">and</w>
         <c> </c>
         <w xml:id="o4985-036600"
            n="19-a-0690"
            ecep:lem="point"
            ecep:pos="j-vvn"
            ecep:reg="pointed"
            ecep:spe="pointed"
            ecep:syllab="2"
            ecep:pron="ˈpɔɪntɪd">pointed</w>
         <c> </c>
         <w xml:id="o4985-036610"
            n="19-a-0700"
            ecep:lem="clay"
            ecep:pos="n1"
            ecep:reg="clay"
            ecep:spe="clay"
            ecep:syllab="1"
            ecep:pron="kleɪ">clay</w>
      </l>
      <l xml:id="o4985-l01730">
         <c> </c>
         <w xml:id="o4985-036620"
            n="19-a-0710"
            ecep:lem="shall"
            ecep:pos="vmb"
            ecep:reg="Shall"
            ecep:spe="Shall"
            ecep:syllab="1"
            ecep:pron="ʃæl">Shall</w>
         <c> </c>
         <w xml:id="o4985-036630"
            n="19-a-0720"
            ecep:lem="melt"
            ecep:pos="vvi"
            ecep:reg="melt"
            ecep:spe="melt"
            ecep:syllab="1"
            ecep:pron="melt">melt</w>
         <c> </c>
         <w xml:id="o4985-036640"
            n="19-a-0730"
            ecep:lem="the"
            ecep:pos="dt"
            ecep:reg="the"
            ecep:spe="the"
            ecep:syllab="1"
            ecep:pron="ðiː">the</w>
         <c> </c>
         <w xml:id="o4985-036650"
            n="19-a-0740"
            ecep:lem="muse"
            ecep:pos="n-vvg"
            ecep:reg="musing"
            ecep:spe="musing"
            ecep:syllab="2"
            ecep:pron="mjuːzɪŋ">musing</w>
         <c> </c>
         <w xml:id="o4985-036660"
            n="19-a-0750"
            ecep:lem="briton"
            ecep:pos="njpg1"
            ecep:reg="Briton's"
            ecep:spe="Briton's"
            ecep:syllab="2"
            ecep:pron="ˈbrɪtənz">Briton's</w>
         <c> </c>
         <w xml:id="o4985-036670"
            n="19-a-0760"
            ecep:lem="eye"
            ecep:pos="n2"
            ecep:reg="eyes"
            ecep:spe="eyes"
            ecep:syllab="1"
            ecep:pron="aɪz">eyes</w>
         <pc xml:id="o4985-036680"
             n="19-a-0770"
             ecep:lem=";"
             ecep:pos=";"
             ecep:reg=";"
             ecep:spe=";">;</pc>
      </l>
      <l xml:id="o4985-l01735">
         <c> </c>
         <w xml:id="o4985-036690"
            n="19-a-0780"
            ecep:lem="o"
            ecep:pos="uh"
            ecep:reg="OH"
            ecep:spe="O"
            ecep:syllab="1"
            ecep:pron="əʊ">O</w>
         <pc xml:id="o4985-036695"
             n="19-a-0785"
             ecep:lem="!"
             ecep:pos="!"
             ecep:reg="!"
             ecep:spe="!">!</pc>
         <c> </c>
         <w xml:id="o4985-036700"
            n="19-a-0790"
            ecep:lem="vale"
            ecep:pos="n2"
            ecep:reg="vales"
            ecep:spe="vales"
            ecep:syllab="1"
            ecep:pron="veɪlz">vales</w>
         <pc xml:id="o4985-036710"
             n="19-a-0800"
             ecep:lem=","
             ecep:pos=","
             ecep:reg=","
             ecep:spe=",">,</pc>
         <c> </c>
         <w xml:id="o4985-036720"
            n="19-a-0810"
            ecep:lem="and"
            ecep:pos="cc"
            ecep:reg="and"
            ecep:spe="and"
            ecep:syllab="1"
            ecep:pron="ænd">and</w>
         <c> </c>
         <w xml:id="o4985-036730"
            n="19-a-0820"
            ecep:lem="wild"
            ecep:pos="j"
            ecep:reg="wild"
            ecep:spe="wild"
            ecep:syllab="1"
            ecep:pron="waɪld">wild</w>
         <c> </c>
         <w xml:id="o4985-036740"
            n="19-a-0830"
            ecep:lem="wood"
            ecep:pos="n2"
            ecep:reg="woods"
            ecep:spe="woods"
            ecep:syllab="1"
            ecep:pron="wʊdz">woods</w>
         <pc xml:id="o4985-036750"
             n="19-a-0840"
             ecep:lem=","
             ecep:pos=","
             ecep:reg=","
             ecep:spe=",">,</pc>
         <c> </c>
         <w xml:id="o4985-036760"
            n="19-a-0850"
            ecep:lem="shall"
            ecep:pos="vmb"
            ecep:reg="shall"
            ecep:spe="shall"
            ecep:syllab="1"
            ecep:pron="ʃæl">shall</w>
         <c> </c>
         <w xml:id="o4985-036770"
            n="19-a-0860"
            ecep:lem="he"
            ecep:pos="pns31"
            ecep:reg="he"
            ecep:spe="he"
            ecep:syllab="1"
            ecep:pron="hiː">he</w>
         <c> </c>
         <w xml:id="o4985-036780"
            n="19-a-0870"
            ecep:lem="say"
            ecep:pos="vvi"
            ecep:reg="say"
            ecep:spe="say"
            ecep:syllab="1"
            ecep:pron="seɪ">say</w>
         <pc xml:id="o4985-036790"
             n="19-a-0880"
             ecep:lem=","
             ecep:pos=","
             ecep:reg=","
             ecep:spe=",">,</pc>
      </l>
      <l xml:id="o4985-l01740">
         <c> </c>
         <w xml:id="o4985-036800"
            n="19-a-0890"
            ecep:lem="in"
            ecep:pos="p-acp"
            ecep:reg="In"
            ecep:spe="In"
            ecep:syllab="1"
            ecep:pron="ɪn">In</w>
         <c> </c>
         <w xml:id="o4985-036810"
            n="19-a-0900"
            ecep:lem="yonder"
            ecep:pos="d"
            ecep:reg="yonder"
            ecep:spe="yonder"
            ecep:syllab="2"
            ecep:pron="ˈjɒndə">yonder</w>
         <c> </c>
         <w xml:id="o4985-036820"
            n="19-a-0910"
            ecep:lem="grave"
            ecep:pos="n1"
            ecep:reg="grave"
            ecep:spe="grave"
            ecep:syllab="1"
            ecep:pron="grɑːv">grave</w>
         <c> </c>
         <w xml:id="o4985-036830"
            n="19-a-0920"
            ecep:lem="your"
            ecep:pos="po22"
            ecep:reg="your"
            ecep:spe="your"
            ecep:syllab="1"
            ecep:pron="jɔː">your</w>
         <c> </c>
         <w xml:id="o4985-036840"
            n="19-a-0930"
            ecep:lem="druid"
            ecep:pos="n1"
            ecep:reg="Druid"
            ecep:spe="Druid"
            ecep:syllab="2"
            ecep:pron="ˈdruːɪd">Druid</w>
         <c> </c>
         <w xml:id="o4985-036850"
            n="19-a-0940"
            ecep:lem="lie"
            ecep:pos="vvz"
            ecep:reg="lies"
            ecep:spe="lies"
            ecep:syllab="1"
            ecep:pron="laɪz">lies</w>
         <pc xml:id="o4985-036860"
             n="19-a-0950"
             unit="sentence"
             ecep:lem="!"
             ecep:pos="!"
             ecep:reg="!"
             ecep:spe="!">!</pc>
         <c> </c>
      </l>
   </lg>
</div>
