<?xml version="1.0" encoding="UTF-8"?>
<?xml-model href="../tei_all.rnc" type="application/relax-ng-compact-syntax"?>
<TEI xmlns="http://www.tei-c.org/ns/1.0">
   <teiHeader>
      <fileDesc>
         <titleStmt>
            <title corresp="#txt_BarbMa1685_w0022">The Oak and its Branches. A Fable. Occasion'd by seeing a dead Oak beautifully encompass'd with Ivy.</title>
            <author corresp="authors.xml#aut_BarbMa1685">Mary Barber</author>
            <respStmt>
               <name xml:id="AH">Alexander Huber</name>
               <resp>Editor</resp>
            </respStmt>
            <funder>
               <name type="institution" xml:id="BOD">Bodleian Libraries, University of Oxford</name>
               <address>
                  <addrLine>Broad Street</addrLine>
                  <addrLine>Oxford OX1 3BG</addrLine>
                  <addrLine>UK</addrLine>
               </address>
            </funder>
         </titleStmt>
         <publicationStmt>
            <publisher xml:id="ECPA">Eighteenth-Century Poetry Archive</publisher>
            <address>
               <addrLine>Taylor Institution Library</addrLine>
               <addrLine>St Giles'</addrLine>
               <addrLine>Oxford OX1 3NA</addrLine>
               <addrLine>UK</addrLine>
               <addrLine>
                  <email>info@eighteenthcenturypoetry.org</email>
               </addrLine>
               <addrLine>
                  <ref target="https://www.eighteenthcenturypoetry.org/">https://www.eighteenthcenturypoetry.org/</ref>
               </addrLine>
            </address>
            <pubPlace>Oxford</pubPlace>
            <availability status="restricted">
               <licence target="http://creativecommons.org/licenses/by-sa/3.0/">This work is licensed under a Creative Commons Attribution-ShareAlike 3.0 Unported License.</licence>
            </availability>
            <idno type="ESTC">T42622</idno>
            <idno type="DMI">519</idno>
            <idno type="FOXON">p. 45</idno>
         </publicationStmt>
         <sourceDesc>
            <bibl>
               <author>Barber, Mary, ca. 1690-1757.</author>
               <title>Poems on Several Occasions [poems only].</title>
               <pubPlace>London</pubPlace>
               <publisher>Printed for C. Rivington, at the Bible and Crown in St. Paul's Church-Yard</publisher>
               <date>1734</date>
               <biblScope>pp. 48-49.</biblScope>
               <extent>xlviii,283,[7]p.; 8⁰.</extent>
            </bibl>
         </sourceDesc>
      </fileDesc>
      <encodingDesc>
         <projectDesc>
            <p>This e-text is part of the Works section of the Eighteenth-Century Poetry Archive (ECPA).</p>
            <p>XML created for the Eighteenth-Century Poetry Archive (ECPA).</p>
         </projectDesc>
         <editorialDecl>
            <p>Typography, spelling, capitalization, and punctuation have been cautiously modernized. The source of the text is given and all significant
						editorial interventions have been recorded in textual notes. This  text has been edited to conform to the recommendations found 
						in Level 5 of the
						Best Practices for TEI in Libraries version 4.0.0.
					</p>
         </editorialDecl>
         <classDecl>
            <taxonomy xml:id="LCNAF">
               <bibl>Library of Congress Name Authority File (<abbr>LCNAF</abbr>)</bibl>
            </taxonomy>
         </classDecl>
         <tagsDecl>
            <rendition n="linegroups indented" xml:id="lgindent" scheme="css">text-indent: 1em;</rendition>
            <rendition n="linegroups vertically spaced" xml:id="lgvspace" scheme="css">margin-bottom: 1em;</rendition>
            <rendition n="aligned centrally" xml:id="align-center" scheme="css">text-align: center;</rendition>
            <rendition n="aligned right" xml:id="align-right" scheme="css">text-align: right;</rendition>
            <rendition n="aligned left" xml:id="align-left" scheme="css">text-align: left;</rendition>
            <rendition n="inline" xml:id="inline" scheme="css">display: inline</rendition>
            <rendition n="italic" xml:id="i" scheme="css">font-style: italic;</rendition>
            <rendition n="bold" xml:id="b" scheme="css">font-weight: bold;</rendition>
         </tagsDecl>
      </encodingDesc>
   </teiHeader>
   <text>
      <body>
         <div xmlns:ecep="http://www.eighteenthcenturypoetry.org/ns"
              xmlns:tei="http://www.tei-c.org/ns/1.0"
              ana="#iamb #tetrameter #couplet #pair #fable"
              corresp="#txt_BarbMa1685_w0022"
              decls="#semi-normalized"
              ecep:syllab="8"
              met="-+|-+|-+|-+/"
              rendition="#lgvspace"
              rhyme="aa"
              subtype="eceptext"
              type="poem"
              xml:id="pba35-w0220">
            <link target="authors.xml#aut_BarbMa1685" type="author"/>
            <link target="11355" type="DMI"/>
            <head type="main">
               <w xml:id="pba35-061710"
                  n="a-0010"
                  ecep:lem="the"
                  ecep:pos="dt"
                  ecep:reg="The"
                  ecep:spe="The"
                  ecep:syllab="1"
                  ecep:pron="ðiː">The</w>
               <c> </c>
               <w xml:id="pba35-061720"
                  n="a-0020"
                  ecep:lem="oak"
                  ecep:pos="n1"
                  ecep:reg="Oak"
                  ecep:spe="Oak"
                  ecep:syllab="1"
                  ecep:pron="əʊk">Oak</w>
               <c> </c>
               <w xml:id="pba35-061730"
                  n="a-0030"
                  ecep:lem="and"
                  ecep:pos="cc"
                  ecep:reg="and"
                  ecep:spe="and"
                  ecep:syllab="1"
                  ecep:pron="ænd">and</w>
               <c> </c>
               <w xml:id="pba35-061740"
                  n="a-0040"
                  ecep:lem="its"
                  ecep:pos="po31"
                  ecep:reg="its"
                  ecep:spe="its"
                  ecep:syllab="1"
                  ecep:pron="ɪts">its</w>
               <c> </c>
               <w xml:id="pba35-061750"
                  n="a-0050"
                  ecep:lem="branch"
                  ecep:pos="n2"
                  ecep:reg="Branches"
                  ecep:spe="Branches"
                  ecep:syllab="2"
                  ecep:pron="brɑːnʃɪz">Branches</w>
               <pc xml:id="pba35-061760"
                   n="a-0060"
                   unit="sentence"
                   ecep:lem="."
                   ecep:pos="."
                   ecep:reg="."
                   ecep:spe=".">.</pc>
            </head>
            <head type="sub">
               <w xml:id="pba35-061790"
                  n="a-0070"
                  ecep:lem="a"
                  ecep:pos="dt"
                  ecep:reg="A"
                  ecep:spe="A"
                  ecep:syllab="1"
                  ecep:pron="ə">A</w>
               <c> </c>
               <w xml:id="pba35-061800"
                  n="a-0080"
                  ecep:lem="fable"
                  ecep:pos="n1"
                  ecep:reg="Fable"
                  ecep:spe="Fable"
                  ecep:syllab="2"
                  ecep:pron="ˈfeɪbl">Fable</w>
               <pc xml:id="pba35-061810"
                   n="a-0090"
                   unit="sentence"
                   ecep:lem="."
                   ecep:pos="."
                   ecep:reg="."
                   ecep:spe=".">.</pc>
               <c> </c>
               <w xml:id="pba35-061820"
                  n="a-0100"
                  ecep:lem="occasion"
                  ecep:pos="j-vvn"
                  ecep:reg="Occasioned"
                  ecep:spe="Occasion'd"
                  ecep:syllab="3"
                  ecep:pron="əˈkeɪʒnd">Occasion'd</w>
               <c> </c>
               <w xml:id="pba35-061830"
                  n="a-0110"
                  ecep:lem="by"
                  ecep:pos="p-acp"
                  ecep:reg="by"
                  ecep:spe="by"
                  ecep:syllab="1"
                  ecep:pron="baɪ">by</w>
               <c> </c>
               <w xml:id="pba35-061840"
                  n="a-0120"
                  ecep:lem="see"
                  ecep:pos="vvg"
                  ecep:reg="seeing"
                  ecep:spe="seeing"
                  ecep:syllab="2"
                  ecep:pron="siːɪŋ">seeing</w>
               <c> </c>
               <w xml:id="pba35-061850"
                  n="a-0130"
                  ecep:lem="a"
                  ecep:pos="dt"
                  ecep:reg="a"
                  ecep:spe="a"
                  ecep:syllab="1"
                  ecep:pron="ə">a</w>
               <c> </c>
               <w xml:id="pba35-061860"
                  n="a-0140"
                  ecep:lem="dead"
                  ecep:pos="j"
                  ecep:reg="dead"
                  ecep:spe="dead"
                  ecep:syllab="1"
                  ecep:pron="ded">dead</w>
               <c> </c>
               <w xml:id="pba35-061870"
                  n="a-0150"
                  ecep:lem="oak"
                  ecep:pos="n1"
                  ecep:reg="Oak"
                  ecep:spe="Oak"
                  ecep:syllab="1"
                  ecep:pron="əʊk">Oak</w>
               <c> </c>
               <w xml:id="pba35-061880"
                  n="a-0160"
                  ecep:lem="beautiful"
                  ecep:pos="av-j"
                  ecep:reg="beautifully"
                  ecep:spe="beautifully"
                  ecep:syllab="3"
                  ecep:pron="ˈbjuːtɪfli">beautifully</w>
               <c> </c>
               <w xml:id="pba35-061890"
                  n="a-0170"
                  ecep:lem="encompass"
                  ecep:pos="vvn"
                  ecep:reg="encompassed"
                  ecep:spe="encompass'd"
                  ecep:syllab="3"
                  ecep:pron="ɪnˈkʌmpəst">encompass'd</w>
               <c> </c>
               <w xml:id="pba35-061900"
                  n="a-0180"
                  ecep:lem="with"
                  ecep:pos="p-acp"
                  ecep:reg="with"
                  ecep:spe="with"
                  ecep:syllab="1"
                  ecep:pron="wɪð">with</w>
               <c> </c>
               <w xml:id="pba35-061910"
                  n="a-0190"
                  ecep:lem="ivy"
                  ecep:pos="n1"
                  ecep:reg="Ivy"
                  ecep:spe="Ivy"
                  ecep:syllab="2"
                  ecep:pron="ˈaɪvi">Ivy</w>
               <pc xml:id="pba35-061920"
                   n="a-0200"
                   unit="sentence"
                   ecep:lem="."
                   ecep:pos="."
                   ecep:reg="."
                   ecep:spe=".">.</pc>
            </head>
            <lg xml:id="pba35-s00420">
               <l n="1" xml:id="pba35-l03165">
                  <hi rendition="#sc">
                     <w xml:id="pba35-061950"
                        n="a-0210"
                        ecep:lem="a"
                        ecep:pos="dt"
                        ecep:reg="An"
                        ecep:spe="An"
                        ecep:syllab="1"
                        ecep:pron="æn">An</w>
                  </hi>
                  <c> </c>
                  <w xml:id="pba35-061960"
                     n="a-0220"
                     ecep:lem="oak"
                     ecep:pos="n1"
                     ecep:reg="Oak"
                     ecep:spe="Oak"
                     ecep:syllab="1"
                     ecep:pron="əʊk">Oak</w>
                  <pc xml:id="pba35-061970"
                      n="a-0230"
                      ecep:lem=","
                      ecep:pos=","
                      ecep:reg=","
                      ecep:spe=",">,</pc>
                  <c> </c>
                  <w xml:id="pba35-061980"
                     n="a-0240"
                     ecep:lem="with"
                     ecep:pos="p-acp"
                     ecep:reg="with"
                     ecep:spe="with"
                     ecep:syllab="1"
                     ecep:pron="wɪð">with</w>
                  <c> </c>
                  <w xml:id="pba35-061990"
                     n="a-0250"
                     ecep:lem="spread"
                     ecep:pos="j-vvg"
                     ecep:reg="spreading"
                     ecep:spe="spreading"
                     ecep:syllab="2"
                     ecep:pron="spredɪŋ">spreading</w>
                  <c> </c>
                  <w xml:id="pba35-062000"
                     n="a-0260"
                     ecep:lem="branch"
                     ecep:pos="n2"
                     ecep:reg="Branches"
                     ecep:spe="Branches"
                     ecep:syllab="2"
                     ecep:pron="brɑːnʃɪz">Branches</w>
                  <c> </c>
                  <w xml:id="pba35-062010"
                     n="a-0270"
                     ecep:lem="crown"
                     ecep:pos="vvn"
                     ecep:reg="crowned"
                     ecep:spe="crown'd"
                     ecep:syllab="1"
                     ecep:pron="kraʊnd">crown'd</w>
                  <pc xml:id="pba35-062020"
                      n="a-0280"
                      ecep:lem=","
                      ecep:pos=","
                      ecep:reg=","
                      ecep:spe=",">,</pc>
               </l>
               <l n="2" xml:id="pba35-l03170">
                  <c> </c>
                  <w xml:id="pba35-062030"
                     n="a-0290"
                     ecep:lem="behold"
                     ecep:pos="vvd"
                     ecep:reg="Beheld"
                     ecep:spe="Beheld"
                     ecep:syllab="2"
                     ecep:pron="bɪˈheld">Beheld</w>
                  <c> </c>
                  <w xml:id="pba35-062040"
                     n="a-0300"
                     ecep:lem="a"
                     ecep:pos="dt"
                     ecep:reg="an"
                     ecep:spe="an"
                     ecep:syllab="1"
                     ecep:pron="æn">an</w>
                  <c> </c>
                  <w xml:id="pba35-062050"
                     n="a-0310"
                     ecep:lem="ivy"
                     ecep:pos="n1"
                     ecep:reg="Ivy"
                     ecep:spe="Ivy"
                     ecep:syllab="2"
                     ecep:pron="ˈaɪvi">Ivy</w>
                  <c> </c>
                  <w xml:id="pba35-062060"
                     n="a-0320"
                     ecep:lem="on"
                     ecep:pos="p-acp"
                     ecep:reg="on"
                     ecep:spe="on"
                     ecep:syllab="1"
                     ecep:pron="ɒn">on</w>
                  <c> </c>
                  <w xml:id="pba35-062070"
                     n="a-0330"
                     ecep:lem="the"
                     ecep:pos="dt"
                     ecep:reg="the"
                     ecep:spe="the"
                     ecep:syllab="1"
                     ecep:pron="ðiː">the</w>
                  <c> </c>
                  <w xml:id="pba35-062080"
                     n="a-0340"
                     ecep:lem="ground"
                     ecep:pos="n1"
                     ecep:reg="Ground"
                     ecep:spe="Ground"
                     ecep:syllab="1"
                     ecep:pron="graʊnd">Ground</w>
                  <pc xml:id="pba35-062090"
                      n="a-0350"
                      ecep:lem=","
                      ecep:pos=","
                      ecep:reg=","
                      ecep:spe=",">,</pc>
               </l>
               <l n="3" xml:id="pba35-l03175">
                  <c> </c>
                  <w xml:id="pba35-062100"
                     n="a-0360"
                     ecep:lem="expose"
                     ecep:pos="vvn"
                     ecep:reg="Exposed"
                     ecep:spe="Expos'd"
                     ecep:syllab="2"
                     ecep:pron="ɪkˈspəʊzd">Expos'd</w>
                  <c> </c>
                  <w xml:id="pba35-062110"
                     n="a-0370"
                     ecep:lem="to"
                     ecep:pos="p-acp"
                     ecep:reg="to"
                     ecep:spe="to"
                     ecep:syllab="1"
                     ecep:pron="tuː">to</w>
                  <c> </c>
                  <w xml:id="pba35-062120"
                     n="a-0380"
                     ecep:lem="every"
                     ecep:pos="d"
                     ecep:reg="every"
                     ecep:spe="ev'ry"
                     ecep:syllab="2"
                     ecep:pron="ˈevri">ev'ry</w>
                  <c> </c>
                  <w xml:id="pba35-062130"
                     n="a-0390"
                     ecep:lem="trample"
                     ecep:pos="j-vvg"
                     ecep:reg="trampling"
                     ecep:spe="trampling"
                     ecep:syllab="2"
                     ecep:pron="ˈtræmplɪŋ">trampling</w>
                  <c> </c>
                  <w xml:id="pba35-062140"
                     n="a-0400"
                     ecep:lem="beast"
                     ecep:pos="n1"
                     ecep:reg="Beast"
                     ecep:spe="Beast"
                     ecep:syllab="1"
                     ecep:pron="biːst">Beast</w>
                  <pc xml:id="pba35-062150"
                      n="a-0410"
                      ecep:lem=","
                      ecep:pos=","
                      ecep:reg=","
                      ecep:spe=",">,</pc>
               </l>
               <l n="4" xml:id="pba35-l03180">
                  <c> </c>
                  <w xml:id="pba35-062160"
                     n="a-0420"
                     ecep:lem="that"
                     ecep:pos="cst"
                     ecep:reg="That"
                     ecep:spe="That"
                     ecep:syllab="1"
                     ecep:pron="ðæt">That</w>
                  <c> </c>
                  <w xml:id="pba35-062170"
                     n="a-0430"
                     ecep:lem="roam"
                     ecep:pos="vvd"
                     ecep:reg="roamed"
                     ecep:spe="roam'd"
                     ecep:syllab="1"
                     ecep:pron="rəʊmd">roam'd</w>
                  <c> </c>
                  <w xml:id="pba35-062180"
                     n="a-0440"
                     ecep:lem="around"
                     ecep:pos="a-acp"
                     ecep:reg="around"
                     ecep:spe="around"
                     ecep:syllab="2"
                     ecep:pron="əˈraʊnd">around</w>
                  <c> </c>
                  <w xml:id="pba35-062190"
                     n="a-0450"
                     ecep:lem="the"
                     ecep:pos="dt"
                     ecep:reg="the"
                     ecep:spe="the"
                     ecep:syllab="1"
                     ecep:pron="ðiː">the</w>
                  <c> </c>
                  <w xml:id="pba35-062200"
                     n="a-0460"
                     ecep:lem="dreary"
                     ecep:pos="j"
                     ecep:reg="dreary"
                     ecep:spe="dreary"
                     ecep:syllab="2"
                     ecep:pron="ˈdrɪəri">dreary</w>
                  <c> </c>
                  <w xml:id="pba35-062210"
                     n="a-0470"
                     ecep:lem="waste"
                     ecep:pos="n1"
                     ecep:reg="Waste"
                     ecep:spe="Waste"
                     ecep:syllab="1"
                     ecep:pron="weɪst">Waste</w>
                  <pc xml:id="pba35-062220"
                      n="a-0480"
                      unit="sentence"
                      ecep:lem="."
                      ecep:pos="."
                      ecep:reg="."
                      ecep:spe=".">.</pc>
                  <c> </c>
               </l>
               <l n="5" xml:id="pba35-l03185">
                  <w xml:id="pba35-062230"
                     n="a-0490"
                     ecep:lem="the"
                     ecep:pos="dt"
                     ecep:reg="The"
                     ecep:spe="The"
                     ecep:syllab="1"
                     ecep:pron="ðiː">The</w>
                  <c> </c>
                  <w xml:id="pba35-062240"
                     n="a-0500"
                     ecep:lem="tree"
                     ecep:pos="n1"
                     ecep:reg="Tree"
                     ecep:spe="Tree"
                     ecep:syllab="1"
                     ecep:pron="triː">Tree</w>
                  <c> </c>
                  <w xml:id="pba35-062250"
                     n="a-0510"
                     ecep:lem="of"
                     ecep:pos="pp-f"
                     ecep:reg="of"
                     ecep:spe="of"
                     ecep:syllab="1"
                     ecep:pron="ɒv">of</w>
                  <c> </c>
                  <hi>
                     <w xml:id="pba35-062260"
                        n="a-0520"
                        ecep:lem="Jove"
                        ecep:pos="np1"
                        ecep:reg="Jove"
                        ecep:spe="Jove"
                        ecep:syllab="1"
                        ecep:pron="ˈdʒəʊv">Jove</w>
                  </hi>
                  <pc xml:id="pba35-062270"
                      n="a-0530"
                      ecep:lem=","
                      ecep:pos=","
                      ecep:reg=","
                      ecep:spe=",">,</pc>
                  <c> </c>
                  <w xml:id="pba35-062280"
                     n="a-0540"
                     ecep:lem="in"
                     ecep:pos="p-acp"
                     ecep:reg="in"
                     ecep:spe="in"
                     ecep:syllab="1"
                     ecep:pron="ɪn">in</w>
                  <c> </c>
                  <w xml:id="pba35-062290"
                     n="a-0550"
                     ecep:lem="all"
                     ecep:pos="d"
                     ecep:reg="all"
                     ecep:spe="all"
                     ecep:syllab="1"
                     ecep:pron="ɔːl">all</w>
                  <c> </c>
                  <w xml:id="pba35-062300"
                     n="a-0560"
                     ecep:lem="his"
                     ecep:pos="po31"
                     ecep:reg="his"
                     ecep:spe="his"
                     ecep:syllab="1"
                     ecep:pron="hɪz">his</w>
                  <c> </c>
                  <w xml:id="pba35-062310"
                     n="a-0570"
                     ecep:lem="state"
                     ecep:pos="n1"
                     ecep:reg="State"
                     ecep:spe="State"
                     ecep:syllab="1"
                     ecep:pron="steɪt">State</w>
                  <pc xml:id="pba35-062320"
                      n="a-0580"
                      ecep:lem=","
                      ecep:pos=","
                      ecep:reg=","
                      ecep:spe=",">,</pc>
               </l>
               <l n="6" xml:id="pba35-l03190">
                  <c> </c>
                  <w xml:id="pba35-062330"
                     n="a-0590"
                     ecep:lem="with"
                     ecep:pos="p-acp"
                     ecep:reg="With"
                     ecep:spe="With"
                     ecep:syllab="1"
                     ecep:pron="wɪð">With</w>
                  <c> </c>
                  <w xml:id="pba35-062340"
                     n="a-0600"
                     ecep:lem="pity"
                     ecep:pos="n1"
                     ecep:reg="Pity"
                     ecep:spe="Pity"
                     ecep:syllab="2"
                     ecep:pron="ˈpɪti">Pity</w>
                  <c> </c>
                  <w xml:id="pba35-062350"
                     n="a-0610"
                     ecep:lem="view"
                     ecep:pos="vvd"
                     ecep:reg="viewed"
                     ecep:spe="view'd"
                     ecep:syllab="1"
                     ecep:pron="vjuːd">view'd</w>
                  <c> </c>
                  <w xml:id="pba35-062360"
                     n="a-0620"
                     ecep:lem="the"
                     ecep:pos="dt"
                     ecep:reg="the"
                     ecep:spe="the"
                     ecep:syllab="1"
                     ecep:pron="ðiː">the</w>
                  <c> </c>
                  <w xml:id="pba35-062370"
                     n="a-0630"
                     ecep:lem="ivy"
                     ecep:pos="npg1"
                     ecep:reg="Ivy's"
                     ecep:spe="Ivy's"
                     ecep:syllab="2"
                     ecep:pron="ˈaɪviz">Ivy's</w>
                  <c> </c>
                  <w xml:id="pba35-062380"
                     n="a-0640"
                     ecep:lem="fate"
                     ecep:pos="n1"
                     ecep:reg="Fate"
                     ecep:spe="Fate"
                     ecep:syllab="1"
                     ecep:pron="feɪt">Fate</w>
                  <pc xml:id="pba35-062390"
                      n="a-0650"
                      ecep:lem=";"
                      ecep:pos=";"
                      ecep:reg=";"
                      ecep:spe=";">;</pc>
               </l>
               <l n="7" xml:id="pba35-l03195">
                  <c> </c>
                  <w xml:id="pba35-062400"
                     n="a-0660"
                     ecep:lem="and"
                     ecep:pos="cc"
                     ecep:reg="And"
                     ecep:spe="And"
                     ecep:syllab="1"
                     ecep:pron="ænd">And</w>
                  <c> </c>
                  <w xml:id="pba35-062410"
                     n="a-0670"
                     ecep:lem="kind"
                     ecep:pos="av-j"
                     ecep:reg="kindly"
                     ecep:spe="kindly"
                     ecep:syllab="2"
                     ecep:pron="ˈkaɪndli">kindly</w>
                  <c> </c>
                  <w xml:id="pba35-062420"
                     n="a-0680"
                     ecep:lem="tell"
                     ecep:pos="vvd"
                     ecep:reg="told"
                     ecep:spe="told"
                     ecep:syllab="1"
                     ecep:pron="təʊld">told</w>
                  <c> </c>
                  <w xml:id="pba35-062430"
                     n="a-0690"
                     ecep:lem="she"
                     ecep:pos="pno31"
                     ecep:reg="her"
                     ecep:spe="her"
                     ecep:syllab="1"
                     ecep:pron="hɜː">her</w>
                  <pc xml:id="pba35-062440"
                      n="a-0700"
                      ecep:lem=","
                      ecep:pos=","
                      ecep:reg=","
                      ecep:spe=",">,</pc>
                  <c> </c>
                  <w xml:id="pba35-062450"
                     n="a-0710"
                     ecep:lem="she"
                     ecep:pos="pns31"
                     ecep:reg="She"
                     ecep:spe="She"
                     ecep:syllab="1"
                     ecep:pron="ʃiː">She</w>
                  <c> </c>
                  <w xml:id="pba35-062460"
                     n="a-0720"
                     ecep:lem="shall"
                     ecep:pos="vmd"
                     ecep:reg="should"
                     ecep:spe="should"
                     ecep:syllab="1"
                     ecep:pron="ʃʊd">should</w>
                  <c> </c>
                  <w xml:id="pba35-062470"
                     n="a-0730"
                     ecep:lem="find"
                     ecep:pos="vvi"
                     ecep:reg="find"
                     ecep:spe="find"
                     ecep:syllab="1"
                     ecep:pron="faɪnd">find</w>
               </l>
               <l n="8" xml:id="pba35-l03200">
                  <c> </c>
                  <w xml:id="pba35-062480"
                     n="a-0740"
                     ecep:lem="security"
                     ecep:pos="n1"
                     ecep:reg="Security"
                     ecep:spe="Security"
                     ecep:syllab="4"
                     ecep:pron="sɪˈkjʊərəti">Security</w>
                  <c> </c>
                  <w xml:id="pba35-062490"
                     n="a-0750"
                     ecep:lem="around"
                     ecep:pos="a-acp"
                     ecep:reg="around"
                     ecep:spe="around"
                     ecep:syllab="2"
                     ecep:pron="əˈraʊnd">around</w>
                  <c> </c>
                  <w xml:id="pba35-062500"
                     n="a-0760"
                     ecep:lem="his"
                     ecep:pos="po31"
                     ecep:reg="his"
                     ecep:spe="his"
                     ecep:syllab="1"
                     ecep:pron="hɪz">his</w>
                  <c> </c>
                  <w xml:id="pba35-062510"
                     n="a-0770"
                     ecep:lem="rind"
                     ecep:pos="n1"
                     ecep:reg="Rind"
                     ecep:spe="Rind"
                     ecep:syllab="1"
                     ecep:pron="raɪnd">Rind</w>
                  <pc xml:id="pba35-062520"
                      n="a-0780"
                      ecep:lem=":"
                      ecep:pos=":"
                      ecep:reg=":"
                      ecep:spe=":">:</pc>
               </l>
               <l n="9" xml:id="pba35-l03205">
                  <c> </c>
                  <w xml:id="pba35-062530"
                     n="a-0790"
                     ecep:lem="nor"
                     ecep:pos="ccx"
                     ecep:reg="Nor"
                     ecep:spe="Nor"
                     ecep:syllab="1"
                     ecep:pron="nɔː">Nor</w>
                  <c> </c>
                  <w xml:id="pba35-062540"
                     n="a-0800"
                     ecep:lem="be"
                     ecep:pos="vbds"
                     ecep:reg="was"
                     ecep:spe="was"
                     ecep:syllab="1"
                     ecep:pron="wɒz">was</w>
                  <c> </c>
                  <w xml:id="pba35-062550"
                     n="a-0810"
                     ecep:lem="that"
                     ecep:pos="d"
                     ecep:reg="that"
                     ecep:spe="that"
                     ecep:syllab="1"
                     ecep:pron="ðæt">that</w>
                  <c> </c>
                  <w xml:id="pba35-062560"
                     n="a-0820"
                     ecep:lem="only"
                     ecep:pos="av-j"
                     ecep:reg="only"
                     ecep:spe="only"
                     ecep:syllab="2"
                     ecep:pron="ˈəʊnli">only</w>
                  <c> </c>
                  <w xml:id="pba35-062570"
                     n="a-0830"
                     ecep:lem="his"
                     ecep:pos="po31"
                     ecep:reg="his"
                     ecep:spe="his"
                     ecep:syllab="1"
                     ecep:pron="hɪz">his</w>
                  <c> </c>
                  <w xml:id="pba35-062580"
                     n="a-0840"
                     ecep:lem="intent"
                     ecep:pos="n1"
                     ecep:reg="Intent"
                     ecep:spe="Intent"
                     ecep:syllab="2"
                     ecep:pron="ɪnˈtent">Intent</w>
                  <pc xml:id="pba35-062590"
                      n="a-0850"
                      ecep:lem=","
                      ecep:pos=","
                      ecep:reg=","
                      ecep:spe=",">,</pc>
               </l>
               <l n="10" xml:id="pba35-l03210">
                  <c> </c>
                  <w xml:id="pba35-062600"
                     n="a-0860"
                     ecep:lem="but"
                     ecep:pos="cc-acp"
                     ecep:reg="But"
                     ecep:spe="But"
                     ecep:syllab="1"
                     ecep:pron="bʌt">But</w>
                  <c> </c>
                  <w xml:id="pba35-062610"
                     n="a-0870"
                     ecep:lem="to"
                     ecep:pos="pc-acp"
                     ecep:reg="to"
                     ecep:spe="to"
                     ecep:syllab="1"
                     ecep:pron="tuː">to</w>
                  <c> </c>
                  <w xml:id="pba35-062620"
                     n="a-0880"
                     ecep:lem="bestow"
                     ecep:pos="vvi"
                     ecep:reg="bestow"
                     ecep:spe="bestow"
                     ecep:syllab="2"
                     ecep:pron="bɪˈstəʊ">bestow</w>
                  <c> </c>
                  <w xml:id="pba35-062630"
                     n="a-0890"
                     ecep:lem="some"
                     ecep:pos="d"
                     ecep:reg="some"
                     ecep:spe="some"
                     ecep:syllab="1"
                     ecep:pron="sʌm">some</w>
                  <c> </c>
                  <w xml:id="pba35-062640"
                     n="a-0900"
                     ecep:lem="nourishment"
                     ecep:pos="n1"
                     ecep:reg="Nourishment"
                     ecep:spe="Nourishment"
                     ecep:syllab="3"
                     ecep:pron="ˈnʌrɪʃmənt">Nourishment</w>
                  <pc xml:id="pba35-062650"
                      n="a-0910"
                      unit="sentence"
                      ecep:lem="."
                      ecep:pos="."
                      ecep:reg="."
                      ecep:spe=".">.</pc>
                  <c> </c>
               </l>
            </lg>
            <lg xml:id="pba35-s00425">
               <l n="11" xml:id="pba35-l03215">
                  <hi rendition="#sc">
                     <w xml:id="pba35-062680"
                        n="a-0920"
                        ecep:lem="the"
                        ecep:pos="dt"
                        ecep:reg="The"
                        ecep:spe="The"
                        ecep:syllab="1"
                        ecep:pron="ðiː">The</w>
                  </hi>
                  <c> </c>
                  <w xml:id="pba35-062690"
                     n="a-0930"
                     ecep:lem="branch"
                     ecep:pos="n2"
                     ecep:reg="Branches"
                     ecep:spe="Branches"
                     ecep:syllab="2"
                     ecep:pron="brɑːnʃɪz">Branches</w>
                  <c> </c>
                  <w xml:id="pba35-062700"
                     n="a-0940"
                     ecep:lem="see"
                     ecep:pos="vvd"
                     ecep:reg="saw"
                     ecep:spe="saw"
                     ecep:syllab="1"
                     ecep:pron="sɔː">saw</w>
                  <pc xml:id="pba35-062710"
                      n="a-0950"
                      ecep:lem=","
                      ecep:pos=","
                      ecep:reg=","
                      ecep:spe=",">,</pc>
                  <c> </c>
                  <w xml:id="pba35-062720"
                     n="a-0960"
                     ecep:lem="and"
                     ecep:pos="cc"
                     ecep:reg="and"
                     ecep:spe="and"
                     ecep:syllab="1"
                     ecep:pron="ænd">and</w>
                  <c> </c>
                  <w xml:id="pba35-062730"
                     n="a-0970"
                     ecep:lem="grieve"
                     ecep:pos="vvd"
                     ecep:reg="grieved"
                     ecep:spe="griev'd"
                     ecep:syllab="1"
                     ecep:pron="griːvd">griev'd</w>
                  <c> </c>
                  <w xml:id="pba35-062740"
                     n="a-0980"
                     ecep:lem="to"
                     ecep:pos="pc-acp"
                     ecep:reg="to"
                     ecep:spe="to"
                     ecep:syllab="1"
                     ecep:pron="tuː">to</w>
                  <c> </c>
                  <w xml:id="pba35-062750"
                     n="a-0990"
                     ecep:lem="see"
                     ecep:pos="vvi"
                     ecep:reg="see"
                     ecep:spe="see"
                     ecep:syllab="1"
                     ecep:pron="siː">see</w>
               </l>
               <l n="12" xml:id="pba35-l03220">
                  <c> </c>
                  <w xml:id="pba35-062760"
                     n="a-1000"
                     ecep:lem="some"
                     ecep:pos="d"
                     ecep:reg="Some"
                     ecep:spe="Some"
                     ecep:syllab="1"
                     ecep:pron="sʌm">Some</w>
                  <c> </c>
                  <w xml:id="pba35-062770"
                     n="a-1010"
                     ecep:lem="juice"
                     ecep:pos="n2"
                     ecep:reg="Juices"
                     ecep:spe="Juices"
                     ecep:syllab="2"
                     ecep:pron="dʒuːsɪz">Juices</w>
                  <c> </c>
                  <w xml:id="pba35-062780"
                     n="a-1020"
                     ecep:lem="take"
                     ecep:pos="vvn"
                     ecep:reg="taken"
                     ecep:spe="taken"
                     ecep:syllab="2"
                     ecep:pron="ˈteɪkn">taken</w>
                  <c> </c>
                  <w xml:id="pba35-062790"
                     n="a-1030"
                     ecep:lem="from"
                     ecep:pos="p-acp"
                     ecep:reg="from"
                     ecep:spe="from"
                     ecep:syllab="1"
                     ecep:pron="frɒm">from</w>
                  <c> </c>
                  <w xml:id="pba35-062800"
                     n="a-1040"
                     ecep:lem="the"
                     ecep:pos="dt"
                     ecep:reg="the"
                     ecep:spe="the"
                     ecep:syllab="1"
                     ecep:pron="ðiː">the</w>
                  <c> </c>
                  <w xml:id="pba35-062810"
                     n="a-1050"
                     ecep:lem="tree"
                     ecep:pos="n1"
                     ecep:reg="Tree"
                     ecep:spe="Tree"
                     ecep:syllab="1"
                     ecep:pron="triː">Tree</w>
                  <pc xml:id="pba35-062820"
                      n="a-1060"
                      unit="sentence"
                      ecep:lem="."
                      ecep:pos="."
                      ecep:reg="."
                      ecep:spe=".">.</pc>
                  <c> </c>
               </l>
               <pb facs="pba35/0103" n="49" rend="none"/>
               <l n="13" xml:id="pba35-l03225">
                  <w xml:id="pba35-062830"
                     n="a-1070"
                     ecep:lem="parent"
                     ecep:pos="n1"
                     ecep:reg="Parent"
                     ecep:spe="Parent"
                     ecep:syllab="2"
                     ecep:pron="ˈpeərnt">Parent</w>
                  <pc xml:id="pba35-062840"
                      n="a-1080"
                      ecep:lem=","
                      ecep:pos=","
                      ecep:reg=","
                      ecep:spe=",">,</pc>
                  <c> </c>
                  <w xml:id="pba35-062850"
                     n="a-1090"
                     ecep:lem="say"
                     ecep:pos="vvb"
                     ecep:reg="say"
                     ecep:spe="say"
                     ecep:syllab="1"
                     ecep:pron="seɪ">say</w>
                  <c> </c>
                  <w xml:id="pba35-062860"
                     n="a-1100"
                     ecep:lem="they"
                     ecep:pos="pns32"
                     ecep:reg="they"
                     ecep:spe="they"
                     ecep:syllab="1"
                     ecep:pron="ðeɪ">they</w>
                  <pc xml:id="pba35-062870"
                      n="a-1110"
                      ecep:lem=","
                      ecep:pos=","
                      ecep:reg=","
                      ecep:spe=",">,</pc>
                  <c> </c>
                  <w xml:id="pba35-062880"
                     n="a-1120"
                     ecep:lem="in"
                     ecep:pos="p-acp"
                     ecep:reg="in"
                     ecep:spe="in"
                     ecep:syllab="1"
                     ecep:pron="ɪn">in</w>
                  <c> </c>
                  <w xml:id="pba35-062890"
                     n="a-1130"
                     ecep:lem="angry"
                     ecep:pos="j"
                     ecep:reg="angry"
                     ecep:spe="angry"
                     ecep:syllab="2"
                     ecep:pron="ˈæŋgri">angry</w>
                  <c> </c>
                  <w xml:id="pba35-062900"
                     n="a-1140"
                     ecep:lem="tone"
                     ecep:pos="n1"
                     ecep:reg="Tone"
                     ecep:spe="Tone"
                     ecep:syllab="1"
                     ecep:pron="təʊn">Tone</w>
                  <pc xml:id="pba35-062910"
                      n="a-1150"
                      ecep:lem=","
                      ecep:pos=","
                      ecep:reg=","
                      ecep:spe=",">,</pc>
               </l>
               <l n="14" xml:id="pba35-l03230">
                  <c> </c>
                  <w xml:id="pba35-062920"
                     n="a-1160"
                     ecep:lem="your"
                     ecep:pos="po22"
                     ecep:reg="Your"
                     ecep:spe="Your"
                     ecep:syllab="1"
                     ecep:pron="jɔː">Your</w>
                  <c> </c>
                  <w xml:id="pba35-062930"
                     n="a-1170"
                     ecep:lem="sap"
                     ecep:pos="n1"
                     ecep:reg="Sap"
                     ecep:spe="Sap"
                     ecep:syllab="1"
                     ecep:pron="sæp">Sap</w>
                  <c> </c>
                  <w xml:id="pba35-062940"
                     n="a-1180"
                     ecep:lem="shall"
                     ecep:pos="vmd"
                     ecep:reg="should"
                     ecep:spe="should"
                     ecep:syllab="1"
                     ecep:pron="ʃʊd">should</w>
                  <c> </c>
                  <w xml:id="pba35-062950"
                     n="a-1190"
                     ecep:lem="nourish"
                     ecep:pos="vvi"
                     ecep:reg="nourish"
                     ecep:spe="nourish"
                     ecep:syllab="2"
                     ecep:pron="ˈnʌrɪʃ">nourish</w>
                  <c> </c>
                  <w xml:id="pba35-062960"
                     n="a-1200"
                     ecep:lem="we"
                     ecep:pos="pno12"
                     ecep:reg="us"
                     ecep:spe="us"
                     ecep:syllab="1"
                     ecep:pron="ʌs">us</w>
                  <c> </c>
                  <w xml:id="pba35-062970"
                     n="a-1210"
                     ecep:lem="alone"
                     ecep:pos="av-j"
                     ecep:reg="alone"
                     ecep:spe="alone"
                     ecep:syllab="2"
                     ecep:pron="əˈləʊn">alone</w>
                  <pc xml:id="pba35-062980"
                      n="a-1220"
                      ecep:lem=":"
                      ecep:pos=":"
                      ecep:reg=":"
                      ecep:spe=":">:</pc>
               </l>
               <l n="15" xml:id="pba35-l03235">
                  <c> </c>
                  <w xml:id="pba35-062990"
                     n="a-0010"
                     ecep:lem="why"
                     ecep:pos="q-crq"
                     ecep:reg="Why"
                     ecep:spe="Why"
                     ecep:syllab="1"
                     ecep:pron="waɪ">Why</w>
                  <c> </c>
                  <w xml:id="pba35-063000"
                     n="a-0020"
                     ecep:lem="shall"
                     ecep:pos="vmd"
                     ecep:reg="should"
                     ecep:spe="should"
                     ecep:syllab="1"
                     ecep:pron="ʃʊd">should</w>
                  <c> </c>
                  <w xml:id="pba35-063010"
                     n="a-0030"
                     ecep:lem="you"
                     ecep:pos="pn22"
                     ecep:reg="you"
                     ecep:spe="you"
                     ecep:syllab="1"
                     ecep:pron="juː">you</w>
                  <c> </c>
                  <w xml:id="pba35-063020"
                     n="a-0040"
                     ecep:lem="nurse"
                     ecep:pos="vvi"
                     ecep:reg="nurse"
                     ecep:spe="nurse"
                     ecep:syllab="1"
                     ecep:pron="nɜːs">nurse</w>
                  <c> </c>
                  <w xml:id="pba35-063030"
                     n="a-0050"
                     ecep:lem="this"
                     ecep:pos="d"
                     ecep:reg="this"
                     ecep:spe="this"
                     ecep:syllab="1"
                     ecep:pron="ðɪs">this</w>
                  <c> </c>
                  <w xml:id="pba35-063040"
                     n="a-0060"
                     ecep:lem="stranger"
                     ecep:pos="n1"
                     ecep:reg="Stranger"
                     ecep:spe="Stranger"
                     ecep:syllab="2"
                     ecep:pron="ˈstreɪndʒə">Stranger</w>
                  <c> </c>
                  <w xml:id="pba35-063050"
                     n="a-0070"
                     ecep:lem="plant"
                     ecep:pos="vvi"
                     ecep:reg="Plant"
                     ecep:spe="Plant"
                     ecep:syllab="1"
                     ecep:pron="plɑːnt">Plant</w>
                  <pc xml:id="pba35-063060"
                      n="a-0080"
                      ecep:lem=","
                      ecep:pos=","
                      ecep:reg=","
                      ecep:spe=",">,</pc>
               </l>
               <l n="16" xml:id="pba35-l03240">
                  <c> </c>
                  <w xml:id="pba35-063070"
                     n="a-0090"
                     ecep:lem="with"
                     ecep:pos="p-acp"
                     ecep:reg="With"
                     ecep:spe="With"
                     ecep:syllab="1"
                     ecep:pron="wɪð">With</w>
                  <c> </c>
                  <w xml:id="pba35-063080"
                     n="a-0100"
                     ecep:lem="what"
                     ecep:pos="r-crq"
                     ecep:reg="what"
                     ecep:spe="what"
                     ecep:syllab="1"
                     ecep:pron="wɒt">what</w>
                  <c> </c>
                  <w xml:id="pba35-063090"
                     n="a-0110"
                     ecep:lem="your"
                     ecep:pos="po22"
                     ecep:reg="your"
                     ecep:spe="your"
                     ecep:syllab="1"
                     ecep:pron="jɔː">your</w>
                  <c> </c>
                  <w xml:id="pba35-063100"
                     n="a-0120"
                     ecep:lem="son"
                     ecep:pos="n2"
                     ecep:reg="Sons"
                     ecep:spe="Sons"
                     ecep:syllab="1"
                     ecep:pron="sʌnz">Sons</w>
                  <pc xml:id="pba35-063110"
                      n="a-0130"
                      ecep:lem=","
                      ecep:pos=","
                      ecep:reg=","
                      ecep:spe=",">,</pc>
                  <c> </c>
                  <w xml:id="pba35-063120"
                     n="a-0140"
                     ecep:lem="in"
                     ecep:pos="p-acp"
                     ecep:reg="in"
                     ecep:spe="in"
                     ecep:syllab="1"
                     ecep:pron="ɪn">in</w>
                  <c> </c>
                  <w xml:id="pba35-063130"
                     n="a-0150"
                     ecep:lem="time"
                     ecep:pos="n1"
                     ecep:reg="time"
                     ecep:spe="time"
                     ecep:syllab="1"
                     ecep:pron="taɪm">time</w>
                  <pc xml:id="pba35-063140"
                      n="a-0160"
                      ecep:lem=","
                      ecep:pos=","
                      ecep:reg=","
                      ecep:spe=",">,</pc>
                  <c> </c>
                  <w xml:id="pba35-063150"
                     n="a-0170"
                     ecep:lem="may"
                     ecep:pos="vmb"
                     ecep:reg="may"
                     ecep:spe="may"
                     ecep:syllab="1"
                     ecep:pron="meɪ">may</w>
                  <c> </c>
                  <w xml:id="pba35-063160"
                     n="a-0180"
                     ecep:lem="want"
                     ecep:pos="vvi"
                     ecep:reg="want"
                     ecep:spe="want"
                     ecep:syllab="1"
                     ecep:pron="wɒnt">want</w>
                  <pc xml:id="pba35-063170"
                      n="a-0190"
                      ecep:lem=";"
                      ecep:pos=";"
                      ecep:reg=";"
                      ecep:spe=";">;</pc>
               </l>
               <l n="17" xml:id="pba35-l03245">
                  <c> </c>
                  <w xml:id="pba35-063180"
                     n="a-0200"
                     ecep:lem="may"
                     ecep:pos="vmb"
                     ecep:reg="May"
                     ecep:spe="May"
                     ecep:syllab="1"
                     ecep:pron="meɪ">May</w>
                  <c> </c>
                  <w xml:id="pba35-063190"
                     n="a-0210"
                     ecep:lem="want"
                     ecep:pos="vvi"
                     ecep:reg="want"
                     ecep:spe="want"
                     ecep:syllab="1"
                     ecep:pron="wɒnt">want</w>
                  <pc xml:id="pba35-063200"
                      n="a-0220"
                      ecep:lem=","
                      ecep:pos=","
                      ecep:reg=","
                      ecep:spe=",">,</pc>
                  <c> </c>
                  <w xml:id="pba35-063210"
                     n="a-0230"
                     ecep:lem="to"
                     ecep:pos="pc-acp"
                     ecep:reg="to"
                     ecep:spe="to"
                     ecep:syllab="1"
                     ecep:pron="tuː">to</w>
                  <c> </c>
                  <w xml:id="pba35-063220"
                     n="a-0240"
                     ecep:lem="raise"
                     ecep:pos="vvi"
                     ecep:reg="raise"
                     ecep:spe="raise"
                     ecep:syllab="1"
                     ecep:pron="reɪz">raise</w>
                  <c> </c>
                  <w xml:id="pba35-063230"
                     n="a-0250"
                     ecep:lem="we"
                     ecep:pos="pno12"
                     ecep:reg="us"
                     ecep:spe="us"
                     ecep:syllab="1"
                     ecep:pron="ʌs">us</w>
                  <c> </c>
                  <w xml:id="pba35-063240"
                     n="a-0260"
                     ecep:lem="high"
                     ecep:pos="j"
                     ecep:reg="high"
                     ecep:spe="high"
                     ecep:syllab="1"
                     ecep:pron="haɪ">high</w>
                  <c> </c>
                  <w xml:id="pba35-063250"
                     n="a-0270"
                     ecep:lem="in"
                     ecep:pos="p-acp"
                     ecep:reg="in"
                     ecep:spe="in"
                     ecep:syllab="1"
                     ecep:pron="ɪn">in</w>
                  <c> </c>
                  <w xml:id="pba35-063260"
                     n="a-0280"
                     ecep:lem="air"
                     ecep:pos="n1"
                     ecep:reg="Air"
                     ecep:spe="Air"
                     ecep:syllab="1"
                     ecep:pron="eə">Air</w>
                  <pc xml:id="pba35-063270"
                      n="a-0290"
                      ecep:lem=","
                      ecep:pos=","
                      ecep:reg=","
                      ecep:spe=",">,</pc>
               </l>
               <l n="18" xml:id="pba35-l03250">
                  <c> </c>
                  <w xml:id="pba35-063280"
                     n="a-0300"
                     ecep:lem="and"
                     ecep:pos="cc"
                     ecep:reg="And"
                     ecep:spe="And"
                     ecep:syllab="1"
                     ecep:pron="ænd">And</w>
                  <c> </c>
                  <w xml:id="pba35-063290"
                     n="a-0310"
                     ecep:lem="make"
                     ecep:pos="vvb"
                     ecep:reg="make"
                     ecep:spe="make"
                     ecep:syllab="1"
                     ecep:pron="meɪk">make</w>
                  <c> </c>
                  <w xml:id="pba35-063300"
                     n="a-0320"
                     ecep:lem="we"
                     ecep:pos="pno12"
                     ecep:reg="us"
                     ecep:spe="us"
                     ecep:syllab="1"
                     ecep:pron="ʌs">us</w>
                  <c> </c>
                  <w xml:id="pba35-063310"
                     n="a-0330"
                     ecep:lem="more"
                     ecep:pos="dc"
                     ecep:reg="more"
                     ecep:spe="more"
                     ecep:syllab="1"
                     ecep:pron="mɔː">more</w>
                  <c> </c>
                  <w xml:id="pba35-063320"
                     n="a-0340"
                     ecep:lem="distinguish"
                     ecep:pos="vvn"
                     ecep:reg="distinguished"
                     ecep:spe="distinguish'd"
                     ecep:syllab="3"
                     ecep:pron="dɪˈstɪŋgwɪʃt">distinguish'd</w>
                  <c> </c>
                  <w xml:id="pba35-063330"
                     n="a-0350"
                     ecep:lem="there"
                     ecep:pos="a-acp"
                     ecep:reg="there"
                     ecep:spe="there"
                     ecep:syllab="1"
                     ecep:pron="ðeə">there</w>
                  <pc xml:id="pba35-063340"
                      n="a-0360"
                      unit="sentence"
                      ecep:lem="."
                      ecep:pos="."
                      ecep:reg="."
                      ecep:spe=".">.</pc>
                  <c> </c>
               </l>
            </lg>
            <lg xml:id="pba35-s00430">
               <l n="19" xml:id="pba35-l03255">
                  <hi rendition="#sc">
                     <w xml:id="pba35-063370"
                        n="a-0370"
                        ecep:lem="it|be"
                        ecep:pos="pn31|vbz"
                        ecep:reg="It's"
                        ecep:spe="'Tis"
                        ecep:syllab="1"
                        ecep:pron="tɪz">'Tis</w>
                  </hi>
                  <c> </c>
                  <w xml:id="pba35-063380"
                     n="a-0380"
                     ecep:lem="well"
                     ecep:pos="av"
                     ecep:reg="well"
                     ecep:spe="well"
                     ecep:syllab="1"
                     ecep:pron="wel">well</w>
                  <c> </c>
                  <pc xml:id="pba35-063390"
                      n="a-0390"
                      ecep:lem="—"
                      ecep:pos="—"
                      ecep:reg="—"
                      ecep:spe="—">—</pc>
                  <c> </c>
                  <w xml:id="pba35-063400"
                     n="a-0400"
                     ecep:lem="the"
                     ecep:pos="dt"
                     ecep:reg="the"
                     ecep:spe="the"
                     ecep:syllab="1"
                     ecep:pron="ðiː">the</w>
                  <c> </c>
                  <w xml:id="pba35-063410"
                     n="a-0410"
                     ecep:lem="parent-tree"
                     ecep:pos="n1"
                     ecep:reg="Parent-Tree"
                     ecep:spe="Parent-Tree"
                     ecep:syllab="3"
                     ecep:pron="ˈpeərntˌtriː">Parent-Tree</w>
                  <c> </c>
                  <w xml:id="pba35-063420"
                     n="a-0420"
                     ecep:lem="reply"
                     ecep:pos="vvd"
                     ecep:reg="replied"
                     ecep:spe="reply'd"
                     ecep:syllab="2"
                     ecep:pron="rɪˈplaɪd">reply'd</w>
                  <pc xml:id="pba35-063430"
                      n="a-0430"
                      ecep:lem=";"
                      ecep:pos=";"
                      ecep:reg=";"
                      ecep:spe=";">;</pc>
               </l>
               <l n="20" xml:id="pba35-l03260">
                  <c> </c>
                  <w xml:id="pba35-063440"
                     n="a-0440"
                     ecep:lem="must"
                     ecep:pos="vmb"
                     ecep:reg="Must"
                     ecep:spe="Must"
                     ecep:syllab="1"
                     ecep:pron="mʌst">Must</w>
                  <c> </c>
                  <w xml:id="pba35-063450"
                     n="a-0450"
                     ecep:lem="i"
                     ecep:pos="pns11"
                     ecep:reg="I"
                     ecep:spe="I"
                     ecep:syllab="1"
                     ecep:pron="aɪ">I</w>
                  <pc xml:id="pba35-063460"
                      n="a-0460"
                      ecep:lem=","
                      ecep:pos=","
                      ecep:reg=","
                      ecep:spe=",">,</pc>
                  <c> </c>
                  <w xml:id="pba35-063470"
                     n="a-0470"
                     ecep:lem="to"
                     ecep:pos="pc-acp"
                     ecep:reg="to"
                     ecep:spe="to"
                     ecep:syllab="1"
                     ecep:pron="tuː">to</w>
                  <c> </c>
                  <w xml:id="pba35-063480"
                     n="a-0480"
                     ecep:lem="gratify"
                     ecep:pos="vvi"
                     ecep:reg="gratify"
                     ecep:spe="gratify"
                     ecep:syllab="3"
                     ecep:pron="ˈgrætɪfaɪ">gratify</w>
                  <c> </c>
                  <w xml:id="pba35-063490"
                     n="a-0490"
                     ecep:lem="your"
                     ecep:pos="po22"
                     ecep:reg="your"
                     ecep:spe="your"
                     ecep:syllab="1"
                     ecep:pron="jɔː">your</w>
                  <c> </c>
                  <w xml:id="pba35-063500"
                     n="a-0500"
                     ecep:lem="pride"
                     ecep:pos="n1"
                     ecep:reg="Pride"
                     ecep:spe="Pride"
                     ecep:syllab="1"
                     ecep:pron="praɪd">Pride</w>
                  <pc xml:id="pba35-063510"
                      n="a-0510"
                      ecep:lem=","
                      ecep:pos=","
                      ecep:reg=","
                      ecep:spe=",">,</pc>
               </l>
               <l n="21" xml:id="pba35-l03265">
                  <c> </c>
                  <w xml:id="pba35-063520"
                     n="a-0520"
                     ecep:lem="act"
                     ecep:pos="n1"
                     ecep:reg="Act"
                     ecep:spe="Act"
                     ecep:syllab="1"
                     ecep:pron="ækt">Act</w>
                  <c> </c>
                  <w xml:id="pba35-063530"
                     n="a-0530"
                     ecep:lem="only"
                     ecep:pos="av-j"
                     ecep:reg="only"
                     ecep:spe="only"
                     ecep:syllab="2"
                     ecep:pron="ˈəʊnli">only</w>
                  <c> </c>
                  <w xml:id="pba35-063540"
                     n="a-0540"
                     ecep:lem="with"
                     ecep:pos="p-acp"
                     ecep:reg="with"
                     ecep:spe="with"
                     ecep:syllab="1"
                     ecep:pron="wɪð">with</w>
                  <c> </c>
                  <w xml:id="pba35-063550"
                     n="a-0550"
                     ecep:lem="a"
                     ecep:pos="dt"
                     ecep:reg="a"
                     ecep:spe="a"
                     ecep:syllab="1"
                     ecep:pron="ə">a</w>
                  <c> </c>
                  <w xml:id="pba35-063560"
                     n="a-0560"
                     ecep:lem="narrow"
                     ecep:pos="j"
                     ecep:reg="narrow"
                     ecep:spe="narrow"
                     ecep:syllab="2"
                     ecep:pron="ˈnærəʊ">narrow</w>
                  <c> </c>
                  <w xml:id="pba35-063570"
                     n="a-0570"
                     ecep:lem="view"
                     ecep:pos="n1"
                     ecep:reg="View"
                     ecep:spe="View"
                     ecep:syllab="1"
                     ecep:pron="vjuː">View</w>
               </l>
               <l n="22" xml:id="pba35-l03270">
                  <c> </c>
                  <w xml:id="pba35-063580"
                     n="a-0580"
                     ecep:lem="of"
                     ecep:pos="pp-f"
                     ecep:reg="Of"
                     ecep:spe="Of"
                     ecep:syllab="1"
                     ecep:pron="ɒv">Of</w>
                  <c> </c>
                  <w xml:id="pba35-063590"
                     n="a-0590"
                     ecep:lem="do"
                     ecep:pos="vdg"
                     ecep:reg="doing"
                     ecep:spe="doing"
                     ecep:syllab="2"
                     ecep:pron="ˈduːɪŋ">doing</w>
                  <c> </c>
                  <w xml:id="pba35-063600"
                     n="a-0600"
                     ecep:lem="good"
                     ecep:pos="j"
                     ecep:reg="Good"
                     ecep:spe="Good"
                     ecep:syllab="1"
                     ecep:pron="gʊd">Good</w>
                  <c> </c>
                  <w xml:id="pba35-063610"
                     n="a-0610"
                     ecep:lem="to"
                     ecep:pos="p-acp"
                     ecep:reg="to"
                     ecep:spe="to"
                     ecep:syllab="1"
                     ecep:pron="tuː">to</w>
                  <c> </c>
                  <w xml:id="pba35-063620"
                     n="a-0620"
                     ecep:lem="none"
                     ecep:pos="pix"
                     ecep:reg="none"
                     ecep:spe="none"
                     ecep:syllab="1"
                     ecep:pron="nəʊn">none</w>
                  <c> </c>
                  <w xml:id="pba35-063630"
                     n="a-0630"
                     ecep:lem="but"
                     ecep:pos="cc-acp"
                     ecep:reg="but"
                     ecep:spe="but"
                     ecep:syllab="1"
                     ecep:pron="bʌt">but</w>
                  <c> </c>
                  <w xml:id="pba35-063640"
                     n="a-0640"
                     ecep:lem="you"
                     ecep:pos="pn22"
                     ecep:reg="you"
                     ecep:spe="you"
                     ecep:syllab="1"
                     ecep:pron="juː">you</w>
                  <pc xml:id="pba35-063650"
                      n="a-0650"
                      unit="sentence"
                      ecep:lem="?"
                      ecep:pos="?"
                      ecep:reg="?"
                      ecep:spe="?">?</pc>
                  <c> </c>
               </l>
               <l n="23" xml:id="pba35-l03275">
                  <w xml:id="pba35-063660"
                     n="a-0660"
                     ecep:lem="know"
                     ecep:pos="vvb"
                     ecep:reg="Know"
                     ecep:spe="Know"
                     ecep:syllab="1"
                     ecep:pron="nəʊ">Know</w>
                  <pc xml:id="pba35-063670"
                      n="a-0670"
                      ecep:lem=","
                      ecep:pos=","
                      ecep:reg=","
                      ecep:spe=",">,</pc>
                  <c> </c>
                  <w xml:id="pba35-063680"
                     n="a-0680"
                     ecep:lem="son"
                     ecep:pos="n2"
                     ecep:reg="Sons"
                     ecep:spe="Sons"
                     ecep:syllab="1"
                     ecep:pron="sʌnz">Sons</w>
                  <pc xml:id="pba35-063690"
                      n="a-0690"
                      ecep:lem=","
                      ecep:pos=","
                      ecep:reg=","
                      ecep:spe=",">,</pc>
                  <c> </c>
                  <w xml:id="pba35-063700"
                     n="a-0700"
                     ecep:lem="though"
                     ecep:pos="c-acp"
                     ecep:reg="though"
                     ecep:spe="tho'"
                     ecep:syllab="1"
                     ecep:pron="ðəʊ">tho'</w>
                  <c> </c>
                  <hi rendition="#sc">
                     <w xml:id="pba35-063710"
                        n="a-0710"
                        ecep:lem="Jove"
                        ecep:pos="np1"
                        ecep:reg="Jove"
                        ecep:spe="Jove"
                        ecep:syllab="1"
                        ecep:pron="ˈdʒəʊv">Jove</w>
                  </hi>
                  <c> </c>
                  <w xml:id="pba35-063720"
                     n="a-0720"
                     ecep:lem="have"
                     ecep:pos="vhz"
                     ecep:reg="hath"
                     ecep:spe="hath"
                     ecep:syllab="1"
                     ecep:pron="hæθ">hath</w>
                  <c> </c>
                  <w xml:id="pba35-063730"
                     n="a-0730"
                     ecep:lem="make"
                     ecep:pos="vvn"
                     ecep:reg="made"
                     ecep:spe="made"
                     ecep:syllab="1"
                     ecep:pron="meɪd">made</w>
                  <c> </c>
                  <w xml:id="pba35-063740"
                     n="a-0740"
                     ecep:lem="i"
                     ecep:pos="pno11"
                     ecep:reg="me"
                     ecep:spe="me"
                     ecep:syllab="1"
                     ecep:pron="miː">me</w>
                  <c> </c>
                  <w xml:id="pba35-063750"
                     n="a-0750"
                     ecep:lem="great"
                     ecep:pos="j"
                     ecep:reg="great"
                     ecep:spe="great"
                     ecep:syllab="1"
                     ecep:pron="greɪt">great</w>
                  <pc xml:id="pba35-063760"
                      n="a-0760"
                      ecep:lem=","
                      ecep:pos=","
                      ecep:reg=","
                      ecep:spe=",">,</pc>
               </l>
               <l n="24" xml:id="pba35-l03280">
                  <c> </c>
                  <w xml:id="pba35-063770"
                     n="a-0770"
                     ecep:lem="i"
                     ecep:pos="pns11"
                     ecep:reg="I"
                     ecep:spe="I"
                     ecep:syllab="1"
                     ecep:pron="aɪ">I</w>
                  <c> </c>
                  <w xml:id="pba35-063780"
                     n="a-0780"
                     ecep:lem="be"
                     ecep:pos="vbm"
                     ecep:reg="am"
                     ecep:spe="am"
                     ecep:syllab="1"
                     ecep:pron="æm">am</w>
                  <c> </c>
                  <w xml:id="pba35-063790"
                     n="a-0790"
                     ecep:lem="not"
                     ecep:pos="xx"
                     ecep:reg="not"
                     ecep:spe="not"
                     ecep:syllab="1"
                     ecep:pron="nɒt">not</w>
                  <c> </c>
                  <w xml:id="pba35-063800"
                     n="a-0800"
                     ecep:lem="safe"
                     ecep:pos="j"
                     ecep:reg="safe"
                     ecep:spe="safe"
                     ecep:syllab="1"
                     ecep:pron="seɪf">safe</w>
                  <c> </c>
                  <w xml:id="pba35-063810"
                     n="a-0810"
                     ecep:lem="from"
                     ecep:pos="p-acp"
                     ecep:reg="from"
                     ecep:spe="from"
                     ecep:syllab="1"
                     ecep:pron="frɒm">from</w>
                  <c> </c>
                  <w xml:id="pba35-063820"
                     n="a-0820"
                     ecep:lem="storm"
                     ecep:pos="n2"
                     ecep:reg="Storms"
                     ecep:spe="Storms"
                     ecep:syllab="1"
                     ecep:pron="stɔːmz">Storms</w>
                  <c> </c>
                  <w xml:id="pba35-063830"
                     n="a-0830"
                     ecep:lem="of"
                     ecep:pos="pp-f"
                     ecep:reg="of"
                     ecep:spe="of"
                     ecep:syllab="1"
                     ecep:pron="ɒv">of</w>
                  <c> </c>
                  <w xml:id="pba35-063840"
                     n="a-0840"
                     ecep:lem="fate"
                     ecep:pos="n1"
                     ecep:reg="Fate"
                     ecep:spe="Fate"
                     ecep:syllab="1"
                     ecep:pron="feɪt">Fate</w>
                  <pc xml:id="pba35-063850"
                      n="a-0850"
                      unit="sentence"
                      ecep:lem="."
                      ecep:pos="."
                      ecep:reg="."
                      ecep:spe=".">.</pc>
                  <c> </c>
               </l>
               <l n="25" xml:id="pba35-l03285">
                  <w xml:id="pba35-063860"
                     n="a-0860"
                     ecep:lem="be"
                     ecep:pos="vbz"
                     ecep:reg="Is"
                     ecep:spe="Is"
                     ecep:syllab="1"
                     ecep:pron="ɪz">Is</w>
                  <c> </c>
                  <w xml:id="pba35-063870"
                     n="a-0870"
                     ecep:lem="it"
                     ecep:pos="pn31"
                     ecep:reg="it"
                     ecep:spe="it"
                     ecep:syllab="1"
                     ecep:pron="ɪt">it</w>
                  <c> </c>
                  <w xml:id="pba35-063880"
                     n="a-0880"
                     ecep:lem="not"
                     ecep:pos="xx"
                     ecep:reg="not"
                     ecep:spe="not"
                     ecep:syllab="1"
                     ecep:pron="nɒt">not</w>
                  <c> </c>
                  <w xml:id="pba35-063890"
                     n="a-0890"
                     ecep:lem="prudent"
                     ecep:pos="j"
                     ecep:reg="prudent"
                     ecep:spe="prudent"
                     ecep:syllab="2"
                     ecep:pron="ˈpruːdnt">prudent</w>
                  <c> </c>
                  <w xml:id="pba35-063900"
                     n="a-0900"
                     ecep:lem="then"
                     ecep:pos="av"
                     ecep:reg="then"
                     ecep:spe="then"
                     ecep:syllab="1"
                     ecep:pron="ðen">then</w>
                  <pc xml:id="pba35-063910"
                      n="a-0910"
                      ecep:lem=","
                      ecep:pos=","
                      ecep:reg=","
                      ecep:spe=",">,</pc>
                  <c> </c>
                  <w xml:id="pba35-063920"
                     n="a-0920"
                     ecep:lem="i"
                     ecep:pos="pns11"
                     ecep:reg="I"
                     ecep:spe="I"
                     ecep:syllab="1"
                     ecep:pron="aɪ">I</w>
                  <c> </c>
                  <w xml:id="pba35-063930"
                     n="a-0930"
                     ecep:lem="pray"
                     ecep:pos="vvb"
                     ecep:reg="pray"
                     ecep:spe="pray"
                     ecep:syllab="1"
                     ecep:pron="preɪ">pray</w>
                  <pc xml:id="pba35-063940"
                      n="a-0940"
                      ecep:lem=","
                      ecep:pos=","
                      ecep:reg=","
                      ecep:spe=",">,</pc>
               </l>
               <l n="26" xml:id="pba35-l03290">
                  <c> </c>
                  <w xml:id="pba35-063950"
                     n="a-0950"
                     ecep:lem="to"
                     ecep:pos="pc-acp"
                     ecep:reg="To"
                     ecep:spe="To"
                     ecep:syllab="1"
                     ecep:pron="tuː">To</w>
                  <c> </c>
                  <w xml:id="pba35-063960"
                     n="a-0960"
                     ecep:lem="guard"
                     ecep:pos="vvi"
                     ecep:reg="guard"
                     ecep:spe="guard"
                     ecep:syllab="1"
                     ecep:pron="gɑːd">guard</w>
                  <c> </c>
                  <w xml:id="pba35-063970"
                     n="a-0970"
                     ecep:lem="against"
                     ecep:pos="p-acp"
                     ecep:reg="against"
                     ecep:spe="against"
                     ecep:syllab="2"
                     ecep:pron="əˈgenst">against</w>
                  <c> </c>
                  <w xml:id="pba35-063980"
                     n="a-0980"
                     ecep:lem="another"
                     ecep:pos="j-jn"
                     ecep:reg="another"
                     ecep:spe="another"
                     ecep:syllab="3"
                     ecep:pron="əˈnʌðə">another</w>
                  <c> </c>
                  <w xml:id="pba35-063990"
                     n="a-0990"
                     ecep:lem="day"
                     ecep:pos="n1"
                     ecep:reg="Day"
                     ecep:spe="Day"
                     ecep:syllab="1"
                     ecep:pron="deɪ">Day</w>
                  <pc xml:id="pba35-064000"
                      n="a-1000"
                      unit="sentence"
                      ecep:lem="?"
                      ecep:pos="?"
                      ecep:reg="?"
                      ecep:spe="?">?</pc>
                  <c> </c>
               </l>
               <l n="27" xml:id="pba35-l03295">
                  <w xml:id="pba35-064010"
                     n="a-1010"
                     ecep:lem="while"
                     ecep:pos="cs"
                     ecep:reg="While"
                     ecep:spe="Whilst"
                     ecep:syllab="1"
                     ecep:pron="waɪlst">Whilst</w>
                  <c> </c>
                  <w xml:id="pba35-064020"
                     n="a-1020"
                     ecep:lem="i|be"
                     ecep:pos="pns11|vbm"
                     ecep:reg="I'm"
                     ecep:spe="I'm"
                     ecep:syllab="1"
                     ecep:pron="ˈaɪm">I'm</w>
                  <c> </c>
                  <w xml:id="pba35-064030"
                     n="a-1030"
                     ecep:lem="alive"
                     ecep:pos="j"
                     ecep:reg="alive"
                     ecep:spe="alive"
                     ecep:syllab="2"
                     ecep:pron="əˈlaɪv">alive</w>
                  <pc xml:id="pba35-064040"
                      n="a-1040"
                      ecep:lem=","
                      ecep:pos=","
                      ecep:reg=","
                      ecep:spe=",">,</pc>
                  <c> </c>
                  <hi>
                     <w xml:id="pba35-064050"
                        n="a-1050"
                        ecep:lem="you"
                        ecep:pos="pn22"
                        ecep:reg="You"
                        ecep:spe="You"
                        ecep:syllab="1"
                        ecep:pron="juː">You</w>
                  </hi>
                  <c> </c>
                  <w xml:id="pba35-064060"
                     n="a-1060"
                     ecep:lem="crown"
                     ecep:pos="vvb"
                     ecep:reg="crown"
                     ecep:spe="crown"
                     ecep:syllab="1"
                     ecep:pron="kraʊn">crown</w>
                  <c> </c>
                  <w xml:id="pba35-064070"
                     n="a-1070"
                     ecep:lem="my"
                     ecep:pos="po11"
                     ecep:reg="my"
                     ecep:spe="my"
                     ecep:syllab="1"
                     ecep:pron="maɪ">my</w>
                  <c> </c>
                  <w xml:id="pba35-064080"
                     n="a-1080"
                     ecep:lem="head"
                     ecep:pos="n1"
                     ecep:reg="Head"
                     ecep:spe="Head"
                     ecep:syllab="1"
                     ecep:pron="hed">Head</w>
                  <pc xml:id="pba35-064090"
                      n="a-1090"
                      ecep:lem=";"
                      ecep:pos=";"
                      ecep:reg=";"
                      ecep:spe=";">;</pc>
               </l>
               <l n="28" xml:id="pba35-l03300">
                  <c> </c>
                  <hi>
                     <w xml:id="pba35-064100"
                        n="a-1100"
                        ecep:lem="this"
                        ecep:pos="d"
                        ecep:reg="This"
                        ecep:spe="This"
                        ecep:syllab="1"
                        ecep:pron="ðɪs">This</w>
                  </hi>
                  <c> </c>
                  <w xml:id="pba35-064110"
                     n="a-1110"
                     ecep:lem="grace"
                     ecep:pos="n2"
                     ecep:reg="graces"
                     ecep:spe="graces"
                     ecep:syllab="2"
                     ecep:pron="greɪsɪz">graces</w>
                  <c> </c>
                  <w xml:id="pba35-064120"
                     n="a-1120"
                     ecep:lem="i"
                     ecep:pos="pno11"
                     ecep:reg="me"
                     ecep:spe="me"
                     ecep:syllab="1"
                     ecep:pron="miː">me</w>
                  <c> </c>
                  <w xml:id="pba35-064130"
                     n="a-1130"
                     ecep:lem="alive"
                     ecep:pos="j"
                     ecep:reg="alive"
                     ecep:spe="alive"
                     ecep:syllab="2"
                     ecep:pron="əˈlaɪv">alive</w>
                  <pc xml:id="pba35-064140"
                      n="a-1140"
                      ecep:lem=","
                      ecep:pos=","
                      ecep:reg=","
                      ecep:spe=",">,</pc>
                  <c> </c>
                  <w xml:id="pba35-064150"
                     n="a-1150"
                     ecep:lem="and"
                     ecep:pos="cc"
                     ecep:reg="and"
                     ecep:spe="and"
                     ecep:syllab="1"
                     ecep:pron="ænd">and</w>
                  <c> </c>
                  <w xml:id="pba35-064160"
                     n="a-1160"
                     ecep:lem="dead"
                     ecep:pos="j"
                     ecep:reg="dead"
                     ecep:spe="dead"
                     ecep:syllab="1"
                     ecep:pron="ded">dead</w>
                  <pc xml:id="pba35-064170"
                      n="a-1170"
                      unit="sentence"
                      ecep:lem="."
                      ecep:pos="."
                      ecep:reg="."
                      ecep:spe=".">.</pc>
                  <c> </c>
               </l>
            </lg>
         </div>
      </body>
   </text>
</TEI>
