<?xml version="1.0" encoding="UTF-8"?>
<div xmlns:ecep="http://www.eighteenthcenturypoetry.org/ns"
     xmlns="http://www.tei-c.org/ns/1.0"
     xmlns:tei="http://www.tei-c.org/ns/1.0"
     ana="#tetrameter #invariable #iamb #couplet #pair"
     corresp="#txt_TateNa1652_w0012"
     decls="#semi-normalized"
     ecep:syllab=""
     met="irregular"
     rendition="#lgvspace"
     rhyme="aa"
     subtype="eceptext"
     type="dialogue"
     xml:id="oat77-w0120">
   <link target="authors.xml#aut_TateNa1652" type="author"/>
   <head type="main">
      <w xml:id="oat77-048640"
         n="oat77/0048-a-0010"
         ecep:lem="the"
         ecep:pos="dt"
         ecep:reg="The"
         ecep:spe="The"
         ecep:syllab="1"
         ecep:pron="ðiː">The</w>
      <c> </c>
      <w xml:id="oat77-048650"
         n="oat77/0048-a-0020"
         ecep:lem="amusement"
         ecep:pos="n1"
         ecep:reg="Amusement"
         ecep:spe="Amusement"
         ecep:syllab="3"
         ecep:pron="əˈmjuːzmənt">Amusement</w>
      <pc xml:id="oat77-048660"
          n="oat77/0048-a-0030"
          unit="sentence"
          ecep:lem="."
          ecep:pos="."
          ecep:reg="."
          ecep:spe=".">.</pc>
   </head>
   <sp xml:id="oat77-s00265">
      <speaker>
         <w xml:id="oat77-048700"
            n="oat77/0048-a-0040"
            ecep:lem="Strephon"
            ecep:pos="np1"
            ecep:reg="Strephon"
            ecep:spe="Strephon"
            ecep:syllab="2"
            ecep:pron="strˈefɒn">Strephon</w>
         <pc xml:id="oat77-048710"
             n="oat77/0048-a-0050"
             unit="sentence"
             ecep:lem="."
             ecep:pos="."
             ecep:reg="."
             ecep:spe=".">.</pc>
      </speaker>
      <l xml:id="oat77-l02380">
         <w xml:id="oat77-048730"
            n="oat77/0048-a-0060"
            ecep:lem="why"
            ecep:pos="q-crq"
            ecep:reg="WHy"
            ecep:spe="WHy"
            ecep:syllab="1"
            ecep:pron="waɪ">WHy</w>
         <c> </c>
         <w xml:id="oat77-048740"
            n="oat77/0048-a-0070"
            ecep:lem="weep"
            ecep:pos="vvz"
            ecep:reg="Weeps"
            ecep:spe="Weeps"
            ecep:syllab="1"
            ecep:pron="wiːps">Weeps</w>
         <c> </c>
         <w xml:id="oat77-048750"
            n="oat77/0048-a-0080"
            ecep:lem="my"
            ecep:pos="po11"
            ecep:reg="my"
            ecep:spe="my"
            ecep:syllab="1"
            ecep:pron="maɪ">my</w>
         <c> </c>
         <hi>
            <w xml:id="oat77-048760"
               n="oat77/0048-a-0090"
               ecep:lem="Sylvia"
               ecep:pos="np1"
               ecep:reg="Sylvia"
               ecep:spe="Sylvia"
               ecep:syllab="3"
               ecep:pron="ˈsɪlvɪə">Sylvia</w>
            <pc xml:id="oat77-048770"
                n="oat77/0048-a-0100"
                ecep:lem=","
                ecep:pos=","
                ecep:reg=","
                ecep:spe=",">,</pc>
         </hi>
         <c> </c>
         <w xml:id="oat77-048780"
            n="oat77/0048-a-0110"
            ecep:lem="prithee"
            ecep:pos="uh"
            ecep:reg="prithee"
            ecep:spe="prethee"
            ecep:syllab="2"
            ecep:pron="prɪθˈiː">prethee</w>
         <c> </c>
         <w xml:id="oat77-048790"
            n="oat77/0048-a-0120"
            ecep:lem="why"
            ecep:pos="q-crq"
            ecep:reg="why"
            ecep:spe="why"
            ecep:syllab="1"
            ecep:pron="waɪ">why</w>
         <pc xml:id="oat77-048800"
             n="oat77/0048-a-0130"
             unit="sentence"
             ecep:lem="?"
             ecep:pos="?"
             ecep:reg="?"
             ecep:spe="?">?</pc>
      </l>
   </sp>
   <sp xml:id="oat77-s00270">
      <speaker>
         <w xml:id="oat77-048840"
            n="oat77/0048-a-0140"
            ecep:lem="Sylvia"
            ecep:pos="np1"
            ecep:reg="Sylvia"
            ecep:spe="Sylvia"
            ecep:syllab="3"
            ecep:pron="ˈsɪlvɪə">Sylvia</w>
         <pc xml:id="oat77-048850"
             n="oat77/0048-a-0150"
             unit="sentence"
             ecep:lem="."
             ecep:pos="."
             ecep:reg="."
             ecep:spe=".">.</pc>
      </speaker>
      <l xml:id="oat77-l02385">
         <w xml:id="oat77-048870"
            n="oat77/0048-a-0160"
            ecep:lem="to"
            ecep:pos="p-acp"
            ecep:reg="To"
            ecep:spe="To"
            ecep:syllab="1"
            ecep:pron="tuː">To</w>
         <c> </c>
         <w xml:id="oat77-048880"
            n="oat77/0048-a-0170"
            ecep:lem="think"
            ecep:pos="vvi"
            ecep:reg="think"
            ecep:spe="think"
            ecep:syllab="1"
            ecep:pron="θɪŋk">think</w>
         <c> </c>
         <w xml:id="oat77-048890"
            n="oat77/0048-a-0180"
            ecep:lem="my"
            ecep:pos="po11"
            ecep:reg="my"
            ecep:spe="my"
            ecep:syllab="1"
            ecep:pron="maɪ">my</w>
         <c> </c>
         <hi>
            <w xml:id="oat77-048900"
               n="oat77/0048-a-0190"
               ecep:lem="Strephon"
               ecep:pos="np1"
               ecep:reg="Strephon"
               ecep:spe="Strephon"
               ecep:syllab="2"
               ecep:pron="strˈefɒn">Strephon</w>
         </hi>
         <c> </c>
         <w xml:id="oat77-048910"
            n="oat77/0048-a-0200"
            ecep:lem="once"
            ecep:pos="a-acp"
            ecep:reg="once"
            ecep:spe="once"
            ecep:syllab="1"
            ecep:pron="wʌns">once</w>
         <c> </c>
         <w xml:id="oat77-048920"
            n="oat77/0048-a-0210"
            ecep:lem="must"
            ecep:pos="vmb"
            ecep:reg="must"
            ecep:spe="must"
            ecep:syllab="1"
            ecep:pron="mʌst">must</w>
         <c> </c>
         <w xml:id="oat77-048930"
            n="oat77/0048-a-0220"
            ecep:lem="die"
            ecep:pos="vvb"
            ecep:reg="Die"
            ecep:spe="Die"
            ecep:syllab="1"
            ecep:pron="daɪ">Die</w>
         <pc xml:id="oat77-048940"
             n="oat77/0048-a-0230"
             ecep:lem=","
             ecep:pos=","
             ecep:reg=","
             ecep:spe=",">,</pc>
      </l>
      <l xml:id="oat77-l02390">
         <w xml:id="oat77-048950"
            n="oat77/0048-a-0240"
            ecep:lem="to"
            ecep:pos="pc-acp"
            ecep:reg="To"
            ecep:spe="To"
            ecep:syllab="1"
            ecep:pron="tuː">To</w>
         <c> </c>
         <w xml:id="oat77-048960"
            n="oat77/0048-a-0250"
            ecep:lem="think"
            ecep:pos="vvi"
            ecep:reg="think"
            ecep:spe="think"
            ecep:syllab="1"
            ecep:pron="θɪŋk">think</w>
         <c> </c>
         <w xml:id="oat77-048970"
            n="oat77/0048-a-0260"
            ecep:lem="withal"
            ecep:pos="av"
            ecep:reg="withal"
            ecep:spe="withal"
            ecep:syllab="2"
            ecep:pron="wɪˈðɔːl">withal</w>
         <c> </c>
         <w xml:id="oat77-048980"
            n="oat77/0048-a-0270"
            ecep:lem="poor"
            ecep:pos="j"
            ecep:reg="poor"
            ecep:spe="poor"
            ecep:syllab="1"
            ecep:pron="pɔː">poor</w>
         <c> </c>
         <hi>
            <w xml:id="oat77-048990"
               n="oat77/0048-a-0280"
               ecep:lem="Sylvia"
               ecep:pos="np1"
               ecep:reg="Sylvia"
               ecep:spe="Sylvia"
               ecep:syllab="3"
               ecep:pron="ˈsɪlvɪə">Sylvia</w>
         </hi>
         <c> </c>
         <w xml:id="oat77-049000"
            n="oat77/0048-a-0290"
            ecep:lem="may"
            ecep:pos="vmb"
            ecep:reg="may"
            ecep:spe="may"
            ecep:syllab="1"
            ecep:pron="meɪ">may</w>
      </l>
      <l xml:id="oat77-l02395">
         <w xml:id="oat77-049010"
            n="oat77/0048-a-0300"
            ecep:lem="when"
            ecep:pos="c-crq"
            ecep:reg="When"
            ecep:spe="When"
            ecep:syllab="1"
            ecep:pron="wen">When</w>
         <c> </c>
         <w xml:id="oat77-049020"
            n="oat77/0048-a-0310"
            ecep:lem="he|be"
            ecep:pos="pns31|vbz"
            ecep:reg="He's"
            ecep:spe="He's"
            ecep:syllab="1"
            ecep:pron="hiːz">He's</w>
         <c> </c>
         <w xml:id="oat77-049030"
            n="oat77/0048-a-0320"
            ecep:lem="remove"
            ecep:pos="vvn"
            ecep:reg="removed"
            ecep:spe="remov'd"
            ecep:syllab="2"
            ecep:pron="rɪˈmuːvd">remov'd</w>
         <pc xml:id="oat77-049040"
             n="oat77/0048-a-0330"
             ecep:lem=","
             ecep:pos=","
             ecep:reg=","
             ecep:spe=",">,</pc>
         <c> </c>
         <w xml:id="oat77-049050"
            n="oat77/0048-a-0340"
            ecep:lem="be"
            ecep:pos="vbb"
            ecep:reg="be"
            ecep:spe="be"
            ecep:syllab="1"
            ecep:pron="biː">be</w>
         <c> </c>
         <w xml:id="oat77-049060"
            n="oat77/0048-a-0350"
            ecep:lem="doom"
            ecep:pos="vvn"
            ecep:reg="doomed"
            ecep:spe="doom'd"
            ecep:syllab="1"
            ecep:pron="duːmd">doom'd</w>
         <c> </c>
         <w xml:id="oat77-049070"
            n="oat77/0048-a-0360"
            ecep:lem="to"
            ecep:pos="pc-acp"
            ecep:reg="to"
            ecep:spe="to"
            ecep:syllab="1"
            ecep:pron="tuː">to</w>
         <c> </c>
         <w xml:id="oat77-049080"
            n="oat77/0048-a-0370"
            ecep:lem="stay"
            ecep:pos="vvi"
            ecep:reg="stay"
            ecep:spe="stay"
            ecep:syllab="1"
            ecep:pron="steɪ">stay</w>
         <pc xml:id="oat77-049090"
             n="oat77/0048-a-0380"
             unit="sentence"
             ecep:lem="."
             ecep:pos="."
             ecep:reg="."
             ecep:spe=".">.</pc>
      </l>
   </sp>
   <sp xml:id="oat77-s00275">
      <speaker>
         <w xml:id="oat77-049130"
            n="oat77/0048-a-0390"
            ecep:lem="streph"
            ecep:pos="np1"
            ecep:reg="Streph"
            ecep:spe="Streph"
            ecep:syllab="1"
            ecep:pron="strˈef">Streph</w>
         <pc xml:id="oat77-049140"
             n="oat77/0048-a-0400"
             unit="sentence"
             ecep:lem="."
             ecep:pos="."
             ecep:reg="."
             ecep:spe=".">.</pc>
      </speaker>
      <l xml:id="oat77-l02400">
         <hi>
            <w xml:id="oat77-049160"
               n="oat77/0048-a-0410"
               ecep:lem="nymph"
               ecep:pos="n1"
               ecep:reg="Nymph"
               ecep:spe="Nymph"
               ecep:syllab="1"
               ecep:pron="nɪmf">Nymph</w>
         </hi>
         <c> </c>
         <w xml:id="oat77-049170"
            n="oat77/0048-a-0420"
            ecep:lem="you|be"
            ecep:pos="pn22|vbr"
            ecep:reg="you're"
            ecep:spe="you'r"
            ecep:syllab="1"
            ecep:pron="jˈuːr">you'r</w>
         <c> </c>
         <w xml:id="oat77-049180"
            n="oat77/0048-a-0430"
            ecep:lem="too"
            ecep:pos="av"
            ecep:reg="too"
            ecep:spe="too"
            ecep:syllab="1"
            ecep:pron="tuː">too</w>
         <c> </c>
         <w xml:id="oat77-049190"
            n="oat77/0048-a-0440"
            ecep:lem="lavish"
            ecep:pos="j"
            ecep:reg="Lavish"
            ecep:spe="Lavish"
            ecep:syllab="2"
            ecep:pron="ˈlævɪʃ">Lavish</w>
         <c> </c>
         <w xml:id="oat77-049200"
            n="oat77/0048-a-0450"
            ecep:lem="of"
            ecep:pos="pp-f"
            ecep:reg="of"
            ecep:spe="of"
            ecep:syllab="1"
            ecep:pron="ɒv">of</w>
         <c> </c>
         <w xml:id="oat77-049210"
            n="oat77/0048-a-0460"
            ecep:lem="your"
            ecep:pos="po22"
            ecep:reg="your"
            ecep:spe="your"
            ecep:syllab="1"
            ecep:pron="jɔː">your</w>
         <c> </c>
         <w xml:id="oat77-049220"
            n="oat77/0048-a-0470"
            ecep:lem="tear"
            ecep:pos="n2"
            ecep:reg="Tears"
            ecep:spe="Tears"
            ecep:syllab="1"
            ecep:pron="tɪəz">Tears</w>
         <pc xml:id="oat77-049230"
             n="oat77/0048-a-0480"
             ecep:lem=","
             ecep:pos=","
             ecep:reg=","
             ecep:spe=",">,</pc>
      </l>
      <l xml:id="oat77-l02405">
         <w xml:id="oat77-049240"
            n="oat77/0048-a-0490"
            ecep:lem="to"
            ecep:pos="pc-acp"
            ecep:reg="To"
            ecep:spe="To"
            ecep:syllab="1"
            ecep:pron="tuː">To</w>
         <c> </c>
         <w xml:id="oat77-049250"
            n="oat77/0048-a-0500"
            ecep:lem="spend"
            ecep:pos="vvi"
            ecep:reg="spend"
            ecep:spe="spend"
            ecep:syllab="1"
            ecep:pron="spend">spend</w>
         <c> </c>
         <w xml:id="oat77-049260"
            n="oat77/0048-a-0510"
            ecep:lem="they"
            ecep:pos="pno32"
            ecep:reg="them"
            ecep:spe="them"
            ecep:syllab="1"
            ecep:pron="ðem">them</w>
         <c> </c>
         <w xml:id="oat77-049270"
            n="oat77/0048-a-0520"
            ecep:lem="on"
            ecep:pos="p-acp"
            ecep:reg="on"
            ecep:spe="on"
            ecep:syllab="1"
            ecep:pron="ɒn">on</w>
         <c> </c>
         <w xml:id="oat77-049280"
            n="oat77/0048-a-0530"
            ecep:lem="fantastic"
            ecep:pos="j"
            ecep:reg="Fantastic"
            ecep:spe="Fantastick"
            ecep:syllab="3"
            ecep:pron="fænˈtæstɪk">Fantastick</w>
         <c> </c>
         <w xml:id="oat77-049290"
            n="oat77/0048-a-0540"
            ecep:lem="fear"
            ecep:pos="n2"
            ecep:reg="Fears"
            ecep:spe="Fears"
            ecep:syllab="1"
            ecep:pron="fɪəz">Fears</w>
         <pc xml:id="oat77-049300"
             n="oat77/0048-a-0550"
             unit="sentence"
             ecep:lem="."
             ecep:pos="."
             ecep:reg="."
             ecep:spe=".">.</pc>
      </l>
   </sp>
   <sp xml:id="oat77-s00280">
      <speaker>
         <w xml:id="oat77-049340"
            n="oat77/0048-a-0560"
            ecep:lem="sylv"
            ecep:pos="crd"
            ecep:reg="Sylv"
            ecep:spe="Sylv"
            ecep:syllab="1"
            ecep:pron="sˈɪlv">Sylv</w>
         <pc xml:id="oat77-049350"
             n="oat77/0048-a-0570"
             unit="sentence"
             ecep:lem="."
             ecep:pos="."
             ecep:reg="."
             ecep:spe=".">.</pc>
      </speaker>
      <l xml:id="oat77-l02410">
         <w xml:id="oat77-049370"
            n="oat77/0048-a-0580"
            ecep:lem="no"
            ecep:pos="uh-x"
            ecep:reg="No"
            ecep:spe="No"
            ecep:syllab="1"
            ecep:pron="nəʊ">No</w>
         <pc xml:id="oat77-049380"
             n="oat77/0048-a-0590"
             ecep:lem=","
             ecep:pos=","
             ecep:reg=","
             ecep:spe=",">,</pc>
         <c> </c>
         <w xml:id="oat77-049390"
            n="oat77/0048-a-0600"
            ecep:lem="for"
            ecep:pos="c-acp"
            ecep:reg="for"
            ecep:spe="for"
            ecep:syllab="1"
            ecep:pron="fɔː">for</w>
         <c> </c>
         <w xml:id="oat77-049400"
            n="oat77/0048-a-0610"
            ecep:lem="when"
            ecep:pos="c-crq"
            ecep:reg="when"
            ecep:spe="when"
            ecep:syllab="1"
            ecep:pron="wen">when</w>
         <c> </c>
         <w xml:id="oat77-049410"
            n="oat77/0048-a-0620"
            ecep:lem="i"
            ecep:pos="pns11"
            ecep:reg="I"
            ecep:spe="I"
            ecep:syllab="1"
            ecep:pron="aɪ">I</w>
         <c> </c>
         <w xml:id="oat77-049420"
            n="oat77/0048-a-0630"
            ecep:lem="this"
            ecep:pos="d"
            ecep:reg="this"
            ecep:spe="this"
            ecep:syllab="1"
            ecep:pron="ðɪs">this</w>
         <c> </c>
         <w xml:id="oat77-049430"
            n="oat77/0048-a-0640"
            ecep:lem="life"
            ecep:pos="n1"
            ecep:reg="Life"
            ecep:spe="Life"
            ecep:syllab="1"
            ecep:pron="laɪf">Life</w>
         <c> </c>
         <w xml:id="oat77-049440"
            n="oat77/0048-a-0650"
            ecep:lem="resign"
            ecep:pos="vvi"
            ecep:reg="resign"
            ecep:spe="resign"
            ecep:syllab="2"
            ecep:pron="rɪˈzaɪn">resign</w>
         <pc xml:id="oat77-049450"
             n="oat77/0048-a-0660"
             ecep:lem=","
             ecep:pos=","
             ecep:reg=","
             ecep:spe=",">,</pc>
      </l>
      <l xml:id="oat77-l02415">
         <pc xml:id="oat77-049460"
             n="oat77/0048-a-0670"
             ecep:lem="("
             ecep:pos="("
             ecep:reg="("
             ecep:spe="(">(</pc>
         <w xml:id="oat77-049470"
            n="oat77/0048-a-0680"
            ecep:lem="if"
            ecep:pos="cs"
            ecep:reg="If"
            ecep:spe="If"
            ecep:syllab="1"
            ecep:pron="ɪf">If</w>
         <c> </c>
         <w xml:id="oat77-049480"
            n="oat77/0048-a-0690"
            ecep:lem="fate"
            ecep:pos="n1"
            ecep:reg="Fate"
            ecep:spe="Fate"
            ecep:syllab="1"
            ecep:pron="feɪt">Fate</w>
         <c> </c>
         <w xml:id="oat77-049490"
            n="oat77/0048-a-0700"
            ecep:lem="prolong"
            ecep:pos="vvb"
            ecep:reg="prolong"
            ecep:spe="prolong"
            ecep:syllab="2"
            ecep:pron="prəˈlɒŋ">prolong</w>
         <c> </c>
         <w xml:id="oat77-049500"
            n="oat77/0048-a-0710"
            ecep:lem="the"
            ecep:pos="dt"
            ecep:reg="the"
            ecep:spe="the"
            ecep:syllab="1"
            ecep:pron="ðiː">the</w>
         <c> </c>
         <w xml:id="oat77-049510"
            n="oat77/0048-a-0720"
            ecep:lem="date"
            ecep:pos="n1"
            ecep:reg="Date"
            ecep:spe="Date"
            ecep:syllab="1"
            ecep:pron="deɪt">Date</w>
         <c> </c>
         <w xml:id="oat77-049520"
            n="oat77/0048-a-0730"
            ecep:lem="of"
            ecep:pos="pp-f"
            ecep:reg="of"
            ecep:spe="of"
            ecep:syllab="1"
            ecep:pron="ɒv">of</w>
         <c> </c>
         <w xml:id="oat77-049530"
            n="oat77/0048-a-0740"
            ecep:lem="thy"
            ecep:pos="po21"
            ecep:reg="Thine"
            ecep:spe="Thine"
            ecep:syllab="1"
            ecep:pron="ðaɪn">Thine</w>
         <pc xml:id="oat77-049540"
             n="oat77/0048-a-0750"
             ecep:lem=")"
             ecep:pos=")"
             ecep:reg=")"
             ecep:spe=")">)</pc>
      </l>
      <l xml:id="oat77-l02420">
         <w xml:id="oat77-049550"
            n="oat77/0048-a-0760"
            ecep:lem="the"
            ecep:pos="dt"
            ecep:reg="The"
            ecep:spe="The"
            ecep:syllab="1"
            ecep:pron="ðiː">The</w>
         <c> </c>
         <w xml:id="oat77-049560"
            n="oat77/0048-a-0770"
            ecep:lem="tear"
            ecep:pos="n2"
            ecep:reg="Tears"
            ecep:spe="Tears"
            ecep:syllab="1"
            ecep:pron="tɪəz">Tears</w>
         <c> </c>
         <w xml:id="oat77-049570"
            n="oat77/0048-a-0780"
            ecep:lem="you|will"
            ecep:pos="pn22|vmb"
            ecep:reg="you'll"
            ecep:spe="you'l"
            ecep:syllab="1"
            ecep:pron="jˈuːl">you'l</w>
         <c> </c>
         <w xml:id="oat77-049580"
            n="oat77/0048-a-0790"
            ecep:lem="give"
            ecep:pos="vvi"
            ecep:reg="give"
            ecep:spe="give"
            ecep:syllab="1"
            ecep:pron="gɪv">give</w>
         <c> </c>
         <w xml:id="oat77-049590"
            n="oat77/0048-a-0800"
            ecep:lem="my"
            ecep:pos="po11"
            ecep:reg="my"
            ecep:spe="my"
            ecep:syllab="1"
            ecep:pron="maɪ">my</w>
         <c> </c>
         <w xml:id="oat77-049600"
            n="oat77/0048-a-0810"
            ecep:lem="funeral"
            ecep:pos="n1"
            ecep:reg="Funeral"
            ecep:spe="Funeral"
            ecep:syllab="2"
            ecep:pron="ˈfjuːnrəl">Funeral</w>
         <pc xml:id="oat77-049610"
             n="oat77/0048-a-0820"
             ecep:lem=","
             ecep:pos=","
             ecep:reg=","
             ecep:spe=",">,</pc>
      </l>
      <l xml:id="oat77-l02425">
         <w xml:id="oat77-049620"
            n="oat77/0048-a-0830"
            ecep:lem="will"
            ecep:pos="vmb"
            ecep:reg="Will"
            ecep:spe="Will"
            ecep:syllab="1"
            ecep:pron="wɪl">Will</w>
         <c> </c>
         <w xml:id="oat77-049630"
            n="oat77/0048-a-0840"
            ecep:lem="pay"
            ecep:pos="vvi"
            ecep:reg="pay"
            ecep:spe="pay"
            ecep:syllab="1"
            ecep:pron="peɪ">pay</w>
         <c> </c>
         <w xml:id="oat77-049640"
            n="oat77/0048-a-0850"
            ecep:lem="i"
            ecep:pos="pno11"
            ecep:reg="me"
            ecep:spe="me"
            ecep:syllab="1"
            ecep:pron="miː">me</w>
         <c> </c>
         <w xml:id="oat77-049650"
            n="oat77/0048-a-0860"
            ecep:lem="interest"
            ecep:pos="n1"
            ecep:reg="Interest"
            ecep:spe="Int'rest"
            ecep:syllab="2"
            ecep:pron="ɪntrˈest">Int'rest</w>
         <pc xml:id="oat77-049660"
             n="oat77/0048-a-0870"
             ecep:lem=","
             ecep:pos=","
             ecep:reg=","
             ecep:spe=",">,</pc>
         <c> </c>
         <w xml:id="oat77-049670"
            n="oat77/0048-a-0880"
            ecep:lem="stock"
            ecep:pos="n1"
            ecep:reg="Stock"
            ecep:spe="Stock"
            ecep:syllab="1"
            ecep:pron="stɒk">Stock</w>
         <c> </c>
         <w xml:id="oat77-049680"
            n="oat77/0048-a-0890"
            ecep:lem="and"
            ecep:pos="cc"
            ecep:reg="and"
            ecep:spe="and"
            ecep:syllab="1"
            ecep:pron="ænd">and</w>
         <c> </c>
         <w xml:id="oat77-049690"
            n="oat77/0048-a-0900"
            ecep:lem="all"
            ecep:pos="d"
            ecep:reg="all"
            ecep:spe="all"
            ecep:syllab="1"
            ecep:pron="ɔːl">all</w>
         <pc xml:id="oat77-049700"
             n="oat77/0048-a-0910"
             unit="sentence"
             ecep:lem="."
             ecep:pos="."
             ecep:reg="."
             ecep:spe=".">.</pc>
      </l>
   </sp>
   <pb facs="oat77/0049" n="35" rend="none"/>
   <sp xml:id="oat77-s00285">
      <speaker>
         <w xml:id="oat77-049740"
            n="oat77/0049-a-0010"
            ecep:lem="Steph."
            ecep:pos="np1"
            ecep:reg="Steph."
            ecep:spe="Steph."
            ecep:syllab="1"
            ecep:pron="stˈef">Steph.</w>
         <pc unit="sentence" xml:id="oat77-049740-eos" n="oat77/0049-a-0020"/>
      </speaker>
      <l xml:id="oat77-l02430">
         <w xml:id="oat77-049760"
            n="oat77/0049-a-0030"
            ecep:lem="not"
            ecep:pos="xx"
            ecep:reg="Not"
            ecep:spe="Not"
            ecep:syllab="1"
            ecep:pron="nɒt">Not</w>
         <c> </c>
         <w xml:id="oat77-049770"
            n="oat77/0049-a-0040"
            ecep:lem="so"
            ecep:pos="av"
            ecep:reg="so"
            ecep:spe="so"
            ecep:syllab="1"
            ecep:pron="səʊ">so</w>
         <pc xml:id="oat77-049780"
             n="oat77/0049-a-0050"
             ecep:lem=","
             ecep:pos=","
             ecep:reg=","
             ecep:spe=",">,</pc>
         <c> </c>
         <w xml:id="oat77-049790"
            n="oat77/0049-a-0060"
            ecep:lem="for"
            ecep:pos="c-acp"
            ecep:reg="for"
            ecep:spe="for"
            ecep:syllab="1"
            ecep:pron="fɔː">for</w>
         <c> </c>
         <w xml:id="oat77-049800"
            n="oat77/0049-a-0070"
            ecep:lem="shall"
            ecep:pos="vmd"
            ecep:reg="should"
            ecep:spe="shou'd"
            ecep:syllab="1"
            ecep:pron="ʃʊd">shou'd</w>
         <c> </c>
         <w xml:id="oat77-049810"
            n="oat77/0049-a-0080"
            ecep:lem="this"
            ecep:pos="d"
            ecep:reg="this"
            ecep:spe="this"
            ecep:syllab="1"
            ecep:pron="ðɪs">this</w>
         <c> </c>
         <w xml:id="oat77-049820"
            n="oat77/0049-a-0090"
            ecep:lem="set"
            ecep:pos="j-vvg"
            ecep:reg="setting"
            ecep:spe="setting"
            ecep:syllab="2"
            ecep:pron="ˈsetɪŋ">setting</w>
         <c> </c>
         <w xml:id="oat77-049830"
            n="oat77/0049-a-0100"
            ecep:lem="light"
            ecep:pos="n1"
            ecep:reg="Light"
            ecep:spe="Light"
            ecep:syllab="1"
            ecep:pron="laɪt">Light</w>
      </l>
      <l xml:id="oat77-l02435">
         <w xml:id="oat77-049840"
            n="oat77/0049-a-0110"
            ecep:lem="never"
            ecep:pos="av-x"
            ecep:reg="Never"
            ecep:spe="Ne're"
            ecep:syllab="1"
            ecep:pron="nˈiːə">Ne're</w>
         <c> </c>
         <w xml:id="oat77-049850"
            n="oat77/0049-a-0120"
            ecep:lem="rise"
            ecep:pos="vvb"
            ecep:reg="Rise"
            ecep:spe="Rise"
            ecep:syllab="1"
            ecep:pron="raɪz">Rise</w>
         <c> </c>
         <w xml:id="oat77-049860"
            n="oat77/0049-a-0130"
            ecep:lem="again"
            ecep:pos="av"
            ecep:reg="again"
            ecep:spe="again"
            ecep:syllab="2"
            ecep:pron="əˈgen">again</w>
         <c> </c>
         <w xml:id="oat77-049870"
            n="oat77/0049-a-0140"
            ecep:lem="in"
            ecep:pos="p-acp"
            ecep:reg="in"
            ecep:spe="in"
            ecep:syllab="1"
            ecep:pron="ɪn">in</w>
         <c> </c>
         <hi>
            <w xml:id="oat77-049880.1"
               n="oat77/0049-a-0150"
               rend="plain_apostrophe"
               ecep:lem="sylvia"
               ecep:pos="npg1"
               ecep:reg="Sylvia's"
               ecep:spe="Sylvia's"
               ecep:syllab="3"
               ecep:pron="ˈsɪlvɪəz">Sylvia's</w>
         </hi>
         <c> </c>
         <w xml:id="oat77-049890"
            n="oat77/0049-a-0160"
            ecep:lem="sight"
            ecep:pos="n1"
            ecep:reg="sight"
            ecep:spe="sight"
            ecep:syllab="1"
            ecep:pron="saɪt">sight</w>
         <pc xml:id="oat77-049900"
             n="oat77/0049-a-0170"
             ecep:lem=","
             ecep:pos=","
             ecep:reg=","
             ecep:spe=",">,</pc>
      </l>
      <l xml:id="oat77-l02440">
         <w xml:id="oat77-049910"
            n="oat77/0049-a-0180"
            ecep:lem="without"
            ecep:pos="p-acp"
            ecep:reg="Without"
            ecep:spe="Without"
            ecep:syllab="2"
            ecep:pron="wɪˈðaʊt">Without</w>
         <c> </c>
         <w xml:id="oat77-049920"
            n="oat77/0049-a-0190"
            ecep:lem="a"
            ecep:pos="dt"
            ecep:reg="a"
            ecep:spe="a"
            ecep:syllab="1"
            ecep:pron="ə">a</w>
         <c> </c>
         <w xml:id="oat77-049930"
            n="oat77/0049-a-0200"
            ecep:lem="tear"
            ecep:pos="n1"
            ecep:reg="Tear"
            ecep:spe="Tear"
            ecep:syllab="1"
            ecep:pron="tɪə">Tear</w>
         <c> </c>
         <w xml:id="oat77-049940"
            n="oat77/0049-a-0210"
            ecep:lem="in"
            ecep:pos="p-acp"
            ecep:reg="in"
            ecep:spe="in"
            ecep:syllab="1"
            ecep:pron="ɪn">in</w>
         <c> </c>
         <hi>
            <w xml:id="oat77-049950"
               n="oat77/0049-a-0220"
               ecep:lem="i"
               ecep:pos="png11"
               ecep:reg="mine"
               ecep:spe="mine"
               ecep:syllab="1"
               ecep:pron="maɪn">mine</w>
         </hi>
         <c> </c>
         <w xml:id="oat77-049960"
            n="oat77/0049-a-0230"
            ecep:lem="i|will"
            ecep:pos="pns11|vmd"
            ecep:reg="I'd"
            ecep:spe="I'd"
            ecep:syllab="1"
            ecep:pron="ˈaɪd">I'd</w>
         <c> </c>
         <w xml:id="oat77-049970"
            n="oat77/0049-a-0240"
            ecep:lem="view"
            ecep:pos="vvi"
            ecep:reg="view"
            ecep:spe="view"
            ecep:syllab="1"
            ecep:pron="vjuː">view</w>
      </l>
      <l part="I" xml:id="oat77-l02445.1">
         <w xml:id="oat77-049980"
            n="oat77/0049-a-0250"
            ecep:lem="she"
            ecep:pos="pno31"
            ecep:reg="Her"
            ecep:spe="Her"
            ecep:syllab="1"
            ecep:pron="hɜː">Her</w>
         <c> </c>
         <hi>
            <w xml:id="oat77-049990"
               n="oat77/0049-a-0260"
               ecep:lem="die"
               ecep:pos="vvg"
               ecep:reg="Dying"
               ecep:spe="Dying"
               ecep:syllab="2"
               ecep:pron="ˈdaɪɪŋ">Dying</w>
            <c> </c>
            <w xml:id="oat77-050000"
               n="oat77/0049-a-0270"
               ecep:lem="eye"
               ecep:pos="n2"
               ecep:reg="Eyes"
               ecep:spe="Eyes"
               ecep:syllab="1"
               ecep:pron="aɪz">Eyes</w>
            <pc xml:id="oat77-050010"
                n="oat77/0049-a-0280"
                unit="sentence"
                ecep:lem="."
                ecep:pos="."
                ecep:reg="."
                ecep:spe=".">.</pc>
            <c> </c>
         </hi>
      </l>
   </sp>
   <sp xml:id="oat77-s00290">
      <speaker>
         <w xml:id="oat77-050050"
            n="oat77/0049-a-0290"
            ecep:lem="sylv"
            ecep:pos="crd"
            ecep:reg="Sylv"
            ecep:spe="Sylv"
            ecep:syllab="1"
            ecep:pron="sˈɪlv">Sylv</w>
         <pc xml:id="oat77-050060"
             n="oat77/0049-a-0300"
             unit="sentence"
             ecep:lem="."
             ecep:pos="."
             ecep:reg="."
             ecep:spe=".">.</pc>
      </speaker>
      <l part="M" xml:id="oat77-l02445.2">
         <w xml:id="oat77-050080"
            n="oat77/0049-a-0310"
            ecep:lem="it|be"
            ecep:pos="pn31|vbz"
            ecep:reg="It's"
            ecep:spe="'Tis"
            ecep:syllab="1"
            ecep:pron="tɪz">'Tis</w>
         <c> </c>
         <w xml:id="oat77-050090"
            n="oat77/0049-a-0320"
            ecep:lem="false"
            ecep:pos="j"
            ecep:reg="False"
            ecep:spe="False"
            ecep:syllab="1"
            ecep:pron="fɔːls">False</w>
         <pc xml:id="oat77-050100"
             n="oat77/0049-a-0330"
             unit="sentence"
             ecep:lem="!"
             ecep:pos="!"
             ecep:reg="!"
             ecep:spe="!">!</pc>
      </l>
   </sp>
   <sp xml:id="oat77-s00295">
      <speaker>
         <w xml:id="oat77-050140"
            n="oat77/0049-a-0340"
            ecep:lem="streph"
            ecep:pos="np1"
            ecep:reg="Streph"
            ecep:spe="Streph"
            ecep:syllab="1"
            ecep:pron="strˈef">Streph</w>
         <pc xml:id="oat77-050150"
             n="oat77/0049-a-0350"
             unit="sentence"
             ecep:lem="."
             ecep:pos="."
             ecep:reg="."
             ecep:spe=".">.</pc>
      </speaker>
      <l part="F" xml:id="oat77-l02445.3">
         <w xml:id="oat77-050170"
            n="oat77/0049-a-0360"
            ecep:lem="it|be"
            ecep:pos="pn31|vbz"
            ecep:reg="It's"
            ecep:spe="'Tis"
            ecep:syllab="1"
            ecep:pron="tɪz">'Tis</w>
         <c> </c>
         <w xml:id="oat77-050180"
            n="oat77/0049-a-0370"
            ecep:lem="true"
            ecep:pos="j"
            ecep:reg="true"
            ecep:spe="true"
            ecep:syllab="1"
            ecep:pron="truː">true</w>
         <pc xml:id="oat77-050190"
             n="oat77/0049-a-0380"
             unit="sentence"
             ecep:lem="."
             ecep:pos="."
             ecep:reg="."
             ecep:spe=".">.</pc>
      </l>
   </sp>
   <sp xml:id="oat77-s00300">
      <speaker>
         <w xml:id="oat77-050230"
            n="oat77/0049-a-0390"
            ecep:lem="sylv"
            ecep:pos="crd"
            ecep:reg="Sylv"
            ecep:spe="Sylv"
            ecep:syllab="1"
            ecep:pron="sˈɪlv">Sylv</w>
         <pc xml:id="oat77-050240"
             n="oat77/0049-a-0400"
             unit="sentence"
             ecep:lem="."
             ecep:pos="."
             ecep:reg="."
             ecep:spe=".">.</pc>
      </speaker>
      <l rhyme="aaa" xml:id="oat77-l02450">
         <w xml:id="oat77-050260"
            n="oat77/0049-a-0410"
            ecep:lem="not"
            ecep:pos="xx"
            ecep:reg="Not"
            ecep:spe="Not"
            ecep:syllab="1"
            ecep:pron="nɒt">Not</w>
         <c> </c>
         <w xml:id="oat77-050270"
            n="oat77/0049-a-0420"
            ecep:lem="weep"
            ecep:pos="vvi"
            ecep:reg="weep"
            ecep:spe="weep"
            ecep:syllab="1"
            ecep:pron="wiːp">weep</w>
         <c> </c>
         <w xml:id="oat77-050280"
            n="oat77/0049-a-0430"
            ecep:lem="false"
            ecep:pos="j"
            ecep:reg="false"
            ecep:spe="false"
            ecep:syllab="1"
            ecep:pron="fɔːls">false</w>
         <c> </c>
         <w xml:id="oat77-050290"
            n="oat77/0049-a-0440"
            ecep:lem="Shepheard"
            ecep:pos="np1"
            ecep:reg="Shepheard"
            ecep:spe="Shepheard"
            ecep:syllab="2"
            ecep:pron="ʃˈefɜːd">Shepheard</w>
         <pc xml:id="oat77-050300"
             n="oat77/0049-a-0450"
             unit="sentence"
             ecep:lem="?"
             ecep:pos="?"
             ecep:reg="?"
             ecep:spe="?">?</pc>
         <c> </c>
         <w xml:id="oat77-050310"
            n="oat77/0049-a-0460"
            ecep:lem="swear"
            ecep:pos="vvb"
            ecep:reg="Swear"
            ecep:spe="Swear"
            ecep:syllab="1"
            ecep:pron="sweə">Swear</w>
         <pc xml:id="oat77-050320"
             n="oat77/0049-a-0470"
             unit="sentence"
             ecep:lem="."
             ecep:pos="."
             ecep:reg="."
             ecep:spe=".">.</pc>
      </l>
   </sp>
   <sp xml:id="oat77-s00305">
      <speaker>
         <w xml:id="oat77-050360"
            n="oat77/0049-a-0480"
            ecep:lem="streph"
            ecep:pos="np1"
            ecep:reg="Streph"
            ecep:spe="Streph"
            ecep:syllab="1"
            ecep:pron="strˈef">Streph</w>
         <pc xml:id="oat77-050370"
             n="oat77/0049-a-0490"
             unit="sentence"
             ecep:lem="."
             ecep:pos="."
             ecep:reg="."
             ecep:spe=".">.</pc>
      </speaker>
      <l rhyme="aaa" xml:id="oat77-l02455">
         <w xml:id="oat77-050390"
            n="oat77/0049-a-0500"
            ecep:lem="i"
            ecep:pos="pns11"
            ecep:reg="I"
            ecep:spe="I"
            ecep:syllab="1"
            ecep:pron="aɪ">I</w>
         <c> </c>
         <w xml:id="oat77-050400"
            n="oat77/0049-a-0510"
            ecep:lem="swear"
            ecep:pos="vvb"
            ecep:reg="Swear"
            ecep:spe="Swear"
            ecep:syllab="1"
            ecep:pron="sweə">Swear</w>
      </l>
      <l rhyme="aaa" xml:id="oat77-l02460">
         <w xml:id="oat77-050410"
            n="oat77/0049-a-0520"
            ecep:lem="i"
            ecep:pos="pns11"
            ecep:reg="I"
            ecep:spe="I"
            ecep:syllab="1"
            ecep:pron="aɪ">I</w>
         <c> </c>
         <w xml:id="oat77-050420"
            n="oat77/0049-a-0530"
            ecep:lem="will"
            ecep:pos="vmd"
            ecep:reg="would"
            ecep:spe="wou'd"
            ecep:syllab="1"
            ecep:pron="wʊd">wou'd</w>
         <c> </c>
         <w xml:id="oat77-050430"
            n="oat77/0049-a-0540"
            ecep:lem="not"
            ecep:pos="xx"
            ecep:reg="not"
            ecep:spe="not"
            ecep:syllab="1"
            ecep:pron="nɒt">not</w>
         <c> </c>
         <w xml:id="oat77-050440"
            n="oat77/0049-a-0550"
            ecep:lem="give"
            ecep:pos="vvi"
            ecep:reg="give"
            ecep:spe="give"
            ecep:syllab="1"
            ecep:pron="gɪv">give</w>
         <c> </c>
         <w xml:id="oat77-050450"
            n="oat77/0049-a-0560"
            ecep:lem="thy"
            ecep:pos="po21"
            ecep:reg="thy"
            ecep:spe="thy"
            ecep:syllab="1"
            ecep:pron="ðaɪ">thy</w>
         <c> </c>
         <w xml:id="oat77-050460"
            n="oat77/0049-a-0570"
            ecep:lem="hearse"
            ecep:pos="n1"
            ecep:reg="Hearse"
            ecep:spe="Hearse"
            ecep:syllab="1"
            ecep:pron="hɜːs">Hearse</w>
         <c> </c>
         <w xml:id="oat77-050470"
            n="oat77/0049-a-0580"
            ecep:lem="a"
            ecep:pos="dt"
            ecep:reg="a"
            ecep:spe="a"
            ecep:syllab="1"
            ecep:pron="ə">a</w>
         <c> </c>
         <w xml:id="oat77-050480"
            n="oat77/0049-a-0590"
            ecep:lem="tear"
            ecep:pos="n1"
            ecep:reg="Tear"
            ecep:spe="Tear"
            ecep:syllab="1"
            ecep:pron="tɪə">Tear</w>
         <pc xml:id="oat77-050490"
             n="oat77/0049-a-0600"
             unit="sentence"
             ecep:lem="."
             ecep:pos="."
             ecep:reg="."
             ecep:spe=".">.</pc>
      </l>
   </sp>
   <sp xml:id="oat77-s00310">
      <speaker>
         <w xml:id="oat77-050530"
            n="oat77/0049-a-0610"
            ecep:lem="sylv"
            ecep:pos="crd"
            ecep:reg="Sylv"
            ecep:spe="Sylv"
            ecep:syllab="1"
            ecep:pron="sˈɪlv">Sylv</w>
         <pc xml:id="oat77-050540"
             n="oat77/0049-a-0620"
             unit="sentence"
             ecep:lem="."
             ecep:pos="."
             ecep:reg="."
             ecep:spe=".">.</pc>
      </speaker>
      <l rhyme="aaa" xml:id="oat77-l02465">
         <w xml:id="oat77-050560"
            n="oat77/0049-a-0630"
            ecep:lem="break"
            ecep:pos="vvb"
            ecep:reg="Break"
            ecep:spe="Break"
            ecep:syllab="1"
            ecep:pron="breɪk">Break</w>
         <c> </c>
         <w xml:id="oat77-050570"
            n="oat77/0049-a-0640"
            ecep:lem="swell"
            ecep:pos="j-vvg"
            ecep:reg="swelling"
            ecep:spe="swelling"
            ecep:syllab="2"
            ecep:pron="swelɪŋ">swelling</w>
         <c> </c>
         <w xml:id="oat77-050580"
            n="oat77/0049-a-0650"
            ecep:lem="heart"
            ecep:pos="n1"
            ecep:reg="Heart"
            ecep:spe="Heart"
            ecep:syllab="1"
            ecep:pron="hɑːt">Heart</w>
         <pc xml:id="oat77-050590"
             n="oat77/0049-a-0660"
             unit="sentence"
             ecep:lem="!"
             ecep:pos="!"
             ecep:reg="!"
             ecep:spe="!">!</pc>
         <c> </c>
         <w xml:id="oat77-050600"
            n="oat77/0049-a-0670"
            ecep:lem="perfidious"
            ecep:pos="j"
            ecep:reg="Perfidious"
            ecep:spe="Persidious"
            ecep:syllab="4"
            ecep:pron="pɜːsˈɪdɪəs">Persidious</w>
         <c> </c>
         <w xml:id="oat77-050610"
            n="oat77/0049-a-0680"
            ecep:lem="man"
            ecep:pos="n1"
            ecep:reg="Man"
            ecep:spe="Man"
            ecep:syllab="1"
            ecep:pron="mæn">Man</w>
         <pc xml:id="oat77-050620"
             n="oat77/0049-a-0690"
             unit="sentence"
             ecep:lem="!"
             ecep:pos="!"
             ecep:reg="!"
             ecep:spe="!">!</pc>
      </l>
      <l rhyme="aaa" xml:id="oat77-l02470">
         <w xml:id="oat77-050630"
            n="oat77/0049-a-0700"
            ecep:lem="death"
            ecep:pos="n1"
            ecep:reg="Death"
            ecep:spe="Death"
            ecep:syllab="1"
            ecep:pron="deθ">Death</w>
         <pc xml:id="oat77-050640"
             n="oat77/0049-a-0710"
             ecep:lem="!"
             ecep:pos="!"
             ecep:reg="!"
             ecep:spe="!">!</pc>
         <c> </c>
         <w xml:id="oat77-050650"
            n="oat77/0049-a-0720"
            ecep:lem="be"
            ecep:pos="vbr"
            ecep:reg="are"
            ecep:spe="are"
            ecep:syllab="1"
            ecep:pron="ɑː">are</w>
         <c> </c>
         <w xml:id="oat77-050660"
            n="oat77/0049-a-0730"
            ecep:lem="you"
            ecep:pos="pn22"
            ecep:reg="you"
            ecep:spe="you"
            ecep:syllab="1"
            ecep:pron="juː">you</w>
         <c> </c>
         <w xml:id="oat77-050670"
            n="oat77/0049-a-0740"
            ecep:lem="serious"
            ecep:pos="j"
            ecep:reg="Serious"
            ecep:spe="Serious"
            ecep:syllab="3"
            ecep:pron="ˈsɪəriəs">Serious</w>
         <pc xml:id="oat77-050680"
             n="oat77/0049-a-0750"
             unit="sentence"
             ecep:lem="?"
             ecep:pos="?"
             ecep:reg="?"
             ecep:spe="?">?</pc>
         <c> </c>
         <w xml:id="oat77-050690"
            n="oat77/0049-a-0760"
            ecep:lem="swear"
            ecep:pos="vvb"
            ecep:reg="Swear"
            ecep:spe="Swear"
            ecep:syllab="1"
            ecep:pron="sweə">Swear</w>
         <c> </c>
         <w xml:id="oat77-050700"
            n="oat77/0049-a-0770"
            ecep:lem="again"
            ecep:pos="av"
            ecep:reg="again"
            ecep:spe="agen"
            ecep:syllab="2"
            ecep:pron="ˈeɪdʒən">agen</w>
         <pc xml:id="oat77-050710"
             n="oat77/0049-a-0780"
             unit="sentence"
             ecep:lem="."
             ecep:pos="."
             ecep:reg="."
             ecep:spe=".">.</pc>
      </l>
      <l rhyme="aaa" xml:id="oat77-l02475">
         <w xml:id="oat77-050720"
            n="oat77/0049-a-0790"
            ecep:lem="yes"
            ecep:pos="uh"
            ecep:reg="Yes"
            ecep:spe="Yes"
            ecep:syllab="1"
            ecep:pron="jes">Yes</w>
         <pc xml:id="oat77-050730"
             n="oat77/0049-a-0800"
             unit="sentence"
             ecep:lem="!"
             ecep:pos="!"
             ecep:reg="!"
             ecep:spe="!">!</pc>
         <c> </c>
         <w xml:id="oat77-050740"
            n="oat77/0049-a-0810"
            ecep:lem="swear"
            ecep:pos="vvb"
            ecep:reg="Swear"
            ecep:spe="Swear"
            ecep:syllab="1"
            ecep:pron="sweə">Swear</w>
         <c> </c>
         <w xml:id="oat77-050750"
            n="oat77/0049-a-0820"
            ecep:lem="by"
            ecep:pos="p-acp"
            ecep:reg="by"
            ecep:spe="by"
            ecep:syllab="1"
            ecep:pron="baɪ">by</w>
         <c> </c>
         <hi>
            <w xml:id="oat77-050760"
               n="oat77/0049-a-0830"
               ecep:lem="Ceres"
               ecep:pos="np1"
               ecep:reg="Crees"
               ecep:spe="Ceres"
               ecep:syllab="2"
               ecep:pron="sɪəz">Ceres</w>
         </hi>
         <c> </c>
         <w xml:id="oat77-050770"
            n="oat77/0049-a-0840"
            ecep:lem="and"
            ecep:pos="cc"
            ecep:reg="and"
            ecep:spe="and"
            ecep:syllab="1"
            ecep:pron="ænd">and</w>
         <c> </c>
         <w xml:id="oat77-050780"
            n="oat77/0049-a-0850"
            ecep:lem="by"
            ecep:pos="p-acp"
            ecep:reg="by"
            ecep:spe="by"
            ecep:syllab="1"
            ecep:pron="baɪ">by</w>
         <c> </c>
         <hi>
            <w xml:id="oat77-050790"
               n="oat77/0049-a-0860"
               ecep:lem="Pan"
               ecep:pos="np1"
               ecep:reg="Pan"
               ecep:spe="Pan"
               ecep:syllab="1"
               ecep:pron="pæn">Pan</w>
            <pc xml:id="oat77-050800"
                n="oat77/0049-a-0870"
                unit="sentence"
                ecep:lem="."
                ecep:pos="."
                ecep:reg="."
                ecep:spe=".">.</pc>
            <c> </c>
         </hi>
      </l>
   </sp>
   <sp xml:id="oat77-s00315">
      <speaker>
         <w xml:id="oat77-050840"
            n="oat77/0049-a-0880"
            ecep:lem="streph"
            ecep:pos="np1"
            ecep:reg="Streph"
            ecep:spe="Streph"
            ecep:syllab="1"
            ecep:pron="strˈef">Streph</w>
         <pc xml:id="oat77-050850"
             n="oat77/0049-a-0890"
             unit="sentence"
             ecep:lem="."
             ecep:pos="."
             ecep:reg="."
             ecep:spe=".">.</pc>
      </speaker>
      <l xml:id="oat77-l02480">
         <w xml:id="oat77-050870"
            n="oat77/0049-a-0900"
            ecep:lem="let"
            ecep:pos="vvb"
            ecep:reg="Let"
            ecep:spe="Let"
            ecep:syllab="1"
            ecep:pron="let">Let</w>
         <c> </c>
         <w xml:id="oat77-050880"
            n="oat77/0049-a-0910"
            ecep:lem="then"
            ecep:pos="av"
            ecep:reg="then"
            ecep:spe="then"
            ecep:syllab="1"
            ecep:pron="ðen">then</w>
         <c> </c>
         <w xml:id="oat77-050890"
            n="oat77/0049-a-0920"
            ecep:lem="great"
            ecep:pos="j"
            ecep:reg="great"
            ecep:spe="great"
            ecep:syllab="1"
            ecep:pron="greɪt">great</w>
         <c> </c>
         <hi>
            <w xml:id="oat77-050900"
               n="oat77/0049-a-0930"
               ecep:lem="Pan"
               ecep:pos="np1"
               ecep:reg="Pan"
               ecep:spe="Pan"
               ecep:syllab="1"
               ecep:pron="pæn">Pan</w>
         </hi>
         <c> </c>
         <w xml:id="oat77-050910"
            n="oat77/0049-a-0940"
            ecep:lem="and"
            ecep:pos="cc"
            ecep:reg="and"
            ecep:spe="and"
            ecep:syllab="1"
            ecep:pron="ænd">and</w>
         <c> </c>
         <hi>
            <w xml:id="oat77-050920"
               n="oat77/0049-a-0950"
               ecep:lem="Ceres"
               ecep:pos="np1"
               ecep:reg="Crees"
               ecep:spe="Ceres"
               ecep:syllab="2"
               ecep:pron="sɪəz">Ceres</w>
         </hi>
         <c> </c>
         <w xml:id="oat77-050930"
            n="oat77/0049-a-0960"
            ecep:lem="hear"
            ecep:pos="vvi"
            ecep:reg="hear"
            ecep:spe="hear"
            ecep:syllab="1"
            ecep:pron="hɪə">hear</w>
         <pc xml:id="oat77-050940"
             n="oat77/0049-a-0970"
             ecep:lem=","
             ecep:pos=","
             ecep:reg=","
             ecep:spe=",">,</pc>
      </l>
      <l xml:id="oat77-l02485">
         <w xml:id="oat77-050950"
            n="oat77/0049-a-0980"
            ecep:lem="and"
            ecep:pos="cc"
            ecep:reg="And"
            ecep:spe="And"
            ecep:syllab="1"
            ecep:pron="ænd">And</w>
         <c> </c>
         <w xml:id="oat77-050960"
            n="oat77/0049-a-0990"
            ecep:lem="punish"
            ecep:pos="vvi"
            ecep:reg="punish"
            ecep:spe="punish"
            ecep:syllab="2"
            ecep:pron="ˈpʌnɪʃ">punish</w>
         <c> </c>
         <w xml:id="oat77-050970"
            n="oat77/0049-a-1000"
            ecep:lem="if"
            ecep:pos="cs"
            ecep:reg="if"
            ecep:spe="if"
            ecep:syllab="1"
            ecep:pron="ɪf">if</w>
         <c> </c>
         <w xml:id="oat77-050980"
            n="oat77/0049-a-1010"
            ecep:lem="i"
            ecep:pos="pns11"
            ecep:reg="I"
            ecep:spe="I"
            ecep:syllab="1"
            ecep:pron="aɪ">I</w>
         <c> </c>
         <w xml:id="oat77-050990"
            n="oat77/0049-a-1020"
            ecep:lem="false"
            ecep:pos="av-j"
            ecep:reg="falsely"
            ecep:spe="falsely"
            ecep:syllab="2"
            ecep:pron="ˈfɔːlsli">falsely</w>
         <c> </c>
         <w xml:id="oat77-051000"
            n="oat77/0049-a-1030"
            ecep:lem="swear"
            ecep:pos="vvb"
            ecep:reg="Swear"
            ecep:spe="Swear"
            ecep:syllab="1"
            ecep:pron="sweə">Swear</w>
         <pc xml:id="oat77-051010"
             n="oat77/0049-a-1040"
             unit="sentence"
             ecep:lem="."
             ecep:pos="."
             ecep:reg="."
             ecep:spe=".">.</pc>
      </l>
   </sp>
   <pb facs="oat77/0050" n="36" rend="none"/>
   <sp xml:id="oat77-s00320">
      <speaker>
         <w xml:id="oat77-051050"
            n="oat77/0050-a-0010"
            ecep:lem="sylv"
            ecep:pos="crd"
            ecep:reg="Sylv"
            ecep:spe="Sylv"
            ecep:syllab="1"
            ecep:pron="sˈɪlv">Sylv</w>
         <pc xml:id="oat77-051060"
             n="oat77/0050-a-0020"
             unit="sentence"
             ecep:lem="."
             ecep:pos="."
             ecep:reg="."
             ecep:spe=".">.</pc>
      </speaker>
      <l xml:id="oat77-l02490">
         <w xml:id="oat77-051080"
            n="oat77/0050-a-0030"
            ecep:lem="god"
            ecep:pos="n2"
            ecep:reg="Gods"
            ecep:spe="Gods"
            ecep:syllab="1"
            ecep:pron="gɒdz">Gods</w>
         <pc xml:id="oat77-051090"
             n="oat77/0050-a-0040"
             ecep:lem="!"
             ecep:pos="!"
             ecep:reg="!"
             ecep:spe="!">!</pc>
         <c> </c>
         <w xml:id="oat77-051100"
            n="oat77/0050-a-0050"
            ecep:lem="can"
            ecep:pos="vmb"
            ecep:reg="can"
            ecep:spe="can"
            ecep:syllab="1"
            ecep:pron="kæn">can</w>
         <c> </c>
         <w xml:id="oat77-051110"
            n="oat77/0050-a-0060"
            ecep:lem="you"
            ecep:pos="pn22"
            ecep:reg="you"
            ecep:spe="ye"
            ecep:syllab="1"
            ecep:pron="jiː">ye</w>
         <c> </c>
         <w xml:id="oat77-051120"
            n="oat77/0050-a-0070"
            ecep:lem="hear"
            ecep:pos="vvi"
            ecep:reg="hear"
            ecep:spe="hear"
            ecep:syllab="1"
            ecep:pron="hɪə">hear</w>
         <c> </c>
         <w xml:id="oat77-051130"
            n="oat77/0050-a-0080"
            ecep:lem="this"
            ecep:pos="d"
            ecep:reg="this"
            ecep:spe="this"
            ecep:syllab="1"
            ecep:pron="ðɪs">this</w>
         <c> </c>
         <w xml:id="oat77-051140"
            n="oat77/0050-a-0090"
            ecep:lem="and"
            ecep:pos="cc"
            ecep:reg="and"
            ecep:spe="and"
            ecep:syllab="1"
            ecep:pron="ænd">and</w>
         <c> </c>
         <w xml:id="oat77-051150"
            n="oat77/0050-a-0100"
            ecep:lem="forgive"
            ecep:pos="vvb"
            ecep:reg="Forgive"
            ecep:spe="Forgive"
            ecep:syllab="2"
            ecep:pron="fəˈgɪv">Forgive</w>
         <pc xml:id="oat77-051160"
             n="oat77/0050-a-0110"
             unit="sentence"
             ecep:lem="?"
             ecep:pos="?"
             ecep:reg="?"
             ecep:spe="?">?</pc>
      </l>
      <l xml:id="oat77-l02495">
         <w xml:id="oat77-051170"
            n="oat77/0050-a-0120"
            ecep:lem="you"
            ecep:pos="pn22"
            ecep:reg="You"
            ecep:spe="You"
            ecep:syllab="1"
            ecep:pron="juː">You</w>
         <c> </c>
         <w xml:id="oat77-051180"
            n="oat77/0050-a-0130"
            ecep:lem="may"
            ecep:pos="vmb"
            ecep:reg="may"
            ecep:spe="may"
            ecep:syllab="1"
            ecep:pron="meɪ">may</w>
         <pc xml:id="oat77-051190"
             n="oat77/0050-a-0140"
             ecep:lem=","
             ecep:pos=","
             ecep:reg=","
             ecep:spe=",">,</pc>
         <c> </c>
         <w xml:id="oat77-051200"
            n="oat77/0050-a-0150"
            ecep:lem="for"
            ecep:pos="c-acp"
            ecep:reg="for"
            ecep:spe="for"
            ecep:syllab="1"
            ecep:pron="fɔː">for</w>
         <c> </c>
         <w xml:id="oat77-051210"
            n="oat77/0050-a-0160"
            ecep:lem="i"
            ecep:pos="pns11"
            ecep:reg="I"
            ecep:spe="I"
            ecep:syllab="1"
            ecep:pron="aɪ">I</w>
         <c> </c>
         <w xml:id="oat77-051220"
            n="oat77/0050-a-0170"
            ecep:lem="have"
            ecep:pos="vhb"
            ecep:reg="have"
            ecep:spe="have"
            ecep:syllab="1"
            ecep:pron="hæv">have</w>
         <c> </c>
         <w xml:id="oat77-051230"
            n="oat77/0050-a-0180"
            ecep:lem="hear"
            ecep:pos="vvd"
            ecep:reg="Heard"
            ecep:spe="Heard"
            ecep:syllab="1"
            ecep:pron="hɜːd">Heard</w>
         <c> </c>
         <w xml:id="oat77-051240"
            n="oat77/0050-a-0190"
            ecep:lem="and"
            ecep:pos="cc"
            ecep:reg="and"
            ecep:spe="and"
            ecep:syllab="1"
            ecep:pron="ænd">and</w>
         <c> </c>
         <hi>
            <w xml:id="oat77-051250"
               n="oat77/0050-a-0200"
               ecep:lem="live"
               ecep:pos="vvb"
               ecep:reg="Live"
               ecep:spe="Live"
               ecep:syllab="1"
               ecep:pron="lɪv">Live</w>
            <pc xml:id="oat77-051260"
                n="oat77/0050-a-0210"
                unit="sentence"
                ecep:lem="!"
                ecep:pos="!"
                ecep:reg="!"
                ecep:spe="!">!</pc>
            <c> </c>
         </hi>
      </l>
      <l xml:id="oat77-l02500">
         <w xml:id="oat77-051270"
            n="oat77/0050-a-0220"
            ecep:lem="half"
            ecep:pos="av-jn"
            ecep:reg="Half"
            ecep:spe="Half"
            ecep:syllab="1"
            ecep:pron="hɑːf">Half</w>
         <c> </c>
         <w xml:id="oat77-051280"
            n="oat77/0050-a-0230"
            ecep:lem="this"
            ecep:pos="d"
            ecep:reg="this"
            ecep:spe="this"
            ecep:syllab="1"
            ecep:pron="ðɪs">this</w>
         <c> </c>
         <w xml:id="oat77-051290"
            n="oat77/0050-a-0240"
            ecep:lem="unkindness"
            ecep:pos="n1"
            ecep:reg="Unkindness"
            ecep:spe="Unkindness"
            ecep:syllab="3"
            ecep:pron="ʌnˈkaɪnnɪs">Unkindness</w>
         <c> </c>
         <w xml:id="oat77-051300"
            n="oat77/0050-a-0250"
            ecep:lem="timely"
            ecep:pos="j"
            ecep:reg="timely"
            ecep:spe="timely"
            ecep:syllab="2"
            ecep:pron="ˈtaɪmli">timely</w>
         <c> </c>
         <w xml:id="oat77-051310"
            n="oat77/0050-a-0260"
            ecep:lem="show"
            ecep:pos="vvn"
            ecep:reg="shown"
            ecep:spe="shown"
            ecep:syllab="1"
            ecep:pron="ʃəʊn">shown</w>
         <pc xml:id="oat77-051320"
             n="oat77/0050-a-0270"
             ecep:lem=","
             ecep:pos=","
             ecep:reg=","
             ecep:spe=",">,</pc>
      </l>
      <l xml:id="oat77-l02505">
         <w xml:id="oat77-051330"
            n="oat77/0050-a-0280"
            ecep:lem="have"
            ecep:pos="vhd"
            ecep:reg="Had"
            ecep:spe="Had"
            ecep:syllab="1"
            ecep:pron="hæd">Had</w>
         <c> </c>
         <w xml:id="oat77-051340"
            n="oat77/0050-a-0290"
            ecep:lem="keep"
            ecep:pos="vvn"
            ecep:reg="kept"
            ecep:spe="kept"
            ecep:syllab="1"
            ecep:pron="kept">kept</w>
         <c> </c>
         <w xml:id="oat77-051350"
            n="oat77/0050-a-0300"
            ecep:lem="i"
            ecep:pos="pno11"
            ecep:reg="me"
            ecep:spe="me"
            ecep:syllab="1"
            ecep:pron="miː">me</w>
         <c> </c>
         <w xml:id="oat77-051360"
            n="oat77/0050-a-0310"
            ecep:lem="bless"
            ecep:pos="j-vvn"
            ecep:reg="Blessed"
            ecep:spe="Blest"
            ecep:syllab="1"
            ecep:pron="blest">Blest</w>
         <pc xml:id="oat77-051370"
             n="oat77/0050-a-0320"
             ecep:lem=","
             ecep:pos=","
             ecep:reg=","
             ecep:spe=",">,</pc>
         <c> </c>
         <w xml:id="oat77-051380"
            n="oat77/0050-a-0330"
            ecep:lem="keep"
            ecep:pos="vvd"
            ecep:reg="kept"
            ecep:spe="kept"
            ecep:syllab="1"
            ecep:pron="kept">kept</w>
         <c> </c>
         <w xml:id="oat77-051390"
            n="oat77/0050-a-0340"
            ecep:lem="i"
            ecep:pos="pno11"
            ecep:reg="me"
            ecep:spe="me"
            ecep:syllab="1"
            ecep:pron="miː">me</w>
         <c> </c>
         <w xml:id="oat77-051400"
            n="oat77/0050-a-0350"
            ecep:lem="my"
            ecep:pos="po11"
            ecep:reg="my"
            ecep:spe="my"
            ecep:syllab="1"
            ecep:pron="maɪ">my</w>
         <c> </c>
         <w xml:id="oat77-051410"
            n="oat77/0050-a-0360"
            ecep:lem="own"
            ecep:pos="d"
            ecep:reg="Own"
            ecep:spe="Own"
            ecep:syllab="1"
            ecep:pron="əʊn">Own</w>
         <pc xml:id="oat77-051420"
             n="oat77/0050-a-0370"
             ecep:lem=";"
             ecep:pos=";"
             ecep:reg=";"
             ecep:spe=";">;</pc>
      </l>
      <l xml:id="oat77-l02510">
         <w xml:id="oat77-051430"
            n="oat77/0050-a-0380"
            ecep:lem="before"
            ecep:pos="c-acp"
            ecep:reg="Before"
            ecep:spe="E're"
            ecep:syllab="1"
            ecep:pron="eə">E're</w>
         <c> </c>
         <w xml:id="oat77-051440"
            n="oat77/0050-a-0390"
            ecep:lem="to"
            ecep:pos="p-acp"
            ecep:reg="to"
            ecep:spe="to"
            ecep:syllab="1"
            ecep:pron="tuː">to</w>
         <c> </c>
         <w xml:id="oat77-051450"
            n="oat77/0050-a-0400"
            ecep:lem="your"
            ecep:pos="po22"
            ecep:reg="your"
            ecep:spe="your"
            ecep:syllab="1"
            ecep:pron="jɔː">your</w>
         <c> </c>
         <w xml:id="oat77-051460"
            n="oat77/0050-a-0410"
            ecep:lem="false"
            ecep:pos="j"
            ecep:reg="false"
            ecep:spe="false"
            ecep:syllab="1"
            ecep:pron="fɔːls">false</w>
         <c> </c>
         <w xml:id="oat77-051470"
            n="oat77/0050-a-0420"
            ecep:lem="embrace"
            ecep:pos="n1"
            ecep:reg="embrace"
            ecep:spe="embrace"
            ecep:syllab="2"
            ecep:pron="ɪmˈbreɪs">embrace</w>
         <c> </c>
         <w xml:id="oat77-051480"
            n="oat77/0050-a-0430"
            ecep:lem="i"
            ecep:pos="pns11"
            ecep:reg="I"
            ecep:spe="I"
            ecep:syllab="1"
            ecep:pron="aɪ">I</w>
         <c> </c>
         <w xml:id="oat77-051490"
            n="oat77/0050-a-0440"
            ecep:lem="come"
            ecep:pos="vvd"
            ecep:reg="came"
            ecep:spe="came"
            ecep:syllab="1"
            ecep:pron="keɪm">came</w>
         <pc xml:id="oat77-051500"
             n="oat77/0050-a-0450"
             ecep:lem=","
             ecep:pos=","
             ecep:reg=","
             ecep:spe=",">,</pc>
      </l>
      <l xml:id="oat77-l02515">
         <w xml:id="oat77-051510"
            n="oat77/0050-a-0460"
            ecep:lem="i"
            ecep:pos="pns11"
            ecep:reg="I"
            ecep:spe="I"
            ecep:syllab="1"
            ecep:pron="aɪ">I</w>
         <c> </c>
         <w xml:id="oat77-051520"
            n="oat77/0050-a-0470"
            ecep:lem="can"
            ecep:pos="vmd"
            ecep:reg="could"
            ecep:spe="cou'd"
            ecep:syllab="1"
            ecep:pron="kʊd">cou'd</w>
         <c> </c>
         <w xml:id="oat77-051530"
            n="oat77/0050-a-0480"
            ecep:lem="have"
            ecep:pos="vhi"
            ecep:reg="have"
            ecep:spe="have"
            ecep:syllab="1"
            ecep:pron="hæv">have</w>
         <c> </c>
         <w xml:id="oat77-051540"
            n="oat77/0050-a-0490"
            ecep:lem="quench"
            ecep:pos="vvn"
            ecep:reg="quenched"
            ecep:spe="quencht"
            ecep:syllab="1"
            ecep:pron="kwˈentʃt">quencht</w>
         <c> </c>
         <w xml:id="oat77-051550"
            n="oat77/0050-a-0500"
            ecep:lem="my"
            ecep:pos="po11"
            ecep:reg="my"
            ecep:spe="my"
            ecep:syllab="1"
            ecep:pron="maɪ">my</w>
         <c> </c>
         <w xml:id="oat77-051560"
            n="oat77/0050-a-0510"
            ecep:lem="kindle"
            ecep:pos="j-vvg"
            ecep:reg="kindling"
            ecep:spe="kindling"
            ecep:syllab="2"
            ecep:pron="ˈkɪndlɪŋ">kindling</w>
         <c> </c>
         <w xml:id="oat77-051570"
            n="oat77/0050-a-0520"
            ecep:lem="flame"
            ecep:pos="n1"
            ecep:reg="Flame"
            ecep:spe="Flame"
            ecep:syllab="1"
            ecep:pron="fleɪm">Flame</w>
         <pc xml:id="oat77-051580"
             n="oat77/0050-a-0530"
             ecep:lem=";"
             ecep:pos=";"
             ecep:reg=";"
             ecep:spe=";">;</pc>
      </l>
      <l xml:id="oat77-l02520">
         <w xml:id="oat77-051590"
            n="oat77/0050-a-0540"
            ecep:lem="i"
            ecep:pos="pns11"
            ecep:reg="I"
            ecep:spe="I"
            ecep:syllab="1"
            ecep:pron="aɪ">I</w>
         <c> </c>
         <w xml:id="oat77-051600"
            n="oat77/0050-a-0550"
            ecep:lem="can"
            ecep:pos="vmd"
            ecep:reg="could"
            ecep:spe="cou'd"
            ecep:syllab="1"
            ecep:pron="kʊd">cou'd</w>
         <c> </c>
         <w xml:id="oat77-051610"
            n="oat77/0050-a-0560"
            ecep:lem="have"
            ecep:pos="vhi"
            ecep:reg="have"
            ecep:spe="have"
            ecep:syllab="1"
            ecep:pron="hæv">have</w>
         <c> </c>
         <w xml:id="oat77-051620"
            n="oat77/0050-a-0570"
            ecep:lem="donee"
            ecep:pos="vvn"
            ecep:reg="doneed"
            ecep:spe="done't"
            ecep:syllab="2"
            ecep:pron="dˈəʊnt">done't</w>
         <c> </c>
         <w xml:id="oat77-051630"
            n="oat77/0050-a-0580"
            ecep:lem="without"
            ecep:pos="p-acp"
            ecep:reg="without"
            ecep:spe="without"
            ecep:syllab="2"
            ecep:pron="wɪˈðaʊt">without</w>
         <c> </c>
         <w xml:id="oat77-051640"
            n="oat77/0050-a-0590"
            ecep:lem="remorse"
            ecep:pos="n1"
            ecep:reg="Remorse"
            ecep:spe="Remorse"
            ecep:syllab="2"
            ecep:pron="rɪˈmɔːs">Remorse</w>
         <pc xml:id="oat77-051650"
             n="oat77/0050-a-0600"
             ecep:lem=","
             ecep:pos=","
             ecep:reg=","
             ecep:spe=",">,</pc>
      </l>
      <l xml:id="oat77-l02525">
         <hi>
            <w xml:id="oat77-051660"
               n="oat77/0050-a-0610"
               ecep:lem="part"
               ecep:pos="n-vvg"
               ecep:reg="Parting"
               ecep:spe="Parting"
               ecep:syllab="2"
               ecep:pron="ˈpɑːtɪŋ">Parting</w>
         </hi>
         <c> </c>
         <w xml:id="oat77-051670"
            n="oat77/0050-a-0620"
            ecep:lem="have"
            ecep:pos="vhn"
            ecep:reg="had"
            ecep:spe="had"
            ecep:syllab="1"
            ecep:pron="hæd">had</w>
         <c> </c>
         <w xml:id="oat77-051680"
            n="oat77/0050-a-0630"
            ecep:lem="then"
            ecep:pos="av"
            ecep:reg="then"
            ecep:spe="then"
            ecep:syllab="1"
            ecep:pron="ðen">then</w>
         <c> </c>
         <w xml:id="oat77-051690"
            n="oat77/0050-a-0640"
            ecep:lem="be"
            ecep:pos="vbn"
            ecep:reg="been"
            ecep:spe="been"
            ecep:syllab="1"
            ecep:pron="biːn">been</w>
         <c> </c>
         <w xml:id="oat77-051700"
            n="oat77/0050-a-0650"
            ecep:lem="no"
            ecep:pos="dx"
            ecep:reg="no"
            ecep:spe="no"
            ecep:syllab="1"
            ecep:pron="nəʊ">no</w>
         <c> </c>
         <hi>
            <w xml:id="oat77-051710"
               n="oat77/0050-a-0660"
               ecep:lem="divorce"
               ecep:pos="n1"
               ecep:reg="Divorce"
               ecep:spe="Divorce"
               ecep:syllab="2"
               ecep:pron="dɪˈvɔːs">Divorce</w>
            <pc xml:id="oat77-051720"
                n="oat77/0050-a-0670"
                unit="sentence"
                ecep:lem="."
                ecep:pos="."
                ecep:reg="."
                ecep:spe=".">.</pc>
            <c> </c>
         </hi>
      </l>
   </sp>
   <sp xml:id="oat77-s00325">
      <speaker>
         <w xml:id="oat77-051760"
            n="oat77/0050-a-0680"
            ecep:lem="streph"
            ecep:pos="np1"
            ecep:reg="Streph"
            ecep:spe="Streph"
            ecep:syllab="1"
            ecep:pron="strˈef">Streph</w>
         <pc xml:id="oat77-051770"
             n="oat77/0050-a-0690"
             unit="sentence"
             ecep:lem="."
             ecep:pos="."
             ecep:reg="."
             ecep:spe=".">.</pc>
      </speaker>
      <l xml:id="oat77-l02530">
         <w xml:id="oat77-051790"
            n="oat77/0050-a-0700"
            ecep:lem="rage"
            ecep:pos="n1"
            ecep:reg="Rage"
            ecep:spe="Rage"
            ecep:syllab="1"
            ecep:pron="reɪdʒ">Rage</w>
         <c> </c>
         <w xml:id="oat77-051800"
            n="oat77/0050-a-0710"
            ecep:lem="not"
            ecep:pos="xx"
            ecep:reg="not"
            ecep:spe="not"
            ecep:syllab="1"
            ecep:pron="nɒt">not</w>
         <c> </c>
         <w xml:id="oat77-051810"
            n="oat77/0050-a-0720"
            ecep:lem="rash"
            ecep:pos="j"
            ecep:reg="rash"
            ecep:spe="rash"
            ecep:syllab="1"
            ecep:pron="ræʃ">rash</w>
         <c> </c>
         <hi>
            <w xml:id="oat77-051820"
               n="oat77/0050-a-0730"
               ecep:lem="nymph"
               ecep:pos="n1"
               ecep:reg="Nymph"
               ecep:spe="Nymph"
               ecep:syllab="1"
               ecep:pron="nɪmf">Nymph</w>
            <pc xml:id="oat77-051830"
                n="oat77/0050-a-0740"
                ecep:lem=","
                ecep:pos=","
                ecep:reg=","
                ecep:spe=",">,</pc>
         </hi>
         <c> </c>
         <w xml:id="oat77-051840"
            n="oat77/0050-a-0750"
            ecep:lem="for"
            ecep:pos="c-acp"
            ecep:reg="for"
            ecep:spe="for"
            ecep:syllab="1"
            ecep:pron="fɔː">for</w>
         <c> </c>
         <w xml:id="oat77-051850"
            n="oat77/0050-a-0760"
            ecep:lem="i|have"
            ecep:pos="pns11|vhb"
            ecep:reg="I've"
            ecep:spe="I've"
            ecep:syllab="1"
            ecep:pron="ˈaɪv">I've</w>
         <c> </c>
         <w xml:id="oat77-051860"
            n="oat77/0050-a-0770"
            ecep:lem="decree"
            ecep:pos="vvn"
            ecep:reg="Decreed"
            ecep:spe="Decreed"
            ecep:syllab="2"
            ecep:pron="dɪˈkriːd">Decreed</w>
      </l>
      <l part="I" xml:id="oat77-l02535.1">
         <w xml:id="oat77-051870"
            n="oat77/0050-a-0780"
            ecep:lem="when"
            ecep:pos="c-crq"
            ecep:reg="When"
            ecep:spe="When"
            ecep:syllab="1"
            ecep:pron="wen">When</w>
         <c> </c>
         <hi>
            <w xml:id="oat77-051880"
               n="oat77/0050-a-0790"
               ecep:lem="Sylvia"
               ecep:pos="np1"
               ecep:reg="Sylvia"
               ecep:spe="Sylvia"
               ecep:syllab="3"
               ecep:pron="ˈsɪlvɪə">Sylvia</w>
         </hi>
         <c> </c>
         <w xml:id="oat77-051890"
            n="oat77/0050-a-0800"
            ecep:lem="die"
            ecep:pos="vvz"
            ecep:reg="Dies"
            ecep:spe="Dies"
            ecep:syllab="1"
            ecep:pron="daɪz">Dies</w>
         <c> </c>
         <pc xml:id="oat77-051900"
             n="oat77/0050-a-0810"
             ecep:lem="—"
             ecep:pos="—"
             ecep:reg="—"
             ecep:spe="—">—</pc>
      </l>
   </sp>
   <sp xml:id="oat77-s00330">
      <speaker>
         <w xml:id="oat77-051940"
            n="oat77/0050-a-0820"
            ecep:lem="sylv"
            ecep:pos="crd"
            ecep:reg="Sylv"
            ecep:spe="Sylv"
            ecep:syllab="1"
            ecep:pron="sˈɪlv">Sylv</w>
         <pc xml:id="oat77-051950"
             n="oat77/0050-a-0830"
             unit="sentence"
             ecep:lem="."
             ecep:pos="."
             ecep:reg="."
             ecep:spe=".">.</pc>
      </speaker>
      <l part="M" xml:id="oat77-l02535.2">
         <w xml:id="oat77-051970"
            n="oat77/0050-a-0840"
            ecep:lem="speak"
            ecep:pos="vvb"
            ecep:reg="Speak"
            ecep:spe="Speak"
            ecep:syllab="1"
            ecep:pron="spiːk">Speak</w>
         <pc xml:id="oat77-051980"
             n="oat77/0050-a-0850"
             ecep:lem=","
             ecep:pos=","
             ecep:reg=","
             ecep:spe=",">,</pc>
         <c> </c>
         <w xml:id="oat77-051990"
            n="oat77/0050-a-0860"
            ecep:lem="what"
            ecep:pos="q-crq"
            ecep:reg="what"
            ecep:spe="what"
            ecep:syllab="1"
            ecep:pron="wɒt">what</w>
         <pc xml:id="oat77-052000"
             n="oat77/0050-a-0870"
             unit="sentence"
             ecep:lem="?"
             ecep:pos="?"
             ecep:reg="?"
             ecep:spe="?">?</pc>
      </l>
   </sp>
   <sp xml:id="oat77-s00335">
      <speaker>
         <w xml:id="oat77-052040"
            n="oat77/0050-a-0880"
            ecep:lem="streph"
            ecep:pos="np1"
            ecep:reg="Streph"
            ecep:spe="Streph"
            ecep:syllab="1"
            ecep:pron="strˈef">Streph</w>
         <pc xml:id="oat77-052050"
             n="oat77/0050-a-0890"
             unit="sentence"
             ecep:lem="."
             ecep:pos="."
             ecep:reg="."
             ecep:spe=".">.</pc>
      </speaker>
      <l part="F" xml:id="oat77-l02535.3">
         <w xml:id="oat77-052070"
            n="oat77/0050-a-0900"
            ecep:lem="to"
            ecep:pos="p-acp"
            ecep:reg="To"
            ecep:spe="To"
            ecep:syllab="1"
            ecep:pron="tuː">To</w>
         <c> </c>
         <hi>
            <w xml:id="oat77-052080"
               n="oat77/0050-a-0910"
               ecep:lem="bleed"
               ecep:pos="vvi"
               ecep:reg="Bleed"
               ecep:spe="Bleed"
               ecep:syllab="1"
               ecep:pron="bliːd">Bleed</w>
            <pc xml:id="oat77-052090"
                n="oat77/0050-a-0920"
                unit="sentence"
                ecep:lem="."
                ecep:pos="."
                ecep:reg="."
                ecep:spe=".">.</pc>
            <c> </c>
         </hi>
      </l>
      <l xml:id="oat77-l02540">
         <w xml:id="oat77-052100"
            n="oat77/0050-a-0930"
            ecep:lem="i|will"
            ecep:pos="pns11|vmb"
            ecep:reg="I'll"
            ecep:spe="I'll"
            ecep:syllab="1"
            ecep:pron="ˈaɪl">I'll</w>
         <c> </c>
         <w xml:id="oat77-052110"
            n="oat77/0050-a-0940"
            ecep:lem="drein"
            ecep:pos="vvb"
            ecep:reg="drein"
            ecep:spe="drein"
            ecep:syllab="1"
            ecep:pron="drˈeɪn">drein</w>
         <c> </c>
         <w xml:id="oat77-052120"
            n="oat77/0050-a-0950"
            ecep:lem="my"
            ecep:pos="po11"
            ecep:reg="my"
            ecep:spe="my"
            ecep:syllab="1"
            ecep:pron="maɪ">my</w>
         <c> </c>
         <hi>
            <w xml:id="oat77-052130"
               n="oat77/0050-a-0960"
               ecep:lem="lifeblood"
               ecep:pos="n1"
               ecep:reg="Lifeblood"
               ecep:spe="Life-blood"
               ecep:syllab="2"
               ecep:pron="laɪfˌblʌd">Life-blood</w>
         </hi>
         <c> </c>
         <w xml:id="oat77-052140"
            n="oat77/0050-a-0970"
            ecep:lem="from"
            ecep:pos="p-acp"
            ecep:reg="from"
            ecep:spe="from"
            ecep:syllab="1"
            ecep:pron="frɒm">from</w>
         <c> </c>
         <w xml:id="oat77-052150"
            n="oat77/0050-a-0980"
            ecep:lem="my"
            ecep:pos="po11"
            ecep:reg="my"
            ecep:spe="my"
            ecep:syllab="1"
            ecep:pron="maɪ">my</w>
         <c> </c>
         <w xml:id="oat77-052160"
            n="oat77/0050-a-0990"
            ecep:lem="heart"
            ecep:pos="n1"
            ecep:reg="Heart"
            ecep:spe="Heart"
            ecep:syllab="1"
            ecep:pron="hɑːt">Heart</w>
         <pc xml:id="oat77-052170"
             n="oat77/0050-a-1000"
             ecep:lem=","
             ecep:pos=","
             ecep:reg=","
             ecep:spe=",">,</pc>
      </l>
      <l xml:id="oat77-l02545">
         <w xml:id="oat77-052180"
            n="oat77/0050-a-1010"
            ecep:lem="but"
            ecep:pos="cc-acp"
            ecep:reg="But"
            ecep:spe="But"
            ecep:syllab="1"
            ecep:pron="bʌt">But</w>
         <c> </c>
         <w xml:id="oat77-052190"
            n="oat77/0050-a-1020"
            ecep:lem="no"
            ecep:pos="dx"
            ecep:reg="no"
            ecep:spe="no"
            ecep:syllab="1"
            ecep:pron="nəʊ">no</w>
         <c> </c>
         <hi>
            <w xml:id="oat77-052200"
               n="oat77/0050-a-1030"
               ecep:lem="cheap"
               ecep:pos="j"
               ecep:reg="cheap"
               ecep:spe="cheap"
               ecep:syllab="1"
               ecep:pron="tʃiːp">cheap</w>
            <c> </c>
            <w xml:id="oat77-052210"
               n="oat77/0050-a-1040"
               ecep:lem="tear"
               ecep:pos="n1"
               ecep:reg="Tear"
               ecep:spe="Tear"
               ecep:syllab="1"
               ecep:pron="tɪə">Tear</w>
         </hi>
         <c> </c>
         <w xml:id="oat77-052220"
            n="oat77/0050-a-1050"
            ecep:lem="shall"
            ecep:pos="vmb"
            ecep:reg="shall"
            ecep:spe="shall"
            ecep:syllab="1"
            ecep:pron="ʃæl">shall</w>
         <c> </c>
         <w xml:id="oat77-052230"
            n="oat77/0050-a-1060"
            ecep:lem="dare"
            ecep:pos="vvi"
            ecep:reg="dare"
            ecep:spe="dare"
            ecep:syllab="1"
            ecep:pron="deə">dare</w>
         <c> </c>
         <w xml:id="oat77-052240"
            n="oat77/0050-a-1070"
            ecep:lem="to"
            ecep:pos="pc-acp"
            ecep:reg="to"
            ecep:spe="to"
            ecep:syllab="1"
            ecep:pron="tuː">to</w>
         <c> </c>
         <w xml:id="oat77-052250"
            n="oat77/0050-a-1080"
            ecep:lem="start"
            ecep:pos="vvi"
            ecep:reg="start"
            ecep:spe="start"
            ecep:syllab="1"
            ecep:pron="stɑːt">start</w>
         <pc xml:id="oat77-052260"
             n="oat77/0050-a-1090"
             unit="sentence"
             ecep:lem="."
             ecep:pos="."
             ecep:reg="."
             ecep:spe=".">.</pc>
      </l>
   </sp>
   <sp xml:id="oat77-s00340">
      <speaker>
         <w xml:id="oat77-052300"
            n="oat77/0050-a-1100"
            ecep:lem="sylv"
            ecep:pos="crd"
            ecep:reg="Sylv"
            ecep:spe="Sylv"
            ecep:syllab="1"
            ecep:pron="sˈɪlv">Sylv</w>
         <pc xml:id="oat77-052310"
             n="oat77/0050-a-1110"
             unit="sentence"
             ecep:lem="."
             ecep:pos="."
             ecep:reg="."
             ecep:spe=".">.</pc>
      </speaker>
      <l xml:id="oat77-l02550">
         <w xml:id="oat77-052330"
            n="oat77/0050-a-1120"
            ecep:lem="kind"
            ecep:pos="j"
            ecep:reg="Kind"
            ecep:spe="Kind"
            ecep:syllab="1"
            ecep:pron="kaɪnd">Kind</w>
         <c> </c>
         <w xml:id="oat77-052340"
            n="oat77/0050-a-1130"
            ecep:lem="Shepheard"
            ecep:pos="np1"
            ecep:reg="Shepheard"
            ecep:spe="Shepheard"
            ecep:syllab="2"
            ecep:pron="ʃˈefɜːd">Shepheard</w>
         <pc xml:id="oat77-052350"
             n="oat77/0050-a-1140"
             ecep:lem=","
             ecep:pos=","
             ecep:reg=","
             ecep:spe=",">,</pc>
         <c> </c>
         <w xml:id="oat77-052360"
            n="oat77/0050-a-1150"
            ecep:lem="can"
            ecep:pos="vmd"
            ecep:reg="could"
            ecep:spe="cou'd"
            ecep:syllab="1"
            ecep:pron="kʊd">cou'd</w>
         <c> </c>
         <w xml:id="oat77-052370"
            n="oat77/0050-a-1160"
            ecep:lem="you"
            ecep:pos="pn22"
            ecep:reg="you"
            ecep:spe="you"
            ecep:syllab="1"
            ecep:pron="juː">you</w>
         <c> </c>
         <w xml:id="oat77-052380"
            n="oat77/0050-a-1170"
            ecep:lem="life"
            ecep:pos="n1"
            ecep:reg="Life"
            ecep:spe="Life"
            ecep:syllab="1"
            ecep:pron="laɪf">Life</w>
         <c> </c>
         <w xml:id="oat77-052390"
            n="oat77/0050-a-1180"
            ecep:lem="despise"
            ecep:pos="vvb"
            ecep:reg="Despise"
            ecep:spe="Despise"
            ecep:syllab="2"
            ecep:pron="dɪˈspaɪz">Despise</w>
         <pc xml:id="oat77-052400"
             n="oat77/0050-a-1190"
             ecep:lem=","
             ecep:pos=","
             ecep:reg=","
             ecep:spe=",">,</pc>
      </l>
      <l xml:id="oat77-l02555">
         <w xml:id="oat77-052410"
            n="oat77/0050-a-1200"
            ecep:lem="and"
            ecep:pos="cc"
            ecep:reg="And"
            ecep:spe="And"
            ecep:syllab="1"
            ecep:pron="ænd">And</w>
         <c> </c>
         <w xml:id="oat77-052420"
            n="oat77/0050-a-1210"
            ecep:lem="bleed"
            ecep:pos="vvi"
            ecep:reg="Bleed"
            ecep:spe="Bleed"
            ecep:syllab="1"
            ecep:pron="bliːd">Bleed</w>
         <c> </c>
         <w xml:id="oat77-052430"
            n="oat77/0050-a-1220"
            ecep:lem="at"
            ecep:pos="p-acp"
            ecep:reg="at"
            ecep:spe="at"
            ecep:syllab="1"
            ecep:pron="æt">at</w>
         <c> </c>
         <hi>
            <w xml:id="oat77-052440.1"
               n="oat77/0050-a-1230"
               rend="plain_apostrophe"
               ecep:lem="sylvia"
               ecep:pos="npg1"
               ecep:reg="Sylvia's"
               ecep:spe="Sylvia's"
               ecep:syllab="3"
               ecep:pron="ˈsɪlvɪəz">Sylvia's</w>
         </hi>
         <c> </c>
         <w xml:id="oat77-052450"
            n="oat77/0050-a-1240"
            ecep:lem="obsequy"
            ecep:pos="n2"
            ecep:reg="Obsequies"
            ecep:spe="Obsequies"
            ecep:syllab="3"
            ecep:pron="ˈɒbsɪkwiz">Obsequies</w>
         <pc xml:id="oat77-052460"
             n="oat77/0050-a-1250"
             unit="sentence"
             ecep:lem="?"
             ecep:pos="?"
             ecep:reg="?"
             ecep:spe="?">?</pc>
      </l>
   </sp>
   <pb facs="oat77/0051" n="37" rend="none"/>
   <sp xml:id="oat77-s00345">
      <speaker>
         <w xml:id="oat77-052500"
            n="oat77/0051-a-0010"
            ecep:lem="streph"
            ecep:pos="np1"
            ecep:reg="Streph"
            ecep:spe="Streph"
            ecep:syllab="1"
            ecep:pron="strˈef">Streph</w>
         <pc xml:id="oat77-052510"
             n="oat77/0051-a-0020"
             unit="sentence"
             ecep:lem="."
             ecep:pos="."
             ecep:reg="."
             ecep:spe=".">.</pc>
      </speaker>
      <l xml:id="oat77-l02560">
         <w xml:id="oat77-052530"
            n="oat77/0051-a-0030"
            ecep:lem="to"
            ecep:pos="p-acp"
            ecep:reg="To"
            ecep:spe="To"
            ecep:syllab="1"
            ecep:pron="tuː">To</w>
         <c> </c>
         <hi>
            <w xml:id="oat77-052540"
               n="oat77/0051-a-0040"
               ecep:lem="Ceres"
               ecep:pos="np1"
               ecep:reg="Crees"
               ecep:spe="Ceres"
               ecep:syllab="2"
               ecep:pron="sɪəz">Ceres</w>
         </hi>
         <c> </c>
         <w xml:id="oat77-052550"
            n="oat77/0051-a-0050"
            ecep:lem="i"
            ecep:pos="pns11"
            ecep:reg="I"
            ecep:spe="I"
            ecep:syllab="1"
            ecep:pron="aɪ">I</w>
         <c> </c>
         <w xml:id="oat77-052560"
            n="oat77/0051-a-0060"
            ecep:lem="appeal"
            ecep:pos="vvb"
            ecep:reg="appeal"
            ecep:spe="appeal"
            ecep:syllab="2"
            ecep:pron="əˈpiːl">appeal</w>
         <pc xml:id="oat77-052570"
             n="oat77/0051-a-0070"
             ecep:lem=","
             ecep:pos=","
             ecep:reg=","
             ecep:spe=",">,</pc>
         <c> </c>
         <w xml:id="oat77-052580"
            n="oat77/0051-a-0080"
            ecep:lem="for"
            ecep:pos="c-acp"
            ecep:reg="for"
            ecep:spe="for"
            ecep:syllab="1"
            ecep:pron="fɔː">for</w>
         <c> </c>
         <w xml:id="oat77-052590"
            n="oat77/0051-a-0090"
            ecep:lem="she"
            ecep:pos="pns31"
            ecep:reg="She"
            ecep:spe="She"
            ecep:syllab="1"
            ecep:pron="ʃiː">She</w>
      </l>
      <l xml:id="oat77-l02565">
         <w xml:id="oat77-052600"
            n="oat77/0051-a-0100"
            ecep:lem="know"
            ecep:pos="vvz"
            ecep:reg="Knows"
            ecep:spe="Knows"
            ecep:syllab="1"
            ecep:pron="nəʊz">Knows</w>
         <c> </c>
         <w xml:id="oat77-052610"
            n="oat77/0051-a-0110"
            ecep:lem="this"
            ecep:pos="d"
            ecep:reg="this"
            ecep:spe="this"
            ecep:syllab="1"
            ecep:pron="ðɪs">this</w>
         <c> </c>
         <w xml:id="oat77-052620"
            n="oat77/0051-a-0120"
            ecep:lem="have"
            ecep:pos="vdz"
            ecep:reg="has"
            ecep:spe="has"
            ecep:syllab="1"
            ecep:pron="hæz">has</w>
         <c> </c>
         <w xml:id="oat77-052630"
            n="oat77/0051-a-0130"
            ecep:lem="long"
            ecep:pos="av-j"
            ecep:reg="long"
            ecep:spe="long"
            ecep:syllab="1"
            ecep:pron="lɒŋ">long</w>
         <c> </c>
         <w xml:id="oat77-052640"
            n="oat77/0051-a-0140"
            ecep:lem="be"
            ecep:pos="vbn"
            ecep:reg="been"
            ecep:spe="been"
            ecep:syllab="1"
            ecep:pron="biːn">been</w>
         <c> </c>
         <w xml:id="oat77-052650"
            n="oat77/0051-a-0150"
            ecep:lem="my"
            ecep:pos="po11"
            ecep:reg="my"
            ecep:spe="my"
            ecep:syllab="1"
            ecep:pron="maɪ">my</w>
         <c> </c>
         <w xml:id="oat77-052660"
            n="oat77/0051-a-0160"
            ecep:lem="decree"
            ecep:pos="n1"
            ecep:reg="Decree"
            ecep:spe="Decree"
            ecep:syllab="2"
            ecep:pron="dɪˈkriː">Decree</w>
         <pc xml:id="oat77-052670"
             n="oat77/0051-a-0170"
             ecep:lem=";"
             ecep:pos=";"
             ecep:reg=";"
             ecep:spe=";">;</pc>
      </l>
      <l rhyme="aaa" xml:id="oat77-l02570">
         <w xml:id="oat77-052680"
            n="oat77/0051-a-0180"
            ecep:lem="and"
            ecep:pos="cc"
            ecep:reg="And"
            ecep:spe="And"
            ecep:syllab="1"
            ecep:pron="ænd">And</w>
         <c> </c>
         <w xml:id="oat77-052690"
            n="oat77/0051-a-0190"
            ecep:lem="know"
            ecep:pos="vvz"
            ecep:reg="knows"
            ecep:spe="knows"
            ecep:syllab="1"
            ecep:pron="nəʊz">knows</w>
         <c> </c>
         <w xml:id="oat77-052700"
            n="oat77/0051-a-0200"
            ecep:lem="that"
            ecep:pos="cst"
            ecep:reg="that"
            ecep:spe="that"
            ecep:syllab="1"
            ecep:pron="ðæt">that</w>
         <c> </c>
         <w xml:id="oat77-052710"
            n="oat77/0051-a-0210"
            ecep:lem="i"
            ecep:pos="pns11"
            ecep:reg="I"
            ecep:spe="I"
            ecep:syllab="1"
            ecep:pron="aɪ">I</w>
         <c> </c>
         <w xml:id="oat77-052720"
            n="oat77/0051-a-0220"
            ecep:lem="resolve"
            ecep:pos="vvb"
            ecep:reg="resolve"
            ecep:spe="resolve"
            ecep:syllab="2"
            ecep:pron="rɪˈzɒlv">resolve</w>
         <c> </c>
         <w xml:id="oat77-052730"
            n="oat77/0051-a-0230"
            ecep:lem="it"
            ecep:pos="pn31"
            ecep:reg="it"
            ecep:spe="it"
            ecep:syllab="1"
            ecep:pron="ɪt">it</w>
         <c> </c>
         <w xml:id="oat77-052740"
            n="oat77/0051-a-0240"
            ecep:lem="still"
            ecep:pos="av"
            ecep:reg="still"
            ecep:spe="still"
            ecep:syllab="1"
            ecep:pron="stɪl">still</w>
         <pc xml:id="oat77-052750"
             n="oat77/0051-a-0250"
             unit="sentence"
             ecep:lem="."
             ecep:pos="."
             ecep:reg="."
             ecep:spe=".">.</pc>
      </l>
   </sp>
   <sp xml:id="oat77-s00350">
      <speaker>
         <w xml:id="oat77-052790"
            n="oat77/0051-a-0260"
            ecep:lem="sylv"
            ecep:pos="crd"
            ecep:reg="Sylv"
            ecep:spe="Sylv"
            ecep:syllab="1"
            ecep:pron="sˈɪlv">Sylv</w>
         <pc xml:id="oat77-052800"
             n="oat77/0051-a-0270"
             unit="sentence"
             ecep:lem="."
             ecep:pos="."
             ecep:reg="."
             ecep:spe=".">.</pc>
      </speaker>
      <l rhyme="aaa" xml:id="oat77-l02575">
         <w xml:id="oat77-052820"
            n="oat77/0051-a-0280"
            ecep:lem="since"
            ecep:pos="p-acp"
            ecep:reg="Since"
            ecep:spe="Since"
            ecep:syllab="1"
            ecep:pron="sɪns">Since</w>
         <c> </c>
         <w xml:id="oat77-052830"
            n="oat77/0051-a-0290"
            ecep:lem="then"
            ecep:pos="av"
            ecep:reg="then"
            ecep:spe="then"
            ecep:syllab="1"
            ecep:pron="ðen">then</w>
         <c> </c>
         <w xml:id="oat77-052840"
            n="oat77/0051-a-0300"
            ecep:lem="you"
            ecep:pos="pn22"
            ecep:reg="you"
            ecep:spe="you"
            ecep:syllab="1"
            ecep:pron="juː">you</w>
         <c> </c>
         <w xml:id="oat77-052850"
            n="oat77/0051-a-0310"
            ecep:lem="can"
            ecep:pos="vmd"
            ecep:reg="could"
            ecep:spe="cou'd"
            ecep:syllab="1"
            ecep:pron="kʊd">cou'd</w>
         <c> </c>
         <w xml:id="oat77-052860"
            n="oat77/0051-a-0320"
            ecep:lem="your"
            ecep:pos="po22"
            ecep:reg="your"
            ecep:spe="your"
            ecep:syllab="1"
            ecep:pron="jɔː">your</w>
         <c> </c>
         <w xml:id="oat77-052870"
            n="oat77/0051-a-0330"
            ecep:lem="vow"
            ecep:pos="n1"
            ecep:reg="Vow"
            ecep:spe="Vow"
            ecep:syllab="1"
            ecep:pron="vaʊ">Vow</w>
         <c> </c>
         <w xml:id="oat77-052880"
            n="oat77/0051-a-0340"
            ecep:lem="fulfil"
            ecep:pos="vvb"
            ecep:reg="fulfil"
            ecep:spe="fulfill"
            ecep:syllab="2"
            ecep:pron="fʊlˈfɪl">fulfill</w>
         <pc xml:id="oat77-052890"
             n="oat77/0051-a-0350"
             ecep:lem=","
             ecep:pos=","
             ecep:reg=","
             ecep:spe=",">,</pc>
      </l>
      <l rhyme="aaa" xml:id="oat77-l02580">
         <w xml:id="oat77-052900"
            n="oat77/0051-a-0360"
            ecep:lem="swear"
            ecep:pos="vvb"
            ecep:reg="Swear"
            ecep:spe="Swear"
            ecep:syllab="1"
            ecep:pron="sweə">Swear</w>
         <pc xml:id="oat77-052910"
             n="oat77/0051-a-0370"
             ecep:lem=","
             ecep:pos=","
             ecep:reg=","
             ecep:spe=",">,</pc>
         <c> </c>
         <w xml:id="oat77-052920"
            n="oat77/0051-a-0380"
            ecep:lem="swear"
            ecep:pos="vvb"
            ecep:reg="Swear"
            ecep:spe="Swear"
            ecep:syllab="1"
            ecep:pron="sweə">Swear</w>
         <c> </c>
         <w xml:id="oat77-052930"
            n="oat77/0051-a-0390"
            ecep:lem="once"
            ecep:pos="a-acp"
            ecep:reg="once"
            ecep:spe="once"
            ecep:syllab="1"
            ecep:pron="wʌns">once</w>
         <c> </c>
         <w xml:id="oat77-052940"
            n="oat77/0051-a-0400"
            ecep:lem="more"
            ecep:pos="av-dc"
            ecep:reg="more"
            ecep:spe="more"
            ecep:syllab="1"
            ecep:pron="mɔː">more</w>
         <c> </c>
         <w xml:id="oat77-052950"
            n="oat77/0051-a-0410"
            ecep:lem="you"
            ecep:pos="pn22"
            ecep:reg="you"
            ecep:spe="you"
            ecep:syllab="1"
            ecep:pron="juː">you</w>
         <c> </c>
         <hi>
            <w xml:id="oat77-052960"
               n="oat77/0051-a-0420"
               ecep:lem="never"
               ecep:pos="av-x"
               ecep:reg="never"
               ecep:spe="never"
               ecep:syllab="2"
               ecep:pron="ˈnevə">never</w>
            <c> </c>
            <w xml:id="oat77-052970"
               n="oat77/0051-a-0430"
               ecep:lem="will"
               ecep:pos="vmb"
               ecep:reg="will"
               ecep:spe="will"
               ecep:syllab="1"
               ecep:pron="wɪl">will</w>
            <pc xml:id="oat77-052980"
                n="oat77/0051-a-0440"
                unit="sentence"
                ecep:lem="."
                ecep:pos="."
                ecep:reg="."
                ecep:spe=".">.</pc>
            <c> </c>
         </hi>
      </l>
   </sp>
</div>
