<?xml version="1.0" encoding="UTF-8"?>
<?xml-model href="../tei_all.rnc" type="application/relax-ng-compact-syntax"?>
<TEI xmlns="http://www.tei-c.org/ns/1.0">
   <teiHeader>
      <fileDesc>
         <titleStmt>
            <title corresp="#txt_TighMa1772_w0016">Written at the Eagle's Nest, Killarney. July 26, 1800.</title>
            <author corresp="authors.xml#aut_TighMa1772">Mary Tighe (née Blachford)</author>
            <respStmt>
               <name xml:id="AH">Alexander Huber</name>
               <resp>Editor</resp>
            </respStmt>
            <funder>
               <name type="institution" xml:id="BOD">Bodleian Libraries, University of Oxford</name>
               <address>
                  <addrLine>Broad Street</addrLine>
                  <addrLine>Oxford OX1 3BG</addrLine>
                  <addrLine>UK</addrLine>
               </address>
            </funder>
         </titleStmt>
         <publicationStmt>
            <publisher xml:id="ECPA">Eighteenth-Century Poetry Archive</publisher>
            <address>
               <addrLine>Taylor Institution Library</addrLine>
               <addrLine>St Giles'</addrLine>
               <addrLine>Oxford OX1 3NA</addrLine>
               <addrLine>UK</addrLine>
               <addrLine>
                  <email>info@eighteenthcenturypoetry.org</email>
               </addrLine>
               <addrLine>
                  <ref target="https://www.eighteenthcenturypoetry.org/">https://www.eighteenthcenturypoetry.org/</ref>
               </addrLine>
            </address>
            <pubPlace>Oxford</pubPlace>
            <availability status="restricted">
               <licence target="http://creativecommons.org/licenses/by-sa/3.0/">This work is licensed under a Creative Commons Attribution-ShareAlike 3.0 Unported License.</licence>
            </availability>
         </publicationStmt>
         <sourceDesc>
            <bibl>
               <author>Tighe, Mary, 1772-1810.</author>
               <title>Psyche, With Other Poems.</title>
               <pubPlace>London</pubPlace>
               <publisher>Printed for LONGMAN, HURST, REES, ORME, AND BROWN, PATERNOSTER-ROW</publisher>
               <date>1811</date>
               <biblScope>p. 232.</biblScope>
               <extent>314p.</extent>
            </bibl>
         </sourceDesc>
      </fileDesc>
      <encodingDesc>
         <projectDesc>
            <p>This e-text is part of the Works section of the Eighteenth-Century Poetry Archive (ECPA).</p>
            <p>XML created for the Eighteenth-Century Poetry Archive (ECPA).</p>
         </projectDesc>
         <editorialDecl>
            <p>Typography, spelling, capitalization, and punctuation have been cautiously modernized. The source of the text is given and all significant
						editorial interventions have been recorded in textual notes. This  text has been edited to conform to the recommendations found 
						in Level 5 of the
						Best Practices for TEI in Libraries version 4.0.0.
					</p>
         </editorialDecl>
         <classDecl>
            <taxonomy xml:id="LCNAF">
               <bibl>Library of Congress Name Authority File (<abbr>LCNAF</abbr>)</bibl>
            </taxonomy>
         </classDecl>
         <tagsDecl>
            <rendition n="linegroups indented" xml:id="lgindent" scheme="css">text-indent: 1em;</rendition>
            <rendition n="linegroups vertically spaced" xml:id="lgvspace" scheme="css">margin-bottom: 1em;</rendition>
            <rendition n="aligned centrally" xml:id="align-center" scheme="css">text-align: center;</rendition>
            <rendition n="aligned right" xml:id="align-right" scheme="css">text-align: right;</rendition>
            <rendition n="aligned left" xml:id="align-left" scheme="css">text-align: left;</rendition>
            <rendition n="inline" xml:id="inline" scheme="css">display: inline</rendition>
            <rendition n="italic" xml:id="i" scheme="css">font-style: italic;</rendition>
            <rendition n="bold" xml:id="b" scheme="css">font-weight: bold;</rendition>
         </tagsDecl>
      </encodingDesc>
   </teiHeader>
   <text>
      <body>
         <div xmlns:ecep="http://www.eighteenthcenturypoetry.org/ns"
              xmlns:tei="http://www.tei-c.org/ns/1.0"
              ana="#iamb #pentameter #sonnet"
              corresp="#txt_TighMa1772_w0016"
              decls="#semi-normalized"
              ecep:syllab="10"
              met="-+|-+|-+|-+|-+/"
              rendition="#lgvspace"
              rhyme="abbacdcdefefgg"
              subtype="eceptext"
              type="poem"
              xml:id="pmt18-w0160">
            <link target="authors.xml#aut_TighMa1772" type="author"/>
            <head type="main">
               <w xml:id="pmt18-346200"
                  n="pmt18/0256-a-0010"
                  ecep:lem="write"
                  ecep:pos="vvn"
                  ecep:reg="Written"
                  ecep:spe="Written"
                  ecep:syllab="2"
                  ecep:pron="ˈrɪtn">Written</w>
               <c> </c>
               <w xml:id="pmt18-346210"
                  n="pmt18/0256-a-0020"
                  ecep:lem="at"
                  ecep:pos="p-acp"
                  ecep:reg="at"
                  ecep:spe="at"
                  ecep:syllab="1"
                  ecep:pron="æt">at</w>
               <c> </c>
               <w xml:id="pmt18-346220"
                  n="pmt18/0256-a-0030"
                  ecep:lem="the"
                  ecep:pos="dt"
                  ecep:reg="the"
                  ecep:spe="the"
                  ecep:syllab="1"
                  ecep:pron="ðiː">the</w>
               <c> </c>
               <w xml:id="pmt18-346230"
                  n="pmt18/0256-a-0040"
                  ecep:lem="eagle"
                  ecep:pos="ng1"
                  ecep:reg="Eagle's"
                  ecep:spe="Eagle's"
                  ecep:syllab="2"
                  ecep:pron="ˈiːglz">Eagle's</w>
               <c> </c>
               <w xml:id="pmt18-346240"
                  n="pmt18/0256-a-0050"
                  ecep:lem="nest"
                  ecep:pos="n1"
                  ecep:reg="Nest"
                  ecep:spe="Nest"
                  ecep:syllab="1"
                  ecep:pron="nest">Nest</w>
               <pc xml:id="pmt18-346250"
                   n="pmt18/0256-a-0060"
                   ecep:lem=","
                   ecep:pos=","
                   ecep:reg=","
                   ecep:spe=",">,</pc>
               <c> </c>
               <w xml:id="pmt18-346260"
                  n="pmt18/0256-a-0070"
                  ecep:lem="Killarney"
                  ecep:pos="np1"
                  ecep:reg="Killarney"
                  ecep:spe="Killarney"
                  ecep:syllab="3"
                  ecep:pron="kɪˈlɑːni">Killarney</w>
               <pc xml:id="pmt18-346270"
                   n="pmt18/0256-a-0080"
                   unit="sentence"
                   ecep:lem="."
                   ecep:pos="."
                   ecep:reg="."
                   ecep:spe=".">.</pc>
            </head>
            <head type="sub">
               <hi>
                  <w xml:id="pmt18-346300"
                     n="pmt18/0256-a-0090"
                     ecep:lem="July"
                     ecep:pos="np1"
                     ecep:reg="July"
                     ecep:spe="July"
                     ecep:syllab="2"
                     ecep:pron="dʒʊˈlaɪ">July</w>
               </hi>
               <c> </c>
               <w xml:id="pmt18-346310"
                  n="pmt18/0256-a-0100"
                  ecep:lem="26"
                  ecep:pos="crd"
                  ecep:reg="26"
                  ecep:spe="26"
                  ecep:syllab="1"
                  ecep:pron="twˈentisˈɪks">26</w>
               <pc xml:id="pmt18-346320"
                   n="pmt18/0256-a-0110"
                   ecep:lem=","
                   ecep:pos=","
                   ecep:reg=","
                   ecep:spe=",">,</pc>
               <c> </c>
               <w xml:id="pmt18-346330"
                  n="pmt18/0256-a-0120"
                  ecep:lem="1800."
                  ecep:pos="crd"
                  ecep:reg="1800."
                  ecep:spe="1800."
                  ecep:syllab="1"
                  ecep:pron="wˈɒnθˈaʊzəndˈeɪthˈʌndrəd">1800.</w>
               <pc unit="sentence" xml:id="pmt18-346330-eos" n="pmt18/0256-a-0130"/>
            </head>
            <lg xml:id="pmt18-s02110">
               <l xml:id="pmt18-l17820">
                  <w xml:id="pmt18-346360"
                     n="pmt18/0256-a-0140"
                     ecep:lem="here"
                     ecep:pos="av"
                     ecep:reg="HERE"
                     ecep:spe="HERE"
                     ecep:syllab="1"
                     ecep:pron="hɪə">HERE</w>
                  <c> </c>
                  <w xml:id="pmt18-346370"
                     n="pmt18/0256-a-0150"
                     ecep:lem="let"
                     ecep:pos="vvb"
                     ecep:reg="let"
                     ecep:spe="let"
                     ecep:syllab="1"
                     ecep:pron="let">let</w>
                  <c> </c>
                  <w xml:id="pmt18-346380"
                     n="pmt18/0256-a-0160"
                     ecep:lem="we"
                     ecep:pos="pno12"
                     ecep:reg="us"
                     ecep:spe="us"
                     ecep:syllab="1"
                     ecep:pron="ʌs">us</w>
                  <c> </c>
                  <w xml:id="pmt18-346390"
                     n="pmt18/0256-a-0170"
                     ecep:lem="rest"
                     ecep:pos="vvi"
                     ecep:reg="rest"
                     ecep:spe="rest"
                     ecep:syllab="1"
                     ecep:pron="rest">rest</w>
                  <pc xml:id="pmt18-346400"
                      n="pmt18/0256-a-0180"
                      ecep:lem=","
                      ecep:pos=","
                      ecep:reg=","
                      ecep:spe=",">,</pc>
                  <c> </c>
                  <w xml:id="pmt18-346410"
                     n="pmt18/0256-a-0190"
                     ecep:lem="while"
                     ecep:pos="cs"
                     ecep:reg="while"
                     ecep:spe="while"
                     ecep:syllab="1"
                     ecep:pron="ˈwaɪl">while</w>
                  <c> </c>
                  <w xml:id="pmt18-346420"
                     n="pmt18/0256-a-0200"
                     ecep:lem="with"
                     ecep:pos="p-acp"
                     ecep:reg="with"
                     ecep:spe="with"
                     ecep:syllab="1"
                     ecep:pron="wɪð">with</w>
                  <c> </c>
                  <w xml:id="pmt18-346430"
                     n="pmt18/0256-a-0210"
                     ecep:lem="meridan"
                     ecep:pos="n1"
                     ecep:reg="meridan"
                     ecep:spe="meridan"
                     ecep:syllab="3"
                     ecep:pron="mˈerɪdən">meridan</w>
                  <c> </c>
                  <w xml:id="pmt18-346440"
                     n="pmt18/0256-a-0220"
                     ecep:lem="blaze"
                     ecep:pos="vvi"
                     ecep:reg="blaze"
                     ecep:spe="blaze"
                     ecep:syllab="1"
                     ecep:pron="bleɪz">blaze</w>
               </l>
               <l xml:id="pmt18-l17825">
                  <c> </c>
                  <w xml:id="pmt18-346450"
                     n="pmt18/0256-a-0230"
                     ecep:lem="the"
                     ecep:pos="dt"
                     ecep:reg="The"
                     ecep:spe="The"
                     ecep:syllab="1"
                     ecep:pron="ðiː">The</w>
                  <c> </c>
                  <w xml:id="pmt18-346460"
                     n="pmt18/0256-a-0240"
                     ecep:lem="sun"
                     ecep:pos="n1"
                     ecep:reg="sun"
                     ecep:spe="sun"
                     ecep:syllab="1"
                     ecep:pron="sʌn">sun</w>
                  <c> </c>
                  <w xml:id="pmt18-346470"
                     n="pmt18/0256-a-0250"
                     ecep:lem="ride"
                     ecep:pos="vvz"
                     ecep:reg="rides"
                     ecep:spe="rides"
                     ecep:syllab="1"
                     ecep:pron="raɪdz">rides</w>
                  <c> </c>
                  <w xml:id="pmt18-346480"
                     n="pmt18/0256-a-0260"
                     ecep:lem="glorious"
                     ecep:pos="j"
                     ecep:reg="glorious"
                     ecep:spe="glorious"
                     ecep:syllab="2"
                     ecep:pron="ˈglɔːriəs">glorious</w>
                  <c> </c>
                  <w xml:id="pmt18-346500"
                     n="pmt18/0256-a-0280"
                     ecep:lem="amid"
                     ecep:pos="p-acp"
                     ecep:reg="amid"
                     ecep:spe="'mid"
                     ecep:syllab="1"
                     ecep:pron="mˈɪd">'mid</w>
                  <c> </c>
                  <w xml:id="pmt18-346510"
                     n="pmt18/0256-a-0290"
                     ecep:lem="the"
                     ecep:pos="dt"
                     ecep:reg="the"
                     ecep:spe="the"
                     ecep:syllab="1"
                     ecep:pron="ðiː">the</w>
                  <c> </c>
                  <w xml:id="pmt18-346520"
                     n="pmt18/0256-a-0300"
                     ecep:lem="cloudless"
                     ecep:pos="j"
                     ecep:reg="cloudless"
                     ecep:spe="cloudless"
                     ecep:syllab="2"
                     ecep:pron="ˈklaʊdləs">cloudless</w>
                  <c> </c>
                  <w xml:id="pmt18-346530"
                     n="pmt18/0256-a-0310"
                     ecep:lem="sky"
                     ecep:pos="n1"
                     ecep:reg="sky"
                     ecep:spe="sky"
                     ecep:syllab="1"
                     ecep:pron="skaɪ">sky</w>
                  <pc xml:id="pmt18-346540"
                      n="pmt18/0256-a-0320"
                      ecep:lem=","
                      ecep:pos=","
                      ecep:reg=","
                      ecep:spe=",">,</pc>
               </l>
               <l xml:id="pmt18-l17830">
                  <c> </c>
                  <w xml:id="pmt18-346550"
                     n="pmt18/0256-a-0330"
                     ecep:lem="while"
                     ecep:pos="cs"
                     ecep:reg="While"
                     ecep:spe="While"
                     ecep:syllab="1"
                     ecep:pron="ˈwaɪl">While</w>
                  <c> </c>
                  <w xml:id="pmt18-346560"
                     n="pmt18/0256-a-0340"
                     ecep:lem="over"
                     ecep:pos="p-acp"
                     ecep:reg="over"
                     ecep:spe="o'er"
                     ecep:syllab="1"
                     ecep:pron="ˈɔːə">o'er</w>
                  <c> </c>
                  <w xml:id="pmt18-346570"
                     n="pmt18/0256-a-0350"
                     ecep:lem="the"
                     ecep:pos="dt"
                     ecep:reg="the"
                     ecep:spe="the"
                     ecep:syllab="1"
                     ecep:pron="ðiː">the</w>
                  <c> </c>
                  <w xml:id="pmt18-346580"
                     n="pmt18/0256-a-0360"
                     ecep:lem="lake"
                     ecep:pos="n1"
                     ecep:reg="lake"
                     ecep:spe="lake"
                     ecep:syllab="1"
                     ecep:pron="leɪk">lake</w>
                  <c> </c>
                  <w xml:id="pmt18-346590"
                     n="pmt18/0256-a-0370"
                     ecep:lem="no"
                     ecep:pos="dx"
                     ecep:reg="no"
                     ecep:spe="no"
                     ecep:syllab="1"
                     ecep:pron="nəʊ">no</w>
                  <c> </c>
                  <w xml:id="pmt18-346600"
                     n="pmt18/0256-a-0380"
                     ecep:lem="cool"
                     ecep:pos="j-vvg"
                     ecep:reg="cooling"
                     ecep:spe="cooling"
                     ecep:syllab="2"
                     ecep:pron="kuːlɪŋ">cooling</w>
                  <c> </c>
                  <w xml:id="pmt18-346610"
                     n="pmt18/0256-a-0390"
                     ecep:lem="zephyr"
                     ecep:pos="n2"
                     ecep:reg="Zephyrs"
                     ecep:spe="Zephyrs"
                     ecep:syllab="2"
                     ecep:pron="ˈzefəz">Zephyrs</w>
                  <c> </c>
                  <w xml:id="pmt18-346620"
                     n="pmt18/0256-a-0400"
                     ecep:lem="fly"
                     ecep:pos="vvi"
                     ecep:reg="fly"
                     ecep:spe="fly"
                     ecep:syllab="1"
                     ecep:pron="flaɪ">fly</w>
                  <pc xml:id="pmt18-346630"
                      n="pmt18/0256-a-0410"
                      ecep:lem=","
                      ecep:pos=","
                      ecep:reg=","
                      ecep:spe=",">,</pc>
               </l>
               <l xml:id="pmt18-l17835">
                  <c> </c>
                  <w xml:id="pmt18-346640"
                     n="pmt18/0256-a-0420"
                     ecep:lem="but"
                     ecep:pos="cc-acp"
                     ecep:reg="But"
                     ecep:spe="But"
                     ecep:syllab="1"
                     ecep:pron="bʌt">But</w>
                  <c> </c>
                  <w xml:id="pmt18-346650"
                     n="pmt18/0256-a-0430"
                     ecep:lem="on"
                     ecep:pos="p-acp"
                     ecep:reg="on"
                     ecep:spe="on"
                     ecep:syllab="1"
                     ecep:pron="ɒn">on</w>
                  <c> </c>
                  <w xml:id="pmt18-346660"
                     n="pmt18/0256-a-0440"
                     ecep:lem="the"
                     ecep:pos="dt"
                     ecep:reg="the"
                     ecep:spe="the"
                     ecep:syllab="1"
                     ecep:pron="ðiː">the</w>
                  <c> </c>
                  <w xml:id="pmt18-346670"
                     n="pmt18/0256-a-0450"
                     ecep:lem="liquid"
                     ecep:pos="j-jn"
                     ecep:reg="liquid"
                     ecep:spe="liquid"
                     ecep:syllab="2"
                     ecep:pron="ˈlɪkwɪd">liquid</w>
                  <c> </c>
                  <w xml:id="pmt18-346680"
                     n="pmt18/0256-a-0460"
                     ecep:lem="glass"
                     ecep:pos="n1"
                     ecep:reg="glass"
                     ecep:spe="glass"
                     ecep:syllab="1"
                     ecep:pron="glɑːs">glass</w>
                  <c> </c>
                  <w xml:id="pmt18-346690"
                     n="pmt18/0256-a-0470"
                     ecep:lem="we"
                     ecep:pos="pns12"
                     ecep:reg="we"
                     ecep:spe="we"
                     ecep:syllab="1"
                     ecep:pron="wiː">we</w>
                  <c> </c>
                  <w xml:id="pmt18-346700"
                     n="pmt18/0256-a-0480"
                     ecep:lem="dazzle"
                     ecep:pos="vvd"
                     ecep:reg="dazzled"
                     ecep:spe="dazzled"
                     ecep:syllab="2"
                     ecep:pron="ˈdæzld">dazzled</w>
                  <c> </c>
                  <w xml:id="pmt18-346710"
                     n="pmt18/0256-a-0490"
                     ecep:lem="gaze"
                     ecep:pos="n1"
                     ecep:reg="gaze"
                     ecep:spe="gaze"
                     ecep:syllab="1"
                     ecep:pron="geɪz">gaze</w>
                  <pc xml:id="pmt18-346720"
                      n="pmt18/0256-a-0500"
                      ecep:lem=","
                      ecep:pos=","
                      ecep:reg=","
                      ecep:spe=",">,</pc>
               </l>
               <l xml:id="pmt18-l17840">
                  <c> </c>
                  <w xml:id="pmt18-346730"
                     n="pmt18/0256-a-0510"
                     ecep:lem="and"
                     ecep:pos="cc"
                     ecep:reg="And"
                     ecep:spe="And"
                     ecep:syllab="1"
                     ecep:pron="ænd">And</w>
                  <c> </c>
                  <w xml:id="pmt18-346740"
                     n="pmt18/0256-a-0520"
                     ecep:lem="faint"
                     ecep:pos="vvg"
                     ecep:reg="fainting"
                     ecep:spe="fainting"
                     ecep:syllab="2"
                     ecep:pron="feɪntɪŋ">fainting</w>
                  <c> </c>
                  <w xml:id="pmt18-346750"
                     n="pmt18/0256-a-0530"
                     ecep:lem="ask"
                     ecep:pos="vvb"
                     ecep:reg="ask"
                     ecep:spe="ask"
                     ecep:syllab="1"
                     ecep:pron="ɑːsk">ask</w>
                  <c> </c>
                  <w xml:id="pmt18-346760"
                     n="pmt18/0256-a-0540"
                     ecep:lem="for"
                     ecep:pos="p-acp"
                     ecep:reg="for"
                     ecep:spe="for"
                     ecep:syllab="1"
                     ecep:pron="fɔː">for</w>
                  <c> </c>
                  <w xml:id="pmt18-346770"
                     n="pmt18/0256-a-0550"
                     ecep:lem="shade"
                     ecep:pos="n1"
                     ecep:reg="shade"
                     ecep:spe="shade"
                     ecep:syllab="1"
                     ecep:pron="ʃeɪd">shade</w>
                  <pc xml:id="pmt18-346780"
                      n="pmt18/0256-a-0560"
                      ecep:lem=":"
                      ecep:pos=":"
                      ecep:reg=":"
                      ecep:spe=":">:</pc>
                  <c> </c>
                  <w xml:id="pmt18-346790"
                     n="pmt18/0256-a-0570"
                     ecep:lem="lo"
                     ecep:pos="uh"
                     ecep:reg="lo"
                     ecep:spe="lo"
                     ecep:syllab="1"
                     ecep:pron="ləʊ">lo</w>
                  <pc xml:id="pmt18-346800"
                      n="pmt18/0256-a-0580"
                      ecep:lem="!"
                      ecep:pos="!"
                      ecep:reg="!"
                      ecep:spe="!">!</pc>
                  <c> </c>
                  <w xml:id="pmt18-346810"
                     n="pmt18/0256-a-0590"
                     ecep:lem="where"
                     ecep:pos="c-crq"
                     ecep:reg="where"
                     ecep:spe="where"
                     ecep:syllab="1"
                     ecep:pron="weə">where</w>
                  <c> </c>
                  <w xml:id="pmt18-346820"
                     n="pmt18/0256-a-0600"
                     ecep:lem="his"
                     ecep:pos="po31"
                     ecep:reg="his"
                     ecep:spe="his"
                     ecep:syllab="1"
                     ecep:pron="hɪz">his</w>
                  <c> </c>
                  <w xml:id="pmt18-346830"
                     n="pmt18/0256-a-0610"
                     ecep:lem="nest"
                     ecep:pos="n1"
                     ecep:reg="nest"
                     ecep:spe="nest"
                     ecep:syllab="1"
                     ecep:pron="nest">nest</w>
               </l>
               <l xml:id="pmt18-l17845">
                  <c> </c>
                  <w xml:id="pmt18-346840"
                     n="pmt18/0256-a-0620"
                     ecep:lem="the"
                     ecep:pos="dt"
                     ecep:reg="The"
                     ecep:spe="The"
                     ecep:syllab="1"
                     ecep:pron="ðiː">The</w>
                  <c> </c>
                  <w xml:id="pmt18-346850"
                     n="pmt18/0256-a-0630"
                     ecep:lem="bird"
                     ecep:pos="n1"
                     ecep:reg="bird"
                     ecep:spe="bird"
                     ecep:syllab="1"
                     ecep:pron="bɜːd">bird</w>
                  <c> </c>
                  <w xml:id="pmt18-346860"
                     n="pmt18/0256-a-0640"
                     ecep:lem="of"
                     ecep:pos="pp-f"
                     ecep:reg="of"
                     ecep:spe="of"
                     ecep:syllab="1"
                     ecep:pron="ɒv">of</w>
                  <c> </c>
                  <w xml:id="pmt18-346870"
                     n="pmt18/0256-a-0650"
                     ecep:lem="Jove"
                     ecep:pos="np1"
                     ecep:reg="Jove"
                     ecep:spe="Jove"
                     ecep:syllab="1"
                     ecep:pron="ˈdʒəʊv">Jove</w>
                  <c> </c>
                  <w xml:id="pmt18-346880"
                     n="pmt18/0256-a-0660"
                     ecep:lem="have"
                     ecep:pos="vhz"
                     ecep:reg="has"
                     ecep:spe="has"
                     ecep:syllab="1"
                     ecep:pron="hæz">has</w>
                  <c> </c>
                  <w xml:id="pmt18-346890"
                     n="pmt18/0256-a-0670"
                     ecep:lem="fix"
                     ecep:pos="vvn"
                     ecep:reg="fixed"
                     ecep:spe="fixed"
                     ecep:syllab="1"
                     ecep:pron="fɪkst">fixed</w>
                  <pc xml:id="pmt18-346900"
                      n="pmt18/0256-a-0680"
                      ecep:lem=":"
                      ecep:pos=":"
                      ecep:reg=":"
                      ecep:spe=":">:</pc>
                  <c> </c>
                  <w xml:id="pmt18-346910"
                     n="pmt18/0256-a-0690"
                     ecep:lem="the"
                     ecep:pos="dt"
                     ecep:reg="the"
                     ecep:spe="the"
                     ecep:syllab="1"
                     ecep:pron="ðiː">the</w>
                  <c> </c>
                  <w xml:id="pmt18-346920"
                     n="pmt18/0256-a-0700"
                     ecep:lem="lofty"
                     ecep:pos="j"
                     ecep:reg="lofty"
                     ecep:spe="lofty"
                     ecep:syllab="2"
                     ecep:pron="ˈlɒfti">lofty</w>
                  <c> </c>
                  <w xml:id="pmt18-346930"
                     n="pmt18/0256-a-0710"
                     ecep:lem="brow"
                     ecep:pos="n1"
                     ecep:reg="brow"
                     ecep:spe="brow"
                     ecep:syllab="1"
                     ecep:pron="braʊ">brow</w>
                  <pc xml:id="pmt18-346940"
                      n="pmt18/0256-a-0720"
                      ecep:lem=","
                      ecep:pos=","
                      ecep:reg=","
                      ecep:spe=",">,</pc>
               </l>
               <l xml:id="pmt18-l17850">
                  <c> </c>
                  <w xml:id="pmt18-346950"
                     n="pmt18/0256-a-0730"
                     ecep:lem="with"
                     ecep:pos="p-acp"
                     ecep:reg="With"
                     ecep:spe="With"
                     ecep:syllab="1"
                     ecep:pron="wɪð">With</w>
                  <c> </c>
                  <w xml:id="pmt18-346960"
                     n="pmt18/0256-a-0740"
                     ecep:lem="arbutus"
                     ecep:pos="fw-la"
                     ecep:reg="arbutus"
                     ecep:spe="arbutus"
                     ecep:syllab="3"
                     ecep:pron="ɑːˈbjuːtəs">arbutus</w>
                  <c> </c>
                  <w xml:id="pmt18-346970"
                     n="pmt18/0256-a-0750"
                     ecep:lem="and"
                     ecep:pos="cc"
                     ecep:reg="and"
                     ecep:spe="and"
                     ecep:syllab="1"
                     ecep:pron="ænd">and</w>
                  <c> </c>
                  <w xml:id="pmt18-346980"
                     n="pmt18/0256-a-0760"
                     ecep:lem="fragrant"
                     ecep:pos="j"
                     ecep:reg="fragrant"
                     ecep:spe="fragrant"
                     ecep:syllab="2"
                     ecep:pron="ˈfreɪgrənt">fragrant</w>
                  <c> </c>
                  <w xml:id="pmt18-346990"
                     n="pmt18/0256-a-0770"
                     ecep:lem="wild"
                     ecep:pos="j"
                     ecep:reg="wild"
                     ecep:spe="wild"
                     ecep:syllab="1"
                     ecep:pron="waɪld">wild</w>
                  <c> </c>
                  <w xml:id="pmt18-347000"
                     n="pmt18/0256-a-0780"
                     ecep:lem="shrub"
                     ecep:pos="n2"
                     ecep:reg="shrubs"
                     ecep:spe="shrubs"
                     ecep:syllab="1"
                     ecep:pron="ʃrʌbz">shrubs</w>
                  <c> </c>
                  <w xml:id="pmt18-347010"
                     n="pmt18/0256-a-0790"
                     ecep:lem="dress"
                     ecep:pos="vvn"
                     ecep:reg="dressed"
                     ecep:spe="drest"
                     ecep:syllab="1"
                     ecep:pron="drest">drest</w>
                  <pc xml:id="pmt18-347020"
                      n="pmt18/0256-a-0800"
                      ecep:lem=","
                      ecep:pos=","
                      ecep:reg=","
                      ecep:spe=",">,</pc>
               </l>
               <l xml:id="pmt18-l17855">
                  <c> </c>
                  <w xml:id="pmt18-347030"
                     n="pmt18/0256-a-0810"
                     ecep:lem="impendent"
                     ecep:pos="j-jn"
                     ecep:reg="Impendent"
                     ecep:spe="Impendent"
                     ecep:syllab="3"
                     ecep:pron="ɪmpˈendənt">Impendent</w>
                  <c> </c>
                  <w xml:id="pmt18-347040"
                     n="pmt18/0256-a-0820"
                     ecep:lem="frown"
                     ecep:pos="n2"
                     ecep:reg="frowns"
                     ecep:spe="frowns"
                     ecep:syllab="1"
                     ecep:pron="fraʊnz">frowns</w>
                  <pc xml:id="pmt18-347050"
                      n="pmt18/0256-a-0830"
                      ecep:lem=","
                      ecep:pos=","
                      ecep:reg=","
                      ecep:spe=",">,</pc>
                  <c> </c>
                  <w xml:id="pmt18-347060"
                     n="pmt18/0256-a-0840"
                     ecep:lem="nor"
                     ecep:pos="ccx"
                     ecep:reg="nor"
                     ecep:spe="nor"
                     ecep:syllab="1"
                     ecep:pron="nɔː">nor</w>
                  <c> </c>
                  <w xml:id="pmt18-347070"
                     n="pmt18/0256-a-0850"
                     ecep:lem="will"
                     ecep:pos="vmb"
                     ecep:reg="will"
                     ecep:spe="will"
                     ecep:syllab="1"
                     ecep:pron="wɪl">will</w>
                  <c> </c>
                  <w xml:id="pmt18-347080"
                     n="pmt18/0256-a-0860"
                     ecep:lem="approach"
                     ecep:pos="n1"
                     ecep:reg="approach"
                     ecep:spe="approach"
                     ecep:syllab="2"
                     ecep:pron="əˈprəʊtʃ">approach</w>
                  <c> </c>
                  <w xml:id="pmt18-347090"
                     n="pmt18/0256-a-0870"
                     ecep:lem="allow"
                     ecep:pos="vvi"
                     ecep:reg="allow"
                     ecep:spe="allow"
                     ecep:syllab="2"
                     ecep:pron="əˈlaʊ">allow</w>
                  <pc xml:id="pmt18-347100"
                      n="pmt18/0256-a-0880"
                      ecep:lem=":"
                      ecep:pos=":"
                      ecep:reg=":"
                      ecep:spe=":">:</pc>
               </l>
               <l xml:id="pmt18-l17860">
                  <c> </c>
                  <w xml:id="pmt18-347110"
                     n="pmt18/0256-a-0890"
                     ecep:lem="here"
                     ecep:pos="av"
                     ecep:reg="Here"
                     ecep:spe="Here"
                     ecep:syllab="1"
                     ecep:pron="hɪə">Here</w>
                  <c> </c>
                  <w xml:id="pmt18-347120"
                     n="pmt18/0256-a-0900"
                     ecep:lem="the"
                     ecep:pos="dt"
                     ecep:reg="the"
                     ecep:spe="the"
                     ecep:syllab="1"
                     ecep:pron="ðiː">the</w>
                  <c> </c>
                  <w xml:id="pmt18-347130"
                     n="pmt18/0256-a-0910"
                     ecep:lem="soft"
                     ecep:pos="j"
                     ecep:reg="soft"
                     ecep:spe="soft"
                     ecep:syllab="1"
                     ecep:pron="sɒft">soft</w>
                  <c> </c>
                  <w xml:id="pmt18-347140"
                     n="pmt18/0256-a-0920"
                     ecep:lem="turf"
                     ecep:pos="n1"
                     ecep:reg="turf"
                     ecep:spe="turf"
                     ecep:syllab="1"
                     ecep:pron="tɜːf">turf</w>
                  <c> </c>
                  <w xml:id="pmt18-347150"
                     n="pmt18/0256-a-0930"
                     ecep:lem="invite"
                     ecep:pos="vvz"
                     ecep:reg="invites"
                     ecep:spe="invites"
                     ecep:syllab="2"
                     ecep:pron="ˈɪnvaɪts">invites</w>
                  <pc xml:id="pmt18-347160"
                      n="pmt18/0256-a-0940"
                      ecep:lem=";"
                      ecep:pos=";"
                      ecep:reg=";"
                      ecep:spe=";">;</pc>
                  <c> </c>
                  <w xml:id="pmt18-347170"
                     n="pmt18/0256-a-0950"
                     ecep:lem="here"
                     ecep:pos="av"
                     ecep:reg="here"
                     ecep:spe="here"
                     ecep:syllab="1"
                     ecep:pron="hɪə">here</w>
                  <c> </c>
                  <w xml:id="pmt18-347180"
                     n="pmt18/0256-a-0960"
                     ecep:lem="magic"
                     ecep:pos="j-jn"
                     ecep:reg="magic"
                     ecep:spe="magic"
                     ecep:syllab="2"
                     ecep:pron="ˈmædʒɪk">magic</w>
                  <c> </c>
                  <w xml:id="pmt18-347190"
                     n="pmt18/0256-a-0970"
                     ecep:lem="sound"
                     ecep:pos="n2"
                     ecep:reg="sounds"
                     ecep:spe="sounds"
                     ecep:syllab="1"
                     ecep:pron="saʊndz">sounds</w>
               </l>
               <l xml:id="pmt18-l17865">
                  <c> </c>
                  <w xml:id="pmt18-347200"
                     n="pmt18/0256-a-0980"
                     ecep:lem="celestial"
                     ecep:pos="av-j"
                     ecep:reg="Celestially"
                     ecep:spe="Celestially"
                     ecep:syllab="4"
                     ecep:pron="səˈlestiəli">Celestially</w>
                  <c> </c>
                  <w xml:id="pmt18-347210"
                     n="pmt18/0256-a-0990"
                     ecep:lem="respondent"
                     ecep:pos="n1"
                     ecep:reg="respondent"
                     ecep:spe="respondent"
                     ecep:syllab="3"
                     ecep:pron="rɪˈspɒndənt">respondent</w>
                  <c> </c>
                  <w xml:id="pmt18-347220"
                     n="pmt18/0256-a-1000"
                     ecep:lem="shall"
                     ecep:pos="vmb"
                     ecep:reg="shall"
                     ecep:spe="shall"
                     ecep:syllab="1"
                     ecep:pron="ʃæl">shall</w>
                  <c> </c>
                  <w xml:id="pmt18-347230"
                     n="pmt18/0256-a-1010"
                     ecep:lem="enchant"
                     ecep:pos="vvi"
                     ecep:reg="enchant"
                     ecep:spe="enchant"
                     ecep:syllab="2"
                     ecep:pron="ɪnˈtʃɑːnt">enchant</w>
                  <pc xml:id="pmt18-347240"
                      n="pmt18/0256-a-1020"
                      ecep:lem=","
                      ecep:pos=","
                      ecep:reg=","
                      ecep:spe=",">,</pc>
               </l>
               <l xml:id="pmt18-l17870">
                  <c> </c>
                  <w xml:id="pmt18-347250"
                     n="pmt18/0256-a-1030"
                     ecep:lem="while"
                     ecep:pos="cs"
                     ecep:reg="While"
                     ecep:spe="While"
                     ecep:syllab="1"
                     ecep:pron="ˈwaɪl">While</w>
                  <c> </c>
                  <w xml:id="pmt18-347260"
                     n="pmt18/0256-a-1040"
                     ecep:lem="melody"
                     ecep:pos="n1"
                     ecep:reg="Melody"
                     ecep:spe="Melody"
                     ecep:syllab="3"
                     ecep:pron="ˈmelədi">Melody</w>
                  <c> </c>
                  <w xml:id="pmt18-347270"
                     n="pmt18/0256-a-1050"
                     ecep:lem="from"
                     ecep:pos="p-acp"
                     ecep:reg="from"
                     ecep:spe="from"
                     ecep:syllab="1"
                     ecep:pron="frɒm">from</w>
                  <c> </c>
                  <w xml:id="pmt18-347280"
                     n="pmt18/0256-a-1060"
                     ecep:lem="yond"
                     ecep:pos="d"
                     ecep:reg="yonder"
                     ecep:spe="yon"
                     ecep:syllab="1"
                     ecep:pron="jɒn">yon</w>
                  <c> </c>
                  <w xml:id="pmt18-347290"
                     n="pmt18/0256-a-1070"
                     ecep:lem="steep"
                     ecep:pos="j"
                     ecep:reg="steep"
                     ecep:spe="steep"
                     ecep:syllab="1"
                     ecep:pron="stiːp">steep</w>
                  <c> </c>
                  <w xml:id="pmt18-347300"
                     n="pmt18/0256-a-1080"
                     ecep:lem="wood"
                     ecep:pos="n1"
                     ecep:reg="wood"
                     ecep:spe="wood"
                     ecep:syllab="1"
                     ecep:pron="wʊd">wood</w>
                  <c> </c>
                  <w xml:id="pmt18-347310"
                     n="pmt18/0256-a-1090"
                     ecep:lem="rebound"
                     ecep:pos="n2"
                     ecep:reg="rebounds"
                     ecep:spe="rebounds"
                     ecep:syllab="2"
                     ecep:pron="ˈriːbaʊndz">rebounds</w>
               </l>
               <l xml:id="pmt18-l17875">
                  <c> </c>
                  <w xml:id="pmt18-347320"
                     n="pmt18/0256-a-1100"
                     ecep:lem="in"
                     ecep:pos="p-acp"
                     ecep:reg="In"
                     ecep:spe="In"
                     ecep:syllab="1"
                     ecep:pron="ɪn">In</w>
                  <c> </c>
                  <w xml:id="pmt18-347330"
                     n="pmt18/0256-a-1110"
                     ecep:lem="thrill"
                     ecep:pos="j-vvg"
                     ecep:reg="thrilling"
                     ecep:spe="thrilling"
                     ecep:syllab="2"
                     ecep:pron="θrɪlɪŋ">thrilling</w>
                  <c> </c>
                  <w xml:id="pmt18-347340"
                     n="pmt18/0256-a-1120"
                     ecep:lem="cadence"
                     ecep:pos="n1"
                     ecep:reg="cadence"
                     ecep:spe="cadence"
                     ecep:syllab="2"
                     ecep:pron="ˈkeɪdns">cadence</w>
                  <c> </c>
                  <w xml:id="pmt18-347350"
                     n="pmt18/0256-a-1130"
                     ecep:lem="sweet"
                     ecep:pos="j"
                     ecep:reg="sweet"
                     ecep:spe="sweet"
                     ecep:syllab="1"
                     ecep:pron="swiːt">sweet</w>
                  <pc xml:id="pmt18-347360"
                      n="pmt18/0256-a-1140"
                      unit="sentence"
                      ecep:lem="."
                      ecep:pos="."
                      ecep:reg="."
                      ecep:spe=".">.</pc>
                  <c> </c>
                  <w xml:id="pmt18-347370"
                     n="pmt18/0256-a-1150"
                     ecep:lem="sure"
                     ecep:pos="j"
                     ecep:reg="Sure"
                     ecep:spe="Sure"
                     ecep:syllab="1"
                     ecep:pron="ʃɔː">Sure</w>
                  <pc xml:id="pmt18-347380"
                      n="pmt18/0256-a-1160"
                      ecep:lem=","
                      ecep:pos=","
                      ecep:reg=","
                      ecep:spe=",">,</pc>
                  <c> </c>
                  <w xml:id="pmt18-347390"
                     n="pmt18/0256-a-1170"
                     ecep:lem="life"
                     ecep:pos="n1"
                     ecep:reg="life"
                     ecep:spe="life"
                     ecep:syllab="1"
                     ecep:pron="laɪf">life</w>
                  <c> </c>
                  <w xml:id="pmt18-347400"
                     n="pmt18/0256-a-1180"
                     ecep:lem="can"
                     ecep:pos="vmb"
                     ecep:reg="can"
                     ecep:spe="can"
                     ecep:syllab="1"
                     ecep:pron="kæn">can</w>
                  <c> </c>
                  <w xml:id="pmt18-347410"
                     n="pmt18/0256-a-1190"
                     ecep:lem="grant"
                     ecep:pos="vvi"
                     ecep:reg="grant"
                     ecep:spe="grant"
                     ecep:syllab="1"
                     ecep:pron="grɑːnt">grant</w>
               </l>
               <l xml:id="pmt18-l17880">
                  <c> </c>
                  <w xml:id="pmt18-347420"
                     n="pmt18/0256-a-1200"
                     ecep:lem="no"
                     ecep:pos="dx"
                     ecep:reg="No"
                     ecep:spe="No"
                     ecep:syllab="1"
                     ecep:pron="nəʊ">No</w>
                  <c> </c>
                  <w xml:id="pmt18-347430"
                     n="pmt18/0256-a-1210"
                     ecep:lem="bright"
                     ecep:pos="jc"
                     ecep:reg="brighter"
                     ecep:spe="brighter"
                     ecep:syllab="2"
                     ecep:pron="braɪtə">brighter</w>
                  <c> </c>
                  <w xml:id="pmt18-347440"
                     n="pmt18/0256-a-1220"
                     ecep:lem="hour"
                     ecep:pos="n2"
                     ecep:reg="hours"
                     ecep:spe="hours"
                     ecep:syllab="1"
                     ecep:pron="æəz">hours</w>
                  <c> </c>
                  <w xml:id="pmt18-347450"
                     n="pmt18/0256-a-1230"
                     ecep:lem="than"
                     ecep:pos="cs"
                     ecep:reg="than"
                     ecep:spe="than"
                     ecep:syllab="1"
                     ecep:pron="ðæn">than</w>
                  <c> </c>
                  <w xml:id="pmt18-347460"
                     n="pmt18/0256-a-1240"
                     ecep:lem="this"
                     ecep:pos="d"
                     ecep:reg="this"
                     ecep:spe="this"
                     ecep:syllab="1"
                     ecep:pron="ðɪs">this</w>
                  <pc xml:id="pmt18-347470"
                      n="pmt18/0256-a-1250"
                      ecep:lem=";"
                      ecep:pos=";"
                      ecep:reg=";"
                      ecep:spe=";">;</pc>
                  <c> </c>
                  <w xml:id="pmt18-347480"
                     n="pmt18/0256-a-1260"
                     ecep:lem="and"
                     ecep:pos="cc"
                     ecep:reg="and"
                     ecep:spe="and"
                     ecep:syllab="1"
                     ecep:pron="ænd">and</w>
                  <c> </c>
                  <w xml:id="pmt18-347490"
                     n="pmt18/0256-a-1270"
                     ecep:lem="memory"
                     ecep:pos="n1"
                     ecep:reg="memory"
                     ecep:spe="memory"
                     ecep:syllab="3"
                     ecep:pron="ˈmemri">memory</w>
                  <c> </c>
                  <w xml:id="pmt18-347500"
                     n="pmt18/0256-a-1280"
                     ecep:lem="oft"
                     ecep:pos="av"
                     ecep:reg="oft"
                     ecep:spe="oft"
                     ecep:syllab="1"
                     ecep:pron="ɒft">oft</w>
               </l>
               <l xml:id="pmt18-l17885">
                  <c> </c>
                  <w xml:id="pmt18-347510"
                     n="pmt18/0256-a-1290"
                     ecep:lem="shall"
                     ecep:pos="vmb"
                     ecep:reg="Shall"
                     ecep:spe="Shall"
                     ecep:syllab="1"
                     ecep:pron="ʃæl">Shall</w>
                  <c> </c>
                  <w xml:id="pmt18-347520"
                     n="pmt18/0256-a-1300"
                     ecep:lem="paint"
                     ecep:pos="vvi"
                     ecep:reg="paint"
                     ecep:spe="paint"
                     ecep:syllab="1"
                     ecep:pron="peɪnt">paint</w>
                  <c> </c>
                  <w xml:id="pmt18-347530"
                     n="pmt18/0256-a-1310"
                     ecep:lem="this"
                     ecep:pos="d"
                     ecep:reg="this"
                     ecep:spe="this"
                     ecep:syllab="1"
                     ecep:pron="ðɪs">this</w>
                  <c> </c>
                  <w xml:id="pmt18-347540"
                     n="pmt18/0256-a-1320"
                     ecep:lem="happy"
                     ecep:pos="js"
                     ecep:reg="happiest"
                     ecep:spe="happiest"
                     ecep:syllab="2"
                     ecep:pron="ˈhæpiɪst">happiest</w>
                  <c> </c>
                  <w xml:id="pmt18-347550"
                     n="pmt18/0256-a-1330"
                     ecep:lem="scene"
                     ecep:pos="n1"
                     ecep:reg="scene"
                     ecep:spe="scene"
                     ecep:syllab="1"
                     ecep:pron="siːn">scene</w>
                  <c> </c>
                  <w xml:id="pmt18-347560"
                     n="pmt18/0256-a-1340"
                     ecep:lem="with"
                     ecep:pos="p-acp"
                     ecep:reg="with"
                     ecep:spe="with"
                     ecep:syllab="1"
                     ecep:pron="wɪð">with</w>
                  <c> </c>
                  <w xml:id="pmt18-347570"
                     n="pmt18/0256-a-1350"
                     ecep:lem="pencil"
                     ecep:pos="n1"
                     ecep:reg="pencil"
                     ecep:spe="pencil"
                     ecep:syllab="2"
                     ecep:pron="ˈpensl">pencil</w>
                  <c> </c>
                  <w xml:id="pmt18-347580"
                     n="pmt18/0256-a-1360"
                     ecep:lem="soft"
                     ecep:pos="j"
                     ecep:reg="soft"
                     ecep:spe="soft"
                     ecep:syllab="1"
                     ecep:pron="sɒft">soft</w>
                  <pc xml:id="pmt18-347590"
                      n="pmt18/0256-a-1370"
                      unit="sentence"
                      ecep:lem="."
                      ecep:pos="."
                      ecep:reg="."
                      ecep:spe=".">.</pc>
                  <c> </c>
               </l>
            </lg>
         </div>
      </body>
   </text>
</TEI>
