<?xml version="1.0" encoding="utf-8"?>
<!DOCTYPE div
  SYSTEM "about:legacy-compat">
<div xmlns:ecep="http://www.eighteenthcenturypoetry.org/ns"
     xmlns="http://www.tei-c.org/ns/1.0"
     xmlns:tei="http://www.tei-c.org/ns/1.0"
     ana="#iamb #tetrameter #couplet #pair #epistle"
     corresp="#txt_BarbMa1685_w0046"
     decls="#semi-normalized"
     ecep:syllab="8"
     met="-+|-+|-+|-+/"
     rendition="#lgvspace"
     rhyme="aa"
     subtype="eceptext"
     type="poem"
     xml:id="pba35-w0480">
   <link target="authors.xml#aut_BarbMa1685" type="author"/>
   <link target="11545" type="DMI"/>
   <head type="main">
      <w xml:id="pba35-131670"
         n="a-0010"
         ecep:lem="send"
         ecep:pos="vvn"
         ecep:reg="Sent"
         ecep:spe="Sent"
         ecep:syllab="1"
         ecep:pron="sent">Sent</w>
      <c> </c>
      <w xml:id="pba35-131680"
         n="a-0020"
         ecep:lem="as"
         ecep:pos="a-acp"
         ecep:reg="as"
         ecep:spe="as"
         ecep:syllab="1"
         ecep:pron="æz">as</w>
      <c> </c>
      <w xml:id="pba35-131690"
         n="a-0030"
         ecep:lem="from"
         ecep:pos="p-acp"
         ecep:reg="from"
         ecep:spe="from"
         ecep:syllab="1"
         ecep:pron="frɒm">from</w>
      <c> </c>
      <w xml:id="pba35-131700"
         n="a-0040"
         ecep:lem="a"
         ecep:pos="dt"
         ecep:reg="a"
         ecep:spe="a"
         ecep:syllab="1"
         ecep:pron="ə">a</w>
      <c> </c>
      <w xml:id="pba35-131710"
         n="a-0050"
         ecep:lem="school-fellow"
         ecep:pos="n1"
         ecep:reg="Schoolfellow"
         ecep:spe="School-fellow"
         ecep:syllab="3"
         ecep:pron="skuːlˌˈfeləʊ">School-fellow</w>
      <c> </c>
      <w xml:id="pba35-131720"
         n="a-0060"
         ecep:lem="to"
         ecep:pos="p-acp"
         ecep:reg="to"
         ecep:spe="to"
         ecep:syllab="1"
         ecep:pron="tuː">to</w>
      <c> </c>
      <rs ref="authors.xml#aut_BarbCo1714" type="name">
         <w xml:id="pba35-131730"
            n="a-0070"
            ecep:lem="my"
            ecep:pos="po11"
            ecep:reg="my"
            ecep:spe="my"
            ecep:syllab="1"
            ecep:pron="maɪ">my</w>
         <c> </c>
         <w xml:id="pba35-131740"
            n="a-0080"
            ecep:lem="son"
            ecep:pos="n1"
            ecep:reg="Son"
            ecep:spe="Son"
            ecep:syllab="1"
            ecep:pron="sʌn">Son</w>
      </rs>
   </head>
   <head type="sub">
      <w xml:id="pba35-131770"
         n="a-0090"
         ecep:lem="anno"
         ecep:pos="fw-la"
         ecep:reg="Anno"
         ecep:spe="Anno"
         ecep:syllab="2"
         ecep:pron="ˈænəʊ">Anno</w>
      <c> </c>
      <w xml:id="pba35-131780"
         n="a-0100"
         ecep:lem="1727."
         ecep:pos="crd"
         ecep:reg="1727."
         ecep:spe="1727."
         ecep:syllab="1"
         ecep:pron="wˈɒnθˈaʊzəndsˈevənhˈʌndrədəntwˈentisˈevən">1727.</w>
      <pc unit="sentence" xml:id="pba35-131780-eos" n="a-0110"/>
   </head>
   <lg xml:id="pba35-s00800">
      <l n="1" xml:id="pba35-l06645">
         <hi rendition="#sc">
            <w xml:id="pba35-131810"
               n="a-0120"
               ecep:lem="i"
               ecep:pos="pns11"
               ecep:reg="I"
               ecep:spe="I"
               ecep:syllab="1"
               ecep:pron="aɪ">I</w>
            <c> </c>
            <w xml:id="pba35-131820"
               n="a-0130"
               ecep:lem="grieve"
               ecep:pos="vvb"
               ecep:reg="grieve"
               ecep:spe="grieve"
               ecep:syllab="1"
               ecep:pron="griːv">grieve</w>
         </hi>
         <c> </c>
         <w xml:id="pba35-131830"
            n="a-0140"
            ecep:lem="to"
            ecep:pos="pc-acp"
            ecep:reg="to"
            ecep:spe="to"
            ecep:syllab="1"
            ecep:pron="tuː">to</w>
         <c> </c>
         <w xml:id="pba35-131840"
            n="a-0150"
            ecep:lem="see"
            ecep:pos="vvi"
            ecep:reg="see"
            ecep:spe="see"
            ecep:syllab="1"
            ecep:pron="siː">see</w>
         <c> </c>
         <w xml:id="pba35-131850"
            n="a-0160"
            ecep:lem="you"
            ecep:pos="pn22"
            ecep:reg="you"
            ecep:spe="you"
            ecep:syllab="1"
            ecep:pron="juː">you</w>
         <c> </c>
         <w xml:id="pba35-131860"
            n="a-0170"
            ecep:lem="waste"
            ecep:pos="vvi"
            ecep:reg="waste"
            ecep:spe="waste"
            ecep:syllab="1"
            ecep:pron="weɪst">waste</w>
         <c> </c>
         <w xml:id="pba35-131870"
            n="a-0180"
            ecep:lem="your"
            ecep:pos="po22"
            ecep:reg="your"
            ecep:spe="your"
            ecep:syllab="1"
            ecep:pron="jɔː">your</w>
         <c> </c>
         <w xml:id="pba35-131880"
            n="a-0190"
            ecep:lem="time"
            ecep:pos="n1"
            ecep:reg="Time"
            ecep:spe="Time"
            ecep:syllab="1"
            ecep:pron="taɪm">Time</w>
         <pc xml:id="pba35-131890"
             n="a-0200"
             ecep:lem=","
             ecep:pos=","
             ecep:reg=","
             ecep:spe=",">,</pc>
      </l>
      <l n="2" xml:id="pba35-l06650">
         <c> </c>
         <w xml:id="pba35-131900"
            n="a-0210"
            ecep:lem="and"
            ecep:pos="cc"
            ecep:reg="And"
            ecep:spe="And"
            ecep:syllab="1"
            ecep:pron="ænd">And</w>
         <c> </c>
         <w xml:id="pba35-131910"
            n="a-0220"
            ecep:lem="turn"
            ecep:pos="vvb"
            ecep:reg="turn"
            ecep:spe="turn"
            ecep:syllab="1"
            ecep:pron="tɜːn">turn</w>
         <c> </c>
         <w xml:id="pba35-131920"
            n="a-0230"
            ecep:lem="your"
            ecep:pos="po22"
            ecep:reg="your"
            ecep:spe="your"
            ecep:syllab="1"
            ecep:pron="jɔː">your</w>
         <c> </c>
         <w xml:id="pba35-131930"
            n="a-0240"
            ecep:lem="thought"
            ecep:pos="n2"
            ecep:reg="Thoughts"
            ecep:spe="Thoughts"
            ecep:syllab="1"
            ecep:pron="θɔːts">Thoughts</w>
         <c> </c>
         <w xml:id="pba35-131940"
            n="a-0250"
            ecep:lem="so"
            ecep:pos="av"
            ecep:reg="so"
            ecep:spe="so"
            ecep:syllab="1"
            ecep:pron="səʊ">so</w>
         <c> </c>
         <w xml:id="pba35-131950"
            n="a-0260"
            ecep:lem="much"
            ecep:pos="av-d"
            ecep:reg="much"
            ecep:spe="much"
            ecep:syllab="1"
            ecep:pron="mʌtʃ">much</w>
         <c> </c>
         <w xml:id="pba35-131960"
            n="a-0270"
            ecep:lem="to"
            ecep:pos="p-acp"
            ecep:reg="to"
            ecep:spe="to"
            ecep:syllab="1"
            ecep:pron="tuː">to</w>
         <c> </c>
         <w xml:id="pba35-131970"
            n="a-0280"
            ecep:lem="rhyme"
            ecep:pos="n1"
            ecep:reg="Rhyme"
            ecep:spe="Rhyme"
            ecep:syllab="1"
            ecep:pron="raɪm">Rhyme</w>
         <pc xml:id="pba35-131980"
             n="a-0290"
             ecep:lem=","
             ecep:pos=","
             ecep:reg=","
             ecep:spe=",">,</pc>
      </l>
      <l n="3" xml:id="pba35-l06655">
         <c> </c>
         <w xml:id="pba35-131990"
            n="a-0300"
            ecep:lem="be"
            ecep:pos="vbb"
            ecep:reg="Be"
            ecep:spe="Be"
            ecep:syllab="1"
            ecep:pron="biː">Be</w>
         <c> </c>
         <w xml:id="pba35-132000"
            n="a-0310"
            ecep:lem="wise"
            ecep:pos="j"
            ecep:reg="wise"
            ecep:spe="wise"
            ecep:syllab="1"
            ecep:pron="waɪz">wise</w>
         <c> </c>
         <pc xml:id="pba35-132010"
             n="a-0320"
             ecep:lem="—"
             ecep:pos="—"
             ecep:reg="—"
             ecep:spe="—">—</pc>
         <c> </c>
         <w xml:id="pba35-132020"
            n="a-0330"
            ecep:lem="your"
            ecep:pos="po22"
            ecep:reg="your"
            ecep:spe="your"
            ecep:syllab="1"
            ecep:pron="jɔː">your</w>
         <c> </c>
         <w xml:id="pba35-132030"
            n="a-0340"
            ecep:lem="useless"
            ecep:pos="j"
            ecep:reg="useless"
            ecep:spe="useless"
            ecep:syllab="2"
            ecep:pron="ˈjuːslɪs">useless</w>
         <c> </c>
         <w xml:id="pba35-132040"
            n="a-0350"
            ecep:lem="view"
            ecep:pos="n2"
            ecep:reg="Views"
            ecep:spe="Views"
            ecep:syllab="1"
            ecep:pron="vjuːz">Views</w>
         <c> </c>
         <w xml:id="pba35-132050"
            n="a-0360"
            ecep:lem="resign"
            ecep:pos="vvb"
            ecep:reg="resign"
            ecep:spe="resign"
            ecep:syllab="2"
            ecep:pron="rɪˈzaɪn">resign</w>
         <pc xml:id="pba35-132060"
             n="a-0370"
             ecep:lem=","
             ecep:pos=","
             ecep:reg=","
             ecep:spe=",">,</pc>
      </l>
      <l n="4" xml:id="pba35-l06660">
         <c> </c>
         <w xml:id="pba35-132070"
            n="a-0380"
            ecep:lem="and"
            ecep:pos="cc"
            ecep:reg="And"
            ecep:spe="And"
            ecep:syllab="1"
            ecep:pron="ænd">And</w>
         <c> </c>
         <w xml:id="pba35-132080"
            n="a-0390"
            ecep:lem="fly"
            ecep:pos="vvi"
            ecep:reg="fly"
            ecep:spe="fly"
            ecep:syllab="1"
            ecep:pron="flaɪ">fly</w>
         <c> </c>
         <w xml:id="pba35-132090"
            n="a-0400"
            ecep:lem="the"
            ecep:pos="dt"
            ecep:reg="the"
            ecep:spe="the"
            ecep:syllab="1"
            ecep:pron="ðə">the</w>
         <c> </c>
         <w xml:id="pba35-132100"
            n="a-0410"
            ecep:lem="fair"
            ecep:pos="j"
            ecep:reg="fair"
            ecep:spe="fair"
            ecep:syllab="1"
            ecep:pron="feə">fair</w>
         <pc xml:id="pba35-132110"
             n="a-0420"
             ecep:lem=","
             ecep:pos=","
             ecep:reg=","
             ecep:spe=",">,</pc>
         <c> </c>
         <w xml:id="pba35-132120"
            n="a-0430"
            ecep:lem="delusive"
            ecep:pos="j"
            ecep:reg="delusive"
            ecep:spe="delusive"
            ecep:syllab="3"
            ecep:pron="dɪˈluːsɪv">delusive</w>
         <c> </c>
         <hi>
            <w xml:id="pba35-132130"
               n="a-0440"
               ecep:lem="nine"
               ecep:pos="crd"
               ecep:reg="Nine"
               ecep:spe="Nine"
               ecep:syllab="1"
               ecep:pron="naɪn">Nine</w>
            <pc xml:id="pba35-132140"
                n="a-0450"
                unit="sentence"
                ecep:lem="."
                ecep:pos="."
                ecep:reg="."
                ecep:spe=".">.</pc>
            <c> </c>
         </hi>
      </l>
   </lg>
   <lg xml:id="pba35-s00805">
      <l n="5" xml:id="pba35-l06665">
         <hi rendition="#sc">
            <w xml:id="pba35-132170"
               n="a-0460"
               ecep:lem="i"
               ecep:pos="pns11"
               ecep:reg="I"
               ecep:spe="I"
               ecep:syllab="1"
               ecep:pron="aɪ">I</w>
            <c> </c>
            <w xml:id="pba35-132180"
               n="a-0470"
               ecep:lem="know"
               ecep:pos="vvb"
               ecep:reg="know"
               ecep:spe="know"
               ecep:syllab="1"
               ecep:pron="nəʊ">know</w>
         </hi>
         <pc xml:id="pba35-132190"
             n="a-0480"
             ecep:lem=","
             ecep:pos=","
             ecep:reg=","
             ecep:spe=",">,</pc>
         <c> </c>
         <w xml:id="pba35-132200"
            n="a-0490"
            ecep:lem="they"
            ecep:pos="pns32"
            ecep:reg="they"
            ecep:spe="they"
            ecep:syllab="1"
            ecep:pron="ðeɪ">they</w>
         <c> </c>
         <w xml:id="pba35-132210"
            n="a-0500"
            ecep:lem="try"
            ecep:pos="vvb"
            ecep:reg="try"
            ecep:spe="try"
            ecep:syllab="1"
            ecep:pron="traɪ">try</w>
         <c> </c>
         <w xml:id="pba35-132220"
            n="a-0510"
            ecep:lem="their"
            ecep:pos="po32"
            ecep:reg="their"
            ecep:spe="their"
            ecep:syllab="1"
            ecep:pron="ðeə">their</w>
         <c> </c>
         <w xml:id="pba35-132230"
            n="a-0520"
            ecep:lem="wonted"
            ecep:pos="j"
            ecep:reg="wonted"
            ecep:spe="wonted"
            ecep:syllab="2"
            ecep:pron="ˈwəʊntɪd">wonted</w>
         <c> </c>
         <w xml:id="pba35-132240"
            n="a-0530"
            ecep:lem="art"
            ecep:pos="n1"
            ecep:reg="Art"
            ecep:spe="Art"
            ecep:syllab="1"
            ecep:pron="ɑːt">Art</w>
         <pc xml:id="pba35-132250"
             n="a-0540"
             ecep:lem=","
             ecep:pos=","
             ecep:reg=","
             ecep:spe=",">,</pc>
      </l>
      <l n="6" xml:id="pba35-l06670">
         <c> </c>
         <w xml:id="pba35-132260"
            n="a-0550"
            ecep:lem="to"
            ecep:pos="pc-acp"
            ecep:reg="To"
            ecep:spe="To"
            ecep:syllab="1"
            ecep:pron="tuː">To</w>
         <c> </c>
         <w xml:id="pba35-132270"
            n="a-0560"
            ecep:lem="win"
            ecep:pos="vvi"
            ecep:reg="win"
            ecep:spe="win"
            ecep:syllab="1"
            ecep:pron="wɪn">win</w>
         <c> </c>
         <w xml:id="pba35-132280"
            n="a-0570"
            ecep:lem="your"
            ecep:pos="po22"
            ecep:reg="your"
            ecep:spe="your"
            ecep:syllab="1"
            ecep:pron="jɔː">your</w>
         <c> </c>
         <w xml:id="pba35-132290"
            n="a-0580"
            ecep:lem="easy"
            ecep:pos="j"
            ecep:reg="easy"
            ecep:spe="easy"
            ecep:syllab="2"
            ecep:pron="ˈiːzɪ">easy</w>
         <pc xml:id="pba35-132300"
             n="a-0590"
             ecep:lem=","
             ecep:pos=","
             ecep:reg=","
             ecep:spe=",">,</pc>
         <c> </c>
         <w xml:id="pba35-132310"
            n="a-0600"
            ecep:lem="youthful"
            ecep:pos="j"
            ecep:reg="youthful"
            ecep:spe="youthful"
            ecep:syllab="2"
            ecep:pron="ˈjuːθfʊl">youthful</w>
         <c> </c>
         <w xml:id="pba35-132320"
            n="a-0610"
            ecep:lem="heart"
            ecep:pos="n1"
            ecep:reg="Heart"
            ecep:spe="Heart"
            ecep:syllab="1"
            ecep:pron="hɑːt">Heart</w>
         <pc xml:id="pba35-132330"
             n="a-0620"
             ecep:lem=";"
             ecep:pos=";"
             ecep:reg=";"
             ecep:spe=";">;</pc>
      </l>
      <l n="7" xml:id="pba35-l06675">
         <c> </c>
         <w xml:id="pba35-132340"
            n="a-0630"
            ecep:lem="they"
            ecep:pos="pns32"
            ecep:reg="They"
            ecep:spe="They"
            ecep:syllab="1"
            ecep:pron="ðeɪ">They</w>
         <c> </c>
         <w xml:id="pba35-132350"
            n="a-0640"
            ecep:lem="talk"
            ecep:pos="vvb"
            ecep:reg="talk"
            ecep:spe="talk"
            ecep:syllab="1"
            ecep:pron="tɔːk">talk</w>
         <c> </c>
         <w xml:id="pba35-132360"
            n="a-0650"
            ecep:lem="of"
            ecep:pos="pp-f"
            ecep:reg="of"
            ecep:spe="of"
            ecep:syllab="1"
            ecep:pron="ɒv">of</w>
         <c> </c>
         <w xml:id="pba35-132370"
            n="a-0660"
            ecep:lem="a"
            ecep:pos="dt"
            ecep:reg="an"
            ecep:spe="an"
            ecep:syllab="1"
            ecep:pron="æn">an</w>
         <c> </c>
         <w xml:id="pba35-132380"
            n="a-0670"
            ecep:lem="immortal"
            ecep:pos="j"
            ecep:reg="immortal"
            ecep:spe="immortal"
            ecep:syllab="3"
            ecep:pron="ɪˈmɔːtl">immortal</w>
         <c> </c>
         <w xml:id="pba35-132390"
            n="a-0680"
            ecep:lem="name"
            ecep:pos="n1"
            ecep:reg="Name"
            ecep:spe="Name"
            ecep:syllab="1"
            ecep:pron="neɪm">Name</w>
         <pc xml:id="pba35-132400"
             n="a-0690"
             ecep:lem=","
             ecep:pos=","
             ecep:reg=","
             ecep:spe=",">,</pc>
      </l>
      <l n="8" xml:id="pba35-l06680">
         <c> </c>
         <w xml:id="pba35-132410"
            n="a-0700"
            ecep:lem="and"
            ecep:pos="cc"
            ecep:reg="And"
            ecep:spe="And"
            ecep:syllab="1"
            ecep:pron="ænd">And</w>
         <c> </c>
         <w xml:id="pba35-132420"
            n="a-0710"
            ecep:lem="promise"
            ecep:pos="vvb"
            ecep:reg="promise"
            ecep:spe="promise"
            ecep:syllab="2"
            ecep:pron="ˈprɒmɪs">promise</w>
         <c> </c>
         <w xml:id="pba35-132430"
            n="a-0720"
            ecep:lem="you"
            ecep:pos="pn22"
            ecep:reg="you"
            ecep:spe="you"
            ecep:syllab="1"
            ecep:pron="juː">you</w>
         <c> </c>
         <w xml:id="pba35-132440"
            n="a-0730"
            ecep:lem="the"
            ecep:pos="dt"
            ecep:reg="the"
            ecep:spe="the"
            ecep:syllab="1"
            ecep:pron="ðə">the</w>
         <c> </c>
         <w xml:id="pba35-132450"
            n="a-0740"
            ecep:lem="realm"
            ecep:pos="n2"
            ecep:reg="Realms"
            ecep:spe="Realms"
            ecep:syllab="1"
            ecep:pron="relmz">Realms</w>
         <c> </c>
         <w xml:id="pba35-132460"
            n="a-0750"
            ecep:lem="of"
            ecep:pos="pp-f"
            ecep:reg="of"
            ecep:spe="of"
            ecep:syllab="1"
            ecep:pron="ɒv">of</w>
         <c> </c>
         <w xml:id="pba35-132470"
            n="a-0760"
            ecep:lem="fame"
            ecep:pos="n1"
            ecep:reg="Fame"
            ecep:spe="Fame"
            ecep:syllab="1"
            ecep:pron="feɪm">Fame</w>
         <pc xml:id="pba35-132480"
             n="a-0770"
             ecep:lem=":"
             ecep:pos=":"
             ecep:reg=":"
             ecep:spe=":">:</pc>
      </l>
      <l n="9" xml:id="pba35-l06685">
         <c> </c>
         <w xml:id="pba35-132490"
            n="a-0780"
            ecep:lem="a"
            ecep:pos="dt"
            ecep:reg="A"
            ecep:spe="A"
            ecep:syllab="1"
            ecep:pron="ə">A</w>
         <c> </c>
         <w xml:id="pba35-132500"
            n="a-0790"
            ecep:lem="mighty"
            ecep:pos="j"
            ecep:reg="mighty"
            ecep:spe="mighty"
            ecep:syllab="2"
            ecep:pron="ˈmaɪtɪ">mighty</w>
         <c> </c>
         <w xml:id="pba35-132510"
            n="a-0800"
            ecep:lem="empire"
            ecep:pos="n1"
            ecep:reg="Empire"
            ecep:spe="Empire"
            ecep:syllab="3"
            ecep:pron="ˈempaɪə">Empire</w>
         <pc xml:id="pba35-132520"
             n="a-0810"
             ecep:lem=","
             ecep:pos=","
             ecep:reg=","
             ecep:spe=",">,</pc>
         <c> </c>
         <hi>
            <w xml:id="pba35-132530"
               n="a-0820"
               ecep:lem="Con."
               ecep:pos="np1"
               ecep:reg="Con."
               ecep:spe="Con."
               ecep:syllab="1"
               ecep:pron="kˈɒn">Con.</w>
         </hi>
         <c> </c>
         <w xml:id="pba35-132540"
            n="a-0830"
            ecep:lem="it|be"
            ecep:pos="pn31|vbz"
            ecep:reg="it's"
            ecep:spe="'tis"
            ecep:syllab="1"
            ecep:pron="tɪz">'tis</w>
         <c> </c>
         <w xml:id="pba35-132550"
            n="a-0840"
            ecep:lem="true"
            ecep:pos="j"
            ecep:reg="true"
            ecep:spe="true"
            ecep:syllab="1"
            ecep:pron="truː">true</w>
         <pc xml:id="pba35-132560"
             n="a-0850"
             ecep:lem=","
             ecep:pos=","
             ecep:reg=","
             ecep:spe=",">,</pc>
      </l>
      <l n="10" xml:id="pba35-l06690">
         <c> </c>
         <w xml:id="pba35-132570"
            n="a-0860"
            ecep:lem="but"
            ecep:pos="cc-acp"
            ecep:reg="But"
            ecep:spe="But"
            ecep:syllab="1"
            ecep:pron="bʌt">But</w>
         <c> </c>
         <w xml:id="pba35-132580"
            n="a-0870"
            ecep:lem="wondrous"
            ecep:pos="j"
            ecep:reg="wondrous"
            ecep:spe="wondrous"
            ecep:syllab="2"
            ecep:pron="ˈwʌndrəs">wondrous</w>
         <c> </c>
         <w xml:id="pba35-132590"
            n="a-0880"
            ecep:lem="small"
            ecep:pos="j"
            ecep:reg="small"
            ecep:spe="small"
            ecep:syllab="1"
            ecep:pron="smɔːl">small</w>
         <c> </c>
         <w xml:id="pba35-132600"
            n="a-0890"
            ecep:lem="the"
            ecep:pos="dt"
            ecep:reg="the"
            ecep:spe="the"
            ecep:syllab="1"
            ecep:pron="ðə">the</w>
         <c> </c>
         <w xml:id="pba35-132610"
            n="a-0900"
            ecep:lem="revenue"
            ecep:pos="n1"
            ecep:reg="Revenue"
            ecep:spe="Revenue"
            ecep:syllab="3"
            ecep:pron="ˈrevɪˌnjuː">Revenue</w>
         <pc xml:id="pba35-132620"
             n="a-0910"
             unit="sentence"
             ecep:lem="!"
             ecep:pos="!"
             ecep:reg="!"
             ecep:spe="!">!</pc>
         <c> </c>
      </l>
      <pb n="106" rend="none"/>
   </lg>
   <lg xml:id="pba35-s00810">
      <l n="11" xml:id="pba35-l06695">
         <hi rendition="#sc">
            <w xml:id="pba35-132650"
               n="a-0010"
               ecep:lem="they|will"
               ecep:pos="pns32|vmb"
               ecep:reg="They'll"
               ecep:spe="They'll"
               ecep:syllab="1"
               ecep:pron="ðeɪl">They'll</w>
         </hi>
         <c> </c>
         <w xml:id="pba35-132660"
            n="a-0020"
            ecep:lem="tell"
            ecep:pos="vvi"
            ecep:reg="tell"
            ecep:spe="tell"
            ecep:syllab="1"
            ecep:pron="tel">tell</w>
         <c> </c>
         <w xml:id="pba35-132670"
            n="a-0030"
            ecep:lem="you"
            ecep:pos="pn22"
            ecep:reg="you"
            ecep:spe="you"
            ecep:syllab="1"
            ecep:pron="juː">you</w>
         <c> </c>
         <w xml:id="pba35-132680"
            n="a-0040"
            ecep:lem="too"
            ecep:pos="av"
            ecep:reg="too"
            ecep:spe="too"
            ecep:syllab="1"
            ecep:pron="tuː">too</w>
         <pc xml:id="pba35-132690"
             n="a-0050"
             ecep:lem=","
             ecep:pos=","
             ecep:reg=","
             ecep:spe=",">,</pc>
         <c> </c>
         <w xml:id="pba35-132700"
            n="a-0060"
            ecep:lem="to"
            ecep:pos="pc-acp"
            ecep:reg="to"
            ecep:spe="to"
            ecep:syllab="1"
            ecep:pron="tuː">to</w>
         <c> </c>
         <w xml:id="pba35-132710"
            n="a-0070"
            ecep:lem="gain"
            ecep:pos="vvi"
            ecep:reg="gain"
            ecep:spe="gain"
            ecep:syllab="1"
            ecep:pron="geɪn">gain</w>
         <c> </c>
         <w xml:id="pba35-132720"
            n="a-0080"
            ecep:lem="their"
            ecep:pos="po32"
            ecep:reg="their"
            ecep:spe="their"
            ecep:syllab="1"
            ecep:pron="ðeə">their</w>
         <c> </c>
         <w xml:id="pba35-132730"
            n="a-0090"
            ecep:lem="end"
            ecep:pos="n2"
            ecep:reg="Ends"
            ecep:spe="Ends"
            ecep:syllab="1"
            ecep:pron="endz">Ends</w>
         <pc xml:id="pba35-132740"
             n="a-0100"
             ecep:lem=","
             ecep:pos=","
             ecep:reg=","
             ecep:spe=",">,</pc>
      </l>
      <l n="12" xml:id="pba35-l06700">
         <c> </c>
         <w xml:id="pba35-132750"
            n="a-0110"
            ecep:lem="that"
            ecep:pos="cst"
            ecep:reg="That"
            ecep:spe="That"
            ecep:syllab="1"
            ecep:pron="ðæt">That</w>
         <c> </c>
         <w xml:id="pba35-132760"
            n="a-0120"
            ecep:lem="verse"
            ecep:pos="n1"
            ecep:reg="Verse"
            ecep:spe="Verse"
            ecep:syllab="1"
            ecep:pron="vɜːs">Verse</w>
         <c> </c>
         <w xml:id="pba35-132770"
            n="a-0130"
            ecep:lem="will"
            ecep:pos="vmb"
            ecep:reg="will"
            ecep:spe="will"
            ecep:syllab="1"
            ecep:pron="wɪl">will</w>
         <c> </c>
         <w xml:id="pba35-132780"
            n="a-0140"
            ecep:lem="raise"
            ecep:pos="vvi"
            ecep:reg="raise"
            ecep:spe="raise"
            ecep:syllab="1"
            ecep:pron="reɪz">raise</w>
         <c> </c>
         <w xml:id="pba35-132790"
            n="a-0150"
            ecep:lem="you"
            ecep:pos="pn22"
            ecep:reg="you"
            ecep:spe="you"
            ecep:syllab="1"
            ecep:pron="juː">you</w>
         <c> </c>
         <w xml:id="pba35-132800"
            n="a-0160"
            ecep:lem="powerful"
            ecep:pos="j"
            ecep:reg="powerful"
            ecep:spe="pow'rful"
            ecep:syllab="2"
            ecep:pron="ˈpaʊəfʊl">pow'rful</w>
         <c> </c>
         <w xml:id="pba35-132810"
            n="a-0170"
            ecep:lem="friend"
            ecep:pos="n2"
            ecep:reg="Friends"
            ecep:spe="Friends"
            ecep:syllab="1"
            ecep:pron="frendz">Friends</w>
         <pc xml:id="pba35-132820"
             n="a-0180"
             unit="sentence"
             ecep:lem="."
             ecep:pos="."
             ecep:reg="."
             ecep:spe=".">.</pc>
         <c> </c>
      </l>
      <l n="13" xml:id="pba35-l06705">
         <w xml:id="pba35-132830"
            n="a-0190"
            ecep:lem="believe"
            ecep:pos="vvb"
            ecep:reg="Believe"
            ecep:spe="Believe"
            ecep:syllab="2"
            ecep:pron="bɪˈliːv">Believe</w>
         <c> </c>
         <w xml:id="pba35-132840"
            n="a-0200"
            ecep:lem="i"
            ecep:pos="pno11"
            ecep:reg="me"
            ecep:spe="me"
            ecep:syllab="1"
            ecep:pron="miː">me</w>
         <pc xml:id="pba35-132850"
             n="a-0210"
             ecep:lem=","
             ecep:pos=","
             ecep:reg=","
             ecep:spe=",">,</pc>
         <c> </c>
         <w xml:id="pba35-132860"
            n="a-0220"
            ecep:lem="youth"
            ecep:pos="n1"
            ecep:reg="Youth"
            ecep:spe="Youth"
            ecep:syllab="1"
            ecep:pron="juːθ">Youth</w>
         <pc xml:id="pba35-132870"
             n="a-0230"
             ecep:lem=","
             ecep:pos=","
             ecep:reg=","
             ecep:spe=",">,</pc>
         <c> </c>
         <w xml:id="pba35-132880"
            n="a-0240"
            ecep:lem="this"
            ecep:pos="d"
            ecep:reg="this"
            ecep:spe="this"
            ecep:syllab="1"
            ecep:pron="ðɪs">this</w>
         <c> </c>
         <w xml:id="pba35-132890"
            n="a-0250"
            ecep:lem="be"
            ecep:pos="vbz"
            ecep:reg="is"
            ecep:spe="is"
            ecep:syllab="1"
            ecep:pron="ɪz">is</w>
         <c> </c>
         <w xml:id="pba35-132900"
            n="a-0260"
            ecep:lem="not"
            ecep:pos="xx"
            ecep:reg="not"
            ecep:spe="not"
            ecep:syllab="1"
            ecep:pron="nɒt">not</w>
         <c> </c>
         <w xml:id="pba35-132910"
            n="a-0270"
            ecep:lem="true"
            ecep:pos="j"
            ecep:reg="true"
            ecep:spe="true"
            ecep:syllab="1"
            ecep:pron="truː">true</w>
         <pc xml:id="pba35-132920"
             n="a-0280"
             ecep:lem=":"
             ecep:pos=":"
             ecep:reg=":"
             ecep:spe=":">:</pc>
      </l>
      <l n="14" xml:id="pba35-l06710">
         <c> </c>
         <w xml:id="pba35-132930"
            n="a-0290"
            ecep:lem="the"
            ecep:pos="dt"
            ecep:reg="The"
            ecep:spe="The"
            ecep:syllab="1"
            ecep:pron="ðə">The</w>
         <c> </c>
         <hi>
            <w xml:id="pba35-132940"
               n="a-0300"
               ecep:lem="great"
               ecep:pos="j"
               ecep:reg="Great"
               ecep:spe="Great"
               ecep:syllab="1"
               ecep:pron="greɪt">Great</w>
         </hi>
         <c> </c>
         <w xml:id="pba35-132950"
            n="a-0310"
            ecep:lem="think"
            ecep:pos="vvb"
            ecep:reg="think"
            ecep:spe="think"
            ecep:syllab="1"
            ecep:pron="θɪŋk">think</w>
         <c> </c>
         <w xml:id="pba35-132960"
            n="a-0320"
            ecep:lem="every"
            ecep:pos="d"
            ecep:reg="every"
            ecep:spe="ev'ry"
            ecep:syllab="2"
            ecep:pron="ˈevri">ev'ry</w>
         <c> </c>
         <w xml:id="pba35-132970"
            n="a-0330"
            ecep:lem="thing"
            ecep:pos="n1"
            ecep:reg="Thing"
            ecep:spe="Thing"
            ecep:syllab="1"
            ecep:pron="θɪŋ">Thing</w>
         <c> </c>
         <w xml:id="pba35-132980"
            n="a-0340"
            ecep:lem="their"
            ecep:pos="po32"
            ecep:reg="their"
            ecep:spe="their"
            ecep:syllab="1"
            ecep:pron="ðeə">their</w>
         <c> </c>
         <hi>
            <w xml:id="pba35-132990"
               n="a-0350"
               ecep:lem="due"
               ecep:pos="j-jn"
               ecep:reg="Due"
               ecep:spe="Due"
               ecep:syllab="1"
               ecep:pron="djuː">Due</w>
            <pc xml:id="pba35-133000"
                n="a-0360"
                unit="sentence"
                ecep:lem="."
                ecep:pos="."
                ecep:reg="."
                ecep:spe=".">.</pc>
            <c> </c>
         </hi>
      </l>
   </lg>
</div>
