<?xml version="1.0" encoding="UTF-8"?>
<div xmlns:ecep="http://www.eighteenthcenturypoetry.org/ns"
     xmlns="http://www.tei-c.org/ns/1.0"
     xmlns:tei="http://www.tei-c.org/ns/1.0"
     ana="#iamb #pentameter #elegy #couplet #pair"
     corresp="#txt_DayeEl1734_w0014"
     decls="#semi-normalized"
     ecep:syllab="10"
     met="-+|-+|-+|-+|-+/"
     rendition="#lgvspace"
     rhyme="aa"
     subtype="eceptext"
     type="poem"
     xml:id="bed98-w0140">
   <link target="authors.xml#aut_DayeEl1734" type="author"/>
   <head type="main">
      <w xml:id="bed98-115340"
         n="bed98/000073-a-0010"
         ecep:lem="to"
         ecep:pos="p-acp"
         ecep:reg="TO"
         ecep:spe="TO"
         ecep:syllab="1"
         ecep:pron="tuː">TO</w>
      <c> </c>
      <w xml:id="bed98-115350"
         n="bed98/000073-a-0020"
         ecep:lem="the"
         ecep:pos="dt"
         ecep:reg="THE"
         ecep:spe="THE"
         ecep:syllab="1"
         ecep:pron="ðiː">THE</w>
      <c> </c>
      <w xml:id="bed98-115360"
         n="bed98/000073-a-0030"
         ecep:lem="memory"
         ecep:pos="n1"
         ecep:reg="MEMORY"
         ecep:spe="MEMORY"
         ecep:syllab="3"
         ecep:pron="ˈmemri">MEMORY</w>
      <c> </c>
      <w xml:id="bed98-115370"
         n="bed98/000073-a-0040"
         ecep:lem="of"
         ecep:pos="pp-f"
         ecep:reg="OF"
         ecep:spe="OF"
         ecep:syllab="1"
         ecep:pron="ɒv">OF</w>
      <c> </c>
      <w xml:id="bed98-115380"
         n="bed98/000073-a-0050"
         ecep:lem="the"
         ecep:pos="dt"
         ecep:reg="THE"
         ecep:spe="THE"
         ecep:syllab="1"
         ecep:pron="ðiː">THE</w>
      <c> </c>
      <w xml:id="bed98-115390"
         n="bed98/000073-a-0060"
         ecep:lem="late"
         ecep:pos="av-j"
         ecep:reg="LATE"
         ecep:spe="LATE"
         ecep:syllab="1"
         ecep:pron="leɪt">LATE</w>
      <c> </c>
      <w xml:id="bed98-115400"
         n="bed98/000073-a-0070"
         ecep:lem="reverend"
         ecep:pos="n-jn"
         ecep:reg="REV."
         ecep:spe="REV."
         ecep:syllab="1"
         ecep:pron="rˈev">REV.</w>
      <c> </c>
      <w xml:id="bed98-115410"
         n="bed98/000073-a-0080"
         ecep:lem="c"
         ecep:pos="sy"
         ecep:reg="C"
         ecep:spe="C"
         ecep:syllab="1"
         ecep:pron="siː">C</w>
      <c> </c>
      <pc xml:id="bed98-115420"
          n="bed98/000073-a-0090"
          ecep:lem="—"
          ecep:pos="—"
          ecep:reg="—"
          ecep:spe="—">—</pc>
      <c> </c>
      <pc xml:id="bed98-115430"
          n="bed98/000073-a-0100"
          ecep:lem="—"
          ecep:pos="—"
          ecep:reg="—"
          ecep:spe="—">—</pc>
      <c> </c>
      <w xml:id="bed98-115440"
         n="bed98/000073-a-0110"
         ecep:lem="r"
         ecep:pos="sy"
         ecep:reg="R"
         ecep:spe="R"
         ecep:syllab="1"
         ecep:pron="ɑː">R</w>
      <c> </c>
      <pc xml:id="bed98-115450"
          n="bed98/000073-a-0120"
          ecep:lem="—"
          ecep:pos="—"
          ecep:reg="—"
          ecep:spe="—">—</pc>
      <c> </c>
      <pc xml:id="bed98-115460"
          n="bed98/000073-a-0130"
          ecep:lem="—"
          ecep:pos="—"
          ecep:reg="—"
          ecep:spe="—">—</pc>
      <pc xml:id="bed98-115470"
          n="bed98/000073-a-0140"
          unit="sentence"
          ecep:lem="."
          ecep:pos="."
          ecep:reg="."
          ecep:spe=".">.</pc>
   </head>
   <lg xml:id="bed98-s00390">
      <l xml:id="bed98-l05255">
         <hi rendition="#sc">
            <w xml:id="bed98-115500"
               n="bed98/000073-a-0150"
               ecep:lem="where"
               ecep:pos="c-crq"
               ecep:reg="WHERE"
               ecep:spe="WHERE"
               ecep:syllab="1"
               ecep:pron="weə">WHERE</w>
         </hi>
         <c> </c>
         <w xml:id="bed98-115510"
            n="bed98/000073-a-0160"
            ecep:lem="heavenly"
            ecep:pos="j"
            ecep:reg="heavenly"
            ecep:spe="heavenly"
            ecep:syllab="2"
            ecep:pron="ˈhevnli">heavenly</w>
         <c> </c>
         <w xml:id="bed98-115520"
            n="bed98/000073-a-0170"
            ecep:lem="precept"
            ecep:pos="n1"
            ecep:reg="precept"
            ecep:spe="precept"
            ecep:syllab="2"
            ecep:pron="ˈpriːsept">precept</w>
         <c> </c>
         <w xml:id="bed98-115530"
            n="bed98/000073-a-0180"
            ecep:lem="bright"
            ecep:pos="j"
            ecep:reg="bright"
            ecep:spe="bright"
            ecep:syllab="1"
            ecep:pron="braɪt">bright</w>
         <c> </c>
         <w xml:id="bed98-115540"
            n="bed98/000073-a-0190"
            ecep:lem="example"
            ecep:pos="n1"
            ecep:reg="example"
            ecep:spe="example"
            ecep:syllab="3"
            ecep:pron="ɪgˈzɑːmpl">example</w>
         <c> </c>
         <w xml:id="bed98-115550"
            n="bed98/000073-a-0200"
            ecep:lem="teach"
            ecep:pos="vvn"
            ecep:reg="taught"
            ecep:spe="taught"
            ecep:syllab="1"
            ecep:pron="tɔːt">taught</w>
         <pc xml:id="bed98-115560"
             n="bed98/000073-a-0210"
             ecep:lem=","
             ecep:pos=","
             ecep:reg=","
             ecep:spe=",">,</pc>
      </l>
      <l xml:id="bed98-l05260">
         <w xml:id="bed98-115570"
            n="bed98/000073-a-0220"
            ecep:lem="and"
            ecep:pos="cc"
            ecep:reg="And"
            ecep:spe="And"
            ecep:syllab="1"
            ecep:pron="ænd">And</w>
         <c> </c>
         <w xml:id="bed98-115580"
            n="bed98/000073-a-0230"
            ecep:lem="truth"
            ecep:pos="n2"
            ecep:reg="truths"
            ecep:spe="truths"
            ecep:syllab="1"
            ecep:pron="truːðz">truths</w>
         <c> </c>
         <w xml:id="bed98-115590"
            n="bed98/000073-a-0240"
            ecep:lem="divine"
            ecep:pos="j-jn"
            ecep:reg="divine"
            ecep:spe="divine"
            ecep:syllab="2"
            ecep:pron="dɪˈvaɪn">divine</w>
         <pc xml:id="bed98-115600"
             n="bed98/000073-a-0250"
             ecep:lem=","
             ecep:pos=","
             ecep:reg=","
             ecep:spe=",">,</pc>
         <c> </c>
         <w xml:id="bed98-115610"
            n="bed98/000073-a-0260"
            ecep:lem="a"
            ecep:pos="dt"
            ecep:reg="a"
            ecep:spe="a"
            ecep:syllab="1"
            ecep:pron="ə">a</w>
         <c> </c>
         <w xml:id="bed98-115620"
            n="bed98/000073-a-0270"
            ecep:lem="clear"
            ecep:pos="j"
            ecep:reg="clear"
            ecep:spe="clear"
            ecep:syllab="1"
            ecep:pron="klɪə">clear</w>
         <c> </c>
         <w xml:id="bed98-115630"
            n="bed98/000073-a-0280"
            ecep:lem="conviction"
            ecep:pos="n1"
            ecep:reg="conviction"
            ecep:spe="conviction"
            ecep:syllab="3"
            ecep:pron="kənˈvɪkʃn">conviction</w>
         <c> </c>
         <w xml:id="bed98-115640"
            n="bed98/000073-a-0290"
            ecep:lem="wrought"
            ecep:pos="vvn"
            ecep:reg="wrought"
            ecep:spe="wrought"
            ecep:syllab="1"
            ecep:pron="rɔːt">wrought</w>
         <pc xml:id="bed98-115650"
             n="bed98/000073-a-0300"
             ecep:lem=";"
             ecep:pos=";"
             ecep:reg=";"
             ecep:spe=";">;</pc>
      </l>
      <l xml:id="bed98-l05265">
         <w xml:id="bed98-115660"
            n="bed98/000073-a-0310"
            ecep:lem="aid"
            ecep:pos="vvn"
            ecep:reg="Aided"
            ecep:spe="Aided"
            ecep:syllab="2"
            ecep:pron="eɪdɪd">Aided</w>
         <c> </c>
         <w xml:id="bed98-115670"
            n="bed98/000073-a-0320"
            ecep:lem="by"
            ecep:pos="p-acp"
            ecep:reg="by"
            ecep:spe="by"
            ecep:syllab="1"
            ecep:pron="baɪ">by</w>
         <c> </c>
         <w xml:id="bed98-115680"
            n="bed98/000073-a-0330"
            ecep:lem="that"
            ecep:pos="d"
            ecep:reg="that"
            ecep:spe="that"
            ecep:syllab="1"
            ecep:pron="ðæt">that</w>
         <c> </c>
         <w xml:id="bed98-115690"
            n="bed98/000073-a-0340"
            ecep:lem="persuasive"
            ecep:pos="j"
            ecep:reg="persuasive"
            ecep:spe="persuasive"
            ecep:syllab="3"
            ecep:pron="pəˈsweɪsɪv">persuasive</w>
         <c> </c>
         <w xml:id="bed98-115700"
            n="bed98/000073-a-0350"
            ecep:lem="eloquence"
            ecep:pos="n1"
            ecep:reg="eloquence"
            ecep:spe="eloquence"
            ecep:syllab="3"
            ecep:pron="ˈeləkwəns">eloquence</w>
         <pc xml:id="bed98-115710"
             n="bed98/000073-a-0360"
             ecep:lem=","
             ecep:pos=","
             ecep:reg=","
             ecep:spe=",">,</pc>
      </l>
      <l xml:id="bed98-l05270">
         <w xml:id="bed98-115720"
            n="bed98/000073-a-0370"
            ecep:lem="the"
            ecep:pos="dt"
            ecep:reg="The"
            ecep:spe="The"
            ecep:syllab="1"
            ecep:pron="ðiː">The</w>
         <c> </c>
         <w xml:id="bed98-115730"
            n="bed98/000073-a-0380"
            ecep:lem="charm"
            ecep:pos="n1"
            ecep:reg="charm"
            ecep:spe="charm"
            ecep:syllab="1"
            ecep:pron="tʃɑːm">charm</w>
         <c> </c>
         <w xml:id="bed98-115740"
            n="bed98/000073-a-0390"
            ecep:lem="of"
            ecep:pos="pp-f"
            ecep:reg="of"
            ecep:spe="of"
            ecep:syllab="1"
            ecep:pron="ɒv">of</w>
         <c> </c>
         <w xml:id="bed98-115750"
            n="bed98/000073-a-0400"
            ecep:lem="language"
            ecep:pos="n1"
            ecep:reg="language"
            ecep:spe="language"
            ecep:syllab="2"
            ecep:pron="ˈlæŋgwɪdʒ">language</w>
         <pc xml:id="bed98-115760"
             n="bed98/000073-a-0410"
             ecep:lem=","
             ecep:pos=","
             ecep:reg=","
             ecep:spe=",">,</pc>
         <c> </c>
         <w xml:id="bed98-115770"
            n="bed98/000073-a-0420"
            ecep:lem="and"
            ecep:pos="cc"
            ecep:reg="and"
            ecep:spe="and"
            ecep:syllab="1"
            ecep:pron="ænd">and</w>
         <c> </c>
         <w xml:id="bed98-115780"
            n="bed98/000073-a-0430"
            ecep:lem="the"
            ecep:pos="dt"
            ecep:reg="the"
            ecep:spe="the"
            ecep:syllab="1"
            ecep:pron="ðiː">the</w>
         <c> </c>
         <w xml:id="bed98-115790"
            n="bed98/000073-a-0440"
            ecep:lem="force"
            ecep:pos="n1"
            ecep:reg="force"
            ecep:spe="force"
            ecep:syllab="1"
            ecep:pron="fɔːs">force</w>
         <c> </c>
         <w xml:id="bed98-115800"
            n="bed98/000073-a-0450"
            ecep:lem="of"
            ecep:pos="pp-f"
            ecep:reg="of"
            ecep:spe="of"
            ecep:syllab="1"
            ecep:pron="ɒv">of</w>
         <c> </c>
         <w xml:id="bed98-115810"
            n="bed98/000073-a-0460"
            ecep:lem="sense"
            ecep:pos="n1"
            ecep:reg="sense"
            ecep:spe="sense"
            ecep:syllab="1"
            ecep:pron="sens">sense</w>
         <pc xml:id="bed98-115820"
             n="bed98/000073-a-0470"
             unit="sentence"
             ecep:lem="."
             ecep:pos="."
             ecep:reg="."
             ecep:spe=".">.</pc>
      </l>
      <l xml:id="bed98-l05275">
         <w xml:id="bed98-115830"
            n="bed98/000073-a-0480"
            ecep:lem="when"
            ecep:pos="c-crq"
            ecep:reg="When"
            ecep:spe="When"
            ecep:syllab="1"
            ecep:pron="wen">When</w>
         <c> </c>
         <w xml:id="bed98-115840"
            n="bed98/000073-a-0490"
            ecep:lem="death"
            ecep:pos="n1"
            ecep:reg="death"
            ecep:spe="death"
            ecep:syllab="1"
            ecep:pron="deθ">death</w>
         <c> </c>
         <w xml:id="bed98-115850"
            n="bed98/000073-a-0500"
            ecep:lem="have"
            ecep:pos="vhz"
            ecep:reg="has"
            ecep:spe="has"
            ecep:syllab="1"
            ecep:pron="hæz">has</w>
         <c> </c>
         <w xml:id="bed98-115860"
            n="bed98/000073-a-0510"
            ecep:lem="silence"
            ecep:pos="vvn"
            ecep:reg="silenced"
            ecep:spe="silenc'd"
            ecep:syllab="2"
            ecep:pron="ˈsaɪlənst">silenc'd</w>
         <c> </c>
         <w xml:id="bed98-115870"
            n="bed98/000073-a-0520"
            ecep:lem="that"
            ecep:pos="d"
            ecep:reg="that"
            ecep:spe="that"
            ecep:syllab="1"
            ecep:pron="ðæt">that</w>
         <c> </c>
         <w xml:id="bed98-115880"
            n="bed98/000073-a-0530"
            ecep:lem="instructive"
            ecep:pos="j"
            ecep:reg="instructive"
            ecep:spe="instructive"
            ecep:syllab="3"
            ecep:pron="ɪnˈstrʌktɪv">instructive</w>
         <c> </c>
         <w xml:id="bed98-115890"
            n="bed98/000073-a-0540"
            ecep:lem="speech"
            ecep:pos="n1"
            ecep:reg="speech"
            ecep:spe="speech"
            ecep:syllab="1"
            ecep:pron="spiːtʃ">speech</w>
         <pc xml:id="bed98-115900"
             n="bed98/000073-a-0550"
             ecep:lem=","
             ecep:pos=","
             ecep:reg=","
             ecep:spe=",">,</pc>
      </l>
      <l xml:id="bed98-l05280">
         <w xml:id="bed98-115910"
            n="bed98/000073-a-0560"
            ecep:lem="nor"
            ecep:pos="ccx"
            ecep:reg="Nor"
            ecep:spe="Nor"
            ecep:syllab="1"
            ecep:pron="nɔː">Nor</w>
         <c> </c>
         <w xml:id="bed98-115920"
            n="bed98/000073-a-0570"
            ecep:lem="more"
            ecep:pos="av-dc"
            ecep:reg="more"
            ecep:spe="more"
            ecep:syllab="1"
            ecep:pron="mɔː">more</w>
         <c> </c>
         <w xml:id="bed98-115930"
            n="bed98/000073-a-0580"
            ecep:lem="that"
            ecep:pos="cst"
            ecep:reg="that"
            ecep:spe="that"
            ecep:syllab="1"
            ecep:pron="ðæt">that</w>
         <c> </c>
         <w xml:id="bed98-115940"
            n="bed98/000073-a-0590"
            ecep:lem="tongue"
            ecep:pos="n1"
            ecep:reg="tongue"
            ecep:spe="tongue"
            ecep:syllab="1"
            ecep:pron="tʌŋ">tongue</w>
         <c> </c>
         <w xml:id="bed98-115950"
            n="bed98/000073-a-0600"
            ecep:lem="important"
            ecep:pos="j"
            ecep:reg="important"
            ecep:spe="important"
            ecep:syllab="3"
            ecep:pron="ɪmˈpɔːtnt">important</w>
         <c> </c>
         <w xml:id="bed98-115960"
            n="bed98/000073-a-0610"
            ecep:lem="truth"
            ecep:pos="n2"
            ecep:reg="truths"
            ecep:spe="truths"
            ecep:syllab="1"
            ecep:pron="truːðz">truths</w>
         <c> </c>
         <w xml:id="bed98-115970"
            n="bed98/000073-a-0620"
            ecep:lem="shall"
            ecep:pos="vmb"
            ecep:reg="shall"
            ecep:spe="shall"
            ecep:syllab="1"
            ecep:pron="ʃæl">shall</w>
         <c> </c>
         <w xml:id="bed98-115980"
            n="bed98/000073-a-0630"
            ecep:lem="teach"
            ecep:pos="vvi"
            ecep:reg="teach"
            ecep:spe="teach"
            ecep:syllab="1"
            ecep:pron="tiːtʃ">teach</w>
         <pc xml:id="bed98-115990"
             n="bed98/000073-a-0640"
             ecep:lem=";"
             ecep:pos=";"
             ecep:reg=";"
             ecep:spe=";">;</pc>
      </l>
      <l xml:id="bed98-l05285">
         <w xml:id="bed98-116000"
            n="bed98/000073-a-0650"
            ecep:lem="while"
            ecep:pos="cs"
            ecep:reg="While"
            ecep:spe="While"
            ecep:syllab="1"
            ecep:pron="ˈwaɪl">While</w>
         <c> </c>
         <w xml:id="bed98-116010"
            n="bed98/000073-a-0660"
            ecep:lem="memory"
            ecep:pos="ng1"
            ecep:reg="memory's"
            ecep:spe="memory's"
            ecep:syllab="3"
            ecep:pron="ˈmeməriz">memory's</w>
         <c> </c>
         <w xml:id="bed98-116020"
            n="bed98/000073-a-0670"
            ecep:lem="darling"
            ecep:pos="j-jn"
            ecep:reg="darling"
            ecep:spe="darling"
            ecep:syllab="2"
            ecep:pron="ˈdɑːlɪŋ">darling</w>
         <c> </c>
         <w xml:id="bed98-116030"
            n="bed98/000073-a-0680"
            ecep:lem="record"
            ecep:pos="n2"
            ecep:reg="records"
            ecep:spe="records"
            ecep:syllab="2"
            ecep:pron="ˈrekɔːdz">records</w>
         <c> </c>
         <w xml:id="bed98-116040"
            n="bed98/000073-a-0690"
            ecep:lem="she"
            ecep:pos="pns31"
            ecep:reg="she"
            ecep:spe="she"
            ecep:syllab="1"
            ecep:pron="ʃiː">she</w>
         <c> </c>
         <w xml:id="bed98-116050"
            n="bed98/000073-a-0700"
            ecep:lem="can"
            ecep:pos="vmb"
            ecep:reg="can"
            ecep:spe="can"
            ecep:syllab="1"
            ecep:pron="kæn">can</w>
         <c> </c>
         <w xml:id="bed98-116060"
            n="bed98/000073-a-0710"
            ecep:lem="trace"
            ecep:pos="vvi"
            ecep:reg="trace"
            ecep:spe="trace"
            ecep:syllab="1"
            ecep:pron="treɪs">trace</w>
         <pc xml:id="bed98-116070"
             n="bed98/000073-a-0720"
             ecep:lem=","
             ecep:pos=","
             ecep:reg=","
             ecep:spe=",">,</pc>
      </l>
      <l xml:id="bed98-l05290">
         <w xml:id="bed98-116080"
            n="bed98/000073-a-0730"
            ecep:lem="in"
            ecep:pos="p-acp"
            ecep:reg="In"
            ecep:spe="In"
            ecep:syllab="1"
            ecep:pron="ɪn">In</w>
         <c> </c>
         <w xml:id="bed98-116090"
            n="bed98/000073-a-0740"
            ecep:lem="character"
            ecep:pos="n2"
            ecep:reg="characters"
            ecep:spe="characters"
            ecep:syllab="3"
            ecep:pron="ˈkærəktəz">characters</w>
         <c> </c>
         <w xml:id="bed98-116100"
            n="bed98/000073-a-0750"
            ecep:lem="no"
            ecep:pos="dx"
            ecep:reg="no"
            ecep:spe="no"
            ecep:syllab="1"
            ecep:pron="nəʊ">no</w>
         <c> </c>
         <w xml:id="bed98-116110"
            n="bed98/000073-a-0760"
            ecep:lem="time"
            ecep:pos="n1"
            ecep:reg="time"
            ecep:spe="time"
            ecep:syllab="1"
            ecep:pron="taɪm">time</w>
         <c> </c>
         <w xml:id="bed98-116120"
            n="bed98/000073-a-0770"
            ecep:lem="or"
            ecep:pos="cc"
            ecep:reg="or"
            ecep:spe="or"
            ecep:syllab="1"
            ecep:pron="ɔː">or</w>
         <c> </c>
         <w xml:id="bed98-116130"
            n="bed98/000073-a-0780"
            ecep:lem="change"
            ecep:pos="n1"
            ecep:reg="change"
            ecep:spe="change"
            ecep:syllab="1"
            ecep:pron="tʃeɪndʒ">change</w>
         <c> </c>
         <w xml:id="bed98-116140"
            n="bed98/000073-a-0790"
            ecep:lem="erase"
            ecep:pos="vvb"
            ecep:reg="erase"
            ecep:spe="erase"
            ecep:syllab="2"
            ecep:pron="ɪˈreɪz">erase</w>
         <pc xml:id="bed98-116150"
             n="bed98/000073-a-0800"
             unit="sentence"
             ecep:lem="."
             ecep:pos="."
             ecep:reg="."
             ecep:spe=".">.</pc>
      </l>
      <l xml:id="bed98-l05295">
         <w xml:id="bed98-116160"
            n="bed98/000073-a-0810"
            ecep:lem="the"
            ecep:pos="dt"
            ecep:reg="The"
            ecep:spe="The"
            ecep:syllab="1"
            ecep:pron="ðiː">The</w>
         <c> </c>
         <w xml:id="bed98-116170"
            n="bed98/000073-a-0820"
            ecep:lem="muse"
            ecep:pos="n1"
            ecep:reg="muse"
            ecep:spe="muse"
            ecep:syllab="1"
            ecep:pron="mjuːz">muse</w>
         <c> </c>
         <w xml:id="bed98-116180"
            n="bed98/000073-a-0830"
            ecep:lem="her"
            ecep:pos="po31"
            ecep:reg="her"
            ecep:spe="her"
            ecep:syllab="1"
            ecep:pron="hɜː">her</w>
         <c> </c>
         <w xml:id="bed98-116190"
            n="bed98/000073-a-0840"
            ecep:lem="mournful"
            ecep:pos="j"
            ecep:reg="mournful"
            ecep:spe="mournful"
            ecep:syllab="2"
            ecep:pron="ˈmɔːnfl">mournful</w>
         <c> </c>
         <w xml:id="bed98-116200"
            n="bed98/000073-a-0850"
            ecep:lem="tribute"
            ecep:pos="n1"
            ecep:reg="tribute"
            ecep:spe="tribute"
            ecep:syllab="2"
            ecep:pron="ˈtrɪbjuːt">tribute</w>
         <c> </c>
         <w xml:id="bed98-116210"
            n="bed98/000073-a-0860"
            ecep:lem="humble"
            ecep:pos="av-j"
            ecep:reg="humbly"
            ecep:spe="humbly"
            ecep:syllab="2"
            ecep:pron="ˈhʌmbli">humbly</w>
         <c> </c>
         <w xml:id="bed98-116220"
            n="bed98/000073-a-0870"
            ecep:lem="pay"
            ecep:pos="vvz"
            ecep:reg="pays"
            ecep:spe="pays"
            ecep:syllab="1"
            ecep:pron="peɪz">pays</w>
         <pc xml:id="bed98-116230"
             n="bed98/000073-a-0880"
             ecep:lem=","
             ecep:pos=","
             ecep:reg=","
             ecep:spe=",">,</pc>
      </l>
      <l xml:id="bed98-l05300">
         <w xml:id="bed98-116240"
            n="bed98/000073-a-0890"
            ecep:lem="for"
            ecep:pos="c-acp"
            ecep:reg="For"
            ecep:spe="For"
            ecep:syllab="1"
            ecep:pron="fɔː">For</w>
         <c> </c>
         <w xml:id="bed98-116250"
            n="bed98/000073-a-0900"
            ecep:lem="ever"
            ecep:pos="av"
            ecep:reg="ever"
            ecep:spe="ever"
            ecep:syllab="2"
            ecep:pron="ˈevə">ever</w>
         <c> </c>
         <w xml:id="bed98-116260"
            n="bed98/000073-a-0910"
            ecep:lem="true"
            ecep:pos="j"
            ecep:reg="true"
            ecep:spe="true"
            ecep:syllab="1"
            ecep:pron="truː">true</w>
         <c> </c>
         <w xml:id="bed98-116270"
            n="bed98/000073-a-0920"
            ecep:lem="to"
            ecep:pos="p-acp"
            ecep:reg="to"
            ecep:spe="to"
            ecep:syllab="1"
            ecep:pron="tuː">to</w>
         <c> </c>
         <w xml:id="bed98-116280"
            n="bed98/000073-a-0930"
            ecep:lem="friend"
            ecep:pos="n2"
            ecep:reg="friends"
            ecep:spe="friends"
            ecep:syllab="1"
            ecep:pron="frendz">friends</w>
         <c> </c>
         <w xml:id="bed98-116290"
            n="bed98/000073-a-0940"
            ecep:lem="of"
            ecep:pos="pp-f"
            ecep:reg="of"
            ecep:spe="of"
            ecep:syllab="1"
            ecep:pron="ɒv">of</w>
         <c> </c>
         <w xml:id="bed98-116300"
            n="bed98/000073-a-0950"
            ecep:lem="former"
            ecep:pos="j"
            ecep:reg="former"
            ecep:spe="former"
            ecep:syllab="2"
            ecep:pron="ˈfɔːmə">former</w>
         <c> </c>
         <w xml:id="bed98-116310"
            n="bed98/000073-a-0960"
            ecep:lem="day"
            ecep:pos="n2"
            ecep:reg="days"
            ecep:spe="days"
            ecep:syllab="1"
            ecep:pron="deɪz">days</w>
         <pc xml:id="bed98-116320"
             n="bed98/000073-a-0970"
             ecep:lem=":"
             ecep:pos=":"
             ecep:reg=":"
             ecep:spe=":">:</pc>
      </l>
      <l xml:id="bed98-l05305">
         <w xml:id="bed98-116330"
            n="bed98/000073-a-0980"
            ecep:lem="return"
            ecep:pos="vvg"
            ecep:reg="Returning"
            ecep:spe="Returning"
            ecep:syllab="3"
            ecep:pron="rɪˈtɜːnɪŋ">Returning</w>
         <c> </c>
         <w xml:id="bed98-116340"
            n="bed98/000073-a-0990"
            ecep:lem="health"
            ecep:pos="n1"
            ecep:reg="health"
            ecep:spe="health"
            ecep:syllab="1"
            ecep:pron="helθ">health</w>
         <c> </c>
         <w xml:id="bed98-116350"
            n="bed98/000073-a-1000"
            ecep:lem="seem"
            ecep:pos="vvd"
            ecep:reg="seemed"
            ecep:spe="seem'd"
            ecep:syllab="1"
            ecep:pron="ˈsiːmd">seem'd</w>
         <c> </c>
         <w xml:id="bed98-116360"
            n="bed98/000073-a-1010"
            ecep:lem="light"
            ecep:pos="vvg"
            ecep:reg="lighting"
            ecep:spe="lighting"
            ecep:syllab="2"
            ecep:pron="laɪtɪŋ">lighting</w>
         <c> </c>
         <w xml:id="bed98-116370"
            n="bed98/000073-a-1020"
            ecep:lem="up"
            ecep:pos="a-acp"
            ecep:reg="up"
            ecep:spe="up"
            ecep:syllab="1"
            ecep:pron="ʌp">up</w>
         <c> </c>
         <w xml:id="bed98-116380"
            n="bed98/000073-a-1030"
            ecep:lem="his"
            ecep:pos="po31"
            ecep:reg="his"
            ecep:spe="his"
            ecep:syllab="1"
            ecep:pron="hɪz">his</w>
         <c> </c>
         <w xml:id="bed98-116390"
            n="bed98/000073-a-1040"
            ecep:lem="eye"
            ecep:pos="n1"
            ecep:reg="eye"
            ecep:spe="eye"
            ecep:syllab="1"
            ecep:pron="aɪ">eye</w>
         <pc xml:id="bed98-116400"
             n="bed98/000073-a-1050"
             ecep:lem=","
             ecep:pos=","
             ecep:reg=","
             ecep:spe=",">,</pc>
      </l>
      <l xml:id="bed98-l05310">
         <w xml:id="bed98-116410"
            n="bed98/000073-a-1060"
            ecep:lem="and"
            ecep:pos="cc"
            ecep:reg="And"
            ecep:spe="And"
            ecep:syllab="1"
            ecep:pron="ænd">And</w>
         <c> </c>
         <w xml:id="bed98-116420"
            n="bed98/000073-a-1070"
            ecep:lem="raise"
            ecep:pos="vvd"
            ecep:reg="raised"
            ecep:spe="rais'd"
            ecep:syllab="1"
            ecep:pron="reɪzd">rais'd</w>
         <c> </c>
         <w xml:id="bed98-116430"
            n="bed98/000073-a-1080"
            ecep:lem="his"
            ecep:pos="po31"
            ecep:reg="his"
            ecep:spe="his"
            ecep:syllab="1"
            ecep:pron="hɪz">his</w>
         <c> </c>
         <w xml:id="bed98-116440"
            n="bed98/000073-a-1090"
            ecep:lem="droop"
            ecep:pos="j-vvg"
            ecep:reg="drooping"
            ecep:spe="drooping"
            ecep:syllab="2"
            ecep:pron="druːpɪŋ">drooping</w>
         <c> </c>
         <w xml:id="bed98-116450"
            n="bed98/000073-a-1100"
            ecep:lem="friend"
            ecep:pos="n2"
            ecep:reg="friends"
            ecep:spe="friends"
            ecep:syllab="1"
            ecep:pron="frendz">friends</w>
         <c> </c>
         <w xml:id="bed98-116460"
            n="bed98/000073-a-1110"
            ecep:lem="to"
            ecep:pos="p-acp"
            ecep:reg="to"
            ecep:spe="to"
            ecep:syllab="1"
            ecep:pron="tuː">to</w>
         <c> </c>
         <w xml:id="bed98-116470"
            n="bed98/000073-a-1120"
            ecep:lem="transient"
            ecep:pos="j"
            ecep:reg="transient"
            ecep:spe="transient"
            ecep:syllab="2"
            ecep:pron="ˈtrænziənt">transient</w>
         <c> </c>
         <w xml:id="bed98-116480"
            n="bed98/000073-a-1130"
            ecep:lem="joy"
            ecep:pos="n1"
            ecep:reg="joy"
            ecep:spe="joy"
            ecep:syllab="1"
            ecep:pron="dʒɔɪ">joy</w>
         <pc xml:id="bed98-116490"
             n="bed98/000073-a-1140"
             ecep:lem=";"
             ecep:pos=";"
             ecep:reg=";"
             ecep:spe=";">;</pc>
      </l>
      <l xml:id="bed98-l05315">
         <w xml:id="bed98-116500"
            n="bed98/000073-a-1150"
            ecep:lem="when"
            ecep:pos="c-crq"
            ecep:reg="When"
            ecep:spe="When"
            ecep:syllab="1"
            ecep:pron="wen">When</w>
         <pc xml:id="bed98-116510"
             n="bed98/000073-a-1160"
             ecep:lem=","
             ecep:pos=","
             ecep:reg=","
             ecep:spe=",">,</pc>
         <c> </c>
         <w xml:id="bed98-116520"
            n="bed98/000073-a-1170"
            ecep:lem="in"
            ecep:pos="p-acp"
            ecep:reg="in"
            ecep:spe="in"
            ecep:syllab="1"
            ecep:pron="ɪn">in</w>
         <c> </c>
         <w xml:id="bed98-116530"
            n="bed98/000073-a-1180"
            ecep:lem="behalf"
            ecep:pos="n1"
            ecep:reg="behalf"
            ecep:spe="behalf"
            ecep:syllab="2"
            ecep:pron="bɪˈhɑːf">behalf</w>
         <c> </c>
         <w xml:id="bed98-116540"
            n="bed98/000073-a-1190"
            ecep:lem="of"
            ecep:pos="pp-f"
            ecep:reg="of"
            ecep:spe="of"
            ecep:syllab="1"
            ecep:pron="ɒv">of</w>
         <c> </c>
         <w xml:id="bed98-116550"
            n="bed98/000073-a-1200"
            ecep:lem="injure"
            ecep:pos="j-vvn"
            ecep:reg="injured"
            ecep:spe="injur'd"
            ecep:syllab="2"
            ecep:pron="ˈɪndʒəd">injur'd</w>
         <c> </c>
         <w xml:id="bed98-116560"
            n="bed98/000073-a-1210"
            ecep:lem="afric"
            ecep:pos="npg1"
            ecep:reg="Afric's"
            ecep:spe="Afric's"
            ecep:syllab="2"
            ecep:pron="ˈæfrɪkz">Afric's</w>
         <c> </c>
         <w xml:id="bed98-116570"
            n="bed98/000073-a-1220"
            ecep:lem="claim"
            ecep:pos="n1"
            ecep:reg="claim"
            ecep:spe="claim"
            ecep:syllab="1"
            ecep:pron="kleɪm">claim</w>
         <pc xml:id="bed98-116580"
             n="bed98/000073-a-1230"
             ecep:lem=","
             ecep:pos=","
             ecep:reg=","
             ecep:spe=",">,</pc>
      </l>
      <l xml:id="bed98-l05320">
         <w xml:id="bed98-116590"
            n="bed98/000073-a-1240"
            ecep:lem="to"
            ecep:pos="p-acp"
            ecep:reg="To"
            ecep:spe="To"
            ecep:syllab="1"
            ecep:pron="tuː">To</w>
         <c> </c>
         <w xml:id="bed98-116600"
            n="bed98/000073-a-1250"
            ecep:lem="fair"
            ecep:pos="j"
            ecep:reg="fair"
            ecep:spe="fair"
            ecep:syllab="1"
            ecep:pron="feə">fair</w>
         <c> </c>
         <w xml:id="bed98-116610"
            n="bed98/000073-a-1260"
            ecep:lem="humanity"
            ecep:pos="n1"
            ecep:reg="humanity"
            ecep:spe="humanity"
            ecep:syllab="4"
            ecep:pron="hjuːˈmænəti">humanity</w>
         <c> </c>
         <w xml:id="bed98-116620"
            n="bed98/000073-a-1270"
            ecep:lem="he"
            ecep:pos="pns31"
            ecep:reg="he"
            ecep:spe="he"
            ecep:syllab="1"
            ecep:pron="hiː">he</w>
         <c> </c>
         <w xml:id="bed98-116630"
            n="bed98/000073-a-1280"
            ecep:lem="give"
            ecep:pos="vvd"
            ecep:reg="gave"
            ecep:spe="gave"
            ecep:syllab="1"
            ecep:pron="geɪv">gave</w>
         <c> </c>
         <w xml:id="bed98-116640"
            n="bed98/000073-a-1290"
            ecep:lem="his"
            ecep:pos="po31"
            ecep:reg="his"
            ecep:spe="his"
            ecep:syllab="1"
            ecep:pron="hɪz">his</w>
         <c> </c>
         <w xml:id="bed98-116650"
            n="bed98/000073-a-1300"
            ecep:lem="name"
            ecep:pos="n1"
            ecep:reg="name"
            ecep:spe="name"
            ecep:syllab="1"
            ecep:pron="neɪm">name</w>
         <pc xml:id="bed98-116660"
             n="bed98/000073-a-1310"
             unit="sentence"
             ecep:lem="."
             ecep:pos="."
             ecep:reg="."
             ecep:spe=".">.</pc>
      </l>
      <l xml:id="bed98-l05325">
         <pc xml:id="bed98-116670"
             n="bed98/000073-a-1320"
             ecep:lem="'"
             ecep:pos="'"
             ecep:reg="'"
             ecep:spe="'">'</pc>
         <w xml:id="bed98-116680"
            n="bed98/000073-a-1330"
            ecep:lem="if"
            ecep:pos="cs"
            ecep:reg="If"
            ecep:spe="If"
            ecep:syllab="1"
            ecep:pron="ɪf">If</w>
         <c> </c>
         <w xml:id="bed98-116690"
            n="bed98/000073-a-1340"
            ecep:lem="this"
            ecep:pos="d"
            ecep:reg="this"
            ecep:spe="this"
            ecep:syllab="1"
            ecep:pron="ðɪs">this</w>
         <pc xml:id="bed98-116700"
             n="bed98/000073-a-1350"
             ecep:lem=","
             ecep:pos=","
             ecep:reg=","
             ecep:spe=",">,</pc>
         <c> </c>
         <w xml:id="bed98-116710"
            n="bed98/000073-a-1360"
            ecep:lem="the"
            ecep:pos="dt"
            ecep:reg="the"
            ecep:spe="the"
            ecep:syllab="1"
            ecep:pron="ðiː">the</w>
         <c> </c>
         <w xml:id="bed98-116720"
            n="bed98/000073-a-1370"
            ecep:lem="late"
            ecep:pos="js"
            ecep:reg="latest"
            ecep:spe="latest"
            ecep:syllab="2"
            ecep:pron="leɪtɪst">latest</w>
         <c> </c>
         <w xml:id="bed98-116730"
            n="bed98/000073-a-1380"
            ecep:lem="act"
            ecep:pos="n1"
            ecep:reg="act"
            ecep:spe="act"
            ecep:syllab="1"
            ecep:pron="ækt">act</w>
         <c> </c>
         <w xml:id="bed98-116740"
            n="bed98/000073-a-1390"
            ecep:lem="from"
            ecep:pos="p-acp"
            ecep:reg="from"
            ecep:spe="from"
            ecep:syllab="1"
            ecep:pron="frɒm">from</w>
         <c> </c>
         <w xml:id="bed98-116750"
            n="bed98/000073-a-1400"
            ecep:lem="i"
            ecep:pos="pno11"
            ecep:reg="me"
            ecep:spe="me"
            ecep:syllab="1"
            ecep:pron="miː">me</w>
         <c> </c>
         <w xml:id="bed98-116760"
            n="bed98/000073-a-1410"
            ecep:lem="require"
            ecep:pos="vvn"
            ecep:reg="required"
            ecep:spe="requir'd"
            ecep:syllab="2"
            ecep:pron="rɪˈkwæəd">requir'd</w>
         <pc xml:id="bed98-116770"
             n="bed98/000073-a-1420"
             ecep:lem=","
             ecep:pos=","
             ecep:reg=","
             ecep:spe=",">,</pc>
      </l>
      <l xml:id="bed98-l05330">
         <pc xml:id="bed98-116780"
             n="bed98/000073-a-1430"
             ecep:lem="'"
             ecep:pos="'"
             ecep:reg="'"
             ecep:spe="'">'</pc>
         <w xml:id="bed98-116790"
            n="bed98/000073-a-1440"
            ecep:lem="the"
            ecep:pos="dt"
            ecep:reg="The"
            ecep:spe="The"
            ecep:syllab="1"
            ecep:pron="ðiː">The</w>
         <c> </c>
         <w xml:id="bed98-116800"
            n="bed98/000073-a-1450"
            ecep:lem="last"
            ecep:pos="n1"
            ecep:reg="last"
            ecep:spe="last"
            ecep:syllab="1"
            ecep:pron="lɑːst">last</w>
         <c> </c>
         <w xml:id="bed98-116810"
            n="bed98/000073-a-1460"
            ecep:lem="be"
            ecep:pos="vbz"
            ecep:reg="is"
            ecep:spe="is"
            ecep:syllab="1"
            ecep:pron="ɪz">is</w>
         <c> </c>
         <w xml:id="bed98-116820"
            n="bed98/000073-a-1470"
            ecep:lem="good"
            ecep:pos="j"
            ecep:reg="good"
            ecep:spe="good"
            ecep:syllab="1"
            ecep:pron="gʊd">good</w>
         <pc xml:id="bed98-116830"
             n="bed98/000073-a-1480"
             ecep:lem=","
             ecep:pos=","
             ecep:reg=","
             ecep:spe=",">,</pc>
         <c> </c>
         <pc xml:id="bed98-116840"
             n="bed98/000073-a-1490"
             ecep:lem="'"
             ecep:pos="'"
             ecep:reg="'"
             ecep:spe="'">'</pc>
         <w xml:id="bed98-116850"
            n="bed98/000073-a-1500"
            ecep:lem="he"
            ecep:pos="pns31"
            ecep:reg="he"
            ecep:spe="he"
            ecep:syllab="1"
            ecep:pron="hiː">he</w>
         <c> </c>
         <w xml:id="bed98-116860"
            n="bed98/000073-a-1510"
            ecep:lem="say"
            ecep:pos="vvd"
            ecep:reg="said"
            ecep:spe="said"
            ecep:syllab="1"
            ecep:pron="sed">said</w>
         <pc xml:id="bed98-116870"
             n="bed98/000073-a-1520"
             ecep:lem=","
             ecep:pos=","
             ecep:reg=","
             ecep:spe=",">,</pc>
         <c> </c>
         <w xml:id="bed98-116880"
            n="bed98/000073-a-1530"
            ecep:lem="and"
            ecep:pos="cc"
            ecep:reg="and"
            ecep:spe="and"
            ecep:syllab="1"
            ecep:pron="ænd">and</w>
         <c> </c>
         <pc xml:id="bed98-116890"
             n="bed98/000073-a-1540"
             ecep:lem="—"
             ecep:pos="—"
             ecep:reg="—"
             ecep:spe="—">—</pc>
         <c> </c>
         <w xml:id="bed98-116900"
            n="bed98/000073-a-1550"
            ecep:lem="he"
            ecep:pos="pns31"
            ecep:reg="he"
            ecep:spe="he"
            ecep:syllab="1"
            ecep:pron="hiː">he</w>
         <c> </c>
         <w xml:id="bed98-116910"
            n="bed98/000073-a-1560"
            ecep:lem="expire"
            ecep:pos="vvd"
            ecep:reg="expired"
            ecep:spe="expir'd"
            ecep:syllab="2"
            ecep:pron="ɪkˈspæəd">expir'd</w>
         <pc xml:id="bed98-116920"
             n="bed98/000073-a-1570"
             unit="sentence"
             ecep:lem="."
             ecep:pos="."
             ecep:reg="."
             ecep:spe=".">.</pc>
      </l>
      <l xml:id="bed98-l05335">
         <w xml:id="bed98-116930"
            n="bed98/000073-a-1580"
            ecep:lem="so"
            ecep:pos="av"
            ecep:reg="So"
            ecep:spe="So"
            ecep:syllab="1"
            ecep:pron="səʊ">So</w>
         <c> </c>
         <w xml:id="bed98-116940"
            n="bed98/000073-a-1590"
            ecep:lem="set"
            ecep:pos="vvd"
            ecep:reg="set"
            ecep:spe="set"
            ecep:syllab="1"
            ecep:pron="set">set</w>
         <c> </c>
         <w xml:id="bed98-116950"
            n="bed98/000073-a-1600"
            ecep:lem="the"
            ecep:pos="dt"
            ecep:reg="the"
            ecep:spe="the"
            ecep:syllab="1"
            ecep:pron="ðiː">the</w>
         <c> </c>
         <w xml:id="bed98-116960"
            n="bed98/000073-a-1610"
            ecep:lem="christian"
            ecep:pos="jp"
            ecep:reg="Christian"
            ecep:spe="Christian"
            ecep:syllab="2"
            ecep:pron="ˈkrɪstiən">Christian</w>
         <pc xml:id="bed98-116970"
             n="bed98/000073-a-1620"
             ecep:lem=","
             ecep:pos=","
             ecep:reg=","
             ecep:spe=",">,</pc>
         <c> </c>
         <w xml:id="bed98-116980"
            n="bed98/000073-a-1630"
            ecep:lem="so"
            ecep:pos="av"
            ecep:reg="so"
            ecep:spe="so"
            ecep:syllab="1"
            ecep:pron="səʊ">so</w>
         <c> </c>
         <w xml:id="bed98-116990"
            n="bed98/000073-a-1640"
            ecep:lem="his"
            ecep:pos="po31"
            ecep:reg="his"
            ecep:spe="his"
            ecep:syllab="1"
            ecep:pron="hɪz">his</w>
         <c> </c>
         <w xml:id="bed98-117000"
            n="bed98/000073-a-1650"
            ecep:lem="glory"
            ecep:pos="n2"
            ecep:reg="glories"
            ecep:spe="glories"
            ecep:syllab="2"
            ecep:pron="ˈglɔːriz">glories</w>
         <c> </c>
         <w xml:id="bed98-117010"
            n="bed98/000073-a-1660"
            ecep:lem="rise"
            ecep:pos="vvi"
            ecep:reg="rise"
            ecep:spe="rise"
            ecep:syllab="1"
            ecep:pron="raɪz">rise</w>
         <pc xml:id="bed98-117020"
             n="bed98/000073-a-1670"
             ecep:lem=","
             ecep:pos=","
             ecep:reg=","
             ecep:spe=",">,</pc>
      </l>
      <l xml:id="bed98-l05340">
         <w xml:id="bed98-117030"
            n="bed98/000073-a-1680"
            ecep:lem="as"
            ecep:pos="c-acp"
            ecep:reg="As"
            ecep:spe="As"
            ecep:syllab="1"
            ecep:pron="æz">As</w>
         <c> </c>
         <w xml:id="bed98-117040"
            n="bed98/000073-a-1690"
            ecep:lem="summer"
            ecep:pos="n2"
            ecep:reg="summers"
            ecep:spe="summers"
            ecep:syllab="2"
            ecep:pron="ˈsʌməz">summers</w>
         <c> </c>
         <w xml:id="bed98-117050"
            n="bed98/000073-a-1700"
            ecep:lem="sun"
            ecep:pos="n2"
            ecep:reg="suns"
            ecep:spe="suns"
            ecep:syllab="1"
            ecep:pron="sʌnz">suns</w>
         <c> </c>
         <w xml:id="bed98-117060"
            n="bed98/000073-a-1710"
            ecep:lem="descend"
            ecep:pos="vvb"
            ecep:reg="descend"
            ecep:spe="descend"
            ecep:syllab="2"
            ecep:pron="dɪˈsend">descend</w>
         <c> </c>
         <w xml:id="bed98-117070"
            n="bed98/000073-a-1720"
            ecep:lem="in"
            ecep:pos="p-acp"
            ecep:reg="in"
            ecep:spe="in"
            ecep:syllab="1"
            ecep:pron="ɪn">in</w>
         <c> </c>
         <w xml:id="bed98-117080"
            n="bed98/000073-a-1730"
            ecep:lem="azure"
            ecep:pos="j-jn"
            ecep:reg="azure"
            ecep:spe="azure"
            ecep:syllab="2"
            ecep:pron="ˈæzjʊə">azure</w>
         <c> </c>
         <w xml:id="bed98-117090"
            n="bed98/000073-a-1740"
            ecep:lem="sky"
            ecep:pos="n2"
            ecep:reg="skies"
            ecep:spe="skies"
            ecep:syllab="1"
            ecep:pron="skaɪz">skies</w>
         <pc xml:id="bed98-117100"
             n="bed98/000073-a-1750"
             unit="sentence"
             ecep:lem="."
             ecep:pos="."
             ecep:reg="."
             ecep:spe=".">.</pc>
      </l>
   </lg>
</div>
