<?xml version="1.0" encoding="UTF-8"?>
<div xmlns:ecep="http://www.eighteenthcenturypoetry.org/ns"
     xmlns="http://www.tei-c.org/ns/1.0"
     xmlns:tei="http://www.tei-c.org/ns/1.0"
     ana="#iamb #pentameter #couplet #heroiccouplet #pair"
     corresp="#txt_EgerSa1668_w0036"
     decls="#semi-normalized"
     ecep:syllab="10"
     met="-+|-+|-+|-+|-+/"
     rendition="#lgindent"
     rhyme="aa"
     subtype="eceptext"
     type="poem"
     xml:id="pse03-w0360">
   <link target="authors.xml#aut_EgerSa1668" type="author"/>
   <head type="main">
      <w xml:id="pse03-129970"
         n="a-0280"
         ecep:lem="on"
         ecep:pos="p-acp"
         ecep:reg="On"
         ecep:spe="On"
         ecep:syllab="1"
         ecep:pron="ɒn">On</w>
      <c> </c>
      <w xml:id="pse03-129980"
         n="a-0290"
         ecep:lem="my"
         ecep:pos="po11"
         ecep:reg="my"
         ecep:spe="my"
         ecep:syllab="1"
         ecep:pron="maɪ">my</w>
      <c> </c>
      <w xml:id="pse03-129990"
         n="a-0300"
         ecep:lem="leave"
         ecep:pos="vvg"
         ecep:reg="leaving"
         ecep:spe="leaving"
         ecep:syllab="2"
         ecep:pron="liːvɪŋ">leaving</w>
      <c> </c>
      <hi>
         <w xml:id="pse03-130000"
            n="a-0310"
            ecep:lem="s—y"
            ecep:pos="n1"
            ecep:reg="S—y"
            ecep:spe="S—y"
            ecep:syllab="1"
            ecep:pron="ˈeswˈaɪ">S—y</w>
         <pc unit="sentence"
             xml:id="pse03-130020-eos"
             n="a-0340"
             ecep:lem="."
             ecep:pos="."
             ecep:reg="."
             ecep:spe=".">.</pc>
      </hi>
   </head>
   <lg xml:id="pse03-s00295">
      <l n="1" xml:id="pse03-l07085">
         <hi rendition="#sc">
            <hi>
               <w xml:id="pse03-130050"
                  n="a-0350"
                  ecep:lem="S—y"
                  ecep:pos="np1"
                  ecep:reg="S—y"
                  ecep:spe="S—y"
                  ecep:syllab="1"
                  ecep:pron="ˈeswˈaɪ">S—y</w>
            </hi>
         </hi>
         <c> </c>
         <w xml:id="pse03-130080"
            n="a-0380"
            ecep:lem="thou"
            ecep:pos="pns21"
            ecep:reg="thou"
            ecep:spe="thou"
            ecep:syllab="1"
            ecep:pron="θaʊ">thou</w>
         <c> </c>
         <w xml:id="pse03-130090"
            n="a-0390"
            ecep:lem="dear"
            ecep:pos="js-jn"
            ecep:reg="dearest"
            ecep:spe="dearest"
            ecep:syllab="2"
            ecep:pron="dɪəɪst">dearest</w>
         <c> </c>
         <w xml:id="pse03-130100"
            n="a-0400"
            ecep:lem="soft"
            ecep:pos="j"
            ecep:reg="soft"
            ecep:spe="soft"
            ecep:syllab="1"
            ecep:pron="sɒft">soft</w>
         <c> </c>
         <w xml:id="pse03-130110"
            n="a-0410"
            ecep:lem="retreat"
            ecep:pos="n1"
            ecep:reg="Retreat"
            ecep:spe="Retreat"
            ecep:syllab="2"
            ecep:pron="rɪˈtriːt">Retreat</w>
         <c> </c>
         <w xml:id="pse03-130120"
            n="a-0420"
            ecep:lem="adieu"
            ecep:pos="n1"
            ecep:reg="adieu"
            ecep:spe="adieu"
            ecep:syllab="2"
            ecep:pron="əˈdjuː">adieu</w>
      </l>
      <l n="2" xml:id="pse03-l07090">
         <c> </c>
         <w xml:id="pse03-130130"
            n="a-0430"
            ecep:lem="methink"
            ecep:pos="vvb"
            ecep:reg="Methink"
            ecep:spe="Methink"
            ecep:syllab="2"
            ecep:pron="mˈeθɪŋk">Methink</w>
         <c> </c>
         <w xml:id="pse03-130140"
            n="a-0440"
            ecep:lem="i"
            ecep:pos="pns11"
            ecep:reg="I"
            ecep:spe="I"
            ecep:syllab="1"
            ecep:pron="aɪ">I</w>
         <c> </c>
         <w xml:id="pse03-130150"
            n="a-0450"
            ecep:lem="tremble"
            ecep:pos="vvb"
            ecep:reg="tremble"
            ecep:spe="tremble"
            ecep:syllab="2"
            ecep:pron="ˈtrembl">tremble</w>
         <c> </c>
         <w xml:id="pse03-130160"
            n="a-0460"
            ecep:lem="at"
            ecep:pos="p-acp"
            ecep:reg="at"
            ecep:spe="at"
            ecep:syllab="1"
            ecep:pron="æt">at</w>
         <c> </c>
         <w xml:id="pse03-130170"
            n="a-0470"
            ecep:lem="the"
            ecep:pos="dt"
            ecep:reg="the"
            ecep:spe="the"
            ecep:syllab="1"
            ecep:pron="ðiː">the</w>
         <c> </c>
         <w xml:id="pse03-130180"
            n="a-0480"
            ecep:lem="leave"
            ecep:pos="vvg"
            ecep:reg="leaving"
            ecep:spe="leaving"
            ecep:syllab="2"
            ecep:pron="liːvɪŋ">leaving</w>
         <c> </c>
         <w xml:id="pse03-130190"
            n="a-0490"
            ecep:lem="you"
            ecep:pos="pn22"
            ecep:reg="you"
            ecep:spe="you"
            ecep:syllab="1"
            ecep:pron="juː">you</w>
         <pc xml:id="pse03-130200"
             n="a-0500"
             ecep:lem=";"
             ecep:pos=";"
             ecep:reg=";"
             ecep:spe=";">;</pc>
      </l>
      <l n="3" xml:id="pse03-l07095">
         <c> </c>
         <w xml:id="pse03-130210"
            n="a-0510"
            ecep:lem="you"
            ecep:pos="pn22"
            ecep:reg="You"
            ecep:spe="You"
            ecep:syllab="1"
            ecep:pron="juː">You</w>
         <pc xml:id="pse03-130220"
             n="a-0520"
             ecep:lem=","
             ecep:pos=","
             ecep:reg=","
             ecep:spe=",">,</pc>
         <c> </c>
         <w xml:id="pse03-130230"
            n="a-0530"
            ecep:lem="who"
            ecep:pos="r-crq"
            ecep:reg="whose"
            ecep:spe="whose"
            ecep:syllab="1"
            ecep:pron="huːz">whose</w>
         <c> </c>
         <w xml:id="pse03-130240"
            n="a-0540"
            ecep:lem="safe"
            ecep:pos="j"
            ecep:reg="safe"
            ecep:spe="safe"
            ecep:syllab="1"
            ecep:pron="seɪf">safe</w>
         <c> </c>
         <w xml:id="pse03-130250"
            n="a-0550"
            ecep:lem="harbour"
            ecep:pos="n1"
            ecep:reg="Harbour"
            ecep:spe="Harbour"
            ecep:syllab="2"
            ecep:pron="ˈhɑːbə">Harbour</w>
         <c> </c>
         <w xml:id="pse03-130260"
            n="a-0560"
            ecep:lem="kind"
            ecep:pos="av-j"
            ecep:reg="kindly"
            ecep:spe="kindly"
            ecep:syllab="2"
            ecep:pron="ˈkaɪndli">kindly</w>
         <c> </c>
         <w xml:id="pse03-130270"
            n="a-0570"
            ecep:lem="do"
            ecep:pos="vdd"
            ecep:reg="did"
            ecep:spe="did"
            ecep:syllab="1"
            ecep:pron="dɪd">did</w>
         <c> </c>
         <w xml:id="pse03-130280"
            n="a-0580"
            ecep:lem="receive"
            ecep:pos="vvi"
            ecep:reg="receive"
            ecep:spe="receive"
            ecep:syllab="2"
            ecep:pron="rɪˈsiːv">receive</w>
         <pc xml:id="pse03-130290"
             n="a-0590"
             ecep:lem=","
             ecep:pos=","
             ecep:reg=","
             ecep:spe=",">,</pc>
      </l>
      <l n="4" xml:id="pse03-l07100">
         <c> </c>
         <w xml:id="pse03-130300"
            n="a-0600"
            ecep:lem="my"
            ecep:pos="po11"
            ecep:reg="My"
            ecep:spe="My"
            ecep:syllab="1"
            ecep:pron="maɪ">My</w>
         <c> </c>
         <w xml:id="pse03-130310"
            n="a-0610"
            ecep:lem="shipwreck"
            ecep:pos="j-vvn"
            ecep:reg="Shipwrecked"
            ecep:spe="Shipwrack'd"
            ecep:syllab="2"
            ecep:pron="ʃˈɪprækd">Shipwrack'd</w>
         <c> </c>
         <w xml:id="pse03-130320"
            n="a-0620"
            ecep:lem="vessel"
            ecep:pos="n1"
            ecep:reg="Vessel"
            ecep:spe="Vessel"
            ecep:syllab="2"
            ecep:pron="ˈvesl">Vessel</w>
         <c> </c>
         <w xml:id="pse03-130330"
            n="a-0630"
            ecep:lem="and"
            ecep:pos="cc"
            ecep:reg="and"
            ecep:spe="and"
            ecep:syllab="1"
            ecep:pron="ænd">and</w>
         <c> </c>
         <w xml:id="pse03-130340"
            n="a-0640"
            ecep:lem="give"
            ecep:pos="vvd"
            ecep:reg="gave"
            ecep:spe="gave"
            ecep:syllab="1"
            ecep:pron="geɪv">gave</w>
         <c> </c>
         <w xml:id="pse03-130350"
            n="a-0650"
            ecep:lem="mean"
            ecep:pos="n2"
            ecep:reg="means"
            ecep:spe="means"
            ecep:syllab="1"
            ecep:pron="miːnz">means</w>
         <c> </c>
         <w xml:id="pse03-130360"
            n="a-0660"
            ecep:lem="to"
            ecep:pos="pc-acp"
            ecep:reg="to"
            ecep:spe="to"
            ecep:syllab="1"
            ecep:pron="tuː">to</w>
         <c> </c>
         <w xml:id="pse03-130370"
            n="a-0670"
            ecep:lem="live"
            ecep:pos="vvi"
            ecep:reg="live"
            ecep:spe="live"
            ecep:syllab="1"
            ecep:pron="lɪv">live</w>
         <pc xml:id="pse03-130380"
             n="a-0680"
             ecep:lem=":"
             ecep:pos=":"
             ecep:reg=":"
             ecep:spe=":">:</pc>
      </l>
      <l n="5" xml:id="pse03-l07105">
         <c> </c>
         <w xml:id="pse03-130390"
            n="a-0690"
            ecep:lem="with"
            ecep:pos="p-acp"
            ecep:reg="With"
            ecep:spe="With"
            ecep:syllab="1"
            ecep:pron="wɪð">With</w>
         <c> </c>
         <w xml:id="pse03-130400"
            n="a-0700"
            ecep:lem="gild"
            ecep:pos="j-vvn"
            ecep:reg="Gilded"
            ecep:spe="Gilded"
            ecep:syllab="2"
            ecep:pron="gɪldɪd">Gilded</w>
         <c> </c>
         <w xml:id="pse03-130410"
            n="a-0710"
            ecep:lem="stern"
            ecep:pos="n1"
            ecep:reg="Stern"
            ecep:spe="Stern"
            ecep:syllab="1"
            ecep:pron="stɜːn">Stern</w>
         <c> </c>
         <w xml:id="pse03-130420"
            n="a-0720"
            ecep:lem="and"
            ecep:pos="cc"
            ecep:reg="and"
            ecep:spe="and"
            ecep:syllab="1"
            ecep:pron="ænd">and</w>
         <c> </c>
         <w xml:id="pse03-130430"
            n="a-0730"
            ecep:lem="gaudy"
            ecep:pos="j"
            ecep:reg="Gaudy"
            ecep:spe="Gaudy"
            ecep:syllab="2"
            ecep:pron="ˈgɔːdi">Gaudy</w>
         <c> </c>
         <w xml:id="pse03-130440"
            n="a-0740"
            ecep:lem="sail"
            ecep:pos="n1"
            ecep:reg="Sails"
            ecep:spe="Sails"
            ecep:syllab="1"
            ecep:pron="seɪlz">Sails</w>
         <c> </c>
         <w xml:id="pse03-130450"
            n="a-0750"
            ecep:lem="i"
            ecep:pos="pns11"
            ecep:reg="I"
            ecep:spe="I"
            ecep:syllab="1"
            ecep:pron="aɪ">I</w>
         <c> </c>
         <w xml:id="pse03-130460"
            n="a-0760"
            ecep:lem="move"
            ecep:pos="vvd"
            ecep:reg="moved"
            ecep:spe="mov'd"
            ecep:syllab="1"
            ecep:pron="muːvd">mov'd</w>
         <pc xml:id="pse03-130470"
             n="a-0770"
             ecep:lem=","
             ecep:pos=","
             ecep:reg=","
             ecep:spe=",">,</pc>
      </l>
      <l n="6" xml:id="pse03-l07110">
         <c> </c>
         <w xml:id="pse03-130480"
            n="a-0780"
            ecep:lem="fraught"
            ecep:pos="vvn"
            ecep:reg="Fraught"
            ecep:spe="Fraught"
            ecep:syllab="1"
            ecep:pron="frɔːt">Fraught</w>
         <c> </c>
         <w xml:id="pse03-130490"
            n="a-0790"
            ecep:lem="with"
            ecep:pos="p-acp"
            ecep:reg="with"
            ecep:spe="with"
            ecep:syllab="1"
            ecep:pron="wɪð">with</w>
         <c> </c>
         <w xml:id="pse03-130500"
            n="a-0800"
            ecep:lem="this"
            ecep:pos="d"
            ecep:reg="this"
            ecep:spe="this"
            ecep:syllab="1"
            ecep:pron="ðɪs">this</w>
         <c> </c>
         <w xml:id="pse03-130510"
            n="a-0810"
            ecep:lem="wish"
            ecep:pos="vvb"
            ecep:reg="Wish"
            ecep:spe="Wish"
            ecep:syllab="1"
            ecep:pron="wɪʃ">Wish</w>
         <pc xml:id="pse03-130520"
             n="a-0820"
             ecep:lem=","
             ecep:pos=","
             ecep:reg=","
             ecep:spe=",">,</pc>
         <c> </c>
         <w xml:id="pse03-130530"
            n="a-0830"
            ecep:lem="be"
            ecep:pos="vbb"
            ecep:reg="be"
            ecep:spe="be"
            ecep:syllab="1"
            ecep:pron="biː">be</w>
         <c> </c>
         <w xml:id="pse03-130540"
            n="a-0840"
            ecep:lem="great"
            ecep:pos="j"
            ecep:reg="Great"
            ecep:spe="Great"
            ecep:syllab="1"
            ecep:pron="greɪt">Great</w>
         <c> </c>
         <w xml:id="pse03-130550"
            n="a-0850"
            ecep:lem="and"
            ecep:pos="cc"
            ecep:reg="and"
            ecep:spe="and"
            ecep:syllab="1"
            ecep:pron="ænd">and</w>
         <c> </c>
         <w xml:id="pse03-130560"
            n="a-0860"
            ecep:lem="be"
            ecep:pos="vbi"
            ecep:reg="be"
            ecep:spe="be"
            ecep:syllab="1"
            ecep:pron="biː">be</w>
         <c> </c>
         <w xml:id="pse03-130570"
            n="a-0870"
            ecep:lem="belove"
            ecep:pos="j-vvn"
            ecep:reg="Beloved"
            ecep:spe="Belov'd"
            ecep:syllab="2"
            ecep:pron="bɪˈlʌvd">Belov'd</w>
         <pc xml:id="pse03-130580"
             n="a-0880"
             unit="sentence"
             ecep:lem="."
             ecep:pos="."
             ecep:reg="."
             ecep:spe=".">.</pc>
         <c> </c>
      </l>
      <l n="7" xml:id="pse03-l07115">
         <w xml:id="pse03-130590"
            n="a-0890"
            ecep:lem="my"
            ecep:pos="po11"
            ecep:reg="My"
            ecep:spe="My"
            ecep:syllab="1"
            ecep:pron="maɪ">My</w>
         <c> </c>
         <w xml:id="pse03-130600"
            n="a-0900"
            ecep:lem="pageant"
            ecep:pos="n1"
            ecep:reg="Pageant"
            ecep:spe="Pageant"
            ecep:syllab="2"
            ecep:pron="ˈpædʒənt">Pageant</w>
         <c> </c>
         <w xml:id="pse03-130610"
            n="a-0910"
            ecep:lem="bark"
            ecep:pos="n1"
            ecep:reg="Bark"
            ecep:spe="Bark"
            ecep:syllab="1"
            ecep:pron="bɑːk">Bark</w>
         <c> </c>
         <w xml:id="pse03-130620"
            n="a-0920"
            ecep:lem="undaunted"
            ecep:pos="av-j"
            ecep:reg="undauntedly"
            ecep:spe="undauntedly"
            ecep:syllab="4"
            ecep:pron="ʌnˈdɔːntɪdli">undauntedly</w>
         <c> </c>
         <w xml:id="pse03-130630"
            n="a-0930"
            ecep:lem="i"
            ecep:pos="pns11"
            ecep:reg="I"
            ecep:spe="I"
            ecep:syllab="1"
            ecep:pron="aɪ">I</w>
         <c> </c>
         <w xml:id="pse03-130640"
            n="a-0940"
            ecep:lem="steer"
            ecep:pos="vvd"
            ecep:reg="steered"
            ecep:spe="steer'd"
            ecep:syllab="1"
            ecep:pron="stɪəd">steer'd</w>
         <pc xml:id="pse03-130650"
             n="a-0950"
             ecep:lem=","
             ecep:pos=","
             ecep:reg=","
             ecep:spe=",">,</pc>
      </l>
      <l n="8" xml:id="pse03-l07120">
         <c> </c>
         <w xml:id="pse03-130660"
            n="a-0960"
            ecep:lem="no"
            ecep:pos="uh-x"
            ecep:reg="No"
            ecep:spe="No"
            ecep:syllab="1"
            ecep:pron="nəʊ">No</w>
         <c> </c>
         <w xml:id="pse03-130670"
            n="a-0970"
            ecep:lem="rock"
            ecep:pos="n2"
            ecep:reg="Rocks"
            ecep:spe="Rocks"
            ecep:syllab="1"
            ecep:pron="rɒks">Rocks</w>
         <c> </c>
         <w xml:id="pse03-130680"
            n="a-0980"
            ecep:lem="nor"
            ecep:pos="ccx"
            ecep:reg="nor"
            ecep:spe="nor"
            ecep:syllab="1"
            ecep:pron="nɔː">nor</w>
         <c> </c>
         <w xml:id="pse03-130690"
            n="a-0990"
            ecep:lem="wind"
            ecep:pos="n1"
            ecep:reg="Wind"
            ecep:spe="Wind"
            ecep:syllab="1"
            ecep:pron="wɪnd">Wind</w>
         <pc xml:id="pse03-130700"
             n="a-1000"
             ecep:lem=","
             ecep:pos=","
             ecep:reg=","
             ecep:spe=",">,</pc>
         <c> </c>
         <w xml:id="pse03-130710"
            n="a-1010"
            ecep:lem="nor"
            ecep:pos="ccx"
            ecep:reg="nor"
            ecep:spe="nor"
            ecep:syllab="1"
            ecep:pron="nɔː">nor</w>
         <c> </c>
         <w xml:id="pse03-130720"
            n="a-1020"
            ecep:lem="enemy"
            ecep:pos="n2"
            ecep:reg="Enemies"
            ecep:spe="Enemies"
            ecep:syllab="3"
            ecep:pron="ˈenəmiz">Enemies</w>
         <c> </c>
         <w xml:id="pse03-130730"
            n="a-1030"
            ecep:lem="i"
            ecep:pos="pns11"
            ecep:reg="I"
            ecep:spe="I"
            ecep:syllab="1"
            ecep:pron="aɪ">I</w>
         <c> </c>
         <w xml:id="pse03-130740"
            n="a-1040"
            ecep:lem="fear"
            ecep:pos="vvd"
            ecep:reg="feared"
            ecep:spe="fear'd"
            ecep:syllab="1"
            ecep:pron="fɪəd">fear'd</w>
         <pc xml:id="pse03-130750"
             n="a-1050"
             ecep:lem=":"
             ecep:pos=":"
             ecep:reg=":"
             ecep:spe=":">:</pc>
      </l>
      <l n="9" xml:id="pse03-l07125">
         <c> </c>
         <w xml:id="pse03-130760"
            n="a-1060"
            ecep:lem="young"
            ecep:pos="j"
            ecep:reg="Young"
            ecep:spe="Young"
            ecep:syllab="1"
            ecep:pron="jʌŋ">Young</w>
         <c> </c>
         <w xml:id="pse03-130770"
            n="a-1070"
            ecep:lem="and"
            ecep:pos="cc"
            ecep:reg="and"
            ecep:spe="and"
            ecep:syllab="1"
            ecep:pron="ænd">and</w>
         <c> </c>
         <w xml:id="pse03-130780"
            n="a-1080"
            ecep:lem="unskilled"
            ecep:pos="j"
            ecep:reg="unskilled"
            ecep:spe="unskill'd"
            ecep:syllab="2"
            ecep:pron="ʌnˈskɪld">unskill'd</w>
         <c> </c>
         <w xml:id="pse03-130790"
            n="a-1090"
            ecep:lem="in"
            ecep:pos="p-acp"
            ecep:reg="in"
            ecep:spe="in"
            ecep:syllab="1"
            ecep:pron="ɪn">in</w>
         <c> </c>
         <w xml:id="pse03-130800"
            n="a-1100"
            ecep:lem="this"
            ecep:pos="d"
            ecep:reg="this"
            ecep:spe="this"
            ecep:syllab="1"
            ecep:pron="ðɪs">this</w>
         <c> </c>
         <w xml:id="pse03-130810"
            n="a-1110"
            ecep:lem="unlucky"
            ecep:pos="j"
            ecep:reg="unlucky"
            ecep:spe="unlucky"
            ecep:syllab="3"
            ecep:pron="ʌnˈlʌki">unlucky</w>
         <c> </c>
         <w xml:id="pse03-130820"
            n="a-1120"
            ecep:lem="sea"
            ecep:pos="n1"
            ecep:reg="Sea"
            ecep:spe="Sea"
            ecep:syllab="1"
            ecep:pron="siː">Sea</w>
         <pc xml:id="pse03-130830"
             n="a-1130"
             ecep:lem=","
             ecep:pos=","
             ecep:reg=","
             ecep:spe=",">,</pc>
      </l>
      <l n="10" xml:id="pse03-l07130">
         <c> </c>
         <w xml:id="pse03-130840"
            n="a-1140"
            ecep:lem="for"
            ecep:pos="p-acp"
            ecep:reg="For"
            ecep:spe="For"
            ecep:syllab="1"
            ecep:pron="fɔː">For</w>
         <c> </c>
         <w xml:id="pse03-130850"
            n="a-1150"
            ecep:lem="want"
            ecep:pos="n1"
            ecep:reg="want"
            ecep:spe="want"
            ecep:syllab="1"
            ecep:pron="wɒnt">want</w>
         <c> </c>
         <w xml:id="pse03-130860"
            n="a-1160"
            ecep:lem="of"
            ecep:pos="pp-f"
            ecep:reg="of"
            ecep:spe="of"
            ecep:syllab="1"
            ecep:pron="ɒv">of</w>
         <c> </c>
         <w xml:id="pse03-130870"
            n="a-1170"
            ecep:lem="ballast"
            ecep:pos="n1"
            ecep:reg="Ballast"
            ecep:spe="Ballast"
            ecep:syllab="2"
            ecep:pron="ˈbæləst">Ballast</w>
         <pc xml:id="pse03-130880"
             n="a-1180"
             ecep:lem=","
             ecep:pos=","
             ecep:reg=","
             ecep:spe=",">,</pc>
         <c> </c>
         <w xml:id="pse03-130890"
            n="a-1190"
            ecep:lem="storm"
            ecep:pos="n2"
            ecep:reg="Storms"
            ecep:spe="Storms"
            ecep:syllab="1"
            ecep:pron="stɔːmz">Storms</w>
         <c> </c>
         <w xml:id="pse03-130900"
            n="a-1200"
            ecep:lem="do"
            ecep:pos="vdd"
            ecep:reg="did"
            ecep:spe="did"
            ecep:syllab="1"
            ecep:pron="dɪd">did</w>
         <c> </c>
         <w xml:id="pse03-130910"
            n="a-1210"
            ecep:lem="ruin"
            ecep:pos="vvi"
            ecep:reg="ruin"
            ecep:spe="ruin"
            ecep:syllab="2"
            ecep:pron="ˈruːɪn">ruin</w>
         <c> </c>
         <w xml:id="pse03-130920"
            n="a-1220"
            ecep:lem="i"
            ecep:pos="pno11"
            ecep:reg="me"
            ecep:spe="me"
            ecep:syllab="1"
            ecep:pron="miː">me</w>
         <pc xml:id="pse03-130930"
             n="a-1230"
             unit="sentence"
             ecep:lem="."
             ecep:pos="."
             ecep:reg="."
             ecep:spe=".">.</pc>
         <c> </c>
      </l>
      <l n="11" xml:id="pse03-l07135">
         <w xml:id="pse03-130940"
            n="a-1240"
            ecep:lem="that"
            ecep:pos="cst"
            ecep:reg="That"
            ecep:spe="That"
            ecep:syllab="1"
            ecep:pron="ðæt">That</w>
         <c> </c>
         <w xml:id="pse03-130950"
            n="a-1250"
            ecep:lem="blast"
            ecep:pos="n1"
            ecep:reg="blast"
            ecep:spe="blast"
            ecep:syllab="1"
            ecep:pron="blɑːst">blast</w>
         <c> </c>
         <w xml:id="pse03-130960"
            n="a-1260"
            ecep:lem="of"
            ecep:pos="pp-f"
            ecep:reg="of"
            ecep:spe="of"
            ecep:syllab="1"
            ecep:pron="ɒv">of</w>
         <c> </c>
         <w xml:id="pse03-130970"
            n="a-1270"
            ecep:lem="hell"
            ecep:pos="n1"
            ecep:reg="Hell"
            ecep:spe="Hell"
            ecep:syllab="1"
            ecep:pron="hel">Hell</w>
         <pc xml:id="pse03-130980"
             n="a-1280"
             ecep:lem=","
             ecep:pos=","
             ecep:reg=","
             ecep:spe=",">,</pc>
         <c> </c>
         <w xml:id="pse03-130990"
            n="a-1290"
            ecep:lem="rude"
            ecep:pos="j"
            ecep:reg="rude"
            ecep:spe="rude"
            ecep:syllab="1"
            ecep:pron="ruːd">rude</w>
         <c> </c>
         <w xml:id="pse03-131000"
            n="a-1300"
            ecep:lem="spiteful"
            ecep:pos="j"
            ecep:reg="spiteful"
            ecep:spe="spiteful"
            ecep:syllab="2"
            ecep:pron="ˈspaɪtfl">spiteful</w>
         <c> </c>
         <w xml:id="pse03-131010"
            n="a-1310"
            ecep:lem="pop'le"
            ecep:pos="j"
            ecep:reg="Pop'ler"
            ecep:spe="Pop'ler"
            ecep:syllab="2"
            ecep:pron="pˈɒplə">Pop'ler</w>
         <c> </c>
         <w xml:id="pse03-131020"
            n="a-1320"
            ecep:lem="breath"
            ecep:pos="n1"
            ecep:reg="breath"
            ecep:spe="breath"
            ecep:syllab="1"
            ecep:pron="breθ">breath</w>
         <pc xml:id="pse03-131030"
             n="a-1330"
             ecep:lem=","
             ecep:pos=","
             ecep:reg=","
             ecep:spe=",">,</pc>
      </l>
      <l n="12" xml:id="pse03-l07140">
         <c> </c>
         <w xml:id="pse03-131040"
            n="a-1340"
            ecep:lem="tear"
            ecep:pos="vvd"
            ecep:reg="Tore"
            ecep:spe="Tore"
            ecep:syllab="1"
            ecep:pron="tɔː">Tore</w>
         <c> </c>
         <w xml:id="pse03-131050"
            n="a-1350"
            ecep:lem="all"
            ecep:pos="d"
            ecep:reg="all"
            ecep:spe="all"
            ecep:syllab="1"
            ecep:pron="ɔːl">all</w>
         <c> </c>
         <w xml:id="pse03-131060"
            n="a-1360"
            ecep:lem="my"
            ecep:pos="po11"
            ecep:reg="my"
            ecep:spe="my"
            ecep:syllab="1"
            ecep:pron="maɪ">my</w>
         <c> </c>
         <w xml:id="pse03-131070"
            n="a-1370"
            ecep:lem="sail"
            ecep:pos="n1"
            ecep:reg="Sails"
            ecep:spe="Sails"
            ecep:syllab="1"
            ecep:pron="seɪlz">Sails</w>
         <c> </c>
         <w xml:id="pse03-131080"
            n="a-1380"
            ecep:lem="and"
            ecep:pos="cc"
            ecep:reg="and"
            ecep:spe="and"
            ecep:syllab="1"
            ecep:pron="ænd">and</w>
         <c> </c>
         <w xml:id="pse03-131090"
            n="a-1390"
            ecep:lem="threaten"
            ecep:pos="vvd"
            ecep:reg="threatened"
            ecep:spe="threaten'd"
            ecep:syllab="2"
            ecep:pron="ˈθretnd">threaten'd</w>
         <c> </c>
         <w xml:id="pse03-131100"
            n="a-1400"
            ecep:lem="sudden"
            ecep:pos="j"
            ecep:reg="sudden"
            ecep:spe="sudden"
            ecep:syllab="2"
            ecep:pron="ˈsʌdn">sudden</w>
         <c> </c>
         <w xml:id="pse03-131110"
            n="a-1410"
            ecep:lem="death"
            ecep:pos="n1"
            ecep:reg="Death"
            ecep:spe="Death"
            ecep:syllab="1"
            ecep:pron="deθ">Death</w>
         <pc xml:id="pse03-131120"
             n="a-1420"
             ecep:lem=";"
             ecep:pos=";"
             ecep:reg=";"
             ecep:spe=";">;</pc>
      </l>
      <l n="13" xml:id="pse03-l07145">
         <c> </c>
         <w xml:id="pse03-131130"
            n="a-1430"
            ecep:lem="there"
            ecep:pos="pc-acp"
            ecep:reg="There"
            ecep:spe="There"
            ecep:syllab="1"
            ecep:pron="ðeə">There</w>
         <c> </c>
         <w xml:id="pse03-131140"
            n="a-1440"
            ecep:lem="be"
            ecep:pos="vbds"
            ecep:reg="was"
            ecep:spe="was"
            ecep:syllab="1"
            ecep:pron="wɒz">was</w>
         <c> </c>
         <w xml:id="pse03-131150"
            n="a-1450"
            ecep:lem="no"
            ecep:pos="dx"
            ecep:reg="no"
            ecep:spe="no"
            ecep:syllab="1"
            ecep:pron="nəʊ">no</w>
         <c> </c>
         <w xml:id="pse03-131160"
            n="a-1460"
            ecep:lem="cast"
            ecep:pos="vvg"
            ecep:reg="casting"
            ecep:spe="casting"
            ecep:syllab="2"
            ecep:pron="ˈkɑːstɪŋ">casting</w>
         <c> </c>
         <w xml:id="pse03-131170"
            n="a-1470"
            ecep:lem="anchor"
            ecep:pos="n1"
            ecep:reg="Anchor"
            ecep:spe="Anchor"
            ecep:syllab="2"
            ecep:pron="ˈæŋkə">Anchor</w>
         <c> </c>
         <w xml:id="pse03-131180"
            n="a-1480"
            ecep:lem="in"
            ecep:pos="p-acp"
            ecep:reg="in"
            ecep:spe="in"
            ecep:syllab="1"
            ecep:pron="ɪn">in</w>
         <c> </c>
         <w xml:id="pse03-131190"
            n="a-1490"
            ecep:lem="this"
            ecep:pos="d"
            ecep:reg="this"
            ecep:spe="this"
            ecep:syllab="1"
            ecep:pron="ðɪs">this</w>
         <c> </c>
         <w xml:id="pse03-131200"
            n="a-1500"
            ecep:lem="storm"
            ecep:pos="n1"
            ecep:reg="Storm"
            ecep:spe="Storm"
            ecep:syllab="1"
            ecep:pron="stɔːm">Storm</w>
         <pc xml:id="pse03-131210"
             n="a-1510"
             ecep:lem=","
             ecep:pos=","
             ecep:reg=","
             ecep:spe=",">,</pc>
      </l>
      <l n="14" xml:id="pse03-l07150">
         <c> </c>
         <w xml:id="pse03-131220"
            n="a-1520"
            ecep:lem="that"
            ecep:pos="cst"
            ecep:reg="That"
            ecep:spe="That"
            ecep:syllab="1"
            ecep:pron="ðæt">That</w>
         <c> </c>
         <w xml:id="pse03-131230"
            n="a-1530"
            ecep:lem="be"
            ecep:pos="vbds"
            ecep:reg="was"
            ecep:spe="was"
            ecep:syllab="1"
            ecep:pron="wɒz">was</w>
         <c> </c>
         <w xml:id="pse03-131240"
            n="a-1540"
            ecep:lem="but"
            ecep:pos="cc-acp"
            ecep:reg="but"
            ecep:spe="but"
            ecep:syllab="1"
            ecep:pron="bʌt">but</w>
         <c> </c>
         <w xml:id="pse03-131250"
            n="a-1550"
            ecep:lem="ruin"
            ecep:pos="n1"
            ecep:reg="Ruin"
            ecep:spe="Ruin"
            ecep:syllab="2"
            ecep:pron="ˈruːɪn">Ruin</w>
         <c> </c>
         <w xml:id="pse03-131260"
            n="a-1560"
            ecep:lem="in"
            ecep:pos="p-acp"
            ecep:reg="in"
            ecep:spe="in"
            ecep:syllab="1"
            ecep:pron="ɪn">in</w>
         <c> </c>
         <w xml:id="pse03-131270"
            n="a-1570"
            ecep:lem="another"
            ecep:pos="j-jn"
            ecep:reg="another"
            ecep:spe="another"
            ecep:syllab="3"
            ecep:pron="əˈnʌðə">another</w>
         <c> </c>
         <w xml:id="pse03-131280"
            n="a-1580"
            ecep:lem="form"
            ecep:pos="n1"
            ecep:reg="Form"
            ecep:spe="Form"
            ecep:syllab="1"
            ecep:pron="fɔːm">Form</w>
         <pc xml:id="pse03-131290"
             n="a-1590"
             ecep:lem=":"
             ecep:pos=":"
             ecep:reg=":"
             ecep:spe=":">:</pc>
      </l>
      <l n="15" xml:id="pse03-l07155">
         <c> </c>
         <w xml:id="pse03-131300"
            n="a-1600"
            ecep:lem="for"
            ecep:pos="p-acp"
            ecep:reg="For"
            ecep:spe="For"
            ecep:syllab="1"
            ecep:pron="fɔː">For</w>
         <c> </c>
         <w xml:id="pse03-131310"
            n="a-1610"
            ecep:lem="hope"
            ecep:pos="n1"
            ecep:reg="hope"
            ecep:spe="hope"
            ecep:syllab="1"
            ecep:pron="həʊp">hope</w>
         <c> </c>
         <w xml:id="pse03-131320"
            n="a-1620"
            ecep:lem="be"
            ecep:pos="vbds"
            ecep:reg="was"
            ecep:spe="was"
            ecep:syllab="1"
            ecep:pron="wɒz">was</w>
         <c> </c>
         <w xml:id="pse03-131330"
            n="a-1630"
            ecep:lem="all"
            ecep:pos="d"
            ecep:reg="all"
            ecep:spe="all"
            ecep:syllab="1"
            ecep:pron="ɔːl">all</w>
         <c> </c>
         <w xml:id="pse03-131340"
            n="a-1640"
            ecep:lem="the"
            ecep:pos="dt"
            ecep:reg="the"
            ecep:spe="the"
            ecep:syllab="1"
            ecep:pron="ðiː">the</w>
         <c> </c>
         <w xml:id="pse03-131350"
            n="a-1650"
            ecep:lem="lading"
            ecep:pos="n1"
            ecep:reg="lading"
            ecep:spe="lading"
            ecep:syllab="2"
            ecep:pron="leɪdɪŋ">lading</w>
         <c> </c>
         <w xml:id="pse03-131360"
            n="a-1660"
            ecep:lem="i"
            ecep:pos="pns11"
            ecep:reg="I"
            ecep:spe="I"
            ecep:syllab="1"
            ecep:pron="aɪ">I</w>
         <c> </c>
         <w xml:id="pse03-131370"
            n="a-1670"
            ecep:lem="can"
            ecep:pos="vmd"
            ecep:reg="could"
            ecep:spe="could"
            ecep:syllab="1"
            ecep:pron="kʊd">could</w>
         <c> </c>
         <w xml:id="pse03-131380"
            n="a-1680"
            ecep:lem="boast"
            ecep:pos="vvi"
            ecep:reg="boast"
            ecep:spe="boast"
            ecep:syllab="1"
            ecep:pron="bəʊst">boast</w>
         <pc xml:id="pse03-131390"
             n="a-1690"
             ecep:lem=","
             ecep:pos=","
             ecep:reg=","
             ecep:spe=",">,</pc>
      </l>
      <l n="16" xml:id="pse03-l07160">
         <c> </c>
         <w xml:id="pse03-131400"
            n="a-1700"
            ecep:lem="thus"
            ecep:pos="av"
            ecep:reg="Thus"
            ecep:spe="Thus"
            ecep:syllab="1"
            ecep:pron="ðʌs">Thus</w>
         <c> </c>
         <w xml:id="pse03-131410"
            n="a-1710"
            ecep:lem="be"
            ecep:pos="vbds"
            ecep:reg="was"
            ecep:spe="was"
            ecep:syllab="1"
            ecep:pron="wɒz">was</w>
         <c> </c>
         <w xml:id="pse03-131420"
            n="a-1720"
            ecep:lem="i"
            ecep:pos="pns11"
            ecep:reg="I"
            ecep:spe="I"
            ecep:syllab="1"
            ecep:pron="aɪ">I</w>
         <c> </c>
         <w xml:id="pse03-131430"
            n="a-1730"
            ecep:lem="most"
            ecep:pos="av-ds"
            ecep:reg="most"
            ecep:spe="most"
            ecep:syllab="1"
            ecep:pron="məʊst">most</w>
         <c> </c>
         <w xml:id="pse03-131440"
            n="a-1740"
            ecep:lem="inevitable"
            ecep:pos="av-j"
            ecep:reg="inevitably"
            ecep:spe="inevitably"
            ecep:syllab="5"
            ecep:pron="ɪˈnevɪtəbli">inevitably</w>
         <c> </c>
         <w xml:id="pse03-131450"
            n="a-1750"
            ecep:lem="lose"
            ecep:pos="vvn"
            ecep:reg="lost"
            ecep:spe="lost"
            ecep:syllab="1"
            ecep:pron="lɒst">lost</w>
         <pc xml:id="pse03-131460"
             n="a-1760"
             unit="sentence"
             ecep:lem="."
             ecep:pos="."
             ecep:reg="."
             ecep:spe=".">.</pc>
         <c> </c>
      </l>
      <pb facs="pse03/0111" n="67" rend="none"/>
      <l n="17" xml:id="pse03-l07165">
         <w xml:id="pse03-131470"
            n="a-0010"
            ecep:lem="leave"
            ecep:pos="vvd"
            ecep:reg="Left"
            ecep:spe="Left"
            ecep:syllab="1"
            ecep:pron="left">Left</w>
         <c> </c>
         <w xml:id="pse03-131480"
            n="a-0020"
            ecep:lem="to"
            ecep:pos="p-acp"
            ecep:reg="to"
            ecep:spe="to"
            ecep:syllab="1"
            ecep:pron="tuː">to</w>
         <c> </c>
         <w xml:id="pse03-131490"
            n="a-0030"
            ecep:lem="the"
            ecep:pos="dt"
            ecep:reg="the"
            ecep:spe="the"
            ecep:syllab="1"
            ecep:pron="ðiː">the</w>
         <c> </c>
         <w xml:id="pse03-131500"
            n="a-0040"
            ecep:lem="mercy"
            ecep:pos="n1"
            ecep:reg="Mercy"
            ecep:spe="Mercy"
            ecep:syllab="2"
            ecep:pron="ˈmɜːsi">Mercy</w>
         <c> </c>
         <w xml:id="pse03-131510"
            n="a-0050"
            ecep:lem="of"
            ecep:pos="pp-f"
            ecep:reg="of"
            ecep:spe="of"
            ecep:syllab="1"
            ecep:pron="ɒv">of</w>
         <c> </c>
         <w xml:id="pse03-131520"
            n="a-0060"
            ecep:lem="the"
            ecep:pos="dt"
            ecep:reg="the"
            ecep:spe="the"
            ecep:syllab="1"
            ecep:pron="ðiː">the</w>
         <c> </c>
         <w xml:id="pse03-131530"
            n="a-0070"
            ecep:lem="faithless"
            ecep:pos="j"
            ecep:reg="faithless"
            ecep:spe="faithless"
            ecep:syllab="2"
            ecep:pron="ˈfeɪθləs">faithless</w>
         <c> </c>
         <w xml:id="pse03-131540"
            n="a-0080"
            ecep:lem="wind"
            ecep:pos="n2"
            ecep:reg="Winds"
            ecep:spe="Winds"
            ecep:syllab="1"
            ecep:pron="wɪndz">Winds</w>
         <pc xml:id="pse03-131550"
             n="a-0090"
             ecep:lem=","
             ecep:pos=","
             ecep:reg=","
             ecep:spe=",">,</pc>
      </l>
      <l n="18" xml:id="pse03-l07170">
         <c> </c>
         <w xml:id="pse03-131560"
            n="a-0100"
            ecep:lem="my"
            ecep:pos="po11"
            ecep:reg="My"
            ecep:spe="My"
            ecep:syllab="1"
            ecep:pron="maɪ">My</w>
         <c> </c>
         <w xml:id="pse03-131570"
            n="a-0110"
            ecep:lem="tatter"
            ecep:pos="j-vvn"
            ecep:reg="tattered"
            ecep:spe="tatter'd"
            ecep:syllab="2"
            ecep:pron="ˈtætəd">tatter'd</w>
         <c> </c>
         <w xml:id="pse03-131580"
            n="a-0120"
            ecep:lem="bark"
            ecep:pos="n1"
            ecep:reg="Bark"
            ecep:spe="Bark"
            ecep:syllab="1"
            ecep:pron="bɑːk">Bark</w>
         <c> </c>
         <w xml:id="pse03-131590"
            n="a-0130"
            ecep:lem="no"
            ecep:pos="dx"
            ecep:reg="no"
            ecep:spe="no"
            ecep:syllab="1"
            ecep:pron="nəʊ">no</w>
         <c> </c>
         <w xml:id="pse03-131600"
            n="a-0140"
            ecep:lem="friendly"
            ecep:pos="j"
            ecep:reg="friendly"
            ecep:spe="friendly"
            ecep:syllab="2"
            ecep:pron="ˈfrendli">friendly</w>
         <c> </c>
         <w xml:id="pse03-131610"
            n="a-0150"
            ecep:lem="shelter"
            ecep:pos="n1"
            ecep:reg="shelter"
            ecep:spe="shelter"
            ecep:syllab="2"
            ecep:pron="ˈʃeltə">shelter</w>
         <c> </c>
         <w xml:id="pse03-131620"
            n="a-0160"
            ecep:lem="find"
            ecep:pos="vvz"
            ecep:reg="finds"
            ecep:spe="finds"
            ecep:syllab="1"
            ecep:pron="faɪndz">finds</w>
         <pc xml:id="pse03-131630"
             n="a-0170"
             ecep:lem=";"
             ecep:pos=";"
             ecep:reg=";"
             ecep:spe=";">;</pc>
      </l>
      <l n="19" xml:id="pse03-l07175">
         <c> </c>
         <w xml:id="pse03-131640"
            n="a-0180"
            ecep:lem="till"
            ecep:pos="c-acp"
            ecep:reg="Till"
            ecep:spe="Till"
            ecep:syllab="1"
            ecep:pron="tɪl">Till</w>
         <c> </c>
         <w xml:id="pse03-131650"
            n="a-0190"
            ecep:lem="some"
            ecep:pos="d"
            ecep:reg="some"
            ecep:spe="some"
            ecep:syllab="1"
            ecep:pron="sʌm">some</w>
         <c> </c>
         <w xml:id="pse03-131660"
            n="a-0200"
            ecep:lem="kind"
            ecep:pos="j"
            ecep:reg="kind"
            ecep:spe="kind"
            ecep:syllab="1"
            ecep:pron="kaɪnd">kind</w>
         <c> </c>
         <w xml:id="pse03-131670"
            n="a-0210"
            ecep:lem="star"
            ecep:pos="n1"
            ecep:reg="Star"
            ecep:spe="Star"
            ecep:syllab="1"
            ecep:pron="stɑː">Star</w>
         <c> </c>
         <w xml:id="pse03-131680"
            n="a-0220"
            ecep:lem="dear"
            ecep:pos="j-jn"
            ecep:reg="dear"
            ecep:spe="dear"
            ecep:syllab="1"
            ecep:pron="dɪə">dear</w>
         <c> </c>
         <hi>
            <w xml:id="pse03-131690"
               n="a-0230"
               ecep:lem="s—y"
               ecep:pos="n1"
               ecep:reg="S—y"
               ecep:spe="S—y"
               ecep:syllab="1"
               ecep:pron="ˈeswˈaɪ">S—y</w>
         </hi>
         <c> </c>
         <w xml:id="pse03-131720"
            n="a-0260"
            ecep:lem="mark"
            ecep:pos="vvd"
            ecep:reg="marked"
            ecep:spe="mark'd"
            ecep:syllab="1"
            ecep:pron="mɑːkt">mark'd</w>
         <c> </c>
         <w xml:id="pse03-131730"
            n="a-0270"
            ecep:lem="out"
            ecep:pos="av"
            ecep:reg="out"
            ecep:spe="out"
            ecep:syllab="1"
            ecep:pron="aʊt">out</w>
         <c> </c>
         <w xml:id="pse03-131740"
            n="a-0280"
            ecep:lem="thou"
            ecep:pos="pno21"
            ecep:reg="thee"
            ecep:spe="thee"
            ecep:syllab="1"
            ecep:pron="ðiː">thee</w>
         <pc xml:id="pse03-131750"
             n="a-0290"
             ecep:lem=","
             ecep:pos=","
             ecep:reg=","
             ecep:spe=",">,</pc>
      </l>
      <l n="20" xml:id="pse03-l07180">
         <c> </c>
         <w xml:id="pse03-131760"
            n="a-0300"
            ecep:lem="for"
            ecep:pos="p-acp"
            ecep:reg="For"
            ecep:spe="For"
            ecep:syllab="1"
            ecep:pron="fɔː">For</w>
         <c> </c>
         <w xml:id="pse03-131770"
            n="a-0310"
            ecep:lem="her"
            ecep:pos="po31"
            ecep:reg="her"
            ecep:spe="her"
            ecep:syllab="1"
            ecep:pron="hɜː">her</w>
         <c> </c>
         <w xml:id="pse03-131780"
            n="a-0320"
            ecep:lem="repair"
            ecep:pos="n1"
            ecep:reg="repairer"
            ecep:spe="repairer"
            ecep:syllab="3"
            ecep:pron="rɪˈpeəə">repairer</w>
         <c> </c>
         <w xml:id="pse03-131790"
            n="a-0330"
            ecep:lem="and"
            ecep:pos="cc"
            ecep:reg="and"
            ecep:spe="and"
            ecep:syllab="1"
            ecep:pron="ænd">and</w>
         <c> </c>
         <w xml:id="pse03-131800"
            n="a-0340"
            ecep:lem="security"
            ecep:pos="n1"
            ecep:reg="security"
            ecep:spe="security"
            ecep:syllab="4"
            ecep:pron="sɪˈkjʊərəti">security</w>
         <pc xml:id="pse03-131810"
             n="a-0350"
             unit="sentence"
             ecep:lem="."
             ecep:pos="."
             ecep:reg="."
             ecep:spe=".">.</pc>
         <c> </c>
      </l>
      <l n="21" xml:id="pse03-l07185">
         <w xml:id="pse03-131820"
            n="a-0360"
            ecep:lem="it|be"
            ecep:pos="pn31|vbz"
            ecep:reg="It's"
            ecep:spe="'Tis"
            ecep:syllab="1"
            ecep:pron="tɪz">'Tis</w>
         <c> </c>
         <w xml:id="pse03-131830"
            n="a-0370"
            ecep:lem="true"
            ecep:pos="j"
            ecep:reg="true"
            ecep:spe="true"
            ecep:syllab="1"
            ecep:pron="truː">true</w>
         <pc xml:id="pse03-131840"
             n="a-0380"
             ecep:lem=","
             ecep:pos=","
             ecep:reg=","
             ecep:spe=",">,</pc>
         <c> </c>
         <w xml:id="pse03-131850"
            n="a-0390"
            ecep:lem="thou"
            ecep:pos="pns21"
            ecep:reg="thou"
            ecep:spe="thou"
            ecep:syllab="1"
            ecep:pron="θaʊ">thou</w>
         <c> </c>
         <w xml:id="pse03-131860"
            n="a-0400"
            ecep:lem="can"
            ecep:pos="vmd2"
            ecep:reg="couldst"
            ecep:spe="couldst"
            ecep:syllab="1"
            ecep:pron="kʊdst">couldst</w>
         <c> </c>
         <w xml:id="pse03-131870"
            n="a-0410"
            ecep:lem="not"
            ecep:pos="xx"
            ecep:reg="not"
            ecep:spe="not"
            ecep:syllab="1"
            ecep:pron="nɒt">not</w>
         <c> </c>
         <w xml:id="pse03-131880"
            n="a-0420"
            ecep:lem="fit"
            ecep:pos="vvi"
            ecep:reg="fit"
            ecep:spe="fit"
            ecep:syllab="1"
            ecep:pron="fɪt">fit</w>
         <c> </c>
         <w xml:id="pse03-131890"
            n="a-0430"
            ecep:lem="she"
            ecep:pos="pno31"
            ecep:reg="her"
            ecep:spe="her"
            ecep:syllab="1"
            ecep:pron="hɜː">her</w>
         <c> </c>
         <w xml:id="pse03-131900"
            n="a-0440"
            ecep:lem="out"
            ecep:pos="av"
            ecep:reg="out"
            ecep:spe="out"
            ecep:syllab="1"
            ecep:pron="aʊt">out</w>
         <c> </c>
         <w xml:id="pse03-131910"
            n="a-0450"
            ecep:lem="again"
            ecep:pos="av"
            ecep:reg="again"
            ecep:spe="again"
            ecep:syllab="2"
            ecep:pron="əˈgen">again</w>
         <pc xml:id="pse03-131920"
             n="a-0460"
             ecep:lem=","
             ecep:pos=","
             ecep:reg=","
             ecep:spe=",">,</pc>
      </l>
      <l n="22" xml:id="pse03-l07190">
         <c> </c>
         <w xml:id="pse03-131930"
            n="a-0470"
            ecep:lem="with"
            ecep:pos="p-acp"
            ecep:reg="With"
            ecep:spe="With"
            ecep:syllab="1"
            ecep:pron="wɪð">With</w>
         <c> </c>
         <w xml:id="pse03-131940"
            n="a-0480"
            ecep:lem="mast"
            ecep:pos="n2"
            ecep:reg="Masts"
            ecep:spe="Masts"
            ecep:syllab="1"
            ecep:pron="mɑːsts">Masts</w>
         <c> </c>
         <w xml:id="pse03-131950"
            n="a-0490"
            ecep:lem="and"
            ecep:pos="cc"
            ecep:reg="and"
            ecep:spe="and"
            ecep:syllab="1"
            ecep:pron="ænd">and</w>
         <c> </c>
         <w xml:id="pse03-131960"
            n="a-0500"
            ecep:lem="tackle"
            ecep:pos="vvg"
            ecep:reg="Tackling"
            ecep:spe="Tackling"
            ecep:syllab="3"
            ecep:pron="ˈtæklɪŋ">Tackling</w>
         <c> </c>
         <w xml:id="pse03-131970"
            n="a-0510"
            ecep:lem="for"
            ecep:pos="p-acp"
            ecep:reg="for"
            ecep:spe="for"
            ecep:syllab="1"
            ecep:pron="fɔː">for</w>
         <c> </c>
         <w xml:id="pse03-131980"
            n="a-0520"
            ecep:lem="the"
            ecep:pos="dt"
            ecep:reg="the"
            ecep:spe="the"
            ecep:syllab="1"
            ecep:pron="ðiː">the</w>
         <c> </c>
         <w xml:id="pse03-131990"
            n="a-0530"
            ecep:lem="mighty"
            ecep:pos="j"
            ecep:reg="mighty"
            ecep:spe="mighty"
            ecep:syllab="2"
            ecep:pron="ˈmaɪti">mighty</w>
         <c> </c>
         <w xml:id="pse03-132000"
            n="a-0540"
            ecep:lem="main"
            ecep:pos="j"
            ecep:reg="Main"
            ecep:spe="Main"
            ecep:syllab="1"
            ecep:pron="meɪn">Main</w>
         <pc xml:id="pse03-132010"
             n="a-0550"
             ecep:lem=";"
             ecep:pos=";"
             ecep:reg=";"
             ecep:spe=";">;</pc>
      </l>
      <l n="23" xml:id="pse03-l07195">
         <c> </c>
         <w xml:id="pse03-132020"
            n="a-0560"
            ecep:lem="but"
            ecep:pos="cc-acp"
            ecep:reg="But"
            ecep:spe="But"
            ecep:syllab="1"
            ecep:pron="bʌt">But</w>
         <c> </c>
         <w xml:id="pse03-132030"
            n="a-0570"
            ecep:lem="as"
            ecep:pos="c-acp"
            ecep:reg="as"
            ecep:spe="as"
            ecep:syllab="1"
            ecep:pron="æz">as</w>
         <c> </c>
         <w xml:id="pse03-132040"
            n="a-0580"
            ecep:lem="a"
            ecep:pos="dt"
            ecep:reg="a"
            ecep:spe="a"
            ecep:syllab="1"
            ecep:pron="ə">a</w>
         <c> </c>
         <w xml:id="pse03-132050"
            n="a-0590"
            ecep:lem="pleasure-boat"
            ecep:pos="n1"
            ecep:reg="Pleasure-Boat"
            ecep:spe="Pleasure-Boat"
            ecep:syllab="2"
            ecep:pron="ˈpleʒəbəʊt">Pleasure-Boat</w>
         <c> </c>
         <w xml:id="pse03-132060"
            n="a-0600"
            ecep:lem="in"
            ecep:pos="p-acp"
            ecep:reg="in"
            ecep:spe="in"
            ecep:syllab="1"
            ecep:pron="ɪn">in</w>
         <c> </c>
         <w xml:id="pse03-132070"
            n="a-0610"
            ecep:lem="thy"
            ecep:pos="po21"
            ecep:reg="thy"
            ecep:spe="thy"
            ecep:syllab="1"
            ecep:pron="ðaɪ">thy</w>
         <c> </c>
         <w xml:id="pse03-132080"
            n="a-0620"
            ecep:lem="smooth"
            ecep:pos="j"
            ecep:reg="smooth"
            ecep:spe="smooth"
            ecep:syllab="1"
            ecep:pron="smuːð">smooth</w>
         <c> </c>
         <w xml:id="pse03-132090"
            n="a-0630"
            ecep:lem="stream"
            ecep:pos="n2"
            ecep:reg="Streams"
            ecep:spe="Streams"
            ecep:syllab="1"
            ecep:pron="striːmz">Streams</w>
         <pc xml:id="pse03-132100"
             n="a-0640"
             ecep:lem=","
             ecep:pos=","
             ecep:reg=","
             ecep:spe=",">,</pc>
      </l>
      <l n="24" xml:id="pse03-l07200">
         <c> </c>
         <pc xml:id="pse03-132110"
             n="a-0650"
             ecep:lem="("
             ecep:pos="("
             ecep:reg="("
             ecep:spe="(">(</pc>
         <w xml:id="pse03-132120"
            n="a-0660"
            ecep:lem="happy"
            ecep:pos="j"
            ecep:reg="Happy"
            ecep:spe="Happy"
            ecep:syllab="2"
            ecep:pron="ˈhæpi">Happy</w>
         <c> </c>
         <w xml:id="pse03-132130"
            n="a-0670"
            ecep:lem="defect"
            ecep:pos="n1"
            ecep:reg="defect"
            ecep:spe="defect"
            ecep:syllab="2"
            ecep:pron="ˈdiːfekt">defect</w>
         <c> </c>
         <w xml:id="pse03-132140"
            n="a-0680"
            ecep:lem="that"
            ecep:pos="cst"
            ecep:reg="that"
            ecep:spe="that"
            ecep:syllab="1"
            ecep:pron="ðæt">that</w>
         <c> </c>
         <w xml:id="pse03-132150"
            n="a-0690"
            ecep:lem="keep"
            ecep:pos="vvz"
            ecep:reg="keeps"
            ecep:spe="keeps"
            ecep:syllab="1"
            ecep:pron="kiːps">keeps</w>
         <c> </c>
         <w xml:id="pse03-132160"
            n="a-0700"
            ecep:lem="from"
            ecep:pos="p-acp"
            ecep:reg="from"
            ecep:spe="from"
            ecep:syllab="1"
            ecep:pron="frɒm">from</w>
         <c> </c>
         <w xml:id="pse03-132170"
            n="a-0710"
            ecep:lem="such"
            ecep:pos="d"
            ecep:reg="such"
            ecep:spe="such"
            ecep:syllab="1"
            ecep:pron="sʌtʃ">such</w>
         <c> </c>
         <w xml:id="pse03-132180"
            n="a-0720"
            ecep:lem="extreme"
            ecep:pos="n2-jn"
            ecep:reg="extremes"
            ecep:spe="extreams"
            ecep:syllab="2"
            ecep:pron="ekstrˈiːmz">extreams</w>
         <pc xml:id="pse03-132190"
             n="a-0730"
             ecep:lem=","
             ecep:pos=","
             ecep:reg=","
             ecep:spe=",">,</pc>
         <pc xml:id="pse03-132200"
             n="a-0740"
             ecep:lem=")"
             ecep:pos=")"
             ecep:reg=")"
             ecep:spe=")">)</pc>
      </l>
      <l n="25" xml:id="pse03-l07205">
         <c> </c>
         <w xml:id="pse03-132210"
            n="a-0750"
            ecep:lem="where"
            ecep:pos="q-crq"
            ecep:reg="Where"
            ecep:spe="Where"
            ecep:syllab="1"
            ecep:pron="weə">Where</w>
         <c> </c>
         <w xml:id="pse03-132220"
            n="a-0760"
            ecep:lem="no"
            ecep:pos="dx"
            ecep:reg="no"
            ecep:spe="no"
            ecep:syllab="1"
            ecep:pron="nəʊ">no</w>
         <c> </c>
         <w xml:id="pse03-132230"
            n="a-0770"
            ecep:lem="rough"
            ecep:pos="j"
            ecep:reg="rough"
            ecep:spe="rough"
            ecep:syllab="1"
            ecep:pron="rʌf">rough</w>
         <c> </c>
         <w xml:id="pse03-132240"
            n="a-0780"
            ecep:lem="wind"
            ecep:pos="n2"
            ecep:reg="Winds"
            ecep:spe="Winds"
            ecep:syllab="1"
            ecep:pron="wɪndz">Winds</w>
         <c> </c>
         <w xml:id="pse03-132250"
            n="a-0790"
            ecep:lem="but"
            ecep:pos="p-acp"
            ecep:reg="but"
            ecep:spe="but"
            ecep:syllab="1"
            ecep:pron="bʌt">but</w>
         <c> </c>
         <w xml:id="pse03-132260"
            n="a-0800"
            ecep:lem="a"
            ecep:pos="dt"
            ecep:reg="a"
            ecep:spe="a"
            ecep:syllab="1"
            ecep:pron="ə">a</w>
         <c> </c>
         <w xml:id="pse03-132270"
            n="a-0810"
            ecep:lem="safe"
            ecep:pos="j"
            ecep:reg="safe"
            ecep:spe="safe"
            ecep:syllab="1"
            ecep:pron="seɪf">safe</w>
         <c> </c>
         <w xml:id="pse03-132280"
            n="a-0820"
            ecep:lem="oar"
            ecep:pos="n1"
            ecep:reg="Oar"
            ecep:spe="Oar"
            ecep:syllab="1"
            ecep:pron="ɔː">Oar</w>
         <c> </c>
         <w xml:id="pse03-132290"
            n="a-0830"
            ecep:lem="command"
            ecep:pos="vvz"
            ecep:reg="commands"
            ecep:spe="commands"
            ecep:syllab="2"
            ecep:pron="kəˈmɑːndz">commands</w>
         <pc xml:id="pse03-132300"
             n="a-0840"
             ecep:lem=","
             ecep:pos=","
             ecep:reg=","
             ecep:spe=",">,</pc>
      </l>
      <l n="26" xml:id="pse03-l07210">
         <c> </c>
         <w xml:id="pse03-132310"
            n="a-0850"
            ecep:lem="and"
            ecep:pos="cc"
            ecep:reg="And"
            ecep:spe="And"
            ecep:syllab="1"
            ecep:pron="ænd">And</w>
         <c> </c>
         <w xml:id="pse03-132320"
            n="a-0860"
            ecep:lem="if"
            ecep:pos="cs"
            ecep:reg="if"
            ecep:spe="if"
            ecep:syllab="1"
            ecep:pron="ɪf">if</w>
         <c> </c>
         <w xml:id="pse03-132330"
            n="a-0870"
            ecep:lem="i"
            ecep:pos="pns11"
            ecep:reg="I"
            ecep:spe="I"
            ecep:syllab="1"
            ecep:pron="aɪ">I</w>
         <c> </c>
         <w xml:id="pse03-132340"
            n="a-0880"
            ecep:lem="please"
            ecep:pos="vvb"
            ecep:reg="please"
            ecep:spe="please"
            ecep:syllab="1"
            ecep:pron="pliːz">please</w>
         <c> </c>
         <w xml:id="pse03-132350"
            n="a-0890"
            ecep:lem="at"
            ecep:pos="p-acp"
            ecep:reg="at"
            ecep:spe="at"
            ecep:syllab="1"
            ecep:pron="æt">at</w>
         <c> </c>
         <w xml:id="pse03-132360"
            n="a-0900"
            ecep:lem="each"
            ecep:pos="d"
            ecep:reg="each"
            ecep:spe="each"
            ecep:syllab="1"
            ecep:pron="iːtʃ">each</w>
         <c> </c>
         <w xml:id="pse03-132370"
            n="a-0910"
            ecep:lem="bless"
            ecep:pos="j-vvn"
            ecep:reg="blessed"
            ecep:spe="bless'd"
            ecep:syllab="1"
            ecep:pron="ˈblesɪd">bless'd</w>
         <c> </c>
         <w xml:id="pse03-132380"
            n="a-0920"
            ecep:lem="shade"
            ecep:pos="n1"
            ecep:reg="Shade"
            ecep:spe="Shade"
            ecep:syllab="1"
            ecep:pron="ʃeɪd">Shade</w>
         <c> </c>
         <w xml:id="pse03-132390"
            n="a-0930"
            ecep:lem="she"
            ecep:pos="pns31"
            ecep:reg="she"
            ecep:spe="she"
            ecep:syllab="1"
            ecep:pron="ʃiː">she</w>
         <c> </c>
         <w xml:id="pse03-132400"
            n="a-0940"
            ecep:lem="land"
            ecep:pos="vvz"
            ecep:reg="Lands"
            ecep:spe="Lands"
            ecep:syllab="1"
            ecep:pron="lændz">Lands</w>
         <pc xml:id="pse03-132410"
             n="a-0950"
             unit="sentence"
             ecep:lem="."
             ecep:pos="."
             ecep:reg="."
             ecep:spe=".">.</pc>
         <c> </c>
      </l>
      <l n="27" xml:id="pse03-l07215">
         <w xml:id="pse03-132420"
            n="a-0960"
            ecep:lem="there"
            ecep:pos="a-acp"
            ecep:reg="There"
            ecep:spe="There"
            ecep:syllab="1"
            ecep:pron="ðeə">There</w>
         <c> </c>
         <w xml:id="pse03-132430"
            n="a-0970"
            ecep:lem="on"
            ecep:pos="p-acp"
            ecep:reg="on"
            ecep:spe="on"
            ecep:syllab="1"
            ecep:pron="ɒn">on</w>
         <c> </c>
         <w xml:id="pse03-132440"
            n="a-0980"
            ecep:lem="a"
            ecep:pos="dt"
            ecep:reg="a"
            ecep:spe="a"
            ecep:syllab="1"
            ecep:pron="ə">a</w>
         <c> </c>
         <w xml:id="pse03-132450"
            n="a-0990"
            ecep:lem="verdant"
            ecep:pos="j"
            ecep:reg="verdant"
            ecep:spe="verdant"
            ecep:syllab="2"
            ecep:pron="ˈvɜːdnt">verdant</w>
         <c> </c>
         <w xml:id="pse03-132460"
            n="a-1000"
            ecep:lem="bank"
            ecep:pos="n1"
            ecep:reg="Bank"
            ecep:spe="Bank"
            ecep:syllab="1"
            ecep:pron="bæŋk">Bank</w>
         <c> </c>
         <w xml:id="pse03-132470"
            n="a-1010"
            ecep:lem="i"
            ecep:pos="pns11"
            ecep:reg="I"
            ecep:spe="I"
            ecep:syllab="1"
            ecep:pron="aɪ">I</w>
         <c> </c>
         <w xml:id="pse03-132480"
            n="a-1020"
            ecep:lem="set"
            ecep:pos="vvb"
            ecep:reg="set"
            ecep:spe="set"
            ecep:syllab="1"
            ecep:pron="set">set</w>
         <c> </c>
         <w xml:id="pse03-132490"
            n="a-1030"
            ecep:lem="i"
            ecep:pos="pno11"
            ecep:reg="me"
            ecep:spe="me"
            ecep:syllab="1"
            ecep:pron="miː">me</w>
         <c> </c>
         <w xml:id="pse03-132500"
            n="a-1040"
            ecep:lem="down"
            ecep:pos="a-acp"
            ecep:reg="down"
            ecep:spe="down"
            ecep:syllab="1"
            ecep:pron="daʊn">down</w>
         <pc xml:id="pse03-132510"
             n="a-1050"
             ecep:lem=","
             ecep:pos=","
             ecep:reg=","
             ecep:spe=",">,</pc>
      </l>
      <l n="28" xml:id="pse03-l07220">
         <c> </c>
         <w xml:id="pse03-132520"
            n="a-1060"
            ecep:lem="contemn"
            ecep:pos="vvb"
            ecep:reg="Contemn"
            ecep:spe="Contemn"
            ecep:syllab="2"
            ecep:pron="kənˈtem">Contemn</w>
         <c> </c>
         <w xml:id="pse03-132530"
            n="a-1070"
            ecep:lem="pursuit"
            ecep:pos="fw-mi"
            ecep:reg="persuit"
            ecep:spe="persuit"
            ecep:syllab="2"
            ecep:pron="pəsˈuːt">persuit</w>
         <c> </c>
         <w xml:id="pse03-132540"
            n="a-1080"
            ecep:lem="of"
            ecep:pos="pp-f"
            ecep:reg="of"
            ecep:spe="of"
            ecep:syllab="1"
            ecep:pron="ɒv">of</w>
         <c> </c>
         <w xml:id="pse03-132550"
            n="a-1090"
            ecep:lem="passion"
            ecep:pos="n1"
            ecep:reg="Passion"
            ecep:spe="Passion"
            ecep:syllab="2"
            ecep:pron="ˈpæʃn">Passion</w>
         <c> </c>
         <w xml:id="pse03-132560"
            n="a-1100"
            ecep:lem="and"
            ecep:pos="cc"
            ecep:reg="and"
            ecep:spe="and"
            ecep:syllab="1"
            ecep:pron="ænd">and</w>
         <c> </c>
         <w xml:id="pse03-132570"
            n="a-1110"
            ecep:lem="renown"
            ecep:pos="n1"
            ecep:reg="Renown"
            ecep:spe="Renown"
            ecep:syllab="2"
            ecep:pron="rɪˈnaʊn">Renown</w>
         <pc xml:id="pse03-132580"
             n="a-1120"
             ecep:lem=":"
             ecep:pos=":"
             ecep:reg=":"
             ecep:spe=":">:</pc>
      </l>
      <l n="29" xml:id="pse03-l07225">
         <c> </c>
         <w xml:id="pse03-132590"
            n="a-1130"
            ecep:lem="at"
            ecep:pos="p-acp"
            ecep:reg="At"
            ecep:spe="At"
            ecep:syllab="1"
            ecep:pron="æt">At</w>
         <c> </c>
         <w xml:id="pse03-132600"
            n="a-1140"
            ecep:lem="all"
            ecep:pos="d"
            ecep:reg="all"
            ecep:spe="all"
            ecep:syllab="1"
            ecep:pron="ɔːl">all</w>
         <c> </c>
         <w xml:id="pse03-132610"
            n="a-1150"
            ecep:lem="my"
            ecep:pos="po11"
            ecep:reg="my"
            ecep:spe="my"
            ecep:syllab="1"
            ecep:pron="maɪ">my</w>
         <c> </c>
         <w xml:id="pse03-132620"
            n="a-1160"
            ecep:lem="former"
            ecep:pos="j"
            ecep:reg="former"
            ecep:spe="former"
            ecep:syllab="2"
            ecep:pron="ˈfɔːmə">former</w>
         <c> </c>
         <w xml:id="pse03-132630"
            n="a-1170"
            ecep:lem="dare"
            ecep:pos="j-vvg"
            ecep:reg="daring"
            ecep:spe="daring"
            ecep:syllab="2"
            ecep:pron="ˈdeərɪŋ">daring</w>
         <c> </c>
         <w xml:id="pse03-132640"
            n="a-1180"
            ecep:lem="folly"
            ecep:pos="n2"
            ecep:reg="Follies"
            ecep:spe="Follies"
            ecep:syllab="2"
            ecep:pron="ˈfɒliz">Follies</w>
         <c> </c>
         <w xml:id="pse03-132650"
            n="a-1190"
            ecep:lem="smile"
            ecep:pos="vvi"
            ecep:reg="smile"
            ecep:spe="smile"
            ecep:syllab="1"
            ecep:pron="smaɪl">smile</w>
         <pc xml:id="pse03-132660"
             n="a-1200"
             ecep:lem=","
             ecep:pos=","
             ecep:reg=","
             ecep:spe=",">,</pc>
      </l>
      <l n="30" xml:id="pse03-l07230">
         <c> </c>
         <w xml:id="pse03-132670"
            n="a-1210"
            ecep:lem="and"
            ecep:pos="cc"
            ecep:reg="And"
            ecep:spe="And"
            ecep:syllab="1"
            ecep:pron="ænd">And</w>
         <c> </c>
         <w xml:id="pse03-132680"
            n="a-1220"
            ecep:lem="bless"
            ecep:pos="vvb"
            ecep:reg="bless"
            ecep:spe="bless"
            ecep:syllab="1"
            ecep:pron="bles">bless</w>
         <c> </c>
         <w xml:id="pse03-132690"
            n="a-1230"
            ecep:lem="the"
            ecep:pos="dt"
            ecep:reg="the"
            ecep:spe="the"
            ecep:syllab="1"
            ecep:pron="ðiː">the</w>
         <c> </c>
         <w xml:id="pse03-132700"
            n="a-1240"
            ecep:lem="storm"
            ecep:pos="n2"
            ecep:reg="Storms"
            ecep:spe="Storms"
            ecep:syllab="1"
            ecep:pron="stɔːmz">Storms</w>
         <c> </c>
         <w xml:id="pse03-132710"
            n="a-1250"
            ecep:lem="that"
            ecep:pos="cst"
            ecep:reg="that"
            ecep:spe="that"
            ecep:syllab="1"
            ecep:pron="ðæt">that</w>
         <c> </c>
         <w xml:id="pse03-132720"
            n="a-1260"
            ecep:lem="blow"
            ecep:pos="vvd"
            ecep:reg="blowed"
            ecep:spe="blow'd"
            ecep:syllab="1"
            ecep:pron="bləʊd">blow'd</w>
         <c> </c>
         <w xml:id="pse03-132730"
            n="a-1270"
            ecep:lem="i"
            ecep:pos="pno11"
            ecep:reg="me"
            ecep:spe="me"
            ecep:syllab="1"
            ecep:pron="miː">me</w>
         <c> </c>
         <w xml:id="pse03-132740"
            n="a-1280"
            ecep:lem="to"
            ecep:pos="p-acp"
            ecep:reg="to"
            ecep:spe="to"
            ecep:syllab="1"
            ecep:pron="tuː">to</w>
         <c> </c>
         <w xml:id="pse03-132750"
            n="a-1290"
            ecep:lem="this"
            ecep:pos="d"
            ecep:reg="this"
            ecep:spe="this"
            ecep:syllab="1"
            ecep:pron="ðɪs">this</w>
         <c> </c>
         <w xml:id="pse03-132760"
            n="a-1300"
            ecep:lem="isle"
            ecep:pos="n1"
            ecep:reg="Isle"
            ecep:spe="Isle"
            ecep:syllab="1"
            ecep:pron="aɪl">Isle</w>
         <pc xml:id="pse03-132770"
             n="a-1310"
             ecep:lem=";"
             ecep:pos=";"
             ecep:reg=";"
             ecep:spe=";">;</pc>
      </l>
      <l n="31" xml:id="pse03-l07235">
         <c> </c>
         <w xml:id="pse03-132780"
            n="a-1320"
            ecep:lem="the"
            ecep:pos="dt"
            ecep:reg="The"
            ecep:spe="The"
            ecep:syllab="1"
            ecep:pron="ðiː">The</w>
         <c> </c>
         <w xml:id="pse03-132790"
            n="a-1330"
            ecep:lem="fortunate"
            ecep:pos="j"
            ecep:reg="Fortunate"
            ecep:spe="Fortunate"
            ecep:syllab="3"
            ecep:pron="ˈfɔːtʃnət">Fortunate</w>
         <c> </c>
         <w xml:id="pse03-132800"
            n="a-1340"
            ecep:lem="to"
            ecep:pos="p-acp"
            ecep:reg="to"
            ecep:spe="to"
            ecep:syllab="1"
            ecep:pron="tuː">to</w>
         <c> </c>
         <w xml:id="pse03-132810"
            n="a-1350"
            ecep:lem="i"
            ecep:pos="pno11"
            ecep:reg="me"
            ecep:spe="me"
            ecep:syllab="1"
            ecep:pron="miː">me</w>
         <pc xml:id="pse03-132820"
             n="a-1360"
             ecep:lem=","
             ecep:pos=","
             ecep:reg=","
             ecep:spe=",">,</pc>
         <c> </c>
         <w xml:id="pse03-132830"
            n="a-1370"
            ecep:lem="and"
            ecep:pos="cc"
            ecep:reg="and"
            ecep:spe="and"
            ecep:syllab="1"
            ecep:pron="ænd">and</w>
         <c> </c>
         <w xml:id="pse03-132840"
            n="a-1380"
            ecep:lem="do"
            ecep:pos="vdz"
            ecep:reg="does"
            ecep:spe="doth"
            ecep:syllab="1"
            ecep:pron="dʌθ">doth</w>
         <c> </c>
         <w xml:id="pse03-132850"
            n="a-1390"
            ecep:lem="contain"
            ecep:pos="vvi"
            ecep:reg="contain"
            ecep:spe="contain"
            ecep:syllab="2"
            ecep:pron="kənˈteɪn">contain</w>
         <pc xml:id="pse03-132860"
             n="a-1400"
             ecep:lem=","
             ecep:pos=","
             ecep:reg=","
             ecep:spe=",">,</pc>
      </l>
      <l n="32" xml:id="pse03-l07240">
         <c> </c>
         <w xml:id="pse03-132870"
            n="a-1410"
            ecep:lem="those"
            ecep:pos="d"
            ecep:reg="Those"
            ecep:spe="Those"
            ecep:syllab="1"
            ecep:pron="ðəʊz">Those</w>
         <c> </c>
         <w xml:id="pse03-132880"
            n="a-1420"
            ecep:lem="solid"
            ecep:pos="j"
            ecep:reg="solid"
            ecep:spe="solid"
            ecep:syllab="2"
            ecep:pron="ˈsɒlɪd">solid</w>
         <c> </c>
         <w xml:id="pse03-132890"
            n="a-1430"
            ecep:lem="joy"
            ecep:pos="n2"
            ecep:reg="Joys"
            ecep:spe="Joys"
            ecep:syllab="1"
            ecep:pron="dʒɔɪz">Joys</w>
         <pc xml:id="pse03-132900"
             n="a-1440"
             ecep:lem=","
             ecep:pos=","
             ecep:reg=","
             ecep:spe=",">,</pc>
         <c> </c>
         <w xml:id="pse03-132910"
            n="a-1450"
            ecep:lem="i"
            ecep:pos="pns11"
            ecep:reg="I"
            ecep:spe="I"
            ecep:syllab="1"
            ecep:pron="aɪ">I</w>
         <c> </c>
         <w xml:id="pse03-132920"
            n="a-1460"
            ecep:lem="elsewhere"
            ecep:pos="av"
            ecep:reg="elsewhere"
            ecep:spe="elsewhere"
            ecep:syllab="2"
            ecep:pron="ˌelsˈweə">elsewhere</w>
         <c> </c>
         <w xml:id="pse03-132930"
            n="a-1470"
            ecep:lem="seek"
            ecep:pos="vvn"
            ecep:reg="sought"
            ecep:spe="sought"
            ecep:syllab="1"
            ecep:pron="sɔːt">sought</w>
         <c> </c>
         <w xml:id="pse03-132940"
            n="a-1480"
            ecep:lem="in"
            ecep:pos="p-acp"
            ecep:reg="in"
            ecep:spe="in"
            ecep:syllab="1"
            ecep:pron="ɪn">in</w>
         <c> </c>
         <w xml:id="pse03-132950"
            n="a-1490"
            ecep:lem="vain"
            ecep:pos="j"
            ecep:reg="vain"
            ecep:spe="vain"
            ecep:syllab="1"
            ecep:pron="veɪn">vain</w>
         <pc xml:id="pse03-132960"
             n="a-1500"
             unit="sentence"
             ecep:lem="."
             ecep:pos="."
             ecep:reg="."
             ecep:spe=".">.</pc>
         <c> </c>
      </l>
      <l n="33" xml:id="pse03-l07245">
         <w xml:id="pse03-132970"
            n="a-1510"
            ecep:lem="but"
            ecep:pos="p-acp"
            ecep:reg="But"
            ecep:spe="But"
            ecep:syllab="1"
            ecep:pron="bʌt">But</w>
         <c> </c>
         <w xml:id="pse03-132980"
            n="a-1520"
            ecep:lem="ah"
            ecep:pos="uh"
            ecep:reg="ah"
            ecep:spe="ah"
            ecep:syllab="1"
            ecep:pron="ɑː">ah</w>
         <pc xml:id="pse03-132990"
             n="a-1530"
             ecep:lem="!"
             ecep:pos="!"
             ecep:reg="!"
             ecep:spe="!">!</pc>
         <c> </c>
         <w xml:id="pse03-133000"
            n="a-1540"
            ecep:lem="the"
            ecep:pos="dt"
            ecep:reg="the"
            ecep:spe="the"
            ecep:syllab="1"
            ecep:pron="ðiː">the</w>
         <c> </c>
         <w xml:id="pse03-133010"
            n="a-1550"
            ecep:lem="fate"
            ecep:pos="n2"
            ecep:reg="Fates"
            ecep:spe="Fates"
            ecep:syllab="1"
            ecep:pron="feɪts">Fates</w>
         <c> </c>
         <w xml:id="pse03-133020"
            n="a-1560"
            ecep:lem="again"
            ecep:pos="av"
            ecep:reg="again"
            ecep:spe="again"
            ecep:syllab="2"
            ecep:pron="əˈgen">again</w>
         <c> </c>
         <w xml:id="pse03-133030"
            n="a-1570"
            ecep:lem="do"
            ecep:pos="vdb"
            ecep:reg="do"
            ecep:spe="do"
            ecep:syllab="1"
            ecep:pron="duː">do</w>
         <c> </c>
         <w xml:id="pse03-133040"
            n="a-1580"
            ecep:lem="summon"
            ecep:pos="vvi"
            ecep:reg="summon"
            ecep:spe="summon"
            ecep:syllab="2"
            ecep:pron="ˈsʌmən">summon</w>
         <c> </c>
         <w xml:id="pse03-133050"
            n="a-1590"
            ecep:lem="i"
            ecep:pos="pno11"
            ecep:reg="me"
            ecep:spe="me"
            ecep:syllab="1"
            ecep:pron="miː">me</w>
         <pc xml:id="pse03-133060"
             n="a-1600"
             ecep:lem=","
             ecep:pos=","
             ecep:reg=","
             ecep:spe=",">,</pc>
      </l>
      <l n="34" xml:id="pse03-l07250">
         <c> </c>
         <w xml:id="pse03-133070"
            n="a-1610"
            ecep:lem="to"
            ecep:pos="p-acp"
            ecep:reg="To"
            ecep:spe="To"
            ecep:syllab="1"
            ecep:pron="tuː">To</w>
         <c> </c>
         <w xml:id="pse03-133080"
            n="a-1620"
            ecep:lem="the"
            ecep:pos="dt"
            ecep:reg="the"
            ecep:spe="the"
            ecep:syllab="1"
            ecep:pron="ðiː">the</w>
         <c> </c>
         <w xml:id="pse03-133090"
            n="a-1630"
            ecep:lem="loathe"
            ecep:pos="j-vvn"
            ecep:reg="loathed"
            ecep:spe="loath'd"
            ecep:syllab="1"
            ecep:pron="ləʊðd">loath'd</w>
         <c> </c>
         <w xml:id="pse03-133100"
            n="a-1640"
            ecep:lem="ocean"
            ecep:pos="n1"
            ecep:reg="Ocean"
            ecep:spe="Ocean"
            ecep:syllab="2"
            ecep:pron="ˈəʊʃn">Ocean</w>
         <c> </c>
         <w xml:id="pse03-133110"
            n="a-1650"
            ecep:lem="popularity"
            ecep:pos="n1"
            ecep:reg="Popularity"
            ecep:spe="Popularity"
            ecep:syllab="5"
            ecep:pron="ˌpɒpjəˈlærəti">Popularity</w>
         <pc xml:id="pse03-133120"
             n="a-1660"
             ecep:lem=";"
             ecep:pos=";"
             ecep:reg=";"
             ecep:spe=";">;</pc>
      </l>
      <l n="35" xml:id="pse03-l07255">
         <c> </c>
         <w xml:id="pse03-133130"
            n="a-1670"
            ecep:lem="guard"
            ecep:pos="n1"
            ecep:reg="Guard"
            ecep:spe="Guard"
            ecep:syllab="1"
            ecep:pron="gɑːd">Guard</w>
         <c> </c>
         <w xml:id="pse03-133140"
            n="a-1680"
            ecep:lem="i"
            ecep:pos="pno11"
            ecep:reg="me"
            ecep:spe="me"
            ecep:syllab="1"
            ecep:pron="miː">me</w>
         <c> </c>
         <w xml:id="pse03-133150"
            n="a-1690"
            ecep:lem="you"
            ecep:pos="pn22"
            ecep:reg="you"
            ecep:spe="ye"
            ecep:syllab="1"
            ecep:pron="jiː">ye</w>
         <c> </c>
         <w xml:id="pse03-133160"
            n="a-1700"
            ecep:lem="god"
            ecep:pos="n2"
            ecep:reg="Gods"
            ecep:spe="Gods"
            ecep:syllab="1"
            ecep:pron="gɒdz">Gods</w>
         <c> </c>
         <w xml:id="pse03-133170"
            n="a-1710"
            ecep:lem="with"
            ecep:pos="p-acp"
            ecep:reg="with"
            ecep:spe="with"
            ecep:syllab="1"
            ecep:pron="wɪð">with</w>
         <c> </c>
         <w xml:id="pse03-133180"
            n="a-1720"
            ecep:lem="this"
            ecep:pos="d"
            ecep:reg="this"
            ecep:spe="this"
            ecep:syllab="1"
            ecep:pron="ðɪs">this</w>
         <c> </c>
         <w xml:id="pse03-133190"
            n="a-1730"
            ecep:lem="one"
            ecep:pos="crd"
            ecep:reg="one"
            ecep:spe="one"
            ecep:syllab="1"
            ecep:pron="wʌn">one</w>
         <c> </c>
         <w xml:id="pse03-133200"
            n="a-1740"
            ecep:lem="bliss"
            ecep:pos="n1"
            ecep:reg="Bliss"
            ecep:spe="Bliss"
            ecep:syllab="1"
            ecep:pron="blɪs">Bliss</w>
         <c> </c>
         <w xml:id="pse03-133210"
            n="a-1750"
            ecep:lem="alone"
            ecep:pos="av-j"
            ecep:reg="alone"
            ecep:spe="alone"
            ecep:syllab="2"
            ecep:pron="əˈləʊn">alone</w>
         <pc xml:id="pse03-133220"
             n="a-1760"
             ecep:lem=","
             ecep:pos=","
             ecep:reg=","
             ecep:spe=",">,</pc>
      </l>
      <l n="36" xml:id="pse03-l07260">
         <c> </c>
         <w xml:id="pse03-133230"
            n="a-1770"
            ecep:lem="though"
            ecep:pos="c-acp"
            ecep:reg="Though"
            ecep:spe="Tho'"
            ecep:syllab="1"
            ecep:pron="ðəʊ">Tho'</w>
         <c> </c>
         <w xml:id="pse03-133240"
            n="a-1780"
            ecep:lem="i"
            ecep:pos="pns11"
            ecep:reg="I"
            ecep:spe="I"
            ecep:syllab="1"
            ecep:pron="aɪ">I</w>
         <c> </c>
         <w xml:id="pse03-133250"
            n="a-1790"
            ecep:lem="be"
            ecep:pos="vbm"
            ecep:reg="am"
            ecep:spe="am"
            ecep:syllab="1"
            ecep:pron="æm">am</w>
         <c> </c>
         <w xml:id="pse03-133260"
            n="a-1800"
            ecep:lem="see"
            ecep:pos="vvn"
            ecep:reg="seen"
            ecep:spe="seen"
            ecep:syllab="1"
            ecep:pron="siːn">seen</w>
         <pc xml:id="pse03-133270"
             n="a-1810"
             ecep:lem=","
             ecep:pos=","
             ecep:reg=","
             ecep:spe=",">,</pc>
         <c> </c>
         <w xml:id="pse03-133280"
            n="a-1820"
            ecep:lem="yet"
            ecep:pos="av"
            ecep:reg="yet"
            ecep:spe="yet"
            ecep:syllab="1"
            ecep:pron="jet">yet</w>
         <c> </c>
         <w xml:id="pse03-133290"
            n="a-1830"
            ecep:lem="let"
            ecep:pos="vvb"
            ecep:reg="let"
            ecep:spe="let"
            ecep:syllab="1"
            ecep:pron="let">let</w>
         <c> </c>
         <w xml:id="pse03-133300"
            n="a-1840"
            ecep:lem="i"
            ecep:pos="pno11"
            ecep:reg="me"
            ecep:spe="me"
            ecep:syllab="1"
            ecep:pron="miː">me</w>
         <c> </c>
         <w xml:id="pse03-133310"
            n="a-1850"
            ecep:lem="not"
            ecep:pos="xx"
            ecep:reg="not"
            ecep:spe="not"
            ecep:syllab="1"
            ecep:pron="nɒt">not</w>
         <c> </c>
         <w xml:id="pse03-133320"
            n="a-1860"
            ecep:lem="be"
            ecep:pos="vbi"
            ecep:reg="be"
            ecep:spe="be"
            ecep:syllab="1"
            ecep:pron="biː">be</w>
         <c> </c>
         <w xml:id="pse03-133330"
            n="a-1870"
            ecep:lem="know"
            ecep:pos="vvn"
            ecep:reg="known"
            ecep:spe="known"
            ecep:syllab="1"
            ecep:pron="nəʊn">known</w>
         <pc xml:id="pse03-133340"
             n="a-1880"
             unit="sentence"
             ecep:lem="."
             ecep:pos="."
             ecep:reg="."
             ecep:spe=".">.</pc>
         <c> </c>
      </l>
   </lg>
</div>
