<?xml version="1.0" encoding="UTF-8"?>
<?xml-model href="../tei_all.rnc" type="application/relax-ng-compact-syntax"?>
<TEI xmlns="http://www.tei-c.org/ns/1.0">
   <teiHeader>
      <fileDesc>
         <titleStmt>
            <title corresp="#txt_NugeEa1709_w0023">EPIGRAM IX. On one who first abused, and then made love to a LADY.</title>
            <author corresp="authors.xml#aut_NugeEa1709">Robert Craggs Nugent, Earl Nugent</author>
            <respStmt>
               <name xml:id="AH">Alexander Huber</name>
               <resp>Editor</resp>
            </respStmt>
            <funder>
               <name type="institution" xml:id="BOD">Bodleian Libraries, University of Oxford</name>
               <address>
                  <addrLine>Broad Street</addrLine>
                  <addrLine>Oxford OX1 3BG</addrLine>
                  <addrLine>UK</addrLine>
               </address>
            </funder>
         </titleStmt>
         <publicationStmt>
            <publisher xml:id="ECPA">Eighteenth-Century Poetry Archive</publisher>
            <address>
               <addrLine>Taylor Institution Library</addrLine>
               <addrLine>St Giles'</addrLine>
               <addrLine>Oxford OX1 3NA</addrLine>
               <addrLine>UK</addrLine>
               <addrLine>
                  <email>info@eighteenthcenturypoetry.org</email>
               </addrLine>
               <addrLine>
                  <ref target="https://www.eighteenthcenturypoetry.org/">https://www.eighteenthcenturypoetry.org/</ref>
               </addrLine>
            </address>
            <pubPlace>Oxford</pubPlace>
            <availability status="restricted">
               <licence target="http://creativecommons.org/licenses/by-sa/3.0/">This work is licensed under a Creative Commons Attribution-ShareAlike 3.0 Unported License.</licence>
            </availability>
            <idno type="ESTC">T131163</idno>
            <idno type="TCP">K104099.002</idno>
         </publicationStmt>
         <sourceDesc>
            <bibl>
               <author>Dodsley, Robert, 1703-1764.</author>
               <title>A Collection of Poems in Six Volumes. By Several Hands. Vol. II.</title>
               <pubPlace>London</pubPlace>
               <publisher>printed by J. Hughs, for R. and J. Dodsley</publisher>
               <date>1763 [1st ed. 1758]</date>
               <biblScope>pp. 236-237.</biblScope>
               <extent>6v.: music; 8⁰.</extent>
            </bibl>
         </sourceDesc>
      </fileDesc>
      <encodingDesc>
         <projectDesc>
            <p>This e-text is part of the Works section of the Eighteenth-Century Poetry Archive (ECPA).</p>
            <p>XML created for the Eighteenth-Century Poetry Archive (ECPA).</p>
         </projectDesc>
         <editorialDecl>
            <p>The text has been typographically modernized, but without any silent modernization of
						spelling, capitalization, or punctuation. The source of the text is given and all editorial interventions
						have been recorded in textual notes. Based on the electronic text originally produced by the TCP project, this  text has been edited to conform to the recommendations found in Level 5 of the
						Best Practices for TEI in Libraries version 4.0.0.
					</p>
         </editorialDecl>
         <classDecl>
            <taxonomy xml:id="LCNAF">
               <bibl>Library of Congress Name Authority File (<abbr>LCNAF</abbr>)</bibl>
            </taxonomy>
         </classDecl>
         <tagsDecl>
            <rendition n="linegroups indented" xml:id="lgindent" scheme="css">text-indent: 1em;</rendition>
            <rendition n="linegroups vertically spaced" xml:id="lgvspace" scheme="css">margin-bottom: 1em;</rendition>
            <rendition n="aligned centrally" xml:id="align-center" scheme="css">text-align: center;</rendition>
            <rendition n="aligned right" xml:id="align-right" scheme="css">text-align: right;</rendition>
            <rendition n="aligned left" xml:id="align-left" scheme="css">text-align: left;</rendition>
            <rendition n="inline" xml:id="inline" scheme="css">display: inline</rendition>
            <rendition n="italic" xml:id="i" scheme="css">font-style: italic;</rendition>
            <rendition n="bold" xml:id="b" scheme="css">font-weight: bold;</rendition>
         </tagsDecl>
      </encodingDesc>
   </teiHeader>
   <text>
      <body>
         <div xmlns:tei="http://www.tei-c.org/ns/1.0"
              xmlns:ecep="http://www.eighteenthcenturypoetry.org/ns"
              ana="#iamb #tetrameter #octet #hypercatalexis #epigram #pair"
              corresp="#txt_NugeEa1709_w0023"
              ecep:syllab="8"
              met="-+|-+|-+|-+/"
              n="9"
              rendition="#lgvspace"
              rhyme="aa"
              subtype="eceptext"
              type="epigram"
              xml:id="o5153-w0798"
              decls="#semi-normalized">
            <link target="authors.xml#aut_NugeEa1709" type="author"/>
            <link target="22446" type="DMI"/>
            <head type="main">
               <w xml:id="o5153-517360"
                  n="237-a-1120"
                  ecep:lem="epigram"
                  ecep:pos="n1"
                  ecep:reg="EPIGRAM"
                  ecep:spe="EPIGRAM"
                  ecep:syllab="3"
                  ecep:pron="ˈepɪgræm">EPIGRAM</w>
               <c> </c>
               <w xml:id="o5153-517370"
                  n="237-a-1130"
                  ecep:lem="ix"
                  ecep:pos="crd"
                  ecep:reg="IX"
                  ecep:spe="IX"
                  ecep:syllab="1"
                  ecep:pron="rˌəʊmənnˈaɪn">IX</w>
               <pc xml:id="o5153-517380"
                   n="237-a-1140"
                   unit="sentence"
                   ecep:lem="."
                   ecep:pos="."
                   ecep:reg="."
                   ecep:spe=".">.</pc>
            </head>
            <head type="sub">
               <w xml:id="o5153-517410"
                  n="237-a-1150"
                  ecep:lem="on"
                  ecep:pos="p-acp"
                  ecep:reg="On"
                  ecep:spe="On"
                  ecep:syllab="1"
                  ecep:pron="ɒn">On</w>
               <c> </c>
               <w xml:id="o5153-517420"
                  n="237-a-1160"
                  ecep:lem="one"
                  ecep:pos="pi"
                  ecep:reg="one"
                  ecep:spe="one"
                  ecep:syllab="1"
                  ecep:pron="wʌn">one</w>
               <c> </c>
               <w xml:id="o5153-517430"
                  n="237-a-1170"
                  ecep:lem="who"
                  ecep:pos="r-crq"
                  ecep:reg="who"
                  ecep:spe="who"
                  ecep:syllab="1"
                  ecep:pron="huː">who</w>
               <c> </c>
               <w xml:id="o5153-517440"
                  n="237-a-1180"
                  ecep:lem="first"
                  ecep:pos="ord"
                  ecep:reg="first"
                  ecep:spe="first"
                  ecep:syllab="1"
                  ecep:pron="ˈfɜːst">first</w>
               <c> </c>
               <w xml:id="o5153-517450"
                  n="237-a-1190"
                  ecep:lem="abuse"
                  ecep:pos="vvn"
                  ecep:reg="abused"
                  ecep:spe="abused"
                  ecep:syllab="2"
                  ecep:pron="əˈbjuːzd">abused</w>
               <pc xml:id="o5153-517460"
                   n="237-a-1200"
                   ecep:lem=","
                   ecep:pos=","
                   ecep:reg=","
                   ecep:spe=",">,</pc>
               <c> </c>
               <w xml:id="o5153-517470"
                  n="237-a-1210"
                  ecep:lem="and"
                  ecep:pos="cc"
                  ecep:reg="and"
                  ecep:spe="and"
                  ecep:syllab="1"
                  ecep:pron="ænd">and</w>
               <c> </c>
               <w xml:id="o5153-517480"
                  n="237-a-1220"
                  ecep:lem="then"
                  ecep:pos="av"
                  ecep:reg="then"
                  ecep:spe="then"
                  ecep:syllab="1"
                  ecep:pron="ðen">then</w>
               <c> </c>
               <w xml:id="o5153-517490"
                  n="237-a-1230"
                  ecep:lem="make"
                  ecep:pos="vvd"
                  ecep:reg="made"
                  ecep:spe="made"
                  ecep:syllab="1"
                  ecep:pron="meɪd">made</w>
               <c> </c>
               <w xml:id="o5153-517500"
                  n="237-a-1240"
                  ecep:lem="love"
                  ecep:pos="n1"
                  ecep:reg="love"
                  ecep:spe="love"
                  ecep:syllab="1"
                  ecep:pron="lʌv">love</w>
               <c> </c>
               <w xml:id="o5153-517510"
                  n="237-a-1250"
                  ecep:lem="to"
                  ecep:pos="p-acp"
                  ecep:reg="to"
                  ecep:spe="to"
                  ecep:syllab="1"
                  ecep:pron="tuː">to</w>
               <c> </c>
               <w xml:id="o5153-517520"
                  n="237-a-1260"
                  ecep:lem="a"
                  ecep:pos="dt"
                  ecep:reg="a"
                  ecep:spe="a"
                  ecep:syllab="1"
                  ecep:pron="ə">a</w>
               <c> </c>
               <w xml:id="o5153-517530"
                  n="237-a-1270"
                  ecep:lem="lady"
                  ecep:pos="n1"
                  ecep:reg="LADY"
                  ecep:spe="LADY"
                  ecep:syllab="2"
                  ecep:pron="ˈleɪdi">LADY</w>
               <pc xml:id="o5153-517540"
                   n="237-a-1280"
                   unit="sentence"
                   ecep:lem="."
                   ecep:pos="."
                   ecep:reg="."
                   ecep:spe=".">.</pc>
            </head>
            <lg>
               <l xml:id="o5153-l27245">
                  <w xml:id="o5153-517560"
                     n="237-a-1290"
                     ecep:lem="foul"
                     ecep:pos="j"
                     ecep:reg="FOUL"
                     ecep:spe="FOUL"
                     ecep:syllab="1"
                     ecep:pron="faʊl">FOUL</w>
                  <c> </c>
                  <pc xml:id="o5153-517570"
                      n="237-a-1300"
                      ecep:syllab="3"
                      ecep:lem="—"
                      ecep:pos="—"
                      ecep:reg="—"
                      ecep:spe="—">—</pc>
                  <c> </c>
                  <w xml:id="o5153-517580"
                     n="237-a-1310"
                     ecep:lem="with"
                     ecep:pos="p-acp"
                     ecep:reg="with"
                     ecep:spe="with"
                     ecep:syllab="1"
                     ecep:pron="wɪð">with</w>
                  <c> </c>
                  <w xml:id="o5153-517590"
                     n="237-a-1320"
                     ecep:lem="graceless"
                     ecep:pos="j"
                     ecep:reg="graceless"
                     ecep:spe="graceless"
                     ecep:syllab="2"
                     ecep:pron="ˈgreɪsləs">graceless</w>
                  <c> </c>
                  <w xml:id="o5153-517600"
                     n="237-a-1330"
                     ecep:lem="verse"
                     ecep:pos="n1"
                     ecep:reg="verse"
                     ecep:spe="verse"
                     ecep:syllab="1"
                     ecep:pron="vɜːs">verse</w>
                  <pc xml:id="o5153-517610"
                      n="237-a-1340"
                      ecep:lem=","
                      ecep:pos=","
                      ecep:reg=","
                      ecep:spe=",">,</pc>
               </l>
               <l xml:id="o5153-l27250">
                  <w xml:id="o5153-517620"
                     n="237-a-1350"
                     ecep:lem="the"
                     ecep:pos="dt"
                     ecep:reg="The"
                     ecep:spe="The"
                     ecep:syllab="1"
                     ecep:pron="ðiː">The</w>
                  <c> </c>
                  <w xml:id="o5153-517630"
                     n="237-a-1360"
                     ecep:lem="noble"
                     ecep:pos="j"
                     ecep:reg="noble"
                     ecep:spe="noble"
                     ecep:syllab="2"
                     ecep:pron="ˈnəʊbl">noble</w>
                  <c> </c>
                  <pc xml:id="o5153-517640"
                      n="237-a-1370"
                      ecep:lem="—"
                      ecep:pos="—"
                      ecep:reg="—"
                      ecep:spe="—">—</pc>
                  <c> </c>
                  <w xml:id="o5153-517650"
                     n="237-a-1380"
                     ecep:lem="dare"
                     ecep:pos="vvn"
                     ecep:reg="dared"
                     ecep:spe="dar'd"
                     ecep:syllab="1"
                     ecep:pron="deəd">dar'd</w>
                  <c> </c>
                  <w xml:id="o5153-517660"
                     n="237-a-1390"
                     ecep:lem="asperse"
                     ecep:pos="vvb"
                     ecep:reg="asperse"
                     ecep:spe="asperse"
                     ecep:syllab="2"
                     ecep:pron="əˈspɜːs">asperse</w>
                  <pc xml:id="o5153-517670"
                      n="237-a-1400"
                      unit="sentence"
                      ecep:lem="."
                      ecep:pos="."
                      ecep:reg="."
                      ecep:spe=".">.</pc>
               </l>
               <l xml:id="o5153-l27255">
                  <w xml:id="o5153-517680"
                     n="237-a-1410"
                     ecep:lem="but"
                     ecep:pos="p-acp"
                     ecep:reg="But"
                     ecep:spe="But"
                     ecep:syllab="1"
                     ecep:pron="bʌt">But</w>
                  <c> </c>
                  <w xml:id="o5153-517690"
                     n="237-a-1420"
                     ecep:lem="when"
                     ecep:pos="c-crq"
                     ecep:reg="when"
                     ecep:spe="when"
                     ecep:syllab="1"
                     ecep:pron="wen">when</w>
                  <c> </c>
                  <w xml:id="o5153-517700"
                     n="237-a-1430"
                     ecep:lem="he"
                     ecep:pos="pns31"
                     ecep:reg="he"
                     ecep:spe="he"
                     ecep:syllab="1"
                     ecep:pron="hiː">he</w>
                  <c> </c>
                  <w xml:id="o5153-517710"
                     n="237-a-1440"
                     ecep:lem="see"
                     ecep:pos="vvd"
                     ecep:reg="saw"
                     ecep:spe="saw"
                     ecep:syllab="1"
                     ecep:pron="sɔː">saw</w>
                  <c> </c>
                  <w xml:id="o5153-517720"
                     n="237-a-1450"
                     ecep:lem="she"
                     ecep:pos="pno31"
                     ecep:reg="her"
                     ecep:spe="her"
                     ecep:syllab="1"
                     ecep:pron="hɜː">her</w>
                  <c> </c>
                  <w xml:id="o5153-517730"
                     n="237-a-1460"
                     ecep:lem="well"
                     ecep:pos="av"
                     ecep:reg="well"
                     ecep:spe="well"
                     ecep:syllab="1"
                     ecep:pron="wel">well</w>
                  <c> </c>
                  <w xml:id="o5153-517740"
                     n="237-a-1470"
                     ecep:lem="bespatter"
                     ecep:pos="j-vvn"
                     ecep:reg="bespattered"
                     ecep:spe="bespatter'd"
                     ecep:syllab="3"
                     ecep:pron="bɪˈspætəd">bespatter'd</w>
                  <pc xml:id="o5153-517750"
                      n="237-a-1480"
                      ecep:lem=","
                      ecep:pos=","
                      ecep:reg=","
                      ecep:spe=",">,</pc>
               </l>
               <l xml:id="o5153-l27260">
                  <w xml:id="o5153-517760"
                     n="237-a-1490"
                     ecep:lem="her"
                     ecep:pos="po31"
                     ecep:reg="Her"
                     ecep:spe="Her"
                     ecep:syllab="1"
                     ecep:pron="hɜː">Her</w>
                  <c> </c>
                  <w xml:id="o5153-517770"
                     n="237-a-1500"
                     ecep:lem="reputation"
                     ecep:pos="n1"
                     ecep:reg="reputation"
                     ecep:spe="reputation"
                     ecep:syllab="4"
                     ecep:pron="ˌrepjəˈteɪʃn">reputation</w>
                  <c> </c>
                  <w xml:id="o5153-517780"
                     n="237-a-1510"
                     ecep:lem="stain"
                     ecep:pos="vvd"
                     ecep:reg="stained"
                     ecep:spe="stain'd"
                     ecep:syllab="1"
                     ecep:pron="steɪnd">stain'd</w>
                  <c> </c>
                  <w xml:id="o5153-517790"
                     n="237-a-1520"
                     ecep:lem="and"
                     ecep:pos="cc"
                     ecep:reg="and"
                     ecep:spe="and"
                     ecep:syllab="1"
                     ecep:pron="ænd">and</w>
                  <c> </c>
                  <w xml:id="o5153-517800"
                     n="237-a-1530"
                     ecep:lem="tatter"
                     ecep:pos="vvn"
                     ecep:reg="tattered"
                     ecep:spe="tatter'd"
                     ecep:syllab="2"
                     ecep:pron="ˈtætəd">tatter'd</w>
                  <pc xml:id="o5153-517810"
                      n="237-a-1540"
                      ecep:lem=";"
                      ecep:pos=";"
                      ecep:reg=";"
                      ecep:spe=";">;</pc>
               </l>
               <pb facs="o5153/0242_R" n="237" rend="none"/>
               <l xml:id="o5153-l27265">
                  <w xml:id="o5153-517820"
                     n="238-a-0010"
                     ecep:lem="he"
                     ecep:pos="pns31"
                     ecep:reg="He"
                     ecep:spe="He"
                     ecep:syllab="1"
                     ecep:pron="hiː">He</w>
                  <c> </c>
                  <w xml:id="o5153-517830"
                     n="238-a-0020"
                     ecep:lem="gaze"
                     ecep:pos="vvd"
                     ecep:reg="gazed"
                     ecep:spe="gaz'd"
                     ecep:syllab="1"
                     ecep:pron="geɪzd">gaz'd</w>
                  <c> </c>
                  <w xml:id="o5153-517840"
                     n="238-a-0030"
                     ecep:lem="and"
                     ecep:pos="cc"
                     ecep:reg="and"
                     ecep:spe="and"
                     ecep:syllab="1"
                     ecep:pron="ænd">and</w>
                  <c> </c>
                  <w xml:id="o5153-517850"
                     n="238-a-0040"
                     ecep:lem="love"
                     ecep:pos="vvd"
                     ecep:reg="loved"
                     ecep:spe="lov'd"
                     ecep:syllab="1"
                     ecep:pron="ˈlʌvd">lov'd</w>
                  <c> </c>
                  <w xml:id="o5153-517860"
                     n="238-a-0050"
                     ecep:lem="the"
                     ecep:pos="dt"
                     ecep:reg="the"
                     ecep:spe="the"
                     ecep:syllab="1"
                     ecep:pron="ðiː">the</w>
                  <c> </c>
                  <w xml:id="o5153-517870"
                     n="238-a-0060"
                     ecep:lem="hideous"
                     ecep:pos="j"
                     ecep:reg="hideous"
                     ecep:spe="hideous"
                     ecep:syllab="3"
                     ecep:pron="ˈhɪdiəs">hideous</w>
                  <c> </c>
                  <w xml:id="o5153-517880"
                     n="238-a-0070"
                     ecep:lem="elf"
                     ecep:pos="n1"
                     ecep:reg="elf"
                     ecep:spe="elf"
                     ecep:syllab="1"
                     ecep:pron="elf">elf</w>
                  <pc xml:id="o5153-517890"
                      n="238-a-0080"
                      ecep:lem=","
                      ecep:pos=","
                      ecep:reg=","
                      ecep:spe=",">,</pc>
               </l>
               <l xml:id="o5153-l27270">
                  <w xml:id="o5153-517900"
                     n="238-a-0090"
                     ecep:lem="she"
                     ecep:pos="pns31"
                     ecep:reg="She"
                     ecep:spe="She"
                     ecep:syllab="1"
                     ecep:pron="ʃiː">She</w>
                  <c> </c>
                  <w xml:id="o5153-517910"
                     n="238-a-0100"
                     ecep:lem="look"
                     ecep:pos="vvd"
                     ecep:reg="looked"
                     ecep:spe="look'd"
                     ecep:syllab="1"
                     ecep:pron="lʊkt">look'd</w>
                  <c> </c>
                  <w xml:id="o5153-517920"
                     n="238-a-0110"
                     ecep:lem="so"
                     ecep:pos="av"
                     ecep:reg="so"
                     ecep:spe="so"
                     ecep:syllab="1"
                     ecep:pron="səʊ">so</w>
                  <c> </c>
                  <w xml:id="o5153-517930"
                     n="238-a-0120"
                     ecep:lem="very"
                     ecep:pos="av"
                     ecep:reg="very"
                     ecep:spe="very"
                     ecep:syllab="2"
                     ecep:pron="ˈveri">very</w>
                  <c> </c>
                  <w xml:id="o5153-517940"
                     n="238-a-0130"
                     ecep:lem="like"
                     ecep:pos="vvi"
                     ecep:reg="like"
                     ecep:spe="like"
                     ecep:syllab="1"
                     ecep:pron="laɪk">like</w>
                  <c> </c>
                  <w xml:id="o5153-517950"
                     n="238-a-0140"
                     ecep:lem="himself"
                     ecep:pos="px31"
                     ecep:reg="himself"
                     ecep:spe="himself"
                     ecep:syllab="2"
                     ecep:pron="hɪmˈself">himself</w>
                  <pc xml:id="o5153-517960"
                      n="238-a-0150"
                      unit="sentence"
                      ecep:lem="."
                      ecep:pos="."
                      ecep:reg="."
                      ecep:spe=".">.</pc>
               </l>
               <l xml:id="o5153-l27275">
                  <w xml:id="o5153-517970"
                     n="238-a-0160"
                     ecep:lem="true"
                     ecep:pos="j"
                     ecep:reg="True"
                     ecep:spe="True"
                     ecep:syllab="1"
                     ecep:pron="truː">True</w>
                  <c> </c>
                  <w xml:id="o5153-517980"
                     n="238-a-0170"
                     ecep:lem="sing"
                     ecep:pos="vvn"
                     ecep:reg="sung"
                     ecep:spe="sung"
                     ecep:syllab="1"
                     ecep:pron="sʌŋ">sung</w>
                  <c> </c>
                  <w xml:id="o5153-517990"
                     n="238-a-0180"
                     ecep:lem="the"
                     ecep:pos="dt"
                     ecep:reg="the"
                     ecep:spe="the"
                     ecep:syllab="1"
                     ecep:pron="ðiː">the</w>
                  <c> </c>
                  <w xml:id="o5153-518000"
                     n="238-a-0190"
                     ecep:lem="bard"
                     ecep:pos="n1"
                     ecep:reg="bard"
                     ecep:spe="bard"
                     ecep:syllab="1"
                     ecep:pron="bɑːd">bard</w>
                  <c> </c>
                  <w xml:id="o5153-518010"
                     n="238-a-0200"
                     ecep:lem="well"
                     ecep:pos="av"
                     ecep:reg="well"
                     ecep:spe="well"
                     ecep:syllab="1"
                     ecep:pron="wel">well</w>
                  <c> </c>
                  <w xml:id="o5153-518020"
                     n="238-a-0210"
                     ecep:lem="know"
                     ecep:pos="vvn"
                     ecep:reg="known"
                     ecep:spe="known"
                     ecep:syllab="1"
                     ecep:pron="nəʊn">known</w>
                  <c> </c>
                  <w xml:id="o5153-518030"
                     n="238-a-0220"
                     ecep:lem="to"
                     ecep:pos="p-acp"
                     ecep:reg="to"
                     ecep:spe="to"
                     ecep:syllab="1"
                     ecep:pron="tuː">to</w>
                  <c> </c>
                  <w xml:id="o5153-518040"
                     n="238-a-0230"
                     ecep:lem="fame"
                     ecep:pos="n1"
                     ecep:reg="fame"
                     ecep:spe="fame"
                     ecep:syllab="1"
                     ecep:pron="feɪm">fame</w>
                  <pc xml:id="o5153-518050"
                      n="238-a-0240"
                      ecep:lem=","
                      ecep:pos=","
                      ecep:reg=","
                      ecep:spe=",">,</pc>
               </l>
               <l xml:id="o5153-l27280">
                  <w xml:id="o5153-518060"
                     n="238-a-0250"
                     ecep:lem="selflove"
                     ecep:pos="n1"
                     ecep:reg="Selflove"
                     ecep:spe="Self-love"
                     ecep:syllab="2"
                     ecep:pron="selfˈlʌv">Self-love</w>
                  <c> </c>
                  <w xml:id="o5153-518070"
                     n="238-a-0260"
                     ecep:lem="and"
                     ecep:pos="cc"
                     ecep:reg="and"
                     ecep:spe="and"
                     ecep:syllab="1"
                     ecep:pron="ænd">and</w>
                  <c> </c>
                  <w xml:id="o5153-518080"
                     n="238-a-0270"
                     ecep:lem="social"
                     ecep:pos="j"
                     ecep:reg="social"
                     ecep:spe="social"
                     ecep:syllab="2"
                     ecep:pron="ˈsəʊʃl">social</w>
                  <c> </c>
                  <w xml:id="o5153-518090"
                     n="238-a-0280"
                     ecep:lem="be"
                     ecep:pos="vbb"
                     ecep:reg="are"
                     ecep:spe="are"
                     ecep:syllab="1"
                     ecep:pron="ɑː">are</w>
                  <c> </c>
                  <w xml:id="o5153-518100"
                     n="238-a-0290"
                     ecep:lem="the"
                     ecep:pos="dt"
                     ecep:reg="the"
                     ecep:spe="the"
                     ecep:syllab="1"
                     ecep:pron="ðiː">the</w>
                  <c> </c>
                  <w xml:id="o5153-518110"
                     n="238-a-0300"
                     ecep:lem="same"
                     ecep:pos="d"
                     ecep:reg="same"
                     ecep:spe="same"
                     ecep:syllab="1"
                     ecep:pron="seɪm">same</w>
                  <pc xml:id="o5153-518120"
                      n="238-a-0310"
                      unit="sentence"
                      ecep:lem="."
                      ecep:pos="."
                      ecep:reg="."
                      ecep:spe=".">.</pc>
               </l>
            </lg>
         </div>
      </body>
   </text>
</TEI>
