<?xml version="1.0" encoding="utf-8"?>
<!DOCTYPE div
  SYSTEM "about:legacy-compat">
<div xmlns:ecep="http://www.eighteenthcenturypoetry.org/ns"
     xmlns="http://www.tei-c.org/ns/1.0"
     xmlns:tei="http://www.tei-c.org/ns/1.0"
     ana="#iamb #tetrameter #pair #couplet #ode #elegy"
     corresp="#txt_BerkGe1763_w0019"
     decls="#semi-normalized"
     ecep:syllab="8"
     met="-+|-+|-+|-+/"
     rendition="#lgvspace"
     rhyme="aa"
     subtype="eceptext"
     type="poem"
     xml:id="o5280-w0180">
   <link target="authors.xml#aut_BerkGe1763" type="author"/>
   <head type="main">
      <w xml:id="o5280-2159980"
         n="683-a-0010"
         ecep:lem="the"
         ecep:pos="dt"
         ecep:reg="THE"
         ecep:spe="THE"
         ecep:syllab="1"
         ecep:pron="ðə">THE</w>
      <c> </c>
      <w xml:id="o5280-2159990"
         n="683-a-0020"
         ecep:lem="maid"
         ecep:pos="n2"
         ecep:reg="MAIDS"
         ecep:spe="MAIDS"
         ecep:syllab="1"
         ecep:pron="meɪdz">MAIDS</w>
      <c> </c>
      <w xml:id="o5280-2160000"
         n="683-a-0030"
         ecep:lem="of"
         ecep:pos="pp-f"
         ecep:reg="OF"
         ecep:spe="OF"
         ecep:syllab="1"
         ecep:pron="ɒv">OF</w>
      <c> </c>
      <w xml:id="o5280-2160010"
         n="683-a-0040"
         ecep:lem="Morven"
         ecep:pos="np1"
         ecep:reg="MORVEN"
         ecep:spe="MORVEN"
         ecep:syllab="2"
         ecep:pron="mˈɔːvən">MORVEN</w>
      <pc xml:id="o5280-2160020"
          n="683-a-0050"
          ecep:lem=","
          ecep:pos=","
          ecep:reg=","
          ecep:spe=",">,</pc>
      <c> </c>
      <w xml:id="o5280-2160030"
         n="683-a-0060"
         ecep:lem="a"
         ecep:pos="dt"
         ecep:reg="AN"
         ecep:spe="AN"
         ecep:syllab="1"
         ecep:pron="æn">AN</w>
      <c> </c>
      <w xml:id="o5280-2160040"
         n="683-a-0070"
         ecep:lem="elegiac"
         ecep:pos="j"
         ecep:reg="ELEGIAC"
         ecep:spe="ELEGIAC"
         ecep:syllab="4"
         ecep:pron="ˌelɪˈdʒaɪək">ELEGIAC</w>
      <c> </c>
      <w xml:id="o5280-2160050"
         n="683-a-0080"
         ecep:lem="ode"
         ecep:pos="n1"
         ecep:reg="ODE"
         ecep:spe="ODE"
         ecep:syllab="1"
         ecep:pron="əʊd">ODE</w>
      <pc xml:id="o5280-2160060"
          n="683-a-0090"
          unit="sentence"
          ecep:lem="."
          ecep:pos="."
          ecep:reg="."
          ecep:spe=".">.</pc>
   </head>
   <head type="sub">
      <w xml:id="o5280-2160090"
         n="683-a-0100"
         ecep:lem="to"
         ecep:pos="p-acp"
         ecep:reg="TO"
         ecep:spe="TO"
         ecep:syllab="1"
         ecep:pron="tuː">TO</w>
      <c> </c>
      <w xml:id="o5280-2160100"
         n="683-a-0110"
         ecep:lem="the"
         ecep:pos="dt"
         ecep:reg="THE"
         ecep:spe="THE"
         ecep:syllab="1"
         ecep:pron="ðə">THE</w>
      <c> </c>
      <w xml:id="o5280-2160110"
         n="683-a-0120"
         ecep:lem="right"
         ecep:pos="j-jn"
         ecep:reg="RIGHT"
         ecep:spe="RIGHT"
         ecep:syllab="1"
         ecep:pron="raɪt">RIGHT</w>
      <c> </c>
      <w xml:id="o5280-2160120"
         n="683-a-0130"
         ecep:lem="honourable"
         ecep:pos="j"
         ecep:reg="HONOURABLE"
         ecep:spe="HONOURABLE"
         ecep:syllab="4"
         ecep:pron="ˈɒnərəbl">HONOURABLE</w>
      <c> </c>
      <w xml:id="o5280-2160130"
         n="683-a-0140"
         ecep:lem="MARY"
         ecep:pos="np1"
         ecep:reg="MARY"
         ecep:spe="MARY"
         ecep:syllab="2"
         ecep:pron="ˈmeəri">MARY</w>
      <c> </c>
      <w xml:id="o5280-2160140"
         n="683-a-0150"
         ecep:lem="viscountess"
         ecep:pos="n1"
         ecep:reg="VISCOUNTESS"
         ecep:spe="VISCOUNTESS"
         ecep:syllab="3"
         ecep:pron="ˈvaɪkaʊntɪs">VISCOUNTESS</w>
      <c> </c>
      <w xml:id="o5280-2160150"
         n="683-a-0160"
         ecep:lem="Ruthven"
         ecep:pos="np1"
         ecep:reg="RUTHVEN"
         ecep:spe="RUTHVEN"
         ecep:syllab="2"
         ecep:pron="rˈuːθvən">RUTHVEN</w>
      <pc xml:id="o5280-2160160"
          n="683-a-0170"
          ecep:lem=","
          ecep:pos=","
          ecep:reg=","
          ecep:spe=",">,</pc>
      <c> </c>
      <w xml:id="o5280-2160170"
         n="683-a-0180"
         ecep:lem="daughter"
         ecep:pos="n1"
         ecep:reg="DAUGHTER"
         ecep:spe="DAUGHTER"
         ecep:syllab="2"
         ecep:pron="ˈdɔːtə">DAUGHTER</w>
      <c> </c>
      <w xml:id="o5280-2160180"
         n="683-a-0190"
         ecep:lem="of"
         ecep:pos="pp-f"
         ecep:reg="OF"
         ecep:spe="OF"
         ecep:syllab="1"
         ecep:pron="ɒv">OF</w>
      <c> </c>
      <w xml:id="o5280-2160190"
         n="683-a-0200"
         ecep:lem="the"
         ecep:pos="dt"
         ecep:reg="THE"
         ecep:spe="THE"
         ecep:syllab="1"
         ecep:pron="ðə">THE</w>
      <c> </c>
      <w xml:id="o5280-2160200"
         n="683-a-0210"
         ecep:lem="excellent"
         ecep:pos="j"
         ecep:reg="EXCELLENT"
         ecep:spe="EXCELLENT"
         ecep:syllab="3"
         ecep:pron="ˈeksələnt">EXCELLENT</w>
      <c> </c>
      <w xml:id="o5280-2160210"
         n="683-a-0220"
         ecep:lem="earl"
         ecep:pos="n1"
         ecep:reg="EARL"
         ecep:spe="EARL"
         ecep:syllab="1"
         ecep:pron="ɜːl">EARL</w>
      <c> </c>
      <w xml:id="o5280-2160220"
         n="683-a-0230"
         ecep:lem="and"
         ecep:pos="cc"
         ecep:reg="AND"
         ecep:spe="AND"
         ecep:syllab="1"
         ecep:pron="ænd">AND</w>
      <c> </c>
      <w xml:id="o5280-2160230"
         n="683-a-0240"
         ecep:lem="countess"
         ecep:pos="n1"
         ecep:reg="COUNTESS"
         ecep:spe="COUNTESS"
         ecep:syllab="2"
         ecep:pron="ˈkaʊntɪs">COUNTESS</w>
      <c> </c>
      <w xml:id="o5280-2160240"
         n="683-a-0250"
         ecep:lem="of"
         ecep:pos="pp-f"
         ecep:reg="OF"
         ecep:spe="OF"
         ecep:syllab="1"
         ecep:pron="ɒv">OF</w>
      <c> </c>
      <w xml:id="o5280-2160250"
         n="683-a-0260"
         ecep:lem="Leven"
         ecep:pos="np1"
         ecep:reg="LEVEN"
         ecep:spe="LEVEN"
         ecep:syllab="2"
         ecep:pron="lˈiːvən">LEVEN</w>
      <c> </c>
      <w xml:id="o5280-2160260"
         n="683-a-0270"
         ecep:lem="and"
         ecep:pos="cc"
         ecep:reg="AND"
         ecep:spe="AND"
         ecep:syllab="1"
         ecep:pron="ænd">AND</w>
      <c> </c>
      <w xml:id="o5280-2160270"
         n="683-a-0280"
         ecep:lem="Melvil"
         ecep:pos="np1"
         ecep:reg="MELVIL"
         ecep:spe="MELVIL"
         ecep:syllab="2"
         ecep:pron="mˈelvəl">MELVIL</w>
      <pc xml:id="o5280-2160280"
          n="683-a-0290"
          unit="sentence"
          ecep:lem="."
          ecep:pos="."
          ecep:reg="."
          ecep:spe=".">.</pc>
   </head>
   <lg xml:id="o5280-s00150">
      <l xml:id="o5280-l02805">
         <w xml:id="o5280-2160310"
            n="683-a-0300"
            ecep:lem="where"
            ecep:pos="c-crq"
            ecep:reg="WHERE"
            ecep:spe="WHERE"
            ecep:syllab="1"
            ecep:pron="weə">WHERE</w>
         <c> </c>
         <w xml:id="o5280-2160320"
            n="683-a-0310"
            ecep:lem="fair-haired"
            ecep:pos="j"
            ecep:reg="fairhaired"
            ecep:spe="fair-hair'd"
            ecep:syllab="2"
            ecep:pron="ˌfeəˈheəd">fair-hair'd</w>
         <c> </c>
         <w xml:id="o5280-2160330"
            n="683-a-0320"
            ecep:lem="oscar"
            ecep:pos="np1|vbz"
            ecep:reg="Oscar's"
            ecep:spe="Oscar's"
            ecep:syllab="2"
            ecep:pron="ˈɒskəz">Oscar's</w>
         <c> </c>
         <w xml:id="o5280-2160340"
            n="683-a-0330"
            ecep:lem="lay"
            ecep:pos="vvn"
            ecep:reg="laid"
            ecep:spe="laid"
            ecep:syllab="1"
            ecep:pron="leɪd">laid</w>
         <c> </c>
         <w xml:id="o5280-2160350"
            n="683-a-0340"
            ecep:lem="to"
            ecep:pos="pc-acp"
            ecep:reg="to"
            ecep:spe="to"
            ecep:syllab="1"
            ecep:pron="tuː">to</w>
         <c> </c>
         <w xml:id="o5280-2160360"
            n="683-a-0350"
            ecep:lem="sleep"
            ecep:pos="vvi"
            ecep:reg="sleep"
            ecep:spe="sleep"
            ecep:syllab="1"
            ecep:pron="sliːp">sleep</w>
         <pc xml:id="o5280-2160370"
             n="683-a-0360"
             ecep:lem=","
             ecep:pos=","
             ecep:reg=","
             ecep:spe=",">,</pc>
      </l>
      <l xml:id="o5280-l02810">
         <c> </c>
         <w xml:id="o5280-2160380"
            n="683-a-0370"
            ecep:lem="a"
            ecep:pos="dt"
            ecep:reg="A"
            ecep:spe="A"
            ecep:syllab="1"
            ecep:pron="ə">A</w>
         <c> </c>
         <w xml:id="o5280-2160390"
            n="683-a-0380"
            ecep:lem="thousand"
            ecep:pos="crd"
            ecep:reg="thousand"
            ecep:spe="thousand"
            ecep:syllab="2"
            ecep:pron="ˈθaʊzənd">thousand</w>
         <c> </c>
         <w xml:id="o5280-2160400"
            n="683-a-0390"
            ecep:lem="droop"
            ecep:pos="j-vvg"
            ecep:reg="drooping"
            ecep:spe="drooping"
            ecep:syllab="2"
            ecep:pron="ˈdruːpɪŋ">drooping</w>
         <c> </c>
         <w xml:id="o5280-2160410"
            n="683-a-0400"
            ecep:lem="maiden"
            ecep:pos="n2"
            ecep:reg="maidens"
            ecep:spe="maidens"
            ecep:syllab="2"
            ecep:pron="ˈmeɪdnz">maidens</w>
         <c> </c>
         <w xml:id="o5280-2160420"
            n="683-a-0410"
            ecep:lem="weep"
            ecep:pos="vvi"
            ecep:reg="weep"
            ecep:spe="weep"
            ecep:syllab="1"
            ecep:pron="wiːp">weep</w>
         <pc xml:id="o5280-2160430"
             n="683-a-0420"
             ecep:lem=";"
             ecep:pos=";"
             ecep:reg=";"
             ecep:spe=";">;</pc>
      </l>
      <l xml:id="o5280-l02815">
         <c> </c>
         <w xml:id="o5280-2160440"
            n="683-a-0430"
            ecep:lem="their"
            ecep:pos="po32"
            ecep:reg="Their"
            ecep:spe="Their"
            ecep:syllab="1"
            ecep:pron="ðeə">Their</w>
         <c> </c>
         <w xml:id="o5280-2160450"
            n="683-a-0440"
            ecep:lem="golden"
            ecep:pos="j"
            ecep:reg="golden"
            ecep:spe="golden"
            ecep:syllab="2"
            ecep:pron="ˈgəʊldən">golden</w>
         <c> </c>
         <w xml:id="o5280-2160460"
            n="683-a-0450"
            ecep:lem="tress"
            ecep:pos="n2"
            ecep:reg="tresses"
            ecep:spe="tresses"
            ecep:syllab="2"
            ecep:pron="ˈtresɪz">tresses</w>
         <c> </c>
         <w xml:id="o5280-2160470"
            n="683-a-0460"
            ecep:lem="now"
            ecep:pos="av"
            ecep:reg="now"
            ecep:spe="now"
            ecep:syllab="1"
            ecep:pron="naʊ">now</w>
         <c> </c>
         <w xml:id="o5280-2160480"
            n="683-a-0470"
            ecep:lem="they"
            ecep:pos="pns32"
            ecep:reg="they"
            ecep:spe="they"
            ecep:syllab="1"
            ecep:pron="ðeɪ">they</w>
         <c> </c>
         <w xml:id="o5280-2160490"
            n="683-a-0480"
            ecep:lem="tear"
            ecep:pos="vvb"
            ecep:reg="tear"
            ecep:spe="tear"
            ecep:syllab="1"
            ecep:pron="teə">tear</w>
         <pc xml:id="o5280-2160500"
             n="683-a-0490"
             ecep:lem=","
             ecep:pos=","
             ecep:reg=","
             ecep:spe=",">,</pc>
      </l>
      <l xml:id="o5280-l02820">
         <c> </c>
         <w xml:id="o5280-2160510"
            n="683-a-0500"
            ecep:lem="and"
            ecep:pos="cc"
            ecep:reg="And"
            ecep:spe="And"
            ecep:syllab="1"
            ecep:pron="ænd">And</w>
         <c> </c>
         <w xml:id="o5280-2160520"
            n="683-a-0510"
            ecep:lem="wild"
            ecep:pos="av-j"
            ecep:reg="wildly"
            ecep:spe="wildly"
            ecep:syllab="2"
            ecep:pron="ˈwaɪldlɪ">wildly</w>
         <c> </c>
         <w xml:id="o5280-2160530"
            n="683-a-0520"
            ecep:lem="give"
            ecep:pos="vvi"
            ecep:reg="give"
            ecep:spe="give"
            ecep:syllab="1"
            ecep:pron="gɪv">give</w>
         <c> </c>
         <w xml:id="o5280-2160540"
            n="683-a-0530"
            ecep:lem="they"
            ecep:pos="pno32"
            ecep:reg="them"
            ecep:spe="them"
            ecep:syllab="1"
            ecep:pron="ðem">them</w>
         <c> </c>
         <w xml:id="o5280-2160550"
            n="683-a-0540"
            ecep:lem="to"
            ecep:pos="p-acp"
            ecep:reg="to"
            ecep:spe="to"
            ecep:syllab="1"
            ecep:pron="tuː">to</w>
         <c> </c>
         <w xml:id="o5280-2160560"
            n="683-a-0550"
            ecep:lem="the"
            ecep:pos="dt"
            ecep:reg="the"
            ecep:spe="the"
            ecep:syllab="1"
            ecep:pron="ðə">the</w>
         <c> </c>
         <w xml:id="o5280-2160570"
            n="683-a-0560"
            ecep:lem="air"
            ecep:pos="n1"
            ecep:reg="air"
            ecep:spe="air"
            ecep:syllab="1"
            ecep:pron="eə">air</w>
         <pc xml:id="o5280-2160580"
             n="683-a-0570"
             ecep:lem=";"
             ecep:pos=";"
             ecep:reg=";"
             ecep:spe=";">;</pc>
      </l>
      <l xml:id="o5280-l02825">
         <c> </c>
         <w xml:id="o5280-2160590"
            n="683-a-0580"
            ecep:lem="Hark!"
            ecep:pos="np1"
            ecep:reg="Hark!"
            ecep:spe="Hark!"
            ecep:syllab="1"
            ecep:pron="hˈɑːk">Hark!</w>
         <c> </c>
         <w xml:id="o5280-2160600"
            n="683-a-0590"
            ecep:lem="now"
            ecep:pos="av"
            ecep:reg="now"
            ecep:spe="now"
            ecep:syllab="1"
            ecep:pron="naʊ">now</w>
         <c> </c>
         <w xml:id="o5280-2160610"
            n="683-a-0600"
            ecep:lem="they"
            ecep:pos="pns32"
            ecep:reg="they"
            ecep:spe="they"
            ecep:syllab="1"
            ecep:pron="ðeɪ">they</w>
         <c> </c>
         <w xml:id="o5280-2160620"
            n="683-a-0610"
            ecep:lem="raise"
            ecep:pos="vvb"
            ecep:reg="raise"
            ecep:spe="raise"
            ecep:syllab="1"
            ecep:pron="reɪz">raise</w>
         <c> </c>
         <w xml:id="o5280-2160630"
            n="683-a-0620"
            ecep:lem="the"
            ecep:pos="dt"
            ecep:reg="the"
            ecep:spe="the"
            ecep:syllab="1"
            ecep:pron="ðə">the</w>
         <c> </c>
         <w xml:id="o5280-2160640"
            n="683-a-0630"
            ecep:lem="song"
            ecep:pos="n1"
            ecep:reg="song"
            ecep:spe="song"
            ecep:syllab="1"
            ecep:pron="sɒŋ">song</w>
         <c> </c>
         <w xml:id="o5280-2160650"
            n="683-a-0640"
            ecep:lem="of"
            ecep:pos="pp-f"
            ecep:reg="of"
            ecep:spe="of"
            ecep:syllab="1"
            ecep:pron="ɒv">of</w>
         <c> </c>
         <w xml:id="o5280-2160660"
            n="683-a-0650"
            ecep:lem="woe"
            ecep:pos="n1"
            ecep:reg="woe"
            ecep:spe="woe"
            ecep:syllab="1"
            ecep:pron="wəʊ">woe</w>
         <pc xml:id="o5280-2160670"
             n="683-a-0660"
             ecep:lem=","
             ecep:pos=","
             ecep:reg=","
             ecep:spe=",">,</pc>
      </l>
      <l xml:id="o5280-l02830">
         <c> </c>
         <w xml:id="o5280-2160680"
            n="683-a-0670"
            ecep:lem="see"
            ecep:pos="vvb"
            ecep:reg="See"
            ecep:spe="See"
            ecep:syllab="1"
            ecep:pron="siː">See</w>
         <c> </c>
         <w xml:id="o5280-2160690"
            n="683-a-0680"
            ecep:lem="how"
            ecep:pos="c-crq"
            ecep:reg="how"
            ecep:spe="how"
            ecep:syllab="1"
            ecep:pron="haʊ">how</w>
         <c> </c>
         <w xml:id="o5280-2160700"
            n="683-a-0690"
            ecep:lem="their"
            ecep:pos="po32"
            ecep:reg="their"
            ecep:spe="their"
            ecep:syllab="1"
            ecep:pron="ðeə">their</w>
         <c> </c>
         <w xml:id="o5280-2160710"
            n="683-a-0700"
            ecep:lem="tear"
            ecep:pos="n2"
            ecep:reg="tears"
            ecep:spe="tears"
            ecep:syllab="1"
            ecep:pron="tɪəz">tears</w>
         <c> </c>
         <w xml:id="o5280-2160720"
            n="683-a-0710"
            ecep:lem="in"
            ecep:pos="p-acp"
            ecep:reg="in"
            ecep:spe="in"
            ecep:syllab="1"
            ecep:pron="ɪn">in</w>
         <c> </c>
         <w xml:id="o5280-2160730"
            n="683-a-0720"
            ecep:lem="torrent"
            ecep:pos="n2"
            ecep:reg="torrents"
            ecep:spe="torrents"
            ecep:syllab="2"
            ecep:pron="ˈtɒrənts">torrents</w>
         <c> </c>
         <w xml:id="o5280-2160740"
            n="683-a-0730"
            ecep:lem="flow"
            ecep:pos="vvb"
            ecep:reg="flow"
            ecep:spe="flow"
            ecep:syllab="1"
            ecep:pron="fləʊ">flow</w>
         <pc xml:id="o5280-2160750"
             n="683-a-0740"
             ecep:lem=";"
             ecep:pos=";"
             ecep:reg=";"
             ecep:spe=";">;</pc>
      </l>
      <l xml:id="o5280-l02835">
         <c> </c>
         <w xml:id="o5280-2160760"
            n="683-a-0750"
            ecep:lem="and"
            ecep:pos="cc"
            ecep:reg="And"
            ecep:spe="And"
            ecep:syllab="1"
            ecep:pron="ænd">And</w>
         <c> </c>
         <w xml:id="o5280-2160770"
            n="683-a-0760"
            ecep:lem="while"
            ecep:pos="cs"
            ecep:reg="while"
            ecep:spe="whilst"
            ecep:syllab="1"
            ecep:pron="waɪlst">whilst</w>
         <c> </c>
         <w xml:id="o5280-2160780"
            n="683-a-0770"
            ecep:lem="his"
            ecep:pos="po31"
            ecep:reg="his"
            ecep:spe="his"
            ecep:syllab="1"
            ecep:pron="hɪz">his</w>
         <c> </c>
         <w xml:id="o5280-2160790"
            n="683-a-0780"
            ecep:lem="dirge"
            ecep:pos="n1"
            ecep:reg="dirge"
            ecep:spe="dirge"
            ecep:syllab="1"
            ecep:pron="dɜːdʒ">dirge</w>
         <c> </c>
         <w xml:id="o5280-2160800"
            n="683-a-0790"
            ecep:lem="they"
            ecep:pos="pns32"
            ecep:reg="they"
            ecep:spe="they"
            ecep:syllab="1"
            ecep:pron="ðeɪ">they</w>
         <c> </c>
         <w xml:id="o5280-2160810"
            n="683-a-0800"
            ecep:lem="plaintive"
            ecep:pos="j"
            ecep:reg="plaintive"
            ecep:spe="plaintive"
            ecep:syllab="2"
            ecep:pron="ˈpleɪntɪv">plaintive</w>
         <c> </c>
         <w xml:id="o5280-2160820"
            n="683-a-0810"
            ecep:lem="sing"
            ecep:pos="vvi"
            ecep:reg="sing"
            ecep:spe="sing"
            ecep:syllab="1"
            ecep:pron="sɪŋ">sing</w>
         <pc xml:id="o5280-2160830"
             n="683-a-0820"
             ecep:lem=","
             ecep:pos=","
             ecep:reg=","
             ecep:spe=",">,</pc>
      </l>
      <l xml:id="o5280-l02840">
         <c> </c>
         <w xml:id="o5280-2160840"
            n="683-a-0830"
            ecep:lem="with"
            ecep:pos="p-acp"
            ecep:reg="With"
            ecep:spe="With"
            ecep:syllab="1"
            ecep:pron="wɪð">With</w>
         <c> </c>
         <w xml:id="o5280-2160850"
            n="683-a-0840"
            ecep:lem="echo"
            ecep:pos="n1"
            ecep:reg="echo"
            ecep:spe="echo"
            ecep:syllab="2"
            ecep:pron="ˈekəʊ">echo</w>
         <c> </c>
         <w xml:id="o5280-2160860"
            n="683-a-0850"
            ecep:lem="sad"
            ecep:pos="j"
            ecep:reg="sad"
            ecep:spe="sad"
            ecep:syllab="1"
            ecep:pron="sæd">sad</w>
         <c> </c>
         <w xml:id="o5280-2160870"
            n="683-a-0860"
            ecep:lem="the"
            ecep:pos="dt"
            ecep:reg="the"
            ecep:spe="the"
            ecep:syllab="1"
            ecep:pron="ðə">the</w>
         <c> </c>
         <w xml:id="o5280-2160880"
            n="683-a-0870"
            ecep:lem="cavern"
            ecep:pos="n2"
            ecep:reg="caverns"
            ecep:spe="caverns"
            ecep:syllab="2"
            ecep:pron="ˈkævnz">caverns</w>
         <c> </c>
         <w xml:id="o5280-2160890"
            n="683-a-0880"
            ecep:lem="ring"
            ecep:pos="vvb"
            ecep:reg="ring"
            ecep:spe="ring"
            ecep:syllab="1"
            ecep:pron="rɪŋ">ring</w>
         <pc xml:id="o5280-2160900"
             n="683-a-0890"
             ecep:lem=";"
             ecep:pos=";"
             ecep:reg=";"
             ecep:spe=";">;</pc>
      </l>
      <l xml:id="o5280-l02845">
         <c> </c>
         <w xml:id="o5280-2160910"
            n="683-a-0900"
            ecep:lem="see"
            ecep:pos="vvb"
            ecep:reg="See"
            ecep:spe="See"
            ecep:syllab="1"
            ecep:pron="siː">See</w>
         <c> </c>
         <w xml:id="o5280-2160920"
            n="683-a-0910"
            ecep:lem="Malvina"
            ecep:pos="np1"
            ecep:reg="Malvina"
            ecep:spe="Malvina"
            ecep:syllab="3"
            ecep:pron="mˈælvɪnə">Malvina</w>
         <c> </c>
         <w xml:id="o5280-2160930"
            n="683-a-0920"
            ecep:lem="bend"
            ecep:pos="vvz"
            ecep:reg="bends"
            ecep:spe="bends"
            ecep:syllab="1"
            ecep:pron="bendz">bends</w>
         <pc xml:id="o5280-2160940"
             n="683-a-0930"
             ecep:lem=","
             ecep:pos=","
             ecep:reg=","
             ecep:spe=",">,</pc>
         <c> </c>
         <w xml:id="o5280-2160950"
            n="683-a-0940"
            ecep:lem="and"
            ecep:pos="cc"
            ecep:reg="and"
            ecep:spe="and"
            ecep:syllab="1"
            ecep:pron="ænd">and</w>
         <c> </c>
         <w xml:id="o5280-2160960"
            n="683-a-0950"
            ecep:lem="weep"
            ecep:pos="vvz"
            ecep:reg="weeps"
            ecep:spe="weeps"
            ecep:syllab="1"
            ecep:pron="wiːps">weeps</w>
      </l>
      <l xml:id="o5280-l02850">
         <c> </c>
         <w xml:id="o5280-2160970"
            n="683-a-0960"
            ecep:lem="over"
            ecep:pos="p-acp"
            ecep:reg="Over"
            ecep:spe="O'er"
            ecep:syllab="1"
            ecep:pron="əʊə">O'er</w>
         <c> </c>
         <w xml:id="o5280-2160980"
            n="683-a-0970"
            ecep:lem="the"
            ecep:pos="dt"
            ecep:reg="the"
            ecep:spe="the"
            ecep:syllab="1"
            ecep:pron="ðə">the</w>
         <c> </c>
         <w xml:id="o5280-2160990"
            n="683-a-0980"
            ecep:lem="turf"
            ecep:pos="n1"
            ecep:reg="turf"
            ecep:spe="turf"
            ecep:syllab="1"
            ecep:pron="tɜːf">turf</w>
         <c> </c>
         <w xml:id="o5280-2161000"
            n="683-a-0990"
            ecep:lem="where"
            ecep:pos="c-crq"
            ecep:reg="where"
            ecep:spe="where"
            ecep:syllab="1"
            ecep:pron="weə">where</w>
         <c> </c>
         <w xml:id="o5280-2161010"
            n="683-a-1000"
            ecep:lem="Oscar"
            ecep:pos="np1"
            ecep:reg="Oscar"
            ecep:spe="Oscar"
            ecep:syllab="2"
            ecep:pron="ˈɒskə">Oscar</w>
         <c> </c>
         <w xml:id="o5280-2161020"
            n="683-a-1010"
            ecep:lem="sleep"
            ecep:pos="vvz"
            ecep:reg="sleeps"
            ecep:spe="sleeps"
            ecep:syllab="1"
            ecep:pron="sliːps">sleeps</w>
         <pc xml:id="o5280-2161030"
             n="683-a-1020"
             ecep:lem=";"
             ecep:pos=";"
             ecep:reg=";"
             ecep:spe=";">;</pc>
      </l>
      <pb facs="684" n="40" rend="none"/>
      <l xml:id="o5280-l02855">
         <c> </c>
         <w xml:id="o5280-2161040"
            n="684-a-0010"
            ecep:lem="mark"
            ecep:pos="vvb"
            ecep:reg="Mark"
            ecep:spe="Mark"
            ecep:syllab="1"
            ecep:pron="mɑːk">Mark</w>
         <c> </c>
         <w xml:id="o5280-2161050"
            n="684-a-0020"
            ecep:lem="that"
            ecep:pos="d"
            ecep:reg="that"
            ecep:spe="that"
            ecep:syllab="1"
            ecep:pron="ðæt">that</w>
         <c> </c>
         <w xml:id="o5280-2161060"
            n="684-a-0030"
            ecep:lem="sigh"
            ecep:pos="n1"
            ecep:reg="sigh"
            ecep:spe="sigh"
            ecep:syllab="1"
            ecep:pron="saɪ">sigh</w>
         <pc xml:id="o5280-2161070"
             n="684-a-0040"
             ecep:lem=";"
             ecep:pos=";"
             ecep:reg=";"
             ecep:spe=";">;</pc>
         <c> </c>
         <w xml:id="o5280-2161080"
            n="684-a-0050"
            ecep:lem="it"
            ecep:pos="pn31"
            ecep:reg="it"
            ecep:spe="it"
            ecep:syllab="1"
            ecep:pron="ɪt">it</w>
         <c> </c>
         <w xml:id="o5280-2161090"
            n="684-a-0060"
            ecep:lem="be"
            ecep:pos="vbds"
            ecep:reg="was"
            ecep:spe="was"
            ecep:syllab="1"
            ecep:pron="wɒz">was</w>
         <c> </c>
         <w xml:id="o5280-2161100"
            n="684-a-0070"
            ecep:lem="her"
            ecep:pos="po31"
            ecep:reg="her"
            ecep:spe="her"
            ecep:syllab="1"
            ecep:pron="hɜː">her</w>
         <c> </c>
         <w xml:id="o5280-2161110"
            n="684-a-0080"
            ecep:lem="last"
            ecep:pos="ord"
            ecep:reg="last"
            ecep:spe="last"
            ecep:syllab="1"
            ecep:pron="lɑːst">last</w>
         <pc xml:id="o5280-2161120"
             n="684-a-0090"
             ecep:lem=":"
             ecep:pos=":"
             ecep:reg=":"
             ecep:spe=":">:</pc>
      </l>
      <l xml:id="o5280-l02860">
         <c> </c>
         <w xml:id="o5280-2161130"
            n="684-a-0100"
            ecep:lem="now"
            ecep:pos="av"
            ecep:reg="Now"
            ecep:spe="Now"
            ecep:syllab="1"
            ecep:pron="naʊ">Now</w>
         <c> </c>
         <w xml:id="o5280-2161140"
            n="684-a-0110"
            ecep:lem="her"
            ecep:pos="po31"
            ecep:reg="her"
            ecep:spe="her"
            ecep:syllab="1"
            ecep:pron="hɜː">her</w>
         <c> </c>
         <w xml:id="o5280-2161150"
            n="684-a-0120"
            ecep:lem="sorrow"
            ecep:pos="n2"
            ecep:reg="sorrows"
            ecep:spe="sorrows"
            ecep:syllab="2"
            ecep:pron="ˈsɒrəʊz">sorrows</w>
         <c> </c>
         <w xml:id="o5280-2161160"
            n="684-a-0130"
            ecep:lem="all"
            ecep:pos="d"
            ecep:reg="all"
            ecep:spe="all"
            ecep:syllab="1"
            ecep:pron="ɔːl">all</w>
         <c> </c>
         <w xml:id="o5280-2161170"
            n="684-a-0140"
            ecep:lem="be"
            ecep:pos="vbr"
            ecep:reg="are"
            ecep:spe="are"
            ecep:syllab="1"
            ecep:pron="ɑː">are</w>
         <c> </c>
         <w xml:id="o5280-2161180"
            n="684-a-0150"
            ecep:lem="past"
            ecep:pos="j"
            ecep:reg="past"
            ecep:spe="past"
            ecep:syllab="1"
            ecep:pron="pɑːst">past</w>
         <pc xml:id="o5280-2161190"
             n="684-a-0160"
             unit="sentence"
             ecep:lem="."
             ecep:pos="."
             ecep:reg="."
             ecep:spe=".">.</pc>
         <c> </c>
      </l>
      <l xml:id="o5280-l02865">
         <w xml:id="o5280-2161200"
            n="684-a-0170"
            ecep:lem="with"
            ecep:pos="p-acp"
            ecep:reg="With"
            ecep:spe="With"
            ecep:syllab="1"
            ecep:pron="wɪð">With</w>
         <c> </c>
         <w xml:id="o5280-2161210"
            n="684-a-0180"
            ecep:lem="Oscar"
            ecep:pos="np1"
            ecep:reg="Oscar"
            ecep:spe="Oscar"
            ecep:syllab="2"
            ecep:pron="ˈɒskə">Oscar</w>
         <c> </c>
         <w xml:id="o5280-2161220"
            n="684-a-0190"
            ecep:lem="now"
            ecep:pos="av"
            ecep:reg="now"
            ecep:spe="now"
            ecep:syllab="1"
            ecep:pron="naʊ">now</w>
         <c> </c>
         <w xml:id="o5280-2161230"
            n="684-a-0200"
            ecep:lem="she"
            ecep:pos="pns31"
            ecep:reg="she"
            ecep:spe="she"
            ecep:syllab="1"
            ecep:pron="ʃiː">she</w>
         <c> </c>
         <w xml:id="o5280-2161240"
            n="684-a-0210"
            ecep:lem="tread"
            ecep:pos="vvz"
            ecep:reg="treads"
            ecep:spe="treads"
            ecep:syllab="1"
            ecep:pron="tredz">treads</w>
         <c> </c>
         <w xml:id="o5280-2161250"
            n="684-a-0220"
            ecep:lem="the"
            ecep:pos="dt"
            ecep:reg="the"
            ecep:spe="the"
            ecep:syllab="1"
            ecep:pron="ðə">the</w>
         <c> </c>
         <w xml:id="o5280-2161260"
            n="684-a-0230"
            ecep:lem="sky"
            ecep:pos="n1"
            ecep:reg="sky"
            ecep:spe="sky"
            ecep:syllab="1"
            ecep:pron="skaɪ">sky</w>
         <pc xml:id="o5280-2161270"
             n="684-a-0240"
             ecep:lem=";"
             ecep:pos=";"
             ecep:reg=";"
             ecep:spe=";">;</pc>
      </l>
      <l xml:id="o5280-l02870">
         <c> </c>
         <w xml:id="o5280-2161280"
            n="684-a-0250"
            ecep:lem="lo"
            ecep:pos="uh"
            ecep:reg="Lo"
            ecep:spe="Lo"
            ecep:syllab="1"
            ecep:pron="ləʊ">Lo</w>
         <pc xml:id="o5280-2161290"
             n="684-a-0260"
             ecep:lem="!"
             ecep:pos="!"
             ecep:reg="!"
             ecep:spe="!">!</pc>
         <c> </c>
         <w xml:id="o5280-2161300"
            n="684-a-0270"
            ecep:lem="she"
            ecep:pos="pns31"
            ecep:reg="she"
            ecep:spe="she"
            ecep:syllab="1"
            ecep:pron="ʃiː">she</w>
         <c> </c>
         <w xml:id="o5280-2161310"
            n="684-a-0280"
            ecep:lem="wing"
            ecep:pos="n2"
            ecep:reg="wings"
            ecep:spe="wings"
            ecep:syllab="1"
            ecep:pron="ˈwɪŋz">wings</w>
         <c> </c>
         <w xml:id="o5280-2161320"
            n="684-a-0290"
            ecep:lem="her"
            ecep:pos="po31"
            ecep:reg="her"
            ecep:spe="her"
            ecep:syllab="1"
            ecep:pron="hɜː">her</w>
         <c> </c>
         <w xml:id="o5280-2161330"
            n="684-a-0300"
            ecep:lem="flight"
            ecep:pos="n1"
            ecep:reg="flight"
            ecep:spe="flight"
            ecep:syllab="1"
            ecep:pron="flaɪt">flight</w>
         <c> </c>
         <w xml:id="o5280-2161340"
            n="684-a-0310"
            ecep:lem="on"
            ecep:pos="p-acp"
            ecep:reg="on"
            ecep:spe="on"
            ecep:syllab="1"
            ecep:pron="ɒn">on</w>
         <c> </c>
         <w xml:id="o5280-2161350"
            n="684-a-0320"
            ecep:lem="high"
            ecep:pos="j"
            ecep:reg="high"
            ecep:spe="high"
            ecep:syllab="1"
            ecep:pron="haɪ">high</w>
         <pc xml:id="o5280-2161360"
             n="684-a-0330"
             unit="sentence"
             ecep:lem="."
             ecep:pos="."
             ecep:reg="."
             ecep:spe=".">.</pc>
         <c> </c>
      </l>
      <l xml:id="o5280-l02875">
         <w xml:id="o5280-2161370"
            n="684-a-0340"
            ecep:lem="maid"
            ecep:pos="n2"
            ecep:reg="Maids"
            ecep:spe="Maids"
            ecep:syllab="1"
            ecep:pron="meɪdz">Maids</w>
         <c> </c>
         <w xml:id="o5280-2161380"
            n="684-a-0350"
            ecep:lem="of"
            ecep:pos="pp-f"
            ecep:reg="of"
            ecep:spe="of"
            ecep:syllab="1"
            ecep:pron="ɒv">of</w>
         <c> </c>
         <w xml:id="o5280-2161390"
            n="684-a-0360"
            ecep:lem="Morven"
            ecep:pos="np1"
            ecep:reg="Morven"
            ecep:spe="Morven"
            ecep:syllab="2"
            ecep:pron="mˈɔːvən">Morven</w>
         <pc xml:id="o5280-2161400"
             n="684-a-0370"
             ecep:lem=","
             ecep:pos=","
             ecep:reg=","
             ecep:spe=",">,</pc>
         <c> </c>
         <w xml:id="o5280-2161410"
            n="684-a-0380"
            ecep:lem="cease"
            ecep:pos="vvb"
            ecep:reg="cease"
            ecep:spe="cease"
            ecep:syllab="1"
            ecep:pron="siːs">cease</w>
         <c> </c>
         <w xml:id="o5280-2161420"
            n="684-a-0390"
            ecep:lem="to"
            ecep:pos="pc-acp"
            ecep:reg="to"
            ecep:spe="to"
            ecep:syllab="1"
            ecep:pron="tuː">to</w>
         <c> </c>
         <w xml:id="o5280-2161430"
            n="684-a-0400"
            ecep:lem="weep"
            ecep:pos="vvi"
            ecep:reg="weep"
            ecep:spe="weep"
            ecep:syllab="1"
            ecep:pron="wiːp">weep</w>
         <pc xml:id="o5280-2161440"
             n="684-a-0410"
             ecep:lem=","
             ecep:pos=","
             ecep:reg=","
             ecep:spe=",">,</pc>
      </l>
      <l xml:id="o5280-l02880">
         <c> </c>
         <w xml:id="o5280-2161450"
            n="684-a-0420"
            ecep:lem="for"
            ecep:pos="p-acp"
            ecep:reg="For"
            ecep:spe="For"
            ecep:syllab="1"
            ecep:pron="fɔː">For</w>
         <c> </c>
         <w xml:id="o5280-2161460"
            n="684-a-0430"
            ecep:lem="malvina"
            ecep:pos="npg1"
            ecep:reg="Malvina's"
            ecep:spe="Malvina's"
            ecep:syllab="3"
            ecep:pron="mˈælvɪnəz">Malvina's</w>
         <c> </c>
         <w xml:id="o5280-2161470"
            n="684-a-0440"
            ecep:lem="hush"
            ecep:pos="vvd"
            ecep:reg="hushed"
            ecep:spe="hush'd"
            ecep:syllab="1"
            ecep:pron="hʌʃt">hush'd</w>
         <c> </c>
         <w xml:id="o5280-2161480"
            n="684-a-0450"
            ecep:lem="to"
            ecep:pos="pc-acp"
            ecep:reg="to"
            ecep:spe="to"
            ecep:syllab="1"
            ecep:pron="tuː">to</w>
         <c> </c>
         <w xml:id="o5280-2161490"
            n="684-a-0460"
            ecep:lem="sleep"
            ecep:pos="vvi"
            ecep:reg="sleep"
            ecep:spe="sleep"
            ecep:syllab="1"
            ecep:pron="sliːp">sleep</w>
         <pc xml:id="o5280-2161500"
             n="684-a-0470"
             unit="sentence"
             ecep:lem="."
             ecep:pos="."
             ecep:reg="."
             ecep:spe=".">.</pc>
         <c> </c>
      </l>
      <l xml:id="o5280-l02885">
         <w xml:id="o5280-2161510"
            n="684-a-0480"
            ecep:lem="with"
            ecep:pos="p-acp"
            ecep:reg="With"
            ecep:spe="With"
            ecep:syllab="1"
            ecep:pron="wɪð">With</w>
         <c> </c>
         <w xml:id="o5280-2161520"
            n="684-a-0490"
            ecep:lem="Oscar"
            ecep:pos="np1"
            ecep:reg="Oscar"
            ecep:spe="Oscar"
            ecep:syllab="2"
            ecep:pron="ˈɒskə">Oscar</w>
         <c> </c>
         <w xml:id="o5280-2161530"
            n="684-a-0500"
            ecep:lem="now"
            ecep:pos="av"
            ecep:reg="now"
            ecep:spe="now"
            ecep:syllab="1"
            ecep:pron="naʊ">now</w>
         <c> </c>
         <w xml:id="o5280-2161540"
            n="684-a-0510"
            ecep:lem="in"
            ecep:pos="p-acp"
            ecep:reg="in"
            ecep:spe="in"
            ecep:syllab="1"
            ecep:pron="ɪn">in</w>
         <c> </c>
         <w xml:id="o5280-2161550"
            n="684-a-0520"
            ecep:lem="air"
            ecep:pos="n1"
            ecep:reg="air"
            ecep:spe="air"
            ecep:syllab="1"
            ecep:pron="eə">air</w>
         <c> </c>
         <w xml:id="o5280-2161560"
            n="684-a-0530"
            ecep:lem="she"
            ecep:pos="pns31"
            ecep:reg="she"
            ecep:spe="she"
            ecep:syllab="1"
            ecep:pron="ʃiː">she</w>
         <c> </c>
         <w xml:id="o5280-2161570"
            n="684-a-0540"
            ecep:lem="flit"
            ecep:pos="vvz"
            ecep:reg="flits"
            ecep:spe="flits"
            ecep:syllab="1"
            ecep:pron="flɪts">flits</w>
         <pc xml:id="o5280-2161580"
             n="684-a-0550"
             ecep:lem=":"
             ecep:pos=":"
             ecep:reg=":"
             ecep:spe=":">:</pc>
      </l>
      <l xml:id="o5280-l02890">
         <c> </c>
         <w xml:id="o5280-2161590"
            n="684-a-0560"
            ecep:lem="in"
            ecep:pos="p-acp"
            ecep:reg="In"
            ecep:spe="In"
            ecep:syllab="1"
            ecep:pron="ɪn">In</w>
         <c> </c>
         <w xml:id="o5280-2161600"
            n="684-a-0570"
            ecep:lem="odin"
            ecep:pos="npg1"
            ecep:reg="Odin's"
            ecep:spe="Odin's"
            ecep:syllab="2"
            ecep:pron="ˈəʊdɪnz">Odin's</w>
         <c> </c>
         <w xml:id="o5280-2161610"
            n="684-a-0580"
            ecep:lem="hall"
            ecep:pos="n1"
            ecep:reg="hall"
            ecep:spe="hall"
            ecep:syllab="1"
            ecep:pron="hɔːl">hall</w>
         <c> </c>
         <w xml:id="o5280-2161620"
            n="684-a-0590"
            ecep:lem="with"
            ecep:pos="p-acp"
            ecep:reg="with"
            ecep:spe="with"
            ecep:syllab="1"
            ecep:pron="wɪð">with</w>
         <c> </c>
         <w xml:id="o5280-2161630"
            n="684-a-0600"
            ecep:lem="he"
            ecep:pos="pno31"
            ecep:reg="him"
            ecep:spe="him"
            ecep:syllab="1"
            ecep:pron="hɪm">him</w>
         <c> </c>
         <w xml:id="o5280-2161640"
            n="684-a-0610"
            ecep:lem="she"
            ecep:pos="pns31"
            ecep:reg="she"
            ecep:spe="she"
            ecep:syllab="1"
            ecep:pron="ʃiː">she</w>
         <c> </c>
         <w xml:id="o5280-2161650"
            n="684-a-0620"
            ecep:lem="sit"
            ecep:pos="vvz"
            ecep:reg="sits"
            ecep:spe="sits"
            ecep:syllab="1"
            ecep:pron="sɪts">sits</w>
         <pc xml:id="o5280-2161660"
             n="684-a-0630"
             unit="sentence"
             ecep:lem="."
             ecep:pos="."
             ecep:reg="."
             ecep:spe=".">.</pc>
         <c> </c>
      </l>
      <l xml:id="o5280-l02895">
         <w xml:id="o5280-2161670"
            n="684-a-0640"
            ecep:lem="banish"
            ecep:pos="vvb"
            ecep:reg="Banish"
            ecep:spe="Banish"
            ecep:syllab="2"
            ecep:pron="ˈbænɪʃ">Banish</w>
         <c> </c>
         <w xml:id="o5280-2161680"
            n="684-a-0650"
            ecep:lem="grief"
            ecep:pos="n1"
            ecep:reg="grief"
            ecep:spe="grief"
            ecep:syllab="1"
            ecep:pron="griːf">grief</w>
         <pc xml:id="o5280-2161690"
             n="684-a-0660"
             ecep:lem=","
             ecep:pos=","
             ecep:reg=","
             ecep:spe=",">,</pc>
         <c> </c>
         <w xml:id="o5280-2161700"
            n="684-a-0670"
            ecep:lem="let"
            ecep:pos="vvb"
            ecep:reg="let"
            ecep:spe="let"
            ecep:syllab="1"
            ecep:pron="let">let</w>
         <c> </c>
         <w xml:id="o5280-2161710"
            n="684-a-0680"
            ecep:lem="sorrow"
            ecep:pos="n1"
            ecep:reg="sorrow"
            ecep:spe="sorrow"
            ecep:syllab="2"
            ecep:pron="ˈsɒrəʊ">sorrow</w>
         <c> </c>
         <w xml:id="o5280-2161720"
            n="684-a-0690"
            ecep:lem="cease"
            ecep:pos="vvi"
            ecep:reg="cease"
            ecep:spe="cease"
            ecep:syllab="1"
            ecep:pron="siːs">cease</w>
         <pc xml:id="o5280-2161730"
             n="684-a-0700"
             ecep:lem=","
             ecep:pos=","
             ecep:reg=","
             ecep:spe=",">,</pc>
      </l>
      <l xml:id="o5280-l02900">
         <c> </c>
         <w xml:id="o5280-2161740"
            n="684-a-0710"
            ecep:lem="since"
            ecep:pos="c-acp"
            ecep:reg="Since"
            ecep:spe="Since"
            ecep:syllab="1"
            ecep:pron="sɪns">Since</w>
         <c> </c>
         <w xml:id="o5280-2161750"
            n="684-a-0720"
            ecep:lem="their"
            ecep:pos="po32"
            ecep:reg="their"
            ecep:spe="their"
            ecep:syllab="1"
            ecep:pron="ðeə">their</w>
         <c> </c>
         <w xml:id="o5280-2161760"
            n="684-a-0730"
            ecep:lem="body"
            ecep:pos="n2"
            ecep:reg="bodies"
            ecep:spe="bodies"
            ecep:syllab="2"
            ecep:pron="ˈbɒdɪz">bodies</w>
         <c> </c>
         <w xml:id="o5280-2161770"
            n="684-a-0740"
            ecep:lem="rest"
            ecep:pos="vvi"
            ecep:reg="rest"
            ecep:spe="rest"
            ecep:syllab="1"
            ecep:pron="rest">rest</w>
         <c> </c>
         <w xml:id="o5280-2161780"
            n="684-a-0750"
            ecep:lem="in"
            ecep:pos="p-acp"
            ecep:reg="in"
            ecep:spe="in"
            ecep:syllab="1"
            ecep:pron="ɪn">in</w>
         <c> </c>
         <w xml:id="o5280-2161790"
            n="684-a-0760"
            ecep:lem="peace"
            ecep:pos="n1"
            ecep:reg="peace"
            ecep:spe="peace"
            ecep:syllab="1"
            ecep:pron="piːs">peace</w>
         <pc xml:id="o5280-2161800"
             n="684-a-0770"
             unit="sentence"
             ecep:lem="."
             ecep:pos="."
             ecep:reg="."
             ecep:spe=".">.</pc>
         <c> </c>
      </l>
      <l xml:id="o5280-l02905">
         <w xml:id="o5280-2161810"
            n="684-a-0780"
            ecep:lem="cease"
            ecep:pos="vvb"
            ecep:reg="Cease"
            ecep:spe="Cease"
            ecep:syllab="1"
            ecep:pron="siːs">Cease</w>
         <pc xml:id="o5280-2161820"
             n="684-a-0790"
             ecep:lem=","
             ecep:pos=","
             ecep:reg=","
             ecep:spe=",">,</pc>
         <c> </c>
         <w xml:id="o5280-2161830"
            n="684-a-0800"
            ecep:lem="lovely"
            ecep:pos="j"
            ecep:reg="lovely"
            ecep:spe="lovely"
            ecep:syllab="2"
            ecep:pron="ˈlʌvlɪ">lovely</w>
         <c> </c>
         <w xml:id="o5280-2161840"
            n="684-a-0810"
            ecep:lem="daughter"
            ecep:pos="n2"
            ecep:reg="Daughters"
            ecep:spe="Daughters"
            ecep:syllab="2"
            ecep:pron="ˈdɔːtəz">Daughters</w>
         <c> </c>
         <w xml:id="o5280-2161850"
            n="684-a-0820"
            ecep:lem="of"
            ecep:pos="pp-f"
            ecep:reg="of"
            ecep:spe="of"
            ecep:syllab="1"
            ecep:pron="ɒv">of</w>
         <c> </c>
         <w xml:id="o5280-2161860"
            n="684-a-0830"
            ecep:lem="the"
            ecep:pos="dt"
            ecep:reg="the"
            ecep:spe="the"
            ecep:syllab="1"
            ecep:pron="ðə">the</w>
         <c> </c>
         <w xml:id="o5280-2161870"
            n="684-a-0840"
            ecep:lem="Dale"
            ecep:pos="np1"
            ecep:reg="Dale"
            ecep:spe="Dale"
            ecep:syllab="1"
            ecep:pron="deɪl">Dale</w>
         <pc xml:id="o5280-2161880"
             n="684-a-0850"
             ecep:lem=","
             ecep:pos=","
             ecep:reg=","
             ecep:spe=",">,</pc>
      </l>
      <l xml:id="o5280-l02910">
         <c> </c>
         <w xml:id="o5280-2161890"
            n="684-a-0860"
            ecep:lem="over"
            ecep:pos="p-acp"
            ecep:reg="Over"
            ecep:spe="O'er"
            ecep:syllab="1"
            ecep:pron="əʊə">O'er</w>
         <c> </c>
         <w xml:id="o5280-2161900"
            n="684-a-0870"
            ecep:lem="Malvina"
            ecep:pos="np1"
            ecep:reg="Malvina"
            ecep:spe="Malvina"
            ecep:syllab="3"
            ecep:pron="mˈælvɪnə">Malvina</w>
         <c> </c>
         <w xml:id="o5280-2161910"
            n="684-a-0880"
            ecep:lem="cease"
            ecep:pos="vvi"
            ecep:reg="cease"
            ecep:spe="cease"
            ecep:syllab="1"
            ecep:pron="siːs">cease</w>
         <c> </c>
         <w xml:id="o5280-2161920"
            n="684-a-0890"
            ecep:lem="to"
            ecep:pos="pc-acp"
            ecep:reg="to"
            ecep:spe="to"
            ecep:syllab="1"
            ecep:pron="tuː">to</w>
         <c> </c>
         <w xml:id="o5280-2161930"
            n="684-a-0900"
            ecep:lem="wail"
            ecep:pos="vvi"
            ecep:reg="wail"
            ecep:spe="wail"
            ecep:syllab="1"
            ecep:pron="weɪl">wail</w>
         <pc xml:id="o5280-2161940"
             n="684-a-0910"
             unit="sentence"
             ecep:lem="."
             ecep:pos="."
             ecep:reg="."
             ecep:spe=".">.</pc>
         <c> </c>
      </l>
   </lg>
</div>
