<?xml version="1.0" encoding="utf-8"?>
<!DOCTYPE div
  SYSTEM "about:legacy-compat">
<div xmlns:ecep="http://www.eighteenthcenturypoetry.org/ns"
     xmlns="http://www.tei-c.org/ns/1.0"
     xmlns:tei="http://www.tei-c.org/ns/1.0"
     ana="#anapaest #tetrameter #cross #quatrain #acephal #song"
     corresp="#txt_HuntAn1741_w0044"
     decls="#semi-normalized"
     ecep:syllab="12.12.12.12"
     met="-+|--+|--+|--+|-/ -+|--+|--+|--+/ -+|--+|--+|--+|-/ -+|--+|--+|--+/"
     rendition="#lgvspace"
     rhyme="abab"
     subtype="eceptext"
     type="poem"
     xml:id="bah18-w0440">
   <link target="authors.xml#aut_HuntAn1741" type="author"/>
   <head type="main">
      <w xml:id="bah18-135580"
         n="a-0710"
         ecep:lem="song"
         ecep:pos="n1"
         ecep:reg="SONG"
         ecep:spe="SONG"
         ecep:syllab="1"
         ecep:pron="sɒŋ">SONG</w>
      <pc xml:id="bah18-135590"
          n="a-0720"
          unit="sentence"
          ecep:lem="."
          ecep:pos="."
          ecep:reg="."
          ecep:spe=".">.</pc>
   </head>
   <lg xml:id="bah18-s01115">
      <l xml:id="bah18-l06355">
         <w xml:id="bah18-135620"
            n="a-0730"
            ecep:lem="to"
            ecep:pos="p-acp"
            ecep:reg="TO"
            ecep:spe="TO"
            ecep:syllab="1"
            ecep:pron="tuː">TO</w>
         <c> </c>
         <w xml:id="bah18-135630"
            n="a-0740"
            ecep:lem="wander"
            ecep:pos="vvi"
            ecep:reg="wander"
            ecep:spe="wander"
            ecep:syllab="2"
            ecep:pron="ˈwɒndə">wander</w>
         <c> </c>
         <w xml:id="bah18-135640"
            n="a-0750"
            ecep:lem="alone"
            ecep:pos="av-j"
            ecep:reg="alone"
            ecep:spe="alone"
            ecep:syllab="2"
            ecep:pron="əˈləʊn">alone</w>
         <c> </c>
         <w xml:id="bah18-135650"
            n="a-0760"
            ecep:lem="when"
            ecep:pos="c-crq"
            ecep:reg="when"
            ecep:spe="when"
            ecep:syllab="1"
            ecep:pron="wen">when</w>
         <c> </c>
         <w xml:id="bah18-135660"
            n="a-0770"
            ecep:lem="the"
            ecep:pos="dt"
            ecep:reg="the"
            ecep:spe="the"
            ecep:syllab="1"
            ecep:pron="ðiː">the</w>
         <c> </c>
         <w xml:id="bah18-135670"
            n="a-0780"
            ecep:lem="moon"
            ecep:pos="n1"
            ecep:reg="moon"
            ecep:spe="moon"
            ecep:syllab="1"
            ecep:pron="muːn">moon</w>
         <c> </c>
         <w xml:id="bah18-135680"
            n="a-0790"
            ecep:lem="faint"
            ecep:pos="av-j"
            ecep:reg="faintly"
            ecep:spe="faintly"
            ecep:syllab="2"
            ecep:pron="ˈfeɪntli">faintly</w>
         <c> </c>
         <w xml:id="bah18-135690"
            n="a-0800"
            ecep:lem="beam"
            ecep:pos="vvg"
            ecep:reg="beaming"
            ecep:spe="beaming"
            ecep:syllab="2"
            ecep:pron="ˈbiːmɪŋ">beaming</w>
         <pc xml:id="bah18-135700"
             n="a-0810"
             ecep:lem=","
             ecep:pos=","
             ecep:reg=","
             ecep:spe=",">,</pc>
      </l>
      <l rendition="#h_3" xml:id="bah18-l06360">
         <c> </c>
         <w xml:id="bah18-135710"
            n="a-0820"
            ecep:lem="with"
            ecep:pos="p-acp"
            ecep:reg="With"
            ecep:spe="With"
            ecep:syllab="1"
            ecep:pron="wɪð">With</w>
         <c> </c>
         <w xml:id="bah18-135720"
            n="a-0830"
            ecep:lem="glimmer"
            ecep:pos="j-vvg"
            ecep:reg="glimmering"
            ecep:spe="glimmering"
            ecep:syllab="3"
            ecep:pron="ˈglɪmərɪŋ">glimmering</w>
         <c> </c>
         <w xml:id="bah18-135730"
            n="a-0840"
            ecep:lem="lustre"
            ecep:pos="n1"
            ecep:reg="lustre"
            ecep:spe="lustre"
            ecep:syllab="2"
            ecep:pron="ˈlʌstə">lustre</w>
         <c> </c>
         <w xml:id="bah18-135740"
            n="a-0850"
            ecep:lem="dart"
            ecep:pos="vvz"
            ecep:reg="darts"
            ecep:spe="darts"
            ecep:syllab="1"
            ecep:pron="dɑːts">darts</w>
         <c> </c>
         <w xml:id="bah18-135750"
            n="a-0860"
            ecep:lem="through"
            ecep:pos="p-acp"
            ecep:reg="through"
            ecep:spe="through"
            ecep:syllab="1"
            ecep:pron="θruː">through</w>
         <c> </c>
         <w xml:id="bah18-135760"
            n="a-0870"
            ecep:lem="the"
            ecep:pos="dt"
            ecep:reg="the"
            ecep:spe="the"
            ecep:syllab="1"
            ecep:pron="ðiː">the</w>
         <c> </c>
         <w xml:id="bah18-135770"
            n="a-0880"
            ecep:lem="dim"
            ecep:pos="j"
            ecep:reg="dim"
            ecep:spe="dim"
            ecep:syllab="1"
            ecep:pron="dɪm">dim</w>
         <c> </c>
         <w xml:id="bah18-135780"
            n="a-0890"
            ecep:lem="shade"
            ecep:pos="n1"
            ecep:reg="shade"
            ecep:spe="shade"
            ecep:syllab="1"
            ecep:pron="ʃeɪd">shade</w>
         <pc xml:id="bah18-135790"
             n="a-0900"
             ecep:lem=","
             ecep:pos=","
             ecep:reg=","
             ecep:spe=",">,</pc>
      </l>
      <l xml:id="bah18-l06365">
         <c> </c>
         <w xml:id="bah18-135800"
            n="a-0910"
            ecep:lem="where"
            ecep:pos="q-crq"
            ecep:reg="Where"
            ecep:spe="Where"
            ecep:syllab="1"
            ecep:pron="weə">Where</w>
         <c> </c>
         <w xml:id="bah18-135810"
            n="a-0920"
            ecep:lem="owl"
            ecep:pos="n2"
            ecep:reg="owls"
            ecep:spe="owls"
            ecep:syllab="1"
            ecep:pron="aʊlz">owls</w>
         <c> </c>
         <w xml:id="bah18-135820"
            n="a-0930"
            ecep:lem="seek"
            ecep:pos="vvb"
            ecep:reg="seek"
            ecep:spe="seek"
            ecep:syllab="1"
            ecep:pron="siːk">seek</w>
         <c> </c>
         <w xml:id="bah18-135830"
            n="a-0940"
            ecep:lem="for"
            ecep:pos="p-acp"
            ecep:reg="for"
            ecep:spe="for"
            ecep:syllab="1"
            ecep:pron="fɔː">for</w>
         <c> </c>
         <w xml:id="bah18-135840"
            n="a-0950"
            ecep:lem="covert"
            ecep:pos="n1"
            ecep:reg="covert"
            ecep:spe="covert"
            ecep:syllab="2"
            ecep:pron="ˈkʌvət">covert</w>
         <pc xml:id="bah18-135850"
             n="a-0960"
             ecep:lem=","
             ecep:pos=","
             ecep:reg=","
             ecep:spe=",">,</pc>
         <c> </c>
         <w xml:id="bah18-135860"
            n="a-0970"
            ecep:lem="and"
            ecep:pos="cc"
            ecep:reg="and"
            ecep:spe="and"
            ecep:syllab="1"
            ecep:pron="ænd">and</w>
         <c> </c>
         <w xml:id="bah18-135870"
            n="a-0980"
            ecep:lem="night"
            ecep:pos="n1"
            ecep:reg="night"
            ecep:spe="night"
            ecep:syllab="1"
            ecep:pron="naɪt">night</w>
         <c> </c>
         <w xml:id="bah18-135880"
            n="a-0990"
            ecep:lem="bird"
            ecep:pos="n2"
            ecep:reg="birds"
            ecep:spe="birds"
            ecep:syllab="1"
            ecep:pron="bɜːdz">birds</w>
         <c> </c>
         <w xml:id="bah18-135890"
            n="a-1000"
            ecep:lem="complain"
            ecep:pos="vvg"
            ecep:reg="complaining"
            ecep:spe="complaining"
            ecep:syllab="3"
            ecep:pron="kəmˈpleɪnɪŋ">complaining</w>
         <pc xml:id="bah18-135900"
             n="a-1010"
             ecep:lem=","
             ecep:pos=","
             ecep:reg=","
             ecep:spe=",">,</pc>
      </l>
      <l rendition="#h_3" xml:id="bah18-l06370">
         <c> </c>
         <w xml:id="bah18-135910"
            n="a-1020"
            ecep:lem="add"
            ecep:pos="vvb"
            ecep:reg="Add"
            ecep:spe="Add"
            ecep:syllab="1"
            ecep:pron="æd">Add</w>
         <c> </c>
         <w xml:id="bah18-135920"
            n="a-1030"
            ecep:lem="sound"
            ecep:pos="n1"
            ecep:reg="sound"
            ecep:spe="sound"
            ecep:syllab="1"
            ecep:pron="saʊnd">sound</w>
         <c> </c>
         <w xml:id="bah18-135930"
            n="a-1040"
            ecep:lem="to"
            ecep:pos="p-acp"
            ecep:reg="to"
            ecep:spe="to"
            ecep:syllab="1"
            ecep:pron="tuː">to</w>
         <c> </c>
         <w xml:id="bah18-135940"
            n="a-1050"
            ecep:lem="the"
            ecep:pos="dt"
            ecep:reg="the"
            ecep:spe="the"
            ecep:syllab="1"
            ecep:pron="ðiː">the</w>
         <c> </c>
         <w xml:id="bah18-135950"
            n="a-1060"
            ecep:lem="horror"
            ecep:pos="n2"
            ecep:reg="horrors"
            ecep:spe="horrors"
            ecep:syllab="2"
            ecep:pron="ˈhɒrəz">horrors</w>
         <c> </c>
         <w xml:id="bah18-135960"
            n="a-1070"
            ecep:lem="that"
            ecep:pos="cst"
            ecep:reg="that"
            ecep:spe="that"
            ecep:syllab="1"
            ecep:pron="ðæt">that</w>
         <c> </c>
         <w xml:id="bah18-135970"
            n="a-1080"
            ecep:lem="darken"
            ecep:pos="vvb"
            ecep:reg="darken"
            ecep:spe="darken"
            ecep:syllab="2"
            ecep:pron="ˈdɑːkən">darken</w>
         <c> </c>
         <w xml:id="bah18-135980"
            n="a-1090"
            ecep:lem="the"
            ecep:pos="dt"
            ecep:reg="the"
            ecep:spe="the"
            ecep:syllab="1"
            ecep:pron="ðiː">the</w>
         <c> </c>
         <w xml:id="bah18-135990"
            n="a-1100"
            ecep:lem="glade"
            ecep:pos="n1"
            ecep:reg="glade"
            ecep:spe="glade"
            ecep:syllab="1"
            ecep:pron="gleɪd">glade</w>
         <pc xml:id="bah18-136000"
             n="a-1110"
             unit="sentence"
             ecep:lem="."
             ecep:pos="."
             ecep:reg="."
             ecep:spe=".">.</pc>
         <c> </c>
      </l>
   </lg>
   <lg xml:id="bah18-s01120">
      <l xml:id="bah18-l06375">
         <w xml:id="bah18-136030"
            n="a-1120"
            ecep:lem="it|be"
            ecep:pos="pn31|vbz"
            ecep:reg="It's"
            ecep:spe="'Tis"
            ecep:syllab="1"
            ecep:pron="tɪz">'Tis</w>
         <c> </c>
         <w xml:id="bah18-136040"
            n="a-1130"
            ecep:lem="not"
            ecep:pos="xx"
            ecep:reg="not"
            ecep:spe="not"
            ecep:syllab="1"
            ecep:pron="ˈdɪdnt">not</w>
         <c> </c>
         <w xml:id="bah18-136050"
            n="a-1140"
            ecep:lem="for"
            ecep:pos="p-acp"
            ecep:reg="for"
            ecep:spe="for"
            ecep:syllab="1"
            ecep:pron="fɔː">for</w>
         <c> </c>
         <w xml:id="bah18-136060"
            n="a-1150"
            ecep:lem="the"
            ecep:pos="dt"
            ecep:reg="the"
            ecep:spe="the"
            ecep:syllab="1"
            ecep:pron="ðiː">the</w>
         <c> </c>
         <w xml:id="bah18-136070"
            n="a-1160"
            ecep:lem="happy"
            ecep:pos="j"
            ecep:reg="happy"
            ecep:spe="happy"
            ecep:syllab="2"
            ecep:pron="ˈhæpi">happy</w>
         <pc xml:id="bah18-136080"
             n="a-1170"
             ecep:lem=","
             ecep:pos=","
             ecep:reg=","
             ecep:spe=",">,</pc>
         <c> </c>
         <w xml:id="bah18-136090"
            n="a-1180"
            ecep:lem="come"
            ecep:pos="vvb"
            ecep:reg="come"
            ecep:spe="come"
            ecep:syllab="1"
            ecep:pron="kʌm">come</w>
         <c> </c>
         <w xml:id="bah18-136100"
            n="a-1190"
            ecep:lem="daughter"
            ecep:pos="n1"
            ecep:reg="daughter"
            ecep:spe="daughter"
            ecep:syllab="2"
            ecep:pron="ˈdɔːtə">daughter</w>
         <c> </c>
         <w xml:id="bah18-136110"
            n="a-1200"
            ecep:lem="of"
            ecep:pos="pp-f"
            ecep:reg="of"
            ecep:spe="of"
            ecep:syllab="1"
            ecep:pron="ɒv">of</w>
         <c> </c>
         <w xml:id="bah18-136120"
            n="a-1210"
            ecep:lem="sorrow"
            ecep:pos="n1"
            ecep:reg="sorrow"
            ecep:spe="sorrow"
            ecep:syllab="2"
            ecep:pron="ˈsɒrəʊ">sorrow</w>
         <pc xml:id="bah18-136130"
             n="a-1220"
             ecep:lem=","
             ecep:pos=","
             ecep:reg=","
             ecep:spe=",">,</pc>
      </l>
      <l rendition="#h_3" xml:id="bah18-l06380">
         <c> </c>
         <w xml:id="bah18-136140"
            n="a-1230"
            ecep:lem="it|be"
            ecep:pos="pn31|vbz"
            ecep:reg="It's"
            ecep:spe="'Tis"
            ecep:syllab="1"
            ecep:pron="tɪz">'Tis</w>
         <c> </c>
         <w xml:id="bah18-136150"
            n="a-1240"
            ecep:lem="here"
            ecep:pos="av"
            ecep:reg="here"
            ecep:spe="here"
            ecep:syllab="1"
            ecep:pron="hɪə">here</w>
         <c> </c>
         <w xml:id="bah18-136160"
            n="a-1250"
            ecep:lem="thy"
            ecep:pos="po21"
            ecep:reg="thy"
            ecep:spe="thy"
            ecep:syllab="1"
            ecep:pron="ðaɪ">thy</w>
         <c> </c>
         <w xml:id="bah18-136170"
            n="a-1260"
            ecep:lem="sad"
            ecep:pos="j"
            ecep:reg="sad"
            ecep:spe="sad"
            ecep:syllab="1"
            ecep:pron="sæd">sad</w>
         <c> </c>
         <w xml:id="bah18-136180"
            n="a-1270"
            ecep:lem="thought"
            ecep:pos="n2"
            ecep:reg="thoughts"
            ecep:spe="thoughts"
            ecep:syllab="1"
            ecep:pron="θɔːts">thoughts</w>
         <c> </c>
         <w xml:id="bah18-136190"
            n="a-1280"
            ecep:lem="be"
            ecep:pos="vbr"
            ecep:reg="are"
            ecep:spe="are"
            ecep:syllab="1"
            ecep:pron="ɑː">are</w>
         <c> </c>
         <w xml:id="bah18-136200"
            n="a-1290"
            ecep:lem="embalm"
            ecep:pos="vvn"
            ecep:reg="embalmed"
            ecep:spe="embalm'd"
            ecep:syllab="2"
            ecep:pron="ɪmˈbɑːmd">embalm'd</w>
         <c> </c>
         <w xml:id="bah18-136210"
            n="a-1300"
            ecep:lem="in"
            ecep:pos="p-acp"
            ecep:reg="in"
            ecep:spe="in"
            ecep:syllab="1"
            ecep:pron="ɪn">in</w>
         <c> </c>
         <w xml:id="bah18-136220"
            n="a-1310"
            ecep:lem="thy"
            ecep:pos="po21"
            ecep:reg="thy"
            ecep:spe="thy"
            ecep:syllab="1"
            ecep:pron="ðaɪ">thy</w>
         <c> </c>
         <w xml:id="bah18-136230"
            n="a-1320"
            ecep:lem="tear"
            ecep:pos="n2"
            ecep:reg="tears"
            ecep:spe="tears"
            ecep:syllab="1"
            ecep:pron="tɪəz">tears</w>
         <pc xml:id="bah18-136240"
             n="a-1330"
             ecep:lem=","
             ecep:pos=","
             ecep:reg=","
             ecep:spe=",">,</pc>
      </l>
      <pb n="102" rend="none"/>
      <l xml:id="bah18-l06385">
         <c> </c>
         <w xml:id="bah18-136250"
            n="a-0010"
            ecep:lem="where"
            ecep:pos="c-crq"
            ecep:reg="Where"
            ecep:spe="Where"
            ecep:syllab="1"
            ecep:pron="weə">Where</w>
         <c> </c>
         <w xml:id="bah18-136260"
            n="a-0020"
            ecep:lem="lose"
            ecep:pos="vvn"
            ecep:reg="lost"
            ecep:spe="lost"
            ecep:syllab="1"
            ecep:pron="lɒst">lost</w>
         <c> </c>
         <w xml:id="bah18-136270"
            n="a-0030"
            ecep:lem="in"
            ecep:pos="p-acp"
            ecep:reg="in"
            ecep:spe="in"
            ecep:syllab="1"
            ecep:pron="ɪn">in</w>
         <c> </c>
         <w xml:id="bah18-136280"
            n="a-0040"
            ecep:lem="the"
            ecep:pos="dt"
            ecep:reg="the"
            ecep:spe="the"
            ecep:syllab="1"
            ecep:pron="ðiː">the</w>
         <c> </c>
         <w xml:id="bah18-136290"
            n="a-0050"
            ecep:lem="past"
            ecep:pos="n1"
            ecep:reg="past"
            ecep:spe="past"
            ecep:syllab="1"
            ecep:pron="pɑːst">past</w>
         <pc xml:id="bah18-136300"
             n="a-0060"
             ecep:lem=","
             ecep:pos=","
             ecep:reg=","
             ecep:spe=",">,</pc>
         <c> </c>
         <w xml:id="bah18-136310"
            n="a-0070"
            ecep:lem="nor"
            ecep:pos="ccx"
            ecep:reg="nor"
            ecep:spe="nor"
            ecep:syllab="1"
            ecep:pron="nɔː">nor</w>
         <c> </c>
         <w xml:id="bah18-136320"
            n="a-0080"
            ecep:lem="regard"
            ecep:pos="vvg"
            ecep:reg="regarding"
            ecep:spe="regarding"
            ecep:syllab="3"
            ecep:pron="riˈgɑːdɪŋ">regarding</w>
         <c> </c>
         <w xml:id="bah18-136330"
            n="a-0090"
            ecep:lem="tomorrow"
            ecep:pos="av-an"
            ecep:reg="tomorrow"
            ecep:spe="to-morrow"
            ecep:syllab="3"
            ecep:pron="təˈmɒrəʊ">to-morrow</w>
         <pc xml:id="bah18-136340"
             n="a-0100"
             ecep:lem=","
             ecep:pos=","
             ecep:reg=","
             ecep:spe=",">,</pc>
      </l>
      <l rendition="#h_3" xml:id="bah18-l06390">
         <c> </c>
         <w xml:id="bah18-136350"
            n="a-0110"
            ecep:lem="there|be"
            ecep:pos="pc-acp|vbz"
            ecep:reg="There's"
            ecep:spe="There's"
            ecep:syllab="1"
            ecep:pron="ðeəz">There's</w>
         <c> </c>
         <w xml:id="bah18-136360"
            n="a-0120"
            ecep:lem="nothing"
            ecep:pos="pix"
            ecep:reg="nothing"
            ecep:spe="nothing"
            ecep:syllab="2"
            ecep:pron="ˈnʌθɪŋ">nothing</w>
         <c> </c>
         <w xml:id="bah18-136370"
            n="a-0130"
            ecep:lem="for"
            ecep:pos="p-acp"
            ecep:reg="for"
            ecep:spe="for"
            ecep:syllab="1"
            ecep:pron="fɔː">for</w>
         <c> </c>
         <w xml:id="bah18-136380"
            n="a-0140"
            ecep:lem="hope"
            ecep:pos="n2"
            ecep:reg="hopes"
            ecep:spe="hopes"
            ecep:syllab="1"
            ecep:pron="həʊps">hopes</w>
         <pc xml:id="bah18-136390"
             n="a-0150"
             ecep:lem=","
             ecep:pos=","
             ecep:reg=","
             ecep:spe=",">,</pc>
         <c> </c>
         <w xml:id="bah18-136400"
            n="a-0160"
            ecep:lem="there|be"
            ecep:pos="pc-acp|vbz"
            ecep:reg="there's"
            ecep:spe="there's"
            ecep:syllab="1"
            ecep:pron="ðeəz">there's</w>
         <c> </c>
         <w xml:id="bah18-136410"
            n="a-0170"
            ecep:lem="nothing"
            ecep:pos="pix"
            ecep:reg="nothing"
            ecep:spe="nothing"
            ecep:syllab="2"
            ecep:pron="ˈnʌθɪŋ">nothing</w>
         <c> </c>
         <w xml:id="bah18-136420"
            n="a-0180"
            ecep:lem="for"
            ecep:pos="p-acp"
            ecep:reg="for"
            ecep:spe="for"
            ecep:syllab="1"
            ecep:pron="fɔː">for</w>
         <c> </c>
         <w xml:id="bah18-136430"
            n="a-0190"
            ecep:lem="fear"
            ecep:pos="n2"
            ecep:reg="fears"
            ecep:spe="fears"
            ecep:syllab="1"
            ecep:pron="fɪəz">fears</w>
         <pc xml:id="bah18-136440"
             n="a-0200"
             unit="sentence"
             ecep:lem="."
             ecep:pos="."
             ecep:reg="."
             ecep:spe=".">.</pc>
         <c> </c>
      </l>
   </lg>
</div>
