<?xml version="1.0" encoding="UTF-8"?>
<div xmlns:ecep="http://www.eighteenthcenturypoetry.org/ns"
     xmlns="http://www.tei-c.org/ns/1.0"
     xmlns:tei="http://www.tei-c.org/ns/1.0"
     ana="#iamb #tetrameter #trimeter #ballad #quatrain #cross #song"
     corresp="#txt_OpieAm1769_w0030"
     decls="#semi-normalized"
     ecep:syllab="8.6.8.6"
     met="-+|-+|-+|-+/ -+|-+|-+/ -+|-+|-+|-+/ -+|-+|-+/"
     rendition="#lgvspace"
     rhyme="abab"
     subtype="eceptext"
     type="poem"
     xml:id="bao18-w0300">
   <link target="authors.xml#aut_OpieAm1769" type="author"/>
   <head type="main">
      <w xml:id="bao18-148640"
         n="a-0010"
         ecep:lem="song"
         ecep:pos="n1"
         ecep:reg="SONG"
         ecep:spe="SONG"
         ecep:syllab="1"
         ecep:pron="sɒŋ">SONG</w>
      <pc xml:id="bao18-148650"
          n="a-0020"
          unit="sentence"
          ecep:lem="."
          ecep:pos="."
          ecep:reg="."
          ecep:spe=".">.</pc>
   </head>
   <lg xml:id="bao18-s01600">
      <l xml:id="bao18-l07670">
         <hi rendition="#sc">
            <w xml:id="bao18-148680"
               n="a-0030"
               ecep:lem="while"
               ecep:pos="cs"
               ecep:reg="WHILE"
               ecep:spe="WHILE"
               ecep:syllab="1"
               ecep:pron="ˈwaɪl">WHILE</w>
         </hi>
         <c> </c>
         <w xml:id="bao18-148690"
            n="a-0040"
            ecep:lem="many"
            ecep:pos="d"
            ecep:reg="many"
            ecep:spe="many"
            ecep:syllab="2"
            ecep:pron="ˈmeni">many</w>
         <c> </c>
         <w xml:id="bao18-148700"
            n="a-0050"
            ecep:lem="a"
            ecep:pos="dt"
            ecep:reg="a"
            ecep:spe="a"
            ecep:syllab="1"
            ecep:pron="ə">a</w>
         <c> </c>
         <w xml:id="bao18-148710"
            n="a-0060"
            ecep:lem="fond"
            ecep:pos="j"
            ecep:reg="fond"
            ecep:spe="fond"
            ecep:syllab="1"
            ecep:pron="fɒnd">fond</w>
         <c> </c>
         <w xml:id="bao18-148720"
            n="a-0070"
            ecep:lem="and"
            ecep:pos="cc"
            ecep:reg="and"
            ecep:spe="and"
            ecep:syllab="1"
            ecep:pron="ænd">and</w>
         <c> </c>
         <w xml:id="bao18-148730"
            n="a-0080"
            ecep:lem="bloom"
            ecep:pos="j-vvg"
            ecep:reg="blooming"
            ecep:spe="blooming"
            ecep:syllab="2"
            ecep:pron="bluːmɪŋ">blooming</w>
         <c> </c>
         <w xml:id="bao18-148740"
            n="a-0090"
            ecep:lem="maid"
            ecep:pos="n1"
            ecep:reg="maid"
            ecep:spe="maid"
            ecep:syllab="1"
            ecep:pron="meɪd">maid</w>
      </l>
      <l rendition="#h_3" xml:id="bao18-l07675">
         <c> </c>
         <w xml:id="bao18-148750"
            n="a-0100"
            ecep:lem="attempt"
            ecep:pos="n2"
            ecep:reg="Attempts"
            ecep:spe="Attempts"
            ecep:syllab="2"
            ecep:pron="əˈtemts">Attempts</w>
         <c> </c>
         <w xml:id="bao18-148760"
            n="a-0110"
            ecep:lem="thy"
            ecep:pos="po21"
            ecep:reg="thy"
            ecep:spe="thy"
            ecep:syllab="1"
            ecep:pron="ðaɪ">thy</w>
         <c> </c>
         <w xml:id="bao18-148770"
            n="a-0120"
            ecep:lem="heart"
            ecep:pos="n1"
            ecep:reg="heart"
            ecep:spe="heart"
            ecep:syllab="1"
            ecep:pron="hɑːt">heart</w>
         <c> </c>
         <w xml:id="bao18-148780"
            n="a-0130"
            ecep:lem="to"
            ecep:pos="pc-acp"
            ecep:reg="to"
            ecep:spe="to"
            ecep:syllab="1"
            ecep:pron="tuː">to</w>
         <c> </c>
         <w xml:id="bao18-148790"
            n="a-0140"
            ecep:lem="gain"
            ecep:pos="vvi"
            ecep:reg="gain"
            ecep:spe="gain"
            ecep:syllab="1"
            ecep:pron="geɪn">gain</w>
         <pc xml:id="bao18-148800"
             n="a-0150"
             ecep:lem=";"
             ecep:pos=";"
             ecep:reg=";"
             ecep:spe=";">;</pc>
      </l>
      <l xml:id="bao18-l07680">
         <c> </c>
         <w xml:id="bao18-148810"
            n="a-0160"
            ecep:lem="and"
            ecep:pos="cc"
            ecep:reg="And"
            ecep:spe="And"
            ecep:syllab="1"
            ecep:pron="ænd">And</w>
         <pc xml:id="bao18-148820"
             n="a-0170"
             ecep:lem=","
             ecep:pos=","
             ecep:reg=","
             ecep:spe=",">,</pc>
         <c> </c>
         <w xml:id="bao18-148830"
            n="a-0180"
            ecep:lem="by"
            ecep:pos="p-acp"
            ecep:reg="by"
            ecep:spe="by"
            ecep:syllab="1"
            ecep:pron="baɪ">by</w>
         <c> </c>
         <w xml:id="bao18-148840"
            n="a-0190"
            ecep:lem="thy"
            ecep:pos="po21"
            ecep:reg="thy"
            ecep:spe="thy"
            ecep:syllab="1"
            ecep:pron="ðaɪ">thy</w>
         <c> </c>
         <w xml:id="bao18-148850"
            n="a-0200"
            ecep:lem="fatal"
            ecep:pos="j"
            ecep:reg="fatal"
            ecep:spe="fatal"
            ecep:syllab="2"
            ecep:pron="ˈfeɪtl">fatal</w>
         <c> </c>
         <w xml:id="bao18-148860"
            n="a-0210"
            ecep:lem="smile"
            ecep:pos="n1"
            ecep:reg="smile"
            ecep:spe="smile"
            ecep:syllab="1"
            ecep:pron="smaɪl">smile</w>
         <c> </c>
         <w xml:id="bao18-148870"
            n="a-0220"
            ecep:lem="betray"
            ecep:pos="vvn"
            ecep:reg="betrayed"
            ecep:spe="betrayed"
            ecep:syllab="2"
            ecep:pron="bɪˈtreɪd">betrayed</w>
         <pc xml:id="bao18-148880"
             n="a-0230"
             ecep:lem=","
             ecep:pos=","
             ecep:reg=","
             ecep:spe=",">,</pc>
      </l>
      <l rendition="#h_3" xml:id="bao18-l07685">
         <c> </c>
         <w xml:id="bao18-148890"
            n="a-0240"
            ecep:lem="think"
            ecep:pos="vvz"
            ecep:reg="Thinks"
            ecep:spe="Thinks"
            ecep:syllab="1"
            ecep:pron="θɪŋks">Thinks</w>
         <c> </c>
         <w xml:id="bao18-148900"
            n="a-0250"
            ecep:lem="not"
            ecep:pos="xx"
            ecep:reg="not"
            ecep:spe="not"
            ecep:syllab="1"
            ecep:pron="nɒt">not</w>
         <c> </c>
         <w xml:id="bao18-148910"
            n="a-0260"
            ecep:lem="she"
            ecep:pos="pns31"
            ecep:reg="she"
            ecep:spe="she"
            ecep:syllab="1"
            ecep:pron="ʃiː">she</w>
         <c> </c>
         <w xml:id="bao18-148920"
            n="a-0270"
            ecep:lem="strive"
            ecep:pos="vvz"
            ecep:reg="strives"
            ecep:spe="strives"
            ecep:syllab="1"
            ecep:pron="straɪvz">strives</w>
         <c> </c>
         <w xml:id="bao18-148930"
            n="a-0280"
            ecep:lem="in"
            ecep:pos="p-acp"
            ecep:reg="in"
            ecep:spe="in"
            ecep:syllab="1"
            ecep:pron="ɪn">in</w>
         <c> </c>
         <w xml:id="bao18-148940"
            n="a-0290"
            ecep:lem="vain"
            ecep:pos="j"
            ecep:reg="vain"
            ecep:spe="vain"
            ecep:syllab="1"
            ecep:pron="veɪn">vain</w>
         <pc xml:id="bao18-148950"
             n="a-0300"
             ecep:lem=":"
             ecep:pos=":"
             ecep:reg=":"
             ecep:spe=":">:</pc>
      </l>
   </lg>
   <lg xml:id="bao18-s01605">
      <l xml:id="bao18-l07690">
         <w xml:id="bao18-148980"
            n="a-0310"
            ecep:lem="while"
            ecep:pos="cs"
            ecep:reg="While"
            ecep:spe="While"
            ecep:syllab="1"
            ecep:pron="ˈwaɪl">While</w>
         <c> </c>
         <w xml:id="bao18-148990"
            n="a-0320"
            ecep:lem="in"
            ecep:pos="p-acp"
            ecep:reg="in"
            ecep:spe="in"
            ecep:syllab="1"
            ecep:pron="ɪn">in</w>
         <c> </c>
         <w xml:id="bao18-149000"
            n="a-0330"
            ecep:lem="those"
            ecep:pos="d"
            ecep:reg="those"
            ecep:spe="those"
            ecep:syllab="1"
            ecep:pron="ðəʊz">those</w>
         <c> </c>
         <w xml:id="bao18-149010"
            n="a-0340"
            ecep:lem="eye"
            ecep:pos="n2"
            ecep:reg="eyes"
            ecep:spe="eyes"
            ecep:syllab="1"
            ecep:pron="aɪz">eyes</w>
         <c> </c>
         <w xml:id="bao18-149020"
            n="a-0350"
            ecep:lem="of"
            ecep:pos="pp-f"
            ecep:reg="of"
            ecep:spe="of"
            ecep:syllab="1"
            ecep:pron="ɒv">of</w>
         <c> </c>
         <w xml:id="bao18-149030"
            n="a-0360"
            ecep:lem="tender"
            ecep:pos="j"
            ecep:reg="tender"
            ecep:spe="tender"
            ecep:syllab="2"
            ecep:pron="ˈtendə">tender</w>
         <c> </c>
         <w xml:id="bao18-149040"
            n="a-0370"
            ecep:lem="blue"
            ecep:pos="j-jn"
            ecep:reg="blue"
            ecep:spe="blue"
            ecep:syllab="1"
            ecep:pron="bluː">blue</w>
      </l>
      <l rendition="#h_3" xml:id="bao18-l07695">
         <c> </c>
         <w xml:id="bao18-149050"
            n="a-0380"
            ecep:lem="they"
            ecep:pos="pns32"
            ecep:reg="They"
            ecep:spe="They"
            ecep:syllab="1"
            ecep:pron="ðeɪ">They</w>
         <c> </c>
         <w xml:id="bao18-149060"
            n="a-0390"
            ecep:lem="answer"
            ecep:pos="vvg"
            ecep:reg="answering"
            ecep:spe="answering"
            ecep:syllab="2"
            ecep:pron="ˈɑːnsrɪŋ">answering</w>
         <c> </c>
         <w xml:id="bao18-149070"
            n="a-0400"
            ecep:lem="passion"
            ecep:pos="n1"
            ecep:reg="passion"
            ecep:spe="passion"
            ecep:syllab="2"
            ecep:pron="ˈpæʃn">passion</w>
         <c> </c>
         <w xml:id="bao18-149080"
            n="a-0410"
            ecep:lem="see"
            ecep:pos="vvi"
            ecep:reg="see"
            ecep:spe="see"
            ecep:syllab="1"
            ecep:pron="siː">see</w>
         <pc xml:id="bao18-149090"
             n="a-0420"
             ecep:lem=","
             ecep:pos=","
             ecep:reg=","
             ecep:spe=",">,</pc>
      </l>
      <l xml:id="bao18-l07700">
         <c> </c>
         <w xml:id="bao18-149100"
            n="a-0430"
            ecep:lem="and"
            ecep:pos="cc"
            ecep:reg="And"
            ecep:spe="And"
            ecep:syllab="1"
            ecep:pron="ænd">And</w>
         <c> </c>
         <w xml:id="bao18-149110"
            n="a-0440"
            ecep:lem="in"
            ecep:pos="p-acp"
            ecep:reg="in"
            ecep:spe="in"
            ecep:syllab="1"
            ecep:pron="ɪn">in</w>
         <c> </c>
         <w xml:id="bao18-149120"
            n="a-0450"
            ecep:lem="thy"
            ecep:pos="po21"
            ecep:reg="thy"
            ecep:spe="thy"
            ecep:syllab="1"
            ecep:pron="ðaɪ">thy</w>
         <c> </c>
         <w xml:id="bao18-149130"
            n="a-0460"
            ecep:lem="sweet"
            ecep:pos="j"
            ecep:reg="sweet"
            ecep:spe="sweet"
            ecep:syllab="1"
            ecep:pron="swiːt">sweet</w>
         <c> </c>
         <w xml:id="bao18-149140"
            n="a-0470"
            ecep:lem="expression"
            ecep:pos="n1"
            ecep:reg="expression"
            ecep:spe="expression"
            ecep:syllab="3"
            ecep:pron="ɪkˈspreʃn">expression</w>
         <c> </c>
         <w xml:id="bao18-149150"
            n="a-0480"
            ecep:lem="view"
            ecep:pos="vvi"
            ecep:reg="view"
            ecep:spe="view"
            ecep:syllab="1"
            ecep:pron="vjuː">view</w>
      </l>
      <l rendition="#h_3" xml:id="bao18-l07705">
         <c> </c>
         <w xml:id="bao18-149160"
            n="a-0490"
            ecep:lem="the"
            ecep:pos="dt"
            ecep:reg="The"
            ecep:spe="The"
            ecep:syllab="1"
            ecep:pron="ðiː">The</w>
         <c> </c>
         <w xml:id="bao18-149170"
            n="a-0500"
            ecep:lem="charm"
            ecep:pos="n1"
            ecep:reg="charm"
            ecep:spe="charm"
            ecep:syllab="1"
            ecep:pron="tʃɑːm">charm</w>
         <c> </c>
         <w xml:id="bao18-149180"
            n="a-0510"
            ecep:lem="that"
            ecep:pos="cst"
            ecep:reg="that"
            ecep:spe="that"
            ecep:syllab="1"
            ecep:pron="ðæt">that</w>
         <c> </c>
         <w xml:id="bao18-149190"
            n="a-0520"
            ecep:lem="conquer"
            ecep:pos="vvd"
            ecep:reg="conquered"
            ecep:spe="conquered"
            ecep:syllab="2"
            ecep:pron="ˈkɒŋkəd">conquered</w>
         <c> </c>
         <w xml:id="bao18-149200"
            n="a-0530"
            ecep:lem="i"
            ecep:pos="pno11"
            ecep:reg="me"
            ecep:spe="me"
            ecep:syllab="1"
            ecep:pron="miː">me</w>
         <pc xml:id="bao18-149210"
             n="a-0540"
             ecep:lem=":"
             ecep:pos=":"
             ecep:reg=":"
             ecep:spe=":">:</pc>
         <c> </c>
         <pc xml:id="bao18-149220"
             n="a-0550"
             unit="sentence"
             ecep:lem="...."
             ecep:pos="...."
             ecep:reg="...."
             ecep:spe="....">....</pc>
         <c> </c>
      </l>
   </lg>
   <lg xml:id="bao18-s01610">
      <l xml:id="bao18-l07710">
         <w xml:id="bao18-149250"
            n="a-0560"
            ecep:lem="i"
            ecep:pos="pns11"
            ecep:reg="I"
            ecep:spe="I"
            ecep:syllab="1"
            ecep:pron="aɪ">I</w>
         <c> </c>
         <w xml:id="bao18-149260"
            n="a-0570"
            ecep:lem="still"
            ecep:pos="av"
            ecep:reg="still"
            ecep:spe="still"
            ecep:syllab="1"
            ecep:pron="stɪl">still</w>
         <c> </c>
         <w xml:id="bao18-149270"
            n="a-0580"
            ecep:lem="shall"
            ecep:pos="vmd"
            ecep:reg="should"
            ecep:spe="should"
            ecep:syllab="1"
            ecep:pron="ʃʊd">should</w>
         <c> </c>
         <w xml:id="bao18-149280"
            n="a-0590"
            ecep:lem="scorn"
            ecep:pos="vvi"
            ecep:reg="scorn"
            ecep:spe="scorn"
            ecep:syllab="1"
            ecep:pron="skɔːn">scorn</w>
         <c> </c>
         <w xml:id="bao18-149290"
            n="a-0600"
            ecep:lem="their"
            ecep:pos="po32"
            ecep:reg="their"
            ecep:spe="their"
            ecep:syllab="1"
            ecep:pron="ðeə">their</w>
         <c> </c>
         <w xml:id="bao18-149300"
            n="a-0610"
            ecep:lem="win"
            ecep:pos="j-vvg"
            ecep:reg="winning"
            ecep:spe="winning"
            ecep:syllab="2"
            ecep:pron="ˈwɪnɪŋ">winning</w>
         <c> </c>
         <w xml:id="bao18-149310"
            n="a-0620"
            ecep:lem="art"
            ecep:pos="n1"
            ecep:reg="art"
            ecep:spe="art"
            ecep:syllab="1"
            ecep:pron="ɑːt">art</w>
         <pc xml:id="bao18-149320"
             n="a-0630"
             ecep:lem=","
             ecep:pos=","
             ecep:reg=","
             ecep:spe=",">,</pc>
      </l>
      <l rendition="#h_3" xml:id="bao18-l07715">
         <c> </c>
         <w xml:id="bao18-149330"
            n="a-0640"
            ecep:lem="and"
            ecep:pos="cc"
            ecep:reg="And"
            ecep:spe="And"
            ecep:syllab="1"
            ecep:pron="ænd">And</w>
         <c> </c>
         <w xml:id="bao18-149340"
            n="a-0650"
            ecep:lem="be"
            ecep:pos="vbi"
            ecep:reg="be"
            ecep:spe="be"
            ecep:syllab="1"
            ecep:pron="biː">be</w>
         <pc xml:id="bao18-149350"
             n="a-0660"
             ecep:lem=","
             ecep:pos=","
             ecep:reg=","
             ecep:spe=",">,</pc>
         <c> </c>
         <w xml:id="bao18-149360"
            n="a-0670"
            ecep:lem="my"
            ecep:pos="po11"
            ecep:reg="my"
            ecep:spe="my"
            ecep:syllab="1"
            ecep:pron="maɪ">my</w>
         <c> </c>
         <w xml:id="bao18-149370"
            n="a-0680"
            ecep:lem="Henry"
            ecep:pos="np1"
            ecep:reg="Henry"
            ecep:spe="Henry"
            ecep:syllab="2"
            ecep:pron="ˈhenri">Henry</w>
         <pc xml:id="bao18-149380"
             n="a-0690"
             ecep:lem=","
             ecep:pos=","
             ecep:reg=","
             ecep:spe=",">,</pc>
         <c> </c>
         <w xml:id="bao18-149390"
            n="a-0700"
            ecep:lem="bless"
            ecep:pos="uh"
            ecep:reg="blessed"
            ecep:spe="blest"
            ecep:syllab="1"
            ecep:pron="blest">blest</w>
         <pc xml:id="bao18-149400"
             n="a-0710"
             ecep:lem=","
             ecep:pos=","
             ecep:reg=","
             ecep:spe=",">,</pc>
      </l>
      <l xml:id="bao18-l07720">
         <c> </c>
         <w xml:id="bao18-149410"
            n="a-0720"
            ecep:lem="if"
            ecep:pos="cs"
            ecep:reg="If"
            ecep:spe="If"
            ecep:syllab="1"
            ecep:pron="ɪf">If</w>
         <c> </c>
         <w xml:id="bao18-149420"
            n="a-0730"
            ecep:lem="thou"
            ecep:pos="pns21"
            ecep:reg="thou"
            ecep:spe="thou"
            ecep:syllab="1"
            ecep:pron="θaʊ">thou</w>
         <c> </c>
         <w xml:id="bao18-149430"
            n="a-0740"
            ecep:lem="will"
            ecep:pos="vmd2"
            ecep:reg="wouldst"
            ecep:spe="wouldst"
            ecep:syllab="1"
            ecep:pron="wʊdst">wouldst</w>
         <c> </c>
         <w xml:id="bao18-149440"
            n="a-0750"
            ecep:lem="give"
            ecep:pos="vvi"
            ecep:reg="give"
            ecep:spe="give"
            ecep:syllab="1"
            ecep:pron="gɪv">give</w>
         <c> </c>
         <w xml:id="bao18-149450"
            n="a-0760"
            ecep:lem="that"
            ecep:pos="d"
            ecep:reg="that"
            ecep:spe="that"
            ecep:syllab="1"
            ecep:pron="ðæt">that</w>
         <c> </c>
         <w xml:id="bao18-149460"
            n="a-0770"
            ecep:lem="precious"
            ecep:pos="j"
            ecep:reg="precious"
            ecep:spe="precious"
            ecep:syllab="2"
            ecep:pron="ˈpreʃəs">precious</w>
         <c> </c>
         <w xml:id="bao18-149470"
            n="a-0780"
            ecep:lem="heart"
            ecep:pos="n1"
            ecep:reg="heart"
            ecep:spe="heart"
            ecep:syllab="1"
            ecep:pron="hɑːt">heart</w>
      </l>
      <l rendition="#h_3" xml:id="bao18-l07725">
         <c> </c>
         <w xml:id="bao18-149480"
            n="a-0790"
            ecep:lem="to"
            ecep:pos="p-acp"
            ecep:reg="To"
            ecep:spe="To"
            ecep:syllab="1"
            ecep:pron="tuː">To</w>
         <c> </c>
         <w xml:id="bao18-149490"
            n="a-0800"
            ecep:lem="she"
            ecep:pos="pno31"
            ecep:reg="her"
            ecep:spe="her"
            ecep:syllab="1"
            ecep:pron="hɜː">her</w>
         <c> </c>
         <w xml:id="bao18-149500"
            n="a-0810"
            ecep:lem="who"
            ecep:pos="r-crq"
            ecep:reg="who"
            ecep:spe="who"
            ecep:syllab="1"
            ecep:pron="huː">who</w>
         <c> </c>
         <w xml:id="bao18-149510"
            n="a-0820"
            ecep:lem="love"
            ecep:pos="vvz"
            ecep:reg="loves"
            ecep:spe="loves"
            ecep:syllab="1"
            ecep:pron="lʌvz">loves</w>
         <c> </c>
         <w xml:id="bao18-149520"
            n="a-0830"
            ecep:lem="thou"
            ecep:pos="pno21"
            ecep:reg="thee"
            ecep:spe="thee"
            ecep:syllab="1"
            ecep:pron="ðiː">thee</w>
         <c> </c>
         <w xml:id="bao18-149530"
            n="a-0840"
            ecep:lem="best"
            ecep:pos="js"
            ecep:reg="best"
            ecep:spe="best"
            ecep:syllab="1"
            ecep:pron="best">best</w>
         <pc xml:id="bao18-149540"
             n="a-0850"
             unit="sentence"
             ecep:lem="."
             ecep:pos="."
             ecep:reg="."
             ecep:spe=".">.</pc>
         <c> </c>
      </l>
   </lg>
</div>
