<?xml version="1.0" encoding="utf-8"?>
<!DOCTYPE div
  SYSTEM "about:legacy-compat">
<div xmlns:ecep="http://www.eighteenthcenturypoetry.org/ns"
     xmlns="http://www.tei-c.org/ns/1.0"
     xmlns:tei="http://www.tei-c.org/ns/1.0"
     ana="#iamb #tetrameter #trimeter #octet #song"
     corresp="#txt_BailJo1762_w0058"
     decls="#semi-normalized"
     ecep:syllab="8.7.8.7.6.6.8.7"
     met="-+|-+|-+|-+/ -+|-+|-+|-/ -+|-+|-+|-+/ -+|-+|-+|-/ +|-+|-+|-/ +|-+|-+|-/ -+|-+|-+|-+/ -+|-+|-+|-/"
     rendition="#lgvspace"
     rhyme="ababccxc"
     subtype="eceptext"
     type="poem"
     xml:id="bjb18-w0580">
   <link target="authors.xml#aut_BailJo1762" type="author"/>
   <head type="main">
      <w xml:id="bjb18-477230"
         n="a-0010"
         ecep:lem="song"
         ecep:pos="n1"
         ecep:reg="SONG"
         ecep:spe="SONG"
         ecep:syllab="1"
         ecep:pron="sɒŋ">SONG</w>
      <pc xml:id="bjb18-477240"
          n="a-0020"
          ecep:lem=","
          ecep:pos=","
          ecep:reg=","
          ecep:spe=",">,</pc>
   </head>
   <head type="sub">
      <w xml:id="bjb18-477270"
         n="a-0030"
         ecep:lem="write"
         ecep:pos="vvn"
         ecep:reg="WRITTEN"
         ecep:spe="WRITTEN"
         ecep:syllab="2"
         ecep:pron="ˈrɪtn">WRITTEN</w>
      <c> </c>
      <w xml:id="bjb18-477280"
         n="a-0040"
         ecep:lem="for"
         ecep:pos="p-acp"
         ecep:reg="FOR"
         ecep:spe="FOR"
         ecep:syllab="1"
         ecep:pron="fɔː">FOR</w>
      <c> </c>
      <w xml:id="bjb18-477290"
         n="a-0050"
         ecep:lem="a"
         ecep:pos="dt"
         ecep:reg="AN"
         ecep:spe="AN"
         ecep:syllab="1"
         ecep:pron="æn">AN</w>
      <c> </c>
      <w xml:id="bjb18-477300"
         n="a-0060"
         ecep:lem="irish"
         ecep:pos="jp"
         ecep:reg="IRISH"
         ecep:spe="IRISH"
         ecep:syllab="2"
         ecep:pron="ˈaɪrɪʃ">IRISH</w>
      <c> </c>
      <w xml:id="bjb18-477310"
         n="a-0070"
         ecep:lem="air"
         ecep:pos="n1"
         ecep:reg="AIR"
         ecep:spe="AIR"
         ecep:syllab="1"
         ecep:pron="eə">AIR</w>
      <pc xml:id="bjb18-477320"
          n="a-0080"
          unit="sentence"
          ecep:lem="."
          ecep:pos="."
          ecep:reg="."
          ecep:spe=".">.</pc>
   </head>
   <lg xml:id="bjb18-s03070">
      <l xml:id="bjb18-l25765">
         <hi rendition="#sc">
            <w xml:id="bjb18-477350"
               n="a-0090"
               ecep:lem="the"
               ecep:pos="dt"
               ecep:reg="THE"
               ecep:spe="THE"
               ecep:syllab="1"
               ecep:pron="ðiː">THE</w>
         </hi>
         <c> </c>
         <w xml:id="bjb18-477360"
            n="a-0100"
            ecep:lem="morning"
            ecep:pos="n1"
            ecep:reg="morning"
            ecep:spe="morning"
            ecep:syllab="2"
            ecep:pron="ˈmɔːnɪŋ">morning</w>
         <c> </c>
         <w xml:id="bjb18-477370"
            n="a-0110"
            ecep:lem="air"
            ecep:pos="n1"
            ecep:reg="air"
            ecep:spe="air"
            ecep:syllab="1"
            ecep:pron="eə">air</w>
         <c> </c>
         <w xml:id="bjb18-477380"
            n="a-0120"
            ecep:lem="play"
            ecep:pos="vvz"
            ecep:reg="plays"
            ecep:spe="plays"
            ecep:syllab="1"
            ecep:pron="pleɪz">plays</w>
         <c> </c>
         <w xml:id="bjb18-477390"
            n="a-0130"
            ecep:lem="on"
            ecep:pos="p-acp"
            ecep:reg="on"
            ecep:spe="on"
            ecep:syllab="1"
            ecep:pron="ɒn">on</w>
         <c> </c>
         <w xml:id="bjb18-477400"
            n="a-0140"
            ecep:lem="my"
            ecep:pos="po11"
            ecep:reg="my"
            ecep:spe="my"
            ecep:syllab="1"
            ecep:pron="maɪ">my</w>
         <c> </c>
         <w xml:id="bjb18-477410"
            n="a-0150"
            ecep:lem="face"
            ecep:pos="n1"
            ecep:reg="face"
            ecep:spe="face"
            ecep:syllab="1"
            ecep:pron="feɪs">face</w>
         <pc xml:id="bjb18-477420"
             n="a-0160"
             ecep:lem=","
             ecep:pos=","
             ecep:reg=","
             ecep:spe=",">,</pc>
      </l>
      <l xml:id="bjb18-l25770">
         <c> </c>
         <w xml:id="bjb18-477430"
            n="a-0170"
            ecep:lem="and"
            ecep:pos="cc"
            ecep:reg="And"
            ecep:spe="And"
            ecep:syllab="1"
            ecep:pron="ænd">And</w>
         <c> </c>
         <w xml:id="bjb18-477440"
            n="a-0180"
            ecep:lem="through"
            ecep:pos="p-acp"
            ecep:reg="through"
            ecep:spe="through"
            ecep:syllab="1"
            ecep:pron="θruː">through</w>
         <c> </c>
         <w xml:id="bjb18-477450"
            n="a-0190"
            ecep:lem="the"
            ecep:pos="dt"
            ecep:reg="the"
            ecep:spe="the"
            ecep:syllab="1"
            ecep:pron="ðiː">the</w>
         <c> </c>
         <w xml:id="bjb18-477460"
            n="a-0200"
            ecep:lem="grey"
            ecep:pos="j-jn"
            ecep:reg="grey"
            ecep:spe="grey"
            ecep:syllab="1"
            ecep:pron="greɪ">grey</w>
         <c> </c>
         <w xml:id="bjb18-477470"
            n="a-0210"
            ecep:lem="mist"
            ecep:pos="n1"
            ecep:reg="missed"
            ecep:spe="mist"
            ecep:syllab="1"
            ecep:pron="mɪst">mist</w>
         <c> </c>
         <w xml:id="bjb18-477480"
            n="a-0220"
            ecep:lem="peer"
            ecep:pos="vvg"
            ecep:reg="peering"
            ecep:spe="peering"
            ecep:syllab="2"
            ecep:pron="ˈpɪərɪŋ">peering</w>
      </l>
      <l xml:id="bjb18-l25775">
         <c> </c>
         <w xml:id="bjb18-477490"
            n="a-0230"
            ecep:lem="the"
            ecep:pos="dt"
            ecep:reg="The"
            ecep:spe="The"
            ecep:syllab="1"
            ecep:pron="ðiː">The</w>
         <c> </c>
         <w xml:id="bjb18-477500"
            n="a-0240"
            ecep:lem="soften"
            ecep:pos="j-vvn"
            ecep:reg="softened"
            ecep:spe="softened"
            ecep:syllab="2"
            ecep:pron="ˈsɒfnd">softened</w>
         <c> </c>
         <w xml:id="bjb18-477510"
            n="a-0250"
            ecep:lem="sun"
            ecep:pos="n1"
            ecep:reg="sun"
            ecep:spe="sun"
            ecep:syllab="1"
            ecep:pron="sʌn">sun</w>
         <c> </c>
         <w xml:id="bjb18-477520"
            n="a-0260"
            ecep:lem="i"
            ecep:pos="pns11"
            ecep:reg="I"
            ecep:spe="I"
            ecep:syllab="1"
            ecep:pron="aɪ">I</w>
         <c> </c>
         <w xml:id="bjb18-477530"
            n="a-0270"
            ecep:lem="sweet"
            ecep:pos="av-j"
            ecep:reg="sweetly"
            ecep:spe="sweetly"
            ecep:syllab="2"
            ecep:pron="ˈswiːtli">sweetly</w>
         <c> </c>
         <w xml:id="bjb18-477540"
            n="a-0280"
            ecep:lem="trace"
            ecep:pos="vvb"
            ecep:reg="trace"
            ecep:spe="trace"
            ecep:syllab="1"
            ecep:pron="treɪs">trace</w>
         <pc xml:id="bjb18-477550"
             n="a-0290"
             ecep:lem=","
             ecep:pos=","
             ecep:reg=","
             ecep:spe=",">,</pc>
      </l>
      <l xml:id="bjb18-l25780">
         <c> </c>
         <w xml:id="bjb18-477560"
            n="a-0300"
            ecep:lem="wood"
            ecep:pos="n1"
            ecep:reg="Wood"
            ecep:spe="Wood"
            ecep:syllab="1"
            ecep:pron="wʊd">Wood</w>
         <pc xml:id="bjb18-477570"
             n="a-0310"
             ecep:lem=","
             ecep:pos=","
             ecep:reg=","
             ecep:spe=",">,</pc>
         <c> </c>
         <w xml:id="bjb18-477580"
            n="a-0320"
            ecep:lem="muir"
            ecep:pos="fw-mi"
            ecep:reg="muir"
            ecep:spe="muir"
            ecep:syllab="1"
            ecep:pron="muːr">muir</w>
         <c> </c>
         <w xml:id="bjb18-477590"
            n="a-0330"
            ecep:lem="and"
            ecep:pos="cc"
            ecep:reg="and"
            ecep:spe="and"
            ecep:syllab="1"
            ecep:pron="ænd">and</w>
         <c> </c>
         <w xml:id="bjb18-477600"
            n="a-0340"
            ecep:lem="mountain"
            ecep:pos="n1"
            ecep:reg="mountain"
            ecep:spe="mountain"
            ecep:syllab="2"
            ecep:pron="ˈmaʊntɪn">mountain</w>
         <c> </c>
         <w xml:id="bjb18-477610"
            n="a-0350"
            ecep:lem="cheer"
            ecep:pos="vvg"
            ecep:reg="cheering"
            ecep:spe="cheering"
            ecep:syllab="2"
            ecep:pron="ˈtʃɪərɪŋ">cheering</w>
         <pc xml:id="bjb18-477620"
             n="a-0360"
             unit="sentence"
             ecep:lem="."
             ecep:pos="."
             ecep:reg="."
             ecep:spe=".">.</pc>
         <c> </c>
      </l>
      <l rendition="#h_6" xml:id="bjb18-l25785">
         <w xml:id="bjb18-477630"
            n="a-0370"
            ecep:lem="lark"
            ecep:pos="n2"
            ecep:reg="Larks"
            ecep:spe="Larks"
            ecep:syllab="1"
            ecep:pron="lɑːks">Larks</w>
         <c> </c>
         <w xml:id="bjb18-477640"
            n="a-0380"
            ecep:lem="aloft"
            ecep:pos="av"
            ecep:reg="aloft"
            ecep:spe="aloft"
            ecep:syllab="2"
            ecep:pron="əˈlɒft">aloft</w>
         <c> </c>
         <w xml:id="bjb18-477650"
            n="a-0390"
            ecep:lem="be"
            ecep:pos="vbr"
            ecep:reg="are"
            ecep:spe="are"
            ecep:syllab="1"
            ecep:pron="ɑː">are</w>
         <c> </c>
         <w xml:id="bjb18-477660"
            n="a-0400"
            ecep:lem="sing"
            ecep:pos="vvg"
            ecep:reg="singing"
            ecep:spe="singing"
            ecep:syllab="2"
            ecep:pron="ˈsɪŋɪŋ">singing</w>
         <pc xml:id="bjb18-477670"
             n="a-0410"
             ecep:lem=","
             ecep:pos=","
             ecep:reg=","
             ecep:spe=",">,</pc>
      </l>
      <l rendition="#h_6" xml:id="bjb18-l25790">
         <c> </c>
         <w xml:id="bjb18-477680"
            n="a-0420"
            ecep:lem="hare"
            ecep:pos="n2"
            ecep:reg="Hares"
            ecep:spe="Hares"
            ecep:syllab="1"
            ecep:pron="heəz">Hares</w>
         <c> </c>
         <w xml:id="bjb18-477690"
            n="a-0430"
            ecep:lem="from"
            ecep:pos="p-acp"
            ecep:reg="from"
            ecep:spe="from"
            ecep:syllab="1"
            ecep:pron="frɒm">from</w>
         <c> </c>
         <w xml:id="bjb18-477700"
            n="a-0440"
            ecep:lem="covert"
            ecep:pos="n1"
            ecep:reg="covert"
            ecep:spe="covert"
            ecep:syllab="2"
            ecep:pron="ˈkʌvət">covert</w>
         <c> </c>
         <w xml:id="bjb18-477710"
            n="a-0450"
            ecep:lem="spring"
            ecep:pos="vvg"
            ecep:reg="springing"
            ecep:spe="springing"
            ecep:syllab="2"
            ecep:pron="ˈsprɪŋɪŋ">springing</w>
         <pc xml:id="bjb18-477720"
             n="a-0460"
             ecep:lem=","
             ecep:pos=","
             ecep:reg=","
             ecep:spe=",">,</pc>
      </l>
      <l xml:id="bjb18-l25795">
         <c> </c>
         <w xml:id="bjb18-477730"
            n="a-0470"
            ecep:lem="and"
            ecep:pos="cc"
            ecep:reg="And"
            ecep:spe="And"
            ecep:syllab="1"
            ecep:pron="ænd">And</w>
         <c> </c>
         <w xml:id="bjb18-477740"
            n="a-0480"
            ecep:lem="over"
            ecep:pos="p-acp"
            ecep:reg="over"
            ecep:spe="o'er"
            ecep:syllab="1"
            ecep:pron="ˈɔːə">o'er</w>
         <c> </c>
         <w xml:id="bjb18-477750"
            n="a-0490"
            ecep:lem="the"
            ecep:pos="dt"
            ecep:reg="the"
            ecep:spe="the"
            ecep:syllab="1"
            ecep:pron="ðiː">the</w>
         <c> </c>
         <w xml:id="bjb18-477760"
            n="a-0500"
            ecep:lem="fen"
            ecep:pos="n1"
            ecep:reg="fen"
            ecep:spe="fen"
            ecep:syllab="1"
            ecep:pron="fen">fen</w>
         <c> </c>
         <w xml:id="bjb18-477770"
            n="a-0510"
            ecep:lem="the"
            ecep:pos="dt"
            ecep:reg="the"
            ecep:spe="the"
            ecep:syllab="1"
            ecep:pron="ðiː">the</w>
         <c> </c>
         <w xml:id="bjb18-477780"
            n="a-0520"
            ecep:lem="wild-duck"
            ecep:pos="n1"
            ecep:reg="wild-duck"
            ecep:spe="wild-duck"
            ecep:syllab="2"
            ecep:pron="waɪldˌdʌk">wild-duck</w>
         <c> </c>
         <w xml:id="bjb18-477790"
            n="a-0530"
            ecep:lem="brood"
            ecep:pos="n1"
            ecep:reg="brood"
            ecep:spe="brood"
            ecep:syllab="1"
            ecep:pron="bruːd">brood</w>
      </l>
      <l rendition="#h_6" xml:id="bjb18-l25800">
         <c> </c>
         <w xml:id="bjb18-477800"
            n="a-0540"
            ecep:lem="their"
            ecep:pos="po32"
            ecep:reg="Their"
            ecep:spe="Their"
            ecep:syllab="1"
            ecep:pron="ðeə">Their</w>
         <c> </c>
         <w xml:id="bjb18-477810"
            n="a-0550"
            ecep:lem="early"
            ecep:pos="j"
            ecep:reg="early"
            ecep:spe="early"
            ecep:syllab="2"
            ecep:pron="ˈɜːli">early</w>
         <c> </c>
         <w xml:id="bjb18-477820"
            n="a-0560"
            ecep:lem="way"
            ecep:pos="n1"
            ecep:reg="way"
            ecep:spe="way"
            ecep:syllab="1"
            ecep:pron="weɪ">way</w>
         <c> </c>
         <w xml:id="bjb18-477830"
            n="a-0570"
            ecep:lem="be"
            ecep:pos="vbb"
            ecep:reg="are"
            ecep:spe="are"
            ecep:syllab="1"
            ecep:pron="ɑː">are</w>
         <c> </c>
         <w xml:id="bjb18-477840"
            n="a-0580"
            ecep:lem="wing"
            ecep:pos="vvg"
            ecep:reg="winging"
            ecep:spe="winging"
            ecep:syllab="2"
            ecep:pron="ˈwɪŋɪŋ">winging</w>
         <pc xml:id="bjb18-477850"
             n="a-0590"
             unit="sentence"
             ecep:lem="."
             ecep:pos="."
             ecep:reg="."
             ecep:spe=".">.</pc>
         <c> </c>
      </l>
   </lg>
   <lg xml:id="bjb18-s03075">
      <l xml:id="bjb18-l25805">
         <w xml:id="bjb18-477880"
            n="a-0600"
            ecep:lem="bright"
            ecep:pos="j"
            ecep:reg="Bright"
            ecep:spe="Bright"
            ecep:syllab="1"
            ecep:pron="braɪt">Bright</w>
         <c> </c>
         <w xml:id="bjb18-477890"
            n="a-0610"
            ecep:lem="every"
            ecep:pos="d"
            ecep:reg="every"
            ecep:spe="every"
            ecep:syllab="2"
            ecep:pron="ˈevri">every</w>
         <c> </c>
         <w xml:id="bjb18-477900"
            n="a-0620"
            ecep:lem="dewy"
            ecep:pos="j"
            ecep:reg="dewy"
            ecep:spe="dewy"
            ecep:syllab="2"
            ecep:pron="ˈdjuːi">dewy</w>
         <c> </c>
         <w xml:id="bjb18-477910"
            n="a-0630"
            ecep:lem="hawthorn"
            ecep:pos="n1"
            ecep:reg="hawthorn"
            ecep:spe="hawthorn"
            ecep:syllab="2"
            ecep:pron="ˈhɔːθɔːn">hawthorn</w>
         <c> </c>
         <w xml:id="bjb18-477920"
            n="a-0640"
            ecep:lem="shine"
            ecep:pos="vvz"
            ecep:reg="shines"
            ecep:spe="shines"
            ecep:syllab="1"
            ecep:pron="ʃaɪnz">shines</w>
         <pc xml:id="bjb18-477930"
             n="a-0650"
             ecep:lem=","
             ecep:pos=","
             ecep:reg=","
             ecep:spe=",">,</pc>
      </l>
      <l xml:id="bjb18-l25810">
         <c> </c>
         <w xml:id="bjb18-477940"
            n="a-0660"
            ecep:lem="sweet"
            ecep:pos="j"
            ecep:reg="Sweet"
            ecep:spe="Sweet"
            ecep:syllab="1"
            ecep:pron="swiːt">Sweet</w>
         <c> </c>
         <w xml:id="bjb18-477950"
            n="a-0670"
            ecep:lem="every"
            ecep:pos="d"
            ecep:reg="every"
            ecep:spe="every"
            ecep:syllab="2"
            ecep:pron="ˈevri">every</w>
         <c> </c>
         <w xml:id="bjb18-477960"
            n="a-0680"
            ecep:lem="herb"
            ecep:pos="n1"
            ecep:reg="herb"
            ecep:spe="herb"
            ecep:syllab="1"
            ecep:pron="hɜːb">herb</w>
         <c> </c>
         <w xml:id="bjb18-477970"
            n="a-0690"
            ecep:lem="be"
            ecep:pos="vbz"
            ecep:reg="is"
            ecep:spe="is"
            ecep:syllab="1"
            ecep:pron="ɪz">is</w>
         <c> </c>
         <w xml:id="bjb18-477980"
            n="a-0700"
            ecep:lem="grow"
            ecep:pos="vvg"
            ecep:reg="growing"
            ecep:spe="growing"
            ecep:syllab="2"
            ecep:pron="ˈgrəʊɪŋ">growing</w>
         <pc xml:id="bjb18-477990"
             n="a-0710"
             ecep:lem=","
             ecep:pos=","
             ecep:reg=","
             ecep:spe=",">,</pc>
      </l>
      <l xml:id="bjb18-l25815">
         <c> </c>
         <w xml:id="bjb18-478000"
            n="a-0720"
            ecep:lem="to"
            ecep:pos="p-acp"
            ecep:reg="To"
            ecep:spe="To"
            ecep:syllab="1"
            ecep:pron="tuː">To</w>
         <c> </c>
         <w xml:id="bjb18-478010"
            n="a-0730"
            ecep:lem="he"
            ecep:pos="pno31"
            ecep:reg="him"
            ecep:spe="him"
            ecep:syllab="1"
            ecep:pron="hɪm">him</w>
         <c> </c>
         <w xml:id="bjb18-478020"
            n="a-0740"
            ecep:lem="who"
            ecep:pos="r-crq"
            ecep:reg="whose"
            ecep:spe="whose"
            ecep:syllab="1"
            ecep:pron="huːz">whose</w>
         <c> </c>
         <w xml:id="bjb18-478030"
            n="a-0750"
            ecep:lem="willing"
            ecep:pos="n1"
            ecep:reg="willing"
            ecep:spe="willing"
            ecep:syllab="2"
            ecep:pron="ˈwɪlɪŋ">willing</w>
         <c> </c>
         <w xml:id="bjb18-478040"
            n="a-0760"
            ecep:lem="heart"
            ecep:pos="n1"
            ecep:reg="heart"
            ecep:spe="heart"
            ecep:syllab="1"
            ecep:pron="hɑːt">heart</w>
         <c> </c>
         <w xml:id="bjb18-478050"
            n="a-0770"
            ecep:lem="incline"
            ecep:pos="vvz"
            ecep:reg="inclines"
            ecep:spe="inclines"
            ecep:syllab="2"
            ecep:pron="ˈɪnklaɪnz">inclines</w>
      </l>
      <l xml:id="bjb18-l25820">
         <c> </c>
         <w xml:id="bjb18-478060"
            n="a-0780"
            ecep:lem="the"
            ecep:pos="dt"
            ecep:reg="The"
            ecep:spe="The"
            ecep:syllab="1"
            ecep:pron="ðiː">The</w>
         <c> </c>
         <w xml:id="bjb18-478070"
            n="a-0790"
            ecep:lem="way"
            ecep:pos="n1"
            ecep:reg="way"
            ecep:spe="way"
            ecep:syllab="1"
            ecep:pron="weɪ">way</w>
         <c> </c>
         <w xml:id="bjb18-478080"
            n="a-0800"
            ecep:lem="that"
            ecep:pos="cst"
            ecep:reg="that"
            ecep:spe="that"
            ecep:syllab="1"
            ecep:pron="ðæt">that</w>
         <c> </c>
         <w xml:id="bjb18-478090"
            n="a-0810"
            ecep:lem="he"
            ecep:pos="pns31"
            ecep:reg="he"
            ecep:spe="he"
            ecep:syllab="1"
            ecep:pron="hiː">he</w>
         <c> </c>
         <w xml:id="bjb18-478100"
            n="a-0820"
            ecep:lem="be"
            ecep:pos="vbz"
            ecep:reg="is"
            ecep:spe="is"
            ecep:syllab="1"
            ecep:pron="ɪz">is</w>
         <c> </c>
         <w xml:id="bjb18-478110"
            n="a-0830"
            ecep:lem="go"
            ecep:pos="vvg"
            ecep:reg="going"
            ecep:spe="going"
            ecep:syllab="2"
            ecep:pron="ˈgəʊɪŋ">going</w>
         <pc xml:id="bjb18-478120"
             n="a-0840"
             unit="sentence"
             ecep:lem="."
             ecep:pos="."
             ecep:reg="."
             ecep:spe=".">.</pc>
         <c> </c>
      </l>
      <l rendition="#h_6" xml:id="bjb18-l25825">
         <w xml:id="bjb18-478130"
            n="a-0850"
            ecep:lem="clear"
            ecep:pos="av-j"
            ecep:reg="Clearly"
            ecep:spe="Clearly"
            ecep:syllab="2"
            ecep:pron="ˈklɪəli">Clearly</w>
         <c> </c>
         <w xml:id="bjb18-478140"
            n="a-0860"
            ecep:lem="do"
            ecep:pos="n1"
            ecep:reg="do"
            ecep:spe="do"
            ecep:syllab="1"
            ecep:pron="dəʊ">do</w>
         <c> </c>
         <w xml:id="bjb18-478150"
            n="a-0870"
            ecep:lem="i"
            ecep:pos="pns11"
            ecep:reg="I"
            ecep:spe="I"
            ecep:syllab="1"
            ecep:pron="aɪ">I</w>
         <c> </c>
         <w xml:id="bjb18-478160"
            n="a-0880"
            ecep:lem="see"
            ecep:pos="vvi"
            ecep:reg="see"
            ecep:spe="see"
            ecep:syllab="1"
            ecep:pron="siː">see</w>
         <c> </c>
         <w xml:id="bjb18-478170"
            n="a-0890"
            ecep:lem="now"
            ecep:pos="av"
            ecep:reg="now"
            ecep:spe="now"
            ecep:syllab="1"
            ecep:pron="naʊ">now</w>
      </l>
      <l rendition="#h_6" xml:id="bjb18-l25830">
         <c> </c>
         <w xml:id="bjb18-478180"
            n="a-0900"
            ecep:lem="what"
            ecep:pos="q-crq"
            ecep:reg="What"
            ecep:spe="What"
            ecep:syllab="1"
            ecep:pron="wɒt">What</w>
         <c> </c>
         <w xml:id="bjb18-478190"
            n="a-0910"
            ecep:lem="will"
            ecep:pos="vmb"
            ecep:reg="will"
            ecep:spe="will"
            ecep:syllab="1"
            ecep:pron="wɪl">will</w>
         <c> </c>
         <w xml:id="bjb18-478200"
            n="a-0920"
            ecep:lem="short"
            ecep:pos="av-j"
            ecep:reg="shortly"
            ecep:spe="shortly"
            ecep:syllab="2"
            ecep:pron="ˈʃɔːtli">shortly</w>
         <c> </c>
         <w xml:id="bjb18-478210"
            n="a-0930"
            ecep:lem="be"
            ecep:pos="vbi"
            ecep:reg="be"
            ecep:spe="be"
            ecep:syllab="1"
            ecep:pron="biː">be</w>
         <c> </c>
         <w xml:id="bjb18-478220"
            n="a-0940"
            ecep:lem="now"
            ecep:pos="av"
            ecep:reg="now"
            ecep:spe="now"
            ecep:syllab="1"
            ecep:pron="naʊ">now</w>
         <pc xml:id="bjb18-478230"
             n="a-0950"
             ecep:lem=";"
             ecep:pos=";"
             ecep:reg=";"
             ecep:spe=";">;</pc>
      </l>
      <pb n="315" rend="none"/>
      <l xml:id="bjb18-l25835">
         <c> </c>
         <w xml:id="bjb18-478240"
            n="a-0010"
            ecep:lem="i|be"
            ecep:pos="pns11|vbm"
            ecep:reg="I'm"
            ecep:spe="I'm"
            ecep:syllab="1"
            ecep:pron="ˈaɪm">I'm</w>
         <c> </c>
         <w xml:id="bjb18-478250"
            n="a-0020"
            ecep:lem="pat"
            ecep:pos="vvg"
            ecep:reg="patting"
            ecep:spe="patting"
            ecep:syllab="2"
            ecep:pron="ˈpætɪŋ">patting</w>
         <c> </c>
         <w xml:id="bjb18-478260"
            n="a-0030"
            ecep:lem="at"
            ecep:pos="p-acp"
            ecep:reg="at"
            ecep:spe="at"
            ecep:syllab="1"
            ecep:pron="æt">at</w>
         <c> </c>
         <w xml:id="bjb18-478270"
            n="a-0040"
            ecep:lem="her"
            ecep:pos="po31"
            ecep:reg="her"
            ecep:spe="her"
            ecep:syllab="1"
            ecep:pron="hɜː">her</w>
         <c> </c>
         <w xml:id="bjb18-478280"
            n="a-0050"
            ecep:lem="door"
            ecep:pos="n1"
            ecep:reg="door"
            ecep:spe="door"
            ecep:syllab="1"
            ecep:pron="dɔː">door</w>
         <c> </c>
         <w xml:id="bjb18-478290"
            n="a-0060"
            ecep:lem="poor"
            ecep:pos="j"
            ecep:reg="poor"
            ecep:spe="poor"
            ecep:syllab="1"
            ecep:pron="pɔː">poor</w>
         <c> </c>
         <w xml:id="bjb18-478300"
            n="a-0070"
            ecep:lem="tray"
            ecep:pos="n1"
            ecep:reg="Tray"
            ecep:spe="Tray"
            ecep:syllab="1"
            ecep:pron="treɪ">Tray</w>
         <pc xml:id="bjb18-478310"
             n="a-0080"
             ecep:lem=","
             ecep:pos=","
             ecep:reg=","
             ecep:spe=",">,</pc>
      </l>
      <l rendition="#h_6" xml:id="bjb18-l25840">
         <c> </c>
         <w xml:id="bjb18-478320"
            n="a-0090"
            ecep:lem="who"
            ecep:pos="q-crq"
            ecep:reg="Who"
            ecep:spe="Who"
            ecep:syllab="1"
            ecep:pron="huː">Who</w>
         <c> </c>
         <w xml:id="bjb18-478330"
            n="a-0100"
            ecep:lem="fawn"
            ecep:pos="vvz"
            ecep:reg="fawns"
            ecep:spe="fawns"
            ecep:syllab="1"
            ecep:pron="fɔːnz">fawns</w>
         <c> </c>
         <w xml:id="bjb18-478340"
            n="a-0110"
            ecep:lem="and"
            ecep:pos="cc"
            ecep:reg="and"
            ecep:spe="and"
            ecep:syllab="1"
            ecep:pron="ænd">and</w>
         <c> </c>
         <w xml:id="bjb18-478350"
            n="a-0120"
            ecep:lem="welcome"
            ecep:pos="n2-jn"
            ecep:reg="welcomes"
            ecep:spe="welcomes"
            ecep:syllab="2"
            ecep:pron="ˈwelkəmz">welcomes</w>
         <c> </c>
         <w xml:id="bjb18-478360"
            n="a-0130"
            ecep:lem="metaphor"
            ecep:pos="n1"
            ecep:reg="me"
            ecep:spe="me"
            ecep:syllab="1"
            ecep:pron="miː">me</w>
         <c> </c>
         <w xml:id="bjb18-478370"
            n="a-0140"
            ecep:lem="now"
            ecep:pos="av"
            ecep:reg="now"
            ecep:spe="now"
            ecep:syllab="1"
            ecep:pron="naʊ">now</w>
         <pc xml:id="bjb18-478380"
             n="a-0150"
             unit="sentence"
             ecep:lem="."
             ecep:pos="."
             ecep:reg="."
             ecep:spe=".">.</pc>
         <c> </c>
      </l>
   </lg>
   <lg xml:id="bjb18-s03080">
      <l xml:id="bjb18-l25845">
         <w xml:id="bjb18-478410"
            n="a-0160"
            ecep:lem="how"
            ecep:pos="q-crq"
            ecep:reg="How"
            ecep:spe="How"
            ecep:syllab="1"
            ecep:pron="haʊ">How</w>
         <c> </c>
         <w xml:id="bjb18-478420"
            n="a-0170"
            ecep:lem="slow"
            ecep:pos="av-j"
            ecep:reg="slowly"
            ecep:spe="slowly"
            ecep:syllab="2"
            ecep:pron="ˈsləʊli">slowly</w>
         <c> </c>
         <w xml:id="bjb18-478430"
            n="a-0180"
            ecep:lem="move"
            ecep:pos="vvz"
            ecep:reg="moves"
            ecep:spe="moves"
            ecep:syllab="1"
            ecep:pron="muːvz">moves</w>
         <c> </c>
         <w xml:id="bjb18-478440"
            n="a-0190"
            ecep:lem="the"
            ecep:pos="dt"
            ecep:reg="the"
            ecep:spe="the"
            ecep:syllab="1"
            ecep:pron="ðiː">the</w>
         <c> </c>
         <w xml:id="bjb18-478450"
            n="a-0200"
            ecep:lem="rise"
            ecep:pos="j-vvg"
            ecep:reg="rising"
            ecep:spe="rising"
            ecep:syllab="2"
            ecep:pron="ˈraɪzɪŋ">rising</w>
         <c> </c>
         <w xml:id="bjb18-478460"
            n="a-0210"
            ecep:lem="latch"
            ecep:pos="n1"
            ecep:reg="latch"
            ecep:spe="latch"
            ecep:syllab="1"
            ecep:pron="lætʃ">latch</w>
         <pc xml:id="bjb18-478470"
             n="a-0220"
             unit="sentence"
             ecep:lem="!"
             ecep:pos="!"
             ecep:reg="!"
             ecep:spe="!">!</pc>
         <c> </c>
      </l>
      <l xml:id="bjb18-l25850">
         <w xml:id="bjb18-478480"
            n="a-0230"
            ecep:lem="how"
            ecep:pos="q-crq"
            ecep:reg="How"
            ecep:spe="How"
            ecep:syllab="1"
            ecep:pron="haʊ">How</w>
         <c> </c>
         <w xml:id="bjb18-478490"
            n="a-0240"
            ecep:lem="quick"
            ecep:pos="j"
            ecep:reg="quick"
            ecep:spe="quick"
            ecep:syllab="1"
            ecep:pron="kwɪk">quick</w>
         <c> </c>
         <w xml:id="bjb18-478500"
            n="a-0250"
            ecep:lem="my"
            ecep:pos="po11"
            ecep:reg="my"
            ecep:spe="my"
            ecep:syllab="1"
            ecep:pron="maɪ">my</w>
         <c> </c>
         <w xml:id="bjb18-478510"
            n="a-0260"
            ecep:lem="heart"
            ecep:pos="n1"
            ecep:reg="heart"
            ecep:spe="heart"
            ecep:syllab="1"
            ecep:pron="hɑːt">heart</w>
         <c> </c>
         <w xml:id="bjb18-478520"
            n="a-0270"
            ecep:lem="be"
            ecep:pos="vbz"
            ecep:reg="is"
            ecep:spe="is"
            ecep:syllab="1"
            ecep:pron="ɪz">is</w>
         <c> </c>
         <w xml:id="bjb18-478530"
            n="a-0280"
            ecep:lem="beat"
            ecep:pos="vvg"
            ecep:reg="beating"
            ecep:spe="beating"
            ecep:syllab="2"
            ecep:pron="ˈbiːtɪŋ">beating</w>
         <pc xml:id="bjb18-478540"
             n="a-0290"
             unit="sentence"
             ecep:lem="!"
             ecep:pos="!"
             ecep:reg="!"
             ecep:spe="!">!</pc>
         <c> </c>
      </l>
      <l xml:id="bjb18-l25855">
         <w xml:id="bjb18-478550"
            n="a-0300"
            ecep:lem="that"
            ecep:pos="cst"
            ecep:reg="That"
            ecep:spe="That"
            ecep:syllab="1"
            ecep:pron="ðæt">That</w>
         <c> </c>
         <w xml:id="bjb18-478560"
            n="a-0310"
            ecep:lem="worldly"
            ecep:pos="j"
            ecep:reg="worldly"
            ecep:spe="worldly"
            ecep:syllab="2"
            ecep:pron="ˈwɜːldli">worldly</w>
         <c> </c>
         <w xml:id="bjb18-478570"
            n="a-0320"
            ecep:lem="dame"
            ecep:pos="n1"
            ecep:reg="dame"
            ecep:spe="dame"
            ecep:syllab="1"
            ecep:pron="deɪm">dame</w>
         <c> </c>
         <w xml:id="bjb18-478580"
            n="a-0330"
            ecep:lem="be"
            ecep:pos="vbz"
            ecep:reg="is"
            ecep:spe="is"
            ecep:syllab="1"
            ecep:pron="ɪz">is</w>
         <c> </c>
         <w xml:id="bjb18-478590"
            n="a-0340"
            ecep:lem="on"
            ecep:pos="p-acp"
            ecep:reg="on"
            ecep:spe="on"
            ecep:syllab="1"
            ecep:pron="ɒn">on</w>
         <c> </c>
         <w xml:id="bjb18-478600"
            n="a-0350"
            ecep:lem="the"
            ecep:pos="dt"
            ecep:reg="the"
            ecep:spe="the"
            ecep:syllab="1"
            ecep:pron="ðiː">the</w>
         <c> </c>
         <w xml:id="bjb18-478610"
            n="a-0360"
            ecep:lem="watch"
            ecep:pos="n1"
            ecep:reg="watch"
            ecep:spe="watch"
            ecep:syllab="1"
            ecep:pron="wɒtʃ">watch</w>
      </l>
      <l xml:id="bjb18-l25860">
         <c> </c>
         <w xml:id="bjb18-478620"
            n="a-0370"
            ecep:lem="to"
            ecep:pos="pc-acp"
            ecep:reg="To"
            ecep:spe="To"
            ecep:syllab="1"
            ecep:pron="tuː">To</w>
         <c> </c>
         <w xml:id="bjb18-478630"
            n="a-0380"
            ecep:lem="frown"
            ecep:pos="vvi"
            ecep:reg="frown"
            ecep:spe="frown"
            ecep:syllab="1"
            ecep:pron="fraʊn">frown</w>
         <c> </c>
         <w xml:id="bjb18-478640"
            n="a-0390"
            ecep:lem="upon"
            ecep:pos="p-acp"
            ecep:reg="upon"
            ecep:spe="upon"
            ecep:syllab="2"
            ecep:pron="əˈpɒn">upon</w>
         <c> </c>
         <w xml:id="bjb18-478650"
            n="a-0400"
            ecep:lem="our"
            ecep:pos="po12"
            ecep:reg="our"
            ecep:spe="our"
            ecep:syllab="1"
            ecep:pron="ˈaʊə">our</w>
         <c> </c>
         <w xml:id="bjb18-478660"
            n="a-0410"
            ecep:lem="meeting"
            ecep:pos="n1"
            ecep:reg="meeting"
            ecep:spe="meeting"
            ecep:syllab="2"
            ecep:pron="ˈmiːtɪŋ">meeting</w>
         <pc xml:id="bjb18-478670"
             n="a-0420"
             unit="sentence"
             ecep:lem="."
             ecep:pos="."
             ecep:reg="."
             ecep:spe=".">.</pc>
         <c> </c>
      </l>
      <l rendition="#h_6" xml:id="bjb18-l25865">
         <w xml:id="bjb18-478680"
            n="a-0430"
            ecep:lem="fie"
            ecep:pos="uh"
            ecep:reg="Fie"
            ecep:spe="Fy"
            ecep:syllab="1"
            ecep:pron="fˈaɪ">Fy</w>
         <pc xml:id="bjb18-478690"
             n="a-0440"
             ecep:lem="!"
             ecep:pos="!"
             ecep:reg="!"
             ecep:spe="!">!</pc>
         <c> </c>
         <w xml:id="bjb18-478700"
            n="a-0450"
            ecep:lem="why"
            ecep:pos="q-crq"
            ecep:reg="why"
            ecep:spe="why"
            ecep:syllab="1"
            ecep:pron="waɪ">why</w>
         <c> </c>
         <w xml:id="bjb18-478710"
            n="a-0460"
            ecep:lem="shall"
            ecep:pos="vmd"
            ecep:reg="should"
            ecep:spe="should"
            ecep:syllab="1"
            ecep:pron="ʃʊd">should</w>
         <c> </c>
         <w xml:id="bjb18-478720"
            n="a-0470"
            ecep:lem="i"
            ecep:pos="pns11"
            ecep:reg="I"
            ecep:spe="I"
            ecep:syllab="1"
            ecep:pron="aɪ">I</w>
         <c> </c>
         <w xml:id="bjb18-478730"
            n="a-0480"
            ecep:lem="mind"
            ecep:pos="vvi"
            ecep:reg="mind"
            ecep:spe="mind"
            ecep:syllab="1"
            ecep:pron="maɪnd">mind</w>
         <c> </c>
         <w xml:id="bjb18-478740"
            n="a-0490"
            ecep:lem="she"
            ecep:pos="pno31"
            ecep:reg="her"
            ecep:spe="her"
            ecep:syllab="1"
            ecep:pron="hɜː">her</w>
         <pc xml:id="bjb18-478750"
             n="a-0500"
             ecep:lem=","
             ecep:pos=","
             ecep:reg=","
             ecep:spe=",">,</pc>
      </l>
      <l rendition="#h_6" xml:id="bjb18-l25870">
         <c> </c>
         <w xml:id="bjb18-478760"
            n="a-0510"
            ecep:lem="see"
            ecep:pos="vvb"
            ecep:reg="See"
            ecep:spe="See"
            ecep:syllab="1"
            ecep:pron="siː">See</w>
         <c> </c>
         <w xml:id="bjb18-478770"
            n="a-0520"
            ecep:lem="who"
            ecep:pos="r-crq"
            ecep:reg="who"
            ecep:spe="who"
            ecep:syllab="1"
            ecep:pron="huː">who</w>
         <c> </c>
         <w xml:id="bjb18-478780"
            n="a-0530"
            ecep:lem="stand"
            ecep:pos="vvz"
            ecep:reg="stands"
            ecep:spe="stands"
            ecep:syllab="1"
            ecep:pron="stændz">stands</w>
         <c> </c>
         <w xml:id="bjb18-478790"
            n="a-0540"
            ecep:lem="behind"
            ecep:pos="p-acp"
            ecep:reg="behind"
            ecep:spe="behind"
            ecep:syllab="2"
            ecep:pron="biˈhaɪnd">behind</w>
         <c> </c>
         <w xml:id="bjb18-478800"
            n="a-0550"
            ecep:lem="she"
            ecep:pos="pno31"
            ecep:reg="her"
            ecep:spe="her"
            ecep:syllab="1"
            ecep:pron="hɜː">her</w>
         <pc xml:id="bjb18-478810"
             n="a-0560"
             ecep:lem=","
             ecep:pos=","
             ecep:reg=","
             ecep:spe=",">,</pc>
      </l>
      <l xml:id="bjb18-l25875">
         <c> </c>
         <w xml:id="bjb18-478820"
            n="a-0570"
            ecep:lem="who"
            ecep:pos="r-crq"
            ecep:reg="Whose"
            ecep:spe="Whose"
            ecep:syllab="1"
            ecep:pron="huːz">Whose</w>
         <c> </c>
         <w xml:id="bjb18-478830"
            n="a-0580"
            ecep:lem="eye"
            ecep:pos="n1"
            ecep:reg="eye"
            ecep:spe="eye"
            ecep:syllab="1"
            ecep:pron="aɪ">eye</w>
         <c> </c>
         <w xml:id="bjb18-478840"
            n="a-0590"
            ecep:lem="upon"
            ecep:pos="p-acp"
            ecep:reg="upon"
            ecep:spe="upon"
            ecep:syllab="2"
            ecep:pron="əˈpɒn">upon</w>
         <c> </c>
         <w xml:id="bjb18-478850"
            n="a-0600"
            ecep:lem="her"
            ecep:pos="po31"
            ecep:reg="her"
            ecep:spe="her"
            ecep:syllab="1"
            ecep:pron="hɜː">her</w>
         <c> </c>
         <w xml:id="bjb18-478860"
            n="a-0610"
            ecep:lem="traveller"
            ecep:pos="n1"
            ecep:reg="traveller"
            ecep:spe="traveller"
            ecep:syllab="3"
            ecep:pron="ˈtrævlə">traveller</w>
         <c> </c>
         <w xml:id="bjb18-478870"
            n="a-0620"
            ecep:lem="look"
            ecep:pos="vvz"
            ecep:reg="looks"
            ecep:spe="looks"
            ecep:syllab="1"
            ecep:pron="lʊks">looks</w>
      </l>
      <l rendition="#h_6" xml:id="bjb18-l25880">
         <c> </c>
         <w xml:id="bjb18-478880"
            n="a-0630"
            ecep:lem="the"
            ecep:pos="dt"
            ecep:reg="The"
            ecep:spe="The"
            ecep:syllab="1"
            ecep:pron="ðiː">The</w>
         <c> </c>
         <w xml:id="bjb18-478890"
            n="a-0640"
            ecep:lem="sweet"
            ecep:pos="jc"
            ecep:reg="sweeter"
            ecep:spe="sweeter"
            ecep:syllab="2"
            ecep:pron="ˈswiːtə">sweeter</w>
         <c> </c>
         <w xml:id="bjb18-478900"
            n="a-0650"
            ecep:lem="and"
            ecep:pos="cc"
            ecep:reg="and"
            ecep:spe="and"
            ecep:syllab="1"
            ecep:pron="ænd">and</w>
         <c> </c>
         <w xml:id="bjb18-478910"
            n="a-0660"
            ecep:lem="the"
            ecep:pos="dt"
            ecep:reg="the"
            ecep:spe="the"
            ecep:syllab="1"
            ecep:pron="ðiː">the</w>
         <c> </c>
         <w xml:id="bjb18-478920"
            n="a-0670"
            ecep:lem="kind"
            ecep:pos="jc"
            ecep:reg="kinder"
            ecep:spe="kinder"
            ecep:syllab="2"
            ecep:pron="kaɪndə">kinder</w>
         <pc xml:id="bjb18-478930"
             n="a-0680"
             unit="sentence"
             ecep:lem="."
             ecep:pos="."
             ecep:reg="."
             ecep:spe=".">.</pc>
         <c> </c>
      </l>
   </lg>
   <lg xml:id="bjb18-s03085">
      <l xml:id="bjb18-l25885">
         <w xml:id="bjb18-478960"
            n="a-0690"
            ecep:lem="o"
            ecep:pos="uh"
            ecep:reg="OH"
            ecep:spe="O"
            ecep:syllab="1"
            ecep:pron="əʊ">O</w>
         <c> </c>
         <w xml:id="bjb18-478970"
            n="a-0700"
            ecep:lem="every"
            ecep:pos="d"
            ecep:reg="every"
            ecep:spe="every"
            ecep:syllab="2"
            ecep:pron="ˈevri">every</w>
         <c> </c>
         <w xml:id="bjb18-478980"
            n="a-0710"
            ecep:lem="bound"
            ecep:pos="j-vvg"
            ecep:reg="bounding"
            ecep:spe="bounding"
            ecep:syllab="2"
            ecep:pron="ˈbaʊndɪŋ">bounding</w>
         <c> </c>
         <w xml:id="bjb18-478990"
            n="a-0720"
            ecep:lem="step"
            ecep:pos="n1"
            ecep:reg="step"
            ecep:spe="step"
            ecep:syllab="1"
            ecep:pron="step">step</w>
         <c> </c>
         <w xml:id="bjb18-479000"
            n="a-0730"
            ecep:lem="i"
            ecep:pos="pns11"
            ecep:reg="I"
            ecep:spe="I"
            ecep:syllab="1"
            ecep:pron="aɪ">I</w>
         <c> </c>
         <w xml:id="bjb18-479010"
            n="a-0740"
            ecep:lem="take"
            ecep:pos="vvb"
            ecep:reg="take"
            ecep:spe="take"
            ecep:syllab="1"
            ecep:pron="teɪk">take</w>
         <pc xml:id="bjb18-479020"
             n="a-0750"
             ecep:lem=","
             ecep:pos=","
             ecep:reg=","
             ecep:spe=",">,</pc>
      </l>
      <l xml:id="bjb18-l25890">
         <c> </c>
         <w xml:id="bjb18-479030"
            n="a-0760"
            ecep:lem="each"
            ecep:pos="d"
            ecep:reg="Each"
            ecep:spe="Each"
            ecep:syllab="1"
            ecep:pron="iːtʃ">Each</w>
         <c> </c>
         <w xml:id="bjb18-479040"
            n="a-0770"
            ecep:lem="hour"
            ecep:pos="n1"
            ecep:reg="hour"
            ecep:spe="hour"
            ecep:syllab="1"
            ecep:pron="ˈaʊə">hour</w>
         <c> </c>
         <w xml:id="bjb18-479050"
            n="a-0780"
            ecep:lem="the"
            ecep:pos="dt"
            ecep:reg="the"
            ecep:spe="the"
            ecep:syllab="1"
            ecep:pron="ðiː">the</w>
         <c> </c>
         <w xml:id="bjb18-479060"
            n="a-0790"
            ecep:lem="clock"
            ecep:pos="n1"
            ecep:reg="clock"
            ecep:spe="clock"
            ecep:syllab="1"
            ecep:pron="klɒk">clock</w>
         <c> </c>
         <w xml:id="bjb18-479070"
            n="a-0800"
            ecep:lem="be"
            ecep:pos="vbz"
            ecep:reg="is"
            ecep:spe="is"
            ecep:syllab="1"
            ecep:pron="ɪz">is</w>
         <c> </c>
         <w xml:id="bjb18-479080"
            n="a-0810"
            ecep:lem="tell"
            ecep:pos="vvg"
            ecep:reg="telling"
            ecep:spe="telling"
            ecep:syllab="2"
            ecep:pron="ˈtelɪŋ">telling</w>
         <pc xml:id="bjb18-479090"
             n="a-0820"
             ecep:lem=","
             ecep:pos=","
             ecep:reg=","
             ecep:spe=",">,</pc>
      </l>
      <l xml:id="bjb18-l25895">
         <c> </c>
         <w xml:id="bjb18-479100"
            n="a-0830"
            ecep:lem="bear"
            ecep:pos="n2"
            ecep:reg="Bears"
            ecep:spe="Bears"
            ecep:syllab="1"
            ecep:pron="beəz">Bears</w>
         <c> </c>
         <w xml:id="bjb18-479110"
            n="a-0840"
            ecep:lem="i"
            ecep:pos="pno11"
            ecep:reg="me"
            ecep:spe="me"
            ecep:syllab="1"
            ecep:pron="miː">me</w>
         <c> </c>
         <w xml:id="bjb18-479120"
            n="a-0850"
            ecep:lem="over"
            ecep:pos="p-acp"
            ecep:reg="over"
            ecep:spe="o'er"
            ecep:syllab="1"
            ecep:pron="ˈɔːə">o'er</w>
         <c> </c>
         <w xml:id="bjb18-479130"
            n="a-0860"
            ecep:lem="mountain"
            ecep:pos="n1"
            ecep:reg="mountain"
            ecep:spe="mountain"
            ecep:syllab="2"
            ecep:pron="ˈmaʊntɪn">mountain</w>
         <pc xml:id="bjb18-479140"
             n="a-0870"
             ecep:lem=","
             ecep:pos=","
             ecep:reg=","
             ecep:spe=",">,</pc>
         <c> </c>
         <w xml:id="bjb18-479150"
            n="a-0880"
            ecep:lem="bourn"
            ecep:pos="n1"
            ecep:reg="bourn"
            ecep:spe="bourn"
            ecep:syllab="1"
            ecep:pron="bɔːn">bourn</w>
         <c> </c>
         <w xml:id="bjb18-479160"
            n="a-0890"
            ecep:lem="and"
            ecep:pos="cc"
            ecep:reg="and"
            ecep:spe="and"
            ecep:syllab="1"
            ecep:pron="ænd">and</w>
         <c> </c>
         <w xml:id="bjb18-479170"
            n="a-0900"
            ecep:lem="brake"
            ecep:pos="n1"
            ecep:reg="brake"
            ecep:spe="brake"
            ecep:syllab="1"
            ecep:pron="breɪk">brake</w>
      </l>
      <l xml:id="bjb18-l25900">
         <c> </c>
         <w xml:id="bjb18-479180"
            n="a-0910"
            ecep:lem="still"
            ecep:pos="av"
            ecep:reg="Still"
            ecep:spe="Still"
            ecep:syllab="1"
            ecep:pron="stɪl">Still</w>
         <c> </c>
         <w xml:id="bjb18-479190"
            n="a-0920"
            ecep:lem="near"
            ecep:pos="av-jc"
            ecep:reg="nearer"
            ecep:spe="nearer"
            ecep:syllab="2"
            ecep:pron="ˈnɪərə">nearer</w>
         <c> </c>
         <w xml:id="bjb18-479200"
            n="a-0930"
            ecep:lem="to"
            ecep:pos="p-acp"
            ecep:reg="to"
            ecep:spe="to"
            ecep:syllab="1"
            ecep:pron="tuː">to</w>
         <c> </c>
         <w xml:id="bjb18-479210"
            n="a-0940"
            ecep:lem="her"
            ecep:pos="po31"
            ecep:reg="her"
            ecep:spe="her"
            ecep:syllab="1"
            ecep:pron="hɜː">her</w>
         <c> </c>
         <w xml:id="bjb18-479220"
            n="a-0950"
            ecep:lem="dwelling"
            ecep:pos="n1"
            ecep:reg="dwelling"
            ecep:spe="dwelling"
            ecep:syllab="2"
            ecep:pron="ˈdwelɪŋ">dwelling</w>
         <pc xml:id="bjb18-479230"
             n="a-0960"
             unit="sentence"
             ecep:lem="."
             ecep:pos="."
             ecep:reg="."
             ecep:spe=".">.</pc>
         <c> </c>
      </l>
      <l rendition="#h_6" xml:id="bjb18-l25905">
         <w xml:id="bjb18-479240"
            n="a-0970"
            ecep:lem="day"
            ecep:pos="n1"
            ecep:reg="Day"
            ecep:spe="Day"
            ecep:syllab="1"
            ecep:pron="deɪ">Day</w>
         <c> </c>
         <w xml:id="bjb18-479250"
            n="a-0980"
            ecep:lem="be"
            ecep:pos="vbz"
            ecep:reg="is"
            ecep:spe="is"
            ecep:syllab="1"
            ecep:pron="ɪz">is</w>
         <c> </c>
         <w xml:id="bjb18-479260"
            n="a-0990"
            ecep:lem="shine"
            ecep:pos="vvg"
            ecep:reg="shining"
            ecep:spe="shining"
            ecep:syllab="2"
            ecep:pron="ˈʃaɪnɪŋ">shining</w>
         <c> </c>
         <w xml:id="bjb18-479270"
            n="a-1000"
            ecep:lem="bright"
            ecep:pos="jc"
            ecep:reg="brighter"
            ecep:spe="brighter"
            ecep:syllab="2"
            ecep:pron="ˈbraɪtə">brighter</w>
         <pc xml:id="bjb18-479280"
             n="a-1010"
             ecep:lem=","
             ecep:pos=","
             ecep:reg=","
             ecep:spe=",">,</pc>
      </l>
      <l rendition="#h_6" xml:id="bjb18-l25910">
         <c> </c>
         <w xml:id="bjb18-479290"
            n="a-1020"
            ecep:lem="limb"
            ecep:pos="n2"
            ecep:reg="Limbs"
            ecep:spe="Limbs"
            ecep:syllab="1"
            ecep:pron="lɪmz">Limbs</w>
         <c> </c>
         <w xml:id="bjb18-479300"
            n="a-1030"
            ecep:lem="be"
            ecep:pos="vbr"
            ecep:reg="are"
            ecep:spe="are"
            ecep:syllab="1"
            ecep:pron="ɑː">are</w>
         <c> </c>
         <w xml:id="bjb18-479310"
            n="a-1040"
            ecep:lem="move"
            ecep:pos="vvg"
            ecep:reg="moving"
            ecep:spe="moving"
            ecep:syllab="2"
            ecep:pron="ˈmuːvɪŋ">moving</w>
         <c> </c>
         <w xml:id="bjb18-479320"
            n="a-1050"
            ecep:lem="light"
            ecep:pos="jc"
            ecep:reg="lighter"
            ecep:spe="lighter"
            ecep:syllab="2"
            ecep:pron="ˈlaɪtə">lighter</w>
         <pc xml:id="bjb18-479330"
             n="a-1060"
             ecep:lem=","
             ecep:pos=","
             ecep:reg=","
             ecep:spe=",">,</pc>
      </l>
      <l xml:id="bjb18-l25915">
         <c> </c>
         <w xml:id="bjb18-479340"
            n="a-1070"
            ecep:lem="while"
            ecep:pos="cs"
            ecep:reg="While"
            ecep:spe="While"
            ecep:syllab="1"
            ecep:pron="waɪl">While</w>
         <c> </c>
         <w xml:id="bjb18-479350"
            n="a-1080"
            ecep:lem="every"
            ecep:pos="d"
            ecep:reg="every"
            ecep:spe="every"
            ecep:syllab="2"
            ecep:pron="ˈevri">every</w>
         <c> </c>
         <w xml:id="bjb18-479360"
            n="a-1090"
            ecep:lem="thought"
            ecep:pos="n1"
            ecep:reg="thought"
            ecep:spe="thought"
            ecep:syllab="1"
            ecep:pron="θɔːt">thought</w>
         <c> </c>
         <w xml:id="bjb18-479370"
            n="a-1100"
            ecep:lem="to"
            ecep:pos="p-acp"
            ecep:reg="to"
            ecep:spe="to"
            ecep:syllab="1"
            ecep:pron="tuː">to</w>
         <c> </c>
         <w xml:id="bjb18-479380"
            n="a-1110"
            ecep:lem="nora"
            ecep:pos="npg1"
            ecep:reg="Nora's"
            ecep:spe="Nora's"
            ecep:syllab="2"
            ecep:pron="ˈnɔːrəz">Nora's</w>
         <c> </c>
         <w xml:id="bjb18-479390"
            n="a-1120"
            ecep:lem="love"
            ecep:pos="n1"
            ecep:reg="love"
            ecep:spe="love"
            ecep:syllab="1"
            ecep:pron="lʌv">love</w>
         <pc xml:id="bjb18-479400"
             n="a-1130"
             ecep:lem=","
             ecep:pos=","
             ecep:reg=","
             ecep:spe=",">,</pc>
      </l>
      <l rendition="#h_6" xml:id="bjb18-l25920">
         <c> </c>
         <w xml:id="bjb18-479410"
            n="a-1140"
            ecep:lem="but"
            ecep:pos="cc-acp"
            ecep:reg="But"
            ecep:spe="But"
            ecep:syllab="1"
            ecep:pron="bʌt">But</w>
         <c> </c>
         <w xml:id="bjb18-479420"
            n="a-1150"
            ecep:lem="bind"
            ecep:pos="vvz"
            ecep:reg="binds"
            ecep:spe="binds"
            ecep:syllab="1"
            ecep:pron="baɪndz">binds</w>
         <c> </c>
         <w xml:id="bjb18-479430"
            n="a-1160"
            ecep:lem="my"
            ecep:pos="po11"
            ecep:reg="my"
            ecep:spe="my"
            ecep:syllab="1"
            ecep:pron="maɪ">my</w>
         <c> </c>
         <w xml:id="bjb18-479440"
            n="a-1170"
            ecep:lem="love"
            ecep:pos="n1"
            ecep:reg="love"
            ecep:spe="love"
            ecep:syllab="1"
            ecep:pron="lʌv">love</w>
         <c> </c>
         <w xml:id="bjb18-479450"
            n="a-1180"
            ecep:lem="the"
            ecep:pos="dt"
            ecep:reg="the"
            ecep:spe="the"
            ecep:syllab="1"
            ecep:pron="ðiː">the</w>
         <c> </c>
         <w xml:id="bjb18-479460"
            n="a-1190"
            ecep:lem="tight"
            ecep:pos="jc"
            ecep:reg="tighter"
            ecep:spe="tighter"
            ecep:syllab="2"
            ecep:pron="ˈtaɪtə">tighter</w>
         <pc xml:id="bjb18-479470"
             n="a-1200"
             unit="sentence"
             ecep:lem="."
             ecep:pos="."
             ecep:reg="."
             ecep:spe=".">.</pc>
         <c> </c>
      </l>
   </lg>
</div>
