<?xml version="1.0" encoding="utf-8"?>
<!DOCTYPE div
  SYSTEM "about:legacy-compat">
<div xmlns:tei="http://www.tei-c.org/ns/1.0"
     xmlns="http://www.tei-c.org/ns/1.0"
     xmlns:ecep="http://www.eighteenthcenturypoetry.org/ns"
     ana="#iamb #tetrameter #trimeter #quatrain #ballad #chevy-chase #cross"
     corresp="#txt_HoadJo1711_w0005"
     ecep:syllab="8.6.8.6"
     met="-+|-+|-+|-+/         -+|-+|-+/         -+|-+|-+|-+/         -+|-+|-+/"
     rendition="#lgvspace"
     rhyme="abab"
     subtype="eceptext"
     type="poem"
     xml:id="o5156-w0910"
     decls="#semi-normalized">
   <link target="authors.xml#aut_HoadJo1711" type="author"/>
   <link target="27743" type="DMI"/>
   <head type="main">
      <w xml:id="o5156-585670"
         n="278-a-0010"
         ecep:lem="Chloe"
         ecep:pos="npg1"
         ecep:reg="CHLOE'S"
         ecep:spe="CHLOE'S"
         ecep:syllab="1"
         ecep:pron="ˈkləʊiz">CHLOE'S</w>
      <c> </c>
      <w xml:id="o5156-585680"
         n="278-a-0020"
         ecep:lem="unknown"
         ecep:pos="j"
         ecep:reg="unknown"
         ecep:spe="unknown"
         ecep:syllab="2"
         ecep:pron="ˌʌnˈnəʊn">unknown</w>
      <c> </c>
      <w xml:id="o5156-585690"
         n="278-a-0030"
         ecep:lem="likeness"
         ecep:pos="n1"
         ecep:reg="Likeness"
         ecep:spe="Likeness"
         ecep:syllab="2"
         ecep:pron="ˈlaɪknəs">Likeness</w>
      <pc xml:id="o5156-585700"
          n="278-a-0040"
          ecep:lem=","
          ecep:pos=","
          ecep:reg=","
          ecep:spe=",">,</pc>
   </head>
   <head type="sub">
      <w xml:id="o5156-585730"
         n="278-a-0050"
         ecep:lem="1738."
         ecep:pos="crd"
         ecep:reg="1738."
         ecep:spe="1738."
         ecep:syllab="1"
         ecep:pron="wˈɒnθˈaʊzəndsˈevənhˈʌndrədənθˈɜːtiˈeɪt">1738.</w>
      <pc unit="sentence" xml:id="o5156-585730-eos" n="278-a-0060"/>
   </head>
   <byline>
      <w xml:id="o5156-585760"
         n="278-a-0070"
         ecep:lem="by"
         ecep:pos="p-acp"
         ecep:reg="By"
         ecep:spe="By"
         ecep:syllab="1"
         ecep:pron="baɪ">By</w>
      <c> </c>
      <w xml:id="o5156-585770"
         n="278-a-0080"
         ecep:lem="the"
         ecep:pos="dt"
         ecep:reg="the"
         ecep:spe="the"
         ecep:syllab="1"
         ecep:pron="ðiː">the</w>
      <c> </c>
      <w xml:id="o5156-585780"
         n="278-a-0090"
         ecep:lem="same"
         ecep:pos="d"
         ecep:reg="Same"
         ecep:spe="Same"
         ecep:syllab="1"
         ecep:pron="seɪm">Same</w>
      <pc xml:id="o5156-585790"
          n="278-a-0100"
          unit="sentence"
          ecep:lem="."
          ecep:pos="."
          ecep:reg="."
          ecep:spe=".">.</pc>
   </byline>
   <lg n="1" xml:id="o5156-s03855">
      <head>
         <w xml:id="o5156-585830"
            n="278-a-0110"
            ecep:lem="i"
            ecep:pos="pns11"
            ecep:reg="I"
            ecep:spe="I."
            ecep:syllab="1"
            ecep:pron="ˈaɪ">I.</w>
         <pc unit="sentence" xml:id="o5156-585830-eos" n="278-a-0120"/>
      </head>
      <l xml:id="o5156-l33130">
         <w xml:id="o5156-585850"
            n="278-a-0130"
            ecep:lem="in"
            ecep:pos="p-acp"
            ecep:reg="IN"
            ecep:spe="IN"
            ecep:syllab="1"
            ecep:pron="ɪn">IN</w>
         <c> </c>
         <w xml:id="o5156-585860"
            n="278-a-0140"
            ecep:lem="shape"
            ecep:pos="n1"
            ecep:reg="shape"
            ecep:spe="shape"
            ecep:syllab="1"
            ecep:pron="ʃeɪp">shape</w>
         <pc xml:id="o5156-585870"
             n="278-a-0150"
             ecep:lem=","
             ecep:pos=","
             ecep:reg=","
             ecep:spe=",">,</pc>
         <c> </c>
         <w xml:id="o5156-585880"
            n="278-a-0160"
            ecep:lem="in"
            ecep:pos="p-acp"
            ecep:reg="in"
            ecep:spe="in"
            ecep:syllab="1"
            ecep:pron="ɪn">in</w>
         <c> </c>
         <w xml:id="o5156-585890"
            n="278-a-0170"
            ecep:lem="air"
            ecep:pos="n1"
            ecep:reg="air"
            ecep:spe="air"
            ecep:syllab="1"
            ecep:pron="eə">air</w>
         <pc xml:id="o5156-585900"
             n="278-a-0180"
             ecep:lem=","
             ecep:pos=","
             ecep:reg=","
             ecep:spe=",">,</pc>
         <c> </c>
         <w xml:id="o5156-585910"
            n="278-a-0190"
            ecep:lem="in"
            ecep:pos="p-acp"
            ecep:reg="in"
            ecep:spe="in"
            ecep:syllab="1"
            ecep:pron="ɪn">in</w>
         <c> </c>
         <w xml:id="o5156-585920"
            n="278-a-0200"
            ecep:lem="face"
            ecep:pos="n1"
            ecep:reg="face"
            ecep:spe="face"
            ecep:syllab="1"
            ecep:pron="feɪs">face</w>
         <c> </c>
         <w xml:id="o5156-585930"
            n="278-a-0210"
            ecep:lem="and"
            ecep:pos="cc"
            ecep:reg="and"
            ecep:spe="and"
            ecep:syllab="1"
            ecep:pron="ænd">and</w>
         <c> </c>
         <w xml:id="o5156-585940"
            n="278-a-0220"
            ecep:lem="voice"
            ecep:pos="n1"
            ecep:reg="voice"
            ecep:spe="voice"
            ecep:syllab="1"
            ecep:pron="vɔɪs">voice</w>
      </l>
      <l xml:id="o5156-l33135">
         <w xml:id="o5156-585950"
            n="278-a-0230"
            ecep:lem="the"
            ecep:pos="dt"
            ecep:reg="The"
            ecep:spe="The"
            ecep:syllab="1"
            ecep:pron="ðiː">The</w>
         <c> </c>
         <w xml:id="o5156-585960"
            n="278-a-0240"
            ecep:lem="very"
            ecep:pos="j"
            ecep:reg="very"
            ecep:spe="very"
            ecep:syllab="2"
            ecep:pron="ˈveri">very</w>
         <c> </c>
         <w xml:id="o5156-585970"
            n="278-a-0250"
            ecep:lem="ape"
            ecep:pos="n1"
            ecep:reg="ape"
            ecep:spe="ape"
            ecep:syllab="1"
            ecep:pron="eɪp">ape</w>
         <c> </c>
         <w xml:id="o5156-585980"
            n="278-a-0260"
            ecep:lem="of"
            ecep:pos="pp-f"
            ecep:reg="of"
            ecep:spe="of"
            ecep:syllab="1"
            ecep:pron="ɒv">of</w>
         <c> </c>
         <w xml:id="o5156-585990"
            n="278-a-0270"
            ecep:lem="Chloe"
            ecep:pos="np1"
            ecep:reg="Chloe"
            ecep:spe="Chloe"
            ecep:syllab="2"
            ecep:pron="ˈkləʊi">Chloe</w>
         <pc xml:id="o5156-586000"
             n="278-a-0280"
             unit="sentence"
             ecep:lem="!"
             ecep:pos="!"
             ecep:reg="!"
             ecep:spe="!">!</pc>
      </l>
      <l xml:id="o5156-l33140">
         <w xml:id="o5156-586010"
            n="278-a-0290"
            ecep:lem="since"
            ecep:pos="p-acp"
            ecep:reg="Since"
            ecep:spe="Since"
            ecep:syllab="1"
            ecep:pron="sɪns">Since</w>
         <c> </c>
         <w xml:id="o5156-586020"
            n="278-a-0300"
            ecep:lem="i"
            ecep:pos="pns11"
            ecep:reg="I"
            ecep:spe="I"
            ecep:syllab="1"
            ecep:pron="aɪ">I</w>
         <c> </c>
         <w xml:id="o5156-586030"
            n="278-a-0310"
            ecep:lem="have"
            ecep:pos="vhb"
            ecep:reg="have"
            ecep:spe="have"
            ecep:syllab="1"
            ecep:pron="hæv">have</w>
         <c> </c>
         <w xml:id="o5156-586040"
            n="278-a-0320"
            ecep:lem="fix"
            ecep:pos="vvn"
            ecep:reg="fixed"
            ecep:spe="fix'd"
            ecep:syllab="1"
            ecep:pron="fɪkst">fix'd</w>
         <c> </c>
         <w xml:id="o5156-586050"
            n="278-a-0330"
            ecep:lem="for"
            ecep:pos="p-acp"
            ecep:reg="for"
            ecep:spe="for"
            ecep:syllab="1"
            ecep:pron="fɔː">for</w>
         <c> </c>
         <w xml:id="o5156-586060"
            n="278-a-0340"
            ecep:lem="life"
            ecep:pos="n1"
            ecep:reg="life"
            ecep:spe="life"
            ecep:syllab="1"
            ecep:pron="laɪf">life</w>
         <c> </c>
         <w xml:id="o5156-586070"
            n="278-a-0350"
            ecep:lem="my"
            ecep:pos="po11"
            ecep:reg="my"
            ecep:spe="my"
            ecep:syllab="1"
            ecep:pron="maɪ">my</w>
         <c> </c>
         <w xml:id="o5156-586080"
            n="278-a-0360"
            ecep:lem="choice"
            ecep:pos="n1"
            ecep:reg="choice"
            ecep:spe="choice"
            ecep:syllab="1"
            ecep:pron="tʃɔɪs">choice</w>
         <pc xml:id="o5156-586090"
             n="278-a-0370"
             ecep:lem=","
             ecep:pos=","
             ecep:reg=","
             ecep:spe=",">,</pc>
      </l>
      <l xml:id="o5156-l33145">
         <w xml:id="o5156-586100"
            n="278-a-0380"
            ecep:lem="it|be"
            ecep:pos="pn31|vbz"
            ecep:reg="It's"
            ecep:spe="'Tis"
            ecep:syllab="1"
            ecep:pron="tɪz">'Tis</w>
         <c> </c>
         <w xml:id="o5156-586110"
            n="278-a-0390"
            ecep:lem="well"
            ecep:pos="av"
            ecep:reg="well"
            ecep:spe="well"
            ecep:syllab="1"
            ecep:pron="wel">well</w>
         <c> </c>
         <w xml:id="o5156-586120"
            n="278-a-0400"
            ecep:lem="i"
            ecep:pos="pns11"
            ecep:reg="I"
            ecep:spe="I"
            ecep:syllab="1"
            ecep:pron="aɪ">I</w>
         <c> </c>
         <w xml:id="o5156-586130"
            n="278-a-0410"
            ecep:lem="do"
            ecep:pos="vdb"
            ecep:reg="do"
            ecep:spe="do"
            ecep:syllab="1"
            ecep:pron="duː">do</w>
         <c> </c>
         <w xml:id="o5156-586140"
            n="278-a-0420"
            ecep:lem="not"
            ecep:pos="xx"
            ecep:reg="not"
            ecep:spe="not"
            ecep:syllab="1"
            ecep:pron="ˈdɪdnt">not</w>
         <c> </c>
         <w xml:id="o5156-586150"
            n="278-a-0430"
            ecep:lem="know"
            ecep:pos="vvi"
            ecep:reg="know"
            ecep:spe="know"
            ecep:syllab="1"
            ecep:pron="nəʊ">know</w>
         <c> </c>
         <w xml:id="o5156-586160"
            n="278-a-0440"
            ecep:lem="you"
            ecep:pos="pn22"
            ecep:reg="you"
            ecep:spe="you"
            ecep:syllab="1"
            ecep:pron="juː">you</w>
         <pc xml:id="o5156-586170"
             n="278-a-0450"
             unit="sentence"
             ecep:lem="."
             ecep:pos="."
             ecep:reg="."
             ecep:spe=".">.</pc>
      </l>
   </lg>
   <lg n="2" xml:id="o5156-s03860">
      <head>
         <w xml:id="o5156-586210"
            n="278-a-0460"
            ecep:lem="ii"
            ecep:pos="crd"
            ecep:reg="II"
            ecep:spe="II"
            ecep:syllab="1"
            ecep:pron="rˌəʊməntˈuː">II</w>
         <pc xml:id="o5156-586220"
             n="278-a-0470"
             unit="sentence"
             ecep:lem="."
             ecep:pos="."
             ecep:reg="."
             ecep:spe=".">.</pc>
      </head>
      <l xml:id="o5156-l33150">
         <w xml:id="o5156-586240"
            n="278-a-0480"
            ecep:lem="yet"
            ecep:pos="av"
            ecep:reg="Yet"
            ecep:spe="Yet"
            ecep:syllab="1"
            ecep:pron="jet">Yet</w>
         <c> </c>
         <w xml:id="o5156-586250"
            n="278-a-0490"
            ecep:lem="witness"
            ecep:pos="n1"
            ecep:reg="witness"
            ecep:spe="witness"
            ecep:syllab="2"
            ecep:pron="ˈwɪtnəs">witness</w>
         <pc xml:id="o5156-586260"
             n="278-a-0500"
             ecep:lem=","
             ecep:pos=","
             ecep:reg=","
             ecep:spe=",">,</pc>
         <c> </c>
         <w xml:id="o5156-586270"
            n="278-a-0510"
            ecep:lem="love"
            ecep:pos="np1-n"
            ecep:reg="Love"
            ecep:spe="Love"
            ecep:syllab="1"
            ecep:pron="lʌv">Love</w>
         <pc xml:id="o5156-586280"
             n="278-a-0520"
             ecep:lem=","
             ecep:pos=","
             ecep:reg=","
             ecep:spe=",">,</pc>
         <c> </c>
         <w xml:id="o5156-586290"
            n="278-a-0530"
            ecep:lem="i"
            ecep:pos="pns11"
            ecep:reg="I"
            ecep:spe="I"
            ecep:syllab="1"
            ecep:pron="aɪ">I</w>
         <c> </c>
         <w xml:id="o5156-586300"
            n="278-a-0540"
            ecep:lem="own"
            ecep:pos="vvb"
            ecep:reg="own"
            ecep:spe="own"
            ecep:syllab="1"
            ecep:pron="əʊn">own</w>
         <c> </c>
         <w xml:id="o5156-586310"
            n="278-a-0550"
            ecep:lem="the"
            ecep:pos="dt"
            ecep:reg="the"
            ecep:spe="the"
            ecep:syllab="1"
            ecep:pron="ðiː">the</w>
         <c> </c>
         <w xml:id="o5156-586320"
            n="278-a-0560"
            ecep:lem="power"
            ecep:pos="n1"
            ecep:reg="power"
            ecep:spe="power"
            ecep:syllab="1"
            ecep:pron="ˈpaʊə">power</w>
      </l>
      <l xml:id="o5156-l33155">
         <w xml:id="o5156-586330"
            n="278-a-0570"
            ecep:lem="of"
            ecep:pos="pp-f"
            ecep:reg="Of"
            ecep:spe="Of"
            ecep:syllab="1"
            ecep:pron="ɒv">Of</w>
         <c> </c>
         <w xml:id="o5156-586340"
            n="278-a-0580"
            ecep:lem="this"
            ecep:pos="d"
            ecep:reg="this"
            ecep:spe="this"
            ecep:syllab="1"
            ecep:pron="ðɪs">this</w>
         <c> </c>
         <hi>
            <w xml:id="o5156-586350"
               n="278-a-0590"
               ecep:lem="ideal"
               ecep:pos="j-jn"
               ecep:reg="ideal"
               ecep:spe="ideal"
               ecep:syllab="2"
               ecep:pron="ˌaɪˈdɪəl">ideal</w>
         </hi>
         <c> </c>
         <w xml:id="o5156-586360"
            n="278-a-0600"
            ecep:lem="maid"
            ecep:pos="n1"
            ecep:reg="maid"
            ecep:spe="maid"
            ecep:syllab="1"
            ecep:pron="meɪd">maid</w>
         <pc xml:id="o5156-586370"
             n="278-a-0610"
             ecep:lem=":"
             ecep:pos=":"
             ecep:reg=":"
             ecep:spe=":">:</pc>
      </l>
      <l xml:id="o5156-l33160">
         <w xml:id="o5156-586380"
            n="278-a-0620"
            ecep:lem="so"
            ecep:pos="av"
            ecep:reg="So"
            ecep:spe="So"
            ecep:syllab="1"
            ecep:pron="səʊ">So</w>
         <c> </c>
         <w xml:id="o5156-586390"
            n="278-a-0630"
            ecep:lem="much"
            ecep:pos="d"
            ecep:reg="much"
            ecep:spe="much"
            ecep:syllab="1"
            ecep:pron="mʌtʃ">much</w>
         <c> </c>
         <w xml:id="o5156-586400"
            n="278-a-0640"
            ecep:lem="my"
            ecep:pos="po11"
            ecep:reg="my"
            ecep:spe="my"
            ecep:syllab="1"
            ecep:pron="maɪ">my</w>
         <c> </c>
         <w xml:id="o5156-586410"
            n="278-a-0650"
            ecep:lem="Chloe"
            ecep:pos="np1"
            ecep:reg="Chloe"
            ecep:spe="Chloe"
            ecep:syllab="2"
            ecep:pron="ˈkləʊi">Chloe</w>
         <c> </c>
         <w xml:id="o5156-586420"
            n="278-a-0660"
            ecep:lem="i"
            ecep:pos="pns11"
            ecep:reg="I"
            ecep:spe="I"
            ecep:syllab="1"
            ecep:pron="aɪ">I</w>
         <c> </c>
         <w xml:id="o5156-586430"
            n="278-a-0670"
            ecep:lem="adore"
            ecep:pos="vvb"
            ecep:reg="adore"
            ecep:spe="adore"
            ecep:syllab="2"
            ecep:pron="əˈdɔː">adore</w>
         <pc xml:id="o5156-586440"
             n="278-a-0680"
             ecep:lem=","
             ecep:pos=","
             ecep:reg=","
             ecep:spe=",">,</pc>
      </l>
      <l xml:id="o5156-l33165">
         <w xml:id="o5156-586450"
            n="278-a-0690"
            ecep:lem="i"
            ecep:pos="pns11"
            ecep:reg="I"
            ecep:spe="I"
            ecep:syllab="1"
            ecep:pron="aɪ">I</w>
         <c> </c>
         <w xml:id="o5156-586460"
            n="278-a-0700"
            ecep:lem="bow"
            ecep:pos="vvb"
            ecep:reg="bow"
            ecep:spe="bow"
            ecep:syllab="1"
            ecep:pron="bəʊ">bow</w>
         <c> </c>
         <w xml:id="o5156-586470"
            n="278-a-0710"
            ecep:lem="i"
            ecep:pos="pno11"
            ecep:reg="me"
            ecep:spe="me"
            ecep:syllab="1"
            ecep:pron="miː">me</w>
         <c> </c>
         <w xml:id="o5156-586480"
            n="278-a-0720"
            ecep:lem="to"
            ecep:pos="p-acp"
            ecep:reg="to"
            ecep:spe="to"
            ecep:syllab="1"
            ecep:pron="tuː">to</w>
         <c> </c>
         <w xml:id="o5156-586490"
            n="278-a-0730"
            ecep:lem="her"
            ecep:pos="po31"
            ecep:reg="her"
            ecep:spe="her"
            ecep:syllab="1"
            ecep:pron="hɜː">her</w>
         <c> </c>
         <hi>
            <w xml:id="o5156-586500"
               n="278-a-0740"
               ecep:lem="shade"
               ecep:pos="n1"
               ecep:reg="shade"
               ecep:spe="shade"
               ecep:syllab="1"
               ecep:pron="ʃeɪd">shade</w>
            <pc xml:id="o5156-586510"
                n="278-a-0750"
                unit="sentence"
                ecep:lem="."
                ecep:pos="."
                ecep:reg="."
                ecep:spe=".">.</pc>
            <c> </c>
         </hi>
      </l>
   </lg>
   <lg n="3" xml:id="o5156-s03865">
      <head>
         <w xml:id="o5156-586550"
            n="278-a-0760"
            ecep:lem="iii"
            ecep:pos="crd"
            ecep:reg="III"
            ecep:spe="III"
            ecep:syllab="1"
            ecep:pron="rˌəʊmənθrˈiː">III</w>
         <pc xml:id="o5156-586560"
             n="278-a-0770"
             unit="sentence"
             ecep:lem="."
             ecep:pos="."
             ecep:reg="."
             ecep:spe=".">.</pc>
      </head>
      <l xml:id="o5156-l33170">
         <w xml:id="o5156-586580"
            n="278-a-0780"
            ecep:lem="if"
            ecep:pos="cs"
            ecep:reg="If"
            ecep:spe="If"
            ecep:syllab="1"
            ecep:pron="ɪf">If</w>
         <c> </c>
         <w xml:id="o5156-586590"
            n="278-a-0790"
            ecep:lem="idol-worship"
            ecep:pos="n1"
            ecep:reg="idol-worship"
            ecep:spe="idol-worship"
            ecep:syllab="4"
            ecep:pron="ˈaɪdlˌˈwɜːʃɪp">idol-worship</w>
         <c> </c>
         <w xml:id="o5156-586600"
            n="278-a-0800"
            ecep:lem="be"
            ecep:pos="vbb"
            ecep:reg="be"
            ecep:spe="be"
            ecep:syllab="1"
            ecep:pron="biː">be</w>
         <c> </c>
         <w xml:id="o5156-586610"
            n="278-a-0810"
            ecep:lem="a"
            ecep:pos="dt"
            ecep:reg="a"
            ecep:spe="a"
            ecep:syllab="1"
            ecep:pron="ə">a</w>
         <c> </c>
         <w xml:id="o5156-586620"
            n="278-a-0820"
            ecep:lem="fault"
            ecep:pos="n1"
            ecep:reg="fault"
            ecep:spe="fault"
            ecep:syllab="1"
            ecep:pron="fɔːlt">fault</w>
         <pc xml:id="o5156-586630"
             n="278-a-0830"
             ecep:lem=","
             ecep:pos=","
             ecep:reg=","
             ecep:spe=",">,</pc>
      </l>
      <l xml:id="o5156-l33175">
         <w xml:id="o5156-586640"
            n="278-a-0840"
            ecep:lem="have"
            ecep:pos="vhb"
            ecep:reg="Have"
            ecep:spe="Have"
            ecep:syllab="1"
            ecep:pron="hæv">Have</w>
         <c> </c>
         <w xml:id="o5156-586650"
            n="278-a-0850"
            ecep:lem="mercy"
            ecep:pos="n1"
            ecep:reg="mercy"
            ecep:spe="mercy"
            ecep:syllab="2"
            ecep:pron="ˈmɜːsi">mercy</w>
         <pc xml:id="o5156-586660"
             n="278-a-0860"
             ecep:lem=","
             ecep:pos=","
             ecep:reg=","
             ecep:spe=",">,</pc>
         <c> </c>
         <w xml:id="o5156-586670"
            n="278-a-0870"
            ecep:lem="love"
            ecep:pos="np1-n"
            ecep:reg="Love"
            ecep:spe="Love"
            ecep:syllab="1"
            ecep:pron="lʌv">Love</w>
         <pc xml:id="o5156-586680"
             n="278-a-0880"
             ecep:lem=","
             ecep:pos=","
             ecep:reg=","
             ecep:spe=",">,</pc>
         <c> </c>
         <w xml:id="o5156-586690"
            n="278-a-0890"
            ecep:lem="on"
            ecep:pos="p-acp"
            ecep:reg="on"
            ecep:spe="on"
            ecep:syllab="1"
            ecep:pron="ɒn">on</w>
         <c> </c>
         <w xml:id="o5156-586700"
            n="278-a-0900"
            ecep:lem="i"
            ecep:pos="pno11"
            ecep:reg="me"
            ecep:spe="me"
            ecep:syllab="1"
            ecep:pron="miː">me</w>
         <c> </c>
         <pc xml:id="o5156-586710"
             n="278-a-0910"
             ecep:lem="—"
             ecep:pos="—"
             ecep:reg="—"
             ecep:spe="—">—</pc>
      </l>
      <l xml:id="o5156-l33180">
         <w xml:id="o5156-586720"
            n="278-a-0920"
            ecep:lem="Chloe"
            ecep:pos="npg1"
            ecep:reg="Chloe's"
            ecep:spe="Chloe's"
            ecep:syllab="1"
            ecep:pron="ˈkləʊiz">Chloe's</w>
         <c> </c>
         <w xml:id="o5156-586730"
            n="278-a-0930"
            ecep:lem="the"
            ecep:pos="dt"
            ecep:reg="the"
            ecep:spe="the"
            ecep:syllab="1"
            ecep:pron="ðiː">the</w>
         <c> </c>
         <w xml:id="o5156-586740"
            n="278-a-0940"
            ecep:lem="goddess"
            ecep:pos="n1"
            ecep:reg="goddess"
            ecep:spe="goddess"
            ecep:syllab="2"
            ecep:pron="ˈgɒdes">goddess</w>
         <c> </c>
         <w xml:id="o5156-586750"
            n="278-a-0950"
            ecep:lem="of"
            ecep:pos="pp-f"
            ecep:reg="of"
            ecep:spe="of"
            ecep:syllab="1"
            ecep:pron="ɒv">of</w>
         <c> </c>
         <w xml:id="o5156-586760"
            n="278-a-0960"
            ecep:lem="my"
            ecep:pos="po11"
            ecep:reg="my"
            ecep:spe="my"
            ecep:syllab="1"
            ecep:pron="maɪ">my</w>
         <c> </c>
         <w xml:id="o5156-586770"
            n="278-a-0970"
            ecep:lem="thought"
            ecep:pos="n1"
            ecep:reg="thought"
            ecep:spe="thought"
            ecep:syllab="1"
            ecep:pron="θɔːt">thought</w>
         <pc xml:id="o5156-586780"
             n="278-a-0980"
             ecep:lem=","
             ecep:pos=","
             ecep:reg=","
             ecep:spe=",">,</pc>
      </l>
      <l xml:id="o5156-l33185">
         <w xml:id="o5156-586790"
            n="278-a-0990"
            ecep:lem="though"
            ecep:pos="c-acp"
            ecep:reg="Though"
            ecep:spe="Tho'"
            ecep:syllab="1"
            ecep:pron="ðəʊ">Tho'</w>
         <c> </c>
         <w xml:id="o5156-586800"
            n="278-a-1000"
            ecep:lem="Celia"
            ecep:pos="np1"
            ecep:reg="Celia"
            ecep:spe="Celia"
            ecep:syllab="2"
            ecep:pron="ˈsiːliə">Celia</w>
         <c> </c>
         <w xml:id="o5156-586810"
            n="278-a-1010"
            ecep:lem="bow"
            ecep:pos="vvz"
            ecep:reg="bows"
            ecep:spe="bows"
            ecep:syllab="1"
            ecep:pron="bəʊz">bows</w>
         <c> </c>
         <w xml:id="o5156-586820"
            n="278-a-1020"
            ecep:lem="my"
            ecep:pos="po11"
            ecep:reg="my"
            ecep:spe="my"
            ecep:syllab="1"
            ecep:pron="maɪ">my</w>
         <c> </c>
         <w xml:id="o5156-586830"
            n="278-a-1030"
            ecep:lem="knee"
            ecep:pos="n1"
            ecep:reg="knee"
            ecep:spe="knee"
            ecep:syllab="1"
            ecep:pron="niː">knee</w>
         <pc xml:id="o5156-586840"
             n="278-a-1040"
             unit="sentence"
             ecep:lem="."
             ecep:pos="."
             ecep:reg="."
             ecep:spe=".">.</pc>
      </l>
   </lg>
   <lg n="4" xml:id="o5156-s03870">
      <head>
         <w xml:id="o5156-586880"
            n="278-a-1050"
            ecep:lem="iv"
            ecep:pos="crd"
            ecep:reg="IV"
            ecep:spe="IV"
            ecep:syllab="1"
            ecep:pron="rˌəʊmənfˈɔː">IV</w>
         <pc xml:id="o5156-586890"
             n="278-a-1060"
             unit="sentence"
             ecep:lem="."
             ecep:pos="."
             ecep:reg="."
             ecep:spe=".">.</pc>
      </head>
      <l xml:id="o5156-l33190">
         <w xml:id="o5156-586910"
            n="278-a-1070"
            ecep:lem="though"
            ecep:pos="c-acp"
            ecep:reg="Though"
            ecep:spe="Tho'"
            ecep:syllab="1"
            ecep:pron="ðəʊ">Tho'</w>
         <c> </c>
         <w xml:id="o5156-586920"
            n="278-a-1080"
            ecep:lem="the"
            ecep:pos="dt"
            ecep:reg="the"
            ecep:spe="the"
            ecep:syllab="1"
            ecep:pron="ðiː">the</w>
         <c> </c>
         <w xml:id="o5156-586930"
            n="278-a-1090"
            ecep:lem="mock-sun"
            ecep:pos="n1"
            ecep:reg="mock-sun"
            ecep:spe="mock-sun"
            ecep:syllab="2"
            ecep:pron="mɒkˌsʌn">mock-sun</w>
         <c> </c>
         <w xml:id="o5156-586940"
            n="278-a-1100"
            ecep:lem="amuse"
            ecep:pos="vvi"
            ecep:reg="amuse"
            ecep:spe="amuse"
            ecep:syllab="2"
            ecep:pron="əˈmjuːz">amuse</w>
         <c> </c>
         <w xml:id="o5156-586950"
            n="278-a-1110"
            ecep:lem="the"
            ecep:pos="dt"
            ecep:reg="the"
            ecep:spe="the"
            ecep:syllab="1"
            ecep:pron="ðiː">the</w>
         <c> </c>
         <w xml:id="o5156-586960"
            n="278-a-1120"
            ecep:lem="sight"
            ecep:pos="n1"
            ecep:reg="sight"
            ecep:spe="sight"
            ecep:syllab="1"
            ecep:pron="saɪt">sight</w>
         <pc xml:id="o5156-586970"
             n="278-a-1130"
             ecep:lem=","
             ecep:pos=","
             ecep:reg=","
             ecep:spe=",">,</pc>
      </l>
      <l xml:id="o5156-l33195">
         <w xml:id="o5156-586980"
            n="278-a-1140"
            ecep:lem="and"
            ecep:pos="cc"
            ecep:reg="And"
            ecep:spe="And"
            ecep:syllab="1"
            ecep:pron="ænd">And</w>
         <c> </c>
         <w xml:id="o5156-586990"
            n="278-a-1150"
            ecep:lem="more"
            ecep:pos="av-dc"
            ecep:reg="more"
            ecep:spe="more"
            ecep:syllab="1"
            ecep:pron="mɔː">more</w>
         <c> </c>
         <w xml:id="o5156-587000"
            n="278-a-1160"
            ecep:lem="demand"
            ecep:pos="vvi"
            ecep:reg="demand"
            ecep:spe="demand"
            ecep:syllab="2"
            ecep:pron="diˈmɑːnd">demand</w>
         <c> </c>
         <w xml:id="o5156-587010"
            n="278-a-1170"
            ecep:lem="the"
            ecep:pos="dt"
            ecep:reg="the"
            ecep:spe="the"
            ecep:syllab="1"
            ecep:pron="ðiː">the</w>
         <c> </c>
         <w xml:id="o5156-587020"
            n="278-a-1180"
            ecep:lem="view"
            ecep:pos="n1"
            ecep:reg="view"
            ecep:spe="view"
            ecep:syllab="1"
            ecep:pron="vjuː">view</w>
         <pc xml:id="o5156-587030"
             n="278-a-1190"
             ecep:lem=";"
             ecep:pos=";"
             ecep:reg=";"
             ecep:spe=";">;</pc>
      </l>
      <l xml:id="o5156-l33200">
         <w xml:id="o5156-587040"
            n="278-a-1200"
            ecep:lem="we"
            ecep:pos="pns12"
            ecep:reg="We"
            ecep:spe="We"
            ecep:syllab="1"
            ecep:pron="wiː">We</w>
         <c> </c>
         <hi>
            <w xml:id="o5156-587050"
               n="278-a-1210"
               ecep:lem="wonder"
               ecep:pos="vvb"
               ecep:reg="wonder"
               ecep:spe="wonder"
               ecep:syllab="2"
               ecep:pron="ˈwʌndə">wonder</w>
         </hi>
         <c> </c>
         <w xml:id="o5156-587060"
            n="278-a-1220"
            ecep:lem="at"
            ecep:pos="p-acp"
            ecep:reg="at"
            ecep:spe="at"
            ecep:syllab="1"
            ecep:pron="æt">at</w>
         <c> </c>
         <w xml:id="o5156-587070"
            n="278-a-1230"
            ecep:lem="the"
            ecep:pos="dt"
            ecep:reg="the"
            ecep:spe="the"
            ecep:syllab="1"
            ecep:pron="ðiː">the</w>
         <c> </c>
         <hi>
            <w xml:id="o5156-587080"
               n="278-a-1240"
               ecep:lem="mimic"
               ecep:pos="n1"
               ecep:reg="mimic"
               ecep:spe="mimic"
               ecep:syllab="2"
               ecep:pron="ˈmɪmɪk">mimic</w>
         </hi>
         <c> </c>
         <w xml:id="o5156-587090"
            n="278-a-1250"
            ecep:lem="light"
            ecep:pos="n1"
            ecep:reg="light"
            ecep:spe="light"
            ecep:syllab="1"
            ecep:pron="laɪt">light</w>
         <pc xml:id="o5156-587100"
             n="278-a-1260"
             ecep:lem=","
             ecep:pos=","
             ecep:reg=","
             ecep:spe=",">,</pc>
      </l>
      <l xml:id="o5156-l33205">
         <w xml:id="o5156-587110"
            n="278-a-1270"
            ecep:lem="but"
            ecep:pos="cc-acp"
            ecep:reg="But"
            ecep:spe="But"
            ecep:syllab="1"
            ecep:pron="bʌt">But</w>
         <c> </c>
         <w xml:id="o5156-587120"
            n="278-a-1280"
            ecep:lem="only"
            ecep:pos="av-j"
            ecep:reg="only"
            ecep:spe="only"
            ecep:syllab="2"
            ecep:pron="ˈəʊnli">only</w>
         <c> </c>
         <hi>
            <w xml:id="o5156-587130"
               n="278-a-1290"
               ecep:lem="feel"
               ecep:pos="vvi"
               ecep:reg="feel"
               ecep:spe="feel"
               ecep:syllab="1"
               ecep:pron="fiːl">feel</w>
         </hi>
         <c> </c>
         <w xml:id="o5156-587140"
            n="278-a-1300"
            ecep:lem="the"
            ecep:pos="dt"
            ecep:reg="the"
            ecep:spe="the"
            ecep:syllab="1"
            ecep:pron="ðiː">the</w>
         <c> </c>
         <hi>
            <w xml:id="o5156-587150"
               n="278-a-1310"
               ecep:lem="true"
               ecep:pos="j"
               ecep:reg="true"
               ecep:spe="true"
               ecep:syllab="1"
               ecep:pron="truː">true</w>
            <pc xml:id="o5156-587160"
                n="278-a-1320"
                unit="sentence"
                ecep:lem="."
                ecep:pos="."
                ecep:reg="."
                ecep:spe=".">.</pc>
            <c> </c>
         </hi>
      </l>
   </lg>
   <pb facs="o5156/0282_R" n="277" rend="none"/>
   <lg n="5" xml:id="o5156-s03875">
      <head>
         <w xml:id="o5156-587200"
            n="279-a-0010"
            ecep:lem="v."
            ecep:pos="crd"
            ecep:reg="V"
            ecep:spe="V."
            ecep:syllab="1"
            ecep:pron="viː">V.</w>
         <pc unit="sentence" xml:id="o5156-587200-eos" n="279-a-0020"/>
      </head>
      <l xml:id="o5156-l33210">
         <w xml:id="o5156-587220"
            n="279-a-0030"
            ecep:lem="forgive"
            ecep:pos="vvb"
            ecep:reg="Forgive"
            ecep:spe="Forgive"
            ecep:syllab="2"
            ecep:pron="fəˈgɪv">Forgive</w>
         <c> </c>
         <w xml:id="o5156-587230"
            n="279-a-0040"
            ecep:lem="i"
            ecep:pos="pno11"
            ecep:reg="me"
            ecep:spe="me"
            ecep:syllab="1"
            ecep:pron="miː">me</w>
         <pc xml:id="o5156-587240"
             n="279-a-0050"
             ecep:lem=","
             ecep:pos=","
             ecep:reg=","
             ecep:spe=",">,</pc>
         <c> </c>
         <w xml:id="o5156-587250"
            n="279-a-0060"
            ecep:lem="fair"
            ecep:pos="j"
            ecep:reg="fair"
            ecep:spe="fair"
            ecep:syllab="1"
            ecep:pron="feə">fair</w>
         <c> </c>
         <w xml:id="o5156-587260"
            n="279-a-0070"
            ecep:lem="reflect"
            ecep:pos="vvn"
            ecep:reg="reflected"
            ecep:spe="reflected"
            ecep:syllab="3"
            ecep:pron="riˈflektɪd">reflected</w>
         <c> </c>
         <w xml:id="o5156-587270"
            n="279-a-0080"
            ecep:lem="shade"
            ecep:pos="n1"
            ecep:reg="shade"
            ecep:spe="shade"
            ecep:syllab="1"
            ecep:pron="ʃeɪd">shade</w>
         <pc xml:id="o5156-587280"
             n="279-a-0090"
             ecep:lem=","
             ecep:pos=","
             ecep:reg=","
             ecep:spe=",">,</pc>
      </l>
      <l xml:id="o5156-l33215">
         <w xml:id="o5156-587290"
            n="279-a-0100"
            ecep:lem="that"
            ecep:pos="cst"
            ecep:reg="That"
            ecep:spe="That"
            ecep:syllab="1"
            ecep:pron="ðæt">That</w>
         <c> </c>
         <w xml:id="o5156-587300"
            n="279-a-0110"
            ecep:lem="i"
            ecep:pos="pns11"
            ecep:reg="I"
            ecep:spe="I"
            ecep:syllab="1"
            ecep:pron="aɪ">I</w>
         <c> </c>
         <w xml:id="o5156-587310"
            n="279-a-0120"
            ecep:lem="suppress"
            ecep:pos="vvb"
            ecep:reg="suppress"
            ecep:spe="suppress"
            ecep:syllab="2"
            ecep:pron="səˈpres">suppress</w>
         <c> </c>
         <w xml:id="o5156-587320"
            n="279-a-0130"
            ecep:lem="this"
            ecep:pos="d"
            ecep:reg="this"
            ecep:spe="this"
            ecep:syllab="1"
            ecep:pron="ðɪs">this</w>
         <c> </c>
         <w xml:id="o5156-587330"
            n="279-a-0140"
            ecep:lem="flame"
            ecep:pos="n1"
            ecep:reg="flame"
            ecep:spe="flame"
            ecep:syllab="1"
            ecep:pron="fleɪm">flame</w>
         <pc xml:id="o5156-587340"
             n="279-a-0150"
             ecep:lem=":"
             ecep:pos=":"
             ecep:reg=":"
             ecep:spe=":">:</pc>
      </l>
      <l xml:id="o5156-l33220">
         <w xml:id="o5156-587350"
            n="279-a-0160"
            ecep:lem="who"
            ecep:pos="q-crq"
            ecep:reg="Who"
            ecep:spe="Who"
            ecep:syllab="1"
            ecep:pron="huː">Who</w>
         <c> </c>
         <w xml:id="o5156-587360"
            n="279-a-0170"
            ecep:lem="can"
            ecep:pos="vmb"
            ecep:reg="can"
            ecep:spe="can"
            ecep:syllab="1"
            ecep:pron="kæn">can</w>
         <c> </c>
         <w xml:id="o5156-587370"
            n="279-a-0180"
            ecep:lem="pursue"
            ecep:pos="vvi"
            ecep:reg="pursue"
            ecep:spe="pursue"
            ecep:syllab="2"
            ecep:pron="pəˈsjuː">pursue</w>
         <c> </c>
         <w xml:id="o5156-587380"
            n="279-a-0190"
            ecep:lem="the"
            ecep:pos="dt"
            ecep:reg="the"
            ecep:spe="th'"
            ecep:syllab="0"
            ecep:pron="ð">th'</w>
         <c> </c>
         <w xml:id="o5156-587390"
            n="279-a-0200"
            ecep:lem="ideal"
            ecep:pos="j-jn"
            ecep:reg="ideal"
            ecep:spe="ideal"
            ecep:syllab="2"
            ecep:pron="ˌaɪˈdɪəl">ideal</w>
         <c> </c>
         <w xml:id="o5156-587400"
            n="279-a-0210"
            ecep:lem="maid"
            ecep:pos="n1"
            ecep:reg="maid"
            ecep:spe="maid"
            ecep:syllab="1"
            ecep:pron="meɪd">maid</w>
         <pc xml:id="o5156-587410"
             n="279-a-0220"
             ecep:lem=","
             ecep:pos=","
             ecep:reg=","
             ecep:spe=",">,</pc>
      </l>
      <l xml:id="o5156-l33225">
         <w xml:id="o5156-587420"
            n="279-a-0230"
            ecep:lem="bless"
            ecep:pos="vvn"
            ecep:reg="Blessed"
            ecep:spe="Bless'd"
            ecep:syllab="1"
            ecep:pron="ˈblesɪd">Bless'd</w>
         <c> </c>
         <w xml:id="o5156-587430"
            n="279-a-0240"
            ecep:lem="in"
            ecep:pos="p-acp"
            ecep:reg="in"
            ecep:spe="in"
            ecep:syllab="1"
            ecep:pron="ɪn">in</w>
         <c> </c>
         <w xml:id="o5156-587440"
            n="279-a-0250"
            ecep:lem="the"
            ecep:pos="dt"
            ecep:reg="the"
            ecep:spe="the"
            ecep:syllab="1"
            ecep:pron="ðiː">the</w>
         <c> </c>
         <w xml:id="o5156-587450"
            n="279-a-0260"
            ecep:lem="real"
            ecep:pos="j"
            ecep:reg="real"
            ecep:spe="real"
            ecep:syllab="1"
            ecep:pron="rɪəl">real</w>
         <c> </c>
         <w xml:id="o5156-587460"
            n="279-a-0270"
            ecep:lem="dame"
            ecep:pos="n1"
            ecep:reg="dame"
            ecep:spe="dame"
            ecep:syllab="1"
            ecep:pron="deɪm">dame</w>
         <pc xml:id="o5156-587470"
             n="279-a-0280"
             unit="sentence"
             ecep:lem="?"
             ecep:pos="?"
             ecep:reg="?"
             ecep:spe="?">?</pc>
      </l>
   </lg>
   <lg n="6" xml:id="o5156-s03880">
      <head>
         <w xml:id="o5156-587510"
            n="279-a-0290"
            ecep:lem="vi"
            ecep:pos="crd"
            ecep:reg="VI"
            ecep:spe="VI"
            ecep:syllab="1"
            ecep:pron="ˈvaɪ">VI</w>
         <pc xml:id="o5156-587520"
             n="279-a-0300"
             unit="sentence"
             ecep:lem="."
             ecep:pos="."
             ecep:reg="."
             ecep:spe=".">.</pc>
      </head>
      <l xml:id="o5156-l33230">
         <w xml:id="o5156-587540"
            n="279-a-0310"
            ecep:lem="consult"
            ecep:pos="vvi"
            ecep:reg="Consult"
            ecep:spe="Consult"
            ecep:syllab="2"
            ecep:pron="kənˈsʌlt">Consult</w>
         <c> </c>
         <w xml:id="o5156-587550"
            n="279-a-0320"
            ecep:lem="your"
            ecep:pos="po22"
            ecep:reg="your"
            ecep:spe="your"
            ecep:syllab="1"
            ecep:pron="jɔː">your</w>
         <c> </c>
         <w xml:id="o5156-587560"
            n="279-a-0330"
            ecep:lem="mind"
            ecep:pos="n1"
            ecep:reg="mind"
            ecep:spe="mind"
            ecep:syllab="1"
            ecep:pron="maɪnd">mind</w>
         <pc xml:id="o5156-587570"
             n="279-a-0340"
             ecep:lem=","
             ecep:pos=","
             ecep:reg=","
             ecep:spe=",">,</pc>
         <c> </c>
         <w xml:id="o5156-587580"
            n="279-a-0350"
            ecep:lem="consult"
            ecep:pos="vvb"
            ecep:reg="consult"
            ecep:spe="consult"
            ecep:syllab="2"
            ecep:pron="kənˈsʌlt">consult</w>
         <c> </c>
         <w xml:id="o5156-587590"
            n="279-a-0360"
            ecep:lem="your"
            ecep:pos="po22"
            ecep:reg="your"
            ecep:spe="your"
            ecep:syllab="1"
            ecep:pron="jɔː">your</w>
         <c> </c>
         <w xml:id="o5156-587600"
            n="279-a-0370"
            ecep:lem="glass"
            ecep:pos="n1"
            ecep:reg="glass"
            ecep:spe="glass"
            ecep:syllab="1"
            ecep:pron="glɑːs">glass</w>
         <pc xml:id="o5156-587610"
             n="279-a-0380"
             ecep:lem=","
             ecep:pos=","
             ecep:reg=","
             ecep:spe=",">,</pc>
      </l>
      <l xml:id="o5156-l33235">
         <w xml:id="o5156-587620"
            n="279-a-0390"
            ecep:lem="each"
            ecep:pos="d"
            ecep:reg="Each"
            ecep:spe="Each"
            ecep:syllab="1"
            ecep:pron="iːtʃ">Each</w>
         <c> </c>
         <w xml:id="o5156-587630"
            n="279-a-0400"
            ecep:lem="charm"
            ecep:pos="n1"
            ecep:reg="charm"
            ecep:spe="charm"
            ecep:syllab="1"
            ecep:pron="tʃɑːm">charm</w>
         <c> </c>
         <w xml:id="o5156-587640"
            n="279-a-0410"
            ecep:lem="of"
            ecep:pos="pp-f"
            ecep:reg="of"
            ecep:spe="of"
            ecep:syllab="1"
            ecep:pron="ɒv">of</w>
         <c> </c>
         <w xml:id="o5156-587650"
            n="279-a-0420"
            ecep:lem="sense"
            ecep:pos="n1"
            ecep:reg="sense"
            ecep:spe="sense"
            ecep:syllab="1"
            ecep:pron="sens">sense</w>
         <c> </c>
         <w xml:id="o5156-587660"
            n="279-a-0430"
            ecep:lem="and"
            ecep:pos="cc"
            ecep:reg="and"
            ecep:spe="and"
            ecep:syllab="1"
            ecep:pron="ænd">and</w>
         <c> </c>
         <w xml:id="o5156-587670"
            n="279-a-0440"
            ecep:lem="youth"
            ecep:pos="n1"
            ecep:reg="youth"
            ecep:spe="youth"
            ecep:syllab="1"
            ecep:pron="juːθ">youth</w>
         <pc xml:id="o5156-587680"
             n="279-a-0450"
             ecep:lem=";"
             ecep:pos=";"
             ecep:reg=";"
             ecep:spe=";">;</pc>
      </l>
      <l xml:id="o5156-l33240">
         <w xml:id="o5156-587690"
            n="279-a-0460"
            ecep:lem="then"
            ecep:pos="av"
            ecep:reg="Then"
            ecep:spe="Then"
            ecep:syllab="1"
            ecep:pron="ðen">Then</w>
         <c> </c>
         <w xml:id="o5156-587700"
            n="279-a-0470"
            ecep:lem="own"
            ecep:pos="d"
            ecep:reg="own"
            ecep:spe="own"
            ecep:syllab="1"
            ecep:pron="əʊn">own</w>
         <pc xml:id="o5156-587710"
             n="279-a-0480"
             ecep:lem=","
             ecep:pos=","
             ecep:reg=","
             ecep:spe=",">,</pc>
         <c> </c>
         <w xml:id="o5156-587720"
            n="279-a-0490"
            ecep:lem="who"
            ecep:pos="r-crq"
            ecep:reg="who"
            ecep:spe="who"
            ecep:syllab="1"
            ecep:pron="huː">who</w>
         <c> </c>
         <w xml:id="o5156-587730"
            n="279-a-0500"
            ecep:lem="change"
            ecep:pos="vvz"
            ecep:reg="changes"
            ecep:spe="changes"
            ecep:syllab="2"
            ecep:pron="ˈtʃeɪndʒɪz">changes</w>
         <c> </c>
         <w xml:id="o5156-587740"
            n="279-a-0510"
            ecep:lem="be"
            ecep:pos="vbz"
            ecep:reg="is"
            ecep:spe="is"
            ecep:syllab="1"
            ecep:pron="ɪz">is</w>
         <c> </c>
         <w xml:id="o5156-587750"
            n="279-a-0520"
            ecep:lem="a"
            ecep:pos="dt"
            ecep:reg="an"
            ecep:spe="an"
            ecep:syllab="1"
            ecep:pron="æn">an</w>
         <c> </c>
         <w xml:id="o5156-587760"
            n="279-a-0530"
            ecep:lem="ass"
            ecep:pos="n1"
            ecep:reg="ass"
            ecep:spe="ass"
            ecep:syllab="1"
            ecep:pron="æs">ass</w>
         <pc xml:id="o5156-587770"
             n="279-a-0540"
             ecep:lem=","
             ecep:pos=","
             ecep:reg=","
             ecep:spe=",">,</pc>
      </l>
      <l xml:id="o5156-l33245">
         <w xml:id="o5156-587780"
            n="279-a-0550"
            ecep:lem="nor"
            ecep:pos="ccx"
            ecep:reg="Nor"
            ecep:spe="Nor"
            ecep:syllab="1"
            ecep:pron="nɔː">Nor</w>
         <c> </c>
         <w xml:id="o5156-587790"
            n="279-a-0560"
            ecep:lem="wonder"
            ecep:pos="vvi"
            ecep:reg="wonder"
            ecep:spe="wonder"
            ecep:syllab="2"
            ecep:pron="ˈwʌndə">wonder</w>
         <c> </c>
         <w xml:id="o5156-587800"
            n="279-a-0570"
            ecep:lem="at"
            ecep:pos="p-acp"
            ecep:reg="at"
            ecep:spe="at"
            ecep:syllab="1"
            ecep:pron="æt">at</w>
         <c> </c>
         <w xml:id="o5156-587810"
            n="279-a-0580"
            ecep:lem="my"
            ecep:pos="po11"
            ecep:reg="my"
            ecep:spe="my"
            ecep:syllab="1"
            ecep:pron="maɪ">my</w>
         <c> </c>
         <w xml:id="o5156-587820"
            n="279-a-0590"
            ecep:lem="truth"
            ecep:pos="n1"
            ecep:reg="truth"
            ecep:spe="truth"
            ecep:syllab="1"
            ecep:pron="truːθ">truth</w>
         <pc xml:id="o5156-587830"
             n="279-a-0600"
             unit="sentence"
             ecep:lem="."
             ecep:pos="."
             ecep:reg="."
             ecep:spe=".">.</pc>
      </l>
   </lg>
</div>
