<?xml version="1.0" encoding="UTF-8"?>
<div xmlns:ecep="http://www.eighteenthcenturypoetry.org/ns"
     xmlns="http://www.tei-c.org/ns/1.0"
     xmlns:tei="http://www.tei-c.org/ns/1.0"
     ana="#iamb #dimeter #trimeter #pentameter #hexameter #song #sestet"
     corresp="#txt_MarrJa1730_w0014"
     decls="#semi-normalized"
     ecep:syllab="10.6.4.6.10.12"
     met="-+|-+|-+|-+|-+/ -+|-+|-+/ -+|-+/ -+|-+|-+/ -+|-+|-+|-+|-+/ -+|-+|-+|-+|-+|-+/"
     rendition="#lgvspace"
     rhyme="abbacc"
     subtype="eceptext"
     type="song"
     xml:id="o4985-w0560">
   <link target="authors.xml#aut_MarrJa1730" type="author"/>
   <link target="32535" type="DMI"/>
   <head type="main">
      <w xml:id="o4985-673220"
         n="315-a-0010"
         ecep:lem="canzonetta"
         ecep:pos="np1"
         ecep:reg="CANZONETTA"
         ecep:spe="CANZONETTA"
         ecep:syllab="4"
         ecep:pron="ˌkænzəˈnetə">CANZONETTA</w>
      <pc xml:id="o4985-673230"
          n="315-a-0020"
          unit="sentence"
          ecep:lem="."
          ecep:pos="."
          ecep:reg="."
          ecep:spe=".">.</pc>
   </head>
   <byline>
      <w xml:id="o4985-673260"
         n="315-a-0030"
         ecep:lem="by"
         ecep:pos="p-acp"
         ecep:reg="BY"
         ecep:spe="BY"
         ecep:syllab="1"
         ecep:pron="baɪ">BY</w>
      <c> </c>
      <w xml:id="o4985-673270"
         n="315-a-0040"
         ecep:lem="the"
         ecep:pos="dt"
         ecep:reg="THE"
         ecep:spe="THE"
         ecep:syllab="1"
         ecep:pron="ðiː">THE</w>
      <c> </c>
      <w xml:id="o4985-673280"
         n="315-a-0050"
         ecep:lem="same"
         ecep:pos="d"
         ecep:reg="SAME"
         ecep:spe="SAME"
         ecep:syllab="1"
         ecep:pron="seɪm">SAME</w>
      <pc xml:id="o4985-673290"
          n="315-a-0060"
          unit="sentence"
          ecep:lem="."
          ecep:pos="."
          ecep:reg="."
          ecep:spe=".">.</pc>
   </byline>
   <lg xml:id="o4985-s03885">
      <l xml:id="o4985-l36545">
         <w xml:id="o4985-673320"
            n="315-a-0070"
            ecep:lem="soft"
            ecep:pos="j"
            ecep:reg="SOFT"
            ecep:spe="SOFT"
            ecep:syllab="1"
            ecep:pron="sɒft">SOFT</w>
         <c> </c>
         <w xml:id="o4985-673330"
            n="315-a-0080"
            ecep:lem="sleep"
            ecep:pos="vvd"
            ecep:reg="slept"
            ecep:spe="slept"
            ecep:syllab="1"
            ecep:pron="slept">slept</w>
         <c> </c>
         <w xml:id="o4985-673340"
            n="315-a-0090"
            ecep:lem="the"
            ecep:pos="dt"
            ecep:reg="the"
            ecep:spe="the"
            ecep:syllab="1"
            ecep:pron="ðiː">the</w>
         <c> </c>
         <w xml:id="o4985-673350"
            n="315-a-0100"
            ecep:lem="sea"
            ecep:pos="n1"
            ecep:reg="sea"
            ecep:spe="sea"
            ecep:syllab="1"
            ecep:pron="siː">sea</w>
         <c> </c>
         <w xml:id="o4985-673360"
            n="315-a-0110"
            ecep:lem="within"
            ecep:pos="p-acp"
            ecep:reg="within"
            ecep:spe="within"
            ecep:syllab="2"
            ecep:pron="wɪˈðɪn">within</w>
         <c> </c>
         <w xml:id="o4985-673370"
            n="315-a-0120"
            ecep:lem="its"
            ecep:pos="po31"
            ecep:reg="its"
            ecep:spe="its"
            ecep:syllab="1"
            ecep:pron="ɪts">its</w>
         <c> </c>
         <w xml:id="o4985-673380"
            n="315-a-0130"
            ecep:lem="silver"
            ecep:pos="n1"
            ecep:reg="silver"
            ecep:spe="silver"
            ecep:syllab="2"
            ecep:pron="ˈsɪlvə">silver</w>
         <c> </c>
         <w xml:id="o4985-673390"
            n="315-a-0140"
            ecep:lem="bed"
            ecep:pos="n1"
            ecep:reg="bed"
            ecep:spe="bed"
            ecep:syllab="1"
            ecep:pron="bed">bed</w>
         <pc xml:id="o4985-673400"
             n="315-a-0150"
             unit="sentence"
             ecep:lem="."
             ecep:pos="."
             ecep:reg="."
             ecep:spe=".">.</pc>
         <c> </c>
      </l>
      <l xml:id="o4985-l36550">
         <w xml:id="o4985-673410"
            n="315-a-0160"
            ecep:lem="to"
            ecep:pos="p-acp"
            ecep:reg="To"
            ecep:spe="To"
            ecep:syllab="1"
            ecep:pron="tuː">To</w>
         <c> </c>
         <w xml:id="o4985-673420"
            n="315-a-0170"
            ecep:lem="the"
            ecep:pos="dt"
            ecep:reg="the"
            ecep:spe="the"
            ecep:syllab="1"
            ecep:pron="ðiː">the</w>
         <c> </c>
         <w xml:id="o4985-673430"
            n="315-a-0180"
            ecep:lem="scarce"
            ecep:pos="av-j"
            ecep:reg="scarce"
            ecep:spe="scarce"
            ecep:syllab="1"
            ecep:pron="skeəs">scarce</w>
         <c> </c>
         <w xml:id="o4985-673440"
            n="315-a-0190"
            ecep:lem="breathe"
            ecep:pos="j-vvg"
            ecep:reg="breathing"
            ecep:spe="breathing"
            ecep:syllab="2"
            ecep:pron="briːðɪŋ">breathing</w>
         <c> </c>
         <w xml:id="o4985-673450"
            n="315-a-0200"
            ecep:lem="gale"
            ecep:pos="n1"
            ecep:reg="gale"
            ecep:spe="gale"
            ecep:syllab="1"
            ecep:pron="geɪl">gale</w>
      </l>
      <l xml:id="o4985-l36555">
         <c> </c>
         <w xml:id="o4985-673460"
            n="315-a-0210"
            ecep:lem="the"
            ecep:pos="dt"
            ecep:reg="The"
            ecep:spe="The"
            ecep:syllab="1"
            ecep:pron="ðiː">The</w>
         <c> </c>
         <w xml:id="o4985-673470"
            n="315-a-0220"
            ecep:lem="silken"
            ecep:pos="j"
            ecep:reg="silken"
            ecep:spe="silken"
            ecep:syllab="2"
            ecep:pron="sɪlkn">silken</w>
         <c> </c>
         <w xml:id="o4985-673480"
            n="315-a-0230"
            ecep:lem="sail"
            ecep:pos="n1"
            ecep:reg="sail"
            ecep:spe="sail"
            ecep:syllab="1"
            ecep:pron="seɪl">sail</w>
      </l>
      <l xml:id="o4985-l36560">
         <c> </c>
         <w xml:id="o4985-673490"
            n="315-a-0240"
            ecep:lem="with"
            ecep:pos="p-acp"
            ecep:reg="With"
            ecep:spe="With"
            ecep:syllab="1"
            ecep:pron="wɪð">With</w>
         <c> </c>
         <w xml:id="o4985-673500"
            n="315-a-0250"
            ecep:lem="venturous"
            ecep:pos="j"
            ecep:reg="venturous"
            ecep:spe="venturous"
            ecep:syllab="3"
            ecep:pron="ˈventʃrəs">venturous</w>
         <c> </c>
         <w xml:id="o4985-673510"
            n="315-a-0260"
            ecep:lem="hand"
            ecep:pos="n2"
            ecep:reg="hands"
            ecep:spe="hands"
            ecep:syllab="1"
            ecep:pron="hændz">hands</w>
         <c> </c>
         <w xml:id="o4985-673520"
            n="315-a-0270"
            ecep:lem="i"
            ecep:pos="pns11"
            ecep:reg="I"
            ecep:spe="I"
            ecep:syllab="1"
            ecep:pron="aɪ">I</w>
         <c> </c>
         <w xml:id="o4985-673530"
            n="315-a-0280"
            ecep:lem="spread"
            ecep:pos="vvb"
            ecep:reg="spread"
            ecep:spe="spread"
            ecep:syllab="1"
            ecep:pron="spred">spread</w>
         <pc xml:id="o4985-673540"
             n="315-a-0290"
             ecep:lem=","
             ecep:pos=","
             ecep:reg=","
             ecep:spe=",">,</pc>
      </l>
      <l xml:id="o4985-l36565">
         <c> </c>
         <w xml:id="o4985-673550"
            n="315-a-0300"
            ecep:lem="and"
            ecep:pos="cc"
            ecep:reg="And"
            ecep:spe="And"
            ecep:syllab="1"
            ecep:pron="ænd">And</w>
         <c> </c>
         <w xml:id="o4985-673560"
            n="315-a-0310"
            ecep:lem="see"
            ecep:pos="vvd"
            ecep:reg="saw"
            ecep:spe="saw"
            ecep:syllab="1"
            ecep:pron="sɔː">saw</w>
         <c> </c>
         <w xml:id="o4985-673570"
            n="315-a-0320"
            ecep:lem="the"
            ecep:pos="dt"
            ecep:reg="the"
            ecep:spe="the"
            ecep:syllab="1"
            ecep:pron="ðiː">the</w>
         <c> </c>
         <w xml:id="o4985-673580"
            n="315-a-0330"
            ecep:lem="rock"
            ecep:pos="n2"
            ecep:reg="rocks"
            ecep:spe="rocks"
            ecep:syllab="1"
            ecep:pron="rɒks">rocks</w>
         <pc xml:id="o4985-673590"
             n="315-a-0340"
             ecep:lem=","
             ecep:pos=","
             ecep:reg=","
             ecep:spe=",">,</pc>
         <c> </c>
         <w xml:id="o4985-673600"
            n="315-a-0350"
            ecep:lem="and"
            ecep:pos="cc"
            ecep:reg="and"
            ecep:spe="and"
            ecep:syllab="1"
            ecep:pron="ænd">and</w>
         <c> </c>
         <w xml:id="o4985-673610"
            n="315-a-0360"
            ecep:lem="pass"
            ecep:pos="vvn"
            ecep:reg="passed"
            ecep:spe="pass'd"
            ecep:syllab="1"
            ecep:pron="pɑːst">pass'd</w>
         <pc xml:id="o4985-673620"
             n="315-a-0370"
             ecep:lem=";"
             ecep:pos=";"
             ecep:reg=";"
             ecep:spe=";">;</pc>
         <c> </c>
         <w xml:id="o4985-673630"
            n="315-a-0380"
            ecep:lem="yet"
            ecep:pos="av"
            ecep:reg="yet"
            ecep:spe="yet"
            ecep:syllab="1"
            ecep:pron="jet">yet</w>
         <c> </c>
         <w xml:id="o4985-673640"
            n="315-a-0390"
            ecep:lem="feel"
            ecep:pos="vvd"
            ecep:reg="felt"
            ecep:spe="felt"
            ecep:syllab="1"
            ecep:pron="felt">felt</w>
         <c> </c>
         <w xml:id="o4985-673650"
            n="315-a-0400"
            ecep:lem="no"
            ecep:pos="dx"
            ecep:reg="no"
            ecep:spe="no"
            ecep:syllab="1"
            ecep:pron="nəʊ">no</w>
         <c> </c>
         <w xml:id="o4985-673660"
            n="315-a-0410"
            ecep:lem="fear"
            ecep:pos="n1"
            ecep:reg="fear"
            ecep:spe="fear"
            ecep:syllab="1"
            ecep:pron="fɪə">fear</w>
         <pc xml:id="o4985-673670"
             n="315-a-0420"
             ecep:lem=";"
             ecep:pos=";"
             ecep:reg=";"
             ecep:spe=";">;</pc>
      </l>
      <l xml:id="o4985-l36570">
         <c> </c>
         <w xml:id="o4985-673680"
            n="315-a-0430"
            ecep:lem="all"
            ecep:pos="d"
            ecep:reg="All"
            ecep:spe="All"
            ecep:syllab="1"
            ecep:pron="ɔːl">All</w>
         <c> </c>
         <w xml:id="o4985-673690"
            n="315-a-0440"
            ecep:lem="danger"
            ecep:pos="n1"
            ecep:reg="danger"
            ecep:spe="danger"
            ecep:syllab="2"
            ecep:pron="ˈdeɪndʒə">danger</w>
         <c> </c>
         <w xml:id="o4985-673700"
            n="315-a-0450"
            ecep:lem="distant"
            ecep:pos="j"
            ecep:reg="distant"
            ecep:spe="distant"
            ecep:syllab="2"
            ecep:pron="ˈdɪstnt">distant</w>
         <c> </c>
         <w xml:id="o4985-673710"
            n="315-a-0460"
            ecep:lem="seem"
            ecep:pos="vvn"
            ecep:reg="seemed"
            ecep:spe="seem'd"
            ecep:syllab="1"
            ecep:pron="ˈsiːmd">seem'd</w>
         <pc xml:id="o4985-673720"
             n="315-a-0470"
             ecep:lem=","
             ecep:pos=","
             ecep:reg=","
             ecep:spe=",">,</pc>
         <c> </c>
         <w xml:id="o4985-673730"
            n="315-a-0480"
            ecep:lem="which"
            ecep:pos="r-crq"
            ecep:reg="which"
            ecep:spe="which"
            ecep:syllab="1"
            ecep:pron="wɪtʃ">which</w>
         <c> </c>
         <w xml:id="o4985-673740"
            n="315-a-0490"
            ecep:lem="be"
            ecep:pos="vbds"
            ecep:reg="was"
            ecep:spe="was"
            ecep:syllab="1"
            ecep:pron="wɒz">was</w>
         <c> </c>
         <w xml:id="o4985-673750"
            n="315-a-0500"
            ecep:lem="alas"
            ecep:pos="uh"
            ecep:reg="alas"
            ecep:spe="alas"
            ecep:syllab="2"
            ecep:pron="əˈlæs">alas</w>
         <pc xml:id="o4985-673760"
             n="315-a-0510"
             ecep:lem="!"
             ecep:pos="!"
             ecep:reg="!"
             ecep:spe="!">!</pc>
         <c> </c>
         <w xml:id="o4985-673770"
            n="315-a-0520"
            ecep:lem="too"
            ecep:pos="av"
            ecep:reg="too"
            ecep:spe="too"
            ecep:syllab="1"
            ecep:pron="tuː">too</w>
         <c> </c>
         <w xml:id="o4985-673780"
            n="315-a-0530"
            ecep:lem="near"
            ecep:pos="av-j"
            ecep:reg="near"
            ecep:spe="near"
            ecep:syllab="1"
            ecep:pron="nɪə">near</w>
         <pc xml:id="o4985-673790"
             n="315-a-0540"
             unit="sentence"
             ecep:lem="."
             ecep:pos="."
             ecep:reg="."
             ecep:spe=".">.</pc>
         <c> </c>
      </l>
   </lg>
   <lg xml:id="o4985-s03890">
      <l xml:id="o4985-l36575">
         <w xml:id="o4985-673820"
            n="315-a-0550"
            ecep:lem="love"
            ecep:pos="n1"
            ecep:reg="Love"
            ecep:spe="Love"
            ecep:syllab="1"
            ecep:pron="lʌv">Love</w>
         <pc xml:id="o4985-673830"
             n="315-a-0560"
             ecep:lem=","
             ecep:pos=","
             ecep:reg=","
             ecep:spe=",">,</pc>
         <c> </c>
         <w xml:id="o4985-673840"
            n="315-a-0570"
            ecep:lem="calm"
            ecep:pos="j-jn"
            ecep:reg="calm"
            ecep:spe="calm"
            ecep:syllab="1"
            ecep:pron="kɑːm">calm</w>
         <c> </c>
         <w xml:id="o4985-673850"
            n="315-a-0580"
            ecep:lem="deceiver"
            ecep:pos="n1"
            ecep:reg="deceiver"
            ecep:spe="deceiver"
            ecep:syllab="3"
            ecep:pron="dɪˈsiːvə">deceiver</w>
         <pc xml:id="o4985-673860"
             n="315-a-0590"
             ecep:lem=","
             ecep:pos=","
             ecep:reg=","
             ecep:spe=",">,</pc>
         <c> </c>
         <w xml:id="o4985-673870"
            n="315-a-0600"
            ecep:lem="seat"
            ecep:pos="vvn"
            ecep:reg="seated"
            ecep:spe="seated"
            ecep:syllab="2"
            ecep:pron="siːtɪd">seated</w>
         <c> </c>
         <w xml:id="o4985-673880"
            n="315-a-0610"
            ecep:lem="by"
            ecep:pos="p-acp"
            ecep:reg="by"
            ecep:spe="by"
            ecep:syllab="1"
            ecep:pron="baɪ">by</w>
         <c> </c>
         <w xml:id="o4985-673890"
            n="315-a-0620"
            ecep:lem="my"
            ecep:pos="po11"
            ecep:reg="my"
            ecep:spe="my"
            ecep:syllab="1"
            ecep:pron="maɪ">my</w>
         <c> </c>
         <w xml:id="o4985-673900"
            n="315-a-0630"
            ecep:lem="side"
            ecep:pos="n1"
            ecep:reg="side"
            ecep:spe="side"
            ecep:syllab="1"
            ecep:pron="saɪd">side</w>
         <pc xml:id="o4985-673910"
             n="315-a-0640"
             ecep:lem=","
             ecep:pos=","
             ecep:reg=","
             ecep:spe=",">,</pc>
      </l>
      <l xml:id="o4985-l36580">
         <c> </c>
         <w xml:id="o4985-673920"
            n="315-a-0650"
            ecep:lem="his"
            ecep:pos="po31"
            ecep:reg="His"
            ecep:spe="His"
            ecep:syllab="1"
            ecep:pron="hɪz">His</w>
         <c> </c>
         <w xml:id="o4985-673930"
            n="315-a-0660"
            ecep:lem="secret"
            ecep:pos="j-jn"
            ecep:reg="secret"
            ecep:spe="secret"
            ecep:syllab="2"
            ecep:pron="ˈsiːkrət">secret</w>
         <c> </c>
         <w xml:id="o4985-673940"
            n="315-a-0670"
            ecep:lem="fraud"
            ecep:pos="n1"
            ecep:reg="fraud"
            ecep:spe="fraud"
            ecep:syllab="1"
            ecep:pron="frɔːd">fraud</w>
         <c> </c>
         <w xml:id="o4985-673950"
            n="315-a-0680"
            ecep:lem="enjoy"
            ecep:pos="vvd"
            ecep:reg="enjoyed"
            ecep:spe="enjoy'd"
            ecep:syllab="2"
            ecep:pron="ɪnˈdʒɔɪd">enjoy'd</w>
         <pc xml:id="o4985-673960"
             n="315-a-0690"
             ecep:lem=","
             ecep:pos=","
             ecep:reg=","
             ecep:spe=",">,</pc>
      </l>
      <l xml:id="o4985-l36585">
         <c> </c>
         <w xml:id="o4985-673970"
            n="315-a-0700"
            ecep:lem="too"
            ecep:pos="av"
            ecep:reg="Too"
            ecep:spe="Too"
            ecep:syllab="1"
            ecep:pron="tuː">Too</w>
         <c> </c>
         <w xml:id="o4985-673980"
            n="315-a-0710"
            ecep:lem="oft"
            ecep:pos="av"
            ecep:reg="ost"
            ecep:spe="ost"
            ecep:syllab="1"
            ecep:pron="ˈɒst">ost</w>
         <c> </c>
         <w xml:id="o4985-673990"
            n="315-a-0720"
            ecep:lem="employ"
            ecep:pos="vvn"
            ecep:reg="employed"
            ecep:spe="employ'd"
            ecep:syllab="2"
            ecep:pron="ɪmˈplɔɪd">employ'd</w>
      </l>
      <l xml:id="o4985-l36590">
         <c> </c>
         <w xml:id="o4985-674000"
            n="315-a-0730"
            ecep:lem="in"
            ecep:pos="p-acp"
            ecep:reg="In"
            ecep:spe="In"
            ecep:syllab="1"
            ecep:pron="ɪn">In</w>
         <c> </c>
         <w xml:id="o4985-674010"
            n="315-a-0740"
            ecep:lem="sport"
            ecep:pos="n1"
            ecep:reg="sport"
            ecep:spe="sport"
            ecep:syllab="1"
            ecep:pron="spɔːt">sport</w>
         <c> </c>
         <w xml:id="o4985-674020"
            n="315-a-0750"
            ecep:lem="my"
            ecep:pos="po11"
            ecep:reg="my"
            ecep:spe="my"
            ecep:syllab="1"
            ecep:pron="maɪ">my</w>
         <c> </c>
         <w xml:id="o4985-674030"
            n="315-a-0760"
            ecep:lem="bark"
            ecep:pos="n1"
            ecep:reg="bark"
            ecep:spe="bark"
            ecep:syllab="1"
            ecep:pron="bɑːk">bark</w>
         <c> </c>
         <w xml:id="o4985-674040"
            n="315-a-0770"
            ecep:lem="to"
            ecep:pos="pc-acp"
            ecep:reg="to"
            ecep:spe="to"
            ecep:syllab="1"
            ecep:pron="tuː">to</w>
         <c> </c>
         <w xml:id="o4985-674050"
            n="315-a-0780"
            ecep:lem="guide"
            ecep:pos="vvi"
            ecep:reg="guide"
            ecep:spe="guide"
            ecep:syllab="1"
            ecep:pron="gaɪd">guide</w>
         <pc xml:id="o4985-674060"
             n="315-a-0790"
             unit="sentence"
             ecep:lem="."
             ecep:pos="."
             ecep:reg="."
             ecep:spe=".">.</pc>
         <c> </c>
      </l>
      <l xml:id="o4985-l36595">
         <w xml:id="o4985-674070"
            n="315-a-0800"
            ecep:lem="we"
            ecep:pos="pns12"
            ecep:reg="We"
            ecep:spe="We"
            ecep:syllab="1"
            ecep:pron="wiː">We</w>
         <c> </c>
         <w xml:id="o4985-674080"
            n="315-a-0810"
            ecep:lem="reach"
            ecep:pos="vvd"
            ecep:reg="reached"
            ecep:spe="reach'd"
            ecep:syllab="1"
            ecep:pron="riːtʃt">reach'd</w>
         <c> </c>
         <w xml:id="o4985-674090"
            n="315-a-0820"
            ecep:lem="the"
            ecep:pos="dt"
            ecep:reg="the"
            ecep:spe="the"
            ecep:syllab="1"
            ecep:pron="ðiː">the</w>
         <c> </c>
         <w xml:id="o4985-674100"
            n="315-a-0830"
            ecep:lem="port"
            ecep:pos="n1"
            ecep:reg="port"
            ecep:spe="port"
            ecep:syllab="1"
            ecep:pron="pɔːt">port</w>
         <pc xml:id="o4985-674110"
             n="315-a-0840"
             ecep:lem=":"
             ecep:pos=":"
             ecep:reg=":"
             ecep:spe=":">:</pc>
         <c> </c>
         <w xml:id="o4985-674120"
            n="315-a-0850"
            ecep:lem="the"
            ecep:pos="dt"
            ecep:reg="the"
            ecep:spe="the"
            ecep:syllab="1"
            ecep:pron="ðiː">the</w>
         <c> </c>
         <w xml:id="o4985-674130"
            n="315-a-0860"
            ecep:lem="little"
            ecep:pos="j"
            ecep:reg="little"
            ecep:spe="little"
            ecep:syllab="2"
            ecep:pron="ˈlɪtl">little</w>
         <c> </c>
         <w xml:id="o4985-674140"
            n="315-a-0870"
            ecep:lem="pilot"
            ecep:pos="n1"
            ecep:reg="pilot"
            ecep:spe="pilot"
            ecep:syllab="2"
            ecep:pron="ˈpaɪlət">pilot</w>
         <c> </c>
         <w xml:id="o4985-674150"
            n="315-a-0880"
            ecep:lem="smile"
            ecep:pos="vvn"
            ecep:reg="smiled"
            ecep:spe="smil'd"
            ecep:syllab="1"
            ecep:pron="smaɪld">smil'd</w>
         <pc xml:id="o4985-674160"
             n="315-a-0890"
             unit="sentence"
             ecep:lem="."
             ecep:pos="."
             ecep:reg="."
             ecep:spe=".">.</pc>
         <c> </c>
      </l>
      <l xml:id="o4985-l36600">
         <w xml:id="o4985-674170"
            n="315-a-0900"
            ecep:lem="can"
            ecep:pos="vmb"
            ecep:reg="Can"
            ecep:spe="Can"
            ecep:syllab="1"
            ecep:pron="kæn">Can</w>
         <c> </c>
         <w xml:id="o4985-674180"
            n="315-a-0910"
            ecep:lem="love"
            ecep:pos="n1"
            ecep:reg="Love"
            ecep:spe="Love"
            ecep:syllab="1"
            ecep:pron="lʌv">Love</w>
         <c> </c>
         <w xml:id="o4985-674190"
            n="315-a-0920"
            ecep:lem="deceive"
            ecep:pos="vvi"
            ecep:reg="deceive"
            ecep:spe="deceive"
            ecep:syllab="2"
            ecep:pron="dɪˈsiːv">deceive</w>
         <pc xml:id="o4985-674200"
             n="315-a-0930"
             unit="sentence"
             ecep:lem="!"
             ecep:pos="!"
             ecep:reg="!"
             ecep:spe="!">!</pc>
         <c> </c>
         <w xml:id="o4985-674210"
            n="315-a-0940"
            ecep:lem="i"
            ecep:pos="pns11"
            ecep:reg="I"
            ecep:spe="I"
            ecep:syllab="1"
            ecep:pron="aɪ">I</w>
         <c> </c>
         <w xml:id="o4985-674220"
            n="315-a-0950"
            ecep:lem="say"
            ecep:pos="vvd"
            ecep:reg="said"
            ecep:spe="said"
            ecep:syllab="1"
            ecep:pron="sed">said</w>
         <pc xml:id="o4985-674230"
             n="315-a-0960"
             ecep:lem=":"
             ecep:pos=":"
             ecep:reg=":"
             ecep:spe=":">:</pc>
         <c> </c>
         <w xml:id="o4985-674240"
            n="315-a-0970"
            ecep:lem="and"
            ecep:pos="cc"
            ecep:reg="and"
            ecep:spe="and"
            ecep:syllab="1"
            ecep:pron="ænd">and</w>
         <c> </c>
         <w xml:id="o4985-674250"
            n="315-a-0980"
            ecep:lem="kiss"
            ecep:pos="vvd"
            ecep:reg="kissed"
            ecep:spe="kiss'd"
            ecep:syllab="1"
            ecep:pron="kɪst">kiss'd</w>
         <c> </c>
         <w xml:id="o4985-674260"
            n="315-a-0990"
            ecep:lem="the"
            ecep:pos="dt"
            ecep:reg="the"
            ecep:spe="the"
            ecep:syllab="1"
            ecep:pron="ðiː">the</w>
         <c> </c>
         <w xml:id="o4985-674270"
            n="315-a-1000"
            ecep:lem="laugh"
            ecep:pos="j-vvg"
            ecep:reg="laughing"
            ecep:spe="laughing"
            ecep:syllab="2"
            ecep:pron="lɑːfɪŋ">laughing</w>
         <c> </c>
         <w xml:id="o4985-674280"
            n="315-a-1010"
            ecep:lem="child"
            ecep:pos="n1"
            ecep:reg="child"
            ecep:spe="child"
            ecep:syllab="1"
            ecep:pron="tʃaɪld">child</w>
         <pc xml:id="o4985-674290"
             n="315-a-1020"
             unit="sentence"
             ecep:lem="."
             ecep:pos="."
             ecep:reg="."
             ecep:spe=".">.</pc>
         <c> </c>
      </l>
   </lg>
   <lg xml:id="o4985-s03895">
      <l xml:id="o4985-l36605">
         <w xml:id="o4985-674320"
            n="315-a-1030"
            ecep:lem="he"
            ecep:pos="pns31"
            ecep:reg="He"
            ecep:spe="He"
            ecep:syllab="1"
            ecep:pron="hiː">He</w>
         <c> </c>
         <w xml:id="o4985-674330"
            n="315-a-1040"
            ecep:lem="clap"
            ecep:pos="vvd"
            ecep:reg="clapped"
            ecep:spe="clapp'd"
            ecep:syllab="1"
            ecep:pron="klæpt">clapp'd</w>
         <c> </c>
         <w xml:id="o4985-674340"
            n="315-a-1050"
            ecep:lem="his"
            ecep:pos="po31"
            ecep:reg="his"
            ecep:spe="his"
            ecep:syllab="1"
            ecep:pron="hɪz">his</w>
         <c> </c>
         <w xml:id="o4985-674350"
            n="315-a-1060"
            ecep:lem="wing"
            ecep:pos="n2"
            ecep:reg="wings"
            ecep:spe="wings"
            ecep:syllab="1"
            ecep:pron="wɪŋz">wings</w>
         <pc xml:id="o4985-674360"
             n="315-a-1070"
             ecep:lem=","
             ecep:pos=","
             ecep:reg=","
             ecep:spe=",">,</pc>
         <c> </c>
         <w xml:id="o4985-674370"
            n="315-a-1080"
            ecep:lem="and"
            ecep:pos="cc"
            ecep:reg="and"
            ecep:spe="and"
            ecep:syllab="1"
            ecep:pron="ænd">and</w>
         <c> </c>
         <w xml:id="o4985-674380"
            n="315-a-1090"
            ecep:lem="light"
            ecep:pos="av-j"
            ecep:reg="lightly"
            ecep:spe="lightly"
            ecep:syllab="2"
            ecep:pron="laɪtli">lightly</w>
         <c> </c>
         <w xml:id="o4985-674390"
            n="315-a-1100"
            ecep:lem="through"
            ecep:pos="p-acp"
            ecep:reg="through"
            ecep:spe="thro'"
            ecep:syllab="1"
            ecep:pron="θruː">thro'</w>
         <c> </c>
         <w xml:id="o4985-674400"
            n="315-a-1110"
            ecep:lem="the"
            ecep:pos="dt"
            ecep:reg="the"
            ecep:spe="the"
            ecep:syllab="1"
            ecep:pron="ðiː">the</w>
         <c> </c>
         <w xml:id="o4985-674410"
            n="315-a-1120"
            ecep:lem="air"
            ecep:pos="n1"
            ecep:reg="air"
            ecep:spe="air"
            ecep:syllab="1"
            ecep:pron="eə">air</w>
      </l>
      <l xml:id="o4985-l36610">
         <c> </c>
         <w xml:id="o4985-674420"
            n="315-a-1130"
            ecep:lem="fly"
            ecep:pos="vvd"
            ecep:reg="Flew"
            ecep:spe="Flew"
            ecep:syllab="1"
            ecep:pron="fluː">Flew</w>
         <c> </c>
         <w xml:id="o4985-674430"
            n="315-a-1140"
            ecep:lem="from"
            ecep:pos="p-acp"
            ecep:reg="from"
            ecep:spe="from"
            ecep:syllab="1"
            ecep:pron="frɒm">from</w>
         <c> </c>
         <w xml:id="o4985-674440"
            n="315-a-1150"
            ecep:lem="my"
            ecep:pos="po11"
            ecep:reg="my"
            ecep:spe="my"
            ecep:syllab="1"
            ecep:pron="maɪ">my</w>
         <c> </c>
         <w xml:id="o4985-674450"
            n="315-a-1160"
            ecep:lem="longing"
            ecep:pos="n1"
            ecep:reg="longing"
            ecep:spe="longing"
            ecep:syllab="2"
            ecep:pron="ˈlɒŋɪŋ">longing</w>
         <c> </c>
         <w xml:id="o4985-674460"
            n="315-a-1170"
            ecep:lem="eye"
            ecep:pos="n2"
            ecep:reg="eyes"
            ecep:spe="eyes"
            ecep:syllab="1"
            ecep:pron="aɪz">eyes</w>
         <pc xml:id="o4985-674470"
             n="315-a-1180"
             unit="sentence"
             ecep:lem="."
             ecep:pos="."
             ecep:reg="."
             ecep:spe=".">.</pc>
         <c> </c>
      </l>
      <l xml:id="o4985-l36615">
         <w xml:id="o4985-674480"
            n="315-a-1190"
            ecep:lem="the"
            ecep:pos="dt"
            ecep:reg="The"
            ecep:spe="The"
            ecep:syllab="1"
            ecep:pron="ðiː">The</w>
         <c> </c>
         <w xml:id="o4985-674490"
            n="315-a-1200"
            ecep:lem="storm"
            ecep:pos="n2"
            ecep:reg="storms"
            ecep:spe="storms"
            ecep:syllab="1"
            ecep:pron="stɔːmz">storms</w>
         <c> </c>
         <w xml:id="o4985-674500"
            n="315-a-1210"
            ecep:lem="arise"
            ecep:pos="vvi"
            ecep:reg="arise"
            ecep:spe="arise"
            ecep:syllab="2"
            ecep:pron="əˈraɪz">arise</w>
         <pc xml:id="o4985-674510"
             n="315-a-1220"
             ecep:lem=","
             ecep:pos=","
             ecep:reg=","
             ecep:spe=",">,</pc>
      </l>
      <l xml:id="o4985-l36620">
         <c> </c>
         <w xml:id="o4985-674520"
            n="315-a-1230"
            ecep:lem="and"
            ecep:pos="cc"
            ecep:reg="And"
            ecep:spe="And"
            ecep:syllab="1"
            ecep:pron="ænd">And</w>
         <c> </c>
         <w xml:id="o4985-674530"
            n="315-a-1240"
            ecep:lem="back"
            ecep:pos="av"
            ecep:reg="back"
            ecep:spe="back"
            ecep:syllab="1"
            ecep:pron="bæk">back</w>
         <c> </c>
         <w xml:id="o4985-674540"
            n="315-a-1250"
            ecep:lem="my"
            ecep:pos="po11"
            ecep:reg="my"
            ecep:spe="my"
            ecep:syllab="1"
            ecep:pron="maɪ">my</w>
         <c> </c>
         <w xml:id="o4985-674550"
            n="315-a-1260"
            ecep:lem="vessel"
            ecep:pos="n1"
            ecep:reg="vessel"
            ecep:spe="vessel"
            ecep:syllab="2"
            ecep:pron="ˈvesl">vessel</w>
         <c> </c>
         <w xml:id="o4985-674560"
            n="315-a-1270"
            ecep:lem="bear"
            ecep:pos="vvi"
            ecep:reg="bear"
            ecep:spe="bear"
            ecep:syllab="1"
            ecep:pron="beə">bear</w>
         <pc xml:id="o4985-674570"
             n="315-a-1280"
             unit="sentence"
             ecep:lem="."
             ecep:pos="."
             ecep:reg="."
             ecep:spe=".">.</pc>
         <c> </c>
      </l>
      <l xml:id="o4985-l36625">
         <w xml:id="o4985-674580"
            n="315-a-1290"
            ecep:lem="secure"
            ecep:pos="vvb"
            ecep:reg="Secure"
            ecep:spe="Secure"
            ecep:syllab="2"
            ecep:pron="sɪˈkjʊə">Secure</w>
         <c> </c>
         <w xml:id="o4985-674590"
            n="315-a-1300"
            ecep:lem="what"
            ecep:pos="r-crq"
            ecep:reg="what"
            ecep:spe="what"
            ecep:syllab="1"
            ecep:pron="wɒt">what</w>
         <c> </c>
         <w xml:id="o4985-674600"
            n="315-a-1310"
            ecep:lem="port"
            ecep:pos="n1"
            ecep:reg="port"
            ecep:spe="port"
            ecep:syllab="1"
            ecep:pron="pɔːt">port</w>
         <c> </c>
         <w xml:id="o4985-674610"
            n="315-a-1320"
            ecep:lem="can"
            ecep:pos="vmb"
            ecep:reg="can"
            ecep:spe="can"
            ecep:syllab="1"
            ecep:pron="kæn">can</w>
         <c> </c>
         <w xml:id="o4985-674620"
            n="315-a-1330"
            ecep:lem="hapless"
            ecep:pos="j"
            ecep:reg="hapless"
            ecep:spe="hapless"
            ecep:syllab="2"
            ecep:pron="ˈhæpləs">hapless</w>
         <c> </c>
         <w xml:id="o4985-674630"
            n="315-a-1340"
            ecep:lem="lover"
            ecep:pos="n2"
            ecep:reg="lovers"
            ecep:spe="lovers"
            ecep:syllab="2"
            ecep:pron="ˈlʌvəz">lovers</w>
         <c> </c>
         <w xml:id="o4985-674640"
            n="315-a-1350"
            ecep:lem="meet"
            ecep:pos="vvi"
            ecep:reg="meet"
            ecep:spe="meet"
            ecep:syllab="1"
            ecep:pron="miːt">meet</w>
         <pc xml:id="o4985-674650"
             n="315-a-1360"
             ecep:lem=":"
             ecep:pos=":"
             ecep:reg=":"
             ecep:spe=":">:</pc>
      </l>
      <l xml:id="o4985-l36630">
         <c> </c>
         <w xml:id="o4985-674660"
            n="315-a-1370"
            ecep:lem="we"
            ecep:pos="pns12"
            ecep:reg="We"
            ecep:spe="We"
            ecep:syllab="1"
            ecep:pron="wiː">We</w>
         <c> </c>
         <w xml:id="o4985-674670"
            n="315-a-1380"
            ecep:lem="blame"
            ecep:pos="vvb"
            ecep:reg="blame"
            ecep:spe="blame"
            ecep:syllab="1"
            ecep:pron="bleɪm">blame</w>
         <c> </c>
         <w xml:id="o4985-674680"
            n="315-a-1390"
            ecep:lem="the"
            ecep:pos="dt"
            ecep:reg="the"
            ecep:spe="the"
            ecep:syllab="1"
            ecep:pron="ðiː">the</w>
         <c> </c>
         <w xml:id="o4985-674690"
            n="315-a-1400"
            ecep:lem="wind"
            ecep:pos="n2"
            ecep:reg="winds"
            ecep:spe="winds"
            ecep:syllab="1"
            ecep:pron="wɪndz">winds</w>
         <c> </c>
         <w xml:id="o4985-674700"
            n="315-a-1410"
            ecep:lem="and"
            ecep:pos="cc"
            ecep:reg="and"
            ecep:spe="and"
            ecep:syllab="1"
            ecep:pron="ænd">and</w>
         <c> </c>
         <w xml:id="o4985-674710"
            n="315-a-1420"
            ecep:lem="sea"
            ecep:pos="n2"
            ecep:reg="seas"
            ecep:spe="seas"
            ecep:syllab="1"
            ecep:pron="siːz">seas</w>
         <pc xml:id="o4985-674720"
             n="315-a-1430"
             ecep:lem=","
             ecep:pos=","
             ecep:reg=","
             ecep:spe=",">,</pc>
         <c> </c>
         <w xml:id="o4985-674730"
            n="315-a-1440"
            ecep:lem="yet"
            ecep:pos="av"
            ecep:reg="yet"
            ecep:spe="yet"
            ecep:syllab="1"
            ecep:pron="jet">yet</w>
         <c> </c>
         <w xml:id="o4985-674740"
            n="315-a-1450"
            ecep:lem="clasp"
            ecep:pos="vvb"
            ecep:reg="clasp"
            ecep:spe="clasp"
            ecep:syllab="1"
            ecep:pron="klɑːsp">clasp</w>
         <c> </c>
         <w xml:id="o4985-674750"
            n="315-a-1460"
            ecep:lem="the"
            ecep:pos="dt"
            ecep:reg="the"
            ecep:spe="the"
            ecep:syllab="1"
            ecep:pron="ðiː">the</w>
         <c> </c>
         <w xml:id="o4985-674760"
            n="315-a-1470"
            ecep:lem="dear"
            ecep:pos="j-jn"
            ecep:reg="dear"
            ecep:spe="dear"
            ecep:syllab="1"
            ecep:pron="dɪə">dear</w>
         <c> </c>
         <w xml:id="o4985-674770"
            n="315-a-1480"
            ecep:lem="deceit"
            ecep:pos="n1"
            ecep:reg="deceit"
            ecep:spe="deceit"
            ecep:syllab="2"
            ecep:pron="dɪˈsiːt">deceit</w>
         <pc xml:id="o4985-674780"
             n="315-a-1490"
             unit="sentence"
             ecep:lem="."
             ecep:pos="."
             ecep:reg="."
             ecep:spe=".">.</pc>
         <c> </c>
      </l>
   </lg>
</div>
