<?xml version="1.0" encoding="UTF-8"?>
<?xml-model href="../tei_all.rnc" type="application/relax-ng-compact-syntax"?>
<TEI xmlns="http://www.tei-c.org/ns/1.0">
   <teiHeader>
      <fileDesc>
         <titleStmt>
            <title corresp="#txt_WattIs1674_w0096">SONG XXVI. An EVENING SONG.</title>
            <author corresp="authors.xml#aut_WattIs1674">Isaac Watts</author>
            <respStmt>
               <name xml:id="AH">Alexander Huber</name>
               <resp>Editor</resp>
            </respStmt>
            <funder>
               <name type="institution" xml:id="BOD">Bodleian Libraries, University of Oxford</name>
               <address>
                  <addrLine>Broad Street</addrLine>
                  <addrLine>Oxford OX1 3BG</addrLine>
                  <addrLine>UK</addrLine>
               </address>
            </funder>
         </titleStmt>
         <publicationStmt>
            <publisher xml:id="ECPA">Eighteenth-Century Poetry Archive</publisher>
            <address>
               <addrLine>Taylor Institution Library</addrLine>
               <addrLine>St Giles'</addrLine>
               <addrLine>Oxford OX1 3NA</addrLine>
               <addrLine>UK</addrLine>
               <addrLine>
                  <email>info@eighteenthcenturypoetry.org</email>
               </addrLine>
               <addrLine>
                  <ref target="https://www.eighteenthcenturypoetry.org/">https://www.eighteenthcenturypoetry.org/</ref>
               </addrLine>
            </address>
            <pubPlace>Oxford</pubPlace>
            <availability status="restricted">
               <licence target="http://creativecommons.org/licenses/by-sa/3.0/">This work is licensed under a Creative Commons Attribution-ShareAlike 3.0 Unported License.</licence>
            </availability>
            <idno type="ESTC">T185045</idno>
            <idno type="TCP">K123515.000</idno>
         </publicationStmt>
         <sourceDesc>
            <bibl>
               <author>Watts, Isaac, 1674-1748.</author>
               <title>Divine songs: attempted in easy language for the use of children. By I. Watts, D.D.</title>
               <pubPlace>London</pubPlace>
               <publisher>Printed for J. Buckland; J. F. and C. Rivington; T. Longman; W. Fenner; T. Field; and E. and C. Dilly</publisher>
               <date>1777</date>
               <biblScope>p. 36.</biblScope>
               <extent>xii,58,[2]p.; 12⁰.</extent>
            </bibl>
         </sourceDesc>
      </fileDesc>
      <encodingDesc>
         <projectDesc>
            <p>This e-text is part of the Works section of the Eighteenth-Century Poetry Archive (ECPA).</p>
            <p>XML created for the Eighteenth-Century Poetry Archive (ECPA).</p>
         </projectDesc>
         <editorialDecl>
            <p>The text has been typographically modernized, but without any silent modernization of
						spelling, capitalization, or punctuation. The source of the text is given and all editorial interventions
						have been recorded in textual notes. Based on the electronic text originally produced by the TCP project, this  text has been edited to conform to the recommendations found in Level 5 of the
						Best Practices for TEI in Libraries version 4.0.0.
					</p>
         </editorialDecl>
         <classDecl>
            <taxonomy xml:id="LCNAF">
               <bibl>Library of Congress Name Authority File (<abbr>LCNAF</abbr>)</bibl>
            </taxonomy>
         </classDecl>
         <tagsDecl>
            <rendition n="linegroups indented" xml:id="lgindent" scheme="css">text-indent: 1em;</rendition>
            <rendition n="linegroups vertically spaced" xml:id="lgvspace" scheme="css">margin-bottom: 1em;</rendition>
            <rendition n="aligned centrally" xml:id="align-center" scheme="css">text-align: center;</rendition>
            <rendition n="aligned right" xml:id="align-right" scheme="css">text-align: right;</rendition>
            <rendition n="aligned left" xml:id="align-left" scheme="css">text-align: left;</rendition>
            <rendition n="inline" xml:id="inline" scheme="css">display: inline</rendition>
            <rendition n="italic" xml:id="i" scheme="css">font-style: italic;</rendition>
            <rendition n="bold" xml:id="b" scheme="css">font-weight: bold;</rendition>
         </tagsDecl>
      </encodingDesc>
   </teiHeader>
   <text>
      <body>
         <div xmlns:ecep="http://www.eighteenthcenturypoetry.org/ns"
              ana="#iamb #tetrameter #trimeter #quatrain #cross #song"
              corresp="#txt_WattIs1674_w0096"
              decls="#semi-normalized"
              ecep:syllab="8.6.8.6"
              met="-+|-+|-+|-+/ -+|-+|-+/ -+|-+|-+|-+/ -+|-+|-+/"
              n="26"
              rendition="#lgvspace"
              rhyme="abab"
              subtype="eceptext"
              type="song"
              xml:id="o5454-w0260">
            <link target="authors.xml#aut_WattIs1674" type="author"/>
            <head type="main">
               <w xmlns:ecep="http://www.eighteenthcenturypoetry.org/ns"
                  xml:id="o5454-071060"
                  n="46-a-0010"
                  ecep:lem="song"
                  ecep:pos="n1"
                  ecep:reg="SONG"
                  ecep:spe="SONG"
                  ecep:syllab="1"
                  ecep:pron="sɒŋ">SONG</w>
               <c> </c>
               <w xmlns:ecep="http://www.eighteenthcenturypoetry.org/ns"
                  xml:id="o5454-071070"
                  n="46-a-0020"
                  ecep:lem="xxvi"
                  ecep:pos="crd"
                  ecep:reg="XXVI"
                  ecep:spe="XXVI"
                  ecep:syllab="1"
                  ecep:pron="rˌəʊməntwˈentisˈɪks">XXVI</w>
               <pc xmlns:ecep="http://www.eighteenthcenturypoetry.org/ns"
                   xml:id="o5454-071080"
                   n="46-a-0030"
                   unit="sentence"
                   ecep:lem="."
                   ecep:pos="."
                   ecep:reg="."
                   ecep:spe=".">.</pc>
            </head>
            <head type="sub">
               <w xmlns:ecep="http://www.eighteenthcenturypoetry.org/ns"
                  xml:id="o5454-071110"
                  n="46-a-0040"
                  ecep:lem="a"
                  ecep:pos="dt"
                  ecep:reg="An"
                  ecep:spe="An"
                  ecep:syllab="1"
                  ecep:pron="æn">An</w>
               <c> </c>
               <w xmlns:ecep="http://www.eighteenthcenturypoetry.org/ns"
                  xml:id="o5454-071120"
                  n="46-a-0050"
                  ecep:lem="evening"
                  ecep:pos="n1"
                  ecep:reg="EVENING"
                  ecep:spe="EVENING"
                  ecep:syllab="2"
                  ecep:pron="ˈiːvnɪŋ">EVENING</w>
               <c> </c>
               <w xmlns:ecep="http://www.eighteenthcenturypoetry.org/ns"
                  xml:id="o5454-071130"
                  n="46-a-0060"
                  ecep:lem="song"
                  ecep:pos="n1"
                  ecep:reg="SONG"
                  ecep:spe="SONG"
                  ecep:syllab="1"
                  ecep:pron="sɒŋ">SONG</w>
               <pc xmlns:ecep="http://www.eighteenthcenturypoetry.org/ns"
                   xml:id="o5454-071140"
                   n="46-a-0070"
                   unit="sentence"
                   ecep:lem="."
                   ecep:pos="."
                   ecep:reg="."
                   ecep:spe=".">.</pc>
            </head>
            <lg n="1" xml:id="o5454-s00795">
               <head>
                  <w xmlns:ecep="http://www.eighteenthcenturypoetry.org/ns"
                     xml:id="o5454-071180"
                     n="46-a-0080"
                     ecep:lem="i"
                     ecep:pos="pns11"
                     ecep:reg="I"
                     ecep:spe="I."
                     ecep:syllab="1"
                     ecep:pron="ˈaɪ">I.</w>
                  <pc unit="sentence" xml:id="o5454-071180-eos" n="46-a-0090"/>
               </head>
               <l xml:id="o5454-l02885">
                  <w xmlns:ecep="http://www.eighteenthcenturypoetry.org/ns"
                     xml:id="o5454-071200"
                     n="46-a-0100"
                     ecep:lem="and"
                     ecep:pos="cc"
                     ecep:reg="AND"
                     ecep:spe="AND"
                     ecep:syllab="1"
                     ecep:pron="ænd">AND</w>
                  <c> </c>
                  <w xmlns:ecep="http://www.eighteenthcenturypoetry.org/ns"
                     xml:id="o5454-071210"
                     n="46-a-0110"
                     ecep:lem="now"
                     ecep:pos="av"
                     ecep:reg="now"
                     ecep:spe="now"
                     ecep:syllab="1"
                     ecep:pron="naʊ">now</w>
                  <c> </c>
                  <w xmlns:ecep="http://www.eighteenthcenturypoetry.org/ns"
                     xml:id="o5454-071220"
                     n="46-a-0120"
                     ecep:lem="another"
                     ecep:pos="j-jn"
                     ecep:reg="another"
                     ecep:spe="another"
                     ecep:syllab="3"
                     ecep:pron="əˈnʌðə">another</w>
                  <c> </c>
                  <w xmlns:ecep="http://www.eighteenthcenturypoetry.org/ns"
                     xml:id="o5454-071230"
                     n="46-a-0130"
                     ecep:lem="day"
                     ecep:pos="n1"
                     ecep:reg="Day"
                     ecep:spe="Day"
                     ecep:syllab="1"
                     ecep:pron="deɪ">Day</w>
                  <c> </c>
                  <w xmlns:ecep="http://www.eighteenthcenturypoetry.org/ns"
                     xml:id="o5454-071240"
                     n="46-a-0140"
                     ecep:lem="be"
                     ecep:pos="vbz"
                     ecep:reg="is"
                     ecep:spe="is"
                     ecep:syllab="1"
                     ecep:pron="ɪz">is</w>
                  <c> </c>
                  <w xmlns:ecep="http://www.eighteenthcenturypoetry.org/ns"
                     xml:id="o5454-071250"
                     n="46-a-0150"
                     ecep:lem="go"
                     ecep:pos="vvn"
                     ecep:reg="gone"
                     ecep:spe="gone"
                     ecep:syllab="1"
                     ecep:pron="gɒn">gone</w>
                  <pc xmlns:ecep="http://www.eighteenthcenturypoetry.org/ns"
                      xml:id="o5454-071260"
                      n="46-a-0160"
                      ecep:lem=","
                      ecep:pos=","
                      ecep:reg=","
                      ecep:spe=",">,</pc>
               </l>
               <l xml:id="o5454-l02890">
                  <c> </c>
                  <w xmlns:ecep="http://www.eighteenthcenturypoetry.org/ns"
                     xml:id="o5454-071270"
                     n="46-a-0170"
                     ecep:lem="i|will"
                     ecep:pos="pns11|vmb"
                     ecep:reg="I'll"
                     ecep:spe="I'll"
                     ecep:syllab="1"
                     ecep:pron="ˈaɪl">I'll</w>
                  <c> </c>
                  <w xmlns:ecep="http://www.eighteenthcenturypoetry.org/ns"
                     xml:id="o5454-071280"
                     n="46-a-0180"
                     ecep:lem="sing"
                     ecep:pos="vvi"
                     ecep:reg="sing"
                     ecep:spe="sing"
                     ecep:syllab="1"
                     ecep:pron="sɪŋ">sing</w>
                  <c> </c>
                  <w xmlns:ecep="http://www.eighteenthcenturypoetry.org/ns"
                     xml:id="o5454-071290"
                     n="46-a-0190"
                     ecep:lem="my"
                     ecep:pos="po11"
                     ecep:reg="my"
                     ecep:spe="my"
                     ecep:syllab="1"
                     ecep:pron="maɪ">my</w>
                  <c> </c>
                  <w xmlns:ecep="http://www.eighteenthcenturypoetry.org/ns"
                     xml:id="o5454-071300"
                     n="46-a-0200"
                     ecep:lem="maker"
                     ecep:pos="ng1"
                     ecep:reg="Maker's"
                     ecep:spe="Maker's"
                     ecep:syllab="2"
                     ecep:pron="ˈmeɪkəz">Maker's</w>
                  <c> </c>
                  <w xmlns:ecep="http://www.eighteenthcenturypoetry.org/ns"
                     xml:id="o5454-071310"
                     n="46-a-0210"
                     ecep:lem="praise"
                     ecep:pos="n1"
                     ecep:reg="Praise"
                     ecep:spe="Praise"
                     ecep:syllab="1"
                     ecep:pron="preɪz">Praise</w>
                  <pc xmlns:ecep="http://www.eighteenthcenturypoetry.org/ns"
                      xml:id="o5454-071320"
                      n="46-a-0220"
                      ecep:lem=";"
                      ecep:pos=";"
                      ecep:reg=";"
                      ecep:spe=";">;</pc>
               </l>
               <l xml:id="o5454-l02895">
                  <c> </c>
                  <w xmlns:ecep="http://www.eighteenthcenturypoetry.org/ns"
                     xml:id="o5454-071330"
                     n="46-a-0230"
                     ecep:lem="my"
                     ecep:pos="po11"
                     ecep:reg="My"
                     ecep:spe="My"
                     ecep:syllab="1"
                     ecep:pron="maɪ">My</w>
                  <c> </c>
                  <w xmlns:ecep="http://www.eighteenthcenturypoetry.org/ns"
                     xml:id="o5454-071340"
                     n="46-a-0240"
                     ecep:lem="comfort"
                     ecep:pos="n2"
                     ecep:reg="Comforts"
                     ecep:spe="Comforts"
                     ecep:syllab="2"
                     ecep:pron="ˈkʌmfəts">Comforts</w>
                  <c> </c>
                  <w xmlns:ecep="http://www.eighteenthcenturypoetry.org/ns"
                     xml:id="o5454-071350"
                     n="46-a-0250"
                     ecep:lem="every"
                     ecep:pos="d"
                     ecep:reg="every"
                     ecep:spe="ev'ry"
                     ecep:syllab="2"
                     ecep:pron="ˈevri">ev'ry</w>
                  <c> </c>
                  <w xmlns:ecep="http://www.eighteenthcenturypoetry.org/ns"
                     xml:id="o5454-071360"
                     n="46-a-0260"
                     ecep:lem="hour"
                     ecep:pos="n1"
                     ecep:reg="Hour"
                     ecep:spe="Hour"
                     ecep:syllab="1"
                     ecep:pron="æə">Hour</w>
                  <c> </c>
                  <w xmlns:ecep="http://www.eighteenthcenturypoetry.org/ns"
                     xml:id="o5454-071370"
                     n="46-a-0270"
                     ecep:lem="make"
                     ecep:pos="vvb"
                     ecep:reg="make"
                     ecep:spe="make"
                     ecep:syllab="1"
                     ecep:pron="meɪk">make</w>
                  <c> </c>
                  <w xmlns:ecep="http://www.eighteenthcenturypoetry.org/ns"
                     xml:id="o5454-071380"
                     n="46-a-0280"
                     ecep:lem="know"
                     ecep:pos="vvn"
                     ecep:reg="known"
                     ecep:spe="known"
                     ecep:syllab="1"
                     ecep:pron="nəʊn">known</w>
               </l>
               <l xml:id="o5454-l02900">
                  <c> </c>
                  <w xmlns:ecep="http://www.eighteenthcenturypoetry.org/ns"
                     xml:id="o5454-071390"
                     n="46-a-0290"
                     ecep:lem="his"
                     ecep:pos="po31"
                     ecep:reg="His"
                     ecep:spe="His"
                     ecep:syllab="1"
                     ecep:pron="hɪz">His</w>
                  <c> </c>
                  <w xmlns:ecep="http://www.eighteenthcenturypoetry.org/ns"
                     xml:id="o5454-071400"
                     n="46-a-0300"
                     ecep:lem="providence"
                     ecep:pos="n1"
                     ecep:reg="Providence"
                     ecep:spe="Providence"
                     ecep:syllab="3"
                     ecep:pron="ˈprɒvɪdns">Providence</w>
                  <c> </c>
                  <w xmlns:ecep="http://www.eighteenthcenturypoetry.org/ns"
                     xml:id="o5454-071410"
                     n="46-a-0310"
                     ecep:lem="and"
                     ecep:pos="cc"
                     ecep:reg="and"
                     ecep:spe="and"
                     ecep:syllab="1"
                     ecep:pron="ænd">and</w>
                  <c> </c>
                  <w xmlns:ecep="http://www.eighteenthcenturypoetry.org/ns"
                     xml:id="o5454-071420"
                     n="46-a-0320"
                     ecep:lem="grace"
                     ecep:pos="n1"
                     ecep:reg="Grace"
                     ecep:spe="Grace"
                     ecep:syllab="1"
                     ecep:pron="greɪs">Grace</w>
                  <pc xmlns:ecep="http://www.eighteenthcenturypoetry.org/ns"
                      xml:id="o5454-071430"
                      n="46-a-0330"
                      unit="sentence"
                      ecep:lem="."
                      ecep:pos="."
                      ecep:reg="."
                      ecep:spe=".">.</pc>
                  <c> </c>
               </l>
            </lg>
            <lg n="2" xml:id="o5454-s00800">
               <head>
                  <w xmlns:ecep="http://www.eighteenthcenturypoetry.org/ns"
                     xml:id="o5454-071470"
                     n="46-a-0340"
                     ecep:lem="ii"
                     ecep:pos="crd"
                     ecep:reg="II"
                     ecep:spe="II"
                     ecep:syllab="1"
                     ecep:pron="rˌəʊməntˈuː">II</w>
                  <pc xmlns:ecep="http://www.eighteenthcenturypoetry.org/ns"
                      xml:id="o5454-071480"
                      n="46-a-0350"
                      unit="sentence"
                      ecep:lem="."
                      ecep:pos="."
                      ecep:reg="."
                      ecep:spe=".">.</pc>
               </head>
               <l xml:id="o5454-l02905">
                  <w xmlns:ecep="http://www.eighteenthcenturypoetry.org/ns"
                     xml:id="o5454-071500"
                     n="46-a-0360"
                     ecep:lem="but"
                     ecep:pos="p-acp"
                     ecep:reg="But"
                     ecep:spe="But"
                     ecep:syllab="1"
                     ecep:pron="bʌt">But</w>
                  <c> </c>
                  <w xmlns:ecep="http://www.eighteenthcenturypoetry.org/ns"
                     xml:id="o5454-071510"
                     n="46-a-0370"
                     ecep:lem="how"
                     ecep:pos="c-crq"
                     ecep:reg="how"
                     ecep:spe="how"
                     ecep:syllab="1"
                     ecep:pron="haʊ">how</w>
                  <c> </c>
                  <w xmlns:ecep="http://www.eighteenthcenturypoetry.org/ns"
                     xml:id="o5454-071520"
                     n="46-a-0380"
                     ecep:lem="my"
                     ecep:pos="po11"
                     ecep:reg="my"
                     ecep:spe="my"
                     ecep:syllab="1"
                     ecep:pron="maɪ">my</w>
                  <c> </c>
                  <w xmlns:ecep="http://www.eighteenthcenturypoetry.org/ns"
                     xml:id="o5454-071530"
                     n="46-a-0390"
                     ecep:lem="childhood"
                     ecep:pos="n1"
                     ecep:reg="Childhood"
                     ecep:spe="Childhood"
                     ecep:syllab="2"
                     ecep:pron="ˈtʃaɪldhʊd">Childhood</w>
                  <c> </c>
                  <w xmlns:ecep="http://www.eighteenthcenturypoetry.org/ns"
                     xml:id="o5454-071540"
                     n="46-a-0400"
                     ecep:lem="run"
                     ecep:pos="vvz"
                     ecep:reg="runs"
                     ecep:spe="runs"
                     ecep:syllab="1"
                     ecep:pron="rʌnz">runs</w>
                  <c> </c>
                  <w xmlns:ecep="http://www.eighteenthcenturypoetry.org/ns"
                     xml:id="o5454-071550"
                     n="46-a-0410"
                     ecep:lem="to"
                     ecep:pos="pc-acp"
                     ecep:reg="to"
                     ecep:spe="to"
                     ecep:syllab="1"
                     ecep:pron="tuː">to</w>
                  <c> </c>
                  <w xmlns:ecep="http://www.eighteenthcenturypoetry.org/ns"
                     xml:id="o5454-071560"
                     n="46-a-0420"
                     ecep:lem="waste"
                     ecep:pos="vvi"
                     ecep:reg="waste"
                     ecep:spe="waste"
                     ecep:syllab="1"
                     ecep:pron="weɪst">waste</w>
                  <pc xmlns:ecep="http://www.eighteenthcenturypoetry.org/ns"
                      xml:id="o5454-071570"
                      n="46-a-0430"
                      unit="sentence"
                      ecep:lem="!"
                      ecep:pos="!"
                      ecep:reg="!"
                      ecep:spe="!">!</pc>
                  <c> </c>
               </l>
               <l xml:id="o5454-l02910">
                  <w xmlns:ecep="http://www.eighteenthcenturypoetry.org/ns"
                     xml:id="o5454-071580"
                     n="46-a-0440"
                     ecep:lem="my"
                     ecep:pos="po11"
                     ecep:reg="My"
                     ecep:spe="My"
                     ecep:syllab="1"
                     ecep:pron="maɪ">My</w>
                  <c> </c>
                  <w xmlns:ecep="http://www.eighteenthcenturypoetry.org/ns"
                     xml:id="o5454-071590"
                     n="46-a-0450"
                     ecep:lem="sin"
                     ecep:pos="n2"
                     ecep:reg="Sins"
                     ecep:spe="Sins"
                     ecep:syllab="1"
                     ecep:pron="sɪnz">Sins</w>
                  <pc xmlns:ecep="http://www.eighteenthcenturypoetry.org/ns"
                      xml:id="o5454-071600"
                      n="46-a-0460"
                      ecep:lem=","
                      ecep:pos=","
                      ecep:reg=","
                      ecep:spe=",">,</pc>
                  <c> </c>
                  <w xmlns:ecep="http://www.eighteenthcenturypoetry.org/ns"
                     xml:id="o5454-071610"
                     n="46-a-0470"
                     ecep:lem="how"
                     ecep:pos="c-crq"
                     ecep:reg="how"
                     ecep:spe="how"
                     ecep:syllab="1"
                     ecep:pron="haʊ">how</w>
                  <c> </c>
                  <w xmlns:ecep="http://www.eighteenthcenturypoetry.org/ns"
                     xml:id="o5454-071620"
                     n="46-a-0480"
                     ecep:lem="great"
                     ecep:pos="j"
                     ecep:reg="great"
                     ecep:spe="great"
                     ecep:syllab="1"
                     ecep:pron="greɪt">great</w>
                  <c> </c>
                  <w xmlns:ecep="http://www.eighteenthcenturypoetry.org/ns"
                     xml:id="o5454-071630"
                     n="46-a-0490"
                     ecep:lem="their"
                     ecep:pos="po32"
                     ecep:reg="their"
                     ecep:spe="their"
                     ecep:syllab="1"
                     ecep:pron="ðeə">their</w>
                  <c> </c>
                  <w xmlns:ecep="http://www.eighteenthcenturypoetry.org/ns"
                     xml:id="o5454-071640"
                     n="46-a-0500"
                     ecep:lem="sum"
                     ecep:pos="n1"
                     ecep:reg="Sum"
                     ecep:spe="Sum"
                     ecep:syllab="1"
                     ecep:pron="sʌm">Sum</w>
                  <pc xmlns:ecep="http://www.eighteenthcenturypoetry.org/ns"
                      xml:id="o5454-071650"
                      n="46-a-0510"
                      unit="sentence"
                      ecep:lem="!"
                      ecep:pos="!"
                      ecep:reg="!"
                      ecep:spe="!">!</pc>
                  <c> </c>
               </l>
               <l xml:id="o5454-l02915">
                  <w xmlns:ecep="http://www.eighteenthcenturypoetry.org/ns"
                     xml:id="o5454-071660"
                     n="46-a-0520"
                     ecep:lem="lord"
                     ecep:pos="n1"
                     ecep:reg="LORD"
                     ecep:spe="LORD"
                     ecep:syllab="1"
                     ecep:pron="lɔːd">LORD</w>
                  <pc xmlns:ecep="http://www.eighteenthcenturypoetry.org/ns"
                      xml:id="o5454-071670"
                      n="46-a-0530"
                      ecep:lem=","
                      ecep:pos=","
                      ecep:reg=","
                      ecep:spe=",">,</pc>
                  <c> </c>
                  <w xmlns:ecep="http://www.eighteenthcenturypoetry.org/ns"
                     xml:id="o5454-071680"
                     n="46-a-0540"
                     ecep:lem="give"
                     ecep:pos="vvb"
                     ecep:reg="give"
                     ecep:spe="give"
                     ecep:syllab="1"
                     ecep:pron="gɪv">give</w>
                  <c> </c>
                  <w xmlns:ecep="http://www.eighteenthcenturypoetry.org/ns"
                     xml:id="o5454-071690"
                     n="46-a-0550"
                     ecep:lem="i"
                     ecep:pos="pno11"
                     ecep:reg="me"
                     ecep:spe="me"
                     ecep:syllab="1"
                     ecep:pron="miː">me</w>
                  <c> </c>
                  <w xmlns:ecep="http://www.eighteenthcenturypoetry.org/ns"
                     xml:id="o5454-071700"
                     n="46-a-0560"
                     ecep:lem="pardon"
                     ecep:pos="vvb"
                     ecep:reg="Pardon"
                     ecep:spe="Pardon"
                     ecep:syllab="2"
                     ecep:pron="ˈpɑːdn">Pardon</w>
                  <c> </c>
                  <w xmlns:ecep="http://www.eighteenthcenturypoetry.org/ns"
                     xml:id="o5454-071710"
                     n="46-a-0570"
                     ecep:lem="for"
                     ecep:pos="p-acp"
                     ecep:reg="for"
                     ecep:spe="for"
                     ecep:syllab="1"
                     ecep:pron="fɔː">for</w>
                  <c> </c>
                  <w xmlns:ecep="http://www.eighteenthcenturypoetry.org/ns"
                     xml:id="o5454-071720"
                     n="46-a-0580"
                     ecep:lem="the"
                     ecep:pos="dt"
                     ecep:reg="the"
                     ecep:spe="the"
                     ecep:syllab="1"
                     ecep:pron="ðiː">the</w>
                  <c> </c>
                  <w xmlns:ecep="http://www.eighteenthcenturypoetry.org/ns"
                     xml:id="o5454-071730"
                     n="46-a-0590"
                     ecep:lem="past"
                     ecep:pos="n1"
                     ecep:reg="past"
                     ecep:spe="past"
                     ecep:syllab="1"
                     ecep:pron="pɑːst">past</w>
                  <pc xmlns:ecep="http://www.eighteenthcenturypoetry.org/ns"
                      xml:id="o5454-071740"
                      n="46-a-0600"
                      ecep:lem=";"
                      ecep:pos=";"
                      ecep:reg=";"
                      ecep:spe=";">;</pc>
               </l>
               <l xml:id="o5454-l02920">
                  <c> </c>
                  <w xmlns:ecep="http://www.eighteenthcenturypoetry.org/ns"
                     xml:id="o5454-071750"
                     n="46-a-0610"
                     ecep:lem="and"
                     ecep:pos="cc"
                     ecep:reg="And"
                     ecep:spe="And"
                     ecep:syllab="1"
                     ecep:pron="ænd">And</w>
                  <c> </c>
                  <w xmlns:ecep="http://www.eighteenthcenturypoetry.org/ns"
                     xml:id="o5454-071760"
                     n="46-a-0620"
                     ecep:lem="strength"
                     ecep:pos="n1"
                     ecep:reg="Strength"
                     ecep:spe="Strength"
                     ecep:syllab="1"
                     ecep:pron="streŋθ">Strength</w>
                  <c> </c>
                  <w xmlns:ecep="http://www.eighteenthcenturypoetry.org/ns"
                     xml:id="o5454-071770"
                     n="46-a-0630"
                     ecep:lem="for"
                     ecep:pos="p-acp"
                     ecep:reg="for"
                     ecep:spe="for"
                     ecep:syllab="1"
                     ecep:pron="fɔː">for</w>
                  <c> </c>
                  <w xmlns:ecep="http://www.eighteenthcenturypoetry.org/ns"
                     xml:id="o5454-071780"
                     n="46-a-0640"
                     ecep:lem="day"
                     ecep:pos="n2"
                     ecep:reg="Days"
                     ecep:spe="Days"
                     ecep:syllab="1"
                     ecep:pron="deɪz">Days</w>
                  <c> </c>
                  <w xmlns:ecep="http://www.eighteenthcenturypoetry.org/ns"
                     xml:id="o5454-071790"
                     n="46-a-0650"
                     ecep:lem="to"
                     ecep:pos="pc-acp"
                     ecep:reg="to"
                     ecep:spe="to"
                     ecep:syllab="1"
                     ecep:pron="tuː">to</w>
                  <c> </c>
                  <w xmlns:ecep="http://www.eighteenthcenturypoetry.org/ns"
                     xml:id="o5454-071800"
                     n="46-a-0660"
                     ecep:lem="come"
                     ecep:pos="vvi"
                     ecep:reg="come"
                     ecep:spe="come"
                     ecep:syllab="1"
                     ecep:pron="kʌm">come</w>
                  <pc xmlns:ecep="http://www.eighteenthcenturypoetry.org/ns"
                      xml:id="o5454-071810"
                      n="46-a-0670"
                      unit="sentence"
                      ecep:lem="."
                      ecep:pos="."
                      ecep:reg="."
                      ecep:spe=".">.</pc>
                  <c> </c>
               </l>
            </lg>
            <lg n="3" xml:id="o5454-s00805">
               <head>
                  <w xmlns:ecep="http://www.eighteenthcenturypoetry.org/ns"
                     xml:id="o5454-071850"
                     n="46-a-0680"
                     ecep:lem="iii"
                     ecep:pos="crd"
                     ecep:reg="III"
                     ecep:spe="III"
                     ecep:syllab="1"
                     ecep:pron="rˌəʊmənθrˈiː">III</w>
                  <pc xmlns:ecep="http://www.eighteenthcenturypoetry.org/ns"
                      xml:id="o5454-071860"
                      n="46-a-0690"
                      unit="sentence"
                      ecep:lem="."
                      ecep:pos="."
                      ecep:reg="."
                      ecep:spe=".">.</pc>
               </head>
               <l xml:id="o5454-l02925">
                  <w xmlns:ecep="http://www.eighteenthcenturypoetry.org/ns"
                     xml:id="o5454-071880"
                     n="46-a-0700"
                     ecep:lem="i"
                     ecep:pos="pns11"
                     ecep:reg="I"
                     ecep:spe="I"
                     ecep:syllab="1"
                     ecep:pron="aɪ">I</w>
                  <c> </c>
                  <w xmlns:ecep="http://www.eighteenthcenturypoetry.org/ns"
                     xml:id="o5454-071890"
                     n="46-a-0710"
                     ecep:lem="lay"
                     ecep:pos="vvb"
                     ecep:reg="lay"
                     ecep:spe="lay"
                     ecep:syllab="1"
                     ecep:pron="leɪ">lay</w>
                  <c> </c>
                  <w xmlns:ecep="http://www.eighteenthcenturypoetry.org/ns"
                     xml:id="o5454-071900"
                     n="46-a-0720"
                     ecep:lem="my"
                     ecep:pos="po11"
                     ecep:reg="my"
                     ecep:spe="my"
                     ecep:syllab="1"
                     ecep:pron="maɪ">my</w>
                  <c> </c>
                  <w xmlns:ecep="http://www.eighteenthcenturypoetry.org/ns"
                     xml:id="o5454-071910"
                     n="46-a-0730"
                     ecep:lem="body"
                     ecep:pos="n1"
                     ecep:reg="Body"
                     ecep:spe="Body"
                     ecep:syllab="2"
                     ecep:pron="ˈbɒdi">Body</w>
                  <c> </c>
                  <w xmlns:ecep="http://www.eighteenthcenturypoetry.org/ns"
                     xml:id="o5454-071920"
                     n="46-a-0740"
                     ecep:lem="down"
                     ecep:pos="a-acp"
                     ecep:reg="down"
                     ecep:spe="down"
                     ecep:syllab="1"
                     ecep:pron="daʊn">down</w>
                  <c> </c>
                  <w xmlns:ecep="http://www.eighteenthcenturypoetry.org/ns"
                     xml:id="o5454-071930"
                     n="46-a-0750"
                     ecep:lem="to"
                     ecep:pos="p-acp"
                     ecep:reg="to"
                     ecep:spe="to"
                     ecep:syllab="1"
                     ecep:pron="tuː">to</w>
                  <c> </c>
                  <w xmlns:ecep="http://www.eighteenthcenturypoetry.org/ns"
                     xml:id="o5454-071940"
                     n="46-a-0760"
                     ecep:lem="sleep"
                     ecep:pos="n1"
                     ecep:reg="Sleep"
                     ecep:spe="Sleep"
                     ecep:syllab="1"
                     ecep:pron="sliːp">Sleep</w>
                  <pc xmlns:ecep="http://www.eighteenthcenturypoetry.org/ns"
                      xml:id="o5454-071950"
                      n="46-a-0770"
                      ecep:lem=";"
                      ecep:pos=";"
                      ecep:reg=";"
                      ecep:spe=";">;</pc>
               </l>
               <l xml:id="o5454-l02930">
                  <c> </c>
                  <w xmlns:ecep="http://www.eighteenthcenturypoetry.org/ns"
                     xml:id="o5454-071960"
                     n="46-a-0780"
                     ecep:lem="let"
                     ecep:pos="vvb"
                     ecep:reg="Let"
                     ecep:spe="Let"
                     ecep:syllab="1"
                     ecep:pron="let">Let</w>
                  <c> </c>
                  <w xmlns:ecep="http://www.eighteenthcenturypoetry.org/ns"
                     xml:id="o5454-071970"
                     n="46-a-0790"
                     ecep:lem="angel"
                     ecep:pos="n2"
                     ecep:reg="Angels"
                     ecep:spe="Angels"
                     ecep:syllab="2"
                     ecep:pron="ˈeɪndʒlz">Angels</w>
                  <c> </c>
                  <w xmlns:ecep="http://www.eighteenthcenturypoetry.org/ns"
                     xml:id="o5454-071980"
                     n="46-a-0800"
                     ecep:lem="guard"
                     ecep:pos="vvi"
                     ecep:reg="guard"
                     ecep:spe="guard"
                     ecep:syllab="1"
                     ecep:pron="gɑːd">guard</w>
                  <c> </c>
                  <w xmlns:ecep="http://www.eighteenthcenturypoetry.org/ns"
                     xml:id="o5454-071990"
                     n="46-a-0810"
                     ecep:lem="my"
                     ecep:pos="po11"
                     ecep:reg="my"
                     ecep:spe="my"
                     ecep:syllab="1"
                     ecep:pron="maɪ">my</w>
                  <c> </c>
                  <w xmlns:ecep="http://www.eighteenthcenturypoetry.org/ns"
                     xml:id="o5454-072000"
                     n="46-a-0820"
                     ecep:lem="head"
                     ecep:pos="n1"
                     ecep:reg="Head"
                     ecep:spe="Head"
                     ecep:syllab="1"
                     ecep:pron="hed">Head</w>
                  <pc xmlns:ecep="http://www.eighteenthcenturypoetry.org/ns"
                      xml:id="o5454-072010"
                      n="46-a-0830"
                      ecep:lem=","
                      ecep:pos=","
                      ecep:reg=","
                      ecep:spe=",">,</pc>
               </l>
               <l xml:id="o5454-l02935">
                  <c> </c>
                  <w xmlns:ecep="http://www.eighteenthcenturypoetry.org/ns"
                     xml:id="o5454-072020"
                     n="46-a-0840"
                     ecep:lem="and"
                     ecep:pos="cc"
                     ecep:reg="And"
                     ecep:spe="And"
                     ecep:syllab="1"
                     ecep:pron="ænd">And</w>
                  <c> </c>
                  <w xmlns:ecep="http://www.eighteenthcenturypoetry.org/ns"
                     xml:id="o5454-072030"
                     n="46-a-0850"
                     ecep:lem="through"
                     ecep:pos="p-acp"
                     ecep:reg="through"
                     ecep:spe="thro'"
                     ecep:syllab="1"
                     ecep:pron="θruː">thro'</w>
                  <c> </c>
                  <w xmlns:ecep="http://www.eighteenthcenturypoetry.org/ns"
                     xml:id="o5454-072040"
                     n="46-a-0860"
                     ecep:lem="the"
                     ecep:pos="dt"
                     ecep:reg="the"
                     ecep:spe="the"
                     ecep:syllab="1"
                     ecep:pron="ðiː">the</w>
                  <c> </c>
                  <w xmlns:ecep="http://www.eighteenthcenturypoetry.org/ns"
                     xml:id="o5454-072050"
                     n="46-a-0870"
                     ecep:lem="hour"
                     ecep:pos="n2"
                     ecep:reg="Hours"
                     ecep:spe="Hours"
                     ecep:syllab="1"
                     ecep:pron="æəz">Hours</w>
                  <c> </c>
                  <w xmlns:ecep="http://www.eighteenthcenturypoetry.org/ns"
                     xml:id="o5454-072060"
                     n="46-a-0880"
                     ecep:lem="of"
                     ecep:pos="pp-f"
                     ecep:reg="of"
                     ecep:spe="of"
                     ecep:syllab="1"
                     ecep:pron="ɒv">of</w>
                  <c> </c>
                  <w xmlns:ecep="http://www.eighteenthcenturypoetry.org/ns"
                     xml:id="o5454-072070"
                     n="46-a-0890"
                     ecep:lem="darkness"
                     ecep:pos="n1"
                     ecep:reg="Darkness"
                     ecep:spe="Darkness"
                     ecep:syllab="2"
                     ecep:pron="dɑːknəs">Darkness</w>
                  <c> </c>
                  <w xmlns:ecep="http://www.eighteenthcenturypoetry.org/ns"
                     xml:id="o5454-072080"
                     n="46-a-0900"
                     ecep:lem="keep"
                     ecep:pos="vvi"
                     ecep:reg="keep"
                     ecep:spe="keep"
                     ecep:syllab="1"
                     ecep:pron="kiːp">keep</w>
               </l>
               <l xml:id="o5454-l02940">
                  <c> </c>
                  <w xmlns:ecep="http://www.eighteenthcenturypoetry.org/ns"
                     xml:id="o5454-072090"
                     n="46-a-0910"
                     ecep:lem="their"
                     ecep:pos="po32"
                     ecep:reg="Their"
                     ecep:spe="Their"
                     ecep:syllab="1"
                     ecep:pron="ðeə">Their</w>
                  <c> </c>
                  <w xmlns:ecep="http://www.eighteenthcenturypoetry.org/ns"
                     xml:id="o5454-072100"
                     n="46-a-0920"
                     ecep:lem="watch"
                     ecep:pos="vvb"
                     ecep:reg="Watch"
                     ecep:spe="Watch"
                     ecep:syllab="1"
                     ecep:pron="wɒtʃ">Watch</w>
                  <c> </c>
                  <w xmlns:ecep="http://www.eighteenthcenturypoetry.org/ns"
                     xml:id="o5454-072110"
                     n="46-a-0930"
                     ecep:lem="around"
                     ecep:pos="p-acp"
                     ecep:reg="around"
                     ecep:spe="around"
                     ecep:syllab="2"
                     ecep:pron="əˈraʊnd">around</w>
                  <c> </c>
                  <w xmlns:ecep="http://www.eighteenthcenturypoetry.org/ns"
                     xml:id="o5454-072120"
                     n="46-a-0940"
                     ecep:lem="my"
                     ecep:pos="po11"
                     ecep:reg="my"
                     ecep:spe="my"
                     ecep:syllab="1"
                     ecep:pron="maɪ">my</w>
                  <c> </c>
                  <w xmlns:ecep="http://www.eighteenthcenturypoetry.org/ns"
                     xml:id="o5454-072130"
                     n="46-a-0950"
                     ecep:lem="bed"
                     ecep:pos="n1"
                     ecep:reg="Bed"
                     ecep:spe="Bed"
                     ecep:syllab="1"
                     ecep:pron="bed">Bed</w>
                  <pc xmlns:ecep="http://www.eighteenthcenturypoetry.org/ns"
                      xml:id="o5454-072140"
                      n="46-a-0960"
                      unit="sentence"
                      ecep:lem="."
                      ecep:pos="."
                      ecep:reg="."
                      ecep:spe=".">.</pc>
                  <c> </c>
               </l>
            </lg>
            <lg n="4" xml:id="o5454-s00810">
               <head>
                  <w xmlns:ecep="http://www.eighteenthcenturypoetry.org/ns"
                     xml:id="o5454-072180"
                     n="46-a-0970"
                     ecep:lem="iv"
                     ecep:pos="crd"
                     ecep:reg="IV"
                     ecep:spe="IV"
                     ecep:syllab="1"
                     ecep:pron="rˌəʊmənfˈɔː">IV</w>
                  <pc xmlns:ecep="http://www.eighteenthcenturypoetry.org/ns"
                      xml:id="o5454-072190"
                      n="46-a-0980"
                      unit="sentence"
                      ecep:lem="."
                      ecep:pos="."
                      ecep:reg="."
                      ecep:spe=".">.</pc>
               </head>
               <l xml:id="o5454-l02945">
                  <w xmlns:ecep="http://www.eighteenthcenturypoetry.org/ns"
                     xml:id="o5454-072210"
                     n="46-a-0990"
                     ecep:lem="with"
                     ecep:pos="p-acp"
                     ecep:reg="With"
                     ecep:spe="With"
                     ecep:syllab="1"
                     ecep:pron="wɪð">With</w>
                  <c> </c>
                  <w xmlns:ecep="http://www.eighteenthcenturypoetry.org/ns"
                     xml:id="o5454-072220"
                     n="46-a-1000"
                     ecep:lem="cheerful"
                     ecep:pos="j"
                     ecep:reg="cheerful"
                     ecep:spe="cheerful"
                     ecep:syllab="2"
                     ecep:pron="ˈtʃɪəfl">cheerful</w>
                  <c> </c>
                  <w xmlns:ecep="http://www.eighteenthcenturypoetry.org/ns"
                     xml:id="o5454-072230"
                     n="46-a-1010"
                     ecep:lem="heart"
                     ecep:pos="n1"
                     ecep:reg="Heart"
                     ecep:spe="Heart"
                     ecep:syllab="1"
                     ecep:pron="hɑːt">Heart</w>
                  <c> </c>
                  <w xmlns:ecep="http://www.eighteenthcenturypoetry.org/ns"
                     xml:id="o5454-072240"
                     n="46-a-1020"
                     ecep:lem="i"
                     ecep:pos="pns11"
                     ecep:reg="I"
                     ecep:spe="I"
                     ecep:syllab="1"
                     ecep:pron="aɪ">I</w>
                  <c> </c>
                  <w xmlns:ecep="http://www.eighteenthcenturypoetry.org/ns"
                     xml:id="o5454-072250"
                     n="46-a-1030"
                     ecep:lem="close"
                     ecep:pos="vvb"
                     ecep:reg="close"
                     ecep:spe="close"
                     ecep:syllab="1"
                     ecep:pron="kləʊz">close</w>
                  <c> </c>
                  <w xmlns:ecep="http://www.eighteenthcenturypoetry.org/ns"
                     xml:id="o5454-072260"
                     n="46-a-1040"
                     ecep:lem="my"
                     ecep:pos="po11"
                     ecep:reg="my"
                     ecep:spe="my"
                     ecep:syllab="1"
                     ecep:pron="maɪ">my</w>
                  <c> </c>
                  <w xmlns:ecep="http://www.eighteenthcenturypoetry.org/ns"
                     xml:id="o5454-072270"
                     n="46-a-1050"
                     ecep:lem="eye"
                     ecep:pos="n2"
                     ecep:reg="Eyes"
                     ecep:spe="Eyes"
                     ecep:syllab="1"
                     ecep:pron="aɪz">Eyes</w>
                  <pc xmlns:ecep="http://www.eighteenthcenturypoetry.org/ns"
                      xml:id="o5454-072280"
                      n="46-a-1060"
                      ecep:lem=","
                      ecep:pos=","
                      ecep:reg=","
                      ecep:spe=",">,</pc>
               </l>
               <l xml:id="o5454-l02950">
                  <c> </c>
                  <w xmlns:ecep="http://www.eighteenthcenturypoetry.org/ns"
                     xml:id="o5454-072290"
                     n="46-a-1070"
                     ecep:lem="since"
                     ecep:pos="c-acp"
                     ecep:reg="Since"
                     ecep:spe="Since"
                     ecep:syllab="1"
                     ecep:pron="sɪns">Since</w>
                  <c> </c>
                  <w xmlns:ecep="http://www.eighteenthcenturypoetry.org/ns"
                     xml:id="o5454-072300"
                     n="46-a-1080"
                     ecep:lem="thou"
                     ecep:pos="pns21"
                     ecep:reg="thou"
                     ecep:spe="thou"
                     ecep:syllab="1"
                     ecep:pron="θaʊ">thou</w>
                  <c> </c>
                  <w xmlns:ecep="http://www.eighteenthcenturypoetry.org/ns"
                     xml:id="o5454-072310"
                     n="46-a-1090"
                     ecep:lem="will"
                     ecep:pos="vm2"
                     ecep:reg="wilt"
                     ecep:spe="wilt"
                     ecep:syllab="1"
                     ecep:pron="wɪlt">wilt</w>
                  <c> </c>
                  <w xmlns:ecep="http://www.eighteenthcenturypoetry.org/ns"
                     xml:id="o5454-072320"
                     n="46-a-1100"
                     ecep:lem="not"
                     ecep:pos="xx"
                     ecep:reg="not"
                     ecep:spe="not"
                     ecep:syllab="1"
                     ecep:pron="nɒt">not</w>
                  <c> </c>
                  <w xmlns:ecep="http://www.eighteenthcenturypoetry.org/ns"
                     xml:id="o5454-072330"
                     n="46-a-1110"
                     ecep:lem="remove"
                     ecep:pos="vvi"
                     ecep:reg="remove"
                     ecep:spe="remove"
                     ecep:syllab="2"
                     ecep:pron="rɪˈmuːv">remove</w>
                  <pc xmlns:ecep="http://www.eighteenthcenturypoetry.org/ns"
                      xml:id="o5454-072340"
                      n="46-a-1120"
                      ecep:lem=";"
                      ecep:pos=";"
                      ecep:reg=";"
                      ecep:spe=";">;</pc>
               </l>
               <l xml:id="o5454-l02955">
                  <c> </c>
                  <w xmlns:ecep="http://www.eighteenthcenturypoetry.org/ns"
                     xml:id="o5454-072350"
                     n="46-a-1130"
                     ecep:lem="and"
                     ecep:pos="cc"
                     ecep:reg="And"
                     ecep:spe="And"
                     ecep:syllab="1"
                     ecep:pron="ænd">And</w>
                  <c> </c>
                  <w xmlns:ecep="http://www.eighteenthcenturypoetry.org/ns"
                     xml:id="o5454-072360"
                     n="46-a-1140"
                     ecep:lem="in"
                     ecep:pos="p-acp"
                     ecep:reg="in"
                     ecep:spe="in"
                     ecep:syllab="1"
                     ecep:pron="ɪn">in</w>
                  <c> </c>
                  <w xmlns:ecep="http://www.eighteenthcenturypoetry.org/ns"
                     xml:id="o5454-072370"
                     n="46-a-1150"
                     ecep:lem="the"
                     ecep:pos="dt"
                     ecep:reg="the"
                     ecep:spe="the"
                     ecep:syllab="1"
                     ecep:pron="ðiː">the</w>
                  <c> </c>
                  <w xmlns:ecep="http://www.eighteenthcenturypoetry.org/ns"
                     xml:id="o5454-072380"
                     n="46-a-1160"
                     ecep:lem="morning"
                     ecep:pos="n1"
                     ecep:reg="Morning"
                     ecep:spe="Morning"
                     ecep:syllab="2"
                     ecep:pron="ˈmɔːnɪŋ">Morning</w>
                  <c> </c>
                  <w xmlns:ecep="http://www.eighteenthcenturypoetry.org/ns"
                     xml:id="o5454-072390"
                     n="46-a-1170"
                     ecep:lem="let"
                     ecep:pos="vvb"
                     ecep:reg="let"
                     ecep:spe="let"
                     ecep:syllab="1"
                     ecep:pron="let">let</w>
                  <c> </c>
                  <w xmlns:ecep="http://www.eighteenthcenturypoetry.org/ns"
                     xml:id="o5454-072400"
                     n="46-a-1180"
                     ecep:lem="i"
                     ecep:pos="pno11"
                     ecep:reg="me"
                     ecep:spe="me"
                     ecep:syllab="1"
                     ecep:pron="miː">me</w>
                  <c> </c>
                  <w xmlns:ecep="http://www.eighteenthcenturypoetry.org/ns"
                     xml:id="o5454-072410"
                     n="46-a-1190"
                     ecep:lem="rise"
                     ecep:pos="vvb"
                     ecep:reg="rise"
                     ecep:spe="rise"
                     ecep:syllab="1"
                     ecep:pron="raɪz">rise</w>
               </l>
               <l xml:id="o5454-l02960">
                  <c> </c>
                  <w xmlns:ecep="http://www.eighteenthcenturypoetry.org/ns"
                     xml:id="o5454-072420"
                     n="46-a-1200"
                     ecep:lem="rejoice"
                     ecep:pos="vvg"
                     ecep:reg="Rejoicing"
                     ecep:spe="Rejoicing"
                     ecep:syllab="3"
                     ecep:pron="rɪˈdʒɔɪsɪŋ">Rejoicing</w>
                  <c> </c>
                  <w xmlns:ecep="http://www.eighteenthcenturypoetry.org/ns"
                     xml:id="o5454-072430"
                     n="46-a-1210"
                     ecep:lem="in"
                     ecep:pos="p-acp"
                     ecep:reg="in"
                     ecep:spe="in"
                     ecep:syllab="1"
                     ecep:pron="ɪn">in</w>
                  <c> </c>
                  <w xmlns:ecep="http://www.eighteenthcenturypoetry.org/ns"
                     xml:id="o5454-072440"
                     n="46-a-1220"
                     ecep:lem="thy"
                     ecep:pos="po21"
                     ecep:reg="thy"
                     ecep:spe="thy"
                     ecep:syllab="1"
                     ecep:pron="ðaɪ">thy</w>
                  <c> </c>
                  <w xmlns:ecep="http://www.eighteenthcenturypoetry.org/ns"
                     xml:id="o5454-072450"
                     n="46-a-1230"
                     ecep:lem="love"
                     ecep:pos="n1"
                     ecep:reg="Love"
                     ecep:spe="Love"
                     ecep:syllab="1"
                     ecep:pron="lʌv">Love</w>
                  <pc xmlns:ecep="http://www.eighteenthcenturypoetry.org/ns"
                      xml:id="o5454-072460"
                      n="46-a-1240"
                      unit="sentence"
                      ecep:lem="."
                      ecep:pos="."
                      ecep:reg="."
                      ecep:spe=".">.</pc>
                  <c> </c>
               </l>
            </lg>
         </div>
      </body>
   </text>
</TEI>
