<?xml version="1.0" encoding="utf-8"?>
<!DOCTYPE div
  SYSTEM "about:legacy-compat">
<div xmlns:ecep="http://www.eighteenthcenturypoetry.org/ns"
     xmlns="http://www.tei-c.org/ns/1.0"
     xmlns:tei="http://www.tei-c.org/ns/1.0"
     ana="#iamb #tetrameter #trimeter #cross #octet #song"
     corresp="#txt_BlamSu1747_w0071"
     decls="#semi-normalized"
     ecep:syllab="8.6.8.6.8.6.8.6"
     met="-+|-+|-+|-+/ -+|-+|-+/ -+|-+|-+|-+/  -+|-+|-+/ -+|-+|-+|-+/ -+|-+|-+/ -+|-+|-+|-+/  -+|-+|-+/"
     rendition="#lgvspace"
     rhyme="ababcdcd"
     subtype="eceptext"
     type="poem"
     xml:id="bsb18-w0710">
   <link target="authors.xml#aut_BlamSu1747" type="author"/>
   <head type="main">
      <w xml:id="bsb18-670820"
         n="a-0700"
         ecep:lem="o"
         ecep:pos="uh"
         ecep:reg="OH"
         ecep:spe="O"
         ecep:syllab="1"
         ecep:pron="əʊ">O</w>
      <c> </c>
      <w xml:id="bsb18-670830"
         n="a-0710"
         ecep:lem="Jenny"
         ecep:pos="np1"
         ecep:reg="JENNY"
         ecep:spe="JENNY"
         ecep:syllab="2"
         ecep:pron="ˈdʒeni">JENNY</w>
      <c> </c>
      <w xml:id="bsb18-670840"
         n="a-0720"
         ecep:lem="dear"
         ecep:pos="j-jn"
         ecep:reg="DEAR"
         ecep:spe="DEAR"
         ecep:syllab="1"
         ecep:pron="dɪə">DEAR</w>
      <pc xml:id="bsb18-670850"
          n="a-0730"
          unit="sentence"
          ecep:lem="."
          ecep:pos="."
          ecep:reg="."
          ecep:spe=".">.</pc>
   </head>
   <stage>
      <w xml:id="bsb18-670880"
         n="a-0740"
         ecep:lem="air"
         ecep:pos="n1"
         ecep:reg="Air"
         ecep:spe="Air"
         ecep:syllab="1"
         ecep:pron="eə">Air</w>
      <c> </c>
      <pc xml:id="bsb18-670890"
          n="a-0750"
          ecep:lem="—"
          ecep:pos="—"
          ecep:reg="—"
          ecep:spe="—">—</pc>
      <c> </c>
      <w xml:id="bsb18-670900"
         n="a-0760"
         ecep:lem="the"
         ecep:pos="dt"
         ecep:reg="The"
         ecep:spe="The"
         ecep:syllab="1"
         ecep:pron="ðiː">The</w>
      <c> </c>
      <w xml:id="bsb18-670910"
         n="a-0770"
         ecep:lem="Mason"
         ecep:pos="np1"
         ecep:reg="Mason"
         ecep:spe="Mason"
         ecep:syllab="2"
         ecep:pron="ˈmeɪsn">Mason</w>
      <c> </c>
      <w xml:id="bsb18-670920"
         n="a-0780"
         ecep:lem="laddie"
         ecep:pos="n1"
         ecep:reg="Laddie"
         ecep:spe="Laddie"
         ecep:syllab="2"
         ecep:pron="ˈlædi">Laddie</w>
      <pc xml:id="bsb18-670930"
          n="a-0790"
          unit="sentence"
          ecep:lem="."
          ecep:pos="."
          ecep:reg="."
          ecep:spe=".">.</pc>
   </stage>
   <lg xml:id="bsb18-s01905">
      <l xml:id="bsb18-l30120">
         <w xml:id="bsb18-670960"
            n="a-0800"
            ecep:lem="o"
            ecep:pos="uh"
            ecep:reg="OH"
            ecep:spe="O"
            ecep:syllab="1"
            ecep:pron="əʊ">O</w>
         <c> </c>
         <w xml:id="bsb18-670970"
            n="a-0810"
            ecep:lem="Jenny"
            ecep:pos="np1"
            ecep:reg="JENNY"
            ecep:spe="JENNY"
            ecep:syllab="2"
            ecep:pron="ˈdʒeni">JENNY</w>
         <c> </c>
         <w xml:id="bsb18-670980"
            n="a-0820"
            ecep:lem="dear"
            ecep:pos="j-jn"
            ecep:reg="dear"
            ecep:spe="dear"
            ecep:syllab="1"
            ecep:pron="dɪə">dear</w>
         <pc xml:id="bsb18-670990"
             n="a-0830"
             ecep:lem=","
             ecep:pos=","
             ecep:reg=","
             ecep:spe=",">,</pc>
         <c> </c>
         <w xml:id="bsb18-671000"
            n="a-0840"
            ecep:lem="lie"
            ecep:pos="vvd"
            ecep:reg="lay"
            ecep:spe="lay"
            ecep:syllab="1"
            ecep:pron="leɪ">lay</w>
         <c> </c>
         <w xml:id="bsb18-671010"
            n="a-0850"
            ecep:lem="by"
            ecep:pos="p-acp"
            ecep:reg="by"
            ecep:spe="by"
            ecep:syllab="1"
            ecep:pron="baɪ">by</w>
         <c> </c>
         <w xml:id="bsb18-671020"
            n="a-0860"
            ecep:lem="your"
            ecep:pos="po22"
            ecep:reg="your"
            ecep:spe="your"
            ecep:syllab="1"
            ecep:pron="jɔː">your</w>
         <c> </c>
         <w xml:id="bsb18-671030"
            n="a-0870"
            ecep:lem="pride"
            ecep:pos="n1"
            ecep:reg="pride"
            ecep:spe="pride"
            ecep:syllab="1"
            ecep:pron="praɪd">pride</w>
         <pc xml:id="bsb18-671040"
             n="a-0880"
             ecep:lem=","
             ecep:pos=","
             ecep:reg=","
             ecep:spe=",">,</pc>
      </l>
      <l rendition="#h_3" xml:id="bsb18-l30125">
         <c> </c>
         <w xml:id="bsb18-671050"
            n="a-0890"
            ecep:lem="or"
            ecep:pos="cc"
            ecep:reg="Or"
            ecep:spe="Or"
            ecep:syllab="1"
            ecep:pron="ɔː">Or</w>
         <c> </c>
         <w xml:id="bsb18-671060"
            n="a-0900"
            ecep:lem="else"
            ecep:pos="av"
            ecep:reg="else"
            ecep:spe="else"
            ecep:syllab="1"
            ecep:pron="els">else</w>
         <c> </c>
         <w xml:id="bsb18-671070"
            n="a-0910"
            ecep:lem="i"
            ecep:pos="pns11"
            ecep:reg="I"
            ecep:spe="I"
            ecep:syllab="1"
            ecep:pron="aɪ">I</w>
         <c> </c>
         <w xml:id="bsb18-671080"
            n="a-0920"
            ecep:lem="plain"
            ecep:pos="av-j"
            ecep:reg="plainly"
            ecep:spe="plainly"
            ecep:syllab="2"
            ecep:pron="pleɪnli">plainly</w>
         <c> </c>
         <w xml:id="bsb18-671090"
            n="a-0930"
            ecep:lem="see"
            ecep:pos="vvb"
            ecep:reg="see"
            ecep:spe="see"
            ecep:syllab="1"
            ecep:pron="siː">see</w>
      </l>
      <l xml:id="bsb18-l30130">
         <c> </c>
         <w xml:id="bsb18-671100"
            n="a-0940"
            ecep:lem="your"
            ecep:pos="po22"
            ecep:reg="Your"
            ecep:spe="Your"
            ecep:syllab="1"
            ecep:pron="jɔː">Your</w>
         <c> </c>
         <w xml:id="bsb18-671110"
            n="a-0950"
            ecep:lem="wrinkle"
            ecep:pos="n2"
            ecep:reg="wrinkles"
            ecep:spe="wrinkles"
            ecep:syllab="2"
            ecep:pron="ˈrɪŋklz">wrinkles</w>
         <c> </c>
         <w xml:id="bsb18-671120"
            n="a-0960"
            ecep:lem="you|will"
            ecep:pos="pn22|vmb"
            ecep:reg="you'll"
            ecep:spe="ye'll"
            ecep:syllab="1"
            ecep:pron="jˈiːəl">ye'll</w>
         <c> </c>
         <w xml:id="bsb18-671130"
            n="a-0970"
            ecep:lem="be"
            ecep:pos="vbi"
            ecep:reg="be"
            ecep:spe="be"
            ecep:syllab="1"
            ecep:pron="biː">be</w>
         <c> </c>
         <w xml:id="bsb18-671140"
            n="a-0980"
            ecep:lem="fain"
            ecep:pos="av"
            ecep:reg="fain"
            ecep:spe="fain"
            ecep:syllab="1"
            ecep:pron="feɪn">fain</w>
         <c> </c>
         <w xml:id="bsb18-671150"
            n="a-0990"
            ecep:lem="to"
            ecep:pos="pc-acp"
            ecep:reg="to"
            ecep:spe="to"
            ecep:syllab="1"
            ecep:pron="tuː">to</w>
         <c> </c>
         <w xml:id="bsb18-671160"
            n="a-1000"
            ecep:lem="hide"
            ecep:pos="vvi"
            ecep:reg="hide"
            ecep:spe="hide"
            ecep:syllab="1"
            ecep:pron="haɪd">hide</w>
         <pc xml:id="bsb18-671170"
             n="a-1010"
             ecep:lem=","
             ecep:pos=","
             ecep:reg=","
             ecep:spe=",">,</pc>
      </l>
      <l rendition="#h_3" xml:id="bsb18-l30135">
         <c> </c>
         <w xml:id="bsb18-671180"
            n="a-1020"
            ecep:lem="maybe"
            ecep:pos="j"
            ecep:reg="Maybe"
            ecep:spe="May-be"
            ecep:syllab="2"
            ecep:pron="meɪˌbiː">May-be</w>
         <c> </c>
         <w xml:id="bsb18-671190"
            n="a-1030"
            ecep:lem="at"
            ecep:pos="p-acp"
            ecep:reg="at"
            ecep:spe="at"
            ecep:syllab="1"
            ecep:pron="æt">at</w>
         <c> </c>
         <w xml:id="bsb18-671200"
            n="a-1040"
            ecep:lem="sixty-three"
            ecep:pos="j"
            ecep:reg="sixty-three"
            ecep:spe="sixty-three"
            ecep:syllab="3"
            ecep:pron="ˌsɪkstiˈθriː">sixty-three</w>
         <pc xml:id="bsb18-671210"
             n="a-1050"
             unit="sentence"
             ecep:lem="."
             ecep:pos="."
             ecep:reg="."
             ecep:spe=".">.</pc>
         <c> </c>
      </l>
      <l xml:id="bsb18-l30140">
         <w xml:id="bsb18-671220"
            n="a-1060"
            ecep:lem="but"
            ecep:pos="p-acp"
            ecep:reg="But"
            ecep:spe="But"
            ecep:syllab="1"
            ecep:pron="bʌt">But</w>
         <pc xml:id="bsb18-671230"
             n="a-1070"
             ecep:lem=","
             ecep:pos=","
             ecep:reg=","
             ecep:spe=",">,</pc>
         <c> </c>
         <w xml:id="bsb18-671240"
            n="a-1080"
            ecep:lem="take"
            ecep:pos="vvb"
            ecep:reg="take"
            ecep:spe="take"
            ecep:syllab="1"
            ecep:pron="teɪk">take</w>
         <c> </c>
         <w xml:id="bsb18-671250"
            n="a-1090"
            ecep:lem="my"
            ecep:pos="po11"
            ecep:reg="my"
            ecep:spe="my"
            ecep:syllab="1"
            ecep:pron="maɪ">my</w>
         <c> </c>
         <w xml:id="bsb18-671260"
            n="a-1100"
            ecep:lem="word"
            ecep:pos="n1"
            ecep:reg="word"
            ecep:spe="word"
            ecep:syllab="1"
            ecep:pron="wɜːd">word</w>
         <pc xml:id="bsb18-671270"
             n="a-1110"
             ecep:lem=","
             ecep:pos=","
             ecep:reg=","
             ecep:spe=",">,</pc>
         <c> </c>
         <w xml:id="bsb18-671280"
            n="a-1120"
            ecep:lem="it|be"
            ecep:pos="pn31|vbz"
            ecep:reg="it's"
            ecep:spe="'tis"
            ecep:syllab="1"
            ecep:pron="tɪz">'tis</w>
         <c> </c>
         <w xml:id="bsb18-671290"
            n="a-1130"
            ecep:lem="then"
            ecep:pos="av"
            ecep:reg="then"
            ecep:spe="then"
            ecep:syllab="1"
            ecep:pron="ðen">then</w>
         <c> </c>
         <w xml:id="bsb18-671300"
            n="a-1140"
            ecep:lem="over"
            ecep:pos="p-acp"
            ecep:reg="over"
            ecep:spe="o'er"
            ecep:syllab="1"
            ecep:pron="ˈɔːə">o'er</w>
         <c> </c>
         <w xml:id="bsb18-671310"
            n="a-1150"
            ecep:lem="late"
            ecep:pos="j"
            ecep:reg="late"
            ecep:spe="late"
            ecep:syllab="1"
            ecep:pron="leɪt">late</w>
      </l>
      <l rendition="#h_3" xml:id="bsb18-l30145">
         <c> </c>
         <w xml:id="bsb18-671320"
            n="a-1160"
            ecep:lem="to"
            ecep:pos="pc-acp"
            ecep:reg="To"
            ecep:spe="To"
            ecep:syllab="1"
            ecep:pron="tuː">To</w>
         <c> </c>
         <w xml:id="bsb18-671330"
            n="a-1170"
            ecep:lem="gain"
            ecep:pos="vvi"
            ecep:reg="gain"
            ecep:spe="gain"
            ecep:syllab="1"
            ecep:pron="geɪn">gain</w>
         <c> </c>
         <w xml:id="bsb18-671340"
            n="a-1180"
            ecep:lem="a"
            ecep:pos="dt"
            ecep:reg="a"
            ecep:spe="a"
            ecep:syllab="1"
            ecep:pron="ə">a</w>
         <c> </c>
         <w xml:id="bsb18-671350"
            n="a-1190"
            ecep:lem="wayward"
            ecep:pos="j"
            ecep:reg="wayward"
            ecep:spe="wayward"
            ecep:syllab="2"
            ecep:pron="ˈweɪwəd">wayward</w>
         <c> </c>
         <w xml:id="bsb18-671360"
            n="a-1200"
            ecep:lem="man"
            ecep:pos="n1"
            ecep:reg="man"
            ecep:spe="man"
            ecep:syllab="1"
            ecep:pron="mæn">man</w>
         <pc xml:id="bsb18-671370"
             n="a-1210"
             ecep:lem=";"
             ecep:pos=";"
             ecep:reg=";"
             ecep:spe=";">;</pc>
      </l>
      <l xml:id="bsb18-l30150">
         <c> </c>
         <w xml:id="bsb18-671380"
            n="a-1220"
            ecep:lem="a"
            ecep:pos="dt"
            ecep:reg="A"
            ecep:spe="A"
            ecep:syllab="1"
            ecep:pron="ə">A</w>
         <c> </c>
         <w xml:id="bsb18-671390"
            n="a-1230"
            ecep:lem="maiden"
            ecep:pos="n1"
            ecep:reg="maiden"
            ecep:spe="maiden"
            ecep:syllab="2"
            ecep:pron="ˈmeɪdn">maiden</w>
         <c> </c>
         <w xml:id="bsb18-671400"
            n="a-1240"
            ecep:lem="old"
            ecep:pos="j"
            ecep:reg="old"
            ecep:spe="auld"
            ecep:syllab="1"
            ecep:pron="ɔːld">auld</w>
         <c> </c>
         <w xml:id="bsb18-671410"
            n="a-1250"
            ecep:lem="her"
            ecep:pos="po31"
            ecep:reg="her"
            ecep:spe="her"
            ecep:syllab="1"
            ecep:pron="hɜː">her</w>
         <c> </c>
         <w xml:id="bsb18-671420"
            n="a-1260"
            ecep:lem="hook"
            ecep:pos="n2"
            ecep:reg="hooks"
            ecep:spe="hooks"
            ecep:syllab="1"
            ecep:pron="hʊks">hooks</w>
         <c> </c>
         <w xml:id="bsb18-671430"
            n="a-1270"
            ecep:lem="may"
            ecep:pos="vmb"
            ecep:reg="may"
            ecep:spe="may"
            ecep:syllab="1"
            ecep:pron="meɪ">may</w>
         <c> </c>
         <w xml:id="bsb18-671440"
            n="a-1280"
            ecep:lem="bait"
            ecep:pos="vvi"
            ecep:reg="bait"
            ecep:spe="bait"
            ecep:syllab="1"
            ecep:pron="beɪt">bait</w>
         <pc xml:id="bsb18-671450"
             n="a-1290"
             ecep:lem=","
             ecep:pos=","
             ecep:reg=","
             ecep:spe=",">,</pc>
      </l>
      <l rendition="#h_3" xml:id="bsb18-l30155">
         <c> </c>
         <w xml:id="bsb18-671460"
            n="a-1300"
            ecep:lem="but"
            ecep:pos="cc-acp"
            ecep:reg="But"
            ecep:spe="But"
            ecep:syllab="1"
            ecep:pron="bʌt">But</w>
         <c> </c>
         <w xml:id="bsb18-671470"
            n="a-1310"
            ecep:lem="catch"
            ecep:pos="vvb"
            ecep:reg="catch"
            ecep:spe="catch"
            ecep:syllab="1"
            ecep:pron="kætʃ">catch</w>
         <c> </c>
         <w xml:id="bsb18-671480"
            n="a-1320"
            ecep:lem="we"
            ecep:pos="pno12"
            ecep:reg="us"
            ecep:spe="us"
            ecep:syllab="1"
            ecep:pron="ʌs">us</w>
         <c> </c>
         <w xml:id="bsb18-671490"
            n="a-1330"
            ecep:lem="gin"
            ecep:pos="n1"
            ecep:reg="gin"
            ecep:spe="gin"
            ecep:syllab="1"
            ecep:pron="dʒɪn">gin</w>
         <c> </c>
         <w xml:id="bsb18-671500"
            n="a-1340"
            ecep:lem="you"
            ecep:pos="pn22"
            ecep:reg="you"
            ecep:spe="you"
            ecep:syllab="1"
            ecep:pron="juː">you</w>
         <c> </c>
         <w xml:id="bsb18-671510"
            n="a-1350"
            ecep:lem="can"
            ecep:pos="vmb"
            ecep:reg="can"
            ecep:spe="can"
            ecep:syllab="1"
            ecep:pron="kæn">can</w>
         <pc xml:id="bsb18-671520"
             n="a-1360"
             unit="sentence"
             ecep:lem="!"
             ecep:pos="!"
             ecep:reg="!"
             ecep:spe="!">!</pc>
         <c> </c>
      </l>
   </lg>
   <lg xml:id="bsb18-s01910">
      <l xml:id="bsb18-l30160">
         <w xml:id="bsb18-671550"
            n="a-1370"
            ecep:lem="a"
            ecep:pos="dt"
            ecep:reg="An"
            ecep:spe="An"
            ecep:syllab="1"
            ecep:pron="æn">An</w>
         <c> </c>
         <w xml:id="bsb18-671560"
            n="a-1380"
            ecep:lem="unco"
            ecep:pos="j"
            ecep:reg="unco"
            ecep:spe="unco"
            ecep:syllab="2"
            ecep:pron="ˈʌŋkə">unco</w>
         <c> </c>
         <w xml:id="bsb18-671570"
            n="a-1390"
            ecep:lem="prize"
            ecep:pos="n1"
            ecep:reg="prise"
            ecep:spe="prize"
            ecep:syllab="1"
            ecep:pron="praɪz">prize</w>
         <c> </c>
         <w xml:id="bsb18-671580"
            n="a-1400"
            ecep:lem="forsooth"
            ecep:pos="uh"
            ecep:reg="forsooth"
            ecep:spe="forsooth"
            ecep:syllab="2"
            ecep:pron="fəˈsuːθ">forsooth</w>
         <c> </c>
         <w xml:id="bsb18-671590"
            n="a-1410"
            ecep:lem="you"
            ecep:pos="pn22"
            ecep:reg="you"
            ecep:spe="ye"
            ecep:syllab="1"
            ecep:pron="jiː">ye</w>
         <c> </c>
         <w xml:id="bsb18-671600"
            n="a-1420"
            ecep:lem="be"
            ecep:pos="vbr"
            ecep:reg="are"
            ecep:spe="are"
            ecep:syllab="1"
            ecep:pron="ɑː">are</w>
         <pc xml:id="bsb18-671610"
             n="a-1430"
             unit="sentence"
             ecep:lem="!"
             ecep:pos="!"
             ecep:reg="!"
             ecep:spe="!">!</pc>
         <c> </c>
      </l>
      <l rendition="#h_3" xml:id="bsb18-l30165">
         <w xml:id="bsb18-671620"
            n="a-1440"
            ecep:lem="for"
            ecep:pos="p-acp"
            ecep:reg="For"
            ecep:spe="For"
            ecep:syllab="1"
            ecep:pron="fɔː">For</w>
         <pc xml:id="bsb18-671630"
             n="a-1450"
             ecep:lem=","
             ecep:pos=","
             ecep:reg=","
             ecep:spe=",">,</pc>
         <c> </c>
         <w xml:id="bsb18-671640"
            n="a-1460"
            ecep:lem="when"
            ecep:pos="c-crq"
            ecep:reg="when"
            ecep:spe="when"
            ecep:syllab="1"
            ecep:pron="wen">when</w>
         <c> </c>
         <w xml:id="bsb18-671650"
            n="a-1470"
            ecep:lem="the"
            ecep:pos="dt"
            ecep:reg="the"
            ecep:spe="the"
            ecep:syllab="1"
            ecep:pron="ðiː">the</w>
         <c> </c>
         <w xml:id="bsb18-671660"
            n="a-1480"
            ecep:lem="bait"
            ecep:pos="n1"
            ecep:reg="bait"
            ecep:spe="bait"
            ecep:syllab="1"
            ecep:pron="beɪt">bait</w>
         <c> </c>
         <w xml:id="bsb18-671670"
            n="a-1490"
            ecep:lem="be"
            ecep:pos="vbz"
            ecep:reg="is"
            ecep:spe="is"
            ecep:syllab="1"
            ecep:pron="ɪz">is</w>
         <c> </c>
         <w xml:id="bsb18-671680"
            n="a-1500"
            ecep:lem="take"
            ecep:pos="vvn"
            ecep:reg="taken"
            ecep:spe="tane"
            ecep:syllab="2"
            ecep:pron="tˈeɪn">tane</w>
         <pc xml:id="bsb18-671690"
             n="a-1510"
             ecep:lem=","
             ecep:pos=","
             ecep:reg=","
             ecep:spe=",">,</pc>
      </l>
      <l xml:id="bsb18-l30170">
         <c> </c>
         <w xml:id="bsb18-671700"
            n="a-1520"
            ecep:lem="you"
            ecep:pos="pn22"
            ecep:reg="You"
            ecep:spe="Ye"
            ecep:syllab="1"
            ecep:pron="jiː">Ye</w>
         <c> </c>
         <w xml:id="bsb18-671710"
            n="a-1530"
            ecep:lem="fill"
            ecep:pos="vvb"
            ecep:reg="fill"
            ecep:spe="fill"
            ecep:syllab="1"
            ecep:pron="fɪl">fill</w>
         <c> </c>
         <w xml:id="bsb18-671720"
            n="a-1540"
            ecep:lem="our"
            ecep:pos="po12"
            ecep:reg="our"
            ecep:spe="our"
            ecep:syllab="1"
            ecep:pron="æə">our</w>
         <c> </c>
         <w xml:id="bsb18-671730"
            n="a-1550"
            ecep:lem="heart"
            ecep:pos="n2"
            ecep:reg="hearts"
            ecep:spe="hearts"
            ecep:syllab="1"
            ecep:pron="hɑːts">hearts</w>
         <c> </c>
         <w xml:id="bsb18-671740"
            n="a-1560"
            ecep:lem="so"
            ecep:pos="av"
            ecep:reg="sae"
            ecep:spe="sae"
            ecep:syllab="1"
            ecep:pron="ˌeseɪˈiː">sae</w>
         <c> </c>
         <w xml:id="bsb18-671750"
            n="a-1570"
            ecep:lem="full"
            ecep:pos="av-j"
            ecep:reg="fu'"
            ecep:spe="fu'"
            ecep:syllab="1"
            ecep:pron="ˈfuː">fu'</w>
         <c> </c>
         <w xml:id="bsb18-671770"
            n="a-1590"
            ecep:lem="of"
            ecep:pos="pp-f"
            ecep:reg="oF"
            ecep:spe="o'"
            ecep:syllab="1"
            ecep:pron="əʊ">o'</w>
         <c> </c>
         <w xml:id="bsb18-671780"
            n="a-1600"
            ecep:lem="care"
            ecep:pos="n1"
            ecep:reg="care"
            ecep:spe="care"
            ecep:syllab="1"
            ecep:pron="keə">care</w>
         <pc xml:id="bsb18-671790"
             n="a-1610"
             ecep:lem=","
             ecep:pos=","
             ecep:reg=","
             ecep:spe=",">,</pc>
      </l>
      <l rendition="#h_3" xml:id="bsb18-l30175">
         <c> </c>
         <w xml:id="bsb18-671800"
            n="a-1620"
            ecep:lem="we"
            ecep:pos="pns12"
            ecep:reg="We"
            ecep:spe="We"
            ecep:syllab="1"
            ecep:pron="wiː">We</w>
         <c> </c>
         <w xml:id="bsb18-671810"
            n="a-1630"
            ecep:lem="wish"
            ecep:pos="vvb"
            ecep:reg="wish"
            ecep:spe="wish"
            ecep:syllab="1"
            ecep:pron="wɪʃ">wish</w>
         <c> </c>
         <w xml:id="bsb18-671820"
            n="a-1640"
            ecep:lem="they"
            ecep:pos="pno32"
            ecep:reg="them"
            ecep:spe="them"
            ecep:syllab="1"
            ecep:pron="ðem">them</w>
         <c> </c>
         <w xml:id="bsb18-671830"
            n="a-1650"
            ecep:lem="we"
            ecep:pos="png12"
            ecep:reg="ours"
            ecep:spe="ours"
            ecep:syllab="1"
            ecep:pron="æəz">ours</w>
         <c> </c>
         <w xml:id="bsb18-671840"
            n="a-1660"
            ecep:lem="again"
            ecep:pos="av"
            ecep:reg="again"
            ecep:spe="again"
            ecep:syllab="2"
            ecep:pron="əˈgen">again</w>
         <pc xml:id="bsb18-671850"
             n="a-1670"
             unit="sentence"
             ecep:lem="."
             ecep:pos="."
             ecep:reg="."
             ecep:spe=".">.</pc>
         <c> </c>
      </l>
      <l xml:id="bsb18-l30180">
         <w xml:id="bsb18-671860"
            n="a-1680"
            ecep:lem="to"
            ecep:pos="p-acp"
            ecep:reg="To"
            ecep:spe="To"
            ecep:syllab="1"
            ecep:pron="tuː">To</w>
         <c> </c>
         <w xml:id="bsb18-671870"
            n="a-1690"
            ecep:lem="witch"
            ecep:pos="n1"
            ecep:reg="witch"
            ecep:spe="witch"
            ecep:syllab="1"
            ecep:pron="wɪtʃ">witch</w>
         <c> </c>
         <w xml:id="bsb18-671880"
            n="a-1700"
            ecep:lem="our"
            ecep:pos="po12"
            ecep:reg="our"
            ecep:spe="our"
            ecep:syllab="1"
            ecep:pron="æə">our</w>
         <c> </c>
         <w xml:id="bsb18-671890"
            n="a-1710"
            ecep:lem="faith"
            ecep:pos="n1"
            ecep:reg="faith"
            ecep:spe="faith"
            ecep:syllab="1"
            ecep:pron="feɪθ">faith</w>
         <pc xml:id="bsb18-671900"
             n="a-1720"
             ecep:lem=","
             ecep:pos=","
             ecep:reg=","
             ecep:spe=",">,</pc>
         <c> </c>
         <w xml:id="bsb18-671910"
            n="a-1730"
            ecep:lem="you"
            ecep:pos="pn22"
            ecep:reg="you"
            ecep:spe="ye"
            ecep:syllab="1"
            ecep:pron="jiː">ye</w>
         <c> </c>
         <w xml:id="bsb18-671920"
            n="a-1740"
            ecep:lem="tell"
            ecep:pos="vvb"
            ecep:reg="tell"
            ecep:spe="tell"
            ecep:syllab="1"
            ecep:pron="tel">tell</w>
         <c> </c>
         <w xml:id="bsb18-671930"
            n="a-1750"
            ecep:lem="a"
            ecep:pos="dt"
            ecep:reg="a"
            ecep:spe="a"
            ecep:syllab="1"
            ecep:pron="ə">a</w>
         <c> </c>
         <w xml:id="bsb18-671940"
            n="a-1760"
            ecep:lem="tale"
            ecep:pos="n1"
            ecep:reg="tale"
            ecep:spe="tale"
            ecep:syllab="1"
            ecep:pron="teɪl">tale</w>
      </l>
      <l rendition="#h_3" xml:id="bsb18-l30185">
         <c> </c>
         <w xml:id="bsb18-671950"
            n="a-1770"
            ecep:lem="of"
            ecep:pos="pp-f"
            ecep:reg="OF"
            ecep:spe="O'"
            ecep:syllab="1"
            ecep:pron="əʊ">O'</w>
         <c> </c>
         <w xml:id="bsb18-671960"
            n="a-1780"
            ecep:lem="love"
            ecep:pos="n1"
            ecep:reg="love"
            ecep:spe="love"
            ecep:syllab="1"
            ecep:pron="lʌv">love</w>
         <c> </c>
         <w xml:id="bsb18-671970"
            n="a-1790"
            ecep:lem="that"
            ecep:pos="cst"
            ecep:reg="that"
            ecep:spe="that"
            ecep:syllab="1"
            ecep:pron="ðæt">that</w>
         <c> </c>
         <w xml:id="bsb18-671980"
            n="a-1800"
            ecep:lem="never"
            ecep:pos="av-x"
            ecep:reg="never"
            ecep:spe="ne'er"
            ecep:syllab="1"
            ecep:pron="neə">ne'er</w>
         <c> </c>
         <w xml:id="bsb18-671990"
            n="a-1810"
            ecep:lem="will"
            ecep:pos="vmb"
            ecep:reg="will"
            ecep:spe="will"
            ecep:syllab="1"
            ecep:pron="wɪl">will</w>
         <c> </c>
         <w xml:id="bsb18-672000"
            n="a-1820"
            ecep:lem="end"
            ecep:pos="vvi"
            ecep:reg="end"
            ecep:spe="end"
            ecep:syllab="1"
            ecep:pron="end">end</w>
         <pc xml:id="bsb18-672010"
             n="a-1830"
             ecep:lem=";"
             ecep:pos=";"
             ecep:reg=";"
             ecep:spe=";">;</pc>
      </l>
      <pb n="235" rend="none"/>
      <l xml:id="bsb18-l30190">
         <c> </c>
         <w xml:id="bsb18-672020"
            n="a-0010"
            ecep:lem="no"
            ecep:pos="dx"
            ecep:reg="Nae"
            ecep:spe="Nae"
            ecep:syllab="1"
            ecep:pron="neɪ">Nae</w>
         <c> </c>
         <w xml:id="bsb18-672030"
            n="a-0020"
            ecep:lem="hinny"
            ecep:pos="j-vvn"
            ecep:reg="hinnyed"
            ecep:spe="hinny'd"
            ecep:syllab="2"
            ecep:pron="ˈhɪnid">hinny'd</w>
         <c> </c>
         <w xml:id="bsb18-672040"
            n="a-0030"
            ecep:lem="word"
            ecep:pos="n2"
            ecep:reg="words"
            ecep:spe="words"
            ecep:syllab="1"
            ecep:pron="wɜːdz">words</w>
         <c> </c>
         <w xml:id="bsb18-672050"
            n="a-0040"
            ecep:lem="with"
            ecep:pos="p-acp"
            ecep:reg="with"
            ecep:spe="wi'"
            ecep:syllab="1"
            ecep:pron="wˈaɪ">wi'</w>
         <c> </c>
         <w xml:id="bsb18-672060"
            n="a-0050"
            ecep:lem="i"
            ecep:pos="pno11"
            ecep:reg="me"
            ecep:spe="me"
            ecep:syllab="1"
            ecep:pron="miː">me</w>
         <c> </c>
         <w xml:id="bsb18-672070"
            n="a-0060"
            ecep:lem="prevail"
            ecep:pos="vvi"
            ecep:reg="prevail"
            ecep:spe="prevail"
            ecep:syllab="2"
            ecep:pron="prɪˈveɪl">prevail</w>
         <pc xml:id="bsb18-672080"
             n="a-0070"
             ecep:lem=","
             ecep:pos=","
             ecep:reg=","
             ecep:spe=",">,</pc>
      </l>
      <l rendition="#h_3" xml:id="bsb18-l30195">
         <c> </c>
         <w xml:id="bsb18-672090"
            n="a-0080"
            ecep:lem="for"
            ecep:pos="p-acp"
            ecep:reg="For"
            ecep:spe="For"
            ecep:syllab="1"
            ecep:pron="fɔː">For</w>
         <c> </c>
         <w xml:id="bsb18-672100"
            n="a-0090"
            ecep:lem="man"
            ecep:pos="n2"
            ecep:reg="men"
            ecep:spe="men"
            ecep:syllab="1"
            ecep:pron="men">men</w>
         <c> </c>
         <w xml:id="bsb18-672110"
            n="a-0100"
            ecep:lem="will"
            ecep:pos="vmb"
            ecep:reg="will"
            ecep:spe="will"
            ecep:syllab="1"
            ecep:pron="wɪl">will</w>
         <c> </c>
         <w xml:id="bsb18-672120"
            n="a-0110"
            ecep:lem="never"
            ecep:pos="av-x"
            ecep:reg="never"
            ecep:spe="never"
            ecep:syllab="2"
            ecep:pron="ˈnevə">never</w>
         <c> </c>
         <w xml:id="bsb18-672130"
            n="a-0120"
            ecep:lem="mend"
            ecep:pos="vvi"
            ecep:reg="mend"
            ecep:spe="mend"
            ecep:syllab="1"
            ecep:pron="mend">mend</w>
         <pc xml:id="bsb18-672140"
             n="a-0130"
             unit="sentence"
             ecep:lem="."
             ecep:pos="."
             ecep:reg="."
             ecep:spe=".">.</pc>
         <c> </c>
      </l>
   </lg>
   <lg xml:id="bsb18-s01915">
      <l xml:id="bsb18-l30200">
         <w xml:id="bsb18-672170"
            n="a-0140"
            ecep:lem="but"
            ecep:pos="p-acp"
            ecep:reg="But"
            ecep:spe="But"
            ecep:syllab="1"
            ecep:pron="bʌt">But</w>
         <pc xml:id="bsb18-672180"
             n="a-0150"
             ecep:lem=","
             ecep:pos=","
             ecep:reg=","
             ecep:spe=",">,</pc>
         <c> </c>
         <w xml:id="bsb18-672190"
            n="a-0160"
            ecep:lem="Jenny"
            ecep:pos="np1"
            ecep:reg="Jenny"
            ecep:spe="Jenny"
            ecep:syllab="2"
            ecep:pron="ˈdʒeni">Jenny</w>
         <pc xml:id="bsb18-672200"
             n="a-0170"
             ecep:lem=","
             ecep:pos=","
             ecep:reg=","
             ecep:spe=",">,</pc>
         <c> </c>
         <w xml:id="bsb18-672210"
            n="a-0180"
            ecep:lem="look"
            ecep:pos="vvb"
            ecep:reg="look"
            ecep:spe="look"
            ecep:syllab="1"
            ecep:pron="lʊk">look</w>
         <c> </c>
         <w xml:id="bsb18-672220"
            n="a-0190"
            ecep:lem="at"
            ecep:pos="p-acp"
            ecep:reg="at"
            ecep:spe="at"
            ecep:syllab="1"
            ecep:pron="æt">at</w>
         <c> </c>
         <w xml:id="bsb18-672230"
            n="a-0200"
            ecep:lem="aunty"
            ecep:pos="n1"
            ecep:reg="aunty"
            ecep:spe="aunty"
            ecep:syllab="2"
            ecep:pron="ˈɑːntɪ">aunty</w>
         <c> </c>
         <w xml:id="bsb18-672240"
            n="a-0210"
            ecep:lem="Kate"
            ecep:pos="np1"
            ecep:reg="Kate"
            ecep:spe="Kate"
            ecep:syllab="1"
            ecep:pron="ˈkeɪt">Kate</w>
         <pc xml:id="bsb18-672250"
             n="a-0220"
             ecep:lem=","
             ecep:pos=","
             ecep:reg=","
             ecep:spe=",">,</pc>
      </l>
      <l rendition="#h_3" xml:id="bsb18-l30205">
         <c> </c>
         <w xml:id="bsb18-672260"
            n="a-0230"
            ecep:lem="who"
            ecep:pos="q-crq"
            ecep:reg="Wha"
            ecep:spe="Wha"
            ecep:syllab="1"
            ecep:pron="hwɔː">Wha</w>
         <c> </c>
         <w xml:id="bsb18-672270"
            n="a-0240"
            ecep:lem="be"
            ecep:pos="vbz"
            ecep:reg="is"
            ecep:spe="is"
            ecep:syllab="1"
            ecep:pron="ɪz">is</w>
         <c> </c>
         <w xml:id="bsb18-672280"
            n="a-0250"
            ecep:lem="a"
            ecep:pos="dt"
            ecep:reg="a"
            ecep:spe="a"
            ecep:syllab="1"
            ecep:pron="ə">a</w>
         <c> </c>
         <w xml:id="bsb18-672290"
            n="a-0260"
            ecep:lem="maiden"
            ecep:pos="n1"
            ecep:reg="maiden"
            ecep:spe="maiden"
            ecep:syllab="2"
            ecep:pron="ˈmeɪdn">maiden</w>
         <c> </c>
         <w xml:id="bsb18-672300"
            n="a-0270"
            ecep:lem="old"
            ecep:pos="j"
            ecep:reg="old"
            ecep:spe="auld"
            ecep:syllab="1"
            ecep:pron="ɔːld">auld</w>
         <pc xml:id="bsb18-672310"
             n="a-0280"
             ecep:lem=","
             ecep:pos=","
             ecep:reg=","
             ecep:spe=",">,</pc>
      </l>
      <l xml:id="bsb18-l30210">
         <c> </c>
         <w xml:id="bsb18-672320"
            n="a-0290"
            ecep:lem="It|be"
            ecep:pos="pn31|vbz"
            ecep:reg="I's"
            ecep:spe="I's"
            ecep:syllab="1"
            ecep:pron="aɪz">I's</w>
         <c> </c>
         <w xml:id="bsb18-672330"
            n="a-0300"
            ecep:lem="warrant"
            ecep:pos="n1"
            ecep:reg="warrant"
            ecep:spe="warrant"
            ecep:syllab="2"
            ecep:pron="ˈwɒrnt">warrant</w>
         <c> </c>
         <w xml:id="bsb18-672340"
            n="a-0310"
            ecep:lem="she"
            ecep:pos="pns31"
            ecep:reg="she"
            ecep:spe="she"
            ecep:syllab="1"
            ecep:pron="ʃiː">she</w>
         <c> </c>
         <w xml:id="bsb18-672350"
            n="a-0320"
            ecep:lem="repent"
            ecep:pos="vvd"
            ecep:reg="repented"
            ecep:spe="repented"
            ecep:syllab="3"
            ecep:pron="rɪˈpentɪd">repented</w>
         <c> </c>
         <w xml:id="bsb18-672360"
            n="a-0330"
            ecep:lem="late"
            ecep:pos="av-j"
            ecep:reg="late"
            ecep:spe="late"
            ecep:syllab="1"
            ecep:pron="leɪt">late</w>
      </l>
      <l rendition="#h_3" xml:id="bsb18-l30215">
         <c> </c>
         <w xml:id="bsb18-672370"
            n="a-0340"
            ecep:lem="when"
            ecep:pos="c-crq"
            ecep:reg="When"
            ecep:spe="When"
            ecep:syllab="1"
            ecep:pron="wen">When</w>
         <c> </c>
         <w xml:id="bsb18-672380"
            n="a-0350"
            ecep:lem="wooers'"
            ecep:pos="ng2-jn"
            ecep:reg="wooers'"
            ecep:spe="wooers'"
            ecep:syllab="2"
            ecep:pron="wuːəz">wooers'</w>
         <c> </c>
         <w xml:id="bsb18-672400"
            n="a-0370"
            ecep:lem="heart"
            ecep:pos="n2"
            ecep:reg="hearts"
            ecep:spe="hearts"
            ecep:syllab="1"
            ecep:pron="hɑːts">hearts</w>
         <c> </c>
         <w xml:id="bsb18-672410"
            n="a-0380"
            ecep:lem="grow"
            ecep:pos="vvd"
            ecep:reg="grew"
            ecep:spe="grew"
            ecep:syllab="1"
            ecep:pron="gruː">grew</w>
         <c> </c>
         <w xml:id="bsb18-672420"
            n="a-0390"
            ecep:lem="cauld"
            ecep:pos="j"
            ecep:reg="cauld"
            ecep:spe="cauld"
            ecep:syllab="1"
            ecep:pron="kɔːld">cauld</w>
         <pc xml:id="bsb18-672430"
             n="a-0400"
             unit="sentence"
             ecep:lem="."
             ecep:pos="."
             ecep:reg="."
             ecep:spe=".">.</pc>
         <c> </c>
      </l>
      <l xml:id="bsb18-l30220">
         <w xml:id="bsb18-672440"
            n="a-0410"
            ecep:lem="a"
            ecep:pos="dt"
            ecep:reg="An"
            ecep:spe="An"
            ecep:syllab="1"
            ecep:pron="æn">An</w>
         <c> </c>
         <w xml:id="bsb18-672450"
            n="a-0420"
            ecep:lem="ape"
            ecep:pos="n1"
            ecep:reg="ape"
            ecep:spe="ape"
            ecep:syllab="1"
            ecep:pron="eɪp">ape</w>
         <c> </c>
         <w xml:id="bsb18-672460"
            n="a-0430"
            ecep:lem="to"
            ecep:pos="p-acp"
            ecep:reg="to"
            ecep:spe="to"
            ecep:syllab="1"
            ecep:pron="tuː">to</w>
         <c> </c>
         <w xml:id="bsb18-672470"
            n="a-0440"
            ecep:lem="lead"
            ecep:pos="ng1"
            ecep:reg="lead's"
            ecep:spe="lead's"
            ecep:syllab="1"
            ecep:pron="liːdz">lead's</w>
         <c> </c>
         <w xml:id="bsb18-672480"
            n="a-0450"
            ecep:lem="a"
            ecep:pos="dt"
            ecep:reg="a"
            ecep:spe="a"
            ecep:syllab="1"
            ecep:pron="ə">a</w>
         <c> </c>
         <w xml:id="bsb18-672490"
            n="a-0460"
            ecep:lem="silly"
            ecep:pos="j"
            ecep:reg="silly"
            ecep:spe="silly"
            ecep:syllab="2"
            ecep:pron="ˈsɪli">silly</w>
         <c> </c>
         <w xml:id="bsb18-672500"
            n="a-0470"
            ecep:lem="thing"
            ecep:pos="n1"
            ecep:reg="thing"
            ecep:spe="thing"
            ecep:syllab="1"
            ecep:pron="θɪŋ">thing</w>
      </l>
      <l rendition="#h_3" xml:id="bsb18-l30225">
         <c> </c>
         <w xml:id="bsb18-672510"
            n="a-0480"
            ecep:lem="when"
            ecep:pos="c-crq"
            ecep:reg="When"
            ecep:spe="When"
            ecep:syllab="1"
            ecep:pron="wen">When</w>
         <c> </c>
         <w xml:id="bsb18-672520"
            n="a-0490"
            ecep:lem="you"
            ecep:pos="pn22"
            ecep:reg="you"
            ecep:spe="ye"
            ecep:syllab="1"
            ecep:pron="jiː">ye</w>
         <c> </c>
         <w xml:id="bsb18-672530"
            n="a-0500"
            ecep:lem="step"
            ecep:pos="vvb"
            ecep:reg="step"
            ecep:spe="step"
            ecep:syllab="1"
            ecep:pron="step">step</w>
         <c> </c>
         <w xml:id="bsb18-672540"
            n="a-0510"
            ecep:lem="down"
            ecep:pos="a-acp"
            ecep:reg="down"
            ecep:spe="down"
            ecep:syllab="1"
            ecep:pron="daʊn">down</w>
         <c> </c>
         <w xml:id="bsb18-672550"
            n="a-0520"
            ecep:lem="below"
            ecep:pos="a-acp"
            ecep:reg="below"
            ecep:spe="below"
            ecep:syllab="2"
            ecep:pron="bɪˈləʊ">below</w>
         <pc xml:id="bsb18-672560"
             n="a-0530"
             ecep:lem=","
             ecep:pos=","
             ecep:reg=","
             ecep:spe=",">,</pc>
      </l>
      <l xml:id="bsb18-l30230">
         <c> </c>
         <w xml:id="bsb18-672570"
            n="a-0540"
            ecep:lem="or"
            ecep:pos="cc"
            ecep:reg="Or"
            ecep:spe="Or"
            ecep:syllab="1"
            ecep:pron="ɔː">Or</w>
         <c> </c>
         <w xml:id="bsb18-672580"
            n="a-0550"
            ecep:lem="here"
            ecep:pos="av"
            ecep:reg="here"
            ecep:spe="here"
            ecep:syllab="1"
            ecep:pron="hɪə">here</w>
         <c> </c>
         <w xml:id="bsb18-672590"
            n="a-0560"
            ecep:lem="to"
            ecep:pos="pc-acp"
            ecep:reg="to"
            ecep:spe="to"
            ecep:syllab="1"
            ecep:pron="tuː">to</w>
         <c> </c>
         <w xml:id="bsb18-672600"
            n="a-0570"
            ecep:lem="sit"
            ecep:pos="vvi"
            ecep:reg="sit"
            ecep:spe="sit"
            ecep:syllab="1"
            ecep:pron="sɪt">sit</w>
         <c> </c>
         <w xml:id="bsb18-672610"
            n="a-0580"
            ecep:lem="with"
            ecep:pos="p-acp"
            ecep:reg="with"
            ecep:spe="wi'"
            ecep:syllab="1"
            ecep:pron="wˈaɪ">wi'</w>
         <c> </c>
         <w xml:id="bsb18-672620"
            n="a-0590"
            ecep:lem="chitter"
            ecep:pos="j-vvg"
            ecep:reg="chittering"
            ecep:spe="chittering"
            ecep:syllab="3"
            ecep:pron="ˈtʃɪtərɪŋ">chittering</w>
         <c> </c>
         <w xml:id="bsb18-672630"
            n="a-0600"
            ecep:lem="wing"
            ecep:pos="n1"
            ecep:reg="wing"
            ecep:spe="wing"
            ecep:syllab="1"
            ecep:pron="wɪŋ">wing</w>
      </l>
      <l rendition="#h_3" xml:id="bsb18-l30235">
         <c> </c>
         <w xml:id="bsb18-672640"
            n="a-0610"
            ecep:lem="like"
            ecep:pos="av-j"
            ecep:reg="Like"
            ecep:spe="Like"
            ecep:syllab="1"
            ecep:pron="laɪk">Like</w>
         <c> </c>
         <w xml:id="bsb18-672650"
            n="a-0620"
            ecep:lem="birdy"
            ecep:pos="n2"
            ecep:reg="birdies"
            ecep:spe="birdies"
            ecep:syllab="2"
            ecep:pron="ˈbɜːdiz">birdies</w>
         <c> </c>
         <w xml:id="bsb18-672660"
            n="a-0630"
            ecep:lem="in"
            ecep:pos="p-acp"
            ecep:reg="in"
            ecep:spe="i'"
            ecep:syllab="1"
            ecep:pron="aɪ">i'</w>
         <c> </c>
         <w xml:id="bsb18-672670"
            n="a-0640"
            ecep:lem="the"
            ecep:pos="dt"
            ecep:reg="the"
            ecep:spe="the"
            ecep:syllab="1"
            ecep:pron="ðiː">the</w>
         <c> </c>
         <w xml:id="bsb18-672680"
            n="a-0650"
            ecep:lem="snow"
            ecep:pos="n1"
            ecep:reg="snow"
            ecep:spe="snow"
            ecep:syllab="1"
            ecep:pron="snəʊ">snow</w>
         <pc xml:id="bsb18-672690"
             n="a-0660"
             unit="sentence"
             ecep:lem="."
             ecep:pos="."
             ecep:reg="."
             ecep:spe=".">.</pc>
         <c> </c>
      </l>
   </lg>
   <lg xml:id="bsb18-s01920">
      <l xml:id="bsb18-l30240">
         <w xml:id="bsb18-672720"
            n="a-0670"
            ecep:lem="that|be"
            ecep:pos="d|vbz"
            ecep:reg="That's"
            ecep:spe="That's"
            ecep:syllab="1"
            ecep:pron="ðæts">That's</w>
         <c> </c>
         <w xml:id="bsb18-672730"
            n="a-0680"
            ecep:lem="better"
            ecep:pos="jc"
            ecep:reg="better"
            ecep:spe="better"
            ecep:syllab="2"
            ecep:pron="ˈbetə">better</w>
         <c> </c>
         <w xml:id="bsb18-672740"
            n="a-0690"
            ecep:lem="than"
            ecep:pos="cs"
            ecep:reg="than"
            ecep:spe="than"
            ecep:syllab="1"
            ecep:pron="ðæn">than</w>
         <c> </c>
         <w xml:id="bsb18-672750"
            n="a-0700"
            ecep:lem="to"
            ecep:pos="pc-acp"
            ecep:reg="to"
            ecep:spe="to"
            ecep:syllab="1"
            ecep:pron="tuː">to</w>
         <c> </c>
         <w xml:id="bsb18-672760"
            n="a-0710"
            ecep:lem="sit"
            ecep:pos="vvi"
            ecep:reg="sit"
            ecep:spe="sit"
            ecep:syllab="1"
            ecep:pron="sɪt">sit</w>
         <c> </c>
         <w xml:id="bsb18-672770"
            n="a-0720"
            ecep:lem="at"
            ecep:pos="p-acp"
            ecep:reg="at"
            ecep:spe="at"
            ecep:syllab="1"
            ecep:pron="æt">at</w>
         <c> </c>
         <w xml:id="bsb18-672780"
            n="a-0730"
            ecep:lem="home"
            ecep:pos="av-an"
            ecep:reg="hame"
            ecep:spe="hame"
            ecep:syllab="1"
            ecep:pron="heɪm">hame</w>
      </l>
      <l rendition="#h_3" xml:id="bsb18-l30245">
         <c> </c>
         <w xml:id="bsb18-672790"
            n="a-0740"
            ecep:lem="with"
            ecep:pos="p-acp"
            ecep:reg="With"
            ecep:spe="Wi'"
            ecep:syllab="1"
            ecep:pron="wˈaɪ">Wi'</w>
         <c> </c>
         <w xml:id="bsb18-672800"
            n="a-0750"
            ecep:lem="saut"
            ecep:pos="n1"
            ecep:reg="saut"
            ecep:spe="saut"
            ecep:syllab="1"
            ecep:pron="sɔːt">saut</w>
         <c> </c>
         <w xml:id="bsb18-672810"
            n="a-0760"
            ecep:lem="tear"
            ecep:pos="n2"
            ecep:reg="tears"
            ecep:spe="tears"
            ecep:syllab="1"
            ecep:pron="tɪəz">tears</w>
         <c> </c>
         <w xml:id="bsb18-672820"
            n="a-0770"
            ecep:lem="in"
            ecep:pos="p-acp"
            ecep:reg="in"
            ecep:spe="i'"
            ecep:syllab="1"
            ecep:pron="aɪ">i'</w>
         <c> </c>
         <w xml:id="bsb18-672830"
            n="a-0780"
            ecep:lem="my"
            ecep:pos="po11"
            ecep:reg="my"
            ecep:spe="my"
            ecep:syllab="1"
            ecep:pron="maɪ">my</w>
         <c> </c>
         <w xml:id="bsb18-672840"
            n="a-0790"
            ecep:lem="thou"
            ecep:pos="pn021"
            ecep:reg="ee"
            ecep:spe="ee"
            ecep:syllab="1"
            ecep:pron="iː">ee</w>
         <pc xml:id="bsb18-672850"
             n="a-0800"
             ecep:lem=";"
             ecep:pos=";"
             ecep:reg=";"
             ecep:spe=";">;</pc>
      </l>
      <l xml:id="bsb18-l30250">
         <c> </c>
         <w xml:id="bsb18-672860"
            n="a-0810"
            ecep:lem="a"
            ecep:pos="dt"
            ecep:reg="An"
            ecep:spe="An"
            ecep:syllab="1"
            ecep:pron="æn">An</w>
         <c> </c>
         <w xml:id="bsb18-672870"
            n="a-0820"
            ecep:lem="ape"
            ecep:pos="n1"
            ecep:reg="ape"
            ecep:spe="ape"
            ecep:syllab="1"
            ecep:pron="eɪp">ape</w>
         <c> </c>
         <w xml:id="bsb18-672880"
            n="a-0830"
            ecep:lem="i"
            ecep:pos="pns11"
            ecep:reg="I"
            ecep:spe="I"
            ecep:syllab="1"
            ecep:pron="aɪ">I</w>
         <c> </c>
         <w xml:id="bsb18-672890"
            n="a-0840"
            ecep:lem="think|be"
            ecep:pos="vvi|vbz"
            ecep:reg="think's"
            ecep:spe="think's"
            ecep:syllab="1"
            ecep:pron="θɪŋkz">think's</w>
         <c> </c>
         <w xml:id="bsb18-672900"
            n="a-0850"
            ecep:lem="a"
            ecep:pos="dt"
            ecep:reg="a"
            ecep:spe="a"
            ecep:syllab="1"
            ecep:pron="ə">a</w>
         <c> </c>
         <w xml:id="bsb18-672910"
            n="a-0860"
            ecep:lem="harmless"
            ecep:pos="j"
            ecep:reg="harmless"
            ecep:spe="harmless"
            ecep:syllab="2"
            ecep:pron="ˈhɑːmləs">harmless</w>
         <c> </c>
         <w xml:id="bsb18-672920"
            n="a-0870"
            ecep:lem="thing"
            ecep:pos="n1"
            ecep:reg="thing"
            ecep:spe="thing"
            ecep:syllab="1"
            ecep:pron="θɪŋ">thing</w>
      </l>
      <l rendition="#h_3" xml:id="bsb18-l30255">
         <c> </c>
         <w xml:id="bsb18-672930"
            n="a-0880"
            ecep:lem="to"
            ecep:pos="p-acp"
            ecep:reg="To"
            ecep:spe="To"
            ecep:syllab="1"
            ecep:pron="tuː">To</w>
         <c> </c>
         <w xml:id="bsb18-672940"
            n="a-0890"
            ecep:lem="such"
            ecep:pos="d"
            ecep:reg="sic"
            ecep:spe="sic"
            ecep:syllab="1"
            ecep:pron="sɪk">sic</w>
         <c> </c>
         <w xml:id="bsb18-672950"
            n="a-0900"
            ecep:lem="a"
            ecep:pos="dt"
            ecep:reg="a"
            ecep:spe="a"
            ecep:syllab="1"
            ecep:pron="ə">a</w>
         <c> </c>
         <w xml:id="bsb18-672960"
            n="a-0910"
            ecep:lem="thing"
            ecep:pos="n1"
            ecep:reg="thing"
            ecep:spe="thing"
            ecep:syllab="1"
            ecep:pron="θɪŋ">thing</w>
         <c> </c>
         <w xml:id="bsb18-672970"
            n="a-0920"
            ecep:lem="as"
            ecep:pos="c-acp"
            ecep:reg="as"
            ecep:spe="as"
            ecep:syllab="1"
            ecep:pron="æz">as</w>
         <c> </c>
         <w xml:id="bsb18-672980"
            n="a-0930"
            ecep:lem="you"
            ecep:pos="pn22"
            ecep:reg="you"
            ecep:spe="ye"
            ecep:syllab="1"
            ecep:pron="jiː">ye</w>
         <pc xml:id="bsb18-672990"
             n="a-0940"
             unit="sentence"
             ecep:lem="."
             ecep:pos="."
             ecep:reg="."
             ecep:spe=".">.</pc>
         <c> </c>
      </l>
      <l xml:id="bsb18-l30260">
         <w xml:id="bsb18-673000"
            n="a-0950"
            ecep:lem="good"
            ecep:pos="j"
            ecep:reg="Good"
            ecep:spe="Good"
            ecep:syllab="1"
            ecep:pron="gʊd">Good</w>
         <c> </c>
         <w xml:id="bsb18-673010"
            n="a-0960"
            ecep:lem="man"
            ecep:pos="n2"
            ecep:reg="men"
            ecep:spe="men"
            ecep:syllab="1"
            ecep:pron="men">men</w>
         <c> </c>
         <w xml:id="bsb18-673020"
            n="a-0970"
            ecep:lem="be"
            ecep:pos="vbr"
            ecep:reg="are"
            ecep:spe="are"
            ecep:syllab="1"
            ecep:pron="ɑː">are</w>
         <c> </c>
         <w xml:id="bsb18-673030"
            n="a-0980"
            ecep:lem="change"
            ecep:pos="vvn"
            ecep:reg="changed"
            ecep:spe="chang'd"
            ecep:syllab="1"
            ecep:pron="tʃeɪndʒd">chang'd</w>
         <c> </c>
         <w xml:id="bsb18-673040"
            n="a-0990"
            ecep:lem="from"
            ecep:pos="p-acp"
            ecep:reg="frae"
            ecep:spe="frae"
            ecep:syllab="1"
            ecep:pron="freɪ">frae</w>
         <c> </c>
         <w xml:id="bsb18-673050"
            n="a-1000"
            ecep:lem="wooer"
            ecep:pos="n2"
            ecep:reg="wooers"
            ecep:spe="wooers"
            ecep:syllab="2"
            ecep:pron="wuːəz">wooers</w>
         <c> </c>
         <w xml:id="bsb18-673060"
            n="a-1010"
            ecep:lem="sore"
            ecep:pos="av-j"
            ecep:reg="sair"
            ecep:spe="sair"
            ecep:syllab="1"
            ecep:pron="ser">sair</w>
         <pc xml:id="bsb18-673070"
             n="a-1020"
             ecep:lem=","
             ecep:pos=","
             ecep:reg=","
             ecep:spe=",">,</pc>
      </l>
      <l rendition="#h_3" xml:id="bsb18-l30265">
         <c> </c>
         <w xml:id="bsb18-673080"
            n="a-1030"
            ecep:lem="and"
            ecep:pos="cc"
            ecep:reg="And"
            ecep:spe="And"
            ecep:syllab="1"
            ecep:pron="ænd">And</w>
         <c> </c>
         <w xml:id="bsb18-673090"
            n="a-1040"
            ecep:lem="nothing"
            ecep:pos="pix"
            ecep:reg="nothing"
            ecep:spe="naething"
            ecep:syllab="2"
            ecep:pron="nˈiːθɪŋ">naething</w>
         <c> </c>
         <w xml:id="bsb18-673100"
            n="a-1050"
            ecep:lem="do"
            ecep:pos="vdb"
            ecep:reg="do"
            ecep:spe="do"
            ecep:syllab="1"
            ecep:pron="duː">do</w>
         <c> </c>
         <w xml:id="bsb18-673110"
            n="a-1060"
            ecep:lem="but"
            ecep:pos="p-acp"
            ecep:reg="but"
            ecep:spe="but"
            ecep:syllab="1"
            ecep:pron="bʌt">but</w>
         <c> </c>
         <w xml:id="bsb18-673120"
            n="a-1070"
            ecep:lem="slight"
            ecep:pos="j"
            ecep:reg="slight"
            ecep:spe="slight"
            ecep:syllab="1"
            ecep:pron="slaɪt">slight</w>
         <pc xml:id="bsb18-673130"
             n="a-1080"
             ecep:lem=";"
             ecep:pos=";"
             ecep:reg=";"
             ecep:spe=";">;</pc>
      </l>
      <l xml:id="bsb18-l30270">
         <c> </c>
         <w xml:id="bsb18-673140"
            n="a-1090"
            ecep:lem="a"
            ecep:pos="dt"
            ecep:reg="A"
            ecep:spe="A"
            ecep:syllab="1"
            ecep:pron="ə">A</w>
         <c> </c>
         <w xml:id="bsb18-673150"
            n="a-1100"
            ecep:lem="wife"
            ecep:pos="n1"
            ecep:reg="wife"
            ecep:spe="wife"
            ecep:syllab="1"
            ecep:pron="waɪf">wife</w>
         <c> </c>
         <w xml:id="bsb18-673160"
            n="a-1110"
            ecep:lem="become"
            ecep:pos="vvz"
            ecep:reg="becomes"
            ecep:spe="becomes"
            ecep:syllab="2"
            ecep:pron="bɪˈkʌmz">becomes</w>
         <c> </c>
         <w xml:id="bsb18-673170"
            n="a-1120"
            ecep:lem="a"
            ecep:pos="dt"
            ecep:reg="a"
            ecep:spe="a"
            ecep:syllab="1"
            ecep:pron="ə">a</w>
         <c> </c>
         <w xml:id="bsb18-673180"
            n="a-1130"
            ecep:lem="drudge"
            ecep:pos="n1"
            ecep:reg="drudge"
            ecep:spe="drudge"
            ecep:syllab="1"
            ecep:pron="drʌdʒ">drudge</w>
         <c> </c>
         <w xml:id="bsb18-673190"
            n="a-1140"
            ecep:lem="of"
            ecep:pos="pp-f"
            ecep:reg="oF"
            ecep:spe="o'"
            ecep:syllab="1"
            ecep:pron="əʊ">o'</w>
         <c> </c>
         <w xml:id="bsb18-673200"
            n="a-1150"
            ecep:lem="care"
            ecep:pos="n1"
            ecep:reg="care"
            ecep:spe="care"
            ecep:syllab="1"
            ecep:pron="keə">care</w>
         <pc xml:id="bsb18-673210"
             n="a-1160"
             ecep:lem=","
             ecep:pos=","
             ecep:reg=","
             ecep:spe=",">,</pc>
      </l>
      <l rendition="#h_3" xml:id="bsb18-l30275">
         <c> </c>
         <w xml:id="bsb18-673220"
            n="a-1170"
            ecep:lem="and"
            ecep:pos="cc"
            ecep:reg="And"
            ecep:spe="And"
            ecep:syllab="1"
            ecep:pron="ænd">And</w>
         <c> </c>
         <w xml:id="bsb18-673230"
            n="a-1180"
            ecep:lem="never"
            ecep:pos="ng1"
            ecep:reg="never's"
            ecep:spe="never's"
            ecep:syllab="2"
            ecep:pron="ˈnevəz">never's</w>
         <c> </c>
         <w xml:id="bsb18-673240"
            n="a-1190"
            ecep:lem="in"
            ecep:pos="p-acp"
            ecep:reg="in"
            ecep:spe="in"
            ecep:syllab="1"
            ecep:pron="ɪn">in</w>
         <c> </c>
         <w xml:id="bsb18-673250"
            n="a-1200"
            ecep:lem="the"
            ecep:pos="dt"
            ecep:reg="the"
            ecep:spe="the"
            ecep:syllab="1"
            ecep:pron="ðiː">the</w>
         <c> </c>
         <w xml:id="bsb18-673260"
            n="a-1210"
            ecep:lem="right"
            ecep:pos="n-jn"
            ecep:reg="right"
            ecep:spe="right"
            ecep:syllab="1"
            ecep:pron="raɪt">right</w>
         <pc xml:id="bsb18-673270"
             n="a-1220"
             unit="sentence"
             ecep:lem="."
             ecep:pos="."
             ecep:reg="."
             ecep:spe=".">.</pc>
         <c> </c>
      </l>
   </lg>
   <lg xml:id="bsb18-s01925">
      <l xml:id="bsb18-l30280">
         <w xml:id="bsb18-673300"
            n="a-1230"
            ecep:lem="there|be"
            ecep:pos="pc-acp|vbz"
            ecep:reg="There's"
            ecep:spe="There's"
            ecep:syllab="1"
            ecep:pron="ðeəz">There's</w>
         <c> </c>
         <w xml:id="bsb18-673310"
            n="a-1240"
            ecep:lem="bonny"
            ecep:pos="j"
            ecep:reg="bonny"
            ecep:spe="bonny"
            ecep:syllab="2"
            ecep:pron="ˈbɒni">bonny</w>
         <c> </c>
         <w xml:id="bsb18-673320"
            n="a-1250"
            ecep:lem="tibby"
            ecep:pos="np1"
            ecep:reg="Tibby"
            ecep:spe="Tibby"
            ecep:syllab="2"
            ecep:pron="tˈɪbi">Tibby</w>
         <c> </c>
         <w xml:id="bsb18-673330"
            n="a-1260"
            ecep:lem="of"
            ecep:pos="pp-f"
            ecep:reg="oF"
            ecep:spe="o'"
            ecep:syllab="1"
            ecep:pron="əʊ">o'</w>
         <c> </c>
         <w xml:id="bsb18-673340"
            n="a-1270"
            ecep:lem="the"
            ecep:pos="dt"
            ecep:reg="the"
            ecep:spe="the"
            ecep:syllab="1"
            ecep:pron="ðiː">the</w>
         <c> </c>
         <w xml:id="bsb18-673350"
            n="a-1280"
            ecep:lem="glen"
            ecep:pos="n1"
            ecep:reg="glen"
            ecep:spe="glen"
            ecep:syllab="1"
            ecep:pron="glen">glen</w>
         <pc xml:id="bsb18-673360"
             n="a-1290"
             ecep:lem=","
             ecep:pos=","
             ecep:reg=","
             ecep:spe=",">,</pc>
      </l>
      <l rendition="#h_3" xml:id="bsb18-l30285">
         <c> </c>
         <w xml:id="bsb18-673370"
            n="a-1300"
            ecep:lem="and"
            ecep:pos="cc"
            ecep:reg="And"
            ecep:spe="And"
            ecep:syllab="1"
            ecep:pron="ænd">And</w>
         <c> </c>
         <w xml:id="bsb18-673380"
            n="a-1310"
            ecep:lem="Anny"
            ecep:pos="np1"
            ecep:reg="Anny"
            ecep:spe="Anny"
            ecep:syllab="2"
            ecep:pron="ˈæni">Anny</w>
         <c> </c>
         <w xml:id="bsb18-673390"
            n="a-1320"
            ecep:lem="of"
            ecep:pos="pp-f"
            ecep:reg="oF"
            ecep:spe="o'"
            ecep:syllab="1"
            ecep:pron="əʊ">o'</w>
         <c> </c>
         <w xml:id="bsb18-673400"
            n="a-1330"
            ecep:lem="the"
            ecep:pos="dt"
            ecep:reg="the"
            ecep:spe="the"
            ecep:syllab="1"
            ecep:pron="ðiː">the</w>
         <c> </c>
         <w xml:id="bsb18-673410"
            n="a-1340"
            ecep:lem="hill"
            ecep:pos="n1"
            ecep:reg="hill"
            ecep:spe="hill"
            ecep:syllab="1"
            ecep:pron="hɪl">hill</w>
         <pc xml:id="bsb18-673420"
             n="a-1350"
             ecep:lem=","
             ecep:pos=","
             ecep:reg=","
             ecep:spe=",">,</pc>
      </l>
      <l xml:id="bsb18-l30290">
         <c> </c>
         <w xml:id="bsb18-673430"
            n="a-1360"
            ecep:lem="their"
            ecep:pos="po32"
            ecep:reg="Their"
            ecep:spe="Their"
            ecep:syllab="1"
            ecep:pron="ðeə">Their</w>
         <c> </c>
         <w xml:id="bsb18-673440"
            n="a-1370"
            ecep:lem="beauty"
            ecep:pos="n1"
            ecep:reg="beauty"
            ecep:spe="beauty"
            ecep:syllab="2"
            ecep:pron="ˈbjuːti">beauty</w>
         <c> </c>
         <w xml:id="bsb18-673450"
            n="a-1380"
            ecep:lem="craze"
            ecep:pos="vvd"
            ecep:reg="crazed"
            ecep:spe="crazed"
            ecep:syllab="1"
            ecep:pron="kreɪzd">crazed</w>
         <c> </c>
         <w xml:id="bsb18-673460"
            n="a-1390"
            ecep:lem="both"
            ecep:pos="d"
            ecep:reg="baith"
            ecep:spe="baith"
            ecep:syllab="1"
            ecep:pron="beɪθ">baith</w>
         <c> </c>
         <w xml:id="bsb18-673470"
            n="a-1400"
            ecep:lem="their"
            ecep:pos="po32"
            ecep:reg="their"
            ecep:spe="their"
            ecep:syllab="1"
            ecep:pron="ðeə">their</w>
         <c> </c>
         <w xml:id="bsb18-673480"
            n="a-1410"
            ecep:lem="man"
            ecep:pos="n2"
            ecep:reg="men"
            ecep:spe="men"
            ecep:syllab="1"
            ecep:pron="men">men</w>
         <pc xml:id="bsb18-673490"
             n="a-1420"
             ecep:lem=","
             ecep:pos=","
             ecep:reg=","
             ecep:spe=",">,</pc>
      </l>
      <l rendition="#h_3" xml:id="bsb18-l30295">
         <c> </c>
         <w xml:id="bsb18-673500"
            n="a-1430"
            ecep:lem="and"
            ecep:pos="cc"
            ecep:reg="And"
            ecep:spe="And"
            ecep:syllab="1"
            ecep:pron="ænd">And</w>
         <c> </c>
         <w xml:id="bsb18-673510"
            n="a-1440"
            ecep:lem="may"
            ecep:pos="vmd"
            ecep:reg="might"
            ecep:spe="might"
            ecep:syllab="1"
            ecep:pron="maɪt">might</w>
         <c> </c>
         <w xml:id="bsb18-673520"
            n="a-1450"
            ecep:lem="delight"
            ecep:pos="vvi"
            ecep:reg="delight"
            ecep:spe="delight"
            ecep:syllab="2"
            ecep:pron="dɪˈlaɪt">delight</w>
         <c> </c>
         <w xml:id="bsb18-673530"
            n="a-1460"
            ecep:lem="they"
            ecep:pos="pno32"
            ecep:reg="them"
            ecep:spe="them"
            ecep:syllab="1"
            ecep:pron="ðem">them</w>
         <c> </c>
         <w xml:id="bsb18-673540"
            n="a-1470"
            ecep:lem="still"
            ecep:pos="av"
            ecep:reg="still"
            ecep:spe="still"
            ecep:syllab="1"
            ecep:pron="stɪl">still</w>
         <pc xml:id="bsb18-673550"
             n="a-1480"
             ecep:lem=";"
             ecep:pos=";"
             ecep:reg=";"
             ecep:spe=";">;</pc>
      </l>
      <l xml:id="bsb18-l30300">
         <c> </c>
         <w xml:id="bsb18-673560"
            n="a-1490"
            ecep:lem="but"
            ecep:pos="cc-acp"
            ecep:reg="But"
            ecep:spe="But"
            ecep:syllab="1"
            ecep:pron="bʌt">But</w>
         <c> </c>
         <w xml:id="bsb18-673570"
            n="a-1500"
            ecep:lem="now"
            ecep:pos="av"
            ecep:reg="now"
            ecep:spe="now"
            ecep:syllab="1"
            ecep:pron="naʊ">now</w>
         <c> </c>
         <w xml:id="bsb18-673580"
            n="a-1510"
            ecep:lem="they"
            ecep:pos="pns32"
            ecep:reg="they"
            ecep:spe="they"
            ecep:syllab="1"
            ecep:pron="ðeɪ">they</w>
         <c> </c>
         <w xml:id="bsb18-673590"
            n="a-1520"
            ecep:lem="watch"
            ecep:pos="vvb"
            ecep:reg="watch"
            ecep:spe="watch"
            ecep:syllab="1"
            ecep:pron="wɒtʃ">watch</w>
         <c> </c>
         <w xml:id="bsb18-673600"
            n="a-1530"
            ecep:lem="their"
            ecep:pos="po32"
            ecep:reg="their"
            ecep:spe="their"
            ecep:syllab="1"
            ecep:pron="ðeə">their</w>
         <c> </c>
         <w xml:id="bsb18-673610"
            n="a-1540"
            ecep:lem="lordies"
            ecep:pos="ng2"
            ecep:reg="lordies'"
            ecep:spe="lordies'"
            ecep:syllab="2"
            ecep:pron="lˈɔːdɪz">lordies'</w>
         <c> </c>
         <w xml:id="bsb18-673630"
            n="a-1560"
            ecep:lem="frown"
            ecep:pos="n2"
            ecep:reg="frowns"
            ecep:spe="frowns"
            ecep:syllab="1"
            ecep:pron="fraʊnz">frowns</w>
         <pc xml:id="bsb18-673640"
             n="a-1570"
             ecep:lem=","
             ecep:pos=","
             ecep:reg=","
             ecep:spe=",">,</pc>
      </l>
      <l rendition="#h_3" xml:id="bsb18-l30305">
         <c> </c>
         <w xml:id="bsb18-673650"
            n="a-1580"
            ecep:lem="their"
            ecep:pos="po32"
            ecep:reg="Their"
            ecep:spe="Their"
            ecep:syllab="1"
            ecep:pron="ðeə">Their</w>
         <c> </c>
         <w xml:id="bsb18-673660"
            n="a-1590"
            ecep:lem="saul"
            ecep:pos="n2"
            ecep:reg="sauls"
            ecep:spe="sauls"
            ecep:syllab="1"
            ecep:pron="sˈɔːlz">sauls</w>
         <c> </c>
         <w xml:id="bsb18-673670"
            n="a-1600"
            ecep:lem="they"
            ecep:pos="pns32"
            ecep:reg="they"
            ecep:spe="they"
            ecep:syllab="1"
            ecep:pron="ðeɪ">they</w>
         <c> </c>
         <w xml:id="bsb18-673680"
            n="a-1610"
            ecep:lem="daurna"
            ecep:pos="fw-la"
            ecep:reg="daurna"
            ecep:spe="daurna"
            ecep:syllab="2"
            ecep:pron="dˈɔːənə">daurna</w>
         <c> </c>
         <w xml:id="bsb18-673690"
            n="a-1620"
            ecep:lem="own"
            ecep:pos="vvb"
            ecep:reg="own"
            ecep:spe="own"
            ecep:syllab="1"
            ecep:pron="əʊn">own</w>
         <pc xml:id="bsb18-673700"
             n="a-1630"
             ecep:lem=";"
             ecep:pos=";"
             ecep:reg=";"
             ecep:spe=";">;</pc>
      </l>
      <l xml:id="bsb18-l30310">
         <c> </c>
         <w xml:id="bsb18-673710"
            n="a-1640"
            ecep:lem="it|be"
            ecep:pos="pn31|vbz"
            ecep:reg="It's"
            ecep:spe="'Tis"
            ecep:syllab="1"
            ecep:pron="tɪz">'Tis</w>
         <c> </c>
         <w xml:id="bsb18-673720"
            n="a-1650"
            ecep:lem="tyranny"
            ecep:pos="n1"
            ecep:reg="tyranny"
            ecep:spe="tyranny"
            ecep:syllab="3"
            ecep:pron="ˈtɪrni">tyranny</w>
         <c> </c>
         <w xml:id="bsb18-673730"
            n="a-1660"
            ecep:lem="that"
            ecep:pos="cst"
            ecep:reg="that"
            ecep:spe="that"
            ecep:syllab="1"
            ecep:pron="ðæt">that</w>
         <c> </c>
         <w xml:id="bsb18-673740"
            n="a-1670"
            ecep:lem="wedlock"
            ecep:pos="n1"
            ecep:reg="wedlock"
            ecep:spe="wedlock"
            ecep:syllab="2"
            ecep:pron="ˈwedlɒk">wedlock</w>
         <c> </c>
         <w xml:id="bsb18-673750"
            n="a-1680"
            ecep:lem="crown"
            ecep:pos="n2"
            ecep:reg="crowns"
            ecep:spe="crowns"
            ecep:syllab="1"
            ecep:pron="kraʊnz">crowns</w>
         <pc xml:id="bsb18-673760"
             n="a-1690"
             ecep:lem=","
             ecep:pos=","
             ecep:reg=","
             ecep:spe=",">,</pc>
      </l>
      <l rendition="#h_3" xml:id="bsb18-l30315">
         <c> </c>
         <w xml:id="bsb18-673770"
            n="a-1700"
            ecep:lem="and"
            ecep:pos="cc"
            ecep:reg="And"
            ecep:spe="And"
            ecep:syllab="1"
            ecep:pron="ænd">And</w>
         <c> </c>
         <w xml:id="bsb18-673780"
            n="a-1710"
            ecep:lem="woman"
            ecep:pos="ng1"
            ecep:reg="woman's"
            ecep:spe="woman's"
            ecep:syllab="2"
            ecep:pron="ˈwʊmənz">woman's</w>
         <c> </c>
         <w xml:id="bsb18-673790"
            n="a-1720"
            ecep:lem="joy"
            ecep:pos="n2"
            ecep:reg="joys"
            ecep:spe="joys"
            ecep:syllab="1"
            ecep:pron="dʒɔɪz">joys</w>
         <c> </c>
         <w xml:id="bsb18-673800"
            n="a-1730"
            ecep:lem="be"
            ecep:pos="vbr"
            ecep:reg="are"
            ecep:spe="are"
            ecep:syllab="1"
            ecep:pron="ɑː">are</w>
         <c> </c>
         <w xml:id="bsb18-673810"
            n="a-1740"
            ecep:lem="fly"
            ecep:pos="vvn"
            ecep:reg="flown"
            ecep:spe="flown"
            ecep:syllab="1"
            ecep:pron="fləʊn">flown</w>
         <pc xml:id="bsb18-673820"
             n="a-1750"
             unit="sentence"
             ecep:lem="."
             ecep:pos="."
             ecep:reg="."
             ecep:spe=".">.</pc>
         <c> </c>
      </l>
   </lg>
</div>
