<?xml version="1.0" encoding="UTF-8"?>
<?xml-model href="../tei_all.rnc" type="application/relax-ng-compact-syntax"?>
<TEI xmlns="http://www.tei-c.org/ns/1.0">
   <teiHeader>
      <fileDesc>
         <titleStmt>
            <title corresp="#txt_WillHe1759_w0033">SONNET TO THE WHITE-BIRD OF THE TROPIC.</title>
            <author corresp="authors.xml#aut_WillHe1759">Helen Maria Williams</author>
            <respStmt>
               <name xml:id="AH">Alexander Huber</name>
               <resp>Editor</resp>
            </respStmt>
            <funder>
               <name type="institution" xml:id="BOD">Bodleian Libraries, University of Oxford</name>
               <address>
                  <addrLine>Broad Street</addrLine>
                  <addrLine>Oxford OX1 3BG</addrLine>
                  <addrLine>UK</addrLine>
               </address>
            </funder>
         </titleStmt>
         <publicationStmt>
            <publisher xml:id="ECPA">Eighteenth-Century Poetry Archive</publisher>
            <address>
               <addrLine>Taylor Institution Library</addrLine>
               <addrLine>St Giles'</addrLine>
               <addrLine>Oxford OX1 3NA</addrLine>
               <addrLine>UK</addrLine>
               <addrLine>
                  <email>info@eighteenthcenturypoetry.org</email>
               </addrLine>
               <addrLine>
                  <ref target="https://www.eighteenthcenturypoetry.org/">https://www.eighteenthcenturypoetry.org/</ref>
               </addrLine>
            </address>
            <pubPlace>Oxford</pubPlace>
            <availability status="restricted">
               <licence target="http://creativecommons.org/licenses/by-sa/3.0/">This work is licensed under a Creative Commons Attribution-ShareAlike 3.0 Unported License.</licence>
            </availability>
         </publicationStmt>
         <sourceDesc>
            <bibl>
               <author>Williams, Helen Maria, 1759-1827.</author>
               <title>Poems on various subjects: with introductory remarks on the present state of science and literature in France.</title>
               <pubPlace>London</pubPlace>
               <publisher>G. and W. B. Whittaker</publisher>
               <date>1823</date>
               <biblScope>p. 218.</biblScope>
               <extent/>
            </bibl>
         </sourceDesc>
      </fileDesc>
      <encodingDesc>
         <projectDesc>
            <p>This e-text is part of the Works section of the Eighteenth-Century Poetry Archive (ECPA).</p>
            <p>XML created for the Eighteenth-Century Poetry Archive (ECPA).</p>
         </projectDesc>
         <editorialDecl>
            <p>Typography, spelling, capitalization, and punctuation have been cautiously modernized. The source of the text is given and all significant
						editorial interventions have been recorded in textual notes. This  text has been edited to conform to the recommendations found 
						in Level 5 of the
						Best Practices for TEI in Libraries version 4.0.0.
					</p>
         </editorialDecl>
         <classDecl>
            <taxonomy xml:id="LCNAF">
               <bibl>Library of Congress Name Authority File (<abbr>LCNAF</abbr>)</bibl>
            </taxonomy>
         </classDecl>
         <tagsDecl>
            <rendition n="linegroups indented" xml:id="lgindent" scheme="css">text-indent: 1em;</rendition>
            <rendition n="linegroups vertically spaced" xml:id="lgvspace" scheme="css">margin-bottom: 1em;</rendition>
            <rendition n="aligned centrally" xml:id="align-center" scheme="css">text-align: center;</rendition>
            <rendition n="aligned right" xml:id="align-right" scheme="css">text-align: right;</rendition>
            <rendition n="aligned left" xml:id="align-left" scheme="css">text-align: left;</rendition>
            <rendition n="inline" xml:id="inline" scheme="css">display: inline</rendition>
            <rendition n="italic" xml:id="i" scheme="css">font-style: italic;</rendition>
            <rendition n="bold" xml:id="b" scheme="css">font-weight: bold;</rendition>
         </tagsDecl>
      </encodingDesc>
   </teiHeader>
   <text>
      <body>
         <div xmlns:ecep="http://www.eighteenthcenturypoetry.org/ns"
              ana="#iamb #pentameter #sonnet"
              corresp="#txt_WillHe1759_w0033"
              decls="#semi-normalized"
              ecep:syllab="10"
              met="-+|-+|-+|-+|-+/"
              rendition="#lgvspace"
              rhyme="abbaabbacdcdcd"
              subtype="eceptext"
              type="poem"
              xml:id="bhw18-w0330">
            <link target="authors.xml#aut_WillHe1759" type="author"/>
            <head type="main">
               <w xmlns:ecep="http://www.eighteenthcenturypoetry.org/ns"
                  xml:id="bhw18-401260"
                  n="a-0010"
                  ecep:lem="sonnet"
                  ecep:pos="n1"
                  ecep:reg="SONNET"
                  ecep:spe="SONNET"
                  ecep:syllab="2"
                  ecep:pron="ˈsɒnɪt">SONNET</w>
            </head>
            <head type="sub">
               <w xmlns:ecep="http://www.eighteenthcenturypoetry.org/ns"
                  xml:id="bhw18-401290"
                  n="a-0020"
                  ecep:lem="to"
                  ecep:pos="p-acp"
                  ecep:reg="TO"
                  ecep:spe="TO"
                  ecep:syllab="1"
                  ecep:pron="tuː">TO</w>
               <c> </c>
               <w xmlns:ecep="http://www.eighteenthcenturypoetry.org/ns"
                  xml:id="bhw18-401300"
                  n="a-0030"
                  ecep:lem="the"
                  ecep:pos="dt"
                  ecep:reg="THE"
                  ecep:spe="THE"
                  ecep:syllab="1"
                  ecep:pron="ðiː">THE</w>
               <c> </c>
               <w xmlns:ecep="http://www.eighteenthcenturypoetry.org/ns"
                  xml:id="bhw18-401310"
                  n="a-0040"
                  ecep:lem="white-bird"
                  ecep:pos="n1"
                  ecep:reg="WHITE-BIRD"
                  ecep:spe="WHITE-BIRD"
                  ecep:syllab="2"
                  ecep:pron="waɪtˌbɜːd">WHITE-BIRD</w>
               <c> </c>
               <w xmlns:ecep="http://www.eighteenthcenturypoetry.org/ns"
                  xml:id="bhw18-401320"
                  n="a-0050"
                  ecep:lem="of"
                  ecep:pos="pp-f"
                  ecep:reg="OF"
                  ecep:spe="OF"
                  ecep:syllab="1"
                  ecep:pron="ɒv">OF</w>
               <c> </c>
               <w xmlns:ecep="http://www.eighteenthcenturypoetry.org/ns"
                  xml:id="bhw18-401330"
                  n="a-0060"
                  ecep:lem="the"
                  ecep:pos="dt"
                  ecep:reg="THE"
                  ecep:spe="THE"
                  ecep:syllab="1"
                  ecep:pron="ðiː">THE</w>
               <c> </c>
               <w xmlns:ecep="http://www.eighteenthcenturypoetry.org/ns"
                  xml:id="bhw18-401340"
                  n="a-0070"
                  ecep:lem="tropic"
                  ecep:pos="j"
                  ecep:reg="TROPIC"
                  ecep:spe="TROPIC"
                  ecep:syllab="2"
                  ecep:pron="ˈtrɒpɪk">TROPIC</w>
               <pc xmlns:ecep="http://www.eighteenthcenturypoetry.org/ns"
                   xml:id="bhw18-401350"
                   n="a-0080"
                   unit="sentence"
                   ecep:lem="."
                   ecep:pos="."
                   ecep:reg="."
                   ecep:spe=".">.</pc>
            </head>
            <lg xml:id="bhw18-s01455">
               <l rendition="#h_3" xml:id="bhw18-l16630">
                  <hi rendition="#sc">
                     <w xmlns:ecep="http://www.eighteenthcenturypoetry.org/ns"
                        xml:id="bhw18-401380"
                        n="a-0090"
                        ecep:lem="bird"
                        ecep:pos="n1"
                        ecep:reg="BIRD"
                        ecep:spe="BIRD"
                        ecep:syllab="1"
                        ecep:pron="bɜːd">BIRD</w>
                  </hi>
                  <c> </c>
                  <w xmlns:ecep="http://www.eighteenthcenturypoetry.org/ns"
                     xml:id="bhw18-401390"
                     n="a-0100"
                     ecep:lem="of"
                     ecep:pos="pp-f"
                     ecep:reg="of"
                     ecep:spe="of"
                     ecep:syllab="1"
                     ecep:pron="ɒv">of</w>
                  <c> </c>
                  <w xmlns:ecep="http://www.eighteenthcenturypoetry.org/ns"
                     xml:id="bhw18-401400"
                     n="a-0110"
                     ecep:lem="the"
                     ecep:pos="dt"
                     ecep:reg="the"
                     ecep:spe="the"
                     ecep:syllab="1"
                     ecep:pron="ðiː">the</w>
                  <c> </c>
                  <w xmlns:ecep="http://www.eighteenthcenturypoetry.org/ns"
                     xml:id="bhw18-401410"
                     n="a-0120"
                     ecep:lem="tropic"
                     ecep:pos="j"
                     ecep:reg="Tropic"
                     ecep:spe="Tropic"
                     ecep:syllab="2"
                     ecep:pron="ˈtrɒpɪk">Tropic</w>
                  <pc xmlns:ecep="http://www.eighteenthcenturypoetry.org/ns"
                      xml:id="bhw18-401420"
                      n="a-0130"
                      ecep:lem="!"
                      ecep:pos="!"
                      ecep:reg="!"
                      ecep:spe="!">!</pc>
                  <c> </c>
                  <w xmlns:ecep="http://www.eighteenthcenturypoetry.org/ns"
                     xml:id="bhw18-401430"
                     n="a-0140"
                     ecep:lem="thou"
                     ecep:pos="pns21"
                     ecep:reg="thou"
                     ecep:spe="thou"
                     ecep:syllab="1"
                     ecep:pron="θaʊ">thou</w>
                  <pc xmlns:ecep="http://www.eighteenthcenturypoetry.org/ns"
                      xml:id="bhw18-401440"
                      n="a-0150"
                      ecep:lem=","
                      ecep:pos=","
                      ecep:reg=","
                      ecep:spe=",">,</pc>
                  <c> </c>
                  <w xmlns:ecep="http://www.eighteenthcenturypoetry.org/ns"
                     xml:id="bhw18-401450"
                     n="a-0160"
                     ecep:lem="who"
                     ecep:pos="q-crq"
                     ecep:reg="who"
                     ecep:spe="who"
                     ecep:syllab="1"
                     ecep:pron="huː">who</w>
                  <c> </c>
                  <w xmlns:ecep="http://www.eighteenthcenturypoetry.org/ns"
                     xml:id="bhw18-401460"
                     n="a-0170"
                     ecep:lem="love"
                     ecep:pos="vv2"
                     ecep:reg="lovest"
                     ecep:spe="lov'st"
                     ecep:syllab="1"
                     ecep:pron="lˈʌvst">lov'st</w>
                  <c> </c>
                  <w xmlns:ecep="http://www.eighteenthcenturypoetry.org/ns"
                     xml:id="bhw18-401470"
                     n="a-0180"
                     ecep:lem="to"
                     ecep:pos="pc-acp"
                     ecep:reg="to"
                     ecep:spe="to"
                     ecep:syllab="1"
                     ecep:pron="tuː">to</w>
                  <c> </c>
                  <w xmlns:ecep="http://www.eighteenthcenturypoetry.org/ns"
                     xml:id="bhw18-401480"
                     n="a-0190"
                     ecep:lem="stray"
                     ecep:pos="vvi"
                     ecep:reg="stray"
                     ecep:spe="stray"
                     ecep:syllab="1"
                     ecep:pron="streɪ">stray</w>
               </l>
               <l xml:id="bhw18-l16635">
                  <c> </c>
                  <w xmlns:ecep="http://www.eighteenthcenturypoetry.org/ns"
                     xml:id="bhw18-401490"
                     n="a-0200"
                     ecep:lem="where"
                     ecep:pos="c-crq"
                     ecep:reg="Where"
                     ecep:spe="Where"
                     ecep:syllab="1"
                     ecep:pron="weə">Where</w>
                  <c> </c>
                  <w xmlns:ecep="http://www.eighteenthcenturypoetry.org/ns"
                     xml:id="bhw18-401500"
                     n="a-0210"
                     ecep:lem="thy"
                     ecep:pos="po21"
                     ecep:reg="thy"
                     ecep:spe="thy"
                     ecep:syllab="1"
                     ecep:pron="ðaɪ">thy</w>
                  <c> </c>
                  <w xmlns:ecep="http://www.eighteenthcenturypoetry.org/ns"
                     xml:id="bhw18-401510"
                     n="a-0220"
                     ecep:lem="long"
                     ecep:pos="j"
                     ecep:reg="long"
                     ecep:spe="long"
                     ecep:syllab="1"
                     ecep:pron="lɒŋ">long</w>
                  <c> </c>
                  <w xmlns:ecep="http://www.eighteenthcenturypoetry.org/ns"
                     xml:id="bhw18-401520"
                     n="a-0230"
                     ecep:lem="pinion"
                     ecep:pos="n2"
                     ecep:reg="pinions"
                     ecep:spe="pinions"
                     ecep:syllab="2"
                     ecep:pron="ˈpɪnjənz">pinions</w>
                  <c> </c>
                  <w xmlns:ecep="http://www.eighteenthcenturypoetry.org/ns"
                     xml:id="bhw18-401530"
                     n="a-0240"
                     ecep:lem="sweep"
                     ecep:pos="vvi"
                     ecep:reg="sweep"
                     ecep:spe="sweep"
                     ecep:syllab="1"
                     ecep:pron="swiːp">sweep</w>
                  <c> </c>
                  <w xmlns:ecep="http://www.eighteenthcenturypoetry.org/ns"
                     xml:id="bhw18-401540"
                     n="a-0250"
                     ecep:lem="the"
                     ecep:pos="dt"
                     ecep:reg="the"
                     ecep:spe="the"
                     ecep:syllab="1"
                     ecep:pron="ðiː">the</w>
                  <c> </c>
                  <w xmlns:ecep="http://www.eighteenthcenturypoetry.org/ns"
                     xml:id="bhw18-401550"
                     n="a-0260"
                     ecep:lem="sultry"
                     ecep:pos="j"
                     ecep:reg="sultry"
                     ecep:spe="sultry"
                     ecep:syllab="2"
                     ecep:pron="ˈsʌltri">sultry</w>
                  <c> </c>
                  <w xmlns:ecep="http://www.eighteenthcenturypoetry.org/ns"
                     xml:id="bhw18-401560"
                     n="a-0270"
                     ecep:lem="line"
                     ecep:pos="n1"
                     ecep:reg="Line"
                     ecep:spe="Line"
                     ecep:syllab="1"
                     ecep:pron="laɪn">Line</w>
                  <pc xmlns:ecep="http://www.eighteenthcenturypoetry.org/ns"
                      xml:id="bhw18-401570"
                      n="a-0280"
                      ecep:lem=","
                      ecep:pos=","
                      ecep:reg=","
                      ecep:spe=",">,</pc>
               </l>
               <l xml:id="bhw18-l16640">
                  <c> </c>
                  <w xmlns:ecep="http://www.eighteenthcenturypoetry.org/ns"
                     xml:id="bhw18-401580"
                     n="a-0290"
                     ecep:lem="or"
                     ecep:pos="cc"
                     ecep:reg="Or"
                     ecep:spe="Or"
                     ecep:syllab="1"
                     ecep:pron="ɔː">Or</w>
                  <c> </c>
                  <w xmlns:ecep="http://www.eighteenthcenturypoetry.org/ns"
                     xml:id="bhw18-401590"
                     n="a-0300"
                     ecep:lem="mark"
                     ecep:pos="vv2"
                     ecep:reg="markest"
                     ecep:spe="mark'st"
                     ecep:syllab="1"
                     ecep:pron="mɑːkst">mark'st</w>
                  <c> </c>
                  <w xmlns:ecep="http://www.eighteenthcenturypoetry.org/ns"
                     xml:id="bhw18-401600"
                     n="a-0310"
                     ecep:lem="the"
                     ecep:pos="dt"
                     ecep:reg="the"
                     ecep:spe="the"
                     ecep:syllab="1"
                     ecep:pron="ðiː">the</w>
                  <c> </c>
                  <w xmlns:ecep="http://www.eighteenthcenturypoetry.org/ns"
                     xml:id="bhw18-401610"
                     n="a-0320"
                     ecep:lem="bound"
                     ecep:pos="n2"
                     ecep:reg="bounds"
                     ecep:spe="bounds"
                     ecep:syllab="1"
                     ecep:pron="baʊndz">bounds</w>
                  <c> </c>
                  <w xmlns:ecep="http://www.eighteenthcenturypoetry.org/ns"
                     xml:id="bhw18-401620"
                     n="a-0330"
                     ecep:lem="which"
                     ecep:pos="r-crq"
                     ecep:reg="which"
                     ecep:spe="which"
                     ecep:syllab="1"
                     ecep:pron="wɪtʃ">which</w>
                  <c> </c>
                  <w xmlns:ecep="http://www.eighteenthcenturypoetry.org/ns"
                     xml:id="bhw18-401630"
                     n="a-0340"
                     ecep:lem="torrid"
                     ecep:pos="j"
                     ecep:reg="torrid"
                     ecep:spe="torrid"
                     ecep:syllab="2"
                     ecep:pron="ˈtɒrɪd">torrid</w>
                  <c> </c>
                  <w xmlns:ecep="http://www.eighteenthcenturypoetry.org/ns"
                     xml:id="bhw18-401640"
                     n="a-0350"
                     ecep:lem="beam"
                     ecep:pos="n2"
                     ecep:reg="beams"
                     ecep:spe="beams"
                     ecep:syllab="1"
                     ecep:pron="biːmz">beams</w>
                  <c> </c>
                  <w xmlns:ecep="http://www.eighteenthcenturypoetry.org/ns"
                     xml:id="bhw18-401650"
                     n="a-0360"
                     ecep:lem="confine"
                     ecep:pos="vvi"
                     ecep:reg="confine"
                     ecep:spe="confine"
                     ecep:syllab="2"
                     ecep:pron="ˈkɒnfaɪn">confine</w>
               </l>
               <l rendition="#h_3" xml:id="bhw18-l16645">
                  <c> </c>
                  <w xmlns:ecep="http://www.eighteenthcenturypoetry.org/ns"
                     xml:id="bhw18-401660"
                     n="a-0370"
                     ecep:lem="by"
                     ecep:pos="p-acp"
                     ecep:reg="By"
                     ecep:spe="By"
                     ecep:syllab="1"
                     ecep:pron="baɪ">By</w>
                  <c> </c>
                  <w xmlns:ecep="http://www.eighteenthcenturypoetry.org/ns"
                     xml:id="bhw18-401670"
                     n="a-0380"
                     ecep:lem="thy"
                     ecep:pos="po21"
                     ecep:reg="thy"
                     ecep:spe="thy"
                     ecep:syllab="1"
                     ecep:pron="ðaɪ">thy</w>
                  <c> </c>
                  <w xmlns:ecep="http://www.eighteenthcenturypoetry.org/ns"
                     xml:id="bhw18-401680"
                     n="a-0390"
                     ecep:lem="avert"
                     ecep:pos="j-vvn"
                     ecep:reg="averted"
                     ecep:spe="averted"
                     ecep:syllab="3"
                     ecep:pron="əˈvɜːtɪd">averted</w>
                  <c> </c>
                  <w xmlns:ecep="http://www.eighteenthcenturypoetry.org/ns"
                     xml:id="bhw18-401690"
                     n="a-0400"
                     ecep:lem="course"
                     ecep:pos="n1"
                     ecep:reg="course"
                     ecep:spe="course"
                     ecep:syllab="1"
                     ecep:pron="kɔːs">course</w>
                  <pc xmlns:ecep="http://www.eighteenthcenturypoetry.org/ns"
                      xml:id="bhw18-401700"
                      n="a-0410"
                      ecep:lem=","
                      ecep:pos=","
                      ecep:reg=","
                      ecep:spe=",">,</pc>
                  <c> </c>
                  <w xmlns:ecep="http://www.eighteenthcenturypoetry.org/ns"
                     xml:id="bhw18-401710"
                     n="a-0420"
                     ecep:lem="that"
                     ecep:pos="cst"
                     ecep:reg="that"
                     ecep:spe="that"
                     ecep:syllab="1"
                     ecep:pron="ðæt">that</w>
                  <c> </c>
                  <w xmlns:ecep="http://www.eighteenthcenturypoetry.org/ns"
                     xml:id="bhw18-401720"
                     n="a-0430"
                     ecep:lem="shun"
                     ecep:pos="vvz"
                     ecep:reg="shuns"
                     ecep:spe="shuns"
                     ecep:syllab="1"
                     ecep:pron="ʃʌnz">shuns</w>
                  <c> </c>
                  <w xmlns:ecep="http://www.eighteenthcenturypoetry.org/ns"
                     xml:id="bhw18-401730"
                     n="a-0440"
                     ecep:lem="the"
                     ecep:pos="dt"
                     ecep:reg="the"
                     ecep:spe="the"
                     ecep:syllab="1"
                     ecep:pron="ðiː">the</w>
                  <c> </c>
                  <w xmlns:ecep="http://www.eighteenthcenturypoetry.org/ns"
                     xml:id="bhw18-401740"
                     n="a-0450"
                     ecep:lem="ray"
                     ecep:pos="n1"
                     ecep:reg="ray"
                     ecep:spe="ray"
                     ecep:syllab="1"
                     ecep:pron="reɪ">ray</w>
               </l>
               <l rendition="#h_3" xml:id="bhw18-l16650">
                  <c> </c>
                  <w xmlns:ecep="http://www.eighteenthcenturypoetry.org/ns"
                     xml:id="bhw18-401750"
                     n="a-0460"
                     ecep:lem="oblique"
                     ecep:pos="j"
                     ecep:reg="Oblique"
                     ecep:spe="Oblique"
                     ecep:syllab="2"
                     ecep:pron="əˈbliːk">Oblique</w>
                  <pc xmlns:ecep="http://www.eighteenthcenturypoetry.org/ns"
                      xml:id="bhw18-401760"
                      n="a-0470"
                      ecep:lem=","
                      ecep:pos=","
                      ecep:reg=","
                      ecep:spe=",">,</pc>
                  <c> </c>
                  <w xmlns:ecep="http://www.eighteenthcenturypoetry.org/ns"
                     xml:id="bhw18-401770"
                     n="a-0480"
                     ecep:lem="enamour"
                     ecep:pos="vvn"
                     ecep:reg="enamoured"
                     ecep:spe="enamour'd"
                     ecep:syllab="3"
                     ecep:pron="ɪˈnæməd">enamour'd</w>
                  <c> </c>
                  <w xmlns:ecep="http://www.eighteenthcenturypoetry.org/ns"
                     xml:id="bhw18-401780"
                     n="a-0490"
                     ecep:lem="of"
                     ecep:pos="pp-f"
                     ecep:reg="of"
                     ecep:spe="of"
                     ecep:syllab="1"
                     ecep:pron="ɒv">of</w>
                  <c> </c>
                  <w xmlns:ecep="http://www.eighteenthcenturypoetry.org/ns"
                     xml:id="bhw18-401790"
                     n="a-0500"
                     ecep:lem="sublime"
                     ecep:pos="jc"
                     ecep:reg="sublimer"
                     ecep:spe="sublimer"
                     ecep:syllab="3"
                     ecep:pron="səˈblaɪmə">sublimer</w>
                  <c> </c>
                  <w xmlns:ecep="http://www.eighteenthcenturypoetry.org/ns"
                     xml:id="bhw18-401800"
                     n="a-0510"
                     ecep:lem="day"
                     ecep:pos="n1"
                     ecep:reg="day"
                     ecep:spe="day"
                     ecep:syllab="1"
                     ecep:pron="deɪ">day</w>
                  <pc xmlns:ecep="http://www.eighteenthcenturypoetry.org/ns"
                      xml:id="bhw18-401810"
                      n="a-0520"
                      ecep:lem=":"
                      ecep:pos=":"
                      ecep:reg=":"
                      ecep:spe=":">:</pc>
               </l>
               <l xml:id="bhw18-l16655">
                  <c> </c>
                  <w xmlns:ecep="http://www.eighteenthcenturypoetry.org/ns"
                     xml:id="bhw18-401820"
                     n="a-0530"
                     ecep:lem="oft"
                     ecep:pos="av"
                     ecep:reg="Oft"
                     ecep:spe="Oft"
                     ecep:syllab="1"
                     ecep:pron="ɒft">Oft</w>
                  <c> </c>
                  <w xmlns:ecep="http://www.eighteenthcenturypoetry.org/ns"
                     xml:id="bhw18-401830"
                     n="a-0540"
                     ecep:lem="on"
                     ecep:pos="p-acp"
                     ecep:reg="on"
                     ecep:spe="on"
                     ecep:syllab="1"
                     ecep:pron="ɒn">on</w>
                  <c> </c>
                  <w xmlns:ecep="http://www.eighteenthcenturypoetry.org/ns"
                     xml:id="bhw18-401840"
                     n="a-0550"
                     ecep:lem="yond"
                     ecep:pos="d"
                     ecep:reg="yonder"
                     ecep:spe="yon"
                     ecep:syllab="1"
                     ecep:pron="jɒn">yon</w>
                  <c> </c>
                  <w xmlns:ecep="http://www.eighteenthcenturypoetry.org/ns"
                     xml:id="bhw18-401850"
                     n="a-0560"
                     ecep:lem="cliff"
                     ecep:pos="n1"
                     ecep:reg="cliff"
                     ecep:spe="cliff"
                     ecep:syllab="1"
                     ecep:pron="klɪf">cliff</w>
                  <c> </c>
                  <w xmlns:ecep="http://www.eighteenthcenturypoetry.org/ns"
                     xml:id="bhw18-401860"
                     n="a-0570"
                     ecep:lem="thy"
                     ecep:pos="po21"
                     ecep:reg="thy"
                     ecep:spe="thy"
                     ecep:syllab="1"
                     ecep:pron="ðaɪ">thy</w>
                  <c> </c>
                  <w xmlns:ecep="http://www.eighteenthcenturypoetry.org/ns"
                     xml:id="bhw18-401870"
                     n="a-0580"
                     ecep:lem="fold"
                     ecep:pos="j-vvn"
                     ecep:reg="folded"
                     ecep:spe="folded"
                     ecep:syllab="2"
                     ecep:pron="fəʊldɪd">folded</w>
                  <c> </c>
                  <w xmlns:ecep="http://www.eighteenthcenturypoetry.org/ns"
                     xml:id="bhw18-401880"
                     n="a-0590"
                     ecep:lem="plume"
                     ecep:pos="n2"
                     ecep:reg="plumes"
                     ecep:spe="plumes"
                     ecep:syllab="1"
                     ecep:pron="pluːmz">plumes</w>
                  <c> </c>
                  <w xmlns:ecep="http://www.eighteenthcenturypoetry.org/ns"
                     xml:id="bhw18-401890"
                     n="a-0600"
                     ecep:lem="recline"
                     ecep:pos="vvb"
                     ecep:reg="recline"
                     ecep:spe="recline"
                     ecep:syllab="2"
                     ecep:pron="rɪˈklaɪn">recline</w>
                  <pc xmlns:ecep="http://www.eighteenthcenturypoetry.org/ns"
                      xml:id="bhw18-401900"
                      n="a-0610"
                      ecep:lem=","
                      ecep:pos=","
                      ecep:reg=","
                      ecep:spe=",">,</pc>
               </l>
               <l xml:id="bhw18-l16660">
                  <c> </c>
                  <w xmlns:ecep="http://www.eighteenthcenturypoetry.org/ns"
                     xml:id="bhw18-401910"
                     n="a-0620"
                     ecep:lem="and"
                     ecep:pos="cc"
                     ecep:reg="And"
                     ecep:spe="And"
                     ecep:syllab="1"
                     ecep:pron="ænd">And</w>
                  <c> </c>
                  <w xmlns:ecep="http://www.eighteenthcenturypoetry.org/ns"
                     xml:id="bhw18-401920"
                     n="a-0630"
                     ecep:lem="drop"
                     ecep:pos="vvi"
                     ecep:reg="drop"
                     ecep:spe="drop"
                     ecep:syllab="1"
                     ecep:pron="drɒp">drop</w>
                  <c> </c>
                  <w xmlns:ecep="http://www.eighteenthcenturypoetry.org/ns"
                     xml:id="bhw18-401930"
                     n="a-0640"
                     ecep:lem="those"
                     ecep:pos="d"
                     ecep:reg="those"
                     ecep:spe="those"
                     ecep:syllab="1"
                     ecep:pron="ðəʊz">those</w>
                  <c> </c>
                  <w xmlns:ecep="http://www.eighteenthcenturypoetry.org/ns"
                     xml:id="bhw18-401940"
                     n="a-0650"
                     ecep:lem="snowy"
                     ecep:pos="j"
                     ecep:reg="snowy"
                     ecep:spe="snowy"
                     ecep:syllab="2"
                     ecep:pron="ˈsnəʊi">snowy</w>
                  <c> </c>
                  <w xmlns:ecep="http://www.eighteenthcenturypoetry.org/ns"
                     xml:id="bhw18-401950"
                     n="a-0660"
                     ecep:lem="feather"
                     ecep:pos="n2"
                     ecep:reg="feathers"
                     ecep:spe="feathers"
                     ecep:syllab="2"
                     ecep:pron="ˈfeðəz">feathers</w>
                  <c> </c>
                  <w xmlns:ecep="http://www.eighteenthcenturypoetry.org/ns"
                     xml:id="bhw18-401960"
                     n="a-0670"
                     ecep:lem="indian"
                     ecep:pos="njp2"
                     ecep:reg="Indians"
                     ecep:spe="Indians"
                     ecep:syllab="3"
                     ecep:pron="ˈɪndiənz">Indians</w>
                  <c> </c>
                  <w xmlns:ecep="http://www.eighteenthcenturypoetry.org/ns"
                     xml:id="bhw18-401970"
                     n="a-0680"
                     ecep:lem="twine"
                     ecep:pos="n1"
                     ecep:reg="twine"
                     ecep:spe="twine"
                     ecep:syllab="1"
                     ecep:pron="twaɪn">twine</w>
                  <pc xmlns:ecep="http://www.eighteenthcenturypoetry.org/ns"
                      xml:id="bhw18-401980"
                      n="a-0690"
                      ecep:lem=","
                      ecep:pos=","
                      ecep:reg=","
                      ecep:spe=",">,</pc>
               </l>
               <l rendition="#h_3" xml:id="bhw18-l16665">
                  <c> </c>
                  <w xmlns:ecep="http://www.eighteenthcenturypoetry.org/ns"
                     xml:id="bhw18-401990"
                     n="a-0700"
                     ecep:lem="to"
                     ecep:pos="pc-acp"
                     ecep:reg="To"
                     ecep:spe="To"
                     ecep:syllab="1"
                     ecep:pron="tuː">To</w>
                  <c> </c>
                  <w xmlns:ecep="http://www.eighteenthcenturypoetry.org/ns"
                     xml:id="bhw18-402000"
                     n="a-0710"
                     ecep:lem="crown"
                     ecep:pos="vvi"
                     ecep:reg="crown"
                     ecep:spe="crown"
                     ecep:syllab="1"
                     ecep:pron="kraʊn">crown</w>
                  <c> </c>
                  <w xmlns:ecep="http://www.eighteenthcenturypoetry.org/ns"
                     xml:id="bhw18-402010"
                     n="a-0720"
                     ecep:lem="the"
                     ecep:pos="dt"
                     ecep:reg="the"
                     ecep:spe="the"
                     ecep:syllab="1"
                     ecep:pron="ðiː">the</w>
                  <c> </c>
                  <w xmlns:ecep="http://www.eighteenthcenturypoetry.org/ns"
                     xml:id="bhw18-402020"
                     n="a-0730"
                     ecep:lem="warrior"
                     ecep:pos="ng1"
                     ecep:reg="warrior's"
                     ecep:spe="warrior's"
                     ecep:syllab="3"
                     ecep:pron="ˈwɒriəz">warrior's</w>
                  <c> </c>
                  <w xmlns:ecep="http://www.eighteenthcenturypoetry.org/ns"
                     xml:id="bhw18-402030"
                     n="a-0740"
                     ecep:lem="brow"
                     ecep:pos="n1"
                     ecep:reg="brow"
                     ecep:spe="brow"
                     ecep:syllab="1"
                     ecep:pron="braʊ">brow</w>
                  <c> </c>
                  <w xmlns:ecep="http://www.eighteenthcenturypoetry.org/ns"
                     xml:id="bhw18-402040"
                     n="a-0750"
                     ecep:lem="with"
                     ecep:pos="p-acp"
                     ecep:reg="with"
                     ecep:spe="with"
                     ecep:syllab="1"
                     ecep:pron="wɪð">with</w>
                  <c> </c>
                  <w xmlns:ecep="http://www.eighteenthcenturypoetry.org/ns"
                     xml:id="bhw18-402050"
                     n="a-0760"
                     ecep:lem="honour"
                     ecep:pos="n2"
                     ecep:reg="honours"
                     ecep:spe="honours"
                     ecep:syllab="2"
                     ecep:pron="ˈɒnəz">honours</w>
                  <c> </c>
                  <w xmlns:ecep="http://www.eighteenthcenturypoetry.org/ns"
                     xml:id="bhw18-402060"
                     n="a-0770"
                     ecep:lem="gay"
                     ecep:pos="j"
                     ecep:reg="gay"
                     ecep:spe="gay"
                     ecep:syllab="1"
                     ecep:pron="geɪ">gay</w>
                  <pc xmlns:ecep="http://www.eighteenthcenturypoetry.org/ns"
                      xml:id="bhw18-402070"
                      n="a-0780"
                      unit="sentence"
                      ecep:lem="."
                      ecep:pos="."
                      ecep:reg="."
                      ecep:spe=".">.</pc>
                  <c> </c>
               </l>
               <l xml:id="bhw18-l16670">
                  <w xmlns:ecep="http://www.eighteenthcenturypoetry.org/ns"
                     xml:id="bhw18-402080"
                     n="a-0790"
                     ecep:lem="over"
                     ecep:pos="p-acp"
                     ecep:reg="Over"
                     ecep:spe="O'er"
                     ecep:syllab="1"
                     ecep:pron="ˈɔːə">O'er</w>
                  <c> </c>
                  <w xmlns:ecep="http://www.eighteenthcenturypoetry.org/ns"
                     xml:id="bhw18-402090"
                     n="a-0800"
                     ecep:lem="trackless"
                     ecep:pos="j"
                     ecep:reg="trackless"
                     ecep:spe="trackless"
                     ecep:syllab="2"
                     ecep:pron="ˈtrækləs">trackless</w>
                  <c> </c>
                  <w xmlns:ecep="http://www.eighteenthcenturypoetry.org/ns"
                     xml:id="bhw18-402100"
                     n="a-0810"
                     ecep:lem="ocean"
                     ecep:pos="n2"
                     ecep:reg="oceans"
                     ecep:spe="oceans"
                     ecep:syllab="2"
                     ecep:pron="ˈəʊʃnz">oceans</w>
                  <c> </c>
                  <w xmlns:ecep="http://www.eighteenthcenturypoetry.org/ns"
                     xml:id="bhw18-402110"
                     n="a-0820"
                     ecep:lem="what"
                     ecep:pos="r-crq"
                     ecep:reg="what"
                     ecep:spe="what"
                     ecep:syllab="1"
                     ecep:pron="wɒt">what</w>
                  <c> </c>
                  <w xmlns:ecep="http://www.eighteenthcenturypoetry.org/ns"
                     xml:id="bhw18-402120"
                     n="a-0830"
                     ecep:lem="impel"
                     ecep:pos="vvz"
                     ecep:reg="impels"
                     ecep:spe="impels"
                     ecep:syllab="2"
                     ecep:pron="ɪmˈpelz">impels</w>
                  <c> </c>
                  <w xmlns:ecep="http://www.eighteenthcenturypoetry.org/ns"
                     xml:id="bhw18-402130"
                     n="a-0840"
                     ecep:lem="thy"
                     ecep:pos="po21"
                     ecep:reg="thy"
                     ecep:spe="thy"
                     ecep:syllab="1"
                     ecep:pron="ðaɪ">thy</w>
                  <c> </c>
                  <w xmlns:ecep="http://www.eighteenthcenturypoetry.org/ns"
                     xml:id="bhw18-402140"
                     n="a-0850"
                     ecep:lem="wing"
                     ecep:pos="n1"
                     ecep:reg="wing"
                     ecep:spe="wing"
                     ecep:syllab="1"
                     ecep:pron="wɪŋ">wing</w>
                  <pc xmlns:ecep="http://www.eighteenthcenturypoetry.org/ns"
                      xml:id="bhw18-402150"
                      n="a-0860"
                      unit="sentence"
                      ecep:lem="?"
                      ecep:pos="?"
                      ecep:reg="?"
                      ecep:spe="?">?</pc>
                  <c> </c>
               </l>
               <l rendition="#h_3" xml:id="bhw18-l16675">
                  <w xmlns:ecep="http://www.eighteenthcenturypoetry.org/ns"
                     xml:id="bhw18-402160"
                     n="a-0870"
                     ecep:lem="do"
                     ecep:pos="vdz"
                     ecep:reg="Does"
                     ecep:spe="Does"
                     ecep:syllab="1"
                     ecep:pron="dʌz">Does</w>
                  <c> </c>
                  <w xmlns:ecep="http://www.eighteenthcenturypoetry.org/ns"
                     xml:id="bhw18-402170"
                     n="a-0880"
                     ecep:lem="not"
                     ecep:pos="xx"
                     ecep:reg="no"
                     ecep:spe="no"
                     ecep:syllab="1"
                     ecep:pron="nəʊ">no</w>
                  <c> </c>
                  <w xmlns:ecep="http://www.eighteenthcenturypoetry.org/ns"
                     xml:id="bhw18-402180"
                     n="a-0890"
                     ecep:lem="soft"
                     ecep:pos="j"
                     ecep:reg="soft"
                     ecep:spe="soft"
                     ecep:syllab="1"
                     ecep:pron="sɒft">soft</w>
                  <c> </c>
                  <w xmlns:ecep="http://www.eighteenthcenturypoetry.org/ns"
                     xml:id="bhw18-402190"
                     n="a-0900"
                     ecep:lem="instinct"
                     ecep:pos="n1"
                     ecep:reg="instinct"
                     ecep:spe="instinct"
                     ecep:syllab="2"
                     ecep:pron="ˈɪnstɪŋt">instinct</w>
                  <c> </c>
                  <w xmlns:ecep="http://www.eighteenthcenturypoetry.org/ns"
                     xml:id="bhw18-402200"
                     n="a-0910"
                     ecep:lem="in"
                     ecep:pos="p-acp"
                     ecep:reg="in"
                     ecep:spe="in"
                     ecep:syllab="1"
                     ecep:pron="ɪn">in</w>
                  <c> </c>
                  <w xmlns:ecep="http://www.eighteenthcenturypoetry.org/ns"
                     xml:id="bhw18-402210"
                     n="a-0920"
                     ecep:lem="thy"
                     ecep:pos="po21"
                     ecep:reg="thy"
                     ecep:spe="thy"
                     ecep:syllab="1"
                     ecep:pron="ðaɪ">thy</w>
                  <c> </c>
                  <w xmlns:ecep="http://www.eighteenthcenturypoetry.org/ns"
                     xml:id="bhw18-402220"
                     n="a-0930"
                     ecep:lem="soul"
                     ecep:pos="n1"
                     ecep:reg="soul"
                     ecep:spe="soul"
                     ecep:syllab="1"
                     ecep:pron="səʊl">soul</w>
                  <c> </c>
                  <w xmlns:ecep="http://www.eighteenthcenturypoetry.org/ns"
                     xml:id="bhw18-402230"
                     n="a-0940"
                     ecep:lem="prevail"
                     ecep:pos="vvi"
                     ecep:reg="prevail"
                     ecep:spe="prevail"
                     ecep:syllab="2"
                     ecep:pron="prɪˈveɪl">prevail</w>
                  <pc xmlns:ecep="http://www.eighteenthcenturypoetry.org/ns"
                      xml:id="bhw18-402240"
                      n="a-0950"
                      unit="sentence"
                      ecep:lem="?"
                      ecep:pos="?"
                      ecep:reg="?"
                      ecep:spe="?">?</pc>
                  <c> </c>
               </l>
               <l xml:id="bhw18-l16680">
                  <w xmlns:ecep="http://www.eighteenthcenturypoetry.org/ns"
                     xml:id="bhw18-402250"
                     n="a-0960"
                     ecep:lem="no"
                     ecep:pos="uh-x"
                     ecep:reg="No"
                     ecep:spe="No"
                     ecep:syllab="1"
                     ecep:pron="nəʊ">No</w>
                  <c> </c>
                  <w xmlns:ecep="http://www.eighteenthcenturypoetry.org/ns"
                     xml:id="bhw18-402260"
                     n="a-0970"
                     ecep:lem="sweet"
                     ecep:pos="j"
                     ecep:reg="sweet"
                     ecep:spe="sweet"
                     ecep:syllab="1"
                     ecep:pron="swiːt">sweet</w>
                  <c> </c>
                  <w xmlns:ecep="http://www.eighteenthcenturypoetry.org/ns"
                     xml:id="bhw18-402270"
                     n="a-0980"
                     ecep:lem="affection"
                     ecep:pos="n1"
                     ecep:reg="affection"
                     ecep:spe="affection"
                     ecep:syllab="3"
                     ecep:pron="əˈfekʃn">affection</w>
                  <c> </c>
                  <w xmlns:ecep="http://www.eighteenthcenturypoetry.org/ns"
                     xml:id="bhw18-402280"
                     n="a-0990"
                     ecep:lem="to"
                     ecep:pos="p-acp"
                     ecep:reg="to"
                     ecep:spe="to"
                     ecep:syllab="1"
                     ecep:pron="tuː">to</w>
                  <c> </c>
                  <w xmlns:ecep="http://www.eighteenthcenturypoetry.org/ns"
                     xml:id="bhw18-402290"
                     n="a-1000"
                     ecep:lem="thy"
                     ecep:pos="po21"
                     ecep:reg="thy"
                     ecep:spe="thy"
                     ecep:syllab="1"
                     ecep:pron="ðaɪ">thy</w>
                  <c> </c>
                  <w xmlns:ecep="http://www.eighteenthcenturypoetry.org/ns"
                     xml:id="bhw18-402300"
                     n="a-1010"
                     ecep:lem="bosom"
                     ecep:pos="n1"
                     ecep:reg="bosom"
                     ecep:spe="bosom"
                     ecep:syllab="2"
                     ecep:pron="ˈbʊzm">bosom</w>
                  <c> </c>
                  <w xmlns:ecep="http://www.eighteenthcenturypoetry.org/ns"
                     xml:id="bhw18-402310"
                     n="a-1020"
                     ecep:lem="cling"
                     ecep:pos="vvi"
                     ecep:reg="cling"
                     ecep:spe="cling"
                     ecep:syllab="1"
                     ecep:pron="klɪŋ">cling</w>
                  <pc xmlns:ecep="http://www.eighteenthcenturypoetry.org/ns"
                      xml:id="bhw18-402320"
                      n="a-1030"
                      ecep:lem=","
                      ecep:pos=","
                      ecep:reg=","
                      ecep:spe=",">,</pc>
               </l>
               <l rendition="#h_3" xml:id="bhw18-l16685">
                  <c> </c>
                  <w xmlns:ecep="http://www.eighteenthcenturypoetry.org/ns"
                     xml:id="bhw18-402330"
                     n="a-1040"
                     ecep:lem="and"
                     ecep:pos="cc"
                     ecep:reg="And"
                     ecep:spe="And"
                     ecep:syllab="1"
                     ecep:pron="ænd">And</w>
                  <c> </c>
                  <w xmlns:ecep="http://www.eighteenthcenturypoetry.org/ns"
                     xml:id="bhw18-402340"
                     n="a-1050"
                     ecep:lem="bid"
                     ecep:pos="vvb"
                     ecep:reg="bid"
                     ecep:spe="bid"
                     ecep:syllab="1"
                     ecep:pron="bɪd">bid</w>
                  <c> </c>
                  <w xmlns:ecep="http://www.eighteenthcenturypoetry.org/ns"
                     xml:id="bhw18-402350"
                     n="a-1060"
                     ecep:lem="thou"
                     ecep:pos="pno21"
                     ecep:reg="thee"
                     ecep:spe="thee"
                     ecep:syllab="1"
                     ecep:pron="ðiː">thee</w>
                  <c> </c>
                  <w xmlns:ecep="http://www.eighteenthcenturypoetry.org/ns"
                     xml:id="bhw18-402360"
                     n="a-1070"
                     ecep:lem="oft"
                     ecep:pos="av"
                     ecep:reg="oft"
                     ecep:spe="oft"
                     ecep:syllab="1"
                     ecep:pron="ɒft">oft</w>
                  <c> </c>
                  <w xmlns:ecep="http://www.eighteenthcenturypoetry.org/ns"
                     xml:id="bhw18-402370"
                     n="a-1080"
                     ecep:lem="thy"
                     ecep:pos="po21"
                     ecep:reg="thy"
                     ecep:spe="thy"
                     ecep:syllab="1"
                     ecep:pron="ðaɪ">thy</w>
                  <c> </c>
                  <w xmlns:ecep="http://www.eighteenthcenturypoetry.org/ns"
                     xml:id="bhw18-402380"
                     n="a-1090"
                     ecep:lem="absent"
                     ecep:pos="j"
                     ecep:reg="absent"
                     ecep:spe="absent"
                     ecep:syllab="2"
                     ecep:pron="ˈæbsnt">absent</w>
                  <c> </c>
                  <w xmlns:ecep="http://www.eighteenthcenturypoetry.org/ns"
                     xml:id="bhw18-402390"
                     n="a-1100"
                     ecep:lem="nest"
                     ecep:pos="n1"
                     ecep:reg="nest"
                     ecep:spe="nest"
                     ecep:syllab="1"
                     ecep:pron="nest">nest</w>
                  <c> </c>
                  <w xmlns:ecep="http://www.eighteenthcenturypoetry.org/ns"
                     xml:id="bhw18-402400"
                     n="a-1110"
                     ecep:lem="bewail"
                     ecep:pos="vvi"
                     ecep:reg="bewail"
                     ecep:spe="bewail"
                     ecep:syllab="2"
                     ecep:pron="bɪˈweɪl">bewail</w>
                  <pc xmlns:ecep="http://www.eighteenthcenturypoetry.org/ns"
                      xml:id="bhw18-402410"
                      n="a-1120"
                      ecep:lem="?"
                      ecep:pos="?"
                      ecep:reg="?"
                      ecep:spe="?">?</pc>
                  <c> </c>
                  <pc xmlns:ecep="http://www.eighteenthcenturypoetry.org/ns"
                      xml:id="bhw18-402420"
                      n="a-1130"
                      ecep:lem="—"
                      ecep:pos="—"
                      ecep:reg="—"
                      ecep:spe="—">—</pc>
               </l>
               <l xml:id="bhw18-l16690">
                  <c> </c>
                  <w xmlns:ecep="http://www.eighteenthcenturypoetry.org/ns"
                     xml:id="bhw18-402430"
                     n="a-1140"
                     ecep:lem="yet"
                     ecep:pos="av"
                     ecep:reg="Yet"
                     ecep:spe="Yet"
                     ecep:syllab="1"
                     ecep:pron="jet">Yet</w>
                  <c> </c>
                  <w xmlns:ecep="http://www.eighteenthcenturypoetry.org/ns"
                     xml:id="bhw18-402440"
                     n="a-1150"
                     ecep:lem="thou"
                     ecep:pos="pns21"
                     ecep:reg="thou"
                     ecep:spe="thou"
                     ecep:syllab="1"
                     ecep:pron="θaʊ">thou</w>
                  <c> </c>
                  <w xmlns:ecep="http://www.eighteenthcenturypoetry.org/ns"
                     xml:id="bhw18-402450"
                     n="a-1160"
                     ecep:lem="again"
                     ecep:pos="av"
                     ecep:reg="again"
                     ecep:spe="again"
                     ecep:syllab="2"
                     ecep:pron="əˈgen">again</w>
                  <c> </c>
                  <w xmlns:ecep="http://www.eighteenthcenturypoetry.org/ns"
                     xml:id="bhw18-402460"
                     n="a-1170"
                     ecep:lem="to"
                     ecep:pos="p-acp"
                     ecep:reg="to"
                     ecep:spe="to"
                     ecep:syllab="1"
                     ecep:pron="tuː">to</w>
                  <c> </c>
                  <w xmlns:ecep="http://www.eighteenthcenturypoetry.org/ns"
                     xml:id="bhw18-402470"
                     n="a-1180"
                     ecep:lem="that"
                     ecep:pos="d"
                     ecep:reg="that"
                     ecep:spe="that"
                     ecep:syllab="1"
                     ecep:pron="ðæt">that</w>
                  <c> </c>
                  <w xmlns:ecep="http://www.eighteenthcenturypoetry.org/ns"
                     xml:id="bhw18-402480"
                     n="a-1190"
                     ecep:lem="dear"
                     ecep:pos="j-jn"
                     ecep:reg="dear"
                     ecep:spe="dear"
                     ecep:syllab="1"
                     ecep:pron="dɪə">dear</w>
                  <c> </c>
                  <w xmlns:ecep="http://www.eighteenthcenturypoetry.org/ns"
                     xml:id="bhw18-402490"
                     n="a-1200"
                     ecep:lem="spot"
                     ecep:pos="n1"
                     ecep:reg="spot"
                     ecep:spe="spot"
                     ecep:syllab="1"
                     ecep:pron="spɒt">spot</w>
                  <c> </c>
                  <w xmlns:ecep="http://www.eighteenthcenturypoetry.org/ns"
                     xml:id="bhw18-402500"
                     n="a-1210"
                     ecep:lem="can"
                     ecep:pos="vm2"
                     ecep:reg="canst"
                     ecep:spe="canst"
                     ecep:syllab="1"
                     ecep:pron="kænst">canst</w>
                  <c> </c>
                  <w xmlns:ecep="http://www.eighteenthcenturypoetry.org/ns"
                     xml:id="bhw18-402510"
                     n="a-1220"
                     ecep:lem="spring"
                     ecep:pos="vvi"
                     ecep:reg="spring"
                     ecep:spe="spring"
                     ecep:syllab="1"
                     ecep:pron="sprɪŋ">spring</w>
                  <pc xmlns:ecep="http://www.eighteenthcenturypoetry.org/ns"
                      xml:id="bhw18-402520"
                      n="a-1230"
                      ecep:lem=","
                      ecep:pos=","
                      ecep:reg=","
                      ecep:spe=",">,</pc>
               </l>
               <l rendition="#h_3" xml:id="bhw18-l16695">
                  <c> </c>
                  <w xmlns:ecep="http://www.eighteenthcenturypoetry.org/ns"
                     xml:id="bhw18-402530"
                     n="a-1240"
                     ecep:lem="but"
                     ecep:pos="cc-acp"
                     ecep:reg="But"
                     ecep:spe="But"
                     ecep:syllab="1"
                     ecep:pron="bʌt">But</w>
                  <c> </c>
                  <w xmlns:ecep="http://www.eighteenthcenturypoetry.org/ns"
                     xml:id="bhw18-402540"
                     n="a-1250"
                     ecep:lem="i"
                     ecep:pos="pns11"
                     ecep:reg="I"
                     ecep:spe="I"
                     ecep:syllab="1"
                     ecep:pron="aɪ">I</w>
                  <c> </c>
                  <w xmlns:ecep="http://www.eighteenthcenturypoetry.org/ns"
                     xml:id="bhw18-402550"
                     n="a-1260"
                     ecep:lem="no"
                     ecep:pos="av-dx"
                     ecep:reg="no"
                     ecep:spe="no"
                     ecep:syllab="1"
                     ecep:pron="nəʊ">no</w>
                  <c> </c>
                  <w xmlns:ecep="http://www.eighteenthcenturypoetry.org/ns"
                     xml:id="bhw18-402560"
                     n="a-1270"
                     ecep:lem="more"
                     ecep:pos="av-dc"
                     ecep:reg="more"
                     ecep:spe="more"
                     ecep:syllab="1"
                     ecep:pron="mɔː">more</w>
                  <c> </c>
                  <w xmlns:ecep="http://www.eighteenthcenturypoetry.org/ns"
                     xml:id="bhw18-402570"
                     n="a-1280"
                     ecep:lem="my"
                     ecep:pos="po11"
                     ecep:reg="my"
                     ecep:spe="my"
                     ecep:syllab="1"
                     ecep:pron="maɪ">my</w>
                  <c> </c>
                  <w xmlns:ecep="http://www.eighteenthcenturypoetry.org/ns"
                     xml:id="bhw18-402580"
                     n="a-1290"
                     ecep:lem="long-lost"
                     ecep:pos="j"
                     ecep:reg="long-lost"
                     ecep:spe="long-lost"
                     ecep:syllab="2"
                     ecep:pron="ˌlɒŋˈlɒst">long-lost</w>
                  <c> </c>
                  <w xmlns:ecep="http://www.eighteenthcenturypoetry.org/ns"
                     xml:id="bhw18-402590"
                     n="a-1300"
                     ecep:lem="home"
                     ecep:pos="n1-an"
                     ecep:reg="home"
                     ecep:spe="home"
                     ecep:syllab="1"
                     ecep:pron="həʊm">home</w>
                  <c> </c>
                  <w xmlns:ecep="http://www.eighteenthcenturypoetry.org/ns"
                     xml:id="bhw18-402600"
                     n="a-1310"
                     ecep:lem="shall"
                     ecep:pos="vmb"
                     ecep:reg="shall"
                     ecep:spe="shall"
                     ecep:syllab="1"
                     ecep:pron="ʃæl">shall</w>
                  <c> </c>
                  <w xmlns:ecep="http://www.eighteenthcenturypoetry.org/ns"
                     xml:id="bhw18-402610"
                     n="a-1320"
                     ecep:lem="hail"
                     ecep:pos="vvi"
                     ecep:reg="hail"
                     ecep:spe="hail"
                     ecep:syllab="1"
                     ecep:pron="heɪl">hail</w>
                  <pc xmlns:ecep="http://www.eighteenthcenturypoetry.org/ns"
                      xml:id="bhw18-402620"
                      n="a-1330"
                      unit="sentence"
                      ecep:lem="!"
                      ecep:pos="!"
                      ecep:reg="!"
                      ecep:spe="!">!</pc>
                  <c> </c>
               </l>
            </lg>
         </div>
      </body>
   </text>
</TEI>
