<?xml version="1.0" encoding="utf-8"?>
<!DOCTYPE div
  SYSTEM "about:legacy-compat">
<div xmlns:ecep="http://www.eighteenthcenturypoetry.org/ns"
     xmlns="http://www.tei-c.org/ns/1.0"
     xmlns:tei="http://www.tei-c.org/ns/1.0"
     ana="#trochee #tetrameter #pair #acatalexis"
     corresp="#txt_BerkGe1763_w0028"
     decls="#semi-normalized"
     ecep:syllab="8"
     met="+-|+-|+-|+-/"
     rendition="#lgvspace"
     rhyme="aa"
     subtype="eceptext"
     type="poem"
     xml:id="o5280-w0270">
   <link target="authors.xml#aut_BerkGe1763" type="author"/>
   <head type="main">
      <w xml:id="o5280-2182460"
         n="704-a-0010"
         ecep:lem="the"
         ecep:pos="dt"
         ecep:reg="THE"
         ecep:spe="THE"
         ecep:syllab="1"
         ecep:pron="ðə">THE</w>
      <c> </c>
      <w xml:id="o5280-2182470"
         n="704-a-0020"
         ecep:lem="birth"
         ecep:pos="n1"
         ecep:reg="BIRTH"
         ecep:spe="BIRTH"
         ecep:syllab="1"
         ecep:pron="bɜːθ">BIRTH</w>
      <c> </c>
      <w xml:id="o5280-2182480"
         n="704-a-0030"
         ecep:lem="of"
         ecep:pos="pp-f"
         ecep:reg="OF"
         ecep:spe="OF"
         ecep:syllab="1"
         ecep:pron="ɒv">OF</w>
      <c> </c>
      <w xml:id="o5280-2182490"
         n="704-a-0040"
         ecep:lem="bliss"
         ecep:pos="n1"
         ecep:reg="BLISS"
         ecep:spe="BLISS"
         ecep:syllab="1"
         ecep:pron="blɪs">BLISS</w>
      <pc xml:id="o5280-2182500"
          n="704-a-0050"
          unit="sentence"
          ecep:lem="."
          ecep:pos="."
          ecep:reg="."
          ecep:spe=".">.</pc>
   </head>
   <head type="sub">
      <w xml:id="o5280-2182530"
         n="704-a-0060"
         ecep:lem="to"
         ecep:pos="p-acp"
         ecep:reg="TO"
         ecep:spe="TO"
         ecep:syllab="1"
         ecep:pron="tuː">TO</w>
      <c> </c>
      <w xml:id="o5280-2182540"
         n="704-a-0070"
         ecep:lem="the"
         ecep:pos="dt"
         ecep:reg="THE"
         ecep:spe="THE"
         ecep:syllab="1"
         ecep:pron="ðə">THE</w>
      <c> </c>
      <w xml:id="o5280-2182550"
         n="704-a-0080"
         ecep:lem="honourable"
         ecep:pos="j"
         ecep:reg="HONOURABLE"
         ecep:spe="HONOURABLE"
         ecep:syllab="4"
         ecep:pron="ˈɒnərəbl">HONOURABLE</w>
      <c> </c>
      <w xml:id="o5280-2182560"
         n="704-a-0090"
         ecep:lem="GEORGE"
         ecep:pos="np1"
         ecep:reg="GEORGE"
         ecep:spe="GEORGE"
         ecep:syllab="1"
         ecep:pron="ˈdʒɔːdʒ">GEORGE</w>
      <c> </c>
      <w xml:id="o5280-2182570"
         n="704-a-0100"
         ecep:lem="Leslie"
         ecep:pos="np1"
         ecep:reg="LESLIE"
         ecep:spe="LESLIE"
         ecep:syllab="2"
         ecep:pron="ˈlezli">LESLIE</w>
      <pc xml:id="o5280-2182580"
          n="704-a-0110"
          ecep:lem=","
          ecep:pos=","
          ecep:reg=","
          ecep:spe=",">,</pc>
      <c> </c>
      <w xml:id="o5280-2182590"
         n="704-a-0120"
         ecep:lem="son"
         ecep:pos="n1"
         ecep:reg="SON"
         ecep:spe="SON"
         ecep:syllab="1"
         ecep:pron="sʌn">SON</w>
      <c> </c>
      <w xml:id="o5280-2182600"
         n="704-a-0130"
         ecep:lem="of"
         ecep:pos="pp-f"
         ecep:reg="OF"
         ecep:spe="OF"
         ecep:syllab="1"
         ecep:pron="ɒv">OF</w>
      <c> </c>
      <w xml:id="o5280-2182610"
         n="704-a-0140"
         ecep:lem="the"
         ecep:pos="dt"
         ecep:reg="THE"
         ecep:spe="THE"
         ecep:syllab="1"
         ecep:pron="ðə">THE</w>
      <c> </c>
      <w xml:id="o5280-2182620"
         n="704-a-0150"
         ecep:lem="earl"
         ecep:pos="n1"
         ecep:reg="EARL"
         ecep:spe="EARL"
         ecep:syllab="1"
         ecep:pron="ɜːl">EARL</w>
      <c> </c>
      <w xml:id="o5280-2182630"
         n="704-a-0160"
         ecep:lem="of"
         ecep:pos="pp-f"
         ecep:reg="OF"
         ecep:spe="OF"
         ecep:syllab="1"
         ecep:pron="ɒv">OF</w>
      <c> </c>
      <w xml:id="o5280-2182640"
         n="704-a-0170"
         ecep:lem="Leven"
         ecep:pos="np1"
         ecep:reg="LEVEN"
         ecep:spe="LEVEN"
         ecep:syllab="2"
         ecep:pron="lˈiːvən">LEVEN</w>
      <pc xml:id="o5280-2182650"
          n="704-a-0180"
          ecep:lem=","
          ecep:pos=","
          ecep:reg=","
          ecep:spe=",">,</pc>
      <c> </c>
      <w xml:id="o5280-2182660"
         n="704-a-0190"
         ecep:lem="etc."
         ecep:pos="av"
         ecep:reg="etc."
         ecep:spe="&amp;c."
         ecep:syllab="0"
         ecep:pron="ændsˈiː">&amp;c.</w>
      <pc unit="sentence" xml:id="o5280-2182660-eos" n="704-a-0200"/>
   </head>
   <lg xml:id="o5280-s00270">
      <l xml:id="o5280-l03890">
         <w xml:id="o5280-2182690"
            n="704-a-0210"
            ecep:lem="when"
            ecep:pos="c-crq"
            ecep:reg="WHEN"
            ecep:spe="WHEN"
            ecep:syllab="1"
            ecep:pron="wen">WHEN</w>
         <c> </c>
         <w xml:id="o5280-2182700"
            n="704-a-0220"
            ecep:lem="first"
            ecep:pos="ord"
            ecep:reg="first"
            ecep:spe="first"
            ecep:syllab="1"
            ecep:pron="fɜːst">first</w>
         <c> </c>
         <w xml:id="o5280-2182710"
            n="704-a-0230"
            ecep:lem="in"
            ecep:pos="p-acp"
            ecep:reg="in"
            ecep:spe="in"
            ecep:syllab="1"
            ecep:pron="ɪn">in</w>
         <c> </c>
         <w xml:id="o5280-2182720"
            n="704-a-0240"
            ecep:lem="eden"
            ecep:pos="npg1"
            ecep:reg="Eden's"
            ecep:spe="Eden's"
            ecep:syllab="2"
            ecep:pron="ˈiːdənz">Eden's</w>
         <c> </c>
         <w xml:id="o5280-2182730"
            n="704-a-0250"
            ecep:lem="roseate"
            ecep:pos="j"
            ecep:reg="roseate"
            ecep:spe="roseate"
            ecep:syllab="3"
            ecep:pron="ˈrəʊzɪˌeɪt">roseate</w>
         <c> </c>
         <w xml:id="o5280-2182740"
            n="704-a-0260"
            ecep:lem="bower"
            ecep:pos="n2"
            ecep:reg="bowers"
            ecep:spe="bow'rs"
            ecep:syllab="1"
            ecep:pron="ˈbaʊəz">bow'rs</w>
      </l>
      <l xml:id="o5280-l03895">
         <c> </c>
         <w xml:id="o5280-2182750"
            n="704-a-0270"
            ecep:lem="Adam"
            ecep:pos="np1"
            ecep:reg="Adam"
            ecep:spe="Adam"
            ecep:syllab="2"
            ecep:pron="ˈædəm">Adam</w>
         <c> </c>
         <w xml:id="o5280-2182760"
            n="704-a-0280"
            ecep:lem="mark"
            ecep:pos="vvd"
            ecep:reg="marked"
            ecep:spe="mark'd"
            ecep:syllab="1"
            ecep:pron="mɑːkt">mark'd</w>
         <c> </c>
         <w xml:id="o5280-2182770"
            n="704-a-0290"
            ecep:lem="the"
            ecep:pos="dt"
            ecep:reg="the"
            ecep:spe="the"
            ecep:syllab="1"
            ecep:pron="ðə">the</w>
         <c> </c>
         <w xml:id="o5280-2182780"
            n="704-a-0300"
            ecep:lem="lonely"
            ecep:pos="j"
            ecep:reg="lonely"
            ecep:spe="lonely"
            ecep:syllab="2"
            ecep:pron="ˈləʊnlɪ">lonely</w>
         <c> </c>
         <w xml:id="o5280-2182790"
            n="704-a-0310"
            ecep:lem="hour"
            ecep:pos="n2"
            ecep:reg="hours"
            ecep:spe="hours"
            ecep:syllab="2"
            ecep:pron="aʊəz">hours</w>
         <pc xml:id="o5280-2182800"
             n="704-a-0320"
             ecep:lem=";"
             ecep:pos=";"
             ecep:reg=";"
             ecep:spe=";">;</pc>
      </l>
      <l xml:id="o5280-l03900">
         <c> </c>
         <w xml:id="o5280-2182810"
            n="704-a-0330"
            ecep:lem="though"
            ecep:pos="c-acp"
            ecep:reg="Though"
            ecep:spe="Though"
            ecep:syllab="1"
            ecep:pron="ðəʊ">Though</w>
         <c> </c>
         <w xml:id="o5280-2182820"
            n="704-a-0340"
            ecep:lem="in"
            ecep:pos="p-acp"
            ecep:reg="in"
            ecep:spe="in"
            ecep:syllab="1"
            ecep:pron="ɪn">in</w>
         <c> </c>
         <w xml:id="o5280-2182830"
            n="704-a-0350"
            ecep:lem="life"
            ecep:pos="n1"
            ecep:reg="life"
            ecep:spe="life"
            ecep:syllab="1"
            ecep:pron="laɪf">life</w>
         <c> </c>
         <w xml:id="o5280-2182840"
            n="704-a-0360"
            ecep:lem="no"
            ecep:pos="dx"
            ecep:reg="no"
            ecep:spe="no"
            ecep:syllab="1"
            ecep:pron="nəʊ">no</w>
         <c> </c>
         <w xml:id="o5280-2182850"
            n="704-a-0370"
            ecep:lem="pain"
            ecep:pos="n1"
            ecep:reg="pain"
            ecep:spe="pain"
            ecep:syllab="1"
            ecep:pron="peɪn">pain</w>
         <c> </c>
         <w xml:id="o5280-2182860"
            n="704-a-0380"
            ecep:lem="he"
            ecep:pos="pns31"
            ecep:reg="he"
            ecep:spe="he"
            ecep:syllab="1"
            ecep:pron="hiː">he</w>
         <c> </c>
         <w xml:id="o5280-2182870"
            n="704-a-0390"
            ecep:lem="know"
            ecep:pos="vvd"
            ecep:reg="knew"
            ecep:spe="knew"
            ecep:syllab="1"
            ecep:pron="njuː">knew</w>
         <pc xml:id="o5280-2182880"
             n="704-a-0400"
             ecep:lem=","
             ecep:pos=","
             ecep:reg=","
             ecep:spe=",">,</pc>
      </l>
      <l xml:id="o5280-l03905">
         <c> </c>
         <w xml:id="o5280-2182890"
            n="704-a-0410"
            ecep:lem="yet"
            ecep:pos="av"
            ecep:reg="Yet"
            ecep:spe="Yet"
            ecep:syllab="1"
            ecep:pron="jet">Yet</w>
         <c> </c>
         <w xml:id="o5280-2182900"
            n="704-a-0420"
            ecep:lem="from"
            ecep:pos="p-acp"
            ecep:reg="from"
            ecep:spe="from"
            ecep:syllab="1"
            ecep:pron="frɒm">from</w>
         <c> </c>
         <w xml:id="o5280-2182910"
            n="704-a-0430"
            ecep:lem="life"
            ecep:pos="n1"
            ecep:reg="life"
            ecep:spe="life"
            ecep:syllab="1"
            ecep:pron="laɪf">life</w>
         <c> </c>
         <w xml:id="o5280-2182920"
            n="704-a-0440"
            ecep:lem="few"
            ecep:pos="d"
            ecep:reg="few"
            ecep:spe="few"
            ecep:syllab="1"
            ecep:pron="fjuː">few</w>
         <c> </c>
         <w xml:id="o5280-2182930"
            n="704-a-0450"
            ecep:lem="joy"
            ecep:pos="n2"
            ecep:reg="joys"
            ecep:spe="joys"
            ecep:syllab="1"
            ecep:pron="dʒɔɪz">joys</w>
         <c> </c>
         <w xml:id="o5280-2182940"
            n="704-a-0460"
            ecep:lem="he"
            ecep:pos="pns31"
            ecep:reg="he"
            ecep:spe="he"
            ecep:syllab="1"
            ecep:pron="hiː">he</w>
         <c> </c>
         <w xml:id="o5280-2182950"
            n="704-a-0470"
            ecep:lem="draw"
            ecep:pos="vvd"
            ecep:reg="drew"
            ecep:spe="drew"
            ecep:syllab="1"
            ecep:pron="druː">drew</w>
         <pc xml:id="o5280-2182960"
             n="704-a-0480"
             ecep:lem=":"
             ecep:pos=":"
             ecep:reg=":"
             ecep:spe=":">:</pc>
      </l>
      <l xml:id="o5280-l03910">
         <c> </c>
         <w xml:id="o5280-2182970"
            n="704-a-0490"
            ecep:lem="still"
            ecep:pos="av"
            ecep:reg="Still"
            ecep:spe="Still"
            ecep:syllab="1"
            ecep:pron="stɪl">Still</w>
         <c> </c>
         <w xml:id="o5280-2182980"
            n="704-a-0500"
            ecep:lem="the"
            ecep:pos="dt"
            ecep:reg="the"
            ecep:spe="the"
            ecep:syllab="1"
            ecep:pron="ðə">the</w>
         <c> </c>
         <w xml:id="o5280-2182990"
            n="704-a-0510"
            ecep:lem="social"
            ecep:pos="j"
            ecep:reg="social"
            ecep:spe="social"
            ecep:syllab="2"
            ecep:pron="ˈsəʊʃəl">social</w>
         <c> </c>
         <w xml:id="o5280-2183000"
            n="704-a-0520"
            ecep:lem="passion"
            ecep:pos="n2"
            ecep:reg="passions"
            ecep:spe="passions"
            ecep:syllab="2"
            ecep:pron="ˈpæʃnz">passions</w>
         <c> </c>
         <w xml:id="o5280-2183010"
            n="704-a-0530"
            ecep:lem="sleep"
            ecep:pos="vvn"
            ecep:reg="slept"
            ecep:spe="slept"
            ecep:syllab="1"
            ecep:pron="slept">slept</w>
         <pc xml:id="o5280-2183020"
             n="704-a-0540"
             ecep:lem=","
             ecep:pos=","
             ecep:reg=","
             ecep:spe=",">,</pc>
      </l>
      <l xml:id="o5280-l03915">
         <c> </c>
         <w xml:id="o5280-2183030"
            n="704-a-0550"
            ecep:lem="hope"
            ecep:pos="n1"
            ecep:reg="Hope"
            ecep:spe="Hope"
            ecep:syllab="1"
            ecep:pron="həʊp">Hope</w>
         <c> </c>
         <w xml:id="o5280-2183040"
            n="704-a-0560"
            ecep:lem="alone"
            ecep:pos="av-j"
            ecep:reg="alone"
            ecep:spe="alone"
            ecep:syllab="2"
            ecep:pron="əˈləʊn">alone</w>
         <c> </c>
         <w xml:id="o5280-2183050"
            n="704-a-0570"
            ecep:lem="her"
            ecep:pos="po31"
            ecep:reg="her"
            ecep:spe="her"
            ecep:syllab="1"
            ecep:pron="hɜː">her</w>
         <c> </c>
         <w xml:id="o5280-2183060"
            n="704-a-0580"
            ecep:lem="vigil"
            ecep:pos="n1"
            ecep:reg="vigil"
            ecep:spe="vigil"
            ecep:syllab="2"
            ecep:pron="ˈvɪdʒɪl">vigil</w>
         <c> </c>
         <w xml:id="o5280-2183070"
            n="704-a-0590"
            ecep:lem="keep"
            ecep:pos="vvd"
            ecep:reg="kept"
            ecep:spe="kept"
            ecep:syllab="1"
            ecep:pron="kept">kept</w>
         <pc xml:id="o5280-2183080"
             n="704-a-0600"
             ecep:lem=";"
             ecep:pos=";"
             ecep:reg=";"
             ecep:spe=";">;</pc>
      </l>
      <l xml:id="o5280-l03920">
         <c> </c>
         <w xml:id="o5280-2183090"
            n="704-a-0610"
            ecep:lem="thus"
            ecep:pos="av"
            ecep:reg="Thus"
            ecep:spe="Thus"
            ecep:syllab="1"
            ecep:pron="ðʌs">Thus</w>
         <c> </c>
         <w xml:id="o5280-2183100"
            n="704-a-0620"
            ecep:lem="in"
            ecep:pos="p-acp"
            ecep:reg="in"
            ecep:spe="in"
            ecep:syllab="1"
            ecep:pron="ɪn">in</w>
         <c> </c>
         <w xml:id="o5280-2183110"
            n="704-a-0630"
            ecep:lem="eden"
            ecep:pos="npg1"
            ecep:reg="Eden's"
            ecep:spe="Eden's"
            ecep:syllab="2"
            ecep:pron="ˈiːdənz">Eden's</w>
         <c> </c>
         <w xml:id="o5280-2183120"
            n="704-a-0640"
            ecep:lem="hallow"
            ecep:pos="j-vvn"
            ecep:reg="hallowed"
            ecep:spe="hallow'd"
            ecep:syllab="2"
            ecep:pron="ˈhæləʊd">hallow'd</w>
         <c> </c>
         <w xml:id="o5280-2183130"
            n="704-a-0650"
            ecep:lem="shade"
            ecep:pos="n1"
            ecep:reg="shade"
            ecep:spe="shade"
            ecep:syllab="1"
            ecep:pron="ʃeɪd">shade</w>
         <pc xml:id="o5280-2183140"
             n="704-a-0660"
             ecep:lem=","
             ecep:pos=","
             ecep:reg=","
             ecep:spe=",">,</pc>
      </l>
      <l xml:id="o5280-l03925">
         <c> </c>
         <w xml:id="o5280-2183150"
            n="704-a-0670"
            ecep:lem="sweet"
            ecep:pos="av-j"
            ecep:reg="Sweetly"
            ecep:spe="Sweetly"
            ecep:syllab="2"
            ecep:pron="ˈswiːtlɪ">Sweetly</w>
         <c> </c>
         <w xml:id="o5280-2183160"
            n="704-a-0680"
            ecep:lem="sing"
            ecep:pos="vvd"
            ecep:reg="sang"
            ecep:spe="sang"
            ecep:syllab="1"
            ecep:pron="sæŋ">sang</w>
         <c> </c>
         <w xml:id="o5280-2183170"
            n="704-a-0690"
            ecep:lem="the"
            ecep:pos="dt"
            ecep:reg="the"
            ecep:spe="the"
            ecep:syllab="1"
            ecep:pron="ðə">the</w>
         <c> </c>
         <w xml:id="o5280-2183180"
            n="704-a-0700"
            ecep:lem="blue-eyed"
            ecep:pos="j"
            ecep:reg="blue-eyed"
            ecep:spe="blue-ey'd"
            ecep:syllab="2"
            ecep:pron="ˌbluːˈaɪd">blue-ey'd</w>
         <c> </c>
         <w xml:id="o5280-2183190"
            n="704-a-0710"
            ecep:lem="maid"
            ecep:pos="n1"
            ecep:reg="maid"
            ecep:spe="maid"
            ecep:syllab="1"
            ecep:pron="meɪd">maid</w>
         <pc xml:id="o5280-2183200"
             n="704-a-0720"
             ecep:lem=":"
             ecep:pos=":"
             ecep:reg=":"
             ecep:spe=":">:</pc>
      </l>
      <l xml:id="o5280-l03930">
         <c> </c>
         <pc xml:id="o5280-2183210"
             n="704-a-0730"
             ecep:lem="&#34;"
             ecep:pos="&#34;"
             ecep:reg="&#34;"
             ecep:spe="&#34;">"</pc>
         <w xml:id="o5280-2183220"
            n="704-a-0740"
            ecep:lem="tenant"
            ecep:pos="n1"
            ecep:reg="Tenant"
            ecep:spe="Tenant"
            ecep:syllab="2"
            ecep:pron="ˈtenənt">Tenant</w>
         <c> </c>
         <w xml:id="o5280-2183230"
            n="704-a-0750"
            ecep:lem="of"
            ecep:pos="pp-f"
            ecep:reg="of"
            ecep:spe="of"
            ecep:syllab="1"
            ecep:pron="ɒv">of</w>
         <c> </c>
         <w xml:id="o5280-2183240"
            n="704-a-0760"
            ecep:lem="this"
            ecep:pos="d"
            ecep:reg="this"
            ecep:spe="this"
            ecep:syllab="1"
            ecep:pron="ðɪs">this</w>
         <c> </c>
         <w xml:id="o5280-2183250"
            n="704-a-0770"
            ecep:lem="happy"
            ecep:pos="j"
            ecep:reg="happy"
            ecep:spe="happy"
            ecep:syllab="2"
            ecep:pron="ˈhæpɪ">happy</w>
         <c> </c>
         <w xml:id="o5280-2183260"
            n="704-a-0780"
            ecep:lem="plain"
            ecep:pos="n1"
            ecep:reg="plain"
            ecep:spe="plain"
            ecep:syllab="1"
            ecep:pron="pleɪn">plain</w>
         <pc xml:id="o5280-2183270"
             n="704-a-0790"
             ecep:lem=","
             ecep:pos=","
             ecep:reg=","
             ecep:spe=",">,</pc>
      </l>
      <l xml:id="o5280-l03935">
         <c> </c>
         <w xml:id="o5280-2183280"
            n="704-a-0800"
            ecep:lem="stranger"
            ecep:pos="n1"
            ecep:reg="Stranger"
            ecep:spe="Stranger"
            ecep:syllab="2"
            ecep:pron="ˈstreɪndʒə">Stranger</w>
         <pc xml:id="o5280-2183290"
             n="704-a-0810"
             ecep:lem=","
             ecep:pos=","
             ecep:reg=","
             ecep:spe=",">,</pc>
         <c> </c>
         <w xml:id="o5280-2183300"
            n="704-a-0820"
            ecep:lem="bless"
            ecep:pos="uh"
            ecep:reg="blessed"
            ecep:spe="blest"
            ecep:syllab="1"
            ecep:pron="blest">blest</w>
         <pc xml:id="o5280-2183310"
             n="704-a-0830"
             ecep:lem=","
             ecep:pos=","
             ecep:reg=","
             ecep:spe=",">,</pc>
         <c> </c>
         <w xml:id="o5280-2183320"
            n="704-a-0840"
            ecep:lem="to"
            ecep:pos="p-acp"
            ecep:reg="to"
            ecep:spe="to"
            ecep:syllab="1"
            ecep:pron="tuː">to</w>
         <c> </c>
         <w xml:id="o5280-2183330"
            n="704-a-0850"
            ecep:lem="every"
            ecep:pos="d"
            ecep:reg="every"
            ecep:spe="ev'ry"
            ecep:syllab="2"
            ecep:pron="ˈevri">ev'ry</w>
         <c> </c>
         <w xml:id="o5280-2183340"
            n="704-a-0860"
            ecep:lem="pain"
            ecep:pos="n1"
            ecep:reg="pain"
            ecep:spe="pain"
            ecep:syllab="1"
            ecep:pron="peɪn">pain</w>
         <pc xml:id="o5280-2183350"
             n="704-a-0870"
             ecep:lem=","
             ecep:pos=","
             ecep:reg=","
             ecep:spe=",">,</pc>
      </l>
      <l xml:id="o5280-l03940">
         <c> </c>
         <w xml:id="o5280-2183360"
            n="704-a-0880"
            ecep:lem="still"
            ecep:pos="av"
            ecep:reg="Still"
            ecep:spe="Still"
            ecep:syllab="1"
            ecep:pron="stɪl">Still</w>
         <c> </c>
         <w xml:id="o5280-2183370"
            n="704-a-0890"
            ecep:lem="imperfect"
            ecep:pos="j"
            ecep:reg="imperfect"
            ecep:spe="imperfect"
            ecep:syllab="3"
            ecep:pron="ɪmˈpɜːfɪkt">imperfect</w>
         <c> </c>
         <w xml:id="o5280-2183380"
            n="704-a-0900"
            ecep:lem="be"
            ecep:pos="vbz"
            ecep:reg="is"
            ecep:spe="is"
            ecep:syllab="1"
            ecep:pron="ɪz">is</w>
         <c> </c>
         <w xml:id="o5280-2183390"
            n="704-a-0910"
            ecep:lem="thy"
            ecep:pos="po21"
            ecep:reg="thy"
            ecep:spe="thy"
            ecep:syllab="1"
            ecep:pron="ðaɪ">thy</w>
         <c> </c>
         <w xml:id="o5280-2183400"
            n="704-a-0920"
            ecep:lem="state"
            ecep:pos="n1"
            ecep:reg="state"
            ecep:spe="state"
            ecep:syllab="1"
            ecep:pron="steɪt">state</w>
         <pc xml:id="o5280-2183410"
             n="704-a-0930"
             ecep:lem=","
             ecep:pos=","
             ecep:reg=","
             ecep:spe=",">,</pc>
      </l>
      <l xml:id="o5280-l03945">
         <c> </c>
         <w xml:id="o5280-2183420"
            n="704-a-0940"
            ecep:lem="what"
            ecep:pos="q-crq"
            ecep:reg="What"
            ecep:spe="What"
            ecep:syllab="1"
            ecep:pron="wɒt">What</w>
         <c> </c>
         <w xml:id="o5280-2183430"
            n="704-a-0950"
            ecep:lem="be"
            ecep:pos="vbz"
            ecep:reg="is"
            ecep:spe="is"
            ecep:syllab="1"
            ecep:pron="ɪz">is</w>
         <c> </c>
         <w xml:id="o5280-2183440"
            n="704-a-0960"
            ecep:lem="life"
            ecep:pos="n1"
            ecep:reg="life"
            ecep:spe="life"
            ecep:syllab="1"
            ecep:pron="laɪf">life</w>
         <c> </c>
         <w xml:id="o5280-2183450"
            n="704-a-0970"
            ecep:lem="without"
            ecep:pos="p-acp"
            ecep:reg="without"
            ecep:spe="without"
            ecep:syllab="2"
            ecep:pron="wɪˈðaʊt">without</w>
         <c> </c>
         <w xml:id="o5280-2183460"
            n="704-a-0980"
            ecep:lem="a"
            ecep:pos="dt"
            ecep:reg="a"
            ecep:spe="a"
            ecep:syllab="1"
            ecep:pron="ə">a</w>
         <c> </c>
         <w xml:id="o5280-2183470"
            n="704-a-0990"
            ecep:lem="mate"
            ecep:pos="n1"
            ecep:reg="mate"
            ecep:spe="mate"
            ecep:syllab="1"
            ecep:pron="meɪt">mate</w>
         <pc xml:id="o5280-2183480"
             n="704-a-1000"
             unit="sentence"
             ecep:lem="?"
             ecep:pos="?"
             ecep:reg="?"
             ecep:spe="?">?</pc>
         <c> </c>
      </l>
      <pb facs="705" n="61" rend="none"/>
      <l xml:id="o5280-l03950">
         <w xml:id="o5280-2183490"
            n="705-a-0010"
            ecep:lem="rise"
            ecep:pos="vvg"
            ecep:reg="Rising"
            ecep:spe="Rising"
            ecep:syllab="2"
            ecep:pron="ˈraɪzɪŋ">Rising</w>
         <c> </c>
         <w xml:id="o5280-2183500"
            n="705-a-0020"
            ecep:lem="with"
            ecep:pos="p-acp"
            ecep:reg="with"
            ecep:spe="with"
            ecep:syllab="1"
            ecep:pron="wɪð">with</w>
         <c> </c>
         <w xml:id="o5280-2183510"
            n="705-a-0030"
            ecep:lem="the"
            ecep:pos="dt"
            ecep:reg="the"
            ecep:spe="the"
            ecep:syllab="1"
            ecep:pron="ðə">the</w>
         <c> </c>
         <w xml:id="o5280-2183520"
            n="705-a-0040"
            ecep:lem="second"
            ecep:pos="ord"
            ecep:reg="second"
            ecep:spe="second"
            ecep:syllab="2"
            ecep:pron="ˈsekənd">second</w>
         <c> </c>
         <w xml:id="o5280-2183530"
            n="705-a-0050"
            ecep:lem="morn"
            ecep:pos="n1"
            ecep:reg="morn"
            ecep:spe="morn"
            ecep:syllab="1"
            ecep:pron="mɔːn">morn</w>
      </l>
      <l xml:id="o5280-l03955">
         <c> </c>
         <w xml:id="o5280-2183540"
            n="705-a-0060"
            ecep:lem="lovely"
            ecep:pos="j"
            ecep:reg="Lovely"
            ecep:spe="Lovely"
            ecep:syllab="2"
            ecep:pron="ˈlʌvlɪ">Lovely</w>
         <c> </c>
         <w xml:id="o5280-2183550"
            n="705-a-0070"
            ecep:lem="woman"
            ecep:pos="n1"
            ecep:reg="woman"
            ecep:spe="woman"
            ecep:syllab="2"
            ecep:pron="ˈwʊmən">woman</w>
         <c> </c>
         <w xml:id="o5280-2183560"
            n="705-a-0080"
            ecep:lem="shall"
            ecep:pos="vmb"
            ecep:reg="shall"
            ecep:spe="shall"
            ecep:syllab="1"
            ecep:pron="ʃæl">shall</w>
         <c> </c>
         <w xml:id="o5280-2183570"
            n="705-a-0090"
            ecep:lem="be"
            ecep:pos="vbi"
            ecep:reg="be"
            ecep:spe="be"
            ecep:syllab="1"
            ecep:pron="biː">be</w>
         <c> </c>
         <w xml:id="o5280-2183580"
            n="705-a-0100"
            ecep:lem="bear"
            ecep:pos="vvn"
            ecep:reg="born"
            ecep:spe="born"
            ecep:syllab="1"
            ecep:pron="bɔːn">born</w>
         <pc xml:id="o5280-2183590"
             n="705-a-0110"
             ecep:lem=";"
             ecep:pos=";"
             ecep:reg=";"
             ecep:spe=";">;</pc>
      </l>
      <l xml:id="o5280-l03960">
         <c> </c>
         <w xml:id="o5280-2183600"
            n="705-a-0120"
            ecep:lem="bless"
            ecep:pos="vvn"
            ecep:reg="Blessed"
            ecep:spe="Blest"
            ecep:syllab="1"
            ecep:pron="blest">Blest</w>
         <c> </c>
         <w xml:id="o5280-2183610"
            n="705-a-0130"
            ecep:lem="with"
            ecep:pos="p-acp"
            ecep:reg="with"
            ecep:spe="with"
            ecep:syllab="1"
            ecep:pron="wɪð">with</w>
         <c> </c>
         <w xml:id="o5280-2183620"
            n="705-a-0140"
            ecep:lem="she"
            ecep:pos="pno31"
            ecep:reg="her"
            ecep:spe="her"
            ecep:syllab="1"
            ecep:pron="hɜː">her</w>
         <c> </c>
         <w xml:id="o5280-2183630"
            n="705-a-0150"
            ecep:lem="thy"
            ecep:pos="po21"
            ecep:reg="thy"
            ecep:spe="thy"
            ecep:syllab="1"
            ecep:pron="ðaɪ">thy</w>
         <c> </c>
         <w xml:id="o5280-2183640"
            n="705-a-0160"
            ecep:lem="breast"
            ecep:pos="n1"
            ecep:reg="breast"
            ecep:spe="breast"
            ecep:syllab="1"
            ecep:pron="brest">breast</w>
         <c> </c>
         <w xml:id="o5280-2183650"
            n="705-a-0170"
            ecep:lem="shall"
            ecep:pos="vmb"
            ecep:reg="shall"
            ecep:spe="shall"
            ecep:syllab="1"
            ecep:pron="ʃæl">shall</w>
         <c> </c>
         <w xml:id="o5280-2183660"
            n="705-a-0180"
            ecep:lem="know"
            ecep:pos="vvi"
            ecep:reg="know"
            ecep:spe="know"
            ecep:syllab="1"
            ecep:pron="nəʊ">know</w>
      </l>
      <l xml:id="o5280-l03965">
         <c> </c>
         <w xml:id="o5280-2183670"
            n="705-a-0190"
            ecep:lem="charm"
            ecep:pos="n2"
            ecep:reg="Charms"
            ecep:spe="Charms"
            ecep:syllab="1"
            ecep:pron="tʃɑːmz">Charms</w>
         <c> </c>
         <w xml:id="o5280-2183680"
            n="705-a-0200"
            ecep:lem="divine"
            ecep:pos="j-jn"
            ecep:reg="divine"
            ecep:spe="divine"
            ecep:syllab="2"
            ecep:pron="dɪˈvaɪn">divine</w>
         <c> </c>
         <w xml:id="o5280-2183690"
            n="705-a-0210"
            ecep:lem="from"
            ecep:pos="p-acp"
            ecep:reg="from"
            ecep:spe="from"
            ecep:syllab="1"
            ecep:pron="frɒm">from</w>
         <c> </c>
         <w xml:id="o5280-2183700"
            n="705-a-0220"
            ecep:lem="love"
            ecep:pos="n1"
            ecep:reg="love"
            ecep:spe="love"
            ecep:syllab="1"
            ecep:pron="lʌv">love</w>
         <c> </c>
         <w xml:id="o5280-2183710"
            n="705-a-0230"
            ecep:lem="that"
            ecep:pos="d"
            ecep:reg="that"
            ecep:spe="that"
            ecep:syllab="1"
            ecep:pron="ðæt">that</w>
         <c> </c>
         <w xml:id="o5280-2183720"
            n="705-a-0240"
            ecep:lem="flow"
            ecep:pos="n1"
            ecep:reg="flow"
            ecep:spe="flow"
            ecep:syllab="1"
            ecep:pron="fləʊ">flow</w>
         <pc xml:id="o5280-2183730"
             n="705-a-0250"
             ecep:lem="."
             ecep:pos="."
             ecep:reg="."
             ecep:spe=".">.</pc>
         <pc xml:id="o5280-2183740"
             n="705-a-0260"
             unit="sentence"
             ecep:lem="&#34;"
             ecep:pos="&#34;"
             ecep:reg="&#34;"
             ecep:spe="&#34;">"</pc>
         <c> </c>
      </l>
      <l xml:id="o5280-l03970">
         <w xml:id="o5280-2183750"
            n="705-a-0270"
            ecep:lem="pause"
            ecep:pos="vvg"
            ecep:reg="Pausing"
            ecep:spe="Pausing"
            ecep:syllab="2"
            ecep:pron="ˈpɔːzɪŋ">Pausing</w>
         <c> </c>
         <w xml:id="o5280-2183760"
            n="705-a-0280"
            ecep:lem="here"
            ecep:pos="av"
            ecep:reg="here"
            ecep:spe="here"
            ecep:syllab="1"
            ecep:pron="hɪə">here</w>
         <pc xml:id="o5280-2183770"
             n="705-a-0290"
             ecep:lem=","
             ecep:pos=","
             ecep:reg=","
             ecep:spe=",">,</pc>
         <c> </c>
         <w xml:id="o5280-2183780"
            n="705-a-0300"
            ecep:lem="the"
            ecep:pos="dt"
            ecep:reg="the"
            ecep:spe="the"
            ecep:syllab="1"
            ecep:pron="ðə">the</w>
         <c> </c>
         <w xml:id="o5280-2183790"
            n="705-a-0310"
            ecep:lem="blue-eyed"
            ecep:pos="j"
            ecep:reg="blue-eyed"
            ecep:spe="blue-ey'd"
            ecep:syllab="2"
            ecep:pron="ˌbluːˈaɪd">blue-ey'd</w>
         <c> </c>
         <w xml:id="o5280-2183800"
            n="705-a-0320"
            ecep:lem="maid"
            ecep:pos="n1"
            ecep:reg="maid"
            ecep:spe="maid"
            ecep:syllab="1"
            ecep:pron="meɪd">maid</w>
      </l>
      <l xml:id="o5280-l03975">
         <c> </c>
         <w xml:id="o5280-2183810"
            n="705-a-0330"
            ecep:lem="cease"
            ecep:pos="vvd"
            ecep:reg="Ceased"
            ecep:spe="Ceas'd"
            ecep:syllab="1"
            ecep:pron="siːst">Ceas'd</w>
         <c> </c>
         <w xml:id="o5280-2183820"
            n="705-a-0340"
            ecep:lem="to"
            ecep:pos="pc-acp"
            ecep:reg="to"
            ecep:spe="to"
            ecep:syllab="1"
            ecep:pron="tuː">to</w>
         <c> </c>
         <w xml:id="o5280-2183830"
            n="705-a-0350"
            ecep:lem="sing"
            ecep:pos="vvi"
            ecep:reg="sing"
            ecep:spe="sing"
            ecep:syllab="1"
            ecep:pron="sɪŋ">sing</w>
         <c> </c>
         <w xml:id="o5280-2183840"
            n="705-a-0360"
            ecep:lem="in"
            ecep:pos="p-acp"
            ecep:reg="in"
            ecep:spe="in"
            ecep:syllab="1"
            ecep:pron="ɪn">in</w>
         <c> </c>
         <w xml:id="o5280-2183850"
            n="705-a-0370"
            ecep:lem="eden"
            ecep:pos="npg1"
            ecep:reg="Eden's"
            ecep:spe="Eden's"
            ecep:syllab="2"
            ecep:pron="ˈiːdənz">Eden's</w>
         <c> </c>
         <w xml:id="o5280-2183860"
            n="705-a-0380"
            ecep:lem="shade"
            ecep:pos="n1"
            ecep:reg="shade"
            ecep:spe="shade"
            ecep:syllab="1"
            ecep:pron="ʃeɪd">shade</w>
         <pc xml:id="o5280-2183870"
             n="705-a-0390"
             unit="sentence"
             ecep:lem="."
             ecep:pos="."
             ecep:reg="."
             ecep:spe=".">.</pc>
         <c> </c>
      </l>
      <l xml:id="o5280-l03980">
         <w xml:id="o5280-2183880"
            n="705-a-0400"
            ecep:lem="charm"
            ecep:pos="j-vvn"
            ecep:reg="Charmed"
            ecep:spe="Charm'd"
            ecep:syllab="1"
            ecep:pron="tʃɑːmd">Charm'd</w>
         <c> </c>
         <w xml:id="o5280-2183890"
            n="705-a-0410"
            ecep:lem="by"
            ecep:pos="p-acp"
            ecep:reg="by"
            ecep:spe="by"
            ecep:syllab="1"
            ecep:pron="baɪ">by</w>
         <c> </c>
         <w xml:id="o5280-2183900"
            n="705-a-0420"
            ecep:lem="strain"
            ecep:pos="n2"
            ecep:reg="strains"
            ecep:spe="strains"
            ecep:syllab="1"
            ecep:pron="ˈstreɪnz">strains</w>
         <c> </c>
         <w xml:id="o5280-2183910"
            n="705-a-0430"
            ecep:lem="so"
            ecep:pos="av"
            ecep:reg="so"
            ecep:spe="so"
            ecep:syllab="1"
            ecep:pron="səʊ">so</w>
         <c> </c>
         <w xml:id="o5280-2183920"
            n="705-a-0440"
            ecep:lem="sweet"
            ecep:pos="j"
            ecep:reg="sweet"
            ecep:spe="sweet"
            ecep:syllab="1"
            ecep:pron="swiːt">sweet</w>
         <pc xml:id="o5280-2183930"
             n="705-a-0450"
             ecep:lem=","
             ecep:pos=","
             ecep:reg=","
             ecep:spe=",">,</pc>
         <c> </c>
         <w xml:id="o5280-2183940"
            n="705-a-0460"
            ecep:lem="so"
            ecep:pos="av"
            ecep:reg="so"
            ecep:spe="so"
            ecep:syllab="1"
            ecep:pron="səʊ">so</w>
         <c> </c>
         <w xml:id="o5280-2183950"
            n="705-a-0470"
            ecep:lem="bless"
            ecep:pos="vvn"
            ecep:reg="blessed"
            ecep:spe="blest"
            ecep:syllab="1"
            ecep:pron="blest">blest</w>
         <pc xml:id="o5280-2183960"
             n="705-a-0480"
             ecep:lem=","
             ecep:pos=","
             ecep:reg=","
             ecep:spe=",">,</pc>
      </l>
      <l xml:id="o5280-l03985">
         <c> </c>
         <w xml:id="o5280-2183970"
            n="705-a-0490"
            ecep:lem="the"
            ecep:pos="dt"
            ecep:reg="The"
            ecep:spe="The"
            ecep:syllab="1"
            ecep:pron="ðə">The</w>
         <c> </c>
         <w xml:id="o5280-2183980"
            n="705-a-0500"
            ecep:lem="common"
            ecep:pos="j"
            ecep:reg="common"
            ecep:spe="common"
            ecep:syllab="2"
            ecep:pron="ˈkɒmən">common</w>
         <c> </c>
         <w xml:id="o5280-2183990"
            n="705-a-0510"
            ecep:lem="father"
            ecep:pos="n1"
            ecep:reg="father"
            ecep:spe="father"
            ecep:syllab="2"
            ecep:pron="ˈfɑːðə">father</w>
         <c> </c>
         <w xml:id="o5280-2184000"
            n="705-a-0520"
            ecep:lem="sink"
            ecep:pos="vvn"
            ecep:reg="sunk"
            ecep:spe="sunk"
            ecep:syllab="1"
            ecep:pron="sʌŋk">sunk</w>
         <c> </c>
         <w xml:id="o5280-2184010"
            n="705-a-0530"
            ecep:lem="to"
            ecep:pos="p-acp"
            ecep:reg="to"
            ecep:spe="to"
            ecep:syllab="1"
            ecep:pron="tuː">to</w>
         <c> </c>
         <w xml:id="o5280-2184020"
            n="705-a-0540"
            ecep:lem="rest"
            ecep:pos="n1"
            ecep:reg="rest"
            ecep:spe="rest"
            ecep:syllab="1"
            ecep:pron="rest">rest</w>
         <pc xml:id="o5280-2184030"
             n="705-a-0550"
             ecep:lem=";"
             ecep:pos=";"
             ecep:reg=";"
             ecep:spe=";">;</pc>
      </l>
      <l xml:id="o5280-l03990">
         <c> </c>
         <w xml:id="o5280-2184040"
            n="705-a-0560"
            ecep:lem="when"
            ecep:pos="c-crq"
            ecep:reg="When"
            ecep:spe="When"
            ecep:syllab="1"
            ecep:pron="wen">When</w>
         <c> </c>
         <w xml:id="o5280-2184050"
            n="705-a-0570"
            ecep:lem="appear"
            ecep:pos="vvd"
            ecep:reg="appeared"
            ecep:spe="appear'd"
            ecep:syllab="2"
            ecep:pron="əˈpɪəd">appear'd</w>
         <c> </c>
         <w xml:id="o5280-2184060"
            n="705-a-0580"
            ecep:lem="the"
            ecep:pos="dt"
            ecep:reg="the"
            ecep:spe="the"
            ecep:syllab="1"
            ecep:pron="ðə">the</w>
         <c> </c>
         <w xml:id="o5280-2184070"
            n="705-a-0590"
            ecep:lem="second"
            ecep:pos="ord"
            ecep:reg="second"
            ecep:spe="second"
            ecep:syllab="2"
            ecep:pron="ˈsekənd">second</w>
         <c> </c>
         <w xml:id="o5280-2184080"
            n="705-a-0600"
            ecep:lem="dawn"
            ecep:pos="n1"
            ecep:reg="dawn"
            ecep:spe="dawn"
            ecep:syllab="1"
            ecep:pron="dɔːn">dawn</w>
         <pc xml:id="o5280-2184090"
             n="705-a-0610"
             ecep:lem=","
             ecep:pos=","
             ecep:reg=","
             ecep:spe=",">,</pc>
      </l>
      <l xml:id="o5280-l03995">
         <c> </c>
         <w xml:id="o5280-2184100"
            n="705-a-0620"
            ecep:lem="please"
            ecep:pos="vvn"
            ecep:reg="Pleased"
            ecep:spe="Pleas'd"
            ecep:syllab="1"
            ecep:pron="pliːzd">Pleas'd</w>
         <pc xml:id="o5280-2184110"
             n="705-a-0630"
             ecep:lem=","
             ecep:pos=","
             ecep:reg=","
             ecep:spe=",">,</pc>
         <c> </c>
         <w xml:id="o5280-2184120"
            n="705-a-0640"
            ecep:lem="he"
            ecep:pos="pns31"
            ecep:reg="he"
            ecep:spe="he"
            ecep:syllab="1"
            ecep:pron="hiː">he</w>
         <c> </c>
         <w xml:id="o5280-2184130"
            n="705-a-0650"
            ecep:lem="tread"
            ecep:pos="vvd"
            ecep:reg="trod"
            ecep:spe="trod"
            ecep:syllab="1"
            ecep:pron="trɒd">trod</w>
         <c> </c>
         <w xml:id="o5280-2184140"
            n="705-a-0660"
            ecep:lem="the"
            ecep:pos="dt"
            ecep:reg="the"
            ecep:spe="the"
            ecep:syllab="1"
            ecep:pron="ðə">the</w>
         <c> </c>
         <w xml:id="o5280-2184150"
            n="705-a-0670"
            ecep:lem="verdant"
            ecep:pos="j"
            ecep:reg="verdant"
            ecep:spe="verdant"
            ecep:syllab="2"
            ecep:pron="ˈvɜːdnt">verdant</w>
         <c> </c>
         <w xml:id="o5280-2184160"
            n="705-a-0680"
            ecep:lem="lawn"
            ecep:pos="n1"
            ecep:reg="lawn"
            ecep:spe="lawn"
            ecep:syllab="1"
            ecep:pron="lɔːn">lawn</w>
         <pc xml:id="o5280-2184170"
             n="705-a-0690"
             unit="sentence"
             ecep:lem="."
             ecep:pos="."
             ecep:reg="."
             ecep:spe=".">.</pc>
         <c> </c>
      </l>
      <l xml:id="o5280-l04000">
         <w xml:id="o5280-2184180"
            n="705-a-0700"
            ecep:lem="seat"
            ecep:pos="vvn"
            ecep:reg="Seated"
            ecep:spe="Seated"
            ecep:syllab="2"
            ecep:pron="ˈsiːtɪd">Seated</w>
         <c> </c>
         <w xml:id="o5280-2184200"
            n="705-a-0720"
            ecep:lem="beneath"
            ecep:pos="p-acp"
            ecep:reg="beneath"
            ecep:spe="'neath"
            ecep:syllab="1"
            ecep:pron="niːθ">'neath</w>
         <c> </c>
         <w xml:id="o5280-2184210"
            n="705-a-0730"
            ecep:lem="a"
            ecep:pos="dt"
            ecep:reg="a"
            ecep:spe="a"
            ecep:syllab="1"
            ecep:pron="ə">a</w>
         <c> </c>
         <w xml:id="o5280-2184220"
            n="705-a-0740"
            ecep:lem="woodbine"
            ecep:pos="ng1"
            ecep:reg="woodbine's"
            ecep:spe="woodbine's"
            ecep:syllab="3"
            ecep:pron="ˈwuːdˌbaɪnz">woodbine's</w>
         <c> </c>
         <w xml:id="o5280-2184230"
            n="705-a-0750"
            ecep:lem="shade"
            ecep:pos="n1"
            ecep:reg="shade"
            ecep:spe="shade"
            ecep:syllab="1"
            ecep:pron="ʃeɪd">shade</w>
      </l>
      <l xml:id="o5280-l04005">
         <c> </c>
         <w xml:id="o5280-2184240"
            n="705-a-0760"
            ecep:lem="soon"
            ecep:pos="av"
            ecep:reg="Soon"
            ecep:spe="Soon"
            ecep:syllab="1"
            ecep:pron="suːn">Soon</w>
         <c> </c>
         <w xml:id="o5280-2184250"
            n="705-a-0770"
            ecep:lem="he"
            ecep:pos="pns31"
            ecep:reg="he"
            ecep:spe="he"
            ecep:syllab="1"
            ecep:pron="hiː">he</w>
         <c> </c>
         <w xml:id="o5280-2184260"
            n="705-a-0780"
            ecep:lem="see"
            ecep:pos="vvd"
            ecep:reg="saw"
            ecep:spe="saw"
            ecep:syllab="1"
            ecep:pron="sɔː">saw</w>
         <c> </c>
         <w xml:id="o5280-2184270"
            n="705-a-0790"
            ecep:lem="the"
            ecep:pos="dt"
            ecep:reg="the"
            ecep:spe="the"
            ecep:syllab="1"
            ecep:pron="ðə">the</w>
         <c> </c>
         <w xml:id="o5280-2184280"
            n="705-a-0800"
            ecep:lem="perfect"
            ecep:pos="j"
            ecep:reg="perfect"
            ecep:spe="perfect"
            ecep:syllab="2"
            ecep:pron="ˈpɜːfɪkt">perfect</w>
         <c> </c>
         <w xml:id="o5280-2184290"
            n="705-a-0810"
            ecep:lem="maid"
            ecep:pos="n1"
            ecep:reg="maid"
            ecep:spe="maid"
            ecep:syllab="1"
            ecep:pron="meɪd">maid</w>
         <pc xml:id="o5280-2184300"
             n="705-a-0820"
             ecep:lem=";"
             ecep:pos=";"
             ecep:reg=";"
             ecep:spe=";">;</pc>
      </l>
      <l xml:id="o5280-l04010">
         <c> </c>
         <w xml:id="o5280-2184310"
            n="705-a-0830"
            ecep:lem="each"
            ecep:pos="d"
            ecep:reg="Each"
            ecep:spe="Each"
            ecep:syllab="1"
            ecep:pron="iːtʃ">Each</w>
         <c> </c>
         <w xml:id="o5280-2184320"
            n="705-a-0840"
            ecep:lem="in"
            ecep:pos="p-acp"
            ecep:reg="in"
            ecep:spe="in"
            ecep:syllab="1"
            ecep:pron="ɪn">in</w>
         <c> </c>
         <w xml:id="o5280-2184330"
            n="705-a-0850"
            ecep:lem="mutual"
            ecep:pos="j"
            ecep:reg="mutual"
            ecep:spe="mutual"
            ecep:syllab="3"
            ecep:pron="ˈmjuːtʃʊəl">mutual</w>
         <c> </c>
         <w xml:id="o5280-2184340"
            n="705-a-0860"
            ecep:lem="wonder"
            ecep:pos="n1"
            ecep:reg="wonder"
            ecep:spe="wonder"
            ecep:syllab="2"
            ecep:pron="ˈwʌndə">wonder</w>
         <c> </c>
         <w xml:id="o5280-2184350"
            n="705-a-0870"
            ecep:lem="gaze"
            ecep:pos="vvd"
            ecep:reg="gazed"
            ecep:spe="gaz'd"
            ecep:syllab="1"
            ecep:pron="geɪzd">gaz'd</w>
         <pc xml:id="o5280-2184360"
             n="705-a-0880"
             ecep:lem=";"
             ecep:pos=";"
             ecep:reg=";"
             ecep:spe=";">;</pc>
      </l>
      <l xml:id="o5280-l04015">
         <c> </c>
         <w xml:id="o5280-2184370"
            n="705-a-0890"
            ecep:lem="love"
            ecep:pos="vvb"
            ecep:reg="Love"
            ecep:spe="Love"
            ecep:syllab="1"
            ecep:pron="lʌv">Love</w>
         <c> </c>
         <w xml:id="o5280-2184380"
            n="705-a-0900"
            ecep:lem="within"
            ecep:pos="p-acp"
            ecep:reg="within"
            ecep:spe="within"
            ecep:syllab="2"
            ecep:pron="wɪˈðɪn">within</w>
         <c> </c>
         <w xml:id="o5280-2184390"
            n="705-a-0910"
            ecep:lem="each"
            ecep:pos="d"
            ecep:reg="each"
            ecep:spe="each"
            ecep:syllab="1"
            ecep:pron="iːtʃ">each</w>
         <c> </c>
         <w xml:id="o5280-2184400"
            n="705-a-0920"
            ecep:lem="bosom"
            ecep:pos="n1"
            ecep:reg="bosom"
            ecep:spe="bosom"
            ecep:syllab="2"
            ecep:pron="ˈbʊzəm">bosom</w>
         <c> </c>
         <w xml:id="o5280-2184410"
            n="705-a-0930"
            ecep:lem="blaze"
            ecep:pos="vvn"
            ecep:reg="blazed"
            ecep:spe="blaz'd"
            ecep:syllab="1"
            ecep:pron="bleɪzd">blaz'd</w>
         <pc xml:id="o5280-2184420"
             n="705-a-0940"
             unit="sentence"
             ecep:lem="."
             ecep:pos="."
             ecep:reg="."
             ecep:spe=".">.</pc>
         <c> </c>
      </l>
      <l xml:id="o5280-l04020">
         <w xml:id="o5280-2184430"
            n="705-a-0950"
            ecep:lem="rosy"
            ecep:pos="j"
            ecep:reg="Rosy"
            ecep:spe="Rosy"
            ecep:syllab="2"
            ecep:pron="ˈrəʊzɪ">Rosy</w>
         <c> </c>
         <w xml:id="o5280-2184440"
            n="705-a-0960"
            ecep:lem="blush"
            ecep:pos="n2"
            ecep:reg="blushes"
            ecep:spe="blushes"
            ecep:syllab="2"
            ecep:pron="ˈblʌʃɪz">blushes</w>
         <c> </c>
         <w xml:id="o5280-2184450"
            n="705-a-0970"
            ecep:lem="tinge"
            ecep:pos="n1"
            ecep:reg="tinge"
            ecep:spe="tinge"
            ecep:syllab="1"
            ecep:pron="tɪndʒ">tinge</w>
         <c> </c>
         <w xml:id="o5280-2184460"
            n="705-a-0980"
            ecep:lem="the"
            ecep:pos="dt"
            ecep:reg="the"
            ecep:spe="the"
            ecep:syllab="1"
            ecep:pron="ðə">the</w>
         <c> </c>
         <w xml:id="o5280-2184470"
            n="705-a-0990"
            ecep:lem="fair"
            ecep:pos="j"
            ecep:reg="fair"
            ecep:spe="fair"
            ecep:syllab="1"
            ecep:pron="feə">fair</w>
         <pc xml:id="o5280-2184480"
             n="705-a-1000"
             ecep:lem=";"
             ecep:pos=";"
             ecep:reg=";"
             ecep:spe=";">;</pc>
      </l>
      <l xml:id="o5280-l04025">
         <c> </c>
         <w xml:id="o5280-2184490"
            n="705-a-1010"
            ecep:lem="smile"
            ecep:pos="vvg"
            ecep:reg="Smiling"
            ecep:spe="Smiling"
            ecep:syllab="2"
            ecep:pron="ˈsmaɪlɪŋ">Smiling</w>
         <c> </c>
         <w xml:id="o5280-2184500"
            n="705-a-1020"
            ecep:lem="cherub"
            ecep:pos="n2"
            ecep:reg="cherubs"
            ecep:spe="cherubs"
            ecep:syllab="2"
            ecep:pron="ˈtʃerəbz">cherubs</w>
         <c> </c>
         <w xml:id="o5280-2184510"
            n="705-a-1030"
            ecep:lem="bless"
            ecep:pos="vvb"
            ecep:reg="bless"
            ecep:spe="bless"
            ecep:syllab="1"
            ecep:pron="bles">bless</w>
         <c> </c>
         <w xml:id="o5280-2184520"
            n="705-a-1040"
            ecep:lem="the"
            ecep:pos="dt"
            ecep:reg="the"
            ecep:spe="the"
            ecep:syllab="1"
            ecep:pron="ðə">the</w>
         <c> </c>
         <w xml:id="o5280-2184530"
            n="705-a-1050"
            ecep:lem="pair"
            ecep:pos="n1"
            ecep:reg="pair"
            ecep:spe="pair"
            ecep:syllab="1"
            ecep:pron="peə">pair</w>
         <pc xml:id="o5280-2184540"
             n="705-a-1060"
             ecep:lem=":"
             ecep:pos=":"
             ecep:reg=":"
             ecep:spe=":">:</pc>
      </l>
      <l xml:id="o5280-l04030">
         <c> </c>
         <w xml:id="o5280-2184550"
            n="705-a-1070"
            ecep:lem="each"
            ecep:pos="d"
            ecep:reg="Each"
            ecep:spe="Each"
            ecep:syllab="1"
            ecep:pron="iːtʃ">Each</w>
         <c> </c>
         <w xml:id="o5280-2184560"
            n="705-a-1080"
            ecep:lem="transport"
            ecep:pos="vvn"
            ecep:reg="transported"
            ecep:spe="transported"
            ecep:syllab="3"
            ecep:pron="trænsˈpɔːtɪd">transported</w>
         <c> </c>
         <w xml:id="o5280-2184570"
            n="705-a-1090"
            ecep:lem="with"
            ecep:pos="p-acp"
            ecep:reg="with"
            ecep:spe="with"
            ecep:syllab="1"
            ecep:pron="wɪð">with</w>
         <c> </c>
         <w xml:id="o5280-2184580"
            n="705-a-1100"
            ecep:lem="their"
            ecep:pos="po32"
            ecep:reg="their"
            ecep:spe="their"
            ecep:syllab="1"
            ecep:pron="ðeə">their</w>
         <c> </c>
         <w xml:id="o5280-2184590"
            n="705-a-1110"
            ecep:lem="lot"
            ecep:pos="n1"
            ecep:reg="lot"
            ecep:spe="lot"
            ecep:syllab="1"
            ecep:pron="lɒt">lot</w>
         <pc xml:id="o5280-2184600"
             n="705-a-1120"
             ecep:lem=","
             ecep:pos=","
             ecep:reg=","
             ecep:spe=",">,</pc>
      </l>
      <l xml:id="o5280-l04035">
         <c> </c>
         <w xml:id="o5280-2184610"
            n="705-a-1130"
            ecep:lem="join"
            ecep:pos="vvb"
            ecep:reg="Join"
            ecep:spe="Join"
            ecep:syllab="1"
            ecep:pron="dʒɔɪn">Join</w>
         <c> </c>
         <w xml:id="o5280-2184620"
            n="705-a-1140"
            ecep:lem="to"
            ecep:pos="pc-acp"
            ecep:reg="to"
            ecep:spe="to"
            ecep:syllab="1"
            ecep:pron="tuː">to</w>
         <c> </c>
         <w xml:id="o5280-2184630"
            n="705-a-1150"
            ecep:lem="bless"
            ecep:pos="vvi"
            ecep:reg="bless"
            ecep:spe="bless"
            ecep:syllab="1"
            ecep:pron="bles">bless</w>
         <c> </c>
         <w xml:id="o5280-2184640"
            n="705-a-1160"
            ecep:lem="the"
            ecep:pos="dt"
            ecep:reg="the"
            ecep:spe="the"
            ecep:syllab="1"
            ecep:pron="ðə">the</w>
         <c> </c>
         <w xml:id="o5280-2184650"
            n="705-a-1170"
            ecep:lem="nuptial"
            ecep:pos="j-jn"
            ecep:reg="nuptial"
            ecep:spe="nuptial"
            ecep:syllab="2"
            ecep:pron="ˈnʌpʃəl">nuptial</w>
         <c> </c>
         <w xml:id="o5280-2184660"
            n="705-a-1180"
            ecep:lem="knot"
            ecep:pos="n1"
            ecep:reg="knot"
            ecep:spe="knot"
            ecep:syllab="1"
            ecep:pron="nɒt">knot</w>
      </l>
      <pb facs="706" n="62" rend="none"/>
      <l xml:id="o5280-l04040">
         <c> </c>
         <w xml:id="o5280-2184670"
            n="706-a-0010"
            ecep:lem="to"
            ecep:pos="p-acp"
            ecep:reg="To"
            ecep:spe="To"
            ecep:syllab="1"
            ecep:pron="tuː">To</w>
         <c> </c>
         <w xml:id="o5280-2184680"
            n="706-a-0020"
            ecep:lem="a"
            ecep:pos="dt"
            ecep:reg="a"
            ecep:spe="a"
            ecep:syllab="1"
            ecep:pron="ə">a</w>
         <c> </c>
         <w xml:id="o5280-2184690"
            n="706-a-0030"
            ecep:lem="more"
            ecep:pos="av-dc"
            ecep:reg="more"
            ecep:spe="more"
            ecep:syllab="1"
            ecep:pron="mɔː">more</w>
         <c> </c>
         <w xml:id="o5280-2184700"
            n="706-a-0040"
            ecep:lem="sequester"
            ecep:pos="j-vvn"
            ecep:reg="sequestered"
            ecep:spe="sequester'd"
            ecep:syllab="3"
            ecep:pron="sɪˈkwestəd">sequester'd</w>
         <c> </c>
         <w xml:id="o5280-2184710"
            n="706-a-0050"
            ecep:lem="shade"
            ecep:pos="n1"
            ecep:reg="shade"
            ecep:spe="shade"
            ecep:syllab="1"
            ecep:pron="ʃeɪd">shade</w>
      </l>
      <l xml:id="o5280-l04045">
         <c> </c>
         <w xml:id="o5280-2184720"
            n="706-a-0060"
            ecep:lem="Adam"
            ecep:pos="np1"
            ecep:reg="Adam"
            ecep:spe="Adam"
            ecep:syllab="2"
            ecep:pron="ˈædəm">Adam</w>
         <c> </c>
         <w xml:id="o5280-2184730"
            n="706-a-0070"
            ecep:lem="lead"
            ecep:pos="vvd"
            ecep:reg="led"
            ecep:spe="led"
            ecep:syllab="1"
            ecep:pron="led">led</w>
         <c> </c>
         <w xml:id="o5280-2184740"
            n="706-a-0080"
            ecep:lem="the"
            ecep:pos="dt"
            ecep:reg="the"
            ecep:spe="the"
            ecep:syllab="1"
            ecep:pron="ðə">the</w>
         <c> </c>
         <w xml:id="o5280-2184750"
            n="706-a-0090"
            ecep:lem="blush"
            ecep:pos="j-vvg"
            ecep:reg="blushing"
            ecep:spe="blushing"
            ecep:syllab="2"
            ecep:pron="ˈblʌʃɪŋ">blushing</w>
         <c> </c>
         <w xml:id="o5280-2184760"
            n="706-a-0100"
            ecep:lem="maid"
            ecep:pos="n1"
            ecep:reg="maid"
            ecep:spe="maid"
            ecep:syllab="1"
            ecep:pron="meɪd">maid</w>
         <pc xml:id="o5280-2184770"
             n="706-a-0110"
             ecep:lem=";"
             ecep:pos=";"
             ecep:reg=";"
             ecep:spe=";">;</pc>
      </l>
      <l xml:id="o5280-l04050">
         <c> </c>
         <w xml:id="o5280-2184780"
            n="706-a-0120"
            ecep:lem="lock"
            ecep:pos="vvn"
            ecep:reg="Locked"
            ecep:spe="Lock'd"
            ecep:syllab="1"
            ecep:pron="lɒkt">Lock'd</w>
         <c> </c>
         <w xml:id="o5280-2184790"
            n="706-a-0130"
            ecep:lem="within"
            ecep:pos="p-acp"
            ecep:reg="within"
            ecep:spe="within"
            ecep:syllab="2"
            ecep:pron="wɪˈðɪn">within</w>
         <c> </c>
         <w xml:id="o5280-2184800"
            n="706-a-0140"
            ecep:lem="each"
            ecep:pos="d"
            ecep:reg="each"
            ecep:spe="each"
            ecep:syllab="1"
            ecep:pron="iːtʃ">each</w>
         <c> </c>
         <w xml:id="o5280-2184810"
            n="706-a-0150"
            ecep:lem="other"
            ecep:pos="ng1-jn"
            ecep:reg="other's"
            ecep:spe="other's"
            ecep:syllab="2"
            ecep:pron="ˈʌðəz">other's</w>
         <c> </c>
         <w xml:id="o5280-2184820"
            n="706-a-0160"
            ecep:lem="arm"
            ecep:pos="n2"
            ecep:reg="arms"
            ecep:spe="arms"
            ecep:syllab="1"
            ecep:pron="ɑːmz">arms</w>
         <pc xml:id="o5280-2184830"
             n="706-a-0170"
             ecep:lem=","
             ecep:pos=","
             ecep:reg=","
             ecep:spe=",">,</pc>
      </l>
      <l xml:id="o5280-l04055">
         <c> </c>
         <w xml:id="o5280-2184840"
            n="706-a-0180"
            ecep:lem="gaze"
            ecep:pos="vvg"
            ecep:reg="Gazing"
            ecep:spe="Gazing"
            ecep:syllab="2"
            ecep:pron="ˈgeɪzɪŋ">Gazing</w>
         <c> </c>
         <w xml:id="o5280-2184850"
            n="706-a-0190"
            ecep:lem="on"
            ecep:pos="p-acp"
            ecep:reg="on"
            ecep:spe="on"
            ecep:syllab="1"
            ecep:pron="ɒn">on</w>
         <c> </c>
         <w xml:id="o5280-2184860"
            n="706-a-0200"
            ecep:lem="each"
            ecep:pos="d"
            ecep:reg="each"
            ecep:spe="each"
            ecep:syllab="1"
            ecep:pron="iːtʃ">each</w>
         <c> </c>
         <w xml:id="o5280-2184870"
            n="706-a-0210"
            ecep:lem="other"
            ecep:pos="ng1-jn"
            ecep:reg="other's"
            ecep:spe="other's"
            ecep:syllab="2"
            ecep:pron="ˈʌðəz">other's</w>
         <c> </c>
         <w xml:id="o5280-2184880"
            n="706-a-0220"
            ecep:lem="charm"
            ecep:pos="n2"
            ecep:reg="charms"
            ecep:spe="charms"
            ecep:syllab="1"
            ecep:pron="tʃɑːmz">charms</w>
         <pc xml:id="o5280-2184890"
             n="706-a-0230"
             ecep:lem=";"
             ecep:pos=";"
             ecep:reg=";"
             ecep:spe=";">;</pc>
      </l>
      <l xml:id="o5280-l04060">
         <c> </c>
         <w xml:id="o5280-2184900"
            n="706-a-0240"
            ecep:lem="each"
            ecep:pos="d"
            ecep:reg="Each"
            ecep:spe="Each"
            ecep:syllab="1"
            ecep:pron="iːtʃ">Each</w>
         <c> </c>
         <w xml:id="o5280-2184910"
            n="706-a-0250"
            ecep:lem="exchange"
            ecep:pos="vvd"
            ecep:reg="exchanged"
            ecep:spe="exchang'd"
            ecep:syllab="2"
            ecep:pron="ɪksˈtʃeɪndʒd">exchang'd</w>
         <c> </c>
         <w xml:id="o5280-2184920"
            n="706-a-0260"
            ecep:lem="a"
            ecep:pos="dt"
            ecep:reg="a"
            ecep:spe="a"
            ecep:syllab="1"
            ecep:pron="ə">a</w>
         <c> </c>
         <w xml:id="o5280-2184930"
            n="706-a-0270"
            ecep:lem="balmy"
            ecep:pos="j"
            ecep:reg="balmy"
            ecep:spe="balmy"
            ecep:syllab="2"
            ecep:pron="ˈbɑːmɪ">balmy</w>
         <c> </c>
         <w xml:id="o5280-2184940"
            n="706-a-0280"
            ecep:lem="kiss"
            ecep:pos="n1"
            ecep:reg="kiss"
            ecep:spe="kiss"
            ecep:syllab="1"
            ecep:pron="kɪs">kiss</w>
         <pc xml:id="o5280-2184950"
             n="706-a-0290"
             ecep:lem=","
             ecep:pos=","
             ecep:reg=","
             ecep:spe=",">,</pc>
      </l>
      <l xml:id="o5280-l04065">
         <c> </c>
         <w xml:id="o5280-2184960"
            n="706-a-0300"
            ecep:lem="give"
            ecep:pos="vvg"
            ecep:reg="Giving"
            ecep:spe="Giving"
            ecep:syllab="2"
            ecep:pron="ˈgɪvɪŋ">Giving</w>
         <c> </c>
         <w xml:id="o5280-2184970"
            n="706-a-0310"
            ecep:lem="thus"
            ecep:pos="av"
            ecep:reg="thus"
            ecep:spe="thus"
            ecep:syllab="1"
            ecep:pron="ðʌs">thus</w>
         <c> </c>
         <w xml:id="o5280-2184980"
            n="706-a-0320"
            ecep:lem="a"
            ecep:pos="dt"
            ecep:reg="a"
            ecep:spe="a"
            ecep:syllab="1"
            ecep:pron="ə">a</w>
         <c> </c>
         <w xml:id="o5280-2184990"
            n="706-a-0330"
            ecep:lem="birth"
            ecep:pos="n1"
            ecep:reg="birth"
            ecep:spe="birth"
            ecep:syllab="1"
            ecep:pron="bɜːθ">birth</w>
         <c> </c>
         <w xml:id="o5280-2185000"
            n="706-a-0340"
            ecep:lem="to"
            ecep:pos="p-acp"
            ecep:reg="to"
            ecep:spe="to"
            ecep:syllab="1"
            ecep:pron="tuː">to</w>
         <c> </c>
         <w xml:id="o5280-2185010"
            n="706-a-0350"
            ecep:lem="bliss"
            ecep:pos="n1"
            ecep:reg="bliss"
            ecep:spe="bliss"
            ecep:syllab="1"
            ecep:pron="blɪs">bliss</w>
         <pc xml:id="o5280-2185020"
             n="706-a-0360"
             unit="sentence"
             ecep:lem="."
             ecep:pos="."
             ecep:reg="."
             ecep:spe=".">.</pc>
         <c> </c>
      </l>
   </lg>
</div>
