<?xml version="1.0" encoding="UTF-8"?>
<div xmlns:ecep="http://www.eighteenthcenturypoetry.org/ns"
     xmlns="http://www.tei-c.org/ns/1.0"
     xmlns:tei="http://www.tei-c.org/ns/1.0"
     ana="#iamb #tetrameter #trimeter #octet #cross #song"
     corresp="#txt_RobiMa1758_w0021"
     decls="#semi-normalized"
     ecep:syllab="8.6.8.6.8.6.8.6"
     met="-+|-+|-+|-+/ -+|-+|-+/ -+|-+|-+|-+/ -+|-+|-+/ -+|-+|-+|-+/ -+|-+|-+/ -+|-+|-+|-+/ -+|-+|-+/"
     rendition="#lgvspace"
     rhyme="ababcdcd"
     subtype="eceptext"
     type="poem"
     xml:id="pro75-w0210">
   <link target="authors.xml#aut_RobiMa1758" type="author"/>
   <head type="main">
      <w xml:id="pro75-078380"
         n="a-0010"
         ecep:lem="song"
         ecep:pos="n1"
         ecep:reg="SONG"
         ecep:spe="SONG"
         ecep:syllab="1"
         ecep:pron="sɒŋ">SONG</w>
      <pc xml:id="pro75-078390"
          n="a-0020"
          unit="sentence"
          ecep:lem="."
          ecep:pos="."
          ecep:reg="."
          ecep:spe=".">.</pc>
   </head>
   <lg xml:id="pro75-s00595">
      <head>
         <w xml:id="pro75-078430"
            n="a-0030"
            ecep:lem="i"
            ecep:pos="pns11"
            ecep:reg="I"
            ecep:spe="I"
            ecep:syllab="1"
            ecep:pron="aɪ">I</w>
      </head>
      <l n="1" xml:id="pro75-l04585">
         <hi rendition="#sc">
            <w xml:id="pro75-078450"
               n="a-0040"
               ecep:lem="as"
               ecep:pos="p-acp"
               ecep:reg="As"
               ecep:spe="As"
               ecep:syllab="1"
               ecep:pron="æz">As</w>
         </hi>
         <c> </c>
         <w xml:id="pro75-078460"
            n="a-0050"
            ecep:lem="Cupid"
            ecep:pos="np1"
            ecep:reg="Cupid"
            ecep:spe="Cupid"
            ecep:syllab="2"
            ecep:pron="ˈkjuːpɪd">Cupid</w>
         <c> </c>
         <w xml:id="pro75-078470"
            n="a-0060"
            ecep:lem="wanton"
            ecep:pos="j-jn"
            ecep:reg="wanton"
            ecep:spe="wanton"
            ecep:syllab="2"
            ecep:pron="ˈwɒntən">wanton</w>
         <pc xml:id="pro75-078480"
             n="a-0070"
             ecep:lem=","
             ecep:pos=","
             ecep:reg=","
             ecep:spe=",">,</pc>
         <c> </c>
         <w xml:id="pro75-078490"
            n="a-0080"
            ecep:lem="giddy"
            ecep:pos="j"
            ecep:reg="giddy"
            ecep:spe="giddy"
            ecep:syllab="2"
            ecep:pron="ˈgɪdi">giddy</w>
         <c> </c>
         <w xml:id="pro75-078500"
            n="a-0090"
            ecep:lem="child"
            ecep:pos="n1"
            ecep:reg="child"
            ecep:spe="child"
            ecep:syllab="1"
            ecep:pron="tʃaɪld">child</w>
         <pc xml:id="pro75-078510"
             n="a-0100"
             ecep:lem=","
             ecep:pos=","
             ecep:reg=","
             ecep:spe=",">,</pc>
      </l>
      <l n="2" rendition="#h_3" xml:id="pro75-l04590">
         <w xml:id="pro75-078520"
            n="a-0110"
            ecep:lem="be"
            ecep:pos="vbds"
            ecep:reg="Was"
            ecep:spe="Was"
            ecep:syllab="1"
            ecep:pron="wɒz">Was</w>
         <c> </c>
         <w xml:id="pro75-078530"
            n="a-0120"
            ecep:lem="ramble"
            ecep:pos="vvg"
            ecep:reg="rambling"
            ecep:spe="rambling"
            ecep:syllab="3"
            ecep:pron="ˈræmblɪŋ">rambling</w>
         <c> </c>
         <w xml:id="pro75-078540"
            n="a-0130"
            ecep:lem="throw"
            ecep:pos="n1"
            ecep:reg="throw"
            ecep:spe="throw"
            ecep:syllab="1"
            ecep:pron="θrəʊ">throw</w>
         <c> </c>
         <w xml:id="pro75-078550"
            n="a-0140"
            ecep:lem="the"
            ecep:pos="dt"
            ecep:reg="the"
            ecep:spe="the"
            ecep:syllab="1"
            ecep:pron="ðiː">the</w>
         <c> </c>
         <w xml:id="pro75-078560"
            n="a-0150"
            ecep:lem="shade"
            ecep:pos="n1"
            ecep:reg="shade"
            ecep:spe="shade"
            ecep:syllab="1"
            ecep:pron="ʃeɪd">shade</w>
         <pc xml:id="pro75-078570"
             n="a-0160"
             ecep:lem=","
             ecep:pos=","
             ecep:reg=","
             ecep:spe=",">,</pc>
      </l>
      <l n="3" xml:id="pro75-l04595">
         <w xml:id="pro75-078580"
            n="a-0170"
            ecep:lem="to"
            ecep:pos="p-acp"
            ecep:reg="To"
            ecep:spe="To"
            ecep:syllab="1"
            ecep:pron="tuː">To</w>
         <c> </c>
         <w xml:id="pro75-078590"
            n="a-0180"
            ecep:lem="mischief"
            ecep:pos="n1"
            ecep:reg="mischief"
            ecep:spe="mischief"
            ecep:syllab="2"
            ecep:pron="ˈmɪstʃɪf">mischief</w>
         <c> </c>
         <w xml:id="pro75-078600"
            n="a-0190"
            ecep:lem="prow"
            ecep:pos="vvn"
            ecep:reg="prown"
            ecep:spe="prown"
            ecep:syllab="1"
            ecep:pron="prˈaʊn">prown</w>
         <pc xml:id="pro75-078610"
             n="a-0200"
             ecep:lem=","
             ecep:pos=","
             ecep:reg=","
             ecep:spe=",">,</pc>
         <c> </c>
         <w xml:id="pro75-078620"
            n="a-0210"
            ecep:lem="the"
            ecep:pos="dt"
            ecep:reg="the"
            ecep:spe="the"
            ecep:syllab="1"
            ecep:pron="ðiː">the</w>
         <c> </c>
         <w xml:id="pro75-078630"
            n="a-0220"
            ecep:lem="urchin"
            ecep:pos="n1"
            ecep:reg="urchin"
            ecep:spe="urchin"
            ecep:syllab="2"
            ecep:pron="ˈɜːtʃɪn">urchin</w>
         <c> </c>
         <w xml:id="pro75-078640"
            n="a-0230"
            ecep:lem="wild"
            ecep:pos="j"
            ecep:reg="wild"
            ecep:spe="wild"
            ecep:syllab="1"
            ecep:pron="waɪld">wild</w>
         <pc xml:id="pro75-078650"
             n="a-0240"
             ecep:lem=","
             ecep:pos=","
             ecep:reg=","
             ecep:spe=",">,</pc>
      </l>
      <l n="4" rendition="#h_3" xml:id="pro75-l04600">
         <w xml:id="pro75-078660"
            n="a-0250"
            ecep:lem="behold"
            ecep:pos="vvd"
            ecep:reg="Beheld"
            ecep:spe="Beheld"
            ecep:syllab="2"
            ecep:pron="bɪˈheld">Beheld</w>
         <c> </c>
         <w xml:id="pro75-078670"
            n="a-0260"
            ecep:lem="a"
            ecep:pos="dt"
            ecep:reg="a"
            ecep:spe="a"
            ecep:syllab="1"
            ecep:pron="ə">a</w>
         <c> </c>
         <w xml:id="pro75-078680"
            n="a-0270"
            ecep:lem="sleep"
            ecep:pos="j-vvg"
            ecep:reg="sleeping"
            ecep:spe="sleeping"
            ecep:syllab="2"
            ecep:pron="sliːpɪŋ">sleeping</w>
         <c> </c>
         <w xml:id="pro75-078690"
            n="a-0280"
            ecep:lem="maid"
            ecep:pos="n1"
            ecep:reg="maid"
            ecep:spe="maid"
            ecep:syllab="1"
            ecep:pron="meɪd">maid</w>
         <pc xml:id="pro75-078700"
             n="a-0290"
             unit="sentence"
             ecep:lem="."
             ecep:pos="."
             ecep:reg="."
             ecep:spe=".">.</pc>
      </l>
      <l n="5" xml:id="pro75-l04605">
         <w xml:id="pro75-078710"
            n="a-0300"
            ecep:lem="but"
            ecep:pos="p-acp"
            ecep:reg="But"
            ecep:spe="But"
            ecep:syllab="1"
            ecep:pron="bʌt">But</w>
         <c> </c>
         <w xml:id="pro75-078720"
            n="a-0310"
            ecep:lem="how"
            ecep:pos="c-crq"
            ecep:reg="how"
            ecep:spe="how"
            ecep:syllab="1"
            ecep:pron="haʊ">how</w>
         <c> </c>
         <w xml:id="pro75-078730"
            n="a-0320"
            ecep:lem="to"
            ecep:pos="pc-acp"
            ecep:reg="to"
            ecep:spe="to"
            ecep:syllab="1"
            ecep:pron="tuː">to</w>
         <c> </c>
         <w xml:id="pro75-078740"
            n="a-0330"
            ecep:lem="wound"
            ecep:pos="vvi"
            ecep:reg="wound"
            ecep:spe="wound"
            ecep:syllab="1"
            ecep:pron="waʊnd">wound</w>
         <c> </c>
         <w xml:id="pro75-078750"
            n="a-0340"
            ecep:lem="her"
            ecep:pos="po31"
            ecep:reg="her"
            ecep:spe="her"
            ecep:syllab="1"
            ecep:pron="hɜː">her</w>
         <c> </c>
         <w xml:id="pro75-078760"
            n="a-0350"
            ecep:lem="gentle"
            ecep:pos="j-jn"
            ecep:reg="gentle"
            ecep:spe="gentle"
            ecep:syllab="2"
            ecep:pron="ˈdʒentl">gentle</w>
         <c> </c>
         <w xml:id="pro75-078770"
            n="a-0360"
            ecep:lem="breast"
            ecep:pos="n1"
            ecep:reg="breast"
            ecep:spe="breast"
            ecep:syllab="1"
            ecep:pron="brest">breast</w>
         <pc xml:id="pro75-078780"
             n="a-0370"
             ecep:lem=","
             ecep:pos=","
             ecep:reg=","
             ecep:spe=",">,</pc>
      </l>
      <l n="6" rendition="#h_3" xml:id="pro75-l04610">
         <w xml:id="pro75-078790"
            n="a-0380"
            ecep:lem="a"
            ecep:pos="dt"
            ecep:reg="A"
            ecep:spe="A"
            ecep:syllab="1"
            ecep:pron="ə">A</w>
         <c> </c>
         <w xml:id="pro75-078800"
            n="a-0390"
            ecep:lem="quick"
            ecep:pos="j"
            ecep:reg="quick"
            ecep:spe="quick"
            ecep:syllab="1"
            ecep:pron="kwɪk">quick</w>
         <c> </c>
         <w xml:id="pro75-078810"
            n="a-0400"
            ecep:lem="suggestion"
            ecep:pos="n1"
            ecep:reg="suggestion"
            ecep:spe="suggestion"
            ecep:syllab="3"
            ecep:pron="səˈdʒestʃn">suggestion</w>
         <c> </c>
         <w xml:id="pro75-078820"
            n="a-0410"
            ecep:lem="rise"
            ecep:pos="vvd"
            ecep:reg="rose"
            ecep:spe="rose"
            ecep:syllab="1"
            ecep:pron="rəʊz">rose</w>
         <pc xml:id="pro75-078830"
             n="a-0420"
             ecep:lem=","
             ecep:pos=","
             ecep:reg=","
             ecep:spe=",">,</pc>
      </l>
      <l n="7" xml:id="pro75-l04615">
         <w xml:id="pro75-078840"
            n="a-0430"
            ecep:lem="when"
            ecep:pos="c-crq"
            ecep:reg="When"
            ecep:spe="When"
            ecep:syllab="1"
            ecep:pron="wen">When</w>
         <c> </c>
         <w xml:id="pro75-078850"
            n="a-0440"
            ecep:lem="every"
            ecep:pos="d"
            ecep:reg="every"
            ecep:spe="ev'ry"
            ecep:syllab="2"
            ecep:pron="ˈevri">ev'ry</w>
         <c> </c>
         <w xml:id="pro75-078860"
            n="a-0450"
            ecep:lem="sense"
            ecep:pos="n1"
            ecep:reg="sense"
            ecep:spe="sense"
            ecep:syllab="1"
            ecep:pron="sens">sense</w>
         <c> </c>
         <w xml:id="pro75-078870"
            n="a-0460"
            ecep:lem="be"
            ecep:pos="vbds"
            ecep:reg="was"
            ecep:spe="was"
            ecep:syllab="1"
            ecep:pron="wɒz">was</w>
         <c> </c>
         <w xml:id="pro75-078880"
            n="a-0470"
            ecep:lem="lull"
            ecep:pos="vvn"
            ecep:reg="lulled"
            ecep:spe="lull'd"
            ecep:syllab="1"
            ecep:pron="lʌld">lull'd</w>
         <c> </c>
         <w xml:id="pro75-078890"
            n="a-0480"
            ecep:lem="to"
            ecep:pos="pc-acp"
            ecep:reg="to"
            ecep:spe="to"
            ecep:syllab="1"
            ecep:pron="tuː">to</w>
         <c> </c>
         <w xml:id="pro75-078900"
            n="a-0490"
            ecep:lem="rest"
            ecep:pos="vvi"
            ecep:reg="rest"
            ecep:spe="rest"
            ecep:syllab="1"
            ecep:pron="rest">rest</w>
         <pc xml:id="pro75-078910"
             n="a-0500"
             ecep:lem=","
             ecep:pos=","
             ecep:reg=","
             ecep:spe=",">,</pc>
      </l>
      <l n="8" rendition="#h_3" xml:id="pro75-l04620">
         <w xml:id="pro75-078920"
            n="a-0510"
            ecep:lem="in"
            ecep:pos="p-acp"
            ecep:reg="In"
            ecep:spe="In"
            ecep:syllab="1"
            ecep:pron="ɪn">In</w>
         <c> </c>
         <w xml:id="pro75-078930"
            n="a-0520"
            ecep:lem="peaceful"
            ecep:pos="j"
            ecep:reg="peaceful"
            ecep:spe="peaceful"
            ecep:syllab="2"
            ecep:pron="ˈpiːsfl">peaceful</w>
         <pc xml:id="pro75-078940"
             n="a-0530"
             ecep:lem=","
             ecep:pos=","
             ecep:reg=","
             ecep:spe=",">,</pc>
         <c> </c>
         <w xml:id="pro75-078950"
            n="a-0540"
            ecep:lem="calm"
            ecep:pos="j-jn"
            ecep:reg="calm"
            ecep:spe="calm"
            ecep:syllab="1"
            ecep:pron="kɑːm">calm</w>
         <c> </c>
         <w xml:id="pro75-078960"
            n="a-0550"
            ecep:lem="repose"
            ecep:pos="n1"
            ecep:reg="repose"
            ecep:spe="repose"
            ecep:syllab="2"
            ecep:pron="rɪˈpəʊz">repose</w>
         <pc xml:id="pro75-078970"
             n="a-0560"
             unit="sentence"
             ecep:lem="."
             ecep:pos="."
             ecep:reg="."
             ecep:spe=".">.</pc>
      </l>
      <pb n="92" rend="none"/>
   </lg>
   <lg xml:id="pro75-s00600">
      <head>
         <w xml:id="pro75-079010"
            n="a-0010"
            ecep:lem="ii"
            ecep:pos="crd"
            ecep:reg="II"
            ecep:spe="II"
            ecep:syllab="1"
            ecep:pron="rˌəʊməntˈuː">II</w>
      </head>
      <l n="9" xml:id="pro75-l04625">
         <w xml:id="pro75-079030"
            n="a-0020"
            ecep:lem="he"
            ecep:pos="pns31"
            ecep:reg="He"
            ecep:spe="He"
            ecep:syllab="1"
            ecep:pron="hiː">He</w>
         <c> </c>
         <w xml:id="pro75-079040"
            n="a-0030"
            ecep:lem="change"
            ecep:pos="vvd"
            ecep:reg="changed"
            ecep:spe="chang'd"
            ecep:syllab="1"
            ecep:pron="tʃeɪndʒd">chang'd</w>
         <c> </c>
         <w xml:id="pro75-079050"
            n="a-0040"
            ecep:lem="his"
            ecep:pos="po31"
            ecep:reg="his"
            ecep:spe="his"
            ecep:syllab="1"
            ecep:pron="hɪz">his</w>
         <c> </c>
         <w xml:id="pro75-079060"
            n="a-0050"
            ecep:lem="figure"
            ecep:pos="n1"
            ecep:reg="figure"
            ecep:spe="figure"
            ecep:syllab="2"
            ecep:pron="ˈfɪgə">figure</w>
         <c> </c>
         <w xml:id="pro75-079070"
            n="a-0060"
            ecep:lem="in"
            ecep:pos="p-acp"
            ecep:reg="in"
            ecep:spe="in"
            ecep:syllab="1"
            ecep:pron="ɪn">in</w>
         <c> </c>
         <w xml:id="pro75-079080"
            n="a-0070"
            ecep:lem="a"
            ecep:pos="dt"
            ecep:reg="a"
            ecep:spe="a"
            ecep:syllab="1"
            ecep:pron="ə">a</w>
         <c> </c>
         <w xml:id="pro75-079090"
            n="a-0080"
            ecep:lem="trice"
            ecep:pos="n1"
            ecep:reg="trice"
            ecep:spe="trice"
            ecep:syllab="1"
            ecep:pron="traɪs">trice</w>
         <pc xml:id="pro75-079100"
             n="a-0090"
             ecep:lem=","
             ecep:pos=","
             ecep:reg=","
             ecep:spe=",">,</pc>
      </l>
      <l n="10" rendition="#h_3" xml:id="pro75-l04630">
         <w xml:id="pro75-079110"
            n="a-0100"
            ecep:lem="to"
            ecep:pos="p-acp"
            ecep:reg="To"
            ecep:spe="To"
            ecep:syllab="1"
            ecep:pron="tuː">To</w>
         <c> </c>
         <w xml:id="pro75-079120"
            n="a-0110"
            ecep:lem="strephon"
            ecep:pos="npg1"
            ecep:reg="Strephon's"
            ecep:spe="Strephon's"
            ecep:syllab="2"
            ecep:pron="strˈefɒnz">Strephon's</w>
         <pc xml:id="pro75-079130"
             n="a-0120"
             ecep:lem=","
             ecep:pos=","
             ecep:reg=","
             ecep:spe=",">,</pc>
         <c> </c>
         <w xml:id="pro75-079140"
            n="a-0130"
            ecep:lem="blithe"
            ecep:pos="j"
            ecep:reg="blithe"
            ecep:spe="blith"
            ecep:syllab="1"
            ecep:pron="blaɪð">blith</w>
         <c> </c>
         <w xml:id="pro75-079150"
            n="a-0140"
            ecep:lem="and"
            ecep:pos="cc"
            ecep:reg="and"
            ecep:spe="and"
            ecep:syllab="1"
            ecep:pron="ænd">and</w>
         <c> </c>
         <w xml:id="pro75-079160"
            n="a-0150"
            ecep:lem="young"
            ecep:pos="j"
            ecep:reg="young"
            ecep:spe="young"
            ecep:syllab="1"
            ecep:pron="jʌŋ">young</w>
         <pc xml:id="pro75-079170"
             n="a-0160"
             ecep:lem=","
             ecep:pos=","
             ecep:reg=","
             ecep:spe=",">,</pc>
      </l>
      <l n="11" xml:id="pro75-l04635">
         <w xml:id="pro75-079180"
            n="a-0170"
            ecep:lem="then"
            ecep:pos="av"
            ecep:reg="Then"
            ecep:spe="Then"
            ecep:syllab="1"
            ecep:pron="ðen">Then</w>
         <c> </c>
         <w xml:id="pro75-079190"
            n="a-0180"
            ecep:lem="gentle"
            ecep:pos="av-jn"
            ecep:reg="gently"
            ecep:spe="gently"
            ecep:syllab="2"
            ecep:pron="ˈdʒentli">gently</w>
         <c> </c>
         <w xml:id="pro75-079200"
            n="a-0190"
            ecep:lem="tap"
            ecep:pos="vvd"
            ecep:reg="tapped"
            ecep:spe="tapt"
            ecep:syllab="1"
            ecep:pron="tˈæpt">tapt</w>
         <c> </c>
         <w xml:id="pro75-079210"
            n="a-0200"
            ecep:lem="her"
            ecep:pos="po31"
            ecep:reg="her"
            ecep:spe="her"
            ecep:syllab="1"
            ecep:pron="hɜː">her</w>
         <c> </c>
         <w xml:id="pro75-079220"
            n="a-0210"
            ecep:lem="elbow"
            ecep:pos="n1"
            ecep:reg="elbow"
            ecep:spe="elbow"
            ecep:syllab="2"
            ecep:pron="ˈelbəʊ">elbow</w>
         <c> </c>
         <w xml:id="pro75-079230"
            n="a-0220"
            ecep:lem="thrice"
            ecep:pos="av"
            ecep:reg="thrice"
            ecep:spe="thrice"
            ecep:syllab="1"
            ecep:pron="θraɪs">thrice</w>
         <pc xml:id="pro75-079240"
             n="a-0230"
             ecep:lem=","
             ecep:pos=","
             ecep:reg=","
             ecep:spe=",">,</pc>
      </l>
      <l n="12" rendition="#h_3" xml:id="pro75-l04640">
         <w xml:id="pro75-079250"
            n="a-0240"
            ecep:lem="and"
            ecep:pos="cc"
            ecep:reg="And"
            ecep:spe="And"
            ecep:syllab="1"
            ecep:pron="ænd">And</w>
         <c> </c>
         <w xml:id="pro75-079260"
            n="a-0250"
            ecep:lem="thus"
            ecep:pos="av"
            ecep:reg="thus"
            ecep:spe="thus"
            ecep:syllab="1"
            ecep:pron="ðʌs">thus</w>
         <c> </c>
         <w xml:id="pro75-079270"
            n="a-0260"
            ecep:lem="divine"
            ecep:pos="av-jn"
            ecep:reg="divinely"
            ecep:spe="divinely"
            ecep:syllab="3"
            ecep:pron="dɪˈvaɪnli">divinely</w>
         <c> </c>
         <w xml:id="pro75-079280"
            n="a-0270"
            ecep:lem="sing"
            ecep:pos="vvn"
            ecep:reg="sung"
            ecep:spe="sung"
            ecep:syllab="1"
            ecep:pron="sʌŋ">sung</w>
         <pc xml:id="pro75-079290"
             n="a-0280"
             unit="sentence"
             ecep:lem="."
             ecep:pos="."
             ecep:reg="."
             ecep:spe=".">.</pc>
      </l>
      <l n="13" xml:id="pro75-l04645">
         <pc xml:id="pro75-079300"
             n="a-0290"
             ecep:lem="&#34;"
             ecep:pos="&#34;"
             ecep:reg="&#34;"
             ecep:spe="&#34;">"</pc>
         <w xml:id="pro75-079310"
            n="a-0300"
            ecep:lem="ah"
            ecep:pos="uh"
            ecep:reg="Ah"
            ecep:spe="Ah"
            ecep:syllab="1"
            ecep:pron="ɑː">Ah</w>
         <c> </c>
         <w xml:id="pro75-079320"
            n="a-0310"
            ecep:lem="beauteous"
            ecep:pos="j"
            ecep:reg="beauteous"
            ecep:spe="beauteous"
            ecep:syllab="2"
            ecep:pron="ˈbjuːtiəs">beauteous</w>
         <c> </c>
         <w xml:id="pro75-079330"
            n="a-0320"
            ecep:lem="maid"
            ecep:pos="n1"
            ecep:reg="maid"
            ecep:spe="maid"
            ecep:syllab="1"
            ecep:pron="meɪd">maid</w>
         <c> </c>
         <w xml:id="pro75-079340"
            n="a-0330"
            ecep:lem="no"
            ecep:pos="av-dx"
            ecep:reg="no"
            ecep:spe="no"
            ecep:syllab="1"
            ecep:pron="nəʊ">no</w>
         <c> </c>
         <w xml:id="pro75-079350"
            n="a-0340"
            ecep:lem="long"
            ecep:pos="av-jc"
            ecep:reg="longer"
            ecep:spe="longer"
            ecep:syllab="2"
            ecep:pron="lɒŋgə">longer</w>
         <c> </c>
         <w xml:id="pro75-079360"
            n="a-0350"
            ecep:lem="scorn"
            ecep:pos="n1"
            ecep:reg="scorn"
            ecep:spe="scorn"
            ecep:syllab="1"
            ecep:pron="skɔːn">scorn</w>
         <pc xml:id="pro75-079370"
             n="a-0360"
             ecep:lem=","
             ecep:pos=","
             ecep:reg=","
             ecep:spe=",">,</pc>
      </l>
      <l n="14" rendition="#h_3" xml:id="pro75-l04650">
         <pc xml:id="pro75-079380"
             n="a-0370"
             ecep:lem="&#34;"
             ecep:pos="&#34;"
             ecep:reg="&#34;"
             ecep:spe="&#34;">"</pc>
         <w xml:id="pro75-079390"
            n="a-0380"
            ecep:lem="a"
            ecep:pos="dt"
            ecep:reg="A"
            ecep:spe="A"
            ecep:syllab="1"
            ecep:pron="ə">A</w>
         <c> </c>
         <w xml:id="pro75-079400"
            n="a-0390"
            ecep:lem="generous"
            ecep:pos="j"
            ecep:reg="generous"
            ecep:spe="generous"
            ecep:syllab="2"
            ecep:pron="ˈdʒenrəs">generous</w>
         <pc xml:id="pro75-079410"
             n="a-0400"
             ecep:lem=","
             ecep:pos=","
             ecep:reg=","
             ecep:spe=",">,</pc>
         <c> </c>
         <w xml:id="pro75-079420"
            n="a-0410"
            ecep:lem="constant"
            ecep:pos="j"
            ecep:reg="constant"
            ecep:spe="constant"
            ecep:syllab="2"
            ecep:pron="ˈkɒnstənt">constant</w>
         <c> </c>
         <w xml:id="pro75-079430"
            n="a-0420"
            ecep:lem="swain"
            ecep:pos="n1"
            ecep:reg="swain"
            ecep:spe="swain"
            ecep:syllab="1"
            ecep:pron="sweɪn">swain</w>
         <pc xml:id="pro75-079440"
             n="a-0430"
             ecep:lem=","
             ecep:pos=","
             ecep:reg=","
             ecep:spe=",">,</pc>
      </l>
      <l n="15" xml:id="pro75-l04655">
         <pc xml:id="pro75-079450"
             n="a-0440"
             ecep:lem="&#34;"
             ecep:pos="&#34;"
             ecep:reg="&#34;"
             ecep:spe="&#34;">"</pc>
         <w xml:id="pro75-079460"
            n="a-0450"
            ecep:lem="my"
            ecep:pos="po11"
            ecep:reg="My"
            ecep:spe="My"
            ecep:syllab="1"
            ecep:pron="maɪ">My</w>
         <c> </c>
         <w xml:id="pro75-079470"
            n="a-0460"
            ecep:lem="breast"
            ecep:pos="n1"
            ecep:reg="breast"
            ecep:spe="breast"
            ecep:syllab="1"
            ecep:pron="brest">breast</w>
         <c> </c>
         <w xml:id="pro75-079480"
            n="a-0470"
            ecep:lem="with"
            ecep:pos="p-acp"
            ecep:reg="with"
            ecep:spe="with"
            ecep:syllab="1"
            ecep:pron="wɪð">with</w>
         <c> </c>
         <w xml:id="pro75-079490"
            n="a-0480"
            ecep:lem="anxious"
            ecep:pos="j"
            ecep:reg="anxious"
            ecep:spe="anxious"
            ecep:syllab="2"
            ecep:pron="ˈæŋʃəs">anxious</w>
         <c> </c>
         <w xml:id="pro75-079500"
            n="a-0490"
            ecep:lem="pang"
            ecep:pos="n2"
            ecep:reg="pangs"
            ecep:spe="pangs"
            ecep:syllab="1"
            ecep:pron="pæŋz">pangs</w>
         <c> </c>
         <w xml:id="pro75-079510"
            n="a-0500"
            ecep:lem="be"
            ecep:pos="vbz"
            ecep:reg="is"
            ecep:spe="is"
            ecep:syllab="1"
            ecep:pron="ɪz">is</w>
         <c> </c>
         <w xml:id="pro75-079520"
            n="a-0510"
            ecep:lem="tear"
            ecep:pos="vvn"
            ecep:reg="torn"
            ecep:spe="torn"
            ecep:syllab="1"
            ecep:pron="tɔːn">torn</w>
         <pc xml:id="pro75-079530"
             n="a-0520"
             ecep:lem=","
             ecep:pos=","
             ecep:reg=","
             ecep:spe=",">,</pc>
      </l>
      <l n="16" rendition="#h_3" xml:id="pro75-l04660">
         <pc xml:id="pro75-079540"
             n="a-0530"
             ecep:lem="&#34;"
             ecep:pos="&#34;"
             ecep:reg="&#34;"
             ecep:spe="&#34;">"</pc>
         <w xml:id="pro75-079550"
            n="a-0540"
            ecep:lem="i"
            ecep:pos="pns11"
            ecep:reg="I"
            ecep:spe="I"
            ecep:syllab="1"
            ecep:pron="aɪ">I</w>
         <c> </c>
         <w xml:id="pro75-079560"
            n="a-0550"
            ecep:lem="pine"
            ecep:pos="vvi"
            ecep:reg="pine"
            ecep:spe="pine"
            ecep:syllab="1"
            ecep:pron="paɪn">pine</w>
         <c> </c>
         <w xml:id="pro75-079570"
            n="a-0560"
            ecep:lem="with"
            ecep:pos="p-acp"
            ecep:reg="with"
            ecep:spe="with"
            ecep:syllab="1"
            ecep:pron="wɪð">with</w>
         <c> </c>
         <w xml:id="pro75-079580"
            n="a-0570"
            ecep:lem="ceaseless"
            ecep:pos="j"
            ecep:reg="ceaseless"
            ecep:spe="ceaseless"
            ecep:syllab="2"
            ecep:pron="ˈsiːsləs">ceaseless</w>
         <c> </c>
         <w xml:id="pro75-079590"
            n="a-0580"
            ecep:lem="pain"
            ecep:pos="n1"
            ecep:reg="pain"
            ecep:spe="pain"
            ecep:syllab="1"
            ecep:pron="peɪn">pain</w>
         <pc xml:id="pro75-079600"
             n="a-0590"
             unit="sentence"
             ecep:lem="."
             ecep:pos="."
             ecep:reg="."
             ecep:spe=".">.</pc>
      </l>
   </lg>
   <lg xml:id="pro75-s00605">
      <head>
         <w xml:id="pro75-079640"
            n="a-0600"
            ecep:lem="iii"
            ecep:pos="crd"
            ecep:reg="III"
            ecep:spe="III"
            ecep:syllab="1"
            ecep:pron="rˌəʊmənθrˈiː">III</w>
      </head>
      <l n="17" xml:id="pro75-l04665">
         <pc xml:id="pro75-079660"
             n="a-0610"
             ecep:lem="&#34;"
             ecep:pos="&#34;"
             ecep:reg="&#34;"
             ecep:spe="&#34;">"</pc>
         <w xml:id="pro75-079670"
            n="a-0620"
            ecep:lem="be"
            ecep:pos="vbb"
            ecep:reg="Be"
            ecep:spe="Be"
            ecep:syllab="1"
            ecep:pron="biː">Be</w>
         <c> </c>
         <w xml:id="pro75-079680"
            n="a-0630"
            ecep:lem="go"
            ecep:pos="vvn"
            ecep:reg="gone"
            ecep:spe="gone"
            ecep:syllab="1"
            ecep:pron="gɒn">gone</w>
         <c> </c>
         <w xml:id="pro75-079690"
            n="a-0640"
            ecep:lem="she"
            ecep:pos="pns31"
            ecep:reg="she"
            ecep:spe="she"
            ecep:syllab="1"
            ecep:pron="ʃiː">she</w>
         <c> </c>
         <w xml:id="pro75-079700"
            n="a-0650"
            ecep:lem="cry"
            ecep:pos="vvd"
            ecep:reg="cried"
            ecep:spe="cried"
            ecep:syllab="1"
            ecep:pron="kraɪd">cried</w>
         <pc xml:id="pro75-079710"
             n="a-0660"
             ecep:lem=","
             ecep:pos=","
             ecep:reg=","
             ecep:spe=",">,</pc>
         <c> </c>
         <w xml:id="pro75-079720"
            n="a-0670"
            ecep:lem="and"
            ecep:pos="cc"
            ecep:reg="and"
            ecep:spe="and"
            ecep:syllab="1"
            ecep:pron="ænd">and</w>
         <c> </c>
         <w xml:id="pro75-079730"
            n="a-0680"
            ecep:lem="henceforth"
            ecep:pos="av"
            ecep:reg="henceforth"
            ecep:spe="henceforth"
            ecep:syllab="2"
            ecep:pron="ˌhensˈfɔːθ">henceforth</w>
         <c> </c>
         <w xml:id="pro75-079740"
            n="a-0690"
            ecep:lem="know"
            ecep:pos="vvb"
            ecep:reg="know"
            ecep:spe="know"
            ecep:syllab="1"
            ecep:pron="nəʊ">know</w>
         <pc xml:id="pro75-079750"
             n="a-0700"
             ecep:lem=","
             ecep:pos=","
             ecep:reg=","
             ecep:spe=",">,</pc>
      </l>
      <l n="18" rendition="#h_3" xml:id="pro75-l04670">
         <pc xml:id="pro75-079760"
             n="a-0710"
             ecep:lem="&#34;"
             ecep:pos="&#34;"
             ecep:reg="&#34;"
             ecep:spe="&#34;">"</pc>
         <w xml:id="pro75-079770"
            n="a-0720"
            ecep:lem="such"
            ecep:pos="d"
            ecep:reg="Such"
            ecep:spe="Such"
            ecep:syllab="1"
            ecep:pron="sʌtʃ">Such</w>
         <c> </c>
         <w xml:id="pro75-079780"
            n="a-0730"
            ecep:lem="boldness"
            ecep:pos="n1"
            ecep:reg="boldness"
            ecep:spe="boldness"
            ecep:syllab="2"
            ecep:pron="bəʊldnəs">boldness</w>
         <c> </c>
         <w xml:id="pro75-079790"
            n="a-0740"
            ecep:lem="never"
            ecep:pos="av-x"
            ecep:reg="never"
            ecep:spe="ne'er"
            ecep:syllab="1"
            ecep:pron="neə">ne'er</w>
         <c> </c>
         <w xml:id="pro75-079800"
            n="a-0750"
            ecep:lem="can"
            ecep:pos="vmd"
            ecep:reg="could"
            ecep:spe="could"
            ecep:syllab="1"
            ecep:pron="kʊd">could</w>
         <c> </c>
         <w xml:id="pro75-079810"
            n="a-0760"
            ecep:lem="move"
            ecep:pos="vvi"
            ecep:reg="move"
            ecep:spe="move"
            ecep:syllab="1"
            ecep:pron="muːv">move</w>
         <pc xml:id="pro75-079820"
             n="a-0770"
             ecep:lem=","
             ecep:pos=","
             ecep:reg=","
             ecep:spe=",">,</pc>
      </l>
      <l n="19" xml:id="pro75-l04675">
         <pc xml:id="pro75-079830"
             n="a-0780"
             ecep:lem="&#34;"
             ecep:pos="&#34;"
             ecep:reg="&#34;"
             ecep:spe="&#34;">"</pc>
         <w xml:id="pro75-079840"
            n="a-0790"
            ecep:lem="a"
            ecep:pos="dt"
            ecep:reg="A"
            ecep:spe="A"
            ecep:syllab="1"
            ecep:pron="ə">A</w>
         <c> </c>
         <w xml:id="pro75-079850"
            n="a-0800"
            ecep:lem="breast"
            ecep:pos="n1"
            ecep:reg="breast"
            ecep:spe="breast"
            ecep:syllab="1"
            ecep:pron="brest">breast</w>
         <c> </c>
         <w xml:id="pro75-079860"
            n="a-0810"
            ecep:lem="to"
            ecep:pos="pc-acp"
            ecep:reg="to"
            ecep:spe="to"
            ecep:syllab="1"
            ecep:pron="tuː">to</w>
         <c> </c>
         <w xml:id="pro75-079870"
            n="a-0820"
            ecep:lem="mean"
            ecep:pos="vvi"
            ecep:reg="mean"
            ecep:spe="mean"
            ecep:syllab="1"
            ecep:pron="miːn">mean</w>
         <c> </c>
         <w xml:id="pro75-079880"
            n="a-0830"
            ecep:lem="deceit"
            ecep:pos="n1"
            ecep:reg="deceit"
            ecep:spe="deceit"
            ecep:syllab="2"
            ecep:pron="dɪˈsiːt">deceit</w>
         <c> </c>
         <w xml:id="pro75-079890"
            n="a-0840"
            ecep:lem="a"
            ecep:pos="dt"
            ecep:reg="a"
            ecep:spe="a"
            ecep:syllab="1"
            ecep:pron="ə">a</w>
         <c> </c>
         <w xml:id="pro75-079900"
            n="a-0850"
            ecep:lem="foe"
            ecep:pos="n1"
            ecep:reg="foe"
            ecep:spe="foe"
            ecep:syllab="1"
            ecep:pron="fəʊ">foe</w>
         <pc xml:id="pro75-079910"
             n="a-0860"
             ecep:lem=","
             ecep:pos=","
             ecep:reg=","
             ecep:spe=",">,</pc>
      </l>
      <l n="20" rendition="#h_3" xml:id="pro75-l04680">
         <pc xml:id="pro75-079920"
             n="a-0870"
             ecep:lem="&#34;"
             ecep:pos="&#34;"
             ecep:reg="&#34;"
             ecep:spe="&#34;">"</pc>
         <w xml:id="pro75-079930"
            n="a-0880"
            ecep:lem="yet"
            ecep:pos="av"
            ecep:reg="Yet"
            ecep:spe="Yet"
            ecep:syllab="1"
            ecep:pron="jet">Yet</w>
         <c> </c>
         <w xml:id="pro75-079940"
            n="a-0890"
            ecep:lem="ah"
            ecep:pos="uh"
            ecep:reg="ah"
            ecep:spe="ah"
            ecep:syllab="1"
            ecep:pron="ɑː">ah</w>
         <pc xml:id="pro75-079950"
             n="a-0900"
             unit="sentence"
             ecep:lem="!"
             ecep:pos="!"
             ecep:reg="!"
             ecep:spe="!">!</pc>
         <c> </c>
         <w xml:id="pro75-079960"
            n="a-0910"
            ecep:lem="a"
            ecep:pos="dt"
            ecep:reg="a"
            ecep:spe="a"
            ecep:syllab="1"
            ecep:pron="ə">a</w>
         <c> </c>
         <w xml:id="pro75-079970"
            n="a-0920"
            ecep:lem="friend"
            ecep:pos="n1"
            ecep:reg="friend"
            ecep:spe="friend"
            ecep:syllab="1"
            ecep:pron="frend">friend</w>
         <c> </c>
         <w xml:id="pro75-079980"
            n="a-0930"
            ecep:lem="to"
            ecep:pos="pc-acp"
            ecep:reg="to"
            ecep:spe="to"
            ecep:syllab="1"
            ecep:pron="tuː">to</w>
         <c> </c>
         <w xml:id="pro75-079990"
            n="a-0940"
            ecep:lem="love"
            ecep:pos="vvi"
            ecep:reg="love"
            ecep:spe="love"
            ecep:syllab="1"
            ecep:pron="lʌv">love</w>
         <pc xml:id="pro75-080000"
             n="a-0950"
             unit="sentence"
             ecep:lem="."
             ecep:pos="."
             ecep:reg="."
             ecep:spe=".">.</pc>
      </l>
      <pb n="93" rend="none"/>
      <l n="21" xml:id="pro75-l04685">
         <pc xml:id="pro75-080010"
             n="a-0010"
             ecep:lem="&#34;"
             ecep:pos="&#34;"
             ecep:reg="&#34;"
             ecep:spe="&#34;">"</pc>
         <w xml:id="pro75-080020"
            n="a-0020"
            ecep:lem="the"
            ecep:pos="dt"
            ecep:reg="The"
            ecep:spe="The"
            ecep:syllab="1"
            ecep:pron="ðiː">The</w>
         <c> </c>
         <w xml:id="pro75-080030"
            n="a-0030"
            ecep:lem="youth"
            ecep:pos="n1"
            ecep:reg="youth"
            ecep:spe="youth"
            ecep:syllab="1"
            ecep:pron="juːθ">youth</w>
         <c> </c>
         <w xml:id="pro75-080040"
            n="a-0040"
            ecep:lem="who"
            ecep:pos="r-crq"
            ecep:reg="who"
            ecep:spe="who"
            ecep:syllab="1"
            ecep:pron="huː">who</w>
         <c> </c>
         <w xml:id="pro75-080050"
            n="a-0050"
            ecep:lem="aim"
            ecep:pos="n2"
            ecep:reg="aims"
            ecep:spe="aims"
            ecep:syllab="1"
            ecep:pron="eɪmz">aims</w>
         <c> </c>
         <w xml:id="pro75-080060"
            n="a-0060"
            ecep:lem="to"
            ecep:pos="pc-acp"
            ecep:reg="to"
            ecep:spe="to"
            ecep:syllab="1"
            ecep:pron="tuː">to</w>
         <c> </c>
         <w xml:id="pro75-080070"
            n="a-0070"
            ecep:lem="gain"
            ecep:pos="vvi"
            ecep:reg="gain"
            ecep:spe="gain"
            ecep:syllab="1"
            ecep:pron="geɪn">gain</w>
         <c> </c>
         <w xml:id="pro75-080080"
            n="a-0080"
            ecep:lem="my"
            ecep:pos="po11"
            ecep:reg="my"
            ecep:spe="my"
            ecep:syllab="1"
            ecep:pron="maɪ">my</w>
         <c> </c>
         <w xml:id="pro75-080090"
            n="a-0090"
            ecep:lem="heart"
            ecep:pos="n1"
            ecep:reg="heart"
            ecep:spe="heart"
            ecep:syllab="1"
            ecep:pron="hɑːt">heart</w>
         <pc xml:id="pro75-080100"
             n="a-0100"
             ecep:lem=","
             ecep:pos=","
             ecep:reg=","
             ecep:spe=",">,</pc>
      </l>
      <l n="22" rendition="#h_3" xml:id="pro75-l04690">
         <pc xml:id="pro75-080110"
             n="a-0110"
             ecep:lem="&#34;"
             ecep:pos="&#34;"
             ecep:reg="&#34;"
             ecep:spe="&#34;">"</pc>
         <w xml:id="pro75-080120"
            n="a-0120"
            ecep:lem="must"
            ecep:pos="vmb"
            ecep:reg="Must"
            ecep:spe="Must"
            ecep:syllab="1"
            ecep:pron="mʌst">Must</w>
         <c> </c>
         <w xml:id="pro75-080130"
            n="a-0130"
            ecep:lem="prove"
            ecep:pos="vvi"
            ecep:reg="prove"
            ecep:spe="prove"
            ecep:syllab="1"
            ecep:pron="pruːv">prove</w>
         <c> </c>
         <w xml:id="pro75-080140"
            n="a-0140"
            ecep:lem="his"
            ecep:pos="po31"
            ecep:reg="his"
            ecep:spe="his"
            ecep:syllab="1"
            ecep:pron="hɪz">his</w>
         <c> </c>
         <w xml:id="pro75-080150"
            n="a-0150"
            ecep:lem="constancy"
            ecep:pos="n1"
            ecep:reg="constancy"
            ecep:spe="constancy"
            ecep:syllab="3"
            ecep:pron="ˈkɒnstənsi">constancy</w>
         <pc xml:id="pro75-080160"
             n="a-0160"
             ecep:lem=","
             ecep:pos=","
             ecep:reg=","
             ecep:spe=",">,</pc>
      </l>
      <l n="23" xml:id="pro75-l04695">
         <pc xml:id="pro75-080170"
             n="a-0170"
             ecep:lem="&#34;"
             ecep:pos="&#34;"
             ecep:reg="&#34;"
             ecep:spe="&#34;">"</pc>
         <w xml:id="pro75-080180"
            n="a-0180"
            ecep:lem="confess"
            ecep:pos="vvn"
            ecep:reg="Confessed"
            ecep:spe="Confess'd"
            ecep:syllab="2"
            ecep:pron="kənˈfest">Confess'd</w>
         <c> </c>
         <w xml:id="pro75-080190"
            n="a-0190"
            ecep:lem="a"
            ecep:pos="dt"
            ecep:reg="a"
            ecep:spe="a"
            ecep:syllab="1"
            ecep:pron="ə">a</w>
         <c> </c>
         <w xml:id="pro75-080200"
            n="a-0200"
            ecep:lem="foe"
            ecep:pos="n1"
            ecep:reg="foe"
            ecep:spe="foe"
            ecep:syllab="1"
            ecep:pron="fəʊ">foe</w>
         <pc xml:id="pro75-080210"
             n="a-0210"
             ecep:lem=","
             ecep:pos=","
             ecep:reg=","
             ecep:spe=",">,</pc>
         <c> </c>
         <w xml:id="pro75-080220"
            n="a-0220"
            ecep:lem="to"
            ecep:pos="p-acp"
            ecep:reg="to"
            ecep:spe="to"
            ecep:syllab="1"
            ecep:pron="tuː">to</w>
         <c> </c>
         <w xml:id="pro75-080230"
            n="a-0230"
            ecep:lem="every"
            ecep:pos="d"
            ecep:reg="every"
            ecep:spe="every"
            ecep:syllab="2"
            ecep:pron="ˈevri">every</w>
         <c> </c>
         <w xml:id="pro75-080240"
            n="a-0240"
            ecep:lem="art"
            ecep:pos="n1"
            ecep:reg="art"
            ecep:spe="art"
            ecep:syllab="1"
            ecep:pron="ɑːt">art</w>
         <pc xml:id="pro75-080250"
             n="a-0250"
             ecep:lem=","
             ecep:pos=","
             ecep:reg=","
             ecep:spe=",">,</pc>
      </l>
      <l n="24" rendition="#h_3" xml:id="pro75-l04700">
         <pc xml:id="pro75-080260"
             n="a-0260"
             ecep:lem="&#34;"
             ecep:pos="&#34;"
             ecep:reg="&#34;"
             ecep:spe="&#34;">"</pc>
         <w xml:id="pro75-080270"
            n="a-0270"
            ecep:lem="from"
            ecep:pos="p-acp"
            ecep:reg="From"
            ecep:spe="From"
            ecep:syllab="1"
            ecep:pron="frɒm">From</w>
         <c> </c>
         <w xml:id="pro75-080280"
            n="a-0280"
            ecep:lem="vice"
            ecep:pos="n1"
            ecep:reg="vice"
            ecep:spe="vice"
            ecep:syllab="1"
            ecep:pron="ˈvaɪsi">vice</w>
         <pc xml:id="pro75-080290"
             n="a-0290"
             ecep:lem=","
             ecep:pos=","
             ecep:reg=","
             ecep:spe=",">,</pc>
         <c> </c>
         <w xml:id="pro75-080300"
            n="a-0300"
            ecep:lem="and"
            ecep:pos="cc"
            ecep:reg="and"
            ecep:spe="and"
            ecep:syllab="1"
            ecep:pron="ænd">and</w>
         <c> </c>
         <w xml:id="pro75-080310"
            n="a-0310"
            ecep:lem="folly"
            ecep:pos="n1"
            ecep:reg="folly"
            ecep:spe="folly"
            ecep:syllab="2"
            ecep:pron="ˈfɒli">folly</w>
         <c> </c>
         <w xml:id="pro75-080320"
            n="a-0320"
            ecep:lem="free"
            ecep:pos="j"
            ecep:reg="free"
            ecep:spe="free"
            ecep:syllab="1"
            ecep:pron="friː">free</w>
         <pc xml:id="pro75-080330"
             n="a-0330"
             unit="sentence"
             ecep:lem="."
             ecep:pos="."
             ecep:reg="."
             ecep:spe=".">.</pc>
      </l>
   </lg>
   <lg xml:id="pro75-s00610">
      <head>
         <w xml:id="pro75-080370"
            n="a-0340"
            ecep:lem="iv"
            ecep:pos="crd"
            ecep:reg="IV"
            ecep:spe="IV"
            ecep:syllab="1"
            ecep:pron="rˌəʊmənfˈɔː">IV</w>
      </head>
      <l n="25" xml:id="pro75-l04705">
         <w xml:id="pro75-080390"
            n="a-0350"
            ecep:lem="a"
            ecep:pos="dt"
            ecep:reg="A"
            ecep:spe="A"
            ecep:syllab="1"
            ecep:pron="ə">A</w>
         <c> </c>
         <w xml:id="pro75-080400"
            n="a-0360"
            ecep:lem="quiver"
            ecep:pos="n1"
            ecep:reg="quiver"
            ecep:spe="quiver"
            ecep:syllab="2"
            ecep:pron="ˈkwɪvə">quiver</w>
         <c> </c>
         <w xml:id="pro75-080410"
            n="a-0370"
            ecep:lem="then"
            ecep:pos="av"
            ecep:reg="then"
            ecep:spe="then"
            ecep:syllab="1"
            ecep:pron="ðen">then</w>
         <c> </c>
         <w xml:id="pro75-080420"
            n="a-0380"
            ecep:lem="the"
            ecep:pos="dt"
            ecep:reg="the"
            ecep:spe="the"
            ecep:syllab="1"
            ecep:pron="ðiː">the</w>
         <c> </c>
         <w xml:id="pro75-080430"
            n="a-0390"
            ecep:lem="urchin"
            ecep:pos="n1"
            ecep:reg="urchin"
            ecep:spe="urchin"
            ecep:syllab="2"
            ecep:pron="ˈɜːtʃɪn">urchin</w>
         <c> </c>
         <w xml:id="pro75-080440"
            n="a-0400"
            ecep:lem="draw"
            ecep:pos="vvd"
            ecep:reg="drew"
            ecep:spe="drew"
            ecep:syllab="1"
            ecep:pron="druː">drew</w>
         <pc xml:id="pro75-080450"
             n="a-0410"
             ecep:lem=","
             ecep:pos=","
             ecep:reg=","
             ecep:spe=",">,</pc>
      </l>
      <l n="26" rendition="#h_3" xml:id="pro75-l04710">
         <w xml:id="pro75-080460"
            n="a-0420"
            ecep:lem="well"
            ecep:pos="av"
            ecep:reg="Well"
            ecep:spe="Well"
            ecep:syllab="1"
            ecep:pron="wel">Well</w>
         <c> </c>
         <w xml:id="pro75-080470"
            n="a-0430"
            ecep:lem="store"
            ecep:pos="vvn"
            ecep:reg="stored"
            ecep:spe="stor'd"
            ecep:syllab="1"
            ecep:pron="stɔːd">stor'd</w>
         <c> </c>
         <w xml:id="pro75-080480"
            n="a-0440"
            ecep:lem="with"
            ecep:pos="p-acp"
            ecep:reg="with"
            ecep:spe="with"
            ecep:syllab="1"
            ecep:pron="wɪð">with</w>
         <c> </c>
         <w xml:id="pro75-080490"
            n="a-0450"
            ecep:lem="point"
            ecep:pos="j-vvn"
            ecep:reg="pointed"
            ecep:spe="pointed"
            ecep:syllab="2"
            ecep:pron="ˈpɔɪntɪd">pointed</w>
         <c> </c>
         <w xml:id="pro75-080500"
            n="a-0460"
            ecep:lem="dart"
            ecep:pos="n2"
            ecep:reg="darts"
            ecep:spe="darts"
            ecep:syllab="1"
            ecep:pron="dɑːts">darts</w>
         <pc xml:id="pro75-080510"
             n="a-0470"
             ecep:lem=","
             ecep:pos=","
             ecep:reg=","
             ecep:spe=",">,</pc>
      </l>
      <l n="27" xml:id="pro75-l04715">
         <w xml:id="pro75-080520"
            n="a-0480"
            ecep:lem="and"
            ecep:pos="cc"
            ecep:reg="And"
            ecep:spe="And"
            ecep:syllab="1"
            ecep:pron="ænd">And</w>
         <c> </c>
         <w xml:id="pro75-080530"
            n="a-0490"
            ecep:lem="cry"
            ecep:pos="j-vvn"
            ecep:reg="cried"
            ecep:spe="cry'd"
            ecep:syllab="1"
            ecep:pron="kraɪd">cry'd</w>
         <c> </c>
         <pc xml:id="pro75-080540"
             n="a-0500"
             ecep:lem="&#34;"
             ecep:pos="&#34;"
             ecep:reg="&#34;"
             ecep:spe="&#34;">"</pc>
         <w xml:id="pro75-080550"
            n="a-0510"
            ecep:lem="fair"
            ecep:pos="j"
            ecep:reg="fair"
            ecep:spe="fair"
            ecep:syllab="1"
            ecep:pron="feə">fair</w>
         <c> </c>
         <w xml:id="pro75-080560"
            n="a-0520"
            ecep:lem="nymph"
            ecep:pos="n1"
            ecep:reg="nymph"
            ecep:spe="nymph"
            ecep:syllab="1"
            ecep:pron="nɪmf">nymph</w>
         <c> </c>
         <w xml:id="pro75-080570"
            n="a-0530"
            ecep:lem="in"
            ecep:pos="p-acp"
            ecep:reg="in"
            ecep:spe="in"
            ecep:syllab="1"
            ecep:pron="ɪn">in</w>
         <c> </c>
         <w xml:id="pro75-080580"
            n="a-0540"
            ecep:lem="i"
            ecep:pos="pno11"
            ecep:reg="me"
            ecep:spe="me"
            ecep:syllab="1"
            ecep:pron="miː">me</w>
         <c> </c>
         <w xml:id="pro75-080590"
            n="a-0550"
            ecep:lem="you"
            ecep:pos="pn22"
            ecep:reg="you"
            ecep:spe="you"
            ecep:syllab="1"
            ecep:pron="juː">you</w>
         <c> </c>
         <w xml:id="pro75-080600"
            n="a-0560"
            ecep:lem="view"
            ecep:pos="n1"
            ecep:reg="view"
            ecep:spe="view"
            ecep:syllab="1"
            ecep:pron="vjuː">view</w>
         <pc xml:id="pro75-080610"
             n="a-0570"
             ecep:lem=","
             ecep:pos=","
             ecep:reg=","
             ecep:spe=",">,</pc>
      </l>
      <l n="28" rendition="#h_3" xml:id="pro75-l04720">
         <pc xml:id="pro75-080620"
             n="a-0580"
             ecep:lem="&#34;"
             ecep:pos="&#34;"
             ecep:reg="&#34;"
             ecep:spe="&#34;">"</pc>
         <w xml:id="pro75-080630"
            n="a-0590"
            ecep:lem="the"
            ecep:pos="dt"
            ecep:reg="The"
            ecep:spe="The"
            ecep:syllab="1"
            ecep:pron="ðiː">The</w>
         <c> </c>
         <w xml:id="pro75-080640"
            n="a-0600"
            ecep:lem="sovereign"
            ecep:pos="j-jn"
            ecep:reg="sovereign"
            ecep:spe="sov'reign"
            ecep:syllab="2"
            ecep:pron="sˈɒvreɪn">sov'reign</w>
         <c> </c>
         <w xml:id="pro75-080650"
            n="a-0610"
            ecep:lem="of"
            ecep:pos="pp-f"
            ecep:reg="of"
            ecep:spe="of"
            ecep:syllab="1"
            ecep:pron="ɒv">of</w>
         <c> </c>
         <w xml:id="pro75-080660"
            n="a-0620"
            ecep:lem="all"
            ecep:pos="d"
            ecep:reg="all"
            ecep:spe="all"
            ecep:syllab="1"
            ecep:pron="ɔːl">all</w>
         <c> </c>
         <w xml:id="pro75-080670"
            n="a-0630"
            ecep:lem="heart"
            ecep:pos="n2"
            ecep:reg="hearts"
            ecep:spe="hearts"
            ecep:syllab="1"
            ecep:pron="hɑːts">hearts</w>
         <pc xml:id="pro75-080680"
             n="a-0640"
             unit="sentence"
             ecep:lem="."
             ecep:pos="."
             ecep:reg="."
             ecep:spe=".">.</pc>
      </l>
      <l n="29" xml:id="pro75-l04725">
         <pc xml:id="pro75-080690"
             n="a-0650"
             ecep:lem="&#34;"
             ecep:pos="&#34;"
             ecep:reg="&#34;"
             ecep:spe="&#34;">"</pc>
         <w xml:id="pro75-080700"
            n="a-0660"
            ecep:lem="to"
            ecep:pos="pc-acp"
            ecep:reg="To"
            ecep:spe="To"
            ecep:syllab="1"
            ecep:pron="tuː">To</w>
         <c> </c>
         <w xml:id="pro75-080710"
            n="a-0670"
            ecep:lem="try"
            ecep:pos="vvi"
            ecep:reg="try"
            ecep:spe="try"
            ecep:syllab="1"
            ecep:pron="traɪ">try</w>
         <c> </c>
         <w xml:id="pro75-080720"
            n="a-0680"
            ecep:lem="your"
            ecep:pos="po22"
            ecep:reg="your"
            ecep:spe="your"
            ecep:syllab="1"
            ecep:pron="jɔː">your</w>
         <c> </c>
         <w xml:id="pro75-080730"
            n="a-0690"
            ecep:lem="truth"
            ecep:pos="n1"
            ecep:reg="truth"
            ecep:spe="truth"
            ecep:syllab="1"
            ecep:pron="truːθ">truth</w>
         <c> </c>
         <w xml:id="pro75-080740"
            n="a-0700"
            ecep:lem="i"
            ecep:pos="pns11"
            ecep:reg="I"
            ecep:spe="I"
            ecep:syllab="1"
            ecep:pron="aɪ">I</w>
         <c> </c>
         <w xml:id="pro75-080750"
            n="a-0710"
            ecep:lem="only"
            ecep:pos="av-j"
            ecep:reg="only"
            ecep:spe="only"
            ecep:syllab="2"
            ecep:pron="ˈəʊnli">only</w>
         <c> </c>
         <w xml:id="pro75-080760"
            n="a-0720"
            ecep:lem="come"
            ecep:pos="vvd"
            ecep:reg="came"
            ecep:spe="came"
            ecep:syllab="1"
            ecep:pron="keɪm">came</w>
         <pc xml:id="pro75-080770"
             n="a-0730"
             ecep:lem=","
             ecep:pos=","
             ecep:reg=","
             ecep:spe=",">,</pc>
      </l>
      <l n="30" rendition="#h_3" xml:id="pro75-l04730">
         <pc xml:id="pro75-080780"
             n="a-0740"
             ecep:lem="&#34;"
             ecep:pos="&#34;"
             ecep:reg="&#34;"
             ecep:spe="&#34;">"</pc>
         <w xml:id="pro75-080790"
            n="a-0750"
            ecep:lem="your"
            ecep:pos="po22"
            ecep:reg="Your"
            ecep:spe="Your"
            ecep:syllab="1"
            ecep:pron="jɔː">Your</w>
         <c> </c>
         <w xml:id="pro75-080800"
            n="a-0760"
            ecep:lem="gentle"
            ecep:pos="j"
            ecep:reg="gentle"
            ecep:spe="gentle"
            ecep:syllab="2"
            ecep:pron="ˈdʒentl">gentle</w>
         <c> </c>
         <w xml:id="pro75-080810"
            n="a-0770"
            ecep:lem="breast"
            ecep:pos="n1"
            ecep:reg="breast"
            ecep:spe="breast"
            ecep:syllab="1"
            ecep:pron="brest">breast</w>
         <c> </c>
         <w xml:id="pro75-080820"
            n="a-0780"
            ecep:lem="to"
            ecep:pos="pc-acp"
            ecep:reg="to"
            ecep:spe="to"
            ecep:syllab="1"
            ecep:pron="tuː">to</w>
         <c> </c>
         <w xml:id="pro75-080830"
            n="a-0790"
            ecep:lem="move"
            ecep:pos="vvi"
            ecep:reg="move"
            ecep:spe="move"
            ecep:syllab="1"
            ecep:pron="muːv">move</w>
         <pc xml:id="pro75-080840"
             n="a-0800"
             ecep:lem=","
             ecep:pos=","
             ecep:reg=","
             ecep:spe=",">,</pc>
      </l>
      <l n="31" xml:id="pro75-l04735">
         <pc xml:id="pro75-080850"
             n="a-0810"
             ecep:lem="&#34;"
             ecep:pos="&#34;"
             ecep:reg="&#34;"
             ecep:spe="&#34;">"</pc>
         <w xml:id="pro75-080860"
            n="a-0820"
            ecep:lem="thou"
            ecep:pos="pns21"
            ecep:reg="Thou"
            ecep:spe="Thou"
            ecep:syllab="1"
            ecep:pron="θaʊ">Thou</w>
         <pc xml:id="pro75-080870"
             n="a-0830"
             ecep:lem=","
             ecep:pos=","
             ecep:reg=","
             ecep:spe=",">,</pc>
         <c> </c>
         <w xml:id="pro75-080880"
            n="a-0840"
            ecep:lem="goddess"
            ecep:pos="n1"
            ecep:reg="goddess"
            ecep:spe="goddess"
            ecep:syllab="2"
            ecep:pron="ˈgɒdes">goddess</w>
         <pc xml:id="pro75-080890"
             n="a-0850"
             ecep:lem=","
             ecep:pos=","
             ecep:reg=","
             ecep:spe=",">,</pc>
         <c> </c>
         <w xml:id="pro75-080900"
            n="a-0860"
            ecep:lem="henceforth"
            ecep:pos="av"
            ecep:reg="henceforth"
            ecep:spe="henceforth"
            ecep:syllab="2"
            ecep:pron="ˌhensˈfɔːθ">henceforth</w>
         <c> </c>
         <w xml:id="pro75-080910"
            n="a-0870"
            ecep:lem="i"
            ecep:pos="pns11"
            ecep:reg="I"
            ecep:spe="I"
            ecep:syllab="1"
            ecep:pron="aɪ">I</w>
         <c> </c>
         <w xml:id="pro75-080920"
            n="a-0880"
            ecep:lem="proclaim"
            ecep:pos="vvb"
            ecep:reg="proclaim"
            ecep:spe="proclaim"
            ecep:syllab="2"
            ecep:pron="prəˈkleɪm">proclaim</w>
         <pc xml:id="pro75-080930"
             n="a-0890"
             ecep:lem=","
             ecep:pos=","
             ecep:reg=","
             ecep:spe=",">,</pc>
      </l>
      <l n="32" rendition="#h_3" xml:id="pro75-l04740">
         <pc xml:id="pro75-080940"
             n="a-0900"
             ecep:lem="&#34;"
             ecep:pos="&#34;"
             ecep:reg="&#34;"
             ecep:spe="&#34;">"</pc>
         <w xml:id="pro75-080950"
            n="a-0910"
            ecep:lem="of"
            ecep:pos="pp-f"
            ecep:reg="Of"
            ecep:spe="Of"
            ecep:syllab="1"
            ecep:pron="ɒv">Of</w>
         <c> </c>
         <w xml:id="pro75-080960"
            n="a-0920"
            ecep:lem="virtue"
            ecep:pos="n1"
            ecep:reg="virtue"
            ecep:spe="virtue"
            ecep:syllab="2"
            ecep:pron="ˈvɜːtʃuː">virtue</w>
         <pc xml:id="pro75-080970"
             n="a-0930"
             ecep:lem=","
             ecep:pos=","
             ecep:reg=","
             ecep:spe=",">,</pc>
         <c> </c>
         <w xml:id="pro75-080980"
            n="a-0940"
            ecep:lem="and"
            ecep:pos="cc"
            ecep:reg="and"
            ecep:spe="and"
            ecep:syllab="1"
            ecep:pron="ænd">and</w>
         <c> </c>
         <w xml:id="pro75-080990"
            n="a-0950"
            ecep:lem="of"
            ecep:pos="pp-f"
            ecep:reg="of"
            ecep:spe="of"
            ecep:syllab="1"
            ecep:pron="ɒv">of</w>
         <c> </c>
         <w xml:id="pro75-081000"
            n="a-0960"
            ecep:lem="love"
            ecep:pos="n1"
            ecep:reg="love"
            ecep:spe="love"
            ecep:syllab="1"
            ecep:pron="lʌv">love</w>
         <pc xml:id="pro75-081010"
             n="a-0970"
             unit="sentence"
             ecep:lem="."
             ecep:pos="."
             ecep:reg="."
             ecep:spe=".">.</pc>
      </l>
   </lg>
</div>
