<?xml version="1.0" encoding="UTF-8"?>
<div xmlns:tei="http://www.tei-c.org/ns/1.0"
     xmlns="http://www.tei-c.org/ns/1.0"
     xmlns:ecep="http://www.eighteenthcenturypoetry.org/ns"
     ana="#iamb #tetrameter #hypercatalexis #octet #epigram"
     corresp="#txt_NugeEa1709_w0024"
     ecep:syllab="8.8.8.8.8.8.8.8"
     met="-+|-+|-+|-+/      -+|-+|-+|-+/      -+|-+|-+|-+/      -+|-+|-+|-+/      -+|-+|-+|-+/      -+|-+|-+|-+/      -+|-+|-+|-+/      -+|-+|-+|-+/"
     n="10"
     rendition="#lgvspace"
     rhyme="ababcdcd"
     subtype="eceptext"
     type="epigram"
     xml:id="o5153-w0799"
     decls="#semi-normalized">
   <link target="authors.xml#aut_NugeEa1709" type="author"/>
   <link target="22447" type="DMI"/>
   <head type="main">
      <w xml:id="o5153-518180"
         n="238-a-0320"
         ecep:lem="epigram"
         ecep:pos="n1"
         ecep:reg="EPIGRAM"
         ecep:spe="EPIGRAM"
         ecep:syllab="3"
         ecep:pron="ˈepɪgræm">EPIGRAM</w>
      <c> </c>
      <w xml:id="o5153-518190"
         n="238-a-0330"
         ecep:lem="x."
         ecep:pos="crd"
         ecep:reg="X"
         ecep:spe="X."
         ecep:syllab="1"
         ecep:pron="ˈeks">X.</w>
      <pc unit="sentence" xml:id="o5153-518190-eos" n="238-a-0340"/>
   </head>
   <lg>
      <l xml:id="o5153-l27285">
         <w xml:id="o5153-518210"
            n="238-a-0350"
            ecep:lem="while"
            ecep:pos="cs"
            ecep:reg="WHILE"
            ecep:spe="WHILE"
            ecep:syllab="1"
            ecep:pron="ˈwaɪl">WHILE</w>
         <c> </c>
         <w xml:id="o5153-518220"
            n="238-a-0360"
            ecep:lem="Lucy"
            ecep:pos="np1"
            ecep:reg="Lucy"
            ecep:spe="Lucy"
            ecep:syllab="2"
            ecep:pron="ˈluːsi">Lucy</w>
         <pc xml:id="o5153-518230"
             n="238-a-0370"
             ecep:lem=","
             ecep:pos=","
             ecep:reg=","
             ecep:spe=",">,</pc>
         <c> </c>
         <w xml:id="o5153-518240"
            n="238-a-0380"
            ecep:lem="chaste"
            ecep:pos="j"
            ecep:reg="chaste"
            ecep:spe="chaste"
            ecep:syllab="1"
            ecep:pron="tʃeɪst">chaste</w>
         <c> </c>
         <w xml:id="o5153-518250"
            n="238-a-0390"
            ecep:lem="as"
            ecep:pos="c-acp"
            ecep:reg="as"
            ecep:spe="as"
            ecep:syllab="1"
            ecep:pron="æz">as</w>
         <c> </c>
         <w xml:id="o5153-518260"
            n="238-a-0400"
            ecep:lem="mountain"
            ecep:pos="n1"
            ecep:reg="mountain"
            ecep:spe="mountain"
            ecep:syllab="2"
            ecep:pron="ˈmaʊntɪn">mountain</w>
         <c> </c>
         <w xml:id="o5153-518270"
            n="238-a-0410"
            ecep:lem="snow"
            ecep:pos="n2"
            ecep:reg="snows"
            ecep:spe="snows"
            ecep:syllab="1"
            ecep:pron="snəʊz">snows</w>
         <pc xml:id="o5153-518280"
             n="238-a-0420"
             ecep:lem=","
             ecep:pos=","
             ecep:reg=","
             ecep:spe=",">,</pc>
      </l>
      <l xml:id="o5153-l27290">
         <w xml:id="o5153-518290"
            n="238-a-0430"
            ecep:lem="give"
            ecep:pos="vvz"
            ecep:reg="Gives"
            ecep:spe="Gives"
            ecep:syllab="1"
            ecep:pron="gɪvz">Gives</w>
         <c> </c>
         <w xml:id="o5153-518300"
            n="238-a-0440"
            ecep:lem="every"
            ecep:pos="d"
            ecep:reg="every"
            ecep:spe="every"
            ecep:syllab="2"
            ecep:pron="ˈevri">every</w>
         <c> </c>
         <w xml:id="o5153-518310"
            n="238-a-0450"
            ecep:lem="idle"
            ecep:pos="j"
            ecep:reg="idle"
            ecep:spe="idle"
            ecep:syllab="2"
            ecep:pron="ˈaɪdl">idle</w>
         <c> </c>
         <w xml:id="o5153-518320"
            n="238-a-0460"
            ecep:lem="fop"
            ecep:pos="vvb"
            ecep:reg="fop"
            ecep:spe="fop"
            ecep:syllab="1"
            ecep:pron="fɒp">fop</w>
         <c> </c>
         <w xml:id="o5153-518330"
            n="238-a-0470"
            ecep:lem="a"
            ecep:pos="dt"
            ecep:reg="a"
            ecep:spe="a"
            ecep:syllab="1"
            ecep:pron="ə">a</w>
         <c> </c>
         <w xml:id="o5153-518340"
            n="238-a-0480"
            ecep:lem="hear"
            ecep:pos="n-vvg"
            ecep:reg="hearing"
            ecep:spe="hearing"
            ecep:syllab="2"
            ecep:pron="hɪəɪŋ">hearing</w>
         <pc xml:id="o5153-518350"
             n="238-a-0490"
             ecep:lem=";"
             ecep:pos=";"
             ecep:reg=";"
             ecep:spe=";">;</pc>
      </l>
      <l xml:id="o5153-l27295">
         <w xml:id="o5153-518360"
            n="238-a-0500"
            ecep:lem="in"
            ecep:pos="p-acp"
            ecep:reg="In"
            ecep:spe="In"
            ecep:syllab="1"
            ecep:pron="ɪn">In</w>
         <c> </c>
         <w xml:id="o5153-518370"
            n="238-a-0510"
            ecep:lem="Mary"
            ecep:pos="npg1"
            ecep:reg="Mary's"
            ecep:spe="Mary's"
            ecep:syllab="2"
            ecep:pron="ˈmeəriz">Mary's</w>
         <c> </c>
         <w xml:id="o5153-518380"
            n="238-a-0520"
            ecep:lem="breast"
            ecep:pos="n1"
            ecep:reg="breast"
            ecep:spe="breast"
            ecep:syllab="1"
            ecep:pron="brest">breast</w>
         <c> </c>
         <w xml:id="o5153-518390"
            n="238-a-0530"
            ecep:lem="a"
            ecep:pos="dt"
            ecep:reg="a"
            ecep:spe="a"
            ecep:syllab="1"
            ecep:pron="ə">a</w>
         <c> </c>
         <w xml:id="o5153-518400"
            n="238-a-0540"
            ecep:lem="passion"
            ecep:pos="n1"
            ecep:reg="passion"
            ecep:spe="passion"
            ecep:syllab="2"
            ecep:pron="ˈpæʃn">passion</w>
         <c> </c>
         <w xml:id="o5153-518410"
            n="238-a-0550"
            ecep:lem="glow"
            ecep:pos="vvz"
            ecep:reg="glows"
            ecep:spe="glows"
            ecep:syllab="1"
            ecep:pron="gləʊz">glows</w>
         <pc xml:id="o5153-518420"
             n="238-a-0560"
             ecep:lem=","
             ecep:pos=","
             ecep:reg=","
             ecep:spe=",">,</pc>
      </l>
      <l xml:id="o5153-l27300">
         <w xml:id="o5153-518430"
            n="238-a-0570"
            ecep:lem="which"
            ecep:pos="r-crq"
            ecep:reg="Which"
            ecep:spe="Which"
            ecep:syllab="1"
            ecep:pron="wɪtʃ">Which</w>
         <c> </c>
         <w xml:id="o5153-518440"
            n="238-a-0580"
            ecep:lem="strong"
            ecep:pos="jc"
            ecep:reg="stronger"
            ecep:spe="stronger"
            ecep:syllab="2"
            ecep:pron="strɒŋgə">stronger</w>
         <c> </c>
         <w xml:id="o5153-518450"
            n="238-a-0590"
            ecep:lem="be"
            ecep:pos="vbz"
            ecep:reg="is"
            ecep:spe="is"
            ecep:syllab="1"
            ecep:pron="ɪz">is</w>
         <c> </c>
         <w xml:id="o5153-518460"
            n="238-a-0600"
            ecep:lem="from"
            ecep:pos="p-acp"
            ecep:reg="from"
            ecep:spe="from"
            ecep:syllab="1"
            ecep:pron="frɒm">from</w>
         <c> </c>
         <w xml:id="o5153-518470"
            n="238-a-0610"
            ecep:lem="not"
            ecep:pos="xx"
            ecep:reg="not"
            ecep:spe="not"
            ecep:syllab="1"
            ecep:pron="nɒt">not</w>
         <c> </c>
         <w xml:id="o5153-518480"
            n="238-a-0620"
            ecep:lem="appear"
            ecep:pos="vvg"
            ecep:reg="appearing"
            ecep:spe="appearing"
            ecep:syllab="3"
            ecep:pron="əˈpɪəɪŋ">appearing</w>
         <pc xml:id="o5153-518490"
             n="238-a-0630"
             unit="sentence"
             ecep:lem="."
             ecep:pos="."
             ecep:reg="."
             ecep:spe=".">.</pc>
      </l>
      <l xml:id="o5153-l27305">
         <w xml:id="o5153-518500"
            n="238-a-0640"
            ecep:lem="say"
            ecep:pos="vvb"
            ecep:reg="Say"
            ecep:spe="Say"
            ecep:syllab="1"
            ecep:pron="seɪ">Say</w>
         <pc xml:id="o5153-518510"
             n="238-a-0650"
             ecep:lem=","
             ecep:pos=","
             ecep:reg=","
             ecep:spe=",">,</pc>
         <c> </c>
         <w xml:id="o5153-518520"
            n="238-a-0660"
            ecep:lem="who"
            ecep:pos="r-crq"
            ecep:reg="who"
            ecep:spe="who"
            ecep:syllab="1"
            ecep:pron="huː">who</w>
         <c> </c>
         <w xml:id="o5153-518530"
            n="238-a-0670"
            ecep:lem="have"
            ecep:pos="vhz"
            ecep:reg="has"
            ecep:spe="has"
            ecep:syllab="1"
            ecep:pron="hæz">has</w>
         <c> </c>
         <w xml:id="o5153-518540"
            n="238-a-0680"
            ecep:lem="choose"
            ecep:pos="vvd"
            ecep:reg="chose"
            ecep:spe="chose"
            ecep:syllab="1"
            ecep:pron="tʃəʊz">chose</w>
         <c> </c>
         <w xml:id="o5153-518550"
            n="238-a-0690"
            ecep:lem="the"
            ecep:pos="dt"
            ecep:reg="the"
            ecep:spe="the"
            ecep:syllab="1"
            ecep:pron="ðiː">the</w>
         <c> </c>
         <w xml:id="o5153-518560"
            n="238-a-0700"
            ecep:lem="better"
            ecep:pos="jc"
            ecep:reg="better"
            ecep:spe="better"
            ecep:syllab="2"
            ecep:pron="ˈbetə">better</w>
         <c> </c>
         <w xml:id="o5153-518570"
            n="238-a-0710"
            ecep:lem="part"
            ecep:pos="n1"
            ecep:reg="part"
            ecep:spe="part"
            ecep:syllab="1"
            ecep:pron="pɑːt">part</w>
         <pc xml:id="o5153-518580"
             n="238-a-0720"
             unit="sentence"
             ecep:lem="!"
             ecep:pos="!"
             ecep:reg="!"
             ecep:spe="!">!</pc>
      </l>
      <l xml:id="o5153-l27310">
         <w xml:id="o5153-518590"
            n="238-a-0730"
            ecep:lem="mary"
            ecep:pos="np1"
            ecep:reg="Mary"
            ecep:spe="Mary"
            ecep:syllab="2"
            ecep:pron="ˈmeəri">Mary</w>
         <c> </c>
         <w xml:id="o5153-518600"
            n="238-a-0740"
            ecep:lem="to"
            ecep:pos="p-acp"
            ecep:reg="to"
            ecep:spe="to"
            ecep:syllab="1"
            ecep:pron="tuː">to</w>
         <c> </c>
         <w xml:id="o5153-518610"
            n="238-a-0750"
            ecep:lem="who"
            ecep:pos="r-crq"
            ecep:reg="whom"
            ecep:spe="whom"
            ecep:syllab="1"
            ecep:pron="huːm">whom</w>
         <c> </c>
         <w xml:id="o5153-518620"
            n="238-a-0760"
            ecep:lem="no"
            ecep:pos="dx"
            ecep:reg="no"
            ecep:spe="no"
            ecep:syllab="1"
            ecep:pron="nəʊ">no</w>
         <c> </c>
         <w xml:id="o5153-518630"
            n="238-a-0770"
            ecep:lem="joy"
            ecep:pos="n1"
            ecep:reg="joy"
            ecep:spe="joy"
            ecep:syllab="1"
            ecep:pron="dʒɔɪ">joy</w>
         <c> </c>
         <w xml:id="o5153-518640"
            n="238-a-0780"
            ecep:lem="be"
            ecep:pos="vbz"
            ecep:reg="is"
            ecep:spe="is"
            ecep:syllab="1"
            ecep:pron="ɪz">is</w>
         <c> </c>
         <w xml:id="o5153-518650"
            n="238-a-0790"
            ecep:lem="miss"
            ecep:pos="vvg"
            ecep:reg="missing"
            ecep:spe="missing"
            ecep:syllab="2"
            ecep:pron="ˈmɪsɪŋ">missing</w>
         <pc xml:id="o5153-518660"
             n="238-a-0800"
             ecep:lem=";"
             ecep:pos=";"
             ecep:reg=";"
             ecep:spe=";">;</pc>
      </l>
      <l xml:id="o5153-l27315">
         <w xml:id="o5153-518670"
            n="238-a-0810"
            ecep:lem="or"
            ecep:pos="cc"
            ecep:reg="Or"
            ecep:spe="Or"
            ecep:syllab="1"
            ecep:pron="ɔː">Or</w>
         <c> </c>
         <w xml:id="o5153-518680"
            n="238-a-0820"
            ecep:lem="she"
            ecep:pos="pns31"
            ecep:reg="she"
            ecep:spe="she"
            ecep:syllab="1"
            ecep:pron="ʃiː">she</w>
         <pc xml:id="o5153-518690"
             n="238-a-0830"
             ecep:lem=","
             ecep:pos=","
             ecep:reg=","
             ecep:spe=",">,</pc>
         <c> </c>
         <w xml:id="o5153-518700"
            n="238-a-0840"
            ecep:lem="who"
            ecep:pos="r-crq"
            ecep:reg="who"
            ecep:spe="who"
            ecep:syllab="1"
            ecep:pron="huː">who</w>
         <c> </c>
         <w xml:id="o5153-518710"
            n="238-a-0850"
            ecep:lem="dupe"
            ecep:pos="n1"
            ecep:reg="dupe"
            ecep:spe="dupe"
            ecep:syllab="1"
            ecep:pron="dʒuːp">dupe</w>
         <c> </c>
         <w xml:id="o5153-518720"
            n="238-a-0860"
            ecep:lem="to"
            ecep:pos="p-acp"
            ecep:reg="to"
            ecep:spe="to"
            ecep:syllab="1"
            ecep:pron="tuː">to</w>
         <c> </c>
         <w xml:id="o5153-518730"
            n="238-a-0870"
            ecep:lem="her"
            ecep:pos="po31"
            ecep:reg="her"
            ecep:spe="her"
            ecep:syllab="1"
            ecep:pron="hɜː">her</w>
         <c> </c>
         <w xml:id="o5153-518740"
            n="238-a-0880"
            ecep:lem="own"
            ecep:pos="d"
            ecep:reg="own"
            ecep:spe="own"
            ecep:syllab="1"
            ecep:pron="əʊn">own</w>
         <c> </c>
         <w xml:id="o5153-518750"
            n="238-a-0890"
            ecep:lem="heart"
            ecep:pos="n1"
            ecep:reg="heart"
            ecep:spe="heart"
            ecep:syllab="1"
            ecep:pron="hɑːt">heart</w>
         <pc xml:id="o5153-518760"
             n="238-a-0900"
             ecep:lem=","
             ecep:pos=","
             ecep:reg=","
             ecep:spe=",">,</pc>
      </l>
      <l xml:id="o5153-l27320">
         <w xml:id="o5153-518770"
            n="238-a-0910"
            ecep:lem="pay"
            ecep:pos="vvz"
            ecep:reg="Pays"
            ecep:spe="Pays"
            ecep:syllab="1"
            ecep:pron="peɪz">Pays</w>
         <c> </c>
         <w xml:id="o5153-518780"
            n="238-a-0920"
            ecep:lem="the"
            ecep:pos="dt"
            ecep:reg="the"
            ecep:spe="the"
            ecep:syllab="1"
            ecep:pron="ðiː">the</w>
         <c> </c>
         <w xml:id="o5153-518790"
            n="238-a-0930"
            ecep:lem="full"
            ecep:pos="j"
            ecep:reg="full"
            ecep:spe="full"
            ecep:syllab="1"
            ecep:pron="fʊl">full</w>
         <c> </c>
         <w xml:id="o5153-518800"
            n="238-a-0940"
            ecep:lem="price"
            ecep:pos="n1"
            ecep:reg="price"
            ecep:spe="price"
            ecep:syllab="1"
            ecep:pron="praɪs">price</w>
         <c> </c>
         <w xml:id="o5153-518810"
            n="238-a-0950"
            ecep:lem="of"
            ecep:pos="pp-f"
            ecep:reg="of"
            ecep:spe="of"
            ecep:syllab="1"
            ecep:pron="ɒv">of</w>
         <c> </c>
         <w xml:id="o5153-518820"
            n="238-a-0960"
            ecep:lem="Mary"
            ecep:pos="npg1"
            ecep:reg="Mary's"
            ecep:spe="Mary's"
            ecep:syllab="2"
            ecep:pron="ˈmeəriz">Mary's</w>
         <c> </c>
         <w xml:id="o5153-518830"
            n="238-a-0970"
            ecep:lem="kiss"
            ecep:pos="vvg"
            ecep:reg="kissing"
            ecep:spe="kissing"
            ecep:syllab="2"
            ecep:pron="kɪsɪŋ">kissing</w>
         <pc xml:id="o5153-518840"
             n="238-a-0980"
             unit="sentence"
             ecep:lem="."
             ecep:pos="."
             ecep:reg="."
             ecep:spe=".">.</pc>
      </l>
   </lg>
</div>
