<?xml version="1.0" encoding="utf-8"?>
<!DOCTYPE div
  SYSTEM "about:legacy-compat">
<div xmlns:ecep="http://www.eighteenthcenturypoetry.org/ns"
     xmlns="http://www.tei-c.org/ns/1.0"
     xmlns:tei="http://www.tei-c.org/ns/1.0"
     ana="#iamb #tetrameter #trimeter #tail #quintet #fable"
     corresp="#txt_FincAn1661_w0066"
     decls="#semi-normalized"
     ecep:syllab="8.6.8.8.6"
     met="-+|-+|-+|-+/ -+|-+|-+/ -+|-+|-+|-+/ -+|-+|-+|-+/ -+|-+|-+/"
     rendition="#lgvspace"
     rhyme="abaab"
     subtype="eceptext"
     type="poem"
     xml:id="o4784-w0660">
   <link target="authors.xml#aut_FincAn1661" type="author"/>
   <head type="main">
      <w xml:id="o4784-397260"
         n="262-a-0010"
         ecep:lem="the"
         ecep:pos="dt"
         ecep:reg="The"
         ecep:spe="The"
         ecep:syllab="1"
         ecep:pron="ðiː">The</w>
      <c> </c>
      <hi>
         <w xml:id="o4784-397270"
            n="262-a-0020"
            ecep:lem="Lyon"
            ecep:pos="np1"
            ecep:reg="LYON"
            ecep:spe="LYON"
            ecep:syllab="2"
            ecep:pron="ˈliːɒn">LYON</w>
      </hi>
      <c> </c>
      <w xml:id="o4784-397280"
         n="262-a-0030"
         ecep:lem="and"
         ecep:pos="cc"
         ecep:reg="and"
         ecep:spe="and"
         ecep:syllab="1"
         ecep:pron="ænd">and</w>
      <c> </c>
      <w xml:id="o4784-397290"
         n="262-a-0040"
         ecep:lem="the"
         ecep:pos="dt"
         ecep:reg="the"
         ecep:spe="the"
         ecep:syllab="1"
         ecep:pron="ðiː">the</w>
      <c> </c>
      <hi>
         <w xml:id="o4784-397300"
            n="262-a-0050"
            ecep:lem="gnat"
            ecep:pos="n1"
            ecep:reg="GNAT"
            ecep:spe="GNAT"
            ecep:syllab="1"
            ecep:pron="næt">GNAT</w>
         <pc xml:id="o4784-397310"
             n="262-a-0060"
             unit="sentence"
             ecep:lem="."
             ecep:pos="."
             ecep:reg="."
             ecep:spe=".">.</pc>
         <c> </c>
      </hi>
   </head>
   <lg xml:id="o4784-s01435">
      <l xml:id="o4784-l21420">
         <w xml:id="o4784-397340"
            n="262-a-0070"
            ecep:lem="to"
            ecep:pos="p-acp"
            ecep:reg="TO"
            ecep:spe="TO"
            ecep:syllab="1"
            ecep:pron="tuː">TO</w>
         <c> </c>
         <w xml:id="o4784-397350"
            n="262-a-0080"
            ecep:lem="the"
            ecep:pos="dt"
            ecep:reg="the"
            ecep:spe="the"
            ecep:syllab="1"
            ecep:pron="ðiː">the</w>
         <c> </c>
         <w xml:id="o4784-397360"
            n="262-a-0090"
            ecep:lem="still"
            ecep:pos="j"
            ecep:reg="still"
            ecep:spe="still"
            ecep:syllab="1"
            ecep:pron="stɪl">still</w>
         <c> </c>
         <w xml:id="o4784-397370"
            n="262-a-0100"
            ecep:lem="covert"
            ecep:pos="n1"
            ecep:reg="Covert"
            ecep:spe="Covert"
            ecep:syllab="2"
            ecep:pron="ˈkəʊvɜːt">Covert</w>
         <c> </c>
         <w xml:id="o4784-397380"
            n="262-a-0110"
            ecep:lem="of"
            ecep:pos="pp-f"
            ecep:reg="of"
            ecep:spe="of"
            ecep:syllab="1"
            ecep:pron="ɒv">of</w>
         <c> </c>
         <w xml:id="o4784-397390"
            n="262-a-0120"
            ecep:lem="a"
            ecep:pos="dt"
            ecep:reg="a"
            ecep:spe="a"
            ecep:syllab="1"
            ecep:pron="ə">a</w>
         <c> </c>
         <w xml:id="o4784-397400"
            n="262-a-0130"
            ecep:lem="wood"
            ecep:pos="n1"
            ecep:reg="Wood"
            ecep:spe="Wood"
            ecep:syllab="1"
            ecep:pron="wʊd">Wood</w>
         <pc xml:id="o4784-397410"
             n="262-a-0140"
             ecep:lem=","
             ecep:pos=","
             ecep:reg=","
             ecep:spe=",">,</pc>
      </l>
      <l xml:id="o4784-l21425">
         <c> </c>
         <w xml:id="o4784-397420"
            n="262-a-0150"
            ecep:lem="about"
            ecep:pos="p-acp"
            ecep:reg="About"
            ecep:spe="About"
            ecep:syllab="2"
            ecep:pron="əˈbaʊt">About</w>
         <c> </c>
         <w xml:id="o4784-397430"
            n="262-a-0160"
            ecep:lem="the"
            ecep:pos="dt"
            ecep:reg="the"
            ecep:spe="the"
            ecep:syllab="1"
            ecep:pron="ðiː">the</w>
         <c> </c>
         <w xml:id="o4784-397440"
            n="262-a-0170"
            ecep:lem="prime"
            ecep:pos="n-jn"
            ecep:reg="prime"
            ecep:spe="prime"
            ecep:syllab="1"
            ecep:pron="praɪm">prime</w>
         <c> </c>
         <w xml:id="o4784-397450"
            n="262-a-0180"
            ecep:lem="of"
            ecep:pos="pp-f"
            ecep:reg="of"
            ecep:spe="of"
            ecep:syllab="1"
            ecep:pron="ɒv">of</w>
         <c> </c>
         <w xml:id="o4784-397460"
            n="262-a-0190"
            ecep:lem="day"
            ecep:pos="n1"
            ecep:reg="Day"
            ecep:spe="Day"
            ecep:syllab="1"
            ecep:pron="deɪ">Day</w>
         <pc xml:id="o4784-397470"
             n="262-a-0200"
             ecep:lem=","
             ecep:pos=","
             ecep:reg=","
             ecep:spe=",">,</pc>
      </l>
      <l xml:id="o4784-l21430">
         <c> </c>
         <w xml:id="o4784-397480"
            n="262-a-0210"
            ecep:lem="a"
            ecep:pos="dt"
            ecep:reg="A"
            ecep:spe="A"
            ecep:syllab="1"
            ecep:pron="ə">A</w>
         <c> </c>
         <hi>
            <w xml:id="o4784-397490"
               n="262-a-0220"
               ecep:lem="lion"
               ecep:pos="n1"
               ecep:reg="Lion"
               ecep:spe="Lyon"
               ecep:syllab="2"
               ecep:pron="ˈliːɒn">Lyon</w>
            <pc xml:id="o4784-397500"
                n="262-a-0230"
                ecep:lem=","
                ecep:pos=","
                ecep:reg=","
                ecep:spe=",">,</pc>
         </hi>
         <c> </c>
         <w xml:id="o4784-397510"
            n="262-a-0240"
            ecep:lem="satiate"
            ecep:pos="vvn"
            ecep:reg="satiated"
            ecep:spe="satiated"
            ecep:syllab="4"
            ecep:pron="ˈseɪʃieɪtɪd">satiated</w>
         <c> </c>
         <w xml:id="o4784-397520"
            n="262-a-0250"
            ecep:lem="with"
            ecep:pos="p-acp"
            ecep:reg="with"
            ecep:spe="with"
            ecep:syllab="1"
            ecep:pron="wɪð">with</w>
         <c> </c>
         <w xml:id="o4784-397530"
            n="262-a-0260"
            ecep:lem="food"
            ecep:pos="n1"
            ecep:reg="Food"
            ecep:spe="Food"
            ecep:syllab="1"
            ecep:pron="fuːd">Food</w>
         <pc xml:id="o4784-397540"
             n="262-a-0270"
             ecep:lem=","
             ecep:pos=","
             ecep:reg=","
             ecep:spe=",">,</pc>
      </l>
      <l xml:id="o4784-l21435">
         <c> </c>
         <w xml:id="o4784-397550"
            n="262-a-0280"
            ecep:lem="with"
            ecep:pos="p-acp"
            ecep:reg="With"
            ecep:spe="With"
            ecep:syllab="1"
            ecep:pron="wɪð">With</w>
         <c> </c>
         <w xml:id="o4784-397560"
            n="262-a-0290"
            ecep:lem="stately"
            ecep:pos="j"
            ecep:reg="stately"
            ecep:spe="stately"
            ecep:syllab="2"
            ecep:pron="ˈsteɪtli">stately</w>
         <c> </c>
         <w xml:id="o4784-397570"
            n="262-a-0300"
            ecep:lem="pace"
            ecep:pos="n1"
            ecep:reg="Pace"
            ecep:spe="Pace"
            ecep:syllab="1"
            ecep:pron="ˈpeɪsi">Pace</w>
         <pc xml:id="o4784-397580"
             n="262-a-0310"
             ecep:lem=","
             ecep:pos=","
             ecep:reg=","
             ecep:spe=",">,</pc>
         <c> </c>
         <w xml:id="o4784-397590"
            n="262-a-0320"
            ecep:lem="and"
            ecep:pos="cc"
            ecep:reg="and"
            ecep:spe="and"
            ecep:syllab="1"
            ecep:pron="ænd">and</w>
         <c> </c>
         <w xml:id="o4784-397600"
            n="262-a-0330"
            ecep:lem="sullen"
            ecep:pos="j"
            ecep:reg="sullen"
            ecep:spe="sullen"
            ecep:syllab="2"
            ecep:pron="ˈsʌlən">sullen</w>
         <c> </c>
         <w xml:id="o4784-397610"
            n="262-a-0340"
            ecep:lem="mood"
            ecep:pos="n1"
            ecep:reg="Mood"
            ecep:spe="Mood"
            ecep:syllab="1"
            ecep:pron="muːd">Mood</w>
         <pc xml:id="o4784-397620"
             n="262-a-0350"
             ecep:lem=","
             ecep:pos=","
             ecep:reg=","
             ecep:spe=",">,</pc>
      </l>
      <l xml:id="o4784-l21440">
         <c> </c>
         <w xml:id="o4784-397630"
            n="262-a-0360"
            ecep:lem="now"
            ecep:pos="av"
            ecep:reg="Now"
            ecep:spe="Now"
            ecep:syllab="1"
            ecep:pron="naʊ">Now</w>
         <c> </c>
         <w xml:id="o4784-397640"
            n="262-a-0370"
            ecep:lem="take"
            ecep:pos="vvd"
            ecep:reg="took"
            ecep:spe="took"
            ecep:syllab="1"
            ecep:pron="tʊk">took</w>
         <c> </c>
         <w xml:id="o4784-397650"
            n="262-a-0380"
            ecep:lem="his"
            ecep:pos="po31"
            ecep:reg="his"
            ecep:spe="his"
            ecep:syllab="1"
            ecep:pron="hɪz">his</w>
         <c> </c>
         <w xml:id="o4784-397660"
            n="262-a-0390"
            ecep:lem="lazy"
            ecep:pos="j"
            ecep:reg="lazy"
            ecep:spe="lazy"
            ecep:syllab="2"
            ecep:pron="ˈleɪzi">lazy</w>
         <c> </c>
         <w xml:id="o4784-397670"
            n="262-a-0400"
            ecep:lem="way"
            ecep:pos="n1"
            ecep:reg="way"
            ecep:spe="way"
            ecep:syllab="1"
            ecep:pron="weɪ">way</w>
         <pc xml:id="o4784-397680"
             n="262-a-0410"
             unit="sentence"
             ecep:lem="."
             ecep:pos="."
             ecep:reg="."
             ecep:spe=".">.</pc>
         <c> </c>
      </l>
   </lg>
   <lg xml:id="o4784-s01440">
      <l xml:id="o4784-l21445">
         <w xml:id="o4784-397710"
            n="262-a-0420"
            ecep:lem="to"
            ecep:pos="p-acp"
            ecep:reg="To"
            ecep:spe="To"
            ecep:syllab="1"
            ecep:pron="tuː">To</w>
         <c> </c>
         <w xml:id="o4784-397720"
            n="262-a-0430"
            ecep:lem="rest"
            ecep:pos="n1"
            ecep:reg="Rest"
            ecep:spe="Rest"
            ecep:syllab="1"
            ecep:pron="rest">Rest</w>
         <c> </c>
         <w xml:id="o4784-397730"
            n="262-a-0440"
            ecep:lem="he"
            ecep:pos="pns31"
            ecep:reg="he"
            ecep:spe="he"
            ecep:syllab="1"
            ecep:pron="hiː">he</w>
         <c> </c>
         <w xml:id="o4784-397740"
            n="262-a-0450"
            ecep:lem="there"
            ecep:pos="a-acp"
            ecep:reg="there"
            ecep:spe="there"
            ecep:syllab="1"
            ecep:pron="ðeə">there</w>
         <c> </c>
         <w xml:id="o4784-397750"
            n="262-a-0460"
            ecep:lem="himself"
            ecep:pos="px31"
            ecep:reg="himself"
            ecep:spe="himself"
            ecep:syllab="2"
            ecep:pron="hɪmˈself">himself</w>
         <c> </c>
         <w xml:id="o4784-397760"
            n="262-a-0470"
            ecep:lem="compose"
            ecep:pos="vvn"
            ecep:reg="composed"
            ecep:spe="compos'd"
            ecep:syllab="2"
            ecep:pron="kəmˈpəʊzd">compos'd</w>
         <pc xml:id="o4784-397770"
             n="262-a-0480"
             ecep:lem=","
             ecep:pos=","
             ecep:reg=","
             ecep:spe=",">,</pc>
      </l>
      <l xml:id="o4784-l21450">
         <c> </c>
         <w xml:id="o4784-397780"
            n="262-a-0490"
            ecep:lem="and"
            ecep:pos="cc"
            ecep:reg="And"
            ecep:spe="And"
            ecep:syllab="1"
            ecep:pron="ænd">And</w>
         <c> </c>
         <w xml:id="o4784-397790"
            n="262-a-0500"
            ecep:lem="in"
            ecep:pos="p-acp"
            ecep:reg="in"
            ecep:spe="in"
            ecep:syllab="1"
            ecep:pron="ɪn">in</w>
         <c> </c>
         <w xml:id="o4784-397800"
            n="262-a-0510"
            ecep:lem="his"
            ecep:pos="po31"
            ecep:reg="his"
            ecep:spe="his"
            ecep:syllab="1"
            ecep:pron="hɪz">his</w>
         <c> </c>
         <w xml:id="o4784-397810"
            n="262-a-0520"
            ecep:lem="mind"
            ecep:pos="n1"
            ecep:reg="Mind"
            ecep:spe="Mind"
            ecep:syllab="1"
            ecep:pron="maɪnd">Mind</w>
         <c> </c>
         <w xml:id="o4784-397820"
            n="262-a-0530"
            ecep:lem="revolve"
            ecep:pos="vvd"
            ecep:reg="revolved"
            ecep:spe="revolv'd"
            ecep:syllab="2"
            ecep:pron="rɪˈvɒlvd">revolv'd</w>
         <pc xml:id="o4784-397830"
             n="262-a-0540"
             ecep:lem=","
             ecep:pos=","
             ecep:reg=","
             ecep:spe=",">,</pc>
      </l>
      <l xml:id="o4784-l21455">
         <c> </c>
         <w xml:id="o4784-397840"
            n="262-a-0550"
            ecep:lem="how"
            ecep:pos="c-crq"
            ecep:reg="How"
            ecep:spe="How"
            ecep:syllab="1"
            ecep:pron="haʊ">How</w>
         <c> </c>
         <w xml:id="o4784-397850"
            n="262-a-0560"
            ecep:lem="great"
            ecep:pos="j"
            ecep:reg="Great"
            ecep:spe="Great"
            ecep:syllab="1"
            ecep:pron="greɪt">Great</w>
         <c> </c>
         <w xml:id="o4784-397860"
            n="262-a-0570"
            ecep:lem="a"
            ecep:pos="dt"
            ecep:reg="a"
            ecep:spe="a"
            ecep:syllab="1"
            ecep:pron="ə">a</w>
         <c> </c>
         <w xml:id="o4784-397870"
            n="262-a-0580"
            ecep:lem="person"
            ecep:pos="n1"
            ecep:reg="Person"
            ecep:spe="Person"
            ecep:syllab="2"
            ecep:pron="ˈpɜːsn">Person</w>
         <c> </c>
         <w xml:id="o4784-397880"
            n="262-a-0590"
            ecep:lem="it"
            ecep:pos="pn31"
            ecep:reg="it"
            ecep:spe="it"
            ecep:syllab="1"
            ecep:pron="ɪt">it</w>
         <c> </c>
         <w xml:id="o4784-397890"
            n="262-a-0600"
            ecep:lem="enclose"
            ecep:pos="vvd"
            ecep:reg="enclosed"
            ecep:spe="enclos'd"
            ecep:syllab="2"
            ecep:pron="ɪnˈkləʊzd">enclos'd</w>
         <pc xml:id="o4784-397900"
             n="262-a-0610"
             ecep:lem=","
             ecep:pos=","
             ecep:reg=","
             ecep:spe=",">,</pc>
      </l>
      <l xml:id="o4784-l21460">
         <c> </c>
         <w xml:id="o4784-397910"
            n="262-a-0620"
            ecep:lem="how"
            ecep:pos="c-crq"
            ecep:reg="How"
            ecep:spe="How"
            ecep:syllab="1"
            ecep:pron="haʊ">How</w>
         <c> </c>
         <w xml:id="o4784-397920"
            n="262-a-0630"
            ecep:lem="free"
            ecep:pos="j"
            ecep:reg="free"
            ecep:spe="free"
            ecep:syllab="1"
            ecep:pron="friː">free</w>
         <c> </c>
         <w xml:id="o4784-397930"
            n="262-a-0640"
            ecep:lem="from"
            ecep:pos="p-acp"
            ecep:reg="from"
            ecep:spe="from"
            ecep:syllab="1"
            ecep:pron="frɒm">from</w>
         <c> </c>
         <w xml:id="o4784-397940"
            n="262-a-0650"
            ecep:lem="danger"
            ecep:pos="n1"
            ecep:reg="Danger"
            ecep:spe="Danger"
            ecep:syllab="2"
            ecep:pron="ˈdeɪndʒə">Danger</w>
         <c> </c>
         <w xml:id="o4784-397950"
            n="262-a-0660"
            ecep:lem="he"
            ecep:pos="pns31"
            ecep:reg="he"
            ecep:spe="he"
            ecep:syllab="1"
            ecep:pron="hiː">he</w>
         <c> </c>
         <w xml:id="o4784-397960"
            n="262-a-0670"
            ecep:lem="repose"
            ecep:pos="vvd"
            ecep:reg="reposed"
            ecep:spe="repos'd"
            ecep:syllab="2"
            ecep:pron="rɪˈpəʊzd">repos'd</w>
         <pc xml:id="o4784-397970"
             n="262-a-0680"
             ecep:lem=","
             ecep:pos=","
             ecep:reg=","
             ecep:spe=",">,</pc>
      </l>
      <l xml:id="o4784-l21465">
         <c> </c>
         <w xml:id="o4784-397980"
            n="262-a-0690"
            ecep:lem="though"
            ecep:pos="c-acp"
            ecep:reg="Though"
            ecep:spe="Though"
            ecep:syllab="1"
            ecep:pron="ðəʊ">Though</w>
         <c> </c>
         <w xml:id="o4784-397990"
            n="262-a-0700"
            ecep:lem="now"
            ecep:pos="av"
            ecep:reg="now"
            ecep:spe="now"
            ecep:syllab="1"
            ecep:pron="naʊ">now</w>
         <c> </c>
         <w xml:id="o4784-398000"
            n="262-a-0710"
            ecep:lem="in"
            ecep:pos="p-acp"
            ecep:reg="in"
            ecep:spe="in"
            ecep:syllab="1"
            ecep:pron="ɪn">in</w>
         <c> </c>
         <w xml:id="o4784-398010"
            n="262-a-0720"
            ecep:lem="ease"
            ecep:pos="n1"
            ecep:reg="Ease"
            ecep:spe="Ease"
            ecep:syllab="1"
            ecep:pron="iːz">Ease</w>
         <c> </c>
         <w xml:id="o4784-398020"
            n="262-a-0730"
            ecep:lem="dissolve"
            ecep:pos="vvn"
            ecep:reg="dissolved"
            ecep:spe="dissolv'd"
            ecep:syllab="2"
            ecep:pron="dɪˈzɒlvd">dissolv'd</w>
         <pc xml:id="o4784-398030"
             n="262-a-0740"
             unit="sentence"
             ecep:lem="!"
             ecep:pos="!"
             ecep:reg="!"
             ecep:spe="!">!</pc>
         <c> </c>
      </l>
   </lg>
   <lg xml:id="o4784-s01445">
      <l xml:id="o4784-l21470">
         <w xml:id="o4784-398060"
            n="262-a-0750"
            ecep:lem="who"
            ecep:pos="q-crq"
            ecep:reg="Who"
            ecep:spe="Who"
            ecep:syllab="1"
            ecep:pron="huː">Who</w>
         <c> </c>
         <w xml:id="o4784-398070"
            n="262-a-0760"
            ecep:lem="guard"
            ecep:pos="n1"
            ecep:reg="Guard"
            ecep:spe="Guard"
            ecep:syllab="1"
            ecep:pron="gɑːd">Guard</w>
         <pc xml:id="o4784-398080"
             n="262-a-0770"
             ecep:lem=","
             ecep:pos=","
             ecep:reg=","
             ecep:spe=",">,</pc>
         <c> </c>
         <w xml:id="o4784-398090"
            n="262-a-0780"
            ecep:lem="nor"
            ecep:pos="ccx"
            ecep:reg="nor"
            ecep:spe="nor"
            ecep:syllab="1"
            ecep:pron="nɔː">nor</w>
         <c> </c>
         <w xml:id="o4784-398100"
            n="262-a-0790"
            ecep:lem="centinel"
            ecep:pos="n1"
            ecep:reg="Centinel"
            ecep:spe="Centinel"
            ecep:syllab="3"
            ecep:pron="sˈentɪnəl">Centinel</w>
         <c> </c>
         <w xml:id="o4784-398110"
            n="262-a-0800"
            ecep:lem="do"
            ecep:pos="vdd"
            ecep:reg="did"
            ecep:spe="did"
            ecep:syllab="1"
            ecep:pron="dɪd">did</w>
         <c> </c>
         <w xml:id="o4784-398120"
            n="262-a-0810"
            ecep:lem="need"
            ecep:pos="vvi"
            ecep:reg="need"
            ecep:spe="need"
            ecep:syllab="1"
            ecep:pron="niːd">need</w>
         <pc xml:id="o4784-398130"
             n="262-a-0820"
             ecep:lem=","
             ecep:pos=","
             ecep:reg=","
             ecep:spe=",">,</pc>
      </l>
      <l xml:id="o4784-l21475">
         <c> </c>
         <w xml:id="o4784-398140"
            n="262-a-0830"
            ecep:lem="despise"
            ecep:pos="vvg"
            ecep:reg="Despising"
            ecep:spe="Despising"
            ecep:syllab="3"
            ecep:pron="dɪˈspaɪzɪŋ">Despising</w>
         <c> </c>
         <w xml:id="o4784-398150"
            n="262-a-0840"
            ecep:lem="as"
            ecep:pos="p-acp"
            ecep:reg="as"
            ecep:spe="as"
            ecep:syllab="1"
            ecep:pron="æz">as</w>
         <c> </c>
         <w xml:id="o4784-398160"
            n="262-a-0850"
            ecep:lem="a"
            ecep:pos="dt"
            ecep:reg="a"
            ecep:spe="a"
            ecep:syllab="1"
            ecep:pron="ə">a</w>
         <c> </c>
         <w xml:id="o4784-398170"
            n="262-a-0860"
            ecep:lem="jest"
            ecep:pos="n1"
            ecep:reg="Jest"
            ecep:spe="Jest"
            ecep:syllab="1"
            ecep:pron="dʒest">Jest</w>
      </l>
      <l xml:id="o4784-l21480">
         <c> </c>
         <w xml:id="o4784-398180"
            n="262-a-0870"
            ecep:lem="all"
            ecep:pos="d"
            ecep:reg="All"
            ecep:spe="All"
            ecep:syllab="1"
            ecep:pron="ɔːl">All</w>
         <c> </c>
         <w xml:id="o4784-398190"
            n="262-a-0880"
            ecep:lem="who"
            ecep:pos="r-crq"
            ecep:reg="whom"
            ecep:spe="whom"
            ecep:syllab="1"
            ecep:pron="huːm">whom</w>
         <c> </c>
         <w xml:id="o4784-398200"
            n="262-a-0890"
            ecep:lem="the"
            ecep:pos="dt"
            ecep:reg="the"
            ecep:spe="the"
            ecep:syllab="1"
            ecep:pron="ðiː">the</w>
         <c> </c>
         <w xml:id="o4784-398210"
            n="262-a-0900"
            ecep:lem="forest"
            ecep:pos="n1"
            ecep:reg="Forest"
            ecep:spe="Forest"
            ecep:syllab="2"
            ecep:pron="ˈfɒrɪst">Forest</w>
         <c> </c>
         <w xml:id="o4784-398220"
            n="262-a-0910"
            ecep:lem="else"
            ecep:pos="av"
            ecep:reg="else"
            ecep:spe="else"
            ecep:syllab="1"
            ecep:pron="els">else</w>
         <c> </c>
         <w xml:id="o4784-398230"
            n="262-a-0920"
            ecep:lem="do"
            ecep:pos="vdd"
            ecep:reg="did"
            ecep:spe="did"
            ecep:syllab="1"
            ecep:pron="dɪd">did</w>
         <c> </c>
         <w xml:id="o4784-398240"
            n="262-a-0930"
            ecep:lem="feed"
            ecep:pos="vvi"
            ecep:reg="feed"
            ecep:spe="feed"
            ecep:syllab="1"
            ecep:pron="fiːd">feed</w>
         <pc xml:id="o4784-398250"
             n="262-a-0940"
             ecep:lem=","
             ecep:pos=","
             ecep:reg=","
             ecep:spe=",">,</pc>
      </l>
      <l xml:id="o4784-l21485">
         <c> </c>
         <w xml:id="o4784-398260"
            n="262-a-0950"
            ecep:lem="as"
            ecep:pos="c-acp"
            ecep:reg="As"
            ecep:spe="As"
            ecep:syllab="1"
            ecep:pron="æz">As</w>
         <c> </c>
         <w xml:id="o4784-398270"
            n="262-a-0960"
            ecep:lem="creature"
            ecep:pos="n2"
            ecep:reg="Creatures"
            ecep:spe="Creatures"
            ecep:syllab="2"
            ecep:pron="ˈkriːtʃəz">Creatures</w>
         <c> </c>
         <w xml:id="o4784-398280"
            n="262-a-0970"
            ecep:lem="of"
            ecep:pos="pp-f"
            ecep:reg="of"
            ecep:spe="of"
            ecep:syllab="1"
            ecep:pron="ɒv">of</w>
         <c> </c>
         <w xml:id="o4784-398290"
            n="262-a-0980"
            ecep:lem="a"
            ecep:pos="dt"
            ecep:reg="an"
            ecep:spe="an"
            ecep:syllab="1"
            ecep:pron="æn">an</w>
         <c> </c>
         <w xml:id="o4784-398300"
            n="262-a-0990"
            ecep:lem="abject"
            ecep:pos="j"
            ecep:reg="abject"
            ecep:spe="abject"
            ecep:syllab="2"
            ecep:pron="ˈæbdʒekt">abject</w>
         <c> </c>
         <w xml:id="o4784-398310"
            n="262-a-1000"
            ecep:lem="breed"
            ecep:pos="n1"
            ecep:reg="Breed"
            ecep:spe="Breed"
            ecep:syllab="1"
            ecep:pron="briːd">Breed</w>
         <pc xml:id="o4784-398320"
             n="262-a-1010"
             ecep:lem=","
             ecep:pos=","
             ecep:reg=","
             ecep:spe=",">,</pc>
      </l>
      <l xml:id="o4784-l21490">
         <c> </c>
         <w xml:id="o4784-398330"
            n="262-a-1020"
            ecep:lem="who"
            ecep:pos="q-crq"
            ecep:reg="Who"
            ecep:spe="Who"
            ecep:syllab="1"
            ecep:pron="huː">Who</w>
         <c> </c>
         <w xml:id="o4784-398340"
            n="262-a-1030"
            ecep:lem="dare"
            ecep:pos="vvd"
            ecep:reg="durst"
            ecep:spe="durst"
            ecep:syllab="1"
            ecep:pron="dɜːst">durst</w>
         <c> </c>
         <w xml:id="o4784-398350"
            n="262-a-1040"
            ecep:lem="not"
            ecep:pos="xx"
            ecep:reg="not"
            ecep:spe="not"
            ecep:syllab="1"
            ecep:pron="nɒt">not</w>
         <c> </c>
         <w xml:id="o4784-398360"
            n="262-a-1050"
            ecep:lem="he"
            ecep:pos="pno31"
            ecep:reg="him"
            ecep:spe="him"
            ecep:syllab="1"
            ecep:pron="hɪm">him</w>
         <c> </c>
         <w xml:id="o4784-398370"
            n="262-a-1060"
            ecep:lem="molest"
            ecep:pos="vvi"
            ecep:reg="molest"
            ecep:spe="molest"
            ecep:syllab="2"
            ecep:pron="məˈlest">molest</w>
         <pc xml:id="o4784-398380"
             n="262-a-1070"
             unit="sentence"
             ecep:lem="."
             ecep:pos="."
             ecep:reg="."
             ecep:spe=".">.</pc>
         <c> </c>
      </l>
   </lg>
   <pb facs="263" n="255" rend="none"/>
   <lg xml:id="o4784-s01450">
      <l xml:id="o4784-l21495">
         <w xml:id="o4784-398410"
            n="263-a-0010"
            ecep:lem="but"
            ecep:pos="p-acp"
            ecep:reg="But"
            ecep:spe="But"
            ecep:syllab="1"
            ecep:pron="bʌt">But</w>
         <c> </c>
         <w xml:id="o4784-398420"
            n="263-a-0020"
            ecep:lem="in"
            ecep:pos="p-acp"
            ecep:reg="in"
            ecep:spe="in"
            ecep:syllab="1"
            ecep:pron="ɪn">in</w>
         <c> </c>
         <w xml:id="o4784-398430"
            n="263-a-0030"
            ecep:lem="the"
            ecep:pos="dt"
            ecep:reg="the"
            ecep:spe="the"
            ecep:syllab="1"
            ecep:pron="ðiː">the</w>
         <c> </c>
         <w xml:id="o4784-398440"
            n="263-a-0040"
            ecep:lem="air"
            ecep:pos="n1"
            ecep:reg="Air"
            ecep:spe="Air"
            ecep:syllab="1"
            ecep:pron="eə">Air</w>
         <c> </c>
         <w xml:id="o4784-398450"
            n="263-a-0050"
            ecep:lem="a"
            ecep:pos="dt"
            ecep:reg="a"
            ecep:spe="a"
            ecep:syllab="1"
            ecep:pron="ə">a</w>
         <c> </c>
         <w xml:id="o4784-398460"
            n="263-a-0060"
            ecep:lem="sound"
            ecep:pos="n1"
            ecep:reg="Sound"
            ecep:spe="Sound"
            ecep:syllab="1"
            ecep:pron="saʊnd">Sound</w>
         <c> </c>
         <w xml:id="o4784-398470"
            n="263-a-0070"
            ecep:lem="he"
            ecep:pos="pns31"
            ecep:reg="he"
            ecep:spe="he"
            ecep:syllab="1"
            ecep:pron="hiː">he</w>
         <c> </c>
         <w xml:id="o4784-398480"
            n="263-a-0080"
            ecep:lem="hear"
            ecep:pos="vvd"
            ecep:reg="heard"
            ecep:spe="heard"
            ecep:syllab="1"
            ecep:pron="hɜːd">heard</w>
         <pc xml:id="o4784-398490"
             n="263-a-0090"
             ecep:lem=","
             ecep:pos=","
             ecep:reg=","
             ecep:spe=",">,</pc>
      </l>
      <l xml:id="o4784-l21500">
         <c> </c>
         <w xml:id="o4784-398500"
            n="263-a-0100"
            ecep:lem="that"
            ecep:pos="cst"
            ecep:reg="That"
            ecep:spe="That"
            ecep:syllab="1"
            ecep:pron="ðæt">That</w>
         <c> </c>
         <w xml:id="o4784-398510"
            n="263-a-0110"
            ecep:lem="give"
            ecep:pos="vvd"
            ecep:reg="gave"
            ecep:spe="gave"
            ecep:syllab="1"
            ecep:pron="geɪv">gave</w>
         <c> </c>
         <w xml:id="o4784-398520"
            n="263-a-0120"
            ecep:lem="he"
            ecep:pos="pno31"
            ecep:reg="him"
            ecep:spe="him"
            ecep:syllab="1"
            ecep:pron="hɪm">him</w>
         <c> </c>
         <w xml:id="o4784-398530"
            n="263-a-0130"
            ecep:lem="some"
            ecep:pos="d"
            ecep:reg="some"
            ecep:spe="some"
            ecep:syllab="1"
            ecep:pron="sʌm">some</w>
         <c> </c>
         <w xml:id="o4784-398540"
            n="263-a-0140"
            ecep:lem="dislike"
            ecep:pos="n1"
            ecep:reg="dislike"
            ecep:spe="dislike"
            ecep:syllab="2"
            ecep:pron="dɪˈslaɪk">dislike</w>
         <pc xml:id="o4784-398550"
             n="263-a-0150"
             ecep:lem=";"
             ecep:pos=";"
             ecep:reg=";"
             ecep:spe=";">;</pc>
      </l>
      <l xml:id="o4784-l21505">
         <c> </c>
         <w xml:id="o4784-398560"
            n="263-a-0160"
            ecep:lem="at"
            ecep:pos="p-acp"
            ecep:reg="At"
            ecep:spe="At"
            ecep:syllab="1"
            ecep:pron="æt">At</w>
         <c> </c>
         <w xml:id="o4784-398570"
            n="263-a-0170"
            ecep:lem="which"
            ecep:pos="r-crq"
            ecep:reg="which"
            ecep:spe="which"
            ecep:syllab="1"
            ecep:pron="wɪtʃ">which</w>
         <c> </c>
         <w xml:id="o4784-398580"
            n="263-a-0180"
            ecep:lem="he"
            ecep:pos="pns31"
            ecep:reg="he"
            ecep:spe="he"
            ecep:syllab="1"
            ecep:pron="hiː">he</w>
         <c> </c>
         <w xml:id="o4784-398590"
            n="263-a-0190"
            ecep:lem="shake"
            ecep:pos="vvd"
            ecep:reg="shook"
            ecep:spe="shook"
            ecep:syllab="1"
            ecep:pron="ʃʊk">shook</w>
         <c> </c>
         <w xml:id="o4784-398600"
            n="263-a-0200"
            ecep:lem="his"
            ecep:pos="po31"
            ecep:reg="his"
            ecep:spe="his"
            ecep:syllab="1"
            ecep:pron="hɪz">his</w>
         <c> </c>
         <w xml:id="o4784-398610"
            n="263-a-0210"
            ecep:lem="grisly"
            ecep:pos="j"
            ecep:reg="grisly"
            ecep:spe="grisly"
            ecep:syllab="2"
            ecep:pron="ˈgrɪzli">grisly</w>
         <c> </c>
         <w xml:id="o4784-398620"
            n="263-a-0220"
            ecep:lem="beard"
            ecep:pos="n1"
            ecep:reg="Beard"
            ecep:spe="Beard"
            ecep:syllab="1"
            ecep:pron="bɪəd">Beard</w>
         <pc xml:id="o4784-398630"
             n="263-a-0230"
             ecep:lem=","
             ecep:pos=","
             ecep:reg=","
             ecep:spe=",">,</pc>
      </l>
      <l xml:id="o4784-l21510">
         <c> </c>
         <w xml:id="o4784-398640"
            n="263-a-0240"
            ecep:lem="enough"
            ecep:pos="av-d"
            ecep:reg="Enough"
            ecep:spe="Enough"
            ecep:syllab="2"
            ecep:pron="ɪˈnʌf">Enough</w>
         <c> </c>
         <w xml:id="o4784-398650"
            n="263-a-0250"
            ecep:lem="to"
            ecep:pos="pc-acp"
            ecep:reg="to"
            ecep:spe="to"
            ecep:syllab="1"
            ecep:pron="tuː">to</w>
         <c> </c>
         <w xml:id="o4784-398660"
            n="263-a-0260"
            ecep:lem="make"
            ecep:pos="vvi"
            ecep:reg="make"
            ecep:spe="make"
            ecep:syllab="1"
            ecep:pron="meɪk">make</w>
         <c> </c>
         <w xml:id="o4784-398670"
            n="263-a-0270"
            ecep:lem="the"
            ecep:pos="dt"
            ecep:reg="the"
            ecep:spe="the"
            ecep:syllab="1"
            ecep:pron="ðiː">the</w>
         <c> </c>
         <w xml:id="o4784-398680"
            n="263-a-0280"
            ecep:lem="wood"
            ecep:pos="n2"
            ecep:reg="Woods"
            ecep:spe="Woods"
            ecep:syllab="1"
            ecep:pron="wʊdz">Woods</w>
         <c> </c>
         <w xml:id="o4784-398690"
            n="263-a-0290"
            ecep:lem="afeard"
            ecep:pos="j"
            ecep:reg="afeard"
            ecep:spe="affeard"
            ecep:syllab="2"
            ecep:pron="ʌfˈiəd">affeard</w>
         <pc xml:id="o4784-398700"
             n="263-a-0300"
             ecep:lem=","
             ecep:pos=","
             ecep:reg=","
             ecep:spe=",">,</pc>
      </l>
      <l xml:id="o4784-l21515">
         <c> </c>
         <w xml:id="o4784-398710"
            n="263-a-0310"
            ecep:lem="and"
            ecep:pos="cc"
            ecep:reg="And"
            ecep:spe="And"
            ecep:syllab="1"
            ecep:pron="ænd">And</w>
         <c> </c>
         <w xml:id="o4784-398720"
            n="263-a-0320"
            ecep:lem="stretch"
            ecep:pos="vvd"
            ecep:reg="stretched"
            ecep:spe="stretch'd"
            ecep:syllab="1"
            ecep:pron="stretʃt">stretch'd</w>
         <c> </c>
         <w xml:id="o4784-398730"
            n="263-a-0330"
            ecep:lem="his"
            ecep:pos="po31"
            ecep:reg="his"
            ecep:spe="his"
            ecep:syllab="1"
            ecep:pron="hɪz">his</w>
         <c> </c>
         <w xml:id="o4784-398740"
            n="263-a-0340"
            ecep:lem="paw"
            ecep:pos="n1"
            ecep:reg="Paw"
            ecep:spe="Paw"
            ecep:syllab="1"
            ecep:pron="pɔː">Paw</w>
         <c> </c>
         <w xml:id="o4784-398750"
            n="263-a-0350"
            ecep:lem="to"
            ecep:pos="pc-acp"
            ecep:reg="to"
            ecep:spe="to"
            ecep:syllab="1"
            ecep:pron="tuː">to</w>
         <c> </c>
         <w xml:id="o4784-398760"
            n="263-a-0360"
            ecep:lem="strike"
            ecep:pos="vvi"
            ecep:reg="strike"
            ecep:spe="strike"
            ecep:syllab="1"
            ecep:pron="straɪk">strike</w>
         <pc xml:id="o4784-398770"
             n="263-a-0370"
             unit="sentence"
             ecep:lem="."
             ecep:pos="."
             ecep:reg="."
             ecep:spe=".">.</pc>
         <c> </c>
      </l>
   </lg>
   <lg xml:id="o4784-s01455">
      <l xml:id="o4784-l21520">
         <w xml:id="o4784-398800"
            n="263-a-0380"
            ecep:lem="when"
            ecep:pos="c-crq"
            ecep:reg="When"
            ecep:spe="When"
            ecep:syllab="1"
            ecep:pron="wen">When</w>
         <c> </c>
         <w xml:id="o4784-398810"
            n="263-a-0390"
            ecep:lem="on"
            ecep:pos="p-acp"
            ecep:reg="on"
            ecep:spe="on"
            ecep:syllab="1"
            ecep:pron="ɒn">on</w>
         <c> </c>
         <w xml:id="o4784-398820"
            n="263-a-0400"
            ecep:lem="his"
            ecep:pos="po31"
            ecep:reg="his"
            ecep:spe="his"
            ecep:syllab="1"
            ecep:pron="hɪz">his</w>
         <c> </c>
         <w xml:id="o4784-398830"
            n="263-a-0410"
            ecep:lem="lift"
            ecep:pos="j-vvn"
            ecep:reg="lifted"
            ecep:spe="lifted"
            ecep:syllab="2"
            ecep:pron="lɪftɪd">lifted</w>
         <c> </c>
         <w xml:id="o4784-398840"
            n="263-a-0420"
            ecep:lem="nose"
            ecep:pos="n1"
            ecep:reg="Nose"
            ecep:spe="Nose"
            ecep:syllab="1"
            ecep:pron="nəʊz">Nose</w>
         <c> </c>
         <w xml:id="o4784-398850"
            n="263-a-0430"
            ecep:lem="there"
            ecep:pos="a-acp"
            ecep:reg="there"
            ecep:spe="there"
            ecep:syllab="1"
            ecep:pron="ðeə">there</w>
         <c> </c>
         <w xml:id="o4784-398860"
            n="263-a-0440"
            ecep:lem="fall"
            ecep:pos="vvd"
            ecep:reg="fell"
            ecep:spe="fell"
            ecep:syllab="1"
            ecep:pron="fel">fell</w>
      </l>
      <l xml:id="o4784-l21525">
         <c> </c>
         <w xml:id="o4784-398870"
            n="263-a-0450"
            ecep:lem="a"
            ecep:pos="dt"
            ecep:reg="A"
            ecep:spe="A"
            ecep:syllab="1"
            ecep:pron="ə">A</w>
         <c> </c>
         <w xml:id="o4784-398880"
            n="263-a-0460"
            ecep:lem="creature"
            ecep:pos="n1"
            ecep:reg="Creature"
            ecep:spe="Creature"
            ecep:syllab="2"
            ecep:pron="ˈkriːtʃə">Creature</w>
         <pc xml:id="o4784-398890"
             n="263-a-0470"
             ecep:lem=","
             ecep:pos=","
             ecep:reg=","
             ecep:spe=",">,</pc>
         <c> </c>
         <w xml:id="o4784-398900"
            n="263-a-0480"
            ecep:lem="slight"
            ecep:pos="j"
            ecep:reg="slight"
            ecep:spe="slight"
            ecep:syllab="1"
            ecep:pron="slaɪt">slight</w>
         <c> </c>
         <w xml:id="o4784-398910"
            n="263-a-0490"
            ecep:lem="of"
            ecep:pos="pp-f"
            ecep:reg="of"
            ecep:spe="of"
            ecep:syllab="1"
            ecep:pron="ɒv">of</w>
         <c> </c>
         <w xml:id="o4784-398920"
            n="263-a-0500"
            ecep:lem="wing"
            ecep:pos="n1"
            ecep:reg="Wing"
            ecep:spe="Wing"
            ecep:syllab="1"
            ecep:pron="wɪŋ">Wing</w>
         <pc xml:id="o4784-398930"
             n="263-a-0510"
             ecep:lem=","
             ecep:pos=","
             ecep:reg=","
             ecep:spe=",">,</pc>
      </l>
      <l xml:id="o4784-l21530">
         <c> </c>
         <w xml:id="o4784-398940"
            n="263-a-0520"
            ecep:lem="who"
            ecep:pos="r-crq"
            ecep:reg="Who"
            ecep:spe="Who"
            ecep:syllab="1"
            ecep:pron="huː">Who</w>
         <c> </c>
         <w xml:id="o4784-398950"
            n="263-a-0530"
            ecep:lem="neither"
            ecep:pos="av-dx"
            ecep:reg="neither"
            ecep:spe="neither"
            ecep:syllab="2"
            ecep:pron="ˈnaɪðə">neither</w>
         <c> </c>
         <w xml:id="o4784-398960"
            n="263-a-0540"
            ecep:lem="fear"
            ecep:pos="vvd"
            ecep:reg="feared"
            ecep:spe="fear'd"
            ecep:syllab="1"
            ecep:pron="fɪəd">fear'd</w>
         <c> </c>
         <w xml:id="o4784-398970"
            n="263-a-0550"
            ecep:lem="his"
            ecep:pos="po31"
            ecep:reg="his"
            ecep:spe="his"
            ecep:syllab="1"
            ecep:pron="hɪz">his</w>
         <c> </c>
         <w xml:id="o4784-398980"
            n="263-a-0560"
            ecep:lem="grin"
            ecep:pos="vvi"
            ecep:reg="Grin"
            ecep:spe="Grin"
            ecep:syllab="1"
            ecep:pron="grɪn">Grin</w>
         <pc xml:id="o4784-398990"
             n="263-a-0570"
             ecep:lem=","
             ecep:pos=","
             ecep:reg=","
             ecep:spe=",">,</pc>
         <c> </c>
         <w xml:id="o4784-399000"
            n="263-a-0580"
            ecep:lem="nor"
            ecep:pos="ccx"
            ecep:reg="nor"
            ecep:spe="nor"
            ecep:syllab="1"
            ecep:pron="nɔː">nor</w>
         <c> </c>
         <w xml:id="o4784-399010"
            n="263-a-0590"
            ecep:lem="yell"
            ecep:pos="n1"
            ecep:reg="Yell"
            ecep:spe="Yell"
            ecep:syllab="1"
            ecep:pron="jel">Yell</w>
         <pc xml:id="o4784-399020"
             n="263-a-0600"
             ecep:lem=","
             ecep:pos=","
             ecep:reg=","
             ecep:spe=",">,</pc>
      </l>
      <l xml:id="o4784-l21535">
         <c> </c>
         <w xml:id="o4784-399030"
            n="263-a-0610"
            ecep:lem="nor"
            ecep:pos="ccx"
            ecep:reg="Nor"
            ecep:spe="Nor"
            ecep:syllab="1"
            ecep:pron="nɔː">Nor</w>
         <c> </c>
         <w xml:id="o4784-399040"
            n="263-a-0620"
            ecep:lem="strength"
            ecep:pos="n1"
            ecep:reg="Strength"
            ecep:spe="Strength"
            ecep:syllab="1"
            ecep:pron="streŋθ">Strength</w>
         <pc xml:id="o4784-399050"
             n="263-a-0630"
             ecep:lem=","
             ecep:pos=","
             ecep:reg=","
             ecep:spe=",">,</pc>
         <c> </c>
         <w xml:id="o4784-399060"
            n="263-a-0640"
            ecep:lem="that"
            ecep:pos="cst"
            ecep:reg="that"
            ecep:spe="that"
            ecep:syllab="1"
            ecep:pron="ðæt">that</w>
         <c> </c>
         <w xml:id="o4784-399070"
            n="263-a-0650"
            ecep:lem="in"
            ecep:pos="p-acp"
            ecep:reg="in"
            ecep:spe="in"
            ecep:syllab="1"
            ecep:pron="ɪn">in</w>
         <c> </c>
         <w xml:id="o4784-399080"
            n="263-a-0660"
            ecep:lem="his"
            ecep:pos="po31"
            ecep:reg="his"
            ecep:spe="his"
            ecep:syllab="1"
            ecep:pron="hɪz">his</w>
         <c> </c>
         <w xml:id="o4784-399090"
            n="263-a-0670"
            ecep:lem="jaw"
            ecep:pos="n2"
            ecep:reg="Jaws"
            ecep:spe="Jaws"
            ecep:syllab="1"
            ecep:pron="dʒɔːz">Jaws</w>
         <c> </c>
         <w xml:id="o4784-399100"
            n="263-a-0680"
            ecep:lem="do"
            ecep:pos="vdd"
            ecep:reg="did"
            ecep:spe="did"
            ecep:syllab="1"
            ecep:pron="dɪd">did</w>
         <c> </c>
         <w xml:id="o4784-399110"
            n="263-a-0690"
            ecep:lem="dwell"
            ecep:pos="vvi"
            ecep:reg="dwell"
            ecep:spe="dwell"
            ecep:syllab="1"
            ecep:pron="dwel">dwell</w>
         <pc xml:id="o4784-399120"
             n="263-a-0700"
             ecep:lem=","
             ecep:pos=","
             ecep:reg=","
             ecep:spe=",">,</pc>
      </l>
      <l xml:id="o4784-l21540">
         <c> </c>
         <w xml:id="o4784-399130"
            n="263-a-0710"
            ecep:lem="but"
            ecep:pos="cc-acp"
            ecep:reg="But"
            ecep:spe="But"
            ecep:syllab="1"
            ecep:pron="bʌt">But</w>
         <c> </c>
         <w xml:id="o4784-399140"
            n="263-a-0720"
            ecep:lem="gore"
            ecep:pos="vvz"
            ecep:reg="gores"
            ecep:spe="gores"
            ecep:syllab="1"
            ecep:pron="gɔːz">gores</w>
         <c> </c>
         <w xml:id="o4784-399150"
            n="263-a-0730"
            ecep:lem="he"
            ecep:pos="pno31"
            ecep:reg="him"
            ecep:spe="him"
            ecep:syllab="1"
            ecep:pron="hɪm">him</w>
         <c> </c>
         <w xml:id="o4784-399160"
            n="263-a-0740"
            ecep:lem="with"
            ecep:pos="p-acp"
            ecep:reg="with"
            ecep:spe="with"
            ecep:syllab="1"
            ecep:pron="wɪð">with</w>
         <c> </c>
         <w xml:id="o4784-399170"
            n="263-a-0750"
            ecep:lem="her"
            ecep:pos="po31"
            ecep:reg="her"
            ecep:spe="her"
            ecep:syllab="1"
            ecep:pron="hɜː">her</w>
         <c> </c>
         <w xml:id="o4784-399180"
            n="263-a-0760"
            ecep:lem="sting"
            ecep:pos="n1"
            ecep:reg="Sting"
            ecep:spe="Sting"
            ecep:syllab="1"
            ecep:pron="stɪŋ">Sting</w>
         <pc xml:id="o4784-399190"
             n="263-a-0770"
             unit="sentence"
             ecep:lem="."
             ecep:pos="."
             ecep:reg="."
             ecep:spe=".">.</pc>
         <c> </c>
      </l>
   </lg>
   <lg xml:id="o4784-s01460">
      <l xml:id="o4784-l21545">
         <w xml:id="o4784-399220"
            n="263-a-0780"
            ecep:lem="transport"
            ecep:pos="vvn"
            ecep:reg="Transported"
            ecep:spe="Transported"
            ecep:syllab="3"
            ecep:pron="trænˈspɔːtɪd">Transported</w>
         <c> </c>
         <w xml:id="o4784-399230"
            n="263-a-0790"
            ecep:lem="with"
            ecep:pos="p-acp"
            ecep:reg="with"
            ecep:spe="with"
            ecep:syllab="1"
            ecep:pron="wɪð">with</w>
         <c> </c>
         <w xml:id="o4784-399240"
            n="263-a-0800"
            ecep:lem="the"
            ecep:pos="dt"
            ecep:reg="the"
            ecep:spe="th'"
            ecep:syllab="0"
            ecep:pron="ð">th'</w>
         <c> </c>
         <w xml:id="o4784-399250"
            n="263-a-0810"
            ecep:lem="affront"
            ecep:pos="n1"
            ecep:reg="Affront"
            ecep:spe="Affront"
            ecep:syllab="2"
            ecep:pron="əˈfrʌnt">Affront</w>
         <c> </c>
         <w xml:id="o4784-399260"
            n="263-a-0820"
            ecep:lem="and"
            ecep:pos="cc"
            ecep:reg="and"
            ecep:spe="and"
            ecep:syllab="1"
            ecep:pron="ænd">and</w>
         <c> </c>
         <w xml:id="o4784-399270"
            n="263-a-0830"
            ecep:lem="pain"
            ecep:pos="n1"
            ecep:reg="Pain"
            ecep:spe="Pain"
            ecep:syllab="1"
            ecep:pron="peɪn">Pain</w>
         <pc xml:id="o4784-399280"
             n="263-a-0840"
             ecep:lem=","
             ecep:pos=","
             ecep:reg=","
             ecep:spe=",">,</pc>
      </l>
      <l xml:id="o4784-l21550">
         <c> </c>
         <w xml:id="o4784-399290"
            n="263-a-0850"
            ecep:lem="he"
            ecep:pos="pns31"
            ecep:reg="He"
            ecep:spe="He"
            ecep:syllab="1"
            ecep:pron="hiː">He</w>
         <c> </c>
         <w xml:id="o4784-399300"
            n="263-a-0860"
            ecep:lem="terrible"
            ecep:pos="av-j"
            ecep:reg="terribly"
            ecep:spe="terribly"
            ecep:syllab="3"
            ecep:pron="ˈterəbli">terribly</w>
         <c> </c>
         <w xml:id="o4784-399310"
            n="263-a-0870"
            ecep:lem="exclaim"
            ecep:pos="vvz"
            ecep:reg="exclaims"
            ecep:spe="exclaims"
            ecep:syllab="2"
            ecep:pron="ɪksˈkleɪmz">exclaims</w>
         <pc xml:id="o4784-399320"
             n="263-a-0880"
             ecep:lem=","
             ecep:pos=","
             ecep:reg=","
             ecep:spe=",">,</pc>
      </l>
      <l xml:id="o4784-l21555">
         <c> </c>
         <w xml:id="o4784-399330"
            n="263-a-0890"
            ecep:lem="protest"
            ecep:pos="vvg"
            ecep:reg="Protesting"
            ecep:spe="Protesting"
            ecep:syllab="3"
            ecep:pron="prəˈtestɪŋ">Protesting</w>
         <pc xml:id="o4784-399340"
             n="263-a-0900"
             ecep:lem=","
             ecep:pos=","
             ecep:reg=","
             ecep:spe=",">,</pc>
         <c> </c>
         <w xml:id="o4784-399350"
            n="263-a-0910"
            ecep:lem="if"
            ecep:pos="cs"
            ecep:reg="if"
            ecep:spe="if"
            ecep:syllab="1"
            ecep:pron="ɪf">if</w>
         <c> </c>
         <w xml:id="o4784-399360"
            n="263-a-0920"
            ecep:lem="it"
            ecep:pos="pn31"
            ecep:reg="it"
            ecep:spe="it"
            ecep:syllab="1"
            ecep:pron="ɪt">it</w>
         <c> </c>
         <w xml:id="o4784-399370"
            n="263-a-0930"
            ecep:lem="come"
            ecep:pos="vvz"
            ecep:reg="comes"
            ecep:spe="comes"
            ecep:syllab="1"
            ecep:pron="kʌmz">comes</w>
         <c> </c>
         <w xml:id="o4784-399380"
            n="263-a-0940"
            ecep:lem="again"
            ecep:pos="av"
            ecep:reg="again"
            ecep:spe="again"
            ecep:syllab="2"
            ecep:pron="əˈgen">again</w>
         <pc xml:id="o4784-399390"
             n="263-a-0950"
             ecep:lem=","
             ecep:pos=","
             ecep:reg=","
             ecep:spe=",">,</pc>
      </l>
      <l xml:id="o4784-l21560">
         <c> </c>
         <w xml:id="o4784-399400"
            n="263-a-0960"
            ecep:lem="its"
            ecep:pos="po31"
            ecep:reg="Its"
            ecep:spe="Its"
            ecep:syllab="1"
            ecep:pron="ɪts">Its</w>
         <c> </c>
         <w xml:id="o4784-399410"
            n="263-a-0970"
            ecep:lem="guilty"
            ecep:pos="j"
            ecep:reg="guilty"
            ecep:spe="guilty"
            ecep:syllab="2"
            ecep:pron="ˈgɪlti">guilty</w>
         <c> </c>
         <w xml:id="o4784-399420"
            n="263-a-0980"
            ecep:lem="blood"
            ecep:pos="n1"
            ecep:reg="Blood"
            ecep:spe="Blood"
            ecep:syllab="1"
            ecep:pron="blʌd">Blood</w>
         <c> </c>
         <w xml:id="o4784-399430"
            n="263-a-0990"
            ecep:lem="the"
            ecep:pos="dt"
            ecep:reg="the"
            ecep:spe="the"
            ecep:syllab="1"
            ecep:pron="ðiː">the</w>
         <c> </c>
         <w xml:id="o4784-399440"
            n="263-a-1000"
            ecep:lem="grass"
            ecep:pos="n1"
            ecep:reg="Grass"
            ecep:spe="Grass"
            ecep:syllab="1"
            ecep:pron="grɑːs">Grass</w>
         <c> </c>
         <w xml:id="o4784-399450"
            n="263-a-1010"
            ecep:lem="shall"
            ecep:pos="vmb"
            ecep:reg="shall"
            ecep:spe="shall"
            ecep:syllab="1"
            ecep:pron="ʃæl">shall</w>
         <c> </c>
         <w xml:id="o4784-399460"
            n="263-a-1020"
            ecep:lem="stain"
            ecep:pos="vvi"
            ecep:reg="stain"
            ecep:spe="stain"
            ecep:syllab="1"
            ecep:pron="steɪn">stain</w>
         <pc xml:id="o4784-399470"
             n="263-a-1030"
             ecep:lem=","
             ecep:pos=","
             ecep:reg=","
             ecep:spe=",">,</pc>
      </l>
      <l xml:id="o4784-l21565">
         <c> </c>
         <w xml:id="o4784-399480"
            n="263-a-1040"
            ecep:lem="and"
            ecep:pos="cc"
            ecep:reg="And"
            ecep:spe="And"
            ecep:syllab="1"
            ecep:pron="ænd">And</w>
         <c> </c>
         <w xml:id="o4784-399490"
            n="263-a-1050"
            ecep:lem="to"
            ecep:pos="pc-acp"
            ecep:reg="to"
            ecep:spe="to"
            ecep:syllab="1"
            ecep:pron="tuː">to</w>
         <c> </c>
         <w xml:id="o4784-399500"
            n="263-a-1060"
            ecep:lem="surprise"
            ecep:pos="vvi"
            ecep:reg="surprise"
            ecep:spe="surprize"
            ecep:syllab="2"
            ecep:pron="səˈpraɪz">surprize</w>
         <c> </c>
         <w xml:id="o4784-399510"
            n="263-a-1070"
            ecep:lem="it"
            ecep:pos="pn31"
            ecep:reg="it"
            ecep:spe="it"
            ecep:syllab="1"
            ecep:pron="ɪt">it</w>
         <c> </c>
         <w xml:id="o4784-399520"
            n="263-a-1080"
            ecep:lem="aim"
            ecep:pos="n2"
            ecep:reg="aims"
            ecep:spe="aims"
            ecep:syllab="1"
            ecep:pron="eɪmz">aims</w>
         <pc xml:id="o4784-399530"
             n="263-a-1090"
             unit="sentence"
             ecep:lem="."
             ecep:pos="."
             ecep:reg="."
             ecep:spe=".">.</pc>
         <c> </c>
      </l>
   </lg>
   <pb facs="264" n="256" rend="none"/>
   <lg xml:id="o4784-s01465">
      <l xml:id="o4784-l21570">
         <w xml:id="o4784-399560"
            n="264-a-0010"
            ecep:lem="the"
            ecep:pos="dt"
            ecep:reg="The"
            ecep:spe="The"
            ecep:syllab="1"
            ecep:pron="ðiː">The</w>
         <c> </c>
         <w xml:id="o4784-399570"
            n="264-a-0020"
            ecep:lem="scoff"
            ecep:pos="j-vvg"
            ecep:reg="scoffing"
            ecep:spe="scoffing"
            ecep:syllab="2"
            ecep:pron="skɒfɪŋ">scoffing</w>
         <c> </c>
         <hi>
            <w xml:id="o4784-399580"
               n="264-a-0030"
               ecep:lem="gnat"
               ecep:pos="n1"
               ecep:reg="Gnat"
               ecep:spe="Gnat"
               ecep:syllab="1"
               ecep:pron="næt">Gnat</w>
         </hi>
         <c> </c>
         <w xml:id="o4784-399590"
            n="264-a-0040"
            ecep:lem="now"
            ecep:pos="av"
            ecep:reg="now"
            ecep:spe="now"
            ecep:syllab="1"
            ecep:pron="naʊ">now</w>
         <c> </c>
         <w xml:id="o4784-399600"
            n="264-a-0050"
            ecep:lem="laugh"
            ecep:pos="vvn"
            ecep:reg="laughed"
            ecep:spe="laugh'd"
            ecep:syllab="1"
            ecep:pron="lɑːft">laugh'd</w>
         <c> </c>
         <w xml:id="o4784-399610"
            n="264-a-0060"
            ecep:lem="aloud"
            ecep:pos="av"
            ecep:reg="aloud"
            ecep:spe="aloud"
            ecep:syllab="2"
            ecep:pron="əˈlaʊd">aloud</w>
         <pc xml:id="o4784-399620"
             n="264-a-0070"
             ecep:lem=","
             ecep:pos=","
             ecep:reg=","
             ecep:spe=",">,</pc>
      </l>
      <l xml:id="o4784-l21575">
         <c> </c>
         <w xml:id="o4784-399630"
            n="264-a-0080"
            ecep:lem="and"
            ecep:pos="cc"
            ecep:reg="And"
            ecep:spe="And"
            ecep:syllab="1"
            ecep:pron="ænd">And</w>
         <c> </c>
         <w xml:id="o4784-399640"
            n="264-a-0090"
            ecep:lem="bid"
            ecep:pos="vvz"
            ecep:reg="bids"
            ecep:spe="bids"
            ecep:syllab="1"
            ecep:pron="bɪdz">bids</w>
         <c> </c>
         <w xml:id="o4784-399650"
            n="264-a-0100"
            ecep:lem="he"
            ecep:pos="pno31"
            ecep:reg="him"
            ecep:spe="him"
            ecep:syllab="1"
            ecep:pron="hɪm">him</w>
         <c> </c>
         <w xml:id="o4784-399660"
            n="264-a-0110"
            ecep:lem="upward"
            ecep:pos="av-j"
            ecep:reg="upwards"
            ecep:spe="upwards"
            ecep:syllab="2"
            ecep:pron="ˈʌpwədz">upwards</w>
         <c> </c>
         <w xml:id="o4784-399670"
            n="264-a-0120"
            ecep:lem="view"
            ecep:pos="vvi"
            ecep:reg="view"
            ecep:spe="view"
            ecep:syllab="1"
            ecep:pron="vjuː">view</w>
      </l>
      <l xml:id="o4784-l21580">
         <c> </c>
         <w xml:id="o4784-399680"
            n="264-a-0130"
            ecep:lem="the"
            ecep:pos="dt"
            ecep:reg="The"
            ecep:spe="The"
            ecep:syllab="1"
            ecep:pron="ðiː">The</w>
         <c> </c>
         <hi>
            <w xml:id="o4784-399690"
               n="264-a-0140"
               ecep:lem="Jupiter"
               ecep:pos="np1"
               ecep:reg="Jupiter"
               ecep:spe="Jupiter"
               ecep:syllab="3"
               ecep:pron="ˈdʒuːpɪtə">Jupiter</w>
         </hi>
         <c> </c>
         <w xml:id="o4784-399700"
            n="264-a-0150"
            ecep:lem="within"
            ecep:pos="p-acp"
            ecep:reg="within"
            ecep:spe="within"
            ecep:syllab="2"
            ecep:pron="wɪˈðɪn">within</w>
         <c> </c>
         <w xml:id="o4784-399710"
            n="264-a-0160"
            ecep:lem="the"
            ecep:pos="dt"
            ecep:reg="the"
            ecep:spe="the"
            ecep:syllab="1"
            ecep:pron="ðiː">the</w>
         <c> </c>
         <w xml:id="o4784-399720"
            n="264-a-0170"
            ecep:lem="cloud"
            ecep:pos="n1"
            ecep:reg="Cloud"
            ecep:spe="Cloud"
            ecep:syllab="1"
            ecep:pron="klaʊd">Cloud</w>
         <pc xml:id="o4784-399730"
             n="264-a-0180"
             ecep:lem=","
             ecep:pos=","
             ecep:reg=","
             ecep:spe=",">,</pc>
      </l>
      <l xml:id="o4784-l21585">
         <c> </c>
         <w xml:id="o4784-399740"
            n="264-a-0190"
            ecep:lem="that"
            ecep:pos="cst"
            ecep:reg="That"
            ecep:spe="That"
            ecep:syllab="1"
            ecep:pron="ðæt">That</w>
         <c> </c>
         <w xml:id="o4784-399750"
            n="264-a-0200"
            ecep:lem="humble"
            ecep:pos="vvd"
            ecep:reg="humbled"
            ecep:spe="humbl'd"
            ecep:syllab="2"
            ecep:pron="ˈhʌmbld">humbl'd</w>
         <c> </c>
         <w xml:id="o4784-399760"
            n="264-a-0210"
            ecep:lem="he"
            ecep:pos="pno31"
            ecep:reg="him"
            ecep:spe="him"
            ecep:syllab="1"
            ecep:pron="hɪm">him</w>
         <pc xml:id="o4784-399770"
             n="264-a-0220"
             ecep:lem=","
             ecep:pos=","
             ecep:reg=","
             ecep:spe=",">,</pc>
         <c> </c>
         <w xml:id="o4784-399780"
            n="264-a-0230"
            ecep:lem="who"
            ecep:pos="r-crq"
            ecep:reg="who"
            ecep:spe="who"
            ecep:syllab="1"
            ecep:pron="huː">who</w>
         <c> </c>
         <w xml:id="o4784-399790"
            n="264-a-0240"
            ecep:lem="be"
            ecep:pos="vbds"
            ecep:reg="was"
            ecep:spe="was"
            ecep:syllab="1"
            ecep:pron="wɒz">was</w>
         <c> </c>
         <w xml:id="o4784-399800"
            n="264-a-0250"
            ecep:lem="so"
            ecep:pos="av"
            ecep:reg="so"
            ecep:spe="so"
            ecep:syllab="1"
            ecep:pron="səʊ">so</w>
         <c> </c>
         <w xml:id="o4784-399810"
            n="264-a-0260"
            ecep:lem="proud"
            ecep:pos="j"
            ecep:reg="proud"
            ecep:spe="proud"
            ecep:syllab="1"
            ecep:pron="praʊd">proud</w>
         <pc xml:id="o4784-399820"
             n="264-a-0270"
             ecep:lem=","
             ecep:pos=","
             ecep:reg=","
             ecep:spe=",">,</pc>
      </l>
      <l xml:id="o4784-l21590">
         <c> </c>
         <w xml:id="o4784-399830"
            n="264-a-0280"
            ecep:lem="and"
            ecep:pos="cc"
            ecep:reg="And"
            ecep:spe="And"
            ecep:syllab="1"
            ecep:pron="ænd">And</w>
         <c> </c>
         <w xml:id="o4784-399840"
            n="264-a-0290"
            ecep:lem="this"
            ecep:pos="d"
            ecep:reg="this"
            ecep:spe="this"
            ecep:syllab="1"
            ecep:pron="ðɪs">this</w>
         <c> </c>
         <w xml:id="o4784-399850"
            n="264-a-0300"
            ecep:lem="sharp"
            ecep:pos="j"
            ecep:reg="sharp"
            ecep:spe="sharp"
            ecep:syllab="1"
            ecep:pron="ʃɑːp">sharp</w>
         <c> </c>
         <w xml:id="o4784-399860"
            n="264-a-0310"
            ecep:lem="thunder"
            ecep:pos="n1"
            ecep:reg="Thunder"
            ecep:spe="Thunder"
            ecep:syllab="2"
            ecep:pron="ˈθʌndə">Thunder</w>
         <c> </c>
         <w xml:id="o4784-399870"
            n="264-a-0320"
            ecep:lem="throw"
            ecep:pos="vvd"
            ecep:reg="threw"
            ecep:spe="threw"
            ecep:syllab="1"
            ecep:pron="θruː">threw</w>
         <pc xml:id="o4784-399880"
             n="264-a-0330"
             unit="sentence"
             ecep:lem="."
             ecep:pos="."
             ecep:reg="."
             ecep:spe=".">.</pc>
         <c> </c>
      </l>
   </lg>
   <lg xml:id="o4784-s01470">
      <l xml:id="o4784-l21595">
         <w xml:id="o4784-399910"
            n="264-a-0340"
            ecep:lem="that"
            ecep:pos="cst"
            ecep:reg="That"
            ecep:spe="That"
            ecep:syllab="1"
            ecep:pron="ðæt">That</w>
         <c> </c>
         <w xml:id="o4784-399920"
            n="264-a-0350"
            ecep:lem="taunt"
            ecep:pos="n1"
            ecep:reg="Taunt"
            ecep:spe="Taunt"
            ecep:syllab="1"
            ecep:pron="tɔːnt">Taunt</w>
         <c> </c>
         <w xml:id="o4784-399930"
            n="264-a-0360"
            ecep:lem="not"
            ecep:pos="xx"
            ecep:reg="no"
            ecep:spe="no"
            ecep:syllab="1"
            ecep:pron="nəʊ">no</w>
         <c> </c>
         <hi>
            <w xml:id="o4784-399940.1"
               n="264-a-0370"
               rend="plain_apostrophe"
               ecep:lem="lyon"
               ecep:pos="npg1"
               ecep:reg="Lyon's"
               ecep:spe="Lyon's"
               ecep:syllab="2"
               ecep:pron="ˈliːɒnz">Lyon's</w>
         </hi>
         <c> </c>
         <w xml:id="o4784-399950"
            n="264-a-0380"
            ecep:lem="heart"
            ecep:pos="n1"
            ecep:reg="Heart"
            ecep:spe="Heart"
            ecep:syllab="1"
            ecep:pron="hɑːt">Heart</w>
         <c> </c>
         <w xml:id="o4784-399960"
            n="264-a-0390"
            ecep:lem="can"
            ecep:pos="vmd"
            ecep:reg="could"
            ecep:spe="cou'd"
            ecep:syllab="1"
            ecep:pron="kʊd">cou'd</w>
         <c> </c>
         <w xml:id="o4784-399970"
            n="264-a-0400"
            ecep:lem="bear"
            ecep:pos="vvi"
            ecep:reg="bear"
            ecep:spe="bear"
            ecep:syllab="1"
            ecep:pron="beə">bear</w>
         <pc xml:id="o4784-399980"
             n="264-a-0410"
             ecep:lem=";"
             ecep:pos=";"
             ecep:reg=";"
             ecep:spe=";">;</pc>
      </l>
      <l xml:id="o4784-l21600">
         <c> </c>
         <w xml:id="o4784-399990"
            n="264-a-0420"
            ecep:lem="and"
            ecep:pos="cc"
            ecep:reg="And"
            ecep:spe="And"
            ecep:syllab="1"
            ecep:pron="ænd">And</w>
         <c> </c>
         <w xml:id="o4784-400000"
            n="264-a-0430"
            ecep:lem="now"
            ecep:pos="av"
            ecep:reg="now"
            ecep:spe="now"
            ecep:syllab="1"
            ecep:pron="naʊ">now</w>
         <c> </c>
         <w xml:id="o4784-400010"
            n="264-a-0440"
            ecep:lem="much"
            ecep:pos="av-d"
            ecep:reg="much"
            ecep:spe="much"
            ecep:syllab="1"
            ecep:pron="mʌtʃ">much</w>
         <c> </c>
         <w xml:id="o4784-400020"
            n="264-a-0450"
            ecep:lem="more"
            ecep:pos="av-dc"
            ecep:reg="more"
            ecep:spe="more"
            ecep:syllab="1"
            ecep:pron="mɔː">more</w>
         <c> </c>
         <w xml:id="o4784-400030"
            n="264-a-0460"
            ecep:lem="he"
            ecep:pos="pns31"
            ecep:reg="he"
            ecep:spe="he"
            ecep:syllab="1"
            ecep:pron="hiː">he</w>
         <c> </c>
         <w xml:id="o4784-400040"
            n="264-a-0470"
            ecep:lem="rave"
            ecep:pos="vvz"
            ecep:reg="raves"
            ecep:spe="raves"
            ecep:syllab="1"
            ecep:pron="reɪvz">raves</w>
         <pc xml:id="o4784-400050"
             n="264-a-0480"
             ecep:lem=","
             ecep:pos=","
             ecep:reg=","
             ecep:spe=",">,</pc>
      </l>
      <l xml:id="o4784-l21605">
         <c> </c>
         <w xml:id="o4784-400060"
            n="264-a-0490"
            ecep:lem="while"
            ecep:pos="cs"
            ecep:reg="While"
            ecep:spe="Whilst"
            ecep:syllab="1"
            ecep:pron="waɪlst">Whilst</w>
         <c> </c>
         <w xml:id="o4784-400070"
            n="264-a-0500"
            ecep:lem="this"
            ecep:pos="d"
            ecep:reg="this"
            ecep:spe="this"
            ecep:syllab="1"
            ecep:pron="ðɪs">this</w>
         <c> </c>
         <w xml:id="o4784-400080"
            n="264-a-0510"
            ecep:lem="new"
            ecep:pos="j"
            ecep:reg="new"
            ecep:spe="new"
            ecep:syllab="1"
            ecep:pron="njuː">new</w>
         <c> </c>
         <hi>
            <w xml:id="o4784-400090"
               n="264-a-0520"
               ecep:lem="Perseus"
               ecep:pos="np1"
               ecep:reg="Perseus"
               ecep:spe="Perseus"
               ecep:syllab="3"
               ecep:pron="ˈpɜːsiəs">Perseus</w>
         </hi>
         <c> </c>
         <w xml:id="o4784-400100"
            n="264-a-0530"
            ecep:lem="in"
            ecep:pos="p-acp"
            ecep:reg="in"
            ecep:spe="in"
            ecep:syllab="1"
            ecep:pron="ɪn">in</w>
         <c> </c>
         <w xml:id="o4784-400110"
            n="264-a-0540"
            ecep:lem="the"
            ecep:pos="dt"
            ecep:reg="the"
            ecep:spe="the"
            ecep:syllab="1"
            ecep:pron="ðiː">the</w>
         <c> </c>
         <w xml:id="o4784-400120"
            n="264-a-0550"
            ecep:lem="air"
            ecep:pos="n1"
            ecep:reg="Air"
            ecep:spe="Air"
            ecep:syllab="1"
            ecep:pron="eə">Air</w>
      </l>
      <l xml:id="o4784-l21610">
         <c> </c>
         <w xml:id="o4784-400130"
            n="264-a-0560"
            ecep:lem="do|his"
            ecep:pos="vdi|po31"
            ecep:reg="Do's"
            ecep:spe="Do's"
            ecep:syllab="1"
            ecep:pron="duːz">Do's</w>
         <c> </c>
         <w xml:id="o4784-400140"
            n="264-a-0570"
            ecep:lem="war"
            ecep:pos="n1"
            ecep:reg="War"
            ecep:spe="War"
            ecep:syllab="1"
            ecep:pron="wɔː">War</w>
         <c> </c>
         <w xml:id="o4784-400150"
            n="264-a-0580"
            ecep:lem="and"
            ecep:pos="cc"
            ecep:reg="and"
            ecep:spe="and"
            ecep:syllab="1"
            ecep:pron="ænd">and</w>
         <c> </c>
         <w xml:id="o4784-400160"
            n="264-a-0590"
            ecep:lem="strife"
            ecep:pos="n1"
            ecep:reg="Strife"
            ecep:spe="Strife"
            ecep:syllab="1"
            ecep:pron="straɪf">Strife</w>
         <c> </c>
         <w xml:id="o4784-400170"
            n="264-a-0600"
            ecep:lem="again"
            ecep:pos="av"
            ecep:reg="again"
            ecep:spe="again"
            ecep:syllab="2"
            ecep:pron="əˈgen">again</w>
         <c> </c>
         <w xml:id="o4784-400180"
            n="264-a-0610"
            ecep:lem="declare"
            ecep:pos="vvi"
            ecep:reg="declare"
            ecep:spe="declare"
            ecep:syllab="2"
            ecep:pron="dɪˈkleə">declare</w>
         <pc xml:id="o4784-400190"
             n="264-a-0620"
             ecep:lem=","
             ecep:pos=","
             ecep:reg=","
             ecep:spe=",">,</pc>
      </l>
      <l xml:id="o4784-l21615">
         <c> </c>
         <w xml:id="o4784-400200"
            n="264-a-0630"
            ecep:lem="and"
            ecep:pos="cc"
            ecep:reg="And"
            ecep:spe="And"
            ecep:syllab="1"
            ecep:pron="ænd">And</w>
         <c> </c>
         <w xml:id="o4784-400210"
            n="264-a-0640"
            ecep:lem="all"
            ecep:pos="d"
            ecep:reg="all"
            ecep:spe="all"
            ecep:syllab="1"
            ecep:pron="ɔːl">all</w>
         <c> </c>
         <w xml:id="o4784-400220"
            n="264-a-0650"
            ecep:lem="his"
            ecep:pos="po31"
            ecep:reg="his"
            ecep:spe="his"
            ecep:syllab="1"
            ecep:pron="hɪz">his</w>
         <c> </c>
         <w xml:id="o4784-400230"
            n="264-a-0660"
            ecep:lem="terror"
            ecep:pos="n1"
            ecep:reg="Terror"
            ecep:spe="Terrour"
            ecep:syllab="2"
            ecep:pron="ˈterə">Terrour</w>
         <c> </c>
         <w xml:id="o4784-400240"
            n="264-a-0670"
            ecep:lem="brave"
            ecep:pos="n2-j"
            ecep:reg="braves"
            ecep:spe="braves"
            ecep:syllab="1"
            ecep:pron="breɪvz">braves</w>
         <pc xml:id="o4784-400250"
             n="264-a-0680"
             unit="sentence"
             ecep:lem="."
             ecep:pos="."
             ecep:reg="."
             ecep:spe=".">.</pc>
         <c> </c>
      </l>
   </lg>
   <lg xml:id="o4784-s01475">
      <l xml:id="o4784-l21620">
         <w xml:id="o4784-400280"
            n="264-a-0690"
            ecep:lem="upon"
            ecep:pos="p-acp"
            ecep:reg="Upon"
            ecep:spe="Upon"
            ecep:syllab="2"
            ecep:pron="əˈpɒn">Upon</w>
         <c> </c>
         <w xml:id="o4784-400290"
            n="264-a-0700"
            ecep:lem="his"
            ecep:pos="po31"
            ecep:reg="his"
            ecep:spe="his"
            ecep:syllab="1"
            ecep:pron="hɪz">his</w>
         <c> </c>
         <w xml:id="o4784-400300"
            n="264-a-0710"
            ecep:lem="haughty"
            ecep:pos="j"
            ecep:reg="haughty"
            ecep:spe="haughty"
            ecep:syllab="2"
            ecep:pron="ˈhɔːti">haughty</w>
         <c> </c>
         <w xml:id="o4784-400310"
            n="264-a-0720"
            ecep:lem="neck"
            ecep:pos="n1"
            ecep:reg="Neck"
            ecep:spe="Neck"
            ecep:syllab="1"
            ecep:pron="nek">Neck</w>
         <c> </c>
         <w xml:id="o4784-400320"
            n="264-a-0730"
            ecep:lem="she"
            ecep:pos="pns31"
            ecep:reg="she"
            ecep:spe="she"
            ecep:syllab="1"
            ecep:pron="ʃiː">she</w>
         <c> </c>
         <w xml:id="o4784-400330"
            n="264-a-0740"
            ecep:lem="ride"
            ecep:pos="vvz"
            ecep:reg="rides"
            ecep:spe="rides"
            ecep:syllab="1"
            ecep:pron="raɪdz">rides</w>
         <pc xml:id="o4784-400340"
             n="264-a-0750"
             ecep:lem=","
             ecep:pos=","
             ecep:reg=","
             ecep:spe=",">,</pc>
      </l>
      <l xml:id="o4784-l21625">
         <c> </c>
         <w xml:id="o4784-400350"
            n="264-a-0760"
            ecep:lem="then"
            ecep:pos="av"
            ecep:reg="Then"
            ecep:spe="Then"
            ecep:syllab="1"
            ecep:pron="ðen">Then</w>
         <c> </c>
         <w xml:id="o4784-400360"
            n="264-a-0770"
            ecep:lem="on"
            ecep:pos="p-acp"
            ecep:reg="on"
            ecep:spe="on"
            ecep:syllab="1"
            ecep:pron="ɒn">on</w>
         <c> </c>
         <w xml:id="o4784-400370"
            n="264-a-0780"
            ecep:lem="his"
            ecep:pos="po31"
            ecep:reg="his"
            ecep:spe="his"
            ecep:syllab="1"
            ecep:pron="hɪz">his</w>
         <c> </c>
         <w xml:id="o4784-400380"
            n="264-a-0790"
            ecep:lem="lash"
            ecep:pos="j-vvg"
            ecep:reg="lashing"
            ecep:spe="lashing"
            ecep:syllab="2"
            ecep:pron="læʃɪŋ">lashing</w>
         <c> </c>
         <w xml:id="o4784-400390"
            n="264-a-0800"
            ecep:lem="tail"
            ecep:pos="n1"
            ecep:reg="Tail"
            ecep:spe="Tail"
            ecep:syllab="1"
            ecep:pron="teɪl">Tail</w>
         <pc xml:id="o4784-400400"
             n="264-a-0810"
             ecep:lem=";"
             ecep:pos=";"
             ecep:reg=";"
             ecep:spe=";">;</pc>
      </l>
      <l xml:id="o4784-l21630">
         <c> </c>
         <pc xml:id="o4784-400410"
             n="264-a-0820"
             ecep:lem="("
             ecep:pos="("
             ecep:reg="("
             ecep:spe="(">(</pc>
         <w xml:id="o4784-400420"
            n="264-a-0830"
            ecep:lem="which"
            ecep:pos="r-crq"
            ecep:reg="Which"
            ecep:spe="Which"
            ecep:syllab="1"
            ecep:pron="wɪtʃ">Which</w>
         <c> </c>
         <w xml:id="o4784-400430"
            n="264-a-0840"
            ecep:lem="need"
            ecep:pos="vvb"
            ecep:reg="need"
            ecep:spe="need"
            ecep:syllab="1"
            ecep:pron="niːd">need</w>
         <c> </c>
         <w xml:id="o4784-400440"
            n="264-a-0850"
            ecep:lem="not"
            ecep:pos="xx"
            ecep:reg="not"
            ecep:spe="not"
            ecep:syllab="1"
            ecep:pron="nɒt">not</w>
         <c> </c>
         <w xml:id="o4784-400450"
            n="264-a-0860"
            ecep:lem="now"
            ecep:pos="av"
            ecep:reg="now"
            ecep:spe="now"
            ecep:syllab="1"
            ecep:pron="naʊ">now</w>
         <c> </c>
         <w xml:id="o4784-400460"
            n="264-a-0870"
            ecep:lem="provoke"
            ecep:pos="vvi"
            ecep:reg="provoke"
            ecep:spe="provoke"
            ecep:syllab="2"
            ecep:pron="prəˈvəʊk">provoke</w>
         <c> </c>
         <w xml:id="o4784-400470"
            n="264-a-0880"
            ecep:lem="his"
            ecep:pos="po31"
            ecep:reg="his"
            ecep:spe="his"
            ecep:syllab="1"
            ecep:pron="hɪz">his</w>
         <c> </c>
         <w xml:id="o4784-400480"
            n="264-a-0890"
            ecep:lem="side"
            ecep:pos="n2"
            ecep:reg="Sides"
            ecep:spe="Sides"
            ecep:syllab="1"
            ecep:pron="saɪdz">Sides</w>
         <pc xml:id="o4784-400490"
             n="264-a-0900"
             ecep:lem=")"
             ecep:pos=")"
             ecep:reg=")"
             ecep:spe=")">)</pc>
      </l>
      <l xml:id="o4784-l21635">
         <c> </c>
         <w xml:id="o4784-400500"
            n="264-a-0910"
            ecep:lem="where"
            ecep:pos="c-crq"
            ecep:reg="Where"
            ecep:spe="Where"
            ecep:syllab="1"
            ecep:pron="weə">Where</w>
         <c> </c>
         <w xml:id="o4784-400510"
            n="264-a-0920"
            ecep:lem="she"
            ecep:pos="pns31"
            ecep:reg="she"
            ecep:spe="she"
            ecep:syllab="1"
            ecep:pron="ʃiː">she</w>
         <c> </c>
         <w xml:id="o4784-400520"
            n="264-a-0930"
            ecep:lem="her"
            ecep:pos="po31"
            ecep:reg="her"
            ecep:spe="her"
            ecep:syllab="1"
            ecep:pron="hɜː">her</w>
         <c> </c>
         <w xml:id="o4784-400530"
            n="264-a-0940"
            ecep:lem="slender"
            ecep:pos="j"
            ecep:reg="slender"
            ecep:spe="slender"
            ecep:syllab="2"
            ecep:pron="ˈslendə">slender</w>
         <c> </c>
         <w xml:id="o4784-400540"
            n="264-a-0950"
            ecep:lem="weapon"
            ecep:pos="n1"
            ecep:reg="Weapon"
            ecep:spe="Weapon"
            ecep:syllab="2"
            ecep:pron="ˈwepən">Weapon</w>
         <c> </c>
         <w xml:id="o4784-400550"
            n="264-a-0960"
            ecep:lem="guide"
            ecep:pos="vvz"
            ecep:reg="guides"
            ecep:spe="guides"
            ecep:syllab="1"
            ecep:pron="gaɪdz">guides</w>
         <pc xml:id="o4784-400560"
             n="264-a-0970"
             ecep:lem=","
             ecep:pos=","
             ecep:reg=","
             ecep:spe=",">,</pc>
      </l>
      <l xml:id="o4784-l21640">
         <c> </c>
         <w xml:id="o4784-400570"
            n="264-a-0980"
            ecep:lem="and"
            ecep:pos="cc"
            ecep:reg="And"
            ecep:spe="And"
            ecep:syllab="1"
            ecep:pron="ænd">And</w>
         <c> </c>
         <w xml:id="o4784-400580"
            n="264-a-0990"
            ecep:lem="make"
            ecep:pos="vvz"
            ecep:reg="makes"
            ecep:spe="makes"
            ecep:syllab="1"
            ecep:pron="meɪks">makes</w>
         <c> </c>
         <w xml:id="o4784-400590"
            n="264-a-1000"
            ecep:lem="all"
            ecep:pos="d"
            ecep:reg="all"
            ecep:spe="all"
            ecep:syllab="1"
            ecep:pron="ɔːl">all</w>
         <c> </c>
         <w xml:id="o4784-400600"
            n="264-a-1010"
            ecep:lem="patience"
            ecep:pos="n1"
            ecep:reg="Patience"
            ecep:spe="Patience"
            ecep:syllab="2"
            ecep:pron="ˈpeɪʃns">Patience</w>
         <c> </c>
         <w xml:id="o4784-400610"
            n="264-a-1020"
            ecep:lem="fail"
            ecep:pos="vvi"
            ecep:reg="fail"
            ecep:spe="fail"
            ecep:syllab="1"
            ecep:pron="feɪl">fail</w>
         <pc xml:id="o4784-400620"
             n="264-a-1030"
             unit="sentence"
             ecep:lem="."
             ecep:pos="."
             ecep:reg="."
             ecep:spe=".">.</pc>
         <c> </c>
      </l>
   </lg>
   <pb facs="265" n="257" rend="none"/>
   <lg xml:id="o4784-s01480">
      <l xml:id="o4784-l21645">
         <w xml:id="o4784-400650"
            n="265-a-0010"
            ecep:lem="a"
            ecep:pos="dt"
            ecep:reg="A"
            ecep:spe="A"
            ecep:syllab="1"
            ecep:pron="ə">A</w>
         <c> </c>
         <w xml:id="o4784-400660"
            n="265-a-0020"
            ecep:lem="truce"
            ecep:pos="n1"
            ecep:reg="Truce"
            ecep:spe="Truce"
            ecep:syllab="1"
            ecep:pron="truːs">Truce</w>
         <c> </c>
         <w xml:id="o4784-400670"
            n="265-a-0030"
            ecep:lem="at"
            ecep:pos="p-acp"
            ecep:reg="at"
            ecep:spe="at"
            ecep:syllab="1"
            ecep:pron="æt">at</w>
         <c> </c>
         <w xml:id="o4784-400680"
            n="265-a-0040"
            ecep:lem="length"
            ecep:pos="n1"
            ecep:reg="length"
            ecep:spe="length"
            ecep:syllab="1"
            ecep:pron="leŋθ">length</w>
         <c> </c>
         <w xml:id="o4784-400690"
            n="265-a-0050"
            ecep:lem="he"
            ecep:pos="pns31"
            ecep:reg="he"
            ecep:spe="he"
            ecep:syllab="1"
            ecep:pron="hiː">he</w>
         <c> </c>
         <w xml:id="o4784-400700"
            n="265-a-0060"
            ecep:lem="must"
            ecep:pos="vmb"
            ecep:reg="must"
            ecep:spe="must"
            ecep:syllab="1"
            ecep:pron="mʌst">must</w>
         <c> </c>
         <w xml:id="o4784-400710"
            n="265-a-0070"
            ecep:lem="propose"
            ecep:pos="vvi"
            ecep:reg="propose"
            ecep:spe="propose"
            ecep:syllab="2"
            ecep:pron="prəˈpəʊz">propose</w>
         <pc xml:id="o4784-400720"
             n="265-a-0080"
             ecep:lem=","
             ecep:pos=","
             ecep:reg=","
             ecep:spe=",">,</pc>
      </l>
      <l xml:id="o4784-l21650">
         <c> </c>
         <w xml:id="o4784-400730"
            n="265-a-0090"
            ecep:lem="the"
            ecep:pos="dt"
            ecep:reg="The"
            ecep:spe="The"
            ecep:syllab="1"
            ecep:pron="ðiː">The</w>
         <c> </c>
         <w xml:id="o4784-400740"
            n="265-a-0100"
            ecep:lem="term"
            ecep:pos="n2"
            ecep:reg="Terms"
            ecep:spe="Terms"
            ecep:syllab="1"
            ecep:pron="tɜːmz">Terms</w>
         <c> </c>
         <w xml:id="o4784-400750"
            n="265-a-0110"
            ecep:lem="to"
            ecep:pos="pc-acp"
            ecep:reg="to"
            ecep:spe="to"
            ecep:syllab="1"
            ecep:pron="tuː">to</w>
         <c> </c>
         <w xml:id="o4784-400760"
            n="265-a-0120"
            ecep:lem="be"
            ecep:pos="vbi"
            ecep:reg="be"
            ecep:spe="be"
            ecep:syllab="1"
            ecep:pron="biː">be</w>
         <c> </c>
         <w xml:id="o4784-400770"
            n="265-a-0130"
            ecep:lem="her"
            ecep:pos="po31"
            ecep:reg="her"
            ecep:spe="her"
            ecep:syllab="1"
            ecep:pron="hɜː">her</w>
         <c> </c>
         <w xml:id="o4784-400780"
            n="265-a-0140"
            ecep:lem="own"
            ecep:pos="d"
            ecep:reg="Own"
            ecep:spe="Own"
            ecep:syllab="1"
            ecep:pron="əʊn">Own</w>
         <pc xml:id="o4784-400790"
             n="265-a-0150"
             ecep:lem=";"
             ecep:pos=";"
             ecep:reg=";"
             ecep:spe=";">;</pc>
      </l>
      <l xml:id="o4784-l21655">
         <c> </c>
         <w xml:id="o4784-400800"
            n="265-a-0160"
            ecep:lem="who"
            ecep:pos="q-crq"
            ecep:reg="Who"
            ecep:spe="Who"
            ecep:syllab="1"
            ecep:pron="huː">Who</w>
         <c> </c>
         <w xml:id="o4784-400810"
            n="265-a-0170"
            ecep:lem="likewise"
            ecep:pos="av"
            ecep:reg="likewise"
            ecep:spe="likewise"
            ecep:syllab="2"
            ecep:pron="ˈlaɪkwaɪz">likewise</w>
         <c> </c>
         <w xml:id="o4784-400820"
            n="265-a-0180"
            ecep:lem="rest"
            ecep:pos="vvb"
            ecep:reg="Rest"
            ecep:spe="Rest"
            ecep:syllab="1"
            ecep:pron="rest">Rest</w>
         <c> </c>
         <w xml:id="o4784-400830"
            n="265-a-0190"
            ecep:lem="and"
            ecep:pos="cc"
            ecep:reg="and"
            ecep:spe="and"
            ecep:syllab="1"
            ecep:pron="ænd">and</w>
         <c> </c>
         <w xml:id="o4784-400840"
            n="265-a-0200"
            ecep:lem="quiet"
            ecep:pos="j-jn"
            ecep:reg="Quiet"
            ecep:spe="Quiet"
            ecep:syllab="2"
            ecep:pron="kwæət">Quiet</w>
         <c> </c>
         <w xml:id="o4784-400850"
            n="265-a-0210"
            ecep:lem="choose"
            ecep:pos="vvd"
            ecep:reg="chose"
            ecep:spe="chose"
            ecep:syllab="1"
            ecep:pron="tʃəʊz">chose</w>
         <pc xml:id="o4784-400860"
             n="265-a-0220"
             ecep:lem=","
             ecep:pos=","
             ecep:reg=","
             ecep:spe=",">,</pc>
      </l>
      <l xml:id="o4784-l21660">
         <c> </c>
         <w xml:id="o4784-400870"
            n="265-a-0230"
            ecep:lem="content"
            ecep:pos="vvd"
            ecep:reg="Contented"
            ecep:spe="Contented"
            ecep:syllab="3"
            ecep:pron="kənˈtentɪd">Contented</w>
         <c> </c>
         <w xml:id="o4784-400880"
            n="265-a-0240"
            ecep:lem="now"
            ecep:pos="av"
            ecep:reg="now"
            ecep:spe="now"
            ecep:syllab="1"
            ecep:pron="naʊ">now</w>
         <c> </c>
         <w xml:id="o4784-400890"
            n="265-a-0250"
            ecep:lem="her"
            ecep:pos="po31"
            ecep:reg="her"
            ecep:spe="her"
            ecep:syllab="1"
            ecep:pron="hɜː">her</w>
         <c> </c>
         <w xml:id="o4784-400900"
            n="265-a-0260"
            ecep:lem="life"
            ecep:pos="n1"
            ecep:reg="Life"
            ecep:spe="Life"
            ecep:syllab="1"
            ecep:pron="laɪf">Life</w>
         <c> </c>
         <w xml:id="o4784-400910"
            n="265-a-0270"
            ecep:lem="to"
            ecep:pos="pc-acp"
            ecep:reg="to"
            ecep:spe="to"
            ecep:syllab="1"
            ecep:pron="tuː">to</w>
         <c> </c>
         <w xml:id="o4784-400920"
            n="265-a-0280"
            ecep:lem="close"
            ecep:pos="vvi"
            ecep:reg="close"
            ecep:spe="close"
            ecep:syllab="1"
            ecep:pron="kləʊz">close</w>
         <pc xml:id="o4784-400930"
             n="265-a-0290"
             ecep:lem=","
             ecep:pos=","
             ecep:reg=","
             ecep:spe=",">,</pc>
      </l>
      <l xml:id="o4784-l21665">
         <c> </c>
         <w xml:id="o4784-400940"
            n="265-a-0300"
            ecep:lem="when"
            ecep:pos="c-crq"
            ecep:reg="When"
            ecep:spe="When"
            ecep:syllab="1"
            ecep:pron="wen">When</w>
         <c> </c>
         <w xml:id="o4784-400950"
            n="265-a-0310"
            ecep:lem="she|will"
            ecep:pos="pns31|vmd"
            ecep:reg="she'd"
            ecep:spe="she'd"
            ecep:syllab="1"
            ecep:pron="ʃiːd">she'd</w>
         <c> </c>
         <w xml:id="o4784-400960"
            n="265-a-0320"
            ecep:lem="such"
            ecep:pos="d"
            ecep:reg="such"
            ecep:spe="such"
            ecep:syllab="1"
            ecep:pron="sʌtʃ">such</w>
         <c> </c>
         <w xml:id="o4784-400970"
            n="265-a-0330"
            ecep:lem="triumph"
            ecep:pos="n1"
            ecep:reg="Triumph"
            ecep:spe="Triumph"
            ecep:syllab="2"
            ecep:pron="ˈtraɪəmf">Triumph</w>
         <c> </c>
         <w xml:id="o4784-400980"
            n="265-a-0340"
            ecep:lem="know"
            ecep:pos="vvn"
            ecep:reg="known"
            ecep:spe="known"
            ecep:syllab="1"
            ecep:pron="nəʊn">known</w>
         <pc xml:id="o4784-400990"
             n="265-a-0350"
             unit="sentence"
             ecep:lem="."
             ecep:pos="."
             ecep:reg="."
             ecep:spe=".">.</pc>
         <c> </c>
      </l>
   </lg>
   <lg rhyme="aaa" xml:id="o4784-s01485">
      <l xml:id="o4784-l21670">
         <hi>
            <w xml:id="o4784-401020"
               n="265-a-0360"
               ecep:lem="you"
               ecep:pos="pn22"
               ecep:reg="You"
               ecep:spe="You"
               ecep:syllab="1"
               ecep:pron="juː">You</w>
            <c> </c>
            <w xml:id="o4784-401030"
               n="265-a-0370"
               ecep:lem="mighty"
               ecep:pos="j"
               ecep:reg="mighty"
               ecep:spe="mighty"
               ecep:syllab="2"
               ecep:pron="ˈmaɪti">mighty</w>
            <c> </c>
            <w xml:id="o4784-401040"
               n="265-a-0380"
               ecep:lem="man"
               ecep:pos="n2"
               ecep:reg="Men"
               ecep:spe="Men"
               ecep:syllab="1"
               ecep:pron="men">Men</w>
            <pc xml:id="o4784-401050"
                n="265-a-0390"
                ecep:lem=","
                ecep:pos=","
                ecep:reg=","
                ecep:spe=",">,</pc>
            <c> </c>
            <w xml:id="o4784-401060"
               n="265-a-0400"
               ecep:lem="who"
               ecep:pos="r-crq"
               ecep:reg="who"
               ecep:spe="who"
               ecep:syllab="1"
               ecep:pron="huː">who</w>
            <c> </c>
            <w xml:id="o4784-401070"
               n="265-a-0410"
               ecep:lem="mean"
               ecep:pos="jc"
               ecep:reg="meaner"
               ecep:spe="meaner"
               ecep:syllab="2"
               ecep:pron="miːnə">meaner</w>
            <c> </c>
            <w xml:id="o4784-401080"
               n="265-a-0420"
               ecep:lem="one"
               ecep:pos="pi2"
               ecep:reg="ones"
               ecep:spe="ones"
               ecep:syllab="1"
               ecep:pron="wʌnz">ones</w>
            <c> </c>
            <w xml:id="o4784-401090"
               n="265-a-0430"
               ecep:lem="despise"
               ecep:pos="vvb"
               ecep:reg="despise"
               ecep:spe="despise"
               ecep:syllab="2"
               ecep:pron="dɪˈspaɪz">despise</w>
            <pc xml:id="o4784-401100"
                n="265-a-0440"
                ecep:lem=","
                ecep:pos=","
                ecep:reg=","
                ecep:spe=",">,</pc>
         </hi>
      </l>
      <l xml:id="o4784-l21675">
         <c> </c>
         <hi>
            <w xml:id="o4784-401110"
               n="265-a-0450"
               ecep:lem="learn"
               ecep:pos="vvb"
               ecep:reg="Learn"
               ecep:spe="Learn"
               ecep:syllab="1"
               ecep:pron="lɜːn">Learn</w>
            <c> </c>
            <w xml:id="o4784-401120"
               n="265-a-0460"
               ecep:lem="from"
               ecep:pos="p-acp"
               ecep:reg="from"
               ecep:spe="from"
               ecep:syllab="1"
               ecep:pron="frɒm">from</w>
            <c> </c>
            <w xml:id="o4784-401130"
               n="265-a-0470"
               ecep:lem="this"
               ecep:pos="d"
               ecep:reg="this"
               ecep:spe="this"
               ecep:syllab="1"
               ecep:pron="ðɪs">this</w>
            <c> </c>
            <w xml:id="o4784-401140"
               n="265-a-0480"
               ecep:lem="fable"
               ecep:pos="n1"
               ecep:reg="Fable"
               ecep:spe="Fable"
               ecep:syllab="2"
               ecep:pron="ˈfeɪbl">Fable</w>
            <c> </c>
            <w xml:id="o4784-401150"
               n="265-a-0490"
               ecep:lem="to"
               ecep:pos="pc-acp"
               ecep:reg="to"
               ecep:spe="to"
               ecep:syllab="1"
               ecep:pron="tuː">to</w>
            <c> </c>
            <w xml:id="o4784-401160"
               n="265-a-0500"
               ecep:lem="become"
               ecep:pos="vvi"
               ecep:reg="become"
               ecep:spe="become"
               ecep:syllab="2"
               ecep:pron="bɪˈkʌm">become</w>
            <c> </c>
            <w xml:id="o4784-401170"
               n="265-a-0510"
               ecep:lem="more"
               ecep:pos="av-dc"
               ecep:reg="more"
               ecep:spe="more"
               ecep:syllab="1"
               ecep:pron="mɔː">more</w>
            <c> </c>
            <w xml:id="o4784-401180"
               n="265-a-0520"
               ecep:lem="wise"
               ecep:pos="j"
               ecep:reg="Wise"
               ecep:spe="Wise"
               ecep:syllab="1"
               ecep:pron="waɪz">Wise</w>
            <pc xml:id="o4784-401190"
                n="265-a-0530"
                ecep:lem=";"
                ecep:pos=";"
                ecep:reg=";"
                ecep:spe=";">;</pc>
         </hi>
      </l>
      <l xml:id="o4784-l21680">
         <c> </c>
         <hi>
            <w xml:id="o4784-401200"
               n="265-a-0540"
               ecep:lem="you"
               ecep:pos="pn22"
               ecep:reg="You"
               ecep:spe="You"
               ecep:syllab="1"
               ecep:pron="juː">You</w>
            <c> </c>
            <w xml:id="o4784-401210"
               n="265-a-0550"
               ecep:lem="see"
               ecep:pos="vvb"
               ecep:reg="see"
               ecep:spe="see"
               ecep:syllab="1"
               ecep:pron="siː">see</w>
            <c> </c>
            <w xml:id="o4784-401220"
               n="265-a-0560"
               ecep:lem="the"
               ecep:pos="dt"
               ecep:reg="the"
               ecep:spe="the"
               ecep:syllab="1"
               ecep:pron="ðiː">the</w>
         </hi>
         <c> </c>
         <w xml:id="o4784-401230"
            n="265-a-0570"
            ecep:lem="lion"
            ecep:pos="n1"
            ecep:reg="Lion"
            ecep:spe="Lyon"
            ecep:syllab="2"
            ecep:pron="ˈliːɒn">Lyon</w>
         <c> </c>
         <hi>
            <w xml:id="o4784-401240"
               n="265-a-0580"
               ecep:lem="may"
               ecep:pos="vmb"
               ecep:reg="may"
               ecep:spe="may"
               ecep:syllab="1"
               ecep:pron="meɪ">may</w>
            <c> </c>
            <w xml:id="o4784-401250"
               n="265-a-0590"
               ecep:lem="be"
               ecep:pos="vbi"
               ecep:reg="be"
               ecep:spe="be"
               ecep:syllab="1"
               ecep:pron="biː">be</w>
            <c> </c>
            <w xml:id="o4784-401260"
               n="265-a-0600"
               ecep:lem="vex"
               ecep:pos="vvn"
               ecep:reg="vexed"
               ecep:spe="vext"
               ecep:syllab="1"
               ecep:pron="vˈekst">vext</w>
            <c> </c>
            <w xml:id="o4784-401270"
               n="265-a-0610"
               ecep:lem="with"
               ecep:pos="p-acp"
               ecep:reg="with"
               ecep:spe="with"
               ecep:syllab="1"
               ecep:pron="wɪð">with</w>
         </hi>
         <c> </c>
         <w xml:id="o4784-401280"
            n="265-a-0620"
            ecep:lem="fly"
            ecep:pos="n2"
            ecep:reg="Flies"
            ecep:spe="Flies"
            ecep:syllab="1"
            ecep:pron="flaɪz">Flies</w>
         <pc xml:id="o4784-401290"
             n="265-a-0630"
             unit="sentence"
             ecep:lem="."
             ecep:pos="."
             ecep:reg="."
             ecep:spe=".">.</pc>
         <c> </c>
      </l>
   </lg>
</div>
