<?xml version="1.0" encoding="utf-8"?>
<!DOCTYPE div
  SYSTEM "about:legacy-compat">
<div xmlns:ecep="http://www.eighteenthcenturypoetry.org/ns"
     xmlns="http://www.tei-c.org/ns/1.0"
     xmlns:tei="http://www.tei-c.org/ns/1.0"
     ana="#iamb #pentameter #couplet #pair #hymn"
     corresp="#txt_BailJo1762_w0076"
     decls="#semi-normalized"
     ecep:syllab="10"
     met="-+|-+|-+|-+|-+/"
     rendition="#lgvspace"
     rhyme="aa"
     subtype="eceptext"
     type="poem"
     xml:id="bjb18-w0760">
   <link target="authors.xml#aut_BailJo1762" type="author"/>
   <head type="main">
      <w xml:id="bjb18-544530"
         n="a-0010"
         ecep:lem="hymn"
         ecep:pos="n1"
         ecep:reg="HYMN"
         ecep:spe="HYMN"
         ecep:syllab="1"
         ecep:pron="hɪm">HYMN</w>
      <pc xml:id="bjb18-544540"
          n="a-0020"
          unit="sentence"
          ecep:lem="."
          ecep:pos="."
          ecep:reg="."
          ecep:spe=".">.</pc>
   </head>
   <lg xml:id="bjb18-s03820">
      <l xml:id="bjb18-l29565">
         <hi rendition="#sc">
            <w xml:id="bjb18-544570"
               n="a-0030"
               ecep:lem="my"
               ecep:pos="po11"
               ecep:reg="MY"
               ecep:spe="MY"
               ecep:syllab="1"
               ecep:pron="maɪ">MY</w>
         </hi>
         <c> </c>
         <w xml:id="bjb18-544580"
            n="a-0040"
            ecep:lem="god"
            ecep:pos="n1"
            ecep:reg="God"
            ecep:spe="God"
            ecep:syllab="1"
            ecep:pron="gɒd">God</w>
         <pc xml:id="bjb18-544585"
             n="a-0040"
             ecep:lem="!"
             ecep:pos="!"
             ecep:reg="!"
             ecep:spe="!">!</pc>
         <c> </c>
         <w xml:id="bjb18-544590"
            n="a-0050"
            ecep:lem="will"
            ecep:pos="vmd"
            ecep:reg="would"
            ecep:spe="would"
            ecep:syllab="1"
            ecep:pron="wʊd">would</w>
         <c> </c>
         <w xml:id="bjb18-544600"
            n="a-0060"
            ecep:lem="that"
            ecep:pos="d"
            ecep:reg="that"
            ecep:spe="that"
            ecep:syllab="1"
            ecep:pron="ðæt">that</w>
         <pc xml:id="bjb18-544610"
             n="a-0070"
             ecep:lem=","
             ecep:pos=","
             ecep:reg=","
             ecep:spe=",">,</pc>
         <c> </c>
         <w xml:id="bjb18-544620"
            n="a-0080"
            ecep:lem="from"
            ecep:pos="p-acp"
            ecep:reg="from"
            ecep:spe="from"
            ecep:syllab="1"
            ecep:pron="frɒm">from</w>
         <c> </c>
         <w xml:id="bjb18-544630"
            n="a-0090"
            ecep:lem="earthly"
            ecep:pos="j"
            ecep:reg="earthly"
            ecep:spe="earthly"
            ecep:syllab="2"
            ecep:pron="ˈɜːθli">earthly</w>
         <c> </c>
         <w xml:id="bjb18-544640"
            n="a-0100"
            ecep:lem="trammel"
            ecep:pos="fw-mi"
            ecep:reg="trammels"
            ecep:spe="trammels"
            ecep:syllab="2"
            ecep:pron="ˈtræmlz">trammels</w>
         <c> </c>
         <w xml:id="bjb18-544650"
            n="a-0110"
            ecep:lem="free"
            ecep:pos="vvi"
            ecep:reg="free"
            ecep:spe="free"
            ecep:syllab="1"
            ecep:pron="friː">free</w>
         <pc xml:id="bjb18-544660"
             n="a-0120"
             ecep:lem=","
             ecep:pos=","
             ecep:reg=","
             ecep:spe=",">,</pc>
      </l>
      <l xml:id="bjb18-l29570">
         <c> </c>
         <w xml:id="bjb18-544670"
            n="a-0130"
            ecep:lem="my"
            ecep:pos="po11"
            ecep:reg="My"
            ecep:spe="My"
            ecep:syllab="1"
            ecep:pron="maɪ">My</w>
         <c> </c>
         <w xml:id="bjb18-544680"
            n="a-0140"
            ecep:lem="thought"
            ecep:pos="n2"
            ecep:reg="thoughts"
            ecep:spe="thoughts"
            ecep:syllab="1"
            ecep:pron="θɔːts">thoughts</w>
         <c> </c>
         <w xml:id="bjb18-544690"
            n="a-0150"
            ecep:lem="can"
            ecep:pos="vmd"
            ecep:reg="could"
            ecep:spe="could"
            ecep:syllab="1"
            ecep:pron="kʊd">could</w>
         <c> </c>
         <w xml:id="bjb18-544700"
            n="a-0160"
            ecep:lem="win"
            ecep:pos="vvi"
            ecep:reg="win"
            ecep:spe="win"
            ecep:syllab="1"
            ecep:pron="wɪn">win</w>
         <c> </c>
         <w xml:id="bjb18-544710"
            n="a-0170"
            ecep:lem="their"
            ecep:pos="po32"
            ecep:reg="their"
            ecep:spe="their"
            ecep:syllab="1"
            ecep:pron="ðeə">their</w>
         <c> </c>
         <w xml:id="bjb18-544720"
            n="a-0180"
            ecep:lem="upward"
            ecep:pos="j"
            ecep:reg="upward"
            ecep:spe="upward"
            ecep:syllab="2"
            ecep:pron="ˈʌpwəd">upward</w>
         <c> </c>
         <w xml:id="bjb18-544730"
            n="a-0190"
            ecep:lem="way"
            ecep:pos="n1"
            ecep:reg="way"
            ecep:spe="way"
            ecep:syllab="1"
            ecep:pron="weɪ">way</w>
         <c> </c>
         <w xml:id="bjb18-544740"
            n="a-0200"
            ecep:lem="to"
            ecep:pos="p-acp"
            ecep:reg="to"
            ecep:spe="to"
            ecep:syllab="1"
            ecep:pron="tuː">to</w>
         <c> </c>
         <w xml:id="bjb18-544750"
            n="a-0210"
            ecep:lem="thou"
            ecep:pos="pno21"
            ecep:reg="thee"
            ecep:spe="thee"
            ecep:syllab="1"
            ecep:pron="ðiː">thee</w>
         <pc xml:id="bjb18-544760"
             n="a-0220"
             ecep:lem=","
             ecep:pos=","
             ecep:reg=","
             ecep:spe=",">,</pc>
      </l>
      <l xml:id="bjb18-l29575">
         <c> </c>
         <w xml:id="bjb18-544770"
            n="a-0230"
            ecep:lem="and"
            ecep:pos="cc"
            ecep:reg="And"
            ecep:spe="And"
            ecep:syllab="1"
            ecep:pron="ænd">And</w>
         <c> </c>
         <w xml:id="bjb18-544780"
            n="a-0240"
            ecep:lem="there"
            ecep:pos="a-acp"
            ecep:reg="there"
            ecep:spe="there"
            ecep:syllab="1"
            ecep:pron="ðeə">there</w>
         <c> </c>
         <w xml:id="bjb18-544790"
            n="a-0250"
            ecep:lem="a"
            ecep:pos="dt"
            ecep:reg="a"
            ecep:spe="a"
            ecep:syllab="1"
            ecep:pron="ə">a</w>
         <c> </c>
         <w xml:id="bjb18-544800"
            n="a-0260"
            ecep:lem="while"
            ecep:pos="n1"
            ecep:reg="while"
            ecep:spe="while"
            ecep:syllab="1"
            ecep:pron="waɪl">while</w>
         <c> </c>
         <w xml:id="bjb18-544810"
            n="a-0270"
            ecep:lem="in"
            ecep:pos="p-acp"
            ecep:reg="in"
            ecep:spe="in"
            ecep:syllab="1"
            ecep:pron="ɪn">in</w>
         <c> </c>
         <w xml:id="bjb18-544820"
            n="a-0280"
            ecep:lem="lofty"
            ecep:pos="j"
            ecep:reg="lofty"
            ecep:spe="lofty"
            ecep:syllab="2"
            ecep:pron="ˈlɒfti">lofty</w>
         <c> </c>
         <w xml:id="bjb18-544830"
            n="a-0290"
            ecep:lem="region"
            ecep:pos="n2"
            ecep:reg="regions"
            ecep:spe="regions"
            ecep:syllab="2"
            ecep:pron="ˈriːdʒənz">regions</w>
         <c> </c>
         <w xml:id="bjb18-544840"
            n="a-0300"
            ecep:lem="prove"
            ecep:pos="vvi"
            ecep:reg="prove"
            ecep:spe="prove"
            ecep:syllab="1"
            ecep:pron="pruːv">prove</w>
         <pc xml:id="bjb18-544850"
             n="a-0310"
             ecep:lem=","
             ecep:pos=","
             ecep:reg=","
             ecep:spe=",">,</pc>
      </l>
      <l xml:id="bjb18-l29580">
         <c> </c>
         <w xml:id="bjb18-544860"
            n="a-0320"
            ecep:lem="the"
            ecep:pos="dt"
            ecep:reg="The"
            ecep:spe="The"
            ecep:syllab="1"
            ecep:pron="ðiː">The</w>
         <c> </c>
         <w xml:id="bjb18-544870"
            n="a-0330"
            ecep:lem="purify"
            ecep:pos="j-vvg"
            ecep:reg="purifying"
            ecep:spe="purifying"
            ecep:syllab="4"
            ecep:pron="ˈpjʊərɪfaɪɪŋ">purifying</w>
         <c> </c>
         <w xml:id="bjb18-544880"
            n="a-0340"
            ecep:lem="glow"
            ecep:pos="n1"
            ecep:reg="glow"
            ecep:spe="glow"
            ecep:syllab="1"
            ecep:pron="gləʊ">glow</w>
         <c> </c>
         <w xml:id="bjb18-544890"
            n="a-0350"
            ecep:lem="of"
            ecep:pos="pp-f"
            ecep:reg="of"
            ecep:spe="of"
            ecep:syllab="1"
            ecep:pron="ɒv">of</w>
         <c> </c>
         <w xml:id="bjb18-544900"
            n="a-0360"
            ecep:lem="holy"
            ecep:pos="j"
            ecep:reg="holy"
            ecep:spe="holy"
            ecep:syllab="2"
            ecep:pron="ˈhəʊli">holy</w>
         <c> </c>
         <w xml:id="bjb18-544910"
            n="a-0370"
            ecep:lem="love"
            ecep:pos="n1"
            ecep:reg="love"
            ecep:spe="love"
            ecep:syllab="1"
            ecep:pron="lʌv">love</w>
         <pc xml:id="bjb18-544920"
             n="a-0380"
             unit="sentence"
             ecep:lem="!"
             ecep:pos="!"
             ecep:reg="!"
             ecep:spe="!">!</pc>
         <c> </c>
      </l>
   </lg>
   <lg xml:id="bjb18-s03825">
      <l rendition="#h_3" xml:id="bjb18-l29585">
         <w xml:id="bjb18-544950"
            n="a-0390"
            ecep:lem="the"
            ecep:pos="dt"
            ecep:reg="The"
            ecep:spe="The"
            ecep:syllab="1"
            ecep:pron="ðiː">The</w>
         <c> </c>
         <w xml:id="bjb18-544960"
            n="a-0400"
            ecep:lem="solemn"
            ecep:pos="j"
            ecep:reg="solemn"
            ecep:spe="solemn"
            ecep:syllab="2"
            ecep:pron="ˈsɒləm">solemn</w>
         <c> </c>
         <w xml:id="bjb18-544970"
            n="a-0410"
            ecep:lem="dome"
            ecep:pos="n1"
            ecep:reg="dome"
            ecep:spe="dome"
            ecep:syllab="1"
            ecep:pron="dəʊm">dome</w>
         <c> </c>
         <w xml:id="bjb18-544980"
            n="a-0420"
            ecep:lem="of"
            ecep:pos="pp-f"
            ecep:reg="of"
            ecep:spe="of"
            ecep:syllab="1"
            ecep:pron="ɒv">of</w>
         <c> </c>
         <w xml:id="bjb18-544990"
            n="a-0430"
            ecep:lem="night"
            ecep:pos="n1"
            ecep:reg="night"
            ecep:spe="night"
            ecep:syllab="1"
            ecep:pron="naɪt">night</w>
         <c> </c>
         <w xml:id="bjb18-545000"
            n="a-0440"
            ecep:lem="be"
            ecep:pos="vbz"
            ecep:reg="is"
            ecep:spe="is"
            ecep:syllab="1"
            ecep:pron="ɪz">is</w>
         <c> </c>
         <w xml:id="bjb18-545010"
            n="a-0450"
            ecep:lem="over"
            ecep:pos="p-acp"
            ecep:reg="over"
            ecep:spe="o'er"
            ecep:syllab="1"
            ecep:pron="ˈɔːə">o'er</w>
         <c> </c>
         <w xml:id="bjb18-545020"
            n="a-0460"
            ecep:lem="my"
            ecep:pos="po11"
            ecep:reg="my"
            ecep:spe="my"
            ecep:syllab="1"
            ecep:pron="maɪ">my</w>
         <c> </c>
         <w xml:id="bjb18-545030"
            n="a-0470"
            ecep:lem="head"
            ecep:pos="n1"
            ecep:reg="head"
            ecep:spe="head"
            ecep:syllab="1"
            ecep:pron="hed">head</w>
         <pc xml:id="bjb18-545040"
             n="a-0480"
             ecep:lem=","
             ecep:pos=","
             ecep:reg=","
             ecep:spe=",">,</pc>
      </l>
      <l xml:id="bjb18-l29590">
         <c> </c>
         <w xml:id="bjb18-545050"
            n="a-0490"
            ecep:lem="where"
            ecep:pos="q-crq"
            ecep:reg="Where"
            ecep:spe="Where"
            ecep:syllab="1"
            ecep:pron="weə">Where</w>
         <c> </c>
         <w xml:id="bjb18-545060"
            n="a-0500"
            ecep:lem="countless"
            ecep:pos="j"
            ecep:reg="countless"
            ecep:spe="countless"
            ecep:syllab="2"
            ecep:pron="ˈkaʊntləs">countless</w>
         <c> </c>
         <w xml:id="bjb18-545070"
            n="a-0510"
            ecep:lem="star"
            ecep:pos="n2"
            ecep:reg="stars"
            ecep:spe="stars"
            ecep:syllab="1"
            ecep:pron="stɑːz">stars</w>
         <c> </c>
         <w xml:id="bjb18-545080"
            n="a-0520"
            ecep:lem="in"
            ecep:pos="p-acp"
            ecep:reg="in"
            ecep:spe="in"
            ecep:syllab="1"
            ecep:pron="ɪn">in</w>
         <c> </c>
         <w xml:id="bjb18-545090"
            n="a-0530"
            ecep:lem="grand"
            ecep:pos="j"
            ecep:reg="grand"
            ecep:spe="grand"
            ecep:syllab="1"
            ecep:pron="grænd">grand</w>
         <c> </c>
         <w xml:id="bjb18-545100"
            n="a-0540"
            ecep:lem="array"
            ecep:pos="n1"
            ecep:reg="array"
            ecep:spe="array"
            ecep:syllab="2"
            ecep:pron="əˈreɪ">array</w>
         <c> </c>
         <w xml:id="bjb18-545110"
            n="a-0550"
            ecep:lem="be"
            ecep:pos="vbb"
            ecep:reg="are"
            ecep:spe="are"
            ecep:syllab="1"
            ecep:pron="ɑː">are</w>
         <c> </c>
         <w xml:id="bjb18-545120"
            n="a-0560"
            ecep:lem="spread"
            ecep:pos="vvn"
            ecep:reg="spread"
            ecep:spe="spread"
            ecep:syllab="1"
            ecep:pron="spred">spread</w>
         <c> </c>
         <pc xml:id="bjb18-545130"
             n="a-0570"
             ecep:lem="—"
             ecep:pos="—"
             ecep:reg="—"
             ecep:spe="—">—</pc>
      </l>
      <l xml:id="bjb18-l29595">
         <c> </c>
         <w xml:id="bjb18-545140"
            n="a-0580"
            ecep:lem="thy"
            ecep:pos="po21"
            ecep:reg="Thy"
            ecep:spe="Thy"
            ecep:syllab="1"
            ecep:pron="ðaɪ">Thy</w>
         <c> </c>
         <w xml:id="bjb18-545150"
            n="a-0590"
            ecep:lem="mighty"
            ecep:pos="j"
            ecep:reg="mighty"
            ecep:spe="mighty"
            ecep:syllab="2"
            ecep:pron="ˈmaɪti">mighty</w>
         <c> </c>
         <w xml:id="bjb18-545160"
            n="a-0600"
            ecep:lem="host"
            ecep:pos="n1"
            ecep:reg="host"
            ecep:spe="host"
            ecep:syllab="1"
            ecep:pron="həʊst">host</w>
         <pc xml:id="bjb18-545170"
             n="a-0610"
             ecep:lem=","
             ecep:pos=","
             ecep:reg=","
             ecep:spe=",">,</pc>
         <c> </c>
         <w xml:id="bjb18-545180"
            n="a-0620"
            ecep:lem="that"
            ecep:pos="cst"
            ecep:reg="that"
            ecep:spe="that"
            ecep:syllab="1"
            ecep:pron="ðæt">that</w>
         <c> </c>
         <w xml:id="bjb18-545190"
            n="a-0630"
            ecep:lem="to"
            ecep:pos="p-acp"
            ecep:reg="to"
            ecep:spe="to"
            ecep:syllab="1"
            ecep:pron="tuː">to</w>
         <c> </c>
         <w xml:id="bjb18-545200"
            n="a-0640"
            ecep:lem="our"
            ecep:pos="po12"
            ecep:reg="our"
            ecep:spe="our"
            ecep:syllab="1"
            ecep:pron="ˈaʊə">our</w>
         <c> </c>
         <w xml:id="bjb18-545210"
            n="a-0650"
            ecep:lem="wonder"
            ecep:pos="j-vvg"
            ecep:reg="wondering"
            ecep:spe="wondering"
            ecep:syllab="3"
            ecep:pron="ˈwʌndərɪŋ">wondering</w>
         <c> </c>
         <w xml:id="bjb18-545220"
            n="a-0660"
            ecep:lem="eye"
            ecep:pos="n2"
            ecep:reg="eyes"
            ecep:spe="eyes"
            ecep:syllab="1"
            ecep:pron="aɪz">eyes</w>
      </l>
      <l xml:id="bjb18-l29600">
         <c> </c>
         <w xml:id="bjb18-545230"
            n="a-0670"
            ecep:lem="one"
            ecep:pos="crd"
            ecep:reg="One"
            ecep:spe="One"
            ecep:syllab="1"
            ecep:pron="wʌn">One</w>
         <c> </c>
         <w xml:id="bjb18-545240"
            n="a-0680"
            ecep:lem="maze"
            ecep:pos="n1"
            ecep:reg="maze"
            ecep:spe="maze"
            ecep:syllab="1"
            ecep:pron="meɪz">maze</w>
         <c> </c>
         <w xml:id="bjb18-545250"
            n="a-0690"
            ecep:lem="of"
            ecep:pos="pp-f"
            ecep:reg="of"
            ecep:spe="of"
            ecep:syllab="1"
            ecep:pron="ɒv">of</w>
         <c> </c>
         <w xml:id="bjb18-545260"
            n="a-0700"
            ecep:lem="glory"
            ecep:pos="n1"
            ecep:reg="glory"
            ecep:spe="glory"
            ecep:syllab="2"
            ecep:pron="ˈglɔːri">glory</w>
         <c> </c>
         <w xml:id="bjb18-545270"
            n="a-0710"
            ecep:lem="be"
            ecep:pos="vbz"
            ecep:reg="is"
            ecep:spe="is"
            ecep:syllab="1"
            ecep:pron="ɪz">is</w>
         <pc xml:id="bjb18-545280"
             n="a-0720"
             ecep:lem=";"
             ecep:pos=";"
             ecep:reg=";"
             ecep:spe=";">;</pc>
         <c> </c>
         <w xml:id="bjb18-545290"
            n="a-0730"
            ecep:lem="while"
            ecep:pos="cs"
            ecep:reg="while"
            ecep:spe="while"
            ecep:syllab="1"
            ecep:pron="waɪl">while</w>
         <c> </c>
         <w xml:id="bjb18-545300"
            n="a-0740"
            ecep:lem="somber"
            ecep:pos="j"
            ecep:reg="somber"
            ecep:spe="sombre"
            ecep:syllab="2"
            ecep:pron="ˈsɒmbə">sombre</w>
         <c> </c>
         <w xml:id="bjb18-545310"
            n="a-0750"
            ecep:lem="lie"
            ecep:pos="n2"
            ecep:reg="lies"
            ecep:spe="lies"
            ecep:syllab="1"
            ecep:pron="laɪz">lies</w>
      </l>
      <l xml:id="bjb18-l29605">
         <c> </c>
         <w xml:id="bjb18-545320"
            n="a-0760"
            ecep:lem="beneath"
            ecep:pos="p-acp"
            ecep:reg="Beneath"
            ecep:spe="Beneath"
            ecep:syllab="2"
            ecep:pron="biˈniːθ">Beneath</w>
         <c> </c>
         <w xml:id="bjb18-545330"
            n="a-0770"
            ecep:lem="its"
            ecep:pos="po31"
            ecep:reg="its"
            ecep:spe="its"
            ecep:syllab="1"
            ecep:pron="ɪts">its</w>
         <c> </c>
         <w xml:id="bjb18-545340"
            n="a-0780"
            ecep:lem="vasty"
            ecep:pos="j"
            ecep:reg="vasty"
            ecep:spe="vasty"
            ecep:syllab="2"
            ecep:pron="ˈvɑːstɪ">vasty</w>
         <c> </c>
         <w xml:id="bjb18-545350"
            n="a-0790"
            ecep:lem="span"
            ecep:pos="n1"
            ecep:reg="span"
            ecep:spe="span"
            ecep:syllab="1"
            ecep:pron="spæn">span</w>
         <c> </c>
         <w xml:id="bjb18-545360"
            n="a-0800"
            ecep:lem="the"
            ecep:pos="dt"
            ecep:reg="the"
            ecep:spe="the"
            ecep:syllab="1"
            ecep:pron="ðiː">the</w>
         <c> </c>
         <w xml:id="bjb18-545370"
            n="a-0810"
            ecep:lem="darken"
            ecep:pos="j-vvn"
            ecep:reg="darkened"
            ecep:spe="darkened"
            ecep:syllab="2"
            ecep:pron="ˈdɑːkənd">darkened</w>
         <c> </c>
         <w xml:id="bjb18-545380"
            n="a-0820"
            ecep:lem="face"
            ecep:pos="n1"
            ecep:reg="face"
            ecep:spe="face"
            ecep:syllab="1"
            ecep:pron="feɪs">face</w>
      </l>
      <l xml:id="bjb18-l29610">
         <c> </c>
         <w xml:id="bjb18-545390"
            n="a-0830"
            ecep:lem="of"
            ecep:pos="pp-f"
            ecep:reg="Of"
            ecep:spe="Of"
            ecep:syllab="1"
            ecep:pron="ɒv">Of</w>
         <c> </c>
         <w xml:id="bjb18-545400"
            n="a-0840"
            ecep:lem="many"
            ecep:pos="d"
            ecep:reg="many"
            ecep:spe="many"
            ecep:syllab="1"
            ecep:pron="ˈmeni">many</w>
         <c> </c>
         <w xml:id="bjb18-545410"
            n="a-0850"
            ecep:lem="a"
            ecep:pos="dt"
            ecep:reg="a"
            ecep:spe="a"
            ecep:syllab="1"
            ecep:pron="ə">a</w>
         <c> </c>
         <w xml:id="bjb18-545420"
            n="a-0860"
            ecep:lem="land"
            ecep:pos="n1"
            ecep:reg="land"
            ecep:spe="land"
            ecep:syllab="1"
            ecep:pron="lænd">land</w>
         <pc xml:id="bjb18-545430"
             n="a-0870"
             ecep:lem=","
             ecep:pos=","
             ecep:reg=","
             ecep:spe=",">,</pc>
         <c> </c>
         <w xml:id="bjb18-545440"
            n="a-0880"
            ecep:lem="where"
            ecep:pos="c-crq"
            ecep:reg="where"
            ecep:spe="where"
            ecep:syllab="1"
            ecep:pron="weə">where</w>
         <c> </c>
         <w xml:id="bjb18-545450"
            n="a-0890"
            ecep:lem="many"
            ecep:pos="d"
            ecep:reg="many"
            ecep:spe="many"
            ecep:syllab="1"
            ecep:pron="ˈmeni">many</w>
         <c> </c>
         <w xml:id="bjb18-545460"
            n="a-0900"
            ecep:lem="a"
            ecep:pos="dt"
            ecep:reg="a"
            ecep:spe="a"
            ecep:syllab="1"
            ecep:pron="ə">a</w>
         <c> </c>
         <w xml:id="bjb18-545470"
            n="a-0910"
            ecep:lem="motley"
            ecep:pos="n1"
            ecep:reg="motley"
            ecep:spe="motley"
            ecep:syllab="2"
            ecep:pron="ˈmɒtli">motley</w>
         <c> </c>
         <w xml:id="bjb18-545480"
            n="a-0920"
            ecep:lem="race"
            ecep:pos="n1"
            ecep:reg="race"
            ecep:spe="race"
            ecep:syllab="1"
            ecep:pron="reɪs">race</w>
         <pc xml:id="bjb18-545490"
             n="a-0930"
             ecep:lem=","
             ecep:pos=","
             ecep:reg=","
             ecep:spe=",">,</pc>
      </l>
      <l xml:id="bjb18-l29615">
         <c> </c>
         <w xml:id="bjb18-545500"
            n="a-0940"
            ecep:lem="with"
            ecep:pos="p-acp"
            ecep:reg="With"
            ecep:spe="With"
            ecep:syllab="1"
            ecep:pron="wɪð">With</w>
         <c> </c>
         <w xml:id="bjb18-545510"
            n="a-0950"
            ecep:lem="all"
            ecep:pos="d"
            ecep:reg="all"
            ecep:spe="all"
            ecep:syllab="1"
            ecep:pron="ɔːl">all</w>
         <c> </c>
         <w xml:id="bjb18-545520"
            n="a-0960"
            ecep:lem="their"
            ecep:pos="po32"
            ecep:reg="their"
            ecep:spe="their"
            ecep:syllab="1"
            ecep:pron="ðeə">their</w>
         <c> </c>
         <w xml:id="bjb18-545530"
            n="a-0970"
            ecep:lem="worldly"
            ecep:pos="j"
            ecep:reg="worldly"
            ecep:spe="worldly"
            ecep:syllab="2"
            ecep:pron="ˈwɜːldli">worldly</w>
         <c> </c>
         <w xml:id="bjb18-545540"
            n="a-0980"
            ecep:lem="care"
            ecep:pos="n1"
            ecep:reg="care"
            ecep:spe="care"
            ecep:syllab="1"
            ecep:pron="keə">care</w>
         <pc xml:id="bjb18-545550"
             n="a-0990"
             ecep:lem=","
             ecep:pos=","
             ecep:reg=","
             ecep:spe=",">,</pc>
         <c> </c>
         <w xml:id="bjb18-545560"
            n="a-1000"
            ecep:lem="in"
            ecep:pos="p-acp"
            ecep:reg="in"
            ecep:spe="in"
            ecep:syllab="1"
            ecep:pron="ɪn">in</w>
         <c> </c>
         <w xml:id="bjb18-545570"
            n="a-1010"
            ecep:lem="sleep"
            ecep:pos="n1"
            ecep:reg="sleep"
            ecep:spe="sleep"
            ecep:syllab="1"
            ecep:pron="sliːp">sleep</w>
         <c> </c>
         <w xml:id="bjb18-545580"
            n="a-1020"
            ecep:lem="be"
            ecep:pos="vbb"
            ecep:reg="are"
            ecep:spe="are"
            ecep:syllab="1"
            ecep:pron="ɑː">are</w>
         <c> </c>
         <w xml:id="bjb18-545590"
            n="a-1030"
            ecep:lem="leap"
            ecep:pos="vvn"
            ecep:reg="leapt"
            ecep:spe="lapt"
            ecep:syllab="1"
            ecep:pron="lˈæpt">lapt</w>
         <pc xml:id="bjb18-545600"
             n="a-1040"
             unit="sentence"
             ecep:lem="."
             ecep:pos="."
             ecep:reg="."
             ecep:spe=".">.</pc>
         <c> </c>
      </l>
      <l xml:id="bjb18-l29620">
         <w xml:id="bjb18-545610"
            n="a-1050"
            ecep:lem="o"
            ecep:pos="uh"
            ecep:reg="OH"
            ecep:spe="O"
            ecep:syllab="1"
            ecep:pron="əʊ">O</w>
         <pc xml:id="bjb18-545620"
             n="a-1060"
             ecep:lem=","
             ecep:pos=","
             ecep:reg=","
             ecep:spe=",">,</pc>
         <c> </c>
         <w xml:id="bjb18-545630"
            n="a-1070"
            ecep:lem="may"
            ecep:pos="vmd"
            ecep:reg="might"
            ecep:spe="might"
            ecep:syllab="1"
            ecep:pron="maɪt">might</w>
         <c> </c>
         <w xml:id="bjb18-545640"
            n="a-1080"
            ecep:lem="my"
            ecep:pos="po11"
            ecep:reg="my"
            ecep:spe="my"
            ecep:syllab="1"
            ecep:pron="maɪ">my</w>
         <c> </c>
         <w xml:id="bjb18-545650"
            n="a-1090"
            ecep:lem="soul"
            ecep:pos="n1"
            ecep:reg="soul"
            ecep:spe="soul"
            ecep:syllab="1"
            ecep:pron="səʊl">soul</w>
         <pc xml:id="bjb18-545660"
             n="a-1100"
             ecep:lem=","
             ecep:pos=","
             ecep:reg=","
             ecep:spe=",">,</pc>
         <c> </c>
         <w xml:id="bjb18-545670"
            n="a-1110"
            ecep:lem="in"
            ecep:pos="p-acp"
            ecep:reg="in"
            ecep:spe="in"
            ecep:syllab="1"
            ecep:pron="ɪn">in</w>
         <c> </c>
         <w xml:id="bjb18-545680"
            n="a-1120"
            ecep:lem="adoration"
            ecep:pos="n1"
            ecep:reg="adoration"
            ecep:spe="adoration"
            ecep:syllab="4"
            ecep:pron="ˌædəˈreɪʃn">adoration</w>
         <c> </c>
         <w xml:id="bjb18-545690"
            n="a-1130"
            ecep:lem="rapt"
            ecep:pos="j"
            ecep:reg="rapt"
            ecep:spe="rapt"
            ecep:syllab="1"
            ecep:pron="ræpt">rapt</w>
         <pc xml:id="bjb18-545700"
             n="a-1140"
             ecep:lem=","
             ecep:pos=","
             ecep:reg=","
             ecep:spe=",">,</pc>
      </l>
      <l xml:id="bjb18-l29625">
         <c> </c>
         <w xml:id="bjb18-545710"
            n="a-1150"
            ecep:lem="her"
            ecep:pos="po31"
            ecep:reg="Her"
            ecep:spe="Her"
            ecep:syllab="1"
            ecep:pron="hɜː">Her</w>
         <c> </c>
         <w xml:id="bjb18-545720"
            n="a-1160"
            ecep:lem="high"
            ecep:pos="j"
            ecep:reg="high"
            ecep:spe="high"
            ecep:syllab="1"
            ecep:pron="haɪ">high</w>
         <c> </c>
         <w xml:id="bjb18-545730"
            n="a-1170"
            ecep:lem="concentre"
            ecep:pos="j-vvn"
            ecep:reg="concentred"
            ecep:spe="concentered"
            ecep:syllab="4"
            ecep:pron="kɒnˈsentəd">concentered</w>
         <c> </c>
         <w xml:id="bjb18-545740"
            n="a-1180"
            ecep:lem="thought"
            ecep:pos="n2"
            ecep:reg="thoughts"
            ecep:spe="thoughts"
            ecep:syllab="1"
            ecep:pron="θɔːts">thoughts</w>
         <c> </c>
         <w xml:id="bjb18-545750"
            n="a-1190"
            ecep:lem="still"
            ecep:pos="av"
            ecep:reg="still"
            ecep:spe="still"
            ecep:syllab="1"
            ecep:pron="stɪl">still</w>
         <c> </c>
         <w xml:id="bjb18-545760"
            n="a-1200"
            ecep:lem="raise"
            ecep:pos="vvi"
            ecep:reg="raise"
            ecep:spe="raise"
            ecep:syllab="1"
            ecep:pron="reɪz">raise</w>
         <c> </c>
         <w xml:id="bjb18-545770"
            n="a-1210"
            ecep:lem="to"
            ecep:pos="p-acp"
            ecep:reg="to"
            ecep:spe="to"
            ecep:syllab="1"
            ecep:pron="tuː">to</w>
         <c> </c>
         <w xml:id="bjb18-545780"
            n="a-1220"
            ecep:lem="thou"
            ecep:pos="pno21"
            ecep:reg="thee"
            ecep:spe="thee"
            ecep:syllab="1"
            ecep:pron="ðiː">thee</w>
         <pc xml:id="bjb18-545790"
             n="a-1230"
             ecep:lem=","
             ecep:pos=","
             ecep:reg=","
             ecep:spe=",">,</pc>
      </l>
      <l xml:id="bjb18-l29630">
         <c> </c>
         <w xml:id="bjb18-545800"
            n="a-1240"
            ecep:lem="with"
            ecep:pos="p-acp"
            ecep:reg="With"
            ecep:spe="With"
            ecep:syllab="1"
            ecep:pron="wɪð">With</w>
         <c> </c>
         <w xml:id="bjb18-545810"
            n="a-1250"
            ecep:lem="steady"
            ecep:pos="j"
            ecep:reg="steady"
            ecep:spe="steady"
            ecep:syllab="2"
            ecep:pron="ˈstedi">steady</w>
         <c> </c>
         <w xml:id="bjb18-545820"
            n="a-1260"
            ecep:lem="power"
            ecep:pos="n1"
            ecep:reg="power"
            ecep:spe="power"
            ecep:syllab="1"
            ecep:pron="ˈpaʊə">power</w>
         <pc xml:id="bjb18-545830"
             n="a-1270"
             unit="sentence"
             ecep:lem="!"
             ecep:pos="!"
             ecep:reg="!"
             ecep:spe="!">!</pc>
         <c> </c>
         <w xml:id="bjb18-545840"
            n="a-1280"
            ecep:lem="alas"
            ecep:pos="uh"
            ecep:reg="Alas"
            ecep:spe="Alas"
            ecep:syllab="2"
            ecep:pron="əˈlæs">Alas</w>
         <pc xml:id="bjb18-545850"
             n="a-1290"
             ecep:lem=","
             ecep:pos=","
             ecep:reg=","
             ecep:spe=",">,</pc>
         <c> </c>
         <w xml:id="bjb18-545860"
            n="a-1300"
            ecep:lem="this"
            ecep:pos="d"
            ecep:reg="this"
            ecep:spe="this"
            ecep:syllab="1"
            ecep:pron="ðɪs">this</w>
         <c> </c>
         <w xml:id="bjb18-545870"
            n="a-1310"
            ecep:lem="may"
            ecep:pos="vmb"
            ecep:reg="may"
            ecep:spe="may"
            ecep:syllab="1"
            ecep:pron="meɪ">may</w>
         <c> </c>
         <w xml:id="bjb18-545880"
            n="a-1320"
            ecep:lem="not"
            ecep:pos="xx"
            ecep:reg="not"
            ecep:spe="not"
            ecep:syllab="1"
            ecep:pron="ˈdɪdnt">not</w>
         <c> </c>
         <w xml:id="bjb18-545890"
            n="a-1330"
            ecep:lem="be"
            ecep:pos="vbi"
            ecep:reg="be"
            ecep:spe="be"
            ecep:syllab="1"
            ecep:pron="biː">be</w>
         <pc xml:id="bjb18-545900"
             n="a-1340"
             unit="sentence"
             ecep:lem="!"
             ecep:pos="!"
             ecep:reg="!"
             ecep:spe="!">!</pc>
         <c> </c>
      </l>
      <pb n="374" rend="none"/>
      <l xml:id="bjb18-l29635">
         <w xml:id="bjb18-545910"
            n="a-0010"
            ecep:lem="my"
            ecep:pos="po11"
            ecep:reg="My"
            ecep:spe="My"
            ecep:syllab="1"
            ecep:pron="maɪ">My</w>
         <c> </c>
         <w xml:id="bjb18-545920"
            n="a-0020"
            ecep:lem="thought"
            ecep:pos="n2"
            ecep:reg="thoughts"
            ecep:spe="thoughts"
            ecep:syllab="1"
            ecep:pron="θɔːts">thoughts</w>
         <c> </c>
         <w xml:id="bjb18-545930"
            n="a-0030"
            ecep:lem="be"
            ecep:pos="vbr"
            ecep:reg="are"
            ecep:spe="are"
            ecep:syllab="1"
            ecep:pron="ɑː">are</w>
         <c> </c>
         <w xml:id="bjb18-545940"
            n="a-0040"
            ecep:lem="twilight"
            ecep:pos="n1"
            ecep:reg="twilight"
            ecep:spe="twilight"
            ecep:syllab="2"
            ecep:pron="ˈtwaɪlaɪt">twilight</w>
         <c> </c>
         <w xml:id="bjb18-545950"
            n="a-0050"
            ecep:lem="bird"
            ecep:pos="n2"
            ecep:reg="birds"
            ecep:spe="birds"
            ecep:syllab="1"
            ecep:pron="bɜːdz">birds</w>
         <pc xml:id="bjb18-545960"
             n="a-0060"
             ecep:lem=","
             ecep:pos=","
             ecep:reg=","
             ecep:spe=",">,</pc>
         <c> </c>
         <w xml:id="bjb18-545970"
            n="a-0070"
            ecep:lem="in"
            ecep:pos="p-acp"
            ecep:reg="in"
            ecep:spe="in"
            ecep:syllab="1"
            ecep:pron="ɪn">in</w>
         <c> </c>
         <w xml:id="bjb18-545980"
            n="a-0080"
            ecep:lem="season"
            ecep:pos="n2"
            ecep:reg="seasons"
            ecep:spe="seasons"
            ecep:syllab="2"
            ecep:pron="ˈsiːznz">seasons</w>
         <c> </c>
         <w xml:id="bjb18-545990"
            n="a-0090"
            ecep:lem="rare"
            ecep:pos="j"
            ecep:reg="rare"
            ecep:spe="rare"
            ecep:syllab="1"
            ecep:pron="reə">rare</w>
         <pc xml:id="bjb18-546000"
             n="a-0100"
             ecep:lem=","
             ecep:pos=","
             ecep:reg=","
             ecep:spe=",">,</pc>
      </l>
      <l xml:id="bjb18-l29640">
         <c> </c>
         <w xml:id="bjb18-546010"
            n="a-0110"
            ecep:lem="that"
            ecep:pos="cst"
            ecep:reg="That"
            ecep:spe="That"
            ecep:syllab="1"
            ecep:pron="ðæt">That</w>
         <c> </c>
         <w xml:id="bjb18-546020"
            n="a-0120"
            ecep:lem="skim"
            ecep:pos="vvb"
            ecep:reg="skim"
            ecep:spe="skim"
            ecep:syllab="1"
            ecep:pron="skɪm">skim</w>
         <c> </c>
         <w xml:id="bjb18-546030"
            n="a-0130"
            ecep:lem="and"
            ecep:pos="cc"
            ecep:reg="and"
            ecep:spe="and"
            ecep:syllab="1"
            ecep:pron="ænd">and</w>
         <c> </c>
         <w xml:id="bjb18-546040"
            n="a-0140"
            ecep:lem="rise"
            ecep:pos="vvi"
            ecep:reg="rise"
            ecep:spe="rise"
            ecep:syllab="1"
            ecep:pron="raɪz">rise</w>
         <pc xml:id="bjb18-546050"
             n="a-0150"
             ecep:lem=","
             ecep:pos=","
             ecep:reg=","
             ecep:spe=",">,</pc>
         <c> </c>
         <w xml:id="bjb18-546060"
            n="a-0160"
            ecep:lem="and"
            ecep:pos="cc"
            ecep:reg="and"
            ecep:spe="and"
            ecep:syllab="1"
            ecep:pron="ænd">and</w>
         <c> </c>
         <w xml:id="bjb18-546070"
            n="a-0170"
            ecep:lem="flit"
            ecep:pos="vvi"
            ecep:reg="flit"
            ecep:spe="flit"
            ecep:syllab="1"
            ecep:pron="flɪt">flit</w>
         <c> </c>
         <w xml:id="bjb18-546080"
            n="a-0180"
            ecep:lem="in"
            ecep:pos="p-acp"
            ecep:reg="in"
            ecep:spe="in"
            ecep:syllab="1"
            ecep:pron="ɪn">in</w>
         <c> </c>
         <w xml:id="bjb18-546090"
            n="a-0190"
            ecep:lem="nether"
            ecep:pos="j"
            ecep:reg="neither"
            ecep:spe="nether"
            ecep:syllab="2"
            ecep:pron="ˈneðə">nether</w>
         <c> </c>
         <w xml:id="bjb18-546100"
            n="a-0200"
            ecep:lem="air"
            ecep:pos="n1"
            ecep:reg="air"
            ecep:spe="air"
            ecep:syllab="1"
            ecep:pron="eə">air</w>
         <pc xml:id="bjb18-546110"
             n="a-0210"
             ecep:lem=";"
             ecep:pos=";"
             ecep:reg=";"
             ecep:spe=";">;</pc>
      </l>
      <l xml:id="bjb18-l29645">
         <c> </c>
         <w xml:id="bjb18-546120"
            n="a-0220"
            ecep:lem="that"
            ecep:pos="d"
            ecep:reg="That"
            ecep:spe="That"
            ecep:syllab="1"
            ecep:pron="ðæt">That</w>
         <c> </c>
         <w xml:id="bjb18-546130"
            n="a-0230"
            ecep:lem="wheel"
            ecep:pos="n1"
            ecep:reg="wheel"
            ecep:spe="wheel"
            ecep:syllab="1"
            ecep:pron="wiːl">wheel</w>
         <pc xml:id="bjb18-546140"
             n="a-0240"
             ecep:lem=","
             ecep:pos=","
             ecep:reg=","
             ecep:spe=",">,</pc>
         <c> </c>
         <w xml:id="bjb18-546150"
            n="a-0250"
            ecep:lem="and"
            ecep:pos="cc"
            ecep:reg="and"
            ecep:spe="and"
            ecep:syllab="1"
            ecep:pron="ænd">and</w>
         <c> </c>
         <w xml:id="bjb18-546160"
            n="a-0260"
            ecep:lem="turn"
            ecep:pos="vvi"
            ecep:reg="turn"
            ecep:spe="turn"
            ecep:syllab="1"
            ecep:pron="tɜːn">turn</w>
         <pc xml:id="bjb18-546170"
             n="a-0270"
             ecep:lem=","
             ecep:pos=","
             ecep:reg=","
             ecep:spe=",">,</pc>
         <c> </c>
         <w xml:id="bjb18-546180"
            n="a-0280"
            ecep:lem="and"
            ecep:pos="cc"
            ecep:reg="and"
            ecep:spe="and"
            ecep:syllab="1"
            ecep:pron="ænd">and</w>
         <c> </c>
         <w xml:id="bjb18-546190"
            n="a-0290"
            ecep:lem="cross"
            ecep:pos="j"
            ecep:reg="cross"
            ecep:spe="cross"
            ecep:syllab="1"
            ecep:pron="krɒs">cross</w>
         <pc xml:id="bjb18-546200"
             n="a-0300"
             ecep:lem=","
             ecep:pos=","
             ecep:reg=","
             ecep:spe=",">,</pc>
         <c> </c>
         <w xml:id="bjb18-546210"
            n="a-0310"
            ecep:lem="and"
            ecep:pos="cc"
            ecep:reg="and"
            ecep:spe="and"
            ecep:syllab="1"
            ecep:pron="ænd">and</w>
         <c> </c>
         <w xml:id="bjb18-546220"
            n="a-0320"
            ecep:lem="soar"
            ecep:pos="vvb"
            ecep:reg="soar"
            ecep:spe="soar"
            ecep:syllab="1"
            ecep:pron="sɔː">soar</w>
         <pc xml:id="bjb18-546230"
             n="a-0330"
             ecep:lem=","
             ecep:pos=","
             ecep:reg=","
             ecep:spe=",">,</pc>
         <c> </c>
         <w xml:id="bjb18-546240"
            n="a-0340"
            ecep:lem="and"
            ecep:pos="cc"
            ecep:reg="and"
            ecep:spe="and"
            ecep:syllab="1"
            ecep:pron="ænd">and</w>
         <c> </c>
         <w xml:id="bjb18-546250"
            n="a-0350"
            ecep:lem="swoop"
            ecep:pos="n1"
            ecep:reg="swoop"
            ecep:spe="swoop"
            ecep:syllab="1"
            ecep:pron="swuːp">swoop</w>
         <pc xml:id="bjb18-546260"
             n="a-0360"
             ecep:lem=","
             ecep:pos=","
             ecep:reg=","
             ecep:spe=",">,</pc>
      </l>
      <l xml:id="bjb18-l29650">
         <c> </c>
         <w xml:id="bjb18-546270"
            n="a-0370"
            ecep:lem="with"
            ecep:pos="p-acp"
            ecep:reg="With"
            ecep:spe="With"
            ecep:syllab="1"
            ecep:pron="wɪð">With</w>
         <c> </c>
         <w xml:id="bjb18-546280"
            n="a-0380"
            ecep:lem="seem"
            ecep:pos="vvg"
            ecep:reg="seeming"
            ecep:spe="seeming"
            ecep:syllab="2"
            ecep:pron="ˈsiːmɪŋ">seeming</w>
         <c> </c>
         <w xml:id="bjb18-546290"
            n="a-0390"
            ecep:lem="bootless"
            ecep:pos="j"
            ecep:reg="bootless"
            ecep:spe="bootless"
            ecep:syllab="2"
            ecep:pron="ˈbuːtləs">bootless</w>
         <c> </c>
         <w xml:id="bjb18-546300"
            n="a-0400"
            ecep:lem="speed"
            ecep:pos="n1"
            ecep:reg="speed"
            ecep:spe="speed"
            ecep:syllab="1"
            ecep:pron="spiːd">speed</w>
         <pc xml:id="bjb18-546310"
             n="a-0410"
             ecep:lem=","
             ecep:pos=","
             ecep:reg=","
             ecep:spe=",">,</pc>
         <c> </c>
         <w xml:id="bjb18-546320"
            n="a-0420"
            ecep:lem="then"
            ecep:pos="av"
            ecep:reg="then"
            ecep:spe="then"
            ecep:syllab="1"
            ecep:pron="ðen">then</w>
         <c> </c>
         <w xml:id="bjb18-546330"
            n="a-0430"
            ecep:lem="feeble"
            ecep:pos="av-j"
            ecep:reg="feebly"
            ecep:spe="feebly"
            ecep:syllab="2"
            ecep:pron="ˈfiːbli">feebly</w>
         <c> </c>
         <w xml:id="bjb18-546340"
            n="a-0440"
            ecep:lem="droop"
            ecep:pos="vvi"
            ecep:reg="droop"
            ecep:spe="droop"
            ecep:syllab="1"
            ecep:pron="druːp">droop</w>
      </l>
      <l xml:id="bjb18-l29655">
         <c> </c>
         <w xml:id="bjb18-546350"
            n="a-0450"
            ecep:lem="their"
            ecep:pos="po32"
            ecep:reg="Their"
            ecep:spe="Their"
            ecep:syllab="1"
            ecep:pron="ðeə">Their</w>
         <c> </c>
         <w xml:id="bjb18-546360"
            n="a-0460"
            ecep:lem="weary"
            ecep:pos="j"
            ecep:reg="weary"
            ecep:spe="weary"
            ecep:syllab="2"
            ecep:pron="ˈwɪəri">weary</w>
         <c> </c>
         <w xml:id="bjb18-546370"
            n="a-0470"
            ecep:lem="wing"
            ecep:pos="n2"
            ecep:reg="wings"
            ecep:spe="wings"
            ecep:syllab="1"
            ecep:pron="wɪŋz">wings</w>
         <pc xml:id="bjb18-546380"
             n="a-0480"
             ecep:lem=","
             ecep:pos=","
             ecep:reg=","
             ecep:spe=",">,</pc>
         <c> </c>
         <w xml:id="bjb18-546390"
            n="a-0490"
            ecep:lem="which"
            ecep:pos="r-crq"
            ecep:reg="which"
            ecep:spe="which"
            ecep:syllab="1"
            ecep:pron="wɪtʃ">which</w>
         <c> </c>
         <w xml:id="bjb18-546400"
            n="a-0500"
            ecep:lem="may"
            ecep:pos="vmb"
            ecep:reg="may"
            ecep:spe="may"
            ecep:syllab="1"
            ecep:pron="meɪ">may</w>
         <c> </c>
         <w xml:id="bjb18-546410"
            n="a-0510"
            ecep:lem="no"
            ecep:pos="av-dx"
            ecep:reg="no"
            ecep:spe="no"
            ecep:syllab="1"
            ecep:pron="nəʊ">no</w>
         <c> </c>
         <w xml:id="bjb18-546420"
            n="a-0520"
            ecep:lem="more"
            ecep:pos="av-dc"
            ecep:reg="more"
            ecep:spe="more"
            ecep:syllab="1"
            ecep:pron="mɔː">more</w>
         <c> </c>
         <w xml:id="bjb18-546430"
            n="a-0530"
            ecep:lem="sustain"
            ecep:pos="vvi"
            ecep:reg="sustain"
            ecep:spe="sustain"
            ecep:syllab="2"
            ecep:pron="səˈsteɪn">sustain</w>
      </l>
      <l xml:id="bjb18-l29660">
         <c> </c>
         <w xml:id="bjb18-546440"
            n="a-0540"
            ecep:lem="such"
            ecep:pos="d"
            ecep:reg="Such"
            ecep:spe="Such"
            ecep:syllab="1"
            ecep:pron="sʌtʃ">Such</w>
         <c> </c>
         <w xml:id="bjb18-546450"
            n="a-0550"
            ecep:lem="flight"
            ecep:pos="n1"
            ecep:reg="flight"
            ecep:spe="flight"
            ecep:syllab="1"
            ecep:pron="flaɪt">flight</w>
         <pc xml:id="bjb18-546460"
             n="a-0560"
             ecep:lem=","
             ecep:pos=","
             ecep:reg=","
             ecep:spe=",">,</pc>
         <c> </c>
         <w xml:id="bjb18-546470"
            n="a-0570"
            ecep:lem="and"
            ecep:pos="cc"
            ecep:reg="and"
            ecep:spe="and"
            ecep:syllab="1"
            ecep:pron="ænd">and</w>
         <c> </c>
         <w xml:id="bjb18-546480"
            n="a-0580"
            ecep:lem="hie"
            ecep:pos="vvb"
            ecep:reg="high"
            ecep:spe="hie"
            ecep:syllab="1"
            ecep:pron="haɪ">hie</w>
         <c> </c>
         <w xml:id="bjb18-546490"
            n="a-0590"
            ecep:lem="to"
            ecep:pos="p-acp"
            ecep:reg="to"
            ecep:spe="to"
            ecep:syllab="1"
            ecep:pron="tuː">to</w>
         <c> </c>
         <w xml:id="bjb18-546500"
            n="a-0600"
            ecep:lem="murky"
            ecep:pos="j"
            ecep:reg="murky"
            ecep:spe="murky"
            ecep:syllab="2"
            ecep:pron="ˈmɜːki">murky</w>
         <c> </c>
         <w xml:id="bjb18-546510"
            n="a-0610"
            ecep:lem="haunt"
            ecep:pos="n2"
            ecep:reg="haunts"
            ecep:spe="haunts"
            ecep:syllab="1"
            ecep:pron="hɔːnts">haunts</w>
         <c> </c>
         <w xml:id="bjb18-546520"
            n="a-0620"
            ecep:lem="again"
            ecep:pos="av"
            ecep:reg="again"
            ecep:spe="again"
            ecep:syllab="2"
            ecep:pron="əˈgen">again</w>
         <pc xml:id="bjb18-546530"
             n="a-0630"
             unit="sentence"
             ecep:lem="."
             ecep:pos="."
             ecep:reg="."
             ecep:spe=".">.</pc>
         <c> </c>
      </l>
   </lg>
   <lg xml:id="bjb18-s03830">
      <l rendition="#h_3" xml:id="bjb18-l29665">
         <w xml:id="bjb18-546560"
            n="a-0640"
            ecep:lem="my"
            ecep:pos="po11"
            ecep:reg="My"
            ecep:spe="My"
            ecep:syllab="1"
            ecep:pron="maɪ">My</w>
         <c> </c>
         <w xml:id="bjb18-546570"
            n="a-0650"
            ecep:lem="god"
            ecep:pos="n1"
            ecep:reg="God"
            ecep:spe="God"
            ecep:syllab="1"
            ecep:pron="gɒd">God</w>
         <pc xml:id="bjb18-546580"
             n="a-0660"
             ecep:lem=","
             ecep:pos=","
             ecep:reg=","
             ecep:spe=",">,</pc>
         <c> </c>
         <w xml:id="bjb18-546590"
            n="a-0670"
            ecep:lem="who"
            ecep:pos="q-crq"
            ecep:reg="who"
            ecep:spe="who"
            ecep:syllab="1"
            ecep:pron="huː">who</w>
         <c> </c>
         <w xml:id="bjb18-546600"
            n="a-0680"
            ecep:lem="know"
            ecep:pos="vv2"
            ecep:reg="knowest"
            ecep:spe="knowest"
            ecep:syllab="2"
            ecep:pron="ˈnəʊɪst">knowest</w>
         <c> </c>
         <w xml:id="bjb18-546610"
            n="a-0690"
            ecep:lem="the"
            ecep:pos="dt"
            ecep:reg="the"
            ecep:spe="the"
            ecep:syllab="1"
            ecep:pron="ðiː">the</w>
         <c> </c>
         <w xml:id="bjb18-546620"
            n="a-0700"
            ecep:lem="creature"
            ecep:pos="n1"
            ecep:reg="creature"
            ecep:spe="creature"
            ecep:syllab="2"
            ecep:pron="ˈkriːtʃə">creature</w>
         <c> </c>
         <w xml:id="bjb18-546630"
            n="a-0710"
            ecep:lem="thou"
            ecep:pos="pns21"
            ecep:reg="thou"
            ecep:spe="thou"
            ecep:syllab="1"
            ecep:pron="θaʊ">thou</w>
         <c> </c>
         <w xml:id="bjb18-546640"
            n="a-0720"
            ecep:lem="have"
            ecep:pos="vh2"
            ecep:reg="hast"
            ecep:spe="hast"
            ecep:syllab="1"
            ecep:pron="hæst">hast</w>
         <c> </c>
         <w xml:id="bjb18-546650"
            n="a-0730"
            ecep:lem="make"
            ecep:pos="vvn"
            ecep:reg="made"
            ecep:spe="made"
            ecep:syllab="1"
            ecep:pron="meɪd">made</w>
         <pc xml:id="bjb18-546660"
             n="a-0740"
             ecep:lem=","
             ecep:pos=","
             ecep:reg=","
             ecep:spe=",">,</pc>
      </l>
      <l xml:id="bjb18-l29670">
         <c> </c>
         <w xml:id="bjb18-546670"
            n="a-0750"
            ecep:lem="pity"
            ecep:pos="vvb"
            ecep:reg="Pity"
            ecep:spe="Pity"
            ecep:syllab="2"
            ecep:pron="ˈpɪti">Pity</w>
         <c> </c>
         <w xml:id="bjb18-546680"
            n="a-0760"
            ecep:lem="my"
            ecep:pos="po11"
            ecep:reg="my"
            ecep:spe="my"
            ecep:syllab="1"
            ecep:pron="maɪ">my</w>
         <c> </c>
         <w xml:id="bjb18-546690"
            n="a-0770"
            ecep:lem="weakness"
            ecep:pos="n1"
            ecep:reg="weakness"
            ecep:spe="weakness"
            ecep:syllab="2"
            ecep:pron="ˈwiːknəs">weakness</w>
         <pc xml:id="bjb18-546700"
             n="a-0780"
             ecep:lem=","
             ecep:pos=","
             ecep:reg=","
             ecep:spe=",">,</pc>
         <c> </c>
         <w xml:id="bjb18-546710"
            n="a-0790"
            ecep:lem="nor"
            ecep:pos="ccx"
            ecep:reg="nor"
            ecep:spe="nor"
            ecep:syllab="1"
            ecep:pron="nɔː">nor</w>
         <c> </c>
         <w xml:id="bjb18-546720"
            n="a-0800"
            ecep:lem="as"
            ecep:pos="p-acp"
            ecep:reg="as"
            ecep:spe="as"
            ecep:syllab="1"
            ecep:pron="æz">as</w>
         <c> </c>
         <w xml:id="bjb18-546730"
            n="a-0810"
            ecep:lem="sin"
            ecep:pos="n1"
            ecep:reg="sin"
            ecep:spe="sin"
            ecep:syllab="1"
            ecep:pron="sɪn">sin</w>
         <c> </c>
         <w xml:id="bjb18-546740"
            n="a-0820"
            ecep:lem="be"
            ecep:pos="vbi"
            ecep:reg="be"
            ecep:spe="be"
            ecep:syllab="1"
            ecep:pron="biː">be</w>
         <c> </c>
         <w xml:id="bjb18-546750"
            n="a-0830"
            ecep:lem="lay"
            ecep:pos="vvn"
            ecep:reg="laid"
            ecep:spe="laid"
            ecep:syllab="1"
            ecep:pron="leɪd">laid</w>
      </l>
      <l xml:id="bjb18-l29675">
         <c> </c>
         <w xml:id="bjb18-546760"
            n="a-0840"
            ecep:lem="upon"
            ecep:pos="p-acp"
            ecep:reg="Upon"
            ecep:spe="Upon"
            ecep:syllab="2"
            ecep:pron="əˈpɒn">Upon</w>
         <c> </c>
         <w xml:id="bjb18-546770"
            n="a-0850"
            ecep:lem="my"
            ecep:pos="po11"
            ecep:reg="my"
            ecep:spe="my"
            ecep:syllab="1"
            ecep:pron="maɪ">my</w>
         <c> </c>
         <w xml:id="bjb18-546780"
            n="a-0860"
            ecep:lem="head"
            ecep:pos="n1"
            ecep:reg="head"
            ecep:spe="head"
            ecep:syllab="1"
            ecep:pron="hed">head</w>
         <pc xml:id="bjb18-546790"
             n="a-0870"
             ecep:lem=","
             ecep:pos=","
             ecep:reg=","
             ecep:spe=",">,</pc>
         <c> </c>
         <w xml:id="bjb18-546800"
            n="a-0880"
            ecep:lem="this"
            ecep:pos="d"
            ecep:reg="this"
            ecep:spe="this"
            ecep:syllab="1"
            ecep:pron="ðɪs">this</w>
         <c> </c>
         <w xml:id="bjb18-546810"
            n="a-0890"
            ecep:lem="feebleness"
            ecep:pos="n1"
            ecep:reg="feebleness"
            ecep:spe="feebleness"
            ecep:syllab="3"
            ecep:pron="ˈfiːblnəs">feebleness</w>
         <c> </c>
         <w xml:id="bjb18-546820"
            n="a-0900"
            ecep:lem="of"
            ecep:pos="pp-f"
            ecep:reg="of"
            ecep:spe="of"
            ecep:syllab="1"
            ecep:pron="ɒv">of</w>
         <c> </c>
         <w xml:id="bjb18-546830"
            n="a-0910"
            ecep:lem="mind"
            ecep:pos="n1"
            ecep:reg="mind"
            ecep:spe="mind"
            ecep:syllab="1"
            ecep:pron="maɪnd">mind</w>
         <pc xml:id="bjb18-546840"
             n="a-0920"
             ecep:lem=";"
             ecep:pos=";"
             ecep:reg=";"
             ecep:spe=";">;</pc>
      </l>
      <l xml:id="bjb18-l29680">
         <c> </c>
         <w xml:id="bjb18-546850"
            n="a-0930"
            ecep:lem="and"
            ecep:pos="cc"
            ecep:reg="And"
            ecep:spe="And"
            ecep:syllab="1"
            ecep:pron="ænd">And</w>
         <c> </c>
         <w xml:id="bjb18-546860"
            n="a-0940"
            ecep:lem="if"
            ecep:pos="cs"
            ecep:reg="if"
            ecep:spe="if"
            ecep:syllab="1"
            ecep:pron="ɪf">if</w>
         <c> </c>
         <w xml:id="bjb18-546870"
            n="a-0950"
            ecep:lem="sublime"
            ecep:pos="jc"
            ecep:reg="sublimer"
            ecep:spe="sublimer"
            ecep:syllab="3"
            ecep:pron="səˈblaɪmə">sublimer</w>
         <c> </c>
         <w xml:id="bjb18-546880"
            n="a-0960"
            ecep:lem="thought"
            ecep:pos="n2"
            ecep:reg="thoughts"
            ecep:spe="thoughts"
            ecep:syllab="1"
            ecep:pron="θɔːts">thoughts</w>
         <c> </c>
         <w xml:id="bjb18-546890"
            n="a-0970"
            ecep:lem="i"
            ecep:pos="pns11"
            ecep:reg="I"
            ecep:spe="I"
            ecep:syllab="1"
            ecep:pron="aɪ">I</w>
         <c> </c>
         <w xml:id="bjb18-546900"
            n="a-0980"
            ecep:lem="may"
            ecep:pos="vmb"
            ecep:reg="may"
            ecep:spe="may"
            ecep:syllab="1"
            ecep:pron="meɪ">may</w>
         <c> </c>
         <w xml:id="bjb18-546910"
            n="a-0990"
            ecep:lem="not"
            ecep:pos="xx"
            ecep:reg="not"
            ecep:spe="not"
            ecep:syllab="1"
            ecep:pron="ˈdɪdnt">not</w>
         <c> </c>
         <w xml:id="bjb18-546920"
            n="a-1000"
            ecep:lem="bind"
            ecep:pos="vvi"
            ecep:reg="bind"
            ecep:spe="bind"
            ecep:syllab="1"
            ecep:pron="baɪnd">bind</w>
         <pc xml:id="bjb18-546930"
             n="a-1010"
             ecep:lem=","
             ecep:pos=","
             ecep:reg=","
             ecep:spe=",">,</pc>
      </l>
      <l xml:id="bjb18-l29685">
         <c> </c>
         <w xml:id="bjb18-546940"
            n="a-1020"
            ecep:lem="as"
            ecep:pos="c-acp"
            ecep:reg="As"
            ecep:spe="As"
            ecep:syllab="1"
            ecep:pron="æz">As</w>
         <c> </c>
         <w xml:id="bjb18-546950"
            n="a-1030"
            ecep:lem="the"
            ecep:pos="dt"
            ecep:reg="the"
            ecep:spe="the"
            ecep:syllab="1"
            ecep:pron="ðiː">the</w>
         <c> </c>
         <w xml:id="bjb18-546960"
            n="a-1040"
            ecep:lem="abide"
            ecep:pos="j-vvg"
            ecep:reg="abiding"
            ecep:spe="abiding"
            ecep:syllab="3"
            ecep:pron="əˈbaɪdɪŋ">abiding</w>
         <c> </c>
         <w xml:id="bjb18-546970"
            n="a-1050"
            ecep:lem="treasure"
            ecep:pos="n1"
            ecep:reg="treasure"
            ecep:spe="treasure"
            ecep:syllab="2"
            ecep:pron="ˈtreʒə">treasure</w>
         <c> </c>
         <w xml:id="bjb18-546980"
            n="a-1060"
            ecep:lem="of"
            ecep:pos="pp-f"
            ecep:reg="of"
            ecep:spe="of"
            ecep:syllab="1"
            ecep:pron="ɒv">of</w>
         <c> </c>
         <w xml:id="bjb18-546990"
            n="a-1070"
            ecep:lem="my"
            ecep:pos="po11"
            ecep:reg="my"
            ecep:spe="my"
            ecep:syllab="1"
            ecep:pron="maɪ">my</w>
         <c> </c>
         <w xml:id="bjb18-547000"
            n="a-1080"
            ecep:lem="heart"
            ecep:pos="n1"
            ecep:reg="heart"
            ecep:spe="heart"
            ecep:syllab="1"
            ecep:pron="hɑːt">heart</w>
         <c> </c>
         <pc xml:id="bjb18-547010"
             n="a-1090"
             ecep:lem="—"
             ecep:pos="—"
             ecep:reg="—"
             ecep:spe="—">—</pc>
      </l>
      <l xml:id="bjb18-l29690">
         <c> </c>
         <w xml:id="bjb18-547020"
            n="a-1100"
            ecep:lem="inmate"
            ecep:pos="n2"
            ecep:reg="Inmates"
            ecep:spe="Inmates"
            ecep:syllab="2"
            ecep:pron="ˈɪnmeɪts">Inmates</w>
         <pc xml:id="bjb18-547030"
             n="a-1110"
             ecep:lem=","
             ecep:pos=","
             ecep:reg=","
             ecep:spe=",">,</pc>
         <c> </c>
         <w xml:id="bjb18-547040"
            n="a-1120"
            ecep:lem="who"
            ecep:pos="r-crq"
            ecep:reg="who"
            ecep:spe="who"
            ecep:syllab="1"
            ecep:pron="huː">who</w>
         <c> </c>
         <w xml:id="bjb18-547050"
            n="a-1130"
            ecep:lem="rare"
            ecep:pos="av-j"
            ecep:reg="rarely"
            ecep:spe="rarely"
            ecep:syllab="2"
            ecep:pron="ˈreəli">rarely</w>
         <c> </c>
         <w xml:id="bjb18-547060"
            n="a-1140"
            ecep:lem="from"
            ecep:pos="p-acp"
            ecep:reg="from"
            ecep:spe="from"
            ecep:syllab="1"
            ecep:pron="frɒm">from</w>
         <c> </c>
         <w xml:id="bjb18-547070"
            n="a-1150"
            ecep:lem="their"
            ecep:pos="po32"
            ecep:reg="their"
            ecep:spe="their"
            ecep:syllab="1"
            ecep:pron="ðeə">their</w>
         <c> </c>
         <w xml:id="bjb18-547080"
            n="a-1160"
            ecep:lem="cell"
            ecep:pos="n1"
            ecep:reg="cell"
            ecep:spe="cell"
            ecep:syllab="1"
            ecep:pron="sel">cell</w>
         <c> </c>
         <w xml:id="bjb18-547090"
            n="a-1170"
            ecep:lem="depart"
            ecep:pos="vvi"
            ecep:reg="depart"
            ecep:spe="depart"
            ecep:syllab="2"
            ecep:pron="diˈpɑːt">depart</w>
         <pc xml:id="bjb18-547100"
             n="a-1180"
             ecep:lem=","
             ecep:pos=","
             ecep:reg=","
             ecep:spe=",">,</pc>
      </l>
      <l xml:id="bjb18-l29695">
         <c> </c>
         <w xml:id="bjb18-547110"
            n="a-1190"
            ecep:lem="vouchsafe"
            ecep:pos="vvb"
            ecep:reg="Vouchsafe"
            ecep:spe="Vouchsafe"
            ecep:syllab="2"
            ecep:pron="ˌvaʊtʃˈseɪf">Vouchsafe</w>
         <c> </c>
         <w xml:id="bjb18-547120"
            n="a-1200"
            ecep:lem="such"
            ecep:pos="d"
            ecep:reg="such"
            ecep:spe="such"
            ecep:syllab="1"
            ecep:pron="sʌtʃ">such</w>
         <c> </c>
         <w xml:id="bjb18-547130"
            n="a-1210"
            ecep:lem="grace"
            ecep:pos="n1"
            ecep:reg="grace"
            ecep:spe="grace"
            ecep:syllab="1"
            ecep:pron="greɪs">grace</w>
         <pc xml:id="bjb18-547140"
             n="a-1220"
             ecep:lem=","
             ecep:pos=","
             ecep:reg=","
             ecep:spe=",">,</pc>
         <c> </c>
         <w xml:id="bjb18-547150"
            n="a-1230"
            ecep:lem="that"
            ecep:pos="cst"
            ecep:reg="that"
            ecep:spe="that"
            ecep:syllab="1"
            ecep:pron="ðæt">that</w>
         <c> </c>
         <w xml:id="bjb18-547160"
            n="a-1240"
            ecep:lem="many"
            ecep:pos="d"
            ecep:reg="many"
            ecep:spe="many"
            ecep:syllab="1"
            ecep:pron="ˈmeni">many</w>
         <c> </c>
         <w xml:id="bjb18-547170"
            n="a-1250"
            ecep:lem="a"
            ecep:pos="dt"
            ecep:reg="a"
            ecep:spe="a"
            ecep:syllab="1"
            ecep:pron="ə">a</w>
         <c> </c>
         <w xml:id="bjb18-547180"
            n="a-1260"
            ecep:lem="transient"
            ecep:pos="j"
            ecep:reg="transient"
            ecep:spe="transient"
            ecep:syllab="2"
            ecep:pron="ˈtrænziənt">transient</w>
         <c> </c>
         <w xml:id="bjb18-547190"
            n="a-1270"
            ecep:lem="notion"
            ecep:pos="n1"
            ecep:reg="notion"
            ecep:spe="notion"
            ecep:syllab="2"
            ecep:pron="ˈnəʊʃn">notion</w>
      </l>
      <l xml:id="bjb18-l29700">
         <c> </c>
         <w xml:id="bjb18-547200"
            n="a-1280"
            ecep:lem="may"
            ecep:pos="vmb"
            ecep:reg="May"
            ecep:spe="May"
            ecep:syllab="1"
            ecep:pron="meɪ">May</w>
         <c> </c>
         <w xml:id="bjb18-547210"
            n="a-1290"
            ecep:lem="oft"
            ecep:pos="av"
            ecep:reg="oft"
            ecep:spe="oft"
            ecep:syllab="1"
            ecep:pron="ɒft">oft</w>
         <c> </c>
         <w xml:id="bjb18-547220"
            n="a-1300"
            ecep:lem="within"
            ecep:pos="p-acp"
            ecep:reg="within"
            ecep:spe="within"
            ecep:syllab="2"
            ecep:pron="wɪðˈɪn">within</w>
         <c> </c>
         <w xml:id="bjb18-547230"
            n="a-1310"
            ecep:lem="i"
            ecep:pos="pno11"
            ecep:reg="me"
            ecep:spe="me"
            ecep:syllab="1"
            ecep:pron="miː">me</w>
         <c> </c>
         <w xml:id="bjb18-547240"
            n="a-1320"
            ecep:lem="kindle"
            ecep:pos="vvi"
            ecep:reg="kindle"
            ecep:spe="kindle"
            ecep:syllab="2"
            ecep:pron="ˈkɪndl">kindle</w>
         <c> </c>
         <w xml:id="bjb18-547250"
            n="a-1330"
            ecep:lem="true"
            ecep:pos="j"
            ecep:reg="true"
            ecep:spe="true"
            ecep:syllab="1"
            ecep:pron="truː">true</w>
         <c> </c>
         <w xml:id="bjb18-547260"
            n="a-1340"
            ecep:lem="devotion"
            ecep:pos="n1"
            ecep:reg="devotion"
            ecep:spe="devotion"
            ecep:syllab="3"
            ecep:pron="diˈvəʊʃn">devotion</w>
         <pc xml:id="bjb18-547270"
             n="a-1350"
             ecep:lem=";"
             ecep:pos=";"
             ecep:reg=";"
             ecep:spe=";">;</pc>
      </l>
      <l xml:id="bjb18-l29705">
         <c> </c>
         <w xml:id="bjb18-547280"
            n="a-1360"
            ecep:lem="and"
            ecep:pos="cc"
            ecep:reg="And"
            ecep:spe="And"
            ecep:syllab="1"
            ecep:pron="ænd">And</w>
         <pc xml:id="bjb18-547290"
             n="a-1370"
             ecep:lem=","
             ecep:pos=","
             ecep:reg=","
             ecep:spe=",">,</pc>
         <c> </c>
         <w xml:id="bjb18-547300"
            n="a-1380"
            ecep:lem="move"
            ecep:pos="vvg"
            ecep:reg="moving"
            ecep:spe="moving"
            ecep:syllab="2"
            ecep:pron="ˈmuːvɪŋ">moving</w>
         <c> </c>
         <w xml:id="bjb18-547310"
            n="a-1390"
            ecep:lem="as"
            ecep:pos="p-acp"
            ecep:reg="as"
            ecep:spe="as"
            ecep:syllab="1"
            ecep:pron="æz">as</w>
         <c> </c>
         <w xml:id="bjb18-547320"
            n="a-1400"
            ecep:lem="a"
            ecep:pos="dt"
            ecep:reg="a"
            ecep:spe="a"
            ecep:syllab="1"
            ecep:pron="ə">a</w>
         <c> </c>
         <w xml:id="bjb18-547330"
            n="a-1410"
            ecep:lem="meteor"
            ecep:pos="n1"
            ecep:reg="meteor"
            ecep:spe="meteor"
            ecep:syllab="3"
            ecep:pron="ˈmiːtiə">meteor</w>
         <c> </c>
         <w xml:id="bjb18-547340"
            n="a-1420"
            ecep:lem="of"
            ecep:pos="pp-f"
            ecep:reg="of"
            ecep:spe="of"
            ecep:syllab="1"
            ecep:pron="ɒv">of</w>
         <c> </c>
         <w xml:id="bjb18-547350"
            n="a-1430"
            ecep:lem="the"
            ecep:pos="dt"
            ecep:reg="the"
            ecep:spe="the"
            ecep:syllab="1"
            ecep:pron="ðiː">the</w>
         <c> </c>
         <w xml:id="bjb18-547360"
            n="a-1440"
            ecep:lem="night"
            ecep:pos="n1"
            ecep:reg="night"
            ecep:spe="night"
            ecep:syllab="1"
            ecep:pron="naɪt">night</w>
         <pc xml:id="bjb18-547370"
             n="a-1450"
             ecep:lem=","
             ecep:pos=","
             ecep:reg=","
             ecep:spe=",">,</pc>
      </l>
      <l xml:id="bjb18-l29710">
         <c> </c>
         <w xml:id="bjb18-547380"
            n="a-1460"
            ecep:lem="be"
            ecep:pos="vbb"
            ecep:reg="Be"
            ecep:spe="Be"
            ecep:syllab="1"
            ecep:pron="biː">Be</w>
         <c> </c>
         <w xml:id="bjb18-547390"
            n="a-1470"
            ecep:lem="for"
            ecep:pos="p-acp"
            ecep:reg="for"
            ecep:spe="for"
            ecep:syllab="1"
            ecep:pron="fɔː">for</w>
         <c> </c>
         <w xml:id="bjb18-547400"
            n="a-1480"
            ecep:lem="a"
            ecep:pos="dt"
            ecep:reg="a"
            ecep:spe="a"
            ecep:syllab="1"
            ecep:pron="ə">a</w>
         <c> </c>
         <w xml:id="bjb18-547410"
            n="a-1490"
            ecep:lem="pass"
            ecep:pos="j-vvg"
            ecep:reg="passing"
            ecep:spe="passing"
            ecep:syllab="2"
            ecep:pron="ˈpɑːsɪŋ">passing</w>
         <pc xml:id="bjb18-547420"
             n="a-1500"
             ecep:lem=","
             ecep:pos=","
             ecep:reg=","
             ecep:spe=",">,</pc>
         <c> </c>
         <w xml:id="bjb18-547430"
            n="a-1510"
            ecep:lem="glorious"
            ecep:pos="j"
            ecep:reg="glorious"
            ecep:spe="glorious"
            ecep:syllab="2"
            ecep:pron="ˈglɔːriəs">glorious</w>
         <c> </c>
         <w xml:id="bjb18-547440"
            n="a-1520"
            ecep:lem="moment"
            ecep:pos="n1"
            ecep:reg="moment"
            ecep:spe="moment"
            ecep:syllab="2"
            ecep:pron="ˈməʊmənt">moment</w>
         <c> </c>
         <w xml:id="bjb18-547450"
            n="a-1530"
            ecep:lem="bright"
            ecep:pos="j"
            ecep:reg="bright"
            ecep:spe="bright"
            ecep:syllab="1"
            ecep:pron="braɪt">bright</w>
         <pc xml:id="bjb18-547460"
             n="a-1540"
             ecep:lem=","
             ecep:pos=","
             ecep:reg=","
             ecep:spe=",">,</pc>
         <c> </c>
         <pc xml:id="bjb18-547470"
             n="a-1550"
             ecep:lem="—"
             ecep:pos="—"
             ecep:reg="—"
             ecep:spe="—">—</pc>
      </l>
      <l xml:id="bjb18-l29715">
         <c> </c>
         <w xml:id="bjb18-547480"
            n="a-1560"
            ecep:lem="a"
            ecep:pos="dt"
            ecep:reg="A"
            ecep:spe="A"
            ecep:syllab="1"
            ecep:pron="ə">A</w>
         <c> </c>
         <w xml:id="bjb18-547490"
            n="a-1570"
            ecep:lem="moment"
            ecep:pos="n1"
            ecep:reg="moment"
            ecep:spe="moment"
            ecep:syllab="2"
            ecep:pron="ˈməʊmənt">moment</w>
         <pc xml:id="bjb18-547500"
             n="a-1580"
             ecep:lem=","
             ecep:pos=","
             ecep:reg=","
             ecep:spe=",">,</pc>
         <c> </c>
         <w xml:id="bjb18-547510"
            n="a-1590"
            ecep:lem="utter"
            ecep:pos="vvg"
            ecep:reg="uttering"
            ecep:spe="uttering"
            ecep:syllab="3"
            ecep:pron="ˈʌtərɪŋ">uttering</w>
         <c> </c>
         <w xml:id="bjb18-547520"
            n="a-1600"
            ecep:lem="in"
            ecep:pos="p-acp"
            ecep:reg="in"
            ecep:spe="in"
            ecep:syllab="1"
            ecep:pron="ɪn">in</w>
         <c> </c>
         <w xml:id="bjb18-547530"
            n="a-1610"
            ecep:lem="word"
            ecep:pos="n2"
            ecep:reg="words"
            ecep:spe="words"
            ecep:syllab="1"
            ecep:pron="wɜːdz">words</w>
         <c> </c>
         <w xml:id="bjb18-547540"
            n="a-1620"
            ecep:lem="of"
            ecep:pos="pp-f"
            ecep:reg="of"
            ecep:spe="of"
            ecep:syllab="1"
            ecep:pron="ɒv">of</w>
         <c> </c>
         <w xml:id="bjb18-547550"
            n="a-1630"
            ecep:lem="fire"
            ecep:pos="n1"
            ecep:reg="fire"
            ecep:spe="fire"
            ecep:syllab="1"
            ecep:pron="ˈfaɪə">fire</w>
         <pc xml:id="bjb18-547560"
             n="a-1640"
             ecep:lem=","
             ecep:pos=","
             ecep:reg=","
             ecep:spe=",">,</pc>
      </l>
      <l ana="#iamb #hexameter"
         ecep:syllab="12"
         real="-+|-+|-+||-+|-+|-+/"
         xml:id="bjb18-l29720">
         <c> </c>
         <pc xml:id="bjb18-547570"
             n="a-1650"
             ecep:lem="&#34;"
             ecep:pos="&#34;"
             ecep:reg="&#34;"
             ecep:spe="&#34;">"</pc>
         <w xml:id="bjb18-547580"
            n="a-1660"
            ecep:lem="thou"
            ecep:pos="pns21"
            ecep:reg="Thou"
            ecep:spe="Thou"
            ecep:syllab="1"
            ecep:pron="θaʊ">Thou</w>
         <c> </c>
         <w xml:id="bjb18-547590"
            n="a-1670"
            ecep:lem="be"
            ecep:pos="vb2r"
            ecep:reg="art"
            ecep:spe="art"
            ecep:syllab="1"
            ecep:pron="ɑːt">art</w>
         <c> </c>
         <w xml:id="bjb18-547600"
            n="a-1680"
            ecep:lem="our"
            ecep:pos="po12"
            ecep:reg="our"
            ecep:spe="our"
            ecep:syllab="1"
            ecep:pron="ˈaʊə">our</w>
         <c> </c>
         <w xml:id="bjb18-547610"
            n="a-1690"
            ecep:lem="mighty"
            ecep:pos="j"
            ecep:reg="Mighty"
            ecep:spe="Mighty"
            ecep:syllab="2"
            ecep:pron="ˈmaɪti">Mighty</w>
         <c> </c>
         <w xml:id="bjb18-547620"
            n="a-1700"
            ecep:lem="lord"
            ecep:pos="n1"
            ecep:reg="Lord"
            ecep:spe="Lord"
            ecep:syllab="1"
            ecep:pron="lɔːd">Lord</w>
         <pc xml:id="bjb18-547630"
             n="a-1710"
             ecep:lem=","
             ecep:pos=","
             ecep:reg=","
             ecep:spe=",">,</pc>
         <c> </c>
         <w xml:id="bjb18-547640"
            n="a-1720"
            ecep:lem="our"
            ecep:pos="po12"
            ecep:reg="our"
            ecep:spe="our"
            ecep:syllab="1"
            ecep:pron="ˈaʊə">our</w>
         <c> </c>
         <w xml:id="bjb18-547650"
            n="a-1730"
            ecep:lem="good"
            ecep:pos="j"
            ecep:reg="good"
            ecep:spe="good"
            ecep:syllab="1"
            ecep:pron="gʊd">good</w>
         <c> </c>
         <w xml:id="bjb18-547660"
            n="a-1740"
            ecep:lem="and"
            ecep:pos="cc"
            ecep:reg="and"
            ecep:spe="and"
            ecep:syllab="1"
            ecep:pron="ænd">and</w>
         <c> </c>
         <w xml:id="bjb18-547670"
            n="a-1750"
            ecep:lem="bounteous"
            ecep:pos="j"
            ecep:reg="bounteous"
            ecep:spe="bounteous"
            ecep:syllab="2"
            ecep:pron="ˈbaʊntiəs">bounteous</w>
         <c> </c>
         <w xml:id="bjb18-547680"
            n="a-1760"
            ecep:lem="sire"
            ecep:pos="n1"
            ecep:reg="Sire"
            ecep:spe="Sire"
            ecep:syllab="1"
            ecep:pron="ˈsaɪə">Sire</w>
         <pc xml:id="bjb18-547690"
             n="a-1770"
             ecep:lem="."
             ecep:pos="."
             ecep:reg="."
             ecep:spe=".">.</pc>
         <pc xml:id="bjb18-547700"
             n="a-1780"
             unit="sentence"
             ecep:lem="&#34;"
             ecep:pos="&#34;"
             ecep:reg="&#34;"
             ecep:spe="&#34;">"</pc>
         <c> </c>
      </l>
   </lg>
</div>
