<?xml version="1.0" encoding="UTF-8"?>
<?xml-model href="../tei_all.rnc" type="application/relax-ng-compact-syntax"?>
<TEI xmlns="http://www.tei-c.org/ns/1.0">
   <teiHeader>
      <fileDesc>
         <titleStmt>
            <title corresp="#txt_Anon000028_w0003">TO THE SAME, AFTER HAVING RECEIVED FROM HER, FOR A WATCH, A HEART WROUGHT WITH HER OWN HAIR, AND INCLUDING HER NAME, AFFECTEDLY INCLOSED IN A NUMBER OF COVERS.</title>
            <author corresp="authors.xml#aut_Anon000028">Anonymous</author>
            <respStmt>
               <name xml:id="AH">Alexander Huber</name>
               <resp>Editor</resp>
            </respStmt>
            <funder>
               <name type="institution" xml:id="BOD">Bodleian Libraries, University of Oxford</name>
               <address>
                  <addrLine>Broad Street</addrLine>
                  <addrLine>Oxford OX1 3BG</addrLine>
                  <addrLine>UK</addrLine>
               </address>
            </funder>
         </titleStmt>
         <publicationStmt>
            <publisher xml:id="ECPA">Eighteenth-Century Poetry Archive</publisher>
            <address>
               <addrLine>Taylor Institution Library</addrLine>
               <addrLine>St Giles'</addrLine>
               <addrLine>Oxford OX1 3NA</addrLine>
               <addrLine>UK</addrLine>
               <addrLine>
                  <email>info@eighteenthcenturypoetry.org</email>
               </addrLine>
               <addrLine>
                  <ref target="https://www.eighteenthcenturypoetry.org/">https://www.eighteenthcenturypoetry.org/</ref>
               </addrLine>
            </address>
            <pubPlace>Oxford</pubPlace>
            <availability status="restricted">
               <licence target="http://creativecommons.org/licenses/by-sa/3.0/">This work is licensed under a Creative Commons Attribution-ShareAlike 3.0 Unported License.</licence>
            </availability>
            <idno type="ESTC">T116245</idno>
            <idno type="DMI">1136</idno>
            <idno type="TCP">K093079.003</idno>
         </publicationStmt>
         <sourceDesc>
            <bibl>
               <author>Pearch, G.</author>
               <title>A collection of poems in four volumes. By several hands. Vol. III.</title>
               <edition>[The second edition].</edition>
               <pubPlace>London</pubPlace>
               <publisher>printed for G. Pearch</publisher>
               <date>1770</date>
               <biblScope>pp. 45-46.</biblScope>
               <extent>4v. ; 8⁰.</extent>
            </bibl>
         </sourceDesc>
      </fileDesc>
      <encodingDesc>
         <projectDesc>
            <p>This e-text is part of the Works section of the Eighteenth-Century Poetry Archive (ECPA).</p>
            <p>XML created for the Eighteenth-Century Poetry Archive (ECPA).</p>
         </projectDesc>
         <editorialDecl>
            <p>The text has been typographically modernized, but without any silent modernization of
						spelling, capitalization, or punctuation. The source of the text is given and all editorial interventions
						have been recorded in textual notes. Based on the electronic text originally produced by the TCP project, this  text has been edited to conform to the recommendations found in Level 5 of the
						Best Practices for TEI in Libraries version 4.0.0.
					</p>
         </editorialDecl>
         <classDecl>
            <taxonomy xml:id="LCNAF">
               <bibl>Library of Congress Name Authority File (<abbr>LCNAF</abbr>)</bibl>
            </taxonomy>
         </classDecl>
         <tagsDecl>
            <rendition n="linegroups indented" xml:id="lgindent" scheme="css">text-indent: 1em;</rendition>
            <rendition n="linegroups vertically spaced" xml:id="lgvspace" scheme="css">margin-bottom: 1em;</rendition>
            <rendition n="aligned centrally" xml:id="align-center" scheme="css">text-align: center;</rendition>
            <rendition n="aligned right" xml:id="align-right" scheme="css">text-align: right;</rendition>
            <rendition n="aligned left" xml:id="align-left" scheme="css">text-align: left;</rendition>
            <rendition n="inline" xml:id="inline" scheme="css">display: inline</rendition>
            <rendition n="italic" xml:id="i" scheme="css">font-style: italic;</rendition>
            <rendition n="bold" xml:id="b" scheme="css">font-weight: bold;</rendition>
         </tagsDecl>
      </encodingDesc>
   </teiHeader>
   <text>
      <body>
         <div xmlns:ecep="http://www.eighteenthcenturypoetry.org/ns"
              xmlns:tei="http://www.tei-c.org/ns/1.0"
              ana="#iamb #tetrameter #quatrain #cross #address"
              corresp="#txt_Anon000028_w0003"
              decls="#semi-normalized"
              ecep:syllab="8.8.8.8"
              met="-+|-+|-+|-+/ -+|-+|-+|-+/ -+|-+|-+|-+/ -+|-+|-+|-+/"
              rendition="#lgvspace"
              rhyme="abab"
              subtype="eceptext"
              type="poem"
              xml:id="o4986-w0120">
            <link target="authors.xml#aut_Anon000028" type="author"/>
            <link target="32549" type="DMI"/>
            <head type="main">
               <w xml:id="o4986-091280"
                  n="47-a-0010"
                  ecep:lem="to"
                  ecep:pos="p-acp"
                  ecep:reg="TO"
                  ecep:spe="TO"
                  ecep:syllab="1"
                  ecep:pron="tuː">TO</w>
               <c> </c>
               <w xml:id="o4986-091290"
                  n="47-a-0020"
                  ecep:lem="the"
                  ecep:pos="dt"
                  ecep:reg="THE"
                  ecep:spe="THE"
                  ecep:syllab="1"
                  ecep:pron="ðiː">THE</w>
               <c> </c>
               <w xml:id="o4986-091300"
                  n="47-a-0030"
                  ecep:lem="same"
                  ecep:pos="d"
                  ecep:reg="SAME"
                  ecep:spe="SAME"
                  ecep:syllab="1"
                  ecep:pron="seɪm">SAME</w>
               <pc xml:id="o4986-091310"
                   n="47-a-0040"
                   ecep:lem=","
                   ecep:pos=","
                   ecep:reg=","
                   ecep:spe=",">,</pc>
               <c> </c>
               <w xml:id="o4986-091320"
                  n="47-a-0050"
                  ecep:lem="after"
                  ecep:pos="p-acp"
                  ecep:reg="AFTER"
                  ecep:spe="AFTER"
                  ecep:syllab="2"
                  ecep:pron="ˈɑːftə">AFTER</w>
               <c> </c>
               <w xml:id="o4986-091330"
                  n="47-a-0060"
                  ecep:lem="have"
                  ecep:pos="vhg"
                  ecep:reg="HAVING"
                  ecep:spe="HAVING"
                  ecep:syllab="2"
                  ecep:pron="ˈhævɪŋ">HAVING</w>
               <c> </c>
               <w xml:id="o4986-091340"
                  n="47-a-0070"
                  ecep:lem="receive"
                  ecep:pos="vvn"
                  ecep:reg="RECEIVED"
                  ecep:spe="RECEIVED"
                  ecep:syllab="2"
                  ecep:pron="rɪˈsiːvd">RECEIVED</w>
               <c> </c>
               <w xml:id="o4986-091350"
                  n="47-a-0080"
                  ecep:lem="from"
                  ecep:pos="p-acp"
                  ecep:reg="FROM"
                  ecep:spe="FROM"
                  ecep:syllab="1"
                  ecep:pron="frɒm">FROM</w>
               <c> </c>
               <w xml:id="o4986-091360"
                  n="47-a-0090"
                  ecep:lem="she"
                  ecep:pos="pno31"
                  ecep:reg="HER"
                  ecep:spe="HER"
                  ecep:syllab="1"
                  ecep:pron="hɜː">HER</w>
               <pc xml:id="o4986-091370"
                   n="47-a-0100"
                   ecep:lem=","
                   ecep:pos=","
                   ecep:reg=","
                   ecep:spe=",">,</pc>
               <c> </c>
               <w xml:id="o4986-091380"
                  n="47-a-0110"
                  ecep:lem="for"
                  ecep:pos="p-acp"
                  ecep:reg="FOR"
                  ecep:spe="FOR"
                  ecep:syllab="1"
                  ecep:pron="fɔː">FOR</w>
               <c> </c>
               <w xml:id="o4986-091390"
                  n="47-a-0120"
                  ecep:lem="a"
                  ecep:pos="dt"
                  ecep:reg="A"
                  ecep:spe="A"
                  ecep:syllab="1"
                  ecep:pron="ə">A</w>
               <c> </c>
               <w xml:id="o4986-091400"
                  n="47-a-0130"
                  ecep:lem="watch"
                  ecep:pos="n1"
                  ecep:reg="WATCH"
                  ecep:spe="WATCH"
                  ecep:syllab="1"
                  ecep:pron="wɒtʃ">WATCH</w>
               <pc xml:id="o4986-091410"
                   n="47-a-0140"
                   ecep:lem=","
                   ecep:pos=","
                   ecep:reg=","
                   ecep:spe=",">,</pc>
               <c> </c>
               <w xml:id="o4986-091420"
                  n="47-a-0150"
                  ecep:lem="a"
                  ecep:pos="dt"
                  ecep:reg="A"
                  ecep:spe="A"
                  ecep:syllab="1"
                  ecep:pron="ə">A</w>
               <c> </c>
               <w xml:id="o4986-091430"
                  n="47-a-0160"
                  ecep:lem="heart"
                  ecep:pos="n1"
                  ecep:reg="HEART"
                  ecep:spe="HEART"
                  ecep:syllab="1"
                  ecep:pron="hɑːt">HEART</w>
               <c> </c>
               <w xml:id="o4986-091440"
                  n="47-a-0170"
                  ecep:lem="wrought"
                  ecep:pos="vvn"
                  ecep:reg="WROUGHT"
                  ecep:spe="WROUGHT"
                  ecep:syllab="1"
                  ecep:pron="rɔːt">WROUGHT</w>
               <c> </c>
               <w xml:id="o4986-091450"
                  n="47-a-0180"
                  ecep:lem="with"
                  ecep:pos="p-acp"
                  ecep:reg="WITH"
                  ecep:spe="WITH"
                  ecep:syllab="1"
                  ecep:pron="wɪð">WITH</w>
               <c> </c>
               <w xml:id="o4986-091460"
                  n="47-a-0190"
                  ecep:lem="her"
                  ecep:pos="po31"
                  ecep:reg="HER"
                  ecep:spe="HER"
                  ecep:syllab="1"
                  ecep:pron="hɜː">HER</w>
               <c> </c>
               <w xml:id="o4986-091470"
                  n="47-a-0200"
                  ecep:lem="own"
                  ecep:pos="d"
                  ecep:reg="OWN"
                  ecep:spe="OWN"
                  ecep:syllab="1"
                  ecep:pron="əʊn">OWN</w>
               <c> </c>
               <w xml:id="o4986-091480"
                  n="47-a-0210"
                  ecep:lem="hair"
                  ecep:pos="n1"
                  ecep:reg="HAIR"
                  ecep:spe="HAIR"
                  ecep:syllab="1"
                  ecep:pron="heə">HAIR</w>
               <pc xml:id="o4986-091490"
                   n="47-a-0220"
                   ecep:lem=","
                   ecep:pos=","
                   ecep:reg=","
                   ecep:spe=",">,</pc>
               <c> </c>
               <w xml:id="o4986-091500"
                  n="47-a-0230"
                  ecep:lem="and"
                  ecep:pos="cc"
                  ecep:reg="AND"
                  ecep:spe="AND"
                  ecep:syllab="1"
                  ecep:pron="ænd">AND</w>
               <c> </c>
               <w xml:id="o4986-091510"
                  n="47-a-0240"
                  ecep:lem="include"
                  ecep:pos="vvg"
                  ecep:reg="INCLUDING"
                  ecep:spe="INCLUDING"
                  ecep:syllab="3"
                  ecep:pron="ɪnˈkluːdɪŋ">INCLUDING</w>
               <c> </c>
               <w xml:id="o4986-091520"
                  n="47-a-0250"
                  ecep:lem="her"
                  ecep:pos="po31"
                  ecep:reg="HER"
                  ecep:spe="HER"
                  ecep:syllab="1"
                  ecep:pron="hɜː">HER</w>
               <c> </c>
               <w xml:id="o4986-091530"
                  n="47-a-0260"
                  ecep:lem="name"
                  ecep:pos="n1"
                  ecep:reg="NAME"
                  ecep:spe="NAME"
                  ecep:syllab="1"
                  ecep:pron="neɪm">NAME</w>
               <pc xml:id="o4986-091540"
                   n="47-a-0270"
                   ecep:lem=","
                   ecep:pos=","
                   ecep:reg=","
                   ecep:spe=",">,</pc>
               <c> </c>
               <w xml:id="o4986-091550"
                  n="47-a-0280"
                  ecep:lem="affect"
                  ecep:pos="av-vvn"
                  ecep:reg="AFFECTEDLY"
                  ecep:spe="AFFECTEDLY"
                  ecep:syllab="4"
                  ecep:pron="əˈfektɪdli">AFFECTEDLY</w>
               <c> </c>
               <w xml:id="o4986-091560"
                  n="47-a-0290"
                  ecep:lem="enclose"
                  ecep:pos="vvn"
                  ecep:reg="ENCLOSED"
                  ecep:spe="INCLOSED"
                  ecep:syllab="2"
                  ecep:pron="ɪnˈkləʊzd">INCLOSED</w>
               <c> </c>
               <w xml:id="o4986-091570"
                  n="47-a-0300"
                  ecep:lem="in"
                  ecep:pos="p-acp"
                  ecep:reg="IN"
                  ecep:spe="IN"
                  ecep:syllab="1"
                  ecep:pron="ɪn">IN</w>
               <c> </c>
               <w xml:id="o4986-091580"
                  n="47-a-0310"
                  ecep:lem="a"
                  ecep:pos="dt"
                  ecep:reg="A"
                  ecep:spe="A"
                  ecep:syllab="1"
                  ecep:pron="ə">A</w>
               <c> </c>
               <w xml:id="o4986-091590"
                  n="47-a-0320"
                  ecep:lem="number"
                  ecep:pos="n1"
                  ecep:reg="NUMBER"
                  ecep:spe="NUMBER"
                  ecep:syllab="2"
                  ecep:pron="ˈnʌmbə">NUMBER</w>
               <c> </c>
               <w xml:id="o4986-091600"
                  n="47-a-0330"
                  ecep:lem="of"
                  ecep:pos="pp-f"
                  ecep:reg="OF"
                  ecep:spe="OF"
                  ecep:syllab="1"
                  ecep:pron="ɒv">OF</w>
               <c> </c>
               <w xml:id="o4986-091610"
                  n="47-a-0340"
                  ecep:lem="cover"
                  ecep:pos="n2"
                  ecep:reg="COVERS"
                  ecep:spe="COVERS"
                  ecep:syllab="2"
                  ecep:pron="ˈkʌvəz">COVERS</w>
               <pc xml:id="o4986-091620"
                   n="47-a-0350"
                   unit="sentence"
                   ecep:lem="."
                   ecep:pos="."
                   ecep:reg="."
                   ecep:spe=".">.</pc>
            </head>
            <byline>
               <w xml:id="o4986-091650"
                  n="47-a-0360"
                  ecep:lem="by"
                  ecep:pos="p-acp"
                  ecep:reg="BY"
                  ecep:spe="BY"
                  ecep:syllab="1"
                  ecep:pron="baɪ">BY</w>
               <c> </c>
               <w xml:id="o4986-091660"
                  n="47-a-0370"
                  ecep:lem="the"
                  ecep:pos="dt"
                  ecep:reg="THE"
                  ecep:spe="THE"
                  ecep:syllab="1"
                  ecep:pron="ðiː">THE</w>
               <c> </c>
               <w xml:id="o4986-091670"
                  n="47-a-0380"
                  ecep:lem="same"
                  ecep:pos="d"
                  ecep:reg="SAME"
                  ecep:spe="SAME"
                  ecep:syllab="1"
                  ecep:pron="seɪm">SAME</w>
               <pc xml:id="o4986-091680"
                   n="47-a-0390"
                   unit="sentence"
                   ecep:lem="."
                   ecep:pos="."
                   ecep:reg="."
                   ecep:spe=".">.</pc>
            </byline>
            <lg xml:id="o4986-s00910">
               <l xml:id="o4986-l04730">
                  <w xml:id="o4986-091710"
                     n="47-a-0400"
                     ecep:lem="what"
                     ecep:pos="q-crq"
                     ecep:reg="WHAT"
                     ecep:spe="WHAT"
                     ecep:syllab="1"
                     ecep:pron="wɒt">WHAT</w>
                  <c> </c>
                  <w xml:id="o4986-091720"
                     n="47-a-0410"
                     ecep:lem="though"
                     ecep:pos="c-acp"
                     ecep:reg="though"
                     ecep:spe="tho'"
                     ecep:syllab="1"
                     ecep:pron="ðəʊ">tho'</w>
                  <c> </c>
                  <w xml:id="o4986-091730"
                     n="47-a-0420"
                     ecep:lem="your"
                     ecep:pos="po22"
                     ecep:reg="your"
                     ecep:spe="your"
                     ecep:syllab="1"
                     ecep:pron="jɔː">your</w>
                  <c> </c>
                  <w xml:id="o4986-091740"
                     n="47-a-0430"
                     ecep:lem="art"
                     ecep:pos="n1"
                     ecep:reg="art"
                     ecep:spe="art"
                     ecep:syllab="1"
                     ecep:pron="ɑːt">art</w>
                  <c> </c>
                  <w xml:id="o4986-091750"
                     n="47-a-0440"
                     ecep:lem="my"
                     ecep:pos="po11"
                     ecep:reg="my"
                     ecep:spe="my"
                     ecep:syllab="1"
                     ecep:pron="maɪ">my</w>
                  <c> </c>
                  <w xml:id="o4986-091760"
                     n="47-a-0450"
                     ecep:lem="hope"
                     ecep:pos="n2"
                     ecep:reg="hopes"
                     ecep:spe="hopes"
                     ecep:syllab="1"
                     ecep:pron="həʊps">hopes</w>
                  <c> </c>
                  <w xml:id="o4986-091770"
                     n="47-a-0460"
                     ecep:lem="evade"
                     ecep:pos="vvb"
                     ecep:reg="evade"
                     ecep:spe="evade"
                     ecep:syllab="2"
                     ecep:pron="ɪˈveɪd">evade</w>
                  <pc xml:id="o4986-091780"
                      n="47-a-0470"
                      ecep:lem=","
                      ecep:pos=","
                      ecep:reg=","
                      ecep:spe=",">,</pc>
               </l>
               <l xml:id="o4986-l04735">
                  <c> </c>
                  <w xml:id="o4986-091790"
                     n="47-a-0480"
                     ecep:lem="while"
                     ecep:pos="cs"
                     ecep:reg="While"
                     ecep:spe="While"
                     ecep:syllab="1"
                     ecep:pron="ˈwaɪl">While</w>
                  <c> </c>
                  <w xml:id="o4986-091800"
                     n="47-a-0490"
                     ecep:lem="many"
                     ecep:pos="d"
                     ecep:reg="many"
                     ecep:spe="many"
                     ecep:syllab="2"
                     ecep:pron="ˈmeni">many</w>
                  <c> </c>
                  <w xml:id="o4986-091810"
                     n="47-a-0500"
                     ecep:lem="a"
                     ecep:pos="dt"
                     ecep:reg="a"
                     ecep:spe="a"
                     ecep:syllab="1"
                     ecep:pron="ə">a</w>
                  <c> </c>
                  <w xml:id="o4986-091820"
                     n="47-a-0510"
                     ecep:lem="tedious"
                     ecep:pos="j"
                     ecep:reg="tedious"
                     ecep:spe="tedious"
                     ecep:syllab="3"
                     ecep:pron="ˈtiːdiəs">tedious</w>
                  <c> </c>
                  <w xml:id="o4986-091830"
                     n="47-a-0520"
                     ecep:lem="moment"
                     ecep:pos="n1"
                     ecep:reg="moment"
                     ecep:spe="moment"
                     ecep:syllab="2"
                     ecep:pron="ˈməʊmənt">moment</w>
                  <c> </c>
                  <w xml:id="o4986-091840"
                     n="47-a-0530"
                     ecep:lem="fly"
                     ecep:pos="vvz"
                     ecep:reg="flies"
                     ecep:spe="flies"
                     ecep:syllab="1"
                     ecep:pron="flaɪz">flies</w>
                  <pc xml:id="o4986-091850"
                      n="47-a-0540"
                      ecep:lem=";"
                      ecep:pos=";"
                      ecep:reg=";"
                      ecep:spe=";">;</pc>
               </l>
               <l xml:id="o4986-l04740">
                  <c> </c>
                  <w xml:id="o4986-091860"
                     n="47-a-0550"
                     ecep:lem="my"
                     ecep:pos="po11"
                     ecep:reg="My"
                     ecep:spe="My"
                     ecep:syllab="1"
                     ecep:pron="maɪ">My</w>
                  <c> </c>
                  <w xml:id="o4986-091870"
                     n="47-a-0560"
                     ecep:lem="patient"
                     ecep:pos="j"
                     ecep:reg="patient"
                     ecep:spe="patient"
                     ecep:syllab="2"
                     ecep:pron="ˈpeɪʃnt">patient</w>
                  <c> </c>
                  <w xml:id="o4986-091880"
                     n="47-a-0570"
                     ecep:lem="search"
                     ecep:pos="n1"
                     ecep:reg="search"
                     ecep:spe="search"
                     ecep:syllab="1"
                     ecep:pron="sɜːtʃ">search</w>
                  <c> </c>
                  <w xml:id="o4986-091890"
                     n="47-a-0580"
                     ecep:lem="be"
                     ecep:pos="vbz"
                     ecep:reg="is"
                     ecep:spe="is"
                     ecep:syllab="1"
                     ecep:pron="ɪz">is</w>
                  <c> </c>
                  <w xml:id="o4986-091900"
                     n="47-a-0590"
                     ecep:lem="well"
                     ecep:pos="av"
                     ecep:reg="well"
                     ecep:spe="well"
                     ecep:syllab="1"
                     ecep:pron="wel">well</w>
                  <c> </c>
                  <w xml:id="o4986-091910"
                     n="47-a-0600"
                     ecep:lem="repay"
                     ecep:pos="vvn"
                     ecep:reg="repaid"
                     ecep:spe="repaid"
                     ecep:syllab="2"
                     ecep:pron="rɪˈpeɪd">repaid</w>
                  <pc xml:id="o4986-091920"
                      n="47-a-0610"
                      ecep:lem=","
                      ecep:pos=","
                      ecep:reg=","
                      ecep:spe=",">,</pc>
               </l>
               <l xml:id="o4986-l04745">
                  <c> </c>
                  <w xml:id="o4986-091930"
                     n="47-a-0620"
                     ecep:lem="not"
                     ecep:pos="xx"
                     ecep:reg="Not"
                     ecep:spe="Not"
                     ecep:syllab="1"
                     ecep:pron="nɒt">Not</w>
                  <c> </c>
                  <w xml:id="o4986-091940"
                     n="47-a-0630"
                     ecep:lem="india"
                     ecep:pos="npg1"
                     ecep:reg="India's"
                     ecep:spe="India's"
                     ecep:syllab="2"
                     ecep:pron="ˈɪndiəz">India's</w>
                  <c> </c>
                  <w xml:id="o4986-091950"
                     n="47-a-0640"
                     ecep:lem="wealth"
                     ecep:pos="n1"
                     ecep:reg="wealth"
                     ecep:spe="wealth"
                     ecep:syllab="1"
                     ecep:pron="welθ">wealth</w>
                  <c> </c>
                  <w xml:id="o4986-091960"
                     n="47-a-0650"
                     ecep:lem="so"
                     ecep:pos="av"
                     ecep:reg="so"
                     ecep:spe="so"
                     ecep:syllab="1"
                     ecep:pron="səʊ">so</w>
                  <c> </c>
                  <w xml:id="o4986-091970"
                     n="47-a-0660"
                     ecep:lem="wish"
                     ecep:pos="vvd"
                     ecep:reg="wished"
                     ecep:spe="wish'd"
                     ecep:syllab="1"
                     ecep:pron="wɪʃt">wish'd</w>
                  <c> </c>
                  <w xml:id="o4986-091980"
                     n="47-a-0670"
                     ecep:lem="a"
                     ecep:pos="dt"
                     ecep:reg="a"
                     ecep:spe="a"
                     ecep:syllab="1"
                     ecep:pron="ə">a</w>
                  <c> </c>
                  <w xml:id="o4986-091990"
                     n="47-a-0680"
                     ecep:lem="prize"
                     ecep:pos="n1"
                     ecep:reg="prise"
                     ecep:spe="prize"
                     ecep:syllab="1"
                     ecep:pron="praɪz">prize</w>
                  <pc xml:id="o4986-092000"
                      n="47-a-0690"
                      unit="sentence"
                      ecep:lem="."
                      ecep:pos="."
                      ecep:reg="."
                      ecep:spe=".">.</pc>
                  <c> </c>
               </l>
            </lg>
            <lg xml:id="o4986-s00915">
               <l xml:id="o4986-l04750">
                  <w xml:id="o4986-092030"
                     n="47-a-0700"
                     ecep:lem="though"
                     ecep:pos="c-acp"
                     ecep:reg="Though"
                     ecep:spe="Tho'"
                     ecep:syllab="1"
                     ecep:pron="ðəʊ">Tho'</w>
                  <c> </c>
                  <w xml:id="o4986-092040"
                     n="47-a-0710"
                     ecep:lem="wanton"
                     ecep:pos="j-jn"
                     ecep:reg="wanton"
                     ecep:spe="wanton"
                     ecep:syllab="2"
                     ecep:pron="ˈwɒntən">wanton</w>
                  <c> </c>
                  <w xml:id="o4986-092050"
                     n="47-a-0720"
                     ecep:lem="love"
                     ecep:pos="n1"
                     ecep:reg="Love"
                     ecep:spe="Love"
                     ecep:syllab="1"
                     ecep:pron="lʌv">Love</w>
                  <c> </c>
                  <w xml:id="o4986-092060"
                     n="47-a-0730"
                     ecep:lem="the"
                     ecep:pos="dt"
                     ecep:reg="the"
                     ecep:spe="the"
                     ecep:syllab="1"
                     ecep:pron="ðiː">the</w>
                  <c> </c>
                  <w xml:id="o4986-092070"
                     n="47-a-0740"
                     ecep:lem="breast"
                     ecep:pos="n1"
                     ecep:reg="breast"
                     ecep:spe="breast"
                     ecep:syllab="1"
                     ecep:pron="brest">breast</w>
                  <c> </c>
                  <w xml:id="o4986-092080"
                     n="47-a-0750"
                     ecep:lem="embroil"
                     ecep:pos="n1"
                     ecep:reg="embroil"
                     ecep:spe="embroil"
                     ecep:syllab="2"
                     ecep:pron="ɪmˈbrɔɪl">embroil</w>
               </l>
               <l xml:id="o4986-l04755">
                  <c> </c>
                  <w xml:id="o4986-092090"
                     n="47-a-0760"
                     ecep:lem="in"
                     ecep:pos="p-acp"
                     ecep:reg="In"
                     ecep:spe="In"
                     ecep:syllab="1"
                     ecep:pron="ɪn">In</w>
                  <c> </c>
                  <w xml:id="o4986-092100"
                     n="47-a-0770"
                     ecep:lem="many"
                     ecep:pos="d"
                     ecep:reg="many"
                     ecep:spe="many"
                     ecep:syllab="2"
                     ecep:pron="ˈmeni">many</w>
                  <c> </c>
                  <w xml:id="o4986-092110"
                     n="47-a-0780"
                     ecep:lem="a"
                     ecep:pos="dt"
                     ecep:reg="a"
                     ecep:spe="a"
                     ecep:syllab="1"
                     ecep:pron="ə">a</w>
                  <c> </c>
                  <w xml:id="o4986-092120"
                     n="47-a-0790"
                     ecep:lem="wile"
                     ecep:pos="n1"
                     ecep:reg="wile"
                     ecep:spe="wile"
                     ecep:syllab="1"
                     ecep:pron="waɪl">wile</w>
                  <pc xml:id="o4986-092130"
                      n="47-a-0800"
                      ecep:lem=","
                      ecep:pos=","
                      ecep:reg=","
                      ecep:spe=",">,</pc>
                  <c> </c>
                  <w xml:id="o4986-092140"
                     n="47-a-0810"
                     ecep:lem="and"
                     ecep:pos="cc"
                     ecep:reg="and"
                     ecep:spe="and"
                     ecep:syllab="1"
                     ecep:pron="ænd">and</w>
                  <c> </c>
                  <w xml:id="o4986-092150"
                     n="47-a-0820"
                     ecep:lem="care"
                     ecep:pos="n1"
                     ecep:reg="care"
                     ecep:spe="care"
                     ecep:syllab="1"
                     ecep:pron="keə">care</w>
                  <pc xml:id="o4986-092160"
                      n="47-a-0830"
                      ecep:lem=","
                      ecep:pos=","
                      ecep:reg=","
                      ecep:spe=",">,</pc>
                  <c> </c>
                  <w xml:id="o4986-092170"
                     n="47-a-0840"
                     ecep:lem="and"
                     ecep:pos="cc"
                     ecep:reg="and"
                     ecep:spe="and"
                     ecep:syllab="1"
                     ecep:pron="ænd">and</w>
                  <c> </c>
                  <w xml:id="o4986-092180"
                     n="47-a-0850"
                     ecep:lem="pain"
                     ecep:pos="n1"
                     ecep:reg="pain"
                     ecep:spe="pain"
                     ecep:syllab="1"
                     ecep:pron="peɪn">pain</w>
                  <pc xml:id="o4986-092190"
                      n="47-a-0860"
                      ecep:lem=","
                      ecep:pos=","
                      ecep:reg=","
                      ecep:spe=",">,</pc>
               </l>
               <l xml:id="o4986-l04760">
                  <c> </c>
                  <w xml:id="o4986-092200"
                     n="47-a-0870"
                     ecep:lem="who"
                     ecep:pos="q-crq"
                     ecep:reg="Who"
                     ecep:spe="Who"
                     ecep:syllab="1"
                     ecep:pron="huː">Who</w>
                  <c> </c>
                  <w xml:id="o4986-092210"
                     n="47-a-0880"
                     ecep:lem="will"
                     ecep:pos="vmd"
                     ecep:reg="would"
                     ecep:spe="would"
                     ecep:syllab="1"
                     ecep:pron="wʊd">would</w>
                  <c> </c>
                  <w xml:id="o4986-092220"
                     n="47-a-0890"
                     ecep:lem="not"
                     ecep:pos="xx"
                     ecep:reg="not"
                     ecep:spe="not"
                     ecep:syllab="1"
                     ecep:pron="nɒt">not</w>
                  <c> </c>
                  <w xml:id="o4986-092230"
                     n="47-a-0900"
                     ecep:lem="please"
                     ecep:pos="vvn"
                     ecep:reg="pleased"
                     ecep:spe="pleas'd"
                     ecep:syllab="1"
                     ecep:pron="pliːzd">pleas'd</w>
                  <c> </c>
                  <w xml:id="o4986-092240"
                     n="47-a-0910"
                     ecep:lem="pursue"
                     ecep:pos="vvi"
                     ecep:reg="pursue"
                     ecep:spe="pursue"
                     ecep:syllab="2"
                     ecep:pron="pəˈsjuː">pursue</w>
                  <c> </c>
                  <w xml:id="o4986-092250"
                     n="47-a-0920"
                     ecep:lem="the"
                     ecep:pos="dt"
                     ecep:reg="the"
                     ecep:spe="the"
                     ecep:syllab="1"
                     ecep:pron="ðiː">the</w>
                  <c> </c>
                  <w xml:id="o4986-092260"
                     n="47-a-0930"
                     ecep:lem="toil"
                     ecep:pos="n1"
                     ecep:reg="toil"
                     ecep:spe="toil"
                     ecep:syllab="1"
                     ecep:pron="tɔɪl">toil</w>
                  <pc xml:id="o4986-092270"
                      n="47-a-0940"
                      ecep:lem=","
                      ecep:pos=","
                      ecep:reg=","
                      ecep:spe=",">,</pc>
               </l>
               <l xml:id="o4986-l04765">
                  <c> </c>
                  <w xml:id="o4986-092280"
                     n="47-a-0950"
                     ecep:lem="a"
                     ecep:pos="dt"
                     ecep:reg="A"
                     ecep:spe="A"
                     ecep:syllab="1"
                     ecep:pron="ə">A</w>
                  <c> </c>
                  <w xml:id="o4986-092290"
                     n="47-a-0960"
                     ecep:lem="faithful"
                     ecep:pos="j"
                     ecep:reg="faithful"
                     ecep:spe="faithful"
                     ecep:syllab="2"
                     ecep:pron="ˈfeɪθfl">faithful</w>
                  <c> </c>
                  <w xml:id="o4986-092300"
                     n="47-a-0970"
                     ecep:lem="heart"
                     ecep:pos="n1"
                     ecep:reg="heart"
                     ecep:spe="heart"
                     ecep:syllab="1"
                     ecep:pron="hɑːt">heart</w>
                  <c> </c>
                  <w xml:id="o4986-092310"
                     n="47-a-0980"
                     ecep:lem="at"
                     ecep:pos="p-acp"
                     ecep:reg="at"
                     ecep:spe="at"
                     ecep:syllab="1"
                     ecep:pron="æt">at</w>
                  <c> </c>
                  <w xml:id="o4986-092320"
                     n="47-a-0990"
                     ecep:lem="last"
                     ecep:pos="ord"
                     ecep:reg="last"
                     ecep:spe="last"
                     ecep:syllab="1"
                     ecep:pron="lɑːst">last</w>
                  <c> </c>
                  <w xml:id="o4986-092330"
                     n="47-a-1000"
                     ecep:lem="to"
                     ecep:pos="pc-acp"
                     ecep:reg="to"
                     ecep:spe="to"
                     ecep:syllab="1"
                     ecep:pron="tuː">to</w>
                  <c> </c>
                  <w xml:id="o4986-092340"
                     n="47-a-1010"
                     ecep:lem="gain"
                     ecep:pos="vvi"
                     ecep:reg="gain"
                     ecep:spe="gain"
                     ecep:syllab="1"
                     ecep:pron="geɪn">gain</w>
                  <pc xml:id="o4986-092350"
                      n="47-a-1020"
                      unit="sentence"
                      ecep:lem="."
                      ecep:pos="."
                      ecep:reg="."
                      ecep:spe=".">.</pc>
                  <c> </c>
               </l>
            </lg>
            <lg xml:id="o4986-s00920">
               <l xml:id="o4986-l04770">
                  <w xml:id="o4986-092380"
                     n="47-a-1030"
                     ecep:lem="the"
                     ecep:pos="dt"
                     ecep:reg="The"
                     ecep:spe="The"
                     ecep:syllab="1"
                     ecep:pron="ðiː">The</w>
                  <c> </c>
                  <w xml:id="o4986-092390"
                     n="47-a-1040"
                     ecep:lem="tremble"
                     ecep:pos="j-vvg"
                     ecep:reg="trembling"
                     ecep:spe="trembling"
                     ecep:syllab="2"
                     ecep:pron="ˈtremblɪŋ">trembling</w>
                  <c> </c>
                  <w xml:id="o4986-092400"
                     n="47-a-1050"
                     ecep:lem="hope"
                     ecep:pos="n2"
                     ecep:reg="hopes"
                     ecep:spe="hopes"
                     ecep:syllab="1"
                     ecep:pron="həʊps">hopes</w>
                  <pc xml:id="o4986-092410"
                      n="47-a-1060"
                      ecep:lem=","
                      ecep:pos=","
                      ecep:reg=","
                      ecep:spe=",">,</pc>
                  <c> </c>
                  <w xml:id="o4986-092420"
                     n="47-a-1070"
                     ecep:lem="the"
                     ecep:pos="dt"
                     ecep:reg="the"
                     ecep:spe="the"
                     ecep:syllab="1"
                     ecep:pron="ðiː">the</w>
                  <c> </c>
                  <w xml:id="o4986-092430"
                     n="47-a-1080"
                     ecep:lem="anxious"
                     ecep:pos="j"
                     ecep:reg="anxious"
                     ecep:spe="anxious"
                     ecep:syllab="2"
                     ecep:pron="ˈæŋʃəs">anxious</w>
                  <c> </c>
                  <w xml:id="o4986-092440"
                     n="47-a-1090"
                     ecep:lem="fear"
                     ecep:pos="n2"
                     ecep:reg="fears"
                     ecep:spe="fears"
                     ecep:syllab="1"
                     ecep:pron="fɪəz">fears</w>
                  <pc xml:id="o4986-092450"
                      n="47-a-1100"
                      ecep:lem=","
                      ecep:pos=","
                      ecep:reg=","
                      ecep:spe=",">,</pc>
               </l>
               <l xml:id="o4986-l04775">
                  <c> </c>
                  <w xml:id="o4986-092460"
                     n="47-a-1110"
                     ecep:lem="the"
                     ecep:pos="dt"
                     ecep:reg="The"
                     ecep:spe="The"
                     ecep:syllab="1"
                     ecep:pron="ðiː">The</w>
                  <c> </c>
                  <w xml:id="o4986-092470"
                     n="47-a-1120"
                     ecep:lem="please"
                     ecep:pos="j-vvg"
                     ecep:reg="pleasing"
                     ecep:spe="pleasing"
                     ecep:syllab="2"
                     ecep:pron="pliːzɪŋ">pleasing</w>
                  <c> </c>
                  <w xml:id="o4986-092480"
                     n="47-a-1130"
                     ecep:lem="pain"
                     ecep:pos="n2"
                     ecep:reg="pains"
                     ecep:spe="pains"
                     ecep:syllab="1"
                     ecep:pron="peɪnz">pains</w>
                  <c> </c>
                  <w xml:id="o4986-092490"
                     n="47-a-1140"
                     ecep:lem="which"
                     ecep:pos="r-crq"
                     ecep:reg="which"
                     ecep:spe="which"
                     ecep:syllab="1"
                     ecep:pron="wɪtʃ">which</w>
                  <c> </c>
                  <w xml:id="o4986-092500"
                     n="47-a-1150"
                     ecep:lem="love"
                     ecep:pos="n1"
                     ecep:reg="love"
                     ecep:spe="love"
                     ecep:syllab="1"
                     ecep:pron="lʌv">love</w>
                  <c> </c>
                  <w xml:id="o4986-092510"
                     n="47-a-1160"
                     ecep:lem="inspire"
                     ecep:pos="vvz"
                     ecep:reg="inspires"
                     ecep:spe="inspires"
                     ecep:syllab="2"
                     ecep:pron="ɪnˈspæəz">inspires</w>
                  <pc xml:id="o4986-092520"
                      n="47-a-1170"
                      ecep:lem=","
                      ecep:pos=","
                      ecep:reg=","
                      ecep:spe=",">,</pc>
               </l>
               <l xml:id="o4986-l04780">
                  <c> </c>
                  <w xml:id="o4986-092530"
                     n="47-a-1180"
                     ecep:lem="each"
                     ecep:pos="d"
                     ecep:reg="Each"
                     ecep:spe="Each"
                     ecep:syllab="1"
                     ecep:pron="iːtʃ">Each</w>
                  <c> </c>
                  <w xml:id="o4986-092540"
                     n="47-a-1190"
                     ecep:lem="trouble"
                     ecep:pos="n1"
                     ecep:reg="trouble"
                     ecep:spe="trouble"
                     ecep:syllab="2"
                     ecep:pron="ˈtrʌbl">trouble</w>
                  <c> </c>
                  <w xml:id="o4986-092550"
                     n="47-a-1200"
                     ecep:lem="past"
                     ecep:pos="p-acp"
                     ecep:reg="past"
                     ecep:spe="past"
                     ecep:syllab="1"
                     ecep:pron="pɑːst">past</w>
                  <c> </c>
                  <w xml:id="o4986-092560"
                     n="47-a-1210"
                     ecep:lem="the"
                     ecep:pos="dt"
                     ecep:reg="the"
                     ecep:spe="the"
                     ecep:syllab="1"
                     ecep:pron="ðiː">the</w>
                  <c> </c>
                  <w xml:id="o4986-092570"
                     n="47-a-1220"
                     ecep:lem="bliss"
                     ecep:pos="n1"
                     ecep:reg="bliss"
                     ecep:spe="bliss"
                     ecep:syllab="1"
                     ecep:pron="blɪs">bliss</w>
                  <c> </c>
                  <w xml:id="o4986-092580"
                     n="47-a-1230"
                     ecep:lem="endear"
                     ecep:pos="n2"
                     ecep:reg="endears"
                     ecep:spe="indears"
                     ecep:syllab="2"
                     ecep:pron="ˌɪndˈiəz">indears</w>
                  <pc xml:id="o4986-092590"
                      n="47-a-1240"
                      ecep:lem=","
                      ecep:pos=","
                      ecep:reg=","
                      ecep:spe=",">,</pc>
               </l>
               <l xml:id="o4986-l04785">
                  <c> </c>
                  <w xml:id="o4986-092600"
                     n="47-a-1250"
                     ecep:lem="and"
                     ecep:pos="cc"
                     ecep:reg="And"
                     ecep:spe="And"
                     ecep:syllab="1"
                     ecep:pron="ænd">And</w>
                  <c> </c>
                  <w xml:id="o4986-092610"
                     n="47-a-1260"
                     ecep:lem="help"
                     ecep:pos="vvz"
                     ecep:reg="helps"
                     ecep:spe="helps"
                     ecep:syllab="1"
                     ecep:pron="helps">helps</w>
                  <c> </c>
                  <w xml:id="o4986-092620"
                     n="47-a-1270"
                     ecep:lem="to"
                     ecep:pos="pc-acp"
                     ecep:reg="to"
                     ecep:spe="to"
                     ecep:syllab="1"
                     ecep:pron="tuː">to</w>
                  <c> </c>
                  <w xml:id="o4986-092630"
                     n="47-a-1280"
                     ecep:lem="fan"
                     ecep:pos="vvi"
                     ecep:reg="fan"
                     ecep:spe="fan"
                     ecep:syllab="1"
                     ecep:pron="fæn">fan</w>
                  <c> </c>
                  <w xml:id="o4986-092640"
                     n="47-a-1290"
                     ecep:lem="the"
                     ecep:pos="dt"
                     ecep:reg="the"
                     ecep:spe="the"
                     ecep:syllab="1"
                     ecep:pron="ðiː">the</w>
                  <c> </c>
                  <w xml:id="o4986-092650"
                     n="47-a-1300"
                     ecep:lem="guiltless"
                     ecep:pos="j"
                     ecep:reg="guiltless"
                     ecep:spe="guiltless"
                     ecep:syllab="2"
                     ecep:pron="ˈgɪltləs">guiltless</w>
                  <c> </c>
                  <w xml:id="o4986-092660"
                     n="47-a-1310"
                     ecep:lem="fire"
                     ecep:pos="n2"
                     ecep:reg="fires"
                     ecep:spe="fires"
                     ecep:syllab="1"
                     ecep:pron="fæəz">fires</w>
                  <pc xml:id="o4986-092670"
                      n="47-a-1320"
                      unit="sentence"
                      ecep:lem="."
                      ecep:pos="."
                      ecep:reg="."
                      ecep:spe=".">.</pc>
                  <c> </c>
               </l>
            </lg>
            <pb facs="o4986/0048" n="46" rend="none"/>
            <lg xml:id="o4986-s00925">
               <l xml:id="o4986-l04790">
                  <w xml:id="o4986-092700"
                     n="48-a-0010"
                     ecep:lem="long"
                     ecep:pos="j"
                     ecep:reg="Long"
                     ecep:spe="Long"
                     ecep:syllab="1"
                     ecep:pron="lɒŋ">Long</w>
                  <c> </c>
                  <w xml:id="o4986-092710"
                     n="48-a-0020"
                     ecep:lem="as"
                     ecep:pos="c-acp"
                     ecep:reg="as"
                     ecep:spe="as"
                     ecep:syllab="1"
                     ecep:pron="æz">as</w>
                  <c> </c>
                  <w xml:id="o4986-092720"
                     n="48-a-0030"
                     ecep:lem="the"
                     ecep:pos="dt"
                     ecep:reg="the"
                     ecep:spe="the"
                     ecep:syllab="1"
                     ecep:pron="ðiː">the</w>
                  <c> </c>
                  <w xml:id="o4986-092730"
                     n="48-a-0040"
                     ecep:lem="hand"
                     ecep:pos="n1"
                     ecep:reg="hand"
                     ecep:spe="hand"
                     ecep:syllab="1"
                     ecep:pron="hænd">hand</w>
                  <c> </c>
                  <w xml:id="o4986-092740"
                     n="48-a-0050"
                     ecep:lem="of"
                     ecep:pos="pp-f"
                     ecep:reg="of"
                     ecep:spe="of"
                     ecep:syllab="1"
                     ecep:pron="ɒv">of</w>
                  <c> </c>
                  <w xml:id="o4986-092750"
                     n="48-a-0060"
                     ecep:lem="this"
                     ecep:pos="d"
                     ecep:reg="this"
                     ecep:spe="this"
                     ecep:syllab="1"
                     ecep:pron="ðɪs">this</w>
                  <c> </c>
                  <w xml:id="o4986-092760"
                     n="48-a-0070"
                     ecep:lem="machine"
                     ecep:pos="n1"
                     ecep:reg="machine"
                     ecep:spe="machine"
                     ecep:syllab="2"
                     ecep:pron="məˈʃiːn">machine</w>
               </l>
               <l xml:id="o4986-l04795">
                  <c> </c>
                  <w xml:id="o4986-092770"
                     n="48-a-0080"
                     ecep:lem="mark"
                     ecep:pos="n2"
                     ecep:reg="Marks"
                     ecep:spe="Marks"
                     ecep:syllab="1"
                     ecep:pron="mɑːks">Marks</w>
                  <pc xml:id="o4986-092780"
                      n="48-a-0090"
                      ecep:lem=","
                      ecep:pos=","
                      ecep:reg=","
                      ecep:spe=",">,</pc>
                  <c> </c>
                  <w xml:id="o4986-092790"
                     n="48-a-0100"
                     ecep:lem="as"
                     ecep:pos="c-acp"
                     ecep:reg="as"
                     ecep:spe="as"
                     ecep:syllab="1"
                     ecep:pron="æz">as</w>
                  <c> </c>
                  <w xml:id="o4986-092800"
                     n="48-a-0110"
                     ecep:lem="they"
                     ecep:pos="pns32"
                     ecep:reg="they"
                     ecep:spe="they"
                     ecep:syllab="1"
                     ecep:pron="ðeɪ">they</w>
                  <c> </c>
                  <w xml:id="o4986-092810"
                     n="48-a-0120"
                     ecep:lem="pass"
                     ecep:pos="vvb"
                     ecep:reg="pass"
                     ecep:spe="pass"
                     ecep:syllab="1"
                     ecep:pron="pɑːs">pass</w>
                  <pc xml:id="o4986-092820"
                      n="48-a-0130"
                      ecep:lem=","
                      ecep:pos=","
                      ecep:reg=","
                      ecep:spe=",">,</pc>
                  <c> </c>
                  <w xml:id="o4986-092830"
                     n="48-a-0140"
                     ecep:lem="the"
                     ecep:pos="dt"
                     ecep:reg="the"
                     ecep:spe="the"
                     ecep:syllab="1"
                     ecep:pron="ðiː">the</w>
                  <c> </c>
                  <w xml:id="o4986-092840"
                     n="48-a-0150"
                     ecep:lem="fleet"
                     ecep:pos="j-vvg"
                     ecep:reg="fleeting"
                     ecep:spe="fleeting"
                     ecep:syllab="2"
                     ecep:pron="ˈfliːtɪŋ">fleeting</w>
                  <c> </c>
                  <w xml:id="o4986-092850"
                     n="48-a-0160"
                     ecep:lem="hour"
                     ecep:pos="n2"
                     ecep:reg="hours"
                     ecep:spe="hours"
                     ecep:syllab="1"
                     ecep:pron="æəz">hours</w>
                  <pc xml:id="o4986-092860"
                      n="48-a-0170"
                      ecep:lem=";"
                      ecep:pos=";"
                      ecep:reg=";"
                      ecep:spe=";">;</pc>
               </l>
               <l xml:id="o4986-l04800">
                  <c> </c>
                  <w xml:id="o4986-092870"
                     n="48-a-0180"
                     ecep:lem="as"
                     ecep:pos="c-acp"
                     ecep:reg="As"
                     ecep:spe="As"
                     ecep:syllab="1"
                     ecep:pron="æz">As</w>
                  <c> </c>
                  <w xml:id="o4986-092880"
                     n="48-a-0190"
                     ecep:lem="long"
                     ecep:pos="av-j"
                     ecep:reg="long"
                     ecep:spe="long"
                     ecep:syllab="1"
                     ecep:pron="lɒŋ">long</w>
                  <c> </c>
                  <w xml:id="o4986-092890"
                     n="48-a-0200"
                     ecep:lem="as"
                     ecep:pos="c-acp"
                     ecep:reg="as"
                     ecep:spe="as"
                     ecep:syllab="1"
                     ecep:pron="æz">as</w>
                  <c> </c>
                  <w xml:id="o4986-092900"
                     n="48-a-0210"
                     ecep:lem="life"
                     ecep:pos="n1"
                     ecep:reg="life"
                     ecep:spe="life"
                     ecep:syllab="1"
                     ecep:pron="laɪf">life</w>
                  <c> </c>
                  <w xml:id="o4986-092910"
                     n="48-a-0220"
                     ecep:lem="itself"
                     ecep:pos="px31"
                     ecep:reg="itself"
                     ecep:spe="itself"
                     ecep:syllab="2"
                     ecep:pron="ɪtˈself">itself</w>
                  <c> </c>
                  <w xml:id="o4986-092920"
                     n="48-a-0230"
                     ecep:lem="be"
                     ecep:pos="vbz"
                     ecep:reg="is"
                     ecep:spe="is"
                     ecep:syllab="1"
                     ecep:pron="ɪz">is</w>
                  <c> </c>
                  <w xml:id="o4986-092930"
                     n="48-a-0240"
                     ecep:lem="mine"
                     ecep:pos="n1"
                     ecep:reg="mine"
                     ecep:spe="mine"
                     ecep:syllab="1"
                     ecep:pron="maɪn">mine</w>
                  <pc xml:id="o4986-092940"
                      n="48-a-0250"
                      ecep:lem=","
                      ecep:pos=","
                      ecep:reg=","
                      ecep:spe=",">,</pc>
               </l>
               <l xml:id="o4986-l04805">
                  <c> </c>
                  <w xml:id="o4986-092950"
                     n="48-a-0260"
                     ecep:lem="engage"
                     ecep:pos="vvg"
                     ecep:reg="Engaging"
                     ecep:spe="Engaging"
                     ecep:syllab="3"
                     ecep:pron="ɪnˈgeɪdʒɪŋ">Engaging</w>
                  <c> </c>
                  <w xml:id="o4986-092960"
                     n="48-a-0270"
                     ecep:lem="wit"
                     ecep:pos="n1"
                     ecep:reg="wit"
                     ecep:spe="wit"
                     ecep:syllab="1"
                     ecep:pron="wɪt">wit</w>
                  <c> </c>
                  <w xml:id="o4986-092970"
                     n="48-a-0280"
                     ecep:lem="and"
                     ecep:pos="cc"
                     ecep:reg="and"
                     ecep:spe="and"
                     ecep:syllab="1"
                     ecep:pron="ænd">and</w>
                  <c> </c>
                  <w xml:id="o4986-092980"
                     n="48-a-0290"
                     ecep:lem="beauty"
                     ecep:pos="n1"
                     ecep:reg="beauty"
                     ecep:spe="beauty"
                     ecep:syllab="2"
                     ecep:pron="ˈbjuːti">beauty</w>
                  <c> </c>
                  <w xml:id="o4986-092990"
                     n="48-a-0300"
                     ecep:lem="you"
                     ecep:pos="png22"
                     ecep:reg="yours"
                     ecep:spe="yours"
                     ecep:syllab="1"
                     ecep:pron="jɔːz">yours</w>
                  <pc xml:id="o4986-093000"
                      n="48-a-0310"
                      ecep:lem=":"
                      ecep:pos=":"
                      ecep:reg=":"
                      ecep:spe=":">:</pc>
               </l>
            </lg>
            <lg xml:id="o4986-s00930">
               <l xml:id="o4986-l04810">
                  <w xml:id="o4986-093030"
                     n="48-a-0320"
                     ecep:lem="this"
                     ecep:pos="d"
                     ecep:reg="This"
                     ecep:spe="This"
                     ecep:syllab="1"
                     ecep:pron="ðɪs">This</w>
                  <c> </c>
                  <w xml:id="o4986-093040"
                     n="48-a-0330"
                     ecep:lem="well-wrought"
                     ecep:pos="j"
                     ecep:reg="well-wrought"
                     ecep:spe="well-wrought"
                     ecep:syllab="2"
                     ecep:pron="welˌrɔːt">well-wrought</w>
                  <c> </c>
                  <w xml:id="o4986-093050"
                     n="48-a-0340"
                     ecep:lem="heart"
                     ecep:pos="n1"
                     ecep:reg="heart"
                     ecep:spe="heart"
                     ecep:syllab="1"
                     ecep:pron="hɑːt">heart</w>
                  <c> </c>
                  <w xml:id="o4986-093060"
                     n="48-a-0350"
                     ecep:lem="shall"
                     ecep:pos="vmb"
                     ecep:reg="shall"
                     ecep:spe="shall"
                     ecep:syllab="1"
                     ecep:pron="ʃæl">shall</w>
                  <c> </c>
                  <w xml:id="o4986-093070"
                     n="48-a-0360"
                     ecep:lem="ever"
                     ecep:pos="av"
                     ecep:reg="ever"
                     ecep:spe="e'er"
                     ecep:syllab="1"
                     ecep:pron="eə">e'er</w>
                  <c> </c>
                  <w xml:id="o4986-093080"
                     n="48-a-0370"
                     ecep:lem="retain"
                     ecep:pos="vvi"
                     ecep:reg="retain"
                     ecep:spe="retain"
                     ecep:syllab="2"
                     ecep:pron="rɪˈteɪn">retain</w>
               </l>
               <l xml:id="o4986-l04815">
                  <c> </c>
                  <w xml:id="o4986-093090"
                     n="48-a-0380"
                     ecep:lem="the"
                     ecep:pos="dt"
                     ecep:reg="The"
                     ecep:spe="The"
                     ecep:syllab="1"
                     ecep:pron="ðiː">The</w>
                  <c> </c>
                  <w xml:id="o4986-093100"
                     n="48-a-0390"
                     ecep:lem="name"
                     ecep:pos="n1"
                     ecep:reg="name"
                     ecep:spe="name"
                     ecep:syllab="1"
                     ecep:pron="neɪm">name</w>
                  <c> </c>
                  <w xml:id="o4986-093110"
                     n="48-a-0400"
                     ecep:lem="to"
                     ecep:pos="pc-acp"
                     ecep:reg="to"
                     ecep:spe="to"
                     ecep:syllab="1"
                     ecep:pron="tuː">to</w>
                  <c> </c>
                  <w xml:id="o4986-093120"
                     n="48-a-0410"
                     ecep:lem="love"
                     ecep:pos="vvi"
                     ecep:reg="love"
                     ecep:spe="love"
                     ecep:syllab="1"
                     ecep:pron="lʌv">love</w>
                  <c> </c>
                  <w xml:id="o4986-093130"
                     n="48-a-0420"
                     ecep:lem="and"
                     ecep:pos="cc"
                     ecep:reg="and"
                     ecep:spe="and"
                     ecep:syllab="1"
                     ecep:pron="ænd">and</w>
                  <c> </c>
                  <w xml:id="o4986-093140"
                     n="48-a-0430"
                     ecep:lem="friendship"
                     ecep:pos="n1"
                     ecep:reg="friendship"
                     ecep:spe="friendship"
                     ecep:syllab="2"
                     ecep:pron="ˈfrenʃɪp">friendship</w>
                  <c> </c>
                  <w xml:id="o4986-093150"
                     n="48-a-0440"
                     ecep:lem="dear"
                     ecep:pos="j-jn"
                     ecep:reg="dear"
                     ecep:spe="dear"
                     ecep:syllab="1"
                     ecep:pron="dɪə">dear</w>
                  <pc xml:id="o4986-093160"
                      n="48-a-0450"
                      ecep:lem=";"
                      ecep:pos=";"
                      ecep:reg=";"
                      ecep:spe=";">;</pc>
               </l>
               <l xml:id="o4986-l04820">
                  <c> </c>
                  <w xml:id="o4986-093170"
                     n="48-a-0460"
                     ecep:lem="while"
                     ecep:pos="cs"
                     ecep:reg="While"
                     ecep:spe="While"
                     ecep:syllab="1"
                     ecep:pron="ˈwaɪl">While</w>
                  <c> </c>
                  <w xml:id="o4986-093180"
                     n="48-a-0470"
                     ecep:lem="in"
                     ecep:pos="p-acp"
                     ecep:reg="in"
                     ecep:spe="in"
                     ecep:syllab="1"
                     ecep:pron="ɪn">in</w>
                  <c> </c>
                  <w xml:id="o4986-093190"
                     n="48-a-0480"
                     ecep:lem="my"
                     ecep:pos="po11"
                     ecep:reg="my"
                     ecep:spe="my"
                     ecep:syllab="1"
                     ecep:pron="maɪ">my</w>
                  <c> </c>
                  <w xml:id="o4986-093200"
                     n="48-a-0490"
                     ecep:lem="own"
                     ecep:pos="vvb"
                     ecep:reg="own"
                     ecep:spe="own"
                     ecep:syllab="1"
                     ecep:pron="əʊn">own</w>
                  <c> </c>
                  <w xml:id="o4986-093210"
                     n="48-a-0500"
                     ecep:lem="your"
                     ecep:pos="po22"
                     ecep:reg="your"
                     ecep:spe="your"
                     ecep:syllab="1"
                     ecep:pron="jɔː">your</w>
                  <c> </c>
                  <w xml:id="o4986-093220"
                     n="48-a-0510"
                     ecep:lem="charm"
                     ecep:pos="n2"
                     ecep:reg="charms"
                     ecep:spe="charms"
                     ecep:syllab="1"
                     ecep:pron="tʃɑːmz">charms</w>
                  <c> </c>
                  <w xml:id="o4986-093230"
                     n="48-a-0520"
                     ecep:lem="remain"
                     ecep:pos="vvi"
                     ecep:reg="remain"
                     ecep:spe="remain"
                     ecep:syllab="2"
                     ecep:pron="rɪˈmeɪn">remain</w>
               </l>
               <l xml:id="o4986-l04825">
                  <c> </c>
                  <w xml:id="o4986-093240"
                     n="48-a-0530"
                     ecep:lem="in"
                     ecep:pos="p-acp"
                     ecep:reg="In"
                     ecep:spe="In"
                     ecep:syllab="1"
                     ecep:pron="ɪn">In</w>
                  <c> </c>
                  <w xml:id="o4986-093250"
                     n="48-a-0540"
                     ecep:lem="glow"
                     ecep:pos="j-vvg"
                     ecep:reg="glowing"
                     ecep:spe="glowing"
                     ecep:syllab="2"
                     ecep:pron="gləʊɪŋ">glowing</w>
                  <c> </c>
                  <w xml:id="o4986-093260"
                     n="48-a-0550"
                     ecep:lem="colour"
                     ecep:pos="n2"
                     ecep:reg="colours"
                     ecep:spe="colours"
                     ecep:syllab="2"
                     ecep:pron="ˈkʌləz">colours</w>
                  <c> </c>
                  <w xml:id="o4986-093270"
                     n="48-a-0560"
                     ecep:lem="paint"
                     ecep:pos="vvn"
                     ecep:reg="painted"
                     ecep:spe="painted"
                     ecep:syllab="2"
                     ecep:pron="peɪntɪd">painted</w>
                  <c> </c>
                  <w xml:id="o4986-093280"
                     n="48-a-0570"
                     ecep:lem="there"
                     ecep:pos="a-acp"
                     ecep:reg="there"
                     ecep:spe="there"
                     ecep:syllab="1"
                     ecep:pron="ðeə">there</w>
                  <pc xml:id="o4986-093290"
                      n="48-a-0580"
                      unit="sentence"
                      ecep:lem="."
                      ecep:pos="."
                      ecep:reg="."
                      ecep:spe=".">.</pc>
                  <c> </c>
               </l>
            </lg>
         </div>
      </body>
   </text>
</TEI>
