<?xml version="1.0" encoding="utf-8"?>
<!DOCTYPE div
  SYSTEM "about:legacy-compat">
<div xmlns:ecep="http://www.eighteenthcenturypoetry.org/ns"
     xmlns="http://www.tei-c.org/ns/1.0"
     xmlns:tei="http://www.tei-c.org/ns/1.0"
     ana="#iamb #pentameter #sonnet"
     corresp="#txt_WillHe1759_w0022"
     decls="#semi-normalized"
     ecep:syllab="10"
     met="-+|-+|-+|-+|-+/"
     rendition="#lgvspace"
     rhyme="abbaabbacdcdcd"
     subtype="eceptext"
     type="poem"
     xml:id="bhw18-w0220">
   <link target="authors.xml#aut_WillHe1759" type="author"/>
   <head type="main">
      <w xml:id="bhw18-384790"
         n="a-0010"
         ecep:lem="sonnet"
         ecep:pos="n1"
         ecep:reg="SONNET"
         ecep:spe="SONNET"
         ecep:syllab="2"
         ecep:pron="ˈsɒnɪt">SONNET</w>
   </head>
   <head type="sub">
      <w xml:id="bhw18-384820"
         n="a-0020"
         ecep:lem="to"
         ecep:pos="p-acp"
         ecep:reg="TO"
         ecep:spe="TO"
         ecep:syllab="1"
         ecep:pron="tuː">TO</w>
      <c> </c>
      <w xml:id="bhw18-384830"
         n="a-0030"
         ecep:lem="peace"
         ecep:pos="n1"
         ecep:reg="PEACE"
         ecep:spe="PEACE"
         ecep:syllab="1"
         ecep:pron="piːs">PEACE</w>
      <c> </c>
      <w xml:id="bhw18-384840"
         n="a-0040"
         ecep:lem="of"
         ecep:pos="pp-f"
         ecep:reg="OF"
         ecep:spe="OF"
         ecep:syllab="1"
         ecep:pron="ɒv">OF</w>
      <c> </c>
      <w xml:id="bhw18-384850"
         n="a-0050"
         ecep:lem="mind"
         ecep:pos="n1"
         ecep:reg="MIND"
         ecep:spe="MIND"
         ecep:syllab="1"
         ecep:pron="maɪnd">MIND</w>
      <pc xml:id="bhw18-384860"
          n="a-0060"
          unit="sentence"
          ecep:lem="."
          ecep:pos="."
          ecep:reg="."
          ecep:spe=".">.</pc>
   </head>
   <lg xml:id="bhw18-s01400">
      <l rendition="#h_3" xml:id="bhw18-l15860">
         <hi rendition="#sc">
            <w xml:id="bhw18-384890"
               n="a-0070"
               ecep:lem="sweet"
               ecep:pos="j"
               ecep:reg="SWEET"
               ecep:spe="SWEET"
               ecep:syllab="1"
               ecep:pron="swiːt">SWEET</w>
         </hi>
         <c> </c>
         <w xml:id="bhw18-384900"
            n="a-0080"
            ecep:lem="peace"
            ecep:pos="n1"
            ecep:reg="Peace"
            ecep:spe="Peace"
            ecep:syllab="1"
            ecep:pron="piːs">Peace</w>
         <pc xml:id="bhw18-384910"
             n="a-0090"
             ecep:lem="!"
             ecep:pos="!"
             ecep:reg="!"
             ecep:spe="!">!</pc>
         <c> </c>
         <w xml:id="bhw18-384920"
            n="a-0100"
            ecep:lem="ah"
            ecep:pos="uh"
            ecep:reg="ah"
            ecep:spe="ah"
            ecep:syllab="1"
            ecep:pron="ɑː">ah</w>
         <pc xml:id="bhw18-384930"
             n="a-0110"
             ecep:lem=","
             ecep:pos=","
             ecep:reg=","
             ecep:spe=",">,</pc>
         <c> </c>
         <w xml:id="bhw18-384940"
            n="a-0120"
            ecep:lem="lead"
            ecep:pos="vvb"
            ecep:reg="lead"
            ecep:spe="lead"
            ecep:syllab="1"
            ecep:pron="liːd">lead</w>
         <c> </c>
         <w xml:id="bhw18-384950"
            n="a-0130"
            ecep:lem="i"
            ecep:pos="pno11"
            ecep:reg="me"
            ecep:spe="me"
            ecep:syllab="1"
            ecep:pron="miː">me</w>
         <c> </c>
         <w xml:id="bhw18-384960"
            n="a-0140"
            ecep:lem="from"
            ecep:pos="p-acp"
            ecep:reg="from"
            ecep:spe="from"
            ecep:syllab="1"
            ecep:pron="frɒm">from</w>
         <c> </c>
         <w xml:id="bhw18-384970"
            n="a-0150"
            ecep:lem="the"
            ecep:pos="dt"
            ecep:reg="the"
            ecep:spe="the"
            ecep:syllab="1"
            ecep:pron="ðiː">the</w>
         <c> </c>
         <w xml:id="bhw18-384980"
            n="a-0160"
            ecep:lem="thorny"
            ecep:pos="j"
            ecep:reg="thorny"
            ecep:spe="thorny"
            ecep:syllab="2"
            ecep:pron="ˈθɔːni">thorny</w>
         <c> </c>
         <w xml:id="bhw18-384990"
            n="a-0170"
            ecep:lem="dale"
            ecep:pos="n1"
            ecep:reg="dale"
            ecep:spe="dale"
            ecep:syllab="1"
            ecep:pron="deɪl">dale</w>
         <pc xml:id="bhw18-385000"
             n="a-0180"
             ecep:lem=","
             ecep:pos=","
             ecep:reg=","
             ecep:spe=",">,</pc>
      </l>
      <l xml:id="bhw18-l15865">
         <c> </c>
         <w xml:id="bhw18-385010"
            n="a-0190"
            ecep:lem="where"
            ecep:pos="q-crq"
            ecep:reg="Where"
            ecep:spe="Where"
            ecep:syllab="1"
            ecep:pron="weə">Where</w>
         <c> </c>
         <w xml:id="bhw18-385020"
            n="a-0200"
            ecep:lem="desolate"
            ecep:pos="j"
            ecep:reg="desolate"
            ecep:spe="desolate"
            ecep:syllab="3"
            ecep:pron="ˈdeslət">desolate</w>
         <c> </c>
         <w xml:id="bhw18-385030"
            n="a-0210"
            ecep:lem="my"
            ecep:pos="po11"
            ecep:reg="my"
            ecep:spe="my"
            ecep:syllab="1"
            ecep:pron="maɪ">my</w>
         <c> </c>
         <w xml:id="bhw18-385040"
            n="a-0220"
            ecep:lem="wander"
            ecep:pos="j-vvg"
            ecep:reg="wandering"
            ecep:spe="wand'ring"
            ecep:syllab="2"
            ecep:pron="ˈwɒndrɪŋ">wand'ring</w>
         <c> </c>
         <w xml:id="bhw18-385050"
            n="a-0230"
            ecep:lem="step"
            ecep:pos="n2"
            ecep:reg="steps"
            ecep:spe="steps"
            ecep:syllab="1"
            ecep:pron="steps">steps</w>
         <c> </c>
         <w xml:id="bhw18-385060"
            n="a-0240"
            ecep:lem="have"
            ecep:pos="vhb"
            ecep:reg="have"
            ecep:spe="have"
            ecep:syllab="1"
            ecep:pron="hæv">have</w>
         <c> </c>
         <w xml:id="bhw18-385070"
            n="a-0250"
            ecep:lem="flee"
            ecep:pos="vvn"
            ecep:reg="fled"
            ecep:spe="fled"
            ecep:syllab="1"
            ecep:pron="fled">fled</w>
         <pc xml:id="bhw18-385080"
             n="a-0260"
             ecep:lem=";"
             ecep:pos=";"
             ecep:reg=";"
             ecep:spe=";">;</pc>
      </l>
      <l xml:id="bhw18-l15870">
         <c> </c>
         <w xml:id="bhw18-385090"
            n="a-0270"
            ecep:lem="far"
            ecep:pos="av-j"
            ecep:reg="Far"
            ecep:spe="Far"
            ecep:syllab="1"
            ecep:pron="fɑː">Far</w>
         <c> </c>
         <w xml:id="bhw18-385100"
            n="a-0280"
            ecep:lem="from"
            ecep:pos="p-acp"
            ecep:reg="from"
            ecep:spe="from"
            ecep:syllab="1"
            ecep:pron="frɒm">from</w>
         <c> </c>
         <w xml:id="bhw18-385110"
            n="a-0290"
            ecep:lem="the"
            ecep:pos="dt"
            ecep:reg="the"
            ecep:spe="the"
            ecep:syllab="1"
            ecep:pron="ðiː">the</w>
         <c> </c>
         <w xml:id="bhw18-385120"
            n="a-0300"
            ecep:lem="sunny"
            ecep:pos="j"
            ecep:reg="sunny"
            ecep:spe="sunny"
            ecep:syllab="2"
            ecep:pron="ˈsʌni">sunny</w>
         <c> </c>
         <w xml:id="bhw18-385130"
            n="a-0310"
            ecep:lem="path"
            ecep:pos="n2"
            ecep:reg="paths"
            ecep:spe="paths"
            ecep:syllab="1"
            ecep:pron="pɑːðz">paths</w>
         <c> </c>
         <w xml:id="bhw18-385140"
            n="a-0320"
            ecep:lem="which"
            ecep:pos="r-crq"
            ecep:reg="which"
            ecep:spe="which"
            ecep:syllab="1"
            ecep:pron="wɪtʃ">which</w>
         <c> </c>
         <w xml:id="bhw18-385150"
            n="a-0330"
            ecep:lem="other"
            ecep:pos="n2-jn"
            ecep:reg="others"
            ecep:spe="others"
            ecep:syllab="2"
            ecep:pron="ˈʌðəz">others</w>
         <c> </c>
         <w xml:id="bhw18-385160"
            n="a-0340"
            ecep:lem="tread"
            ecep:pos="vvb"
            ecep:reg="tread"
            ecep:spe="tread"
            ecep:syllab="1"
            ecep:pron="tred">tread</w>
         <pc xml:id="bhw18-385170"
             n="a-0350"
             ecep:lem=","
             ecep:pos=","
             ecep:reg=","
             ecep:spe=",">,</pc>
      </l>
      <l rendition="#h_3" xml:id="bhw18-l15875">
         <c> </c>
         <w xml:id="bhw18-385180"
            n="a-0360"
            ecep:lem="while"
            ecep:pos="cs"
            ecep:reg="While"
            ecep:spe="While"
            ecep:syllab="1"
            ecep:pron="ˈwaɪl">While</w>
         <c> </c>
         <w xml:id="bhw18-385190"
            n="a-0370"
            ecep:lem="youth"
            ecep:pos="n1"
            ecep:reg="youth"
            ecep:spe="youth"
            ecep:syllab="1"
            ecep:pron="juːθ">youth</w>
         <c> </c>
         <w xml:id="bhw18-385200"
            n="a-0380"
            ecep:lem="enliven"
            ecep:pos="vvz"
            ecep:reg="enlivens"
            ecep:spe="enlivens"
            ecep:syllab="3"
            ecep:pron="ɪnˈlaɪvnz">enlivens</w>
         <pc xml:id="bhw18-385210"
             n="a-0390"
             ecep:lem=","
             ecep:pos=","
             ecep:reg=","
             ecep:spe=",">,</pc>
         <c> </c>
         <w xml:id="bhw18-385220"
            n="a-0400"
            ecep:lem="and"
            ecep:pos="cc"
            ecep:reg="and"
            ecep:spe="and"
            ecep:syllab="1"
            ecep:pron="ænd">and</w>
         <c> </c>
         <w xml:id="bhw18-385230"
            n="a-0410"
            ecep:lem="while"
            ecep:pos="cs"
            ecep:reg="while"
            ecep:spe="while"
            ecep:syllab="1"
            ecep:pron="ˈwaɪl">while</w>
         <c> </c>
         <w xml:id="bhw18-385240"
            n="a-0420"
            ecep:lem="joy"
            ecep:pos="n2"
            ecep:reg="joys"
            ecep:spe="joys"
            ecep:syllab="1"
            ecep:pron="dʒɔɪz">joys</w>
         <c> </c>
         <w xml:id="bhw18-385250"
            n="a-0430"
            ecep:lem="prevail"
            ecep:pos="vvi"
            ecep:reg="prevail"
            ecep:spe="prevail"
            ecep:syllab="2"
            ecep:pron="prɪˈveɪl">prevail</w>
         <pc xml:id="bhw18-385260"
             n="a-0440"
             unit="sentence"
             ecep:lem="."
             ecep:pos="."
             ecep:reg="."
             ecep:spe=".">.</pc>
         <c> </c>
      </l>
      <l rendition="#h_3" xml:id="bhw18-l15880">
         <w xml:id="bhw18-385270"
            n="a-0450"
            ecep:lem="then"
            ecep:pos="av"
            ecep:reg="Then"
            ecep:spe="Then"
            ecep:syllab="1"
            ecep:pron="ðen">Then</w>
         <c> </c>
         <w xml:id="bhw18-385280"
            n="a-0460"
            ecep:lem="i"
            ecep:pos="pns11"
            ecep:reg="I"
            ecep:spe="I"
            ecep:syllab="1"
            ecep:pron="aɪ">I</w>
         <c> </c>
         <w xml:id="bhw18-385290"
            n="a-0470"
            ecep:lem="no"
            ecep:pos="av-dx"
            ecep:reg="no"
            ecep:spe="no"
            ecep:syllab="1"
            ecep:pron="nəʊ">no</w>
         <c> </c>
         <w xml:id="bhw18-385300"
            n="a-0480"
            ecep:lem="more"
            ecep:pos="dc"
            ecep:reg="more"
            ecep:spe="more"
            ecep:syllab="1"
            ecep:pron="mɔː">more</w>
         <c> </c>
         <w xml:id="bhw18-385310"
            n="a-0490"
            ecep:lem="shall"
            ecep:pos="vmb"
            ecep:reg="shall"
            ecep:spe="shall"
            ecep:syllab="1"
            ecep:pron="ʃæl">shall</w>
         <c> </c>
         <w xml:id="bhw18-385320"
            n="a-0500"
            ecep:lem="vanish"
            ecep:pos="j-vvn"
            ecep:reg="vanished"
            ecep:spe="vanished"
            ecep:syllab="2"
            ecep:pron="ˈvænɪʃt">vanished</w>
         <c> </c>
         <w xml:id="bhw18-385330"
            n="a-0510"
            ecep:lem="hope"
            ecep:pos="n2"
            ecep:reg="hopes"
            ecep:spe="hopes"
            ecep:syllab="1"
            ecep:pron="həʊps">hopes</w>
         <c> </c>
         <w xml:id="bhw18-385340"
            n="a-0520"
            ecep:lem="bewail"
            ecep:pos="vvb"
            ecep:reg="bewail"
            ecep:spe="bewail"
            ecep:syllab="2"
            ecep:pron="bɪˈweɪl">bewail</w>
         <pc xml:id="bhw18-385350"
             n="a-0530"
             ecep:lem=","
             ecep:pos=","
             ecep:reg=","
             ecep:spe=",">,</pc>
      </l>
      <l xml:id="bhw18-l15885">
         <c> </c>
         <w xml:id="bhw18-385360"
            n="a-0540"
            ecep:lem="no"
            ecep:pos="uh-x"
            ecep:reg="No"
            ecep:spe="No"
            ecep:syllab="1"
            ecep:pron="nəʊ">No</w>
         <c> </c>
         <w xml:id="bhw18-385370"
            n="a-0550"
            ecep:lem="more"
            ecep:pos="av-dc"
            ecep:reg="more"
            ecep:spe="more"
            ecep:syllab="1"
            ecep:pron="mɔː">more</w>
         <c> </c>
         <w xml:id="bhw18-385380"
            n="a-0560"
            ecep:lem="the"
            ecep:pos="dt"
            ecep:reg="the"
            ecep:spe="the"
            ecep:syllab="1"
            ecep:pron="ðiː">the</w>
         <c> </c>
         <w xml:id="bhw18-385390"
            n="a-0570"
            ecep:lem="fruitless"
            ecep:pos="j"
            ecep:reg="fruitless"
            ecep:spe="fruitless"
            ecep:syllab="2"
            ecep:pron="ˈfruːtləs">fruitless</w>
         <c> </c>
         <w xml:id="bhw18-385400"
            n="a-0580"
            ecep:lem="tear"
            ecep:pos="n1"
            ecep:reg="tear"
            ecep:spe="tear"
            ecep:syllab="1"
            ecep:pron="tɪə">tear</w>
         <c> </c>
         <w xml:id="bhw18-385410"
            n="a-0590"
            ecep:lem="shall"
            ecep:pos="vmb"
            ecep:reg="shall"
            ecep:spe="shall"
            ecep:syllab="1"
            ecep:pron="ʃæl">shall</w>
         <c> </c>
         <w xml:id="bhw18-385420"
            n="a-0600"
            ecep:lem="love"
            ecep:pos="vvi"
            ecep:reg="love"
            ecep:spe="love"
            ecep:syllab="1"
            ecep:pron="lʌv">love</w>
         <c> </c>
         <w xml:id="bhw18-385430"
            n="a-0610"
            ecep:lem="to"
            ecep:pos="pc-acp"
            ecep:reg="to"
            ecep:spe="to"
            ecep:syllab="1"
            ecep:pron="tuː">to</w>
         <c> </c>
         <w xml:id="bhw18-385440"
            n="a-0620"
            ecep:lem="shed"
            ecep:pos="vvi"
            ecep:reg="shed"
            ecep:spe="shed"
            ecep:syllab="1"
            ecep:pron="ʃed">shed</w>
         <pc xml:id="bhw18-385450"
             n="a-0630"
             ecep:lem=","
             ecep:pos=","
             ecep:reg=","
             ecep:spe=",">,</pc>
      </l>
      <l xml:id="bhw18-l15890">
         <c> </c>
         <w xml:id="bhw18-385460"
            n="a-0640"
            ecep:lem="when"
            ecep:pos="c-crq"
            ecep:reg="When"
            ecep:spe="When"
            ecep:syllab="1"
            ecep:pron="wen">When</w>
         <c> </c>
         <w xml:id="bhw18-385470"
            n="a-0650"
            ecep:lem="pensive"
            ecep:pos="j"
            ecep:reg="pensive"
            ecep:spe="pensive"
            ecep:syllab="2"
            ecep:pron="ˈpensɪv">pensive</w>
         <c> </c>
         <w xml:id="bhw18-385480"
            n="a-0660"
            ecep:lem="eve"
            ecep:pos="n1"
            ecep:reg="eve"
            ecep:spe="eve"
            ecep:syllab="1"
            ecep:pron="iːv">eve</w>
         <c> </c>
         <w xml:id="bhw18-385490"
            n="a-0670"
            ecep:lem="her"
            ecep:pos="po31"
            ecep:reg="her"
            ecep:spe="her"
            ecep:syllab="1"
            ecep:pron="hɜː">her</w>
         <c> </c>
         <w xml:id="bhw18-385500"
            n="a-0680"
            ecep:lem="cherish"
            ecep:pos="j-vvn"
            ecep:reg="cherished"
            ecep:spe="cherish'd"
            ecep:syllab="2"
            ecep:pron="ˈtʃerɪʃt">cherish'd</w>
         <c> </c>
         <w xml:id="bhw18-385510"
            n="a-0690"
            ecep:lem="gloom"
            ecep:pos="n1"
            ecep:reg="gloom"
            ecep:spe="gloom"
            ecep:syllab="1"
            ecep:pron="gluːm">gloom</w>
         <c> </c>
         <w xml:id="bhw18-385520"
            n="a-0700"
            ecep:lem="have"
            ecep:pos="vhz"
            ecep:reg="has"
            ecep:spe="has"
            ecep:syllab="1"
            ecep:pron="hæz">has</w>
         <c> </c>
         <w xml:id="bhw18-385530"
            n="a-0710"
            ecep:lem="spread"
            ecep:pos="vvn"
            ecep:reg="spread"
            ecep:spe="spread"
            ecep:syllab="1"
            ecep:pron="spred">spread</w>
         <pc xml:id="bhw18-385540"
             n="a-0720"
             ecep:lem=","
             ecep:pos=","
             ecep:reg=","
             ecep:spe=",">,</pc>
      </l>
      <l rendition="#h_3" xml:id="bhw18-l15895">
         <c> </c>
         <w xml:id="bhw18-385550"
            n="a-0730"
            ecep:lem="and"
            ecep:pos="cc"
            ecep:reg="And"
            ecep:spe="And"
            ecep:syllab="1"
            ecep:pron="ænd">And</w>
         <c> </c>
         <w xml:id="bhw18-385560"
            n="a-0740"
            ecep:lem="day"
            ecep:pos="ng1"
            ecep:reg="day's"
            ecep:spe="day's"
            ecep:syllab="1"
            ecep:pron="ˈdeɪz">day's</w>
         <c> </c>
         <w xml:id="bhw18-385570"
            n="a-0750"
            ecep:lem="bright"
            ecep:pos="j"
            ecep:reg="bright"
            ecep:spe="bright"
            ecep:syllab="1"
            ecep:pron="braɪt">bright</w>
         <c> </c>
         <w xml:id="bhw18-385580"
            n="a-0760"
            ecep:lem="tint"
            ecep:pos="n2"
            ecep:reg="tints"
            ecep:spe="tints"
            ecep:syllab="1"
            ecep:pron="tɪnts">tints</w>
         <pc xml:id="bhw18-385590"
             n="a-0770"
             ecep:lem=","
             ecep:pos=","
             ecep:reg=","
             ecep:spe=",">,</pc>
         <c> </c>
         <w xml:id="bhw18-385600"
            n="a-0780"
            ecep:lem="like"
            ecep:pos="vvb"
            ecep:reg="like"
            ecep:spe="like"
            ecep:syllab="1"
            ecep:pron="laɪk">like</w>
         <c> </c>
         <w xml:id="bhw18-385610"
            n="a-0790"
            ecep:lem="my"
            ecep:pos="po11"
            ecep:reg="my"
            ecep:spe="my"
            ecep:syllab="1"
            ecep:pron="maɪ">my</w>
         <c> </c>
         <w xml:id="bhw18-385620"
            n="a-0800"
            ecep:lem="short"
            ecep:pos="j"
            ecep:reg="short"
            ecep:spe="short"
            ecep:syllab="1"
            ecep:pron="ʃɔːt">short</w>
         <c> </c>
         <w xml:id="bhw18-385630"
            n="a-0810"
            ecep:lem="pleasure"
            ecep:pos="n2"
            ecep:reg="pleasures"
            ecep:spe="pleasures"
            ecep:syllab="2"
            ecep:pron="ˈpleʒəz">pleasures</w>
         <pc xml:id="bhw18-385640"
             n="a-0820"
             ecep:lem=","
             ecep:pos=","
             ecep:reg=","
             ecep:spe=",">,</pc>
         <c> </c>
         <w xml:id="bhw18-385650"
            n="a-0830"
            ecep:lem="fail"
            ecep:pos="vvb"
            ecep:reg="fail"
            ecep:spe="fail"
            ecep:syllab="1"
            ecep:pron="feɪl">fail</w>
         <pc xml:id="bhw18-385660"
             n="a-0840"
             unit="sentence"
             ecep:lem="!"
             ecep:pos="!"
             ecep:reg="!"
             ecep:spe="!">!</pc>
         <c> </c>
      </l>
      <l xml:id="bhw18-l15900">
         <w xml:id="bhw18-385670"
            n="a-0850"
            ecep:lem="yet"
            ecep:pos="av"
            ecep:reg="Yet"
            ecep:spe="Yet"
            ecep:syllab="1"
            ecep:pron="jet">Yet</w>
         <c> </c>
         <w xml:id="bhw18-385680"
            n="a-0860"
            ecep:lem="lead"
            ecep:pos="vvb"
            ecep:reg="lead"
            ecep:spe="lead"
            ecep:syllab="1"
            ecep:pron="liːd">lead</w>
         <c> </c>
         <w xml:id="bhw18-385690"
            n="a-0870"
            ecep:lem="i"
            ecep:pos="pno11"
            ecep:reg="me"
            ecep:spe="me"
            ecep:syllab="1"
            ecep:pron="miː">me</w>
         <c> </c>
         <w xml:id="bhw18-385700"
            n="a-0880"
            ecep:lem="not"
            ecep:pos="xx"
            ecep:reg="not"
            ecep:spe="not"
            ecep:syllab="1"
            ecep:pron="nɒt">not</w>
         <c> </c>
         <w xml:id="bhw18-385710"
            n="a-0890"
            ecep:lem="where"
            ecep:pos="c-crq"
            ecep:reg="where"
            ecep:spe="where"
            ecep:syllab="1"
            ecep:pron="weə">where</w>
         <c> </c>
         <w xml:id="bhw18-385720"
            n="a-0900"
            ecep:lem="bloom"
            ecep:pos="vvz"
            ecep:reg="blooms"
            ecep:spe="blooms"
            ecep:syllab="1"
            ecep:pron="bluːmz">blooms</w>
         <c> </c>
         <w xml:id="bhw18-385730"
            n="a-0910"
            ecep:lem="the"
            ecep:pos="dt"
            ecep:reg="the"
            ecep:spe="the"
            ecep:syllab="1"
            ecep:pron="ðiː">the</w>
         <c> </c>
         <w xml:id="bhw18-385740"
            n="a-0920"
            ecep:lem="glow"
            ecep:pos="j-vvg"
            ecep:reg="glowing"
            ecep:spe="glowing"
            ecep:syllab="2"
            ecep:pron="gləʊɪŋ">glowing</w>
         <c> </c>
         <w xml:id="bhw18-385750"
            n="a-0930"
            ecep:lem="rose"
            ecep:pos="n1"
            ecep:reg="rose"
            ecep:spe="rose"
            ecep:syllab="1"
            ecep:pron="rəʊz">rose</w>
         <pc xml:id="bhw18-385760"
             n="a-0940"
             ecep:lem=","
             ecep:pos=","
             ecep:reg=","
             ecep:spe=",">,</pc>
      </l>
      <l rendition="#h_3" xml:id="bhw18-l15905">
         <c> </c>
         <w xml:id="bhw18-385770"
            n="a-0950"
            ecep:lem="but"
            ecep:pos="cc-acp"
            ecep:reg="But"
            ecep:spe="But"
            ecep:syllab="1"
            ecep:pron="bʌt">But</w>
         <c> </c>
         <w xml:id="bhw18-385780"
            n="a-0960"
            ecep:lem="lead"
            ecep:pos="vvb"
            ecep:reg="lead"
            ecep:spe="lead"
            ecep:syllab="1"
            ecep:pron="liːd">lead</w>
         <c> </c>
         <w xml:id="bhw18-385790"
            n="a-0970"
            ecep:lem="i"
            ecep:pos="pno11"
            ecep:reg="me"
            ecep:spe="me"
            ecep:syllab="1"
            ecep:pron="miː">me</w>
         <c> </c>
         <w xml:id="bhw18-385800"
            n="a-0980"
            ecep:lem="where"
            ecep:pos="c-crq"
            ecep:reg="where"
            ecep:spe="where"
            ecep:syllab="1"
            ecep:pron="weə">where</w>
         <c> </c>
         <w xml:id="bhw18-385810"
            n="a-0990"
            ecep:lem="the"
            ecep:pos="dt"
            ecep:reg="the"
            ecep:spe="the"
            ecep:syllab="1"
            ecep:pron="ðiː">the</w>
         <c> </c>
         <w xml:id="bhw18-385820"
            n="a-1000"
            ecep:lem="cypress"
            ecep:pos="n1"
            ecep:reg="cypress"
            ecep:spe="cypress"
            ecep:syllab="2"
            ecep:pron="ˈsaɪprəs">cypress</w>
         <c> </c>
         <w xml:id="bhw18-385830"
            n="a-1010"
            ecep:lem="branch"
            ecep:pos="n2"
            ecep:reg="branches"
            ecep:spe="branches"
            ecep:syllab="2"
            ecep:pron="brɑːnʃɪz">branches</w>
         <c> </c>
         <w xml:id="bhw18-385840"
            n="a-1020"
            ecep:lem="wave"
            ecep:pos="vvb"
            ecep:reg="wave"
            ecep:spe="wave"
            ecep:syllab="1"
            ecep:pron="weɪv">wave</w>
         <pc xml:id="bhw18-385850"
             n="a-1030"
             ecep:lem=";"
             ecep:pos=";"
             ecep:reg=";"
             ecep:spe=";">;</pc>
      </l>
      <l xml:id="bhw18-l15910">
         <c> </c>
         <w xml:id="bhw18-385860"
            n="a-1040"
            ecep:lem="thou"
            ecep:pos="pns21"
            ecep:reg="Thou"
            ecep:spe="Thou"
            ecep:syllab="1"
            ecep:pron="θaʊ">Thou</w>
         <c> </c>
         <w xml:id="bhw18-385870"
            n="a-1050"
            ecep:lem="have"
            ecep:pos="vh2"
            ecep:reg="hast"
            ecep:spe="hast"
            ecep:syllab="1"
            ecep:pron="hæst">hast</w>
         <c> </c>
         <w xml:id="bhw18-385880"
            n="a-1060"
            ecep:lem="a"
            ecep:pos="dt"
            ecep:reg="a"
            ecep:spe="a"
            ecep:syllab="1"
            ecep:pron="ə">a</w>
         <c> </c>
         <w xml:id="bhw18-385890"
            n="a-1070"
            ecep:lem="shelter"
            ecep:pos="j-vvg"
            ecep:reg="sheltering"
            ecep:spe="shelt'ring"
            ecep:syllab="2"
            ecep:pron="ʃˈeltrɪŋ">shelt'ring</w>
         <c> </c>
         <w xml:id="bhw18-385900"
            n="a-1080"
            ecep:lem="cell"
            ecep:pos="n1"
            ecep:reg="cell"
            ecep:spe="cell"
            ecep:syllab="1"
            ecep:pron="sel">cell</w>
         <c> </c>
         <w xml:id="bhw18-385910"
            n="a-1090"
            ecep:lem="for"
            ecep:pos="p-acp"
            ecep:reg="for"
            ecep:spe="for"
            ecep:syllab="1"
            ecep:pron="fɔː">for</w>
         <c> </c>
         <w xml:id="bhw18-385920"
            n="a-1100"
            ecep:lem="cureless"
            ecep:pos="j"
            ecep:reg="cureless"
            ecep:spe="cureless"
            ecep:syllab="2"
            ecep:pron="ˈkjʊəlɪs">cureless</w>
         <c> </c>
         <w xml:id="bhw18-385930"
            n="a-1110"
            ecep:lem="woe"
            ecep:pos="n2"
            ecep:reg="woes"
            ecep:spe="woes"
            ecep:syllab="1"
            ecep:pron="wəʊz">woes</w>
         <pc xml:id="bhw18-385940"
             n="a-1120"
             ecep:lem=","
             ecep:pos=","
             ecep:reg=","
             ecep:spe=",">,</pc>
      </l>
      <l rendition="#h_3" xml:id="bhw18-l15915">
         <c> </c>
         <w xml:id="bhw18-385950"
            n="a-1130"
            ecep:lem="a"
            ecep:pos="dt"
            ecep:reg="A"
            ecep:spe="A"
            ecep:syllab="1"
            ecep:pron="ə">A</w>
         <c> </c>
         <w xml:id="bhw18-385960"
            n="a-1140"
            ecep:lem="home"
            ecep:pos="n1-an"
            ecep:reg="home"
            ecep:spe="home"
            ecep:syllab="1"
            ecep:pron="həʊm">home</w>
         <c> </c>
         <w xml:id="bhw18-385970"
            n="a-1150"
            ecep:lem="of"
            ecep:pos="pp-f"
            ecep:reg="of"
            ecep:spe="of"
            ecep:syllab="1"
            ecep:pron="ɒv">of</w>
         <c> </c>
         <w xml:id="bhw18-385980"
            n="a-1160"
            ecep:lem="refuge"
            ecep:pos="n1"
            ecep:reg="refuge"
            ecep:spe="refuge"
            ecep:syllab="2"
            ecep:pron="ˈrefjuːdʒ">refuge</w>
         <pc xml:id="bhw18-385990"
             n="a-1170"
             ecep:lem=","
             ecep:pos=","
             ecep:reg=","
             ecep:spe=",">,</pc>
         <c> </c>
         <w xml:id="bhw18-386000"
            n="a-1180"
            ecep:lem="where"
            ecep:pos="c-crq"
            ecep:reg="where"
            ecep:spe="where"
            ecep:syllab="1"
            ecep:pron="weə">where</w>
         <c> </c>
         <w xml:id="bhw18-386010"
            n="a-1190"
            ecep:lem="no"
            ecep:pos="dx"
            ecep:reg="no"
            ecep:spe="no"
            ecep:syllab="1"
            ecep:pron="nəʊ">no</w>
         <c> </c>
         <w xml:id="bhw18-386020"
            n="a-1200"
            ecep:lem="tempest"
            ecep:pos="n2"
            ecep:reg="tempests"
            ecep:spe="tempests"
            ecep:syllab="2"
            ecep:pron="ˈtempɪsts">tempests</w>
         <c> </c>
         <w xml:id="bhw18-386030"
            n="a-1210"
            ecep:lem="rave"
            ecep:pos="vvb"
            ecep:reg="rave"
            ecep:spe="rave"
            ecep:syllab="1"
            ecep:pron="reɪv">rave</w>
         <pc xml:id="bhw18-386040"
             n="a-1220"
             ecep:lem=";"
             ecep:pos=";"
             ecep:reg=";"
             ecep:spe=";">;</pc>
      </l>
      <l xml:id="bhw18-l15920">
         <c> </c>
         <w xml:id="bhw18-386050"
            n="a-1230"
            ecep:lem="there"
            ecep:pos="pc-acp"
            ecep:reg="There"
            ecep:spe="There"
            ecep:syllab="1"
            ecep:pron="ðeə">There</w>
         <c> </c>
         <w xml:id="bhw18-386060"
            n="a-1240"
            ecep:lem="will"
            ecep:pos="vmd"
            ecep:reg="would"
            ecep:spe="would"
            ecep:syllab="1"
            ecep:pron="wʊd">would</w>
         <c> </c>
         <w xml:id="bhw18-386070"
            n="a-1250"
            ecep:lem="my"
            ecep:pos="po11"
            ecep:reg="my"
            ecep:spe="my"
            ecep:syllab="1"
            ecep:pron="maɪ">my</w>
         <c> </c>
         <w xml:id="bhw18-386080"
            n="a-1260"
            ecep:lem="weary"
            ecep:pos="j"
            ecep:reg="weary"
            ecep:spe="weary"
            ecep:syllab="2"
            ecep:pron="ˈwɪəri">weary</w>
         <c> </c>
         <w xml:id="bhw18-386090"
            n="a-1270"
            ecep:lem="heart"
            ecep:pos="n1"
            ecep:reg="heart"
            ecep:spe="heart"
            ecep:syllab="1"
            ecep:pron="hɑːt">heart</w>
         <c> </c>
         <w xml:id="bhw18-386100"
            n="a-1280"
            ecep:lem="in"
            ecep:pos="p-acp"
            ecep:reg="in"
            ecep:spe="in"
            ecep:syllab="1"
            ecep:pron="ɪn">in</w>
         <c> </c>
         <w xml:id="bhw18-386110"
            n="a-1290"
            ecep:lem="youth"
            ecep:pos="n1"
            ecep:reg="youth"
            ecep:spe="youth"
            ecep:syllab="1"
            ecep:pron="juːθ">youth</w>
         <c> </c>
         <w xml:id="bhw18-386120"
            n="a-1300"
            ecep:lem="repose"
            ecep:pos="n1"
            ecep:reg="repose"
            ecep:spe="repose"
            ecep:syllab="2"
            ecep:pron="rɪˈpəʊz">repose</w>
         <pc xml:id="bhw18-386130"
             n="a-1310"
             ecep:lem=","
             ecep:pos=","
             ecep:reg=","
             ecep:spe=",">,</pc>
      </l>
      <l rendition="#h_3" xml:id="bhw18-l15925">
         <c> </c>
         <w xml:id="bhw18-386140"
            n="a-1320"
            ecep:lem="beneath"
            ecep:pos="p-acp"
            ecep:reg="Beneath"
            ecep:spe="Beneath"
            ecep:syllab="2"
            ecep:pron="bɪˈniːθ">Beneath</w>
         <c> </c>
         <w xml:id="bhw18-386150"
            n="a-1330"
            ecep:lem="the"
            ecep:pos="dt"
            ecep:reg="the"
            ecep:spe="the"
            ecep:syllab="1"
            ecep:pron="ðiː">the</w>
         <c> </c>
         <w xml:id="bhw18-386160"
            n="a-1340"
            ecep:lem="turf"
            ecep:pos="n1"
            ecep:reg="turf"
            ecep:spe="turf"
            ecep:syllab="1"
            ecep:pron="tɜːf">turf</w>
         <c> </c>
         <w xml:id="bhw18-386170"
            n="a-1350"
            ecep:lem="that"
            ecep:pos="cst"
            ecep:reg="that"
            ecep:spe="that"
            ecep:syllab="1"
            ecep:pron="ðæt">that</w>
         <c> </c>
         <w xml:id="bhw18-386180"
            n="a-1360"
            ecep:lem="shroud"
            ecep:pos="n2"
            ecep:reg="shrouds"
            ecep:spe="shrouds"
            ecep:syllab="1"
            ecep:pron="ʃraʊdz">shrouds</w>
         <c> </c>
         <w xml:id="bhw18-386190"
            n="a-1370"
            ecep:lem="a"
            ecep:pos="dt"
            ecep:reg="an"
            ecep:spe="an"
            ecep:syllab="1"
            ecep:pron="æn">an</w>
         <c> </c>
         <w xml:id="bhw18-386200"
            n="a-1380"
            ecep:lem="early"
            ecep:pos="j"
            ecep:reg="early"
            ecep:spe="early"
            ecep:syllab="2"
            ecep:pron="ˈɜːli">early</w>
         <c> </c>
         <w xml:id="bhw18-386210"
            n="a-1390"
            ecep:lem="grave"
            ecep:pos="n1"
            ecep:reg="grave"
            ecep:spe="grave"
            ecep:syllab="1"
            ecep:pron="grɑːv">grave</w>
         <pc xml:id="bhw18-386220"
             n="a-1400"
             unit="sentence"
             ecep:lem="."
             ecep:pos="."
             ecep:reg="."
             ecep:spe=".">.</pc>
         <c> </c>
      </l>
   </lg>
</div>
