<?xml version="1.0" encoding="UTF-8"?>
<?xml-model href="../tei_all.rnc" type="application/relax-ng-compact-syntax"?>
<TEI xmlns="http://www.tei-c.org/ns/1.0">
   <teiHeader>
      <fileDesc>
         <titleStmt>
            <title corresp="#txt_WillHe1759_w0032">SONNET TO THE CALBASSIA-TREE.</title>
            <author corresp="authors.xml#aut_WillHe1759">Helen Maria Williams</author>
            <respStmt>
               <name xml:id="AH">Alexander Huber</name>
               <resp>Editor</resp>
            </respStmt>
            <funder>
               <name type="institution" xml:id="BOD">Bodleian Libraries, University of Oxford</name>
               <address>
                  <addrLine>Broad Street</addrLine>
                  <addrLine>Oxford OX1 3BG</addrLine>
                  <addrLine>UK</addrLine>
               </address>
            </funder>
         </titleStmt>
         <publicationStmt>
            <publisher xml:id="ECPA">Eighteenth-Century Poetry Archive</publisher>
            <address>
               <addrLine>Taylor Institution Library</addrLine>
               <addrLine>St Giles'</addrLine>
               <addrLine>Oxford OX1 3NA</addrLine>
               <addrLine>UK</addrLine>
               <addrLine>
                  <email>info@eighteenthcenturypoetry.org</email>
               </addrLine>
               <addrLine>
                  <ref target="https://www.eighteenthcenturypoetry.org/">https://www.eighteenthcenturypoetry.org/</ref>
               </addrLine>
            </address>
            <pubPlace>Oxford</pubPlace>
            <availability status="restricted">
               <licence target="http://creativecommons.org/licenses/by-sa/3.0/">This work is licensed under a Creative Commons Attribution-ShareAlike 3.0 Unported License.</licence>
            </availability>
         </publicationStmt>
         <sourceDesc>
            <bibl>
               <author>Williams, Helen Maria, 1759-1827.</author>
               <title>Poems on various subjects: with introductory remarks on the present state of science and literature in France.</title>
               <pubPlace>London</pubPlace>
               <publisher>G. and W. B. Whittaker</publisher>
               <date>1823</date>
               <biblScope>p. 217.</biblScope>
               <extent/>
            </bibl>
         </sourceDesc>
      </fileDesc>
      <encodingDesc>
         <projectDesc>
            <p>This e-text is part of the Works section of the Eighteenth-Century Poetry Archive (ECPA).</p>
            <p>XML created for the Eighteenth-Century Poetry Archive (ECPA).</p>
         </projectDesc>
         <editorialDecl>
            <p>Typography, spelling, capitalization, and punctuation have been cautiously modernized. The source of the text is given and all significant
						editorial interventions have been recorded in textual notes. This  text has been edited to conform to the recommendations found 
						in Level 5 of the
						Best Practices for TEI in Libraries version 4.0.0.
					</p>
         </editorialDecl>
         <classDecl>
            <taxonomy xml:id="LCNAF">
               <bibl>Library of Congress Name Authority File (<abbr>LCNAF</abbr>)</bibl>
            </taxonomy>
         </classDecl>
         <tagsDecl>
            <rendition n="linegroups indented" xml:id="lgindent" scheme="css">text-indent: 1em;</rendition>
            <rendition n="linegroups vertically spaced" xml:id="lgvspace" scheme="css">margin-bottom: 1em;</rendition>
            <rendition n="aligned centrally" xml:id="align-center" scheme="css">text-align: center;</rendition>
            <rendition n="aligned right" xml:id="align-right" scheme="css">text-align: right;</rendition>
            <rendition n="aligned left" xml:id="align-left" scheme="css">text-align: left;</rendition>
            <rendition n="inline" xml:id="inline" scheme="css">display: inline</rendition>
            <rendition n="italic" xml:id="i" scheme="css">font-style: italic;</rendition>
            <rendition n="bold" xml:id="b" scheme="css">font-weight: bold;</rendition>
         </tagsDecl>
      </encodingDesc>
   </teiHeader>
   <text>
      <body>
         <div xmlns:ecep="http://www.eighteenthcenturypoetry.org/ns"
              ana="#iamb #pentameter #sonnet"
              corresp="#txt_WillHe1759_w0032"
              decls="#semi-normalized"
              ecep:syllab="10"
              met="-+|-+|-+|-+|-+/"
              rendition="#lgvspace"
              rhyme="abbaabbacdcdcd"
              subtype="eceptext"
              type="poem"
              xml:id="bhw18-w0320">
            <link target="authors.xml#aut_WillHe1759" type="author"/>
            <head type="main">
               <w xmlns:ecep="http://www.eighteenthcenturypoetry.org/ns"
                  xml:id="bhw18-399930"
                  n="a-0010"
                  ecep:lem="sonnet"
                  ecep:pos="n1"
                  ecep:reg="SONNET"
                  ecep:spe="SONNET"
                  ecep:syllab="2"
                  ecep:pron="ˈsɒnɪt">SONNET</w>
            </head>
            <head type="sub">
               <w xmlns:ecep="http://www.eighteenthcenturypoetry.org/ns"
                  xml:id="bhw18-399960"
                  n="a-0020"
                  ecep:lem="to"
                  ecep:pos="p-acp"
                  ecep:reg="TO"
                  ecep:spe="TO"
                  ecep:syllab="1"
                  ecep:pron="tuː">TO</w>
               <c> </c>
               <w xmlns:ecep="http://www.eighteenthcenturypoetry.org/ns"
                  xml:id="bhw18-399970"
                  n="a-0030"
                  ecep:lem="the"
                  ecep:pos="dt"
                  ecep:reg="THE"
                  ecep:spe="THE"
                  ecep:syllab="1"
                  ecep:pron="ðiː">THE</w>
               <c> </c>
               <w xmlns:ecep="http://www.eighteenthcenturypoetry.org/ns"
                  xml:id="bhw18-399980"
                  n="a-0040"
                  ecep:lem="calbassia-tree"
                  ecep:pos="n1"
                  ecep:reg="CALBASSIA-TREE"
                  ecep:spe="CALBASSIA-TREE"
                  ecep:syllab="4"
                  ecep:pron="kˈælbæʃətrˈiː">CALBASSIA-TREE</w>
               <pc xmlns:ecep="http://www.eighteenthcenturypoetry.org/ns"
                   xml:id="bhw18-399990"
                   n="a-0050"
                   unit="sentence"
                   ecep:lem="."
                   ecep:pos="."
                   ecep:reg="."
                   ecep:spe=".">.</pc>
            </head>
            <lg xml:id="bhw18-s01450">
               <l rendition="#h_3" xml:id="bhw18-l16560">
                  <hi rendition="#sc">
                     <w xmlns:ecep="http://www.eighteenthcenturypoetry.org/ns"
                        xml:id="bhw18-400020"
                        n="a-0060"
                        ecep:lem="sublime"
                        ecep:pos="j"
                        ecep:reg="SUBLIME"
                        ecep:spe="SUBLIME"
                        ecep:syllab="2"
                        ecep:pron="səˈblaɪm">SUBLIME</w>
                  </hi>
                  <c> </c>
                  <w xmlns:ecep="http://www.eighteenthcenturypoetry.org/ns"
                     xml:id="bhw18-400030"
                     n="a-0070"
                     ecep:lem="Calbassia"
                     ecep:pos="np1"
                     ecep:reg="Calbassia"
                     ecep:spe="Calbassia"
                     ecep:syllab="3"
                     ecep:pron="kˈælbæʃə">Calbassia</w>
                  <pc xmlns:ecep="http://www.eighteenthcenturypoetry.org/ns"
                      xml:id="bhw18-400040"
                      n="a-0080"
                      ecep:lem="!"
                      ecep:pos="!"
                      ecep:reg="!"
                      ecep:spe="!">!</pc>
                  <c> </c>
                  <w xmlns:ecep="http://www.eighteenthcenturypoetry.org/ns"
                     xml:id="bhw18-400050"
                     n="a-0090"
                     ecep:lem="luxuriant"
                     ecep:pos="j"
                     ecep:reg="luxuriant"
                     ecep:spe="luxuriant"
                     ecep:syllab="3"
                     ecep:pron="lʌgˈʒʊəriənt">luxuriant</w>
                  <c> </c>
                  <w xmlns:ecep="http://www.eighteenthcenturypoetry.org/ns"
                     xml:id="bhw18-400060"
                     n="a-0100"
                     ecep:lem="tree"
                     ecep:pos="n1"
                     ecep:reg="tree"
                     ecep:spe="tree"
                     ecep:syllab="1"
                     ecep:pron="triː">tree</w>
                  <pc xmlns:ecep="http://www.eighteenthcenturypoetry.org/ns"
                      xml:id="bhw18-400070"
                      n="a-0110"
                      ecep:lem=","
                      ecep:pos=","
                      ecep:reg=","
                      ecep:spe=",">,</pc>
               </l>
               <l xml:id="bhw18-l16565">
                  <c> </c>
                  <w xmlns:ecep="http://www.eighteenthcenturypoetry.org/ns"
                     xml:id="bhw18-400080"
                     n="a-0120"
                     ecep:lem="how"
                     ecep:pos="c-crq"
                     ecep:reg="How"
                     ecep:spe="How"
                     ecep:syllab="1"
                     ecep:pron="haʊ">How</w>
                  <c> </c>
                  <w xmlns:ecep="http://www.eighteenthcenturypoetry.org/ns"
                     xml:id="bhw18-400090"
                     n="a-0130"
                     ecep:lem="soft"
                     ecep:pos="j"
                     ecep:reg="soft"
                     ecep:spe="soft"
                     ecep:syllab="1"
                     ecep:pron="sɒft">soft</w>
                  <c> </c>
                  <w xmlns:ecep="http://www.eighteenthcenturypoetry.org/ns"
                     xml:id="bhw18-400100"
                     n="a-0140"
                     ecep:lem="the"
                     ecep:pos="dt"
                     ecep:reg="the"
                     ecep:spe="the"
                     ecep:syllab="1"
                     ecep:pron="ðiː">the</w>
                  <c> </c>
                  <w xmlns:ecep="http://www.eighteenthcenturypoetry.org/ns"
                     xml:id="bhw18-400110"
                     n="a-0150"
                     ecep:lem="gloom"
                     ecep:pos="n1"
                     ecep:reg="gloom"
                     ecep:spe="gloom"
                     ecep:syllab="1"
                     ecep:pron="gluːm">gloom</w>
                  <c> </c>
                  <w xmlns:ecep="http://www.eighteenthcenturypoetry.org/ns"
                     xml:id="bhw18-400120"
                     n="a-0160"
                     ecep:lem="thy"
                     ecep:pos="po21"
                     ecep:reg="thy"
                     ecep:spe="thy"
                     ecep:syllab="1"
                     ecep:pron="ðaɪ">thy</w>
                  <c> </c>
                  <w xmlns:ecep="http://www.eighteenthcenturypoetry.org/ns"
                     xml:id="bhw18-400130"
                     n="a-0170"
                     ecep:lem="bright-hued"
                     ecep:pos="j"
                     ecep:reg="bright-hued"
                     ecep:spe="bright-hued"
                     ecep:syllab="2"
                     ecep:pron="braɪtˌhjuːd">bright-hued</w>
                  <c> </c>
                  <w xmlns:ecep="http://www.eighteenthcenturypoetry.org/ns"
                     xml:id="bhw18-400140"
                     n="a-0180"
                     ecep:lem="foliage"
                     ecep:pos="n1"
                     ecep:reg="foliage"
                     ecep:spe="foliage"
                     ecep:syllab="2"
                     ecep:pron="ˈfəʊliɪdʒ">foliage</w>
                  <c> </c>
                  <w xmlns:ecep="http://www.eighteenthcenturypoetry.org/ns"
                     xml:id="bhw18-400150"
                     n="a-0190"
                     ecep:lem="throw"
                     ecep:pos="vvz"
                     ecep:reg="throws"
                     ecep:spe="throws"
                     ecep:syllab="1"
                     ecep:pron="θrəʊz">throws</w>
                  <pc xmlns:ecep="http://www.eighteenthcenturypoetry.org/ns"
                      xml:id="bhw18-400160"
                      n="a-0200"
                      unit="sentence"
                      ecep:lem="!"
                      ecep:pos="!"
                      ecep:reg="!"
                      ecep:spe="!">!</pc>
                  <c> </c>
               </l>
               <l xml:id="bhw18-l16570">
                  <w xmlns:ecep="http://www.eighteenthcenturypoetry.org/ns"
                     xml:id="bhw18-400170"
                     n="a-0210"
                     ecep:lem="while"
                     ecep:pos="cs"
                     ecep:reg="While"
                     ecep:spe="While"
                     ecep:syllab="1"
                     ecep:pron="ˈwaɪl">While</w>
                  <c> </c>
                  <w xmlns:ecep="http://www.eighteenthcenturypoetry.org/ns"
                     xml:id="bhw18-400180"
                     n="a-0220"
                     ecep:lem="from"
                     ecep:pos="p-acp"
                     ecep:reg="from"
                     ecep:spe="from"
                     ecep:syllab="1"
                     ecep:pron="frɒm">from</w>
                  <c> </c>
                  <w xmlns:ecep="http://www.eighteenthcenturypoetry.org/ns"
                     xml:id="bhw18-400190"
                     n="a-0230"
                     ecep:lem="thy"
                     ecep:pos="po21"
                     ecep:reg="thy"
                     ecep:spe="thy"
                     ecep:syllab="1"
                     ecep:pron="ðaɪ">thy</w>
                  <c> </c>
                  <w xmlns:ecep="http://www.eighteenthcenturypoetry.org/ns"
                     xml:id="bhw18-400200"
                     n="a-0240"
                     ecep:lem="pulp"
                     ecep:pos="n1"
                     ecep:reg="pulp"
                     ecep:spe="pulp"
                     ecep:syllab="1"
                     ecep:pron="pʌlp">pulp</w>
                  <c> </c>
                  <w xmlns:ecep="http://www.eighteenthcenturypoetry.org/ns"
                     xml:id="bhw18-400210"
                     n="a-0250"
                     ecep:lem="a"
                     ecep:pos="dt"
                     ecep:reg="a"
                     ecep:spe="a"
                     ecep:syllab="1"
                     ecep:pron="ə">a</w>
                  <c> </c>
                  <w xmlns:ecep="http://www.eighteenthcenturypoetry.org/ns"
                     xml:id="bhw18-400220"
                     n="a-0260"
                     ecep:lem="heal"
                     ecep:pos="j-vvg"
                     ecep:reg="healing"
                     ecep:spe="healing"
                     ecep:syllab="2"
                     ecep:pron="hiːlɪŋ">healing</w>
                  <c> </c>
                  <w xmlns:ecep="http://www.eighteenthcenturypoetry.org/ns"
                     xml:id="bhw18-400230"
                     n="a-0270"
                     ecep:lem="balsam"
                     ecep:pos="n1"
                     ecep:reg="balsam"
                     ecep:spe="balsam"
                     ecep:syllab="2"
                     ecep:pron="ˈbɔːlsəm">balsam</w>
                  <c> </c>
                  <w xmlns:ecep="http://www.eighteenthcenturypoetry.org/ns"
                     xml:id="bhw18-400240"
                     n="a-0280"
                     ecep:lem="flow"
                     ecep:pos="vvz"
                     ecep:reg="flows"
                     ecep:spe="flows"
                     ecep:syllab="1"
                     ecep:pron="fləʊz">flows</w>
                  <pc xmlns:ecep="http://www.eighteenthcenturypoetry.org/ns"
                      xml:id="bhw18-400250"
                      n="a-0290"
                      ecep:lem=","
                      ecep:pos=","
                      ecep:reg=","
                      ecep:spe=",">,</pc>
               </l>
               <l rendition="#h_3" xml:id="bhw18-l16575">
                  <c> </c>
                  <w xmlns:ecep="http://www.eighteenthcenturypoetry.org/ns"
                     xml:id="bhw18-400260"
                     n="a-0300"
                     ecep:lem="who"
                     ecep:pos="r-crq"
                     ecep:reg="Whose"
                     ecep:spe="Whose"
                     ecep:syllab="1"
                     ecep:pron="huːz">Whose</w>
                  <c> </c>
                  <w xmlns:ecep="http://www.eighteenthcenturypoetry.org/ns"
                     xml:id="bhw18-400270"
                     n="a-0310"
                     ecep:lem="power"
                     ecep:pos="n1"
                     ecep:reg="power"
                     ecep:spe="power"
                     ecep:syllab="1"
                     ecep:pron="ˈpaʊə">power</w>
                  <c> </c>
                  <w xmlns:ecep="http://www.eighteenthcenturypoetry.org/ns"
                     xml:id="bhw18-400280"
                     n="a-0320"
                     ecep:lem="the"
                     ecep:pos="dt"
                     ecep:reg="the"
                     ecep:spe="the"
                     ecep:syllab="1"
                     ecep:pron="ðiː">the</w>
                  <c> </c>
                  <w xmlns:ecep="http://www.eighteenthcenturypoetry.org/ns"
                     xml:id="bhw18-400290"
                     n="a-0330"
                     ecep:lem="suffering"
                     ecep:pos="n1"
                     ecep:reg="suffering"
                     ecep:spe="suff'ring"
                     ecep:syllab="2"
                     ecep:pron="ˈsʌfrɪŋ">suff'ring</w>
                  <c> </c>
                  <w xmlns:ecep="http://www.eighteenthcenturypoetry.org/ns"
                     xml:id="bhw18-400300"
                     n="a-0340"
                     ecep:lem="wretch"
                     ecep:pos="n1"
                     ecep:reg="wretch"
                     ecep:spe="wretch"
                     ecep:syllab="1"
                     ecep:pron="retʃ">wretch</w>
                  <c> </c>
                  <w xmlns:ecep="http://www.eighteenthcenturypoetry.org/ns"
                     xml:id="bhw18-400310"
                     n="a-0350"
                     ecep:lem="from"
                     ecep:pos="p-acp"
                     ecep:reg="from"
                     ecep:spe="from"
                     ecep:syllab="1"
                     ecep:pron="frɒm">from</w>
                  <c> </c>
                  <w xmlns:ecep="http://www.eighteenthcenturypoetry.org/ns"
                     xml:id="bhw18-400320"
                     n="a-0360"
                     ecep:lem="pain"
                     ecep:pos="n1"
                     ecep:reg="pain"
                     ecep:spe="pain"
                     ecep:syllab="1"
                     ecep:pron="peɪn">pain</w>
                  <c> </c>
                  <w xmlns:ecep="http://www.eighteenthcenturypoetry.org/ns"
                     xml:id="bhw18-400330"
                     n="a-0370"
                     ecep:lem="can"
                     ecep:pos="vmb"
                     ecep:reg="can"
                     ecep:spe="can"
                     ecep:syllab="1"
                     ecep:pron="kæn">can</w>
                  <c> </c>
                  <w xmlns:ecep="http://www.eighteenthcenturypoetry.org/ns"
                     xml:id="bhw18-400340"
                     n="a-0380"
                     ecep:lem="free"
                     ecep:pos="vvi"
                     ecep:reg="free"
                     ecep:spe="free"
                     ecep:syllab="1"
                     ecep:pron="friː">free</w>
                  <pc xmlns:ecep="http://www.eighteenthcenturypoetry.org/ns"
                      xml:id="bhw18-400350"
                      n="a-0390"
                      ecep:lem=":"
                      ecep:pos=":"
                      ecep:reg=":"
                      ecep:spe=":">:</pc>
               </l>
               <l rendition="#h_3" xml:id="bhw18-l16580">
                  <c> </c>
                  <w xmlns:ecep="http://www.eighteenthcenturypoetry.org/ns"
                     xml:id="bhw18-400360"
                     n="a-0400"
                     ecep:lem="my"
                     ecep:pos="po11"
                     ecep:reg="My"
                     ecep:spe="My"
                     ecep:syllab="1"
                     ecep:pron="maɪ">My</w>
                  <c> </c>
                  <w xmlns:ecep="http://www.eighteenthcenturypoetry.org/ns"
                     xml:id="bhw18-400370"
                     n="a-0410"
                     ecep:lem="pensive"
                     ecep:pos="j"
                     ecep:reg="pensive"
                     ecep:spe="pensive"
                     ecep:syllab="2"
                     ecep:pron="ˈpensɪv">pensive</w>
                  <c> </c>
                  <w xmlns:ecep="http://www.eighteenthcenturypoetry.org/ns"
                     xml:id="bhw18-400380"
                     n="a-0420"
                     ecep:lem="footstep"
                     ecep:pos="n2"
                     ecep:reg="footsteps"
                     ecep:spe="footsteps"
                     ecep:syllab="2"
                     ecep:pron="ˈfʊtsteps">footsteps</w>
                  <c> </c>
                  <w xmlns:ecep="http://www.eighteenthcenturypoetry.org/ns"
                     xml:id="bhw18-400390"
                     n="a-0430"
                     ecep:lem="ever"
                     ecep:pos="av"
                     ecep:reg="ever"
                     ecep:spe="ever"
                     ecep:syllab="2"
                     ecep:pron="ˈevə">ever</w>
                  <c> </c>
                  <w xmlns:ecep="http://www.eighteenthcenturypoetry.org/ns"
                     xml:id="bhw18-400400"
                     n="a-0440"
                     ecep:lem="turn"
                     ecep:pos="vvi"
                     ecep:reg="turn"
                     ecep:spe="turn"
                     ecep:syllab="1"
                     ecep:pron="tɜːn">turn</w>
                  <c> </c>
                  <w xmlns:ecep="http://www.eighteenthcenturypoetry.org/ns"
                     xml:id="bhw18-400410"
                     n="a-0450"
                     ecep:lem="to"
                     ecep:pos="p-acp"
                     ecep:reg="to"
                     ecep:spe="to"
                     ecep:syllab="1"
                     ecep:pron="tuː">to</w>
                  <c> </c>
                  <w xmlns:ecep="http://www.eighteenthcenturypoetry.org/ns"
                     xml:id="bhw18-400420"
                     n="a-0460"
                     ecep:lem="thou"
                     ecep:pos="pno21"
                     ecep:reg="thee"
                     ecep:spe="thee"
                     ecep:syllab="1"
                     ecep:pron="ðiː">thee</w>
                  <pc xmlns:ecep="http://www.eighteenthcenturypoetry.org/ns"
                      xml:id="bhw18-400430"
                      n="a-0470"
                      unit="sentence"
                      ecep:lem="!"
                      ecep:pos="!"
                      ecep:reg="!"
                      ecep:spe="!">!</pc>
                  <c> </c>
               </l>
               <l xml:id="bhw18-l16585">
                  <w xmlns:ecep="http://www.eighteenthcenturypoetry.org/ns"
                     xml:id="bhw18-400440"
                     n="a-0480"
                     ecep:lem="since"
                     ecep:pos="p-acp"
                     ecep:reg="Since"
                     ecep:spe="Since"
                     ecep:syllab="1"
                     ecep:pron="sɪns">Since</w>
                  <c> </c>
                  <w xmlns:ecep="http://www.eighteenthcenturypoetry.org/ns"
                     xml:id="bhw18-400450"
                     n="a-0490"
                     ecep:lem="oft"
                     ecep:pos="av"
                     ecep:reg="oft"
                     ecep:spe="oft"
                     ecep:syllab="1"
                     ecep:pron="ɒft">oft</w>
                  <pc xmlns:ecep="http://www.eighteenthcenturypoetry.org/ns"
                      xml:id="bhw18-400460"
                      n="a-0500"
                      ecep:lem=","
                      ecep:pos=","
                      ecep:reg=","
                      ecep:spe=",">,</pc>
                  <c> </c>
                  <w xmlns:ecep="http://www.eighteenthcenturypoetry.org/ns"
                     xml:id="bhw18-400470"
                     n="a-0510"
                     ecep:lem="while"
                     ecep:pos="cs"
                     ecep:reg="while"
                     ecep:spe="while"
                     ecep:syllab="1"
                     ecep:pron="ˈwaɪl">while</w>
                  <c> </c>
                  <w xmlns:ecep="http://www.eighteenthcenturypoetry.org/ns"
                     xml:id="bhw18-400480"
                     n="a-0520"
                     ecep:lem="muse"
                     ecep:pos="vvg"
                     ecep:reg="musing"
                     ecep:spe="musing"
                     ecep:syllab="2"
                     ecep:pron="mjuːzɪŋ">musing</w>
                  <c> </c>
                  <w xmlns:ecep="http://www.eighteenthcenturypoetry.org/ns"
                     xml:id="bhw18-400490"
                     n="a-0530"
                     ecep:lem="on"
                     ecep:pos="p-acp"
                     ecep:reg="on"
                     ecep:spe="on"
                     ecep:syllab="1"
                     ecep:pron="ɒn">on</w>
                  <c> </c>
                  <w xmlns:ecep="http://www.eighteenthcenturypoetry.org/ns"
                     xml:id="bhw18-400500"
                     n="a-0540"
                     ecep:lem="my"
                     ecep:pos="po11"
                     ecep:reg="my"
                     ecep:spe="my"
                     ecep:syllab="1"
                     ecep:pron="maɪ">my</w>
                  <c> </c>
                  <w xmlns:ecep="http://www.eighteenthcenturypoetry.org/ns"
                     xml:id="bhw18-400510"
                     n="a-0550"
                     ecep:lem="last"
                     ecep:pos="j-vvg"
                     ecep:reg="lasting"
                     ecep:spe="lasting"
                     ecep:syllab="2"
                     ecep:pron="lɑːstɪŋ">lasting</w>
                  <c> </c>
                  <w xmlns:ecep="http://www.eighteenthcenturypoetry.org/ns"
                     xml:id="bhw18-400520"
                     n="a-0560"
                     ecep:lem="woe"
                     ecep:pos="n2"
                     ecep:reg="woes"
                     ecep:spe="woes"
                     ecep:syllab="1"
                     ecep:pron="wəʊz">woes</w>
                  <pc xmlns:ecep="http://www.eighteenthcenturypoetry.org/ns"
                      xml:id="bhw18-400530"
                      n="a-0570"
                      ecep:lem=","
                      ecep:pos=","
                      ecep:reg=","
                      ecep:spe=",">,</pc>
               </l>
               <l xml:id="bhw18-l16590">
                  <c> </c>
                  <w xmlns:ecep="http://www.eighteenthcenturypoetry.org/ns"
                     xml:id="bhw18-400540"
                     n="a-0580"
                     ecep:lem="beneath"
                     ecep:pos="p-acp"
                     ecep:reg="Beneath"
                     ecep:spe="Beneath"
                     ecep:syllab="2"
                     ecep:pron="bɪˈniːθ">Beneath</w>
                  <c> </c>
                  <w xmlns:ecep="http://www.eighteenthcenturypoetry.org/ns"
                     xml:id="bhw18-400550"
                     n="a-0590"
                     ecep:lem="thy"
                     ecep:pos="po21"
                     ecep:reg="thy"
                     ecep:spe="thy"
                     ecep:syllab="1"
                     ecep:pron="ðaɪ">thy</w>
                  <c> </c>
                  <w xmlns:ecep="http://www.eighteenthcenturypoetry.org/ns"
                     xml:id="bhw18-400560"
                     n="a-0600"
                     ecep:lem="flowery"
                     ecep:pos="j"
                     ecep:reg="flowery"
                     ecep:spe="flowery"
                     ecep:syllab="3"
                     ecep:pron="ˈflæəri">flowery</w>
                  <c> </c>
                  <w xmlns:ecep="http://www.eighteenthcenturypoetry.org/ns"
                     xml:id="bhw18-400570"
                     n="a-0610"
                     ecep:lem="white-bell"
                     ecep:pos="n2"
                     ecep:reg="white-bells"
                     ecep:spe="white-bells"
                     ecep:syllab="2"
                     ecep:pron="waɪtˌbelz">white-bells</w>
                  <c> </c>
                  <w xmlns:ecep="http://www.eighteenthcenturypoetry.org/ns"
                     xml:id="bhw18-400580"
                     n="a-0620"
                     ecep:lem="i"
                     ecep:pos="pns11"
                     ecep:reg="I"
                     ecep:spe="I"
                     ecep:syllab="1"
                     ecep:pron="aɪ">I</w>
                  <c> </c>
                  <w xmlns:ecep="http://www.eighteenthcenturypoetry.org/ns"
                     xml:id="bhw18-400590"
                     n="a-0630"
                     ecep:lem="repose"
                     ecep:pos="vvb"
                     ecep:reg="repose"
                     ecep:spe="repose"
                     ecep:syllab="2"
                     ecep:pron="rɪˈpəʊz">repose</w>
                  <pc xmlns:ecep="http://www.eighteenthcenturypoetry.org/ns"
                      xml:id="bhw18-400600"
                      n="a-0640"
                      ecep:lem=","
                      ecep:pos=","
                      ecep:reg=","
                      ecep:spe=",">,</pc>
               </l>
               <l rendition="#h_3" xml:id="bhw18-l16595">
                  <c> </c>
                  <w xmlns:ecep="http://www.eighteenthcenturypoetry.org/ns"
                     xml:id="bhw18-400610"
                     n="a-0650"
                     ecep:lem="symbol"
                     ecep:pos="n1"
                     ecep:reg="Symbol"
                     ecep:spe="Symbol"
                     ecep:syllab="2"
                     ecep:pron="ˈsɪmbl">Symbol</w>
                  <c> </c>
                  <w xmlns:ecep="http://www.eighteenthcenturypoetry.org/ns"
                     xml:id="bhw18-400620"
                     n="a-0660"
                     ecep:lem="of"
                     ecep:pos="pp-f"
                     ecep:reg="of"
                     ecep:spe="of"
                     ecep:syllab="1"
                     ecep:pron="ɒv">of</w>
                  <c> </c>
                  <w xmlns:ecep="http://www.eighteenthcenturypoetry.org/ns"
                     xml:id="bhw18-400630"
                     n="a-0670"
                     ecep:lem="friendship"
                     ecep:pos="n1"
                     ecep:reg="Friendship"
                     ecep:spe="Friendship"
                     ecep:syllab="2"
                     ecep:pron="ˈfrenʃɪp">Friendship</w>
                  <c> </c>
                  <w xmlns:ecep="http://www.eighteenthcenturypoetry.org/ns"
                     xml:id="bhw18-400640"
                     n="a-0680"
                     ecep:lem="do"
                     ecep:pos="vd2"
                     ecep:reg="dost"
                     ecep:spe="dost"
                     ecep:syllab="1"
                     ecep:pron="dʌst">dost</w>
                  <c> </c>
                  <w xmlns:ecep="http://www.eighteenthcenturypoetry.org/ns"
                     xml:id="bhw18-400650"
                     n="a-0690"
                     ecep:lem="thou"
                     ecep:pos="pns21"
                     ecep:reg="thou"
                     ecep:spe="thou"
                     ecep:syllab="1"
                     ecep:pron="θaʊ">thou</w>
                  <c> </c>
                  <w xmlns:ecep="http://www.eighteenthcenturypoetry.org/ns"
                     xml:id="bhw18-400660"
                     n="a-0700"
                     ecep:lem="seem"
                     ecep:pos="vvi"
                     ecep:reg="seem"
                     ecep:spe="seem"
                     ecep:syllab="1"
                     ecep:pron="siːm">seem</w>
                  <c> </c>
                  <w xmlns:ecep="http://www.eighteenthcenturypoetry.org/ns"
                     xml:id="bhw18-400670"
                     n="a-0710"
                     ecep:lem="to"
                     ecep:pos="p-acp"
                     ecep:reg="to"
                     ecep:spe="to"
                     ecep:syllab="1"
                     ecep:pron="tuː">to</w>
                  <c> </c>
                  <w xmlns:ecep="http://www.eighteenthcenturypoetry.org/ns"
                     xml:id="bhw18-400680"
                     n="a-0720"
                     ecep:lem="i"
                     ecep:pos="pno11"
                     ecep:reg="me"
                     ecep:spe="me"
                     ecep:syllab="1"
                     ecep:pron="miː">me</w>
                  <pc xmlns:ecep="http://www.eighteenthcenturypoetry.org/ns"
                      xml:id="bhw18-400690"
                      n="a-0730"
                      ecep:lem=";"
                      ecep:pos=";"
                      ecep:reg=";"
                      ecep:spe=";">;</pc>
               </l>
               <l xml:id="bhw18-l16600">
                  <c> </c>
                  <w xmlns:ecep="http://www.eighteenthcenturypoetry.org/ns"
                     xml:id="bhw18-400700"
                     n="a-0740"
                     ecep:lem="for"
                     ecep:pos="c-acp"
                     ecep:reg="For"
                     ecep:spe="For"
                     ecep:syllab="1"
                     ecep:pron="fɔː">For</w>
                  <c> </c>
                  <w xmlns:ecep="http://www.eighteenthcenturypoetry.org/ns"
                     xml:id="bhw18-400710"
                     n="a-0750"
                     ecep:lem="thus"
                     ecep:pos="av"
                     ecep:reg="thus"
                     ecep:spe="thus"
                     ecep:syllab="1"
                     ecep:pron="ðʌs">thus</w>
                  <c> </c>
                  <w xmlns:ecep="http://www.eighteenthcenturypoetry.org/ns"
                     xml:id="bhw18-400720"
                     n="a-0760"
                     ecep:lem="have"
                     ecep:pos="vhz"
                     ecep:reg="has"
                     ecep:spe="has"
                     ecep:syllab="1"
                     ecep:pron="hæz">has</w>
                  <c> </c>
                  <w xmlns:ecep="http://www.eighteenthcenturypoetry.org/ns"
                     xml:id="bhw18-400730"
                     n="a-0770"
                     ecep:lem="friendship"
                     ecep:pos="n1"
                     ecep:reg="Friendship"
                     ecep:spe="Friendship"
                     ecep:syllab="2"
                     ecep:pron="ˈfrenʃɪp">Friendship</w>
                  <c> </c>
                  <w xmlns:ecep="http://www.eighteenthcenturypoetry.org/ns"
                     xml:id="bhw18-400740"
                     n="a-0780"
                     ecep:lem="cast"
                     ecep:pos="vvi"
                     ecep:reg="cast"
                     ecep:spe="cast"
                     ecep:syllab="1"
                     ecep:pron="kɑːst">cast</w>
                  <c> </c>
                  <w xmlns:ecep="http://www.eighteenthcenturypoetry.org/ns"
                     xml:id="bhw18-400750"
                     n="a-0790"
                     ecep:lem="she"
                     ecep:pos="pno31"
                     ecep:reg="her"
                     ecep:spe="her"
                     ecep:syllab="1"
                     ecep:pron="hɜː">her</w>
                  <c> </c>
                  <w xmlns:ecep="http://www.eighteenthcenturypoetry.org/ns"
                     xml:id="bhw18-400760"
                     n="a-0800"
                     ecep:lem="soothe"
                     ecep:pos="vvg"
                     ecep:reg="soothing"
                     ecep:spe="soothing"
                     ecep:syllab="2"
                     ecep:pron="suːðɪŋ">soothing</w>
                  <c> </c>
                  <w xmlns:ecep="http://www.eighteenthcenturypoetry.org/ns"
                     xml:id="bhw18-400770"
                     n="a-0810"
                     ecep:lem="shade"
                     ecep:pos="n1"
                     ecep:reg="shade"
                     ecep:spe="shade"
                     ecep:syllab="1"
                     ecep:pron="ʃeɪd">shade</w>
               </l>
               <l rendition="#h_3" xml:id="bhw18-l16605">
                  <c> </c>
                  <w xmlns:ecep="http://www.eighteenthcenturypoetry.org/ns"
                     xml:id="bhw18-400780"
                     n="a-0820"
                     ecep:lem="over"
                     ecep:pos="p-acp"
                     ecep:reg="Over"
                     ecep:spe="O'er"
                     ecep:syllab="1"
                     ecep:pron="ˈɔːə">O'er</w>
                  <c> </c>
                  <w xmlns:ecep="http://www.eighteenthcenturypoetry.org/ns"
                     xml:id="bhw18-400790"
                     n="a-0830"
                     ecep:lem="my"
                     ecep:pos="po11"
                     ecep:reg="my"
                     ecep:spe="my"
                     ecep:syllab="1"
                     ecep:pron="maɪ">my</w>
                  <c> </c>
                  <w xmlns:ecep="http://www.eighteenthcenturypoetry.org/ns"
                     xml:id="bhw18-400800"
                     n="a-0840"
                     ecep:lem="unsheltered"
                     ecep:pos="j"
                     ecep:reg="unsheltered"
                     ecep:spe="unshelter'd"
                     ecep:syllab="3"
                     ecep:pron="ʌnˈʃeltəd">unshelter'd</w>
                  <c> </c>
                  <w xmlns:ecep="http://www.eighteenthcenturypoetry.org/ns"
                     xml:id="bhw18-400810"
                     n="a-0850"
                     ecep:lem="bosom"
                     ecep:pos="ng1"
                     ecep:reg="bosom's"
                     ecep:spe="bosom's"
                     ecep:syllab="2"
                     ecep:pron="ˈbʊzmz">bosom's</w>
                  <c> </c>
                  <w xmlns:ecep="http://www.eighteenthcenturypoetry.org/ns"
                     xml:id="bhw18-400820"
                     n="a-0860"
                     ecep:lem="keen"
                     ecep:pos="j"
                     ecep:reg="keen"
                     ecep:spe="keen"
                     ecep:syllab="1"
                     ecep:pron="kiːn">keen</w>
                  <c> </c>
                  <w xmlns:ecep="http://www.eighteenthcenturypoetry.org/ns"
                     xml:id="bhw18-400830"
                     n="a-0870"
                     ecep:lem="distress"
                     ecep:pos="n1"
                     ecep:reg="distress"
                     ecep:spe="distress"
                     ecep:syllab="2"
                     ecep:pron="dɪˈstres">distress</w>
                  <pc xmlns:ecep="http://www.eighteenthcenturypoetry.org/ns"
                      xml:id="bhw18-400840"
                      n="a-0880"
                      ecep:lem=","
                      ecep:pos=","
                      ecep:reg=","
                      ecep:spe=",">,</pc>
               </l>
               <l xml:id="bhw18-l16610">
                  <c> </c>
                  <w xmlns:ecep="http://www.eighteenthcenturypoetry.org/ns"
                     xml:id="bhw18-400850"
                     n="a-0890"
                     ecep:lem="thus"
                     ecep:pos="av"
                     ecep:reg="Thus"
                     ecep:spe="Thus"
                     ecep:syllab="1"
                     ecep:pron="ðʌs">Thus</w>
                  <c> </c>
                  <w xmlns:ecep="http://www.eighteenthcenturypoetry.org/ns"
                     xml:id="bhw18-400860"
                     n="a-0900"
                     ecep:lem="seek"
                     ecep:pos="vvd"
                     ecep:reg="sought"
                     ecep:spe="sought"
                     ecep:syllab="1"
                     ecep:pron="sɔːt">sought</w>
                  <c> </c>
                  <w xmlns:ecep="http://www.eighteenthcenturypoetry.org/ns"
                     xml:id="bhw18-400870"
                     n="a-0910"
                     ecep:lem="to"
                     ecep:pos="pc-acp"
                     ecep:reg="to"
                     ecep:spe="to"
                     ecep:syllab="1"
                     ecep:pron="tuː">to</w>
                  <c> </c>
                  <w xmlns:ecep="http://www.eighteenthcenturypoetry.org/ns"
                     xml:id="bhw18-400880"
                     n="a-0920"
                     ecep:lem="heal"
                     ecep:pos="vvi"
                     ecep:reg="heal"
                     ecep:spe="heal"
                     ecep:syllab="1"
                     ecep:pron="hiːl">heal</w>
                  <c> </c>
                  <w xmlns:ecep="http://www.eighteenthcenturypoetry.org/ns"
                     xml:id="bhw18-400890"
                     n="a-0930"
                     ecep:lem="the"
                     ecep:pos="dt"
                     ecep:reg="the"
                     ecep:spe="the"
                     ecep:syllab="1"
                     ecep:pron="ðiː">the</w>
                  <c> </c>
                  <w xmlns:ecep="http://www.eighteenthcenturypoetry.org/ns"
                     xml:id="bhw18-400900"
                     n="a-0940"
                     ecep:lem="wound"
                     ecep:pos="n2"
                     ecep:reg="wounds"
                     ecep:spe="wounds"
                     ecep:syllab="1"
                     ecep:pron="wuːndz">wounds</w>
                  <c> </c>
                  <w xmlns:ecep="http://www.eighteenthcenturypoetry.org/ns"
                     xml:id="bhw18-400910"
                     n="a-0950"
                     ecep:lem="which"
                     ecep:pos="r-crq"
                     ecep:reg="which"
                     ecep:spe="which"
                     ecep:syllab="1"
                     ecep:pron="wɪtʃ">which</w>
                  <c> </c>
                  <w xmlns:ecep="http://www.eighteenthcenturypoetry.org/ns"
                     xml:id="bhw18-400920"
                     n="a-0960"
                     ecep:lem="love"
                     ecep:pos="n1"
                     ecep:reg="Love"
                     ecep:spe="Love"
                     ecep:syllab="1"
                     ecep:pron="lʌv">Love</w>
                  <c> </c>
                  <w xmlns:ecep="http://www.eighteenthcenturypoetry.org/ns"
                     xml:id="bhw18-400930"
                     n="a-0970"
                     ecep:lem="have"
                     ecep:pos="vhz"
                     ecep:reg="has"
                     ecep:spe="has"
                     ecep:syllab="1"
                     ecep:pron="hæz">has</w>
                  <c> </c>
                  <w xmlns:ecep="http://www.eighteenthcenturypoetry.org/ns"
                     xml:id="bhw18-400940"
                     n="a-0980"
                     ecep:lem="make"
                     ecep:pos="vvn"
                     ecep:reg="made"
                     ecep:spe="made"
                     ecep:syllab="1"
                     ecep:pron="meɪd">made</w>
                  <pc xmlns:ecep="http://www.eighteenthcenturypoetry.org/ns"
                      xml:id="bhw18-400950"
                      n="a-0990"
                      ecep:lem=","
                      ecep:pos=","
                      ecep:reg=","
                      ecep:spe=",">,</pc>
               </l>
               <l rendition="#h_3" xml:id="bhw18-l16615">
                  <c> </c>
                  <w xmlns:ecep="http://www.eighteenthcenturypoetry.org/ns"
                     xml:id="bhw18-400960"
                     n="a-1000"
                     ecep:lem="and"
                     ecep:pos="cc"
                     ecep:reg="And"
                     ecep:spe="And"
                     ecep:syllab="1"
                     ecep:pron="ænd">And</w>
                  <c> </c>
                  <w xmlns:ecep="http://www.eighteenthcenturypoetry.org/ns"
                     xml:id="bhw18-400970"
                     n="a-1010"
                     ecep:lem="temper"
                     ecep:pos="n1"
                     ecep:reg="temper"
                     ecep:spe="temper"
                     ecep:syllab="2"
                     ecep:pron="ˈtempə">temper</w>
                  <c> </c>
                  <w xmlns:ecep="http://www.eighteenthcenturypoetry.org/ns"
                     xml:id="bhw18-400980"
                     n="a-1020"
                     ecep:lem="bleed"
                     ecep:pos="vvg"
                     ecep:reg="bleeding"
                     ecep:spe="bleeding"
                     ecep:syllab="2"
                     ecep:pron="bliːdɪŋ">bleeding</w>
                  <c> </c>
                  <w xmlns:ecep="http://www.eighteenthcenturypoetry.org/ns"
                     xml:id="bhw18-400990"
                     n="a-1030"
                     ecep:lem="sorrow"
                     ecep:pos="ng1"
                     ecep:reg="sorrow's"
                     ecep:spe="sorrow's"
                     ecep:syllab="2"
                     ecep:pron="ˈsɒrəʊz">sorrow's</w>
                  <c> </c>
                  <w xmlns:ecep="http://www.eighteenthcenturypoetry.org/ns"
                     xml:id="bhw18-401000"
                     n="a-1040"
                     ecep:lem="sharp"
                     ecep:pos="j"
                     ecep:reg="sharp"
                     ecep:spe="sharp"
                     ecep:syllab="1"
                     ecep:pron="ʃɑːp">sharp</w>
                  <c> </c>
                  <w xmlns:ecep="http://www.eighteenthcenturypoetry.org/ns"
                     xml:id="bhw18-401010"
                     n="a-1050"
                     ecep:lem="excess"
                     ecep:pos="n1"
                     ecep:reg="excess"
                     ecep:spe="excess"
                     ecep:syllab="2"
                     ecep:pron="ɪkˈses">excess</w>
                  <pc xmlns:ecep="http://www.eighteenthcenturypoetry.org/ns"
                      xml:id="bhw18-401020"
                      n="a-1060"
                      unit="sentence"
                      ecep:lem="!"
                      ecep:pos="!"
                      ecep:reg="!"
                      ecep:spe="!">!</pc>
                  <c> </c>
               </l>
               <l xml:id="bhw18-l16620">
                  <w xmlns:ecep="http://www.eighteenthcenturypoetry.org/ns"
                     xml:id="bhw18-401030"
                     n="a-1070"
                     ecep:lem="ah"
                     ecep:pos="uh"
                     ecep:reg="Ah"
                     ecep:spe="Ah"
                     ecep:syllab="1"
                     ecep:pron="ɑː">Ah</w>
                  <pc xmlns:ecep="http://www.eighteenthcenturypoetry.org/ns"
                      xml:id="bhw18-401035"
                      n="a-1070"
                      ecep:lem="!"
                      ecep:pos="!"
                      ecep:reg="!"
                      ecep:spe="!">!</pc>
                  <c> </c>
                  <w xmlns:ecep="http://www.eighteenthcenturypoetry.org/ns"
                     xml:id="bhw18-401040"
                     n="a-1080"
                     ecep:lem="not"
                     ecep:pos="xx"
                     ecep:reg="not"
                     ecep:spe="not"
                     ecep:syllab="1"
                     ecep:pron="nɒt">not</w>
                  <c> </c>
                  <w xmlns:ecep="http://www.eighteenthcenturypoetry.org/ns"
                     xml:id="bhw18-401050"
                     n="a-1090"
                     ecep:lem="in"
                     ecep:pos="p-acp"
                     ecep:reg="in"
                     ecep:spe="in"
                     ecep:syllab="1"
                     ecep:pron="ɪn">in</w>
                  <c> </c>
                  <w xmlns:ecep="http://www.eighteenthcenturypoetry.org/ns"
                     xml:id="bhw18-401060"
                     n="a-1100"
                     ecep:lem="vain"
                     ecep:pos="j"
                     ecep:reg="vain"
                     ecep:spe="vain"
                     ecep:syllab="1"
                     ecep:pron="veɪn">vain</w>
                  <c> </c>
                  <w xmlns:ecep="http://www.eighteenthcenturypoetry.org/ns"
                     xml:id="bhw18-401070"
                     n="a-1110"
                     ecep:lem="she"
                     ecep:pos="pns31"
                     ecep:reg="she"
                     ecep:spe="she"
                     ecep:syllab="1"
                     ecep:pron="ʃiː">she</w>
                  <c> </c>
                  <w xmlns:ecep="http://www.eighteenthcenturypoetry.org/ns"
                     xml:id="bhw18-401080"
                     n="a-1120"
                     ecep:lem="lend"
                     ecep:pos="vvz"
                     ecep:reg="lends"
                     ecep:spe="lends"
                     ecep:syllab="1"
                     ecep:pron="lendz">lends</w>
                  <c> </c>
                  <w xmlns:ecep="http://www.eighteenthcenturypoetry.org/ns"
                     xml:id="bhw18-401090"
                     n="a-1130"
                     ecep:lem="her"
                     ecep:pos="po31"
                     ecep:reg="her"
                     ecep:spe="her"
                     ecep:syllab="1"
                     ecep:pron="hɜː">her</w>
                  <c> </c>
                  <w xmlns:ecep="http://www.eighteenthcenturypoetry.org/ns"
                     xml:id="bhw18-401100"
                     n="a-1140"
                     ecep:lem="balmy"
                     ecep:pos="j"
                     ecep:reg="balmy"
                     ecep:spe="balmy"
                     ecep:syllab="2"
                     ecep:pron="ˈbɑːmi">balmy</w>
                  <c> </c>
                  <w xmlns:ecep="http://www.eighteenthcenturypoetry.org/ns"
                     xml:id="bhw18-401110"
                     n="a-1150"
                     ecep:lem="aid"
                     ecep:pos="n1"
                     ecep:reg="aid"
                     ecep:spe="aid"
                     ecep:syllab="1"
                     ecep:pron="eɪd">aid</w>
                  <c> </c>
                  <pc xmlns:ecep="http://www.eighteenthcenturypoetry.org/ns"
                      xml:id="bhw18-401120"
                      n="a-1160"
                      ecep:lem="—"
                      ecep:pos="—"
                      ecep:reg="—"
                      ecep:spe="—">—</pc>
               </l>
               <l rendition="#h_3" xml:id="bhw18-l16625">
                  <c> </c>
                  <w xmlns:ecep="http://www.eighteenthcenturypoetry.org/ns"
                     xml:id="bhw18-401130"
                     n="a-1170"
                     ecep:lem="the"
                     ecep:pos="dt"
                     ecep:reg="The"
                     ecep:spe="The"
                     ecep:syllab="1"
                     ecep:pron="ðiː">The</w>
                  <c> </c>
                  <w xmlns:ecep="http://www.eighteenthcenturypoetry.org/ns"
                     xml:id="bhw18-401140"
                     n="a-1180"
                     ecep:lem="agony"
                     ecep:pos="n2"
                     ecep:reg="agonies"
                     ecep:spe="agonies"
                     ecep:syllab="3"
                     ecep:pron="ˈægəniz">agonies</w>
                  <c> </c>
                  <w xmlns:ecep="http://www.eighteenthcenturypoetry.org/ns"
                     xml:id="bhw18-401150"
                     n="a-1190"
                     ecep:lem="she"
                     ecep:pos="pns31"
                     ecep:reg="she"
                     ecep:spe="she"
                     ecep:syllab="1"
                     ecep:pron="ʃiː">she</w>
                  <c> </c>
                  <w xmlns:ecep="http://www.eighteenthcenturypoetry.org/ns"
                     xml:id="bhw18-401160"
                     n="a-1200"
                     ecep:lem="can"
                     ecep:pos="vmbx"
                     ecep:reg="cannot"
                     ecep:spe="cannot"
                     ecep:syllab="2"
                     ecep:pron="ˈkænɒt">cannot</w>
                  <c> </c>
                  <w xmlns:ecep="http://www.eighteenthcenturypoetry.org/ns"
                     xml:id="bhw18-401170"
                     n="a-1210"
                     ecep:lem="cure"
                     ecep:pos="vvi"
                     ecep:reg="cure"
                     ecep:spe="cure"
                     ecep:syllab="1"
                     ecep:pron="kjʊə">cure</w>
                  <c> </c>
                  <w xmlns:ecep="http://www.eighteenthcenturypoetry.org/ns"
                     xml:id="bhw18-401180"
                     n="a-1220"
                     ecep:lem="be"
                     ecep:pos="vbb"
                     ecep:reg="are"
                     ecep:spe="are"
                     ecep:syllab="1"
                     ecep:pron="ɑː">are</w>
                  <c> </c>
                  <w xmlns:ecep="http://www.eighteenthcenturypoetry.org/ns"
                     xml:id="bhw18-401190"
                     n="a-1230"
                     ecep:lem="less"
                     ecep:pos="av-dc"
                     ecep:reg="less"
                     ecep:spe="less"
                     ecep:syllab="1"
                     ecep:pron="les">less</w>
                  <pc xmlns:ecep="http://www.eighteenthcenturypoetry.org/ns"
                      xml:id="bhw18-401200"
                      n="a-1240"
                      unit="sentence"
                      ecep:lem="!"
                      ecep:pos="!"
                      ecep:reg="!"
                      ecep:spe="!">!</pc>
                  <c> </c>
               </l>
            </lg>
         </div>
      </body>
   </text>
</TEI>
