<?xml version="1.0" encoding="UTF-8"?>
<div xmlns:ecep="http://www.eighteenthcenturypoetry.org/ns"
     xmlns="http://www.tei-c.org/ns/1.0"
     xmlns:tei="http://www.tei-c.org/ns/1.0"
     ana="#trochee #tetrameter #quatrain #cross #address"
     corresp="#txt_ChatTh1752_w0029"
     decls="#semi-normalized"
     ecep:syllab="7.7.7.7"
     met="+-|+-|+-|+(-)/ +-|+-|+-|+(-)/ +-|+-|+-|+(-)/ +-|+-|+-|+(-)/"
     rendition="#lgvspace"
     rhyme="abab"
     subtype="eceptext"
     type="poem"
     xml:id="o4198-w0080">
   <link target="authors.xml#aut_ChatTh1752" type="author"/>
   <head type="main">
      <w xml:id="o4198-020330"
         n="19-a-0010"
         ecep:lem="to"
         ecep:pos="p-acp"
         ecep:reg="TO"
         ecep:spe="TO"
         ecep:syllab="1"
         ecep:pron="tuː">TO</w>
      <c> </c>
      <w xml:id="o4198-020340"
         n="19-a-0020"
         ecep:lem="miss"
         ecep:pos="n1"
         ecep:reg="MISS"
         ecep:spe="MISS"
         ecep:syllab="1"
         ecep:pron="mɪs">MISS</w>
      <c> </c>
      <w xml:id="o4198-020350"
         n="19-a-0030"
         ecep:lem="h—l—d"
         ecep:pos="vvn"
         ecep:reg="H—L—D"
         ecep:spe="H—L—D"
         ecep:syllab="1"
         ecep:pron="ˈeɪtʃˈeldˈiː">H—L—D</w>
      <pc xml:id="o4198-020430"
          n="19-a-0110"
          unit="sentence"
          ecep:lem="."
          ecep:pos="."
          ecep:reg="."
          ecep:spe=".">.</pc>
   </head>
   <head type="sub">
      <date>
         <w xml:id="o4198-020460"
            n="19-a-0120"
            ecep:lem="1768."
            ecep:pos="crd"
            ecep:reg="1768."
            ecep:spe="1768."
            ecep:syllab="1"
            ecep:pron="wˈɒnθˈaʊzəndsˈevənhˈʌndrədənsˈɪkstiˈeɪt">1768.</w>
         <pc unit="sentence" xml:id="o4198-020460-eos" n="19-a-0130"/>
      </date>
   </head>
   <lg xml:id="o4198-s00070">
      <l xml:id="o4198-l00830">
         <w xml:id="o4198-020490"
            n="19-a-0140"
            ecep:lem="tell"
            ecep:pos="vvi"
            ecep:reg="TELL"
            ecep:spe="TELL"
            ecep:syllab="1"
            ecep:pron="tel">TELL</w>
         <c> </c>
         <w xml:id="o4198-020500"
            n="19-a-0150"
            ecep:lem="i"
            ecep:pos="pno11"
            ecep:reg="me"
            ecep:spe="me"
            ecep:syllab="1"
            ecep:pron="miː">me</w>
         <pc xml:id="o4198-020510"
             n="19-a-0160"
             ecep:lem=","
             ecep:pos=","
             ecep:reg=","
             ecep:spe=",">,</pc>
         <c> </c>
         <w xml:id="o4198-020520"
            n="19-a-0170"
            ecep:lem="god"
            ecep:pos="n1"
            ecep:reg="God"
            ecep:spe="God"
            ecep:syllab="1"
            ecep:pron="gɒd">God</w>
         <c> </c>
         <w xml:id="o4198-020530"
            n="19-a-0180"
            ecep:lem="of"
            ecep:pos="pp-f"
            ecep:reg="of"
            ecep:spe="of"
            ecep:syllab="1"
            ecep:pron="ɒv">of</w>
         <c> </c>
         <w xml:id="o4198-020540"
            n="19-a-0190"
            ecep:lem="soft"
            ecep:pos="j"
            ecep:reg="soft"
            ecep:spe="soft"
            ecep:syllab="1"
            ecep:pron="sɒft">soft</w>
         <c> </c>
         <w xml:id="o4198-020550"
            n="19-a-0200"
            ecep:lem="desire"
            ecep:pos="n2"
            ecep:reg="desires"
            ecep:spe="desires"
            ecep:syllab="2"
            ecep:pron="dɪˈzæəz">desires</w>
         <pc xml:id="o4198-020560"
             n="19-a-0210"
             ecep:lem=","
             ecep:pos=","
             ecep:reg=","
             ecep:spe=",">,</pc>
      </l>
      <l xml:id="o4198-l00835">
         <c> </c>
         <w xml:id="o4198-020570"
            n="19-a-0220"
            ecep:lem="little"
            ecep:pos="j"
            ecep:reg="Little"
            ecep:spe="Little"
            ecep:syllab="2"
            ecep:pron="ˈlɪtl">Little</w>
         <c> </c>
         <w xml:id="o4198-020580"
            n="19-a-0230"
            ecep:lem="Cupid"
            ecep:pos="np1"
            ecep:reg="Cupid"
            ecep:spe="Cupid"
            ecep:syllab="2"
            ecep:pron="ˈkjuːpɪd">Cupid</w>
         <pc xml:id="o4198-020590"
             n="19-a-0240"
             ecep:lem=","
             ecep:pos=","
             ecep:reg=","
             ecep:spe=",">,</pc>
         <c> </c>
         <w xml:id="o4198-020600"
            n="19-a-0250"
            ecep:lem="wanton"
            ecep:pos="j-jn"
            ecep:reg="wanton"
            ecep:spe="wanton"
            ecep:syllab="2"
            ecep:pron="ˈwɒntən">wanton</w>
         <c> </c>
         <w xml:id="o4198-020610"
            n="19-a-0260"
            ecep:lem="boy"
            ecep:pos="n1"
            ecep:reg="Boy"
            ecep:spe="Boy"
            ecep:syllab="1"
            ecep:pron="bɔɪ">Boy</w>
         <pc xml:id="o4198-020620"
             n="19-a-0270"
             ecep:lem=","
             ecep:pos=","
             ecep:reg=","
             ecep:spe=",">,</pc>
      </l>
      <l xml:id="o4198-l00840">
         <c> </c>
         <w xml:id="o4198-020630"
            n="19-a-0280"
            ecep:lem="how"
            ecep:pos="c-crq"
            ecep:reg="How"
            ecep:spe="How"
            ecep:syllab="1"
            ecep:pron="haʊ">How</w>
         <c> </c>
         <w xml:id="o4198-020640"
            n="19-a-0290"
            ecep:lem="thou"
            ecep:pos="pns21"
            ecep:reg="thou"
            ecep:spe="thou"
            ecep:syllab="1"
            ecep:pron="θaʊ">thou</w>
         <c> </c>
         <w xml:id="o4198-020650"
            n="19-a-0300"
            ecep:lem="kindly"
            ecep:pos="vv2"
            ecep:reg="kindlest"
            ecep:spe="kindlest"
            ecep:syllab="2"
            ecep:pron="kˈɪndləst">kindlest</w>
         <c> </c>
         <w xml:id="o4198-020660"
            n="19-a-0310"
            ecep:lem="up"
            ecep:pos="p-acp"
            ecep:reg="up"
            ecep:spe="up"
            ecep:syllab="1"
            ecep:pron="ʌp">up</w>
         <c> </c>
         <w xml:id="o4198-020670"
            n="19-a-0320"
            ecep:lem="thy"
            ecep:pos="po21"
            ecep:reg="thy"
            ecep:spe="thy"
            ecep:syllab="1"
            ecep:pron="ðaɪ">thy</w>
         <c> </c>
         <w xml:id="o4198-020680"
            n="19-a-0330"
            ecep:lem="fire"
            ecep:pos="n2"
            ecep:reg="fires"
            ecep:spe="fires"
            ecep:syllab="1"
            ecep:pron="fæəz">fires</w>
         <pc xml:id="o4198-020690"
             n="19-a-0340"
             unit="sentence"
             ecep:lem="!"
             ecep:pos="!"
             ecep:reg="!"
             ecep:spe="!">!</pc>
         <c> </c>
      </l>
      <l xml:id="o4198-l00845">
         <w xml:id="o4198-020700"
            n="19-a-0350"
            ecep:lem="give"
            ecep:pos="vvg"
            ecep:reg="Giving"
            ecep:spe="Giving"
            ecep:syllab="2"
            ecep:pron="gɪvɪŋ">Giving</w>
         <c> </c>
         <w xml:id="o4198-020710"
            n="19-a-0360"
            ecep:lem="please"
            ecep:pos="j-vvg"
            ecep:reg="pleasing"
            ecep:spe="pleasing"
            ecep:syllab="2"
            ecep:pron="pliːzɪŋ">pleasing</w>
         <c> </c>
         <w xml:id="o4198-020720"
            n="19-a-0370"
            ecep:lem="pain"
            ecep:pos="n1"
            ecep:reg="pain"
            ecep:spe="pain"
            ecep:syllab="1"
            ecep:pron="peɪn">pain</w>
         <c> </c>
         <w xml:id="o4198-020730"
            n="19-a-0380"
            ecep:lem="and"
            ecep:pos="cc"
            ecep:reg="and"
            ecep:spe="and"
            ecep:syllab="1"
            ecep:pron="ænd">and</w>
         <c> </c>
         <w xml:id="o4198-020740"
            n="19-a-0390"
            ecep:lem="joy"
            ecep:pos="n1"
            ecep:reg="joy"
            ecep:spe="joy"
            ecep:syllab="1"
            ecep:pron="dʒɔɪ">joy</w>
         <pc xml:id="o4198-020750"
             n="19-a-0400"
             unit="sentence"
             ecep:lem="."
             ecep:pos="."
             ecep:reg="."
             ecep:spe=".">.</pc>
         <c> </c>
      </l>
   </lg>
   <lg xml:id="o4198-s00075">
      <l xml:id="o4198-l00850">
         <w xml:id="o4198-020780"
            n="19-a-0410"
            ecep:lem="H—l—d's"
            ecep:pos="npg1"
            ecep:reg="H—l—d's"
            ecep:spe="H—l—d's"
            ecep:syllab="1"
            ecep:pron="ˈeɪtʃˈeldˈiːz">H—l—d's</w>
         <c> </c>
         <w xml:id="o4198-020830"
            n="19-a-0460"
            ecep:lem="beauty"
            ecep:pos="n1"
            ecep:reg="beauty"
            ecep:spe="beauty"
            ecep:syllab="2"
            ecep:pron="ˈbjuːti">beauty</w>
         <c> </c>
         <w xml:id="o4198-020840"
            n="19-a-0470"
            ecep:lem="be"
            ecep:pos="vbz"
            ecep:reg="is"
            ecep:spe="is"
            ecep:syllab="1"
            ecep:pron="ɪz">is</w>
         <c> </c>
         <w xml:id="o4198-020850"
            n="19-a-0480"
            ecep:lem="thy"
            ecep:pos="po21"
            ecep:reg="thy"
            ecep:spe="thy"
            ecep:syllab="1"
            ecep:pron="ðaɪ">thy</w>
         <c> </c>
         <w xml:id="o4198-020860"
            n="19-a-0490"
            ecep:lem="bow"
            ecep:pos="n1"
            ecep:reg="bow"
            ecep:spe="bow"
            ecep:syllab="1"
            ecep:pron="bəʊ">bow</w>
         <pc xml:id="o4198-020870"
             n="19-a-0500"
             ecep:lem=","
             ecep:pos=","
             ecep:reg=","
             ecep:spe=",">,</pc>
      </l>
      <l xml:id="o4198-l00855">
         <c> </c>
         <w xml:id="o4198-020880"
            n="19-a-0510"
            ecep:lem="strike"
            ecep:pos="vvg"
            ecep:reg="Striking"
            ecep:spe="Striking"
            ecep:syllab="2"
            ecep:pron="straɪkɪŋ">Striking</w>
         <c> </c>
         <w xml:id="o4198-020890"
            n="19-a-0520"
            ecep:lem="glance"
            ecep:pos="n2"
            ecep:reg="glances"
            ecep:spe="glances"
            ecep:syllab="2"
            ecep:pron="glɑːnsɪz">glances</w>
         <c> </c>
         <w xml:id="o4198-020900"
            n="19-a-0530"
            ecep:lem="be"
            ecep:pos="vbr"
            ecep:reg="are"
            ecep:spe="are"
            ecep:syllab="1"
            ecep:pron="ɑː">are</w>
         <c> </c>
         <w xml:id="o4198-020910"
            n="19-a-0540"
            ecep:lem="thy"
            ecep:pos="po21"
            ecep:reg="thy"
            ecep:spe="thy"
            ecep:syllab="1"
            ecep:pron="ðaɪ">thy</w>
         <c> </c>
         <w xml:id="o4198-020920"
            n="19-a-0550"
            ecep:lem="dart"
            ecep:pos="n2"
            ecep:reg="darts"
            ecep:spe="darts"
            ecep:syllab="1"
            ecep:pron="dɑːts">darts</w>
         <pc xml:id="o4198-020930"
             n="19-a-0560"
             ecep:lem=";"
             ecep:pos=";"
             ecep:reg=";"
             ecep:spe=";">;</pc>
      </l>
      <l xml:id="o4198-l00860">
         <c> </c>
         <w xml:id="o4198-020940"
            n="19-a-0570"
            ecep:lem="make"
            ecep:pos="vvg"
            ecep:reg="Making"
            ecep:spe="Making"
            ecep:syllab="2"
            ecep:pron="meɪkɪŋ">Making</w>
         <c> </c>
         <w xml:id="o4198-020950"
            n="19-a-0580"
            ecep:lem="conquest"
            ecep:pos="n2"
            ecep:reg="conquests"
            ecep:spe="conquests"
            ecep:syllab="2"
            ecep:pron="ˈkɒŋkwests">conquests</w>
         <c> </c>
         <w xml:id="o4198-020960"
            n="19-a-0590"
            ecep:lem="never"
            ecep:pos="av-x"
            ecep:reg="never"
            ecep:spe="never"
            ecep:syllab="2"
            ecep:pron="ˈnevə">never</w>
         <c> </c>
         <w xml:id="o4198-020970"
            n="19-a-0600"
            ecep:lem="slow"
            ecep:pos="j"
            ecep:reg="slow"
            ecep:spe="slow"
            ecep:syllab="1"
            ecep:pron="sləʊ">slow</w>
         <pc xml:id="o4198-020980"
             n="19-a-0610"
             ecep:lem=","
             ecep:pos=","
             ecep:reg=","
             ecep:spe=",">,</pc>
      </l>
      <l xml:id="o4198-l00865">
         <c> </c>
         <w xml:id="o4198-020990"
            n="19-a-0620"
            ecep:lem="ever"
            ecep:pos="av"
            ecep:reg="Ever"
            ecep:spe="Ever"
            ecep:syllab="2"
            ecep:pron="ˈevə">Ever</w>
         <c> </c>
         <w xml:id="o4198-021000"
            n="19-a-0630"
            ecep:lem="gain"
            ecep:pos="vvg"
            ecep:reg="gaining"
            ecep:spe="gaining"
            ecep:syllab="2"
            ecep:pron="geɪnɪŋ">gaining</w>
         <c> </c>
         <w xml:id="o4198-021010"
            n="19-a-0640"
            ecep:lem="conquer"
            ecep:pos="vvn"
            ecep:reg="conquered"
            ecep:spe="conquer'd"
            ecep:syllab="2"
            ecep:pron="ˈkɒŋkəd">conquer'd</w>
         <c> </c>
         <w xml:id="o4198-021020"
            n="19-a-0650"
            ecep:lem="heart"
            ecep:pos="n2"
            ecep:reg="hearts"
            ecep:spe="hearts"
            ecep:syllab="1"
            ecep:pron="hɑːts">hearts</w>
         <pc xml:id="o4198-021030"
             n="19-a-0660"
             unit="sentence"
             ecep:lem="."
             ecep:pos="."
             ecep:reg="."
             ecep:spe=".">.</pc>
         <c> </c>
      </l>
   </lg>
   <lg xml:id="o4198-s00080">
      <l xml:id="o4198-l00870">
         <w xml:id="o4198-021060"
            n="19-a-0670"
            ecep:lem="heaven"
            ecep:pos="n1"
            ecep:reg="Heaven"
            ecep:spe="Heaven"
            ecep:syllab="1"
            ecep:pron="ˈhevn">Heaven</w>
         <c> </c>
         <w xml:id="o4198-021070"
            n="19-a-0680"
            ecep:lem="be"
            ecep:pos="vbz"
            ecep:reg="is"
            ecep:spe="is"
            ecep:syllab="1"
            ecep:pron="ɪz">is</w>
         <c> </c>
         <w xml:id="o4198-021080"
            n="19-a-0690"
            ecep:lem="seat"
            ecep:pos="vvn"
            ecep:reg="seated"
            ecep:spe="seated"
            ecep:syllab="2"
            ecep:pron="siːtɪd">seated</w>
         <c> </c>
         <w xml:id="o4198-021090"
            n="19-a-0700"
            ecep:lem="in"
            ecep:pos="p-acp"
            ecep:reg="in"
            ecep:spe="in"
            ecep:syllab="1"
            ecep:pron="ɪn">in</w>
         <c> </c>
         <w xml:id="o4198-021100"
            n="19-a-0710"
            ecep:lem="her"
            ecep:pos="po31"
            ecep:reg="her"
            ecep:spe="her"
            ecep:syllab="1"
            ecep:pron="hɜː">her</w>
         <c> </c>
         <w xml:id="o4198-021110"
            n="19-a-0720"
            ecep:lem="smile"
            ecep:pos="n1"
            ecep:reg="smile"
            ecep:spe="smile"
            ecep:syllab="1"
            ecep:pron="smaɪl">smile</w>
         <pc xml:id="o4198-021120"
             n="19-a-0730"
             ecep:lem=","
             ecep:pos=","
             ecep:reg=","
             ecep:spe=",">,</pc>
      </l>
      <l xml:id="o4198-l00875">
         <c> </c>
         <w xml:id="o4198-021130"
            n="19-a-0740"
            ecep:lem="Juno"
            ecep:pos="npg1"
            ecep:reg="Juno's"
            ecep:spe="Juno's"
            ecep:syllab="2"
            ecep:pron="ˈdʒuːnəʊz">Juno's</w>
         <c> </c>
         <w xml:id="o4198-021140"
            n="19-a-0750"
            ecep:lem="in"
            ecep:pos="p-acp"
            ecep:reg="in"
            ecep:spe="in"
            ecep:syllab="1"
            ecep:pron="ɪn">in</w>
         <c> </c>
         <w xml:id="o4198-021150"
            n="19-a-0760"
            ecep:lem="her"
            ecep:pos="po31"
            ecep:reg="her"
            ecep:spe="her"
            ecep:syllab="1"
            ecep:pron="hɜː">her</w>
         <c> </c>
         <w xml:id="o4198-021160"
            n="19-a-0770"
            ecep:lem="portly"
            ecep:pos="j"
            ecep:reg="portly"
            ecep:spe="portly"
            ecep:syllab="2"
            ecep:pron="ˈpɔːtli">portly</w>
         <c> </c>
         <w xml:id="o4198-021170"
            n="19-a-0780"
            ecep:lem="air"
            ecep:pos="n1"
            ecep:reg="air"
            ecep:spe="air"
            ecep:syllab="1"
            ecep:pron="eə">air</w>
         <pc xml:id="o4198-021180"
             n="19-a-0790"
             ecep:lem=";"
             ecep:pos=";"
             ecep:reg=";"
             ecep:spe=";">;</pc>
      </l>
      <l xml:id="o4198-l00880">
         <c> </c>
         <w xml:id="o4198-021190"
            n="19-a-0800"
            ecep:lem="not"
            ecep:pos="xx"
            ecep:reg="Not"
            ecep:spe="Not"
            ecep:syllab="1"
            ecep:pron="nɒt">Not</w>
         <c> </c>
         <w xml:id="o4198-021200"
            n="19-a-0810"
            ecep:lem="britania"
            ecep:pos="fw-la"
            ecep:reg="Britania's"
            ecep:spe="Britania's"
            ecep:syllab="4"
            ecep:pron="brɪtˈeɪniəz">Britania's</w>
         <c> </c>
         <w xml:id="o4198-021210"
            n="19-a-0820"
            ecep:lem="favourite"
            ecep:pos="n1"
            ecep:reg="favourite"
            ecep:spe="fav'rite"
            ecep:syllab="2"
            ecep:pron="ˈfeɪvrɪt">fav'rite</w>
         <c> </c>
         <w xml:id="o4198-021220"
            n="19-a-0830"
            ecep:lem="isle"
            ecep:pos="n1"
            ecep:reg="Isle"
            ecep:spe="Isle"
            ecep:syllab="1"
            ecep:pron="aɪl">Isle</w>
      </l>
      <l xml:id="o4198-l00885">
         <c> </c>
         <w xml:id="o4198-021230"
            n="19-a-0840"
            ecep:lem="can"
            ecep:pos="vmb"
            ecep:reg="Can"
            ecep:spe="Can"
            ecep:syllab="1"
            ecep:pron="kæn">Can</w>
         <c> </c>
         <w xml:id="o4198-021240"
            n="19-a-0850"
            ecep:lem="produce"
            ecep:pos="vvi"
            ecep:reg="produce"
            ecep:spe="produce"
            ecep:syllab="2"
            ecep:pron="ˈprɒdʒuːs">produce</w>
         <c> </c>
         <w xml:id="o4198-021250"
            n="19-a-0860"
            ecep:lem="a"
            ecep:pos="dt"
            ecep:reg="a"
            ecep:spe="a"
            ecep:syllab="1"
            ecep:pron="ə">a</w>
         <c> </c>
         <w xml:id="o4198-021260"
            n="19-a-0870"
            ecep:lem="nymph"
            ecep:pos="n1"
            ecep:reg="Nymph"
            ecep:spe="Nymph"
            ecep:syllab="1"
            ecep:pron="nɪmf">Nymph</w>
         <c> </c>
         <w xml:id="o4198-021270"
            n="19-a-0880"
            ecep:lem="so"
            ecep:pos="av"
            ecep:reg="so"
            ecep:spe="so"
            ecep:syllab="1"
            ecep:pron="səʊ">so</w>
         <c> </c>
         <w xml:id="o4198-021280"
            n="19-a-0890"
            ecep:lem="fair"
            ecep:pos="j"
            ecep:reg="fair"
            ecep:spe="fair"
            ecep:syllab="1"
            ecep:pron="feə">fair</w>
         <pc xml:id="o4198-021290"
             n="19-a-0900"
             unit="sentence"
             ecep:lem="."
             ecep:pos="."
             ecep:reg="."
             ecep:spe=".">.</pc>
         <c> </c>
      </l>
   </lg>
   <pb facs="20" n="15" rend="none"/>
   <lg xml:id="o4198-s00085">
      <l xml:id="o4198-l00890">
         <w xml:id="o4198-021320"
            n="20-a-0010"
            ecep:lem="in"
            ecep:pos="p-acp"
            ecep:reg="In"
            ecep:spe="In"
            ecep:syllab="1"
            ecep:pron="ɪn">In</w>
         <c> </c>
         <w xml:id="o4198-021330"
            n="20-a-0020"
            ecep:lem="a"
            ecep:pos="dt"
            ecep:reg="a"
            ecep:spe="a"
            ecep:syllab="1"
            ecep:pron="ə">a</w>
         <c> </c>
         <w xml:id="o4198-021340"
            n="20-a-0030"
            ecep:lem="desert"
            ecep:pos="n1"
            ecep:reg="desert"
            ecep:spe="desart"
            ecep:syllab="2"
            ecep:pron="ˈdezət">desart</w>
         <c> </c>
         <w xml:id="o4198-021350"
            n="20-a-0040"
            ecep:lem="vast"
            ecep:pos="j"
            ecep:reg="vast"
            ecep:spe="vast"
            ecep:syllab="1"
            ecep:pron="vɑːst">vast</w>
         <c> </c>
         <w xml:id="o4198-021360"
            n="20-a-0050"
            ecep:lem="and"
            ecep:pos="cc"
            ecep:reg="and"
            ecep:spe="and"
            ecep:syllab="1"
            ecep:pron="ænd">and</w>
         <c> </c>
         <w xml:id="o4198-021370"
            n="20-a-0060"
            ecep:lem="drear"
            ecep:pos="j-jn"
            ecep:reg="drear"
            ecep:spe="drear"
            ecep:syllab="1"
            ecep:pron="drɪə">drear</w>
         <pc xml:id="o4198-021380"
             n="20-a-0070"
             ecep:lem=","
             ecep:pos=","
             ecep:reg=","
             ecep:spe=",">,</pc>
      </l>
      <l xml:id="o4198-l00895">
         <c> </c>
         <w xml:id="o4198-021390"
            n="20-a-0080"
            ecep:lem="where"
            ecep:pos="q-crq"
            ecep:reg="Where"
            ecep:spe="Where"
            ecep:syllab="1"
            ecep:pron="weə">Where</w>
         <c> </c>
         <w xml:id="o4198-021400"
            n="20-a-0090"
            ecep:lem="disorder"
            ecep:pos="n1"
            ecep:reg="disorder"
            ecep:spe="disorder"
            ecep:syllab="3"
            ecep:pron="dɪˈsɔːdə">disorder</w>
         <c> </c>
         <w xml:id="o4198-021410"
            n="20-a-0100"
            ecep:lem="spring"
            ecep:pos="vvz"
            ecep:reg="springs"
            ecep:spe="springs"
            ecep:syllab="1"
            ecep:pron="sprɪŋz">springs</w>
         <c> </c>
         <w xml:id="o4198-021420"
            n="20-a-0110"
            ecep:lem="around"
            ecep:pos="a-acp"
            ecep:reg="around"
            ecep:spe="around"
            ecep:syllab="2"
            ecep:pron="əˈraʊnd">around</w>
         <pc xml:id="o4198-021430"
             n="20-a-0120"
             ecep:lem=","
             ecep:pos=","
             ecep:reg=","
             ecep:spe=",">,</pc>
      </l>
      <l xml:id="o4198-l00900">
         <c> </c>
         <w xml:id="o4198-021440"
            n="20-a-0130"
            ecep:lem="if"
            ecep:pos="cs"
            ecep:reg="If"
            ecep:spe="If"
            ecep:syllab="1"
            ecep:pron="ɪf">If</w>
         <c> </c>
         <w xml:id="o4198-021450"
            n="20-a-0140"
            ecep:lem="the"
            ecep:pos="dt"
            ecep:reg="the"
            ecep:spe="the"
            ecep:syllab="1"
            ecep:pron="ðiː">the</w>
         <c> </c>
         <w xml:id="o4198-021460"
            n="20-a-0150"
            ecep:lem="lovely"
            ecep:pos="j"
            ecep:reg="lovely"
            ecep:spe="lovely"
            ecep:syllab="2"
            ecep:pron="ˈlʌvli">lovely</w>
         <c> </c>
         <w xml:id="o4198-021470"
            n="20-a-0160"
            ecep:lem="fair"
            ecep:pos="j"
            ecep:reg="Fair"
            ecep:spe="Fair"
            ecep:syllab="1"
            ecep:pron="feə">Fair</w>
         <c> </c>
         <w xml:id="o4198-021480"
            n="20-a-0170"
            ecep:lem="be"
            ecep:pos="vbz"
            ecep:reg="is"
            ecep:spe="is"
            ecep:syllab="1"
            ecep:pron="ɪz">is</w>
         <c> </c>
         <w xml:id="o4198-021490"
            n="20-a-0180"
            ecep:lem="there"
            ecep:pos="a-acp"
            ecep:reg="there"
            ecep:spe="there"
            ecep:syllab="1"
            ecep:pron="ðeə">there</w>
         <pc xml:id="o4198-021500"
             n="20-a-0190"
             ecep:lem=","
             ecep:pos=","
             ecep:reg=","
             ecep:spe=",">,</pc>
      </l>
      <l xml:id="o4198-l00905">
         <c> </c>
         <w xml:id="o4198-021510"
            n="20-a-0200"
            ecep:lem="it|be"
            ecep:pos="pn31|vbz"
            ecep:reg="It's"
            ecep:spe="'Tis"
            ecep:syllab="1"
            ecep:pron="tɪz">'Tis</w>
         <c> </c>
         <w xml:id="o4198-021520"
            n="20-a-0210"
            ecep:lem="a"
            ecep:pos="dt"
            ecep:reg="a"
            ecep:spe="a"
            ecep:syllab="1"
            ecep:pron="ə">a</w>
         <c> </c>
         <w xml:id="o4198-021530"
            n="20-a-0220"
            ecep:lem="pleasure-giving"
            ecep:pos="j"
            ecep:reg="pleasure-giving"
            ecep:spe="pleasure-giving"
            ecep:syllab="4"
            ecep:pron="ˈpleʒəˌgɪvɪŋ">pleasure-giving</w>
         <c> </c>
         <w xml:id="o4198-021540"
            n="20-a-0230"
            ecep:lem="ground"
            ecep:pos="n1"
            ecep:reg="ground"
            ecep:spe="ground"
            ecep:syllab="1"
            ecep:pron="graʊnd">ground</w>
         <pc xml:id="o4198-021550"
             n="20-a-0240"
             unit="sentence"
             ecep:lem="."
             ecep:pos="."
             ecep:reg="."
             ecep:spe=".">.</pc>
         <c> </c>
      </l>
   </lg>
   <lg xml:id="o4198-s00090">
      <l xml:id="o4198-l00910">
         <w xml:id="o4198-021580"
            n="20-a-0250"
            ecep:lem="oh"
            ecep:pos="uh"
            ecep:reg="O"
            ecep:spe="Oh"
            ecep:syllab="1"
            ecep:pron="əʊ">Oh</w>
         <pc xml:id="o4198-021585"
             n="20-a-0250"
             ecep:lem="!"
             ecep:pos="!"
             ecep:reg="!"
             ecep:spe="!">!</pc>
         <c> </c>
         <w xml:id="o4198-021590"
            n="20-a-0260"
            ecep:lem="my"
            ecep:pos="po11"
            ecep:reg="my"
            ecep:spe="my"
            ecep:syllab="1"
            ecep:pron="maɪ">my</w>
         <c> </c>
         <w xml:id="o4198-021600"
            n="20-a-0270"
            ecep:lem="h—l—d"
            ecep:pos="n1"
            ecep:reg="H—l—d"
            ecep:spe="H—l—d"
            ecep:syllab="1"
            ecep:pron="ˈeɪtʃˈeldˈiː">H—l—d</w>
         <pc xml:id="o4198-021650"
             n="20-a-0320"
             ecep:lem="!"
             ecep:pos="!"
             ecep:reg="!"
             ecep:spe="!">!</pc>
         <c> </c>
         <w xml:id="o4198-021660"
            n="20-a-0330"
            ecep:lem="bless"
            ecep:pos="uh"
            ecep:reg="blessed"
            ecep:spe="blest"
            ecep:syllab="1"
            ecep:pron="blest">blest</w>
         <c> </c>
         <w xml:id="o4198-021670"
            n="20-a-0340"
            ecep:lem="with"
            ecep:pos="p-acp"
            ecep:reg="with"
            ecep:spe="with"
            ecep:syllab="1"
            ecep:pron="wɪð">with</w>
         <c> </c>
         <w xml:id="o4198-021680"
            n="20-a-0350"
            ecep:lem="thou"
            ecep:pos="pno21"
            ecep:reg="thee"
            ecep:spe="thee"
            ecep:syllab="1"
            ecep:pron="ðiː">thee</w>
         <pc xml:id="o4198-021690"
             n="20-a-0360"
             ecep:lem=","
             ecep:pos=","
             ecep:reg=","
             ecep:spe=",">,</pc>
      </l>
      <l xml:id="o4198-l00915">
         <c> </c>
         <w xml:id="o4198-021700"
            n="20-a-0370"
            ecep:lem="i|will"
            ecep:pos="pns11|vmd"
            ecep:reg="I'd"
            ecep:spe="I'd"
            ecep:syllab="1"
            ecep:pron="ˈaɪd">I'd</w>
         <c> </c>
         <w xml:id="o4198-021710"
            n="20-a-0380"
            ecep:lem="the"
            ecep:pos="dt"
            ecep:reg="the"
            ecep:spe="the"
            ecep:syllab="1"
            ecep:pron="ðiː">the</w>
         <c> </c>
         <w xml:id="o4198-021720"
            n="20-a-0390"
            ecep:lem="rage"
            ecep:pos="j-vvg"
            ecep:reg="raging"
            ecep:spe="raging"
            ecep:syllab="2"
            ecep:pron="reɪdʒɪŋ">raging</w>
         <c> </c>
         <w xml:id="o4198-021730"
            n="20-a-0400"
            ecep:lem="storm"
            ecep:pos="n1"
            ecep:reg="storm"
            ecep:spe="storm"
            ecep:syllab="1"
            ecep:pron="stɔːm">storm</w>
         <c> </c>
         <w xml:id="o4198-021740"
            n="20-a-0410"
            ecep:lem="defy"
            ecep:pos="vvb"
            ecep:reg="defy"
            ecep:spe="defy"
            ecep:syllab="2"
            ecep:pron="dɪˈfaɪ">defy</w>
         <pc xml:id="o4198-021750"
             n="20-a-0420"
             ecep:lem=","
             ecep:pos=","
             ecep:reg=","
             ecep:spe=",">,</pc>
      </l>
      <l xml:id="o4198-l00920">
         <c> </c>
         <w xml:id="o4198-021760"
            n="20-a-0430"
            ecep:lem="in"
            ecep:pos="p-acp"
            ecep:reg="In"
            ecep:spe="In"
            ecep:syllab="1"
            ecep:pron="ɪn">In</w>
         <c> </c>
         <w xml:id="o4198-021770"
            n="20-a-0440"
            ecep:lem="thy"
            ecep:pos="po21"
            ecep:reg="thy"
            ecep:spe="thy"
            ecep:syllab="1"
            ecep:pron="ðaɪ">thy</w>
         <c> </c>
         <w xml:id="o4198-021780"
            n="20-a-0450"
            ecep:lem="smile"
            ecep:pos="n2"
            ecep:reg="smiles"
            ecep:spe="smiles"
            ecep:syllab="1"
            ecep:pron="smaɪlz">smiles</w>
         <pc xml:id="o4198-021790"
             n="20-a-0460"
             ecep:lem=","
             ecep:pos=","
             ecep:reg=","
             ecep:spe=",">,</pc>
         <c> </c>
         <w xml:id="o4198-021800"
            n="20-a-0470"
            ecep:lem="i"
            ecep:pos="pns11"
            ecep:reg="I"
            ecep:spe="I"
            ecep:syllab="1"
            ecep:pron="aɪ">I</w>
         <c> </c>
         <w xml:id="o4198-021810"
            n="20-a-0480"
            ecep:lem="live"
            ecep:pos="vvb"
            ecep:reg="live"
            ecep:spe="live"
            ecep:syllab="1"
            ecep:pron="lɪv">live</w>
         <pc xml:id="o4198-021820"
             n="20-a-0490"
             ecep:lem=","
             ecep:pos=","
             ecep:reg=","
             ecep:spe=",">,</pc>
         <c> </c>
         <w xml:id="o4198-021830"
            n="20-a-0500"
            ecep:lem="be"
            ecep:pos="vbm"
            ecep:reg="am"
            ecep:spe="am"
            ecep:syllab="1"
            ecep:pron="æm">am</w>
         <c> </c>
         <w xml:id="o4198-021840"
            n="20-a-0510"
            ecep:lem="free"
            ecep:pos="j"
            ecep:reg="free"
            ecep:spe="free"
            ecep:syllab="1"
            ecep:pron="friː">free</w>
         <pc xml:id="o4198-021850"
             n="20-a-0520"
             ecep:lem=";"
             ecep:pos=";"
             ecep:reg=";"
             ecep:spe=";">;</pc>
      </l>
      <l xml:id="o4198-l00925">
         <c> </c>
         <w xml:id="o4198-021860"
            n="20-a-0530"
            ecep:lem="when"
            ecep:pos="c-crq"
            ecep:reg="When"
            ecep:spe="When"
            ecep:syllab="1"
            ecep:pron="wen">When</w>
         <c> </c>
         <w xml:id="o4198-021870"
            n="20-a-0540"
            ecep:lem="thou"
            ecep:pos="pns21"
            ecep:reg="thou"
            ecep:spe="thou"
            ecep:syllab="1"
            ecep:pron="θaʊ">thou</w>
         <c> </c>
         <w xml:id="o4198-021880"
            n="20-a-0550"
            ecep:lem="frown"
            ecep:pos="vv2"
            ecep:reg="frownest"
            ecep:spe="frownest"
            ecep:syllab="2"
            ecep:pron="frˈaʊnəst">frownest</w>
         <pc xml:id="o4198-021890"
             n="20-a-0560"
             ecep:lem=","
             ecep:pos=","
             ecep:reg=","
             ecep:spe=",">,</pc>
         <c> </c>
         <w xml:id="o4198-021900"
            n="20-a-0570"
            ecep:lem="i"
            ecep:pos="pns11"
            ecep:reg="I"
            ecep:spe="I"
            ecep:syllab="1"
            ecep:pron="aɪ">I</w>
         <c> </c>
         <w xml:id="o4198-021910"
            n="20-a-0580"
            ecep:lem="must"
            ecep:pos="vmb"
            ecep:reg="must"
            ecep:spe="must"
            ecep:syllab="1"
            ecep:pron="mʌst">must</w>
         <c> </c>
         <w xml:id="o4198-021920"
            n="20-a-0590"
            ecep:lem="die"
            ecep:pos="vvi"
            ecep:reg="die"
            ecep:spe="die"
            ecep:syllab="1"
            ecep:pron="daɪ">die</w>
         <pc xml:id="o4198-021930"
             n="20-a-0600"
             unit="sentence"
             ecep:lem="."
             ecep:pos="."
             ecep:reg="."
             ecep:spe=".">.</pc>
         <c> </c>
      </l>
   </lg>
</div>
