<?xml version="1.0" encoding="UTF-8"?>
<?xml-model href="../tei_all.rnc" type="application/relax-ng-compact-syntax"?>
<TEI xmlns="http://www.tei-c.org/ns/1.0">
   <teiHeader>
      <fileDesc>
         <titleStmt>
            <title corresp="#txt_DayeEl1734_w0042">SONNET.</title>
            <author corresp="authors.xml#aut_DayeEl1734">Eliza Day</author>
            <respStmt>
               <name xml:id="AH">Alexander Huber</name>
               <resp>Editor</resp>
            </respStmt>
            <funder>
               <name type="institution" xml:id="BOD">Bodleian Libraries, University of Oxford</name>
               <address>
                  <addrLine>Broad Street</addrLine>
                  <addrLine>Oxford OX1 3BG</addrLine>
                  <addrLine>UK</addrLine>
               </address>
            </funder>
         </titleStmt>
         <publicationStmt>
            <publisher xml:id="ECPA">Eighteenth-Century Poetry Archive</publisher>
            <address>
               <addrLine>Taylor Institution Library</addrLine>
               <addrLine>St Giles'</addrLine>
               <addrLine>Oxford OX1 3NA</addrLine>
               <addrLine>UK</addrLine>
               <addrLine>
                  <email>info@eighteenthcenturypoetry.org</email>
               </addrLine>
               <addrLine>
                  <ref target="https://www.eighteenthcenturypoetry.org/">https://www.eighteenthcenturypoetry.org/</ref>
               </addrLine>
            </address>
            <pubPlace>Oxford</pubPlace>
            <availability status="restricted">
               <licence target="http://creativecommons.org/licenses/by-sa/3.0/">This work is licensed under a Creative Commons Attribution-ShareAlike 3.0 Unported License.</licence>
            </availability>
            <idno type="ESTC">T132359</idno>
         </publicationStmt>
         <sourceDesc>
            <bibl>
               <author>Daye, Eliza, b. ca. 1734.</author>
               <title>Poems, on Various Subjects.</title>
               <pubPlace>Liverpool</pubPlace>
               <publisher>Printed by J. M'Creery</publisher>
               <date>1798</date>
               <biblScope>pp. 161-162.</biblScope>
               <extent>[2],x,[4],258p.; 8°</extent>
            </bibl>
         </sourceDesc>
      </fileDesc>
      <encodingDesc>
         <projectDesc>
            <p>This e-text is part of the Works section of the Eighteenth-Century Poetry Archive (ECPA).</p>
            <p>XML created for the Eighteenth-Century Poetry Archive (ECPA).</p>
         </projectDesc>
         <editorialDecl>
            <p>Typography, spelling, capitalization, and punctuation have been cautiously modernized. The source of the text is given and all significant
						editorial interventions have been recorded in textual notes. This  text has been edited to conform to the recommendations found 
						in Level 5 of the
						Best Practices for TEI in Libraries version 4.0.0.
					</p>
         </editorialDecl>
         <classDecl>
            <taxonomy xml:id="LCNAF">
               <bibl>Library of Congress Name Authority File (<abbr>LCNAF</abbr>)</bibl>
            </taxonomy>
         </classDecl>
         <tagsDecl>
            <rendition n="linegroups indented" xml:id="lgindent" scheme="css">text-indent: 1em;</rendition>
            <rendition n="linegroups vertically spaced" xml:id="lgvspace" scheme="css">margin-bottom: 1em;</rendition>
            <rendition n="aligned centrally" xml:id="align-center" scheme="css">text-align: center;</rendition>
            <rendition n="aligned right" xml:id="align-right" scheme="css">text-align: right;</rendition>
            <rendition n="aligned left" xml:id="align-left" scheme="css">text-align: left;</rendition>
            <rendition n="inline" xml:id="inline" scheme="css">display: inline</rendition>
            <rendition n="italic" xml:id="i" scheme="css">font-style: italic;</rendition>
            <rendition n="bold" xml:id="b" scheme="css">font-weight: bold;</rendition>
         </tagsDecl>
      </encodingDesc>
   </teiHeader>
   <text>
      <body>
         <div xmlns:ecep="http://www.eighteenthcenturypoetry.org/ns"
              ana="#iamb #tetrameter #sonnet #quatrain #cross"
              corresp="#txt_DayeEl1734_w0042"
              decls="#semi-normalized"
              ecep:syllab="8.8.8.8"
              met="-+|-+|-+|-+/ -+|-+|-+|-+/ -+|-+|-+|-+/ -+|-+|-+|-+/"
              rendition="#lgvspace"
              rhyme="abab"
              subtype="eceptext"
              type="poem"
              xml:id="bed98-w0420">
            <link target="authors.xml#aut_DayeEl1734" type="author"/>
            <head type="main">
               <w xmlns:ecep="http://www.eighteenthcenturypoetry.org/ns"
                  xml:id="bed98-287860"
                  n="bed98/000181-a-0310"
                  ecep:lem="sonnet"
                  ecep:pos="n1"
                  ecep:reg="SONNET"
                  ecep:spe="SONNET"
                  ecep:syllab="2"
                  ecep:pron="ˈsɒnɪt">SONNET</w>
               <pc xmlns:ecep="http://www.eighteenthcenturypoetry.org/ns"
                   xml:id="bed98-287870"
                   n="bed98/000181-a-0320"
                   unit="sentence"
                   ecep:lem="."
                   ecep:pos="."
                   ecep:reg="."
                   ecep:spe=".">.</pc>
            </head>
            <lg xml:id="bed98-s01740">
               <l xml:id="bed98-l16000">
                  <hi rendition="#sc">
                     <w xmlns:ecep="http://www.eighteenthcenturypoetry.org/ns"
                        xml:id="bed98-287900"
                        n="bed98/000181-a-0330"
                        ecep:lem="trouble"
                        ecep:pos="j-vvn"
                        ecep:reg="TROUBLED"
                        ecep:spe="TROUBLED"
                        ecep:syllab="2"
                        ecep:pron="ˈtrʌbld">TROUBLED</w>
                  </hi>
                  <c> </c>
                  <w xmlns:ecep="http://www.eighteenthcenturypoetry.org/ns"
                     xml:id="bed98-287910"
                     n="bed98/000181-a-0340"
                     ecep:lem="ocean"
                     ecep:pos="n1"
                     ecep:reg="ocean"
                     ecep:spe="ocean"
                     ecep:syllab="2"
                     ecep:pron="ˈəʊʃn">ocean</w>
                  <pc xmlns:ecep="http://www.eighteenthcenturypoetry.org/ns"
                      xml:id="bed98-287920"
                      n="bed98/000181-a-0350"
                      ecep:lem="!"
                      ecep:pos="!"
                      ecep:reg="!"
                      ecep:spe="!">!</pc>
                  <c> </c>
                  <w xmlns:ecep="http://www.eighteenthcenturypoetry.org/ns"
                     xml:id="bed98-287930"
                     n="bed98/000181-a-0360"
                     ecep:lem="trouble"
                     ecep:pos="j-vvn"
                     ecep:reg="troubled"
                     ecep:spe="troubled"
                     ecep:syllab="2"
                     ecep:pron="ˈtrʌbld">troubled</w>
                  <c> </c>
                  <w xmlns:ecep="http://www.eighteenthcenturypoetry.org/ns"
                     xml:id="bed98-287940"
                     n="bed98/000181-a-0370"
                     ecep:lem="ocean"
                     ecep:pos="n1"
                     ecep:reg="ocean"
                     ecep:spe="ocean"
                     ecep:syllab="2"
                     ecep:pron="ˈəʊʃn">ocean</w>
                  <pc xmlns:ecep="http://www.eighteenthcenturypoetry.org/ns"
                      xml:id="bed98-287950"
                      n="bed98/000181-a-0380"
                      unit="sentence"
                      ecep:lem="!"
                      ecep:pos="!"
                      ecep:reg="!"
                      ecep:spe="!">!</pc>
               </l>
               <l rendition="#h_3" xml:id="bed98-l16005">
                  <w xmlns:ecep="http://www.eighteenthcenturypoetry.org/ns"
                     xml:id="bed98-287960"
                     n="bed98/000181-a-0390"
                     ecep:lem="thou"
                     ecep:pos="pno21"
                     ecep:reg="Thee"
                     ecep:spe="Thee"
                     ecep:syllab="1"
                     ecep:pron="ðiː">Thee</w>
                  <c> </c>
                  <w xmlns:ecep="http://www.eighteenthcenturypoetry.org/ns"
                     xml:id="bed98-287970"
                     n="bed98/000181-a-0400"
                     ecep:lem="calm"
                     ecep:pos="jc-jn"
                     ecep:reg="calmer"
                     ecep:spe="calmer"
                     ecep:syllab="2"
                     ecep:pron="kɑːmə">calmer</w>
                  <c> </c>
                  <w xmlns:ecep="http://www.eighteenthcenturypoetry.org/ns"
                     xml:id="bed98-287980"
                     n="bed98/000181-a-0410"
                     ecep:lem="gale"
                     ecep:pos="n2"
                     ecep:reg="gales"
                     ecep:spe="gales"
                     ecep:syllab="1"
                     ecep:pron="geɪlz">gales</w>
                  <c> </c>
                  <w xmlns:ecep="http://www.eighteenthcenturypoetry.org/ns"
                     xml:id="bed98-287990"
                     n="bed98/000181-a-0420"
                     ecep:lem="shall"
                     ecep:pos="vmb"
                     ecep:reg="shall"
                     ecep:spe="shall"
                     ecep:syllab="1"
                     ecep:pron="ʃæl">shall</w>
                  <c> </c>
                  <w xmlns:ecep="http://www.eighteenthcenturypoetry.org/ns"
                     xml:id="bed98-288000"
                     n="bed98/000181-a-0430"
                     ecep:lem="sooth"
                     ecep:pos="n1"
                     ecep:reg="sooth"
                     ecep:spe="sooth"
                     ecep:syllab="1"
                     ecep:pron="suːθ">sooth</w>
                  <c> </c>
                  <w xmlns:ecep="http://www.eighteenthcenturypoetry.org/ns"
                     xml:id="bed98-288010"
                     n="bed98/000181-a-0440"
                     ecep:lem="to"
                     ecep:pos="pc-acp"
                     ecep:reg="to"
                     ecep:spe="to"
                     ecep:syllab="1"
                     ecep:pron="tuː">to</w>
                  <c> </c>
                  <w xmlns:ecep="http://www.eighteenthcenturypoetry.org/ns"
                     xml:id="bed98-288020"
                     n="bed98/000181-a-0450"
                     ecep:lem="rest"
                     ecep:pos="vvi"
                     ecep:reg="rest"
                     ecep:spe="rest"
                     ecep:syllab="1"
                     ecep:pron="rest">rest</w>
                  <pc xmlns:ecep="http://www.eighteenthcenturypoetry.org/ns"
                      xml:id="bed98-288030"
                      n="bed98/000181-a-0460"
                      ecep:lem=";"
                      ecep:pos=";"
                      ecep:reg=";"
                      ecep:spe=";">;</pc>
               </l>
               <l xml:id="bed98-l16010">
                  <w xmlns:ecep="http://www.eighteenthcenturypoetry.org/ns"
                     xml:id="bed98-288040"
                     n="bed98/000181-a-0470"
                     ecep:lem="but"
                     ecep:pos="cc-acp"
                     ecep:reg="But"
                     ecep:spe="But"
                     ecep:syllab="1"
                     ecep:pron="bʌt">But</w>
                  <c> </c>
                  <w xmlns:ecep="http://www.eighteenthcenturypoetry.org/ns"
                     xml:id="bed98-288050"
                     n="bed98/000181-a-0480"
                     ecep:lem="what"
                     ecep:pos="q-crq"
                     ecep:reg="what"
                     ecep:spe="what"
                     ecep:syllab="1"
                     ecep:pron="wɒt">what</w>
                  <c> </c>
                  <w xmlns:ecep="http://www.eighteenthcenturypoetry.org/ns"
                     xml:id="bed98-288060"
                     n="bed98/000181-a-0490"
                     ecep:lem="shall"
                     ecep:pos="vmb"
                     ecep:reg="shall"
                     ecep:spe="shall"
                     ecep:syllab="1"
                     ecep:pron="ʃæl">shall</w>
                  <c> </c>
                  <w xmlns:ecep="http://www.eighteenthcenturypoetry.org/ns"
                     xml:id="bed98-288070"
                     n="bed98/000181-a-0500"
                     ecep:lem="smooth"
                     ecep:pos="vvi"
                     ecep:reg="smooth"
                     ecep:spe="smooth"
                     ecep:syllab="1"
                     ecep:pron="smuːð">smooth</w>
                  <c> </c>
                  <w xmlns:ecep="http://www.eighteenthcenturypoetry.org/ns"
                     xml:id="bed98-288080"
                     n="bed98/000181-a-0510"
                     ecep:lem="that"
                     ecep:pos="d"
                     ecep:reg="that"
                     ecep:spe="that"
                     ecep:syllab="1"
                     ecep:pron="ðæt">that</w>
                  <c> </c>
                  <w xmlns:ecep="http://www.eighteenthcenturypoetry.org/ns"
                     xml:id="bed98-288090"
                     n="bed98/000181-a-0520"
                     ecep:lem="keen"
                     ecep:pos="jc"
                     ecep:reg="keener"
                     ecep:spe="keener"
                     ecep:syllab="2"
                     ecep:pron="kiːnə">keener</w>
                  <c> </c>
                  <w xmlns:ecep="http://www.eighteenthcenturypoetry.org/ns"
                     xml:id="bed98-288100"
                     n="bed98/000181-a-0530"
                     ecep:lem="motion"
                     ecep:pos="n1"
                     ecep:reg="motion"
                     ecep:spe="motion"
                     ecep:syllab="2"
                     ecep:pron="ˈməʊʃn">motion</w>
                  <pc xmlns:ecep="http://www.eighteenthcenturypoetry.org/ns"
                      xml:id="bed98-288110"
                      n="bed98/000181-a-0540"
                      ecep:lem=","
                      ecep:pos=","
                      ecep:reg=","
                      ecep:spe=",">,</pc>
               </l>
               <l rendition="#h_3" xml:id="bed98-l16015">
                  <w xmlns:ecep="http://www.eighteenthcenturypoetry.org/ns"
                     xml:id="bed98-288120"
                     n="bed98/000181-a-0550"
                     ecep:lem="that"
                     ecep:pos="cst"
                     ecep:reg="That"
                     ecep:spe="That"
                     ecep:syllab="1"
                     ecep:pron="ðæt">That</w>
                  <c> </c>
                  <w xmlns:ecep="http://www.eighteenthcenturypoetry.org/ns"
                     xml:id="bed98-288130"
                     n="bed98/000181-a-0560"
                     ecep:lem="rankle"
                     ecep:pos="vvz"
                     ecep:reg="rankles"
                     ecep:spe="rankles"
                     ecep:syllab="2"
                     ecep:pron="ˈræŋklz">rankles</w>
                  <c> </c>
                  <w xmlns:ecep="http://www.eighteenthcenturypoetry.org/ns"
                     xml:id="bed98-288140"
                     n="bed98/000181-a-0570"
                     ecep:lem="in"
                     ecep:pos="p-acp"
                     ecep:reg="in"
                     ecep:spe="in"
                     ecep:syllab="1"
                     ecep:pron="ɪn">in</w>
                  <c> </c>
                  <w xmlns:ecep="http://www.eighteenthcenturypoetry.org/ns"
                     xml:id="bed98-288150"
                     n="bed98/000181-a-0580"
                     ecep:lem="my"
                     ecep:pos="po11"
                     ecep:reg="my"
                     ecep:spe="my"
                     ecep:syllab="1"
                     ecep:pron="maɪ">my</w>
                  <c> </c>
                  <w xmlns:ecep="http://www.eighteenthcenturypoetry.org/ns"
                     xml:id="bed98-288160"
                     n="bed98/000181-a-0590"
                     ecep:lem="anxious"
                     ecep:pos="j"
                     ecep:reg="anxious"
                     ecep:spe="anxious"
                     ecep:syllab="2"
                     ecep:pron="ˈæŋʃəs">anxious</w>
                  <c> </c>
                  <w xmlns:ecep="http://www.eighteenthcenturypoetry.org/ns"
                     xml:id="bed98-288170"
                     n="bed98/000181-a-0600"
                     ecep:lem="breast"
                     ecep:pos="n1"
                     ecep:reg="breast"
                     ecep:spe="breast"
                     ecep:syllab="1"
                     ecep:pron="brest">breast</w>
                  <pc xmlns:ecep="http://www.eighteenthcenturypoetry.org/ns"
                      xml:id="bed98-288180"
                      n="bed98/000181-a-0610"
                      unit="sentence"
                      ecep:lem="."
                      ecep:pos="."
                      ecep:reg="."
                      ecep:spe=".">.</pc>
               </l>
            </lg>
            <lg xml:id="bed98-s01745">
               <l xml:id="bed98-l16020">
                  <w xmlns:ecep="http://www.eighteenthcenturypoetry.org/ns"
                     xml:id="bed98-288210"
                     n="bed98/000181-a-0620"
                     ecep:lem="dark"
                     ecep:pos="j"
                     ecep:reg="Dark"
                     ecep:spe="Dark"
                     ecep:syllab="1"
                     ecep:pron="dɑːk">Dark</w>
                  <c> </c>
                  <w xmlns:ecep="http://www.eighteenthcenturypoetry.org/ns"
                     xml:id="bed98-288220"
                     n="bed98/000181-a-0630"
                     ecep:lem="cloud"
                     ecep:pos="n2"
                     ecep:reg="clouds"
                     ecep:spe="clouds"
                     ecep:syllab="1"
                     ecep:pron="klaʊdz">clouds</w>
                  <c> </c>
                  <w xmlns:ecep="http://www.eighteenthcenturypoetry.org/ns"
                     xml:id="bed98-288230"
                     n="bed98/000181-a-0640"
                     ecep:lem="the"
                     ecep:pos="dt"
                     ecep:reg="the"
                     ecep:spe="the"
                     ecep:syllab="1"
                     ecep:pron="ðiː">the</w>
                  <c> </c>
                  <w xmlns:ecep="http://www.eighteenthcenturypoetry.org/ns"
                     xml:id="bed98-288240"
                     n="bed98/000181-a-0650"
                     ecep:lem="azure"
                     ecep:pos="j-jn"
                     ecep:reg="azure"
                     ecep:spe="azure"
                     ecep:syllab="2"
                     ecep:pron="ˈæzjʊə">azure</w>
                  <c> </c>
                  <w xmlns:ecep="http://www.eighteenthcenturypoetry.org/ns"
                     xml:id="bed98-288250"
                     n="bed98/000181-a-0660"
                     ecep:lem="sky"
                     ecep:pos="n2"
                     ecep:reg="skies"
                     ecep:spe="skies"
                     ecep:syllab="1"
                     ecep:pron="skaɪz">skies</w>
                  <c> </c>
                  <w xmlns:ecep="http://www.eighteenthcenturypoetry.org/ns"
                     xml:id="bed98-288260"
                     n="bed98/000181-a-0670"
                     ecep:lem="obscure"
                     ecep:pos="vvg"
                     ecep:reg="obscuring"
                     ecep:spe="obscuring"
                     ecep:syllab="3"
                     ecep:pron="əbˈskjʊəɪŋ">obscuring</w>
                  <pc xmlns:ecep="http://www.eighteenthcenturypoetry.org/ns"
                      xml:id="bed98-288270"
                      n="bed98/000181-a-0680"
                      ecep:lem=","
                      ecep:pos=","
                      ecep:reg=","
                      ecep:spe=",">,</pc>
               </l>
               <l rendition="#h_3" xml:id="bed98-l16025">
                  <w xmlns:ecep="http://www.eighteenthcenturypoetry.org/ns"
                     xml:id="bed98-288280"
                     n="bed98/000181-a-0690"
                     ecep:lem="wind"
                     ecep:pos="n2"
                     ecep:reg="Winds"
                     ecep:spe="Winds"
                     ecep:syllab="1"
                     ecep:pron="wɪndz">Winds</w>
                  <c> </c>
                  <w xmlns:ecep="http://www.eighteenthcenturypoetry.org/ns"
                     xml:id="bed98-288290"
                     n="bed98/000181-a-0700"
                     ecep:lem="waft"
                     ecep:pos="vvb"
                     ecep:reg="waft"
                     ecep:spe="waft"
                     ecep:syllab="1"
                     ecep:pron="wɒft">waft</w>
                  <c> </c>
                  <w xmlns:ecep="http://www.eighteenthcenturypoetry.org/ns"
                     xml:id="bed98-288300"
                     n="bed98/000181-a-0710"
                     ecep:lem="they"
                     ecep:pos="pno32"
                     ecep:reg="them"
                     ecep:spe="them"
                     ecep:syllab="1"
                     ecep:pron="ðem">them</w>
                  <pc xmlns:ecep="http://www.eighteenthcenturypoetry.org/ns"
                      xml:id="bed98-288310"
                      n="bed98/000181-a-0720"
                      ecep:lem=","
                      ecep:pos=","
                      ecep:reg=","
                      ecep:spe=",">,</pc>
                  <c> </c>
                  <w xmlns:ecep="http://www.eighteenthcenturypoetry.org/ns"
                     xml:id="bed98-288320"
                     n="bed98/000181-a-0730"
                     ecep:lem="and"
                     ecep:pos="cc"
                     ecep:reg="and"
                     ecep:spe="and"
                     ecep:syllab="1"
                     ecep:pron="ænd">and</w>
                  <c> </c>
                  <w xmlns:ecep="http://www.eighteenthcenturypoetry.org/ns"
                     xml:id="bed98-288330"
                     n="bed98/000181-a-0740"
                     ecep:lem="fair"
                     ecep:pos="j"
                     ecep:reg="fair"
                     ecep:spe="fair"
                     ecep:syllab="1"
                     ecep:pron="feə">fair</w>
                  <c> </c>
                  <w xmlns:ecep="http://www.eighteenthcenturypoetry.org/ns"
                     xml:id="bed98-288340"
                     n="bed98/000181-a-0750"
                     ecep:lem="sun"
                     ecep:pos="n2"
                     ecep:reg="suns"
                     ecep:spe="suns"
                     ecep:syllab="1"
                     ecep:pron="sʌnz">suns</w>
                  <c> </c>
                  <w xmlns:ecep="http://www.eighteenthcenturypoetry.org/ns"
                     xml:id="bed98-288350"
                     n="bed98/000181-a-0760"
                     ecep:lem="appear"
                     ecep:pos="vvi"
                     ecep:reg="appear"
                     ecep:spe="appear"
                     ecep:syllab="2"
                     ecep:pron="əˈpɪə">appear</w>
                  <pc xmlns:ecep="http://www.eighteenthcenturypoetry.org/ns"
                      xml:id="bed98-288360"
                      n="bed98/000181-a-0770"
                      ecep:lem=";"
                      ecep:pos=";"
                      ecep:reg=";"
                      ecep:spe=";">;</pc>
               </l>
               <l xml:id="bed98-l16030">
                  <w xmlns:ecep="http://www.eighteenthcenturypoetry.org/ns"
                     xml:id="bed98-288370"
                     n="bed98/000181-a-0780"
                     ecep:lem="but"
                     ecep:pos="cc-acp"
                     ecep:reg="But"
                     ecep:spe="But"
                     ecep:syllab="1"
                     ecep:pron="bʌt">But</w>
                  <c> </c>
                  <w xmlns:ecep="http://www.eighteenthcenturypoetry.org/ns"
                     xml:id="bed98-288380"
                     n="bed98/000181-a-0790"
                     ecep:lem="when"
                     ecep:pos="c-crq"
                     ecep:reg="when"
                     ecep:spe="when"
                     ecep:syllab="1"
                     ecep:pron="wen">when</w>
                  <c> </c>
                  <w xmlns:ecep="http://www.eighteenthcenturypoetry.org/ns"
                     xml:id="bed98-288390"
                     n="bed98/000181-a-0800"
                     ecep:lem="my"
                     ecep:pos="po11"
                     ecep:reg="my"
                     ecep:spe="my"
                     ecep:syllab="1"
                     ecep:pron="maɪ">my</w>
                  <c> </c>
                  <w xmlns:ecep="http://www.eighteenthcenturypoetry.org/ns"
                     xml:id="bed98-288400"
                     n="bed98/000181-a-0810"
                     ecep:lem="cloud"
                     ecep:pos="j-vvn"
                     ecep:reg="clouded"
                     ecep:spe="clouded"
                     ecep:syllab="2"
                     ecep:pron="klaʊdɪd">clouded</w>
                  <c> </c>
                  <w xmlns:ecep="http://www.eighteenthcenturypoetry.org/ns"
                     xml:id="bed98-288410"
                     n="bed98/000181-a-0820"
                     ecep:lem="eye"
                     ecep:pos="n1"
                     ecep:reg="eye"
                     ecep:spe="eye"
                     ecep:syllab="1"
                     ecep:pron="aɪ">eye</w>
                  <c> </c>
                  <w xmlns:ecep="http://www.eighteenthcenturypoetry.org/ns"
                     xml:id="bed98-288420"
                     n="bed98/000181-a-0830"
                     ecep:lem="be"
                     ecep:pos="vbz"
                     ecep:reg="is"
                     ecep:spe="is"
                     ecep:syllab="1"
                     ecep:pron="ɪz">is</w>
                  <c> </c>
                  <w xmlns:ecep="http://www.eighteenthcenturypoetry.org/ns"
                     xml:id="bed98-288430"
                     n="bed98/000181-a-0840"
                     ecep:lem="weep"
                     ecep:pos="vvg"
                     ecep:reg="weeping"
                     ecep:spe="weeping"
                     ecep:syllab="2"
                     ecep:pron="wiːpɪŋ">weeping</w>
                  <pc xmlns:ecep="http://www.eighteenthcenturypoetry.org/ns"
                      xml:id="bed98-288440"
                      n="bed98/000181-a-0850"
                      ecep:lem=","
                      ecep:pos=","
                      ecep:reg=","
                      ecep:spe=",">,</pc>
               </l>
               <l rendition="#h_3" xml:id="bed98-l16035">
                  <w xmlns:ecep="http://www.eighteenthcenturypoetry.org/ns"
                     xml:id="bed98-288450"
                     n="bed98/000181-a-0860"
                     ecep:lem="can"
                     ecep:pos="vmb"
                     ecep:reg="Can"
                     ecep:spe="Can"
                     ecep:syllab="1"
                     ecep:pron="kæn">Can</w>
                  <c> </c>
                  <w xmlns:ecep="http://www.eighteenthcenturypoetry.org/ns"
                     xml:id="bed98-288460"
                     n="bed98/000181-a-0870"
                     ecep:lem="aught"
                     ecep:pos="pi"
                     ecep:reg="aught"
                     ecep:spe="aught"
                     ecep:syllab="1"
                     ecep:pron="ɔːt">aught</w>
                  <c> </c>
                  <w xmlns:ecep="http://www.eighteenthcenturypoetry.org/ns"
                     xml:id="bed98-288470"
                     n="bed98/000181-a-0880"
                     ecep:lem="disperse"
                     ecep:pos="vvi"
                     ecep:reg="disperse"
                     ecep:spe="disperse"
                     ecep:syllab="2"
                     ecep:pron="dɪˈspɜːs">disperse</w>
                  <c> </c>
                  <w xmlns:ecep="http://www.eighteenthcenturypoetry.org/ns"
                     xml:id="bed98-288480"
                     n="bed98/000181-a-0890"
                     ecep:lem="the"
                     ecep:pos="dt"
                     ecep:reg="the"
                     ecep:spe="the"
                     ecep:syllab="1"
                     ecep:pron="ðiː">the</w>
                  <c> </c>
                  <w xmlns:ecep="http://www.eighteenthcenturypoetry.org/ns"
                     xml:id="bed98-288490"
                     n="bed98/000181-a-0900"
                     ecep:lem="bitter"
                     ecep:pos="j"
                     ecep:reg="bitter"
                     ecep:spe="bitter"
                     ecep:syllab="2"
                     ecep:pron="ˈbɪtə">bitter</w>
                  <c> </c>
                  <w xmlns:ecep="http://www.eighteenthcenturypoetry.org/ns"
                     xml:id="bed98-288500"
                     n="bed98/000181-a-0910"
                     ecep:lem="tear"
                     ecep:pos="n1"
                     ecep:reg="tear"
                     ecep:spe="tear"
                     ecep:syllab="1"
                     ecep:pron="tɪə">tear</w>
                  <pc xmlns:ecep="http://www.eighteenthcenturypoetry.org/ns"
                      xml:id="bed98-288510"
                      n="bed98/000181-a-0920"
                      unit="sentence"
                      ecep:lem="."
                      ecep:pos="."
                      ecep:reg="."
                      ecep:spe=".">.</pc>
               </l>
            </lg>
            <lg xml:id="bed98-s01750">
               <l xml:id="bed98-l16040">
                  <w xmlns:ecep="http://www.eighteenthcenturypoetry.org/ns"
                     xml:id="bed98-288540"
                     n="bed98/000181-a-0930"
                     ecep:lem="to"
                     ecep:pos="p-acp"
                     ecep:reg="To"
                     ecep:spe="To"
                     ecep:syllab="1"
                     ecep:pron="tuː">To</w>
                  <c> </c>
                  <w xmlns:ecep="http://www.eighteenthcenturypoetry.org/ns"
                     xml:id="bed98-288550"
                     n="bed98/000181-a-0940"
                     ecep:lem="sable"
                     ecep:pos="j-jn"
                     ecep:reg="sable"
                     ecep:spe="sable"
                     ecep:syllab="2"
                     ecep:pron="ˈseɪbl">sable</w>
                  <c> </c>
                  <w xmlns:ecep="http://www.eighteenthcenturypoetry.org/ns"
                     xml:id="bed98-288560"
                     n="bed98/000181-a-0950"
                     ecep:lem="night"
                     ecep:pos="n1"
                     ecep:reg="night"
                     ecep:spe="night"
                     ecep:syllab="1"
                     ecep:pron="naɪt">night</w>
                  <c> </c>
                  <w xmlns:ecep="http://www.eighteenthcenturypoetry.org/ns"
                     xml:id="bed98-288570"
                     n="bed98/000181-a-0960"
                     ecep:lem="for"
                     ecep:pos="p-acp"
                     ecep:reg="for"
                     ecep:spe="for"
                     ecep:syllab="1"
                     ecep:pron="fɔː">for</w>
                  <c> </c>
                  <w xmlns:ecep="http://www.eighteenthcenturypoetry.org/ns"
                     xml:id="bed98-288580"
                     n="bed98/000181-a-0970"
                     ecep:lem="phebus"
                     ecep:pos="fw-la"
                     ecep:reg="Phebus"
                     ecep:spe="Phebus"
                     ecep:syllab="2"
                     ecep:pron="fˈebəs">Phebus</w>
                  <c> </c>
                  <w xmlns:ecep="http://www.eighteenthcenturypoetry.org/ns"
                     xml:id="bed98-288590"
                     n="bed98/000181-a-0980"
                     ecep:lem="mourning"
                     ecep:pos="n1"
                     ecep:reg="mourning"
                     ecep:spe="mourning"
                     ecep:syllab="2"
                     ecep:pron="mɔːnɪŋ">mourning</w>
                  <pc xmlns:ecep="http://www.eighteenthcenturypoetry.org/ns"
                      xml:id="bed98-288600"
                      n="bed98/000181-a-0990"
                      ecep:lem=","
                      ecep:pos=","
                      ecep:reg=","
                      ecep:spe=",">,</pc>
               </l>
               <l rendition="#h_3" xml:id="bed98-l16045">
                  <w xmlns:ecep="http://www.eighteenthcenturypoetry.org/ns"
                     xml:id="bed98-288610"
                     n="bed98/000181-a-1000"
                     ecep:lem="Cynthia"
                     ecep:pos="np1"
                     ecep:reg="Cynthia"
                     ecep:spe="Cynthia"
                     ecep:syllab="3"
                     ecep:pron="ˈsɪnθiə">Cynthia</w>
                  <c> </c>
                  <w xmlns:ecep="http://www.eighteenthcenturypoetry.org/ns"
                     xml:id="bed98-288620"
                     n="bed98/000181-a-1010"
                     ecep:lem="lend"
                     ecep:pos="vvz"
                     ecep:reg="lends"
                     ecep:spe="lends"
                     ecep:syllab="1"
                     ecep:pron="lendz">lends</w>
                  <c> </c>
                  <w xmlns:ecep="http://www.eighteenthcenturypoetry.org/ns"
                     xml:id="bed98-288630"
                     n="bed98/000181-a-1020"
                     ecep:lem="her"
                     ecep:pos="po31"
                     ecep:reg="her"
                     ecep:spe="her"
                     ecep:syllab="1"
                     ecep:pron="hɜː">her</w>
                  <c> </c>
                  <w xmlns:ecep="http://www.eighteenthcenturypoetry.org/ns"
                     xml:id="bed98-288640"
                     n="bed98/000181-a-1030"
                     ecep:lem="placid"
                     ecep:pos="j"
                     ecep:reg="placid"
                     ecep:spe="placid"
                     ecep:syllab="2"
                     ecep:pron="ˈplæsɪd">placid</w>
                  <c> </c>
                  <w xmlns:ecep="http://www.eighteenthcenturypoetry.org/ns"
                     xml:id="bed98-288650"
                     n="bed98/000181-a-1040"
                     ecep:lem="beam"
                     ecep:pos="n1"
                     ecep:reg="beam"
                     ecep:spe="beam"
                     ecep:syllab="1"
                     ecep:pron="biːm">beam</w>
                  <pc xmlns:ecep="http://www.eighteenthcenturypoetry.org/ns"
                      xml:id="bed98-288660"
                      n="bed98/000181-a-1050"
                      ecep:lem=";"
                      ecep:pos=";"
                      ecep:reg=";"
                      ecep:spe=";">;</pc>
               </l>
               <pb facs="bed98/000182" n="162" rend="none"/>
               <l xml:id="bed98-l16050">
                  <w xmlns:ecep="http://www.eighteenthcenturypoetry.org/ns"
                     xml:id="bed98-288670"
                     n="bed98/000182-a-0010"
                     ecep:lem="oh"
                     ecep:pos="uh"
                     ecep:reg="O"
                     ecep:spe="Oh"
                     ecep:syllab="1"
                     ecep:pron="əʊ">Oh</w>
                  <c> </c>
                  <w xmlns:ecep="http://www.eighteenthcenturypoetry.org/ns"
                     xml:id="bed98-288680"
                     n="bed98/000182-a-0020"
                     ecep:lem="say"
                     ecep:pos="vvb"
                     ecep:reg="say"
                     ecep:spe="say"
                     ecep:syllab="1"
                     ecep:pron="seɪ">say</w>
                  <pc xmlns:ecep="http://www.eighteenthcenturypoetry.org/ns"
                      xml:id="bed98-288690"
                      n="bed98/000182-a-0030"
                      ecep:lem="!"
                      ecep:pos="!"
                      ecep:reg="!"
                      ecep:spe="!">!</pc>
                  <c> </c>
                  <w xmlns:ecep="http://www.eighteenthcenturypoetry.org/ns"
                     xml:id="bed98-288700"
                     n="bed98/000182-a-0040"
                     ecep:lem="what"
                     ecep:pos="q-crq"
                     ecep:reg="what"
                     ecep:spe="what"
                     ecep:syllab="1"
                     ecep:pron="wɒt">what</w>
                  <c> </c>
                  <w xmlns:ecep="http://www.eighteenthcenturypoetry.org/ns"
                     xml:id="bed98-288710"
                     n="bed98/000182-a-0050"
                     ecep:lem="dawn"
                     ecep:pos="n1"
                     ecep:reg="dawn"
                     ecep:spe="dawn"
                     ecep:syllab="1"
                     ecep:pron="dɔːn">dawn</w>
                  <c> </c>
                  <w xmlns:ecep="http://www.eighteenthcenturypoetry.org/ns"
                     xml:id="bed98-288720"
                     n="bed98/000182-a-0060"
                     ecep:lem="of"
                     ecep:pos="pp-f"
                     ecep:reg="of"
                     ecep:spe="of"
                     ecep:syllab="1"
                     ecep:pron="ɒv">of</w>
                  <c> </c>
                  <w xmlns:ecep="http://www.eighteenthcenturypoetry.org/ns"
                     xml:id="bed98-288730"
                     n="bed98/000182-a-0070"
                     ecep:lem="hope"
                     ecep:pos="n1"
                     ecep:reg="hope"
                     ecep:spe="hope"
                     ecep:syllab="1"
                     ecep:pron="həʊp">hope</w>
                  <c> </c>
                  <w xmlns:ecep="http://www.eighteenthcenturypoetry.org/ns"
                     xml:id="bed98-288740"
                     n="bed98/000182-a-0080"
                     ecep:lem="return"
                     ecep:pos="vvg"
                     ecep:reg="returning"
                     ecep:spe="returning"
                     ecep:syllab="3"
                     ecep:pron="rɪˈtɜːnɪŋ">returning</w>
                  <pc xmlns:ecep="http://www.eighteenthcenturypoetry.org/ns"
                      xml:id="bed98-288750"
                      n="bed98/000182-a-0090"
                      ecep:lem=","
                      ecep:pos=","
                      ecep:reg=","
                      ecep:spe=",">,</pc>
               </l>
               <l rendition="#h_3" xml:id="bed98-l16055">
                  <w xmlns:ecep="http://www.eighteenthcenturypoetry.org/ns"
                     xml:id="bed98-288760"
                     n="bed98/000182-a-0100"
                     ecep:lem="on"
                     ecep:pos="p-acp"
                     ecep:reg="On"
                     ecep:spe="On"
                     ecep:syllab="1"
                     ecep:pron="ɒn">On</w>
                  <c> </c>
                  <w xmlns:ecep="http://www.eighteenthcenturypoetry.org/ns"
                     xml:id="bed98-288770"
                     n="bed98/000182-a-0110"
                     ecep:lem="my"
                     ecep:pos="po11"
                     ecep:reg="my"
                     ecep:spe="my"
                     ecep:syllab="1"
                     ecep:pron="maɪ">my</w>
                  <c> </c>
                  <w xmlns:ecep="http://www.eighteenthcenturypoetry.org/ns"
                     xml:id="bed98-288780"
                     n="bed98/000182-a-0120"
                     ecep:lem="sorrow"
                     ecep:pos="j-vvg"
                     ecep:reg="sorrowing"
                     ecep:spe="sorrowing"
                     ecep:syllab="3"
                     ecep:pron="ˈsɒrəʊɪŋ">sorrowing</w>
                  <c> </c>
                  <w xmlns:ecep="http://www.eighteenthcenturypoetry.org/ns"
                     xml:id="bed98-288790"
                     n="bed98/000182-a-0130"
                     ecep:lem="heart"
                     ecep:pos="n1"
                     ecep:reg="heart"
                     ecep:spe="heart"
                     ecep:syllab="1"
                     ecep:pron="hɑːt">heart</w>
                  <c> </c>
                  <w xmlns:ecep="http://www.eighteenthcenturypoetry.org/ns"
                     xml:id="bed98-288800"
                     n="bed98/000182-a-0140"
                     ecep:lem="shall"
                     ecep:pos="vmb"
                     ecep:reg="shall"
                     ecep:spe="shall"
                     ecep:syllab="1"
                     ecep:pron="ʃæl">shall</w>
                  <c> </c>
                  <w xmlns:ecep="http://www.eighteenthcenturypoetry.org/ns"
                     xml:id="bed98-288810"
                     n="bed98/000182-a-0150"
                     ecep:lem="gleam"
                     ecep:pos="vvi"
                     ecep:reg="gleam"
                     ecep:spe="gleam"
                     ecep:syllab="1"
                     ecep:pron="gliːm">gleam</w>
                  <pc xmlns:ecep="http://www.eighteenthcenturypoetry.org/ns"
                      xml:id="bed98-288820"
                      n="bed98/000182-a-0160"
                      unit="sentence"
                      ecep:lem="?"
                      ecep:pos="?"
                      ecep:reg="?"
                      ecep:spe="?">?</pc>
               </l>
            </lg>
            <lg xml:id="bed98-s01755">
               <l xml:id="bed98-l16060">
                  <w xmlns:ecep="http://www.eighteenthcenturypoetry.org/ns"
                     xml:id="bed98-288850"
                     n="bed98/000182-a-0170"
                     ecep:lem="thou"
                     ecep:pos="pns21"
                     ecep:reg="Thou"
                     ecep:spe="Thou"
                     ecep:syllab="1"
                     ecep:pron="θaʊ">Thou</w>
                  <c> </c>
                  <w xmlns:ecep="http://www.eighteenthcenturypoetry.org/ns"
                     xml:id="bed98-288860"
                     n="bed98/000182-a-0180"
                     ecep:lem="pliant"
                     ecep:pos="j"
                     ecep:reg="pliant"
                     ecep:spe="pliant"
                     ecep:syllab="2"
                     ecep:pron="ˈplaɪnt">pliant</w>
                  <c> </c>
                  <w xmlns:ecep="http://www.eighteenthcenturypoetry.org/ns"
                     xml:id="bed98-288870"
                     n="bed98/000182-a-0190"
                     ecep:lem="willow"
                     ecep:pos="n1"
                     ecep:reg="willow"
                     ecep:spe="willow"
                     ecep:syllab="2"
                     ecep:pron="ˈwɪləʊ">willow</w>
                  <pc xmlns:ecep="http://www.eighteenthcenturypoetry.org/ns"
                      xml:id="bed98-288880"
                      n="bed98/000182-a-0200"
                      ecep:lem=","
                      ecep:pos=","
                      ecep:reg=","
                      ecep:spe=",">,</pc>
                  <c> </c>
                  <w xmlns:ecep="http://www.eighteenthcenturypoetry.org/ns"
                     xml:id="bed98-288890"
                     n="bed98/000182-a-0210"
                     ecep:lem="pliant"
                     ecep:pos="j"
                     ecep:reg="pliant"
                     ecep:spe="pliant"
                     ecep:syllab="2"
                     ecep:pron="ˈplaɪnt">pliant</w>
                  <c> </c>
                  <w xmlns:ecep="http://www.eighteenthcenturypoetry.org/ns"
                     xml:id="bed98-288900"
                     n="bed98/000182-a-0220"
                     ecep:lem="willow"
                     ecep:pos="n1"
                     ecep:reg="willow"
                     ecep:spe="willow"
                     ecep:syllab="2"
                     ecep:pron="ˈwɪləʊ">willow</w>
                  <pc xmlns:ecep="http://www.eighteenthcenturypoetry.org/ns"
                      xml:id="bed98-288910"
                      n="bed98/000182-a-0230"
                      ecep:lem=","
                      ecep:pos=","
                      ecep:reg=","
                      ecep:spe=",">,</pc>
               </l>
               <l rendition="#h_3" xml:id="bed98-l16065">
                  <w xmlns:ecep="http://www.eighteenthcenturypoetry.org/ns"
                     xml:id="bed98-288920"
                     n="bed98/000182-a-0240"
                     ecep:lem="that"
                     ecep:pos="cst"
                     ecep:reg="That"
                     ecep:spe="That"
                     ecep:syllab="1"
                     ecep:pron="ðæt">That</w>
                  <c> </c>
                  <w xmlns:ecep="http://www.eighteenthcenturypoetry.org/ns"
                     xml:id="bed98-288930"
                     n="bed98/000182-a-0250"
                     ecep:lem="bend"
                     ecep:pos="vvz"
                     ecep:reg="bends"
                     ecep:spe="bends"
                     ecep:syllab="1"
                     ecep:pron="bendz">bends</w>
                  <c> </c>
                  <w xmlns:ecep="http://www.eighteenthcenturypoetry.org/ns"
                     xml:id="bed98-288940"
                     n="bed98/000182-a-0260"
                     ecep:lem="and"
                     ecep:pos="cc"
                     ecep:reg="and"
                     ecep:spe="and"
                     ecep:syllab="1"
                     ecep:pron="ænd">and</w>
                  <c> </c>
                  <w xmlns:ecep="http://www.eighteenthcenturypoetry.org/ns"
                     xml:id="bed98-288950"
                     n="bed98/000182-a-0270"
                     ecep:lem="rise"
                     ecep:pos="vvz"
                     ecep:reg="rises"
                     ecep:spe="rises"
                     ecep:syllab="2"
                     ecep:pron="raɪzɪz">rises</w>
                  <c> </c>
                  <w xmlns:ecep="http://www.eighteenthcenturypoetry.org/ns"
                     xml:id="bed98-288960"
                     n="bed98/000182-a-0280"
                     ecep:lem="from"
                     ecep:pos="p-acp"
                     ecep:reg="from"
                     ecep:spe="from"
                     ecep:syllab="1"
                     ecep:pron="frɒm">from</w>
                  <c> </c>
                  <w xmlns:ecep="http://www.eighteenthcenturypoetry.org/ns"
                     xml:id="bed98-288970"
                     n="bed98/000182-a-0290"
                     ecep:lem="the"
                     ecep:pos="dt"
                     ecep:reg="the"
                     ecep:spe="the"
                     ecep:syllab="1"
                     ecep:pron="ðiː">the</w>
                  <c> </c>
                  <w xmlns:ecep="http://www.eighteenthcenturypoetry.org/ns"
                     xml:id="bed98-288980"
                     n="bed98/000182-a-0300"
                     ecep:lem="storm"
                     ecep:pos="n1"
                     ecep:reg="storm"
                     ecep:spe="storm"
                     ecep:syllab="1"
                     ecep:pron="stɔːm">storm</w>
                  <pc xmlns:ecep="http://www.eighteenthcenturypoetry.org/ns"
                      xml:id="bed98-288990"
                      n="bed98/000182-a-0310"
                      ecep:lem=";"
                      ecep:pos=";"
                      ecep:reg=";"
                      ecep:spe=";">;</pc>
               </l>
               <l xml:id="bed98-l16070">
                  <w xmlns:ecep="http://www.eighteenthcenturypoetry.org/ns"
                     xml:id="bed98-289000"
                     n="bed98/000182-a-0320"
                     ecep:lem="so"
                     ecep:pos="av"
                     ecep:reg="So"
                     ecep:spe="So"
                     ecep:syllab="1"
                     ecep:pron="səʊ">So</w>
                  <c> </c>
                  <w xmlns:ecep="http://www.eighteenthcenturypoetry.org/ns"
                     xml:id="bed98-289010"
                     n="bed98/000182-a-0330"
                     ecep:lem="can"
                     ecep:pos="vmd"
                     ecep:reg="could"
                     ecep:spe="could"
                     ecep:syllab="1"
                     ecep:pron="kʊd">could</w>
                  <c> </c>
                  <w xmlns:ecep="http://www.eighteenthcenturypoetry.org/ns"
                     xml:id="bed98-289020"
                     n="bed98/000182-a-0340"
                     ecep:lem="i"
                     ecep:pos="pns11"
                     ecep:reg="I"
                     ecep:spe="I"
                     ecep:syllab="1"
                     ecep:pron="aɪ">I</w>
                  <c> </c>
                  <w xmlns:ecep="http://www.eighteenthcenturypoetry.org/ns"
                     xml:id="bed98-289030"
                     n="bed98/000182-a-0350"
                     ecep:lem="rise"
                     ecep:pos="vvi"
                     ecep:reg="rise"
                     ecep:spe="rise"
                     ecep:syllab="1"
                     ecep:pron="raɪz">rise</w>
                  <c> </c>
                  <w xmlns:ecep="http://www.eighteenthcenturypoetry.org/ns"
                     xml:id="bed98-289040"
                     n="bed98/000182-a-0360"
                     ecep:lem="from"
                     ecep:pos="p-acp"
                     ecep:reg="from"
                     ecep:spe="from"
                     ecep:syllab="1"
                     ecep:pron="frɒm">from</w>
                  <c> </c>
                  <w xmlns:ecep="http://www.eighteenthcenturypoetry.org/ns"
                     xml:id="bed98-289050"
                     n="bed98/000182-a-0370"
                     ecep:lem="that"
                     ecep:pos="d"
                     ecep:reg="that"
                     ecep:spe="that"
                     ecep:syllab="1"
                     ecep:pron="ðæt">that</w>
                  <c> </c>
                  <w xmlns:ecep="http://www.eighteenthcenturypoetry.org/ns"
                     xml:id="bed98-289060"
                     n="bed98/000182-a-0380"
                     ecep:lem="rude"
                     ecep:pos="j"
                     ecep:reg="rude"
                     ecep:spe="rude"
                     ecep:syllab="1"
                     ecep:pron="ruːd">rude</w>
                  <c> </c>
                  <w xmlns:ecep="http://www.eighteenthcenturypoetry.org/ns"
                     xml:id="bed98-289070"
                     n="bed98/000182-a-0390"
                     ecep:lem="billow"
                     ecep:pos="n1"
                     ecep:reg="billow"
                     ecep:spe="billow"
                     ecep:syllab="2"
                     ecep:pron="ˈbɪləʊ">billow</w>
                  <pc xmlns:ecep="http://www.eighteenthcenturypoetry.org/ns"
                      xml:id="bed98-289080"
                      n="bed98/000182-a-0400"
                      ecep:lem=","
                      ecep:pos=","
                      ecep:reg=","
                      ecep:spe=",">,</pc>
               </l>
               <l rendition="#h_3" xml:id="bed98-l16075">
                  <w xmlns:ecep="http://www.eighteenthcenturypoetry.org/ns"
                     xml:id="bed98-289090"
                     n="bed98/000182-a-0410"
                     ecep:lem="which"
                     ecep:pos="r-crq"
                     ecep:reg="Which"
                     ecep:spe="Which"
                     ecep:syllab="1"
                     ecep:pron="wɪtʃ">Which</w>
                  <c> </c>
                  <w xmlns:ecep="http://www.eighteenthcenturypoetry.org/ns"
                     xml:id="bed98-289100"
                     n="bed98/000182-a-0420"
                     ecep:lem="will"
                     ecep:pos="vmd"
                     ecep:reg="would"
                     ecep:spe="would"
                     ecep:syllab="1"
                     ecep:pron="wʊd">would</w>
                  <c> </c>
                  <w xmlns:ecep="http://www.eighteenthcenturypoetry.org/ns"
                     xml:id="bed98-289110"
                     n="bed98/000182-a-0430"
                     ecep:lem="overwhelm"
                     ecep:pos="vvi"
                     ecep:reg="overwhelm"
                     ecep:spe="o'erwhelm"
                     ecep:syllab="2"
                     ecep:pron="ˈɔːwelm">o'erwhelm</w>
                  <c> </c>
                  <w xmlns:ecep="http://www.eighteenthcenturypoetry.org/ns"
                     xml:id="bed98-289120"
                     n="bed98/000182-a-0440"
                     ecep:lem="i"
                     ecep:pos="pno11"
                     ecep:reg="me"
                     ecep:spe="me"
                     ecep:syllab="1"
                     ecep:pron="miː">me</w>
                  <c> </c>
                  <w xmlns:ecep="http://www.eighteenthcenturypoetry.org/ns"
                     xml:id="bed98-289130"
                     n="bed98/000182-a-0450"
                     ecep:lem="in"
                     ecep:pos="p-acp"
                     ecep:reg="in"
                     ecep:spe="in"
                     ecep:syllab="1"
                     ecep:pron="ɪn">in</w>
                  <c> </c>
                  <w xmlns:ecep="http://www.eighteenthcenturypoetry.org/ns"
                     xml:id="bed98-289140"
                     n="bed98/000182-a-0460"
                     ecep:lem="the"
                     ecep:pos="dt"
                     ecep:reg="the"
                     ecep:spe="the"
                     ecep:syllab="1"
                     ecep:pron="ðiː">the</w>
                  <c> </c>
                  <w xmlns:ecep="http://www.eighteenthcenturypoetry.org/ns"
                     xml:id="bed98-289150"
                     n="bed98/000182-a-0470"
                     ecep:lem="storm"
                     ecep:pos="n1"
                     ecep:reg="storm"
                     ecep:spe="storm"
                     ecep:syllab="1"
                     ecep:pron="stɔːm">storm</w>
                  <pc xmlns:ecep="http://www.eighteenthcenturypoetry.org/ns"
                      xml:id="bed98-289160"
                      n="bed98/000182-a-0480"
                      unit="sentence"
                      ecep:lem="."
                      ecep:pos="."
                      ecep:reg="."
                      ecep:spe=".">.</pc>
               </l>
            </lg>
            <lg xml:id="bed98-s01760">
               <l xml:id="bed98-l16080">
                  <w xmlns:ecep="http://www.eighteenthcenturypoetry.org/ns"
                     xml:id="bed98-289190"
                     n="bed98/000182-a-0490"
                     ecep:lem="oh"
                     ecep:pos="uh"
                     ecep:reg="O"
                     ecep:spe="Oh"
                     ecep:syllab="1"
                     ecep:pron="əʊ">Oh</w>
                  <pc xmlns:ecep="http://www.eighteenthcenturypoetry.org/ns"
                      xml:id="bed98-289195"
                      n="bed98/000182-a-0490"
                      ecep:lem="!"
                      ecep:pos="!"
                      ecep:reg="!"
                      ecep:spe="!">!</pc>
                  <c> </c>
                  <w xmlns:ecep="http://www.eighteenthcenturypoetry.org/ns"
                     xml:id="bed98-289200"
                     n="bed98/000182-a-0500"
                     ecep:lem="come"
                     ecep:pos="vvb"
                     ecep:reg="come"
                     ecep:spe="come"
                     ecep:syllab="1"
                     ecep:pron="kʌm">come</w>
                  <c> </c>
                  <w xmlns:ecep="http://www.eighteenthcenturypoetry.org/ns"
                     xml:id="bed98-289210"
                     n="bed98/000182-a-0510"
                     ecep:lem="then"
                     ecep:pos="av"
                     ecep:reg="then"
                     ecep:spe="then"
                     ecep:syllab="1"
                     ecep:pron="ðen">then</w>
                  <c> </c>
                  <w xmlns:ecep="http://www.eighteenthcenturypoetry.org/ns"
                     xml:id="bed98-289220"
                     n="bed98/000182-a-0520"
                     ecep:lem="heavenly"
                     ecep:pos="j"
                     ecep:reg="heavenly"
                     ecep:spe="heavenly"
                     ecep:syllab="2"
                     ecep:pron="ˈhevnli">heavenly</w>
                  <c> </c>
                  <w xmlns:ecep="http://www.eighteenthcenturypoetry.org/ns"
                     xml:id="bed98-289230"
                     n="bed98/000182-a-0530"
                     ecep:lem="resignation"
                     ecep:pos="n1"
                     ecep:reg="resignation"
                     ecep:spe="resignation"
                     ecep:syllab="4"
                     ecep:pron="ˌrezɪgˈneɪʃn">resignation</w>
                  <pc xmlns:ecep="http://www.eighteenthcenturypoetry.org/ns"
                      xml:id="bed98-289240"
                      n="bed98/000182-a-0540"
                      ecep:lem=","
                      ecep:pos=","
                      ecep:reg=","
                      ecep:spe=",">,</pc>
               </l>
               <l rendition="#h_3" xml:id="bed98-l16085">
                  <w xmlns:ecep="http://www.eighteenthcenturypoetry.org/ns"
                     xml:id="bed98-289250"
                     n="bed98/000182-a-0550"
                     ecep:lem="and"
                     ecep:pos="cc"
                     ecep:reg="And"
                     ecep:spe="And"
                     ecep:syllab="1"
                     ecep:pron="ænd">And</w>
                  <c> </c>
                  <w xmlns:ecep="http://www.eighteenthcenturypoetry.org/ns"
                     xml:id="bed98-289260"
                     n="bed98/000182-a-0560"
                     ecep:lem="bear"
                     ecep:pos="vvb"
                     ecep:reg="bear"
                     ecep:spe="bear"
                     ecep:syllab="1"
                     ecep:pron="beə">bear</w>
                  <c> </c>
                  <w xmlns:ecep="http://www.eighteenthcenturypoetry.org/ns"
                     xml:id="bed98-289270"
                     n="bed98/000182-a-0570"
                     ecep:lem="i"
                     ecep:pos="pno11"
                     ecep:reg="me"
                     ecep:spe="me"
                     ecep:syllab="1"
                     ecep:pron="miː">me</w>
                  <c> </c>
                  <w xmlns:ecep="http://www.eighteenthcenturypoetry.org/ns"
                     xml:id="bed98-289280"
                     n="bed98/000182-a-0580"
                     ecep:lem="in"
                     ecep:pos="p-acp"
                     ecep:reg="in"
                     ecep:spe="in"
                     ecep:syllab="1"
                     ecep:pron="ɪn">in</w>
                  <c> </c>
                  <w xmlns:ecep="http://www.eighteenthcenturypoetry.org/ns"
                     xml:id="bed98-289290"
                     n="bed98/000182-a-0590"
                     ecep:lem="the"
                     ecep:pos="dt"
                     ecep:reg="the"
                     ecep:spe="the"
                     ecep:syllab="1"
                     ecep:pron="ðiː">the</w>
                  <c> </c>
                  <w xmlns:ecep="http://www.eighteenthcenturypoetry.org/ns"
                     xml:id="bed98-289300"
                     n="bed98/000182-a-0600"
                     ecep:lem="adverse"
                     ecep:pos="j"
                     ecep:reg="adverse"
                     ecep:spe="adverse"
                     ecep:syllab="2"
                     ecep:pron="ˈædvɜːs">adverse</w>
                  <c> </c>
                  <w xmlns:ecep="http://www.eighteenthcenturypoetry.org/ns"
                     xml:id="bed98-289310"
                     n="bed98/000182-a-0610"
                     ecep:lem="stream"
                     ecep:pos="n1"
                     ecep:reg="stream"
                     ecep:spe="stream"
                     ecep:syllab="1"
                     ecep:pron="striːm">stream</w>
                  <pc xmlns:ecep="http://www.eighteenthcenturypoetry.org/ns"
                      xml:id="bed98-289320"
                      n="bed98/000182-a-0620"
                      ecep:lem=";"
                      ecep:pos=";"
                      ecep:reg=";"
                      ecep:spe=";">;</pc>
               </l>
               <l xml:id="bed98-l16090">
                  <w xmlns:ecep="http://www.eighteenthcenturypoetry.org/ns"
                     xml:id="bed98-289330"
                     n="bed98/000182-a-0630"
                     ecep:lem="till"
                     ecep:pos="c-acp"
                     ecep:reg="Till"
                     ecep:spe="Till"
                     ecep:syllab="1"
                     ecep:pron="tɪl">Till</w>
                  <c> </c>
                  <w xmlns:ecep="http://www.eighteenthcenturypoetry.org/ns"
                     xml:id="bed98-289340"
                     n="bed98/000182-a-0640"
                     ecep:lem="to"
                     ecep:pos="p-acp"
                     ecep:reg="to"
                     ecep:spe="to"
                     ecep:syllab="1"
                     ecep:pron="tuː">to</w>
                  <c> </c>
                  <w xmlns:ecep="http://www.eighteenthcenturypoetry.org/ns"
                     xml:id="bed98-289350"
                     n="bed98/000182-a-0650"
                     ecep:lem="celestial"
                     ecep:pos="j"
                     ecep:reg="celestial"
                     ecep:spe="celestial"
                     ecep:syllab="3"
                     ecep:pron="səˈlestiəl">celestial</w>
                  <c> </c>
                  <w xmlns:ecep="http://www.eighteenthcenturypoetry.org/ns"
                     xml:id="bed98-289360"
                     n="bed98/000182-a-0660"
                     ecep:lem="bliss"
                     ecep:pos="n1"
                     ecep:reg="bliss"
                     ecep:spe="bliss"
                     ecep:syllab="1"
                     ecep:pron="blɪs">bliss</w>
                  <c> </c>
                  <w xmlns:ecep="http://www.eighteenthcenturypoetry.org/ns"
                     xml:id="bed98-289370"
                     n="bed98/000182-a-0670"
                     ecep:lem="i"
                     ecep:pos="pns11"
                     ecep:reg="I"
                     ecep:spe="I"
                     ecep:syllab="1"
                     ecep:pron="aɪ">I</w>
                  <c> </c>
                  <w xmlns:ecep="http://www.eighteenthcenturypoetry.org/ns"
                     xml:id="bed98-289380"
                     n="bed98/000182-a-0680"
                     ecep:lem="waken"
                     ecep:pos="vvb"
                     ecep:reg="waken"
                     ecep:spe="waken"
                     ecep:syllab="2"
                     ecep:pron="ˈweɪkn">waken</w>
                  <pc xmlns:ecep="http://www.eighteenthcenturypoetry.org/ns"
                      xml:id="bed98-289390"
                      n="bed98/000182-a-0690"
                      ecep:lem=","
                      ecep:pos=","
                      ecep:reg=","
                      ecep:spe=",">,</pc>
               </l>
               <l rendition="#h_3" xml:id="bed98-l16095">
                  <w xmlns:ecep="http://www.eighteenthcenturypoetry.org/ns"
                     xml:id="bed98-289400"
                     n="bed98/000182-a-0700"
                     ecep:lem="from"
                     ecep:pos="p-acp"
                     ecep:reg="From"
                     ecep:spe="From"
                     ecep:syllab="1"
                     ecep:pron="frɒm">From</w>
                  <c> </c>
                  <w xmlns:ecep="http://www.eighteenthcenturypoetry.org/ns"
                     xml:id="bed98-289410"
                     n="bed98/000182-a-0710"
                     ecep:lem="life"
                     ecep:pos="n1"
                     ecep:reg="life"
                     ecep:spe="life"
                     ecep:syllab="1"
                     ecep:pron="laɪf">life</w>
                  <c> </c>
                  <w xmlns:ecep="http://www.eighteenthcenturypoetry.org/ns"
                     xml:id="bed98-289420"
                     n="bed98/000182-a-0720"
                     ecep:lem="as"
                     ecep:pos="c-acp"
                     ecep:reg="as"
                     ecep:spe="as"
                     ecep:syllab="1"
                     ecep:pron="æz">as</w>
                  <c> </c>
                  <w xmlns:ecep="http://www.eighteenthcenturypoetry.org/ns"
                     xml:id="bed98-289430"
                     n="bed98/000182-a-0730"
                     ecep:lem="from"
                     ecep:pos="p-acp"
                     ecep:reg="from"
                     ecep:spe="from"
                     ecep:syllab="1"
                     ecep:pron="frɒm">from</w>
                  <c> </c>
                  <w xmlns:ecep="http://www.eighteenthcenturypoetry.org/ns"
                     xml:id="bed98-289440"
                     n="bed98/000182-a-0740"
                     ecep:lem="a"
                     ecep:pos="dt"
                     ecep:reg="a"
                     ecep:spe="a"
                     ecep:syllab="1"
                     ecep:pron="ə">a</w>
                  <c> </c>
                  <w xmlns:ecep="http://www.eighteenthcenturypoetry.org/ns"
                     xml:id="bed98-289450"
                     n="bed98/000182-a-0750"
                     ecep:lem="painful"
                     ecep:pos="j"
                     ecep:reg="painful"
                     ecep:spe="painful"
                     ecep:syllab="2"
                     ecep:pron="ˈpeɪnfl">painful</w>
                  <c> </c>
                  <w xmlns:ecep="http://www.eighteenthcenturypoetry.org/ns"
                     xml:id="bed98-289460"
                     n="bed98/000182-a-0760"
                     ecep:lem="dream"
                     ecep:pos="n1"
                     ecep:reg="dream"
                     ecep:spe="dream"
                     ecep:syllab="1"
                     ecep:pron="driːm">dream</w>
                  <pc xmlns:ecep="http://www.eighteenthcenturypoetry.org/ns"
                      xml:id="bed98-289470"
                      n="bed98/000182-a-0770"
                      unit="sentence"
                      ecep:lem="."
                      ecep:pos="."
                      ecep:reg="."
                      ecep:spe=".">.</pc>
               </l>
            </lg>
         </div>
      </body>
   </text>
</TEI>
