<?xml version="1.0" encoding="UTF-8"?>
<?xml-model href="../tei_all.rnc" type="application/relax-ng-compact-syntax"?>
<TEI xmlns="http://www.tei-c.org/ns/1.0">
   <teiHeader>
      <fileDesc>
         <titleStmt>
            <title corresp="#txt_BarbMa1685_w0042">Written for my Son, upon Lady Santry's coming to School, to see her Son, and getting the Scholars a Play-Day.</title>
            <author corresp="authors.xml#aut_BarbMa1685">Mary Barber</author>
            <respStmt>
               <name xml:id="AH">Alexander Huber</name>
               <resp>Editor</resp>
            </respStmt>
            <funder>
               <name type="institution" xml:id="BOD">Bodleian Libraries, University of Oxford</name>
               <address>
                  <addrLine>Broad Street</addrLine>
                  <addrLine>Oxford OX1 3BG</addrLine>
                  <addrLine>UK</addrLine>
               </address>
            </funder>
         </titleStmt>
         <publicationStmt>
            <publisher xml:id="ECPA">Eighteenth-Century Poetry Archive</publisher>
            <address>
               <addrLine>Taylor Institution Library</addrLine>
               <addrLine>St Giles'</addrLine>
               <addrLine>Oxford OX1 3NA</addrLine>
               <addrLine>UK</addrLine>
               <addrLine>
                  <email>info@eighteenthcenturypoetry.org</email>
               </addrLine>
               <addrLine>
                  <ref target="https://www.eighteenthcenturypoetry.org/">https://www.eighteenthcenturypoetry.org/</ref>
               </addrLine>
            </address>
            <pubPlace>Oxford</pubPlace>
            <availability status="restricted">
               <licence target="http://creativecommons.org/licenses/by-sa/3.0/">This work is licensed under a Creative Commons Attribution-ShareAlike 3.0 Unported License.</licence>
            </availability>
            <idno type="ESTC">T42622</idno>
            <idno type="DMI">519</idno>
            <idno type="FOXON">p. 45</idno>
         </publicationStmt>
         <sourceDesc>
            <bibl>
               <author>Barber, Mary, ca. 1690-1757.</author>
               <title>Poems on Several Occasions [poems only].</title>
               <pubPlace>London</pubPlace>
               <publisher>Printed for C. Rivington, at the Bible and Crown in St. Paul's Church-Yard</publisher>
               <date>1734</date>
               <biblScope>p. 95.</biblScope>
               <extent>xlviii,283,[7]p.; 8⁰.</extent>
            </bibl>
         </sourceDesc>
      </fileDesc>
      <encodingDesc>
         <projectDesc>
            <p>This e-text is part of the Works section of the Eighteenth-Century Poetry Archive (ECPA).</p>
            <p>XML created for the Eighteenth-Century Poetry Archive (ECPA).</p>
         </projectDesc>
         <editorialDecl>
            <p>Typography, spelling, capitalization, and punctuation have been cautiously modernized. The source of the text is given and all significant
						editorial interventions have been recorded in textual notes. This  text has been edited to conform to the recommendations found 
						in Level 5 of the
						Best Practices for TEI in Libraries version 4.0.0.
					</p>
         </editorialDecl>
         <classDecl>
            <taxonomy xml:id="LCNAF">
               <bibl>Library of Congress Name Authority File (<abbr>LCNAF</abbr>)</bibl>
            </taxonomy>
         </classDecl>
         <tagsDecl>
            <rendition n="linegroups indented" xml:id="lgindent" scheme="css">text-indent: 1em;</rendition>
            <rendition n="linegroups vertically spaced" xml:id="lgvspace" scheme="css">margin-bottom: 1em;</rendition>
            <rendition n="aligned centrally" xml:id="align-center" scheme="css">text-align: center;</rendition>
            <rendition n="aligned right" xml:id="align-right" scheme="css">text-align: right;</rendition>
            <rendition n="aligned left" xml:id="align-left" scheme="css">text-align: left;</rendition>
            <rendition n="inline" xml:id="inline" scheme="css">display: inline</rendition>
            <rendition n="italic" xml:id="i" scheme="css">font-style: italic;</rendition>
            <rendition n="bold" xml:id="b" scheme="css">font-weight: bold;</rendition>
         </tagsDecl>
      </encodingDesc>
   </teiHeader>
   <text>
      <body>
         <div xmlns:ecep="http://www.eighteenthcenturypoetry.org/ns"
              ana="#iamb #tetrameter #couplet #pair #occasional"
              corresp="#txt_BarbMa1685_w0042"
              decls="#semi-normalized"
              ecep:syllab="8"
              met="-+|-+|-+|-+/"
              rendition="#lgvspace"
              rhyme="aa"
              subtype="eceptext"
              type="poem"
              xml:id="pba35-w0440">
            <link target="authors.xml#aut_BarbMa1685" type="author"/>
            <link target="11541" type="DMI"/>
            <head type="main">
               <w xmlns:ecep="http://www.eighteenthcenturypoetry.org/ns"
                  xml:id="pba35-123070"
                  n="a-0010"
                  ecep:lem="write"
                  ecep:pos="vvn"
                  ecep:reg="Written"
                  ecep:spe="Written"
                  ecep:syllab="2"
                  ecep:pron="ˈrɪtn">Written</w>
               <c> </c>
               <w xmlns:ecep="http://www.eighteenthcenturypoetry.org/ns"
                  xml:id="pba35-123080"
                  n="a-0020"
                  ecep:lem="for"
                  ecep:pos="p-acp"
                  ecep:reg="for"
                  ecep:spe="for"
                  ecep:syllab="1"
                  ecep:pron="fɔː">for</w>
               <c> </c>
               <rs ref="authors.xml#aut_BarbCo1714" type="name">
                  <w xmlns:ecep="http://www.eighteenthcenturypoetry.org/ns"
                     xml:id="pba35-123090"
                     n="a-0030"
                     ecep:lem="my"
                     ecep:pos="po11"
                     ecep:reg="my"
                     ecep:spe="my"
                     ecep:syllab="1"
                     ecep:pron="maɪ">my</w>
                  <c> </c>
                  <w xmlns:ecep="http://www.eighteenthcenturypoetry.org/ns"
                     xml:id="pba35-123100"
                     n="a-0040"
                     ecep:lem="son"
                     ecep:pos="n1"
                     ecep:reg="Son"
                     ecep:spe="Son"
                     ecep:syllab="1"
                     ecep:pron="sʌn">Son</w>
               </rs>
               <pc xmlns:ecep="http://www.eighteenthcenturypoetry.org/ns"
                   xml:id="pba35-123110"
                   n="a-0050"
                   ecep:lem=","
                   ecep:pos=","
                   ecep:reg=","
                   ecep:spe=",">,</pc>
               <c> </c>
               <w xmlns:ecep="http://www.eighteenthcenturypoetry.org/ns"
                  xml:id="pba35-123120"
                  n="a-0060"
                  ecep:lem="upon"
                  ecep:pos="p-acp"
                  ecep:reg="upon"
                  ecep:spe="upon"
                  ecep:syllab="2"
                  ecep:pron="əˈpɒn">upon</w>
               <c> </c>
               <w xmlns:ecep="http://www.eighteenthcenturypoetry.org/ns"
                  xml:id="pba35-123130"
                  n="a-0070"
                  ecep:lem="lady"
                  ecep:pos="n1"
                  ecep:reg="Lady"
                  ecep:spe="Lady"
                  ecep:syllab="2"
                  ecep:pron="ˈleɪdi">Lady</w>
               <c> </c>
               <w xmlns:ecep="http://www.eighteenthcenturypoetry.org/ns"
                  xml:id="pba35-123140"
                  n="a-0080"
                  ecep:lem="santry"
                  ecep:pos="npg1"
                  ecep:reg="Santry's"
                  ecep:spe="Santry's"
                  ecep:syllab="2"
                  ecep:pron="ˈsæntriz">Santry's</w>
               <note place="bottom"
                     n="[ed.]"
                     resp="#AH"
                     xml:id="app_BarbMa1685_w0042_n1">"Lady Bridget Santry, wife of Henry Baron Santry Governor of Londonderry." 
									(Tucker [1992], 215)
								</note>
               <c> </c>
               <w xmlns:ecep="http://www.eighteenthcenturypoetry.org/ns"
                  xml:id="pba35-123150"
                  n="a-0090"
                  ecep:lem="come"
                  ecep:pos="vvg"
                  ecep:reg="coming"
                  ecep:spe="coming"
                  ecep:syllab="2"
                  ecep:pron="kʌmɪŋ">coming</w>
               <c> </c>
               <w xmlns:ecep="http://www.eighteenthcenturypoetry.org/ns"
                  xml:id="pba35-123160"
                  n="a-0100"
                  ecep:lem="to"
                  ecep:pos="p-acp"
                  ecep:reg="to"
                  ecep:spe="to"
                  ecep:syllab="1"
                  ecep:pron="tuː">to</w>
               <c> </c>
               <w xmlns:ecep="http://www.eighteenthcenturypoetry.org/ns"
                  xml:id="pba35-123170"
                  n="a-0110"
                  ecep:lem="school"
                  ecep:pos="n1"
                  ecep:reg="School"
                  ecep:spe="School"
                  ecep:syllab="1"
                  ecep:pron="skuːl">School</w>
               <pc xmlns:ecep="http://www.eighteenthcenturypoetry.org/ns"
                   xml:id="pba35-123180"
                   n="a-0120"
                   ecep:lem=","
                   ecep:pos=","
                   ecep:reg=","
                   ecep:spe=",">,</pc>
               <c> </c>
               <w xmlns:ecep="http://www.eighteenthcenturypoetry.org/ns"
                  xml:id="pba35-123190"
                  n="a-0130"
                  ecep:lem="to"
                  ecep:pos="pc-acp"
                  ecep:reg="to"
                  ecep:spe="to"
                  ecep:syllab="1"
                  ecep:pron="tuː">to</w>
               <c> </c>
               <w xmlns:ecep="http://www.eighteenthcenturypoetry.org/ns"
                  xml:id="pba35-123200"
                  n="a-0140"
                  ecep:lem="see"
                  ecep:pos="vvi"
                  ecep:reg="see"
                  ecep:spe="see"
                  ecep:syllab="1"
                  ecep:pron="siː">see</w>
               <c> </c>
               <w xmlns:ecep="http://www.eighteenthcenturypoetry.org/ns"
                  xml:id="pba35-123210"
                  n="a-0150"
                  ecep:lem="her"
                  ecep:pos="po31"
                  ecep:reg="her"
                  ecep:spe="her"
                  ecep:syllab="1"
                  ecep:pron="hɜː">her</w>
               <c> </c>
               <w xmlns:ecep="http://www.eighteenthcenturypoetry.org/ns"
                  xml:id="pba35-123220"
                  n="a-0160"
                  ecep:lem="son"
                  ecep:pos="n1"
                  ecep:reg="Son"
                  ecep:spe="Son"
                  ecep:syllab="1"
                  ecep:pron="sʌn">Son</w>
               <pc xmlns:ecep="http://www.eighteenthcenturypoetry.org/ns"
                   xml:id="pba35-123230"
                   n="a-0170"
                   ecep:lem=","
                   ecep:pos=","
                   ecep:reg=","
                   ecep:spe=",">,</pc>
               <c> </c>
               <w xmlns:ecep="http://www.eighteenthcenturypoetry.org/ns"
                  xml:id="pba35-123240"
                  n="a-0180"
                  ecep:lem="and"
                  ecep:pos="cc"
                  ecep:reg="and"
                  ecep:spe="and"
                  ecep:syllab="1"
                  ecep:pron="ænd">and</w>
               <c> </c>
               <w xmlns:ecep="http://www.eighteenthcenturypoetry.org/ns"
                  xml:id="pba35-123250"
                  n="a-0190"
                  ecep:lem="get"
                  ecep:pos="vvg"
                  ecep:reg="getting"
                  ecep:spe="getting"
                  ecep:syllab="2"
                  ecep:pron="getɪŋ">getting</w>
               <c> </c>
               <w xmlns:ecep="http://www.eighteenthcenturypoetry.org/ns"
                  xml:id="pba35-123260"
                  n="a-0200"
                  ecep:lem="the"
                  ecep:pos="dt"
                  ecep:reg="the"
                  ecep:spe="the"
                  ecep:syllab="1"
                  ecep:pron="ðiː">the</w>
               <c> </c>
               <w xmlns:ecep="http://www.eighteenthcenturypoetry.org/ns"
                  xml:id="pba35-123270"
                  n="a-0210"
                  ecep:lem="scholar"
                  ecep:pos="n2"
                  ecep:reg="Scholars"
                  ecep:spe="Scholars"
                  ecep:syllab="2"
                  ecep:pron="ˈskɒləz">Scholars</w>
               <c> </c>
               <w xmlns:ecep="http://www.eighteenthcenturypoetry.org/ns"
                  xml:id="pba35-123280"
                  n="a-0220"
                  ecep:lem="a"
                  ecep:pos="dt"
                  ecep:reg="a"
                  ecep:spe="a"
                  ecep:syllab="1"
                  ecep:pron="ə">a</w>
               <c> </c>
               <w xmlns:ecep="http://www.eighteenthcenturypoetry.org/ns"
                  xml:id="pba35-123290"
                  n="a-0230"
                  ecep:lem="playday"
                  ecep:pos="n1"
                  ecep:reg="Play-Day"
                  ecep:spe="Play-Day"
                  ecep:syllab="2"
                  ecep:pron="ˈpleɪˌdeɪ">Play-Day</w>
               <pc xmlns:ecep="http://www.eighteenthcenturypoetry.org/ns"
                   xml:id="pba35-123300"
                   n="a-0240"
                   unit="sentence"
                   ecep:lem="."
                   ecep:pos="."
                   ecep:reg="."
                   ecep:spe=".">.</pc>
            </head>
            <lg xml:id="pba35-s00740">
               <l n="1" xml:id="pba35-l06145">
                  <hi rendition="#sc">
                     <w xmlns:ecep="http://www.eighteenthcenturypoetry.org/ns"
                        xml:id="pba35-123330"
                        n="a-0250"
                        ecep:lem="so"
                        ecep:pos="av"
                        ecep:reg="So"
                        ecep:spe="So"
                        ecep:syllab="1"
                        ecep:pron="səʊ">So</w>
                  </hi>
                  <c> </c>
                  <hi>
                     <w xmlns:ecep="http://www.eighteenthcenturypoetry.org/ns"
                        xml:id="pba35-123340"
                        n="a-0260"
                        ecep:lem="Ceres"
                        ecep:pos="np1"
                        ecep:reg="Crees"
                        ecep:spe="Ceres"
                        ecep:syllab="2"
                        ecep:pron="sɪəz">Ceres</w>
                  </hi>
                  <pc xmlns:ecep="http://www.eighteenthcenturypoetry.org/ns"
                      xml:id="pba35-123350"
                      n="a-0270"
                      ecep:lem=","
                      ecep:pos=","
                      ecep:reg=","
                      ecep:spe=",">,</pc>
                  <c> </c>
                  <w xmlns:ecep="http://www.eighteenthcenturypoetry.org/ns"
                     xml:id="pba35-123360"
                     n="a-0280"
                     ecep:lem="lovely"
                     ecep:pos="j"
                     ecep:reg="lovely"
                     ecep:spe="lovely"
                     ecep:syllab="2"
                     ecep:pron="ˈlʌvli">lovely</w>
                  <c> </c>
                  <w xmlns:ecep="http://www.eighteenthcenturypoetry.org/ns"
                     xml:id="pba35-123370"
                     n="a-0290"
                     ecep:lem="and"
                     ecep:pos="cc"
                     ecep:reg="and"
                     ecep:spe="and"
                     ecep:syllab="1"
                     ecep:pron="ænd">and</w>
                  <c> </c>
                  <w xmlns:ecep="http://www.eighteenthcenturypoetry.org/ns"
                     xml:id="pba35-123380"
                     n="a-0300"
                     ecep:lem="divine"
                     ecep:pos="j-jn"
                     ecep:reg="divine"
                     ecep:spe="divine"
                     ecep:syllab="2"
                     ecep:pron="dɪˈvaɪn">divine</w>
                  <pc xmlns:ecep="http://www.eighteenthcenturypoetry.org/ns"
                      xml:id="pba35-123390"
                      n="a-0310"
                      ecep:lem=","
                      ecep:pos=","
                      ecep:reg=","
                      ecep:spe=",">,</pc>
               </l>
               <l n="2" xml:id="pba35-l06150">
                  <c> </c>
                  <w xmlns:ecep="http://www.eighteenthcenturypoetry.org/ns"
                     xml:id="pba35-123400"
                     n="a-0320"
                     ecep:lem="eager"
                     ecep:pos="j"
                     ecep:reg="Eager"
                     ecep:spe="Eager"
                     ecep:syllab="2"
                     ecep:pron="ˈiːgə">Eager</w>
                  <c> </c>
                  <w xmlns:ecep="http://www.eighteenthcenturypoetry.org/ns"
                     xml:id="pba35-123410"
                     n="a-0330"
                     ecep:lem="to"
                     ecep:pos="pc-acp"
                     ecep:reg="to"
                     ecep:spe="to"
                     ecep:syllab="1"
                     ecep:pron="tuː">to</w>
                  <c> </c>
                  <w xmlns:ecep="http://www.eighteenthcenturypoetry.org/ns"
                     xml:id="pba35-123420"
                     n="a-0340"
                     ecep:lem="see"
                     ecep:pos="vvi"
                     ecep:reg="see"
                     ecep:spe="see"
                     ecep:syllab="1"
                     ecep:pron="siː">see</w>
                  <c> </c>
                  <w xmlns:ecep="http://www.eighteenthcenturypoetry.org/ns"
                     xml:id="pba35-123430"
                     n="a-0350"
                     ecep:lem="she"
                     ecep:pos="pno31"
                     ecep:reg="her"
                     ecep:spe="her"
                     ecep:syllab="1"
                     ecep:pron="hɜː">her</w>
                  <c> </c>
                  <hi>
                     <w xmlns:ecep="http://www.eighteenthcenturypoetry.org/ns"
                        xml:id="pba35-123440"
                        n="a-0360"
                        ecep:lem="Proserpine"
                        ecep:pos="np1"
                        ecep:reg="Proserpine"
                        ecep:spe="Proserpine"
                        ecep:syllab="4"
                        ecep:pron="prəˈsɜːpɪnə">Proserpine</w>
                  </hi>
                  <pc xmlns:ecep="http://www.eighteenthcenturypoetry.org/ns"
                      xml:id="pba35-123450"
                      n="a-0370"
                      ecep:lem=","
                      ecep:pos=","
                      ecep:reg=","
                      ecep:spe=",">,</pc>
               </l>
               <l n="3" xml:id="pba35-l06155">
                  <c> </c>
                  <w xmlns:ecep="http://www.eighteenthcenturypoetry.org/ns"
                     xml:id="pba35-123460"
                     n="a-0380"
                     ecep:lem="bless"
                     ecep:pos="n-vvg"
                     ecep:reg="Blessing"
                     ecep:spe="Blessing"
                     ecep:syllab="2"
                     ecep:pron="ˈblesɪŋ">Blessing</w>
                  <c> </c>
                  <w xmlns:ecep="http://www.eighteenthcenturypoetry.org/ns"
                     xml:id="pba35-123470"
                     n="a-0390"
                     ecep:lem="the"
                     ecep:pos="dt"
                     ecep:reg="the"
                     ecep:spe="the"
                     ecep:syllab="1"
                     ecep:pron="ðiː">the</w>
                  <c> </c>
                  <w xmlns:ecep="http://www.eighteenthcenturypoetry.org/ns"
                     xml:id="pba35-123480"
                     n="a-0400"
                     ecep:lem="nation"
                     ecep:pos="n2"
                     ecep:reg="Nations"
                     ecep:spe="Nations"
                     ecep:syllab="2"
                     ecep:pron="ˈneɪʃnz">Nations</w>
                  <c> </c>
                  <w xmlns:ecep="http://www.eighteenthcenturypoetry.org/ns"
                     xml:id="pba35-123490"
                     n="a-0410"
                     ecep:lem="as"
                     ecep:pos="c-acp"
                     ecep:reg="as"
                     ecep:spe="as"
                     ecep:syllab="1"
                     ecep:pron="æz">as</w>
                  <c> </c>
                  <w xmlns:ecep="http://www.eighteenthcenturypoetry.org/ns"
                     xml:id="pba35-123500"
                     n="a-0420"
                     ecep:lem="she"
                     ecep:pos="pns31"
                     ecep:reg="she"
                     ecep:spe="she"
                     ecep:syllab="1"
                     ecep:pron="ʃiː">she</w>
                  <c> </c>
                  <w xmlns:ecep="http://www.eighteenthcenturypoetry.org/ns"
                     xml:id="pba35-123510"
                     n="a-0430"
                     ecep:lem="pass"
                     ecep:pos="vvd"
                     ecep:reg="passed"
                     ecep:spe="pass'd"
                     ecep:syllab="1"
                     ecep:pron="pɑːst">pass'd</w>
                  <pc xmlns:ecep="http://www.eighteenthcenturypoetry.org/ns"
                      xml:id="pba35-123520"
                      n="a-0440"
                      ecep:lem=","
                      ecep:pos=","
                      ecep:reg=","
                      ecep:spe=",">,</pc>
               </l>
               <l n="4" xml:id="pba35-l06160">
                  <c> </c>
                  <w xmlns:ecep="http://www.eighteenthcenturypoetry.org/ns"
                     xml:id="pba35-123530"
                     n="a-0450"
                     ecep:lem="reach"
                     ecep:pos="vvd"
                     ecep:reg="Reached"
                     ecep:spe="Reach'd"
                     ecep:syllab="1"
                     ecep:pron="riːtʃt">Reach'd</w>
                  <c> </c>
                  <w xmlns:ecep="http://www.eighteenthcenturypoetry.org/ns"
                     xml:id="pba35-123540"
                     n="a-0460"
                     ecep:lem="the"
                     ecep:pos="dt"
                     ecep:reg="the"
                     ecep:spe="the"
                     ecep:syllab="1"
                     ecep:pron="ðiː">the</w>
                  <c> </c>
                  <w xmlns:ecep="http://www.eighteenthcenturypoetry.org/ns"
                     xml:id="pba35-123550"
                     n="a-0470"
                     ecep:lem="fell"
                     ecep:pos="j"
                     ecep:reg="fell"
                     ecep:spe="fell"
                     ecep:syllab="1"
                     ecep:pron="fel">fell</w>
                  <c> </c>
                  <w xmlns:ecep="http://www.eighteenthcenturypoetry.org/ns"
                     xml:id="pba35-123560"
                     n="a-0480"
                     ecep:lem="tyrant"
                     ecep:pos="ng1"
                     ecep:reg="Tyrant's"
                     ecep:spe="Tyrant's"
                     ecep:syllab="2"
                     ecep:pron="ˈtaɪrəntz">Tyrant's</w>
                  <c> </c>
                  <w xmlns:ecep="http://www.eighteenthcenturypoetry.org/ns"
                     xml:id="pba35-123570"
                     n="a-0490"
                     ecep:lem="court"
                     ecep:pos="n1"
                     ecep:reg="Court"
                     ecep:spe="Court"
                     ecep:syllab="1"
                     ecep:pron="kɔːt">Court</w>
                  <c> </c>
                  <w xmlns:ecep="http://www.eighteenthcenturypoetry.org/ns"
                     xml:id="pba35-123580"
                     n="a-0500"
                     ecep:lem="at"
                     ecep:pos="p-acp"
                     ecep:reg="at"
                     ecep:spe="at"
                     ecep:syllab="1"
                     ecep:pron="æt">at</w>
                  <c> </c>
                  <w xmlns:ecep="http://www.eighteenthcenturypoetry.org/ns"
                     xml:id="pba35-123590"
                     n="a-0510"
                     ecep:lem="last"
                     ecep:pos="ord"
                     ecep:reg="last"
                     ecep:spe="last"
                     ecep:syllab="1"
                     ecep:pron="lɑːst">last</w>
                  <pc xmlns:ecep="http://www.eighteenthcenturypoetry.org/ns"
                      xml:id="pba35-123600"
                      n="a-0520"
                      ecep:lem=";"
                      ecep:pos=";"
                      ecep:reg=";"
                      ecep:spe=";">;</pc>
               </l>
               <l n="5" xml:id="pba35-l06165">
                  <c> </c>
                  <w xmlns:ecep="http://www.eighteenthcenturypoetry.org/ns"
                     xml:id="pba35-123610"
                     n="a-0530"
                     ecep:lem="around"
                     ecep:pos="a-acp"
                     ecep:reg="Around"
                     ecep:spe="Around"
                     ecep:syllab="2"
                     ecep:pron="əˈraʊnd">Around</w>
                  <c> </c>
                  <w xmlns:ecep="http://www.eighteenthcenturypoetry.org/ns"
                     xml:id="pba35-123620"
                     n="a-0540"
                     ecep:lem="her"
                     ecep:pos="po31"
                     ecep:reg="her"
                     ecep:spe="her"
                     ecep:syllab="1"
                     ecep:pron="hɜː">her</w>
                  <c> </c>
                  <w xmlns:ecep="http://www.eighteenthcenturypoetry.org/ns"
                     xml:id="pba35-123630"
                     n="a-0550"
                     ecep:lem="shot"
                     ecep:pos="n1"
                     ecep:reg="shot"
                     ecep:spe="shot"
                     ecep:syllab="1"
                     ecep:pron="ʃɒt">shot</w>
                  <c> </c>
                  <w xmlns:ecep="http://www.eighteenthcenturypoetry.org/ns"
                     xml:id="pba35-123640"
                     n="a-0560"
                     ecep:lem="a"
                     ecep:pos="dt"
                     ecep:reg="a"
                     ecep:spe="a"
                     ecep:syllab="1"
                     ecep:pron="ə">a</w>
                  <c> </c>
                  <w xmlns:ecep="http://www.eighteenthcenturypoetry.org/ns"
                     xml:id="pba35-123650"
                     n="a-0570"
                     ecep:lem="gleam"
                     ecep:pos="n1"
                     ecep:reg="Gleam"
                     ecep:spe="Gleam"
                     ecep:syllab="1"
                     ecep:pron="gliːm">Gleam</w>
                  <c> </c>
                  <w xmlns:ecep="http://www.eighteenthcenturypoetry.org/ns"
                     xml:id="pba35-123660"
                     n="a-0580"
                     ecep:lem="of"
                     ecep:pos="pp-f"
                     ecep:reg="of"
                     ecep:spe="of"
                     ecep:syllab="1"
                     ecep:pron="ɒv">of</w>
                  <c> </c>
                  <w xmlns:ecep="http://www.eighteenthcenturypoetry.org/ns"
                     xml:id="pba35-123670"
                     n="a-0590"
                     ecep:lem="light"
                     ecep:pos="n1"
                     ecep:reg="Light"
                     ecep:spe="Light"
                     ecep:syllab="1"
                     ecep:pron="laɪt">Light</w>
                  <pc xmlns:ecep="http://www.eighteenthcenturypoetry.org/ns"
                      xml:id="pba35-123680"
                      n="a-0600"
                      ecep:lem=","
                      ecep:pos=","
                      ecep:reg=","
                      ecep:spe=",">,</pc>
               </l>
               <l n="6" xml:id="pba35-l06170">
                  <c> </c>
                  <w xmlns:ecep="http://www.eighteenthcenturypoetry.org/ns"
                     xml:id="pba35-123690"
                     n="a-0610"
                     ecep:lem="diffuse"
                     ecep:pos="vvg"
                     ecep:reg="Diffusing"
                     ecep:spe="Diffusing"
                     ecep:syllab="3"
                     ecep:pron="dɪˈfjuːzɪŋ">Diffusing</w>
                  <c> </c>
                  <w xmlns:ecep="http://www.eighteenthcenturypoetry.org/ns"
                     xml:id="pba35-123700"
                     n="a-0620"
                     ecep:lem="joy"
                     ecep:pos="n1"
                     ecep:reg="Joy"
                     ecep:spe="Joy"
                     ecep:syllab="1"
                     ecep:pron="dʒɔɪ">Joy</w>
                  <pc xmlns:ecep="http://www.eighteenthcenturypoetry.org/ns"
                      xml:id="pba35-123710"
                      n="a-0630"
                      ecep:lem=","
                      ecep:pos=","
                      ecep:reg=","
                      ecep:spe=",">,</pc>
                  <c> </c>
                  <w xmlns:ecep="http://www.eighteenthcenturypoetry.org/ns"
                     xml:id="pba35-123720"
                     n="a-0640"
                     ecep:lem="dispell"
                     ecep:pos="vvg"
                     ecep:reg="dispelling"
                     ecep:spe="dispelling"
                     ecep:syllab="3"
                     ecep:pron="dɪˈspelɪŋ">dispelling</w>
                  <c> </c>
                  <w xmlns:ecep="http://www.eighteenthcenturypoetry.org/ns"
                     xml:id="pba35-123730"
                     n="a-0650"
                     ecep:lem="night"
                     ecep:pos="n1"
                     ecep:reg="Night"
                     ecep:spe="Night"
                     ecep:syllab="1"
                     ecep:pron="naɪt">Night</w>
                  <pc xmlns:ecep="http://www.eighteenthcenturypoetry.org/ns"
                      xml:id="pba35-123740"
                      n="a-0660"
                      ecep:lem=";"
                      ecep:pos=";"
                      ecep:reg=";"
                      ecep:spe=";">;</pc>
               </l>
               <l n="7" xml:id="pba35-l06175">
                  <c> </c>
                  <w xmlns:ecep="http://www.eighteenthcenturypoetry.org/ns"
                     xml:id="pba35-123750"
                     n="a-0670"
                     ecep:lem="and"
                     ecep:pos="cc"
                     ecep:reg="And"
                     ecep:spe="And"
                     ecep:syllab="1"
                     ecep:pron="ænd">And</w>
                  <pc xmlns:ecep="http://www.eighteenthcenturypoetry.org/ns"
                      xml:id="pba35-123760"
                      n="a-0680"
                      ecep:lem=","
                      ecep:pos=","
                      ecep:reg=","
                      ecep:spe=",">,</pc>
                  <c> </c>
                  <w xmlns:ecep="http://www.eighteenthcenturypoetry.org/ns"
                     xml:id="pba35-123770"
                     n="a-0690"
                     ecep:lem="while"
                     ecep:pos="cs"
                     ecep:reg="while"
                     ecep:spe="whilst"
                     ecep:syllab="1"
                     ecep:pron="waɪlst">whilst</w>
                  <c> </c>
                  <w xmlns:ecep="http://www.eighteenthcenturypoetry.org/ns"
                     xml:id="pba35-123780"
                     n="a-0700"
                     ecep:lem="she"
                     ecep:pos="pns31"
                     ecep:reg="she"
                     ecep:spe="she"
                     ecep:syllab="1"
                     ecep:pron="ʃiː">she</w>
                  <c> </c>
                  <w xmlns:ecep="http://www.eighteenthcenturypoetry.org/ns"
                     xml:id="pba35-123790"
                     n="a-0710"
                     ecep:lem="gild"
                     ecep:pos="vvz"
                     ecep:reg="gilds"
                     ecep:spe="gilds"
                     ecep:syllab="1"
                     ecep:pron="gɪldz">gilds</w>
                  <c> </c>
                  <w xmlns:ecep="http://www.eighteenthcenturypoetry.org/ns"
                     xml:id="pba35-123800"
                     n="a-0720"
                     ecep:lem="the"
                     ecep:pos="dt"
                     ecep:reg="the"
                     ecep:spe="the"
                     ecep:syllab="1"
                     ecep:pron="ðiː">the</w>
                  <c> </c>
                  <w xmlns:ecep="http://www.eighteenthcenturypoetry.org/ns"
                     xml:id="pba35-123810"
                     n="a-0730"
                     ecep:lem="dismal"
                     ecep:pos="j"
                     ecep:reg="dismal"
                     ecep:spe="dismal"
                     ecep:syllab="2"
                     ecep:pron="ˈdɪzməl">dismal</w>
                  <c> </c>
                  <w xmlns:ecep="http://www.eighteenthcenturypoetry.org/ns"
                     xml:id="pba35-123820"
                     n="a-0740"
                     ecep:lem="gloom"
                     ecep:pos="n1"
                     ecep:reg="Gloom"
                     ecep:spe="Gloom"
                     ecep:syllab="1"
                     ecep:pron="gluːm">Gloom</w>
                  <pc xmlns:ecep="http://www.eighteenthcenturypoetry.org/ns"
                      xml:id="pba35-123830"
                      n="a-0750"
                      ecep:lem=","
                      ecep:pos=","
                      ecep:reg=","
                      ecep:spe=",">,</pc>
               </l>
               <l n="8" xml:id="pba35-l06180">
                  <c> </c>
                  <w xmlns:ecep="http://www.eighteenthcenturypoetry.org/ns"
                     xml:id="pba35-123840"
                     n="a-0760"
                     ecep:lem="the"
                     ecep:pos="dt"
                     ecep:reg="The"
                     ecep:spe="The"
                     ecep:syllab="1"
                     ecep:pron="ðiː">The</w>
                  <c> </c>
                  <w xmlns:ecep="http://www.eighteenthcenturypoetry.org/ns"
                     xml:id="pba35-123850"
                     n="a-0770"
                     ecep:lem="damn"
                     ecep:pos="j-vvn"
                     ecep:reg="Damned"
                     ecep:spe="Damn'd"
                     ecep:syllab="1"
                     ecep:pron="dæmd">Damn'd</w>
                  <c> </c>
                  <w xmlns:ecep="http://www.eighteenthcenturypoetry.org/ns"
                     xml:id="pba35-123860"
                     n="a-0780"
                     ecep:lem="awhile"
                     ecep:pos="av"
                     ecep:reg="awhile"
                     ecep:spe="a-while"
                     ecep:syllab="2"
                     ecep:pron="əˌˈwaɪl">a-while</w>
                  <c> </c>
                  <w xmlns:ecep="http://www.eighteenthcenturypoetry.org/ns"
                     xml:id="pba35-123870"
                     n="a-0790"
                     ecep:lem="forget"
                     ecep:pos="vvi"
                     ecep:reg="forget"
                     ecep:spe="forget"
                     ecep:syllab="2"
                     ecep:pron="fəˈget">forget</w>
                  <c> </c>
                  <w xmlns:ecep="http://www.eighteenthcenturypoetry.org/ns"
                     xml:id="pba35-123880"
                     n="a-0800"
                     ecep:lem="their"
                     ecep:pos="po32"
                     ecep:reg="their"
                     ecep:spe="their"
                     ecep:syllab="1"
                     ecep:pron="ðeə">their</w>
                  <c> </c>
                  <w xmlns:ecep="http://www.eighteenthcenturypoetry.org/ns"
                     xml:id="pba35-123890"
                     n="a-0810"
                     ecep:lem="doom"
                     ecep:pos="n1"
                     ecep:reg="Doom"
                     ecep:spe="Doom"
                     ecep:syllab="1"
                     ecep:pron="duːm">Doom</w>
                  <pc xmlns:ecep="http://www.eighteenthcenturypoetry.org/ns"
                      xml:id="pba35-123900"
                      n="a-0820"
                      ecep:lem=";"
                      ecep:pos=";"
                      ecep:reg=";"
                      ecep:spe=";">;</pc>
               </l>
               <l n="9" xml:id="pba35-l06185">
                  <c> </c>
                  <w xmlns:ecep="http://www.eighteenthcenturypoetry.org/ns"
                     xml:id="pba35-123910"
                     n="a-0830"
                     ecep:lem="the"
                     ecep:pos="dt"
                     ecep:reg="The"
                     ecep:spe="The"
                     ecep:syllab="1"
                     ecep:pron="ðiː">The</w>
                  <c> </c>
                  <hi>
                     <w xmlns:ecep="http://www.eighteenthcenturypoetry.org/ns"
                        xml:id="pba35-123920"
                        n="a-0840"
                        ecep:lem="danaid"
                        ecep:pos="fw-la"
                        ecep:reg="Danaids"
                        ecep:spe="Danaids"
                        ecep:syllab="2"
                        ecep:pron="ˈdæneɪɪdz">Danaids</w>
                  </hi>
                  <c> </c>
                  <w xmlns:ecep="http://www.eighteenthcenturypoetry.org/ns"
                     xml:id="pba35-123930"
                     n="a-0850"
                     ecep:lem="no"
                     ecep:pos="dx"
                     ecep:reg="no"
                     ecep:spe="no"
                     ecep:syllab="1"
                     ecep:pron="nəʊ">no</w>
                  <c> </c>
                  <w xmlns:ecep="http://www.eighteenthcenturypoetry.org/ns"
                     xml:id="pba35-123940"
                     n="a-0860"
                     ecep:lem="long"
                     ecep:pos="av-jc"
                     ecep:reg="longer"
                     ecep:spe="longer"
                     ecep:syllab="2"
                     ecep:pron="lɒŋgə">longer</w>
                  <c> </c>
                  <w xmlns:ecep="http://www.eighteenthcenturypoetry.org/ns"
                     xml:id="pba35-123950"
                     n="a-0870"
                     ecep:lem="fill"
                     ecep:pos="vvi"
                     ecep:reg="fill"
                     ecep:spe="fill"
                     ecep:syllab="1"
                     ecep:pron="fɪl">fill</w>
                  <pc xmlns:ecep="http://www.eighteenthcenturypoetry.org/ns"
                      xml:id="pba35-123960"
                      n="a-0880"
                      ecep:lem=";"
                      ecep:pos=";"
                      ecep:reg=";"
                      ecep:spe=";">;</pc>
               </l>
               <l n="10" xml:id="pba35-l06190">
                  <c> </c>
                  <w xmlns:ecep="http://www.eighteenthcenturypoetry.org/ns"
                     xml:id="pba35-123970"
                     n="a-0890"
                     ecep:lem="and"
                     ecep:pos="cc"
                     ecep:reg="And"
                     ecep:spe="And"
                     ecep:syllab="1"
                     ecep:pron="ænd">And</w>
                  <c> </c>
                  <hi>
                     <w xmlns:ecep="http://www.eighteenthcenturypoetry.org/ns"
                        xml:id="pba35-123980"
                        n="a-0900"
                        rend="plain_apostrophe"
                        ecep:lem="sisyphus"
                        ecep:pos="npg1"
                        ecep:reg="Sisyphus's"
                        ecep:spe="Sisyphus's"
                        ecep:syllab="3"
                        ecep:pron="ˈsɪsɪfəsz">Sisyphus's</w>
                  </hi>
                  <c> </c>
                  <w xmlns:ecep="http://www.eighteenthcenturypoetry.org/ns"
                     xml:id="pba35-123990"
                     n="a-0910"
                     ecep:lem="stone"
                     ecep:pos="n1"
                     ecep:reg="Stone"
                     ecep:spe="Stone"
                     ecep:syllab="1"
                     ecep:pron="stəʊn">Stone</w>
                  <c> </c>
                  <w xmlns:ecep="http://www.eighteenthcenturypoetry.org/ns"
                     xml:id="pba35-124000"
                     n="a-0920"
                     ecep:lem="stand"
                     ecep:pos="vvd"
                     ecep:reg="stood"
                     ecep:spe="stood"
                     ecep:syllab="1"
                     ecep:pron="stʊd">stood</w>
                  <c> </c>
                  <w xmlns:ecep="http://www.eighteenthcenturypoetry.org/ns"
                     xml:id="pba35-124010"
                     n="a-0930"
                     ecep:lem="still"
                     ecep:pos="av"
                     ecep:reg="still"
                     ecep:spe="still"
                     ecep:syllab="1"
                     ecep:pron="stɪl">still</w>
                  <pc xmlns:ecep="http://www.eighteenthcenturypoetry.org/ns"
                      xml:id="pba35-124020"
                      n="a-0940"
                      ecep:lem=";"
                      ecep:pos=";"
                      ecep:reg=";"
                      ecep:spe=";">;</pc>
               </l>
               <l n="11" xml:id="pba35-l06195">
                  <c> </c>
                  <hi>
                     <w xmlns:ecep="http://www.eighteenthcenturypoetry.org/ns"
                        xml:id="pba35-124030"
                        n="a-0010"
                        ecep:lem="Ixion"
                        ecep:pos="np1"
                        ecep:reg="Ixion"
                        ecep:spe="Ixion"
                        ecep:syllab="3"
                        ecep:pron="ˈɪkʃən">Ixion</w>
                  </hi>
                  <c> </c>
                  <w xmlns:ecep="http://www.eighteenthcenturypoetry.org/ns"
                     xml:id="pba35-124040"
                     n="a-0020"
                     ecep:lem="wonder"
                     ecep:pos="vvz"
                     ecep:reg="wonders"
                     ecep:spe="wonders"
                     ecep:syllab="2"
                     ecep:pron="ˈwʌndəz">wonders</w>
                  <c> </c>
                  <w xmlns:ecep="http://www.eighteenthcenturypoetry.org/ns"
                     xml:id="pba35-124050"
                     n="a-0030"
                     ecep:lem="why"
                     ecep:pos="c-crq"
                     ecep:reg="why"
                     ecep:spe="why"
                     ecep:syllab="1"
                     ecep:pron="waɪ">why</w>
                  <c> </c>
                  <w xmlns:ecep="http://www.eighteenthcenturypoetry.org/ns"
                     xml:id="pba35-124060"
                     n="a-0040"
                     ecep:lem="he"
                     ecep:pos="pns31"
                     ecep:reg="he"
                     ecep:spe="he"
                     ecep:syllab="1"
                     ecep:pron="hiː">he</w>
                  <c> </c>
                  <w xmlns:ecep="http://www.eighteenthcenturypoetry.org/ns"
                     xml:id="pba35-124070"
                     n="a-0050"
                     ecep:lem="strive"
                     ecep:pos="vvd"
                     ecep:reg="strove"
                     ecep:spe="strove"
                     ecep:syllab="1"
                     ecep:pron="strəʊv">strove</w>
                  <pc xmlns:ecep="http://www.eighteenthcenturypoetry.org/ns"
                      xml:id="pba35-124080"
                      n="a-0060"
                      ecep:lem=","
                      ecep:pos=","
                      ecep:reg=","
                      ecep:spe=",">,</pc>
               </l>
               <l n="12" xml:id="pba35-l06200">
                  <c> </c>
                  <w xmlns:ecep="http://www.eighteenthcenturypoetry.org/ns"
                     xml:id="pba35-124090"
                     n="a-0070"
                     ecep:lem="with"
                     ecep:pos="p-acp"
                     ecep:reg="With"
                     ecep:spe="With"
                     ecep:syllab="1"
                     ecep:pron="wɪð">With</w>
                  <c> </c>
                  <w xmlns:ecep="http://www.eighteenthcenturypoetry.org/ns"
                     xml:id="pba35-124100"
                     n="a-0080"
                     ecep:lem="impious"
                     ecep:pos="j"
                     ecep:reg="impious"
                     ecep:spe="impious"
                     ecep:syllab="3"
                     ecep:pron="ˈɪmpiəs">impious</w>
                  <c> </c>
                  <w xmlns:ecep="http://www.eighteenthcenturypoetry.org/ns"
                     xml:id="pba35-124110"
                     n="a-0090"
                     ecep:lem="art"
                     ecep:pos="n2"
                     ecep:reg="Arts"
                     ecep:spe="Arts"
                     ecep:syllab="1"
                     ecep:pron="ɑːts">Arts</w>
                  <pc xmlns:ecep="http://www.eighteenthcenturypoetry.org/ns"
                      xml:id="pba35-124120"
                      n="a-0100"
                      ecep:lem=","
                      ecep:pos=","
                      ecep:reg=","
                      ecep:spe=",">,</pc>
                  <c> </c>
                  <w xmlns:ecep="http://www.eighteenthcenturypoetry.org/ns"
                     xml:id="pba35-124130"
                     n="a-0110"
                     ecep:lem="to"
                     ecep:pos="p-acp"
                     ecep:reg="to"
                     ecep:spe="to"
                     ecep:syllab="1"
                     ecep:pron="tuː">to</w>
                  <c> </c>
                  <w xmlns:ecep="http://www.eighteenthcenturypoetry.org/ns"
                     xml:id="pba35-124140"
                     n="a-0120"
                     ecep:lem="rival"
                     ecep:pos="n1"
                     ecep:reg="rival"
                     ecep:spe="rival"
                     ecep:syllab="2"
                     ecep:pron="ˈraɪvl">rival</w>
                  <c> </c>
                  <hi>
                     <w xmlns:ecep="http://www.eighteenthcenturypoetry.org/ns"
                        xml:id="pba35-124150"
                        n="a-0130"
                        ecep:lem="Jove"
                        ecep:pos="np1"
                        ecep:reg="Jove"
                        ecep:spe="Jove"
                        ecep:syllab="1"
                        ecep:pron="ˈdʒəʊv">Jove</w>
                  </hi>
                  <pc xmlns:ecep="http://www.eighteenthcenturypoetry.org/ns"
                      xml:id="pba35-124160"
                      n="a-0140"
                      ecep:lem=";"
                      ecep:pos=";"
                      ecep:reg=";"
                      ecep:spe=";">;</pc>
               </l>
               <l n="13" xml:id="pba35-l06205">
                  <c> </c>
                  <w xmlns:ecep="http://www.eighteenthcenturypoetry.org/ns"
                     xml:id="pba35-124170"
                     n="a-0150"
                     ecep:lem="grim"
                     ecep:pos="j"
                     ecep:reg="Grim"
                     ecep:spe="Grim"
                     ecep:syllab="1"
                     ecep:pron="grɪm">Grim</w>
                  <c> </c>
                  <hi>
                     <w xmlns:ecep="http://www.eighteenthcenturypoetry.org/ns"
                        xml:id="pba35-124180"
                        n="a-0160"
                        ecep:lem="Pluto"
                        ecep:pos="np1"
                        ecep:reg="Pluto"
                        ecep:spe="Pluto"
                        ecep:syllab="2"
                        ecep:pron="ˈpluːtəʊ">Pluto</w>
                  </hi>
                  <c> </c>
                  <w xmlns:ecep="http://www.eighteenthcenturypoetry.org/ns"
                     xml:id="pba35-124190"
                     n="a-0170"
                     ecep:lem="smile"
                     ecep:pos="vvd"
                     ecep:reg="smiled"
                     ecep:spe="smil'd"
                     ecep:syllab="1"
                     ecep:pron="smaɪld">smil'd</w>
                  <pc xmlns:ecep="http://www.eighteenthcenturypoetry.org/ns"
                      xml:id="pba35-124200"
                      n="a-0180"
                      ecep:lem=";"
                      ecep:pos=";"
                      ecep:reg=";"
                      ecep:spe=";">;</pc>
                  <c> </c>
                  <w xmlns:ecep="http://www.eighteenthcenturypoetry.org/ns"
                     xml:id="pba35-124210"
                     n="a-0190"
                     ecep:lem="all"
                     ecep:pos="d"
                     ecep:reg="all"
                     ecep:spe="all"
                     ecep:syllab="1"
                     ecep:pron="ɔːl">all</w>
                  <c> </c>
                  <w xmlns:ecep="http://www.eighteenthcenturypoetry.org/ns"
                     xml:id="pba35-124220"
                     n="a-0200"
                     ecep:lem="hell"
                     ecep:pos="n1"
                     ecep:reg="Hell"
                     ecep:spe="Hell"
                     ecep:syllab="1"
                     ecep:pron="hel">Hell</w>
                  <c> </c>
                  <w xmlns:ecep="http://www.eighteenthcenturypoetry.org/ns"
                     xml:id="pba35-124230"
                     n="a-0210"
                     ecep:lem="look"
                     ecep:pos="vvd"
                     ecep:reg="looked"
                     ecep:spe="look'd"
                     ecep:syllab="1"
                     ecep:pron="lʊkt">look'd</w>
                  <c> </c>
                  <w xmlns:ecep="http://www.eighteenthcenturypoetry.org/ns"
                     xml:id="pba35-124240"
                     n="a-0220"
                     ecep:lem="gay"
                     ecep:pos="j"
                     ecep:reg="gay"
                     ecep:spe="gay"
                     ecep:syllab="1"
                     ecep:pron="geɪ">gay</w>
                  <pc xmlns:ecep="http://www.eighteenthcenturypoetry.org/ns"
                      xml:id="pba35-124250"
                      n="a-0230"
                      ecep:lem=";"
                      ecep:pos=";"
                      ecep:reg=";"
                      ecep:spe=";">;</pc>
               </l>
               <l n="14" xml:id="pba35-l06210">
                  <c> </c>
                  <w xmlns:ecep="http://www.eighteenthcenturypoetry.org/ns"
                     xml:id="pba35-124260"
                     n="a-0240"
                     ecep:lem="happy"
                     ecep:pos="j"
                     ecep:reg="Happy"
                     ecep:spe="Happy"
                     ecep:syllab="2"
                     ecep:pron="ˈhæpi">Happy</w>
                  <pc xmlns:ecep="http://www.eighteenthcenturypoetry.org/ns"
                      xml:id="pba35-124270"
                      n="a-0250"
                      ecep:lem=","
                      ecep:pos=","
                      ecep:reg=","
                      ecep:spe=",">,</pc>
                  <c> </c>
                  <w xmlns:ecep="http://www.eighteenthcenturypoetry.org/ns"
                     xml:id="pba35-124280"
                     n="a-0260"
                     ecep:lem="as"
                     ecep:pos="c-acp"
                     ecep:reg="as"
                     ecep:spe="as"
                     ecep:syllab="1"
                     ecep:pron="æz">as</w>
                  <c> </c>
                  <w xmlns:ecep="http://www.eighteenthcenturypoetry.org/ns"
                     xml:id="pba35-124290"
                     n="a-0270"
                     ecep:lem="we"
                     ecep:pos="pns12"
                     ecep:reg="we"
                     ecep:spe="we"
                     ecep:syllab="1"
                     ecep:pron="wiː">we</w>
                  <c> </c>
                  <w xmlns:ecep="http://www.eighteenthcenturypoetry.org/ns"
                     xml:id="pba35-124300"
                     n="a-0280"
                     ecep:lem="be"
                     ecep:pos="vbdr"
                     ecep:reg="were"
                     ecep:spe="were"
                     ecep:syllab="1"
                     ecep:pron="wɜː">were</w>
                  <c> </c>
                  <w xmlns:ecep="http://www.eighteenthcenturypoetry.org/ns"
                     xml:id="pba35-124310"
                     n="a-0290"
                     ecep:lem="yesterday"
                     ecep:pos="av-an"
                     ecep:reg="Yesterday"
                     ecep:spe="Yesterday"
                     ecep:syllab="3"
                     ecep:pron="ˈjestədeɪ">Yesterday</w>
                  <pc xmlns:ecep="http://www.eighteenthcenturypoetry.org/ns"
                      xml:id="pba35-124320"
                      n="a-0300"
                      unit="sentence"
                      ecep:lem="."
                      ecep:pos="."
                      ecep:reg="."
                      ecep:spe=".">.</pc>
                  <c> </c>
               </l>
            </lg>
         </div>
      </body>
   </text>
</TEI>
